canonical_smiles,scaffold,subset,label_type,source_library,has_bioactivity_label,pActivity,target_arm,benchmark_ref,molecule_chembl_id
Cc1ccc(Nc2cncc(-c3ccc(C(=O)O)c(O)c3)c2)cc1Cl,c1ccc(Nc2cncc(-c3ccccc3)c2)cc1,C,slc22_fps_neighbor,urat1_curated.csv,True,4.29,URAT1,,CHEMBL5558135
O=S(=O)(O)CC(S)CSSCC(S)S(=O)(=O)O,,C,slc22_fps_neighbor,oat_combined_transfer.csv,True,4.18,OAT1,,CHEMBL2074703
Brc1ccc(Cn2c(Br)nnc2SCc2nnn[n-]2)c2ccccc12.[Na+],c1ccc2c(Cn3cnnc3SCc3nnn[n-]3)cccc2c1,C,slc22_fps_neighbor,urat1_curated.csv,True,5.49,URAT1,,CHEMBL4560122
CCCn1c(=O)c2nc(C34CC5CC(CC3C5)C4)[nH]c2n(CCC)c1=O,O=c1[nH]c(=O)c2nc(C34CC5CC(CC3C5)C4)[nH]c2[nH]1,C,slc22_fps_neighbor,oat_combined_transfer.csv,True,5.11,OAT1,,CHEMBL52333
N#Cc1ccccc1NS(=O)(=O)c1ccccc1C(F)(F)F,O=S(=O)(Nc1ccccc1)c1ccccc1,C,slc22_fps_neighbor,urat1_curated.csv,True,6.21,URAT1,,CHEMBL3935920
O=C(O)/C=C/Cc1cccc2c1OC(c1ccsc1)CC2=O,O=C1CC(c2ccsc2)Oc2ccccc21,C,slc22_fps_neighbor,urat1_curated.csv,True,5.45,URAT1,,CHEMBL5618105
CCCCCCCC(=O)O,,C,slc22_fps_neighbor,oat_combined_transfer.csv,True,5.27,OAT1,,CHEMBL324846
Nc1ccn(C[C@@H](CO)OCP(=O)(O)O)c(=O)n1.O.O,O=c1nccc[nH]1,C,slc22_fps_neighbor,oat_combined_transfer.csv,True,4.22,OAT1,,CHEMBL5314375
CN/C(=N\CCSCc1nc[nH]c1C)NC#N,c1c[nH]cn1,C,slc22_fps_neighbor,oat_combined_transfer.csv,True,4.155,OAT3,,CHEMBL30
CC(=O)Oc1c[nH]c2ccccc12,c1ccc2[nH]ccc2c1,C,slc22_fps_neighbor,oat_combined_transfer.csv,True,4.08,OAT1,,CHEMBL2074590
COc1c(O)cc2oc3cc(O)c(CC=C(C)C)c(O)c3c(=O)c2c1CC=C(C)C,O=c1c2ccccc2oc2ccccc12,C,slc22_fps_neighbor,urat1_curated.csv,True,4.23,URAT1,,CHEMBL323197
Cc1nn(Cc2c(Cl)cccc2Cl)c2cc(Cc3n[nH]c(=S)o3)ccc12,S=c1[nH]nc(Cc2ccc3cnn(Cc4ccccc4)c3c2)o1,C,slc22_fps_neighbor,urat1_curated.csv,True,8.0,URAT1,,CHEMBL3692028
O=C(O)C1(Sc2ccnc3cc(Br)ccc23)CCC1,c1ccc2c(SC3CCC3)ccnc2c1,C,slc22_fps_neighbor,urat1_curated.csv,True,6.89,URAT1,,CHEMBL3745847
O=C(O)Cn1c(=O)c(=O)[nH]c2cc([N+](=O)[O-])c(-n3ccnc3)cc21,O=c1[nH]c2ccc(-n3ccnc3)cc2[nH]c1=O,C,slc22_fps_neighbor,oat_combined_transfer.csv,True,5.52,OAT1,,CHEMBL119625
CC[C@H](C)C(=O)O[C@H]1C[C@H](O)C=C2C=C[C@H](C)[C@H](CC[C@@H](O)C[C@@H](O)CC(=O)O)[C@H]21,C1=CC2=CCCCC2CC1,C,slc22_fps_neighbor,oat_combined_transfer.csv,True,4.86,OAT3,,CHEMBL1144
O=C1C(CC[S+]([O-])c2ccccc2)C(=O)N(c2ccccc2)N1c1ccccc1,O=C1C(CC[SH+]c2ccccc2)C(=O)N(c2ccccc2)N1c1ccccc1,C,slc22_fps_neighbor,urat1_curated.csv,True,4.0,URAT1,,CHEMBL832
C=Cc1c(C)c(O)cc2c1-c1ccc(O)c(C)c1CC2,c1ccc2c(c1)CCc1ccccc1-2,C,slc22_fps_neighbor,oat_combined_transfer.csv,True,5.19,OAT3,,CHEMBL38650
CSc1nc(O)c(C(=O)Nc2c(F)cc(-c3c[nH]nn3)cc2F)c(=O)[nH]1,O=C(Nc1ccc(-c2c[nH]nn2)cc1)c1cnc[nH]c1=O,C,slc22_fps_neighbor,urat1_curated.csv,True,4.7,URAT1,,CHEMBL5795784
CC(C)(C)c1ccc(S(=O)(=O)NC(=O)CSc2nc3sccc3c(=O)n2-c2ccc(C3CC3)c3ccccc23)cc1,O=C(CSc1nc2sccc2c(=O)n1-c1ccc(C2CC2)c2ccccc12)NS(=O)(=O)c1ccccc1,C,slc22_fps_neighbor,urat1_curated.csv,True,4.87,URAT1,,CHEMBL5272958
O=C(c1ccc(O)cc1)n1ccc2cccnc21,O=C(c1ccccc1)n1ccc2cccnc21,C,slc22_fps_neighbor,urat1_curated.csv,True,5.76,URAT1,,CHEMBL5395589
Nc1[nH]ncc1-c1cc(Cl)ccc1Oc1cc(F)c(S(=O)(=O)Nc2cscn2)cc1Cl,O=S(=O)(Nc1cscn1)c1ccc(Oc2ccccc2-c2cn[nH]c2)cc1,C,slc22_fps_neighbor,urat1_curated.csv,True,5.46,URAT1,,CHEMBL2325014
CC1=C2C(=CO[C@H](C)[C@H]2C)C(O)=C(C(=O)O)C1=O,O=C1C=CC2=COCCC2=C1,C,slc22_fps_neighbor,oat_combined_transfer.csv,True,4.81,OAT3,,CHEMBL510139
CCN1CCN(C(=O)N[C@@H](C(=O)N[C@@H]2C(=O)N3C(C(=O)O)=C(CSc4nnnn4C)CS[C@H]23)c2ccc(O)cc2)C(=O)C1=O,O=C1NCCN(C(=O)NC(C(=O)NC2C(=O)N3C=C(CSc4nnn[nH]4)CSC23)c2ccccc2)C1=O,C,slc22_fps_neighbor,oat_combined_transfer.csv,True,6.68,OAT1,,CHEMBL507674
CCC(CC)(Sc1ccc2cnsc2c1-c1ccc(C#N)cc1)C(=O)O,c1ccc(-c2cccc3cnsc23)cc1,C,slc22_fps_neighbor,urat1_curated.csv,True,7.68,URAT1,,CHEMBL5937449
CC(=O)NC(CSCC1=CC=C2C=Cc3cccc4c3C2C1=CC4)C(=O)O,C1=CC2=CCc3cccc4c3C2C(=C1)C=C4,C,slc22_fps_neighbor,oat_combined_transfer.csv,True,4.84,OAT1,,CHEMBL1778337
C[C@]12CCCN1CC1=NNC(=O)c3cc(F)cc4[nH]c2c1c34,O=C1NN=C2CN3CCCC3c3[nH]c4cccc1c4c32,C,slc22_fps_neighbor,oat_combined_transfer.csv,True,4.32,OAT1,,CHEMBL4112930
C#CC1(N(COP(=O)([O-])[O-])C(=O)C(=O)c2c(C)c(C(=O)Nc3ccc(F)c(C#N)c3)n(C)c2C)COC1.[Na+].[Na+],O=C(NC1COC1)C(=O)c1c[nH]c(C(=O)Nc2ccccc2)c1,C,slc22_fps_neighbor,oat_combined_transfer.csv,True,4.97,OAT1,,CHEMBL6147593
O/N=C(\Cc1ccc(Br)cc1)c1ccc(O)cc1O,N=C(Cc1ccccc1)c1ccccc1,C,slc22_fps_neighbor,urat1_curated.csv,True,6.84,URAT1,,CHEMBL6133706
COc1c(F)c(F)cc(-c2c(C(=O)O)sc3cc(F)ccc23)c1F,c1ccc(-c2csc3ccccc23)cc1,C,slc22_fps_neighbor,oat_combined_transfer.csv,True,5.48,OAT1,,CHEMBL6143249
Cc1cc(-c2nnn(C[C@H]3CC[C@H](C(=O)O)CC3)n2)cc(C(=O)NCc2ccc(F)cc2)n1,O=C(NCc1ccccc1)c1cc(-c2nnn(CC3CCCCC3)n2)ccn1,C,slc22_fps_neighbor,oat_combined_transfer.csv,True,5.22,OAT3,,CHEMBL603656
COc1cccc(-c2cnccc2NS(C)(=O)=O)c1,c1ccc(-c2cccnc2)cc1,C,slc22_fps_neighbor,urat1_curated.csv,True,5.01,URAT1,,CHEMBL4060192
Cn1c(=O)n(Cc2ccc(C(=O)O)cc2)c(=O)c2cc(C#CCc3ccccc3)ccc21,O=c1[nH]c2ccc(C#CCc3ccccc3)cc2c(=O)n1Cc1ccccc1,C,slc22_fps_neighbor,oat_combined_transfer.csv,True,4.75,OAT3,,CHEMBL496942
CNc1c(Br)cc(-c2sc(-n3cnnc3SC(C)(C)C(=O)O)c3c2CCCC3)cc1Br,c1ccc(-c2sc(-n3cnnc3)c3c2CCCC3)cc1,C,slc22_fps_neighbor,urat1_curated.csv,True,5.56,URAT1,,CHEMBL5818142
Nc1ccc(C(=O)NCC(=O)O)cc1,c1ccccc1,C,slc22_fps_neighbor,oat_combined_transfer.csv,True,5.22,OAT1,,CHEMBL463
CSc1cc(C(=O)N2CS(=O)(=O)c3ccccc32)cc(Cl)c1O,O=C(c1ccccc1)N1CS(=O)(=O)c2ccccc21,C,slc22_fps_neighbor,urat1_curated.csv,True,5.24,URAT1,,CHEMBL4760971
N#Cc1cc(-n2cnc(C(=O)O)c2)ccc1N1CCCCCC1,c1cn(-c2ccc(N3CCCCCC3)cc2)cn1,C,slc22_fps_neighbor,urat1_curated.csv,True,4.97,URAT1,,CHEMBL6148570
CCc1cc2c(C(=O)c3cc(Br)c(O)c(Br)c3)cc(Br)c(O)c2o1,O=C(c1ccccc1)c1cccc2occc12,C,slc22_fps_neighbor,urat1_curated.csv,True,6.75,URAT1,,CHEMBL1767114
N#Cc1ccc(Oc2cnccc2SCCCCCC(=O)[O-])c2ccccc12.[Na+],c1cncc(Oc2cccc3ccccc23)c1,C,slc22_fps_neighbor,urat1_curated.csv,True,5.32,URAT1,,CHEMBL5207943
CC(C)(C)C(=O)OCOP(=O)(COCCn1cnc2c(N)ncnc21)OCOC(=O)C(C)(C)C,c1ncc2nc[nH]c2n1,C,slc22_fps_neighbor,oat_combined_transfer.csv,True,4.87,OAT1,,CHEMBL922
Cc1cccc(C)c1COc1cccc(CCc2nnn[nH]2)c1,c1ccc(COc2cccc(CCc3nnn[nH]3)c2)cc1,C,slc22_fps_neighbor,urat1_curated.csv,True,6.13,URAT1,,CHEMBL3702599
COc1cc(-c2ccc3nccc(C(=O)N4CCC[C@H]4CNS(=O)(=O)C(F)(F)F)c3c2)ccn1,O=C(c1ccnc2ccc(-c3ccncc3)cc12)N1CCCC1,C,slc22_fps_neighbor,urat1_curated.csv,True,5.83,URAT1,,CHEMBL5567713
N[C@@H](CSc1nc2ccccc2s1)C(=O)O,c1ccc2scnc2c1,C,slc22_fps_neighbor,oat_combined_transfer.csv,True,5.0,OAT1,,CHEMBL2074983
O=C1NC(=S)NC(=O)C1C(=O)Nc1ccccc1,O=C1NC(=S)NC(=O)C1C(=O)Nc1ccccc1,C,slc22_fps_neighbor,urat1_curated.csv,True,5.27,URAT1,,CHEMBL1765797
O=C(Nc1ccccc1C(=O)O)c1cc(-c2cccc(C(F)(F)F)c2)n(Cc2ccccn2)n1,O=C(Nc1ccccc1)c1cc(-c2ccccc2)n(Cc2ccccn2)n1,C,slc22_fps_neighbor,urat1_curated.csv,True,5.48,URAT1,,CHEMBL6191680
CC(C)(Oc1ccc(C(=O)c2ccc(Cl)cc2)cc1)C(=O)O,O=C(c1ccccc1)c1ccccc1,C,slc22_fps_neighbor,urat1_curated.csv,True,4.96,URAT1,,CHEMBL981
CC(C)Cc1ccc(C(C)C(=O)O)cc1,c1ccccc1,C,slc22_fps_neighbor,oat_combined_transfer.csv,True,5.1,OAT1,,CHEMBL521
CCc1cccc2c3c([nH]c12)C(CC)(CC(=O)O)OCC3,c1ccc2c3c([nH]c2c1)COCC3,C,slc22_fps_neighbor,oat_combined_transfer.csv,True,4.3,OAT1,,CHEMBL622
C/C(=C\C(=O)O)c1ccc2cncc(-c3ccc([N+](=O)[O-])cc3)c2c1,c1ccc(-c2cncc3ccccc23)cc1,C,slc22_fps_neighbor,urat1_curated.csv,True,6.72,URAT1,,CHEMBL5927386
O=C(O)CCc1cc2cccc(Cc3c(Cl)cccc3Cl)c2s1,c1ccc(Cc2cccc3ccsc23)cc1,C,slc22_fps_neighbor,urat1_curated.csv,True,5.62,URAT1,,CHEMBL5748292
Cc1cccc(C)c1CN1CC(C)(C)c2ccc(CC(=O)O)cc21,c1ccc(CN2CCc3ccccc32)cc1,C,slc22_fps_neighbor,urat1_curated.csv,True,7.75,URAT1,,CHEMBL3691993
CC(Sc1nnc(Br)n1-c1cc(Cl)c(C2CC2)s1)C(=O)O,c1cc(-n2cnnc2)sc1C1CC1,C,slc22_fps_neighbor,urat1_curated.csv,True,5.56,URAT1,,CHEMBL5818250
CN1C(C(=O)Nc2ccccn2)=C(O)c2ccccc2S1(=O)=O,O=C(Nc1ccccn1)C1=Cc2ccccc2S(=O)(=O)N1,C,slc22_fps_neighbor,oat_combined_transfer.csv,True,4.695,OAT1,,CHEMBL527
C[C@H]1[C@H](c2ccc(O)c(O)c2)c2cc(O)c(O)cc2C[C@H]1C,c1ccc(C2CCCc3ccccc32)cc1,C,slc22_fps_neighbor,urat1_curated.csv,True,4.73,URAT1,,CHEMBL485254
Cc1c(C)n(C(=O)c2ccc(O)c(C#N)c2)c2ccccc12,O=C(c1ccccc1)n1ccc2ccccc21,C,slc22_fps_neighbor,urat1_curated.csv,True,4.97,URAT1,,CHEMBL4781629
Cn1ccc(NS(=O)(=O)c2ccc(Oc3ccc(C#N)c(Cl)c3)c(C#N)c2)n1,O=S(=O)(Nc1cc[nH]n1)c1ccc(Oc2ccccc2)cc1,C,slc22_fps_neighbor,urat1_curated.csv,True,5.47,URAT1,,CHEMBL3921527
CC(C)(Sc1ccncc1C(=O)N1CCOc2ccccc21)C(=O)O,O=C(c1cccnc1)N1CCOc2ccccc21,C,slc22_fps_neighbor,urat1_curated.csv,True,4.81,URAT1,,CHEMBL5272326
O=C(O)CCCN(c1cccc(F)c1)c1ccnc2ccc(F)cc12,c1ccc(Nc2ccnc3ccccc23)cc1,C,slc22_fps_neighbor,urat1_curated.csv,True,5.8,URAT1,,CHEMBL6161793
COc1ccc(/C=C\c2cc(OC)c(OC)c(OC)c2)cc1O,C(=Cc1ccccc1)c1ccccc1,C,slc22_fps_neighbor,oat_combined_transfer.csv,True,4.38,OAT1,,CHEMBL67
O=c1oc2c(O)c(O)cc3c(=O)oc4c(O)c(O)cc1c4c23,O=c1oc2cccc3c(=O)oc4cccc1c4c23,C,slc22_fps_neighbor,oat_combined_transfer.csv,True,6.57,OAT1,,CHEMBL6246
CCCN(CCC)S(=O)(=O)c1ccc(C(=O)O)cc1,c1ccccc1,C,slc22_fps_neighbor,urat1_curated.csv,True,4.3,URAT1,,CHEMBL897
N#Cc1cc(-c2ccc(C(=O)O)cc2)c2occc2c1,c1ccc(-c2cccc3ccoc23)cc1,C,slc22_fps_neighbor,urat1_curated.csv,True,6.22,URAT1,,CHEMBL5597556
CC1(C)S[C@@H]2[C@H](NC(=O)Cc3ccccc3)C(=O)N2[C@H]1C(=O)O,O=C(Cc1ccccc1)NC1C(=O)N2CCSC12,C,slc22_fps_neighbor,oat_combined_transfer.csv,True,4.01,OAT3,,CHEMBL29
O=C(O)CC1(CSc2ccncc2C2=CC=C(CO)CC2)CC1,C1=CCCC(c2cnccc2SCC2CC2)=C1,C,slc22_fps_neighbor,urat1_curated.csv,True,6.26,URAT1,,CHEMBL5904092
O=C(Nc1ccc(O)c(CO)c1)c1c(O)[nH]c(=O)[nH]c1=O,O=C(Nc1ccccc1)c1c[nH]c(=O)[nH]c1=O,C,slc22_fps_neighbor,urat1_curated.csv,True,5.14,URAT1,,CHEMBL5761311
Cc1ccc(C)c(Cn2nc(C)c3ncc(-c4nnn[nH]4)cc32)c1,c1ccc(Cn2ncc3ncc(-c4nnn[nH]4)cc32)cc1,C,slc22_fps_neighbor,urat1_curated.csv,True,6.95,URAT1,,CHEMBL3692046
O=C(O)c1ccccc1-c1ccccc1-c1nc(-c2ccncc2Cl)no1,c1ccc(-c2ccccc2-c2nc(-c3ccncc3)no2)cc1,C,slc22_fps_neighbor,urat1_curated.csv,True,6.77,URAT1,,CHEMBL6145405
O=C(O)CC(O)CC(=O)O,,C,slc22_fps_neighbor,oat_combined_transfer.csv,True,4.01,OAT1,,CHEMBL556937
COc1ccc2c(c1)nc(SC(C)(C)C(=O)O)n2-c1ccc(C#N)c2ccccc12,c1ccc2c(-n3cnc4ccccc43)cccc2c1,C,slc22_fps_neighbor,urat1_curated.csv,True,5.1,URAT1,,CHEMBL5980930
CCc1oc2cc(OC)ccc2c1C(=O)c1ccc(O)cc1,O=C(c1ccccc1)c1coc2ccccc12,C,slc22_fps_neighbor,urat1_curated.csv,True,5.41,URAT1,,CHEMBL1767097
O=C(O)CCSc1nc2c(c(Nc3ccc(C4CC4)c4ccccc34)n1)CCC2,c1ccc2c(C3CC3)ccc(Nc3ncnc4c3CCC4)c2c1,C,slc22_fps_neighbor,urat1_curated.csv,True,5.43,URAT1,,CHEMBL5570059
COc1ccc(CNC(=O)c2cc3c(=O)n(Cc4ccc(C(=O)O)cc4)cnc3cn2)cc1,O=C(NCc1ccccc1)c1cc2c(=O)n(Cc3ccccc3)cnc2cn1,C,slc22_fps_neighbor,oat_combined_transfer.csv,True,4.23,OAT3,,CHEMBL270050
[C-]#[N+]c1ccc(-c2c(SC(C)(C)C(=O)O)ccc3ncccc23)cc1,c1ccc(-c2cccc3ncccc23)cc1,C,slc22_fps_neighbor,urat1_curated.csv,True,5.46,URAT1,,CHEMBL5798262
O=C(O)c1cc(-c2ccc(F)cc2F)ccc1O,c1ccc(-c2ccccc2)cc1,C,slc22_fps_neighbor,oat_combined_transfer.csv,True,6.07,OAT1,,CHEMBL898
O=c1c(O)c(-c2ccc(O)cc2O)oc2cc(O)cc(O)c12,O=c1cc(-c2ccccc2)oc2ccccc12,C,slc22_fps_neighbor,urat1_curated.csv,True,5.7,URAT1,,CHEMBL28626
O=C(O)c1ccccc1-c1ccccc1C(=O)N1CCCc2ccccc21,O=C(c1ccccc1-c1ccccc1)N1CCCc2ccccc21,C,slc22_fps_neighbor,urat1_curated.csv,True,6.03,URAT1,,CHEMBL6147226
C[C@@H](Cc1cc2cncc(-c3ccc(C#N)c4ccccc34)c2s1)C(=O)O,c1ccc2c(-c3cncc4ccsc34)cccc2c1,C,slc22_fps_neighbor,urat1_curated.csv,True,6.83,URAT1,,CHEMBL6023215
N#Cc1cc(C(=O)N2CSc3ccccc32)cc(C(F)(F)F)c1O,O=C(c1ccccc1)N1CSc2ccccc21,C,slc22_fps_neighbor,urat1_curated.csv,True,4.88,URAT1,,CHEMBL4744184
Cc1ccc2c(cnn2C(=O)c2cc(Cl)c(O)c(Cl)c2)c1,O=C(c1ccccc1)n1ncc2ccccc21,C,slc22_fps_neighbor,urat1_curated.csv,True,5.74,URAT1,,CHEMBL5417202
CCc1nn(Cc2c(C)cccc2Cl)c2cc(C(=O)O)cnc12,c1ccc(Cn2ncc3ncccc32)cc1,C,slc22_fps_neighbor,urat1_curated.csv,True,7.1,URAT1,,CHEMBL3692049
O=S(=O)(Nc1ccc(F)cn1)c1ccc(Oc2cnc(CO)c(Cl)c2)cc1F,O=S(=O)(Nc1ccccn1)c1ccc(Oc2cccnc2)cc1,C,slc22_fps_neighbor,urat1_curated.csv,True,8.7,URAT1,,CHEMBL3688190
COC(=O)C(Sc1nnc(Br)n1-c1ccc(Br)c2ccccc12)C(=O)OC,c1ccc2c(-n3cnnc3)cccc2c1,C,slc22_fps_neighbor,urat1_curated.csv,True,7.71,URAT1,,CHEMBL5396351
O=C(O)C1(Oc2nc3ncccc3n2-c2ccc(C3CC3)c3ccccc23)CCC1,c1ccc2c(-n3c(OC4CCC4)nc4ncccc43)ccc(C3CC3)c2c1,C,slc22_fps_neighbor,urat1_curated.csv,True,5.43,URAT1,,CHEMBL5196337
COCC(C)(Sc1ccncc1-c1ccc(C#N)c2cccn12)C(=O)O,c1cncc(-c2cccc3cccn23)c1,C,slc22_fps_neighbor,urat1_curated.csv,True,6.3,URAT1,,CHEMBL5958589
CC(C)(Sc1ccc2cncc(-c3ccc(C#N)cc3Cl)c2c1)C(=O)O,c1ccc(-c2cncc3ccccc23)cc1,C,slc22_fps_neighbor,urat1_curated.csv,True,7.75,URAT1,,CHEMBL5793003
O=C(Cc1cccs1)N[C@@H]1C(=O)N2C(C(=O)[O-])=C(C[n+]3ccccc3)CS[C@H]12,O=C(Cc1cccs1)NC1C(=O)N2C=C(C[n+]3ccccc3)CSC12,C,slc22_fps_neighbor,oat_combined_transfer.csv,True,6.13,OAT1,,CHEMBL316157
O=S(=O)(Nc1ccnc2ccc(Br)cc12)C(F)(F)F,c1ccc2ncccc2c1,C,slc22_fps_neighbor,urat1_curated.csv,True,7.08,URAT1,,CHEMBL4100597
O=C(O)Cc1ccccc1Nc1c(Cl)cccc1Cl,c1ccc(Nc2ccccc2)cc1,C,slc22_fps_neighbor,oat_combined_transfer.csv,True,5.4,OAT1,,CHEMBL139
CC(C)(Sc1nnc(Cl)n1Cc1ccc(C2CC2)c2ccccc12)C(=O)O,c1ccc2c(C3CC3)ccc(Cn3cnnc3)c2c1,C,slc22_fps_neighbor,urat1_curated.csv,True,6.05,URAT1,,CHEMBL5753394
CO/N=C(\C(=O)N[C@@H]1C(=O)N2C(C(=O)O)=C(COC(C)=O)CS[C@H]12)c1csc(N)n1,N=C(C(=O)NC1C(=O)N2C=CCSC12)c1cscn1,C,slc22_fps_neighbor,oat_combined_transfer.csv,True,5.5,OAT1,,CHEMBL1730
COc1ccc2c(c1)c(CC(=O)O)c(C)n2C(=O)c1ccc(Cl)cc1,O=C(c1ccccc1)n1ccc2ccccc21,C,slc22_fps_neighbor,oat_combined_transfer.csv,True,5.52,OAT1,,CHEMBL6
CC(C)COc1ccc(-c2ccc(C(=O)O)c(O)c2)cc1C#N,c1ccc(-c2ccccc2)cc1,C,slc22_fps_neighbor,urat1_curated.csv,True,5.08,URAT1,,CHEMBL5590748
Cc1cn(Cc2cc3c(cc2Cl)OCO3)c2cc(CC(=O)O)ccc12,c1ccc2c(c1)ccn2Cc1ccc2c(c1)OCO2,C,slc22_fps_neighbor,urat1_curated.csv,True,7.01,URAT1,,CHEMBL3691999
CC(NC(=O)Cc1c(Cl)cccc1Cl)c1ccc(CCC(=O)O)cn1,O=C(Cc1ccccc1)NCc1ccccn1,C,slc22_fps_neighbor,urat1_curated.csv,True,6.54,URAT1,,CHEMBL5881831
COc1cc(C(=O)c2ccc(O)c(OC)c2)ccc1O,O=C(c1ccccc1)c1ccccc1,C,slc22_fps_neighbor,oat_combined_transfer.csv,True,5.46,OAT1,,CHEMBL4527448
O=C([O-])CSc1nnc(Br)n1Cc1cccs1.[Na+],c1csc(Cn2cnnc2)c1,C,slc22_fps_neighbor,urat1_curated.csv,True,7.46,URAT1,,CHEMBL5422088
CC(C)c1ccc(Cn2c(Br)nnc2CCC(=O)O)c2ccccc12,c1ccc2c(Cn3cnnc3)cccc2c1,C,slc22_fps_neighbor,urat1_curated.csv,True,6.42,URAT1,,CHEMBL5740830
O=C(Nc1ccc(-c2cnn[nH]2)cc1)c1c(O)nc(O)[nH]c1=O,O=C(Nc1ccc(-c2cnn[nH]2)cc1)c1cnc[nH]c1=O,C,slc22_fps_neighbor,urat1_curated.csv,True,6.16,URAT1,,CHEMBL5428787
N#Cc1ccc(-c2cnccc2NS(=O)(=O)c2ccc(F)cc2)c2ccccc12,O=S(=O)(Nc1ccncc1-c1cccc2ccccc12)c1ccccc1,C,slc22_fps_neighbor,urat1_curated.csv,True,5.7,URAT1,,CHEMBL4086514
Cc1nn(Cc2csc3ccc(Cl)cc23)c2cc(CCC(=O)O)ccc12,c1ccc2c(c1)cnn2Cc1csc2ccccc12,C,slc22_fps_neighbor,urat1_curated.csv,True,7.51,URAT1,,CHEMBL3692019
O=C(O)CCCSc1ccncc1C(=O)N1CCc2ccccc2C1,O=C(c1cccnc1)N1CCc2ccccc2C1,C,slc22_fps_neighbor,urat1_curated.csv,True,4.73,URAT1,,CHEMBL5287955
COC(=O)C(C)Sc1nncn1-c1cc(Br)c(-c2ccccc2)s1,c1ccc(-c2ccc(-n3cnnc3)s2)cc1,C,slc22_fps_neighbor,urat1_curated.csv,True,5.56,URAT1,,CHEMBL5822494
O=C(O)CSc1nnc(Br)n1-c1sc(-c2cccc(F)c2)c2c1CCCC2,c1ccc(-c2sc(-n3cnnc3)c3c2CCCC3)cc1,C,slc22_fps_neighbor,urat1_curated.csv,True,5.56,URAT1,,CHEMBL5784737
C/C(=C\Cc1c(O)ccc2c1OC(c1ccc(Br)c3ccccc13)CC2=O)C(=O)O,O=C1CC(c2cccc3ccccc23)Oc2ccccc21,C,slc22_fps_neighbor,urat1_curated.csv,True,6.72,URAT1,,CHEMBL5620069
CC(C)(Oc1ccc2ccccc2c1-c1ccc(C#N)c2ccccc12)C(=O)O,c1ccc2c(-c3cccc4ccccc34)cccc2c1,C,slc22_fps_neighbor,urat1_curated.csv,True,5.69,URAT1,,CHEMBL5876700
CC(C)(Sc1ccc2nccn2c1-c1ccc(C#N)cc1)C(=O)O,c1ccc(-c2cccc3nccn23)cc1,C,slc22_fps_neighbor,urat1_curated.csv,True,5.76,URAT1,,CHEMBL5930761
N#Cc1ccc(-c2cnccc2SC2(C(=O)O)CCC2)c2cc(F)cn12,c1cc(-c2cnccc2SC2CCC2)c2cccn2c1,C,slc22_fps_neighbor,urat1_curated.csv,True,6.57,URAT1,,CHEMBL5741784
Cc1cccc(C)c1Cn1c(=O)n(C(C)C)c2ccc(C(=O)O)cc21,O=c1[nH]c2ccccc2n1Cc1ccccc1,C,slc22_fps_neighbor,urat1_curated.csv,True,6.78,URAT1,,CHEMBL3692058
N#Cc1cc(-c2ccc(C(=O)O)c(O)c2)c2cc(C(F)(F)F)oc2c1,c1ccc(-c2cccc3occc23)cc1,C,slc22_fps_neighbor,urat1_curated.csv,True,7.17,URAT1,,CHEMBL5894513
O=C(c1cc(Cl)c(O)c(Cl)c1)n1ccc2c(Cl)ncnc21,O=C(c1ccccc1)n1ccc2cncnc21,C,slc22_fps_neighbor,urat1_curated.csv,True,5.7,URAT1,,CHEMBL5437905
CC(C)(Cc1cc2c(-c3ccc(C#N)cc3)cncc2s1)C(=O)O,c1ccc(-c2cncc3sccc23)cc1,C,slc22_fps_neighbor,urat1_curated.csv,True,7.92,URAT1,,CHEMBL5314438
CCn1c(=O)sc2cc(-c3ccc(C(=O)O)c(O)c3)ccc21,O=c1[nH]c2ccc(-c3ccccc3)cc2s1,C,slc22_fps_neighbor,urat1_curated.csv,True,4.52,URAT1,,CHEMBL6148038
C/C(=C\C(=O)O)Sc1ccc2ccccc2c1-c1ccc(C#N)cc1,c1ccc(-c2cccc3ccccc23)cc1,C,slc22_fps_neighbor,urat1_curated.csv,True,7.6,URAT1,,CHEMBL5818637
O=C(Nc1ccc(O)cc1F)c1c(O)[nH]c(=S)[nH]c1=O,O=C(Nc1ccccc1)c1c[nH]c(=S)[nH]c1=O,C,slc22_fps_neighbor,urat1_curated.csv,True,5.23,URAT1,,CHEMBL6012616
N#Cc1cc(Oc2cc(F)c(S(=O)(=O)Nc3ncccn3)cc2Cl)ccc1F,O=S(=O)(Nc1ncccn1)c1ccc(Oc2ccccc2)cc1,C,slc22_fps_neighbor,urat1_curated.csv,True,5.63,URAT1,,CHEMBL3688167
COc1ccccc1S(=O)(=O)Nc1ccc(C#N)c(Cl)c1,O=S(=O)(Nc1ccccc1)c1ccccc1,C,slc22_fps_neighbor,urat1_curated.csv,True,6.7,URAT1,,CHEMBL3919891
Cc1cc(-n2c(Br)nnc2SC(C)(C)C(=O)O)sc1-c1ccccc1,c1ccc(-c2ccc(-n3cnnc3)s2)cc1,C,slc22_fps_neighbor,urat1_curated.csv,True,5.56,URAT1,,CHEMBL5851236
O=C(c1cc(Cl)c(O)c(Cl)c1)N1CCc2cc(Br)ccc21,O=C(c1ccccc1)N1CCc2ccccc21,C,slc22_fps_neighbor,urat1_curated.csv,True,5.63,URAT1,,CHEMBL5438015
CC(C)(Sc1nnc(Br)n1-c1sc(C2CC2)c2c1CCC2)C(=O)NO,c1nncn1-c1sc(C2CC2)c2c1CCC2,C,slc22_fps_neighbor,urat1_curated.csv,True,5.56,URAT1,,CHEMBL5823219
CCOC(=O)C(C)(C)Sc1nncn1-c1cc(Br)c(C2CC2)s1,c1cc(-n2cnnc2)sc1C1CC1,C,slc22_fps_neighbor,urat1_curated.csv,True,5.56,URAT1,,CHEMBL5839147
Cc1nsc2c(-c3ccc(C#N)cc3)c(SC3(C(=O)O)CCC3)ccc12,c1ccc(-c2c(SC3CCC3)ccc3cnsc23)cc1,C,slc22_fps_neighbor,urat1_curated.csv,True,5.61,URAT1,,CHEMBL5808547
O=C(O)C(Sc1nc2ccccc2n1-c1ccc(C2CC2)c2ccccc12)c1ccc(Cl)cc1,c1ccc(CSc2nc3ccccc3n2-c2ccc(C3CC3)c3ccccc23)cc1,C,slc22_fps_neighbor,urat1_curated.csv,True,4.65,URAT1,,CHEMBL5767176
CC(C)(Sc1ccncc1-c1ccc(C2(O)CC2)cc1)C(=O)O,c1cncc(-c2ccc(C3CC3)cc2)c1,C,slc22_fps_neighbor,urat1_curated.csv,True,6.26,URAT1,,CHEMBL6039548
CCc1nn(Cc2c(Cl)cccc2Cl)c2cc(-c3nnn[nH]3)ccc12,c1ccc(Cn2ncc3ccc(-c4nnn[nH]4)cc32)cc1,C,slc22_fps_neighbor,urat1_curated.csv,True,7.28,URAT1,,CHEMBL3692055
N#Cc1ccc(Oc2ccc(S(=O)(=O)Nc3ccc(F)cn3)cc2C#N)c(OC(F)F)c1,O=S(=O)(Nc1ccccn1)c1ccc(Oc2ccccc2)cc1,C,slc22_fps_neighbor,urat1_curated.csv,True,5.45,URAT1,,CHEMBL3683353
CC(C(=O)O)c1cccc(C(=O)c2ccccc2)c1,O=C(c1ccccc1)c1ccccc1,C,slc22_fps_neighbor,oat_combined_transfer.csv,True,5.869999999999999,OAT1,,CHEMBL571
N#Cc1ccc(-c2cnccc2NS(=O)(=O)C(F)(F)F)cc1,c1ccc(-c2cccnc2)cc1,C,slc22_fps_neighbor,urat1_curated.csv,True,8.7,URAT1,,CHEMBL4087516
O=C(O)Cc1ccc2c(C3CC3)nn(Cc3c(Cl)cccc3Cl)c2c1,c1ccc(Cn2nc(C3CC3)c3ccccc32)cc1,C,slc22_fps_neighbor,urat1_curated.csv,True,7.31,URAT1,,CHEMBL3692038
CN(c1cnccc1SCc1ccc(-c2ccccc2C(=O)[O-])cc1)c1ccc(C#N)c2ccccc12.[Na+],c1ccc(-c2ccc(CSc3ccncc3Nc3cccc4ccccc34)cc2)cc1,C,slc22_fps_neighbor,urat1_curated.csv,True,5.34,URAT1,,CHEMBL5208115
N#Cc1ccc(Nc2cnccc2Sc2cccc([N+](=O)[O-])c2CC(=O)[O-])c2ccccc12.[Na+],c1ccc(Sc2ccncc2Nc2cccc3ccccc23)cc1,C,slc22_fps_neighbor,urat1_curated.csv,True,5.46,URAT1,,CHEMBL5203602
N#Cc1ccc(-c2cnccc2Sc2cccc(C(=O)O)c2)c2ccccc12,c1ccc(Sc2ccncc2-c2cccc3ccccc23)cc1,C,slc22_fps_neighbor,urat1_curated.csv,True,6.26,URAT1,,CHEMBL5876898
O=C(O)CCCc1c(O)ccc2c1OC(c1cccs1)CC2=O,O=C1CC(c2cccs2)Oc2ccccc21,C,slc22_fps_neighbor,urat1_curated.csv,True,5.62,URAT1,,CHEMBL5619092
O=C(Nc1ccc(-c2c[nH]nn2)cc1C(F)(F)F)c1c(O)[nH]c(=O)[nH]c1=O,O=C(Nc1ccc(-c2c[nH]nn2)cc1)c1c[nH]c(=O)[nH]c1=O,C,slc22_fps_neighbor,urat1_curated.csv,True,5.8,URAT1,,CHEMBL5962284
CC1=C(C(=O)O)N2C(=O)[C@@H](NC(=O)[C@H](N)c3ccc(O)cc3)[C@H]2SC1,O=C(Cc1ccccc1)NC1C(=O)N2C=CCSC12,C,slc22_fps_neighbor,oat_combined_transfer.csv,True,5.21,OAT1,,CHEMBL1644
O=C(O)CCc1nnc(Br)n1-c1ccc(C2CC2)c2ccccc12,c1ccc2c(-n3cnnc3)ccc(C3CC3)c2c1,C,slc22_fps_neighbor,urat1_curated.csv,True,5.74,URAT1,,CHEMBL5963130
O=C(c1cc(Br)c(O)c(Br)c1)N1CCOc2ccncc21,O=C(c1ccccc1)N1CCOc2ccncc21,C,slc22_fps_neighbor,oat_combined_transfer.csv,True,5.14,OAT1,,CHEMBL4640580
COc1cc(Cl)ccc1Oc1ccc(S(=O)(=O)Nc2cccnc2)cc1C#N,O=S(=O)(Nc1cccnc1)c1ccc(Oc2ccccc2)cc1,C,slc22_fps_neighbor,urat1_curated.csv,True,6.39,URAT1,,CHEMBL3977539
COc1ccc2cc([C@H](C)C(=O)O)ccc2c1,c1ccc2ccccc2c1,C,slc22_fps_neighbor,oat_combined_transfer.csv,True,5.24,OAT1,,CHEMBL154
Cc1nnc(SCC2=C(C(=O)O)N3C(=O)[C@@H](NC(=O)Cn4cnnn4)[C@H]3SC2)s1,O=C(Cn1cnnn1)NC1C(=O)N2C=C(CSc3nncs3)CSC12,C,slc22_fps_neighbor,oat_combined_transfer.csv,True,6.75,OAT1,,CHEMBL1435
N#Cc1ccc(-c2cncc3ccc(SC4(C(=O)O)CCC4)cc23)c2ccccc12,c1ccc2c(-c3cncc4ccc(SC5CCC5)cc34)cccc2c1,C,slc22_fps_neighbor,urat1_curated.csv,True,7.75,URAT1,,CHEMBL5745494
Cc1nn(Cc2cccc(Cl)c2Cl)c2cc(C(=O)O)ccc12,c1ccc(Cn2ncc3ccccc32)cc1,C,slc22_fps_neighbor,urat1_curated.csv,True,7.04,URAT1,,CHEMBL3692016
N#Cc1cc(C(=O)N2CCc3ccccc32)cc(C2CC2)c1O,O=C(c1cccc(C2CC2)c1)N1CCc2ccccc21,C,slc22_fps_neighbor,urat1_curated.csv,True,5.06,URAT1,,CHEMBL4796568
CC(C)(Cc1cc2c(Cc3c(Cl)cccc3Cl)cccc2s1)C(=O)O,c1ccc(Cc2cccc3sccc23)cc1,C,slc22_fps_neighbor,urat1_curated.csv,True,5.46,URAT1,,CHEMBL5924634
CC1Cc2ccccc2N1C(=O)c1cc(Cl)c(O)c(Cl)c1,O=C(c1ccccc1)N1CCc2ccccc21,C,slc22_fps_neighbor,urat1_curated.csv,True,5.8,URAT1,,CHEMBL5429502
CC(C)(Sc1ccncc1Cc1ccc(C#N)c2ccccc12)C(=O)O,c1cncc(Cc2cccc3ccccc23)c1,C,slc22_fps_neighbor,urat1_curated.csv,True,5.68,URAT1,,CHEMBL5620242
Cc1nn(Cc2c(Cl)cccc2Cl)c2nc(Cc3nnn[nH]3)ccc12,c1ccc(Cn2ncc3ccc(Cc4nnn[nH]4)nc32)cc1,C,slc22_fps_neighbor,urat1_curated.csv,True,6.74,URAT1,,CHEMBL3692041
O=C(O)c1ccc(-c2cc(C(F)(F)F)cc3ccoc23)cc1O,c1ccc(-c2cccc3ccoc23)cc1,C,slc22_fps_neighbor,urat1_curated.csv,True,5.5,URAT1,,CHEMBL5590136
COc1cncc(NS(=O)(=O)c2ccccc2C(F)(F)F)c1,O=S(=O)(Nc1cccnc1)c1ccccc1,C,slc22_fps_neighbor,urat1_curated.csv,True,7.05,URAT1,,CHEMBL3892944
O=C(O)C1(Sc2ccccc2N2CCOc3ccc(Br)cc32)CCC1,c1ccc2c(c1)OCCN2c1ccccc1SC1CCC1,C,slc22_fps_neighbor,urat1_curated.csv,True,5.77,URAT1,,CHEMBL6120557
O=C(O)CCNC(=O)c1ccccc1,c1ccccc1,C,slc22_fps_neighbor,oat_combined_transfer.csv,True,4.63,OAT1,,CHEMBL1231530
CC(C)(Sc1nccc(Nc2ccc(C3CC3)c3ccccc23)n1)C(=O)O,c1ccc2c(C3CC3)ccc(Nc3ccncn3)c2c1,C,slc22_fps_neighbor,urat1_curated.csv,True,5.6,URAT1,,CHEMBL5542414
Cc1ccc(CC(=O)O)cc1OCc1c(C)cccc1C,c1ccc(COc2ccccc2)cc1,C,slc22_fps_neighbor,urat1_curated.csv,True,7.1,URAT1,,CHEMBL4096685
CC(C)(Sc1nc2ccccc2n1-c1ccc([N+](=O)[O-])cc1F)C(=O)O,c1ccc(-n2cnc3ccccc32)cc1,C,slc22_fps_neighbor,urat1_curated.csv,True,4.19,URAT1,,CHEMBL5859094
O=S(=O)(CSc1nnc(Br)n1Cc1ccc(Br)c2ccccc12)Nc1cncc(C(F)(F)F)c1,O=S(=O)(CSc1nncn1Cc1cccc2ccccc12)Nc1cccnc1,C,slc22_fps_neighbor,urat1_curated.csv,True,5.2,URAT1,,CHEMBL4516802
N#Cc1cc(-c2ccc(C(=O)O)c(O)c2)c2nccn2c1,c1ccc(-c2cccn3ccnc23)cc1,C,slc22_fps_neighbor,urat1_curated.csv,True,6.75,URAT1,,CHEMBL5979764
N#Cc1ccc(-c2cncc3ccc(CCC(=O)O)cc23)cc1,c1ccc(-c2cncc3ccccc23)cc1,C,slc22_fps_neighbor,urat1_curated.csv,True,6.79,URAT1,,CHEMBL6030857
O=C(Nc1ccc(-c2nnn[nH]2)cc1)c1c(O)[nH]c(=S)[nH]c1=O,O=C(Nc1ccc(-c2nnn[nH]2)cc1)c1c[nH]c(=S)[nH]c1=O,C,slc22_fps_neighbor,urat1_curated.csv,True,6.41,URAT1,,CHEMBL5400912
O=C(O)CNC(=O)c1ccccc1O,c1ccccc1,C,slc22_fps_neighbor,oat_combined_transfer.csv,True,4.57,OAT1,,CHEMBL586
O=C(O)CCSc1nc2ncccc2n1Cc1ccc(C2CC2)c2ccccc12,c1ccc2c(C3CC3)ccc(Cn3cnc4ncccc43)c2c1,C,slc22_fps_neighbor,urat1_curated.csv,True,5.6,URAT1,,CHEMBL5175070
O=C(O)c1ccc(-c2cncc(Oc3ccccc3)c2)cc1O,c1ccc(Oc2cncc(-c3ccccc3)c2)cc1,C,slc22_fps_neighbor,urat1_curated.csv,True,4.06,URAT1,,CHEMBL5542241
CC(C)(Sc1nc2cnccc2n1Cc1ccc(Br)c2ccccc12)C(=O)O,c1ccc2c(Cn3cnc4cnccc43)cccc2c1,C,slc22_fps_neighbor,urat1_curated.csv,True,5.59,URAT1,,CHEMBL5175653
O=C(O)c1ccccc1NC(=O)c1cn(Cc2ccccn2)c2ccccc12,O=C(Nc1ccccc1)c1cn(Cc2ccccn2)c2ccccc12,C,slc22_fps_neighbor,urat1_curated.csv,True,5.01,URAT1,,CHEMBL5630545
C/C(=C\Cc1cccc2c1OC(c1cc3ccccc3s1)CC2=O)C(=O)O,O=C1CC(c2cc3ccccc3s2)Oc2ccccc21,C,slc22_fps_neighbor,urat1_curated.csv,True,5.79,URAT1,,CHEMBL5620313
CC(C)(Sc1c(-c2ccc(C#N)cc2)cnc2ccccc12)C(=O)O,c1ccc(-c2cnc3ccccc3c2)cc1,C,slc22_fps_neighbor,urat1_curated.csv,True,5.8,URAT1,,CHEMBL6045251
CCc1oc2cc(O)c(Br)cc2c1C(=O)c1cc(Br)c(O)c(Br)c1,O=C(c1ccccc1)c1coc2ccccc12,C,slc22_fps_neighbor,urat1_curated.csv,True,5.78,URAT1,,CHEMBL1767113
C=Cc1cc(C(=O)O)cc2c1CCc1c-2ccc(O)c1C,c1ccc2c(c1)CCc1ccccc1-2,C,slc22_fps_neighbor,oat_combined_transfer.csv,True,5.55,OAT3,,CHEMBL4582456
CCc1cc2cc(OC)cc(C(=O)c3ccc(O)cc3)c2o1,O=C(c1ccccc1)c1cccc2ccoc12,C,slc22_fps_neighbor,urat1_curated.csv,True,4.47,URAT1,,CHEMBL1767094
CC(C(=O)O)c1ccc(-c2ccccc2)c(F)c1,c1ccc(-c2ccccc2)cc1,C,slc22_fps_neighbor,oat_combined_transfer.csv,True,5.82,OAT1,,CHEMBL563
Cc1nn(Cc2cccc3cccnc23)c2cc(CC(=O)O)ccc12,c1cnc2c(Cn3ncc4ccccc43)cccc2c1,C,slc22_fps_neighbor,urat1_curated.csv,True,6.41,URAT1,,CHEMBL3692013
O=C(CSc1nnc(Br)n1-c1ccc(C2CC2)c2ccccc12)NS(=O)(=O)c1ccc(F)cc1F,O=C(CSc1nncn1-c1ccc(C2CC2)c2ccccc12)NS(=O)(=O)c1ccccc1,C,slc22_fps_neighbor,urat1_curated.csv,True,5.14,URAT1,,CHEMBL4740905
CC(Cl)(CC(=O)O)c1cc2c(-c3ccc(C#N)c4ccccc34)cncc2s1,c1ccc2c(-c3cncc4sccc34)cccc2c1,C,slc22_fps_neighbor,urat1_curated.csv,True,7.62,URAT1,,CHEMBL5998528
O=C(c1cc(Cl)c(O)c(Cl)c1)n1ccc2ccncc21,O=C(c1ccccc1)n1ccc2ccncc21,C,slc22_fps_neighbor,urat1_curated.csv,True,5.49,URAT1,,CHEMBL5437838
CCOC(=O)C(C)(C)Sc1nncn1-c1sc(C(=O)NC(O)CCBr)c2c1CCCC2,c1sc(-n2cnnc2)c2c1CCCC2,C,slc22_fps_neighbor,urat1_curated.csv,True,5.56,URAT1,,CHEMBL5744299
O=S(=O)(O)CC(S)CS,,C,slc22_fps_neighbor,oat_combined_transfer.csv,True,4.65,OAT1,,CHEMBL1624767
C[C@@H](CC(=O)O)c1cc2cncc(-c3ccc(C#N)cc3)c2s1,c1ccc(-c2cncc3ccsc23)cc1,C,slc22_fps_neighbor,urat1_curated.csv,True,5.73,URAT1,,CHEMBL5762405
CSc1nc(O)c(C(=O)Nc2ccc(-c3nnc[nH]3)cc2)c(=O)[nH]1,O=C(Nc1ccc(-c2nnc[nH]2)cc1)c1cnc[nH]c1=O,C,slc22_fps_neighbor,urat1_curated.csv,True,4.99,URAT1,,CHEMBL6057356
CC(C)(Sc1cc(F)c2cncc(-c3ccc(C#N)c4ccccc34)c2c1)C(=O)O,c1ccc2c(-c3cncc4ccccc34)cccc2c1,C,slc22_fps_neighbor,urat1_curated.csv,True,6.9,URAT1,,CHEMBL5938260
CS(=O)(=O)Nc1ccncc1-c1ccccc1C(F)(F)F,c1ccc(-c2cccnc2)cc1,C,slc22_fps_neighbor,urat1_curated.csv,True,4.92,URAT1,,CHEMBL4088415
N#Cc1cccc(-c2ccc(C(=O)O)c(O)c2)c1,c1ccc(-c2ccccc2)cc1,C,slc22_fps_neighbor,urat1_curated.csv,True,5.66,URAT1,,CHEMBL5596444
COC(C)c1cc(O)cc2c1-c1ccc(O)c(C)c1CC2,c1ccc2c(c1)CCc1ccccc1-2,C,slc22_fps_neighbor,oat_combined_transfer.csv,True,4.37,OAT1,,CHEMBL4525573
CCc1cn(Cc2c(C)cccc2C)c2cc(C(=O)O)ccc12,c1ccc(Cn2ccc3ccccc32)cc1,C,slc22_fps_neighbor,urat1_curated.csv,True,7.37,URAT1,,CHEMBL3692001
CCCc1ccc(Cn2c(Br)nnc2SCC(=O)O)c2ccccc12,c1ccc2c(Cn3cnnc3)cccc2c1,C,slc22_fps_neighbor,urat1_curated.csv,True,7.03,URAT1,,CHEMBL5859976
O=C(Nc1ccc(-c2[nH]nnc2-c2ccccc2)cc1)c1c(O)[nH]c(=O)[nH]c1=O,O=C(Nc1ccc(-c2[nH]nnc2-c2ccccc2)cc1)c1c[nH]c(=O)[nH]c1=O,C,slc22_fps_neighbor,urat1_curated.csv,True,6.96,URAT1,,CHEMBL5775947
COc1cc(C(=O)[O-])ccc1CSc1ccncc1Nc1ccc(C#N)c2ccccc12.[Na+],c1ccc(CSc2ccncc2Nc2cccc3ccccc23)cc1,C,slc22_fps_neighbor,urat1_curated.csv,True,5.78,URAT1,,CHEMBL5170772
Cc1ccc2c(c1C/C=C/S(=O)(=O)c1ccccc1)OC(c1ccsc1)CC2=O,O=C1CC(c2ccsc2)Oc2c(CC=CS(=O)(=O)c3ccccc3)cccc21,C,slc22_fps_neighbor,urat1_curated.csv,True,5.35,URAT1,,CHEMBL5619991
N#Cc1ccc(Oc2c(F)cc(S(=O)(=O)Nc3ccc(F)cn3)cc2C#N)cc1Cl,O=S(=O)(Nc1ccccn1)c1ccc(Oc2ccccc2)cc1,C,slc22_fps_neighbor,urat1_curated.csv,True,6.49,URAT1,,CHEMBL3688198
CN(C)c1ccc(-c2sc(-n3cnnc3SCC(=O)O)c3c2CCC3)cc1Br,c1ccc(-c2sc(-n3cnnc3)c3c2CCC3)cc1,C,slc22_fps_neighbor,urat1_curated.csv,True,5.56,URAT1,,CHEMBL5911131
COc1ccc(-c2sc(-n3c(Br)nnc3SC(C)C(=O)O)c3c2CCCC3)cc1,c1ccc(-c2sc(-n3cnnc3)c3c2CCCC3)cc1,C,slc22_fps_neighbor,urat1_curated.csv,True,5.56,URAT1,,CHEMBL5985636
CC(C)(Sc1nc2ccccc2n1-c1ccc(C#N)cc1)C(=O)O,c1ccc(-n2cnc3ccccc32)cc1,C,slc22_fps_neighbor,urat1_curated.csv,True,5.1,URAT1,,CHEMBL5778357
CC(C)(Sc1ccc2ncsc2c1-c1ccc(C#N)cc1)C(=O)O,c1ccc(-c2cccc3ncsc23)cc1,C,slc22_fps_neighbor,urat1_curated.csv,True,6.77,URAT1,,CHEMBL5918231
Cc1cccc(C)c1Cn1nc(C(C)C)c2ccc(CC(=O)O)cc21,c1ccc(Cn2ncc3ccccc32)cc1,C,slc22_fps_neighbor,urat1_curated.csv,True,7.12,URAT1,,CHEMBL3692037
Cc1cn(Cc2c(Cl)cccc2Cl)c2cc(CCC(=O)O)ccc12,c1ccc(Cn2ccc3ccccc32)cc1,C,slc22_fps_neighbor,urat1_curated.csv,True,7.64,URAT1,,CHEMBL3692000
Cc1nn(Cc2c(Cl)cccc2Cl)c2cc(SC(C)(C)C(=O)O)ccc12,c1ccc(Cn2ncc3ccccc32)cc1,C,slc22_fps_neighbor,urat1_curated.csv,True,6.92,URAT1,,CHEMBL5790044
N#Cc1cc2c(c(-c3ccc(C(=O)O)c(O)c3)c1)OCC2,c1ccc(-c2cccc3c2OCC3)cc1,C,slc22_fps_neighbor,urat1_curated.csv,True,6.375,URAT1,,CHEMBL5597960
CCc1cc2c(C(=O)c3ccc(O)cc3)c(OC)ccc2o1,O=C(c1ccccc1)c1cccc2occc12,C,slc22_fps_neighbor,urat1_curated.csv,True,5.17,URAT1,,CHEMBL1767091
O=C(c1cc(Cl)c(O)c(Cl)c1)n1cc(Br)c2cccnc21,O=C(c1ccccc1)n1ccc2cccnc21,C,slc22_fps_neighbor,urat1_curated.csv,True,5.81,URAT1,,CHEMBL5400167
COc1cc2nc(SCC(=O)O)nc(Nc3ccc(C4CC4)c4ccccc34)c2cc1OC,c1ccc2c(Nc3ccc(C4CC4)c4ccccc34)ncnc2c1,C,slc22_fps_neighbor,urat1_curated.csv,True,5.31,URAT1,,CHEMBL5571882
CC(C)(Sc1ccncc1-c1ccc(C#N)c2ccc(Cl)n12)C(=O)O,c1cncc(-c2cccc3cccn23)c1,C,slc22_fps_neighbor,urat1_curated.csv,True,6.55,URAT1,,CHEMBL5823711
O=C(O)/C=C/Cc1c(O)ccc2c1OC(c1ccc(O)cc1)CC2=O,O=C1CC(c2ccccc2)Oc2ccccc21,C,slc22_fps_neighbor,urat1_curated.csv,True,5.52,URAT1,,CHEMBL5618630
O=C(O)C1(Sc2ccnc3ccc(-c4ccccc4C(F)(F)F)cc23)CCC1,c1ccc(-c2ccc3nccc(SC4CCC4)c3c2)cc1,C,slc22_fps_neighbor,urat1_curated.csv,True,6.94,URAT1,,CHEMBL3747573
O=C(O)C/C=C/Cc1c(O)ccc2c1OC(c1csc3ccccc13)CC2=O,O=C1CC(c2csc3ccccc23)Oc2ccccc21,C,slc22_fps_neighbor,urat1_curated.csv,True,6.19,URAT1,,CHEMBL5620253
CC(C)(Sc1ccc2cnsc2c1-c1ccc([N+](=O)[O-])cc1)C(=O)O,c1ccc(-c2cccc3cnsc23)cc1,C,slc22_fps_neighbor,urat1_curated.csv,True,7.92,URAT1,,CHEMBL5962505
CCc1nn(Cc2c(Cl)cccc2Cl)c2cc(/C=C/C(=O)O)ccc12,c1ccc(Cn2ncc3ccccc32)cc1,C,slc22_fps_neighbor,urat1_curated.csv,True,7.28,URAT1,,CHEMBL3692036
CC(C)(Cc1cc2c(-c3ccc(C#N)c4ccccc34)cccc2s1)C(=O)O,c1ccc2c(-c3cccc4sccc34)cccc2c1,C,slc22_fps_neighbor,urat1_curated.csv,True,6.68,URAT1,,CHEMBL6035788
CC(C)c1cc(C(=O)N2CS(=O)(=O)c3ccccc32)cc(C#N)c1O,O=C(c1ccccc1)N1CS(=O)(=O)c2ccccc21,C,slc22_fps_neighbor,urat1_curated.csv,True,4.08,URAT1,,CHEMBL4781818
COc1cc(C(=O)N2CS(=O)(=O)c3ccccc32)cc(C(F)(F)F)c1O,O=C(c1ccccc1)N1CS(=O)(=O)c2ccccc21,C,slc22_fps_neighbor,urat1_curated.csv,True,4.75,URAT1,,CHEMBL4762003
N#Cc1cc(-c2ccc(C(=O)O)c(O)c2)c2ncsc2c1,c1ccc(-c2cccc3scnc23)cc1,C,slc22_fps_neighbor,urat1_curated.csv,True,5.44,URAT1,,CHEMBL5590746
N#Cc1cc(-c2ccc(C(=O)O)c(O)c2)c2[nH]ccc2c1,c1ccc(-c2cccc3cc[nH]c23)cc1,C,slc22_fps_neighbor,urat1_curated.csv,True,5.54,URAT1,,CHEMBL5598490
N#Cc1ccc(Oc2ccc(S(=O)(=O)Nc3cccnn3)cc2C#N)cc1F,O=S(=O)(Nc1cccnn1)c1ccc(Oc2ccccc2)cc1,C,slc22_fps_neighbor,urat1_curated.csv,True,6.37,URAT1,,CHEMBL3683372
O=C(O)c1cccc(CN(c2cccc(F)c2)c2ccnc3ccc(C(F)(F)F)cc23)c1,c1ccc(CN(c2ccccc2)c2ccnc3ccccc23)cc1,C,slc22_fps_neighbor,urat1_curated.csv,True,5.96,URAT1,,CHEMBL6160181
COc1ncccc1NS(=O)(=O)c1ccccc1C(F)(F)F,O=S(=O)(Nc1cccnc1)c1ccccc1,C,slc22_fps_neighbor,urat1_curated.csv,True,5.41,URAT1,,CHEMBL3901925
O=S(=O)(Nc1ccc(F)c(C(F)(F)F)c1)c1ccccc1C(F)(F)F,O=S(=O)(Nc1ccccc1)c1ccccc1,C,slc22_fps_neighbor,urat1_curated.csv,True,6.32,URAT1,,CHEMBL3893319
N#Cc1ccc(-c2cnccc2SCC2CC(C(=O)O)C2)c2ccccc12,c1ccc2c(-c3cnccc3SCC3CCC3)cccc2c1,C,slc22_fps_neighbor,urat1_curated.csv,True,6.26,URAT1,,CHEMBL5799620
CC(C)(Cc1ccc2cncc(-c3ccc(C#N)c4ccccc34)c2c1)C(=O)O,c1ccc2c(-c3cncc4ccccc34)cccc2c1,C,slc22_fps_neighbor,urat1_curated.csv,True,7.92,URAT1,,CHEMBL6049501
COC(=O)COc1ccc2nccc(SC3(C(=O)O)CCC3)c2c1,c1ccc2c(SC3CCC3)ccnc2c1,C,slc22_fps_neighbor,urat1_curated.csv,True,6.79,URAT1,,CHEMBL5847373
N#Cc1c(Cl)cc(NS(=O)(=O)c2ccccc2OC(F)(F)F)cc1Cl,O=S(=O)(Nc1ccccc1)c1ccccc1,C,slc22_fps_neighbor,urat1_curated.csv,True,8.4,URAT1,,CHEMBL5414132
CCCCC1C(=O)N(c2ccccc2)N(c2ccccc2)C1=O,O=C1CC(=O)N(c2ccccc2)N1c1ccccc1,C,slc22_fps_neighbor,oat_combined_transfer.csv,True,4.46,OAT3,,CHEMBL101
Cc1nn(Cc2c(Cl)cccc2C#N)c2cc(CCC(=O)O)ccc12,c1ccc(Cn2ncc3ccccc32)cc1,C,slc22_fps_neighbor,urat1_curated.csv,True,7.14,URAT1,,CHEMBL3692020
COc1ccccc1-c1cnccc1NS(=O)(=O)C(F)(F)F,c1ccc(-c2cccnc2)cc1,C,slc22_fps_neighbor,urat1_curated.csv,True,6.62,URAT1,,CHEMBL4079640
CS(=O)(=O)c1cc2c(C#N)ccc(-c3cnccc3SC3(C(=O)O)CCC3)n2c1,c1cc(-c2cnccc2SC2CCC2)n2cccc2c1,C,slc22_fps_neighbor,urat1_curated.csv,True,6.48,URAT1,,CHEMBL5893148
O=C(Nc1ccc(-c2noc(=O)[nH]2)cc1)c1c(O)[nH]c(=O)[nH]c1=O,O=C(Nc1ccc(-c2noc(=O)[nH]2)cc1)c1c[nH]c(=O)[nH]c1=O,C,slc22_fps_neighbor,urat1_curated.csv,True,5.12,URAT1,,CHEMBL6000099
[C-]#[N+]c1nn(Cc2c(Cl)cccc2Cl)c2cc(C(=O)O)ccc12,c1ccc(Cn2ncc3ccccc32)cc1,C,slc22_fps_neighbor,urat1_curated.csv,True,6.53,URAT1,,CHEMBL3692040
O=C(O)CSc1nnc(I)n1Cc1ccc(C2CC2)c2ccccc12,c1ccc2c(C3CC3)ccc(Cn3cnnc3)c2c1,C,slc22_fps_neighbor,urat1_curated.csv,True,6.36,URAT1,,CHEMBL5754473
O=C([O-])CCCc1nnc(Br)n1Cc1ccc(Br)c2ccccc12.[Na+],c1ccc2c(Cn3cnnc3)cccc2c1,C,slc22_fps_neighbor,urat1_curated.csv,True,6.64,URAT1,,CHEMBL5433470
CC(C)CSc1nc(O)c(C(=O)Nc2ccc(-c3c[nH]nn3)cc2)c(=O)[nH]1,O=C(Nc1ccc(-c2c[nH]nn2)cc1)c1cnc[nH]c1=O,C,slc22_fps_neighbor,urat1_curated.csv,True,4.85,URAT1,,CHEMBL5753958
N#Cc1cc(S(=O)(=O)Nc2ccccn2)ccc1Oc1ccc(Cl)cc1I,O=S(=O)(Nc1ccccn1)c1ccc(Oc2ccccc2)cc1,C,slc22_fps_neighbor,urat1_curated.csv,True,6.14,URAT1,,CHEMBL3683366
O=C(Nc1cc(F)c(O)c(F)c1)c1c(O)[nH]c(=O)[nH]c1=O,O=C(Nc1ccccc1)c1c[nH]c(=O)[nH]c1=O,C,slc22_fps_neighbor,urat1_curated.csv,True,5.45,URAT1,,CHEMBL5425263
CCc1oc2c(Br)c(O)c(Br)cc2c1C(=O)c1ccc(OC)cc1,O=C(c1ccccc1)c1coc2ccccc12,C,slc22_fps_neighbor,urat1_curated.csv,True,6.18,URAT1,,CHEMBL1767116
COc1ccc(Cc2nnn[nH]2)cc1OCc1c(C)cccc1C,c1ccc(COc2cccc(Cc3nnn[nH]3)c2)cc1,C,slc22_fps_neighbor,urat1_curated.csv,True,6.6,URAT1,,CHEMBL3702598
Cc1cccc(Cl)c1Cn1nc(Cl)c2ncc(-c3nnn[nH]3)cc21,c1ccc(Cn2ncc3ncc(-c4nnn[nH]4)cc32)cc1,C,slc22_fps_neighbor,urat1_curated.csv,True,6.98,URAT1,,CHEMBL3692054
O=C(O)CCCC(=O)O,,C,slc22_fps_neighbor,oat_combined_transfer.csv,True,5.31,OAT1,,CHEMBL1162495
O=S(=O)(O)Oc1c[nH]c2ccccc12,c1ccc2[nH]ccc2c1,C,slc22_fps_neighbor,oat_combined_transfer.csv,True,4.64,OAT1,,CHEMBL1233636
CCc1cc2c(C(=O)c3ccc(O)cc3)ccc(O)c2o1,O=C(c1ccccc1)c1cccc2occc12,C,slc22_fps_neighbor,urat1_curated.csv,True,5.41,URAT1,,CHEMBL1767105
O=C(O)C(Sc1nnc(Br)n1-c1sc(C2CC2)c2c1CCC2)c1ccccc1,c1ccc(CSc2nncn2-c2sc(C3CC3)c3c2CCC3)cc1,C,slc22_fps_neighbor,urat1_curated.csv,True,5.56,URAT1,,CHEMBL5862944
CC(C)(Oc1ccc2cncc(-c3ccc(C#N)cc3)c2c1)C(=O)O,c1ccc(-c2cncc3ccccc23)cc1,C,slc22_fps_neighbor,urat1_curated.csv,True,6.67,URAT1,,CHEMBL6000020
N#Cc1ccc(SC2(C(=O)O)CCC2)c2ccccc12,c1ccc2c(SC3CCC3)cccc2c1,C,slc22_fps_neighbor,urat1_curated.csv,True,6.03,URAT1,,CHEMBL3747094
N#Cc1cc(S(=O)(=O)Nc2ccc(F)cn2)ccc1Oc1cnc(N2CCC2)c(Cl)c1,O=S(=O)(Nc1ccccn1)c1ccc(Oc2ccc(N3CCC3)nc2)cc1,C,slc22_fps_neighbor,urat1_curated.csv,True,6.0,URAT1,,CHEMBL3688193
N#CCCc1ccc2nccc(SC3(C(=O)O)CCC3)c2c1,c1ccc2c(SC3CCC3)ccnc2c1,C,slc22_fps_neighbor,urat1_curated.csv,True,5.56,URAT1,,CHEMBL3746798
O=S(=O)(Nc1ccccc1OC(F)F)c1ccccc1C(F)(F)F,O=S(=O)(Nc1ccccc1)c1ccccc1,C,slc22_fps_neighbor,urat1_curated.csv,True,5.71,URAT1,,CHEMBL3955827
COc1ncccc1NS(=O)(=O)CSc1nnc(Br)n1Cc1ccc(Br)c2ccccc12,O=S(=O)(CSc1nncn1Cc1cccc2ccccc12)Nc1cccnc1,C,slc22_fps_neighbor,urat1_curated.csv,True,5.39,URAT1,,CHEMBL4573946
CC(C)(Sc1ccncc1-c1ccc(C#N)c2ccccc12)C(=O)[O-].[Na+],c1cncc(-c2cccc3ccccc23)c1,C,slc22_fps_neighbor,urat1_curated.csv,True,6.77,URAT1,,CHEMBL5170470
CC(C)(Sc1ccc2cnnc(-c3ccc(C#N)c4ccccc34)c2c1)C(=O)O,c1ccc2c(-c3nncc4ccccc34)cccc2c1,C,slc22_fps_neighbor,urat1_curated.csv,True,6.01,URAT1,,CHEMBL5916178
Cc1cc(Oc2ccc(S(=O)(=O)Nc3ccc(F)cn3)c(F)c2)cc(C)c1C#N,O=S(=O)(Nc1ccccn1)c1ccc(Oc2ccccc2)cc1,C,slc22_fps_neighbor,urat1_curated.csv,True,7.68,URAT1,,CHEMBL3948311
CC(C)(Sc1nnc(Br)n1-c1sc(-c2ccc(C(F)(F)F)cc2)c2c1CCCC2)C(=O)O,c1ccc(-c2sc(-n3cnnc3)c3c2CCCC3)cc1,C,slc22_fps_neighbor,urat1_curated.csv,True,5.56,URAT1,,CHEMBL5811943
Cc1cc(-n2c(Br)nnc2SC(C)C(=O)O)sc1-c1cccc(F)c1,c1ccc(-c2ccc(-n3cnnc3)s2)cc1,C,slc22_fps_neighbor,urat1_curated.csv,True,5.56,URAT1,,CHEMBL5779325
Cc1nn(Cc2c(Cl)cccc2Cl)c2cc(CS(=O)(=O)O)ccc12,c1ccc(Cn2ncc3ccccc32)cc1,C,slc22_fps_neighbor,urat1_curated.csv,True,6.18,URAT1,,CHEMBL3692030
O=C(O)CCCN(c1ccc(Cl)cc1)c1ccnc2ccc(C(F)(F)F)cc12,c1ccc(Nc2ccnc3ccccc23)cc1,C,slc22_fps_neighbor,urat1_curated.csv,True,6.31,URAT1,,CHEMBL6160672
Cc1cccc(C)c1Cn1nc(Cl)c2ccc(C(=O)O)cc21,c1ccc(Cn2ncc3ccccc32)cc1,C,slc22_fps_neighbor,urat1_curated.csv,True,7.28,URAT1,,CHEMBL3692039
O=C(c1cc(Cl)c(O)c(Cl)c1)n1ccc2ncccc21,O=C(c1ccccc1)n1ccc2ncccc21,C,slc22_fps_neighbor,urat1_curated.csv,True,5.81,URAT1,,CHEMBL5405072
COc1ccc(Sc2ccncc2Oc2ccc(C#N)c3ccccc23)c(CC(=O)[O-])c1.[Na+],c1ccc(Sc2ccncc2Oc2cccc3ccccc23)cc1,C,slc22_fps_neighbor,urat1_curated.csv,True,4.85,URAT1,,CHEMBL5184930
CC(C)(Sc1nnc(Br)n1-c1ccc(C2CC2)c2ccccc12)C(=O)O,c1ccc2c(-n3cnnc3)ccc(C3CC3)c2c1,C,slc22_fps_neighbor,urat1_curated.csv,True,5.67,URAT1,,CHEMBL5739748
CC(Sc1nc2cnccc2n1-c1ccc(C2CC2)c2ccccc12)C(=O)O,c1ccc2c(-n3cnc4cnccc43)ccc(C3CC3)c2c1,C,slc22_fps_neighbor,urat1_curated.csv,True,5.21,URAT1,,CHEMBL4750462
Cc1ccccc1S(=O)(=O)Nc1ccc(Cl)c(C#N)c1,O=S(=O)(Nc1ccccc1)c1ccccc1,C,slc22_fps_neighbor,urat1_curated.csv,True,6.74,URAT1,,CHEMBL3942205
CCc1cc2c(C(=O)c3cc(Br)c(O)c(Br)c3)c(O)ccc2o1,O=C(c1ccccc1)c1cccc2occc12,C,slc22_fps_neighbor,urat1_curated.csv,True,7.08,URAT1,,CHEMBL1767109
N#Cc1ccnc(NS(=O)(=O)c2ccc(Oc3ccc(F)c(Cl)c3)c(C#N)c2)c1,O=S(=O)(Nc1ccccn1)c1ccc(Oc2ccccc2)cc1,C,slc22_fps_neighbor,urat1_curated.csv,True,6.9,URAT1,,CHEMBL3688182
Cc1cc2cc(C#N)cc(-c3ccc(C(=O)O)c(O)c3)c2o1,c1ccc(-c2cccc3ccoc23)cc1,C,slc22_fps_neighbor,urat1_curated.csv,True,6.21,URAT1,,CHEMBL5596244
Cc1nn(Cc2c(Cl)cccc2Cl)c2cc(CCc3nnn[nH]3)ccc12,c1ccc(Cn2ncc3ccc(CCc4nnn[nH]4)cc32)cc1,C,slc22_fps_neighbor,urat1_curated.csv,True,7.64,URAT1,,CHEMBL3692026
O=S(=O)(Nc1ccc(C(F)(F)F)nc1)c1ccccc1C(F)(F)F,O=S(=O)(Nc1cccnc1)c1ccccc1,C,slc22_fps_neighbor,urat1_curated.csv,True,7.38,URAT1,,CHEMBL3924161
O=C(O)CCCSc1nc(Nc2ccc(C3CC3)c3ccccc23)c2sccc2n1,c1ccc2c(C3CC3)ccc(Nc3ncnc4ccsc34)c2c1,C,slc22_fps_neighbor,urat1_curated.csv,True,5.7,URAT1,,CHEMBL5590320
Cc1cccc(C)c1Cn1cc(Cl)c2ccc(CC(=O)O)cc21,c1ccc(Cn2ccc3ccccc32)cc1,C,slc22_fps_neighbor,urat1_curated.csv,True,7.52,URAT1,,CHEMBL3691990
N#Cc1cc(-c2ccc(C(=O)O)c(O)c2)c2cc(Cl)sc2c1,c1ccc(-c2cccc3sccc23)cc1,C,slc22_fps_neighbor,urat1_curated.csv,True,7.04,URAT1,,CHEMBL5868375
Cc1nn(Cc2c(Cl)cccc2Cl)c2cc(OCC(=O)O)ccc12,c1ccc(Cn2ncc3ccccc32)cc1,C,slc22_fps_neighbor,urat1_curated.csv,True,6.04,URAT1,,CHEMBL3692029
Cn1c(C(F)(F)F)cc2c(-c3ccc(C(=O)O)c(O)c3)cc(C#N)cc21,c1ccc(-c2cccc3[nH]ccc23)cc1,C,slc22_fps_neighbor,urat1_curated.csv,True,6.63,URAT1,,CHEMBL5761087
N#Cc1ccc(-c2cncc3ccc(/C=C/C(=O)O)cc23)c2ccccc12,c1ccc2c(-c3cncc4ccccc34)cccc2c1,C,slc22_fps_neighbor,urat1_curated.csv,True,6.42,URAT1,,CHEMBL5960225
CC(C)(O)c1ccc(Oc2ccc(S(=O)(=O)Nc3ccc(F)cn3)cc2C#N)cc1,O=S(=O)(Nc1ccccn1)c1ccc(Oc2ccccc2)cc1,C,slc22_fps_neighbor,urat1_curated.csv,True,5.94,URAT1,,CHEMBL3688187
C=Cc1c(C(=O)O)ccc2c1CCc1c-2ccc(O)c1C,c1ccc2c(c1)CCc1ccccc1-2,C,slc22_fps_neighbor,oat_combined_transfer.csv,True,4.74,OAT1,,CHEMBL4519013
CCCc1ccc(Cn2c(Br)nnc2CC(C)(C)C(=O)O)c2ccccc12,c1ccc2c(Cn3cnnc3)cccc2c1,C,slc22_fps_neighbor,urat1_curated.csv,True,6.29,URAT1,,CHEMBL5818613
O=C(O)C1(Sc2ccnc3ccc(C4CC4)cc23)CCC1,c1cc(SC2CCC2)c2cc(C3CC3)ccc2n1,C,slc22_fps_neighbor,urat1_curated.csv,True,6.18,URAT1,,CHEMBL3747353
O=S(=O)([O-])CSc1nnc(Br)n1Cc1ccc(Br)c2ccccc12.[Na+],c1ccc2c(Cn3cnnc3)cccc2c1,C,slc22_fps_neighbor,urat1_curated.csv,True,4.84,URAT1,,CHEMBL4568207
CC(C)(Sc1ccc2cnsc2c1-c1ccc(C#N)c(F)c1)C(=O)O,c1ccc(-c2cccc3cnsc23)cc1,C,slc22_fps_neighbor,urat1_curated.csv,True,6.79,URAT1,,CHEMBL5868805
N#Cc1ccc(-c2cnccc2SCCC(F)(F)C(=O)O)c2ccccc12,c1cncc(-c2cccc3ccccc23)c1,C,slc22_fps_neighbor,urat1_curated.csv,True,6.26,URAT1,,CHEMBL5966824
COc1cccnc1NS(=O)(=O)c1ccc(Oc2ccc(C#N)c(Cl)c2)c(C#N)c1,O=S(=O)(Nc1ccccn1)c1ccc(Oc2ccccc2)cc1,C,slc22_fps_neighbor,urat1_curated.csv,True,5.5,URAT1,,CHEMBL3683386
N#Cc1cccc(NS(=O)(=O)c2ccccc2C(F)(F)F)c1,O=S(=O)(Nc1ccccc1)c1ccccc1,C,slc22_fps_neighbor,urat1_curated.csv,True,6.78,URAT1,,CHEMBL3965811
N#Cc1ccc(Oc2ccc(S(=O)(=O)Nc3nncs3)cc2C#N)cc1Cl,O=S(=O)(Nc1nncs1)c1ccc(Oc2ccccc2)cc1,C,slc22_fps_neighbor,urat1_curated.csv,True,6.37,URAT1,,CHEMBL3975435
N#Cc1cc(-c2ccc(C(=O)O)c(O)c2)c2occ(C(F)(F)F)c2c1,c1ccc(-c2cccc3ccoc23)cc1,C,slc22_fps_neighbor,urat1_curated.csv,True,5.78,URAT1,,CHEMBL5598004
O=C(O)CC1(CSc2ccncc2-c2ccc(C3(O)CC3)cc2)CC1,c1cc(SCC2CC2)c(-c2ccc(C3CC3)cc2)cn1,C,slc22_fps_neighbor,urat1_curated.csv,True,6.26,URAT1,,CHEMBL5976612
Cc1cccc(C)c1CN1CC(C)c2ccc(CC(=O)O)cc21,c1ccc(CN2CCc3ccccc32)cc1,C,slc22_fps_neighbor,urat1_curated.csv,True,7.62,URAT1,,CHEMBL3691992
O=C(Nc1ccc2n[nH]nc2c1)c1c(O)[nH]c(=O)[nH]c1=O,O=C(Nc1ccc2n[nH]nc2c1)c1c[nH]c(=O)[nH]c1=O,C,slc22_fps_neighbor,urat1_curated.csv,True,5.87,URAT1,,CHEMBL5856657
Cc1cc(Oc2ccc(S(=O)(=O)Nc3ccc(F)cn3)cc2C#N)c(C(C)C)cc1Cl,O=S(=O)(Nc1ccccn1)c1ccc(Oc2ccccc2)cc1,C,slc22_fps_neighbor,urat1_curated.csv,True,6.1,URAT1,,CHEMBL3683417
O=C(c1cnccc1SC1(C(=O)O)CCC1)N1CCc2ccccc2C1,O=C(c1cnccc1SC1CCC1)N1CCc2ccccc2C1,C,slc22_fps_neighbor,urat1_curated.csv,True,4.92,URAT1,,CHEMBL5290341
N#Cc1cc(-c2ccc(C(=O)O)c(O)c2)c2sccc2c1,c1ccc(-c2cccc3ccsc23)cc1,C,slc22_fps_neighbor,urat1_curated.csv,True,6.35,URAT1,,CHEMBL5598423
O=C(Nc1ccc(-c2cc(O)n[nH]2)cc1)c1c(O)[nH]c(=O)[nH]c1=O,O=C(Nc1ccc(-c2ccn[nH]2)cc1)c1c[nH]c(=O)[nH]c1=O,C,slc22_fps_neighbor,urat1_curated.csv,True,5.04,URAT1,,CHEMBL5968035
CC(=O)OCC1=C(C(=O)O)N2C(=O)[C@@H](NC(=O)Cc3cccs3)[C@H]2SC1,O=C(Cc1cccs1)NC1C(=O)N2C=CCSC12,C,slc22_fps_neighbor,oat_combined_transfer.csv,True,6.66,OAT1,,CHEMBL617
Cc1cccc(C)c1COc1cccc(-c2nnn[nH]2)c1,c1ccc(COc2cccc(-c3nnn[nH]3)c2)cc1,C,slc22_fps_neighbor,urat1_curated.csv,True,6.03,URAT1,,CHEMBL3702596
O=C(O)/C=C/Cc1cccc2c1OC(c1ccc(Br)c3ccccc13)CC2=O,O=C1CC(c2cccc3ccccc23)Oc2ccccc21,C,slc22_fps_neighbor,urat1_curated.csv,True,6.14,URAT1,,CHEMBL5618811
O=C(Nc1ccncc1)c1c(O)[nH]c(=O)[nH]c1=O,O=C(Nc1ccncc1)c1c[nH]c(=O)[nH]c1=O,C,slc22_fps_neighbor,urat1_curated.csv,True,5.28,URAT1,,CHEMBL6015210
CC(C)CS(=O)(=O)Nc1ccncc1-c1ccc(C#N)c2ccccc12,c1cncc(-c2cccc3ccccc23)c1,C,slc22_fps_neighbor,urat1_curated.csv,True,6.22,URAT1,,CHEMBL4094280
N#Cc1ccc(-c2cnccc2SC2(C(=O)O)CCC2)n2ccc(F)c12,c1cc(-c2cnccc2SC2CCC2)n2cccc2c1,C,slc22_fps_neighbor,urat1_curated.csv,True,7.07,URAT1,,CHEMBL5777267
CC(CC(=O)O)c1ccc2cncc(-c3ccc(C#N)c4ccccc34)c2c1,c1ccc2c(-c3cncc4ccccc34)cccc2c1,C,slc22_fps_neighbor,urat1_curated.csv,True,7.62,URAT1,,CHEMBL5898112
N#Cc1ccc(-c2cncc3sc(CCC(=O)O)cc23)c2ccccc12,c1ccc2c(-c3cncc4sccc34)cccc2c1,C,slc22_fps_neighbor,urat1_curated.csv,True,7.46,URAT1,,CHEMBL6007316
O=C(c1ccc(O)c([N+](=O)[O-])c1)n1ccc2cccnc21,O=C(c1ccccc1)n1ccc2cccnc21,C,slc22_fps_neighbor,urat1_curated.csv,True,5.53,URAT1,,CHEMBL5421730
O=S(=O)(Nc1cccc(OC(F)(F)F)c1)c1ccccc1C(F)(F)F,O=S(=O)(Nc1ccccc1)c1ccccc1,C,slc22_fps_neighbor,urat1_curated.csv,True,5.83,URAT1,,CHEMBL3962348
Cc1ccc(C)c(Cn2cc(C)c3ccc(CC(=O)O)cc32)c1,c1ccc(Cn2ccc3ccccc32)cc1,C,slc22_fps_neighbor,urat1_curated.csv,True,7.2,URAT1,,CHEMBL3691996
O=C(O)CSc1nc2cnccc2n1Cc1ccc(C2CC2)c2ccccc12,c1ccc2c(C3CC3)ccc(Cn3cnc4cnccc43)c2c1,C,slc22_fps_neighbor,urat1_curated.csv,True,5.45,URAT1,,CHEMBL5200105
C/C(=C\Cc1c(O)ccc2c1OC(c1ccsc1)CC2=O)C(=O)O,O=C1CC(c2ccsc2)Oc2ccccc21,C,slc22_fps_neighbor,urat1_curated.csv,True,6.19,URAT1,,CHEMBL5620318
COc1cc(C(=O)n2ccc3cccnc32)cc(OC)c1O,O=C(c1ccccc1)n1ccc2cccnc21,C,slc22_fps_neighbor,urat1_curated.csv,True,5.31,URAT1,,CHEMBL5394644
CS(=O)(=O)Nc1ccncc1-c1ccc(C(F)(F)F)cc1,c1ccc(-c2cccnc2)cc1,C,slc22_fps_neighbor,urat1_curated.csv,True,5.39,URAT1,,CHEMBL4068847
CC(C)(Sc1ccc2ccccc2c1-c1ccc(C#N)c2ccccc12)C(=O)O,c1ccc2c(-c3cccc4ccccc34)cccc2c1,C,slc22_fps_neighbor,urat1_curated.csv,True,6.1,URAT1,,CHEMBL5756831
Cc1cc(C)c(Cn2nc(C)c3ccc(CC(=O)O)cc32)c(C)c1,c1ccc(Cn2ncc3ccccc32)cc1,C,slc22_fps_neighbor,urat1_curated.csv,True,7.03,URAT1,,CHEMBL3692009
N#Cc1cc(-c2ccc(C(=O)O)c(O)c2)c2ncoc2c1,c1ccc(-c2cccc3ocnc23)cc1,C,slc22_fps_neighbor,urat1_curated.csv,True,6.57,URAT1,,CHEMBL5965506
N#Cc1ccc(Oc2ccc(S(=O)(=O)Nc3ncc(F)cn3)cc2C#N)cc1Cl,O=S(=O)(Nc1ncccn1)c1ccc(Oc2ccccc2)cc1,C,slc22_fps_neighbor,urat1_curated.csv,True,5.71,URAT1,,CHEMBL3683375
CC(C)(Sc1ccc2cncc(-c3ccc(C#N)c4c3OCCO4)c2c1)C(=O)O,c1cc2c(c(-c3cncc4ccccc34)c1)OCCO2,C,slc22_fps_neighbor,urat1_curated.csv,True,7.21,URAT1,,CHEMBL5920428
Cc1nn(Cc2c(Cl)cccc2Cl)c2cc(C(C)C(=O)O)ccc12,c1ccc(Cn2ncc3ccccc32)cc1,C,slc22_fps_neighbor,urat1_curated.csv,True,7.12,URAT1,,CHEMBL3692011
O=C(O)C1(Sc2ccnc3ccncc23)CCC1,c1cc2nccc(SC3CCC3)c2cn1,C,slc22_fps_neighbor,urat1_curated.csv,True,5.71,URAT1,,CHEMBL3747643
Cn1nnnc1SCC1=C(C(=O)O)N2C(=O)[C@@H](NC(=O)[C@H](O)c3ccccc3)[C@H]2SC1,O=C(Cc1ccccc1)NC1C(=O)N2C=C(CSc3nnn[nH]3)CSC12,C,slc22_fps_neighbor,oat_combined_transfer.csv,True,7.52,OAT1,,CHEMBL1146
Nc1ncnc2c1ncn2CCOCP(=O)(O)O,c1ncc2nc[nH]c2n1,C,slc22_fps_neighbor,oat_combined_transfer.csv,True,4.55,OAT1,,CHEMBL484
CN(c1cnccc1SCCCC(=O)[O-])c1ccc(C#N)c2ccccc12.[Na+],c1cncc(Nc2cccc3ccccc23)c1,C,slc22_fps_neighbor,urat1_curated.csv,True,5.59,URAT1,,CHEMBL5209481
N#Cc1ccc(-c2c(SC3(C(=O)O)CCCCC3)ccc3cnsc23)cc1,c1ccc(-c2c(SC3CCCCC3)ccc3cnsc23)cc1,C,slc22_fps_neighbor,urat1_curated.csv,True,6.53,URAT1,,CHEMBL5829803
O=C(CSc1nnc(Br)n1Cc1ccc(Br)c2ccccc12)NO,c1ccc2c(Cn3cnnc3)cccc2c1,C,slc22_fps_neighbor,urat1_curated.csv,True,6.19,URAT1,,CHEMBL4468962
O=S(=O)(Nc1cnc2ccccc2c1)c1ccccc1C(F)(F)F,O=S(=O)(Nc1cnc2ccccc2c1)c1ccccc1,C,slc22_fps_neighbor,urat1_curated.csv,True,8.15,URAT1,,CHEMBL3971610
N#Cc1ccc(Oc2cnccc2SCc2cccc(C(=O)[O-])c2)c2ccccc12.[Na+],c1ccc(CSc2ccncc2Oc2cccc3ccccc23)cc1,C,slc22_fps_neighbor,urat1_curated.csv,True,5.18,URAT1,,CHEMBL5195683
N#Cc1cc(-c2ccc(C(=O)O)c(O)c2)c2ccccc2c1,c1ccc(-c2cccc3ccccc23)cc1,C,slc22_fps_neighbor,urat1_curated.csv,True,7.72,URAT1,,CHEMBL5993875
CC(C)(C)C(Sc1ccc2cnsc2c1-c1ccc(C#N)cc1)C(=O)O,c1ccc(-c2cccc3cnsc23)cc1,C,slc22_fps_neighbor,urat1_curated.csv,True,6.32,URAT1,,CHEMBL5874013
C/C(=C\Cc1cccc2c1OC(c1ccc(O)cc1)CC2=O)C(=O)O,O=C1CC(c2ccccc2)Oc2ccccc21,C,slc22_fps_neighbor,urat1_curated.csv,True,5.57,URAT1,,CHEMBL5618751
CC(C)Sc1nc(O)c(C(=O)Nc2ccc(-c3c[nH]nn3)cc2F)c(=O)[nH]1,O=C(Nc1ccc(-c2c[nH]nn2)cc1)c1cnc[nH]c1=O,C,slc22_fps_neighbor,urat1_curated.csv,True,4.73,URAT1,,CHEMBL5968055
COc1cccc(F)c1Oc1ccc(S(=O)(=O)Nc2ccc(F)cn2)cc1C#N,O=S(=O)(Nc1ccccn1)c1ccc(Oc2ccccc2)cc1,C,slc22_fps_neighbor,urat1_curated.csv,True,7.13,URAT1,,CHEMBL3683395
CSc1nc(O)c(C(=O)Nc2ccc(-c3c[nH]nn3)cc2C#N)c(=O)[nH]1,O=C(Nc1ccc(-c2c[nH]nn2)cc1)c1cnc[nH]c1=O,C,slc22_fps_neighbor,urat1_curated.csv,True,5.12,URAT1,,CHEMBL5765459
COc1ccccc1-c1cc(C(=O)Nc2ccccc2C(=O)O)nn1Cc1ccccn1,O=C(Nc1ccccc1)c1cc(-c2ccccc2)n(Cc2ccccn2)n1,C,slc22_fps_neighbor,urat1_curated.csv,True,5.37,URAT1,,CHEMBL6191166
O=C(Nc1ccc(O)cc1)c1c(O)[nH]c(=S)[nH]c1=O,O=C(Nc1ccccc1)c1c[nH]c(=S)[nH]c1=O,C,slc22_fps_neighbor,urat1_curated.csv,True,5.03,URAT1,,CHEMBL3971355
C=Cc1cc2c(cc1C(=O)O)CCc1c-2ccc(O)c1C,c1ccc2c(c1)CCc1ccccc1-2,C,slc22_fps_neighbor,oat_combined_transfer.csv,True,5.08,OAT1,,CHEMBL4584575
O=C(c1ccnc2ccc(Br)cc12)N1CC[C@@H]1CNS(=O)(=O)C(F)(F)F,O=C(c1ccnc2ccccc12)N1CCC1,C,slc22_fps_neighbor,urat1_curated.csv,True,5.51,URAT1,,CHEMBL5566509
CCc1nn(Cc2c(Cl)cccc2Cl)c2cc(CCC(=O)O)ccc12,c1ccc(Cn2ncc3ccccc32)cc1,C,slc22_fps_neighbor,urat1_curated.csv,True,7.58,URAT1,,CHEMBL3692035
COc1ccc(-c2sc(-n3c(Br)nnc3SC(C)(C)C(=O)O)cc2Cl)cc1,c1ccc(-c2ccc(-n3cnnc3)s2)cc1,C,slc22_fps_neighbor,urat1_curated.csv,True,5.56,URAT1,,CHEMBL5936726
COc1cc(-c2cc(C#N)cc3ccoc23)ccc1C(=O)O,c1ccc(-c2cccc3ccoc23)cc1,C,slc22_fps_neighbor,urat1_curated.csv,True,5.43,URAT1,,CHEMBL5596964
Cc1nn(Cc2c(Cl)cccc2Cl)c2cc(C(=O)CCC(=O)O)ccc12,c1ccc(Cn2ncc3ccccc32)cc1,C,slc22_fps_neighbor,urat1_curated.csv,True,7.17,URAT1,,CHEMBL3692022
O=S(=O)(CSc1nnc(Br)n1Cc1ccc(Br)c2ccccc12)Nc1ccc(Cl)nc1Cl,O=S(=O)(CSc1nncn1Cc1cccc2ccccc12)Nc1cccnc1,C,slc22_fps_neighbor,urat1_curated.csv,True,5.78,URAT1,,CHEMBL4445587
N#Cc1ccc(Nc2cnccc2Sc2ccc(Br)cc2CC(=O)[O-])c2ccccc12.[Na+],c1ccc(Sc2ccncc2Nc2cccc3ccccc23)cc1,C,slc22_fps_neighbor,urat1_curated.csv,True,5.38,URAT1,,CHEMBL5176381
CCc1oc2ccc(O)cc2c1C(=O)c1ccc(O)cc1,O=C(c1ccccc1)c1coc2ccccc12,C,slc22_fps_neighbor,urat1_curated.csv,True,5.6,URAT1,,CHEMBL1767090
O=C(O)CCCSc1ccncc1C(=O)N1CCOc2ccccc21,O=C(c1cccnc1)N1CCOc2ccccc21,C,slc22_fps_neighbor,urat1_curated.csv,True,5.0,URAT1,,CHEMBL5268478
O=C(O)CCCSc1nccc(Nc2ccc(C3CC3)c3ccccc23)n1,c1ccc2c(C3CC3)ccc(Nc3ccncn3)c2c1,C,slc22_fps_neighbor,urat1_curated.csv,True,5.33,URAT1,,CHEMBL5573620
N#Cc1ccc(Cl)c(NS(=O)(=O)c2ccccc2C(F)(F)F)c1,O=S(=O)(Nc1ccccc1)c1ccccc1,C,slc22_fps_neighbor,urat1_curated.csv,True,7.15,URAT1,,CHEMBL3950939
N#Cc1ccc(NS(=O)(=O)c2ccccc2C(F)(F)F)cc1Cl,O=S(=O)(Nc1ccccc1)c1ccccc1,C,slc22_fps_neighbor,urat1_curated.csv,True,7.75,URAT1,,CHEMBL3902309
Cc1cccc(C)c1CN1CCc2ccc(CC(=O)O)cc21,c1ccc(CN2CCc3ccccc32)cc1,C,slc22_fps_neighbor,urat1_curated.csv,True,7.11,URAT1,,CHEMBL3691991
N#Cc1cc(-c2ccc(C(=O)O)c(O)c2)c2ccoc2c1,c1ccc(-c2cccc3occc23)cc1,C,slc22_fps_neighbor,urat1_curated.csv,True,6.76,URAT1,,CHEMBL5597164
N#Cc1cc2c(c(-c3ccc(C(=O)O)c(O)c3)c1)CCC2,c1ccc(-c2cccc3c2CCC3)cc1,C,slc22_fps_neighbor,urat1_curated.csv,True,6.97,URAT1,,CHEMBL5596181
N#Cc1ccc(-c2cnccc2SC2(C(=O)O)CCC2)n2c(Cl)ccc12,c1cc(-c2cnccc2SC2CCC2)n2cccc2c1,C,slc22_fps_neighbor,urat1_curated.csv,True,7.05,URAT1,,CHEMBL5945732
Cc1nn(Cc2c(F)cccc2Cl)c2cc(CC(=O)O)ccc12,c1ccc(Cn2ncc3ccccc32)cc1,C,slc22_fps_neighbor,urat1_curated.csv,True,7.0,URAT1,,CHEMBL3692006
Cc1cc(-n2c(Br)nnc2SC(C)(C)C(=O)O)sc1C1CC1,c1cc(-n2cnnc2)sc1C1CC1,C,slc22_fps_neighbor,urat1_curated.csv,True,5.56,URAT1,,CHEMBL5862279
Cc1nn(Cc2c(Cl)cccc2Cl)c2cc(C(F)(F)C(=O)O)ccc12,c1ccc(Cn2ncc3ccccc32)cc1,C,slc22_fps_neighbor,urat1_curated.csv,True,7.82,URAT1,,CHEMBL3692056
N#Cc1ccc(-c2cncc3cc(C(=O)O)sc23)c2ccccc12,c1ccc2c(-c3cncc4ccsc34)cccc2c1,C,slc22_fps_neighbor,urat1_curated.csv,True,5.54,URAT1,,CHEMBL5814191
N#Cc1ccc(Oc2ccc(S(=O)(=O)Nc3ccc(F)cn3)cc2)cc1F,O=S(=O)(Nc1ccccn1)c1ccc(Oc2ccccc2)cc1,C,slc22_fps_neighbor,urat1_curated.csv,True,7.06,URAT1,,CHEMBL3893511
O=S(=O)(Nc1ccccc1F)c1ccccc1C(F)(F)F,O=S(=O)(Nc1ccccc1)c1ccccc1,C,slc22_fps_neighbor,urat1_curated.csv,True,5.44,URAT1,,CHEMBL3902419
CSc1nc(O)c(C(=O)Nc2ncc(-c3c[nH]nn3)cc2C(F)(F)F)c(=O)[nH]1,O=C(Nc1ccc(-c2c[nH]nn2)cn1)c1cnc[nH]c1=O,C,slc22_fps_neighbor,urat1_curated.csv,True,4.7,URAT1,,CHEMBL5765233
CCOc1cc(C)ccc1Oc1ccc(S(=O)(=O)Nc2ccc(F)cn2)cc1C#N,O=S(=O)(Nc1ccccn1)c1ccc(Oc2ccccc2)cc1,C,slc22_fps_neighbor,urat1_curated.csv,True,5.04,URAT1,,CHEMBL3683422
CCc1cc2cc(O)cc(C(=O)c3cc(Br)c(O)c(Br)c3)c2o1,O=C(c1ccccc1)c1cccc2ccoc12,C,slc22_fps_neighbor,urat1_curated.csv,True,6.54,URAT1,,CHEMBL1767111
CCc1oc2ccc(OC)cc2c1C(=O)c1cc(Br)c(O)c(Br)c1,O=C(c1ccccc1)c1coc2ccccc12,C,slc22_fps_neighbor,urat1_curated.csv,True,7.38,URAT1,,CHEMBL1767106
N#Cc1ccc(-c2cncc3ccc(C(=O)O)cc23)cc1,c1ccc(-c2cncc3ccccc23)cc1,C,slc22_fps_neighbor,urat1_curated.csv,True,5.6,URAT1,,CHEMBL6026923
N#Cc1cc(C(=O)N2CCc3ccccc32)ccc1O,O=C(c1ccccc1)N1CCc2ccccc21,C,slc22_fps_neighbor,urat1_curated.csv,True,5.6,URAT1,,CHEMBL4762461
CC(C)(Sc1ccncc1C(=O)N1CCc2ccccc2C1)C(=O)O,O=C(c1cccnc1)N1CCc2ccccc2C1,C,slc22_fps_neighbor,urat1_curated.csv,True,4.86,URAT1,,CHEMBL5278304
C[C@@H](CC(=O)O)c1cc2c(-c3ccc(C#N)c4ccccc34)cncc2s1,c1ccc2c(-c3cncc4sccc34)cccc2c1,C,slc22_fps_neighbor,urat1_curated.csv,True,7.43,URAT1,,CHEMBL5965238
CC(C)(Sc1ccncc1-c1ccc(C#N)c2c(Cl)ccn12)C(=O)O,c1cncc(-c2cccc3cccn23)c1,C,slc22_fps_neighbor,urat1_curated.csv,True,7.17,URAT1,,CHEMBL6003588
CC(Sc1ccc2cncc(-c3ccc(C#N)c4ccccc34)c2c1)C(=O)O,c1ccc2c(-c3cncc4ccccc34)cccc2c1,C,slc22_fps_neighbor,urat1_curated.csv,True,7.0,URAT1,,CHEMBL5897167
O=C(c1ccnc2ccc(Nc3ccc(Cl)cc3)cc12)N1CCC[C@H]1CNS(=O)(=O)C(F)(F)F,O=C(c1ccnc2ccc(Nc3ccccc3)cc12)N1CCCC1,C,slc22_fps_neighbor,urat1_curated.csv,True,6.12,URAT1,,CHEMBL5564066
C=Cc1cc(O)cc2c1-c1ccc(O)c(C)c1CC2,c1ccc2c(c1)CCc1ccccc1-2,C,slc22_fps_neighbor,oat_combined_transfer.csv,True,4.63,OAT1,,CHEMBL205119
N#Cc1ccc(-c2cnccc2NS(=O)(=O)c2ccccc2)cc1,O=S(=O)(Nc1ccncc1-c1ccccc1)c1ccccc1,C,slc22_fps_neighbor,urat1_curated.csv,True,6.41,URAT1,,CHEMBL4074756
CC(C)(C)c1ccc(Nc2cncc(-c3ccc(C(=O)O)c(O)c3)c2)cc1,c1ccc(Nc2cncc(-c3ccccc3)c2)cc1,C,slc22_fps_neighbor,urat1_curated.csv,True,4.15,URAT1,,CHEMBL5564048
N#Cc1ccc(-c2cncc3cc(CC(=O)O)sc23)cc1,c1ccc(-c2cncc3ccsc23)cc1,C,slc22_fps_neighbor,urat1_curated.csv,True,5.27,URAT1,,CHEMBL5949731
Cc1cn(Cc2cccc(Cl)c2Cl)c2cc(CC(=O)O)ccc12,c1ccc(Cn2ccc3ccccc32)cc1,C,slc22_fps_neighbor,urat1_curated.csv,True,7.28,URAT1,,CHEMBL3691995
O=C(O)C1(Sc2ccnc3ccc(-c4cccc(F)c4)cc23)CCC1,c1ccc(-c2ccc3nccc(SC4CCC4)c3c2)cc1,C,slc22_fps_neighbor,urat1_curated.csv,True,6.2,URAT1,,CHEMBL3745813
O=C(O)C1(Sc2nnc(Br)n2-c2cc(Cl)c(C3CC3)s2)CCC1,c1cc(-n2cnnc2SC2CCC2)sc1C1CC1,C,slc22_fps_neighbor,urat1_curated.csv,True,5.56,URAT1,,CHEMBL5873100
CC(C)(Sc1ccc2cncc(-c3cccc4c(C#N)cccc34)c2c1)C(=O)O,c1ccc2c(-c3cncc4ccccc34)cccc2c1,C,slc22_fps_neighbor,urat1_curated.csv,True,7.72,URAT1,,CHEMBL5786822
N#Cc1ccc(Oc2ccc(S(=O)(=O)Nc3ccncn3)cc2C#N)cc1Cl,O=S(=O)(Nc1ccncn1)c1ccc(Oc2ccccc2)cc1,C,slc22_fps_neighbor,urat1_curated.csv,True,5.29,URAT1,,CHEMBL3683371
CC(C)(Oc1nc2ncccc2n1-c1ccc(C2CC2)c2ccccc12)C(=O)O,c1ccc2c(-n3cnc4ncccc43)ccc(C3CC3)c2c1,C,slc22_fps_neighbor,urat1_curated.csv,True,5.51,URAT1,,CHEMBL5200839
Cc1nn(Cc2c(Cl)cccc2C2CC2)c2cc(-c3nnn[nH]3)cnc12,c1ccc(C2CC2)c(Cn2ncc3ncc(-c4nnn[nH]4)cc32)c1,C,slc22_fps_neighbor,urat1_curated.csv,True,7.26,URAT1,,CHEMBL3692047
O=S(=O)(CSc1nnc(Br)n1Cc1ccc(Br)c2ccccc12)Nc1cnccc1I,O=S(=O)(CSc1nncn1Cc1cccc2ccccc12)Nc1cccnc1,C,slc22_fps_neighbor,urat1_curated.csv,True,4.98,URAT1,,CHEMBL4551589
O=C(O)CSc1nc2sccc2c(=O)n1-c1ccc(C2CC2)c2ccccc12,O=c1c2ccsc2ncn1-c1ccc(C2CC2)c2ccccc12,C,slc22_fps_neighbor,urat1_curated.csv,True,5.49,URAT1,,CHEMBL5271398
C/C(=C\Cc1cccc2c1OC(c1csc3ccccc13)CC2=O)C(=O)O,O=C1CC(c2csc3ccccc23)Oc2ccccc21,C,slc22_fps_neighbor,urat1_curated.csv,True,6.02,URAT1,,CHEMBL5619241
Cc1cc(-n2c(Br)nnc2SC(C(=O)O)c2ccccc2)sc1C1CC1,c1ccc(CSc2nncn2-c2ccc(C3CC3)s2)cc1,C,slc22_fps_neighbor,urat1_curated.csv,True,5.56,URAT1,,CHEMBL5841699
N#Cc1c(Cl)cccc1NS(=O)(=O)c1ccccc1C(F)(F)F,O=S(=O)(Nc1ccccc1)c1ccccc1,C,slc22_fps_neighbor,urat1_curated.csv,True,7.64,URAT1,,CHEMBL3978281
N#Cc1cc(S(=O)(=O)Nc2ccc(F)cn2)ccc1Oc1ccc(F)c(F)c1Cl,O=S(=O)(Nc1ccccn1)c1ccc(Oc2ccccc2)cc1,C,slc22_fps_neighbor,urat1_curated.csv,True,7.3,URAT1,,CHEMBL3683451
N#Cc1cc2c(c(-c3ccc(C(=O)O)c(O)c3)c1)OCO2,c1ccc(-c2cccc3c2OCO3)cc1,C,slc22_fps_neighbor,urat1_curated.csv,True,6.09,URAT1,,CHEMBL5969650
N#Cc1ccc(Nc2cnccc2SCCCC(=O)[O-])c2ccccc12.[Na+],c1cncc(Nc2cccc3ccccc23)c1,C,slc22_fps_neighbor,urat1_curated.csv,True,5.56,URAT1,,CHEMBL5172623
O=C(O)CCc1cc2c(Cc3c(Cl)cccc3Cl)cccc2s1,c1ccc(Cc2cccc3sccc23)cc1,C,slc22_fps_neighbor,urat1_curated.csv,True,6.27,URAT1,,CHEMBL5872579
O=C(O)c1cnc2c(Cl)nn(Cc3c(Cl)cccc3Cl)c2c1,c1ccc(Cn2ncc3ncccc32)cc1,C,slc22_fps_neighbor,urat1_curated.csv,True,6.79,URAT1,,CHEMBL3692051
N#Cc1cc(S(=O)(=O)Nc2ccc(F)cn2)ccc1Oc1ccc(Cl)c(CO)c1,O=S(=O)(Nc1ccccn1)c1ccc(Oc2ccccc2)cc1,C,slc22_fps_neighbor,urat1_curated.csv,True,6.97,URAT1,,CHEMBL3688191
N#Cc1cncc(Oc2ccc(S(=O)(=O)Nc3ccc(F)cn3)cc2C#N)c1,O=S(=O)(Nc1ccccn1)c1ccc(Oc2cccnc2)cc1,C,slc22_fps_neighbor,urat1_curated.csv,True,5.96,URAT1,,CHEMBL3683485
O=C(Nc1ccc(-c2c[nH]nn2)c(C(F)(F)F)c1)c1c(O)[nH]c(=O)[nH]c1=O,O=C(Nc1ccc(-c2c[nH]nn2)cc1)c1c[nH]c(=O)[nH]c1=O,C,slc22_fps_neighbor,urat1_curated.csv,True,5.57,URAT1,,CHEMBL5891141
O=C(c1cnccc1SC1(C(=O)O)CCC1)N1CCOc2ccccc21,O=C(c1cnccc1SC1CCC1)N1CCOc2ccccc21,C,slc22_fps_neighbor,urat1_curated.csv,True,4.91,URAT1,,CHEMBL5266247
CC(C)(Sc1nc2ccccc2n1-c1ccc(C2CC2)c2ccccc12)C(=O)O,c1ccc2c(c1)ncn2-c1ccc(C2CC2)c2ccccc12,C,slc22_fps_neighbor,urat1_curated.csv,True,4.65,URAT1,,CHEMBL5755878
CC(C)(C)c1cc(C(=O)N2CCc3ccccc32)cc(C#N)c1O,O=C(c1ccccc1)N1CCc2ccccc21,C,slc22_fps_neighbor,urat1_curated.csv,True,4.5,URAT1,,CHEMBL4753182
N#Cc1ccc(-c2cnccc2Sc2ccccc2C(=O)O)c2ccccc12,c1ccc(Sc2ccncc2-c2cccc3ccccc23)cc1,C,slc22_fps_neighbor,urat1_curated.csv,True,6.26,URAT1,,CHEMBL5779144
O=C(O)CCc1nnc(Br)n1Cc1ccc(C2CC2)c2ccccc12,c1ccc2c(C3CC3)ccc(Cn3cnnc3)c2c1,C,slc22_fps_neighbor,urat1_curated.csv,True,6.71,URAT1,,CHEMBL5766328
O=C(Nc1ccc(-c2cnn[nH]2)cc1)c1c(O)[nH]c(=S)[nH]c1=O,O=C(Nc1ccc(-c2cnn[nH]2)cc1)c1c[nH]c(=S)[nH]c1=O,C,slc22_fps_neighbor,urat1_curated.csv,True,4.96,URAT1,,CHEMBL5860383
CCc1cc2c(C(=O)c3ccc(O)cc3)cc(OC)cc2o1,O=C(c1ccccc1)c1cccc2occc12,C,slc22_fps_neighbor,urat1_curated.csv,True,4.71,URAT1,,CHEMBL1767100
COc1ccc(-c2cnccc2NS(=O)(=O)C(F)(F)F)cc1,c1ccc(-c2cccnc2)cc1,C,slc22_fps_neighbor,urat1_curated.csv,True,6.67,URAT1,,CHEMBL4066146
O=C(c1cc(Br)c(O)c(Br)c1)n1ccc2cccnc21,O=C(c1ccccc1)n1ccc2cccnc21,C,slc22_fps_neighbor,urat1_curated.csv,True,5.64,URAT1,,CHEMBL5405794
Cc1cc(C(=O)n2ccc3cccnc32)ccc1O,O=C(c1ccccc1)n1ccc2cccnc21,C,slc22_fps_neighbor,urat1_curated.csv,True,5.23,URAT1,,CHEMBL5426916
O=S(=O)(CSc1nnc(Br)n1Cc1ccc(Br)c2ccccc12)Nc1ccc(Br)nc1,O=S(=O)(CSc1nncn1Cc1cccc2ccccc12)Nc1cccnc1,C,slc22_fps_neighbor,urat1_curated.csv,True,5.66,URAT1,,CHEMBL4554148
COc1ccc(C)c(Oc2ccc(S(=O)(=O)Nc3ccc(F)cn3)cc2C#N)c1,O=S(=O)(Nc1ccccn1)c1ccc(Oc2ccccc2)cc1,C,slc22_fps_neighbor,urat1_curated.csv,True,7.28,URAT1,,CHEMBL3683479
N#Cc1cc(S(=O)(=O)Nc2ccc(F)cn2)ccc1Oc1ccccc1C(F)(F)F,O=S(=O)(Nc1ccccn1)c1ccc(Oc2ccccc2)cc1,C,slc22_fps_neighbor,urat1_curated.csv,True,6.77,URAT1,,CHEMBL3683337
CC(C)(Sc1nc(Nc2ccc(C3CC3)c3ccccc23)c2ccccc2n1)C(=O)O,c1ccc2c(Nc3ccc(C4CC4)c4ccccc34)ncnc2c1,C,slc22_fps_neighbor,urat1_curated.csv,True,5.36,URAT1,,CHEMBL5555561
CC(Sc1ccncc1C(=O)N1CCc2ccccc2C1)C(=O)O,O=C(c1cccnc1)N1CCc2ccccc2C1,C,slc22_fps_neighbor,urat1_curated.csv,True,5.01,URAT1,,CHEMBL5289441
COCc1ccc2nccc(SC3(C(=O)O)CCC3)c2c1,c1ccc2c(SC3CCC3)ccnc2c1,C,slc22_fps_neighbor,urat1_curated.csv,True,6.705,URAT1,,CHEMBL3746658
O=C(O)C1(Sc2ccnc3ccc(C(F)(F)F)cc23)CCC1,c1ccc2c(SC3CCC3)ccnc2c1,C,slc22_fps_neighbor,urat1_curated.csv,True,7.21,URAT1,,CHEMBL3746480
O=C(O)CNC(=O)c1ccccc1,c1ccccc1,C,slc22_fps_neighbor,oat_combined_transfer.csv,True,4.44,OAT1,,CHEMBL461
CC(C)(Cc1ccc2cncc(-c3ccc(C#N)cc3)c2c1)C(=O)O,c1ccc(-c2cncc3ccccc23)cc1,C,slc22_fps_neighbor,urat1_curated.csv,True,7.72,URAT1,,CHEMBL5960864
Cc1nn(Cc2c(Cl)cccc2Cl)c2cc(CCC(N)=O)ccc12,c1ccc(Cn2ncc3ccccc32)cc1,C,slc22_fps_neighbor,urat1_curated.csv,True,6.73,URAT1,,CHEMBL3692023
N#Cc1cc(-c2ccc(C(=O)O)c(O)c2)c2ccsc2c1,c1ccc(-c2cccc3sccc23)cc1,C,slc22_fps_neighbor,urat1_curated.csv,True,7.35,URAT1,,CHEMBL5598112
O=S(=O)(Nc1cncc(Br)c1)c1ccccc1C(F)(F)F,O=S(=O)(Nc1cccnc1)c1ccccc1,C,slc22_fps_neighbor,urat1_curated.csv,True,7.46,URAT1,,CHEMBL3984949
COc1cccc(N(CCCC(=O)O)c2ccnc3ccc(C(F)(F)F)cc23)c1,c1ccc(Nc2ccnc3ccccc23)cc1,C,slc22_fps_neighbor,urat1_curated.csv,True,6.03,URAT1,,CHEMBL6160542
N#Cc1cc(S(=O)(=O)Nc2ccc(F)cn2)ccc1Oc1ccc(C#N)c(C2CC2)c1,O=S(=O)(Nc1ccccn1)c1ccc(Oc2cccc(C3CC3)c2)cc1,C,slc22_fps_neighbor,urat1_curated.csv,True,7.43,URAT1,,CHEMBL3683482
CS(=O)(=O)Nc1ccnc2ccc(Br)cc12,c1ccc2ncccc2c1,C,slc22_fps_neighbor,urat1_curated.csv,True,5.44,URAT1,,CHEMBL4076833
CC(C)(Sc1ccc2cncc(-c3ccc(C#N)c(Cl)c3)c2c1)C(=O)O,c1ccc(-c2cncc3ccccc23)cc1,C,slc22_fps_neighbor,urat1_curated.csv,True,7.26,URAT1,,CHEMBL5856878
Cc1cccc(C)c1Cn1nc(C)c2ccc(CCC(=O)O)cc21,c1ccc(Cn2ncc3ccccc32)cc1,C,slc22_fps_neighbor,urat1_curated.csv,True,7.39,URAT1,,CHEMBL3692017
N#Cc1cc(C(=O)N2CS(=O)(=O)c3ccccc32)cc(C2CC2)c1O,O=C(c1cccc(C2CC2)c1)N1CS(=O)(=O)c2ccccc21,C,slc22_fps_neighbor,urat1_curated.csv,True,4.72,URAT1,,CHEMBL4740995
C[C@@H](Oc1ccc2cncc(-c3ccc(C#N)cc3)c2c1)C(=O)O,c1ccc(-c2cncc3ccccc23)cc1,C,slc22_fps_neighbor,urat1_curated.csv,True,5.26,URAT1,,CHEMBL5988445
N#Cc1ccc2nccc(SC3(C(=O)O)CCC3)c2c1,c1ccc2c(SC3CCC3)ccnc2c1,C,slc22_fps_neighbor,urat1_curated.csv,True,6.4,URAT1,,CHEMBL3747493
CO/N=C(\C(=O)N[C@@H]1C(=O)N2C(C(=O)O)=C(CSc3nc(=O)c(O)nn3C)CS[C@H]12)c1csc(N)n1,N=C(C(=O)NC1C(=O)N2C=C(CSc3nc(=O)cn[nH]3)CSC12)c1cscn1,C,slc22_fps_neighbor,oat_combined_transfer.csv,True,6.64,OAT1,,CHEMBL161
N#Cc1ccc(Oc2ccc(S(=O)(=O)Nc3cccnc3)cc2C#N)cc1Cl,O=S(=O)(Nc1cccnc1)c1ccc(Oc2ccccc2)cc1,C,slc22_fps_neighbor,urat1_curated.csv,True,6.390000000000001,URAT1,,CHEMBL3683376
COc1ccc(NS(=O)(=O)c2ccccc2C(F)(F)F)cn1,O=S(=O)(Nc1cccnc1)c1ccccc1,C,slc22_fps_neighbor,urat1_curated.csv,True,5.93,URAT1,,CHEMBL3920960
CS(=O)(=O)Nc1ccncc1-c1cccc(F)c1,c1ccc(-c2cccnc2)cc1,C,slc22_fps_neighbor,urat1_curated.csv,True,5.55,URAT1,,CHEMBL4096139
CCc1oc2ccccc2c1C(=O)c1cc(Br)c(O)c(Br)c1,O=C(c1ccccc1)c1coc2ccccc12,C,slc22_fps_neighbor,oat_combined_transfer.csv,True,5.505,OAT1,,CHEMBL388590
CC(Cc1ccc2cncc(-c3ccc(C#N)c4ccccc34)c2c1)C(=O)O,c1ccc2c(-c3cncc4ccccc34)cccc2c1,C,slc22_fps_neighbor,urat1_curated.csv,True,7.82,URAT1,,CHEMBL5926965
Cc1nn(Cc2cccc(Cl)c2Cl)c2cc(-c3nnn[nH]3)cnc12,c1ccc(Cn2ncc3ncc(-c4nnn[nH]4)cc32)cc1,C,slc22_fps_neighbor,urat1_curated.csv,True,6.54,URAT1,,CHEMBL3692044
O=C(O)/C=C/Cc1c(O)ccc2c1OC(c1cccs1)CC2=O,O=C1CC(c2cccs2)Oc2ccccc21,C,slc22_fps_neighbor,urat1_curated.csv,True,5.66,URAT1,,CHEMBL5620142
CCOc1ncc(Oc2ccc(S(=O)(=O)Nc3ccc(F)cn3)cc2C#N)cc1Cl,O=S(=O)(Nc1ccccn1)c1ccc(Oc2cccnc2)cc1,C,slc22_fps_neighbor,urat1_curated.csv,True,6.62,URAT1,,CHEMBL3683409
Cc1cc(-n2c(Br)nnc2SCC(=O)O)sc1-c1ccccc1,c1ccc(-c2ccc(-n3cnnc3)s2)cc1,C,slc22_fps_neighbor,urat1_curated.csv,True,5.56,URAT1,,CHEMBL5782475
CCc1oc2cc(Br)c(O)c(Br)c2c1C(=O)c1ccc(OC)cc1,O=C(c1ccccc1)c1coc2ccccc12,C,slc22_fps_neighbor,urat1_curated.csv,True,4.63,URAT1,,CHEMBL1767115
Cc1ccc(Cl)c(C)c1Oc1ccc(S(=O)(=O)Nc2ccc(F)cn2)cc1C#N,O=S(=O)(Nc1ccccn1)c1ccc(Oc2ccccc2)cc1,C,slc22_fps_neighbor,urat1_curated.csv,True,6.87,URAT1,,CHEMBL3683453
Cc1cccc(Nc2cncc(-c3ccc(C(=O)O)c(O)c3)c2)c1,c1ccc(Nc2cncc(-c3ccccc3)c2)cc1,C,slc22_fps_neighbor,urat1_curated.csv,True,4.25,URAT1,,CHEMBL5559876
N#Cc1ccc(-c2cnccc2NS(=O)(=O)C(F)(F)F)c2ccccc12,c1cncc(-c2cccc3ccccc23)c1,C,slc22_fps_neighbor,urat1_curated.csv,True,8.0,URAT1,,CHEMBL4088988
C/C(=C\Cc1cccc2c1OC(c1cccs1)CC2=O)C(=O)O,O=C1CC(c2cccs2)Oc2ccccc21,C,slc22_fps_neighbor,urat1_curated.csv,True,6.07,URAT1,,CHEMBL5618194
CSc1nc(O)c(C(=O)Nc2ccc(-c3c[nH]nn3)c(F)c2)c(=O)[nH]1,O=C(Nc1ccc(-c2c[nH]nn2)cc1)c1cnc[nH]c1=O,C,slc22_fps_neighbor,urat1_curated.csv,True,5.73,URAT1,,CHEMBL5819142
O=C(O)CCOc1nc2ncccc2n1-c1ccc(C2CC2)c2ccccc12,c1ccc2c(-n3cnc4ncccc43)ccc(C3CC3)c2c1,C,slc22_fps_neighbor,urat1_curated.csv,True,5.31,URAT1,,CHEMBL5179331
Cc1ccc2nccc(SC3(C(=O)O)CCC3)c2c1,c1ccc2c(SC3CCC3)ccnc2c1,C,slc22_fps_neighbor,urat1_curated.csv,True,6.46,URAT1,,CHEMBL3746315
CC(Sc1ccncc1C(=O)N1CCOc2ccccc21)C(=O)O,O=C(c1cccnc1)N1CCOc2ccccc21,C,slc22_fps_neighbor,urat1_curated.csv,True,4.95,URAT1,,CHEMBL5267727
N#Cc1ccc(Oc2ccc(S(=O)(=O)Nc3cscn3)cc2C#N)cc1Cl,O=S(=O)(Nc1cscn1)c1ccc(Oc2ccccc2)cc1,C,slc22_fps_neighbor,urat1_curated.csv,True,6.96,URAT1,,CHEMBL3937205
N#Cc1ccc(Oc2ccc(S(=O)(=O)Nc3ncns3)cc2C#N)cc1Cl,O=S(=O)(Nc1ncns1)c1ccc(Oc2ccccc2)cc1,C,slc22_fps_neighbor,urat1_curated.csv,True,5.95,URAT1,,CHEMBL3946099
O=C(O)CCCN(c1ccccc1F)c1ccnc2ccc(C(F)(F)F)cc12,c1ccc(Nc2ccnc3ccccc23)cc1,C,slc22_fps_neighbor,urat1_curated.csv,True,6.19,URAT1,,CHEMBL6172772
CC(C)(C(=O)O)c1ccc2cncc(-c3ccc(C#N)c4ccccc34)c2c1,c1ccc2c(-c3cncc4ccccc34)cccc2c1,C,slc22_fps_neighbor,urat1_curated.csv,True,6.94,URAT1,,CHEMBL5921218
O=C(c1cc(Cl)c(O)c(Cl)c1)n1ncc2ccccc21,O=C(c1ccccc1)n1ncc2ccccc21,C,slc22_fps_neighbor,urat1_curated.csv,True,5.65,URAT1,,CHEMBL5397658
CCc1nn(Cc2c(Cl)cccc2Cl)c2cc(C(=O)O)ccc12,c1ccc(Cn2ncc3ccccc32)cc1,C,slc22_fps_neighbor,urat1_curated.csv,True,7.38,URAT1,,CHEMBL3692034
CC(Sc1nc2ncccc2n1-c1ccc(C2CC2)c2ccccc12)C(=O)O,c1ccc2c(-n3cnc4ncccc43)ccc(C3CC3)c2c1,C,slc22_fps_neighbor,urat1_curated.csv,True,5.8,URAT1,,CHEMBL4759016
Cc1nn(Cc2c(Cl)cccc2C2CC2)c2cc(CCC(=O)O)ccc12,c1ccc(C2CC2)c(Cn2ncc3ccccc32)c1,C,slc22_fps_neighbor,urat1_curated.csv,True,7.77,URAT1,,CHEMBL3692057
CC(C)(Cc1cc2cncc(-c3ccc(C#N)c4ccccc34)c2s1)C(=O)O,c1ccc2c(-c3cncc4ccsc34)cccc2c1,C,slc22_fps_neighbor,urat1_curated.csv,True,6.86,URAT1,,CHEMBL5953598
CC(C)(Sc1ccc2cnsc2c1-c1cccc(C#N)c1)C(=O)O,c1ccc(-c2cccc3cnsc23)cc1,C,slc22_fps_neighbor,urat1_curated.csv,True,6.69,URAT1,,CHEMBL5870641
CC(C)(Sc1ccncc1-c1ccc(C#N)c2cc(Cl)cn12)C(=O)O,c1cncc(-c2cccc3cccn23)c1,C,slc22_fps_neighbor,urat1_curated.csv,True,7.52,URAT1,,CHEMBL5824346
CN(c1cnccc1SCc1cccc(C(=O)[O-])c1)c1ccc(C#N)c2ccccc12.[Na+],c1ccc(CSc2ccncc2Nc2cccc3ccccc23)cc1,C,slc22_fps_neighbor,urat1_curated.csv,True,5.45,URAT1,,CHEMBL5192799
N#Cc1cc(S(=O)(=O)Nc2ccc(F)cn2)ccc1Oc1cc(F)c(C#N)c(Cl)c1,O=S(=O)(Nc1ccccn1)c1ccc(Oc2ccccc2)cc1,C,slc22_fps_neighbor,urat1_curated.csv,True,8.1,URAT1,,CHEMBL3688188
N#CCOc1ccc2nccc(SC3(C(=O)O)CCC3)c2c1,c1ccc2c(SC3CCC3)ccnc2c1,C,slc22_fps_neighbor,urat1_curated.csv,True,6.17,URAT1,,CHEMBL3746317
CC(C)(Sc1ccc2cnsc2c1-c1ccc(C(F)(F)F)cc1)C(=O)O,c1ccc(-c2cccc3cnsc23)cc1,C,slc22_fps_neighbor,urat1_curated.csv,True,6.98,URAT1,,CHEMBL5834607
CCCc1ccc(Cn2c(Br)nnc2SC(C)(C)C(=O)O)c2ccccc12,c1ccc2c(Cn3cnnc3)cccc2c1,C,slc22_fps_neighbor,urat1_curated.csv,True,6.0,URAT1,,CHEMBL5913980
Cc1cn(Cc2c(F)cccc2Cl)c2cc(CC(=O)O)ccc12,c1ccc(Cn2ccc3ccccc32)cc1,C,slc22_fps_neighbor,urat1_curated.csv,True,7.55,URAT1,,CHEMBL3691997
O=C(O)CNC(=O)c1ccc(O)cc1,c1ccccc1,C,slc22_fps_neighbor,oat_combined_transfer.csv,True,4.6,OAT1,,CHEMBL500596
N#Cc1ccc(Oc2cnccc2SCc2ccc(-c3ccccc3C(=O)[O-])cc2)c2ccccc12.[Na+],c1ccc(-c2ccc(CSc3ccncc3Oc3cccc4ccccc34)cc2)cc1,C,slc22_fps_neighbor,urat1_curated.csv,True,4.82,URAT1,,CHEMBL5191628
O=C(c1ccnc2ccc(C3CCCCC3)cc12)N1CCC[C@H]1CNS(=O)(=O)C(F)(F)F,O=C(c1ccnc2ccc(C3CCCCC3)cc12)N1CCCC1,C,slc22_fps_neighbor,urat1_curated.csv,True,6.5,URAT1,,CHEMBL5537057
CC(C)(Sc1nc2ncccc2n1Cc1ccc(Br)c2ccccc12)C(=O)O,c1ccc2c(Cn3cnc4ncccc43)cccc2c1,C,slc22_fps_neighbor,urat1_curated.csv,True,5.87,URAT1,,CHEMBL5199889
CSc1nc(O)c(C(=O)Nc2ccc(-c3c[nH]nn3)cc2OC(F)(F)F)c(=O)[nH]1,O=C(Nc1ccc(-c2c[nH]nn2)cc1)c1cnc[nH]c1=O,C,slc22_fps_neighbor,urat1_curated.csv,True,5.31,URAT1,,CHEMBL5886087
O=C(c1cc(F)c(O)c(Cl)c1)N1CS(=O)(=O)c2ccccc21,O=C(c1ccccc1)N1CS(=O)(=O)c2ccccc21,C,slc22_fps_neighbor,urat1_curated.csv,True,4.47,URAT1,,CHEMBL4778323
O=C(Nc1ccccc1C(=O)O)c1cc(-c2ccc(Br)cc2)n(Cc2ccccn2)n1,O=C(Nc1ccccc1)c1cc(-c2ccccc2)n(Cc2ccccn2)n1,C,slc22_fps_neighbor,urat1_curated.csv,True,5.35,URAT1,,CHEMBL6189721
Cc1cccc(C)c1Cn1cc(C(C)C)c2ccc(C(=O)O)cc21,c1ccc(Cn2ccc3ccccc32)cc1,C,slc22_fps_neighbor,urat1_curated.csv,True,7.15,URAT1,,CHEMBL3692002
CC(Oc1nc2ncccc2n1-c1ccc(C2CC2)c2ccccc12)C(=O)O,c1ccc2c(-n3cnc4ncccc43)ccc(C3CC3)c2c1,C,slc22_fps_neighbor,urat1_curated.csv,True,5.43,URAT1,,CHEMBL5191410
N#Cc1cc(S(=O)(=O)Nc2ccc(F)cn2)ccc1Oc1cc(F)cc(C(F)(F)F)c1,O=S(=O)(Nc1ccccn1)c1ccc(Oc2ccccc2)cc1,C,slc22_fps_neighbor,urat1_curated.csv,True,6.0,URAT1,,CHEMBL3683326
N#Cc1ccc(-c2cnccc2SC2(C(=O)O)CCC2)n2cccc12,c1cc(-c2cnccc2SC2CCC2)n2cccc2c1,C,slc22_fps_neighbor,urat1_curated.csv,True,7.52,URAT1,,CHEMBL5900501
CC(C)(Cc1cc2cncc(-c3ccc(C#N)cc3)c2s1)C(=O)O,c1ccc(-c2cncc3ccsc23)cc1,C,slc22_fps_neighbor,urat1_curated.csv,True,7.38,URAT1,,CHEMBL5749863
CC(C)=CCc1c(O)ccc2c1OC(c1ccc(O)cc1)CC2=O,O=C1CC(c2ccccc2)Oc2ccccc21,C,slc22_fps_neighbor,urat1_curated.csv,True,6.640000000000001,URAT1,,CHEMBL5618175
CCc1nn(Cc2c(C)cccc2C)c2cc(CC(=O)O)ccc12,c1ccc(Cn2ncc3ccccc32)cc1,C,slc22_fps_neighbor,urat1_curated.csv,True,7.3,URAT1,,CHEMBL3692032
Cc1cc2c(-c3ccc(C(=O)O)c(O)c3)cc(C#N)cc2o1,c1ccc(-c2cccc3occc23)cc1,C,slc22_fps_neighbor,urat1_curated.csv,True,7.16,URAT1,,CHEMBL5945779
N#Cc1cc(-c2ccc(C(=O)O)c(O)c2)c2oc(C(F)(F)F)cc2c1,c1ccc(-c2cccc3ccoc23)cc1,C,slc22_fps_neighbor,urat1_curated.csv,True,6.98,URAT1,,CHEMBL5597097
N#Cc1cc(C(=O)N2CCc3ccccc32)cc(Cl)c1O,O=C(c1ccccc1)N1CCc2ccccc21,C,slc22_fps_neighbor,urat1_curated.csv,True,4.83,URAT1,,CHEMBL4744854
Cc1ccc(NS(=O)(=O)c2ccc(Oc3ccc(C#N)c(Cl)c3)c(C#N)c2)nc1,O=S(=O)(Nc1ccccn1)c1ccc(Oc2ccccc2)cc1,C,slc22_fps_neighbor,urat1_curated.csv,True,6.63,URAT1,,CHEMBL3688186
CC(C)(Sc1ccncc1Oc1ccc(C#N)c2ccccc12)C(=O)[O-].[Na+],c1cncc(Oc2cccc3ccccc23)c1,C,slc22_fps_neighbor,urat1_curated.csv,True,5.28,URAT1,,CHEMBL5179446
N#Cc1ccc(Nc2cnccc2SCc2cccc(C(=O)[O-])c2)c2ccccc12.[Na+],c1ccc(CSc2ccncc2Nc2cccc3ccccc23)cc1,C,slc22_fps_neighbor,urat1_curated.csv,True,5.71,URAT1,,CHEMBL5176974
O=C(CSc1nc2sccc2c(=O)n1-c1ccc(C2CC2)c2ccccc12)NS(=O)(=O)c1ccc(Cl)s1,O=C(CSc1nc2sccc2c(=O)n1-c1ccc(C2CC2)c2ccccc12)NS(=O)(=O)c1cccs1,C,slc22_fps_neighbor,urat1_curated.csv,True,5.01,URAT1,,CHEMBL5278085
CC(C)(Sc1nc2ccccc2n1-c1ccccc1F)C(=O)O,c1ccc(-n2cnc3ccccc32)cc1,C,slc22_fps_neighbor,urat1_curated.csv,True,4.65,URAT1,,CHEMBL5788558
N#Cc1ccc(Oc2cnccc2Sc2cccc([N+](=O)[O-])c2CC(=O)[O-])c2ccccc12.[Na+],c1ccc(Sc2ccncc2Oc2cccc3ccccc23)cc1,C,slc22_fps_neighbor,urat1_curated.csv,True,4.98,URAT1,,CHEMBL5202543
Cc1cc(Cl)cc(Oc2ccc(S(=O)(=O)Nc3ccc(F)cn3)cc2C#N)c1,O=S(=O)(Nc1ccccn1)c1ccc(Oc2ccccc2)cc1,C,slc22_fps_neighbor,urat1_curated.csv,True,6.87,URAT1,,CHEMBL3683301
CCc1nn(Cc2c(Cl)cccc2Cl)c2cc(-c3nnn[nH]3)cnc12,c1ccc(Cn2ncc3ncc(-c4nnn[nH]4)cc32)cc1,C,slc22_fps_neighbor,urat1_curated.csv,True,7.28,URAT1,,CHEMBL3692050
CCc1ccc(Nc2cncc(-c3ccc(C(=O)O)c(O)c3)c2)cc1,c1ccc(Nc2cncc(-c3ccccc3)c2)cc1,C,slc22_fps_neighbor,urat1_curated.csv,True,4.5,URAT1,,CHEMBL5556428
COc1ccc(Nc2cncc(-c3ccc(C(=O)O)c(O)c3)c2)cc1,c1ccc(Nc2cncc(-c3ccccc3)c2)cc1,C,slc22_fps_neighbor,urat1_curated.csv,True,4.23,URAT1,,CHEMBL5567720
N#Cc1cc(NS(=O)(=O)c2ccccc2OC(F)(F)F)ccc1Cl,O=S(=O)(Nc1ccccc1)c1ccccc1,C,slc22_fps_neighbor,urat1_curated.csv,True,7.7,URAT1,,CHEMBL3947681
N#Cc1ccc(-c2cnccc2SC2(C(=O)O)CCC2)n2cc(C(F)(F)F)cc12,c1cc(-c2cnccc2SC2CCC2)n2cccc2c1,C,slc22_fps_neighbor,urat1_curated.csv,True,7.36,URAT1,,CHEMBL5880811
CS(=O)(=O)Nc1ccncc1-c1ccc(C#N)cc1,c1ccc(-c2cccnc2)cc1,C,slc22_fps_neighbor,urat1_curated.csv,True,6.69,URAT1,,CHEMBL4103898
O=C(O)C1(Sc2ccnc3ccccc23)CCC1,c1ccc2c(SC3CCC3)ccnc2c1,C,slc22_fps_neighbor,urat1_curated.csv,True,6.475,URAT1,,CHEMBL3747343
O=C(c1cc(Cl)c(O)c(Cl)c1)n1ccc2cccnc21,O=C(c1ccccc1)n1ccc2cccnc21,C,slc22_fps_neighbor,urat1_curated.csv,True,6.1,URAT1,,CHEMBL5439993
CSc1ccccc1Oc1ccc(S(=O)(=O)Nc2ccc(F)cn2)cc1C#N,O=S(=O)(Nc1ccccn1)c1ccc(Oc2ccccc2)cc1,C,slc22_fps_neighbor,urat1_curated.csv,True,6.3,URAT1,,CHEMBL3683430
C#Cc1cc(C(=O)N2CS(=O)(=O)c3ccccc32)cc(C#N)c1O,O=C(c1ccccc1)N1CS(=O)(=O)c2ccccc21,C,slc22_fps_neighbor,urat1_curated.csv,True,5.5,URAT1,,CHEMBL4749075
COc1cc(C(=O)N2CS(=O)(=O)c3ccccc32)cc(Cl)c1O,O=C(c1ccccc1)N1CS(=O)(=O)c2ccccc21,C,slc22_fps_neighbor,urat1_curated.csv,True,5.37,URAT1,,CHEMBL4792097
CSc1cc(C(=O)N2CS(=O)(=O)c3ccccc32)cc(C#N)c1O,O=C(c1ccccc1)N1CS(=O)(=O)c2ccccc21,C,slc22_fps_neighbor,urat1_curated.csv,True,5.15,URAT1,,CHEMBL4756915
N#Cc1ccc(-c2cncc3cc(CCC(=O)O)sc23)c2ccccc12,c1ccc2c(-c3cncc4ccsc34)cccc2c1,C,slc22_fps_neighbor,urat1_curated.csv,True,7.06,URAT1,,CHEMBL5933764
CCc1cc2c(C(=O)c3ccc(OC)cc3)cc(Br)c(O)c2o1,O=C(c1ccccc1)c1cccc2occc12,C,slc22_fps_neighbor,urat1_curated.csv,True,6.11,URAT1,,CHEMBL1767117
C=Cc1cc(C(=O)O)cc2c1-c1ccc(O)c(C)c1CC2,c1ccc2c(c1)CCc1ccccc1-2,C,slc22_fps_neighbor,oat_combined_transfer.csv,True,5.36,OAT1,,CHEMBL4562825
N#Cc1ccc(Oc2cc(F)c(S(=O)(=O)Nc3ncc(F)cn3)cc2Cl)cc1Cl,O=S(=O)(Nc1ncccn1)c1ccc(Oc2ccccc2)cc1,C,slc22_fps_neighbor,urat1_curated.csv,True,5.75,URAT1,,CHEMBL3688179
N#Cc1ccc(Oc2ccc(S(=O)(=O)Nc3nccs3)cc2C#N)cc1Cl,O=S(=O)(Nc1nccs1)c1ccc(Oc2ccccc2)cc1,C,slc22_fps_neighbor,urat1_curated.csv,True,7.24,URAT1,,CHEMBL3966948
CN(C)c1ccc(-c2sc(-n3cnnc3SC(C)(C)C(=O)O)c3c2CCCC3)cc1Br,c1ccc(-c2sc(-n3cnnc3)c3c2CCCC3)cc1,C,slc22_fps_neighbor,urat1_curated.csv,True,5.56,URAT1,,CHEMBL5943715
N#Cc1ccc(Nc2cnccc2SCc2ccc(-c3ccccc3C(=O)[O-])cc2)c2ccccc12.[Na+],c1ccc(-c2ccc(CSc3ccncc3Nc3cccc4ccccc34)cc2)cc1,C,slc22_fps_neighbor,urat1_curated.csv,True,5.33,URAT1,,CHEMBL5190081
COc1c(Oc2ccc(S(=O)(=O)Nc3ccc(F)cn3)cc2C#N)ccc(F)c1C,O=S(=O)(Nc1ccccn1)c1ccc(Oc2ccccc2)cc1,C,slc22_fps_neighbor,urat1_curated.csv,True,6.88,URAT1,,CHEMBL3683457
COc1ccc(Oc2ccc(S(=O)(=O)Nc3ccc(F)cn3)cc2C#N)cn1,O=S(=O)(Nc1ccccn1)c1ccc(Oc2cccnc2)cc1,C,slc22_fps_neighbor,urat1_curated.csv,True,6.89,URAT1,,CHEMBL3683478
CN(c1cnccc1SC(C)(C)C(=O)[O-])c1ccc(C#N)c2ccccc12.[Na+],c1cncc(Nc2cccc3ccccc23)c1,C,slc22_fps_neighbor,urat1_curated.csv,True,5.27,URAT1,,CHEMBL5183915
COc1ccccc1-c1cnccc1NS(C)(=O)=O,c1ccc(-c2cccnc2)cc1,C,slc22_fps_neighbor,urat1_curated.csv,True,4.68,URAT1,,CHEMBL4064028
Cc1cncc(NS(=O)(=O)c2ccccc2C(F)(F)F)c1,O=S(=O)(Nc1cccnc1)c1ccccc1,C,slc22_fps_neighbor,urat1_curated.csv,True,6.73,URAT1,,CHEMBL3983987
N#Cc1cc(Cl)ccc1NS(=O)(=O)c1ccccc1C(F)(F)F,O=S(=O)(Nc1ccccc1)c1ccccc1,C,slc22_fps_neighbor,urat1_curated.csv,True,6.96,URAT1,,CHEMBL3890592
N#Cc1ccc(NS(=O)(=O)c2ccccc2C#N)cc1Cl,O=S(=O)(Nc1ccccc1)c1ccccc1,C,slc22_fps_neighbor,urat1_curated.csv,True,6.81,URAT1,,CHEMBL3920396
O=C(O)/C=C/Cc1cccc2c1OC(c1ccc(O)cc1)CC2=O,O=C1CC(c2ccccc2)Oc2ccccc21,C,slc22_fps_neighbor,urat1_curated.csv,True,5.37,URAT1,,CHEMBL5619161
O=S(=O)(CSc1nnc(Br)n1Cc1ccc(Br)c2ccccc12)Nc1cc(Cl)cnc1Cl,O=S(=O)(CSc1nncn1Cc1cccc2ccccc12)Nc1cccnc1,C,slc22_fps_neighbor,urat1_curated.csv,True,5.55,URAT1,,CHEMBL4556590
O=C(CSc1nc2sccc2c(=O)n1-c1ccc(C2CC2)c2ccccc12)NS(=O)(=O)c1ccc(F)cc1F,O=C(CSc1nc2sccc2c(=O)n1-c1ccc(C2CC2)c2ccccc12)NS(=O)(=O)c1ccccc1,C,slc22_fps_neighbor,urat1_curated.csv,True,5.0,URAT1,,CHEMBL5277066
COc1cc(C(=O)[O-])ccc1CSc1ccncc1N(C)c1ccc(C#N)c2ccccc12.[Na+],c1ccc(CSc2ccncc2Nc2cccc3ccccc23)cc1,C,slc22_fps_neighbor,urat1_curated.csv,True,6.34,URAT1,,CHEMBL5190525
C/C(=C\Cc1c(O)ccc2c1OC(c1ccc(Cl)cc1)CC2=O)C(=O)O,O=C1CC(c2ccccc2)Oc2ccccc21,C,slc22_fps_neighbor,urat1_curated.csv,True,5.54,URAT1,,CHEMBL5619622
Cc1cc(-n2c(Br)nnc2SC(C)C(=O)O)sc1-c1ccc(Cl)cc1,c1ccc(-c2ccc(-n3cnnc3)s2)cc1,C,slc22_fps_neighbor,urat1_curated.csv,True,5.56,URAT1,,CHEMBL5955239
O=C(O)c1ccc(-c2cncc(Nc3ccc(F)cc3)c2)cc1O,c1ccc(Nc2cncc(-c3ccccc3)c2)cc1,C,slc22_fps_neighbor,urat1_curated.csv,True,4.04,URAT1,,CHEMBL5562468
O=C(Nc1ccc(O)cc1)c1c(O)[nH]c(=O)[nH]c1=O,O=C(Nc1ccccc1)c1c[nH]c(=O)[nH]c1=O,C,slc22_fps_neighbor,urat1_curated.csv,True,5.58,URAT1,,CHEMBL3902528
O=C(c1ccnc2ccc(-c3cnoc3)cc12)N1CCC[C@H]1CNS(=O)(=O)C(F)(F)F,O=C(c1ccnc2ccc(-c3cnoc3)cc12)N1CCCC1,C,slc22_fps_neighbor,urat1_curated.csv,True,6.96,URAT1,,CHEMBL5566690
COc1ccc(-c2sc(-n3c(Br)nnc3SCC(=O)O)c3c2CCCC3)cc1,c1ccc(-c2sc(-n3cnnc3)c3c2CCCC3)cc1,C,slc22_fps_neighbor,urat1_curated.csv,True,5.56,URAT1,,CHEMBL5936412
O=C(O)CSc1nnc(Br)n1-c1sc(-c2ccc(Cl)c(Cl)c2)c2c1CCCC2,c1ccc(-c2sc(-n3cnnc3)c3c2CCCC3)cc1,C,slc22_fps_neighbor,urat1_curated.csv,True,5.56,URAT1,,CHEMBL6053898
Cc1nn(Cc2cccc(Cl)c2Cl)c2cc(CC(=O)O)ccc12,c1ccc(Cn2ncc3ccccc32)cc1,C,slc22_fps_neighbor,urat1_curated.csv,True,7.39,URAT1,,CHEMBL3692004
CC(CC(=O)O)c1cc2cncc(-c3ccc(C#N)c4ccccc34)c2s1,c1ccc2c(-c3cncc4ccsc34)cccc2c1,C,slc22_fps_neighbor,urat1_curated.csv,True,7.43,URAT1,,CHEMBL5866005
N#Cc1ccc(-c2cnccc2SC2CC(C(=O)O)C2)c2ccccc12,c1ccc2c(-c3cnccc3SC3CCC3)cccc2c1,C,slc22_fps_neighbor,urat1_curated.csv,True,6.26,URAT1,,CHEMBL5943943
O=C(O)/C=C/Cc1cccc2c1OC(c1cccs1)CC2=O,O=C1CC(c2cccs2)Oc2ccccc21,C,slc22_fps_neighbor,urat1_curated.csv,True,5.6,URAT1,,CHEMBL5620285
CC(C)(Sc1nc2c(c(Nc3ccc(C4CC4)c4ccccc34)n1)CCC2)C(=O)O,c1ccc2c(C3CC3)ccc(Nc3ncnc4c3CCC4)c2c1,C,slc22_fps_neighbor,urat1_curated.csv,True,5.4,URAT1,,CHEMBL5565332
Cc1ncccc1Oc1ccc(S(=O)(=O)Nc2ccc(F)cn2)cc1C#N,O=S(=O)(Nc1ccccn1)c1ccc(Oc2cccnc2)cc1,C,slc22_fps_neighbor,urat1_curated.csv,True,6.42,URAT1,,CHEMBL3639823
N#Cc1cc(S(=O)(=O)Nc2ccc(F)cn2)ccc1Oc1cccc(F)c1,O=S(=O)(Nc1ccccn1)c1ccc(Oc2ccccc2)cc1,C,slc22_fps_neighbor,urat1_curated.csv,True,6.59,URAT1,,CHEMBL3683338
O=C(c1ccc(O)c(F)c1)n1ccc2cccnc21,O=C(c1ccccc1)n1ccc2cccnc21,C,slc22_fps_neighbor,urat1_curated.csv,True,5.68,URAT1,,CHEMBL5412709
CC(Sc1nnc(Br)n1-c1sc(-c2ccc(Cl)c(Cl)c2)c2c1CCCC2)C(=O)O,c1ccc(-c2sc(-n3cnnc3)c3c2CCCC3)cc1,C,slc22_fps_neighbor,urat1_curated.csv,True,5.56,URAT1,,CHEMBL5923780
N#Cc1cc(-c2ccc(C(=O)O)c(O)c2)c2occc2c1,c1ccc(-c2cccc3ccoc23)cc1,C,slc22_fps_neighbor,urat1_curated.csv,True,6.85,URAT1,,CHEMBL5598394
CC(C)c1ccc(Cn2c(Br)nnc2SCC(=O)O)c2ccccc12,c1ccc2c(Cn3cnnc3)cccc2c1,C,slc22_fps_neighbor,urat1_curated.csv,True,6.32,URAT1,,CHEMBL5904704
N#Cc1ccc(-c2cncc3ccc(CC(=O)O)cc23)c2ccccc12,c1ccc2c(-c3cncc4ccccc34)cccc2c1,C,slc22_fps_neighbor,urat1_curated.csv,True,6.49,URAT1,,CHEMBL6022138
N#Cc1ccc(-c2cnccc2SCCC(=O)O)c2ccccc12,c1cncc(-c2cccc3ccccc23)c1,C,slc22_fps_neighbor,urat1_curated.csv,True,6.26,URAT1,,CHEMBL5802130
C/C(=C\Cc1cccc2c1OC(c1ccsc1)CC2=O)C(=O)O,O=C1CC(c2ccsc2)Oc2ccccc21,C,slc22_fps_neighbor,urat1_curated.csv,True,5.66,URAT1,,CHEMBL5618197
CCc1cc(F)ccc1Oc1ccc(S(=O)(=O)Nc2ccc(F)cn2)cc1C#N,O=S(=O)(Nc1ccccn1)c1ccc(Oc2ccccc2)cc1,C,slc22_fps_neighbor,urat1_curated.csv,True,6.74,URAT1,,CHEMBL3683342
N#Cc1ccc(-c2cnccc2SC2(C(=O)O)CCC2)c2cccn12,c1cc(-c2cnccc2SC2CCC2)c2cccn2c1,C,slc22_fps_neighbor,urat1_curated.csv,True,7.26,URAT1,,CHEMBL6027384
Cc1ccc(NS(=O)(=O)c2ccccc2C(F)(F)F)cn1,O=S(=O)(Nc1cccnc1)c1ccccc1,C,slc22_fps_neighbor,urat1_curated.csv,True,5.99,URAT1,,CHEMBL3915151
N#Cc1ccc(NS(=O)(=O)c2ccccc2C(F)(F)F)cc1,O=S(=O)(Nc1ccccc1)c1ccccc1,C,slc22_fps_neighbor,urat1_curated.csv,True,6.92,URAT1,,CHEMBL3944865
COc1cccc(-c2cc(C(=O)Nc3ccccc3C(=O)O)nn2Cc2ccccn2)c1,O=C(Nc1ccccc1)c1cc(-c2ccccc2)n(Cc2ccccn2)n1,C,slc22_fps_neighbor,urat1_curated.csv,True,5.16,URAT1,,CHEMBL6189954
N#Cc1cc(S(=O)(=O)Nc2ccc(F)cn2)ccc1Oc1cnc(C2CC2)c(Cl)c1,O=S(=O)(Nc1ccccn1)c1ccc(Oc2ccc(C3CC3)nc2)cc1,C,slc22_fps_neighbor,urat1_curated.csv,True,6.06,URAT1,,CHEMBL3683464
O=C(Nc1ccccc1C(=O)O)c1cc(-c2ccccc2C(F)(F)F)n(Cc2ccccn2)n1,O=C(Nc1ccccc1)c1cc(-c2ccccc2)n(Cc2ccccn2)n1,C,slc22_fps_neighbor,urat1_curated.csv,True,5.29,URAT1,,CHEMBL6190325
Nc1ccc2nccc(SC3(C(=O)O)CCC3)c2c1,c1ccc2c(SC3CCC3)ccnc2c1,C,slc22_fps_neighbor,urat1_curated.csv,True,5.75,URAT1,,CHEMBL3746048
O=C(CSc1nnc(Br)n1-c1ccc(C2CC2)c2ccccc12)NS(=O)(=O)c1ccc(Br)cc1,O=C(CSc1nncn1-c1ccc(C2CC2)c2ccccc12)NS(=O)(=O)c1ccccc1,C,slc22_fps_neighbor,urat1_curated.csv,True,5.38,URAT1,,CHEMBL4756866
O=C(O)CCc1nnc(Br)n1Cc1ccc(Br)c2ccccc12,c1ccc2c(Cn3cnnc3)cccc2c1,C,slc22_fps_neighbor,urat1_curated.csv,True,7.08,URAT1,,CHEMBL5828910
O=C(c1cc(Cl)c(O)c(C(F)(F)F)c1)N1CS(=O)(=O)c2ccccc21,O=C(c1ccccc1)N1CS(=O)(=O)c2ccccc21,C,slc22_fps_neighbor,urat1_curated.csv,True,5.58,URAT1,,CHEMBL4748804
CC(C)S(=O)(=O)NC(=O)CSc1nc2sccc2c(=O)n1-c1ccc(C2CC2)c2ccccc12,O=c1c2ccsc2ncn1-c1ccc(C2CC2)c2ccccc12,C,slc22_fps_neighbor,urat1_curated.csv,True,5.03,URAT1,,CHEMBL5269373
CC(C)c1ccc(Cn2c(Br)nnc2CC(C)(C)C(=O)O)c2ccccc12,c1ccc2c(Cn3cnnc3)cccc2c1,C,slc22_fps_neighbor,urat1_curated.csv,True,6.31,URAT1,,CHEMBL6038572
Cc1nn(Cc2cccc3ccccc23)c2cc(CC(=O)O)ccc12,c1ccc2c(Cn3ncc4ccccc43)cccc2c1,C,slc22_fps_neighbor,urat1_curated.csv,True,7.11,URAT1,,CHEMBL3692008
C/C(=C\Cc1c(O)ccc2c1OC(c1cccs1)CC2=O)C(=O)O,O=C1CC(c2cccs2)Oc2ccccc21,C,slc22_fps_neighbor,urat1_curated.csv,True,6.44,URAT1,,CHEMBL5618500
N#Cc1cc(F)c(Oc2ccc(S(=O)(=O)Nc3ccc(F)cn3)cc2C#N)cc1F,O=S(=O)(Nc1ccccn1)c1ccc(Oc2ccccc2)cc1,C,slc22_fps_neighbor,urat1_curated.csv,True,7.11,URAT1,,CHEMBL3683358
O=C(O)/C=C/Cc1cccc2c1OC(c1cc3ccccc3s1)CC2=O,O=C1CC(c2cc3ccccc3s2)Oc2ccccc21,C,slc22_fps_neighbor,urat1_curated.csv,True,5.72,URAT1,,CHEMBL5619255
CCc1oc2ccccc2c1C(=O)c1ccc(O)cc1,O=C(c1ccccc1)c1coc2ccccc12,C,slc22_fps_neighbor,urat1_curated.csv,True,5.55,URAT1,,CHEMBL1474963
O=C(CSc1nc2sccc2c(=O)n1-c1ccc(C2CC2)c2ccccc12)NS(=O)(=O)c1cccc([N+](=O)[O-])c1,O=C(CSc1nc2sccc2c(=O)n1-c1ccc(C2CC2)c2ccccc12)NS(=O)(=O)c1ccccc1,C,slc22_fps_neighbor,urat1_curated.csv,True,4.94,URAT1,,CHEMBL5285533
O=S(=O)(Nc1cncc(C(F)(F)F)c1)c1ccccc1C(F)(F)F,O=S(=O)(Nc1cccnc1)c1ccccc1,C,slc22_fps_neighbor,urat1_curated.csv,True,7.44,URAT1,,CHEMBL3929544
CCc1cc2c(C(=O)c3cc(Br)c(O)c(Br)c3)c(OC)ccc2o1,O=C(c1ccccc1)c1cccc2occc12,C,slc22_fps_neighbor,urat1_curated.csv,True,6.45,URAT1,,CHEMBL1767108
CCc1cc2cc(OC)cc(C(=O)c3cc(Br)c(O)c(Br)c3)c2o1,O=C(c1ccccc1)c1cccc2ccoc12,C,slc22_fps_neighbor,urat1_curated.csv,True,5.84,URAT1,,CHEMBL1767110
CS(=O)(=O)Nc1ccncc1-c1ccc(C#N)c2ccccc12,c1cncc(-c2cccc3ccccc23)c1,C,slc22_fps_neighbor,urat1_curated.csv,True,6.58,URAT1,,CHEMBL4078667
CC(C)(Sc1ccc2cncc(-c3ccc(C#N)cc3)c2c1)C(=O)O,c1ccc(-c2cncc3ccccc23)cc1,C,slc22_fps_neighbor,urat1_curated.csv,True,7.82,URAT1,,CHEMBL5791883
CC(C)(Sc1ccc2cncc(-c3ccc(C#N)c4ccc(F)cc34)c2c1)C(=O)O,c1ccc2c(-c3cncc4ccccc34)cccc2c1,C,slc22_fps_neighbor,urat1_curated.csv,True,7.15,URAT1,,CHEMBL5812692
COc1ccc(-c2ccc3nccc(N(CCCC(=O)O)c4cccc(F)c4)c3c2)cc1,c1ccc(Nc2ccnc3ccc(-c4ccccc4)cc23)cc1,C,slc22_fps_neighbor,urat1_curated.csv,True,5.5,URAT1,,CHEMBL6159636
Cc1cc(Cl)c(Oc2ccc(S(=O)(=O)Nc3ccc(F)cn3)cc2C#N)cc1C#N,O=S(=O)(Nc1ccccn1)c1ccc(Oc2ccccc2)cc1,C,slc22_fps_neighbor,urat1_curated.csv,True,7.24,URAT1,,CHEMBL3683312
O=S(=O)(CSc1nnc(Br)n1Cc1ccc(Br)c2ccccc12)Nc1ccc(Br)nc1Br,O=S(=O)(CSc1nncn1Cc1cccc2ccccc12)Nc1cccnc1,C,slc22_fps_neighbor,urat1_curated.csv,True,5.27,URAT1,,CHEMBL4473863
CC(C)c1cc(Oc2ccc(S(=O)(=O)Nc3ccc(F)cn3)cc2C#N)ccc1Cl,O=S(=O)(Nc1ccccn1)c1ccc(Oc2ccccc2)cc1,C,slc22_fps_neighbor,urat1_curated.csv,True,5.21,URAT1,,CHEMBL3683448
CN(C)c1ncc(Oc2ccc(S(=O)(=O)Nc3ccc(F)cn3)cc2C#N)cc1Cl,O=S(=O)(Nc1ccccn1)c1ccc(Oc2cccnc2)cc1,C,slc22_fps_neighbor,urat1_curated.csv,True,6.33,URAT1,,CHEMBL3688195
COc1cc(C(=O)[O-])ccc1CSc1ccncc1Oc1ccc(C#N)c2ccccc12.[Na+],c1ccc(CSc2ccncc2Oc2cccc3ccccc23)cc1,C,slc22_fps_neighbor,urat1_curated.csv,True,4.79,URAT1,,CHEMBL5208873
C/C(=C\Cc1c(O)ccc2c1OC(c1csc3ccccc13)CC2=O)C(=O)O,O=C1CC(c2csc3ccccc23)Oc2ccccc21,C,slc22_fps_neighbor,urat1_curated.csv,True,6.64,URAT1,,CHEMBL5618313
CC(C)(Sc1ccncc1-c1ccc(C#N)c2cccn12)C(=O)O,c1cncc(-c2cccc3cccn23)c1,C,slc22_fps_neighbor,urat1_curated.csv,True,7.18,URAT1,,CHEMBL6020788
CCCS(=O)(=O)Nc1ccncc1-c1ccc(C#N)c2ccccc12,c1cncc(-c2cccc3ccccc23)c1,C,slc22_fps_neighbor,urat1_curated.csv,True,5.96,URAT1,,CHEMBL4066753
CCc1oc2cc(O)ccc2c1C(=O)c1cc(Br)c(O)c(Br)c1,O=C(c1ccccc1)c1coc2ccccc12,C,slc22_fps_neighbor,urat1_curated.csv,True,6.7,URAT1,,CHEMBL1767079
COc1cc(Cl)ccc1Oc1ccc(S(=O)(=O)Nc2ccc(F)cn2)cc1C#N,O=S(=O)(Nc1ccccn1)c1ccc(Oc2ccccc2)cc1,C,slc22_fps_neighbor,urat1_curated.csv,True,7.1,URAT1,,CHEMBL3683427
O=C(O)C1(Sc2ccnc3ccc(Br)cc23)CC1,c1ccc2c(SC3CC3)ccnc2c1,C,slc22_fps_neighbor,urat1_curated.csv,True,6.470000000000001,URAT1,,CHEMBL3747024
C/C(=C\Cc1cccc2c1OC(c1ccc(Br)c3ccccc13)CC2=O)C(=O)O,O=C1CC(c2cccc3ccccc23)Oc2ccccc21,C,slc22_fps_neighbor,urat1_curated.csv,True,6.8,URAT1,,CHEMBL5618375
Cc1cc(Oc2ccc(S(=O)(=O)Nc3ccc(F)cn3)cc2C#N)cc(C)c1C#N,O=S(=O)(Nc1ccccn1)c1ccc(Oc2ccccc2)cc1,C,slc22_fps_neighbor,urat1_curated.csv,True,8.02,URAT1,,CHEMBL3683365
Cc1ccc(F)c(Oc2ccc(S(=O)(=O)Nc3ccc(F)cn3)cc2C#N)c1F,O=S(=O)(Nc1ccccn1)c1ccc(Oc2ccccc2)cc1,C,slc22_fps_neighbor,urat1_curated.csv,True,7.05,URAT1,,CHEMBL3683403
N#Cc1cc(S(=O)(=O)Nc2ccc(F)cn2)ccc1Oc1ccc(F)c(C(F)(F)F)c1,O=S(=O)(Nc1ccccn1)c1ccc(Oc2ccccc2)cc1,C,slc22_fps_neighbor,urat1_curated.csv,True,6.17,URAT1,,CHEMBL3683334
N#Cc1ccc(Oc2ccc(S(=O)(=O)Nc3cnccn3)cc2C#N)cc1Cl,O=S(=O)(Nc1cnccn1)c1ccc(Oc2ccccc2)cc1,C,slc22_fps_neighbor,urat1_curated.csv,True,5.53,URAT1,,CHEMBL3683377
O=C(O)CCCCCN(c1cccc(F)c1)c1ccnc2ccc(C(F)(F)F)cc12,c1ccc(Nc2ccnc3ccccc23)cc1,C,slc22_fps_neighbor,urat1_curated.csv,True,5.66,URAT1,,CHEMBL6168363
Cc1nn(Cc2c(Cl)cccc2Cl)c2cc(CCCC(=O)O)ccc12,c1ccc(Cn2ncc3ccccc32)cc1,C,slc22_fps_neighbor,urat1_curated.csv,True,7.8,URAT1,,CHEMBL3692024
O=C(O)C1(Sc2ccnc3ccc(OCCO)cc23)CCC1,c1ccc2c(SC3CCC3)ccnc2c1,C,slc22_fps_neighbor,urat1_curated.csv,True,5.72,URAT1,,CHEMBL3747172
N#Cc1cc(-c2ccc(C(=O)O)c(O)c2)c2cc(Cl)oc2c1,c1ccc(-c2cccc3occc23)cc1,C,slc22_fps_neighbor,urat1_curated.csv,True,7.85,URAT1,,CHEMBL5885206
N#Cc1cc(-c2ccc(C(=O)O)c(O)c2)c2cc(F)oc2c1,c1ccc(-c2cccc3occc23)cc1,C,slc22_fps_neighbor,urat1_curated.csv,True,7.47,URAT1,,CHEMBL5775400
N#Cc1cc(-c2ccc(C(=O)O)c(O)c2)c2cc(F)sc2c1,c1ccc(-c2cccc3sccc23)cc1,C,slc22_fps_neighbor,urat1_curated.csv,True,7.82,URAT1,,CHEMBL5860948
N#Cc1cc(-c2ccc(C(=O)O)c(O)c2)c2oc(Cl)cc2c1,c1ccc(-c2cccc3ccoc23)cc1,C,slc22_fps_neighbor,urat1_curated.csv,True,7.475,URAT1,,CHEMBL5597034
N#Cc1cc(-c2ccc(C(=O)O)c(O)c2)c2oc(F)cc2c1,c1ccc(-c2cccc3ccoc23)cc1,C,slc22_fps_neighbor,urat1_curated.csv,True,7.465,URAT1,,CHEMBL5591047
N#Cc1cc(C(=O)N2CCc3ccccc32)cc(I)c1O,O=C(c1ccccc1)N1CCc2ccccc21,C,slc22_fps_neighbor,urat1_curated.csv,True,5.28,URAT1,,CHEMBL4796932
O=C(O)c1ccc(-c2cncc(Nc3cccc(Cl)c3)c2)cc1O,c1ccc(Nc2cncc(-c3ccccc3)c2)cc1,C,slc22_fps_neighbor,urat1_curated.csv,True,4.89,URAT1,,CHEMBL5542244
N#Cc1cc(NS(=O)(=O)c2ccccc2C(F)(F)F)ccc1C(F)(F)F,O=S(=O)(Nc1ccccc1)c1ccccc1,C,slc22_fps_neighbor,urat1_curated.csv,True,7.5,URAT1,,CHEMBL3973326
N#Cc1cc(S(=O)(=O)Nc2ccc(F)cn2)ccc1Oc1c(Cl)cccc1C#N,O=S(=O)(Nc1ccccn1)c1ccc(Oc2ccccc2)cc1,C,slc22_fps_neighbor,urat1_curated.csv,True,6.38,URAT1,,CHEMBL3683359
O=C(O)CCCN(c1cccc(Br)c1)c1ccnc2ccc(C(F)(F)F)cc12,c1ccc(Nc2ccnc3ccccc23)cc1,C,slc22_fps_neighbor,urat1_curated.csv,True,6.11,URAT1,,CHEMBL6163421
C/C(=C\Cc1cccc2c1OC(c1cc(Br)cs1)CC2=O)C(=O)O,O=C1CC(c2cccs2)Oc2ccccc21,C,slc22_fps_neighbor,urat1_curated.csv,True,6.01,URAT1,,CHEMBL5619047
N#Cc1cc(S(=O)(=O)Nc2ccc(F)cn2)ccc1Oc1ccccc1Br,O=S(=O)(Nc1ccccn1)c1ccc(Oc2ccccc2)cc1,C,slc22_fps_neighbor,urat1_curated.csv,True,6.99,URAT1,,CHEMBL3683471
N#Cc1ccc(Oc2cnccc2SCC(=O)[O-])c2ccccc12.[Na+],c1cncc(Oc2cccc3ccccc23)c1,C,slc22_fps_neighbor,urat1_curated.csv,True,5.16,URAT1,,CHEMBL5201381
CC(C)(Sc1ccc2cnsc2c1-c1ccc(Cl)cc1)C(=O)O,c1ccc(-c2cccc3cnsc23)cc1,C,slc22_fps_neighbor,urat1_curated.csv,True,6.97,URAT1,,CHEMBL6025735
O=C([O-])CSc1nnc(Br)n1Cc1ccc(Br)c2ccccc12.[Na+],c1ccc2c(Cn3cnnc3)cccc2c1,C,slc22_fps_neighbor,urat1_curated.csv,True,7.03,URAT1,,CHEMBL4453888
N#Cc1ccc(Nc2cnccc2SCc2ccccc2C(=O)[O-])c2ccccc12.[Na+],c1ccc(CSc2ccncc2Nc2cccc3ccccc23)cc1,C,slc22_fps_neighbor,urat1_curated.csv,True,6.62,URAT1,,CHEMBL5202967
CC(C)(Sc1nc2ccccc2n1-c1ccc(C#N)c2ccccc12)C(=O)O,c1ccc2c(-n3cnc4ccccc43)cccc2c1,C,slc22_fps_neighbor,urat1_curated.csv,True,5.1,URAT1,,CHEMBL5791080
Cc1ccncc1Oc1ccc(S(=O)(=O)Nc2ccc(F)cn2)cc1C#N,O=S(=O)(Nc1ccccn1)c1ccc(Oc2cccnc2)cc1,C,slc22_fps_neighbor,urat1_curated.csv,True,6.1,URAT1,,CHEMBL3683477
N#Cc1ccc(Oc2ccc(S(=O)(=O)Nc3cc(F)ccn3)cc2C#N)cc1Cl,O=S(=O)(Nc1ccccn1)c1ccc(Oc2ccccc2)cc1,C,slc22_fps_neighbor,urat1_curated.csv,True,7.82,URAT1,,CHEMBL3683388
Cc1ccc(Nc2cncc(-c3ccc(C(=O)O)c(O)c3)c2)cc1F,c1ccc(Nc2cncc(-c3ccccc3)c2)cc1,C,slc22_fps_neighbor,urat1_curated.csv,True,4.51,URAT1,,CHEMBL5557479
O=C(O)c1ccc(-c2cncc(Nc3ccc(F)c(Cl)c3)c2)cc1O,c1ccc(Nc2cncc(-c3ccccc3)c2)cc1,C,slc22_fps_neighbor,urat1_curated.csv,True,4.43,URAT1,,CHEMBL5560875
Cc1ccc(Oc2ccc(S(=O)(=O)Nc3ccc(F)cn3)cc2C#N)cc1Cl,O=S(=O)(Nc1ccccn1)c1ccc(Oc2ccccc2)cc1,C,slc22_fps_neighbor,urat1_curated.csv,True,6.68,URAT1,,CHEMBL3683308
N#Cc1ccc(-c2cnccc2SC2(C(=O)O)CCC2)n2cc(Br)cc12,c1cc(-c2cnccc2SC2CCC2)n2cccc2c1,C,slc22_fps_neighbor,urat1_curated.csv,True,7.54,URAT1,,CHEMBL5828452
N#Cc1ccc(Oc2cnccc2SCc2ccccc2C(=O)[O-])c2ccccc12.[Na+],c1ccc(CSc2ccncc2Oc2cccc3ccccc23)cc1,C,slc22_fps_neighbor,urat1_curated.csv,True,5.16,URAT1,,CHEMBL5183898
N#Cc1ccc(Oc2ccc(S(=O)(=O)Nc3ccc(F)cn3)cc2C#N)c(Cl)c1,O=S(=O)(Nc1ccccn1)c1ccc(Oc2ccccc2)cc1,C,slc22_fps_neighbor,urat1_curated.csv,True,6.74,URAT1,,CHEMBL3683316
O=C(Nc1ccccc1C(=O)O)c1cc(-c2ccccc2Cl)n(Cc2ccccn2)n1,O=C(Nc1ccccc1)c1cc(-c2ccccc2)n(Cc2ccccn2)n1,C,slc22_fps_neighbor,urat1_curated.csv,True,5.16,URAT1,,CHEMBL6188475
Cc1cc(C(=O)n2ccc3cccnc32)cc(C)c1O,O=C(c1ccccc1)n1ccc2cccnc21,C,slc22_fps_neighbor,urat1_curated.csv,True,5.57,URAT1,,CHEMBL5436610
O=C(Nc1ccc(O)cc1F)c1c(O)[nH]c(=O)[nH]c1=O,O=C(Nc1ccccc1)c1c[nH]c(=O)[nH]c1=O,C,slc22_fps_neighbor,urat1_curated.csv,True,5.75,URAT1,,CHEMBL5974561
O=C(c1ccc(O)c(Br)c1)n1ccc2cccnc21,O=C(c1ccccc1)n1ccc2cccnc21,C,slc22_fps_neighbor,urat1_curated.csv,True,5.42,URAT1,,CHEMBL5396907
O=C(c1ccc(O)c(Cl)c1)n1ccc2cccnc21,O=C(c1ccccc1)n1ccc2cccnc21,C,slc22_fps_neighbor,urat1_curated.csv,True,5.8,URAT1,,CHEMBL5396194
N#Cc1ccc(Oc2ccc(S(=O)(=O)Nc3ccc(F)cn3)cc2Cl)cc1F,O=S(=O)(Nc1ccccn1)c1ccc(Oc2ccccc2)cc1,C,slc22_fps_neighbor,urat1_curated.csv,True,6.61,URAT1,,CHEMBL3688181
N#Cc1ccc(Oc2ccc(S(=O)(=O)Nc3ccccn3)cc2C#N)cc1Cl,O=S(=O)(Nc1ccccn1)c1ccc(Oc2ccccc2)cc1,C,slc22_fps_neighbor,urat1_curated.csv,True,6.960000000000001,URAT1,,CHEMBL3683373
O=C(O)C1(Sc2ccnc3ccc(-c4ccccc4F)cc23)CCC1,c1ccc(-c2ccc3nccc(SC4CCC4)c3c2)cc1,C,slc22_fps_neighbor,urat1_curated.csv,True,6.48,URAT1,,CHEMBL3747053
CN(c1cnccc1SCc1ccccc1C(=O)[O-])c1ccc(C#N)c2ccccc12.[Na+],c1ccc(CSc2ccncc2Nc2cccc3ccccc23)cc1,C,slc22_fps_neighbor,urat1_curated.csv,True,5.35,URAT1,,CHEMBL5171351
CNc1ncc(Oc2ccc(S(=O)(=O)Nc3ccc(F)cn3)cc2C#N)cc1Cl,O=S(=O)(Nc1ccccn1)c1ccc(Oc2cccnc2)cc1,C,slc22_fps_neighbor,urat1_curated.csv,True,6.59,URAT1,,CHEMBL3688194
COc1ccc2nccc(SC3(C(=O)O)CCC3)c2c1,c1ccc2c(SC3CCC3)ccnc2c1,C,slc22_fps_neighbor,urat1_curated.csv,True,6.46,URAT1,,CHEMBL3746049
Cc1cc(Cl)cc(Oc2ccc(S(=O)(=O)Nc3ccc(F)cn3)cc2C#N)c1C,O=S(=O)(Nc1ccccn1)c1ccc(Oc2ccccc2)cc1,C,slc22_fps_neighbor,urat1_curated.csv,True,6.29,URAT1,,CHEMBL3683443
O=S(=O)(CSc1nnc(Br)n1Cc1ccc(Br)c2ccccc12)Nc1cccnc1,O=S(=O)(CSc1nncn1Cc1cccc2ccccc12)Nc1cccnc1,C,slc22_fps_neighbor,urat1_curated.csv,True,7.5,URAT1,,CHEMBL4546569
CCc1nn(Cc2c(C)cccc2C)c2cc(C(=O)O)ccc12,c1ccc(Cn2ncc3ccccc32)cc1,C,slc22_fps_neighbor,urat1_curated.csv,True,7.46,URAT1,,CHEMBL3692033
O=C(Nc1ccccc1)c1c(O)[nH]c(=O)[nH]c1=O,O=C(Nc1ccccc1)c1c[nH]c(=O)[nH]c1=O,C,slc22_fps_neighbor,urat1_curated.csv,True,5.92,URAT1,,CHEMBL2164432
O=C(O)CSc1ccncc1C(=O)N1CCc2ccccc2C1,O=C(c1cccnc1)N1CCc2ccccc2C1,C,slc22_fps_neighbor,urat1_curated.csv,True,4.96,URAT1,,CHEMBL5282615
CC(C)(Sc1nc2ccccc2n1-c1ccc(Br)cc1F)C(=O)O,c1ccc(-n2cnc3ccccc32)cc1,C,slc22_fps_neighbor,urat1_curated.csv,True,4.65,URAT1,,CHEMBL5831831
Cc1nn(Cc2c(Cl)cccc2Cl)c2cc(C(=O)O)ccc12,c1ccc(Cn2ncc3ccccc32)cc1,C,slc22_fps_neighbor,urat1_curated.csv,True,7.19,URAT1,,CHEMBL3692015
O=C(O)C1(Sc2ccnc3ccc(CO)cc23)CCC1,c1ccc2c(SC3CCC3)ccnc2c1,C,slc22_fps_neighbor,urat1_curated.csv,True,5.9,URAT1,,CHEMBL3747215
O=C(O)C1(Sc2ccnc3ccc(F)cc23)CCC1,c1ccc2c(SC3CCC3)ccnc2c1,C,slc22_fps_neighbor,urat1_curated.csv,True,6.25,URAT1,,CHEMBL3746433
CC(C)(Cc1cc2c(-c3ccc(C#N)c4ccccc34)cncc2s1)C(=O)O,c1ccc2c(-c3cncc4sccc34)cccc2c1,C,slc22_fps_neighbor,urat1_curated.csv,True,7.75,URAT1,,CHEMBL5874127
CC(C)(Sc1nc2ccccc2n1-c1ccccc1)C(=O)O,c1ccc(-n2cnc3ccccc32)cc1,C,slc22_fps_neighbor,urat1_curated.csv,True,4.19,URAT1,,CHEMBL6010800
Cc1ccc(Nc2cncc(-c3ccc(C(=O)O)c(O)c3)c2)cc1,c1ccc(Nc2cncc(-c3ccccc3)c2)cc1,C,slc22_fps_neighbor,urat1_curated.csv,True,4.36,URAT1,,CHEMBL5562818
Cc1cccc(C)c1Cn1nc(C)c2ccc(C(=O)O)cc21,c1ccc(Cn2ncc3ccccc32)cc1,C,slc22_fps_neighbor,urat1_curated.csv,True,7.04,URAT1,,CHEMBL3692014
Cc1cccc(Oc2cncc(-c3ccc(C(=O)O)c(O)c3)c2)c1,c1ccc(Oc2cncc(-c3ccccc3)c2)cc1,C,slc22_fps_neighbor,urat1_curated.csv,True,4.06,URAT1,,CHEMBL5563962
O=C(O)CCCN(c1cccc(F)c1)c1ccnc2ccc(-c3ccc4ccccc4c3)cc12,c1ccc(Nc2ccnc3ccc(-c4ccc5ccccc5c4)cc23)cc1,C,slc22_fps_neighbor,urat1_curated.csv,True,5.29,URAT1,,CHEMBL6164271
O=C(O)CSc1nnc(Br)n1Cc1ccc(C2CC2)c2ccccc12,c1ccc2c(C3CC3)ccc(Cn3cnnc3)c2c1,C,slc22_fps_neighbor,urat1_curated.csv,True,6.7,URAT1,,CHEMBL5825096
O=C(O)CSc1nnc(Cl)n1Cc1ccc(C2CC2)c2ccccc12,c1ccc2c(C3CC3)ccc(Cn3cnnc3)c2c1,C,slc22_fps_neighbor,urat1_curated.csv,True,6.38,URAT1,,CHEMBL5972018
O=C(O)c1ccc(-c2cncc(Nc3ccc(Cl)cc3)c2)cc1O,c1ccc(Nc2cncc(-c3ccccc3)c2)cc1,C,slc22_fps_neighbor,urat1_curated.csv,True,4.24,URAT1,,CHEMBL5558910
O=C(O)c1ccc(-c2cncc(Oc3cccc(Cl)c3)c2)cc1O,c1ccc(Oc2cncc(-c3ccccc3)c2)cc1,C,slc22_fps_neighbor,urat1_curated.csv,True,4.25,URAT1,,CHEMBL5561100
COc1ccc(Sc2ccncc2Nc2ccc(C#N)c3ccccc23)c(CC(=O)[O-])c1.[Na+],c1ccc(Sc2ccncc2Nc2cccc3ccccc23)cc1,C,slc22_fps_neighbor,urat1_curated.csv,True,5.37,URAT1,,CHEMBL5172881
COc1cc(F)cc(Oc2ccc(S(=O)(=O)Nc3ccc(F)cn3)cc2C#N)c1,O=S(=O)(Nc1ccccn1)c1ccc(Oc2ccccc2)cc1,C,slc22_fps_neighbor,urat1_curated.csv,True,6.92,URAT1,,CHEMBL3683294
COc1ccc(Oc2ccc(S(=O)(=O)Nc3ccc(F)cn3)cc2C#N)cc1F,O=S(=O)(Nc1ccccn1)c1ccc(Oc2ccccc2)cc1,C,slc22_fps_neighbor,urat1_curated.csv,True,7.42,URAT1,,CHEMBL3683416
N#Cc1cc(S(=O)(=O)Nc2ccc(F)cn2)ccc1Oc1ccc(Cl)cc1,O=S(=O)(Nc1ccccn1)c1ccc(Oc2ccccc2)cc1,C,slc22_fps_neighbor,urat1_curated.csv,True,7.06,URAT1,,CHEMBL3683306
N#Cc1ccc(Oc2ccc(S(=O)(=O)Nc3ncccc3F)cc2C#N)cc1Cl,O=S(=O)(Nc1ccccn1)c1ccc(Oc2ccccc2)cc1,C,slc22_fps_neighbor,urat1_curated.csv,True,6.84,URAT1,,CHEMBL3683387
N#Cc1cc(NS(=O)(=O)c2ccccc2Cl)ccc1Cl,O=S(=O)(Nc1ccccc1)c1ccccc1,C,slc22_fps_neighbor,urat1_curated.csv,True,7.09,URAT1,,CHEMBL3933221
O=S(=O)(CSc1nnc(Br)n1Cc1ccc(Br)c2ccccc12)Nc1cccnc1Cl,O=S(=O)(CSc1nncn1Cc1cccc2ccccc12)Nc1cccnc1,C,slc22_fps_neighbor,urat1_curated.csv,True,5.29,URAT1,,CHEMBL4467680
N#Cc1cc(S(=O)(=O)Nc2ccc(F)cn2)ccc1Oc1cccc(C#N)c1F,O=S(=O)(Nc1ccccn1)c1ccc(Oc2ccccc2)cc1,C,slc22_fps_neighbor,urat1_curated.csv,True,5.66,URAT1,,CHEMBL3683361
COc1cc(C(=O)n2ccc3cccnc32)ccc1O,O=C(c1ccccc1)n1ccc2cccnc21,C,slc22_fps_neighbor,urat1_curated.csv,True,5.57,URAT1,,CHEMBL5417306
N#Cc1ccc(-c2cnccc2NS(=O)(=O)c2ccc(F)cc2)cc1,O=S(=O)(Nc1ccncc1-c1ccccc1)c1ccccc1,C,slc22_fps_neighbor,urat1_curated.csv,True,5.4,URAT1,,CHEMBL4095219
O=C(c1ccnc2ccc(-c3ccc(F)cc3)cc12)N1CCC[C@H]1CNS(=O)(=O)C(F)(F)F,O=C(c1ccnc2ccc(-c3ccccc3)cc12)N1CCCC1,C,slc22_fps_neighbor,urat1_curated.csv,True,6.35,URAT1,,CHEMBL5567952
N#Cc1ccc(NS(=O)(=O)c2ccc(Oc3ccc(F)c(Cl)c3)c(C#N)c2)nc1,O=S(=O)(Nc1ccccn1)c1ccc(Oc2ccccc2)cc1,C,slc22_fps_neighbor,urat1_curated.csv,True,7.21,URAT1,,CHEMBL3688183
Cc1nn(Cc2c(Cl)cccc2Cl)c2cc(C(C)(C)C(=O)O)ccc12,c1ccc(Cn2ncc3ccccc32)cc1,C,slc22_fps_neighbor,urat1_curated.csv,True,7.01,URAT1,,CHEMBL3692012
CC(C)(Sc1ccc2cncc(-c3ccc(C#N)cc3F)c2c1)C(=O)O,c1ccc(-c2cncc3ccccc23)cc1,C,slc22_fps_neighbor,urat1_curated.csv,True,7.24,URAT1,,CHEMBL5907979
N#Cc1ccc(Oc2ccc(S(=O)(=O)Nc3cccnn3)cc2C#N)cc1Cl,O=S(=O)(Nc1cccnn1)c1ccc(Oc2ccccc2)cc1,C,slc22_fps_neighbor,urat1_curated.csv,True,5.41,URAT1,,CHEMBL3683382
O=C(O)CSc1ccncc1C(=O)N1CCOc2ccccc21,O=C(c1cccnc1)N1CCOc2ccccc21,C,slc22_fps_neighbor,urat1_curated.csv,True,4.99,URAT1,,CHEMBL5290258
O=C(O)CSc1nnc(Br)n1-c1sc(-c2ccc(F)c(F)c2)c2c1CCCC2,c1ccc(-c2sc(-n3cnnc3)c3c2CCCC3)cc1,C,slc22_fps_neighbor,urat1_curated.csv,True,5.56,URAT1,,CHEMBL5754811
CCCc1ccc(Cn2c(Br)nnc2CCC(=O)O)c2ccccc12,c1ccc2c(Cn3cnnc3)cccc2c1,C,slc22_fps_neighbor,urat1_curated.csv,True,6.97,URAT1,,CHEMBL5829713
Cc1nn(Cc2c(Cl)cccc2Cl)c2cc(C(=O)O)cnc12,c1ccc(Cn2ncc3ncccc32)cc1,C,slc22_fps_neighbor,urat1_curated.csv,True,6.44,URAT1,,CHEMBL3692042
O=C(CSc1nc2sccc2c(=O)n1-c1ccc(C2CC2)c2ccccc12)NS(=O)(=O)c1ccccc1[N+](=O)[O-],O=C(CSc1nc2sccc2c(=O)n1-c1ccc(C2CC2)c2ccccc12)NS(=O)(=O)c1ccccc1,C,slc22_fps_neighbor,urat1_curated.csv,True,5.01,URAT1,,CHEMBL5273217
CSc1nc(O)c(C(=O)Nc2ccc(-c3c[nH]nn3)cc2OC(F)F)c(=O)[nH]1,O=C(Nc1ccc(-c2c[nH]nn2)cc1)c1cnc[nH]c1=O,C,slc22_fps_neighbor,urat1_curated.csv,True,5.64,URAT1,,CHEMBL5919922
N#Cc1cc(S(=O)(=O)Nc2ccc(F)cn2)ccc1Oc1cnc(OC(F)F)c(Cl)c1,O=S(=O)(Nc1ccccn1)c1ccc(Oc2cccnc2)cc1,C,slc22_fps_neighbor,urat1_curated.csv,True,7.28,URAT1,,CHEMBL3688184
N#Cc1ccc(-c2cnccc2Sc2ccc(C(=O)O)cc2)c2ccccc12,c1ccc(Sc2ccncc2-c2cccc3ccccc23)cc1,C,slc22_fps_neighbor,urat1_curated.csv,True,6.26,URAT1,,CHEMBL5762097
O=C(O)C1(Sc2ccnc3ccc(-c4cccc(C(F)(F)F)c4)cc23)CCC1,c1ccc(-c2ccc3nccc(SC4CCC4)c3c2)cc1,C,slc22_fps_neighbor,urat1_curated.csv,True,6.45,URAT1,,CHEMBL3747747
CC(C)(Sc1nc2cc(Br)ccc2n1-c1ccc(C#N)c2ccccc12)C(=O)O,c1ccc2c(-n3cnc4ccccc43)cccc2c1,C,slc22_fps_neighbor,urat1_curated.csv,True,5.1,URAT1,,CHEMBL5936124
CC(C)(Sc1nnc(Br)n1Cc1ccc(C2CC2)c2ccccc12)C(=O)O,c1ccc2c(C3CC3)ccc(Cn3cnnc3)c2c1,C,slc22_fps_neighbor,urat1_curated.csv,True,5.99,URAT1,,CHEMBL5794161
CCc1oc2cc(O)ccc2c1C(=O)c1ccc(O)cc1,O=C(c1ccccc1)c1coc2ccccc12,C,slc22_fps_neighbor,urat1_curated.csv,True,5.95,URAT1,,CHEMBL1767099
Cc1cc(F)ccc1Oc1ccc(S(=O)(=O)Nc2ccc(F)cn2)cc1C#N,O=S(=O)(Nc1ccccn1)c1ccc(Oc2ccccc2)cc1,C,slc22_fps_neighbor,urat1_curated.csv,True,7.02,URAT1,,CHEMBL3683429
Cc1nn(Cc2c(Cl)cccc2Cl)c2cc(Cc3n[nH]c(=O)o3)ccc12,O=c1[nH]nc(Cc2ccc3cnn(Cc4ccccc4)c3c2)o1,C,slc22_fps_neighbor,urat1_curated.csv,True,7.47,URAT1,,CHEMBL3692027
N#Cc1cc(S(=O)(=O)Nc2ccc(F)cn2)ccc1Oc1cnc(C#N)c(Cl)c1,O=S(=O)(Nc1ccccn1)c1ccc(Oc2cccnc2)cc1,C,slc22_fps_neighbor,urat1_curated.csv,True,6.81,URAT1,,CHEMBL3683354
Cc1cccc(C)c1Cn1cc(C)c2ccc(C(=O)O)cc21,c1ccc(Cn2ccc3ccccc32)cc1,C,slc22_fps_neighbor,urat1_curated.csv,True,7.34,URAT1,,CHEMBL3691987
O=C(O)c1ccc(-c2cncc(Nc3ccccc3)c2)cc1O,c1ccc(Nc2cncc(-c3ccccc3)c2)cc1,C,slc22_fps_neighbor,urat1_curated.csv,True,4.48,URAT1,,CHEMBL5558826
O=C(O)c1ccc(-c2cncc(Oc3ccc(Cl)cc3)c2)cc1O,c1ccc(Oc2cncc(-c3ccccc3)c2)cc1,C,slc22_fps_neighbor,urat1_curated.csv,True,4.19,URAT1,,CHEMBL5557108
N#Cc1ccc(Oc2cnccc2Sc2ccc(Br)cc2CC(=O)[O-])c2ccccc12.[Na+],c1ccc(Sc2ccncc2Oc2cccc3ccccc23)cc1,C,slc22_fps_neighbor,urat1_curated.csv,True,5.09,URAT1,,CHEMBL5175506
CC(C)(Sc1nc2ccccc2n1-c1ccc(Cl)cc1F)C(=O)O,c1ccc(-n2cnc3ccccc32)cc1,C,slc22_fps_neighbor,urat1_curated.csv,True,4.65,URAT1,,CHEMBL6013382
O=C(Nc1ccc(-c2nnn[nH]2)cc1)c1c(O)[nH]c(=O)[nH]c1=O,O=C(Nc1ccc(-c2nnn[nH]2)cc1)c1c[nH]c(=O)[nH]c1=O,C,slc22_fps_neighbor,urat1_curated.csv,True,5.02,URAT1,,CHEMBL5949882
O=C(O)CSc1nnc(Br)n1Cc1ccc(Br)c2ccccc12,c1ccc2c(Cn3cnnc3)cccc2c1,C,slc22_fps_neighbor,urat1_curated.csv,True,7.09,URAT1,,CHEMBL4598359
N#Cc1ccc(Oc2ccc(S(=O)(=O)Nc3ncccn3)cc2C#N)cc1Cl,O=S(=O)(Nc1ncccn1)c1ccc(Oc2ccccc2)cc1,C,slc22_fps_neighbor,urat1_curated.csv,True,5.74,URAT1,,CHEMBL3683374
CC(C)Sc1nc(O)c(C(=O)Nc2ccc(-c3c[nH]nn3)cc2)c(=O)[nH]1,O=C(Nc1ccc(-c2c[nH]nn2)cc1)c1cnc[nH]c1=O,C,slc22_fps_neighbor,urat1_curated.csv,True,5.97,URAT1,,CHEMBL5933429
Cc1cccc(C)c1Oc1ccc(S(=O)(=O)Nc2ccc(F)cn2)cc1C#N,O=S(=O)(Nc1ccccn1)c1ccc(Oc2ccccc2)cc1,C,slc22_fps_neighbor,urat1_curated.csv,True,7.3,URAT1,,CHEMBL3683436
N#Cc1cc(S(=O)(=O)Nc2ccc(F)cn2)ccc1Oc1cc(F)cc(F)c1Cl,O=S(=O)(Nc1ccccn1)c1ccc(Oc2ccccc2)cc1,C,slc22_fps_neighbor,urat1_curated.csv,True,6.67,URAT1,,CHEMBL3683318
N#Cc1cc(S(=O)(=O)Nc2ccc(F)cn2)ccc1Oc1cc(F)ccc1Cl,O=S(=O)(Nc1ccccn1)c1ccc(Oc2ccccc2)cc1,C,slc22_fps_neighbor,urat1_curated.csv,True,5.99,URAT1,,CHEMBL3683460
N#Cc1cc(S(=O)(=O)Nc2ccc(F)cn2)ccc1Oc1ccccc1OC(F)(F)F,O=S(=O)(Nc1ccccn1)c1ccc(Oc2ccccc2)cc1,C,slc22_fps_neighbor,urat1_curated.csv,True,6.56,URAT1,,CHEMBL3683313
Cc1cccc(-c2cc(C(=O)Nc3ccccc3C(=O)O)nn2Cc2ccccn2)c1,O=C(Nc1ccccc1)c1cc(-c2ccccc2)n(Cc2ccccn2)n1,C,slc22_fps_neighbor,urat1_curated.csv,True,5.28,URAT1,,CHEMBL6193680
O=S(=O)(CSc1nnc(Br)n1Cc1ccc(Br)c2ccccc12)Nc1ccc(C(F)(F)F)nc1,O=S(=O)(CSc1nncn1Cc1cccc2ccccc12)Nc1cccnc1,C,slc22_fps_neighbor,urat1_curated.csv,True,4.99,URAT1,,CHEMBL4436938
Cc1cccc(N(CCCC(=O)O)c2ccnc3ccc(C(F)(F)F)cc23)c1,c1ccc(Nc2ccnc3ccccc23)cc1,C,slc22_fps_neighbor,urat1_curated.csv,True,5.75,URAT1,,CHEMBL6167300
N#Cc1cc(S(=O)(=O)Nc2ccc(F)cn2)ccc1Oc1ccc(Cl)cc1I,O=S(=O)(Nc1ccccn1)c1ccc(Oc2ccccc2)cc1,C,slc22_fps_neighbor,urat1_curated.csv,True,6.54,URAT1,,CHEMBL3683344
N#Cc1ccc(-c2cnccc2SC2(C(=O)O)CCC2)n2c(F)ccc12,c1cc(-c2cnccc2SC2CCC2)n2cccc2c1,C,slc22_fps_neighbor,urat1_curated.csv,True,7.47,URAT1,,CHEMBL5921491
CC(C)(Sc1ccncc1-c1ccc(C#N)c2ccccc12)C(=O)O,c1cncc(-c2cccc3ccccc23)c1,C,slc22_fps_neighbor,urat1_curated.csv,True,7.6,URAT1,,CHEMBL3707347
COc1ccc(Oc2ccc(S(=O)(=O)Nc3ccc(F)cn3)cc2C#N)c(Cl)c1,O=S(=O)(Nc1ccccn1)c1ccc(Oc2ccccc2)cc1,C,slc22_fps_neighbor,urat1_curated.csv,True,6.21,URAT1,,CHEMBL3683452
Cc1ccc(Oc2ccc(S(=O)(=O)Nc3ccc(F)cn3)cc2C#N)c(C)c1Cl,O=S(=O)(Nc1ccccn1)c1ccc(Oc2ccccc2)cc1,C,slc22_fps_neighbor,urat1_curated.csv,True,6.34,URAT1,,CHEMBL3683459
Cc1cccc(C)c1Cn1cc(C)c2ccc(CC(=O)O)cc21,c1ccc(Cn2ccc3ccccc32)cc1,C,slc22_fps_neighbor,urat1_curated.csv,True,7.66,URAT1,,CHEMBL3691988
Cc1nn(Cc2c(Cl)cccc2Cl)c2cc(C(O)C(=O)O)ccc12,c1ccc(Cn2ncc3ccccc32)cc1,C,slc22_fps_neighbor,urat1_curated.csv,True,6.24,URAT1,,CHEMBL3692021
O=C(CSc1nc2sccc2c(=O)n1-c1ccc(C2CC2)c2ccccc12)NS(=O)(=O)C1CC1,O=C(CSc1nc2sccc2c(=O)n1-c1ccc(C2CC2)c2ccccc12)NS(=O)(=O)C1CC1,C,slc22_fps_neighbor,urat1_curated.csv,True,4.93,URAT1,,CHEMBL5268476
CC(C)(C)S(=O)(=O)NC(=O)CSc1nc2sccc2c(=O)n1-c1ccc(C2CC2)c2ccccc12,O=c1c2ccsc2ncn1-c1ccc(C2CC2)c2ccccc12,C,slc22_fps_neighbor,urat1_curated.csv,True,4.95,URAT1,,CHEMBL5285786
CCc1nn(Cc2c(Cl)cccc2Cl)c2cc(CC(=O)O)ccc12,c1ccc(Cn2ncc3ccccc32)cc1,C,slc22_fps_neighbor,urat1_curated.csv,True,7.62,URAT1,,CHEMBL3692031
N#Cc1ccc(-c2cncc3cc(CC(=O)O)sc23)c2ccccc12,c1ccc2c(-c3cncc4ccsc34)cccc2c1,C,slc22_fps_neighbor,urat1_curated.csv,True,5.47,URAT1,,CHEMBL5979043
N#Cc1ccc(Oc2ccc(S(=O)(=O)Nc3ccc(F)cn3)c(F)c2)cc1F,O=S(=O)(Nc1ccccn1)c1ccc(Oc2ccccc2)cc1,C,slc22_fps_neighbor,urat1_curated.csv,True,7.484999999999999,URAT1,,CHEMBL3683383
Cc1ccc(Cc2nnn[nH]2)cc1OCc1c(C)cccc1C,c1ccc(COc2cccc(Cc3nnn[nH]3)c2)cc1,C,slc22_fps_neighbor,urat1_curated.csv,True,6.89,URAT1,,CHEMBL3702600
O=C(c1cc(Cl)c(O)c(Cl)c1)n1ccc2cnccc21,O=C(c1ccccc1)n1ccc2cnccc21,C,slc22_fps_neighbor,urat1_curated.csv,True,5.55,URAT1,,CHEMBL5435294
COc1cccc(-c2ccc3nccc(C(=O)N4CCC[C@H]4CNS(=O)(=O)C(F)(F)F)c3c2)c1,O=C(c1ccnc2ccc(-c3ccccc3)cc12)N1CCCC1,C,slc22_fps_neighbor,urat1_curated.csv,True,6.18,URAT1,,CHEMBL5557634
CCSc1nc(O)c(C(=O)Nc2ccc(-c3c[nH]nn3)cc2)c(=O)[nH]1,O=C(Nc1ccc(-c2c[nH]nn2)cc1)c1cnc[nH]c1=O,C,slc22_fps_neighbor,urat1_curated.csv,True,5.61,URAT1,,CHEMBL5802156
COc1cc(F)c(F)cc1Oc1ccc(S(=O)(=O)Nc2ccc(F)cn2)cc1C#N,O=S(=O)(Nc1ccccn1)c1ccc(Oc2ccccc2)cc1,C,slc22_fps_neighbor,urat1_curated.csv,True,7.4,URAT1,,CHEMBL3683428
Cc1ccccc1-c1cc(C(=O)Nc2ccccc2C(=O)O)nn1Cc1ccccn1,O=C(Nc1ccccc1)c1cc(-c2ccccc2)n(Cc2ccccn2)n1,C,slc22_fps_neighbor,urat1_curated.csv,True,5.27,URAT1,,CHEMBL6189225
N#Cc1ccc(F)c(Oc2ccc(S(=O)(=O)Nc3ccc(F)cn3)cc2C#N)c1,O=S(=O)(Nc1ccccn1)c1ccc(Oc2ccccc2)cc1,C,slc22_fps_neighbor,urat1_curated.csv,True,5.88,URAT1,,CHEMBL3683355
N#Cc1ccc(Oc2ccc(S(=O)(=O)Nc3ccc(F)cn3)cc2C#N)cn1,O=S(=O)(Nc1ccccn1)c1ccc(Oc2cccnc2)cc1,C,slc22_fps_neighbor,urat1_curated.csv,True,5.58,URAT1,,CHEMBL3683484
O=C(Nc1ccccc1C(=O)O)c1cc(-c2ccccc2Br)n(Cc2ccccn2)n1,O=C(Nc1ccccc1)c1cc(-c2ccccc2)n(Cc2ccccn2)n1,C,slc22_fps_neighbor,urat1_curated.csv,True,5.37,URAT1,,CHEMBL6188843
O=C(O)CSc1nnc(Br)n1-c1sc(-c2ccccc2)c2c1CCCC2,c1ccc(-c2sc(-n3cnnc3)c3c2CCCC3)cc1,C,slc22_fps_neighbor,urat1_curated.csv,True,5.56,URAT1,,CHEMBL6013442
Cc1cccc(Cl)c1Cn1nc(C)c2ccc(CC(=O)O)cc21,c1ccc(Cn2ncc3ccccc32)cc1,C,slc22_fps_neighbor,urat1_curated.csv,True,7.28,URAT1,,CHEMBL3692005
Cc1ccccc1S(=O)(=O)Nc1ccc(C#N)c(Cl)c1,O=S(=O)(Nc1ccccc1)c1ccccc1,C,slc22_fps_neighbor,urat1_curated.csv,True,7.05,URAT1,,CHEMBL3971816
N#Cc1ccc(NS(=O)(=O)c2ccccc2C(F)(F)F)cc1C(F)(F)F,O=S(=O)(Nc1ccccc1)c1ccccc1,C,slc22_fps_neighbor,urat1_curated.csv,True,7.54,URAT1,,CHEMBL3900479
CC(Sc1nnc(Br)n1-c1sc(-c2ccccc2)c2c1CCCC2)C(=O)O,c1ccc(-c2sc(-n3cnnc3)c3c2CCCC3)cc1,C,slc22_fps_neighbor,urat1_curated.csv,True,5.56,URAT1,,CHEMBL5891705
Cc1cc(Oc2ccc(S(=O)(=O)Nc3ccc(F)cn3)cc2C#N)ccc1F,O=S(=O)(Nc1ccccn1)c1ccc(Oc2ccccc2)cc1,C,slc22_fps_neighbor,urat1_curated.csv,True,7.37,URAT1,,CHEMBL3683425
Cc1cccnc1NS(=O)(=O)c1ccc(Oc2ccc(C#N)c(Cl)c2)c(C#N)c1,O=S(=O)(Nc1ccccn1)c1ccc(Oc2ccccc2)cc1,C,slc22_fps_neighbor,urat1_curated.csv,True,6.23,URAT1,,CHEMBL3683385
Cc1nn(Cc2c(Cl)cccc2Cl)c2cc(-c3nnn[nH]3)cnc12,c1ccc(Cn2ncc3ncc(-c4nnn[nH]4)cc32)cc1,C,slc22_fps_neighbor,urat1_curated.csv,True,6.36,URAT1,,CHEMBL3692043
N#Cc1cc(S(=O)(=O)Nc2ccc(F)cn2)ccc1Oc1cncc(Cl)c1,O=S(=O)(Nc1ccccn1)c1ccc(Oc2cccnc2)cc1,C,slc22_fps_neighbor,urat1_curated.csv,True,7.43,URAT1,,CHEMBL3683481
CC(C)(Sc1ccncc1-c1ccc(C2(O)COC2)cc1)C(=O)O,c1cncc(-c2ccc(C3COC3)cc2)c1,C,slc22_fps_neighbor,urat1_curated.csv,True,6.26,URAT1,,CHEMBL5902299
Cc1ccc(Nc2cncc(-c3ccc(C(=O)O)c(O)c3)c2)cc1C,c1ccc(Nc2cncc(-c3ccccc3)c2)cc1,C,slc22_fps_neighbor,urat1_curated.csv,True,4.27,URAT1,,CHEMBL5568149
O=C(O)c1ccc(-c2cncc(Nc3ccc(Cl)c(Cl)c3)c2)cc1O,c1ccc(Nc2cncc(-c3ccccc3)c2)cc1,C,slc22_fps_neighbor,urat1_curated.csv,True,4.09,URAT1,,CHEMBL5561539
COc1c(F)ccc(Oc2ccc(S(=O)(=O)Nc3ccc(F)cn3)cc2C#N)c1Cl,O=S(=O)(Nc1ccccn1)c1ccc(Oc2ccccc2)cc1,C,slc22_fps_neighbor,urat1_curated.csv,True,6.75,URAT1,,CHEMBL3683396
COc1cc(Oc2ccc(S(=O)(=O)Nc3ccc(F)cn3)cc2C#N)ccc1Cl,O=S(=O)(Nc1ccccn1)c1ccc(Oc2ccccc2)cc1,C,slc22_fps_neighbor,urat1_curated.csv,True,7.57,URAT1,,CHEMBL3683357
Cc1ccc(F)c(Oc2ccc(S(=O)(=O)Nc3ccc(F)cn3)cc2C#N)c1,O=S(=O)(Nc1ccccn1)c1ccc(Oc2ccccc2)cc1,C,slc22_fps_neighbor,urat1_curated.csv,True,6.93,URAT1,,CHEMBL3683319
CCc1oc2ccc(O)cc2c1C(=O)c1cc(Br)c(O)c(Br)c1,O=C(c1ccccc1)c1coc2ccccc12,C,slc22_fps_neighbor,urat1_curated.csv,True,6.72,URAT1,,CHEMBL1767107
N#Cc1cc(S(=O)(=O)Nc2ccc(F)cn2)ccc1Oc1ccccc1F,O=S(=O)(Nc1ccccn1)c1ccc(Oc2ccccc2)cc1,C,slc22_fps_neighbor,urat1_curated.csv,True,6.79,URAT1,,CHEMBL3683327
O=C(CSc1nc2sccc2c(=O)n1-c1ccc(C2CC2)c2ccccc12)NS(=O)(=O)c1cc(F)cc(F)c1,O=C(CSc1nc2sccc2c(=O)n1-c1ccc(C2CC2)c2ccccc12)NS(=O)(=O)c1ccccc1,C,slc22_fps_neighbor,urat1_curated.csv,True,5.12,URAT1,,CHEMBL5287151
Cc1cc2c(C#N)ccc(-c3cnccc3SC3(C(=O)O)CCC3)n2c1,c1cc(-c2cnccc2SC2CCC2)n2cccc2c1,C,slc22_fps_neighbor,urat1_curated.csv,True,6.96,URAT1,,CHEMBL6037669
Cc1ncc(Oc2ccc(S(=O)(=O)Nc3ccc(F)cn3)cc2C#N)cc1Cl,O=S(=O)(Nc1ccccn1)c1ccc(Oc2cccnc2)cc1,C,slc22_fps_neighbor,urat1_curated.csv,True,7.06,URAT1,,CHEMBL3688189
N#Cc1cc(Cl)cc(Oc2ccc(S(=O)(=O)Nc3ccc(F)cn3)cc2C#N)c1,O=S(=O)(Nc1ccccn1)c1ccc(Oc2ccccc2)cc1,C,slc22_fps_neighbor,urat1_curated.csv,True,7.57,URAT1,,CHEMBL3683348
O=C(Nc1ccccc1C(=O)O)c1cc(-c2cccc(F)c2)n(Cc2ccccn2)n1,O=C(Nc1ccccc1)c1cc(-c2ccccc2)n(Cc2ccccn2)n1,C,slc22_fps_neighbor,urat1_curated.csv,True,5.58,URAT1,,CHEMBL6192502
CC(O)(CC(=O)O)c1cc2c(-c3ccc(C#N)c4ccccc34)cncc2s1,c1ccc2c(-c3cncc4sccc34)cccc2c1,C,slc22_fps_neighbor,urat1_curated.csv,True,6.03,URAT1,,CHEMBL5961188
CCc1oc2ccc(OC)cc2c1C(=O)c1ccc(O)cc1,O=C(c1ccccc1)c1coc2ccccc12,C,slc22_fps_neighbor,urat1_curated.csv,True,5.61,URAT1,,CHEMBL1767088
Cc1ccc(Oc2ccc(S(=O)(=O)Nc3ccc(F)cn3)cc2C#N)cc1,O=S(=O)(Nc1ccccn1)c1ccc(Oc2ccccc2)cc1,C,slc22_fps_neighbor,urat1_curated.csv,True,5.7,URAT1,,CHEMBL3683473
Cc1cccc(C)c1COc1cccc(Cc2nnn[nH]2)c1,c1ccc(COc2cccc(Cc3nnn[nH]3)c2)cc1,C,slc22_fps_neighbor,urat1_curated.csv,True,6.62,URAT1,,CHEMBL3702597
N#Cc1ccc(Oc2ccc(S(=O)(=O)Nc3ccc(Cl)cn3)cc2C#N)cc1Cl,O=S(=O)(Nc1ccccn1)c1ccc(Oc2ccccc2)cc1,C,slc22_fps_neighbor,urat1_curated.csv,True,7.92,URAT1,,CHEMBL3688185
Cc1cc(Oc2ccc(S(=O)(=O)Nc3ccc(F)cn3)cc2C#N)cc(Cl)c1C,O=S(=O)(Nc1ccccn1)c1ccc(Oc2ccccc2)cc1,C,slc22_fps_neighbor,urat1_curated.csv,True,6.67,URAT1,,CHEMBL3683455
N#Cc1ccc(Nc2cnccc2SCc2ccc(C(=O)[O-])cc2)c2ccccc12.[Na+],c1ccc(CSc2ccncc2Nc2cccc3ccccc23)cc1,C,slc22_fps_neighbor,urat1_curated.csv,True,5.59,URAT1,,CHEMBL5171053
N#Cc1ccc(Oc2cnccc2SCc2ccc(C(=O)[O-])cc2)c2ccccc12.[Na+],c1ccc(CSc2ccncc2Oc2cccc3ccccc23)cc1,C,slc22_fps_neighbor,urat1_curated.csv,True,4.99,URAT1,,CHEMBL5204323
CCCc1ccc(Cn2c(Br)nnc2SCC(=O)[O-])c2ccccc12.[Na+],c1ccc2c(Cn3cnnc3)cccc2c1,C,slc22_fps_neighbor,urat1_curated.csv,True,7.04,URAT1,,CHEMBL6134496
N#Cc1ccc(S(=O)(=O)Nc2ccncc2-c2ccc(C#N)c3ccccc23)cc1,O=S(=O)(Nc1ccncc1-c1cccc2ccccc12)c1ccccc1,C,slc22_fps_neighbor,urat1_curated.csv,True,5.85,URAT1,,CHEMBL4085591
N#Cc1cc(S(=O)(=O)Nc2ccc(F)cn2)ccc1Oc1cc(Cl)c(F)cc1Cl,O=S(=O)(Nc1ccccn1)c1ccc(Oc2ccccc2)cc1,C,slc22_fps_neighbor,urat1_curated.csv,True,7.24,URAT1,,CHEMBL3683391
O=S(=O)(CSc1nnc(Br)n1Cc1ccc(Br)c2ccccc12)Nc1ccccc1,O=S(=O)(CSc1nncn1Cc1cccc2ccccc12)Nc1ccccc1,C,slc22_fps_neighbor,urat1_curated.csv,True,4.8,URAT1,,CHEMBL4517057
N#Cc1cc(NS(=O)(=O)c2ccccc2C(F)(F)F)ccc1Cl,O=S(=O)(Nc1ccccc1)c1ccccc1,C,slc22_fps_neighbor,urat1_curated.csv,True,7.75,URAT1,,CHEMBL3899557
N#Cc1ccc(Cl)cc1NS(=O)(=O)c1ccccc1C(F)(F)F,O=S(=O)(Nc1ccccc1)c1ccccc1,C,slc22_fps_neighbor,urat1_curated.csv,True,6.73,URAT1,,CHEMBL3923480
N#Cc1ccc(NS(=O)(=O)c2ccccc2C(F)(F)F)c(Cl)c1,O=S(=O)(Nc1ccccc1)c1ccccc1,C,slc22_fps_neighbor,urat1_curated.csv,True,7.41,URAT1,,CHEMBL3979882
CN(c1cnccc1SCc1ccc(C(=O)[O-])cc1)c1ccc(C#N)c2ccccc12.[Na+],c1ccc(CSc2ccncc2Nc2cccc3ccccc23)cc1,C,slc22_fps_neighbor,urat1_curated.csv,True,5.2,URAT1,,CHEMBL5202723
COCCOc1ccc2nccc(SC3(C(=O)O)CCC3)c2c1,c1ccc2c(SC3CCC3)ccnc2c1,C,slc22_fps_neighbor,urat1_curated.csv,True,6.68,URAT1,,CHEMBL3746426
Cc1nn(Cc2c(Cl)cccc2C#N)c2cc(CC(=O)O)ccc12,c1ccc(Cn2ncc3ccccc32)cc1,C,slc22_fps_neighbor,urat1_curated.csv,True,6.47,URAT1,,CHEMBL3692010
Cc1nn(Cc2csc3ccc(Cl)cc23)c2cc(CC(=O)O)ccc12,c1ccc2c(c1)cnn2Cc1csc2ccccc12,C,slc22_fps_neighbor,urat1_curated.csv,True,7.26,URAT1,,CHEMBL3692007
N#Cc1cc(S(=O)(=O)Nc2ccc(F)cn2)ccc1Oc1ccc(Cl)cc1F,O=S(=O)(Nc1ccccn1)c1ccc(Oc2ccccc2)cc1,C,slc22_fps_neighbor,urat1_curated.csv,True,7.3,URAT1,,CHEMBL3683333
CCS(=O)(=O)NC(=O)CSc1nc2sccc2c(=O)n1-c1ccc(C2CC2)c2ccccc12,O=c1c2ccsc2ncn1-c1ccc(C2CC2)c2ccccc12,C,slc22_fps_neighbor,urat1_curated.csv,True,5.1,URAT1,,CHEMBL5289202
O=C(O)C1(Sc2ccnc3ccc(-c4ccc(F)cc4)cc23)CCC1,c1ccc(-c2ccc3nccc(SC4CCC4)c3c2)cc1,C,slc22_fps_neighbor,urat1_curated.csv,True,6.8,URAT1,,CHEMBL3745776
O=C(CSc1nc2sccc2c(=O)n1-c1ccc(C2CC2)c2ccccc12)NS(=O)(=O)c1ccc(Br)cc1,O=C(CSc1nc2sccc2c(=O)n1-c1ccc(C2CC2)c2ccccc12)NS(=O)(=O)c1ccccc1,C,slc22_fps_neighbor,urat1_curated.csv,True,5.12,URAT1,,CHEMBL5284974
Cc1c(F)ccc(Oc2ccc(S(=O)(=O)Nc3ccc(F)cn3)cc2C#N)c1Cl,O=S(=O)(Nc1ccccn1)c1ccc(Oc2ccccc2)cc1,C,slc22_fps_neighbor,urat1_curated.csv,True,6.73,URAT1,,CHEMBL3683431
CCc1oc2cc(OC)ccc2c1C(=O)c1cc(Br)c(O)c(Br)c1,O=C(c1ccccc1)c1coc2ccccc12,C,slc22_fps_neighbor,urat1_curated.csv,True,6.96,URAT1,,CHEMBL1767112
O=C(O)CCCN(c1ccccc1)c1ccnc2ccc(C(F)(F)F)cc12,c1ccc(Nc2ccnc3ccccc23)cc1,C,slc22_fps_neighbor,urat1_curated.csv,True,5.89,URAT1,,CHEMBL6173784
Cc1ccc(-c2cc(C(=O)Nc3ccccc3C(=O)O)nn2Cc2ccccn2)cc1,O=C(Nc1ccccc1)c1cc(-c2ccccc2)n(Cc2ccccn2)n1,C,slc22_fps_neighbor,urat1_curated.csv,True,5.81,URAT1,,CHEMBL6188287
N#Cc1cc(S(=O)(=O)Nc2ccc(F)cn2)ccc1Oc1ccc(Cl)c(F)c1,O=S(=O)(Nc1ccccn1)c1ccc(Oc2ccccc2)cc1,C,slc22_fps_neighbor,urat1_curated.csv,True,6.89,URAT1,,CHEMBL3683341
N#Cc1cc(S(=O)(=O)Nc2ccc(F)cn2)ccc1Oc1cnc(N)c(Cl)c1,O=S(=O)(Nc1ccccn1)c1ccc(Oc2cccnc2)cc1,C,slc22_fps_neighbor,urat1_curated.csv,True,7.06,URAT1,,CHEMBL3688196
N#Cc1cc2c(C#N)ccc(-c3cnccc3SC3(C(=O)O)CCC3)n2c1,c1cc(-c2cnccc2SC2CCC2)n2cccc2c1,C,slc22_fps_neighbor,urat1_curated.csv,True,7.35,URAT1,,CHEMBL6055832
N#Cc1ccc(-c2cnccc2SC2(C(=O)O)CCC2)c2cc(Cl)cn12,c1cc(-c2cnccc2SC2CCC2)c2cccn2c1,C,slc22_fps_neighbor,urat1_curated.csv,True,6.08,URAT1,,CHEMBL5801125
N#Cc1ccc(-c2cnccc2SC2(C(=O)O)CCC2)n2cc(Cl)cc12,c1cc(-c2cnccc2SC2CCC2)n2cccc2c1,C,slc22_fps_neighbor,urat1_curated.csv,True,7.58,URAT1,,CHEMBL5800455
O=C(Nc1ccccc1C(=O)O)c1cc(-c2cccc(Br)c2)n(Cc2ccccn2)n1,O=C(Nc1ccccc1)c1cc(-c2ccccc2)n(Cc2ccccn2)n1,C,slc22_fps_neighbor,urat1_curated.csv,True,5.47,URAT1,,CHEMBL6192244
C/C(=C\Cc1c(O)ccc2c1OC(c1ccc(Br)cc1)CC2=O)C(=O)O,O=C1CC(c2ccccc2)Oc2ccccc21,C,slc22_fps_neighbor,urat1_curated.csv,True,6.08,URAT1,,CHEMBL5619569
COc1ccccc1Oc1ccc(S(=O)(=O)Nc2ccc(F)cn2)cc1C#N,O=S(=O)(Nc1ccccn1)c1ccc(Oc2ccccc2)cc1,C,slc22_fps_neighbor,urat1_curated.csv,True,7.12,URAT1,,CHEMBL3683426
Cc1cc(-n2c(Br)nnc2SC(C)C(=O)O)sc1-c1ccccc1,c1ccc(-c2ccc(-n3cnnc3)s2)cc1,C,slc22_fps_neighbor,urat1_curated.csv,True,5.56,URAT1,,CHEMBL6046579
Cc1cn(Cc2ccccc2Cl)c2cc(CC(=O)O)ccc12,c1ccc(Cn2ccc3ccccc32)cc1,C,slc22_fps_neighbor,urat1_curated.csv,True,7.06,URAT1,,CHEMBL3691998
N#Cc1ccc(NS(=O)(=O)c2ccccc2OC(F)(F)F)cc1Cl,O=S(=O)(Nc1ccccc1)c1ccccc1,C,slc22_fps_neighbor,urat1_curated.csv,True,8.22,URAT1,,CHEMBL5399348
N#Cc1ccc(Oc2ccc(S(=O)(=O)Nc3ccc(F)cn3)cc2C#N)cc1,O=S(=O)(Nc1ccccn1)c1ccc(Oc2ccccc2)cc1,C,slc22_fps_neighbor,urat1_curated.csv,True,7.13,URAT1,,CHEMBL3683299
O=C(O)CSc1nnc(Br)n1-c1sc(-c2ccc(F)cc2)c2c1CCCC2,c1ccc(-c2sc(-n3cnnc3)c3c2CCCC3)cc1,C,slc22_fps_neighbor,urat1_curated.csv,True,5.56,URAT1,,CHEMBL5860655
O=S(=O)(CSc1nnc(Br)n1Cc1ccc(Br)c2ccccc12)Nc1ccc(Cl)nc1,O=S(=O)(CSc1nncn1Cc1cccc2ccccc12)Nc1cccnc1,C,slc22_fps_neighbor,urat1_curated.csv,True,5.71,URAT1,,CHEMBL4585746
O=S(=O)(CSc1nnc(Br)n1Cc1ccc(Br)c2ccccc12)Nc1ccc(F)nc1,O=S(=O)(CSc1nncn1Cc1cccc2ccccc12)Nc1cccnc1,C,slc22_fps_neighbor,urat1_curated.csv,True,5.81,URAT1,,CHEMBL4448964
O=S(=O)(CSc1nnc(Br)n1Cc1ccc(Br)c2ccccc12)Nc1cccnc1Br,O=S(=O)(CSc1nncn1Cc1cccc2ccccc12)Nc1cccnc1,C,slc22_fps_neighbor,urat1_curated.csv,True,6.55,URAT1,,CHEMBL4458898
N#Cc1cc(S(=O)(=O)Nc2ccc(F)cn2)ccc1Oc1ccc(F)c(F)c1F,O=S(=O)(Nc1ccccn1)c1ccc(Oc2ccccc2)cc1,C,slc22_fps_neighbor,urat1_curated.csv,True,7.29,URAT1,,CHEMBL3683441
O=C(O)C1(Sc2ccnc3ccc(-c4ccc(C(F)(F)F)cc4)cc23)CCC1,c1ccc(-c2ccc3nccc(SC4CCC4)c3c2)cc1,C,slc22_fps_neighbor,urat1_curated.csv,True,5.76,URAT1,,CHEMBL3747110
O=S(=O)(Nc1ccc(F)c(F)c1)c1ccccc1C(F)(F)F,O=S(=O)(Nc1ccccc1)c1ccccc1,C,slc22_fps_neighbor,urat1_curated.csv,True,5.71,URAT1,,CHEMBL3953588
COc1ccc(-c2cc(C(=O)Nc3ccccc3C(=O)O)nn2Cc2ccccn2)cc1,O=C(Nc1ccccc1)c1cc(-c2ccccc2)n(Cc2ccccn2)n1,C,slc22_fps_neighbor,urat1_curated.csv,True,5.67,URAT1,,CHEMBL6193519
O=C(Nc1ccccc1C(=O)O)c1cc(-c2ccc(C(F)(F)F)cc2)n(Cc2ccccn2)n1,O=C(Nc1ccccc1)c1cc(-c2ccccc2)n(Cc2ccccn2)n1,C,slc22_fps_neighbor,urat1_curated.csv,True,5.63,URAT1,,CHEMBL6189794
N#Cc1cc(Oc2ccc(S(=O)(=O)Nc3ccc(F)cn3)cc2C#N)ccc1F,O=S(=O)(Nc1ccccn1)c1ccc(Oc2ccccc2)cc1,C,slc22_fps_neighbor,urat1_curated.csv,True,7.24,URAT1,,CHEMBL3683305
N#Cc1cc(S(=O)(=O)Nc2ccc(F)cn2)ccc1Oc1cccc(Cl)c1,O=S(=O)(Nc1ccccn1)c1ccc(Oc2ccccc2)cc1,C,slc22_fps_neighbor,urat1_curated.csv,True,7.07,URAT1,,CHEMBL3683311
N#Cc1ccc(Oc2ccc(S(=O)(=O)Nc3ccc(F)cn3)cc2F)cc1F,O=S(=O)(Nc1ccccn1)c1ccc(Oc2ccccc2)cc1,C,slc22_fps_neighbor,urat1_curated.csv,True,6.42,URAT1,,CHEMBL3683381
O=C(O)CCCN(c1cccc(F)c1)c1ccnc2ccccc12,c1ccc(Nc2ccnc3ccccc23)cc1,C,slc22_fps_neighbor,urat1_curated.csv,True,6.0,URAT1,,CHEMBL6144160
N#Cc1cc(C(=O)N2CCc3ccccc32)cc(C#N)c1O,O=C(c1ccccc1)N1CCc2ccccc21,C,slc22_fps_neighbor,urat1_curated.csv,True,4.08,URAT1,,CHEMBL4757464
Cc1ccc(Oc2ccc(S(=O)(=O)Nc3ccc(F)cn3)cc2C#N)c(Cl)c1,O=S(=O)(Nc1ccccn1)c1ccc(Oc2ccccc2)cc1,C,slc22_fps_neighbor,urat1_curated.csv,True,6.42,URAT1,,CHEMBL3683328
N#Cc1cc(NS(=O)(=O)c2ccccc2C#N)ccc1Cl,O=S(=O)(Nc1ccccc1)c1ccccc1,C,slc22_fps_neighbor,urat1_curated.csv,True,6.9,URAT1,,CHEMBL3938886
N#Cc1cc(S(=O)(=O)Nc2ccc(F)cn2)ccc1Oc1cccc(Cl)c1Cl,O=S(=O)(Nc1ccccn1)c1ccc(Oc2ccccc2)cc1,C,slc22_fps_neighbor,urat1_curated.csv,True,6.85,URAT1,,CHEMBL3683289
N#Cc1ccc(NS(=O)(=O)c2ccccc2Cl)cc1Cl,O=S(=O)(Nc1ccccc1)c1ccccc1,C,slc22_fps_neighbor,urat1_curated.csv,True,7.09,URAT1,,CHEMBL3960689
O=C(Nc1ccccc1C(=O)O)c1cc(-c2ccc(Cl)cc2)n(Cc2ccccn2)n1,O=C(Nc1ccccc1)c1cc(-c2ccccc2)n(Cc2ccccn2)n1,C,slc22_fps_neighbor,urat1_curated.csv,True,5.23,URAT1,,CHEMBL6191047
COc1ccc(F)c(Oc2ccc(S(=O)(=O)Nc3ccc(F)cn3)cc2C#N)c1,O=S(=O)(Nc1ccccn1)c1ccc(Oc2ccccc2)cc1,C,slc22_fps_neighbor,urat1_curated.csv,True,6.94,URAT1,,CHEMBL3683450
Cc1ccc(Cl)cc1Oc1ccc(S(=O)(=O)Nc2ccc(F)cn2)cc1C#N,O=S(=O)(Nc1ccccn1)c1ccc(Oc2ccccc2)cc1,C,slc22_fps_neighbor,urat1_curated.csv,True,7.1,URAT1,,CHEMBL3683325
Cc1nn(Cc2c(Cl)cccc2Cl)c2cc(Cc3nnn[nH]3)ccc12,c1ccc(Cn2ncc3ccc(Cc4nnn[nH]4)cc32)cc1,C,slc22_fps_neighbor,urat1_curated.csv,True,7.89,URAT1,,CHEMBL3692025
O=C(O)CCCN(c1ccc(F)cc1)c1ccnc2ccc(C(F)(F)F)cc12,c1ccc(Nc2ccnc3ccccc23)cc1,C,slc22_fps_neighbor,urat1_curated.csv,True,5.96,URAT1,,CHEMBL6151370
O=C(O)CCCN(c1cccc(F)c1)c1ccnc2ccc(Br)cc12,c1ccc(Nc2ccnc3ccccc23)cc1,C,slc22_fps_neighbor,urat1_curated.csv,True,6.54,URAT1,,CHEMBL6167127
CCOc1cc(Cl)ccc1Oc1ccc(S(=O)(=O)Nc2ccc(F)cn2)cc1C#N,O=S(=O)(Nc1ccccn1)c1ccc(Oc2ccccc2)cc1,C,slc22_fps_neighbor,urat1_curated.csv,True,6.91,URAT1,,CHEMBL3683394
Cc1cc(Oc2ccc(S(=O)(=O)Nc3ccc(F)cn3)cc2C#N)cc(C)c1Cl,O=S(=O)(Nc1ccccn1)c1ccc(Oc2ccccc2)cc1,C,slc22_fps_neighbor,urat1_curated.csv,True,7.02,URAT1,,CHEMBL3683433
Cc1ccc(F)c(Oc2ccc(S(=O)(=O)Nc3ccc(F)cn3)cc2C#N)c1Cl,O=S(=O)(Nc1ccccn1)c1ccc(Oc2ccccc2)cc1,C,slc22_fps_neighbor,urat1_curated.csv,True,7.01,URAT1,,CHEMBL3683392
CCS(=O)(=O)Nc1ccncc1-c1ccc(C#N)c2ccccc12,c1cncc(-c2cccc3ccccc23)c1,C,slc22_fps_neighbor,urat1_curated.csv,True,6.15,URAT1,,CHEMBL4067774
Cc1cccc(C)c1Cn1nc(C)c2ccc(CC(=O)O)cc21,c1ccc(Cn2ncc3ccccc32)cc1,C,slc22_fps_neighbor,urat1_curated.csv,True,7.17,URAT1,,CHEMBL3691989
Cc1cccc(Cl)c1Cn1nc(Cl)c2ncc(C(=O)O)cc21,c1ccc(Cn2ncc3ncccc32)cc1,C,slc22_fps_neighbor,urat1_curated.csv,True,6.83,URAT1,,CHEMBL3692052
N#Cc1ccc(-c2cnccc2NS(=O)(=O)c2ccccc2)c2ccccc12,O=S(=O)(Nc1ccncc1-c1cccc2ccccc12)c1ccccc1,C,slc22_fps_neighbor,urat1_curated.csv,True,6.9,URAT1,,CHEMBL4104410
Cc1cn(Cc2c(Cl)cccc2Cl)c2cc(CC(=O)O)ccc12,c1ccc(Cn2ccc3ccccc32)cc1,C,slc22_fps_neighbor,urat1_curated.csv,True,7.82,URAT1,,CHEMBL3691994
N#Cc1cc(S(=O)(=O)Nc2ccc(F)cn2)ccc1Oc1ccc(Cl)cc1Cl,O=S(=O)(Nc1ccccn1)c1ccc(Oc2ccccc2)cc1,C,slc22_fps_neighbor,urat1_curated.csv,True,7.08,URAT1,,CHEMBL3683298
N#Cc1cc(S(=O)(=O)Nc2ccc(F)cn2)ccc1Oc1ccccc1Cl,O=S(=O)(Nc1ccccn1)c1ccc(Oc2ccccc2)cc1,C,slc22_fps_neighbor,urat1_curated.csv,True,6.68,URAT1,,CHEMBL3683295
N#Cc1cccc(Oc2ccc(S(=O)(=O)Nc3ccc(F)cn3)cc2C#N)c1,O=S(=O)(Nc1ccccn1)c1ccc(Oc2ccccc2)cc1,C,slc22_fps_neighbor,urat1_curated.csv,True,6.69,URAT1,,CHEMBL3683300
COc1ncc(Oc2ccc(S(=O)(=O)Nc3ccc(F)cn3)cc2C#N)cc1Cl,O=S(=O)(Nc1ccccn1)c1ccc(Oc2cccnc2)cc1,C,slc22_fps_neighbor,urat1_curated.csv,True,7.6,URAT1,,CHEMBL3683356
COc1ccc(C)cc1Oc1ccc(S(=O)(=O)Nc2ccc(F)cn2)cc1C#N,O=S(=O)(Nc1ccccn1)c1ccc(Oc2ccccc2)cc1,C,slc22_fps_neighbor,urat1_curated.csv,True,6.72,URAT1,,CHEMBL3683439
Cc1ccc(C)c(Oc2ccc(S(=O)(=O)Nc3ccc(F)cn3)cc2C#N)c1,O=S(=O)(Nc1ccccn1)c1ccc(Oc2ccccc2)cc1,C,slc22_fps_neighbor,urat1_curated.csv,True,6.91,URAT1,,CHEMBL3683442
N#Cc1cc(S(=O)(=O)Nc2ccc(F)cn2)ccc1Oc1cccc(Cl)c1F,O=S(=O)(Nc1ccccn1)c1ccc(Oc2ccccc2)cc1,C,slc22_fps_neighbor,urat1_curated.csv,True,6.87,URAT1,,CHEMBL3683310
Cc1ccc(-c2ccc3nccc(C(=O)N4CCC[C@H]4CNS(=O)(=O)C(F)(F)F)c3c2)cc1,O=C(c1ccnc2ccc(-c3ccccc3)cc12)N1CCCC1,C,slc22_fps_neighbor,urat1_curated.csv,True,5.85,URAT1,,CHEMBL5568201
O=C(c1ccnc2ccc(-c3ccnc(F)c3)cc12)N1CCC[C@H]1CNS(=O)(=O)C(F)(F)F,O=C(c1ccnc2ccc(-c3ccncc3)cc12)N1CCCC1,C,slc22_fps_neighbor,urat1_curated.csv,True,6.43,URAT1,,CHEMBL5555146
N#Cc1cc(S(=O)(=O)Nc2ccc(F)cn2)ccc1Oc1cc(F)cc(Cl)c1,O=S(=O)(Nc1ccccn1)c1ccc(Oc2ccccc2)cc1,C,slc22_fps_neighbor,urat1_curated.csv,True,7.04,URAT1,,CHEMBL3683314
N#Cc1cc(S(=O)(=O)Nc2ccc(F)cn2)ccc1Oc1ccc(F)c(Cl)c1,O=S(=O)(Nc1ccccn1)c1ccc(Oc2ccccc2)cc1,C,slc22_fps_neighbor,urat1_curated.csv,True,7.72,URAT1,,CHEMBL3683364
N#Cc1cc(F)ccc1Oc1ccc(S(=O)(=O)Nc2ccc(F)cn2)cc1C#N,O=S(=O)(Nc1ccccn1)c1ccc(Oc2ccccc2)cc1,C,slc22_fps_neighbor,urat1_curated.csv,True,6.62,URAT1,,CHEMBL3683322
O=C(CSc1nc2sccc2c(=O)n1-c1ccc(C2CC2)c2ccccc12)NS(=O)(=O)c1ccc(Cl)cc1,O=C(CSc1nc2sccc2c(=O)n1-c1ccc(C2CC2)c2ccccc12)NS(=O)(=O)c1ccccc1,C,slc22_fps_neighbor,urat1_curated.csv,True,4.92,URAT1,,CHEMBL5282586
COc1c(F)ccc(Oc2ccc(S(=O)(=O)Nc3ccc(F)cn3)cc2C#N)c1C,O=S(=O)(Nc1ccccn1)c1ccc(Oc2ccccc2)cc1,C,slc22_fps_neighbor,urat1_curated.csv,True,6.86,URAT1,,CHEMBL3683449
COc1cccc(Cl)c1Oc1ccc(S(=O)(=O)Nc2ccc(F)cn2)cc1C#N,O=S(=O)(Nc1ccccn1)c1ccc(Oc2ccccc2)cc1,C,slc22_fps_neighbor,urat1_curated.csv,True,7.16,URAT1,,CHEMBL3683398
Cc1cc(Oc2ccc(S(=O)(=O)Nc3ccc(F)cn3)cc2C#N)c(Cl)cc1Cl,O=S(=O)(Nc1ccccn1)c1ccc(Oc2ccccc2)cc1,C,slc22_fps_neighbor,urat1_curated.csv,True,6.05,URAT1,,CHEMBL3683393
CS(=O)(=O)NC(=O)CSc1nc2sccc2c(=O)n1-c1ccc(C2CC2)c2ccccc12,O=c1c2ccsc2ncn1-c1ccc(C2CC2)c2ccccc12,C,slc22_fps_neighbor,urat1_curated.csv,True,5.14,URAT1,,CHEMBL5277301
Cc1cc(Oc2ccc(S(=O)(=O)Nc3ccc(F)cn3)cc2C#N)ccc1Cl,O=S(=O)(Nc1ccccn1)c1ccc(Oc2ccccc2)cc1,C,slc22_fps_neighbor,urat1_curated.csv,True,7.1,URAT1,,CHEMBL3683320
C/C(=C\Cc1c(O)ccc2c1OC(c1ccc(O)cc1)CC2=O)C(=O)O,O=C1CC(c2ccccc2)Oc2ccccc21,C,slc22_fps_neighbor,urat1_curated.csv,True,5.68,URAT1,,CHEMBL5620074
Clc1cccc(Cl)c1Cn1nc(Cl)c2ncc(-c3nnn[nH]3)cc21,c1ccc(Cn2ncc3ncc(-c4nnn[nH]4)cc32)cc1,C,slc22_fps_neighbor,urat1_curated.csv,True,6.79,URAT1,,CHEMBL3692053
O=C(O)CCCN(c1cccc(F)c1)c1ccnc2ccc(-c3ccc(F)cc3)cc12,c1ccc(Nc2ccnc3ccc(-c4ccccc4)cc23)cc1,C,slc22_fps_neighbor,urat1_curated.csv,True,6.16,URAT1,,CHEMBL6142674
O=C(CSc1nc2sccc2c(=O)n1-c1ccc(C2CC2)c2ccccc12)NS(=O)(=O)c1ccc(C(F)(F)F)cc1,O=C(CSc1nc2sccc2c(=O)n1-c1ccc(C2CC2)c2ccccc12)NS(=O)(=O)c1ccccc1,C,slc22_fps_neighbor,urat1_curated.csv,True,4.79,URAT1,,CHEMBL5269609
COc1ccc(Oc2ccc(S(=O)(=O)Nc3ccc(F)cn3)cc2C#N)cc1,O=S(=O)(Nc1ccccn1)c1ccc(Oc2ccccc2)cc1,C,slc22_fps_neighbor,urat1_curated.csv,True,5.43,URAT1,,CHEMBL3683470
Cc1ccccc1Oc1ccc(S(=O)(=O)Nc2ccc(F)cn2)cc1C#N,O=S(=O)(Nc1ccccn1)c1ccc(Oc2ccccc2)cc1,C,slc22_fps_neighbor,urat1_curated.csv,True,6.49,URAT1,,CHEMBL3683468
N#Cc1ccc(Oc2ccc(S(=O)(=O)Nc3ccc(F)cn3)cc2C#N)c(F)c1,O=S(=O)(Nc1ccccn1)c1ccc(Oc2ccccc2)cc1,C,slc22_fps_neighbor,urat1_curated.csv,True,7.33,URAT1,,CHEMBL3683297
CCc1ccccc1Oc1ccc(S(=O)(=O)Nc2ccc(F)cn2)cc1C#N,O=S(=O)(Nc1ccccn1)c1ccc(Oc2ccccc2)cc1,C,slc22_fps_neighbor,urat1_curated.csv,True,6.97,URAT1,,CHEMBL3683332
COc1cc(Oc2ccc(S(=O)(=O)Nc3ccc(F)cn3)cc2C#N)ccc1C#N,O=S(=O)(Nc1ccccn1)c1ccc(Oc2ccccc2)cc1,C,slc22_fps_neighbor,urat1_curated.csv,True,7.24,URAT1,,CHEMBL3683362
N#Cc1cc(S(=O)(=O)Nc2ccc(F)cn2)ccc1Oc1cc(Cl)ccc1C#N,O=S(=O)(Nc1ccccn1)c1ccc(Oc2ccccc2)cc1,C,slc22_fps_neighbor,urat1_curated.csv,True,6.74,URAT1,,CHEMBL3683351
N#Cc1cc(S(=O)(=O)Nc2ccc(F)cn2)ccc1Oc1ccc(F)c(Cl)c1Cl,O=S(=O)(Nc1ccccn1)c1ccc(Oc2ccccc2)cc1,C,slc22_fps_neighbor,urat1_curated.csv,True,7.26,URAT1,,CHEMBL3683324
COc1cc(Cl)cc(Oc2ccc(S(=O)(=O)Nc3ccc(F)cn3)cc2C#N)c1,O=S(=O)(Nc1ccccn1)c1ccc(Oc2ccccc2)cc1,C,slc22_fps_neighbor,urat1_curated.csv,True,6.9,URAT1,,CHEMBL3683446
Cc1c(F)ccc(Oc2ccc(S(=O)(=O)Nc3ccc(F)cn3)cc2C#N)c1C,O=S(=O)(Nc1ccccn1)c1ccc(Oc2ccccc2)cc1,C,slc22_fps_neighbor,urat1_curated.csv,True,6.3,URAT1,,CHEMBL3683456
Cc1cc(C)cc(Oc2ccc(S(=O)(=O)Nc3ccc(F)cn3)cc2C#N)c1,O=S(=O)(Nc1ccccn1)c1ccc(Oc2ccccc2)cc1,C,slc22_fps_neighbor,urat1_curated.csv,True,6.48,URAT1,,CHEMBL3683434
N#Cc1cc(Oc2ccc(S(=O)(=O)Nc3ccc(F)cn3)cc2C#N)ccc1Cl,O=S(=O)(Nc1ccccn1)c1ccc(Oc2ccccc2)cc1,C,slc22_fps_neighbor,urat1_curated.csv,True,7.04,URAT1,,CHEMBL3683346
N#Cc1ccc(Cl)c(Oc2ccc(S(=O)(=O)Nc3ccc(F)cn3)cc2C#N)c1,O=S(=O)(Nc1ccccn1)c1ccc(Oc2ccccc2)cc1,C,slc22_fps_neighbor,urat1_curated.csv,True,6.49,URAT1,,CHEMBL3683349
O=C(CSc1nc2sccc2c(=O)n1-c1ccc(C2CC2)c2ccccc12)NS(=O)(=O)c1ccc(F)cc1,O=C(CSc1nc2sccc2c(=O)n1-c1ccc(C2CC2)c2ccccc12)NS(=O)(=O)c1ccccc1,C,slc22_fps_neighbor,urat1_curated.csv,True,4.94,URAT1,,CHEMBL5291373
COc1ccc(Oc2ccc(S(=O)(=O)Nc3ccc(F)cn3)cc2C#N)c(C)c1,O=S(=O)(Nc1ccccn1)c1ccc(Oc2ccccc2)cc1,C,slc22_fps_neighbor,urat1_curated.csv,True,7.13,URAT1,,CHEMBL3683480
Cc1cc(Cl)ccc1Oc1ccc(S(=O)(=O)Nc2ccc(F)cn2)cc1C#N,O=S(=O)(Nc1ccccn1)c1ccc(Oc2ccccc2)cc1,C,slc22_fps_neighbor,urat1_curated.csv,True,6.83,URAT1,,CHEMBL3683291
Cc1cccc(Cl)c1Oc1ccc(S(=O)(=O)Nc2ccc(F)cn2)cc1C#N,O=S(=O)(Nc1ccccn1)c1ccc(Oc2ccccc2)cc1,C,slc22_fps_neighbor,urat1_curated.csv,True,7.04,URAT1,,CHEMBL3683407
Cc1nn(Cc2c(Cl)cccc2Cl)c2cc(CCC(=O)O)ccc12,c1ccc(Cn2ncc3ccccc32)cc1,C,slc22_fps_neighbor,urat1_curated.csv,True,8.0,URAT1,,CHEMBL3692018
N#Cc1cc(S(=O)(=O)Nc2ccc(F)cn2)ccc1Oc1cc(F)ccc1F,O=S(=O)(Nc1ccccn1)c1ccc(Oc2ccccc2)cc1,C,slc22_fps_neighbor,urat1_curated.csv,True,6.72,URAT1,,CHEMBL3683339
COc1ccc(Cl)c(Oc2ccc(S(=O)(=O)Nc3ccc(F)cn3)cc2C#N)c1,O=S(=O)(Nc1ccccn1)c1ccc(Oc2ccccc2)cc1,C,slc22_fps_neighbor,urat1_curated.csv,True,6.78,URAT1,,CHEMBL3683330
COc1ccc(Oc2ccc(S(=O)(=O)Nc3ccc(F)cn3)cc2C#N)cc1Cl,O=S(=O)(Nc1ccccn1)c1ccc(Oc2ccccc2)cc1,C,slc22_fps_neighbor,urat1_curated.csv,True,7.28,URAT1,,CHEMBL3683432
CCc1nn(Cc2c(Cl)cccc2Cl)c2cc(C(=O)O)cnc12,c1ccc(Cn2ncc3ncccc32)cc1,C,slc22_fps_neighbor,urat1_curated.csv,True,7.1,URAT1,,CHEMBL3692048
N#Cc1ccccc1Oc1ccc(S(=O)(=O)Nc2ccc(F)cn2)cc1C#N,O=S(=O)(Nc1ccccn1)c1ccc(Oc2ccccc2)cc1,C,slc22_fps_neighbor,urat1_curated.csv,True,6.3,URAT1,,CHEMBL3683303
O=C(c1ccnc2ccc(Br)cc12)N1CCCC[C@H]1CNS(=O)(=O)C(F)(F)F,O=C(c1ccnc2ccccc12)N1CCCCC1,C,slc22_fps_neighbor,urat1_curated.csv,True,5.13,URAT1,,CHEMBL5563243
O=C(CSc1nc2sccc2c(=O)n1-c1ccc(C2CC2)c2ccccc12)NS(=O)(=O)c1ccc([N+](=O)[O-])cc1,O=C(CSc1nc2sccc2c(=O)n1-c1ccc(C2CC2)c2ccccc12)NS(=O)(=O)c1ccccc1,C,slc22_fps_neighbor,urat1_curated.csv,True,5.01,URAT1,,CHEMBL5279672
O=C(O)CCSc1ccncc1C(=O)N1CCc2ccccc2C1,O=C(c1cccnc1)N1CCc2ccccc2C1,C,slc22_fps_neighbor,urat1_curated.csv,True,4.8,URAT1,,CHEMBL5282047
O=C(CSc1nc2sccc2c(=O)n1-c1ccc(C2CC2)c2ccccc12)NS(=O)(=O)c1ccccc1,O=C(CSc1nc2sccc2c(=O)n1-c1ccc(C2CC2)c2ccccc12)NS(=O)(=O)c1ccccc1,C,slc22_fps_neighbor,urat1_curated.csv,True,4.94,URAT1,,CHEMBL5267010
CC(C)(Sc1ccc2cncc(-c3ccc(C#N)c4ccccc34)c2c1)C(=O)O,c1ccc2c(-c3cncc4ccccc34)cccc2c1,C,slc22_fps_neighbor,urat1_curated.csv,True,8.1,URAT1,,CHEMBL5759161
N#Cc1cc(S(=O)(=O)Nc2ccc(F)cn2)ccc1Oc1cc(F)cc(F)c1,O=S(=O)(Nc1ccccn1)c1ccc(Oc2ccccc2)cc1,C,slc22_fps_neighbor,urat1_curated.csv,True,6.9,URAT1,,CHEMBL3683296
N#Cc1cc(S(=O)(=O)Nc2ccc(F)cn2)ccc1Oc1cccc(F)c1F,O=S(=O)(Nc1ccccn1)c1ccc(Oc2ccccc2)cc1,C,slc22_fps_neighbor,urat1_curated.csv,True,6.66,URAT1,,CHEMBL3683302
N#Cc1cc(S(=O)(=O)Nc2ccc(F)cn2)ccc1Oc1ccc(CO)c(Cl)c1,O=S(=O)(Nc1ccccn1)c1ccc(Oc2ccccc2)cc1,C,slc22_fps_neighbor,urat1_curated.csv,True,9.0,URAT1,,CHEMBL3688197
N#Cc1cc(S(=O)(=O)Nc2ccc(F)cn2)ccc1Oc1ccc(F)c(F)c1,O=S(=O)(Nc1ccccn1)c1ccc(Oc2ccccc2)cc1,C,slc22_fps_neighbor,urat1_curated.csv,True,7.37,URAT1,,CHEMBL3683363
N#Cc1cc(S(=O)(=O)Nc2ccc(F)cn2)ccc1Oc1ccc(F)cc1Cl,O=S(=O)(Nc1ccccn1)c1ccc(Oc2ccccc2)cc1,C,slc22_fps_neighbor,urat1_curated.csv,True,7.11,URAT1,,CHEMBL3683317
Cc1ccc(F)cc1Oc1ccc(S(=O)(=O)Nc2ccc(F)cn2)cc1C#N,O=S(=O)(Nc1ccccn1)c1ccc(Oc2ccccc2)cc1,C,slc22_fps_neighbor,urat1_curated.csv,True,7.08,URAT1,,CHEMBL3683307
N#Cc1cc(S(=O)(=O)Nc2ccc(F)cn2)ccc1Oc1cc(Cl)ccc1Cl,O=S(=O)(Nc1ccccn1)c1ccc(Oc2ccccc2)cc1,C,slc22_fps_neighbor,urat1_curated.csv,True,6.24,URAT1,,CHEMBL3683454
O=C(O)CCSc1ccncc1C(=O)N1CCOc2ccccc21,O=C(c1cccnc1)N1CCOc2ccccc21,C,slc22_fps_neighbor,urat1_curated.csv,True,4.76,URAT1,,CHEMBL5284756
Cc1cc(Oc2ccc(S(=O)(=O)Nc3ccc(F)cn3)cc2C#N)ccc1C#N,O=S(=O)(Nc1ccccn1)c1ccc(Oc2ccccc2)cc1,C,slc22_fps_neighbor,urat1_curated.csv,True,7.41,URAT1,,CHEMBL3683347
N#Cc1cc(S(=O)(=O)Nc2ccc(F)cn2)ccc1Oc1ccc(Cl)c(Cl)c1,O=S(=O)(Nc1ccccn1)c1ccc(Oc2ccccc2)cc1,C,slc22_fps_neighbor,urat1_curated.csv,True,7.0,URAT1,,CHEMBL3683406
Cc1nn(Cc2c(Cl)cccc2Cl)c2cc(CC(=O)O)ccc12,c1ccc(Cn2ncc3ccccc32)cc1,C,slc22_fps_neighbor,urat1_curated.csv,True,7.75,URAT1,,CHEMBL3692003
N#Cc1cc(S(=O)(=O)Nc2ccc(F)cn2)ccc1Oc1ccc(C#N)c(C(F)(F)F)c1,O=S(=O)(Nc1ccccn1)c1ccc(Oc2ccccc2)cc1,C,slc22_fps_neighbor,urat1_curated.csv,True,6.57,URAT1,,CHEMBL3683292
N#Cc1cc(S(=O)(=O)Nc2ccc(F)cn2)ccc1Oc1ccc(F)cc1F,O=S(=O)(Nc1ccccn1)c1ccc(Oc2ccccc2)cc1,C,slc22_fps_neighbor,urat1_curated.csv,True,7.19,URAT1,,CHEMBL3683293
N#Cc1cc(S(=O)(=O)Nc2ccc(F)cn2)ccc1Oc1ccc(F)cc1,O=S(=O)(Nc1ccccn1)c1ccc(Oc2ccccc2)cc1,C,slc22_fps_neighbor,urat1_curated.csv,True,6.74,URAT1,,CHEMBL3683467
O=C(O)C1(Sc2ccnc3ccc(Br)cc23)CCC1,c1ccc2c(SC3CCC3)ccnc2c1,C,slc22_fps_neighbor,urat1_curated.csv,True,7.47,URAT1,,CHEMBL3746329
O=C(O)CCSc1nc(Nc2ccc(C3CC3)c3ccccc23)c2sccc2n1,c1ccc2c(C3CC3)ccc(Nc3ncnc4ccsc34)c2c1,C,slc22_fps_neighbor,urat1_curated.csv,True,5.56,URAT1,,CHEMBL5579679
N#Cc1cc(S(=O)(=O)Nc2ccc(F)cn2)ccc1Oc1cc(F)c(F)cc1F,O=S(=O)(Nc1ccccn1)c1ccc(Oc2ccccc2)cc1,C,slc22_fps_neighbor,urat1_curated.csv,True,6.92,URAT1,,CHEMBL3683414
Cc1cccc(Cl)c1Cn1nc(C)c2ncc(-c3nnn[nH]3)cc21,c1ccc(Cn2ncc3ncc(-c4nnn[nH]4)cc32)cc1,C,slc22_fps_neighbor,urat1_curated.csv,True,6.91,URAT1,,CHEMBL3692045
N#Cc1ccc(Oc2ccc(S(=O)(=O)Nc3ccc(F)cn3)cc2C#N)cc1F,O=S(=O)(Nc1ccccn1)c1ccc(Oc2ccccc2)cc1,C,slc22_fps_neighbor,urat1_curated.csv,True,7.28,URAT1,,CHEMBL3683329
COc1ccc(Oc2ccc(S(=O)(=O)Nc3ccc(F)cn3)cc2C#N)cc1C#N,O=S(=O)(Nc1ccccn1)c1ccc(Oc2ccccc2)cc1,C,slc22_fps_neighbor,urat1_curated.csv,True,6.87,URAT1,,CHEMBL3683352
COc1cc(C)cc(Oc2ccc(S(=O)(=O)Nc3ccc(F)cn3)cc2C#N)c1,O=S(=O)(Nc1ccccn1)c1ccc(Oc2ccccc2)cc1,C,slc22_fps_neighbor,urat1_curated.csv,True,6.76,URAT1,,CHEMBL3683466
N#Cc1cc(S(=O)(=O)Nc2ccc(F)cn2)ccc1Oc1cc(F)c(F)cc1Cl,O=S(=O)(Nc1ccccn1)c1ccc(Oc2ccccc2)cc1,C,slc22_fps_neighbor,urat1_curated.csv,True,6.61,URAT1,,CHEMBL3683461
N#Cc1ccc(Oc2ccc(S(=O)(=O)Nc3ccc(F)cn3)cc2C#N)cc1Cl,O=S(=O)(Nc1ccccn1)c1ccc(Oc2ccccc2)cc1,C,slc22_fps_neighbor,urat1_curated.csv,True,7.904999999999999,URAT1,,CHEMBL3683287
COc1cccc(C)c1Oc1ccc(S(=O)(=O)Nc2ccc(F)cn2)cc1C#N,O=S(=O)(Nc1ccccn1)c1ccc(Oc2ccccc2)cc1,C,slc22_fps_neighbor,urat1_curated.csv,True,7.62,URAT1,,CHEMBL3683399
O=C(CSc1nc2sccc2c(=O)n1-c1ccc(C2CC2)c2ccccc12)NS(=O)(=O)c1ccc(O)cc1,O=C(CSc1nc2sccc2c(=O)n1-c1ccc(C2CC2)c2ccccc12)NS(=O)(=O)c1ccccc1,C,slc22_fps_neighbor,urat1_curated.csv,True,4.69,URAT1,,CHEMBL5270485
Cc1ccc(Cl)c(Oc2ccc(S(=O)(=O)Nc3ccc(F)cn3)cc2C#N)c1,O=S(=O)(Nc1ccccn1)c1ccc(Oc2ccccc2)cc1,C,slc22_fps_neighbor,urat1_curated.csv,True,6.71,URAT1,,CHEMBL3683323
N#Cc1cc(S(=O)(=O)Nc2ccc(F)cn2)ccc1Oc1cc(Cl)c(C#N)c(Cl)c1,O=S(=O)(Nc1ccccn1)c1ccc(Oc2ccccc2)cc1,C,slc22_fps_neighbor,urat1_curated.csv,True,8.52,URAT1,,CHEMBL3688192
N#Cc1cc(Cl)ccc1Oc1ccc(S(=O)(=O)Nc2ccc(F)cn2)cc1C#N,O=S(=O)(Nc1ccccn1)c1ccc(Oc2ccccc2)cc1,C,slc22_fps_neighbor,urat1_curated.csv,True,6.76,URAT1,,CHEMBL3683331
N#Cc1ccc(Nc2cnccc2SCCCCCC(=O)[O-])c2ccccc12.[Na+],c1cncc(Nc2cccc3ccccc23)c1,C,slc22_fps_neighbor,urat1_curated.csv,True,5.37,URAT1,,CHEMBL5175443
N#Cc1ccc(Oc2cnccc2SCCCC(=O)[O-])c2ccccc12.[Na+],c1cncc(Oc2cccc3ccccc23)c1,C,slc22_fps_neighbor,urat1_curated.csv,True,5.91,URAT1,,CHEMBL5178161
O=C(O)CCCN(c1cccc(F)c1)c1ccnc2ccc(C(F)(F)F)cc12,c1ccc(Nc2ccnc3ccccc23)cc1,C,slc22_fps_neighbor,urat1_curated.csv,True,6.75,URAT1,,CHEMBL6152505
CN(c1cnccc1SCCCCCC(=O)[O-])c1ccc(C#N)c2ccccc12.[Na+],c1cncc(Nc2cccc3ccccc23)c1,C,slc22_fps_neighbor,urat1_curated.csv,True,5.42,URAT1,,CHEMBL5202748
O=C(c1ccnc2ccc(C3CC3)cc12)N1CCC[C@H]1CNS(=O)(=O)C(F)(F)F,O=C(c1ccnc2ccc(C3CC3)cc12)N1CCCC1,C,slc22_fps_neighbor,urat1_curated.csv,True,7.28,URAT1,,CHEMBL5568246
N#Cc1ccc(-c2c(SC3(C(=O)O)CCC3)ccc3cnsc23)cc1,c1ccc(-c2c(SC3CCC3)ccc3cnsc23)cc1,C,slc22_fps_neighbor,urat1_curated.csv,True,7.67,URAT1,,CHEMBL5948551
O=C(O)CCCN(c1cccc(F)c1)c1ccnc2ccc(-c3ccccc3)cc12,c1ccc(Nc2ccnc3ccc(-c4ccccc4)cc23)cc1,C,slc22_fps_neighbor,urat1_curated.csv,True,5.96,URAT1,,CHEMBL6163087
O=C(c1ccnc2ccc(Br)cc12)N1CCC[C@@H]1CNS(=O)(=O)C(F)(F)F,O=C(c1ccnc2ccccc12)N1CCCC1,C,slc22_fps_neighbor,urat1_curated.csv,True,5.02,URAT1,,CHEMBL5557550
O=C(O)C1(Sc2ccnc3ccc(Br)cc23)CCCC1,c1ccc2c(SC3CCCC3)ccnc2c1,C,slc22_fps_neighbor,urat1_curated.csv,True,6.470000000000001,URAT1,,CHEMBL3747526
N#Cc1ccc(-c2c(SC3(C(=O)O)CCCC3)ccc3cnsc23)cc1,c1ccc(-c2c(SC3CCCC3)ccc3cnsc23)cc1,C,slc22_fps_neighbor,urat1_curated.csv,True,7.58,URAT1,,CHEMBL6037125
N#Cc1ccc(Nc2cnccc2SCCCCC(=O)[O-])c2ccccc12.[Na+],c1cncc(Nc2cccc3ccccc23)c1,C,slc22_fps_neighbor,urat1_curated.csv,True,5.64,URAT1,,CHEMBL5208533
N#Cc1ccc(Oc2cnccc2SCCCCC(=O)[O-])c2ccccc12.[Na+],c1cncc(Oc2cccc3ccccc23)c1,C,slc22_fps_neighbor,urat1_curated.csv,True,5.38,URAT1,,CHEMBL5187485
O=C(O)CCCCN(c1cccc(F)c1)c1ccnc2ccc(C(F)(F)F)cc12,c1ccc(Nc2ccnc3ccccc23)cc1,C,slc22_fps_neighbor,urat1_curated.csv,True,6.12,URAT1,,CHEMBL6159847
CN(c1cnccc1SCCCCC(=O)[O-])c1ccc(C#N)c2ccccc12.[Na+],c1cncc(Nc2cccc3ccccc23)c1,C,slc22_fps_neighbor,urat1_curated.csv,True,5.45,URAT1,,CHEMBL5188663
O=C(c1ccnc2ccc(C3CCCC3)cc12)N1CCC[C@H]1CNS(=O)(=O)C(F)(F)F,O=C(c1ccnc2ccc(C3CCCC3)cc12)N1CCCC1,C,slc22_fps_neighbor,urat1_curated.csv,True,6.47,URAT1,,CHEMBL5558831
CC(C)=CCc1c(O)ccc2c1O[C@H](c1ccc(O)cc1)CC2=O,O=C1CC(c2ccccc2)Oc2ccccc21,C,slc22_fps_neighbor,urat1_curated.csv,True,6.62,URAT1,,CHEMBL491534
CN(c1cnccc1SCCCCCCC(=O)[O-])c1ccc(C#N)c2ccccc12.[Na+],c1cncc(Nc2cccc3ccccc23)c1,C,slc22_fps_neighbor,urat1_curated.csv,True,5.33,URAT1,,CHEMBL5194068
C[C@@H](CC(=O)O)c1cc2cncc(-c3ccc(C#N)c4ccccc34)c2s1,c1ccc2c(-c3cncc4ccsc34)cccc2c1,C,slc22_fps_neighbor,urat1_curated.csv,True,8.0,URAT1,,CHEMBL5965801
C[C@H](CC(=O)O)c1cc2c(-c3ccc(C#N)c4ccccc34)cncc2s1,c1ccc2c(-c3cncc4sccc34)cccc2c1,C,slc22_fps_neighbor,urat1_curated.csv,True,7.96,URAT1,,CHEMBL6056778
C[C@H](CC(=O)O)c1cc2cncc(-c3ccc(C#N)c4ccccc34)c2s1,c1ccc2c(-c3cncc4ccsc34)cccc2c1,C,slc22_fps_neighbor,urat1_curated.csv,True,6.24,URAT1,,CHEMBL5765590
C[C@H](CC(=O)O)c1cc2cncc(-c3ccc(C#N)cc3)c2s1,c1ccc(-c2cncc3ccsc23)cc1,C,slc22_fps_neighbor,urat1_curated.csv,True,7.42,URAT1,,CHEMBL5867387
C[C@H](Cc1cc2cncc(-c3ccc(C#N)c4ccccc34)c2s1)C(=O)O,c1ccc2c(-c3cncc4ccsc34)cccc2c1,C,slc22_fps_neighbor,urat1_curated.csv,True,7.29,URAT1,,CHEMBL5748016
C[C@H](Oc1ccc2cncc(-c3ccc(C#N)cc3)c2c1)C(=O)O,c1ccc(-c2cncc3ccccc23)cc1,C,slc22_fps_neighbor,urat1_curated.csv,True,5.57,URAT1,,CHEMBL5791458
N#Cc1ccc(Nc2cnccc2SCCCCCCC(=O)[O-])c2ccccc12.[Na+],c1cncc(Nc2cccc3ccccc23)c1,C,slc22_fps_neighbor,urat1_curated.csv,True,5.24,URAT1,,CHEMBL5199583
N#Cc1ccc(Oc2cnccc2SCCCCCCC(=O)[O-])c2ccccc12.[Na+],c1cncc(Oc2cccc3ccccc23)c1,C,slc22_fps_neighbor,urat1_curated.csv,True,5.42,URAT1,,CHEMBL5178951
O=C(c1ccnc2ccc(Br)cc12)N1CCC[C@H]1CNS(=O)(=O)C(F)(F)F,O=C(c1ccnc2ccccc12)N1CCCC1,C,slc22_fps_neighbor,urat1_curated.csv,True,6.36,URAT1,,CHEMBL5542977
O=C(c1ccnc2ccc(Br)cc12)N1CC[C@H]1CNS(=O)(=O)C(F)(F)F,O=C(c1ccnc2ccccc12)N1CCC1,C,slc22_fps_neighbor,urat1_curated.csv,True,6.25,URAT1,,CHEMBL5559011
N[C@H](CSc1nc2ccccc2s1)C(=O)O,c1ccc2scnc2c1,C,slc22_fps_neighbor,oat_combined_transfer.csv,True,5.0,OAT1,,CHEMBL2074987
