molecule_chembl_id,canonical_smiles,pActivity,n_measurements
CHEMBL10,C[S+]([O-])c1ccc(-c2nc(-c3ccc(F)cc3)c(-c3ccncc3)[nH]2)cc1,5.3,1
CHEMBL1087421,COc1cc2c(cc1Cl)C(c1ccc(Cl)c(Cl)c1)=NCC2,4.0,1
CHEMBL1090089,Cn1c(=O)c(Oc2ccc(F)cc2F)cc2cnc(NC(CCO)CCO)nc21,5.27,1
CHEMBL1092764,CN(C)CCCC(=O)Nc1cc(C(=O)O)cc(-c2n[nH]c3cc(Nc4ccccc4Cl)ccc23)c1,7.0,1
CHEMBL120185,CN1CCN(c2ccc3c(n2)nc(-c2ccc(F)cc2)n3-c2ccnc(NC3CCCC3)n2)CC1,5.82,1
CHEMBL121405,OC1(c2nc(-c3ccc(F)cc3)c(-c3ccnc(NC4CCCCC4)c3)o2)CCNCC1,6.82,1
CHEMBL1232772,CC(C)Nc1ncc2cc(Oc3ccc(F)cc3F)c(=O)n(C)c2n1,5.38,1
CHEMBL1233747,COc1cc(NC(=O)c2cccc(-n3cc(NC(=O)Nc4ccccc4)cn3)c2)cc(OC)c1OC,6.4,2
CHEMBL1233748,COc1cc(NC(=O)c2cccc(-n3ncc4cc(Nc5ccccc5F)ccc43)c2)cc(OC)c1OC,7.14,2
CHEMBL1233749,C#CCN1CCN(c2c(Cl)cccc2NC(=O)c2ccc(Br)o2)CC1,6.85,1
CHEMBL1287858,COC(=O)c1ccccc1NC(=O)Cc1cccc2ccccc12,5.68,1
CHEMBL1287859,COC(=O)c1cscc1NC(=O)Cc1cccc2ccccc12,6.05,1
CHEMBL1287886,COC(=O)c1n[nH]cc1NC(=O)Cc1cccc2ccccc12,5.68,1
CHEMBL1287887,COC(=O)c1cnccc1NC(=O)Cc1cccc2ccccc12,5.19,1
CHEMBL1287888,O=C(Cc1cccc2ccccc12)Nc1ccsc1-c1nnco1,5.4,2
CHEMBL1287914,O=C(Cc1cccc2ccccc12)Nc1ccsc1-n1ccnc1,4.57,1
CHEMBL1287915,O=C(Cc1cccc2ccccc12)Nc1ccsc1-c1cc[nH]n1,5.4,2
CHEMBL1287916,O=C(Cc1cccc2ccccc12)Nc1ccsc1-c1nc[nH]n1,5.79,2
CHEMBL1287944,Cc1nnc(-c2sccc2NC(=O)Cc2cccc3ccccc23)o1,5.525,2
CHEMBL1287945,Cn1ccc(-c2sccc2NC(=O)Cc2cccc3ccccc23)n1,4.62,1
CHEMBL1287974,Cc1nc(-c2sccc2NC(=O)Cc2cccc3ccccc23)n[nH]1,5.949999999999999,2
CHEMBL1287975,Cc1nc(-c2sccc2NC(=O)Cc2cccc3ccccc23)n(C)n1,4.52,1
CHEMBL1288004,Cc1cc(-c2sccc2NC(=O)Cc2cccc3ccccc23)n[nH]1,5.385,2
CHEMBL1288005,COc1ccc(CC(=O)Nc2ccsc2-n2cncn2)cc1,4.36,1
CHEMBL1288006,COc1ccc(CC(=O)Nc2ccsc2-n2nccn2)cc1,5.6899999999999995,2
CHEMBL1288038,COc1ccc(CC(=O)Nc2ccsc2-c2n[nH]c(C(F)(F)F)n2)cc1,5.385,2
CHEMBL1288039,COc1ccc(CC(=O)Nc2ccsc2-c2n[nH]c(N)n2)cc1,5.699999999999999,2
CHEMBL1288067,COc1ccc(CC(=O)Nc2ccsc2-c2cn(C)cn2)cc1,4.62,1
CHEMBL1288068,COc1ccc(CC(=O)Nc2ccsc2-c2ncco2)cc1,5.98,2
CHEMBL1288069,COc1ccc(CC(=O)Nc2ccsc2-c2c[nH]c(C)n2)cc1,4.63,1
CHEMBL1288098,COc1ccc(CC(=O)Nc2ccsc2-c2cnccn2)cc1,5.63,2
CHEMBL1288099,O=C(Cc1cccc2ncccc12)Nc1ccsc1-c1nnc[nH]1,5.9350000000000005,2
CHEMBL1288100,O=C(Cc1cccc2cnccc12)Nc1ccsc1-c1cscn1,6.074999999999999,2
CHEMBL1288127,COC(=O)c1ncsc1NC(=O)Cc1cccc2cnccc12,5.77,1
CHEMBL1288128,O=C(Cc1cccc2cnccc12)Nc1scnc1-c1nc[nH]n1,5.725,2
CHEMBL1288129,Cn1ncnc1-c1ncsc1NC(=O)Cc1cccc2cnccc12,5.574999999999999,2
CHEMBL1288156,COC(=O)c1sccc1NC(=O)Cc1ccc(OC)cc1,6.1,1
CHEMBL1288157,COC(=O)c1sccc1NC(=O)Cc1ccc(-c2ccncc2)cc1,6.34,1
CHEMBL1288158,COC(=O)c1sccc1NC(=O)Cc1ccc(-n2ccnc2)cc1,6.0,1
CHEMBL1288159,O=C(Cc1cccc2cnccc12)Nc1scnc1-c1cnccn1,5.845,2
CHEMBL1288160,O=C(Cc1cccc2cnccc12)Nc1scnc1-c1cscn1,7.32,2
CHEMBL1288186,COC(=O)c1sccc1NC(=O)Cc1ccc(C(F)(F)F)cc1,5.7,1
CHEMBL1288187,COC(=O)c1sccc1NC(=O)Cc1ccc2ccccc2c1,6.22,1
CHEMBL1288188,COC(=O)c1sccc1NC(=O)Cc1cccc2ccccc12,6.4,1
CHEMBL1288214,COC(=O)c1sccc1NC(=O)Cc1ccccc1-c1c[nH]nn1,5.16,1
CHEMBL1288215,COC(=O)c1sccc1NC(=O)Cc1cccc2cnccc12,6.57,1
CHEMBL1288216,COC(=O)c1sccc1NC(=O)Cc1cccc2ncccc12,6.52,1
CHEMBL1288243,CC(C)OC(=O)c1sccc1NC(=O)Cc1ccccc1,6.3,1
CHEMBL1288244,COCCNC(=O)c1sccc1NC(=O)Cc1ccccc1,5.64,1
CHEMBL1288895,COC(=O)c1sccc1NC(=O)Cc1cccs1,5.775,2
CHEMBL1288930,COC(=O)c1sccc1NC(=O)Cc1ccccc1,6.16,1
CHEMBL1288931,COC(=O)c1sccc1NC(=O)Cc1ccncc1,5.18,1
CHEMBL1288932,CC(=O)c1sccc1NC(=O)Cc1ccccc1,5.2,1
CHEMBL1288966,CCOC(=O)c1sccc1NC(=O)Cc1ccccc1,6.52,1
CHEMBL1288993,NC(=O)c1sccc1NC(=O)Cc1ccccc1,5.58,1
CHEMBL1420552,CCN1CCN(c2c(Cl)cccc2NC(=O)c2ccc(Br)o2)CC1,6.44,1
CHEMBL14762,CC[C@H](CO)Nc1nc(NCc2ccccc2)c2ncn(C(C)C)c2n1,3.769551078621726,1
CHEMBL150894,CC(C)OCc1ccc2c(c1)c1c3c(c4c(c1n2CCCO)Cc1ccccc1-4)C(=O)NC3,6.35,1
CHEMBL1584161,NC(=O)c1ccsc1NC(=O)Cc1ccc([N+](=O)[O-])cc1,5.54,1
CHEMBL1614820,Cc1csc(NC(=O)CN2C(=O)CCc3ccccc32)c1-c1ncn[nH]1,7.5,1
CHEMBL1644615,O=c1n(Cc2ccccn2)nc(-c2ccnc(NC3CCOCC3)c2)n1-c1ccc2ccccc2c1,6.0,1
CHEMBL1644616,S=c1[nH]nc(-c2ccncc2)n1-c1ccc2ccccc2c1,4.9,1
CHEMBL1644618,O=c1[nH]nc(-c2ccnc(NC3CCCCC3)c2)n1-c1ccc2ccccc2c1,6.0,1
CHEMBL1644619,O=c1[nH]nc(-c2ccnc(NC3CCCOC3)c2)n1-c1ccc2ccccc2c1,6.13,1
CHEMBL1644620,O=c1[nH]nc(-c2ccnc(NC3CCOCC3)c2)n1-c1ccc2ccccc2c1,5.75,1
CHEMBL1644622,O=c1[nH]nc(-c2ccnc(NC3CCC3)c2)n1-c1ccc2ccccc2c1,5.75,1
CHEMBL1644623,O=c1[nH]nc(-c2ccnc(NC3CC3)c2)n1-c1ccc2ccccc2c1,5.41,1
CHEMBL1644624,O=c1[nH]nc(-c2ccnc(Nc3ccccc3)c2)n1-c1ccc2ccccc2c1,5.24,1
CHEMBL1644625,O=c1[nH]nc(-c2ccnc(Nc3ccccn3)c2)n1-c1ccc2ccccc2c1,5.66,1
CHEMBL1644626,O=c1[nH]nc(-c2ccnc(Nc3cccnc3)c2)n1-c1ccc2ccccc2c1,5.48,1
CHEMBL1644629,CC(=O)Nc1cc(-c2n[nH]c(=O)n2-c2ccc3ccccc3c2)ccn1,5.14,1
CHEMBL1644630,O=C(Nc1cc(-c2n[nH]c(=O)n2-c2ccc3ccccc3c2)ccn1)C1CC1,5.34,1
CHEMBL1644632,O=c1[nH]nc(-c2ccnc(NC3CCOCC3)c2)n1-c1ccc2cc(F)ccc2c1,6.13,1
CHEMBL1644633,Nc1ccc2cc(-n3c(-c4ccnc(NC5CCOCC5)c4)n[nH]c3=O)ccc2c1,5.77,1
CHEMBL1644634,O=c1[nH]nc(-c2ccnc(NC3CCOCC3)c2)n1-c1ccc2cc(Br)ccc2c1,5.38,1
CHEMBL1644636,Nc1cccc2ccc(-n3c(-c4ccnc(NC5CCOCC5)c4)n[nH]c3=O)cc12,5.58,1
CHEMBL1644637,O=c1[nH]nc(-c2ccnc(NC3CCOCC3)c2)n1-c1ccc2cccc(Cl)c2c1,6.96,1
CHEMBL1644638,O=c1n(CC2CCOCC2)nc(-c2ccnc(NC3CCCCC3)c2)n1-c1ccc2ccccc2c1,6.38,1
CHEMBL1644639,O=c1n(C2CCOCC2)nc(-c2ccnc(NC3CCCCC3)c2)n1-c1ccc2ccccc2c1,6.38,1
CHEMBL1644640,O=c1n(C2CCOC2)nc(-c2ccnc(NC3CCOCC3)c2)n1-c1ccc2ccccc2c1,5.42,1
CHEMBL1644641,O=c1n(-c2ccccn2)nc(-c2ccnc(NC3CCOCC3)c2)n1-c1ccc2ccccc2c1,5.85,1
CHEMBL1644642,O=c1n(Cc2ccncc2)nc(-c2ccnc(NC3CCCCC3)c2)n1-c1ccc2ccccc2c1,6.16,1
CHEMBL1644643,O=c1n(C2CCNCC2)nc(-c2ccnc(NC3CCOCC3)c2)n1-c1ccc2ccccc2c1,5.35,1
CHEMBL1644645,O=c1n(C2CCN(CC(F)(F)F)CC2)nc(-c2ccnc(NC3CCOCC3)c2)n1-c1ccc2ccccc2c1,6.05,1
CHEMBL1644646,COC(=O)N1CCC(n2nc(-c3ccnc(NC4CCOCC4)c3)n(-c3ccc4ccccc4c3)c2=O)CC1,6.44,1
CHEMBL1681791,COC(=O)c1c(C)csc1NC(=O)Cc1cccc2cnccc12,7.51,1
CHEMBL1681992,COC(=O)c1c(C)csc1NC(=O)Cc1ccc(OC)cc1,6.23,1
CHEMBL1681993,CCc1csc(NC(=O)Cc2ccc(OC)cc2)c1C(=O)OC,4.71,1
CHEMBL1681994,CCOC(=O)c1c(C2CC2)csc1NC(=O)Cc1ccc(OC)cc1,4.81,1
CHEMBL1681995,CCOC(=O)c1c(C(F)(F)F)csc1NC(=O)Cc1ccc(OC)cc1,4.72,1
CHEMBL1681996,CCOC(=O)c1c(C#N)csc1NC(=O)Cc1ccc(OC)cc1,6.46,1
CHEMBL1681997,C#Cc1csc(NC(=O)Cc2ccc(OC)cc2)c1C(=O)OCC,5.98,1
CHEMBL1681998,COC(=O)c1c(C)csc1NC(=O)Cc1ccc(-c2ccncc2)cc1,6.55,1
CHEMBL1681999,COC(=O)c1c(C)csc1NC(=O)Cc1ccc(OCCCn2ccnc2)cc1,6.22,1
CHEMBL1682000,COC(=O)c1c(C)csc1NC(=O)Cc1ccc(OCCCN2CCCCC2)cc1,6.53,1
CHEMBL1682001,COC(=O)c1c(C)csc1NC(=O)Cc1ccc(OCCCN2CCCC2)cc1,6.55,1
CHEMBL1682002,COC(=O)c1c(C)csc1NC(=O)Cc1cccc2cc[nH]c12,6.16,1
CHEMBL1682003,COC(=O)c1c(C)csc1NC(=O)Cc1cccc2nccnc12,7.02,1
CHEMBL1682004,COC(=O)c1c(C)csc1NC(=O)Cc1cccc2ncccc12,7.26,1
CHEMBL1682005,COC(=O)c1c(C)csc1NC(=O)CN1C(=O)CCc2ccccc21,7.11,1
CHEMBL1682006,COc1ccc(CC(=O)Nc2scc(C)c2-c2nc(C)n[nH]2)cc1,5.890000000000001,2
CHEMBL1682007,Cc1n[nH]c(-c2c(C)csc2NC(=O)Cc2ccc(-c3ccncc3)cc2)n1,5.975,2
CHEMBL1682008,Cc1n[nH]c(-c2c(C)csc2NC(=O)Cc2ccc(OCCCN3CCCCC3)cc2)n1,5.8149999999999995,2
CHEMBL1682009,Cc1n[nH]c(-c2c(C)csc2NC(=O)Cc2cccc3nccnc23)n1,5.915,2
CHEMBL1682010,Cc1n[nH]c(-c2c(C)csc2NC(=O)Cc2cccc3ncccc23)n1,7.35,1
CHEMBL1682011,Cc1csc(NC(=O)Cc2cccc3ncccc23)c1-c1ncn[nH]1,6.140000000000001,2
CHEMBL1682012,Cc1n[nH]c(-c2c(C)csc2NC(=O)CN2C(=O)CCc3ccccc32)n1,7.82,1
CHEMBL1682013,O=C(CN1C(=O)CCc2ccccc21)Nc1scc(Br)c1-c1ncn[nH]1,7.6,2
CHEMBL1682014,O=C(CN1C(=O)CCc2ccccc21)Nc1scc(Cl)c1-c1ncn[nH]1,8.4,1
CHEMBL1682015,N#Cc1csc(NC(=O)CN2C(=O)CCc3ccccc32)c1-c1ncn[nH]1,8.05,1
CHEMBL1682016,O=C(Cc1cccc2cnccc12)Nc1scc(Br)c1-c1ncn[nH]1,7.55,1
CHEMBL1682017,O=C(Cc1cccc2cnccc12)Nc1scc(Cl)c1-c1ncn[nH]1,7.85,1
CHEMBL1682018,N#Cc1csc(NC(=O)Cc2cccc3cnccc23)c1-c1ncn[nH]1,7.96,1
CHEMBL1682019,O=C(Cc1cccc2ncccc12)Nc1scc(Br)c1-c1ncn[nH]1,7.38,1
CHEMBL1682020,O=C(Cc1cccc2ncccc12)Nc1scc(Cl)c1-c1ncn[nH]1,7.82,1
CHEMBL1682021,N#Cc1csc(NC(=O)Cc2cccc3ncccc23)c1-c1ncn[nH]1,7.92,1
CHEMBL168418,O=C(NCc1ccccc1)c1cccnc1Oc1ccccc1,5.5,1
CHEMBL1684800,COc1ccc(Cn2ncc(NC(=O)c3cc(NC(=O)Nc4ccc(Cl)c(C(F)(F)F)c4)ccc3C)c2N)cc1,5.8,1
CHEMBL1725279,Oc1c2ccccc2c2c3c(cccc13)N=N2,6.802,5
CHEMBL1734241,NC(=O)c1ccsc1NC(=O)CN1CCN(S(=O)(=O)c2ccccc2C(F)(F)F)CC1,4.12,1
CHEMBL1761554,Cn1cc(-c2ccc3cnc(Nc4ccc(-n5cnc(N6CCOCC6)n5)cc4)nc3c2)cn1,7.3,2
CHEMBL1761555,c1cc(-n2cnc(N3CCOCC3)n2)ccc1Nc1ncc2ccc(-c3cn[nH]c3)cc2n1,7.4,1
CHEMBL1761562,Cn1cc(-c2ccc3cnc(Nc4ccc(-n5cnc(-c6ccccn6)n5)cc4)nc3c2)cn1,7.0,1
CHEMBL1761563,Cc1ccc(-c2cccc3cnc(Nc4ccc(-n5cnc(N6CCOCC6)n5)cc4)nc23)cn1,7.7,1
CHEMBL1761564,Cn1cc(-c2cccc3cnc(Nc4ccc(-n5cnc(N6CCOCC6)n5)cc4)nc23)cn1,8.0,1
CHEMBL1761565,COc1ccc(-c2cccc3cnc(Nc4ccc(-n5cnc(N6CCOCC6)n5)cc4)nc23)cc1F,7.05,1
CHEMBL1761566,c1cc(-c2nccs2)c2nc(Nc3ccc(-n4cnc(N5CCOCC5)n4)cc3)ncc2c1,7.52,1
CHEMBL1761567,c1ccc(-c2cccc3cnc(Nc4ccc(-n5cnc(N6CCOCC6)n5)cc4)nc23)cc1,7.3,1
CHEMBL1761569,Cc1ncn(-c2ccc(Nc3ncc4cccc(-c5nccs5)c4n3)cc2)n1,8.0,1
CHEMBL1765112,NC(=O)c1ccsc1NC(=O)Cc1cccc(F)c1,5.03,1
CHEMBL1767126,Cc1sc(NC(=O)Cc2cccc3ccccc23)c(C(N)=O)c1C,4.58,1
CHEMBL1767236,NC(=O)c1ccsc1NC(=O)Cc1cccc2ccccc12,5.27,1
CHEMBL1767237,NC(=O)c1ccsc1NC(=O)Cc1ccccc1,5.44,1
CHEMBL1767238,NC(=O)c1ccsc1NC(=O)c1ccccc1,5.23,1
CHEMBL1767243,NC(=O)c1ccsc1NC(=O)Cc1cccs1,5.5,1
CHEMBL1767244,Cc1cc(C)cc(CC(=O)Nc2sccc2C(N)=O)c1,5.57,1
CHEMBL1767247,NC(=O)c1ccsc1NC(=O)Cc1ccc2c(c1)OCCO2,5.57,1
CHEMBL1767248,NC(=O)c1ccsc1NC(=O)Cc1ccc2c(c1)OCO2,5.75,1
CHEMBL1767251,COc1ccc(C)cc1CC(=O)Nc1sccc1C(N)=O,5.64,1
CHEMBL1767254,NC(=O)c1ccsc1NC(=O)Cc1csc2ccccc12,5.609999999999999,2
CHEMBL1767255,NC(=O)c1ccsc1NC(=O)Cc1ccccc1Cl,5.85,1
CHEMBL1767256,NC(=O)c1ccsc1NC(=O)Cc1cccc(Cl)c1,5.58,1
CHEMBL1767257,NC(=O)c1ccsc1NC(=O)Cc1ccc(Cl)cc1,4.73,1
CHEMBL1767258,NC(=O)c1ccsc1NC(=O)Cc1ccccc1F,5.08,1
CHEMBL1767259,NC(=O)c1ccsc1NC(=O)Cc1ccc(F)cc1,5.29,1
CHEMBL1767260,NC(=O)c1ccsc1NC(=O)Cc1ccccc1Br,5.54,1
CHEMBL1767261,NC(=O)c1ccsc1NC(=O)Cc1cccc(Br)c1,5.75,1
CHEMBL1767263,NC(=O)c1ccsc1NC(=O)Cc1ccccc1I,5.47,1
CHEMBL1767264,NC(=O)c1ccsc1NC(=O)Cc1cccc(I)c1,5.75,1
CHEMBL1767265,COc1ccccc1CC(=O)Nc1sccc1C(N)=O,4.92,1
CHEMBL1767266,COc1cccc(CC(=O)Nc2sccc2C(N)=O)c1,5.58,1
CHEMBL1767267,COc1ccc(CC(=O)Nc2sccc2C(N)=O)cc1,5.24,1
CHEMBL1767268,Cc1ccccc1CC(=O)Nc1sccc1C(N)=O,5.22,1
CHEMBL1767269,Cc1cccc(CC(=O)Nc2sccc2C(N)=O)c1,5.27,1
CHEMBL1767270,Cc1ccc(CC(=O)Nc2sccc2C(N)=O)cc1,5.37,1
CHEMBL1767272,NC(=O)c1ccsc1NC(=O)Cc1cccc(C(F)(F)F)c1,5.12,1
CHEMBL1767273,NC(=O)c1ccsc1NC(=O)Cc1ccc(C(F)(F)F)cc1,5.19,1
CHEMBL1767274,NC(=O)c1ccsc1NC(=O)Cc1ccc(OC(F)(F)F)cc1,5.24,1
CHEMBL1767275,N#Cc1cccc(CC(=O)Nc2sccc2C(N)=O)c1,4.68,1
CHEMBL1767276,N#Cc1ccc(CC(=O)Nc2sccc2C(N)=O)cc1,5.47,1
CHEMBL1767278,CCOc1ccc(CC(=O)Nc2sccc2C(N)=O)cc1,5.72,1
CHEMBL1767279,NC(=O)c1ccsc1NC(=O)Cc1cc(F)cc(F)c1,5.09,1
CHEMBL1767280,NC(=O)c1ccsc1NC(=O)Cc1ccc(F)c(F)c1,4.99,1
CHEMBL1767281,NC(=O)c1ccsc1NC(=O)Cc1ccc(F)cc1F,5.01,1
CHEMBL1767282,NC(=O)c1ccsc1NC(=O)Cc1c(F)cccc1F,5.13,1
CHEMBL1767283,NC(=O)c1ccsc1NC(=O)Cc1cc(F)ccc1F,5.24,1
CHEMBL1767284,NC(=O)c1ccsc1NC(=O)Cc1c(F)cccc1Cl,4.9,1
CHEMBL1767286,COc1cc(CC(=O)Nc2sccc2C(N)=O)cc(OC)c1,5.51,1
CHEMBL1767288,NC(=O)c1ccsc1NC(=O)Cc1cccnc1,5.09,1
CHEMBL1767290,NC(=O)c1ccsc1NC(=O)Cc1c[nH]c2ccccc12,5.03,1
CHEMBL1767292,CC1CN(CC(=O)Nc2sccc2C(N)=O)CC(C)O1,4.18,1
CHEMBL1767293,NC(=O)c1ccsc1NC(=O)CN1CCN(Cc2ccco2)CC1,5.12,1
CHEMBL1767294,NC(=O)c1ccsc1NC(=O)CN1CCN(C(=O)C2CC2)CC1,4.08,1
CHEMBL1767295,NC(=O)c1ccsc1NC(=O)Cc1ccc2c(c1)CCCC2,5.44,1
CHEMBL1767296,NC(=O)c1ccsc1NC(=O)Cc1ccc2c(c1)CCC2,5.6,1
CHEMBL1767297,NC(=O)c1ccsc1NC(=O)Cc1cc(F)cc2c1OCOC2,5.31,1
CHEMBL1767298,NC(=O)c1ccsc1NC(=O)Cc1csc2nc(-c3cccs3)cn12,5.6,1
CHEMBL1767299,NC(=O)c1ccsc1NC(=O)Cc1cc(Cl)c2c(c1)OCCCO2,5.72,1
CHEMBL1767300,Cc1cnc2sc(CC(=O)Nc3sccc3C(N)=O)cn12,5.6,1
CHEMBL1773329,NS(=O)(=O)N1CCC(Nc2nccc(-c3ccc(S(=O)(=O)N4CCOCC4)cc3)n2)CC1,6.32,1
CHEMBL1773334,O=S(=O)(c1ccc(-c2ccnc(NC3CCNCC3)n2)cc1)N1CCNCC1,4.71,1
CHEMBL1783492,C=CCN1CCN(c2c(Cl)cccc2NC(=O)c2cnc(Br)s2)CC1,6.48,1
CHEMBL1783493,C=CCN1CCN(c2c(Cl)cccc2NC(=O)c2nc(Br)cs2)CC1,5.75,1
CHEMBL1783496,C=CCN1CCN(c2c(Cl)cccc2NC(=O)c2ccc[nH]2)CC1,5.35,1
CHEMBL1783583,C=CCN1CCN(c2c(Cl)cccc2NC(=O)c2cccc(C)n2)CC1,5.75,1
CHEMBL1783584,C=CCN1CCN(c2c(Cl)cccc2NC(=O)c2cccc(Br)c2)CC1,5.15,1
CHEMBL1783587,Cc1cccc(NC(=O)c2ccc(Br)o2)c1N1CCC2(CC1)OCCO2,7.05,1
CHEMBL1783588,Cc1cccc(NC(=O)c2ccc(Cl)o2)c1N1CCC2(CC1)OCCO2,7.4,1
CHEMBL1783589,Cc1cccc(NC(=O)c2ccc(F)o2)c1N1CCC2(CC1)OCCO2,6.68,1
CHEMBL1783590,Cc1cccc(NC(=O)c2ccc(C#N)o2)c1N1CCC2(CC1)OCCO2,6.64,1
CHEMBL1783591,Cc1ccc(C(=O)Nc2cccc(C)c2N2CCC3(CC2)OCCO3)o1,6.48,1
CHEMBL1783592,Cc1cccc(NC(=O)c2ccc(C(F)F)o2)c1N1CCC2(CC1)OCCO2,6.58,1
CHEMBL1783593,CCc1ccc(C(=O)Nc2cccc(C)c2N2CCC3(CC2)OCCO3)o1,5.85,1
CHEMBL1783594,CC#Cc1ccc(C(=O)Nc2cccc(C)c2N2CCC3(CC2)OCCO3)o1,6.96,1
CHEMBL1783595,Cc1cccc(NC(=O)c2ccc(Cc3ccccc3)o2)c1N1CCC2(CC1)OCCO2,5.5,1
CHEMBL1783596,COc1ccc(C(=O)Nc2cccc(C)c2N2CCC3(CC2)OCCO3)o1,6.35,1
CHEMBL1783597,CC(=O)Nc1ccc(C(=O)Nc2cccc(C)c2N2CCC3(CC2)OCCO3)o1,5.24,1
CHEMBL1784082,O=C(Nc1cccc(Cl)c1N1CCNCC1)c1ccc(Br)o1,5.39,1
CHEMBL1784083,CN1CCN(c2c(Cl)cccc2NC(=O)c2ccc(Br)o2)CC1,6.44,1
CHEMBL1784084,CCCN1CCN(c2c(Cl)cccc2NC(=O)c2ccc(Br)o2)CC1,6.2,1
CHEMBL1784085,CC(C)N1CCN(c2c(Cl)cccc2NC(=O)c2ccc(Br)o2)CC1,5.82,1
CHEMBL1784086,C=CCN1CCN(c2c(Cl)cccc2NC(=O)c2ccc(Br)o2)CC1,6.62,1
CHEMBL1784087,C=C(C)CN1CCN(c2c(Cl)cccc2NC(=O)c2ccc(Br)o2)CC1,6.4,1
CHEMBL1784088,O=C(Nc1cccc(Cl)c1N1CCN(C2CC2)CC1)c1ccc(Br)o1,6.75,1
CHEMBL1784089,O=C(Nc1cccc(Cl)c1N1CCN(Cc2ccco2)CC1)c1ccc(Br)o1,6.57,1
CHEMBL1784090,O=C(Nc1cccc(Cl)c1N1CCN(Cc2ccccc2)CC1)c1ccc(Br)o1,6.06,1
CHEMBL1784091,O=C(Nc1cccc(Cl)c1N1CCN(CCc2ccccc2)CC1)c1ccc(Br)o1,6.05,1
CHEMBL1784092,O=C(Nc1cccc(Cl)c1N1CCN(c2ccccn2)CC1)c1ccc(Br)o1,5.92,1
CHEMBL1784093,CC(=O)N1CCN(c2c(Cl)cccc2NC(=O)c2ccc(Br)o2)CC1,6.22,1
CHEMBL1784095,CC(C)(C)OC(=O)N1CCN(c2c(Cl)cccc2NC(=O)c2ccc(Br)o2)CC1,5.2,1
CHEMBL1784096,C=CCN1CCN(c2c(C)cccc2NC(=O)c2ccc(Br)o2)CC1,6.75,1
CHEMBL1784097,C#CCN1CCN(c2c(F)cccc2NC(=O)c2ccc(Br)o2)CC1,6.96,1
CHEMBL1784649,Nc1cc(-c2n[nH]c(=S)n2-c2ccc3ccccc3c2)ccn1,4.61,1
CHEMBL1784660,c1ccc2cc(-c3ccnn3-c3ccncc3)ccc2c1,4.38,1
CHEMBL1784665,c1ccc2cc(-c3nn[nH]c3-c3ccncc3)ccc2c1,5.16,1
CHEMBL1784666,c1ccc2cc(-c3[nH]ncc3-c3ccncc3)ccc2c1,5.15,1
CHEMBL1788116,N#C/C(=C1/Nc2ccccc2S1)c1ccnc(NCCc2cccnc2)n1.O=C(O)C(F)(F)F.O=C(O)C(F)(F)F,6.82,1
CHEMBL1822132,O=C(Cc1ccc(F)c2cnccc12)Nc1scc(Br)c1-c1ncn[nH]1,7.8,1
CHEMBL1822133,O=C(Cc1cccc2ncc(F)cc12)Nc1scc(Br)c1-c1ncn[nH]1,7.77,1
CHEMBL1822134,O=C(Cc1cc(F)cc2ncccc12)Nc1scc(Br)c1-c1ncn[nH]1,7.85,1
CHEMBL1822135,O=C(Cc1cccc2ncc(C(F)(F)F)cc12)Nc1scc(Br)c1-c1ncn[nH]1,7.68,1
CHEMBL1822136,O=C(Cc1cc(C(F)(F)F)cc2ncccc12)Nc1scc(Br)c1-c1ncn[nH]1,6.025,2
CHEMBL1822137,O=C(Cc1ccc(C(F)(F)F)c2ncccc12)Nc1scc(Cl)c1-c1ncn[nH]1,7.09,1
CHEMBL1822138,O=C(CN1C(=O)CCc2ncccc21)Nc1scc(Br)c1-c1ncn[nH]1,8.05,1
CHEMBL1822139,N#Cc1csc(NC(=O)CN2C(=O)CCc3ncccc32)c1-c1ncn[nH]1,8.3,1
CHEMBL1822140,O=C(Cn1c(=O)ccc2cnccc21)Nc1scc(Br)c1-c1ncn[nH]1,8.4,1
CHEMBL1822141,O=C(Cn1c(=O)ccc2cnc(C(F)(F)F)cc21)Nc1scc(Br)c1-c1ncn[nH]1,8.4,1
CHEMBL1822142,O=C(Cn1c(=O)ccc2nc(C(F)(F)F)ccc21)Nc1scc(Br)c1-c1ncn[nH]1,8.1,1
CHEMBL1822143,O=C(Cn1c(=O)ccn2nccc12)Nc1scc(Br)c1-c1ncn[nH]1,8.1,1
CHEMBL1822144,O=C(Cn1c(=O)ccn2nc(C(F)(F)F)cc12)Nc1scc(Br)c1-c1ncn[nH]1,8.52,1
CHEMBL1822145,O=C(Cn1c(=O)ccc2cc(F)c(F)cc21)Nc1scc(Br)c1-c1ncn[nH]1,8.52,1
CHEMBL1822146,O=C(Cn1c(=O)ccc2cc(C(F)(F)F)ccc21)Nc1scc(Br)c1-c1ncn[nH]1,8.7,1
CHEMBL1822147,O=C(Cn1c(=O)ccc2ccc(C(F)(F)F)cc21)Nc1scc(Br)c1-c1ncn[nH]1,8.22,1
CHEMBL1822148,O=C(Cn1c(=O)ccc2c(C(F)(F)F)cccc21)Nc1scc(Br)c1-c1ncn[nH]1,7.51,1
CHEMBL1822149,O=C(Cn1c(=O)ccc2cc(OC(F)(F)F)ccc21)Nc1scc(Br)c1-c1ncn[nH]1,8.7,1
CHEMBL1822150,O=C(Cn1c(=O)ccc2ccc(OC(F)(F)F)cc21)Nc1scc(Br)c1-c1ncn[nH]1,7.96,1
CHEMBL1822151,N#Cc1ccc2c(ccc(=O)n2CC(=O)Nc2scc(Br)c2-c2ncn[nH]2)c1,9.0,1
CHEMBL1822152,N#Cc1ccc2ccc(=O)n(CC(=O)Nc3scc(Br)c3-c3ncn[nH]3)c2c1,9.0,1
CHEMBL1822153,O=C(CN1C(=O)CCc2ncccc21)Nc1scc(Br)c1-c1ncco1,8.15,1
CHEMBL1822154,O=C(CN1C(=O)CCc2ncccc21)Nc1scc(Br)c1-c1nccs1,7.89,1
CHEMBL1822305,Cn1cnc(-c2c(Br)csc2NC(=O)CN2C(=O)CCc3ncccc32)n1,9.0,1
CHEMBL1822306,N#Cc1csc(NC(=O)CN2C(=O)CCc3ncccc32)c1-c1nccs1,8.0,1
CHEMBL1822307,N#Cc1csc(NC(=O)Cn2c(=O)ccc3cc(C(F)(F)F)ccc32)c1-c1ncco1,8.4,1
CHEMBL1822308,N#Cc1csc(NC(=O)Cn2c(=O)ccc3cc(C(F)(F)F)ccc32)c1-c1nccs1,8.15,1
CHEMBL1822309,N#Cc1csc(NC(=O)Cn2c(=O)ccc3cc(C(F)(F)F)ccc32)c1-c1cscn1,8.7,1
CHEMBL1822310,CC(=O)N[C@@H](C(=O)N[C@H](CC(=O)O)C(=O)N[C@H](CCC(N)=O)C(=O)N[C@H](CO)C(=O)N[C@H](CCCNC(=N)N)C(=O)N1CCC[C@@H]1C(=O)N[C@@H](C(=O)N[C@H](CCC(N)=O)C(=O)N1CCC[C@@H]1C(=O)N[C@H](Cc1ccccc1)C(=O)N[C@H](CC(C)C)C(=O)N[C@H](CC(N)=O)C(=O)N[C@H](CC(C)C)C(=O)N[C@@H](C(=O)N[C@@H](C(=O)N1CCC[C@@H]1C(=O)N[C@H](CCCNC(=N)N)C(=O)N[C@H](CCCNC(=N)N)C(=O)N1CCC[C@@H]1C(=O)N[C@H](CCCNC(=N)N)C(=O)N1CCC[C@@H]1C(=O)N1CCC[C@@H]1C(=O)N[C@H](CCCNC(=N)N)C(=O)N[C@H](CCCNC(=N)N)C(=O)N[C@H](CCCNC(=N)N)C(=O)N[C@H](CCC(N)=O)C(=O)N[C@H](CCCNC(=N)N)C(=O)N[C@H](CCCNC(=N)N)C(=O)N[C@H](CCCCN)C(=O)N[C@H](CCCCN)C(=O)N[C@H](CCCNC(=N)N)C(=O)NCC(N)=O)[C@H](C)O)[C@H](C)O)C(C)C)[C@@H](C)O,5.0,1
CHEMBL1822311,NCCCNC(=O)c1ccc(-c2n[nH]c3ccccc23)cc1,4.85,1
CHEMBL1822313,CC(C)C[C@H](NC(=O)[C@@H](NC(=O)[C@@H](NC(=O)[C@@H]1CCCN1C(=O)[C@@H](N)CCCNC(=N)N)[C@@H](C)O)[C@@H](C)O)C(=O)N[C@@H](CC(N)=O)C(=O)NCC(=O)NCC(=O)NCCCNC(=O)c1ccc(-c2n[nH]c3ccccc23)cc1,9.100000000000001,2
CHEMBL1822314,CC(C)C[C@@H](NC(=O)CNC(=O)CNC(=O)CCCNC(=O)c1ccc(-c2n[nH]c3ccccc23)cc1)C(=O)N[C@H](CC(N)=O)C(=O)N[C@H](CC(C)C)C(=O)N[C@@H](C(=O)N[C@@H](C(=O)N1CCC[C@@H]1C(=O)N[C@H](CCCNC(=N)N)C(=O)NCC(=O)NCC(=O)N[C@H](CCCNC(=N)N)C(=O)N[C@H](CCCNC(=N)N)C(=O)N[C@H](CCCNC(=N)N)C(=O)N[C@H](CCC(N)=O)C(=O)N[C@H](CCCNC(=N)N)C(=O)N[C@H](CCCNC(=N)N)C(=O)N[C@H](CCCCN)C(=O)N[C@H](CCCCN)C(=O)N[C@H](CCCNC(=N)N)C(=O)NCC(N)=O)[C@H](C)O)[C@H](C)O,7.545,2
CHEMBL185658,CC(=O)Nc1ccc(CNc2[nH]nc3cccc(Oc4ccc(S(C)(=O)=O)cc4)c23)cc1,6.1,1
CHEMBL186995,O=C(NCc1ccccc1Cl)c1cccnc1Oc1ccccc1,5.4,1
CHEMBL187845,O=C(NCc1ccccc1Cl)c1ccccc1Oc1ccccc1,5.5,1
CHEMBL188107,O=C(NCc1ccccc1Cl)c1cccnc1Oc1ccccc1F,5.8,1
CHEMBL188313,Clc1cccc(CNc2[nH]nc3cccc(Oc4ccccc4)c23)c1,5.9,1
CHEMBL188504,COc1ccc(Oc2ncccc2C(=O)NCc2ccccc2Cl)cc1,5.4,1
CHEMBL188606,Nc1ccc2[nH]nc(NCc3ccccc3Cl)c2c1Oc1ccccc1,5.3,1
CHEMBL188705,COc1ccc(OC)c(CNc2[nH]nc3cccc(Oc4ccc(S(C)(=O)=O)cc4)c23)c1,6.4,1
CHEMBL188867,O=[N+]([O-])c1ccc2[nH]nc(NCc3ccccc3Cl)c2c1Oc1ccccc1,5.8,1
CHEMBL188979,Clc1ccc(Cl)c(CNc2[nH]nc3cccc(Oc4ccccc4)c23)c1,6.1,1
CHEMBL189181,CC(=O)Nc1ccc(CNc2[nH]nc3cccc(Oc4ccc(F)cc4)c23)cc1,6.3,1
CHEMBL189902,COc1ccc(OC)c(CNc2[nH]nc3ccc([N+](=O)[O-])c(Oc4ccccc4)c23)c1,6.1,1
CHEMBL190747,COc1ccc(OC)c(CNC(=O)c2cccnc2Oc2ccccc2)c1,7.0,1
CHEMBL190812,C[C@H](NC(=O)c1cccnc1Oc1ccccc1)c1ccccc1,5.2,1
CHEMBL191248,COc1ccc(OC)c(CNc2[nH]nc3cccc(Oc4ccc(F)cc4)c23)c1,6.7,1
CHEMBL191384,N#C/C(=C1/Nc2ccccc2S1)c1ccnc(NCCc2cccnc2)n1,6.51,4
CHEMBL191553,CC(=O)Nc1ccc(CNc2[nH]nc3ccnc(Oc4ccccc4)c23)cc1,6.8,1
CHEMBL1921815,NC(=O)c1ccccc1Nc1cc(Oc2ccc(Cl)c(Cl)c2)ncc1C(F)(F)F,6.17,1
CHEMBL1923184,NC(=O)c1ccccc1Nc1ccnc(Oc2ccccc2)c1,6.48,1
CHEMBL1923185,NC(=O)c1ccccc1Nc1ccnc(Oc2ccc(N3CCNCC3)cc2)c1,6.51,1
CHEMBL1923186,COc1ccc(Oc2cc(Nc3ccccc3C(N)=O)c(F)cn2)cc1,7.58,1
CHEMBL1923187,COc1ccc(Oc2cc(Nc3ccccc3C(N)=O)c(Cl)cn2)cc1,8.1,1
CHEMBL1923188,COc1ccc(Oc2cc(Nc3ccccc3C(N)=O)c(C(F)(F)F)cn2)cc1,7.57,1
CHEMBL1923189,COc1cccc(Oc2cc(Nc3ccccc3C(N)=O)c(C(F)(F)F)cn2)c1,7.42,1
CHEMBL1923190,COc1ccccc1Oc1cc(Nc2ccccc2C(N)=O)c(C(F)(F)F)cn1,5.5,1
CHEMBL1923191,NC(=O)c1ccccc1Nc1cc(Oc2ccc(OC(F)(F)F)cc2)ncc1C(F)(F)F,7.46,1
CHEMBL1923192,CCOc1ccc(Oc2cc(Nc3ccccc3C(N)=O)c(C(F)(F)F)cn2)cc1,7.46,1
CHEMBL1923193,CCCOc1ccc(Oc2cc(Nc3ccccc3C(N)=O)c(C(F)(F)F)cn2)cc1,7.0,1
CHEMBL1923194,CC(C)(C)Oc1ccc(Oc2cc(Nc3ccccc3C(N)=O)c(C(F)(F)F)cn2)cc1,7.66,1
CHEMBL1923195,NC(=O)c1ccccc1Nc1cc(Oc2ccc(F)cc2)ncc1C(F)(F)F,7.0,1
CHEMBL1923196,NC(=O)c1ccccc1Nc1cc(Oc2ccc(Br)cc2)ncc1C(F)(F)F,6.32,1
CHEMBL1923198,COc1ccc(Oc2cc(Nc3ccccc3C(N)=O)c(C(F)(F)F)cn2)c(Cl)c1,6.13,1
CHEMBL1923199,NC(=O)c1ccccc1Nc1cc(Oc2cccc3ccccc23)ncc1C(F)(F)F,6.19,1
CHEMBL1923201,NC(=O)c1ccccc1Nc1cc(Oc2ccc3c(c2)OCO3)ncc1C(F)(F)F,7.36,1
CHEMBL1923204,NC(=O)c1ccccc1Nc1cc(Oc2ccc(-c3cccnc3)cc2)ncc1C(F)(F)F,7.28,1
CHEMBL1923215,CNC(=O)c1ccccc1Nc1cc(Oc2ccc(OC)cc2)ncc1Cl,6.03,1
CHEMBL1923216,COc1ccc(Oc2cc(Nc3ccccc3-c3nc[nH]n3)c(Cl)cn2)cc1,6.92,1
CHEMBL1923217,COc1ccc(Oc2ncc(Cl)c(Nc3ccccc3C(N)=O)n2)cc1,8.4,1
CHEMBL1946325,COc1ccc(Nc2ncc3nc(Nc4ccccc4F)n(C4CCCC4)c3n2)cc1,5.96,1
CHEMBL1946327,COc1ccc(Nc2ncc3nc(Nc4ccc(F)cc4F)n(C4CCCC4)c3n2)cc1,5.6,1
CHEMBL1946328,COc1ccc(Nc2ncc3nc(Nc4c(F)cccc4F)n(C4CCCC4)c3n2)cc1,5.96,1
CHEMBL1946329,CNc1ncc2nc(Nc3ccccc3F)n(C3CCCC3)c2n1,5.2,1
CHEMBL1946330,CCNc1ncc2nc(Nc3ccccc3F)n(C3CCCC3)c2n1,5.75,1
CHEMBL1946331,CC(C)Nc1ncc2nc(Nc3ccccc3F)n(C3CCCC3)c2n1,6.1,1
CHEMBL1946332,Fc1ccccc1Nc1nc2cnc(NC3CCCCC3)nc2n1C1CCCC1,6.24,1
CHEMBL1946333,O[C@H]1CC[C@H](Nc2ncc3nc(Nc4ccccc4F)n(C4CCCC4)c3n2)CC1,7.12,1
CHEMBL1946334,N[C@H]1CC[C@H](Nc2ncc3nc(Nc4ccccc4F)n(C4CCCC4)c3n2)CC1,6.64,1
CHEMBL1946335,CCn1c(Nc2ccccc2F)nc2cnc(Nc3ccc(OC)cc3)nc21,5.44,1
CHEMBL1946336,COc1ccc(Nc2ncc3nc(Nc4ccccc4F)n(C(C)C)c3n2)cc1,6.08,1
CHEMBL1946337,COc1ccc(Nc2ncc3nc(Nc4ccccc4F)n(C4CCCCC4)c3n2)cc1,5.54,1
CHEMBL1946339,COc1ccc(Nc2ncc3nc(Nc4ccccc4F)n([C@H]4CC[C@H](N)CC4)c3n2)cc1,5.58,1
CHEMBL1946340,COc1ccc(Nc2ncc3nc(Nc4ccccc4F)n([C@H]4CC[C@@H](O)CC4)c3n2)cc1,6.8,1
CHEMBL1946341,COc1ccc(Nc2ncc3nc(Nc4ccccc4F)n(C4CCOCC4)c3n2)cc1,6.31,1
CHEMBL1946495,COc1ccc(Nc2ncc3nc(Nc4ccccc4F)n([C@H]4CC[C@@H](C(N)=O)CC4)c3n2)cc1,6.75,1
CHEMBL1946646,N[C@H]1CC[C@H](Nc2ncc3nc(Nc4c(F)cccc4F)n(C4CCCC4)c3n2)CC1,7.04,1
CHEMBL1946647,N[C@H]1CC[C@H](Nc2ncc3nc(Nc4c(F)cc(F)cc4F)n(C4CCCC4)c3n2)CC1,6.82,1
CHEMBL1946837,N[C@H]1CC[C@H](Nc2ncc3nc(Nc4ccc(F)cc4F)n(C4CCCC4)c3n2)CC1,6.57,2
CHEMBL194806,O=C(NC1CCNCC1)c1cccc(-c2n[nH]c3cc(Nc4ccccc4Cl)ccc23)c1,7.125,2
CHEMBL1950289,O[C@H]1CC[C@H](Nc2ncc3nc(Nc4c(F)cc(F)cc4F)n([C@H]4CCOC4)c3n2)CC1,6.95375,8
CHEMBL1950290,CC(C)Nc1ncc2nc(Nc3c(F)cccc3F)n([C@H]3CC[C@@H](O)CC3)c2n1,6.8,1
CHEMBL1950291,CC(C)Nc1ncc2nc(Nc3c(F)cc(F)cc3F)n([C@H]3CC[C@@H](C(N)=O)CC3)c2n1,6.92,1
CHEMBL1950292,CC(C)Nc1ncc2nc(Nc3c(F)cc(F)cc3F)n([C@H]3CC[C@@H](C(=O)NC4CC4)CC3)c2n1,7.1,1
CHEMBL1950293,CC(C)Nc1ncc2nc(Nc3c(F)cc(F)cc3F)n([C@H]3CC[C@@H](C(=O)N4CCOCC4)CC3)c2n1,7.2,1
CHEMBL1950294,O[C@H]1CC[C@H](Nc2ncc3nc(Nc4ccc(F)cc4F)n(C4CCCC4)c3n2)CC1,6.92,1
CHEMBL1950295,O[C@H]1CC[C@H](Nc2ncc3nc(Nc4ccc(F)cc4F)n(C4CCOCC4)c3n2)CC1,6.41,1
CHEMBL1950296,Fc1ccc(Nc2nc3cnc(C4CCOCC4)nc3n2C2CCCC2)c(F)c1,6.05,1
CHEMBL1950297,CC(C)(O)[C@H]1CC[C@H](Nc2ncc3nc(Nc4ccc(F)cc4F)n(C4CCCC4)c3n2)CC1,6.77,1
CHEMBL1950298,CC(C)(O)[C@H]1CC[C@H](Nc2ncc3nc(Nc4ccc(F)cc4F)n(C4CCOCC4)c3n2)CC1,6.5,1
CHEMBL1950299,CCO[C@H]1CC[C@H](Nc2ncc3nc(Nc4ccc(F)cc4F)n(C4CCOCC4)c3n2)CC1,6.27,1
CHEMBL1950300,CS(=O)(=O)N[C@H]1CC[C@H](Nc2ncc3nc(Nc4ccc(F)cc4F)n(C4CCOCC4)c3n2)CC1,6.06,1
CHEMBL1950301,C[C@]1(O)CC[C@H](Nc2ncc3nc(Nc4ccc(F)cc4F)n(C4CCOCC4)c3n2)CC1,5.92,1
CHEMBL1950302,CC(C)(O)[C@H]1CC[C@@H](c2ncc3nc(Nc4ccc(F)cc4F)n(C4CCOCC4)c3n2)C1,5.89,1
CHEMBL1950303,O[C@H]1CC[C@H](Nc2ncc3nc(Nc4c(F)cc(F)cc4F)n([C@@H]4CCOC4)c3n2)CC1,6.4,1
CHEMBL1950304,CNC(=O)[C@H]1CC[C@H](Nc2ncc3nc(Nc4c(F)cc(F)cc4F)n([C@H]4CCOC4)c3n2)CC1,7.29,1
CHEMBL197613,O=C(O)c1cccc(-c2[nH]nc3cc(Nc4ccccc4Cl)ccc23)c1,7.21,1
CHEMBL197698,O=C(O)c1ccc(-c2[nH]nc3cc(Nc4ccccc4Cl)ccc23)cc1,6.61,1
CHEMBL198687,O=C(NCCCN1CCOCC1)c1cccc(-c2[nH]nc3cc(Nc4ccccc4Cl)ccc23)c1,6.64,1
CHEMBL198821,CN(C)CCNC(=O)c1cccc(-c2[nH]nc3cc(Nc4ccccc4Cl)ccc23)c1,6.16,1
CHEMBL199136,NC(=O)c1cccc(-c2[nH]nc3cc(Nc4ccccc4Cl)ccc23)c1,7.09,1
CHEMBL2006765,CCCNC(=O)c1ccc(Nc2nc(NCC(F)(F)F)c3cc[nH]c3n2)cc1,7.09,1
CHEMBL202639,CC(=O)N1CCC[C@@H](C(=O)Nc2cc(-c3ccnc(Nc4ccc(F)cc4)c3)ccn2)C1,7.13,1
CHEMBL202666,CC(=O)N1CCC[C@H](C(=O)Nc2cc(-c3ccnc(Nc4ccc(F)cc4)c3)ccn2)C1,6.9,1
CHEMBL202676,CO[C@H]1CC[C@@H](C(=O)Nc2cc(-c3ccnc(Nc4ccc(F)cc4)c3)ccn2)CC1,7.06,1
CHEMBL203009,COC1CCC(C(=O)Nc2cc(-c3ccnc(Nc4ccccc4)c3)ccn2)CC1,6.97,1
CHEMBL203059,O=C(Nc1cc(-c2ccnc(Nc3ccccc3)c2)ccn1)C1CCOCC1,6.91,1
CHEMBL203225,CC(=O)N1CCCC(C(=O)Nc2cc(-c3ccnc(Nc4ccccc4)c3)ccn2)C1,7.09,1
CHEMBL203535,O=C(Nc1cc(-c2ccnc(Nc3ccccc3)c2)ccn1)C1CCOC1,6.413333333333334,3
CHEMBL203631,CO[C@H]1CC[C@H](C(=O)Nc2cc(-c3ccnc(Nc4ccc(F)cc4)c3)ccn2)CC1,5.89,1
CHEMBL203839,O=C(Nc1cc(-c2ccnc(Nc3ccc(F)cc3)c2)ccn1)C1CCOC1,7.29,2
CHEMBL204757,CC(=O)N1CCC(C(=O)Nc2cc(-c3ccnc(Nc4ccccc4)c3)ccn2)CC1,6.66,1
CHEMBL205078,O=C(Nc1cc(-c2ccnc(Nc3ccc(F)cc3)c2)ccn1)C1CCOCC1,6.82,1
CHEMBL205402,Cc1cnc(C(=O)Nc2cc(-c3ccnc(Nc4ccccc4)c3)ccn2)cn1,6.58,1
CHEMBL206466,CC(=O)N1CCCC(C(=O)Nc2cc(-c3ccnc(Nc4ccc(F)cc4)c3)ccn2)C1,7.07,1
CHEMBL2064666,COc1c(Nc2ncc(Cl)c(N[C@H]3[C@@H](C(N)=O)[C@@H]4C=C[C@H]3C4)n2)ccc2c1CC[C@@H](N1CCOCC1)CC2,6.95,1
CHEMBL206803,Cn1nc(CCCC(=O)O)c2c(=O)c3cc(Cl)ccc3n(O)c21,5.56,1
CHEMBL206936,CNC(=O)Cn1nc(C)c2c(=O)c3cc(Cl)ccc3n(O)c21,5.06,1
CHEMBL206989,Cc1nn(CCO)c2c1c(=O)c1cc(Cl)ccc1n2O,5.12,1
CHEMBL207050,Cn1nc(C(F)(F)F)c2c(=O)c3cc(Cl)c(Cl)cc3n(O)c21,5.29,1
CHEMBL207051,Cn1nc(CCN)c2c(=O)c3cc(Cl)ccc3n(O)c21,5.55,1
CHEMBL207138,CCc1nn(C)c2c1c(=O)c1cc(Cl)ccc1n2O,6.02,1
CHEMBL207228,Cc1nn(C)c2c1c(=O)c1cc(Cl)ccc1n2O,5.91,1
CHEMBL207253,CCCOn1c2ccc(Cl)cc2c(=O)c2c(C)nn(C)c21,5.26,1
CHEMBL207400,Cn1nc(C(F)(F)F)c2c(=O)c3cc(Cl)ccc3n(O)c21,6.01,1
CHEMBL207457,CCNC(=O)NCCCc1nn(C)c2c1c(=O)c1cc(Cl)ccc1n2O,6.3,1
CHEMBL207536,Cn1c2[n+]([O-])c3ccc(Cl)cc3c(=O)c-2c2n1C(=O)NCC2,6.54,1
CHEMBL207773,CCOC(=O)Cn1nc(C)c2c(=O)c3cc(Cl)ccc3n(O)c21,5.12,1
CHEMBL207861,Cc1nn(CC(=O)O)c2c1c(=O)c1cc(Cl)ccc1n2O,5.36,1
CHEMBL208095,CCOn1c2ccc(Cl)cc2c(=O)c2c(C)nn(C)c21,5.56,1
CHEMBL208174,CC(C)c1nn(C)c2c1c(=O)c1cc(Cl)ccc1n2O,5.58,1
CHEMBL208447,CCOc1nc(NC(=O)Cc2cccc(C)c2)cc(N)c1C#N,6.38,1
CHEMBL208448,CCOc1nc(NC(=O)Cc2cc(C)ccc2C)cc(N)c1C#N,5.36,1
CHEMBL208558,CCOc1nc(NC(=O)Cc2ccccc2C)cc(N)c1C#N,6.4,1
CHEMBL208637,CCOc1nc(NC(C)=O)cc(N)c1C#N,6.1,2
CHEMBL208877,CCOc1nc(NC(=O)CN2CCOCC2)cc(N)c1C#N,6.57,1
CHEMBL2089253,CCOc1nc(Nc2ccccc2)cc(N)c1C#N,5.99,1
CHEMBL2089254,CCOc1nc(Nc2ccc(C(N)=O)cc2)cc(N)c1C#N,6.72,1
CHEMBL2089255,CC(C)(C)Nc1nc(Nc2ccc(C(N)=O)cc2)cc(N)c1C#N,6.64,1
CHEMBL209082,CCOc1nc(NC(=O)C(C)C)cc(N)c1C#N,5.4,1
CHEMBL209136,CC(=O)Nc1cc(N)c(C#N)c(NC(C)C)n1,6.04,1
CHEMBL209192,CCOc1nc(NC(=O)Cc2ccc(C)cc2)cc(N)c1C#N,6.72,1
CHEMBL209291,CCOc1nc(NC(=O)Cc2cccc(OC)c2)cc(N)c1C#N,6.68,1
CHEMBL209292,CCOc1nc(NC(=O)Cc2ccc(Cl)cc2)cc(N)c1C#N,6.24,1
CHEMBL209299,CCOc1nc(NC(=O)CN(CC)CC)cc(N)c1C#N,5.57,1
CHEMBL209397,CS(=O)(=O)c1ccc(CNC(=O)c2cc(N)c(C#N)c(Cl)n2)cc1,5.82,1
CHEMBL209505,CCOc1nc(NC(=O)Cc2cc(OC)c([N+](=O)[O-])cc2OC)cc(N)c1C#N,7.16,1
CHEMBL209534,CCOc1nc(C(=O)NCc2cccnc2)cc(N)c1C#N,7.58,1
CHEMBL209669,CCCCNC(=O)C1CCN(CC(=O)Nc2cc(N)c(C#N)c(OCC)n2)CC1,7.16,1
CHEMBL209740,CCOc1nc(C(=O)NCc2cc(OC)ccc2OC)ccc1C#N,6.64,1
CHEMBL209769,CCOc1nc(NC(=O)Cc2cc(OC)c(NC(C)=O)cc2OC)cc(N)c1C#N,7.46,1
CHEMBL209770,CCOc1nc(NC(=O)CN2CCC(O)CC2)cc(N)c1C#N,6.52,1
CHEMBL210032,CC(=O)Nc1cc(N)c(C#N)c(-c2ccccc2)n1,5.72,1
CHEMBL210222,CCOc1nc(NC(=O)CC(C)C)cc(N)c1C#N,5.85,1
CHEMBL210256,CCOc1cccc(NC(C)=O)n1,6.12,1
CHEMBL210307,CC(=O)Nc1cc(N)c(C#N)c(OCCC(=O)O)n1,5.32,1
CHEMBL210363,COc1nc(NC(C)=O)cc(N)c1C#N,5.66,1
CHEMBL210462,COc1ccc(OC)c(CC(=O)Nc2cc(N)c(C#N)c(OCCO)n2)c1,7.13,1
CHEMBL210586,CCOc1nc(NC(=O)Cc2cccc(Cl)c2)cc(N)c1C#N,6.52,1
CHEMBL210618,CCOc1nc(NC(=O)Cc2cc(OC)ccc2OC)cc(N)c1C#N,7.349999999999999,3
CHEMBL210655,CCOc1nc(NC(=O)Cc2ccccc2OC)cc(N)c1C#N,6.92,1
CHEMBL210737,COc1ccc(OC)c(CC(=O)Nc2cc(N)c(C#N)cn2)c1,5.58,1
CHEMBL210752,CCCCN(CCCC)CC(=O)Nc1cc(N)c(C#N)c(OCC)n1,5.46,1
CHEMBL210804,CCCCNCC(=O)Nc1cc(N)c(C#N)c(OCC)n1,5.2,1
CHEMBL210861,CCOc1nc(NC(=O)Cc2ccccc2)cc(N)c1C#N,6.41,2
CHEMBL210928,CCOc1nc(NC(=O)Cc2cc(OC)c(S(C)(=O)=O)cc2OC)cc(N)c1Cl,7.44,1
CHEMBL210963,CCOc1nc(NC(=O)Cc2cc(OC)c(S(C)(=O)=O)cc2OC)cc(N)c1C#N,7.42,1
CHEMBL211009,COCCOc1nc(NC(=O)Cc2cc(OC)ccc2OC)cc(N)c1C#N,6.96,1
CHEMBL2111784,C[C@H](Nc1cc(-c2sc(C3CCN(C)CC3)nc2-c2ccc(F)cc2)ccn1)c1ccccc1,5.72,1
CHEMBL211195,CCOc1nc(C(=O)NCc2ccccc2)cc(N)c1C#N,6.515000000000001,2
CHEMBL211584,CCOc1nc(C(=O)NCc2ccc(-c3ccc(C(=O)O)cc3)nc2)cc(N)c1C#N,8.4,1
CHEMBL211605,CCOc1nc(C(=O)NC)cc(N)c1C#N,5.92,1
CHEMBL214212,CCOc1nc(C(=O)NCc2cc(OC)ccc2OC)cc(N)c1C#N,7.15,1
CHEMBL2144409,Cc1ccc(-c2ncn(-c3ccc(Nc4nccc(-c5cccc(N6CCOCC6)c5)n4)cc3)n2)cn1,7.17,2
CHEMBL2152382,COC(=O)c1c(Cc2ccc(C(=O)NCCO)cc2)c(=O)c2ccc(Cl)cc2n1-c1ccccc1,7.285,2
CHEMBL2152383,COC(=O)c1c(Cc2ccc(C(=O)N[C@@H]3[C@@H]4C[C@@H]5C[C@H]3C[C@@](O)(C5)C4)cc2)c(=O)c2cccnc2n1-c1ccccc1,7.92,1
CHEMBL2152384,COC(=O)c1c(Cc2ccc(C(=O)N[C@H](CO)C(C)(C)C)cc2)c(=O)c2cccnc2n1-c1ccccc1,7.92,1
CHEMBL2152385,COC(=O)c1c(Cc2ccc(C(=O)N[C@H]3[C@@H]4C[C@@H]5C[C@H]3C[C@@](O)(C5)C4)cc2)c(=O)c2cccnc2n1-c1ccccc1,7.33,1
CHEMBL2152386,COC(=O)c1c(Cc2ccc(C(=O)NCC(C)(C)O)cc2)c(=O)c2cccnc2n1-c1ccccc1,7.36,1
CHEMBL2152387,COC(=O)c1c(Cc2ccc(C(=O)N[C@H]3CC[C@H](O)CC3)cc2)c(=O)c2cccnc2n1-c1ccccc1,7.27,1
CHEMBL2152388,COC(=O)c1c(Cc2ccc(C(=O)NC(C)(C)CO)cc2)c(=O)c2cccnc2n1-c1ccccc1,7.35,1
CHEMBL2152389,COC(=O)c1c(Cc2ccc(C(=O)NC3(CO)CC3)cc2)c(=O)c2cccnc2n1-c1ccccc1,7.35,1
CHEMBL2152390,COC(=O)c1c(Cc2ccc(C(=O)N[C@H]3CC[C@H](O)CC3)cc2)c(=O)c2ccc(C)nc2n1-c1ccccc1,7.77,1
CHEMBL2152391,COC(=O)c1c(Cc2ccc(S(C)(=O)=O)cc2)c(=O)c2cccnc2n1-c1ccccc1,7.04,1
CHEMBL2152392,COC(=O)c1c(Cc2ccc(C(=O)N[C@@H]3[C@@H]4C[C@@H]5C[C@H]3C[C@@](N)(C5)C4)cc2)c(=O)c2cccnc2n1-c1ccccc1,7.31,1
CHEMBL215943,Cc1ccc(C(=O)Nc2cccc(C(F)(F)F)c2)cc1-c1ccc2nc(NCCN3CCOCC3)ncc2c1,6.41,1
CHEMBL218139,CS(=O)(=O)c1ccc(CNC(=O)c2cc(N)c(C#N)c(NCCN)n2)cc1,5.8,2
CHEMBL218141,CS(=O)(=O)c1ccc(CNC(=O)c2cc(N)c(C#N)c(/C=C/CCO)n2)cc1,6.77,2
CHEMBL218194,CC(C)Nc1nc(C(=O)NCc2ccc(S(C)(=O)=O)cc2)cc(N)c1C#N,7.17,2
CHEMBL218219,CS(=O)(=O)c1ccc(CNC(=O)c2cc(N)c(C#N)c(NCCO)n2)cc1,7.03,2
CHEMBL218367,CS(=O)(=O)c1ccc(CNC(=O)c2cc(N)c(C#N)c(-c3ccc(C(=O)O)s3)n2)cc1,6.6,2
CHEMBL218419,COc1ccc(Oc2nc(C(=O)NCc3ccc(S(C)(=O)=O)cc3)cc(N)c2C#N)cc1,6.38,2
CHEMBL218657,C/C=C\c1nc(C(=O)NCc2ccc(S(C)(=O)=O)cc2)cc(N)c1C#N,6.82,2
CHEMBL218658,CC(C)COc1nc(C(=O)NCc2ccc(S(C)(=O)=O)cc2)cc(N)c1C#N,7.06,2
CHEMBL219112,CS(=O)(=O)c1ccc(CNC(=O)c2cc(N)c(C#N)c(-c3ccsc3)n2)cc1,7.09,3
CHEMBL2204093,COC(=O)c1c(Cc2ccc(S(C)(=O)=O)cc2)c(=O)c2ccc(C(F)(F)F)nc2n1-c1ccccc1,7.09,1
CHEMBL2204094,COC(=O)c1c(Cc2ccc(C(=O)NCCO)cc2)c(=O)c2ccc(C(F)(F)F)nc2n1-c1ccccc1,7.1,1
CHEMBL2204095,COC(=O)c1c(CN2CCN(S(C)(=O)=O)CC2)c(=O)c2ccc(F)cc2n1-c1ccccc1,7.19,1
CHEMBL2204096,COC(=O)c1c(CN2CCC(S(C)(=O)=O)CC2)c(=O)c2ccc(F)cc2n1-c1ccccc1,7.64,1
CHEMBL2204097,COC(=O)c1c(CN2CCOCC2)c(=O)c2ccc(F)cc2n1-c1ccccc1,6.94,1
CHEMBL2204098,COC(=O)c1c(CN2CC[C@@H](S(C)(=O)=O)C2)c(=O)c2ccc(F)cc2n1-c1ccccc1,6.89,1
CHEMBL2204099,COC(=O)c1c(CN2CC[C@H](S(C)(=O)=O)C2)c(=O)c2ccc(F)cc2n1-c1ccccc1,7.28,1
CHEMBL2204102,CCn1c(=O)c2ccccc2n(-c2ccccc2)c1=O,4.96,1
CHEMBL2204103,O=c1c2ccccc2n(-c2ccccc2)c(=O)n1Cc1ccccc1,5.55,1
CHEMBL2204104,O=c1c2ccc(Cl)cc2n(-c2ccccc2)c(=O)n1Cc1ccccc1,5.64,1
CHEMBL2204105,COC(=O)c1c(Cc2ccccc2)c(=O)c2ccc(Cl)cc2n1-c1ccccc1,6.43,1
CHEMBL2204106,CNS(=O)(=O)c1ccc(Cc2c(C(=O)OC)n(-c3ccccc3)c3cc(Cl)ccc3c2=O)cc1,7.33,1
CHEMBL2204107,CCNC(=O)c1ccc(Cc2c(C(=O)OC)n(-c3ccccc3)c3cc(Cl)ccc3c2=O)cc1,7.42,1
CHEMBL2204108,COC(=O)c1c(Cc2ccc(S(=O)(=O)N3CCNCC3)cc2)c(=O)c2ccc(Cl)cc2n1-c1ccccc1,7.52,1
CHEMBL2204109,COC(=O)c1c(Cc2ccc(S(=O)(=O)N3CCNCC3)cc2)c(=O)c2ccc(F)cc2n1-c1ccccc1,7.52,1
CHEMBL2204110,COC(=O)c1c(Cc2ccc(S(=O)(=O)N3CCC(O)CC3)cc2)c(=O)c2ccc(F)cc2n1-c1ccccc1,7.3,1
CHEMBL2204111,COC(=O)c1c(Cc2ccc(S(=O)(=O)CCO)cc2)c(=O)c2ccc(F)cc2n1-c1ccccc1,7.24,1
CHEMBL2204112,COC(=O)c1c(Cc2ccc(C(=O)NCCO)cc2)c(=O)c2ccc(C)nc2n1-c1ccccc1,7.52,1
CHEMBL2204113,COC(=O)c1c(Cc2ccc(S(=O)(=O)N3CCNCC3)cc2)c(=O)c2ccc(C)nc2n1-c1ccccc1,7.75,1
CHEMBL2204114,CCNC(=O)c1ccc(Cc2c(C(=O)OC)n(-c3ccccc3)c3nc(C)ccc3c2=O)cc1,7.35,1
CHEMBL220504,CC(C)Oc1nc(C(=O)NCc2ccc(S(C)(=O)=O)cc2)cc(N)c1C#N,7.82,2
CHEMBL220547,CS(=O)(=O)c1ccc(CNC(=O)c2cc(N)c(C#N)c(-c3ccsc3CO)n2)cc1,6.24,2
CHEMBL220607,CS(=O)(=O)c1ccc(CNC(=O)c2cc(N)c(C#N)c(-c3ccsc3CNCc3ccccc3)n2)cc1,5.7,2
CHEMBL220658,CS(=O)(=O)c1ccc(CNC(=O)c2cc(N)c(C#N)c(NC3CC3)n2)cc1,7.5,2
CHEMBL220696,C[C@H](CO)Nc1nc(C(=O)NCc2ccc(S(C)(=O)=O)cc2)cc(N)c1C#N,6.75,1
CHEMBL220749,CS(=O)(=O)c1ccc(CNC(=O)c2cc(N)c(C#N)c(NCc3ccccc3)n2)cc1,6.09,2
CHEMBL220758,CS(=O)(=O)c1ccc(CNC(=O)c2cc(N)c(C#N)c(NCCc3ccccc3)n2)cc1,6.58,2
CHEMBL220810,CS(=O)(=O)c1ccc(CNC(=O)c2cc(N)c(C#N)c(NCCNC(N)=O)n2)cc1,7.03,2
CHEMBL220811,CS(=O)(=O)c1ccc(CNC(=O)c2cc(N)c(C#N)c(-c3cccnc3)n2)cc1,6.5,2
CHEMBL220812,CC(C)NC(=O)c1nc(C(=O)NCc2ccc(S(C)(=O)=O)cc2)cc(N)c1C#N,6.37,2
CHEMBL2208438,COC(=O)c1c(Cc2ccc(S(C)(=O)=O)cc2)c(=O)c2ccc(C)nc2n1-c1cccc(N)c1,7.85,1
CHEMBL220864,CCOc1nc(C(=O)NCc2ccc(S(C)(=O)=O)cc2)cc(N)c1/C=C/C(C)(C)C,5.53,2
CHEMBL220865,CCOc1nc(C(=O)NCc2ccc(S(C)(=O)=O)cc2)cc(N)c1/C=C/C#N,6.39,2
CHEMBL221075,CS(=O)(=O)c1ccc(CNC(=O)c2cc(N)c(C#N)c(-c3cncnc3)n2)cc1,6.21,2
CHEMBL221126,C/C=C/c1nc(C(=O)NCc2ccc(S(C)(=O)=O)cc2)cc(N)c1C#N,7.32,2
CHEMBL221128,C#C/C=C/c1c(N)cc(C(=O)NCc2ccc(S(C)(=O)=O)cc2)nc1OCC,7.1,2
CHEMBL221175,CN(C)CCNc1nc(C(=O)NCc2ccc(S(C)(=O)=O)cc2)cc(N)c1C#N,5.14,2
CHEMBL221179,CCOc1nc(C(=O)NCc2ccc(S(C)(=O)=O)cc2)cc(N)c1C(N)=O,6.5,2
CHEMBL221227,C[C@@H](CO)Nc1nc(C(=O)NCc2ccc(S(C)(=O)=O)cc2)cc(N)c1C#N,7.205,2
CHEMBL221229,CS(=O)(=O)c1ccc(CNC(=O)c2cc(N)c(C#N)c(NC3CCC3)n2)cc1,7.07,2
CHEMBL221252,COc1cccc(-c2nc(C(=O)NCc3ccc(S(C)(=O)=O)cc3)cc(N)c2C#N)c1,6.37,2
CHEMBL221315,CS(=O)(=O)c1ccc(CNC(=O)c2cc(N)c(C#N)c(NCCC(N)=O)n2)cc1,7.18,2
CHEMBL2216824,Cc1cc(NC(=O)c2cccc(NC(=O)/C=C/CN(C)C)c2)ccc1Nc1nccc(-c2cccnc2)n1,8.32,8
CHEMBL221745,CS(=O)(=O)c1ccc(CNC(=O)c2cc(N)c(C#N)c(-c3cccc(O)c3)n2)cc1,6.7,2
CHEMBL221916,C=Cc1c(N)cc(C(=O)NCc2ccc(S(C)(=O)=O)cc2)nc1OCC,5.93,2
CHEMBL221958,CCCNC(=O)c1c(N)cc(C(=O)NCc2ccc(S(C)(=O)=O)cc2)nc1OCC,5.28,2
CHEMBL221963,CCOc1nc(C(=O)NCc2ccc(S(C)(=O)=O)cc2)cc(N)c1C#CCO,5.96,2
CHEMBL222008,CS(=O)(=O)c1ccc(CNC(=O)c2cc(N)c(C#N)c(-c3cccc(Cl)c3)n2)cc1,5.93,2
CHEMBL222011,CS(=O)(=O)c1ccc(CNC(=O)c2cc(N)c(C#N)c(CCC(=O)O)n2)cc1,5.79,1
CHEMBL230761,Cn1cnc(CNc2cc(Br)c3ncc(C#N)c(Nc4ccc(F)c(Cl)c4)c3c2)c1,4.51,1
CHEMBL234655,O=C(NCCCN1CCCC1=O)c1cnccc1Nc1nc(-c2cc(Br)ccc2F)nc2nccnc12,4.98,1
CHEMBL2376905,O=C(NCCN1CCOCC1)c1cccc(-n2ncc3cc(Nc4ccccc4)cnc32)c1,5.92,1
CHEMBL2376906,O=C(NCCCN1CCOCC1)c1ccc(-n2ncc3cc(Nc4ccccc4Cl)ccc32)cc1,6.04,1
CHEMBL2376909,COc1cc(NC(=O)c2cccc(-n3ncc4cc(Nc5ccccc5)ccc43)c2)cc(OC)c1OC,6.7,1
CHEMBL2376910,COc1cc(NC(=O)c2cccc(-n3ncc4cc(Nc5ccccc5Cl)ccc43)c2)cc(OC)c1OC,7.03,1
CHEMBL2376911,CCOc1ccc(NC(=O)c2cccc(-n3ncc4cc(Nc5ccccc5F)ccc43)c2)cc1OC,6.37,1
CHEMBL2376913,Cc1cc(NC(=O)c2cccc(-n3ncc4cc(Nc5ccccc5Cl)ccc43)c2)ccc1N1CCOCC1,6.8,1
CHEMBL2376914,Cc1cc(NC(=O)c2cccc(-n3ncc4cc(Nc5ccccc5F)ccc43)c2)ccc1N1CCOCC1,6.77,1
CHEMBL2376915,O=C(NCCN1CCOCC1)c1cccc(-n2ncc3cc(Nc4ccccc4Cl)ccc32)c1,6.12,1
CHEMBL2376916,O=C(NCCN1CCOCC1)c1cccc(-n2ncc3cc(Nc4c(Cl)cccc4Cl)ccc32)c1,5.86,1
CHEMBL2376919,O=C(NCCCN1CCOCC1)c1cccc(-n2ncc3cc(Nc4ccccc4Cl)ccc32)c1,6.39,1
CHEMBL2376920,Cc1cccc(NC(=O)c2cccc(-n3ncc4cc(Nc5ccccc5F)ccc43)c2)c1,6.33,1
CHEMBL2376922,O=C(NCCO)c1cccc(-n2ncc3cc(Nc4ccccc4Cl)ccc32)c1,6.1,1
CHEMBL2376923,O=C(NCCN1CCOCC1)c1cccc(-n2ncc3cc(Nc4ccccn4)ccc32)c1,5.15,1
CHEMBL2376924,NC(=O)c1cccc(-n2ncc3cc(Nc4ccccc4F)ccc32)c1,6.14,1
CHEMBL2376925,CN1CCN(CCNC(=O)c2cccc(-n3ncc4cc(Nc5c(Cl)cccc5Cl)ccc43)c2)CC1,5.92,1
CHEMBL2376926,Cc1cccc(Nc2ccc3c(cnn3-c3cccc(C(=O)NCCN4CCN(C5CCC5)CC4)c3)c2)c1Cl,6.01,1
CHEMBL2376927,O=C(NCCN1CCOCC1)c1cccc(-n2ncc3cc(Nc4ccccc4Cl)ccc32)n1,5.15,1
CHEMBL2376930,O=C(NCCN1CCOCC1)c1ccnc(-n2ncc3cc(Nc4ccccc4Cl)ccc32)c1,5.64,2
CHEMBL2376931,O=C(NCCN1CCOCC1)c1cccc(-n2ncc3cc(Nc4ccccc4Cl)ncc32)c1,5.89,1
CHEMBL2380574,CCOc1ccc2[nH]nc(-c3ccc(NC(C)=O)cc3)c2c1,7.16,2
CHEMBL2380575,CCOc1ccc2[nH]nc(-c3cccc(NC(C)=O)c3)c2c1,6.96,2
CHEMBL2380576,CCOc1ccc2[nH]nc(-c3cccc(C(N)=O)c3)c2c1,7.37,1
CHEMBL2380577,CCOc1ccc2[nH]nc(-c3cccc(S(N)(=O)=O)c3)c2c1,6.82,2
CHEMBL2380578,CCOc1cc2c(-c3cccc(S(N)(=O)=O)c3)n[nH]c2cc1C#N,6.76,1
CHEMBL2380579,CCOc1cc2c(-c3cccc(NC(C)=O)c3)n[nH]c2cc1C#N,7.37,1
CHEMBL2380580,CCOc1cc2c(-c3cccc(S(N)(=O)=O)c3)n[nH]c2cc1-c1ccccc1,5.99,1
CHEMBL2380581,CCOc1cc2c(-c3cccc(S(N)(=O)=O)c3)n[nH]c2cc1-c1cn[nH]c1,6.85,1
CHEMBL2380582,CCOc1cc2c(-c3cccc(S(N)(=O)=O)c3)n[nH]c2cc1-c1cnn(C)c1,7.03,1
CHEMBL2380583,CCOc1cc2c(-c3ccc(C)c(S(N)(=O)=O)c3)n[nH]c2cc1-c1cnn(C)c1,7.36,1
CHEMBL2380584,CCOc1cc2c(-c3cccc(S(N)(=O)=O)c3)n[nH]c2cc1-c1cnn(CC(C)C)c1,6.36,1
CHEMBL2380585,Cn1cc(-c2cc3[nH]nc(-c4cccc(S(N)(=O)=O)c4)c3cc2OC2CCCCC2)cn1,6.93,1
CHEMBL2380586,Cn1cc(-c2cc3[nH]nc(-c4cccc(S(N)(=O)=O)c4)c3cc2NC2CCCCC2)cn1,7.43,1
CHEMBL2380587,CC(=O)Nc1cccc(-c2n[nH]c3cc(-c4cnn(C)c4)c(NC4CCCCC4)cc23)c1,7.92,1
CHEMBL2390974,CS(=O)(=O)CCCOc1cccc2c1cnn2-c1ccnc(N[C@H]2CC[C@H](O)CC2)n1,8.21,2
CHEMBL2392825,CS(=O)(=O)N[C@H]1CC[C@H](Nc2nccc(-n3ccc4c(N5CCC(S(C)(=O)=O)CC5)cccc43)n2)CC1,8.223333333333333,3
CHEMBL2392826,CS(=O)(=O)N[C@H]1CC[C@H](Nc2nccc(-n3ccc4c(N5CCN(S(C)(=O)=O)CC5)cccc43)n2)CC1,7.2700000000000005,3
CHEMBL2392827,CS(=O)(=O)N[C@H]1CC[C@H](Nc2nccc(-n3ccc4c(N5CCN(C(=O)CC#N)CC5)cccc43)n2)CC1,8.003333333333334,3
CHEMBL2392828,CS(=O)(=O)N[C@H]1CC[C@H](Nc2nccc(-n3ccc4c(N5CCN(C(=O)CO)CC5)cccc43)n2)CC1,7.723333333333334,3
CHEMBL2392829,CS(=O)(=O)N[C@H]1CC[C@H](Nc2nccc(-n3ccc4c(N5CCCCC5)cccc43)n2)CC1,7.03,1
CHEMBL2392830,CS(=O)(=O)N[C@H]1CC[C@H](Nc2nccc(-n3ccc4c(N5CCC(S(C)(=O)=O)C5)cccc43)n2)CC1,7.36,1
CHEMBL2392831,CS(=O)(=O)N[C@H]1CC[C@H](Nc2nccc(-n3ccc4c(OCC5CCS(=O)(=O)C5)cccc43)n2)CC1,8.17,1
CHEMBL2392832,CS(=O)(=O)C1CCN(c2cccc3c2cnn3-c2ccnc(N[C@H]3CC[C@H](O)CC3)n2)CC1,8.08,3
CHEMBL2392833,CS(=O)(=O)C1CCN(c2cccc3c2ccn3-c2ccnc(N[C@H]3CC[C@H](O)CC3)n2)CC1,8.26,3
CHEMBL2392834,CC(=O)N[C@H]1CC[C@H](Nc2nccc(-n3ccc4c(N5CCC(S(C)(=O)=O)CC5)cccc43)n2)CC1,7.88,3
CHEMBL2392835,CS(=O)(=O)C1CCN(c2cccc3c2ccn3-c2ccnc(N[C@H]3CC[C@@](C)(O)CC3)n2)CC1,7.7700000000000005,3
CHEMBL2392836,CCOC(=O)[C@H]1CC[C@H](Nc2nccc(-n3ncc4c(N5CCC(S(C)(=O)=O)CC5)cccc43)n2)CC1,7.57,1
CHEMBL2392837,CCOC(=O)[C@H]1CC[C@H](Nc2nccc(-n3ccc4c(N5CCC(S(C)(=O)=O)CC5)cccc43)n2)CC1,7.906666666666666,3
CHEMBL2392838,CS(=O)(=O)C1CCN(c2cccc3c2ccn3-c2ccnc(N[C@H]3CC[C@H](C(=O)N4CCC(O)CC4)CC3)n2)CC1,7.886666666666667,3
CHEMBL2392839,CCOC1CCN(C(=O)[C@H]2CC[C@H](Nc3nccc(-n4ccc5c(N6CCC(S(C)(=O)=O)CC6)cccc54)n3)CC2)C1,7.92,1
CHEMBL2392840,CS(=O)(=O)C1CCN(c2cccc3c2ccn3-c2ccnc(N[C@H]3CC[C@H](C(=O)N4CCn5cnnc5C4)CC3)n2)CC1,7.93,1
CHEMBL239785,CC(C)Oc1nc(C(=O)N(C)Cc2ccc(S(C)(=O)=O)cc2)cc(N)c1C#N,5.19,1
CHEMBL240254,CCOc1nc(C(=O)NCCNc2ccc([N+](=O)[O-])cn2)cc(N)c1C#N,7.21,1
CHEMBL240859,CCOc1nc(C(=O)NCc2ccc([S+]([O-])c3ccccc3)cc2)cc(N)c1C#N,7.3,1
CHEMBL241262,COc1cc[nH]c1/C=C1\C(=O)Nc2cccc(C#CC(O)c3ccc(OCCCN(C)C)cc3)c21,7.47,1
CHEMBL2420551,O=C(NC1(Cc2ccc(F)cc2)CC1)c1ccc2nc(N[C@H]3CC[C@H](O)CC3)c3nccn3c2c1,7.33,1
CHEMBL2420552,O=C(NC1(c2ccccc2)CCCCCC1)c1ccc2nc(N[C@H]3CC[C@H](O)CC3)c3nccn3c2c1,6.37,1
CHEMBL2420553,Cc1ccc(C2(NC(=O)c3ccc4nc(N[C@H]5CC[C@H](O)CC5)c5nccn5c4c3)CC2)cc1,6.6,1
CHEMBL2420554,O=C(NC1(c2ccc(Cl)cc2)CC1)c1ccc2nc(N[C@H]3CC[C@H](O)CC3)c3nccn3c2c1,6.785,2
CHEMBL2420555,O=C(NC1(c2ccc(F)cc2)CC1)c1ccc2nc(N[C@H]3CC[C@H](O)CC3)c3nccn3c2c1,7.095,2
CHEMBL2420556,C[C@@H](NC(=O)c1ccc2nc(N[C@H]3CC[C@H](O)CC3)c3nccn3c2c1)c1ccccc1,6.24,1
CHEMBL2420557,C[C@@H](NC(=O)c1ccc2c(c1)nc(N[C@H]1CC[C@H](O)CC1)c1nccn12)c1ccccc1,5.82,1
CHEMBL2420558,O=C(NCc1ccccc1)c1ccc2nc(N[C@H]3CC[C@H](O)CC3)c3nccn3c2c1,6.17,1
CHEMBL2420559,O=C(NCc1ccccc1)c1ccc2c(c1)nc(N[C@H]1CC[C@H](O)CC1)c1nccn12,6.31,1
CHEMBL2420560,C[C@H](NC(=O)c1ccc2nc(N[C@H]3CC[C@H](O)CC3)c3nccn3c2c1)c1ccccc1,5.7,1
CHEMBL2420561,CC[C@H](NC(=O)c1ccc2nc(N[C@H]3CC[C@H](O)CC3)c3nccn3c2c1)c1ccccc1,5.77,1
CHEMBL2420562,CC[C@@H](NC(=O)c1ccc2nc(N[C@H]3CC[C@H](O)CC3)c3nccn3c2c1)c1ccccc1,7.165,2
CHEMBL2420563,O=C(N[C@@H](CO)c1ccccc1)c1ccc2nc(N[C@H]3CC[C@H](O)CC3)c3nccn3c2c1,5.31,1
CHEMBL2420564,O=C(N[C@H](CO)c1ccccc1)c1ccc2nc(N[C@H]3CC[C@H](O)CC3)c3nccn3c2c1,6.984999999999999,2
CHEMBL2420565,CCC[C@@H](NC(=O)c1ccc2nc(N[C@H]3CC[C@H](O)CC3)c3nccn3c2c1)c1ccccc1,6.7,1
CHEMBL2420566,CC(C)[C@@H](NC(=O)c1ccc2nc(N[C@H]3CC[C@H](O)CC3)c3nccn3c2c1)c1ccccc1,6.46,1
CHEMBL2420567,O=C(NC(c1ccccc1)c1ccccc1)c1ccc2nc(N[C@H]3CC[C@H](O)CC3)c3nccn3c2c1,6.44,1
CHEMBL2420568,O=C(N[C@H](CCO)c1ccccc1)c1ccc2nc(N[C@H]3CC[C@H](O)CC3)c3nccn3c2c1,6.21,1
CHEMBL2420569,COC[C@@H](NC(=O)c1ccc2nc(N[C@H]3CC[C@H](O)CC3)c3nccn3c2c1)c1ccccc1,6.16,1
CHEMBL2420570,CC(C)(NC(=O)c1ccc2nc(N[C@H]3CC[C@H](O)CC3)c3nccn3c2c1)c1ccccc1,6.57,1
CHEMBL2420571,CCC(CC)(NC(=O)c1ccc2nc(N[C@H]3CC[C@H](O)CC3)c3nccn3c2c1)c1ccccc1,7.015000000000001,2
CHEMBL2420572,O=C(NC1(c2ccccc2)CC1)c1ccc2nc(N[C@H]3CC[C@H](O)CC3)c3nccn3c2c1,7.04,1
CHEMBL2420573,O=C(NC1(c2ccccc2)CCC1)c1ccc2nc(N[C@H]3CC[C@H](O)CC3)c3nccn3c2c1,7.11,1
CHEMBL2420574,O=C(NC1(c2ccccc2)CCCC1)c1ccc2nc(N[C@H]3CC[C@H](O)CC3)c3nccn3c2c1,6.75,1
CHEMBL2420575,O=C(NC1(c2ccccc2)CCCCC1)c1ccc2nc(N[C@H]3CC[C@H](O)CC3)c3nccn3c2c1,5.91,1
CHEMBL2420576,c1ccc2c(c1)nc(NC1CCCCC1)c1nccn12,5.8,1
CHEMBL2420577,c1ccc(CCNc2nc3ccccc3n3ccnc23)cc1,5.17,1
CHEMBL2420578,c1ccc(CNc2nc3ccccc3n3ccnc23)cc1,5.08,1
CHEMBL2420579,FC1(F)CCC(Nc2nc3ccccc3n3ccnc23)CC1,5.1,1
CHEMBL2420580,CS(=O)(=O)N[C@H]1CC[C@H](Nc2nc3ccccc3n3ccnc23)CC1,5.62,1
CHEMBL2420581,N[C@H]1CC[C@H](Nc2nc3ccccc3n3ccnc23)CC1,5.77,1
CHEMBL2420582,O[C@H]1CC[C@H](Nc2nc3ccccc3n3ccnc23)CC1,6.04,1
CHEMBL2420584,O[C@H]1CC[C@H](NC2=Nc3ccccc3N3CCN=C23)CC1,4.14,1
CHEMBL2420585,O=C(O)c1ccc2nc(N[C@H]3CC[C@H](O)CC3)c3nccn3c2c1,6.51,1
CHEMBL2420586,O=C(O)c1ccc2c(c1)nc(N[C@H]1CC[C@H](O)CC1)c1nccn12,6.455,2
CHEMBL2420587,NC(=O)c1ccc2nc(N[C@H]3CC[C@H](O)CC3)c3nccn3c2c1,6.24,1
CHEMBL2420588,NC(=O)c1ccc2c(c1)nc(N[C@H]1CC[C@H](O)CC1)c1nccn12,5.38,1
CHEMBL242237,NC(=O)c1ccccc1Nc1ccnc(Nc2cccc(O)c2)n1,7.195,4
CHEMBL242488,CCCCOc1nccc(Nc2ccccc2C(=O)O)n1,5.1850000000000005,2
CHEMBL242489,CCCOc1nccc(Nc2ccccc2C(=O)O)n1,5.64,1
CHEMBL2425628,CS(=O)(=O)CCCOc1cccc2c1ccn2-c1ccnc(N[C@H]2CC[C@H](C(=O)N3CCC(O)CC3)CC2)n1,7.8,1
CHEMBL2425629,CS(=O)(=O)CCCOc1cccc2c1ccn2-c1ccnc(N[C@H]2CC[C@H](C(=O)N3CC[C@@H](O)C3)CC2)n1,8.01,1
CHEMBL2425630,COC1CCN(C(=O)[C@H]2CC[C@H](Nc3nccc(-n4ccc5c(OCCCS(C)(=O)=O)cccc54)n3)CC2)CC1,8.33,1
CHEMBL2425631,CS(=O)(=O)CCCOc1cccc2c1ccn2-c1ccnc(N[C@H]2CC[C@H](C(=O)N3CCC(F)(F)CC3)CC2)n1,7.8,1
CHEMBL2425632,CS(=O)(=O)CCCOc1cccc2c1ccn2-c1ccnc(N[C@H]2CC[C@H](C(=O)N3CC[C@@H](F)C3)CC2)n1,7.85,1
CHEMBL2425633,CCN(CC)C(=O)[C@H]1CC[C@H](Nc2nccc(-n3ccc4c(OCCCS(C)(=O)=O)cccc43)n2)CC1,7.85,1
CHEMBL2425634,CC(C)(O)[C@H]1CC[C@H](Nc2nccc(-n3ccc4c(OCCCS(C)(=O)=O)cccc43)n2)CC1,8.4,1
CHEMBL2425635,CC(C)(O)[C@H]1CC[C@H](Nc2nccc(-n3ncc4c(OCCCS(C)(=O)=O)cccc43)n2)CC1,8.4,1
CHEMBL2425636,CS(=O)(=O)CCOc1cccc2c1cnn2-c1ccnc(N[C@H]2CC[C@H](O)CC2)n1,7.48,1
CHEMBL2425637,CS(=O)(=O)NCCCOc1cccc2c1cnn2-c1ccnc(N[C@H]2CC[C@H](O)CC2)n1,7.25,1
CHEMBL2425638,OCC(O)COc1cccc2c1cnn2-c1ccnc(N[C@H]2CC[C@H](O)CC2)n1,7.47,1
CHEMBL2425639,CCCOc1cccc2c1cnn2-c1ccnc(N[C@H]2CC[C@H](O)CC2)n1,7.92,1
CHEMBL2425640,OCCCOc1cccc2c1cnn2-c1ccnc(N[C@H]2CC[C@H](O)CC2)n1,7.62,1
CHEMBL2425641,COc1cccc2c1cnn2-c1ccnc(N[C@H]2CC[C@H](O)CC2)n1,7.64,1
CHEMBL2425642,O[C@H]1CC[C@H](Nc2nccc(-c3c[nH]c4ccccc34)n2)CC1,6.85,1
CHEMBL2425643,O[C@H]1CC[C@H](Nc2nccc(N3CCc4ccccc43)n2)CC1,6.11,1
CHEMBL2425644,O[C@H]1CC[C@H](Nc2nccc(-c3n[nH]c4ccccc34)n2)CC1,6.6,1
CHEMBL2425645,O[C@H]1CC[C@H](Nc2nccc(-n3ncc4ccccc43)n2)CC1,7.26,1
CHEMBL2425646,O[C@H]1CC[C@H](Nc2nccc(-n3ccc4ccccc43)n2)CC1,7.19,1
CHEMBL2425647,O[C@H]1CC[C@H](Nc2nccc(-c3nnc4ccccn34)n2)CC1,6.24,1
CHEMBL2425648,O[C@H]1CC[C@H](Nc2nccc(-c3cnc4ccccn34)n2)CC1,7.06,2
CHEMBL2425649,O=C([C@H]1CC[C@H](Nc2nccc(-n3nnc4ccccc43)n2)CC1)N1CCOCC1,7.2,1
CHEMBL2425650,O=C([C@H]1CC[C@H](Nc2nccc(-n3nnc4ccccc43)n2)CC1)N1CCCC1,6.92,1
CHEMBL2425651,CC(=O)N[C@H]1CC[C@H](Nc2nccc(-n3nnc4ccccc43)n2)CC1,7.41,1
CHEMBL2425652,N[C@H]1CC[C@H](Nc2nccc(-n3nnc4ccccc43)n2)CC1,7.13,1
CHEMBL2425653,CN(C)S(=O)(=O)N[C@H]1CC[C@H](Nc2nccc(-n3nnc4ccccc43)n2)CC1,7.72,1
CHEMBL2425654,O[C@H]1CC[C@H](Nc2nccc(-n3nnc4ccccc43)n2)CC1,7.54,1
CHEMBL2425655,CS(=O)(=O)N[C@H]1CC[C@H](Nc2nccc(-n3nnc4ccccc43)n2)CC1,7.62,1
CHEMBL2425656,c1ccc2c(c1)nnn2-c1ccnc(NC2CCCCC2)n1,7.0,1
CHEMBL242651,O=C(O)c1ccccc1Nc1ccnc(Nc2cccc(C(F)(F)F)c2)n1,6.41,1
CHEMBL242652,O=C(O)c1ccccc1Nc1ccnc(Nc2ccc(C(F)(F)F)cc2)n1,6.73,1
CHEMBL242701,CCCCCOc1nccc(Nc2ccccc2C(=O)O)n1,5.96,1
CHEMBL242702,CCC(C)Oc1nccc(Nc2ccccc2C(=O)O)n1,6.16,1
CHEMBL242865,O=C(O)c1ccccc1Nc1ccnc(Nc2ccc([N+](=O)[O-])cc2)n1,7.48,1
CHEMBL243088,O=C(O)c1ccccc1Nc1ccnc(Nc2cccc(O)c2)n1,7.533333333333334,3
CHEMBL243297,O=C(O)c1ccccc1Nc1ccnc(Nc2ccc(O)cc2)n1,7.46,1
CHEMBL243298,O=C(O)c1ccccc1Nc1ccnc(Nc2cccc(F)c2)n1,7.4875,4
CHEMBL243299,O=C(O)c1ccccc1Nc1ccnc(Nc2ccc(F)cc2)n1,7.54,1
CHEMBL243517,Cc1cccc(Nc2nccc(Nc3ccccc3C(=O)O)n2)c1,6.8,1
CHEMBL243518,Cc1ccc(Nc2nccc(Nc3ccccc3C(=O)O)n2)cc1F,7.03,1
CHEMBL243519,Cc1c(O)cccc1Nc1nccc(Nc2ccccc2C(=O)O)n1,6.56,1
CHEMBL2436978,CN1CCN(Cc2ccc(-c3cnc4[nH]cc(-c5ccc6[nH]ccc6c5)c4c3)cc2)CC1,5.49,2
CHEMBL243749,O=C(O)c1ccccc1Nc1nc(Nc2cccc(O)c2)ncc1F,7.68,1
CHEMBL243750,O=C(O)c1ccccc1Nc1nc(Nc2cccc(O)c2)ncc1Br,7.7,1
CHEMBL244378,O=C(O)c1ccccc1Nc1ccnc(Nc2ccc3cn[nH]c3c2)n1,7.34,1
CHEMBL244580,O=C(O)c1ccccc1Nc1ccnc(Nc2ccc3ncccc3c2)n1,7.07,1
CHEMBL244581,O=C(O)c1cc2ccccc2cc1Nc1ccnc(Nc2ccccc2)n1,6.15,1
CHEMBL244626,O=C(O)c1ccccc1Nc1ccnc(Oc2ccccc2)n1,6.52,1
CHEMBL244627,O=C(O)c1ccccc1Nc1ccnc(NCc2ccccc2)n1,4.74,1
CHEMBL244628,O=C(O)c1ccccc1Nc1ccnc(NC2CCCCC2)n1,6.4,1
CHEMBL244629,O=C(O)c1ccccc1Nc1ccnc(N2CCCCCC2)n1,4.81,1
CHEMBL244793,O=C(O)c1ccccc1Nc1nc(Nc2ccccc2)ncc1F,7.09,1
CHEMBL244839,O=C(O)c1ccccc1Nc1ccnc(Nc2ccccc2)n1,7.32,1
CHEMBL245334,CNC(=O)CN1CCC[C@H](Nc2ncc(Cl)c(-c3c[nH]c4ccccc34)n2)C1,6.86,1
CHEMBL245335,CCNC(=O)N1CCC[C@@H](Nc2ncc(Cl)c(-c3c[nH]c4ccccc34)n2)C1,7.22,1
CHEMBL245336,CNC(=O)CN1CCC(Nc2ncc(Cl)c(-c3c[nH]c4ccccc34)n2)CC1,7.89,1
CHEMBL245533,CCOC(=O)N1CCC(Nc2ncc(Cl)c(-c3c[nH]c4ccccc34)n2)CC1,7.43,1
CHEMBL245534,CN1CCN(C(=O)N2CCC(Nc3ncc(Cl)c(-c4c[nH]c5ccccc45)n3)CC2)CC1,7.75,1
CHEMBL245535,CC(=O)NCC(=O)N1CCC(Nc2ncc(Cl)c(-c3c[nH]c4ccccc34)n2)CC1,7.55,1
CHEMBL245724,CCNC(=O)N1CCC(Nc2ncc(C)c(-c3c[nH]c4ccccc34)n2)CC1,6.5,1
CHEMBL245725,CCNC(=O)N1CCC(Nc2nccc(-c3c[nH]c4ccccc34)n2)CC1,7.13,1
CHEMBL245732,CN(C)CC(=O)N1CCC(Nc2ncc(Cl)c(-c3c[nH]c4ccccc34)n2)CC1,7.24,1
CHEMBL245733,CC1CCN(C(=O)N2CCC(Nc3ncc(Cl)c(-c4c[nH]c5ccccc45)n3)CC2)CC1,7.82,1
CHEMBL245925,CCNC(=O)N1CCC(Nc2ncc(Cl)c(-n3ccc4ccccc43)n2)CC1,6.34,1
CHEMBL245935,CC1CCN(NC(=O)N2CCC(Nc3ncc(Cl)c(-c4c[nH]c5ccccc45)n3)CC2)CC1,7.33,1
CHEMBL245936,CCNC(=O)N1CCC(Nc2nccc(-c3c(-c4ccccc4)[nH]c4ccccc34)n2)CC1,7.66,1
CHEMBL246543,CCNC(=O)N1CCC(Nc2nccc(-c3cnc4ccccn34)n2)CC1,7.23,1
CHEMBL246544,CCNC(=O)N1CCC(Nc2ncc(Cl)c(-c3c[nH]c4ccccc34)n2)C1,6.44,1
CHEMBL246545,CCNC(=O)N1CC(Nc2ncc(Cl)c(-c3c[nH]c4ccccc34)n2)C1,5.87,1
CHEMBL248176,CCNC(=O)N1CCC(Nc2ncc(Cl)c(-c3c[nH]c4ccccc34)n2)CC1,7.89,1
CHEMBL248370,CCNC(=O)N1CCC(Nc2ncc(C#N)c(-c3c[nH]c4cc(F)ccc34)n2)CC1,7.04,1
CHEMBL252761,O=C1c2ccccc2C2=NNC3=CC=CC1C32,7.3925,4
CHEMBL254443,COc1ccccc1Nc1ccc2c(-c3ccccc3)n[nH]c2c1,5.8,1
CHEMBL255098,c1ccn2c(-c3ccnc(NC4CCNCC4)n3)cnc2c1,5.42,1
CHEMBL258457,COC(=O)c1c(-c2ccccc2)c2cc(Br)ccc2c(=O)n1CCc1ccccc1,5.96,1
CHEMBL258618,CCC(=O)c1c(-c2ccccc2)c2cc(Cl)ccc2c(=O)n1Cc1cc(C(=O)NC2CC2)n(C)n1,8.19,1
CHEMBL258631,CCC(=O)c1c(-c2ccccc2)c2cc(Cl)ccc2c(=O)n1Cc1cc(C(=O)N(C)C)n(C)n1,7.96,1
CHEMBL258676,COC(=O)c1c(-c2ccccc2)c2cc(Br)ccc2c(=O)n1Cc1ccccc1,7.07,1
CHEMBL258703,COC(=O)c1c(-c2ccccc2)c2cc(Br)ccc2c(=O)n1Cc1cccc(OC)c1,7.1,1
CHEMBL258705,CCNC(=O)n1ccc(Cn2c(C(=O)CC)c(-c3ccccc3)c3cc(Cl)ccc3c2=O)n1,8.07,1
CHEMBL258845,CCC(=O)c1c(-c2ccccc2)c2cc(Cl)ccc2c(=O)n1Cc1cc(C(N)=O)n(CC)n1,7.96,1
CHEMBL258883,COC(=O)c1c(-c2ccc(CO)cc2)c2cc(Cl)ccc2c(=O)n1Cc1ccc(S(C)(=O)=O)cc1,7.2,1
CHEMBL259060,COC(=O)c1c(-c2ccccc2)c2cc(Br)ccc2c(=O)n1Cc1ccc(S(C)(=O)=O)cc1,7.47,3
CHEMBL259092,COC(=O)c1c(-c2cccc(CO)c2)c2cc(Cl)ccc2c(=O)n1Cc1ccc(S(C)(=O)=O)cc1,7.68,1
CHEMBL259404,COC(=O)c1c(-c2ccccc2)c2ccccc2c(=O)n1Cc1ccc(S(C)(=O)=O)cc1,7.23,1
CHEMBL259406,COC(=O)c1c(-c2ccccc2)c2cc(C(=O)O)ccc2c(=O)n1Cc1ccccc1,5.06,1
CHEMBL259484,CCC(=O)c1c(-c2ccccc2)c2cc(Cl)ccc2c(=O)n1Cc1cn(C(=O)NC)c(C)n1,8.17,1
CHEMBL259544,O=C(O)c1c(-c2ccccc2)c2cc(Br)ccc2c(=O)n1CC1CCCCC1,6.07,1
CHEMBL259554,CCC(=O)c1c(-c2ccccc2)c2cc(Cl)ccc2c(=O)n1Cc1ccc(C(=O)O)cc1,8.02,1
CHEMBL259555,CCC(=O)c1c(-c2ccccc2)c2cc(Cl)ccc2c(=O)n1Cc1ccc(S(C)(=O)=O)cc1,7.55,1
CHEMBL259706,COC(=O)c1c(-c2ccccc2)c2cc(Br)ccc2c(=O)n1Cc1ccc(C(=O)O)cc1,7.7,1
CHEMBL259720,CCC(=O)c1c(-c2ccccc2)c2cc(Cl)ccc2c(=O)n1Cc1cc(C(=O)NC)n(C)n1,8.03,1
CHEMBL259812,COC(=O)c1c(-c2ccccc2)c2cc(Cl)ccc2c(=O)n1Cc1ccc(S(C)(=O)=O)cc1,7.55,1
CHEMBL259916,COC(=O)c1ccc(Cn2c(C(=O)OC)c(-c3ccccc3)c3cc(Br)ccc3c2=O)cc1,7.85,1
CHEMBL259934,COC(=O)c1c(-c2ccccc2)c2cc(Br)ccc2c(=O)n1CC1CCCCC1,6.35,1
CHEMBL260064,CCC(=O)c1c(-c2ccccc2)c2cc(Cl)ccc2c(=O)n1Cc1cc(S(C)(=O)=O)n(CC(C)=O)n1,8.12,1
CHEMBL260065,CCC(=O)c1c(-c2ccccc2)c2cc(Cl)ccc2c(=O)n1Cc1cc(S(C)(=O)=O)n(CC(N)=O)n1,8.09,1
CHEMBL260126,COC(=O)c1cccc(Cn2c(C(=O)OC)c(-c3ccccc3)c3cc(Br)ccc3c2=O)c1,7.05,1
CHEMBL260429,COC(=O)c1c(-c2ccccc2)c2cc(Br)ccc2c(=O)n1Cc1ccc(NS(=O)(=O)c2ccc(C(=O)O)cc2)cc1,8.48,1
CHEMBL261014,COC(=O)c1c(-c2ccccc2)c2cc(Br)ccc2c(=O)n1Cc1ccc(NC(=O)CCC(=O)O)cc1,8.04,1
CHEMBL261086,CCCCc1ccc2c(=O)n(Cc3ccccc3)c(C(=O)OC)c(-c3ccccc3)c2c1,5.82,1
CHEMBL261186,COC(=O)c1c(-c2ccccc2)c2cc(Br)ccc2c(=O)n1Cc1ccc(NS(=O)(=O)c2ccccc2)cc1,7.32,1
CHEMBL261413,CCC(=O)c1c(-c2ccccc2)c2cc(Cl)ccc2c(=O)n1Cc1cc(S(C)(=O)=O)n(CCC(C)(C)O)n1,8.0,1
CHEMBL261841,COC(=O)c1c(-c2ccccc2)c2cc(Br)ccc2c(=O)n1Cc1ccc(NS(C)(=O)=O)cc1,7.92,1
CHEMBL264406,CC(C)(C)n1nc(-c2cccc3ccccc23)c2c(N)ncnc21,6.390000000000001,2
CHEMBL274389,CC(C)[C@@H](CO)Nc1nc(C(=O)NCc2ccc(S(C)(=O)=O)cc2)cc(N)c1C#N,5.82,1
CHEMBL3099963,Cc1ncn(-c2ccc(Nc3cc(-c4nocc4-c4cn[nH]c4)ccn3)cc2)n1,7.57,1
CHEMBL3099964,Cc1ncn(-c2ccc(Nc3cc(-c4nocc4-c4cc[nH]n4)ccn3)cc2)n1,6.33,1
CHEMBL3099965,Fc1ccc(-c2conc2-c2ccnc(Nc3ccc(N4CCOCC4)cc3)c2)cc1,6.8,1
CHEMBL3099972,CNc1onc(-c2ccnc(Nc3ccc(N4CCOCC4)cc3)c2)c1-c1ccc(F)cc1,6.82,1
CHEMBL3099975,Oc1onc(-c2ccnc(Nc3ccc(N4CCOCC4)cc3)c2)c1-c1ccc(F)cc1,7.48,1
CHEMBL3100085,Cc1ncn(-c2ccc(Nc3cc(-c4nocc4-c4cn[nH]c4C)ccn3)cc2)n1,7.89,1
CHEMBL3100086,Cc1ncn(-c2ccc(Nc3cc(-c4nocc4-c4c(C)n[nH]c4C)ccn3)cc2)n1,7.01,1
CHEMBL3220493,NC(=O)c1ccccc1Nc1nc(Nc2ccc(N3CCOCC3)cc2)ncc1Cl,9.0,1
CHEMBL3220495,COc1cc(N2CCOCC2)ccc1Nc1ncc(Cl)c(Nc2ccccc2C(N)=O)n1,8.52,1
CHEMBL3220502,NC(=O)c1ccccc1Nc1nc(Nc2ccc(N3CCCC3=O)cc2)ncc1Cl,9.62,1
CHEMBL3342907,O=C(Nc1ccccc1)c1cc(-c2ccccc2)[nH]n1,5.02,1
CHEMBL3342908,O=C(Nc1cc(Cl)ccc1Cl)c1cc(-c2ccccc2)[nH]n1,5.21,1
CHEMBL3342909,O=C(Nc1ccc([N+](=O)[O-])cc1)c1cc(-c2ccccc2)[nH]n1,5.01,1
CHEMBL3342910,COc1ccc(NC(=O)c2cc(-c3ccccc3)[nH]n2)cc1,5.09,1
CHEMBL3342912,O=C(Nc1ccc(Br)cc1)c1cc(-c2ccccc2)[nH]n1,5.23,1
CHEMBL3342913,O=C(Nc1ccc(Cl)c(F)c1)c1cc(-c2ccccc2)[nH]n1,5.51,1
CHEMBL3342914,Cc1cc(C)c(NC(=O)c2cc(-c3ccccc3)[nH]n2)c(C)c1,4.94,1
CHEMBL3342915,CC(=O)c1cccc(NC(=O)c2cc(-c3ccccc3)[nH]n2)c1,5.16,1
CHEMBL3342916,O=C(NCc1ccccc1)c1cc(-c2ccccc2)[nH]n1,5.04,1
CHEMBL3342917,O=C(NCc1ccc(Cl)c(Cl)c1)c1cc(-c2ccccc2)[nH]n1,5.24,1
CHEMBL3342918,O=C(NCc1ccc(F)cc1)c1cc(-c2ccccc2)[nH]n1,5.54,1
CHEMBL3342919,COc1ccc(CNC(=O)c2cc(-c3ccccc3)[nH]n2)cc1,5.21,1
CHEMBL3342920,COc1ccc(CNC(=O)c2cc(-c3ccccc3)[nH]n2)cc1OC,5.24,1
CHEMBL3342921,O=C(NCc1ccco1)c1cc(-c2ccccc2)[nH]n1,5.55,1
CHEMBL3342922,COc1ccc(-c2cc(NC(=O)c3cc(-c4ccccc4)[nH]n3)no2)cc1,5.5,1
CHEMBL3342924,O=C(Nc1ccc2[nH]c(S)nc2c1)c1cc(-c2ccccc2)[nH]n1,5.54,1
CHEMBL3342925,O=C(Nc1nccs1)c1cc(-c2ccccc2)[nH]n1,5.17,1
CHEMBL3342926,O=C(NC1CC1)c1cc(-c2ccccc2)[nH]n1,5.21,1
CHEMBL3342928,O=C(Nc1ccccn1)c1cc(-c2ccccc2)[nH]n1,5.05,1
CHEMBL3352845,CN(C)CCn1cc(NC(=O)c2cccc(-n3cc(NC(=O)Nc4ccccc4Cl)cn3)c2)cn1,6.12,1
CHEMBL3355145,Cc1ccc(NC(=O)c2cccc(-n3cc(NC(=O)Nc4ccccc4)cn3)c2)cn1,6.86,1
CHEMBL3355146,Cc1ccc(NC(=O)c2cccc(-n3cc(NC(=O)Nc4ccccc4Cl)cn3)c2)cn1,6.31,2
CHEMBL3355149,Cc1ccc(NC(=O)c2cccc(-n3cc(NC(=O)Nc4ccccc4F)cn3)c2)cn1,5.79,1
CHEMBL3355150,Cc1ccc(NC(=O)c2cccc(-n3cc(NC(=O)Nc4cccc(F)c4)cn3)c2)cn1,6.18,1
CHEMBL3355151,Cc1ccc(NC(=O)c2cccc(-n3cc(NC(=O)Nc4ccc(F)cc4)cn3)c2)cn1,6.4,1
CHEMBL3355156,Cc1ccc(NC(=O)c2ccc(F)c(-n3cc(NC(=O)Nc4ccccc4Cl)cn3)c2)cn1,5.62,1
CHEMBL3355158,Cc1ccc(NC(=O)c2cc(-n3cc(NC(=O)Nc4ccccc4Cl)cn3)ccc2F)cn1,6.75,1
CHEMBL3355159,Cc1ccc(NC(=O)c2cccc(-n3cc(NC(=O)Nc4ccccc4Cl)cn3)c2F)cn1,5.43,1
CHEMBL3355160,Cc1cncc(NC(=O)c2cccc(-n3cc(NC(=O)Nc4ccccc4Cl)cn3)c2)c1,5.66,1
CHEMBL3355161,Cc1ncccc1NC(=O)c1cccc(-n2cc(NC(=O)Nc3ccccc3Cl)cn2)c1,5.57,1
CHEMBL3355162,Cc1ccc(NC(=O)c2cccc(-n3cc(NC(=O)Nc4ccccc4Cl)cn3)c2)c(C)n1,5.99,1
CHEMBL3355165,Cc1cc(NC(=O)c2cccc(-n3cc(NC(=O)Nc4ccccc4Cl)cn3)c2)ccn1,5.56,1
CHEMBL3355166,Cc1cc(NC(=O)c2cccc(-n3cc(NC(=O)Nc4ccccc4Cl)cn3)c2)cc(C)n1,5.34,1
CHEMBL3355167,Cc1ncc(NC(=O)c2cccc(-n3cc(NC(=O)Nc4ccccc4Cl)cn3)c2)cn1,6.27,1
CHEMBL3355168,Cc1ccc(CNC(=O)c2cccc(-n3cc(NC(=O)Nc4ccccc4Cl)cn3)c2)cn1,5.11,1
CHEMBL3355169,Cn1cc(NC(=O)c2cccc(-n3cc(NC(=O)Nc4ccccc4Cl)cn3)c2)cn1,5.69,1
CHEMBL3355170,Cn1ccc(NC(=O)c2cccc(-n3cc(NC(=O)Nc4ccccc4Cl)cn3)c2)n1,5.58,1
CHEMBL3355171,Cn1nccc1NC(=O)c1cccc(-n2cc(NC(=O)Nc3ccccc3Cl)cn2)c1,5.5,1
CHEMBL3355172,Cc1nn(C)cc1NC(=O)c1cccc(-n2cc(NC(=O)Nc3ccccc3Cl)cn2)c1,5.89,1
CHEMBL3355173,Cn1cnc(NC(=O)c2cccc(-n3cc(NC(=O)Nc4ccccc4Cl)cn3)c2)n1,5.27,1
CHEMBL3355174,CC(C)n1cc(NC(=O)c2cccc(-n3cc(NC(=O)Nc4ccccc4Cl)cn3)c2)cn1,5.3,1
CHEMBL3355175,CCN(CC)CCn1cc(NC(=O)c2cccc(-n3cc(NC(=O)Nc4ccccc4Cl)cn3)c2)cn1,5.9,1
CHEMBL3355176,O=C(Nc1cnn(-c2cccc(C(=O)Nc3cnn(CCN4CCCC4)c3)c2)c1)Nc1ccccc1Cl,5.91,1
CHEMBL3355177,O=C(Nc1cnn(-c2cccc(C(=O)Nc3cnn(C4CCNCC4)c3)c2)c1)Nc1ccccc1Cl,6.47,2
CHEMBL3355178,O=C(Nc1cnn(-c2cccc(C(=O)Nc3cnn(C4CCNC4)c3)c2)c1)Nc1ccccc1Cl,6.28,3
CHEMBL3355179,CCN(CC)CCNC(=O)c1cccc(-n2cc(NC(=O)Nc3ccccc3Cl)cn2)c1,5.35,1
CHEMBL3355180,O=C(Nc1cnn(-c2cccc(C(=O)NCCCN3CCCC3)c2)c1)Nc1ccccc1Cl,5.33,1
CHEMBL3355183,O=C(Nc1cnn(-c2cccc(C(=O)NC3CNC3)c2)c1)Nc1ccccc1Cl,5.73,1
CHEMBL3355184,O=C(Nc1cnn(-c2cccc(C(=O)NC3CCNC3)c2)c1)Nc1ccccc1Cl,5.56,1
CHEMBL3393333,N#Cc1ccnc(Nc2cc(C3CCN(C4COC4)CC3)cc(N3CCC(F)(F)C3)n2)c1,6.89,1
CHEMBL3393595,CN(C)c1ccc(-c2cnc3[nH]cc(-c4cn[nH]c4)c3c2)cc1,7.0,1
CHEMBL3393596,Cn1cc(-c2c[nH]c3ncc([C@H]4CC[C@H](N5CCOCC5)CC4)cc23)cn1,7.13,1
CHEMBL3393597,Cn1cc(-c2c[nH]c3ncc([C@H]4CC[C@H](N5CCCOCC5)CC4)cc23)cn1,6.78,1
CHEMBL3393598,O=C(NCCN1CCN(C2CCC2)CC1)c1cccc(-n2ncc3cc(Nc4ccccc4Cl)ccc32)c1,6.01,1
CHEMBL3393599,COc1cc(NC(=O)c2cccc(-n3cc(NC(=O)Nc4cccc(C)c4)cn3)c2)cc(OC)c1OC,7.77,1
CHEMBL3393600,COc1ccc(CC(=O)Nc2cc3cc(-c4cnn(C)c4)ccc3cn2)cc1,9.1,1
CHEMBL3393604,COc1ccc2c(c1)OCC(C(=O)NC(=O)N(CC(=O)NCCCCCCNC(=O)c1ccc(-c3n[nH]c4ccccc34)cc1)CC(C)C)O2,6.96,1
CHEMBL3393605,Cc1ccc(NC(=O)c2ccc(NC(=O)/C=C/CN(C)C)cc2)cc1Nc1nccc(-c2cccnc2)n1,5.11,2
CHEMBL3393606,CN(C)C/C=C/C(=O)Nc1ccc(C(=O)Nc2cccc(Nc3nccc(-c4cccnc4)n3)c2)cc1,6.09,2
CHEMBL3393607,CN(C)C/C=C/C(=O)Nc1cccc(C(=O)Nc2ccc(Nc3nccc(-c4cccnc4)n3)cc2)c1,8.53,5
CHEMBL3393608,CN(C)C/C=C/C(=O)Nc1cccc(C(=O)Nc2ccc(Nc3nccc(-c4c(-c5ccccc5)nn5ccccc45)n3)cc2)c1,8.89,2
CHEMBL3545213,N#CC(c1ccnc(OCc2ccc(CN3CCOCC3)cc2)n1)c1nc2ccccc2s1,7.099999999999999,3
CHEMBL3577855,CC(C)n1c(=O)ccc2cnc(N[C@H]3CC[C@H](O)CC3)nc21,7.75,1
CHEMBL3577856,O[C@H]1CC[C@H](Nc2ncc3ccc(C4CC4)nc3n2)CC1,6.18,1
CHEMBL3577857,O[C@H]1CC[C@H](Nc2ncc3ccc(N4CCCC4)nc3n2)CC1,5.7,1
CHEMBL3577859,CC(C)n1c(=O)ccc2cnc(N3CCC(CO)CC3)nc21,5.8,1
CHEMBL3577861,CC(C)C[C@@H](Nc1ncc2ccc(=O)n(C(C)C)c2n1)C(=O)O,5.29,1
CHEMBL3577862,CC(C)n1c(=O)ccc2cnc(NC3CCOCC3)nc21,6.5,1
CHEMBL3577864,CC(C)n1c(=O)ccc2cnc(NC3CCNCC3)nc21,5.46,1
CHEMBL3577865,CC(C)n1c(=O)ccc2cnc(N[C@H]3CC[C@H](N)CC3)nc21,7.1,1
CHEMBL3577866,CC(C)C(=O)N[C@H]1CC[C@H](Nc2ncc3ccc(=O)n(C(C)C)c3n2)CC1,7.32,1
CHEMBL3577867,CCNC(=O)N[C@H]1CC[C@H](Nc2ncc3ccc(=O)n(C(C)C)c3n2)CC1,7.64,1
CHEMBL3577868,CC(C)NC(=O)N[C@H]1CC[C@H](Nc2ncc3ccc(=O)n(C(C)C)c3n2)CC1,7.68,1
CHEMBL3577869,CC(C)n1c(=O)ccc2cnc(N[C@H]3CC[C@H](NC(=O)NC4CCCC4)CC3)nc21,7.4,1
CHEMBL3577870,CC(C)C(=O)N[C@H]1CC[C@@H](Nc2ncc3ccc(=O)n(C(C)C)c3n2)CC1,6.77,1
CHEMBL3577871,CCNC(=O)N[C@H]1CC[C@@H](Nc2ncc3ccc(=O)n(C(C)C)c3n2)CC1,7.51,1
CHEMBL3577872,CC(C)C(=O)N1CCC(Nc2ncc3ccc(=O)n(C(C)C)c3n2)CC1,6.4,1
CHEMBL3577873,CCNC(=O)N1CCC(Nc2ncc3ccc(=O)n(C(C)C)c3n2)CC1,7.07,1
CHEMBL3577874,CC(C)NC(=O)N1CCC(Nc2ncc3ccc(=O)n(C(C)C)c3n2)CC1,7.44,1
CHEMBL3577875,CC(C)NC(=O)N[C@H]1CC[C@H](Nc2ncc3ccc(=O)[nH]c3n2)CC1,5.7,1
CHEMBL3577876,CC(C)NC(=O)N[C@H]1CC[C@H](Nc2ncc3ccc(=O)n(C)c3n2)CC1,6.52,1
CHEMBL3577877,CC(C)NC(=O)N[C@H]1CC[C@H](Nc2ncc3ccc(=O)n(C4CCCC4)c3n2)CC1,8.15,1
CHEMBL3577878,CC(C)NC(=O)N[C@H]1CC[C@H](Nc2ncc3ccc(=O)n(C4CCOCC4)c3n2)CC1,6.36,1
CHEMBL359806,COc1ccc(OC)c(CNc2[nH]nc3cccc(Oc4ccccc4)c23)c1,6.9,1
CHEMBL3603847,CN(C)C/C=C/C(=O)Nc1ccc(C(=O)Nc2cccc(Nc3ncc(Cl)c(-c4c[nH]c5ccccc45)n3)c2)cc1,6.26,1
CHEMBL3629013,N#Cc1ccnc(Nc2cc(C3CCN(C4COC4)CC3)n(C3CCCC3)n2)c1,5.98,1
CHEMBL363775,CC(=O)Nc1ccc(CNc2[nH]nc3cccc(Oc4ccccc4)c23)cc1,6.1,1
CHEMBL3639783,CN1CCN(c2ccc(C(=O)NCc3cn(-c4ccccc4)c4cc(Cl)ccc4c3=O)cn2)CC1,6.6,1
CHEMBL3640039,CC(C)(C)OC(=O)N[C@H]1CC[C@@H](NC(=O)NCc2cn(-c3ccccc3)c3cc(Cl)ccc3c2=O)CC1,6.7,1
CHEMBL3640040,CC(C)(C)OC(=O)N[C@H]1CC[C@H](NC(=O)NCc2cn(-c3ccccc3)c3cc(Cl)ccc3c2=O)CC1,6.16,1
CHEMBL3640041,CC(C)(C)OC(=O)N1CCC(NC(=O)NCc2cn(-c3ccccc3)c3cc(Cl)ccc3c2=O)C1,6.04,1
CHEMBL3640042,O=C(NCc1cn(-c2ccccc2)c2cc(Cl)ccc2c1=O)NC1CCCC1,6.04,1
CHEMBL3640043,COC(=O)[C@H]1CC[C@@H](NC(=O)NCc2cn(-c3ccccc3)c3cc(Cl)ccc3c2=O)CC1,5.96,1
CHEMBL3640044,O=C(NCc1cn(-c2ccccc2)c2cc(Cl)ccc2c1=O)N1CCCC1,5.92,1
CHEMBL3640045,CN1CCN(C(=O)NCc2cn(-c3ccccc3)c3cc(Cl)ccc3c2=O)CC1,5.85,1
CHEMBL3640046,O=C(NCc1cn(-c2ccccc2)c2cc(Cl)ccc2c1=O)N1CCNCC1,5.77,1
CHEMBL3640047,COC(=O)[C@H]1CC[C@H](NC(=O)NCc2cn(-c3ccccc3)c3cc(Cl)ccc3c2=O)CC1,5.7,1
CHEMBL3640048,O=C(NCc1cn(-c2ccccc2)c2cc(Cl)ccc2c1=O)N1CCC(c2ccccc2)CC1,5.68,1
CHEMBL3640049,O=C(NCc1cn(-c2ccccc2)c2cc(Cl)ccc2c1=O)NC1C2CC3CC1CC(O)(C3)C2,6.62,1
CHEMBL3640050,CC(C)(C)OC(=O)N1CCC(NC(=O)NCc2cn(-c3ccccc3)c3cc(Cl)ccc3c2=O)CC1,7.22,1
CHEMBL3640051,O=C(NCc1cn(-c2ccccc2)c2cc(Cl)ccc2c1=O)NC1CCN(C(=O)Oc2ccccc2)CC1,6.75,1
CHEMBL3640052,O=C(NCc1cn(-c2ccccc2)c2cc(Cl)ccc2c1=O)NC1CCN(C(=O)c2ccccc2)CC1,6.72,1
CHEMBL3640053,O=C(NCc1cn(-c2ccccc2)c2cc(Cl)ccc2c1=O)NC1CCN(C(=O)OCc2ccccc2)CC1,6.24,1
CHEMBL3640054,O=C(NCc1cn(-c2ccccc2)c2cc(Cl)ccc2c1=O)NC1CCN(S(=O)(=O)c2ccccc2)CC1,5.96,1
CHEMBL3640055,CS(=O)(=O)N1CCC(NC(=O)NCc2cn(-c3ccccc3)c3cc(Cl)ccc3c2=O)CC1,5.68,1
CHEMBL3640056,CC(=O)N1CCC(NC(=O)NCc2cn(-c3ccccc3)c3cc(Cl)ccc3c2=O)CC1,5.66,1
CHEMBL3640057,CS(=O)(=O)C1CCN(C(=O)N2CCC(NC(=O)NCc3cn(-c4ccccc4)c4cc(Cl)ccc4c3=O)CC2)CC1,5.8,1
CHEMBL3640058,O=C(NCc1cn(-c2ccccc2)c2cc(Cl)ccc2c1=O)N1CCOCC1,6.07,1
CHEMBL3640059,O=C(NCc1cn(-c2ccccc2)c2cc(Cl)ccc2c1=O)Nc1ccccc1,6.26,1
CHEMBL3640060,CN(C)c1ccc(NC(=O)NCc2cn(-c3ccccc3)c3cc(Cl)ccc3c2=O)cc1,6.2,1
CHEMBL3640061,COc1ccc(NC(=O)NCc2cn(-c3ccccc3)c3cc(Cl)ccc3c2=O)cc1,6.19,1
CHEMBL3640062,O=C(NCc1cn(-c2ccccc2)c2cc(Cl)ccc2c1=O)Nc1ccc(Cl)c(F)c1,5.96,1
CHEMBL3640063,O=C(NCc1cn(-c2ccccc2)c2cc(Cl)ccc2c1=O)Nc1ccc(OC(F)(F)F)cc1,5.75,1
CHEMBL3640064,COC(=O)c1ccc(NC(=O)NCc2cn(-c3ccccc3)c3cc(Cl)ccc3c2=O)cc1,5.57,1
CHEMBL3640065,COC(=O)c1c(CNc2nccc3ccccc23)c(=O)c2ccc(Cl)cc2n1-c1ccccc1,6.96,1
CHEMBL3640066,COC(=O)c1c(CNc2ncnc3ccccc23)c(=O)c2ccc(Cl)cc2n1-c1ccccc1,7.22,1
CHEMBL3640067,COC(=O)c1c(CNC(=O)N2CCOCC2)c(=O)c2ccc(Cl)cc2n1-c1ccccc1,6.82,1
CHEMBL3640068,COC(=O)c1c(CNC(=O)Oc2ccccc2)c(=O)c2ccc(Cl)cc2n1-c1ccccc1,5.96,1
CHEMBL3640069,COC(=O)c1c(CN(C)C(=O)c2ccc(S(C)(=O)=O)cc2)c(=O)c2ccc(Cl)cc2n1-c1ccccc1,6.04,1
CHEMBL3655582,CS(=O)(=O)CCCOc1cccn2c(-c3ccnc(N[C@H]4CC[C@H](C(=O)N5CCC(O)CC5)CC4)n3)cnc12,7.67,1
CHEMBL3655583,O=C([C@H]1CC[C@H](Nc2nccc(-c3cnc4c(OCc5ccccc5)cccn34)n2)CC1)N1CCC(O)CC1,7.48,1
CHEMBL3655584,CS(=O)(=O)N[C@H]1CC[C@H](Nc2nccc(-c3cnc4c(OCc5ccccc5)cccn34)n2)CC1,7.62,1
CHEMBL3655585,CCOC(=O)[C@H]1CC[C@H](Nc2nccc(-c3cnc4c(OCc5ccccc5)cccn34)n2)CC1,7.31,1
CHEMBL3655586,O[C@H]1CC[C@H](Nc2nccc(-c3cnc4c(OCc5ccccc5)cccn34)n2)CC1,7.57,1
CHEMBL3655587,CS(=O)(=O)N[C@H]1CC[C@H](Nc2nccc(-c3cnc4ccccn34)n2)CC1,7.25,1
CHEMBL3674683,CS(=O)(=O)N[C@H]1CC[C@H](Nc2nccc(-n3ccc4c(N5CCNCC5)cccc43)n2)CC1,6.26,2
CHEMBL3674684,O[C@H]1CC[C@H](Nc2nccc(-n3ccc4c(N5CCCCC5)cccc43)n2)CC1,6.605,2
CHEMBL3674685,CS(=O)(=O)N[C@H]1CC[C@H](Nc2nccc(-n3ccc4c(N5CCC(O)CC5)cccc43)n2)CC1,6.955,2
CHEMBL3674686,CC(=O)N1CCN(c2cccc3c2ccn3-c2ccnc(N[C@H]3CC[C@H](N(C)S(C)(=O)=O)CC3)n2)CC1,7.485,2
CHEMBL3674687,CS(=O)(=O)N[C@H]1CC[C@H](Nc2nccc(-n3ccc4c(N5CCN(C(N)=O)CC5)cccc43)n2)CC1,7.395,2
CHEMBL3674688,CS(=O)(=O)N[C@H]1CC[C@H](Nc2nccc(-n3ccc4c(N5CCN(S(N)(=O)=O)CC5)cccc43)n2)CC1,7.465,2
CHEMBL3674689,CC(=O)OCC(=O)N1CCN(c2cccc3c2ccn3-c2ccnc(N[C@H]3CC[C@H](NS(C)(=O)=O)CC3)n2)CC1,7.555,2
CHEMBL3674690,CC(C)(O)[C@H]1CC[C@H](Nc2nccc(-n3ccc4c(N5CCC(S(C)(=O)=O)CC5)cccc43)n2)CC1,8.12,2
CHEMBL3674691,CN(C)S(=O)(=O)N[C@H]1CC[C@H](Nc2nccc(-n3ccc4c(N5CCC(S(C)(=O)=O)CC5)cccc43)n2)CC1,8.059999999999999,2
CHEMBL3674692,CS(=O)(=O)C1CCN(c2cccc3c2ccn3-c2ccnc(N[C@H]3CC[C@](C)(O)CC3)n2)CC1,7.555,2
CHEMBL3674693,CCNC(=O)[C@H]1CC[C@H](Nc2nccc(-n3ccc4c(N5CCC(S(C)(=O)=O)CC5)cccc43)n2)CC1,7.845000000000001,2
CHEMBL3674694,CC(=O)N1CCN(c2cccc3c2ccn3-c2ccnc(N[C@H]3CC[C@H](C(=O)N4CCC(O)CC4)CC3)n2)[C@H](C)C1,7.1850000000000005,2
CHEMBL3674695,CC(C)(C)OC(=O)NCC(=O)N1CCN(c2cccc3c2ccn3-c2ccnc(N[C@H]3CC[C@H](NS(C)(=O)=O)CC3)n2)CC1,8.01,2
CHEMBL3674696,CN(C)CC(=O)N1CCN(c2cccc3c2ccn3-c2ccnc(N[C@H]3CC[C@H](NS(C)(=O)=O)CC3)n2)CC1,6.105,2
CHEMBL3674697,CS(=O)(=O)N[C@H]1CC[C@H](Nc2nccc(-n3ccc4c(N5CCN(C(=O)CN)CC5)cccc43)n2)CC1,6.715,2
CHEMBL3674698,N#CCC(=O)N1CCN(c2cccc3c2ccn3-c2ccnc(N[C@H]3CC[C@H](CN4CC[C@@H](O)C4)CC3)n2)CC1,7.985,2
CHEMBL3674699,CN(C)CCN([C@H]1CC[C@H](Nc2nccc(-n3ccc4c(N5CCN(C(=O)CC#N)CC5)cccc43)n2)CC1)S(C)(=O)=O,8.02,2
CHEMBL3674700,N#CCC(=O)N1CCN(c2cccc3c2ccn3-c2ccnc(N[C@H]3CC[C@H](CO)CC3)n2)CC1,8.295,2
CHEMBL3674701,N#CCC(=O)N1CCN(c2cccc3c2ccn3-c2ccnc(N[C@H]3CC[C@H](CN4CC[C@H](O)C4)CC3)n2)CC1,7.26,1
CHEMBL3674702,CC(=O)N1CCN(c2cccc3c2ccn3-c2ccnc(N[C@H]3CC[C@H](CN4CC[C@@H](O)C4)CC3)n2)CC1,6.28,1
CHEMBL3674703,CCOC1CCN(C(=O)[C@H]2CC[C@H](Nc3nccc(-n4ccc5c(N6CCC(S(C)(=O)=O)CC6)cccc54)n3)CC2)CC1,7.08,1
CHEMBL3674704,CCO[C@@H]1CCN(C(=O)[C@H]2CC[C@H](Nc3nccc(-n4ccc5c(N6CCC(S(C)(=O)=O)CC6)cccc54)n3)CC2)C1,7.64,2
CHEMBL3674705,CCO[C@H]1CCN(C(=O)[C@H]2CC[C@H](Nc3nccc(-n4ccc5c(N6CCC(S(C)(=O)=O)CC6)cccc54)n3)CC2)C1,7.49,2
CHEMBL3674706,N#CCC(=O)O[C@@H]1CCC[C@H](Nc2nccc(-n3ccc4c(N5CCN(C(=O)CC#N)CC5)cccc43)n2)C1,6.7,1
CHEMBL3674707,N#CCC(=O)N1CCN(c2cccc3c2ccn3-c2ccnc(N[C@H]3CCC[C@H](O)C3)n2)CC1,7.05,1
CHEMBL3674708,N#CCC(=O)N1CCN(c2cccc3c2ccn3-c2ccnc(N[C@H]3CCC[C@@H](O)C3)n2)CC1,6.75,1
CHEMBL3674709,N#CCC(=O)O[C@H]1CCC[C@H](Nc2nccc(-n3ccc4c(N5CCN(C(=O)CC#N)CC5)cccc43)n2)C1,6.78,1
CHEMBL3674710,CC(=O)N1CCN(c2cccc3c2ccn3-c2ccnc(NC3CCCCC3)n2)CC1,6.355,2
CHEMBL3674711,N#CCC(=O)N1CCN(c2cccc3c2ccn3-c2ccnc(NC3CCCCC3)n2)CC1,7.84,2
CHEMBL3674712,COCCO[C@H]1CC[C@H](Nc2nccc(-n3ccc4c(N5CCN(C(C)=O)CC5)cccc43)n2)CC1,6.39,1
CHEMBL3674713,COCCO[C@H]1CC[C@H](Nc2nccc(-n3ccc4c(N5CCN(C(=O)CC#N)CC5)cccc43)n2)CC1,7.46,1
CHEMBL3674714,CC(=O)N1CCN(c2cccc3c2ccn3-c2ccnc(N[C@H]3CC[C@H](CS(C)(=O)=O)CC3)n2)CC1,7.195,2
CHEMBL3674715,CS(=O)(=O)C[C@H]1CC[C@H](Nc2nccc(-n3ccc4c(N5CCN(C(=O)CC#N)CC5)cccc43)n2)CC1,8.245,2
CHEMBL3674716,CC(=O)N1CCN(c2cccc3c2ccn3-c2ccnc(N[C@H]3CC[C@H](C(C)(C)O)CC3)n2)CC1,6.37,1
CHEMBL3674717,CS(=O)(=O)N(CCO)[C@H]1CC[C@H](Nc2nccc(-n3ccc4c(N5CCN(C(=O)CC#N)CC5)cccc43)n2)CC1,7.72,1
CHEMBL3674718,CC(C)(O)[C@H]1CC[C@H](Nc2nccc(-n3ccc4c(N5CCN(C(=O)CC#N)CC5)cccc43)n2)CC1,7.48,1
CHEMBL3674719,CCN1CCN(C(=O)[C@H]2CC[C@H](Nc3nccc(-n4ccc5c(N6CCC(S(C)(=O)=O)CC6)cccc54)n3)CC2)CC1,7.44,1
CHEMBL3674720,CS(=O)(=O)C1CCN(c2cccc3c2ccn3-c2ccnc(N[C@H]3CC[C@H](C(=O)N4CCN(C5CC5)CC4)CC3)n2)CC1,7.53,1
CHEMBL3674721,CC(C)(C)N1CCN(C(=O)[C@H]2CC[C@H](Nc3nccc(-n4ccc5c(N6CCC(S(C)(=O)=O)CC6)cccc54)n3)CC2)CC1,7.26,1
CHEMBL3674722,CS(=O)(=O)C1CCN(c2cccc3c2ccn3-c2ccnc(N[C@H]3CC[C@H](C(=O)N4CCN(C5CCC5)CC4)CC3)n2)CC1,7.22,1
CHEMBL3674723,CS(=O)(=O)C1CCN(c2cccc3c2ccn3-c2ccnc(N[C@H]3CC[C@H](C(=O)N4CCN5CCCCC5C4)CC3)n2)CC1,7.81,1
CHEMBL3674724,CS(=O)(=O)C1CCN(c2cccc3c2ccn3-c2ccnc(N[C@H]3CC[C@H](C(=O)N4CCn5c(nnc5C(F)(F)F)C4)CC3)n2)CC1,8.325,2
CHEMBL3674725,CS(=O)(=O)C1CCN(c2cccc3c2ccn3-c2ccnc(N[C@H]3CC[C@H](C(=O)N4CCN5CCCC5C4)CC3)n2)CC1,7.66,1
CHEMBL3674726,CS(=O)(=O)C1CCN(c2cccc3c2ccn3-c2ccnc(N[C@H]3CC[C@H](C(=O)N4CCn5ccnc5C4)CC3)n2)CC1,7.82,1
CHEMBL3674727,N#CCC(=O)N1CCN(c2cccc3c2ccn3-c2ccnc(N[C@H]3CC[C@H](O)CC3)n2)CC1,8.0,2
CHEMBL3674728,CCN1CCN(C(=O)[C@H]2CC[C@H](Nc3nccc(-n4ccc5c(N6CCN(C(=O)CC#N)CC6)cccc54)n3)CC2)CC1,7.885,2
CHEMBL3674729,N#CCC(=O)N1CCN(c2cccc3c2ccn3-c2ccnc(N[C@H]3CC[C@@H](O)CC3)n2)CC1,7.425,2
CHEMBL3674730,N#CCC(=O)N1CCN(c2cccc3c2ccn3-c2ccnc(N[C@H]3CC[C@@H](O)C3)n2)CC1,6.09,1
CHEMBL3674731,N#CCC(=O)N1CCN(c2cccc3c2ccn3-c2ccnc(N[C@@H]3CC[C@H](O)C3)n2)CC1,6.24,1
CHEMBL3674732,N#CCC(=O)N1CCN(c2cccc3c2ccn3-c2ccnc(N[C@H]3CC[C@H](O)C3)n2)CC1,6.83,1
CHEMBL3674733,N#CCC(=O)N1CCN(c2cccc3c2ccn3-c2ccnc(N[C@@H]3CC[C@@H](O)C3)n2)CC1,6.98,1
CHEMBL3674734,CS(=O)(=O)C1CCN(c2cccc3c2ccn3-c2ccnc(N[C@H]3CC[C@@H](O)CC3)n2)CC1,7.165,2
CHEMBL3674735,CC(=O)N1CCN(c2cccc3c2c(C(N)=O)cn3-c2ccnc(N[C@H]3CC[C@H](O)CC3)n2)CC1,7.75,2
CHEMBL3674736,CC(=O)N1CCN(c2cccc3c2c(C(N)=O)cn3-c2ccnc(N[C@H]3CC[C@H](CS(C)(=O)=O)CC3)n2)CC1,7.86,1
CHEMBL3679421,O=C(NCc1c(-c2ncco2)n(-c2ccccc2)c2cc(Cl)ccc2c1=O)c1ccn(Cc2ccccc2)c(=O)c1,9.0,1
CHEMBL3679422,O=C(NCc1c(-c2ncco2)n(-c2ccccc2)c2cc(Cl)ccc2c1=O)c1ccnc(N2CCOCC2)c1,8.15,1
CHEMBL3679423,O=C(NCc1c(-c2ncco2)n(-c2ccccc2)c2cc(Cl)ccc2c1=O)c1ccc(N2CCOCC2)nc1,8.05,1
CHEMBL3679424,NC(=O)c1ccc(C(=O)NCc2c(-c3ncco3)n(-c3ccccc3)c3cc(Cl)ccc3c2=O)cc1,7.85,1
CHEMBL3679425,COC(=O)c1ccc(C(=O)NCc2c(-c3ncco3)n(-c3ccccc3)c3cc(Cl)ccc3c2=O)cn1,7.6,1
CHEMBL3679426,O=C(NCc1c(-c2ncco2)n(-c2ccccc2)c2cc(Cl)ccc2c1=O)c1ccc(Cl)nc1,7.54,1
CHEMBL3679427,O=C(NCc1c(-c2ncco2)n(-c2ccccc2)c2cc(Cl)ccc2c1=O)c1ccc(N2CCCCC2)nc1,7.85,1
CHEMBL3679428,O=C(NCc1c(-c2ncco2)n(-c2ccccc2)c2cc(Cl)ccc2c1=O)c1ccc2c(c1)OCO2,7.6,1
CHEMBL3679429,O=C(NCc1c(-c2ncco2)n(-c2ccccc2)c2ncccc2c1=O)c1ccn(Cc2ccccc2)c(=O)c1,8.4,1
CHEMBL3679430,O=C(NCc1c(-c2ncco2)n(-c2ccccc2)c2ncccc2c1=O)c1ccc(N2CCOCC2)nc1,7.54,1
CHEMBL3679431,Cn1cc(C(=O)NCc2c(-c3ncco3)n(-c3ccccc3)c3ncccc3c2=O)cn1,7.33,1
CHEMBL3679432,O=C(NCc1c(-c2ncco2)n(-c2ccccc2)c2ncccc2c1=O)c1ccc(N2CCC(CO)CC2)nc1,8.15,1
CHEMBL3679433,CN(C)C(=O)c1c(CNC(=O)c2ccc(N3CCOCC3)nc2)c(=O)c2ccc(Cl)cc2n1-c1ccccc1,7.46,1
CHEMBL3679434,CN(C)C(=O)c1c(CNC(=O)c2cnc(N3CCOCC3)s2)c(=O)c2ccc(Cl)cc2n1-c1ccccc1,7.44,1
CHEMBL3679435,COc1ccc(C(=O)NCc2c(C(=O)N(C)C)n(-c3ccccc3)c3cc(Cl)ccc3c2=O)cc1,7.19,1
CHEMBL3679436,CN(C)C(=O)c1c(CNC(=O)c2ccc3ncsc3c2)c(=O)c2ccc(Cl)cc2n1-c1ccccc1,7.18,1
CHEMBL3679437,CN(C)C(=O)c1c(CNC(=O)c2ccc(N3CCOCC3)cc2)c(=O)c2ccc(Cl)cc2n1-c1ccccc1,6.85,1
CHEMBL3679438,CN(C)C(=O)c1c(CNC(=O)c2ccc(-c3cnco3)cc2)c(=O)c2ccc(Cl)cc2n1-c1ccccc1,6.82,1
CHEMBL3679439,CN(C)C(=O)c1c(CNC(=O)c2ccc(S(C)(=O)=O)cc2)c(=O)c2ccc(Cl)cc2n1-c1ccccc1,6.75,1
CHEMBL3679440,CN(C)C(=O)c1c(CNC(=O)c2ccc(F)cc2)c(=O)c2ccc(Cl)cc2n1-c1ccccc1,6.62,1
CHEMBL3679441,CN(C)C(=O)c1c(CNC(=O)c2ccc3c(c2)OCCO3)c(=O)c2ccc(Cl)cc2n1-c1ccccc1,6.34,1
CHEMBL3679442,CN(C)C(=O)c1c(CNC(=O)c2ccn(Cc3ccccc3)c(=O)c2)c(=O)c2ccc(Cl)cc2n1-c1ccccc1,6.48,1
CHEMBL3679443,CN(C)C(=O)c1c(CNC(=O)c2cnn(C)c2)c(=O)c2ccc(Cl)cc2n1-c1ccccc1,6.11,1
CHEMBL3679444,CN(C)C(=O)c1c(CNC(=O)c2ccc(N3CCC(CO)CC3)nc2)c(=O)c2ccc(Cl)cc2n1-c1ccccc1,6.85,1
CHEMBL3679445,CN(C)C(=O)c1c(CNC(=O)c2ccc(N3CCC(CCO)CC3)nc2)c(=O)c2ccc(Cl)cc2n1-c1ccccc1,7.29,1
CHEMBL3679446,CN(C)C(=O)c1c(CNC(=O)c2cnc(N3CCC(CO)CC3)s2)c(=O)c2ccc(Cl)cc2n1-c1ccccc1,7.01,1
CHEMBL3679447,CN(C)C(=O)c1c(CNC(=O)c2cnc(N3CCC(CCO)CC3)s2)c(=O)c2ccc(Cl)cc2n1-c1ccccc1,7.09,1
CHEMBL3679448,CN(C)C(=O)c1c(CNC(=O)c2ccc(N3CCCCC3)nc2)c(=O)c2ccc(Cl)cc2n1-c1ccccc1,7.04,1
CHEMBL3679449,O=C(NCc1cn(-c2ccccc2)c2cc(Cl)ccc2c1=O)c1ccn(Cc2ccccc2)c(=O)c1,7.89,1
CHEMBL3679450,Cn1cc(C(=O)NCc2cn(-c3ccccc3)c3cc(Cl)ccc3c2=O)cn1,7.75,1
CHEMBL3679451,O=C(NCc1cn(-c2ccccc2)c2cc(Cl)ccc2c1=O)c1ccnc(N2CCOCC2)c1,7.51,1
CHEMBL3679452,O=C(NCc1cn(-c2ccccc2)c2cc(Cl)ccc2c1=O)c1ccnc(N2CCCC2)c1,7.42,1
CHEMBL3679453,O=C(NCc1cn(-c2ccccc2)c2cc(Cl)ccc2c1=O)c1ccc2nc[nH]c2c1,7.39,1
CHEMBL3679454,O=C(NCc1cn(-c2ccccc2)c2cc(Cl)ccc2c1=O)c1ccn(Cc2ccc(Cl)cc2)c(=O)c1,7.36,1
CHEMBL3679455,COc1ccc(C(=O)NCc2cn(-c3ccccc3)c3cc(Cl)ccc3c2=O)cn1,7.27,1
CHEMBL3679456,NS(=O)(=O)c1ccc(C(=O)NCc2cn(-c3ccccc3)c3cc(Cl)ccc3c2=O)cn1,7.26,1
CHEMBL3679457,O=C(NCc1cn(-c2ccccc2)c2cc(Cl)ccc2c1=O)c1cnn(-c2ccccc2)c1,7.14,1
CHEMBL3679458,COc1cccc(Cn2ccc(C(=O)NCc3cn(-c4ccccc4)c4cc(Cl)ccc4c3=O)cc2=O)c1,7.14,1
CHEMBL3679459,O=C(NCc1cn(-c2ccccc2)c2cc(Cl)ccc2c1=O)c1ccn(Cc2ccccc2Cl)c(=O)c1,7.12,1
CHEMBL3679460,O=C(NCc1cn(-c2ccccc2)c2cc(Cl)ccc2c1=O)c1ccc(N2CCOCC2)nc1,7.08,1
CHEMBL3679461,CN(C)c1cc(C(=O)NCc2cn(-c3ccccc3)c3cc(Cl)ccc3c2=O)ccn1,7.06,1
CHEMBL3679462,O=C(NCc1cn(-c2ccccc2)c2cc(Cl)ccc2c1=O)c1ccc2scnc2c1,7.05,1
CHEMBL3679463,O=C(NCc1cn(-c2ccccc2)c2cc(Cl)ccc2c1=O)c1ccc(-c2nnc[nH]2)cc1,7.0,1
CHEMBL3679464,O=C(NCc1cn(-c2ccccc2)c2cc(Cl)ccc2c1=O)c1ccn(Cc2cccc(Cl)c2)c(=O)c1,6.96,1
CHEMBL3679465,Cn1cnc2cc(C(=O)NCc3cn(-c4ccccc4)c4cc(Cl)ccc4c3=O)cnc21,6.96,1
CHEMBL3679466,O=C(NCc1cn(-c2ccccc2)c2cc(Cl)ccc2c1=O)c1ccc2cc[nH]c2c1,6.85,1
CHEMBL3679467,O=C(NCc1cn(-c2ccccc2)c2cc(Cl)ccc2c1=O)c1ccc(-c2cnco2)cc1,6.77,1
CHEMBL3679468,COc1ccccc1Cn1ccc(C(=O)NCc2cn(-c3ccccc3)c3cc(Cl)ccc3c2=O)cc1=O,6.75,1
CHEMBL3679469,O=C(NCc1cn(-c2ccccc2)c2cc(Cl)ccc2c1=O)c1cnc2nc[nH]c2c1,6.64,1
CHEMBL3679470,NC(=O)c1ccc(C(=O)NCc2cn(-c3ccccc3)c3cc(Cl)ccc3c2=O)cc1,6.52,1
CHEMBL3679471,CC(C)(C)OC(=O)N1CCC(C(=O)NCc2cn(-c3ccccc3)c3cc(Cl)ccc3c2=O)C1,6.48,1
CHEMBL3679472,O=C(NCc1cn(-c2ccccc2)c2cc(Cl)ccc2c1=O)c1ccc(=O)n(Cc2ccccc2)c1,6.42,1
CHEMBL3679473,Cn1cc(C(=O)NCc2cn(-c3ccccc3)c3cc(Cl)ccc3c2=O)nn1,6.25,1
CHEMBL3679474,Cn1ccc(C(=O)NCc2cn(-c3ccccc3)c3cc(Cl)ccc3c2=O)cc1=O,6.17,1
CHEMBL3679475,O=C(NCc1cn(-c2ccccc2)c2cc(Cl)ccc2c1=O)c1cn(Cc2ccccc2)nn1,6.16,1
CHEMBL3679476,O=C(NCc1cn(-c2ccccc2)c2cc(Cl)ccc2c1=O)c1cnc(N2CCOCC2)nc1,6.72,1
CHEMBL3679477,COc1ccc(C(=O)NCc2cn(-c3ccccc3)c3cc(Cl)ccc3c2=O)cc1OC,7.1,1
CHEMBL3679478,O=C(NCc1cn(-c2ccccc2)c2cc(Cl)ccc2c1=O)c1cc(F)cc(F)c1,6.2,1
CHEMBL3679479,O=C(NCc1cn(-c2ccccc2)c2cc(Cl)ccc2c1=O)c1cccc(F)c1F,5.77,1
CHEMBL3679480,O=C(NCc1cn(-c2ccccc2)c2cc(Cl)ccc2c1=O)c1cc(F)ccc1F,5.72,1
CHEMBL3679481,O=C(NCc1cn(-c2ccccc2)c2cc(Cl)ccc2c1=O)c1ccc(Cl)nc1,6.37,1
CHEMBL3679482,CC(C)(C)OC(=O)N1CC2CC1CN2c1ccc(C(=O)NCc2cn(-c3ccccc3)c3cc(Cl)ccc3c2=O)cn1,7.96,1
CHEMBL3679483,O=C(NCc1cn(-c2ccccc2)c2cc(Cl)ccc2c1=O)c1ccc(N2CCC(CCO)CC2)nc1,7.77,1
CHEMBL3679484,O=C(NCc1cn(-c2ccccc2)c2cc(Cl)ccc2c1=O)c1ccc(N(CCO)CCO)nc1,7.75,1
CHEMBL3679485,O=C(NCc1cn(-c2ccccc2)c2cc(Cl)ccc2c1=O)c1ccc(N2CCCCC2)nc1,7.72,1
CHEMBL3679486,CN(CCO)c1ccc(C(=O)NCc2cn(-c3ccccc3)c3cc(Cl)ccc3c2=O)cn1,7.72,1
CHEMBL3679487,O=C(NCc1cn(-c2ccccc2)c2cc(Cl)ccc2c1=O)c1ccc(N2CCC(CO)CC2)nc1,7.7,1
CHEMBL3679488,O=C(NCc1cn(-c2ccccc2)c2cc(Cl)ccc2c1=O)c1ccc(N2CCCCCC2)nc1,7.68,1
CHEMBL3679489,CS(=O)(=O)C1CCN(c2ccc(C(=O)NCc3cn(-c4ccccc4)c4cc(Cl)ccc4c3=O)cn2)CC1,7.62,1
CHEMBL3679490,O=C(NCc1cn(-c2ccccc2)c2cc(Cl)ccc2c1=O)c1ccc(N2CC[C@@H](O)C2)nc1,7.62,1
CHEMBL3679491,COC1CCN(c2ccc(C(=O)NCc3cn(-c4ccccc4)c4cc(Cl)ccc4c3=O)cn2)CC1,7.58,1
CHEMBL3679492,CNC(=O)C1CCN(c2ccc(C(=O)NCc3cn(-c4ccccc4)c4cc(Cl)ccc4c3=O)cn2)CC1,7.57,1
CHEMBL3679493,NC(=O)N1CCN(c2ccc(C(=O)NCc3cn(-c4ccccc4)c4cc(Cl)ccc4c3=O)cn2)CC1,7.54,1
CHEMBL3679494,COCCNc1ccc(C(=O)NCc2cn(-c3ccccc3)c3cc(Cl)ccc3c2=O)cn1,7.52,1
CHEMBL3679495,CN(C)C1CCN(c2ccc(C(=O)NCc3cn(-c4ccccc4)c4cc(Cl)ccc4c3=O)cn2)CC1,7.51,1
CHEMBL3679496,O=C(NCc1cn(-c2ccccc2)c2cc(Cl)ccc2c1=O)c1ccc(N2CCC(O)CC2)nc1,7.47,1
CHEMBL3679497,O=C(NCc1cn(-c2ccccc2)c2cc(Cl)ccc2c1=O)c1ccc(NCCO)nc1,7.33,1
CHEMBL3679498,O=C(NCc1cn(-c2ccccc2)c2cc(Cl)ccc2c1=O)c1ccc(NC2CCOCC2)nc1,7.31,1
CHEMBL3679499,CN(C)c1ccc(C(=O)NCc2cn(-c3ccccc3)c3cc(Cl)ccc3c2=O)cn1,7.26,1
CHEMBL3679500,O=C(NCc1cn(-c2ccccc2)c2cc(Cl)ccc2c1=O)c1ccc(N2CCS(=O)(=O)CC2)nc1,7.25,1
CHEMBL3679501,CC(C)(C)OC(=O)NC1CCN(c2ccc(C(=O)NCc3cn(-c4ccccc4)c4cc(Cl)ccc4c3=O)cn2)CC1,7.19,1
CHEMBL3679502,CN1CCCN(c2ccc(C(=O)NCc3cn(-c4ccccc4)c4cc(Cl)ccc4c3=O)cn2)CC1,7.15,1
CHEMBL3679503,O=C(NCc1cn(-c2ccccc2)c2cc(Cl)ccc2c1=O)c1ccc(N2CCN(CCO)CC2)nc1,7.09,1
CHEMBL3679504,O=C(NCc1cn(-c2ccccc2)c2cc(Cl)ccc2c1=O)c1ccc(N2CCCC2)nc1,7.0,1
CHEMBL3679505,O=C(NCc1cn(-c2ccccc2)c2cc(Cl)ccc2c1=O)c1ccc(N2CCNCC2)nc1,6.96,1
CHEMBL3679506,NC(=O)C1CCN(c2ccc(C(=O)NCc3cn(-c4ccccc4)c4cc(Cl)ccc4c3=O)cn2)CC1,6.96,1
CHEMBL3679507,O=C(NCc1cn(-c2ccccc2)c2cc(Cl)ccc2c1=O)c1ccc(N2CC[C@H](O)C2)nc1,6.92,1
CHEMBL3679508,O=C(NCc1cn(-c2ccccc2)c2cc(Cl)ccc2c1=O)c1ccc(N2CC3CC2CN3)nc1,6.62,1
CHEMBL3679509,NC1CCN(c2ccc(C(=O)NCc3cn(-c4ccccc4)c4cc(Cl)ccc4c3=O)cn2)CC1,6.89,1
CHEMBL3679510,O=C(NCc1cn(-c2ccccc2)c2cc(Cl)ccc2c1=O)c1cnc(N2CCCCC2)s1,7.8,1
CHEMBL3679511,CS(=O)(=O)C1CCN(c2ncc(C(=O)NCc3cn(-c4ccccc4)c4cc(Cl)ccc4c3=O)s2)CC1,7.68,1
CHEMBL3679512,O=C(NCc1cn(-c2ccccc2)c2cc(Cl)ccc2c1=O)c1cnc(N2CCC(CO)CC2)s1,7.48,1
CHEMBL3679513,O=C(NCc1cn(-c2ccccc2)c2cc(Cl)ccc2c1=O)c1cnc(N2CCC(O)CC2)s1,7.44,1
CHEMBL3679514,CN1CCN(c2ncc(C(=O)NCc3cn(-c4ccccc4)c4cc(Cl)ccc4c3=O)s2)CC1,7.4,1
CHEMBL3679515,O=C(NCc1cn(-c2ccccc2)c2cc(Cl)ccc2c1=O)c1cnc(N2CCOCC2)s1,7.26,1
CHEMBL3679516,O=C(NCc1cn(-c2ccccc2)c2cc(Cl)ccc2c1=O)c1cnc(N2CCS(=O)(=O)CC2)s1,7.16,1
CHEMBL3679517,CC(C)(O)CNC(=O)c1ccc(C(=O)NCc2cn(-c3ccccc3)c3cc(Cl)ccc3c2=O)cc1,6.66,1
CHEMBL3679518,O=C(NCc1cn(-c2ccccc2)c2cc(Cl)ccc2c1=O)c1ccc(C(=O)NC2C3CC4CC2CC(O)(C4)C3)cc1,7.28,1
CHEMBL3679519,O=C(NCc1cn(-c2ccccc2Cl)c2cc(Cl)ccc2c1=O)c1ccc(N2CCOCC2)cc1,7.05,1
CHEMBL3679520,O=C(NCc1cn(-c2ccccc2Cl)c2cc(Cl)ccc2c1=O)c1ccc(Br)nc1,6.22,1
CHEMBL3679521,O=C(NCc1cn(-c2ccccc2Cl)c2cc(Cl)ccc2c1=O)c1ccc(-c2cn[nH]c2)nc1,6.13,1
CHEMBL3679522,O=C(NCc1cn(-c2ccccc2F)c2cc(F)ccc2c1=O)c1cnn(-c2ccccc2)c1,7.4,1
CHEMBL3679523,Cn1cc(C(=O)NCc2cn(-c3ccccc3F)c3cc(F)ccc3c2=O)cn1,6.92,1
CHEMBL3679524,O=C(NCc1cn(-c2ccccc2F)c2cc(F)ccc2c1=O)c1ccc(Cl)nc1,6.82,1
CHEMBL3679525,O=C(NCc1cn(-c2ccccc2F)c2cc(F)ccc2c1=O)c1ccc(N2CCC(CO)CC2)nc1,7.28,1
CHEMBL3679526,O=C(NCc1cn(-c2ccccc2F)c2cc(F)ccc2c1=O)c1ccc(N2CCS(=O)(=O)CC2)nc1,7.0,1
CHEMBL3679527,O=C(NCc1cn(-c2ccccc2F)c2cc(F)ccc2c1=O)c1ccc(N2CCOCC2)nc1,6.92,1
CHEMBL3679528,COC(=O)c1c(CNC(=O)c2ccc(S(C)(=O)=O)cc2)c(=O)c2ccc(Cl)cc2n1-c1ccccc1,8.4,1
CHEMBL3679529,COC(=O)c1c(CNC(=O)c2ccc(-c3cnco3)cc2)c(=O)c2ccc(Cl)cc2n1-c1ccccc1,8.4,1
CHEMBL3679530,COC(=O)c1c(CNC(=O)c2ccc(-c3nnc[nH]3)cc2)c(=O)c2ccc(Cl)cc2n1-c1ccccc1,8.3,1
CHEMBL3679531,COC(=O)c1c(CNC(=O)c2ccc(N3CCOCC3)nc2)c(=O)c2ccc(Cl)cc2n1-c1ccccc1,8.22,1
CHEMBL3679532,COC(=O)c1c(CNC(=O)c2ccc3scnc3c2)c(=O)c2ccc(Cl)cc2n1-c1ccccc1,8.15,1
CHEMBL3679533,COC(=O)c1c(CNC(=O)c2ccc(-c3ncc[nH]3)cc2)c(=O)c2ccc(Cl)cc2n1-c1ccccc1,8.15,1
CHEMBL3679534,COC(=O)c1c(CNC(=O)c2ccc(S(N)(=O)=O)cc2)c(=O)c2ccc(Cl)cc2n1-c1ccccc1,8.1,1
CHEMBL3679535,COC(=O)c1c(CNC(=O)c2cnc(N3CCOCC3)s2)c(=O)c2ccc(Cl)cc2n1-c1ccccc1,8.1,1
CHEMBL3679536,COC(=O)c1c(CNC(=O)c2ccc(C(N)=O)cc2)c(=O)c2ccc(Cl)cc2n1-c1ccccc1,8.0,1
CHEMBL3679537,CNC(=O)c1ccc(C(=O)NCc2c(C(=O)OC)n(-c3ccccc3)c3cc(Cl)ccc3c2=O)cc1,7.96,1
CHEMBL3679538,COC(=O)c1c(CNC(=O)c2cnn(Cc3ccccc3)c2)c(=O)c2ccc(Cl)cc2n1-c1ccccc1,7.89,1
CHEMBL3679539,COC(=O)c1c(CNC(=O)c2ccc3cc[nH]c3c2)c(=O)c2ccc(Cl)cc2n1-c1ccccc1,7.82,1
CHEMBL3679540,COC(=O)c1c(CNC(=O)c2cnn(C)c2)c(=O)c2ccc(Cl)cc2n1-c1ccccc1,7.82,1
CHEMBL3679541,COC(=O)c1c(CNC(=O)c2ccc(-c3cc[nH]n3)cc2)c(=O)c2ccc(Cl)cc2n1-c1ccccc1,7.82,1
CHEMBL3679542,COC(=O)c1c(CNC(=O)c2ccc(N3CCOCC3)cc2)c(=O)c2ccc(Cl)cc2n1-c1ccccc1,7.8,1
CHEMBL3679543,COC(=O)c1c(CNC(=O)c2ccc(-c3cnns3)cc2)c(=O)c2ccc(Cl)cc2n1-c1ccccc1,7.77,1
CHEMBL3679544,COC(=O)c1c(CNC(=O)c2ccc(-c3noc(C)n3)cc2)c(=O)c2ccc(Cl)cc2n1-c1ccccc1,7.66,1
CHEMBL3679545,COC(=O)c1c(CNC(=O)c2ccc(-c3nc(C)no3)cc2)c(=O)c2ccc(Cl)cc2n1-c1ccccc1,7.54,1
CHEMBL3679546,COC(=O)c1c(CNC(=O)c2ccc(-c3csc(C)n3)cc2)c(=O)c2ccc(Cl)cc2n1-c1ccccc1,7.51,1
CHEMBL3679547,COC(=O)c1c(CNC(=O)C2CCN(C(=O)OC(C)(C)C)CC2)c(=O)c2ccc(Cl)cc2n1-c1ccccc1,7.46,1
CHEMBL3679548,COC(=O)c1c(CNC(=O)c2ccc(-c3nnn(C)n3)cc2)c(=O)c2ccc(Cl)cc2n1-c1ccccc1,7.3,1
CHEMBL3679549,COC(=O)c1c(CNC(=O)C2CCN(C(C)=O)CC2)c(=O)c2ccc(Cl)cc2n1-c1ccccc1,6.66,1
CHEMBL3679550,COC(=O)c1c(CNC(=O)C2CCN(S(C)(=O)=O)CC2)c(=O)c2ccc(Cl)cc2n1-c1ccccc1,6.19,1
CHEMBL3679551,COC(=O)c1c(CNC(=O)c2ccc(Cl)cc2)c(=O)c2ccc(Cl)cc2n1-c1ccccc1,7.82,1
CHEMBL3679552,COC(=O)c1ccc(C(=O)NCc2c(C(=O)OC)n(-c3ccccc3)c3cc(Cl)ccc3c2=O)cc1,8.22,1
CHEMBL3679553,COC(=O)c1c(CNC(=O)c2ccc(OC)cc2)c(=O)c2ccc(Cl)cc2n1-c1ccccc1,8.15,1
CHEMBL3679554,COC(=O)c1c(CNC(=O)c2cccc(OC)c2)c(=O)c2ccc(Cl)cc2n1-c1ccccc1,8.1,1
CHEMBL3679555,COC(=O)c1c(CNC(=O)c2ccncc2)c(=O)c2ccc(Cl)cc2n1-c1ccccc1,7.92,1
CHEMBL3679556,COC(=O)c1c(CNC(=O)c2ccc(F)c(F)c2)c(=O)c2ccc(Cl)cc2n1-c1ccccc1,7.92,1
CHEMBL3679557,COC(=O)c1c(CNC(=O)c2cccc(F)c2)c(=O)c2ccc(Cl)cc2n1-c1ccccc1,7.89,1
CHEMBL3679558,COC(=O)c1c(CNC(=O)c2cccnc2)c(=O)c2ccc(Cl)cc2n1-c1ccccc1,7.89,1
CHEMBL3679559,COC(=O)c1c(CNC(=O)c2ccc(F)cc2)c(=O)c2ccc(Cl)cc2n1-c1ccccc1,7.85,1
CHEMBL3679560,COC(=O)c1c(CNC(=O)c2ccc(F)c(Cl)c2)c(=O)c2ccc(Cl)cc2n1-c1ccccc1,7.82,1
CHEMBL3679561,COC(=O)c1c(CNC(=O)c2cccc(Cl)c2)c(=O)c2ccc(Cl)cc2n1-c1ccccc1,7.77,1
CHEMBL3679562,COC(=O)c1c(CNC(=O)c2ccc(OC)c(OC)c2)c(=O)c2ccc(Cl)cc2n1-c1ccccc1,7.41,1
CHEMBL3679563,COC(=O)c1c(CNC(=O)c2ccc(Cl)c(Cl)c2)c(=O)c2ccc(Cl)cc2n1-c1ccccc1,7.32,1
CHEMBL3679564,COC(=O)c1c(CNC(=O)c2ccccc2F)c(=O)c2ccc(Cl)cc2n1-c1ccccc1,7.19,1
CHEMBL3679565,COC(=O)c1c(CNC(=O)c2ccccn2)c(=O)c2ccc(Cl)cc2n1-c1ccccc1,7.0,1
CHEMBL3679566,COC(=O)c1c(CNC(=O)C(C)C)c(=O)c2ccc(Cl)cc2n1-c1ccccc1,6.7,1
CHEMBL3679567,COC(=O)c1c(CNC(=O)c2ccccc2Cl)c(=O)c2ccc(Cl)cc2n1-c1ccccc1,6.37,1
CHEMBL3679568,COC(=O)c1c(CNC(=O)c2ccccc2OC)c(=O)c2ccc(Cl)cc2n1-c1ccccc1,6.17,1
CHEMBL3679569,COC(=O)c1c(CNC(=O)c2ccccc2)c(=O)c2ccc(Cl)cc2n1-c1ccccc1,7.92,1
CHEMBL3679570,COC(=O)c1c(CNC(=O)c2ccccc2)c(=O)c2ccccc2n1-c1ccccc1,7.41,1
CHEMBL3679571,COC(=O)c1c(CNC(=O)c2ccc(N3CCOCC3)nc2)c(=O)c2ccc(C(F)(F)F)nc2n1-c1ccccc1,7.75,1
CHEMBL3679572,COC(=O)c1c(CNC(=O)c2ccc(-c3ncc[nH]3)cc2)c(=O)c2ccc(C(F)(F)F)nc2n1-c1ccccc1,7.64,1
CHEMBL3679573,COC(=O)c1c(CNC(=O)c2ccc(S(N)(=O)=O)cc2)c(=O)c2ccc(C(F)(F)F)nc2n1-c1ccccc1,7.58,1
CHEMBL3679574,COC(=O)c1c(CNC(=O)c2ccc(C(N)=O)cc2)c(=O)c2ccc(C(F)(F)F)nc2n1-c1ccccc1,7.57,1
CHEMBL3679575,COC(=O)c1c(CNC(=O)c2ccc(-c3cc[nH]n3)cc2)c(=O)c2ccc(C(F)(F)F)nc2n1-c1ccccc1,7.52,1
CHEMBL3679576,COC(=O)c1c(CNC(=O)c2ccc(-c3nnn(C)n3)cc2)c(=O)c2ccc(C(F)(F)F)nc2n1-c1ccccc1,7.42,1
CHEMBL3679577,COC(=O)c1c(CNC(=O)c2ccc3cc[nH]c3c2)c(=O)c2ccc(C(F)(F)F)nc2n1-c1ccccc1,7.1,1
CHEMBL3679578,COC(=O)c1c(CNC(=O)c2ccc(Cl)c(Cl)c2)c(=O)c2ccc(C(F)(F)F)nc2n1-c1ccccc1,6.77,1
CHEMBL3679579,COC(=O)c1c(CNC(=O)c2cccc(Cl)c2)c(=O)c2ccc(OC)cc2n1-c1ccccc1,7.58,1
CHEMBL3679580,COC(=O)c1c(CNC(=O)c2cccc(OC)c2)c(=O)c2ccc(OC)cc2n1-c1ccccc1,7.5,1
CHEMBL3679581,COC(=O)c1c(CNC(=O)c2ccc(F)c(F)c2)c(=O)c2ccc(OC)cc2n1-c1ccccc1,7.41,1
CHEMBL3679582,COC(=O)c1c(CNC(=O)c2ccc(C(C)(C)C)cc2)c(=O)c2ccc(OC)cc2n1-c1ccccc1,7.33,1
CHEMBL3679583,COC(=O)c1c(CNC(=O)c2ccc(OC)cc2)c(=O)c2ccc(OC)cc2n1-c1ccccc1,7.27,1
CHEMBL3679584,COC(=O)c1c(CNC(=O)c2cccnc2)c(=O)c2ccc(OC)cc2n1-c1ccccc1,7.19,1
CHEMBL3679585,COC(=O)c1c(CNC(=O)c2ccc(F)cc2)c(=O)c2ccc(OC)cc2n1-c1ccccc1,7.14,1
CHEMBL3679586,COC(=O)c1c(CNC(=O)c2ccc(N(C)C)cc2)c(=O)c2ccc(OC)cc2n1-c1ccccc1,6.75,1
CHEMBL3679587,COC(=O)c1c(CNC(=O)c2ccc(Cl)cc2)c(=O)c2ccc(OC)cc2n1-c1ccccc1,7.0,1
CHEMBL3679588,COC(=O)c1c(CNC(=O)c2ccc(N3CCOCC3)nc2)c(=O)c2ccc(F)cc2n1-c1ccccc1,8.4,1
CHEMBL3679589,COC(=O)c1c(CNC(=O)c2ccc(Cl)nc2)c(=O)c2ccc(F)cc2n1-c1ccccc1,8.0,1
CHEMBL3679590,COc1cc2ncnc(NCc3cn(-c4ccccc4)c4cc(Cl)ccc4c3=O)c2cc1OC,7.64,1
CHEMBL3679591,O=c1c(CNc2ncnc3cc(F)ccc23)cn(-c2ccccc2)c2cc(Cl)ccc12,7.1,1
CHEMBL3679592,O=c1c(CNc2cc(N3CCCCC3)ncn2)cn(-c2ccccc2)c2cc(Cl)ccc12,6.654999999999999,2
CHEMBL3679593,O=c1c(CNc2nc3ccccc3s2)cn(-c2ccccc2)c2cc(Cl)ccc12,6.16,1
CHEMBL3679594,O=c1c(CNc2nc3ccccc3[nH]2)cn(-c2ccccc2)c2cc(Cl)ccc12,6.07,1
CHEMBL3679595,N#CN/C(=N\Cc1cn(-c2ccccc2)c2cc(Cl)ccc2c1=O)N1CCOCC1,5.92,1
CHEMBL3679596,N#CN/C(=N\Cc1cn(-c2ccccc2)c2cc(Cl)ccc2c1=O)Nc1ccccc1,5.57,1
CHEMBL3679597,O=C(NCc1cn(-c2ccccc2)c2cc(Cl)ccc2c1=O)Oc1ccccc1,5.7,1
CHEMBL3679598,O=C(NCc1cn(-c2ccccc2)c2cc(Cl)ccc2c1=O)N1CCN(c2ccccc2)CC1,6.92,1
CHEMBL373740,CCOc1nc(C(=O)NCc2ccc(S(C)(=O)=O)cc2)cc(N)c1C#C/C=C/CO,5.81,2
CHEMBL374193,CS(=O)(=O)c1ccc(CNC(=O)c2cc(N)c(C#N)c(-c3cccc(S(C)(=O)=O)c3)n2)cc1,7.37,2
CHEMBL374269,CS(=O)(=O)c1ccc(CNC(=O)c2cc(N)c(C#N)c(OCC3CC3)n2)cc1,7.64,3
CHEMBL374431,CS(=O)(=O)c1ccc(CNC(=O)c2cc(N)c(C#N)c(OCC3CCCC3)n2)cc1,6.41,2
CHEMBL374447,CS(=O)(=O)c1ccc(CNC(=O)c2cc(N)c(C#N)c(-c3ccncc3)n2)cc1,6.28,2
CHEMBL3745734,CN1CCN(c2ccc(Nc3ncc4cc(Oc5ccc(F)cc5F)c(=O)n(C)c4n3)cc2)CC1,5.48,1
CHEMBL3745852,COc1nc2nc(NC3CC3)ncc2cc1Oc1ccc(F)cc1F,5.14,1
CHEMBL3745925,Cn1c(=O)c(Oc2ccc(F)cc2F)cc2cnc(NC3CCCCCC3)nc21,5.17,1
CHEMBL3746022,CN1CCN(CCCNc2ncc3cc(Oc4ccc(F)cc4F)c(=O)n(C)c3n2)CC1,4.72,1
CHEMBL3746165,Cn1c(=O)c(Oc2c(Cl)cccc2Cl)cc2cnc(NC3CC3)nc21,4.83,1
CHEMBL3746673,CCOC(=O)N1CCC(Nc2ncc3cc(Oc4ccc(F)cc4F)c(=O)n(C)c3n2)CC1,5.56,1
CHEMBL3746889,Cn1c(=O)c(Oc2ccc(F)cc2F)cc2cnc(NCCCNS(C)(=O)=O)nc21,5.56,1
CHEMBL3746916,Cn1c(=O)c(Oc2c(Cl)cccc2Cl)cc2cnc(NCCN3CCOCC3)nc21,4.57,1
CHEMBL3746951,Cn1c(=O)c(Oc2ccc(F)cc2F)cc2cnc(NCCc3ccccn3)nc21,5.17,1
CHEMBL3746959,Cn1c(=O)c(Oc2ccc(F)cc2F)cc2cnc(Nc3ccc(N4CCC(O)CC4)cc3)nc21,5.42,1
CHEMBL3746969,Cn1c(=O)c(Oc2ccc(F)cc2F)cc2cnc(NC3CCCC3)nc21,5.23,1
CHEMBL3747126,Cn1c(=O)c(Oc2ccc(F)cc2F)cc2cnc(NC3CCNCC3)nc21,4.96,1
CHEMBL3747154,Cn1c(=O)c(Oc2c(Cl)cccc2Cl)cc2cnc(NC3CCCC3)nc21,4.71,1
CHEMBL3747177,Cn1c(=O)c(Oc2ccc(F)cc2F)cc2cnc(NCCNS(C)(=O)=O)nc21,4.72,1
CHEMBL3747351,Cn1c(=O)c(Oc2c(Cl)cccc2Cl)cc2cnc(NC3CCOCC3)nc21,5.61,1
CHEMBL3747486,Cn1c(=O)c(Oc2ccc(F)cc2F)cc2cnc(NC3CCCCC3)nc21,4.79,1
CHEMBL3747489,Cn1c(=O)c(Oc2ccc(F)cc2F)cc2cnc(NC3CCN(S(N)(=O)=O)CC3)nc21,6.04,1
CHEMBL3747699,Cn1c(=O)c(Oc2ccc(F)cc2F)cc2cnc(NC3CCN(S(C)(=O)=O)CC3)nc21,6.19,1
CHEMBL374795,CCOc1nc(C(=O)NCc2ccc(S(C)(=O)=O)cc2)cc(N)c1/C=C/c1ccccc1,5.61,2
CHEMBL374855,CCOc1nc(C(=O)NCc2ccc(S(C)(=O)=O)cc2)cc(N)c1C#Cc1ccsc1,5.46,2
CHEMBL375795,CS(=O)(=O)c1ccc(CNC(=O)c2cc(N)c(C#N)c(NC3CCCC3)n2)cc1,7.02,3
CHEMBL376096,CCOc1nc(C(=O)NCc2ccc(S(C)(=O)=O)cc2)cc(N)c1C#CCCO,5.65,2
CHEMBL377201,CCOc1nc(NC(=O)Cc2ccccc2Cl)cc(N)c1C#N,5.96,1
CHEMBL377235,COn1c2ccc(Cl)cc2c(=O)c2c(C)nn(C)c21,5.34,1
CHEMBL377348,CC(=O)Nc1cc(N)c(C#N)c(OC2CCOC2)n1,6.05,1
CHEMBL377383,CCOc1nc(C(=O)NCc2ccc(S(C)(=O)=O)cc2)cc(N)c1Cl,7.62,2
CHEMBL377408,CCOc1nc(C(=O)NCc2ccccc2S(N)(=O)=O)cc(N)c1C#N,7.92,1
CHEMBL377578,CCOc1nc(NC(=O)CN2CCC(C(=O)NC(C)C)CC2)cc(N)c1C#N,7.06,1
CHEMBL377746,CCCCc1nn(C)c2c1c(=O)c1cc(Cl)ccc1n2O,6.28,1
CHEMBL377747,CCOC(=O)NCCc1nn(C)c2c1c(=O)c1cc(Cl)ccc1n2O,6.37,1
CHEMBL377838,CCCCSc1nc(NC(C)=O)cc(N)c1C#N,5.05,1
CHEMBL377991,CCOc1nc(C(=O)NCc2ccc(S(C)(=O)=O)cc2)ccc1C#N,6.41,1
CHEMBL378499,CCCCC(=O)Nc1cc(N)c(C#N)c(OCC)n1,6.46,1
CHEMBL378627,COc1cc(S(C)(=O)=O)c(OC)cc1CC(=O)Nc1cc(N)c(C#N)c(OC(C)C)n1,7.85,1
CHEMBL378931,CC(=O)Nc1cc(N)c(C#N)c(OC(C)C)n1,6.51,1
CHEMBL378955,CCOc1nc(C(=O)N(C)Cc2ccc(S(C)(=O)=O)cc2)cc(N)c1C#N,5.19,1
CHEMBL378980,CCCCOc1nc(NC(C)=O)cc(N)c1C#N,5.68,1
CHEMBL379254,COCCC(=O)Nc1cc(-c2ccnc(Nc3ccccc3)c2)ccn1,6.35,1
CHEMBL379414,CCOc1nc(NC(=O)Cc2cc(Br)ccc2Br)cc(N)c1C#N,5.52,1
CHEMBL379835,Cc1nn(-c2ccccc2)c2c1c(=O)c1cc(Cl)ccc1n2O,5.76,1
CHEMBL380044,CCNc1nc(NC(C)=O)cc(N)c1C#N,5.62,1
CHEMBL380152,COc1ccc(OC)c(CC(=O)Nc2cc(N)c(C#N)c(OCCS(C)(=O)=O)n2)c1,6.4,1
CHEMBL380279,COc1ccc(OC)c(CC(=O)Nc2cc(N)c(C#N)c(Br)n2)c1,5.77,1
CHEMBL380625,O=C(Nc1cc(-c2ccnc(Nc3ccccc3)c2)ccn1)c1cccnc1,6.11,1
CHEMBL380724,O=C(Nc1cc(-c2ccnc(Nc3ccccc3)c2)ccn1)c1ccco1,7.38,1
CHEMBL3809829,COc1cc(-c2cnn(C)c2)ccc1Nc1ncc2ccnc(N[C@@H](C)C(C)(C)C)c2n1,6.96,1
CHEMBL381696,COCCc1nn(C)c2c1c(=O)c1cc(Cl)ccc1n2O,5.62,1
CHEMBL382639,CCOc1nc(NC(=O)Cc2cc(OC)c(Br)cc2OC)cc(N)c1C#N,7.11,1
CHEMBL382895,CCCc1nn(C)c2c1c(=O)c1cc(Cl)ccc1n2O,5.88,1
CHEMBL383247,Cc1nn(C)c2c1c(=O)c1cc(Br)ccc1n2O,6.04,1
CHEMBL383308,CCCN(CCO)CC(=O)Nc1cc(N)c(C#N)c(OCC)n1,6.8,1
CHEMBL383994,C#Cc1c(N)cc(C(=O)NCc2ccc(S(C)(=O)=O)cc2)nc1OCC,6.46,2
CHEMBL384219,CS(=O)(=O)c1ccc(CNC(=O)c2cc(N)c(C#N)c(NC(CO)CO)n2)cc1,7.12,2
CHEMBL384951,COCCNc1nc(C(=O)NCc2ccc(S(C)(=O)=O)cc2)cc(N)c1C#N,6.92,2
CHEMBL385177,CS(=O)(=O)c1ccc(CNC(=O)c2cc(N)c(C#N)c(/C=C/c3ccccc3)n2)cc1,5.84,2
CHEMBL386010,CC(=O)NCCNc1nc(C(=O)NCc2ccc(S(C)(=O)=O)cc2)cc(N)c1C#N,7.23,2
CHEMBL387253,CS(=O)(=O)c1ccc(CNC(=O)c2cc(N)c(C#N)c(-c3ccoc3)n2)cc1,6.57,2
CHEMBL3884319,CC1(C)C(=O)N([C@H]2CCc3c(O)cccc32)c2nc(Nc3ccccc3)ncc21,5.0,1
CHEMBL388700,O=C(O)c1ccccc1Nc1ccnc(Nc2ccccc2O)n1,7.12,1
CHEMBL388978,CN[C@@H]1C[C@H]2O[C@@](C)([C@@H]1OC)n1c3ccccc3c3c4c(c5c6ccccc6n2c5c31)C(=O)NC4,6.052741466311923,12
CHEMBL390256,O=C(O)c1ccccc1Nc1nc(Nc2ccccc2)ncc1Br,7.5,1
CHEMBL391502,CCOc1nc(C(=O)NCc2ccc(S(=O)(=O)c3ccccc3)cc2)cc(N)c1C#N,6.89,1
CHEMBL391789,CCOc1nc(C(=O)NCc2cnccc2Cl)cc(N)c1C#N,7.52,1
CHEMBL391794,CCNC(=O)N1CCC(Nc2nccc(-c3c(C(C)C)[nH]c4ccccc34)n2)CC1,6.28,1
CHEMBL3924132,CCOc1cc(-c2nncn2C)ccc1Nc1ncc2cc(C)nc(NCC(C)(C)C)c2n1,7.04,1
CHEMBL392613,CCNC(=O)N1CCC(Nc2nccc(-n3ccc4ccccc43)n2)CC1,7.15,1
CHEMBL392614,CCNC(=O)N1CCC[C@H](Nc2ncc(Cl)c(-c3c[nH]c4ccccc34)n2)C1,7.54,1
CHEMBL392615,CNC(=O)CN1CCC[C@@H](Nc2ncc(Cl)c(-c3c[nH]c4ccccc34)n2)C1,7.82,1
CHEMBL393659,CN(C)C(=O)N1CCC(Nc2ncc(Cl)c(-c3c[nH]c4ccccc34)n2)CC1,7.82,1
CHEMBL393861,CNCC(=O)N1CCC(Nc2ncc(Cl)c(-c3c[nH]c4ccccc34)n2)CC1,7.17,1
CHEMBL394816,O=C(O)c1ccccc1Nc1ccnc(Nc2ccc(N3CCOCC3)cc2)n1,7.43,1
CHEMBL394869,CCCCNc1nccc(Nc2ccccc2C(=O)O)n1,5.58,1
CHEMBL396487,CCOc1nccc(Nc2ccccc2C(=O)O)n1,4.35,1
CHEMBL396523,O=C(O)c1ccccc1Nc1ccnc(Nc2ccc3[nH]ncc3c2)n1,7.26,1
CHEMBL396731,O=C(O)c1ccccc1Nc1ccnc(OCC2CCCCC2)n1,6.16,1
CHEMBL396766,O=C(O)c1cc2ccccc2cc1Nc1ccnc(Nc2cccc(O)c2)n1,6.69,1
CHEMBL397531,CCNC(=O)N1CCC(Nc2ncc(Cl)c(-c3cnc4ccccn34)n2)CC1,7.39,1
CHEMBL399167,CN(C)CCNC(=O)c1ccc(-c2n[nH]c3cc(Nc4ccccc4Cl)ccc23)cc1,7.35,1
CHEMBL4062218,CNC(=O)c1ccc(Nc2nc(OC3CCCC3)c3c(-c4ccc5nc(C)oc5c4)c[nH]c3n2)c(OC)c1,6.17,1
CHEMBL4062803,Cc1n[nH]c2cc(Nc3nc(NC4CC4)c4occc4n3)ccc12,5.56,1
CHEMBL406408,CCNC(=O)n1cc(Cn2c(C(=O)CC)c(-c3ccccc3)c3cc(Cl)ccc3c2=O)cn1,7.37,1
CHEMBL4066664,FC(F)(F)CNc1nc(Nc2ccc3cn[nH]c3c2)nc2ccoc12,5.54,1
CHEMBL406703,N#CC(c1ccnc(NCCc2cccnc2)n1)c1nc2ccccc2s1,6.82,1
CHEMBL4069365,CC1(C)OCC(=O)Nc2cc(Nc3nc(NCC(F)(F)F)c4occc4n3)ccc21,5.57,1
CHEMBL406971,O=c1c2ccc(Br)cc2c(-c2ccccc2)c(CO)n1CC1CCCCC1,5.85,1
CHEMBL4076767,COc1cc(N2CCOCC2)ccc1Nc1nc(NC2CCCCC2)c2cc[nH]c2n1,5.78,1
CHEMBL4078893,FC(F)(F)CNc1nc(Nc2ccc(N3CCOCC3)c(Cl)c2)nc2ccoc12,6.29,1
CHEMBL407956,COC(=O)c1c(-c2ccccc2)c2cc(Br)ccc2c(=O)n1Cc1ccc(N)cc1,7.37,1
CHEMBL407960,COc1ccc(OC)c(CNc2n[nH]c3ccnc(Oc4ccccc4)c23)c1,7.8,2
CHEMBL408224,COC(=O)c1c(-c2ccccc2)c2cc(OC)ccc2c(=O)n1Cc1ccccc1,6.85,1
CHEMBL4088216,CN1C(=O)[C@@H](N2CCc3cn(Cc4ccccc4)nc3C2=O)COc2ccccc21,6.0,1
CHEMBL409350,CCC(=O)c1c(-c2ccccc2)c2cc(Cl)ccc2c(=O)n1Cc1cc(C(=O)NC2CC2)n(CC(F)F)n1,8.0,1
CHEMBL409429,COC(=O)c1c(-c2ccccc2)c2cc(Br)ccc2c(=O)n1CCCc1ccccc1,6.72,1
CHEMBL4097778,CN1C(=O)[C@@H](N2CCc3cn(CC4CCS(=O)(=O)CC4)nc3C2=O)COc2ccccc21,6.0,1
CHEMBL409936,COC(=O)c1c(-c2ccccc2)c2cc(Br)ccc2c(=O)n1Cc1ccccc1OC,7.0,1
CHEMBL410318,COC(=O)c1c(-c2ccccc2)c2ccccc2c(=O)n1Cc1ccccc1,7.02,1
CHEMBL410707,COC(=O)c1c(-c2ccccc2)c2cc(Br)ccc2c(=O)n1Cc1ccc(OC)cc1,7.38,1
CHEMBL411083,CCC(=O)c1c(-c2ccccc2)c2cc(Cl)ccc2c(=O)n1Cc1cc(S(C)(=O)=O)n(CC(F)F)n1,8.0,1
CHEMBL411635,COC(=O)c1c(-c2ccccc2)c2cc(C)ccc2c(=O)n1Cc1ccccc1,7.21,1
CHEMBL4125774,CN(C)Cc1cccc(-c2cc3c(-c4ccc(C(N)=O)cc4)ccnc3[nH]2)c1,6.2,1
CHEMBL4125907,CN(C)Cc1ccc(-c2cc3c(-c4ccc(C(N)=O)cc4)ccnc3[nH]2)cc1,7.1,1
CHEMBL4126095,Cc1cc(OCCN2CCOCC2)ccc1-c1cc2c(-c3ccc(C(N)=O)cc3)ccnc2[nH]1,6.7,1
CHEMBL4126300,COc1ccccc1Nc1nccc(-c2ccc(C(=O)O)cc2)n1,5.3,1
CHEMBL4126511,Cc1cc(OCCN2CCOCC2)ccc1-c1cc2c(-c3ccc(C(N)=O)c(C(C)C)c3)ccnc2[nH]1,5.7,1
CHEMBL4126566,NC(=O)c1ccc(-c2ccnc(Nc3cccc(-c4ccccc4)c3)n2)cc1,6.0,1
CHEMBL4126740,CN(C)CCCNC(=O)c1cccc(-c2cc3c(-c4ccc(C(N)=O)cc4)ccnc3[nH]2)c1,6.2,1
CHEMBL4127076,Cc1cc(OCCN2CCOCC2)ccc1-c1cc2c(-c3ccc(C#N)cc3)ccnc2[nH]1,4.7,1
CHEMBL4127140,CN(C)CCCNC(=O)c1ccc(-c2cc3c(-c4ccc(C(N)=O)cc4)ccnc3[nH]2)cc1,6.9,1
CHEMBL4127319,O=C(O)c1ccc(-c2ccnc(Nc3cccc(-c4ccccc4)c3)n2)cc1,6.4,1
CHEMBL4127330,Cc1ccc(CN2CCOCC2)cc1-c1cc2c(-c3ccc(C(N)=O)cc3)ccnc2[nH]1,5.2,1
CHEMBL4127479,Cc1ccc(OCCN2CCOCC2)cc1-c1cc2c(-c3ccc(C(N)=O)cc3)ccnc2[nH]1,6.8,1
CHEMBL4127640,COc1ccccc1Nc1nccc(-c2ccc(C(N)=O)c(C(C)C)c2)n1,5.8,1
CHEMBL4127797,COc1ccccc1Nc1ncc(F)c(-c2ccc(C(N)=O)c(C(C)C)c2)n1,5.5,1
CHEMBL4127977,CS(=O)(=O)Nc1cccc(-c2cc3c(-c4ccc(C(N)=O)cc4)ccnc3[nH]2)c1,6.7,1
CHEMBL4128114,CS(=O)(=O)Nc1ccc(-c2cc3c(-c4ccc(C(N)=O)cc4)ccnc3[nH]2)cc1,7.2,1
CHEMBL4128459,Cc1ccc(CN2CCOCC2)cc1-c1cc2c(-c3ccc(C#N)c(C(C)C)c3)ccnc2[nH]1,5.1,1
CHEMBL4128577,COc1ccccc1-c1cc2c(-c3ccc(C(N)=O)c(C4CCCC4)c3)ccnc2[nH]1,5.7,1
CHEMBL4128717,Cc1c(OCCN2CCOCC2)cccc1-c1cc2c(-c3ccc(C(N)=O)cc3)ccnc2[nH]1,6.6,1
CHEMBL4128939,Cc1c(CN2CCOCC2)cccc1-c1cc2c(-c3ccc(C(N)=O)cc3)ccnc2[nH]1,6.5,1
CHEMBL4129040,COc1ccccc1Nc1nccc(-c2ccc(C(N)=O)cc2)n1,5.7,1
CHEMBL4129219,COc1ccccc1Nc1ncc(F)c(-c2ccc(C(=O)O)c(C(C)C)c2)n1,5.5,1
CHEMBL4129362,COc1ccccc1-c1cc2c(-c3ccc(C(N)=O)cc3)ccnc2[nH]1,6.8,1
CHEMBL4129590,COc1ccccc1Nc1nccc(-c2ccc(C(=O)O)c(C(C)C)c2)n1,5.5,1
CHEMBL4129791,Cc1ccc(CN2CCOCC2)cc1-c1cc2c(-c3ccc(C(N)=O)c(C(C)C)c3)ccnc2[nH]1,6.2,1
CHEMBL4130310,Cc1cc(CN2CCOCC2)ccc1-c1cc2c(-c3ccc(C(N)=O)cc3)ccnc2[nH]1,6.2,1
CHEMBL424872,CCOc1nc(C(=O)NCc2ccc(S(C)(=O)=O)cc2)cc(N)c1C#N,7.923333333333333,3
CHEMBL425413,CCOc1nc(NC(=O)CN2CCCCC2)cc(N)c1C#N,6.29,1
CHEMBL425771,CC(=O)NCCc1nn(C)c2c1c(=O)c1cc(Cl)ccc1n2O,6.11,1
CHEMBL426134,CCOc1nc(NC(=O)Cc2ccc(OC)cc2)cc(N)c1C#N,6.75,1
CHEMBL427561,CCC(=O)c1c(-c2ccccc2)c2cc(Cl)ccc2c(=O)n1Cc1cc(C(=O)NC)[nH]n1,7.48,1
CHEMBL428213,NC(=O)c1ccccc1Nc1ccnc(Nc2ccccc2)n1,6.85,2
CHEMBL4286199,CC(=O)N[C@H]1CC[C@H](Nc2nccc(-c3c(-c4ccccc4)noc3C)n2)CC1,6.77,1
CHEMBL4290513,S=C(Nc1ccccc1)N1N=C(c2ccc(Br)cc2)CC1c1ccc2c(c1)OCCO2,4.03,1
CHEMBL4294787,S=C(Nc1ccccc1)N1N=C(c2ccc(OCc3ccccc3)cc2)CC1c1ccc2c(c1)OCCO2,4.05,1
CHEMBL434368,CS(=O)(=O)c1ccc(CNC(=O)c2cc(N)c(C#N)c(/C=C/C(=O)O)n2)cc1,6.52,2
CHEMBL434560,CS(=O)(=O)c1ccc(CNC(=O)c2cc(N)c(C#N)c(NCCCO)n2)cc1,7.27,2
CHEMBL436941,CNC(=O)CCCc1nn(C)c2c1c(=O)c1cc(Cl)ccc1n2O,6.12,1
CHEMBL437107,CCC(=O)c1c(-c2ccccc2)c2cc(Cl)ccc2c(=O)n1Cc1cc(C(N)=O)n(C)n1,8.14,1
CHEMBL437747,CCCn1c(C2CCNCC2)nc(-c2ccc(Cl)c(Cl)c2)c1-c1ccnc(NC2CCCCC2)n1,8.7,1
CHEMBL438515,O=C(O)c1ccccc1Nc1ccnc(Nc2ccccc2F)n1,7.46,1
CHEMBL439323,CC(C)Oc1nc(C(=O)NCc2ccc(S(C)(=O)=O)cc2)cc(N)c1Cl,7.12,1
CHEMBL440566,Clc1ccccc1Nc1ccc2c(-c3ccccc3)[nH]nc2c1,5.27,1
CHEMBL4448494,Cc1nc2c(F)cc(-c3nc(Nc4ccc5c(n4)CCN(CCN(C)C)C5)ncc3F)cc2n1C(C)C,5.38,1
CHEMBL444885,CCn1nc(C)c2c(=O)c3cc(Cl)ccc3n(O)c21,5.38,1
CHEMBL4462126,CC(C1CC1)n1cnc2c(NCc3cccc(C(F)(F)F)c3)nc(NCCN(C)C)nc21,3.0809219076239263,1
CHEMBL4462530,CC(=O)N[C@@H]1CCC[C@H](C(=O)Nc2cc(-c3cnn4c3CC(C)(C)C4)c(Cl)cn2)C1,5.55,1
CHEMBL4462592,c1ccc2c(c1)Cc1cccc3[nH]nc-2c13,6.745,2
CHEMBL4471178,CC(C)n1cnc2c(NCc3cccc(C(F)(F)F)c3)ncnc21,4.04,1
CHEMBL450919,COc1cc2c(cc1Nc1nc(Nc3cccc(F)c3C(N)=O)c3cc[nH]c3n1)N(C(=O)CCN1CCN(C(C)C)CC1)CC2,5.8,1
CHEMBL452598,COc1ccc2c(c1)CC(c1nc3c(F)cc(-c4ccnc(N)n4)cc3[nH]1)CO2,4.85,1
CHEMBL454320,COc1cc(-c2cc(=O)c3c(O)cc(O)cc3o2)cc(OC)c1O,4.75,1
CHEMBL4546504,C[C@@H](Oc1cc(C(=O)N(C)C)ccc1Nc1nc(O[C@H]2CC[C@@](C)(O)CC2)c2c(Cl)c[nH]c2n1)C(F)(F)F,10.49,1
CHEMBL4549667,CN1C(=O)[C@@H](N2CCc3c(nn(Cc4ccccc4)c3Br)C2=O)COc2ccccc21,6.0,1
CHEMBL4550702,Cn1cc(-c2cnc3c(-c4csc(C(=O)NCC(F)(F)F)c4)cnn3c2)cn1,4.6850000000000005,2
CHEMBL4552628,Cc1sc(C(=O)N[C@@H]2[C@H](N)CCCC2(F)F)cc1-c1cnn2cc(Cl)cnc12,5.355,2
CHEMBL4568087,Cn1cc(-c2cnc3c(-c4csc(C(=O)N[C@@H]5CCCC[C@@H]5N)c4)cnn3c2)cn1,6.515000000000001,2
CHEMBL4569508,O=C(NCC(F)(F)F)c1cc(-c2cnn3cc(-c4ccc(OCCN5CCCCC5)cc4)cnc23)cs1,5.234999999999999,2
CHEMBL459538,COc1cc2c(cc1Nc1nc(Nc3cccc(F)c3C(N)=O)c3cc[nH]c3n1)N(C(C)=O)CCC2,5.1,1
CHEMBL459753,COc1ccc(OCCCN(C)C)cc1Nc1nc(Nc2cccc(F)c2C(N)=O)c2cc[nH]c2n1,6.2,1
CHEMBL460815,COc1cc2c(cc1Nc1nc(Nc3cccc(F)c3C(N)=O)c3cc[nH]c3n1)N(C(C)=O)CC2,6.9,1
CHEMBL461018,CNCC(=O)N1CCc2cc(OC)c(Nc3nc(Nc4cccc(F)c4C(N)=O)c4cc[nH]c4n3)cc21,5.7,1
CHEMBL461139,O=c1[nH]cnc2[nH]c(-c3ccnc(/C=C/c4ccc(CN5CCOCC5)cc4)c3)cc12,5.4,1
CHEMBL461140,CN(C)CCOc1ccc(/C=C/c2cc(-c3cc4c(=O)[nH]cnc4[nH]3)ccn2)cc1,6.02,1
CHEMBL461875,COc1ccc(CCCN(C)C)cc1Nc1nc(Nc2cccc(F)c2C(N)=O)c2cc[nH]c2n1,5.3,1
CHEMBL461876,COc1cc2c(cc1Nc1nc(Nc3cccc(F)c3C(N)=O)c3cc[nH]c3n1)N(C(=O)CN(C)C)CC2,5.8,1
CHEMBL463116,COc1cc2c(cc1Nc1nc(Nc3cccc(F)c3C(N)=O)c3cc[nH]c3n1)N(CCN(C)C)CC2,7.0,1
CHEMBL464344,CCN(C)CC(=O)N1CCc2cc(OC)c(Nc3nc(Nc4cccc(F)c4C(N)=O)c4cc[nH]c4n3)cc21,5.5,1
CHEMBL464347,CCCN1CCC(Oc2ccc(OC)c(Nc3nc(Nc4cccc(F)c4C(N)=O)c4cc[nH]c4n3)c2)CC1,5.9,1
CHEMBL464551,COc1cc2c(cc1Nc1nc(Nc3cccc(F)c3C(N)=O)c3cc[nH]c3n1)N(C(=O)CN(C)OC)CC2,6.1,1
CHEMBL464552,CNC(=O)c1c(F)cccc1Nc1nc(Nc2cc3c(cc2OC)CCN3C(=O)CN(C)C)nc2[nH]ccc12,5.3,1
CHEMBL464757,CCN(CC)CC(=O)N1CCc2cc(OC)c(Nc3nc(Nc4cccc(F)c4C(N)=O)c4cc[nH]c4n3)cc21,6.0,1
CHEMBL465168,COc1cc2c(cc1Nc1nc(Nc3cccc(F)c3C(N)=O)c3cc[nH]c3n1)N(C(=O)CN1CCC1)CC2,5.7,1
CHEMBL465374,COc1cc(C)c(N2CCN(C(C)C)CC2)cc1Nc1nc(Nc2cccc(F)c2C(N)=O)c2cc[nH]c2n1,5.41,1
CHEMBL465577,COc1cc2c(cc1Nc1nc(Nc3cccc(F)c3C(N)=O)c3cc[nH]c3n1)N(C(=O)Cn1ccnc1)CC2,6.2,1
CHEMBL465789,COc1cc2c(cc1Nc1nc(Nc3cccc(F)c3C(N)=O)c3cc[nH]c3n1)N(C(=O)CCN(C)C)CCC2,5.1,1
CHEMBL467136,COc1cc2c(cc1Nc1nc(Nc3cccc(F)c3C(N)=O)c3cc[nH]c3n1)N(C(=O)CN1CCCCC1)CCC2,5.6,1
CHEMBL467580,COc1ccc(N(C)C(=O)CN(C)C)cc1Nc1nc(Nc2cccc(F)c2C(N)=O)c2cc[nH]c2n1,5.0,1
CHEMBL467581,COc1cc(C)c(N(C)C(=O)CN(C)C)cc1Nc1nc(Nc2cccc(F)c2C(N)=O)c2cc[nH]c2n1,5.0,1
CHEMBL468619,COc1ccc(NC(=O)CN(C)C)cc1Nc1nc(Nc2cccc(F)c2C(N)=O)c2cc[nH]c2n1,5.5,1
CHEMBL4744992,O=C(Nc1cnn(-c2csc(C(=O)NCC3CCOCC3)c2)c1)Nc1ccccc1Cl,5.82,1
CHEMBL4745961,CN1CC[C@@H](NC(=O)c2cc(-n3cc(NC(=O)Nc4ccccc4Cl)cn3)cs2)C1,5.29,1
CHEMBL4749547,Cc1sc(C(=O)N[C@@H]2CCOC2)cc1-n1cc(NC(=O)Nc2c(F)cccc2Cl)cn1,5.14,1
CHEMBL4753218,CN1CC[C@H](CNC(=O)c2cc(-n3cc(NC(=O)Nc4ccccc4Cl)cn3)cs2)C1,4.99,1
CHEMBL4753310,O=C(Nc1cnn(-c2csc(C(=O)N[C@@H]3CCOC3)c2)c1)Nc1ccccc1Cl,5.82,1
CHEMBL4753641,O=C(Nc1cnn(-c2csc(C(=O)NC3COC3)c2)c1)Nc1ccccc1Cl,5.23,3
CHEMBL4754031,CN1CCC(CNC(=O)c2cc(-n3cc(NC(=O)Nc4ccccc4Cl)cn3)cs2)CC1,5.24,1
CHEMBL4754584,CN1CC[C@H](NC(=O)c2cc(-n3cc(NC(=O)Nc4ccccc4Cl)cn3)cs2)C1,5.66,1
CHEMBL4755895,O=C(Nc1cnn(-c2csc(C(=O)NC[C@H]3CCOC3)c2)c1)Nc1ccccc1Cl,5.66,1
CHEMBL4758113,CC1(NC(=O)c2cc(-n3cc(NC(=O)Nc4ccccc4Cl)cn3)cs2)COC1,5.48,1
CHEMBL4758690,O=C(Nc1cnn(-c2csc(C(=O)N[C@@H]3CCNC3)c2)c1)Nc1ccccc1Cl,5.23,1
CHEMBL4759538,CN1CCC(NC(=O)c2cc(-n3cc(NC(=O)Nc4ccccc4Cl)cn3)cs2)CC1,5.38,1
CHEMBL4762965,O=C(Nc1cnn(-c2csc(C(=O)NC3CCOCC3)c2)c1)Nc1ccccc1Cl,5.72,1
CHEMBL4778645,O=C(Nc1cnn(-c2csc(C(=O)NC3COC3)c2)c1)Nc1c(F)cccc1Cl,5.31,2
CHEMBL4783382,O=C(Nc1cnn(-c2csc(C(=O)NC3CNC3)c2)c1)Nc1ccccc1Cl,5.44,1
CHEMBL4784092,Cc1sc(C(=O)NC2COC2)cc1-n1cc(NC(=O)Nc2c(F)cccc2Cl)cn1,4.625,2
CHEMBL4784095,CC(C)N1CC[C@H](NC(=O)c2cc(-n3cc(NC(=O)Nc4ccccc4Cl)cn3)cs2)C1,6.14,1
CHEMBL4788258,O=C(Nc1cnn(-c2csc(C(=O)NCC3CCNCC3)c2)c1)Nc1ccccc1Cl,5.18,1
CHEMBL4793809,O=C(Nc1cnn(-c2csc(C(=O)NC3CC3)c2)c1)Nc1ccccc1Cl,5.13,1
CHEMBL4798047,CN1CCC[C@H]1CNC(=O)c1cc(-n2cc(NC(=O)Nc3ccccc3Cl)cn2)cs1,5.04,1
CHEMBL4799926,[2H]C([2H])([2H])N1CC[C@@H](NC(=O)c2cc(-n3cc(NC(=O)Nc4ccccc4Cl)cn3)cs2)C1,5.29,1
CHEMBL483288,O=C(O)CCCNC(=O)c1ccc(-c2n[nH]c3ccccc23)cc1,5.85,1
CHEMBL4845770,Cc1nc2c(cnn2-c2csc(C(=O)NC3COC3)c2)cc1Nc1c(F)cccc1Cl,6.41,1
CHEMBL4845965,NC(=O)c1cnc(N[C@H]2CC[C@H](OC(F)F)CC2)nc1N[C@@H]1CCC[C@H](O)C1,8.52,1
CHEMBL4847078,CO[C@H]1CC[C@H](Nc2ncc(C(N)=O)c(N[C@@H]3CCC[C@H](O)C3)n2)CC1,8.52,1
CHEMBL4847106,C[C@@H]1CC[C@@H](Nc2nc(NC(C)(C)C)ncc2C(N)=O)C[C@H]1O,7.864,5
CHEMBL4847175,[2H]C([2H])([2H])N1CC[C@H](NC(=O)c2cc(-n3ncc4cc(Nc5ccccc5Cl)c(F)cc43)cs2)C1,6.54,1
CHEMBL4847784,O=C(NC1COC1)c1cc(-n2ncc3cc(Nc4ccccc4Cl)c(F)cc32)cs1,5.98,1
CHEMBL4848290,CO[C@H]1CC[C@H](Nc2ncc(C(N)=O)c(NC(C)C)n2)CC1,7.46,1
CHEMBL4848449,CO[C@H]1CC[C@H](Nc2ncc(C(N)=O)c(N[C@@H]3CCCC[C@H]3O)n2)CC1,7.43,1
CHEMBL4848796,CO[C@H]1CC[C@H](Nc2ncc(C(N)=O)c(N[C@H]3CCC[C@H](O)C3)n2)CC1,7.28,1
CHEMBL4849353,CO[C@H]1CC[C@H](Nc2ncc(C(N)=O)c(N[C@@H]3CCCC[C@H](O)C3)n2)CC1,9.0,1
CHEMBL4851639,CO[C@H]1CC[C@H](Nc2ncc(C(N)=O)c(NCCC(C)(C)O)n2)CC1,7.57,1
CHEMBL4851793,CNC(=O)c1cc(-n2ncc3cc(Nc4ccccc4Cl)cnc32)cs1,5.33,1
CHEMBL4852680,CO[C@H]1CC[C@H](Nc2ncc(C(N)=O)c(N[C@H]3CCC[C@@H](O)C3)n2)CC1,7.02,1
CHEMBL4852708,CC(C)(C)Nc1ncc(C(N)=O)c(N[C@@H]2CCC[C@H](O)C2)n1,7.77,1
CHEMBL4853125,CO[C@H]1CC[C@H](Nc2ncc(C(N)=O)c(N[C@@H]3CCC[C@@H](O)C3)n2)CC1,8.7,1
CHEMBL4853326,CNC(=O)c1cc(-n2ncc3cc(Nc4ccccc4Cl)c(OC)cc32)cs1,5.96,1
CHEMBL4853525,NC(=O)c1cnc(N[C@H]2CC[C@H](O)CC2)nc1N[C@@H]1CCC[C@H](O)C1,8.52,1
CHEMBL4854405,Cc1nc2c(cnn2-c2csc(C(=O)NC3COC3)c2)cc1Nc1ccc(F)cc1Cl,5.22,1
CHEMBL4856984,CO[C@H]1CC[C@H](Nc2ncc(C(N)=O)c(N[C@@H]3CCC[C@](C)(O)C3)n2)CC1,9.0,1
CHEMBL4857485,CO[C@H]1CC[C@H](Nc2ncc(C(N)=O)c(NC(C)(C)C)n2)CC1,7.75,1
CHEMBL4857979,CNC(=O)c1cc(-n2ncc3cc(Nc4c(F)cccc4Cl)cnc32)cs1,6.67,1
CHEMBL4858138,CO[C@H]1CCC[C@@H](Nc2nc(N[C@H]3CC[C@H](OC)CC3)ncc2C(N)=O)C1,7.26,1
CHEMBL4859957,CNC(=O)c1cc(-n2ncc3cc(Nc4c(F)cccc4Cl)c(C)nc32)cs1,6.06,1
CHEMBL4861369,COc1ccc(Nc2ncc(C(N)=O)c(Nc3ccccc3)n2)cc1OC,7.72,1
CHEMBL4861739,O=C(NC1CC1)c1cc(-n2ncc3cc(Nc4ccccc4Cl)c(F)cc32)cs1,6.82,1
CHEMBL4861847,NC(=O)c1cnc(NC2CCC(F)(F)CC2)nc1N[C@@H]1CCC[C@H](O)C1,7.85,1
CHEMBL4862107,[2H]C([2H])([2H])O[C@H]1CC[C@H](Nc2ncc(C(N)=O)c(N[C@@H]3CCC[C@H](O)C3)n2)CC1,8.52,1
CHEMBL4862452,NC(=O)c1cnc(N[C@H]2CC[C@H](O)CC2)nc1NC12CC(C1)C2,7.96,1
CHEMBL4862656,CC(=O)N1CC[C@H](NC(=O)c2cc(-n3ncc4cc(Nc5ccccc5Cl)c(F)cc43)cs2)C1,6.2,1
CHEMBL4864514,CNC(=O)c1cc(-n2ncc3cc(Oc4ccccc4Cl)ccc32)cs1,5.62,1
CHEMBL4864618,NC(=O)c1cnc(N[C@H]2CC[C@H](OCC(F)(F)F)CC2)nc1N[C@@H]1CCC[C@H](O)C1,8.7,1
CHEMBL4865870,CC(C)NC(=O)c1cc(-n2ncc3cc(Nc4ccccc4Cl)c(F)cc32)cs1,6.4,1
CHEMBL4866929,CO[C@H]1CC[C@H](Nc2ncc(C(N)=O)c(N[C@@H]3CCCC(F)(F)C3)n2)CC1,7.72,1
CHEMBL4867426,O=C(NC1CCOCC1)c1cc(-n2ncc3cc(Nc4ccccc4Cl)c(F)cc32)cs1,6.92,1
CHEMBL4869300,CC(C)N1CC[C@@H](NC(=O)c2cc(-n3ncc4cc(Nc5ccccc5Cl)ccc43)cs2)C1,6.08,1
CHEMBL4872066,C[C@@H]1CC[C@@H](Nc2nc(NC3(C)CC3)ncc2C(N)=O)C[C@H]1O,7.96,1
CHEMBL4872493,O=C(NC1COC1)c1cc(-n2ncc3cc(Nc4ccccc4Cl)cnc32)cs1,6.03,1
CHEMBL4872832,O=C(NC1COC1)c1cc(-n2ncc3cc(Nc4ccccc4Cl)ncc32)cs1,6.16,1
CHEMBL4874134,CNC(=O)c1cc(-n2ncc3cc(Nc4ccccc4Cl)c(F)cc32)cs1,6.21,1
CHEMBL4874419,CC(C)Nc1nc(N[C@H]2CC[C@H](O)CC2)ncc1C(N)=O,7.3,1
CHEMBL4874549,CC(C)(C)Nc1nc(N[C@H]2CC[C@H](O)CC2)ncc1C(N)=O,7.89,1
CHEMBL4874573,CNC(=O)c1cc(-n2ncc3cc(Nc4c(F)cccc4Cl)c(F)cc32)cs1,6.59,1
CHEMBL4874575,O=C(N[C@H]1CCOC1)c1cc(-n2ncc3cc(Nc4ccccc4Cl)c(F)cc32)cs1,6.75,1
CHEMBL4875131,CO[C@H]1CC[C@H](Nc2ncc(C(N)=O)c(NC34CC(C3)C4)n2)CC1,8.3,1
CHEMBL4875476,CNC(=O)c1cc(-n2ncc3cc(Nc4c(F)cccc4OC)c(F)cc32)cs1,5.91,1
CHEMBL4875491,NC(=O)c1cnc(NC2CCCCC2)nc1N[C@@H]1CCC[C@H](O)C1,5.22,1
CHEMBL4875508,[2H]C([2H])([2H])N1CC[C@H](NC(=O)c2cc(-n3ncc4cc(Nc5ccccc5Cl)ccc43)cs2)C1,6.58,1
CHEMBL4876387,COCCNC(=O)c1cc(-n2ncc3cc(Nc4ccccc4Cl)c(F)cc32)cs1,6.77,1
CHEMBL4877389,NC(=O)c1cnc(NC23CC(C2)C3)nc1N[C@@H]1CCC[C@H](O)C1,8.0,1
CHEMBL4877560,CO[C@H]1CC[C@H](Nc2ncc(C(N)=O)c(N[C@@H]3CCCOC3)n2)CC1,7.7,1
CHEMBL4877655,NC(=O)c1cnc(N[C@@H]2CCC[C@H](O)C2)nc1NC12CC(C1)C2,8.0,1
CHEMBL4877727,CNC(=O)c1cc(-n2ncc3cc(Nc4c(F)cccc4Cl)ncc32)cs1,6.58,1
CHEMBL4878046,NC(=O)c1cnc(N[C@H]2CC[C@H](O)CC2)nc1Nc1ccccc1,8.22,1
CHEMBL4878370,CO[C@H]1CC[C@H](Nc2ncc(C(N)=O)c(N[C@@H]3CC[C@@H](C)[C@H](O)C3)n2)CC1,8.7,1
CHEMBL4879188,O=C(NCC(F)F)c1cc(-n2ncc3cc(Nc4ccccc4Cl)c(F)cc32)cs1,6.48,1
CHEMBL489344,CNc1nccc(-c2nc(C3CCNCC3)[nH]c2-c2cccc(C(F)(F)F)c2)n1,3.4145392704914994,1
CHEMBL495233,C[C@@H](CO)Oc1nc(C(=O)NCc2ccc(S(C)(=O)=O)cc2)cc(N)c1C#N,7.66,1
CHEMBL495406,CS(=O)(=O)c1ccc(CNC(=O)c2cc(N)c(C#N)c(OCCC(=O)O)n2)cc1,5.79,1
CHEMBL495459,CC(C)[C@H](CO)Nc1nc(C(=O)NCc2ccc(S(C)(=O)=O)cc2)cc(N)c1C#N,5.82,1
CHEMBL500069,c1cc(NC2CCNCC2)nc(-c2n[nH]c3ccccc23)c1,5.68,1
CHEMBL501964,COc1cc2c(cc1Nc1nc(Nc3cccc(F)c3C(N)=O)c3cc[nH]c3n1)N(C(=O)CN1CCOCC1)CC2,6.9,1
CHEMBL504550,CC(=O)N[C@@H](CCCNC(=N)N)C(=O)N1CCC[C@H]1C(=O)N[C@H](C(=O)N[C@H](C(=O)N[C@@H](CC(C)C)C(=O)N[C@@H](CC(N)=O)C(=O)N[C@@H](CC(C)C)C(=O)O)[C@@H](C)O)[C@@H](C)O,4.8149999999999995,2
CHEMBL505915,COc1cc2c(cc1Nc1nc(Nc3cccc(F)c3C(N)=O)c3cc[nH]c3n1)N(C(=O)CN1CCN(C(C)C)CC1)CC2,5.8,1
CHEMBL5073858,COc1cccc(-c2nc3sccn3c2-c2ccnc(NCCNS(=O)(=O)c3ccc(C(F)(F)F)cc3)n2)c1,6.38,1
CHEMBL507625,COc1cc(N2CCN(C(C)C)CC2)ccc1Nc1nc(Nc2cccc(F)c2C(N)=O)c2cc[nH]c2n1,7.89,1
CHEMBL507810,COc1cc2c(cc1Nc1nc(Nc3cccc(F)c3C(N)=O)c3cc[nH]c3n1)N(C(=O)CCN1CCOCC1)CC2,6.6,1
CHEMBL5081210,COc1cccc(-c2nc3sccn3c2-c2ccnc(NCCCNS(=O)(=O)c3cccc(F)c3)n2)c1,6.44,1
CHEMBL508280,O=[N+]([O-])c1cnc(Sc2nnc(O)n2-c2ccc3c(c2)OCCO3)s1,6.466666666666666,3
CHEMBL5083036,O=S(=O)(NCCNc1nccc(-c2c(-c3cccc(O)c3)nc3sccn23)n1)c1ccc(F)cc1,5.87,1
CHEMBL5085753,CCc1cccc(CC)c1N1CCn2cc(-c3nc(Nc4ccc(N5CCC(C(=O)N6CC7(CN(C)C7)C6)CC5)cc4OC)nc4[nH]ccc34)cc2C1=O,6.72,1
CHEMBL5086263,CN1Cc2nn(C)c(C#N)c2-c2cnc3[nH]c(F)c(c3c2)-c2cn(nc2C(F)(F)F)CCCC1=O,5.95,1
CHEMBL5086749,O=S(=O)(NCCCNc1nccc(-c2c(-c3cccc(O)c3)nc3sccn23)n1)c1cccc(F)c1,5.73,1
CHEMBL5087577,CN1CCN(CCNc2nccc(-c3c(-c4cccc(O)c4)nc4sccn34)n2)S1(=O)=O,6.04,1
CHEMBL509847,CC(=O)N[C@@H](CC(C)C)C(=O)N[C@@H](CC(N)=O)C(=O)N[C@@H](CC(C)C)C(=O)NCC(=O)NCC(=O)NCCCNC(=O)c1ccc(-c2n[nH]c3ccccc23)cc1,7.115,2
CHEMBL511765,COc1cc(C)c(NC(=O)CN(C)C)cc1Nc1nc(Nc2cccc(F)c2C(N)=O)c2cc[nH]c2n1,5.7,1
CHEMBL513897,CCCN1CCC=C(c2ccc(Nc3nc(Nc4ccccc4C(N)=O)c4cc[nH]c4n3)c(C)c2)C1,7.92,1
CHEMBL515036,COc1cc(C)c(CCCN(C)C)cc1Nc1nc(Nc2cccc(F)c2C(N)=O)c2cc[nH]c2n1,6.3,1
CHEMBL516816,COc1ccc(N2CCN(C(C)C)CC2)cc1Nc1nc(Nc2cccc(F)c2C(N)=O)c2cc[nH]c2n1,5.5,1
CHEMBL516870,COc1cc2c(cc1Nc1nc(Nc3cccc(F)c3C(N)=O)c3cc[nH]c3n1)N(C(=O)CN(C)C)CCC2,5.2,1
CHEMBL5170124,CC[C@H](C)[C@H](NC(=O)[C@@H]1CCCN1)C(=O)N[C@@H](CS)C(=O)N[C@@H](CCCNC(=N)N)C(=O)N1CCC[C@H]1C(=O)N[C@H](C(=O)N[C@H](C(=O)N[C@@H](CC(C)C)C(=O)N[C@@H](CC(N)=O)C(=O)N[C@@H](CC(C)C)C(=O)N[C@@H](Cc1ccccc1)C(=O)NCCCCCC(=O)N[C@@H](CCCNC(=N)N)C(=O)N[C@@H](CCCNC(=N)N)C(=O)N[C@@H](C)C(=O)N[C@@H](CCCNC(=N)N)C(=O)N[C@@H](CCCNC(=N)N)C(=O)N[C@@H](C)C(=O)N[C@@H](CCCNC(=N)N)C(=O)N[C@@H](CCCNC(=N)N)C(=O)N[C@@H](CCCNC(=N)N)C(=O)O)[C@@H](C)O)[C@@H](C)O,5.96,1
CHEMBL517171,CCCN1CCC(Oc2cc(Nc3nc(Nc4cccc(F)c4C(N)=O)c4cc[nH]c4n3)c(OC)cc2Cl)CC1,5.4,1
CHEMBL5172062,O=c1c(O)c(-c2cc(O)c(O)c(CO)c2)oc2cc(O)c(O)c(O)c12,4.91,1
CHEMBL517340,COc1cc2c(cc1Nc1nc(Nc3cccc(F)c3C(N)=O)c3cc[nH]c3n1)N(C(=O)CCN(C)C)CC2,6.1,1
CHEMBL517729,COc1cc2c(cc1Nc1nc(Nc3cccc(F)c3C(N)=O)c3cc[nH]c3n1)N(C(=O)CN)CC2,6.0,1
CHEMBL517947,COc1cc2c(cc1Nc1nc(Nc3cccc(F)c3C(N)=O)c3cc[nH]c3n1)N(C(=O)CN1CCCC1)CC2,5.9,1
CHEMBL5179856,CC(C)C[C@H](NC(=O)[C@H](CC(N)=O)NC(=O)[C@H](CC(C)C)NC(=O)[C@@H](NC(=O)[C@@H](NC(=O)[C@@H]1CCCN1C(=O)[C@H](CCCNC(=N)N)NC(=O)[C@H](CCCCN)NC(=O)[C@@H]1CCCN1)[C@@H](C)O)[C@@H](C)O)C(=O)N[C@@H](Cc1ccccc1)C(=O)N[C@@H](CCCNC(=N)N)C(=O)N[C@@H](CCCNC(=N)N)C(=O)N[C@@H](CCCNC(=N)N)C(=O)N[C@@H](CCC(N)=O)C(=O)N[C@@H](CCCNC(=N)N)C(=O)N[C@@H](CCCNC(=N)N)C(=O)N[C@@H](CCCCN)C(=O)N[C@@H](CCCCN)C(=O)N[C@@H](CCCNC(=N)N)C(=O)NCC(=O)O,5.94,1
CHEMBL518354,COc1cc(Cl)c(OCCCN(C)C)cc1Nc1nc(Nc2cccc(F)c2C(N)=O)c2cc[nH]c2n1,5.9,1
CHEMBL5188373,COCC1CN(C2CCN(c3cc(OC)c(Nc4ncc(Br)c(Nc5ccc6c(c5P(C)(C)=O)OCCO6)n4)cc3C)CC2)C1,6.36,1
CHEMBL5189795,CNC(=O)c1ccccc1Nc1nc(Nc2ccc(N3CCNCC3)cc2)ncc1Cl,6.55,1
CHEMBL5191468,O=C(NCCCNc1cc(-c2cn(-c3ccccc3)nc2-c2cccc(O)c2)ccn1)Nc1ccc(F)cc1,6.0,1
CHEMBL5200902,O=c1c(O)c(-c2cc(O)c(O)c(O)c2)oc2cc(O)c(O)c(O)c12,5.47,1
CHEMBL523938,CC1CCC(c2nc(-c3ccc(F)cc3)c(-c3ccncc3)[nH]2)CC1,3.7569619513137056,1
CHEMBL528100,CC1(C)CC(NC(=O)CCCNC(=O)c2ccc(-c3n[nH]c4ccccc34)cc2)CC(C)(C)N1O,5.92,1
CHEMBL5303425,CN1Cc2nccc(-c3cn(C)nc3-c3ccc(F)cc3)c2C1=O.Cl,5.99,1
CHEMBL5394033,N#CCc1cnc(-c2ccc3ccccc3c2)n1-c1ccnc(N[C@@H]2CCCN(C(=O)C3CC3)C2)n1,6.68,1
CHEMBL5395579,CC(C)(C)CNc1ncc(C(N)=O)c(Nc2ccccc2)n1,6.47,1
CHEMBL5395598,C[C@@H]1CN(C(=O)c2ccc(NC(=O)/C=C/CN(C)C)cc2)C[C@@H]1Nc1nccc(-c2c(-c3ccccc3)nn3ccccc23)n1,6.62,1
CHEMBL5396061,CN(C)C/C=C/C(=O)Nc1ccc(C(=O)N2CC[C@H](Nc3nccc(-c4c(-c5ccc(F)cc5)nn5ccccc45)n3)C2)cc1,7.17,1
CHEMBL5396069,COc1cc(Nc2nc(NCC(C)(C)C)ncc2C(N)=O)ccc1O,7.01,1
CHEMBL5396572,N#CCc1cnc(-c2ccc3occc3c2)n1-c1ccnc(N[C@H]2CCCN(C(=O)C3CC3)C2)n1,6.45,1
CHEMBL5396715,N#CCc1cnc(-c2ccc3ccccc3c2)n1-c1ccnc(N[C@H]2CCCN(C(=O)C3CC3)C2)n1,6.376666666666668,3
CHEMBL5397012,O=C(c1ccc(CNc2n[nH]c3ccccc23)cc1)N1CCN(C(=O)c2cc(C(F)(F)F)ccc2F)CC1,5.07,1
CHEMBL5397194,CN(C)C/C=C/C(=O)Nc1ccc(C(=O)N2CCC[C@H](Nc3nccc(-c4c(-c5ccccc5)nn5ccccc45)n3)C2)cc1,7.28,1
CHEMBL5398275,C[C@@H]1CN(C(=O)c2ccc(NC(=O)/C=C/CN(C)C)cc2)C[C@H]1Nc1nccc(-c2c(-c3ccccc3)nn3ccccc23)n1,6.8,1
CHEMBL5398642,NC(=O)C1Cc2nc(-c3ccc(Cl)c(Cl)c3)n(-c3ccnc(N[C@@H]4CCCN(C(=O)C5CC5)C4)n3)c2C1,6.79,1
CHEMBL5398852,C[C@H]1CN(C(=O)c2ccc(NC(=O)/C=C/CN(C)C)cc2)C[C@H]1Nc1nccc(-c2c(-c3ccccc3)nn3ccccc23)n1,5.713333333333334,3
CHEMBL5398897,O=C(c1cccc(CNc2n[nH]c3ccc(Cl)cc23)c1)N1CCN(C(=O)c2ccc(Cl)cc2Cl)CC1,5.07,1
CHEMBL5401511,CCOC(=O)C1Cc2nc(-c3ccc4ccccc4c3)n(-c3ccnc(N[C@@H]4CCCN(C(=O)C5CC5)C4)n3)c2C1,7.25,1
CHEMBL5402580,O=C(c1cccc(CNc2n[nH]c3ccccc23)c1)N1CCN(C(=O)c2ccc(Cl)cc2Cl)CC1,5.12,1
CHEMBL5403621,CC(=O)Nc1ccc(Nc2nc(NCC(C)(C)C)ncc2C(N)=O)cc1,7.06,1
CHEMBL5403678,NC(=O)C1Cc2nc(-c3ccc(Cl)c(Cl)c3)n(-c3ccnc(N[C@H]4CCCN(C(=O)C5CC5)C4)n3)c2C1,7.08,1
CHEMBL5403766,CC(C)(C)CNc1ncc(Br)c(Nc2ccccc2C(N)=O)n1,7.535,2
CHEMBL5403784,O=C(c1ccc(CNc2n[nH]c3ccccc23)cc1)N1CCN(C(=O)c2c(Cl)cccc2C(F)(F)F)CC1,5.12,1
CHEMBL5403866,O=C(c1cccc(CNc2n[nH]c3ccccc23)c1)N1CCN(C(=O)c2c(F)cccc2Cl)CC1,5.11,1
CHEMBL5403895,CC(C)(C)C(=O)N1CCC[C@H](Nc2nccc(-n3c(CC#N)cnc3-c3ccc(Cl)c(Cl)c3)n2)C1,6.35,1
CHEMBL5405404,N#CCc1cnc(-c2ccc3c(c2)CCO3)n1-c1ccnc(N[C@H]2CCCN(C(=O)C3CC3)C2)n1,6.83,1
CHEMBL5405579,O=C(c1ccc(CNc2n[nH]c3ccccc23)cc1)N1CCN(C(=O)c2cc(Cl)ccc2Cl)CC1,5.12,1
CHEMBL5406036,CN(C)C/C=C/C(=O)Nc1ccc(C(=O)N2CCC[C@@H](Nc3nccc(-c4c(-c5ccccc5)nn5ccccc45)n3)C2)cc1,6.33,1
CHEMBL5406812,CN(C)C/C=C/C(=O)Nc1ccc(C(=O)N2CC[C@H](Nc3ncc(Cl)c(-c4c(-c5ccccc5)nn5ccccc45)n3)C2)cc1,5.52,1
CHEMBL5408361,O=C(c1ccc(CNc2n[nH]c3ccccc23)cc1)N1CCN(C(=O)c2ccc(C(F)(F)F)cc2Cl)CC1,5.11,1
CHEMBL5408675,CNC(=O)C1Cc2nc(-c3ccc(Cl)c(Cl)c3)n(-c3ccnc(N[C@H]4CCCN(C(=O)C5CC5)C4)n3)c2C1,7.06,1
CHEMBL5408895,CN(C)C/C=C/C(=O)Nc1ccc(C(=O)N2CCCC[C@@H](Nc3nccc(-c4c(-c5ccccc5)nn5ccccc45)n3)C2)cc1,6.41,1
CHEMBL5408918,COc1ccc(C(=O)N2CCN(C(=O)c3ccc(CNc4n[nH]c5ccccc45)cc3)CC2)cc1,5.11,1
CHEMBL5409834,O=C(c1cccc(CNc2n[nH]c3cccc(F)c23)c1)N1CCN(C(=O)c2ccc(Cl)cc2Cl)CC1,5.1,1
CHEMBL5410090,O=C(NN1CCCCC1)c1ccc(CNc2n[nH]c3ccccc23)cc1,5.04,1
CHEMBL5410247,CN(C)C/C=C/C(=O)Nc1ccc(C(=O)Nc2cccc(Nc3nccc(-c4c(-c5ccccc5)nn5ccccc45)n3)c2)cc1,6.14,1
CHEMBL5410683,C[C@H]1CN(C(=O)c2ccc(NC(=O)/C=C/CN(C)C)cc2)C[C@@H]1Nc1nccc(-c2c(-c3ccccc3)nn3ccccc23)n1,7.05,1
CHEMBL5410870,CC(C)(C)CNc1ncc(C(N)=O)c(Nc2ccc(NC(N)=O)cc2)n1,6.61,1
CHEMBL5411091,O=C(c1cccc(CNc2n[nH]c3cc(Cl)ccc23)c1)N1CCN(C(=O)c2ccc(Cl)cc2Cl)CC1,5.14,1
CHEMBL5411160,CCOC(=O)C1Cc2nc(-c3ccc(Cl)c(Cl)c3)n(-c3ccnc(N[C@@H]4CCCN(C(=O)C5CC5)C4)n3)c2C1,7.08,1
CHEMBL5411353,CC(C)(C)CNc1ncc(Cl)c(Nc2ccccc2C(N)=O)n1,7.3,1
CHEMBL5411375,Cc1cc(Cl)ccc1NC(=O)N1CCN(C(=O)c2ccc(CNc3n[nH]c4ccccc34)cc2)CC1,5.12,1
CHEMBL5413463,O=C(c1ccc(Cl)cc1)N1CCN(C(=O)c2ccc(CNc3n[nH]c4ccccc34)cc2)CC1,5.05,1
CHEMBL5413820,O=C(c1ccc(F)cc1)N1CCN(C(=O)c2ccc(CNc3n[nH]c4ccccc34)cc2)CC1,5.06,1
CHEMBL5413843,CN(C)C/C=C/C(=O)Nc1ccc(C(=O)N2CC[C@H](Nc3nccc(-c4c(-c5ccccc5)nn5ccccc45)n3)C2)cc1,6.78,1
CHEMBL5415188,Cc1cccn2nc(-c3ccccc3)c(-c3ccnc(N[C@H]4CCN(C(=O)c5ccc(NC(=O)/C=C/CN(C)C)cc5)C4)n3)c12,5.94,1
CHEMBL5415366,O=C(c1ccc(CNc2n[nH]c3ccccc23)cc1)N1CCN(C(=O)c2ccccc2Cl)CC1,5.05,1
CHEMBL5415466,Cc1ccc2c(-c3ccnc(N[C@H]4CCN(C(=O)c5ccc(NC(=O)/C=C/CN(C)C)cc5)C4)n3)c(-c3ccccc3)nn2c1,7.75,1
CHEMBL5418224,CC(C)(C)CNc1ncc(F)c(Nc2ccccc2C(N)=O)n1,6.65,1
CHEMBL5418449,N#CCc1cnc(-c2ccc(Cl)c(Cl)c2)n1-c1ccnc(N[C@H]2CCCN(C(=O)C3CC3)C2)n1,6.51,1
CHEMBL5418625,CNC(=O)Oc1ccc2nc(-c3ccc4ccccc4c3)n(-c3ccnc(N[C@H]4CCCN(C(=O)C5CC5)C4)n3)c2c1,5.98,1
CHEMBL5419748,N#CCc1cnc(-c2ccc3ccccc3c2)n1-c1ccnc(Nc2cccc(C(=O)C3CC3)c2)n1,5.76,1
CHEMBL5423620,CNC(=O)C1Cc2nc(-c3ccc4ccccc4c3)n(-c3ccnc(N[C@H]4CCCN(C(=O)C5CC5)C4)n3)c2C1,7.84,1
CHEMBL5423687,O=C(c1ccc(CNc2n[nH]c3ccccc23)cc1)N1CCN(C(=O)c2cccc(C(F)(F)F)c2)CC1,5.11,1
CHEMBL5424946,CNC(=O)C1Cc2nc(-c3ccc4ccccc4c3)n(-c3ccnc(N[C@@H]4CCCN(C(=O)C5CC5)C4)n3)c2C1,7.12,1
CHEMBL5425117,O=C(c1ccc(CNc2n[nH]c3ccccc23)cc1)N1CCN(C(=O)c2c(Cl)cccc2Cl)CC1,5.06,1
CHEMBL5425418,CNc1ncc2cc(-c3cc(F)ccc3F)c(=O)n(CCCCN)c2n1,4.63,1
CHEMBL5425539,O=C(c1cccc(CNc2n[nH]c3cc(F)ccc23)c1)N1CCN(C(=O)c2ccc(Cl)cc2Cl)CC1,5.05,1
CHEMBL5427329,O=C(c1ccc(CNc2n[nH]c3ccccc23)cc1)N1CCN(C(=O)c2ccc(Br)cc2Br)CC1,5.05,1
CHEMBL5428091,O=C(c1ccc(CNc2n[nH]c3ccccc23)cc1)N1CCN(C(=O)c2ccc(OC(F)(F)F)cc2)CC1,5.12,1
CHEMBL5428484,CC(C)(C)CNc1ncc(C(N)=O)c(Nc2ccc(N)cc2)n1,6.46,1
CHEMBL5428502,O=C(c1ccc(Cl)cc1)N1CCN(C(=O)c2cccc(CNc3n[nH]c4ccccc34)c2)CC1,5.07,1
CHEMBL5428554,N#CCc1cnc(-c2ccc3ccccc3c2)n1-c1ccnc(N[C@H]2CCCCN(C(=O)C3CC3)C2)n1,6.02,1
CHEMBL5429577,CCOC(=O)C1Cc2nc(-c3ccc(Cl)c(Cl)c3)n(-c3ccnc(N[C@H]4CCCN(C(=O)C5CC5)C4)n3)c2C1,6.8,1
CHEMBL5430912,O=C(C1CC1)N1CCC[C@H](Nc2nccc(-n3c(-c4ccc5ccccc5c4)nc4c(F)cc(O)cc43)n2)C1,6.15,1
CHEMBL5432224,O=C(c1cccc(CNc2n[nH]c3ccc(Br)cc23)c1)N1CCN(C(=O)c2ccc(Cl)cc2Cl)CC1,5.04,1
CHEMBL5432287,O=C(c1ccc(CNc2n[nH]c3ccccc23)cc1)N1CCN(C(=O)c2cc(F)ccc2Cl)CC1,5.11,1
CHEMBL5432340,CN(C)C/C=C/C(=O)Nc1ccc(C(=O)N2CC[C@@H](Nc3nccc(-c4c(-c5ccccc5)nn5ccccc45)n3)C2)cc1,8.0,1
CHEMBL5432496,O=C(c1ccc(CNc2n[nH]c3ccccc23)cc1)N1CCN(C(=O)c2ccccc2C(F)(F)F)CC1,5.04,1
CHEMBL5432722,O=C(c1ccc(I)cc1)N1CCN(C(=O)c2ccc(CNc3n[nH]c4ccccc34)cc2)CC1,5.04,1
CHEMBL5433156,O=C(c1ccc(CNc2n[nH]c3ccccc23)cc1)N1CCCC1,5.09,1
CHEMBL5433461,CC(C)(C)CNc1ncc(C(N)=O)c(Nc2ccc(N)c(N)c2)n1,6.68,1
CHEMBL5433711,O=C(c1cccc(CNc2n[nH]c3c(F)c(F)ccc23)c1)N1CCN(C(=O)c2ccc(Cl)cc2Cl)CC1,5.08,1
CHEMBL5433713,CN(C)C/C=C/C(=O)Nc1ccc(C(=O)N2CCCC[C@H](Nc3nccc(-c4c(-c5ccccc5)nn5ccccc45)n3)C2)cc1,6.59,1
CHEMBL5434414,O=C(c1cccc(CNc2n[nH]c3cc(Br)ccc23)c1)N1CCN(C(=O)c2ccc(Cl)cc2Cl)CC1,5.07,1
CHEMBL5434519,O=C(c1ccc(CNc2n[nH]c3ccccc23)cc1)N1CCN(C(=O)c2c(F)cccc2Cl)CC1,5.06,1
CHEMBL5434537,O=C(c1ccc(CNc2n[nH]c3ccccc23)cc1)N1CCN(C(=O)c2cc(C(F)(F)F)ccc2Cl)CC1,5.0,1
CHEMBL5434662,CC(C)(C)CNc1ncc(C(N)=O)c(Nc2ccc(NC(N)=O)c(NC(N)=O)c2)n1,6.64,1
CHEMBL5435391,O=C(c1ccc(Br)cc1)N1CCN(C(=O)c2cccc(CNc3n[nH]c4ccccc34)c2)CC1,5.11,1
CHEMBL5436023,CCOC(=O)C1Cc2nc(-c3ccc4ccccc4c3)n(-c3ccnc(N[C@H]4CCCN(C(=O)C5CC5)C4)n3)c2C1,7.49,1
CHEMBL5436065,O=C(c1cccc(CNc2n[nH]c3ccccc23)c1)N1CCN(C(=O)c2ccc(F)cc2F)CC1,5.1,1
CHEMBL5436341,CN(C)C/C=C/C(=O)Nc1ccc(C(=O)N2CC[C@H](Nc3nccc(-c4c(-c5ccc(Cl)cc5)nn5ccccc45)n3)C2)cc1,7.21,1
CHEMBL5436350,CN(C)C/C=C/C(=O)Nc1ccc(C(=O)N2CC[C@H](Nc3nccc(-c4c(-c5cccc(Cl)c5)nn5ccccc45)n3)C2)cc1,7.13,1
CHEMBL5436709,N#CCc1cnc(-c2ccc(Cl)c(Cl)c2)n1-c1ccnc(N[C@H]2CCCN(C(=O)NC3CC3)C2)n1,6.29,1
CHEMBL5436859,O=C(c1cccc(CNc2n[nH]c3cccc(I)c23)c1)N1CCN(C(=O)c2ccc(Cl)cc2Cl)CC1,5.03,1
CHEMBL5437251,O=C(c1ccc(Br)cc1)N1CCN(C(=O)c2ccc(CNc3n[nH]c4ccccc34)cc2)CC1,5.11,1
CHEMBL5437287,CC(=O)Oc1ccc(Nc2nc(NCC(C)(C)C)ncc2C(N)=O)cc1,6.58,1
CHEMBL5437462,O=C(C1CC1)N1CCC[C@H](Nc2nccc(-n3c(-c4ccc5ccccc5c4)nc4ccc(O)cc43)n2)C1,6.52,1
CHEMBL5437584,O=C(c1ccc(CNc2n[nH]c3ccccc23)cc1)N1CCN(C(=O)c2ccc(C(F)(F)F)cc2C(F)(F)F)CC1,5.13,1
CHEMBL5437715,CN(C)C/C=C/C(=O)Nc1ccc(C(=O)NC2CCCC(Nc3nccc(-c4c(-c5ccccc5)nn5ccccc45)n3)C2)cc1,6.32,1
CHEMBL5437898,O=C(NN1CCOCC1)c1ccc(CNc2n[nH]c3ccccc23)cc1,5.07,1
CHEMBL5437979,O=C(c1ccc(CNc2n[nH]c3ccccc23)cc1)N1CCN(C(=O)c2ccccc2I)CC1,5.11,1
CHEMBL5438169,O=C(c1ccc(CNc2n[nH]c3ccccc23)cc1)N1CCN(C(=O)c2ccc(F)cc2Cl)CC1,5.04,1
CHEMBL5439622,O=C(c1cccc(CNc2n[nH]c3ccccc23)c1)N1CCN(C(=O)c2cc(C(F)(F)F)ccc2F)CC1,5.09,1
CHEMBL5439708,O=C(Nc1ccccc1Cl)N1CCN(C(=O)c2ccc(CNc3n[nH]c4ccccc34)cc2)CC1,5.11,1
CHEMBL5441124,O=C(c1ccc(CNc2n[nH]c3ccccc23)cc1)N1CCN(C(=O)c2ccccc2OC(F)(F)F)CC1,5.08,1
CHEMBL5441132,O=C(c1ccc(CNc2n[nH]c3ccccc23)cc1)N1CCN(C(=O)c2cccc(F)c2Cl)CC1,5.05,1
CHEMBL551024,NCc1ccc(-c2cnc3[nH]cc(-c4cccc(NC(=O)Nc5ccc(C(F)(F)F)cc5F)c4)c3c2)cc1,7.1,1
CHEMBL5562073,COc1cc(Nc2nccc(N3CCCn4nc(C#C[C@@](C)(O)c5nccs5)cc43)n2)cc(OC)c1,3.2671560940830813,1
CHEMBL5569575,O=C(NC1COC1)c1cc(-n2ncc3cc(Nc4c(F)cccc4Cl)cnc32)cs1,6.41,1
CHEMBL5574740,N#CCc1cn(-c2cccc(NC3CCCN(C(=O)C4CC4)C3)c2)c(-c2ccc3ccccc3c2)n1,6.53,1
CHEMBL5639098,CC(C)(C)n1cc(-c2ccnc(NCCCNS(=O)(=O)c3ccc(Cl)cc3)c2)c(-c2cccc(O)c2)n1,7.36,1
CHEMBL5639253,CC(C)(C)n1cc(-c2ccnc(NCCCNS(=O)(=O)c3ccc(C(F)(F)F)cc3)c2)c(-c2cccc(O)c2)n1,6.85,1
CHEMBL5639526,CC(C)(C)n1cc(-c2ccnc(NCCCNS(=O)(=O)c3ccc(Br)cc3)c2)c(-c2cccc(O)c2)n1,7.01,1
CHEMBL5641807,COc1ccc(S(=O)(=O)NCCNc2cc(-c3cn(C(C)(C)C)nc3-c3cccc(O)c3)ccn2)cc1,7.25,1
CHEMBL5641827,CC(C)(C)n1cc(-c2ccnc(NCCCNS(=O)(=O)c3ccccc3)c2)c(-c2cccc(O)c2)n1,8.43,1
CHEMBL5641873,CC(C)(C)n1cc(-c2ccnc(NCCCNS(=O)(=O)c3cccc4ccccc34)c2)c(-c2cccc(O)c2)n1,7.09,1
CHEMBL5641916,CC(C)(C)n1cc(-c2ccnc(NCCCNS(=O)(=O)c3ccc(F)cc3)c2)c(-c2cccc(O)c2)n1,8.46,1
CHEMBL5646811,Cc1ccc(S(=O)(=O)NCCCNc2cc(-c3cn(C(C)(C)C)nc3-c3cccc(O)c3)ccn2)cc1,7.82,1
CHEMBL5647005,COc1ccc(S(=O)(=O)NCCCNc2cc(-c3cn(C(C)(C)C)nc3-c3cccc(O)c3)ccn2)cc1,7.145,2
CHEMBL5647475,CC(C)(C)n1cc(-c2ccnc(NCCCNS(=O)(=O)c3cccc(F)c3)c2)c(-c2cccc(O)c2)n1,8.17,1
CHEMBL5665388,Cc1cc2nc(-c3ccccc3)cc(N3CCC(N(C)C)C3)n2n1,4.7,1
CHEMBL568116,CN1CCN(c2ncn(-c3ccc(Nc4nccc(-c5cc(F)cc(N6CCOCC6)c5)n4)cc3)n2)CC1,6.99,1
CHEMBL570554,Cc1ncn(-c2ccc(Nc3nccc(-c4cc(C#N)cc(N5CCOCC5)c4)n3)cc2)n1,7.27,1
CHEMBL571023,c1cncc(-c2ncn(-c3ccc(Nc4nccc(-c5cccc(N6CCOCC6)c5)n4)cc3)n2)c1,7.01,1
CHEMBL571434,Cn1nnc(-c2ccc(Nc3nccc(-c4cc(C#N)cc(N5CCOCC5)c4)n3)cc2)n1,7.35,1
CHEMBL571619,NC(=O)c1ccc(Nc2nccc(-c3ccccc3)n2)cc1,6.27,1
CHEMBL571626,CS(=O)(=O)Nc1ccc(-c2ccnc(Nc3ccc(-n4ccnn4)cc3)n2)cc1,7.8,2
CHEMBL572283,c1cc(-c2ccnc(Nc3ccc(-n4ccnn4)cc3)n2)cc(N2CCOCC2)c1,6.91,1
CHEMBL573578,CC(C)(C)n1nc(Cc2cccc3ccccc23)c2c(N)ncnc21,6.725,2
CHEMBL5740773,O=C(Cc1ccc2ccc(C(F)(F)F)nc2c1)Nc1scc(Br)c1-c1nc[nH]n1,5.3,1
CHEMBL5740933,O=C(Cc1cccc2cnccc12)Nc1ccsc1-c1nccs1,5.3,1
CHEMBL5741377,Cc1csc(NC(=O)Cc2cccc3cnccc23)c1-c1nc2ccccc2s1,5.3,1
CHEMBL5760412,N#Cc1csc(NC(=O)Cn2c(=O)ccc3cc(C(F)(F)F)ccc32)c1-n1nnc2ccccc21,5.3,1
CHEMBL5767001,N#Cc1csc(NC(=O)Cn2c(=O)ccc3cc(C(F)(F)F)ccc32)c1-c1cncs1,5.3,1
CHEMBL5776287,COc1nc(-c2sccc2NC(=O)Cc2cccc3cnccc23)cs1,5.3,1
CHEMBL5785702,COc1ccc(CC(=O)Nc2ccsc2-c2nc(C3CC3)n[nH]2)cc1,5.3,1
CHEMBL5790175,COc1ccc(CC(=O)Nc2ccsc2-c2nc(C3CCCO3)n[nH]2)cc1,5.3,1
CHEMBL5801885,O=C(Cn1c(=O)ccc2cc(C(F)(F)F)ccc21)N(CCCN1CCCC1)c1scc(Cl)c1-c1nc[nH]n1,5.3,1
CHEMBL5806549,COc1ccc(CC(=O)Nc2sccc2-c2noc(C)n2)cc1,5.3,1
CHEMBL5822558,Cc1noc(-c2c(C)csc2NC(=O)Cc2cccc3ccccc23)n1,5.3,1
CHEMBL5832498,Cc1csc(NC(=O)Cc2ccc(OCCn3ccnc3)cc2)c1-c1ncn[nH]1,5.3,1
CHEMBL5835605,Cc1csc(-c2sccc2NC(=O)Cc2cccc3cnccc23)n1,5.3,1
CHEMBL5838711,O=C(CN1C(=O)CCc2ccc(Br)cc21)Nc1scc(Br)c1-c1ncn[nH]1,5.3,1
CHEMBL5843594,O=C(Cc1cccc2cc(C(F)(F)F)cnc12)Nc1scc(Br)c1-c1nc[nH]n1,5.3,1
CHEMBL5846952,COc1ccc(CC(=O)Nc2ccsc2-c2nc(C)n[nH]2)cc1,5.3,1
CHEMBL584899,N#Cc1cc(-c2ccnc(Nc3ccc(-n4cnc(-c5ccccn5)n4)cc3)n2)cc(N2CCOCC2)c1,7.41,1
CHEMBL5853722,CCc1n[nH]c(-c2sccc2NC(=O)Cc2ccc(OC)cc2)n1,5.3,1
CHEMBL585725,Cc1ncn(-c2ccc(Nc3nccc(-c4cccc(N5CCOCC5)c4)n3)cc2)n1,6.95,1
CHEMBL585916,CS(=O)(=O)Nc1ccc(-c2ccnc(Nc3ccc(S(N)(=O)=O)cc3)n2)cc1,7.72,1
CHEMBL585951,Fc1cc(-c2cc[nH]/c(=N/c3ccc(-n4cnc(N5CCOCC5)n4)cc3)n2)cc(N2CCOCC2)c1,7.0,2
CHEMBL5864203,O=C(Cc1ccc2c(c1)OCCO2)Nc1ccsc1-c1ncn[nH]1,5.3,1
CHEMBL5868915,O=C(Cc1cc(C(F)(F)F)c2cccnc2c1)Nc1scc(Br)c1-c1nnc[nH]1,5.3,1
CHEMBL5870228,COCn1nnnc1-c1ccsc1NC(=O)Cc1ccc(OC)cc1,5.3,1
CHEMBL5871962,O=C(CN1C(=O)CCc2cnccc21)Nc1ccsc1-c1cscn1,5.3,1
CHEMBL5872939,Cc1cnc(-c2sccc2NC(=O)Cc2cccc3cnccc23)s1,5.3,1
CHEMBL5874435,O=C(CN1C(=O)CCc2ccccc21)Nc1ccsc1-c1cscn1,5.3,1
CHEMBL5893481,O=C(CN1C(=O)CCc2ccccc21)Nc1ccsc1-c1c[nH]cn1,5.3,1
CHEMBL5895589,O=C(Cc1ccc(OCCCN2CCCCC2)cc1)Nc1ccsc1-c1cscn1,5.3,1
CHEMBL5899852,Cc1noc(-c2sccc2NC(=O)Cc2cccc3ccccc23)n1,5.3,1
CHEMBL590109,NCCn1cc(-c2cc(-c3cc4ccccc4s3)c3[nH]ncc3c2)c2nc(N)ncc21,6.28,1
CHEMBL5907864,COc1ccc(CC(=O)Nc2sccc2-c2nnn(C)n2)cc1,5.3,1
CHEMBL5925962,COc1ccc(CC(=O)Nc2sccc2-c2nn[nH]n2)cc1,5.3,1
CHEMBL5938497,N#Cc1csc(NC(=O)Cn2c(=O)ccc3cc(C(F)(F)F)ccc32)c1-n1ccnn1,5.3,1
CHEMBL5941484,Cc1noc(-c2c(C)csc2NC(=O)Cc2ccc(-c3ccncc3)cc2)n1,5.3,1
CHEMBL5946088,COc1ccc(CC(=O)Nc2ccsc2-c2nc(C(C)(C)C)n[nH]2)cc1,5.3,1
CHEMBL5981515,CN(C)CCN(C(=O)Cn1c(=O)ccc2cc(C(F)(F)F)ccc21)c1scc(Cl)c1-c1nc[nH]n1,5.3,1
CHEMBL5986933,COc1ccc(CC(=O)Nc2ccsc2-c2nc(-c3ccncc3)n[nH]2)cc1,5.3,1
CHEMBL5988064,Cc1csc(NC(=O)Cc2cccc3nccnc23)c1-c1ncn[nH]1,5.3,1
CHEMBL599110,COc1ccc(CNc2nnc(Sc3ncc([N+](=O)[O-])s3)s2)cc1,5.04,1
CHEMBL599111,COc1ccc(CCNc2nnc(Sc3ncc([N+](=O)[O-])s3)s2)cc1OC,5.24,1
CHEMBL5993740,COc1ccc(CC(=O)Nc2ccsc2-c2ncn[nH]2)cc1,5.3,1
CHEMBL599518,CCC(C)Nc1nnc(Sc2ncc([N+](=O)[O-])s2)s1,5.52,1
CHEMBL599519,CCNc1nnc(Sc2ncc([N+](=O)[O-])s2)s1,4.0,1
CHEMBL6004520,O=C(Cc1cccc2cnccc12)Nc1ccsc1-c1csc(Cl)n1,5.3,1
CHEMBL6012028,O=C(Cc1cccc2cnccc12)Nc1ccsc1-c1ncco1,5.3,1
CHEMBL6014490,COc1ccc(CC(=O)Nc2ccsc2-c2nnc(C)o2)cc1,5.3,1
CHEMBL601476,O=[N+]([O-])c1cnc(Sc2nnc(NCC3CCCO3)s2)s1,5.0,1
CHEMBL6026572,Cc1n[nH]c(-c2sccc2NC(=O)Cc2ccc(N3CCCC3=O)cc2)n1,5.3,1
CHEMBL6031517,Cc1n[nH]c(-c2sccc2NC(=O)Cc2ccc3c(c2)OCCO3)n1,5.3,1
CHEMBL6037378,N#Cc1csc(NC(=O)CN2C(=O)CCc3ncccc32)c1-c1nc2ccccc2s1,5.3,1
CHEMBL6064472,Cc1csc(NC(=O)Cc2ccc(OCCCN3CCCCC3)cc2)c1-c1ncn[nH]1,5.3,1
CHEMBL609039,CCCNc1nnc(Sc2ncc([N+](=O)[O-])s2)s1,5.17,1
CHEMBL611079,COCCNc1nnc(Sc2ncc([N+](=O)[O-])s2)s1,5.9350000000000005,2
CHEMBL6134087,O=C(Nc1cnn(-c2cccnc2)c1)Nc1cccc2ccccc12,4.58,1
CHEMBL6134490,CC(C)(C)NC(=O)c1cccc(-n2cc(NC(=O)Nc3cccc4ccccc34)cn2)c1,4.2,1
CHEMBL6141745,NC(=O)c1ccccc1Nc1nc(Nc2ccc(C(=O)N3CCC4(CCOC4)CC3)cc2)ncc1Br,8.85,1
CHEMBL6141893,NC(=O)c1ccccc1Nc1nc(Nc2ccccc2)ncc1Br,8.52,1
CHEMBL6143078,Cl.O=C(Nc1cnn(-c2cccc(C(=O)NCC3CCNC3)c2)c1)Nc1cccc2ccccc12,5.99,1
CHEMBL6143219,Cc1ccccc1NC(=O)Nc1cnn(-c2cccc(C(=O)Nc3cnn(C4CCNCC4)c3)c2)c1.Cl,6.88,1
CHEMBL6143839,O=C(Nc1cnn(-c2cccc(C(=O)NC3CCCCC3)c2)c1)Nc1cccc2ccccc12,5.43,1
CHEMBL6145626,O=C(Nc1cnn(-c2cccc(NC(=O)C3CC3)c2)c1)Nc1cccc2ccccc12,4.45,1
CHEMBL6145686,CN1CC2CCC(C1)N2C(=O)c1ccc(Nc2ncc(Br)c(Nc3ccccc3C(N)=O)n2)cc1,8.82,1
CHEMBL6146652,Cl.O=C(Nc1ccc(C(F)(F)F)cc1)Nc1cnn(-c2cccc(C(=O)Nc3cnn(C4CCNCC4)c3)c2)c1,4.6,1
CHEMBL6146904,O=C(Nc1cnn(-c2cccc(C(=O)Nc3cnn(C4CCNCC4)c3)c2)c1)Nc1ccccc1F,6.39,1
CHEMBL6147633,O=C(Nc1cnn(-c2cccc(NC(=O)C(F)(F)F)c2)c1)Nc1cccc2ccccc12,4.47,1
CHEMBL6148238,O=C(Nc1cnn(-c2cccc(C(=O)NC3CCCC3)c2)c1)Nc1cccc2ccccc12,4.87,1
CHEMBL6149033,Cl.O=C(Nc1cccc(C(F)(F)F)c1)Nc1cnn(-c2cccc(C(=O)Nc3cnn(C4CCNCC4)c3)c2)c1,5.13,1
CHEMBL6151222,CCC(=O)Nc1cccc(C(=O)Nc2cccc(-n3cc(NC(=O)Nc4cccc5ccccc45)cn3)c2)c1,4.74,1
CHEMBL6153001,Cc1cc(C(=O)Nc2cnn(C3CCNCC3)c2)cc(-n2cc(NC(=O)Nc3cccc4ccccc34)cn2)c1.Cl,6.45,1
CHEMBL6161393,Cl.O=C(Nc1cnn(-c2cccc(C(=O)Nc3cnn(C4CCNCC4)c3)c2)c1)NC1CCCC1,4.36,1
CHEMBL6161829,C=CC(=O)Nc1ccc(C(=O)Nc2cccc(-n3cc(NC(=O)Nc4cccc5ccccc45)cn3)c2)cc1,5.12,1
CHEMBL6161875,O=C(Nc1cnn(-c2cccc(NCC3CC3)c2)c1)Nc1cccc2ccccc12,4.83,1
CHEMBL6161903,Cl.O=C(Nc1cnn(-c2cccc(C(=O)Nc3cnn(C4CCNCC4)c3)c2)c1)Nc1cccc2ccccc12,6.96,1
CHEMBL6161966,O=C(Nc1cnn(-c2cccc(C(=O)NCC3CCCO3)c2)c1)Nc1cccc2ccccc12,4.96,1
CHEMBL6162508,O=C(Nc1cnn(-c2cccc(NS(=O)(=O)C3CC3)c2)c1)Nc1cccc2ccccc12,5.51,1
CHEMBL6163461,Cc1ccc(-n2cc(NC(=O)Nc3cccc4ccccc34)cn2)cc1C(=O)NC1CC1,5.5,1
CHEMBL6163563,C=CCNC(=O)c1cccc(-n2cc(NC(=O)Nc3cccc4ccccc34)cn2)c1,4.7,1
CHEMBL6163770,O=C(Nc1cnn(-c2cccc(C(=O)NC3CC3)c2)c1)Nc1cccc2ccccc12,5.22,1
CHEMBL6164249,CNC(=O)c1cccc(-n2cc(NC(=O)Nc3cccc4ccccc34)cn2)c1,4.82,1
CHEMBL6164307,O=C(Nc1cnn(-c2cccc(C(=O)O)c2)c1)Nc1cccc2ccccc12,5.2,1
CHEMBL6164886,Cc1cccc(NC(=O)Nc2cnn(-c3cccc(C(=O)Nc4cnn(C5CCNCC5)c4)c3)c2)c1C.Cl,6.87,1
CHEMBL6164909,O=C(Nc1cnn(-c2cccc(C(=O)NCC3CCOC3)c2)c1)Nc1cccc2ccccc12,5.42,1
CHEMBL6164926,O=C(Nc1cnn(-c2ccncc2)c1)Nc1cccc2ccccc12,4.57,1
CHEMBL6165061,O=C(Nc1cnn(-c2ccccc2)c1)Nc1cccc2ccccc12,4.46,1
CHEMBL6165584,Cl.O=C(Nc1cnn(-c2cccc(C(=O)NC3CCNC3)c2)c1)Nc1cccc2ccccc12,6.3,1
CHEMBL6165786,NC(=O)c1ccccc1Nc1nc(Nc2ccc(C(=O)N3CC4CC3CO4)cc2)ncc1Br,9.1,1
CHEMBL6166577,CNC(=O)c1ccc(-n2cc(NC(=O)Nc3cccc4ccccc34)cn2)cc1,4.7,1
CHEMBL6166745,Cl.O=C(Nc1cnn(-c2cccc(C(=O)NC3CCNCC3)c2)c1)Nc1cccc2ccccc12,6.04,1
CHEMBL6166814,C=C(C)CNC(=O)c1cccc(-n2cc(NC(=O)Nc3cccc4ccccc34)cn2)c1,4.74,1
CHEMBL6167279,CCC(=O)Nc1ccc(C(=O)Nc2cccc(-n3cc(NC(=O)Nc4cccc5ccccc45)cn3)c2)cc1,4.58,1
CHEMBL6167363,C=CC(=O)Nc1cc(C(=O)N2CCN(C(=O)c3ccc(CNc4n[nH]c5cccc(Cl)c45)cc3)CC2)ccc1Cl,5.95,1
CHEMBL6168965,CN(C)CCOc1ccc(Nc2nc(Nc3cccc(C(N)=O)c3)ncc2Br)c(C(N)=O)c1,8.42,1
CHEMBL6169324,CC(C)NC(=O)c1cccc(-n2cc(NC(=O)Nc3cccc4ccccc34)cn2)c1,5.16,1
CHEMBL6169990,NC(=O)c1nn(-c2ccnc(N[C@H]3CCCN(C(=O)C4CC4)C3)n2)cc1/C=C/c1ccccc1,7.1,1
CHEMBL6170392,O=C(Nc1cnn(-c2ccc(C(=O)NC3CC3)cc2)c1)Nc1cccc2ccccc12,5.18,1
CHEMBL6170712,O=C(Nc1cnn(-c2cccc(NCc3ccncc3)c2)c1)Nc1cccc2ccccc12,4.12,1
CHEMBL6171292,Cl.O=C(Nc1ccccc1)Nc1cnn(-c2cccc(C(=O)Nc3cnn(C4CCNCC4)c3)c2)c1,6.31,1
CHEMBL6171335,NC(=O)c1cccc(-n2cc(NC(=O)Nc3cccc4ccccc34)cn2)c1,4.87,1
CHEMBL6171384,O=C(Nc1cnn(-c2cccc(NC(=O)c3cc[nH]c3)c2)c1)Nc1cccc2ccccc12,6.17,1
CHEMBL6171595,CCNC(=O)c1cccc(-n2cc(NC(=O)Nc3cccc4ccccc34)cn2)c1,4.93,1
CHEMBL6172059,CCC(CC)NC(=O)c1cccc(-n2cc(NC(=O)Nc3cccc4ccccc34)cn2)c1,5.21,1
CHEMBL6172315,CNC(=O)c1ccnc(-n2cc(NC(=O)Nc3cccc4ccccc34)cn2)c1,4.35,1
CHEMBL6172373,Cl.O=C(Nc1cnn(-c2cccc(C(=O)Nc3cnn(C4CCNCC4)c3)c2)c1)Nc1ccccc1C(F)(F)F,5.3,1
CHEMBL6172406,Cc1ccc(-n2cc(NC(=O)Nc3cccc4ccccc34)cn2)cc1C(=O)Nc1cnn(C2CCNCC2)c1.Cl,7.31,1
CHEMBL6172560,COc1ccccc1Nc1ncc(Br)c(Nc2ccc(OCCN(C)C)cc2C(N)=O)n1,7.93,1
CHEMBL6172943,C#CCNC(=O)c1cccc(-n2cc(NC(=O)Nc3cccc4ccccc34)cn2)c1,5.86,1
CHEMBL6173082,CNC(=O)c1cccc(-n2cc(NC(=O)Nc3cccc4ccccc34)cn2)n1,4.69,1
CHEMBL6173295,CN(C)C(=O)c1cccc(-n2cc(NC(=O)Nc3cccc4ccccc34)cn2)c1,4.32,1
CHEMBL6173569,CN(C)CCOc1ccc(Nc2nc(Nc3ccc(C(F)(F)F)cc3)ncc2Br)c(C(N)=O)c1,7.97,1
CHEMBL6174590,CN(C)CCOc1ccc(Nc2nc(Nc3ccc(C(N)=O)cc3)ncc2Br)c(C(N)=O)c1,8.34,1
CHEMBL6174952,COc1cccc(Nc2ncc(Br)c(Nc3ccc(OCCN(C)C)cc3C(N)=O)n2)c1,8.49,1
CHEMBL6175671,O=C(Nc1cnn(-c2cccc(C(=O)Nc3cnn(C4CCNCC4)c3)c2)c1)NC1CC1.O=C(O)C(F)(F)F,4.07,1
CHEMBL6176577,CN(C)CCOc1ccc(Nc2nc(Nc3ccccc3)ncc2Br)c(C(N)=O)c1,8.46,1
CHEMBL6177069,Cc1cc(NC(=O)c2cccc(NC(=O)/C=C\CN(C)C)c2)ccc1Nc1nccc(-c2cccnc2)n1,8.33,1
CHEMBL6177556,COc1ccc(Nc2ncc(Br)c(Nc3ccc(OCCN(C)C)cc3C(N)=O)n2)cc1,8.57,1
CHEMBL64040,CC(C)(C)c1cc(NC(=O)Nc2cccc(Cl)c2Cl)n(-c2cccc(N)c2)n1,6.07,1
CHEMBL7064,O=C1c2ccccc2-c2n[nH]c3cccc1c23,7.173333333333333,6
CHEMBL88486,C[S+]([O-])c1ccc(-c2cc(-c3ccncc3)c(-c3ccc(F)cc3)[nH]2)cc1,4.8,1
CHEMBL90825,CCCCN(Cc1ccc(-c2ccccc2-c2nn[nH]n2)cc1)c1nc(C)cc(C)n1,5.11,1
