molecule_chembl_id,canonical_smiles,pActivity,n_measurements
CHEMBL10,C[S+]([O-])c1ccc(-c2nc(-c3ccc(F)cc3)c(-c3ccncc3)[nH]2)cc1,6.260000000000001,3
CHEMBL103667,Cc1ccc(-n2nc(C(C)(C)C)cc2NC(=O)Nc2ccc(OCCN3CCOCC3)c3ccccc23)cc1,5.85,2
CHEMBL1077116,COc1cc2c(cc1Cl)CCN=C2c1cccc(Cl)c1,4.9,1
CHEMBL1077118,COc1cc2c(cc1OC)C(c1cccc(Cl)c1)=NCC2,5.0,1
CHEMBL1077129,COc1cc2c(cc1Cl)C(c1cccc(Cl)c1F)=NCC2,6.2,1
CHEMBL1077132,COc1cc2c(cc1Cl)C(c1ccccc1)=NCC2,5.2,1
CHEMBL1077137,COc1cc2c(cc1Cl)CCN=C2c1cccc(Br)c1,5.0,1
CHEMBL1079921,CN(C)CCCNC(=O)c1ccc2c(c1)CC(c1nc3ccc(-c4cn[nH]c4)cc3s1)CO2,5.26,1
CHEMBL1080279,COc1cccc(CN(CCN(C)C)C(=O)c2nc3ccc(-c4cn[nH]c4)cc3s2)c1,4.86,1
CHEMBL1080582,c1ccc(-c2noc(CN3CCCCC3)c2-c2ccnc(NC3CCCCC3)n2)cc1,7.58,1
CHEMBL1082866,COc1cc2c(cc1Cl)C(c1ccc(F)cc1)=NCC2,5.3,1
CHEMBL1083185,COc1cc2c(cc1Cl)C(c1cccc(Br)c1)=NCC2,6.4,1
CHEMBL1084664,COc1cc2c(cc1Cl)C(c1cccc(F)c1)=NCC2,5.4,1
CHEMBL1086653,COc1cc2c(cc1OC)C(c1ccc(Cl)c(Cl)c1)=NCC2,5.2,1
CHEMBL1087421,COc1cc2c(cc1Cl)C(c1ccc(Cl)c(Cl)c1)=NCC2,6.9,2
CHEMBL1087544,COc1cc2c(cc1Cl)CCN=C2c1ccc(Cl)c(Cl)c1,4.8,1
CHEMBL1088053,COc1cc2c(cc1Cl)C(c1ccc3ccccc3c1)=NCC2,6.0,1
CHEMBL1088633,COc1cc2c(cc1Cl)C(c1cccc(Cl)c1)=NCC2,6.75,2
CHEMBL1088634,COc1cc2c(cc1Cl)C(c1cccc(C)c1)=NCC2,5.7,1
CHEMBL1092764,CN(C)CCCC(=O)Nc1cc(C(=O)O)cc(-c2n[nH]c3cc(Nc4ccccc4Cl)ccc23)c1,8.52,1
CHEMBL1094013,CCCNc1nccc(-c2c(-c3ccc(F)cc3)nc3n2[C@H](Cc2ccc(OC)cc2)CC3)n1,7.96,1
CHEMBL1213862,O=C1NC(=O)/C(=C2/C(=O)Nc3ccccc32)S1,5.18,1
CHEMBL1222474,O=C(NCCN1CCCC1)c1ccc(-c2cnc3ccc(NCc4ccc(Cl)c(Cl)c4)nn23)cc1,4.05,1
CHEMBL1222992,O=C(NC[C@@H]1CCCN1)c1ccc(-c2cnc3ccc(NCc4cccc(Cl)c4)nn23)cc1,4.11,1
CHEMBL1233747,COc1cc(NC(=O)c2cccc(-n3cc(NC(=O)Nc4ccccc4)cn3)c2)cc(OC)c1OC,7.6,2
CHEMBL1233748,COc1cc(NC(=O)c2cccc(-n3ncc4cc(Nc5ccccc5F)ccc43)c2)cc(OC)c1OC,8.05,2
CHEMBL1233749,C#CCN1CCN(c2c(Cl)cccc2NC(=O)c2ccc(Br)o2)CC1,6.8,1
CHEMBL1287858,COC(=O)c1ccccc1NC(=O)Cc1cccc2ccccc12,5.77,1
CHEMBL1287859,COC(=O)c1cscc1NC(=O)Cc1cccc2ccccc12,6.05,1
CHEMBL1287886,COC(=O)c1n[nH]cc1NC(=O)Cc1cccc2ccccc12,5.27,1
CHEMBL1287887,COC(=O)c1cnccc1NC(=O)Cc1cccc2ccccc12,5.19,1
CHEMBL1287888,O=C(Cc1cccc2ccccc12)Nc1ccsc1-c1nnco1,5.29,2
CHEMBL1287914,O=C(Cc1cccc2ccccc12)Nc1ccsc1-n1ccnc1,5.175,2
CHEMBL1287915,O=C(Cc1cccc2ccccc12)Nc1ccsc1-c1cc[nH]n1,5.37,2
CHEMBL1287916,O=C(Cc1cccc2ccccc12)Nc1ccsc1-c1nc[nH]n1,5.67,2
CHEMBL1287944,Cc1nnc(-c2sccc2NC(=O)Cc2cccc3ccccc23)o1,5.49,2
CHEMBL1287945,Cn1ccc(-c2sccc2NC(=O)Cc2cccc3ccccc23)n1,4.37,1
CHEMBL1287974,Cc1nc(-c2sccc2NC(=O)Cc2cccc3ccccc23)n[nH]1,5.779999999999999,2
CHEMBL1287975,Cc1nc(-c2sccc2NC(=O)Cc2cccc3ccccc23)n(C)n1,4.5,1
CHEMBL1288004,Cc1cc(-c2sccc2NC(=O)Cc2cccc3ccccc23)n[nH]1,5.165,2
CHEMBL1288005,COc1ccc(CC(=O)Nc2ccsc2-n2cncn2)cc1,4.34,1
CHEMBL1288006,COc1ccc(CC(=O)Nc2ccsc2-n2nccn2)cc1,5.5600000000000005,2
CHEMBL1288037,COc1ccc(CC(=O)Nc2ccsc2N2CCOC2=O)cc1,4.43,1
CHEMBL1288038,COc1ccc(CC(=O)Nc2ccsc2-c2n[nH]c(C(F)(F)F)n2)cc1,5.265000000000001,2
CHEMBL1288039,COc1ccc(CC(=O)Nc2ccsc2-c2n[nH]c(N)n2)cc1,5.55,2
CHEMBL1288067,COc1ccc(CC(=O)Nc2ccsc2-c2cn(C)cn2)cc1,4.51,1
CHEMBL1288068,COc1ccc(CC(=O)Nc2ccsc2-c2ncco2)cc1,5.699999999999999,2
CHEMBL1288069,COc1ccc(CC(=O)Nc2ccsc2-c2c[nH]c(C)n2)cc1,4.57,1
CHEMBL1288098,COc1ccc(CC(=O)Nc2ccsc2-c2cnccn2)cc1,5.5600000000000005,2
CHEMBL1288099,O=C(Cc1cccc2ncccc12)Nc1ccsc1-c1nnc[nH]1,5.775,2
CHEMBL1288100,O=C(Cc1cccc2cnccc12)Nc1ccsc1-c1cscn1,6.05,2
CHEMBL1288127,COC(=O)c1ncsc1NC(=O)Cc1cccc2cnccc12,5.8,1
CHEMBL1288128,O=C(Cc1cccc2cnccc12)Nc1scnc1-c1nc[nH]n1,5.695,2
CHEMBL1288129,Cn1ncnc1-c1ncsc1NC(=O)Cc1cccc2cnccc12,5.55,2
CHEMBL1288156,COC(=O)c1sccc1NC(=O)Cc1ccc(OC)cc1,6.0,1
CHEMBL1288157,COC(=O)c1sccc1NC(=O)Cc1ccc(-c2ccncc2)cc1,6.16,1
CHEMBL1288158,COC(=O)c1sccc1NC(=O)Cc1ccc(-n2ccnc2)cc1,5.8,1
CHEMBL1288159,O=C(Cc1cccc2cnccc12)Nc1scnc1-c1cnccn1,5.8149999999999995,2
CHEMBL1288160,O=C(Cc1cccc2cnccc12)Nc1scnc1-c1cscn1,7.11,2
CHEMBL1288186,COC(=O)c1sccc1NC(=O)Cc1ccc(C(F)(F)F)cc1,5.16,1
CHEMBL1288187,COC(=O)c1sccc1NC(=O)Cc1ccc2ccccc2c1,5.41,1
CHEMBL1288188,COC(=O)c1sccc1NC(=O)Cc1cccc2ccccc12,5.82,1
CHEMBL1288214,COC(=O)c1sccc1NC(=O)Cc1ccccc1-c1c[nH]nn1,4.9,1
CHEMBL1288215,COC(=O)c1sccc1NC(=O)Cc1cccc2cnccc12,6.21,1
CHEMBL1288216,COC(=O)c1sccc1NC(=O)Cc1cccc2ncccc12,6.21,1
CHEMBL1288243,CC(C)OC(=O)c1sccc1NC(=O)Cc1ccccc1,5.85,1
CHEMBL1288244,COCCNC(=O)c1sccc1NC(=O)Cc1ccccc1,5.42,1
CHEMBL1288895,COC(=O)c1sccc1NC(=O)Cc1cccs1,5.66,2
CHEMBL1288930,COC(=O)c1sccc1NC(=O)Cc1ccccc1,5.57,1
CHEMBL1288931,COC(=O)c1sccc1NC(=O)Cc1ccncc1,4.76,1
CHEMBL1288932,CC(=O)c1sccc1NC(=O)Cc1ccccc1,4.77,1
CHEMBL1288964,C/C(=N/O)c1sccc1NC(=O)Cc1ccccc1,4.54,1
CHEMBL1288966,CCOC(=O)c1sccc1NC(=O)Cc1ccccc1,6.16,1
CHEMBL1288993,NC(=O)c1sccc1NC(=O)Cc1ccccc1,5.36,1
CHEMBL1301287,O=C1C(c2ccncc2)=C(O)c2ccccc21,5.17,1
CHEMBL1301494,CCOC(=O)CCC(NC(=O)c1ccc(NCN2C(=O)c3ccccc3C2=O)cc1)C(=O)OCC,4.88,1
CHEMBL1303401,O=C(c1ccc(Cn2c(=O)[nH]c3ccccc3c2=O)cc1)N1CCN(c2ccc(F)cc2)CC1,5.08,1
CHEMBL1304910,COc1cccc(C2=NOC(C(=O)NC3CCCCC3)C2)c1,4.46,1
CHEMBL1306899,Cn1c(C(=O)NCc2ccco2)cc2c(O)nc3ccccc3c21,4.5,1
CHEMBL1307032,CCn1cc(C2=NOC(C(=O)Nc3ccccc3C(=O)OC)C2)c(C)n1,5.72,1
CHEMBL1307136,COc1ccc(CC(=O)Nc2nc3ccccc3s2)cc1S(=O)(=O)N1CCOCC1,4.61,1
CHEMBL1307610,COC(=O)c1ccccc1NC(=O)C1CC(c2ccccc2O)=NO1,4.47,1
CHEMBL1307730,NC(=O)c1ccsc1NC(=O)c1ccc(S(=O)(=O)N2CCCCC2)cc1,5.05,1
CHEMBL1308000,C=C(C)COc1ccc(-c2nc(N)ncc2-c2ccc(OC)cc2)c(O)c1,4.53,1
CHEMBL1309187,COc1cccc(C2=NOC(C(=O)Nc3cccc(C(C)=O)c3)C2)c1,4.89,1
CHEMBL1310505,COC(=O)c1cc(Br)c(=O)n(Cc2ccncc2)c1,4.18,1
CHEMBL1313961,COc1ccc(OC)c(Nc2nc(N)nc(-c3cc4ccccc4o3)n2)c1,4.32,1
CHEMBL1319281,O=C(NCc1ccccn1)c1[nH]nc2ccccc12,4.55,1
CHEMBL1320813,O=C(Cn1cnc2ccccc2c1=O)Nc1ccc(-c2nnc3n2CCCCC3)cc1,4.53,1
CHEMBL1323269,O=C1CCCc2nn(-c3ccccc3)c(-c3ccncc3)c21,4.37,1
CHEMBL1324221,C=CCn1c(SCC(=O)Nc2sccc2C(N)=O)nc2sc(C)c(C)c2c1=O,5.1,1
CHEMBL1325688,CC(=O)Nc1ccc(S(=O)(=O)N2CCC(n3cnc4cc(F)ccc43)CC2)cc1,4.49,1
CHEMBL1325960,COC(=O)c1ccsc1NC(=O)C1=COCCO1,5.04,1
CHEMBL1327038,COc1ccc(-c2cnc(N)nc2-c2ccc(OC)cc2O)cc1,4.7,1
CHEMBL1329293,CCOc1ncccc1C(=O)Nc1cccc(C(=O)Nc2cccc(S(=O)(=O)CCO)c2)c1,5.25,1
CHEMBL1329408,Nc1nc(-c2ccccc2)cc(-c2ccccc2O)n1,4.39,1
CHEMBL1333047,O=C1c2ccccc2C(=O)C1c1ccncc1,4.74,1
CHEMBL1336298,C/C(Nc1cccc(F)c1)=C(/C#N)C(N)=O,4.98,1
CHEMBL1336927,Brc1ccc(-c2nn3c(-c4ccco4)nnc3s2)o1,4.24,1
CHEMBL1337188,COC(=O)c1ccccc1NC(=O)COc1ccccc1,4.54,1
CHEMBL1337299,NC(=O)c1c(NC(=O)Cc2cccs2)sc2c1CCC2,4.55,1
CHEMBL1337355,O=C(CCCn1c(=S)[nH]c2ccccc2c1=O)NCc1ccco1,4.31,1
CHEMBL1337775,Brc1ccc2nc3c(n2c1)CCCC3,4.86,1
CHEMBL1339933,CCN(CC)S(=O)(=O)c1ccc2[nH]c(COC(=O)c3[nH]nc4ccccc34)nc2c1,6.4,1
CHEMBL1342633,COc1cccc(NC(=O)CCCn2c(=O)[nH]c3ccccc3c2=O)c1,4.32,1
CHEMBL1343539,Cc1ccc(NC(=O)CCCCCC2NC(=O)NC2C)cc1,5.74,1
CHEMBL1343750,COc1cccc2c(O)c(C(=O)NCc3cccs3)cnc12,4.72,1
CHEMBL1344527,CC(Sc1ccc2ccccc2n1)C(=O)O,5.31,1
CHEMBL1345273,NC(=O)c1cc(Cc2ccccc2)sc1NC(=O)c1ccco1,5.34,1
CHEMBL1345738,COC(=O)c1cc(Br)c(=O)n(Cc2ccc(C(=O)O)cc2)c1,4.55,1
CHEMBL1345922,NC(=O)c1ccsc1NC(=O)C1CCCCC1,4.59,1
CHEMBL1347258,Cc1ccc(S(=O)(=O)NCCCCCC(=O)Nc2nccs2)cc1,4.34,1
CHEMBL1349023,Cc1oc2ccc(OCC(N)=O)cc2c1C(=O)OC(C)C,4.35,1
CHEMBL1349172,N#Cc1c(N)nc(SCc2ccncc2)c(C#N)c1-c1cccs1,4.26,1
CHEMBL1349350,NC(=O)c1ccsc1NC(=O)CSc1nc2ccccc2c(=O)n1CCCO,5.14,1
CHEMBL1349875,COc1cccc(C2=NOC(C(=O)Nc3cccnc3)C2)c1,4.9,1
CHEMBL1351746,CCc1cc(=O)oc2cc(C)cc(O)c12,4.49,1
CHEMBL1352869,CCn1ncc(C2=NOC(C(=O)Nc3ccccc3C(=O)OC)C2)c1C,5.74,1
CHEMBL1358988,CCOC(=O)c1ccccc1NC(=O)CN(c1ccccc1)S(=O)(=O)N(C)C,4.31,1
CHEMBL1359573,Cc1cccc(-n2ncc3c(NCc4cccs4)ncnc32)c1,4.14,1
CHEMBL1359999,O=C(Nc1ccccc1N1CCCC1)c1ccc(Br)o1,4.19,1
CHEMBL1360489,O=C(C1CCC(Cn2c(=S)[nH]c3ccccc3c2=O)CC1)N1CCN(c2ccccc2)CC1,6.03,1
CHEMBL1360631,COc1ccc(COC(=O)c2[nH]nc3ccccc23)cc1F,4.94,1
CHEMBL1362814,CCCc1nc(SCC(=O)Nc2cc(C)on2)c2ccccc2n1,4.08,1
CHEMBL1365941,Cc1ccccc1-n1nc(C)c2cc(C(=O)NCc3cccnc3)sc21,4.97,1
CHEMBL1367073,COc1cc(NC(=O)C2CC(c3cccc(OC)c3OC)=NO2)cc(OC)c1OC,5.38,1
CHEMBL1367188,CCOC(=O)c1cnc2ccc(Cl)cc2c1N1CCN(C)CC1,4.59,1
CHEMBL1368821,c1ccc(Nc2ccccc2Nc2ccccn2)nc1,4.73,1
CHEMBL1369507,NC(=O)c1ccsc1NC(=O)c1ccco1,4.98,1
CHEMBL1370293,CN1C=CC(=C2C(=O)c3ccccc3C2=O)C=C1,4.54,1
CHEMBL1370575,COc1cc(C(=O)NCc2cn3ccsc3n2)cc(OC)c1OC,4.28,1
CHEMBL1370652,O=C(CNC(=O)c1ccc(Br)o1)Nc1cccc(-c2cnc3ccccc3n2)c1,4.38,1
CHEMBL1371099,Cc1ccc(Nc2cc(-n3nc(C)cc3C)ncn2)cc1,4.87,1
CHEMBL1371386,c1ccc(-n2ncc3c(NCc4ccco4)ncnc32)cc1,4.21,1
CHEMBL1372085,O=Nc1c2[nH]c3ccccc3[n+]([O-])c-2c2ccccc12,5.47,1
CHEMBL1372214,Cc1cc(C)n(-c2ccc(C(=O)Nc3sccc3C(N)=O)cc2)n1,4.35,1
CHEMBL1372854,Cc1nn(C)cc1CNC(=O)c1cnn2c(C(F)F)cc(C3CC3)nc12,4.57,1
CHEMBL1372889,CCCN1C=CC(=C2C(=O)c3ccccc3C2=O)C=C1,5.01,1
CHEMBL1372916,O=C(NCc1nc2cc(Br)c[nH]c-2n1)c1ccccc1,4.42,1
CHEMBL1374054,COc1ccc(Cl)cc1-c1nnc(S)o1,4.79,1
CHEMBL1374204,Cc1ccc(C(=O)C2=C(O)C(=O)N(CCCn3ccnc3)C2c2ccc(OC(C)C)cc2)o1,4.43,1
CHEMBL1374352,CN(c1ccc(C(=O)Nc2nccs2)cc1)S(=O)(=O)c1ccccc1,4.33,1
CHEMBL1375423,CCOc1ccc(C(C)=O)cc1Cn1nc(C(=O)O)c2ccccc2c1=O,4.45,1
CHEMBL1377245,O=C(NCc1cccnc1)c1cccc2c1C(=O)N(C1CCCCC1)C2,4.56,1
CHEMBL1377449,Cc1nc(NCc2ccco2)c(C#N)c2c1COC(C)(C)C2,4.43,1
CHEMBL1379677,O=C1c2ccccc2-c2onc3ccc(NCCCn4ccnc4)c1c23,4.65,1
CHEMBL1379970,CCN1C=CC(=C2C(=O)c3ccccc3C2=O)C=C1,4.36,1
CHEMBL1381330,N#Cc1ccc(NC(=O)C2CC(c3ccc(F)cc3)=NO2)cc1,5.1,1
CHEMBL1382723,c1ccc2[nH]c3c4ccccc4nc-3nc2c1,4.86,1
CHEMBL1384896,Cc1ccccc1-n1c(SCc2cc(=O)n3ccccc3n2)nc2nncc-2c1O,4.38,1
CHEMBL1386265,O=C(Nc1ccccc1N1CCOCC1)c1ccc(Br)o1,5.2,1
CHEMBL1391112,CC(C)n1nc(C(=O)OCC(=O)N(C)C2CCS(=O)(=O)C2)c2ccccc2c1=O,4.45,1
CHEMBL1391385,CC1NC(=O)NC1CCCCCC(=O)NCCc1ccccc1,5.2,1
CHEMBL1392612,O=C(CCn1cnc2ccccc2c1=O)Nc1ccc(S(=O)(=O)N2CCCCC2)cc1,4.42,1
CHEMBL1392784,COc1ccc(CN/C(C)=C(/C#N)C(N)=O)cc1OC,5.08,1
CHEMBL1392879,CCOC(=O)CSc1nc2c(sc3ccccc32)c(=O)n1CCCN1CCOCC1,4.4,1
CHEMBL1399107,COc1cccc2c(O)c(C/C=C(/C)Cl)c(C)nc12,4.12,1
CHEMBL1400863,COC(=O)c1ccccc1NC(=O)CN1CCN(C(=O)c2ccco2)CC1,4.46,1
CHEMBL1401280,c1ccc(CNc2ncnc3c2cnn3-c2ccccc2)cc1,4.12,1
CHEMBL1401485,O=C(Nc1nncs1)c1ccc(N2C(=O)C3C4C=CC(C4)C3C2=O)cc1,4.2,1
CHEMBL1403868,CCCC(=O)Nc1cc(C)c2c(=O)oc3ccccc3c2n1,4.26,1
CHEMBL1412291,O=C(c1ccc(Cn2c(=O)[nH]c3ccccc3c2=O)cc1)N1CCN(c2ccc(Cl)cc2)CC1,4.06,1
CHEMBL1413946,N#CCCSc1ncnc2c1oc1ccccc12,4.56,1
CHEMBL1414184,COC(=O)c1sccc1NC(=O)c1csc(C)c1,4.41,1
CHEMBL1414492,COC(=O)c1ccccc1NC(=O)c1ccc(NS(C)(=O)=O)cc1,4.26,1
CHEMBL1414671,COc1ccc2c(Cl)c(C(N)=O)sc2c1,4.17,1
CHEMBL1416028,CCOc1ccc(CC(=O)Nc2c(C(N)=O)oc3ccccc23)cc1OCC,5.37,1
CHEMBL1416641,CCOc1cc(C2NC(=O)NC(C)=C2C(=O)OCc2ccccc2)ccc1O,4.46,1
CHEMBL1417364,CCCCC(=O)Nc1cccc(NC(=O)c2ccc(Br)o2)c1,4.42,1
CHEMBL1418336,COC(=O)c1ccccc1NC(=O)CSc1nc(N)cc(N)n1,4.93,1
CHEMBL1419933,CN1CCN(c2ccccc2NC(=O)c2ccc(Br)o2)CC1,4.99,1
CHEMBL1420552,CCN1CCN(c2c(Cl)cccc2NC(=O)c2ccc(Br)o2)CC1,5.890000000000001,2
CHEMBL1420829,Cc1ccnc(NC(=O)CCCOc2cc(=O)n(C)c3ccccc23)c1,4.21,1
CHEMBL1421889,O=S(=O)(c1ccc2c(c1)OCCO2)N1CCC(n2cnc3cc(F)ccc32)CC1,4.31,1
CHEMBL1423096,Clc1ccc2[nH]c3c(c2c1)CCc1c[nH]nc1-3,5.67,1
CHEMBL1423507,O=C(CCCCCn1c(SCc2ccncc2)nc2ccccc2c1=O)NCc1ccco1,4.14,1
CHEMBL1423779,CCOc1ccc(-c2nc(N)ncc2-c2ccccc2)c(O)c1,4.9,1
CHEMBL1425417,CNC(=O)c1[nH]cnc1C(=O)Nc1cccc(OC)c1,4.3,1
CHEMBL1426468,COC(=O)c1sccc1NC(=O)c1ccc(OC)cc1,4.57,1
CHEMBL1427588,NC(=O)c1c(NC(=O)C2CCCO2)sc2c1CCC2,4.37,1
CHEMBL1428011,CC1=C(C(=O)OC2CCCCCCC2)C(c2ccc(O)cc2)NC(=O)N1,4.38,1
CHEMBL1428357,COc1ccc(C2=NOC(C(=O)Nc3ccc(C(C)=O)cc3)C2)cc1OC,4.49,1
CHEMBL1429270,COC(=O)c1ccccc1NC(=O)CN1CCC(NC(=O)c2ccccc2C)CC1,5.38,1
CHEMBL1429633,COc1cccc(OCC(=O)Nc2ccccc2C(N)=O)c1,4.26,1
CHEMBL1429706,Cc1cc(NC(=O)CSC2=Nc3ccccc3C3=NC(Cc4ccccc4)C(=O)N23)[nH]n1,4.95,1
CHEMBL1432163,COc1ccc(C(C)=O)cc1COC(=O)c1cc(C)oc1C,4.21,1
CHEMBL1432472,CCOC(=O)c1c(C)nsc1S,4.51,1
CHEMBL1439313,CC(=O)Nc1cccc(-c2nc3ccccc3c(=O)o2)c1,4.38,1
CHEMBL1439904,N#Cc1c(O)nc(SCC(=O)Nc2cccc(Cl)c2)nc1-c1ccco1,4.53,1
CHEMBL1440703,CC(=O)Nc1cc(OC(C)=O)c2nonc2c1OC(C)=O,4.33,1
CHEMBL1445111,O=C(C1CCC(Cn2c(=O)[nH]c3ccccc3c2=O)CC1)N1CCN(c2ccccc2)CC1,6.3,1
CHEMBL1446875,CC1=CC(=C2C(=O)c3ccccc3C2=O)C=C(C)N1C,4.38,1
CHEMBL1447733,Fc1cccc(Nc2cc(-n3cccn3)ncn2)c1,5.16,1
CHEMBL1449655,c1ccc(-n2nc3ccc4c[nH]nc4c3n2)cc1,4.37,1
CHEMBL1451996,O=C(C1CCC(Cn2c(=S)[nH]c3ccccc3c2=O)CC1)N1CCOCC1,4.78,1
CHEMBL1452914,COC(=O)c1ccccc1NC(=O)CN1CCC(C(=O)c2ccc3c(c2)OCCO3)CC1,4.62,1
CHEMBL1454081,O=c1c2ccccc2[nH]c(=S)n1Cc1cccnc1,4.62,1
CHEMBL1454264,O=C1NC(=O)c2c(NC(=O)C3CCCO3)cccc21,4.25,1
CHEMBL1454594,COC(=O)c1ccsc1NC(=O)C1COc2ccccc2O1,4.57,1
CHEMBL1454635,NC(=O)c1ccsc1NC(=O)C1CC1,4.48,1
CHEMBL1454779,O=C(CCCCCn1c(SCC(=O)c2ccccc2)nc2ccccc2c1=O)NCc1ccco1,4.41,1
CHEMBL1455269,CCOC(=O)c1ccccc1NC(=O)COc1ccccc1,4.53,1
CHEMBL1455874,CCOC(=O)c1c(-c2ccc(OC)cc2)n[nH]c1N,4.2,1
CHEMBL1457783,c1ccc(-c2onc3cc4c(cc23)OCCO4)cc1,4.3,1
CHEMBL1458153,O=C(CCCCCn1c(=S)[nH]c2ccccc2c1=O)N1CCC2(CC1)OCCO2,4.53,1
CHEMBL1458559,CCCc1cc(O)n2c(n1)nc1ccccc12,4.46,1
CHEMBL1459123,Cc1ccc2c(CC(=O)Nc3sccc3C(N)=O)coc2c1,4.68,1
CHEMBL1461003,COc1ccc(NC(=O)CCCCn2c(=O)[nH]c3ccccc3c2=O)cc1,4.26,1
CHEMBL1461987,COc1ccc(CC(=O)Nc2cc(C)ccn2)cc1,4.67,1
CHEMBL1462110,COC(=O)c1ccccc1NC(=O)C1CC(c2ccc(F)cc2)=NO1,5.04,1
CHEMBL1462869,COc1cc(CN/C(C)=C(\C#N)C(N)=O)cc(OC)c1OC,5.14,1
CHEMBL1463060,COc1cccc(C2=NOC(C(=O)Nc3ccc(OC)c(OC)c3)C2)c1,5.34,1
CHEMBL1465291,COC(=O)c1cc(Br)c(=O)n(Cc2ccc(OC)c(OC)c2)c1,5.17,1
CHEMBL1466356,CSCCC(Nc1ncnc2ccc(Br)cc12)C(=O)O.Cl,4.35,1
CHEMBL1470122,CCOc1ccccc1NC(=O)COc1cccc(-n2cnnn2)c1,4.16,1
CHEMBL1471674,COc1ccc(C(=O)n2nc(-c3ccccc3)nc2N)cc1OC,4.72,1
CHEMBL1472407,Cc1nc2cccc(C(=O)NCc3ccccc3)c2o1,4.34,1
CHEMBL1477311,O=C(c1ccc(Cn2c(=O)[nH]c3ccccc3c2=O)cc1)N1CCN(c2ccccc2)CC1,5.1,1
CHEMBL1477887,O=C(c1ccc(Cn2c(=O)[nH]c3ccccc3c2=O)cc1)N1CCN(c2ccccn2)CC1,4.98,1
CHEMBL1480089,COC(=O)c1sccc1NC(=O)C1CC=CCC1C(=O)O,4.7,1
CHEMBL1480110,O=C(CCCn1c(=S)[nH]c2ccccc2c1=O)NC1CCCC1,4.19,1
CHEMBL1480223,COc1cccc(C(=O)Nc2c(C(N)=O)oc3ccccc23)c1,4.49,1
CHEMBL1481517,Fc1cc2nccnc2cc1N1CCSCC1,4.3,1
CHEMBL1483570,Cc1cc(NC(=O)C2CC(c3ccc(F)cc3)=NO2)no1,4.55,1
CHEMBL1486096,COCCCNC(=O)c1ccc(Cn2c(=O)[nH]c3ccccc3c2=O)cc1,5.21,1
CHEMBL1486228,CCOC(=O)c1ccc(Cn2cnc3ccccc3c2=O)cc1,4.91,1
CHEMBL1486831,Fc1ccc2[nH]c3nc4ccccc4c-3nc2c1,4.74,1
CHEMBL1488035,CCn1nc(-c2ccccc2)nc2c(=O)n(C)c(=O)nc1-2,4.44,1
CHEMBL1490070,COC(=O)c1ccccc1NC(=O)CN1C(=O)C2CCCN2c2ncc(Cl)cc21,4.74,1
CHEMBL1490940,C/C(Nc1ccc(F)cc1)=C(/C#N)C(N)=O,4.57,1
CHEMBL1491318,Cn1c(=O)c2c(-c3ccccc3)n3c4ccccc4ncc3c2n(C)c1=O,5.03,1
CHEMBL1492324,N#Cc1c(O)nc(SCc2ccc(F)cc2)nc1-c1ccco1,4.87,1
CHEMBL1492655,O=c1c2c(nc3n1CCCCC3)sc1c(O)cccc12,4.25,1
CHEMBL1492799,CS(=O)(=O)N1CCN(c2ccccc2NC(=O)CSc2ccc(Cl)cc2)CC1,4.04,1
CHEMBL1494345,NC(=O)c1ccsc1NC(=O)COc1ccccc1,4.42,1
CHEMBL1494965,COc1ccc2c(c1)c1ncn(Cc3ccco3)c(=O)c1n2C,4.05,1
CHEMBL1495244,COc1ccc(CC(=O)Nc2nc(C)cs2)cc1OC,4.55,1
CHEMBL1496523,Cn1c(C(=O)N2CCN(Cc3ccc4c(c3)OCO4)CC2)cc2c(=O)n(C)c3ccccc3c21,4.14,1
CHEMBL1498547,Cn1nnnc1SCc1ccc(C(=O)Nc2nccs2)cc1,4.25,1
CHEMBL1498885,COc1cc(C(=O)NCc2cn3ccccc3n2)cc(OC)c1OC,5.1,1
CHEMBL1499974,CCOC(=O)C1CCN(C(=O)CCCCn2c(=O)[nH]c3ccccc3c2=O)CC1,4.54,1
CHEMBL1500025,COc1cccc(C2=NOC(C(=O)Nc3ccc(C(C)=O)cc3)C2)c1,5.1,1
CHEMBL1501724,CC1=CC(=C2C(=O)c3ccccc3C2=O)C=C(C)N1Cc1ccco1,4.64,1
CHEMBL1502894,CCc1ccc(-n2c(SCC(=O)Nc3cc(C)[nH]n3)nc3nncc-3c2O)cc1,5.39,1
CHEMBL1505364,Br.CC(=O)c1sc(Nc2ccccn2)nc1C,4.39,1
CHEMBL1511773,O=C(CCn1cnc2ccccc2c1=O)Nc1ccc(S(=O)(=O)N2CCCC2)cc1,4.42,1
CHEMBL1517409,COC(=O)c1cc(Br)c(=O)n(-c2nccs2)c1,4.11,1
CHEMBL1518163,O=C(COC(=O)c1[nH]nc2ccccc12)Nc1ccc(S(=O)(=O)N2CCCC2)cc1,5.17,1
CHEMBL1519409,COC(=O)c1ccccc1NC(=O)COC(=O)c1ccco1,4.25,1
CHEMBL1520065,COC(=O)c1sccc1NC(=O)c1ccc(Br)o1,4.7,1
CHEMBL1520998,CC(=O)c1ccc(NC(=O)C2CC(c3ccc(F)cc3)=NO2)cc1,5.16,1
CHEMBL1522377,CCCC(=O)Nc1ccc(Cl)c(NC(=O)c2ccc(Br)o2)c1,4.43,1
CHEMBL1522425,COC(=O)c1sccc1NC(=O)CN1CCN(c2ccc(F)cc2)CC1,4.81,1
CHEMBL1524448,COC(=O)c1c(NC(=O)Cc2cccs2)sc(C)c1C,4.46,1
CHEMBL1524458,CCCc1nc(SCC(=O)N2CCCC2)c2ccccc2n1,4.3,1
CHEMBL1525187,N#Cc1c(NCc2ccccc2)ccnc1NCc1cccnc1,5.4,1
CHEMBL1525418,COc1cccc(C2=NOC(C(=O)Nc3cccc(C(C)=O)c3)C2)c1OC,4.61,1
CHEMBL1525902,Cc1ccccc1-c1nnc(S)o1,4.26,1
CHEMBL1526703,CCOC(=O)N1CCN(C(=O)C2CCC(Cn3c(=S)[nH]c4ccccc4c3=O)CC2)CC1,5.49,1
CHEMBL1527065,CCCn1cc(NC(=O)C2CC(c3cccc(Br)c3)=NO2)cn1,5.13,1
CHEMBL1527108,CCC1S/C(=C(\C#N)C(N)=O)N(c2ccc(F)cc2)C1=O,4.49,1
CHEMBL1527476,COc1cc(NC(=O)c2ccc(COc3ccccc3Br)o2)cc(OC)c1OC,4.48,1
CHEMBL1527654,COc1ccccc1NC(=O)COc1ccc(CO)cc1Cl,4.16,1
CHEMBL1528299,Cc1cn(S(=O)(=O)c2ccc(Br)c3ccccc23)cn1,4.81,1
CHEMBL1529808,CCCN1Cc2cccc(C(=O)NCc3ccccc3)c2C1=O,4.24,1
CHEMBL1536681,c1ccc(-c2[nH]nc3c2CCC3)cc1,4.29,1
CHEMBL1536771,C/C(NC1CCCC1)=C(/C#N)C(N)=O,4.48,1
CHEMBL1537195,Cc1nc(SCCC(=O)O)c2ccccc2n1,5.22,1
CHEMBL1540020,O=C(NCc1nc2ccccc2[nH]1)c1cccs1,4.37,1
CHEMBL1540545,COc1ccc(C(C)=O)cc1COC(=O)c1c(C)noc1C,4.4,1
CHEMBL1540912,COc1ccc(-c2c(C#N)c(S)nc3c2CCC3)cc1,4.75,1
CHEMBL1542195,Cc1cc(NC(=O)COC(=O)c2[nH]nc3ccccc23)no1,4.2,1
CHEMBL1543571,COC(=O)c1ccccc1NC(=O)CN1CCC(NC(=O)c2ccc(C)cc2)CC1,5.5,1
CHEMBL1545025,COC(=O)c1ccccc1NC(=O)CSc1ccccn1,4.45,1
CHEMBL1545185,O=C(O)CCSc1ccc2ccccc2n1,4.46,1
CHEMBL1545599,COC(=O)c1cccc(NC(=O)CN2CCC(NC(=O)c3cc(OC)c(OC)c(OC)c3)CC2)c1,5.77,1
CHEMBL1545746,NC(=O)c1oc2ccccc2c1NC(=O)c1ccc(F)cc1,4.62,1
CHEMBL1547674,CCOc1ccc(C(=O)Nc2c(C(N)=O)oc3ccccc23)cc1,4.46,1
CHEMBL1548061,COC(=O)c1cccc(Cn2nnc3ccccc3c2=O)c1,4.1,1
CHEMBL1548293,Cc1ccc(Nc2cc(-n3nc(C)cc3C)ncn2)c(C)c1,4.75,1
CHEMBL1549692,N#Cc1sc2nc3c(c(-c4ccco4)c2c1N)CCCC3,4.16,1
CHEMBL1555581,Cc1cc(C(F)F)n2ncc(C(=O)NCc3ccccc3C(F)(F)F)c2n1,4.58,1
CHEMBL1555880,COc1ccc2nc(NC(=O)Cc3ccc(OC)c(S(=O)(=O)N4CCOCC4)c3)sc2c1,4.55,1
CHEMBL1558177,COc1ccc(COC(=O)C2=C(C)NC(=O)NC2c2ccc(O)c(OC)c2)cc1,4.47,1
CHEMBL1559474,CCOC(=O)c1ccccc1NC(=O)CSc1ncc(C(=O)OCC)c(N)n1,5.18,1
CHEMBL1561032,Cc1ccccc1Nc1nn2c(=O)c3ccccc3nc2s1,4.41,1
CHEMBL1561325,CCCOc1ccc(C2C(C(=O)c3ccc(C)o3)=C(O)C(=O)N2CCCn2ccnc2)cc1,4.71,1
CHEMBL1562951,NC(=O)c1ccsc1NC(=O)c1cccs1,5.58,1
CHEMBL1563069,COC(=O)c1ccsc1NC(=O)CN1CCN(c2ccc(F)cc2)CC1,4.81,1
CHEMBL1563647,COC(=O)c1c(C#N)c(N)nc2c1CCCC2,4.22,1
CHEMBL1565318,NC(=O)c1oc2ccccc2c1NC(=O)c1ccco1,5.0,1
CHEMBL1566655,O=C(CSc1ncccc1-c1nc2ccccc2[nH]1)N1CCN(c2ccccc2F)CC1,4.25,1
CHEMBL1567258,O=C1NC2=C(C(=O)c3ccccc32)C(c2ccccc2)N1,4.42,1
CHEMBL1568840,Cc1nc(CSc2nc3nncc-3c(O)n2-c2ccccc2)cs1,6.09,1
CHEMBL1569232,O=C1c2ccccc2-c2onc3ccc(NCc4ccco4)c1c23,4.62,1
CHEMBL1570276,Cc1ccc2nc(Cc3ccc(N)cc3)oc2c1,4.3,1
CHEMBL1570672,CCOC(=O)CSc1nc2ccccc2c(=O)n1CCCCCC(=O)NCc1ccco1,4.36,1
CHEMBL1572205,CCCCC(=O)Nc1ncc(Br)s1,4.26,1
CHEMBL1572342,CCCCC(=O)Nc1sc2c(c1C(N)=O)CCC2,4.79,1
CHEMBL1574263,Cc1ccc(C)c(N2CCN(C(=O)c3ccc(Cn4c(=O)[nH]c5ccccc5c4=O)cc3)CC2)c1,4.17,1
CHEMBL1577147,CCOC(=O)c1c(-c2ccccc2)[nH]c2ccc(O)cc12,4.65,1
CHEMBL1577637,Cc1ccc2[nH]c3c(c2c1)CCc1c[nH]nc1-3,4.78,1
CHEMBL1578957,COc1cc(CC(=O)Nc2ncc(C)s2)cc(OC)c1OC,4.88,1
CHEMBL1579427,COC(=O)c1cc(Br)c(=O)n(Cc2ccc3c(c2)OCO3)c1,5.17,1
CHEMBL1579483,COc1cccc(C2=NOC(C(=O)Nc3cc(OC)c(OC)c(OC)c3)C2)c1,5.69,1
CHEMBL1582724,COC(=O)c1sccc1NC(=O)c1ccncc1,4.48,1
CHEMBL1583874,NC(=O)c1cc(Br)cc2c3c([nH]c12)CCCC3,4.9,1
CHEMBL1584518,Cc1ccc(NC(=O)C2CC(c3ccc(F)cc3)=NO2)cc1,4.49,1
CHEMBL1586967,CC(=O)c1c(C)[nH]c(C(=O)OCn2nnc3ccccc3c2=O)c1C,4.47,1
CHEMBL1588030,CCCN1Cc2cccc(C(=O)NCc3ccc4c(c3)OCO4)c2C1=O,4.5,1
CHEMBL1588937,O=C(CCCCCn1c(=O)[nH]c2ccccc2c1=O)NCCCN1CCN(c2ccccc2F)CC1,4.45,1
CHEMBL1589110,COc1ccc(S(=O)(=O)N2CCC(n3cnc4cc(C(F)(F)F)ccc43)CC2)cc1,4.26,1
CHEMBL1595580,COCCNC(=O)C1CCC(Cn2c(=S)[nH]c3ccccc3c2=O)CC1,5.01,1
CHEMBL1598218,COc1cc(CC(=O)Nc2sccc2C(N)=O)cc(OC)c1OC,5.23,1
CHEMBL1599435,COc1ccc(C(=O)NCc2nc3ccccc3[nH]2)cc1OC,4.63,1
CHEMBL1599919,CS(=O)(=O)N1CCN(c2ccccc2NC(=O)Cc2ccccc2)CC1,4.16,1
CHEMBL1600077,COC(=O)c1c(-c2cccs2)csc1NC(=O)CN1CCOCC1,4.25,1
CHEMBL1600661,O=c1[nH]c(=S)c2c(n1-c1ccccc1)CCC2,4.12,1
CHEMBL1604166,Cc1sc(NC(=O)c2cccs2)c(C(N)=O)c1C,4.51,1
CHEMBL1606045,CNC(=O)c1ccsc1NC(=O)c1ccccc1,5.26,1
CHEMBL1606230,Oc1nc2ccccc2c2nc3ccccn3c12,4.86,1
CHEMBL1606939,O=C1c2ccccc2NC2=NCCCCN12,4.4,1
CHEMBL1607473,COc1cc(C2NC(=O)NC(C)=C2C(=O)OC2CCCC(C)C2)ccc1O,4.4,1
CHEMBL1607477,O=C(Nc1cccnc1)C1CC(c2ccc(Cl)c(Cl)c2)=NO1,4.64,1
CHEMBL1613269,O=C1Nc2cccnc2Sc2ccccc21,5.3,1
CHEMBL1614820,Cc1csc(NC(=O)CN2C(=O)CCc3ccccc32)c1-c1ncn[nH]1,7.6,1
CHEMBL1644615,O=c1n(Cc2ccccn2)nc(-c2ccnc(NC3CCOCC3)c2)n1-c1ccc2ccccc2c1,7.27,1
CHEMBL1644616,S=c1[nH]nc(-c2ccncc2)n1-c1ccc2ccccc2c1,6.25,1
CHEMBL1644617,O=c1[nH]nc(-c2ccncc2)n1-c1ccc2ccccc2c1,4.8,1
CHEMBL1644618,O=c1[nH]nc(-c2ccnc(NC3CCCCC3)c2)n1-c1ccc2ccccc2c1,7.62,1
CHEMBL1644619,O=c1[nH]nc(-c2ccnc(NC3CCCOC3)c2)n1-c1ccc2ccccc2c1,7.5,1
CHEMBL1644620,O=c1[nH]nc(-c2ccnc(NC3CCOCC3)c2)n1-c1ccc2ccccc2c1,7.07,1
CHEMBL1644621,O=c1[nH]nc(-c2ccnc(NC3CCCC3)c2)n1-c1ccc2ccccc2c1,6.89,1
CHEMBL1644622,O=c1[nH]nc(-c2ccnc(NC3CCC3)c2)n1-c1ccc2ccccc2c1,7.16,1
CHEMBL1644623,O=c1[nH]nc(-c2ccnc(NC3CC3)c2)n1-c1ccc2ccccc2c1,6.89,1
CHEMBL1644624,O=c1[nH]nc(-c2ccnc(Nc3ccccc3)c2)n1-c1ccc2ccccc2c1,7.21,1
CHEMBL1644625,O=c1[nH]nc(-c2ccnc(Nc3ccccn3)c2)n1-c1ccc2ccccc2c1,7.4,1
CHEMBL1644626,O=c1[nH]nc(-c2ccnc(Nc3cccnc3)c2)n1-c1ccc2ccccc2c1,6.6,1
CHEMBL1644627,O=c1[nH]nc(-c2ccnc(Nc3nccs3)c2)n1-c1ccc2ccccc2c1,6.68,1
CHEMBL1644628,C[C@H](Nc1cc(-c2n[nH]c(=O)n2-c2ccc3ccccc3c2)ccn1)c1ccccc1,5.41,1
CHEMBL1644629,CC(=O)Nc1cc(-c2n[nH]c(=O)n2-c2ccc3ccccc3c2)ccn1,6.39,1
CHEMBL1644630,O=C(Nc1cc(-c2n[nH]c(=O)n2-c2ccc3ccccc3c2)ccn1)C1CC1,6.92,1
CHEMBL1644631,O=C(Nc1cc(-c2n[nH]c(=O)n2-c2ccc3ccccc3c2)ccn1)c1ccccc1,6.23,1
CHEMBL1644632,O=c1[nH]nc(-c2ccnc(NC3CCOCC3)c2)n1-c1ccc2cc(F)ccc2c1,7.16,1
CHEMBL1644633,Nc1ccc2cc(-n3c(-c4ccnc(NC5CCOCC5)c4)n[nH]c3=O)ccc2c1,6.02,1
CHEMBL1644634,O=c1[nH]nc(-c2ccnc(NC3CCOCC3)c2)n1-c1ccc2cc(Br)ccc2c1,6.37,1
CHEMBL1644635,O=c1[nH]nc(-c2ccnc(NC3CCOCC3)c2)n1-c1ccc2cccc(F)c2c1,7.27,1
CHEMBL1644636,Nc1cccc2ccc(-n3c(-c4ccnc(NC5CCOCC5)c4)n[nH]c3=O)cc12,7.03,1
CHEMBL1644637,O=c1[nH]nc(-c2ccnc(NC3CCOCC3)c2)n1-c1ccc2cccc(Cl)c2c1,7.85,1
CHEMBL1644638,O=c1n(CC2CCOCC2)nc(-c2ccnc(NC3CCCCC3)c2)n1-c1ccc2ccccc2c1,7.66,1
CHEMBL1644639,O=c1n(C2CCOCC2)nc(-c2ccnc(NC3CCCCC3)c2)n1-c1ccc2ccccc2c1,7.8,1
CHEMBL1644640,O=c1n(C2CCOC2)nc(-c2ccnc(NC3CCOCC3)c2)n1-c1ccc2ccccc2c1,7.04,1
CHEMBL1644641,O=c1n(-c2ccccn2)nc(-c2ccnc(NC3CCOCC3)c2)n1-c1ccc2ccccc2c1,7.0,1
CHEMBL1644642,O=c1n(Cc2ccncc2)nc(-c2ccnc(NC3CCCCC3)c2)n1-c1ccc2ccccc2c1,7.54,1
CHEMBL1644643,O=c1n(C2CCNCC2)nc(-c2ccnc(NC3CCOCC3)c2)n1-c1ccc2ccccc2c1,6.8,1
CHEMBL1644644,CCN1CCC(n2nc(-c3ccnc(NC4CCOCC4)c3)n(-c3ccc4ccccc4c3)c2=O)CC1,6.55,1
CHEMBL1644645,O=c1n(C2CCN(CC(F)(F)F)CC2)nc(-c2ccnc(NC3CCOCC3)c2)n1-c1ccc2ccccc2c1,7.44,1
CHEMBL1644646,COC(=O)N1CCC(n2nc(-c3ccnc(NC4CCOCC4)c3)n(-c3ccc4ccccc4c3)c2=O)CC1,7.62,1
CHEMBL1681791,COC(=O)c1c(C)csc1NC(=O)Cc1cccc2cnccc12,7.21,1
CHEMBL1681992,COC(=O)c1c(C)csc1NC(=O)Cc1ccc(OC)cc1,6.16,1
CHEMBL1681993,CCc1csc(NC(=O)Cc2ccc(OC)cc2)c1C(=O)OC,5.04,1
CHEMBL1681994,CCOC(=O)c1c(C2CC2)csc1NC(=O)Cc1ccc(OC)cc1,5.02,1
CHEMBL1681995,CCOC(=O)c1c(C(F)(F)F)csc1NC(=O)Cc1ccc(OC)cc1,4.41,1
CHEMBL1681996,CCOC(=O)c1c(C#N)csc1NC(=O)Cc1ccc(OC)cc1,6.51,1
CHEMBL1681997,C#Cc1csc(NC(=O)Cc2ccc(OC)cc2)c1C(=O)OCC,5.52,1
CHEMBL1681998,COC(=O)c1c(C)csc1NC(=O)Cc1ccc(-c2ccncc2)cc1,6.58,1
CHEMBL1681999,COC(=O)c1c(C)csc1NC(=O)Cc1ccc(OCCCn2ccnc2)cc1,6.3,1
CHEMBL1682000,COC(=O)c1c(C)csc1NC(=O)Cc1ccc(OCCCN2CCCCC2)cc1,7.0,1
CHEMBL1682001,COC(=O)c1c(C)csc1NC(=O)Cc1ccc(OCCCN2CCCC2)cc1,6.65,1
CHEMBL1682002,COC(=O)c1c(C)csc1NC(=O)Cc1cccc2cc[nH]c12,5.99,1
CHEMBL1682003,COC(=O)c1c(C)csc1NC(=O)Cc1cccc2nccnc12,6.79,1
CHEMBL1682004,COC(=O)c1c(C)csc1NC(=O)Cc1cccc2ncccc12,6.96,1
CHEMBL1682005,COC(=O)c1c(C)csc1NC(=O)CN1C(=O)CCc2ccccc21,6.9,1
CHEMBL1682006,COc1ccc(CC(=O)Nc2scc(C)c2-c2nc(C)n[nH]2)cc1,5.8149999999999995,2
CHEMBL1682007,Cc1n[nH]c(-c2c(C)csc2NC(=O)Cc2ccc(-c3ccncc3)cc2)n1,5.895,2
CHEMBL1682008,Cc1n[nH]c(-c2c(C)csc2NC(=O)Cc2ccc(OCCCN3CCCCC3)cc2)n1,6.005,2
CHEMBL1682009,Cc1n[nH]c(-c2c(C)csc2NC(=O)Cc2cccc3nccnc23)n1,5.765000000000001,2
CHEMBL1682010,Cc1n[nH]c(-c2c(C)csc2NC(=O)Cc2cccc3ncccc23)n1,7.1,1
CHEMBL1682011,Cc1csc(NC(=O)Cc2cccc3ncccc23)c1-c1ncn[nH]1,6.07,2
CHEMBL1682012,Cc1n[nH]c(-c2c(C)csc2NC(=O)CN2C(=O)CCc3ccccc32)n1,7.6,1
CHEMBL1682013,O=C(CN1C(=O)CCc2ccccc21)Nc1scc(Br)c1-c1ncn[nH]1,7.55,2
CHEMBL1682014,O=C(CN1C(=O)CCc2ccccc21)Nc1scc(Cl)c1-c1ncn[nH]1,8.3,1
CHEMBL1682015,N#Cc1csc(NC(=O)CN2C(=O)CCc3ccccc32)c1-c1ncn[nH]1,8.22,1
CHEMBL1682016,O=C(Cc1cccc2cnccc12)Nc1scc(Br)c1-c1ncn[nH]1,7.48,1
CHEMBL1682017,O=C(Cc1cccc2cnccc12)Nc1scc(Cl)c1-c1ncn[nH]1,7.96,1
CHEMBL1682018,N#Cc1csc(NC(=O)Cc2cccc3cnccc23)c1-c1ncn[nH]1,8.15,1
CHEMBL1682019,O=C(Cc1cccc2ncccc12)Nc1scc(Br)c1-c1ncn[nH]1,7.47,1
CHEMBL1682020,O=C(Cc1cccc2ncccc12)Nc1scc(Cl)c1-c1ncn[nH]1,7.75,1
CHEMBL1682021,N#Cc1csc(NC(=O)Cc2cccc3ncccc23)c1-c1ncn[nH]1,7.92,1
CHEMBL1725279,Oc1c2ccccc2c2c3c(cccc13)N=N2,6.574,5
CHEMBL1761554,Cn1cc(-c2ccc3cnc(Nc4ccc(-n5cnc(N6CCOCC6)n5)cc4)nc3c2)cn1,7.05,1
CHEMBL1761555,c1cc(-n2cnc(N3CCOCC3)n2)ccc1Nc1ncc2ccc(-c3cn[nH]c3)cc2n1,7.3,1
CHEMBL1761556,c1cc(-n2cnc(N3CCOCC3)n2)ccc1Nc1ncc2ccc(-c3cnoc3)cc2n1,6.16,1
CHEMBL1761557,c1cc(-n2cnc(N3CCOCC3)n2)ccc1Nc1ncc2ccc(N3CCOCC3)cc2n1,5.36,1
CHEMBL1761558,c1cncc(-c2ccc3cnc(Nc4ccc(-n5cnc(N6CCOCC6)n5)cc4)nc3c2)c1,6.68,1
CHEMBL1761559,Cc1ccc(-c2ccc3cnc(Nc4ccc(-n5cnc(N6CCOCC6)n5)cc4)nc3c2)cn1,6.14,1
CHEMBL1761561,Cc1ccc(-c2ncn(-c3ccc(Nc4ncc5ccc(-c6cn[nH]c6)cc5n4)cc3)n2)cn1,7.3,1
CHEMBL1761562,Cn1cc(-c2ccc3cnc(Nc4ccc(-n5cnc(-c6ccccn6)n5)cc4)nc3c2)cn1,7.22,1
CHEMBL1761563,Cc1ccc(-c2cccc3cnc(Nc4ccc(-n5cnc(N6CCOCC6)n5)cc4)nc23)cn1,7.52,1
CHEMBL1761564,Cn1cc(-c2cccc3cnc(Nc4ccc(-n5cnc(N6CCOCC6)n5)cc4)nc23)cn1,7.7,1
CHEMBL1761565,COc1ccc(-c2cccc3cnc(Nc4ccc(-n5cnc(N6CCOCC6)n5)cc4)nc23)cc1F,7.16,1
CHEMBL1761566,c1cc(-c2nccs2)c2nc(Nc3ccc(-n4cnc(N5CCOCC5)n4)cc3)ncc2c1,8.15,1
CHEMBL1761567,c1ccc(-c2cccc3cnc(Nc4ccc(-n5cnc(N6CCOCC6)n5)cc4)nc23)cc1,7.22,1
CHEMBL1761568,COc1ccc(-c2cccc3cnc(Nc4ccc(-n5cnc(C)n5)cc4)nc23)cc1F,7.1,1
CHEMBL1761569,Cc1ncn(-c2ccc(Nc3ncc4cccc(-c5nccs5)c4n3)cc2)n1,7.7,1
CHEMBL1761570,COc1ccc(-c2cccc3cnc(Nc4ccc(-n5cnc(-c6ccccn6)n5)cc4)nc23)cc1F,7.05,1
CHEMBL1761571,Cc1ccc(-c2cccc3cnc(Nc4ccc(-n5cnc(C)n5)cc4)nc23)cn1,7.52,1
CHEMBL1761572,Cc1ccc(-c2cccc3cnc(Nc4ccc5c(c4)OCO5)nc23)cn1,7.22,1
CHEMBL1761573,Cc1ccc(-c2cccc3cnc(Nc4ccc(F)cc4)nc23)cn1,6.77,1
CHEMBL1761574,Cc1ccc(-c2cccc3cnc(Nc4ccc(C(=O)N5CCOCC5)cc4)nc23)cn1,7.05,1
CHEMBL1761575,Cc1ccc(-c2cccc3cnc(NC4CCC(O)CC4)nc23)cn1,7.3,1
CHEMBL1761576,Cc1ccc(-c2cccc3cnc(N[C@H]4CC[C@@H](C(=O)N5CCCC5)CC4)nc23)cn1,7.52,1
CHEMBL1761577,Cn1cc(-c2ccc3cnc(Nc4ccc(-n5cnc(N6CCOCC6)n5)cc4)nc3c2Cl)cn1,7.4,1
CHEMBL1761578,CC(C)n1cc(-c2ccc3cnc(Nc4ccc(-n5cnc(N6CCOCC6)n5)cc4)nc3c2Cl)cn1,7.2,1
CHEMBL1761579,Cc1c(-c2cnn(C)c2)ccc2cnc(Nc3ccc(-n4cnc(N5CCOCC5)n4)cc3)nc12,8.0,1
CHEMBL1761580,Cn1cc(-c2ccc3cnc(Nc4ccc(-n5cnc(N6CCOCC6)n5)cc4)nc3c2C(F)(F)F)cn1,6.72,1
CHEMBL1761581,Cn1cc(-c2ccc3cnc(Nc4ccc(-n5cnc(N6CCOCC6)n5)cc4)nc3c2C2CC2)cn1,7.7,1
CHEMBL1761582,Cn1cc(-c2ccc3cnc(Nc4ccc(-n5cnc(N6CCOCC6)n5)cc4)nc3c2-c2cnn(C)c2)cn1,8.05,1
CHEMBL1761583,Cn1cc(-c2ccc3cnc(Nc4ccc(-n5cnc(N6CCOCC6)n5)cc4)nc3c2-c2ccccc2)cn1,8.0,1
CHEMBL1761584,COc1c(-c2cnn(C)c2)ccc2cnc(Nc3ccc(-n4cnc(N5CCOCC5)n4)cc3)nc12,8.4,1
CHEMBL1771656,Cc1ncn(-c2ccc(Nc3nccc(-c4cc[nH]n4)n3)cc2)n1,6.2,1
CHEMBL1771657,Cc1ncn(-c2ccc(Nc3nccc(-c4ccn(C)n4)n3)cc2)n1,5.84,1
CHEMBL1771658,Cc1ncn(-c2ccc(Nc3ncc(Cl)c(-c4ccn(C)n4)n3)cc2)n1,6.07,1
CHEMBL1771659,Cn1ccc(-c2nc(Nc3ccc(-n4cnc(N5CCOCC5)n4)cc3)ncc2Cl)n1,6.14,1
CHEMBL1771660,c1cc(-c2cc[nH]n2)cc(Nc2ccc(N3CCOCC3)cc2)n1,6.8,1
CHEMBL1771661,Clc1cnc(Nc2ccc(N3CCOCC3)cc2)cc1-c1cc[nH]n1,7.16,1
CHEMBL1771662,Cn1ccc(-c2cc(Nc3ccc(N4CCOCC4)cc3)ncc2Cl)n1,6.89,1
CHEMBL1771663,Cc1nc(C)n(-c2ccc(Nc3cc(-c4ccn(C)n4)c(Cl)cn3)cc2)n1,6.8,1
CHEMBL1771664,Cn1ccc(-c2cc(Nc3ccc(-n4cnc(N5CCOCC5)n4)cc3)ncc2Cl)n1,6.7,1
CHEMBL1771665,Cc1ccc(-c2ncn(-c3ccc(Nc4cc(-c5ccn(C)n5)c(Cl)cn4)cc3)n2)cn1,6.22,1
CHEMBL1771666,Cn1ccc(-c2cc(Nc3ccc(N4CCOCC4)cc3)ncc2F)n1,6.8,1
CHEMBL1771667,Cc1nc(C)n(-c2ccc(Nc3cc(-c4ccn(C)n4)c(F)cn3)cc2)n1,6.47,1
CHEMBL1771668,Cc1ccc(-c2ncn(-c3ccc(Nc4cc(-c5ccn(C)n5)c(F)cn4)cc3)n2)cn1,6.7,1
CHEMBL1771669,Cn1ccc(-c2cc(Nc3ccc(-n4cnc(-c5ccccn5)n4)cc3)ncc2F)n1,6.32,1
CHEMBL1771709,Cn1ccc(-c2cc(Nc3ccc(-n4cnc(N5CCOCC5)n4)cc3)ncc2F)n1,6.8,1
CHEMBL1771710,Cc1cnc(Nc2ccc(-n3cnc(N4CCOCC4)n3)cc2)cc1-c1ccn(C)n1,6.12,1
CHEMBL1771711,Fc1cnc(Nc2ccc(N3CCOCC3)cc2)cc1-c1ccn(Cc2ccccc2)n1,7.0,1
CHEMBL1771712,Fc1cnc(Nc2ccc(N3CCOCC3)cc2)cc1-c1ccn(CCc2ccccc2)n1,6.77,1
CHEMBL1771713,Fc1cnc(Nc2ccc(N3CCOCC3)cc2)cc1-c1ccn(CCN2CCOCC2)n1,6.5,1
CHEMBL1771714,COc1cccc(-n2ccc(-c3ccnc(Nc4ccc(-n5nc(C)nc5C)cc4)c3)n2)c1,6.19,1
CHEMBL1771715,Cc1nc(C)n(-c2ccc(Nc3cc(-c4ccn(-c5cccc(C#N)c5)n4)ccn3)cc2)n1,6.62,1
CHEMBL1771716,CSc1ccc(-n2ccc(-c3ccnc(Nc4ccc(-n5nc(C)nc5C)cc4)c3)n2)cc1,5.88,1
CHEMBL1771717,Cc1nc(C)n(-c2ccc(Nc3cc(-c4ccn(-c5ccccn5)n4)ccn3)cc2)n1,6.47,1
CHEMBL1771718,Cc1nc(C)n(-c2ccc(Nc3cc(-c4nn(C)cc4-c4ccc(F)cc4)ccn3)cc2)n1,8.15,1
CHEMBL1771719,Cc1nc(C)n(-c2ccc(Nc3cc(-c4nn(C)cc4-c4cccnc4)ccn3)cc2)n1,6.96,1
CHEMBL1771720,Cn1cc(-c2ncco2)c(-c2ccnc(Nc3ccc(N4CCOCC4)cc3)c2)n1,6.82,1
CHEMBL1771721,Cn1cc(-c2cn(C)nc2-c2ccnc(Nc3ccc(N4CCOCC4)cc3)c2)cn1,6.41,1
CHEMBL1771722,Cn1cc(-c2ccnn2C)c(-c2ccnc(Nc3ccc(N4CCOCC4)cc3)c2)n1,6.41,1
CHEMBL1771723,CCCc1cn(C)nc1-c1ccnc(Nc2ccc(-n3nc(C)nc3C)cc2)c1,5.85,1
CHEMBL1771724,Cc1nc(C)n(-c2ccc(Nc3cc(-c4nn(C)cc4C)ccn3)cc2)n1,6.4,1
CHEMBL1773329,NS(=O)(=O)N1CCC(Nc2nccc(-c3ccc(S(=O)(=O)N4CCOCC4)cc3)n2)CC1,6.06,1
CHEMBL1783492,C=CCN1CCN(c2c(Cl)cccc2NC(=O)c2cnc(Br)s2)CC1,6.51,1
CHEMBL1783493,C=CCN1CCN(c2c(Cl)cccc2NC(=O)c2nc(Br)cs2)CC1,5.75,1
CHEMBL1783494,C=CCN1CCN(c2c(Cl)cccc2NC(=O)c2cscn2)CC1,5.64,1
CHEMBL1783495,C=CCN1CCN(c2c(Cl)cccc2NC(=O)c2ccno2)CC1,5.3,1
CHEMBL1783496,C=CCN1CCN(c2c(Cl)cccc2NC(=O)c2ccc[nH]2)CC1,5.05,1
CHEMBL1783497,C=CCN1CCN(c2c(Cl)cccc2NC(=O)c2csc(C)n2)CC1,5.24,1
CHEMBL1783498,C=CCN1CCN(c2c(Cl)cccc2NC(=O)c2cccc(Br)n2)CC1,5.7,1
CHEMBL1783583,C=CCN1CCN(c2c(Cl)cccc2NC(=O)c2cccc(C)n2)CC1,5.7,1
CHEMBL1783584,C=CCN1CCN(c2c(Cl)cccc2NC(=O)c2cccc(Br)c2)CC1,5.19,1
CHEMBL1783587,Cc1cccc(NC(=O)c2ccc(Br)o2)c1N1CCC2(CC1)OCCO2,7.22,1
CHEMBL1783588,Cc1cccc(NC(=O)c2ccc(Cl)o2)c1N1CCC2(CC1)OCCO2,7.1,1
CHEMBL1783589,Cc1cccc(NC(=O)c2ccc(F)o2)c1N1CCC2(CC1)OCCO2,6.39,1
CHEMBL1783590,Cc1cccc(NC(=O)c2ccc(C#N)o2)c1N1CCC2(CC1)OCCO2,6.68,1
CHEMBL1783591,Cc1ccc(C(=O)Nc2cccc(C)c2N2CCC3(CC2)OCCO3)o1,6.28,1
CHEMBL1783592,Cc1cccc(NC(=O)c2ccc(C(F)F)o2)c1N1CCC2(CC1)OCCO2,6.46,1
CHEMBL1783593,CCc1ccc(C(=O)Nc2cccc(C)c2N2CCC3(CC2)OCCO3)o1,6.0,1
CHEMBL1783594,CC#Cc1ccc(C(=O)Nc2cccc(C)c2N2CCC3(CC2)OCCO3)o1,6.96,1
CHEMBL1783595,Cc1cccc(NC(=O)c2ccc(Cc3ccccc3)o2)c1N1CCC2(CC1)OCCO2,5.32,1
CHEMBL1783596,COc1ccc(C(=O)Nc2cccc(C)c2N2CCC3(CC2)OCCO3)o1,6.21,1
CHEMBL1783597,CC(=O)Nc1ccc(C(=O)Nc2cccc(C)c2N2CCC3(CC2)OCCO3)o1,4.96,1
CHEMBL1784082,O=C(Nc1cccc(Cl)c1N1CCNCC1)c1ccc(Br)o1,5.0,1
CHEMBL1784083,CN1CCN(c2c(Cl)cccc2NC(=O)c2ccc(Br)o2)CC1,5.92,1
CHEMBL1784084,CCCN1CCN(c2c(Cl)cccc2NC(=O)c2ccc(Br)o2)CC1,6.05,1
CHEMBL1784085,CC(C)N1CCN(c2c(Cl)cccc2NC(=O)c2ccc(Br)o2)CC1,5.66,1
CHEMBL1784086,C=CCN1CCN(c2c(Cl)cccc2NC(=O)c2ccc(Br)o2)CC1,6.48,1
CHEMBL1784087,C=C(C)CN1CCN(c2c(Cl)cccc2NC(=O)c2ccc(Br)o2)CC1,6.27,1
CHEMBL1784088,O=C(Nc1cccc(Cl)c1N1CCN(C2CC2)CC1)c1ccc(Br)o1,6.02,1
CHEMBL1784089,O=C(Nc1cccc(Cl)c1N1CCN(Cc2ccco2)CC1)c1ccc(Br)o1,6.6,1
CHEMBL1784090,O=C(Nc1cccc(Cl)c1N1CCN(Cc2ccccc2)CC1)c1ccc(Br)o1,5.96,1
CHEMBL1784091,O=C(Nc1cccc(Cl)c1N1CCN(CCc2ccccc2)CC1)c1ccc(Br)o1,5.85,1
CHEMBL1784092,O=C(Nc1cccc(Cl)c1N1CCN(c2ccccn2)CC1)c1ccc(Br)o1,6.0,1
CHEMBL1784093,CC(=O)N1CCN(c2c(Cl)cccc2NC(=O)c2ccc(Br)o2)CC1,6.09,1
CHEMBL1784096,C=CCN1CCN(c2c(C)cccc2NC(=O)c2ccc(Br)o2)CC1,6.7,1
CHEMBL1784097,C#CCN1CCN(c2c(F)cccc2NC(=O)c2ccc(Br)o2)CC1,6.54,1
CHEMBL1784644,Cc1cc(-c2n[nH]c(=S)n2-c2ccc3ccccc3c2)ccn1,4.83,1
CHEMBL1784646,Fc1cnccc1-c1n[nH]c(=S)n1-c1ccc2ccccc2c1,4.56,1
CHEMBL1784648,S=c1[nH]nc(-c2ccncc2)n1-c1ccc2ncccc2c1,4.5,1
CHEMBL1784649,Nc1cc(-c2n[nH]c(=S)n2-c2ccc3ccccc3c2)ccn1,5.99,1
CHEMBL1784650,S=c1[nH]nc(-c2ccnc(NC3CCCCC3)c2)n1-c1ccc2ccccc2c1,7.28,1
CHEMBL1784651,S=c1[nH]nc(-c2ccnc(NCC3CC3)c2)n1-c1ccc2ccccc2c1,6.03,1
CHEMBL1784653,c1ccc2cc(-n3cnnc3-c3ccncc3)ccc2c1,5.35,1
CHEMBL1784654,Cc1nnc(-c2ccncc2)n1-c1ccc2ccccc2c1,4.74,1
CHEMBL1784655,c1ccc2cc(-n3nnnc3-c3ccncc3)ccc2c1,4.31,1
CHEMBL1784656,Clc1nnc(-c2ccncc2)n1-c1ccc2ccccc2c1,4.52,1
CHEMBL1784657,N/N=c1\[nH]nc(-c2ccncc2)n1-c1ccc2ccccc2c1,4.83,1
CHEMBL1784658,Clc1nnn(-c2ccncc2)c1-c1ccc2ccccc2c1,4.9,1
CHEMBL1784659,c1ccc2cc(-c3cnnn3-c3ccncc3)ccc2c1,5.32,1
CHEMBL1784660,c1ccc2cc(-c3ccnn3-c3ccncc3)ccc2c1,5.61,1
CHEMBL1784661,c1ccc2cc(-n3nccc3-c3ccncc3)ccc2c1,5.91,1
CHEMBL1784663,c1ccc2cc(-n3ccnc3-c3ccncc3)ccc2c1,5.72,1
CHEMBL1784664,c1ccc2cc(-n3nncc3-c3ccncc3)ccc2c1,5.57,1
CHEMBL1784665,c1ccc2cc(-c3nn[nH]c3-c3ccncc3)ccc2c1,6.44,1
CHEMBL1784666,c1ccc2cc(-c3[nH]ncc3-c3ccncc3)ccc2c1,6.61,1
CHEMBL1784667,c1ccc2cc(-c3ncncc3-c3ccncc3)ccc2c1,5.38,1
CHEMBL1788116,N#C/C(=C1/Nc2ccccc2S1)c1ccnc(NCCc2cccnc2)n1.O=C(O)C(F)(F)F.O=C(O)C(F)(F)F,7.16,1
CHEMBL1822132,O=C(Cc1ccc(F)c2cnccc12)Nc1scc(Br)c1-c1ncn[nH]1,7.62,1
CHEMBL1822133,O=C(Cc1cccc2ncc(F)cc12)Nc1scc(Br)c1-c1ncn[nH]1,7.52,1
CHEMBL1822134,O=C(Cc1cc(F)cc2ncccc12)Nc1scc(Br)c1-c1ncn[nH]1,7.39,1
CHEMBL1822135,O=C(Cc1cccc2ncc(C(F)(F)F)cc12)Nc1scc(Br)c1-c1ncn[nH]1,7.28,1
CHEMBL1822136,O=C(Cc1cc(C(F)(F)F)cc2ncccc12)Nc1scc(Br)c1-c1ncn[nH]1,5.925,2
CHEMBL1822137,O=C(Cc1ccc(C(F)(F)F)c2ncccc12)Nc1scc(Cl)c1-c1ncn[nH]1,6.02,2
CHEMBL1822138,O=C(CN1C(=O)CCc2ncccc21)Nc1scc(Br)c1-c1ncn[nH]1,7.85,1
CHEMBL1822139,N#Cc1csc(NC(=O)CN2C(=O)CCc3ncccc32)c1-c1ncn[nH]1,8.22,1
CHEMBL1822140,O=C(Cn1c(=O)ccc2cnccc21)Nc1scc(Br)c1-c1ncn[nH]1,8.15,1
CHEMBL1822141,O=C(Cn1c(=O)ccc2cnc(C(F)(F)F)cc21)Nc1scc(Br)c1-c1ncn[nH]1,8.22,1
CHEMBL1822142,O=C(Cn1c(=O)ccc2nc(C(F)(F)F)ccc21)Nc1scc(Br)c1-c1ncn[nH]1,7.85,1
CHEMBL1822143,O=C(Cn1c(=O)ccn2nccc12)Nc1scc(Br)c1-c1ncn[nH]1,8.1,1
CHEMBL1822144,O=C(Cn1c(=O)ccn2nc(C(F)(F)F)cc12)Nc1scc(Br)c1-c1ncn[nH]1,7.85,1
CHEMBL1822145,O=C(Cn1c(=O)ccc2cc(F)c(F)cc21)Nc1scc(Br)c1-c1ncn[nH]1,8.3,1
CHEMBL1822146,O=C(Cn1c(=O)ccc2cc(C(F)(F)F)ccc21)Nc1scc(Br)c1-c1ncn[nH]1,8.05,1
CHEMBL1822147,O=C(Cn1c(=O)ccc2ccc(C(F)(F)F)cc21)Nc1scc(Br)c1-c1ncn[nH]1,8.05,1
CHEMBL1822148,O=C(Cn1c(=O)ccc2c(C(F)(F)F)cccc21)Nc1scc(Br)c1-c1ncn[nH]1,7.15,1
CHEMBL1822149,O=C(Cn1c(=O)ccc2cc(OC(F)(F)F)ccc21)Nc1scc(Br)c1-c1ncn[nH]1,8.22,1
CHEMBL1822150,O=C(Cn1c(=O)ccc2ccc(OC(F)(F)F)cc21)Nc1scc(Br)c1-c1ncn[nH]1,7.72,1
CHEMBL1822151,N#Cc1ccc2c(ccc(=O)n2CC(=O)Nc2scc(Br)c2-c2ncn[nH]2)c1,8.7,1
CHEMBL1822152,N#Cc1ccc2ccc(=O)n(CC(=O)Nc3scc(Br)c3-c3ncn[nH]3)c2c1,8.7,1
CHEMBL1822153,O=C(CN1C(=O)CCc2ncccc21)Nc1scc(Br)c1-c1ncco1,8.22,1
CHEMBL1822154,O=C(CN1C(=O)CCc2ncccc21)Nc1scc(Br)c1-c1nccs1,7.82,1
CHEMBL1822305,Cn1cnc(-c2c(Br)csc2NC(=O)CN2C(=O)CCc3ncccc32)n1,8.52,1
CHEMBL1822306,N#Cc1csc(NC(=O)CN2C(=O)CCc3ncccc32)c1-c1nccs1,7.96,1
CHEMBL1822307,N#Cc1csc(NC(=O)Cn2c(=O)ccc3cc(C(F)(F)F)ccc32)c1-c1ncco1,8.1,1
CHEMBL1822308,N#Cc1csc(NC(=O)Cn2c(=O)ccc3cc(C(F)(F)F)ccc32)c1-c1nccs1,8.05,1
CHEMBL1822309,N#Cc1csc(NC(=O)Cn2c(=O)ccc3cc(C(F)(F)F)ccc32)c1-c1cscn1,8.1,1
CHEMBL191384,N#C/C(=C1/Nc2ccccc2S1)c1ccnc(NCCc2cccnc2)n1,7.1,4
CHEMBL1921815,NC(=O)c1ccccc1Nc1cc(Oc2ccc(Cl)c(Cl)c2)ncc1C(F)(F)F,7.0,1
CHEMBL1923184,NC(=O)c1ccccc1Nc1ccnc(Oc2ccccc2)c1,6.28,1
CHEMBL1923185,NC(=O)c1ccccc1Nc1ccnc(Oc2ccc(N3CCNCC3)cc2)c1,7.16,1
CHEMBL1923186,COc1ccc(Oc2cc(Nc3ccccc3C(N)=O)c(F)cn2)cc1,7.32,1
CHEMBL1923187,COc1ccc(Oc2cc(Nc3ccccc3C(N)=O)c(Cl)cn2)cc1,7.82,1
CHEMBL1923188,COc1ccc(Oc2cc(Nc3ccccc3C(N)=O)c(C(F)(F)F)cn2)cc1,7.43,1
CHEMBL1923189,COc1cccc(Oc2cc(Nc3ccccc3C(N)=O)c(C(F)(F)F)cn2)c1,7.16,1
CHEMBL1923190,COc1ccccc1Oc1cc(Nc2ccccc2C(N)=O)c(C(F)(F)F)cn1,5.46,1
CHEMBL1923191,NC(=O)c1ccccc1Nc1cc(Oc2ccc(OC(F)(F)F)cc2)ncc1C(F)(F)F,7.46,1
CHEMBL1923192,CCOc1ccc(Oc2cc(Nc3ccccc3C(N)=O)c(C(F)(F)F)cn2)cc1,6.96,1
CHEMBL1923193,CCCOc1ccc(Oc2cc(Nc3ccccc3C(N)=O)c(C(F)(F)F)cn2)cc1,6.85,1
CHEMBL1923194,CC(C)(C)Oc1ccc(Oc2cc(Nc3ccccc3C(N)=O)c(C(F)(F)F)cn2)cc1,7.57,1
CHEMBL1923195,NC(=O)c1ccccc1Nc1cc(Oc2ccc(F)cc2)ncc1C(F)(F)F,6.7,1
CHEMBL1923196,NC(=O)c1ccccc1Nc1cc(Oc2ccc(Br)cc2)ncc1C(F)(F)F,6.42,1
CHEMBL1923197,NC(=O)c1ccccc1Nc1cc(Oc2cccc(Cl)c2)ncc1C(F)(F)F,6.7,1
CHEMBL1923198,COc1ccc(Oc2cc(Nc3ccccc3C(N)=O)c(C(F)(F)F)cn2)c(Cl)c1,7.0,1
CHEMBL1923199,NC(=O)c1ccccc1Nc1cc(Oc2cccc3ccccc23)ncc1C(F)(F)F,6.0,1
CHEMBL1923200,NC(=O)c1ccccc1Nc1cc(Oc2ccc3ccccc3c2)ncc1C(F)(F)F,6.5,1
CHEMBL1923201,NC(=O)c1ccccc1Nc1cc(Oc2ccc3c(c2)OCO3)ncc1C(F)(F)F,7.32,1
CHEMBL1923202,NC(=O)c1ccccc1Nc1cc(Oc2ccc(-n3cncn3)cc2)ncc1C(F)(F)F,7.1,1
CHEMBL1923203,NC(=O)c1ccccc1Nc1cc(Oc2ccc(N3CCNCC3)cc2)ncc1C(F)(F)F,7.47,1
CHEMBL1923204,NC(=O)c1ccccc1Nc1cc(Oc2ccc(-c3cccnc3)cc2)ncc1C(F)(F)F,7.14,1
CHEMBL1923205,COc1ccc(Oc2cc(Nc3cccc(Cl)c3C(N)=O)c(C(F)(F)F)cn2)cc1,5.66,1
CHEMBL1923206,COc1ccc(Oc2cc(Nc3cccc(OC)c3C(N)=O)c(C(F)(F)F)cn2)cc1,5.66,1
CHEMBL1923207,COc1ccc(Oc2cc(Nc3ccc(F)cc3C(N)=O)c(C(F)(F)F)cn2)cc1,7.35,1
CHEMBL1923208,COc1ccc(Oc2cc(Nc3ccc(Cl)cc3C(N)=O)c(C(F)(F)F)cn2)cc1,7.52,1
CHEMBL1923209,COc1ccc(Oc2cc(Nc3cc(F)ccc3C(N)=O)c(C(F)(F)F)cn2)cc1,7.31,1
CHEMBL1923210,COc1ccc(Oc2cc(Nc3cc(Cl)ccc3C(N)=O)c(C(F)(F)F)cn2)cc1,7.11,1
CHEMBL1923211,COc1ccc(Oc2cc(Nc3cc(OC)ccc3C(N)=O)c(C(F)(F)F)cn2)cc1,7.77,1
CHEMBL1923212,COc1ccc(Oc2cc(Nc3c(F)cccc3C(N)=O)c(C(F)(F)F)cn2)cc1,7.22,1
CHEMBL1923213,COc1ccc(Oc2cc(Nc3c(Cl)cccc3C(N)=O)c(C(F)(F)F)cn2)cc1,6.8,1
CHEMBL1923215,CNC(=O)c1ccccc1Nc1cc(Oc2ccc(OC)cc2)ncc1Cl,6.77,1
CHEMBL1923216,COc1ccc(Oc2cc(Nc3ccccc3-c3nc[nH]n3)c(Cl)cn2)cc1,6.85,1
CHEMBL1923217,COc1ccc(Oc2ncc(Cl)c(Nc3ccccc3C(N)=O)n2)cc1,8.15,1
CHEMBL1946325,COc1ccc(Nc2ncc3nc(Nc4ccccc4F)n(C4CCCC4)c3n2)cc1,6.68,1
CHEMBL1946327,COc1ccc(Nc2ncc3nc(Nc4ccc(F)cc4F)n(C4CCCC4)c3n2)cc1,6.85,1
CHEMBL1946328,COc1ccc(Nc2ncc3nc(Nc4c(F)cccc4F)n(C4CCCC4)c3n2)cc1,6.89,1
CHEMBL1946329,CNc1ncc2nc(Nc3ccccc3F)n(C3CCCC3)c2n1,6.17,1
CHEMBL1946330,CCNc1ncc2nc(Nc3ccccc3F)n(C3CCCC3)c2n1,6.58,1
CHEMBL1946331,CC(C)Nc1ncc2nc(Nc3ccccc3F)n(C3CCCC3)c2n1,6.96,1
CHEMBL1946332,Fc1ccccc1Nc1nc2cnc(NC3CCCCC3)nc2n1C1CCCC1,7.3,1
CHEMBL1946333,O[C@H]1CC[C@H](Nc2ncc3nc(Nc4ccccc4F)n(C4CCCC4)c3n2)CC1,7.92,1
CHEMBL1946334,N[C@H]1CC[C@H](Nc2ncc3nc(Nc4ccccc4F)n(C4CCCC4)c3n2)CC1,7.51,1
CHEMBL1946335,CCn1c(Nc2ccccc2F)nc2cnc(Nc3ccc(OC)cc3)nc21,6.44,1
CHEMBL1946336,COc1ccc(Nc2ncc3nc(Nc4ccccc4F)n(C(C)C)c3n2)cc1,7.02,1
CHEMBL1946337,COc1ccc(Nc2ncc3nc(Nc4ccccc4F)n(C4CCCCC4)c3n2)cc1,6.44,1
CHEMBL1946339,COc1ccc(Nc2ncc3nc(Nc4ccccc4F)n([C@H]4CC[C@H](N)CC4)c3n2)cc1,6.62,1
CHEMBL1946340,COc1ccc(Nc2ncc3nc(Nc4ccccc4F)n([C@H]4CC[C@@H](O)CC4)c3n2)cc1,7.77,1
CHEMBL1946341,COc1ccc(Nc2ncc3nc(Nc4ccccc4F)n(C4CCOCC4)c3n2)cc1,7.2,1
CHEMBL1946495,COc1ccc(Nc2ncc3nc(Nc4ccccc4F)n([C@H]4CC[C@@H](C(N)=O)CC4)c3n2)cc1,7.62,1
CHEMBL1946646,N[C@H]1CC[C@H](Nc2ncc3nc(Nc4c(F)cccc4F)n(C4CCCC4)c3n2)CC1,7.89,1
CHEMBL1946647,N[C@H]1CC[C@H](Nc2ncc3nc(Nc4c(F)cc(F)cc4F)n(C4CCCC4)c3n2)CC1,7.8,1
CHEMBL1946837,N[C@H]1CC[C@H](Nc2ncc3nc(Nc4ccc(F)cc4F)n(C4CCCC4)c3n2)CC1,7.62,1
CHEMBL194806,O=C(NC1CCNCC1)c1cccc(-c2n[nH]c3cc(Nc4ccccc4Cl)ccc23)c1,8.875,2
CHEMBL1950289,O[C@H]1CC[C@H](Nc2ncc3nc(Nc4c(F)cc(F)cc4F)n([C@H]4CCOC4)c3n2)CC1,7.685714285714286,7
CHEMBL1950303,O[C@H]1CC[C@H](Nc2ncc3nc(Nc4c(F)cc(F)cc4F)n([C@@H]4CCOC4)c3n2)CC1,7.5,1
CHEMBL1950304,CNC(=O)[C@H]1CC[C@H](Nc2ncc3nc(Nc4c(F)cc(F)cc4F)n([C@H]4CCOC4)c3n2)CC1,8.15,1
CHEMBL1951346,Cc1c[nH]c2ncnc(-c3ccc(NC(=O)Nc4cccc(C(=O)NC(C)C)c4)cc3)c12,5.11,1
CHEMBL1967431,CCn1c(C)cs/c1=N/C(=O)c1ccccc1O,4.39,1
CHEMBL1975622,C/C(=N/Cc1ccco1)C1=C(O)c2ccccc2C1=O,4.51,1
CHEMBL197613,O=C(O)c1cccc(-c2[nH]nc3cc(Nc4ccccc4Cl)ccc23)c1,8.28,1
CHEMBL197698,O=C(O)c1ccc(-c2[nH]nc3cc(Nc4ccccc4Cl)ccc23)cc1,7.5,1
CHEMBL198261,CCCNc1nccc(-c2c(-c3ccc(F)cc3)nc3n2[C@@H](COCc2ccc(OC)cc2)CC3)n1,6.63,1
CHEMBL198427,COc1ccc(COC[C@H]2CCc3nc(-c4ccc(F)cc4)c(-c4ccnc(N)n4)n32)cc1,6.57,1
CHEMBL198687,O=C(NCCCN1CCOCC1)c1cccc(-c2[nH]nc3cc(Nc4ccccc4Cl)ccc23)c1,8.47,1
CHEMBL198756,CCCNc1nccc(-c2c(-c3ccc(F)cc3)nc3n2[C@H](CO)CC3)n1,8.6,2
CHEMBL198821,CN(C)CCNC(=O)c1cccc(-c2[nH]nc3cc(Nc4ccccc4Cl)ccc23)c1,7.68,1
CHEMBL199136,NC(=O)c1cccc(-c2[nH]nc3cc(Nc4ccccc4Cl)ccc23)c1,8.48,1
CHEMBL1991853,N#CC(c1ccnc(Cl)n1)c1nc2ccccc2s1,6.54,1
CHEMBL199247,O=C(NCCCn1cnc(-c2ccc(F)cc2)c1-c1ccncc1)c1ccccc1,6.89,2
CHEMBL1996902,CCOC(=O)c1cccc2c1-c1ccccc1/C2=N/O,4.94,1
CHEMBL2005690,COC(=O)c1cccc2c1-c1ccccc1/C2=N/O,5.05,1
CHEMBL202639,CC(=O)N1CCC[C@@H](C(=O)Nc2cc(-c3ccnc(Nc4ccc(F)cc4)c3)ccn2)C1,8.3,1
CHEMBL202666,CC(=O)N1CCC[C@H](C(=O)Nc2cc(-c3ccnc(Nc4ccc(F)cc4)c3)ccn2)C1,8.0,1
CHEMBL202676,CO[C@H]1CC[C@@H](C(=O)Nc2cc(-c3ccnc(Nc4ccc(F)cc4)c3)ccn2)CC1,7.82,1
CHEMBL202961,CCOc1ccccc1Nc1cc(-c2ccnc(Nc3ccccc3OCC)c2)ccn1,6.16,1
CHEMBL203009,COC1CCC(C(=O)Nc2cc(-c3ccnc(Nc4ccccc4)c3)ccn2)CC1,7.5,1
CHEMBL203059,O=C(Nc1cc(-c2ccnc(Nc3ccccc3)c2)ccn1)C1CCOCC1,8.1,1
CHEMBL203225,CC(=O)N1CCCC(C(=O)Nc2cc(-c3ccnc(Nc4ccccc4)c3)ccn2)C1,8.05,1
CHEMBL203289,Fc1ccccc1Nc1cc(-c2ccnc(Nc3ccccc3F)c2)ccn1,7.5,1
CHEMBL203535,O=C(Nc1cc(-c2ccnc(Nc3ccccc3)c2)ccn1)C1CCOC1,8.166666666666666,3
CHEMBL203631,CO[C@H]1CC[C@H](C(=O)Nc2cc(-c3ccnc(Nc4ccc(F)cc4)c3)ccn2)CC1,6.63,1
CHEMBL203792,Nc1ccccc1Nc1cc(-c2ccnc(Nc3ccccc3N)c2)ccn1,6.97,1
CHEMBL203839,O=C(Nc1cc(-c2ccnc(Nc3ccc(F)cc3)c2)ccn1)C1CCOC1,8.285,2
CHEMBL204757,CC(=O)N1CCC(C(=O)Nc2cc(-c3ccnc(Nc4ccccc4)c3)ccn2)CC1,7.36,1
CHEMBL205078,O=C(Nc1cc(-c2ccnc(Nc3ccc(F)cc3)c2)ccn1)C1CCOCC1,8.22,1
CHEMBL205402,Cc1cnc(C(=O)Nc2cc(-c3ccnc(Nc4ccccc4)c3)ccn2)cn1,7.48,2
CHEMBL205561,Cc1ccccc1Nc1cc(-c2ccnc(Nc3ccccc3C)c2)ccn1,6.19,1
CHEMBL205672,Fc1ccc(Nc2cc(-c3ccnc(Nc4ccc(F)cc4)c3)ccn2)cc1,7.77,2
CHEMBL206466,CC(=O)N1CCCC(C(=O)Nc2cc(-c3ccnc(Nc4ccc(F)cc4)c3)ccn2)C1,7.82,1
CHEMBL210618,CCOc1nc(NC(=O)Cc2cc(OC)ccc2OC)cc(N)c1C#N,7.271666666666667,6
CHEMBL2144409,Cc1ccc(-c2ncn(-c3ccc(Nc4nccc(-c5cccc(N6CCOCC6)c5)n4)cc3)n2)cn1,6.8,2
CHEMBL215943,Cc1ccc(C(=O)Nc2cccc(C(F)(F)F)c2)cc1-c1ccc2nc(NCCN3CCOCC3)ncc2c1,6.84,1
CHEMBL220227,CC(C)c1onc(-c2ccc(F)cc2)c1-c1ccncc1,6.27,3
CHEMBL2216824,Cc1cc(NC(=O)c2cccc(NC(=O)/C=C/CN(C)C)c2)ccc1Nc1nccc(-c2cccnc2)n1,8.35,8
CHEMBL232599,N#Cc1c(NC(=O)c2cccc3ccccc23)sc2c1CCN(C(=O)CCN1CCCCC1)C2,5.5,1
CHEMBL232600,CN(C)CC(=O)N1CCc2c(sc(NC(=O)c3cccc4ccccc34)c2C#N)C1,5.6,1
CHEMBL232601,N#Cc1c(NC(=O)c2cccc3ccccc23)sc2c1CCCN2C(=O)C1CC1,6.6,1
CHEMBL232610,N#Cc1c(NC(=O)c2cccc3ccccc23)sc2c1CCCN2C(=O)c1cc[nH]n1,6.6,1
CHEMBL233000,N#Cc1c(NC(=O)c2ccccc2)sc2c1CCCC2,5.8100000000000005,2
CHEMBL233001,N#Cc1c(NC(=O)c2cccc3ccccc23)sc2c1CCCC2,6.7,1
CHEMBL233002,N#Cc1c(NC(=O)c2ccc(F)c3ccccc23)sc2c1CCCC2,6.0,1
CHEMBL2334705,O=C(C1CC1)N1CCC[C@@H](Nc2nccc(-n3c(-c4ccc5ccccc5c4)nc4ccc(O)cc43)n2)C1,5.96,1
CHEMBL233794,N#Cc1c(NC(=O)c2cccc3ccccc23)sc2c1CCCN2S(=O)(=O)c1ccccc1,5.8,1
CHEMBL234655,O=C(NCCCN1CCCC1=O)c1cnccc1Nc1nc(-c2cc(Br)ccc2F)nc2nccnc12,7.23,1
CHEMBL234838,N#Cc1c(NC(=O)c2ccccc2F)sc2c1CCCC2,6.4,1
CHEMBL234839,N#Cc1c(NC(=O)c2ccccc2Br)sc2c1CCCC2,5.5,1
CHEMBL2348581,Oc1cccc(-c2nc3ccccc3n2-c2ccnc(N[C@@H]3CCCNC3)c2)c1,5.73,1
CHEMBL2376905,O=C(NCCN1CCOCC1)c1cccc(-n2ncc3cc(Nc4ccccc4)cnc32)c1,6.77,1
CHEMBL2376906,O=C(NCCCN1CCOCC1)c1ccc(-n2ncc3cc(Nc4ccccc4Cl)ccc32)cc1,7.48,1
CHEMBL2376907,Cc1cccc(CC(=O)Nc2cnn(-c3cccc(C(=O)NC4CCOC(C)(C)C4)c3)c2)c1,5.96,1
CHEMBL2376909,COc1cc(NC(=O)c2cccc(-n3ncc4cc(Nc5ccccc5)ccc43)c2)cc(OC)c1OC,7.62,1
CHEMBL2376910,COc1cc(NC(=O)c2cccc(-n3ncc4cc(Nc5ccccc5Cl)ccc43)c2)cc(OC)c1OC,7.92,1
CHEMBL2376911,CCOc1ccc(NC(=O)c2cccc(-n3ncc4cc(Nc5ccccc5F)ccc43)c2)cc1OC,7.34,1
CHEMBL2376912,COc1cc(NC(=O)c2cccc(-n3ncc4cc(Nc5ccccc5C)ccc43)c2)cc(OC)c1OC,7.23,1
CHEMBL2376913,Cc1cc(NC(=O)c2cccc(-n3ncc4cc(Nc5ccccc5Cl)ccc43)c2)ccc1N1CCOCC1,7.5,1
CHEMBL2376914,Cc1cc(NC(=O)c2cccc(-n3ncc4cc(Nc5ccccc5F)ccc43)c2)ccc1N1CCOCC1,7.42,1
CHEMBL2376915,O=C(NCCN1CCOCC1)c1cccc(-n2ncc3cc(Nc4ccccc4Cl)ccc32)c1,7.27,1
CHEMBL2376916,O=C(NCCN1CCOCC1)c1cccc(-n2ncc3cc(Nc4c(Cl)cccc4Cl)ccc32)c1,7.11,1
CHEMBL2376917,COc1ccccc1Nc1ccc2c(cnn2-c2cccc(C(=O)NCCCN3CCOCC3)c2)c1,7.37,1
CHEMBL2376918,O=C(NCCCN1CCOCC1)c1cccc(-n2ncc3cc(Nc4ccccc4F)ccc32)c1,7.66,1
CHEMBL2376919,O=C(NCCCN1CCOCC1)c1cccc(-n2ncc3cc(Nc4ccccc4Cl)ccc32)c1,7.82,1
CHEMBL2376920,Cc1cccc(NC(=O)c2cccc(-n3ncc4cc(Nc5ccccc5F)ccc43)c2)c1,6.92,1
CHEMBL2376921,Cc1cccc(NC(=O)c2cccc(-n3ncc4cc(Nc5ccccc5C)ccc43)c2)c1,6.6,1
CHEMBL2376922,O=C(NCCO)c1cccc(-n2ncc3cc(Nc4ccccc4Cl)ccc32)c1,7.46,1
CHEMBL2376923,O=C(NCCN1CCOCC1)c1cccc(-n2ncc3cc(Nc4ccccn4)ccc32)c1,5.85,1
CHEMBL2376924,NC(=O)c1cccc(-n2ncc3cc(Nc4ccccc4F)ccc32)c1,7.2,1
CHEMBL2376925,CN1CCN(CCNC(=O)c2cccc(-n3ncc4cc(Nc5c(Cl)cccc5Cl)ccc43)c2)CC1,7.3,1
CHEMBL2376926,Cc1cccc(Nc2ccc3c(cnn3-c3cccc(C(=O)NCCN4CCN(C5CCC5)CC4)c3)c2)c1Cl,7.4,1
CHEMBL2376927,O=C(NCCN1CCOCC1)c1cccc(-n2ncc3cc(Nc4ccccc4Cl)ccc32)n1,6.19,1
CHEMBL2376928,O=C(NCCN1CCOCC1)c1cc(-n2ncc3cc(Nc4c(Cl)cccc4Cl)ccc32)ccn1,6.19,1
CHEMBL2376929,CN1CCN(CCNC(=O)c2cncc(-n3ncc4cc(Nc5c(Cl)cccc5Cl)ccc43)c2)CC1,6.96,1
CHEMBL2376930,O=C(NCCN1CCOCC1)c1ccnc(-n2ncc3cc(Nc4ccccc4Cl)ccc32)c1,6.92,2
CHEMBL2376931,O=C(NCCN1CCOCC1)c1cccc(-n2ncc3cc(Nc4ccccc4Cl)ncc32)c1,7.1,1
CHEMBL2425655,CS(=O)(=O)N[C@H]1CC[C@H](Nc2nccc(-n3nnc4ccccc43)n2)CC1,6.94,1
CHEMBL245335,CCNC(=O)N1CCC[C@@H](Nc2ncc(Cl)c(-c3c[nH]c4ccccc34)n2)C1,6.97,1
CHEMBL245336,CNC(=O)CN1CCC(Nc2ncc(Cl)c(-c3c[nH]c4ccccc34)n2)CC1,7.85,1
CHEMBL245533,CCOC(=O)N1CCC(Nc2ncc(Cl)c(-c3c[nH]c4ccccc34)n2)CC1,7.09,1
CHEMBL245724,CCNC(=O)N1CCC(Nc2ncc(C)c(-c3c[nH]c4ccccc34)n2)CC1,6.39,1
CHEMBL245732,CN(C)CC(=O)N1CCC(Nc2ncc(Cl)c(-c3c[nH]c4ccccc34)n2)CC1,6.92,1
CHEMBL245733,CC1CCN(C(=O)N2CCC(Nc3ncc(Cl)c(-c4c[nH]c5ccccc45)n3)CC2)CC1,7.32,1
CHEMBL245936,CCNC(=O)N1CCC(Nc2nccc(-c3c(-c4ccccc4)[nH]c4ccccc34)n2)CC1,8.3,1
CHEMBL246356,CNc1ncnc(-c2cccnc2Oc2cc(NC(=O)c3cccc(OC(F)(F)C(F)F)c3)ccc2C)n1,4.4,1
CHEMBL246543,CCNC(=O)N1CCC(Nc2nccc(-c3cnc4ccccn34)n2)CC1,6.15,1
CHEMBL246544,CCNC(=O)N1CCC(Nc2ncc(Cl)c(-c3c[nH]c4ccccc34)n2)C1,6.24,1
CHEMBL246545,CCNC(=O)N1CC(Nc2ncc(Cl)c(-c3c[nH]c4ccccc34)n2)C1,5.3,1
CHEMBL248176,CCNC(=O)N1CCC(Nc2ncc(Cl)c(-c3c[nH]c4ccccc34)n2)CC1,7.24,1
CHEMBL248370,CCNC(=O)N1CCC(Nc2ncc(C#N)c(-c3c[nH]c4cc(F)ccc34)n2)CC1,6.38,1
CHEMBL248612,CS(=O)(=O)Nc1ccc(-c2cnc3cccc(-c4cccnc4)c3c2)cc1,5.28,1
CHEMBL248643,Oc1ccc(-c2cnc3ccc4ccncc4c3c2)cc1,6.23,2
CHEMBL248644,c1ccc(-c2cnc3ccc4ccncc4c3c2)cc1,6.0,1
CHEMBL248645,CC(=O)N(C(C)=O)c1ccc(-c2cnc3ccc4ccncc4c3c2)cc1,5.8,1
CHEMBL248790,CS(=O)(=O)Nc1ccc(-c2cnc3cccc(Nc4ncccn4)c3c2)cc1,6.32,1
CHEMBL248791,CS(=O)(=O)Nc1ccc(-c2cnc3cccc(NC(=O)c4ccccn4)c3c2)cc1,5.44,1
CHEMBL248792,CS(=O)(=O)Nc1ccc(-c2cnc3cccc(Nc4ncc([N+](=O)[O-])s4)c3c2)cc1,6.12,1
CHEMBL248830,c1cc2ccc3ncc(-c4ccc(-c5ccn[nH]5)cc4)cc3c2cn1,5.44,1
CHEMBL248831,c1cc2ccc3ncc(-c4ccc(N5CCOCC5)cc4)cc3c2cn1,5.89,1
CHEMBL248832,Nc1ccc(-c2cnc3ccc4ccncc4c3c2)cc1,6.29,1
CHEMBL248833,CC(=O)Nc1ccc(-c2cnc3ccc4ccncc4c3c2)cc1,6.28,1
CHEMBL248982,CS(=O)(=O)Nc1ccc(-c2cnc3cccc(Nc4cccc(Cl)n4)c3c2)cc1,5.19,1
CHEMBL248983,CS(=O)(=O)Nc1ccc(-c2cnc3cccc(Nc4ccc(Cl)cn4)c3c2)cc1,6.92,1
CHEMBL248984,CS(=O)(=O)Nc1ccc(-c2cnc3cccc(Nc4ccc(F)cn4)c3c2)cc1,6.85,1
CHEMBL249998,CS(=O)(=O)Nc1ccc(-c2cnc3ccc4ccncc4c3c2)cc1,6.03,1
CHEMBL250017,NS(=O)(=O)c1ccc(-c2cnc3cccc(Nc4ccc(Cl)cn4)c3c2)cc1,6.62,1
CHEMBL250199,CS(=O)(=O)N(c1ccc(-c2cnc3ccc4ccncc4c3c2)cc1)S(C)(=O)=O,6.68,1
CHEMBL250409,CC(C)(C)NS(=O)(=O)c1ccc(-c2cnc3cccc(Nc4ccccn4)c3c2)cc1,6.82,1
CHEMBL252761,O=C1c2ccccc2C2=NNC3=CC=CC1C32,7.0525,4
CHEMBL252762,Fc1ccc(-c2nc3n(c2-c2ccnc(NC4CCC4)n2)[C@H](Cn2ccnc2)CC3)cc1,8.15,1
CHEMBL252763,O=C(Nc1cc(-c2ccnc(Nc3ccc(F)cc3)c2)ccn1)[C@H]1CCOC1,8.52,1
CHEMBL252967,CCCn1c(C2CCN(C)CC2)nc(-c2ccc(Cl)c(Cl)c2)c1-c1ccnc(NC2CC2)n1,8.8,1
CHEMBL253174,NC1=CC=C2SN=C3c4ccccc4C(=O)C1C23,6.4,1
CHEMBL254443,COc1ccccc1Nc1ccc2c(-c3ccccc3)n[nH]c2c1,6.7,2
CHEMBL254651,N#CC(c1ccnc(NCCc2c[nH]cn2)n1)c1nc2ccccc2s1,7.16,1
CHEMBL254858,CCCCCCCCCCCc1cc(O)cc(O)c1C(=O)OC(CCC)CCCCCCCc1cc(OS(=O)(=O)O)cc(OS(=O)(=O)O)c1,6.3,1
CHEMBL259060,COC(=O)c1c(-c2ccccc2)c2cc(Br)ccc2c(=O)n1Cc1ccc(S(C)(=O)=O)cc1,7.52,2
CHEMBL3040440,CNC(=O)c1ccccc1Nc1cc(Nc2ccc(N3CCOCC3)cc2OC)ncc1C(F)(F)F,6.8,1
CHEMBL3099962,Fc1ccc(-c2n[nH]cc2-c2ccnc(Nc3ccc(N4CCOCC4)cc3)c2)cc1,8.15,1
CHEMBL3099963,Cc1ncn(-c2ccc(Nc3cc(-c4nocc4-c4cn[nH]c4)ccn3)cc2)n1,7.62,1
CHEMBL3099964,Cc1ncn(-c2ccc(Nc3cc(-c4nocc4-c4cc[nH]n4)ccn3)cc2)n1,6.23,1
CHEMBL3099965,Fc1ccc(-c2conc2-c2ccnc(Nc3ccc(N4CCOCC4)cc3)c2)cc1,7.58,1
CHEMBL3099967,Fc1ccc(-c2c(-c3ccnc(Nc4ccc(N5CCOCC5)cc4)c3)noc2C2CC2)cc1,7.16,1
CHEMBL3099968,Cc1onc(-c2ccnc(Nc3ccc(N4CCOCC4)cc3)c2)c1-c1ccc(F)cc1,7.5,1
CHEMBL3099969,N#Cc1onc(-c2ccnc(Nc3ccc(N4CCOCC4)cc3)c2)c1-c1ccc(F)cc1,6.9,1
CHEMBL3099970,Fc1ccc(-c2c(-c3ccnc(Nc4ccc(N5CCOCC5)cc4)c3)noc2N2CCOCC2)cc1,6.28,1
CHEMBL3099971,CN(C)c1onc(-c2ccnc(Nc3ccc(N4CCOCC4)cc3)c2)c1-c1ccc(F)cc1,6.44,1
CHEMBL3099972,CNc1onc(-c2ccnc(Nc3ccc(N4CCOCC4)cc3)c2)c1-c1ccc(F)cc1,7.57,1
CHEMBL3099973,Fc1ccc(-c2c(-c3ccnc(Nc4ccc(N5CCOCC5)cc4)c3)noc2NCc2ccccc2)cc1,6.87,1
CHEMBL3099974,CN(C)CCNc1onc(-c2ccnc(Nc3ccc(N4CCOCC4)cc3)c2)c1-c1ccc(F)cc1,6.67,1
CHEMBL3099975,Oc1onc(-c2ccnc(Nc3ccc(N4CCOCC4)cc3)c2)c1-c1ccc(F)cc1,9.0,1
CHEMBL3099976,Cc1ncn(-c2ccc(Nc3cc(-c4nocc4C)ccn3)cc2)n1,6.36,1
CHEMBL3099977,Cn1cc(-c2conc2-c2ccnc(Nc3ccc(N4CCOCC4)cc3)c2)cn1,7.72,1
CHEMBL3100083,c1cc(-c2nocc2C2CC2)cc(Nc2ccc(N3CCOCC3)cc2)n1,7.13,1
CHEMBL3100084,Cc1ncn(-c2ccc(Nc3cc(-c4nocc4-c4cnn(C)c4)ccn3)cc2)n1,7.28,1
CHEMBL3100085,Cc1ncn(-c2ccc(Nc3cc(-c4nocc4-c4cn[nH]c4C)ccn3)cc2)n1,7.8,1
CHEMBL3100086,Cc1ncn(-c2ccc(Nc3cc(-c4nocc4-c4c(C)n[nH]c4C)ccn3)cc2)n1,6.73,1
CHEMBL315708,c1ccc(-c2[nH]nc3ccccc23)cc1,5.63,1
CHEMBL3189536,C/C(=N/Cc1cccnc1)C1=C(O)c2ccccc2C1=O,4.7,1
CHEMBL3189642,C=CCn1c(SC/C(O)=C(/C#N)C(C)=N)nc2sc(CC)cc2c1=O,4.21,1
CHEMBL3190499,Oc1[nH]c2ccccc2c1/C=N/c1nccs1,4.33,1
CHEMBL3193799,O=C1C(/C=N/Cc2cccnc2)=C(O)c2ccccc21,4.49,1
CHEMBL3194854,Cc1cccc(/N=C/c2c(O)[nH]c3ccccc23)n1,4.38,1
CHEMBL3195180,N#C/C(=C(\O)c1ccco1)c1ccccn1,4.29,1
CHEMBL3196400,COc1ccc(/C=N/n2c(N)nc3ccccc32)cc1OC,4.78,1
CHEMBL3197413,C/C(=N\CCCn1ccnc1)C1=C(O)c2ccccc2C1=O,4.45,1
CHEMBL3197885,Oc1[nH]c2ccccc2c1/C=N/c1ccc2c(c1)OCCO2,4.05,1
CHEMBL3199093,O=C1C(/C=N/c2ccccc2O)=C(O)c2ccccc21,4.64,1
CHEMBL3214457,O=C(c1cccc2c1-c1ccccc1/C2=N/O)N1CCCCC1,4.39,1
CHEMBL3217784,NC(=O)c1ccccc1Nc1nc(Nc2ccc(F)cc2)ncc1Cl,8.92,1
CHEMBL3220465,CNC(=O)c1ccccc1Nc1cc(Nc2ccc(N3CCOCC3)cc2OC)ncc1F,6.5,1
CHEMBL3220466,CNC(=O)c1ccccc1Nc1cc(Nc2ccc(N3CCOCC3)cc2OC)ncc1Cl,7.08,2
CHEMBL3220467,CNC(=O)c1ccccc1Nc1cc(Nc2ccc(N3CCOCC3)cc2OC)ncc1Br,7.17,1
CHEMBL3220468,CNC(=O)c1ccccc1Nc1cc(Nc2ccc(N3CCOCC3)cc2OC)ncc1C#N,6.29,1
CHEMBL3220469,CNC(=O)c1ccccc1Nc1cc(Nc2ccc(N3CCOCC3)cc2)ncc1C(F)(F)F,7.21,1
CHEMBL3220470,CNC(=O)c1ccccc1Nc1cc(Nc2ccc(C(=O)N(C)C)cc2)ncc1C(F)(F)F,6.49,1
CHEMBL3220471,CNC(=O)c1ccccc1Nc1cc(Nc2ccc(-n3ccnn3)cc2)ncc1C(F)(F)F,6.66,1
CHEMBL3220472,CNC(=O)c1ccccc1Nc1cc(Nc2ccc(-n3nc(C)nc3C)cc2)ncc1C(F)(F)F,6.43,1
CHEMBL3220473,CNC(=O)c1ccccc1Nc1cc(Nc2ccc(N3CCOCC3)cc2F)ncc1C(F)(F)F,6.17,1
CHEMBL3220474,CNC(=O)c1ccccc1Nc1cc(Nc2ccc3c(c2)OCO3)ncc1C(F)(F)F,6.49,1
CHEMBL3220475,CNC(=O)c1ccccc1Nc1cc(Nc2ccc3ccccc3c2)ncc1C(F)(F)F,6.38,1
CHEMBL3220476,CNC(=O)c1ccccc1Nc1cc(Nc2cc(OC)c(OC)c(OC)c2)ncc1C(F)(F)F,6.14,1
CHEMBL3220477,CNC(=O)c1ccccc1Nc1cc(Nc2ccc(N3CCOCC3)c(C)c2)ncc1C(F)(F)F,6.76,1
CHEMBL3220478,CNC(=O)c1ccccc1Nc1ccnc(Nc2ccc(N3CCOCC3)cc2)c1,5.51,1
CHEMBL3220479,NC(=O)c1ccccc1Nc1ccnc(Nc2ccc(N3CCOCC3)cc2)c1,6.8,1
CHEMBL3220481,O=C(Nc1ccccc1)c1ccccc1Nc1ccnc(Nc2ccc(N3CCOCC3)cc2)c1,4.92,1
CHEMBL3220483,COc1cc(Nc2cc(Nc3ccccc3C(N)=O)ccn2)ccc1N1CCOCC1,6.88,1
CHEMBL3220484,COc1cc(N2CCOCC2)ccc1Nc1cc(Nc2ccccc2C(N)=O)ccn1,6.43,1
CHEMBL3220485,CN(C)C(=O)c1ccc(Nc2cc(Nc3ccccc3C(N)=O)ccn2)cc1,6.49,1
CHEMBL3220486,NC(=O)c1ccccc1Nc1ccnc(Nc2ccc(-n3ccnn3)cc2)c1,6.66,1
CHEMBL3220487,Cc1nc(C)n(-c2ccc(Nc3cc(Nc4ccccc4C(N)=O)ccn3)cc2)n1,6.43,1
CHEMBL3220488,NC(=O)c1ccccc1Nc1ccnc(Nc2ccc(N3CCOCC3)cc2F)c1,6.17,1
CHEMBL3220489,NC(=O)c1ccccc1Nc1ccnc(Nc2ccc3c(c2)OCO3)c1,6.49,1
CHEMBL3220490,NC(=O)c1ccccc1Nc1ccnc(Nc2ccc3ccccc3c2)c1,6.38,1
CHEMBL3220491,COc1cc(Nc2cc(Nc3ccccc3C(N)=O)ccn2)cc(OC)c1OC,6.14,1
CHEMBL3220492,Cc1cc(Nc2cc(Nc3ccccc3C(N)=O)ccn2)ccc1N1CCOCC1,6.76,1
CHEMBL3220493,NC(=O)c1ccccc1Nc1nc(Nc2ccc(N3CCOCC3)cc2)ncc1Cl,9.535,2
CHEMBL3220494,COc1ccc(Nc2ncc(Cl)c(Nc3ccccc3C(N)=O)n2)cc1,9.38,1
CHEMBL3220495,COc1cc(N2CCOCC2)ccc1Nc1ncc(Cl)c(Nc2ccccc2C(N)=O)n1,9.105,2
CHEMBL3220496,NC(=O)c1ccccc1Nc1nc(Nc2ccc(N3CCOCC3)cc2F)ncc1Cl,9.52,1
CHEMBL3220497,COc1cc(Nc2ncc(Cl)c(Nc3ccccc3C(N)=O)n2)ccc1N1CCOCC1,9.55,1
CHEMBL3220498,Cc1cc(Nc2ncc(Cl)c(Nc3ccccc3C(N)=O)n2)ccc1N1CCOCC1,9.51,1
CHEMBL3220499,NC(=O)c1ccccc1Nc1nc(Nc2ccc(N3CCOCC3)c(F)c2)ncc1Cl,9.6,1
CHEMBL3220500,N#Cc1ccc(Nc2ncc(Cl)c(Nc3ccccc3C(N)=O)n2)cc1,9.11,1
CHEMBL3220501,NC(=O)c1ccccc1Nc1nc(Nc2ccc(Cl)cc2)ncc1Cl,8.6,1
CHEMBL3220502,NC(=O)c1ccccc1Nc1nc(Nc2ccc(N3CCCC3=O)cc2)ncc1Cl,9.8,2
CHEMBL3220503,COc1cc(N2CCOCC2)ccc1Nc1cc(Nc2ccccc2C(=O)N(C)C)c(C(F)(F)F)cn1,6.0,1
CHEMBL3220504,O=C1NCc2cccc(Nc3ccnc(Nc4ccc(N5CCOCC5)cc4)c3)c21,5.75,1
CHEMBL3233356,c1ccc2c(c1)nc(N1CCOCC1)c1c3ccccc3[nH]c21,4.52,1
CHEMBL3301610,CCN1CCN(Cc2ccc(Nc3ncc(F)c(-c4cc(F)c5nc(C)n(C(C)C)c5c4)n3)nc2)CC1,6.41,2
CHEMBL3310138,Nc1onc(-c2ccc(F)cc2)c1-c1ccncn1,5.66,1
CHEMBL3310142,O=C(Cc1c(F)cccc1Cl)Nc1onc(-c2ccc(F)cc2)c1-c1ccncn1,6.24,1
CHEMBL3352845,CN(C)CCn1cc(NC(=O)c2cccc(-n3cc(NC(=O)Nc4ccccc4Cl)cn3)c2)cn1,7.47,1
CHEMBL3355145,Cc1ccc(NC(=O)c2cccc(-n3cc(NC(=O)Nc4ccccc4)cn3)c2)cn1,6.94,1
CHEMBL3355146,Cc1ccc(NC(=O)c2cccc(-n3cc(NC(=O)Nc4ccccc4Cl)cn3)c2)cn1,7.34,2
CHEMBL3355147,Cc1ccc(NC(=O)c2cccc(-n3cc(NC(=O)Nc4cccc(Cl)c4)cn3)c2)cn1,6.22,1
CHEMBL3355148,Cc1ccc(NC(=O)c2cccc(-n3cc(NC(=O)Nc4ccc(Cl)cc4)cn3)c2)cn1,5.74,1
CHEMBL3355149,Cc1ccc(NC(=O)c2cccc(-n3cc(NC(=O)Nc4ccccc4F)cn3)c2)cn1,6.5,1
CHEMBL3355150,Cc1ccc(NC(=O)c2cccc(-n3cc(NC(=O)Nc4cccc(F)c4)cn3)c2)cn1,6.86,1
CHEMBL3355151,Cc1ccc(NC(=O)c2cccc(-n3cc(NC(=O)Nc4ccc(F)cc4)cn3)c2)cn1,6.79,1
CHEMBL3355153,Cc1ccc(NC(=O)c2cccc(-n3cc(NC(=O)N(C)c4ccccc4Cl)cn3)c2)cn1,5.51,1
CHEMBL3355156,Cc1ccc(NC(=O)c2ccc(F)c(-n3cc(NC(=O)Nc4ccccc4Cl)cn3)c2)cn1,7.1,1
CHEMBL3355157,Cc1ccc(NC(=O)c2cc(F)cc(-n3cc(NC(=O)Nc4ccccc4Cl)cn3)c2)cn1,5.34,1
CHEMBL3355158,Cc1ccc(NC(=O)c2cc(-n3cc(NC(=O)Nc4ccccc4Cl)cn3)ccc2F)cn1,7.15,1
CHEMBL3355159,Cc1ccc(NC(=O)c2cccc(-n3cc(NC(=O)Nc4ccccc4Cl)cn3)c2F)cn1,6.64,1
CHEMBL3355160,Cc1cncc(NC(=O)c2cccc(-n3cc(NC(=O)Nc4ccccc4Cl)cn3)c2)c1,6.93,1
CHEMBL3355161,Cc1ncccc1NC(=O)c1cccc(-n2cc(NC(=O)Nc3ccccc3Cl)cn2)c1,6.85,1
CHEMBL3355162,Cc1ccc(NC(=O)c2cccc(-n3cc(NC(=O)Nc4ccccc4Cl)cn3)c2)c(C)n1,6.85,1
CHEMBL3355164,Cc1ccc(NC(=O)c2cccc(-n3cc(NC(=O)Nc4ccccc4Cl)cn3)c2)nc1,5.29,1
CHEMBL3355165,Cc1cc(NC(=O)c2cccc(-n3cc(NC(=O)Nc4ccccc4Cl)cn3)c2)ccn1,6.535,2
CHEMBL3355166,Cc1cc(NC(=O)c2cccc(-n3cc(NC(=O)Nc4ccccc4Cl)cn3)c2)cc(C)n1,6.26,2
CHEMBL3355167,Cc1ncc(NC(=O)c2cccc(-n3cc(NC(=O)Nc4ccccc4Cl)cn3)c2)cn1,7.21,1
CHEMBL3355168,Cc1ccc(CNC(=O)c2cccc(-n3cc(NC(=O)Nc4ccccc4Cl)cn3)c2)cn1,6.275,2
CHEMBL3355169,Cn1cc(NC(=O)c2cccc(-n3cc(NC(=O)Nc4ccccc4Cl)cn3)c2)cn1,6.88,1
CHEMBL3355170,Cn1ccc(NC(=O)c2cccc(-n3cc(NC(=O)Nc4ccccc4Cl)cn3)c2)n1,6.69,1
CHEMBL3355171,Cn1nccc1NC(=O)c1cccc(-n2cc(NC(=O)Nc3ccccc3Cl)cn2)c1,6.79,1
CHEMBL3355172,Cc1nn(C)cc1NC(=O)c1cccc(-n2cc(NC(=O)Nc3ccccc3Cl)cn2)c1,6.94,1
CHEMBL3355173,Cn1cnc(NC(=O)c2cccc(-n3cc(NC(=O)Nc4ccccc4Cl)cn3)c2)n1,6.23,1
CHEMBL3355174,CC(C)n1cc(NC(=O)c2cccc(-n3cc(NC(=O)Nc4ccccc4Cl)cn3)c2)cn1,6.215,2
CHEMBL3355175,CCN(CC)CCn1cc(NC(=O)c2cccc(-n3cc(NC(=O)Nc4ccccc4Cl)cn3)c2)cn1,7.68,1
CHEMBL3355176,O=C(Nc1cnn(-c2cccc(C(=O)Nc3cnn(CCN4CCCC4)c3)c2)c1)Nc1ccccc1Cl,7.64,1
CHEMBL3355177,O=C(Nc1cnn(-c2cccc(C(=O)Nc3cnn(C4CCNCC4)c3)c2)c1)Nc1ccccc1Cl,7.093333333333334,3
CHEMBL3355178,O=C(Nc1cnn(-c2cccc(C(=O)Nc3cnn(C4CCNC4)c3)c2)c1)Nc1ccccc1Cl,6.68,1
CHEMBL3355179,CCN(CC)CCNC(=O)c1cccc(-n2cc(NC(=O)Nc3ccccc3Cl)cn2)c1,6.86,1
CHEMBL3355180,O=C(Nc1cnn(-c2cccc(C(=O)NCCCN3CCCC3)c2)c1)Nc1ccccc1Cl,7.0,1
CHEMBL3355181,O=C(Nc1cnn(-c2cccc(C(=O)NCC3CCNCC3)c2)c1)Nc1ccccc1Cl,6.4025,4
CHEMBL3355182,CN1CCC(CNC(=O)c2cccc(-n3cc(NC(=O)Nc4ccccc4Cl)cn3)c2)CC1,6.77,1
CHEMBL3355183,O=C(Nc1cnn(-c2cccc(C(=O)NC3CNC3)c2)c1)Nc1ccccc1Cl,7.47,1
CHEMBL3355184,O=C(Nc1cnn(-c2cccc(C(=O)NC3CCNC3)c2)c1)Nc1ccccc1Cl,7.54,1
CHEMBL3355992,CN(C)CCNc1nccc(-c2cccnc2Oc2ccc(Nc3nc4ccccc4[nH]3)c3ccccc23)n1,6.46,1
CHEMBL3355993,Cc1cc(Nc2nc3ccccc3[nH]2)c2ccccc2c1Oc1ncccc1-c1ccnc(NCCN(C)C)n1,6.15,1
CHEMBL3355994,CC(C)CCNc1nccc(-c2cccnc2Oc2ccc(Nc3nc4ccccc4[nH]3)c3ccccc23)n1,7.5,1
CHEMBL3355995,OCCNc1nccc(-c2cccnc2Oc2ccc(Nc3nc4ccccc4[nH]3)c3ccccc23)n1,7.92,1
CHEMBL3355996,CN1CCCC(Nc2nccc(-c3cccnc3Oc3ccc(Nc4nc5ccccc5[nH]4)c4ccccc34)n2)C1,8.26,1
CHEMBL3355997,c1cnc(Oc2ccc(Nc3nc4ccccc4[nH]3)c3ccccc23)c(-c2ccnc(N[C@@H]3CCCNC3)n2)c1,7.85,1
CHEMBL3355998,c1cnc(Oc2ccc(Nc3nc4ccccc4[nH]3)c3ccccc23)c(-c2ccnc(N[C@H]3CCCNC3)n2)c1,7.51,1
CHEMBL3355999,N[C@H]1CC[C@H](Nc2nccc(-c3cccnc3Oc3ccc(Nc4nc5ccccc5[nH]4)c4ccccc34)n2)CC1,8.72,1
CHEMBL3356000,N[C@H]1CC[C@@H](Nc2nccc(-c3cccnc3Oc3ccc(Nc4nc5ccccc5[nH]4)c4ccccc34)n2)CC1,8.12,1
CHEMBL3356001,Cc1cc(Nc2nc3ccccc3[nH]2)c2ccccc2c1Oc1ncccc1-c1ccnc(N[C@H]2CC[C@H](N)CC2)n1,8.72,1
CHEMBL3356002,Cc1cc(Nc2nc3ccccc3[nH]2)c2ccccc2c1Oc1ncccc1-c1ccnc(N[C@H]2CCCNC2)n1,7.7,1
CHEMBL3356003,Cc1cc(Nc2nc3ccccc3o2)c2ccccc2c1Oc1ncccc1-c1ccnc(N[C@H]2CC[C@H](N)CC2)n1,8.15,1
CHEMBL3356004,Cc1cc(NS(=O)(=O)c2ccccc2)c2ccccc2c1Oc1ncccc1-c1ccnc(N[C@H]2CC[C@H](N)CC2)n1,5.66,1
CHEMBL3356005,COc1ccccc1S(=O)(=O)Nc1cc(C)c(Oc2ncccc2-c2ccnc(N[C@H]3CC[C@H](N)CC3)n2)c2ccccc12,5.92,1
CHEMBL3356006,Cc1cc(NS(=O)(=O)c2ccccc2C#N)c2ccccc2c1Oc1ncccc1-c1ccnc(N[C@H]2CC[C@H](N)CC2)n1,6.4,1
CHEMBL3356007,Cc1cc(NS(=O)(=O)c2ccccc2Cl)c2ccccc2c1Oc1ncccc1-c1ccnc(N[C@H]2CC[C@H](N)CC2)n1,5.8,1
CHEMBL3356008,Cc1ccc2c(NS(=O)(=O)c3ccccc3Cl)cccc2c1Oc1ncccc1-c1ccnc(N[C@H]2CC[C@H](N)CC2)n1,6.27,1
CHEMBL3356009,Cc1ccc2c(NS(=O)(=O)c3ccccc3Cl)cccc2c1Oc1ncccc1-c1ccnc(N[C@H]2CCCNC2)n1,5.6,1
CHEMBL3356010,N[C@H]1CC[C@H](Nc2nccc(-c3cccnc3Oc3ccc(NS(=O)(=O)c4ccccc4Cl)c4ccccc34)n2)CC1,6.4,1
CHEMBL3393333,N#Cc1ccnc(Nc2cc(C3CCN(C4COC4)CC3)cc(N3CCC(F)(F)C3)n2)c1,6.44,1
CHEMBL3393595,CN(C)c1ccc(-c2cnc3[nH]cc(-c4cn[nH]c4)c3c2)cc1,7.5,1
CHEMBL3393596,Cn1cc(-c2c[nH]c3ncc([C@H]4CC[C@H](N5CCOCC5)CC4)cc23)cn1,7.07,1
CHEMBL3393597,Cn1cc(-c2c[nH]c3ncc([C@H]4CC[C@H](N5CCCOCC5)CC4)cc23)cn1,6.89,1
CHEMBL3393598,O=C(NCCN1CCN(C2CCC2)CC1)c1cccc(-n2ncc3cc(Nc4ccccc4Cl)ccc32)c1,7.4,1
CHEMBL3393599,COc1cc(NC(=O)c2cccc(-n3cc(NC(=O)Nc4cccc(C)c4)cn3)c2)cc(OC)c1OC,8.15,1
CHEMBL3393604,COc1ccc2c(c1)OCC(C(=O)NC(=O)N(CC(=O)NCCCCCCNC(=O)c1ccc(-c3n[nH]c4ccccc34)cc1)CC(C)C)O2,7.92,1
CHEMBL3393605,Cc1ccc(NC(=O)c2ccc(NC(=O)/C=C/CN(C)C)cc2)cc1Nc1nccc(-c2cccnc2)n1,5.11,2
CHEMBL3393606,CN(C)C/C=C/C(=O)Nc1ccc(C(=O)Nc2cccc(Nc3nccc(-c4cccnc4)n3)c2)cc1,6.0175,4
CHEMBL3393607,CN(C)C/C=C/C(=O)Nc1cccc(C(=O)Nc2ccc(Nc3nccc(-c4cccnc4)n3)cc2)c1,8.275714285714285,7
CHEMBL3393608,CN(C)C/C=C/C(=O)Nc1cccc(C(=O)Nc2ccc(Nc3nccc(-c4c(-c5ccccc5)nn5ccccc45)n3)cc2)c1,8.223333333333334,3
CHEMBL3394093,COC(Cn1c(SCC#N)nc(-c2ccc(F)cc2)c1-c1ccnc(F)c1)OC,5.38,1
CHEMBL3394094,COC(=O)CSc1nc(-c2ccc(F)cc2)c(-c2ccnc(NC(C)=O)c2)n1C,6.7,1
CHEMBL3394095,CC(=O)Nc1cc(-c2c(-c3ccc(F)cc3)nc(SCC(=O)N(C)C)n2C)ccn1,5.93,1
CHEMBL3394096,CC(=O)Nc1cc(-c2c(-c3ccc(F)cc3)nc(SCC(=O)O)n2C)ccn1,6.58,1
CHEMBL3394097,CC(=O)CSc1nc(-c2ccc(F)cc2)c(-c2ccnc(NC(C)=O)c2)n1C,6.59,1
CHEMBL3394098,CC(=O)Nc1cc(-c2c(-c3ccc(F)cc3)nc(SCCC(=O)O)n2C)ccn1,7.04,1
CHEMBL3394099,COC(Cn1c(SCCC(=O)O)nc(-c2ccc(F)cc2)c1-c1ccnc(NC(C)=O)c1)OC,6.57,1
CHEMBL3394100,CC(=O)Nc1cc(-c2c(-c3ccc(F)cc3)nc(S/C=C\C(=O)O)n2C)ccn1,7.26,1
CHEMBL3394101,COC(Cn1c(S/C=C\C(=O)O)nc(-c2ccc(F)cc2)c1-c1ccnc(NC(C)=O)c1)OC,7.48,1
CHEMBL3394102,CC(=O)Nc1cc(-c2c(-c3ccc(F)cc3)nc(S/C=C\C(=O)O)n2C2CC2)ccn1,7.09,1
CHEMBL3394103,CC(=O)Nc1cc(-c2c(-c3ccc(F)cc3)nc(S/C=C\C(=O)O)n2C2CCC2)ccn1,7.33,1
CHEMBL3394104,CC(=O)Nc1cc(-c2c(-c3ccc(F)cc3)nc(S/C=C\C(=O)O)n2C2CCCC2)ccn1,7.35,1
CHEMBL3394105,CC(=O)Nc1cc(-c2c(-c3ccc(F)cc3)nc(S/C=C\C(=O)O)n2C2CCCCC2)ccn1,6.88,1
CHEMBL3394106,CC(=O)Nc1cc(-c2c(-c3ccc(F)cc3)nc(S/C=C\C(=O)O)n2CC2CC2)ccn1,7.75,2
CHEMBL3394107,CC(=O)Nc1cc(-c2c(-c3ccc(F)cc3)nc(S/C=C\C(=O)O)n2CC2CCCCC2)ccn1,7.6,1
CHEMBL3394108,CC(=O)Nc1cc(-c2c(-c3ccc(F)cc3)nc(S/C=C\C(=O)O)n2CC2CCCO2)ccn1,7.46,1
CHEMBL3394109,CC(=O)Nc1cc(-c2c(-c3ccc(F)cc3)nc(S/C=C\C(=O)O)n2CC(O)CO)ccn1,6.65,1
CHEMBL3394110,CC(=O)Nc1cc(-c2c(-c3ccc(F)cc3)nc(SC3CCC(C(=O)O)CC3O)n2C2CCCCC2)ccn1,7.1,1
CHEMBL3394111,CC(=O)Nc1cc(-c2c(-c3ccc(F)cc3)nc(SC3CCC(C(=O)O)CC3O)n2C)ccn1,6.75,1
CHEMBL3394112,COC(Cn1c(SC2CCC(C(=O)O)CC2O)nc(-c2ccc(F)cc2)c1-c1ccnc(NC(C)=O)c1)OC,5.7,1
CHEMBL3394113,CC(=O)Nc1cc(-c2c(-c3ccc(F)cc3)nc(SC3CCC(C(=O)O)CC3O)n2CC2CCCO2)ccn1,5.58,1
CHEMBL3394114,CCOC(=O)/C=C/Sc1nc(-c2ccc(F)cc2)c(-c2ccnc(NC(C)=O)c2)n1C1CC1,6.17,1
CHEMBL3394115,CCOC(=O)/C=C/Sc1nc(-c2ccc(F)cc2)c(-c2ccnc(NC(C)=O)c2)n1CC(OC)OC,5.66,1
CHEMBL3394116,CCOC(=O)/C=C/Sc1nc(-c2ccc(F)cc2)c(-c2ccnc(NC(C)=O)c2)n1CC1CC1,5.92,1
CHEMBL3394117,CC(=O)Nc1cc(-c2c(-c3ccc(F)cc3)nc(S/C=C/C(=O)O)n2CC2CC2)ccn1,6.77,1
CHEMBL3394118,CC(=O)Nc1cc(-c2c(-c3ccc(F)cc3)nc(Sc3cccc(I)n3)n2C2CCCCC2)ccn1,5.82,1
CHEMBL3394119,COC(Cn1c(SCC#N)nc(-c2ccc(F)cc2)c1-c1ccnc(NC2CC2)c1)OC,7.1,1
CHEMBL3394120,COC(Cn1c(S/C=C\C(=O)O)nc(-c2ccc(F)cc2)c1-c1ccnc(NC2CC2)c1)OC,7.92,1
CHEMBL3394121,CCC(C)Nc1cc(-c2c(-c3ccc(F)cc3)nc(S/C=C\C(=O)O)n2CC(OC)OC)ccn1,7.58,1
CHEMBL3394122,CCNC(=O)N1CCC(Nc2cc(-c3c(-c4ccc(F)cc4)nc(S/C=C\C(=O)O)n3C)ccn2)CC1,7.21,1
CHEMBL3394123,O=C(O)/C=C\Sc1nc(-c2ccc(F)cc2)c(-c2ccnc(Nc3ccccc3)c2)n1CC1CC1,7.27,1
CHEMBL3394124,O=C(O)/C=C/Sc1nc(-c2ccc(F)cc2)c(-c2ccnc(Nc3ccccc3)c2)n1CC1CC1,6.67,1
CHEMBL3394125,O=C(O)/C=C\Sc1nc(-c2ccc(F)cc2)c(-c2ccnc(Nc3ccccc3)c2)[nH]1,7.77,1
CHEMBL3394126,CCOC(=O)/C=C\Sc1nc(-c2ccc(F)cc2)c(-c2ccnc(Nc3ccccc3)c2)[nH]1,7.1,1
CHEMBL3422092,O=C(N[C@@H](c1ccccn1)C1CC1)c1ccc2[nH]nc(-c3ccc(N4[C@H]5CC[C@H]4CC(O)C5)cc3)c2c1,7.17,1
CHEMBL3545213,N#CC(c1ccnc(OCc2ccc(CN3CCOCC3)cc2)n1)c1nc2ccccc2s1,6.64,3
CHEMBL356169,COc1ccc2ncn(-c3ccccc3)c2c1,4.46,1
CHEMBL3577855,CC(C)n1c(=O)ccc2cnc(N[C@H]3CC[C@H](O)CC3)nc21,7.24,1
CHEMBL3577856,O[C@H]1CC[C@H](Nc2ncc3ccc(C4CC4)nc3n2)CC1,6.07,1
CHEMBL3577859,CC(C)n1c(=O)ccc2cnc(N3CCC(CO)CC3)nc21,5.48,1
CHEMBL3577862,CC(C)n1c(=O)ccc2cnc(NC3CCOCC3)nc21,6.27,1
CHEMBL3577865,CC(C)n1c(=O)ccc2cnc(N[C@H]3CC[C@H](N)CC3)nc21,6.7,1
CHEMBL3577866,CC(C)C(=O)N[C@H]1CC[C@H](Nc2ncc3ccc(=O)n(C(C)C)c3n2)CC1,7.51,1
CHEMBL3577867,CCNC(=O)N[C@H]1CC[C@H](Nc2ncc3ccc(=O)n(C(C)C)c3n2)CC1,7.24,1
CHEMBL3577868,CC(C)NC(=O)N[C@H]1CC[C@H](Nc2ncc3ccc(=O)n(C(C)C)c3n2)CC1,7.82,1
CHEMBL3577869,CC(C)n1c(=O)ccc2cnc(N[C@H]3CC[C@H](NC(=O)NC4CCCC4)CC3)nc21,7.09,1
CHEMBL3577870,CC(C)C(=O)N[C@H]1CC[C@@H](Nc2ncc3ccc(=O)n(C(C)C)c3n2)CC1,6.49,1
CHEMBL3577871,CCNC(=O)N[C@H]1CC[C@@H](Nc2ncc3ccc(=O)n(C(C)C)c3n2)CC1,7.43,1
CHEMBL3577872,CC(C)C(=O)N1CCC(Nc2ncc3ccc(=O)n(C(C)C)c3n2)CC1,6.79,1
CHEMBL3577873,CCNC(=O)N1CCC(Nc2ncc3ccc(=O)n(C(C)C)c3n2)CC1,7.27,1
CHEMBL3577874,CC(C)NC(=O)N1CCC(Nc2ncc3ccc(=O)n(C(C)C)c3n2)CC1,7.55,1
CHEMBL3577875,CC(C)NC(=O)N[C@H]1CC[C@H](Nc2ncc3ccc(=O)[nH]c3n2)CC1,5.66,1
CHEMBL3577876,CC(C)NC(=O)N[C@H]1CC[C@H](Nc2ncc3ccc(=O)n(C)c3n2)CC1,6.62,1
CHEMBL3577877,CC(C)NC(=O)N[C@H]1CC[C@H](Nc2ncc3ccc(=O)n(C4CCCC4)c3n2)CC1,7.96,1
CHEMBL3577878,CC(C)NC(=O)N[C@H]1CC[C@H](Nc2ncc3ccc(=O)n(C4CCOCC4)c3n2)CC1,6.69,1
CHEMBL3593777,N#Cc1ccc(N2CC[C@@H](Nc3c(C(N)=O)cnc4[nH]ccc34)[C@@H](F)C2)nc1,6.25,1
CHEMBL3629013,N#Cc1ccnc(Nc2cc(C3CCN(C4COC4)CC3)n(C3CCCC3)n2)c1,5.68,1
CHEMBL363355,N#C/C(=C1/Nc2ccccc2S1)c1ccnc(NCCc2ccc(S(N)(=O)=O)cc2)n1,7.39,1
CHEMBL370516,COc1ccc(CCNc2nccc(/C(C#N)=C3\Nc4ccccc4S3)n2)cc1,8.51,1
CHEMBL372082,COc1ccc(COC[C@@H]2CCc3nc(-c4ccc(F)cc4)c(-c4ccnc(N)n4)n32)cc1,7.21,1
CHEMBL373882,CNc1ncnc(-c2cccnc2Oc2ccc(F)c(C(=O)Nc3cc(C(F)(F)F)ccc3N(C)CCCN(C)C)c2)n1,4.4,1
CHEMBL375428,CC(C)c1noc(-c2ccc(F)cc2)c1-c1ccncc1,5.46,2
CHEMBL377383,CCOc1nc(C(=O)NCc2ccc(S(C)(=O)=O)cc2)cc(N)c1Cl,6.92,1
CHEMBL377408,CCOc1nc(C(=O)NCc2ccccc2S(N)(=O)=O)cc(N)c1C#N,7.43,1
CHEMBL379254,COCCC(=O)Nc1cc(-c2ccnc(Nc3ccccc3)c2)ccn1,7.7,1
CHEMBL380625,O=C(Nc1cc(-c2ccnc(Nc3ccccc3)c2)ccn1)c1cccnc1,6.76,1
CHEMBL380724,O=C(Nc1cc(-c2ccnc(Nc3ccccc3)c2)ccn1)c1ccco1,7.75,1
CHEMBL383177,c1ccc(Nc2ccc3c(-c4ccccc4)n[nH]c3c2)cc1,7.32,2
CHEMBL383348,CCCNc1nccc(-c2c(-c3ccc(F)cc3)nc3n2[C@H](COCc2ccc(OC)cc2)CC3)n1,7.96,1
CHEMBL383678,CC(=O)N1CCCCC1C(=O)Nc1cc(-c2ccnc(Nc3ccccc3)c2)ccn1,6.68,1
CHEMBL383799,CCCNc1nccc(-c2c(-c3ccc(F)cc3)nc3n2[C@@H](CO)CC3)n1,8.52,1
CHEMBL383955,O=C(NCc1ccc(S(=O)(=O)N2CCC(n3nnc4ccccc43)CC2)s1)c1ccc(Cl)cc1,6.82,3
CHEMBL388978,CN[C@@H]1C[C@H]2O[C@@](C)([C@@H]1OC)n1c3ccccc3c3c4c(c5c6ccccc6n2c5c31)C(=O)NC4,7.14,1
CHEMBL3899711,N#CC(c1ccnc(OCc2ccccc2)n1)c1nc2ccccc2s1,7.22,1
CHEMBL3909478,N#CC(c1ccnc(NC2Cc3c[nH]c2n3)n1)c1nc2ccccc2s1,7.16,1
CHEMBL3909574,N#CC(c1ccnc(NCCO)n1)c1nc2ccccc2s1,6.29,1
CHEMBL3911431,CSc1nccc(C(C#N)c2nc3ccccc3s2)n1,6.46,1
CHEMBL391655,CS(=O)(=O)c1ccc(CN2CCCc3c2sc(NC(=O)c2cccc4ccccc24)c3C#N)cc1,6.0,1
CHEMBL391656,N#Cc1c(NC(=O)c2cccc3ccccc23)sc2c1CCCN2Cc1cccnc1,6.3,1
CHEMBL3924132,CCOc1cc(-c2nncn2C)ccc1Nc1ncc2cc(C)nc(NCC(C)(C)C)c2n1,6.62,1
CHEMBL392614,CCNC(=O)N1CCC[C@H](Nc2ncc(Cl)c(-c3c[nH]c4ccccc34)n2)C1,7.5,1
CHEMBL392615,CNC(=O)CN1CCC[C@@H](Nc2ncc(Cl)c(-c3c[nH]c4ccccc34)n2)C1,7.51,1
CHEMBL393861,CNCC(=O)N1CCC(Nc2ncc(Cl)c(-c3c[nH]c4ccccc34)n2)CC1,6.75,1
CHEMBL3947134,COc1nccc(C(C#N)c2nc3ccccc3s2)n1,6.98,1
CHEMBL3947385,COc1ccc(Oc2nccc(C(C#N)c3nc4ccccc4s3)n2)cc1,7.52,1
CHEMBL397356,N#Cc1c(NC(=O)c2ccsc2)sc2c1CCCC2,6.2,1
CHEMBL397570,N#Cc1c(NC(=O)c2ccc(F)cc2)sc2c1CCCC2,5.5,1
CHEMBL398493,CS(=O)(=O)Nc1ccc(-c2cnc3cccc(Nc4ncccc4Cl)c3c2)cc1,4.82,1
CHEMBL398601,N#Cc1c(NC(=O)c2cccc3ccccc23)sc2c1CCN(S(=O)(=O)c1ccccc1)C2,5.5,1
CHEMBL398691,CS(=O)(=O)Nc1ccc(-c2cnc3cccc(Nc4ccc(C(F)(F)F)cn4)c3c2)cc1,6.31,1
CHEMBL399167,CN(C)CCNC(=O)c1ccc(-c2n[nH]c3cc(Nc4ccccc4Cl)ccc23)cc1,8.72,2
CHEMBL399168,CNc1nccc(C(C#N)c2nc3ccccc3s2)n1,6.02,2
CHEMBL400054,O=C(Nc1ccc2[nH]nc(-c3cc4ccccc4s3)c2c1)C1CCOC1,7.28,1
CHEMBL400862,CS(=O)(=O)Nc1ccc(-c2cnc3cccc(-c4ccncc4)c3c2)cc1,5.3,1
CHEMBL400863,NS(=O)(=O)c1ccc(-c2cnc3cccc(Nc4ccccn4)c3c2)cc1,6.7,1
CHEMBL401123,CS(=O)(=O)Nc1ccc(-c2cnc3cccc(Nc4ccccn4)c3c2)cc1,6.36,1
CHEMBL4062023,C=CC(=O)Nc1cccc(C(=O)Nc2ccc(Nc3cc(-c4[nH]c(SC)nc4-c4ccc(F)cc4)ccn3)cc2)c1,9.22,1
CHEMBL4062218,CNC(=O)c1ccc(Nc2nc(OC3CCCC3)c3c(-c4ccc5nc(C)oc5c4)c[nH]c3n2)c(OC)c1,6.17,1
CHEMBL4063964,C=CC(=O)Nc1ccc(C(=O)Nc2ccc(Nc3cc(-c4c(-c5ccc(F)cc5)nc(SC)n4C)ccn3)c(C)c2)cc1,8.1,1
CHEMBL4066691,CCC(=O)Nc1cccc(C(=O)Nc2ccc(Nc3cc(-c4c(-c5ccc(F)cc5)nc(SC)n4C)ccn3)cc2)c1C,7.77,1
CHEMBL406703,N#CC(c1ccnc(NCCc2cccnc2)n1)c1nc2ccccc2s1,7.16,1
CHEMBL4069805,CCC(=O)Nc1cccc(C(=O)Nc2ccc(Nc3cc(-c4[nH]c(SC)nc4-c4ccc(F)cc4)ccn3)cc2)c1,8.7,1
CHEMBL4071770,C=CC(=O)Nc1cccc(C(=O)Nc2cccc(Nc3cc(-c4c(-c5ccc(F)cc5)nc(SC)n4C)ccn3)c2)c1C,8.52,1
CHEMBL4072555,C=CC(=O)Nc1ccc(C(=O)Nc2cccc(Nc3cc(-c4c(-c5ccc(F)cc5)nc(SC)n4C)ccn3)c2)cc1,8.4,1
CHEMBL4074524,CSc1nc(-c2ccc(F)cc2)c(-c2ccnc(Nc3ccc(N)cc3)c2)[nH]1,7.62,2
CHEMBL4077018,C=CC(=O)Nc1cccc(C(=O)Nc2ccc(Nc3cc(-c4c(-c5ccc(F)cc5)nc(SC)n4C)ccn3)cc2)c1,9.52,3
CHEMBL4077684,CCC(=O)Nc1cccc(C(=O)Nc2cccc(Nc3cc(-c4c(-c5ccc(F)cc5)nc(SC)n4C)ccn3)c2)c1,6.76,1
CHEMBL4082212,C=CC(=O)Nc1ccc(C(=O)Nc2ccc(Nc3cc(-c4[nH]c(SC)nc4-c4ccc(F)cc4)ccn3)cc2)cc1,8.52,1
CHEMBL4082278,C=CC(=O)Nc1cccc(C(=O)Nc2ccc(Nc3cc(-c4[nH]c(SC)nc4C)ccn3)cc2)c1,8.7,2
CHEMBL4085536,CCC(=O)Nc1ccc(C(=O)Nc2ccc(Nc3cc(-c4c(-c5ccc(F)cc5)nc(SC)n4C)ccn3)cc2)cc1,7.57,1
CHEMBL4086457,C=CC(=O)Nc1cccc(C(=O)Nc2ccc(Nc3cc(-c4c(-c5ccc(F)cc5)nc(SC)n4C)ccn3)cc2)c1C,8.7,1
CHEMBL4088216,CN1C(=O)[C@@H](N2CCc3cn(Cc4ccccc4)nc3C2=O)COc2ccccc21,6.0,1
CHEMBL4092482,CCC(=O)Nc1cccc(C(=O)Nc2ccc(Nc3cc(-c4c(-c5ccc(F)cc5)nc(SC)n4C)ccn3)cc2)c1,7.64,1
CHEMBL4092555,C=CC(=O)Nc1cccc(C(=O)Nc2ccc(Nc3cc(-c4c(-c5ccc(F)cc5)nc(SC)n4C)ccn3)c(C)c2)c1,8.7,1
CHEMBL4093282,CCC(=O)Nc1ccc(C(=O)Nc2ccc(Nc3cc(-c4c(-c5ccc(F)cc5)nc(SC)n4C)ccn3)c(C)c2)cc1,7.6,1
CHEMBL4094220,C=CC(=O)Nc1cccc(C(=O)Nc2cccc(Nc3cc(-c4c(-c5ccc(F)cc5)nc(SC)n4C)ccn3)c2)c1,8.52,1
CHEMBL4097778,CN1C(=O)[C@@H](N2CCc3cn(CC4CCS(=O)(=O)CC4)nc3C2=O)COc2ccccc21,6.0,1
CHEMBL4100292,C=CC(=O)Nc1ccc(C(=O)Nc2ccc(Nc3cc(-c4[nH]c(SC)nc4C)ccn3)cc2)cc1,6.7,1
CHEMBL4101252,CCC(=O)Nc1cccc(C(=O)Nc2ccc(Nc3cc(-c4[nH]c(SC)nc4C)ccn3)cc2)c1,6.6,1
CHEMBL4101953,C=CC(=O)Nc1ccc(C(=O)Nc2ccc(Nc3cc(-c4c(-c5ccc(F)cc5)nc(SC)n4C)ccn3)cc2)cc1,8.0,1
CHEMBL410295,Cc1cccc(C)c1-n1c(=O)c2cnc(Nc3ccc(N4CCN(C)CC4)cc3)nc2n2c3ccccc3nc12,5.14,1
CHEMBL4104351,CSc1nc(-c2ccc(F)cc2)c(-c2ccnc(Nc3ccc(NC(=O)c4cccc(N)c4)cc3)c2)n1C,7.52,1
CHEMBL4116008,CCS(=O)(=O)N1CCN(c2ccc(Nc3ncc(C(N)=O)c(NC4CC4)n3)cc2)CC1,8.4,1
CHEMBL424872,CCOc1nc(C(=O)NCc2ccc(S(C)(=O)=O)cc2)cc(N)c1C#N,7.22,1
CHEMBL426183,COCCn1c(SC)nc(-c2ccc(F)cc2)c1-c1ccnc(NC(C)=O)c1,6.7,1
CHEMBL430014,CC(C)(C)NS(=O)(=O)c1ccc(-c2cnc3cccc(Nc4ccc(Cl)cn4)c3c2)cc1,6.6,1
CHEMBL437706,COc1ccccc1Nc1cc(-c2ccnc(Nc3ccccc3OC)c2)ccn1,6.28,2
CHEMBL437747,CCCn1c(C2CCNCC2)nc(-c2ccc(Cl)c(Cl)c2)c1-c1ccnc(NC2CCCCC2)n1,8.75,2
CHEMBL440566,Clc1ccccc1Nc1ccc2c(-c3ccccc3)[nH]nc2c1,7.52,1
CHEMBL441811,C[S+]([O-])c1ccccc1CSc1ncc(-c2ccc(F)cc2)c(-c2ccncc2)n1,4.54,1
CHEMBL4442806,O=C1N/C(=N/c2cccc(Cl)c2)S/C1=C1\C(=O)Nc2ccc(I)cc21,6.12,1
CHEMBL4448494,Cc1nc2c(F)cc(-c3nc(Nc4ccc5c(n4)CCN(CCN(C)C)C5)ncc3F)cc2n1C(C)C,6.38,1
CHEMBL4449405,COc1ccc(-c2n[nH]cc2/C=N\NC(=O)c2ccccc2I)cc1OC,5.12,1
CHEMBL4451516,Cc1cccc(/N=C2/NC(=O)/C(=C3/C(=O)Nc4ccccc43)S2)c1C,5.74,1
CHEMBL4461363,COc1ccc(/C=C\C(=O)c2c(-c3ccccc3)c3cc(C)ccc3[nH]c2=O)cc1,4.85,1
CHEMBL4462592,c1ccc2c(c1)Cc1cccc3[nH]nc-2c13,7.05,2
CHEMBL4464624,Cc1c(Cl)cccc1/N=C1/NC(=O)/C(=C2/C(=O)Nc3ccccc32)S1,6.21,1
CHEMBL4470329,Cc1ccc(/N=C2/NC(=O)/C(=C3/C(=O)Nc4ccc(I)cc43)S2)cc1Cl,5.72,1
CHEMBL4470981,O=C1N/C(=N/c2ccccc2Cl)S/C1=C1\C(=O)Nc2ccc(F)cc21,7.2,2
CHEMBL4483382,O=C1Nc2ccccc2N/C1=C\C(=O)c1ccccc1,5.62,1
CHEMBL4483514,O=C1N/C(=N\c2ccccc2Cl)S/C1=C\C=C\c1ccccc1,5.01,1
CHEMBL452598,COc1ccc2c(c1)CC(c1nc3c(F)cc(-c4ccnc(N)n4)cc3[nH]1)CO2,4.78,1
CHEMBL4531109,O=C1Nc2ccccc2N/C1=C\C(=O)c1cccc2ccccc12,6.599999999999999,3
CHEMBL4531954,Cc1c(Cl)cccc1/N=C1/NC(=O)/C(=C2/C(=O)Nc3ccc(Br)cc32)S1,6.46,1
CHEMBL4533188,COc1cc(-c2nc3ccccn3c2/N=C/c2c[nH]nc2-c2ccccc2)ccc1O,5.37,1
CHEMBL4546504,C[C@@H](Oc1cc(C(=O)N(C)C)ccc1Nc1nc(O[C@H]2CC[C@@](C)(O)CC2)c2c(Cl)c[nH]c2n1)C(F)(F)F,9.97,1
CHEMBL4549667,CN1C(=O)[C@@H](N2CCc3c(nn(Cc4ccccc4)c3Br)C2=O)COc2ccccc21,6.0,1
CHEMBL4551217,O=C1N/C(=N/c2cccc3ccccc23)S/C1=C1\C(=O)Nc2ccc(Br)cc21,6.23,1
CHEMBL4560317,O=C1Nc2ccccc2N/C1=C\C(=O)c1ccc(Cl)cc1,5.05,1
CHEMBL4579302,COc1ccc(S(=O)(=O)/N=C2/NC(=O)/C(=C3/C(=O)Nc4ccc(Br)cc43)S2)cc1,5.61,1
CHEMBL458997,CNC(=O)c1ccccc1Nc1nc(Nc2ccc(N3CCOCC3)cc2OC)ncc1Cl,7.92,1
CHEMBL4634634,C[C@@H]1C[C@H]1C(=O)N1CCN(c2cnc(C#N)c(-c3cnn(C)c3)n2)C[C@H]1C,5.27,1
CHEMBL464552,CNC(=O)c1c(F)cccc1Nc1nc(Nc2cc3c(cc2OC)CCN3C(=O)CN(C)C)nc2[nH]ccc12,5.7,1
CHEMBL465374,COc1cc(C)c(N2CCN(C(C)C)CC2)cc1Nc1nc(Nc2cccc(F)c2C(N)=O)c2cc[nH]c2n1,5.2,1
CHEMBL4744126,O=C(Nc1cnn(-c2ccc(C(=O)NC3CNC3)s2)c1)Nc1ccccc1Cl,6.1,1
CHEMBL4744511,COc1ccnc(NC(=O)Cc2ccc3ccccc3c2)c1,5.89,1
CHEMBL4744992,O=C(Nc1cnn(-c2csc(C(=O)NCC3CCOCC3)c2)c1)Nc1ccccc1Cl,7.62,1
CHEMBL4745961,CN1CC[C@@H](NC(=O)c2cc(-n3cc(NC(=O)Nc4ccccc4Cl)cn3)cs2)C1,7.07,1
CHEMBL4747276,CC(=O)Nc1ccc(-c2c(-c3ccc(F)cc3)nc([S+](C)[O-])n2C)cn1,6.16,1
CHEMBL4749547,Cc1sc(C(=O)N[C@@H]2CCOC2)cc1-n1cc(NC(=O)Nc2c(F)cccc2Cl)cn1,7.28,1
CHEMBL4749658,COc1ccc2cc(C(C)C(=O)Nc3cc(C)ccn3)ccc2c1,6.11,1
CHEMBL4753218,CN1CC[C@H](CNC(=O)c2cc(-n3cc(NC(=O)Nc4ccccc4Cl)cn3)cs2)C1,6.65,1
CHEMBL4753310,O=C(Nc1cnn(-c2csc(C(=O)N[C@@H]3CCOC3)c2)c1)Nc1ccccc1Cl,8.1,1
CHEMBL4753641,O=C(Nc1cnn(-c2csc(C(=O)NC3COC3)c2)c1)Nc1ccccc1Cl,6.93,3
CHEMBL4754031,CN1CCC(CNC(=O)c2cc(-n3cc(NC(=O)Nc4ccccc4Cl)cn3)cs2)CC1,6.85,1
CHEMBL4754518,COc1ccc2cc([C@H](C)C(=O)Nc3cc(C)ccn3)ccc2c1,5.29,1
CHEMBL4754584,CN1CC[C@H](NC(=O)c2cc(-n3cc(NC(=O)Nc4ccccc4Cl)cn3)cs2)C1,7.41,1
CHEMBL4754904,O=C(Cc1ccc2ccccc2c1)Nc1cc(Cl)ccn1,6.28,1
CHEMBL4754908,O=C(Nc1cnn(-c2csc(C(=O)NC3COC3)c2)c1)Nc1ccc(F)cc1Cl,7.28,1
CHEMBL4755895,O=C(Nc1cnn(-c2csc(C(=O)NC[C@H]3CCOC3)c2)c1)Nc1ccccc1Cl,7.15,1
CHEMBL4757583,CNC(=O)c1cc(-n2cc(NC(=O)Nc3ccccc3Cl)cn2)cs1,6.93,1
CHEMBL4758113,CC1(NC(=O)c2cc(-n3cc(NC(=O)Nc4ccccc4Cl)cn3)cs2)COC1,7.35,1
CHEMBL4758690,O=C(Nc1cnn(-c2csc(C(=O)N[C@@H]3CCNC3)c2)c1)Nc1ccccc1Cl,6.88,1
CHEMBL4759538,CN1CCC(NC(=O)c2cc(-n3cc(NC(=O)Nc4ccccc4Cl)cn3)cs2)CC1,7.08,1
CHEMBL4762965,O=C(Nc1cnn(-c2csc(C(=O)NC3CCOCC3)c2)c1)Nc1ccccc1Cl,7.3,1
CHEMBL4776996,COc1ccccc1C(=O)/C=C1\Nc2cc(C#N)ccc2NC1=O,5.13,1
CHEMBL4777114,O=C(Nc1cnn(-c2cc(C(=O)NC3CNC3)cs2)c1)Nc1ccccc1Cl,6.7,1
CHEMBL4777530,O=C1Nc2ccccc2N/C1=C\C(=O)c1cccc(Cl)c1,6.43,1
CHEMBL4777781,CC(C)Nc1nccc(-c2c(C3CC3)nn3ccccc23)n1,5.92,1
CHEMBL4778645,O=C(Nc1cnn(-c2csc(C(=O)NC3COC3)c2)c1)Nc1c(F)cccc1Cl,6.59,2
CHEMBL4780101,Nc1ccccc1C(=O)/C=C1\Nc2ccccc2NC1=O,5.76,1
CHEMBL4781866,Cc1ccnc(NC(=O)Cc2ccc3ccccc3c2)c1,5.33,1
CHEMBL4781949,COc1cccc(C(=O)/C=C2\Nc3ccccc3NC2=O)c1,5.25,1
CHEMBL4782076,O=C1Nc2ccccc2N/C1=C\C(=O)c1cccc(Cl)c1Cl,6.37,1
CHEMBL4782208,O=C1Nc2ccccc2N/C1=C\C(=O)c1ccccc1Cl,6.39,1
CHEMBL4783382,O=C(Nc1cnn(-c2csc(C(=O)NC3CNC3)c2)c1)Nc1ccccc1Cl,7.3,1
CHEMBL4784092,Cc1sc(C(=O)NC2COC2)cc1-n1cc(NC(=O)Nc2c(F)cccc2Cl)cn1,6.37,2
CHEMBL4784095,CC(C)N1CC[C@H](NC(=O)c2cc(-n3cc(NC(=O)Nc4ccccc4Cl)cn3)cs2)C1,7.92,1
CHEMBL4785607,COc1ccccc1C(=O)/C=C1\Nc2ccccc2NC1=O,5.84,1
CHEMBL4788258,O=C(Nc1cnn(-c2csc(C(=O)NCC3CCNCC3)c2)c1)Nc1ccccc1Cl,6.73,1
CHEMBL4788894,Cc1cccc(C(=O)/C=C2\Nc3ccccc3NC2=O)c1,6.5,1
CHEMBL4789089,Cc1ccccc1C(=O)/C=C1\Nc2ccccc2NC1=O,5.46,1
CHEMBL4793426,N#Cc1ccc2c(c1)N/C(=C\C(=O)c1ccccc1Br)C(=O)N2,5.32,1
CHEMBL4793809,O=C(Nc1cnn(-c2csc(C(=O)NC3CC3)c2)c1)Nc1ccccc1Cl,7.1,1
CHEMBL4794035,N#Cc1ccc2c(c1)N/C(=C\C(=O)c1ccccc1Cl)C(=O)N2,5.78,1
CHEMBL4794586,CC(C)(C)OC(=O)N/C=C1\Nc2ccccc2NC1=O,5.29,1
CHEMBL4795574,N#Cc1ccc2c(c1)N/C(=C\C(=O)c1cccc3ccccc13)C(=O)N2,6.72,2
CHEMBL4798047,CN1CCC[C@H]1CNC(=O)c1cc(-n2cc(NC(=O)Nc3ccccc3Cl)cn2)cs1,7.07,1
CHEMBL4799531,O=C1Nc2ccccc2N/C1=C\C(=O)c1ccccc1Br,5.88,1
CHEMBL4799926,[2H]C([2H])([2H])N1CC[C@@H](NC(=O)c2cc(-n3cc(NC(=O)Nc4ccccc4Cl)cn3)cs2)C1,7.08,1
CHEMBL4800639,Nc1cccc(C(=O)/C=C2\Nc3ccccc3NC2=O)c1,6.22,1
CHEMBL482708,CN(c1nccc(-c2cnc3ccccn23)n1)C1CCCCC1,8.52,1
CHEMBL4845770,Cc1nc2c(cnn2-c2csc(C(=O)NC3COC3)c2)cc1Nc1c(F)cccc1Cl,8.3,1
CHEMBL4847106,C[C@@H]1CC[C@@H](Nc2nc(NC(C)(C)C)ncc2C(N)=O)C[C@H]1O,7.28,1
CHEMBL4847175,[2H]C([2H])([2H])N1CC[C@H](NC(=O)c2cc(-n3ncc4cc(Nc5ccccc5Cl)c(F)cc43)cs2)C1,8.3,1
CHEMBL4847784,O=C(NC1COC1)c1cc(-n2ncc3cc(Nc4ccccc4Cl)c(F)cc32)cs1,7.85,1
CHEMBL4851793,CNC(=O)c1cc(-n2ncc3cc(Nc4ccccc4Cl)cnc32)cs1,7.62,1
CHEMBL485323,CNC(=O)CN1CCC(Nc2nccc(-c3cnc4ccccn34)n2)CC1,6.57,1
CHEMBL4853326,CNC(=O)c1cc(-n2ncc3cc(Nc4ccccc4Cl)c(OC)cc32)cs1,7.7,1
CHEMBL4853789,O=C(NC1COC1)c1cc(-n2ncc3nc(Nc4ccccc4Cl)ccc32)cs1,7.0,1
CHEMBL4854405,Cc1nc2c(cnn2-c2csc(C(=O)NC3COC3)c2)cc1Nc1ccc(F)cc1Cl,7.1,1
CHEMBL4857979,CNC(=O)c1cc(-n2ncc3cc(Nc4c(F)cccc4Cl)cnc32)cs1,8.7,1
CHEMBL4859957,CNC(=O)c1cc(-n2ncc3cc(Nc4c(F)cccc4Cl)c(C)nc32)cs1,7.92,1
CHEMBL4860202,CS(=O)(=O)c1nccc(-c2c(-c3cccc(OCc4ccccc4)c3)nc3sccn23)n1,5.28,1
CHEMBL4861739,O=C(NC1CC1)c1cc(-n2ncc3cc(Nc4ccccc4Cl)c(F)cc32)cs1,9.0,1
CHEMBL4862159,CNC(=O)c1cc(-n2ncc3nc(Nc4ccccc4Cl)ncc32)cs1,6.0,1
CHEMBL4862656,CC(=O)N1CC[C@H](NC(=O)c2cc(-n3ncc4cc(Nc5ccccc5Cl)c(F)cc43)cs2)C1,8.4,1
CHEMBL4863524,Cc1nc2c(cnn2-c2csc(C(=O)NC3COC3)c2)cc1Nc1cc(F)ccc1Cl,5.97,1
CHEMBL4864514,CNC(=O)c1cc(-n2ncc3cc(Oc4ccccc4Cl)ccc32)cs1,7.52,1
CHEMBL4865870,CC(C)NC(=O)c1cc(-n2ncc3cc(Nc4ccccc4Cl)c(F)cc32)cs1,8.7,1
CHEMBL4867426,O=C(NC1CCOCC1)c1cc(-n2ncc3cc(Nc4ccccc4Cl)c(F)cc32)cs1,8.7,1
CHEMBL4869300,CC(C)N1CC[C@@H](NC(=O)c2cc(-n3ncc4cc(Nc5ccccc5Cl)ccc43)cs2)C1,7.51,1
CHEMBL4872493,O=C(NC1COC1)c1cc(-n2ncc3cc(Nc4ccccc4Cl)cnc32)cs1,8.22,1
CHEMBL4872832,O=C(NC1COC1)c1cc(-n2ncc3cc(Nc4ccccc4Cl)ncc32)cs1,8.3,1
CHEMBL4874134,CNC(=O)c1cc(-n2ncc3cc(Nc4ccccc4Cl)c(F)cc32)cs1,8.3,1
CHEMBL4874573,CNC(=O)c1cc(-n2ncc3cc(Nc4c(F)cccc4Cl)c(F)cc32)cs1,8.7,1
CHEMBL4874575,O=C(N[C@H]1CCOC1)c1cc(-n2ncc3cc(Nc4ccccc4Cl)c(F)cc32)cs1,8.7,1
CHEMBL4875476,CNC(=O)c1cc(-n2ncc3cc(Nc4c(F)cccc4OC)c(F)cc32)cs1,8.3,1
CHEMBL4875508,[2H]C([2H])([2H])N1CC[C@H](NC(=O)c2cc(-n3ncc4cc(Nc5ccccc5Cl)ccc43)cs2)C1,9.0,1
CHEMBL4876387,COCCNC(=O)c1cc(-n2ncc3cc(Nc4ccccc4Cl)c(F)cc32)cs1,8.52,1
CHEMBL4876785,Cc1nc2c(cnn2-c2csc(C(=O)NC3COC3)c2)cc1Nc1cccc(F)c1Cl,6.77,1
CHEMBL4877727,CNC(=O)c1cc(-n2ncc3cc(Nc4c(F)cccc4Cl)ncc32)cs1,8.7,1
CHEMBL4879188,O=C(NCC(F)F)c1cc(-n2ncc3cc(Nc4ccccc4Cl)c(F)cc32)cs1,8.4,1
CHEMBL492265,Cc1ccc(C(=O)NC2CC2)cc1-c1ccc2c(-c3ccccc3C)nncc2c1,5.18,1
CHEMBL493708,Cc1ccc(C(=O)NC2CC2)cc1-c1ccc2c(O[C@H](C)C(F)(F)F)nncc2c1,5.02,1
CHEMBL494072,Cc1ccc(C(=O)NC2CC2)cc1-c1ccc2nc(NCCN3CCOCC3)ncc2c1,6.1,1
CHEMBL507249,O[C@H]1CC[C@H](c2n[nH]cc2-c2ccnc(NC3CCCC3)n2)CC1,7.8,1
CHEMBL507625,COc1cc(N2CCN(C(C)C)CC2)ccc1Nc1nc(Nc2cccc(F)c2C(N)=O)c2cc[nH]c2n1,7.0,1
CHEMBL508280,O=[N+]([O-])c1cnc(Sc2nnc(O)n2-c2ccc3c(c2)OCCO3)s1,6.895,2
CHEMBL512649,c1ccc2c3c([nH]c2c1)-c1n[nH]cc1CC3,4.69,1
CHEMBL516816,COc1ccc(N2CCN(C(C)C)CC2)cc1Nc1nc(Nc2cccc(F)c2C(N)=O)c2cc[nH]c2n1,5.3,1
CHEMBL5170124,CC[C@H](C)[C@H](NC(=O)[C@@H]1CCCN1)C(=O)N[C@@H](CS)C(=O)N[C@@H](CCCNC(=N)N)C(=O)N1CCC[C@H]1C(=O)N[C@H](C(=O)N[C@H](C(=O)N[C@@H](CC(C)C)C(=O)N[C@@H](CC(N)=O)C(=O)N[C@@H](CC(C)C)C(=O)N[C@@H](Cc1ccccc1)C(=O)NCCCCCC(=O)N[C@@H](CCCNC(=N)N)C(=O)N[C@@H](CCCNC(=N)N)C(=O)N[C@@H](C)C(=O)N[C@@H](CCCNC(=N)N)C(=O)N[C@@H](CCCNC(=N)N)C(=O)N[C@@H](C)C(=O)N[C@@H](CCCNC(=N)N)C(=O)N[C@@H](CCCNC(=N)N)C(=O)N[C@@H](CCCNC(=N)N)C(=O)O)[C@@H](C)O)[C@@H](C)O,5.92,1
CHEMBL5171564,O=C(Nc1ccc(F)cc1)N1CCN(c2cc(-c3cn(-c4ccccc4)nc3-c3cccc(O)c3)ccn2)CC1,6.0,1
CHEMBL5173811,COc1cccc(-c2nn(-c3ccccc3)cc2-c2ccnc(N3CCN(C(=O)Nc4ccccc4)CC3)c2)c1,6.0,1
CHEMBL5174880,O=C(Nc1cccc(C(F)(F)F)c1)N1CCN(c2cc(-c3cn(-c4ccccc4)nc3-c3cccc(O)c3)ccn2)CC1,6.0,1
CHEMBL5175285,COc1cccc(-c2nn(-c3ccccc3)cc2-c2ccnc(N3CCN(C(=O)Nc4cc(C(F)(F)F)cc(C(F)(F)F)c4)CC3)c2)c1,6.0,1
CHEMBL5176396,COc1cccc(-c2nn(-c3ccccc3)cc2-c2ccnc(N3CCN(C(=O)Nc4ccc(Cl)c(C(F)(F)F)c4)CC3)c2)c1,6.0,1
CHEMBL5177988,O=C(NCCCNc1cc(-c2cn(-c3ccccc3)nc2-c2cccc(O)c2)ccn1)Nc1ccc(Cl)c(Cl)c1,6.0,1
CHEMBL5178484,O=C(Nc1cc(C(F)(F)F)cc(C(F)(F)F)c1)N1CCN(c2cc(-c3cn(-c4ccccc4)nc3-c3cccc(O)c3)ccn2)CC1,6.0,1
CHEMBL5179126,O=C(NCCCNc1cc(-c2cn(-c3ccccc3)nc2-c2cccc(O)c2)ccn1)Nc1ccc(Cl)c(C(F)(F)F)c1,6.21,2
CHEMBL5179338,O=C(Nc1ccc(Cl)c(C(F)(F)F)c1)N1CCN(c2cc(-c3cn(-c4ccccc4)nc3-c3cccc(O)c3)ccn2)CC1,6.0,1
CHEMBL5179856,CC(C)C[C@H](NC(=O)[C@H](CC(N)=O)NC(=O)[C@H](CC(C)C)NC(=O)[C@@H](NC(=O)[C@@H](NC(=O)[C@@H]1CCCN1C(=O)[C@H](CCCNC(=N)N)NC(=O)[C@H](CCCCN)NC(=O)[C@@H]1CCCN1)[C@@H](C)O)[C@@H](C)O)C(=O)N[C@@H](Cc1ccccc1)C(=O)N[C@@H](CCCNC(=N)N)C(=O)N[C@@H](CCCNC(=N)N)C(=O)N[C@@H](CCCNC(=N)N)C(=O)N[C@@H](CCC(N)=O)C(=O)N[C@@H](CCCNC(=N)N)C(=O)N[C@@H](CCCNC(=N)N)C(=O)N[C@@H](CCCCN)C(=O)N[C@@H](CCCCN)C(=O)N[C@@H](CCCNC(=N)N)C(=O)NCC(=O)O,5.92,1
CHEMBL5180621,COc1cccc(-c2nn(-c3ccccc3)cc2-c2ccnc(N3CCN(C(=O)Nc4cccc(C(F)(F)F)c4)CC3)c2)c1,6.0,1
CHEMBL5182819,COc1cccc(-c2nn(-c3ccccc3)cc2-c2ccnc(NCCCNC(=O)Nc3ccc(F)cc3)c2)c1,6.0,1
CHEMBL5183304,O=C(CSc1c(-c2ccccc2)c2cc(Cl)ccc2[nH]c1=O)NC1CCCC1,7.24,1
CHEMBL5183673,O=C(NCCNc1cc(-c2cn(-c3ccccc3)nc2-c2cccc(O)c2)ccn1)Nc1ccc(Cl)c(Cl)c1,6.28,2
CHEMBL5185450,C=CC(=O)Nc1cccc(C(=O)Nc2ccc(Nc3cc(-c4c(C)nc(SC)n4C)ccn3)cc2)c1,5.7,1
CHEMBL5189795,CNC(=O)c1ccccc1Nc1nc(Nc2ccc(N3CCNCC3)cc2)ncc1Cl,6.43,1
CHEMBL5190023,CNC(=O)[C@]1(C)CC[C@@H](Nc2ncc3c(Br)nn(-c4ccc(-c5nnc(C)s5)cc4)c3n2)C1,7.0,1
CHEMBL5190624,N#CCc1cc(-c2ccc(Cl)c(Cl)c2)n(-c2ccnc(N[C@@H]3CCN(C(=O)C4CC4)C3)n2)n1,6.42,2
CHEMBL5190656,COc1cccc(-c2nn(-c3ccccc3)cc2-c2ccnc(N3CCN(C(=O)Nc4ccc(F)cc4)CC3)c2)c1,6.0,1
CHEMBL5190777,O=C(NCCNc1cc(-c2cn(-c3ccccc3)nc2-c2cccc(O)c2)ccn1)Nc1cc(C(F)(F)F)cc(C(F)(F)F)c1,6.0,1
CHEMBL5190930,O=C(NCCNc1cc(-c2cn(-c3ccccc3)nc2-c2cccc(O)c2)ccn1)Nc1ccc(Cl)c(C(F)(F)F)c1,6.0,1
CHEMBL5191468,O=C(NCCCNc1cc(-c2cn(-c3ccccc3)nc2-c2cccc(O)c2)ccn1)Nc1ccc(F)cc1,6.4799999999999995,3
CHEMBL5193515,CC(C)CN(CC(=O)NCCCCCCNC(=O)c1ccc(-c2n[nH]c3ccccc23)cc1)C(=O)CNC(=O)C1COc2ccccc2C1,7.0,1
CHEMBL5194407,NC(=O)N1Cc2nc(-c3ccc(Cl)c(Cl)c3)n(-c3ccnc(N[C@H]4CCN(C(=O)C5CC5)C4)n3)c2C1,8.54,1
CHEMBL5194871,CSc1nc(C)c(-c2ccnc(Nc3ccc(N4CCOCC4)cc3)c2)[nH]1,6.74,2
CHEMBL5196004,O=C(NCCNc1cc(-c2cn(-c3ccccc3)nc2-c2cccc(O)c2)ccn1)Nc1ccc(F)cc1,6.72,2
CHEMBL5197538,O=C(Nc1ccc(Cl)c(Cl)c1)N1CCN(c2cc(-c3cn(-c4ccccc4)nc3-c3cccc(O)c3)ccn2)CC1,6.0,1
CHEMBL5199545,O=C(Nc1ccccc1)N1CCN(c2cc(-c3cn(-c4ccccc4)nc3-c3cccc(O)c3)ccn2)CC1,6.0,1
CHEMBL5201911,O=C(NCCNc1cc(-c2cn(-c3ccccc3)nc2-c2cccc(O)c2)ccn1)Nc1cccc(C(F)(F)F)c1,6.47,3
CHEMBL5205920,O=C(NCCCNc1cc(-c2cn(-c3ccccc3)nc2-c2cccc(O)c2)ccn1)Nc1cccc(C(F)(F)F)c1,6.32,2
CHEMBL5206209,COc1cccc(-c2nn(-c3ccccc3)cc2-c2ccnc(N3CCN(C(=O)Nc4ccc(Cl)c(Cl)c4)CC3)c2)c1,6.0,1
CHEMBL5206891,O=C(NCCCNc1cc(-c2cn(-c3ccccc3)nc2-c2cccc(O)c2)ccn1)Nc1cc(C(F)(F)F)cc(C(F)(F)F)c1,6.0,1
CHEMBL524174,CC(C)C(C)Nc1cc(-c2[nH]c(SCCO)nc2-c2ccc(F)cc2)ccn1,6.74,1
CHEMBL5269500,Clc1ccc(-c2[nH]ncc2-c2ccncn2)cc1,6.36,1
CHEMBL5271950,Nc1ccc(Nc2cc(-c3[nH]cnc3-c3ccc(F)cc3)ccn2)cc1,8.33,1
CHEMBL5274433,O=C1OC2(c3ccc(O)cc3Oc3cc(O)ccc32)c2ccc(NC(=S)Nc3ccc(Nc4cc(-c5[nH]cnc5-c5ccc(F)cc5)ccn4)cc3)cc21,7.13,1
CHEMBL5281537,FC1(F)CCC(Nc2nccc(-c3cn[nH]c3C3(C(F)(F)F)CC3)n2)CC1,7.03,1
CHEMBL5284967,CSc1nc(-c2ccc(F)cc2)c(-c2ccnc(Nc3ccc(NC(=S)Nc4ccc5c(c4)C(=O)OC54c5ccc(O)cc5Oc5cc(O)ccc54)cc3)c2)[nH]1,7.32,1
CHEMBL5287474,COC(C)CC(C)Nc1cc(-c2c(-c3ccc(F)cc3)nc(S/C=C\C(=O)O)n2CC(OC)OC)ccn1,7.58,1
CHEMBL5393904,O=C(c1cccc(CNc2n[nH]c3cccc(Cl)c23)c1)N1CCN(C(=O)c2ccc(Cl)cc2Cl)CC1,7.07,2
CHEMBL5394033,N#CCc1cnc(-c2ccc3ccccc3c2)n1-c1ccnc(N[C@@H]2CCCN(C(=O)C3CC3)C2)n1,8.3,1
CHEMBL5395372,NC(=O)C1Cc2nc(-c3ccc4ccccc4c3)n(-c3ccnc(N[C@@H]4CCN(C(=O)C5CC5)C4)n3)c2C1,7.6,1
CHEMBL5395599,O=C1N/C(=N\c2cccc(Cl)c2Cl)S/C1=C1\C(=O)Nc2ccc([N+](=O)[O-])cc21,7.05,1
CHEMBL5396572,N#CCc1cnc(-c2ccc3occc3c2)n1-c1ccnc(N[C@H]2CCCN(C(=O)C3CC3)C2)n1,8.21,1
CHEMBL5396715,N#CCc1cnc(-c2ccc3ccccc3c2)n1-c1ccnc(N[C@H]2CCCN(C(=O)C3CC3)C2)n1,9.0,2
CHEMBL5396830,N#CCc1cnc(C2=CC3OCCOC3C=C2)n1-c1ccnc(N[C@H]2CCCN(C(=O)C3CC3)C2)n1,5.82,1
CHEMBL5397012,O=C(c1ccc(CNc2n[nH]c3ccccc23)cc1)N1CCN(C(=O)c2cc(C(F)(F)F)ccc2F)CC1,6.45,1
CHEMBL5397268,N#CCc1cnc(-c2ccc(Cl)c(Cl)c2)n1-c1ccnc(N[C@H]2CCCNC2)n1,4.88,1
CHEMBL5397816,O=C(c1ccc(C(F)(F)F)cc1)N1CCN(C(=O)c2cccc(CNc3n[nH]c4ccccc34)c2)CC1,5.14,1
CHEMBL5397833,NC(=O)C1Cc2nc(-c3ccc(F)c(C(F)(F)F)c3)n(-c3ccnc(N[C@@H]4CCN(C(=O)C5CC5)C4)n3)c2C1,6.52,1
CHEMBL5398642,NC(=O)C1Cc2nc(-c3ccc(Cl)c(Cl)c3)n(-c3ccnc(N[C@@H]4CCCN(C(=O)C5CC5)C4)n3)c2C1,9.14,1
CHEMBL5398682,Cc1cccc(Cl)c1C(=O)N1CCN(C(=O)c2ccc(CNc3n[nH]c4ccccc34)cc2)CC1,6.22,1
CHEMBL5398830,CCOC(=O)C1Cc2nc(-c3ccc(F)c(C(F)(F)F)c3)n(-c3ccnc(N[C@H]4CCN(C(=O)C5CC5)C4)n3)c2C1,6.34,1
CHEMBL5398852,C[C@H]1CN(C(=O)c2ccc(NC(=O)/C=C/CN(C)C)cc2)C[C@H]1Nc1nccc(-c2c(-c3ccccc3)nn3ccccc23)n1,7.08,2
CHEMBL5398897,O=C(c1cccc(CNc2n[nH]c3ccc(Cl)cc23)c1)N1CCN(C(=O)c2ccc(Cl)cc2Cl)CC1,6.69,1
CHEMBL5399045,CCN(CC)CC(=O)Nc1ccc2c(c1)/C(=C1/S/C(=N/c3cccc(Cl)c3Cl)NC1=O)C(=O)N2,6.16,1
CHEMBL5399618,CCOC(=O)C1Cc2nc(-c3ccc(F)c(C(F)(F)F)c3)n(-c3ccnc(N[C@@H]4CCCN(C(=O)C5CC5)C4)n3)c2C1,7.18,1
CHEMBL5399794,NC(=O)C1Cc2nc(-c3ccc4ccccc4c3)n(-c3ccnc(N[C@H]4CCCN(C(=O)C5CC5)C4)n3)c2C1,8.75,1
CHEMBL5400530,N#CCc1cnc(-c2ccc(Cl)c(Cl)c2)n1-c1ccnc(NC2CCOCC2)n1,6.865,2
CHEMBL5401113,O=C(CCN1CCCC1)Nc1ccc2c(c1)/C(=C1/S/C(=N/c3cccc(Cl)c3Cl)NC1=O)C(=O)N2,6.51,1
CHEMBL5401511,CCOC(=O)C1Cc2nc(-c3ccc4ccccc4c3)n(-c3ccnc(N[C@@H]4CCCN(C(=O)C5CC5)C4)n3)c2C1,9.11,1
CHEMBL5401592,NC(=O)C1Cc2nc(-c3ccc4c(c3)OCO4)n(-c3ccnc(N[C@H]4CCCN(C(=O)C5CC5)C4)n3)c2C1,8.0,1
CHEMBL5401605,CCOC(=O)C1Cc2nc(-c3ccc4c(c3)CCO4)n(-c3ccnc(N[C@@H]4CCN(C(=O)C5CC5)C4)n3)c2C1,7.67,1
CHEMBL5402048,CCOC(=O)C1Cc2nc(-c3ccc(Cl)c(Cl)c3)n(-c3ccnc(N[C@H]4CCN(C(=O)C5CC5)C4)n3)c2C1,7.55,1
CHEMBL5402580,O=C(c1cccc(CNc2n[nH]c3ccccc23)c1)N1CCN(C(=O)c2ccc(Cl)cc2Cl)CC1,5.39,1
CHEMBL5402716,O=C1N/C(=N\c2cccc(Cl)c2Cl)S/C1=C1\C(=O)Nc2ccc(Cl)cc21,7.57,2
CHEMBL5403120,O=C(c1ccc(CNc2n[nH]c3ccccc23)cc1)N1CCN(C(=O)c2ccc(F)cc2F)CC1,6.2,1
CHEMBL5403678,NC(=O)C1Cc2nc(-c3ccc(Cl)c(Cl)c3)n(-c3ccnc(N[C@H]4CCCN(C(=O)C5CC5)C4)n3)c2C1,9.42,1
CHEMBL5403762,NC(=O)C1Cc2nc(-c3ccc(F)c(C(F)(F)F)c3)n(-c3ccnc(N[C@@H]4CCCN(C(=O)C5CC5)C4)n3)c2C1,6.98,1
CHEMBL5403766,CC(C)(C)CNc1ncc(Br)c(Nc2ccccc2C(N)=O)n1,7.48,1
CHEMBL5403784,O=C(c1ccc(CNc2n[nH]c3ccccc23)cc1)N1CCN(C(=O)c2c(Cl)cccc2C(F)(F)F)CC1,6.6,1
CHEMBL5403866,O=C(c1cccc(CNc2n[nH]c3ccccc23)c1)N1CCN(C(=O)c2c(F)cccc2Cl)CC1,5.37,1
CHEMBL5403895,CC(C)(C)C(=O)N1CCC[C@H](Nc2nccc(-n3c(CC#N)cnc3-c3ccc(Cl)c(Cl)c3)n2)C1,8.1,1
CHEMBL5403970,CCOC(=O)C1Cc2nc(-c3ccc4ccccc4c3)n(-c3ccnc(N[C@H]4CCN(C(=O)C5CC5)C4)n3)c2C1,7.63,1
CHEMBL5404244,O=C1N/C(=N\c2c(F)cccc2F)S/C1=C1\C(=O)Nc2ccc(F)cc21,6.85,1
CHEMBL5404265,COc1ccc(C(=O)N2CCN(C(=O)c3ccc(CNc4n[nH]c5ccccc45)cc3)CC2)c(Cl)c1,6.18,1
CHEMBL5405264,O=C(c1ccc(CNc2n[nH]c3ccccc23)cc1)N1CCN(C(=O)c2ccc(C(F)(F)F)cc2)CC1,6.46,1
CHEMBL5405404,N#CCc1cnc(-c2ccc3c(c2)CCO3)n1-c1ccnc(N[C@H]2CCCN(C(=O)C3CC3)C2)n1,8.39,1
CHEMBL5405579,O=C(c1ccc(CNc2n[nH]c3ccccc23)cc1)N1CCN(C(=O)c2cc(Cl)ccc2Cl)CC1,6.69,1
CHEMBL5405705,CCOC(=O)C1Cc2nc(-c3ccc4ccccc4c3)n(-c3ccnc(N[C@@H]4CCN(C(=O)C5CC5)C4)n3)c2C1,8.17,1
CHEMBL5405724,O=C1N/C(=N\c2ccccc2Cl)S/C1=C1\C(=O)Nc2ccccc21,6.66,1
CHEMBL5405861,C[C@@H](O)CNc1nccc(-n2c(CC#N)cnc2-c2ccc(Cl)c(Cl)c2)n1,5.17,1
CHEMBL5406554,NC(=O)N1Cc2nc(-c3ccc(Cl)c(Cl)c3)n(-c3ccnc(N[C@@H]4CCN(C(=O)C5CC5)C4)n3)c2C1,8.52,1
CHEMBL5406652,CC(=O)Nc1ccc2c(c1)/C(=C1/S/C(=N/c3cccc(Cl)c3Cl)NC1=O)C(=O)N2,7.11,2
CHEMBL5406704,CNC(=O)C1Cc2nc(-c3ccc4c(c3)OCO4)n(-c3ccnc(N[C@H]4CCN(C(=O)C5CC5)C4)n3)c2C1,6.75,1
CHEMBL5406765,O=C1N/C(=N\c2cccc(Cl)c2Cl)S/C1=C1\C(=O)Nc2ccc(I)cc21,6.96,1
CHEMBL5407257,NC(=O)C1Cc2nc(-c3ccc4c(c3)OCO4)n(-c3ccnc(N[C@H]4CCN(C(=O)C5CC5)C4)n3)c2C1,6.87,1
CHEMBL5407304,CN1CCN(C(=O)c2ccc(CNc3n[nH]c4ccccc34)cc2)CC1,6.05,1
CHEMBL5407582,O=C1N/C(=N\c2ccccc2Cl)S/C1=C1\C(=O)Nc2ccc([N+](=O)[O-])cc21,7.02,1
CHEMBL5407894,O=C(c1cccc(CNc2n[nH]c3ccccc23)c1)N1CCN(C(=O)c2cc(C(F)(F)F)cc(C(F)(F)F)c2)CC1,5.14,1
CHEMBL5407999,N#CCc1cnc(-c2ccc3c(c2)OCCO3)n1-c1ccnc(NC2CCCCC2)n1,5.2,1
CHEMBL5408056,O=C(C1CC1)N1CCC[C@H](Nc2nccc(-n3c(-c4ccc5c(c4)OCCO5)nc4cc(O)c(O)cc43)n2)C1,8.0,1
CHEMBL5408361,O=C(c1ccc(CNc2n[nH]c3ccccc23)cc1)N1CCN(C(=O)c2ccc(C(F)(F)F)cc2Cl)CC1,6.62,1
CHEMBL5408675,CNC(=O)C1Cc2nc(-c3ccc(Cl)c(Cl)c3)n(-c3ccnc(N[C@H]4CCCN(C(=O)C5CC5)C4)n3)c2C1,8.92,1
CHEMBL5408918,COc1ccc(C(=O)N2CCN(C(=O)c3ccc(CNc4n[nH]c5ccccc45)cc3)CC2)cc1,6.21,1
CHEMBL5408939,O=C1N/C(=N\c2ccccc2Cl)S/C1=C1\C(=O)Nc2ccc(Cl)cc21,6.89,1
CHEMBL5409831,C[C@@H](O)CNc1nccc(-n2c(CC#N)cnc2-c2ccc3c(c2)OCCO3)n1,5.01,1
CHEMBL5409834,O=C(c1cccc(CNc2n[nH]c3cccc(F)c23)c1)N1CCN(C(=O)c2ccc(Cl)cc2Cl)CC1,6.72,1
CHEMBL5410090,O=C(NN1CCCCC1)c1ccc(CNc2n[nH]c3ccccc23)cc1,5.05,1
CHEMBL5410150,O=C1N/C(=N\c2ccccc2F)S/C1=C1\C(=O)Nc2ccc(Cl)cc21,7.11,1
CHEMBL5410221,O=C1N/C(=N\c2cccc(F)c2F)S/C1=C1\C(=O)Nc2ccc(F)cc21,7.02,1
CHEMBL5410441,Cc1ccc(Cl)c(C(=O)N2CCN(C(=O)c3ccc(CNc4n[nH]c5ccccc45)cc3)CC2)c1,6.23,1
CHEMBL5410493,O=C1S/C(=N\c2ccccc2Cl)N/C1=C1\C(=O)Nc2ccc(F)cc21,7.0,1
CHEMBL5410780,O=C(Nc1cc(C(F)(F)F)cc(C(F)(F)F)c1)N1CCN(C(=O)c2ccc(CNc3n[nH]c4ccccc34)cc2)CC1,5.09,1
CHEMBL5410846,NC(=O)C1Cc2nc(-c3ccc(F)c(C(F)(F)F)c3)n(-c3ccnc(N[C@H]4CCN(C(=O)C5CC5)C4)n3)c2C1,6.74,1
CHEMBL5411091,O=C(c1cccc(CNc2n[nH]c3cc(Cl)ccc23)c1)N1CCN(C(=O)c2ccc(Cl)cc2Cl)CC1,6.62,1
CHEMBL5411160,CCOC(=O)C1Cc2nc(-c3ccc(Cl)c(Cl)c3)n(-c3ccnc(N[C@@H]4CCCN(C(=O)C5CC5)C4)n3)c2C1,9.22,1
CHEMBL5411375,Cc1cc(Cl)ccc1NC(=O)N1CCN(C(=O)c2ccc(CNc3n[nH]c4ccccc34)cc2)CC1,6.52,1
CHEMBL541166,COc1cc2c(cc1O)C[C@@H]1c3cc(O)c(O)cc3C[C@H]3c4cc(O)c(O)cc4CC[N@@+]213.O=C([O-])C(F)(F)F,5.0,1
CHEMBL5412347,CNC(=O)C1Cc2nc(-c3ccc(Cl)c(Cl)c3)n(-c3ccnc(N[C@H]4CCN(C(=O)C5CC5)C4)n3)c2C1,7.99,1
CHEMBL5413463,O=C(c1ccc(Cl)cc1)N1CCN(C(=O)c2ccc(CNc3n[nH]c4ccccc34)cc2)CC1,6.52,1
CHEMBL5413820,O=C(c1ccc(F)cc1)N1CCN(C(=O)c2ccc(CNc3n[nH]c4ccccc34)cc2)CC1,5.46,1
CHEMBL5413870,CCOC(=O)C1Cc2nc(-c3ccc4c(c3)OCO4)n(-c3ccnc(N[C@H]4CCCN(C(=O)C5CC5)C4)n3)c2C1,7.98,1
CHEMBL5414065,O=C(c1cccc(CNc2n[nH]c3ccccc23)c1)N1CCN(C(=O)c2ccc(F)cc2Cl)CC1,5.11,1
CHEMBL5414227,CCOC(=O)C1Cc2nc(-c3ccc4c(c3)CCO4)n(-c3ccnc(N[C@@H]4CCCN(C(=O)C5CC5)C4)n3)c2C1,7.98,1
CHEMBL5415366,O=C(c1ccc(CNc2n[nH]c3ccccc23)cc1)N1CCN(C(=O)c2ccccc2Cl)CC1,6.6,1
CHEMBL5415588,CNC(=O)C1Cc2nc(-c3ccc(F)c(C(F)(F)F)c3)n(-c3ccnc(N[C@H]4CCN(C(=O)C5CC5)C4)n3)c2C1,6.22,1
CHEMBL5416188,CCOC(=O)C1Cc2nc(-c3ccc4c(c3)OCO4)n(-c3ccnc(N[C@@H]4CCN(C(=O)C5CC5)C4)n3)c2C1,7.3,1
CHEMBL5416681,N#CCc1cnc(-c2ccc(F)c(C(F)(F)F)c2)n1-c1ccnc(N[C@H]2CCCN(C(=O)C3CC3)C2)n1,5.48,1
CHEMBL5416746,N#CCc1cnc(-c2ccc3ccccc3c2)n1-c1ccnc(NC2CCOCC2)n1,6.49,1
CHEMBL5416863,O=C1N/C(=N\c2ccccc2Cl)S/C1=C1\C(=O)Nc2ccc(Br)cc21,6.52,1
CHEMBL5416936,O=C1N/C(=N\c2cccc(Cl)c2Cl)S/C1=C1\C(=O)Nc2ccc(F)cc21,7.89,2
CHEMBL5418449,N#CCc1cnc(-c2ccc(Cl)c(Cl)c2)n1-c1ccnc(N[C@H]2CCCN(C(=O)C3CC3)C2)n1,8.7,1
CHEMBL5418507,NC(=O)C1Cc2nc(-c3ccc4c(c3)CCO4)n(-c3ccnc(N[C@@H]4CCN(C(=O)C5CC5)C4)n3)c2C1,7.2,1
CHEMBL5418625,CNC(=O)Oc1ccc2nc(-c3ccc4ccccc4c3)n(-c3ccnc(N[C@H]4CCCN(C(=O)C5CC5)C4)n3)c2c1,7.28,1
CHEMBL5419083,O=C(c1ccc(CNc2n[nH]c3ccccc23)cc1)N1CCN(C(=O)c2cc(C(F)(F)F)cc(C(F)(F)F)c2)CC1,6.53,1
CHEMBL5419312,O=C1N/C(=N\c2c(Cl)ccc(Cl)c2Cl)S/C1=C1\C(=O)Nc2ccc(F)cc21,5.82,1
CHEMBL5419547,CN(C)c1ccc2c(c1)/C(=C1/S/C(=N/c3cccc(Cl)c3Cl)NC1=O)C(=O)N2,6.09,1
CHEMBL5419594,NC(=O)C1Cc2nc(-c3ccc4c(c3)CCO4)n(-c3ccnc(N[C@@H]4CCCN(C(=O)C5CC5)C4)n3)c2C1,8.05,1
CHEMBL5419748,N#CCc1cnc(-c2ccc3ccccc3c2)n1-c1ccnc(Nc2cccc(C(=O)C3CC3)c2)n1,8.15,1
CHEMBL5420339,NC(=O)C1Cc2nc(-c3ccc(Cl)c(Cl)c3)n(-c3ccnc(N[C@@H]4CCN(C(=O)C5CC5)C4)n3)c2C1,7.79,1
CHEMBL5420481,N#CCc1cnc(-c2ccc(F)c(C(F)(F)F)c2)n1-c1ccnc(NC2CCCCC2)n1,5.0,1
CHEMBL5420689,O=C1N/C(=N\c2ccccc2Cl)S/C1=C1\C(=O)Nc2ccc(I)cc21,7.2,1
CHEMBL5421436,O=C1N/C(=N\c2cccc(F)c2Cl)S/C1=C1\C(=O)Nc2ccc(F)cc21,6.28,1
CHEMBL5422182,CN(C)CC(=O)Nc1ccc2c(c1)/C(=C1/S/C(=N/c3cccc(Cl)c3Cl)NC1=O)C(=O)N2,6.28,1
CHEMBL5422393,N#CCc1cnc(-c2ccc(F)c(C(F)(F)F)c2)n1-c1ccnc(NC2CCOCC2)n1,6.785,2
CHEMBL5422757,CN(C)CCC(=O)Nc1ccc2c(c1)/C(=C1/S/C(=N/c3cccc(Cl)c3Cl)NC1=O)C(=O)N2,6.28,1
CHEMBL5422901,NC(=O)C1Cc2nc(-c3ccc4c(c3)OCO4)n(-c3ccnc(N[C@@H]4CCN(C(=O)C5CC5)C4)n3)c2C1,6.99,1
CHEMBL5423129,O=C1N/C(=N\c2c(F)cccc2F)S/C1=C1\C(=O)Nc2ccc(Cl)cc21,6.89,1
CHEMBL5423272,CNC(=O)C1Cc2nc(-c3ccc(F)c(C(F)(F)F)c3)n(-c3ccnc(N[C@@H]4CCCN(C(=O)C5CC5)C4)n3)c2C1,6.16,1
CHEMBL5423313,CNC(=O)C1Cc2nc(-c3ccc4c(c3)OCO4)n(-c3ccnc(N[C@@H]4CCN(C(=O)C5CC5)C4)n3)c2C1,7.03,1
CHEMBL5423620,CNC(=O)C1Cc2nc(-c3ccc4ccccc4c3)n(-c3ccnc(N[C@H]4CCCN(C(=O)C5CC5)C4)n3)c2C1,9.25,1
CHEMBL5423677,NC(=O)C1Cc2nc(-c3ccc(Cl)c(Cl)c3)n(-c3ccnc(N[C@H]4CCN(C(=O)C5CC5)C4)n3)c2C1,7.81,1
CHEMBL5423687,O=C(c1ccc(CNc2n[nH]c3ccccc23)cc1)N1CCN(C(=O)c2cccc(C(F)(F)F)c2)CC1,6.03,1
CHEMBL5423835,COc1ccccc1/N=C1\NC(=O)/C(=C2/C(=O)Nc3ccc(F)cc32)S1,7.04,1
CHEMBL5424108,NC(=O)C1Cc2nc(-c3ccc4c(c3)CCO4)n(-c3ccnc(N[C@H]4CCN(C(=O)C5CC5)C4)n3)c2C1,7.06,1
CHEMBL5424892,CNC(=O)C1Cc2nc(-c3ccc(Cl)c(Cl)c3)n(-c3ccnc(N[C@@H]4CCCN(C(=O)C5CC5)C4)n3)c2C1,8.32,1
CHEMBL5424946,CNC(=O)C1Cc2nc(-c3ccc4ccccc4c3)n(-c3ccnc(N[C@@H]4CCCN(C(=O)C5CC5)C4)n3)c2C1,8.97,1
CHEMBL5425080,C[C@@H](O)CNc1nccc(-n2c(CC#N)cnc2-c2ccc3ccccc3c2)n1,5.3,1
CHEMBL5425117,O=C(c1ccc(CNc2n[nH]c3ccccc23)cc1)N1CCN(C(=O)c2c(Cl)cccc2Cl)CC1,6.55,1
CHEMBL5425334,NC(=O)C1Cc2nc(-c3ccc(F)c(C(F)(F)F)c3)n(-c3ccnc(N[C@H]4CCCN(C(=O)C5CC5)C4)n3)c2C1,8.19,1
CHEMBL5425539,O=C(c1cccc(CNc2n[nH]c3cc(F)ccc23)c1)N1CCN(C(=O)c2ccc(Cl)cc2Cl)CC1,6.85,1
CHEMBL5425582,N#CCc1cnc(-c2ccc3c(c2)OCO3)n1-c1ccnc(NC2CCOCC2)n1,6.130000000000001,2
CHEMBL5425684,CNC(=O)C1Cc2nc(-c3ccc(F)c(C(F)(F)F)c3)n(-c3ccnc(N[C@@H]4CCN(C(=O)C5CC5)C4)n3)c2C1,6.52,1
CHEMBL5426038,Cc1ccc2c(c1)/C(=C1/S/C(=N/c3cccc(Cl)c3Cl)NC1=O)C(=O)N2,6.7,1
CHEMBL5426261,O=C1N/C(=N\c2cccc(Cl)c2)S/C1=C1\C(=O)Nc2ccccc21,6.7,1
CHEMBL5426262,CCOC(=O)C1Cc2nc(-c3ccc(F)c(C(F)(F)F)c3)n(-c3ccnc(N[C@@H]4CCN(C(=O)C5CC5)C4)n3)c2C1,7.2,1
CHEMBL5426371,O=C1N/C(=N\c2c(Cl)cccc2Cl)S/C1=C1\C(=O)Nc2ccc(F)cc21,5.43,1
CHEMBL5426713,O=C1N/C(=N\c2cccc(Cl)c2F)S/C1=C1\C(=O)Nc2ccc(F)cc21,7.08,1
CHEMBL5427166,NC(=O)C1Cc2nc(-c3ccc4c(c3)OCO4)n(-c3ccnc(N[C@@H]4CCCN(C(=O)C5CC5)C4)n3)c2C1,7.44,1
CHEMBL5427329,O=C(c1ccc(CNc2n[nH]c3ccccc23)cc1)N1CCN(C(=O)c2ccc(Br)cc2Br)CC1,6.61,1
CHEMBL5428039,CCOC(=O)C1Cc2nc(-c3ccc4c(c3)CCO4)n(-c3ccnc(N[C@H]4CCN(C(=O)C5CC5)C4)n3)c2C1,6.8,1
CHEMBL5428091,O=C(c1ccc(CNc2n[nH]c3ccccc23)cc1)N1CCN(C(=O)c2ccc(OC(F)(F)F)cc2)CC1,6.49,1
CHEMBL5428367,N#CCc1cnc(-c2ccc3ccccc3c2)n1-c1ccnc(NC2CCCCC2)n1,7.02,2
CHEMBL5428502,O=C(c1ccc(Cl)cc1)N1CCN(C(=O)c2cccc(CNc3n[nH]c4ccccc34)c2)CC1,5.12,1
CHEMBL5428554,N#CCc1cnc(-c2ccc3ccccc3c2)n1-c1ccnc(N[C@H]2CCCCN(C(=O)C3CC3)C2)n1,7.62,1
CHEMBL5429268,N#CCc1cnc(-c2ccc3ccccc3n2)n1-c1ccnc(N[C@H]2CCCN(C(=O)C3CC3)C2)n1,6.4,1
CHEMBL5429577,CCOC(=O)C1Cc2nc(-c3ccc(Cl)c(Cl)c3)n(-c3ccnc(N[C@H]4CCCN(C(=O)C5CC5)C4)n3)c2C1,8.96,1
CHEMBL5429870,O=C(CN1CCCC1)Nc1ccc2c(c1)/C(=C1/S/C(=N/c3cccc(Cl)c3Cl)NC1=O)C(=O)N2,6.36,1
CHEMBL5429978,O=C1N/C(=N\c2cccc(Cl)c2Cl)S/C1=C1\C(=O)Nc2ccc(N3CCOCC3)cc21,6.66,1
CHEMBL5430858,NC(=O)C1Cc2nc(-c3ccc4ccccc4c3)n(-c3ccnc(N[C@@H]4CCCN(C(=O)C5CC5)C4)n3)c2C1,8.76,1
CHEMBL5430890,O=C1N/C(=N\c2ccccc2[N+](=O)[O-])S/C1=C1\C(=O)Nc2ccc(F)cc21,6.13,1
CHEMBL5430912,O=C(C1CC1)N1CCC[C@H](Nc2nccc(-n3c(-c4ccc5ccccc5c4)nc4c(F)cc(O)cc43)n2)C1,8.0,1
CHEMBL5431060,CCOC(=O)C1Cc2nc(-c3ccc4c(c3)OCO4)n(-c3ccnc(N[C@@H]4CCCN(C(=O)C5CC5)C4)n3)c2C1,8.92,1
CHEMBL5431122,O=C(c1ccc(CNc2n[nH]c3ccccc23)cc1)N1CCN(C(=O)c2ccccc2F)CC1,6.21,1
CHEMBL5431131,O=C(c1ccc(CNc2n[nH]c3ccccc23)cc1)N1CCN(C2CC2)CC1,6.06,1
CHEMBL5431146,CCOC(=O)C1Cc2nc(-c3ccc4c(c3)CCO4)n(-c3ccnc(N[C@H]4CCCN(C(=O)C5CC5)C4)n3)c2C1,7.5,1
CHEMBL5432203,CN1CCC(C(=O)Nc2ccc3c(c2)/C(=C2/S/C(=N/c4cccc(Cl)c4Cl)NC2=O)C(=O)N3)CC1,7.11,3
CHEMBL5432224,O=C(c1cccc(CNc2n[nH]c3ccc(Br)cc23)c1)N1CCN(C(=O)c2ccc(Cl)cc2Cl)CC1,6.54,1
CHEMBL5432287,O=C(c1ccc(CNc2n[nH]c3ccccc23)cc1)N1CCN(C(=O)c2cc(F)ccc2Cl)CC1,6.43,1
CHEMBL5432496,O=C(c1ccc(CNc2n[nH]c3ccccc23)cc1)N1CCN(C(=O)c2ccccc2C(F)(F)F)CC1,6.43,1
CHEMBL5432545,N#CCc1cnc(-c2ccc(Cl)c(Cl)c2)n1-c1ccnc(NC2CCCCC2)n1,6.7,2
CHEMBL5432722,O=C(c1ccc(I)cc1)N1CCN(C(=O)c2ccc(CNc3n[nH]c4ccccc34)cc2)CC1,6.04,1
CHEMBL5433156,O=C(c1ccc(CNc2n[nH]c3ccccc23)cc1)N1CCCC1,5.12,1
CHEMBL5433276,CNC(=O)C1Cc2nc(-c3ccc(F)c(C(F)(F)F)c3)n(-c3ccnc(N[C@H]4CCCN(C(=O)C5CC5)C4)n3)c2C1,7.51,1
CHEMBL5433711,O=C(c1cccc(CNc2n[nH]c3c(F)c(F)ccc23)c1)N1CCN(C(=O)c2ccc(Cl)cc2Cl)CC1,6.87,1
CHEMBL5434414,O=C(c1cccc(CNc2n[nH]c3cc(Br)ccc23)c1)N1CCN(C(=O)c2ccc(Cl)cc2Cl)CC1,6.46,1
CHEMBL5434519,O=C(c1ccc(CNc2n[nH]c3ccccc23)cc1)N1CCN(C(=O)c2c(F)cccc2Cl)CC1,6.43,1
CHEMBL5434537,O=C(c1ccc(CNc2n[nH]c3ccccc23)cc1)N1CCN(C(=O)c2cc(C(F)(F)F)ccc2Cl)CC1,6.55,1
CHEMBL5435391,O=C(c1ccc(Br)cc1)N1CCN(C(=O)c2cccc(CNc3n[nH]c4ccccc34)c2)CC1,5.33,1
CHEMBL5435809,NC(=O)C1Cc2nc(-c3ccc4c(c3)CCO4)n(-c3ccnc(N[C@H]4CCCN(C(=O)C5CC5)C4)n3)c2C1,8.04,1
CHEMBL5436019,O=C(c1ccc(CNc2n[nH]c3ccccc23)cc1)N1CCOCC1,5.11,1
CHEMBL5436023,CCOC(=O)C1Cc2nc(-c3ccc4ccccc4c3)n(-c3ccnc(N[C@H]4CCCN(C(=O)C5CC5)C4)n3)c2C1,9.14,1
CHEMBL5436065,O=C(c1cccc(CNc2n[nH]c3ccccc23)c1)N1CCN(C(=O)c2ccc(F)cc2F)CC1,5.36,1
CHEMBL5436272,CCOC(=O)C1Cc2nc(-c3ccc(F)c(C(F)(F)F)c3)n(-c3ccnc(N[C@H]4CCCN(C(=O)C5CC5)C4)n3)c2C1,7.28,1
CHEMBL5436510,CNC(=O)C1Cc2nc(-c3ccc(Cl)c(Cl)c3)n(-c3ccnc(N[C@@H]4CCN(C(=O)C5CC5)C4)n3)c2C1,8.03,1
CHEMBL5436709,N#CCc1cnc(-c2ccc(Cl)c(Cl)c2)n1-c1ccnc(N[C@H]2CCCN(C(=O)NC3CC3)C2)n1,8.28,1
CHEMBL5436859,O=C(c1cccc(CNc2n[nH]c3cccc(I)c23)c1)N1CCN(C(=O)c2ccc(Cl)cc2Cl)CC1,6.89,1
CHEMBL5436937,NC(=O)C1Cc2nc(-c3ccc4ccccc4c3)n(-c3ccnc(N[C@H]4CCN(C(=O)C5CC5)C4)n3)c2C1,7.83,1
CHEMBL5437251,O=C(c1ccc(Br)cc1)N1CCN(C(=O)c2ccc(CNc3n[nH]c4ccccc34)cc2)CC1,6.5,1
CHEMBL5437462,O=C(C1CC1)N1CCC[C@H](Nc2nccc(-n3c(-c4ccc5ccccc5c4)nc4ccc(O)cc43)n2)C1,8.4,1
CHEMBL5437584,O=C(c1ccc(CNc2n[nH]c3ccccc23)cc1)N1CCN(C(=O)c2ccc(C(F)(F)F)cc2C(F)(F)F)CC1,6.6,1
CHEMBL5437898,O=C(NN1CCOCC1)c1ccc(CNc2n[nH]c3ccccc23)cc1,5.13,1
CHEMBL5437979,O=C(c1ccc(CNc2n[nH]c3ccccc23)cc1)N1CCN(C(=O)c2ccccc2I)CC1,6.4,1
CHEMBL5438169,O=C(c1ccc(CNc2n[nH]c3ccccc23)cc1)N1CCN(C(=O)c2ccc(F)cc2Cl)CC1,6.19,1
CHEMBL5438365,CNC(=O)Oc1cc(F)c2nc(-c3ccc4ccccc4c3)n(-c3ccnc(N[C@H]4CCCN(C(=O)C5CC5)C4)n3)c2c1,7.68,1
CHEMBL5438506,CCOC(=O)C1Cc2nc(-c3ccc(Cl)c(Cl)c3)n(-c3ccnc(N[C@@H]4CCN(C(=O)C5CC5)C4)n3)c2C1,8.36,1
CHEMBL5438738,N#CCc1cnc(-c2ccc3c(c2)OCO3)n1-c1ccnc(NC2CCCCC2)n1,6.09,1
CHEMBL5438946,N#CCc1cnc(-c2ccc3ccccc3n2)n1-c1ccnc(NC2CCOCC2)n1,6.03,2
CHEMBL5439177,O=C1N/C(=N\c2ccccc2F)S/C1=C1\C(=O)Nc2ccc(F)cc21,6.96,1
CHEMBL5439223,N#CCc1cnc(C2=CC3OCOC3C=C2)n1-c1ccnc(N[C@H]2CCCN(C(=O)C3CC3)C2)n1,7.26,1
CHEMBL5439566,O=C(c1ccc(CNc2n[nH]c3ccccc23)cc1)N1CCN(C(=O)c2ccc(Cl)cc2Cl)CC1,6.82,1
CHEMBL5439571,CCOC(=O)C1Cc2nc(-c3ccc4c(c3)OCO4)n(-c3ccnc(N[C@H]4CCN(C(=O)C5CC5)C4)n3)c2C1,6.61,1
CHEMBL5439622,O=C(c1cccc(CNc2n[nH]c3ccccc23)c1)N1CCN(C(=O)c2cc(C(F)(F)F)ccc2F)CC1,5.35,1
CHEMBL5439708,O=C(Nc1ccccc1Cl)N1CCN(C(=O)c2ccc(CNc3n[nH]c4ccccc34)cc2)CC1,6.21,1
CHEMBL5439929,O=C1C2=CC=CC3NN=C(c4ccccc41)C23,7.05,1
CHEMBL5440479,O=C(CN1CCCCC1)Nc1ccc2c(c1)/C(=C1/S/C(=N/c3cccc(Cl)c3Cl)NC1=O)C(=O)N2,6.11,1
CHEMBL5440610,O=C(c1ccccc1)N1CCN(C(=O)c2ccc(CNc3n[nH]c4ccccc34)cc2)CC1,6.21,1
CHEMBL5440695,CCN(CC)CCC(=O)Nc1ccc2c(c1)/C(=C1/S/C(=N/c3cccc(Cl)c3Cl)NC1=O)C(=O)N2,6.43,1
CHEMBL5441124,O=C(c1ccc(CNc2n[nH]c3ccccc23)cc1)N1CCN(C(=O)c2ccccc2OC(F)(F)F)CC1,6.41,1
CHEMBL5441132,O=C(c1ccc(CNc2n[nH]c3ccccc23)cc1)N1CCN(C(=O)c2cccc(F)c2Cl)CC1,6.42,1
CHEMBL551024,NCc1ccc(-c2cnc3[nH]cc(-c4cccc(NC(=O)Nc5ccc(C(F)(F)F)cc5F)c4)c3c2)cc1,6.6,1
CHEMBL5523360,COc1ccc(Nc2cc3c(cn2)n(C)c(=O)n3C2CCCC2)c(C)c1,6.51,1
CHEMBL5564918,CNC(=O)Oc1cc2c(cc1F)nc(-c1ccc3ccccc3c1)n2-c1ccnc(N[C@@H]2CCCN(C(=O)C3CC3)C2)n1,7.68,1
CHEMBL5569189,O=C(C1CC1)N1CCC[C@@H](Nc2nccc(-n3c(-c4ccc5c(c4)OCCO5)nc4cc(O)c(O)cc43)n2)C1,8.01,1
CHEMBL5569575,O=C(NC1COC1)c1cc(-n2ncc3cc(Nc4c(F)cccc4Cl)cnc32)cs1,7.13,1
CHEMBL5572325,O=C(c1ccc(CNc2n[nH]c3cccc(Cl)c23)cc1)N1CCN(C(=O)c2ccc(Cl)cc2Cl)CC1,5.03,1
CHEMBL5574538,CCCCCCn1c(S)nc2c1c(=O)[nH]c(=O)n2C,7.56,1
CHEMBL5574740,N#CCc1cn(-c2cccc(NC3CCCN(C(=O)C4CC4)C3)c2)c(-c2ccc3ccccc3c2)n1,9.0,1
CHEMBL5575110,NC(=O)N1Cc2nc(-c3ccc(Cl)c(Cl)c3)n(-c3ccnc(NC4CCN(C(=O)C5CC5)C4)n3)c2C1,8.57,1
CHEMBL558210,O=C([O-])C(F)(F)F.Oc1cc2c(cc1O)[C@H]1Cc3cc(O)c(O)cc3[N@+]13CCc1cc(O)c(O)cc1[C@@H]3C2,4.89,1
CHEMBL5641827,CC(C)(C)n1cc(-c2ccnc(NCCCNS(=O)(=O)c3ccccc3)c2)c(-c2cccc(O)c2)n1,7.7,1
CHEMBL5641916,CC(C)(C)n1cc(-c2ccnc(NCCCNS(=O)(=O)c3ccc(F)cc3)c2)c(-c2cccc(O)c2)n1,8.0,1
CHEMBL5647005,COc1ccc(S(=O)(=O)NCCCNc2cc(-c3cn(C(C)(C)C)nc3-c3cccc(O)c3)ccn2)cc1,7.98,1
CHEMBL565381,Fc1ccc(-c2nc3ccccc3nc2-c2ccncc2)cc1,4.5,1
CHEMBL565564,CC(C)Nc1cc(-c2nc3ccccc3nc2-c2ccc(F)cc2)ccn1,5.4,1
CHEMBL5665388,Cc1cc2nc(-c3ccccc3)cc(N3CCC(N(C)C)C3)n2n1,4.7,1
CHEMBL568116,CN1CCN(c2ncn(-c3ccc(Nc4nccc(-c5cc(F)cc(N6CCOCC6)c5)n4)cc3)n2)CC1,6.88,1
CHEMBL570554,Cc1ncn(-c2ccc(Nc3nccc(-c4cc(C#N)cc(N5CCOCC5)c4)n3)cc2)n1,7.1,1
CHEMBL571023,c1cncc(-c2ncn(-c3ccc(Nc4nccc(-c5cccc(N6CCOCC6)c5)n4)cc3)n2)c1,7.07,1
CHEMBL571434,Cn1nnc(-c2ccc(Nc3nccc(-c4cc(C#N)cc(N5CCOCC5)c4)n3)cc2)n1,6.85,1
CHEMBL571619,NC(=O)c1ccc(Nc2nccc(-c3ccccc3)n2)cc1,6.31,1
CHEMBL571626,CS(=O)(=O)Nc1ccc(-c2ccnc(Nc3ccc(-n4ccnn4)cc3)n2)cc1,8.4,2
CHEMBL572282,c1ccc(-c2ccnc(Nc3ccc(-n4cncn4)cc3)n2)cc1,6.53,1
CHEMBL572283,c1cc(-c2ccnc(Nc3ccc(-n4ccnn4)cc3)n2)cc(N2CCOCC2)c1,6.44,1
CHEMBL5740773,O=C(Cc1ccc2ccc(C(F)(F)F)nc2c1)Nc1scc(Br)c1-c1nc[nH]n1,5.3,1
CHEMBL5740933,O=C(Cc1cccc2cnccc12)Nc1ccsc1-c1nccs1,5.3,1
CHEMBL5741377,Cc1csc(NC(=O)Cc2cccc3cnccc23)c1-c1nc2ccccc2s1,5.3,1
CHEMBL5747925,CC(O)CNc1nccc(-n2c(CC#N)cnc2-c2ccc(Cl)c(Cl)c2)n1,7.19,1
CHEMBL5760412,N#Cc1csc(NC(=O)Cn2c(=O)ccc3cc(C(F)(F)F)ccc32)c1-n1nnc2ccccc21,5.3,1
CHEMBL576353,Cc1cc(O)ccc1-c1cnc2ccccc2n1,4.55,1
CHEMBL5767001,N#Cc1csc(NC(=O)Cn2c(=O)ccc3cc(C(F)(F)F)ccc32)c1-c1cncs1,5.3,1
CHEMBL5768898,CC(O)CNc1nccc(-n2c(CC#N)cnc2-c2ccc3ccccc3c2)n1,7.19,1
CHEMBL5776078,O=C(Cc1cc2ncccc2cc1F)Nc1scc(Br)c1-c1ncn[nH]1,5.3,1
CHEMBL5776287,COc1nc(-c2sccc2NC(=O)Cc2cccc3cnccc23)cs1,5.3,1
CHEMBL5777434,N#CCc1cnc(-c2ccc(Cl)c(Cl)c2)n1-c1ccnc(NC2CCCN(C(=O)C3CC3)C2)n1,7.19,1
CHEMBL5785702,COc1ccc(CC(=O)Nc2ccsc2-c2nc(C3CC3)n[nH]2)cc1,5.3,1
CHEMBL5790175,COc1ccc(CC(=O)Nc2ccsc2-c2nc(C3CCCO3)n[nH]2)cc1,5.3,1
CHEMBL5792184,CC(O)CNc1nccc(-n2c(CC#N)cnc2-c2ccc3c(c2)OCO3)n1,7.19,1
CHEMBL5799084,O=C(Cn1c(=O)ccc2cc(C(F)(F)F)ccc21)Nc1sc(Cl)cc1-c1ncn[nH]1,5.3,1
CHEMBL5801885,O=C(Cn1c(=O)ccc2cc(C(F)(F)F)ccc21)N(CCCN1CCCC1)c1scc(Cl)c1-c1nc[nH]n1,5.3,1
CHEMBL5802265,O=C(CN1C(=O)CCc2ccccc21)Nc1sccc1-c1ncn[nH]1,5.3,1
CHEMBL5805444,O=C(Cn1c(=O)ccc2cc(F)c(F)cc21)Nc1sccc1-c1ncon1,5.3,1
CHEMBL5805539,CC(C)c1n[nH]c(-c2c(Cl)csc2NC(=O)CN2C(=O)CCc3ncccc32)n1,5.3,1
CHEMBL5806549,COc1ccc(CC(=O)Nc2sccc2-c2noc(C)n2)cc1,5.3,1
CHEMBL580819,O=C(Nc1cccc(-c2nc3ccccc3[nH]2)c1)c1cccc(NC(=O)c2ccco2)c1,4.17,1
CHEMBL5822558,Cc1noc(-c2c(C)csc2NC(=O)Cc2cccc3ccccc23)n1,5.3,1
CHEMBL5823913,O=C(Cc1cccc2cc(F)cnc12)Nc1scc(Br)c1-c1nc[nH]n1,5.3,1
CHEMBL5832498,Cc1csc(NC(=O)Cc2ccc(OCCn3ccnc3)cc2)c1-c1ncn[nH]1,5.3,1
CHEMBL5835605,Cc1csc(-c2sccc2NC(=O)Cc2cccc3cnccc23)n1,5.3,1
CHEMBL5838711,O=C(CN1C(=O)CCc2ccc(Br)cc21)Nc1scc(Br)c1-c1ncn[nH]1,5.3,1
CHEMBL5843594,O=C(Cc1cccc2cc(C(F)(F)F)cnc12)Nc1scc(Br)c1-c1nc[nH]n1,5.3,1
CHEMBL5846952,COc1ccc(CC(=O)Nc2ccsc2-c2nc(C)n[nH]2)cc1,5.3,1
CHEMBL584899,N#Cc1cc(-c2ccnc(Nc3ccc(-n4cnc(-c5ccccn5)n4)cc3)n2)cc(N2CCOCC2)c1,7.1,1
CHEMBL5853722,CCc1n[nH]c(-c2sccc2NC(=O)Cc2ccc(OC)cc2)n1,5.3,1
CHEMBL585725,Cc1ncn(-c2ccc(Nc3nccc(-c4cccc(N5CCOCC5)c4)n3)cc2)n1,6.41,1
CHEMBL5857274,CC(O)CNc1nccc(-n2c(CC#N)cnc2-c2ccc3ccccc3n2)n1,7.19,1
CHEMBL5857906,N#CCc1cnc(-c2ccc3ccccc3n2)n1-c1ccnc(NC2CCCNC2)n1,7.19,1
CHEMBL585916,CS(=O)(=O)Nc1ccc(-c2ccnc(Nc3ccc(S(N)(=O)=O)cc3)n2)cc1,8.15,1
CHEMBL585951,Fc1cc(-c2cc[nH]/c(=N/c3ccc(-n4cnc(N5CCOCC5)n4)cc3)n2)cc(N2CCOCC2)c1,6.83,2
CHEMBL5859922,O=C(Cc1cccc2ccccc12)Nc1ccsc1-c1ccccn1,5.3,1
CHEMBL5864203,O=C(Cc1ccc2c(c1)OCCO2)Nc1ccsc1-c1ncn[nH]1,5.3,1
CHEMBL5868915,O=C(Cc1cc(C(F)(F)F)c2cccnc2c1)Nc1scc(Br)c1-c1nnc[nH]1,5.3,1
CHEMBL5870228,COCn1nnnc1-c1ccsc1NC(=O)Cc1ccc(OC)cc1,5.3,1
CHEMBL5871962,O=C(CN1C(=O)CCc2cnccc21)Nc1ccsc1-c1cscn1,5.3,1
CHEMBL5872939,Cc1cnc(-c2sccc2NC(=O)Cc2cccc3cnccc23)s1,5.3,1
CHEMBL5874435,O=C(CN1C(=O)CCc2ccccc21)Nc1ccsc1-c1cscn1,5.3,1
CHEMBL5878405,N#CCc1cnc(-c2ccc(Cl)c(Cl)c2)n1-c1ccnc(NC2CCCNC2)n1,7.19,1
CHEMBL5893481,O=C(CN1C(=O)CCc2ccccc21)Nc1ccsc1-c1c[nH]cn1,5.3,1
CHEMBL5895589,O=C(Cc1ccc(OCCCN2CCCCC2)cc1)Nc1ccsc1-c1cscn1,5.3,1
CHEMBL5895823,Cc1cn2c(CC(=O)Nc3scc(Br)c3-c3ncn[nH]3)csc2n1,5.3,1
CHEMBL5898066,N#CCc1cnc(-c2ccc3c(c2)OCO3)n1-c1ccnc(NC2CCCN(C(=O)C3CC3)C2)n1,7.19,1
CHEMBL5899852,Cc1noc(-c2sccc2NC(=O)Cc2cccc3ccccc23)n1,5.3,1
CHEMBL5902200,O=C(CN1C(=O)C(F)(F)c2ccccc21)Nc1scc(Br)c1-c1nnc[nH]1,5.3,1
CHEMBL5907204,CC(O)CNc1nccc(-n2c(CC#N)cnc2-c2ccc(F)c(C(F)(F)F)c2)n1,7.19,1
CHEMBL5907864,COc1ccc(CC(=O)Nc2sccc2-c2nnn(C)n2)cc1,5.3,1
CHEMBL5914407,O=C(Cc1cccc2nccn12)Nc1scc(Br)c1-c1ncn[nH]1,5.3,1
CHEMBL5922666,N#CCc1cnc(-c2ccc(F)c(C(F)(F)F)c2)n1-c1ccnc(NC2CCCN(C(=O)C3CC3)C2)n1,7.19,1
CHEMBL5925962,COc1ccc(CC(=O)Nc2sccc2-c2nn[nH]n2)cc1,5.3,1
CHEMBL5938497,N#Cc1csc(NC(=O)Cn2c(=O)ccc3cc(C(F)(F)F)ccc32)c1-n1ccnn1,5.3,1
CHEMBL5940213,O=C(Cn1c(=O)ccc2cnccc21)Nc1ccsc1-c1cscn1,5.3,1
CHEMBL5941484,Cc1noc(-c2c(C)csc2NC(=O)Cc2ccc(-c3ccncc3)cc2)n1,5.3,1
CHEMBL5946088,COc1ccc(CC(=O)Nc2ccsc2-c2nc(C(C)(C)C)n[nH]2)cc1,5.3,1
CHEMBL5946801,O=C(Cc1cccc2cccnc12)Nc1scc(Br)c1-c1ncn[nH]1,5.3,1
CHEMBL5981515,CN(C)CCN(C(=O)Cn1c(=O)ccc2cc(C(F)(F)F)ccc21)c1scc(Cl)c1-c1nc[nH]n1,5.3,1
CHEMBL5984726,CC(O)CNc1nccc(-n2c(CC#N)cnc2-c2ccc3c(c2)OCCO3)n1,7.19,1
CHEMBL5988064,Cc1csc(NC(=O)Cc2cccc3nccnc23)c1-c1ncn[nH]1,5.3,1
CHEMBL5989777,N#CCc1cnc(-c2ccc(F)c(C(F)(F)F)c2)n1-c1ccnc(NC2CCCNC2)n1,7.19,1
CHEMBL5993740,COc1ccc(CC(=O)Nc2ccsc2-c2ncn[nH]2)cc1,5.3,1
CHEMBL6004520,O=C(Cc1cccc2cnccc12)Nc1ccsc1-c1csc(Cl)n1,5.3,1
CHEMBL6012028,O=C(Cc1cccc2cnccc12)Nc1ccsc1-c1ncco1,5.3,1
CHEMBL6014490,COc1ccc(CC(=O)Nc2ccsc2-c2nnc(C)o2)cc1,5.3,1
CHEMBL6026572,Cc1n[nH]c(-c2sccc2NC(=O)Cc2ccc(N3CCCC3=O)cc2)n1,5.3,1
CHEMBL6031517,Cc1n[nH]c(-c2sccc2NC(=O)Cc2ccc3c(c2)OCCO3)n1,5.3,1
CHEMBL6037378,N#Cc1csc(NC(=O)CN2C(=O)CCc3ncccc32)c1-c1nc2ccccc2s1,5.3,1
CHEMBL6043226,N#CCc1cnc(-c2ccc3c(c2)OCCO3)n1-c1ccnc(NC2CCCN(C(=O)C3CC3)C2)n1,7.19,1
CHEMBL6049800,N#CCc1cnc(-c2ccc3c(c2)OCCO3)n1-c1ccnc(NC2CCCNC2)n1,7.19,1
CHEMBL6064472,Cc1csc(NC(=O)Cc2ccc(OCCCN3CCCCC3)cc2)c1-c1ncn[nH]1,5.3,1
CHEMBL6133417,CCOC(=O)c1nn(-c2ccnc(N[C@@H]3CCCN(C(=O)N(C)C)C3)n2)cc1/C=C/c1ccccc1,5.35,1
CHEMBL6134087,O=C(Nc1cnn(-c2cccnc2)c1)Nc1cccc2ccccc12,5.84,1
CHEMBL6134490,CC(C)(C)NC(=O)c1cccc(-n2cc(NC(=O)Nc3cccc4ccccc34)cn2)c1,5.6,1
CHEMBL6141745,NC(=O)c1ccccc1Nc1nc(Nc2ccc(C(=O)N3CCC4(CCOC4)CC3)cc2)ncc1Br,8.66,1
CHEMBL6141893,NC(=O)c1ccccc1Nc1nc(Nc2ccccc2)ncc1Br,8.55,1
CHEMBL6143078,Cl.O=C(Nc1cnn(-c2cccc(C(=O)NCC3CCNC3)c2)c1)Nc1cccc2ccccc12,7.19,1
CHEMBL6143219,Cc1ccccc1NC(=O)Nc1cnn(-c2cccc(C(=O)Nc3cnn(C4CCNCC4)c3)c2)c1.Cl,8.15,1
CHEMBL6143839,O=C(Nc1cnn(-c2cccc(C(=O)NC3CCCCC3)c2)c1)Nc1cccc2ccccc12,6.38,1
CHEMBL6145626,O=C(Nc1cnn(-c2cccc(NC(=O)C3CC3)c2)c1)Nc1cccc2ccccc12,5.49,1
CHEMBL6145686,CN1CC2CCC(C1)N2C(=O)c1ccc(Nc2ncc(Br)c(Nc3ccccc3C(N)=O)n2)cc1,8.44,1
CHEMBL6146904,O=C(Nc1cnn(-c2cccc(C(=O)Nc3cnn(C4CCNCC4)c3)c2)c1)Nc1ccccc1F,7.8,1
CHEMBL6147633,O=C(Nc1cnn(-c2cccc(NC(=O)C(F)(F)F)c2)c1)Nc1cccc2ccccc12,5.86,1
CHEMBL6148238,O=C(Nc1cnn(-c2cccc(C(=O)NC3CCCC3)c2)c1)Nc1cccc2ccccc12,6.48,1
CHEMBL6148728,CCOC(=O)c1nn(-c2ccnc(N[C@H]3CCCN(C(=O)C4CC4)C3)n2)cc1/C=C/c1ccccc1,6.0,1
CHEMBL6149033,Cl.O=C(Nc1cccc(C(F)(F)F)c1)Nc1cnn(-c2cccc(C(=O)Nc3cnn(C4CCNCC4)c3)c2)c1,5.89,1
CHEMBL6149192,CN(C)C(=O)N1CCC[C@@H](Nc2nccc(-n3cc(/C=C/c4ccccc4)c(C(N)=O)n3)n2)C1,7.51,1
CHEMBL6149233,CN1CCN(c2ccc(Nc3nccc(-n4cc(/C=C/c5ccccc5)c(C(N)=O)n4)n3)cc2)CC1,6.56,1
CHEMBL6150817,O=C(C1CC1)N1CCCC(Nc2nccc(-n3c(-c4ccc5ccccc5c4)nc4ccc(O)cc43)n2)C1,7.52,1
CHEMBL6151222,CCC(=O)Nc1cccc(C(=O)Nc2cccc(-n3cc(NC(=O)Nc4cccc5ccccc45)cn3)c2)c1,5.28,1
CHEMBL6151913,NC(=O)c1nn(-c2ccnc(N[C@H]3CCN(C(=O)C4CC4)C3)n2)cc1/C=C/c1cccc(Br)c1,5.66,1
CHEMBL6152107,NC(=O)c1nn(-c2ccnc(N[C@H]3CCN(C(=O)C4CC4)C3)n2)cc1/C=C/c1cccc(Cl)c1,6.2,1
CHEMBL6153001,Cc1cc(C(=O)Nc2cnn(C3CCNCC3)c2)cc(-n2cc(NC(=O)Nc3cccc4ccccc34)cn2)c1.Cl,7.54,1
CHEMBL6161393,Cl.O=C(Nc1cnn(-c2cccc(C(=O)Nc3cnn(C4CCNCC4)c3)c2)c1)NC1CCCC1,4.89,1
CHEMBL6161829,C=CC(=O)Nc1ccc(C(=O)Nc2cccc(-n3cc(NC(=O)Nc4cccc5ccccc45)cn3)c2)cc1,5.72,1
CHEMBL6161875,O=C(Nc1cnn(-c2cccc(NCC3CC3)c2)c1)Nc1cccc2ccccc12,6.13,1
CHEMBL6161903,Cl.O=C(Nc1cnn(-c2cccc(C(=O)Nc3cnn(C4CCNCC4)c3)c2)c1)Nc1cccc2ccccc12,8.22,1
CHEMBL6161966,O=C(Nc1cnn(-c2cccc(C(=O)NCC3CCCO3)c2)c1)Nc1cccc2ccccc12,6.61,1
CHEMBL6162508,O=C(Nc1cnn(-c2cccc(NS(=O)(=O)C3CC3)c2)c1)Nc1cccc2ccccc12,6.47,1
CHEMBL6163461,Cc1ccc(-n2cc(NC(=O)Nc3cccc4ccccc34)cn2)cc1C(=O)NC1CC1,7.19,1
CHEMBL6163563,C=CCNC(=O)c1cccc(-n2cc(NC(=O)Nc3cccc4ccccc34)cn2)c1,6.8,1
CHEMBL6163770,O=C(Nc1cnn(-c2cccc(C(=O)NC3CC3)c2)c1)Nc1cccc2ccccc12,7.35,1
CHEMBL6163879,CCOC(=O)c1nn(-c2ccnc(Nc3ccc(N4CCC(N(C)C)CC4)cc3)n2)cc1/C=C/c1cccc(Br)c1,5.08,1
CHEMBL6164249,CNC(=O)c1cccc(-n2cc(NC(=O)Nc3cccc4ccccc34)cn2)c1,7.27,1
CHEMBL6164307,O=C(Nc1cnn(-c2cccc(C(=O)O)c2)c1)Nc1cccc2ccccc12,6.4,1
CHEMBL6164740,NC(=O)c1nn(-c2ccnc(N[C@@H]3CCN(C(=O)C4CC4)C3)n2)cc1/C=C/c1ccccc1,6.64,1
CHEMBL6164886,Cc1cccc(NC(=O)Nc2cnn(-c3cccc(C(=O)Nc4cnn(C5CCNCC5)c4)c3)c2)c1C.Cl,8.05,1
CHEMBL6164909,O=C(Nc1cnn(-c2cccc(C(=O)NCC3CCOC3)c2)c1)Nc1cccc2ccccc12,6.93,1
CHEMBL6164926,O=C(Nc1cnn(-c2ccncc2)c1)Nc1cccc2ccccc12,6.48,1
CHEMBL6165061,O=C(Nc1cnn(-c2ccccc2)c1)Nc1cccc2ccccc12,6.63,1
CHEMBL6165584,Cl.O=C(Nc1cnn(-c2cccc(C(=O)NC3CCNC3)c2)c1)Nc1cccc2ccccc12,7.5,1
CHEMBL6165786,NC(=O)c1ccccc1Nc1nc(Nc2ccc(C(=O)N3CC4CC3CO4)cc2)ncc1Br,8.89,1
CHEMBL6165993,NC(=O)c1nn(-c2ccnc(N[C@@H]3CCCN(C(=O)C4CC4)C3)n2)cc1/C=C/c1ccccc1,7.21,1
CHEMBL6166577,CNC(=O)c1ccc(-n2cc(NC(=O)Nc3cccc4ccccc34)cn2)cc1,6.08,1
CHEMBL6166745,Cl.O=C(Nc1cnn(-c2cccc(C(=O)NC3CCNCC3)c2)c1)Nc1cccc2ccccc12,7.21,1
CHEMBL6166814,C=C(C)CNC(=O)c1cccc(-n2cc(NC(=O)Nc3cccc4ccccc34)cn2)c1,6.13,1
CHEMBL6167279,CCC(=O)Nc1ccc(C(=O)Nc2cccc(-n3cc(NC(=O)Nc4cccc5ccccc45)cn3)c2)cc1,5.11,1
CHEMBL6167363,C=CC(=O)Nc1cc(C(=O)N2CCN(C(=O)c3ccc(CNc4n[nH]c5cccc(Cl)c45)cc3)CC2)ccc1Cl,8.22,1
CHEMBL6167401,C=CC(=O)Nc1cccc(C(=O)Nc2cccc(-n3cc(NC(=O)Nc4cccc5ccccc45)cn3)c2)c1,6.5600000000000005,2
CHEMBL6167457,CN(C)C1CCN(c2ccc(Nc3nccc(-n4cc(/C=C/c5ccccc5)c(C(N)=O)n4)n3)cc2)CC1,7.02,1
CHEMBL6168424,CCOC(=O)c1nn(-c2ccnc(N[C@H]3CCN(C(=O)C4CC4)C3)n2)cc1/C=C/c1ccccc1,5.03,1
CHEMBL6169172,COc1cc(N2CCN(C)CC2)ccc1Nc1nccc(-n2cc(/C=C/c3cccc(Br)c3)c(C(N)=O)n2)n1,6.68,1
CHEMBL6169324,CC(C)NC(=O)c1cccc(-n2cc(NC(=O)Nc3cccc4ccccc34)cn2)c1,6.45,1
CHEMBL6169990,NC(=O)c1nn(-c2ccnc(N[C@H]3CCCN(C(=O)C4CC4)C3)n2)cc1/C=C/c1ccccc1,7.92,2
CHEMBL6170392,O=C(Nc1cnn(-c2ccc(C(=O)NC3CC3)cc2)c1)Nc1cccc2ccccc12,5.53,1
CHEMBL6170712,O=C(Nc1cnn(-c2cccc(NCc3ccncc3)c2)c1)Nc1cccc2ccccc12,6.45,1
CHEMBL6171292,Cl.O=C(Nc1ccccc1)Nc1cnn(-c2cccc(C(=O)Nc3cnn(C4CCNCC4)c3)c2)c1,7.42,1
CHEMBL6171335,NC(=O)c1cccc(-n2cc(NC(=O)Nc3cccc4ccccc34)cn2)c1,6.65,1
CHEMBL6171384,O=C(Nc1cnn(-c2cccc(NC(=O)c3cc[nH]c3)c2)c1)Nc1cccc2ccccc12,7.28,1
CHEMBL6171595,CCNC(=O)c1cccc(-n2cc(NC(=O)Nc3cccc4ccccc34)cn2)c1,6.73,1
CHEMBL6171842,COc1ccccc1Nc1nccc(-n2cc(/C=C/c3ccccc3)c(C(N)=O)n2)n1,5.41,1
CHEMBL6172059,CCC(CC)NC(=O)c1cccc(-n2cc(NC(=O)Nc3cccc4ccccc34)cn2)c1,6.21,1
CHEMBL6172315,CNC(=O)c1ccnc(-n2cc(NC(=O)Nc3cccc4ccccc34)cn2)c1,6.2,1
CHEMBL6172373,Cl.O=C(Nc1cnn(-c2cccc(C(=O)Nc3cnn(C4CCNCC4)c3)c2)c1)Nc1ccccc1C(F)(F)F,6.57,1
CHEMBL6172406,Cc1ccc(-n2cc(NC(=O)Nc3cccc4ccccc34)cn2)cc1C(=O)Nc1cnn(C2CCNCC2)c1.Cl,8.22,1
CHEMBL6172610,CCOC(=O)c1nn(-c2ccnc(N[C@H]3CCCN(C(=O)N(C)C)C3)n2)cc1/C=C/c1ccccc1,5.73,1
CHEMBL6172943,C#CCNC(=O)c1cccc(-n2cc(NC(=O)Nc3cccc4ccccc34)cn2)c1,7.19,1
CHEMBL6173082,CNC(=O)c1cccc(-n2cc(NC(=O)Nc3cccc4ccccc34)cn2)n1,6.16,1
CHEMBL6173295,CN(C)C(=O)c1cccc(-n2cc(NC(=O)Nc3cccc4ccccc34)cn2)c1,5.47,1
CHEMBL6174905,CC(=O)Nc1cccc(-n2cc(NC(=O)Nc3cccc4ccccc34)cn2)c1,6.57,1
CHEMBL6174944,O=C(Nc1cnn(-c2ccccn2)c1)Nc1cccc2ccccc12,6.66,1
CHEMBL6175242,CCOC(=O)c1nn(-c2ccnc(N[C@@H]3CCN(C(=O)C4CC4)C3)n2)cc1/C=C/c1ccccc1,5.22,1
CHEMBL6175416,CN1CCN(c2cccc(Nc3nccc(-n4cc(/C=C/c5cccc(Br)c5)c(C(N)=O)n4)n3)c2)CC1,5.51,1
CHEMBL6175589,CN1CCN(c2cccc(Nc3nccc(-n4cc(/C=C/c5ccccc5)c(C(N)=O)n4)n3)c2)CC1,6.8,1
CHEMBL6175779,CN(C)C(=O)N1CCC[C@H](Nc2nccc(-n3cc(/C=C/c4ccccc4)c(C(N)=O)n3)n2)C1,7.72,1
CHEMBL6176033,N#CCc1cc(-c2ccc(Cl)c(Cl)c2)n(-c2ccnc(N[C@H]3CCN(C(=O)C4CC4)C3)n2)n1,6.64,1
CHEMBL6177069,Cc1cc(NC(=O)c2cccc(NC(=O)/C=C\CN(C)C)c2)ccc1Nc1nccc(-c2cccnc2)n1,9.0,1
CHEMBL6177085,NC(=O)c1nn(-c2ccnc(N[C@H]3CCN(C(=O)C4CC4)C3)n2)cc1/C=C/c1ccccc1,6.77,1
CHEMBL6177556,COc1ccc(Nc2ncc(Br)c(Nc3ccc(OCCN(C)C)cc3C(N)=O)n2)cc1,8.05,1
CHEMBL69151,c1csc(-c2cnc3ccccc3n2)c1,4.47,1
CHEMBL7064,O=C1c2ccccc2-c2n[nH]c3cccc1c23,7.0488888888888885,9
