molecule_chembl_id,canonical_smiles,pAct_JNK1,pAct_JNK2,pAct_JNK3,n_isoforms,delta_12,delta_13,delta_min,sel_class
CHEMBL101035,Cc1ccc(-n2nc(C(C)(C)C)cc2NC(=O)Nc2ccc(OCCN3CCOCC3)cc2)cc1,,5.325,,1,,,,unknown
CHEMBL103667,Cc1ccc(-n2nc(C(C)(C)C)cc2NC(=O)Nc2ccc(OCCN3CCOCC3)c3ccccc23)cc1,,7.195,,1,,,,unknown
CHEMBL1189513,O=C1OC(CN2CCOCC2)CN1/N=C/c1ccc([N+](=O)[O-])o1,,4.87,,1,,,,unknown
CHEMBL1233748,COc1cc(NC(=O)c2cccc(-n3ncc4cc(Nc5ccccc5F)ccc43)c2)cc(OC)c1OC,,,8.05,1,,,,unknown
CHEMBL1233749,C#CCN1CCN(c2c(Cl)cccc2NC(=O)c2ccc(Br)o2)CC1,,,6.8,1,,,,unknown
CHEMBL1287858,COC(=O)c1ccccc1NC(=O)Cc1cccc2ccccc12,,4.88,5.77,2,,,,unknown
CHEMBL1287859,COC(=O)c1cscc1NC(=O)Cc1cccc2ccccc12,,5.0,6.05,2,,,,unknown
CHEMBL1287886,COC(=O)c1n[nH]cc1NC(=O)Cc1cccc2ccccc12,,4.57,5.27,2,,,,unknown
CHEMBL1287887,COC(=O)c1cnccc1NC(=O)Cc1cccc2ccccc12,,4.63,5.19,2,,,,unknown
CHEMBL1287888,O=C(Cc1cccc2ccccc12)Nc1ccsc1-c1nnco1,5.3,4.57,5.29,3,0.7299999999999995,0.009999999999999787,0.009999999999999787,non-selective
CHEMBL1287914,O=C(Cc1cccc2ccccc12)Nc1ccsc1-n1ccnc1,,,5.175,1,,,,unknown
CHEMBL1287915,O=C(Cc1cccc2ccccc12)Nc1ccsc1-c1cc[nH]n1,5.3,,5.37,2,,-0.07000000000000028,-0.07000000000000028,non-selective
CHEMBL1287916,O=C(Cc1cccc2ccccc12)Nc1ccsc1-c1nc[nH]n1,5.3,5.41,5.67,3,-0.11000000000000032,-0.3700000000000001,-0.3700000000000001,non-selective
CHEMBL1287944,Cc1nnc(-c2sccc2NC(=O)Cc2cccc3ccccc23)o1,5.3,4.79,5.49,3,0.5099999999999998,-0.1900000000000004,-0.1900000000000004,non-selective
CHEMBL1287945,Cn1ccc(-c2sccc2NC(=O)Cc2cccc3ccccc23)n1,,,4.37,1,,,,unknown
CHEMBL1287974,Cc1nc(-c2sccc2NC(=O)Cc2cccc3ccccc23)n[nH]1,5.3,5.46,5.779999999999999,3,-0.16000000000000014,-0.47999999999999954,-0.47999999999999954,non-selective
CHEMBL1287975,Cc1nc(-c2sccc2NC(=O)Cc2cccc3ccccc23)n(C)n1,,,4.5,1,,,,unknown
CHEMBL1288004,Cc1cc(-c2sccc2NC(=O)Cc2cccc3ccccc23)n[nH]1,5.3,5.82,5.165,3,-0.5200000000000005,0.1349999999999998,-0.5200000000000005,non-selective
CHEMBL1288005,COc1ccc(CC(=O)Nc2ccsc2-n2cncn2)cc1,,,4.34,1,,,,unknown
CHEMBL1288006,COc1ccc(CC(=O)Nc2ccsc2-n2nccn2)cc1,5.3,5.3,5.5600000000000005,3,0.0,-0.2600000000000007,-0.2600000000000007,non-selective
CHEMBL1288037,COc1ccc(CC(=O)Nc2ccsc2N2CCOC2=O)cc1,,,4.43,1,,,,unknown
CHEMBL1288038,COc1ccc(CC(=O)Nc2ccsc2-c2n[nH]c(C(F)(F)F)n2)cc1,5.3,4.82,5.265000000000001,3,0.47999999999999954,0.034999999999999254,0.034999999999999254,non-selective
CHEMBL1288039,COc1ccc(CC(=O)Nc2ccsc2-c2n[nH]c(N)n2)cc1,5.3,5.18,5.55,3,0.1200000000000001,-0.25,-0.25,non-selective
CHEMBL1288067,COc1ccc(CC(=O)Nc2ccsc2-c2cn(C)cn2)cc1,,,4.51,1,,,,unknown
CHEMBL1288068,COc1ccc(CC(=O)Nc2ccsc2-c2ncco2)cc1,5.3,4.92,5.699999999999999,3,0.3799999999999999,-0.39999999999999947,-0.39999999999999947,non-selective
CHEMBL1288069,COc1ccc(CC(=O)Nc2ccsc2-c2c[nH]c(C)n2)cc1,,,4.57,1,,,,unknown
CHEMBL1288098,COc1ccc(CC(=O)Nc2ccsc2-c2cnccn2)cc1,5.3,5.27,5.5600000000000005,3,0.03000000000000025,-0.2600000000000007,-0.2600000000000007,non-selective
CHEMBL1288099,O=C(Cc1cccc2ncccc12)Nc1ccsc1-c1nnc[nH]1,5.3,5.725,5.775,3,-0.4249999999999998,-0.47500000000000053,-0.47500000000000053,non-selective
CHEMBL1288100,O=C(Cc1cccc2cnccc12)Nc1ccsc1-c1cscn1,5.3,,,1,,,,non-selective
CHEMBL1288127,COC(=O)c1ncsc1NC(=O)Cc1cccc2cnccc12,,5.28,5.8,2,,,,unknown
CHEMBL1288128,O=C(Cc1cccc2cnccc12)Nc1scnc1-c1nc[nH]n1,5.3,5.4399999999999995,5.695,3,-0.13999999999999968,-0.39500000000000046,-0.39500000000000046,non-selective
CHEMBL1288129,Cn1ncnc1-c1ncsc1NC(=O)Cc1cccc2cnccc12,5.3,5.21,5.55,3,0.08999999999999986,-0.25,-0.25,non-selective
CHEMBL1288156,COC(=O)c1sccc1NC(=O)Cc1ccc(OC)cc1,,4.85,6.0,2,,,,unknown
CHEMBL1288157,COC(=O)c1sccc1NC(=O)Cc1ccc(-c2ccncc2)cc1,,,6.16,1,,,,unknown
CHEMBL1288158,COC(=O)c1sccc1NC(=O)Cc1ccc(-n2ccnc2)cc1,,,5.8,1,,,,unknown
CHEMBL1288159,O=C(Cc1cccc2cnccc12)Nc1scnc1-c1cnccn1,5.3,5.5,,2,-0.20000000000000018,,-0.20000000000000018,non-selective
CHEMBL1288160,O=C(Cc1cccc2cnccc12)Nc1scnc1-c1cscn1,,,7.11,1,,,,unknown
CHEMBL1288186,COC(=O)c1sccc1NC(=O)Cc1ccc(C(F)(F)F)cc1,,,5.16,1,,,,unknown
CHEMBL1288187,COC(=O)c1sccc1NC(=O)Cc1ccc2ccccc2c1,,,5.41,1,,,,unknown
CHEMBL1288188,COC(=O)c1sccc1NC(=O)Cc1cccc2ccccc12,,4.84,5.82,2,,,,unknown
CHEMBL1288214,COC(=O)c1sccc1NC(=O)Cc1ccccc1-c1c[nH]nn1,,4.46,4.9,2,,,,unknown
CHEMBL1288215,COC(=O)c1sccc1NC(=O)Cc1cccc2cnccc12,,5.51,6.21,2,,,,unknown
CHEMBL1288216,COC(=O)c1sccc1NC(=O)Cc1cccc2ncccc12,,5.52,6.21,2,,,,unknown
CHEMBL1288243,CC(C)OC(=O)c1sccc1NC(=O)Cc1ccccc1,,4.32,5.85,2,,,,unknown
CHEMBL1288244,COCCNC(=O)c1sccc1NC(=O)Cc1ccccc1,,,5.42,1,,,,unknown
CHEMBL1288895,COC(=O)c1sccc1NC(=O)Cc1cccs1,,4.654999999999999,5.66,2,,,,unknown
CHEMBL1288930,COC(=O)c1sccc1NC(=O)Cc1ccccc1,,4.64,5.57,2,,,,unknown
CHEMBL1288931,COC(=O)c1sccc1NC(=O)Cc1ccncc1,,,4.76,1,,,,unknown
CHEMBL1288932,CC(=O)c1sccc1NC(=O)Cc1ccccc1,,,4.77,1,,,,unknown
CHEMBL1288964,C/C(=N/O)c1sccc1NC(=O)Cc1ccccc1,,,4.54,1,,,,unknown
CHEMBL1288966,CCOC(=O)c1sccc1NC(=O)Cc1ccccc1,,4.33,6.16,2,,,,unknown
CHEMBL1288993,NC(=O)c1sccc1NC(=O)Cc1ccccc1,,,5.36,1,,,,unknown
CHEMBL1301287,O=C1C(c2ccncc2)=C(O)c2ccccc21,,,5.17,1,,,,unknown
CHEMBL1301494,CCOC(=O)CCC(NC(=O)c1ccc(NCN2C(=O)c3ccccc3C2=O)cc1)C(=O)OCC,,,4.88,1,,,,unknown
CHEMBL1303401,O=C(c1ccc(Cn2c(=O)[nH]c3ccccc3c2=O)cc1)N1CCN(c2ccc(F)cc2)CC1,,,5.08,1,,,,unknown
CHEMBL1304910,COc1cccc(C2=NOC(C(=O)NC3CCCCC3)C2)c1,,,4.46,1,,,,unknown
CHEMBL1306899,Cn1c(C(=O)NCc2ccco2)cc2c(O)nc3ccccc3c21,,,4.5,1,,,,unknown
CHEMBL1307032,CCn1cc(C2=NOC(C(=O)Nc3ccccc3C(=O)OC)C2)c(C)n1,,,5.72,1,,,,unknown
CHEMBL1307136,COc1ccc(CC(=O)Nc2nc3ccccc3s2)cc1S(=O)(=O)N1CCOCC1,,,4.61,1,,,,unknown
CHEMBL1307610,COC(=O)c1ccccc1NC(=O)C1CC(c2ccccc2O)=NO1,,,4.47,1,,,,unknown
CHEMBL1307730,NC(=O)c1ccsc1NC(=O)c1ccc(S(=O)(=O)N2CCCCC2)cc1,,,5.05,1,,,,unknown
CHEMBL1308000,C=C(C)COc1ccc(-c2nc(N)ncc2-c2ccc(OC)cc2)c(O)c1,,,4.53,1,,,,unknown
CHEMBL1309187,COc1cccc(C2=NOC(C(=O)Nc3cccc(C(C)=O)c3)C2)c1,,,4.89,1,,,,unknown
CHEMBL1310505,COC(=O)c1cc(Br)c(=O)n(Cc2ccncc2)c1,,,4.18,1,,,,unknown
CHEMBL1313961,COc1ccc(OC)c(Nc2nc(N)nc(-c3cc4ccccc4o3)n2)c1,,,4.32,1,,,,unknown
CHEMBL1319281,O=C(NCc1ccccn1)c1[nH]nc2ccccc12,,,4.55,1,,,,unknown
CHEMBL1320813,O=C(Cn1cnc2ccccc2c1=O)Nc1ccc(-c2nnc3n2CCCCC3)cc1,,,4.53,1,,,,unknown
CHEMBL1323269,O=C1CCCc2nn(-c3ccccc3)c(-c3ccncc3)c21,,,4.37,1,,,,unknown
CHEMBL1324221,C=CCn1c(SCC(=O)Nc2sccc2C(N)=O)nc2sc(C)c(C)c2c1=O,,,5.1,1,,,,unknown
CHEMBL1325688,CC(=O)Nc1ccc(S(=O)(=O)N2CCC(n3cnc4cc(F)ccc43)CC2)cc1,,,4.49,1,,,,unknown
CHEMBL1325960,COC(=O)c1ccsc1NC(=O)C1=COCCO1,,,5.04,1,,,,unknown
CHEMBL1327038,COc1ccc(-c2cnc(N)nc2-c2ccc(OC)cc2O)cc1,,,4.7,1,,,,unknown
CHEMBL1329293,CCOc1ncccc1C(=O)Nc1cccc(C(=O)Nc2cccc(S(=O)(=O)CCO)c2)c1,,,5.25,1,,,,unknown
CHEMBL1329408,Nc1nc(-c2ccccc2)cc(-c2ccccc2O)n1,,,4.39,1,,,,unknown
CHEMBL1333047,O=C1c2ccccc2C(=O)C1c1ccncc1,,,4.74,1,,,,unknown
CHEMBL1336298,C/C(Nc1cccc(F)c1)=C(/C#N)C(N)=O,,,4.98,1,,,,unknown
CHEMBL1336927,Brc1ccc(-c2nn3c(-c4ccco4)nnc3s2)o1,,,4.24,1,,,,unknown
CHEMBL1337188,COC(=O)c1ccccc1NC(=O)COc1ccccc1,,,4.54,1,,,,unknown
CHEMBL1337299,NC(=O)c1c(NC(=O)Cc2cccs2)sc2c1CCC2,,,4.55,1,,,,unknown
CHEMBL1337355,O=C(CCCn1c(=S)[nH]c2ccccc2c1=O)NCc1ccco1,,,4.31,1,,,,unknown
CHEMBL1337775,Brc1ccc2nc3c(n2c1)CCCC3,,,4.86,1,,,,unknown
CHEMBL1339933,CCN(CC)S(=O)(=O)c1ccc2[nH]c(COC(=O)c3[nH]nc4ccccc34)nc2c1,,,6.4,1,,,,unknown
CHEMBL1342633,COc1cccc(NC(=O)CCCn2c(=O)[nH]c3ccccc3c2=O)c1,,,4.32,1,,,,unknown
CHEMBL1343539,Cc1ccc(NC(=O)CCCCCC2NC(=O)NC2C)cc1,,,5.74,1,,,,unknown
CHEMBL1343750,COc1cccc2c(O)c(C(=O)NCc3cccs3)cnc12,,,4.72,1,,,,unknown
CHEMBL1344527,CC(Sc1ccc2ccccc2n1)C(=O)O,,,5.31,1,,,,unknown
CHEMBL1345273,NC(=O)c1cc(Cc2ccccc2)sc1NC(=O)c1ccco1,,,5.34,1,,,,unknown
CHEMBL1345738,COC(=O)c1cc(Br)c(=O)n(Cc2ccc(C(=O)O)cc2)c1,,,4.55,1,,,,unknown
CHEMBL1345922,NC(=O)c1ccsc1NC(=O)C1CCCCC1,,,4.59,1,,,,unknown
CHEMBL1347258,Cc1ccc(S(=O)(=O)NCCCCCC(=O)Nc2nccs2)cc1,,,4.34,1,,,,unknown
CHEMBL1349023,Cc1oc2ccc(OCC(N)=O)cc2c1C(=O)OC(C)C,,,4.35,1,,,,unknown
CHEMBL1349172,N#Cc1c(N)nc(SCc2ccncc2)c(C#N)c1-c1cccs1,,,4.26,1,,,,unknown
CHEMBL1349350,NC(=O)c1ccsc1NC(=O)CSc1nc2ccccc2c(=O)n1CCCO,,,5.14,1,,,,unknown
CHEMBL1349875,COc1cccc(C2=NOC(C(=O)Nc3cccnc3)C2)c1,,,4.9,1,,,,unknown
CHEMBL1351746,CCc1cc(=O)oc2cc(C)cc(O)c12,,,4.49,1,,,,unknown
CHEMBL1352869,CCn1ncc(C2=NOC(C(=O)Nc3ccccc3C(=O)OC)C2)c1C,,,5.74,1,,,,unknown
CHEMBL1358988,CCOC(=O)c1ccccc1NC(=O)CN(c1ccccc1)S(=O)(=O)N(C)C,,,4.31,1,,,,unknown
CHEMBL1359573,Cc1cccc(-n2ncc3c(NCc4cccs4)ncnc32)c1,,,4.14,1,,,,unknown
CHEMBL1359999,O=C(Nc1ccccc1N1CCCC1)c1ccc(Br)o1,,,4.19,1,,,,unknown
CHEMBL1360489,O=C(C1CCC(Cn2c(=S)[nH]c3ccccc3c2=O)CC1)N1CCN(c2ccccc2)CC1,,,6.03,1,,,,unknown
CHEMBL1360631,COc1ccc(COC(=O)c2[nH]nc3ccccc23)cc1F,,,4.94,1,,,,unknown
CHEMBL1362814,CCCc1nc(SCC(=O)Nc2cc(C)on2)c2ccccc2n1,,,4.08,1,,,,unknown
CHEMBL1365941,Cc1ccccc1-n1nc(C)c2cc(C(=O)NCc3cccnc3)sc21,,,4.97,1,,,,unknown
CHEMBL1367073,COc1cc(NC(=O)C2CC(c3cccc(OC)c3OC)=NO2)cc(OC)c1OC,,,5.38,1,,,,unknown
CHEMBL1367188,CCOC(=O)c1cnc2ccc(Cl)cc2c1N1CCN(C)CC1,,,4.59,1,,,,unknown
CHEMBL1368821,c1ccc(Nc2ccccc2Nc2ccccn2)nc1,,,4.73,1,,,,unknown
CHEMBL1369507,NC(=O)c1ccsc1NC(=O)c1ccco1,,,4.98,1,,,,unknown
CHEMBL1370293,CN1C=CC(=C2C(=O)c3ccccc3C2=O)C=C1,,,4.54,1,,,,unknown
CHEMBL1370575,COc1cc(C(=O)NCc2cn3ccsc3n2)cc(OC)c1OC,,,4.28,1,,,,unknown
CHEMBL1370652,O=C(CNC(=O)c1ccc(Br)o1)Nc1cccc(-c2cnc3ccccc3n2)c1,,,4.38,1,,,,unknown
CHEMBL1371099,Cc1ccc(Nc2cc(-n3nc(C)cc3C)ncn2)cc1,,,4.87,1,,,,unknown
CHEMBL1371386,c1ccc(-n2ncc3c(NCc4ccco4)ncnc32)cc1,,,4.21,1,,,,unknown
CHEMBL1372085,O=Nc1c2[nH]c3ccccc3[n+]([O-])c-2c2ccccc12,,,5.47,1,,,,unknown
CHEMBL1372214,Cc1cc(C)n(-c2ccc(C(=O)Nc3sccc3C(N)=O)cc2)n1,,,4.35,1,,,,unknown
CHEMBL1372854,Cc1nn(C)cc1CNC(=O)c1cnn2c(C(F)F)cc(C3CC3)nc12,,,4.57,1,,,,unknown
CHEMBL1372889,CCCN1C=CC(=C2C(=O)c3ccccc3C2=O)C=C1,,,5.01,1,,,,unknown
CHEMBL1372916,O=C(NCc1nc2cc(Br)c[nH]c-2n1)c1ccccc1,,,4.42,1,,,,unknown
CHEMBL1374054,COc1ccc(Cl)cc1-c1nnc(S)o1,,,4.79,1,,,,unknown
CHEMBL1374204,Cc1ccc(C(=O)C2=C(O)C(=O)N(CCCn3ccnc3)C2c2ccc(OC(C)C)cc2)o1,,,4.43,1,,,,unknown
CHEMBL1374352,CN(c1ccc(C(=O)Nc2nccs2)cc1)S(=O)(=O)c1ccccc1,,,4.33,1,,,,unknown
CHEMBL1375423,CCOc1ccc(C(C)=O)cc1Cn1nc(C(=O)O)c2ccccc2c1=O,,,4.45,1,,,,unknown
CHEMBL1377245,O=C(NCc1cccnc1)c1cccc2c1C(=O)N(C1CCCCC1)C2,,,4.56,1,,,,unknown
CHEMBL1377449,Cc1nc(NCc2ccco2)c(C#N)c2c1COC(C)(C)C2,,,4.43,1,,,,unknown
CHEMBL1379677,O=C1c2ccccc2-c2onc3ccc(NCCCn4ccnc4)c1c23,,,4.65,1,,,,unknown
CHEMBL1379970,CCN1C=CC(=C2C(=O)c3ccccc3C2=O)C=C1,,,4.36,1,,,,unknown
CHEMBL1381330,N#Cc1ccc(NC(=O)C2CC(c3ccc(F)cc3)=NO2)cc1,,,5.1,1,,,,unknown
CHEMBL1382723,c1ccc2[nH]c3c4ccccc4nc-3nc2c1,,,4.86,1,,,,unknown
CHEMBL1384896,Cc1ccccc1-n1c(SCc2cc(=O)n3ccccc3n2)nc2nncc-2c1O,,,4.38,1,,,,unknown
CHEMBL1386265,O=C(Nc1ccccc1N1CCOCC1)c1ccc(Br)o1,,,5.2,1,,,,unknown
CHEMBL1391112,CC(C)n1nc(C(=O)OCC(=O)N(C)C2CCS(=O)(=O)C2)c2ccccc2c1=O,,,4.45,1,,,,unknown
CHEMBL1391385,CC1NC(=O)NC1CCCCCC(=O)NCCc1ccccc1,,,5.2,1,,,,unknown
CHEMBL1392612,O=C(CCn1cnc2ccccc2c1=O)Nc1ccc(S(=O)(=O)N2CCCCC2)cc1,,,4.42,1,,,,unknown
CHEMBL1392784,COc1ccc(CN/C(C)=C(/C#N)C(N)=O)cc1OC,,,5.08,1,,,,unknown
CHEMBL1392879,CCOC(=O)CSc1nc2c(sc3ccccc32)c(=O)n1CCCN1CCOCC1,,,4.4,1,,,,unknown
CHEMBL1399107,COc1cccc2c(O)c(C/C=C(/C)Cl)c(C)nc12,,,4.12,1,,,,unknown
CHEMBL1400863,COC(=O)c1ccccc1NC(=O)CN1CCN(C(=O)c2ccco2)CC1,,,4.46,1,,,,unknown
CHEMBL1401280,c1ccc(CNc2ncnc3c2cnn3-c2ccccc2)cc1,,,4.12,1,,,,unknown
CHEMBL1401485,O=C(Nc1nncs1)c1ccc(N2C(=O)C3C4C=CC(C4)C3C2=O)cc1,,,4.2,1,,,,unknown
CHEMBL1403868,CCCC(=O)Nc1cc(C)c2c(=O)oc3ccccc3c2n1,,,4.26,1,,,,unknown
CHEMBL1412291,O=C(c1ccc(Cn2c(=O)[nH]c3ccccc3c2=O)cc1)N1CCN(c2ccc(Cl)cc2)CC1,,,4.06,1,,,,unknown
CHEMBL1413946,N#CCCSc1ncnc2c1oc1ccccc12,,,4.56,1,,,,unknown
CHEMBL1414184,COC(=O)c1sccc1NC(=O)c1csc(C)c1,,,4.41,1,,,,unknown
CHEMBL1414492,COC(=O)c1ccccc1NC(=O)c1ccc(NS(C)(=O)=O)cc1,,,4.26,1,,,,unknown
CHEMBL1414671,COc1ccc2c(Cl)c(C(N)=O)sc2c1,,,4.17,1,,,,unknown
CHEMBL1416028,CCOc1ccc(CC(=O)Nc2c(C(N)=O)oc3ccccc23)cc1OCC,,,5.37,1,,,,unknown
CHEMBL1416641,CCOc1cc(C2NC(=O)NC(C)=C2C(=O)OCc2ccccc2)ccc1O,,,4.46,1,,,,unknown
CHEMBL1417364,CCCCC(=O)Nc1cccc(NC(=O)c2ccc(Br)o2)c1,,,4.42,1,,,,unknown
CHEMBL1418336,COC(=O)c1ccccc1NC(=O)CSc1nc(N)cc(N)n1,,,4.93,1,,,,unknown
CHEMBL1419933,CN1CCN(c2ccccc2NC(=O)c2ccc(Br)o2)CC1,,,4.99,1,,,,unknown
CHEMBL1420552,CCN1CCN(c2c(Cl)cccc2NC(=O)c2ccc(Br)o2)CC1,,,5.890000000000001,1,,,,unknown
CHEMBL1420829,Cc1ccnc(NC(=O)CCCOc2cc(=O)n(C)c3ccccc23)c1,,,4.21,1,,,,unknown
CHEMBL1421889,O=S(=O)(c1ccc2c(c1)OCCO2)N1CCC(n2cnc3cc(F)ccc32)CC1,,,4.31,1,,,,unknown
CHEMBL1423096,Clc1ccc2[nH]c3c(c2c1)CCc1c[nH]nc1-3,,,5.67,1,,,,unknown
CHEMBL1423507,O=C(CCCCCn1c(SCc2ccncc2)nc2ccccc2c1=O)NCc1ccco1,,,4.14,1,,,,unknown
CHEMBL1423779,CCOc1ccc(-c2nc(N)ncc2-c2ccccc2)c(O)c1,,,4.9,1,,,,unknown
CHEMBL1425417,CNC(=O)c1[nH]cnc1C(=O)Nc1cccc(OC)c1,,,4.3,1,,,,unknown
CHEMBL1426468,COC(=O)c1sccc1NC(=O)c1ccc(OC)cc1,,,4.57,1,,,,unknown
CHEMBL1427588,NC(=O)c1c(NC(=O)C2CCCO2)sc2c1CCC2,,,4.37,1,,,,unknown
CHEMBL1428011,CC1=C(C(=O)OC2CCCCCCC2)C(c2ccc(O)cc2)NC(=O)N1,,,4.38,1,,,,unknown
CHEMBL1428357,COc1ccc(C2=NOC(C(=O)Nc3ccc(C(C)=O)cc3)C2)cc1OC,,,4.49,1,,,,unknown
CHEMBL1429270,COC(=O)c1ccccc1NC(=O)CN1CCC(NC(=O)c2ccccc2C)CC1,,,5.38,1,,,,unknown
CHEMBL1429633,COc1cccc(OCC(=O)Nc2ccccc2C(N)=O)c1,,,4.26,1,,,,unknown
CHEMBL1429706,Cc1cc(NC(=O)CSC2=Nc3ccccc3C3=NC(Cc4ccccc4)C(=O)N23)[nH]n1,,,4.95,1,,,,unknown
CHEMBL1432163,COc1ccc(C(C)=O)cc1COC(=O)c1cc(C)oc1C,,,4.21,1,,,,unknown
CHEMBL1432472,CCOC(=O)c1c(C)nsc1S,,,4.51,1,,,,unknown
CHEMBL1439313,CC(=O)Nc1cccc(-c2nc3ccccc3c(=O)o2)c1,,,4.38,1,,,,unknown
CHEMBL1439904,N#Cc1c(O)nc(SCC(=O)Nc2cccc(Cl)c2)nc1-c1ccco1,,,4.53,1,,,,unknown
CHEMBL1440703,CC(=O)Nc1cc(OC(C)=O)c2nonc2c1OC(C)=O,,,4.33,1,,,,unknown
CHEMBL1445111,O=C(C1CCC(Cn2c(=O)[nH]c3ccccc3c2=O)CC1)N1CCN(c2ccccc2)CC1,,,6.3,1,,,,unknown
CHEMBL1446875,CC1=CC(=C2C(=O)c3ccccc3C2=O)C=C(C)N1C,,,4.38,1,,,,unknown
CHEMBL1447733,Fc1cccc(Nc2cc(-n3cccn3)ncn2)c1,,,5.16,1,,,,unknown
CHEMBL1449655,c1ccc(-n2nc3ccc4c[nH]nc4c3n2)cc1,,,4.37,1,,,,unknown
CHEMBL1451996,O=C(C1CCC(Cn2c(=S)[nH]c3ccccc3c2=O)CC1)N1CCOCC1,,,4.78,1,,,,unknown
CHEMBL1452914,COC(=O)c1ccccc1NC(=O)CN1CCC(C(=O)c2ccc3c(c2)OCCO3)CC1,,,4.62,1,,,,unknown
CHEMBL1454081,O=c1c2ccccc2[nH]c(=S)n1Cc1cccnc1,,,4.62,1,,,,unknown
CHEMBL1454264,O=C1NC(=O)c2c(NC(=O)C3CCCO3)cccc21,,,4.25,1,,,,unknown
CHEMBL1454594,COC(=O)c1ccsc1NC(=O)C1COc2ccccc2O1,,,4.57,1,,,,unknown
CHEMBL1454635,NC(=O)c1ccsc1NC(=O)C1CC1,,,4.48,1,,,,unknown
CHEMBL1454779,O=C(CCCCCn1c(SCC(=O)c2ccccc2)nc2ccccc2c1=O)NCc1ccco1,,,4.41,1,,,,unknown
CHEMBL1455269,CCOC(=O)c1ccccc1NC(=O)COc1ccccc1,,,4.53,1,,,,unknown
CHEMBL1455874,CCOC(=O)c1c(-c2ccc(OC)cc2)n[nH]c1N,,,4.2,1,,,,unknown
CHEMBL1457783,c1ccc(-c2onc3cc4c(cc23)OCCO4)cc1,,,4.3,1,,,,unknown
CHEMBL1458153,O=C(CCCCCn1c(=S)[nH]c2ccccc2c1=O)N1CCC2(CC1)OCCO2,,,4.53,1,,,,unknown
CHEMBL1458559,CCCc1cc(O)n2c(n1)nc1ccccc12,,,4.46,1,,,,unknown
CHEMBL1459123,Cc1ccc2c(CC(=O)Nc3sccc3C(N)=O)coc2c1,,,4.68,1,,,,unknown
CHEMBL1461003,COc1ccc(NC(=O)CCCCn2c(=O)[nH]c3ccccc3c2=O)cc1,,,4.26,1,,,,unknown
CHEMBL1461987,COc1ccc(CC(=O)Nc2cc(C)ccn2)cc1,,,4.67,1,,,,unknown
CHEMBL1462110,COC(=O)c1ccccc1NC(=O)C1CC(c2ccc(F)cc2)=NO1,,,5.04,1,,,,unknown
CHEMBL1462869,COc1cc(CN/C(C)=C(\C#N)C(N)=O)cc(OC)c1OC,,,5.14,1,,,,unknown
CHEMBL1463060,COc1cccc(C2=NOC(C(=O)Nc3ccc(OC)c(OC)c3)C2)c1,,,5.34,1,,,,unknown
CHEMBL1465291,COC(=O)c1cc(Br)c(=O)n(Cc2ccc(OC)c(OC)c2)c1,,,5.17,1,,,,unknown
CHEMBL1466356,CSCCC(Nc1ncnc2ccc(Br)cc12)C(=O)O.Cl,,,4.35,1,,,,unknown
CHEMBL1470122,CCOc1ccccc1NC(=O)COc1cccc(-n2cnnn2)c1,,,4.16,1,,,,unknown
CHEMBL1471674,COc1ccc(C(=O)n2nc(-c3ccccc3)nc2N)cc1OC,,,4.72,1,,,,unknown
CHEMBL1472407,Cc1nc2cccc(C(=O)NCc3ccccc3)c2o1,,,4.34,1,,,,unknown
CHEMBL1477311,O=C(c1ccc(Cn2c(=O)[nH]c3ccccc3c2=O)cc1)N1CCN(c2ccccc2)CC1,,,5.1,1,,,,unknown
CHEMBL1477887,O=C(c1ccc(Cn2c(=O)[nH]c3ccccc3c2=O)cc1)N1CCN(c2ccccn2)CC1,,,4.98,1,,,,unknown
CHEMBL1480089,COC(=O)c1sccc1NC(=O)C1CC=CCC1C(=O)O,,,4.7,1,,,,unknown
CHEMBL1480110,O=C(CCCn1c(=S)[nH]c2ccccc2c1=O)NC1CCCC1,,,4.19,1,,,,unknown
CHEMBL1480223,COc1cccc(C(=O)Nc2c(C(N)=O)oc3ccccc23)c1,,,4.49,1,,,,unknown
CHEMBL1481517,Fc1cc2nccnc2cc1N1CCSCC1,,,4.3,1,,,,unknown
CHEMBL1483570,Cc1cc(NC(=O)C2CC(c3ccc(F)cc3)=NO2)no1,,,4.55,1,,,,unknown
CHEMBL1486096,COCCCNC(=O)c1ccc(Cn2c(=O)[nH]c3ccccc3c2=O)cc1,,,5.21,1,,,,unknown
CHEMBL1486228,CCOC(=O)c1ccc(Cn2cnc3ccccc3c2=O)cc1,,,4.91,1,,,,unknown
CHEMBL1486831,Fc1ccc2[nH]c3nc4ccccc4c-3nc2c1,,,4.74,1,,,,unknown
CHEMBL1488035,CCn1nc(-c2ccccc2)nc2c(=O)n(C)c(=O)nc1-2,,,4.44,1,,,,unknown
CHEMBL1490070,COC(=O)c1ccccc1NC(=O)CN1C(=O)C2CCCN2c2ncc(Cl)cc21,,,4.74,1,,,,unknown
CHEMBL1490940,C/C(Nc1ccc(F)cc1)=C(/C#N)C(N)=O,,,4.57,1,,,,unknown
CHEMBL1491318,Cn1c(=O)c2c(-c3ccccc3)n3c4ccccc4ncc3c2n(C)c1=O,,,5.03,1,,,,unknown
CHEMBL1492324,N#Cc1c(O)nc(SCc2ccc(F)cc2)nc1-c1ccco1,,,4.87,1,,,,unknown
CHEMBL1492532,O=C(Nc1ncc([N+](=O)[O-])s1)c1cccc([N+](=O)[O-])c1,,5.11,,1,,,,unknown
CHEMBL1492655,O=c1c2c(nc3n1CCCCC3)sc1c(O)cccc12,,,4.25,1,,,,unknown
CHEMBL1492799,CS(=O)(=O)N1CCN(c2ccccc2NC(=O)CSc2ccc(Cl)cc2)CC1,,,4.04,1,,,,unknown
CHEMBL1494345,NC(=O)c1ccsc1NC(=O)COc1ccccc1,,,4.42,1,,,,unknown
CHEMBL1494965,COc1ccc2c(c1)c1ncn(Cc3ccco3)c(=O)c1n2C,,,4.05,1,,,,unknown
CHEMBL1495244,COc1ccc(CC(=O)Nc2nc(C)cs2)cc1OC,,,4.55,1,,,,unknown
CHEMBL1496523,Cn1c(C(=O)N2CCN(Cc3ccc4c(c3)OCO4)CC2)cc2c(=O)n(C)c3ccccc3c21,,,4.14,1,,,,unknown
CHEMBL1498547,Cn1nnnc1SCc1ccc(C(=O)Nc2nccs2)cc1,,,4.25,1,,,,unknown
CHEMBL1498885,COc1cc(C(=O)NCc2cn3ccccc3n2)cc(OC)c1OC,,,5.1,1,,,,unknown
CHEMBL1499974,CCOC(=O)C1CCN(C(=O)CCCCn2c(=O)[nH]c3ccccc3c2=O)CC1,,,4.54,1,,,,unknown
CHEMBL1500025,COc1cccc(C2=NOC(C(=O)Nc3ccc(C(C)=O)cc3)C2)c1,,,5.1,1,,,,unknown
CHEMBL1501724,CC1=CC(=C2C(=O)c3ccccc3C2=O)C=C(C)N1Cc1ccco1,,,4.64,1,,,,unknown
CHEMBL1502894,CCc1ccc(-n2c(SCC(=O)Nc3cc(C)[nH]n3)nc3nncc-3c2O)cc1,,,5.39,1,,,,unknown
CHEMBL1505364,Br.CC(=O)c1sc(Nc2ccccn2)nc1C,,,4.39,1,,,,unknown
CHEMBL1511773,O=C(CCn1cnc2ccccc2c1=O)Nc1ccc(S(=O)(=O)N2CCCC2)cc1,,,4.42,1,,,,unknown
CHEMBL1517409,COC(=O)c1cc(Br)c(=O)n(-c2nccs2)c1,,,4.11,1,,,,unknown
CHEMBL1518163,O=C(COC(=O)c1[nH]nc2ccccc12)Nc1ccc(S(=O)(=O)N2CCCC2)cc1,,,5.17,1,,,,unknown
CHEMBL1519409,COC(=O)c1ccccc1NC(=O)COC(=O)c1ccco1,,,4.25,1,,,,unknown
CHEMBL1520065,COC(=O)c1sccc1NC(=O)c1ccc(Br)o1,,,4.7,1,,,,unknown
CHEMBL1520998,CC(=O)c1ccc(NC(=O)C2CC(c3ccc(F)cc3)=NO2)cc1,,,5.16,1,,,,unknown
CHEMBL1522377,CCCC(=O)Nc1ccc(Cl)c(NC(=O)c2ccc(Br)o2)c1,,,4.43,1,,,,unknown
CHEMBL1522425,COC(=O)c1sccc1NC(=O)CN1CCN(c2ccc(F)cc2)CC1,,,4.81,1,,,,unknown
CHEMBL1524448,COC(=O)c1c(NC(=O)Cc2cccs2)sc(C)c1C,,,4.46,1,,,,unknown
CHEMBL1524458,CCCc1nc(SCC(=O)N2CCCC2)c2ccccc2n1,,,4.3,1,,,,unknown
CHEMBL1525187,N#Cc1c(NCc2ccccc2)ccnc1NCc1cccnc1,,,5.4,1,,,,unknown
CHEMBL1525418,COc1cccc(C2=NOC(C(=O)Nc3cccc(C(C)=O)c3)C2)c1OC,,,4.61,1,,,,unknown
CHEMBL1525902,Cc1ccccc1-c1nnc(S)o1,,,4.26,1,,,,unknown
CHEMBL1526703,CCOC(=O)N1CCN(C(=O)C2CCC(Cn3c(=S)[nH]c4ccccc4c3=O)CC2)CC1,,,5.49,1,,,,unknown
CHEMBL1527065,CCCn1cc(NC(=O)C2CC(c3cccc(Br)c3)=NO2)cn1,,,5.13,1,,,,unknown
CHEMBL1527108,CCC1S/C(=C(\C#N)C(N)=O)N(c2ccc(F)cc2)C1=O,,,4.49,1,,,,unknown
CHEMBL1527476,COc1cc(NC(=O)c2ccc(COc3ccccc3Br)o2)cc(OC)c1OC,,,4.48,1,,,,unknown
CHEMBL1527654,COc1ccccc1NC(=O)COc1ccc(CO)cc1Cl,,,4.16,1,,,,unknown
CHEMBL1528299,Cc1cn(S(=O)(=O)c2ccc(Br)c3ccccc23)cn1,,,4.81,1,,,,unknown
CHEMBL1529808,CCCN1Cc2cccc(C(=O)NCc3ccccc3)c2C1=O,,,4.24,1,,,,unknown
CHEMBL1536681,c1ccc(-c2[nH]nc3c2CCC3)cc1,,,4.29,1,,,,unknown
CHEMBL1536771,C/C(NC1CCCC1)=C(/C#N)C(N)=O,,,4.48,1,,,,unknown
CHEMBL1537195,Cc1nc(SCCC(=O)O)c2ccccc2n1,,,5.22,1,,,,unknown
CHEMBL1540020,O=C(NCc1nc2ccccc2[nH]1)c1cccs1,,,4.37,1,,,,unknown
CHEMBL1540545,COc1ccc(C(C)=O)cc1COC(=O)c1c(C)noc1C,,,4.4,1,,,,unknown
CHEMBL1540912,COc1ccc(-c2c(C#N)c(S)nc3c2CCC3)cc1,,,4.75,1,,,,unknown
CHEMBL1542195,Cc1cc(NC(=O)COC(=O)c2[nH]nc3ccccc23)no1,,,4.2,1,,,,unknown
CHEMBL1543571,COC(=O)c1ccccc1NC(=O)CN1CCC(NC(=O)c2ccc(C)cc2)CC1,,,5.5,1,,,,unknown
CHEMBL1545025,COC(=O)c1ccccc1NC(=O)CSc1ccccn1,,,4.45,1,,,,unknown
CHEMBL1545185,O=C(O)CCSc1ccc2ccccc2n1,,,4.46,1,,,,unknown
CHEMBL1545599,COC(=O)c1cccc(NC(=O)CN2CCC(NC(=O)c3cc(OC)c(OC)c(OC)c3)CC2)c1,,,5.77,1,,,,unknown
CHEMBL1545746,NC(=O)c1oc2ccccc2c1NC(=O)c1ccc(F)cc1,,,4.62,1,,,,unknown
CHEMBL1547674,CCOc1ccc(C(=O)Nc2c(C(N)=O)oc3ccccc23)cc1,,,4.46,1,,,,unknown
CHEMBL1548061,COC(=O)c1cccc(Cn2nnc3ccccc3c2=O)c1,,,4.1,1,,,,unknown
CHEMBL1548293,Cc1ccc(Nc2cc(-n3nc(C)cc3C)ncn2)c(C)c1,,,4.75,1,,,,unknown
CHEMBL1549692,N#Cc1sc2nc3c(c(-c4ccco4)c2c1N)CCCC3,,,4.16,1,,,,unknown
CHEMBL1555581,Cc1cc(C(F)F)n2ncc(C(=O)NCc3ccccc3C(F)(F)F)c2n1,,,4.58,1,,,,unknown
CHEMBL1555880,COc1ccc2nc(NC(=O)Cc3ccc(OC)c(S(=O)(=O)N4CCOCC4)c3)sc2c1,,,4.55,1,,,,unknown
CHEMBL1558177,COc1ccc(COC(=O)C2=C(C)NC(=O)NC2c2ccc(O)c(OC)c2)cc1,,,4.47,1,,,,unknown
CHEMBL1559474,CCOC(=O)c1ccccc1NC(=O)CSc1ncc(C(=O)OCC)c(N)n1,,,5.18,1,,,,unknown
CHEMBL1561032,Cc1ccccc1Nc1nn2c(=O)c3ccccc3nc2s1,,,4.41,1,,,,unknown
CHEMBL1561325,CCCOc1ccc(C2C(C(=O)c3ccc(C)o3)=C(O)C(=O)N2CCCn2ccnc2)cc1,,,4.71,1,,,,unknown
CHEMBL1562951,NC(=O)c1ccsc1NC(=O)c1cccs1,,,5.58,1,,,,unknown
CHEMBL1563069,COC(=O)c1ccsc1NC(=O)CN1CCN(c2ccc(F)cc2)CC1,,,4.81,1,,,,unknown
CHEMBL1563647,COC(=O)c1c(C#N)c(N)nc2c1CCCC2,,,4.22,1,,,,unknown
CHEMBL1565318,NC(=O)c1oc2ccccc2c1NC(=O)c1ccco1,,,5.0,1,,,,unknown
CHEMBL1566655,O=C(CSc1ncccc1-c1nc2ccccc2[nH]1)N1CCN(c2ccccc2F)CC1,,,4.25,1,,,,unknown
CHEMBL1567258,O=C1NC2=C(C(=O)c3ccccc32)C(c2ccccc2)N1,,,4.42,1,,,,unknown
CHEMBL1568840,Cc1nc(CSc2nc3nncc-3c(O)n2-c2ccccc2)cs1,,,6.09,1,,,,unknown
CHEMBL1569232,O=C1c2ccccc2-c2onc3ccc(NCc4ccco4)c1c23,,,4.62,1,,,,unknown
CHEMBL1570276,Cc1ccc2nc(Cc3ccc(N)cc3)oc2c1,,,4.3,1,,,,unknown
CHEMBL1570672,CCOC(=O)CSc1nc2ccccc2c(=O)n1CCCCCC(=O)NCc1ccco1,,,4.36,1,,,,unknown
CHEMBL1572205,CCCCC(=O)Nc1ncc(Br)s1,,,4.26,1,,,,unknown
CHEMBL1572342,CCCCC(=O)Nc1sc2c(c1C(N)=O)CCC2,,,4.79,1,,,,unknown
CHEMBL1574263,Cc1ccc(C)c(N2CCN(C(=O)c3ccc(Cn4c(=O)[nH]c5ccccc5c4=O)cc3)CC2)c1,,,4.17,1,,,,unknown
CHEMBL1577147,CCOC(=O)c1c(-c2ccccc2)[nH]c2ccc(O)cc12,,,4.65,1,,,,unknown
CHEMBL1577637,Cc1ccc2[nH]c3c(c2c1)CCc1c[nH]nc1-3,,,4.78,1,,,,unknown
CHEMBL1578957,COc1cc(CC(=O)Nc2ncc(C)s2)cc(OC)c1OC,,,4.88,1,,,,unknown
CHEMBL1579427,COC(=O)c1cc(Br)c(=O)n(Cc2ccc3c(c2)OCO3)c1,,,5.17,1,,,,unknown
CHEMBL1579483,COc1cccc(C2=NOC(C(=O)Nc3cc(OC)c(OC)c(OC)c3)C2)c1,,,5.69,1,,,,unknown
CHEMBL1582724,COC(=O)c1sccc1NC(=O)c1ccncc1,,,4.48,1,,,,unknown
CHEMBL1583874,NC(=O)c1cc(Br)cc2c3c([nH]c12)CCCC3,,,4.9,1,,,,unknown
CHEMBL1584161,NC(=O)c1ccsc1NC(=O)Cc1ccc([N+](=O)[O-])cc1,5.54,,,1,,,,non-selective
CHEMBL1584518,Cc1ccc(NC(=O)C2CC(c3ccc(F)cc3)=NO2)cc1,,,4.49,1,,,,unknown
CHEMBL1586967,CC(=O)c1c(C)[nH]c(C(=O)OCn2nnc3ccccc3c2=O)c1C,,,4.47,1,,,,unknown
CHEMBL1588030,CCCN1Cc2cccc(C(=O)NCc3ccc4c(c3)OCO4)c2C1=O,,,4.5,1,,,,unknown
CHEMBL1588937,O=C(CCCCCn1c(=O)[nH]c2ccccc2c1=O)NCCCN1CCN(c2ccccc2F)CC1,,,4.45,1,,,,unknown
CHEMBL1589110,COc1ccc(S(=O)(=O)N2CCC(n3cnc4cc(C(F)(F)F)ccc43)CC2)cc1,,,4.26,1,,,,unknown
CHEMBL1595580,COCCNC(=O)C1CCC(Cn2c(=S)[nH]c3ccccc3c2=O)CC1,,,5.01,1,,,,unknown
CHEMBL1598218,COc1cc(CC(=O)Nc2sccc2C(N)=O)cc(OC)c1OC,,,5.23,1,,,,unknown
CHEMBL1599435,COc1ccc(C(=O)NCc2nc3ccccc3[nH]2)cc1OC,,,4.63,1,,,,unknown
CHEMBL1599919,CS(=O)(=O)N1CCN(c2ccccc2NC(=O)Cc2ccccc2)CC1,,,4.16,1,,,,unknown
CHEMBL1600077,COC(=O)c1c(-c2cccs2)csc1NC(=O)CN1CCOCC1,,,4.25,1,,,,unknown
CHEMBL1600661,O=c1[nH]c(=S)c2c(n1-c1ccccc1)CCC2,,,4.12,1,,,,unknown
CHEMBL1604166,Cc1sc(NC(=O)c2cccs2)c(C(N)=O)c1C,,,4.51,1,,,,unknown
CHEMBL1606045,CNC(=O)c1ccsc1NC(=O)c1ccccc1,,,5.26,1,,,,unknown
CHEMBL1606230,Oc1nc2ccccc2c2nc3ccccn3c12,,,4.86,1,,,,unknown
CHEMBL1606939,O=C1c2ccccc2NC2=NCCCCN12,,,4.4,1,,,,unknown
CHEMBL1607473,COc1cc(C2NC(=O)NC(C)=C2C(=O)OC2CCCC(C)C2)ccc1O,,,4.4,1,,,,unknown
CHEMBL1607477,O=C(Nc1cccnc1)C1CC(c2ccc(Cl)c(Cl)c2)=NO1,,,4.64,1,,,,unknown
CHEMBL1613269,O=C1Nc2cccnc2Sc2ccccc21,,,5.3,1,,,,unknown
CHEMBL1614820,Cc1csc(NC(=O)CN2C(=O)CCc3ccccc32)c1-c1ncn[nH]1,,,7.6,1,,,,unknown
CHEMBL1614995,COCCOc1cncc(-c2cc3c(ccc4c5c([nH]c43)CCNC5=O)cn2)c1,,6.19,,1,,,,unknown
CHEMBL1644615,O=c1n(Cc2ccccn2)nc(-c2ccnc(NC3CCOCC3)c2)n1-c1ccc2ccccc2c1,,7.03,7.27,2,,,,unknown
CHEMBL1644616,S=c1[nH]nc(-c2ccncc2)n1-c1ccc2ccccc2c1,,5.53,6.25,2,,,,unknown
CHEMBL1644617,O=c1[nH]nc(-c2ccncc2)n1-c1ccc2ccccc2c1,,4.5,4.8,2,,,,unknown
CHEMBL1644618,O=c1[nH]nc(-c2ccnc(NC3CCCCC3)c2)n1-c1ccc2ccccc2c1,,7.16,7.62,2,,,,unknown
CHEMBL1644619,O=c1[nH]nc(-c2ccnc(NC3CCCOC3)c2)n1-c1ccc2ccccc2c1,,6.89,7.5,2,,,,unknown
CHEMBL1644620,O=c1[nH]nc(-c2ccnc(NC3CCOCC3)c2)n1-c1ccc2ccccc2c1,,6.6,7.07,2,,,,unknown
CHEMBL1644621,O=c1[nH]nc(-c2ccnc(NC3CCCC3)c2)n1-c1ccc2ccccc2c1,,6.46,6.89,2,,,,unknown
CHEMBL1644622,O=c1[nH]nc(-c2ccnc(NC3CCC3)c2)n1-c1ccc2ccccc2c1,,6.66,7.16,2,,,,unknown
CHEMBL1644623,O=c1[nH]nc(-c2ccnc(NC3CC3)c2)n1-c1ccc2ccccc2c1,,6.41,6.89,2,,,,unknown
CHEMBL1644624,O=c1[nH]nc(-c2ccnc(Nc3ccccc3)c2)n1-c1ccc2ccccc2c1,,6.33,7.21,2,,,,unknown
CHEMBL1644625,O=c1[nH]nc(-c2ccnc(Nc3ccccn3)c2)n1-c1ccc2ccccc2c1,,6.96,7.4,2,,,,unknown
CHEMBL1644626,O=c1[nH]nc(-c2ccnc(Nc3cccnc3)c2)n1-c1ccc2ccccc2c1,,6.02,6.6,2,,,,unknown
CHEMBL1644627,O=c1[nH]nc(-c2ccnc(Nc3nccs3)c2)n1-c1ccc2ccccc2c1,,6.19,6.68,2,,,,unknown
CHEMBL1644628,C[C@H](Nc1cc(-c2n[nH]c(=O)n2-c2ccc3ccccc3c2)ccn1)c1ccccc1,,,5.41,1,,,,unknown
CHEMBL1644629,CC(=O)Nc1cc(-c2n[nH]c(=O)n2-c2ccc3ccccc3c2)ccn1,,5.82,6.39,2,,,,unknown
CHEMBL1644630,O=C(Nc1cc(-c2n[nH]c(=O)n2-c2ccc3ccccc3c2)ccn1)C1CC1,,6.36,6.92,2,,,,unknown
CHEMBL1644631,O=C(Nc1cc(-c2n[nH]c(=O)n2-c2ccc3ccccc3c2)ccn1)c1ccccc1,,5.36,6.23,2,,,,unknown
CHEMBL1644632,O=c1[nH]nc(-c2ccnc(NC3CCOCC3)c2)n1-c1ccc2cc(F)ccc2c1,,6.72,7.16,2,,,,unknown
CHEMBL1644633,Nc1ccc2cc(-n3c(-c4ccnc(NC5CCOCC5)c4)n[nH]c3=O)ccc2c1,,5.28,6.02,2,,,,unknown
CHEMBL1644634,O=c1[nH]nc(-c2ccnc(NC3CCOCC3)c2)n1-c1ccc2cc(Br)ccc2c1,,6.11,6.37,2,,,,unknown
CHEMBL1644635,O=c1[nH]nc(-c2ccnc(NC3CCOCC3)c2)n1-c1ccc2cccc(F)c2c1,,6.42,7.27,2,,,,unknown
CHEMBL1644636,Nc1cccc2ccc(-n3c(-c4ccnc(NC5CCOCC5)c4)n[nH]c3=O)cc12,,6.24,7.03,2,,,,unknown
CHEMBL1644637,O=c1[nH]nc(-c2ccnc(NC3CCOCC3)c2)n1-c1ccc2cccc(Cl)c2c1,,6.82,7.85,2,,,,unknown
CHEMBL1644638,O=c1n(CC2CCOCC2)nc(-c2ccnc(NC3CCCCC3)c2)n1-c1ccc2ccccc2c1,,7.21,7.66,2,,,,unknown
CHEMBL1644639,O=c1n(C2CCOCC2)nc(-c2ccnc(NC3CCCCC3)c2)n1-c1ccc2ccccc2c1,,7.01,7.8,2,,,,unknown
CHEMBL1644640,O=c1n(C2CCOC2)nc(-c2ccnc(NC3CCOCC3)c2)n1-c1ccc2ccccc2c1,,6.5,7.04,2,,,,unknown
CHEMBL1644641,O=c1n(-c2ccccn2)nc(-c2ccnc(NC3CCOCC3)c2)n1-c1ccc2ccccc2c1,,6.82,7.0,2,,,,unknown
CHEMBL1644642,O=c1n(Cc2ccncc2)nc(-c2ccnc(NC3CCCCC3)c2)n1-c1ccc2ccccc2c1,,7.01,7.54,2,,,,unknown
CHEMBL1644643,O=c1n(C2CCNCC2)nc(-c2ccnc(NC3CCOCC3)c2)n1-c1ccc2ccccc2c1,,6.28,6.8,2,,,,unknown
CHEMBL1644644,CCN1CCC(n2nc(-c3ccnc(NC4CCOCC4)c3)n(-c3ccc4ccccc4c3)c2=O)CC1,,5.7,6.55,2,,,,unknown
CHEMBL1644645,O=c1n(C2CCN(CC(F)(F)F)CC2)nc(-c2ccnc(NC3CCOCC3)c2)n1-c1ccc2ccccc2c1,,6.77,7.44,2,,,,unknown
CHEMBL1644646,COC(=O)N1CCC(n2nc(-c3ccnc(NC4CCOCC4)c3)n(-c3ccc4ccccc4c3)c2=O)CC1,,7.24,7.62,2,,,,unknown
CHEMBL1681791,COC(=O)c1c(C)csc1NC(=O)Cc1cccc2cnccc12,,6.06,7.21,2,,,,unknown
CHEMBL1681992,COC(=O)c1c(C)csc1NC(=O)Cc1ccc(OC)cc1,,5.5,6.16,2,,,,unknown
CHEMBL1681993,CCc1csc(NC(=O)Cc2ccc(OC)cc2)c1C(=O)OC,,4.65,5.04,2,,,,unknown
CHEMBL1681994,CCOC(=O)c1c(C2CC2)csc1NC(=O)Cc1ccc(OC)cc1,,5.2,5.02,2,,,,unknown
CHEMBL1681995,CCOC(=O)c1c(C(F)(F)F)csc1NC(=O)Cc1ccc(OC)cc1,,,4.41,1,,,,unknown
CHEMBL1681996,CCOC(=O)c1c(C#N)csc1NC(=O)Cc1ccc(OC)cc1,,6.03,6.51,2,,,,unknown
CHEMBL1681997,C#Cc1csc(NC(=O)Cc2ccc(OC)cc2)c1C(=O)OCC,,4.55,5.52,2,,,,unknown
CHEMBL1681998,COC(=O)c1c(C)csc1NC(=O)Cc1ccc(-c2ccncc2)cc1,,5.74,6.58,2,,,,unknown
CHEMBL1681999,COC(=O)c1c(C)csc1NC(=O)Cc1ccc(OCCCn2ccnc2)cc1,,5.34,6.3,2,,,,unknown
CHEMBL1682000,COC(=O)c1c(C)csc1NC(=O)Cc1ccc(OCCCN2CCCCC2)cc1,,6.21,7.0,2,,,,unknown
CHEMBL1682001,COC(=O)c1c(C)csc1NC(=O)Cc1ccc(OCCCN2CCCC2)cc1,,5.59,6.65,2,,,,unknown
CHEMBL1682002,COC(=O)c1c(C)csc1NC(=O)Cc1cccc2cc[nH]c12,,5.38,5.99,2,,,,unknown
CHEMBL1682003,COC(=O)c1c(C)csc1NC(=O)Cc1cccc2nccnc12,,6.12,6.79,2,,,,unknown
CHEMBL1682004,COC(=O)c1c(C)csc1NC(=O)Cc1cccc2ncccc12,,6.39,6.96,2,,,,unknown
CHEMBL1682005,COC(=O)c1c(C)csc1NC(=O)CN1C(=O)CCc2ccccc21,,6.15,6.9,2,,,,unknown
CHEMBL1682006,COc1ccc(CC(=O)Nc2scc(C)c2-c2nc(C)n[nH]2)cc1,5.3,5.6899999999999995,,2,-0.3899999999999997,,-0.3899999999999997,non-selective
CHEMBL1682007,Cc1n[nH]c(-c2c(C)csc2NC(=O)Cc2ccc(-c3ccncc3)cc2)n1,5.3,5.595,,2,-0.29499999999999993,,-0.29499999999999993,non-selective
CHEMBL1682008,Cc1n[nH]c(-c2c(C)csc2NC(=O)Cc2ccc(OCCCN3CCCCC3)cc2)n1,5.3,5.545,,2,-0.2450000000000001,,-0.2450000000000001,non-selective
CHEMBL1682009,Cc1n[nH]c(-c2c(C)csc2NC(=O)Cc2cccc3nccnc23)n1,5.3,,5.765000000000001,2,,-0.46500000000000075,-0.46500000000000075,non-selective
CHEMBL1682010,Cc1n[nH]c(-c2c(C)csc2NC(=O)Cc2cccc3ncccc23)n1,,,7.1,1,,,,unknown
CHEMBL1682011,Cc1csc(NC(=O)Cc2cccc3ncccc23)c1-c1ncn[nH]1,5.3,,,1,,,,non-selective
CHEMBL1682012,Cc1n[nH]c(-c2c(C)csc2NC(=O)CN2C(=O)CCc3ccccc32)n1,,7.38,7.6,2,,,,unknown
CHEMBL1682013,O=C(CN1C(=O)CCc2ccccc21)Nc1scc(Br)c1-c1ncn[nH]1,,7.38,7.55,2,,,,unknown
CHEMBL1682014,O=C(CN1C(=O)CCc2ccccc21)Nc1scc(Cl)c1-c1ncn[nH]1,,8.05,8.3,2,,,,unknown
CHEMBL1682015,N#Cc1csc(NC(=O)CN2C(=O)CCc3ccccc32)c1-c1ncn[nH]1,,8.1,8.22,2,,,,unknown
CHEMBL1682016,O=C(Cc1cccc2cnccc12)Nc1scc(Br)c1-c1ncn[nH]1,,7.3,7.48,2,,,,unknown
CHEMBL1682017,O=C(Cc1cccc2cnccc12)Nc1scc(Cl)c1-c1ncn[nH]1,,7.37,7.96,2,,,,unknown
CHEMBL1682018,N#Cc1csc(NC(=O)Cc2cccc3cnccc23)c1-c1ncn[nH]1,,7.58,8.15,2,,,,unknown
CHEMBL1682019,O=C(Cc1cccc2ncccc12)Nc1scc(Br)c1-c1ncn[nH]1,,7.05,7.47,2,,,,unknown
CHEMBL1682020,O=C(Cc1cccc2ncccc12)Nc1scc(Cl)c1-c1ncn[nH]1,,7.38,7.75,2,,,,unknown
CHEMBL1682021,N#Cc1csc(NC(=O)Cc2cccc3ncccc23)c1-c1ncn[nH]1,,7.39,7.92,2,,,,unknown
CHEMBL1725279,Oc1c2ccccc2c2c3c(cccc13)N=N2,,7.4,,1,,,,unknown
CHEMBL1734241,NC(=O)c1ccsc1NC(=O)CN1CCN(S(=O)(=O)c2ccccc2C(F)(F)F)CC1,4.12,,,1,,,,non-selective
CHEMBL1761554,Cn1cc(-c2ccc3cnc(Nc4ccc(-n5cnc(N6CCOCC6)n5)cc4)nc3c2)cn1,,7.05,7.05,2,,,,unknown
CHEMBL1761555,c1cc(-n2cnc(N3CCOCC3)n2)ccc1Nc1ncc2ccc(-c3cn[nH]c3)cc2n1,,,7.3,1,,,,unknown
CHEMBL1761556,c1cc(-n2cnc(N3CCOCC3)n2)ccc1Nc1ncc2ccc(-c3cnoc3)cc2n1,,,6.16,1,,,,unknown
CHEMBL1761557,c1cc(-n2cnc(N3CCOCC3)n2)ccc1Nc1ncc2ccc(N3CCOCC3)cc2n1,,,5.36,1,,,,unknown
CHEMBL1761558,c1cncc(-c2ccc3cnc(Nc4ccc(-n5cnc(N6CCOCC6)n5)cc4)nc3c2)c1,,,6.68,1,,,,unknown
CHEMBL1761559,Cc1ccc(-c2ccc3cnc(Nc4ccc(-n5cnc(N6CCOCC6)n5)cc4)nc3c2)cn1,,,6.14,1,,,,unknown
CHEMBL1761561,Cc1ccc(-c2ncn(-c3ccc(Nc4ncc5ccc(-c6cn[nH]c6)cc5n4)cc3)n2)cn1,,,7.3,1,,,,unknown
CHEMBL1761562,Cn1cc(-c2ccc3cnc(Nc4ccc(-n5cnc(-c6ccccn6)n5)cc4)nc3c2)cn1,,,7.22,1,,,,unknown
CHEMBL1761563,Cc1ccc(-c2cccc3cnc(Nc4ccc(-n5cnc(N6CCOCC6)n5)cc4)nc23)cn1,,,7.52,1,,,,unknown
CHEMBL1761564,Cn1cc(-c2cccc3cnc(Nc4ccc(-n5cnc(N6CCOCC6)n5)cc4)nc23)cn1,,,7.7,1,,,,unknown
CHEMBL1761565,COc1ccc(-c2cccc3cnc(Nc4ccc(-n5cnc(N6CCOCC6)n5)cc4)nc23)cc1F,,,7.16,1,,,,unknown
CHEMBL1761566,c1cc(-c2nccs2)c2nc(Nc3ccc(-n4cnc(N5CCOCC5)n4)cc3)ncc2c1,,,8.15,1,,,,unknown
CHEMBL1761567,c1ccc(-c2cccc3cnc(Nc4ccc(-n5cnc(N6CCOCC6)n5)cc4)nc23)cc1,,,7.22,1,,,,unknown
CHEMBL1761568,COc1ccc(-c2cccc3cnc(Nc4ccc(-n5cnc(C)n5)cc4)nc23)cc1F,,,7.1,1,,,,unknown
CHEMBL1761569,Cc1ncn(-c2ccc(Nc3ncc4cccc(-c5nccs5)c4n3)cc2)n1,,,7.7,1,,,,unknown
CHEMBL1761570,COc1ccc(-c2cccc3cnc(Nc4ccc(-n5cnc(-c6ccccn6)n5)cc4)nc23)cc1F,,,7.05,1,,,,unknown
CHEMBL1761571,Cc1ccc(-c2cccc3cnc(Nc4ccc(-n5cnc(C)n5)cc4)nc23)cn1,,,7.52,1,,,,unknown
CHEMBL1761572,Cc1ccc(-c2cccc3cnc(Nc4ccc5c(c4)OCO5)nc23)cn1,,,7.22,1,,,,unknown
CHEMBL1761573,Cc1ccc(-c2cccc3cnc(Nc4ccc(F)cc4)nc23)cn1,,,6.77,1,,,,unknown
CHEMBL1761574,Cc1ccc(-c2cccc3cnc(Nc4ccc(C(=O)N5CCOCC5)cc4)nc23)cn1,,,7.05,1,,,,unknown
CHEMBL1761575,Cc1ccc(-c2cccc3cnc(NC4CCC(O)CC4)nc23)cn1,,,7.3,1,,,,unknown
CHEMBL1761576,Cc1ccc(-c2cccc3cnc(N[C@H]4CC[C@@H](C(=O)N5CCCC5)CC4)nc23)cn1,,,7.52,1,,,,unknown
CHEMBL1761577,Cn1cc(-c2ccc3cnc(Nc4ccc(-n5cnc(N6CCOCC6)n5)cc4)nc3c2Cl)cn1,,,7.4,1,,,,unknown
CHEMBL1761578,CC(C)n1cc(-c2ccc3cnc(Nc4ccc(-n5cnc(N6CCOCC6)n5)cc4)nc3c2Cl)cn1,,,7.2,1,,,,unknown
CHEMBL1761579,Cc1c(-c2cnn(C)c2)ccc2cnc(Nc3ccc(-n4cnc(N5CCOCC5)n4)cc3)nc12,,,8.0,1,,,,unknown
CHEMBL1761580,Cn1cc(-c2ccc3cnc(Nc4ccc(-n5cnc(N6CCOCC6)n5)cc4)nc3c2C(F)(F)F)cn1,,,6.72,1,,,,unknown
CHEMBL1761581,Cn1cc(-c2ccc3cnc(Nc4ccc(-n5cnc(N6CCOCC6)n5)cc4)nc3c2C2CC2)cn1,,,7.7,1,,,,unknown
CHEMBL1761582,Cn1cc(-c2ccc3cnc(Nc4ccc(-n5cnc(N6CCOCC6)n5)cc4)nc3c2-c2cnn(C)c2)cn1,,,8.05,1,,,,unknown
CHEMBL1761583,Cn1cc(-c2ccc3cnc(Nc4ccc(-n5cnc(N6CCOCC6)n5)cc4)nc3c2-c2ccccc2)cn1,,,8.0,1,,,,unknown
CHEMBL1761584,COc1c(-c2cnn(C)c2)ccc2cnc(Nc3ccc(-n4cnc(N5CCOCC5)n4)cc3)nc12,,,8.4,1,,,,unknown
CHEMBL1765112,NC(=O)c1ccsc1NC(=O)Cc1cccc(F)c1,5.03,,,1,,,,non-selective
CHEMBL1767126,Cc1sc(NC(=O)Cc2cccc3ccccc23)c(C(N)=O)c1C,4.58,,,1,,,,non-selective
CHEMBL1767236,NC(=O)c1ccsc1NC(=O)Cc1cccc2ccccc12,5.27,,,1,,,,non-selective
CHEMBL1767237,NC(=O)c1ccsc1NC(=O)Cc1ccccc1,5.44,,,1,,,,non-selective
CHEMBL1767238,NC(=O)c1ccsc1NC(=O)c1ccccc1,5.23,,,1,,,,non-selective
CHEMBL1767243,NC(=O)c1ccsc1NC(=O)Cc1cccs1,5.5,,,1,,,,non-selective
CHEMBL1767244,Cc1cc(C)cc(CC(=O)Nc2sccc2C(N)=O)c1,5.57,,,1,,,,non-selective
CHEMBL1767247,NC(=O)c1ccsc1NC(=O)Cc1ccc2c(c1)OCCO2,5.57,,,1,,,,non-selective
CHEMBL1767248,NC(=O)c1ccsc1NC(=O)Cc1ccc2c(c1)OCO2,5.75,,,1,,,,non-selective
CHEMBL1767251,COc1ccc(C)cc1CC(=O)Nc1sccc1C(N)=O,5.64,,,1,,,,non-selective
CHEMBL1767254,NC(=O)c1ccsc1NC(=O)Cc1csc2ccccc12,5.89,,,1,,,,non-selective
CHEMBL1767255,NC(=O)c1ccsc1NC(=O)Cc1ccccc1Cl,5.85,,,1,,,,non-selective
CHEMBL1767256,NC(=O)c1ccsc1NC(=O)Cc1cccc(Cl)c1,5.58,,,1,,,,non-selective
CHEMBL1767257,NC(=O)c1ccsc1NC(=O)Cc1ccc(Cl)cc1,4.73,,,1,,,,non-selective
CHEMBL1767258,NC(=O)c1ccsc1NC(=O)Cc1ccccc1F,5.08,,,1,,,,non-selective
CHEMBL1767259,NC(=O)c1ccsc1NC(=O)Cc1ccc(F)cc1,5.29,,,1,,,,non-selective
CHEMBL1767260,NC(=O)c1ccsc1NC(=O)Cc1ccccc1Br,5.54,,,1,,,,non-selective
CHEMBL1767261,NC(=O)c1ccsc1NC(=O)Cc1cccc(Br)c1,5.75,,,1,,,,non-selective
CHEMBL1767263,NC(=O)c1ccsc1NC(=O)Cc1ccccc1I,5.47,,,1,,,,non-selective
CHEMBL1767264,NC(=O)c1ccsc1NC(=O)Cc1cccc(I)c1,5.75,,,1,,,,non-selective
CHEMBL1767265,COc1ccccc1CC(=O)Nc1sccc1C(N)=O,4.92,,,1,,,,non-selective
CHEMBL1767266,COc1cccc(CC(=O)Nc2sccc2C(N)=O)c1,5.58,,,1,,,,non-selective
CHEMBL1767267,COc1ccc(CC(=O)Nc2sccc2C(N)=O)cc1,5.24,,,1,,,,non-selective
CHEMBL1767268,Cc1ccccc1CC(=O)Nc1sccc1C(N)=O,5.22,,,1,,,,non-selective
CHEMBL1767269,Cc1cccc(CC(=O)Nc2sccc2C(N)=O)c1,5.27,,,1,,,,non-selective
CHEMBL1767270,Cc1ccc(CC(=O)Nc2sccc2C(N)=O)cc1,5.37,,,1,,,,non-selective
CHEMBL1767272,NC(=O)c1ccsc1NC(=O)Cc1cccc(C(F)(F)F)c1,5.12,,,1,,,,non-selective
CHEMBL1767273,NC(=O)c1ccsc1NC(=O)Cc1ccc(C(F)(F)F)cc1,5.19,,,1,,,,non-selective
CHEMBL1767274,NC(=O)c1ccsc1NC(=O)Cc1ccc(OC(F)(F)F)cc1,5.24,,,1,,,,non-selective
CHEMBL1767275,N#Cc1cccc(CC(=O)Nc2sccc2C(N)=O)c1,4.68,,,1,,,,non-selective
CHEMBL1767276,N#Cc1ccc(CC(=O)Nc2sccc2C(N)=O)cc1,5.47,,,1,,,,non-selective
CHEMBL1767278,CCOc1ccc(CC(=O)Nc2sccc2C(N)=O)cc1,5.72,,,1,,,,non-selective
CHEMBL1767279,NC(=O)c1ccsc1NC(=O)Cc1cc(F)cc(F)c1,5.09,,,1,,,,non-selective
CHEMBL1767280,NC(=O)c1ccsc1NC(=O)Cc1ccc(F)c(F)c1,4.99,,,1,,,,non-selective
CHEMBL1767281,NC(=O)c1ccsc1NC(=O)Cc1ccc(F)cc1F,5.01,,,1,,,,non-selective
CHEMBL1767282,NC(=O)c1ccsc1NC(=O)Cc1c(F)cccc1F,5.13,,,1,,,,non-selective
CHEMBL1767283,NC(=O)c1ccsc1NC(=O)Cc1cc(F)ccc1F,5.24,,,1,,,,non-selective
CHEMBL1767284,NC(=O)c1ccsc1NC(=O)Cc1c(F)cccc1Cl,4.9,,,1,,,,non-selective
CHEMBL1767286,COc1cc(CC(=O)Nc2sccc2C(N)=O)cc(OC)c1,5.51,,,1,,,,non-selective
CHEMBL1767288,NC(=O)c1ccsc1NC(=O)Cc1cccnc1,5.09,,,1,,,,non-selective
CHEMBL1767290,NC(=O)c1ccsc1NC(=O)Cc1c[nH]c2ccccc12,5.03,,,1,,,,non-selective
CHEMBL1767292,CC1CN(CC(=O)Nc2sccc2C(N)=O)CC(C)O1,4.18,,,1,,,,non-selective
CHEMBL1767293,NC(=O)c1ccsc1NC(=O)CN1CCN(Cc2ccco2)CC1,5.12,,,1,,,,non-selective
CHEMBL1767294,NC(=O)c1ccsc1NC(=O)CN1CCN(C(=O)C2CC2)CC1,4.08,,,1,,,,non-selective
CHEMBL1767295,NC(=O)c1ccsc1NC(=O)Cc1ccc2c(c1)CCCC2,5.44,,,1,,,,non-selective
CHEMBL1767296,NC(=O)c1ccsc1NC(=O)Cc1ccc2c(c1)CCC2,5.6,,,1,,,,non-selective
CHEMBL1767297,NC(=O)c1ccsc1NC(=O)Cc1cc(F)cc2c1OCOC2,5.31,,,1,,,,non-selective
CHEMBL1767298,NC(=O)c1ccsc1NC(=O)Cc1csc2nc(-c3cccs3)cn12,5.6,,,1,,,,non-selective
CHEMBL1767299,NC(=O)c1ccsc1NC(=O)Cc1cc(Cl)c2c(c1)OCCCO2,5.72,,,1,,,,non-selective
CHEMBL1767300,Cc1cnc2sc(CC(=O)Nc3sccc3C(N)=O)cn12,5.6,,,1,,,,non-selective
CHEMBL1771656,Cc1ncn(-c2ccc(Nc3nccc(-c4cc[nH]n4)n3)cc2)n1,,,6.2,1,,,,unknown
CHEMBL1771657,Cc1ncn(-c2ccc(Nc3nccc(-c4ccn(C)n4)n3)cc2)n1,,,5.84,1,,,,unknown
CHEMBL1771658,Cc1ncn(-c2ccc(Nc3ncc(Cl)c(-c4ccn(C)n4)n3)cc2)n1,,,6.07,1,,,,unknown
CHEMBL1771659,Cn1ccc(-c2nc(Nc3ccc(-n4cnc(N5CCOCC5)n4)cc3)ncc2Cl)n1,,,6.14,1,,,,unknown
CHEMBL1771660,c1cc(-c2cc[nH]n2)cc(Nc2ccc(N3CCOCC3)cc2)n1,,,6.8,1,,,,unknown
CHEMBL1771661,Clc1cnc(Nc2ccc(N3CCOCC3)cc2)cc1-c1cc[nH]n1,,,7.16,1,,,,unknown
CHEMBL1771662,Cn1ccc(-c2cc(Nc3ccc(N4CCOCC4)cc3)ncc2Cl)n1,,,6.89,1,,,,unknown
CHEMBL1771663,Cc1nc(C)n(-c2ccc(Nc3cc(-c4ccn(C)n4)c(Cl)cn3)cc2)n1,,,6.8,1,,,,unknown
CHEMBL1771664,Cn1ccc(-c2cc(Nc3ccc(-n4cnc(N5CCOCC5)n4)cc3)ncc2Cl)n1,,,6.7,1,,,,unknown
CHEMBL1771665,Cc1ccc(-c2ncn(-c3ccc(Nc4cc(-c5ccn(C)n5)c(Cl)cn4)cc3)n2)cn1,,,6.22,1,,,,unknown
CHEMBL1771666,Cn1ccc(-c2cc(Nc3ccc(N4CCOCC4)cc3)ncc2F)n1,,,6.8,1,,,,unknown
CHEMBL1771667,Cc1nc(C)n(-c2ccc(Nc3cc(-c4ccn(C)n4)c(F)cn3)cc2)n1,,,6.47,1,,,,unknown
CHEMBL1771668,Cc1ccc(-c2ncn(-c3ccc(Nc4cc(-c5ccn(C)n5)c(F)cn4)cc3)n2)cn1,,,6.7,1,,,,unknown
CHEMBL1771669,Cn1ccc(-c2cc(Nc3ccc(-n4cnc(-c5ccccn5)n4)cc3)ncc2F)n1,,,6.32,1,,,,unknown
CHEMBL1771709,Cn1ccc(-c2cc(Nc3ccc(-n4cnc(N5CCOCC5)n4)cc3)ncc2F)n1,,,6.8,1,,,,unknown
CHEMBL1771710,Cc1cnc(Nc2ccc(-n3cnc(N4CCOCC4)n3)cc2)cc1-c1ccn(C)n1,,,6.12,1,,,,unknown
CHEMBL1771711,Fc1cnc(Nc2ccc(N3CCOCC3)cc2)cc1-c1ccn(Cc2ccccc2)n1,,,7.0,1,,,,unknown
CHEMBL1771712,Fc1cnc(Nc2ccc(N3CCOCC3)cc2)cc1-c1ccn(CCc2ccccc2)n1,,,6.77,1,,,,unknown
CHEMBL1771713,Fc1cnc(Nc2ccc(N3CCOCC3)cc2)cc1-c1ccn(CCN2CCOCC2)n1,,,6.5,1,,,,unknown
CHEMBL1771714,COc1cccc(-n2ccc(-c3ccnc(Nc4ccc(-n5nc(C)nc5C)cc4)c3)n2)c1,,,6.19,1,,,,unknown
CHEMBL1771715,Cc1nc(C)n(-c2ccc(Nc3cc(-c4ccn(-c5cccc(C#N)c5)n4)ccn3)cc2)n1,,,6.62,1,,,,unknown
CHEMBL1771716,CSc1ccc(-n2ccc(-c3ccnc(Nc4ccc(-n5nc(C)nc5C)cc4)c3)n2)cc1,,,5.88,1,,,,unknown
CHEMBL1771717,Cc1nc(C)n(-c2ccc(Nc3cc(-c4ccn(-c5ccccn5)n4)ccn3)cc2)n1,,,6.47,1,,,,unknown
CHEMBL1771718,Cc1nc(C)n(-c2ccc(Nc3cc(-c4nn(C)cc4-c4ccc(F)cc4)ccn3)cc2)n1,,,8.15,1,,,,unknown
CHEMBL1771719,Cc1nc(C)n(-c2ccc(Nc3cc(-c4nn(C)cc4-c4cccnc4)ccn3)cc2)n1,,,6.96,1,,,,unknown
CHEMBL1771720,Cn1cc(-c2ncco2)c(-c2ccnc(Nc3ccc(N4CCOCC4)cc3)c2)n1,,,6.82,1,,,,unknown
CHEMBL1771721,Cn1cc(-c2cn(C)nc2-c2ccnc(Nc3ccc(N4CCOCC4)cc3)c2)cn1,,,6.41,1,,,,unknown
CHEMBL1771722,Cn1cc(-c2ccnn2C)c(-c2ccnc(Nc3ccc(N4CCOCC4)cc3)c2)n1,,,6.41,1,,,,unknown
CHEMBL1771723,CCCc1cn(C)nc1-c1ccnc(Nc2ccc(-n3nc(C)nc3C)cc2)c1,,,5.85,1,,,,unknown
CHEMBL1771724,Cc1nc(C)n(-c2ccc(Nc3cc(-c4nn(C)cc4C)ccn3)cc2)n1,,,6.4,1,,,,unknown
CHEMBL1783492,C=CCN1CCN(c2c(Cl)cccc2NC(=O)c2cnc(Br)s2)CC1,,,6.51,1,,,,unknown
CHEMBL1783493,C=CCN1CCN(c2c(Cl)cccc2NC(=O)c2nc(Br)cs2)CC1,,,5.75,1,,,,unknown
CHEMBL1783494,C=CCN1CCN(c2c(Cl)cccc2NC(=O)c2cscn2)CC1,,,5.64,1,,,,unknown
CHEMBL1783495,C=CCN1CCN(c2c(Cl)cccc2NC(=O)c2ccno2)CC1,,,5.3,1,,,,unknown
CHEMBL1783496,C=CCN1CCN(c2c(Cl)cccc2NC(=O)c2ccc[nH]2)CC1,,,5.05,1,,,,unknown
CHEMBL1783497,C=CCN1CCN(c2c(Cl)cccc2NC(=O)c2csc(C)n2)CC1,,,5.24,1,,,,unknown
CHEMBL1783498,C=CCN1CCN(c2c(Cl)cccc2NC(=O)c2cccc(Br)n2)CC1,,,5.7,1,,,,unknown
CHEMBL1783583,C=CCN1CCN(c2c(Cl)cccc2NC(=O)c2cccc(C)n2)CC1,,,5.7,1,,,,unknown
CHEMBL1783584,C=CCN1CCN(c2c(Cl)cccc2NC(=O)c2cccc(Br)c2)CC1,,,5.19,1,,,,unknown
CHEMBL1783587,Cc1cccc(NC(=O)c2ccc(Br)o2)c1N1CCC2(CC1)OCCO2,,,7.22,1,,,,unknown
CHEMBL1783588,Cc1cccc(NC(=O)c2ccc(Cl)o2)c1N1CCC2(CC1)OCCO2,,,7.1,1,,,,unknown
CHEMBL1783589,Cc1cccc(NC(=O)c2ccc(F)o2)c1N1CCC2(CC1)OCCO2,,,6.39,1,,,,unknown
CHEMBL1783590,Cc1cccc(NC(=O)c2ccc(C#N)o2)c1N1CCC2(CC1)OCCO2,,,6.68,1,,,,unknown
CHEMBL1783591,Cc1ccc(C(=O)Nc2cccc(C)c2N2CCC3(CC2)OCCO3)o1,,,6.28,1,,,,unknown
CHEMBL1783592,Cc1cccc(NC(=O)c2ccc(C(F)F)o2)c1N1CCC2(CC1)OCCO2,,,6.46,1,,,,unknown
CHEMBL1783593,CCc1ccc(C(=O)Nc2cccc(C)c2N2CCC3(CC2)OCCO3)o1,,,6.0,1,,,,unknown
CHEMBL1783594,CC#Cc1ccc(C(=O)Nc2cccc(C)c2N2CCC3(CC2)OCCO3)o1,,,6.96,1,,,,unknown
CHEMBL1783595,Cc1cccc(NC(=O)c2ccc(Cc3ccccc3)o2)c1N1CCC2(CC1)OCCO2,,,5.32,1,,,,unknown
CHEMBL1783596,COc1ccc(C(=O)Nc2cccc(C)c2N2CCC3(CC2)OCCO3)o1,,,6.21,1,,,,unknown
CHEMBL1783597,CC(=O)Nc1ccc(C(=O)Nc2cccc(C)c2N2CCC3(CC2)OCCO3)o1,,,4.96,1,,,,unknown
CHEMBL1784082,O=C(Nc1cccc(Cl)c1N1CCNCC1)c1ccc(Br)o1,,,5.0,1,,,,unknown
CHEMBL1784083,CN1CCN(c2c(Cl)cccc2NC(=O)c2ccc(Br)o2)CC1,,,5.92,1,,,,unknown
CHEMBL1784084,CCCN1CCN(c2c(Cl)cccc2NC(=O)c2ccc(Br)o2)CC1,,,6.05,1,,,,unknown
CHEMBL1784085,CC(C)N1CCN(c2c(Cl)cccc2NC(=O)c2ccc(Br)o2)CC1,,,5.66,1,,,,unknown
CHEMBL1784086,C=CCN1CCN(c2c(Cl)cccc2NC(=O)c2ccc(Br)o2)CC1,,,6.48,1,,,,unknown
CHEMBL1784087,C=C(C)CN1CCN(c2c(Cl)cccc2NC(=O)c2ccc(Br)o2)CC1,,,6.27,1,,,,unknown
CHEMBL1784088,O=C(Nc1cccc(Cl)c1N1CCN(C2CC2)CC1)c1ccc(Br)o1,,,6.02,1,,,,unknown
CHEMBL1784089,O=C(Nc1cccc(Cl)c1N1CCN(Cc2ccco2)CC1)c1ccc(Br)o1,,,6.6,1,,,,unknown
CHEMBL1784090,O=C(Nc1cccc(Cl)c1N1CCN(Cc2ccccc2)CC1)c1ccc(Br)o1,,,5.96,1,,,,unknown
CHEMBL1784091,O=C(Nc1cccc(Cl)c1N1CCN(CCc2ccccc2)CC1)c1ccc(Br)o1,,,5.85,1,,,,unknown
CHEMBL1784092,O=C(Nc1cccc(Cl)c1N1CCN(c2ccccn2)CC1)c1ccc(Br)o1,,,6.0,1,,,,unknown
CHEMBL1784093,CC(=O)N1CCN(c2c(Cl)cccc2NC(=O)c2ccc(Br)o2)CC1,,,6.09,1,,,,unknown
CHEMBL1784096,C=CCN1CCN(c2c(C)cccc2NC(=O)c2ccc(Br)o2)CC1,,,6.7,1,,,,unknown
CHEMBL1784097,C#CCN1CCN(c2c(F)cccc2NC(=O)c2ccc(Br)o2)CC1,,,6.54,1,,,,unknown
CHEMBL1784644,Cc1cc(-c2n[nH]c(=S)n2-c2ccc3ccccc3c2)ccn1,,4.82,4.83,2,,,,unknown
CHEMBL1784646,Fc1cnccc1-c1n[nH]c(=S)n1-c1ccc2ccccc2c1,,4.46,4.56,2,,,,unknown
CHEMBL1784648,S=c1[nH]nc(-c2ccncc2)n1-c1ccc2ncccc2c1,,,4.5,1,,,,unknown
CHEMBL1784649,Nc1cc(-c2n[nH]c(=S)n2-c2ccc3ccccc3c2)ccn1,,6.3,5.99,2,,,,unknown
CHEMBL1784650,S=c1[nH]nc(-c2ccnc(NC3CCCCC3)c2)n1-c1ccc2ccccc2c1,,7.18,7.28,2,,,,unknown
CHEMBL1784651,S=c1[nH]nc(-c2ccnc(NCC3CC3)c2)n1-c1ccc2ccccc2c1,,5.65,6.03,2,,,,unknown
CHEMBL1784653,c1ccc2cc(-n3cnnc3-c3ccncc3)ccc2c1,,4.72,5.35,2,,,,unknown
CHEMBL1784654,Cc1nnc(-c2ccncc2)n1-c1ccc2ccccc2c1,,4.33,4.74,2,,,,unknown
CHEMBL1784655,c1ccc2cc(-n3nnnc3-c3ccncc3)ccc2c1,,,4.31,1,,,,unknown
CHEMBL1784656,Clc1nnc(-c2ccncc2)n1-c1ccc2ccccc2c1,,,4.52,1,,,,unknown
CHEMBL1784657,N/N=c1\[nH]nc(-c2ccncc2)n1-c1ccc2ccccc2c1,,4.47,4.83,2,,,,unknown
CHEMBL1784658,Clc1nnn(-c2ccncc2)c1-c1ccc2ccccc2c1,,4.42,4.9,2,,,,unknown
CHEMBL1784659,c1ccc2cc(-c3cnnn3-c3ccncc3)ccc2c1,,4.73,5.32,2,,,,unknown
CHEMBL1784660,c1ccc2cc(-c3ccnn3-c3ccncc3)ccc2c1,,5.03,5.61,2,,,,unknown
CHEMBL1784661,c1ccc2cc(-n3nccc3-c3ccncc3)ccc2c1,,5.31,5.91,2,,,,unknown
CHEMBL1784663,c1ccc2cc(-n3ccnc3-c3ccncc3)ccc2c1,,5.19,5.72,2,,,,unknown
CHEMBL1784664,c1ccc2cc(-n3nncc3-c3ccncc3)ccc2c1,,5.04,5.57,2,,,,unknown
CHEMBL1784665,c1ccc2cc(-c3nn[nH]c3-c3ccncc3)ccc2c1,,5.91,6.44,2,,,,unknown
CHEMBL1784666,c1ccc2cc(-c3[nH]ncc3-c3ccncc3)ccc2c1,,6.06,6.61,2,,,,unknown
CHEMBL1784667,c1ccc2cc(-c3ncncc3-c3ccncc3)ccc2c1,,4.74,5.38,2,,,,unknown
CHEMBL1801089,O=C1NCCCc2[nH]c3c(ccc4cnc(-c5cncc(OCCN6CCOCC6)c5)cc43)c21,,5.5,,1,,,,unknown
CHEMBL1801090,COCCOc1cncc(-c2cc3c(ccc4c5c([nH]c43)CCCNC5=O)cn2)c1,,5.57,,1,,,,unknown
CHEMBL1801316,COc1ccc(-c2cc3c(ccc4c5c([nH]c43)CN(C)NC5=O)cn2)cc1,,6.26,,1,,,,unknown
CHEMBL1801373,O=C1NCc2[nH]c3c(ccc4cnc(/C=C/c5ccccc5)cc43)c21,,8.7,,1,,,,unknown
CHEMBL1801374,O=C1NCc2[nH]c3c(ccc4cnc(/C=C/c5ccc(CN6CCOCC6)cc5)cc43)c21,,7.66,,1,,,,unknown
CHEMBL1801375,O=C1NCc2[nH]c3c(ccc4cnc(/C=C/c5cccc(CCN6CCOCC6)c5)cc43)c21,,7.47,,1,,,,unknown
CHEMBL1801376,O=C1NCc2[nH]c3c(ccc4cnc(Nc5cccc(F)c5)cc43)c21,,9.0,,1,,,,unknown
CHEMBL1801378,O=C1NCc2[nH]c3c(ccc4cnc(-c5ccccc5F)cc43)c21,,7.52,,1,,,,unknown
CHEMBL1801380,O=C1NCc2[nH]c3c(ccc4cnc(-c5cccc(OCCN6CCOCC6)c5)cc43)c21,,7.96,,1,,,,unknown
CHEMBL1801381,O=C1NCc2[nH]c3c(ccc4cnc(-c5cncc(OCCN6CCOCC6)c5)cc43)c21,,7.12,,1,,,,unknown
CHEMBL1801382,COCCOc1cncc(-c2cc3c(ccc4c5c([nH]c43)CNC5=O)cn2)c1,,7.42,,1,,,,unknown
CHEMBL1801384,O=C1NCCc2[nH]c3c(ccc4cnc(/C=C/c5ccc(CN6CCOCC6)cc5)cc43)c21,,6.7,,1,,,,unknown
CHEMBL1801385,O=C1NCCc2[nH]c3c(ccc4cnc(/C=C/c5cccc(CCN6CCOCC6)c5)cc43)c21,,7.12,,1,,,,unknown
CHEMBL1801386,COc1ccc(-c2cc3c(ccc4c5c([nH]c43)CCNC5=O)cn2)cc1F,,5.85,,1,,,,unknown
CHEMBL1801387,O=C1NCCc2[nH]c3c(ccc4cnc(-c5cccc(OCCN6CCOCC6)c5)cc43)c21,,6.57,,1,,,,unknown
CHEMBL1801388,O=C1NCCc2[nH]c3c(ccc4cnc(-c5cncc(OCCN6CCOCC6)c5)cc43)c21,,6.38,,1,,,,unknown
CHEMBL1801389,COc1ccc(-c2cc3c(ccc4c5c([nH]c43)CCC5=O)cn2)cc1F,,5.66,,1,,,,unknown
CHEMBL1801390,O=C1NCCCc2[nH]c3c(ccc4cnc(/C=C/c5ccccc5)cc43)c21,,7.07,,1,,,,unknown
CHEMBL1801391,O=C1NCCCc2[nH]c3c(ccc4cnc(/C=C/c5ccc(CN6CCOCC6)cc5)cc43)c21,,6.01,,1,,,,unknown
CHEMBL1801392,O=C1NCCCc2[nH]c3c(ccc4cnc(/C=C/c5cccc(CCN6CCOCC6)c5)cc43)c21,,6.16,,1,,,,unknown
CHEMBL1822132,O=C(Cc1ccc(F)c2cnccc12)Nc1scc(Br)c1-c1ncn[nH]1,,7.17,7.62,2,,,,unknown
CHEMBL1822133,O=C(Cc1cccc2ncc(F)cc12)Nc1scc(Br)c1-c1ncn[nH]1,,7.04,7.52,2,,,,unknown
CHEMBL1822134,O=C(Cc1cc(F)cc2ncccc12)Nc1scc(Br)c1-c1ncn[nH]1,,,7.39,1,,,,unknown
CHEMBL1822135,O=C(Cc1cccc2ncc(C(F)(F)F)cc12)Nc1scc(Br)c1-c1ncn[nH]1,,,7.28,1,,,,unknown
CHEMBL1822136,O=C(Cc1cc(C(F)(F)F)cc2ncccc12)Nc1scc(Br)c1-c1ncn[nH]1,5.3,,,1,,,,non-selective
CHEMBL1822138,O=C(CN1C(=O)CCc2ncccc21)Nc1scc(Br)c1-c1ncn[nH]1,,7.5,7.85,2,,,,unknown
CHEMBL1822139,N#Cc1csc(NC(=O)CN2C(=O)CCc3ncccc32)c1-c1ncn[nH]1,,7.75,8.22,2,,,,unknown
CHEMBL1822140,O=C(Cn1c(=O)ccc2cnccc21)Nc1scc(Br)c1-c1ncn[nH]1,,8.1,8.15,2,,,,unknown
CHEMBL1822141,O=C(Cn1c(=O)ccc2cnc(C(F)(F)F)cc21)Nc1scc(Br)c1-c1ncn[nH]1,,7.68,8.22,2,,,,unknown
CHEMBL1822142,O=C(Cn1c(=O)ccc2nc(C(F)(F)F)ccc21)Nc1scc(Br)c1-c1ncn[nH]1,,7.42,7.85,2,,,,unknown
CHEMBL1822143,O=C(Cn1c(=O)ccn2nccc12)Nc1scc(Br)c1-c1ncn[nH]1,,7.13,8.1,2,,,,unknown
CHEMBL1822144,O=C(Cn1c(=O)ccn2nc(C(F)(F)F)cc12)Nc1scc(Br)c1-c1ncn[nH]1,,7.44,7.85,2,,,,unknown
CHEMBL1822145,O=C(Cn1c(=O)ccc2cc(F)c(F)cc21)Nc1scc(Br)c1-c1ncn[nH]1,,7.82,8.3,2,,,,unknown
CHEMBL1822146,O=C(Cn1c(=O)ccc2cc(C(F)(F)F)ccc21)Nc1scc(Br)c1-c1ncn[nH]1,,8.3,8.05,2,,,,unknown
CHEMBL1822147,O=C(Cn1c(=O)ccc2ccc(C(F)(F)F)cc21)Nc1scc(Br)c1-c1ncn[nH]1,,7.68,8.05,2,,,,unknown
CHEMBL1822148,O=C(Cn1c(=O)ccc2c(C(F)(F)F)cccc21)Nc1scc(Br)c1-c1ncn[nH]1,,,7.15,1,,,,unknown
CHEMBL1822149,O=C(Cn1c(=O)ccc2cc(OC(F)(F)F)ccc21)Nc1scc(Br)c1-c1ncn[nH]1,,7.92,8.22,2,,,,unknown
CHEMBL1822150,O=C(Cn1c(=O)ccc2ccc(OC(F)(F)F)cc21)Nc1scc(Br)c1-c1ncn[nH]1,,7.17,7.72,2,,,,unknown
CHEMBL1822151,N#Cc1ccc2c(ccc(=O)n2CC(=O)Nc2scc(Br)c2-c2ncn[nH]2)c1,,8.0,8.7,2,,,,unknown
CHEMBL1822152,N#Cc1ccc2ccc(=O)n(CC(=O)Nc3scc(Br)c3-c3ncn[nH]3)c2c1,,8.0,8.7,2,,,,unknown
CHEMBL1822153,O=C(CN1C(=O)CCc2ncccc21)Nc1scc(Br)c1-c1ncco1,,7.18,8.22,2,,,,unknown
CHEMBL1822154,O=C(CN1C(=O)CCc2ncccc21)Nc1scc(Br)c1-c1nccs1,,,7.82,1,,,,unknown
CHEMBL1822305,Cn1cnc(-c2c(Br)csc2NC(=O)CN2C(=O)CCc3ncccc32)n1,,7.89,8.52,2,,,,unknown
CHEMBL1822306,N#Cc1csc(NC(=O)CN2C(=O)CCc3ncccc32)c1-c1nccs1,,7.21,7.96,2,,,,unknown
CHEMBL1822307,N#Cc1csc(NC(=O)Cn2c(=O)ccc3cc(C(F)(F)F)ccc32)c1-c1ncco1,,7.54,8.1,2,,,,unknown
CHEMBL1822308,N#Cc1csc(NC(=O)Cn2c(=O)ccc3cc(C(F)(F)F)ccc32)c1-c1nccs1,,7.28,8.05,2,,,,unknown
CHEMBL1822309,N#Cc1csc(NC(=O)Cn2c(=O)ccc3cc(C(F)(F)F)ccc32)c1-c1cscn1,,7.77,8.1,2,,,,unknown
CHEMBL1921815,NC(=O)c1ccccc1Nc1cc(Oc2ccc(Cl)c(Cl)c2)ncc1C(F)(F)F,,,7.0,1,,,,unknown
CHEMBL1923184,NC(=O)c1ccccc1Nc1ccnc(Oc2ccccc2)c1,,,6.28,1,,,,unknown
CHEMBL1923185,NC(=O)c1ccccc1Nc1ccnc(Oc2ccc(N3CCNCC3)cc2)c1,,,7.16,1,,,,unknown
CHEMBL1923186,COc1ccc(Oc2cc(Nc3ccccc3C(N)=O)c(F)cn2)cc1,,,7.32,1,,,,unknown
CHEMBL1923187,COc1ccc(Oc2cc(Nc3ccccc3C(N)=O)c(Cl)cn2)cc1,,,7.82,1,,,,unknown
CHEMBL1923188,COc1ccc(Oc2cc(Nc3ccccc3C(N)=O)c(C(F)(F)F)cn2)cc1,,,7.43,1,,,,unknown
CHEMBL1923189,COc1cccc(Oc2cc(Nc3ccccc3C(N)=O)c(C(F)(F)F)cn2)c1,,,7.16,1,,,,unknown
CHEMBL1923190,COc1ccccc1Oc1cc(Nc2ccccc2C(N)=O)c(C(F)(F)F)cn1,,,5.46,1,,,,unknown
CHEMBL1923191,NC(=O)c1ccccc1Nc1cc(Oc2ccc(OC(F)(F)F)cc2)ncc1C(F)(F)F,,,7.46,1,,,,unknown
CHEMBL1923192,CCOc1ccc(Oc2cc(Nc3ccccc3C(N)=O)c(C(F)(F)F)cn2)cc1,,,6.96,1,,,,unknown
CHEMBL1923193,CCCOc1ccc(Oc2cc(Nc3ccccc3C(N)=O)c(C(F)(F)F)cn2)cc1,,,6.85,1,,,,unknown
CHEMBL1923194,CC(C)(C)Oc1ccc(Oc2cc(Nc3ccccc3C(N)=O)c(C(F)(F)F)cn2)cc1,,,7.57,1,,,,unknown
CHEMBL1923195,NC(=O)c1ccccc1Nc1cc(Oc2ccc(F)cc2)ncc1C(F)(F)F,,,6.7,1,,,,unknown
CHEMBL1923196,NC(=O)c1ccccc1Nc1cc(Oc2ccc(Br)cc2)ncc1C(F)(F)F,,,6.42,1,,,,unknown
CHEMBL1923197,NC(=O)c1ccccc1Nc1cc(Oc2cccc(Cl)c2)ncc1C(F)(F)F,,,6.7,1,,,,unknown
CHEMBL1923198,COc1ccc(Oc2cc(Nc3ccccc3C(N)=O)c(C(F)(F)F)cn2)c(Cl)c1,,,7.0,1,,,,unknown
CHEMBL1923199,NC(=O)c1ccccc1Nc1cc(Oc2cccc3ccccc23)ncc1C(F)(F)F,,,6.0,1,,,,unknown
CHEMBL1923200,NC(=O)c1ccccc1Nc1cc(Oc2ccc3ccccc3c2)ncc1C(F)(F)F,,,6.5,1,,,,unknown
CHEMBL1923201,NC(=O)c1ccccc1Nc1cc(Oc2ccc3c(c2)OCO3)ncc1C(F)(F)F,,,7.32,1,,,,unknown
CHEMBL1923202,NC(=O)c1ccccc1Nc1cc(Oc2ccc(-n3cncn3)cc2)ncc1C(F)(F)F,,,7.1,1,,,,unknown
CHEMBL1923203,NC(=O)c1ccccc1Nc1cc(Oc2ccc(N3CCNCC3)cc2)ncc1C(F)(F)F,,,7.47,1,,,,unknown
CHEMBL1923204,NC(=O)c1ccccc1Nc1cc(Oc2ccc(-c3cccnc3)cc2)ncc1C(F)(F)F,,,7.14,1,,,,unknown
CHEMBL1923205,COc1ccc(Oc2cc(Nc3cccc(Cl)c3C(N)=O)c(C(F)(F)F)cn2)cc1,,,5.66,1,,,,unknown
CHEMBL1923206,COc1ccc(Oc2cc(Nc3cccc(OC)c3C(N)=O)c(C(F)(F)F)cn2)cc1,,,5.66,1,,,,unknown
CHEMBL1923207,COc1ccc(Oc2cc(Nc3ccc(F)cc3C(N)=O)c(C(F)(F)F)cn2)cc1,,,7.35,1,,,,unknown
CHEMBL1923208,COc1ccc(Oc2cc(Nc3ccc(Cl)cc3C(N)=O)c(C(F)(F)F)cn2)cc1,,,7.52,1,,,,unknown
CHEMBL1923209,COc1ccc(Oc2cc(Nc3cc(F)ccc3C(N)=O)c(C(F)(F)F)cn2)cc1,,,7.31,1,,,,unknown
CHEMBL1923210,COc1ccc(Oc2cc(Nc3cc(Cl)ccc3C(N)=O)c(C(F)(F)F)cn2)cc1,,,7.11,1,,,,unknown
CHEMBL1923211,COc1ccc(Oc2cc(Nc3cc(OC)ccc3C(N)=O)c(C(F)(F)F)cn2)cc1,,,7.77,1,,,,unknown
CHEMBL1923212,COc1ccc(Oc2cc(Nc3c(F)cccc3C(N)=O)c(C(F)(F)F)cn2)cc1,,,7.22,1,,,,unknown
CHEMBL1923213,COc1ccc(Oc2cc(Nc3c(Cl)cccc3C(N)=O)c(C(F)(F)F)cn2)cc1,,,6.8,1,,,,unknown
CHEMBL1923215,CNC(=O)c1ccccc1Nc1cc(Oc2ccc(OC)cc2)ncc1Cl,,,6.77,1,,,,unknown
CHEMBL1923216,COc1ccc(Oc2cc(Nc3ccccc3-c3nc[nH]n3)c(Cl)cn2)cc1,,,6.85,1,,,,unknown
CHEMBL1923217,COc1ccc(Oc2ncc(Cl)c(Nc3ccccc3C(N)=O)n2)cc1,,,8.15,1,,,,unknown
CHEMBL1946324,COc1ccc(Nc2ncc3nc(Nc4ccccc4)n(C4CCCC4)c3n2)cc1,,6.1,,1,,,,unknown
CHEMBL1946325,COc1ccc(Nc2ncc3nc(Nc4ccccc4F)n(C4CCCC4)c3n2)cc1,,6.92,,1,,,,unknown
CHEMBL1946327,COc1ccc(Nc2ncc3nc(Nc4ccc(F)cc4F)n(C4CCCC4)c3n2)cc1,,6.89,,1,,,,unknown
CHEMBL1946328,COc1ccc(Nc2ncc3nc(Nc4c(F)cccc4F)n(C4CCCC4)c3n2)cc1,,7.34,,1,,,,unknown
CHEMBL1946329,CNc1ncc2nc(Nc3ccccc3F)n(C3CCCC3)c2n1,,6.44,,1,,,,unknown
CHEMBL1946330,CCNc1ncc2nc(Nc3ccccc3F)n(C3CCCC3)c2n1,,6.85,,1,,,,unknown
CHEMBL1946331,CC(C)Nc1ncc2nc(Nc3ccccc3F)n(C3CCCC3)c2n1,,7.18,,1,,,,unknown
CHEMBL1946332,Fc1ccccc1Nc1nc2cnc(NC3CCCCC3)nc2n1C1CCCC1,,7.34,,1,,,,unknown
CHEMBL1946333,O[C@H]1CC[C@H](Nc2ncc3nc(Nc4ccccc4F)n(C4CCCC4)c3n2)CC1,,8.0,,1,,,,unknown
CHEMBL1946334,N[C@H]1CC[C@H](Nc2ncc3nc(Nc4ccccc4F)n(C4CCCC4)c3n2)CC1,,7.58,,1,,,,unknown
CHEMBL1946335,CCn1c(Nc2ccccc2F)nc2cnc(Nc3ccc(OC)cc3)nc21,,6.37,,1,,,,unknown
CHEMBL1946336,COc1ccc(Nc2ncc3nc(Nc4ccccc4F)n(C(C)C)c3n2)cc1,,7.08,,1,,,,unknown
CHEMBL1946337,COc1ccc(Nc2ncc3nc(Nc4ccccc4F)n(C4CCCCC4)c3n2)cc1,,6.85,,1,,,,unknown
CHEMBL1946338,COc1ccc(Nc2ncc3nc(Nc4ccccc4F)n(-c4ccccc4)c3n2)cc1,,6.0,,1,,,,unknown
CHEMBL1946339,COc1ccc(Nc2ncc3nc(Nc4ccccc4F)n([C@H]4CC[C@H](N)CC4)c3n2)cc1,,6.62,,1,,,,unknown
CHEMBL1946340,COc1ccc(Nc2ncc3nc(Nc4ccccc4F)n([C@H]4CC[C@@H](O)CC4)c3n2)cc1,,7.85,,1,,,,unknown
CHEMBL1946341,COc1ccc(Nc2ncc3nc(Nc4ccccc4F)n(C4CCOCC4)c3n2)cc1,,7.28,,1,,,,unknown
CHEMBL1946495,COc1ccc(Nc2ncc3nc(Nc4ccccc4F)n([C@H]4CC[C@@H](C(N)=O)CC4)c3n2)cc1,,7.66,,1,,,,unknown
CHEMBL1946646,N[C@H]1CC[C@H](Nc2ncc3nc(Nc4c(F)cccc4F)n(C4CCCC4)c3n2)CC1,,8.05,,1,,,,unknown
CHEMBL1946647,N[C@H]1CC[C@H](Nc2ncc3nc(Nc4c(F)cc(F)cc4F)n(C4CCCC4)c3n2)CC1,,7.96,,1,,,,unknown
CHEMBL1946837,N[C@H]1CC[C@H](Nc2ncc3nc(Nc4ccc(F)cc4F)n(C4CCCC4)c3n2)CC1,,7.6,,1,,,,unknown
CHEMBL1950289,O[C@H]1CC[C@H](Nc2ncc3nc(Nc4c(F)cc(F)cc4F)n([C@H]4CCOC4)c3n2)CC1,,8.3,,1,,,,unknown
CHEMBL1967431,CCn1c(C)cs/c1=N/C(=O)c1ccccc1O,,,4.39,1,,,,unknown
CHEMBL1969923,NC(=S)N/N=C1\NC(=O)/C(=C/c2ccc3c(c2)OCO3)S1,,5.984999999999999,,1,,,,unknown
CHEMBL1975622,C/C(=N/Cc1ccco1)C1=C(O)c2ccccc2C1=O,,,4.51,1,,,,unknown
CHEMBL1980140,C[C@@H]1[C@H](C)[C@H](c2ccc3c(c2)OCO3)O[C@H]1c1ccc2c(c1)OCO2,,5.6,,1,,,,unknown
CHEMBL1981814,COc1cccc(C2c3cc4c(cc3OC(NCCO)C2C)OCO4)c1OC,,5.66,,1,,,,unknown
CHEMBL1991853,N#CC(c1ccnc(Cl)n1)c1nc2ccccc2s1,,6.3,,1,,,,unknown
CHEMBL1996902,CCOC(=O)c1cccc2c1-c1ccccc1/C2=N/O,,,4.94,1,,,,unknown
CHEMBL2000337,O=C(CC(C(=O)O)c1ccc2c(c1)OCO2)c1ccc2c(c1)OCO2,,4.67,,1,,,,unknown
CHEMBL2005690,COC(=O)c1cccc2c1-c1ccccc1/C2=N/O,,,5.05,1,,,,unknown
CHEMBL202639,CC(=O)N1CCC[C@@H](C(=O)Nc2cc(-c3ccnc(Nc4ccc(F)cc4)c3)ccn2)C1,,,8.3,1,,,,unknown
CHEMBL202666,CC(=O)N1CCC[C@H](C(=O)Nc2cc(-c3ccnc(Nc4ccc(F)cc4)c3)ccn2)C1,,,8.0,1,,,,unknown
CHEMBL202676,CO[C@H]1CC[C@@H](C(=O)Nc2cc(-c3ccnc(Nc4ccc(F)cc4)c3)ccn2)CC1,,,7.82,1,,,,unknown
CHEMBL202961,CCOc1ccccc1Nc1cc(-c2ccnc(Nc3ccccc3OCC)c2)ccn1,,,6.16,1,,,,unknown
CHEMBL203009,COC1CCC(C(=O)Nc2cc(-c3ccnc(Nc4ccccc4)c3)ccn2)CC1,,,7.5,1,,,,unknown
CHEMBL203059,O=C(Nc1cc(-c2ccnc(Nc3ccccc3)c2)ccn1)C1CCOCC1,,,8.1,1,,,,unknown
CHEMBL203225,CC(=O)N1CCCC(C(=O)Nc2cc(-c3ccnc(Nc4ccccc4)c3)ccn2)C1,,,8.05,1,,,,unknown
CHEMBL203289,Fc1ccccc1Nc1cc(-c2ccnc(Nc3ccccc3F)c2)ccn1,,,7.5,1,,,,unknown
CHEMBL203535,O=C(Nc1cc(-c2ccnc(Nc3ccccc3)c2)ccn1)C1CCOC1,,,8.15,1,,,,unknown
CHEMBL203631,CO[C@H]1CC[C@H](C(=O)Nc2cc(-c3ccnc(Nc4ccc(F)cc4)c3)ccn2)CC1,,,6.63,1,,,,unknown
CHEMBL203792,Nc1ccccc1Nc1cc(-c2ccnc(Nc3ccccc3N)c2)ccn1,,,6.97,1,,,,unknown
CHEMBL203839,O=C(Nc1cc(-c2ccnc(Nc3ccc(F)cc3)c2)ccn1)C1CCOC1,,,8.285,1,,,,unknown
CHEMBL204757,CC(=O)N1CCC(C(=O)Nc2cc(-c3ccnc(Nc4ccccc4)c3)ccn2)CC1,,,7.36,1,,,,unknown
CHEMBL205078,O=C(Nc1cc(-c2ccnc(Nc3ccc(F)cc3)c2)ccn1)C1CCOCC1,,,8.22,1,,,,unknown
CHEMBL205402,Cc1cnc(C(=O)Nc2cc(-c3ccnc(Nc4ccccc4)c3)ccn2)cn1,,,7.48,1,,,,unknown
CHEMBL205561,Cc1ccccc1Nc1cc(-c2ccnc(Nc3ccccc3C)c2)ccn1,,,6.19,1,,,,unknown
CHEMBL205672,Fc1ccc(Nc2cc(-c3ccnc(Nc4ccc(F)cc4)c3)ccn2)cc1,,,7.77,1,,,,unknown
CHEMBL206466,CC(=O)N1CCCC(C(=O)Nc2cc(-c3ccnc(Nc4ccc(F)cc4)c3)ccn2)C1,,,7.82,1,,,,unknown
CHEMBL208447,CCOc1nc(NC(=O)Cc2cccc(C)c2)cc(N)c1C#N,,6.1,,1,,,,unknown
CHEMBL208558,CCOc1nc(NC(=O)Cc2ccccc2C)cc(N)c1C#N,,6.13,,1,,,,unknown
CHEMBL208637,CCOc1nc(NC(C)=O)cc(N)c1C#N,,5.96,,1,,,,unknown
CHEMBL208877,CCOc1nc(NC(=O)CN2CCOCC2)cc(N)c1C#N,,5.92,,1,,,,unknown
CHEMBL209082,CCOc1nc(NC(=O)C(C)C)cc(N)c1C#N,,5.08,,1,,,,unknown
CHEMBL209136,CC(=O)Nc1cc(N)c(C#N)c(NC(C)C)n1,,5.52,,1,,,,unknown
CHEMBL209192,CCOc1nc(NC(=O)Cc2ccc(C)cc2)cc(N)c1C#N,,6.44,,1,,,,unknown
CHEMBL209291,CCOc1nc(NC(=O)Cc2cccc(OC)c2)cc(N)c1C#N,,6.51,,1,,,,unknown
CHEMBL209292,CCOc1nc(NC(=O)Cc2ccc(Cl)cc2)cc(N)c1C#N,,6.21,,1,,,,unknown
CHEMBL209299,CCOc1nc(NC(=O)CN(CC)CC)cc(N)c1C#N,,5.2,,1,,,,unknown
CHEMBL209397,CS(=O)(=O)c1ccc(CNC(=O)c2cc(N)c(C#N)c(Cl)n2)cc1,,5.36,,1,,,,unknown
CHEMBL209505,CCOc1nc(NC(=O)Cc2cc(OC)c([N+](=O)[O-])cc2OC)cc(N)c1C#N,,7.0,,1,,,,unknown
CHEMBL209534,CCOc1nc(C(=O)NCc2cccnc2)cc(N)c1C#N,,7.39,,1,,,,unknown
CHEMBL209669,CCCCNC(=O)C1CCN(CC(=O)Nc2cc(N)c(C#N)c(OCC)n2)CC1,,6.75,,1,,,,unknown
CHEMBL209769,CCOc1nc(NC(=O)Cc2cc(OC)c(NC(C)=O)cc2OC)cc(N)c1C#N,,7.58,,1,,,,unknown
CHEMBL209770,CCOc1nc(NC(=O)CN2CCC(O)CC2)cc(N)c1C#N,,6.19,,1,,,,unknown
CHEMBL210032,CC(=O)Nc1cc(N)c(C#N)c(-c2ccccc2)n1,,5.11,,1,,,,unknown
CHEMBL210222,CCOc1nc(NC(=O)CC(C)C)cc(N)c1C#N,,5.46,,1,,,,unknown
CHEMBL210307,CC(=O)Nc1cc(N)c(C#N)c(OCCC(=O)O)n1,,5.31,,1,,,,unknown
CHEMBL210363,COc1nc(NC(C)=O)cc(N)c1C#N,,5.35,,1,,,,unknown
CHEMBL210462,COc1ccc(OC)c(CC(=O)Nc2cc(N)c(C#N)c(OCCO)n2)c1,,6.62,,1,,,,unknown
CHEMBL210586,CCOc1nc(NC(=O)Cc2cccc(Cl)c2)cc(N)c1C#N,,6.05,,1,,,,unknown
CHEMBL210618,CCOc1nc(NC(=O)Cc2cc(OC)ccc2OC)cc(N)c1C#N,,6.8,7.85,2,,,,unknown
CHEMBL210655,CCOc1nc(NC(=O)Cc2ccccc2OC)cc(N)c1C#N,,6.58,,1,,,,unknown
CHEMBL210737,COc1ccc(OC)c(CC(=O)Nc2cc(N)c(C#N)cn2)c1,,5.29,,1,,,,unknown
CHEMBL210861,CCOc1nc(NC(=O)Cc2ccccc2)cc(N)c1C#N,,6.11,,1,,,,unknown
CHEMBL210928,CCOc1nc(NC(=O)Cc2cc(OC)c(S(C)(=O)=O)cc2OC)cc(N)c1Cl,,7.16,,1,,,,unknown
CHEMBL210963,CCOc1nc(NC(=O)Cc2cc(OC)c(S(C)(=O)=O)cc2OC)cc(N)c1C#N,,6.82,,1,,,,unknown
CHEMBL211009,COCCOc1nc(NC(=O)Cc2cc(OC)ccc2OC)cc(N)c1C#N,,6.57,,1,,,,unknown
CHEMBL211195,CCOc1nc(C(=O)NCc2ccccc2)cc(N)c1C#N,,6.72,,1,,,,unknown
CHEMBL211584,CCOc1nc(C(=O)NCc2ccc(-c3ccc(C(=O)O)cc3)nc2)cc(N)c1C#N,,7.96,,1,,,,unknown
CHEMBL211605,CCOc1nc(C(=O)NC)cc(N)c1C#N,,6.21,,1,,,,unknown
CHEMBL214212,CCOc1nc(C(=O)NCc2cc(OC)ccc2OC)cc(N)c1C#N,,6.92,,1,,,,unknown
CHEMBL2144409,Cc1ccc(-c2ncn(-c3ccc(Nc4nccc(-c5cccc(N6CCOCC6)c5)n4)cc3)n2)cn1,,6.55,,1,,,,unknown
CHEMBL2151191,C[C@@H]1[C@H](C)[C@@H](c2ccc3c(c2)OCO3)O[C@@H]1c1ccc2c(c1)OCO2,,5.63,,1,,,,unknown
CHEMBL2151192,N=C1NC2C(/N=N/c3ccc(Br)cc3)C(=N)NN2c2[nH][nH]c(=N)c21,,4.545,,1,,,,unknown
CHEMBL2151193,COc1ccc(-c2nnc3sc4c5ccccc5ccc4n23)cc1,,4.529999999999999,,1,,,,unknown
CHEMBL2151285,Cc1ccc(/N=N/c2c(=N)[nH]n3cc4c(nc23)CCCC4)cc1,,4.77,,1,,,,unknown
CHEMBL2151286,COc1ccc(/N=N/c2c(=N)[nH]n3cc4c(nc23)CCC4)cc1,,4.96,,1,,,,unknown
CHEMBL2152382,COC(=O)c1c(Cc2ccc(C(=O)NCCO)cc2)c(=O)c2ccc(Cl)cc2n1-c1ccccc1,,6.77,,1,,,,unknown
CHEMBL218139,CS(=O)(=O)c1ccc(CNC(=O)c2cc(N)c(C#N)c(NCCN)n2)cc1,5.8,,,1,,,,non-selective
CHEMBL218141,CS(=O)(=O)c1ccc(CNC(=O)c2cc(N)c(C#N)c(/C=C/CCO)n2)cc1,6.77,,,1,,,,non-selective
CHEMBL218194,CC(C)Nc1nc(C(=O)NCc2ccc(S(C)(=O)=O)cc2)cc(N)c1C#N,7.17,,,1,,,,non-selective
CHEMBL218219,CS(=O)(=O)c1ccc(CNC(=O)c2cc(N)c(C#N)c(NCCO)n2)cc1,7.03,,,1,,,,non-selective
CHEMBL218367,CS(=O)(=O)c1ccc(CNC(=O)c2cc(N)c(C#N)c(-c3ccc(C(=O)O)s3)n2)cc1,6.6,,,1,,,,non-selective
CHEMBL218419,COc1ccc(Oc2nc(C(=O)NCc3ccc(S(C)(=O)=O)cc3)cc(N)c2C#N)cc1,6.38,,,1,,,,non-selective
CHEMBL218657,C/C=C\c1nc(C(=O)NCc2ccc(S(C)(=O)=O)cc2)cc(N)c1C#N,6.82,,,1,,,,non-selective
CHEMBL218658,CC(C)COc1nc(C(=O)NCc2ccc(S(C)(=O)=O)cc2)cc(N)c1C#N,7.06,,,1,,,,non-selective
CHEMBL219112,CS(=O)(=O)c1ccc(CNC(=O)c2cc(N)c(C#N)c(-c3ccsc3)n2)cc1,7.09,,,1,,,,non-selective
CHEMBL2204093,COC(=O)c1c(Cc2ccc(S(C)(=O)=O)cc2)c(=O)c2ccc(C(F)(F)F)nc2n1-c1ccccc1,,6.66,,1,,,,unknown
CHEMBL2204094,COC(=O)c1c(Cc2ccc(C(=O)NCCO)cc2)c(=O)c2ccc(C(F)(F)F)nc2n1-c1ccccc1,,6.75,,1,,,,unknown
CHEMBL2204095,COC(=O)c1c(CN2CCN(S(C)(=O)=O)CC2)c(=O)c2ccc(F)cc2n1-c1ccccc1,,6.29,,1,,,,unknown
CHEMBL2204096,COC(=O)c1c(CN2CCC(S(C)(=O)=O)CC2)c(=O)c2ccc(F)cc2n1-c1ccccc1,,6.85,,1,,,,unknown
CHEMBL2204097,COC(=O)c1c(CN2CCOCC2)c(=O)c2ccc(F)cc2n1-c1ccccc1,,6.05,,1,,,,unknown
CHEMBL2204098,COC(=O)c1c(CN2CC[C@@H](S(C)(=O)=O)C2)c(=O)c2ccc(F)cc2n1-c1ccccc1,,5.88,,1,,,,unknown
CHEMBL2204099,COC(=O)c1c(CN2CC[C@H](S(C)(=O)=O)C2)c(=O)c2ccc(F)cc2n1-c1ccccc1,,6.27,,1,,,,unknown
CHEMBL2204100,COC(=O)c1c(CN2CCC(S(C)(=O)=O)CC2)c(=O)c2ccc(C)nc2n1-c1ccccc1,,6.72,,1,,,,unknown
CHEMBL2204101,COC(=O)c1c(CN2CCC(S(C)(=O)=O)CC2)c(=O)c2ccc(C(F)(F)F)nc2n1-c1ccccc1,,6.54,,1,,,,unknown
CHEMBL2204103,O=c1c2ccccc2n(-c2ccccc2)c(=O)n1Cc1ccccc1,,5.03,,1,,,,unknown
CHEMBL2204104,O=c1c2ccc(Cl)cc2n(-c2ccccc2)c(=O)n1Cc1ccccc1,,5.42,,1,,,,unknown
CHEMBL2204105,COC(=O)c1c(Cc2ccccc2)c(=O)c2ccc(Cl)cc2n1-c1ccccc1,,6.02,,1,,,,unknown
CHEMBL2204106,CNS(=O)(=O)c1ccc(Cc2c(C(=O)OC)n(-c3ccccc3)c3cc(Cl)ccc3c2=O)cc1,,6.77,,1,,,,unknown
CHEMBL2204107,CCNC(=O)c1ccc(Cc2c(C(=O)OC)n(-c3ccccc3)c3cc(Cl)ccc3c2=O)cc1,,7.03,,1,,,,unknown
CHEMBL2204108,COC(=O)c1c(Cc2ccc(S(=O)(=O)N3CCNCC3)cc2)c(=O)c2ccc(Cl)cc2n1-c1ccccc1,,7.3,,1,,,,unknown
CHEMBL2204109,COC(=O)c1c(Cc2ccc(S(=O)(=O)N3CCNCC3)cc2)c(=O)c2ccc(F)cc2n1-c1ccccc1,,7.16,,1,,,,unknown
CHEMBL2204110,COC(=O)c1c(Cc2ccc(S(=O)(=O)N3CCC(O)CC3)cc2)c(=O)c2ccc(F)cc2n1-c1ccccc1,,6.7,,1,,,,unknown
CHEMBL2204111,COC(=O)c1c(Cc2ccc(S(=O)(=O)CCO)cc2)c(=O)c2ccc(F)cc2n1-c1ccccc1,,6.66,,1,,,,unknown
CHEMBL2204112,COC(=O)c1c(Cc2ccc(C(=O)NCCO)cc2)c(=O)c2ccc(C)nc2n1-c1ccccc1,,7.19,,1,,,,unknown
CHEMBL2204113,COC(=O)c1c(Cc2ccc(S(=O)(=O)N3CCNCC3)cc2)c(=O)c2ccc(C)nc2n1-c1ccccc1,,7.55,,1,,,,unknown
CHEMBL2204114,CCNC(=O)c1ccc(Cc2c(C(=O)OC)n(-c3ccccc3)c3nc(C)ccc3c2=O)cc1,,7.06,,1,,,,unknown
CHEMBL220504,CC(C)Oc1nc(C(=O)NCc2ccc(S(C)(=O)=O)cc2)cc(N)c1C#N,7.82,,,1,,,,non-selective
CHEMBL220547,CS(=O)(=O)c1ccc(CNC(=O)c2cc(N)c(C#N)c(-c3ccsc3CO)n2)cc1,6.24,,,1,,,,non-selective
CHEMBL220607,CS(=O)(=O)c1ccc(CNC(=O)c2cc(N)c(C#N)c(-c3ccsc3CNCc3ccccc3)n2)cc1,5.7,,,1,,,,non-selective
CHEMBL220658,CS(=O)(=O)c1ccc(CNC(=O)c2cc(N)c(C#N)c(NC3CC3)n2)cc1,7.5,,,1,,,,non-selective
CHEMBL220749,CS(=O)(=O)c1ccc(CNC(=O)c2cc(N)c(C#N)c(NCc3ccccc3)n2)cc1,6.09,,,1,,,,non-selective
CHEMBL220758,CS(=O)(=O)c1ccc(CNC(=O)c2cc(N)c(C#N)c(NCCc3ccccc3)n2)cc1,6.58,,,1,,,,non-selective
CHEMBL220810,CS(=O)(=O)c1ccc(CNC(=O)c2cc(N)c(C#N)c(NCCNC(N)=O)n2)cc1,7.03,,,1,,,,non-selective
CHEMBL220811,CS(=O)(=O)c1ccc(CNC(=O)c2cc(N)c(C#N)c(-c3cccnc3)n2)cc1,6.5,,,1,,,,non-selective
CHEMBL220812,CC(C)NC(=O)c1nc(C(=O)NCc2ccc(S(C)(=O)=O)cc2)cc(N)c1C#N,6.37,,,1,,,,non-selective
CHEMBL2208438,COC(=O)c1c(Cc2ccc(S(C)(=O)=O)cc2)c(=O)c2ccc(C)nc2n1-c1cccc(N)c1,,7.5,,1,,,,unknown
CHEMBL220864,CCOc1nc(C(=O)NCc2ccc(S(C)(=O)=O)cc2)cc(N)c1/C=C/C(C)(C)C,5.53,,,1,,,,non-selective
CHEMBL220865,CCOc1nc(C(=O)NCc2ccc(S(C)(=O)=O)cc2)cc(N)c1/C=C/C#N,6.39,,,1,,,,non-selective
CHEMBL221075,CS(=O)(=O)c1ccc(CNC(=O)c2cc(N)c(C#N)c(-c3cncnc3)n2)cc1,6.21,,,1,,,,non-selective
CHEMBL221126,C/C=C/c1nc(C(=O)NCc2ccc(S(C)(=O)=O)cc2)cc(N)c1C#N,7.32,,,1,,,,non-selective
CHEMBL221128,C#C/C=C/c1c(N)cc(C(=O)NCc2ccc(S(C)(=O)=O)cc2)nc1OCC,7.1,,,1,,,,non-selective
CHEMBL221175,CN(C)CCNc1nc(C(=O)NCc2ccc(S(C)(=O)=O)cc2)cc(N)c1C#N,5.14,,,1,,,,non-selective
CHEMBL221179,CCOc1nc(C(=O)NCc2ccc(S(C)(=O)=O)cc2)cc(N)c1C(N)=O,6.5,,,1,,,,non-selective
CHEMBL221227,C[C@@H](CO)Nc1nc(C(=O)NCc2ccc(S(C)(=O)=O)cc2)cc(N)c1C#N,6.75,,,1,,,,non-selective
CHEMBL221229,CS(=O)(=O)c1ccc(CNC(=O)c2cc(N)c(C#N)c(NC3CCC3)n2)cc1,7.07,,,1,,,,non-selective
CHEMBL221252,COc1cccc(-c2nc(C(=O)NCc3ccc(S(C)(=O)=O)cc3)cc(N)c2C#N)c1,6.37,,,1,,,,non-selective
CHEMBL221315,CS(=O)(=O)c1ccc(CNC(=O)c2cc(N)c(C#N)c(NCCC(N)=O)n2)cc1,7.18,,,1,,,,non-selective
CHEMBL2216824,Cc1cc(NC(=O)c2cccc(NC(=O)/C=C/CN(C)C)c2)ccc1Nc1nccc(-c2cccnc2)n1,,7.73,,1,,,,unknown
CHEMBL221745,CS(=O)(=O)c1ccc(CNC(=O)c2cc(N)c(C#N)c(-c3cccc(O)c3)n2)cc1,6.7,,,1,,,,non-selective
CHEMBL221916,C=Cc1c(N)cc(C(=O)NCc2ccc(S(C)(=O)=O)cc2)nc1OCC,5.93,,,1,,,,non-selective
CHEMBL221958,CCCNC(=O)c1c(N)cc(C(=O)NCc2ccc(S(C)(=O)=O)cc2)nc1OCC,5.28,,,1,,,,non-selective
CHEMBL221963,CCOc1nc(C(=O)NCc2ccc(S(C)(=O)=O)cc2)cc(N)c1C#CCO,5.96,,,1,,,,non-selective
CHEMBL222008,CS(=O)(=O)c1ccc(CNC(=O)c2cc(N)c(C#N)c(-c3cccc(Cl)c3)n2)cc1,5.93,,,1,,,,non-selective
CHEMBL2376905,O=C(NCCN1CCOCC1)c1cccc(-n2ncc3cc(Nc4ccccc4)cnc32)c1,,,6.77,1,,,,unknown
CHEMBL2376906,O=C(NCCCN1CCOCC1)c1ccc(-n2ncc3cc(Nc4ccccc4Cl)ccc32)cc1,,,7.48,1,,,,unknown
CHEMBL2376907,Cc1cccc(CC(=O)Nc2cnn(-c3cccc(C(=O)NC4CCOC(C)(C)C4)c3)c2)c1,,,5.96,1,,,,unknown
CHEMBL2376909,COc1cc(NC(=O)c2cccc(-n3ncc4cc(Nc5ccccc5)ccc43)c2)cc(OC)c1OC,,,7.62,1,,,,unknown
CHEMBL2376910,COc1cc(NC(=O)c2cccc(-n3ncc4cc(Nc5ccccc5Cl)ccc43)c2)cc(OC)c1OC,,,7.92,1,,,,unknown
CHEMBL2376911,CCOc1ccc(NC(=O)c2cccc(-n3ncc4cc(Nc5ccccc5F)ccc43)c2)cc1OC,,,7.34,1,,,,unknown
CHEMBL2376912,COc1cc(NC(=O)c2cccc(-n3ncc4cc(Nc5ccccc5C)ccc43)c2)cc(OC)c1OC,,,7.23,1,,,,unknown
CHEMBL2376913,Cc1cc(NC(=O)c2cccc(-n3ncc4cc(Nc5ccccc5Cl)ccc43)c2)ccc1N1CCOCC1,,,7.5,1,,,,unknown
CHEMBL2376914,Cc1cc(NC(=O)c2cccc(-n3ncc4cc(Nc5ccccc5F)ccc43)c2)ccc1N1CCOCC1,,,7.42,1,,,,unknown
CHEMBL2376915,O=C(NCCN1CCOCC1)c1cccc(-n2ncc3cc(Nc4ccccc4Cl)ccc32)c1,,,7.27,1,,,,unknown
CHEMBL2376916,O=C(NCCN1CCOCC1)c1cccc(-n2ncc3cc(Nc4c(Cl)cccc4Cl)ccc32)c1,,,7.11,1,,,,unknown
CHEMBL2376917,COc1ccccc1Nc1ccc2c(cnn2-c2cccc(C(=O)NCCCN3CCOCC3)c2)c1,,,7.37,1,,,,unknown
CHEMBL2376918,O=C(NCCCN1CCOCC1)c1cccc(-n2ncc3cc(Nc4ccccc4F)ccc32)c1,,,7.66,1,,,,unknown
CHEMBL2376919,O=C(NCCCN1CCOCC1)c1cccc(-n2ncc3cc(Nc4ccccc4Cl)ccc32)c1,,,7.82,1,,,,unknown
CHEMBL2376920,Cc1cccc(NC(=O)c2cccc(-n3ncc4cc(Nc5ccccc5F)ccc43)c2)c1,,,6.92,1,,,,unknown
CHEMBL2376921,Cc1cccc(NC(=O)c2cccc(-n3ncc4cc(Nc5ccccc5C)ccc43)c2)c1,,,6.6,1,,,,unknown
CHEMBL2376922,O=C(NCCO)c1cccc(-n2ncc3cc(Nc4ccccc4Cl)ccc32)c1,,,7.46,1,,,,unknown
CHEMBL2376923,O=C(NCCN1CCOCC1)c1cccc(-n2ncc3cc(Nc4ccccn4)ccc32)c1,,,5.85,1,,,,unknown
CHEMBL2376924,NC(=O)c1cccc(-n2ncc3cc(Nc4ccccc4F)ccc32)c1,,,7.2,1,,,,unknown
CHEMBL2376925,CN1CCN(CCNC(=O)c2cccc(-n3ncc4cc(Nc5c(Cl)cccc5Cl)ccc43)c2)CC1,,,7.3,1,,,,unknown
CHEMBL2376926,Cc1cccc(Nc2ccc3c(cnn3-c3cccc(C(=O)NCCN4CCN(C5CCC5)CC4)c3)c2)c1Cl,,,7.4,1,,,,unknown
CHEMBL2376927,O=C(NCCN1CCOCC1)c1cccc(-n2ncc3cc(Nc4ccccc4Cl)ccc32)n1,,,6.19,1,,,,unknown
CHEMBL2376928,O=C(NCCN1CCOCC1)c1cc(-n2ncc3cc(Nc4c(Cl)cccc4Cl)ccc32)ccn1,,,6.19,1,,,,unknown
CHEMBL2376929,CN1CCN(CCNC(=O)c2cncc(-n3ncc4cc(Nc5c(Cl)cccc5Cl)ccc43)c2)CC1,,,6.96,1,,,,unknown
CHEMBL2376930,O=C(NCCN1CCOCC1)c1ccnc(-n2ncc3cc(Nc4ccccc4Cl)ccc32)c1,,,6.92,1,,,,unknown
CHEMBL2376931,O=C(NCCN1CCOCC1)c1cccc(-n2ncc3cc(Nc4ccccc4Cl)ncc32)c1,,,7.1,1,,,,unknown
CHEMBL2390974,CS(=O)(=O)CCCOc1cccc2c1cnn2-c1ccnc(N[C@H]2CC[C@H](O)CC2)n1,,7.62,,1,,,,unknown
CHEMBL2392825,CS(=O)(=O)N[C@H]1CC[C@H](Nc2nccc(-n3ccc4c(N5CCC(S(C)(=O)=O)CC5)cccc43)n2)CC1,8.075,7.62,,2,0.4549999999999992,,0.4549999999999992,non-selective
CHEMBL2392826,CS(=O)(=O)N[C@H]1CC[C@H](Nc2nccc(-n3ccc4c(N5CCN(S(C)(=O)=O)CC5)cccc43)n2)CC1,7.135,6.75,,2,0.3849999999999998,,0.3849999999999998,non-selective
CHEMBL2392827,CS(=O)(=O)N[C@H]1CC[C@H](Nc2nccc(-n3ccc4c(N5CCN(C(=O)CC#N)CC5)cccc43)n2)CC1,7.855,7.44,,2,0.41500000000000004,,0.41500000000000004,non-selective
CHEMBL2392828,CS(=O)(=O)N[C@H]1CC[C@H](Nc2nccc(-n3ccc4c(N5CCN(C(=O)CO)CC5)cccc43)n2)CC1,7.585,7.17,,2,0.41500000000000004,,0.41500000000000004,non-selective
CHEMBL2392829,CS(=O)(=O)N[C@H]1CC[C@H](Nc2nccc(-n3ccc4c(N5CCCCC5)cccc43)n2)CC1,,6.19,,1,,,,unknown
CHEMBL2392830,CS(=O)(=O)N[C@H]1CC[C@H](Nc2nccc(-n3ccc4c(N5CCC(S(C)(=O)=O)C5)cccc43)n2)CC1,,6.55,,1,,,,unknown
CHEMBL2392831,CS(=O)(=O)N[C@H]1CC[C@H](Nc2nccc(-n3ccc4c(OCC5CCS(=O)(=O)C5)cccc43)n2)CC1,,7.46,,1,,,,unknown
CHEMBL2392832,CS(=O)(=O)C1CCN(c2cccc3c2cnn3-c2ccnc(N[C@H]3CC[C@H](O)CC3)n2)CC1,8.01,7.77,,2,0.2400000000000002,,0.2400000000000002,non-selective
CHEMBL2392833,CS(=O)(=O)C1CCN(c2cccc3c2ccn3-c2ccnc(N[C@H]3CC[C@H](O)CC3)n2)CC1,8.129999999999999,7.7,,2,0.4299999999999988,,0.4299999999999988,non-selective
CHEMBL2392834,CC(=O)N[C@H]1CC[C@H](Nc2nccc(-n3ccc4c(N5CCC(S(C)(=O)=O)CC5)cccc43)n2)CC1,7.744999999999999,7.31,,2,0.4349999999999996,,0.4349999999999996,non-selective
CHEMBL2392835,CS(=O)(=O)C1CCN(c2cccc3c2ccn3-c2ccnc(N[C@H]3CC[C@@](C)(O)CC3)n2)CC1,7.695,7.18,,2,0.5150000000000006,,0.5150000000000006,non-selective
CHEMBL2392836,CCOC(=O)[C@H]1CC[C@H](Nc2nccc(-n3ncc4c(N5CCC(S(C)(=O)=O)CC5)cccc43)n2)CC1,7.57,7.57,,2,0.0,,0.0,non-selective
CHEMBL2392837,CCOC(=O)[C@H]1CC[C@H](Nc2nccc(-n3ccc4c(N5CCC(S(C)(=O)=O)CC5)cccc43)n2)CC1,7.785,7.4,,2,0.3849999999999998,,0.3849999999999998,non-selective
CHEMBL2392838,CS(=O)(=O)C1CCN(c2cccc3c2ccn3-c2ccnc(N[C@H]3CC[C@H](C(=O)N4CCC(O)CC4)CC3)n2)CC1,7.78,7.48,,2,0.2999999999999998,,0.2999999999999998,non-selective
CHEMBL2392839,CCOC1CCN(C(=O)[C@H]2CC[C@H](Nc3nccc(-n4ccc5c(N6CCC(S(C)(=O)=O)CC6)cccc54)n3)CC2)C1,,7.07,,1,,,,unknown
CHEMBL2392840,CS(=O)(=O)C1CCN(c2cccc3c2ccn3-c2ccnc(N[C@H]3CC[C@H](C(=O)N4CCn5cnnc5C4)CC3)n2)CC1,7.93,7.92,,2,0.009999999999999787,,0.009999999999999787,non-selective
CHEMBL2425628,CS(=O)(=O)CCCOc1cccc2c1ccn2-c1ccnc(N[C@H]2CC[C@H](C(=O)N3CCC(O)CC3)CC2)n1,,7.18,,1,,,,unknown
CHEMBL2425629,CS(=O)(=O)CCCOc1cccc2c1ccn2-c1ccnc(N[C@H]2CC[C@H](C(=O)N3CC[C@@H](O)C3)CC2)n1,,7.33,,1,,,,unknown
CHEMBL2425630,COC1CCN(C(=O)[C@H]2CC[C@H](Nc3nccc(-n4ccc5c(OCCCS(C)(=O)=O)cccc54)n3)CC2)CC1,,7.55,,1,,,,unknown
CHEMBL2425631,CS(=O)(=O)CCCOc1cccc2c1ccn2-c1ccnc(N[C@H]2CC[C@H](C(=O)N3CCC(F)(F)CC3)CC2)n1,,7.29,,1,,,,unknown
CHEMBL2425632,CS(=O)(=O)CCCOc1cccc2c1ccn2-c1ccnc(N[C@H]2CC[C@H](C(=O)N3CC[C@@H](F)C3)CC2)n1,,7.19,,1,,,,unknown
CHEMBL2425633,CCN(CC)C(=O)[C@H]1CC[C@H](Nc2nccc(-n3ccc4c(OCCCS(C)(=O)=O)cccc43)n2)CC1,,7.24,,1,,,,unknown
CHEMBL2425634,CC(C)(O)[C@H]1CC[C@H](Nc2nccc(-n3ccc4c(OCCCS(C)(=O)=O)cccc43)n2)CC1,,7.57,,1,,,,unknown
CHEMBL2425635,CC(C)(O)[C@H]1CC[C@H](Nc2nccc(-n3ncc4c(OCCCS(C)(=O)=O)cccc43)n2)CC1,,7.68,,1,,,,unknown
CHEMBL2425636,CS(=O)(=O)CCOc1cccc2c1cnn2-c1ccnc(N[C@H]2CC[C@H](O)CC2)n1,,6.82,,1,,,,unknown
CHEMBL2425637,CS(=O)(=O)NCCCOc1cccc2c1cnn2-c1ccnc(N[C@H]2CC[C@H](O)CC2)n1,,6.61,,1,,,,unknown
CHEMBL2425638,OCC(O)COc1cccc2c1cnn2-c1ccnc(N[C@H]2CC[C@H](O)CC2)n1,,6.71,,1,,,,unknown
CHEMBL2425639,CCCOc1cccc2c1cnn2-c1ccnc(N[C@H]2CC[C@H](O)CC2)n1,,7.1,,1,,,,unknown
CHEMBL2425640,OCCCOc1cccc2c1cnn2-c1ccnc(N[C@H]2CC[C@H](O)CC2)n1,,6.86,,1,,,,unknown
CHEMBL2425641,COc1cccc2c1cnn2-c1ccnc(N[C@H]2CC[C@H](O)CC2)n1,,6.75,,1,,,,unknown
CHEMBL2425642,O[C@H]1CC[C@H](Nc2nccc(-c3c[nH]c4ccccc34)n2)CC1,,6.14,,1,,,,unknown
CHEMBL2425643,O[C@H]1CC[C@H](Nc2nccc(N3CCc4ccccc43)n2)CC1,,5.54,,1,,,,unknown
CHEMBL2425644,O[C@H]1CC[C@H](Nc2nccc(-c3n[nH]c4ccccc34)n2)CC1,,6.19,,1,,,,unknown
CHEMBL2425645,O[C@H]1CC[C@H](Nc2nccc(-n3ncc4ccccc43)n2)CC1,,6.46,,1,,,,unknown
CHEMBL2425646,O[C@H]1CC[C@H](Nc2nccc(-n3ccc4ccccc43)n2)CC1,,6.44,,1,,,,unknown
CHEMBL2425647,O[C@H]1CC[C@H](Nc2nccc(-c3nnc4ccccn34)n2)CC1,,5.92,,1,,,,unknown
CHEMBL2425648,O[C@H]1CC[C@H](Nc2nccc(-c3cnc4ccccn34)n2)CC1,,6.6,,1,,,,unknown
CHEMBL2425649,O=C([C@H]1CC[C@H](Nc2nccc(-n3nnc4ccccc43)n2)CC1)N1CCOCC1,,6.75,,1,,,,unknown
CHEMBL2425650,O=C([C@H]1CC[C@H](Nc2nccc(-n3nnc4ccccc43)n2)CC1)N1CCCC1,,6.4,,1,,,,unknown
CHEMBL2425651,CC(=O)N[C@H]1CC[C@H](Nc2nccc(-n3nnc4ccccc43)n2)CC1,,6.64,,1,,,,unknown
CHEMBL2425652,N[C@H]1CC[C@H](Nc2nccc(-n3nnc4ccccc43)n2)CC1,,6.77,,1,,,,unknown
CHEMBL2425653,CN(C)S(=O)(=O)N[C@H]1CC[C@H](Nc2nccc(-n3nnc4ccccc43)n2)CC1,,7.12,,1,,,,unknown
CHEMBL2425654,O[C@H]1CC[C@H](Nc2nccc(-n3nnc4ccccc43)n2)CC1,,6.96,,1,,,,unknown
CHEMBL2425655,CS(=O)(=O)N[C@H]1CC[C@H](Nc2nccc(-n3nnc4ccccc43)n2)CC1,,7.01,,1,,,,unknown
CHEMBL2425656,c1ccc2c(c1)nnn2-c1ccnc(NC2CCCCC2)n1,,6.41,,1,,,,unknown
CHEMBL245334,CNC(=O)CN1CCC[C@H](Nc2ncc(Cl)c(-c3c[nH]c4ccccc34)n2)C1,,6.57,,1,,,,unknown
CHEMBL245335,CCNC(=O)N1CCC[C@@H](Nc2ncc(Cl)c(-c3c[nH]c4ccccc34)n2)C1,,7.06,,1,,,,unknown
CHEMBL245336,CNC(=O)CN1CCC(Nc2ncc(Cl)c(-c3c[nH]c4ccccc34)n2)CC1,,7.66,,1,,,,unknown
CHEMBL245533,CCOC(=O)N1CCC(Nc2ncc(Cl)c(-c3c[nH]c4ccccc34)n2)CC1,,7.31,,1,,,,unknown
CHEMBL245534,CN1CCN(C(=O)N2CCC(Nc3ncc(Cl)c(-c4c[nH]c5ccccc45)n3)CC2)CC1,,7.58,,1,,,,unknown
CHEMBL245535,CC(=O)NCC(=O)N1CCC(Nc2ncc(Cl)c(-c3c[nH]c4ccccc34)n2)CC1,,7.34,,1,,,,unknown
CHEMBL245724,CCNC(=O)N1CCC(Nc2ncc(C)c(-c3c[nH]c4ccccc34)n2)CC1,,6.6,,1,,,,unknown
CHEMBL245725,CCNC(=O)N1CCC(Nc2nccc(-c3c[nH]c4ccccc34)n2)CC1,,6.61,,1,,,,unknown
CHEMBL245732,CN(C)CC(=O)N1CCC(Nc2ncc(Cl)c(-c3c[nH]c4ccccc34)n2)CC1,,7.35,,1,,,,unknown
CHEMBL245733,CC1CCN(C(=O)N2CCC(Nc3ncc(Cl)c(-c4c[nH]c5ccccc45)n3)CC2)CC1,,7.85,,1,,,,unknown
CHEMBL245925,CCNC(=O)N1CCC(Nc2ncc(Cl)c(-n3ccc4ccccc43)n2)CC1,,6.15,,1,,,,unknown
CHEMBL245935,CC1CCN(NC(=O)N2CCC(Nc3ncc(Cl)c(-c4c[nH]c5ccccc45)n3)CC2)CC1,,7.21,,1,,,,unknown
CHEMBL245936,CCNC(=O)N1CCC(Nc2nccc(-c3c(-c4ccccc4)[nH]c4ccccc34)n2)CC1,,8.3,,1,,,,unknown
CHEMBL246543,CCNC(=O)N1CCC(Nc2nccc(-c3cnc4ccccn34)n2)CC1,,6.55,,1,,,,unknown
CHEMBL246544,CCNC(=O)N1CCC(Nc2ncc(Cl)c(-c3c[nH]c4ccccc34)n2)C1,,6.75,,1,,,,unknown
CHEMBL246545,CCNC(=O)N1CC(Nc2ncc(Cl)c(-c3c[nH]c4ccccc34)n2)C1,,5.81,,1,,,,unknown
CHEMBL248176,CCNC(=O)N1CCC(Nc2ncc(Cl)c(-c3c[nH]c4ccccc34)n2)CC1,,7.6,,1,,,,unknown
CHEMBL248370,CCNC(=O)N1CCC(Nc2ncc(C#N)c(-c3c[nH]c4cc(F)ccc34)n2)CC1,,7.17,,1,,,,unknown
CHEMBL248612,CS(=O)(=O)Nc1ccc(-c2cnc3cccc(-c4cccnc4)c3c2)cc1,,,5.28,1,,,,unknown
CHEMBL248643,Oc1ccc(-c2cnc3ccc4ccncc4c3c2)cc1,,,6.23,1,,,,unknown
CHEMBL248644,c1ccc(-c2cnc3ccc4ccncc4c3c2)cc1,,,6.0,1,,,,unknown
CHEMBL248645,CC(=O)N(C(C)=O)c1ccc(-c2cnc3ccc4ccncc4c3c2)cc1,,,5.8,1,,,,unknown
CHEMBL248790,CS(=O)(=O)Nc1ccc(-c2cnc3cccc(Nc4ncccn4)c3c2)cc1,,,6.32,1,,,,unknown
CHEMBL248791,CS(=O)(=O)Nc1ccc(-c2cnc3cccc(NC(=O)c4ccccn4)c3c2)cc1,,,5.44,1,,,,unknown
CHEMBL248792,CS(=O)(=O)Nc1ccc(-c2cnc3cccc(Nc4ncc([N+](=O)[O-])s4)c3c2)cc1,,,6.12,1,,,,unknown
CHEMBL248830,c1cc2ccc3ncc(-c4ccc(-c5ccn[nH]5)cc4)cc3c2cn1,,,5.44,1,,,,unknown
CHEMBL248831,c1cc2ccc3ncc(-c4ccc(N5CCOCC5)cc4)cc3c2cn1,,,5.89,1,,,,unknown
CHEMBL248832,Nc1ccc(-c2cnc3ccc4ccncc4c3c2)cc1,,,6.29,1,,,,unknown
CHEMBL248833,CC(=O)Nc1ccc(-c2cnc3ccc4ccncc4c3c2)cc1,,,6.28,1,,,,unknown
CHEMBL248982,CS(=O)(=O)Nc1ccc(-c2cnc3cccc(Nc4cccc(Cl)n4)c3c2)cc1,,,5.19,1,,,,unknown
CHEMBL248983,CS(=O)(=O)Nc1ccc(-c2cnc3cccc(Nc4ccc(Cl)cn4)c3c2)cc1,,,6.92,1,,,,unknown
CHEMBL248984,CS(=O)(=O)Nc1ccc(-c2cnc3cccc(Nc4ccc(F)cn4)c3c2)cc1,,,6.85,1,,,,unknown
CHEMBL249998,CS(=O)(=O)Nc1ccc(-c2cnc3ccc4ccncc4c3c2)cc1,,,6.03,1,,,,unknown
CHEMBL250017,NS(=O)(=O)c1ccc(-c2cnc3cccc(Nc4ccc(Cl)cn4)c3c2)cc1,,,6.62,1,,,,unknown
CHEMBL250199,CS(=O)(=O)N(c1ccc(-c2cnc3ccc4ccncc4c3c2)cc1)S(C)(=O)=O,,,6.68,1,,,,unknown
CHEMBL250409,CC(C)(C)NS(=O)(=O)c1ccc(-c2cnc3cccc(Nc4ccccn4)c3c2)cc1,,,6.82,1,,,,unknown
CHEMBL252761,O=C1c2ccccc2C2=NNC3=CC=CC1C32,,,7.06,1,,,,unknown
CHEMBL259060,COC(=O)c1c(-c2ccccc2)c2cc(Br)ccc2c(=O)n1Cc1ccc(S(C)(=O)=O)cc1,,7.14,,1,,,,unknown
CHEMBL302728,Nc1nccc(-c2[nH]c(-c3ccccc3)nc2-c2ccccc2)n1,,6.75,,1,,,,unknown
CHEMBL302805,c1ccc(-c2nc(-c3ccccc3)c(-c3ccncn3)[nH]2)cc1,,5.85,,1,,,,unknown
CHEMBL3040440,CNC(=O)c1ccccc1Nc1cc(Nc2ccc(N3CCOCC3)cc2OC)ncc1C(F)(F)F,,6.92,6.8,2,,,,unknown
CHEMBL307435,C[C@@H](Nc1nccc(-c2c(-c3cccc(C(F)(F)F)c3)nc(C3CCNCC3)n2C)n1)c1ccccc1,,6.52,,1,,,,unknown
CHEMBL315708,c1ccc(-c2[nH]nc3ccccc23)cc1,,,5.63,1,,,,unknown
CHEMBL3189536,C/C(=N/Cc1cccnc1)C1=C(O)c2ccccc2C1=O,,,4.7,1,,,,unknown
CHEMBL3189642,C=CCn1c(SC/C(O)=C(/C#N)C(C)=N)nc2sc(CC)cc2c1=O,,,4.21,1,,,,unknown
CHEMBL3190499,Oc1[nH]c2ccccc2c1/C=N/c1nccs1,,,4.33,1,,,,unknown
CHEMBL3193799,O=C1C(/C=N/Cc2cccnc2)=C(O)c2ccccc21,,,4.49,1,,,,unknown
CHEMBL3194854,Cc1cccc(/N=C/c2c(O)[nH]c3ccccc23)n1,,,4.38,1,,,,unknown
CHEMBL3195180,N#C/C(=C(\O)c1ccco1)c1ccccn1,,,4.29,1,,,,unknown
CHEMBL3196400,COc1ccc(/C=N/n2c(N)nc3ccccc32)cc1OC,,,4.78,1,,,,unknown
CHEMBL3197413,C/C(=N\CCCn1ccnc1)C1=C(O)c2ccccc2C1=O,,,4.45,1,,,,unknown
CHEMBL3197885,Oc1[nH]c2ccccc2c1/C=N/c1ccc2c(c1)OCCO2,,,4.05,1,,,,unknown
CHEMBL3199093,O=C1C(/C=N/c2ccccc2O)=C(O)c2ccccc21,,,4.64,1,,,,unknown
CHEMBL3214457,O=C(c1cccc2c1-c1ccccc1/C2=N/O)N1CCCCC1,,,4.39,1,,,,unknown
CHEMBL3217784,NC(=O)c1ccccc1Nc1nc(Nc2ccc(F)cc2)ncc1Cl,,8.6,8.92,2,,,,unknown
CHEMBL3220465,CNC(=O)c1ccccc1Nc1cc(Nc2ccc(N3CCOCC3)cc2OC)ncc1F,,6.23,6.5,2,,,,unknown
CHEMBL3220466,CNC(=O)c1ccccc1Nc1cc(Nc2ccc(N3CCOCC3)cc2OC)ncc1Cl,,7.3,7.08,2,,,,unknown
CHEMBL3220467,CNC(=O)c1ccccc1Nc1cc(Nc2ccc(N3CCOCC3)cc2OC)ncc1Br,,7.09,7.17,2,,,,unknown
CHEMBL3220468,CNC(=O)c1ccccc1Nc1cc(Nc2ccc(N3CCOCC3)cc2OC)ncc1C#N,,,6.29,1,,,,unknown
CHEMBL3220469,CNC(=O)c1ccccc1Nc1cc(Nc2ccc(N3CCOCC3)cc2)ncc1C(F)(F)F,,7.05,7.21,2,,,,unknown
CHEMBL3220470,CNC(=O)c1ccccc1Nc1cc(Nc2ccc(C(=O)N(C)C)cc2)ncc1C(F)(F)F,,5.85,6.49,2,,,,unknown
CHEMBL3220471,CNC(=O)c1ccccc1Nc1cc(Nc2ccc(-n3ccnn3)cc2)ncc1C(F)(F)F,,6.22,6.66,2,,,,unknown
CHEMBL3220472,CNC(=O)c1ccccc1Nc1cc(Nc2ccc(-n3nc(C)nc3C)cc2)ncc1C(F)(F)F,,5.98,6.43,2,,,,unknown
CHEMBL3220473,CNC(=O)c1ccccc1Nc1cc(Nc2ccc(N3CCOCC3)cc2F)ncc1C(F)(F)F,,5.68,6.17,2,,,,unknown
CHEMBL3220474,CNC(=O)c1ccccc1Nc1cc(Nc2ccc3c(c2)OCO3)ncc1C(F)(F)F,,6.09,6.49,2,,,,unknown
CHEMBL3220475,CNC(=O)c1ccccc1Nc1cc(Nc2ccc3ccccc3c2)ncc1C(F)(F)F,,5.84,6.38,2,,,,unknown
CHEMBL3220476,CNC(=O)c1ccccc1Nc1cc(Nc2cc(OC)c(OC)c(OC)c2)ncc1C(F)(F)F,,5.48,6.14,2,,,,unknown
CHEMBL3220477,CNC(=O)c1ccccc1Nc1cc(Nc2ccc(N3CCOCC3)c(C)c2)ncc1C(F)(F)F,,6.07,6.76,2,,,,unknown
CHEMBL3220478,CNC(=O)c1ccccc1Nc1ccnc(Nc2ccc(N3CCOCC3)cc2)c1,,,5.51,1,,,,unknown
CHEMBL3220479,NC(=O)c1ccccc1Nc1ccnc(Nc2ccc(N3CCOCC3)cc2)c1,,6.48,6.8,2,,,,unknown
CHEMBL3220481,O=C(Nc1ccccc1)c1ccccc1Nc1ccnc(Nc2ccc(N3CCOCC3)cc2)c1,,,4.92,1,,,,unknown
CHEMBL3220483,COc1cc(Nc2cc(Nc3ccccc3C(N)=O)ccn2)ccc1N1CCOCC1,,,6.88,1,,,,unknown
CHEMBL3220484,COc1cc(N2CCOCC2)ccc1Nc1cc(Nc2ccccc2C(N)=O)ccn1,,,6.43,1,,,,unknown
CHEMBL3220485,CN(C)C(=O)c1ccc(Nc2cc(Nc3ccccc3C(N)=O)ccn2)cc1,,5.85,6.49,2,,,,unknown
CHEMBL3220486,NC(=O)c1ccccc1Nc1ccnc(Nc2ccc(-n3ccnn3)cc2)c1,,6.22,6.66,2,,,,unknown
CHEMBL3220487,Cc1nc(C)n(-c2ccc(Nc3cc(Nc4ccccc4C(N)=O)ccn3)cc2)n1,,5.98,6.43,2,,,,unknown
CHEMBL3220488,NC(=O)c1ccccc1Nc1ccnc(Nc2ccc(N3CCOCC3)cc2F)c1,,5.68,6.17,2,,,,unknown
CHEMBL3220489,NC(=O)c1ccccc1Nc1ccnc(Nc2ccc3c(c2)OCO3)c1,,6.09,6.49,2,,,,unknown
CHEMBL3220490,NC(=O)c1ccccc1Nc1ccnc(Nc2ccc3ccccc3c2)c1,,5.84,6.38,2,,,,unknown
CHEMBL3220491,COc1cc(Nc2cc(Nc3ccccc3C(N)=O)ccn2)cc(OC)c1OC,,5.48,6.14,2,,,,unknown
CHEMBL3220492,Cc1cc(Nc2cc(Nc3ccccc3C(N)=O)ccn2)ccc1N1CCOCC1,,6.07,6.76,2,,,,unknown
CHEMBL3220493,NC(=O)c1ccccc1Nc1nc(Nc2ccc(N3CCOCC3)cc2)ncc1Cl,,9.0,9.55,2,,,,unknown
CHEMBL3220494,COc1ccc(Nc2ncc(Cl)c(Nc3ccccc3C(N)=O)n2)cc1,,9.0,9.38,2,,,,unknown
CHEMBL3220495,COc1cc(N2CCOCC2)ccc1Nc1ncc(Cl)c(Nc2ccccc2C(N)=O)n1,,8.52,9.11,2,,,,unknown
CHEMBL3220496,NC(=O)c1ccccc1Nc1nc(Nc2ccc(N3CCOCC3)cc2F)ncc1Cl,,9.22,9.52,2,,,,unknown
CHEMBL3220497,COc1cc(Nc2ncc(Cl)c(Nc3ccccc3C(N)=O)n2)ccc1N1CCOCC1,,9.17,9.55,2,,,,unknown
CHEMBL3220498,Cc1cc(Nc2ncc(Cl)c(Nc3ccccc3C(N)=O)n2)ccc1N1CCOCC1,,9.16,9.51,2,,,,unknown
CHEMBL3220499,NC(=O)c1ccccc1Nc1nc(Nc2ccc(N3CCOCC3)c(F)c2)ncc1Cl,,9.29,9.6,2,,,,unknown
CHEMBL3220500,N#Cc1ccc(Nc2ncc(Cl)c(Nc3ccccc3C(N)=O)n2)cc1,,9.15,9.11,2,,,,unknown
CHEMBL3220501,NC(=O)c1ccccc1Nc1nc(Nc2ccc(Cl)cc2)ncc1Cl,,7.47,8.6,2,,,,unknown
CHEMBL3220502,NC(=O)c1ccccc1Nc1nc(Nc2ccc(N3CCCC3=O)cc2)ncc1Cl,,9.62,9.8,2,,,,unknown
CHEMBL3220503,COc1cc(N2CCOCC2)ccc1Nc1cc(Nc2ccccc2C(=O)N(C)C)c(C(F)(F)F)cn1,,,6.0,1,,,,unknown
CHEMBL3220504,O=C1NCc2cccc(Nc3ccnc(Nc4ccc(N5CCOCC5)cc4)c3)c21,,,5.75,1,,,,unknown
CHEMBL3233356,c1ccc2c(c1)nc(N1CCOCC1)c1c3ccccc3[nH]c21,,,4.52,1,,,,unknown
CHEMBL3352845,CN(C)CCn1cc(NC(=O)c2cccc(-n3cc(NC(=O)Nc4ccccc4Cl)cn3)c2)cn1,,7.18,7.47,2,,,,unknown
CHEMBL3355145,Cc1ccc(NC(=O)c2cccc(-n3cc(NC(=O)Nc4ccccc4)cn3)c2)cn1,,,6.94,1,,,,unknown
CHEMBL3355146,Cc1ccc(NC(=O)c2cccc(-n3cc(NC(=O)Nc4ccccc4Cl)cn3)c2)cn1,,,7.42,1,,,,unknown
CHEMBL3355147,Cc1ccc(NC(=O)c2cccc(-n3cc(NC(=O)Nc4cccc(Cl)c4)cn3)c2)cn1,,,6.22,1,,,,unknown
CHEMBL3355148,Cc1ccc(NC(=O)c2cccc(-n3cc(NC(=O)Nc4ccc(Cl)cc4)cn3)c2)cn1,,,5.74,1,,,,unknown
CHEMBL3355149,Cc1ccc(NC(=O)c2cccc(-n3cc(NC(=O)Nc4ccccc4F)cn3)c2)cn1,,,6.5,1,,,,unknown
CHEMBL3355150,Cc1ccc(NC(=O)c2cccc(-n3cc(NC(=O)Nc4cccc(F)c4)cn3)c2)cn1,,,6.86,1,,,,unknown
CHEMBL3355151,Cc1ccc(NC(=O)c2cccc(-n3cc(NC(=O)Nc4ccc(F)cc4)cn3)c2)cn1,,,6.79,1,,,,unknown
CHEMBL3355153,Cc1ccc(NC(=O)c2cccc(-n3cc(NC(=O)N(C)c4ccccc4Cl)cn3)c2)cn1,,,5.51,1,,,,unknown
CHEMBL3355156,Cc1ccc(NC(=O)c2ccc(F)c(-n3cc(NC(=O)Nc4ccccc4Cl)cn3)c2)cn1,,6.83,7.1,2,,,,unknown
CHEMBL3355157,Cc1ccc(NC(=O)c2cc(F)cc(-n3cc(NC(=O)Nc4ccccc4Cl)cn3)c2)cn1,,,5.34,1,,,,unknown
CHEMBL3355158,Cc1ccc(NC(=O)c2cc(-n3cc(NC(=O)Nc4ccccc4Cl)cn3)ccc2F)cn1,,,7.15,1,,,,unknown
CHEMBL3355159,Cc1ccc(NC(=O)c2cccc(-n3cc(NC(=O)Nc4ccccc4Cl)cn3)c2F)cn1,,,6.64,1,,,,unknown
CHEMBL3355160,Cc1cncc(NC(=O)c2cccc(-n3cc(NC(=O)Nc4ccccc4Cl)cn3)c2)c1,,,6.93,1,,,,unknown
CHEMBL3355161,Cc1ncccc1NC(=O)c1cccc(-n2cc(NC(=O)Nc3ccccc3Cl)cn2)c1,,,6.85,1,,,,unknown
CHEMBL3355162,Cc1ccc(NC(=O)c2cccc(-n3cc(NC(=O)Nc4ccccc4Cl)cn3)c2)c(C)n1,,,6.85,1,,,,unknown
CHEMBL3355164,Cc1ccc(NC(=O)c2cccc(-n3cc(NC(=O)Nc4ccccc4Cl)cn3)c2)nc1,,,5.29,1,,,,unknown
CHEMBL3355165,Cc1cc(NC(=O)c2cccc(-n3cc(NC(=O)Nc4ccccc4Cl)cn3)c2)ccn1,,5.55,7.01,2,,,,unknown
CHEMBL3355166,Cc1cc(NC(=O)c2cccc(-n3cc(NC(=O)Nc4ccccc4Cl)cn3)c2)cc(C)n1,,6.25,6.89,2,,,,unknown
CHEMBL3355167,Cc1ncc(NC(=O)c2cccc(-n3cc(NC(=O)Nc4ccccc4Cl)cn3)c2)cn1,,,7.21,1,,,,unknown
CHEMBL3355168,Cc1ccc(CNC(=O)c2cccc(-n3cc(NC(=O)Nc4ccccc4Cl)cn3)c2)cn1,,6.37,6.51,2,,,,unknown
CHEMBL3355169,Cn1cc(NC(=O)c2cccc(-n3cc(NC(=O)Nc4ccccc4Cl)cn3)c2)cn1,,,6.88,1,,,,unknown
CHEMBL3355170,Cn1ccc(NC(=O)c2cccc(-n3cc(NC(=O)Nc4ccccc4Cl)cn3)c2)n1,,,6.69,1,,,,unknown
CHEMBL3355171,Cn1nccc1NC(=O)c1cccc(-n2cc(NC(=O)Nc3ccccc3Cl)cn2)c1,,,6.79,1,,,,unknown
CHEMBL3355172,Cc1nn(C)cc1NC(=O)c1cccc(-n2cc(NC(=O)Nc3ccccc3Cl)cn2)c1,,,6.94,1,,,,unknown
CHEMBL3355173,Cn1cnc(NC(=O)c2cccc(-n3cc(NC(=O)Nc4ccccc4Cl)cn3)c2)n1,,,6.23,1,,,,unknown
CHEMBL3355174,CC(C)n1cc(NC(=O)c2cccc(-n3cc(NC(=O)Nc4ccccc4Cl)cn3)c2)cn1,,6.8,6.94,2,,,,unknown
CHEMBL3355175,CCN(CC)CCn1cc(NC(=O)c2cccc(-n3cc(NC(=O)Nc4ccccc4Cl)cn3)c2)cn1,,,7.68,1,,,,unknown
CHEMBL3355176,O=C(Nc1cnn(-c2cccc(C(=O)Nc3cnn(CCN4CCCC4)c3)c2)c1)Nc1ccccc1Cl,,,7.64,1,,,,unknown
CHEMBL3355177,O=C(Nc1cnn(-c2cccc(C(=O)Nc3cnn(C4CCNCC4)c3)c2)c1)Nc1ccccc1Cl,,7.51,7.72,2,,,,unknown
CHEMBL3355178,O=C(Nc1cnn(-c2cccc(C(=O)Nc3cnn(C4CCNC4)c3)c2)c1)Nc1ccccc1Cl,,6.68,,1,,,,unknown
CHEMBL3355179,CCN(CC)CCNC(=O)c1cccc(-n2cc(NC(=O)Nc3ccccc3Cl)cn2)c1,,,6.86,1,,,,unknown
CHEMBL3355180,O=C(Nc1cnn(-c2cccc(C(=O)NCCCN3CCCC3)c2)c1)Nc1ccccc1Cl,,,7.0,1,,,,unknown
CHEMBL3355181,O=C(Nc1cnn(-c2cccc(C(=O)NCC3CCNCC3)c2)c1)Nc1ccccc1Cl,,6.51,6.69,2,,,,unknown
CHEMBL3355182,CN1CCC(CNC(=O)c2cccc(-n3cc(NC(=O)Nc4ccccc4Cl)cn3)c2)CC1,,,6.77,1,,,,unknown
CHEMBL3355183,O=C(Nc1cnn(-c2cccc(C(=O)NC3CNC3)c2)c1)Nc1ccccc1Cl,,,7.47,1,,,,unknown
CHEMBL3355184,O=C(Nc1cnn(-c2cccc(C(=O)NC3CCNC3)c2)c1)Nc1ccccc1Cl,,,7.54,1,,,,unknown
CHEMBL3393595,CN(C)c1ccc(-c2cnc3[nH]cc(-c4cn[nH]c4)c3c2)cc1,,7.23,,1,,,,unknown
CHEMBL3393596,Cn1cc(-c2c[nH]c3ncc([C@H]4CC[C@H](N5CCOCC5)CC4)cc23)cn1,,6.91,,1,,,,unknown
CHEMBL3393597,Cn1cc(-c2c[nH]c3ncc([C@H]4CC[C@H](N5CCCOCC5)CC4)cc23)cn1,,6.47,,1,,,,unknown
CHEMBL3393608,CN(C)C/C=C/C(=O)Nc1cccc(C(=O)Nc2ccc(Nc3nccc(-c4c(-c5ccccc5)nn5ccccc45)n3)cc2)c1,,9.3,,1,,,,unknown
CHEMBL3394093,COC(Cn1c(SCC#N)nc(-c2ccc(F)cc2)c1-c1ccnc(F)c1)OC,,,5.38,1,,,,unknown
CHEMBL3394094,COC(=O)CSc1nc(-c2ccc(F)cc2)c(-c2ccnc(NC(C)=O)c2)n1C,,,6.7,1,,,,unknown
CHEMBL3394095,CC(=O)Nc1cc(-c2c(-c3ccc(F)cc3)nc(SCC(=O)N(C)C)n2C)ccn1,,,5.93,1,,,,unknown
CHEMBL3394096,CC(=O)Nc1cc(-c2c(-c3ccc(F)cc3)nc(SCC(=O)O)n2C)ccn1,,,6.58,1,,,,unknown
CHEMBL3394097,CC(=O)CSc1nc(-c2ccc(F)cc2)c(-c2ccnc(NC(C)=O)c2)n1C,,,6.59,1,,,,unknown
CHEMBL3394098,CC(=O)Nc1cc(-c2c(-c3ccc(F)cc3)nc(SCCC(=O)O)n2C)ccn1,,,7.04,1,,,,unknown
CHEMBL3394099,COC(Cn1c(SCCC(=O)O)nc(-c2ccc(F)cc2)c1-c1ccnc(NC(C)=O)c1)OC,,,6.57,1,,,,unknown
CHEMBL3394100,CC(=O)Nc1cc(-c2c(-c3ccc(F)cc3)nc(S/C=C\C(=O)O)n2C)ccn1,,,7.26,1,,,,unknown
CHEMBL3394101,COC(Cn1c(S/C=C\C(=O)O)nc(-c2ccc(F)cc2)c1-c1ccnc(NC(C)=O)c1)OC,,,7.48,1,,,,unknown
CHEMBL3394102,CC(=O)Nc1cc(-c2c(-c3ccc(F)cc3)nc(S/C=C\C(=O)O)n2C2CC2)ccn1,,,7.09,1,,,,unknown
CHEMBL3394103,CC(=O)Nc1cc(-c2c(-c3ccc(F)cc3)nc(S/C=C\C(=O)O)n2C2CCC2)ccn1,,,7.33,1,,,,unknown
CHEMBL3394104,CC(=O)Nc1cc(-c2c(-c3ccc(F)cc3)nc(S/C=C\C(=O)O)n2C2CCCC2)ccn1,,,7.35,1,,,,unknown
CHEMBL3394105,CC(=O)Nc1cc(-c2c(-c3ccc(F)cc3)nc(S/C=C\C(=O)O)n2C2CCCCC2)ccn1,,,6.88,1,,,,unknown
CHEMBL3394106,CC(=O)Nc1cc(-c2c(-c3ccc(F)cc3)nc(S/C=C\C(=O)O)n2CC2CC2)ccn1,,,7.75,1,,,,unknown
CHEMBL3394107,CC(=O)Nc1cc(-c2c(-c3ccc(F)cc3)nc(S/C=C\C(=O)O)n2CC2CCCCC2)ccn1,,,7.6,1,,,,unknown
CHEMBL3394108,CC(=O)Nc1cc(-c2c(-c3ccc(F)cc3)nc(S/C=C\C(=O)O)n2CC2CCCO2)ccn1,,,7.46,1,,,,unknown
CHEMBL3394109,CC(=O)Nc1cc(-c2c(-c3ccc(F)cc3)nc(S/C=C\C(=O)O)n2CC(O)CO)ccn1,,,6.65,1,,,,unknown
CHEMBL3394110,CC(=O)Nc1cc(-c2c(-c3ccc(F)cc3)nc(SC3CCC(C(=O)O)CC3O)n2C2CCCCC2)ccn1,,,7.1,1,,,,unknown
CHEMBL3394111,CC(=O)Nc1cc(-c2c(-c3ccc(F)cc3)nc(SC3CCC(C(=O)O)CC3O)n2C)ccn1,,,6.75,1,,,,unknown
CHEMBL3394112,COC(Cn1c(SC2CCC(C(=O)O)CC2O)nc(-c2ccc(F)cc2)c1-c1ccnc(NC(C)=O)c1)OC,,,5.7,1,,,,unknown
CHEMBL3394113,CC(=O)Nc1cc(-c2c(-c3ccc(F)cc3)nc(SC3CCC(C(=O)O)CC3O)n2CC2CCCO2)ccn1,,,5.58,1,,,,unknown
CHEMBL3394114,CCOC(=O)/C=C/Sc1nc(-c2ccc(F)cc2)c(-c2ccnc(NC(C)=O)c2)n1C1CC1,,,6.17,1,,,,unknown
CHEMBL3394115,CCOC(=O)/C=C/Sc1nc(-c2ccc(F)cc2)c(-c2ccnc(NC(C)=O)c2)n1CC(OC)OC,,,5.66,1,,,,unknown
CHEMBL3394116,CCOC(=O)/C=C/Sc1nc(-c2ccc(F)cc2)c(-c2ccnc(NC(C)=O)c2)n1CC1CC1,,,5.92,1,,,,unknown
CHEMBL3394117,CC(=O)Nc1cc(-c2c(-c3ccc(F)cc3)nc(S/C=C/C(=O)O)n2CC2CC2)ccn1,,,6.77,1,,,,unknown
CHEMBL3394118,CC(=O)Nc1cc(-c2c(-c3ccc(F)cc3)nc(Sc3cccc(I)n3)n2C2CCCCC2)ccn1,,,5.82,1,,,,unknown
CHEMBL3394119,COC(Cn1c(SCC#N)nc(-c2ccc(F)cc2)c1-c1ccnc(NC2CC2)c1)OC,,,7.1,1,,,,unknown
CHEMBL3394120,COC(Cn1c(S/C=C\C(=O)O)nc(-c2ccc(F)cc2)c1-c1ccnc(NC2CC2)c1)OC,,,7.92,1,,,,unknown
CHEMBL3394121,CCC(C)Nc1cc(-c2c(-c3ccc(F)cc3)nc(S/C=C\C(=O)O)n2CC(OC)OC)ccn1,,,7.58,1,,,,unknown
CHEMBL3394122,CCNC(=O)N1CCC(Nc2cc(-c3c(-c4ccc(F)cc4)nc(S/C=C\C(=O)O)n3C)ccn2)CC1,,,7.21,1,,,,unknown
CHEMBL3394123,O=C(O)/C=C\Sc1nc(-c2ccc(F)cc2)c(-c2ccnc(Nc3ccccc3)c2)n1CC1CC1,,,7.27,1,,,,unknown
CHEMBL3394124,O=C(O)/C=C/Sc1nc(-c2ccc(F)cc2)c(-c2ccnc(Nc3ccccc3)c2)n1CC1CC1,,,6.67,1,,,,unknown
CHEMBL3394125,O=C(O)/C=C\Sc1nc(-c2ccc(F)cc2)c(-c2ccnc(Nc3ccccc3)c2)[nH]1,,,7.77,1,,,,unknown
CHEMBL3394126,CCOC(=O)/C=C\Sc1nc(-c2ccc(F)cc2)c(-c2ccnc(Nc3ccccc3)c2)[nH]1,,,7.1,1,,,,unknown
CHEMBL356169,COc1ccc2ncn(-c3ccccc3)c2c1,,,4.46,1,,,,unknown
CHEMBL3577855,CC(C)n1c(=O)ccc2cnc(N[C@H]3CC[C@H](O)CC3)nc21,,7.75,,1,,,,unknown
CHEMBL3577862,CC(C)n1c(=O)ccc2cnc(NC3CCOCC3)nc21,,6.62,,1,,,,unknown
CHEMBL3577866,CC(C)C(=O)N[C@H]1CC[C@H](Nc2ncc3ccc(=O)n(C(C)C)c3n2)CC1,,7.54,,1,,,,unknown
CHEMBL3577867,CCNC(=O)N[C@H]1CC[C@H](Nc2ncc3ccc(=O)n(C(C)C)c3n2)CC1,,7.58,,1,,,,unknown
CHEMBL3577868,CC(C)NC(=O)N[C@H]1CC[C@H](Nc2ncc3ccc(=O)n(C(C)C)c3n2)CC1,,7.18,,1,,,,unknown
CHEMBL3577869,CC(C)n1c(=O)ccc2cnc(N[C@H]3CC[C@H](NC(=O)NC4CCCC4)CC3)nc21,,7.19,,1,,,,unknown
CHEMBL3577870,CC(C)C(=O)N[C@H]1CC[C@@H](Nc2ncc3ccc(=O)n(C(C)C)c3n2)CC1,,6.84,,1,,,,unknown
CHEMBL3577871,CCNC(=O)N[C@H]1CC[C@@H](Nc2ncc3ccc(=O)n(C(C)C)c3n2)CC1,,7.21,,1,,,,unknown
CHEMBL3577872,CC(C)C(=O)N1CCC(Nc2ncc3ccc(=O)n(C(C)C)c3n2)CC1,,6.8,,1,,,,unknown
CHEMBL3577873,CCNC(=O)N1CCC(Nc2ncc3ccc(=O)n(C(C)C)c3n2)CC1,,6.94,,1,,,,unknown
CHEMBL3577875,CC(C)NC(=O)N[C@H]1CC[C@H](Nc2ncc3ccc(=O)[nH]c3n2)CC1,,5.46,,1,,,,unknown
CHEMBL3577876,CC(C)NC(=O)N[C@H]1CC[C@H](Nc2ncc3ccc(=O)n(C)c3n2)CC1,,6.33,,1,,,,unknown
CHEMBL3577877,CC(C)NC(=O)N[C@H]1CC[C@H](Nc2ncc3ccc(=O)n(C4CCCC4)c3n2)CC1,,7.92,,1,,,,unknown
CHEMBL3577878,CC(C)NC(=O)N[C@H]1CC[C@H](Nc2ncc3ccc(=O)n(C4CCOCC4)c3n2)CC1,,6.36,,1,,,,unknown
CHEMBL3639783,CN1CCN(c2ccc(C(=O)NCc3cn(-c4ccccc4)c4cc(Cl)ccc4c3=O)cn2)CC1,6.6,,,1,,,,non-selective
CHEMBL3640039,CC(C)(C)OC(=O)N[C@H]1CC[C@@H](NC(=O)NCc2cn(-c3ccccc3)c3cc(Cl)ccc3c2=O)CC1,6.7,,,1,,,,non-selective
CHEMBL3640040,CC(C)(C)OC(=O)N[C@H]1CC[C@H](NC(=O)NCc2cn(-c3ccccc3)c3cc(Cl)ccc3c2=O)CC1,6.16,,,1,,,,non-selective
CHEMBL3640041,CC(C)(C)OC(=O)N1CCC(NC(=O)NCc2cn(-c3ccccc3)c3cc(Cl)ccc3c2=O)C1,6.04,,,1,,,,non-selective
CHEMBL3640042,O=C(NCc1cn(-c2ccccc2)c2cc(Cl)ccc2c1=O)NC1CCCC1,6.04,,,1,,,,non-selective
CHEMBL3640043,COC(=O)[C@H]1CC[C@@H](NC(=O)NCc2cn(-c3ccccc3)c3cc(Cl)ccc3c2=O)CC1,5.96,,,1,,,,non-selective
CHEMBL3640044,O=C(NCc1cn(-c2ccccc2)c2cc(Cl)ccc2c1=O)N1CCCC1,5.92,,,1,,,,non-selective
CHEMBL3640045,CN1CCN(C(=O)NCc2cn(-c3ccccc3)c3cc(Cl)ccc3c2=O)CC1,5.85,,,1,,,,non-selective
CHEMBL3640046,O=C(NCc1cn(-c2ccccc2)c2cc(Cl)ccc2c1=O)N1CCNCC1,5.77,,,1,,,,non-selective
CHEMBL3640047,COC(=O)[C@H]1CC[C@H](NC(=O)NCc2cn(-c3ccccc3)c3cc(Cl)ccc3c2=O)CC1,5.7,,,1,,,,non-selective
CHEMBL3640048,O=C(NCc1cn(-c2ccccc2)c2cc(Cl)ccc2c1=O)N1CCC(c2ccccc2)CC1,5.68,,,1,,,,non-selective
CHEMBL3640049,O=C(NCc1cn(-c2ccccc2)c2cc(Cl)ccc2c1=O)NC1C2CC3CC1CC(O)(C3)C2,6.62,,,1,,,,non-selective
CHEMBL3640050,CC(C)(C)OC(=O)N1CCC(NC(=O)NCc2cn(-c3ccccc3)c3cc(Cl)ccc3c2=O)CC1,7.22,,,1,,,,non-selective
CHEMBL3640051,O=C(NCc1cn(-c2ccccc2)c2cc(Cl)ccc2c1=O)NC1CCN(C(=O)Oc2ccccc2)CC1,6.75,,,1,,,,non-selective
CHEMBL3640052,O=C(NCc1cn(-c2ccccc2)c2cc(Cl)ccc2c1=O)NC1CCN(C(=O)c2ccccc2)CC1,6.72,,,1,,,,non-selective
CHEMBL3640053,O=C(NCc1cn(-c2ccccc2)c2cc(Cl)ccc2c1=O)NC1CCN(C(=O)OCc2ccccc2)CC1,6.24,,,1,,,,non-selective
CHEMBL3640054,O=C(NCc1cn(-c2ccccc2)c2cc(Cl)ccc2c1=O)NC1CCN(S(=O)(=O)c2ccccc2)CC1,5.96,,,1,,,,non-selective
CHEMBL3640055,CS(=O)(=O)N1CCC(NC(=O)NCc2cn(-c3ccccc3)c3cc(Cl)ccc3c2=O)CC1,5.68,,,1,,,,non-selective
CHEMBL3640056,CC(=O)N1CCC(NC(=O)NCc2cn(-c3ccccc3)c3cc(Cl)ccc3c2=O)CC1,5.66,,,1,,,,non-selective
CHEMBL3640057,CS(=O)(=O)C1CCN(C(=O)N2CCC(NC(=O)NCc3cn(-c4ccccc4)c4cc(Cl)ccc4c3=O)CC2)CC1,5.8,,,1,,,,non-selective
CHEMBL3640058,O=C(NCc1cn(-c2ccccc2)c2cc(Cl)ccc2c1=O)N1CCOCC1,6.07,,,1,,,,non-selective
CHEMBL3640059,O=C(NCc1cn(-c2ccccc2)c2cc(Cl)ccc2c1=O)Nc1ccccc1,6.26,,,1,,,,non-selective
CHEMBL3640060,CN(C)c1ccc(NC(=O)NCc2cn(-c3ccccc3)c3cc(Cl)ccc3c2=O)cc1,6.2,,,1,,,,non-selective
CHEMBL3640061,COc1ccc(NC(=O)NCc2cn(-c3ccccc3)c3cc(Cl)ccc3c2=O)cc1,6.19,,,1,,,,non-selective
CHEMBL3640062,O=C(NCc1cn(-c2ccccc2)c2cc(Cl)ccc2c1=O)Nc1ccc(Cl)c(F)c1,5.96,,,1,,,,non-selective
CHEMBL3640063,O=C(NCc1cn(-c2ccccc2)c2cc(Cl)ccc2c1=O)Nc1ccc(OC(F)(F)F)cc1,5.75,,,1,,,,non-selective
CHEMBL3640064,COC(=O)c1ccc(NC(=O)NCc2cn(-c3ccccc3)c3cc(Cl)ccc3c2=O)cc1,5.57,,,1,,,,non-selective
CHEMBL3640065,COC(=O)c1c(CNc2nccc3ccccc23)c(=O)c2ccc(Cl)cc2n1-c1ccccc1,6.96,,,1,,,,non-selective
CHEMBL3640066,COC(=O)c1c(CNc2ncnc3ccccc23)c(=O)c2ccc(Cl)cc2n1-c1ccccc1,7.22,,,1,,,,non-selective
CHEMBL3640067,COC(=O)c1c(CNC(=O)N2CCOCC2)c(=O)c2ccc(Cl)cc2n1-c1ccccc1,6.82,,,1,,,,non-selective
CHEMBL3640068,COC(=O)c1c(CNC(=O)Oc2ccccc2)c(=O)c2ccc(Cl)cc2n1-c1ccccc1,5.96,,,1,,,,non-selective
CHEMBL3640069,COC(=O)c1c(CN(C)C(=O)c2ccc(S(C)(=O)=O)cc2)c(=O)c2ccc(Cl)cc2n1-c1ccccc1,6.04,,,1,,,,non-selective
CHEMBL3655578,CC(C)(O)c1cccn2c(-c3ccnc(N[C@H]4CC[C@H](CS(C)(=O)=O)CC4)n3)cnc12,,6.53,,1,,,,unknown
CHEMBL3655579,CC(C)(O)c1cccn2c(-c3ccnc(N[C@H]4CC[C@H](C(=O)N5CCC(O)CC5)CC4)n3)cnc12,,6.43,,1,,,,unknown
CHEMBL3655580,CC(C)(O)c1cccn2c(-c3ccnc(N[C@H]4CC[C@H](NS(C)(=O)=O)CC4)n3)cnc12,,6.91,,1,,,,unknown
CHEMBL3655581,CN(C)S(=O)(=O)N[C@H]1CC[C@H](Nc2nccc(-c3cnc4c(C(C)(C)O)cccn34)n2)CC1,,6.91,,1,,,,unknown
CHEMBL3655582,CS(=O)(=O)CCCOc1cccn2c(-c3ccnc(N[C@H]4CC[C@H](C(=O)N5CCC(O)CC5)CC4)n3)cnc12,,7.3,,1,,,,unknown
CHEMBL3655583,O=C([C@H]1CC[C@H](Nc2nccc(-c3cnc4c(OCc5ccccc5)cccn34)n2)CC1)N1CCC(O)CC1,,7.25,,1,,,,unknown
CHEMBL3655584,CS(=O)(=O)N[C@H]1CC[C@H](Nc2nccc(-c3cnc4c(OCc5ccccc5)cccn34)n2)CC1,,7.28,,1,,,,unknown
CHEMBL3655585,CCOC(=O)[C@H]1CC[C@H](Nc2nccc(-c3cnc4c(OCc5ccccc5)cccn34)n2)CC1,,6.98,,1,,,,unknown
CHEMBL3655586,O[C@H]1CC[C@H](Nc2nccc(-c3cnc4c(OCc5ccccc5)cccn34)n2)CC1,,7.31,,1,,,,unknown
CHEMBL3655587,CS(=O)(=O)N[C@H]1CC[C@H](Nc2nccc(-c3cnc4ccccn34)n2)CC1,,6.67,,1,,,,unknown
CHEMBL3674683,CS(=O)(=O)N[C@H]1CC[C@H](Nc2nccc(-n3ccc4c(N5CCNCC5)cccc43)n2)CC1,6.26,,,1,,,,non-selective
CHEMBL3674684,O[C@H]1CC[C@H](Nc2nccc(-n3ccc4c(N5CCCCC5)cccc43)n2)CC1,6.605,,,1,,,,non-selective
CHEMBL3674685,CS(=O)(=O)N[C@H]1CC[C@H](Nc2nccc(-n3ccc4c(N5CCC(O)CC5)cccc43)n2)CC1,6.955,,,1,,,,non-selective
CHEMBL3674687,CS(=O)(=O)N[C@H]1CC[C@H](Nc2nccc(-n3ccc4c(N5CCN(C(N)=O)CC5)cccc43)n2)CC1,7.395,,,1,,,,non-selective
CHEMBL3674688,CS(=O)(=O)N[C@H]1CC[C@H](Nc2nccc(-n3ccc4c(N5CCN(S(N)(=O)=O)CC5)cccc43)n2)CC1,7.465,,,1,,,,non-selective
CHEMBL3674689,CC(=O)OCC(=O)N1CCN(c2cccc3c2ccn3-c2ccnc(N[C@H]3CC[C@H](NS(C)(=O)=O)CC3)n2)CC1,7.555,,,1,,,,non-selective
CHEMBL3674690,CC(C)(O)[C@H]1CC[C@H](Nc2nccc(-n3ccc4c(N5CCC(S(C)(=O)=O)CC5)cccc43)n2)CC1,8.12,,,1,,,,non-selective
CHEMBL3674691,CN(C)S(=O)(=O)N[C@H]1CC[C@H](Nc2nccc(-n3ccc4c(N5CCC(S(C)(=O)=O)CC5)cccc43)n2)CC1,8.059999999999999,,,1,,,,non-selective
CHEMBL3674692,CS(=O)(=O)C1CCN(c2cccc3c2ccn3-c2ccnc(N[C@H]3CC[C@](C)(O)CC3)n2)CC1,7.555,,,1,,,,non-selective
CHEMBL3674693,CCNC(=O)[C@H]1CC[C@H](Nc2nccc(-n3ccc4c(N5CCC(S(C)(=O)=O)CC5)cccc43)n2)CC1,7.845000000000001,,,1,,,,non-selective
CHEMBL3674694,CC(=O)N1CCN(c2cccc3c2ccn3-c2ccnc(N[C@H]3CC[C@H](C(=O)N4CCC(O)CC4)CC3)n2)[C@H](C)C1,7.1850000000000005,,,1,,,,non-selective
CHEMBL3674695,CC(C)(C)OC(=O)NCC(=O)N1CCN(c2cccc3c2ccn3-c2ccnc(N[C@H]3CC[C@H](NS(C)(=O)=O)CC3)n2)CC1,8.01,,,1,,,,non-selective
CHEMBL3674696,CN(C)CC(=O)N1CCN(c2cccc3c2ccn3-c2ccnc(N[C@H]3CC[C@H](NS(C)(=O)=O)CC3)n2)CC1,6.105,,,1,,,,non-selective
CHEMBL3674697,CS(=O)(=O)N[C@H]1CC[C@H](Nc2nccc(-n3ccc4c(N5CCN(C(=O)CN)CC5)cccc43)n2)CC1,6.715,,,1,,,,non-selective
CHEMBL3674698,N#CCC(=O)N1CCN(c2cccc3c2ccn3-c2ccnc(N[C@H]3CC[C@H](CN4CC[C@@H](O)C4)CC3)n2)CC1,7.985,,,1,,,,non-selective
CHEMBL3674699,CN(C)CCN([C@H]1CC[C@H](Nc2nccc(-n3ccc4c(N5CCN(C(=O)CC#N)CC5)cccc43)n2)CC1)S(C)(=O)=O,8.02,,,1,,,,non-selective
CHEMBL3674700,N#CCC(=O)N1CCN(c2cccc3c2ccn3-c2ccnc(N[C@H]3CC[C@H](CO)CC3)n2)CC1,8.295,,,1,,,,non-selective
CHEMBL3674701,N#CCC(=O)N1CCN(c2cccc3c2ccn3-c2ccnc(N[C@H]3CC[C@H](CN4CC[C@H](O)C4)CC3)n2)CC1,7.26,,,1,,,,non-selective
CHEMBL3674702,CC(=O)N1CCN(c2cccc3c2ccn3-c2ccnc(N[C@H]3CC[C@H](CN4CC[C@@H](O)C4)CC3)n2)CC1,6.28,,,1,,,,non-selective
CHEMBL3674703,CCOC1CCN(C(=O)[C@H]2CC[C@H](Nc3nccc(-n4ccc5c(N6CCC(S(C)(=O)=O)CC6)cccc54)n3)CC2)CC1,7.08,,,1,,,,non-selective
CHEMBL3674704,CCO[C@@H]1CCN(C(=O)[C@H]2CC[C@H](Nc3nccc(-n4ccc5c(N6CCC(S(C)(=O)=O)CC6)cccc54)n3)CC2)C1,7.64,,,1,,,,non-selective
CHEMBL3674705,CCO[C@H]1CCN(C(=O)[C@H]2CC[C@H](Nc3nccc(-n4ccc5c(N6CCC(S(C)(=O)=O)CC6)cccc54)n3)CC2)C1,7.49,,,1,,,,non-selective
CHEMBL3674706,N#CCC(=O)O[C@@H]1CCC[C@H](Nc2nccc(-n3ccc4c(N5CCN(C(=O)CC#N)CC5)cccc43)n2)C1,6.7,,,1,,,,non-selective
CHEMBL3674707,N#CCC(=O)N1CCN(c2cccc3c2ccn3-c2ccnc(N[C@H]3CCC[C@H](O)C3)n2)CC1,7.05,,,1,,,,non-selective
CHEMBL3674708,N#CCC(=O)N1CCN(c2cccc3c2ccn3-c2ccnc(N[C@H]3CCC[C@@H](O)C3)n2)CC1,6.75,,,1,,,,non-selective
CHEMBL3674709,N#CCC(=O)O[C@H]1CCC[C@H](Nc2nccc(-n3ccc4c(N5CCN(C(=O)CC#N)CC5)cccc43)n2)C1,6.78,,,1,,,,non-selective
CHEMBL3674711,N#CCC(=O)N1CCN(c2cccc3c2ccn3-c2ccnc(NC3CCCCC3)n2)CC1,7.84,,,1,,,,non-selective
CHEMBL3674712,COCCO[C@H]1CC[C@H](Nc2nccc(-n3ccc4c(N5CCN(C(C)=O)CC5)cccc43)n2)CC1,6.39,,,1,,,,non-selective
CHEMBL3674713,COCCO[C@H]1CC[C@H](Nc2nccc(-n3ccc4c(N5CCN(C(=O)CC#N)CC5)cccc43)n2)CC1,7.46,,,1,,,,non-selective
CHEMBL3674714,CC(=O)N1CCN(c2cccc3c2ccn3-c2ccnc(N[C@H]3CC[C@H](CS(C)(=O)=O)CC3)n2)CC1,7.195,,,1,,,,non-selective
CHEMBL3674715,CS(=O)(=O)C[C@H]1CC[C@H](Nc2nccc(-n3ccc4c(N5CCN(C(=O)CC#N)CC5)cccc43)n2)CC1,8.245,,,1,,,,non-selective
CHEMBL3674716,CC(=O)N1CCN(c2cccc3c2ccn3-c2ccnc(N[C@H]3CC[C@H](C(C)(C)O)CC3)n2)CC1,6.37,,,1,,,,non-selective
CHEMBL3674717,CS(=O)(=O)N(CCO)[C@H]1CC[C@H](Nc2nccc(-n3ccc4c(N5CCN(C(=O)CC#N)CC5)cccc43)n2)CC1,7.72,,,1,,,,non-selective
CHEMBL3674718,CC(C)(O)[C@H]1CC[C@H](Nc2nccc(-n3ccc4c(N5CCN(C(=O)CC#N)CC5)cccc43)n2)CC1,7.48,,,1,,,,non-selective
CHEMBL3674719,CCN1CCN(C(=O)[C@H]2CC[C@H](Nc3nccc(-n4ccc5c(N6CCC(S(C)(=O)=O)CC6)cccc54)n3)CC2)CC1,7.44,,,1,,,,non-selective
CHEMBL3674720,CS(=O)(=O)C1CCN(c2cccc3c2ccn3-c2ccnc(N[C@H]3CC[C@H](C(=O)N4CCN(C5CC5)CC4)CC3)n2)CC1,7.53,,,1,,,,non-selective
CHEMBL3674721,CC(C)(C)N1CCN(C(=O)[C@H]2CC[C@H](Nc3nccc(-n4ccc5c(N6CCC(S(C)(=O)=O)CC6)cccc54)n3)CC2)CC1,7.26,,,1,,,,non-selective
CHEMBL3674722,CS(=O)(=O)C1CCN(c2cccc3c2ccn3-c2ccnc(N[C@H]3CC[C@H](C(=O)N4CCN(C5CCC5)CC4)CC3)n2)CC1,7.22,,,1,,,,non-selective
CHEMBL3674723,CS(=O)(=O)C1CCN(c2cccc3c2ccn3-c2ccnc(N[C@H]3CC[C@H](C(=O)N4CCN5CCCCC5C4)CC3)n2)CC1,7.81,,,1,,,,non-selective
CHEMBL3674724,CS(=O)(=O)C1CCN(c2cccc3c2ccn3-c2ccnc(N[C@H]3CC[C@H](C(=O)N4CCn5c(nnc5C(F)(F)F)C4)CC3)n2)CC1,8.325,,,1,,,,non-selective
CHEMBL3674725,CS(=O)(=O)C1CCN(c2cccc3c2ccn3-c2ccnc(N[C@H]3CC[C@H](C(=O)N4CCN5CCCC5C4)CC3)n2)CC1,7.66,,,1,,,,non-selective
CHEMBL3674726,CS(=O)(=O)C1CCN(c2cccc3c2ccn3-c2ccnc(N[C@H]3CC[C@H](C(=O)N4CCn5ccnc5C4)CC3)n2)CC1,7.82,,,1,,,,non-selective
CHEMBL3674727,N#CCC(=O)N1CCN(c2cccc3c2ccn3-c2ccnc(N[C@H]3CC[C@H](O)CC3)n2)CC1,8.0,,,1,,,,non-selective
CHEMBL3674728,CCN1CCN(C(=O)[C@H]2CC[C@H](Nc3nccc(-n4ccc5c(N6CCN(C(=O)CC#N)CC6)cccc54)n3)CC2)CC1,7.885,,,1,,,,non-selective
CHEMBL3674729,N#CCC(=O)N1CCN(c2cccc3c2ccn3-c2ccnc(N[C@H]3CC[C@@H](O)CC3)n2)CC1,7.425,,,1,,,,non-selective
CHEMBL3674730,N#CCC(=O)N1CCN(c2cccc3c2ccn3-c2ccnc(N[C@H]3CC[C@@H](O)C3)n2)CC1,6.09,,,1,,,,non-selective
CHEMBL3674731,N#CCC(=O)N1CCN(c2cccc3c2ccn3-c2ccnc(N[C@@H]3CC[C@H](O)C3)n2)CC1,6.24,,,1,,,,non-selective
CHEMBL3674732,N#CCC(=O)N1CCN(c2cccc3c2ccn3-c2ccnc(N[C@H]3CC[C@H](O)C3)n2)CC1,6.83,,,1,,,,non-selective
CHEMBL3674733,N#CCC(=O)N1CCN(c2cccc3c2ccn3-c2ccnc(N[C@@H]3CC[C@@H](O)C3)n2)CC1,6.98,,,1,,,,non-selective
CHEMBL3674734,CS(=O)(=O)C1CCN(c2cccc3c2ccn3-c2ccnc(N[C@H]3CC[C@@H](O)CC3)n2)CC1,7.165,,,1,,,,non-selective
CHEMBL3674735,CC(=O)N1CCN(c2cccc3c2c(C(N)=O)cn3-c2ccnc(N[C@H]3CC[C@H](O)CC3)n2)CC1,7.75,,,1,,,,non-selective
CHEMBL3674736,CC(=O)N1CCN(c2cccc3c2c(C(N)=O)cn3-c2ccnc(N[C@H]3CC[C@H](CS(C)(=O)=O)CC3)n2)CC1,7.86,,,1,,,,non-selective
CHEMBL3679421,O=C(NCc1c(-c2ncco2)n(-c2ccccc2)c2cc(Cl)ccc2c1=O)c1ccn(Cc2ccccc2)c(=O)c1,9.0,,,1,,,,non-selective
CHEMBL3679422,O=C(NCc1c(-c2ncco2)n(-c2ccccc2)c2cc(Cl)ccc2c1=O)c1ccnc(N2CCOCC2)c1,8.15,,,1,,,,non-selective
CHEMBL3679423,O=C(NCc1c(-c2ncco2)n(-c2ccccc2)c2cc(Cl)ccc2c1=O)c1ccc(N2CCOCC2)nc1,8.05,,,1,,,,non-selective
CHEMBL3679424,NC(=O)c1ccc(C(=O)NCc2c(-c3ncco3)n(-c3ccccc3)c3cc(Cl)ccc3c2=O)cc1,7.85,,,1,,,,non-selective
CHEMBL3679425,COC(=O)c1ccc(C(=O)NCc2c(-c3ncco3)n(-c3ccccc3)c3cc(Cl)ccc3c2=O)cn1,7.6,,,1,,,,non-selective
CHEMBL3679426,O=C(NCc1c(-c2ncco2)n(-c2ccccc2)c2cc(Cl)ccc2c1=O)c1ccc(Cl)nc1,7.54,,,1,,,,non-selective
CHEMBL3679427,O=C(NCc1c(-c2ncco2)n(-c2ccccc2)c2cc(Cl)ccc2c1=O)c1ccc(N2CCCCC2)nc1,7.85,,,1,,,,non-selective
CHEMBL3679428,O=C(NCc1c(-c2ncco2)n(-c2ccccc2)c2cc(Cl)ccc2c1=O)c1ccc2c(c1)OCO2,7.6,,,1,,,,non-selective
CHEMBL3679429,O=C(NCc1c(-c2ncco2)n(-c2ccccc2)c2ncccc2c1=O)c1ccn(Cc2ccccc2)c(=O)c1,8.4,,,1,,,,non-selective
CHEMBL3679430,O=C(NCc1c(-c2ncco2)n(-c2ccccc2)c2ncccc2c1=O)c1ccc(N2CCOCC2)nc1,7.54,,,1,,,,non-selective
CHEMBL3679431,Cn1cc(C(=O)NCc2c(-c3ncco3)n(-c3ccccc3)c3ncccc3c2=O)cn1,7.33,,,1,,,,non-selective
CHEMBL3679432,O=C(NCc1c(-c2ncco2)n(-c2ccccc2)c2ncccc2c1=O)c1ccc(N2CCC(CO)CC2)nc1,8.15,,,1,,,,non-selective
CHEMBL3679433,CN(C)C(=O)c1c(CNC(=O)c2ccc(N3CCOCC3)nc2)c(=O)c2ccc(Cl)cc2n1-c1ccccc1,7.46,,,1,,,,non-selective
CHEMBL3679434,CN(C)C(=O)c1c(CNC(=O)c2cnc(N3CCOCC3)s2)c(=O)c2ccc(Cl)cc2n1-c1ccccc1,7.44,,,1,,,,non-selective
CHEMBL3679435,COc1ccc(C(=O)NCc2c(C(=O)N(C)C)n(-c3ccccc3)c3cc(Cl)ccc3c2=O)cc1,7.19,,,1,,,,non-selective
CHEMBL3679436,CN(C)C(=O)c1c(CNC(=O)c2ccc3ncsc3c2)c(=O)c2ccc(Cl)cc2n1-c1ccccc1,7.18,,,1,,,,non-selective
CHEMBL3679437,CN(C)C(=O)c1c(CNC(=O)c2ccc(N3CCOCC3)cc2)c(=O)c2ccc(Cl)cc2n1-c1ccccc1,6.85,,,1,,,,non-selective
CHEMBL3679438,CN(C)C(=O)c1c(CNC(=O)c2ccc(-c3cnco3)cc2)c(=O)c2ccc(Cl)cc2n1-c1ccccc1,6.82,,,1,,,,non-selective
CHEMBL3679439,CN(C)C(=O)c1c(CNC(=O)c2ccc(S(C)(=O)=O)cc2)c(=O)c2ccc(Cl)cc2n1-c1ccccc1,6.75,,,1,,,,non-selective
CHEMBL3679440,CN(C)C(=O)c1c(CNC(=O)c2ccc(F)cc2)c(=O)c2ccc(Cl)cc2n1-c1ccccc1,6.62,,,1,,,,non-selective
CHEMBL3679441,CN(C)C(=O)c1c(CNC(=O)c2ccc3c(c2)OCCO3)c(=O)c2ccc(Cl)cc2n1-c1ccccc1,6.34,,,1,,,,non-selective
CHEMBL3679442,CN(C)C(=O)c1c(CNC(=O)c2ccn(Cc3ccccc3)c(=O)c2)c(=O)c2ccc(Cl)cc2n1-c1ccccc1,6.48,,,1,,,,non-selective
CHEMBL3679443,CN(C)C(=O)c1c(CNC(=O)c2cnn(C)c2)c(=O)c2ccc(Cl)cc2n1-c1ccccc1,6.11,,,1,,,,non-selective
CHEMBL3679444,CN(C)C(=O)c1c(CNC(=O)c2ccc(N3CCC(CO)CC3)nc2)c(=O)c2ccc(Cl)cc2n1-c1ccccc1,6.85,,,1,,,,non-selective
CHEMBL3679445,CN(C)C(=O)c1c(CNC(=O)c2ccc(N3CCC(CCO)CC3)nc2)c(=O)c2ccc(Cl)cc2n1-c1ccccc1,7.29,,,1,,,,non-selective
CHEMBL3679446,CN(C)C(=O)c1c(CNC(=O)c2cnc(N3CCC(CO)CC3)s2)c(=O)c2ccc(Cl)cc2n1-c1ccccc1,7.01,,,1,,,,non-selective
CHEMBL3679447,CN(C)C(=O)c1c(CNC(=O)c2cnc(N3CCC(CCO)CC3)s2)c(=O)c2ccc(Cl)cc2n1-c1ccccc1,7.09,,,1,,,,non-selective
CHEMBL3679448,CN(C)C(=O)c1c(CNC(=O)c2ccc(N3CCCCC3)nc2)c(=O)c2ccc(Cl)cc2n1-c1ccccc1,7.04,,,1,,,,non-selective
CHEMBL3679449,O=C(NCc1cn(-c2ccccc2)c2cc(Cl)ccc2c1=O)c1ccn(Cc2ccccc2)c(=O)c1,7.89,,,1,,,,non-selective
CHEMBL3679450,Cn1cc(C(=O)NCc2cn(-c3ccccc3)c3cc(Cl)ccc3c2=O)cn1,7.75,,,1,,,,non-selective
CHEMBL3679451,O=C(NCc1cn(-c2ccccc2)c2cc(Cl)ccc2c1=O)c1ccnc(N2CCOCC2)c1,7.51,,,1,,,,non-selective
CHEMBL3679452,O=C(NCc1cn(-c2ccccc2)c2cc(Cl)ccc2c1=O)c1ccnc(N2CCCC2)c1,7.42,,,1,,,,non-selective
CHEMBL3679453,O=C(NCc1cn(-c2ccccc2)c2cc(Cl)ccc2c1=O)c1ccc2nc[nH]c2c1,7.39,,,1,,,,non-selective
CHEMBL3679454,O=C(NCc1cn(-c2ccccc2)c2cc(Cl)ccc2c1=O)c1ccn(Cc2ccc(Cl)cc2)c(=O)c1,7.36,,,1,,,,non-selective
CHEMBL3679455,COc1ccc(C(=O)NCc2cn(-c3ccccc3)c3cc(Cl)ccc3c2=O)cn1,7.27,,,1,,,,non-selective
CHEMBL3679456,NS(=O)(=O)c1ccc(C(=O)NCc2cn(-c3ccccc3)c3cc(Cl)ccc3c2=O)cn1,7.26,,,1,,,,non-selective
CHEMBL3679457,O=C(NCc1cn(-c2ccccc2)c2cc(Cl)ccc2c1=O)c1cnn(-c2ccccc2)c1,7.14,,,1,,,,non-selective
CHEMBL3679458,COc1cccc(Cn2ccc(C(=O)NCc3cn(-c4ccccc4)c4cc(Cl)ccc4c3=O)cc2=O)c1,7.14,,,1,,,,non-selective
CHEMBL3679459,O=C(NCc1cn(-c2ccccc2)c2cc(Cl)ccc2c1=O)c1ccn(Cc2ccccc2Cl)c(=O)c1,7.12,,,1,,,,non-selective
CHEMBL3679460,O=C(NCc1cn(-c2ccccc2)c2cc(Cl)ccc2c1=O)c1ccc(N2CCOCC2)nc1,7.08,,,1,,,,non-selective
CHEMBL3679461,CN(C)c1cc(C(=O)NCc2cn(-c3ccccc3)c3cc(Cl)ccc3c2=O)ccn1,7.06,,,1,,,,non-selective
CHEMBL3679462,O=C(NCc1cn(-c2ccccc2)c2cc(Cl)ccc2c1=O)c1ccc2scnc2c1,7.05,,,1,,,,non-selective
CHEMBL3679463,O=C(NCc1cn(-c2ccccc2)c2cc(Cl)ccc2c1=O)c1ccc(-c2nnc[nH]2)cc1,7.0,,,1,,,,non-selective
CHEMBL3679464,O=C(NCc1cn(-c2ccccc2)c2cc(Cl)ccc2c1=O)c1ccn(Cc2cccc(Cl)c2)c(=O)c1,6.96,,,1,,,,non-selective
CHEMBL3679465,Cn1cnc2cc(C(=O)NCc3cn(-c4ccccc4)c4cc(Cl)ccc4c3=O)cnc21,6.96,,,1,,,,non-selective
CHEMBL3679466,O=C(NCc1cn(-c2ccccc2)c2cc(Cl)ccc2c1=O)c1ccc2cc[nH]c2c1,6.85,,,1,,,,non-selective
CHEMBL3679467,O=C(NCc1cn(-c2ccccc2)c2cc(Cl)ccc2c1=O)c1ccc(-c2cnco2)cc1,6.77,,,1,,,,non-selective
CHEMBL3679468,COc1ccccc1Cn1ccc(C(=O)NCc2cn(-c3ccccc3)c3cc(Cl)ccc3c2=O)cc1=O,6.75,,,1,,,,non-selective
CHEMBL3679469,O=C(NCc1cn(-c2ccccc2)c2cc(Cl)ccc2c1=O)c1cnc2nc[nH]c2c1,6.64,,,1,,,,non-selective
CHEMBL3679470,NC(=O)c1ccc(C(=O)NCc2cn(-c3ccccc3)c3cc(Cl)ccc3c2=O)cc1,6.52,,,1,,,,non-selective
CHEMBL3679471,CC(C)(C)OC(=O)N1CCC(C(=O)NCc2cn(-c3ccccc3)c3cc(Cl)ccc3c2=O)C1,6.48,,,1,,,,non-selective
CHEMBL3679472,O=C(NCc1cn(-c2ccccc2)c2cc(Cl)ccc2c1=O)c1ccc(=O)n(Cc2ccccc2)c1,6.42,,,1,,,,non-selective
CHEMBL3679473,Cn1cc(C(=O)NCc2cn(-c3ccccc3)c3cc(Cl)ccc3c2=O)nn1,6.25,,,1,,,,non-selective
CHEMBL3679474,Cn1ccc(C(=O)NCc2cn(-c3ccccc3)c3cc(Cl)ccc3c2=O)cc1=O,6.17,,,1,,,,non-selective
CHEMBL3679475,O=C(NCc1cn(-c2ccccc2)c2cc(Cl)ccc2c1=O)c1cn(Cc2ccccc2)nn1,6.16,,,1,,,,non-selective
CHEMBL3679476,O=C(NCc1cn(-c2ccccc2)c2cc(Cl)ccc2c1=O)c1cnc(N2CCOCC2)nc1,6.72,,,1,,,,non-selective
CHEMBL3679477,COc1ccc(C(=O)NCc2cn(-c3ccccc3)c3cc(Cl)ccc3c2=O)cc1OC,7.1,,,1,,,,non-selective
CHEMBL3679478,O=C(NCc1cn(-c2ccccc2)c2cc(Cl)ccc2c1=O)c1cc(F)cc(F)c1,6.2,,,1,,,,non-selective
CHEMBL3679479,O=C(NCc1cn(-c2ccccc2)c2cc(Cl)ccc2c1=O)c1cccc(F)c1F,5.77,,,1,,,,non-selective
CHEMBL3679480,O=C(NCc1cn(-c2ccccc2)c2cc(Cl)ccc2c1=O)c1cc(F)ccc1F,5.72,,,1,,,,non-selective
CHEMBL3679481,O=C(NCc1cn(-c2ccccc2)c2cc(Cl)ccc2c1=O)c1ccc(Cl)nc1,6.37,,,1,,,,non-selective
CHEMBL3679482,CC(C)(C)OC(=O)N1CC2CC1CN2c1ccc(C(=O)NCc2cn(-c3ccccc3)c3cc(Cl)ccc3c2=O)cn1,7.96,,,1,,,,non-selective
CHEMBL3679483,O=C(NCc1cn(-c2ccccc2)c2cc(Cl)ccc2c1=O)c1ccc(N2CCC(CCO)CC2)nc1,7.77,,,1,,,,non-selective
CHEMBL3679484,O=C(NCc1cn(-c2ccccc2)c2cc(Cl)ccc2c1=O)c1ccc(N(CCO)CCO)nc1,7.75,,,1,,,,non-selective
CHEMBL3679485,O=C(NCc1cn(-c2ccccc2)c2cc(Cl)ccc2c1=O)c1ccc(N2CCCCC2)nc1,7.72,,,1,,,,non-selective
CHEMBL3679486,CN(CCO)c1ccc(C(=O)NCc2cn(-c3ccccc3)c3cc(Cl)ccc3c2=O)cn1,7.72,,,1,,,,non-selective
CHEMBL3679487,O=C(NCc1cn(-c2ccccc2)c2cc(Cl)ccc2c1=O)c1ccc(N2CCC(CO)CC2)nc1,7.7,,,1,,,,non-selective
CHEMBL3679488,O=C(NCc1cn(-c2ccccc2)c2cc(Cl)ccc2c1=O)c1ccc(N2CCCCCC2)nc1,7.68,,,1,,,,non-selective
CHEMBL3679489,CS(=O)(=O)C1CCN(c2ccc(C(=O)NCc3cn(-c4ccccc4)c4cc(Cl)ccc4c3=O)cn2)CC1,7.62,,,1,,,,non-selective
CHEMBL3679490,O=C(NCc1cn(-c2ccccc2)c2cc(Cl)ccc2c1=O)c1ccc(N2CC[C@@H](O)C2)nc1,7.62,,,1,,,,non-selective
CHEMBL3679491,COC1CCN(c2ccc(C(=O)NCc3cn(-c4ccccc4)c4cc(Cl)ccc4c3=O)cn2)CC1,7.58,,,1,,,,non-selective
CHEMBL3679492,CNC(=O)C1CCN(c2ccc(C(=O)NCc3cn(-c4ccccc4)c4cc(Cl)ccc4c3=O)cn2)CC1,7.57,,,1,,,,non-selective
CHEMBL3679493,NC(=O)N1CCN(c2ccc(C(=O)NCc3cn(-c4ccccc4)c4cc(Cl)ccc4c3=O)cn2)CC1,7.54,,,1,,,,non-selective
CHEMBL3679494,COCCNc1ccc(C(=O)NCc2cn(-c3ccccc3)c3cc(Cl)ccc3c2=O)cn1,7.52,,,1,,,,non-selective
CHEMBL3679495,CN(C)C1CCN(c2ccc(C(=O)NCc3cn(-c4ccccc4)c4cc(Cl)ccc4c3=O)cn2)CC1,7.51,,,1,,,,non-selective
CHEMBL3679496,O=C(NCc1cn(-c2ccccc2)c2cc(Cl)ccc2c1=O)c1ccc(N2CCC(O)CC2)nc1,7.47,,,1,,,,non-selective
CHEMBL3679497,O=C(NCc1cn(-c2ccccc2)c2cc(Cl)ccc2c1=O)c1ccc(NCCO)nc1,7.33,,,1,,,,non-selective
CHEMBL3679498,O=C(NCc1cn(-c2ccccc2)c2cc(Cl)ccc2c1=O)c1ccc(NC2CCOCC2)nc1,7.31,,,1,,,,non-selective
CHEMBL3679499,CN(C)c1ccc(C(=O)NCc2cn(-c3ccccc3)c3cc(Cl)ccc3c2=O)cn1,7.26,,,1,,,,non-selective
CHEMBL3679500,O=C(NCc1cn(-c2ccccc2)c2cc(Cl)ccc2c1=O)c1ccc(N2CCS(=O)(=O)CC2)nc1,7.25,,,1,,,,non-selective
CHEMBL3679501,CC(C)(C)OC(=O)NC1CCN(c2ccc(C(=O)NCc3cn(-c4ccccc4)c4cc(Cl)ccc4c3=O)cn2)CC1,7.19,,,1,,,,non-selective
CHEMBL3679502,CN1CCCN(c2ccc(C(=O)NCc3cn(-c4ccccc4)c4cc(Cl)ccc4c3=O)cn2)CC1,7.15,,,1,,,,non-selective
CHEMBL3679503,O=C(NCc1cn(-c2ccccc2)c2cc(Cl)ccc2c1=O)c1ccc(N2CCN(CCO)CC2)nc1,7.09,,,1,,,,non-selective
CHEMBL3679504,O=C(NCc1cn(-c2ccccc2)c2cc(Cl)ccc2c1=O)c1ccc(N2CCCC2)nc1,7.0,,,1,,,,non-selective
CHEMBL3679505,O=C(NCc1cn(-c2ccccc2)c2cc(Cl)ccc2c1=O)c1ccc(N2CCNCC2)nc1,6.96,,,1,,,,non-selective
CHEMBL3679506,NC(=O)C1CCN(c2ccc(C(=O)NCc3cn(-c4ccccc4)c4cc(Cl)ccc4c3=O)cn2)CC1,6.96,,,1,,,,non-selective
CHEMBL3679507,O=C(NCc1cn(-c2ccccc2)c2cc(Cl)ccc2c1=O)c1ccc(N2CC[C@H](O)C2)nc1,6.92,,,1,,,,non-selective
CHEMBL3679508,O=C(NCc1cn(-c2ccccc2)c2cc(Cl)ccc2c1=O)c1ccc(N2CC3CC2CN3)nc1,6.62,,,1,,,,non-selective
CHEMBL3679509,NC1CCN(c2ccc(C(=O)NCc3cn(-c4ccccc4)c4cc(Cl)ccc4c3=O)cn2)CC1,6.89,,,1,,,,non-selective
CHEMBL3679510,O=C(NCc1cn(-c2ccccc2)c2cc(Cl)ccc2c1=O)c1cnc(N2CCCCC2)s1,7.8,,,1,,,,non-selective
CHEMBL3679511,CS(=O)(=O)C1CCN(c2ncc(C(=O)NCc3cn(-c4ccccc4)c4cc(Cl)ccc4c3=O)s2)CC1,7.68,,,1,,,,non-selective
CHEMBL3679512,O=C(NCc1cn(-c2ccccc2)c2cc(Cl)ccc2c1=O)c1cnc(N2CCC(CO)CC2)s1,7.48,,,1,,,,non-selective
CHEMBL3679513,O=C(NCc1cn(-c2ccccc2)c2cc(Cl)ccc2c1=O)c1cnc(N2CCC(O)CC2)s1,7.44,,,1,,,,non-selective
CHEMBL3679514,CN1CCN(c2ncc(C(=O)NCc3cn(-c4ccccc4)c4cc(Cl)ccc4c3=O)s2)CC1,7.4,,,1,,,,non-selective
CHEMBL3679515,O=C(NCc1cn(-c2ccccc2)c2cc(Cl)ccc2c1=O)c1cnc(N2CCOCC2)s1,7.26,,,1,,,,non-selective
CHEMBL3679516,O=C(NCc1cn(-c2ccccc2)c2cc(Cl)ccc2c1=O)c1cnc(N2CCS(=O)(=O)CC2)s1,7.16,,,1,,,,non-selective
CHEMBL3679517,CC(C)(O)CNC(=O)c1ccc(C(=O)NCc2cn(-c3ccccc3)c3cc(Cl)ccc3c2=O)cc1,6.66,,,1,,,,non-selective
CHEMBL3679518,O=C(NCc1cn(-c2ccccc2)c2cc(Cl)ccc2c1=O)c1ccc(C(=O)NC2C3CC4CC2CC(O)(C4)C3)cc1,7.28,,,1,,,,non-selective
CHEMBL3679519,O=C(NCc1cn(-c2ccccc2Cl)c2cc(Cl)ccc2c1=O)c1ccc(N2CCOCC2)cc1,7.05,,,1,,,,non-selective
CHEMBL3679520,O=C(NCc1cn(-c2ccccc2Cl)c2cc(Cl)ccc2c1=O)c1ccc(Br)nc1,6.22,,,1,,,,non-selective
CHEMBL3679521,O=C(NCc1cn(-c2ccccc2Cl)c2cc(Cl)ccc2c1=O)c1ccc(-c2cn[nH]c2)nc1,6.13,,,1,,,,non-selective
CHEMBL3679522,O=C(NCc1cn(-c2ccccc2F)c2cc(F)ccc2c1=O)c1cnn(-c2ccccc2)c1,7.4,,,1,,,,non-selective
CHEMBL3679523,Cn1cc(C(=O)NCc2cn(-c3ccccc3F)c3cc(F)ccc3c2=O)cn1,6.92,,,1,,,,non-selective
CHEMBL3679524,O=C(NCc1cn(-c2ccccc2F)c2cc(F)ccc2c1=O)c1ccc(Cl)nc1,6.82,,,1,,,,non-selective
CHEMBL3679525,O=C(NCc1cn(-c2ccccc2F)c2cc(F)ccc2c1=O)c1ccc(N2CCC(CO)CC2)nc1,7.28,,,1,,,,non-selective
CHEMBL3679526,O=C(NCc1cn(-c2ccccc2F)c2cc(F)ccc2c1=O)c1ccc(N2CCS(=O)(=O)CC2)nc1,7.0,,,1,,,,non-selective
CHEMBL3679527,O=C(NCc1cn(-c2ccccc2F)c2cc(F)ccc2c1=O)c1ccc(N2CCOCC2)nc1,6.92,,,1,,,,non-selective
CHEMBL3679528,COC(=O)c1c(CNC(=O)c2ccc(S(C)(=O)=O)cc2)c(=O)c2ccc(Cl)cc2n1-c1ccccc1,8.4,,,1,,,,non-selective
CHEMBL3679529,COC(=O)c1c(CNC(=O)c2ccc(-c3cnco3)cc2)c(=O)c2ccc(Cl)cc2n1-c1ccccc1,8.4,,,1,,,,non-selective
CHEMBL3679530,COC(=O)c1c(CNC(=O)c2ccc(-c3nnc[nH]3)cc2)c(=O)c2ccc(Cl)cc2n1-c1ccccc1,8.3,,,1,,,,non-selective
CHEMBL3679531,COC(=O)c1c(CNC(=O)c2ccc(N3CCOCC3)nc2)c(=O)c2ccc(Cl)cc2n1-c1ccccc1,8.22,,,1,,,,non-selective
CHEMBL3679532,COC(=O)c1c(CNC(=O)c2ccc3scnc3c2)c(=O)c2ccc(Cl)cc2n1-c1ccccc1,8.15,,,1,,,,non-selective
CHEMBL3679533,COC(=O)c1c(CNC(=O)c2ccc(-c3ncc[nH]3)cc2)c(=O)c2ccc(Cl)cc2n1-c1ccccc1,8.15,,,1,,,,non-selective
CHEMBL3679534,COC(=O)c1c(CNC(=O)c2ccc(S(N)(=O)=O)cc2)c(=O)c2ccc(Cl)cc2n1-c1ccccc1,8.1,,,1,,,,non-selective
CHEMBL3679535,COC(=O)c1c(CNC(=O)c2cnc(N3CCOCC3)s2)c(=O)c2ccc(Cl)cc2n1-c1ccccc1,8.1,,,1,,,,non-selective
CHEMBL3679536,COC(=O)c1c(CNC(=O)c2ccc(C(N)=O)cc2)c(=O)c2ccc(Cl)cc2n1-c1ccccc1,8.0,,,1,,,,non-selective
CHEMBL3679537,CNC(=O)c1ccc(C(=O)NCc2c(C(=O)OC)n(-c3ccccc3)c3cc(Cl)ccc3c2=O)cc1,7.96,,,1,,,,non-selective
CHEMBL3679538,COC(=O)c1c(CNC(=O)c2cnn(Cc3ccccc3)c2)c(=O)c2ccc(Cl)cc2n1-c1ccccc1,7.89,,,1,,,,non-selective
CHEMBL3679539,COC(=O)c1c(CNC(=O)c2ccc3cc[nH]c3c2)c(=O)c2ccc(Cl)cc2n1-c1ccccc1,7.82,,,1,,,,non-selective
CHEMBL3679540,COC(=O)c1c(CNC(=O)c2cnn(C)c2)c(=O)c2ccc(Cl)cc2n1-c1ccccc1,7.82,,,1,,,,non-selective
CHEMBL3679541,COC(=O)c1c(CNC(=O)c2ccc(-c3cc[nH]n3)cc2)c(=O)c2ccc(Cl)cc2n1-c1ccccc1,7.82,,,1,,,,non-selective
CHEMBL3679542,COC(=O)c1c(CNC(=O)c2ccc(N3CCOCC3)cc2)c(=O)c2ccc(Cl)cc2n1-c1ccccc1,7.8,,,1,,,,non-selective
CHEMBL3679543,COC(=O)c1c(CNC(=O)c2ccc(-c3cnns3)cc2)c(=O)c2ccc(Cl)cc2n1-c1ccccc1,7.77,,,1,,,,non-selective
CHEMBL3679544,COC(=O)c1c(CNC(=O)c2ccc(-c3noc(C)n3)cc2)c(=O)c2ccc(Cl)cc2n1-c1ccccc1,7.66,,,1,,,,non-selective
CHEMBL3679545,COC(=O)c1c(CNC(=O)c2ccc(-c3nc(C)no3)cc2)c(=O)c2ccc(Cl)cc2n1-c1ccccc1,7.54,,,1,,,,non-selective
CHEMBL3679546,COC(=O)c1c(CNC(=O)c2ccc(-c3csc(C)n3)cc2)c(=O)c2ccc(Cl)cc2n1-c1ccccc1,7.51,,,1,,,,non-selective
CHEMBL3679547,COC(=O)c1c(CNC(=O)C2CCN(C(=O)OC(C)(C)C)CC2)c(=O)c2ccc(Cl)cc2n1-c1ccccc1,7.46,,,1,,,,non-selective
CHEMBL3679548,COC(=O)c1c(CNC(=O)c2ccc(-c3nnn(C)n3)cc2)c(=O)c2ccc(Cl)cc2n1-c1ccccc1,7.3,,,1,,,,non-selective
CHEMBL3679549,COC(=O)c1c(CNC(=O)C2CCN(C(C)=O)CC2)c(=O)c2ccc(Cl)cc2n1-c1ccccc1,6.66,,,1,,,,non-selective
CHEMBL3679550,COC(=O)c1c(CNC(=O)C2CCN(S(C)(=O)=O)CC2)c(=O)c2ccc(Cl)cc2n1-c1ccccc1,6.19,,,1,,,,non-selective
CHEMBL3679551,COC(=O)c1c(CNC(=O)c2ccc(Cl)cc2)c(=O)c2ccc(Cl)cc2n1-c1ccccc1,7.82,,,1,,,,non-selective
CHEMBL3679552,COC(=O)c1ccc(C(=O)NCc2c(C(=O)OC)n(-c3ccccc3)c3cc(Cl)ccc3c2=O)cc1,8.22,,,1,,,,non-selective
CHEMBL3679553,COC(=O)c1c(CNC(=O)c2ccc(OC)cc2)c(=O)c2ccc(Cl)cc2n1-c1ccccc1,8.15,,,1,,,,non-selective
CHEMBL3679554,COC(=O)c1c(CNC(=O)c2cccc(OC)c2)c(=O)c2ccc(Cl)cc2n1-c1ccccc1,8.1,,,1,,,,non-selective
CHEMBL3679555,COC(=O)c1c(CNC(=O)c2ccncc2)c(=O)c2ccc(Cl)cc2n1-c1ccccc1,7.92,,,1,,,,non-selective
CHEMBL3679556,COC(=O)c1c(CNC(=O)c2ccc(F)c(F)c2)c(=O)c2ccc(Cl)cc2n1-c1ccccc1,7.92,,,1,,,,non-selective
CHEMBL3679557,COC(=O)c1c(CNC(=O)c2cccc(F)c2)c(=O)c2ccc(Cl)cc2n1-c1ccccc1,7.89,,,1,,,,non-selective
CHEMBL3679558,COC(=O)c1c(CNC(=O)c2cccnc2)c(=O)c2ccc(Cl)cc2n1-c1ccccc1,7.89,,,1,,,,non-selective
CHEMBL3679559,COC(=O)c1c(CNC(=O)c2ccc(F)cc2)c(=O)c2ccc(Cl)cc2n1-c1ccccc1,7.85,,,1,,,,non-selective
CHEMBL3679560,COC(=O)c1c(CNC(=O)c2ccc(F)c(Cl)c2)c(=O)c2ccc(Cl)cc2n1-c1ccccc1,7.82,,,1,,,,non-selective
CHEMBL3679561,COC(=O)c1c(CNC(=O)c2cccc(Cl)c2)c(=O)c2ccc(Cl)cc2n1-c1ccccc1,7.77,,,1,,,,non-selective
CHEMBL3679562,COC(=O)c1c(CNC(=O)c2ccc(OC)c(OC)c2)c(=O)c2ccc(Cl)cc2n1-c1ccccc1,7.41,,,1,,,,non-selective
CHEMBL3679563,COC(=O)c1c(CNC(=O)c2ccc(Cl)c(Cl)c2)c(=O)c2ccc(Cl)cc2n1-c1ccccc1,7.32,,,1,,,,non-selective
CHEMBL3679564,COC(=O)c1c(CNC(=O)c2ccccc2F)c(=O)c2ccc(Cl)cc2n1-c1ccccc1,7.19,,,1,,,,non-selective
CHEMBL3679565,COC(=O)c1c(CNC(=O)c2ccccn2)c(=O)c2ccc(Cl)cc2n1-c1ccccc1,7.0,,,1,,,,non-selective
CHEMBL3679566,COC(=O)c1c(CNC(=O)C(C)C)c(=O)c2ccc(Cl)cc2n1-c1ccccc1,6.7,,,1,,,,non-selective
CHEMBL3679567,COC(=O)c1c(CNC(=O)c2ccccc2Cl)c(=O)c2ccc(Cl)cc2n1-c1ccccc1,6.37,,,1,,,,non-selective
CHEMBL3679568,COC(=O)c1c(CNC(=O)c2ccccc2OC)c(=O)c2ccc(Cl)cc2n1-c1ccccc1,6.17,,,1,,,,non-selective
CHEMBL3679569,COC(=O)c1c(CNC(=O)c2ccccc2)c(=O)c2ccc(Cl)cc2n1-c1ccccc1,7.92,,,1,,,,non-selective
CHEMBL3679570,COC(=O)c1c(CNC(=O)c2ccccc2)c(=O)c2ccccc2n1-c1ccccc1,7.41,,,1,,,,non-selective
CHEMBL3679571,COC(=O)c1c(CNC(=O)c2ccc(N3CCOCC3)nc2)c(=O)c2ccc(C(F)(F)F)nc2n1-c1ccccc1,7.75,,,1,,,,non-selective
CHEMBL3679572,COC(=O)c1c(CNC(=O)c2ccc(-c3ncc[nH]3)cc2)c(=O)c2ccc(C(F)(F)F)nc2n1-c1ccccc1,7.64,,,1,,,,non-selective
CHEMBL3679573,COC(=O)c1c(CNC(=O)c2ccc(S(N)(=O)=O)cc2)c(=O)c2ccc(C(F)(F)F)nc2n1-c1ccccc1,7.58,,,1,,,,non-selective
CHEMBL3679574,COC(=O)c1c(CNC(=O)c2ccc(C(N)=O)cc2)c(=O)c2ccc(C(F)(F)F)nc2n1-c1ccccc1,7.57,,,1,,,,non-selective
CHEMBL3679575,COC(=O)c1c(CNC(=O)c2ccc(-c3cc[nH]n3)cc2)c(=O)c2ccc(C(F)(F)F)nc2n1-c1ccccc1,7.52,,,1,,,,non-selective
CHEMBL3679576,COC(=O)c1c(CNC(=O)c2ccc(-c3nnn(C)n3)cc2)c(=O)c2ccc(C(F)(F)F)nc2n1-c1ccccc1,7.42,,,1,,,,non-selective
CHEMBL3679577,COC(=O)c1c(CNC(=O)c2ccc3cc[nH]c3c2)c(=O)c2ccc(C(F)(F)F)nc2n1-c1ccccc1,7.1,,,1,,,,non-selective
CHEMBL3679578,COC(=O)c1c(CNC(=O)c2ccc(Cl)c(Cl)c2)c(=O)c2ccc(C(F)(F)F)nc2n1-c1ccccc1,6.77,,,1,,,,non-selective
CHEMBL3679579,COC(=O)c1c(CNC(=O)c2cccc(Cl)c2)c(=O)c2ccc(OC)cc2n1-c1ccccc1,7.58,,,1,,,,non-selective
CHEMBL3679580,COC(=O)c1c(CNC(=O)c2cccc(OC)c2)c(=O)c2ccc(OC)cc2n1-c1ccccc1,7.5,,,1,,,,non-selective
CHEMBL3679581,COC(=O)c1c(CNC(=O)c2ccc(F)c(F)c2)c(=O)c2ccc(OC)cc2n1-c1ccccc1,7.41,,,1,,,,non-selective
CHEMBL3679582,COC(=O)c1c(CNC(=O)c2ccc(C(C)(C)C)cc2)c(=O)c2ccc(OC)cc2n1-c1ccccc1,7.33,,,1,,,,non-selective
CHEMBL3679583,COC(=O)c1c(CNC(=O)c2ccc(OC)cc2)c(=O)c2ccc(OC)cc2n1-c1ccccc1,7.27,,,1,,,,non-selective
CHEMBL3679584,COC(=O)c1c(CNC(=O)c2cccnc2)c(=O)c2ccc(OC)cc2n1-c1ccccc1,7.19,,,1,,,,non-selective
CHEMBL3679585,COC(=O)c1c(CNC(=O)c2ccc(F)cc2)c(=O)c2ccc(OC)cc2n1-c1ccccc1,7.14,,,1,,,,non-selective
CHEMBL3679586,COC(=O)c1c(CNC(=O)c2ccc(N(C)C)cc2)c(=O)c2ccc(OC)cc2n1-c1ccccc1,6.75,,,1,,,,non-selective
CHEMBL3679587,COC(=O)c1c(CNC(=O)c2ccc(Cl)cc2)c(=O)c2ccc(OC)cc2n1-c1ccccc1,7.0,,,1,,,,non-selective
CHEMBL3679588,COC(=O)c1c(CNC(=O)c2ccc(N3CCOCC3)nc2)c(=O)c2ccc(F)cc2n1-c1ccccc1,8.4,,,1,,,,non-selective
CHEMBL3679589,COC(=O)c1c(CNC(=O)c2ccc(Cl)nc2)c(=O)c2ccc(F)cc2n1-c1ccccc1,8.0,,,1,,,,non-selective
CHEMBL3679590,COc1cc2ncnc(NCc3cn(-c4ccccc4)c4cc(Cl)ccc4c3=O)c2cc1OC,7.64,,,1,,,,non-selective
CHEMBL3679591,O=c1c(CNc2ncnc3cc(F)ccc23)cn(-c2ccccc2)c2cc(Cl)ccc12,7.1,,,1,,,,non-selective
CHEMBL3679592,O=c1c(CNc2cc(N3CCCCC3)ncn2)cn(-c2ccccc2)c2cc(Cl)ccc12,6.654999999999999,,,1,,,,non-selective
CHEMBL3679593,O=c1c(CNc2nc3ccccc3s2)cn(-c2ccccc2)c2cc(Cl)ccc12,6.16,,,1,,,,non-selective
CHEMBL3679594,O=c1c(CNc2nc3ccccc3[nH]2)cn(-c2ccccc2)c2cc(Cl)ccc12,6.07,,,1,,,,non-selective
CHEMBL3679595,N#CN/C(=N\Cc1cn(-c2ccccc2)c2cc(Cl)ccc2c1=O)N1CCOCC1,5.92,,,1,,,,non-selective
CHEMBL3679596,N#CN/C(=N\Cc1cn(-c2ccccc2)c2cc(Cl)ccc2c1=O)Nc1ccccc1,5.57,,,1,,,,non-selective
CHEMBL3679597,O=C(NCc1cn(-c2ccccc2)c2cc(Cl)ccc2c1=O)Oc1ccccc1,5.7,,,1,,,,non-selective
CHEMBL3679598,O=C(NCc1cn(-c2ccccc2)c2cc(Cl)ccc2c1=O)N1CCN(c2ccccc2)CC1,6.92,,,1,,,,non-selective
CHEMBL373740,CCOc1nc(C(=O)NCc2ccc(S(C)(=O)=O)cc2)cc(N)c1C#C/C=C/CO,5.81,,,1,,,,non-selective
CHEMBL374193,CS(=O)(=O)c1ccc(CNC(=O)c2cc(N)c(C#N)c(-c3cccc(S(C)(=O)=O)c3)n2)cc1,7.37,,,1,,,,non-selective
CHEMBL374269,CS(=O)(=O)c1ccc(CNC(=O)c2cc(N)c(C#N)c(OCC3CC3)n2)cc1,7.64,,,1,,,,non-selective
CHEMBL374431,CS(=O)(=O)c1ccc(CNC(=O)c2cc(N)c(C#N)c(OCC3CCCC3)n2)cc1,6.41,,,1,,,,non-selective
CHEMBL374447,CS(=O)(=O)c1ccc(CNC(=O)c2cc(N)c(C#N)c(-c3ccncc3)n2)cc1,6.28,,,1,,,,non-selective
CHEMBL374795,CCOc1nc(C(=O)NCc2ccc(S(C)(=O)=O)cc2)cc(N)c1/C=C/c1ccccc1,5.61,,,1,,,,non-selective
CHEMBL374855,CCOc1nc(C(=O)NCc2ccc(S(C)(=O)=O)cc2)cc(N)c1C#Cc1ccsc1,5.46,,,1,,,,non-selective
CHEMBL375795,CS(=O)(=O)c1ccc(CNC(=O)c2cc(N)c(C#N)c(NC3CCCC3)n2)cc1,7.02,,,1,,,,non-selective
CHEMBL376096,CCOc1nc(C(=O)NCc2ccc(S(C)(=O)=O)cc2)cc(N)c1C#CCCO,5.65,,,1,,,,non-selective
CHEMBL377201,CCOc1nc(NC(=O)Cc2ccccc2Cl)cc(N)c1C#N,,5.31,,1,,,,unknown
CHEMBL377348,CC(=O)Nc1cc(N)c(C#N)c(OC2CCOC2)n1,,5.54,,1,,,,unknown
CHEMBL377383,CCOc1nc(C(=O)NCc2ccc(S(C)(=O)=O)cc2)cc(N)c1Cl,,7.13,,1,,,,unknown
CHEMBL377408,CCOc1nc(C(=O)NCc2ccccc2S(N)(=O)=O)cc(N)c1C#N,,7.28,,1,,,,unknown
CHEMBL377578,CCOc1nc(NC(=O)CN2CCC(C(=O)NC(C)C)CC2)cc(N)c1C#N,,6.89,,1,,,,unknown
CHEMBL378499,CCCCC(=O)Nc1cc(N)c(C#N)c(OCC)n1,,6.16,,1,,,,unknown
CHEMBL378627,COc1cc(S(C)(=O)=O)c(OC)cc1CC(=O)Nc1cc(N)c(C#N)c(OC(C)C)n1,,7.19,,1,,,,unknown
CHEMBL378931,CC(=O)Nc1cc(N)c(C#N)c(OC(C)C)n1,,6.33,,1,,,,unknown
CHEMBL378980,CCCCOc1nc(NC(C)=O)cc(N)c1C#N,,5.33,,1,,,,unknown
CHEMBL379254,COCCC(=O)Nc1cc(-c2ccnc(Nc3ccccc3)c2)ccn1,,,7.7,1,,,,unknown
CHEMBL380152,COc1ccc(OC)c(CC(=O)Nc2cc(N)c(C#N)c(OCCS(C)(=O)=O)n2)c1,,6.13,,1,,,,unknown
CHEMBL380625,O=C(Nc1cc(-c2ccnc(Nc3ccccc3)c2)ccn1)c1cccnc1,,,6.76,1,,,,unknown
CHEMBL380724,O=C(Nc1cc(-c2ccnc(Nc3ccccc3)c2)ccn1)c1ccco1,,,7.75,1,,,,unknown
CHEMBL382639,CCOc1nc(NC(=O)Cc2cc(OC)c(Br)cc2OC)cc(N)c1C#N,,6.8,,1,,,,unknown
CHEMBL383308,CCCN(CCO)CC(=O)Nc1cc(N)c(C#N)c(OCC)n1,,6.13,,1,,,,unknown
CHEMBL383678,CC(=O)N1CCCCC1C(=O)Nc1cc(-c2ccnc(Nc3ccccc3)c2)ccn1,,,6.68,1,,,,unknown
CHEMBL383994,C#Cc1c(N)cc(C(=O)NCc2ccc(S(C)(=O)=O)cc2)nc1OCC,6.46,,,1,,,,non-selective
CHEMBL384219,CS(=O)(=O)c1ccc(CNC(=O)c2cc(N)c(C#N)c(NC(CO)CO)n2)cc1,7.12,,,1,,,,non-selective
CHEMBL384951,COCCNc1nc(C(=O)NCc2ccc(S(C)(=O)=O)cc2)cc(N)c1C#N,6.92,,,1,,,,non-selective
CHEMBL385177,CS(=O)(=O)c1ccc(CNC(=O)c2cc(N)c(C#N)c(/C=C/c3ccccc3)n2)cc1,5.84,,,1,,,,non-selective
CHEMBL386010,CC(=O)NCCNc1nc(C(=O)NCc2ccc(S(C)(=O)=O)cc2)cc(N)c1C#N,7.23,,,1,,,,non-selective
CHEMBL387253,CS(=O)(=O)c1ccc(CNC(=O)c2cc(N)c(C#N)c(-c3ccoc3)n2)cc1,6.57,,,1,,,,non-selective
CHEMBL388978,CN[C@@H]1C[C@H]2O[C@@](C)([C@@H]1OC)n1c3ccccc3c3c4c(c5c6ccccc6n2c5c31)C(=O)NC4,,6.3,,1,,,,unknown
CHEMBL3899711,N#CC(c1ccnc(OCc2ccccc2)n1)c1nc2ccccc2s1,,6.6,,1,,,,unknown
CHEMBL3909478,N#CC(c1ccnc(NC2Cc3c[nH]c2n3)n1)c1nc2ccccc2s1,,6.68,,1,,,,unknown
CHEMBL3909574,N#CC(c1ccnc(NCCO)n1)c1nc2ccccc2s1,,5.75,,1,,,,unknown
CHEMBL3911431,CSc1nccc(C(C#N)c2nc3ccccc3s2)n1,,6.01,,1,,,,unknown
CHEMBL391794,CCNC(=O)N1CCC(Nc2nccc(-c3c(C(C)C)[nH]c4ccccc34)n2)CC1,,6.16,,1,,,,unknown
CHEMBL392613,CCNC(=O)N1CCC(Nc2nccc(-n3ccc4ccccc43)n2)CC1,,6.29,,1,,,,unknown
CHEMBL392614,CCNC(=O)N1CCC[C@H](Nc2ncc(Cl)c(-c3c[nH]c4ccccc34)n2)C1,,7.82,,1,,,,unknown
CHEMBL392615,CNC(=O)CN1CCC[C@@H](Nc2ncc(Cl)c(-c3c[nH]c4ccccc34)n2)C1,,7.51,,1,,,,unknown
CHEMBL393659,CN(C)C(=O)N1CCC(Nc2ncc(Cl)c(-c3c[nH]c4ccccc34)n2)CC1,,7.43,,1,,,,unknown
CHEMBL393861,CNCC(=O)N1CCC(Nc2ncc(Cl)c(-c3c[nH]c4ccccc34)n2)CC1,,7.07,,1,,,,unknown
CHEMBL3947134,COc1nccc(C(C#N)c2nc3ccccc3s2)n1,,6.35,,1,,,,unknown
CHEMBL3947385,COc1ccc(Oc2nccc(C(C#N)c3nc4ccccc4s3)n2)cc1,,6.52,,1,,,,unknown
CHEMBL397531,CCNC(=O)N1CCC(Nc2ncc(Cl)c(-c3cnc4ccccn34)n2)CC1,,7.26,,1,,,,unknown
CHEMBL398493,CS(=O)(=O)Nc1ccc(-c2cnc3cccc(Nc4ncccc4Cl)c3c2)cc1,,,4.82,1,,,,unknown
CHEMBL398691,CS(=O)(=O)Nc1ccc(-c2cnc3cccc(Nc4ccc(C(F)(F)F)cn4)c3c2)cc1,,,6.31,1,,,,unknown
CHEMBL399168,CNc1nccc(C(C#N)c2nc3ccccc3s2)n1,,5.64,,1,,,,unknown
CHEMBL400862,CS(=O)(=O)Nc1ccc(-c2cnc3cccc(-c4ccncc4)c3c2)cc1,,,5.3,1,,,,unknown
CHEMBL400863,NS(=O)(=O)c1ccc(-c2cnc3cccc(Nc4ccccn4)c3c2)cc1,,,6.7,1,,,,unknown
CHEMBL401123,CS(=O)(=O)Nc1ccc(-c2cnc3cccc(Nc4ccccn4)c3c2)cc1,,,6.36,1,,,,unknown
CHEMBL4062023,C=CC(=O)Nc1cccc(C(=O)Nc2ccc(Nc3cc(-c4[nH]c(SC)nc4-c4ccc(F)cc4)ccn3)cc2)c1,,,9.22,1,,,,unknown
CHEMBL4063964,C=CC(=O)Nc1ccc(C(=O)Nc2ccc(Nc3cc(-c4c(-c5ccc(F)cc5)nc(SC)n4C)ccn3)c(C)c2)cc1,,,8.1,1,,,,unknown
CHEMBL4066691,CCC(=O)Nc1cccc(C(=O)Nc2ccc(Nc3cc(-c4c(-c5ccc(F)cc5)nc(SC)n4C)ccn3)cc2)c1C,,,7.77,1,,,,unknown
CHEMBL4069805,CCC(=O)Nc1cccc(C(=O)Nc2ccc(Nc3cc(-c4[nH]c(SC)nc4-c4ccc(F)cc4)ccn3)cc2)c1,,,8.7,1,,,,unknown
CHEMBL4071770,C=CC(=O)Nc1cccc(C(=O)Nc2cccc(Nc3cc(-c4c(-c5ccc(F)cc5)nc(SC)n4C)ccn3)c2)c1C,,,8.52,1,,,,unknown
CHEMBL4072555,C=CC(=O)Nc1ccc(C(=O)Nc2cccc(Nc3cc(-c4c(-c5ccc(F)cc5)nc(SC)n4C)ccn3)c2)cc1,,,8.4,1,,,,unknown
CHEMBL4074524,CSc1nc(-c2ccc(F)cc2)c(-c2ccnc(Nc3ccc(N)cc3)c2)[nH]1,,,7.62,1,,,,unknown
CHEMBL4077018,C=CC(=O)Nc1cccc(C(=O)Nc2ccc(Nc3cc(-c4c(-c5ccc(F)cc5)nc(SC)n4C)ccn3)cc2)c1,,,9.52,1,,,,unknown
CHEMBL4077684,CCC(=O)Nc1cccc(C(=O)Nc2cccc(Nc3cc(-c4c(-c5ccc(F)cc5)nc(SC)n4C)ccn3)c2)c1,,,6.76,1,,,,unknown
CHEMBL4082212,C=CC(=O)Nc1ccc(C(=O)Nc2ccc(Nc3cc(-c4[nH]c(SC)nc4-c4ccc(F)cc4)ccn3)cc2)cc1,,,8.52,1,,,,unknown
CHEMBL4082278,C=CC(=O)Nc1cccc(C(=O)Nc2ccc(Nc3cc(-c4[nH]c(SC)nc4C)ccn3)cc2)c1,,,8.7,1,,,,unknown
CHEMBL4085536,CCC(=O)Nc1ccc(C(=O)Nc2ccc(Nc3cc(-c4c(-c5ccc(F)cc5)nc(SC)n4C)ccn3)cc2)cc1,,,7.57,1,,,,unknown
CHEMBL4086457,C=CC(=O)Nc1cccc(C(=O)Nc2ccc(Nc3cc(-c4c(-c5ccc(F)cc5)nc(SC)n4C)ccn3)cc2)c1C,,,8.7,1,,,,unknown
CHEMBL4092482,CCC(=O)Nc1cccc(C(=O)Nc2ccc(Nc3cc(-c4c(-c5ccc(F)cc5)nc(SC)n4C)ccn3)cc2)c1,,,7.64,1,,,,unknown
CHEMBL4092555,C=CC(=O)Nc1cccc(C(=O)Nc2ccc(Nc3cc(-c4c(-c5ccc(F)cc5)nc(SC)n4C)ccn3)c(C)c2)c1,,,8.7,1,,,,unknown
CHEMBL4093282,CCC(=O)Nc1ccc(C(=O)Nc2ccc(Nc3cc(-c4c(-c5ccc(F)cc5)nc(SC)n4C)ccn3)c(C)c2)cc1,,,7.6,1,,,,unknown
CHEMBL4094220,C=CC(=O)Nc1cccc(C(=O)Nc2cccc(Nc3cc(-c4c(-c5ccc(F)cc5)nc(SC)n4C)ccn3)c2)c1,,,8.52,1,,,,unknown
CHEMBL4100292,C=CC(=O)Nc1ccc(C(=O)Nc2ccc(Nc3cc(-c4[nH]c(SC)nc4C)ccn3)cc2)cc1,,,6.7,1,,,,unknown
CHEMBL4101252,CCC(=O)Nc1cccc(C(=O)Nc2ccc(Nc3cc(-c4[nH]c(SC)nc4C)ccn3)cc2)c1,,,6.6,1,,,,unknown
CHEMBL4101953,C=CC(=O)Nc1ccc(C(=O)Nc2ccc(Nc3cc(-c4c(-c5ccc(F)cc5)nc(SC)n4C)ccn3)cc2)cc1,,,8.0,1,,,,unknown
CHEMBL4104351,CSc1nc(-c2ccc(F)cc2)c(-c2ccnc(Nc3ccc(NC(=O)c4cccc(N)c4)cc3)c2)n1C,,,7.52,1,,,,unknown
CHEMBL424872,CCOc1nc(C(=O)NCc2ccc(S(C)(=O)=O)cc2)cc(N)c1C#N,,6.92,,1,,,,unknown
CHEMBL425413,CCOc1nc(NC(=O)CN2CCCCC2)cc(N)c1C#N,,5.47,,1,,,,unknown
CHEMBL426134,CCOc1nc(NC(=O)Cc2ccc(OC)cc2)cc(N)c1C#N,,6.56,,1,,,,unknown
CHEMBL430014,CC(C)(C)NS(=O)(=O)c1ccc(-c2cnc3cccc(Nc4ccc(Cl)cn4)c3c2)cc1,,,6.6,1,,,,unknown
CHEMBL434368,CS(=O)(=O)c1ccc(CNC(=O)c2cc(N)c(C#N)c(/C=C/C(=O)O)n2)cc1,6.52,,,1,,,,non-selective
CHEMBL434560,CS(=O)(=O)c1ccc(CNC(=O)c2cc(N)c(C#N)c(NCCCO)n2)cc1,7.27,,,1,,,,non-selective
CHEMBL437706,COc1ccccc1Nc1cc(-c2ccnc(Nc3ccccc3OC)c2)ccn1,,,6.28,1,,,,unknown
CHEMBL437747,CCCn1c(C2CCNCC2)nc(-c2ccc(Cl)c(Cl)c2)c1-c1ccnc(NC2CCCCC2)n1,,,8.8,1,,,,unknown
CHEMBL439323,CC(C)Oc1nc(C(=O)NCc2ccc(S(C)(=O)=O)cc2)cc(N)c1Cl,,7.17,,1,,,,unknown
CHEMBL446404,C[C@@H](Nc1nccc(-c2[nH]c(C3CCNCC3)nc2-c2cccc(C(F)(F)F)c2)n1)c1ccccc1,,6.53,,1,,,,unknown
CHEMBL458997,CNC(=O)c1ccccc1Nc1nc(Nc2ccc(N3CCOCC3)cc2OC)ncc1Cl,,7.38,7.92,2,,,,unknown
CHEMBL4744126,O=C(Nc1cnn(-c2ccc(C(=O)NC3CNC3)s2)c1)Nc1ccccc1Cl,,,6.1,1,,,,unknown
CHEMBL4744992,O=C(Nc1cnn(-c2csc(C(=O)NCC3CCOCC3)c2)c1)Nc1ccccc1Cl,,6.09,7.62,2,,,,unknown
CHEMBL4745961,CN1CC[C@@H](NC(=O)c2cc(-n3cc(NC(=O)Nc4ccccc4Cl)cn3)cs2)C1,,,7.07,1,,,,unknown
CHEMBL4749547,Cc1sc(C(=O)N[C@@H]2CCOC2)cc1-n1cc(NC(=O)Nc2c(F)cccc2Cl)cn1,,5.57,7.28,2,,,,unknown
CHEMBL4753218,CN1CC[C@H](CNC(=O)c2cc(-n3cc(NC(=O)Nc4ccccc4Cl)cn3)cs2)C1,,,6.65,1,,,,unknown
CHEMBL4753310,O=C(Nc1cnn(-c2csc(C(=O)N[C@@H]3CCOC3)c2)c1)Nc1ccccc1Cl,,5.7,8.1,2,,,,unknown
CHEMBL4753641,O=C(Nc1cnn(-c2csc(C(=O)NC3COC3)c2)c1)Nc1ccccc1Cl,,5.87,7.46,2,,,,unknown
CHEMBL4754031,CN1CCC(CNC(=O)c2cc(-n3cc(NC(=O)Nc4ccccc4Cl)cn3)cs2)CC1,,,6.85,1,,,,unknown
CHEMBL4754584,CN1CC[C@H](NC(=O)c2cc(-n3cc(NC(=O)Nc4ccccc4Cl)cn3)cs2)C1,,5.82,7.41,2,,,,unknown
CHEMBL4754908,O=C(Nc1cnn(-c2csc(C(=O)NC3COC3)c2)c1)Nc1ccc(F)cc1Cl,,,7.28,1,,,,unknown
CHEMBL4755895,O=C(Nc1cnn(-c2csc(C(=O)NC[C@H]3CCOC3)c2)c1)Nc1ccccc1Cl,,,7.15,1,,,,unknown
CHEMBL4757583,CNC(=O)c1cc(-n2cc(NC(=O)Nc3ccccc3Cl)cn2)cs1,,,6.93,1,,,,unknown
CHEMBL4758113,CC1(NC(=O)c2cc(-n3cc(NC(=O)Nc4ccccc4Cl)cn3)cs2)COC1,,,7.35,1,,,,unknown
CHEMBL4758690,O=C(Nc1cnn(-c2csc(C(=O)N[C@@H]3CCNC3)c2)c1)Nc1ccccc1Cl,,,6.88,1,,,,unknown
CHEMBL4759538,CN1CCC(NC(=O)c2cc(-n3cc(NC(=O)Nc4ccccc4Cl)cn3)cs2)CC1,,5.56,7.08,2,,,,unknown
CHEMBL4762965,O=C(Nc1cnn(-c2csc(C(=O)NC3CCOCC3)c2)c1)Nc1ccccc1Cl,,5.98,7.3,2,,,,unknown
CHEMBL4777114,O=C(Nc1cnn(-c2cc(C(=O)NC3CNC3)cs2)c1)Nc1ccccc1Cl,,,6.7,1,,,,unknown
CHEMBL4778645,O=C(Nc1cnn(-c2csc(C(=O)NC3COC3)c2)c1)Nc1c(F)cccc1Cl,,5.7,7.48,2,,,,unknown
CHEMBL4783382,O=C(Nc1cnn(-c2csc(C(=O)NC3CNC3)c2)c1)Nc1ccccc1Cl,,,7.3,1,,,,unknown
CHEMBL4784092,Cc1sc(C(=O)NC2COC2)cc1-n1cc(NC(=O)Nc2c(F)cccc2Cl)cn1,,6.82,7.17,2,,,,unknown
CHEMBL4784095,CC(C)N1CC[C@H](NC(=O)c2cc(-n3cc(NC(=O)Nc4ccccc4Cl)cn3)cs2)C1,,,7.92,1,,,,unknown
CHEMBL4788258,O=C(Nc1cnn(-c2csc(C(=O)NCC3CCNCC3)c2)c1)Nc1ccccc1Cl,,,6.73,1,,,,unknown
CHEMBL4793809,O=C(Nc1cnn(-c2csc(C(=O)NC3CC3)c2)c1)Nc1ccccc1Cl,,5.5,7.1,2,,,,unknown
CHEMBL4798047,CN1CCC[C@H]1CNC(=O)c1cc(-n2cc(NC(=O)Nc3ccccc3Cl)cn2)cs1,,,7.07,1,,,,unknown
CHEMBL4799926,[2H]C([2H])([2H])N1CC[C@@H](NC(=O)c2cc(-n3cc(NC(=O)Nc4ccccc4Cl)cn3)cs2)C1,,,7.08,1,,,,unknown
CHEMBL4845770,Cc1nc2c(cnn2-c2csc(C(=O)NC3COC3)c2)cc1Nc1c(F)cccc1Cl,,7.13,8.3,2,,,,unknown
CHEMBL4847078,CO[C@H]1CC[C@H](Nc2ncc(C(N)=O)c(N[C@@H]3CCC[C@H](O)C3)n2)CC1,,8.3,,1,,,,unknown
CHEMBL4847106,C[C@@H]1CC[C@@H](Nc2nc(NC(C)(C)C)ncc2C(N)=O)C[C@H]1O,,7.51,,1,,,,unknown
CHEMBL4847175,[2H]C([2H])([2H])N1CC[C@H](NC(=O)c2cc(-n3ncc4cc(Nc5ccccc5Cl)c(F)cc43)cs2)C1,,,8.3,1,,,,unknown
CHEMBL4847784,O=C(NC1COC1)c1cc(-n2ncc3cc(Nc4ccccc4Cl)c(F)cc32)cs1,,5.88,7.85,2,,,,unknown
CHEMBL4848290,CO[C@H]1CC[C@H](Nc2ncc(C(N)=O)c(NC(C)C)n2)CC1,,6.95,,1,,,,unknown
CHEMBL4848796,CO[C@H]1CC[C@H](Nc2ncc(C(N)=O)c(N[C@H]3CCC[C@H](O)C3)n2)CC1,,6.94,,1,,,,unknown
CHEMBL4851793,CNC(=O)c1cc(-n2ncc3cc(Nc4ccccc4Cl)cnc32)cs1,,6.38,7.62,2,,,,unknown
CHEMBL4852680,CO[C@H]1CC[C@H](Nc2ncc(C(N)=O)c(N[C@H]3CCC[C@@H](O)C3)n2)CC1,,6.96,,1,,,,unknown
CHEMBL4852708,CC(C)(C)Nc1ncc(C(N)=O)c(N[C@@H]2CCC[C@H](O)C2)n1,,7.51,,1,,,,unknown
CHEMBL4853125,CO[C@H]1CC[C@H](Nc2ncc(C(N)=O)c(N[C@@H]3CCC[C@@H](O)C3)n2)CC1,,8.22,,1,,,,unknown
CHEMBL4853326,CNC(=O)c1cc(-n2ncc3cc(Nc4ccccc4Cl)c(OC)cc32)cs1,,,7.7,1,,,,unknown
CHEMBL4853789,O=C(NC1COC1)c1cc(-n2ncc3nc(Nc4ccccc4Cl)ccc32)cs1,,,7.0,1,,,,unknown
CHEMBL4854405,Cc1nc2c(cnn2-c2csc(C(=O)NC3COC3)c2)cc1Nc1ccc(F)cc1Cl,,,7.1,1,,,,unknown
CHEMBL4857979,CNC(=O)c1cc(-n2ncc3cc(Nc4c(F)cccc4Cl)cnc32)cs1,,7.28,8.7,2,,,,unknown
CHEMBL4859957,CNC(=O)c1cc(-n2ncc3cc(Nc4c(F)cccc4Cl)c(C)nc32)cs1,,6.85,7.92,2,,,,unknown
CHEMBL4861369,COc1ccc(Nc2ncc(C(N)=O)c(Nc3ccccc3)n2)cc1OC,,7.58,,1,,,,unknown
CHEMBL4861739,O=C(NC1CC1)c1cc(-n2ncc3cc(Nc4ccccc4Cl)c(F)cc32)cs1,,,9.0,1,,,,unknown
CHEMBL4862159,CNC(=O)c1cc(-n2ncc3nc(Nc4ccccc4Cl)ncc32)cs1,,,6.0,1,,,,unknown
CHEMBL4862452,NC(=O)c1cnc(N[C@H]2CC[C@H](O)CC2)nc1NC12CC(C1)C2,,7.89,,1,,,,unknown
CHEMBL4862656,CC(=O)N1CC[C@H](NC(=O)c2cc(-n3ncc4cc(Nc5ccccc5Cl)c(F)cc43)cs2)C1,,,8.4,1,,,,unknown
CHEMBL4863524,Cc1nc2c(cnn2-c2csc(C(=O)NC3COC3)c2)cc1Nc1cc(F)ccc1Cl,,,5.97,1,,,,unknown
CHEMBL4864514,CNC(=O)c1cc(-n2ncc3cc(Oc4ccccc4Cl)ccc32)cs1,,5.99,7.52,2,,,,unknown
CHEMBL4865870,CC(C)NC(=O)c1cc(-n2ncc3cc(Nc4ccccc4Cl)c(F)cc32)cs1,,,8.7,1,,,,unknown
CHEMBL4867426,O=C(NC1CCOCC1)c1cc(-n2ncc3cc(Nc4ccccc4Cl)c(F)cc32)cs1,,,8.7,1,,,,unknown
CHEMBL4869300,CC(C)N1CC[C@@H](NC(=O)c2cc(-n3ncc4cc(Nc5ccccc5Cl)ccc43)cs2)C1,,,7.51,1,,,,unknown
CHEMBL4872066,C[C@@H]1CC[C@@H](Nc2nc(NC3(C)CC3)ncc2C(N)=O)C[C@H]1O,,7.68,,1,,,,unknown
CHEMBL4872493,O=C(NC1COC1)c1cc(-n2ncc3cc(Nc4ccccc4Cl)cnc32)cs1,,7.13,8.22,2,,,,unknown
CHEMBL4872832,O=C(NC1COC1)c1cc(-n2ncc3cc(Nc4ccccc4Cl)ncc32)cs1,,,8.3,1,,,,unknown
CHEMBL4874134,CNC(=O)c1cc(-n2ncc3cc(Nc4ccccc4Cl)c(F)cc32)cs1,,7.03,8.3,2,,,,unknown
CHEMBL4874419,CC(C)Nc1nc(N[C@H]2CC[C@H](O)CC2)ncc1C(N)=O,,7.1,,1,,,,unknown
CHEMBL4874549,CC(C)(C)Nc1nc(N[C@H]2CC[C@H](O)CC2)ncc1C(N)=O,,7.75,,1,,,,unknown
CHEMBL4874573,CNC(=O)c1cc(-n2ncc3cc(Nc4c(F)cccc4Cl)c(F)cc32)cs1,,7.54,8.7,2,,,,unknown
CHEMBL4874575,O=C(N[C@H]1CCOC1)c1cc(-n2ncc3cc(Nc4ccccc4Cl)c(F)cc32)cs1,,,8.7,1,,,,unknown
CHEMBL4875476,CNC(=O)c1cc(-n2ncc3cc(Nc4c(F)cccc4OC)c(F)cc32)cs1,,,8.3,1,,,,unknown
CHEMBL4875508,[2H]C([2H])([2H])N1CC[C@H](NC(=O)c2cc(-n3ncc4cc(Nc5ccccc5Cl)ccc43)cs2)C1,,,9.0,1,,,,unknown
CHEMBL4876387,COCCNC(=O)c1cc(-n2ncc3cc(Nc4ccccc4Cl)c(F)cc32)cs1,,,8.52,1,,,,unknown
CHEMBL4876785,Cc1nc2c(cnn2-c2csc(C(=O)NC3COC3)c2)cc1Nc1cccc(F)c1Cl,,,6.77,1,,,,unknown
CHEMBL4877560,CO[C@H]1CC[C@H](Nc2ncc(C(N)=O)c(N[C@@H]3CCCOC3)n2)CC1,,8.3,,1,,,,unknown
CHEMBL4877655,NC(=O)c1cnc(N[C@@H]2CCC[C@H](O)C2)nc1NC12CC(C1)C2,,6.92,,1,,,,unknown
CHEMBL4877727,CNC(=O)c1cc(-n2ncc3cc(Nc4c(F)cccc4Cl)ncc32)cs1,,7.13,8.7,2,,,,unknown
CHEMBL4878046,NC(=O)c1cnc(N[C@H]2CC[C@H](O)CC2)nc1Nc1ccccc1,,8.3,,1,,,,unknown
CHEMBL4879188,O=C(NCC(F)F)c1cc(-n2ncc3cc(Nc4ccccc4Cl)c(F)cc32)cs1,,,8.4,1,,,,unknown
CHEMBL495233,C[C@@H](CO)Oc1nc(C(=O)NCc2ccc(S(C)(=O)=O)cc2)cc(N)c1C#N,7.66,,,1,,,,non-selective
CHEMBL495406,CS(=O)(=O)c1ccc(CNC(=O)c2cc(N)c(C#N)c(OCCC(=O)O)n2)cc1,5.79,,,1,,,,non-selective
CHEMBL495459,CC(C)[C@H](CO)Nc1nc(C(=O)NCc2ccc(S(C)(=O)=O)cc2)cc(N)c1C#N,5.82,,,1,,,,non-selective
CHEMBL497033,Cc1cccc(-n2nc(C(C)(C)C)cc2NC(=O)Nc2ccc(Nc3ncnc4ccc(N)cc34)cc2)c1,,6.175000000000001,,1,,,,unknown
CHEMBL497615,Cc1cccc(-n2nc(C(C)(C)C)cc2NC(=O)Nc2cccc(Nc3ncnc4ccc(N)cc34)c2)c1,,6.37,,1,,,,unknown
CHEMBL508280,O=[N+]([O-])c1cnc(Sc2nnc(O)n2-c2ccc3c(c2)OCCO3)s1,,6.3,,1,,,,unknown
CHEMBL512649,c1ccc2c3c([nH]c2c1)-c1n[nH]cc1CC3,,,4.69,1,,,,unknown
CHEMBL5171564,O=C(Nc1ccc(F)cc1)N1CCN(c2cc(-c3cn(-c4ccccc4)nc3-c3cccc(O)c3)ccn2)CC1,,,6.0,1,,,,unknown
CHEMBL5173811,COc1cccc(-c2nn(-c3ccccc3)cc2-c2ccnc(N3CCN(C(=O)Nc4ccccc4)CC3)c2)c1,,,6.0,1,,,,unknown
CHEMBL5174880,O=C(Nc1cccc(C(F)(F)F)c1)N1CCN(c2cc(-c3cn(-c4ccccc4)nc3-c3cccc(O)c3)ccn2)CC1,,,6.0,1,,,,unknown
CHEMBL5175285,COc1cccc(-c2nn(-c3ccccc3)cc2-c2ccnc(N3CCN(C(=O)Nc4cc(C(F)(F)F)cc(C(F)(F)F)c4)CC3)c2)c1,,,6.0,1,,,,unknown
CHEMBL5176396,COc1cccc(-c2nn(-c3ccccc3)cc2-c2ccnc(N3CCN(C(=O)Nc4ccc(Cl)c(C(F)(F)F)c4)CC3)c2)c1,,,6.0,1,,,,unknown
CHEMBL5177988,O=C(NCCCNc1cc(-c2cn(-c3ccccc3)nc2-c2cccc(O)c2)ccn1)Nc1ccc(Cl)c(Cl)c1,,,6.0,1,,,,unknown
CHEMBL5178484,O=C(Nc1cc(C(F)(F)F)cc(C(F)(F)F)c1)N1CCN(c2cc(-c3cn(-c4ccccc4)nc3-c3cccc(O)c3)ccn2)CC1,,,6.0,1,,,,unknown
CHEMBL5179126,O=C(NCCCNc1cc(-c2cn(-c3ccccc3)nc2-c2cccc(O)c2)ccn1)Nc1ccc(Cl)c(C(F)(F)F)c1,,,6.21,1,,,,unknown
CHEMBL5179338,O=C(Nc1ccc(Cl)c(C(F)(F)F)c1)N1CCN(c2cc(-c3cn(-c4ccccc4)nc3-c3cccc(O)c3)ccn2)CC1,,,6.0,1,,,,unknown
CHEMBL5180621,COc1cccc(-c2nn(-c3ccccc3)cc2-c2ccnc(N3CCN(C(=O)Nc4cccc(C(F)(F)F)c4)CC3)c2)c1,,,6.0,1,,,,unknown
CHEMBL5182819,COc1cccc(-c2nn(-c3ccccc3)cc2-c2ccnc(NCCCNC(=O)Nc3ccc(F)cc3)c2)c1,,,6.0,1,,,,unknown
CHEMBL5183673,O=C(NCCNc1cc(-c2cn(-c3ccccc3)nc2-c2cccc(O)c2)ccn1)Nc1ccc(Cl)c(Cl)c1,,,6.28,1,,,,unknown
CHEMBL5190656,COc1cccc(-c2nn(-c3ccccc3)cc2-c2ccnc(N3CCN(C(=O)Nc4ccc(F)cc4)CC3)c2)c1,,,6.0,1,,,,unknown
CHEMBL5190777,O=C(NCCNc1cc(-c2cn(-c3ccccc3)nc2-c2cccc(O)c2)ccn1)Nc1cc(C(F)(F)F)cc(C(F)(F)F)c1,,,6.0,1,,,,unknown
CHEMBL5190930,O=C(NCCNc1cc(-c2cn(-c3ccccc3)nc2-c2cccc(O)c2)ccn1)Nc1ccc(Cl)c(C(F)(F)F)c1,,,6.0,1,,,,unknown
CHEMBL5191468,O=C(NCCCNc1cc(-c2cn(-c3ccccc3)nc2-c2cccc(O)c2)ccn1)Nc1ccc(F)cc1,,,7.01,1,,,,unknown
CHEMBL5196004,O=C(NCCNc1cc(-c2cn(-c3ccccc3)nc2-c2cccc(O)c2)ccn1)Nc1ccc(F)cc1,,,6.72,1,,,,unknown
CHEMBL5197538,O=C(Nc1ccc(Cl)c(Cl)c1)N1CCN(c2cc(-c3cn(-c4ccccc4)nc3-c3cccc(O)c3)ccn2)CC1,,,6.0,1,,,,unknown
CHEMBL5199545,O=C(Nc1ccccc1)N1CCN(c2cc(-c3cn(-c4ccccc4)nc3-c3cccc(O)c3)ccn2)CC1,,,6.0,1,,,,unknown
CHEMBL5201911,O=C(NCCNc1cc(-c2cn(-c3ccccc3)nc2-c2cccc(O)c2)ccn1)Nc1cccc(C(F)(F)F)c1,,,7.0,1,,,,unknown
CHEMBL5205920,O=C(NCCCNc1cc(-c2cn(-c3ccccc3)nc2-c2cccc(O)c2)ccn1)Nc1cccc(C(F)(F)F)c1,,,6.32,1,,,,unknown
CHEMBL5206209,COc1cccc(-c2nn(-c3ccccc3)cc2-c2ccnc(N3CCN(C(=O)Nc4ccc(Cl)c(Cl)c4)CC3)c2)c1,,,6.0,1,,,,unknown
CHEMBL5206891,O=C(NCCCNc1cc(-c2cn(-c3ccccc3)nc2-c2cccc(O)c2)ccn1)Nc1cc(C(F)(F)F)cc(C(F)(F)F)c1,,,6.0,1,,,,unknown
CHEMBL522387,CC(C)(C)c1cc(NC(=O)Nc2cccc3ccccc23)n(-c2cccc(N)c2)n1,,7.105,,1,,,,unknown
CHEMBL5393904,O=C(c1cccc(CNc2n[nH]c3cccc(Cl)c23)c1)N1CCN(C(=O)c2ccc(Cl)cc2Cl)CC1,,,7.07,1,,,,unknown
CHEMBL5394033,N#CCc1cnc(-c2ccc3ccccc3c2)n1-c1ccnc(N[C@@H]2CCCN(C(=O)C3CC3)C2)n1,,7.18,8.3,2,,,,unknown
CHEMBL5395372,NC(=O)C1Cc2nc(-c3ccc4ccccc4c3)n(-c3ccnc(N[C@@H]4CCN(C(=O)C5CC5)C4)n3)c2C1,,,7.6,1,,,,unknown
CHEMBL5395598,C[C@@H]1CN(C(=O)c2ccc(NC(=O)/C=C/CN(C)C)cc2)C[C@@H]1Nc1nccc(-c2c(-c3ccccc3)nn3ccccc23)n1,,7.57,,1,,,,unknown
CHEMBL5395599,O=C1N/C(=N\c2cccc(Cl)c2Cl)S/C1=C1\C(=O)Nc2ccc([N+](=O)[O-])cc21,,,7.05,1,,,,unknown
CHEMBL5396061,CN(C)C/C=C/C(=O)Nc1ccc(C(=O)N2CC[C@H](Nc3nccc(-c4c(-c5ccc(F)cc5)nn5ccccc45)n3)C2)cc1,,8.4,,1,,,,unknown
CHEMBL5396572,N#CCc1cnc(-c2ccc3occc3c2)n1-c1ccnc(N[C@H]2CCCN(C(=O)C3CC3)C2)n1,,6.57,8.21,2,,,,unknown
CHEMBL5396715,N#CCc1cnc(-c2ccc3ccccc3c2)n1-c1ccnc(N[C@H]2CCCN(C(=O)C3CC3)C2)n1,,6.84,9.0,2,,,,unknown
CHEMBL5396830,N#CCc1cnc(C2=CC3OCCOC3C=C2)n1-c1ccnc(N[C@H]2CCCN(C(=O)C3CC3)C2)n1,,,5.82,1,,,,unknown
CHEMBL5397012,O=C(c1ccc(CNc2n[nH]c3ccccc23)cc1)N1CCN(C(=O)c2cc(C(F)(F)F)ccc2F)CC1,,,6.45,1,,,,unknown
CHEMBL5397194,CN(C)C/C=C/C(=O)Nc1ccc(C(=O)N2CCC[C@H](Nc3nccc(-c4c(-c5ccccc5)nn5ccccc45)n3)C2)cc1,,8.3,,1,,,,unknown
CHEMBL5397268,N#CCc1cnc(-c2ccc(Cl)c(Cl)c2)n1-c1ccnc(N[C@H]2CCCNC2)n1,,,4.88,1,,,,unknown
CHEMBL5397816,O=C(c1ccc(C(F)(F)F)cc1)N1CCN(C(=O)c2cccc(CNc3n[nH]c4ccccc34)c2)CC1,,,5.14,1,,,,unknown
CHEMBL5397833,NC(=O)C1Cc2nc(-c3ccc(F)c(C(F)(F)F)c3)n(-c3ccnc(N[C@@H]4CCN(C(=O)C5CC5)C4)n3)c2C1,,,6.52,1,,,,unknown
CHEMBL5398275,C[C@@H]1CN(C(=O)c2ccc(NC(=O)/C=C/CN(C)C)cc2)C[C@H]1Nc1nccc(-c2c(-c3ccccc3)nn3ccccc23)n1,,7.82,,1,,,,unknown
CHEMBL5398642,NC(=O)C1Cc2nc(-c3ccc(Cl)c(Cl)c3)n(-c3ccnc(N[C@@H]4CCCN(C(=O)C5CC5)C4)n3)c2C1,,7.78,9.14,2,,,,unknown
CHEMBL5398682,Cc1cccc(Cl)c1C(=O)N1CCN(C(=O)c2ccc(CNc3n[nH]c4ccccc34)cc2)CC1,,,6.22,1,,,,unknown
CHEMBL5398830,CCOC(=O)C1Cc2nc(-c3ccc(F)c(C(F)(F)F)c3)n(-c3ccnc(N[C@H]4CCN(C(=O)C5CC5)C4)n3)c2C1,,,6.34,1,,,,unknown
CHEMBL5398852,C[C@H]1CN(C(=O)c2ccc(NC(=O)/C=C/CN(C)C)cc2)C[C@H]1Nc1nccc(-c2c(-c3ccccc3)nn3ccccc23)n1,,7.16,,1,,,,unknown
CHEMBL5398897,O=C(c1cccc(CNc2n[nH]c3ccc(Cl)cc23)c1)N1CCN(C(=O)c2ccc(Cl)cc2Cl)CC1,,,6.69,1,,,,unknown
CHEMBL5399045,CCN(CC)CC(=O)Nc1ccc2c(c1)/C(=C1/S/C(=N/c3cccc(Cl)c3Cl)NC1=O)C(=O)N2,,,6.16,1,,,,unknown
CHEMBL5399618,CCOC(=O)C1Cc2nc(-c3ccc(F)c(C(F)(F)F)c3)n(-c3ccnc(N[C@@H]4CCCN(C(=O)C5CC5)C4)n3)c2C1,,,7.18,1,,,,unknown
CHEMBL5399794,NC(=O)C1Cc2nc(-c3ccc4ccccc4c3)n(-c3ccnc(N[C@H]4CCCN(C(=O)C5CC5)C4)n3)c2C1,,,8.75,1,,,,unknown
CHEMBL5400530,N#CCc1cnc(-c2ccc(Cl)c(Cl)c2)n1-c1ccnc(NC2CCOCC2)n1,,,6.865,1,,,,unknown
CHEMBL5401113,O=C(CCN1CCCC1)Nc1ccc2c(c1)/C(=C1/S/C(=N/c3cccc(Cl)c3Cl)NC1=O)C(=O)N2,,,6.51,1,,,,unknown
CHEMBL5401511,CCOC(=O)C1Cc2nc(-c3ccc4ccccc4c3)n(-c3ccnc(N[C@@H]4CCCN(C(=O)C5CC5)C4)n3)c2C1,,7.92,9.11,2,,,,unknown
CHEMBL5401592,NC(=O)C1Cc2nc(-c3ccc4c(c3)OCO4)n(-c3ccnc(N[C@H]4CCCN(C(=O)C5CC5)C4)n3)c2C1,,,8.0,1,,,,unknown
CHEMBL5401605,CCOC(=O)C1Cc2nc(-c3ccc4c(c3)CCO4)n(-c3ccnc(N[C@@H]4CCN(C(=O)C5CC5)C4)n3)c2C1,,,7.67,1,,,,unknown
CHEMBL5402048,CCOC(=O)C1Cc2nc(-c3ccc(Cl)c(Cl)c3)n(-c3ccnc(N[C@H]4CCN(C(=O)C5CC5)C4)n3)c2C1,,,7.55,1,,,,unknown
CHEMBL5402580,O=C(c1cccc(CNc2n[nH]c3ccccc23)c1)N1CCN(C(=O)c2ccc(Cl)cc2Cl)CC1,,,5.39,1,,,,unknown
CHEMBL5402716,O=C1N/C(=N\c2cccc(Cl)c2Cl)S/C1=C1\C(=O)Nc2ccc(Cl)cc21,,,7.57,1,,,,unknown
CHEMBL5403120,O=C(c1ccc(CNc2n[nH]c3ccccc23)cc1)N1CCN(C(=O)c2ccc(F)cc2F)CC1,,,6.2,1,,,,unknown
CHEMBL5403678,NC(=O)C1Cc2nc(-c3ccc(Cl)c(Cl)c3)n(-c3ccnc(N[C@H]4CCCN(C(=O)C5CC5)C4)n3)c2C1,,7.53,9.42,2,,,,unknown
CHEMBL5403762,NC(=O)C1Cc2nc(-c3ccc(F)c(C(F)(F)F)c3)n(-c3ccnc(N[C@@H]4CCCN(C(=O)C5CC5)C4)n3)c2C1,,,6.98,1,,,,unknown
CHEMBL5403784,O=C(c1ccc(CNc2n[nH]c3ccccc23)cc1)N1CCN(C(=O)c2c(Cl)cccc2C(F)(F)F)CC1,,,6.6,1,,,,unknown
CHEMBL5403866,O=C(c1cccc(CNc2n[nH]c3ccccc23)c1)N1CCN(C(=O)c2c(F)cccc2Cl)CC1,,,5.37,1,,,,unknown
CHEMBL5403895,CC(C)(C)C(=O)N1CCC[C@H](Nc2nccc(-n3c(CC#N)cnc3-c3ccc(Cl)c(Cl)c3)n2)C1,,7.09,8.1,2,,,,unknown
CHEMBL5403970,CCOC(=O)C1Cc2nc(-c3ccc4ccccc4c3)n(-c3ccnc(N[C@H]4CCN(C(=O)C5CC5)C4)n3)c2C1,,,7.63,1,,,,unknown
CHEMBL5404244,O=C1N/C(=N\c2c(F)cccc2F)S/C1=C1\C(=O)Nc2ccc(F)cc21,,,6.85,1,,,,unknown
CHEMBL5404265,COc1ccc(C(=O)N2CCN(C(=O)c3ccc(CNc4n[nH]c5ccccc45)cc3)CC2)c(Cl)c1,,,6.18,1,,,,unknown
CHEMBL5405264,O=C(c1ccc(CNc2n[nH]c3ccccc23)cc1)N1CCN(C(=O)c2ccc(C(F)(F)F)cc2)CC1,,,6.46,1,,,,unknown
CHEMBL5405404,N#CCc1cnc(-c2ccc3c(c2)CCO3)n1-c1ccnc(N[C@H]2CCCN(C(=O)C3CC3)C2)n1,,7.36,8.39,2,,,,unknown
CHEMBL5405579,O=C(c1ccc(CNc2n[nH]c3ccccc23)cc1)N1CCN(C(=O)c2cc(Cl)ccc2Cl)CC1,,,6.69,1,,,,unknown
CHEMBL5405705,CCOC(=O)C1Cc2nc(-c3ccc4ccccc4c3)n(-c3ccnc(N[C@@H]4CCN(C(=O)C5CC5)C4)n3)c2C1,,,8.17,1,,,,unknown
CHEMBL5405724,O=C1N/C(=N\c2ccccc2Cl)S/C1=C1\C(=O)Nc2ccccc21,,,6.66,1,,,,unknown
CHEMBL5405861,C[C@@H](O)CNc1nccc(-n2c(CC#N)cnc2-c2ccc(Cl)c(Cl)c2)n1,,,5.17,1,,,,unknown
CHEMBL5406036,CN(C)C/C=C/C(=O)Nc1ccc(C(=O)N2CCC[C@@H](Nc3nccc(-c4c(-c5ccccc5)nn5ccccc45)n3)C2)cc1,,7.77,,1,,,,unknown
CHEMBL5406554,NC(=O)N1Cc2nc(-c3ccc(Cl)c(Cl)c3)n(-c3ccnc(N[C@@H]4CCN(C(=O)C5CC5)C4)n3)c2C1,,,8.52,1,,,,unknown
CHEMBL5406652,CC(=O)Nc1ccc2c(c1)/C(=C1/S/C(=N/c3cccc(Cl)c3Cl)NC1=O)C(=O)N2,,,7.11,1,,,,unknown
CHEMBL5406704,CNC(=O)C1Cc2nc(-c3ccc4c(c3)OCO4)n(-c3ccnc(N[C@H]4CCN(C(=O)C5CC5)C4)n3)c2C1,,,6.75,1,,,,unknown
CHEMBL5406765,O=C1N/C(=N\c2cccc(Cl)c2Cl)S/C1=C1\C(=O)Nc2ccc(I)cc21,,,6.96,1,,,,unknown
CHEMBL5406812,CN(C)C/C=C/C(=O)Nc1ccc(C(=O)N2CC[C@H](Nc3ncc(Cl)c(-c4c(-c5ccccc5)nn5ccccc45)n3)C2)cc1,,6.32,,1,,,,unknown
CHEMBL5407257,NC(=O)C1Cc2nc(-c3ccc4c(c3)OCO4)n(-c3ccnc(N[C@H]4CCN(C(=O)C5CC5)C4)n3)c2C1,,,6.87,1,,,,unknown
CHEMBL5407304,CN1CCN(C(=O)c2ccc(CNc3n[nH]c4ccccc34)cc2)CC1,,,6.05,1,,,,unknown
CHEMBL5407582,O=C1N/C(=N\c2ccccc2Cl)S/C1=C1\C(=O)Nc2ccc([N+](=O)[O-])cc21,,,7.02,1,,,,unknown
CHEMBL5407894,O=C(c1cccc(CNc2n[nH]c3ccccc23)c1)N1CCN(C(=O)c2cc(C(F)(F)F)cc(C(F)(F)F)c2)CC1,,,5.14,1,,,,unknown
CHEMBL5407999,N#CCc1cnc(-c2ccc3c(c2)OCCO3)n1-c1ccnc(NC2CCCCC2)n1,,,5.2,1,,,,unknown
CHEMBL5408056,O=C(C1CC1)N1CCC[C@H](Nc2nccc(-n3c(-c4ccc5c(c4)OCCO5)nc4cc(O)c(O)cc43)n2)C1,,,8.0,1,,,,unknown
CHEMBL5408361,O=C(c1ccc(CNc2n[nH]c3ccccc23)cc1)N1CCN(C(=O)c2ccc(C(F)(F)F)cc2Cl)CC1,,,6.62,1,,,,unknown
CHEMBL5408675,CNC(=O)C1Cc2nc(-c3ccc(Cl)c(Cl)c3)n(-c3ccnc(N[C@H]4CCCN(C(=O)C5CC5)C4)n3)c2C1,,7.81,8.92,2,,,,unknown
CHEMBL5408895,CN(C)C/C=C/C(=O)Nc1ccc(C(=O)N2CCCC[C@@H](Nc3nccc(-c4c(-c5ccccc5)nn5ccccc45)n3)C2)cc1,,7.77,,1,,,,unknown
CHEMBL5408918,COc1ccc(C(=O)N2CCN(C(=O)c3ccc(CNc4n[nH]c5ccccc45)cc3)CC2)cc1,,,6.21,1,,,,unknown
CHEMBL5408939,O=C1N/C(=N\c2ccccc2Cl)S/C1=C1\C(=O)Nc2ccc(Cl)cc21,,,6.89,1,,,,unknown
CHEMBL5409831,C[C@@H](O)CNc1nccc(-n2c(CC#N)cnc2-c2ccc3c(c2)OCCO3)n1,,,5.01,1,,,,unknown
CHEMBL5409834,O=C(c1cccc(CNc2n[nH]c3cccc(F)c23)c1)N1CCN(C(=O)c2ccc(Cl)cc2Cl)CC1,,,6.72,1,,,,unknown
CHEMBL5410090,O=C(NN1CCCCC1)c1ccc(CNc2n[nH]c3ccccc23)cc1,,,5.05,1,,,,unknown
CHEMBL5410150,O=C1N/C(=N\c2ccccc2F)S/C1=C1\C(=O)Nc2ccc(Cl)cc21,,,7.11,1,,,,unknown
CHEMBL5410221,O=C1N/C(=N\c2cccc(F)c2F)S/C1=C1\C(=O)Nc2ccc(F)cc21,,,7.02,1,,,,unknown
CHEMBL5410247,CN(C)C/C=C/C(=O)Nc1ccc(C(=O)Nc2cccc(Nc3nccc(-c4c(-c5ccccc5)nn5ccccc45)n3)c2)cc1,,8.08,,1,,,,unknown
CHEMBL5410441,Cc1ccc(Cl)c(C(=O)N2CCN(C(=O)c3ccc(CNc4n[nH]c5ccccc45)cc3)CC2)c1,,,6.23,1,,,,unknown
CHEMBL5410493,O=C1S/C(=N\c2ccccc2Cl)N/C1=C1\C(=O)Nc2ccc(F)cc21,,,7.0,1,,,,unknown
CHEMBL5410683,C[C@H]1CN(C(=O)c2ccc(NC(=O)/C=C/CN(C)C)cc2)C[C@@H]1Nc1nccc(-c2c(-c3ccccc3)nn3ccccc23)n1,,8.3,,1,,,,unknown
CHEMBL5410780,O=C(Nc1cc(C(F)(F)F)cc(C(F)(F)F)c1)N1CCN(C(=O)c2ccc(CNc3n[nH]c4ccccc34)cc2)CC1,,,5.09,1,,,,unknown
CHEMBL5410846,NC(=O)C1Cc2nc(-c3ccc(F)c(C(F)(F)F)c3)n(-c3ccnc(N[C@H]4CCN(C(=O)C5CC5)C4)n3)c2C1,,,6.74,1,,,,unknown
CHEMBL5411091,O=C(c1cccc(CNc2n[nH]c3cc(Cl)ccc23)c1)N1CCN(C(=O)c2ccc(Cl)cc2Cl)CC1,,,6.62,1,,,,unknown
CHEMBL5411160,CCOC(=O)C1Cc2nc(-c3ccc(Cl)c(Cl)c3)n(-c3ccnc(N[C@@H]4CCCN(C(=O)C5CC5)C4)n3)c2C1,,8.07,9.22,2,,,,unknown
CHEMBL5411375,Cc1cc(Cl)ccc1NC(=O)N1CCN(C(=O)c2ccc(CNc3n[nH]c4ccccc34)cc2)CC1,,,6.52,1,,,,unknown
CHEMBL5412347,CNC(=O)C1Cc2nc(-c3ccc(Cl)c(Cl)c3)n(-c3ccnc(N[C@H]4CCN(C(=O)C5CC5)C4)n3)c2C1,,,7.99,1,,,,unknown
CHEMBL5413463,O=C(c1ccc(Cl)cc1)N1CCN(C(=O)c2ccc(CNc3n[nH]c4ccccc34)cc2)CC1,,,6.52,1,,,,unknown
CHEMBL5413820,O=C(c1ccc(F)cc1)N1CCN(C(=O)c2ccc(CNc3n[nH]c4ccccc34)cc2)CC1,,,5.46,1,,,,unknown
CHEMBL5413843,CN(C)C/C=C/C(=O)Nc1ccc(C(=O)N2CC[C@H](Nc3nccc(-c4c(-c5ccccc5)nn5ccccc45)n3)C2)cc1,,8.3,,1,,,,unknown
CHEMBL5413870,CCOC(=O)C1Cc2nc(-c3ccc4c(c3)OCO4)n(-c3ccnc(N[C@H]4CCCN(C(=O)C5CC5)C4)n3)c2C1,,,7.98,1,,,,unknown
CHEMBL5414065,O=C(c1cccc(CNc2n[nH]c3ccccc23)c1)N1CCN(C(=O)c2ccc(F)cc2Cl)CC1,,,5.11,1,,,,unknown
CHEMBL5414227,CCOC(=O)C1Cc2nc(-c3ccc4c(c3)CCO4)n(-c3ccnc(N[C@@H]4CCCN(C(=O)C5CC5)C4)n3)c2C1,,,7.98,1,,,,unknown
CHEMBL5415188,Cc1cccn2nc(-c3ccccc3)c(-c3ccnc(N[C@H]4CCN(C(=O)c5ccc(NC(=O)/C=C/CN(C)C)cc5)C4)n3)c12,,6.85,,1,,,,unknown
CHEMBL5415366,O=C(c1ccc(CNc2n[nH]c3ccccc23)cc1)N1CCN(C(=O)c2ccccc2Cl)CC1,,,6.6,1,,,,unknown
CHEMBL5415466,Cc1ccc2c(-c3ccnc(N[C@H]4CCN(C(=O)c5ccc(NC(=O)/C=C/CN(C)C)cc5)C4)n3)c(-c3ccccc3)nn2c1,,9.0,,1,,,,unknown
CHEMBL5415588,CNC(=O)C1Cc2nc(-c3ccc(F)c(C(F)(F)F)c3)n(-c3ccnc(N[C@H]4CCN(C(=O)C5CC5)C4)n3)c2C1,,,6.22,1,,,,unknown
CHEMBL5416188,CCOC(=O)C1Cc2nc(-c3ccc4c(c3)OCO4)n(-c3ccnc(N[C@@H]4CCN(C(=O)C5CC5)C4)n3)c2C1,,,7.3,1,,,,unknown
CHEMBL5416681,N#CCc1cnc(-c2ccc(F)c(C(F)(F)F)c2)n1-c1ccnc(N[C@H]2CCCN(C(=O)C3CC3)C2)n1,,,5.48,1,,,,unknown
CHEMBL5416746,N#CCc1cnc(-c2ccc3ccccc3c2)n1-c1ccnc(NC2CCOCC2)n1,,,6.49,1,,,,unknown
CHEMBL5416863,O=C1N/C(=N\c2ccccc2Cl)S/C1=C1\C(=O)Nc2ccc(Br)cc21,,,6.52,1,,,,unknown
CHEMBL5416936,O=C1N/C(=N\c2cccc(Cl)c2Cl)S/C1=C1\C(=O)Nc2ccc(F)cc21,,,7.89,1,,,,unknown
CHEMBL5418449,N#CCc1cnc(-c2ccc(Cl)c(Cl)c2)n1-c1ccnc(N[C@H]2CCCN(C(=O)C3CC3)C2)n1,,7.36,8.7,2,,,,unknown
CHEMBL5418507,NC(=O)C1Cc2nc(-c3ccc4c(c3)CCO4)n(-c3ccnc(N[C@@H]4CCN(C(=O)C5CC5)C4)n3)c2C1,,,7.2,1,,,,unknown
CHEMBL5419083,O=C(c1ccc(CNc2n[nH]c3ccccc23)cc1)N1CCN(C(=O)c2cc(C(F)(F)F)cc(C(F)(F)F)c2)CC1,,,6.53,1,,,,unknown
CHEMBL5419312,O=C1N/C(=N\c2c(Cl)ccc(Cl)c2Cl)S/C1=C1\C(=O)Nc2ccc(F)cc21,,,5.82,1,,,,unknown
CHEMBL5419547,CN(C)c1ccc2c(c1)/C(=C1/S/C(=N/c3cccc(Cl)c3Cl)NC1=O)C(=O)N2,,,6.09,1,,,,unknown
CHEMBL5419594,NC(=O)C1Cc2nc(-c3ccc4c(c3)CCO4)n(-c3ccnc(N[C@@H]4CCCN(C(=O)C5CC5)C4)n3)c2C1,,,8.05,1,,,,unknown
CHEMBL5419748,N#CCc1cnc(-c2ccc3ccccc3c2)n1-c1ccnc(Nc2cccc(C(=O)C3CC3)c2)n1,,6.54,8.15,2,,,,unknown
CHEMBL5420339,NC(=O)C1Cc2nc(-c3ccc(Cl)c(Cl)c3)n(-c3ccnc(N[C@@H]4CCN(C(=O)C5CC5)C4)n3)c2C1,,,7.79,1,,,,unknown
CHEMBL5420481,N#CCc1cnc(-c2ccc(F)c(C(F)(F)F)c2)n1-c1ccnc(NC2CCCCC2)n1,,,5.0,1,,,,unknown
CHEMBL5420689,O=C1N/C(=N\c2ccccc2Cl)S/C1=C1\C(=O)Nc2ccc(I)cc21,,,7.2,1,,,,unknown
CHEMBL5421436,O=C1N/C(=N\c2cccc(F)c2Cl)S/C1=C1\C(=O)Nc2ccc(F)cc21,,,6.28,1,,,,unknown
CHEMBL5422182,CN(C)CC(=O)Nc1ccc2c(c1)/C(=C1/S/C(=N/c3cccc(Cl)c3Cl)NC1=O)C(=O)N2,,,6.28,1,,,,unknown
CHEMBL5422393,N#CCc1cnc(-c2ccc(F)c(C(F)(F)F)c2)n1-c1ccnc(NC2CCOCC2)n1,,,6.785,1,,,,unknown
CHEMBL5422757,CN(C)CCC(=O)Nc1ccc2c(c1)/C(=C1/S/C(=N/c3cccc(Cl)c3Cl)NC1=O)C(=O)N2,,,6.28,1,,,,unknown
CHEMBL5422901,NC(=O)C1Cc2nc(-c3ccc4c(c3)OCO4)n(-c3ccnc(N[C@@H]4CCN(C(=O)C5CC5)C4)n3)c2C1,,,6.99,1,,,,unknown
CHEMBL5423129,O=C1N/C(=N\c2c(F)cccc2F)S/C1=C1\C(=O)Nc2ccc(Cl)cc21,,,6.89,1,,,,unknown
CHEMBL5423272,CNC(=O)C1Cc2nc(-c3ccc(F)c(C(F)(F)F)c3)n(-c3ccnc(N[C@@H]4CCCN(C(=O)C5CC5)C4)n3)c2C1,,,6.16,1,,,,unknown
CHEMBL5423313,CNC(=O)C1Cc2nc(-c3ccc4c(c3)OCO4)n(-c3ccnc(N[C@@H]4CCN(C(=O)C5CC5)C4)n3)c2C1,,,7.03,1,,,,unknown
CHEMBL5423620,CNC(=O)C1Cc2nc(-c3ccc4ccccc4c3)n(-c3ccnc(N[C@H]4CCCN(C(=O)C5CC5)C4)n3)c2C1,,8.12,9.25,2,,,,unknown
CHEMBL5423677,NC(=O)C1Cc2nc(-c3ccc(Cl)c(Cl)c3)n(-c3ccnc(N[C@H]4CCN(C(=O)C5CC5)C4)n3)c2C1,,,7.81,1,,,,unknown
CHEMBL5423687,O=C(c1ccc(CNc2n[nH]c3ccccc23)cc1)N1CCN(C(=O)c2cccc(C(F)(F)F)c2)CC1,,,6.03,1,,,,unknown
CHEMBL5423835,COc1ccccc1/N=C1\NC(=O)/C(=C2/C(=O)Nc3ccc(F)cc32)S1,,,7.04,1,,,,unknown
CHEMBL5424108,NC(=O)C1Cc2nc(-c3ccc4c(c3)CCO4)n(-c3ccnc(N[C@H]4CCN(C(=O)C5CC5)C4)n3)c2C1,,,7.06,1,,,,unknown
CHEMBL5424892,CNC(=O)C1Cc2nc(-c3ccc(Cl)c(Cl)c3)n(-c3ccnc(N[C@@H]4CCCN(C(=O)C5CC5)C4)n3)c2C1,,,8.32,1,,,,unknown
CHEMBL5424946,CNC(=O)C1Cc2nc(-c3ccc4ccccc4c3)n(-c3ccnc(N[C@@H]4CCCN(C(=O)C5CC5)C4)n3)c2C1,,7.79,8.97,2,,,,unknown
CHEMBL5425080,C[C@@H](O)CNc1nccc(-n2c(CC#N)cnc2-c2ccc3ccccc3c2)n1,,,5.3,1,,,,unknown
CHEMBL5425117,O=C(c1ccc(CNc2n[nH]c3ccccc23)cc1)N1CCN(C(=O)c2c(Cl)cccc2Cl)CC1,,,6.55,1,,,,unknown
CHEMBL5425334,NC(=O)C1Cc2nc(-c3ccc(F)c(C(F)(F)F)c3)n(-c3ccnc(N[C@H]4CCCN(C(=O)C5CC5)C4)n3)c2C1,,,8.19,1,,,,unknown
CHEMBL5425539,O=C(c1cccc(CNc2n[nH]c3cc(F)ccc23)c1)N1CCN(C(=O)c2ccc(Cl)cc2Cl)CC1,,,6.85,1,,,,unknown
CHEMBL5425684,CNC(=O)C1Cc2nc(-c3ccc(F)c(C(F)(F)F)c3)n(-c3ccnc(N[C@@H]4CCN(C(=O)C5CC5)C4)n3)c2C1,,,6.52,1,,,,unknown
CHEMBL5426038,Cc1ccc2c(c1)/C(=C1/S/C(=N/c3cccc(Cl)c3Cl)NC1=O)C(=O)N2,,,6.7,1,,,,unknown
CHEMBL5426261,O=C1N/C(=N\c2cccc(Cl)c2)S/C1=C1\C(=O)Nc2ccccc21,,,6.7,1,,,,unknown
CHEMBL5426262,CCOC(=O)C1Cc2nc(-c3ccc(F)c(C(F)(F)F)c3)n(-c3ccnc(N[C@@H]4CCN(C(=O)C5CC5)C4)n3)c2C1,,,7.2,1,,,,unknown
CHEMBL5426371,O=C1N/C(=N\c2c(Cl)cccc2Cl)S/C1=C1\C(=O)Nc2ccc(F)cc21,,,5.43,1,,,,unknown
CHEMBL5426713,O=C1N/C(=N\c2cccc(Cl)c2F)S/C1=C1\C(=O)Nc2ccc(F)cc21,,,7.08,1,,,,unknown
CHEMBL5427166,NC(=O)C1Cc2nc(-c3ccc4c(c3)OCO4)n(-c3ccnc(N[C@@H]4CCCN(C(=O)C5CC5)C4)n3)c2C1,,,7.44,1,,,,unknown
CHEMBL5427329,O=C(c1ccc(CNc2n[nH]c3ccccc23)cc1)N1CCN(C(=O)c2ccc(Br)cc2Br)CC1,,,6.61,1,,,,unknown
CHEMBL5428039,CCOC(=O)C1Cc2nc(-c3ccc4c(c3)CCO4)n(-c3ccnc(N[C@H]4CCN(C(=O)C5CC5)C4)n3)c2C1,,,6.8,1,,,,unknown
CHEMBL5428091,O=C(c1ccc(CNc2n[nH]c3ccccc23)cc1)N1CCN(C(=O)c2ccc(OC(F)(F)F)cc2)CC1,,,6.49,1,,,,unknown
CHEMBL5428367,N#CCc1cnc(-c2ccc3ccccc3c2)n1-c1ccnc(NC2CCCCC2)n1,,,7.02,1,,,,unknown
CHEMBL5428502,O=C(c1ccc(Cl)cc1)N1CCN(C(=O)c2cccc(CNc3n[nH]c4ccccc34)c2)CC1,,,5.12,1,,,,unknown
CHEMBL5428554,N#CCc1cnc(-c2ccc3ccccc3c2)n1-c1ccnc(N[C@H]2CCCCN(C(=O)C3CC3)C2)n1,,6.62,7.62,2,,,,unknown
CHEMBL5429268,N#CCc1cnc(-c2ccc3ccccc3n2)n1-c1ccnc(N[C@H]2CCCN(C(=O)C3CC3)C2)n1,,,6.4,1,,,,unknown
CHEMBL5429577,CCOC(=O)C1Cc2nc(-c3ccc(Cl)c(Cl)c3)n(-c3ccnc(N[C@H]4CCCN(C(=O)C5CC5)C4)n3)c2C1,,7.83,8.96,2,,,,unknown
CHEMBL5429870,O=C(CN1CCCC1)Nc1ccc2c(c1)/C(=C1/S/C(=N/c3cccc(Cl)c3Cl)NC1=O)C(=O)N2,,,6.36,1,,,,unknown
CHEMBL5429978,O=C1N/C(=N\c2cccc(Cl)c2Cl)S/C1=C1\C(=O)Nc2ccc(N3CCOCC3)cc21,,,6.66,1,,,,unknown
CHEMBL5430858,NC(=O)C1Cc2nc(-c3ccc4ccccc4c3)n(-c3ccnc(N[C@@H]4CCCN(C(=O)C5CC5)C4)n3)c2C1,,,8.76,1,,,,unknown
CHEMBL5430890,O=C1N/C(=N\c2ccccc2[N+](=O)[O-])S/C1=C1\C(=O)Nc2ccc(F)cc21,,,6.13,1,,,,unknown
CHEMBL5431060,CCOC(=O)C1Cc2nc(-c3ccc4c(c3)OCO4)n(-c3ccnc(N[C@@H]4CCCN(C(=O)C5CC5)C4)n3)c2C1,,,8.92,1,,,,unknown
CHEMBL5431122,O=C(c1ccc(CNc2n[nH]c3ccccc23)cc1)N1CCN(C(=O)c2ccccc2F)CC1,,,6.21,1,,,,unknown
CHEMBL5431131,O=C(c1ccc(CNc2n[nH]c3ccccc23)cc1)N1CCN(C2CC2)CC1,,,6.06,1,,,,unknown
CHEMBL5431146,CCOC(=O)C1Cc2nc(-c3ccc4c(c3)CCO4)n(-c3ccnc(N[C@H]4CCCN(C(=O)C5CC5)C4)n3)c2C1,,,7.5,1,,,,unknown
CHEMBL5432203,CN1CCC(C(=O)Nc2ccc3c(c2)/C(=C2/S/C(=N/c4cccc(Cl)c4Cl)NC2=O)C(=O)N3)CC1,,,7.11,1,,,,unknown
CHEMBL5432224,O=C(c1cccc(CNc2n[nH]c3ccc(Br)cc23)c1)N1CCN(C(=O)c2ccc(Cl)cc2Cl)CC1,,,6.54,1,,,,unknown
CHEMBL5432287,O=C(c1ccc(CNc2n[nH]c3ccccc23)cc1)N1CCN(C(=O)c2cc(F)ccc2Cl)CC1,,,6.43,1,,,,unknown
CHEMBL5432340,CN(C)C/C=C/C(=O)Nc1ccc(C(=O)N2CC[C@@H](Nc3nccc(-c4c(-c5ccccc5)nn5ccccc45)n3)C2)cc1,,8.7,,1,,,,unknown
CHEMBL5432496,O=C(c1ccc(CNc2n[nH]c3ccccc23)cc1)N1CCN(C(=O)c2ccccc2C(F)(F)F)CC1,,,6.43,1,,,,unknown
CHEMBL5432545,N#CCc1cnc(-c2ccc(Cl)c(Cl)c2)n1-c1ccnc(NC2CCCCC2)n1,,,6.7,1,,,,unknown
CHEMBL5432722,O=C(c1ccc(I)cc1)N1CCN(C(=O)c2ccc(CNc3n[nH]c4ccccc34)cc2)CC1,,,6.04,1,,,,unknown
CHEMBL5433156,O=C(c1ccc(CNc2n[nH]c3ccccc23)cc1)N1CCCC1,,,5.12,1,,,,unknown
CHEMBL5433276,CNC(=O)C1Cc2nc(-c3ccc(F)c(C(F)(F)F)c3)n(-c3ccnc(N[C@H]4CCCN(C(=O)C5CC5)C4)n3)c2C1,,,7.51,1,,,,unknown
CHEMBL5433711,O=C(c1cccc(CNc2n[nH]c3c(F)c(F)ccc23)c1)N1CCN(C(=O)c2ccc(Cl)cc2Cl)CC1,,,6.87,1,,,,unknown
CHEMBL5433713,CN(C)C/C=C/C(=O)Nc1ccc(C(=O)N2CCCC[C@H](Nc3nccc(-c4c(-c5ccccc5)nn5ccccc45)n3)C2)cc1,,7.55,,1,,,,unknown
CHEMBL5434414,O=C(c1cccc(CNc2n[nH]c3cc(Br)ccc23)c1)N1CCN(C(=O)c2ccc(Cl)cc2Cl)CC1,,,6.46,1,,,,unknown
CHEMBL5434519,O=C(c1ccc(CNc2n[nH]c3ccccc23)cc1)N1CCN(C(=O)c2c(F)cccc2Cl)CC1,,,6.43,1,,,,unknown
CHEMBL5434537,O=C(c1ccc(CNc2n[nH]c3ccccc23)cc1)N1CCN(C(=O)c2cc(C(F)(F)F)ccc2Cl)CC1,,,6.55,1,,,,unknown
CHEMBL5435391,O=C(c1ccc(Br)cc1)N1CCN(C(=O)c2cccc(CNc3n[nH]c4ccccc34)c2)CC1,,,5.33,1,,,,unknown
CHEMBL5435809,NC(=O)C1Cc2nc(-c3ccc4c(c3)CCO4)n(-c3ccnc(N[C@H]4CCCN(C(=O)C5CC5)C4)n3)c2C1,,,8.04,1,,,,unknown
CHEMBL5436019,O=C(c1ccc(CNc2n[nH]c3ccccc23)cc1)N1CCOCC1,,,5.11,1,,,,unknown
CHEMBL5436023,CCOC(=O)C1Cc2nc(-c3ccc4ccccc4c3)n(-c3ccnc(N[C@H]4CCCN(C(=O)C5CC5)C4)n3)c2C1,,7.89,9.14,2,,,,unknown
CHEMBL5436065,O=C(c1cccc(CNc2n[nH]c3ccccc23)c1)N1CCN(C(=O)c2ccc(F)cc2F)CC1,,,5.36,1,,,,unknown
CHEMBL5436272,CCOC(=O)C1Cc2nc(-c3ccc(F)c(C(F)(F)F)c3)n(-c3ccnc(N[C@H]4CCCN(C(=O)C5CC5)C4)n3)c2C1,,,7.28,1,,,,unknown
CHEMBL5436341,CN(C)C/C=C/C(=O)Nc1ccc(C(=O)N2CC[C@H](Nc3nccc(-c4c(-c5ccc(Cl)cc5)nn5ccccc45)n3)C2)cc1,,8.15,,1,,,,unknown
CHEMBL5436350,CN(C)C/C=C/C(=O)Nc1ccc(C(=O)N2CC[C@H](Nc3nccc(-c4c(-c5cccc(Cl)c5)nn5ccccc45)n3)C2)cc1,,8.4,,1,,,,unknown
CHEMBL5436510,CNC(=O)C1Cc2nc(-c3ccc(Cl)c(Cl)c3)n(-c3ccnc(N[C@@H]4CCN(C(=O)C5CC5)C4)n3)c2C1,,,8.03,1,,,,unknown
CHEMBL5436709,N#CCc1cnc(-c2ccc(Cl)c(Cl)c2)n1-c1ccnc(N[C@H]2CCCN(C(=O)NC3CC3)C2)n1,,7.25,8.28,2,,,,unknown
CHEMBL5436859,O=C(c1cccc(CNc2n[nH]c3cccc(I)c23)c1)N1CCN(C(=O)c2ccc(Cl)cc2Cl)CC1,,,6.89,1,,,,unknown
CHEMBL5436937,NC(=O)C1Cc2nc(-c3ccc4ccccc4c3)n(-c3ccnc(N[C@H]4CCN(C(=O)C5CC5)C4)n3)c2C1,,,7.83,1,,,,unknown
CHEMBL5437251,O=C(c1ccc(Br)cc1)N1CCN(C(=O)c2ccc(CNc3n[nH]c4ccccc34)cc2)CC1,,,6.5,1,,,,unknown
CHEMBL5437584,O=C(c1ccc(CNc2n[nH]c3ccccc23)cc1)N1CCN(C(=O)c2ccc(C(F)(F)F)cc2C(F)(F)F)CC1,,,6.6,1,,,,unknown
CHEMBL5437715,CN(C)C/C=C/C(=O)Nc1ccc(C(=O)NC2CCCC(Nc3nccc(-c4c(-c5ccccc5)nn5ccccc45)n3)C2)cc1,,7.36,,1,,,,unknown
CHEMBL5437898,O=C(NN1CCOCC1)c1ccc(CNc2n[nH]c3ccccc23)cc1,,,5.13,1,,,,unknown
CHEMBL5437979,O=C(c1ccc(CNc2n[nH]c3ccccc23)cc1)N1CCN(C(=O)c2ccccc2I)CC1,,,6.4,1,,,,unknown
CHEMBL5438169,O=C(c1ccc(CNc2n[nH]c3ccccc23)cc1)N1CCN(C(=O)c2ccc(F)cc2Cl)CC1,,,6.19,1,,,,unknown
CHEMBL5438506,CCOC(=O)C1Cc2nc(-c3ccc(Cl)c(Cl)c3)n(-c3ccnc(N[C@@H]4CCN(C(=O)C5CC5)C4)n3)c2C1,,,8.36,1,,,,unknown
CHEMBL5438738,N#CCc1cnc(-c2ccc3c(c2)OCO3)n1-c1ccnc(NC2CCCCC2)n1,,,6.09,1,,,,unknown
CHEMBL5439177,O=C1N/C(=N\c2ccccc2F)S/C1=C1\C(=O)Nc2ccc(F)cc21,,,6.96,1,,,,unknown
CHEMBL5439223,N#CCc1cnc(C2=CC3OCOC3C=C2)n1-c1ccnc(N[C@H]2CCCN(C(=O)C3CC3)C2)n1,,,7.26,1,,,,unknown
CHEMBL5439566,O=C(c1ccc(CNc2n[nH]c3ccccc23)cc1)N1CCN(C(=O)c2ccc(Cl)cc2Cl)CC1,,,6.82,1,,,,unknown
CHEMBL5439571,CCOC(=O)C1Cc2nc(-c3ccc4c(c3)OCO4)n(-c3ccnc(N[C@H]4CCN(C(=O)C5CC5)C4)n3)c2C1,,,6.61,1,,,,unknown
CHEMBL5439622,O=C(c1cccc(CNc2n[nH]c3ccccc23)c1)N1CCN(C(=O)c2cc(C(F)(F)F)ccc2F)CC1,,,5.35,1,,,,unknown
CHEMBL5439708,O=C(Nc1ccccc1Cl)N1CCN(C(=O)c2ccc(CNc3n[nH]c4ccccc34)cc2)CC1,,,6.21,1,,,,unknown
CHEMBL5440479,O=C(CN1CCCCC1)Nc1ccc2c(c1)/C(=C1/S/C(=N/c3cccc(Cl)c3Cl)NC1=O)C(=O)N2,,,6.11,1,,,,unknown
CHEMBL5440610,O=C(c1ccccc1)N1CCN(C(=O)c2ccc(CNc3n[nH]c4ccccc34)cc2)CC1,,,6.21,1,,,,unknown
CHEMBL5440695,CCN(CC)CCC(=O)Nc1ccc2c(c1)/C(=C1/S/C(=N/c3cccc(Cl)c3Cl)NC1=O)C(=O)N2,,,6.43,1,,,,unknown
CHEMBL5441124,O=C(c1ccc(CNc2n[nH]c3ccccc23)cc1)N1CCN(C(=O)c2ccccc2OC(F)(F)F)CC1,,,6.41,1,,,,unknown
CHEMBL5441132,O=C(c1ccc(CNc2n[nH]c3ccccc23)cc1)N1CCN(C(=O)c2cccc(F)c2Cl)CC1,,,6.42,1,,,,unknown
CHEMBL568875,Cc1cccc(-n2nc(C(C)(C)C)cc2NC(=O)Nc2ccc(Cl)cc2)c1,,6.125,,1,,,,unknown
CHEMBL569943,Cc1ccc(-n2nc(C(C)(C)C)cc2NC(=O)Nc2cccc(Nc3ncnc4ccc(N)cc34)c2)cc1,,5.785,,1,,,,unknown
CHEMBL570904,Cc1cccc(-n2nc(C(C)(C)C)cc2NC(=O)Nc2ccc(Nc3ccnc4ccc(N)cc34)cc2)c1,,6.71,,1,,,,unknown
CHEMBL5740773,O=C(Cc1ccc2ccc(C(F)(F)F)nc2c1)Nc1scc(Br)c1-c1nc[nH]n1,5.3,5.3,5.3,3,0.0,0.0,0.0,non-selective
CHEMBL5740933,O=C(Cc1cccc2cnccc12)Nc1ccsc1-c1nccs1,5.3,5.3,5.3,3,0.0,0.0,0.0,non-selective
CHEMBL5741377,Cc1csc(NC(=O)Cc2cccc3cnccc23)c1-c1nc2ccccc2s1,5.3,,5.3,2,,0.0,0.0,non-selective
CHEMBL5745043,O=C(Cc1cccc2ncsc12)Nc1scc(Br)c1-c1ncn[nH]1,,5.3,,1,,,,unknown
CHEMBL5747925,CC(O)CNc1nccc(-n2c(CC#N)cnc2-c2ccc(Cl)c(Cl)c2)n1,,,7.19,1,,,,unknown
CHEMBL5754118,O=C(Cc1ccnc2ccccc12)Nc1scc(Br)c1-c1nnc[nH]1,,5.3,,1,,,,unknown
CHEMBL5760412,N#Cc1csc(NC(=O)Cn2c(=O)ccc3cc(C(F)(F)F)ccc32)c1-n1nnc2ccccc21,5.3,5.3,5.3,3,0.0,0.0,0.0,non-selective
CHEMBL576353,Cc1cc(O)ccc1-c1cnc2ccccc2n1,,,4.55,1,,,,unknown
CHEMBL5767001,N#Cc1csc(NC(=O)Cn2c(=O)ccc3cc(C(F)(F)F)ccc32)c1-c1cncs1,5.3,5.3,5.3,3,0.0,0.0,0.0,non-selective
CHEMBL5768898,CC(O)CNc1nccc(-n2c(CC#N)cnc2-c2ccc3ccccc3c2)n1,,,7.19,1,,,,unknown
CHEMBL5776078,O=C(Cc1cc2ncccc2cc1F)Nc1scc(Br)c1-c1ncn[nH]1,,5.3,5.3,2,,,,unknown
CHEMBL5776287,COc1nc(-c2sccc2NC(=O)Cc2cccc3cnccc23)cs1,5.3,,5.3,2,,0.0,0.0,non-selective
CHEMBL5777434,N#CCc1cnc(-c2ccc(Cl)c(Cl)c2)n1-c1ccnc(NC2CCCN(C(=O)C3CC3)C2)n1,,,7.19,1,,,,unknown
CHEMBL5785702,COc1ccc(CC(=O)Nc2ccsc2-c2nc(C3CC3)n[nH]2)cc1,5.3,5.3,5.3,3,0.0,0.0,0.0,non-selective
CHEMBL5790175,COc1ccc(CC(=O)Nc2ccsc2-c2nc(C3CCCO3)n[nH]2)cc1,5.3,5.3,5.3,3,0.0,0.0,0.0,non-selective
CHEMBL5792184,CC(O)CNc1nccc(-n2c(CC#N)cnc2-c2ccc3c(c2)OCO3)n1,,,7.19,1,,,,unknown
CHEMBL5797057,O=C(Cn1c(=O)ccc2cc(C(F)(F)F)ccc21)Nc1scc(Br)c1-n1nccn1,,5.3,,1,,,,unknown
CHEMBL5799084,O=C(Cn1c(=O)ccc2cc(C(F)(F)F)ccc21)Nc1sc(Cl)cc1-c1ncn[nH]1,,5.3,5.3,2,,,,unknown
CHEMBL5801885,O=C(Cn1c(=O)ccc2cc(C(F)(F)F)ccc21)N(CCCN1CCCC1)c1scc(Cl)c1-c1nc[nH]n1,5.3,5.3,5.3,3,0.0,0.0,0.0,non-selective
CHEMBL5802265,O=C(CN1C(=O)CCc2ccccc21)Nc1sccc1-c1ncn[nH]1,,5.3,5.3,2,,,,unknown
CHEMBL5805444,O=C(Cn1c(=O)ccc2cc(F)c(F)cc21)Nc1sccc1-c1ncon1,,5.3,5.3,2,,,,unknown
CHEMBL5805539,CC(C)c1n[nH]c(-c2c(Cl)csc2NC(=O)CN2C(=O)CCc3ncccc32)n1,,5.3,5.3,2,,,,unknown
CHEMBL5806549,COc1ccc(CC(=O)Nc2sccc2-c2noc(C)n2)cc1,5.3,5.3,5.3,3,0.0,0.0,0.0,non-selective
CHEMBL580819,O=C(Nc1cccc(-c2nc3ccccc3[nH]2)c1)c1cccc(NC(=O)c2ccco2)c1,,,4.17,1,,,,unknown
CHEMBL5814709,N#Cc1csc(NC(=O)Cc2cccc3ncccc23)c1-c1cnccn1,,5.3,,1,,,,unknown
CHEMBL5822558,Cc1noc(-c2c(C)csc2NC(=O)Cc2cccc3ccccc23)n1,5.3,5.3,5.3,3,0.0,0.0,0.0,non-selective
CHEMBL5823913,O=C(Cc1cccc2cc(F)cnc12)Nc1scc(Br)c1-c1nc[nH]n1,,5.3,5.3,2,,,,unknown
CHEMBL5832498,Cc1csc(NC(=O)Cc2ccc(OCCn3ccnc3)cc2)c1-c1ncn[nH]1,5.3,5.3,5.3,3,0.0,0.0,0.0,non-selective
CHEMBL5835605,Cc1csc(-c2sccc2NC(=O)Cc2cccc3cnccc23)n1,5.3,5.3,5.3,3,0.0,0.0,0.0,non-selective
CHEMBL5838194,O=C(Cn1c(=O)ccc2cc(C(F)(F)F)ccc21)Nc1ccsc1-c1cscn1,,5.3,,1,,,,unknown
CHEMBL5838711,O=C(CN1C(=O)CCc2ccc(Br)cc21)Nc1scc(Br)c1-c1ncn[nH]1,5.3,5.3,5.3,3,0.0,0.0,0.0,non-selective
CHEMBL5843594,O=C(Cc1cccc2cc(C(F)(F)F)cnc12)Nc1scc(Br)c1-c1nc[nH]n1,5.3,5.3,5.3,3,0.0,0.0,0.0,non-selective
CHEMBL5846952,COc1ccc(CC(=O)Nc2ccsc2-c2nc(C)n[nH]2)cc1,5.3,5.3,5.3,3,0.0,0.0,0.0,non-selective
CHEMBL5853722,CCc1n[nH]c(-c2sccc2NC(=O)Cc2ccc(OC)cc2)n1,5.3,5.3,5.3,3,0.0,0.0,0.0,non-selective
CHEMBL5857274,CC(O)CNc1nccc(-n2c(CC#N)cnc2-c2ccc3ccccc3n2)n1,,,7.19,1,,,,unknown
CHEMBL5857906,N#CCc1cnc(-c2ccc3ccccc3n2)n1-c1ccnc(NC2CCCNC2)n1,,,7.19,1,,,,unknown
CHEMBL585902,Cn1c(NC[C@@H](N)Cc2ccccc2)nc(-c2ccncc2)c(-c2ccc3ccccc3c2)c1=O,,6.890000000000001,,1,,,,unknown
CHEMBL585951,Fc1cc(-c2cc[nH]/c(=N/c3ccc(-n4cnc(N5CCOCC5)n4)cc3)n2)cc(N2CCOCC2)c1,,7.0,,1,,,,unknown
CHEMBL5859922,O=C(Cc1cccc2ccccc12)Nc1ccsc1-c1ccccn1,,,5.3,1,,,,unknown
CHEMBL5864203,O=C(Cc1ccc2c(c1)OCCO2)Nc1ccsc1-c1ncn[nH]1,5.3,5.3,5.3,3,0.0,0.0,0.0,non-selective
CHEMBL5868915,O=C(Cc1cc(C(F)(F)F)c2cccnc2c1)Nc1scc(Br)c1-c1nnc[nH]1,5.3,5.3,5.3,3,0.0,0.0,0.0,non-selective
CHEMBL5870228,COCn1nnnc1-c1ccsc1NC(=O)Cc1ccc(OC)cc1,5.3,,5.3,2,,0.0,0.0,non-selective
CHEMBL5871962,O=C(CN1C(=O)CCc2cnccc21)Nc1ccsc1-c1cscn1,5.3,5.3,5.3,3,0.0,0.0,0.0,non-selective
CHEMBL5872939,Cc1cnc(-c2sccc2NC(=O)Cc2cccc3cnccc23)s1,5.3,5.3,5.3,3,0.0,0.0,0.0,non-selective
CHEMBL5874435,O=C(CN1C(=O)CCc2ccccc21)Nc1ccsc1-c1cscn1,5.3,5.3,5.3,3,0.0,0.0,0.0,non-selective
CHEMBL5878405,N#CCc1cnc(-c2ccc(Cl)c(Cl)c2)n1-c1ccnc(NC2CCCNC2)n1,,,7.19,1,,,,unknown
CHEMBL5886706,CCc1n[nH]c(-c2c(Cl)csc2NC(=O)CN2C(=O)CCc3ncccc32)n1,,5.3,,1,,,,unknown
CHEMBL5893481,O=C(CN1C(=O)CCc2ccccc21)Nc1ccsc1-c1c[nH]cn1,5.3,,5.3,2,,0.0,0.0,non-selective
CHEMBL5895589,O=C(Cc1ccc(OCCCN2CCCCC2)cc1)Nc1ccsc1-c1cscn1,5.3,5.3,5.3,3,0.0,0.0,0.0,non-selective
CHEMBL5895823,Cc1cn2c(CC(=O)Nc3scc(Br)c3-c3ncn[nH]3)csc2n1,,5.3,5.3,2,,,,unknown
CHEMBL5898066,N#CCc1cnc(-c2ccc3c(c2)OCO3)n1-c1ccnc(NC2CCCN(C(=O)C3CC3)C2)n1,,,7.19,1,,,,unknown
CHEMBL5899852,Cc1noc(-c2sccc2NC(=O)Cc2cccc3ccccc23)n1,5.3,,5.3,2,,0.0,0.0,non-selective
CHEMBL5902200,O=C(CN1C(=O)C(F)(F)c2ccccc21)Nc1scc(Br)c1-c1nnc[nH]1,,5.3,5.3,2,,,,unknown
CHEMBL5907204,CC(O)CNc1nccc(-n2c(CC#N)cnc2-c2ccc(F)c(C(F)(F)F)c2)n1,,,7.19,1,,,,unknown
CHEMBL5907864,COc1ccc(CC(=O)Nc2sccc2-c2nnn(C)n2)cc1,5.3,,5.3,2,,0.0,0.0,non-selective
CHEMBL5908168,O=C(Cc1cccc2ccncc12)Nc1scc(Br)c1-c1ncn[nH]1,,5.3,,1,,,,unknown
CHEMBL5914407,O=C(Cc1cccc2nccn12)Nc1scc(Br)c1-c1ncn[nH]1,,5.3,5.3,2,,,,unknown
CHEMBL5922666,N#CCc1cnc(-c2ccc(F)c(C(F)(F)F)c2)n1-c1ccnc(NC2CCCN(C(=O)C3CC3)C2)n1,,,7.19,1,,,,unknown
CHEMBL5925962,COc1ccc(CC(=O)Nc2sccc2-c2nn[nH]n2)cc1,5.3,,5.3,2,,0.0,0.0,non-selective
CHEMBL5938497,N#Cc1csc(NC(=O)Cn2c(=O)ccc3cc(C(F)(F)F)ccc32)c1-n1ccnn1,5.3,5.3,5.3,3,0.0,0.0,0.0,non-selective
CHEMBL5940213,O=C(Cn1c(=O)ccc2cnccc21)Nc1ccsc1-c1cscn1,,5.3,5.3,2,,,,unknown
CHEMBL5941484,Cc1noc(-c2c(C)csc2NC(=O)Cc2ccc(-c3ccncc3)cc2)n1,5.3,5.3,5.3,3,0.0,0.0,0.0,non-selective
CHEMBL5946088,COc1ccc(CC(=O)Nc2ccsc2-c2nc(C(C)(C)C)n[nH]2)cc1,5.3,,5.3,2,,0.0,0.0,non-selective
CHEMBL5946801,O=C(Cc1cccc2cccnc12)Nc1scc(Br)c1-c1ncn[nH]1,,5.3,5.3,2,,,,unknown
CHEMBL5981515,CN(C)CCN(C(=O)Cn1c(=O)ccc2cc(C(F)(F)F)ccc21)c1scc(Cl)c1-c1nc[nH]n1,5.3,5.3,5.3,3,0.0,0.0,0.0,non-selective
CHEMBL5984726,CC(O)CNc1nccc(-n2c(CC#N)cnc2-c2ccc3c(c2)OCCO3)n1,,,7.19,1,,,,unknown
CHEMBL5986933,COc1ccc(CC(=O)Nc2ccsc2-c2nc(-c3ccncc3)n[nH]2)cc1,5.3,,,1,,,,non-selective
CHEMBL5988064,Cc1csc(NC(=O)Cc2cccc3nccnc23)c1-c1ncn[nH]1,5.3,5.3,5.3,3,0.0,0.0,0.0,non-selective
CHEMBL5989777,N#CCc1cnc(-c2ccc(F)c(C(F)(F)F)c2)n1-c1ccnc(NC2CCCNC2)n1,,,7.19,1,,,,unknown
CHEMBL599110,COc1ccc(CNc2nnc(Sc3ncc([N+](=O)[O-])s3)s2)cc1,,7.0,,1,,,,unknown
CHEMBL599111,COc1ccc(CCNc2nnc(Sc3ncc([N+](=O)[O-])s3)s2)cc1OC,,7.0,,1,,,,unknown
CHEMBL5993740,COc1ccc(CC(=O)Nc2ccsc2-c2ncn[nH]2)cc1,5.3,5.3,5.3,3,0.0,0.0,0.0,non-selective
CHEMBL599518,CCC(C)Nc1nnc(Sc2ncc([N+](=O)[O-])s2)s1,,6.85,,1,,,,unknown
CHEMBL599519,CCNc1nnc(Sc2ncc([N+](=O)[O-])s2)s1,,5.0,,1,,,,unknown
CHEMBL6004520,O=C(Cc1cccc2cnccc12)Nc1ccsc1-c1csc(Cl)n1,5.3,,5.3,2,,0.0,0.0,non-selective
CHEMBL6012028,O=C(Cc1cccc2cnccc12)Nc1ccsc1-c1ncco1,5.3,5.3,5.3,3,0.0,0.0,0.0,non-selective
CHEMBL6014490,COc1ccc(CC(=O)Nc2ccsc2-c2nnc(C)o2)cc1,5.3,,5.3,2,,0.0,0.0,non-selective
CHEMBL601476,O=[N+]([O-])c1cnc(Sc2nnc(NCC3CCCO3)s2)s1,,6.33,,1,,,,unknown
CHEMBL6025126,O=C(Cc1ccc(F)c2ncccc12)Nc1scc(Br)c1-c1ncn[nH]1,,5.3,,1,,,,unknown
CHEMBL6026572,Cc1n[nH]c(-c2sccc2NC(=O)Cc2ccc(N3CCCC3=O)cc2)n1,5.3,5.3,5.3,3,0.0,0.0,0.0,non-selective
CHEMBL6031517,Cc1n[nH]c(-c2sccc2NC(=O)Cc2ccc3c(c2)OCCO3)n1,5.3,5.3,5.3,3,0.0,0.0,0.0,non-selective
CHEMBL6037378,N#Cc1csc(NC(=O)CN2C(=O)CCc3ncccc32)c1-c1nc2ccccc2s1,5.3,5.3,5.3,3,0.0,0.0,0.0,non-selective
CHEMBL6043226,N#CCc1cnc(-c2ccc3c(c2)OCCO3)n1-c1ccnc(NC2CCCN(C(=O)C3CC3)C2)n1,,,7.19,1,,,,unknown
CHEMBL6046366,O=C(Cc1cncc2ccccc12)Nc1sc(Cl)cc1-c1ncn[nH]1,,5.3,,1,,,,unknown
CHEMBL6049800,N#CCc1cnc(-c2ccc3c(c2)OCCO3)n1-c1ccnc(NC2CCCNC2)n1,,,7.19,1,,,,unknown
CHEMBL6056831,CN1CCN(CCCn2cnc(-c3c(Cl)csc3NC(=O)Cn3c(=O)ccc4cc(C(F)(F)F)ccc43)n2)CC1,,5.3,,1,,,,unknown
CHEMBL6064472,Cc1csc(NC(=O)Cc2ccc(OCCCN3CCCCC3)cc2)c1-c1ncn[nH]1,5.3,5.3,5.3,3,0.0,0.0,0.0,non-selective
CHEMBL609039,CCCNc1nnc(Sc2ncc([N+](=O)[O-])s2)s1,,6.54,,1,,,,unknown
CHEMBL611079,COCCNc1nnc(Sc2ncc([N+](=O)[O-])s2)s1,,6.8,,1,,,,unknown
CHEMBL6133417,CCOC(=O)c1nn(-c2ccnc(N[C@@H]3CCCN(C(=O)N(C)C)C3)n2)cc1/C=C/c1ccccc1,,,5.35,1,,,,unknown
CHEMBL6134087,O=C(Nc1cnn(-c2cccnc2)c1)Nc1cccc2ccccc12,,5.56,5.84,2,,,,unknown
CHEMBL6134490,CC(C)(C)NC(=O)c1cccc(-n2cc(NC(=O)Nc3cccc4ccccc34)cn2)c1,,5.39,5.6,2,,,,unknown
CHEMBL6143078,Cl.O=C(Nc1cnn(-c2cccc(C(=O)NCC3CCNC3)c2)c1)Nc1cccc2ccccc12,,7.06,7.19,2,,,,unknown
CHEMBL6143219,Cc1ccccc1NC(=O)Nc1cnn(-c2cccc(C(=O)Nc3cnn(C4CCNCC4)c3)c2)c1.Cl,,7.89,8.15,2,,,,unknown
CHEMBL6143839,O=C(Nc1cnn(-c2cccc(C(=O)NC3CCCCC3)c2)c1)Nc1cccc2ccccc12,,6.02,6.38,2,,,,unknown
CHEMBL6145626,O=C(Nc1cnn(-c2cccc(NC(=O)C3CC3)c2)c1)Nc1cccc2ccccc12,,5.59,5.49,2,,,,unknown
CHEMBL6146652,Cl.O=C(Nc1ccc(C(F)(F)F)cc1)Nc1cnn(-c2cccc(C(=O)Nc3cnn(C4CCNCC4)c3)c2)c1,,4.97,,1,,,,unknown
CHEMBL6146904,O=C(Nc1cnn(-c2cccc(C(=O)Nc3cnn(C4CCNCC4)c3)c2)c1)Nc1ccccc1F,,7.8,7.8,2,,,,unknown
CHEMBL6147633,O=C(Nc1cnn(-c2cccc(NC(=O)C(F)(F)F)c2)c1)Nc1cccc2ccccc12,,6.65,5.86,2,,,,unknown
CHEMBL6148238,O=C(Nc1cnn(-c2cccc(C(=O)NC3CCCC3)c2)c1)Nc1cccc2ccccc12,,6.2,6.48,2,,,,unknown
CHEMBL6148728,CCOC(=O)c1nn(-c2ccnc(N[C@H]3CCCN(C(=O)C4CC4)C3)n2)cc1/C=C/c1ccccc1,,,6.0,1,,,,unknown
CHEMBL6149033,Cl.O=C(Nc1cccc(C(F)(F)F)c1)Nc1cnn(-c2cccc(C(=O)Nc3cnn(C4CCNCC4)c3)c2)c1,,6.22,5.89,2,,,,unknown
CHEMBL6149192,CN(C)C(=O)N1CCC[C@@H](Nc2nccc(-n3cc(/C=C/c4ccccc4)c(C(N)=O)n3)n2)C1,,,7.51,1,,,,unknown
CHEMBL6149233,CN1CCN(c2ccc(Nc3nccc(-n4cc(/C=C/c5ccccc5)c(C(N)=O)n4)n3)cc2)CC1,,,6.56,1,,,,unknown
CHEMBL6151222,CCC(=O)Nc1cccc(C(=O)Nc2cccc(-n3cc(NC(=O)Nc4cccc5ccccc45)cn3)c2)c1,,5.42,5.28,2,,,,unknown
CHEMBL6151913,NC(=O)c1nn(-c2ccnc(N[C@H]3CCN(C(=O)C4CC4)C3)n2)cc1/C=C/c1cccc(Br)c1,,,5.66,1,,,,unknown
CHEMBL6152107,NC(=O)c1nn(-c2ccnc(N[C@H]3CCN(C(=O)C4CC4)C3)n2)cc1/C=C/c1cccc(Cl)c1,,,6.2,1,,,,unknown
CHEMBL6153001,Cc1cc(C(=O)Nc2cnn(C3CCNCC3)c2)cc(-n2cc(NC(=O)Nc3cccc4ccccc34)cn2)c1.Cl,,7.58,7.54,2,,,,unknown
CHEMBL6161393,Cl.O=C(Nc1cnn(-c2cccc(C(=O)Nc3cnn(C4CCNCC4)c3)c2)c1)NC1CCCC1,,4.58,4.89,2,,,,unknown
CHEMBL6161829,C=CC(=O)Nc1ccc(C(=O)Nc2cccc(-n3cc(NC(=O)Nc4cccc5ccccc45)cn3)c2)cc1,,5.88,5.72,2,,,,unknown
CHEMBL6161875,O=C(Nc1cnn(-c2cccc(NCC3CC3)c2)c1)Nc1cccc2ccccc12,,6.14,6.13,2,,,,unknown
CHEMBL6161903,Cl.O=C(Nc1cnn(-c2cccc(C(=O)Nc3cnn(C4CCNCC4)c3)c2)c1)Nc1cccc2ccccc12,,8.15,8.22,2,,,,unknown
CHEMBL6161966,O=C(Nc1cnn(-c2cccc(C(=O)NCC3CCCO3)c2)c1)Nc1cccc2ccccc12,,6.5,6.61,2,,,,unknown
CHEMBL6162508,O=C(Nc1cnn(-c2cccc(NS(=O)(=O)C3CC3)c2)c1)Nc1cccc2ccccc12,,6.5,6.47,2,,,,unknown
CHEMBL6163461,Cc1ccc(-n2cc(NC(=O)Nc3cccc4ccccc34)cn2)cc1C(=O)NC1CC1,,7.19,7.19,2,,,,unknown
CHEMBL6163563,C=CCNC(=O)c1cccc(-n2cc(NC(=O)Nc3cccc4ccccc34)cn2)c1,,6.9,6.8,2,,,,unknown
CHEMBL6163770,O=C(Nc1cnn(-c2cccc(C(=O)NC3CC3)c2)c1)Nc1cccc2ccccc12,,7.14,7.35,2,,,,unknown
CHEMBL6163879,CCOC(=O)c1nn(-c2ccnc(Nc3ccc(N4CCC(N(C)C)CC4)cc3)n2)cc1/C=C/c1cccc(Br)c1,,,5.08,1,,,,unknown
CHEMBL6164249,CNC(=O)c1cccc(-n2cc(NC(=O)Nc3cccc4ccccc34)cn2)c1,,6.99,7.27,2,,,,unknown
CHEMBL6164307,O=C(Nc1cnn(-c2cccc(C(=O)O)c2)c1)Nc1cccc2ccccc12,,6.06,6.4,2,,,,unknown
CHEMBL6164740,NC(=O)c1nn(-c2ccnc(N[C@@H]3CCN(C(=O)C4CC4)C3)n2)cc1/C=C/c1ccccc1,,,6.64,1,,,,unknown
CHEMBL6164886,Cc1cccc(NC(=O)Nc2cnn(-c3cccc(C(=O)Nc4cnn(C5CCNCC5)c4)c3)c2)c1C.Cl,,7.96,8.05,2,,,,unknown
CHEMBL6164909,O=C(Nc1cnn(-c2cccc(C(=O)NCC3CCOC3)c2)c1)Nc1cccc2ccccc12,,6.81,6.93,2,,,,unknown
CHEMBL6164926,O=C(Nc1cnn(-c2ccncc2)c1)Nc1cccc2ccccc12,,6.36,6.48,2,,,,unknown
CHEMBL6165061,O=C(Nc1cnn(-c2ccccc2)c1)Nc1cccc2ccccc12,,6.52,6.63,2,,,,unknown
CHEMBL6165584,Cl.O=C(Nc1cnn(-c2cccc(C(=O)NC3CCNC3)c2)c1)Nc1cccc2ccccc12,,7.42,7.5,2,,,,unknown
CHEMBL6165993,NC(=O)c1nn(-c2ccnc(N[C@@H]3CCCN(C(=O)C4CC4)C3)n2)cc1/C=C/c1ccccc1,,,7.21,1,,,,unknown
CHEMBL6166577,CNC(=O)c1ccc(-n2cc(NC(=O)Nc3cccc4ccccc34)cn2)cc1,,5.82,6.08,2,,,,unknown
CHEMBL6166745,Cl.O=C(Nc1cnn(-c2cccc(C(=O)NC3CCNCC3)c2)c1)Nc1cccc2ccccc12,,7.06,7.21,2,,,,unknown
CHEMBL6166814,C=C(C)CNC(=O)c1cccc(-n2cc(NC(=O)Nc3cccc4ccccc34)cn2)c1,,6.2,6.13,2,,,,unknown
CHEMBL6167279,CCC(=O)Nc1ccc(C(=O)Nc2cccc(-n3cc(NC(=O)Nc4cccc5ccccc45)cn3)c2)cc1,,5.15,5.11,2,,,,unknown
CHEMBL6167401,C=CC(=O)Nc1cccc(C(=O)Nc2cccc(-n3cc(NC(=O)Nc4cccc5ccccc45)cn3)c2)c1,,6.08,5.72,2,,,,unknown
CHEMBL6167457,CN(C)C1CCN(c2ccc(Nc3nccc(-n4cc(/C=C/c5ccccc5)c(C(N)=O)n4)n3)cc2)CC1,,,7.02,1,,,,unknown
CHEMBL6168424,CCOC(=O)c1nn(-c2ccnc(N[C@H]3CCN(C(=O)C4CC4)C3)n2)cc1/C=C/c1ccccc1,,,5.03,1,,,,unknown
CHEMBL6169172,COc1cc(N2CCN(C)CC2)ccc1Nc1nccc(-n2cc(/C=C/c3cccc(Br)c3)c(C(N)=O)n2)n1,,,6.68,1,,,,unknown
CHEMBL6169324,CC(C)NC(=O)c1cccc(-n2cc(NC(=O)Nc3cccc4ccccc34)cn2)c1,,6.54,6.45,2,,,,unknown
CHEMBL6169990,NC(=O)c1nn(-c2ccnc(N[C@H]3CCCN(C(=O)C4CC4)C3)n2)cc1/C=C/c1ccccc1,,,7.92,1,,,,unknown
CHEMBL6170392,O=C(Nc1cnn(-c2ccc(C(=O)NC3CC3)cc2)c1)Nc1cccc2ccccc12,,5.56,5.53,2,,,,unknown
CHEMBL6170712,O=C(Nc1cnn(-c2cccc(NCc3ccncc3)c2)c1)Nc1cccc2ccccc12,,6.34,6.45,2,,,,unknown
CHEMBL6171292,Cl.O=C(Nc1ccccc1)Nc1cnn(-c2cccc(C(=O)Nc3cnn(C4CCNCC4)c3)c2)c1,,7.42,7.42,2,,,,unknown
CHEMBL6171335,NC(=O)c1cccc(-n2cc(NC(=O)Nc3cccc4ccccc34)cn2)c1,,6.8,6.65,2,,,,unknown
CHEMBL6171384,O=C(Nc1cnn(-c2cccc(NC(=O)c3cc[nH]c3)c2)c1)Nc1cccc2ccccc12,,7.51,7.28,2,,,,unknown
CHEMBL6171595,CCNC(=O)c1cccc(-n2cc(NC(=O)Nc3cccc4ccccc34)cn2)c1,,6.86,6.73,2,,,,unknown
CHEMBL6171842,COc1ccccc1Nc1nccc(-n2cc(/C=C/c3ccccc3)c(C(N)=O)n2)n1,,,5.41,1,,,,unknown
CHEMBL6172059,CCC(CC)NC(=O)c1cccc(-n2cc(NC(=O)Nc3cccc4ccccc34)cn2)c1,,5.95,6.21,2,,,,unknown
CHEMBL6172315,CNC(=O)c1ccnc(-n2cc(NC(=O)Nc3cccc4ccccc34)cn2)c1,,6.27,6.2,2,,,,unknown
CHEMBL6172373,Cl.O=C(Nc1cnn(-c2cccc(C(=O)Nc3cnn(C4CCNCC4)c3)c2)c1)Nc1ccccc1C(F)(F)F,,6.26,6.57,2,,,,unknown
CHEMBL6172406,Cc1ccc(-n2cc(NC(=O)Nc3cccc4ccccc34)cn2)cc1C(=O)Nc1cnn(C2CCNCC2)c1.Cl,,8.4,8.22,2,,,,unknown
CHEMBL6172610,CCOC(=O)c1nn(-c2ccnc(N[C@H]3CCCN(C(=O)N(C)C)C3)n2)cc1/C=C/c1ccccc1,,,5.73,1,,,,unknown
CHEMBL6172943,C#CCNC(=O)c1cccc(-n2cc(NC(=O)Nc3cccc4ccccc34)cn2)c1,,7.23,7.19,2,,,,unknown
CHEMBL6173082,CNC(=O)c1cccc(-n2cc(NC(=O)Nc3cccc4ccccc34)cn2)n1,,6.4,6.16,2,,,,unknown
CHEMBL6173295,CN(C)C(=O)c1cccc(-n2cc(NC(=O)Nc3cccc4ccccc34)cn2)c1,,5.26,5.47,2,,,,unknown
CHEMBL6174905,CC(=O)Nc1cccc(-n2cc(NC(=O)Nc3cccc4ccccc34)cn2)c1,,6.53,6.57,2,,,,unknown
CHEMBL6174944,O=C(Nc1cnn(-c2ccccn2)c1)Nc1cccc2ccccc12,,6.48,6.66,2,,,,unknown
CHEMBL6175242,CCOC(=O)c1nn(-c2ccnc(N[C@@H]3CCN(C(=O)C4CC4)C3)n2)cc1/C=C/c1ccccc1,,,5.22,1,,,,unknown
CHEMBL6175416,CN1CCN(c2cccc(Nc3nccc(-n4cc(/C=C/c5cccc(Br)c5)c(C(N)=O)n4)n3)c2)CC1,,,5.51,1,,,,unknown
CHEMBL6175589,CN1CCN(c2cccc(Nc3nccc(-n4cc(/C=C/c5ccccc5)c(C(N)=O)n4)n3)c2)CC1,,,6.8,1,,,,unknown
CHEMBL6175779,CN(C)C(=O)N1CCC[C@H](Nc2nccc(-n3cc(/C=C/c4ccccc4)c(C(N)=O)n3)n2)C1,,,7.72,1,,,,unknown
CHEMBL6177085,NC(=O)c1nn(-c2ccnc(N[C@H]3CCN(C(=O)C4CC4)C3)n2)cc1/C=C/c1ccccc1,,,6.77,1,,,,unknown
CHEMBL63135,Fc1ccc(-c2nc[nH]c2-c2ccncc2)cc1,,6.71,,1,,,,unknown
CHEMBL67633,CNc1nccc(-c2[nH]c(-c3ccccc3)nc2-c2ccccc2)n1,,6.76,,1,,,,unknown
CHEMBL67658,FC(F)(F)c1cccc(-c2nc(-c3ccccc3)[nH]c2-c2ccncc2)c1,,6.04,,1,,,,unknown
CHEMBL67874,Fc1ccc(-c2[nH]c(C3CCCNC3)nc2-c2ccncc2)cc1,,6.85,,1,,,,unknown
CHEMBL68572,COc1ccc(CNc2nccc(-c3[nH]c(-c4ccccc4)nc3-c3ccccc3)n2)cc1,,7.01,,1,,,,unknown
CHEMBL69151,c1csc(-c2cnc3ccccc3n2)c1,,,4.47,1,,,,unknown
CHEMBL69228,c1ccc(-c2nc(-c3ccccc3)c(-c3ccncc3)[nH]2)cc1,,6.89,,1,,,,unknown
CHEMBL69331,Fc1ccc(-c2[nH]c(C3CCCCC3)nc2-c2ccncc2)cc1,,7.54,,1,,,,unknown
CHEMBL69764,Fc1ccc(-c2[nH]c(C3CCNCC3)nc2-c2ccncc2)cc1,,6.68,,1,,,,unknown
CHEMBL7064,O=C1c2ccccc2-c2n[nH]c3cccc1c23,,,7.04,1,,,,unknown
