pair,panel_id,molecule_chembl_id,molregno,endpoint,gene,target_chembl_id,activity_id,assay_chembl_id,assay_type,standard_type,standard_relation,standard_value,standard_units,pchembl_value,document_chembl_id,doi,pubmed_id,patent_id,literature_status,is_tied_maximum,extraction_rule
EGFR/HER2,EH120_041,CHEMBL941,88797,A,EGFR,CHEMBL203,2898827,CHEMBL1063796,B,Kd,=,7600,nM,5.12,CHEMBL1150977,10.1038/nbt1358,18183025,,present,NO,2026-07-23 ChEMBL REST panel; dump rows use STANDARD_OK
EGFR/HER2,EH120_041,CHEMBL941,88797,A,EGFR,CHEMBL203,7569861,CHEMBL1908697,B,Kd,=,7600,nM,5.12,CHEMBL1908390,10.1038/nbt.1990,22037378,,present,NO,2026-07-23 ChEMBL REST panel; dump rows use STANDARD_OK
EGFR/HER2,EH120_041,CHEMBL941,88797,A,EGFR,CHEMBL203,24962906,CHEMBL5216306,B,IC50,=,0.11,nM,9.96,CHEMBL5214926,10.1016/j.ejmech.2022.114502,35696863,,present,YES,2026-07-23 ChEMBL REST panel; dump rows use STANDARD_OK
EGFR/HER2,EH120_041,CHEMBL941,88797,B,ERBB2,CHEMBL1824,24962908,CHEMBL5216307,B,IC50,=,0.06,nM,10.22,CHEMBL5214926,10.1016/j.ejmech.2022.114502,35696863,,present,YES,2026-07-23 ChEMBL REST panel; dump rows use STANDARD_OK
EGFR/HER2,EH120_042,CHEMBL5221067,2783473,A,EGFR,CHEMBL203,24962904,CHEMBL5216306,B,IC50,=,0.47,nM,9.33,CHEMBL5214926,10.1016/j.ejmech.2022.114502,35696863,,present,YES,2026-07-23 ChEMBL REST panel; dump rows use STANDARD_OK
EGFR/HER2,EH120_042,CHEMBL5221067,2783473,B,ERBB2,CHEMBL1824,24962907,CHEMBL5216307,B,IC50,=,0.14,nM,9.85,CHEMBL5214926,10.1016/j.ejmech.2022.114502,35696863,,present,YES,2026-07-23 ChEMBL REST panel; dump rows use STANDARD_OK
EGFR/HER2,EH120_043,CHEMBL5881155,3098156,A,EGFR,CHEMBL203,28855772,CHEMBL5738725,B,IC50,=,0.22,nM,9.66,CHEMBL5729445,,,US-11505527-B1,present,YES,2026-07-23 ChEMBL REST panel; dump rows use STANDARD_OK
EGFR/HER2,EH120_043,CHEMBL5881155,3098156,B,ERBB2,CHEMBL1824,28855775,CHEMBL5738726,B,IC50,=,0.6,nM,9.22,CHEMBL5729445,,,US-11505527-B1,present,YES,2026-07-23 ChEMBL REST panel; dump rows use STANDARD_OK
EGFR/HER2,EH120_044,CHEMBL203599,339482,A,EGFR,CHEMBL203,1681970,CHEMBL862512,B,IC50,=,0.5,nM,9.3,CHEMBL1138126,10.1021/jm050936o,16480284,,present,YES,2026-07-23 ChEMBL REST panel; dump rows use STANDARD_OK
EGFR/HER2,EH120_044,CHEMBL203599,339482,A,EGFR,CHEMBL203,1682036,CHEMBL862515,F,IC50,=,1.9,nM,8.72,CHEMBL1138126,10.1021/jm050936o,16480284,,present,NO,2026-07-23 ChEMBL REST panel; dump rows use STANDARD_OK
EGFR/HER2,EH120_044,CHEMBL203599,339482,B,ERBB2,CHEMBL1824,1681992,CHEMBL862513,B,IC50,=,0.7,nM,9.15,CHEMBL1138126,10.1021/jm050936o,16480284,,present,YES,2026-07-23 ChEMBL REST panel; dump rows use STANDARD_OK
EGFR/HER2,EH120_044,CHEMBL203599,339482,B,ERBB2,CHEMBL1824,1682058,CHEMBL862521,F,IC50,=,1,nM,9,CHEMBL1138126,10.1021/jm050936o,16480284,,present,NO,2026-07-23 ChEMBL REST panel; dump rows use STANDARD_OK
EGFR/HER2,EH120_044,CHEMBL203599,339482,B,ERBB2,CHEMBL1824,1682142,CHEMBL862531,F,IC50,=,0.8,nM,9.1,CHEMBL1138126,10.1021/jm050936o,16480284,,present,NO,2026-07-23 ChEMBL REST panel; dump rows use STANDARD_OK
EGFR/HER2,EH120_045,CHEMBL1873475,1214046,A,EGFR,CHEMBL203,7931077,CHEMBL1919256,B,IC50,=,5.6,nM,8.25,CHEMBL1914368,10.1016/j.bmcl.2011.09.008,21958547,,present,NO,2026-07-23 ChEMBL REST panel; dump rows use STANDARD_OK
EGFR/HER2,EH120_045,CHEMBL1873475,1214046,A,EGFR,CHEMBL203,17719996,CHEMBL3887533,B,IC50,=,0.5,nM,9.3,CHEMBL3886356,,,US-9181263-B2,present,YES,2026-07-23 ChEMBL REST panel; dump rows use STANDARD_OK
EGFR/HER2,EH120_045,CHEMBL1873475,1214046,A,EGFR,CHEMBL203,17720078,CHEMBL3887533,B,IC50,=,0.5,nM,9.3,CHEMBL3886356,,,US-9181263-B2,present,YES,2026-07-23 ChEMBL REST panel; dump rows use STANDARD_OK
EGFR/HER2,EH120_045,CHEMBL1873475,1214046,A,EGFR,CHEMBL203,17758419,CHEMBL3888240,B,IC50,=,0.5,nM,9.3,CHEMBL3886627,,,US-9278100-B2,present,YES,2026-07-23 ChEMBL REST panel; dump rows use STANDARD_OK
EGFR/HER2,EH120_045,CHEMBL1873475,1214046,A,EGFR,CHEMBL203,17758501,CHEMBL3888240,B,IC50,=,0.5,nM,9.3,CHEMBL3886627,,,US-9278100-B2,present,YES,2026-07-23 ChEMBL REST panel; dump rows use STANDARD_OK
EGFR/HER2,EH120_045,CHEMBL1873475,1214046,A,EGFR,CHEMBL203,17898329,CHEMBL3991696,B,Kd,=,43,nM,7.37,CHEMBL3991601,10.1126/science.aan4368,29191878,,present,NO,2026-07-23 ChEMBL REST panel; dump rows use STANDARD_OK
EGFR/HER2,EH120_045,CHEMBL1873475,1214046,A,EGFR,CHEMBL203,18114694,CHEMBL4024934,B,IC50,=,123,nM,6.91,CHEMBL4024706,10.1016/j.ejmech.2017.03.001,28315597,,present,NO,2026-07-23 ChEMBL REST panel; dump rows use STANDARD_OK
EGFR/HER2,EH120_045,CHEMBL1873475,1214046,A,EGFR,CHEMBL203,18189799,CHEMBL4041412,A,IC50,=,2,nM,8.7,CHEMBL4038351,10.1021/acs.jmedchem.7b00515,28853575,,present,NO,2026-07-23 ChEMBL REST panel; dump rows use STANDARD_OK
EGFR/HER2,EH120_045,CHEMBL1873475,1214046,A,EGFR,CHEMBL203,18189836,CHEMBL4041413,B,IC50,=,120,nM,6.92,CHEMBL4038351,10.1021/acs.jmedchem.7b00515,28853575,,present,NO,2026-07-23 ChEMBL REST panel; dump rows use STANDARD_OK
EGFR/HER2,EH120_045,CHEMBL1873475,1214046,A,EGFR,CHEMBL203,18189867,CHEMBL4041414,B,IC50,=,390,nM,6.41,CHEMBL4038351,10.1021/acs.jmedchem.7b00515,28853575,,present,NO,2026-07-23 ChEMBL REST panel; dump rows use STANDARD_OK
EGFR/HER2,EH120_045,CHEMBL1873475,1214046,A,EGFR,CHEMBL203,18268983,CHEMBL4058115,B,IC50,=,5.6,nM,8.25,CHEMBL4052785,10.1016/j.bmcl.2017.07.009,28734581,,present,NO,2026-07-23 ChEMBL REST panel; dump rows use STANDARD_OK
EGFR/HER2,EH120_045,CHEMBL1873475,1214046,A,EGFR,CHEMBL203,18502759,CHEMBL4189692,A,IC50,=,1.2,nM,8.92,CHEMBL4184325,10.1021/acs.jmedchem.8b00441,29715023,,present,NO,2026-07-23 ChEMBL REST panel; dump rows use STANDARD_OK
EGFR/HER2,EH120_045,CHEMBL1873475,1214046,A,EGFR,CHEMBL203,19018990,CHEMBL4347068,B,IC50,=,12,nM,7.92,CHEMBL4346659,10.1016/j.ejmech.2019.02.077,30875504,,present,NO,2026-07-23 ChEMBL REST panel; dump rows use STANDARD_OK
EGFR/HER2,EH120_045,CHEMBL1873475,1214046,A,EGFR,CHEMBL203,19061205,CHEMBL4358518,A,Kd,=,6.9,nM,8.16,CHEMBL4354855,10.1021/acs.jmedchem.9b01916,32083858,,present,NO,2026-07-23 ChEMBL REST panel; dump rows use STANDARD_OK
EGFR/HER2,EH120_045,CHEMBL1873475,1214046,A,EGFR,CHEMBL203,19173638,CHEMBL4385485,A,IC50,=,18,nM,7.75,CHEMBL4382291,10.1021/acsmedchemlett.8b00461,30655951,,present,NO,2026-07-23 ChEMBL REST panel; dump rows use STANDARD_OK
EGFR/HER2,EH120_045,CHEMBL1873475,1214046,A,EGFR,CHEMBL203,19193825,CHEMBL4390271,B,IC50,=,12,nM,7.92,CHEMBL4387758,10.1016/j.bmc.2019.06.023,31221612,,present,NO,2026-07-23 ChEMBL REST panel; dump rows use STANDARD_OK
EGFR/HER2,EH120_045,CHEMBL1873475,1214046,A,EGFR,CHEMBL203,19305963,CHEMBL4414895,A,IC50,=,0.75,nM,9.12,CHEMBL4414549,10.1021/acs.jmedchem.9b00687,31381333,,present,NO,2026-07-23 ChEMBL REST panel; dump rows use STANDARD_OK
EGFR/HER2,EH120_045,CHEMBL1873475,1214046,A,EGFR,CHEMBL203,19306101,CHEMBL4414937,A,IC50,=,101,nM,7,CHEMBL4414549,10.1021/acs.jmedchem.9b00687,31381333,,present,NO,2026-07-23 ChEMBL REST panel; dump rows use STANDARD_OK
EGFR/HER2,EH120_045,CHEMBL1873475,1214046,A,EGFR,CHEMBL203,19485902,CHEMBL4481538,B,IC50,=,40,nM,7.4,CHEMBL4480410,10.1021/acs.jmedchem.9b00102,30768270,,present,NO,2026-07-23 ChEMBL REST panel; dump rows use STANDARD_OK
EGFR/HER2,EH120_045,CHEMBL1873475,1214046,A,EGFR,CHEMBL203,20654614,CHEMBL4616782,B,IC50,=,30,nM,7.52,CHEMBL4616583,10.1021/acs.jmedchem.9b00167,30893553,,present,NO,2026-07-23 ChEMBL REST panel; dump rows use STANDARD_OK
EGFR/HER2,EH120_045,CHEMBL1873475,1214046,A,EGFR,CHEMBL203,22395647,CHEMBL4668243,B,IC50,=,45,nM,7.35,CHEMBL4665670,10.1021/acsmedchemlett.9b00317,31620235,,present,NO,2026-07-23 ChEMBL REST panel; dump rows use STANDARD_OK
EGFR/HER2,EH120_045,CHEMBL1873475,1214046,A,EGFR,CHEMBL203,22395661,CHEMBL4668250,B,IC50,=,16,nM,7.8,CHEMBL4665670,10.1021/acsmedchemlett.9b00317,31620235,,present,NO,2026-07-23 ChEMBL REST panel; dump rows use STANDARD_OK
EGFR/HER2,EH120_045,CHEMBL1873475,1214046,A,EGFR,CHEMBL203,22843190,CHEMBL4720222,B,IC50,=,5.6,nM,8.25,CHEMBL4715815,10.1016/j.ejmech.2017.12.079,29324347,,present,NO,2026-07-23 ChEMBL REST panel; dump rows use STANDARD_OK
EGFR/HER2,EH120_045,CHEMBL1873475,1214046,A,EGFR,CHEMBL203,22853933,CHEMBL4724376,B,IC50,=,96,nM,7.02,CHEMBL4715884,10.1016/j.bmcl.2020.127757,33359446,,present,NO,2026-07-23 ChEMBL REST panel; dump rows use STANDARD_OK
EGFR/HER2,EH120_045,CHEMBL1873475,1214046,A,EGFR,CHEMBL203,22853934,CHEMBL4724377,B,IC50,=,51,nM,7.29,CHEMBL4715884,10.1016/j.bmcl.2020.127757,33359446,,present,NO,2026-07-23 ChEMBL REST panel; dump rows use STANDARD_OK
EGFR/HER2,EH120_045,CHEMBL1873475,1214046,A,EGFR,CHEMBL203,22877357,CHEMBL4726180,A,IC50,=,5.3,nM,8.28,CHEMBL4725253,10.1016/j.bmcl.2020.127261,32527559,,present,NO,2026-07-23 ChEMBL REST panel; dump rows use STANDARD_OK
EGFR/HER2,EH120_045,CHEMBL1873475,1214046,A,EGFR,CHEMBL203,22877467,CHEMBL4726201,A,EC50,=,49,nM,7.31,CHEMBL4725253,10.1016/j.bmcl.2020.127261,32527559,,present,NO,2026-07-23 ChEMBL REST panel; dump rows use STANDARD_OK
EGFR/HER2,EH120_045,CHEMBL1873475,1214046,A,EGFR,CHEMBL203,22967719,CHEMBL4769968,A,IC50,=,2.5,nM,8.6,CHEMBL4765318,10.1016/j.ejmech.2020.112339,32402933,,present,NO,2026-07-23 ChEMBL REST panel; dump rows use STANDARD_OK
EGFR/HER2,EH120_045,CHEMBL1873475,1214046,A,EGFR,CHEMBL203,23299090,CHEMBL4841672,B,IC50,=,1.7,nM,8.77,CHEMBL4840351,10.1021/acs.jmedchem.1c01559,34672559,,present,NO,2026-07-23 ChEMBL REST panel; dump rows use STANDARD_OK
EGFR/HER2,EH120_045,CHEMBL1873475,1214046,A,EGFR,CHEMBL203,24408191,CHEMBL5045467,B,IC50,=,0.9,nM,9.05,CHEMBL5042540,10.1021/acs.jmedchem.1c02208,35099969,,present,NO,2026-07-23 ChEMBL REST panel; dump rows use STANDARD_OK
EGFR/HER2,EH120_045,CHEMBL1873475,1214046,A,EGFR,CHEMBL203,24408253,CHEMBL5045472,B,IC50,=,16.6,nM,7.78,CHEMBL5042540,10.1021/acs.jmedchem.1c02208,35099969,,present,NO,2026-07-23 ChEMBL REST panel; dump rows use STANDARD_OK
EGFR/HER2,EH120_045,CHEMBL1873475,1214046,A,EGFR,CHEMBL203,24773292,CHEMBL5127259,B,IC50,=,5.3,nM,8.28,CHEMBL5126513,10.1016/j.ejmech.2021.114009,34839996,,present,NO,2026-07-23 ChEMBL REST panel; dump rows use STANDARD_OK
EGFR/HER2,EH120_045,CHEMBL1873475,1214046,A,EGFR,CHEMBL203,24797375,CHEMBL5133814,B,Kd,=,3.9,nM,8.41,CHEMBL5131445,10.1016/j.bmcl.2022.128549,35041943,,present,NO,2026-07-23 ChEMBL REST panel; dump rows use STANDARD_OK
EGFR/HER2,EH120_045,CHEMBL1873475,1214046,A,EGFR,CHEMBL203,24805905,CHEMBL5135834,B,IC50,=,5.3,nM,8.28,CHEMBL5131516,10.1021/acs.jmedchem.1c02134,35439421,,present,NO,2026-07-23 ChEMBL REST panel; dump rows use STANDARD_OK
EGFR/HER2,EH120_045,CHEMBL1873475,1214046,A,EGFR,CHEMBL203,24805911,CHEMBL5135836,B,EC50,=,70,nM,7.16,CHEMBL5131516,10.1021/acs.jmedchem.1c02134,35439421,,present,NO,2026-07-23 ChEMBL REST panel; dump rows use STANDARD_OK
EGFR/HER2,EH120_045,CHEMBL1873475,1214046,A,EGFR,CHEMBL203,24841327,CHEMBL5145633,B,IC50,=,11.2,nM,7.95,CHEMBL5143580,10.1021/acs.jnatprod.1c01085,35104138,,present,NO,2026-07-23 ChEMBL REST panel; dump rows use STANDARD_OK
EGFR/HER2,EH120_045,CHEMBL1873475,1214046,A,EGFR,CHEMBL203,25067047,CHEMBL5251928,B,IC50,=,170,nM,6.77,CHEMBL5247657,10.1021/acs.jmedchem.2c01938,36912866,,present,NO,2026-07-23 ChEMBL REST panel; dump rows use STANDARD_OK
EGFR/HER2,EH120_045,CHEMBL1873475,1214046,A,EGFR,CHEMBL203,25091634,CHEMBL5258450,B,IC50,=,5.3,nM,8.28,CHEMBL5257057,10.1021/acsmedchemlett.2c00523,36923918,,present,NO,2026-07-23 ChEMBL REST panel; dump rows use STANDARD_OK
EGFR/HER2,EH120_045,CHEMBL1873475,1214046,A,EGFR,CHEMBL203,25588793,CHEMBL5355226,B,IC50,=,4.4,nM,8.36,CHEMBL5352457,10.1016/j.ejmech.2022.114940,36462441,,present,NO,2026-07-23 ChEMBL REST panel; dump rows use STANDARD_OK
EGFR/HER2,EH120_045,CHEMBL1873475,1214046,A,EGFR,CHEMBL203,25870220,CHEMBL5512286,B,IC50,=,52,nM,7.28,CHEMBL5506072,10.1021/acs.jmedchem.4c00978,38820338,,present,NO,2026-07-23 ChEMBL REST panel; dump rows use STANDARD_OK
EGFR/HER2,EH120_045,CHEMBL1873475,1214046,A,EGFR,CHEMBL203,26016661,CHEMBL5579117,B,IC50,=,59,nM,7.23,CHEMBL5576142,10.1021/acs.jmedchem.3c01927,39119945,,present,NO,2026-07-23 ChEMBL REST panel; dump rows use STANDARD_OK
EGFR/HER2,EH120_045,CHEMBL1873475,1214046,A,EGFR,CHEMBL203,26315215,CHEMBL5710912,B,IC50,=,5.3,nM,8.28,CHEMBL5705904,10.1056/nejmoa1509981,26641137,,present,NO,2026-07-23 ChEMBL REST panel; dump rows use STANDARD_OK
EGFR/HER2,EH120_045,CHEMBL1873475,1214046,A,EGFR,CHEMBL203,26961412,CHEMBL5731481,B,IC50,=,1.3,nM,8.89,CHEMBL5725787,,,US-9580432-B2,present,NO,2026-07-23 ChEMBL REST panel; dump rows use STANDARD_OK
EGFR/HER2,EH120_045,CHEMBL1873475,1214046,A,EGFR,CHEMBL203,28249988,CHEMBL5736432,B,IC50,=,4.6,nM,8.34,CHEMBL5728280,,,US-10919899-B2,present,NO,2026-07-23 ChEMBL REST panel; dump rows use STANDARD_OK
EGFR/HER2,EH120_045,CHEMBL1873475,1214046,A,EGFR,CHEMBL203,29065640,CHEMBL6074983,B,IC50,=,5.6,nM,8.25,CHEMBL6074624,10.1016/j.bmc.2024.117870,39128361,,present,NO,2026-07-23 ChEMBL REST panel; dump rows use STANDARD_OK
EGFR/HER2,EH120_045,CHEMBL1873475,1214046,A,EGFR,CHEMBL203,29287504,CHEMBL6158558,B,IC50,=,51,nM,7.29,CHEMBL6153141,10.1021/acs.jmedchem.4c01947,39953991,,present,NO,2026-07-23 ChEMBL REST panel; dump rows use STANDARD_OK
EGFR/HER2,EH120_045,CHEMBL1873475,1214046,B,ERBB2,CHEMBL1824,17719997,CHEMBL3887534,B,IC50,=,9.4,nM,8.03,CHEMBL3886356,,,US-9181263-B2,present,NO,2026-07-23 ChEMBL REST panel; dump rows use STANDARD_OK
EGFR/HER2,EH120_045,CHEMBL1873475,1214046,B,ERBB2,CHEMBL1824,18268984,CHEMBL4058116,B,IC50,=,9.4,nM,8.03,CHEMBL4052785,10.1016/j.bmcl.2017.07.009,28734581,,present,NO,2026-07-23 ChEMBL REST panel; dump rows use STANDARD_OK
EGFR/HER2,EH120_045,CHEMBL1873475,1214046,B,ERBB2,CHEMBL1824,18502855,CHEMBL4189697,B,IC50,=,1.5,nM,8.82,CHEMBL4184325,10.1021/acs.jmedchem.8b00441,29715023,,present,NO,2026-07-23 ChEMBL REST panel; dump rows use STANDARD_OK
EGFR/HER2,EH120_045,CHEMBL1873475,1214046,B,ERBB2,CHEMBL1824,18724530,CHEMBL4258943,B,IC50,=,9.4,nM,8.03,CHEMBL4257496,10.1039/C8MD00019K,30108960,,present,NO,2026-07-23 ChEMBL REST panel; dump rows use STANDARD_OK
EGFR/HER2,EH120_045,CHEMBL1873475,1214046,B,ERBB2,CHEMBL1824,19018991,CHEMBL4347069,B,IC50,=,22,nM,7.66,CHEMBL4346659,10.1016/j.ejmech.2019.02.077,30875504,,present,NO,2026-07-23 ChEMBL REST panel; dump rows use STANDARD_OK
EGFR/HER2,EH120_045,CHEMBL1873475,1214046,B,ERBB2,CHEMBL1824,19061211,CHEMBL4358519,B,Kd,=,1.2,nM,8.92,CHEMBL4354855,10.1021/acs.jmedchem.9b01916,32083858,,present,NO,2026-07-23 ChEMBL REST panel; dump rows use STANDARD_OK
EGFR/HER2,EH120_045,CHEMBL1873475,1214046,B,ERBB2,CHEMBL1824,19306059,CHEMBL4414916,A,IC50,=,19,nM,7.72,CHEMBL4414549,10.1021/acs.jmedchem.9b00687,31381333,,present,NO,2026-07-23 ChEMBL REST panel; dump rows use STANDARD_OK
EGFR/HER2,EH120_045,CHEMBL1873475,1214046,B,ERBB2,CHEMBL1824,22843192,CHEMBL4720223,B,IC50,=,9.4,nM,8.03,CHEMBL4715815,10.1016/j.ejmech.2017.12.079,29324347,,present,NO,2026-07-23 ChEMBL REST panel; dump rows use STANDARD_OK
EGFR/HER2,EH120_045,CHEMBL1873475,1214046,B,ERBB2,CHEMBL1824,22877445,CHEMBL4726197,B,IC50,=,6.4,nM,8.19,CHEMBL4725253,10.1016/j.bmcl.2020.127261,32527559,,present,NO,2026-07-23 ChEMBL REST panel; dump rows use STANDARD_OK
EGFR/HER2,EH120_045,CHEMBL1873475,1214046,B,ERBB2,CHEMBL1824,24773296,CHEMBL5127260,B,IC50,=,6.4,nM,8.19,CHEMBL5126513,10.1016/j.ejmech.2021.114009,34839996,,present,NO,2026-07-23 ChEMBL REST panel; dump rows use STANDARD_OK
EGFR/HER2,EH120_045,CHEMBL1873475,1214046,B,ERBB2,CHEMBL1824,24797237,CHEMBL5133798,B,Kd,=,0.75,nM,9.12,CHEMBL5131445,10.1016/j.bmcl.2022.128549,35041943,,present,YES,2026-07-23 ChEMBL REST panel; dump rows use STANDARD_OK
EGFR/HER2,EH120_045,CHEMBL1873475,1214046,B,ERBB2,CHEMBL1824,25588795,CHEMBL5355227,B,IC50,=,57,nM,7.24,CHEMBL5352457,10.1016/j.ejmech.2022.114940,36462441,,present,NO,2026-07-23 ChEMBL REST panel; dump rows use STANDARD_OK
EGFR/HER2,EH120_045,CHEMBL1873475,1214046,B,ERBB2,CHEMBL1824,25870152,CHEMBL5512284,B,IC50,=,36,nM,7.44,CHEMBL5506072,10.1021/acs.jmedchem.4c00978,38820338,,present,NO,2026-07-23 ChEMBL REST panel; dump rows use STANDARD_OK
EGFR/HER2,EH120_045,CHEMBL1873475,1214046,B,ERBB2,CHEMBL1824,26315217,CHEMBL5710913,B,IC50,=,6.4,nM,8.19,CHEMBL5705904,10.1056/nejmoa1509981,26641137,,present,NO,2026-07-23 ChEMBL REST panel; dump rows use STANDARD_OK
EGFR/HER2,EH120_045,CHEMBL1873475,1214046,B,ERBB2,CHEMBL1824,29092491,CHEMBL6083475,B,IC50,=,13,nM,7.89,CHEMBL6083185,10.1016/j.ejmech.2024.116702,39059182,,present,NO,2026-07-23 ChEMBL REST panel; dump rows use STANDARD_OK
EGFR/HER2,EH120_046,CHEMBL5282641,2802343,A,EGFR,CHEMBL203,25078681,CHEMBL5255138,B,IC50,=,0.053,nM,10.28,CHEMBL5252585,10.1016/j.bmc.2023.117202,36804726,,present,YES,2026-07-23 ChEMBL REST panel; dump rows use STANDARD_OK
EGFR/HER2,EH120_046,CHEMBL5282641,2802343,A,EGFR,CHEMBL203,25078764,CHEMBL5255141,B,IC50,=,0.34,nM,9.47,CHEMBL5252585,10.1016/j.bmc.2023.117202,36804726,,present,NO,2026-07-23 ChEMBL REST panel; dump rows use STANDARD_OK
EGFR/HER2,EH120_046,CHEMBL5282641,2802343,A,EGFR,CHEMBL203,25078768,CHEMBL5255142,B,IC50,=,0.053,nM,10.28,CHEMBL5252585,10.1016/j.bmc.2023.117202,36804726,,present,YES,2026-07-23 ChEMBL REST panel; dump rows use STANDARD_OK
EGFR/HER2,EH120_046,CHEMBL5282641,2802343,A,EGFR,CHEMBL203,25078776,CHEMBL5255144,B,IC50,=,492,nM,6.31,CHEMBL5252585,10.1016/j.bmc.2023.117202,36804726,,present,NO,2026-07-23 ChEMBL REST panel; dump rows use STANDARD_OK
EGFR/HER2,EH120_046,CHEMBL5282641,2802343,A,EGFR,CHEMBL203,25078784,CHEMBL5255146,B,IC50,=,0.097,nM,10.01,CHEMBL5252585,10.1016/j.bmc.2023.117202,36804726,,present,NO,2026-07-23 ChEMBL REST panel; dump rows use STANDARD_OK
EGFR/HER2,EH120_046,CHEMBL5282641,2802343,B,ERBB2,CHEMBL1824,25078780,CHEMBL5255145,B,IC50,=,0.96,nM,9.02,CHEMBL5252585,10.1016/j.bmc.2023.117202,36804726,,present,YES,2026-07-23 ChEMBL REST panel; dump rows use STANDARD_OK
EGFR/HER2,EH120_047,CHEMBL180022,299120,A,EGFR,CHEMBL203,1414924,CHEMBL873338,F,IC50,=,92,nM,7.04,CHEMBL1142663,10.1021/jm040159c,15715478,,present,NO,2026-07-23 ChEMBL REST panel; dump rows use STANDARD_OK
EGFR/HER2,EH120_047,CHEMBL180022,299120,A,EGFR,CHEMBL203,1943195,CHEMBL892951,B,IC50,=,0.08,nM,10.1,CHEMBL1147965,10.1016/j.bmc.2007.03.055,17416531,,present,NO,2026-07-23 ChEMBL REST panel; dump rows use STANDARD_OK
EGFR/HER2,EH120_047,CHEMBL180022,299120,A,EGFR,CHEMBL203,1943214,CHEMBL892954,B,IC50,=,0.18,nM,9.74,CHEMBL1147965,10.1016/j.bmc.2007.03.055,17416531,,present,NO,2026-07-23 ChEMBL REST panel; dump rows use STANDARD_OK
EGFR/HER2,EH120_047,CHEMBL180022,299120,A,EGFR,CHEMBL203,2206793,CHEMBL976899,B,IC50,=,92,nM,7.04,CHEMBL1149823,10.1073/pnas.0707498104,18077425,,present,NO,2026-07-23 ChEMBL REST panel; dump rows use STANDARD_OK
EGFR/HER2,EH120_047,CHEMBL180022,299120,A,EGFR,CHEMBL203,2246121,CHEMBL1009318,B,IC50,=,1,nM,9,CHEMBL1139297,10.1016/j.bmcl.2008.11.023,19028424,,present,NO,2026-07-23 ChEMBL REST panel; dump rows use STANDARD_OK
EGFR/HER2,EH120_047,CHEMBL180022,299120,A,EGFR,CHEMBL203,7567882,CHEMBL1908693,B,Kd,=,1.1,nM,8.96,CHEMBL1908390,10.1038/nbt.1990,22037378,,present,NO,2026-07-23 ChEMBL REST panel; dump rows use STANDARD_OK
EGFR/HER2,EH120_047,CHEMBL180022,299120,A,EGFR,CHEMBL203,7567883,CHEMBL1908694,B,Kd,=,2.3,nM,8.64,CHEMBL1908390,10.1038/nbt.1990,22037378,,present,NO,2026-07-23 ChEMBL REST panel; dump rows use STANDARD_OK
EGFR/HER2,EH120_047,CHEMBL180022,299120,A,EGFR,CHEMBL203,7567884,CHEMBL1908695,B,Kd,=,0.37,nM,9.43,CHEMBL1908390,10.1038/nbt.1990,22037378,,present,NO,2026-07-23 ChEMBL REST panel; dump rows use STANDARD_OK
EGFR/HER2,EH120_047,CHEMBL180022,299120,A,EGFR,CHEMBL203,7567885,CHEMBL1908696,B,Kd,=,0.91,nM,9.04,CHEMBL1908390,10.1038/nbt.1990,22037378,,present,NO,2026-07-23 ChEMBL REST panel; dump rows use STANDARD_OK
EGFR/HER2,EH120_047,CHEMBL180022,299120,A,EGFR,CHEMBL203,7567886,CHEMBL1908697,B,Kd,=,0.61,nM,9.21,CHEMBL1908390,10.1038/nbt.1990,22037378,,present,NO,2026-07-23 ChEMBL REST panel; dump rows use STANDARD_OK
EGFR/HER2,EH120_047,CHEMBL180022,299120,A,EGFR,CHEMBL203,7567887,CHEMBL1908698,B,Kd,=,0.93,nM,9.03,CHEMBL1908390,10.1038/nbt.1990,22037378,,present,NO,2026-07-23 ChEMBL REST panel; dump rows use STANDARD_OK
EGFR/HER2,EH120_047,CHEMBL180022,299120,A,EGFR,CHEMBL203,7567888,CHEMBL1908699,B,Kd,=,1,nM,9,CHEMBL1908390,10.1038/nbt.1990,22037378,,present,NO,2026-07-23 ChEMBL REST panel; dump rows use STANDARD_OK
EGFR/HER2,EH120_047,CHEMBL180022,299120,A,EGFR,CHEMBL203,7567889,CHEMBL1908700,B,Kd,=,0.67,nM,9.17,CHEMBL1908390,10.1038/nbt.1990,22037378,,present,NO,2026-07-23 ChEMBL REST panel; dump rows use STANDARD_OK
EGFR/HER2,EH120_047,CHEMBL180022,299120,A,EGFR,CHEMBL203,7567890,CHEMBL1908701,B,Kd,=,27,nM,7.57,CHEMBL1908390,10.1038/nbt.1990,22037378,,present,NO,2026-07-23 ChEMBL REST panel; dump rows use STANDARD_OK
EGFR/HER2,EH120_047,CHEMBL180022,299120,A,EGFR,CHEMBL203,7567891,CHEMBL1908702,B,Kd,=,0.37,nM,9.43,CHEMBL1908390,10.1038/nbt.1990,22037378,,present,NO,2026-07-23 ChEMBL REST panel; dump rows use STANDARD_OK
EGFR/HER2,EH120_047,CHEMBL180022,299120,A,EGFR,CHEMBL203,7567892,CHEMBL1908703,B,Kd,=,0.63,nM,9.2,CHEMBL1908390,10.1038/nbt.1990,22037378,,present,NO,2026-07-23 ChEMBL REST panel; dump rows use STANDARD_OK
EGFR/HER2,EH120_047,CHEMBL180022,299120,A,EGFR,CHEMBL203,7567893,CHEMBL1908704,B,Kd,=,1.5,nM,8.82,CHEMBL1908390,10.1038/nbt.1990,22037378,,present,NO,2026-07-23 ChEMBL REST panel; dump rows use STANDARD_OK
EGFR/HER2,EH120_047,CHEMBL180022,299120,A,EGFR,CHEMBL203,8025242,CHEMBL1947771,B,IC50,=,3,nM,8.52,CHEMBL1944545,10.1016/j.bmcl.2011.12.067,22227214,,present,NO,2026-07-23 ChEMBL REST panel; dump rows use STANDARD_OK
EGFR/HER2,EH120_047,CHEMBL180022,299120,A,EGFR,CHEMBL203,12655315,CHEMBL2328801,B,IC50,=,2.5,nM,8.6,CHEMBL2321748,10.1021/ml300327z,24900643,,present,NO,2026-07-23 ChEMBL REST panel; dump rows use STANDARD_OK
EGFR/HER2,EH120_047,CHEMBL180022,299120,A,EGFR,CHEMBL203,12655319,CHEMBL2328802,B,IC50,=,66,nM,7.18,CHEMBL2321748,10.1021/ml300327z,24900643,,present,NO,2026-07-23 ChEMBL REST panel; dump rows use STANDARD_OK
EGFR/HER2,EH120_047,CHEMBL180022,299120,A,EGFR,CHEMBL203,13322674,CHEMBL2390159,B,IC50,=,2.2,nM,8.66,CHEMBL2384937,10.1016/j.bmc.2013.03.053,23602524,,present,NO,2026-07-23 ChEMBL REST panel; dump rows use STANDARD_OK
EGFR/HER2,EH120_047,CHEMBL180022,299120,A,EGFR,CHEMBL203,15034997,CHEMBL3370854,B,IC50,=,92,nM,7.04,CHEMBL3352124,10.1021/jm401719n,24517277,,present,NO,2026-07-23 ChEMBL REST panel; dump rows use STANDARD_OK
EGFR/HER2,EH120_047,CHEMBL180022,299120,A,EGFR,CHEMBL203,15698603,CHEMBL3616083,B,IC50,=,92,nM,7.04,CHEMBL3611967,10.1016/j.ejmech.2015.07.030,26256032,,present,NO,2026-07-23 ChEMBL REST panel; dump rows use STANDARD_OK
EGFR/HER2,EH120_047,CHEMBL180022,299120,A,EGFR,CHEMBL203,15774436,CHEMBL3636784,B,IC50,=,92,nM,7.04,CHEMBL3632549,10.1016/j.bmcl.2015.10.003,26475520,,present,NO,2026-07-23 ChEMBL REST panel; dump rows use STANDARD_OK
EGFR/HER2,EH120_047,CHEMBL180022,299120,A,EGFR,CHEMBL203,17898294,CHEMBL3991696,B,Kd,=,34,nM,7.47,CHEMBL3991601,10.1126/science.aan4368,29191878,,present,NO,2026-07-23 ChEMBL REST panel; dump rows use STANDARD_OK
EGFR/HER2,EH120_047,CHEMBL180022,299120,A,EGFR,CHEMBL203,19054040,CHEMBL4356092,B,IC50,=,92,nM,7.04,CHEMBL4354810,10.1021/acs.jmedchem.9b00640,31550151,,present,NO,2026-07-23 ChEMBL REST panel; dump rows use STANDARD_OK
EGFR/HER2,EH120_047,CHEMBL180022,299120,A,EGFR,CHEMBL203,19187588,CHEMBL4388527,B,IC50,=,1.4,nM,8.85,CHEMBL4387720,10.1016/j.bmcl.2019.04.029,31023512,,present,NO,2026-07-23 ChEMBL REST panel; dump rows use STANDARD_OK
EGFR/HER2,EH120_047,CHEMBL180022,299120,A,EGFR,CHEMBL203,19218711,CHEMBL4394506,B,Kd,=,1.1,nM,8.96,CHEMBL4393671,10.1021/acs.jmedchem.9b00350,30973735,,present,NO,2026-07-23 ChEMBL REST panel; dump rows use STANDARD_OK
EGFR/HER2,EH120_047,CHEMBL180022,299120,A,EGFR,CHEMBL203,22408215,CHEMBL4670928,B,IC50,=,10117,nM,5,CHEMBL4665812,10.1021/acs.jmedchem.0c00870,32931277,,present,NO,2026-07-23 ChEMBL REST panel; dump rows use STANDARD_OK
EGFR/HER2,EH120_047,CHEMBL180022,299120,A,EGFR,CHEMBL203,22408223,CHEMBL4670929,B,IC50,=,0.8,nM,9.1,CHEMBL4665812,10.1021/acs.jmedchem.0c00870,32931277,,present,NO,2026-07-23 ChEMBL REST panel; dump rows use STANDARD_OK
EGFR/HER2,EH120_047,CHEMBL180022,299120,A,EGFR,CHEMBL203,22408231,CHEMBL4670930,B,IC50,=,0.02,nM,10.7,CHEMBL4665812,10.1021/acs.jmedchem.0c00870,32931277,,present,YES,2026-07-23 ChEMBL REST panel; dump rows use STANDARD_OK
EGFR/HER2,EH120_047,CHEMBL180022,299120,A,EGFR,CHEMBL203,22408239,CHEMBL4670931,B,IC50,=,0.02,nM,10.7,CHEMBL4665812,10.1021/acs.jmedchem.0c00870,32931277,,present,YES,2026-07-23 ChEMBL REST panel; dump rows use STANDARD_OK
EGFR/HER2,EH120_047,CHEMBL180022,299120,A,EGFR,CHEMBL203,22853104,CHEMBL4724188,B,IC50,=,90,nM,7.05,CHEMBL4715878,10.1021/acs.jmedchem.0c01647,33314925,,present,NO,2026-07-23 ChEMBL REST panel; dump rows use STANDARD_OK
EGFR/HER2,EH120_047,CHEMBL180022,299120,A,EGFR,CHEMBL203,23276955,CHEMBL4836401,B,IC50,=,130,nM,6.89,CHEMBL4834452,10.1016/j.bmcl.2021.128118,34015505,,present,NO,2026-07-23 ChEMBL REST panel; dump rows use STANDARD_OK
EGFR/HER2,EH120_047,CHEMBL180022,299120,A,EGFR,CHEMBL203,24805881,CHEMBL5135820,B,IC50,=,92,nM,7.04,CHEMBL5131516,10.1021/acs.jmedchem.1c02134,35439421,,present,NO,2026-07-23 ChEMBL REST panel; dump rows use STANDARD_OK
EGFR/HER2,EH120_047,CHEMBL180022,299120,A,EGFR,CHEMBL203,24805883,CHEMBL5135822,B,EC50,=,3,nM,8.52,CHEMBL5131516,10.1021/acs.jmedchem.1c02134,35439421,,present,NO,2026-07-23 ChEMBL REST panel; dump rows use STANDARD_OK
EGFR/HER2,EH120_047,CHEMBL180022,299120,A,EGFR,CHEMBL203,24907641,CHEMBL5162303,B,IC50,=,0.58,nM,9.24,CHEMBL5154811,10.1021/acs.jmedchem.1c00710,35319895,,present,NO,2026-07-23 ChEMBL REST panel; dump rows use STANDARD_OK
EGFR/HER2,EH120_047,CHEMBL180022,299120,A,EGFR,CHEMBL203,24907894,CHEMBL5162370,B,IC50,=,0.39,nM,9.41,CHEMBL5154811,10.1021/acs.jmedchem.1c00710,35319895,,present,NO,2026-07-23 ChEMBL REST panel; dump rows use STANDARD_OK
EGFR/HER2,EH120_047,CHEMBL180022,299120,A,EGFR,CHEMBL203,25001912,CHEMBL5233313,B,IC50,=,92,nM,7.04,CHEMBL5233203,10.1039/D1MD00131K,34778767,,present,NO,2026-07-23 ChEMBL REST panel; dump rows use STANDARD_OK
EGFR/HER2,EH120_047,CHEMBL180022,299120,A,EGFR,CHEMBL203,25942036,CHEMBL5534721,B,Ki,=,6.88,nM,8.16,CHEMBL5532668,10.1021/acs.jmedchem.3c01502,38134304,,present,NO,2026-07-23 ChEMBL REST panel; dump rows use STANDARD_OK
EGFR/HER2,EH120_047,CHEMBL180022,299120,A,EGFR,CHEMBL203,25942062,CHEMBL5534726,B,Ki,=,4.51,nM,8.35,CHEMBL5532668,10.1021/acs.jmedchem.3c01502,38134304,,present,NO,2026-07-23 ChEMBL REST panel; dump rows use STANDARD_OK
EGFR/HER2,EH120_047,CHEMBL180022,299120,A,EGFR,CHEMBL203,26154205,CHEMBL5626926,B,IC50,=,154,nM,6.81,CHEMBL5625197,10.1016/j.ejmech.2023.115675,37506545,,present,NO,2026-07-23 ChEMBL REST panel; dump rows use STANDARD_OK
EGFR/HER2,EH120_047,CHEMBL180022,299120,A,EGFR,CHEMBL203,26154208,CHEMBL5626927,B,IC50,=,41,nM,7.39,CHEMBL5625197,10.1016/j.ejmech.2023.115675,37506545,,present,NO,2026-07-23 ChEMBL REST panel; dump rows use STANDARD_OK
EGFR/HER2,EH120_047,CHEMBL180022,299120,A,EGFR,CHEMBL203,28170578,CHEMBL5735981,B,IC50,=,1.73,nM,8.76,CHEMBL5728076,,,US-10822334-B2,present,NO,2026-07-23 ChEMBL REST panel; dump rows use STANDARD_OK
EGFR/HER2,EH120_047,CHEMBL180022,299120,A,EGFR,CHEMBL203,29092499,CHEMBL6083476,B,IC50,=,92,nM,7.04,CHEMBL6083185,10.1016/j.ejmech.2024.116702,39059182,,present,NO,2026-07-23 ChEMBL REST panel; dump rows use STANDARD_OK
EGFR/HER2,EH120_047,CHEMBL180022,299120,A,EGFR,CHEMBL203,29122426,CHEMBL6092696,B,IC50,=,6,nM,8.22,CHEMBL6092145,10.1016/j.bmc.2024.117902,39236467,,present,NO,2026-07-23 ChEMBL REST panel; dump rows use STANDARD_OK
EGFR/HER2,EH120_047,CHEMBL180022,299120,A,EGFR,CHEMBL203,29136391,CHEMBL6096540,B,IC50,=,280,nM,6.55,CHEMBL6092226,10.1021/acs.jmedchem.4c02311,39626019,,present,NO,2026-07-23 ChEMBL REST panel; dump rows use STANDARD_OK
EGFR/HER2,EH120_047,CHEMBL180022,299120,B,ERBB2,CHEMBL1824,1414920,CHEMBL874202,F,IC50,=,59,nM,7.23,CHEMBL1142663,10.1021/jm040159c,15715478,,present,NO,2026-07-23 ChEMBL REST panel; dump rows use STANDARD_OK
EGFR/HER2,EH120_047,CHEMBL180022,299120,B,ERBB2,CHEMBL1824,2206794,CHEMBL976909,B,IC50,=,59,nM,7.23,CHEMBL1149823,10.1073/pnas.0707498104,18077425,,present,NO,2026-07-23 ChEMBL REST panel; dump rows use STANDARD_OK
EGFR/HER2,EH120_047,CHEMBL180022,299120,B,ERBB2,CHEMBL1824,2206795,CHEMBL976910,B,EC50,=,2,nM,8.7,CHEMBL1149823,10.1073/pnas.0707498104,18077425,,present,NO,2026-07-23 ChEMBL REST panel; dump rows use STANDARD_OK
EGFR/HER2,EH120_047,CHEMBL180022,299120,B,ERBB2,CHEMBL1824,2206796,CHEMBL976911,B,EC50,=,2,nM,8.7,CHEMBL1149823,10.1073/pnas.0707498104,18077425,,present,NO,2026-07-23 ChEMBL REST panel; dump rows use STANDARD_OK
EGFR/HER2,EH120_047,CHEMBL180022,299120,B,ERBB2,CHEMBL1824,2206797,CHEMBL977765,B,EC50,=,81,nM,7.09,CHEMBL1149823,10.1073/pnas.0707498104,18077425,,present,NO,2026-07-23 ChEMBL REST panel; dump rows use STANDARD_OK
EGFR/HER2,EH120_047,CHEMBL180022,299120,B,ERBB2,CHEMBL1824,2206798,CHEMBL977766,B,EC50,=,690,nM,6.16,CHEMBL1149823,10.1073/pnas.0707498104,18077425,,present,NO,2026-07-23 ChEMBL REST panel; dump rows use STANDARD_OK
EGFR/HER2,EH120_047,CHEMBL180022,299120,B,ERBB2,CHEMBL1824,2246144,CHEMBL1009319,B,IC50,=,1,nM,9,CHEMBL1139297,10.1016/j.bmcl.2008.11.023,19028424,,present,YES,2026-07-23 ChEMBL REST panel; dump rows use STANDARD_OK
EGFR/HER2,EH120_047,CHEMBL180022,299120,B,ERBB2,CHEMBL1824,7597970,CHEMBL1908501,B,Kd,=,6,nM,8.22,CHEMBL1908390,10.1038/nbt.1990,22037378,,present,NO,2026-07-23 ChEMBL REST panel; dump rows use STANDARD_OK
EGFR/HER2,EH120_047,CHEMBL180022,299120,B,ERBB2,CHEMBL1824,15774437,CHEMBL3636785,B,IC50,=,59,nM,7.23,CHEMBL3632549,10.1016/j.bmcl.2015.10.003,26475520,,present,NO,2026-07-23 ChEMBL REST panel; dump rows use STANDARD_OK
EGFR/HER2,EH120_047,CHEMBL180022,299120,B,ERBB2,CHEMBL1824,19054039,CHEMBL4356093,B,IC50,=,59,nM,7.23,CHEMBL4354810,10.1021/acs.jmedchem.9b00640,31550151,,present,NO,2026-07-23 ChEMBL REST panel; dump rows use STANDARD_OK
EGFR/HER2,EH120_047,CHEMBL180022,299120,B,ERBB2,CHEMBL1824,22408418,CHEMBL4670947,B,IC50,=,9.7,nM,8.01,CHEMBL4665812,10.1021/acs.jmedchem.0c00870,32931277,,present,NO,2026-07-23 ChEMBL REST panel; dump rows use STANDARD_OK
EGFR/HER2,EH120_047,CHEMBL180022,299120,B,ERBB2,CHEMBL1824,22853644,CHEMBL4724282,B,IC50,=,60,nM,7.22,CHEMBL4715878,10.1021/acs.jmedchem.0c01647,33314925,,present,NO,2026-07-23 ChEMBL REST panel; dump rows use STANDARD_OK
EGFR/HER2,EH120_047,CHEMBL180022,299120,B,ERBB2,CHEMBL1824,24805882,CHEMBL5135821,B,IC50,=,59,nM,7.23,CHEMBL5131516,10.1021/acs.jmedchem.1c02134,35439421,,present,NO,2026-07-23 ChEMBL REST panel; dump rows use STANDARD_OK
EGFR/HER2,EH120_047,CHEMBL180022,299120,B,ERBB2,CHEMBL1824,24805884,CHEMBL5135823,B,EC50,=,5,nM,8.3,CHEMBL5131516,10.1021/acs.jmedchem.1c02134,35439421,,present,NO,2026-07-23 ChEMBL REST panel; dump rows use STANDARD_OK
EGFR/HER2,EH120_047,CHEMBL180022,299120,B,ERBB2,CHEMBL1824,24907620,CHEMBL5162302,B,IC50,=,5.57,nM,8.25,CHEMBL5154811,10.1021/acs.jmedchem.1c00710,35319895,,present,NO,2026-07-23 ChEMBL REST panel; dump rows use STANDARD_OK
EGFR/HER2,EH120_047,CHEMBL180022,299120,B,ERBB2,CHEMBL1824,24907856,CHEMBL5162348,B,IC50,=,6.09,nM,8.21,CHEMBL5154811,10.1021/acs.jmedchem.1c00710,35319895,,present,NO,2026-07-23 ChEMBL REST panel; dump rows use STANDARD_OK
EGFR/HER2,EH120_047,CHEMBL180022,299120,B,ERBB2,CHEMBL1824,24907859,CHEMBL5162349,B,IC50,=,29.33,nM,7.53,CHEMBL5154811,10.1021/acs.jmedchem.1c00710,35319895,,present,NO,2026-07-23 ChEMBL REST panel; dump rows use STANDARD_OK
EGFR/HER2,EH120_047,CHEMBL180022,299120,B,ERBB2,CHEMBL1824,24907862,CHEMBL5162350,B,IC50,=,4.4,nM,8.36,CHEMBL5154811,10.1021/acs.jmedchem.1c00710,35319895,,present,NO,2026-07-23 ChEMBL REST panel; dump rows use STANDARD_OK
EGFR/HER2,EH120_047,CHEMBL180022,299120,B,ERBB2,CHEMBL1824,24907865,CHEMBL5162351,B,IC50,=,1.76,nM,8.75,CHEMBL5154811,10.1021/acs.jmedchem.1c00710,35319895,,present,NO,2026-07-23 ChEMBL REST panel; dump rows use STANDARD_OK
EGFR/HER2,EH120_047,CHEMBL180022,299120,B,ERBB2,CHEMBL1824,24907891,CHEMBL5162369,B,IC50,=,4.57,nM,8.34,CHEMBL5154811,10.1021/acs.jmedchem.1c00710,35319895,,present,NO,2026-07-23 ChEMBL REST panel; dump rows use STANDARD_OK
EGFR/HER2,EH120_047,CHEMBL180022,299120,B,ERBB2,CHEMBL1824,25001913,CHEMBL5233314,B,IC50,=,59,nM,7.23,CHEMBL5233203,10.1039/D1MD00131K,34778767,,present,NO,2026-07-23 ChEMBL REST panel; dump rows use STANDARD_OK
EGFR/HER2,EH120_047,CHEMBL180022,299120,B,ERBB2,CHEMBL1824,25979077,CHEMBL5546055,B,IC50,=,3.35,nM,8.47,CHEMBL5543120,10.1021/acs.jmedchem.3c02302,38518121,,present,NO,2026-07-23 ChEMBL REST panel; dump rows use STANDARD_OK
EGFR/HER2,EH120_047,CHEMBL180022,299120,B,ERBB2,CHEMBL1824,28170575,CHEMBL5735980,B,IC50,=,1.96,nM,8.71,CHEMBL5728076,,,US-10822334-B2,present,NO,2026-07-23 ChEMBL REST panel; dump rows use STANDARD_OK
EGFR/HER2,EH120_047,CHEMBL180022,299120,B,ERBB2,CHEMBL1824,29092465,CHEMBL6083475,B,IC50,=,59,nM,7.23,CHEMBL6083185,10.1016/j.ejmech.2024.116702,39059182,,present,NO,2026-07-23 ChEMBL REST panel; dump rows use STANDARD_OK
EGFR/HER2,EH120_047,CHEMBL180022,299120,B,ERBB2,CHEMBL1824,29122424,CHEMBL6092695,B,IC50,=,92,nM,7.04,CHEMBL6092145,10.1016/j.bmc.2024.117902,39236467,,present,NO,2026-07-23 ChEMBL REST panel; dump rows use STANDARD_OK
EGFR/HER2,EH120_048,CHEMBL203644,339471,A,EGFR,CHEMBL203,1681980,CHEMBL862512,B,IC50,=,0.3,nM,9.52,CHEMBL1138126,10.1021/jm050936o,16480284,,present,YES,2026-07-23 ChEMBL REST panel; dump rows use STANDARD_OK
EGFR/HER2,EH120_048,CHEMBL203644,339471,A,EGFR,CHEMBL203,1682046,CHEMBL862515,F,IC50,=,2.5,nM,8.6,CHEMBL1138126,10.1021/jm050936o,16480284,,present,NO,2026-07-23 ChEMBL REST panel; dump rows use STANDARD_OK
EGFR/HER2,EH120_048,CHEMBL203644,339471,B,ERBB2,CHEMBL1824,1682002,CHEMBL862513,B,IC50,=,1.1,nM,8.96,CHEMBL1138126,10.1021/jm050936o,16480284,,present,YES,2026-07-23 ChEMBL REST panel; dump rows use STANDARD_OK
EGFR/HER2,EH120_048,CHEMBL203644,339471,B,ERBB2,CHEMBL1824,1682068,CHEMBL862521,F,IC50,=,24,nM,7.62,CHEMBL1138126,10.1021/jm050936o,16480284,,present,NO,2026-07-23 ChEMBL REST panel; dump rows use STANDARD_OK
EGFR/HER2,EH120_049,CHEMBL437890,339488,A,EGFR,CHEMBL203,1681969,CHEMBL862512,B,IC50,=,1.1,nM,8.96,CHEMBL1138126,10.1021/jm050936o,16480284,,present,YES,2026-07-23 ChEMBL REST panel; dump rows use STANDARD_OK
EGFR/HER2,EH120_049,CHEMBL437890,339488,A,EGFR,CHEMBL203,1682035,CHEMBL862515,F,IC50,=,2.7,nM,8.57,CHEMBL1138126,10.1021/jm050936o,16480284,,present,NO,2026-07-23 ChEMBL REST panel; dump rows use STANDARD_OK
EGFR/HER2,EH120_049,CHEMBL437890,339488,B,ERBB2,CHEMBL1824,1681991,CHEMBL862513,B,IC50,=,0.5,nM,9.3,CHEMBL1138126,10.1021/jm050936o,16480284,,present,YES,2026-07-23 ChEMBL REST panel; dump rows use STANDARD_OK
EGFR/HER2,EH120_049,CHEMBL437890,339488,B,ERBB2,CHEMBL1824,1682057,CHEMBL862521,F,IC50,=,3.5,nM,8.46,CHEMBL1138126,10.1021/jm050936o,16480284,,present,NO,2026-07-23 ChEMBL REST panel; dump rows use STANDARD_OK
EGFR/HER2,EH120_050,CHEMBL5176920,2748151,A,EGFR,CHEMBL203,24907647,CHEMBL5162303,B,IC50,=,1.11,nM,8.96,CHEMBL5154811,10.1021/acs.jmedchem.1c00710,35319895,,present,YES,2026-07-23 ChEMBL REST panel; dump rows use STANDARD_OK
EGFR/HER2,EH120_050,CHEMBL5176920,2748151,B,ERBB2,CHEMBL1824,24907626,CHEMBL5162302,B,IC50,=,1.06,nM,8.97,CHEMBL5154811,10.1021/acs.jmedchem.1c00710,35319895,,present,YES,2026-07-23 ChEMBL REST panel; dump rows use STANDARD_OK
EGFR/HER2,EH120_051,CHEMBL54091,79688,A,EGFR,CHEMBL203,878345,CHEMBL674018,B,IC50,=,0.72,nM,9.14,CHEMBL1132213,10.1021/jm9806603,10346932,,present,YES,2026-07-23 ChEMBL REST panel; dump rows use STANDARD_OK
EGFR/HER2,EH120_051,CHEMBL54091,79688,A,EGFR,CHEMBL203,878346,CHEMBL674017,B,IC50,=,2.1,nM,8.68,CHEMBL1132213,10.1021/jm9806603,10346932,,present,NO,2026-07-23 ChEMBL REST panel; dump rows use STANDARD_OK
EGFR/HER2,EH120_051,CHEMBL54091,79688,B,ERBB2,CHEMBL1824,878347,CHEMBL673949,B,IC50,=,1.1,nM,8.96,CHEMBL1132213,10.1021/jm9806603,10346932,,present,YES,2026-07-23 ChEMBL REST panel; dump rows use STANDARD_OK
EGFR/HER2,EH120_052,CHEMBL203661,339245,A,EGFR,CHEMBL203,1681973,CHEMBL862512,B,IC50,=,1.3,nM,8.89,CHEMBL1138126,10.1021/jm050936o,16480284,,present,YES,2026-07-23 ChEMBL REST panel; dump rows use STANDARD_OK
EGFR/HER2,EH120_052,CHEMBL203661,339245,A,EGFR,CHEMBL203,1682039,CHEMBL862515,F,IC50,=,1.8,nM,8.74,CHEMBL1138126,10.1021/jm050936o,16480284,,present,NO,2026-07-23 ChEMBL REST panel; dump rows use STANDARD_OK
EGFR/HER2,EH120_052,CHEMBL203661,339245,B,ERBB2,CHEMBL1824,1681995,CHEMBL862513,B,IC50,=,0.8,nM,9.1,CHEMBL1138126,10.1021/jm050936o,16480284,,present,YES,2026-07-23 ChEMBL REST panel; dump rows use STANDARD_OK
EGFR/HER2,EH120_052,CHEMBL203661,339245,B,ERBB2,CHEMBL1824,1682061,CHEMBL862521,F,IC50,=,5,nM,8.3,CHEMBL1138126,10.1021/jm050936o,16480284,,present,NO,2026-07-23 ChEMBL REST panel; dump rows use STANDARD_OK
EGFR/HER2,EH120_053,CHEMBL4075917,2215828,A,EGFR,CHEMBL203,18085951,CHEMBL4018631,B,IC50,=,8.1,nM,8.09,CHEMBL4017490,10.1021/acs.jmedchem.7b00076,28714692,,present,NO,2026-07-23 ChEMBL REST panel; dump rows use STANDARD_OK
EGFR/HER2,EH120_053,CHEMBL4075917,2215828,A,EGFR,CHEMBL203,18085955,CHEMBL4018632,B,IC50,=,1.3,nM,8.89,CHEMBL4017490,10.1021/acs.jmedchem.7b00076,28714692,,present,YES,2026-07-23 ChEMBL REST panel; dump rows use STANDARD_OK
EGFR/HER2,EH120_053,CHEMBL4075917,2215828,B,ERBB2,CHEMBL1824,18085996,CHEMBL4018643,B,IC50,=,1,nM,9,CHEMBL4017490,10.1021/acs.jmedchem.7b00076,28714692,,present,YES,2026-07-23 ChEMBL REST panel; dump rows use STANDARD_OK
EGFR/HER2,EH120_054,CHEMBL29197,39672,A,EGFR,CHEMBL203,187807,CHEMBL677389,B,IC50,=,0.025,nM,10.6,CHEMBL1130030,10.1021/jm960789h,9154973,,present,YES,2026-07-23 ChEMBL REST panel; dump rows use STANDARD_OK
EGFR/HER2,EH120_054,CHEMBL29197,39672,A,EGFR,CHEMBL203,357628,CHEMBL680028,B,IC50,=,70,nM,7.16,CHEMBL1145020,10.1021/jm020241c,12502359,,present,NO,2026-07-23 ChEMBL REST panel; dump rows use STANDARD_OK
EGFR/HER2,EH120_054,CHEMBL29197,39672,A,EGFR,CHEMBL203,395224,CHEMBL679944,B,IC50,=,0.025,nM,10.6,CHEMBL1132555,10.1021/jm9903949,10639288,,present,YES,2026-07-23 ChEMBL REST panel; dump rows use STANDARD_OK
EGFR/HER2,EH120_054,CHEMBL29197,39672,A,EGFR,CHEMBL203,412761,CHEMBL621024,F,IC50,=,4,nM,8.4,CHEMBL1152084,10.1016/S0960-894X(97)10117-2,,,present,NO,2026-07-23 ChEMBL REST panel; dump rows use STANDARD_OK
EGFR/HER2,EH120_054,CHEMBL29197,39672,A,EGFR,CHEMBL203,894024,CHEMBL677204,B,IC50,=,0.029,nM,10.54,CHEMBL1128536,10.1021/jm00018a008,7658435,,present,NO,2026-07-23 ChEMBL REST panel; dump rows use STANDARD_OK
EGFR/HER2,EH120_054,CHEMBL29197,39672,A,EGFR,CHEMBL203,1021310,CHEMBL680017,B,IC50,=,0.025,nM,10.6,CHEMBL1129291,10.1021/jm9503613,8568816,,present,YES,2026-07-23 ChEMBL REST panel; dump rows use STANDARD_OK
EGFR/HER2,EH120_054,CHEMBL29197,39672,A,EGFR,CHEMBL203,1049630,CHEMBL679548,B,IC50,=,0.025,nM,10.6,CHEMBL1129035,10.1021/jm950692f,8632415,,present,YES,2026-07-23 ChEMBL REST panel; dump rows use STANDARD_OK
EGFR/HER2,EH120_054,CHEMBL29197,39672,A,EGFR,CHEMBL203,1102402,CHEMBL680021,B,IC50,=,0.029,nM,10.54,CHEMBL1129564,10.1021/jm9508651,8627606,,present,NO,2026-07-23 ChEMBL REST panel; dump rows use STANDARD_OK
EGFR/HER2,EH120_054,CHEMBL29197,39672,A,EGFR,CHEMBL203,1102403,CHEMBL676150,B,IC50,=,0.029,nM,10.54,CHEMBL1129564,10.1021/jm9508651,8627606,,present,NO,2026-07-23 ChEMBL REST panel; dump rows use STANDARD_OK
EGFR/HER2,EH120_054,CHEMBL29197,39672,A,EGFR,CHEMBL203,1179482,CHEMBL677832,B,IC50,=,6,nM,8.22,CHEMBL1130217,10.1021/jm970124v,9357527,,present,NO,2026-07-23 ChEMBL REST panel; dump rows use STANDARD_OK
EGFR/HER2,EH120_054,CHEMBL29197,39672,A,EGFR,CHEMBL203,1179488,CHEMBL621022,F,IC50,=,30,nM,7.52,CHEMBL1130217,10.1021/jm970124v,9357527,,present,NO,2026-07-23 ChEMBL REST panel; dump rows use STANDARD_OK
EGFR/HER2,EH120_054,CHEMBL29197,39672,A,EGFR,CHEMBL203,1306877,CHEMBL677880,B,IC50,=,4,nM,8.4,CHEMBL1129072,10.1021/jm960118j,8691423,,present,NO,2026-07-23 ChEMBL REST panel; dump rows use STANDARD_OK
EGFR/HER2,EH120_054,CHEMBL29197,39672,A,EGFR,CHEMBL203,1777396,CHEMBL908277,B,IC50,=,28,nM,7.55,CHEMBL1137325,10.1021/jm0608762,17154492,,present,NO,2026-07-23 ChEMBL REST panel; dump rows use STANDARD_OK
EGFR/HER2,EH120_054,CHEMBL29197,39672,A,EGFR,CHEMBL203,1943183,CHEMBL892951,B,IC50,=,2.6,nM,8.59,CHEMBL1147965,10.1016/j.bmc.2007.03.055,17416531,,present,NO,2026-07-23 ChEMBL REST panel; dump rows use STANDARD_OK
EGFR/HER2,EH120_054,CHEMBL29197,39672,A,EGFR,CHEMBL203,2137367,CHEMBL940057,B,IC50,=,0.025,nM,10.6,CHEMBL1145498,10.1073/pnas.0708800104,18077363,,present,YES,2026-07-23 ChEMBL REST panel; dump rows use STANDARD_OK
EGFR/HER2,EH120_054,CHEMBL29197,39672,A,EGFR,CHEMBL203,2339022,CHEMBL957461,B,IC50,=,200,nM,6.7,CHEMBL1150356,10.1016/j.bmc.2008.04.019,18467105,,present,NO,2026-07-23 ChEMBL REST panel; dump rows use STANDARD_OK
EGFR/HER2,EH120_054,CHEMBL29197,39672,A,EGFR,CHEMBL203,2573374,CHEMBL984786,B,IC50,=,5.3,nM,8.28,CHEMBL1155111,10.1021/jm701575k,18588282,,present,NO,2026-07-23 ChEMBL REST panel; dump rows use STANDARD_OK
EGFR/HER2,EH120_054,CHEMBL29197,39672,A,EGFR,CHEMBL203,2612356,CHEMBL1016812,B,IC50,=,0.025,nM,10.6,CHEMBL1152829,10.1016/j.ejmech.2008.01.009,18313807,,present,YES,2026-07-23 ChEMBL REST panel; dump rows use STANDARD_OK
EGFR/HER2,EH120_054,CHEMBL29197,39672,A,EGFR,CHEMBL203,3055906,CHEMBL1038898,B,IC50,=,200,nM,6.7,CHEMBL1152608,10.1016/j.bmc.2009.08.044,19748785,,present,NO,2026-07-23 ChEMBL REST panel; dump rows use STANDARD_OK
EGFR/HER2,EH120_054,CHEMBL29197,39672,A,EGFR,CHEMBL203,3242768,CHEMBL1115349,B,IC50,=,230,nM,6.64,CHEMBL1156263,10.1021/jm9011142,20092323,,present,NO,2026-07-23 ChEMBL REST panel; dump rows use STANDARD_OK
EGFR/HER2,EH120_054,CHEMBL29197,39672,A,EGFR,CHEMBL203,3295267,CHEMBL1115598,B,IC50,=,200,nM,6.7,CHEMBL1157122,10.1016/j.bmcl.2010.03.064,20403693,,present,NO,2026-07-23 ChEMBL REST panel; dump rows use STANDARD_OK
EGFR/HER2,EH120_054,CHEMBL29197,39672,A,EGFR,CHEMBL203,3299627,CHEMBL1112818,B,IC50,=,200,nM,6.7,CHEMBL1157126,10.1016/j.bmc.2010.03.052,20403700,,present,NO,2026-07-23 ChEMBL REST panel; dump rows use STANDARD_OK
EGFR/HER2,EH120_054,CHEMBL29197,39672,A,EGFR,CHEMBL203,3468969,CHEMBL1252156,B,IC50,=,230,nM,6.64,CHEMBL1250424,10.1016/j.bmc.2010.05.049,20558072,,present,NO,2026-07-23 ChEMBL REST panel; dump rows use STANDARD_OK
EGFR/HER2,EH120_054,CHEMBL29197,39672,A,EGFR,CHEMBL203,6154009,CHEMBL1763554,B,IC50,=,63,nM,7.2,CHEMBL1759979,10.1016/j.bmcl.2011.01.137,21353546,,present,NO,2026-07-23 ChEMBL REST panel; dump rows use STANDARD_OK
EGFR/HER2,EH120_054,CHEMBL29197,39672,A,EGFR,CHEMBL203,6261354,CHEMBL1798351,B,IC50,=,70.79,nM,7.15,CHEMBL1795334,10.1016/j.ejmech.2007.06.006,17689836,,present,NO,2026-07-23 ChEMBL REST panel; dump rows use STANDARD_OK
EGFR/HER2,EH120_054,CHEMBL29197,39672,A,EGFR,CHEMBL203,7968514,CHEMBL1932339,B,IC50,=,230,nM,6.64,CHEMBL1926631,10.1016/j.bmc.2011.11.058,22204741,,present,NO,2026-07-23 ChEMBL REST panel; dump rows use STANDARD_OK
EGFR/HER2,EH120_054,CHEMBL29197,39672,A,EGFR,CHEMBL203,8058341,CHEMBL1959286,B,IC50,=,200,nM,6.7,CHEMBL1955729,10.1016/j.bmc.2012.01.029,22370340,,present,NO,2026-07-23 ChEMBL REST panel; dump rows use STANDARD_OK
EGFR/HER2,EH120_054,CHEMBL29197,39672,A,EGFR,CHEMBL203,10944955,CHEMBL2050143,B,IC50,=,230,nM,6.64,CHEMBL2046359,10.1016/j.bmc.2012.05.068,22739090,,present,NO,2026-07-23 ChEMBL REST panel; dump rows use STANDARD_OK
EGFR/HER2,EH120_054,CHEMBL29197,39672,A,EGFR,CHEMBL203,12165632,CHEMBL2208630,B,IC50,=,70,nM,7.16,CHEMBL2203023,10.1021/jm1013693,21413808,,present,NO,2026-07-23 ChEMBL REST panel; dump rows use STANDARD_OK
EGFR/HER2,EH120_054,CHEMBL29197,39672,A,EGFR,CHEMBL203,12684826,CHEMBL2344596,B,IC50,=,200,nM,6.7,CHEMBL2331095,10.1016/j.bmc.2013.01.040,23434139,,present,NO,2026-07-23 ChEMBL REST panel; dump rows use STANDARD_OK
EGFR/HER2,EH120_054,CHEMBL29197,39672,A,EGFR,CHEMBL203,12692826,CHEMBL2343569,B,IC50,=,230,nM,6.64,CHEMBL2331499,10.1016/j.bmc.2012.12.045,23375090,,present,NO,2026-07-23 ChEMBL REST panel; dump rows use STANDARD_OK
EGFR/HER2,EH120_054,CHEMBL29197,39672,A,EGFR,CHEMBL203,15698601,CHEMBL3616083,B,IC50,=,0.029,nM,10.54,CHEMBL3611967,10.1016/j.ejmech.2015.07.030,26256032,,present,NO,2026-07-23 ChEMBL REST panel; dump rows use STANDARD_OK
EGFR/HER2,EH120_054,CHEMBL29197,39672,A,EGFR,CHEMBL203,16589236,CHEMBL3807185,B,IC50,=,0.025,nM,10.6,CHEMBL3804755,10.1016/j.bmc.2016.01.003,27234887,,present,YES,2026-07-23 ChEMBL REST panel; dump rows use STANDARD_OK
EGFR/HER2,EH120_054,CHEMBL29197,39672,A,EGFR,CHEMBL203,17786121,CHEMBL3888922,B,IC50,=,230,nM,6.64,CHEMBL3886207,,,US-9422297-B2,present,NO,2026-07-23 ChEMBL REST panel; dump rows use STANDARD_OK
EGFR/HER2,EH120_054,CHEMBL29197,39672,A,EGFR,CHEMBL203,18656117,CHEMBL4231153,B,IC50,=,0.095,nM,10.02,CHEMBL4229346,10.1016/j.ejmech.2018.03.013,29547832,,present,NO,2026-07-23 ChEMBL REST panel; dump rows use STANDARD_OK
EGFR/HER2,EH120_054,CHEMBL29197,39672,A,EGFR,CHEMBL203,18997543,CHEMBL4342859,B,IC50,=,0.029,nM,10.54,CHEMBL4342409,10.1016/j.ejmech.2019.03.004,30878832,,present,NO,2026-07-23 ChEMBL REST panel; dump rows use STANDARD_OK
EGFR/HER2,EH120_054,CHEMBL29197,39672,A,EGFR,CHEMBL203,18997549,CHEMBL4342860,B,IC50,=,220,nM,6.66,CHEMBL4342409,10.1016/j.ejmech.2019.03.004,30878832,,present,NO,2026-07-23 ChEMBL REST panel; dump rows use STANDARD_OK
EGFR/HER2,EH120_054,CHEMBL29197,39672,A,EGFR,CHEMBL203,18997550,CHEMBL4342861,B,IC50,=,300,nM,6.52,CHEMBL4342409,10.1016/j.ejmech.2019.03.004,30878832,,present,NO,2026-07-23 ChEMBL REST panel; dump rows use STANDARD_OK
EGFR/HER2,EH120_054,CHEMBL29197,39672,A,EGFR,CHEMBL203,18997551,CHEMBL4342862,B,IC50,=,400,nM,6.4,CHEMBL4342409,10.1016/j.ejmech.2019.03.004,30878832,,present,NO,2026-07-23 ChEMBL REST panel; dump rows use STANDARD_OK
EGFR/HER2,EH120_054,CHEMBL29197,39672,A,EGFR,CHEMBL203,18997552,CHEMBL4342863,B,IC50,=,680,nM,6.17,CHEMBL4342409,10.1016/j.ejmech.2019.03.004,30878832,,present,NO,2026-07-23 ChEMBL REST panel; dump rows use STANDARD_OK
EGFR/HER2,EH120_054,CHEMBL29197,39672,A,EGFR,CHEMBL203,18997553,CHEMBL4342864,B,IC50,=,950,nM,6.02,CHEMBL4342409,10.1016/j.ejmech.2019.03.004,30878832,,present,NO,2026-07-23 ChEMBL REST panel; dump rows use STANDARD_OK
EGFR/HER2,EH120_054,CHEMBL29197,39672,A,EGFR,CHEMBL203,28342904,CHEMBL5736803,B,IC50,=,230,nM,6.64,CHEMBL5728460,,,US-11001595-B2,present,NO,2026-07-23 ChEMBL REST panel; dump rows use STANDARD_OK
EGFR/HER2,EH120_054,CHEMBL29197,39672,A,EGFR,CHEMBL203,28502471,CHEMBL5737330,B,IC50,=,230,nM,6.64,CHEMBL5728723,,,US-11111252-B2,present,NO,2026-07-23 ChEMBL REST panel; dump rows use STANDARD_OK
EGFR/HER2,EH120_054,CHEMBL29197,39672,A,EGFR,CHEMBL203,29122413,CHEMBL6092691,B,IC50,=,0.16,nM,9.8,CHEMBL6092145,10.1016/j.bmc.2024.117902,39236467,,present,NO,2026-07-23 ChEMBL REST panel; dump rows use STANDARD_OK
EGFR/HER2,EH120_054,CHEMBL29197,39672,A,EGFR,CHEMBL203,29313803,CHEMBL6184543,B,IC50,=,0.025,nM,10.6,CHEMBL6182879,10.1016/j.bmcl.2025.130214,40164393,,present,YES,2026-07-23 ChEMBL REST panel; dump rows use STANDARD_OK
EGFR/HER2,EH120_054,CHEMBL29197,39672,B,ERBB2,CHEMBL1824,18656506,CHEMBL4231214,B,IC50,=,5400,nM,5.27,CHEMBL4229349,10.1016/j.ejmech.2018.02.080,29549836,,present,YES,2026-07-23 ChEMBL REST panel; dump rows use STANDARD_OK
EGFR/HER2,EH120_055,CHEMBL93464,150353,A,EGFR,CHEMBL203,120874,CHEMBL673925,B,IC50,=,0.55,nM,9.26,CHEMBL1134843,10.1021/jm000372i,11462982,,present,YES,2026-07-23 ChEMBL REST panel; dump rows use STANDARD_OK
EGFR/HER2,EH120_055,CHEMBL93464,150353,A,EGFR,CHEMBL203,120875,CHEMBL677216,B,IC50,=,8.7,nM,8.06,CHEMBL1134843,10.1021/jm000372i,11462982,,present,NO,2026-07-23 ChEMBL REST panel; dump rows use STANDARD_OK
EGFR/HER2,EH120_055,CHEMBL93464,150353,A,EGFR,CHEMBL203,1050902,CHEMBL680018,B,IC50,=,236,nM,6.63,CHEMBL1134561,10.1021/jm0005555,11495584,,present,NO,2026-07-23 ChEMBL REST panel; dump rows use STANDARD_OK
EGFR/HER2,EH120_055,CHEMBL93464,150353,B,ERBB2,CHEMBL1824,1050903,CHEMBL676070,B,IC50,=,91325,nM,4.04,CHEMBL1134561,10.1021/jm0005555,11495584,,present,YES,2026-07-23 ChEMBL REST panel; dump rows use STANDARD_OK
EGFR/HER2,EH120_056,CHEMBL4078431,2218342,A,EGFR,CHEMBL203,17956904,CHEMBL3993803,B,IC50,=,0.3,nM,9.52,CHEMBL3992535,10.1016/j.ejmech.2016.12.055,28092860,,present,YES,2026-07-23 ChEMBL REST panel; dump rows use STANDARD_OK
EGFR/HER2,EH120_056,CHEMBL4078431,2218342,B,ERBB2,CHEMBL1824,17956922,CHEMBL3993804,B,IC50,=,6000,nM,5.22,CHEMBL3992535,10.1016/j.ejmech.2016.12.055,28092860,,present,YES,2026-07-23 ChEMBL REST panel; dump rows use STANDARD_OK
EGFR/HER2,EH120_057,CHEMBL53753,80973,A,EGFR,CHEMBL203,144690,CHEMBL680031,F,IC50,=,15,nM,7.82,CHEMBL1130057,10.1021/jm960879m,9191958,,present,NO,2026-07-23 ChEMBL REST panel; dump rows use STANDARD_OK
EGFR/HER2,EH120_057,CHEMBL53753,80973,A,EGFR,CHEMBL203,725651,CHEMBL621853,F,IC50,=,13,nM,7.89,CHEMBL1131301,10.1021/jm970641d,9513602,,present,YES,2026-07-23 ChEMBL REST panel; dump rows use STANDARD_OK
EGFR/HER2,EH120_057,CHEMBL53753,80973,A,EGFR,CHEMBL203,725652,CHEMBL621852,F,IC50,=,13000,nM,4.89,CHEMBL1131301,10.1021/jm970641d,9513602,,present,NO,2026-07-23 ChEMBL REST panel; dump rows use STANDARD_OK
EGFR/HER2,EH120_057,CHEMBL53753,80973,A,EGFR,CHEMBL203,1084598,CHEMBL677215,B,IC50,=,15,nM,7.82,CHEMBL1129564,10.1021/jm9508651,8627606,,present,NO,2026-07-23 ChEMBL REST panel; dump rows use STANDARD_OK
EGFR/HER2,EH120_057,CHEMBL53753,80973,B,ERBB2,CHEMBL1824,725653,CHEMBL713290,F,IC50,=,52000,nM,4.28,CHEMBL1131301,10.1021/jm970641d,9513602,,present,YES,2026-07-23 ChEMBL REST panel; dump rows use STANDARD_OK
EGFR/HER2,EH120_058,CHEMBL3357643,1821793,A,EGFR,CHEMBL203,15112220,CHEMBL3385195,B,IC50,=,59.8,nM,7.22,CHEMBL3351667,10.1021/jm5014659,25409491,,present,NO,2026-07-23 ChEMBL REST panel; dump rows use STANDARD_OK
EGFR/HER2,EH120_058,CHEMBL3357643,1821793,A,EGFR,CHEMBL203,15112243,CHEMBL3385194,B,IC50,=,0.53,nM,9.28,CHEMBL3351667,10.1021/jm5014659,25409491,,present,YES,2026-07-23 ChEMBL REST panel; dump rows use STANDARD_OK
EGFR/HER2,EH120_058,CHEMBL3357643,1821793,B,ERBB2,CHEMBL1824,15112205,CHEMBL3385196,B,IC50,=,1536,nM,5.81,CHEMBL3351667,10.1021/jm5014659,25409491,,present,YES,2026-07-23 ChEMBL REST panel; dump rows use STANDARD_OK
EGFR/HER2,EH120_060,CHEMBL24828,33576,A,EGFR,CHEMBL203,318309,CHEMBL677388,B,IC50,=,200,nM,6.7,CHEMBL1135889,10.1021/jm011022e,11881999,,present,NO,2026-07-23 ChEMBL REST panel; dump rows use STANDARD_OK
EGFR/HER2,EH120_060,CHEMBL24828,33576,A,EGFR,CHEMBL203,318311,CHEMBL691873,F,IC50,=,100,nM,7,CHEMBL1135889,10.1021/jm011022e,11881999,,present,NO,2026-07-23 ChEMBL REST panel; dump rows use STANDARD_OK
EGFR/HER2,EH120_060,CHEMBL24828,33576,A,EGFR,CHEMBL203,1175323,CHEMBL677883,B,IC50,=,16,nM,7.8,CHEMBL1135689,10.1021/jm020899q,12477352,,present,NO,2026-07-23 ChEMBL REST panel; dump rows use STANDARD_OK
EGFR/HER2,EH120_060,CHEMBL24828,33576,A,EGFR,CHEMBL203,1175338,CHEMBL677882,B,IC50,=,500,nM,6.3,CHEMBL1135689,10.1021/jm020899q,12477352,,present,NO,2026-07-23 ChEMBL REST panel; dump rows use STANDARD_OK
EGFR/HER2,EH120_060,CHEMBL24828,33576,A,EGFR,CHEMBL203,1651531,CHEMBL859867,B,Kd,=,17,nM,7.77,CHEMBL1144455,10.1038/nbt1068,15711537,,present,NO,2026-07-23 ChEMBL REST panel; dump rows use STANDARD_OK
EGFR/HER2,EH120_060,CHEMBL24828,33576,A,EGFR,CHEMBL203,1943180,CHEMBL892951,B,IC50,=,112.4,nM,6.95,CHEMBL1147965,10.1016/j.bmc.2007.03.055,17416531,,present,NO,2026-07-23 ChEMBL REST panel; dump rows use STANDARD_OK
EGFR/HER2,EH120_060,CHEMBL24828,33576,A,EGFR,CHEMBL203,2898694,CHEMBL1060182,B,Kd,=,9.5,nM,8.02,CHEMBL1150977,10.1038/nbt1358,18183025,,present,NO,2026-07-23 ChEMBL REST panel; dump rows use STANDARD_OK
EGFR/HER2,EH120_060,CHEMBL24828,33576,A,EGFR,CHEMBL203,2898732,CHEMBL1061143,B,Kd,=,4.8,nM,8.32,CHEMBL1150977,10.1038/nbt1358,18183025,,present,YES,2026-07-23 ChEMBL REST panel; dump rows use STANDARD_OK
EGFR/HER2,EH120_060,CHEMBL24828,33576,A,EGFR,CHEMBL203,2898770,CHEMBL1061068,B,Kd,=,9.6,nM,8.02,CHEMBL1150977,10.1038/nbt1358,18183025,,present,NO,2026-07-23 ChEMBL REST panel; dump rows use STANDARD_OK
EGFR/HER2,EH120_060,CHEMBL24828,33576,A,EGFR,CHEMBL203,2898808,CHEMBL1060190,B,Kd,=,5.9,nM,8.23,CHEMBL1150977,10.1038/nbt1358,18183025,,present,NO,2026-07-23 ChEMBL REST panel; dump rows use STANDARD_OK
EGFR/HER2,EH120_060,CHEMBL24828,33576,A,EGFR,CHEMBL203,2898846,CHEMBL1063796,B,Kd,=,12,nM,7.92,CHEMBL1150977,10.1038/nbt1358,18183025,,present,NO,2026-07-23 ChEMBL REST panel; dump rows use STANDARD_OK
EGFR/HER2,EH120_060,CHEMBL24828,33576,A,EGFR,CHEMBL203,2898884,CHEMBL1063797,B,Kd,=,7.9,nM,8.1,CHEMBL1150977,10.1038/nbt1358,18183025,,present,NO,2026-07-23 ChEMBL REST panel; dump rows use STANDARD_OK
EGFR/HER2,EH120_060,CHEMBL24828,33576,A,EGFR,CHEMBL203,2898922,CHEMBL1051285,B,Kd,=,8.9,nM,8.05,CHEMBL1150977,10.1038/nbt1358,18183025,,present,NO,2026-07-23 ChEMBL REST panel; dump rows use STANDARD_OK
EGFR/HER2,EH120_060,CHEMBL24828,33576,A,EGFR,CHEMBL203,2904706,CHEMBL1062839,B,Kd,=,8.7,nM,8.06,CHEMBL1150977,10.1038/nbt1358,18183025,,present,NO,2026-07-23 ChEMBL REST panel; dump rows use STANDARD_OK
EGFR/HER2,EH120_060,CHEMBL24828,33576,A,EGFR,CHEMBL203,2904744,CHEMBL1051286,B,Kd,=,11,nM,7.96,CHEMBL1150977,10.1038/nbt1358,18183025,,present,NO,2026-07-23 ChEMBL REST panel; dump rows use STANDARD_OK
EGFR/HER2,EH120_060,CHEMBL24828,33576,A,EGFR,CHEMBL203,2904782,CHEMBL1050839,B,Kd,=,12,nM,7.92,CHEMBL1150977,10.1038/nbt1358,18183025,,present,NO,2026-07-23 ChEMBL REST panel; dump rows use STANDARD_OK
EGFR/HER2,EH120_060,CHEMBL24828,33576,A,EGFR,CHEMBL203,6153994,CHEMBL1763554,B,IC50,=,800,nM,6.1,CHEMBL1759979,10.1016/j.bmcl.2011.01.137,21353546,,present,NO,2026-07-23 ChEMBL REST panel; dump rows use STANDARD_OK
EGFR/HER2,EH120_060,CHEMBL24828,33576,A,EGFR,CHEMBL203,6154008,CHEMBL1763553,B,IC50,=,500,nM,6.3,CHEMBL1759979,10.1016/j.bmcl.2011.01.137,21353546,,present,NO,2026-07-23 ChEMBL REST panel; dump rows use STANDARD_OK
EGFR/HER2,EH120_060,CHEMBL24828,33576,A,EGFR,CHEMBL203,7580570,CHEMBL1908693,B,Kd,=,9.5,nM,8.02,CHEMBL1908390,10.1038/nbt.1990,22037378,,present,NO,2026-07-23 ChEMBL REST panel; dump rows use STANDARD_OK
EGFR/HER2,EH120_060,CHEMBL24828,33576,A,EGFR,CHEMBL203,7580571,CHEMBL1908694,B,Kd,=,4.8,nM,8.32,CHEMBL1908390,10.1038/nbt.1990,22037378,,present,YES,2026-07-23 ChEMBL REST panel; dump rows use STANDARD_OK
EGFR/HER2,EH120_060,CHEMBL24828,33576,A,EGFR,CHEMBL203,7580572,CHEMBL1908695,B,Kd,=,9.6,nM,8.02,CHEMBL1908390,10.1038/nbt.1990,22037378,,present,NO,2026-07-23 ChEMBL REST panel; dump rows use STANDARD_OK
EGFR/HER2,EH120_060,CHEMBL24828,33576,A,EGFR,CHEMBL203,7580573,CHEMBL1908696,B,Kd,=,5.9,nM,8.23,CHEMBL1908390,10.1038/nbt.1990,22037378,,present,NO,2026-07-23 ChEMBL REST panel; dump rows use STANDARD_OK
EGFR/HER2,EH120_060,CHEMBL24828,33576,A,EGFR,CHEMBL203,7580574,CHEMBL1908697,B,Kd,=,12,nM,7.92,CHEMBL1908390,10.1038/nbt.1990,22037378,,present,NO,2026-07-23 ChEMBL REST panel; dump rows use STANDARD_OK
EGFR/HER2,EH120_060,CHEMBL24828,33576,A,EGFR,CHEMBL203,7580575,CHEMBL1908698,B,Kd,=,7.9,nM,8.1,CHEMBL1908390,10.1038/nbt.1990,22037378,,present,NO,2026-07-23 ChEMBL REST panel; dump rows use STANDARD_OK
EGFR/HER2,EH120_060,CHEMBL24828,33576,A,EGFR,CHEMBL203,7580576,CHEMBL1908699,B,Kd,=,8.9,nM,8.05,CHEMBL1908390,10.1038/nbt.1990,22037378,,present,NO,2026-07-23 ChEMBL REST panel; dump rows use STANDARD_OK
EGFR/HER2,EH120_060,CHEMBL24828,33576,A,EGFR,CHEMBL203,7580577,CHEMBL1908700,B,Kd,=,8.7,nM,8.06,CHEMBL1908390,10.1038/nbt.1990,22037378,,present,NO,2026-07-23 ChEMBL REST panel; dump rows use STANDARD_OK
EGFR/HER2,EH120_060,CHEMBL24828,33576,A,EGFR,CHEMBL203,7580578,CHEMBL1908701,B,Kd,=,230,nM,6.64,CHEMBL1908390,10.1038/nbt.1990,22037378,,present,NO,2026-07-23 ChEMBL REST panel; dump rows use STANDARD_OK
EGFR/HER2,EH120_060,CHEMBL24828,33576,A,EGFR,CHEMBL203,7580579,CHEMBL1908702,B,Kd,=,11,nM,7.96,CHEMBL1908390,10.1038/nbt.1990,22037378,,present,NO,2026-07-23 ChEMBL REST panel; dump rows use STANDARD_OK
EGFR/HER2,EH120_060,CHEMBL24828,33576,A,EGFR,CHEMBL203,7580580,CHEMBL1908703,B,Kd,=,12,nM,7.92,CHEMBL1908390,10.1038/nbt.1990,22037378,,present,NO,2026-07-23 ChEMBL REST panel; dump rows use STANDARD_OK
EGFR/HER2,EH120_060,CHEMBL24828,33576,A,EGFR,CHEMBL203,7580581,CHEMBL1908704,B,Kd,=,100,nM,7,CHEMBL1908390,10.1038/nbt.1990,22037378,,present,NO,2026-07-23 ChEMBL REST panel; dump rows use STANDARD_OK
EGFR/HER2,EH120_060,CHEMBL24828,33576,A,EGFR,CHEMBL203,14547466,CHEMBL3226103,B,IC50,=,800,nM,6.1,CHEMBL3217416,10.1039/C0MD00183J,,,present,NO,2026-07-23 ChEMBL REST panel; dump rows use STANDARD_OK
EGFR/HER2,EH120_060,CHEMBL24828,33576,A,EGFR,CHEMBL203,14549720,CHEMBL3226105,B,IC50,=,500,nM,6.3,CHEMBL3217416,10.1039/C0MD00183J,,,present,NO,2026-07-23 ChEMBL REST panel; dump rows use STANDARD_OK
EGFR/HER2,EH120_060,CHEMBL24828,33576,A,EGFR,CHEMBL203,14753630,CHEMBL3300694,B,IC50,=,190,nM,6.72,CHEMBL3297684,10.1021/jm500034j,24801610,,present,NO,2026-07-23 ChEMBL REST panel; dump rows use STANDARD_OK
EGFR/HER2,EH120_060,CHEMBL24828,33576,A,EGFR,CHEMBL203,16847198,CHEMBL3877875,B,IC50,=,11,nM,7.96,CHEMBL3877259,10.1016/j.ejmech.2016.09.039,27688180,,present,NO,2026-07-23 ChEMBL REST panel; dump rows use STANDARD_OK
EGFR/HER2,EH120_060,CHEMBL24828,33576,A,EGFR,CHEMBL203,17898305,CHEMBL3991696,B,Kd,=,3741,nM,5.43,CHEMBL3991601,10.1126/science.aan4368,29191878,,present,NO,2026-07-23 ChEMBL REST panel; dump rows use STANDARD_OK
EGFR/HER2,EH120_060,CHEMBL24828,33576,A,EGFR,CHEMBL203,18856469,CHEMBL4307584,B,IC50,=,500,nM,6.3,CHEMBL4304802,10.1016/j.bmc.2019.06.001,31488358,,present,NO,2026-07-23 ChEMBL REST panel; dump rows use STANDARD_OK
EGFR/HER2,EH120_060,CHEMBL24828,33576,A,EGFR,CHEMBL203,18997580,CHEMBL4342887,B,IC50,=,500,nM,6.3,CHEMBL4342409,10.1016/j.ejmech.2019.03.004,30878832,,present,NO,2026-07-23 ChEMBL REST panel; dump rows use STANDARD_OK
EGFR/HER2,EH120_060,CHEMBL24828,33576,A,EGFR,CHEMBL203,19073792,CHEMBL4362208,B,IC50,=,19.76,nM,7.7,CHEMBL4359867,10.1016/j.ejmech.2019.07.055,31387063,,present,NO,2026-07-23 ChEMBL REST panel; dump rows use STANDARD_OK
EGFR/HER2,EH120_060,CHEMBL24828,33576,A,EGFR,CHEMBL203,19181906,CHEMBL4387504,B,IC50,=,580,nM,6.24,CHEMBL4385653,10.1016/j.bmc.2019.07.007,31327679,,present,NO,2026-07-23 ChEMBL REST panel; dump rows use STANDARD_OK
EGFR/HER2,EH120_060,CHEMBL24828,33576,A,EGFR,CHEMBL203,19218710,CHEMBL4394506,B,Kd,=,9.5,nM,8.02,CHEMBL4393671,10.1021/acs.jmedchem.9b00350,30973735,,present,NO,2026-07-23 ChEMBL REST panel; dump rows use STANDARD_OK
EGFR/HER2,EH120_060,CHEMBL24828,33576,A,EGFR,CHEMBL203,19236796,CHEMBL4398796,B,IC50,=,369.2,nM,6.43,CHEMBL4396901,10.1021/acsmedchemlett.8b00564,31223440,,present,NO,2026-07-23 ChEMBL REST panel; dump rows use STANDARD_OK
EGFR/HER2,EH120_060,CHEMBL24828,33576,A,EGFR,CHEMBL203,23172272,CHEMBL4814657,B,IC50,=,850,nM,6.07,CHEMBL4813920,10.1016/j.ejmech.2020.112994,33234343,,present,NO,2026-07-23 ChEMBL REST panel; dump rows use STANDARD_OK
EGFR/HER2,EH120_060,CHEMBL24828,33576,A,EGFR,CHEMBL203,23289742,CHEMBL4839231,B,IC50,=,500,nM,6.3,CHEMBL4837240,10.1021/acs.jmedchem.1c00678,34351741,,present,NO,2026-07-23 ChEMBL REST panel; dump rows use STANDARD_OK
EGFR/HER2,EH120_060,CHEMBL24828,33576,A,EGFR,CHEMBL203,24833326,CHEMBL5143769,B,IC50,=,369.2,nM,6.43,CHEMBL5143505,10.1021/acs.jmedchem.1c00876,34323489,,present,NO,2026-07-23 ChEMBL REST panel; dump rows use STANDARD_OK
EGFR/HER2,EH120_060,CHEMBL24828,33576,A,EGFR,CHEMBL203,24862052,CHEMBL5150426,B,IC50,=,500,nM,6.3,CHEMBL5149968,10.1016/j.ejmech.2021.113218,33540357,,present,NO,2026-07-23 ChEMBL REST panel; dump rows use STANDARD_OK
EGFR/HER2,EH120_060,CHEMBL24828,33576,A,EGFR,CHEMBL203,25059902,CHEMBL5250194,B,IC50,=,369,nM,6.43,CHEMBL5247618,10.1016/j.ejmech.2022.114856,36279692,,present,NO,2026-07-23 ChEMBL REST panel; dump rows use STANDARD_OK
EGFR/HER2,EH120_060,CHEMBL24828,33576,A,EGFR,CHEMBL203,26150875,CHEMBL5626128,B,IC50,=,30,nM,7.52,CHEMBL5625175,10.1016/j.ejmech.2023.115626,37453330,,present,NO,2026-07-23 ChEMBL REST panel; dump rows use STANDARD_OK
EGFR/HER2,EH120_060,CHEMBL24828,33576,A,EGFR,CHEMBL203,26150896,CHEMBL5626143,B,IC50,=,500,nM,6.3,CHEMBL5625175,10.1016/j.ejmech.2023.115626,37453330,,present,NO,2026-07-23 ChEMBL REST panel; dump rows use STANDARD_OK
EGFR/HER2,EH120_060,CHEMBL24828,33576,A,EGFR,CHEMBL203,26329395,CHEMBL5719179,B,IC50,=,10000,nM,5,CHEMBL5715952,10.18632/oncotarget.4214,26254279,,present,NO,2026-07-23 ChEMBL REST panel; dump rows use STANDARD_OK
EGFR/HER2,EH120_060,CHEMBL24828,33576,A,EGFR,CHEMBL203,29065572,CHEMBL6074937,B,IC50,=,500,nM,6.3,CHEMBL6074624,10.1016/j.bmc.2024.117870,39128361,,present,NO,2026-07-23 ChEMBL REST panel; dump rows use STANDARD_OK
EGFR/HER2,EH120_060,CHEMBL24828,33576,B,ERBB2,CHEMBL1824,2906065,CHEMBL1061896,B,Kd,=,2600,nM,5.58,CHEMBL1150977,10.1038/nbt1358,18183025,,present,YES,2026-07-23 ChEMBL REST panel; dump rows use STANDARD_OK
EGFR/HER2,EH120_060,CHEMBL24828,33576,B,ERBB2,CHEMBL1824,7578450,CHEMBL1908501,B,Kd,=,2600,nM,5.58,CHEMBL1908390,10.1038/nbt.1990,22037378,,present,YES,2026-07-23 ChEMBL REST panel; dump rows use STANDARD_OK
EGFR/HER2,EH120_061,CHEMBL4280835,2320286,A,EGFR,CHEMBL203,18787526,CHEMBL4272061,B,IC50,=,47.1,nM,7.33,CHEMBL4270530,10.1016/j.ejmech.2018.06.011,29902719,,present,YES,2026-07-23 ChEMBL REST panel; dump rows use STANDARD_OK
EGFR/HER2,EH120_061,CHEMBL4280835,2320286,B,ERBB2,CHEMBL1824,18787532,CHEMBL4272062,B,IC50,=,19200,nM,4.72,CHEMBL4270530,10.1016/j.ejmech.2018.06.011,29902719,,present,YES,2026-07-23 ChEMBL REST panel; dump rows use STANDARD_OK
EGFR/HER2,EH120_062,CHEMBL4286733,2326181,A,EGFR,CHEMBL203,18787527,CHEMBL4272061,B,IC50,=,112,nM,6.95,CHEMBL4270530,10.1016/j.ejmech.2018.06.011,29902719,,present,YES,2026-07-23 ChEMBL REST panel; dump rows use STANDARD_OK
EGFR/HER2,EH120_062,CHEMBL4286733,2326181,B,ERBB2,CHEMBL1824,18787533,CHEMBL4272062,B,IC50,=,37100,nM,4.43,CHEMBL4270530,10.1016/j.ejmech.2018.06.011,29902719,,present,YES,2026-07-23 ChEMBL REST panel; dump rows use STANDARD_OK
EGFR/HER2,EH120_063,CHEMBL3929002,2138373,A,EGFR,CHEMBL203,16906042,CHEMBL3883067,B,IC50,=,50,nM,7.3,CHEMBL3882729,,,US-20090318373-A1,present,YES,2026-07-23 ChEMBL REST panel; dump rows use STANDARD_OK
EGFR/HER2,EH120_063,CHEMBL3929002,2138373,B,ERBB2,CHEMBL1824,27365405,CHEMBL5732896,B,IC50,=,10500,nM,4.98,CHEMBL5726547,,,US-9796704-B2,present,YES,2026-07-23 ChEMBL REST panel; dump rows use STANDARD_OK
EGFR/HER2,EH120_064,CHEMBL5270270,2789972,A,EGFR,CHEMBL203,25073465,CHEMBL5253687,B,IC50,=,44,nM,7.36,CHEMBL5252533,10.1021/acs.jmedchem.6b00438,27559828,,present,YES,2026-07-23 ChEMBL REST panel; dump rows use STANDARD_OK
EGFR/HER2,EH120_064,CHEMBL5270270,2789972,B,ERBB2,CHEMBL1824,25073466,CHEMBL5253688,B,IC50,=,8730,nM,5.06,CHEMBL5252533,10.1021/acs.jmedchem.6b00438,27559828,,present,YES,2026-07-23 ChEMBL REST panel; dump rows use STANDARD_OK
EGFR/HER2,EH120_065,CHEMBL281300,43103,A,EGFR,CHEMBL203,368911,CHEMBL680028,B,IC50,=,590,nM,6.23,CHEMBL1145020,10.1021/jm020241c,12502359,,present,NO,2026-07-23 ChEMBL REST panel; dump rows use STANDARD_OK
EGFR/HER2,EH120_065,CHEMBL281300,43103,A,EGFR,CHEMBL203,570012,CHEMBL677385,B,IC50,=,9.7,nM,8.01,CHEMBL1147619,10.1016/j.bmcl.2004.01.034,15006373,,present,YES,2026-07-23 ChEMBL REST panel; dump rows use STANDARD_OK
EGFR/HER2,EH120_065,CHEMBL281300,43103,A,EGFR,CHEMBL203,570013,CHEMBL677384,B,IC50,=,86.9,nM,7.06,CHEMBL1147619,10.1016/j.bmcl.2004.01.034,15006373,,present,NO,2026-07-23 ChEMBL REST panel; dump rows use STANDARD_OK
EGFR/HER2,EH120_065,CHEMBL281300,43103,A,EGFR,CHEMBL203,1061428,CHEMBL680027,F,IC50,=,590,nM,6.23,CHEMBL1147456,10.1016/j.bmcl.2004.04.080,15177440,,present,NO,2026-07-23 ChEMBL REST panel; dump rows use STANDARD_OK
EGFR/HER2,EH120_065,CHEMBL281300,43103,A,EGFR,CHEMBL203,6261383,CHEMBL1798351,B,IC50,=,588.84,nM,6.23,CHEMBL1795334,10.1016/j.ejmech.2007.06.006,17689836,,present,NO,2026-07-23 ChEMBL REST panel; dump rows use STANDARD_OK
EGFR/HER2,EH120_065,CHEMBL281300,43103,A,EGFR,CHEMBL203,15698612,CHEMBL3616083,B,IC50,=,590,nM,6.23,CHEMBL3611967,10.1016/j.ejmech.2015.07.030,26256032,,present,NO,2026-07-23 ChEMBL REST panel; dump rows use STANDARD_OK
EGFR/HER2,EH120_065,CHEMBL281300,43103,B,ERBB2,CHEMBL1824,368912,CHEMBL769139,B,IC50,=,1630,nM,5.79,CHEMBL1145020,10.1021/jm020241c,12502359,,present,YES,2026-07-23 ChEMBL REST panel; dump rows use STANDARD_OK
EGFR/HER2,EH120_066,CHEMBL288441,62111,A,EGFR,CHEMBL203,3446243,CHEMBL1244583,B,IC50,=,491,nM,6.31,CHEMBL1240341,10.1038/leu.2008.334,19039322,,present,NO,2026-07-23 ChEMBL REST panel; dump rows use STANDARD_OK
EGFR/HER2,EH120_066,CHEMBL288441,62111,A,EGFR,CHEMBL203,3446274,CHEMBL1244582,B,IC50,=,53,nM,7.28,CHEMBL1240341,10.1038/leu.2008.334,19039322,,present,NO,2026-07-23 ChEMBL REST panel; dump rows use STANDARD_OK
EGFR/HER2,EH120_066,CHEMBL288441,62111,A,EGFR,CHEMBL203,7594690,CHEMBL1908693,B,Kd,=,35,nM,7.46,CHEMBL1908390,10.1038/nbt.1990,22037378,,present,NO,2026-07-23 ChEMBL REST panel; dump rows use STANDARD_OK
EGFR/HER2,EH120_066,CHEMBL288441,62111,A,EGFR,CHEMBL203,7594691,CHEMBL1908694,B,Kd,=,18,nM,7.75,CHEMBL1908390,10.1038/nbt.1990,22037378,,present,YES,2026-07-23 ChEMBL REST panel; dump rows use STANDARD_OK
EGFR/HER2,EH120_066,CHEMBL288441,62111,A,EGFR,CHEMBL203,7594692,CHEMBL1908695,B,Kd,=,98,nM,7.01,CHEMBL1908390,10.1038/nbt.1990,22037378,,present,NO,2026-07-23 ChEMBL REST panel; dump rows use STANDARD_OK
EGFR/HER2,EH120_066,CHEMBL288441,62111,A,EGFR,CHEMBL203,7594693,CHEMBL1908696,B,Kd,=,26,nM,7.58,CHEMBL1908390,10.1038/nbt.1990,22037378,,present,NO,2026-07-23 ChEMBL REST panel; dump rows use STANDARD_OK
EGFR/HER2,EH120_066,CHEMBL288441,62111,A,EGFR,CHEMBL203,7594694,CHEMBL1908697,B,Kd,=,29,nM,7.54,CHEMBL1908390,10.1038/nbt.1990,22037378,,present,NO,2026-07-23 ChEMBL REST panel; dump rows use STANDARD_OK
EGFR/HER2,EH120_066,CHEMBL288441,62111,A,EGFR,CHEMBL203,7594695,CHEMBL1908698,B,Kd,=,38,nM,7.42,CHEMBL1908390,10.1038/nbt.1990,22037378,,present,NO,2026-07-23 ChEMBL REST panel; dump rows use STANDARD_OK
EGFR/HER2,EH120_066,CHEMBL288441,62111,A,EGFR,CHEMBL203,7594696,CHEMBL1908699,B,Kd,=,30,nM,7.52,CHEMBL1908390,10.1038/nbt.1990,22037378,,present,NO,2026-07-23 ChEMBL REST panel; dump rows use STANDARD_OK
EGFR/HER2,EH120_066,CHEMBL288441,62111,A,EGFR,CHEMBL203,7594697,CHEMBL1908700,B,Kd,=,23,nM,7.64,CHEMBL1908390,10.1038/nbt.1990,22037378,,present,NO,2026-07-23 ChEMBL REST panel; dump rows use STANDARD_OK
EGFR/HER2,EH120_066,CHEMBL288441,62111,A,EGFR,CHEMBL203,7594698,CHEMBL1908701,B,Kd,=,390,nM,6.41,CHEMBL1908390,10.1038/nbt.1990,22037378,,present,NO,2026-07-23 ChEMBL REST panel; dump rows use STANDARD_OK
EGFR/HER2,EH120_066,CHEMBL288441,62111,A,EGFR,CHEMBL203,7594699,CHEMBL1908702,B,Kd,=,71,nM,7.15,CHEMBL1908390,10.1038/nbt.1990,22037378,,present,NO,2026-07-23 ChEMBL REST panel; dump rows use STANDARD_OK
EGFR/HER2,EH120_066,CHEMBL288441,62111,A,EGFR,CHEMBL203,7594700,CHEMBL1908703,B,Kd,=,110,nM,6.96,CHEMBL1908390,10.1038/nbt.1990,22037378,,present,NO,2026-07-23 ChEMBL REST panel; dump rows use STANDARD_OK
EGFR/HER2,EH120_066,CHEMBL288441,62111,A,EGFR,CHEMBL203,7594701,CHEMBL1908704,B,Kd,=,340,nM,6.47,CHEMBL1908390,10.1038/nbt.1990,22037378,,present,NO,2026-07-23 ChEMBL REST panel; dump rows use STANDARD_OK
EGFR/HER2,EH120_066,CHEMBL288441,62111,A,EGFR,CHEMBL203,19218712,CHEMBL4394506,B,Kd,=,35,nM,7.46,CHEMBL4393671,10.1021/acs.jmedchem.9b00350,30973735,,present,NO,2026-07-23 ChEMBL REST panel; dump rows use STANDARD_OK
EGFR/HER2,EH120_066,CHEMBL288441,62111,B,ERBB2,CHEMBL1824,381363,CHEMBL674539,F,IC50,=,2600,nM,5.58,CHEMBL1134270,10.1021/jm0102250,11689083,,present,NO,2026-07-23 ChEMBL REST panel; dump rows use STANDARD_OK
EGFR/HER2,EH120_066,CHEMBL288441,62111,B,ERBB2,CHEMBL1824,7592957,CHEMBL1908501,B,Kd,=,2500,nM,5.6,CHEMBL1908390,10.1038/nbt.1990,22037378,,present,YES,2026-07-23 ChEMBL REST panel; dump rows use STANDARD_OK
EGFR/HER2,EH120_067,CHEMBL56543,87221,A,EGFR,CHEMBL203,291229,CHEMBL688553,F,IC50,=,7000,nM,5.16,CHEMBL1134331,10.1021/jm0000214,11462969,,present,NO,2026-07-23 ChEMBL REST panel; dump rows use STANDARD_OK
EGFR/HER2,EH120_067,CHEMBL56543,87221,A,EGFR,CHEMBL203,341378,CHEMBL676067,B,IC50,=,501.19,nM,6.3,CHEMBL1136802,10.1021/jm030065n,14561085,,present,NO,2026-07-23 ChEMBL REST panel; dump rows use STANDARD_OK
EGFR/HER2,EH120_067,CHEMBL56543,87221,A,EGFR,CHEMBL203,692413,CHEMBL674104,B,IC50,=,100,nM,7,CHEMBL1132364,10.1021/jm990199u,10464027,,present,YES,2026-07-23 ChEMBL REST panel; dump rows use STANDARD_OK
EGFR/HER2,EH120_067,CHEMBL56543,87221,A,EGFR,CHEMBL203,1144133,CHEMBL763200,B,IC50,=,2000,nM,5.7,CHEMBL1125266,10.1021/jm00110a022,1676428,,present,NO,2026-07-23 ChEMBL REST panel; dump rows use STANDARD_OK
EGFR/HER2,EH120_067,CHEMBL56543,87221,A,EGFR,CHEMBL203,1144134,CHEMBL676152,B,IC50,=,100,nM,7,CHEMBL1125266,10.1021/jm00110a022,1676428,,present,YES,2026-07-23 ChEMBL REST panel; dump rows use STANDARD_OK
EGFR/HER2,EH120_067,CHEMBL56543,87221,A,EGFR,CHEMBL203,1144136,CHEMBL700784,F,IC50,=,3500,nM,5.46,CHEMBL1125266,10.1021/jm00110a022,1676428,,present,NO,2026-07-23 ChEMBL REST panel; dump rows use STANDARD_OK
EGFR/HER2,EH120_067,CHEMBL56543,87221,A,EGFR,CHEMBL203,2137202,CHEMBL921076,B,IC50,=,100,nM,7,CHEMBL1145498,10.1073/pnas.0708800104,18077363,,present,YES,2026-07-23 ChEMBL REST panel; dump rows use STANDARD_OK
EGFR/HER2,EH120_067,CHEMBL56543,87221,A,EGFR,CHEMBL203,2202730,CHEMBL941404,B,IC50,=,2000,nM,5.7,CHEMBL1150213,10.1021/np50089a001,1479375,,present,NO,2026-07-23 ChEMBL REST panel; dump rows use STANDARD_OK
EGFR/HER2,EH120_067,CHEMBL56543,87221,B,ERBB2,CHEMBL1824,341379,CHEMBL769140,B,IC50,=,13489.63,nM,4.87,CHEMBL1136802,10.1021/jm030065n,14561085,,present,YES,2026-07-23 ChEMBL REST panel; dump rows use STANDARD_OK
EGFR/HER2,EH120_067,CHEMBL56543,87221,B,ERBB2,CHEMBL1824,692414,CHEMBL673956,B,IC50,=,13500,nM,4.87,CHEMBL1132364,10.1021/jm990199u,10464027,,present,YES,2026-07-23 ChEMBL REST panel; dump rows use STANDARD_OK
EGFR/HER2,EH120_067,CHEMBL56543,87221,B,ERBB2,CHEMBL1824,1144135,CHEMBL673948,B,IC50,=,13500,nM,4.87,CHEMBL1125266,10.1021/jm00110a022,1676428,,present,YES,2026-07-23 ChEMBL REST panel; dump rows use STANDARD_OK
EGFR/HER2,EH120_068,CHEMBL4061382,2201293,A,EGFR,CHEMBL203,17956909,CHEMBL3993803,B,IC50,=,26,nM,7.58,CHEMBL3992535,10.1016/j.ejmech.2016.12.055,28092860,,present,YES,2026-07-23 ChEMBL REST panel; dump rows use STANDARD_OK
EGFR/HER2,EH120_068,CHEMBL4061382,2201293,B,ERBB2,CHEMBL1824,17956927,CHEMBL3993804,B,IC50,=,3200,nM,5.5,CHEMBL3992535,10.1016/j.ejmech.2016.12.055,28092860,,present,YES,2026-07-23 ChEMBL REST panel; dump rows use STANDARD_OK
EGFR/HER2,EH120_069,CHEMBL30973,43141,A,EGFR,CHEMBL203,362975,CHEMBL680028,B,IC50,=,310,nM,6.51,CHEMBL1145020,10.1021/jm020241c,12502359,,present,NO,2026-07-23 ChEMBL REST panel; dump rows use STANDARD_OK
EGFR/HER2,EH120_069,CHEMBL30973,43141,A,EGFR,CHEMBL203,572507,CHEMBL677385,B,IC50,=,37.2,nM,7.43,CHEMBL1147619,10.1016/j.bmcl.2004.01.034,15006373,,present,YES,2026-07-23 ChEMBL REST panel; dump rows use STANDARD_OK
EGFR/HER2,EH120_069,CHEMBL30973,43141,A,EGFR,CHEMBL203,572508,CHEMBL677384,B,IC50,=,122.9,nM,6.91,CHEMBL1147619,10.1016/j.bmcl.2004.01.034,15006373,,present,NO,2026-07-23 ChEMBL REST panel; dump rows use STANDARD_OK
EGFR/HER2,EH120_069,CHEMBL30973,43141,A,EGFR,CHEMBL203,1027001,CHEMBL680027,F,IC50,=,310,nM,6.51,CHEMBL1147456,10.1016/j.bmcl.2004.04.080,15177440,,present,NO,2026-07-23 ChEMBL REST panel; dump rows use STANDARD_OK
EGFR/HER2,EH120_069,CHEMBL30973,43141,A,EGFR,CHEMBL203,6261367,CHEMBL1798351,B,IC50,=,309.03,nM,6.51,CHEMBL1795334,10.1016/j.ejmech.2007.06.006,17689836,,present,NO,2026-07-23 ChEMBL REST panel; dump rows use STANDARD_OK
EGFR/HER2,EH120_069,CHEMBL30973,43141,A,EGFR,CHEMBL203,15698611,CHEMBL3616083,B,IC50,=,310,nM,6.51,CHEMBL3611967,10.1016/j.ejmech.2015.07.030,26256032,,present,NO,2026-07-23 ChEMBL REST panel; dump rows use STANDARD_OK
EGFR/HER2,EH120_069,CHEMBL30973,43141,B,ERBB2,CHEMBL1824,362976,CHEMBL769139,B,IC50,=,4160,nM,5.38,CHEMBL1145020,10.1021/jm020241c,12502359,,present,YES,2026-07-23 ChEMBL REST panel; dump rows use STANDARD_OK
EGFR/HER2,EH120_070,CHEMBL55979,87805,A,EGFR,CHEMBL203,332153,CHEMBL676067,B,IC50,=,2511.89,nM,5.6,CHEMBL1136802,10.1021/jm030065n,14561085,,present,NO,2026-07-23 ChEMBL REST panel; dump rows use STANDARD_OK
EGFR/HER2,EH120_070,CHEMBL55979,87805,A,EGFR,CHEMBL203,1145373,CHEMBL763200,B,IC50,=,400,nM,6.4,CHEMBL1125266,10.1021/jm00110a022,1676428,,present,YES,2026-07-23 ChEMBL REST panel; dump rows use STANDARD_OK
EGFR/HER2,EH120_070,CHEMBL55979,87805,A,EGFR,CHEMBL203,1145374,CHEMBL676152,B,IC50,=,2500,nM,5.6,CHEMBL1125266,10.1021/jm00110a022,1676428,,present,NO,2026-07-23 ChEMBL REST panel; dump rows use STANDARD_OK
EGFR/HER2,EH120_070,CHEMBL55979,87805,A,EGFR,CHEMBL203,1145376,CHEMBL701406,F,IC50,=,3500,nM,5.46,CHEMBL1125266,10.1021/jm00110a022,1676428,,present,NO,2026-07-23 ChEMBL REST panel; dump rows use STANDARD_OK
EGFR/HER2,EH120_070,CHEMBL55979,87805,A,EGFR,CHEMBL203,1158226,CHEMBL763200,B,IC50,=,860,nM,6.07,CHEMBL1125266,10.1021/jm00110a022,1676428,,present,NO,2026-07-23 ChEMBL REST panel; dump rows use STANDARD_OK
EGFR/HER2,EH120_070,CHEMBL55979,87805,B,ERBB2,CHEMBL1824,332154,CHEMBL769140,B,IC50,=,37153.52,nM,4.43,CHEMBL1136802,10.1021/jm030065n,14561085,,present,YES,2026-07-23 ChEMBL REST panel; dump rows use STANDARD_OK
EGFR/HER2,EH120_070,CHEMBL55979,87805,B,ERBB2,CHEMBL1824,1145375,CHEMBL673948,B,IC50,=,37000,nM,4.43,CHEMBL1125266,10.1021/jm00110a022,1676428,,present,YES,2026-07-23 ChEMBL REST panel; dump rows use STANDARD_OK
EGFR/HER2,EH120_071,CHEMBL3647967,1980741,A,EGFR,CHEMBL203,17720017,CHEMBL3887533,B,IC50,=,20.6,nM,7.69,CHEMBL3886356,,,US-9181263-B2,present,YES,2026-07-23 ChEMBL REST panel; dump rows use STANDARD_OK
EGFR/HER2,EH120_071,CHEMBL3647967,1980741,A,EGFR,CHEMBL203,17720086,CHEMBL3887533,B,IC50,=,20.6,nM,7.69,CHEMBL3886356,,,US-9181263-B2,present,YES,2026-07-23 ChEMBL REST panel; dump rows use STANDARD_OK
EGFR/HER2,EH120_071,CHEMBL3647967,1980741,A,EGFR,CHEMBL203,17758440,CHEMBL3888240,B,IC50,=,20.6,nM,7.69,CHEMBL3886627,,,US-9278100-B2,present,YES,2026-07-23 ChEMBL REST panel; dump rows use STANDARD_OK
EGFR/HER2,EH120_071,CHEMBL3647967,1980741,A,EGFR,CHEMBL203,17758509,CHEMBL3888240,B,IC50,=,20.6,nM,7.69,CHEMBL3886627,,,US-9278100-B2,present,YES,2026-07-23 ChEMBL REST panel; dump rows use STANDARD_OK
EGFR/HER2,EH120_071,CHEMBL3647967,1980741,B,ERBB2,CHEMBL1824,17720018,CHEMBL3887534,B,IC50,=,1536,nM,5.81,CHEMBL3886356,,,US-9181263-B2,present,YES,2026-07-23 ChEMBL REST panel; dump rows use STANDARD_OK
EGFR/HER2,EH120_072,CHEMBL4278886,2318337,A,EGFR,CHEMBL203,18787523,CHEMBL4272061,B,IC50,=,21.4,nM,7.67,CHEMBL4270530,10.1016/j.ejmech.2018.06.011,29902719,,present,YES,2026-07-23 ChEMBL REST panel; dump rows use STANDARD_OK
EGFR/HER2,EH120_072,CHEMBL4278886,2318337,B,ERBB2,CHEMBL1824,18787529,CHEMBL4272062,B,IC50,=,1500,nM,5.82,CHEMBL4270530,10.1016/j.ejmech.2018.06.011,29902719,,present,YES,2026-07-23 ChEMBL REST panel; dump rows use STANDARD_OK
EGFR/HER2,EH120_073,CHEMBL3114689,1617660,A,EGFR,CHEMBL203,13924659,CHEMBL3118714,B,IC50,=,16,nM,7.8,CHEMBL3112407,10.1016/j.bmcl.2013.12.079,24411123,,present,YES,2026-07-23 ChEMBL REST panel; dump rows use STANDARD_OK
EGFR/HER2,EH120_073,CHEMBL3114689,1617660,A,EGFR,CHEMBL203,13924677,CHEMBL3118715,B,IC50,=,780,nM,6.11,CHEMBL3112407,10.1016/j.bmcl.2013.12.079,24411123,,present,NO,2026-07-23 ChEMBL REST panel; dump rows use STANDARD_OK
EGFR/HER2,EH120_073,CHEMBL3114689,1617660,B,ERBB2,CHEMBL1824,13924649,CHEMBL3118713,B,IC50,=,1110,nM,5.96,CHEMBL3112407,10.1016/j.bmcl.2013.12.079,24411123,,present,YES,2026-07-23 ChEMBL REST panel; dump rows use STANDARD_OK
EGFR/HER2,EH120_074,CHEMBL205652,345445,A,EGFR,CHEMBL203,1710034,CHEMBL861550,B,IC50,=,320,nM,6.5,CHEMBL1147004,10.1016/j.bmcl.2006.01.111,16483772,,present,YES,2026-07-23 ChEMBL REST panel; dump rows use STANDARD_OK
EGFR/HER2,EH120_074,CHEMBL205652,345445,A,EGFR,CHEMBL203,5243231,CHEMBL1686143,B,IC50,=,920,nM,6.04,CHEMBL1681756,10.1016/j.bmcl.2011.01.119,21334203,,present,NO,2026-07-23 ChEMBL REST panel; dump rows use STANDARD_OK
EGFR/HER2,EH120_074,CHEMBL205652,345445,B,ERBB2,CHEMBL1824,1710060,CHEMBL861551,B,IC50,=,21000,nM,4.68,CHEMBL1147004,10.1016/j.bmcl.2006.01.111,16483772,,present,YES,2026-07-23 ChEMBL REST panel; dump rows use STANDARD_OK
EGFR/HER2,EH120_074,CHEMBL205652,345445,B,ERBB2,CHEMBL1824,5243232,CHEMBL1686142,B,IC50,=,25000,nM,4.6,CHEMBL1681756,10.1016/j.bmcl.2011.01.119,21334203,,present,NO,2026-07-23 ChEMBL REST panel; dump rows use STANDARD_OK
EGFR/HER2,EH120_075,CHEMBL372112,327040,A,EGFR,CHEMBL203,1601102,CHEMBL881943,B,IC50,=,50,nM,7.3,CHEMBL1140398,10.1016/j.bmcl.2005.07.027,16111887,,present,YES,2026-07-23 ChEMBL REST panel; dump rows use STANDARD_OK
EGFR/HER2,EH120_075,CHEMBL372112,327040,B,ERBB2,CHEMBL1824,1601101,CHEMBL880259,B,IC50,=,3300,nM,5.48,CHEMBL1140398,10.1016/j.bmcl.2005.07.027,16111887,,present,YES,2026-07-23 ChEMBL REST panel; dump rows use STANDARD_OK
EGFR/HER2,EH120_076,CHEMBL56731,88123,A,EGFR,CHEMBL203,306531,CHEMBL676067,B,IC50,=,1258.93,nM,5.9,CHEMBL1136802,10.1021/jm030065n,14561085,,present,NO,2026-07-23 ChEMBL REST panel; dump rows use STANDARD_OK
EGFR/HER2,EH120_076,CHEMBL56731,88123,A,EGFR,CHEMBL203,691253,CHEMBL674104,B,IC50,=,1250,nM,5.9,CHEMBL1132364,10.1021/jm990199u,10464027,,present,NO,2026-07-23 ChEMBL REST panel; dump rows use STANDARD_OK
EGFR/HER2,EH120_076,CHEMBL56731,88123,A,EGFR,CHEMBL203,1151705,CHEMBL763200,B,IC50,=,700,nM,6.16,CHEMBL1125266,10.1021/jm00110a022,1676428,,present,YES,2026-07-23 ChEMBL REST panel; dump rows use STANDARD_OK
EGFR/HER2,EH120_076,CHEMBL56731,88123,A,EGFR,CHEMBL203,1151706,CHEMBL676152,B,IC50,=,1250,nM,5.9,CHEMBL1125266,10.1021/jm00110a022,1676428,,present,NO,2026-07-23 ChEMBL REST panel; dump rows use STANDARD_OK
EGFR/HER2,EH120_076,CHEMBL56731,88123,A,EGFR,CHEMBL203,2202769,CHEMBL941404,B,IC50,=,700,nM,6.16,CHEMBL1150213,10.1021/np50089a001,1479375,,present,YES,2026-07-23 ChEMBL REST panel; dump rows use STANDARD_OK
EGFR/HER2,EH120_076,CHEMBL56731,88123,B,ERBB2,CHEMBL1824,306532,CHEMBL769140,B,IC50,=,41686.94,nM,4.38,CHEMBL1136802,10.1021/jm030065n,14561085,,present,YES,2026-07-23 ChEMBL REST panel; dump rows use STANDARD_OK
EGFR/HER2,EH120_076,CHEMBL56731,88123,B,ERBB2,CHEMBL1824,691254,CHEMBL673956,B,IC50,=,42000,nM,4.38,CHEMBL1132364,10.1021/jm990199u,10464027,,present,YES,2026-07-23 ChEMBL REST panel; dump rows use STANDARD_OK
EGFR/HER2,EH120_076,CHEMBL56731,88123,B,ERBB2,CHEMBL1824,1151707,CHEMBL673948,B,IC50,=,42000,nM,4.38,CHEMBL1125266,10.1021/jm00110a022,1676428,,present,YES,2026-07-23 ChEMBL REST panel; dump rows use STANDARD_OK
EGFR/HER2,EH120_077,CHEMBL10,250,A,EGFR,CHEMBL203,468916,CHEMBL672267,B,IC50,=,96000,nM,4.02,CHEMBL1132637,10.1021/jm9805236,10377223,,present,NO,2026-07-23 ChEMBL REST panel; dump rows use STANDARD_OK
EGFR/HER2,EH120_077,CHEMBL10,250,A,EGFR,CHEMBL203,1651524,CHEMBL859867,B,Kd,=,2900,nM,5.54,CHEMBL1144455,10.1038/nbt1068,15711537,,present,NO,2026-07-23 ChEMBL REST panel; dump rows use STANDARD_OK
EGFR/HER2,EH120_077,CHEMBL10,250,A,EGFR,CHEMBL203,2898686,CHEMBL1060182,B,Kd,=,1700,nM,5.77,CHEMBL1150977,10.1038/nbt1358,18183025,,present,NO,2026-07-23 ChEMBL REST panel; dump rows use STANDARD_OK
EGFR/HER2,EH120_077,CHEMBL10,250,A,EGFR,CHEMBL203,2898724,CHEMBL1061143,B,Kd,=,340,nM,6.47,CHEMBL1150977,10.1038/nbt1358,18183025,,present,YES,2026-07-23 ChEMBL REST panel; dump rows use STANDARD_OK
EGFR/HER2,EH120_077,CHEMBL10,250,A,EGFR,CHEMBL203,2898762,CHEMBL1061068,B,Kd,=,710,nM,6.15,CHEMBL1150977,10.1038/nbt1358,18183025,,present,NO,2026-07-23 ChEMBL REST panel; dump rows use STANDARD_OK
EGFR/HER2,EH120_077,CHEMBL10,250,A,EGFR,CHEMBL203,2898800,CHEMBL1060190,B,Kd,=,1300,nM,5.89,CHEMBL1150977,10.1038/nbt1358,18183025,,present,NO,2026-07-23 ChEMBL REST panel; dump rows use STANDARD_OK
EGFR/HER2,EH120_077,CHEMBL10,250,A,EGFR,CHEMBL203,2898838,CHEMBL1063796,B,Kd,=,1700,nM,5.77,CHEMBL1150977,10.1038/nbt1358,18183025,,present,NO,2026-07-23 ChEMBL REST panel; dump rows use STANDARD_OK
EGFR/HER2,EH120_077,CHEMBL10,250,A,EGFR,CHEMBL203,2898876,CHEMBL1063797,B,Kd,=,1600,nM,5.8,CHEMBL1150977,10.1038/nbt1358,18183025,,present,NO,2026-07-23 ChEMBL REST panel; dump rows use STANDARD_OK
EGFR/HER2,EH120_077,CHEMBL10,250,A,EGFR,CHEMBL203,2898914,CHEMBL1051285,B,Kd,=,1500,nM,5.82,CHEMBL1150977,10.1038/nbt1358,18183025,,present,NO,2026-07-23 ChEMBL REST panel; dump rows use STANDARD_OK
EGFR/HER2,EH120_077,CHEMBL10,250,A,EGFR,CHEMBL203,2904698,CHEMBL1062839,B,Kd,=,1900,nM,5.72,CHEMBL1150977,10.1038/nbt1358,18183025,,present,NO,2026-07-23 ChEMBL REST panel; dump rows use STANDARD_OK
EGFR/HER2,EH120_077,CHEMBL10,250,A,EGFR,CHEMBL203,2904736,CHEMBL1051286,B,Kd,=,3200,nM,5.5,CHEMBL1150977,10.1038/nbt1358,18183025,,present,NO,2026-07-23 ChEMBL REST panel; dump rows use STANDARD_OK
EGFR/HER2,EH120_077,CHEMBL10,250,A,EGFR,CHEMBL203,2904774,CHEMBL1050839,B,Kd,=,2000,nM,5.7,CHEMBL1150977,10.1038/nbt1358,18183025,,present,NO,2026-07-23 ChEMBL REST panel; dump rows use STANDARD_OK
EGFR/HER2,EH120_077,CHEMBL10,250,A,EGFR,CHEMBL203,7589189,CHEMBL1908693,B,Kd,=,1700,nM,5.77,CHEMBL1908390,10.1038/nbt.1990,22037378,,present,NO,2026-07-23 ChEMBL REST panel; dump rows use STANDARD_OK
EGFR/HER2,EH120_077,CHEMBL10,250,A,EGFR,CHEMBL203,7589190,CHEMBL1908694,B,Kd,=,340,nM,6.47,CHEMBL1908390,10.1038/nbt.1990,22037378,,present,YES,2026-07-23 ChEMBL REST panel; dump rows use STANDARD_OK
EGFR/HER2,EH120_077,CHEMBL10,250,A,EGFR,CHEMBL203,7589191,CHEMBL1908695,B,Kd,=,710,nM,6.15,CHEMBL1908390,10.1038/nbt.1990,22037378,,present,NO,2026-07-23 ChEMBL REST panel; dump rows use STANDARD_OK
EGFR/HER2,EH120_077,CHEMBL10,250,A,EGFR,CHEMBL203,7589192,CHEMBL1908696,B,Kd,=,1300,nM,5.89,CHEMBL1908390,10.1038/nbt.1990,22037378,,present,NO,2026-07-23 ChEMBL REST panel; dump rows use STANDARD_OK
EGFR/HER2,EH120_077,CHEMBL10,250,A,EGFR,CHEMBL203,7589193,CHEMBL1908697,B,Kd,=,1700,nM,5.77,CHEMBL1908390,10.1038/nbt.1990,22037378,,present,NO,2026-07-23 ChEMBL REST panel; dump rows use STANDARD_OK
EGFR/HER2,EH120_077,CHEMBL10,250,A,EGFR,CHEMBL203,7589194,CHEMBL1908698,B,Kd,=,1600,nM,5.8,CHEMBL1908390,10.1038/nbt.1990,22037378,,present,NO,2026-07-23 ChEMBL REST panel; dump rows use STANDARD_OK
EGFR/HER2,EH120_077,CHEMBL10,250,A,EGFR,CHEMBL203,7589195,CHEMBL1908699,B,Kd,=,1500,nM,5.82,CHEMBL1908390,10.1038/nbt.1990,22037378,,present,NO,2026-07-23 ChEMBL REST panel; dump rows use STANDARD_OK
EGFR/HER2,EH120_077,CHEMBL10,250,A,EGFR,CHEMBL203,7589196,CHEMBL1908700,B,Kd,=,1900,nM,5.72,CHEMBL1908390,10.1038/nbt.1990,22037378,,present,NO,2026-07-23 ChEMBL REST panel; dump rows use STANDARD_OK
EGFR/HER2,EH120_077,CHEMBL10,250,A,EGFR,CHEMBL203,7589197,CHEMBL1908701,B,Kd,=,1300,nM,5.89,CHEMBL1908390,10.1038/nbt.1990,22037378,,present,NO,2026-07-23 ChEMBL REST panel; dump rows use STANDARD_OK
EGFR/HER2,EH120_077,CHEMBL10,250,A,EGFR,CHEMBL203,7589198,CHEMBL1908702,B,Kd,=,3200,nM,5.5,CHEMBL1908390,10.1038/nbt.1990,22037378,,present,NO,2026-07-23 ChEMBL REST panel; dump rows use STANDARD_OK
EGFR/HER2,EH120_077,CHEMBL10,250,A,EGFR,CHEMBL203,7589199,CHEMBL1908703,B,Kd,=,2000,nM,5.7,CHEMBL1908390,10.1038/nbt.1990,22037378,,present,NO,2026-07-23 ChEMBL REST panel; dump rows use STANDARD_OK
EGFR/HER2,EH120_077,CHEMBL10,250,A,EGFR,CHEMBL203,7589200,CHEMBL1908704,B,Kd,=,2500,nM,5.6,CHEMBL1908390,10.1038/nbt.1990,22037378,,present,NO,2026-07-23 ChEMBL REST panel; dump rows use STANDARD_OK
EGFR/HER2,EH120_077,CHEMBL10,250,A,EGFR,CHEMBL203,29098875,CHEMBL6085285,B,IC50,=,10000,nM,5,CHEMBL6083249,10.1016/j.ejmech.2024.116950,39406118,,present,NO,2026-07-23 ChEMBL REST panel; dump rows use STANDARD_OK
EGFR/HER2,EH120_077,CHEMBL10,250,B,ERBB2,CHEMBL1824,7824338,CHEMBL1909205,B,IC50,=,18896,nM,4.72,CHEMBL1909046,,,,missing,YES,2026-07-23 ChEMBL REST panel; dump rows use STANDARD_OK
EGFR/HER2,EH120_078,CHEMBL179633,299031,A,EGFR,CHEMBL203,1415218,CHEMBL873338,F,IC50,=,72,nM,7.14,CHEMBL1142663,10.1021/jm040159c,15715478,,present,YES,2026-07-23 ChEMBL REST panel; dump rows use STANDARD_OK
EGFR/HER2,EH120_078,CHEMBL179633,299031,B,ERBB2,CHEMBL1824,1415217,CHEMBL874202,F,IC50,=,3900,nM,5.41,CHEMBL1142663,10.1021/jm040159c,15715478,,present,YES,2026-07-23 ChEMBL REST panel; dump rows use STANDARD_OK
EGFR/HER2,EH120_079,CHEMBL370934,327039,A,EGFR,CHEMBL203,1601100,CHEMBL881943,B,IC50,=,60,nM,7.22,CHEMBL1140398,10.1016/j.bmcl.2005.07.027,16111887,,present,YES,2026-07-23 ChEMBL REST panel; dump rows use STANDARD_OK
EGFR/HER2,EH120_079,CHEMBL370934,327039,B,ERBB2,CHEMBL1824,1601099,CHEMBL880259,B,IC50,=,3000,nM,5.52,CHEMBL1140398,10.1016/j.bmcl.2005.07.027,16111887,,present,YES,2026-07-23 ChEMBL REST panel; dump rows use STANDARD_OK
EGFR/HER2,EH120_080,CHEMBL1080506,612726,A,EGFR,CHEMBL203,3222532,CHEMBL1116652,B,IC50,=,12650,nM,4.9,CHEMBL1154343,10.1016/j.bmcl.2009.09.038,19815412,,present,NO,2026-07-23 ChEMBL REST panel; dump rows use STANDARD_OK
EGFR/HER2,EH120_080,CHEMBL1080506,612726,A,EGFR,CHEMBL203,3222542,CHEMBL1116653,B,IC50,=,5000,nM,5.3,CHEMBL1154343,10.1016/j.bmcl.2009.09.038,19815412,,present,YES,2026-07-23 ChEMBL REST panel; dump rows use STANDARD_OK
EGFR/HER2,EH120_080,CHEMBL1080506,612726,B,ERBB2,CHEMBL1824,3222522,CHEMBL1116651,B,IC50,=,4,nM,8.4,CHEMBL1154343,10.1016/j.bmcl.2009.09.038,19815412,,present,YES,2026-07-23 ChEMBL REST panel; dump rows use STANDARD_OK
EGFR/HER2,EH120_081,CHEMBL6150652,3302156,A,EGFR,CHEMBL203,29092540,CHEMBL6083488,B,IC50,=,12000,nM,4.92,CHEMBL6083185,10.1016/j.ejmech.2024.116702,39059182,,present,YES,2026-07-23 ChEMBL REST panel; dump rows use STANDARD_OK
EGFR/HER2,EH120_081,CHEMBL6150652,3302156,B,ERBB2,CHEMBL1824,29092539,CHEMBL6083487,B,IC50,=,9.5,nM,8.02,CHEMBL6083185,10.1016/j.ejmech.2024.116702,39059182,,present,YES,2026-07-23 ChEMBL REST panel; dump rows use STANDARD_OK
EGFR/HER2,EH120_082,CHEMBL257478,438001,A,EGFR,CHEMBL203,2093141,CHEMBL930778,B,IC50,=,2000,nM,5.7,CHEMBL1141561,10.1016/j.bmcl.2007.11.052,18061446,,present,YES,2026-07-23 ChEMBL REST panel; dump rows use STANDARD_OK
EGFR/HER2,EH120_082,CHEMBL257478,438001,B,ERBB2,CHEMBL1824,2093117,CHEMBL930659,B,IC50,=,69,nM,7.16,CHEMBL1141561,10.1016/j.bmcl.2007.11.052,18061446,,present,NO,2026-07-23 ChEMBL REST panel; dump rows use STANDARD_OK
EGFR/HER2,EH120_082,CHEMBL257478,438001,B,ERBB2,CHEMBL1824,2093137,CHEMBL930777,B,IC50,=,2,nM,8.7,CHEMBL1141561,10.1016/j.bmcl.2007.11.052,18061446,,present,YES,2026-07-23 ChEMBL REST panel; dump rows use STANDARD_OK
EGFR/HER2,EH120_083,CHEMBL6006814,3223815,A,EGFR,CHEMBL203,28170560,CHEMBL5735981,B,IC50,=,5132,nM,5.29,CHEMBL5728076,,,US-10822334-B2,present,YES,2026-07-23 ChEMBL REST panel; dump rows use STANDARD_OK
EGFR/HER2,EH120_083,CHEMBL6006814,3223815,B,ERBB2,CHEMBL1824,28170557,CHEMBL5735980,B,IC50,=,10.3,nM,7.99,CHEMBL5728076,,,US-10822334-B2,present,YES,2026-07-23 ChEMBL REST panel; dump rows use STANDARD_OK
EGFR/HER2,EH120_084,CHEMBL6133515,3291807,A,EGFR,CHEMBL203,29092565,CHEMBL6083496,B,IC50,=,2200,nM,5.66,CHEMBL6083185,10.1016/j.ejmech.2024.116702,39059182,,present,YES,2026-07-23 ChEMBL REST panel; dump rows use STANDARD_OK
EGFR/HER2,EH120_084,CHEMBL6133515,3291807,B,ERBB2,CHEMBL1824,29092554,CHEMBL6083494,B,IC50,=,5.8,nM,8.24,CHEMBL6083185,10.1016/j.ejmech.2024.116702,39059182,,present,YES,2026-07-23 ChEMBL REST panel; dump rows use STANDARD_OK
EGFR/HER2,EH120_085,CHEMBL1257998,707004,A,EGFR,CHEMBL203,3505085,CHEMBL1260610,B,IC50,=,2300,nM,5.64,CHEMBL1255185,10.1016/j.bmcl.2010.08.052,20817523,,present,YES,2026-07-23 ChEMBL REST panel; dump rows use STANDARD_OK
EGFR/HER2,EH120_085,CHEMBL1257998,707004,B,ERBB2,CHEMBL1824,3505004,CHEMBL1261098,B,IC50,=,7.5,nM,8.12,CHEMBL1255185,10.1016/j.bmcl.2010.08.052,20817523,,present,YES,2026-07-23 ChEMBL REST panel; dump rows use STANDARD_OK
EGFR/HER2,EH120_085,CHEMBL1257998,707004,B,ERBB2,CHEMBL1824,3505080,CHEMBL1260611,B,IC50,=,340,nM,6.47,CHEMBL1255185,10.1016/j.bmcl.2010.08.052,20817523,,present,NO,2026-07-23 ChEMBL REST panel; dump rows use STANDARD_OK
EGFR/HER2,EH120_086,CHEMBL5890920,3107921,A,EGFR,CHEMBL203,28170449,CHEMBL5735981,B,IC50,=,1801,nM,5.74,CHEMBL5728076,,,US-10822334-B2,present,YES,2026-07-23 ChEMBL REST panel; dump rows use STANDARD_OK
EGFR/HER2,EH120_086,CHEMBL5890920,3107921,B,ERBB2,CHEMBL1824,28170446,CHEMBL5735980,B,IC50,=,6.92,nM,8.16,CHEMBL5728076,,,US-10822334-B2,present,YES,2026-07-23 ChEMBL REST panel; dump rows use STANDARD_OK
EGFR/HER2,EH120_087,CHEMBL5797736,3014737,A,EGFR,CHEMBL203,28170530,CHEMBL5735981,B,IC50,=,2918,nM,5.54,CHEMBL5728076,,,US-10822334-B2,present,YES,2026-07-23 ChEMBL REST panel; dump rows use STANDARD_OK
EGFR/HER2,EH120_087,CHEMBL5797736,3014737,B,ERBB2,CHEMBL1824,28170527,CHEMBL5735980,B,IC50,=,11.6,nM,7.94,CHEMBL5728076,,,US-10822334-B2,present,YES,2026-07-23 ChEMBL REST panel; dump rows use STANDARD_OK
EGFR/HER2,EH120_088,CHEMBL1256432,705419,A,EGFR,CHEMBL203,3505086,CHEMBL1260610,B,IC50,=,2880,nM,5.54,CHEMBL1255185,10.1016/j.bmcl.2010.08.052,20817523,,present,YES,2026-07-23 ChEMBL REST panel; dump rows use STANDARD_OK
EGFR/HER2,EH120_088,CHEMBL1256432,705419,B,ERBB2,CHEMBL1824,3504994,CHEMBL1261098,B,IC50,=,16,nM,7.8,CHEMBL1255185,10.1016/j.bmcl.2010.08.052,20817523,,present,YES,2026-07-23 ChEMBL REST panel; dump rows use STANDARD_OK
EGFR/HER2,EH120_088,CHEMBL1256432,705419,B,ERBB2,CHEMBL1824,3505081,CHEMBL1260611,B,IC50,=,362,nM,6.44,CHEMBL1255185,10.1016/j.bmcl.2010.08.052,20817523,,present,NO,2026-07-23 ChEMBL REST panel; dump rows use STANDARD_OK
EGFR/HER2,EH120_089,CHEMBL1087368,612627,A,EGFR,CHEMBL203,3222529,CHEMBL1116652,B,IC50,=,1160,nM,5.94,CHEMBL1154343,10.1016/j.bmcl.2009.09.038,19815412,,present,YES,2026-07-23 ChEMBL REST panel; dump rows use STANDARD_OK
EGFR/HER2,EH120_089,CHEMBL1087368,612627,A,EGFR,CHEMBL203,3222539,CHEMBL1116653,B,IC50,=,1280,nM,5.89,CHEMBL1154343,10.1016/j.bmcl.2009.09.038,19815412,,present,NO,2026-07-23 ChEMBL REST panel; dump rows use STANDARD_OK
EGFR/HER2,EH120_089,CHEMBL1087368,612627,B,ERBB2,CHEMBL1824,3222509,CHEMBL1116650,B,IC50,=,960,nM,6.02,CHEMBL1154343,10.1016/j.bmcl.2009.09.038,19815412,,present,NO,2026-07-23 ChEMBL REST panel; dump rows use STANDARD_OK
EGFR/HER2,EH120_089,CHEMBL1087368,612627,B,ERBB2,CHEMBL1824,3222519,CHEMBL1116651,B,IC50,=,7,nM,8.15,CHEMBL1154343,10.1016/j.bmcl.2009.09.038,19815412,,present,YES,2026-07-23 ChEMBL REST panel; dump rows use STANDARD_OK
EGFR/HER2,EH120_090,CHEMBL403785,413934,A,EGFR,CHEMBL203,2047572,CHEMBL924156,B,IC50,=,2580,nM,5.59,CHEMBL1140495,10.1016/j.bmcl.2007.08.073,17869514,,present,YES,2026-07-23 ChEMBL REST panel; dump rows use STANDARD_OK
EGFR/HER2,EH120_090,CHEMBL403785,413934,B,ERBB2,CHEMBL1824,2047565,CHEMBL924155,B,IC50,=,19,nM,7.72,CHEMBL1140495,10.1016/j.bmcl.2007.08.073,17869514,,present,YES,2026-07-23 ChEMBL REST panel; dump rows use STANDARD_OK
EGFR/HER2,EH120_090,CHEMBL403785,413934,B,ERBB2,CHEMBL1824,2047579,CHEMBL924157,F,IC50,=,131,nM,6.88,CHEMBL1140495,10.1016/j.bmcl.2007.08.073,17869514,,present,NO,2026-07-23 ChEMBL REST panel; dump rows use STANDARD_OK
EGFR/HER2,EH120_091,CHEMBL193578,327619,A,EGFR,CHEMBL203,1603460,CHEMBL881949,B,IC50,=,2400,nM,5.62,CHEMBL1141048,10.1016/j.bmcl.2005.06.068,16055332,,present,YES,2026-07-23 ChEMBL REST panel; dump rows use STANDARD_OK
EGFR/HER2,EH120_091,CHEMBL193578,327619,B,ERBB2,CHEMBL1824,1603459,CHEMBL881955,B,IC50,=,24,nM,7.62,CHEMBL1141048,10.1016/j.bmcl.2005.06.068,16055332,,present,YES,2026-07-23 ChEMBL REST panel; dump rows use STANDARD_OK
EGFR/HER2,EH120_092,CHEMBL5555280,2903489,A,EGFR,CHEMBL203,25870253,CHEMBL5512286,B,IC50,=,4584,nM,5.34,CHEMBL5506072,10.1021/acs.jmedchem.4c00978,38820338,,present,YES,2026-07-23 ChEMBL REST panel; dump rows use STANDARD_OK
EGFR/HER2,EH120_092,CHEMBL5555280,2903489,B,ERBB2,CHEMBL1824,25870185,CHEMBL5512284,B,IC50,=,49,nM,7.31,CHEMBL5506072,10.1021/acs.jmedchem.4c00978,38820338,,present,YES,2026-07-23 ChEMBL REST panel; dump rows use STANDARD_OK
EGFR/HER2,EH120_093,CHEMBL5977568,3194569,A,EGFR,CHEMBL203,28170485,CHEMBL5735981,B,IC50,=,1388,nM,5.86,CHEMBL5728076,,,US-10822334-B2,present,YES,2026-07-23 ChEMBL REST panel; dump rows use STANDARD_OK
EGFR/HER2,EH120_093,CHEMBL5977568,3194569,B,ERBB2,CHEMBL1824,28170482,CHEMBL5735980,B,IC50,=,19.7,nM,7.71,CHEMBL5728076,,,US-10822334-B2,present,YES,2026-07-23 ChEMBL REST panel; dump rows use STANDARD_OK
EGFR/HER2,EH120_094,CHEMBL118109,196156,A,EGFR,CHEMBL203,336077,CHEMBL676067,B,IC50,=,19054.61,nM,4.72,CHEMBL1136802,10.1021/jm030065n,14561085,,present,NO,2026-07-23 ChEMBL REST panel; dump rows use STANDARD_OK
EGFR/HER2,EH120_094,CHEMBL118109,196156,A,EGFR,CHEMBL203,779149,CHEMBL677392,B,IC50,=,18600,nM,4.73,CHEMBL1126897,10.1021/jm00075a010,7902440,,present,YES,2026-07-23 ChEMBL REST panel; dump rows use STANDARD_OK
EGFR/HER2,EH120_094,CHEMBL118109,196156,A,EGFR,CHEMBL203,779150,CHEMBL677393,B,IC50,=,19000,nM,4.72,CHEMBL1126897,10.1021/jm00075a010,7902440,,present,NO,2026-07-23 ChEMBL REST panel; dump rows use STANDARD_OK
EGFR/HER2,EH120_094,CHEMBL118109,196156,A,EGFR,CHEMBL203,779152,CHEMBL689290,F,IC50,=,35000,nM,4.46,CHEMBL1126897,10.1021/jm00075a010,7902440,,present,NO,2026-07-23 ChEMBL REST panel; dump rows use STANDARD_OK
EGFR/HER2,EH120_094,CHEMBL118109,196156,B,ERBB2,CHEMBL1824,336078,CHEMBL769140,B,IC50,=,346.74,nM,6.46,CHEMBL1136802,10.1021/jm030065n,14561085,,present,YES,2026-07-23 ChEMBL REST panel; dump rows use STANDARD_OK
EGFR/HER2,EH120_095,CHEMBL256362,424649,A,EGFR,CHEMBL203,2093140,CHEMBL930778,B,IC50,=,1100,nM,5.96,CHEMBL1141561,10.1016/j.bmcl.2007.11.052,18061446,,present,YES,2026-07-23 ChEMBL REST panel; dump rows use STANDARD_OK
EGFR/HER2,EH120_095,CHEMBL256362,424649,B,ERBB2,CHEMBL1824,2082059,CHEMBL928909,B,IC50,=,23,nM,7.64,CHEMBL1141539,10.1016/j.bmcl.2008.02.035,18313293,,present,YES,2026-07-23 ChEMBL REST panel; dump rows use STANDARD_OK
EGFR/HER2,EH120_095,CHEMBL256362,424649,B,ERBB2,CHEMBL1824,2093115,CHEMBL930659,B,IC50,=,23,nM,7.64,CHEMBL1141561,10.1016/j.bmcl.2007.11.052,18061446,,present,YES,2026-07-23 ChEMBL REST panel; dump rows use STANDARD_OK
EGFR/HER2,EH120_096,CHEMBL5561933,2910142,A,EGFR,CHEMBL203,25870241,CHEMBL5512286,B,IC50,=,2146,nM,5.67,CHEMBL5506072,10.1021/acs.jmedchem.4c00978,38820338,,present,YES,2026-07-23 ChEMBL REST panel; dump rows use STANDARD_OK
EGFR/HER2,EH120_096,CHEMBL5561933,2910142,B,ERBB2,CHEMBL1824,25870173,CHEMBL5512284,B,IC50,=,53,nM,7.28,CHEMBL5506072,10.1021/acs.jmedchem.4c00978,38820338,,present,YES,2026-07-23 ChEMBL REST panel; dump rows use STANDARD_OK
EGFR/HER2,EH120_097,CHEMBL194337,327632,A,EGFR,CHEMBL203,1603496,CHEMBL881949,B,IC50,=,2100,nM,5.68,CHEMBL1141048,10.1016/j.bmcl.2005.06.068,16055332,,present,YES,2026-07-23 ChEMBL REST panel; dump rows use STANDARD_OK
EGFR/HER2,EH120_097,CHEMBL194337,327632,B,ERBB2,CHEMBL1824,1603495,CHEMBL881955,B,IC50,=,70,nM,7.16,CHEMBL1141048,10.1016/j.bmcl.2005.06.068,16055332,,present,YES,2026-07-23 ChEMBL REST panel; dump rows use STANDARD_OK
EGFR/HER2,EH120_098,CHEMBL5557178,2905387,A,EGFR,CHEMBL203,25870240,CHEMBL5512286,B,IC50,=,4645,nM,5.33,CHEMBL5506072,10.1021/acs.jmedchem.4c00978,38820338,,present,YES,2026-07-23 ChEMBL REST panel; dump rows use STANDARD_OK
EGFR/HER2,EH120_098,CHEMBL5557178,2905387,B,ERBB2,CHEMBL1824,25870172,CHEMBL5512284,B,IC50,=,160,nM,6.8,CHEMBL5506072,10.1021/acs.jmedchem.4c00978,38820338,,present,YES,2026-07-23 ChEMBL REST panel; dump rows use STANDARD_OK
EGFR/HER2,EH120_099,CHEMBL1080272,611564,A,EGFR,CHEMBL203,3222536,CHEMBL1116652,B,IC50,=,15140,nM,4.82,CHEMBL1154343,10.1016/j.bmcl.2009.09.038,19815412,,present,YES,2026-07-23 ChEMBL REST panel; dump rows use STANDARD_OK
EGFR/HER2,EH120_099,CHEMBL1080272,611564,B,ERBB2,CHEMBL1824,3222516,CHEMBL1116650,B,IC50,=,620,nM,6.21,CHEMBL1154343,10.1016/j.bmcl.2009.09.038,19815412,,present,YES,2026-07-23 ChEMBL REST panel; dump rows use STANDARD_OK
EGFR/HER2,EH120_100,CHEMBL5561503,2909712,A,EGFR,CHEMBL203,25870223,CHEMBL5512286,B,IC50,=,1396,nM,5.86,CHEMBL5506072,10.1021/acs.jmedchem.4c00978,38820338,,present,YES,2026-07-23 ChEMBL REST panel; dump rows use STANDARD_OK
EGFR/HER2,EH120_100,CHEMBL5561503,2909712,B,ERBB2,CHEMBL1824,25870155,CHEMBL5512284,B,IC50,=,59,nM,7.23,CHEMBL5506072,10.1021/acs.jmedchem.4c00978,38820338,,present,YES,2026-07-23 ChEMBL REST panel; dump rows use STANDARD_OK
EGFR/HER2,EH120_101,CHEMBL5558817,2907026,A,EGFR,CHEMBL203,25870247,CHEMBL5512286,B,IC50,=,4167,nM,5.38,CHEMBL5506072,10.1021/acs.jmedchem.4c00978,38820338,,present,YES,2026-07-23 ChEMBL REST panel; dump rows use STANDARD_OK
EGFR/HER2,EH120_101,CHEMBL5558817,2907026,B,ERBB2,CHEMBL1824,25870179,CHEMBL5512284,B,IC50,=,214,nM,6.67,CHEMBL5506072,10.1021/acs.jmedchem.4c00978,38820338,,present,YES,2026-07-23 ChEMBL REST panel; dump rows use STANDARD_OK
EGFR/HER2,EH120_102,CHEMBL104,13494,A,EGFR,CHEMBL203,7699678,CHEMBL1909203,B,IC50,=,69421,nM,4.16,CHEMBL1909046,,,,missing,YES,2026-07-23 ChEMBL REST panel; dump rows use STANDARD_OK
EGFR/HER2,EH120_102,CHEMBL104,13494,B,ERBB2,CHEMBL1824,7699682,CHEMBL1909205,B,IC50,=,66405,nM,4.18,CHEMBL1909046,,,,missing,YES,2026-07-23 ChEMBL REST panel; dump rows use STANDARD_OK
EGFR/HER2,EH120_103,CHEMBL4087921,2227832,A,EGFR,CHEMBL203,17967045,CHEMBL3995335,B,IC50,=,46300,nM,4.33,CHEMBL3994595,10.1016/j.ejmech.2016.12.014,27987485,,present,YES,2026-07-23 ChEMBL REST panel; dump rows use STANDARD_OK
EGFR/HER2,EH120_103,CHEMBL4087921,2227832,A,EGFR,CHEMBL203,17967281,CHEMBL3995335,B,IC50,=,46344.69,nM,4.33,CHEMBL3994595,10.1016/j.ejmech.2016.12.014,27987485,,present,YES,2026-07-23 ChEMBL REST panel; dump rows use STANDARD_OK
EGFR/HER2,EH120_103,CHEMBL4087921,2227832,B,ERBB2,CHEMBL1824,17967075,CHEMBL3995336,B,IC50,=,52400,nM,4.28,CHEMBL3994595,10.1016/j.ejmech.2016.12.014,27987485,,present,YES,2026-07-23 ChEMBL REST panel; dump rows use STANDARD_OK
EGFR/HER2,EH120_104,CHEMBL4102214,2242125,A,EGFR,CHEMBL203,17967053,CHEMBL3995335,B,IC50,=,45000,nM,4.35,CHEMBL3994595,10.1016/j.ejmech.2016.12.014,27987485,,present,YES,2026-07-23 ChEMBL REST panel; dump rows use STANDARD_OK
EGFR/HER2,EH120_104,CHEMBL4102214,2242125,A,EGFR,CHEMBL203,17967289,CHEMBL3995335,B,IC50,=,44977.99,nM,4.35,CHEMBL3994595,10.1016/j.ejmech.2016.12.014,27987485,,present,YES,2026-07-23 ChEMBL REST panel; dump rows use STANDARD_OK
EGFR/HER2,EH120_104,CHEMBL4102214,2242125,B,ERBB2,CHEMBL1824,17967083,CHEMBL3995336,B,IC50,=,57600,nM,4.24,CHEMBL3994595,10.1016/j.ejmech.2016.12.014,27987485,,present,YES,2026-07-23 ChEMBL REST panel; dump rows use STANDARD_OK
EGFR/HER2,EH120_105,CHEMBL4102942,2242853,A,EGFR,CHEMBL203,17967066,CHEMBL3995335,B,IC50,=,45100,nM,4.35,CHEMBL3994595,10.1016/j.ejmech.2016.12.014,27987485,,present,YES,2026-07-23 ChEMBL REST panel; dump rows use STANDARD_OK
EGFR/HER2,EH120_105,CHEMBL4102942,2242853,A,EGFR,CHEMBL203,17967302,CHEMBL3995335,B,IC50,=,45081.67,nM,4.35,CHEMBL3994595,10.1016/j.ejmech.2016.12.014,27987485,,present,YES,2026-07-23 ChEMBL REST panel; dump rows use STANDARD_OK
EGFR/HER2,EH120_105,CHEMBL4102942,2242853,B,ERBB2,CHEMBL1824,17967096,CHEMBL3995336,B,IC50,=,52600,nM,4.28,CHEMBL3994595,10.1016/j.ejmech.2016.12.014,27987485,,present,YES,2026-07-23 ChEMBL REST panel; dump rows use STANDARD_OK
EGFR/HER2,EH120_106,CHEMBL4074782,2214693,A,EGFR,CHEMBL203,17967048,CHEMBL3995335,B,IC50,=,39700,nM,4.4,CHEMBL3994595,10.1016/j.ejmech.2016.12.014,27987485,,present,YES,2026-07-23 ChEMBL REST panel; dump rows use STANDARD_OK
EGFR/HER2,EH120_106,CHEMBL4074782,2214693,A,EGFR,CHEMBL203,17967284,CHEMBL3995335,B,IC50,=,39719.15,nM,4.4,CHEMBL3994595,10.1016/j.ejmech.2016.12.014,27987485,,present,YES,2026-07-23 ChEMBL REST panel; dump rows use STANDARD_OK
EGFR/HER2,EH120_106,CHEMBL4074782,2214693,B,ERBB2,CHEMBL1824,17967078,CHEMBL3995336,B,IC50,=,46800,nM,4.33,CHEMBL3994595,10.1016/j.ejmech.2016.12.014,27987485,,present,YES,2026-07-23 ChEMBL REST panel; dump rows use STANDARD_OK
EGFR/HER2,EH120_107,CHEMBL1095259,625192,A,EGFR,CHEMBL203,25037442,CHEMBL5243749,B,IC50,=,44640,nM,4.35,CHEMBL5241122,10.1016/j.bmcl.2022.129102,36496202,,present,YES,2026-07-23 ChEMBL REST panel; dump rows use STANDARD_OK
EGFR/HER2,EH120_107,CHEMBL1095259,625192,B,ERBB2,CHEMBL1824,25037465,CHEMBL5243758,B,IC50,=,37930,nM,4.42,CHEMBL5241122,10.1016/j.bmcl.2022.129102,36496202,,present,YES,2026-07-23 ChEMBL REST panel; dump rows use STANDARD_OK
EGFR/HER2,EH120_108,CHEMBL4575427,2445858,A,EGFR,CHEMBL203,25037443,CHEMBL5243749,B,IC50,=,44640,nM,4.35,CHEMBL5241122,10.1016/j.bmcl.2022.129102,36496202,,present,YES,2026-07-23 ChEMBL REST panel; dump rows use STANDARD_OK
EGFR/HER2,EH120_108,CHEMBL4575427,2445858,B,ERBB2,CHEMBL1824,25037466,CHEMBL5243758,B,IC50,=,37930,nM,4.42,CHEMBL5241122,10.1016/j.bmcl.2022.129102,36496202,,present,YES,2026-07-23 ChEMBL REST panel; dump rows use STANDARD_OK
EGFR/HER2,EH120_109,CHEMBL589165,598475,A,EGFR,CHEMBL203,3133632,CHEMBL1064820,B,IC50,=,36000,nM,4.44,CHEMBL1157666,10.1016/j.bmc.2009.10.051,19914835,,present,YES,2026-07-23 ChEMBL REST panel; dump rows use STANDARD_OK
EGFR/HER2,EH120_109,CHEMBL589165,598475,B,ERBB2,CHEMBL1824,3133636,CHEMBL1064821,B,IC50,=,47000,nM,4.33,CHEMBL1157666,10.1016/j.bmc.2009.10.051,19914835,,present,YES,2026-07-23 ChEMBL REST panel; dump rows use STANDARD_OK
EGFR/HER2,EH120_110,CHEMBL589503,598812,A,EGFR,CHEMBL203,3105855,CHEMBL1065784,B,IC50,=,35290,nM,4.45,CHEMBL1157716,10.1016/j.bmc.2009.11.037,20005116,,present,YES,2026-07-23 ChEMBL REST panel; dump rows use STANDARD_OK
EGFR/HER2,EH120_110,CHEMBL589503,598812,B,ERBB2,CHEMBL1824,3105876,CHEMBL1065785,B,IC50,=,48350,nM,4.32,CHEMBL1157716,10.1016/j.bmc.2009.11.037,20005116,,present,YES,2026-07-23 ChEMBL REST panel; dump rows use STANDARD_OK
EGFR/HER2,EH40_01,CHEMBL1614725,1037736,A,EGFR,CHEMBL203,12655317,CHEMBL2328801,B,IC50,=,4,nM,8.4,CHEMBL2321748,10.1021/ml300327z,24900643,,present,NO,2026-07-23 ChEMBL REST panel; dump rows use STANDARD_OK
EGFR/HER2,EH40_01,CHEMBL1614725,1037736,A,EGFR,CHEMBL203,12655321,CHEMBL2328802,B,IC50,=,8400,nM,5.08,CHEMBL2321748,10.1021/ml300327z,24900643,,present,NO,2026-07-23 ChEMBL REST panel; dump rows use STANDARD_OK
EGFR/HER2,EH40_01,CHEMBL1614725,1037736,A,EGFR,CHEMBL203,12728106,CHEMBL2351562,B,IC50,=,23,nM,7.64,CHEMBL2346616,10.1016/j.bmc.2013.02.014,23490150,,present,NO,2026-07-23 ChEMBL REST panel; dump rows use STANDARD_OK
EGFR/HER2,EH40_01,CHEMBL1614725,1037736,A,EGFR,CHEMBL203,15774434,CHEMBL3636784,B,IC50,=,1,nM,9,CHEMBL3632549,10.1016/j.bmcl.2015.10.003,26475520,,present,YES,2026-07-23 ChEMBL REST panel; dump rows use STANDARD_OK
EGFR/HER2,EH40_01,CHEMBL1614725,1037736,A,EGFR,CHEMBL203,17898327,CHEMBL3991696,B,Kd,=,677,nM,6.17,CHEMBL3991601,10.1126/science.aan4368,29191878,,present,NO,2026-07-23 ChEMBL REST panel; dump rows use STANDARD_OK
EGFR/HER2,EH40_01,CHEMBL1614725,1037736,B,ERBB2,CHEMBL1824,7955433,CHEMBL1924800,B,IC50,=,17,nM,7.77,CHEMBL1921673,10.1021/jm2008634,22003817,,present,NO,2026-07-23 ChEMBL REST panel; dump rows use STANDARD_OK
EGFR/HER2,EH40_01,CHEMBL1614725,1037736,B,ERBB2,CHEMBL1824,12728113,CHEMBL2351563,B,IC50,=,17,nM,7.77,CHEMBL2346616,10.1016/j.bmc.2013.02.014,23490150,,present,NO,2026-07-23 ChEMBL REST panel; dump rows use STANDARD_OK
EGFR/HER2,EH40_01,CHEMBL1614725,1037736,B,ERBB2,CHEMBL1824,15774435,CHEMBL3636785,B,IC50,=,3,nM,8.52,CHEMBL3632549,10.1016/j.bmcl.2015.10.003,26475520,,present,YES,2026-07-23 ChEMBL REST panel; dump rows use STANDARD_OK
EGFR/HER2,EH40_01,CHEMBL1614725,1037736,B,ERBB2,CHEMBL1824,22408420,CHEMBL4670947,B,IC50,=,9.1,nM,8.04,CHEMBL4665812,10.1021/acs.jmedchem.0c00870,32931277,,present,NO,2026-07-23 ChEMBL REST panel; dump rows use STANDARD_OK
EGFR/HER2,EH40_02,CHEMBL554,14805,A,EGFR,CHEMBL203,190221,CHEMBL674106,B,IC50,=,10,nM,8,CHEMBL1146682,10.1016/j.bmcl.2003.10.010,14684309,,present,NO,2026-07-23 ChEMBL REST panel; dump rows use STANDARD_OK
EGFR/HER2,EH40_02,CHEMBL554,14805,A,EGFR,CHEMBL203,1650918,CHEMBL859867,B,Kd,=,5.5,nM,8.26,CHEMBL1144455,10.1038/nbt1068,15711537,,present,NO,2026-07-23 ChEMBL REST panel; dump rows use STANDARD_OK
EGFR/HER2,EH40_02,CHEMBL554,14805,A,EGFR,CHEMBL203,1709990,CHEMBL861550,B,IC50,=,10,nM,8,CHEMBL1147004,10.1016/j.bmcl.2006.01.111,16483772,,present,NO,2026-07-23 ChEMBL REST panel; dump rows use STANDARD_OK
EGFR/HER2,EH40_02,CHEMBL554,14805,A,EGFR,CHEMBL203,1766862,CHEMBL910357,B,IC50,=,12,nM,7.92,CHEMBL1149340,10.1016/j.bmcl.2006.05.090,16777410,,present,NO,2026-07-23 ChEMBL REST panel; dump rows use STANDARD_OK
EGFR/HER2,EH40_02,CHEMBL554,14805,A,EGFR,CHEMBL203,2390320,CHEMBL944276,B,IC50,=,17,nM,7.77,CHEMBL1140899,10.1021/jm800829v,19170633,,present,NO,2026-07-23 ChEMBL REST panel; dump rows use STANDARD_OK
EGFR/HER2,EH40_02,CHEMBL554,14805,A,EGFR,CHEMBL203,2898677,CHEMBL1060182,B,Kd,=,2.4,nM,8.62,CHEMBL1150977,10.1038/nbt1358,18183025,,present,NO,2026-07-23 ChEMBL REST panel; dump rows use STANDARD_OK
EGFR/HER2,EH40_02,CHEMBL554,14805,A,EGFR,CHEMBL203,2898715,CHEMBL1061143,B,Kd,=,8.6,nM,8.07,CHEMBL1150977,10.1038/nbt1358,18183025,,present,NO,2026-07-23 ChEMBL REST panel; dump rows use STANDARD_OK
EGFR/HER2,EH40_02,CHEMBL554,14805,A,EGFR,CHEMBL203,2898753,CHEMBL1061068,B,Kd,=,0.92,nM,9.04,CHEMBL1150977,10.1038/nbt1358,18183025,,present,NO,2026-07-23 ChEMBL REST panel; dump rows use STANDARD_OK
EGFR/HER2,EH40_02,CHEMBL554,14805,A,EGFR,CHEMBL203,2898791,CHEMBL1060190,B,Kd,=,2.1,nM,8.68,CHEMBL1150977,10.1038/nbt1358,18183025,,present,NO,2026-07-23 ChEMBL REST panel; dump rows use STANDARD_OK
EGFR/HER2,EH40_02,CHEMBL554,14805,A,EGFR,CHEMBL203,2898829,CHEMBL1063796,B,Kd,=,2.2,nM,8.66,CHEMBL1150977,10.1038/nbt1358,18183025,,present,NO,2026-07-23 ChEMBL REST panel; dump rows use STANDARD_OK
EGFR/HER2,EH40_02,CHEMBL554,14805,A,EGFR,CHEMBL203,2898867,CHEMBL1063797,B,Kd,=,3.9,nM,8.41,CHEMBL1150977,10.1038/nbt1358,18183025,,present,NO,2026-07-23 ChEMBL REST panel; dump rows use STANDARD_OK
EGFR/HER2,EH40_02,CHEMBL554,14805,A,EGFR,CHEMBL203,2898905,CHEMBL1051285,B,Kd,=,3.5,nM,8.46,CHEMBL1150977,10.1038/nbt1358,18183025,,present,NO,2026-07-23 ChEMBL REST panel; dump rows use STANDARD_OK
EGFR/HER2,EH40_02,CHEMBL554,14805,A,EGFR,CHEMBL203,2904689,CHEMBL1062839,B,Kd,=,2.8,nM,8.55,CHEMBL1150977,10.1038/nbt1358,18183025,,present,NO,2026-07-23 ChEMBL REST panel; dump rows use STANDARD_OK
EGFR/HER2,EH40_02,CHEMBL554,14805,A,EGFR,CHEMBL203,2904727,CHEMBL1051286,B,Kd,=,1.2,nM,8.92,CHEMBL1150977,10.1038/nbt1358,18183025,,present,NO,2026-07-23 ChEMBL REST panel; dump rows use STANDARD_OK
EGFR/HER2,EH40_02,CHEMBL554,14805,A,EGFR,CHEMBL203,2904765,CHEMBL1050839,B,Kd,=,4.2,nM,8.38,CHEMBL1150977,10.1038/nbt1358,18183025,,present,NO,2026-07-23 ChEMBL REST panel; dump rows use STANDARD_OK
EGFR/HER2,EH40_02,CHEMBL554,14805,A,EGFR,CHEMBL203,2943656,CHEMBL1044055,B,IC50,=,52,nM,7.28,CHEMBL1154692,10.1021/jm901146p,19888761,,present,NO,2026-07-23 ChEMBL REST panel; dump rows use STANDARD_OK
EGFR/HER2,EH40_02,CHEMBL554,14805,A,EGFR,CHEMBL203,3120278,CHEMBL1064921,B,IC50,=,11.2,nM,7.95,CHEMBL1157563,10.1021/jm901453q,20143778,,present,NO,2026-07-23 ChEMBL REST panel; dump rows use STANDARD_OK
EGFR/HER2,EH40_02,CHEMBL554,14805,A,EGFR,CHEMBL203,3186228,CHEMBL1111474,B,IC50,=,10,nM,8,CHEMBL1155389,10.1021/jm901132v,20166671,,present,NO,2026-07-23 ChEMBL REST panel; dump rows use STANDARD_OK
EGFR/HER2,EH40_02,CHEMBL554,14805,A,EGFR,CHEMBL203,3240782,CHEMBL1108835,B,IC50,=,52,nM,7.28,CHEMBL1156213,10.1016/j.bmcl.2010.03.015,20346655,,present,NO,2026-07-23 ChEMBL REST panel; dump rows use STANDARD_OK
EGFR/HER2,EH40_02,CHEMBL554,14805,A,EGFR,CHEMBL203,3505043,CHEMBL1260610,B,IC50,=,433,nM,6.36,CHEMBL1255185,10.1016/j.bmcl.2010.08.052,20817523,,present,NO,2026-07-23 ChEMBL REST panel; dump rows use STANDARD_OK
EGFR/HER2,EH40_02,CHEMBL554,14805,A,EGFR,CHEMBL203,5112208,CHEMBL1640694,B,IC50,=,2.9,nM,8.54,CHEMBL1629443,10.1021/jm100665z,21080629,,present,NO,2026-07-23 ChEMBL REST panel; dump rows use STANDARD_OK
EGFR/HER2,EH40_02,CHEMBL554,14805,A,EGFR,CHEMBL203,7580140,CHEMBL1908693,B,Kd,=,2.4,nM,8.62,CHEMBL1908390,10.1038/nbt.1990,22037378,,present,NO,2026-07-23 ChEMBL REST panel; dump rows use STANDARD_OK
EGFR/HER2,EH40_02,CHEMBL554,14805,A,EGFR,CHEMBL203,7580141,CHEMBL1908694,B,Kd,=,8.6,nM,8.07,CHEMBL1908390,10.1038/nbt.1990,22037378,,present,NO,2026-07-23 ChEMBL REST panel; dump rows use STANDARD_OK
EGFR/HER2,EH40_02,CHEMBL554,14805,A,EGFR,CHEMBL203,7580142,CHEMBL1908695,B,Kd,=,0.92,nM,9.04,CHEMBL1908390,10.1038/nbt.1990,22037378,,present,NO,2026-07-23 ChEMBL REST panel; dump rows use STANDARD_OK
EGFR/HER2,EH40_02,CHEMBL554,14805,A,EGFR,CHEMBL203,7580143,CHEMBL1908696,B,Kd,=,2.1,nM,8.68,CHEMBL1908390,10.1038/nbt.1990,22037378,,present,NO,2026-07-23 ChEMBL REST panel; dump rows use STANDARD_OK
EGFR/HER2,EH40_02,CHEMBL554,14805,A,EGFR,CHEMBL203,7580144,CHEMBL1908697,B,Kd,=,2.2,nM,8.66,CHEMBL1908390,10.1038/nbt.1990,22037378,,present,NO,2026-07-23 ChEMBL REST panel; dump rows use STANDARD_OK
EGFR/HER2,EH40_02,CHEMBL554,14805,A,EGFR,CHEMBL203,7580145,CHEMBL1908698,B,Kd,=,3.9,nM,8.41,CHEMBL1908390,10.1038/nbt.1990,22037378,,present,NO,2026-07-23 ChEMBL REST panel; dump rows use STANDARD_OK
EGFR/HER2,EH40_02,CHEMBL554,14805,A,EGFR,CHEMBL203,7582065,CHEMBL1908699,B,Kd,=,3.5,nM,8.46,CHEMBL1908390,10.1038/nbt.1990,22037378,,present,NO,2026-07-23 ChEMBL REST panel; dump rows use STANDARD_OK
EGFR/HER2,EH40_02,CHEMBL554,14805,A,EGFR,CHEMBL203,7582066,CHEMBL1908700,B,Kd,=,2.8,nM,8.55,CHEMBL1908390,10.1038/nbt.1990,22037378,,present,NO,2026-07-23 ChEMBL REST panel; dump rows use STANDARD_OK
EGFR/HER2,EH40_02,CHEMBL554,14805,A,EGFR,CHEMBL203,7582068,CHEMBL1908702,B,Kd,=,1.2,nM,8.92,CHEMBL1908390,10.1038/nbt.1990,22037378,,present,NO,2026-07-23 ChEMBL REST panel; dump rows use STANDARD_OK
EGFR/HER2,EH40_02,CHEMBL554,14805,A,EGFR,CHEMBL203,7582069,CHEMBL1908703,B,Kd,=,4.2,nM,8.38,CHEMBL1908390,10.1038/nbt.1990,22037378,,present,NO,2026-07-23 ChEMBL REST panel; dump rows use STANDARD_OK
EGFR/HER2,EH40_02,CHEMBL554,14805,A,EGFR,CHEMBL203,7582070,CHEMBL1908704,B,Kd,=,860,nM,6.07,CHEMBL1908390,10.1038/nbt.1990,22037378,,present,NO,2026-07-23 ChEMBL REST panel; dump rows use STANDARD_OK
EGFR/HER2,EH40_02,CHEMBL554,14805,A,EGFR,CHEMBL203,7963959,CHEMBL1932747,B,IC50,=,9,nM,8.05,CHEMBL1926611,10.1016/j.bmc.2011.11.056,22182581,,present,NO,2026-07-23 ChEMBL REST panel; dump rows use STANDARD_OK
EGFR/HER2,EH40_02,CHEMBL554,14805,A,EGFR,CHEMBL203,7980775,CHEMBL1930721,B,IC50,=,8.9,nM,8.05,CHEMBL1926681,10.1016/j.bmc.2011.11.023,22169601,,present,NO,2026-07-23 ChEMBL REST panel; dump rows use STANDARD_OK
EGFR/HER2,EH40_02,CHEMBL554,14805,A,EGFR,CHEMBL203,7995668,CHEMBL1935838,B,IC50,=,10,nM,8,CHEMBL1933060,10.1016/j.bmcl.2011.10.103,22101132,,present,NO,2026-07-23 ChEMBL REST panel; dump rows use STANDARD_OK
EGFR/HER2,EH40_02,CHEMBL554,14805,A,EGFR,CHEMBL203,8025217,CHEMBL1947770,B,IC50,=,8,nM,8.1,CHEMBL1944545,10.1016/j.bmcl.2011.12.067,22227214,,present,NO,2026-07-23 ChEMBL REST panel; dump rows use STANDARD_OK
EGFR/HER2,EH40_02,CHEMBL554,14805,A,EGFR,CHEMBL203,10890037,CHEMBL2034705,B,IC50,=,9,nM,8.05,CHEMBL2029299,10.1016/j.bmcl.2012.04.092,22595177,,present,NO,2026-07-23 ChEMBL REST panel; dump rows use STANDARD_OK
EGFR/HER2,EH40_02,CHEMBL554,14805,A,EGFR,CHEMBL203,10896848,CHEMBL2038916,B,IC50,=,52.2,nM,7.28,CHEMBL2034880,10.1021/jm201758g,22372864,,present,NO,2026-07-23 ChEMBL REST panel; dump rows use STANDARD_OK
EGFR/HER2,EH40_02,CHEMBL554,14805,A,EGFR,CHEMBL203,15130258,CHEMBL3385740,B,IC50,=,7.9,nM,8.1,CHEMBL3352165,10.1016/j.ejmech.2014.10.006,25305330,,present,NO,2026-07-23 ChEMBL REST panel; dump rows use STANDARD_OK
EGFR/HER2,EH40_02,CHEMBL554,14805,A,EGFR,CHEMBL203,15229662,CHEMBL3418214,B,IC50,=,11,nM,7.96,CHEMBL3414443,10.1016/j.ejmech.2015.03.004,25768701,,present,NO,2026-07-23 ChEMBL REST panel; dump rows use STANDARD_OK
EGFR/HER2,EH40_02,CHEMBL554,14805,A,EGFR,CHEMBL203,15229669,CHEMBL3418211,B,IC50,=,5.5,nM,8.26,CHEMBL3414443,10.1016/j.ejmech.2015.03.004,25768701,,present,NO,2026-07-23 ChEMBL REST panel; dump rows use STANDARD_OK
EGFR/HER2,EH40_02,CHEMBL554,14805,A,EGFR,CHEMBL203,15698597,CHEMBL3616083,B,IC50,=,10.8,nM,7.97,CHEMBL3611967,10.1016/j.ejmech.2015.07.030,26256032,,present,NO,2026-07-23 ChEMBL REST panel; dump rows use STANDARD_OK
EGFR/HER2,EH40_02,CHEMBL554,14805,A,EGFR,CHEMBL203,15774378,CHEMBL3636784,B,IC50,=,10,nM,8,CHEMBL3632549,10.1016/j.bmcl.2015.10.003,26475520,,present,NO,2026-07-23 ChEMBL REST panel; dump rows use STANDARD_OK
EGFR/HER2,EH40_02,CHEMBL554,14805,A,EGFR,CHEMBL203,16416927,CHEMBL3750872,B,IC50,=,280,nM,6.55,CHEMBL3745647,10.1016/j.bmcl.2015.11.040,26652482,,present,NO,2026-07-23 ChEMBL REST panel; dump rows use STANDARD_OK
EGFR/HER2,EH40_02,CHEMBL554,14805,A,EGFR,CHEMBL203,16666119,CHEMBL3854309,B,IC50,=,26,nM,7.58,CHEMBL3853296,10.1016/j.ejmech.2016.04.072,27187856,,present,NO,2026-07-23 ChEMBL REST panel; dump rows use STANDARD_OK
EGFR/HER2,EH40_02,CHEMBL554,14805,A,EGFR,CHEMBL203,16811354,CHEMBL3870715,B,IC50,=,10.8,nM,7.97,CHEMBL3870325,10.1016/j.bmc.2016.10.006,27769671,,present,NO,2026-07-23 ChEMBL REST panel; dump rows use STANDARD_OK
EGFR/HER2,EH40_02,CHEMBL554,14805,A,EGFR,CHEMBL203,16895196,CHEMBL3882125,B,IC50,=,21,nM,7.68,CHEMBL3881529,,,US-8188102-B2,present,NO,2026-07-23 ChEMBL REST panel; dump rows use STANDARD_OK
EGFR/HER2,EH40_02,CHEMBL554,14805,A,EGFR,CHEMBL203,17898501,CHEMBL3991696,B,Kd,=,51,nM,7.29,CHEMBL3991601,10.1126/science.aan4368,29191878,,present,NO,2026-07-23 ChEMBL REST panel; dump rows use STANDARD_OK
EGFR/HER2,EH40_02,CHEMBL554,14805,A,EGFR,CHEMBL203,18028152,CHEMBL4007059,B,IC50,=,27.06,nM,7.57,CHEMBL4004868,10.1016/j.bmcl.2017.02.027,28238614,,present,NO,2026-07-23 ChEMBL REST panel; dump rows use STANDARD_OK
EGFR/HER2,EH40_02,CHEMBL554,14805,A,EGFR,CHEMBL203,18214735,CHEMBL4046770,B,IC50,=,27.06,nM,7.57,CHEMBL4043197,10.1016/j.bmcl.2017.08.035,28838691,,present,NO,2026-07-23 ChEMBL REST panel; dump rows use STANDARD_OK
EGFR/HER2,EH40_02,CHEMBL554,14805,A,EGFR,CHEMBL203,18392939,CHEMBL4148356,B,IC50,=,27.1,nM,7.57,CHEMBL4145533,10.1016/j.ejmech.2018.01.090,29421573,,present,NO,2026-07-23 ChEMBL REST panel; dump rows use STANDARD_OK
EGFR/HER2,EH40_02,CHEMBL554,14805,A,EGFR,CHEMBL203,18514740,CHEMBL4192705,B,IC50,=,27.06,nM,7.57,CHEMBL4190270,10.1016/j.ejmech.2017.06.023,28711703,,present,NO,2026-07-23 ChEMBL REST panel; dump rows use STANDARD_OK
EGFR/HER2,EH40_02,CHEMBL554,14805,A,EGFR,CHEMBL203,18696691,CHEMBL4253972,B,IC50,=,10.8,nM,7.97,CHEMBL4251615,10.1016/j.ejmech.2017.12.022,29275232,,present,NO,2026-07-23 ChEMBL REST panel; dump rows use STANDARD_OK
EGFR/HER2,EH40_02,CHEMBL554,14805,A,EGFR,CHEMBL203,18784564,CHEMBL4271176,B,IC50,=,10.8,nM,7.97,CHEMBL4270496,10.1016/j.ejmech.2017.07.023,28754471,,present,NO,2026-07-23 ChEMBL REST panel; dump rows use STANDARD_OK
EGFR/HER2,EH40_02,CHEMBL554,14805,A,EGFR,CHEMBL203,18798658,CHEMBL4274200,B,IC50,=,27.1,nM,7.57,CHEMBL4270595,10.1016/j.ejmech.2018.06.061,30096580,,present,NO,2026-07-23 ChEMBL REST panel; dump rows use STANDARD_OK
EGFR/HER2,EH40_02,CHEMBL554,14805,A,EGFR,CHEMBL203,18798661,CHEMBL4274201,B,IC50,=,37.55,nM,7.42,CHEMBL4270595,10.1016/j.ejmech.2018.06.061,30096580,,present,NO,2026-07-23 ChEMBL REST panel; dump rows use STANDARD_OK
EGFR/HER2,EH40_02,CHEMBL554,14805,A,EGFR,CHEMBL203,18798664,CHEMBL4274202,B,IC50,=,224.89,nM,6.65,CHEMBL4270595,10.1016/j.ejmech.2018.06.061,30096580,,present,NO,2026-07-23 ChEMBL REST panel; dump rows use STANDARD_OK
EGFR/HER2,EH40_02,CHEMBL554,14805,A,EGFR,CHEMBL203,18916457,CHEMBL4322135,B,Ki,=,3,nM,8.52,CHEMBL4321790,10.1021/acs.jmedchem.8b01732,31188592,,present,NO,2026-07-23 ChEMBL REST panel; dump rows use STANDARD_OK
EGFR/HER2,EH40_02,CHEMBL554,14805,A,EGFR,CHEMBL203,18945177,CHEMBL4329616,B,IC50,=,10.85,nM,7.96,CHEMBL4325914,10.1021/acs.jmedchem.8b01612,30508379,,present,NO,2026-07-23 ChEMBL REST panel; dump rows use STANDARD_OK
EGFR/HER2,EH40_02,CHEMBL554,14805,A,EGFR,CHEMBL203,18955277,CHEMBL4332284,B,IC50,=,10,nM,8,CHEMBL4330108,10.1016/j.bmc.2018.12.032,30600149,,present,NO,2026-07-23 ChEMBL REST panel; dump rows use STANDARD_OK
EGFR/HER2,EH40_02,CHEMBL554,14805,A,EGFR,CHEMBL203,18997554,CHEMBL4342865,B,IC50,=,10.2,nM,7.99,CHEMBL4342409,10.1016/j.ejmech.2019.03.004,30878832,,present,NO,2026-07-23 ChEMBL REST panel; dump rows use STANDARD_OK
EGFR/HER2,EH40_02,CHEMBL554,14805,A,EGFR,CHEMBL203,19187589,CHEMBL4388527,B,IC50,=,1.8,nM,8.74,CHEMBL4387720,10.1016/j.bmcl.2019.04.029,31023512,,present,NO,2026-07-23 ChEMBL REST panel; dump rows use STANDARD_OK
EGFR/HER2,EH40_02,CHEMBL554,14805,A,EGFR,CHEMBL203,19218760,CHEMBL4394506,B,Kd,=,11,nM,7.96,CHEMBL4393671,10.1021/acs.jmedchem.9b00350,30973735,,present,NO,2026-07-23 ChEMBL REST panel; dump rows use STANDARD_OK
EGFR/HER2,EH40_02,CHEMBL554,14805,A,EGFR,CHEMBL203,19218805,CHEMBL4394508,B,IC50,=,21,nM,7.68,CHEMBL4393671,10.1021/acs.jmedchem.9b00350,30973735,,present,NO,2026-07-23 ChEMBL REST panel; dump rows use STANDARD_OK
EGFR/HER2,EH40_02,CHEMBL554,14805,A,EGFR,CHEMBL203,20689336,CHEMBL4625049,B,IC50,=,3,nM,8.52,CHEMBL4622931,10.1016/j.bmcl.2020.127288,32631510,,present,NO,2026-07-23 ChEMBL REST panel; dump rows use STANDARD_OK
EGFR/HER2,EH40_02,CHEMBL554,14805,A,EGFR,CHEMBL203,20689356,CHEMBL4625053,B,IC50,=,8,nM,8.1,CHEMBL4622931,10.1016/j.bmcl.2020.127288,32631510,,present,NO,2026-07-23 ChEMBL REST panel; dump rows use STANDARD_OK
EGFR/HER2,EH40_02,CHEMBL554,14805,A,EGFR,CHEMBL203,20689378,CHEMBL4625061,B,Kd,=,2.8,nM,8.55,CHEMBL4622931,10.1016/j.bmcl.2020.127288,32631510,,present,NO,2026-07-23 ChEMBL REST panel; dump rows use STANDARD_OK
EGFR/HER2,EH40_02,CHEMBL554,14805,A,EGFR,CHEMBL203,20708036,CHEMBL4628612,B,IC50,=,62,nM,7.21,CHEMBL4627322,10.1016/j.bmcl.2020.127045,32139324,,present,NO,2026-07-23 ChEMBL REST panel; dump rows use STANDARD_OK
EGFR/HER2,EH40_02,CHEMBL554,14805,A,EGFR,CHEMBL203,20708043,CHEMBL4628613,B,IC50,=,22,nM,7.66,CHEMBL4627322,10.1016/j.bmcl.2020.127045,32139324,,present,NO,2026-07-23 ChEMBL REST panel; dump rows use STANDARD_OK
EGFR/HER2,EH40_02,CHEMBL554,14805,A,EGFR,CHEMBL203,22408208,CHEMBL4670927,B,IC50,=,14781,nM,4.83,CHEMBL4665812,10.1021/acs.jmedchem.0c00870,32931277,,present,NO,2026-07-23 ChEMBL REST panel; dump rows use STANDARD_OK
EGFR/HER2,EH40_02,CHEMBL554,14805,A,EGFR,CHEMBL203,22408216,CHEMBL4670928,B,IC50,=,2685,nM,5.57,CHEMBL4665812,10.1021/acs.jmedchem.0c00870,32931277,,present,NO,2026-07-23 ChEMBL REST panel; dump rows use STANDARD_OK
EGFR/HER2,EH40_02,CHEMBL554,14805,A,EGFR,CHEMBL203,22408224,CHEMBL4670929,B,IC50,=,24,nM,7.62,CHEMBL4665812,10.1021/acs.jmedchem.0c00870,32931277,,present,NO,2026-07-23 ChEMBL REST panel; dump rows use STANDARD_OK
EGFR/HER2,EH40_02,CHEMBL554,14805,A,EGFR,CHEMBL203,22408232,CHEMBL4670930,B,IC50,=,0.2,nM,9.7,CHEMBL4665812,10.1021/acs.jmedchem.0c00870,32931277,,present,NO,2026-07-23 ChEMBL REST panel; dump rows use STANDARD_OK
EGFR/HER2,EH40_02,CHEMBL554,14805,A,EGFR,CHEMBL203,22408240,CHEMBL4670931,B,IC50,=,0.06,nM,10.22,CHEMBL4665812,10.1021/acs.jmedchem.0c00870,32931277,,present,YES,2026-07-23 ChEMBL REST panel; dump rows use STANDARD_OK
EGFR/HER2,EH40_02,CHEMBL554,14805,A,EGFR,CHEMBL203,22892175,CHEMBL4729717,B,IC50,=,10.8,nM,7.97,CHEMBL4725379,10.1016/j.bmc.2020.115657,32828424,,present,NO,2026-07-23 ChEMBL REST panel; dump rows use STANDARD_OK
EGFR/HER2,EH40_02,CHEMBL554,14805,A,EGFR,CHEMBL203,22965630,CHEMBL4769431,B,IC50,=,46,nM,7.34,CHEMBL4765304,10.1016/j.ejmech.2020.112363,32361329,,present,NO,2026-07-23 ChEMBL REST panel; dump rows use STANDARD_OK
EGFR/HER2,EH40_02,CHEMBL554,14805,A,EGFR,CHEMBL203,22965632,CHEMBL4769432,B,IC50,=,61060,nM,4.21,CHEMBL4765304,10.1016/j.ejmech.2020.112363,32361329,,present,NO,2026-07-23 ChEMBL REST panel; dump rows use STANDARD_OK
EGFR/HER2,EH40_02,CHEMBL554,14805,A,EGFR,CHEMBL203,23148927,CHEMBL4810017,B,IC50,=,15,nM,7.82,CHEMBL4808203,10.1016/j.bmcl.2021.128258,34246754,,present,NO,2026-07-23 ChEMBL REST panel; dump rows use STANDARD_OK
EGFR/HER2,EH40_02,CHEMBL554,14805,A,EGFR,CHEMBL203,24348823,CHEMBL5031645,B,IC50,=,13.42,nM,7.87,CHEMBL5030535,10.1021/acs.jmedchem.1c01013,34435487,,present,NO,2026-07-23 ChEMBL REST panel; dump rows use STANDARD_OK
EGFR/HER2,EH40_02,CHEMBL554,14805,A,EGFR,CHEMBL203,24815701,CHEMBL5138507,B,IC50,=,10.8,nM,7.97,CHEMBL5137005,10.1021/acs.jmedchem.1c01714,35311289,,present,NO,2026-07-23 ChEMBL REST panel; dump rows use STANDARD_OK
EGFR/HER2,EH40_02,CHEMBL554,14805,A,EGFR,CHEMBL203,24862049,CHEMBL5150423,B,IC50,=,10.2,nM,7.99,CHEMBL5149968,10.1016/j.ejmech.2021.113218,33540357,,present,NO,2026-07-23 ChEMBL REST panel; dump rows use STANDARD_OK
EGFR/HER2,EH40_02,CHEMBL554,14805,A,EGFR,CHEMBL203,24900645,CHEMBL5160698,B,IC50,=,10.2,nM,7.99,CHEMBL5154779,10.1016/j.ejmech.2022.114231,35247755,,present,NO,2026-07-23 ChEMBL REST panel; dump rows use STANDARD_OK
EGFR/HER2,EH40_02,CHEMBL554,14805,A,EGFR,CHEMBL203,24959133,CHEMBL5215227,B,IC50,=,10.8,nM,7.97,CHEMBL5214889,10.1016/j.ejmech.2020.113016,33243532,,present,NO,2026-07-23 ChEMBL REST panel; dump rows use STANDARD_OK
EGFR/HER2,EH40_02,CHEMBL554,14805,A,EGFR,CHEMBL203,24984416,CHEMBL5227275,B,IC50,=,10.2,nM,7.99,CHEMBL5226297,10.1021/acs.jmedchem.0c01180,33650861,,present,NO,2026-07-23 ChEMBL REST panel; dump rows use STANDARD_OK
EGFR/HER2,EH40_02,CHEMBL554,14805,A,EGFR,CHEMBL203,24993019,CHEMBL5230642,B,IC50,=,28,nM,7.55,CHEMBL5230093,10.1016/j.ejmech.2020.112506,32688198,,present,NO,2026-07-23 ChEMBL REST panel; dump rows use STANDARD_OK
EGFR/HER2,EH40_02,CHEMBL554,14805,A,EGFR,CHEMBL203,24993570,CHEMBL5230842,B,IC50,=,10,nM,8,CHEMBL5230100,10.1016/j.ejmech.2020.112640,32739648,,present,NO,2026-07-23 ChEMBL REST panel; dump rows use STANDARD_OK
EGFR/HER2,EH40_02,CHEMBL554,14805,A,EGFR,CHEMBL203,24993707,CHEMBL5230891,B,IC50,=,27.06,nM,7.57,CHEMBL5230100,10.1016/j.ejmech.2020.112640,32739648,,present,NO,2026-07-23 ChEMBL REST panel; dump rows use STANDARD_OK
EGFR/HER2,EH40_02,CHEMBL554,14805,A,EGFR,CHEMBL203,25755424,CHEMBL5444897,F,IC50,=,80100,nM,4.1,CHEMBL5444388,10.6019/CHEMBL5444388,,,present,NO,2026-07-23 ChEMBL REST panel; dump rows use STANDARD_OK
EGFR/HER2,EH40_02,CHEMBL554,14805,A,EGFR,CHEMBL203,25755425,CHEMBL5444898,F,IC50,=,210,nM,6.68,CHEMBL5444388,10.6019/CHEMBL5444388,,,present,NO,2026-07-23 ChEMBL REST panel; dump rows use STANDARD_OK
EGFR/HER2,EH40_02,CHEMBL554,14805,A,EGFR,CHEMBL203,25755426,CHEMBL5444899,F,IC50,=,60,nM,7.22,CHEMBL5444388,10.6019/CHEMBL5444388,,,present,NO,2026-07-23 ChEMBL REST panel; dump rows use STANDARD_OK
EGFR/HER2,EH40_02,CHEMBL554,14805,A,EGFR,CHEMBL203,25755427,CHEMBL5444900,F,IC50,=,2600,nM,5.58,CHEMBL5444388,10.6019/CHEMBL5444388,,,present,NO,2026-07-23 ChEMBL REST panel; dump rows use STANDARD_OK
EGFR/HER2,EH40_02,CHEMBL554,14805,A,EGFR,CHEMBL203,25755428,CHEMBL5444901,F,IC50,=,80,nM,7.1,CHEMBL5444388,10.6019/CHEMBL5444388,,,present,NO,2026-07-23 ChEMBL REST panel; dump rows use STANDARD_OK
EGFR/HER2,EH40_02,CHEMBL554,14805,A,EGFR,CHEMBL203,25755429,CHEMBL5444902,F,IC50,=,10000,nM,5,CHEMBL5444388,10.6019/CHEMBL5444388,,,present,NO,2026-07-23 ChEMBL REST panel; dump rows use STANDARD_OK
EGFR/HER2,EH40_02,CHEMBL554,14805,A,EGFR,CHEMBL203,25755430,CHEMBL5444903,F,IC50,=,14200,nM,4.85,CHEMBL5444388,10.6019/CHEMBL5444388,,,present,NO,2026-07-23 ChEMBL REST panel; dump rows use STANDARD_OK
EGFR/HER2,EH40_02,CHEMBL554,14805,A,EGFR,CHEMBL203,25755431,CHEMBL5444904,F,IC50,=,10500,nM,4.98,CHEMBL5444388,10.6019/CHEMBL5444388,,,present,NO,2026-07-23 ChEMBL REST panel; dump rows use STANDARD_OK
EGFR/HER2,EH40_02,CHEMBL554,14805,A,EGFR,CHEMBL203,25755432,CHEMBL5444905,F,IC50,=,14500,nM,4.84,CHEMBL5444388,10.6019/CHEMBL5444388,,,present,NO,2026-07-23 ChEMBL REST panel; dump rows use STANDARD_OK
EGFR/HER2,EH40_02,CHEMBL554,14805,A,EGFR,CHEMBL203,25755433,CHEMBL5444906,F,IC50,=,1100,nM,5.96,CHEMBL5444388,10.6019/CHEMBL5444388,,,present,NO,2026-07-23 ChEMBL REST panel; dump rows use STANDARD_OK
EGFR/HER2,EH40_02,CHEMBL554,14805,A,EGFR,CHEMBL203,25755434,CHEMBL5444907,F,IC50,=,10,nM,8,CHEMBL5444388,10.6019/CHEMBL5444388,,,present,NO,2026-07-23 ChEMBL REST panel; dump rows use STANDARD_OK
EGFR/HER2,EH40_02,CHEMBL554,14805,A,EGFR,CHEMBL203,25755435,CHEMBL5444908,F,IC50,=,90,nM,7.05,CHEMBL5444388,10.6019/CHEMBL5444388,,,present,NO,2026-07-23 ChEMBL REST panel; dump rows use STANDARD_OK
EGFR/HER2,EH40_02,CHEMBL554,14805,A,EGFR,CHEMBL203,25755436,CHEMBL5444909,F,IC50,=,350,nM,6.46,CHEMBL5444388,10.6019/CHEMBL5444388,,,present,NO,2026-07-23 ChEMBL REST panel; dump rows use STANDARD_OK
EGFR/HER2,EH40_02,CHEMBL554,14805,A,EGFR,CHEMBL203,25755437,CHEMBL5444910,F,IC50,=,22400,nM,4.65,CHEMBL5444388,10.6019/CHEMBL5444388,,,present,NO,2026-07-23 ChEMBL REST panel; dump rows use STANDARD_OK
EGFR/HER2,EH40_02,CHEMBL554,14805,A,EGFR,CHEMBL203,25755438,CHEMBL5444911,F,IC50,=,4860,nM,5.31,CHEMBL5444388,10.6019/CHEMBL5444388,,,present,NO,2026-07-23 ChEMBL REST panel; dump rows use STANDARD_OK
EGFR/HER2,EH40_02,CHEMBL554,14805,A,EGFR,CHEMBL203,25755439,CHEMBL5444912,F,IC50,=,8580,nM,5.07,CHEMBL5444388,10.6019/CHEMBL5444388,,,present,NO,2026-07-23 ChEMBL REST panel; dump rows use STANDARD_OK
EGFR/HER2,EH40_02,CHEMBL554,14805,A,EGFR,CHEMBL203,25755710,CHEMBL5446056,B,IC50,=,80170,nM,4.1,CHEMBL5445981,10.6019/CHEMBL5445981,,,present,NO,2026-07-23 ChEMBL REST panel; dump rows use STANDARD_OK
EGFR/HER2,EH40_02,CHEMBL554,14805,A,EGFR,CHEMBL203,25755867,CHEMBL5446212,B,IC50,=,10.8,nM,7.97,CHEMBL5446079,10.6019/CHEMBL5446079,,,present,NO,2026-07-23 ChEMBL REST panel; dump rows use STANDARD_OK
EGFR/HER2,EH40_02,CHEMBL554,14805,A,EGFR,CHEMBL203,25790320,CHEMBL5479094,B,Kd,=,2.4,nM,8.62,CHEMBL5465560,10.6019/CHEMBL5465560,,,present,NO,2026-07-23 ChEMBL REST panel; dump rows use STANDARD_OK
EGFR/HER2,EH40_02,CHEMBL554,14805,A,EGFR,CHEMBL203,25790321,CHEMBL5479095,B,Kd,=,8.6,nM,8.07,CHEMBL5465560,10.6019/CHEMBL5465560,,,present,NO,2026-07-23 ChEMBL REST panel; dump rows use STANDARD_OK
EGFR/HER2,EH40_02,CHEMBL554,14805,A,EGFR,CHEMBL203,25790322,CHEMBL5479096,B,Kd,=,0.92,nM,9.04,CHEMBL5465560,10.6019/CHEMBL5465560,,,present,NO,2026-07-23 ChEMBL REST panel; dump rows use STANDARD_OK
EGFR/HER2,EH40_02,CHEMBL554,14805,A,EGFR,CHEMBL203,25790323,CHEMBL5479097,B,Kd,=,2.1,nM,8.68,CHEMBL5465560,10.6019/CHEMBL5465560,,,present,NO,2026-07-23 ChEMBL REST panel; dump rows use STANDARD_OK
EGFR/HER2,EH40_02,CHEMBL554,14805,A,EGFR,CHEMBL203,25790324,CHEMBL5479098,B,Kd,=,2.2,nM,8.66,CHEMBL5465560,10.6019/CHEMBL5465560,,,present,NO,2026-07-23 ChEMBL REST panel; dump rows use STANDARD_OK
EGFR/HER2,EH40_02,CHEMBL554,14805,A,EGFR,CHEMBL203,25790325,CHEMBL5479099,B,Kd,=,3.5,nM,8.46,CHEMBL5465560,10.6019/CHEMBL5465560,,,present,NO,2026-07-23 ChEMBL REST panel; dump rows use STANDARD_OK
EGFR/HER2,EH40_02,CHEMBL554,14805,A,EGFR,CHEMBL203,25790326,CHEMBL5479100,B,Kd,=,3.9,nM,8.41,CHEMBL5465560,10.6019/CHEMBL5465560,,,present,NO,2026-07-23 ChEMBL REST panel; dump rows use STANDARD_OK
EGFR/HER2,EH40_02,CHEMBL554,14805,A,EGFR,CHEMBL203,25790327,CHEMBL5479101,B,Kd,=,2.8,nM,8.55,CHEMBL5465560,10.6019/CHEMBL5465560,,,present,NO,2026-07-23 ChEMBL REST panel; dump rows use STANDARD_OK
EGFR/HER2,EH40_02,CHEMBL554,14805,A,EGFR,CHEMBL203,25790328,CHEMBL5479102,B,Kd,=,1.2,nM,8.92,CHEMBL5465560,10.6019/CHEMBL5465560,,,present,NO,2026-07-23 ChEMBL REST panel; dump rows use STANDARD_OK
EGFR/HER2,EH40_02,CHEMBL554,14805,A,EGFR,CHEMBL203,25790329,CHEMBL5479103,B,Kd,=,4.2,nM,8.38,CHEMBL5465560,10.6019/CHEMBL5465560,,,present,NO,2026-07-23 ChEMBL REST panel; dump rows use STANDARD_OK
EGFR/HER2,EH40_02,CHEMBL554,14805,A,EGFR,CHEMBL203,25790342,CHEMBL5479116,B,Kd,=,0.9,nM,9.05,CHEMBL5465560,10.6019/CHEMBL5465560,,,present,NO,2026-07-23 ChEMBL REST panel; dump rows use STANDARD_OK
EGFR/HER2,EH40_02,CHEMBL554,14805,A,EGFR,CHEMBL203,25790343,CHEMBL5479117,B,Kd,=,1.2,nM,8.92,CHEMBL5465560,10.6019/CHEMBL5465560,,,present,NO,2026-07-23 ChEMBL REST panel; dump rows use STANDARD_OK
EGFR/HER2,EH40_02,CHEMBL554,14805,A,EGFR,CHEMBL203,25790344,CHEMBL5479118,B,Kd,=,2.1,nM,8.68,CHEMBL5465560,10.6019/CHEMBL5465560,,,present,NO,2026-07-23 ChEMBL REST panel; dump rows use STANDARD_OK
EGFR/HER2,EH40_02,CHEMBL554,14805,A,EGFR,CHEMBL203,25790345,CHEMBL5479119,B,Kd,=,2.2,nM,8.66,CHEMBL5465560,10.6019/CHEMBL5465560,,,present,NO,2026-07-23 ChEMBL REST panel; dump rows use STANDARD_OK
EGFR/HER2,EH40_02,CHEMBL554,14805,A,EGFR,CHEMBL203,25790346,CHEMBL5479120,B,Kd,=,2.4,nM,8.62,CHEMBL5465560,10.6019/CHEMBL5465560,,,present,NO,2026-07-23 ChEMBL REST panel; dump rows use STANDARD_OK
EGFR/HER2,EH40_02,CHEMBL554,14805,A,EGFR,CHEMBL203,25790347,CHEMBL5479121,B,Kd,=,2.8,nM,8.55,CHEMBL5465560,10.6019/CHEMBL5465560,,,present,NO,2026-07-23 ChEMBL REST panel; dump rows use STANDARD_OK
EGFR/HER2,EH40_02,CHEMBL554,14805,A,EGFR,CHEMBL203,25790348,CHEMBL5479122,B,Kd,=,3.5,nM,8.46,CHEMBL5465560,10.6019/CHEMBL5465560,,,present,NO,2026-07-23 ChEMBL REST panel; dump rows use STANDARD_OK
EGFR/HER2,EH40_02,CHEMBL554,14805,A,EGFR,CHEMBL203,25790349,CHEMBL5479123,B,Kd,=,3.9,nM,8.41,CHEMBL5465560,10.6019/CHEMBL5465560,,,present,NO,2026-07-23 ChEMBL REST panel; dump rows use STANDARD_OK
EGFR/HER2,EH40_02,CHEMBL554,14805,A,EGFR,CHEMBL203,25790350,CHEMBL5479124,B,Kd,=,4.2,nM,8.38,CHEMBL5465560,10.6019/CHEMBL5465560,,,present,NO,2026-07-23 ChEMBL REST panel; dump rows use STANDARD_OK
EGFR/HER2,EH40_02,CHEMBL554,14805,A,EGFR,CHEMBL203,25790351,CHEMBL5479125,B,Kd,=,8.6,nM,8.07,CHEMBL5465560,10.6019/CHEMBL5465560,,,present,NO,2026-07-23 ChEMBL REST panel; dump rows use STANDARD_OK
EGFR/HER2,EH40_02,CHEMBL554,14805,A,EGFR,CHEMBL203,25790352,CHEMBL5479126,B,Kd,=,860,nM,6.07,CHEMBL5465560,10.6019/CHEMBL5465560,,,present,NO,2026-07-23 ChEMBL REST panel; dump rows use STANDARD_OK
EGFR/HER2,EH40_02,CHEMBL554,14805,A,EGFR,CHEMBL203,26039765,CHEMBL5585678,B,IC50,=,10.28,nM,7.99,CHEMBL5584246,10.1016/j.ejmech.2024.116607,38908102,,present,NO,2026-07-23 ChEMBL REST panel; dump rows use STANDARD_OK
EGFR/HER2,EH40_02,CHEMBL554,14805,A,EGFR,CHEMBL203,26039771,CHEMBL5585679,B,IC50,=,10.8,nM,7.97,CHEMBL5584246,10.1016/j.ejmech.2024.116607,38908102,,present,NO,2026-07-23 ChEMBL REST panel; dump rows use STANDARD_OK
EGFR/HER2,EH40_02,CHEMBL554,14805,A,EGFR,CHEMBL203,26110303,CHEMBL5609680,B,IC50,=,9.8,nM,8.01,CHEMBL5608196,10.1016/j.ejmech.2024.116680,39018924,,present,NO,2026-07-23 ChEMBL REST panel; dump rows use STANDARD_OK
EGFR/HER2,EH40_02,CHEMBL554,14805,A,EGFR,CHEMBL203,26212426,CHEMBL5647777,B,IC50,=,3,nM,8.52,CHEMBL5647683,10.1038/onc.2008.109,18408761,,present,NO,2026-07-23 ChEMBL REST panel; dump rows use STANDARD_OK
EGFR/HER2,EH40_02,CHEMBL554,14805,A,EGFR,CHEMBL203,26212430,CHEMBL5647778,B,IC50,=,8,nM,8.1,CHEMBL5647683,10.1038/onc.2008.109,18408761,,present,NO,2026-07-23 ChEMBL REST panel; dump rows use STANDARD_OK
EGFR/HER2,EH40_02,CHEMBL554,14805,A,EGFR,CHEMBL203,26212506,CHEMBL5647833,B,EC50,=,105,nM,6.98,CHEMBL5647683,10.1038/onc.2008.109,18408761,,present,NO,2026-07-23 ChEMBL REST panel; dump rows use STANDARD_OK
EGFR/HER2,EH40_02,CHEMBL554,14805,A,EGFR,CHEMBL203,26212538,CHEMBL5647848,B,IC50,=,534,nM,6.27,CHEMBL5647683,10.1038/onc.2008.109,18408761,,present,NO,2026-07-23 ChEMBL REST panel; dump rows use STANDARD_OK
EGFR/HER2,EH40_02,CHEMBL554,14805,A,EGFR,CHEMBL203,26212543,CHEMBL5647849,B,IC50,=,63,nM,7.2,CHEMBL5647683,10.1038/onc.2008.109,18408761,,present,NO,2026-07-23 ChEMBL REST panel; dump rows use STANDARD_OK
EGFR/HER2,EH40_02,CHEMBL554,14805,A,EGFR,CHEMBL203,27244244,CHEMBL5732474,B,IC50,=,7.6,nM,8.12,CHEMBL5726319,,,US-9730934-B2,present,NO,2026-07-23 ChEMBL REST panel; dump rows use STANDARD_OK
EGFR/HER2,EH40_02,CHEMBL554,14805,A,EGFR,CHEMBL203,27814598,CHEMBL5734616,B,IC50,=,16,nM,7.8,CHEMBL5727419,,,US-10507209-B2,present,NO,2026-07-23 ChEMBL REST panel; dump rows use STANDARD_OK
EGFR/HER2,EH40_02,CHEMBL554,14805,A,EGFR,CHEMBL203,28170584,CHEMBL5735981,B,IC50,=,3.07,nM,8.51,CHEMBL5728076,,,US-10822334-B2,present,NO,2026-07-23 ChEMBL REST panel; dump rows use STANDARD_OK
EGFR/HER2,EH40_02,CHEMBL554,14805,A,EGFR,CHEMBL203,29195869,CHEMBL6117352,B,IC50,=,3,nM,8.52,CHEMBL6114993,10.1016/j.bmc.2025.118109,39955801,,present,NO,2026-07-23 ChEMBL REST panel; dump rows use STANDARD_OK
EGFR/HER2,EH40_02,CHEMBL554,14805,B,ERBB2,CHEMBL1824,190222,CHEMBL682312,B,IC50,=,9,nM,8.05,CHEMBL1146682,10.1016/j.bmcl.2003.10.010,14684309,,present,NO,2026-07-23 ChEMBL REST panel; dump rows use STANDARD_OK
EGFR/HER2,EH40_02,CHEMBL554,14805,B,ERBB2,CHEMBL1824,1650927,CHEMBL860920,B,Kd,=,11,nM,7.96,CHEMBL1144455,10.1038/nbt1068,15711537,,present,NO,2026-07-23 ChEMBL REST panel; dump rows use STANDARD_OK
EGFR/HER2,EH40_02,CHEMBL554,14805,B,ERBB2,CHEMBL1824,1710035,CHEMBL861551,B,IC50,=,9,nM,8.05,CHEMBL1147004,10.1016/j.bmcl.2006.01.111,16483772,,present,NO,2026-07-23 ChEMBL REST panel; dump rows use STANDARD_OK
EGFR/HER2,EH40_02,CHEMBL554,14805,B,ERBB2,CHEMBL1824,1766835,CHEMBL910356,B,IC50,=,10,nM,8,CHEMBL1149340,10.1016/j.bmcl.2006.05.090,16777410,,present,NO,2026-07-23 ChEMBL REST panel; dump rows use STANDARD_OK
EGFR/HER2,EH40_02,CHEMBL554,14805,B,ERBB2,CHEMBL1824,2344031,CHEMBL953992,B,IC50,=,9,nM,8.05,CHEMBL1150417,10.1021/jm7013875,18500794,,present,NO,2026-07-23 ChEMBL REST panel; dump rows use STANDARD_OK
EGFR/HER2,EH40_02,CHEMBL554,14805,B,ERBB2,CHEMBL1824,2906048,CHEMBL1061896,B,Kd,=,7,nM,8.15,CHEMBL1150977,10.1038/nbt1358,18183025,,present,NO,2026-07-23 ChEMBL REST panel; dump rows use STANDARD_OK
EGFR/HER2,EH40_02,CHEMBL554,14805,B,ERBB2,CHEMBL1824,2943659,CHEMBL1044056,B,IC50,=,36,nM,7.44,CHEMBL1154692,10.1021/jm901146p,19888761,,present,NO,2026-07-23 ChEMBL REST panel; dump rows use STANDARD_OK
EGFR/HER2,EH40_02,CHEMBL554,14805,B,ERBB2,CHEMBL1824,3120279,CHEMBL1064922,B,IC50,=,10.2,nM,7.99,CHEMBL1157563,10.1021/jm901453q,20143778,,present,NO,2026-07-23 ChEMBL REST panel; dump rows use STANDARD_OK
EGFR/HER2,EH40_02,CHEMBL554,14805,B,ERBB2,CHEMBL1824,3186229,CHEMBL1111475,B,IC50,=,10,nM,8,CHEMBL1155389,10.1021/jm901132v,20166671,,present,NO,2026-07-23 ChEMBL REST panel; dump rows use STANDARD_OK
EGFR/HER2,EH40_02,CHEMBL554,14805,B,ERBB2,CHEMBL1824,3240783,CHEMBL1108836,B,IC50,=,100,nM,7,CHEMBL1156213,10.1016/j.bmcl.2010.03.015,20346655,,present,NO,2026-07-23 ChEMBL REST panel; dump rows use STANDARD_OK
EGFR/HER2,EH40_02,CHEMBL554,14805,B,ERBB2,CHEMBL1824,3505083,CHEMBL1260611,B,IC50,=,140,nM,6.85,CHEMBL1255185,10.1016/j.bmcl.2010.08.052,20817523,,present,NO,2026-07-23 ChEMBL REST panel; dump rows use STANDARD_OK
EGFR/HER2,EH40_02,CHEMBL554,14805,B,ERBB2,CHEMBL1824,5112221,CHEMBL1640695,B,IC50,=,4.5,nM,8.35,CHEMBL1629443,10.1021/jm100665z,21080629,,present,NO,2026-07-23 ChEMBL REST panel; dump rows use STANDARD_OK
EGFR/HER2,EH40_02,CHEMBL554,14805,B,ERBB2,CHEMBL1824,7579944,CHEMBL1908501,B,Kd,=,7,nM,8.15,CHEMBL1908390,10.1038/nbt.1990,22037378,,present,NO,2026-07-23 ChEMBL REST panel; dump rows use STANDARD_OK
EGFR/HER2,EH40_02,CHEMBL554,14805,B,ERBB2,CHEMBL1824,7963977,CHEMBL1932748,B,IC50,=,10.3,nM,7.99,CHEMBL1926611,10.1016/j.bmc.2011.11.056,22182581,,present,NO,2026-07-23 ChEMBL REST panel; dump rows use STANDARD_OK
EGFR/HER2,EH40_02,CHEMBL554,14805,B,ERBB2,CHEMBL1824,7980806,CHEMBL1930723,B,IC50,=,60,nM,7.22,CHEMBL1926681,10.1016/j.bmc.2011.11.023,22169601,,present,NO,2026-07-23 ChEMBL REST panel; dump rows use STANDARD_OK
EGFR/HER2,EH40_02,CHEMBL554,14805,B,ERBB2,CHEMBL1824,7995683,CHEMBL1935839,B,IC50,=,9,nM,8.05,CHEMBL1933060,10.1016/j.bmcl.2011.10.103,22101132,,present,NO,2026-07-23 ChEMBL REST panel; dump rows use STANDARD_OK
EGFR/HER2,EH40_02,CHEMBL554,14805,B,ERBB2,CHEMBL1824,9614678,CHEMBL1963780,F,Ki,=,1.585,nM,8.8,CHEMBL1201862,,,,missing,YES,2026-07-23 ChEMBL REST panel; dump rows use STANDARD_OK
EGFR/HER2,EH40_02,CHEMBL554,14805,B,ERBB2,CHEMBL1824,9618393,CHEMBL1963780,F,Ki,=,1.585,nM,8.8,CHEMBL1201862,,,,missing,YES,2026-07-23 ChEMBL REST panel; dump rows use STANDARD_OK
EGFR/HER2,EH40_02,CHEMBL554,14805,B,ERBB2,CHEMBL1824,10896852,CHEMBL2038918,B,IC50,=,36.3,nM,7.44,CHEMBL2034880,10.1021/jm201758g,22372864,,present,NO,2026-07-23 ChEMBL REST panel; dump rows use STANDARD_OK
EGFR/HER2,EH40_02,CHEMBL554,14805,B,ERBB2,CHEMBL1824,13868694,CHEMBL3100590,B,IC50,=,42,nM,7.38,CHEMBL3098113,10.1016/j.bmcl.2013.11.064,24355130,,present,NO,2026-07-23 ChEMBL REST panel; dump rows use STANDARD_OK
EGFR/HER2,EH40_02,CHEMBL554,14805,B,ERBB2,CHEMBL1824,15130273,CHEMBL3385739,B,IC50,=,2.7,nM,8.57,CHEMBL3352165,10.1016/j.ejmech.2014.10.006,25305330,,present,NO,2026-07-23 ChEMBL REST panel; dump rows use STANDARD_OK
EGFR/HER2,EH40_02,CHEMBL554,14805,B,ERBB2,CHEMBL1824,15774411,CHEMBL3636785,B,IC50,=,9,nM,8.05,CHEMBL3632549,10.1016/j.bmcl.2015.10.003,26475520,,present,NO,2026-07-23 ChEMBL REST panel; dump rows use STANDARD_OK
EGFR/HER2,EH40_02,CHEMBL554,14805,B,ERBB2,CHEMBL1824,16416987,CHEMBL3750871,B,IC50,=,540,nM,6.27,CHEMBL3745647,10.1016/j.bmcl.2015.11.040,26652482,,present,NO,2026-07-23 ChEMBL REST panel; dump rows use STANDARD_OK
EGFR/HER2,EH40_02,CHEMBL554,14805,B,ERBB2,CHEMBL1824,16612209,CHEMBL3815440,B,IC50,=,60.1,nM,7.22,CHEMBL3813636,10.1016/j.bmc.2016.05.063,27288180,,present,NO,2026-07-23 ChEMBL REST panel; dump rows use STANDARD_OK
EGFR/HER2,EH40_02,CHEMBL554,14805,B,ERBB2,CHEMBL1824,16666098,CHEMBL3854310,B,IC50,=,17,nM,7.77,CHEMBL3853296,10.1016/j.ejmech.2016.04.072,27187856,,present,NO,2026-07-23 ChEMBL REST panel; dump rows use STANDARD_OK
EGFR/HER2,EH40_02,CHEMBL554,14805,B,ERBB2,CHEMBL1824,16811353,CHEMBL3870716,B,IC50,=,9.2,nM,8.04,CHEMBL3870325,10.1016/j.bmc.2016.10.006,27769671,,present,NO,2026-07-23 ChEMBL REST panel; dump rows use STANDARD_OK
EGFR/HER2,EH40_02,CHEMBL554,14805,B,ERBB2,CHEMBL1824,16811393,CHEMBL3870705,B,IC50,=,23.9,nM,7.62,CHEMBL3870325,10.1016/j.bmc.2016.10.006,27769671,,present,NO,2026-07-23 ChEMBL REST panel; dump rows use STANDARD_OK
EGFR/HER2,EH40_02,CHEMBL554,14805,B,ERBB2,CHEMBL1824,18784568,CHEMBL4271177,B,IC50,=,9.2,nM,8.04,CHEMBL4270496,10.1016/j.ejmech.2017.07.023,28754471,,present,NO,2026-07-23 ChEMBL REST panel; dump rows use STANDARD_OK
EGFR/HER2,EH40_02,CHEMBL554,14805,B,ERBB2,CHEMBL1824,18945185,CHEMBL4329617,B,IC50,=,32.7,nM,7.49,CHEMBL4325914,10.1021/acs.jmedchem.8b01612,30508379,,present,NO,2026-07-23 ChEMBL REST panel; dump rows use STANDARD_OK
EGFR/HER2,EH40_02,CHEMBL554,14805,B,ERBB2,CHEMBL1824,18997607,CHEMBL4342909,B,IC50,=,9.8,nM,8.01,CHEMBL4342409,10.1016/j.ejmech.2019.03.004,30878832,,present,NO,2026-07-23 ChEMBL REST panel; dump rows use STANDARD_OK
EGFR/HER2,EH40_02,CHEMBL554,14805,B,ERBB2,CHEMBL1824,20689341,CHEMBL4625050,B,IC50,=,9.2,nM,8.04,CHEMBL4622931,10.1016/j.bmcl.2020.127288,32631510,,present,NO,2026-07-23 ChEMBL REST panel; dump rows use STANDARD_OK
EGFR/HER2,EH40_02,CHEMBL554,14805,B,ERBB2,CHEMBL1824,20708050,CHEMBL4628614,B,IC50,=,13,nM,7.89,CHEMBL4627322,10.1016/j.bmcl.2020.127045,32139324,,present,NO,2026-07-23 ChEMBL REST panel; dump rows use STANDARD_OK
EGFR/HER2,EH40_02,CHEMBL554,14805,B,ERBB2,CHEMBL1824,22408419,CHEMBL4670947,B,IC50,=,2.8,nM,8.55,CHEMBL4665812,10.1021/acs.jmedchem.0c00870,32931277,,present,NO,2026-07-23 ChEMBL REST panel; dump rows use STANDARD_OK
EGFR/HER2,EH40_02,CHEMBL554,14805,B,ERBB2,CHEMBL1824,22853639,CHEMBL4724282,B,IC50,=,95.5,nM,7.02,CHEMBL4715878,10.1021/acs.jmedchem.0c01647,33314925,,present,NO,2026-07-23 ChEMBL REST panel; dump rows use STANDARD_OK
EGFR/HER2,EH40_02,CHEMBL554,14805,B,ERBB2,CHEMBL1824,24815690,CHEMBL5138506,B,IC50,=,9.2,nM,8.04,CHEMBL5137005,10.1021/acs.jmedchem.1c01714,35311289,,present,NO,2026-07-23 ChEMBL REST panel; dump rows use STANDARD_OK
EGFR/HER2,EH40_02,CHEMBL554,14805,B,ERBB2,CHEMBL1824,24862048,CHEMBL5150422,B,IC50,=,9.8,nM,8.01,CHEMBL5149968,10.1016/j.ejmech.2021.113218,33540357,,present,NO,2026-07-23 ChEMBL REST panel; dump rows use STANDARD_OK
EGFR/HER2,EH40_02,CHEMBL554,14805,B,ERBB2,CHEMBL1824,24959145,CHEMBL5215236,B,IC50,=,29.2,nM,7.54,CHEMBL5214889,10.1016/j.ejmech.2020.113016,33243532,,present,NO,2026-07-23 ChEMBL REST panel; dump rows use STANDARD_OK
EGFR/HER2,EH40_02,CHEMBL554,14805,B,ERBB2,CHEMBL1824,24984417,CHEMBL5227276,B,IC50,=,9.8,nM,8.01,CHEMBL5226297,10.1021/acs.jmedchem.0c01180,33650861,,present,NO,2026-07-23 ChEMBL REST panel; dump rows use STANDARD_OK
EGFR/HER2,EH40_02,CHEMBL554,14805,B,ERBB2,CHEMBL1824,25620619,CHEMBL5363569,B,IC50,=,11,nM,7.96,CHEMBL5360595,10.1021/acs.jmedchem.3c00252,37421416,,present,NO,2026-07-23 ChEMBL REST panel; dump rows use STANDARD_OK
EGFR/HER2,EH40_02,CHEMBL554,14805,B,ERBB2,CHEMBL1824,25755448,CHEMBL5444896,F,IC50,=,80100,nM,4.1,CHEMBL5444388,10.6019/CHEMBL5444388,,,present,NO,2026-07-23 ChEMBL REST panel; dump rows use STANDARD_OK
EGFR/HER2,EH40_02,CHEMBL554,14805,B,ERBB2,CHEMBL1824,25755449,CHEMBL5444921,F,IC50,=,210,nM,6.68,CHEMBL5444388,10.6019/CHEMBL5444388,,,present,NO,2026-07-23 ChEMBL REST panel; dump rows use STANDARD_OK
EGFR/HER2,EH40_02,CHEMBL554,14805,B,ERBB2,CHEMBL1824,25755450,CHEMBL5444922,F,IC50,=,60,nM,7.22,CHEMBL5444388,10.6019/CHEMBL5444388,,,present,NO,2026-07-23 ChEMBL REST panel; dump rows use STANDARD_OK
EGFR/HER2,EH40_02,CHEMBL554,14805,B,ERBB2,CHEMBL1824,25755451,CHEMBL5444923,F,IC50,=,2600,nM,5.58,CHEMBL5444388,10.6019/CHEMBL5444388,,,present,NO,2026-07-23 ChEMBL REST panel; dump rows use STANDARD_OK
EGFR/HER2,EH40_02,CHEMBL554,14805,B,ERBB2,CHEMBL1824,25755452,CHEMBL5444924,F,IC50,=,80,nM,7.1,CHEMBL5444388,10.6019/CHEMBL5444388,,,present,NO,2026-07-23 ChEMBL REST panel; dump rows use STANDARD_OK
EGFR/HER2,EH40_02,CHEMBL554,14805,B,ERBB2,CHEMBL1824,25755453,CHEMBL5444925,F,IC50,=,10000,nM,5,CHEMBL5444388,10.6019/CHEMBL5444388,,,present,NO,2026-07-23 ChEMBL REST panel; dump rows use STANDARD_OK
EGFR/HER2,EH40_02,CHEMBL554,14805,B,ERBB2,CHEMBL1824,25755454,CHEMBL5444926,F,IC50,=,14200,nM,4.85,CHEMBL5444388,10.6019/CHEMBL5444388,,,present,NO,2026-07-23 ChEMBL REST panel; dump rows use STANDARD_OK
EGFR/HER2,EH40_02,CHEMBL554,14805,B,ERBB2,CHEMBL1824,25755455,CHEMBL5444927,F,IC50,=,10500,nM,4.98,CHEMBL5444388,10.6019/CHEMBL5444388,,,present,NO,2026-07-23 ChEMBL REST panel; dump rows use STANDARD_OK
EGFR/HER2,EH40_02,CHEMBL554,14805,B,ERBB2,CHEMBL1824,25755456,CHEMBL5444928,F,IC50,=,14500,nM,4.84,CHEMBL5444388,10.6019/CHEMBL5444388,,,present,NO,2026-07-23 ChEMBL REST panel; dump rows use STANDARD_OK
EGFR/HER2,EH40_02,CHEMBL554,14805,B,ERBB2,CHEMBL1824,25755457,CHEMBL5444929,F,IC50,=,1100,nM,5.96,CHEMBL5444388,10.6019/CHEMBL5444388,,,present,NO,2026-07-23 ChEMBL REST panel; dump rows use STANDARD_OK
EGFR/HER2,EH40_02,CHEMBL554,14805,B,ERBB2,CHEMBL1824,25755458,CHEMBL5444930,F,IC50,=,10,nM,8,CHEMBL5444388,10.6019/CHEMBL5444388,,,present,NO,2026-07-23 ChEMBL REST panel; dump rows use STANDARD_OK
EGFR/HER2,EH40_02,CHEMBL554,14805,B,ERBB2,CHEMBL1824,25755459,CHEMBL5444931,F,IC50,=,90,nM,7.05,CHEMBL5444388,10.6019/CHEMBL5444388,,,present,NO,2026-07-23 ChEMBL REST panel; dump rows use STANDARD_OK
EGFR/HER2,EH40_02,CHEMBL554,14805,B,ERBB2,CHEMBL1824,25755460,CHEMBL5444932,F,IC50,=,350,nM,6.46,CHEMBL5444388,10.6019/CHEMBL5444388,,,present,NO,2026-07-23 ChEMBL REST panel; dump rows use STANDARD_OK
EGFR/HER2,EH40_02,CHEMBL554,14805,B,ERBB2,CHEMBL1824,25755461,CHEMBL5444933,F,IC50,=,2240,nM,5.65,CHEMBL5444388,10.6019/CHEMBL5444388,,,present,NO,2026-07-23 ChEMBL REST panel; dump rows use STANDARD_OK
EGFR/HER2,EH40_02,CHEMBL554,14805,B,ERBB2,CHEMBL1824,25755462,CHEMBL5444934,F,IC50,=,4860,nM,5.31,CHEMBL5444388,10.6019/CHEMBL5444388,,,present,NO,2026-07-23 ChEMBL REST panel; dump rows use STANDARD_OK
EGFR/HER2,EH40_02,CHEMBL554,14805,B,ERBB2,CHEMBL1824,25755463,CHEMBL5444935,F,IC50,=,8580,nM,5.07,CHEMBL5444388,10.6019/CHEMBL5444388,,,present,NO,2026-07-23 ChEMBL REST panel; dump rows use STANDARD_OK
EGFR/HER2,EH40_02,CHEMBL554,14805,B,ERBB2,CHEMBL1824,25755711,CHEMBL5446055,B,IC50,=,80170,nM,4.1,CHEMBL5445981,10.6019/CHEMBL5445981,,,present,NO,2026-07-23 ChEMBL REST panel; dump rows use STANDARD_OK
EGFR/HER2,EH40_02,CHEMBL554,14805,B,ERBB2,CHEMBL1824,25755868,CHEMBL5446211,B,IC50,=,9.2,nM,8.04,CHEMBL5446079,10.6019/CHEMBL5446079,,,present,NO,2026-07-23 ChEMBL REST panel; dump rows use STANDARD_OK
EGFR/HER2,EH40_02,CHEMBL554,14805,B,ERBB2,CHEMBL1824,25790353,CHEMBL5479143,B,Kd,=,7,nM,8.15,CHEMBL5465560,10.6019/CHEMBL5465560,,,present,NO,2026-07-23 ChEMBL REST panel; dump rows use STANDARD_OK
EGFR/HER2,EH40_02,CHEMBL554,14805,B,ERBB2,CHEMBL1824,25790355,CHEMBL5479145,B,Kd,=,7,nM,8.15,CHEMBL5465560,10.6019/CHEMBL5465560,,,present,NO,2026-07-23 ChEMBL REST panel; dump rows use STANDARD_OK
EGFR/HER2,EH40_02,CHEMBL554,14805,B,ERBB2,CHEMBL1824,25979075,CHEMBL5546055,B,IC50,=,14,nM,7.85,CHEMBL5543120,10.1021/acs.jmedchem.3c02302,38518121,,present,NO,2026-07-23 ChEMBL REST panel; dump rows use STANDARD_OK
EGFR/HER2,EH40_02,CHEMBL554,14805,B,ERBB2,CHEMBL1824,26110304,CHEMBL5609681,B,IC50,=,10.2,nM,7.99,CHEMBL5608196,10.1016/j.ejmech.2024.116680,39018924,,present,NO,2026-07-23 ChEMBL REST panel; dump rows use STANDARD_OK
EGFR/HER2,EH40_02,CHEMBL554,14805,B,ERBB2,CHEMBL1824,26212438,CHEMBL5647780,B,IC50,=,15,nM,7.82,CHEMBL5647683,10.1038/onc.2008.109,18408761,,present,NO,2026-07-23 ChEMBL REST panel; dump rows use STANDARD_OK
EGFR/HER2,EH40_02,CHEMBL554,14805,B,ERBB2,CHEMBL1824,26212510,CHEMBL5647834,B,EC50,=,171,nM,6.77,CHEMBL5647683,10.1038/onc.2008.109,18408761,,present,NO,2026-07-23 ChEMBL REST panel; dump rows use STANDARD_OK
EGFR/HER2,EH40_02,CHEMBL554,14805,B,ERBB2,CHEMBL1824,26212514,CHEMBL5647835,B,EC50,=,99,nM,7,CHEMBL5647683,10.1038/onc.2008.109,18408761,,present,NO,2026-07-23 ChEMBL REST panel; dump rows use STANDARD_OK
EGFR/HER2,EH40_02,CHEMBL554,14805,B,ERBB2,CHEMBL1824,26212518,CHEMBL5647836,B,EC50,=,101,nM,7,CHEMBL5647683,10.1038/onc.2008.109,18408761,,present,NO,2026-07-23 ChEMBL REST panel; dump rows use STANDARD_OK
EGFR/HER2,EH40_02,CHEMBL554,14805,B,ERBB2,CHEMBL1824,28170581,CHEMBL5735980,B,IC50,=,23.1,nM,7.64,CHEMBL5728076,,,US-10822334-B2,present,NO,2026-07-23 ChEMBL REST panel; dump rows use STANDARD_OK
EGFR/HER2,EH40_02,CHEMBL554,14805,B,ERBB2,CHEMBL1824,29122421,CHEMBL6092695,B,IC50,=,15,nM,7.82,CHEMBL6092145,10.1016/j.bmc.2024.117902,39236467,,present,NO,2026-07-23 ChEMBL REST panel; dump rows use STANDARD_OK
EGFR/HER2,EH40_02,CHEMBL554,14805,B,ERBB2,CHEMBL1824,29195870,CHEMBL6117353,B,IC50,=,15,nM,7.82,CHEMBL6114993,10.1016/j.bmc.2025.118109,39955801,,present,NO,2026-07-23 ChEMBL REST panel; dump rows use STANDARD_OK
EGFR/HER2,EH40_03,CHEMBL5977738,3194739,A,EGFR,CHEMBL203,28855784,CHEMBL5738725,B,IC50,=,0.14,nM,9.85,CHEMBL5729445,,,US-11505527-B1,present,YES,2026-07-23 ChEMBL REST panel; dump rows use STANDARD_OK
EGFR/HER2,EH40_03,CHEMBL5977738,3194739,B,ERBB2,CHEMBL1824,28855787,CHEMBL5738726,B,IC50,=,0.34,nM,9.47,CHEMBL5729445,,,US-11505527-B1,present,YES,2026-07-23 ChEMBL REST panel; dump rows use STANDARD_OK
EGFR/HER2,EH40_04,CHEMBL2006715,1328006,A,EGFR,CHEMBL203,9610428,CHEMBL1963766,F,Ki,=,1.995,nM,8.7,CHEMBL1201862,,,,missing,YES,2026-07-23 ChEMBL REST panel; dump rows use STANDARD_OK
EGFR/HER2,EH40_04,CHEMBL2006715,1328006,B,ERBB2,CHEMBL1824,9614624,CHEMBL1963780,F,Ki,=,3.981,nM,8.4,CHEMBL1201862,,,,missing,YES,2026-07-23 ChEMBL REST panel; dump rows use STANDARD_OK
EGFR/HER2,EH40_05,CHEMBL483321,508707,A,EGFR,CHEMBL203,2898667,CHEMBL1060182,B,Kd,=,42,nM,7.38,CHEMBL1150977,10.1038/nbt1358,18183025,,present,NO,2026-07-23 ChEMBL REST panel; dump rows use STANDARD_OK
EGFR/HER2,EH40_05,CHEMBL483321,508707,A,EGFR,CHEMBL203,2898705,CHEMBL1061143,B,Kd,=,2000,nM,5.7,CHEMBL1150977,10.1038/nbt1358,18183025,,present,NO,2026-07-23 ChEMBL REST panel; dump rows use STANDARD_OK
EGFR/HER2,EH40_05,CHEMBL483321,508707,A,EGFR,CHEMBL203,2898743,CHEMBL1061068,B,Kd,=,10,nM,8,CHEMBL1150977,10.1038/nbt1358,18183025,,present,NO,2026-07-23 ChEMBL REST panel; dump rows use STANDARD_OK
EGFR/HER2,EH40_05,CHEMBL483321,508707,A,EGFR,CHEMBL203,2898781,CHEMBL1060190,B,Kd,=,17,nM,7.77,CHEMBL1150977,10.1038/nbt1358,18183025,,present,NO,2026-07-23 ChEMBL REST panel; dump rows use STANDARD_OK
EGFR/HER2,EH40_05,CHEMBL483321,508707,A,EGFR,CHEMBL203,2898819,CHEMBL1063796,B,Kd,=,720,nM,6.14,CHEMBL1150977,10.1038/nbt1358,18183025,,present,NO,2026-07-23 ChEMBL REST panel; dump rows use STANDARD_OK
EGFR/HER2,EH40_05,CHEMBL483321,508707,A,EGFR,CHEMBL203,2898857,CHEMBL1063797,B,Kd,=,1800,nM,5.75,CHEMBL1150977,10.1038/nbt1358,18183025,,present,NO,2026-07-23 ChEMBL REST panel; dump rows use STANDARD_OK
EGFR/HER2,EH40_05,CHEMBL483321,508707,A,EGFR,CHEMBL203,2898895,CHEMBL1051285,B,Kd,=,560,nM,6.25,CHEMBL1150977,10.1038/nbt1358,18183025,,present,NO,2026-07-23 ChEMBL REST panel; dump rows use STANDARD_OK
EGFR/HER2,EH40_05,CHEMBL483321,508707,A,EGFR,CHEMBL203,2898933,CHEMBL1062839,B,Kd,=,110,nM,6.96,CHEMBL1150977,10.1038/nbt1358,18183025,,present,NO,2026-07-23 ChEMBL REST panel; dump rows use STANDARD_OK
EGFR/HER2,EH40_05,CHEMBL483321,508707,A,EGFR,CHEMBL203,2904717,CHEMBL1051286,B,Kd,=,36,nM,7.44,CHEMBL1150977,10.1038/nbt1358,18183025,,present,NO,2026-07-23 ChEMBL REST panel; dump rows use STANDARD_OK
EGFR/HER2,EH40_05,CHEMBL483321,508707,A,EGFR,CHEMBL203,2904755,CHEMBL1050839,B,Kd,=,1000,nM,6,CHEMBL1150977,10.1038/nbt1358,18183025,,present,NO,2026-07-23 ChEMBL REST panel; dump rows use STANDARD_OK
EGFR/HER2,EH40_05,CHEMBL483321,508707,A,EGFR,CHEMBL203,16811350,CHEMBL3870719,B,IC50,=,6400,nM,5.19,CHEMBL3870325,10.1016/j.bmc.2016.10.006,27769671,,present,NO,2026-07-23 ChEMBL REST panel; dump rows use STANDARD_OK
EGFR/HER2,EH40_05,CHEMBL483321,508707,A,EGFR,CHEMBL203,17898395,CHEMBL3991696,B,Kd,=,71,nM,7.15,CHEMBL3991601,10.1126/science.aan4368,29191878,,present,NO,2026-07-23 ChEMBL REST panel; dump rows use STANDARD_OK
EGFR/HER2,EH40_05,CHEMBL483321,508707,A,EGFR,CHEMBL203,22853105,CHEMBL4724189,B,IC50,=,6400,nM,5.19,CHEMBL4715878,10.1021/acs.jmedchem.0c01647,33314925,,present,NO,2026-07-23 ChEMBL REST panel; dump rows use STANDARD_OK
EGFR/HER2,EH40_05,CHEMBL483321,508707,A,EGFR,CHEMBL203,25781094,CHEMBL5465728,B,IC50,=,6.4,nM,8.19,CHEMBL5465560,10.6019/CHEMBL5465560,,,present,YES,2026-07-23 ChEMBL REST panel; dump rows use STANDARD_OK
EGFR/HER2,EH40_05,CHEMBL483321,508707,A,EGFR,CHEMBL203,26239032,CHEMBL5663032,B,IC50,=,6400,nM,5.19,CHEMBL5661975,10.1158/0008-5472.can-06-3559,17942920,,present,NO,2026-07-23 ChEMBL REST panel; dump rows use STANDARD_OK
EGFR/HER2,EH40_05,CHEMBL483321,508707,A,EGFR,CHEMBL203,29092534,CHEMBL6083483,B,IC50,=,6400,nM,5.19,CHEMBL6083185,10.1016/j.ejmech.2024.116702,39059182,,present,NO,2026-07-23 ChEMBL REST panel; dump rows use STANDARD_OK
EGFR/HER2,EH40_05,CHEMBL483321,508707,B,ERBB2,CHEMBL1824,2344055,CHEMBL953992,B,IC50,=,12,nM,7.92,CHEMBL1150417,10.1021/jm7013875,18500794,,present,NO,2026-07-23 ChEMBL REST panel; dump rows use STANDARD_OK
EGFR/HER2,EH40_05,CHEMBL483321,508707,B,ERBB2,CHEMBL1824,2906038,CHEMBL1061896,B,Kd,=,43,nM,7.37,CHEMBL1150977,10.1038/nbt1358,18183025,,present,NO,2026-07-23 ChEMBL REST panel; dump rows use STANDARD_OK
EGFR/HER2,EH40_05,CHEMBL483321,508707,B,ERBB2,CHEMBL1824,16811348,CHEMBL3870720,B,IC50,=,10,nM,8,CHEMBL3870325,10.1016/j.bmc.2016.10.006,27769671,,present,YES,2026-07-23 ChEMBL REST panel; dump rows use STANDARD_OK
EGFR/HER2,EH40_05,CHEMBL483321,508707,B,ERBB2,CHEMBL1824,18997564,CHEMBL4342873,B,IC50,=,10,nM,8,CHEMBL4342409,10.1016/j.ejmech.2019.03.004,30878832,,present,YES,2026-07-23 ChEMBL REST panel; dump rows use STANDARD_OK
EGFR/HER2,EH40_05,CHEMBL483321,508707,B,ERBB2,CHEMBL1824,19298494,CHEMBL4413158,B,Kd,=,43,nM,7.37,CHEMBL4411304,10.1016/j.ejmech.2018.11.076,30594029,,present,NO,2026-07-23 ChEMBL REST panel; dump rows use STANDARD_OK
EGFR/HER2,EH40_05,CHEMBL483321,508707,B,ERBB2,CHEMBL1824,22420547,CHEMBL4673496,B,IC50,=,10,nM,8,CHEMBL4673178,10.1039/d0md00012d,33479663,,present,YES,2026-07-23 ChEMBL REST panel; dump rows use STANDARD_OK
EGFR/HER2,EH40_05,CHEMBL483321,508707,B,ERBB2,CHEMBL1824,22420548,CHEMBL4673497,B,IC50,=,32,nM,7.5,CHEMBL4673178,10.1039/d0md00012d,33479663,,present,NO,2026-07-23 ChEMBL REST panel; dump rows use STANDARD_OK
EGFR/HER2,EH40_05,CHEMBL483321,508707,B,ERBB2,CHEMBL1824,22853106,CHEMBL4724190,B,IC50,=,10,nM,8,CHEMBL4715878,10.1021/acs.jmedchem.0c01647,33314925,,present,YES,2026-07-23 ChEMBL REST panel; dump rows use STANDARD_OK
EGFR/HER2,EH40_05,CHEMBL483321,508707,B,ERBB2,CHEMBL1824,25754327,CHEMBL5444466,F,IC50,=,250,nM,6.6,CHEMBL5444388,10.6019/CHEMBL5444388,,,present,NO,2026-07-23 ChEMBL REST panel; dump rows use STANDARD_OK
EGFR/HER2,EH40_05,CHEMBL483321,508707,B,ERBB2,CHEMBL1824,25754328,CHEMBL5444467,F,IC50,=,710,nM,6.15,CHEMBL5444388,10.6019/CHEMBL5444388,,,present,NO,2026-07-23 ChEMBL REST panel; dump rows use STANDARD_OK
EGFR/HER2,EH40_05,CHEMBL483321,508707,B,ERBB2,CHEMBL1824,25754329,CHEMBL5444468,F,IC50,=,810,nM,6.09,CHEMBL5444388,10.6019/CHEMBL5444388,,,present,NO,2026-07-23 ChEMBL REST panel; dump rows use STANDARD_OK
EGFR/HER2,EH40_05,CHEMBL483321,508707,B,ERBB2,CHEMBL1824,25754330,CHEMBL5444469,F,IC50,=,950,nM,6.02,CHEMBL5444388,10.6019/CHEMBL5444388,,,present,NO,2026-07-23 ChEMBL REST panel; dump rows use STANDARD_OK
EGFR/HER2,EH40_05,CHEMBL483321,508707,B,ERBB2,CHEMBL1824,25754331,CHEMBL5444470,F,IC50,=,960,nM,6.02,CHEMBL5444388,10.6019/CHEMBL5444388,,,present,NO,2026-07-23 ChEMBL REST panel; dump rows use STANDARD_OK
EGFR/HER2,EH40_05,CHEMBL483321,508707,B,ERBB2,CHEMBL1824,25754332,CHEMBL5444471,F,IC50,=,99,nM,7,CHEMBL5444388,10.6019/CHEMBL5444388,,,present,NO,2026-07-23 ChEMBL REST panel; dump rows use STANDARD_OK
EGFR/HER2,EH40_05,CHEMBL483321,508707,B,ERBB2,CHEMBL1824,25754333,CHEMBL5444472,F,IC50,=,1000,nM,6,CHEMBL5444388,10.6019/CHEMBL5444388,,,present,NO,2026-07-23 ChEMBL REST panel; dump rows use STANDARD_OK
EGFR/HER2,EH40_05,CHEMBL483321,508707,B,ERBB2,CHEMBL1824,25754334,CHEMBL5444473,F,IC50,=,1500,nM,5.82,CHEMBL5444388,10.6019/CHEMBL5444388,,,present,NO,2026-07-23 ChEMBL REST panel; dump rows use STANDARD_OK
EGFR/HER2,EH40_05,CHEMBL483321,508707,B,ERBB2,CHEMBL1824,25754335,CHEMBL5444474,F,IC50,=,1900,nM,5.72,CHEMBL5444388,10.6019/CHEMBL5444388,,,present,NO,2026-07-23 ChEMBL REST panel; dump rows use STANDARD_OK
EGFR/HER2,EH40_05,CHEMBL483321,508707,B,ERBB2,CHEMBL1824,25754336,CHEMBL5444475,F,IC50,=,2400,nM,5.62,CHEMBL5444388,10.6019/CHEMBL5444388,,,present,NO,2026-07-23 ChEMBL REST panel; dump rows use STANDARD_OK
EGFR/HER2,EH40_05,CHEMBL483321,508707,B,ERBB2,CHEMBL1824,25754337,CHEMBL5444476,F,IC50,=,2500,nM,5.6,CHEMBL5444388,10.6019/CHEMBL5444388,,,present,NO,2026-07-23 ChEMBL REST panel; dump rows use STANDARD_OK
EGFR/HER2,EH40_05,CHEMBL483321,508707,B,ERBB2,CHEMBL1824,25754338,CHEMBL5444477,F,IC50,=,3700,nM,5.43,CHEMBL5444388,10.6019/CHEMBL5444388,,,present,NO,2026-07-23 ChEMBL REST panel; dump rows use STANDARD_OK
EGFR/HER2,EH40_05,CHEMBL483321,508707,B,ERBB2,CHEMBL1824,25754339,CHEMBL5444478,F,IC50,=,9800,nM,5.01,CHEMBL5444388,10.6019/CHEMBL5444388,,,present,NO,2026-07-23 ChEMBL REST panel; dump rows use STANDARD_OK
EGFR/HER2,EH40_05,CHEMBL483321,508707,B,ERBB2,CHEMBL1824,25755660,CHEMBL5445982,B,IC50,=,32,nM,7.5,CHEMBL5445981,10.6019/CHEMBL5445981,,,present,NO,2026-07-23 ChEMBL REST panel; dump rows use STANDARD_OK
EGFR/HER2,EH40_05,CHEMBL483321,508707,B,ERBB2,CHEMBL1824,25755788,CHEMBL5446083,B,IC50,=,10,nM,8,CHEMBL5446079,10.6019/CHEMBL5446079,,,present,YES,2026-07-23 ChEMBL REST panel; dump rows use STANDARD_OK
EGFR/HER2,EH40_05,CHEMBL483321,508707,B,ERBB2,CHEMBL1824,25781101,CHEMBL5465751,B,IC50,=,10,nM,8,CHEMBL5465560,10.6019/CHEMBL5465560,,,present,YES,2026-07-23 ChEMBL REST panel; dump rows use STANDARD_OK
EGFR/HER2,EH40_05,CHEMBL483321,508707,B,ERBB2,CHEMBL1824,26239031,CHEMBL5663031,B,IC50,=,10,nM,8,CHEMBL5661975,10.1158/0008-5472.can-06-3559,17942920,,present,YES,2026-07-23 ChEMBL REST panel; dump rows use STANDARD_OK
EGFR/HER2,EH40_05,CHEMBL483321,508707,B,ERBB2,CHEMBL1824,26239045,CHEMBL5663045,B,IC50,=,32,nM,7.5,CHEMBL5661975,10.1158/0008-5472.can-06-3559,17942920,,present,NO,2026-07-23 ChEMBL REST panel; dump rows use STANDARD_OK
EGFR/HER2,EH40_05,CHEMBL483321,508707,B,ERBB2,CHEMBL1824,29092533,CHEMBL6083482,B,IC50,=,10,nM,8,CHEMBL6083185,10.1016/j.ejmech.2024.116702,39059182,,present,YES,2026-07-23 ChEMBL REST panel; dump rows use STANDARD_OK
EGFR/HER2,EH40_06,CHEMBL3911796,2121167,A,EGFR,CHEMBL203,16811416,CHEMBL3870704,B,IC50,=,4.2,nM,8.38,CHEMBL3870325,10.1016/j.bmc.2016.10.006,27769671,,present,YES,2026-07-23 ChEMBL REST panel; dump rows use STANDARD_OK
EGFR/HER2,EH40_06,CHEMBL3911796,2121167,B,ERBB2,CHEMBL1824,16811401,CHEMBL3870705,B,IC50,=,16.4,nM,7.79,CHEMBL3870325,10.1016/j.bmc.2016.10.006,27769671,,present,YES,2026-07-23 ChEMBL REST panel; dump rows use STANDARD_OK
EGFR/HER2,EH40_07,CHEMBL257816,426468,A,EGFR,CHEMBL203,2173119,CHEMBL934832,B,IC50,=,13,nM,7.89,CHEMBL1145585,10.1016/j.bmcl.2008.05.024,18508264,,present,YES,2026-07-23 ChEMBL REST panel; dump rows use STANDARD_OK
EGFR/HER2,EH40_07,CHEMBL257816,426468,B,ERBB2,CHEMBL1824,2173142,CHEMBL934833,B,IC50,=,27,nM,7.57,CHEMBL1145585,10.1016/j.bmcl.2008.05.024,18508264,,present,YES,2026-07-23 ChEMBL REST panel; dump rows use STANDARD_OK
EGFR/HER2,EH40_08,CHEMBL193681,326992,A,EGFR,CHEMBL203,1601154,CHEMBL881943,B,IC50,=,40,nM,7.4,CHEMBL1140398,10.1016/j.bmcl.2005.07.027,16111887,,present,YES,2026-07-23 ChEMBL REST panel; dump rows use STANDARD_OK
EGFR/HER2,EH40_08,CHEMBL193681,326992,B,ERBB2,CHEMBL1824,1601153,CHEMBL880259,B,IC50,=,30,nM,7.52,CHEMBL1140398,10.1016/j.bmcl.2005.07.027,16111887,,present,YES,2026-07-23 ChEMBL REST panel; dump rows use STANDARD_OK
EGFR/HER2,EH40_08,CHEMBL193681,326992,B,ERBB2,CHEMBL1824,1601155,CHEMBL884054,F,IC50,=,7000,nM,5.16,CHEMBL1140398,10.1016/j.bmcl.2005.07.027,16111887,,present,NO,2026-07-23 ChEMBL REST panel; dump rows use STANDARD_OK
EGFR/HER2,EH40_08,CHEMBL193681,326992,B,ERBB2,CHEMBL1824,1601156,CHEMBL873517,F,IC50,=,5800,nM,5.24,CHEMBL1140398,10.1016/j.bmcl.2005.07.027,16111887,,present,NO,2026-07-23 ChEMBL REST panel; dump rows use STANDARD_OK
EGFR/HER2,EH40_09,CHEMBL175556,299146,A,EGFR,CHEMBL203,1415471,CHEMBL873338,F,IC50,=,20,nM,7.7,CHEMBL1142663,10.1021/jm040159c,15715478,,present,YES,2026-07-23 ChEMBL REST panel; dump rows use STANDARD_OK
EGFR/HER2,EH40_09,CHEMBL175556,299146,B,ERBB2,CHEMBL1824,1415470,CHEMBL874202,F,IC50,=,59,nM,7.23,CHEMBL1142663,10.1021/jm040159c,15715478,,present,YES,2026-07-23 ChEMBL REST panel; dump rows use STANDARD_OK
EGFR/HER2,EH40_10,CHEMBL604094,603870,A,EGFR,CHEMBL203,3120281,CHEMBL1064921,B,IC50,=,84.2,nM,7.08,CHEMBL1157563,10.1021/jm901453q,20143778,,present,YES,2026-07-23 ChEMBL REST panel; dump rows use STANDARD_OK
EGFR/HER2,EH40_10,CHEMBL604094,603870,A,EGFR,CHEMBL203,24958822,CHEMBL5215094,B,IC50,=,84.2,nM,7.08,CHEMBL5214883,10.1016/j.ejmech.2020.112904,33077264,,present,YES,2026-07-23 ChEMBL REST panel; dump rows use STANDARD_OK
EGFR/HER2,EH40_10,CHEMBL604094,603870,B,ERBB2,CHEMBL1824,3120282,CHEMBL1064922,B,IC50,=,43.5,nM,7.36,CHEMBL1157563,10.1021/jm901453q,20143778,,present,YES,2026-07-23 ChEMBL REST panel; dump rows use STANDARD_OK
EGFR/HER2,EH40_10,CHEMBL604094,603870,B,ERBB2,CHEMBL1824,16894490,CHEMBL3881965,B,IC50,=,100,nM,7,CHEMBL3881527,,,US-20080221132-A1,present,NO,2026-07-23 ChEMBL REST panel; dump rows use STANDARD_OK
EGFR/HER2,EH40_10,CHEMBL604094,603870,B,ERBB2,CHEMBL1824,24958829,CHEMBL5215095,B,IC50,=,43.5,nM,7.36,CHEMBL5214883,10.1016/j.ejmech.2020.112904,33077264,,present,YES,2026-07-23 ChEMBL REST panel; dump rows use STANDARD_OK
EGFR/HER2,EH40_11,CHEMBL3977326,2186697,A,EGFR,CHEMBL203,16668204,CHEMBL3854863,B,IC50,=,21,nM,7.68,CHEMBL3853319,10.1021/acs.jmedchem.6b00883,27491023,,present,YES,2026-07-23 ChEMBL REST panel; dump rows use STANDARD_OK
EGFR/HER2,EH40_11,CHEMBL3977326,2186697,B,ERBB2,CHEMBL1824,16668282,CHEMBL3854864,B,IC50,=,124,nM,6.91,CHEMBL3853319,10.1021/acs.jmedchem.6b00883,27491023,,present,YES,2026-07-23 ChEMBL REST panel; dump rows use STANDARD_OK
EGFR/HER2,EH40_12,CHEMBL402011,424650,A,EGFR,CHEMBL203,2082143,CHEMBL928913,B,IC50,=,180,nM,6.75,CHEMBL1141539,10.1016/j.bmcl.2008.02.035,18313293,,present,YES,2026-07-23 ChEMBL REST panel; dump rows use STANDARD_OK
EGFR/HER2,EH40_12,CHEMBL402011,424650,B,ERBB2,CHEMBL1824,2082100,CHEMBL928909,B,IC50,=,90,nM,7.05,CHEMBL1141539,10.1016/j.bmcl.2008.02.035,18313293,,present,NO,2026-07-23 ChEMBL REST panel; dump rows use STANDARD_OK
EGFR/HER2,EH40_12,CHEMBL402011,424650,B,ERBB2,CHEMBL1824,2082142,CHEMBL928912,B,IC50,=,8,nM,8.1,CHEMBL1141539,10.1016/j.bmcl.2008.02.035,18313293,,present,YES,2026-07-23 ChEMBL REST panel; dump rows use STANDARD_OK
EGFR/HER2,EH40_13,CHEMBL3680374,2013475,A,EGFR,CHEMBL203,16276056,CHEMBL3705968,B,IC50,=,9.87,nM,8.01,CHEMBL3639119,,,US-8623883-B2,present,YES,2026-07-23 ChEMBL REST panel; dump rows use STANDARD_OK
EGFR/HER2,EH40_13,CHEMBL3680374,2013475,A,EGFR,CHEMBL203,26581695,CHEMBL5729875,B,IC50,=,9.87,nM,8.01,CHEMBL3639119,,,US-8623883-B2,present,YES,2026-07-23 ChEMBL REST panel; dump rows use STANDARD_OK
EGFR/HER2,EH40_13,CHEMBL3680374,2013475,B,ERBB2,CHEMBL1824,17621511,CHEMBL3887053,B,IC50,=,244.39,nM,6.61,CHEMBL3639119,,,US-8623883-B2,present,YES,2026-07-23 ChEMBL REST panel; dump rows use STANDARD_OK
EGFR/HER2,EH40_14,CHEMBL5204650,2775881,A,EGFR,CHEMBL203,24713083,CHEMBL5110647,B,IC50,=,419,nM,6.38,CHEMBL5108025,10.1016/j.ejmech.2022.114661,35964425,,present,YES,2026-07-23 ChEMBL REST panel; dump rows use STANDARD_OK
EGFR/HER2,EH40_14,CHEMBL5204650,2775881,B,ERBB2,CHEMBL1824,24713091,CHEMBL5110648,B,IC50,=,121,nM,6.92,CHEMBL5108025,10.1016/j.ejmech.2022.114661,35964425,,present,YES,2026-07-23 ChEMBL REST panel; dump rows use STANDARD_OK
EGFR/HER2,EH40_15,CHEMBL1645469,1060586,A,EGFR,CHEMBL203,5138103,CHEMBL1647391,B,IC50,=,660,nM,6.18,CHEMBL1641446,10.1016/j.bmcl.2010.11.100,21177105,,present,YES,2026-07-23 ChEMBL REST panel; dump rows use STANDARD_OK
EGFR/HER2,EH40_15,CHEMBL1645469,1060586,B,ERBB2,CHEMBL1824,5138086,CHEMBL1647392,B,IC50,=,20,nM,7.7,CHEMBL1641446,10.1016/j.bmcl.2010.11.100,21177105,,present,YES,2026-07-23 ChEMBL REST panel; dump rows use STANDARD_OK
EGFR/HER2,EH40_16,CHEMBL2325101,1519276,A,EGFR,CHEMBL203,12657555,CHEMBL2327216,B,IC50,=,50,nM,7.3,CHEMBL2321654,10.1016/j.bmc.2013.01.013,23391364,,present,YES,2026-07-23 ChEMBL REST panel; dump rows use STANDARD_OK
EGFR/HER2,EH40_16,CHEMBL2325101,1519276,B,ERBB2,CHEMBL1824,12657526,CHEMBL2327214,B,IC50,=,1020,nM,5.99,CHEMBL2321654,10.1016/j.bmc.2013.01.013,23391364,,present,YES,2026-07-23 ChEMBL REST panel; dump rows use STANDARD_OK
EGFR/HER2,EH40_17,CHEMBL91925,149801,A,EGFR,CHEMBL203,1053380,CHEMBL680018,B,IC50,=,73,nM,7.14,CHEMBL1134561,10.1021/jm0005555,11495584,,present,YES,2026-07-23 ChEMBL REST panel; dump rows use STANDARD_OK
EGFR/HER2,EH40_17,CHEMBL91925,149801,B,ERBB2,CHEMBL1824,1053381,CHEMBL676070,B,IC50,=,1164,nM,5.93,CHEMBL1134561,10.1021/jm0005555,11495584,,present,YES,2026-07-23 ChEMBL REST panel; dump rows use STANDARD_OK
EGFR/HER2,EH40_18,CHEMBL2000832,1322123,A,EGFR,CHEMBL203,9606635,CHEMBL1963766,F,Ki,=,501.19,nM,6.3,CHEMBL1201862,,,,missing,YES,2026-07-23 ChEMBL REST panel; dump rows use STANDARD_OK
EGFR/HER2,EH40_18,CHEMBL2000832,1322123,B,ERBB2,CHEMBL1824,9610839,CHEMBL1963780,F,Ki,=,1258.93,nM,5.9,CHEMBL1201862,,,,missing,YES,2026-07-23 ChEMBL REST panel; dump rows use STANDARD_OK
EGFR/HER2,EH40_19,CHEMBL589560,598177,A,EGFR,CHEMBL203,3133738,CHEMBL1064829,B,IC50,=,670,nM,6.17,CHEMBL1157668,10.1016/j.bmc.2009.10.054,19914837,,present,YES,2026-07-23 ChEMBL REST panel; dump rows use STANDARD_OK
EGFR/HER2,EH40_19,CHEMBL589560,598177,B,ERBB2,CHEMBL1824,3133739,CHEMBL1064830,B,IC50,=,1410,nM,5.85,CHEMBL1157668,10.1016/j.bmc.2009.10.054,19914837,,present,YES,2026-07-23 ChEMBL REST panel; dump rows use STANDARD_OK
EGFR/HER2,EH40_20,CHEMBL3357639,1821789,A,EGFR,CHEMBL203,15112224,CHEMBL3385195,B,IC50,=,21.3,nM,7.67,CHEMBL3351667,10.1021/jm5014659,25409491,,present,NO,2026-07-23 ChEMBL REST panel; dump rows use STANDARD_OK
EGFR/HER2,EH40_20,CHEMBL3357639,1821789,A,EGFR,CHEMBL203,15112247,CHEMBL3385194,B,IC50,=,0.26,nM,9.59,CHEMBL3351667,10.1021/jm5014659,25409491,,present,YES,2026-07-23 ChEMBL REST panel; dump rows use STANDARD_OK
EGFR/HER2,EH40_20,CHEMBL3357639,1821789,B,ERBB2,CHEMBL1824,15112208,CHEMBL3385196,B,IC50,=,1574,nM,5.8,CHEMBL3351667,10.1021/jm5014659,25409491,,present,YES,2026-07-23 ChEMBL REST panel; dump rows use STANDARD_OK
EGFR/HER2,EH40_21,CHEMBL2112370,1384621,A,EGFR,CHEMBL203,1063651,CHEMBL680018,B,IC50,=,131,nM,6.88,CHEMBL1134561,10.1021/jm0005555,11495584,,present,YES,2026-07-23 ChEMBL REST panel; dump rows use STANDARD_OK
EGFR/HER2,EH40_21,CHEMBL2112370,1384621,B,ERBB2,CHEMBL1824,1063652,CHEMBL676070,B,IC50,=,1912,nM,5.72,CHEMBL1134561,10.1021/jm0005555,11495584,,present,YES,2026-07-23 ChEMBL REST panel; dump rows use STANDARD_OK
EGFR/HER2,EH40_22,CHEMBL1081849,612724,A,EGFR,CHEMBL203,3222530,CHEMBL1116652,B,IC50,=,980,nM,6.01,CHEMBL1154343,10.1016/j.bmcl.2009.09.038,19815412,,present,YES,2026-07-23 ChEMBL REST panel; dump rows use STANDARD_OK
EGFR/HER2,EH40_22,CHEMBL1081849,612724,B,ERBB2,CHEMBL1824,3222510,CHEMBL1116650,B,IC50,=,2240,nM,5.65,CHEMBL1154343,10.1016/j.bmcl.2009.09.038,19815412,,present,YES,2026-07-23 ChEMBL REST panel; dump rows use STANDARD_OK
EGFR/HER2,EH40_23,CHEMBL3633938,1971202,A,EGFR,CHEMBL203,15774383,CHEMBL3636784,B,IC50,=,445,nM,6.35,CHEMBL3632549,10.1016/j.bmcl.2015.10.003,26475520,,present,YES,2026-07-23 ChEMBL REST panel; dump rows use STANDARD_OK
EGFR/HER2,EH40_23,CHEMBL3633938,1971202,B,ERBB2,CHEMBL1824,15774406,CHEMBL3636785,B,IC50,=,2720,nM,5.57,CHEMBL3632549,10.1016/j.bmcl.2015.10.003,26475520,,present,YES,2026-07-23 ChEMBL REST panel; dump rows use STANDARD_OK
EGFR/HER2,EH40_24,CHEMBL602328,598427,A,EGFR,CHEMBL203,3133597,CHEMBL1064820,B,IC50,=,970,nM,6.01,CHEMBL1157666,10.1016/j.bmc.2009.10.051,19914835,,present,YES,2026-07-23 ChEMBL REST panel; dump rows use STANDARD_OK
EGFR/HER2,EH40_24,CHEMBL602328,598427,B,ERBB2,CHEMBL1824,3133607,CHEMBL1064821,B,IC50,=,3590,nM,5.45,CHEMBL1157666,10.1016/j.bmc.2009.10.051,19914835,,present,YES,2026-07-23 ChEMBL REST panel; dump rows use STANDARD_OK
EGFR/HER2,EH40_25,CHEMBL289959,55040,A,EGFR,CHEMBL203,214991,CHEMBL677389,B,IC50,=,346,nM,6.46,CHEMBL1130030,10.1021/jm960789h,9154973,,present,NO,2026-07-23 ChEMBL REST panel; dump rows use STANDARD_OK
EGFR/HER2,EH40_25,CHEMBL289959,55040,A,EGFR,CHEMBL203,894026,CHEMBL677204,B,IC50,=,344,nM,6.46,CHEMBL1128536,10.1021/jm00018a008,7658435,,present,NO,2026-07-23 ChEMBL REST panel; dump rows use STANDARD_OK
EGFR/HER2,EH40_25,CHEMBL289959,55040,A,EGFR,CHEMBL203,996053,CHEMBL680017,B,IC50,=,344,nM,6.46,CHEMBL1129291,10.1021/jm9503613,8568816,,present,NO,2026-07-23 ChEMBL REST panel; dump rows use STANDARD_OK
EGFR/HER2,EH40_25,CHEMBL289959,55040,A,EGFR,CHEMBL203,2111056,CHEMBL952131,B,IC50,=,346.74,nM,6.46,CHEMBL1143196,10.1021/jm070654j,18271520,,present,NO,2026-07-23 ChEMBL REST panel; dump rows use STANDARD_OK
EGFR/HER2,EH40_25,CHEMBL289959,55040,A,EGFR,CHEMBL203,9606510,CHEMBL1963766,F,Ki,=,79.43,nM,7.1,CHEMBL1201862,,,,missing,YES,2026-07-23 ChEMBL REST panel; dump rows use STANDARD_OK
EGFR/HER2,EH40_25,CHEMBL289959,55040,B,ERBB2,CHEMBL1824,9607158,CHEMBL1963780,F,Ki,=,5011.87,nM,5.3,CHEMBL1201862,,,,missing,YES,2026-07-23 ChEMBL REST panel; dump rows use STANDARD_OK
EGFR/HER2,EH40_26,CHEMBL371863,327047,A,EGFR,CHEMBL203,1601104,CHEMBL881943,B,IC50,=,200,nM,6.7,CHEMBL1140398,10.1016/j.bmcl.2005.07.027,16111887,,present,YES,2026-07-23 ChEMBL REST panel; dump rows use STANDARD_OK
EGFR/HER2,EH40_26,CHEMBL371863,327047,B,ERBB2,CHEMBL1824,1601103,CHEMBL880259,B,IC50,=,7200,nM,5.14,CHEMBL1140398,10.1016/j.bmcl.2005.07.027,16111887,,present,YES,2026-07-23 ChEMBL REST panel; dump rows use STANDARD_OK
EGFR/HER2,EH40_27,CHEMBL428690,14366,A,EGFR,CHEMBL203,182065,CHEMBL677888,B,IC50,=,7600,nM,5.12,CHEMBL1135763,10.1021/jm0201520,12190313,,present,NO,2026-07-23 ChEMBL REST panel; dump rows use STANDARD_OK
EGFR/HER2,EH40_27,CHEMBL428690,14366,A,EGFR,CHEMBL203,224609,CHEMBL873605,B,IC50,=,22000,nM,4.66,CHEMBL1133502,10.1021/jm000231g,11063609,,present,NO,2026-07-23 ChEMBL REST panel; dump rows use STANDARD_OK
EGFR/HER2,EH40_27,CHEMBL428690,14366,A,EGFR,CHEMBL203,2898823,CHEMBL1063796,B,Kd,=,2300,nM,5.64,CHEMBL1150977,10.1038/nbt1358,18183025,,present,NO,2026-07-23 ChEMBL REST panel; dump rows use STANDARD_OK
EGFR/HER2,EH40_27,CHEMBL428690,14366,A,EGFR,CHEMBL203,2904759,CHEMBL1050839,B,Kd,=,1400,nM,5.85,CHEMBL1150977,10.1038/nbt1358,18183025,,present,NO,2026-07-23 ChEMBL REST panel; dump rows use STANDARD_OK
EGFR/HER2,EH40_27,CHEMBL428690,14366,A,EGFR,CHEMBL203,7579666,CHEMBL1908693,B,Kd,=,3700,nM,5.43,CHEMBL1908390,10.1038/nbt.1990,22037378,,present,NO,2026-07-23 ChEMBL REST panel; dump rows use STANDARD_OK
EGFR/HER2,EH40_27,CHEMBL428690,14366,A,EGFR,CHEMBL203,7579667,CHEMBL1908694,B,Kd,=,1200,nM,5.92,CHEMBL1908390,10.1038/nbt.1990,22037378,,present,NO,2026-07-23 ChEMBL REST panel; dump rows use STANDARD_OK
EGFR/HER2,EH40_27,CHEMBL428690,14366,A,EGFR,CHEMBL203,7579668,CHEMBL1908695,B,Kd,=,520,nM,6.28,CHEMBL1908390,10.1038/nbt.1990,22037378,,present,YES,2026-07-23 ChEMBL REST panel; dump rows use STANDARD_OK
EGFR/HER2,EH40_27,CHEMBL428690,14366,A,EGFR,CHEMBL203,7579669,CHEMBL1908696,B,Kd,=,4000,nM,5.4,CHEMBL1908390,10.1038/nbt.1990,22037378,,present,NO,2026-07-23 ChEMBL REST panel; dump rows use STANDARD_OK
EGFR/HER2,EH40_27,CHEMBL428690,14366,A,EGFR,CHEMBL203,7579670,CHEMBL1908697,B,Kd,=,2300,nM,5.64,CHEMBL1908390,10.1038/nbt.1990,22037378,,present,NO,2026-07-23 ChEMBL REST panel; dump rows use STANDARD_OK
EGFR/HER2,EH40_27,CHEMBL428690,14366,A,EGFR,CHEMBL203,7579671,CHEMBL1908698,B,Kd,=,2200,nM,5.66,CHEMBL1908390,10.1038/nbt.1990,22037378,,present,NO,2026-07-23 ChEMBL REST panel; dump rows use STANDARD_OK
EGFR/HER2,EH40_27,CHEMBL428690,14366,A,EGFR,CHEMBL203,7579672,CHEMBL1908699,B,Kd,=,3000,nM,5.52,CHEMBL1908390,10.1038/nbt.1990,22037378,,present,NO,2026-07-23 ChEMBL REST panel; dump rows use STANDARD_OK
EGFR/HER2,EH40_27,CHEMBL428690,14366,A,EGFR,CHEMBL203,7579673,CHEMBL1908700,B,Kd,=,1700,nM,5.77,CHEMBL1908390,10.1038/nbt.1990,22037378,,present,NO,2026-07-23 ChEMBL REST panel; dump rows use STANDARD_OK
EGFR/HER2,EH40_27,CHEMBL428690,14366,A,EGFR,CHEMBL203,7579674,CHEMBL1908701,B,Kd,=,750,nM,6.12,CHEMBL1908390,10.1038/nbt.1990,22037378,,present,NO,2026-07-23 ChEMBL REST panel; dump rows use STANDARD_OK
EGFR/HER2,EH40_27,CHEMBL428690,14366,A,EGFR,CHEMBL203,7579675,CHEMBL1908702,B,Kd,=,1200,nM,5.92,CHEMBL1908390,10.1038/nbt.1990,22037378,,present,NO,2026-07-23 ChEMBL REST panel; dump rows use STANDARD_OK
EGFR/HER2,EH40_27,CHEMBL428690,14366,A,EGFR,CHEMBL203,7579676,CHEMBL1908703,B,Kd,=,1400,nM,5.85,CHEMBL1908390,10.1038/nbt.1990,22037378,,present,NO,2026-07-23 ChEMBL REST panel; dump rows use STANDARD_OK
EGFR/HER2,EH40_27,CHEMBL428690,14366,A,EGFR,CHEMBL203,7579677,CHEMBL1908704,B,Kd,=,1600,nM,5.8,CHEMBL1908390,10.1038/nbt.1990,22037378,,present,NO,2026-07-23 ChEMBL REST panel; dump rows use STANDARD_OK
EGFR/HER2,EH40_27,CHEMBL428690,14366,A,EGFR,CHEMBL203,19112049,CHEMBL4370681,B,IC50,=,21000,nM,4.68,CHEMBL4368927,10.1016/j.bmc.2019.01.027,30733087,,present,NO,2026-07-23 ChEMBL REST panel; dump rows use STANDARD_OK
EGFR/HER2,EH40_27,CHEMBL428690,14366,B,ERBB2,CHEMBL1824,182066,CHEMBL683805,B,IC50,=,15800,nM,4.8,CHEMBL1135763,10.1021/jm0201520,12190313,,present,YES,2026-07-23 ChEMBL REST panel; dump rows use STANDARD_OK
EGFR/HER2,EH40_28,CHEMBL6017443,3234444,A,EGFR,CHEMBL203,28170455,CHEMBL5735981,B,IC50,=,1033,nM,5.99,CHEMBL5728076,,,US-10822334-B2,present,YES,2026-07-23 ChEMBL REST panel; dump rows use STANDARD_OK
EGFR/HER2,EH40_28,CHEMBL6017443,3234444,B,ERBB2,CHEMBL1824,28170452,CHEMBL5735980,B,IC50,=,16.2,nM,7.79,CHEMBL5728076,,,US-10822334-B2,present,YES,2026-07-23 ChEMBL REST panel; dump rows use STANDARD_OK
EGFR/HER2,EH40_29,CHEMBL1080990,611562,A,EGFR,CHEMBL203,3222534,CHEMBL1116652,B,IC50,=,1210,nM,5.92,CHEMBL1154343,10.1016/j.bmcl.2009.09.038,19815412,,present,YES,2026-07-23 ChEMBL REST panel; dump rows use STANDARD_OK
EGFR/HER2,EH40_29,CHEMBL1080990,611562,B,ERBB2,CHEMBL1824,3222514,CHEMBL1116650,B,IC50,=,934,nM,6.03,CHEMBL1154343,10.1016/j.bmcl.2009.09.038,19815412,,present,YES,2026-07-23 ChEMBL REST panel; dump rows use STANDARD_OK
EGFR/HER2,EH40_30,CHEMBL565612,582954,A,EGFR,CHEMBL203,9610296,CHEMBL1963766,F,Ki,=,1258.93,nM,5.9,CHEMBL1201862,,,,missing,YES,2026-07-23 ChEMBL REST panel; dump rows use STANDARD_OK
EGFR/HER2,EH40_30,CHEMBL565612,582954,B,ERBB2,CHEMBL1824,9610932,CHEMBL1963780,F,Ki,=,794.33,nM,6.1,CHEMBL1201862,,,,missing,YES,2026-07-23 ChEMBL REST panel; dump rows use STANDARD_OK
EGFR/HER2,EH40_31,CHEMBL257873,437464,A,EGFR,CHEMBL203,2098992,CHEMBL947896,B,IC50,=,1430,nM,5.84,CHEMBL1143160,10.1016/j.bmcl.2007.12.035,18182285,,present,YES,2026-07-23 ChEMBL REST panel; dump rows use STANDARD_OK
EGFR/HER2,EH40_31,CHEMBL257873,437464,B,ERBB2,CHEMBL1824,2098971,CHEMBL947895,B,IC50,=,5,nM,8.3,CHEMBL1143160,10.1016/j.bmcl.2007.12.035,18182285,,present,YES,2026-07-23 ChEMBL REST panel; dump rows use STANDARD_OK
EGFR/HER2,EH40_32,CHEMBL394463,411877,A,EGFR,CHEMBL203,2021344,CHEMBL903494,B,IC50,=,1800,nM,5.75,CHEMBL1139130,10.1016/j.bmcl.2007.01.002,17270437,,present,YES,2026-07-23 ChEMBL REST panel; dump rows use STANDARD_OK
EGFR/HER2,EH40_32,CHEMBL394463,411877,B,ERBB2,CHEMBL1824,2021337,CHEMBL903493,B,IC50,=,250,nM,6.6,CHEMBL1139130,10.1016/j.bmcl.2007.01.002,17270437,,present,YES,2026-07-23 ChEMBL REST panel; dump rows use STANDARD_OK
EGFR/HER2,EH40_33,CHEMBL3814021,2090239,A,EGFR,CHEMBL203,16612270,CHEMBL3815445,B,IC50,=,2030,nM,5.69,CHEMBL3813636,10.1016/j.bmc.2016.05.063,27288180,,present,YES,2026-07-23 ChEMBL REST panel; dump rows use STANDARD_OK
EGFR/HER2,EH40_33,CHEMBL3814021,2090239,A,EGFR,CHEMBL203,16612274,CHEMBL3815446,B,IC50,=,2380,nM,5.62,CHEMBL3813636,10.1016/j.bmc.2016.05.063,27288180,,present,NO,2026-07-23 ChEMBL REST panel; dump rows use STANDARD_OK
EGFR/HER2,EH40_33,CHEMBL3814021,2090239,B,ERBB2,CHEMBL1824,16612208,CHEMBL3815440,B,IC50,=,19.2,nM,7.72,CHEMBL3813636,10.1016/j.bmc.2016.05.063,27288180,,present,YES,2026-07-23 ChEMBL REST panel; dump rows use STANDARD_OK
EGFR/HER2,EH40_34,CHEMBL2048792,1352228,A,EGFR,CHEMBL203,10949883,CHEMBL2050649,B,IC50,=,2300,nM,5.64,CHEMBL2046372,10.1021/jm300185p,22439974,,present,YES,2026-07-23 ChEMBL REST panel; dump rows use STANDARD_OK
EGFR/HER2,EH40_34,CHEMBL2048792,1352228,B,ERBB2,CHEMBL1824,10949905,CHEMBL2050648,B,IC50,=,130,nM,6.89,CHEMBL2046372,10.1021/jm300185p,22439974,,present,YES,2026-07-23 ChEMBL REST panel; dump rows use STANDARD_OK
EGFR/HER2,EH40_35,CHEMBL449949,457079,A,EGFR,CHEMBL203,2270118,CHEMBL964194,B,IC50,=,2600,nM,5.58,CHEMBL1153281,10.1016/j.bmcl.2009.01.080,19208477,,present,YES,2026-07-23 ChEMBL REST panel; dump rows use STANDARD_OK
EGFR/HER2,EH40_35,CHEMBL449949,457079,B,ERBB2,CHEMBL1824,2270119,CHEMBL964196,B,IC50,=,450,nM,6.35,CHEMBL1153281,10.1016/j.bmcl.2009.01.080,19208477,,present,YES,2026-07-23 ChEMBL REST panel; dump rows use STANDARD_OK
EGFR/HER2,EH40_36,CHEMBL5901840,3118841,A,EGFR,CHEMBL203,28170497,CHEMBL5735981,B,IC50,=,3060,nM,5.51,CHEMBL5728076,,,US-10822334-B2,present,YES,2026-07-23 ChEMBL REST panel; dump rows use STANDARD_OK
EGFR/HER2,EH40_36,CHEMBL5901840,3118841,B,ERBB2,CHEMBL1824,28170494,CHEMBL5735980,B,IC50,=,10.6,nM,7.97,CHEMBL5728076,,,US-10822334-B2,present,YES,2026-07-23 ChEMBL REST panel; dump rows use STANDARD_OK
EGFR/HER2,EH40_37,CHEMBL5542514,2902297,A,EGFR,CHEMBL203,25870250,CHEMBL5512286,B,IC50,=,4588,nM,5.34,CHEMBL5506072,10.1021/acs.jmedchem.4c00978,38820338,,present,YES,2026-07-23 ChEMBL REST panel; dump rows use STANDARD_OK
EGFR/HER2,EH40_37,CHEMBL5542514,2902297,B,ERBB2,CHEMBL1824,25870182,CHEMBL5512284,B,IC50,=,84,nM,7.08,CHEMBL5506072,10.1021/acs.jmedchem.4c00978,38820338,,present,YES,2026-07-23 ChEMBL REST panel; dump rows use STANDARD_OK
EGFR/HER2,EH40_38,CHEMBL2005631,1326922,A,EGFR,CHEMBL203,9614146,CHEMBL1963766,F,Ki,=,1584.89,nM,5.8,CHEMBL1201862,,,,missing,YES,2026-07-23 ChEMBL REST panel; dump rows use STANDARD_OK
EGFR/HER2,EH40_38,CHEMBL2005631,1326922,B,ERBB2,CHEMBL1824,9614774,CHEMBL1963780,F,Ki,=,1258.93,nM,5.9,CHEMBL1201862,,,,missing,YES,2026-07-23 ChEMBL REST panel; dump rows use STANDARD_OK
EGFR/HER2,EH40_39,CHEMBL1683950,1074172,A,EGFR,CHEMBL203,5243235,CHEMBL1686143,B,IC50,=,1200,nM,5.92,CHEMBL1681756,10.1016/j.bmcl.2011.01.119,21334203,,present,YES,2026-07-23 ChEMBL REST panel; dump rows use STANDARD_OK
EGFR/HER2,EH40_39,CHEMBL1683950,1074172,B,ERBB2,CHEMBL1824,5243236,CHEMBL1686142,B,IC50,=,6300,nM,5.2,CHEMBL1681756,10.1016/j.bmcl.2011.01.119,21334203,,present,YES,2026-07-23 ChEMBL REST panel; dump rows use STANDARD_OK
EGFR/HER2,EH40_40,CHEMBL141175,236743,A,EGFR,CHEMBL203,343640,CHEMBL676067,B,IC50,=,15848.93,nM,4.8,CHEMBL1136802,10.1021/jm030065n,14561085,,present,YES,2026-07-23 ChEMBL REST panel; dump rows use STANDARD_OK
EGFR/HER2,EH40_40,CHEMBL141175,236743,B,ERBB2,CHEMBL1824,343641,CHEMBL769140,B,IC50,=,1995.26,nM,5.7,CHEMBL1136802,10.1021/jm030065n,14561085,,present,YES,2026-07-23 ChEMBL REST panel; dump rows use STANDARD_OK
JAK1/JAK2,J1J2_001,CHEMBL1288001,714392,A,JAK1,CHEMBL2835,3605021,CHEMBL1292865,B,IC50,=,39,nM,7.41,CHEMBL1287810,10.1016/j.bmcl.2010.10.026,21106455,,present,YES,ChEMBL 37 dump extract; MAX of STANDARD_OK pChEMBL
JAK1/JAK2,J1J2_001,CHEMBL1288001,714392,B,JAK2,CHEMBL2971,3605039,CHEMBL1292866,B,IC50,=,5000,nM,5.3,CHEMBL1287810,10.1016/j.bmcl.2010.10.026,21106455,,present,YES,ChEMBL 37 dump extract; MAX of STANDARD_OK pChEMBL
JAK1/JAK2,J1J2_002,CHEMBL3655090,1987936,A,JAK1,CHEMBL2835,16354349,CHEMBL3705503,B,IC50,=,231,nM,6.64,CHEMBL3639016,,,US-9035074-B2,present,YES,ChEMBL 37 dump extract; MAX of STANDARD_OK pChEMBL
JAK1/JAK2,J1J2_002,CHEMBL3655090,1987936,A,JAK1,CHEMBL2835,28297736,CHEMBL5736620,B,IC50,=,231,nM,6.64,CHEMBL5728369,,,US-10966980-B2,present,YES,ChEMBL 37 dump extract; MAX of STANDARD_OK pChEMBL
JAK1/JAK2,J1J2_002,CHEMBL3655090,1987936,B,JAK2,CHEMBL2971,16340284,CHEMBL3707926,B,IC50,=,5630,nM,5.25,CHEMBL3639016,,,US-9035074-B2,present,YES,ChEMBL 37 dump extract; MAX of STANDARD_OK pChEMBL
JAK1/JAK2,J1J2_002,CHEMBL3655090,1987936,B,JAK2,CHEMBL2971,28297739,CHEMBL5736621,B,IC50,=,5630,nM,5.25,CHEMBL5728369,,,US-10966980-B2,present,YES,ChEMBL 37 dump extract; MAX of STANDARD_OK pChEMBL
JAK1/JAK2,J1J2_003,CHEMBL3658866,1991750,A,JAK1,CHEMBL2835,16338337,CHEMBL3705503,B,IC50,=,106,nM,6.97,CHEMBL3639016,,,US-9035074-B2,present,YES,ChEMBL 37 dump extract; MAX of STANDARD_OK pChEMBL
JAK1/JAK2,J1J2_003,CHEMBL3658866,1991750,A,JAK1,CHEMBL2835,28298072,CHEMBL5736620,B,IC50,=,106,nM,6.97,CHEMBL5728369,,,US-10966980-B2,present,YES,ChEMBL 37 dump extract; MAX of STANDARD_OK pChEMBL
JAK1/JAK2,J1J2_003,CHEMBL3658866,1991750,B,JAK2,CHEMBL2971,16262542,CHEMBL3707926,B,IC50,=,3760,nM,5.42,CHEMBL3639016,,,US-9035074-B2,present,YES,ChEMBL 37 dump extract; MAX of STANDARD_OK pChEMBL
JAK1/JAK2,J1J2_003,CHEMBL3658866,1991750,B,JAK2,CHEMBL2971,28298075,CHEMBL5736621,B,IC50,=,3760,nM,5.42,CHEMBL5728369,,,US-10966980-B2,present,YES,ChEMBL 37 dump extract; MAX of STANDARD_OK pChEMBL
JAK1/JAK2,J1J2_004,CHEMBL3814293,2089962,A,JAK1,CHEMBL2835,16617265,CHEMBL3817412,B,IC50,=,80,nM,7.1,CHEMBL3813615,10.1016/j.bmcl.2016.05.078,27261178,,present,YES,ChEMBL 37 dump extract; MAX of STANDARD_OK pChEMBL
JAK1/JAK2,J1J2_004,CHEMBL3814293,2089962,B,JAK2,CHEMBL2971,16617258,CHEMBL3817413,B,IC50,=,3200,nM,5.5,CHEMBL3813615,10.1016/j.bmcl.2016.05.078,27261178,,present,YES,ChEMBL 37 dump extract; MAX of STANDARD_OK pChEMBL
JAK1/JAK2,J1J2_005,CHEMBL4225947,2298438,A,JAK1,CHEMBL2835,18570680,CHEMBL4220820,B,IC50,=,170,nM,6.77,CHEMBL4219073,10.1016/j.bmc.2018.01.021,29452839,,present,YES,ChEMBL 37 dump extract; MAX of STANDARD_OK pChEMBL
JAK1/JAK2,J1J2_005,CHEMBL4225947,2298438,B,JAK2,CHEMBL2971,18570584,CHEMBL4220821,A,IC50,=,4800,nM,5.32,CHEMBL4219073,10.1016/j.bmc.2018.01.021,29452839,,present,YES,ChEMBL 37 dump extract; MAX of STANDARD_OK pChEMBL
JAK1/JAK2,J1J2_006,CHEMBL4227307,2299798,A,JAK1,CHEMBL2835,18570677,CHEMBL4220820,B,IC50,=,70,nM,7.16,CHEMBL4219073,10.1016/j.bmc.2018.01.021,29452839,,present,YES,ChEMBL 37 dump extract; MAX of STANDARD_OK pChEMBL
JAK1/JAK2,J1J2_006,CHEMBL4227307,2299798,B,JAK2,CHEMBL2971,18570581,CHEMBL4220821,A,IC50,=,4700,nM,5.33,CHEMBL4219073,10.1016/j.bmc.2018.01.021,29452839,,present,YES,ChEMBL 37 dump extract; MAX of STANDARD_OK pChEMBL
JAK1/JAK2,J1J2_007,CHEMBL4228436,2300927,A,JAK1,CHEMBL2835,18570563,CHEMBL4220820,B,IC50,=,66,nM,7.18,CHEMBL4219073,10.1016/j.bmc.2018.01.021,29452839,,present,YES,ChEMBL 37 dump extract; MAX of STANDARD_OK pChEMBL
JAK1/JAK2,J1J2_007,CHEMBL4228436,2300927,B,JAK2,CHEMBL2971,18570601,CHEMBL4220821,A,IC50,=,3900,nM,5.41,CHEMBL4219073,10.1016/j.bmc.2018.01.021,29452839,,present,YES,ChEMBL 37 dump extract; MAX of STANDARD_OK pChEMBL
JAK1/JAK2,J1J2_008,CHEMBL4229278,2301769,A,JAK1,CHEMBL2835,18570675,CHEMBL4220820,B,IC50,=,110,nM,6.96,CHEMBL4219073,10.1016/j.bmc.2018.01.021,29452839,,present,YES,ChEMBL 37 dump extract; MAX of STANDARD_OK pChEMBL
JAK1/JAK2,J1J2_008,CHEMBL4229278,2301769,B,JAK2,CHEMBL2971,18570579,CHEMBL4220821,A,IC50,=,4300,nM,5.37,CHEMBL4219073,10.1016/j.bmc.2018.01.021,29452839,,present,YES,ChEMBL 37 dump extract; MAX of STANDARD_OK pChEMBL
JAK1/JAK2,J1J2_009,CHEMBL4285366,2324814,A,JAK1,CHEMBL2835,18722503,CHEMBL4258464,B,IC50,=,140,nM,6.85,CHEMBL4257478,10.1039/C7MD00568G,30108938,,present,YES,ChEMBL 37 dump extract; MAX of STANDARD_OK pChEMBL
JAK1/JAK2,J1J2_009,CHEMBL4285366,2324814,B,JAK2,CHEMBL2971,18722550,CHEMBL4258465,A,IC50,=,6500,nM,5.19,CHEMBL4257478,10.1039/C7MD00568G,30108938,,present,YES,ChEMBL 37 dump extract; MAX of STANDARD_OK pChEMBL
JAK1/JAK2,J1J2_010,CHEMBL4285642,2325090,A,JAK1,CHEMBL2835,18722514,CHEMBL4258464,B,IC50,=,120,nM,6.92,CHEMBL4257478,10.1039/C7MD00568G,30108938,,present,YES,ChEMBL 37 dump extract; MAX of STANDARD_OK pChEMBL
JAK1/JAK2,J1J2_010,CHEMBL4285642,2325090,B,JAK2,CHEMBL2971,18722561,CHEMBL4258465,A,IC50,=,4700,nM,5.33,CHEMBL4257478,10.1039/C7MD00568G,30108938,,present,YES,ChEMBL 37 dump extract; MAX of STANDARD_OK pChEMBL
JAK1/JAK2,J1J2_011,CHEMBL4290647,2330095,A,JAK1,CHEMBL2835,18722501,CHEMBL4258464,B,IC50,=,150,nM,6.82,CHEMBL4257478,10.1039/C7MD00568G,30108938,,present,YES,ChEMBL 37 dump extract; MAX of STANDARD_OK pChEMBL
JAK1/JAK2,J1J2_011,CHEMBL4290647,2330095,B,JAK2,CHEMBL2971,18722548,CHEMBL4258465,A,IC50,=,6300,nM,5.2,CHEMBL4257478,10.1039/C7MD00568G,30108938,,present,YES,ChEMBL 37 dump extract; MAX of STANDARD_OK pChEMBL
JAK1/JAK2,J1J2_012,CHEMBL5170765,2741996,A,JAK1,CHEMBL2835,24875770,CHEMBL5154504,B,IC50,=,181,nM,6.74,CHEMBL5150077,10.1021/acs.jmedchem.2c01550,36512734,,present,YES,ChEMBL 37 dump extract; MAX of STANDARD_OK pChEMBL
JAK1/JAK2,J1J2_012,CHEMBL5170765,2741996,B,JAK2,CHEMBL2971,24875808,CHEMBL5154505,B,IC50,=,4752,nM,5.32,CHEMBL5150077,10.1021/acs.jmedchem.2c01550,36512734,,present,YES,ChEMBL 37 dump extract; MAX of STANDARD_OK pChEMBL
JAK1/JAK2,J1J2_013,CHEMBL5420468,2860636,A,JAK1,CHEMBL2835,25646298,CHEMBL5369330,B,IC50,=,20,nM,7.7,CHEMBL5365521,10.1021/acs.jmedchem.3c00554,37738648,,present,YES,ChEMBL 37 dump extract; MAX of STANDARD_OK pChEMBL
JAK1/JAK2,J1J2_013,CHEMBL5420468,2860636,B,JAK2,CHEMBL2971,25646304,CHEMBL5369331,B,IC50,=,17544,nM,4.76,CHEMBL5365521,10.1021/acs.jmedchem.3c00554,37738648,,present,YES,ChEMBL 37 dump extract; MAX of STANDARD_OK pChEMBL
JAK1/JAK2,J1J2_014,CHEMBL5774054,2991055,A,JAK1,CHEMBL2835,28292708,CHEMBL5736603,B,IC50,=,7.4,nM,8.13,CHEMBL5728358,,,US-10961228-B2,present,YES,ChEMBL 37 dump extract; MAX of STANDARD_OK pChEMBL
JAK1/JAK2,J1J2_014,CHEMBL5774054,2991055,B,JAK2,CHEMBL2971,28292711,CHEMBL5736604,B,IC50,=,11900,nM,4.92,CHEMBL5728358,,,US-10961228-B2,present,YES,ChEMBL 37 dump extract; MAX of STANDARD_OK pChEMBL
JAK1/JAK2,J1J2_015,CHEMBL5779069,2996070,A,JAK1,CHEMBL2835,26839780,CHEMBL5731072,B,IC50,=,280,nM,6.55,CHEMBL5725575,,,US-10059705-B2,present,YES,ChEMBL 37 dump extract; MAX of STANDARD_OK pChEMBL
JAK1/JAK2,J1J2_015,CHEMBL5779069,2996070,B,JAK2,CHEMBL2971,26839783,CHEMBL5731073,B,IC50,=,4520,nM,5.34,CHEMBL5725575,,,US-10059705-B2,present,YES,ChEMBL 37 dump extract; MAX of STANDARD_OK pChEMBL
JAK1/JAK2,J1J2_016,CHEMBL5785335,3002336,A,JAK1,CHEMBL2835,26811226,CHEMBL5730994,B,IC50,=,9,nM,8.05,CHEMBL5725532,,,US-9714236-B2,present,YES,ChEMBL 37 dump extract; MAX of STANDARD_OK pChEMBL
JAK1/JAK2,J1J2_016,CHEMBL5785335,3002336,A,JAK1,CHEMBL2835,27103820,CHEMBL5731970,B,IC50,=,9,nM,8.05,CHEMBL5726060,,,US-10167276-B2,present,YES,ChEMBL 37 dump extract; MAX of STANDARD_OK pChEMBL
JAK1/JAK2,J1J2_016,CHEMBL5785335,3002336,A,JAK1,CHEMBL2835,27964925,CHEMBL5735193,B,IC50,=,9,nM,8.05,CHEMBL5727706,,,US-10654835-B2,present,YES,ChEMBL 37 dump extract; MAX of STANDARD_OK pChEMBL
JAK1/JAK2,J1J2_016,CHEMBL5785335,3002336,A,JAK1,CHEMBL2835,28612715,CHEMBL5737839,B,IC50,=,9,nM,8.05,CHEMBL5728974,,,US-11247983-B2,present,YES,ChEMBL 37 dump extract; MAX of STANDARD_OK pChEMBL
JAK1/JAK2,J1J2_016,CHEMBL5785335,3002336,B,JAK2,CHEMBL2971,26811229,CHEMBL5730995,B,IC50,=,6390,nM,5.19,CHEMBL5725532,,,US-9714236-B2,present,YES,ChEMBL 37 dump extract; MAX of STANDARD_OK pChEMBL
JAK1/JAK2,J1J2_016,CHEMBL5785335,3002336,B,JAK2,CHEMBL2971,27103823,CHEMBL5731971,B,IC50,=,6390,nM,5.19,CHEMBL5726060,,,US-10167276-B2,present,YES,ChEMBL 37 dump extract; MAX of STANDARD_OK pChEMBL
JAK1/JAK2,J1J2_016,CHEMBL5785335,3002336,B,JAK2,CHEMBL2971,27964928,CHEMBL5735194,B,IC50,=,6390,nM,5.19,CHEMBL5727706,,,US-10654835-B2,present,YES,ChEMBL 37 dump extract; MAX of STANDARD_OK pChEMBL
JAK1/JAK2,J1J2_016,CHEMBL5785335,3002336,B,JAK2,CHEMBL2971,28612718,CHEMBL5737840,B,IC50,=,6390,nM,5.19,CHEMBL5728974,,,US-11247983-B2,present,YES,ChEMBL 37 dump extract; MAX of STANDARD_OK pChEMBL
JAK1/JAK2,J1J2_017,CHEMBL5791326,3008327,A,JAK1,CHEMBL2835,26811361,CHEMBL5730994,B,IC50,=,97,nM,7.01,CHEMBL5725532,,,US-9714236-B2,present,YES,ChEMBL 37 dump extract; MAX of STANDARD_OK pChEMBL
JAK1/JAK2,J1J2_017,CHEMBL5791326,3008327,A,JAK1,CHEMBL2835,27103955,CHEMBL5731970,B,IC50,=,97,nM,7.01,CHEMBL5726060,,,US-10167276-B2,present,YES,ChEMBL 37 dump extract; MAX of STANDARD_OK pChEMBL
JAK1/JAK2,J1J2_017,CHEMBL5791326,3008327,A,JAK1,CHEMBL2835,27965060,CHEMBL5735193,B,IC50,=,97,nM,7.01,CHEMBL5727706,,,US-10654835-B2,present,YES,ChEMBL 37 dump extract; MAX of STANDARD_OK pChEMBL
JAK1/JAK2,J1J2_017,CHEMBL5791326,3008327,A,JAK1,CHEMBL2835,28612850,CHEMBL5737839,B,IC50,=,97,nM,7.01,CHEMBL5728974,,,US-11247983-B2,present,YES,ChEMBL 37 dump extract; MAX of STANDARD_OK pChEMBL
JAK1/JAK2,J1J2_017,CHEMBL5791326,3008327,B,JAK2,CHEMBL2971,26811364,CHEMBL5730995,B,IC50,=,20400,nM,4.69,CHEMBL5725532,,,US-9714236-B2,present,YES,ChEMBL 37 dump extract; MAX of STANDARD_OK pChEMBL
JAK1/JAK2,J1J2_017,CHEMBL5791326,3008327,B,JAK2,CHEMBL2971,27103958,CHEMBL5731971,B,IC50,=,20400,nM,4.69,CHEMBL5726060,,,US-10167276-B2,present,YES,ChEMBL 37 dump extract; MAX of STANDARD_OK pChEMBL
JAK1/JAK2,J1J2_017,CHEMBL5791326,3008327,B,JAK2,CHEMBL2971,27965063,CHEMBL5735194,B,IC50,=,20400,nM,4.69,CHEMBL5727706,,,US-10654835-B2,present,YES,ChEMBL 37 dump extract; MAX of STANDARD_OK pChEMBL
JAK1/JAK2,J1J2_017,CHEMBL5791326,3008327,B,JAK2,CHEMBL2971,28612853,CHEMBL5737840,B,IC50,=,20400,nM,4.69,CHEMBL5728974,,,US-11247983-B2,present,YES,ChEMBL 37 dump extract; MAX of STANDARD_OK pChEMBL
JAK1/JAK2,J1J2_018,CHEMBL5803271,3020272,A,JAK1,CHEMBL2835,27232490,CHEMBL5732403,B,IC50,=,280,nM,6.55,CHEMBL5726283,,,US-9725445-B2,present,YES,ChEMBL 37 dump extract; MAX of STANDARD_OK pChEMBL
JAK1/JAK2,J1J2_018,CHEMBL5803271,3020272,B,JAK2,CHEMBL2971,27232493,CHEMBL5732404,B,IC50,=,11000,nM,4.96,CHEMBL5726283,,,US-9725445-B2,present,YES,ChEMBL 37 dump extract; MAX of STANDARD_OK pChEMBL
JAK1/JAK2,J1J2_019,CHEMBL5805176,3022177,A,JAK1,CHEMBL2835,28292582,CHEMBL5736603,B,IC50,=,19.8,nM,7.7,CHEMBL5728358,,,US-10961228-B2,present,YES,ChEMBL 37 dump extract; MAX of STANDARD_OK pChEMBL
JAK1/JAK2,J1J2_019,CHEMBL5805176,3022177,B,JAK2,CHEMBL2971,28292585,CHEMBL5736604,B,IC50,=,17800,nM,4.75,CHEMBL5728358,,,US-10961228-B2,present,YES,ChEMBL 37 dump extract; MAX of STANDARD_OK pChEMBL
JAK1/JAK2,J1J2_020,CHEMBL5828860,3045861,A,JAK1,CHEMBL2835,26811469,CHEMBL5730994,B,IC50,=,24,nM,7.62,CHEMBL5725532,,,US-9714236-B2,present,YES,ChEMBL 37 dump extract; MAX of STANDARD_OK pChEMBL
JAK1/JAK2,J1J2_020,CHEMBL5828860,3045861,A,JAK1,CHEMBL2835,27104063,CHEMBL5731970,B,IC50,=,24,nM,7.62,CHEMBL5726060,,,US-10167276-B2,present,YES,ChEMBL 37 dump extract; MAX of STANDARD_OK pChEMBL
JAK1/JAK2,J1J2_020,CHEMBL5828860,3045861,A,JAK1,CHEMBL2835,27965168,CHEMBL5735193,B,IC50,=,24,nM,7.62,CHEMBL5727706,,,US-10654835-B2,present,YES,ChEMBL 37 dump extract; MAX of STANDARD_OK pChEMBL
JAK1/JAK2,J1J2_020,CHEMBL5828860,3045861,A,JAK1,CHEMBL2835,28612958,CHEMBL5737839,B,IC50,=,24,nM,7.62,CHEMBL5728974,,,US-11247983-B2,present,YES,ChEMBL 37 dump extract; MAX of STANDARD_OK pChEMBL
JAK1/JAK2,J1J2_020,CHEMBL5828860,3045861,B,JAK2,CHEMBL2971,26811472,CHEMBL5730995,B,IC50,=,8930,nM,5.05,CHEMBL5725532,,,US-9714236-B2,present,YES,ChEMBL 37 dump extract; MAX of STANDARD_OK pChEMBL
JAK1/JAK2,J1J2_020,CHEMBL5828860,3045861,B,JAK2,CHEMBL2971,27104066,CHEMBL5731971,B,IC50,=,8930,nM,5.05,CHEMBL5726060,,,US-10167276-B2,present,YES,ChEMBL 37 dump extract; MAX of STANDARD_OK pChEMBL
JAK1/JAK2,J1J2_020,CHEMBL5828860,3045861,B,JAK2,CHEMBL2971,27965171,CHEMBL5735194,B,IC50,=,8930,nM,5.05,CHEMBL5727706,,,US-10654835-B2,present,YES,ChEMBL 37 dump extract; MAX of STANDARD_OK pChEMBL
JAK1/JAK2,J1J2_020,CHEMBL5828860,3045861,B,JAK2,CHEMBL2971,28612961,CHEMBL5737840,B,IC50,=,8930,nM,5.05,CHEMBL5728974,,,US-11247983-B2,present,YES,ChEMBL 37 dump extract; MAX of STANDARD_OK pChEMBL
JAK1/JAK2,J1J2_021,CHEMBL5841153,3058154,A,JAK1,CHEMBL2835,28292654,CHEMBL5736603,B,IC50,=,14,nM,7.85,CHEMBL5728358,,,US-10961228-B2,present,YES,ChEMBL 37 dump extract; MAX of STANDARD_OK pChEMBL
JAK1/JAK2,J1J2_021,CHEMBL5841153,3058154,B,JAK2,CHEMBL2971,28292657,CHEMBL5736604,B,IC50,=,6720,nM,5.17,CHEMBL5728358,,,US-10961228-B2,present,YES,ChEMBL 37 dump extract; MAX of STANDARD_OK pChEMBL
JAK1/JAK2,J1J2_022,CHEMBL5868512,3085513,A,JAK1,CHEMBL2835,28298672,CHEMBL5736620,B,IC50,=,56,nM,7.25,CHEMBL5728369,,,US-10966980-B2,present,YES,ChEMBL 37 dump extract; MAX of STANDARD_OK pChEMBL
JAK1/JAK2,J1J2_022,CHEMBL5868512,3085513,B,JAK2,CHEMBL2971,28298675,CHEMBL5736621,B,IC50,=,3324,nM,5.48,CHEMBL5728369,,,US-10966980-B2,present,YES,ChEMBL 37 dump extract; MAX of STANDARD_OK pChEMBL
JAK1/JAK2,J1J2_023,CHEMBL5944377,3161378,A,JAK1,CHEMBL2835,26811379,CHEMBL5730994,B,IC50,=,15,nM,7.82,CHEMBL5725532,,,US-9714236-B2,present,YES,ChEMBL 37 dump extract; MAX of STANDARD_OK pChEMBL
JAK1/JAK2,J1J2_023,CHEMBL5944377,3161378,A,JAK1,CHEMBL2835,27103973,CHEMBL5731970,B,IC50,=,15,nM,7.82,CHEMBL5726060,,,US-10167276-B2,present,YES,ChEMBL 37 dump extract; MAX of STANDARD_OK pChEMBL
JAK1/JAK2,J1J2_023,CHEMBL5944377,3161378,A,JAK1,CHEMBL2835,27965078,CHEMBL5735193,B,IC50,=,15,nM,7.82,CHEMBL5727706,,,US-10654835-B2,present,YES,ChEMBL 37 dump extract; MAX of STANDARD_OK pChEMBL
JAK1/JAK2,J1J2_023,CHEMBL5944377,3161378,A,JAK1,CHEMBL2835,28612868,CHEMBL5737839,B,IC50,=,15,nM,7.82,CHEMBL5728974,,,US-11247983-B2,present,YES,ChEMBL 37 dump extract; MAX of STANDARD_OK pChEMBL
JAK1/JAK2,J1J2_023,CHEMBL5944377,3161378,B,JAK2,CHEMBL2971,26811382,CHEMBL5730995,B,IC50,=,19800,nM,4.7,CHEMBL5725532,,,US-9714236-B2,present,YES,ChEMBL 37 dump extract; MAX of STANDARD_OK pChEMBL
JAK1/JAK2,J1J2_023,CHEMBL5944377,3161378,B,JAK2,CHEMBL2971,27103976,CHEMBL5731971,B,IC50,=,19800,nM,4.7,CHEMBL5726060,,,US-10167276-B2,present,YES,ChEMBL 37 dump extract; MAX of STANDARD_OK pChEMBL
JAK1/JAK2,J1J2_023,CHEMBL5944377,3161378,B,JAK2,CHEMBL2971,27965081,CHEMBL5735194,B,IC50,=,19800,nM,4.7,CHEMBL5727706,,,US-10654835-B2,present,YES,ChEMBL 37 dump extract; MAX of STANDARD_OK pChEMBL
JAK1/JAK2,J1J2_023,CHEMBL5944377,3161378,B,JAK2,CHEMBL2971,28612871,CHEMBL5737840,B,IC50,=,19800,nM,4.7,CHEMBL5728974,,,US-11247983-B2,present,YES,ChEMBL 37 dump extract; MAX of STANDARD_OK pChEMBL
JAK1/JAK2,J1J2_024,CHEMBL5953308,3170309,A,JAK1,CHEMBL2835,26811244,CHEMBL5730994,B,IC50,=,19,nM,7.72,CHEMBL5725532,,,US-9714236-B2,present,YES,ChEMBL 37 dump extract; MAX of STANDARD_OK pChEMBL
JAK1/JAK2,J1J2_024,CHEMBL5953308,3170309,A,JAK1,CHEMBL2835,27103838,CHEMBL5731970,B,IC50,=,19,nM,7.72,CHEMBL5726060,,,US-10167276-B2,present,YES,ChEMBL 37 dump extract; MAX of STANDARD_OK pChEMBL
JAK1/JAK2,J1J2_024,CHEMBL5953308,3170309,A,JAK1,CHEMBL2835,27964943,CHEMBL5735193,B,IC50,=,19,nM,7.72,CHEMBL5727706,,,US-10654835-B2,present,YES,ChEMBL 37 dump extract; MAX of STANDARD_OK pChEMBL
JAK1/JAK2,J1J2_024,CHEMBL5953308,3170309,A,JAK1,CHEMBL2835,28612733,CHEMBL5737839,B,IC50,=,19,nM,7.72,CHEMBL5728974,,,US-11247983-B2,present,YES,ChEMBL 37 dump extract; MAX of STANDARD_OK pChEMBL
JAK1/JAK2,J1J2_024,CHEMBL5953308,3170309,B,JAK2,CHEMBL2971,26811247,CHEMBL5730995,B,IC50,=,6240,nM,5.21,CHEMBL5725532,,,US-9714236-B2,present,YES,ChEMBL 37 dump extract; MAX of STANDARD_OK pChEMBL
JAK1/JAK2,J1J2_024,CHEMBL5953308,3170309,B,JAK2,CHEMBL2971,27103841,CHEMBL5731971,B,IC50,=,6240,nM,5.21,CHEMBL5726060,,,US-10167276-B2,present,YES,ChEMBL 37 dump extract; MAX of STANDARD_OK pChEMBL
JAK1/JAK2,J1J2_024,CHEMBL5953308,3170309,B,JAK2,CHEMBL2971,27964946,CHEMBL5735194,B,IC50,=,6240,nM,5.21,CHEMBL5727706,,,US-10654835-B2,present,YES,ChEMBL 37 dump extract; MAX of STANDARD_OK pChEMBL
JAK1/JAK2,J1J2_024,CHEMBL5953308,3170309,B,JAK2,CHEMBL2971,28612736,CHEMBL5737840,B,IC50,=,6240,nM,5.21,CHEMBL5728974,,,US-11247983-B2,present,YES,ChEMBL 37 dump extract; MAX of STANDARD_OK pChEMBL
JAK1/JAK2,J1J2_025,CHEMBL5956409,3173410,A,JAK1,CHEMBL2835,27232748,CHEMBL5732403,B,IC50,=,320,nM,6.5,CHEMBL5726283,,,US-9725445-B2,present,YES,ChEMBL 37 dump extract; MAX of STANDARD_OK pChEMBL
JAK1/JAK2,J1J2_025,CHEMBL5956409,3173410,B,JAK2,CHEMBL2971,27232751,CHEMBL5732404,B,IC50,=,3200,nM,5.5,CHEMBL5726283,,,US-9725445-B2,present,YES,ChEMBL 37 dump extract; MAX of STANDARD_OK pChEMBL
JAK1/JAK2,J1J2_026,CHEMBL5994748,3211749,A,JAK1,CHEMBL2835,28292267,CHEMBL5736603,B,IC50,=,39.8,nM,7.4,CHEMBL5728358,,,US-10961228-B2,present,YES,ChEMBL 37 dump extract; MAX of STANDARD_OK pChEMBL
JAK1/JAK2,J1J2_026,CHEMBL5994748,3211749,B,JAK2,CHEMBL2971,28292270,CHEMBL5736604,B,IC50,=,21000,nM,4.68,CHEMBL5728358,,,US-10961228-B2,present,YES,ChEMBL 37 dump extract; MAX of STANDARD_OK pChEMBL
JAK1/JAK2,J1J2_027,CHEMBL6003039,3220040,A,JAK1,CHEMBL2835,28292222,CHEMBL5736603,B,IC50,=,5.1,nM,8.29,CHEMBL5728358,,,US-10961228-B2,present,YES,ChEMBL 37 dump extract; MAX of STANDARD_OK pChEMBL
JAK1/JAK2,J1J2_027,CHEMBL6003039,3220040,B,JAK2,CHEMBL2971,28292225,CHEMBL5736604,B,IC50,=,5020,nM,5.3,CHEMBL5728358,,,US-10961228-B2,present,YES,ChEMBL 37 dump extract; MAX of STANDARD_OK pChEMBL
JAK1/JAK2,J1J2_028,CHEMBL6018837,3235838,A,JAK1,CHEMBL2835,28292537,CHEMBL5736603,B,IC50,=,3.95,nM,8.4,CHEMBL5728358,,,US-10961228-B2,present,YES,ChEMBL 37 dump extract; MAX of STANDARD_OK pChEMBL
JAK1/JAK2,J1J2_028,CHEMBL6018837,3235838,B,JAK2,CHEMBL2971,28292540,CHEMBL5736604,B,IC50,=,4820,nM,5.32,CHEMBL5728358,,,US-10961228-B2,present,YES,ChEMBL 37 dump extract; MAX of STANDARD_OK pChEMBL
JAK1/JAK2,J1J2_029,CHEMBL6020921,3237922,A,JAK1,CHEMBL2835,28292276,CHEMBL5736603,B,IC50,=,13.1,nM,7.88,CHEMBL5728358,,,US-10961228-B2,present,YES,ChEMBL 37 dump extract; MAX of STANDARD_OK pChEMBL
JAK1/JAK2,J1J2_029,CHEMBL6020921,3237922,B,JAK2,CHEMBL2971,28292279,CHEMBL5736604,B,IC50,=,11100,nM,4.96,CHEMBL5728358,,,US-10961228-B2,present,YES,ChEMBL 37 dump extract; MAX of STANDARD_OK pChEMBL
JAK1/JAK2,J1J2_030,CHEMBL6034803,3251804,A,JAK1,CHEMBL2835,26840710,CHEMBL5731074,B,IC50,=,71,nM,7.15,CHEMBL5725576,,,US-10059709-B2,present,YES,ChEMBL 37 dump extract; MAX of STANDARD_OK pChEMBL
JAK1/JAK2,J1J2_030,CHEMBL6034803,3251804,B,JAK2,CHEMBL2971,26840713,CHEMBL5731075,B,IC50,=,3600,nM,5.44,CHEMBL5725576,,,US-10059709-B2,present,YES,ChEMBL 37 dump extract; MAX of STANDARD_OK pChEMBL
JAK1/JAK2,J1J2_031,CHEMBL6036910,3253911,A,JAK1,CHEMBL2835,28292609,CHEMBL5736603,B,IC50,=,13,nM,7.89,CHEMBL5728358,,,US-10961228-B2,present,YES,ChEMBL 37 dump extract; MAX of STANDARD_OK pChEMBL
JAK1/JAK2,J1J2_031,CHEMBL6036910,3253911,B,JAK2,CHEMBL2971,28292612,CHEMBL5736604,B,IC50,=,12300,nM,4.91,CHEMBL5728358,,,US-10961228-B2,present,YES,ChEMBL 37 dump extract; MAX of STANDARD_OK pChEMBL
JAK1/JAK2,J1J2_032,CHEMBL6045689,3262690,A,JAK1,CHEMBL2835,28292330,CHEMBL5736603,B,IC50,=,3.6,nM,8.44,CHEMBL5728358,,,US-10961228-B2,present,YES,ChEMBL 37 dump extract; MAX of STANDARD_OK pChEMBL
JAK1/JAK2,J1J2_032,CHEMBL6045689,3262690,B,JAK2,CHEMBL2971,28292333,CHEMBL5736604,B,IC50,=,4860,nM,5.31,CHEMBL5728358,,,US-10961228-B2,present,YES,ChEMBL 37 dump extract; MAX of STANDARD_OK pChEMBL
JAK1/JAK2,J1J2_033,CHEMBL2035043,1344563,A,JAK1,CHEMBL2835,10910535,CHEMBL2039968,B,IC50,=,4800,nM,5.32,CHEMBL2034857,10.1021/jm201454n,22339472,,present,YES,ChEMBL 37 dump extract; MAX of STANDARD_OK pChEMBL
JAK1/JAK2,J1J2_033,CHEMBL2035043,1344563,B,JAK2,CHEMBL2971,10910556,CHEMBL2040119,B,IC50,=,150,nM,6.82,CHEMBL2034857,10.1021/jm201454n,22339472,,present,YES,ChEMBL 37 dump extract; MAX of STANDARD_OK pChEMBL
JAK1/JAK2,J1J2_034,CHEMBL2035048,1344568,A,JAK1,CHEMBL2835,10910540,CHEMBL2039968,B,IC50,=,8000,nM,5.1,CHEMBL2034857,10.1021/jm201454n,22339472,,present,YES,ChEMBL 37 dump extract; MAX of STANDARD_OK pChEMBL
JAK1/JAK2,J1J2_034,CHEMBL2035048,1344568,B,JAK2,CHEMBL2971,10910561,CHEMBL2040119,B,IC50,=,220,nM,6.66,CHEMBL2034857,10.1021/jm201454n,22339472,,present,YES,ChEMBL 37 dump extract; MAX of STANDARD_OK pChEMBL
JAK1/JAK2,J1J2_035,CHEMBL2181318,1442142,A,JAK1,CHEMBL2835,12153217,CHEMBL2184200,B,IC50,=,5800,nM,5.24,CHEMBL2176955,10.1021/jm200326p,21604762,,present,YES,ChEMBL 37 dump extract; MAX of STANDARD_OK pChEMBL
JAK1/JAK2,J1J2_035,CHEMBL2181318,1442142,B,JAK2,CHEMBL2971,12153247,CHEMBL2184201,B,IC50,=,260,nM,6.58,CHEMBL2176955,10.1021/jm200326p,21604762,,present,YES,ChEMBL 37 dump extract; MAX of STANDARD_OK pChEMBL
JAK1/JAK2,J1J2_036,CHEMBL2181323,1442147,A,JAK1,CHEMBL2835,12153212,CHEMBL2184200,B,IC50,=,3600,nM,5.44,CHEMBL2176955,10.1021/jm200326p,21604762,,present,YES,ChEMBL 37 dump extract; MAX of STANDARD_OK pChEMBL
JAK1/JAK2,J1J2_036,CHEMBL2181323,1442147,B,JAK2,CHEMBL2971,12153242,CHEMBL2184201,B,IC50,=,41,nM,7.39,CHEMBL2176955,10.1021/jm200326p,21604762,,present,YES,ChEMBL 37 dump extract; MAX of STANDARD_OK pChEMBL
JAK1/JAK2,J1J2_037,CHEMBL2181327,1442151,A,JAK1,CHEMBL2835,12153208,CHEMBL2184200,B,IC50,=,3600,nM,5.44,CHEMBL2176955,10.1021/jm200326p,21604762,,present,YES,ChEMBL 37 dump extract; MAX of STANDARD_OK pChEMBL
JAK1/JAK2,J1J2_037,CHEMBL2181327,1442151,B,JAK2,CHEMBL2971,12153238,CHEMBL2184201,B,IC50,=,77,nM,7.11,CHEMBL2176955,10.1021/jm200326p,21604762,,present,YES,ChEMBL 37 dump extract; MAX of STANDARD_OK pChEMBL
JAK1/JAK2,J1J2_038,CHEMBL2181329,1442153,A,JAK1,CHEMBL2835,12153206,CHEMBL2184200,B,IC50,=,3500,nM,5.46,CHEMBL2176955,10.1021/jm200326p,21604762,,present,YES,ChEMBL 37 dump extract; MAX of STANDARD_OK pChEMBL
JAK1/JAK2,J1J2_038,CHEMBL2181329,1442153,B,JAK2,CHEMBL2971,12153236,CHEMBL2184201,B,IC50,=,24,nM,7.62,CHEMBL2176955,10.1021/jm200326p,21604762,,present,YES,ChEMBL 37 dump extract; MAX of STANDARD_OK pChEMBL
JAK1/JAK2,J1J2_039,CHEMBL482967,520120,A,JAK1,CHEMBL2835,17908729,CHEMBL3991743,B,Kd,=,5389,nM,5.27,CHEMBL3991601,10.1126/science.aan4368,29191878,,present,YES,ChEMBL 37 dump extract; MAX of STANDARD_OK pChEMBL
JAK1/JAK2,J1J2_039,CHEMBL482967,520120,B,JAK2,CHEMBL2971,9524142,CHEMBL1963693,F,Ki,=,63.1,nM,7.2,CHEMBL1201862,,,,missing,YES,ChEMBL 37 dump extract; MAX of STANDARD_OK pChEMBL
JAK1/JAK2,J1J2_040,CHEMBL5398468,2838636,A,JAK1,CHEMBL2835,25535272,CHEMBL5342208,B,IC50,=,5833,nM,5.23,CHEMBL5338778,10.1021/acs.jmedchem.3c00050,37163463,,present,YES,ChEMBL 37 dump extract; MAX of STANDARD_OK pChEMBL
JAK1/JAK2,J1J2_040,CHEMBL5398468,2838636,B,JAK2,CHEMBL2971,25535293,CHEMBL5342209,B,IC50,=,3.783,nM,8.42,CHEMBL5338778,10.1021/acs.jmedchem.3c00050,37163463,,present,YES,ChEMBL 37 dump extract; MAX of STANDARD_OK pChEMBL
JAK1/JAK2,J1J2_041,CHEMBL5419439,2859607,A,JAK1,CHEMBL2835,25683690,CHEMBL5380352,B,IC50,=,3600,nM,5.44,CHEMBL5376015,10.1039/d3md00457k,38389874,,present,YES,ChEMBL 37 dump extract; MAX of STANDARD_OK pChEMBL
JAK1/JAK2,J1J2_041,CHEMBL5419439,2859607,B,JAK2,CHEMBL2971,25683696,CHEMBL5380353,B,IC50,=,77,nM,7.11,CHEMBL5376015,10.1039/d3md00457k,38389874,,present,YES,ChEMBL 37 dump extract; MAX of STANDARD_OK pChEMBL
JAK1/JAK2,J1J2_042,CHEMBL572878,436277,A,JAK1,CHEMBL2835,7580872,CHEMBL1908556,B,Kd,=,5900,nM,5.23,CHEMBL1908390,10.1038/nbt.1990,22037378,,present,YES,ChEMBL 37 dump extract; MAX of STANDARD_OK pChEMBL
JAK1/JAK2,J1J2_042,CHEMBL572878,436277,B,JAK2,CHEMBL2971,2526374,CHEMBL981410,B,Kd,=,190,nM,6.72,CHEMBL1154007,10.1021/jm8012129,19320489,,present,YES,ChEMBL 37 dump extract; MAX of STANDARD_OK pChEMBL
JAK1/JAK2,J1J2_042,CHEMBL572878,436277,B,JAK2,CHEMBL2971,2895842,CHEMBL1063801,B,Kd,=,190,nM,6.72,CHEMBL1150977,10.1038/nbt1358,18183025,,present,YES,ChEMBL 37 dump extract; MAX of STANDARD_OK pChEMBL
JAK1/JAK2,J1J2_042,CHEMBL572878,436277,B,JAK2,CHEMBL2971,7582900,CHEMBL1908670,B,Kd,=,190,nM,6.72,CHEMBL1908390,10.1038/nbt.1990,22037378,,present,YES,ChEMBL 37 dump extract; MAX of STANDARD_OK pChEMBL
JAK1/JAK2,J1J2_042,CHEMBL572878,436277,B,JAK2,CHEMBL2971,9528255,CHEMBL1963693,F,Ki,=,251.19,nM,6.6,CHEMBL1201862,,,,missing,NO,ChEMBL 37 dump extract; MAX of STANDARD_OK pChEMBL
JAK1/JAK2,J1J2_043,CHEMBL5753698,2970699,A,JAK1,CHEMBL2835,28624559,CHEMBL5737868,B,IC50,=,4065,nM,5.39,CHEMBL5728991,,,US-11254668-B2,present,YES,ChEMBL 37 dump extract; MAX of STANDARD_OK pChEMBL
JAK1/JAK2,J1J2_043,CHEMBL5753698,2970699,B,JAK2,CHEMBL2971,28624562,CHEMBL5737869,B,IC50,=,294,nM,6.53,CHEMBL5728991,,,US-11254668-B2,present,YES,ChEMBL 37 dump extract; MAX of STANDARD_OK pChEMBL
JAK1/JAK2,J1J2_044,CHEMBL5755238,2972239,A,JAK1,CHEMBL2835,27204467,CHEMBL5732308,B,IC50,=,5500,nM,5.26,CHEMBL5726221,,,US-10189845-B2,present,YES,ChEMBL 37 dump extract; MAX of STANDARD_OK pChEMBL
JAK1/JAK2,J1J2_044,CHEMBL5755238,2972239,A,JAK1,CHEMBL2835,28065413,CHEMBL5735557,B,IC50,=,5500,nM,5.26,CHEMBL5727865,,,US-10730880-B2,present,YES,ChEMBL 37 dump extract; MAX of STANDARD_OK pChEMBL
JAK1/JAK2,J1J2_044,CHEMBL5755238,2972239,A,JAK1,CHEMBL2835,28378427,CHEMBL5736918,B,IC50,=,5500,nM,5.26,CHEMBL5728516,,,US-11028093-B2,present,YES,ChEMBL 37 dump extract; MAX of STANDARD_OK pChEMBL
JAK1/JAK2,J1J2_044,CHEMBL5755238,2972239,B,JAK2,CHEMBL2971,27204470,CHEMBL5732309,B,IC50,=,55,nM,7.26,CHEMBL5726221,,,US-10189845-B2,present,YES,ChEMBL 37 dump extract; MAX of STANDARD_OK pChEMBL
JAK1/JAK2,J1J2_044,CHEMBL5755238,2972239,B,JAK2,CHEMBL2971,28065416,CHEMBL5735558,B,IC50,=,55,nM,7.26,CHEMBL5727865,,,US-10730880-B2,present,YES,ChEMBL 37 dump extract; MAX of STANDARD_OK pChEMBL
JAK1/JAK2,J1J2_044,CHEMBL5755238,2972239,B,JAK2,CHEMBL2971,28378430,CHEMBL5736919,B,IC50,=,55,nM,7.26,CHEMBL5728516,,,US-11028093-B2,present,YES,ChEMBL 37 dump extract; MAX of STANDARD_OK pChEMBL
JAK1/JAK2,J1J2_045,CHEMBL5765175,2982176,A,JAK1,CHEMBL2835,28066133,CHEMBL5735557,B,IC50,=,5500,nM,5.26,CHEMBL5727865,,,US-10730880-B2,present,YES,ChEMBL 37 dump extract; MAX of STANDARD_OK pChEMBL
JAK1/JAK2,J1J2_045,CHEMBL5765175,2982176,B,JAK2,CHEMBL2971,28066136,CHEMBL5735558,B,IC50,=,55,nM,7.26,CHEMBL5727865,,,US-10730880-B2,present,YES,ChEMBL 37 dump extract; MAX of STANDARD_OK pChEMBL
JAK1/JAK2,J1J2_046,CHEMBL5775187,2992188,A,JAK1,CHEMBL2835,27205523,CHEMBL5732308,B,IC50,=,5500,nM,5.26,CHEMBL5726221,,,US-10189845-B2,present,YES,ChEMBL 37 dump extract; MAX of STANDARD_OK pChEMBL
JAK1/JAK2,J1J2_046,CHEMBL5775187,2992188,A,JAK1,CHEMBL2835,28066469,CHEMBL5735557,B,IC50,=,5500,nM,5.26,CHEMBL5727865,,,US-10730880-B2,present,YES,ChEMBL 37 dump extract; MAX of STANDARD_OK pChEMBL
JAK1/JAK2,J1J2_046,CHEMBL5775187,2992188,A,JAK1,CHEMBL2835,28379483,CHEMBL5736918,B,IC50,=,5500,nM,5.26,CHEMBL5728516,,,US-11028093-B2,present,YES,ChEMBL 37 dump extract; MAX of STANDARD_OK pChEMBL
JAK1/JAK2,J1J2_046,CHEMBL5775187,2992188,B,JAK2,CHEMBL2971,27205526,CHEMBL5732309,B,IC50,=,55,nM,7.26,CHEMBL5726221,,,US-10189845-B2,present,YES,ChEMBL 37 dump extract; MAX of STANDARD_OK pChEMBL
JAK1/JAK2,J1J2_046,CHEMBL5775187,2992188,B,JAK2,CHEMBL2971,28066472,CHEMBL5735558,B,IC50,=,55,nM,7.26,CHEMBL5727865,,,US-10730880-B2,present,YES,ChEMBL 37 dump extract; MAX of STANDARD_OK pChEMBL
JAK1/JAK2,J1J2_046,CHEMBL5775187,2992188,B,JAK2,CHEMBL2971,28379486,CHEMBL5736919,B,IC50,=,55,nM,7.26,CHEMBL5728516,,,US-11028093-B2,present,YES,ChEMBL 37 dump extract; MAX of STANDARD_OK pChEMBL
JAK1/JAK2,J1J2_047,CHEMBL5779554,2996555,A,JAK1,CHEMBL2835,27049718,CHEMBL5731771,B,IC50,=,3489,nM,5.46,CHEMBL5725962,,,US-10144738-B2,present,YES,ChEMBL 37 dump extract; MAX of STANDARD_OK pChEMBL
JAK1/JAK2,J1J2_047,CHEMBL5779554,2996555,A,JAK1,CHEMBL2835,27050162,CHEMBL5731775,B,IC50,=,3489,nM,5.46,CHEMBL5725962,,,US-10144738-B2,present,YES,ChEMBL 37 dump extract; MAX of STANDARD_OK pChEMBL
JAK1/JAK2,J1J2_047,CHEMBL5779554,2996555,A,JAK1,CHEMBL2835,28171247,CHEMBL5735984,B,IC50,=,3489,nM,5.46,CHEMBL5728078,,,US-10822341-B2,present,YES,ChEMBL 37 dump extract; MAX of STANDARD_OK pChEMBL
JAK1/JAK2,J1J2_047,CHEMBL5779554,2996555,A,JAK1,CHEMBL2835,28830446,CHEMBL5738585,B,IC50,=,3489,nM,5.46,CHEMBL5729386,,,US-11472809-B2,present,YES,ChEMBL 37 dump extract; MAX of STANDARD_OK pChEMBL
JAK1/JAK2,J1J2_047,CHEMBL5779554,2996555,B,JAK2,CHEMBL2971,27049721,CHEMBL5731772,B,IC50,=,166,nM,6.78,CHEMBL5725962,,,US-10144738-B2,present,YES,ChEMBL 37 dump extract; MAX of STANDARD_OK pChEMBL
JAK1/JAK2,J1J2_047,CHEMBL5779554,2996555,B,JAK2,CHEMBL2971,27050165,CHEMBL5731776,B,IC50,=,166,nM,6.78,CHEMBL5725962,,,US-10144738-B2,present,YES,ChEMBL 37 dump extract; MAX of STANDARD_OK pChEMBL
JAK1/JAK2,J1J2_047,CHEMBL5779554,2996555,B,JAK2,CHEMBL2971,28171250,CHEMBL5735985,B,IC50,=,166,nM,6.78,CHEMBL5728078,,,US-10822341-B2,present,YES,ChEMBL 37 dump extract; MAX of STANDARD_OK pChEMBL
JAK1/JAK2,J1J2_047,CHEMBL5779554,2996555,B,JAK2,CHEMBL2971,28830449,CHEMBL5738586,B,IC50,=,166,nM,6.78,CHEMBL5729386,,,US-11472809-B2,present,YES,ChEMBL 37 dump extract; MAX of STANDARD_OK pChEMBL
JAK1/JAK2,J1J2_048,CHEMBL5810586,3027587,A,JAK1,CHEMBL2835,27204971,CHEMBL5732308,B,IC50,=,5500,nM,5.26,CHEMBL5726221,,,US-10189845-B2,present,YES,ChEMBL 37 dump extract; MAX of STANDARD_OK pChEMBL
JAK1/JAK2,J1J2_048,CHEMBL5810586,3027587,A,JAK1,CHEMBL2835,28065917,CHEMBL5735557,B,IC50,=,5500,nM,5.26,CHEMBL5727865,,,US-10730880-B2,present,YES,ChEMBL 37 dump extract; MAX of STANDARD_OK pChEMBL
JAK1/JAK2,J1J2_048,CHEMBL5810586,3027587,A,JAK1,CHEMBL2835,28378931,CHEMBL5736918,B,IC50,=,5500,nM,5.26,CHEMBL5728516,,,US-11028093-B2,present,YES,ChEMBL 37 dump extract; MAX of STANDARD_OK pChEMBL
JAK1/JAK2,J1J2_048,CHEMBL5810586,3027587,B,JAK2,CHEMBL2971,27204974,CHEMBL5732309,B,IC50,=,55,nM,7.26,CHEMBL5726221,,,US-10189845-B2,present,YES,ChEMBL 37 dump extract; MAX of STANDARD_OK pChEMBL
JAK1/JAK2,J1J2_048,CHEMBL5810586,3027587,B,JAK2,CHEMBL2971,28065920,CHEMBL5735558,B,IC50,=,55,nM,7.26,CHEMBL5727865,,,US-10730880-B2,present,YES,ChEMBL 37 dump extract; MAX of STANDARD_OK pChEMBL
JAK1/JAK2,J1J2_048,CHEMBL5810586,3027587,B,JAK2,CHEMBL2971,28378934,CHEMBL5736919,B,IC50,=,55,nM,7.26,CHEMBL5728516,,,US-11028093-B2,present,YES,ChEMBL 37 dump extract; MAX of STANDARD_OK pChEMBL
JAK1/JAK2,J1J2_049,CHEMBL5836470,3053471,A,JAK1,CHEMBL2835,27203594,CHEMBL5732308,B,IC50,=,5500,nM,5.26,CHEMBL5726221,,,US-10189845-B2,present,YES,ChEMBL 37 dump extract; MAX of STANDARD_OK pChEMBL
JAK1/JAK2,J1J2_049,CHEMBL5836470,3053471,B,JAK2,CHEMBL2971,27203597,CHEMBL5732309,B,IC50,=,55,nM,7.26,CHEMBL5726221,,,US-10189845-B2,present,YES,ChEMBL 37 dump extract; MAX of STANDARD_OK pChEMBL
JAK1/JAK2,J1J2_050,CHEMBL5852530,3069531,A,JAK1,CHEMBL2835,27205463,CHEMBL5732308,B,IC50,=,5500,nM,5.26,CHEMBL5726221,,,US-10189845-B2,present,YES,ChEMBL 37 dump extract; MAX of STANDARD_OK pChEMBL
JAK1/JAK2,J1J2_050,CHEMBL5852530,3069531,A,JAK1,CHEMBL2835,28066409,CHEMBL5735557,B,IC50,=,5500,nM,5.26,CHEMBL5727865,,,US-10730880-B2,present,YES,ChEMBL 37 dump extract; MAX of STANDARD_OK pChEMBL
JAK1/JAK2,J1J2_050,CHEMBL5852530,3069531,A,JAK1,CHEMBL2835,28379423,CHEMBL5736918,B,IC50,=,5500,nM,5.26,CHEMBL5728516,,,US-11028093-B2,present,YES,ChEMBL 37 dump extract; MAX of STANDARD_OK pChEMBL
JAK1/JAK2,J1J2_050,CHEMBL5852530,3069531,B,JAK2,CHEMBL2971,27205466,CHEMBL5732309,B,IC50,=,550,nM,6.26,CHEMBL5726221,,,US-10189845-B2,present,NO,ChEMBL 37 dump extract; MAX of STANDARD_OK pChEMBL
JAK1/JAK2,J1J2_050,CHEMBL5852530,3069531,B,JAK2,CHEMBL2971,28066412,CHEMBL5735558,B,IC50,=,55,nM,7.26,CHEMBL5727865,,,US-10730880-B2,present,YES,ChEMBL 37 dump extract; MAX of STANDARD_OK pChEMBL
JAK1/JAK2,J1J2_050,CHEMBL5852530,3069531,B,JAK2,CHEMBL2971,28379426,CHEMBL5736919,B,IC50,=,55,nM,7.26,CHEMBL5728516,,,US-11028093-B2,present,YES,ChEMBL 37 dump extract; MAX of STANDARD_OK pChEMBL
JAK1/JAK2,J1J2_051,CHEMBL5867721,3084722,A,JAK1,CHEMBL2835,27203354,CHEMBL5732308,B,IC50,=,5500,nM,5.26,CHEMBL5726221,,,US-10189845-B2,present,YES,ChEMBL 37 dump extract; MAX of STANDARD_OK pChEMBL
JAK1/JAK2,J1J2_051,CHEMBL5867721,3084722,A,JAK1,CHEMBL2835,28064312,CHEMBL5735557,B,IC50,=,5500,nM,5.26,CHEMBL5727865,,,US-10730880-B2,present,YES,ChEMBL 37 dump extract; MAX of STANDARD_OK pChEMBL
JAK1/JAK2,J1J2_051,CHEMBL5867721,3084722,A,JAK1,CHEMBL2835,28377326,CHEMBL5736918,B,IC50,=,5500,nM,5.26,CHEMBL5728516,,,US-11028093-B2,present,YES,ChEMBL 37 dump extract; MAX of STANDARD_OK pChEMBL
JAK1/JAK2,J1J2_051,CHEMBL5867721,3084722,B,JAK2,CHEMBL2971,27203357,CHEMBL5732309,B,IC50,=,55,nM,7.26,CHEMBL5726221,,,US-10189845-B2,present,YES,ChEMBL 37 dump extract; MAX of STANDARD_OK pChEMBL
JAK1/JAK2,J1J2_051,CHEMBL5867721,3084722,B,JAK2,CHEMBL2971,28064315,CHEMBL5735558,B,IC50,=,55,nM,7.26,CHEMBL5727865,,,US-10730880-B2,present,YES,ChEMBL 37 dump extract; MAX of STANDARD_OK pChEMBL
JAK1/JAK2,J1J2_051,CHEMBL5867721,3084722,B,JAK2,CHEMBL2971,28377329,CHEMBL5736919,B,IC50,=,55,nM,7.26,CHEMBL5728516,,,US-11028093-B2,present,YES,ChEMBL 37 dump extract; MAX of STANDARD_OK pChEMBL
JAK1/JAK2,J1J2_052,CHEMBL5918882,3135883,A,JAK1,CHEMBL2835,28623467,CHEMBL5737868,B,IC50,=,3716,nM,5.43,CHEMBL5728991,,,US-11254668-B2,present,YES,ChEMBL 37 dump extract; MAX of STANDARD_OK pChEMBL
JAK1/JAK2,J1J2_052,CHEMBL5918882,3135883,B,JAK2,CHEMBL2971,28623470,CHEMBL5737869,B,IC50,=,205,nM,6.69,CHEMBL5728991,,,US-11254668-B2,present,YES,ChEMBL 37 dump extract; MAX of STANDARD_OK pChEMBL
JAK1/JAK2,J1J2_053,CHEMBL5925645,3142646,A,JAK1,CHEMBL2835,27205019,CHEMBL5732308,B,IC50,=,5500,nM,5.26,CHEMBL5726221,,,US-10189845-B2,present,YES,ChEMBL 37 dump extract; MAX of STANDARD_OK pChEMBL
JAK1/JAK2,J1J2_053,CHEMBL5925645,3142646,A,JAK1,CHEMBL2835,28065965,CHEMBL5735557,B,IC50,=,5500,nM,5.26,CHEMBL5727865,,,US-10730880-B2,present,YES,ChEMBL 37 dump extract; MAX of STANDARD_OK pChEMBL
JAK1/JAK2,J1J2_053,CHEMBL5925645,3142646,A,JAK1,CHEMBL2835,28378979,CHEMBL5736918,B,IC50,=,5500,nM,5.26,CHEMBL5728516,,,US-11028093-B2,present,YES,ChEMBL 37 dump extract; MAX of STANDARD_OK pChEMBL
JAK1/JAK2,J1J2_053,CHEMBL5925645,3142646,B,JAK2,CHEMBL2971,27205022,CHEMBL5732309,B,IC50,=,55,nM,7.26,CHEMBL5726221,,,US-10189845-B2,present,YES,ChEMBL 37 dump extract; MAX of STANDARD_OK pChEMBL
JAK1/JAK2,J1J2_053,CHEMBL5925645,3142646,B,JAK2,CHEMBL2971,28065968,CHEMBL5735558,B,IC50,=,55,nM,7.26,CHEMBL5727865,,,US-10730880-B2,present,YES,ChEMBL 37 dump extract; MAX of STANDARD_OK pChEMBL
JAK1/JAK2,J1J2_053,CHEMBL5925645,3142646,B,JAK2,CHEMBL2971,28378982,CHEMBL5736919,B,IC50,=,55,nM,7.26,CHEMBL5728516,,,US-11028093-B2,present,YES,ChEMBL 37 dump extract; MAX of STANDARD_OK pChEMBL
JAK1/JAK2,J1J2_054,CHEMBL5939221,3156222,A,JAK1,CHEMBL2835,27204947,CHEMBL5732308,B,IC50,=,5500,nM,5.26,CHEMBL5726221,,,US-10189845-B2,present,YES,ChEMBL 37 dump extract; MAX of STANDARD_OK pChEMBL
JAK1/JAK2,J1J2_054,CHEMBL5939221,3156222,A,JAK1,CHEMBL2835,28065893,CHEMBL5735557,B,IC50,=,5500,nM,5.26,CHEMBL5727865,,,US-10730880-B2,present,YES,ChEMBL 37 dump extract; MAX of STANDARD_OK pChEMBL
JAK1/JAK2,J1J2_054,CHEMBL5939221,3156222,A,JAK1,CHEMBL2835,28378907,CHEMBL5736918,B,IC50,=,5500,nM,5.26,CHEMBL5728516,,,US-11028093-B2,present,YES,ChEMBL 37 dump extract; MAX of STANDARD_OK pChEMBL
JAK1/JAK2,J1J2_054,CHEMBL5939221,3156222,B,JAK2,CHEMBL2971,27204950,CHEMBL5732309,B,IC50,=,55,nM,7.26,CHEMBL5726221,,,US-10189845-B2,present,YES,ChEMBL 37 dump extract; MAX of STANDARD_OK pChEMBL
JAK1/JAK2,J1J2_054,CHEMBL5939221,3156222,B,JAK2,CHEMBL2971,28065896,CHEMBL5735558,B,IC50,=,55,nM,7.26,CHEMBL5727865,,,US-10730880-B2,present,YES,ChEMBL 37 dump extract; MAX of STANDARD_OK pChEMBL
JAK1/JAK2,J1J2_054,CHEMBL5939221,3156222,B,JAK2,CHEMBL2971,28378910,CHEMBL5736919,B,IC50,=,55,nM,7.26,CHEMBL5728516,,,US-11028093-B2,present,YES,ChEMBL 37 dump extract; MAX of STANDARD_OK pChEMBL
JAK1/JAK2,J1J2_055,CHEMBL5951989,3168990,A,JAK1,CHEMBL2835,27205535,CHEMBL5732308,B,IC50,=,5500,nM,5.26,CHEMBL5726221,,,US-10189845-B2,present,YES,ChEMBL 37 dump extract; MAX of STANDARD_OK pChEMBL
JAK1/JAK2,J1J2_055,CHEMBL5951989,3168990,A,JAK1,CHEMBL2835,28379495,CHEMBL5736918,B,IC50,=,5500,nM,5.26,CHEMBL5728516,,,US-11028093-B2,present,YES,ChEMBL 37 dump extract; MAX of STANDARD_OK pChEMBL
JAK1/JAK2,J1J2_055,CHEMBL5951989,3168990,B,JAK2,CHEMBL2971,27205538,CHEMBL5732309,B,IC50,=,550,nM,6.26,CHEMBL5726221,,,US-10189845-B2,present,NO,ChEMBL 37 dump extract; MAX of STANDARD_OK pChEMBL
JAK1/JAK2,J1J2_055,CHEMBL5951989,3168990,B,JAK2,CHEMBL2971,28379498,CHEMBL5736919,B,IC50,=,55,nM,7.26,CHEMBL5728516,,,US-11028093-B2,present,YES,ChEMBL 37 dump extract; MAX of STANDARD_OK pChEMBL
JAK1/JAK2,J1J2_056,CHEMBL5958255,3175256,A,JAK1,CHEMBL2835,27203522,CHEMBL5732308,B,IC50,=,5500,nM,5.26,CHEMBL5726221,,,US-10189845-B2,present,YES,ChEMBL 37 dump extract; MAX of STANDARD_OK pChEMBL
JAK1/JAK2,J1J2_056,CHEMBL5958255,3175256,A,JAK1,CHEMBL2835,28064480,CHEMBL5735557,B,IC50,=,5500,nM,5.26,CHEMBL5727865,,,US-10730880-B2,present,YES,ChEMBL 37 dump extract; MAX of STANDARD_OK pChEMBL
JAK1/JAK2,J1J2_056,CHEMBL5958255,3175256,A,JAK1,CHEMBL2835,28377494,CHEMBL5736918,B,IC50,=,5500,nM,5.26,CHEMBL5728516,,,US-11028093-B2,present,YES,ChEMBL 37 dump extract; MAX of STANDARD_OK pChEMBL
JAK1/JAK2,J1J2_056,CHEMBL5958255,3175256,B,JAK2,CHEMBL2971,27203525,CHEMBL5732309,B,IC50,=,55,nM,7.26,CHEMBL5726221,,,US-10189845-B2,present,YES,ChEMBL 37 dump extract; MAX of STANDARD_OK pChEMBL
JAK1/JAK2,J1J2_056,CHEMBL5958255,3175256,B,JAK2,CHEMBL2971,28064483,CHEMBL5735558,B,IC50,=,55,nM,7.26,CHEMBL5727865,,,US-10730880-B2,present,YES,ChEMBL 37 dump extract; MAX of STANDARD_OK pChEMBL
JAK1/JAK2,J1J2_056,CHEMBL5958255,3175256,B,JAK2,CHEMBL2971,28377497,CHEMBL5736919,B,IC50,=,55,nM,7.26,CHEMBL5728516,,,US-11028093-B2,present,YES,ChEMBL 37 dump extract; MAX of STANDARD_OK pChEMBL
JAK1/JAK2,J1J2_057,CHEMBL5959688,3176689,A,JAK1,CHEMBL2835,27203306,CHEMBL5732308,B,IC50,=,5500,nM,5.26,CHEMBL5726221,,,US-10189845-B2,present,YES,ChEMBL 37 dump extract; MAX of STANDARD_OK pChEMBL
JAK1/JAK2,J1J2_057,CHEMBL5959688,3176689,A,JAK1,CHEMBL2835,28064264,CHEMBL5735557,B,IC50,=,5500,nM,5.26,CHEMBL5727865,,,US-10730880-B2,present,YES,ChEMBL 37 dump extract; MAX of STANDARD_OK pChEMBL
JAK1/JAK2,J1J2_057,CHEMBL5959688,3176689,A,JAK1,CHEMBL2835,28377278,CHEMBL5736918,B,IC50,=,5500,nM,5.26,CHEMBL5728516,,,US-11028093-B2,present,YES,ChEMBL 37 dump extract; MAX of STANDARD_OK pChEMBL
JAK1/JAK2,J1J2_057,CHEMBL5959688,3176689,B,JAK2,CHEMBL2971,27203309,CHEMBL5732309,B,IC50,=,55,nM,7.26,CHEMBL5726221,,,US-10189845-B2,present,YES,ChEMBL 37 dump extract; MAX of STANDARD_OK pChEMBL
JAK1/JAK2,J1J2_057,CHEMBL5959688,3176689,B,JAK2,CHEMBL2971,28064267,CHEMBL5735558,B,IC50,=,55,nM,7.26,CHEMBL5727865,,,US-10730880-B2,present,YES,ChEMBL 37 dump extract; MAX of STANDARD_OK pChEMBL
JAK1/JAK2,J1J2_057,CHEMBL5959688,3176689,B,JAK2,CHEMBL2971,28377281,CHEMBL5736919,B,IC50,=,55,nM,7.26,CHEMBL5728516,,,US-11028093-B2,present,YES,ChEMBL 37 dump extract; MAX of STANDARD_OK pChEMBL
JAK1/JAK2,J1J2_058,CHEMBL5992455,3209456,A,JAK1,CHEMBL2835,28064552,CHEMBL5735557,B,IC50,=,5500,nM,5.26,CHEMBL5727865,,,US-10730880-B2,present,YES,ChEMBL 37 dump extract; MAX of STANDARD_OK pChEMBL
JAK1/JAK2,J1J2_058,CHEMBL5992455,3209456,A,JAK1,CHEMBL2835,28064564,CHEMBL5735557,B,IC50,=,5500,nM,5.26,CHEMBL5727865,,,US-10730880-B2,present,YES,ChEMBL 37 dump extract; MAX of STANDARD_OK pChEMBL
JAK1/JAK2,J1J2_058,CHEMBL5992455,3209456,A,JAK1,CHEMBL2835,28377566,CHEMBL5736918,B,IC50,=,5500,nM,5.26,CHEMBL5728516,,,US-11028093-B2,present,YES,ChEMBL 37 dump extract; MAX of STANDARD_OK pChEMBL
JAK1/JAK2,J1J2_058,CHEMBL5992455,3209456,A,JAK1,CHEMBL2835,28377578,CHEMBL5736918,B,IC50,=,5500,nM,5.26,CHEMBL5728516,,,US-11028093-B2,present,YES,ChEMBL 37 dump extract; MAX of STANDARD_OK pChEMBL
JAK1/JAK2,J1J2_058,CHEMBL5992455,3209456,B,JAK2,CHEMBL2971,28064555,CHEMBL5735558,B,IC50,=,55,nM,7.26,CHEMBL5727865,,,US-10730880-B2,present,YES,ChEMBL 37 dump extract; MAX of STANDARD_OK pChEMBL
JAK1/JAK2,J1J2_058,CHEMBL5992455,3209456,B,JAK2,CHEMBL2971,28064567,CHEMBL5735558,B,IC50,=,55,nM,7.26,CHEMBL5727865,,,US-10730880-B2,present,YES,ChEMBL 37 dump extract; MAX of STANDARD_OK pChEMBL
JAK1/JAK2,J1J2_058,CHEMBL5992455,3209456,B,JAK2,CHEMBL2971,28377569,CHEMBL5736919,B,IC50,=,55,nM,7.26,CHEMBL5728516,,,US-11028093-B2,present,YES,ChEMBL 37 dump extract; MAX of STANDARD_OK pChEMBL
JAK1/JAK2,J1J2_058,CHEMBL5992455,3209456,B,JAK2,CHEMBL2971,28377581,CHEMBL5736919,B,IC50,=,55,nM,7.26,CHEMBL5728516,,,US-11028093-B2,present,YES,ChEMBL 37 dump extract; MAX of STANDARD_OK pChEMBL
JAK1/JAK2,J1J2_059,CHEMBL5993363,3210364,A,JAK1,CHEMBL2835,27205031,CHEMBL5732308,B,IC50,=,5500,nM,5.26,CHEMBL5726221,,,US-10189845-B2,present,YES,ChEMBL 37 dump extract; MAX of STANDARD_OK pChEMBL
JAK1/JAK2,J1J2_059,CHEMBL5993363,3210364,A,JAK1,CHEMBL2835,28065977,CHEMBL5735557,B,IC50,=,5500,nM,5.26,CHEMBL5727865,,,US-10730880-B2,present,YES,ChEMBL 37 dump extract; MAX of STANDARD_OK pChEMBL
JAK1/JAK2,J1J2_059,CHEMBL5993363,3210364,A,JAK1,CHEMBL2835,28378991,CHEMBL5736918,B,IC50,=,5500,nM,5.26,CHEMBL5728516,,,US-11028093-B2,present,YES,ChEMBL 37 dump extract; MAX of STANDARD_OK pChEMBL
JAK1/JAK2,J1J2_059,CHEMBL5993363,3210364,B,JAK2,CHEMBL2971,27205034,CHEMBL5732309,B,IC50,=,550,nM,6.26,CHEMBL5726221,,,US-10189845-B2,present,NO,ChEMBL 37 dump extract; MAX of STANDARD_OK pChEMBL
JAK1/JAK2,J1J2_059,CHEMBL5993363,3210364,B,JAK2,CHEMBL2971,28065980,CHEMBL5735558,B,IC50,=,55,nM,7.26,CHEMBL5727865,,,US-10730880-B2,present,YES,ChEMBL 37 dump extract; MAX of STANDARD_OK pChEMBL
JAK1/JAK2,J1J2_059,CHEMBL5993363,3210364,B,JAK2,CHEMBL2971,28378994,CHEMBL5736919,B,IC50,=,55,nM,7.26,CHEMBL5728516,,,US-11028093-B2,present,YES,ChEMBL 37 dump extract; MAX of STANDARD_OK pChEMBL
JAK1/JAK2,J1J2_060,CHEMBL6002838,3219839,A,JAK1,CHEMBL2835,28787759,CHEMBL5738406,B,IC50,=,3300,nM,5.48,CHEMBL5729286,,,US-11427563-B2,present,YES,ChEMBL 37 dump extract; MAX of STANDARD_OK pChEMBL
JAK1/JAK2,J1J2_060,CHEMBL6002838,3219839,A,JAK1,CHEMBL2835,28787765,CHEMBL5738406,B,IC50,=,3344,nM,5.48,CHEMBL5729286,,,US-11427563-B2,present,YES,ChEMBL 37 dump extract; MAX of STANDARD_OK pChEMBL
JAK1/JAK2,J1J2_060,CHEMBL6002838,3219839,B,JAK2,CHEMBL2971,28788110,CHEMBL5738407,B,IC50,=,72,nM,7.14,CHEMBL5729286,,,US-11427563-B2,present,YES,ChEMBL 37 dump extract; MAX of STANDARD_OK pChEMBL
JAK1/JAK2,J1J2_060,CHEMBL6002838,3219839,B,JAK2,CHEMBL2971,28788116,CHEMBL5738407,B,IC50,=,72,nM,7.14,CHEMBL5729286,,,US-11427563-B2,present,YES,ChEMBL 37 dump extract; MAX of STANDARD_OK pChEMBL
JAK1/JAK2,J1J2_061,CHEMBL6028272,3245273,A,JAK1,CHEMBL2835,27204455,CHEMBL5732308,B,IC50,=,5500,nM,5.26,CHEMBL5726221,,,US-10189845-B2,present,YES,ChEMBL 37 dump extract; MAX of STANDARD_OK pChEMBL
JAK1/JAK2,J1J2_061,CHEMBL6028272,3245273,A,JAK1,CHEMBL2835,28065401,CHEMBL5735557,B,IC50,=,5500,nM,5.26,CHEMBL5727865,,,US-10730880-B2,present,YES,ChEMBL 37 dump extract; MAX of STANDARD_OK pChEMBL
JAK1/JAK2,J1J2_061,CHEMBL6028272,3245273,A,JAK1,CHEMBL2835,28378415,CHEMBL5736918,B,IC50,=,5500,nM,5.26,CHEMBL5728516,,,US-11028093-B2,present,YES,ChEMBL 37 dump extract; MAX of STANDARD_OK pChEMBL
JAK1/JAK2,J1J2_061,CHEMBL6028272,3245273,B,JAK2,CHEMBL2971,27204458,CHEMBL5732309,B,IC50,=,55,nM,7.26,CHEMBL5726221,,,US-10189845-B2,present,YES,ChEMBL 37 dump extract; MAX of STANDARD_OK pChEMBL
JAK1/JAK2,J1J2_061,CHEMBL6028272,3245273,B,JAK2,CHEMBL2971,28065404,CHEMBL5735558,B,IC50,=,55,nM,7.26,CHEMBL5727865,,,US-10730880-B2,present,YES,ChEMBL 37 dump extract; MAX of STANDARD_OK pChEMBL
JAK1/JAK2,J1J2_061,CHEMBL6028272,3245273,B,JAK2,CHEMBL2971,28378418,CHEMBL5736919,B,IC50,=,55,nM,7.26,CHEMBL5728516,,,US-11028093-B2,present,YES,ChEMBL 37 dump extract; MAX of STANDARD_OK pChEMBL
JAK1/JAK2,J1J2_062,CHEMBL6039711,3256712,A,JAK1,CHEMBL2835,27204503,CHEMBL5732308,B,IC50,=,5500,nM,5.26,CHEMBL5726221,,,US-10189845-B2,present,YES,ChEMBL 37 dump extract; MAX of STANDARD_OK pChEMBL
JAK1/JAK2,J1J2_062,CHEMBL6039711,3256712,A,JAK1,CHEMBL2835,28065449,CHEMBL5735557,B,IC50,=,5500,nM,5.26,CHEMBL5727865,,,US-10730880-B2,present,YES,ChEMBL 37 dump extract; MAX of STANDARD_OK pChEMBL
JAK1/JAK2,J1J2_062,CHEMBL6039711,3256712,A,JAK1,CHEMBL2835,28378463,CHEMBL5736918,B,IC50,=,5500,nM,5.26,CHEMBL5728516,,,US-11028093-B2,present,YES,ChEMBL 37 dump extract; MAX of STANDARD_OK pChEMBL
JAK1/JAK2,J1J2_062,CHEMBL6039711,3256712,B,JAK2,CHEMBL2971,27204506,CHEMBL5732309,B,IC50,=,55,nM,7.26,CHEMBL5726221,,,US-10189845-B2,present,YES,ChEMBL 37 dump extract; MAX of STANDARD_OK pChEMBL
JAK1/JAK2,J1J2_062,CHEMBL6039711,3256712,B,JAK2,CHEMBL2971,28065452,CHEMBL5735558,B,IC50,=,55,nM,7.26,CHEMBL5727865,,,US-10730880-B2,present,YES,ChEMBL 37 dump extract; MAX of STANDARD_OK pChEMBL
JAK1/JAK2,J1J2_062,CHEMBL6039711,3256712,B,JAK2,CHEMBL2971,28378466,CHEMBL5736919,B,IC50,=,55,nM,7.26,CHEMBL5728516,,,US-11028093-B2,present,YES,ChEMBL 37 dump extract; MAX of STANDARD_OK pChEMBL
JAK1/JAK2,J1J2_063,CHEMBL6050990,3267991,A,JAK1,CHEMBL2835,27204479,CHEMBL5732308,B,IC50,=,5500,nM,5.26,CHEMBL5726221,,,US-10189845-B2,present,YES,ChEMBL 37 dump extract; MAX of STANDARD_OK pChEMBL
JAK1/JAK2,J1J2_063,CHEMBL6050990,3267991,A,JAK1,CHEMBL2835,28065425,CHEMBL5735557,B,IC50,=,5500,nM,5.26,CHEMBL5727865,,,US-10730880-B2,present,YES,ChEMBL 37 dump extract; MAX of STANDARD_OK pChEMBL
JAK1/JAK2,J1J2_063,CHEMBL6050990,3267991,A,JAK1,CHEMBL2835,28378439,CHEMBL5736918,B,IC50,=,5500,nM,5.26,CHEMBL5728516,,,US-11028093-B2,present,YES,ChEMBL 37 dump extract; MAX of STANDARD_OK pChEMBL
JAK1/JAK2,J1J2_063,CHEMBL6050990,3267991,B,JAK2,CHEMBL2971,27204482,CHEMBL5732309,B,IC50,=,55,nM,7.26,CHEMBL5726221,,,US-10189845-B2,present,YES,ChEMBL 37 dump extract; MAX of STANDARD_OK pChEMBL
JAK1/JAK2,J1J2_063,CHEMBL6050990,3267991,B,JAK2,CHEMBL2971,28065428,CHEMBL5735558,B,IC50,=,55,nM,7.26,CHEMBL5727865,,,US-10730880-B2,present,YES,ChEMBL 37 dump extract; MAX of STANDARD_OK pChEMBL
JAK1/JAK2,J1J2_063,CHEMBL6050990,3267991,B,JAK2,CHEMBL2971,28378442,CHEMBL5736919,B,IC50,=,55,nM,7.26,CHEMBL5728516,,,US-11028093-B2,present,YES,ChEMBL 37 dump extract; MAX of STANDARD_OK pChEMBL
JAK1/JAK2,J1J2_064,CHEMBL6055686,3272687,A,JAK1,CHEMBL2835,28626647,CHEMBL5737868,B,IC50,=,8368,nM,5.08,CHEMBL5728991,,,US-11254668-B2,present,YES,ChEMBL 37 dump extract; MAX of STANDARD_OK pChEMBL
JAK1/JAK2,J1J2_064,CHEMBL6055686,3272687,B,JAK2,CHEMBL2971,28626650,CHEMBL5737869,B,IC50,=,146,nM,6.84,CHEMBL5728991,,,US-11254668-B2,present,YES,ChEMBL 37 dump extract; MAX of STANDARD_OK pChEMBL
JAK1/JAK2,J1J2_065,CHEMBL3647862,1980635,A,JAK1,CHEMBL2835,16261995,CHEMBL3706329,B,IC50,=,3,nM,8.52,CHEMBL3638646,,,US-8962608-B2,present,YES,ChEMBL 37 dump extract; MAX of STANDARD_OK pChEMBL
JAK1/JAK2,J1J2_065,CHEMBL3647862,1980635,B,JAK2,CHEMBL2971,16262138,CHEMBL3707623,B,IC50,=,10,nM,8,CHEMBL3638646,,,US-8962608-B2,present,YES,ChEMBL 37 dump extract; MAX of STANDARD_OK pChEMBL
JAK1/JAK2,J1J2_066,CHEMBL3647923,1980696,A,JAK1,CHEMBL2835,16282456,CHEMBL3706329,B,IC50,=,2,nM,8.7,CHEMBL3638646,,,US-8962608-B2,present,NO,ChEMBL 37 dump extract; MAX of STANDARD_OK pChEMBL
JAK1/JAK2,J1J2_066,CHEMBL3647923,1980696,A,JAK1,CHEMBL2835,16314376,CHEMBL3706329,B,IC50,=,0.15,nM,9.82,CHEMBL3638646,,,US-8962608-B2,present,YES,ChEMBL 37 dump extract; MAX of STANDARD_OK pChEMBL
JAK1/JAK2,J1J2_066,CHEMBL3647923,1980696,B,JAK2,CHEMBL2971,16263037,CHEMBL3707623,B,IC50,=,1,nM,9,CHEMBL3638646,,,US-8962608-B2,present,YES,ChEMBL 37 dump extract; MAX of STANDARD_OK pChEMBL
JAK1/JAK2,J1J2_066,CHEMBL3647923,1980696,B,JAK2,CHEMBL2971,16328018,CHEMBL3707623,B,IC50,=,18,nM,7.75,CHEMBL3638646,,,US-8962608-B2,present,NO,ChEMBL 37 dump extract; MAX of STANDARD_OK pChEMBL
JAK1/JAK2,J1J2_067,CHEMBL3652304,1985122,A,JAK1,CHEMBL2835,16333737,CHEMBL3707925,B,IC50,=,2.88,nM,8.54,CHEMBL3639159,,,US-8633206-B2,present,YES,ChEMBL 37 dump extract; MAX of STANDARD_OK pChEMBL
JAK1/JAK2,J1J2_067,CHEMBL3652304,1985122,B,JAK2,CHEMBL2971,16271467,CHEMBL3707948,B,IC50,=,14.4,nM,7.84,CHEMBL3639159,,,US-8633206-B2,present,YES,ChEMBL 37 dump extract; MAX of STANDARD_OK pChEMBL
JAK1/JAK2,J1J2_068,CHEMBL3652331,1985149,A,JAK1,CHEMBL2835,16320542,CHEMBL3707925,B,IC50,=,1.7,nM,8.77,CHEMBL3639159,,,US-8633206-B2,present,YES,ChEMBL 37 dump extract; MAX of STANDARD_OK pChEMBL
JAK1/JAK2,J1J2_068,CHEMBL3652331,1985149,B,JAK2,CHEMBL2971,16348021,CHEMBL3707948,B,IC50,=,23.7,nM,7.62,CHEMBL3639159,,,US-8633206-B2,present,YES,ChEMBL 37 dump extract; MAX of STANDARD_OK pChEMBL
JAK1/JAK2,J1J2_069,CHEMBL3702884,2036213,A,JAK1,CHEMBL2835,16268557,CHEMBL3706329,B,IC50,=,0.45,nM,9.35,CHEMBL3638646,,,US-8962608-B2,present,YES,ChEMBL 37 dump extract; MAX of STANDARD_OK pChEMBL
JAK1/JAK2,J1J2_069,CHEMBL3702884,2036213,B,JAK2,CHEMBL2971,16313210,CHEMBL3707623,B,IC50,=,11,nM,7.96,CHEMBL3638646,,,US-8962608-B2,present,YES,ChEMBL 37 dump extract; MAX of STANDARD_OK pChEMBL
JAK1/JAK2,J1J2_070,CHEMBL3703048,2036378,A,JAK1,CHEMBL2835,16352640,CHEMBL3706329,B,IC50,=,0.04,nM,10.4,CHEMBL3638646,,,US-8962608-B2,present,YES,ChEMBL 37 dump extract; MAX of STANDARD_OK pChEMBL
JAK1/JAK2,J1J2_070,CHEMBL3703048,2036378,B,JAK2,CHEMBL2971,16338572,CHEMBL3707623,B,IC50,=,2,nM,8.7,CHEMBL3638646,,,US-8962608-B2,present,YES,ChEMBL 37 dump extract; MAX of STANDARD_OK pChEMBL
JAK1/JAK2,J1J2_071,CHEMBL3764277,2068894,A,JAK1,CHEMBL2835,16481196,CHEMBL3766652,B,IC50,=,24,nM,7.62,CHEMBL3763089,10.1021/acs.jmedchem.5b01857,26701356,,present,YES,ChEMBL 37 dump extract; MAX of STANDARD_OK pChEMBL
JAK1/JAK2,J1J2_071,CHEMBL3764277,2068894,B,JAK2,CHEMBL2971,16481176,CHEMBL3766653,B,IC50,=,12,nM,7.92,CHEMBL3763089,10.1021/acs.jmedchem.5b01857,26701356,,present,YES,ChEMBL 37 dump extract; MAX of STANDARD_OK pChEMBL
JAK1/JAK2,J1J2_072,CHEMBL3904170,2113541,A,JAK1,CHEMBL2835,27671234,CHEMBL5734065,B,IC50,=,30,nM,7.52,CHEMBL5727126,,,US-9999619-B2,present,NO,ChEMBL 37 dump extract; MAX of STANDARD_OK pChEMBL
JAK1/JAK2,J1J2_072,CHEMBL3904170,2113541,A,JAK1,CHEMBL2835,28002686,CHEMBL5735336,B,IC50,=,12.5,nM,7.9,CHEMBL5727777,,,US-10695337-B2,present,YES,ChEMBL 37 dump extract; MAX of STANDARD_OK pChEMBL
JAK1/JAK2,J1J2_072,CHEMBL3904170,2113541,A,JAK1,CHEMBL2835,28653524,CHEMBL5737946,B,IC50,=,12.5,nM,7.9,CHEMBL5729035,,,US-11285140-B2,present,YES,ChEMBL 37 dump extract; MAX of STANDARD_OK pChEMBL
JAK1/JAK2,J1J2_072,CHEMBL3904170,2113541,B,JAK2,CHEMBL2971,27671237,CHEMBL5734066,B,IC50,=,12.5,nM,7.9,CHEMBL5727126,,,US-9999619-B2,present,YES,ChEMBL 37 dump extract; MAX of STANDARD_OK pChEMBL
JAK1/JAK2,J1J2_072,CHEMBL3904170,2113541,B,JAK2,CHEMBL2971,28002689,CHEMBL5735337,B,IC50,=,30,nM,7.52,CHEMBL5727777,,,US-10695337-B2,present,NO,ChEMBL 37 dump extract; MAX of STANDARD_OK pChEMBL
JAK1/JAK2,J1J2_073,CHEMBL3916637,2126008,A,JAK1,CHEMBL2835,17771668,CHEMBL3888505,B,Ki,=,0.88,nM,9.06,CHEMBL3886737,,,US-9346815-B2,present,YES,ChEMBL 37 dump extract; MAX of STANDARD_OK pChEMBL
JAK1/JAK2,J1J2_073,CHEMBL3916637,2126008,A,JAK1,CHEMBL2835,27094034,CHEMBL5731934,B,Ki,=,0.88,nM,9.06,CHEMBL5726043,,,US-9604984-B2,present,YES,ChEMBL 37 dump extract; MAX of STANDARD_OK pChEMBL
JAK1/JAK2,J1J2_073,CHEMBL3916637,2126008,B,JAK2,CHEMBL2971,17772135,CHEMBL3888506,B,Ki,=,0.78,nM,9.11,CHEMBL3886737,,,US-9346815-B2,present,YES,ChEMBL 37 dump extract; MAX of STANDARD_OK pChEMBL
JAK1/JAK2,J1J2_073,CHEMBL3916637,2126008,B,JAK2,CHEMBL2971,27094037,CHEMBL5731935,B,Ki,=,0.78,nM,9.11,CHEMBL5726043,,,US-9604984-B2,present,YES,ChEMBL 37 dump extract; MAX of STANDARD_OK pChEMBL
JAK1/JAK2,J1J2_074,CHEMBL3930325,2139696,A,JAK1,CHEMBL2835,27671924,CHEMBL5734065,B,IC50,=,30,nM,7.52,CHEMBL5727126,,,US-9999619-B2,present,NO,ChEMBL 37 dump extract; MAX of STANDARD_OK pChEMBL
JAK1/JAK2,J1J2_074,CHEMBL3930325,2139696,A,JAK1,CHEMBL2835,28653869,CHEMBL5737946,B,IC50,=,12.5,nM,7.9,CHEMBL5729035,,,US-11285140-B2,present,YES,ChEMBL 37 dump extract; MAX of STANDARD_OK pChEMBL
JAK1/JAK2,J1J2_074,CHEMBL3930325,2139696,B,JAK2,CHEMBL2971,27671927,CHEMBL5734066,B,IC50,=,25,nM,7.6,CHEMBL5727126,,,US-9999619-B2,present,YES,ChEMBL 37 dump extract; MAX of STANDARD_OK pChEMBL
JAK1/JAK2,J1J2_075,CHEMBL3980275,2189653,A,JAK1,CHEMBL2835,27671858,CHEMBL5734065,B,IC50,=,30,nM,7.52,CHEMBL5727126,,,US-9999619-B2,present,NO,ChEMBL 37 dump extract; MAX of STANDARD_OK pChEMBL
JAK1/JAK2,J1J2_075,CHEMBL3980275,2189653,A,JAK1,CHEMBL2835,28003310,CHEMBL5735336,B,IC50,=,12.5,nM,7.9,CHEMBL5727777,,,US-10695337-B2,present,YES,ChEMBL 37 dump extract; MAX of STANDARD_OK pChEMBL
JAK1/JAK2,J1J2_075,CHEMBL3980275,2189653,A,JAK1,CHEMBL2835,28653836,CHEMBL5737946,B,IC50,=,12.5,nM,7.9,CHEMBL5729035,,,US-11285140-B2,present,YES,ChEMBL 37 dump extract; MAX of STANDARD_OK pChEMBL
JAK1/JAK2,J1J2_075,CHEMBL3980275,2189653,B,JAK2,CHEMBL2971,27671861,CHEMBL5734066,B,IC50,=,12.5,nM,7.9,CHEMBL5727126,,,US-9999619-B2,present,YES,ChEMBL 37 dump extract; MAX of STANDARD_OK pChEMBL
JAK1/JAK2,J1J2_075,CHEMBL3980275,2189653,B,JAK2,CHEMBL2971,28003313,CHEMBL5735337,B,IC50,=,30,nM,7.52,CHEMBL5727777,,,US-10695337-B2,present,NO,ChEMBL 37 dump extract; MAX of STANDARD_OK pChEMBL
JAK1/JAK2,J1J2_076,CHEMBL5197758,2768989,A,JAK1,CHEMBL2835,24875768,CHEMBL5154504,B,IC50,=,2,nM,8.7,CHEMBL5150077,10.1021/acs.jmedchem.2c01550,36512734,,present,YES,ChEMBL 37 dump extract; MAX of STANDARD_OK pChEMBL
JAK1/JAK2,J1J2_076,CHEMBL5197758,2768989,B,JAK2,CHEMBL2971,24875806,CHEMBL5154505,B,IC50,=,22,nM,7.66,CHEMBL5150077,10.1021/acs.jmedchem.2c01550,36512734,,present,YES,ChEMBL 37 dump extract; MAX of STANDARD_OK pChEMBL
JAK1/JAK2,J1J2_077,CHEMBL5404574,2844742,A,JAK1,CHEMBL2835,25666313,CHEMBL5375111,B,IC50,=,5,nM,8.3,CHEMBL5370660,10.1021/acs.jmedchem.3c01735,37906573,,present,YES,ChEMBL 37 dump extract; MAX of STANDARD_OK pChEMBL
JAK1/JAK2,J1J2_077,CHEMBL5404574,2844742,B,JAK2,CHEMBL2971,25666330,CHEMBL5375112,B,IC50,=,5,nM,8.3,CHEMBL5370660,10.1021/acs.jmedchem.3c01735,37906573,,present,YES,ChEMBL 37 dump extract; MAX of STANDARD_OK pChEMBL
JAK1/JAK2,J1J2_078,CHEMBL5420407,2860575,A,JAK1,CHEMBL2835,25675114,CHEMBL5377862,B,IC50,=,11.3,nM,7.95,CHEMBL5375974,10.1021/acs.jmedchem.3c01712,38031930,,present,YES,ChEMBL 37 dump extract; MAX of STANDARD_OK pChEMBL
JAK1/JAK2,J1J2_078,CHEMBL5420407,2860575,B,JAK2,CHEMBL2971,25675145,CHEMBL5377863,B,IC50,=,99.6,nM,7,CHEMBL5375974,10.1021/acs.jmedchem.3c01712,38031930,,present,YES,ChEMBL 37 dump extract; MAX of STANDARD_OK pChEMBL
JAK1/JAK2,J1J2_079,CHEMBL5747384,2964385,A,JAK1,CHEMBL2835,27449156,CHEMBL5733205,B,Ki,=,2.53,nM,8.6,CHEMBL5726716,,,US-9873709-B2,present,YES,ChEMBL 37 dump extract; MAX of STANDARD_OK pChEMBL
JAK1/JAK2,J1J2_079,CHEMBL5747384,2964385,B,JAK2,CHEMBL2971,27449159,CHEMBL5733206,B,Ki,=,0.66,nM,9.18,CHEMBL5726716,,,US-9873709-B2,present,YES,ChEMBL 37 dump extract; MAX of STANDARD_OK pChEMBL
JAK1/JAK2,J1J2_080,CHEMBL5754281,2971282,A,JAK1,CHEMBL2835,28134551,CHEMBL5735848,B,EC50,=,0.8,nM,9.1,CHEMBL5728014,,,US-10799507-B2,present,YES,ChEMBL 37 dump extract; MAX of STANDARD_OK pChEMBL
JAK1/JAK2,J1J2_080,CHEMBL5754281,2971282,B,JAK2,CHEMBL2971,28134554,CHEMBL5735849,B,EC50,=,4,nM,8.4,CHEMBL5728014,,,US-10799507-B2,present,YES,ChEMBL 37 dump extract; MAX of STANDARD_OK pChEMBL
JAK1/JAK2,J1J2_081,CHEMBL5761967,2978968,A,JAK1,CHEMBL2835,27671720,CHEMBL5734065,B,IC50,=,30,nM,7.52,CHEMBL5727126,,,US-9999619-B2,present,NO,ChEMBL 37 dump extract; MAX of STANDARD_OK pChEMBL
JAK1/JAK2,J1J2_081,CHEMBL5761967,2978968,A,JAK1,CHEMBL2835,28003172,CHEMBL5735336,B,IC50,=,12.5,nM,7.9,CHEMBL5727777,,,US-10695337-B2,present,YES,ChEMBL 37 dump extract; MAX of STANDARD_OK pChEMBL
JAK1/JAK2,J1J2_081,CHEMBL5761967,2978968,A,JAK1,CHEMBL2835,28653767,CHEMBL5737946,B,IC50,=,12.5,nM,7.9,CHEMBL5729035,,,US-11285140-B2,present,YES,ChEMBL 37 dump extract; MAX of STANDARD_OK pChEMBL
JAK1/JAK2,J1J2_081,CHEMBL5761967,2978968,B,JAK2,CHEMBL2971,27671723,CHEMBL5734066,B,IC50,=,12.5,nM,7.9,CHEMBL5727126,,,US-9999619-B2,present,YES,ChEMBL 37 dump extract; MAX of STANDARD_OK pChEMBL
JAK1/JAK2,J1J2_081,CHEMBL5761967,2978968,B,JAK2,CHEMBL2971,28003175,CHEMBL5735337,B,IC50,=,30,nM,7.52,CHEMBL5727777,,,US-10695337-B2,present,NO,ChEMBL 37 dump extract; MAX of STANDARD_OK pChEMBL
JAK1/JAK2,J1J2_082,CHEMBL5770024,2987025,A,JAK1,CHEMBL2835,28322135,CHEMBL5736710,B,IC50,=,1.1,nM,8.96,CHEMBL5728418,,,US-10981911-B2,present,YES,ChEMBL 37 dump extract; MAX of STANDARD_OK pChEMBL
JAK1/JAK2,J1J2_082,CHEMBL5770024,2987025,B,JAK2,CHEMBL2971,28322138,CHEMBL5736711,B,IC50,=,9.5,nM,8.02,CHEMBL5728418,,,US-10981911-B2,present,YES,ChEMBL 37 dump extract; MAX of STANDARD_OK pChEMBL
JAK1/JAK2,J1J2_083,CHEMBL5776382,2993383,A,JAK1,CHEMBL2835,28091933,CHEMBL5735699,B,IC50,=,32,nM,7.5,CHEMBL5727927,,,US-10759793-B2,present,YES,ChEMBL 37 dump extract; MAX of STANDARD_OK pChEMBL
JAK1/JAK2,J1J2_083,CHEMBL5776382,2993383,B,JAK2,CHEMBL2971,28091930,CHEMBL5735698,B,IC50,=,2,nM,8.7,CHEMBL5727927,,,US-10759793-B2,present,YES,ChEMBL 37 dump extract; MAX of STANDARD_OK pChEMBL
JAK1/JAK2,J1J2_084,CHEMBL5789204,3006205,A,JAK1,CHEMBL2835,26908242,CHEMBL5731271,B,IC50,=,41.2,nM,7.38,CHEMBL5725665,,,US-10022376-B2,present,YES,ChEMBL 37 dump extract; MAX of STANDARD_OK pChEMBL
JAK1/JAK2,J1J2_084,CHEMBL5789204,3006205,A,JAK1,CHEMBL2835,26937952,CHEMBL5731365,B,IC50,=,41.2,nM,7.38,CHEMBL5725720,,,US-9518052-B2,present,YES,ChEMBL 37 dump extract; MAX of STANDARD_OK pChEMBL
JAK1/JAK2,J1J2_084,CHEMBL5789204,3006205,B,JAK2,CHEMBL2971,26908245,CHEMBL5731272,B,IC50,=,283,nM,6.55,CHEMBL5725665,,,US-10022376-B2,present,YES,ChEMBL 37 dump extract; MAX of STANDARD_OK pChEMBL
JAK1/JAK2,J1J2_084,CHEMBL5789204,3006205,B,JAK2,CHEMBL2971,26937955,CHEMBL5731366,B,IC50,=,283,nM,6.55,CHEMBL5725720,,,US-9518052-B2,present,YES,ChEMBL 37 dump extract; MAX of STANDARD_OK pChEMBL
JAK1/JAK2,J1J2_085,CHEMBL5809728,3026729,A,JAK1,CHEMBL2835,26908566,CHEMBL5731271,B,IC50,=,39.9,nM,7.4,CHEMBL5725665,,,US-10022376-B2,present,YES,ChEMBL 37 dump extract; MAX of STANDARD_OK pChEMBL
JAK1/JAK2,J1J2_085,CHEMBL5809728,3026729,B,JAK2,CHEMBL2971,26908569,CHEMBL5731272,B,IC50,=,249,nM,6.6,CHEMBL5725665,,,US-10022376-B2,present,YES,ChEMBL 37 dump extract; MAX of STANDARD_OK pChEMBL
JAK1/JAK2,J1J2_086,CHEMBL5857307,3074308,A,JAK1,CHEMBL2835,28134995,CHEMBL5735848,B,EC50,=,3.4,nM,8.47,CHEMBL5728014,,,US-10799507-B2,present,YES,ChEMBL 37 dump extract; MAX of STANDARD_OK pChEMBL
JAK1/JAK2,J1J2_086,CHEMBL5857307,3074308,B,JAK2,CHEMBL2971,28134998,CHEMBL5735849,B,EC50,=,15.1,nM,7.82,CHEMBL5728014,,,US-10799507-B2,present,YES,ChEMBL 37 dump extract; MAX of STANDARD_OK pChEMBL
JAK1/JAK2,J1J2_087,CHEMBL5891186,3108187,A,JAK1,CHEMBL2835,27449150,CHEMBL5733205,B,Ki,=,0.67,nM,9.17,CHEMBL5726716,,,US-9873709-B2,present,YES,ChEMBL 37 dump extract; MAX of STANDARD_OK pChEMBL
JAK1/JAK2,J1J2_087,CHEMBL5891186,3108187,B,JAK2,CHEMBL2971,27449153,CHEMBL5733206,B,Ki,=,0.26,nM,9.59,CHEMBL5726716,,,US-9873709-B2,present,YES,ChEMBL 37 dump extract; MAX of STANDARD_OK pChEMBL
JAK1/JAK2,J1J2_088,CHEMBL5900236,3117237,A,JAK1,CHEMBL2835,27200324,CHEMBL5732302,B,Ki,=,1.6,nM,8.8,CHEMBL5726217,,,US-10189836-B2,present,YES,ChEMBL 37 dump extract; MAX of STANDARD_OK pChEMBL
JAK1/JAK2,J1J2_088,CHEMBL5900236,3117237,B,JAK2,CHEMBL2971,27200327,CHEMBL5732303,B,Ki,=,2.5,nM,8.6,CHEMBL5726217,,,US-10189836-B2,present,YES,ChEMBL 37 dump extract; MAX of STANDARD_OK pChEMBL
JAK1/JAK2,J1J2_089,CHEMBL5906873,3123874,A,JAK1,CHEMBL2835,28219736,CHEMBL5736277,B,IC50,=,78.2,nM,7.11,CHEMBL5728195,,,US-10882829-B2,present,YES,ChEMBL 37 dump extract; MAX of STANDARD_OK pChEMBL
JAK1/JAK2,J1J2_089,CHEMBL5906873,3123874,A,JAK1,CHEMBL2835,29021303,CHEMBL5739413,B,IC50,=,78.2,nM,7.11,CHEMBL5729751,,,US-11673870-B2,present,YES,ChEMBL 37 dump extract; MAX of STANDARD_OK pChEMBL
JAK1/JAK2,J1J2_089,CHEMBL5906873,3123874,B,JAK2,CHEMBL2971,28219739,CHEMBL5736278,B,IC50,=,147,nM,6.83,CHEMBL5728195,,,US-10882829-B2,present,YES,ChEMBL 37 dump extract; MAX of STANDARD_OK pChEMBL
JAK1/JAK2,J1J2_089,CHEMBL5906873,3123874,B,JAK2,CHEMBL2971,29021306,CHEMBL5739414,B,IC50,=,147,nM,6.83,CHEMBL5729751,,,US-11673870-B2,present,YES,ChEMBL 37 dump extract; MAX of STANDARD_OK pChEMBL
JAK1/JAK2,J1J2_090,CHEMBL5912929,3129930,A,JAK1,CHEMBL2835,26672399,CHEMBL5730471,B,IC50,=,131,nM,6.88,CHEMBL5725285,,,US-9527851-B2,present,YES,ChEMBL 37 dump extract; MAX of STANDARD_OK pChEMBL
JAK1/JAK2,J1J2_090,CHEMBL5912929,3129930,A,JAK1,CHEMBL2835,26751281,CHEMBL5730787,B,IC50,=,131,nM,6.88,CHEMBL5725285,,,US-9527851-B2,present,YES,ChEMBL 37 dump extract; MAX of STANDARD_OK pChEMBL
JAK1/JAK2,J1J2_090,CHEMBL5912929,3129930,A,JAK1,CHEMBL2835,27755750,CHEMBL5734448,B,IC50,=,131,nM,6.88,CHEMBL5727336,,,US-10428074-B2,present,YES,ChEMBL 37 dump extract; MAX of STANDARD_OK pChEMBL
JAK1/JAK2,J1J2_090,CHEMBL5912929,3129930,B,JAK2,CHEMBL2971,26672537,CHEMBL5730472,B,IC50,=,203,nM,6.69,CHEMBL5725285,,,US-9527851-B2,present,YES,ChEMBL 37 dump extract; MAX of STANDARD_OK pChEMBL
JAK1/JAK2,J1J2_090,CHEMBL5912929,3129930,B,JAK2,CHEMBL2971,26751419,CHEMBL5730788,B,IC50,=,203,nM,6.69,CHEMBL5725285,,,US-9527851-B2,present,YES,ChEMBL 37 dump extract; MAX of STANDARD_OK pChEMBL
JAK1/JAK2,J1J2_090,CHEMBL5912929,3129930,B,JAK2,CHEMBL2971,27755888,CHEMBL5734449,B,IC50,=,203,nM,6.69,CHEMBL5727336,,,US-10428074-B2,present,YES,ChEMBL 37 dump extract; MAX of STANDARD_OK pChEMBL
JAK1/JAK2,J1J2_091,CHEMBL5948683,3165684,A,JAK1,CHEMBL2835,29005145,CHEMBL5739318,B,Ki,=,5.67,nM,8.25,CHEMBL5729711,,,US-11649241-B2,present,YES,ChEMBL 37 dump extract; MAX of STANDARD_OK pChEMBL
JAK1/JAK2,J1J2_091,CHEMBL5948683,3165684,B,JAK2,CHEMBL2971,29005148,CHEMBL5739319,B,Ki,=,2.55,nM,8.59,CHEMBL5729711,,,US-11649241-B2,present,YES,ChEMBL 37 dump extract; MAX of STANDARD_OK pChEMBL
JAK1/JAK2,J1J2_092,CHEMBL5964484,3181485,A,JAK1,CHEMBL2835,26723316,CHEMBL5730646,B,IC50,=,1,nM,9,CHEMBL5725360,,,US-9688661-B2,present,YES,ChEMBL 37 dump extract; MAX of STANDARD_OK pChEMBL
JAK1/JAK2,J1J2_092,CHEMBL5964484,3181485,B,JAK2,CHEMBL2971,26723319,CHEMBL5730647,B,IC50,=,1,nM,9,CHEMBL5725360,,,US-9688661-B2,present,YES,ChEMBL 37 dump extract; MAX of STANDARD_OK pChEMBL
JAK1/JAK2,J1J2_093,CHEMBL5965858,3182859,A,JAK1,CHEMBL2835,27617903,CHEMBL5733811,B,IC50,=,60,nM,7.22,CHEMBL5726987,,,US-9957265-B2,present,YES,ChEMBL 37 dump extract; MAX of STANDARD_OK pChEMBL
JAK1/JAK2,J1J2_093,CHEMBL5965858,3182859,A,JAK1,CHEMBL2835,27617909,CHEMBL5733811,B,IC50,=,90,nM,7.05,CHEMBL5726987,,,US-9957265-B2,present,NO,ChEMBL 37 dump extract; MAX of STANDARD_OK pChEMBL
JAK1/JAK2,J1J2_093,CHEMBL5965858,3182859,B,JAK2,CHEMBL2971,27617906,CHEMBL5733812,B,IC50,=,140,nM,6.85,CHEMBL5726987,,,US-9957265-B2,present,YES,ChEMBL 37 dump extract; MAX of STANDARD_OK pChEMBL
JAK1/JAK2,J1J2_093,CHEMBL5965858,3182859,B,JAK2,CHEMBL2971,27617912,CHEMBL5733812,B,IC50,=,220,nM,6.66,CHEMBL5726987,,,US-9957265-B2,present,NO,ChEMBL 37 dump extract; MAX of STANDARD_OK pChEMBL
JAK1/JAK2,J1J2_094,CHEMBL5986297,3203298,A,JAK1,CHEMBL2835,27449639,CHEMBL5733205,B,Ki,=,0.63,nM,9.2,CHEMBL5726716,,,US-9873709-B2,present,YES,ChEMBL 37 dump extract; MAX of STANDARD_OK pChEMBL
JAK1/JAK2,J1J2_094,CHEMBL5986297,3203298,B,JAK2,CHEMBL2971,27449642,CHEMBL5733206,B,Ki,=,0.24,nM,9.62,CHEMBL5726716,,,US-9873709-B2,present,YES,ChEMBL 37 dump extract; MAX of STANDARD_OK pChEMBL
JAK1/JAK2,J1J2_095,CHEMBL5998319,3215320,A,JAK1,CHEMBL2835,27614951,CHEMBL5733809,B,IC50,=,0.15,nM,9.82,CHEMBL5726986,,,US-9957264-B2,present,YES,ChEMBL 37 dump extract; MAX of STANDARD_OK pChEMBL
JAK1/JAK2,J1J2_095,CHEMBL5998319,3215320,B,JAK2,CHEMBL2971,27614954,CHEMBL5733810,B,IC50,=,0.19,nM,9.72,CHEMBL5726986,,,US-9957264-B2,present,YES,ChEMBL 37 dump extract; MAX of STANDARD_OK pChEMBL
JAK1/JAK2,J1J2_096,CHEMBL6004302,3221303,A,JAK1,CHEMBL2835,28517861,CHEMBL5737428,B,Ki,=,0.44,nM,9.36,CHEMBL5728773,,,US-11155557-B2,present,YES,ChEMBL 37 dump extract; MAX of STANDARD_OK pChEMBL
JAK1/JAK2,J1J2_096,CHEMBL6004302,3221303,B,JAK2,CHEMBL2971,28517864,CHEMBL5737429,B,Ki,=,0.94,nM,9.03,CHEMBL5728773,,,US-11155557-B2,present,YES,ChEMBL 37 dump extract; MAX of STANDARD_OK pChEMBL
JAK1/JAK2,J1J2_097,CHEMBL3314279,1780997,A,JAK1,CHEMBL2835,15040706,CHEMBL3363473,B,IC50,=,23900,nM,4.62,CHEMBL3352554,10.1016/j.bmcl.2014.05.080,24930833,,present,YES,ChEMBL 37 dump extract; MAX of STANDARD_OK pChEMBL
JAK1/JAK2,J1J2_097,CHEMBL3314279,1780997,B,JAK2,CHEMBL2971,15040733,CHEMBL3363474,B,IC50,=,4200,nM,5.38,CHEMBL3352554,10.1016/j.bmcl.2014.05.080,24930833,,present,YES,ChEMBL 37 dump extract; MAX of STANDARD_OK pChEMBL
JAK1/JAK2,J1J2_098,CHEMBL3314283,1781002,A,JAK1,CHEMBL2835,15040711,CHEMBL3363473,B,IC50,=,16900,nM,4.77,CHEMBL3352554,10.1016/j.bmcl.2014.05.080,24930833,,present,YES,ChEMBL 37 dump extract; MAX of STANDARD_OK pChEMBL
JAK1/JAK2,J1J2_098,CHEMBL3314283,1781002,B,JAK2,CHEMBL2971,15040738,CHEMBL3363474,B,IC50,=,6620,nM,5.18,CHEMBL3352554,10.1016/j.bmcl.2014.05.080,24930833,,present,YES,ChEMBL 37 dump extract; MAX of STANDARD_OK pChEMBL
JAK1/JAK2,J1J2_099,CHEMBL5206554,2777785,A,JAK1,CHEMBL2835,24691980,CHEMBL5105971,B,IC50,=,5024,nM,5.3,CHEMBL5104143,10.1016/j.bmcl.2022.128905,35870730,,present,YES,ChEMBL 37 dump extract; MAX of STANDARD_OK pChEMBL
JAK1/JAK2,J1J2_099,CHEMBL5206554,2777785,B,JAK2,CHEMBL2971,24692002,CHEMBL5105972,B,IC50,=,10000,nM,5,CHEMBL5104143,10.1016/j.bmcl.2022.128905,35870730,,present,YES,ChEMBL 37 dump extract; MAX of STANDARD_OK pChEMBL
JAK1/JAK2,J1J2_100,CHEMBL5431291,2871459,A,JAK1,CHEMBL2835,25508843,CHEMBL5334091,B,IC50,=,50000,nM,4.3,CHEMBL5331110,10.1021/acs.jmedchem.3c00519,37314941,,present,YES,ChEMBL 37 dump extract; MAX of STANDARD_OK pChEMBL
JAK1/JAK2,J1J2_100,CHEMBL5431291,2871459,B,JAK2,CHEMBL2971,25508855,CHEMBL5334092,B,IC50,=,41869,nM,4.38,CHEMBL5331110,10.1021/acs.jmedchem.3c00519,37314941,,present,YES,ChEMBL 37 dump extract; MAX of STANDARD_OK pChEMBL
JAK1/JAK2,J1J2_101,CHEMBL5435131,2875299,A,JAK1,CHEMBL2835,25508844,CHEMBL5334091,B,IC50,=,50000,nM,4.3,CHEMBL5331110,10.1021/acs.jmedchem.3c00519,37314941,,present,YES,ChEMBL 37 dump extract; MAX of STANDARD_OK pChEMBL
JAK1/JAK2,J1J2_101,CHEMBL5435131,2875299,B,JAK2,CHEMBL2971,25508856,CHEMBL5334092,B,IC50,=,19460,nM,4.71,CHEMBL5331110,10.1021/acs.jmedchem.3c00519,37314941,,present,YES,ChEMBL 37 dump extract; MAX of STANDARD_OK pChEMBL
JAK1/JAK2,J1J2_102,CHEMBL5740475,2957476,A,JAK1,CHEMBL2835,27231860,CHEMBL5732403,B,IC50,=,12000,nM,4.92,CHEMBL5726283,,,US-9725445-B2,present,YES,ChEMBL 37 dump extract; MAX of STANDARD_OK pChEMBL
JAK1/JAK2,J1J2_102,CHEMBL5740475,2957476,B,JAK2,CHEMBL2971,27231863,CHEMBL5732404,B,IC50,=,48000,nM,4.32,CHEMBL5726283,,,US-9725445-B2,present,YES,ChEMBL 37 dump extract; MAX of STANDARD_OK pChEMBL
JAK1/JAK2,J1J2_103,CHEMBL5742734,2959735,A,JAK1,CHEMBL2835,27203822,CHEMBL5732308,B,IC50,=,5500,nM,5.26,CHEMBL5726221,,,US-10189845-B2,present,YES,ChEMBL 37 dump extract; MAX of STANDARD_OK pChEMBL
JAK1/JAK2,J1J2_103,CHEMBL5742734,2959735,B,JAK2,CHEMBL2971,27203825,CHEMBL5732309,B,IC50,=,5500,nM,5.26,CHEMBL5726221,,,US-10189845-B2,present,YES,ChEMBL 37 dump extract; MAX of STANDARD_OK pChEMBL
JAK1/JAK2,J1J2_104,CHEMBL5811581,3028582,A,JAK1,CHEMBL2835,28626071,CHEMBL5737868,B,IC50,=,8823,nM,5.05,CHEMBL5728991,,,US-11254668-B2,present,YES,ChEMBL 37 dump extract; MAX of STANDARD_OK pChEMBL
JAK1/JAK2,J1J2_104,CHEMBL5811581,3028582,B,JAK2,CHEMBL2971,28626074,CHEMBL5737869,B,IC50,=,3735,nM,5.43,CHEMBL5728991,,,US-11254668-B2,present,YES,ChEMBL 37 dump extract; MAX of STANDARD_OK pChEMBL
JAK1/JAK2,J1J2_105,CHEMBL5895208,3112209,A,JAK1,CHEMBL2835,27231392,CHEMBL5732403,B,IC50,=,14000,nM,4.85,CHEMBL5726283,,,US-9725445-B2,present,YES,ChEMBL 37 dump extract; MAX of STANDARD_OK pChEMBL
JAK1/JAK2,J1J2_105,CHEMBL5895208,3112209,B,JAK2,CHEMBL2971,27231395,CHEMBL5732404,B,IC50,=,30000,nM,4.52,CHEMBL5726283,,,US-9725445-B2,present,YES,ChEMBL 37 dump extract; MAX of STANDARD_OK pChEMBL
JAK1/JAK2,J1J2_106,CHEMBL5959747,3176748,A,JAK1,CHEMBL2835,26840410,CHEMBL5731072,B,IC50,=,7380,nM,5.13,CHEMBL5725575,,,US-10059705-B2,present,YES,ChEMBL 37 dump extract; MAX of STANDARD_OK pChEMBL
JAK1/JAK2,J1J2_106,CHEMBL5959747,3176748,B,JAK2,CHEMBL2971,26840413,CHEMBL5731073,B,IC50,=,41990,nM,4.38,CHEMBL5725575,,,US-10059705-B2,present,YES,ChEMBL 37 dump extract; MAX of STANDARD_OK pChEMBL
JAK1/JAK2,J1J2_107,CHEMBL5979662,3196663,A,JAK1,CHEMBL2835,27233018,CHEMBL5732403,B,IC50,=,6600,nM,5.18,CHEMBL5726283,,,US-9725445-B2,present,YES,ChEMBL 37 dump extract; MAX of STANDARD_OK pChEMBL
JAK1/JAK2,J1J2_107,CHEMBL5979662,3196663,B,JAK2,CHEMBL2971,27233021,CHEMBL5732404,B,IC50,=,14000,nM,4.85,CHEMBL5726283,,,US-9725445-B2,present,YES,ChEMBL 37 dump extract; MAX of STANDARD_OK pChEMBL
JAK1/JAK2,J1J2_108,CHEMBL5990662,3207663,A,JAK1,CHEMBL2835,27233012,CHEMBL5732403,B,IC50,=,5100,nM,5.29,CHEMBL5726283,,,US-9725445-B2,present,YES,ChEMBL 37 dump extract; MAX of STANDARD_OK pChEMBL
JAK1/JAK2,J1J2_108,CHEMBL5990662,3207663,B,JAK2,CHEMBL2971,27233015,CHEMBL5732404,B,IC50,=,21000,nM,4.68,CHEMBL5726283,,,US-9725445-B2,present,YES,ChEMBL 37 dump extract; MAX of STANDARD_OK pChEMBL
JAK1/JAK2,J1J2_109,CHEMBL6025617,3242618,A,JAK1,CHEMBL2835,27233006,CHEMBL5732403,B,IC50,=,19000,nM,4.72,CHEMBL5726283,,,US-9725445-B2,present,YES,ChEMBL 37 dump extract; MAX of STANDARD_OK pChEMBL
JAK1/JAK2,J1J2_109,CHEMBL6025617,3242618,B,JAK2,CHEMBL2971,27233009,CHEMBL5732404,B,IC50,=,18000,nM,4.75,CHEMBL5726283,,,US-9725445-B2,present,YES,ChEMBL 37 dump extract; MAX of STANDARD_OK pChEMBL
JAK1/JAK2,J1J2_110,CHEMBL6050635,3267636,A,JAK1,CHEMBL2835,27233276,CHEMBL5732403,B,IC50,=,3400,nM,5.47,CHEMBL5726283,,,US-9725445-B2,present,YES,ChEMBL 37 dump extract; MAX of STANDARD_OK pChEMBL
JAK1/JAK2,J1J2_110,CHEMBL6050635,3267636,B,JAK2,CHEMBL2971,27233279,CHEMBL5732404,B,IC50,=,3300,nM,5.48,CHEMBL5726283,,,US-9725445-B2,present,YES,ChEMBL 37 dump extract; MAX of STANDARD_OK pChEMBL
JAK1/TYK2,J1TYK2_001,CHEMBL1235315,697665,A,JAK1,CHEMBL2835,5146658,CHEMBL1657170,B,IC50,=,253,nM,6.6,CHEMBL1649080,10.1021/jm101157q,21155605,,present,YES,ChEMBL 37 dump extract; MAX of STANDARD_OK pChEMBL
JAK1/TYK2,J1TYK2_001,CHEMBL1235315,697665,A,JAK1,CHEMBL2835,29122460,CHEMBL6092706,B,IC50,=,253,nM,6.6,CHEMBL6092145,10.1016/j.bmc.2024.117902,39236467,,present,YES,ChEMBL 37 dump extract; MAX of STANDARD_OK pChEMBL
JAK1/TYK2,J1TYK2_001,CHEMBL1235315,697665,B,TYK2,CHEMBL3553,5146682,CHEMBL1657305,B,IC50,=,4333,nM,5.36,CHEMBL1649080,10.1021/jm101157q,21155605,,present,YES,ChEMBL 37 dump extract; MAX of STANDARD_OK pChEMBL
JAK1/TYK2,J1TYK2_002,CHEMBL3655087,1987933,A,JAK1,CHEMBL2835,16311420,CHEMBL3705503,B,IC50,=,31,nM,7.51,CHEMBL3639016,,,US-9035074-B2,present,YES,ChEMBL 37 dump extract; MAX of STANDARD_OK pChEMBL
JAK1/TYK2,J1TYK2_002,CHEMBL3655087,1987933,A,JAK1,CHEMBL2835,28297700,CHEMBL5736620,B,IC50,=,31,nM,7.51,CHEMBL5728369,,,US-10966980-B2,present,YES,ChEMBL 37 dump extract; MAX of STANDARD_OK pChEMBL
JAK1/TYK2,J1TYK2_002,CHEMBL3655087,1987933,B,TYK2,CHEMBL3553,16282327,CHEMBL3707947,B,IC50,=,5240,nM,5.28,CHEMBL3639016,,,US-9035074-B2,present,YES,ChEMBL 37 dump extract; MAX of STANDARD_OK pChEMBL
JAK1/TYK2,J1TYK2_002,CHEMBL3655087,1987933,B,TYK2,CHEMBL3553,28297709,CHEMBL5736623,B,IC50,=,5240,nM,5.28,CHEMBL5728369,,,US-10966980-B2,present,YES,ChEMBL 37 dump extract; MAX of STANDARD_OK pChEMBL
JAK1/TYK2,J1TYK2_003,CHEMBL3658855,1991739,A,JAK1,CHEMBL2835,16313537,CHEMBL3705503,B,IC50,=,241,nM,6.62,CHEMBL3639016,,,US-9035074-B2,present,YES,ChEMBL 37 dump extract; MAX of STANDARD_OK pChEMBL
JAK1/TYK2,J1TYK2_003,CHEMBL3658855,1991739,A,JAK1,CHEMBL2835,28297940,CHEMBL5736620,B,IC50,=,241,nM,6.62,CHEMBL5728369,,,US-10966980-B2,present,YES,ChEMBL 37 dump extract; MAX of STANDARD_OK pChEMBL
JAK1/TYK2,J1TYK2_003,CHEMBL3658855,1991739,B,TYK2,CHEMBL3553,16352576,CHEMBL3707947,B,IC50,=,7870,nM,5.1,CHEMBL3639016,,,US-9035074-B2,present,YES,ChEMBL 37 dump extract; MAX of STANDARD_OK pChEMBL
JAK1/TYK2,J1TYK2_003,CHEMBL3658855,1991739,B,TYK2,CHEMBL3553,28297949,CHEMBL5736623,B,IC50,=,7870,nM,5.1,CHEMBL5728369,,,US-10966980-B2,present,YES,ChEMBL 37 dump extract; MAX of STANDARD_OK pChEMBL
JAK1/TYK2,J1TYK2_004,CHEMBL3658861,1991745,A,JAK1,CHEMBL2835,16260615,CHEMBL3705503,B,IC50,=,67,nM,7.17,CHEMBL3639016,,,US-9035074-B2,present,YES,ChEMBL 37 dump extract; MAX of STANDARD_OK pChEMBL
JAK1/TYK2,J1TYK2_004,CHEMBL3658861,1991745,A,JAK1,CHEMBL2835,28298012,CHEMBL5736620,B,IC50,=,67,nM,7.17,CHEMBL5728369,,,US-10966980-B2,present,YES,ChEMBL 37 dump extract; MAX of STANDARD_OK pChEMBL
JAK1/TYK2,J1TYK2_004,CHEMBL3658861,1991745,B,TYK2,CHEMBL3553,16308979,CHEMBL3707947,B,IC50,=,3610,nM,5.44,CHEMBL3639016,,,US-9035074-B2,present,YES,ChEMBL 37 dump extract; MAX of STANDARD_OK pChEMBL
JAK1/TYK2,J1TYK2_004,CHEMBL3658861,1991745,B,TYK2,CHEMBL3553,28298021,CHEMBL5736623,B,IC50,=,3610,nM,5.44,CHEMBL5728369,,,US-10966980-B2,present,YES,ChEMBL 37 dump extract; MAX of STANDARD_OK pChEMBL
JAK1/TYK2,J1TYK2_005,CHEMBL3745954,2056426,A,JAK1,CHEMBL2835,16424251,CHEMBL3751001,B,IC50,=,49,nM,7.31,CHEMBL3745697,10.1016/j.bmcl.2015.11.031,26614408,,present,YES,ChEMBL 37 dump extract; MAX of STANDARD_OK pChEMBL
JAK1/TYK2,J1TYK2_005,CHEMBL3745954,2056426,A,JAK1,CHEMBL2835,16424950,CHEMBL3751004,B,IC50,=,76,nM,7.12,CHEMBL3745697,10.1016/j.bmcl.2015.11.031,26614408,,present,NO,ChEMBL 37 dump extract; MAX of STANDARD_OK pChEMBL
JAK1/TYK2,J1TYK2_005,CHEMBL3745954,2056426,B,TYK2,CHEMBL3553,16424984,CHEMBL3751021,B,IC50,=,11400,nM,4.94,CHEMBL3745697,10.1016/j.bmcl.2015.11.031,26614408,,present,YES,ChEMBL 37 dump extract; MAX of STANDARD_OK pChEMBL
JAK1/TYK2,J1TYK2_006,CHEMBL3752910,2060400,A,JAK1,CHEMBL2835,26219723,CHEMBL5651656,B,Kd,=,5.13,nM,8.29,CHEMBL5649169,10.1002/cmdc.201800398,29928781,,present,YES,ChEMBL 37 dump extract; MAX of STANDARD_OK pChEMBL
JAK1/TYK2,J1TYK2_006,CHEMBL3752910,2060400,B,TYK2,CHEMBL3553,26223100,CHEMBL5652738,B,Kd,=,36317.56,nM,4.44,CHEMBL5649169,10.1002/cmdc.201800398,29928781,,present,YES,ChEMBL 37 dump extract; MAX of STANDARD_OK pChEMBL
JAK1/TYK2,J1TYK2_007,CHEMBL4276860,2316311,A,JAK1,CHEMBL2835,18757658,CHEMBL4265553,B,IC50,=,96,nM,7.02,CHEMBL4261650,10.1021/acs.jmedchem.8b01308,30423248,,present,YES,ChEMBL 37 dump extract; MAX of STANDARD_OK pChEMBL
JAK1/TYK2,J1TYK2_007,CHEMBL4276860,2316311,A,JAK1,CHEMBL2835,18757716,CHEMBL4265555,B,IC50,=,844,nM,6.07,CHEMBL4261650,10.1021/acs.jmedchem.8b01308,30423248,,present,NO,ChEMBL 37 dump extract; MAX of STANDARD_OK pChEMBL
JAK1/TYK2,J1TYK2_007,CHEMBL4276860,2316311,B,TYK2,CHEMBL3553,18757774,CHEMBL4265557,B,IC50,=,3144,nM,5.5,CHEMBL4261650,10.1021/acs.jmedchem.8b01308,30423248,,present,YES,ChEMBL 37 dump extract; MAX of STANDARD_OK pChEMBL
JAK1/TYK2,J1TYK2_008,CHEMBL4286963,2326411,A,JAK1,CHEMBL2835,18757670,CHEMBL4265553,B,IC50,=,92,nM,7.04,CHEMBL4261650,10.1021/acs.jmedchem.8b01308,30423248,,present,YES,ChEMBL 37 dump extract; MAX of STANDARD_OK pChEMBL
JAK1/TYK2,J1TYK2_008,CHEMBL4286963,2326411,A,JAK1,CHEMBL2835,18757728,CHEMBL4265555,B,IC50,=,1094,nM,5.96,CHEMBL4261650,10.1021/acs.jmedchem.8b01308,30423248,,present,NO,ChEMBL 37 dump extract; MAX of STANDARD_OK pChEMBL
JAK1/TYK2,J1TYK2_008,CHEMBL4286963,2326411,B,TYK2,CHEMBL3553,18757786,CHEMBL4265557,B,IC50,=,3372,nM,5.47,CHEMBL4261650,10.1021/acs.jmedchem.8b01308,30423248,,present,YES,ChEMBL 37 dump extract; MAX of STANDARD_OK pChEMBL
JAK1/TYK2,J1TYK2_009,CHEMBL5556990,2905199,A,JAK1,CHEMBL2835,25851237,CHEMBL5507217,B,IC50,=,11.5,nM,7.94,CHEMBL5505972,10.1016/j.ejmech.2024.116210,38359535,,present,YES,ChEMBL 37 dump extract; MAX of STANDARD_OK pChEMBL
JAK1/TYK2,J1TYK2_009,CHEMBL5556990,2905199,B,TYK2,CHEMBL3553,25851306,CHEMBL5507220,B,IC50,=,4146,nM,5.38,CHEMBL5505972,10.1016/j.ejmech.2024.116210,38359535,,present,YES,ChEMBL 37 dump extract; MAX of STANDARD_OK pChEMBL
JAK1/TYK2,J1TYK2_010,CHEMBL5754673,2971674,A,JAK1,CHEMBL2835,28135982,CHEMBL5735848,B,EC50,=,41.2,nM,7.38,CHEMBL5728014,,,US-10799507-B2,present,YES,ChEMBL 37 dump extract; MAX of STANDARD_OK pChEMBL
JAK1/TYK2,J1TYK2_010,CHEMBL5754673,2971674,B,TYK2,CHEMBL3553,28135991,CHEMBL5735851,B,EC50,=,4160,nM,5.38,CHEMBL5728014,,,US-10799507-B2,present,YES,ChEMBL 37 dump extract; MAX of STANDARD_OK pChEMBL
JAK1/TYK2,J1TYK2_011,CHEMBL5758787,2975788,A,JAK1,CHEMBL2835,26936920,CHEMBL5731365,B,IC50,=,12.1,nM,7.92,CHEMBL5725720,,,US-9518052-B2,present,YES,ChEMBL 37 dump extract; MAX of STANDARD_OK pChEMBL
JAK1/TYK2,J1TYK2_011,CHEMBL5758787,2975788,B,TYK2,CHEMBL3553,26936929,CHEMBL5731368,B,IC50,=,5171,nM,5.29,CHEMBL5725720,,,US-9518052-B2,present,YES,ChEMBL 37 dump extract; MAX of STANDARD_OK pChEMBL
JAK1/TYK2,J1TYK2_012,CHEMBL5764984,2981985,A,JAK1,CHEMBL2835,26938060,CHEMBL5731365,B,IC50,=,41.6,nM,7.38,CHEMBL5725720,,,US-9518052-B2,present,YES,ChEMBL 37 dump extract; MAX of STANDARD_OK pChEMBL
JAK1/TYK2,J1TYK2_012,CHEMBL5764984,2981985,B,TYK2,CHEMBL3553,26938069,CHEMBL5731368,B,IC50,=,3673,nM,5.43,CHEMBL5725720,,,US-9518052-B2,present,YES,ChEMBL 37 dump extract; MAX of STANDARD_OK pChEMBL
JAK1/TYK2,J1TYK2_013,CHEMBL5767696,2984697,A,JAK1,CHEMBL2835,28298924,CHEMBL5736620,B,IC50,=,78,nM,7.11,CHEMBL5728369,,,US-10966980-B2,present,YES,ChEMBL 37 dump extract; MAX of STANDARD_OK pChEMBL
JAK1/TYK2,J1TYK2_013,CHEMBL5767696,2984697,B,TYK2,CHEMBL3553,28298933,CHEMBL5736623,B,IC50,=,5535,nM,5.26,CHEMBL5728369,,,US-10966980-B2,present,YES,ChEMBL 37 dump extract; MAX of STANDARD_OK pChEMBL
JAK1/TYK2,J1TYK2_014,CHEMBL5779019,2996020,A,JAK1,CHEMBL2835,28203398,CHEMBL5736198,B,EC50,=,301,nM,6.52,CHEMBL5728156,,,US-10851116-B2,present,YES,ChEMBL 37 dump extract; MAX of STANDARD_OK pChEMBL
JAK1/TYK2,J1TYK2_014,CHEMBL5779019,2996020,B,TYK2,CHEMBL3553,28203407,CHEMBL5736201,B,EC50,=,5780,nM,5.24,CHEMBL5728156,,,US-10851116-B2,present,YES,ChEMBL 37 dump extract; MAX of STANDARD_OK pChEMBL
JAK1/TYK2,J1TYK2_015,CHEMBL5789204,3006205,A,JAK1,CHEMBL2835,26908242,CHEMBL5731271,B,IC50,=,41.2,nM,7.38,CHEMBL5725665,,,US-10022376-B2,present,YES,ChEMBL 37 dump extract; MAX of STANDARD_OK pChEMBL
JAK1/TYK2,J1TYK2_015,CHEMBL5789204,3006205,A,JAK1,CHEMBL2835,26937952,CHEMBL5731365,B,IC50,=,41.2,nM,7.38,CHEMBL5725720,,,US-9518052-B2,present,YES,ChEMBL 37 dump extract; MAX of STANDARD_OK pChEMBL
JAK1/TYK2,J1TYK2_015,CHEMBL5789204,3006205,B,TYK2,CHEMBL3553,26908251,CHEMBL5731274,B,IC50,=,6112,nM,5.21,CHEMBL5725665,,,US-10022376-B2,present,YES,ChEMBL 37 dump extract; MAX of STANDARD_OK pChEMBL
JAK1/TYK2,J1TYK2_015,CHEMBL5789204,3006205,B,TYK2,CHEMBL3553,26937961,CHEMBL5731368,B,IC50,=,6112,nM,5.21,CHEMBL5725720,,,US-9518052-B2,present,YES,ChEMBL 37 dump extract; MAX of STANDARD_OK pChEMBL
JAK1/TYK2,J1TYK2_016,CHEMBL5790283,3007284,A,JAK1,CHEMBL2835,28299080,CHEMBL5736620,B,IC50,=,62,nM,7.21,CHEMBL5728369,,,US-10966980-B2,present,YES,ChEMBL 37 dump extract; MAX of STANDARD_OK pChEMBL
JAK1/TYK2,J1TYK2_016,CHEMBL5790283,3007284,B,TYK2,CHEMBL3553,28299089,CHEMBL5736623,B,IC50,=,4772,nM,5.32,CHEMBL5728369,,,US-10966980-B2,present,YES,ChEMBL 37 dump extract; MAX of STANDARD_OK pChEMBL
JAK1/TYK2,J1TYK2_017,CHEMBL5821303,3038304,A,JAK1,CHEMBL2835,28298480,CHEMBL5736620,B,IC50,=,96,nM,7.02,CHEMBL5728369,,,US-10966980-B2,present,YES,ChEMBL 37 dump extract; MAX of STANDARD_OK pChEMBL
JAK1/TYK2,J1TYK2_017,CHEMBL5821303,3038304,B,TYK2,CHEMBL3553,28298489,CHEMBL5736623,B,IC50,=,8507,nM,5.07,CHEMBL5728369,,,US-10966980-B2,present,YES,ChEMBL 37 dump extract; MAX of STANDARD_OK pChEMBL
JAK1/TYK2,J1TYK2_018,CHEMBL5821443,3038444,A,JAK1,CHEMBL2835,26908350,CHEMBL5731271,B,IC50,=,41.6,nM,7.38,CHEMBL5725665,,,US-10022376-B2,present,YES,ChEMBL 37 dump extract; MAX of STANDARD_OK pChEMBL
JAK1/TYK2,J1TYK2_018,CHEMBL5821443,3038444,B,TYK2,CHEMBL3553,26908359,CHEMBL5731274,B,IC50,=,3673,nM,5.43,CHEMBL5725665,,,US-10022376-B2,present,YES,ChEMBL 37 dump extract; MAX of STANDARD_OK pChEMBL
JAK1/TYK2,J1TYK2_019,CHEMBL5878280,3095281,A,JAK1,CHEMBL2835,28298468,CHEMBL5736620,B,IC50,=,92,nM,7.04,CHEMBL5728369,,,US-10966980-B2,present,YES,ChEMBL 37 dump extract; MAX of STANDARD_OK pChEMBL
JAK1/TYK2,J1TYK2_019,CHEMBL5878280,3095281,B,TYK2,CHEMBL3553,28298477,CHEMBL5736623,B,IC50,=,5401,nM,5.27,CHEMBL5728369,,,US-10966980-B2,present,YES,ChEMBL 37 dump extract; MAX of STANDARD_OK pChEMBL
JAK1/TYK2,J1TYK2_020,CHEMBL5898638,3115639,A,JAK1,CHEMBL2835,28299044,CHEMBL5736620,B,IC50,=,94,nM,7.03,CHEMBL5728369,,,US-10966980-B2,present,YES,ChEMBL 37 dump extract; MAX of STANDARD_OK pChEMBL
JAK1/TYK2,J1TYK2_020,CHEMBL5898638,3115639,B,TYK2,CHEMBL3553,28299053,CHEMBL5736623,B,IC50,=,7124,nM,5.15,CHEMBL5728369,,,US-10966980-B2,present,YES,ChEMBL 37 dump extract; MAX of STANDARD_OK pChEMBL
JAK1/TYK2,J1TYK2_021,CHEMBL5913000,3130001,A,JAK1,CHEMBL2835,28299152,CHEMBL5736620,B,IC50,=,56,nM,7.25,CHEMBL5728369,,,US-10966980-B2,present,YES,ChEMBL 37 dump extract; MAX of STANDARD_OK pChEMBL
JAK1/TYK2,J1TYK2_021,CHEMBL5913000,3130001,B,TYK2,CHEMBL3553,28299161,CHEMBL5736623,B,IC50,=,4189,nM,5.38,CHEMBL5728369,,,US-10966980-B2,present,YES,ChEMBL 37 dump extract; MAX of STANDARD_OK pChEMBL
JAK1/TYK2,J1TYK2_022,CHEMBL5932349,3149350,A,JAK1,CHEMBL2835,28298540,CHEMBL5736620,B,IC50,=,20,nM,7.7,CHEMBL5728369,,,US-10966980-B2,present,YES,ChEMBL 37 dump extract; MAX of STANDARD_OK pChEMBL
JAK1/TYK2,J1TYK2_022,CHEMBL5932349,3149350,B,TYK2,CHEMBL3553,28298549,CHEMBL5736623,B,IC50,=,3657,nM,5.44,CHEMBL5728369,,,US-10966980-B2,present,YES,ChEMBL 37 dump extract; MAX of STANDARD_OK pChEMBL
JAK1/TYK2,J1TYK2_023,CHEMBL5937222,3154223,A,JAK1,CHEMBL2835,28203374,CHEMBL5736198,B,EC50,=,203,nM,6.69,CHEMBL5728156,,,US-10851116-B2,present,YES,ChEMBL 37 dump extract; MAX of STANDARD_OK pChEMBL
JAK1/TYK2,J1TYK2_023,CHEMBL5937222,3154223,B,TYK2,CHEMBL3553,28203383,CHEMBL5736201,B,EC50,=,4270,nM,5.37,CHEMBL5728156,,,US-10851116-B2,present,YES,ChEMBL 37 dump extract; MAX of STANDARD_OK pChEMBL
JAK1/TYK2,J1TYK2_024,CHEMBL5943119,3160120,A,JAK1,CHEMBL2835,26908326,CHEMBL5731271,B,IC50,=,50.5,nM,7.3,CHEMBL5725665,,,US-10022376-B2,present,YES,ChEMBL 37 dump extract; MAX of STANDARD_OK pChEMBL
JAK1/TYK2,J1TYK2_024,CHEMBL5943119,3160120,B,TYK2,CHEMBL3553,26908335,CHEMBL5731274,B,IC50,=,5693,nM,5.25,CHEMBL5725665,,,US-10022376-B2,present,YES,ChEMBL 37 dump extract; MAX of STANDARD_OK pChEMBL
JAK1/TYK2,J1TYK2_025,CHEMBL5950866,3167867,A,JAK1,CHEMBL2835,28299404,CHEMBL5736620,B,IC50,=,7,nM,8.15,CHEMBL5728369,,,US-10966980-B2,present,YES,ChEMBL 37 dump extract; MAX of STANDARD_OK pChEMBL
JAK1/TYK2,J1TYK2_025,CHEMBL5950866,3167867,B,TYK2,CHEMBL3553,28299413,CHEMBL5736623,B,IC50,=,8172,nM,5.09,CHEMBL5728369,,,US-10966980-B2,present,YES,ChEMBL 37 dump extract; MAX of STANDARD_OK pChEMBL
JAK1/TYK2,J1TYK2_026,CHEMBL5971061,3188062,A,JAK1,CHEMBL2835,28298552,CHEMBL5736620,B,IC50,=,86,nM,7.07,CHEMBL5728369,,,US-10966980-B2,present,YES,ChEMBL 37 dump extract; MAX of STANDARD_OK pChEMBL
JAK1/TYK2,J1TYK2_026,CHEMBL5971061,3188062,B,TYK2,CHEMBL3553,28298561,CHEMBL5736623,B,IC50,=,3664,nM,5.44,CHEMBL5728369,,,US-10966980-B2,present,YES,ChEMBL 37 dump extract; MAX of STANDARD_OK pChEMBL
JAK1/TYK2,J1TYK2_027,CHEMBL5973654,3190655,A,JAK1,CHEMBL2835,28298960,CHEMBL5736620,B,IC50,=,56,nM,7.25,CHEMBL5728369,,,US-10966980-B2,present,YES,ChEMBL 37 dump extract; MAX of STANDARD_OK pChEMBL
JAK1/TYK2,J1TYK2_027,CHEMBL5973654,3190655,B,TYK2,CHEMBL3553,28298969,CHEMBL5736623,B,IC50,=,4797,nM,5.32,CHEMBL5728369,,,US-10966980-B2,present,YES,ChEMBL 37 dump extract; MAX of STANDARD_OK pChEMBL
JAK1/TYK2,J1TYK2_028,CHEMBL5976567,3193568,A,JAK1,CHEMBL2835,26909046,CHEMBL5731271,B,IC50,=,25.5,nM,7.59,CHEMBL5725665,,,US-10022376-B2,present,YES,ChEMBL 37 dump extract; MAX of STANDARD_OK pChEMBL
JAK1/TYK2,J1TYK2_028,CHEMBL5976567,3193568,A,JAK1,CHEMBL2835,26938756,CHEMBL5731365,B,IC50,=,25.5,nM,7.59,CHEMBL5725720,,,US-9518052-B2,present,YES,ChEMBL 37 dump extract; MAX of STANDARD_OK pChEMBL
JAK1/TYK2,J1TYK2_028,CHEMBL5976567,3193568,B,TYK2,CHEMBL3553,26909055,CHEMBL5731274,B,IC50,=,9995,nM,5,CHEMBL5725665,,,US-10022376-B2,present,YES,ChEMBL 37 dump extract; MAX of STANDARD_OK pChEMBL
JAK1/TYK2,J1TYK2_028,CHEMBL5976567,3193568,B,TYK2,CHEMBL3553,26938765,CHEMBL5731368,B,IC50,=,9995,nM,5,CHEMBL5725720,,,US-9518052-B2,present,YES,ChEMBL 37 dump extract; MAX of STANDARD_OK pChEMBL
JAK1/TYK2,J1TYK2_029,CHEMBL5984591,3201592,A,JAK1,CHEMBL2835,28299512,CHEMBL5736620,B,IC50,=,22,nM,7.66,CHEMBL5728369,,,US-10966980-B2,present,YES,ChEMBL 37 dump extract; MAX of STANDARD_OK pChEMBL
JAK1/TYK2,J1TYK2_029,CHEMBL5984591,3201592,B,TYK2,CHEMBL3553,28299521,CHEMBL5736623,B,IC50,=,3530,nM,5.45,CHEMBL5728369,,,US-10966980-B2,present,YES,ChEMBL 37 dump extract; MAX of STANDARD_OK pChEMBL
JAK1/TYK2,J1TYK2_030,CHEMBL6011213,3228214,A,JAK1,CHEMBL2835,26908542,CHEMBL5731271,B,IC50,=,67.6,nM,7.17,CHEMBL5725665,,,US-10022376-B2,present,YES,ChEMBL 37 dump extract; MAX of STANDARD_OK pChEMBL
JAK1/TYK2,J1TYK2_030,CHEMBL6011213,3228214,A,JAK1,CHEMBL2835,26938252,CHEMBL5731365,B,IC50,=,67.6,nM,7.17,CHEMBL5725720,,,US-9518052-B2,present,YES,ChEMBL 37 dump extract; MAX of STANDARD_OK pChEMBL
JAK1/TYK2,J1TYK2_030,CHEMBL6011213,3228214,B,TYK2,CHEMBL3553,26908551,CHEMBL5731274,B,IC50,=,6330,nM,5.2,CHEMBL5725665,,,US-10022376-B2,present,YES,ChEMBL 37 dump extract; MAX of STANDARD_OK pChEMBL
JAK1/TYK2,J1TYK2_030,CHEMBL6011213,3228214,B,TYK2,CHEMBL3553,26938261,CHEMBL5731368,B,IC50,=,6330,nM,5.2,CHEMBL5725720,,,US-9518052-B2,present,YES,ChEMBL 37 dump extract; MAX of STANDARD_OK pChEMBL
JAK1/TYK2,J1TYK2_031,CHEMBL6055152,3272153,A,JAK1,CHEMBL2835,28298660,CHEMBL5736620,B,IC50,=,70,nM,7.16,CHEMBL5728369,,,US-10966980-B2,present,YES,ChEMBL 37 dump extract; MAX of STANDARD_OK pChEMBL
JAK1/TYK2,J1TYK2_031,CHEMBL6055152,3272153,B,TYK2,CHEMBL3553,28298669,CHEMBL5736623,B,IC50,=,5981,nM,5.22,CHEMBL5728369,,,US-10966980-B2,present,YES,ChEMBL 37 dump extract; MAX of STANDARD_OK pChEMBL
JAK1/TYK2,J1TYK2_032,CHEMBL6060475,3277476,A,JAK1,CHEMBL2835,26907474,CHEMBL5731271,B,IC50,=,55.3,nM,7.26,CHEMBL5725665,,,US-10022376-B2,present,YES,ChEMBL 37 dump extract; MAX of STANDARD_OK pChEMBL
JAK1/TYK2,J1TYK2_032,CHEMBL6060475,3277476,A,JAK1,CHEMBL2835,26937184,CHEMBL5731365,B,IC50,=,55.3,nM,7.26,CHEMBL5725720,,,US-9518052-B2,present,YES,ChEMBL 37 dump extract; MAX of STANDARD_OK pChEMBL
JAK1/TYK2,J1TYK2_032,CHEMBL6060475,3277476,B,TYK2,CHEMBL3553,26907483,CHEMBL5731274,B,IC50,=,8734,nM,5.06,CHEMBL5725665,,,US-10022376-B2,present,YES,ChEMBL 37 dump extract; MAX of STANDARD_OK pChEMBL
JAK1/TYK2,J1TYK2_032,CHEMBL6060475,3277476,B,TYK2,CHEMBL3553,26937193,CHEMBL5731368,B,IC50,=,8734,nM,5.06,CHEMBL5725720,,,US-9518052-B2,present,YES,ChEMBL 37 dump extract; MAX of STANDARD_OK pChEMBL
JAK1/TYK2,J1TYK2_033,CHEMBL2035043,1344563,A,JAK1,CHEMBL2835,10910535,CHEMBL2039968,B,IC50,=,4800,nM,5.32,CHEMBL2034857,10.1021/jm201454n,22339472,,present,YES,ChEMBL 37 dump extract; MAX of STANDARD_OK pChEMBL
JAK1/TYK2,J1TYK2_033,CHEMBL2035043,1344563,B,TYK2,CHEMBL3553,10910622,CHEMBL2040122,B,IC50,=,150,nM,6.82,CHEMBL2034857,10.1021/jm201454n,22339472,,present,YES,ChEMBL 37 dump extract; MAX of STANDARD_OK pChEMBL
JAK1/TYK2,J1TYK2_034,CHEMBL2181323,1442147,A,JAK1,CHEMBL2835,12153212,CHEMBL2184200,B,IC50,=,3600,nM,5.44,CHEMBL2176955,10.1021/jm200326p,21604762,,present,YES,ChEMBL 37 dump extract; MAX of STANDARD_OK pChEMBL
JAK1/TYK2,J1TYK2_034,CHEMBL2181323,1442147,B,TYK2,CHEMBL3553,12153152,CHEMBL2183781,B,IC50,=,190,nM,6.72,CHEMBL2176955,10.1021/jm200326p,21604762,,present,YES,ChEMBL 37 dump extract; MAX of STANDARD_OK pChEMBL
JAK1/TYK2,J1TYK2_035,CHEMBL482967,520120,A,JAK1,CHEMBL2835,17908729,CHEMBL3991743,B,Kd,=,5389,nM,5.27,CHEMBL3991601,10.1126/science.aan4368,29191878,,present,YES,ChEMBL 37 dump extract; MAX of STANDARD_OK pChEMBL
JAK1/TYK2,J1TYK2_035,CHEMBL482967,520120,B,TYK2,CHEMBL3553,9598943,CHEMBL1963765,F,Ki,=,79.43,nM,7.1,CHEMBL1201862,,,,missing,YES,ChEMBL 37 dump extract; MAX of STANDARD_OK pChEMBL
JAK1/TYK2,J1TYK2_035,CHEMBL482967,520120,B,TYK2,CHEMBL3553,17947152,CHEMBL3991920,B,Kd,=,1021,nM,5.99,CHEMBL3991601,10.1126/science.aan4368,29191878,,present,NO,ChEMBL 37 dump extract; MAX of STANDARD_OK pChEMBL
JAK1/TYK2,J1TYK2_036,CHEMBL5394367,2834535,A,JAK1,CHEMBL2835,25661362,CHEMBL5373713,B,EC50,=,3400,nM,5.47,CHEMBL5370619,10.1021/acs.jmedchem.3c01373,37823891,,present,YES,ChEMBL 37 dump extract; MAX of STANDARD_OK pChEMBL
JAK1/TYK2,J1TYK2_036,CHEMBL5394367,2834535,B,TYK2,CHEMBL3553,25661335,CHEMBL5373711,B,IC50,=,4,nM,8.4,CHEMBL5370619,10.1021/acs.jmedchem.3c01373,37823891,,present,YES,ChEMBL 37 dump extract; MAX of STANDARD_OK pChEMBL
JAK1/TYK2,J1TYK2_036,CHEMBL5394367,2834535,B,TYK2,CHEMBL3553,25661344,CHEMBL5373712,B,EC50,=,24,nM,7.62,CHEMBL5370619,10.1021/acs.jmedchem.3c01373,37823891,,present,NO,ChEMBL 37 dump extract; MAX of STANDARD_OK pChEMBL
JAK1/TYK2,J1TYK2_037,CHEMBL5401070,2841238,A,JAK1,CHEMBL2835,25661365,CHEMBL5373713,B,EC50,=,5500,nM,5.26,CHEMBL5370619,10.1021/acs.jmedchem.3c01373,37823891,,present,YES,ChEMBL 37 dump extract; MAX of STANDARD_OK pChEMBL
JAK1/TYK2,J1TYK2_037,CHEMBL5401070,2841238,B,TYK2,CHEMBL3553,25661340,CHEMBL5373711,B,IC50,=,5,nM,8.3,CHEMBL5370619,10.1021/acs.jmedchem.3c01373,37823891,,present,YES,ChEMBL 37 dump extract; MAX of STANDARD_OK pChEMBL
JAK1/TYK2,J1TYK2_037,CHEMBL5401070,2841238,B,TYK2,CHEMBL3553,25661349,CHEMBL5373712,B,EC50,=,60,nM,7.22,CHEMBL5370619,10.1021/acs.jmedchem.3c01373,37823891,,present,NO,ChEMBL 37 dump extract; MAX of STANDARD_OK pChEMBL
JAK1/TYK2,J1TYK2_038,CHEMBL5403272,2843440,A,JAK1,CHEMBL2835,25661363,CHEMBL5373713,B,EC50,=,17700,nM,4.75,CHEMBL5370619,10.1021/acs.jmedchem.3c01373,37823891,,present,YES,ChEMBL 37 dump extract; MAX of STANDARD_OK pChEMBL
JAK1/TYK2,J1TYK2_038,CHEMBL5403272,2843440,B,TYK2,CHEMBL3553,25661336,CHEMBL5373711,B,IC50,=,9,nM,8.05,CHEMBL5370619,10.1021/acs.jmedchem.3c01373,37823891,,present,YES,ChEMBL 37 dump extract; MAX of STANDARD_OK pChEMBL
JAK1/TYK2,J1TYK2_038,CHEMBL5403272,2843440,B,TYK2,CHEMBL3553,25661345,CHEMBL5373712,B,EC50,=,93,nM,7.03,CHEMBL5370619,10.1021/acs.jmedchem.3c01373,37823891,,present,NO,ChEMBL 37 dump extract; MAX of STANDARD_OK pChEMBL
JAK1/TYK2,J1TYK2_039,CHEMBL5419439,2859607,A,JAK1,CHEMBL2835,25683690,CHEMBL5380352,B,IC50,=,3600,nM,5.44,CHEMBL5376015,10.1039/d3md00457k,38389874,,present,YES,ChEMBL 37 dump extract; MAX of STANDARD_OK pChEMBL
JAK1/TYK2,J1TYK2_039,CHEMBL5419439,2859607,B,TYK2,CHEMBL3553,25683719,CHEMBL5380357,B,IC50,=,71,nM,7.15,CHEMBL5376015,10.1039/d3md00457k,38389874,,present,YES,ChEMBL 37 dump extract; MAX of STANDARD_OK pChEMBL
JAK1/TYK2,J1TYK2_040,CHEMBL572878,436277,A,JAK1,CHEMBL2835,7580872,CHEMBL1908556,B,Kd,=,5900,nM,5.23,CHEMBL1908390,10.1038/nbt.1990,22037378,,present,YES,ChEMBL 37 dump extract; MAX of STANDARD_OK pChEMBL
JAK1/TYK2,J1TYK2_040,CHEMBL572878,436277,B,TYK2,CHEMBL3553,7582836,CHEMBL1908609,B,Kd,=,510,nM,6.29,CHEMBL1908390,10.1038/nbt.1990,22037378,,present,NO,ChEMBL 37 dump extract; MAX of STANDARD_OK pChEMBL
JAK1/TYK2,J1TYK2_040,CHEMBL572878,436277,B,TYK2,CHEMBL3553,7582837,CHEMBL1908610,B,Kd,=,6600,nM,5.18,CHEMBL1908390,10.1038/nbt.1990,22037378,,present,NO,ChEMBL 37 dump extract; MAX of STANDARD_OK pChEMBL
JAK1/TYK2,J1TYK2_040,CHEMBL572878,436277,B,TYK2,CHEMBL3553,9599085,CHEMBL1963765,F,Ki,=,199.53,nM,6.7,CHEMBL1201862,,,,missing,YES,ChEMBL 37 dump extract; MAX of STANDARD_OK pChEMBL
JAK1/TYK2,J1TYK2_041,CHEMBL5745046,2962047,A,JAK1,CHEMBL2835,28624379,CHEMBL5737868,B,IC50,=,8797,nM,5.06,CHEMBL5728991,,,US-11254668-B2,present,YES,ChEMBL 37 dump extract; MAX of STANDARD_OK pChEMBL
JAK1/TYK2,J1TYK2_041,CHEMBL5745046,2962047,B,TYK2,CHEMBL3553,28624376,CHEMBL5737867,B,IC50,=,235,nM,6.63,CHEMBL5728991,,,US-11254668-B2,present,YES,ChEMBL 37 dump extract; MAX of STANDARD_OK pChEMBL
JAK1/TYK2,J1TYK2_042,CHEMBL5753698,2970699,A,JAK1,CHEMBL2835,28624559,CHEMBL5737868,B,IC50,=,4065,nM,5.39,CHEMBL5728991,,,US-11254668-B2,present,YES,ChEMBL 37 dump extract; MAX of STANDARD_OK pChEMBL
JAK1/TYK2,J1TYK2_042,CHEMBL5753698,2970699,B,TYK2,CHEMBL3553,28624556,CHEMBL5737867,B,IC50,=,42,nM,7.38,CHEMBL5728991,,,US-11254668-B2,present,YES,ChEMBL 37 dump extract; MAX of STANDARD_OK pChEMBL
JAK1/TYK2,J1TYK2_043,CHEMBL5765175,2982176,A,JAK1,CHEMBL2835,28066133,CHEMBL5735557,B,IC50,=,5500,nM,5.26,CHEMBL5727865,,,US-10730880-B2,present,YES,ChEMBL 37 dump extract; MAX of STANDARD_OK pChEMBL
JAK1/TYK2,J1TYK2_043,CHEMBL5765175,2982176,B,TYK2,CHEMBL3553,28066130,CHEMBL5735556,B,IC50,=,55,nM,7.26,CHEMBL5727865,,,US-10730880-B2,present,YES,ChEMBL 37 dump extract; MAX of STANDARD_OK pChEMBL
JAK1/TYK2,J1TYK2_044,CHEMBL5792195,3009196,A,JAK1,CHEMBL2835,27204611,CHEMBL5732308,B,IC50,=,5500,nM,5.26,CHEMBL5726221,,,US-10189845-B2,present,YES,ChEMBL 37 dump extract; MAX of STANDARD_OK pChEMBL
JAK1/TYK2,J1TYK2_044,CHEMBL5792195,3009196,A,JAK1,CHEMBL2835,28065557,CHEMBL5735557,B,IC50,=,5500,nM,5.26,CHEMBL5727865,,,US-10730880-B2,present,YES,ChEMBL 37 dump extract; MAX of STANDARD_OK pChEMBL
JAK1/TYK2,J1TYK2_044,CHEMBL5792195,3009196,A,JAK1,CHEMBL2835,28378571,CHEMBL5736918,B,IC50,=,5500,nM,5.26,CHEMBL5728516,,,US-11028093-B2,present,YES,ChEMBL 37 dump extract; MAX of STANDARD_OK pChEMBL
JAK1/TYK2,J1TYK2_044,CHEMBL5792195,3009196,B,TYK2,CHEMBL3553,27204608,CHEMBL5732307,B,IC50,=,55,nM,7.26,CHEMBL5726221,,,US-10189845-B2,present,YES,ChEMBL 37 dump extract; MAX of STANDARD_OK pChEMBL
JAK1/TYK2,J1TYK2_044,CHEMBL5792195,3009196,B,TYK2,CHEMBL3553,28065554,CHEMBL5735556,B,IC50,=,550,nM,6.26,CHEMBL5727865,,,US-10730880-B2,present,NO,ChEMBL 37 dump extract; MAX of STANDARD_OK pChEMBL
JAK1/TYK2,J1TYK2_044,CHEMBL5792195,3009196,B,TYK2,CHEMBL3553,28378568,CHEMBL5736917,B,IC50,=,550,nM,6.26,CHEMBL5728516,,,US-11028093-B2,present,NO,ChEMBL 37 dump extract; MAX of STANDARD_OK pChEMBL
JAK1/TYK2,J1TYK2_045,CHEMBL5805758,3022759,A,JAK1,CHEMBL2835,28624403,CHEMBL5737868,B,IC50,=,9828,nM,5.01,CHEMBL5728991,,,US-11254668-B2,present,YES,ChEMBL 37 dump extract; MAX of STANDARD_OK pChEMBL
JAK1/TYK2,J1TYK2_045,CHEMBL5805758,3022759,B,TYK2,CHEMBL3553,28624400,CHEMBL5737867,B,IC50,=,290,nM,6.54,CHEMBL5728991,,,US-11254668-B2,present,YES,ChEMBL 37 dump extract; MAX of STANDARD_OK pChEMBL
JAK1/TYK2,J1TYK2_046,CHEMBL5807692,3024693,A,JAK1,CHEMBL2835,28626527,CHEMBL5737868,B,IC50,=,6999,nM,5.16,CHEMBL5728991,,,US-11254668-B2,present,YES,ChEMBL 37 dump extract; MAX of STANDARD_OK pChEMBL
JAK1/TYK2,J1TYK2_046,CHEMBL5807692,3024693,B,TYK2,CHEMBL3553,28626524,CHEMBL5737867,B,IC50,=,71,nM,7.15,CHEMBL5728991,,,US-11254668-B2,present,YES,ChEMBL 37 dump extract; MAX of STANDARD_OK pChEMBL
JAK1/TYK2,J1TYK2_047,CHEMBL5839380,3056381,A,JAK1,CHEMBL2835,27790598,CHEMBL5734549,B,IC50,=,8584,nM,5.07,CHEMBL5727386,,,US-10463675-B2,present,YES,ChEMBL 37 dump extract; MAX of STANDARD_OK pChEMBL
JAK1/TYK2,J1TYK2_047,CHEMBL5839380,3056381,A,JAK1,CHEMBL2835,28317296,CHEMBL5736680,B,IC50,=,8584,nM,5.07,CHEMBL5728405,,,US-10980815-B2,present,YES,ChEMBL 37 dump extract; MAX of STANDARD_OK pChEMBL
JAK1/TYK2,J1TYK2_047,CHEMBL5839380,3056381,A,JAK1,CHEMBL2835,28562444,CHEMBL5737642,B,IC50,=,8584,nM,5.07,CHEMBL5728871,,,US-11197867-B2,present,YES,ChEMBL 37 dump extract; MAX of STANDARD_OK pChEMBL
JAK1/TYK2,J1TYK2_047,CHEMBL5839380,3056381,B,TYK2,CHEMBL3553,27226304,CHEMBL5732361,B,IC50,=,82,nM,7.09,CHEMBL5726264,,,US-9663526-B2,present,YES,ChEMBL 37 dump extract; MAX of STANDARD_OK pChEMBL
JAK1/TYK2,J1TYK2_047,CHEMBL5839380,3056381,B,TYK2,CHEMBL3553,27790595,CHEMBL5734548,B,IC50,=,82,nM,7.09,CHEMBL5727386,,,US-10463675-B2,present,YES,ChEMBL 37 dump extract; MAX of STANDARD_OK pChEMBL
JAK1/TYK2,J1TYK2_047,CHEMBL5839380,3056381,B,TYK2,CHEMBL3553,28317293,CHEMBL5736679,B,IC50,=,82,nM,7.09,CHEMBL5728405,,,US-10980815-B2,present,YES,ChEMBL 37 dump extract; MAX of STANDARD_OK pChEMBL
JAK1/TYK2,J1TYK2_047,CHEMBL5839380,3056381,B,TYK2,CHEMBL3553,28562441,CHEMBL5737641,B,IC50,=,82,nM,7.09,CHEMBL5728871,,,US-11197867-B2,present,YES,ChEMBL 37 dump extract; MAX of STANDARD_OK pChEMBL
JAK1/TYK2,J1TYK2_048,CHEMBL5842551,3059552,A,JAK1,CHEMBL2835,28624343,CHEMBL5737868,B,IC50,=,3294,nM,5.48,CHEMBL5728991,,,US-11254668-B2,present,YES,ChEMBL 37 dump extract; MAX of STANDARD_OK pChEMBL
JAK1/TYK2,J1TYK2_048,CHEMBL5842551,3059552,B,TYK2,CHEMBL3553,28624340,CHEMBL5737867,B,IC50,=,172,nM,6.76,CHEMBL5728991,,,US-11254668-B2,present,YES,ChEMBL 37 dump extract; MAX of STANDARD_OK pChEMBL
JAK1/TYK2,J1TYK2_049,CHEMBL5846204,3063205,A,JAK1,CHEMBL2835,27204443,CHEMBL5732308,B,IC50,=,5500,nM,5.26,CHEMBL5726221,,,US-10189845-B2,present,YES,ChEMBL 37 dump extract; MAX of STANDARD_OK pChEMBL
JAK1/TYK2,J1TYK2_049,CHEMBL5846204,3063205,A,JAK1,CHEMBL2835,28065389,CHEMBL5735557,B,IC50,=,5500,nM,5.26,CHEMBL5727865,,,US-10730880-B2,present,YES,ChEMBL 37 dump extract; MAX of STANDARD_OK pChEMBL
JAK1/TYK2,J1TYK2_049,CHEMBL5846204,3063205,A,JAK1,CHEMBL2835,28378403,CHEMBL5736918,B,IC50,=,5500,nM,5.26,CHEMBL5728516,,,US-11028093-B2,present,YES,ChEMBL 37 dump extract; MAX of STANDARD_OK pChEMBL
JAK1/TYK2,J1TYK2_049,CHEMBL5846204,3063205,B,TYK2,CHEMBL3553,27204440,CHEMBL5732307,B,IC50,=,55,nM,7.26,CHEMBL5726221,,,US-10189845-B2,present,YES,ChEMBL 37 dump extract; MAX of STANDARD_OK pChEMBL
JAK1/TYK2,J1TYK2_049,CHEMBL5846204,3063205,B,TYK2,CHEMBL3553,28065386,CHEMBL5735556,B,IC50,=,55,nM,7.26,CHEMBL5727865,,,US-10730880-B2,present,YES,ChEMBL 37 dump extract; MAX of STANDARD_OK pChEMBL
JAK1/TYK2,J1TYK2_049,CHEMBL5846204,3063205,B,TYK2,CHEMBL3553,28378400,CHEMBL5736917,B,IC50,=,55,nM,7.26,CHEMBL5728516,,,US-11028093-B2,present,YES,ChEMBL 37 dump extract; MAX of STANDARD_OK pChEMBL
JAK1/TYK2,J1TYK2_050,CHEMBL5906308,3123309,A,JAK1,CHEMBL2835,28625975,CHEMBL5737868,B,IC50,=,5667,nM,5.25,CHEMBL5728991,,,US-11254668-B2,present,YES,ChEMBL 37 dump extract; MAX of STANDARD_OK pChEMBL
JAK1/TYK2,J1TYK2_050,CHEMBL5906308,3123309,B,TYK2,CHEMBL3553,28625972,CHEMBL5737867,B,IC50,=,176,nM,6.75,CHEMBL5728991,,,US-11254668-B2,present,YES,ChEMBL 37 dump extract; MAX of STANDARD_OK pChEMBL
JAK1/TYK2,J1TYK2_051,CHEMBL5921362,3138363,A,JAK1,CHEMBL2835,27203402,CHEMBL5732308,B,IC50,=,5500,nM,5.26,CHEMBL5726221,,,US-10189845-B2,present,YES,ChEMBL 37 dump extract; MAX of STANDARD_OK pChEMBL
JAK1/TYK2,J1TYK2_051,CHEMBL5921362,3138363,A,JAK1,CHEMBL2835,28064360,CHEMBL5735557,B,IC50,=,5500,nM,5.26,CHEMBL5727865,,,US-10730880-B2,present,YES,ChEMBL 37 dump extract; MAX of STANDARD_OK pChEMBL
JAK1/TYK2,J1TYK2_051,CHEMBL5921362,3138363,A,JAK1,CHEMBL2835,28377374,CHEMBL5736918,B,IC50,=,5500,nM,5.26,CHEMBL5728516,,,US-11028093-B2,present,YES,ChEMBL 37 dump extract; MAX of STANDARD_OK pChEMBL
JAK1/TYK2,J1TYK2_051,CHEMBL5921362,3138363,B,TYK2,CHEMBL3553,27203399,CHEMBL5732307,B,IC50,=,55,nM,7.26,CHEMBL5726221,,,US-10189845-B2,present,YES,ChEMBL 37 dump extract; MAX of STANDARD_OK pChEMBL
JAK1/TYK2,J1TYK2_051,CHEMBL5921362,3138363,B,TYK2,CHEMBL3553,28064357,CHEMBL5735556,B,IC50,=,55,nM,7.26,CHEMBL5727865,,,US-10730880-B2,present,YES,ChEMBL 37 dump extract; MAX of STANDARD_OK pChEMBL
JAK1/TYK2,J1TYK2_051,CHEMBL5921362,3138363,B,TYK2,CHEMBL3553,28377371,CHEMBL5736917,B,IC50,=,55,nM,7.26,CHEMBL5728516,,,US-11028093-B2,present,YES,ChEMBL 37 dump extract; MAX of STANDARD_OK pChEMBL
JAK1/TYK2,J1TYK2_052,CHEMBL5928297,3145298,A,JAK1,CHEMBL2835,28625927,CHEMBL5737868,B,IC50,=,6338,nM,5.2,CHEMBL5728991,,,US-11254668-B2,present,YES,ChEMBL 37 dump extract; MAX of STANDARD_OK pChEMBL
JAK1/TYK2,J1TYK2_052,CHEMBL5928297,3145298,B,TYK2,CHEMBL3553,28625924,CHEMBL5737867,B,IC50,=,194,nM,6.71,CHEMBL5728991,,,US-11254668-B2,present,YES,ChEMBL 37 dump extract; MAX of STANDARD_OK pChEMBL
JAK1/TYK2,J1TYK2_053,CHEMBL5932251,3149252,A,JAK1,CHEMBL2835,27049670,CHEMBL5731771,B,IC50,=,8717,nM,5.06,CHEMBL5725962,,,US-10144738-B2,present,YES,ChEMBL 37 dump extract; MAX of STANDARD_OK pChEMBL
JAK1/TYK2,J1TYK2_053,CHEMBL5932251,3149252,A,JAK1,CHEMBL2835,27050114,CHEMBL5731775,B,IC50,=,8717,nM,5.06,CHEMBL5725962,,,US-10144738-B2,present,YES,ChEMBL 37 dump extract; MAX of STANDARD_OK pChEMBL
JAK1/TYK2,J1TYK2_053,CHEMBL5932251,3149252,A,JAK1,CHEMBL2835,28171199,CHEMBL5735984,B,IC50,=,8717,nM,5.06,CHEMBL5728078,,,US-10822341-B2,present,YES,ChEMBL 37 dump extract; MAX of STANDARD_OK pChEMBL
JAK1/TYK2,J1TYK2_053,CHEMBL5932251,3149252,A,JAK1,CHEMBL2835,28830398,CHEMBL5738585,B,IC50,=,8717,nM,5.06,CHEMBL5729386,,,US-11472809-B2,present,YES,ChEMBL 37 dump extract; MAX of STANDARD_OK pChEMBL
JAK1/TYK2,J1TYK2_053,CHEMBL5932251,3149252,B,TYK2,CHEMBL3553,27049667,CHEMBL5731770,B,IC50,=,52,nM,7.28,CHEMBL5725962,,,US-10144738-B2,present,YES,ChEMBL 37 dump extract; MAX of STANDARD_OK pChEMBL
JAK1/TYK2,J1TYK2_053,CHEMBL5932251,3149252,B,TYK2,CHEMBL3553,27050111,CHEMBL5731774,B,IC50,=,52,nM,7.28,CHEMBL5725962,,,US-10144738-B2,present,YES,ChEMBL 37 dump extract; MAX of STANDARD_OK pChEMBL
JAK1/TYK2,J1TYK2_053,CHEMBL5932251,3149252,B,TYK2,CHEMBL3553,28171196,CHEMBL5735983,B,IC50,=,52,nM,7.28,CHEMBL5728078,,,US-10822341-B2,present,YES,ChEMBL 37 dump extract; MAX of STANDARD_OK pChEMBL
JAK1/TYK2,J1TYK2_053,CHEMBL5932251,3149252,B,TYK2,CHEMBL3553,28830395,CHEMBL5738584,B,IC50,=,52,nM,7.28,CHEMBL5729386,,,US-11472809-B2,present,YES,ChEMBL 37 dump extract; MAX of STANDARD_OK pChEMBL
JAK1/TYK2,J1TYK2_054,CHEMBL5939221,3156222,A,JAK1,CHEMBL2835,27204947,CHEMBL5732308,B,IC50,=,5500,nM,5.26,CHEMBL5726221,,,US-10189845-B2,present,YES,ChEMBL 37 dump extract; MAX of STANDARD_OK pChEMBL
JAK1/TYK2,J1TYK2_054,CHEMBL5939221,3156222,A,JAK1,CHEMBL2835,28065893,CHEMBL5735557,B,IC50,=,5500,nM,5.26,CHEMBL5727865,,,US-10730880-B2,present,YES,ChEMBL 37 dump extract; MAX of STANDARD_OK pChEMBL
JAK1/TYK2,J1TYK2_054,CHEMBL5939221,3156222,A,JAK1,CHEMBL2835,28378907,CHEMBL5736918,B,IC50,=,5500,nM,5.26,CHEMBL5728516,,,US-11028093-B2,present,YES,ChEMBL 37 dump extract; MAX of STANDARD_OK pChEMBL
JAK1/TYK2,J1TYK2_054,CHEMBL5939221,3156222,B,TYK2,CHEMBL3553,27204944,CHEMBL5732307,B,IC50,=,55,nM,7.26,CHEMBL5726221,,,US-10189845-B2,present,YES,ChEMBL 37 dump extract; MAX of STANDARD_OK pChEMBL
JAK1/TYK2,J1TYK2_054,CHEMBL5939221,3156222,B,TYK2,CHEMBL3553,28065890,CHEMBL5735556,B,IC50,=,55,nM,7.26,CHEMBL5727865,,,US-10730880-B2,present,YES,ChEMBL 37 dump extract; MAX of STANDARD_OK pChEMBL
JAK1/TYK2,J1TYK2_054,CHEMBL5939221,3156222,B,TYK2,CHEMBL3553,28378904,CHEMBL5736917,B,IC50,=,55,nM,7.26,CHEMBL5728516,,,US-11028093-B2,present,YES,ChEMBL 37 dump extract; MAX of STANDARD_OK pChEMBL
JAK1/TYK2,J1TYK2_055,CHEMBL5951989,3168990,A,JAK1,CHEMBL2835,27205535,CHEMBL5732308,B,IC50,=,5500,nM,5.26,CHEMBL5726221,,,US-10189845-B2,present,YES,ChEMBL 37 dump extract; MAX of STANDARD_OK pChEMBL
JAK1/TYK2,J1TYK2_055,CHEMBL5951989,3168990,A,JAK1,CHEMBL2835,28379495,CHEMBL5736918,B,IC50,=,5500,nM,5.26,CHEMBL5728516,,,US-11028093-B2,present,YES,ChEMBL 37 dump extract; MAX of STANDARD_OK pChEMBL
JAK1/TYK2,J1TYK2_055,CHEMBL5951989,3168990,B,TYK2,CHEMBL3553,27205532,CHEMBL5732307,B,IC50,=,550,nM,6.26,CHEMBL5726221,,,US-10189845-B2,present,NO,ChEMBL 37 dump extract; MAX of STANDARD_OK pChEMBL
JAK1/TYK2,J1TYK2_055,CHEMBL5951989,3168990,B,TYK2,CHEMBL3553,28379492,CHEMBL5736917,B,IC50,=,55,nM,7.26,CHEMBL5728516,,,US-11028093-B2,present,YES,ChEMBL 37 dump extract; MAX of STANDARD_OK pChEMBL
JAK1/TYK2,J1TYK2_056,CHEMBL5966507,3183508,A,JAK1,CHEMBL2835,28627295,CHEMBL5737868,B,IC50,=,6350,nM,5.2,CHEMBL5728991,,,US-11254668-B2,present,YES,ChEMBL 37 dump extract; MAX of STANDARD_OK pChEMBL
JAK1/TYK2,J1TYK2_056,CHEMBL5966507,3183508,B,TYK2,CHEMBL3553,28627292,CHEMBL5737867,B,IC50,=,78,nM,7.11,CHEMBL5728991,,,US-11254668-B2,present,YES,ChEMBL 37 dump extract; MAX of STANDARD_OK pChEMBL
JAK1/TYK2,J1TYK2_057,CHEMBL5988129,3205130,A,JAK1,CHEMBL2835,28624439,CHEMBL5737868,B,IC50,=,5840,nM,5.23,CHEMBL5728991,,,US-11254668-B2,present,YES,ChEMBL 37 dump extract; MAX of STANDARD_OK pChEMBL
JAK1/TYK2,J1TYK2_057,CHEMBL5988129,3205130,B,TYK2,CHEMBL3553,28624436,CHEMBL5737867,B,IC50,=,239,nM,6.62,CHEMBL5728991,,,US-11254668-B2,present,YES,ChEMBL 37 dump extract; MAX of STANDARD_OK pChEMBL
JAK1/TYK2,J1TYK2_058,CHEMBL5997386,3214387,A,JAK1,CHEMBL2835,28627691,CHEMBL5737868,B,IC50,=,4001,nM,5.4,CHEMBL5728991,,,US-11254668-B2,present,YES,ChEMBL 37 dump extract; MAX of STANDARD_OK pChEMBL
JAK1/TYK2,J1TYK2_058,CHEMBL5997386,3214387,B,TYK2,CHEMBL3553,28627688,CHEMBL5737867,B,IC50,=,112,nM,6.95,CHEMBL5728991,,,US-11254668-B2,present,YES,ChEMBL 37 dump extract; MAX of STANDARD_OK pChEMBL
JAK1/TYK2,J1TYK2_059,CHEMBL5999588,3216589,A,JAK1,CHEMBL2835,28622903,CHEMBL5737868,B,IC50,=,3671,nM,5.43,CHEMBL5728991,,,US-11254668-B2,present,YES,ChEMBL 37 dump extract; MAX of STANDARD_OK pChEMBL
JAK1/TYK2,J1TYK2_059,CHEMBL5999588,3216589,B,TYK2,CHEMBL3553,28622900,CHEMBL5737867,B,IC50,=,167,nM,6.78,CHEMBL5728991,,,US-11254668-B2,present,YES,ChEMBL 37 dump extract; MAX of STANDARD_OK pChEMBL
JAK1/TYK2,J1TYK2_059,CHEMBL5999588,3216589,B,TYK2,CHEMBL3553,28622912,CHEMBL5737867,B,IC50,=,1645,nM,5.78,CHEMBL5728991,,,US-11254668-B2,present,NO,ChEMBL 37 dump extract; MAX of STANDARD_OK pChEMBL
JAK1/TYK2,J1TYK2_060,CHEMBL6011153,3228154,A,JAK1,CHEMBL2835,28624895,CHEMBL5737868,B,IC50,=,5055,nM,5.3,CHEMBL5728991,,,US-11254668-B2,present,YES,ChEMBL 37 dump extract; MAX of STANDARD_OK pChEMBL
JAK1/TYK2,J1TYK2_060,CHEMBL6011153,3228154,B,TYK2,CHEMBL3553,28624892,CHEMBL5737867,B,IC50,=,75,nM,7.12,CHEMBL5728991,,,US-11254668-B2,present,YES,ChEMBL 37 dump extract; MAX of STANDARD_OK pChEMBL
JAK1/TYK2,J1TYK2_061,CHEMBL6025350,3242351,A,JAK1,CHEMBL2835,28624463,CHEMBL5737868,B,IC50,=,6455,nM,5.19,CHEMBL5728991,,,US-11254668-B2,present,YES,ChEMBL 37 dump extract; MAX of STANDARD_OK pChEMBL
JAK1/TYK2,J1TYK2_061,CHEMBL6025350,3242351,B,TYK2,CHEMBL3553,28624460,CHEMBL5737867,B,IC50,=,312,nM,6.51,CHEMBL5728991,,,US-11254668-B2,present,YES,ChEMBL 37 dump extract; MAX of STANDARD_OK pChEMBL
JAK1/TYK2,J1TYK2_062,CHEMBL6039711,3256712,A,JAK1,CHEMBL2835,27204503,CHEMBL5732308,B,IC50,=,5500,nM,5.26,CHEMBL5726221,,,US-10189845-B2,present,YES,ChEMBL 37 dump extract; MAX of STANDARD_OK pChEMBL
JAK1/TYK2,J1TYK2_062,CHEMBL6039711,3256712,A,JAK1,CHEMBL2835,28065449,CHEMBL5735557,B,IC50,=,5500,nM,5.26,CHEMBL5727865,,,US-10730880-B2,present,YES,ChEMBL 37 dump extract; MAX of STANDARD_OK pChEMBL
JAK1/TYK2,J1TYK2_062,CHEMBL6039711,3256712,A,JAK1,CHEMBL2835,28378463,CHEMBL5736918,B,IC50,=,5500,nM,5.26,CHEMBL5728516,,,US-11028093-B2,present,YES,ChEMBL 37 dump extract; MAX of STANDARD_OK pChEMBL
JAK1/TYK2,J1TYK2_062,CHEMBL6039711,3256712,B,TYK2,CHEMBL3553,27204500,CHEMBL5732307,B,IC50,=,55,nM,7.26,CHEMBL5726221,,,US-10189845-B2,present,YES,ChEMBL 37 dump extract; MAX of STANDARD_OK pChEMBL
JAK1/TYK2,J1TYK2_062,CHEMBL6039711,3256712,B,TYK2,CHEMBL3553,28065446,CHEMBL5735556,B,IC50,=,55,nM,7.26,CHEMBL5727865,,,US-10730880-B2,present,YES,ChEMBL 37 dump extract; MAX of STANDARD_OK pChEMBL
JAK1/TYK2,J1TYK2_062,CHEMBL6039711,3256712,B,TYK2,CHEMBL3553,28378460,CHEMBL5736917,B,IC50,=,55,nM,7.26,CHEMBL5728516,,,US-11028093-B2,present,YES,ChEMBL 37 dump extract; MAX of STANDARD_OK pChEMBL
JAK1/TYK2,J1TYK2_063,CHEMBL6062880,3279881,A,JAK1,CHEMBL2835,28625987,CHEMBL5737868,B,IC50,=,6833,nM,5.17,CHEMBL5728991,,,US-11254668-B2,present,YES,ChEMBL 37 dump extract; MAX of STANDARD_OK pChEMBL
JAK1/TYK2,J1TYK2_063,CHEMBL6062880,3279881,B,TYK2,CHEMBL3553,28625984,CHEMBL5737867,B,IC50,=,171,nM,6.77,CHEMBL5728991,,,US-11254668-B2,present,YES,ChEMBL 37 dump extract; MAX of STANDARD_OK pChEMBL
JAK1/TYK2,J1TYK2_064,CHEMBL6063674,3280675,A,JAK1,CHEMBL2835,28624571,CHEMBL5737868,B,IC50,=,6567,nM,5.18,CHEMBL5728991,,,US-11254668-B2,present,YES,ChEMBL 37 dump extract; MAX of STANDARD_OK pChEMBL
JAK1/TYK2,J1TYK2_064,CHEMBL6063674,3280675,B,TYK2,CHEMBL3553,28624568,CHEMBL5737867,B,IC50,=,235,nM,6.63,CHEMBL5728991,,,US-11254668-B2,present,YES,ChEMBL 37 dump extract; MAX of STANDARD_OK pChEMBL
JAK1/TYK2,J1TYK2_065,CHEMBL2035055,1344575,A,JAK1,CHEMBL2835,10910546,CHEMBL2039968,B,IC50,=,200,nM,6.7,CHEMBL2034857,10.1021/jm201454n,22339472,,present,YES,ChEMBL 37 dump extract; MAX of STANDARD_OK pChEMBL
JAK1/TYK2,J1TYK2_065,CHEMBL2035055,1344575,B,TYK2,CHEMBL3553,10910633,CHEMBL2040122,B,IC50,=,41,nM,7.39,CHEMBL2034857,10.1021/jm201454n,22339472,,present,YES,ChEMBL 37 dump extract; MAX of STANDARD_OK pChEMBL
JAK1/TYK2,J1TYK2_066,CHEMBL2152305,1422981,A,JAK1,CHEMBL2835,12062112,CHEMBL2155758,B,Ki,=,2.4,nM,8.62,CHEMBL2150873,10.1021/jm300438j,22591402,,present,YES,ChEMBL 37 dump extract; MAX of STANDARD_OK pChEMBL
JAK1/TYK2,J1TYK2_066,CHEMBL2152305,1422981,A,JAK1,CHEMBL2835,12063102,CHEMBL2155763,B,EC50,=,86,nM,7.07,CHEMBL2150873,10.1021/jm300438j,22591402,,present,NO,ChEMBL 37 dump extract; MAX of STANDARD_OK pChEMBL
JAK1/TYK2,J1TYK2_066,CHEMBL2152305,1422981,B,TYK2,CHEMBL3553,12063058,CHEMBL2155761,B,Ki,=,85,nM,7.07,CHEMBL2150873,10.1021/jm300438j,22591402,,present,YES,ChEMBL 37 dump extract; MAX of STANDARD_OK pChEMBL
JAK1/TYK2,J1TYK2_067,CHEMBL2392480,1566062,A,JAK1,CHEMBL2835,13343216,CHEMBL2395111,B,EC50,=,165,nM,6.78,CHEMBL2390952,10.1016/j.bmcl.2013.04.018,23642482,,present,NO,ChEMBL 37 dump extract; MAX of STANDARD_OK pChEMBL
JAK1/TYK2,J1TYK2_067,CHEMBL2392480,1566062,A,JAK1,CHEMBL2835,13343284,CHEMBL2395113,B,Ki,=,5.9,nM,8.23,CHEMBL2390952,10.1016/j.bmcl.2013.04.018,23642482,,present,YES,ChEMBL 37 dump extract; MAX of STANDARD_OK pChEMBL
JAK1/TYK2,J1TYK2_067,CHEMBL2392480,1566062,B,TYK2,CHEMBL3553,13343229,CHEMBL2394362,B,Ki,=,80,nM,7.1,CHEMBL2390952,10.1016/j.bmcl.2013.04.018,23642482,,present,YES,ChEMBL 37 dump extract; MAX of STANDARD_OK pChEMBL
JAK1/TYK2,J1TYK2_068,CHEMBL3670391,2003391,A,JAK1,CHEMBL2835,16354153,CHEMBL3706324,B,Ki,=,15.2,nM,7.82,CHEMBL3638370,,,US-8637526-B2,present,YES,ChEMBL 37 dump extract; MAX of STANDARD_OK pChEMBL
JAK1/TYK2,J1TYK2_068,CHEMBL3670391,2003391,B,TYK2,CHEMBL3553,16270228,CHEMBL3707970,B,Ki,=,43.8,nM,7.36,CHEMBL3638370,,,US-8637526-B2,present,YES,ChEMBL 37 dump extract; MAX of STANDARD_OK pChEMBL
JAK1/TYK2,J1TYK2_069,CHEMBL3899650,2109021,A,JAK1,CHEMBL2835,17727926,CHEMBL3887757,B,IC50,=,16,nM,7.8,CHEMBL3886441,,,US-9216999-B2,present,NO,ChEMBL 37 dump extract; MAX of STANDARD_OK pChEMBL
JAK1/TYK2,J1TYK2_069,CHEMBL3899650,2109021,A,JAK1,CHEMBL2835,26863774,CHEMBL5731117,B,IC50,=,16,nM,7.8,CHEMBL5725597,,,US-9556187-B2,present,NO,ChEMBL 37 dump extract; MAX of STANDARD_OK pChEMBL
JAK1/TYK2,J1TYK2_069,CHEMBL3899650,2109021,A,JAK1,CHEMBL2835,26868226,CHEMBL5731117,B,IC50,=,4.3,nM,8.37,CHEMBL5725597,,,US-9556187-B2,present,YES,ChEMBL 37 dump extract; MAX of STANDARD_OK pChEMBL
JAK1/TYK2,J1TYK2_069,CHEMBL3899650,2109021,B,TYK2,CHEMBL3553,17729276,CHEMBL3887759,B,IC50,=,470,nM,6.33,CHEMBL3886441,,,US-9216999-B2,present,NO,ChEMBL 37 dump extract; MAX of STANDARD_OK pChEMBL
JAK1/TYK2,J1TYK2_069,CHEMBL3899650,2109021,B,TYK2,CHEMBL3553,26863780,CHEMBL5731119,B,IC50,=,470,nM,6.33,CHEMBL5725597,,,US-9556187-B2,present,NO,ChEMBL 37 dump extract; MAX of STANDARD_OK pChEMBL
JAK1/TYK2,J1TYK2_069,CHEMBL3899650,2109021,B,TYK2,CHEMBL3553,26868232,CHEMBL5731119,B,IC50,=,120,nM,6.92,CHEMBL5725597,,,US-9556187-B2,present,YES,ChEMBL 37 dump extract; MAX of STANDARD_OK pChEMBL
JAK1/TYK2,J1TYK2_070,CHEMBL3924902,2134273,A,JAK1,CHEMBL2835,17803531,CHEMBL3889257,B,IC50,=,11,nM,7.96,CHEMBL3887014,,,US-9475813-B2,present,YES,ChEMBL 37 dump extract; MAX of STANDARD_OK pChEMBL
JAK1/TYK2,J1TYK2_070,CHEMBL3924902,2134273,B,TYK2,CHEMBL3553,17803732,CHEMBL3889260,B,IC50,=,200,nM,6.7,CHEMBL3887014,,,US-9475813-B2,present,YES,ChEMBL 37 dump extract; MAX of STANDARD_OK pChEMBL
JAK1/TYK2,J1TYK2_071,CHEMBL3963443,2172814,A,JAK1,CHEMBL2835,17728113,CHEMBL3887757,B,IC50,=,1.9,nM,8.72,CHEMBL3886441,,,US-9216999-B2,present,YES,ChEMBL 37 dump extract; MAX of STANDARD_OK pChEMBL
JAK1/TYK2,J1TYK2_071,CHEMBL3963443,2172814,A,JAK1,CHEMBL2835,26865613,CHEMBL5731117,B,IC50,=,1.9,nM,8.72,CHEMBL5725597,,,US-9556187-B2,present,YES,ChEMBL 37 dump extract; MAX of STANDARD_OK pChEMBL
JAK1/TYK2,J1TYK2_071,CHEMBL3963443,2172814,B,TYK2,CHEMBL3553,17729463,CHEMBL3887759,B,IC50,=,100,nM,7,CHEMBL3886441,,,US-9216999-B2,present,YES,ChEMBL 37 dump extract; MAX of STANDARD_OK pChEMBL
JAK1/TYK2,J1TYK2_071,CHEMBL3963443,2172814,B,TYK2,CHEMBL3553,26865622,CHEMBL5731119,B,IC50,=,100,nM,7,CHEMBL5725597,,,US-9556187-B2,present,YES,ChEMBL 37 dump extract; MAX of STANDARD_OK pChEMBL
JAK1/TYK2,J1TYK2_072,CHEMBL3977718,2187089,A,JAK1,CHEMBL2835,17781775,CHEMBL3888833,B,IC50,=,1,nM,9,CHEMBL3886854,,,US-9403801-B2,present,YES,ChEMBL 37 dump extract; MAX of STANDARD_OK pChEMBL
JAK1/TYK2,J1TYK2_072,CHEMBL3977718,2187089,B,TYK2,CHEMBL3553,17781843,CHEMBL3888836,B,IC50,=,7,nM,8.15,CHEMBL3886854,,,US-9403801-B2,present,YES,ChEMBL 37 dump extract; MAX of STANDARD_OK pChEMBL
JAK1/TYK2,J1TYK2_073,CHEMBL3983344,2192715,A,JAK1,CHEMBL2835,17728181,CHEMBL3887757,B,IC50,=,9.9,nM,8,CHEMBL3886441,,,US-9216999-B2,present,YES,ChEMBL 37 dump extract; MAX of STANDARD_OK pChEMBL
JAK1/TYK2,J1TYK2_073,CHEMBL3983344,2192715,A,JAK1,CHEMBL2835,26866270,CHEMBL5731117,B,IC50,=,9.9,nM,8,CHEMBL5725597,,,US-9556187-B2,present,YES,ChEMBL 37 dump extract; MAX of STANDARD_OK pChEMBL
JAK1/TYK2,J1TYK2_073,CHEMBL3983344,2192715,B,TYK2,CHEMBL3553,17729531,CHEMBL3887759,B,IC50,=,290,nM,6.54,CHEMBL3886441,,,US-9216999-B2,present,YES,ChEMBL 37 dump extract; MAX of STANDARD_OK pChEMBL
JAK1/TYK2,J1TYK2_073,CHEMBL3983344,2192715,B,TYK2,CHEMBL3553,26866279,CHEMBL5731119,B,IC50,=,290,nM,6.54,CHEMBL5725597,,,US-9556187-B2,present,YES,ChEMBL 37 dump extract; MAX of STANDARD_OK pChEMBL
JAK1/TYK2,J1TYK2_074,CHEMBL3983594,2192965,A,JAK1,CHEMBL2835,17803551,CHEMBL3889257,B,IC50,=,1.9,nM,8.72,CHEMBL3887014,,,US-9475813-B2,present,YES,ChEMBL 37 dump extract; MAX of STANDARD_OK pChEMBL
JAK1/TYK2,J1TYK2_074,CHEMBL3983594,2192965,B,TYK2,CHEMBL3553,17803752,CHEMBL3889260,B,IC50,=,45,nM,7.35,CHEMBL3887014,,,US-9475813-B2,present,YES,ChEMBL 37 dump extract; MAX of STANDARD_OK pChEMBL
JAK1/TYK2,J1TYK2_075,CHEMBL4071255,2211166,A,JAK1,CHEMBL2835,18252906,CHEMBL4054819,B,IC50,=,0.5,nM,9.3,CHEMBL4052645,10.1016/j.bmcl.2017.05.043,28539220,,present,YES,ChEMBL 37 dump extract; MAX of STANDARD_OK pChEMBL
JAK1/TYK2,J1TYK2_075,CHEMBL4071255,2211166,B,TYK2,CHEMBL3553,18252976,CHEMBL4054820,B,IC50,=,21,nM,7.68,CHEMBL4052645,10.1016/j.bmcl.2017.05.043,28539220,,present,YES,ChEMBL 37 dump extract; MAX of STANDARD_OK pChEMBL
JAK1/TYK2,J1TYK2_076,CHEMBL4079880,2219791,A,JAK1,CHEMBL2835,18252961,CHEMBL4054819,B,IC50,=,3.6,nM,8.44,CHEMBL4052645,10.1016/j.bmcl.2017.05.043,28539220,,present,YES,ChEMBL 37 dump extract; MAX of STANDARD_OK pChEMBL
JAK1/TYK2,J1TYK2_076,CHEMBL4079880,2219791,B,TYK2,CHEMBL3553,18252994,CHEMBL4054820,B,IC50,=,46,nM,7.34,CHEMBL4052645,10.1016/j.bmcl.2017.05.043,28539220,,present,YES,ChEMBL 37 dump extract; MAX of STANDARD_OK pChEMBL
JAK1/TYK2,J1TYK2_077,CHEMBL4096219,2236130,A,JAK1,CHEMBL2835,18007259,CHEMBL4003454,B,IC50,=,1.7,nM,8.77,CHEMBL4002590,10.1021/acs.jmedchem.6b01634,27983835,,present,YES,ChEMBL 37 dump extract; MAX of STANDARD_OK pChEMBL
JAK1/TYK2,J1TYK2_077,CHEMBL4096219,2236130,B,TYK2,CHEMBL3553,18007316,CHEMBL4003450,B,IC50,=,54.5,nM,7.26,CHEMBL4002590,10.1021/acs.jmedchem.6b01634,27983835,,present,YES,ChEMBL 37 dump extract; MAX of STANDARD_OK pChEMBL
JAK1/TYK2,J1TYK2_078,CHEMBL5420971,2861139,A,JAK1,CHEMBL2835,25666316,CHEMBL5375111,B,IC50,=,120,nM,6.92,CHEMBL5370660,10.1021/acs.jmedchem.3c01735,37906573,,present,YES,ChEMBL 37 dump extract; MAX of STANDARD_OK pChEMBL
JAK1/TYK2,J1TYK2_078,CHEMBL5420971,2861139,B,TYK2,CHEMBL3553,25666367,CHEMBL5375114,B,IC50,=,170,nM,6.77,CHEMBL5370660,10.1021/acs.jmedchem.3c01735,37906573,,present,YES,ChEMBL 37 dump extract; MAX of STANDARD_OK pChEMBL
JAK1/TYK2,J1TYK2_079,CHEMBL5781983,2998984,A,JAK1,CHEMBL2835,28135307,CHEMBL5735848,B,EC50,=,6.7,nM,8.17,CHEMBL5728014,,,US-10799507-B2,present,YES,ChEMBL 37 dump extract; MAX of STANDARD_OK pChEMBL
JAK1/TYK2,J1TYK2_079,CHEMBL5781983,2998984,B,TYK2,CHEMBL3553,28135316,CHEMBL5735851,B,EC50,=,119,nM,6.92,CHEMBL5728014,,,US-10799507-B2,present,YES,ChEMBL 37 dump extract; MAX of STANDARD_OK pChEMBL
JAK1/TYK2,J1TYK2_080,CHEMBL5787385,3004386,A,JAK1,CHEMBL2835,27790298,CHEMBL5734549,B,IC50,=,165,nM,6.78,CHEMBL5727386,,,US-10463675-B2,present,YES,ChEMBL 37 dump extract; MAX of STANDARD_OK pChEMBL
JAK1/TYK2,J1TYK2_080,CHEMBL5787385,3004386,A,JAK1,CHEMBL2835,28316996,CHEMBL5736680,B,IC50,=,165,nM,6.78,CHEMBL5728405,,,US-10980815-B2,present,YES,ChEMBL 37 dump extract; MAX of STANDARD_OK pChEMBL
JAK1/TYK2,J1TYK2_080,CHEMBL5787385,3004386,A,JAK1,CHEMBL2835,28562144,CHEMBL5737642,B,IC50,=,165,nM,6.78,CHEMBL5728871,,,US-11197867-B2,present,YES,ChEMBL 37 dump extract; MAX of STANDARD_OK pChEMBL
JAK1/TYK2,J1TYK2_080,CHEMBL5787385,3004386,B,TYK2,CHEMBL3553,27226229,CHEMBL5732361,B,IC50,=,110,nM,6.96,CHEMBL5726264,,,US-9663526-B2,present,YES,ChEMBL 37 dump extract; MAX of STANDARD_OK pChEMBL
JAK1/TYK2,J1TYK2_080,CHEMBL5787385,3004386,B,TYK2,CHEMBL3553,27790295,CHEMBL5734548,B,IC50,=,110,nM,6.96,CHEMBL5727386,,,US-10463675-B2,present,YES,ChEMBL 37 dump extract; MAX of STANDARD_OK pChEMBL
JAK1/TYK2,J1TYK2_080,CHEMBL5787385,3004386,B,TYK2,CHEMBL3553,28316993,CHEMBL5736679,B,IC50,=,110,nM,6.96,CHEMBL5728405,,,US-10980815-B2,present,YES,ChEMBL 37 dump extract; MAX of STANDARD_OK pChEMBL
JAK1/TYK2,J1TYK2_080,CHEMBL5787385,3004386,B,TYK2,CHEMBL3553,28562141,CHEMBL5737641,B,IC50,=,110,nM,6.96,CHEMBL5728871,,,US-11197867-B2,present,YES,ChEMBL 37 dump extract; MAX of STANDARD_OK pChEMBL
JAK1/TYK2,J1TYK2_081,CHEMBL5793238,3010239,A,JAK1,CHEMBL2835,28320719,CHEMBL5736710,B,IC50,=,0.1,nM,10,CHEMBL5728418,,,US-10981911-B2,present,YES,ChEMBL 37 dump extract; MAX of STANDARD_OK pChEMBL
JAK1/TYK2,J1TYK2_081,CHEMBL5793238,3010239,B,TYK2,CHEMBL3553,28320728,CHEMBL5736713,B,IC50,=,7.2,nM,8.14,CHEMBL5728418,,,US-10981911-B2,present,YES,ChEMBL 37 dump extract; MAX of STANDARD_OK pChEMBL
JAK1/TYK2,J1TYK2_082,CHEMBL5810580,3027581,A,JAK1,CHEMBL2835,28705073,CHEMBL5738119,B,IC50,=,1.22,nM,8.91,CHEMBL5729126,,,US-11344549-B2,present,YES,ChEMBL 37 dump extract; MAX of STANDARD_OK pChEMBL
JAK1/TYK2,J1TYK2_082,CHEMBL5810580,3027581,B,TYK2,CHEMBL3553,28705079,CHEMBL5738122,B,IC50,=,0.92,nM,9.04,CHEMBL5729126,,,US-11344549-B2,present,YES,ChEMBL 37 dump extract; MAX of STANDARD_OK pChEMBL
JAK1/TYK2,J1TYK2_083,CHEMBL5827085,3044086,A,JAK1,CHEMBL2835,27205559,CHEMBL5732308,B,IC50,=,55,nM,7.26,CHEMBL5726221,,,US-10189845-B2,present,YES,ChEMBL 37 dump extract; MAX of STANDARD_OK pChEMBL
JAK1/TYK2,J1TYK2_083,CHEMBL5827085,3044086,A,JAK1,CHEMBL2835,28066505,CHEMBL5735557,B,IC50,=,55,nM,7.26,CHEMBL5727865,,,US-10730880-B2,present,YES,ChEMBL 37 dump extract; MAX of STANDARD_OK pChEMBL
JAK1/TYK2,J1TYK2_083,CHEMBL5827085,3044086,A,JAK1,CHEMBL2835,28379519,CHEMBL5736918,B,IC50,=,55,nM,7.26,CHEMBL5728516,,,US-11028093-B2,present,YES,ChEMBL 37 dump extract; MAX of STANDARD_OK pChEMBL
JAK1/TYK2,J1TYK2_083,CHEMBL5827085,3044086,B,TYK2,CHEMBL3553,27205556,CHEMBL5732307,B,IC50,=,55,nM,7.26,CHEMBL5726221,,,US-10189845-B2,present,YES,ChEMBL 37 dump extract; MAX of STANDARD_OK pChEMBL
JAK1/TYK2,J1TYK2_083,CHEMBL5827085,3044086,B,TYK2,CHEMBL3553,28066502,CHEMBL5735556,B,IC50,=,55,nM,7.26,CHEMBL5727865,,,US-10730880-B2,present,YES,ChEMBL 37 dump extract; MAX of STANDARD_OK pChEMBL
JAK1/TYK2,J1TYK2_083,CHEMBL5827085,3044086,B,TYK2,CHEMBL3553,28379516,CHEMBL5736917,B,IC50,=,55,nM,7.26,CHEMBL5728516,,,US-11028093-B2,present,YES,ChEMBL 37 dump extract; MAX of STANDARD_OK pChEMBL
JAK1/TYK2,J1TYK2_084,CHEMBL5836949,3053950,A,JAK1,CHEMBL2835,28320479,CHEMBL5736710,B,IC50,=,0.1,nM,10,CHEMBL5728418,,,US-10981911-B2,present,YES,ChEMBL 37 dump extract; MAX of STANDARD_OK pChEMBL
JAK1/TYK2,J1TYK2_084,CHEMBL5836949,3053950,B,TYK2,CHEMBL3553,28320488,CHEMBL5736713,B,IC50,=,0.7,nM,9.15,CHEMBL5728418,,,US-10981911-B2,present,YES,ChEMBL 37 dump extract; MAX of STANDARD_OK pChEMBL
JAK1/TYK2,J1TYK2_085,CHEMBL5838804,3055805,A,JAK1,CHEMBL2835,26881086,CHEMBL5731180,B,Ki,=,0.55,nM,9.26,CHEMBL5725627,,,US-10072026-B2,present,YES,ChEMBL 37 dump extract; MAX of STANDARD_OK pChEMBL
JAK1/TYK2,J1TYK2_085,CHEMBL5838804,3055805,A,JAK1,CHEMBL2835,28277372,CHEMBL5736566,B,Ki,=,0.55,nM,9.26,CHEMBL5728338,,,US-10947254-B2,present,YES,ChEMBL 37 dump extract; MAX of STANDARD_OK pChEMBL
JAK1/TYK2,J1TYK2_085,CHEMBL5838804,3055805,B,TYK2,CHEMBL3553,26881095,CHEMBL5731183,B,Ki,=,50,nM,7.3,CHEMBL5725627,,,US-10072026-B2,present,YES,ChEMBL 37 dump extract; MAX of STANDARD_OK pChEMBL
JAK1/TYK2,J1TYK2_085,CHEMBL5838804,3055805,B,TYK2,CHEMBL3553,28277381,CHEMBL5736569,B,Ki,=,50,nM,7.3,CHEMBL5728338,,,US-10947254-B2,present,YES,ChEMBL 37 dump extract; MAX of STANDARD_OK pChEMBL
JAK1/TYK2,J1TYK2_086,CHEMBL5855780,3072781,A,JAK1,CHEMBL2835,26937436,CHEMBL5731365,B,IC50,=,8.7,nM,8.06,CHEMBL5725720,,,US-9518052-B2,present,YES,ChEMBL 37 dump extract; MAX of STANDARD_OK pChEMBL
JAK1/TYK2,J1TYK2_086,CHEMBL5855780,3072781,B,TYK2,CHEMBL3553,26937445,CHEMBL5731368,B,IC50,=,229,nM,6.64,CHEMBL5725720,,,US-9518052-B2,present,YES,ChEMBL 37 dump extract; MAX of STANDARD_OK pChEMBL
JAK1/TYK2,J1TYK2_087,CHEMBL5868274,3085275,A,JAK1,CHEMBL2835,26881362,CHEMBL5731180,B,Ki,=,0.55,nM,9.26,CHEMBL5725627,,,US-10072026-B2,present,YES,ChEMBL 37 dump extract; MAX of STANDARD_OK pChEMBL
JAK1/TYK2,J1TYK2_087,CHEMBL5868274,3085275,A,JAK1,CHEMBL2835,28277648,CHEMBL5736566,B,Ki,=,0.55,nM,9.26,CHEMBL5728338,,,US-10947254-B2,present,YES,ChEMBL 37 dump extract; MAX of STANDARD_OK pChEMBL
JAK1/TYK2,J1TYK2_087,CHEMBL5868274,3085275,B,TYK2,CHEMBL3553,26881371,CHEMBL5731183,B,Ki,=,50,nM,7.3,CHEMBL5725627,,,US-10072026-B2,present,YES,ChEMBL 37 dump extract; MAX of STANDARD_OK pChEMBL
JAK1/TYK2,J1TYK2_087,CHEMBL5868274,3085275,B,TYK2,CHEMBL3553,28277657,CHEMBL5736569,B,Ki,=,50,nM,7.3,CHEMBL5728338,,,US-10947254-B2,present,YES,ChEMBL 37 dump extract; MAX of STANDARD_OK pChEMBL
JAK1/TYK2,J1TYK2_088,CHEMBL5868716,3085717,A,JAK1,CHEMBL2835,27205331,CHEMBL5732308,B,IC50,=,550,nM,6.26,CHEMBL5726221,,,US-10189845-B2,present,NO,ChEMBL 37 dump extract; MAX of STANDARD_OK pChEMBL
JAK1/TYK2,J1TYK2_088,CHEMBL5868716,3085717,A,JAK1,CHEMBL2835,28066265,CHEMBL5735557,B,IC50,=,550,nM,6.26,CHEMBL5727865,,,US-10730880-B2,present,NO,ChEMBL 37 dump extract; MAX of STANDARD_OK pChEMBL
JAK1/TYK2,J1TYK2_088,CHEMBL5868716,3085717,A,JAK1,CHEMBL2835,28066277,CHEMBL5735557,B,IC50,=,55,nM,7.26,CHEMBL5727865,,,US-10730880-B2,present,YES,ChEMBL 37 dump extract; MAX of STANDARD_OK pChEMBL
JAK1/TYK2,J1TYK2_088,CHEMBL5868716,3085717,A,JAK1,CHEMBL2835,28379291,CHEMBL5736918,B,IC50,=,55,nM,7.26,CHEMBL5728516,,,US-11028093-B2,present,YES,ChEMBL 37 dump extract; MAX of STANDARD_OK pChEMBL
JAK1/TYK2,J1TYK2_088,CHEMBL5868716,3085717,B,TYK2,CHEMBL3553,27205328,CHEMBL5732307,B,IC50,=,55,nM,7.26,CHEMBL5726221,,,US-10189845-B2,present,YES,ChEMBL 37 dump extract; MAX of STANDARD_OK pChEMBL
JAK1/TYK2,J1TYK2_088,CHEMBL5868716,3085717,B,TYK2,CHEMBL3553,28066262,CHEMBL5735556,B,IC50,=,55,nM,7.26,CHEMBL5727865,,,US-10730880-B2,present,YES,ChEMBL 37 dump extract; MAX of STANDARD_OK pChEMBL
JAK1/TYK2,J1TYK2_088,CHEMBL5868716,3085717,B,TYK2,CHEMBL3553,28066274,CHEMBL5735556,B,IC50,=,55,nM,7.26,CHEMBL5727865,,,US-10730880-B2,present,YES,ChEMBL 37 dump extract; MAX of STANDARD_OK pChEMBL
JAK1/TYK2,J1TYK2_088,CHEMBL5868716,3085717,B,TYK2,CHEMBL3553,28379288,CHEMBL5736917,B,IC50,=,55,nM,7.26,CHEMBL5728516,,,US-11028093-B2,present,YES,ChEMBL 37 dump extract; MAX of STANDARD_OK pChEMBL
JAK1/TYK2,J1TYK2_089,CHEMBL5885020,3102021,A,JAK1,CHEMBL2835,28300688,CHEMBL5736620,B,IC50,=,0.086,nM,10.07,CHEMBL5728369,,,US-10966980-B2,present,YES,ChEMBL 37 dump extract; MAX of STANDARD_OK pChEMBL
JAK1/TYK2,J1TYK2_089,CHEMBL5885020,3102021,B,TYK2,CHEMBL3553,28300697,CHEMBL5736623,B,IC50,=,2.51,nM,8.6,CHEMBL5728369,,,US-10966980-B2,present,YES,ChEMBL 37 dump extract; MAX of STANDARD_OK pChEMBL
JAK1/TYK2,J1TYK2_090,CHEMBL5920242,3137243,A,JAK1,CHEMBL2835,28134983,CHEMBL5735848,B,EC50,=,3.2,nM,8.49,CHEMBL5728014,,,US-10799507-B2,present,YES,ChEMBL 37 dump extract; MAX of STANDARD_OK pChEMBL
JAK1/TYK2,J1TYK2_090,CHEMBL5920242,3137243,B,TYK2,CHEMBL3553,28134992,CHEMBL5735851,B,EC50,=,128,nM,6.89,CHEMBL5728014,,,US-10799507-B2,present,YES,ChEMBL 37 dump extract; MAX of STANDARD_OK pChEMBL
JAK1/TYK2,J1TYK2_091,CHEMBL5976802,3193803,A,JAK1,CHEMBL2835,28625963,CHEMBL5737868,B,IC50,=,219,nM,6.66,CHEMBL5728991,,,US-11254668-B2,present,YES,ChEMBL 37 dump extract; MAX of STANDARD_OK pChEMBL
JAK1/TYK2,J1TYK2_091,CHEMBL5976802,3193803,B,TYK2,CHEMBL3553,28625960,CHEMBL5737867,B,IC50,=,60,nM,7.22,CHEMBL5728991,,,US-11254668-B2,present,YES,ChEMBL 37 dump extract; MAX of STANDARD_OK pChEMBL
JAK1/TYK2,J1TYK2_092,CHEMBL6008077,3225078,A,JAK1,CHEMBL2835,26937856,CHEMBL5731365,B,IC50,=,4.1,nM,8.39,CHEMBL5725720,,,US-9518052-B2,present,YES,ChEMBL 37 dump extract; MAX of STANDARD_OK pChEMBL
JAK1/TYK2,J1TYK2_092,CHEMBL6008077,3225078,B,TYK2,CHEMBL3553,26937865,CHEMBL5731368,B,IC50,=,310,nM,6.51,CHEMBL5725720,,,US-9518052-B2,present,YES,ChEMBL 37 dump extract; MAX of STANDARD_OK pChEMBL
JAK1/TYK2,J1TYK2_093,CHEMBL6019950,3236951,A,JAK1,CHEMBL2835,26882826,CHEMBL5731180,B,Ki,=,0.55,nM,9.26,CHEMBL5725627,,,US-10072026-B2,present,YES,ChEMBL 37 dump extract; MAX of STANDARD_OK pChEMBL
JAK1/TYK2,J1TYK2_093,CHEMBL6019950,3236951,B,TYK2,CHEMBL3553,26882835,CHEMBL5731183,B,Ki,=,0.55,nM,9.26,CHEMBL5725627,,,US-10072026-B2,present,YES,ChEMBL 37 dump extract; MAX of STANDARD_OK pChEMBL
JAK1/TYK2,J1TYK2_094,CHEMBL6042110,3259111,A,JAK1,CHEMBL2835,26883522,CHEMBL5731180,B,Ki,=,0.55,nM,9.26,CHEMBL5725627,,,US-10072026-B2,present,YES,ChEMBL 37 dump extract; MAX of STANDARD_OK pChEMBL
JAK1/TYK2,J1TYK2_094,CHEMBL6042110,3259111,A,JAK1,CHEMBL2835,28279640,CHEMBL5736566,B,Ki,=,0.55,nM,9.26,CHEMBL5728338,,,US-10947254-B2,present,YES,ChEMBL 37 dump extract; MAX of STANDARD_OK pChEMBL
JAK1/TYK2,J1TYK2_094,CHEMBL6042110,3259111,B,TYK2,CHEMBL3553,26883531,CHEMBL5731183,B,Ki,=,50,nM,7.3,CHEMBL5725627,,,US-10072026-B2,present,YES,ChEMBL 37 dump extract; MAX of STANDARD_OK pChEMBL
JAK1/TYK2,J1TYK2_094,CHEMBL6042110,3259111,B,TYK2,CHEMBL3553,28279649,CHEMBL5736569,B,Ki,=,50,nM,7.3,CHEMBL5728338,,,US-10947254-B2,present,YES,ChEMBL 37 dump extract; MAX of STANDARD_OK pChEMBL
JAK1/TYK2,J1TYK2_095,CHEMBL6060767,3277768,A,JAK1,CHEMBL2835,26883858,CHEMBL5731180,B,Ki,=,0.55,nM,9.26,CHEMBL5725627,,,US-10072026-B2,present,YES,ChEMBL 37 dump extract; MAX of STANDARD_OK pChEMBL
JAK1/TYK2,J1TYK2_095,CHEMBL6060767,3277768,A,JAK1,CHEMBL2835,28279856,CHEMBL5736566,B,Ki,=,0.55,nM,9.26,CHEMBL5728338,,,US-10947254-B2,present,YES,ChEMBL 37 dump extract; MAX of STANDARD_OK pChEMBL
JAK1/TYK2,J1TYK2_095,CHEMBL6060767,3277768,B,TYK2,CHEMBL3553,26883867,CHEMBL5731183,B,Ki,=,50,nM,7.3,CHEMBL5725627,,,US-10072026-B2,present,YES,ChEMBL 37 dump extract; MAX of STANDARD_OK pChEMBL
JAK1/TYK2,J1TYK2_095,CHEMBL6060767,3277768,B,TYK2,CHEMBL3553,28279865,CHEMBL5736569,B,Ki,=,50,nM,7.3,CHEMBL5728338,,,US-10947254-B2,present,YES,ChEMBL 37 dump extract; MAX of STANDARD_OK pChEMBL
JAK1/TYK2,J1TYK2_096,CHEMBL6134556,3292848,A,JAK1,CHEMBL2835,29132358,CHEMBL6095251,B,IC50,=,46,nM,7.34,CHEMBL6092205,10.1016/j.bmc.2024.117932,39447537,,present,YES,ChEMBL 37 dump extract; MAX of STANDARD_OK pChEMBL
JAK1/TYK2,J1TYK2_096,CHEMBL6134556,3292848,B,TYK2,CHEMBL3553,29132476,CHEMBL6095255,B,IC50,=,52,nM,7.28,CHEMBL6092205,10.1016/j.bmc.2024.117932,39447537,,present,YES,ChEMBL 37 dump extract; MAX of STANDARD_OK pChEMBL
JAK1/TYK2,J1TYK2_097,CHEMBL1089814,621885,A,JAK1,CHEMBL2835,3247716,CHEMBL1116983,B,IC50,=,4700,nM,5.33,CHEMBL1156975,10.1016/j.bmcl.2010.02.056,20231096,,present,YES,ChEMBL 37 dump extract; MAX of STANDARD_OK pChEMBL
JAK1/TYK2,J1TYK2_097,CHEMBL1089814,621885,B,TYK2,CHEMBL3553,3247776,CHEMBL1116986,B,IC50,=,9300,nM,5.03,CHEMBL1156975,10.1016/j.bmcl.2010.02.056,20231096,,present,YES,ChEMBL 37 dump extract; MAX of STANDARD_OK pChEMBL
JAK1/TYK2,J1TYK2_098,CHEMBL3622822,1966508,A,JAK1,CHEMBL2835,15747144,CHEMBL3625897,B,IC50,=,6100,nM,5.21,CHEMBL3621116,10.1021/acs.jmedchem.5b01263,26351728,,present,YES,ChEMBL 37 dump extract; MAX of STANDARD_OK pChEMBL
JAK1/TYK2,J1TYK2_098,CHEMBL3622822,1966508,B,TYK2,CHEMBL3553,15747219,CHEMBL3625900,B,IC50,=,6400,nM,5.19,CHEMBL3621116,10.1021/acs.jmedchem.5b01263,26351728,,present,YES,ChEMBL 37 dump extract; MAX of STANDARD_OK pChEMBL
JAK1/TYK2,J1TYK2_099,CHEMBL3622827,1966513,A,JAK1,CHEMBL2835,15747139,CHEMBL3625897,B,IC50,=,4300,nM,5.37,CHEMBL3621116,10.1021/acs.jmedchem.5b01263,26351728,,present,YES,ChEMBL 37 dump extract; MAX of STANDARD_OK pChEMBL
JAK1/TYK2,J1TYK2_099,CHEMBL3622827,1966513,B,TYK2,CHEMBL3553,15747224,CHEMBL3625900,B,IC50,=,3300,nM,5.48,CHEMBL3621116,10.1021/acs.jmedchem.5b01263,26351728,,present,YES,ChEMBL 37 dump extract; MAX of STANDARD_OK pChEMBL
JAK1/TYK2,J1TYK2_100,CHEMBL3622829,1966515,A,JAK1,CHEMBL2835,15747137,CHEMBL3625897,B,IC50,=,18200,nM,4.74,CHEMBL3621116,10.1021/acs.jmedchem.5b01263,26351728,,present,YES,ChEMBL 37 dump extract; MAX of STANDARD_OK pChEMBL
JAK1/TYK2,J1TYK2_100,CHEMBL3622829,1966515,B,TYK2,CHEMBL3553,15747226,CHEMBL3625900,B,IC50,=,7500,nM,5.12,CHEMBL3621116,10.1021/acs.jmedchem.5b01263,26351728,,present,YES,ChEMBL 37 dump extract; MAX of STANDARD_OK pChEMBL
JAK1/TYK2,J1TYK2_101,CHEMBL3622831,1966517,A,JAK1,CHEMBL2835,15747135,CHEMBL3625897,B,IC50,=,3700,nM,5.43,CHEMBL3621116,10.1021/acs.jmedchem.5b01263,26351728,,present,YES,ChEMBL 37 dump extract; MAX of STANDARD_OK pChEMBL
JAK1/TYK2,J1TYK2_101,CHEMBL3622831,1966517,B,TYK2,CHEMBL3553,15747228,CHEMBL3625900,B,IC50,=,3500,nM,5.46,CHEMBL3621116,10.1021/acs.jmedchem.5b01263,26351728,,present,YES,ChEMBL 37 dump extract; MAX of STANDARD_OK pChEMBL
JAK1/TYK2,J1TYK2_102,CHEMBL3622833,1966519,A,JAK1,CHEMBL2835,15747176,CHEMBL3625897,B,IC50,=,9300,nM,5.03,CHEMBL3621116,10.1021/acs.jmedchem.5b01263,26351728,,present,YES,ChEMBL 37 dump extract; MAX of STANDARD_OK pChEMBL
JAK1/TYK2,J1TYK2_102,CHEMBL3622833,1966519,B,TYK2,CHEMBL3553,15747230,CHEMBL3625900,B,IC50,=,3200,nM,5.5,CHEMBL3621116,10.1021/acs.jmedchem.5b01263,26351728,,present,YES,ChEMBL 37 dump extract; MAX of STANDARD_OK pChEMBL
JAK1/TYK2,J1TYK2_103,CHEMBL3814099,2089966,A,JAK1,CHEMBL2835,16617261,CHEMBL3817412,B,IC50,=,5300,nM,5.28,CHEMBL3813615,10.1016/j.bmcl.2016.05.078,27261178,,present,YES,ChEMBL 37 dump extract; MAX of STANDARD_OK pChEMBL
JAK1/TYK2,J1TYK2_103,CHEMBL3814099,2089966,B,TYK2,CHEMBL3553,16617300,CHEMBL3817415,B,IC50,=,30700,nM,4.51,CHEMBL3813615,10.1016/j.bmcl.2016.05.078,27261178,,present,YES,ChEMBL 37 dump extract; MAX of STANDARD_OK pChEMBL
JAK1/TYK2,J1TYK2_104,CHEMBL3814951,2089963,A,JAK1,CHEMBL2835,16617264,CHEMBL3817412,B,IC50,=,7000,nM,5.16,CHEMBL3813615,10.1016/j.bmcl.2016.05.078,27261178,,present,YES,ChEMBL 37 dump extract; MAX of STANDARD_OK pChEMBL
JAK1/TYK2,J1TYK2_104,CHEMBL3814951,2089963,B,TYK2,CHEMBL3553,16617303,CHEMBL3817415,B,IC50,=,42200,nM,4.38,CHEMBL3813615,10.1016/j.bmcl.2016.05.078,27261178,,present,YES,ChEMBL 37 dump extract; MAX of STANDARD_OK pChEMBL
JAK1/TYK2,J1TYK2_105,CHEMBL3884319,2097650,A,JAK1,CHEMBL2835,16837443,CHEMBL3876106,B,IC50,=,10000,nM,5,CHEMBL3875183,10.1016/j.bmcl.2016.08.068,27816515,,present,YES,ChEMBL 37 dump extract; MAX of STANDARD_OK pChEMBL
JAK1/TYK2,J1TYK2_105,CHEMBL3884319,2097650,B,TYK2,CHEMBL3553,16837473,CHEMBL3876133,B,IC50,=,10000,nM,5,CHEMBL3875183,10.1016/j.bmcl.2016.08.068,27816515,,present,YES,ChEMBL 37 dump extract; MAX of STANDARD_OK pChEMBL
JAK1/TYK2,J1TYK2_106,CHEMBL4277379,2316830,A,JAK1,CHEMBL2835,18737148,CHEMBL4261268,B,IC50,=,3334,nM,5.48,CHEMBL4257589,10.1021/acs.jmedchem.8b00510,30460842,,present,YES,ChEMBL 37 dump extract; MAX of STANDARD_OK pChEMBL
JAK1/TYK2,J1TYK2_106,CHEMBL4277379,2316830,A,JAK1,CHEMBL2835,27736847,CHEMBL5734352,B,IC50,=,3334,nM,5.48,CHEMBL5727283,,,US-10399979-B2,present,YES,ChEMBL 37 dump extract; MAX of STANDARD_OK pChEMBL
JAK1/TYK2,J1TYK2_106,CHEMBL4277379,2316830,B,TYK2,CHEMBL3553,18737079,CHEMBL4261269,B,IC50,=,4766,nM,5.32,CHEMBL4257589,10.1021/acs.jmedchem.8b00510,30460842,,present,YES,ChEMBL 37 dump extract; MAX of STANDARD_OK pChEMBL
JAK1/TYK2,J1TYK2_106,CHEMBL4277379,2316830,B,TYK2,CHEMBL3553,27736856,CHEMBL5734355,B,IC50,=,4766,nM,5.32,CHEMBL5727283,,,US-10399979-B2,present,YES,ChEMBL 37 dump extract; MAX of STANDARD_OK pChEMBL
JAK1/TYK2,J1TYK2_107,CHEMBL5394153,2834321,A,JAK1,CHEMBL2835,25508841,CHEMBL5334091,B,IC50,=,50000,nM,4.3,CHEMBL5331110,10.1021/acs.jmedchem.3c00519,37314941,,present,YES,ChEMBL 37 dump extract; MAX of STANDARD_OK pChEMBL
JAK1/TYK2,J1TYK2_107,CHEMBL5394153,2834321,B,TYK2,CHEMBL3553,25508897,CHEMBL5334094,B,IC50,=,50000,nM,4.3,CHEMBL5331110,10.1021/acs.jmedchem.3c00519,37314941,,present,YES,ChEMBL 37 dump extract; MAX of STANDARD_OK pChEMBL
JAK1/TYK2,J1TYK2_108,CHEMBL5431291,2871459,A,JAK1,CHEMBL2835,25508843,CHEMBL5334091,B,IC50,=,50000,nM,4.3,CHEMBL5331110,10.1021/acs.jmedchem.3c00519,37314941,,present,YES,ChEMBL 37 dump extract; MAX of STANDARD_OK pChEMBL
JAK1/TYK2,J1TYK2_108,CHEMBL5431291,2871459,B,TYK2,CHEMBL3553,25508899,CHEMBL5334094,B,IC50,=,50000,nM,4.3,CHEMBL5331110,10.1021/acs.jmedchem.3c00519,37314941,,present,YES,ChEMBL 37 dump extract; MAX of STANDARD_OK pChEMBL
JAK1/TYK2,J1TYK2_109,CHEMBL5742734,2959735,A,JAK1,CHEMBL2835,27203822,CHEMBL5732308,B,IC50,=,5500,nM,5.26,CHEMBL5726221,,,US-10189845-B2,present,YES,ChEMBL 37 dump extract; MAX of STANDARD_OK pChEMBL
JAK1/TYK2,J1TYK2_109,CHEMBL5742734,2959735,B,TYK2,CHEMBL3553,27203819,CHEMBL5732307,B,IC50,=,5500,nM,5.26,CHEMBL5726221,,,US-10189845-B2,present,YES,ChEMBL 37 dump extract; MAX of STANDARD_OK pChEMBL
JAK1/TYK2,J1TYK2_110,CHEMBL5809950,3026951,A,JAK1,CHEMBL2835,27203810,CHEMBL5732308,B,IC50,=,5500,nM,5.26,CHEMBL5726221,,,US-10189845-B2,present,YES,ChEMBL 37 dump extract; MAX of STANDARD_OK pChEMBL
JAK1/TYK2,J1TYK2_110,CHEMBL5809950,3026951,A,JAK1,CHEMBL2835,28064768,CHEMBL5735557,B,IC50,=,5500,nM,5.26,CHEMBL5727865,,,US-10730880-B2,present,YES,ChEMBL 37 dump extract; MAX of STANDARD_OK pChEMBL
JAK1/TYK2,J1TYK2_110,CHEMBL5809950,3026951,A,JAK1,CHEMBL2835,28377782,CHEMBL5736918,B,IC50,=,5500,nM,5.26,CHEMBL5728516,,,US-11028093-B2,present,YES,ChEMBL 37 dump extract; MAX of STANDARD_OK pChEMBL
JAK1/TYK2,J1TYK2_110,CHEMBL5809950,3026951,B,TYK2,CHEMBL3553,27203807,CHEMBL5732307,B,IC50,=,5500,nM,5.26,CHEMBL5726221,,,US-10189845-B2,present,YES,ChEMBL 37 dump extract; MAX of STANDARD_OK pChEMBL
JAK1/TYK2,J1TYK2_110,CHEMBL5809950,3026951,B,TYK2,CHEMBL3553,28064765,CHEMBL5735556,B,IC50,=,5500,nM,5.26,CHEMBL5727865,,,US-10730880-B2,present,YES,ChEMBL 37 dump extract; MAX of STANDARD_OK pChEMBL
JAK1/TYK2,J1TYK2_110,CHEMBL5809950,3026951,B,TYK2,CHEMBL3553,28377779,CHEMBL5736917,B,IC50,=,5500,nM,5.26,CHEMBL5728516,,,US-11028093-B2,present,YES,ChEMBL 37 dump extract; MAX of STANDARD_OK pChEMBL
PIK3CA/mTOR,PM48_01,CHEMBL573339,568342,A,PIK3CA,CHEMBL4005,2899163,CHEMBL1060260,B,Kd,=,1.5,nM,8.82,CHEMBL1150977,10.1038/nbt1358,18183025,,present,NO,2026-07-23 ChEMBL REST panel; dump rows use STANDARD_OK
PIK3CA/mTOR,PM48_01,CHEMBL573339,568342,A,PIK3CA,CHEMBL4005,2899201,CHEMBL1050831,B,Kd,=,1.5,nM,8.82,CHEMBL1150977,10.1038/nbt1358,18183025,,present,NO,2026-07-23 ChEMBL REST panel; dump rows use STANDARD_OK
PIK3CA/mTOR,PM48_01,CHEMBL573339,568342,A,PIK3CA,CHEMBL4005,7572337,CHEMBL1908733,B,Kd,=,1.5,nM,8.82,CHEMBL1908390,10.1038/nbt.1990,22037378,,present,NO,2026-07-23 ChEMBL REST panel; dump rows use STANDARD_OK
PIK3CA/mTOR,PM48_01,CHEMBL573339,568342,A,PIK3CA,CHEMBL4005,7572338,CHEMBL1908734,B,Kd,=,1.3,nM,8.89,CHEMBL1908390,10.1038/nbt.1990,22037378,,present,YES,2026-07-23 ChEMBL REST panel; dump rows use STANDARD_OK
PIK3CA/mTOR,PM48_01,CHEMBL573339,568342,A,PIK3CA,CHEMBL4005,7572339,CHEMBL1908735,B,Kd,=,1.4,nM,8.85,CHEMBL1908390,10.1038/nbt.1990,22037378,,present,NO,2026-07-23 ChEMBL REST panel; dump rows use STANDARD_OK
PIK3CA/mTOR,PM48_01,CHEMBL573339,568342,A,PIK3CA,CHEMBL4005,7572340,CHEMBL1908736,B,Kd,=,1.5,nM,8.82,CHEMBL1908390,10.1038/nbt.1990,22037378,,present,NO,2026-07-23 ChEMBL REST panel; dump rows use STANDARD_OK
PIK3CA/mTOR,PM48_01,CHEMBL573339,568342,A,PIK3CA,CHEMBL4005,7572341,CHEMBL1908737,B,Kd,=,1.5,nM,8.82,CHEMBL1908390,10.1038/nbt.1990,22037378,,present,NO,2026-07-23 ChEMBL REST panel; dump rows use STANDARD_OK
PIK3CA/mTOR,PM48_01,CHEMBL573339,568342,A,PIK3CA,CHEMBL4005,7572342,CHEMBL1908738,B,Kd,=,3.2,nM,8.49,CHEMBL1908390,10.1038/nbt.1990,22037378,,present,NO,2026-07-23 ChEMBL REST panel; dump rows use STANDARD_OK
PIK3CA/mTOR,PM48_01,CHEMBL573339,568342,A,PIK3CA,CHEMBL4005,7572343,CHEMBL1908739,B,Kd,=,3.4,nM,8.47,CHEMBL1908390,10.1038/nbt.1990,22037378,,present,NO,2026-07-23 ChEMBL REST panel; dump rows use STANDARD_OK
PIK3CA/mTOR,PM48_01,CHEMBL573339,568342,A,PIK3CA,CHEMBL4005,7572344,CHEMBL1908740,B,Kd,=,2.9,nM,8.54,CHEMBL1908390,10.1038/nbt.1990,22037378,,present,NO,2026-07-23 ChEMBL REST panel; dump rows use STANDARD_OK
PIK3CA/mTOR,PM48_01,CHEMBL573339,568342,A,PIK3CA,CHEMBL4005,7572345,CHEMBL1908741,B,Kd,=,3,nM,8.52,CHEMBL1908390,10.1038/nbt.1990,22037378,,present,NO,2026-07-23 ChEMBL REST panel; dump rows use STANDARD_OK
PIK3CA/mTOR,PM48_01,CHEMBL573339,568342,A,PIK3CA,CHEMBL4005,7572346,CHEMBL1908742,B,Kd,=,1.5,nM,8.82,CHEMBL1908390,10.1038/nbt.1990,22037378,,present,NO,2026-07-23 ChEMBL REST panel; dump rows use STANDARD_OK
PIK3CA/mTOR,PM48_01,CHEMBL573339,568342,A,PIK3CA,CHEMBL4005,7943749,CHEMBL1919767,B,IC50,=,4.4,nM,8.36,CHEMBL1914457,10.1016/j.bmc.2011.09.042,22014755,,present,NO,2026-07-23 ChEMBL REST panel; dump rows use STANDARD_OK
PIK3CA/mTOR,PM48_01,CHEMBL573339,568342,A,PIK3CA,CHEMBL4005,7990923,CHEMBL1937672,B,IC50,=,16.8,nM,7.78,CHEMBL1933031,10.1016/j.bmcl.2011.11.003,22130133,,present,NO,2026-07-23 ChEMBL REST panel; dump rows use STANDARD_OK
PIK3CA/mTOR,PM48_01,CHEMBL573339,568342,A,PIK3CA,CHEMBL4005,11023974,CHEMBL2090598,B,IC50,=,150,nM,6.82,CHEMBL2086312,10.1016/j.ejmech.2012.09.001,23063566,,present,NO,2026-07-23 ChEMBL REST panel; dump rows use STANDARD_OK
PIK3CA/mTOR,PM48_01,CHEMBL573339,568342,A,PIK3CA,CHEMBL4005,12176880,CHEMBL2214583,B,IC50,=,4.5,nM,8.35,CHEMBL2203170,10.1016/j.ejmech.2012.08.035,23059543,,present,NO,2026-07-23 ChEMBL REST panel; dump rows use STANDARD_OK
PIK3CA/mTOR,PM48_01,CHEMBL573339,568342,A,PIK3CA,CHEMBL4005,12205431,CHEMBL2217273,B,IC50,=,8,nM,8.1,CHEMBL2216751,10.1021/jm300847w,22924688,,present,NO,2026-07-23 ChEMBL REST panel; dump rows use STANDARD_OK
PIK3CA/mTOR,PM48_01,CHEMBL573339,568342,A,PIK3CA,CHEMBL4005,13889930,CHEMBL3110710,B,IC50,=,1034.4,nM,5.99,CHEMBL3108771,10.1021/ml400378e,24900786,,present,NO,2026-07-23 ChEMBL REST panel; dump rows use STANDARD_OK
PIK3CA/mTOR,PM48_01,CHEMBL573339,568342,A,PIK3CA,CHEMBL4005,13889932,CHEMBL3110708,B,IC50,=,796.3,nM,6.1,CHEMBL3108771,10.1021/ml400378e,24900786,,present,NO,2026-07-23 ChEMBL REST panel; dump rows use STANDARD_OK
PIK3CA/mTOR,PM48_01,CHEMBL573339,568342,A,PIK3CA,CHEMBL4005,13889934,CHEMBL3110711,B,IC50,=,74,nM,7.13,CHEMBL3108771,10.1021/ml400378e,24900786,,present,NO,2026-07-23 ChEMBL REST panel; dump rows use STANDARD_OK
PIK3CA/mTOR,PM48_01,CHEMBL573339,568342,A,PIK3CA,CHEMBL4005,13889940,CHEMBL3110709,B,IC50,=,17.9,nM,7.75,CHEMBL3108771,10.1021/ml400378e,24900786,,present,NO,2026-07-23 ChEMBL REST panel; dump rows use STANDARD_OK
PIK3CA/mTOR,PM48_01,CHEMBL573339,568342,A,PIK3CA,CHEMBL4005,14972895,CHEMBL3371732,B,IC50,=,11,nM,7.96,CHEMBL3352220,10.1016/j.bmc.2014.11.003,25468038,,present,NO,2026-07-23 ChEMBL REST panel; dump rows use STANDARD_OK
PIK3CA/mTOR,PM48_01,CHEMBL573339,568342,A,PIK3CA,CHEMBL4005,14977845,CHEMBL3377240,B,IC50,=,8,nM,8.1,CHEMBL3352433,10.1021/ml500354e,25589915,,present,NO,2026-07-23 ChEMBL REST panel; dump rows use STANDARD_OK
PIK3CA/mTOR,PM48_01,CHEMBL573339,568342,A,PIK3CA,CHEMBL4005,15201768,CHEMBL3414046,B,IC50,=,7.5,nM,8.12,CHEMBL3407441,10.1016/j.ejmech.2015.01.061,25659752,,present,NO,2026-07-23 ChEMBL REST panel; dump rows use STANDARD_OK
PIK3CA/mTOR,PM48_01,CHEMBL573339,568342,A,PIK3CA,CHEMBL4005,16391017,CHEMBL3738867,B,IC50,=,12,nM,7.92,CHEMBL3734757,10.1016/j.bmc.2015.11.003,26596710,,present,NO,2026-07-23 ChEMBL REST panel; dump rows use STANDARD_OK
PIK3CA/mTOR,PM48_01,CHEMBL573339,568342,A,PIK3CA,CHEMBL4005,16468851,CHEMBL3768547,B,IC50,=,6.8,nM,8.17,CHEMBL3763019,10.1016/j.bmc.2016.01.008,26819001,,present,NO,2026-07-23 ChEMBL REST panel; dump rows use STANDARD_OK
PIK3CA/mTOR,PM48_01,CHEMBL573339,568342,A,PIK3CA,CHEMBL4005,16484071,CHEMBL3772929,B,IC50,=,2,nM,8.7,CHEMBL3769354,10.1016/j.ejmech.2015.11.038,26731167,,present,NO,2026-07-23 ChEMBL REST panel; dump rows use STANDARD_OK
PIK3CA/mTOR,PM48_01,CHEMBL573339,568342,A,PIK3CA,CHEMBL4005,16484080,CHEMBL3772924,B,IC50,=,5.8,nM,8.24,CHEMBL3769354,10.1016/j.ejmech.2015.11.038,26731167,,present,NO,2026-07-23 ChEMBL REST panel; dump rows use STANDARD_OK
PIK3CA/mTOR,PM48_01,CHEMBL573339,568342,A,PIK3CA,CHEMBL4005,16516423,CHEMBL3784495,B,IC50,=,12,nM,7.92,CHEMBL3779897,10.1039/C5MD00401B,,,present,NO,2026-07-23 ChEMBL REST panel; dump rows use STANDARD_OK
PIK3CA/mTOR,PM48_01,CHEMBL573339,568342,A,PIK3CA,CHEMBL4005,16552996,CHEMBL3795348,B,IC50,=,11,nM,7.96,CHEMBL3792291,10.1016/j.ejmech.2016.03.033,27043268,,present,NO,2026-07-23 ChEMBL REST panel; dump rows use STANDARD_OK
PIK3CA/mTOR,PM48_01,CHEMBL573339,568342,A,PIK3CA,CHEMBL4005,16589718,CHEMBL3807906,B,IC50,=,8.7,nM,8.06,CHEMBL3804794,10.1016/j.ejmech.2016.03.074,27089211,,present,NO,2026-07-23 ChEMBL REST panel; dump rows use STANDARD_OK
PIK3CA/mTOR,PM48_01,CHEMBL573339,568342,A,PIK3CA,CHEMBL4005,16617345,CHEMBL3815458,B,IC50,=,75,nM,7.12,CHEMBL3813678,10.1016/j.bmc.2016.06.032,27353887,,present,NO,2026-07-23 ChEMBL REST panel; dump rows use STANDARD_OK
PIK3CA/mTOR,PM48_01,CHEMBL573339,568342,A,PIK3CA,CHEMBL4005,16790971,CHEMBL3867033,B,IC50,=,6.1,nM,8.21,CHEMBL3865829,10.1016/j.ejmech.2016.06.030,27448924,,present,NO,2026-07-23 ChEMBL REST panel; dump rows use STANDARD_OK
PIK3CA/mTOR,PM48_01,CHEMBL573339,568342,A,PIK3CA,CHEMBL4005,18231740,CHEMBL4050202,B,IC50,=,1.76,nM,8.75,CHEMBL4049399,10.1016/j.bmc.2017.02.030,28259529,,present,NO,2026-07-23 ChEMBL REST panel; dump rows use STANDARD_OK
PIK3CA/mTOR,PM48_01,CHEMBL573339,568342,A,PIK3CA,CHEMBL4005,18414464,CHEMBL4152726,B,IC50,=,17,nM,7.77,CHEMBL4152193,10.1016/j.ejmech.2018.03.066,29625382,,present,NO,2026-07-23 ChEMBL REST panel; dump rows use STANDARD_OK
PIK3CA/mTOR,PM48_01,CHEMBL573339,568342,A,PIK3CA,CHEMBL4005,18569161,CHEMBL4220370,B,IC50,=,7.4,nM,8.13,CHEMBL4219058,10.1016/j.bmc.2017.12.025,29305298,,present,NO,2026-07-23 ChEMBL REST panel; dump rows use STANDARD_OK
PIK3CA/mTOR,PM48_01,CHEMBL573339,568342,A,PIK3CA,CHEMBL4005,19265820,CHEMBL4405138,B,IC50,=,4,nM,8.4,CHEMBL4402587,10.1021/acs.jmedchem.0c00193,32212730,,present,NO,2026-07-23 ChEMBL REST panel; dump rows use STANDARD_OK
PIK3CA/mTOR,PM48_01,CHEMBL573339,568342,A,PIK3CA,CHEMBL4005,22780991,CHEMBL4707195,B,IC50,=,3.8,nM,8.42,CHEMBL4706478,10.1021/acs.jmedchem.7b01465,29360358,,present,NO,2026-07-23 ChEMBL REST panel; dump rows use STANDARD_OK
PIK3CA/mTOR,PM48_01,CHEMBL573339,568342,A,PIK3CA,CHEMBL4005,22980767,CHEMBL4772814,B,IC50,=,5300,nM,5.28,CHEMBL4765397,10.1016/j.ejmech.2020.112637,32717477,,present,NO,2026-07-23 ChEMBL REST panel; dump rows use STANDARD_OK
PIK3CA/mTOR,PM48_01,CHEMBL573339,568342,A,PIK3CA,CHEMBL4005,23183210,CHEMBL4817032,B,IC50,=,6,nM,8.22,CHEMBL4813992,10.1016/j.ejmech.2021.113327,33730678,,present,NO,2026-07-23 ChEMBL REST panel; dump rows use STANDARD_OK
PIK3CA/mTOR,PM48_01,CHEMBL573339,568342,A,PIK3CA,CHEMBL4005,23222873,CHEMBL4824998,B,IC50,=,3.22,nM,8.49,CHEMBL4823294,10.1016/j.bmcl.2021.128271,34284105,,present,NO,2026-07-23 ChEMBL REST panel; dump rows use STANDARD_OK
PIK3CA/mTOR,PM48_01,CHEMBL573339,568342,A,PIK3CA,CHEMBL4005,24718517,CHEMBL5112158,B,IC50,=,19.7,nM,7.71,CHEMBL5108059,10.1021/acs.jmedchem.2c00572,36191148,,present,NO,2026-07-23 ChEMBL REST panel; dump rows use STANDARD_OK
PIK3CA/mTOR,PM48_01,CHEMBL573339,568342,A,PIK3CA,CHEMBL4005,24859675,CHEMBL5149553,B,IC50,=,3.9,nM,8.41,CHEMBL5143740,10.1021/acs.jmedchem.2c00549,35834807,,present,NO,2026-07-23 ChEMBL REST panel; dump rows use STANDARD_OK
PIK3CA/mTOR,PM48_01,CHEMBL573339,568342,A,PIK3CA,CHEMBL4005,25038383,CHEMBL5244113,B,IC50,=,4,nM,8.4,CHEMBL5241132,10.1016/j.bmcl.2023.129152,36706844,,present,NO,2026-07-23 ChEMBL REST panel; dump rows use STANDARD_OK
PIK3CA/mTOR,PM48_01,CHEMBL573339,568342,A,PIK3CA,CHEMBL4005,25044937,CHEMBL5245712,B,IC50,=,3,nM,8.52,CHEMBL5244238,10.1016/j.ejmech.2020.112391,32416459,,present,NO,2026-07-23 ChEMBL REST panel; dump rows use STANDARD_OK
PIK3CA/mTOR,PM48_01,CHEMBL573339,568342,A,PIK3CA,CHEMBL4005,25556687,CHEMBL5347372,B,IC50,=,2,nM,8.7,CHEMBL5346869,10.1016/j.ejmech.2022.114971,36462440,,present,NO,2026-07-23 ChEMBL REST panel; dump rows use STANDARD_OK
PIK3CA/mTOR,PM48_01,CHEMBL573339,568342,A,PIK3CA,CHEMBL4005,25892677,CHEMBL5519915,B,IC50,=,2,nM,8.7,CHEMBL5518190,10.1016/j.ejmech.2023.116109,38183777,,present,NO,2026-07-23 ChEMBL REST panel; dump rows use STANDARD_OK
PIK3CA/mTOR,PM48_01,CHEMBL573339,568342,A,PIK3CA,CHEMBL4005,25892686,CHEMBL5519918,B,IC50,=,2,nM,8.7,CHEMBL5518190,10.1016/j.ejmech.2023.116109,38183777,,present,NO,2026-07-23 ChEMBL REST panel; dump rows use STANDARD_OK
PIK3CA/mTOR,PM48_01,CHEMBL573339,568342,A,PIK3CA,CHEMBL4005,25937306,CHEMBL5533389,B,IC50,=,2,nM,8.7,CHEMBL5532641,10.1016/j.ejmech.2023.115781,37669595,,present,NO,2026-07-23 ChEMBL REST panel; dump rows use STANDARD_OK
PIK3CA/mTOR,PM48_01,CHEMBL573339,568342,A,PIK3CA,CHEMBL4005,26212393,CHEMBL5647745,B,IC50,=,2,nM,8.7,CHEMBL5647682,10.1038/sj.embor.7401155,18188180,,present,NO,2026-07-23 ChEMBL REST panel; dump rows use STANDARD_OK
PIK3CA/mTOR,PM48_01,CHEMBL573339,568342,A,PIK3CA,CHEMBL4005,26212420,CHEMBL5647772,B,IC50,=,4,nM,8.4,CHEMBL5647682,10.1038/sj.embor.7401155,18188180,,present,NO,2026-07-23 ChEMBL REST panel; dump rows use STANDARD_OK
PIK3CA/mTOR,PM48_01,CHEMBL573339,568342,A,PIK3CA,CHEMBL4005,26228523,CHEMBL5657142,B,IC50,=,12,nM,7.92,CHEMBL5653618,10.1021/ml900028r,24900173,,present,NO,2026-07-23 ChEMBL REST panel; dump rows use STANDARD_OK
PIK3CA/mTOR,PM48_01,CHEMBL573339,568342,A,PIK3CA,CHEMBL4005,26238864,CHEMBL5662888,B,IC50,=,2,nM,8.7,CHEMBL5661974,10.1158/0008-5472.can-06-4615,17575152,,present,NO,2026-07-23 ChEMBL REST panel; dump rows use STANDARD_OK
PIK3CA/mTOR,PM48_01,CHEMBL573339,568342,A,PIK3CA,CHEMBL4005,29205887,CHEMBL6121101,B,IC50,=,9000,nM,5.05,CHEMBL6120936,10.1016/j.ejmech.2024.116688,39033611,,present,NO,2026-07-23 ChEMBL REST panel; dump rows use STANDARD_OK
PIK3CA/mTOR,PM48_01,CHEMBL573339,568342,A,PIK3CA,CHEMBL4005,29217246,CHEMBL6124328,B,IC50,=,3.2,nM,8.49,CHEMBL6121003,10.1016/j.ejmech.2024.117200,39733482,,present,NO,2026-07-23 ChEMBL REST panel; dump rows use STANDARD_OK
PIK3CA/mTOR,PM48_01,CHEMBL573339,568342,B,MTOR,CHEMBL2842,7572273,CHEMBL1908669,B,Kd,=,12,nM,7.92,CHEMBL1908390,10.1038/nbt.1990,22037378,,present,NO,2026-07-23 ChEMBL REST panel; dump rows use STANDARD_OK
PIK3CA/mTOR,PM48_01,CHEMBL573339,568342,B,MTOR,CHEMBL2842,14972879,CHEMBL3371734,B,IC50,=,19,nM,7.72,CHEMBL3352220,10.1016/j.bmc.2014.11.003,25468038,,present,NO,2026-07-23 ChEMBL REST panel; dump rows use STANDARD_OK
PIK3CA/mTOR,PM48_01,CHEMBL573339,568342,B,MTOR,CHEMBL2842,15201762,CHEMBL3414045,B,IC50,=,19,nM,7.72,CHEMBL3407441,10.1016/j.ejmech.2015.01.061,25659752,,present,NO,2026-07-23 ChEMBL REST panel; dump rows use STANDARD_OK
PIK3CA/mTOR,PM48_01,CHEMBL573339,568342,B,MTOR,CHEMBL2842,16390969,CHEMBL3738862,B,IC50,=,16,nM,7.8,CHEMBL3734757,10.1016/j.bmc.2015.11.003,26596710,,present,NO,2026-07-23 ChEMBL REST panel; dump rows use STANDARD_OK
PIK3CA/mTOR,PM48_01,CHEMBL573339,568342,B,MTOR,CHEMBL2842,16470055,CHEMBL3766570,B,IC50,=,5.3,nM,8.28,CHEMBL3763019,10.1016/j.bmc.2016.01.008,26819001,,present,YES,2026-07-23 ChEMBL REST panel; dump rows use STANDARD_OK
PIK3CA/mTOR,PM48_01,CHEMBL573339,568342,B,MTOR,CHEMBL2842,16484072,CHEMBL3772928,B,IC50,=,16,nM,7.8,CHEMBL3769354,10.1016/j.ejmech.2015.11.038,26731167,,present,NO,2026-07-23 ChEMBL REST panel; dump rows use STANDARD_OK
PIK3CA/mTOR,PM48_01,CHEMBL573339,568342,B,MTOR,CHEMBL2842,16516384,CHEMBL3784491,B,IC50,=,14,nM,7.85,CHEMBL3779897,10.1039/C5MD00401B,,,present,NO,2026-07-23 ChEMBL REST panel; dump rows use STANDARD_OK
PIK3CA/mTOR,PM48_01,CHEMBL573339,568342,B,MTOR,CHEMBL2842,16552990,CHEMBL3795347,B,IC50,=,19,nM,7.72,CHEMBL3792291,10.1016/j.ejmech.2016.03.033,27043268,,present,NO,2026-07-23 ChEMBL REST panel; dump rows use STANDARD_OK
PIK3CA/mTOR,PM48_01,CHEMBL573339,568342,B,MTOR,CHEMBL2842,16589719,CHEMBL3807907,B,IC50,=,8.8,nM,8.06,CHEMBL3804794,10.1016/j.ejmech.2016.03.074,27089211,,present,NO,2026-07-23 ChEMBL REST panel; dump rows use STANDARD_OK
PIK3CA/mTOR,PM48_01,CHEMBL573339,568342,B,MTOR,CHEMBL2842,16617034,CHEMBL3815304,B,IC50,=,19,nM,7.72,CHEMBL3813678,10.1016/j.bmc.2016.06.032,27353887,,present,NO,2026-07-23 ChEMBL REST panel; dump rows use STANDARD_OK
PIK3CA/mTOR,PM48_01,CHEMBL573339,568342,B,MTOR,CHEMBL2842,16790976,CHEMBL3867034,B,IC50,=,8.8,nM,8.06,CHEMBL3865829,10.1016/j.ejmech.2016.06.030,27448924,,present,NO,2026-07-23 ChEMBL REST panel; dump rows use STANDARD_OK
PIK3CA/mTOR,PM48_01,CHEMBL573339,568342,B,MTOR,CHEMBL2842,18041436,CHEMBL4009793,B,IC50,=,31,nM,7.51,CHEMBL4007445,10.1016/j.ejmech.2017.02.015,28235701,,present,NO,2026-07-23 ChEMBL REST panel; dump rows use STANDARD_OK
PIK3CA/mTOR,PM48_01,CHEMBL573339,568342,B,MTOR,CHEMBL2842,18104850,CHEMBL4022584,B,IC50,=,20,nM,7.7,CHEMBL4020805,10.1016/j.bmcl.2017.05.044,28571824,,present,NO,2026-07-23 ChEMBL REST panel; dump rows use STANDARD_OK
PIK3CA/mTOR,PM48_01,CHEMBL573339,568342,B,MTOR,CHEMBL2842,18231732,CHEMBL4050194,B,IC50,=,111,nM,6.96,CHEMBL4049399,10.1016/j.bmc.2017.02.030,28259529,,present,NO,2026-07-23 ChEMBL REST panel; dump rows use STANDARD_OK
PIK3CA/mTOR,PM48_01,CHEMBL573339,568342,B,MTOR,CHEMBL2842,19091464,CHEMBL4366252,B,IC50,=,5.3,nM,8.28,CHEMBL4364276,10.1016/j.ejmech.2019.06.021,31228810,,present,YES,2026-07-23 ChEMBL REST panel; dump rows use STANDARD_OK
PIK3CA/mTOR,PM48_01,CHEMBL573339,568342,B,MTOR,CHEMBL2842,22781021,CHEMBL4707201,B,IC50,=,141,nM,6.85,CHEMBL4706478,10.1021/acs.jmedchem.7b01465,29360358,,present,NO,2026-07-23 ChEMBL REST panel; dump rows use STANDARD_OK
PIK3CA/mTOR,PM48_01,CHEMBL573339,568342,B,MTOR,CHEMBL2842,22899689,CHEMBL4731424,B,IC50,=,20,nM,7.7,CHEMBL4725466,10.1021/acsmedchemlett.0c00289,33214824,,present,NO,2026-07-23 ChEMBL REST panel; dump rows use STANDARD_OK
PIK3CA/mTOR,PM48_01,CHEMBL573339,568342,B,MTOR,CHEMBL2842,22980780,CHEMBL4772815,B,IC50,=,9300,nM,5.03,CHEMBL4765397,10.1016/j.ejmech.2020.112637,32717477,,present,NO,2026-07-23 ChEMBL REST panel; dump rows use STANDARD_OK
PIK3CA/mTOR,PM48_01,CHEMBL573339,568342,B,MTOR,CHEMBL2842,23183208,CHEMBL4817031,B,IC50,=,7.2,nM,8.14,CHEMBL4813992,10.1016/j.ejmech.2021.113327,33730678,,present,NO,2026-07-23 ChEMBL REST panel; dump rows use STANDARD_OK
PIK3CA/mTOR,PM48_01,CHEMBL573339,568342,B,MTOR,CHEMBL2842,24718474,CHEMBL5112157,B,IC50,=,78.1,nM,7.11,CHEMBL5108059,10.1021/acs.jmedchem.2c00572,36191148,,present,NO,2026-07-23 ChEMBL REST panel; dump rows use STANDARD_OK
PIK3CA/mTOR,PM48_01,CHEMBL573339,568342,B,MTOR,CHEMBL2842,25044921,CHEMBL5245700,B,IC50,=,20,nM,7.7,CHEMBL5244238,10.1016/j.ejmech.2020.112391,32416459,,present,NO,2026-07-23 ChEMBL REST panel; dump rows use STANDARD_OK
PIK3CA/mTOR,PM48_01,CHEMBL573339,568342,B,MTOR,CHEMBL2842,25556692,CHEMBL5347376,B,IC50,=,30,nM,7.52,CHEMBL5346869,10.1016/j.ejmech.2022.114971,36462440,,present,NO,2026-07-23 ChEMBL REST panel; dump rows use STANDARD_OK
PIK3CA/mTOR,PM48_01,CHEMBL573339,568342,B,MTOR,CHEMBL2842,29205893,CHEMBL6121104,B,Ki,=,20,nM,7.7,CHEMBL6120936,10.1016/j.ejmech.2024.116688,39033611,,present,NO,2026-07-23 ChEMBL REST panel; dump rows use STANDARD_OK
PIK3CA/mTOR,PM48_01,CHEMBL573339,568342,B,MTOR,CHEMBL2842,29268895,CHEMBL6141369,B,IC50,=,84.3,nM,7.07,CHEMBL6134929,10.1021/acs.jmedchem.4c02799,40377111,,present,NO,2026-07-23 ChEMBL REST panel; dump rows use STANDARD_OK
PIK3CA/mTOR,PM48_02,CHEMBL1236962,699312,A,PIK3CA,CHEMBL4005,14553163,CHEMBL3223603,B,IC50,=,0.04,nM,10.4,CHEMBL3217752,10.1039/C2MD20044A,,,present,NO,2026-07-23 ChEMBL REST panel; dump rows use STANDARD_OK
PIK3CA/mTOR,PM48_02,CHEMBL1236962,699312,A,PIK3CA,CHEMBL4005,16468852,CHEMBL3768547,B,IC50,=,1.1,nM,8.96,CHEMBL3763019,10.1016/j.bmc.2016.01.008,26819001,,present,NO,2026-07-23 ChEMBL REST panel; dump rows use STANDARD_OK
PIK3CA/mTOR,PM48_02,CHEMBL1236962,699312,A,PIK3CA,CHEMBL4005,16790970,CHEMBL3867033,B,IC50,=,0.63,nM,9.2,CHEMBL3865829,10.1016/j.ejmech.2016.06.030,27448924,,present,NO,2026-07-23 ChEMBL REST panel; dump rows use STANDARD_OK
PIK3CA/mTOR,PM48_02,CHEMBL1236962,699312,A,PIK3CA,CHEMBL4005,18705821,CHEMBL4255945,B,IC50,=,0.55,nM,9.26,CHEMBL4251704,10.1021/acsmedchemlett.8b00002,29541370,,present,NO,2026-07-23 ChEMBL REST panel; dump rows use STANDARD_OK
PIK3CA/mTOR,PM48_02,CHEMBL1236962,699312,A,PIK3CA,CHEMBL4005,22392401,CHEMBL4667358,B,IC50,=,0.34,nM,9.47,CHEMBL4665651,10.1016/j.bmc.2019.04.024,31097403,,present,NO,2026-07-23 ChEMBL REST panel; dump rows use STANDARD_OK
PIK3CA/mTOR,PM48_02,CHEMBL1236962,699312,A,PIK3CA,CHEMBL4005,22926297,CHEMBL4737600,B,IC50,=,0.3,nM,9.52,CHEMBL4732196,10.1016/j.ejmech.2021.113249,33561608,,present,NO,2026-07-23 ChEMBL REST panel; dump rows use STANDARD_OK
PIK3CA/mTOR,PM48_02,CHEMBL1236962,699312,A,PIK3CA,CHEMBL4005,23198139,CHEMBL4820257,B,IC50,=,1,nM,9,CHEMBL4819017,10.1016/j.ejmech.2020.113109,33360802,,present,NO,2026-07-23 ChEMBL REST panel; dump rows use STANDARD_OK
PIK3CA/mTOR,PM48_02,CHEMBL1236962,699312,A,PIK3CA,CHEMBL4005,23317034,CHEMBL4845570,B,IC50,=,1.02,nM,8.99,CHEMBL4842397,10.1021/acsmedchemlett.1c00412,34795869,,present,NO,2026-07-23 ChEMBL REST panel; dump rows use STANDARD_OK
PIK3CA/mTOR,PM48_02,CHEMBL1236962,699312,A,PIK3CA,CHEMBL4005,24953809,CHEMBL5209975,B,IC50,=,0.41,nM,9.39,CHEMBL5209897,10.6019/CHEMBL5209897,,,present,NO,2026-07-23 ChEMBL REST panel; dump rows use STANDARD_OK
PIK3CA/mTOR,PM48_02,CHEMBL1236962,699312,A,PIK3CA,CHEMBL4005,24954276,CHEMBL5210394,B,Ki,=,0.019,nM,10.72,CHEMBL5210307,10.6019/CHEMBL5210307,,,present,YES,2026-07-23 ChEMBL REST panel; dump rows use STANDARD_OK
PIK3CA/mTOR,PM48_02,CHEMBL1236962,699312,A,PIK3CA,CHEMBL4005,25556709,CHEMBL5347393,B,Ki,=,0.02,nM,10.7,CHEMBL5346869,10.1016/j.ejmech.2022.114971,36462440,,present,NO,2026-07-23 ChEMBL REST panel; dump rows use STANDARD_OK
PIK3CA/mTOR,PM48_02,CHEMBL1236962,699312,A,PIK3CA,CHEMBL4005,25937313,CHEMBL5533396,B,IC50,=,0.019,nM,10.72,CHEMBL5532641,10.1016/j.ejmech.2023.115781,37669595,,present,YES,2026-07-23 ChEMBL REST panel; dump rows use STANDARD_OK
PIK3CA/mTOR,PM48_02,CHEMBL1236962,699312,A,PIK3CA,CHEMBL4005,25952291,CHEMBL5537423,B,IC50,=,0.04,nM,10.4,CHEMBL5537112,10.1016/j.ejmech.2023.115762,37683364,,present,NO,2026-07-23 ChEMBL REST panel; dump rows use STANDARD_OK
PIK3CA/mTOR,PM48_02,CHEMBL1236962,699312,A,PIK3CA,CHEMBL4005,26224985,CHEMBL5654100,B,IC50,=,1,nM,9,CHEMBL5653604,10.1038/aps.2010.150,20729870,,present,NO,2026-07-23 ChEMBL REST panel; dump rows use STANDARD_OK
PIK3CA/mTOR,PM48_02,CHEMBL1236962,699312,A,PIK3CA,CHEMBL4005,26228516,CHEMBL5657142,B,IC50,=,0.04,nM,10.4,CHEMBL5653618,10.1021/ml900028r,24900173,,present,NO,2026-07-23 ChEMBL REST panel; dump rows use STANDARD_OK
PIK3CA/mTOR,PM48_02,CHEMBL1236962,699312,A,PIK3CA,CHEMBL4005,26228535,CHEMBL5657145,B,Ki,=,0.019,nM,10.72,CHEMBL5653618,10.1021/ml900028r,24900173,,present,YES,2026-07-23 ChEMBL REST panel; dump rows use STANDARD_OK
PIK3CA/mTOR,PM48_02,CHEMBL1236962,699312,A,PIK3CA,CHEMBL4005,26332543,CHEMBL5720951,B,EC50,=,0.04,nM,10.4,CHEMBL5715955,10.1021/acs.biochem.7b00413,28719179,,present,NO,2026-07-23 ChEMBL REST panel; dump rows use STANDARD_OK
PIK3CA/mTOR,PM48_02,CHEMBL1236962,699312,A,PIK3CA,CHEMBL4005,26332544,CHEMBL5720951,B,Ki,=,0.019,nM,10.72,CHEMBL5715955,10.1021/acs.biochem.7b00413,28719179,,present,YES,2026-07-23 ChEMBL REST panel; dump rows use STANDARD_OK
PIK3CA/mTOR,PM48_02,CHEMBL1236962,699312,B,MTOR,CHEMBL2842,16470054,CHEMBL3766570,B,IC50,=,0.3,nM,9.52,CHEMBL3763019,10.1016/j.bmc.2016.01.008,26819001,,present,NO,2026-07-23 ChEMBL REST panel; dump rows use STANDARD_OK
PIK3CA/mTOR,PM48_02,CHEMBL1236962,699312,B,MTOR,CHEMBL2842,16790975,CHEMBL3867034,B,IC50,=,0.31,nM,9.51,CHEMBL3865829,10.1016/j.ejmech.2016.06.030,27448924,,present,NO,2026-07-23 ChEMBL REST panel; dump rows use STANDARD_OK
PIK3CA/mTOR,PM48_02,CHEMBL1236962,699312,B,MTOR,CHEMBL2842,18104853,CHEMBL4022584,B,IC50,=,0.18,nM,9.74,CHEMBL4020805,10.1016/j.bmcl.2017.05.044,28571824,,present,YES,2026-07-23 ChEMBL REST panel; dump rows use STANDARD_OK
PIK3CA/mTOR,PM48_02,CHEMBL1236962,699312,B,MTOR,CHEMBL2842,18705815,CHEMBL4255949,B,IC50,=,0.68,nM,9.17,CHEMBL4251704,10.1021/acsmedchemlett.8b00002,29541370,,present,NO,2026-07-23 ChEMBL REST panel; dump rows use STANDARD_OK
PIK3CA/mTOR,PM48_02,CHEMBL1236962,699312,B,MTOR,CHEMBL2842,22926305,CHEMBL4737601,B,IC50,=,0.34,nM,9.47,CHEMBL4732196,10.1016/j.ejmech.2021.113249,33561608,,present,NO,2026-07-23 ChEMBL REST panel; dump rows use STANDARD_OK
PIK3CA/mTOR,PM48_02,CHEMBL1236962,699312,B,MTOR,CHEMBL2842,23198170,CHEMBL4820258,B,IC50,=,1.2,nM,8.92,CHEMBL4819017,10.1016/j.ejmech.2020.113109,33360802,,present,NO,2026-07-23 ChEMBL REST panel; dump rows use STANDARD_OK
PIK3CA/mTOR,PM48_02,CHEMBL1236962,699312,B,MTOR,CHEMBL2842,23317058,CHEMBL4845571,B,IC50,=,1.25,nM,8.9,CHEMBL4842397,10.1021/acsmedchemlett.1c00412,34795869,,present,NO,2026-07-23 ChEMBL REST panel; dump rows use STANDARD_OK
PIK3CA/mTOR,PM48_03,CHEMBL592445,596528,A,PIK3CA,CHEMBL4005,3120627,CHEMBL1065055,B,IC50,=,0.4,nM,9.4,CHEMBL1157610,10.1021/jm901830p,20166697,,present,YES,2026-07-23 ChEMBL REST panel; dump rows use STANDARD_OK
PIK3CA/mTOR,PM48_03,CHEMBL592445,596528,A,PIK3CA,CHEMBL4005,3121472,CHEMBL1065062,B,IC50,=,0.6,nM,9.22,CHEMBL1157610,10.1021/jm901830p,20166697,,present,NO,2026-07-23 ChEMBL REST panel; dump rows use STANDARD_OK
PIK3CA/mTOR,PM48_03,CHEMBL592445,596528,A,PIK3CA,CHEMBL4005,3121473,CHEMBL1065063,B,IC50,=,0.6,nM,9.22,CHEMBL1157610,10.1021/jm901830p,20166697,,present,NO,2026-07-23 ChEMBL REST panel; dump rows use STANDARD_OK
PIK3CA/mTOR,PM48_03,CHEMBL592445,596528,A,PIK3CA,CHEMBL4005,6292474,CHEMBL1810228,B,IC50,=,0.4,nM,9.4,CHEMBL1806467,10.1016/j.bmcl.2011.06.063,21763134,,present,YES,2026-07-23 ChEMBL REST panel; dump rows use STANDARD_OK
PIK3CA/mTOR,PM48_03,CHEMBL592445,596528,A,PIK3CA,CHEMBL4005,14553165,CHEMBL3223603,B,IC50,=,0.4,nM,9.4,CHEMBL3217752,10.1039/C2MD20044A,,,present,YES,2026-07-23 ChEMBL REST panel; dump rows use STANDARD_OK
PIK3CA/mTOR,PM48_03,CHEMBL592445,596528,A,PIK3CA,CHEMBL4005,18088186,CHEMBL4019279,B,Kd,=,1,nM,9,CHEMBL4017506,10.1021/acs.jmedchem.7b00930,28829592,,present,NO,2026-07-23 ChEMBL REST panel; dump rows use STANDARD_OK
PIK3CA/mTOR,PM48_03,CHEMBL592445,596528,A,PIK3CA,CHEMBL4005,18861747,CHEMBL4308950,B,IC50,=,0.4,nM,9.4,CHEMBL4308824,10.1021/acs.jmedchem.7b01019,29211480,,present,YES,2026-07-23 ChEMBL REST panel; dump rows use STANDARD_OK
PIK3CA/mTOR,PM48_03,CHEMBL592445,596528,A,PIK3CA,CHEMBL4005,22488615,CHEMBL4689246,B,IC50,=,6.04,nM,8.22,CHEMBL4680347,10.1016/j.bmc.2021.115997,33440319,,present,NO,2026-07-23 ChEMBL REST panel; dump rows use STANDARD_OK
PIK3CA/mTOR,PM48_03,CHEMBL592445,596528,A,PIK3CA,CHEMBL4005,24417632,CHEMBL5047786,B,IC50,=,6,nM,8.22,CHEMBL5046253,10.1016/j.ejmech.2021.114055,34971874,,present,NO,2026-07-23 ChEMBL REST panel; dump rows use STANDARD_OK
PIK3CA/mTOR,PM48_03,CHEMBL592445,596528,A,PIK3CA,CHEMBL4005,24773328,CHEMBL5127274,B,IC50,=,0.4,nM,9.4,CHEMBL5126514,10.1016/j.ejmech.2021.114039,34894440,,present,YES,2026-07-23 ChEMBL REST panel; dump rows use STANDARD_OK
PIK3CA/mTOR,PM48_03,CHEMBL592445,596528,A,PIK3CA,CHEMBL4005,25892699,CHEMBL5519924,B,IC50,=,0.4,nM,9.4,CHEMBL5518190,10.1016/j.ejmech.2023.116109,38183777,,present,YES,2026-07-23 ChEMBL REST panel; dump rows use STANDARD_OK
PIK3CA/mTOR,PM48_03,CHEMBL592445,596528,A,PIK3CA,CHEMBL4005,25987006,CHEMBL5548922,B,IC50,=,6,nM,8.22,CHEMBL5543164,10.1021/acs.jmedchem.4c00173,38661655,,present,NO,2026-07-23 ChEMBL REST panel; dump rows use STANDARD_OK
PIK3CA/mTOR,PM48_03,CHEMBL592445,596528,A,PIK3CA,CHEMBL4005,29217254,CHEMBL6124328,B,IC50,=,6,nM,8.22,CHEMBL6121003,10.1016/j.ejmech.2024.117200,39733482,,present,NO,2026-07-23 ChEMBL REST panel; dump rows use STANDARD_OK
PIK3CA/mTOR,PM48_03,CHEMBL592445,596528,B,MTOR,CHEMBL2842,3120673,CHEMBL1065057,B,IC50,=,1.6,nM,8.8,CHEMBL1157610,10.1021/jm901830p,20166697,,present,NO,2026-07-23 ChEMBL REST panel; dump rows use STANDARD_OK
PIK3CA/mTOR,PM48_03,CHEMBL592445,596528,B,MTOR,CHEMBL2842,6292512,CHEMBL1810297,B,IC50,=,0.4,nM,9.4,CHEMBL1806467,10.1016/j.bmcl.2011.06.063,21763134,,present,YES,2026-07-23 ChEMBL REST panel; dump rows use STANDARD_OK
PIK3CA/mTOR,PM48_03,CHEMBL592445,596528,B,MTOR,CHEMBL2842,14553164,CHEMBL3223610,B,IC50,=,1.6,nM,8.8,CHEMBL3217752,10.1039/C2MD20044A,,,present,NO,2026-07-23 ChEMBL REST panel; dump rows use STANDARD_OK
PIK3CA/mTOR,PM48_03,CHEMBL592445,596528,B,MTOR,CHEMBL2842,18088210,CHEMBL4019283,B,Kd,=,0.94,nM,9.03,CHEMBL4017506,10.1021/acs.jmedchem.7b00930,28829592,,present,NO,2026-07-23 ChEMBL REST panel; dump rows use STANDARD_OK
PIK3CA/mTOR,PM48_03,CHEMBL592445,596528,B,MTOR,CHEMBL2842,18861743,CHEMBL4308954,B,IC50,=,1,nM,9,CHEMBL4308824,10.1021/acs.jmedchem.7b01019,29211480,,present,NO,2026-07-23 ChEMBL REST panel; dump rows use STANDARD_OK
PIK3CA/mTOR,PM48_03,CHEMBL592445,596528,B,MTOR,CHEMBL2842,22488635,CHEMBL4689247,B,IC50,=,2.5,nM,8.6,CHEMBL4680347,10.1016/j.bmc.2021.115997,33440319,,present,NO,2026-07-23 ChEMBL REST panel; dump rows use STANDARD_OK
PIK3CA/mTOR,PM48_03,CHEMBL592445,596528,B,MTOR,CHEMBL2842,24417659,CHEMBL5047787,B,IC50,=,2.1,nM,8.68,CHEMBL5046253,10.1016/j.ejmech.2021.114055,34971874,,present,NO,2026-07-23 ChEMBL REST panel; dump rows use STANDARD_OK
PIK3CA/mTOR,PM48_03,CHEMBL592445,596528,B,MTOR,CHEMBL2842,24773357,CHEMBL5127278,B,IC50,=,1.6,nM,8.8,CHEMBL5126514,10.1016/j.ejmech.2021.114039,34894440,,present,NO,2026-07-23 ChEMBL REST panel; dump rows use STANDARD_OK
PIK3CA/mTOR,PM48_03,CHEMBL592445,596528,B,MTOR,CHEMBL2842,25872952,CHEMBL5513492,B,IC50,=,0.4,nM,9.4,CHEMBL5512615,10.1016/j.ejmech.2023.116117,38295689,,present,YES,2026-07-23 ChEMBL REST panel; dump rows use STANDARD_OK
PIK3CA/mTOR,PM48_03,CHEMBL592445,596528,B,MTOR,CHEMBL2842,25987025,CHEMBL5548923,B,IC50,=,2.1,nM,8.68,CHEMBL5543164,10.1021/acs.jmedchem.4c00173,38661655,,present,NO,2026-07-23 ChEMBL REST panel; dump rows use STANDARD_OK
PIK3CA/mTOR,PM48_04,CHEMBL1879463,1220034,A,PIK3CA,CHEMBL4005,14553265,CHEMBL3223603,B,IC50,=,4,nM,8.4,CHEMBL3217752,10.1039/C2MD20044A,,,present,NO,2026-07-23 ChEMBL REST panel; dump rows use STANDARD_OK
PIK3CA/mTOR,PM48_04,CHEMBL1879463,1220034,A,PIK3CA,CHEMBL4005,14743600,CHEMBL3293768,B,IC50,=,20,nM,7.7,CHEMBL3286093,10.1021/jm500361r,24805946,,present,NO,2026-07-23 ChEMBL REST panel; dump rows use STANDARD_OK
PIK3CA/mTOR,PM48_04,CHEMBL1879463,1220034,A,PIK3CA,CHEMBL4005,15608227,CHEMBL3579761,B,IC50,=,6.2,nM,8.21,CHEMBL3576869,10.1021/ml5005014,25893045,,present,NO,2026-07-23 ChEMBL REST panel; dump rows use STANDARD_OK
PIK3CA/mTOR,PM48_04,CHEMBL1879463,1220034,A,PIK3CA,CHEMBL4005,15669862,CHEMBL3602201,B,IC50,=,54,nM,7.27,CHEMBL3600364,10.1016/j.bmc.2015.07.017,26210161,,present,NO,2026-07-23 ChEMBL REST panel; dump rows use STANDARD_OK
PIK3CA/mTOR,PM48_04,CHEMBL1879463,1220034,A,PIK3CA,CHEMBL4005,16517055,CHEMBL3784495,B,IC50,=,35,nM,7.46,CHEMBL3779897,10.1039/C5MD00401B,,,present,NO,2026-07-23 ChEMBL REST panel; dump rows use STANDARD_OK
PIK3CA/mTOR,PM48_04,CHEMBL1879463,1220034,A,PIK3CA,CHEMBL4005,16756883,CHEMBL3861269,B,IC50,=,7,nM,8.15,CHEMBL3860068,10.1021/acs.jmedchem.6b00963,27644332,,present,NO,2026-07-23 ChEMBL REST panel; dump rows use STANDARD_OK
PIK3CA/mTOR,PM48_04,CHEMBL1879463,1220034,A,PIK3CA,CHEMBL4005,17750149,CHEMBL3888152,B,IC50,=,32.5,nM,7.49,CHEMBL3886601,,,US-9284315-B2,present,NO,2026-07-23 ChEMBL REST panel; dump rows use STANDARD_OK
PIK3CA/mTOR,PM48_04,CHEMBL1879463,1220034,A,PIK3CA,CHEMBL4005,18536354,CHEMBL4196435,B,IC50,=,16.4,nM,7.79,CHEMBL4196007,10.1016/j.ejmech.2018.01.081,29407971,,present,NO,2026-07-23 ChEMBL REST panel; dump rows use STANDARD_OK
PIK3CA/mTOR,PM48_04,CHEMBL1879463,1220034,A,PIK3CA,CHEMBL4005,18664638,CHEMBL4233123,B,IC50,=,16.4,nM,7.79,CHEMBL4229415,10.1016/j.bmc.2018.06.022,29937355,,present,NO,2026-07-23 ChEMBL REST panel; dump rows use STANDARD_OK
PIK3CA/mTOR,PM48_04,CHEMBL1879463,1220034,A,PIK3CA,CHEMBL4005,18664818,CHEMBL4233143,B,IC50,=,30,nM,7.52,CHEMBL4229417,10.1016/j.bmc.2018.06.025,29945756,,present,NO,2026-07-23 ChEMBL REST panel; dump rows use STANDARD_OK
PIK3CA/mTOR,PM48_04,CHEMBL1879463,1220034,A,PIK3CA,CHEMBL4005,18673657,CHEMBL4235174,B,IC50,=,4,nM,8.4,CHEMBL4229497,10.1016/j.bmc.2018.07.047,30077608,,present,NO,2026-07-23 ChEMBL REST panel; dump rows use STANDARD_OK
PIK3CA/mTOR,PM48_04,CHEMBL1879463,1220034,A,PIK3CA,CHEMBL4005,18771191,CHEMBL4268350,B,EC50,=,40,nM,7.4,CHEMBL4265945,10.1016/j.ejmech.2018.09.002,30245395,,present,NO,2026-07-23 ChEMBL REST panel; dump rows use STANDARD_OK
PIK3CA/mTOR,PM48_04,CHEMBL1879463,1220034,A,PIK3CA,CHEMBL4005,19078291,CHEMBL4363188,B,IC50,=,11,nM,7.96,CHEMBL4359902,10.1016/j.ejmech.2019.111630,31446244,,present,NO,2026-07-23 ChEMBL REST panel; dump rows use STANDARD_OK
PIK3CA/mTOR,PM48_04,CHEMBL1879463,1220034,A,PIK3CA,CHEMBL4005,19434323,CHEMBL4430040,B,IC50,=,17,nM,7.77,CHEMBL4428080,10.1021/acsmedchemlett.6b00119,27563400,,present,NO,2026-07-23 ChEMBL REST panel; dump rows use STANDARD_OK
PIK3CA/mTOR,PM48_04,CHEMBL1879463,1220034,A,PIK3CA,CHEMBL4005,19479792,CHEMBL4480258,B,IC50,=,89,nM,7.05,CHEMBL4477271,10.1016/j.bmcl.2016.08.015,27544401,,present,NO,2026-07-23 ChEMBL REST panel; dump rows use STANDARD_OK
PIK3CA/mTOR,PM48_04,CHEMBL1879463,1220034,A,PIK3CA,CHEMBL4005,22800353,CHEMBL4711319,A,IC50,=,49.2,nM,7.31,CHEMBL4706599,10.1016/j.ejmech.2020.112865,32987316,,present,NO,2026-07-23 ChEMBL REST panel; dump rows use STANDARD_OK
PIK3CA/mTOR,PM48_04,CHEMBL1879463,1220034,A,PIK3CA,CHEMBL4005,24718495,CHEMBL5112158,B,IC50,=,28.7,nM,7.54,CHEMBL5108059,10.1021/acs.jmedchem.2c00572,36191148,,present,NO,2026-07-23 ChEMBL REST panel; dump rows use STANDARD_OK
PIK3CA/mTOR,PM48_04,CHEMBL1879463,1220034,A,PIK3CA,CHEMBL4005,24773326,CHEMBL5127274,B,IC50,=,4,nM,8.4,CHEMBL5126514,10.1016/j.ejmech.2021.114039,34894440,,present,NO,2026-07-23 ChEMBL REST panel; dump rows use STANDARD_OK
PIK3CA/mTOR,PM48_04,CHEMBL1879463,1220034,A,PIK3CA,CHEMBL4005,24788885,CHEMBL5131843,B,IC50,=,4,nM,8.4,CHEMBL5131375,10.1021/acs.jmedchem.0c01467,33539089,,present,NO,2026-07-23 ChEMBL REST panel; dump rows use STANDARD_OK
PIK3CA/mTOR,PM48_04,CHEMBL1879463,1220034,A,PIK3CA,CHEMBL4005,24978773,CHEMBL5225434,B,IC50,=,4,nM,8.4,CHEMBL5223150,10.1021/acs.jmedchem.2c01070,36503229,,present,NO,2026-07-23 ChEMBL REST panel; dump rows use STANDARD_OK
PIK3CA/mTOR,PM48_04,CHEMBL1879463,1220034,A,PIK3CA,CHEMBL4005,24995793,CHEMBL5231739,B,IC50,=,4,nM,8.4,CHEMBL5230127,10.1016/j.ejmech.2020.112820,32966896,,present,NO,2026-07-23 ChEMBL REST panel; dump rows use STANDARD_OK
PIK3CA/mTOR,PM48_04,CHEMBL1879463,1220034,A,PIK3CA,CHEMBL4005,25556714,CHEMBL5347398,B,IC50,=,4,nM,8.4,CHEMBL5346869,10.1016/j.ejmech.2022.114971,36462440,,present,NO,2026-07-23 ChEMBL REST panel; dump rows use STANDARD_OK
PIK3CA/mTOR,PM48_04,CHEMBL1879463,1220034,A,PIK3CA,CHEMBL4005,25847801,CHEMBL5505638,B,IC50,=,1.4,nM,8.85,CHEMBL5500428,10.1021/acs.jmedchem.4c01120,39007759,,present,YES,2026-07-23 ChEMBL REST panel; dump rows use STANDARD_OK
PIK3CA/mTOR,PM48_04,CHEMBL1879463,1220034,A,PIK3CA,CHEMBL4005,25892706,CHEMBL5519924,B,IC50,=,4,nM,8.4,CHEMBL5518190,10.1016/j.ejmech.2023.116109,38183777,,present,NO,2026-07-23 ChEMBL REST panel; dump rows use STANDARD_OK
PIK3CA/mTOR,PM48_04,CHEMBL1879463,1220034,A,PIK3CA,CHEMBL4005,26139404,CHEMBL5622308,B,IC50,=,19.32,nM,7.71,CHEMBL5620391,10.1016/j.ejmech.2023.115543,37329712,,present,NO,2026-07-23 ChEMBL REST panel; dump rows use STANDARD_OK
PIK3CA/mTOR,PM48_04,CHEMBL1879463,1220034,A,PIK3CA,CHEMBL4005,26224982,CHEMBL5654100,B,IC50,=,4,nM,8.4,CHEMBL5653604,10.1038/aps.2010.150,20729870,,present,NO,2026-07-23 ChEMBL REST panel; dump rows use STANDARD_OK
PIK3CA/mTOR,PM48_04,CHEMBL1879463,1220034,A,PIK3CA,CHEMBL4005,26228517,CHEMBL5657142,B,IC50,=,6,nM,8.22,CHEMBL5653618,10.1021/ml900028r,24900173,,present,NO,2026-07-23 ChEMBL REST panel; dump rows use STANDARD_OK
PIK3CA/mTOR,PM48_04,CHEMBL1879463,1220034,B,MTOR,CHEMBL2842,14553289,CHEMBL3223610,B,IC50,=,21,nM,7.68,CHEMBL3217752,10.1039/C2MD20044A,,,present,NO,2026-07-23 ChEMBL REST panel; dump rows use STANDARD_OK
PIK3CA/mTOR,PM48_04,CHEMBL1879463,1220034,B,MTOR,CHEMBL2842,14743595,CHEMBL3291527,B,IC50,=,5,nM,8.3,CHEMBL3286093,10.1021/jm500361r,24805946,,present,NO,2026-07-23 ChEMBL REST panel; dump rows use STANDARD_OK
PIK3CA/mTOR,PM48_04,CHEMBL1879463,1220034,B,MTOR,CHEMBL2842,15608265,CHEMBL3579762,B,IC50,=,11.5,nM,7.94,CHEMBL3576869,10.1021/ml5005014,25893045,,present,NO,2026-07-23 ChEMBL REST panel; dump rows use STANDARD_OK
PIK3CA/mTOR,PM48_04,CHEMBL1879463,1220034,B,MTOR,CHEMBL2842,15669874,CHEMBL3602347,B,IC50,=,89,nM,7.05,CHEMBL3600364,10.1016/j.bmc.2015.07.017,26210161,,present,NO,2026-07-23 ChEMBL REST panel; dump rows use STANDARD_OK
PIK3CA/mTOR,PM48_04,CHEMBL1879463,1220034,B,MTOR,CHEMBL2842,16390968,CHEMBL3738862,B,IC50,=,21,nM,7.68,CHEMBL3734757,10.1016/j.bmc.2015.11.003,26596710,,present,NO,2026-07-23 ChEMBL REST panel; dump rows use STANDARD_OK
PIK3CA/mTOR,PM48_04,CHEMBL1879463,1220034,B,MTOR,CHEMBL2842,16516383,CHEMBL3784491,B,IC50,=,21,nM,7.68,CHEMBL3779897,10.1039/C5MD00401B,,,present,NO,2026-07-23 ChEMBL REST panel; dump rows use STANDARD_OK
PIK3CA/mTOR,PM48_04,CHEMBL1879463,1220034,B,MTOR,CHEMBL2842,16756885,CHEMBL3861272,B,IC50,=,2,nM,8.7,CHEMBL3860068,10.1021/acs.jmedchem.6b00963,27644332,,present,NO,2026-07-23 ChEMBL REST panel; dump rows use STANDARD_OK
PIK3CA/mTOR,PM48_04,CHEMBL1879463,1220034,B,MTOR,CHEMBL2842,16801272,CHEMBL3868759,B,IC50,=,21,nM,7.68,CHEMBL3868583,10.1016/j.ejmech.2016.07.006,27479483,,present,NO,2026-07-23 ChEMBL REST panel; dump rows use STANDARD_OK
PIK3CA/mTOR,PM48_04,CHEMBL1879463,1220034,B,MTOR,CHEMBL2842,17750165,CHEMBL3888153,B,IC50,=,3.23,nM,8.49,CHEMBL3886601,,,US-9284315-B2,present,NO,2026-07-23 ChEMBL REST panel; dump rows use STANDARD_OK
PIK3CA/mTOR,PM48_04,CHEMBL1879463,1220034,B,MTOR,CHEMBL2842,17957628,CHEMBL3993907,B,IC50,=,20.74,nM,7.68,CHEMBL3992539,10.1016/j.ejmech.2017.01.016,28109945,,present,NO,2026-07-23 ChEMBL REST panel; dump rows use STANDARD_OK
PIK3CA/mTOR,PM48_04,CHEMBL1879463,1220034,B,MTOR,CHEMBL2842,17992818,CHEMBL4000385,B,IC50,=,97,nM,7.01,CHEMBL4000150,10.1016/j.bmc.2015.11.027,26652969,,present,NO,2026-07-23 ChEMBL REST panel; dump rows use STANDARD_OK
PIK3CA/mTOR,PM48_04,CHEMBL1879463,1220034,B,MTOR,CHEMBL2842,18673665,CHEMBL4235179,B,IC50,=,6,nM,8.22,CHEMBL4229497,10.1016/j.bmc.2018.07.047,30077608,,present,NO,2026-07-23 ChEMBL REST panel; dump rows use STANDARD_OK
PIK3CA/mTOR,PM48_04,CHEMBL1879463,1220034,B,MTOR,CHEMBL2842,19078359,CHEMBL4363193,B,IC50,=,12,nM,7.92,CHEMBL4359902,10.1016/j.ejmech.2019.111630,31446244,,present,NO,2026-07-23 ChEMBL REST panel; dump rows use STANDARD_OK
PIK3CA/mTOR,PM48_04,CHEMBL1879463,1220034,B,MTOR,CHEMBL2842,19091463,CHEMBL4366252,B,IC50,=,1.43,nM,8.85,CHEMBL4364276,10.1016/j.ejmech.2019.06.021,31228810,,present,NO,2026-07-23 ChEMBL REST panel; dump rows use STANDARD_OK
PIK3CA/mTOR,PM48_04,CHEMBL1879463,1220034,B,MTOR,CHEMBL2842,19207774,CHEMBL4392573,B,IC50,=,14,nM,7.85,CHEMBL4390691,10.1016/j.bmcl.2019.04.007,30975623,,present,NO,2026-07-23 ChEMBL REST panel; dump rows use STANDARD_OK
PIK3CA/mTOR,PM48_04,CHEMBL1879463,1220034,B,MTOR,CHEMBL2842,19434387,CHEMBL4430046,B,IC50,=,6,nM,8.22,CHEMBL4428080,10.1021/acsmedchemlett.6b00119,27563400,,present,NO,2026-07-23 ChEMBL REST panel; dump rows use STANDARD_OK
PIK3CA/mTOR,PM48_04,CHEMBL1879463,1220034,B,MTOR,CHEMBL2842,20681617,CHEMBL4623295,B,IC50,=,20.7,nM,7.68,CHEMBL4622845,10.1021/acs.jmedchem.9b02038,32324396,,present,NO,2026-07-23 ChEMBL REST panel; dump rows use STANDARD_OK
PIK3CA/mTOR,PM48_04,CHEMBL1879463,1220034,B,MTOR,CHEMBL2842,23168153,CHEMBL4813534,B,IC50,=,54,nM,7.27,CHEMBL4811304,10.1016/j.bmcl.2021.128204,34139324,,present,NO,2026-07-23 ChEMBL REST panel; dump rows use STANDARD_OK
PIK3CA/mTOR,PM48_04,CHEMBL1879463,1220034,B,MTOR,CHEMBL2842,24718452,CHEMBL5112157,B,IC50,=,23.7,nM,7.62,CHEMBL5108059,10.1021/acs.jmedchem.2c00572,36191148,,present,NO,2026-07-23 ChEMBL REST panel; dump rows use STANDARD_OK
PIK3CA/mTOR,PM48_04,CHEMBL1879463,1220034,B,MTOR,CHEMBL2842,24773356,CHEMBL5127278,B,IC50,=,20.7,nM,7.68,CHEMBL5126514,10.1016/j.ejmech.2021.114039,34894440,,present,NO,2026-07-23 ChEMBL REST panel; dump rows use STANDARD_OK
PIK3CA/mTOR,PM48_04,CHEMBL1879463,1220034,B,MTOR,CHEMBL2842,24817280,CHEMBL5138978,B,IC50,=,1.9,nM,8.72,CHEMBL5137017,10.1021/acs.jmedchem.2c00267,35500094,,present,NO,2026-07-23 ChEMBL REST panel; dump rows use STANDARD_OK
PIK3CA/mTOR,PM48_04,CHEMBL1879463,1220034,B,MTOR,CHEMBL2842,24817415,CHEMBL5138982,B,IC50,=,8.6,nM,8.07,CHEMBL5137017,10.1021/acs.jmedchem.2c00267,35500094,,present,NO,2026-07-23 ChEMBL REST panel; dump rows use STANDARD_OK
PIK3CA/mTOR,PM48_04,CHEMBL1879463,1220034,B,MTOR,CHEMBL2842,24978777,CHEMBL5225438,B,IC50,=,6,nM,8.22,CHEMBL5223150,10.1021/acs.jmedchem.2c01070,36503229,,present,NO,2026-07-23 ChEMBL REST panel; dump rows use STANDARD_OK
PIK3CA/mTOR,PM48_04,CHEMBL1879463,1220034,B,MTOR,CHEMBL2842,24995797,CHEMBL5231743,B,IC50,=,20.7,nM,7.68,CHEMBL5230127,10.1016/j.ejmech.2020.112820,32966896,,present,NO,2026-07-23 ChEMBL REST panel; dump rows use STANDARD_OK
PIK3CA/mTOR,PM48_04,CHEMBL1879463,1220034,B,MTOR,CHEMBL2842,25044916,CHEMBL5245700,B,IC50,=,20,nM,7.7,CHEMBL5244238,10.1016/j.ejmech.2020.112391,32416459,,present,NO,2026-07-23 ChEMBL REST panel; dump rows use STANDARD_OK
PIK3CA/mTOR,PM48_04,CHEMBL1879463,1220034,B,MTOR,CHEMBL2842,25556660,CHEMBL5347353,B,IC50,=,20.7,nM,7.68,CHEMBL5346869,10.1016/j.ejmech.2022.114971,36462440,,present,NO,2026-07-23 ChEMBL REST panel; dump rows use STANDARD_OK
PIK3CA/mTOR,PM48_04,CHEMBL1879463,1220034,B,MTOR,CHEMBL2842,25570174,CHEMBL5351023,B,IC50,=,2,nM,8.7,CHEMBL5346961,10.1021/acs.jmedchem.3c00082,37438997,,present,NO,2026-07-23 ChEMBL REST panel; dump rows use STANDARD_OK
PIK3CA/mTOR,PM48_04,CHEMBL1879463,1220034,B,MTOR,CHEMBL2842,25847896,CHEMBL5505639,B,IC50,=,4.3,nM,8.37,CHEMBL5500428,10.1021/acs.jmedchem.4c01120,39007759,,present,NO,2026-07-23 ChEMBL REST panel; dump rows use STANDARD_OK
PIK3CA/mTOR,PM48_04,CHEMBL1879463,1220034,B,MTOR,CHEMBL2842,25874427,CHEMBL5514045,B,IC50,=,20.7,nM,7.68,CHEMBL5512630,10.1016/j.ejmech.2024.116273,38432059,,present,NO,2026-07-23 ChEMBL REST panel; dump rows use STANDARD_OK
PIK3CA/mTOR,PM48_04,CHEMBL1879463,1220034,B,MTOR,CHEMBL2842,26139402,CHEMBL5622307,B,IC50,=,0.45,nM,9.35,CHEMBL5620391,10.1016/j.ejmech.2023.115543,37329712,,present,YES,2026-07-23 ChEMBL REST panel; dump rows use STANDARD_OK
PIK3CA/mTOR,PM48_04,CHEMBL1879463,1220034,B,MTOR,CHEMBL2842,29294709,CHEMBL6178930,B,IC50,=,119,nM,6.92,CHEMBL6177937,10.1039/d4md00462k,39345714,,present,NO,2026-07-23 ChEMBL REST panel; dump rows use STANDARD_OK
PIK3CA/mTOR,PM48_05,CHEMBL521851,470511,A,PIK3CA,CHEMBL4005,2360312,CHEMBL967868,B,IC50,=,3,nM,8.52,CHEMBL1140078,10.1021/jm800295d,18754654,,present,NO,2026-07-23 ChEMBL REST panel; dump rows use STANDARD_OK
PIK3CA/mTOR,PM48_05,CHEMBL521851,470511,A,PIK3CA,CHEMBL4005,2360386,CHEMBL967868,B,Ki,=,10.2,nM,7.99,CHEMBL1140078,10.1021/jm800295d,18754654,,present,NO,2026-07-23 ChEMBL REST panel; dump rows use STANDARD_OK
PIK3CA/mTOR,PM48_05,CHEMBL521851,470511,A,PIK3CA,CHEMBL4005,2360393,CHEMBL967881,B,IC50,=,3,nM,8.52,CHEMBL1140078,10.1021/jm800295d,18754654,,present,NO,2026-07-23 ChEMBL REST panel; dump rows use STANDARD_OK
PIK3CA/mTOR,PM48_05,CHEMBL521851,470511,A,PIK3CA,CHEMBL4005,2360394,CHEMBL980850,B,IC50,=,3,nM,8.52,CHEMBL1140078,10.1021/jm800295d,18754654,,present,NO,2026-07-23 ChEMBL REST panel; dump rows use STANDARD_OK
PIK3CA/mTOR,PM48_05,CHEMBL521851,470511,A,PIK3CA,CHEMBL4005,3198747,CHEMBL1108625,B,IC50,=,3,nM,8.52,CHEMBL1154879,10.1021/jm901284w,20050669,,present,NO,2026-07-23 ChEMBL REST panel; dump rows use STANDARD_OK
PIK3CA/mTOR,PM48_05,CHEMBL521851,470511,A,PIK3CA,CHEMBL4005,3240843,CHEMBL1109706,B,IC50,=,3,nM,8.52,CHEMBL1156214,10.1016/j.bmcl.2010.03.046,20346656,,present,NO,2026-07-23 ChEMBL REST panel; dump rows use STANDARD_OK
PIK3CA/mTOR,PM48_05,CHEMBL521851,470511,A,PIK3CA,CHEMBL4005,3389808,CHEMBL1216940,B,IC50,=,3,nM,8.52,CHEMBL1212808,10.1038/nchembio.293,20081827,,present,NO,2026-07-23 ChEMBL REST panel; dump rows use STANDARD_OK
PIK3CA/mTOR,PM48_05,CHEMBL521851,470511,A,PIK3CA,CHEMBL4005,7586328,CHEMBL1908733,B,Kd,=,1.1,nM,8.96,CHEMBL1908390,10.1038/nbt.1990,22037378,,present,NO,2026-07-23 ChEMBL REST panel; dump rows use STANDARD_OK
PIK3CA/mTOR,PM48_05,CHEMBL521851,470511,A,PIK3CA,CHEMBL4005,7586329,CHEMBL1908734,B,Kd,=,1.5,nM,8.82,CHEMBL1908390,10.1038/nbt.1990,22037378,,present,NO,2026-07-23 ChEMBL REST panel; dump rows use STANDARD_OK
PIK3CA/mTOR,PM48_05,CHEMBL521851,470511,A,PIK3CA,CHEMBL4005,7586330,CHEMBL1908735,B,Kd,=,1.5,nM,8.82,CHEMBL1908390,10.1038/nbt.1990,22037378,,present,NO,2026-07-23 ChEMBL REST panel; dump rows use STANDARD_OK
PIK3CA/mTOR,PM48_05,CHEMBL521851,470511,A,PIK3CA,CHEMBL4005,7586331,CHEMBL1908736,B,Kd,=,0.86,nM,9.07,CHEMBL1908390,10.1038/nbt.1990,22037378,,present,NO,2026-07-23 ChEMBL REST panel; dump rows use STANDARD_OK
PIK3CA/mTOR,PM48_05,CHEMBL521851,470511,A,PIK3CA,CHEMBL4005,7586332,CHEMBL1908737,B,Kd,=,1.2,nM,8.92,CHEMBL1908390,10.1038/nbt.1990,22037378,,present,NO,2026-07-23 ChEMBL REST panel; dump rows use STANDARD_OK
PIK3CA/mTOR,PM48_05,CHEMBL521851,470511,A,PIK3CA,CHEMBL4005,7586333,CHEMBL1908738,B,Kd,=,3.7,nM,8.43,CHEMBL1908390,10.1038/nbt.1990,22037378,,present,NO,2026-07-23 ChEMBL REST panel; dump rows use STANDARD_OK
PIK3CA/mTOR,PM48_05,CHEMBL521851,470511,A,PIK3CA,CHEMBL4005,7586334,CHEMBL1908739,B,Kd,=,4.1,nM,8.39,CHEMBL1908390,10.1038/nbt.1990,22037378,,present,NO,2026-07-23 ChEMBL REST panel; dump rows use STANDARD_OK
PIK3CA/mTOR,PM48_05,CHEMBL521851,470511,A,PIK3CA,CHEMBL4005,7586335,CHEMBL1908740,B,Kd,=,7.1,nM,8.15,CHEMBL1908390,10.1038/nbt.1990,22037378,,present,NO,2026-07-23 ChEMBL REST panel; dump rows use STANDARD_OK
PIK3CA/mTOR,PM48_05,CHEMBL521851,470511,A,PIK3CA,CHEMBL4005,7586336,CHEMBL1908741,B,Kd,=,4.5,nM,8.35,CHEMBL1908390,10.1038/nbt.1990,22037378,,present,NO,2026-07-23 ChEMBL REST panel; dump rows use STANDARD_OK
PIK3CA/mTOR,PM48_05,CHEMBL521851,470511,A,PIK3CA,CHEMBL4005,7586337,CHEMBL1908742,B,Kd,=,1.7,nM,8.77,CHEMBL1908390,10.1038/nbt.1990,22037378,,present,NO,2026-07-23 ChEMBL REST panel; dump rows use STANDARD_OK
PIK3CA/mTOR,PM48_05,CHEMBL521851,470511,A,PIK3CA,CHEMBL4005,7947828,CHEMBL1925467,B,IC50,=,3,nM,8.52,CHEMBL1921798,10.1021/jm2009327,21981714,,present,NO,2026-07-23 ChEMBL REST panel; dump rows use STANDARD_OK
PIK3CA/mTOR,PM48_05,CHEMBL521851,470511,A,PIK3CA,CHEMBL4005,12104581,CHEMBL2174957,B,IC50,=,3,nM,8.52,CHEMBL2169748,10.1021/jm300717c,22877085,,present,NO,2026-07-23 ChEMBL REST panel; dump rows use STANDARD_OK
PIK3CA/mTOR,PM48_05,CHEMBL521851,470511,A,PIK3CA,CHEMBL4005,13312850,CHEMBL2383019,B,Ki,=,2.6,nM,8.59,CHEMBL2380305,10.1016/j.bmcl.2013.02.102,23540645,,present,NO,2026-07-23 ChEMBL REST panel; dump rows use STANDARD_OK
PIK3CA/mTOR,PM48_05,CHEMBL521851,470511,A,PIK3CA,CHEMBL4005,13313961,CHEMBL2388266,B,IC50,=,7,nM,8.15,CHEMBL2384988,10.1021/jm4003632,23662903,,present,NO,2026-07-23 ChEMBL REST panel; dump rows use STANDARD_OK
PIK3CA/mTOR,PM48_05,CHEMBL521851,470511,A,PIK3CA,CHEMBL4005,13313987,CHEMBL2388269,B,IC50,=,3,nM,8.52,CHEMBL2384988,10.1021/jm4003632,23662903,,present,NO,2026-07-23 ChEMBL REST panel; dump rows use STANDARD_OK
PIK3CA/mTOR,PM48_05,CHEMBL521851,470511,A,PIK3CA,CHEMBL4005,14553335,CHEMBL3223603,B,IC50,=,3,nM,8.52,CHEMBL3217752,10.1039/C2MD20044A,,,present,NO,2026-07-23 ChEMBL REST panel; dump rows use STANDARD_OK
PIK3CA/mTOR,PM48_05,CHEMBL521851,470511,A,PIK3CA,CHEMBL4005,15056619,CHEMBL3371128,B,IC50,=,3,nM,8.52,CHEMBL3352345,10.1016/j.ejmech.2014.07.099,25086238,,present,NO,2026-07-23 ChEMBL REST panel; dump rows use STANDARD_OK
PIK3CA/mTOR,PM48_05,CHEMBL521851,470511,A,PIK3CA,CHEMBL4005,15136036,CHEMBL3387483,B,IC50,=,3,nM,8.52,CHEMBL3351335,10.1016/j.ejmech.2014.10.022,25440879,,present,NO,2026-07-23 ChEMBL REST panel; dump rows use STANDARD_OK
PIK3CA/mTOR,PM48_05,CHEMBL521851,470511,A,PIK3CA,CHEMBL4005,16552995,CHEMBL3795348,B,IC50,=,3,nM,8.52,CHEMBL3792291,10.1016/j.ejmech.2016.03.033,27043268,,present,NO,2026-07-23 ChEMBL REST panel; dump rows use STANDARD_OK
PIK3CA/mTOR,PM48_05,CHEMBL521851,470511,A,PIK3CA,CHEMBL4005,16617344,CHEMBL3815458,B,IC50,=,3,nM,8.52,CHEMBL3813678,10.1016/j.bmc.2016.06.032,27353887,,present,NO,2026-07-23 ChEMBL REST panel; dump rows use STANDARD_OK
PIK3CA/mTOR,PM48_05,CHEMBL521851,470511,A,PIK3CA,CHEMBL4005,16756912,CHEMBL3861254,B,IC50,=,7,nM,8.15,CHEMBL3860068,10.1021/acs.jmedchem.6b00963,27644332,,present,NO,2026-07-23 ChEMBL REST panel; dump rows use STANDARD_OK
PIK3CA/mTOR,PM48_05,CHEMBL521851,470511,A,PIK3CA,CHEMBL4005,18088188,CHEMBL4019279,B,Kd,=,0.76,nM,9.12,CHEMBL4017506,10.1021/acs.jmedchem.7b00930,28829592,,present,NO,2026-07-23 ChEMBL REST panel; dump rows use STANDARD_OK
PIK3CA/mTOR,PM48_05,CHEMBL521851,470511,A,PIK3CA,CHEMBL4005,18245815,CHEMBL4053404,A,IC50,=,50.12,nM,7.3,CHEMBL4052600,10.1021/acs.jmedchem.6b01801,28128944,,present,NO,2026-07-23 ChEMBL REST panel; dump rows use STANDARD_OK
PIK3CA/mTOR,PM48_05,CHEMBL521851,470511,A,PIK3CA,CHEMBL4005,18439852,CHEMBL4156824,B,IC50,=,6.5,nM,8.19,CHEMBL4152344,10.1016/j.ejmech.2018.07.036,30053721,,present,NO,2026-07-23 ChEMBL REST panel; dump rows use STANDARD_OK
PIK3CA/mTOR,PM48_05,CHEMBL521851,470511,A,PIK3CA,CHEMBL4005,19139805,CHEMBL4376366,B,IC50,=,33,nM,7.48,CHEMBL4373732,10.1016/j.ejmech.2019.111718,31581005,,present,NO,2026-07-23 ChEMBL REST panel; dump rows use STANDARD_OK
PIK3CA/mTOR,PM48_05,CHEMBL521851,470511,A,PIK3CA,CHEMBL4005,19313703,CHEMBL4416684,B,IC50,=,251.19,nM,6.6,CHEMBL4414631,10.1021/acs.jmedchem.9b01499,31647659,,present,NO,2026-07-23 ChEMBL REST panel; dump rows use STANDARD_OK
PIK3CA/mTOR,PM48_05,CHEMBL521851,470511,A,PIK3CA,CHEMBL4005,22780984,CHEMBL4707195,B,IC50,=,4.7,nM,8.33,CHEMBL4706478,10.1021/acs.jmedchem.7b01465,29360358,,present,NO,2026-07-23 ChEMBL REST panel; dump rows use STANDARD_OK
PIK3CA/mTOR,PM48_05,CHEMBL521851,470511,A,PIK3CA,CHEMBL4005,24953788,CHEMBL5209954,F,IC50,=,140,nM,6.85,CHEMBL5209897,10.6019/CHEMBL5209897,,,present,NO,2026-07-23 ChEMBL REST panel; dump rows use STANDARD_OK
PIK3CA/mTOR,PM48_05,CHEMBL521851,470511,A,PIK3CA,CHEMBL4005,24954253,CHEMBL5210371,B,Kd,=,0.76,nM,9.12,CHEMBL5210307,10.6019/CHEMBL5210307,,,present,NO,2026-07-23 ChEMBL REST panel; dump rows use STANDARD_OK
PIK3CA/mTOR,PM48_05,CHEMBL521851,470511,A,PIK3CA,CHEMBL4005,24958372,CHEMBL5213109,B,IC50,=,28,nM,7.55,CHEMBL5212743,10.6019/CHEMBL5212743,,,present,NO,2026-07-23 ChEMBL REST panel; dump rows use STANDARD_OK
PIK3CA/mTOR,PM48_05,CHEMBL521851,470511,A,PIK3CA,CHEMBL4005,24958373,CHEMBL5213110,B,IC50,=,37,nM,7.43,CHEMBL5212743,10.6019/CHEMBL5212743,,,present,NO,2026-07-23 ChEMBL REST panel; dump rows use STANDARD_OK
PIK3CA/mTOR,PM48_05,CHEMBL521851,470511,A,PIK3CA,CHEMBL4005,24958374,CHEMBL5213111,B,IC50,=,46,nM,7.34,CHEMBL5212743,10.6019/CHEMBL5212743,,,present,NO,2026-07-23 ChEMBL REST panel; dump rows use STANDARD_OK
PIK3CA/mTOR,PM48_05,CHEMBL521851,470511,A,PIK3CA,CHEMBL4005,24958888,CHEMBL5215112,B,IC50,=,0.1,nM,10,CHEMBL5214883,10.1016/j.ejmech.2020.112904,33077264,,present,YES,2026-07-23 ChEMBL REST panel; dump rows use STANDARD_OK
PIK3CA/mTOR,PM48_05,CHEMBL521851,470511,A,PIK3CA,CHEMBL4005,25027302,CHEMBL5240746,B,IC50,=,6.02,nM,8.22,CHEMBL5236659,10.1016/j.bmc.2022.117133,36599263,,present,NO,2026-07-23 ChEMBL REST panel; dump rows use STANDARD_OK
PIK3CA/mTOR,PM48_05,CHEMBL521851,470511,A,PIK3CA,CHEMBL4005,25892624,CHEMBL5519898,B,IC50,=,8,nM,8.1,CHEMBL5518190,10.1016/j.ejmech.2023.116109,38183777,,present,NO,2026-07-23 ChEMBL REST panel; dump rows use STANDARD_OK
PIK3CA/mTOR,PM48_05,CHEMBL521851,470511,A,PIK3CA,CHEMBL4005,26224989,CHEMBL5654100,B,IC50,=,3,nM,8.52,CHEMBL5653604,10.1038/aps.2010.150,20729870,,present,NO,2026-07-23 ChEMBL REST panel; dump rows use STANDARD_OK
PIK3CA/mTOR,PM48_05,CHEMBL521851,470511,A,PIK3CA,CHEMBL4005,26228518,CHEMBL5657142,B,IC50,=,9,nM,8.05,CHEMBL5653618,10.1021/ml900028r,24900173,,present,NO,2026-07-23 ChEMBL REST panel; dump rows use STANDARD_OK
PIK3CA/mTOR,PM48_05,CHEMBL521851,470511,A,PIK3CA,CHEMBL4005,26277171,CHEMBL5681396,B,IC50,=,3,nM,8.52,CHEMBL5678805,10.1158/0008-5472.can-11-1515,22084396,,present,NO,2026-07-23 ChEMBL REST panel; dump rows use STANDARD_OK
PIK3CA/mTOR,PM48_05,CHEMBL521851,470511,A,PIK3CA,CHEMBL4005,26277172,CHEMBL5681397,B,IC50,=,3,nM,8.52,CHEMBL5678805,10.1158/0008-5472.can-11-1515,22084396,,present,NO,2026-07-23 ChEMBL REST panel; dump rows use STANDARD_OK
PIK3CA/mTOR,PM48_05,CHEMBL521851,470511,A,PIK3CA,CHEMBL4005,28202300,CHEMBL5736185,B,Ki,=,2.56,nM,8.59,CHEMBL5728150,,,US-10851091-B2,present,NO,2026-07-23 ChEMBL REST panel; dump rows use STANDARD_OK
PIK3CA/mTOR,PM48_05,CHEMBL521851,470511,A,PIK3CA,CHEMBL4005,29057581,CHEMBL6072414,B,IC50,=,3,nM,8.52,CHEMBL6071150,10.1016/j.ejmech.2024.116786,39180946,,present,NO,2026-07-23 ChEMBL REST panel; dump rows use STANDARD_OK
PIK3CA/mTOR,PM48_05,CHEMBL521851,470511,A,PIK3CA,CHEMBL4005,29057582,CHEMBL6072415,B,IC50,=,3,nM,8.52,CHEMBL6071150,10.1016/j.ejmech.2024.116786,39180946,,present,NO,2026-07-23 ChEMBL REST panel; dump rows use STANDARD_OK
PIK3CA/mTOR,PM48_05,CHEMBL521851,470511,A,PIK3CA,CHEMBL4005,29057583,CHEMBL6072416,B,IC50,=,3,nM,8.52,CHEMBL6071150,10.1016/j.ejmech.2024.116786,39180946,,present,NO,2026-07-23 ChEMBL REST panel; dump rows use STANDARD_OK
PIK3CA/mTOR,PM48_05,CHEMBL521851,470511,A,PIK3CA,CHEMBL4005,29195892,CHEMBL6117362,B,IC50,=,4.8,nM,8.32,CHEMBL6114993,10.1016/j.bmc.2025.118109,39955801,,present,NO,2026-07-23 ChEMBL REST panel; dump rows use STANDARD_OK
PIK3CA/mTOR,PM48_05,CHEMBL521851,470511,B,MTOR,CHEMBL2842,2360401,CHEMBL980857,B,Ki,=,580,nM,6.24,CHEMBL1140078,10.1021/jm800295d,18754654,,present,NO,2026-07-23 ChEMBL REST panel; dump rows use STANDARD_OK
PIK3CA/mTOR,PM48_05,CHEMBL521851,470511,B,MTOR,CHEMBL2842,3198637,CHEMBL1103322,B,IC50,=,310,nM,6.51,CHEMBL1154879,10.1021/jm901284w,20050669,,present,NO,2026-07-23 ChEMBL REST panel; dump rows use STANDARD_OK
PIK3CA/mTOR,PM48_05,CHEMBL521851,470511,B,MTOR,CHEMBL2842,3240844,CHEMBL1109707,B,Ki,=,570,nM,6.24,CHEMBL1156214,10.1016/j.bmcl.2010.03.046,20346656,,present,NO,2026-07-23 ChEMBL REST panel; dump rows use STANDARD_OK
PIK3CA/mTOR,PM48_05,CHEMBL521851,470511,B,MTOR,CHEMBL2842,7586264,CHEMBL1908669,B,Kd,=,200,nM,6.7,CHEMBL1908390,10.1038/nbt.1990,22037378,,present,NO,2026-07-23 ChEMBL REST panel; dump rows use STANDARD_OK
PIK3CA/mTOR,PM48_05,CHEMBL521851,470511,B,MTOR,CHEMBL2842,7947838,CHEMBL1925468,B,Ki,=,580,nM,6.24,CHEMBL1921798,10.1021/jm2009327,21981714,,present,NO,2026-07-23 ChEMBL REST panel; dump rows use STANDARD_OK
PIK3CA/mTOR,PM48_05,CHEMBL521851,470511,B,MTOR,CHEMBL2842,14977853,CHEMBL3377242,B,IC50,=,410,nM,6.39,CHEMBL3352433,10.1021/ml500354e,25589915,,present,NO,2026-07-23 ChEMBL REST panel; dump rows use STANDARD_OK
PIK3CA/mTOR,PM48_05,CHEMBL521851,470511,B,MTOR,CHEMBL2842,16552989,CHEMBL3795347,B,IC50,=,580,nM,6.24,CHEMBL3792291,10.1016/j.ejmech.2016.03.033,27043268,,present,NO,2026-07-23 ChEMBL REST panel; dump rows use STANDARD_OK
PIK3CA/mTOR,PM48_05,CHEMBL521851,470511,B,MTOR,CHEMBL2842,16617033,CHEMBL3815304,B,IC50,=,580,nM,6.24,CHEMBL3813678,10.1016/j.bmc.2016.06.032,27353887,,present,NO,2026-07-23 ChEMBL REST panel; dump rows use STANDARD_OK
PIK3CA/mTOR,PM48_05,CHEMBL521851,470511,B,MTOR,CHEMBL2842,16756913,CHEMBL3861255,B,IC50,=,410,nM,6.39,CHEMBL3860068,10.1021/acs.jmedchem.6b00963,27644332,,present,NO,2026-07-23 ChEMBL REST panel; dump rows use STANDARD_OK
PIK3CA/mTOR,PM48_05,CHEMBL521851,470511,B,MTOR,CHEMBL2842,18088212,CHEMBL4019283,B,Kd,=,48,nM,7.32,CHEMBL4017506,10.1021/acs.jmedchem.7b00930,28829592,,present,NO,2026-07-23 ChEMBL REST panel; dump rows use STANDARD_OK
PIK3CA/mTOR,PM48_05,CHEMBL521851,470511,B,MTOR,CHEMBL2842,18238977,CHEMBL4051856,B,IC50,=,134,nM,6.87,CHEMBL4049442,10.1021/acs.jmedchem.7b00357,28409639,,present,NO,2026-07-23 ChEMBL REST panel; dump rows use STANDARD_OK
PIK3CA/mTOR,PM48_05,CHEMBL521851,470511,B,MTOR,CHEMBL2842,19139806,CHEMBL4376361,B,IC50,=,3,nM,8.52,CHEMBL4373732,10.1016/j.ejmech.2019.111718,31581005,,present,YES,2026-07-23 ChEMBL REST panel; dump rows use STANDARD_OK
PIK3CA/mTOR,PM48_05,CHEMBL521851,470511,B,MTOR,CHEMBL2842,22781014,CHEMBL4707201,B,IC50,=,959,nM,6.02,CHEMBL4706478,10.1021/acs.jmedchem.7b01465,29360358,,present,NO,2026-07-23 ChEMBL REST panel; dump rows use STANDARD_OK
PIK3CA/mTOR,PM48_05,CHEMBL521851,470511,B,MTOR,CHEMBL2842,24817281,CHEMBL5138978,B,IC50,=,712,nM,6.15,CHEMBL5137017,10.1021/acs.jmedchem.2c00267,35500094,,present,NO,2026-07-23 ChEMBL REST panel; dump rows use STANDARD_OK
PIK3CA/mTOR,PM48_05,CHEMBL521851,470511,B,MTOR,CHEMBL2842,24817416,CHEMBL5138982,B,IC50,=,3351,nM,5.47,CHEMBL5137017,10.1021/acs.jmedchem.2c00267,35500094,,present,NO,2026-07-23 ChEMBL REST panel; dump rows use STANDARD_OK
PIK3CA/mTOR,PM48_05,CHEMBL521851,470511,B,MTOR,CHEMBL2842,24958369,CHEMBL5213105,B,Kd,=,48,nM,7.32,CHEMBL5212743,10.6019/CHEMBL5212743,,,present,NO,2026-07-23 ChEMBL REST panel; dump rows use STANDARD_OK
PIK3CA/mTOR,PM48_05,CHEMBL521851,470511,B,MTOR,CHEMBL2842,25027320,CHEMBL5240747,B,IC50,=,525.03,nM,6.28,CHEMBL5236659,10.1016/j.bmc.2022.117133,36599263,,present,NO,2026-07-23 ChEMBL REST panel; dump rows use STANDARD_OK
PIK3CA/mTOR,PM48_05,CHEMBL521851,470511,B,MTOR,CHEMBL2842,29195896,CHEMBL6117366,B,IC50,=,134,nM,6.87,CHEMBL6114993,10.1016/j.bmc.2025.118109,39955801,,present,NO,2026-07-23 ChEMBL REST panel; dump rows use STANDARD_OK
PIK3CA/mTOR,PM48_06,CHEMBL1922094,1265685,A,PIK3CA,CHEMBL4005,7947835,CHEMBL1925467,B,IC50,=,4.8,nM,8.32,CHEMBL1921798,10.1021/jm2009327,21981714,,present,NO,2026-07-23 ChEMBL REST panel; dump rows use STANDARD_OK
PIK3CA/mTOR,PM48_06,CHEMBL1922094,1265685,A,PIK3CA,CHEMBL4005,14553168,CHEMBL3223603,B,IC50,=,5,nM,8.3,CHEMBL3217752,10.1039/C2MD20044A,,,present,NO,2026-07-23 ChEMBL REST panel; dump rows use STANDARD_OK
PIK3CA/mTOR,PM48_06,CHEMBL1922094,1265685,A,PIK3CA,CHEMBL4005,16618644,CHEMBL3816166,B,Ki,=,5,nM,8.3,CHEMBL3813614,10.1021/acsmedchemlett.6b00005,27096040,,present,NO,2026-07-23 ChEMBL REST panel; dump rows use STANDARD_OK
PIK3CA/mTOR,PM48_06,CHEMBL1922094,1265685,A,PIK3CA,CHEMBL4005,18088189,CHEMBL4019279,B,Kd,=,0.62,nM,9.21,CHEMBL4017506,10.1021/acs.jmedchem.7b00930,28829592,,present,YES,2026-07-23 ChEMBL REST panel; dump rows use STANDARD_OK
PIK3CA/mTOR,PM48_06,CHEMBL1922094,1265685,A,PIK3CA,CHEMBL4005,23183403,CHEMBL4817099,B,IC50,=,5,nM,8.3,CHEMBL4813994,10.1016/j.ejmech.2021.113357,33740547,,present,NO,2026-07-23 ChEMBL REST panel; dump rows use STANDARD_OK
PIK3CA/mTOR,PM48_06,CHEMBL1922094,1265685,A,PIK3CA,CHEMBL4005,25556609,CHEMBL5347349,B,IC50,=,5,nM,8.3,CHEMBL5346869,10.1016/j.ejmech.2022.114971,36462440,,present,NO,2026-07-23 ChEMBL REST panel; dump rows use STANDARD_OK
PIK3CA/mTOR,PM48_06,CHEMBL1922094,1265685,A,PIK3CA,CHEMBL4005,25892704,CHEMBL5519924,B,IC50,=,5,nM,8.3,CHEMBL5518190,10.1016/j.ejmech.2023.116109,38183777,,present,NO,2026-07-23 ChEMBL REST panel; dump rows use STANDARD_OK
PIK3CA/mTOR,PM48_06,CHEMBL1922094,1265685,A,PIK3CA,CHEMBL4005,26224984,CHEMBL5654100,B,IC50,=,5,nM,8.3,CHEMBL5653604,10.1038/aps.2010.150,20729870,,present,NO,2026-07-23 ChEMBL REST panel; dump rows use STANDARD_OK
PIK3CA/mTOR,PM48_06,CHEMBL1922094,1265685,B,MTOR,CHEMBL2842,7947844,CHEMBL1925468,B,Ki,=,17,nM,7.77,CHEMBL1921798,10.1021/jm2009327,21981714,,present,NO,2026-07-23 ChEMBL REST panel; dump rows use STANDARD_OK
PIK3CA/mTOR,PM48_06,CHEMBL1922094,1265685,B,MTOR,CHEMBL2842,14553331,CHEMBL3223610,B,Ki,=,17,nM,7.77,CHEMBL3217752,10.1039/C2MD20044A,,,present,NO,2026-07-23 ChEMBL REST panel; dump rows use STANDARD_OK
PIK3CA/mTOR,PM48_06,CHEMBL1922094,1265685,B,MTOR,CHEMBL2842,16618633,CHEMBL3816167,B,Ki,=,17,nM,7.77,CHEMBL3813614,10.1021/acsmedchemlett.6b00005,27096040,,present,NO,2026-07-23 ChEMBL REST panel; dump rows use STANDARD_OK
PIK3CA/mTOR,PM48_06,CHEMBL1922094,1265685,B,MTOR,CHEMBL2842,18088213,CHEMBL4019283,B,Kd,=,3.3,nM,8.48,CHEMBL4017506,10.1021/acs.jmedchem.7b00930,28829592,,present,YES,2026-07-23 ChEMBL REST panel; dump rows use STANDARD_OK
PIK3CA/mTOR,PM48_06,CHEMBL1922094,1265685,B,MTOR,CHEMBL2842,25556655,CHEMBL5347353,B,IC50,=,17,nM,7.77,CHEMBL5346869,10.1016/j.ejmech.2022.114971,36462440,,present,NO,2026-07-23 ChEMBL REST panel; dump rows use STANDARD_OK
PIK3CA/mTOR,PM48_06,CHEMBL1922094,1265685,B,MTOR,CHEMBL2842,25892673,CHEMBL5519914,B,IC50,=,17,nM,7.77,CHEMBL5518190,10.1016/j.ejmech.2023.116109,38183777,,present,NO,2026-07-23 ChEMBL REST panel; dump rows use STANDARD_OK
PIK3CA/mTOR,PM48_07,CHEMBL1765602,1140627,A,PIK3CA,CHEMBL4005,6167494,CHEMBL1768753,B,EC50,=,200,nM,6.7,CHEMBL1765054,10.1021/jm101520v,21322566,,present,NO,2026-07-23 ChEMBL REST panel; dump rows use STANDARD_OK
PIK3CA/mTOR,PM48_07,CHEMBL1765602,1140627,A,PIK3CA,CHEMBL4005,26332537,CHEMBL5720948,B,EC50,=,4.68,nM,8.33,CHEMBL5715955,10.1021/acs.biochem.7b00413,28719179,,present,YES,2026-07-23 ChEMBL REST panel; dump rows use STANDARD_OK
PIK3CA/mTOR,PM48_07,CHEMBL1765602,1140627,B,MTOR,CHEMBL2842,18673666,CHEMBL4235179,B,IC50,=,0.25,nM,9.6,CHEMBL4229497,10.1016/j.bmc.2018.07.047,30077608,,present,YES,2026-07-23 ChEMBL REST panel; dump rows use STANDARD_OK
PIK3CA/mTOR,PM48_08,CHEMBL1234354,696704,A,PIK3CA,CHEMBL4005,10851364,CHEMBL2020200,B,Ki,=,0.57,nM,9.24,CHEMBL2016534,10.1021/ml200126j,24900269,,present,YES,2026-07-23 ChEMBL REST panel; dump rows use STANDARD_OK
PIK3CA/mTOR,PM48_08,CHEMBL1234354,696704,A,PIK3CA,CHEMBL4005,13916102,CHEMBL3116932,B,IC50,=,8.33,nM,8.08,CHEMBL3112582,10.1016/j.bmcl.2013.12.112,24433860,,present,NO,2026-07-23 ChEMBL REST panel; dump rows use STANDARD_OK
PIK3CA/mTOR,PM48_08,CHEMBL1234354,696704,A,PIK3CA,CHEMBL4005,15099116,CHEMBL3380577,B,IC50,=,8.33,nM,8.08,CHEMBL3351642,10.1016/j.bmcl.2014.07.073,25139570,,present,NO,2026-07-23 ChEMBL REST panel; dump rows use STANDARD_OK
PIK3CA/mTOR,PM48_08,CHEMBL1234354,696704,A,PIK3CA,CHEMBL4005,17623076,CHEMBL3706092,B,IC50,=,4.85,nM,8.31,CHEMBL3639030,,,US-8633204-B2,present,NO,2026-07-23 ChEMBL REST panel; dump rows use STANDARD_OK
PIK3CA/mTOR,PM48_08,CHEMBL1234354,696704,A,PIK3CA,CHEMBL4005,18402848,CHEMBL4150386,B,IC50,=,3.3,nM,8.48,CHEMBL4145625,10.1021/acs.jmedchem.8b00416,29927604,,present,NO,2026-07-23 ChEMBL REST panel; dump rows use STANDARD_OK
PIK3CA/mTOR,PM48_08,CHEMBL1234354,696704,A,PIK3CA,CHEMBL4005,24773331,CHEMBL5127274,B,Ki,=,1.8,nM,8.74,CHEMBL5126514,10.1016/j.ejmech.2021.114039,34894440,,present,NO,2026-07-23 ChEMBL REST panel; dump rows use STANDARD_OK
PIK3CA/mTOR,PM48_08,CHEMBL1234354,696704,A,PIK3CA,CHEMBL4005,24978778,CHEMBL5225439,B,IC50,=,1.8,nM,8.74,CHEMBL5223150,10.1021/acs.jmedchem.2c01070,36503229,,present,NO,2026-07-23 ChEMBL REST panel; dump rows use STANDARD_OK
PIK3CA/mTOR,PM48_08,CHEMBL1234354,696704,A,PIK3CA,CHEMBL4005,25872898,CHEMBL5513473,B,Ki,=,1.8,nM,8.74,CHEMBL5512615,10.1016/j.ejmech.2023.116117,38295689,,present,NO,2026-07-23 ChEMBL REST panel; dump rows use STANDARD_OK
PIK3CA/mTOR,PM48_08,CHEMBL1234354,696704,A,PIK3CA,CHEMBL4005,25892715,CHEMBL5519926,B,Ki,=,1.8,nM,8.74,CHEMBL5518190,10.1016/j.ejmech.2023.116109,38183777,,present,NO,2026-07-23 ChEMBL REST panel; dump rows use STANDARD_OK
PIK3CA/mTOR,PM48_08,CHEMBL1234354,696704,B,MTOR,CHEMBL2842,10851372,CHEMBL2020201,B,Ki,=,16,nM,7.8,CHEMBL2016534,10.1021/ml200126j,24900269,,present,NO,2026-07-23 ChEMBL REST panel; dump rows use STANDARD_OK
PIK3CA/mTOR,PM48_08,CHEMBL1234354,696704,B,MTOR,CHEMBL2842,13295642,CHEMBL2379606,B,Ki,=,16,nM,7.8,CHEMBL2375270,10.1016/j.bmcl.2013.02.020,23506825,,present,NO,2026-07-23 ChEMBL REST panel; dump rows use STANDARD_OK
PIK3CA/mTOR,PM48_08,CHEMBL1234354,696704,B,MTOR,CHEMBL2842,13916071,CHEMBL3116931,B,IC50,=,7.9,nM,8.1,CHEMBL3112582,10.1016/j.bmcl.2013.12.112,24433860,,present,YES,2026-07-23 ChEMBL REST panel; dump rows use STANDARD_OK
PIK3CA/mTOR,PM48_08,CHEMBL1234354,696704,B,MTOR,CHEMBL2842,14532667,CHEMBL3227715,B,Ki,=,16,nM,7.8,CHEMBL3217449,10.1039/C0MD00072H,,,present,NO,2026-07-23 ChEMBL REST panel; dump rows use STANDARD_OK
PIK3CA/mTOR,PM48_08,CHEMBL1234354,696704,B,MTOR,CHEMBL2842,15099124,CHEMBL3380578,B,IC50,=,7.9,nM,8.1,CHEMBL3351642,10.1016/j.bmcl.2014.07.073,25139570,,present,YES,2026-07-23 ChEMBL REST panel; dump rows use STANDARD_OK
PIK3CA/mTOR,PM48_08,CHEMBL1234354,696704,B,MTOR,CHEMBL2842,24978782,CHEMBL5225443,B,IC50,=,16,nM,7.8,CHEMBL5223150,10.1021/acs.jmedchem.2c01070,36503229,,present,NO,2026-07-23 ChEMBL REST panel; dump rows use STANDARD_OK
PIK3CA/mTOR,PM48_08,CHEMBL1234354,696704,B,MTOR,CHEMBL2842,25892719,CHEMBL5519930,B,Ki,=,16,nM,7.8,CHEMBL5518190,10.1016/j.ejmech.2023.116109,38183777,,present,NO,2026-07-23 ChEMBL REST panel; dump rows use STANDARD_OK
PIK3CA/mTOR,PM48_09,CHEMBL4084907,2224818,A,PIK3CA,CHEMBL4005,18088069,CHEMBL4019305,B,IC50,=,36,nM,7.44,CHEMBL4017506,10.1021/acs.jmedchem.7b00930,28829592,,present,NO,2026-07-23 ChEMBL REST panel; dump rows use STANDARD_OK
PIK3CA/mTOR,PM48_09,CHEMBL4084907,2224818,A,PIK3CA,CHEMBL4005,18088071,CHEMBL4019304,B,IC50,=,136,nM,6.87,CHEMBL4017506,10.1021/acs.jmedchem.7b00930,28829592,,present,NO,2026-07-23 ChEMBL REST panel; dump rows use STANDARD_OK
PIK3CA/mTOR,PM48_09,CHEMBL4084907,2224818,A,PIK3CA,CHEMBL4005,18088073,CHEMBL4019303,B,IC50,=,63,nM,7.2,CHEMBL4017506,10.1021/acs.jmedchem.7b00930,28829592,,present,NO,2026-07-23 ChEMBL REST panel; dump rows use STANDARD_OK
PIK3CA/mTOR,PM48_09,CHEMBL4084907,2224818,A,PIK3CA,CHEMBL4005,18088162,CHEMBL4019289,B,IC50,=,33,nM,7.48,CHEMBL4017506,10.1021/acs.jmedchem.7b00930,28829592,,present,NO,2026-07-23 ChEMBL REST panel; dump rows use STANDARD_OK
PIK3CA/mTOR,PM48_09,CHEMBL4084907,2224818,A,PIK3CA,CHEMBL4005,18088184,CHEMBL4019279,B,Kd,=,1.5,nM,8.82,CHEMBL4017506,10.1021/acs.jmedchem.7b00930,28829592,,present,YES,2026-07-23 ChEMBL REST panel; dump rows use STANDARD_OK
PIK3CA/mTOR,PM48_09,CHEMBL4084907,2224818,A,PIK3CA,CHEMBL4005,19068885,CHEMBL4360966,B,Ki,=,17,nM,7.77,CHEMBL4359834,10.1021/acs.jmedchem.9b00525,31244112,,present,NO,2026-07-23 ChEMBL REST panel; dump rows use STANDARD_OK
PIK3CA/mTOR,PM48_09,CHEMBL4084907,2224818,A,PIK3CA,CHEMBL4005,24773332,CHEMBL5127274,B,IC50,=,33,nM,7.48,CHEMBL5126514,10.1016/j.ejmech.2021.114039,34894440,,present,NO,2026-07-23 ChEMBL REST panel; dump rows use STANDARD_OK
PIK3CA/mTOR,PM48_09,CHEMBL4084907,2224818,A,PIK3CA,CHEMBL4005,24978689,CHEMBL5225377,B,Ki,=,17,nM,7.77,CHEMBL5223150,10.1021/acs.jmedchem.2c01070,36503229,,present,NO,2026-07-23 ChEMBL REST panel; dump rows use STANDARD_OK
PIK3CA/mTOR,PM48_09,CHEMBL4084907,2224818,A,PIK3CA,CHEMBL4005,25027557,CHEMBL5240772,B,IC50,=,33,nM,7.48,CHEMBL5236659,10.1016/j.bmc.2022.117133,36599263,,present,NO,2026-07-23 ChEMBL REST panel; dump rows use STANDARD_OK
PIK3CA/mTOR,PM48_09,CHEMBL4084907,2224818,A,PIK3CA,CHEMBL4005,25892710,CHEMBL5519924,B,IC50,=,33,nM,7.48,CHEMBL5518190,10.1016/j.ejmech.2023.116109,38183777,,present,NO,2026-07-23 ChEMBL REST panel; dump rows use STANDARD_OK
PIK3CA/mTOR,PM48_09,CHEMBL4084907,2224818,B,MTOR,CHEMBL2842,18088101,CHEMBL4019301,B,Ki,=,62,nM,7.21,CHEMBL4017506,10.1021/acs.jmedchem.7b00930,28829592,,present,NO,2026-07-23 ChEMBL REST panel; dump rows use STANDARD_OK
PIK3CA/mTOR,PM48_09,CHEMBL4084907,2224818,B,MTOR,CHEMBL2842,18088131,CHEMBL4019299,B,IC50,=,205,nM,6.69,CHEMBL4017506,10.1021/acs.jmedchem.7b00930,28829592,,present,NO,2026-07-23 ChEMBL REST panel; dump rows use STANDARD_OK
PIK3CA/mTOR,PM48_09,CHEMBL4084907,2224818,B,MTOR,CHEMBL2842,18088154,CHEMBL4019293,B,IC50,=,89,nM,7.05,CHEMBL4017506,10.1021/acs.jmedchem.7b00930,28829592,,present,NO,2026-07-23 ChEMBL REST panel; dump rows use STANDARD_OK
PIK3CA/mTOR,PM48_09,CHEMBL4084907,2224818,B,MTOR,CHEMBL2842,18088208,CHEMBL4019283,B,Kd,=,12,nM,7.92,CHEMBL4017506,10.1021/acs.jmedchem.7b00930,28829592,,present,YES,2026-07-23 ChEMBL REST panel; dump rows use STANDARD_OK
PIK3CA/mTOR,PM48_09,CHEMBL4084907,2224818,B,MTOR,CHEMBL2842,18918097,CHEMBL4322494,B,Ki,=,62,nM,7.21,CHEMBL4321805,10.1021/acs.jmedchem.9b00972,31465220,,present,NO,2026-07-23 ChEMBL REST panel; dump rows use STANDARD_OK
PIK3CA/mTOR,PM48_09,CHEMBL4084907,2224818,B,MTOR,CHEMBL2842,19068907,CHEMBL4360967,B,Ki,=,62,nM,7.21,CHEMBL4359834,10.1021/acs.jmedchem.9b00525,31244112,,present,NO,2026-07-23 ChEMBL REST panel; dump rows use STANDARD_OK
PIK3CA/mTOR,PM48_09,CHEMBL4084907,2224818,B,MTOR,CHEMBL2842,24978691,CHEMBL5225378,B,Ki,=,62,nM,7.21,CHEMBL5223150,10.1021/acs.jmedchem.2c01070,36503229,,present,NO,2026-07-23 ChEMBL REST panel; dump rows use STANDARD_OK
PIK3CA/mTOR,PM48_09,CHEMBL4084907,2224818,B,MTOR,CHEMBL2842,25027556,CHEMBL5240771,B,IC50,=,89,nM,7.05,CHEMBL5236659,10.1016/j.bmc.2022.117133,36599263,,present,NO,2026-07-23 ChEMBL REST panel; dump rows use STANDARD_OK
PIK3CA/mTOR,PM48_09,CHEMBL4084907,2224818,B,MTOR,CHEMBL2842,25892675,CHEMBL5519914,B,IC50,=,89,nM,7.05,CHEMBL5518190,10.1016/j.ejmech.2023.116109,38183777,,present,NO,2026-07-23 ChEMBL REST panel; dump rows use STANDARD_OK
PIK3CA/mTOR,PM48_10,CHEMBL1256459,705446,A,PIK3CA,CHEMBL4005,3508191,CHEMBL1261692,B,Kd,=,23,nM,7.64,CHEMBL1255226,10.1021/jm101144f,20860370,,present,NO,2026-07-23 ChEMBL REST panel; dump rows use STANDARD_OK
PIK3CA/mTOR,PM48_10,CHEMBL1256459,705446,A,PIK3CA,CHEMBL4005,3508194,CHEMBL1261686,B,Kd,=,14,nM,7.85,CHEMBL1255226,10.1021/jm101144f,20860370,,present,YES,2026-07-23 ChEMBL REST panel; dump rows use STANDARD_OK
PIK3CA/mTOR,PM48_10,CHEMBL1256459,705446,A,PIK3CA,CHEMBL4005,6167521,CHEMBL1768753,B,EC50,=,1800,nM,5.75,CHEMBL1765054,10.1021/jm101520v,21322566,,present,NO,2026-07-23 ChEMBL REST panel; dump rows use STANDARD_OK
PIK3CA/mTOR,PM48_10,CHEMBL1256459,705446,A,PIK3CA,CHEMBL4005,25778367,CHEMBL5477256,B,Kd,=,23,nM,7.64,CHEMBL5465560,10.6019/CHEMBL5465560,,,present,NO,2026-07-23 ChEMBL REST panel; dump rows use STANDARD_OK
PIK3CA/mTOR,PM48_10,CHEMBL1256459,705446,A,PIK3CA,CHEMBL4005,25778368,CHEMBL5477257,B,Kd,=,14,nM,7.85,CHEMBL5465560,10.6019/CHEMBL5465560,,,present,YES,2026-07-23 ChEMBL REST panel; dump rows use STANDARD_OK
PIK3CA/mTOR,PM48_10,CHEMBL1256459,705446,A,PIK3CA,CHEMBL4005,25778369,CHEMBL5477258,B,IC50,=,250,nM,6.6,CHEMBL5465560,10.6019/CHEMBL5465560,,,present,NO,2026-07-23 ChEMBL REST panel; dump rows use STANDARD_OK
PIK3CA/mTOR,PM48_10,CHEMBL1256459,705446,B,MTOR,CHEMBL2842,3508139,CHEMBL1261684,B,IC50,=,0.29,nM,9.54,CHEMBL1255226,10.1021/jm101144f,20860370,,present,YES,2026-07-23 ChEMBL REST panel; dump rows use STANDARD_OK
PIK3CA/mTOR,PM48_10,CHEMBL1256459,705446,B,MTOR,CHEMBL2842,3508189,CHEMBL1261689,B,Kd,=,0.42,nM,9.38,CHEMBL1255226,10.1021/jm101144f,20860370,,present,NO,2026-07-23 ChEMBL REST panel; dump rows use STANDARD_OK
PIK3CA/mTOR,PM48_10,CHEMBL1256459,705446,B,MTOR,CHEMBL2842,3508206,CHEMBL1261705,B,IC50,=,4.32,nM,8.37,CHEMBL1255226,10.1021/jm101144f,20860370,,present,NO,2026-07-23 ChEMBL REST panel; dump rows use STANDARD_OK
PIK3CA/mTOR,PM48_10,CHEMBL1256459,705446,B,MTOR,CHEMBL2842,25754119,CHEMBL5445895,F,IC50,=,2,nM,8.7,CHEMBL5444388,10.6019/CHEMBL5444388,,,present,NO,2026-07-23 ChEMBL REST panel; dump rows use STANDARD_OK
PIK3CA/mTOR,PM48_10,CHEMBL1256459,705446,B,MTOR,CHEMBL2842,25755749,CHEMBL5446180,B,IC50,=,0.42,nM,9.38,CHEMBL5446079,10.6019/CHEMBL5446079,,,present,NO,2026-07-23 ChEMBL REST panel; dump rows use STANDARD_OK
PIK3CA/mTOR,PM48_10,CHEMBL1256459,705446,B,MTOR,CHEMBL2842,25777958,CHEMBL5477194,B,Kd,=,0.42,nM,9.38,CHEMBL5465560,10.6019/CHEMBL5465560,,,present,NO,2026-07-23 ChEMBL REST panel; dump rows use STANDARD_OK
PIK3CA/mTOR,PM48_10,CHEMBL1256459,705446,B,MTOR,CHEMBL2842,25777959,CHEMBL5477195,B,IC50,=,4.32,nM,8.37,CHEMBL5465560,10.6019/CHEMBL5465560,,,present,NO,2026-07-23 ChEMBL REST panel; dump rows use STANDARD_OK
PIK3CA/mTOR,PM48_11,CHEMBL3545097,1926946,A,PIK3CA,CHEMBL4005,18813238,CHEMBL4276430,B,Kd,=,15,nM,7.82,CHEMBL4270669,10.1021/acs.jmedchem.8b01262,30359003,,present,YES,2026-07-23 ChEMBL REST panel; dump rows use STANDARD_OK
PIK3CA/mTOR,PM48_11,CHEMBL3545097,1926946,A,PIK3CA,CHEMBL4005,19290567,CHEMBL4410952,B,Ki,=,28,nM,7.55,CHEMBL4406914,10.1021/acsmedchemlett.9b00401,31749911,,present,NO,2026-07-23 ChEMBL REST panel; dump rows use STANDARD_OK
PIK3CA/mTOR,PM48_11,CHEMBL3545097,1926946,A,PIK3CA,CHEMBL4005,25937293,CHEMBL5533376,B,Ki,=,152,nM,6.82,CHEMBL5532641,10.1016/j.ejmech.2023.115781,37669595,,present,NO,2026-07-23 ChEMBL REST panel; dump rows use STANDARD_OK
PIK3CA/mTOR,PM48_11,CHEMBL3545097,1926946,A,PIK3CA,CHEMBL4005,26332542,CHEMBL5720951,B,EC50,=,219,nM,6.66,CHEMBL5715955,10.1021/acs.biochem.7b00413,28719179,,present,NO,2026-07-23 ChEMBL REST panel; dump rows use STANDARD_OK
PIK3CA/mTOR,PM48_11,CHEMBL3545097,1926946,B,MTOR,CHEMBL2842,18813232,CHEMBL4276429,B,Kd,=,0.092,nM,10.04,CHEMBL4270669,10.1021/acs.jmedchem.8b01262,30359003,,present,YES,2026-07-23 ChEMBL REST panel; dump rows use STANDARD_OK
PIK3CA/mTOR,PM48_11,CHEMBL3545097,1926946,B,MTOR,CHEMBL2842,19290624,CHEMBL4410949,B,Ki,=,1,nM,9,CHEMBL4406914,10.1021/acsmedchemlett.9b00401,31749911,,present,NO,2026-07-23 ChEMBL REST panel; dump rows use STANDARD_OK
PIK3CA/mTOR,PM48_11,CHEMBL3545097,1926946,B,MTOR,CHEMBL2842,22421724,CHEMBL4673697,B,Ki,=,1.4,nM,8.85,CHEMBL4673190,10.1039/d0md00227e,33479617,,present,NO,2026-07-23 ChEMBL REST panel; dump rows use STANDARD_OK
PIK3CA/mTOR,PM48_11,CHEMBL3545097,1926946,B,MTOR,CHEMBL2842,23314162,CHEMBL4844752,B,IC50,=,0.64,nM,9.19,CHEMBL4842376,10.1016/j.ejmech.2021.113824,34509167,,present,NO,2026-07-23 ChEMBL REST panel; dump rows use STANDARD_OK
PIK3CA/mTOR,PM48_11,CHEMBL3545097,1926946,B,MTOR,CHEMBL2842,25044909,CHEMBL5245700,B,IC50,=,1,nM,9,CHEMBL5244238,10.1016/j.ejmech.2020.112391,32416459,,present,NO,2026-07-23 ChEMBL REST panel; dump rows use STANDARD_OK
PIK3CA/mTOR,PM48_11,CHEMBL3545097,1926946,B,MTOR,CHEMBL2842,25655453,CHEMBL5372078,B,IC50,=,1.01,nM,9,CHEMBL5370564,10.1016/j.bmc.2023.117402,37421709,,present,NO,2026-07-23 ChEMBL REST panel; dump rows use STANDARD_OK
PIK3CA/mTOR,PM48_11,CHEMBL3545097,1926946,B,MTOR,CHEMBL2842,25937292,CHEMBL5533375,B,Ki,=,1.4,nM,8.85,CHEMBL5532641,10.1016/j.ejmech.2023.115781,37669595,,present,NO,2026-07-23 ChEMBL REST panel; dump rows use STANDARD_OK
PIK3CA/mTOR,PM48_11,CHEMBL3545097,1926946,B,MTOR,CHEMBL2842,26329385,CHEMBL5719173,B,IC50,=,4.4,nM,8.36,CHEMBL5715952,10.18632/oncotarget.4214,26254279,,present,NO,2026-07-23 ChEMBL REST panel; dump rows use STANDARD_OK
PIK3CA/mTOR,PM48_11,CHEMBL3545097,1926946,B,MTOR,CHEMBL2842,26329519,CHEMBL5719250,B,IC50,=,5.2,nM,8.28,CHEMBL5715952,10.18632/oncotarget.4214,26254279,,present,NO,2026-07-23 ChEMBL REST panel; dump rows use STANDARD_OK
PIK3CA/mTOR,PM48_11,CHEMBL3545097,1926946,B,MTOR,CHEMBL2842,26329673,CHEMBL5719344,B,IC50,=,9.8,nM,8.01,CHEMBL5715952,10.18632/oncotarget.4214,26254279,,present,NO,2026-07-23 ChEMBL REST panel; dump rows use STANDARD_OK
PIK3CA/mTOR,PM48_11,CHEMBL3545097,1926946,B,MTOR,CHEMBL2842,26329832,CHEMBL5719438,B,IC50,=,36,nM,7.44,CHEMBL5715952,10.18632/oncotarget.4214,26254279,,present,NO,2026-07-23 ChEMBL REST panel; dump rows use STANDARD_OK
PIK3CA/mTOR,PM48_11,CHEMBL3545097,1926946,B,MTOR,CHEMBL2842,26329989,CHEMBL5719531,B,IC50,=,12.6,nM,7.9,CHEMBL5715952,10.18632/oncotarget.4214,26254279,,present,NO,2026-07-23 ChEMBL REST panel; dump rows use STANDARD_OK
PIK3CA/mTOR,PM48_11,CHEMBL3545097,1926946,B,MTOR,CHEMBL2842,26330146,CHEMBL5719624,B,IC50,=,12.8,nM,7.89,CHEMBL5715952,10.18632/oncotarget.4214,26254279,,present,NO,2026-07-23 ChEMBL REST panel; dump rows use STANDARD_OK
PIK3CA/mTOR,PM48_11,CHEMBL3545097,1926946,B,MTOR,CHEMBL2842,29205859,CHEMBL6121085,B,IC50,=,1,nM,9,CHEMBL6120936,10.1016/j.ejmech.2024.116688,39033611,,present,NO,2026-07-23 ChEMBL REST panel; dump rows use STANDARD_OK
PIK3CA/mTOR,PM48_12,CHEMBL2017974,1335704,A,PIK3CA,CHEMBL4005,10852314,CHEMBL2020154,B,IC50,=,30,nM,7.52,CHEMBL2016472,10.1021/ml200156t,24900266,,present,NO,2026-07-23 ChEMBL REST panel; dump rows use STANDARD_OK
PIK3CA/mTOR,PM48_12,CHEMBL2017974,1335704,A,PIK3CA,CHEMBL4005,10852409,CHEMBL2020169,B,IC50,=,52,nM,7.28,CHEMBL2016472,10.1021/ml200156t,24900266,,present,NO,2026-07-23 ChEMBL REST panel; dump rows use STANDARD_OK
PIK3CA/mTOR,PM48_12,CHEMBL2017974,1335704,A,PIK3CA,CHEMBL4005,10852410,CHEMBL2020170,B,IC50,=,58,nM,7.24,CHEMBL2016472,10.1021/ml200156t,24900266,,present,NO,2026-07-23 ChEMBL REST panel; dump rows use STANDARD_OK
PIK3CA/mTOR,PM48_12,CHEMBL2017974,1335704,A,PIK3CA,CHEMBL4005,10852411,CHEMBL2020171,B,IC50,=,99,nM,7,CHEMBL2016472,10.1021/ml200156t,24900266,,present,NO,2026-07-23 ChEMBL REST panel; dump rows use STANDARD_OK
PIK3CA/mTOR,PM48_12,CHEMBL2017974,1335704,A,PIK3CA,CHEMBL4005,14553187,CHEMBL3223603,B,IC50,=,30,nM,7.52,CHEMBL3217752,10.1039/C2MD20044A,,,present,NO,2026-07-23 ChEMBL REST panel; dump rows use STANDARD_OK
PIK3CA/mTOR,PM48_12,CHEMBL2017974,1335704,A,PIK3CA,CHEMBL4005,15181339,CHEMBL3404854,B,IC50,=,30,nM,7.52,CHEMBL3399917,10.1016/j.bmcl.2015.02.067,25765909,,present,NO,2026-07-23 ChEMBL REST panel; dump rows use STANDARD_OK
PIK3CA/mTOR,PM48_12,CHEMBL2017974,1335704,A,PIK3CA,CHEMBL4005,15223692,CHEMBL3421308,B,IC50,=,30,nM,7.52,CHEMBL3414491,10.1016/j.ejmech.2015.04.037,25911625,,present,NO,2026-07-23 ChEMBL REST panel; dump rows use STANDARD_OK
PIK3CA/mTOR,PM48_12,CHEMBL2017974,1335704,A,PIK3CA,CHEMBL4005,18088068,CHEMBL4019305,B,IC50,=,87,nM,7.06,CHEMBL4017506,10.1021/acs.jmedchem.7b00930,28829592,,present,NO,2026-07-23 ChEMBL REST panel; dump rows use STANDARD_OK
PIK3CA/mTOR,PM48_12,CHEMBL2017974,1335704,A,PIK3CA,CHEMBL4005,18088070,CHEMBL4019304,B,IC50,=,216,nM,6.67,CHEMBL4017506,10.1021/acs.jmedchem.7b00930,28829592,,present,NO,2026-07-23 ChEMBL REST panel; dump rows use STANDARD_OK
PIK3CA/mTOR,PM48_12,CHEMBL2017974,1335704,A,PIK3CA,CHEMBL4005,18088072,CHEMBL4019303,B,IC50,=,111,nM,6.96,CHEMBL4017506,10.1021/acs.jmedchem.7b00930,28829592,,present,NO,2026-07-23 ChEMBL REST panel; dump rows use STANDARD_OK
PIK3CA/mTOR,PM48_12,CHEMBL2017974,1335704,A,PIK3CA,CHEMBL4005,18088161,CHEMBL4019289,B,IC50,=,45,nM,7.35,CHEMBL4017506,10.1021/acs.jmedchem.7b00930,28829592,,present,NO,2026-07-23 ChEMBL REST panel; dump rows use STANDARD_OK
PIK3CA/mTOR,PM48_12,CHEMBL2017974,1335704,A,PIK3CA,CHEMBL4005,18088187,CHEMBL4019279,B,Kd,=,3.5,nM,8.46,CHEMBL4017506,10.1021/acs.jmedchem.7b00930,28829592,,present,YES,2026-07-23 ChEMBL REST panel; dump rows use STANDARD_OK
PIK3CA/mTOR,PM48_12,CHEMBL2017974,1335704,A,PIK3CA,CHEMBL4005,18553332,CHEMBL4199849,B,IC50,=,25,nM,7.6,CHEMBL4196123,10.1021/acsmedchemlett.8b00167,30034607,,present,NO,2026-07-23 ChEMBL REST panel; dump rows use STANDARD_OK
PIK3CA/mTOR,PM48_12,CHEMBL2017974,1335704,A,PIK3CA,CHEMBL4005,18813192,CHEMBL4276427,B,Ki,=,20,nM,7.7,CHEMBL4270669,10.1021/acs.jmedchem.8b01262,30359003,,present,NO,2026-07-23 ChEMBL REST panel; dump rows use STANDARD_OK
PIK3CA/mTOR,PM48_12,CHEMBL2017974,1335704,A,PIK3CA,CHEMBL4005,18882205,CHEMBL4312246,B,IC50,=,20,nM,7.7,CHEMBL4311940,10.1021/acs.jmedchem.9b00390,31117517,,present,NO,2026-07-23 ChEMBL REST panel; dump rows use STANDARD_OK
PIK3CA/mTOR,PM48_12,CHEMBL2017974,1335704,A,PIK3CA,CHEMBL4005,19139821,CHEMBL4376357,B,IC50,=,52,nM,7.28,CHEMBL4373732,10.1016/j.ejmech.2019.111718,31581005,,present,NO,2026-07-23 ChEMBL REST panel; dump rows use STANDARD_OK
PIK3CA/mTOR,PM48_12,CHEMBL2017974,1335704,A,PIK3CA,CHEMBL4005,19151910,CHEMBL4380269,B,IC50,=,52.48,nM,7.28,CHEMBL4376860,10.1021/acs.jmedchem.9b00622,31846325,,present,NO,2026-07-23 ChEMBL REST panel; dump rows use STANDARD_OK
PIK3CA/mTOR,PM48_12,CHEMBL2017974,1335704,A,PIK3CA,CHEMBL4005,24669609,CHEMBL5099288,B,IC50,=,13,nM,7.89,CHEMBL5096219,10.1016/j.bmc.2022.117067,36272186,,present,NO,2026-07-23 ChEMBL REST panel; dump rows use STANDARD_OK
PIK3CA/mTOR,PM48_12,CHEMBL2017974,1335704,A,PIK3CA,CHEMBL4005,24817502,CHEMBL5139004,B,IC50,=,44,nM,7.36,CHEMBL5137017,10.1021/acs.jmedchem.2c00267,35500094,,present,NO,2026-07-23 ChEMBL REST panel; dump rows use STANDARD_OK
PIK3CA/mTOR,PM48_12,CHEMBL2017974,1335704,A,PIK3CA,CHEMBL4005,24978674,CHEMBL5225365,B,IC50,=,52,nM,7.28,CHEMBL5223150,10.1021/acs.jmedchem.2c01070,36503229,,present,NO,2026-07-23 ChEMBL REST panel; dump rows use STANDARD_OK
PIK3CA/mTOR,PM48_12,CHEMBL2017974,1335704,A,PIK3CA,CHEMBL4005,24984315,CHEMBL5227195,B,IC50,=,50,nM,7.3,CHEMBL5226297,10.1021/acs.jmedchem.0c01180,33650861,,present,NO,2026-07-23 ChEMBL REST panel; dump rows use STANDARD_OK
PIK3CA/mTOR,PM48_12,CHEMBL2017974,1335704,A,PIK3CA,CHEMBL4005,25556606,CHEMBL5347349,B,IC50,=,52,nM,7.28,CHEMBL5346869,10.1016/j.ejmech.2022.114971,36462440,,present,NO,2026-07-23 ChEMBL REST panel; dump rows use STANDARD_OK
PIK3CA/mTOR,PM48_12,CHEMBL2017974,1335704,A,PIK3CA,CHEMBL4005,25892696,CHEMBL5519922,B,IC50,=,52,nM,7.28,CHEMBL5518190,10.1016/j.ejmech.2023.116109,38183777,,present,NO,2026-07-23 ChEMBL REST panel; dump rows use STANDARD_OK
PIK3CA/mTOR,PM48_12,CHEMBL2017974,1335704,A,PIK3CA,CHEMBL4005,26224987,CHEMBL5654100,B,IC50,=,52,nM,7.28,CHEMBL5653604,10.1038/aps.2010.150,20729870,,present,NO,2026-07-23 ChEMBL REST panel; dump rows use STANDARD_OK
PIK3CA/mTOR,PM48_12,CHEMBL2017974,1335704,B,MTOR,CHEMBL2842,10852416,CHEMBL2020176,B,IC50,=,4600,nM,5.34,CHEMBL2016472,10.1021/ml200156t,24900266,,present,NO,2026-07-23 ChEMBL REST panel; dump rows use STANDARD_OK
PIK3CA/mTOR,PM48_12,CHEMBL2017974,1335704,B,MTOR,CHEMBL2842,18088153,CHEMBL4019293,B,IC50,=,94,nM,7.03,CHEMBL4017506,10.1021/acs.jmedchem.7b00930,28829592,,present,NO,2026-07-23 ChEMBL REST panel; dump rows use STANDARD_OK
PIK3CA/mTOR,PM48_12,CHEMBL2017974,1335704,B,MTOR,CHEMBL2842,18088211,CHEMBL4019283,B,Kd,=,19,nM,7.72,CHEMBL4017506,10.1021/acs.jmedchem.7b00930,28829592,,present,YES,2026-07-23 ChEMBL REST panel; dump rows use STANDARD_OK
PIK3CA/mTOR,PM48_12,CHEMBL2017974,1335704,B,MTOR,CHEMBL2842,18553305,CHEMBL4199839,B,IC50,=,1981,nM,5.7,CHEMBL4196123,10.1021/acsmedchemlett.8b00167,30034607,,present,NO,2026-07-23 ChEMBL REST panel; dump rows use STANDARD_OK
PIK3CA/mTOR,PM48_12,CHEMBL2017974,1335704,B,MTOR,CHEMBL2842,18813161,CHEMBL4276426,B,Ki,=,199,nM,6.7,CHEMBL4270669,10.1021/acs.jmedchem.8b01262,30359003,,present,NO,2026-07-23 ChEMBL REST panel; dump rows use STANDARD_OK
PIK3CA/mTOR,PM48_12,CHEMBL2017974,1335704,B,MTOR,CHEMBL2842,24817279,CHEMBL5138978,B,IC50,=,973,nM,6.01,CHEMBL5137017,10.1021/acs.jmedchem.2c00267,35500094,,present,NO,2026-07-23 ChEMBL REST panel; dump rows use STANDARD_OK
PIK3CA/mTOR,PM48_12,CHEMBL2017974,1335704,B,MTOR,CHEMBL2842,24817414,CHEMBL5138982,B,IC50,=,2259,nM,5.65,CHEMBL5137017,10.1021/acs.jmedchem.2c00267,35500094,,present,NO,2026-07-23 ChEMBL REST panel; dump rows use STANDARD_OK
PIK3CA/mTOR,PM48_13,CHEMBL2336325,1525993,A,PIK3CA,CHEMBL4005,18813242,CHEMBL4276430,B,Kd,=,33,nM,7.48,CHEMBL4270669,10.1021/acs.jmedchem.8b01262,30359003,,present,YES,2026-07-23 ChEMBL REST panel; dump rows use STANDARD_OK
PIK3CA/mTOR,PM48_13,CHEMBL2336325,1525993,B,MTOR,CHEMBL2842,12701720,CHEMBL2338832,B,IC50,=,2.8,nM,8.55,CHEMBL2331448,10.1016/j.bmcl.2013.01.019,23375793,,present,NO,2026-07-23 ChEMBL REST panel; dump rows use STANDARD_OK
PIK3CA/mTOR,PM48_13,CHEMBL2336325,1525993,B,MTOR,CHEMBL2842,17699563,CHEMBL3705655,B,IC50,=,20,nM,7.7,CHEMBL3638644,,,US-9102670-B2,present,NO,2026-07-23 ChEMBL REST panel; dump rows use STANDARD_OK
PIK3CA/mTOR,PM48_13,CHEMBL2336325,1525993,B,MTOR,CHEMBL2842,18104851,CHEMBL4022584,B,IC50,=,2.8,nM,8.55,CHEMBL4020805,10.1016/j.bmcl.2017.05.044,28571824,,present,NO,2026-07-23 ChEMBL REST panel; dump rows use STANDARD_OK
PIK3CA/mTOR,PM48_13,CHEMBL2336325,1525993,B,MTOR,CHEMBL2842,18813236,CHEMBL4276429,B,Kd,=,0.14,nM,9.85,CHEMBL4270669,10.1021/acs.jmedchem.8b01262,30359003,,present,YES,2026-07-23 ChEMBL REST panel; dump rows use STANDARD_OK
PIK3CA/mTOR,PM48_13,CHEMBL2336325,1525993,B,MTOR,CHEMBL2842,24788806,CHEMBL5131804,B,IC50,=,2.8,nM,8.55,CHEMBL5131375,10.1021/acs.jmedchem.0c01467,33539089,,present,NO,2026-07-23 ChEMBL REST panel; dump rows use STANDARD_OK
PIK3CA/mTOR,PM48_13,CHEMBL2336325,1525993,B,MTOR,CHEMBL2842,25556653,CHEMBL5347353,B,IC50,=,2.8,nM,8.55,CHEMBL5346869,10.1016/j.ejmech.2022.114971,36462440,,present,NO,2026-07-23 ChEMBL REST panel; dump rows use STANDARD_OK
PIK3CA/mTOR,PM48_13,CHEMBL2336325,1525993,B,MTOR,CHEMBL2842,25872956,CHEMBL5513494,B,IC50,=,0.14,nM,9.85,CHEMBL5512615,10.1016/j.ejmech.2023.116117,38295689,,present,YES,2026-07-23 ChEMBL REST panel; dump rows use STANDARD_OK
PIK3CA/mTOR,PM48_13,CHEMBL2336325,1525993,B,MTOR,CHEMBL2842,29205860,CHEMBL6121085,B,IC50,=,2.8,nM,8.55,CHEMBL6120936,10.1016/j.ejmech.2024.116688,39033611,,present,NO,2026-07-23 ChEMBL REST panel; dump rows use STANDARD_OK
PIK3CA/mTOR,PM48_13,CHEMBL2336325,1525993,B,MTOR,CHEMBL2842,29217356,CHEMBL6124352,B,IC50,=,3.41,nM,8.47,CHEMBL6121003,10.1016/j.ejmech.2024.117200,39733482,,present,NO,2026-07-23 ChEMBL REST panel; dump rows use STANDARD_OK
PIK3CA/mTOR,PM48_14,CHEMBL3393066,1827400,A,PIK3CA,CHEMBL4005,15152457,CHEMBL3395875,B,IC50,=,16,nM,7.8,CHEMBL3392967,10.1021/jm501026z,25387153,,present,YES,2026-07-23 ChEMBL REST panel; dump rows use STANDARD_OK
PIK3CA/mTOR,PM48_14,CHEMBL3393066,1827400,A,PIK3CA,CHEMBL4005,24995813,CHEMBL5231757,B,IC50,=,18,nM,7.75,CHEMBL5230127,10.1016/j.ejmech.2020.112820,32966896,,present,NO,2026-07-23 ChEMBL REST panel; dump rows use STANDARD_OK
PIK3CA/mTOR,PM48_14,CHEMBL3393066,1827400,A,PIK3CA,CHEMBL4005,25556694,CHEMBL5347378,B,IC50,=,16,nM,7.8,CHEMBL5346869,10.1016/j.ejmech.2022.114971,36462440,,present,YES,2026-07-23 ChEMBL REST panel; dump rows use STANDARD_OK
PIK3CA/mTOR,PM48_14,CHEMBL3393066,1827400,A,PIK3CA,CHEMBL4005,25892643,CHEMBL5519905,B,IC50,=,16,nM,7.8,CHEMBL5518190,10.1016/j.ejmech.2023.116109,38183777,,present,YES,2026-07-23 ChEMBL REST panel; dump rows use STANDARD_OK
PIK3CA/mTOR,PM48_14,CHEMBL3393066,1827400,B,MTOR,CHEMBL2842,24995815,CHEMBL5231759,B,IC50,=,37,nM,7.43,CHEMBL5230127,10.1016/j.ejmech.2020.112820,32966896,,present,YES,2026-07-23 ChEMBL REST panel; dump rows use STANDARD_OK
PIK3CA/mTOR,PM48_14,CHEMBL3393066,1827400,B,MTOR,CHEMBL2842,25072205,CHEMBL5253274,B,IC50,=,39,nM,7.41,CHEMBL5252519,10.1016/j.ejmech.2016.02.018,26907156,,present,NO,2026-07-23 ChEMBL REST panel; dump rows use STANDARD_OK
PIK3CA/mTOR,PM48_14,CHEMBL3393066,1827400,B,MTOR,CHEMBL2842,25556693,CHEMBL5347377,B,IC50,=,37,nM,7.43,CHEMBL5346869,10.1016/j.ejmech.2022.114971,36462440,,present,YES,2026-07-23 ChEMBL REST panel; dump rows use STANDARD_OK
PIK3CA/mTOR,PM48_14,CHEMBL3393066,1827400,B,MTOR,CHEMBL2842,25892672,CHEMBL5519914,B,IC50,=,37,nM,7.43,CHEMBL5518190,10.1016/j.ejmech.2023.116109,38183777,,present,YES,2026-07-23 ChEMBL REST panel; dump rows use STANDARD_OK
PIK3CA/mTOR,PM48_15,CHEMBL3813842,2089439,A,PIK3CA,CHEMBL4005,16618636,CHEMBL3816166,B,Ki,=,2,nM,8.7,CHEMBL3813614,10.1021/acsmedchemlett.6b00005,27096040,,present,YES,2026-07-23 ChEMBL REST panel; dump rows use STANDARD_OK
PIK3CA/mTOR,PM48_15,CHEMBL3813842,2089439,A,PIK3CA,CHEMBL4005,25556612,CHEMBL5347349,B,IC50,=,2,nM,8.7,CHEMBL5346869,10.1016/j.ejmech.2022.114971,36462440,,present,YES,2026-07-23 ChEMBL REST panel; dump rows use STANDARD_OK
PIK3CA/mTOR,PM48_15,CHEMBL3813842,2089439,B,MTOR,CHEMBL2842,16618630,CHEMBL3816167,B,Ki,=,70,nM,7.16,CHEMBL3813614,10.1021/acsmedchemlett.6b00005,27096040,,present,YES,2026-07-23 ChEMBL REST panel; dump rows use STANDARD_OK
PIK3CA/mTOR,PM48_15,CHEMBL3813842,2089439,B,MTOR,CHEMBL2842,25556658,CHEMBL5347353,B,IC50,=,70,nM,7.16,CHEMBL5346869,10.1016/j.ejmech.2022.114971,36462440,,present,YES,2026-07-23 ChEMBL REST panel; dump rows use STANDARD_OK
PIK3CA/mTOR,PM48_16,CHEMBL3545366,1927215,A,PIK3CA,CHEMBL4005,19139815,CHEMBL4376357,B,IC50,=,39,nM,7.41,CHEMBL4373732,10.1016/j.ejmech.2019.111718,31581005,,present,YES,2026-07-23 ChEMBL REST panel; dump rows use STANDARD_OK
PIK3CA/mTOR,PM48_16,CHEMBL3545366,1927215,A,PIK3CA,CHEMBL4005,22899844,CHEMBL4731437,B,IC50,=,39,nM,7.41,CHEMBL4725466,10.1021/acsmedchemlett.0c00289,33214824,,present,YES,2026-07-23 ChEMBL REST panel; dump rows use STANDARD_OK
PIK3CA/mTOR,PM48_16,CHEMBL3545366,1927215,A,PIK3CA,CHEMBL4005,24773330,CHEMBL5127274,B,IC50,=,39,nM,7.41,CHEMBL5126514,10.1016/j.ejmech.2021.114039,34894440,,present,YES,2026-07-23 ChEMBL REST panel; dump rows use STANDARD_OK
PIK3CA/mTOR,PM48_16,CHEMBL3545366,1927215,A,PIK3CA,CHEMBL4005,25556613,CHEMBL5347349,B,IC50,=,39,nM,7.41,CHEMBL5346869,10.1016/j.ejmech.2022.114971,36462440,,present,YES,2026-07-23 ChEMBL REST panel; dump rows use STANDARD_OK
PIK3CA/mTOR,PM48_16,CHEMBL3545366,1927215,A,PIK3CA,CHEMBL4005,25892709,CHEMBL5519924,B,IC50,=,39,nM,7.41,CHEMBL5518190,10.1016/j.ejmech.2023.116109,38183777,,present,YES,2026-07-23 ChEMBL REST panel; dump rows use STANDARD_OK
PIK3CA/mTOR,PM48_16,CHEMBL3545366,1927215,B,MTOR,CHEMBL2842,19139811,CHEMBL4376361,B,IC50,=,157,nM,6.8,CHEMBL4373732,10.1016/j.ejmech.2019.111718,31581005,,present,NO,2026-07-23 ChEMBL REST panel; dump rows use STANDARD_OK
PIK3CA/mTOR,PM48_16,CHEMBL3545366,1927215,B,MTOR,CHEMBL2842,22899845,CHEMBL4731438,B,IC50,=,157,nM,6.8,CHEMBL4725466,10.1021/acsmedchemlett.0c00289,33214824,,present,NO,2026-07-23 ChEMBL REST panel; dump rows use STANDARD_OK
PIK3CA/mTOR,PM48_16,CHEMBL3545366,1927215,B,MTOR,CHEMBL2842,25556713,CHEMBL5347397,B,IC50,=,160,nM,6.8,CHEMBL5346869,10.1016/j.ejmech.2022.114971,36462440,,present,NO,2026-07-23 ChEMBL REST panel; dump rows use STANDARD_OK
PIK3CA/mTOR,PM48_16,CHEMBL3545366,1927215,B,MTOR,CHEMBL2842,25892674,CHEMBL5519914,B,IC50,=,150,nM,6.82,CHEMBL5518190,10.1016/j.ejmech.2023.116109,38183777,,present,YES,2026-07-23 ChEMBL REST panel; dump rows use STANDARD_OK
PIK3CA/mTOR,PM48_17,CHEMBL4297181,2335152,A,PIK3CA,CHEMBL4005,24995798,CHEMBL5231744,B,IC50,=,6.07,nM,8.22,CHEMBL5230127,10.1016/j.ejmech.2020.112820,32966896,,present,YES,2026-07-23 ChEMBL REST panel; dump rows use STANDARD_OK
PIK3CA/mTOR,PM48_17,CHEMBL4297181,2335152,A,PIK3CA,CHEMBL4005,25556718,CHEMBL5347402,B,IC50,=,6.07,nM,8.22,CHEMBL5346869,10.1016/j.ejmech.2022.114971,36462440,,present,YES,2026-07-23 ChEMBL REST panel; dump rows use STANDARD_OK
PIK3CA/mTOR,PM48_17,CHEMBL4297181,2335152,A,PIK3CA,CHEMBL4005,25892708,CHEMBL5519924,B,IC50,=,6.07,nM,8.22,CHEMBL5518190,10.1016/j.ejmech.2023.116109,38183777,,present,YES,2026-07-23 ChEMBL REST panel; dump rows use STANDARD_OK
PIK3CA/mTOR,PM48_17,CHEMBL4297181,2335152,B,MTOR,CHEMBL2842,24995804,CHEMBL5231748,B,IC50,=,165,nM,6.78,CHEMBL5230127,10.1016/j.ejmech.2020.112820,32966896,,present,YES,2026-07-23 ChEMBL REST panel; dump rows use STANDARD_OK
PIK3CA/mTOR,PM48_17,CHEMBL4297181,2335152,B,MTOR,CHEMBL2842,25556719,CHEMBL5347403,B,IC50,=,165,nM,6.78,CHEMBL5346869,10.1016/j.ejmech.2022.114971,36462440,,present,YES,2026-07-23 ChEMBL REST panel; dump rows use STANDARD_OK
PIK3CA/mTOR,PM48_18,CHEMBL586702,528559,A,PIK3CA,CHEMBL4005,3389792,CHEMBL1216940,B,IC50,=,16,nM,7.8,CHEMBL1212808,10.1038/nchembio.293,20081827,,present,NO,2026-07-23 ChEMBL REST panel; dump rows use STANDARD_OK
PIK3CA/mTOR,PM48_18,CHEMBL586702,528559,A,PIK3CA,CHEMBL4005,7846946,CHEMBL1914124,B,IC50,=,8.9,nM,8.05,CHEMBL1909493,10.1021/jm200688y,21882832,,present,NO,2026-07-23 ChEMBL REST panel; dump rows use STANDARD_OK
PIK3CA/mTOR,PM48_18,CHEMBL586702,528559,A,PIK3CA,CHEMBL4005,7846950,CHEMBL1914120,B,IC50,=,25,nM,7.6,CHEMBL1909493,10.1021/jm200688y,21882832,,present,NO,2026-07-23 ChEMBL REST panel; dump rows use STANDARD_OK
PIK3CA/mTOR,PM48_18,CHEMBL586702,528559,A,PIK3CA,CHEMBL4005,7846951,CHEMBL1914070,B,IC50,=,12,nM,7.92,CHEMBL1909493,10.1021/jm200688y,21882832,,present,NO,2026-07-23 ChEMBL REST panel; dump rows use STANDARD_OK
PIK3CA/mTOR,PM48_18,CHEMBL586702,528559,A,PIK3CA,CHEMBL4005,7846976,CHEMBL1914069,B,IC50,=,111,nM,6.96,CHEMBL1909493,10.1021/jm200688y,21882832,,present,NO,2026-07-23 ChEMBL REST panel; dump rows use STANDARD_OK
PIK3CA/mTOR,PM48_18,CHEMBL586702,528559,A,PIK3CA,CHEMBL4005,7847589,CHEMBL1914068,B,IC50,=,32,nM,7.5,CHEMBL1909493,10.1021/jm200688y,21882832,,present,NO,2026-07-23 ChEMBL REST panel; dump rows use STANDARD_OK
PIK3CA/mTOR,PM48_18,CHEMBL586702,528559,A,PIK3CA,CHEMBL4005,7999467,CHEMBL1942432,B,IC50,=,26,nM,7.58,CHEMBL1938252,10.1016/j.bmcl.2011.12.001,22197143,,present,NO,2026-07-23 ChEMBL REST panel; dump rows use STANDARD_OK
PIK3CA/mTOR,PM48_18,CHEMBL586702,528559,A,PIK3CA,CHEMBL4005,8056175,CHEMBL1960282,B,IC50,=,16,nM,7.8,CHEMBL1955734,10.1016/j.bmc.2012.01.017,22336246,,present,NO,2026-07-23 ChEMBL REST panel; dump rows use STANDARD_OK
PIK3CA/mTOR,PM48_18,CHEMBL586702,528559,A,PIK3CA,CHEMBL4005,12656752,CHEMBL2328971,B,IC50,=,6,nM,8.22,CHEMBL2321664,10.1021/ml300336j,23795239,,present,NO,2026-07-23 ChEMBL REST panel; dump rows use STANDARD_OK
PIK3CA/mTOR,PM48_18,CHEMBL586702,528559,A,PIK3CA,CHEMBL4005,12662900,CHEMBL2328239,B,IC50,=,6,nM,8.22,CHEMBL2321769,10.1016/j.bmcl.2012.11.076,23265896,,present,NO,2026-07-23 ChEMBL REST panel; dump rows use STANDARD_OK
PIK3CA/mTOR,PM48_18,CHEMBL586702,528559,A,PIK3CA,CHEMBL4005,14553285,CHEMBL3223603,B,IC50,=,16,nM,7.8,CHEMBL3217752,10.1039/C2MD20044A,,,present,NO,2026-07-23 ChEMBL REST panel; dump rows use STANDARD_OK
PIK3CA/mTOR,PM48_18,CHEMBL586702,528559,A,PIK3CA,CHEMBL4005,15152456,CHEMBL3395875,B,IC50,=,16,nM,7.8,CHEMBL3392967,10.1021/jm501026z,25387153,,present,NO,2026-07-23 ChEMBL REST panel; dump rows use STANDARD_OK
PIK3CA/mTOR,PM48_18,CHEMBL586702,528559,A,PIK3CA,CHEMBL4005,18414463,CHEMBL4152726,B,IC50,=,16,nM,7.8,CHEMBL4152193,10.1016/j.ejmech.2018.03.066,29625382,,present,NO,2026-07-23 ChEMBL REST panel; dump rows use STANDARD_OK
PIK3CA/mTOR,PM48_18,CHEMBL586702,528559,A,PIK3CA,CHEMBL4005,18771175,CHEMBL4268347,B,EC50,=,50,nM,7.3,CHEMBL4265945,10.1016/j.ejmech.2018.09.002,30245395,,present,NO,2026-07-23 ChEMBL REST panel; dump rows use STANDARD_OK
PIK3CA/mTOR,PM48_18,CHEMBL586702,528559,A,PIK3CA,CHEMBL4005,18771178,CHEMBL4268350,B,EC50,=,50,nM,7.3,CHEMBL4265945,10.1016/j.ejmech.2018.09.002,30245395,,present,NO,2026-07-23 ChEMBL REST panel; dump rows use STANDARD_OK
PIK3CA/mTOR,PM48_18,CHEMBL586702,528559,A,PIK3CA,CHEMBL4005,19139816,CHEMBL4376370,B,IC50,=,16,nM,7.8,CHEMBL4373732,10.1016/j.ejmech.2019.111718,31581005,,present,NO,2026-07-23 ChEMBL REST panel; dump rows use STANDARD_OK
PIK3CA/mTOR,PM48_18,CHEMBL586702,528559,A,PIK3CA,CHEMBL4005,24413994,CHEMBL5046922,B,IC50,=,5,nM,8.3,CHEMBL5046229,10.1016/j.ejmech.2021.113996,34802837,,present,YES,2026-07-23 ChEMBL REST panel; dump rows use STANDARD_OK
PIK3CA/mTOR,PM48_18,CHEMBL586702,528559,A,PIK3CA,CHEMBL4005,24954239,CHEMBL5210357,B,IC50,=,16,nM,7.8,CHEMBL5210307,10.6019/CHEMBL5210307,,,present,NO,2026-07-23 ChEMBL REST panel; dump rows use STANDARD_OK
PIK3CA/mTOR,PM48_18,CHEMBL586702,528559,A,PIK3CA,CHEMBL4005,24958607,CHEMBL5213092,B,IC50,=,37,nM,7.43,CHEMBL5212743,10.6019/CHEMBL5212743,,,present,NO,2026-07-23 ChEMBL REST panel; dump rows use STANDARD_OK
PIK3CA/mTOR,PM48_18,CHEMBL586702,528559,A,PIK3CA,CHEMBL4005,24978759,CHEMBL5225427,B,IC50,=,16,nM,7.8,CHEMBL5223150,10.1021/acs.jmedchem.2c01070,36503229,,present,NO,2026-07-23 ChEMBL REST panel; dump rows use STANDARD_OK
PIK3CA/mTOR,PM48_18,CHEMBL586702,528559,A,PIK3CA,CHEMBL4005,25556605,CHEMBL5347349,B,IC50,=,16,nM,7.8,CHEMBL5346869,10.1016/j.ejmech.2022.114971,36462440,,present,NO,2026-07-23 ChEMBL REST panel; dump rows use STANDARD_OK
PIK3CA/mTOR,PM48_18,CHEMBL586702,528559,A,PIK3CA,CHEMBL4005,25645333,CHEMBL5369151,B,IC50,=,8.6,nM,8.07,CHEMBL5365503,10.1021/acsmedchemlett.3c00287,37736169,,present,NO,2026-07-23 ChEMBL REST panel; dump rows use STANDARD_OK
PIK3CA/mTOR,PM48_18,CHEMBL586702,528559,A,PIK3CA,CHEMBL4005,25645369,CHEMBL5369155,B,IC50,=,6.4,nM,8.19,CHEMBL5365503,10.1021/acsmedchemlett.3c00287,37736169,,present,NO,2026-07-23 ChEMBL REST panel; dump rows use STANDARD_OK
PIK3CA/mTOR,PM48_18,CHEMBL586702,528559,A,PIK3CA,CHEMBL4005,25892681,CHEMBL5519915,B,IC50,=,16,nM,7.8,CHEMBL5518190,10.1016/j.ejmech.2023.116109,38183777,,present,NO,2026-07-23 ChEMBL REST panel; dump rows use STANDARD_OK
PIK3CA/mTOR,PM48_18,CHEMBL586702,528559,A,PIK3CA,CHEMBL4005,25892734,CHEMBL5519941,B,IC50,=,16,nM,7.8,CHEMBL5518190,10.1016/j.ejmech.2023.116109,38183777,,present,NO,2026-07-23 ChEMBL REST panel; dump rows use STANDARD_OK
PIK3CA/mTOR,PM48_18,CHEMBL586702,528559,A,PIK3CA,CHEMBL4005,26224990,CHEMBL5654100,B,IC50,=,16,nM,7.8,CHEMBL5653604,10.1038/aps.2010.150,20729870,,present,NO,2026-07-23 ChEMBL REST panel; dump rows use STANDARD_OK
PIK3CA/mTOR,PM48_18,CHEMBL586702,528559,A,PIK3CA,CHEMBL4005,26225021,CHEMBL5654104,B,IC50,=,16,nM,7.8,CHEMBL5653604,10.1038/aps.2010.150,20729870,,present,NO,2026-07-23 ChEMBL REST panel; dump rows use STANDARD_OK
PIK3CA/mTOR,PM48_18,CHEMBL586702,528559,A,PIK3CA,CHEMBL4005,26228522,CHEMBL5657142,B,IC50,=,7.4,nM,8.13,CHEMBL5653618,10.1021/ml900028r,24900173,,present,NO,2026-07-23 ChEMBL REST panel; dump rows use STANDARD_OK
PIK3CA/mTOR,PM48_18,CHEMBL586702,528559,B,MTOR,CHEMBL2842,7999460,CHEMBL1942431,B,IC50,=,350,nM,6.46,CHEMBL1938252,10.1016/j.bmcl.2011.12.001,22197143,,present,YES,2026-07-23 ChEMBL REST panel; dump rows use STANDARD_OK
PIK3CA/mTOR,PM48_18,CHEMBL586702,528559,B,MTOR,CHEMBL2842,14977852,CHEMBL3377242,B,IC50,=,370,nM,6.43,CHEMBL3352433,10.1021/ml500354e,25589915,,present,NO,2026-07-23 ChEMBL REST panel; dump rows use STANDARD_OK
PIK3CA/mTOR,PM48_18,CHEMBL586702,528559,B,MTOR,CHEMBL2842,16756890,CHEMBL3861272,B,IC50,=,370,nM,6.43,CHEMBL3860068,10.1021/acs.jmedchem.6b00963,27644332,,present,NO,2026-07-23 ChEMBL REST panel; dump rows use STANDARD_OK
PIK3CA/mTOR,PM48_19,CHEMBL2387080,1563853,A,PIK3CA,CHEMBL4005,13313859,CHEMBL2388232,B,IC50,=,31,nM,7.51,CHEMBL2384988,10.1021/jm4003632,23662903,,present,NO,2026-07-23 ChEMBL REST panel; dump rows use STANDARD_OK
PIK3CA/mTOR,PM48_19,CHEMBL2387080,1563853,A,PIK3CA,CHEMBL4005,13313948,CHEMBL2388266,B,IC50,=,4,nM,8.4,CHEMBL2384988,10.1021/jm4003632,23662903,,present,NO,2026-07-23 ChEMBL REST panel; dump rows use STANDARD_OK
PIK3CA/mTOR,PM48_19,CHEMBL2387080,1563853,A,PIK3CA,CHEMBL4005,13313974,CHEMBL2388269,B,Ki,=,0.29,nM,9.54,CHEMBL2384988,10.1021/jm4003632,23662903,,present,NO,2026-07-23 ChEMBL REST panel; dump rows use STANDARD_OK
PIK3CA/mTOR,PM48_19,CHEMBL2387080,1563853,A,PIK3CA,CHEMBL4005,16485089,CHEMBL3774221,B,Ki,=,0.3,nM,9.52,CHEMBL3769318,10.1021/acs.jmedchem.5b01483,26741947,,present,NO,2026-07-23 ChEMBL REST panel; dump rows use STANDARD_OK
PIK3CA/mTOR,PM48_19,CHEMBL2387080,1563853,A,PIK3CA,CHEMBL4005,24873749,CHEMBL5153851,B,Ki,=,0.09,nM,10.05,CHEMBL5150064,10.1021/acs.jmedchem.2c01422,36455032,,present,YES,2026-07-23 ChEMBL REST panel; dump rows use STANDARD_OK
PIK3CA/mTOR,PM48_19,CHEMBL2387080,1563853,A,PIK3CA,CHEMBL4005,24873822,CHEMBL5153854,B,EC50,=,24,nM,7.62,CHEMBL5150064,10.1021/acs.jmedchem.2c01422,36455032,,present,NO,2026-07-23 ChEMBL REST panel; dump rows use STANDARD_OK
PIK3CA/mTOR,PM48_19,CHEMBL2387080,1563853,A,PIK3CA,CHEMBL4005,24953800,CHEMBL5209966,B,IC50,=,4,nM,8.4,CHEMBL5209897,10.6019/CHEMBL5209897,,,present,NO,2026-07-23 ChEMBL REST panel; dump rows use STANDARD_OK
PIK3CA/mTOR,PM48_19,CHEMBL2387080,1563853,A,PIK3CA,CHEMBL4005,24954266,CHEMBL5210384,B,Ki,=,0.29,nM,9.54,CHEMBL5210307,10.6019/CHEMBL5210307,,,present,NO,2026-07-23 ChEMBL REST panel; dump rows use STANDARD_OK
PIK3CA/mTOR,PM48_19,CHEMBL2387080,1563853,A,PIK3CA,CHEMBL4005,28202288,CHEMBL5736185,B,Ki,=,0.09,nM,10.05,CHEMBL5728150,,,US-10851091-B2,present,YES,2026-07-23 ChEMBL REST panel; dump rows use STANDARD_OK
PIK3CA/mTOR,PM48_19,CHEMBL2387080,1563853,A,PIK3CA,CHEMBL4005,28202396,CHEMBL5736185,B,Ki,=,0.09,nM,10.05,CHEMBL5728150,,,US-10851091-B2,present,YES,2026-07-23 ChEMBL REST panel; dump rows use STANDARD_OK
PIK3CA/mTOR,PM48_19,CHEMBL2387080,1563853,A,PIK3CA,CHEMBL4005,29205883,CHEMBL6121101,B,IC50,=,0.29,nM,9.54,CHEMBL6120936,10.1016/j.ejmech.2024.116688,39033611,,present,NO,2026-07-23 ChEMBL REST panel; dump rows use STANDARD_OK
PIK3CA/mTOR,PM48_19,CHEMBL2387080,1563853,B,MTOR,CHEMBL2842,13313855,CHEMBL2388228,B,Ki,=,1200,nM,5.92,CHEMBL2384988,10.1021/jm4003632,23662903,,present,YES,2026-07-23 ChEMBL REST panel; dump rows use STANDARD_OK
PIK3CA/mTOR,PM48_20,CHEMBL3646632,1979392,A,PIK3CA,CHEMBL4005,17637741,CHEMBL3706341,B,Ki,=,2,nM,8.7,CHEMBL3638541,,,US-8772480-B2,present,YES,2026-07-23 ChEMBL REST panel; dump rows use STANDARD_OK
PIK3CA/mTOR,PM48_20,CHEMBL3646632,1979392,B,MTOR,CHEMBL2842,17638086,CHEMBL3706289,B,IC50,=,1209,nM,5.92,CHEMBL3638541,,,US-8772480-B2,present,YES,2026-07-23 ChEMBL REST panel; dump rows use STANDARD_OK
PIK3CA/mTOR,PM48_21,CHEMBL3814414,2089438,A,PIK3CA,CHEMBL4005,16618637,CHEMBL3816166,B,Ki,=,2,nM,8.7,CHEMBL3813614,10.1021/acsmedchemlett.6b00005,27096040,,present,YES,2026-07-23 ChEMBL REST panel; dump rows use STANDARD_OK
PIK3CA/mTOR,PM48_21,CHEMBL3814414,2089438,B,MTOR,CHEMBL2842,16618631,CHEMBL3816167,B,Ki,=,1200,nM,5.92,CHEMBL3813614,10.1021/acsmedchemlett.6b00005,27096040,,present,YES,2026-07-23 ChEMBL REST panel; dump rows use STANDARD_OK
PIK3CA/mTOR,PM48_22,CHEMBL2396661,1567700,A,PIK3CA,CHEMBL4005,13350733,CHEMBL2400726,B,IC50,=,74,nM,7.13,CHEMBL2396607,10.1016/j.bmcl.2013.05.007,23726034,,present,NO,2026-07-23 ChEMBL REST panel; dump rows use STANDARD_OK
PIK3CA/mTOR,PM48_22,CHEMBL2396661,1567700,A,PIK3CA,CHEMBL4005,13350818,CHEMBL2400732,B,IC50,=,5,nM,8.3,CHEMBL2396607,10.1016/j.bmcl.2013.05.007,23726034,,present,NO,2026-07-23 ChEMBL REST panel; dump rows use STANDARD_OK
PIK3CA/mTOR,PM48_22,CHEMBL2396661,1567700,A,PIK3CA,CHEMBL4005,15686586,CHEMBL3606204,B,IC50,=,74,nM,7.13,CHEMBL3603757,10.1016/j.bmcl.2015.06.077,26164189,,present,NO,2026-07-23 ChEMBL REST panel; dump rows use STANDARD_OK
PIK3CA/mTOR,PM48_22,CHEMBL2396661,1567700,A,PIK3CA,CHEMBL4005,15687183,CHEMBL3606198,B,IC50,=,5,nM,8.3,CHEMBL3603757,10.1016/j.bmcl.2015.06.077,26164189,,present,NO,2026-07-23 ChEMBL REST panel; dump rows use STANDARD_OK
PIK3CA/mTOR,PM48_22,CHEMBL2396661,1567700,A,PIK3CA,CHEMBL4005,15694977,CHEMBL3611486,B,IC50,=,5,nM,8.3,CHEMBL3608239,10.1016/j.bmcl.2015.06.078,26206504,,present,NO,2026-07-23 ChEMBL REST panel; dump rows use STANDARD_OK
PIK3CA/mTOR,PM48_22,CHEMBL2396661,1567700,A,PIK3CA,CHEMBL4005,16756869,CHEMBL3861244,B,IC50,=,4.6,nM,8.34,CHEMBL3860068,10.1021/acs.jmedchem.6b00963,27644332,,present,NO,2026-07-23 ChEMBL REST panel; dump rows use STANDARD_OK
PIK3CA/mTOR,PM48_22,CHEMBL2396661,1567700,A,PIK3CA,CHEMBL4005,18135347,CHEMBL4029707,B,IC50,=,5,nM,8.3,CHEMBL4028814,10.1016/j.bmc.2017.02.056,28341403,,present,NO,2026-07-23 ChEMBL REST panel; dump rows use STANDARD_OK
PIK3CA/mTOR,PM48_22,CHEMBL2396661,1567700,A,PIK3CA,CHEMBL4005,22806140,CHEMBL4712573,B,IC50,=,200,nM,6.7,CHEMBL4706640,10.1021/acs.jmedchem.0c01652,33356246,,present,NO,2026-07-23 ChEMBL REST panel; dump rows use STANDARD_OK
PIK3CA/mTOR,PM48_22,CHEMBL2396661,1567700,A,PIK3CA,CHEMBL4005,22851172,CHEMBL4723693,B,IC50,=,9.5,nM,8.02,CHEMBL4715864,10.1016/j.bmc.2020.115863,33199203,,present,NO,2026-07-23 ChEMBL REST panel; dump rows use STANDARD_OK
PIK3CA/mTOR,PM48_22,CHEMBL2396661,1567700,A,PIK3CA,CHEMBL4005,22899846,CHEMBL4731439,B,IC50,=,5,nM,8.3,CHEMBL4725466,10.1021/acsmedchemlett.0c00289,33214824,,present,NO,2026-07-23 ChEMBL REST panel; dump rows use STANDARD_OK
PIK3CA/mTOR,PM48_22,CHEMBL2396661,1567700,A,PIK3CA,CHEMBL4005,22909027,CHEMBL4733831,B,IC50,=,17.8,nM,7.75,CHEMBL4732078,10.1016/j.ejmech.2020.112913,33109399,,present,NO,2026-07-23 ChEMBL REST panel; dump rows use STANDARD_OK
PIK3CA/mTOR,PM48_22,CHEMBL2396661,1567700,A,PIK3CA,CHEMBL4005,24953807,CHEMBL5209973,B,IC50,=,74,nM,7.13,CHEMBL5209897,10.6019/CHEMBL5209897,,,present,NO,2026-07-23 ChEMBL REST panel; dump rows use STANDARD_OK
PIK3CA/mTOR,PM48_22,CHEMBL2396661,1567700,A,PIK3CA,CHEMBL4005,24954273,CHEMBL5210391,B,IC50,=,5,nM,8.3,CHEMBL5210307,10.6019/CHEMBL5210307,,,present,NO,2026-07-23 ChEMBL REST panel; dump rows use STANDARD_OK
PIK3CA/mTOR,PM48_22,CHEMBL2396661,1567700,A,PIK3CA,CHEMBL4005,25636466,CHEMBL5367104,B,IC50,=,5,nM,8.3,CHEMBL5365452,10.1016/j.bmcl.2023.129462,37652098,,present,NO,2026-07-23 ChEMBL REST panel; dump rows use STANDARD_OK
PIK3CA/mTOR,PM48_22,CHEMBL2396661,1567700,A,PIK3CA,CHEMBL4005,25645332,CHEMBL5369151,B,IC50,=,4.6,nM,8.34,CHEMBL5365503,10.1021/acsmedchemlett.3c00287,37736169,,present,NO,2026-07-23 ChEMBL REST panel; dump rows use STANDARD_OK
PIK3CA/mTOR,PM48_22,CHEMBL2396661,1567700,A,PIK3CA,CHEMBL4005,25715517,CHEMBL5389538,B,IC50,=,4.6,nM,8.34,CHEMBL5385938,10.1021/acs.jmedchem.4c00078,38477582,,present,NO,2026-07-23 ChEMBL REST panel; dump rows use STANDARD_OK
PIK3CA/mTOR,PM48_22,CHEMBL2396661,1567700,A,PIK3CA,CHEMBL4005,25715518,CHEMBL5389539,B,IC50,=,4.8,nM,8.32,CHEMBL5385938,10.1021/acs.jmedchem.4c00078,38477582,,present,NO,2026-07-23 ChEMBL REST panel; dump rows use STANDARD_OK
PIK3CA/mTOR,PM48_22,CHEMBL2396661,1567700,A,PIK3CA,CHEMBL4005,25715642,CHEMBL5389576,B,IC50,=,3,nM,8.52,CHEMBL5385938,10.1021/acs.jmedchem.4c00078,38477582,,present,NO,2026-07-23 ChEMBL REST panel; dump rows use STANDARD_OK
PIK3CA/mTOR,PM48_22,CHEMBL2396661,1567700,A,PIK3CA,CHEMBL4005,25956318,CHEMBL5538330,B,IC50,=,6.1,nM,8.21,CHEMBL5537133,10.1016/j.ejmech.2023.116015,38048697,,present,NO,2026-07-23 ChEMBL REST panel; dump rows use STANDARD_OK
PIK3CA/mTOR,PM48_22,CHEMBL2396661,1567700,A,PIK3CA,CHEMBL4005,26030793,CHEMBL5582514,B,IC50,=,1.7,nM,8.77,CHEMBL5579880,10.1021/acs.jmedchem.4c00992,39159497,,present,YES,2026-07-23 ChEMBL REST panel; dump rows use STANDARD_OK
PIK3CA/mTOR,PM48_22,CHEMBL2396661,1567700,A,PIK3CA,CHEMBL4005,29055476,CHEMBL6071583,B,IC50,=,5,nM,8.3,CHEMBL6071132,10.1016/j.ejmech.2024.116722,39079309,,present,NO,2026-07-23 ChEMBL REST panel; dump rows use STANDARD_OK
PIK3CA/mTOR,PM48_22,CHEMBL2396661,1567700,A,PIK3CA,CHEMBL4005,29055512,CHEMBL6071618,B,IC50,=,4,nM,8.4,CHEMBL6071132,10.1016/j.ejmech.2024.116722,39079309,,present,NO,2026-07-23 ChEMBL REST panel; dump rows use STANDARD_OK
PIK3CA/mTOR,PM48_22,CHEMBL2396661,1567700,A,PIK3CA,CHEMBL4005,29057539,CHEMBL6072378,B,IC50,=,5,nM,8.3,CHEMBL6071150,10.1016/j.ejmech.2024.116786,39180946,,present,NO,2026-07-23 ChEMBL REST panel; dump rows use STANDARD_OK
PIK3CA/mTOR,PM48_22,CHEMBL2396661,1567700,A,PIK3CA,CHEMBL4005,29294706,CHEMBL6178929,B,IC50,=,87,nM,7.06,CHEMBL6177937,10.1039/d4md00462k,39345714,,present,NO,2026-07-23 ChEMBL REST panel; dump rows use STANDARD_OK
PIK3CA/mTOR,PM48_22,CHEMBL2396661,1567700,B,MTOR,CHEMBL2842,22806053,CHEMBL4712546,B,IC50,=,3000,nM,5.52,CHEMBL4706640,10.1021/acs.jmedchem.0c01652,33356246,,present,NO,2026-07-23 ChEMBL REST panel; dump rows use STANDARD_OK
PIK3CA/mTOR,PM48_22,CHEMBL2396661,1567700,B,MTOR,CHEMBL2842,22965963,CHEMBL4769547,A,IC50,=,1461,nM,5.83,CHEMBL4765307,10.1016/j.ejmech.2020.112309,32375077,,present,YES,2026-07-23 ChEMBL REST panel; dump rows use STANDARD_OK
PIK3CA/mTOR,PM48_23,CHEMBL2058166,1353925,A,PIK3CA,CHEMBL4005,10960471,CHEMBL2060319,B,IC50,=,14,nM,7.85,CHEMBL2057167,10.1016/j.bmcl.2012.06.093,22819764,,present,NO,2026-07-23 ChEMBL REST panel; dump rows use STANDARD_OK
PIK3CA/mTOR,PM48_23,CHEMBL2058166,1353925,A,PIK3CA,CHEMBL4005,10960490,CHEMBL2060321,B,IC50,=,2.7,nM,8.57,CHEMBL2057167,10.1016/j.bmcl.2012.06.093,22819764,,present,YES,2026-07-23 ChEMBL REST panel; dump rows use STANDARD_OK
PIK3CA/mTOR,PM48_23,CHEMBL2058166,1353925,B,MTOR,CHEMBL2842,10960480,CHEMBL2060320,B,IC50,=,2290,nM,5.64,CHEMBL2057167,10.1016/j.bmcl.2012.06.093,22819764,,present,YES,2026-07-23 ChEMBL REST panel; dump rows use STANDARD_OK
PIK3CA/mTOR,PM48_24,CHEMBL2017653,1335379,A,PIK3CA,CHEMBL4005,10851370,CHEMBL2020200,B,Ki,=,0.35,nM,9.46,CHEMBL2016534,10.1021/ml200126j,24900269,,present,YES,2026-07-23 ChEMBL REST panel; dump rows use STANDARD_OK
PIK3CA/mTOR,PM48_24,CHEMBL2017653,1335379,A,PIK3CA,CHEMBL4005,10851378,CHEMBL2020202,B,IC50,=,35,nM,7.46,CHEMBL2016534,10.1021/ml200126j,24900269,,present,NO,2026-07-23 ChEMBL REST panel; dump rows use STANDARD_OK
PIK3CA/mTOR,PM48_24,CHEMBL2017653,1335379,B,MTOR,CHEMBL2842,10851374,CHEMBL2020201,B,Ki,=,2470,nM,5.61,CHEMBL2016534,10.1021/ml200126j,24900269,,present,YES,2026-07-23 ChEMBL REST panel; dump rows use STANDARD_OK
PIK3CA/mTOR,PM48_25,CHEMBL411907,441100,A,PIK3CA,CHEMBL4005,2110258,CHEMBL934448,B,IC50,=,88,nM,7.06,CHEMBL1143164,10.1021/jm7012858,18269228,,present,NO,2026-07-23 ChEMBL REST panel; dump rows use STANDARD_OK
PIK3CA/mTOR,PM48_25,CHEMBL411907,441100,A,PIK3CA,CHEMBL4005,26224986,CHEMBL5654100,B,IC50,=,6,nM,8.22,CHEMBL5653604,10.1038/aps.2010.150,20729870,,present,NO,2026-07-23 ChEMBL REST panel; dump rows use STANDARD_OK
PIK3CA/mTOR,PM48_25,CHEMBL411907,441100,A,PIK3CA,CHEMBL4005,29205882,CHEMBL6121101,B,IC50,=,0.1,nM,10,CHEMBL6120936,10.1016/j.ejmech.2024.116688,39033611,,present,YES,2026-07-23 ChEMBL REST panel; dump rows use STANDARD_OK
PIK3CA/mTOR,PM48_25,CHEMBL411907,441100,B,MTOR,CHEMBL2842,2110201,CHEMBL934449,B,IC50,=,3100,nM,5.51,CHEMBL1143164,10.1021/jm7012858,18269228,,present,YES,2026-07-23 ChEMBL REST panel; dump rows use STANDARD_OK
PIK3CA/mTOR,PM48_26,CHEMBL3646543,1979303,A,PIK3CA,CHEMBL4005,17637614,CHEMBL3706341,B,Ki,=,4,nM,8.4,CHEMBL3638541,,,US-8772480-B2,present,YES,2026-07-23 ChEMBL REST panel; dump rows use STANDARD_OK
PIK3CA/mTOR,PM48_26,CHEMBL3646543,1979303,B,MTOR,CHEMBL2842,17637959,CHEMBL3706289,B,IC50,=,4767,nM,5.32,CHEMBL3638541,,,US-8772480-B2,present,YES,2026-07-23 ChEMBL REST panel; dump rows use STANDARD_OK
PIK3CA/mTOR,PM48_27,CHEMBL3646517,1979276,A,PIK3CA,CHEMBL4005,17637577,CHEMBL3706341,B,Ki,=,2,nM,8.7,CHEMBL3638541,,,US-8772480-B2,present,YES,2026-07-23 ChEMBL REST panel; dump rows use STANDARD_OK
PIK3CA/mTOR,PM48_27,CHEMBL3646517,1979276,B,MTOR,CHEMBL2842,17637922,CHEMBL3706289,B,IC50,=,5320,nM,5.27,CHEMBL3638541,,,US-8772480-B2,present,YES,2026-07-23 ChEMBL REST panel; dump rows use STANDARD_OK
PIK3CA/mTOR,PM48_28,CHEMBL2087493,1365156,A,PIK3CA,CHEMBL4005,11016296,CHEMBL2092081,B,IC50,=,5.2,nM,8.28,CHEMBL2086238,10.1016/j.bmcl.2012.03.090,22520259,,present,NO,2026-07-23 ChEMBL REST panel; dump rows use STANDARD_OK
PIK3CA/mTOR,PM48_28,CHEMBL2087493,1365156,A,PIK3CA,CHEMBL4005,11016388,CHEMBL2092094,B,Ki,=,2.77,nM,8.56,CHEMBL2086238,10.1016/j.bmcl.2012.03.090,22520259,,present,NO,2026-07-23 ChEMBL REST panel; dump rows use STANDARD_OK
PIK3CA/mTOR,PM48_28,CHEMBL2087493,1365156,A,PIK3CA,CHEMBL4005,11016393,CHEMBL2092095,B,Ki,=,1.73,nM,8.76,CHEMBL2086238,10.1016/j.bmcl.2012.03.090,22520259,,present,YES,2026-07-23 ChEMBL REST panel; dump rows use STANDARD_OK
PIK3CA/mTOR,PM48_28,CHEMBL2087493,1365156,A,PIK3CA,CHEMBL4005,11016398,CHEMBL2092096,B,Ki,=,3.07,nM,8.51,CHEMBL2086238,10.1016/j.bmcl.2012.03.090,22520259,,present,NO,2026-07-23 ChEMBL REST panel; dump rows use STANDARD_OK
PIK3CA/mTOR,PM48_28,CHEMBL2087493,1365156,B,MTOR,CHEMBL2842,11016368,CHEMBL2092092,B,IC50,=,5710,nM,5.24,CHEMBL2086238,10.1016/j.bmcl.2012.03.090,22520259,,present,YES,2026-07-23 ChEMBL REST panel; dump rows use STANDARD_OK
PIK3CA/mTOR,PM48_29,CHEMBL3357868,1822021,A,PIK3CA,CHEMBL4005,17637651,CHEMBL3706341,B,Ki,=,4,nM,8.4,CHEMBL3638541,,,US-8772480-B2,present,YES,2026-07-23 ChEMBL REST panel; dump rows use STANDARD_OK
PIK3CA/mTOR,PM48_29,CHEMBL3357868,1822021,B,MTOR,CHEMBL2842,14991607,CHEMBL3379685,B,IC50,=,7800,nM,5.11,CHEMBL3352452,10.1016/j.bmcl.2014.10.085,25466188,,present,YES,2026-07-23 ChEMBL REST panel; dump rows use STANDARD_OK
PIK3CA/mTOR,PM48_30,CHEMBL2165191,1428626,A,PIK3CA,CHEMBL4005,12094732,CHEMBL2167592,B,IC50,=,870,nM,6.06,CHEMBL2163325,10.1016/j.bmcl.2012.08.102,23010262,,present,NO,2026-07-23 ChEMBL REST panel; dump rows use STANDARD_OK
PIK3CA/mTOR,PM48_30,CHEMBL2165191,1428626,A,PIK3CA,CHEMBL4005,15064294,CHEMBL3368175,B,IC50,=,870,nM,6.06,CHEMBL3352617,10.1016/j.bmcl.2014.07.007,25042253,,present,NO,2026-07-23 ChEMBL REST panel; dump rows use STANDARD_OK
PIK3CA/mTOR,PM48_30,CHEMBL2165191,1428626,A,PIK3CA,CHEMBL4005,23258669,CHEMBL4832742,B,IC50,=,80,nM,7.1,CHEMBL4831512,10.1021/acs.jmedchem.1c00986,34384024,,present,YES,2026-07-23 ChEMBL REST panel; dump rows use STANDARD_OK
PIK3CA/mTOR,PM48_30,CHEMBL2165191,1428626,A,PIK3CA,CHEMBL4005,25783168,CHEMBL5468093,B,IC50,=,870,nM,6.06,CHEMBL5465560,10.6019/CHEMBL5465560,,,present,NO,2026-07-23 ChEMBL REST panel; dump rows use STANDARD_OK
PIK3CA/mTOR,PM48_30,CHEMBL2165191,1428626,A,PIK3CA,CHEMBL4005,26278832,CHEMBL5682776,B,IC50,=,870,nM,6.06,CHEMBL5678808,10.1111/j.1538-7836.2012.04898.x,22906130,,present,NO,2026-07-23 ChEMBL REST panel; dump rows use STANDARD_OK
PIK3CA/mTOR,PM48_30,CHEMBL2165191,1428626,B,MTOR,CHEMBL2842,25782764,CHEMBL5468047,B,IC50,=,8000,nM,5.1,CHEMBL5465560,10.6019/CHEMBL5465560,,,present,YES,2026-07-23 ChEMBL REST panel; dump rows use STANDARD_OK
PIK3CA/mTOR,PM48_30,CHEMBL2165191,1428626,B,MTOR,CHEMBL2842,26278844,CHEMBL5682785,B,IC50,=,8000,nM,5.1,CHEMBL5678808,10.1111/j.1538-7836.2012.04898.x,22906130,,present,YES,2026-07-23 ChEMBL REST panel; dump rows use STANDARD_OK
PIK3CA/mTOR,PM48_31,CHEMBL1086377,633587,A,PIK3CA,CHEMBL4005,13425755,CHEMBL2423427,B,IC50,=,4,nM,8.4,CHEMBL2417539,10.1021/jm400915j,23855836,,present,YES,2026-07-23 ChEMBL REST panel; dump rows use STANDARD_OK
PIK3CA/mTOR,PM48_31,CHEMBL1086377,633587,B,MTOR,CHEMBL2842,13424308,CHEMBL2423428,B,IC50,=,10000,nM,5,CHEMBL2417539,10.1021/jm400915j,23855836,,present,YES,2026-07-23 ChEMBL REST panel; dump rows use STANDARD_OK
PIK3CA/mTOR,PM48_32,CHEMBL4072637,2212548,A,PIK3CA,CHEMBL4005,18161823,CHEMBL4035970,B,IC50,=,6,nM,8.22,CHEMBL4033707,10.1016/j.bmcl.2017.05.028,28526367,,present,YES,2026-07-23 ChEMBL REST panel; dump rows use STANDARD_OK
PIK3CA/mTOR,PM48_32,CHEMBL4072637,2212548,B,MTOR,CHEMBL2842,18161867,CHEMBL4035997,B,IC50,=,29000,nM,4.54,CHEMBL4033707,10.1016/j.bmcl.2017.05.028,28526367,,present,YES,2026-07-23 ChEMBL REST panel; dump rows use STANDARD_OK
PIK3CA/mTOR,PM48_33,CHEMBL600447,590977,A,PIK3CA,CHEMBL4005,3081726,CHEMBL1074680,B,IC50,=,1053,nM,5.98,CHEMBL1153200,10.1016/j.bmcl.2009.11.050,19963384,,present,YES,2026-07-23 ChEMBL REST panel; dump rows use STANDARD_OK
PIK3CA/mTOR,PM48_33,CHEMBL600447,590977,B,MTOR,CHEMBL2842,3081725,CHEMBL1074679,B,IC50,=,3.3,nM,8.48,CHEMBL1153200,10.1016/j.bmcl.2009.11.050,19963384,,present,YES,2026-07-23 ChEMBL REST panel; dump rows use STANDARD_OK
PIK3CA/mTOR,PM48_34,CHEMBL601661,602753,A,PIK3CA,CHEMBL4005,3102732,CHEMBL1068273,B,IC50,=,1180,nM,5.93,CHEMBL1156873,10.1016/j.bmcl.2009.12.086,20089401,,present,YES,2026-07-23 ChEMBL REST panel; dump rows use STANDARD_OK
PIK3CA/mTOR,PM48_34,CHEMBL601661,602753,B,MTOR,CHEMBL2842,3102709,CHEMBL1068272,B,IC50,=,0.21,nM,9.68,CHEMBL1156873,10.1016/j.bmcl.2009.12.086,20089401,,present,NO,2026-07-23 ChEMBL REST panel; dump rows use STANDARD_OK
PIK3CA/mTOR,PM48_34,CHEMBL601661,602753,B,MTOR,CHEMBL2842,24995788,CHEMBL5231737,B,IC50,=,0.19,nM,9.72,CHEMBL5230127,10.1016/j.ejmech.2020.112820,32966896,,present,YES,2026-07-23 ChEMBL REST panel; dump rows use STANDARD_OK
PIK3CA/mTOR,PM48_34,CHEMBL601661,602753,B,MTOR,CHEMBL2842,25754434,CHEMBL5445957,F,IC50,=,2,nM,8.7,CHEMBL5444388,10.6019/CHEMBL5444388,,,present,NO,2026-07-23 ChEMBL REST panel; dump rows use STANDARD_OK
PIK3CA/mTOR,PM48_34,CHEMBL601661,602753,B,MTOR,CHEMBL2842,25754435,CHEMBL5445958,F,IC50,=,24,nM,7.62,CHEMBL5444388,10.6019/CHEMBL5444388,,,present,NO,2026-07-23 ChEMBL REST panel; dump rows use STANDARD_OK
PIK3CA/mTOR,PM48_34,CHEMBL601661,602753,B,MTOR,CHEMBL2842,25754436,CHEMBL5445959,F,IC50,=,60,nM,7.22,CHEMBL5444388,10.6019/CHEMBL5444388,,,present,NO,2026-07-23 ChEMBL REST panel; dump rows use STANDARD_OK
PIK3CA/mTOR,PM48_34,CHEMBL601661,602753,B,MTOR,CHEMBL2842,25754437,CHEMBL5445960,F,IC50,=,25,nM,7.6,CHEMBL5444388,10.6019/CHEMBL5444388,,,present,NO,2026-07-23 ChEMBL REST panel; dump rows use STANDARD_OK
PIK3CA/mTOR,PM48_34,CHEMBL601661,602753,B,MTOR,CHEMBL2842,25754438,CHEMBL5445961,F,IC50,=,37,nM,7.43,CHEMBL5444388,10.6019/CHEMBL5444388,,,present,NO,2026-07-23 ChEMBL REST panel; dump rows use STANDARD_OK
PIK3CA/mTOR,PM48_34,CHEMBL601661,602753,B,MTOR,CHEMBL2842,25754439,CHEMBL5445962,F,IC50,=,2,nM,8.7,CHEMBL5444388,10.6019/CHEMBL5444388,,,present,NO,2026-07-23 ChEMBL REST panel; dump rows use STANDARD_OK
PIK3CA/mTOR,PM48_34,CHEMBL601661,602753,B,MTOR,CHEMBL2842,25754440,CHEMBL5445963,F,IC50,=,2.1,nM,8.68,CHEMBL5444388,10.6019/CHEMBL5444388,,,present,NO,2026-07-23 ChEMBL REST panel; dump rows use STANDARD_OK
PIK3CA/mTOR,PM48_34,CHEMBL601661,602753,B,MTOR,CHEMBL2842,25754441,CHEMBL5445964,F,IC50,=,102,nM,6.99,CHEMBL5444388,10.6019/CHEMBL5444388,,,present,NO,2026-07-23 ChEMBL REST panel; dump rows use STANDARD_OK
PIK3CA/mTOR,PM48_34,CHEMBL601661,602753,B,MTOR,CHEMBL2842,25754442,CHEMBL5445965,F,IC50,=,70,nM,7.16,CHEMBL5444388,10.6019/CHEMBL5444388,,,present,NO,2026-07-23 ChEMBL REST panel; dump rows use STANDARD_OK
PIK3CA/mTOR,PM48_34,CHEMBL601661,602753,B,MTOR,CHEMBL2842,25754443,CHEMBL5445966,F,IC50,=,145,nM,6.84,CHEMBL5444388,10.6019/CHEMBL5444388,,,present,NO,2026-07-23 ChEMBL REST panel; dump rows use STANDARD_OK
PIK3CA/mTOR,PM48_34,CHEMBL601661,602753,B,MTOR,CHEMBL2842,25754444,CHEMBL5445967,F,IC50,=,300,nM,6.52,CHEMBL5444388,10.6019/CHEMBL5444388,,,present,NO,2026-07-23 ChEMBL REST panel; dump rows use STANDARD_OK
PIK3CA/mTOR,PM48_34,CHEMBL601661,602753,B,MTOR,CHEMBL2842,25754445,CHEMBL5445968,F,IC50,=,65,nM,7.19,CHEMBL5444388,10.6019/CHEMBL5444388,,,present,NO,2026-07-23 ChEMBL REST panel; dump rows use STANDARD_OK
PIK3CA/mTOR,PM48_34,CHEMBL601661,602753,B,MTOR,CHEMBL2842,25754446,CHEMBL5445969,F,IC50,=,110,nM,6.96,CHEMBL5444388,10.6019/CHEMBL5444388,,,present,NO,2026-07-23 ChEMBL REST panel; dump rows use STANDARD_OK
PIK3CA/mTOR,PM48_34,CHEMBL601661,602753,B,MTOR,CHEMBL2842,25754447,CHEMBL5445970,F,IC50,=,120,nM,6.92,CHEMBL5444388,10.6019/CHEMBL5444388,,,present,NO,2026-07-23 ChEMBL REST panel; dump rows use STANDARD_OK
PIK3CA/mTOR,PM48_34,CHEMBL601661,602753,B,MTOR,CHEMBL2842,25754448,CHEMBL5445971,F,IC50,=,25,nM,7.6,CHEMBL5444388,10.6019/CHEMBL5444388,,,present,NO,2026-07-23 ChEMBL REST panel; dump rows use STANDARD_OK
PIK3CA/mTOR,PM48_34,CHEMBL601661,602753,B,MTOR,CHEMBL2842,25754449,CHEMBL5445972,F,IC50,=,380,nM,6.42,CHEMBL5444388,10.6019/CHEMBL5444388,,,present,NO,2026-07-23 ChEMBL REST panel; dump rows use STANDARD_OK
PIK3CA/mTOR,PM48_34,CHEMBL601661,602753,B,MTOR,CHEMBL2842,25754450,CHEMBL5445973,F,IC50,=,55,nM,7.26,CHEMBL5444388,10.6019/CHEMBL5444388,,,present,NO,2026-07-23 ChEMBL REST panel; dump rows use STANDARD_OK
PIK3CA/mTOR,PM48_34,CHEMBL601661,602753,B,MTOR,CHEMBL2842,25755796,CHEMBL5446092,B,IC50,=,0.19,nM,9.72,CHEMBL5446079,10.6019/CHEMBL5446079,,,present,YES,2026-07-23 ChEMBL REST panel; dump rows use STANDARD_OK
PIK3CA/mTOR,PM48_34,CHEMBL601661,602753,B,MTOR,CHEMBL2842,26297453,CHEMBL5696446,B,IC50,=,0.19,nM,9.72,CHEMBL5696439,10.1158/0008-5472.can-09-2340,20068177,,present,YES,2026-07-23 ChEMBL REST panel; dump rows use STANDARD_OK
PIK3CA/mTOR,PM48_35,CHEMBL3120215,1619524,A,PIK3CA,CHEMBL4005,26225070,CHEMBL5654150,B,IC50,=,1300,nM,5.89,CHEMBL5653605,10.1158/0008-5472.can-10-3126,21363918,,present,YES,2026-07-23 ChEMBL REST panel; dump rows use STANDARD_OK
PIK3CA/mTOR,PM48_35,CHEMBL3120215,1619524,B,MTOR,CHEMBL2842,25872957,CHEMBL5513494,B,IC50,=,4,nM,8.4,CHEMBL5512615,10.1016/j.ejmech.2023.116117,38295689,,present,YES,2026-07-23 ChEMBL REST panel; dump rows use STANDARD_OK
PIK3CA/mTOR,PM48_35,CHEMBL3120215,1619524,B,MTOR,CHEMBL2842,26225068,CHEMBL5654149,B,IC50,=,4,nM,8.4,CHEMBL5653605,10.1158/0008-5472.can-10-3126,21363918,,present,YES,2026-07-23 ChEMBL REST panel; dump rows use STANDARD_OK
PIK3CA/mTOR,PM48_35,CHEMBL3120215,1619524,B,MTOR,CHEMBL2842,26225168,CHEMBL5654233,B,IC50,=,1000,nM,6,CHEMBL5653605,10.1158/0008-5472.can-10-3126,21363918,,present,NO,2026-07-23 ChEMBL REST panel; dump rows use STANDARD_OK
PIK3CA/mTOR,PM48_36,CHEMBL594793,594999,A,PIK3CA,CHEMBL4005,3076936,CHEMBL1067294,B,IC50,=,1359,nM,5.87,CHEMBL1153098,10.1016/j.bmcl.2009.10.075,19897362,,present,YES,2026-07-23 ChEMBL REST panel; dump rows use STANDARD_OK
PIK3CA/mTOR,PM48_36,CHEMBL594793,594999,B,MTOR,CHEMBL2842,3076935,CHEMBL1067293,B,IC50,=,0.68,nM,9.17,CHEMBL1153098,10.1016/j.bmcl.2009.10.075,19897362,,present,YES,2026-07-23 ChEMBL REST panel; dump rows use STANDARD_OK
PIK3CA/mTOR,PM48_37,CHEMBL573202,571377,A,PIK3CA,CHEMBL4005,2949019,CHEMBL1047614,B,IC50,=,1827,nM,5.74,CHEMBL1154707,10.1021/jm901415x,19916508,,present,YES,2026-07-23 ChEMBL REST panel; dump rows use STANDARD_OK
PIK3CA/mTOR,PM48_37,CHEMBL573202,571377,B,MTOR,CHEMBL2842,2947915,CHEMBL1047613,B,IC50,=,0.16,nM,9.8,CHEMBL1154707,10.1021/jm901415x,19916508,,present,YES,2026-07-23 ChEMBL REST panel; dump rows use STANDARD_OK
PIK3CA/mTOR,PM48_38,CHEMBL590104,590875,A,PIK3CA,CHEMBL4005,3081700,CHEMBL1074680,B,IC50,=,2300,nM,5.64,CHEMBL1153200,10.1016/j.bmcl.2009.11.050,19963384,,present,YES,2026-07-23 ChEMBL REST panel; dump rows use STANDARD_OK
PIK3CA/mTOR,PM48_38,CHEMBL590104,590875,B,MTOR,CHEMBL2842,3081699,CHEMBL1074679,B,IC50,=,1,nM,9,CHEMBL1153200,10.1016/j.bmcl.2009.11.050,19963384,,present,YES,2026-07-23 ChEMBL REST panel; dump rows use STANDARD_OK
PIK3CA/mTOR,PM48_39,CHEMBL1945953,1277334,A,PIK3CA,CHEMBL4005,8017811,CHEMBL1948805,B,IC50,=,2600,nM,5.58,CHEMBL1944561,10.1016/j.bmcl.2011.09.035,21978683,,present,YES,2026-07-23 ChEMBL REST panel; dump rows use STANDARD_OK
PIK3CA/mTOR,PM48_39,CHEMBL1945953,1277334,B,MTOR,CHEMBL2842,8017766,CHEMBL1948804,B,IC50,=,2,nM,8.7,CHEMBL1944561,10.1016/j.bmcl.2011.09.035,21978683,,present,YES,2026-07-23 ChEMBL REST panel; dump rows use STANDARD_OK
PIK3CA/mTOR,PM48_39,CHEMBL1945953,1277334,B,MTOR,CHEMBL2842,8018930,CHEMBL1949072,B,IC50,=,273,nM,6.56,CHEMBL1944561,10.1016/j.bmcl.2011.09.035,21978683,,present,NO,2026-07-23 ChEMBL REST panel; dump rows use STANDARD_OK
PIK3CA/mTOR,PM48_39,CHEMBL1945953,1277334,B,MTOR,CHEMBL2842,8018941,CHEMBL1949073,B,IC50,=,150,nM,6.82,CHEMBL1944561,10.1016/j.bmcl.2011.09.035,21978683,,present,NO,2026-07-23 ChEMBL REST panel; dump rows use STANDARD_OK
PIK3CA/mTOR,PM48_40,CHEMBL4279703,2319154,A,PIK3CA,CHEMBL4005,18813239,CHEMBL4276430,B,Kd,=,2700,nM,5.57,CHEMBL4270669,10.1021/acs.jmedchem.8b01262,30359003,,present,YES,2026-07-23 ChEMBL REST panel; dump rows use STANDARD_OK
PIK3CA/mTOR,PM48_40,CHEMBL4279703,2319154,B,MTOR,CHEMBL2842,18813233,CHEMBL4276429,B,Kd,=,0.85,nM,9.07,CHEMBL4270669,10.1021/acs.jmedchem.8b01262,30359003,,present,YES,2026-07-23 ChEMBL REST panel; dump rows use STANDARD_OK
PIK3CA/mTOR,PM48_41,CHEMBL2418349,1577119,A,PIK3CA,CHEMBL4005,13417329,CHEMBL2421129,B,Ki,=,3400,nM,5.47,CHEMBL2417437,10.1016/j.bmcl.2013.07.027,23932790,,present,YES,2026-07-23 ChEMBL REST panel; dump rows use STANDARD_OK
PIK3CA/mTOR,PM48_41,CHEMBL2418349,1577119,B,MTOR,CHEMBL2842,13417256,CHEMBL2421122,B,IC50,=,15,nM,7.82,CHEMBL2417437,10.1016/j.bmcl.2013.07.027,23932790,,present,NO,2026-07-23 ChEMBL REST panel; dump rows use STANDARD_OK
PIK3CA/mTOR,PM48_41,CHEMBL2418349,1577119,B,MTOR,CHEMBL2842,13417266,CHEMBL2421123,B,IC50,=,8,nM,8.1,CHEMBL2417437,10.1016/j.bmcl.2013.07.027,23932790,,present,NO,2026-07-23 ChEMBL REST panel; dump rows use STANDARD_OK
PIK3CA/mTOR,PM48_41,CHEMBL2418349,1577119,B,MTOR,CHEMBL2842,13417346,CHEMBL2421130,B,Ki,=,1,nM,9,CHEMBL2417437,10.1016/j.bmcl.2013.07.027,23932790,,present,YES,2026-07-23 ChEMBL REST panel; dump rows use STANDARD_OK
PIK3CA/mTOR,PM48_42,CHEMBL1801204,1162276,A,PIK3CA,CHEMBL4005,18664817,CHEMBL4233143,B,IC50,=,3600,nM,5.44,CHEMBL4229417,10.1016/j.bmc.2018.06.025,29945756,,present,YES,2026-07-23 ChEMBL REST panel; dump rows use STANDARD_OK
PIK3CA/mTOR,PM48_42,CHEMBL1801204,1162276,A,PIK3CA,CHEMBL4005,25576621,CHEMBL5352939,B,IC50,=,4450,nM,5.35,CHEMBL5352392,10.1016/j.ejmech.2022.114674,35987020,,present,NO,2026-07-23 ChEMBL REST panel; dump rows use STANDARD_OK
PIK3CA/mTOR,PM48_42,CHEMBL1801204,1162276,B,MTOR,CHEMBL2842,6278250,CHEMBL1804915,B,IC50,=,0.8,nM,9.1,CHEMBL1800032,10.1016/j.bmcl.2010.05.099,20561789,,present,NO,2026-07-23 ChEMBL REST panel; dump rows use STANDARD_OK
PIK3CA/mTOR,PM48_42,CHEMBL1801204,1162276,B,MTOR,CHEMBL2842,12701722,CHEMBL2338832,B,IC50,=,0.13,nM,9.89,CHEMBL2331448,10.1016/j.bmcl.2013.01.019,23375793,,present,YES,2026-07-23 ChEMBL REST panel; dump rows use STANDARD_OK
PIK3CA/mTOR,PM48_42,CHEMBL1801204,1162276,B,MTOR,CHEMBL2842,17699525,CHEMBL3705655,B,IC50,=,8.9,nM,8.05,CHEMBL3638644,,,US-9102670-B2,present,NO,2026-07-23 ChEMBL REST panel; dump rows use STANDARD_OK
PIK3CA/mTOR,PM48_42,CHEMBL1801204,1162276,B,MTOR,CHEMBL2842,18041435,CHEMBL4009793,B,IC50,=,4,nM,8.4,CHEMBL4007445,10.1016/j.ejmech.2017.02.015,28235701,,present,NO,2026-07-23 ChEMBL REST panel; dump rows use STANDARD_OK
PIK3CA/mTOR,PM48_42,CHEMBL1801204,1162276,B,MTOR,CHEMBL2842,18664803,CHEMBL4233142,B,IC50,=,8,nM,8.1,CHEMBL4229417,10.1016/j.bmc.2018.06.025,29945756,,present,NO,2026-07-23 ChEMBL REST panel; dump rows use STANDARD_OK
PIK3CA/mTOR,PM48_42,CHEMBL1801204,1162276,B,MTOR,CHEMBL2842,24978694,CHEMBL5225378,B,IC50,=,0.13,nM,9.89,CHEMBL5223150,10.1021/acs.jmedchem.2c01070,36503229,,present,YES,2026-07-23 ChEMBL REST panel; dump rows use STANDARD_OK
PIK3CA/mTOR,PM48_42,CHEMBL1801204,1162276,B,MTOR,CHEMBL2842,24995783,CHEMBL5231735,B,IC50,=,0.8,nM,9.1,CHEMBL5230127,10.1016/j.ejmech.2020.112820,32966896,,present,NO,2026-07-23 ChEMBL REST panel; dump rows use STANDARD_OK
PIK3CA/mTOR,PM48_42,CHEMBL1801204,1162276,B,MTOR,CHEMBL2842,25556683,CHEMBL5347368,B,IC50,=,0.8,nM,9.1,CHEMBL5346869,10.1016/j.ejmech.2022.114971,36462440,,present,NO,2026-07-23 ChEMBL REST panel; dump rows use STANDARD_OK
PIK3CA/mTOR,PM48_42,CHEMBL1801204,1162276,B,MTOR,CHEMBL2842,25576615,CHEMBL5352938,B,IC50,=,6,nM,8.22,CHEMBL5352392,10.1016/j.ejmech.2022.114674,35987020,,present,NO,2026-07-23 ChEMBL REST panel; dump rows use STANDARD_OK
PIK3CA/mTOR,PM48_42,CHEMBL1801204,1162276,B,MTOR,CHEMBL2842,25874426,CHEMBL5514045,B,IC50,=,0.8,nM,9.1,CHEMBL5512630,10.1016/j.ejmech.2024.116273,38432059,,present,NO,2026-07-23 ChEMBL REST panel; dump rows use STANDARD_OK
PIK3CA/mTOR,PM48_42,CHEMBL1801204,1162276,B,MTOR,CHEMBL2842,29205861,CHEMBL6121086,B,IC50,=,0.8,nM,9.1,CHEMBL6120936,10.1016/j.ejmech.2024.116688,39033611,,present,NO,2026-07-23 ChEMBL REST panel; dump rows use STANDARD_OK
PIK3CA/mTOR,PM48_43,CHEMBL575539,571653,A,PIK3CA,CHEMBL4005,2949001,CHEMBL1047614,B,IC50,=,4052,nM,5.39,CHEMBL1154707,10.1021/jm901415x,19916508,,present,YES,2026-07-23 ChEMBL REST panel; dump rows use STANDARD_OK
PIK3CA/mTOR,PM48_43,CHEMBL575539,571653,B,MTOR,CHEMBL2842,2948982,CHEMBL1047613,B,IC50,=,1.9,nM,8.72,CHEMBL1154707,10.1021/jm901415x,19916508,,present,YES,2026-07-23 ChEMBL REST panel; dump rows use STANDARD_OK
PIK3CA/mTOR,PM48_44,CHEMBL1078983,616942,A,PIK3CA,CHEMBL4005,3227657,CHEMBL1100403,B,IC50,=,8900,nM,5.05,CHEMBL1154286,10.1016/j.bmcl.2009.08.038,19762236,,present,YES,2026-07-23 ChEMBL REST panel; dump rows use STANDARD_OK
PIK3CA/mTOR,PM48_44,CHEMBL1078983,616942,A,PIK3CA,CHEMBL4005,12698987,CHEMBL2338831,B,IC50,=,8900,nM,5.05,CHEMBL2331448,10.1016/j.bmcl.2013.01.019,23375793,,present,YES,2026-07-23 ChEMBL REST panel; dump rows use STANDARD_OK
PIK3CA/mTOR,PM48_44,CHEMBL1078983,616942,B,MTOR,CHEMBL2842,3227656,CHEMBL1100402,B,IC50,=,3,nM,8.52,CHEMBL1154286,10.1016/j.bmcl.2009.08.038,19762236,,present,NO,2026-07-23 ChEMBL REST panel; dump rows use STANDARD_OK
PIK3CA/mTOR,PM48_44,CHEMBL1078983,616942,B,MTOR,CHEMBL2842,3227663,CHEMBL1107750,B,IC50,=,100,nM,7,CHEMBL1154286,10.1016/j.bmcl.2009.08.038,19762236,,present,NO,2026-07-23 ChEMBL REST panel; dump rows use STANDARD_OK
PIK3CA/mTOR,PM48_44,CHEMBL1078983,616942,B,MTOR,CHEMBL2842,3227664,CHEMBL1107751,B,IC50,=,150,nM,6.82,CHEMBL1154286,10.1016/j.bmcl.2009.08.038,19762236,,present,NO,2026-07-23 ChEMBL REST panel; dump rows use STANDARD_OK
PIK3CA/mTOR,PM48_44,CHEMBL1078983,616942,B,MTOR,CHEMBL2842,12701721,CHEMBL2338832,B,IC50,=,2.5,nM,8.6,CHEMBL2331448,10.1016/j.bmcl.2013.01.019,23375793,,present,YES,2026-07-23 ChEMBL REST panel; dump rows use STANDARD_OK
PIK3CA/mTOR,PM48_44,CHEMBL1078983,616942,B,MTOR,CHEMBL2842,23168154,CHEMBL4813534,B,IC50,=,10,nM,8,CHEMBL4811304,10.1016/j.bmcl.2021.128204,34139324,,present,NO,2026-07-23 ChEMBL REST panel; dump rows use STANDARD_OK
PIK3CA/mTOR,PM48_44,CHEMBL1078983,616942,B,MTOR,CHEMBL2842,25872950,CHEMBL5513492,B,IC50,=,2.5,nM,8.6,CHEMBL5512615,10.1016/j.ejmech.2023.116117,38295689,,present,YES,2026-07-23 ChEMBL REST panel; dump rows use STANDARD_OK
PIK3CA/mTOR,PM48_45,CHEMBL1234815,697165,A,PIK3CA,CHEMBL4005,3441869,CHEMBL1243965,B,IC50,=,1100,nM,5.96,CHEMBL1240340,10.1038/nchembio.117,18849971,,present,YES,2026-07-23 ChEMBL REST panel; dump rows use STANDARD_OK
PIK3CA/mTOR,PM48_45,CHEMBL1234815,697165,A,PIK3CA,CHEMBL4005,14553247,CHEMBL3223603,B,IC50,=,1100,nM,5.96,CHEMBL3217752,10.1039/C2MD20044A,,,present,YES,2026-07-23 ChEMBL REST panel; dump rows use STANDARD_OK
PIK3CA/mTOR,PM48_45,CHEMBL1234815,697165,B,MTOR,CHEMBL2842,3441873,CHEMBL1243969,B,IC50,=,100000,nM,4,CHEMBL1240340,10.1038/nchembio.117,18849971,,present,YES,2026-07-23 ChEMBL REST panel; dump rows use STANDARD_OK
PIK3CA/mTOR,PM48_45,CHEMBL1234815,697165,B,MTOR,CHEMBL2842,14553311,CHEMBL3223610,B,IC50,=,100000,nM,4,CHEMBL3217752,10.1039/C2MD20044A,,,present,YES,2026-07-23 ChEMBL REST panel; dump rows use STANDARD_OK
PIK3CA/mTOR,PM48_46,CHEMBL1241482,700702,A,PIK3CA,CHEMBL4005,3441008,CHEMBL1243965,B,IC50,=,100000,nM,4,CHEMBL1240340,10.1038/nchembio.117,18849971,,present,YES,2026-07-23 ChEMBL REST panel; dump rows use STANDARD_OK
PIK3CA/mTOR,PM48_46,CHEMBL1241482,700702,B,MTOR,CHEMBL2842,3441012,CHEMBL1243969,B,IC50,=,100000,nM,4,CHEMBL1240340,10.1038/nchembio.117,18849971,,present,YES,2026-07-23 ChEMBL REST panel; dump rows use STANDARD_OK
PIK3CA/mTOR,PM48_47,CHEMBL1241485,700705,A,PIK3CA,CHEMBL4005,3442397,CHEMBL1243965,B,IC50,=,1500,nM,5.82,CHEMBL1240340,10.1038/nchembio.117,18849971,,present,YES,2026-07-23 ChEMBL REST panel; dump rows use STANDARD_OK
PIK3CA/mTOR,PM48_47,CHEMBL1241485,700705,B,MTOR,CHEMBL2842,3442401,CHEMBL1243969,B,IC50,=,100000,nM,4,CHEMBL1240340,10.1038/nchembio.117,18849971,,present,YES,2026-07-23 ChEMBL REST panel; dump rows use STANDARD_OK
PIK3CA/mTOR,PM48_48,CHEMBL1241858,701081,A,PIK3CA,CHEMBL4005,3443035,CHEMBL1243965,B,IC50,=,100000,nM,4,CHEMBL1240340,10.1038/nchembio.117,18849971,,present,YES,2026-07-23 ChEMBL REST panel; dump rows use STANDARD_OK
PIK3CA/mTOR,PM48_48,CHEMBL1241858,701081,B,MTOR,CHEMBL2842,3443039,CHEMBL1243969,B,IC50,=,3200,nM,5.5,CHEMBL1240340,10.1038/nchembio.117,18849971,,present,YES,2026-07-23 ChEMBL REST panel; dump rows use STANDARD_OK
AChE/BChE,AB_001,CHEMBL3099499,1610278,A,ACHE,CHEMBL220,13861806,CHEMBL3102254,B,Ki,=,5.02,nM,8.3,CHEMBL3098022,10.1021/ml4002908,24900626,,present,YES,2026-07-23 ChEMBL REST panel; dump rows use STANDARD_OK
AChE/BChE,AB_001,CHEMBL3099499,1610278,B,BCHE,CHEMBL1914,13861799,CHEMBL3102253,B,Ki,=,61.77,nM,7.21,CHEMBL3098022,10.1021/ml4002908,24900626,,present,YES,2026-07-23 ChEMBL REST panel; dump rows use STANDARD_OK
AChE/BChE,AB_002,CHEMBL4464883,2371892,A,ACHE,CHEMBL220,19054487,CHEMBL4356264,B,IC50,=,10,nM,8,CHEMBL4354814,10.1021/acs.jmedchem.9b00623,31609608,,present,YES,2026-07-23 ChEMBL REST panel; dump rows use STANDARD_OK
AChE/BChE,AB_002,CHEMBL4464883,2371892,B,BCHE,CHEMBL1914,19054504,CHEMBL4356262,B,IC50,=,158.49,nM,6.8,CHEMBL4354814,10.1021/acs.jmedchem.9b00623,31609608,,present,YES,2026-07-23 ChEMBL REST panel; dump rows use STANDARD_OK
AChE/BChE,AB_003,CHEMBL309667,124584,A,ACHE,CHEMBL220,224976,CHEMBL644099,B,IC50,=,10.9,nM,7.96,CHEMBL1131001,10.1021/jm9800494,9632370,,present,YES,2026-07-23 ChEMBL REST panel; dump rows use STANDARD_OK
AChE/BChE,AB_003,CHEMBL309667,124584,B,BCHE,CHEMBL1914,224977,CHEMBL651303,B,IC50,=,2.4,nM,8.62,CHEMBL1131001,10.1021/jm9800494,9632370,,present,YES,2026-07-23 ChEMBL REST panel; dump rows use STANDARD_OK
AChE/BChE,AB_004,CHEMBL3216777,1705554,A,ACHE,CHEMBL220,10845702,CHEMBL2015198,B,IC50,=,1.33,nM,8.88,CHEMBL2010698,10.1021/jm200840c,22185619,,present,YES,2026-07-23 ChEMBL REST panel; dump rows use STANDARD_OK
AChE/BChE,AB_004,CHEMBL3216777,1705554,B,BCHE,CHEMBL1914,10845723,CHEMBL2015199,B,IC50,=,133,nM,6.88,CHEMBL2010698,10.1021/jm200840c,22185619,,present,YES,2026-07-23 ChEMBL REST panel; dump rows use STANDARD_OK
AChE/BChE,AB_005,CHEMBL3326699,1787519,A,ACHE,CHEMBL220,15013177,CHEMBL3379803,B,Ki,=,44.3,nM,7.35,CHEMBL3352817,10.1016/j.bmc.2014.06.057,25088549,,present,YES,2026-07-23 ChEMBL REST panel; dump rows use STANDARD_OK
AChE/BChE,AB_005,CHEMBL3326699,1787519,B,BCHE,CHEMBL1914,15013157,CHEMBL3379804,B,Ki,=,29.8,nM,7.53,CHEMBL3352817,10.1016/j.bmc.2014.06.057,25088549,,present,YES,2026-07-23 ChEMBL REST panel; dump rows use STANDARD_OK
AChE/BChE,AB_006,CHEMBL557405,552161,A,ACHE,CHEMBL220,683101,CHEMBL644104,B,IC50,=,6.8,nM,8.17,CHEMBL1134674,10.1021/jm010914b,11689067,,present,YES,2026-07-23 ChEMBL REST panel; dump rows use STANDARD_OK
AChE/BChE,AB_006,CHEMBL557405,552161,B,BCHE,CHEMBL1914,683102,CHEMBL651305,B,IC50,=,25.2,nM,7.6,CHEMBL1134674,10.1021/jm010914b,11689067,,present,YES,2026-07-23 ChEMBL REST panel; dump rows use STANDARD_OK
AChE/BChE,AB_007,CHEMBL374981,364652,A,ACHE,CHEMBL220,1796311,CHEMBL912241,B,IC50,=,5.08,nM,8.29,CHEMBL1138205,10.1021/jm060742o,17149883,,present,YES,2026-07-23 ChEMBL REST panel; dump rows use STANDARD_OK
AChE/BChE,AB_007,CHEMBL374981,364652,B,BCHE,CHEMBL1914,1796326,CHEMBL912242,B,IC50,=,1.38,nM,8.86,CHEMBL1138205,10.1021/jm060742o,17149883,,present,YES,2026-07-23 ChEMBL REST panel; dump rows use STANDARD_OK
AChE/BChE,AB_008,CHEMBL189906,316605,A,ACHE,CHEMBL220,1487309,CHEMBL831104,B,IC50,=,30,nM,7.52,CHEMBL1137822,10.1021/jm049782n,15537349,,present,YES,2026-07-23 ChEMBL REST panel; dump rows use STANDARD_OK
AChE/BChE,AB_008,CHEMBL189906,316605,B,BCHE,CHEMBL1914,1487310,CHEMBL828553,B,IC50,=,59.4,nM,7.23,CHEMBL1137822,10.1021/jm049782n,15537349,,present,YES,2026-07-23 ChEMBL REST panel; dump rows use STANDARD_OK
AChE/BChE,AB_009,CHEMBL6151573,3303077,A,ACHE,CHEMBL220,29121304,CHEMBL6092346,B,Ki,=,160,nM,6.8,CHEMBL6092125,10.1016/j.bmcl.2024.129928,39151660,,present,YES,2026-07-23 ChEMBL REST panel; dump rows use STANDARD_OK
AChE/BChE,AB_009,CHEMBL6151573,3303077,B,BCHE,CHEMBL1914,29121310,CHEMBL6092347,B,Ki,=,71,nM,7.15,CHEMBL6092125,10.1016/j.bmcl.2024.129928,39151660,,present,YES,2026-07-23 ChEMBL REST panel; dump rows use STANDARD_OK
AChE/BChE,AB_010,CHEMBL4749805,2497142,A,ACHE,CHEMBL220,22928433,CHEMBL4738011,B,IC50,=,143.51,nM,6.84,CHEMBL4732210,10.1016/j.ejmech.2021.113224,33582578,,present,YES,2026-07-23 ChEMBL REST panel; dump rows use STANDARD_OK
AChE/BChE,AB_010,CHEMBL4749805,2497142,B,BCHE,CHEMBL1914,22928458,CHEMBL4738012,B,IC50,=,155.51,nM,6.81,CHEMBL4732210,10.1016/j.ejmech.2021.113224,33582578,,present,YES,2026-07-23 ChEMBL REST panel; dump rows use STANDARD_OK
AChE/BChE,AB_011,CHEMBL4781117,2517708,A,ACHE,CHEMBL220,22798899,CHEMBL4711085,B,IC50,=,311.6,nM,6.51,CHEMBL4706588,10.1016/j.ejmech.2020.112751,32950908,,present,YES,2026-07-23 ChEMBL REST panel; dump rows use STANDARD_OK
AChE/BChE,AB_011,CHEMBL4781117,2517708,B,BCHE,CHEMBL1914,22798869,CHEMBL4711084,B,IC50,=,215.9,nM,6.67,CHEMBL4706588,10.1016/j.ejmech.2020.112751,32950908,,present,YES,2026-07-23 ChEMBL REST panel; dump rows use STANDARD_OK
AChE/BChE,AB_012,CHEMBL4212275,2290426,A,ACHE,CHEMBL220,18521751,CHEMBL4193992,B,IC50,=,46.4,nM,7.33,CHEMBL4190343,10.1016/j.ejmech.2017.09.008,28923380,,present,YES,2026-07-23 ChEMBL REST panel; dump rows use STANDARD_OK
AChE/BChE,AB_012,CHEMBL4212275,2290426,B,BCHE,CHEMBL1914,18521729,CHEMBL4193993,B,IC50,=,12.4,nM,7.91,CHEMBL4190343,10.1016/j.ejmech.2017.09.008,28923380,,present,YES,2026-07-23 ChEMBL REST panel; dump rows use STANDARD_OK
AChE/BChE,AB_013,CHEMBL80221,124549,A,ACHE,CHEMBL220,226235,CHEMBL644099,B,IC50,=,161,nM,6.79,CHEMBL1131001,10.1021/jm9800494,9632370,,present,YES,2026-07-23 ChEMBL REST panel; dump rows use STANDARD_OK
AChE/BChE,AB_013,CHEMBL80221,124549,A,ACHE,CHEMBL220,728245,CHEMBL644626,B,IC50,=,160.8,nM,6.79,CHEMBL1130392,10.1021/jm970210v,9288171,,present,YES,2026-07-23 ChEMBL REST panel; dump rows use STANDARD_OK
AChE/BChE,AB_013,CHEMBL80221,124549,B,BCHE,CHEMBL1914,226236,CHEMBL651303,B,IC50,=,21.8,nM,7.66,CHEMBL1131001,10.1021/jm9800494,9632370,,present,YES,2026-07-23 ChEMBL REST panel; dump rows use STANDARD_OK
AChE/BChE,AB_013,CHEMBL80221,124549,B,BCHE,CHEMBL1914,728246,CHEMBL876073,B,IC50,=,21.8,nM,7.66,CHEMBL1130392,10.1021/jm970210v,9288171,,present,YES,2026-07-23 ChEMBL REST panel; dump rows use STANDARD_OK
AChE/BChE,AB_014,CHEMBL4866930,2560701,A,ACHE,CHEMBL220,23311833,CHEMBL4844259,B,IC50,=,1.82,nM,8.74,CHEMBL4842362,10.1016/j.ejmech.2021.113779,34418785,,present,YES,2026-07-23 ChEMBL REST panel; dump rows use STANDARD_OK
AChE/BChE,AB_014,CHEMBL4866930,2560701,B,BCHE,CHEMBL1914,23311846,CHEMBL4844260,B,IC50,=,31.9,nM,7.5,CHEMBL4842362,10.1016/j.ejmech.2021.113779,34418785,,present,YES,2026-07-23 ChEMBL REST panel; dump rows use STANDARD_OK
AChE/BChE,AB_015,CHEMBL2064464,1357872,A,ACHE,CHEMBL220,10967478,CHEMBL2066010,B,Ki,=,0.318,nM,9.5,CHEMBL2062461,10.1016/j.ejmech.2012.06.051,22818849,,present,YES,2026-07-23 ChEMBL REST panel; dump rows use STANDARD_OK
AChE/BChE,AB_015,CHEMBL2064464,1357872,A,ACHE,CHEMBL220,10967487,CHEMBL2066009,B,Ki,=,0.38,nM,9.42,CHEMBL2062461,10.1016/j.ejmech.2012.06.051,22818849,,present,NO,2026-07-23 ChEMBL REST panel; dump rows use STANDARD_OK
AChE/BChE,AB_015,CHEMBL2064464,1357872,A,ACHE,CHEMBL220,10967520,CHEMBL2066006,B,IC50,=,14.9,nM,7.83,CHEMBL2062461,10.1016/j.ejmech.2012.06.051,22818849,,present,NO,2026-07-23 ChEMBL REST panel; dump rows use STANDARD_OK
AChE/BChE,AB_015,CHEMBL2064464,1357872,B,BCHE,CHEMBL1914,10967509,CHEMBL2066007,B,IC50,=,63.7,nM,7.2,CHEMBL2062461,10.1016/j.ejmech.2012.06.051,22818849,,present,YES,2026-07-23 ChEMBL REST panel; dump rows use STANDARD_OK
AChE/BChE,AB_016,CHEMBL273051,441996,A,ACHE,CHEMBL220,2102910,CHEMBL932016,B,IC50,=,35.5,nM,7.45,CHEMBL1141589,10.1021/jm701491k,18232655,,present,YES,2026-07-23 ChEMBL REST panel; dump rows use STANDARD_OK
AChE/BChE,AB_016,CHEMBL273051,441996,B,BCHE,CHEMBL1914,2102927,CHEMBL932017,B,IC50,=,15.3,nM,7.82,CHEMBL1141589,10.1021/jm701491k,18232655,,present,YES,2026-07-23 ChEMBL REST panel; dump rows use STANDARD_OK
AChE/BChE,AB_017,CHEMBL3753850,2059055,A,ACHE,CHEMBL220,16443159,CHEMBL3758061,B,IC50,=,24.4,nM,7.61,CHEMBL3751805,10.1021/acs.jmedchem.5b01119,26632651,,present,YES,2026-07-23 ChEMBL REST panel; dump rows use STANDARD_OK
AChE/BChE,AB_017,CHEMBL3753850,2059055,B,BCHE,CHEMBL1914,16443130,CHEMBL3755060,B,IC50,=,10.2,nM,7.99,CHEMBL3751805,10.1021/acs.jmedchem.5b01119,26632651,,present,YES,2026-07-23 ChEMBL REST panel; dump rows use STANDARD_OK
AChE/BChE,AB_018,CHEMBL659,27639,A,ACHE,CHEMBL220,831914,CHEMBL644832,B,IC50,=,800,nM,6.1,CHEMBL1135547,10.1021/jm010491d,12166941,,present,NO,2026-07-23 ChEMBL REST panel; dump rows use STANDARD_OK
AChE/BChE,AB_018,CHEMBL659,27639,A,ACHE,CHEMBL220,1143320,CHEMBL644110,B,IC50,=,100,nM,7,CHEMBL1150531,10.1016/0960-894X(96)00102-3,,,present,NO,2026-07-23 ChEMBL REST panel; dump rows use STANDARD_OK
AChE/BChE,AB_018,CHEMBL659,27639,A,ACHE,CHEMBL220,1207865,CHEMBL684541,F,EC50,=,1100,nM,5.96,CHEMBL1135324,10.1016/s0960-894x(02)00482-1,12182861,,present,NO,2026-07-23 ChEMBL REST panel; dump rows use STANDARD_OK
AChE/BChE,AB_018,CHEMBL659,27639,A,ACHE,CHEMBL220,1413720,CHEMBL874440,B,IC50,=,800,nM,6.1,CHEMBL1142685,10.1021/jm049309+,15715468,,present,NO,2026-07-23 ChEMBL REST panel; dump rows use STANDARD_OK
AChE/BChE,AB_018,CHEMBL659,27639,A,ACHE,CHEMBL220,1699423,CHEMBL859798,B,IC50,=,800,nM,6.1,CHEMBL1146079,10.1021/jm050578p,16570913,,present,NO,2026-07-23 ChEMBL REST panel; dump rows use STANDARD_OK
AChE/BChE,AB_018,CHEMBL659,27639,A,ACHE,CHEMBL220,1707166,CHEMBL866863,B,IC50,=,590,nM,6.23,CHEMBL1146949,10.1016/j.bmcl.2006.01.067,16483771,,present,NO,2026-07-23 ChEMBL REST panel; dump rows use STANDARD_OK
AChE/BChE,AB_018,CHEMBL659,27639,A,ACHE,CHEMBL220,1808279,CHEMBL911302,B,IC50,=,600,nM,6.22,CHEMBL1139709,10.1016/j.bmcl.2006.08.067,16945529,,present,NO,2026-07-23 ChEMBL REST panel; dump rows use STANDARD_OK
AChE/BChE,AB_018,CHEMBL659,27639,A,ACHE,CHEMBL220,1808280,CHEMBL911302,B,IC50,=,635.33,nM,6.2,CHEMBL1139709,10.1016/j.bmcl.2006.08.067,16945529,,present,NO,2026-07-23 ChEMBL REST panel; dump rows use STANDARD_OK
AChE/BChE,AB_018,CHEMBL659,27639,A,ACHE,CHEMBL220,1837985,CHEMBL919956,B,IC50,=,3200,nM,5.5,CHEMBL1149251,10.1021/jm049655r,15566295,,present,NO,2026-07-23 ChEMBL REST panel; dump rows use STANDARD_OK
AChE/BChE,AB_018,CHEMBL659,27639,A,ACHE,CHEMBL220,1924024,CHEMBL895407,B,IC50,=,2010,nM,5.7,CHEMBL1148814,10.1021/jm070559a,17850125,,present,NO,2026-07-23 ChEMBL REST panel; dump rows use STANDARD_OK
AChE/BChE,AB_018,CHEMBL659,27639,A,ACHE,CHEMBL220,2058518,CHEMBL925438,B,IC50,=,1070,nM,5.97,CHEMBL1141279,10.1021/np0702077,17822295,,present,NO,2026-07-23 ChEMBL REST panel; dump rows use STANDARD_OK
AChE/BChE,AB_018,CHEMBL659,27639,A,ACHE,CHEMBL220,2181853,CHEMBL974116,B,IC50,=,980,nM,6.01,CHEMBL1142630,10.1021/np9905719,10869205,,present,NO,2026-07-23 ChEMBL REST panel; dump rows use STANDARD_OK
AChE/BChE,AB_018,CHEMBL659,27639,A,ACHE,CHEMBL220,2229835,CHEMBL998779,B,IC50,=,500,nM,6.3,CHEMBL1156637,10.1021/np800305b,18681480,,present,NO,2026-07-23 ChEMBL REST panel; dump rows use STANDARD_OK
AChE/BChE,AB_018,CHEMBL659,27639,A,ACHE,CHEMBL220,2341359,CHEMBL965669,B,IC50,=,350,nM,6.46,CHEMBL1150386,10.1021/jm701253t,18479118,,present,NO,2026-07-23 ChEMBL REST panel; dump rows use STANDARD_OK
AChE/BChE,AB_018,CHEMBL659,27639,A,ACHE,CHEMBL220,2397149,CHEMBL948464,B,IC50,=,2010,nM,5.7,CHEMBL1152287,10.1021/jm8009684,18954037,,present,NO,2026-07-23 ChEMBL REST panel; dump rows use STANDARD_OK
AChE/BChE,AB_018,CHEMBL659,27639,A,ACHE,CHEMBL220,2535172,CHEMBL975663,B,IC50,=,1180,nM,5.93,CHEMBL1158060,10.1021/np060268p,16989531,,present,NO,2026-07-23 ChEMBL REST panel; dump rows use STANDARD_OK
AChE/BChE,AB_018,CHEMBL659,27639,A,ACHE,CHEMBL220,2563830,CHEMBL978158,B,IC50,=,500,nM,6.3,CHEMBL1155941,10.1016/j.bmc.2008.07.009,18650096,,present,NO,2026-07-23 ChEMBL REST panel; dump rows use STANDARD_OK
AChE/BChE,AB_018,CHEMBL659,27639,A,ACHE,CHEMBL220,2665612,CHEMBL1054620,B,IC50,=,73900,nM,4.13,CHEMBL1152325,10.1021/np800671p,19215141,,present,NO,2026-07-23 ChEMBL REST panel; dump rows use STANDARD_OK
AChE/BChE,AB_018,CHEMBL659,27639,A,ACHE,CHEMBL220,2980999,CHEMBL1047004,B,IC50,=,2100,nM,5.68,CHEMBL1156800,10.1021/jm901296p,20025280,,present,NO,2026-07-23 ChEMBL REST panel; dump rows use STANDARD_OK
AChE/BChE,AB_018,CHEMBL659,27639,A,ACHE,CHEMBL220,3314097,CHEMBL1119101,B,IC50,=,600,nM,6.22,CHEMBL1155458,10.1021/jm901902w,20575555,,present,NO,2026-07-23 ChEMBL REST panel; dump rows use STANDARD_OK
AChE/BChE,AB_018,CHEMBL659,27639,A,ACHE,CHEMBL220,3423608,CHEMBL1227597,B,Ki,=,300,nM,6.52,CHEMBL1221246,10.1016/j.bmcl.2010.06.130,20655219,,present,NO,2026-07-23 ChEMBL REST panel; dump rows use STANDARD_OK
AChE/BChE,AB_018,CHEMBL659,27639,A,ACHE,CHEMBL220,5166042,CHEMBL1663835,B,IC50,=,530,nM,6.28,CHEMBL1649337,10.1021/np100494u,20954721,,present,NO,2026-07-23 ChEMBL REST panel; dump rows use STANDARD_OK
AChE/BChE,AB_018,CHEMBL659,27639,A,ACHE,CHEMBL220,5201128,CHEMBL1671288,B,IC50,=,2600,nM,5.58,CHEMBL1667723,10.1021/np100416v,21189039,,present,NO,2026-07-23 ChEMBL REST panel; dump rows use STANDARD_OK
AChE/BChE,AB_018,CHEMBL659,27639,A,ACHE,CHEMBL220,6180552,CHEMBL1771986,B,IC50,=,350,nM,6.46,CHEMBL1770076,10.1016/j.bmcl.2010.12.041,21216144,,present,NO,2026-07-23 ChEMBL REST panel; dump rows use STANDARD_OK
AChE/BChE,AB_018,CHEMBL659,27639,A,ACHE,CHEMBL220,6217796,CHEMBL1787066,B,IC50,=,800,nM,6.1,CHEMBL1781988,10.1016/j.ejmech.2011.02.071,21459491,,present,NO,2026-07-23 ChEMBL REST panel; dump rows use STANDARD_OK
AChE/BChE,AB_018,CHEMBL659,27639,A,ACHE,CHEMBL220,6217805,CHEMBL1787067,B,IC50,=,800,nM,6.1,CHEMBL1781988,10.1016/j.ejmech.2011.02.071,21459491,,present,NO,2026-07-23 ChEMBL REST panel; dump rows use STANDARD_OK
AChE/BChE,AB_018,CHEMBL659,27639,A,ACHE,CHEMBL220,6217814,CHEMBL1787068,B,IC50,=,7300,nM,5.14,CHEMBL1781988,10.1016/j.ejmech.2011.02.071,21459491,,present,NO,2026-07-23 ChEMBL REST panel; dump rows use STANDARD_OK
AChE/BChE,AB_018,CHEMBL659,27639,A,ACHE,CHEMBL220,6217824,CHEMBL1787069,B,IC50,=,7300,nM,5.14,CHEMBL1781988,10.1016/j.ejmech.2011.02.071,21459491,,present,NO,2026-07-23 ChEMBL REST panel; dump rows use STANDARD_OK
AChE/BChE,AB_018,CHEMBL659,27639,A,ACHE,CHEMBL220,7674510,CHEMBL1909212,B,IC50,=,1156,nM,5.94,CHEMBL1909046,,,,missing,NO,2026-07-23 ChEMBL REST panel; dump rows use STANDARD_OK
AChE/BChE,AB_018,CHEMBL659,27639,A,ACHE,CHEMBL220,10850827,CHEMBL2020014,B,IC50,=,300,nM,6.52,CHEMBL2016507,10.1016/j.bmcl.2012.02.057,22425563,,present,NO,2026-07-23 ChEMBL REST panel; dump rows use STANDARD_OK
AChE/BChE,AB_018,CHEMBL659,27639,A,ACHE,CHEMBL220,10942235,CHEMBL2050824,B,IC50,=,3200,nM,5.5,CHEMBL2046278,10.1016/j.bmcl.2012.05.077,22704921,,present,NO,2026-07-23 ChEMBL REST panel; dump rows use STANDARD_OK
AChE/BChE,AB_018,CHEMBL659,27639,A,ACHE,CHEMBL220,10987235,CHEMBL2072352,B,IC50,=,1000,nM,6,CHEMBL2069170,10.1021/np2009626,22775474,,present,NO,2026-07-23 ChEMBL REST panel; dump rows use STANDARD_OK
AChE/BChE,AB_018,CHEMBL659,27639,A,ACHE,CHEMBL220,12071725,CHEMBL2162062,B,Ki,=,61.96,nM,7.21,CHEMBL2157925,10.1016/j.bmc.2012.09.016,23041347,,present,YES,2026-07-23 ChEMBL REST panel; dump rows use STANDARD_OK
AChE/BChE,AB_018,CHEMBL659,27639,A,ACHE,CHEMBL220,12405211,CHEMBL3068696,B,IC50,=,500,nM,6.3,CHEMBL3045895,10.1007/s00044-011-9804-0,,,present,NO,2026-07-23 ChEMBL REST panel; dump rows use STANDARD_OK
AChE/BChE,AB_018,CHEMBL659,27639,A,ACHE,CHEMBL220,12633737,CHEMBL2319650,B,IC50,=,300,nM,6.52,CHEMBL2311409,10.1016/j.bmc.2012.10.045,23199476,,present,NO,2026-07-23 ChEMBL REST panel; dump rows use STANDARD_OK
AChE/BChE,AB_018,CHEMBL659,27639,A,ACHE,CHEMBL220,12708646,CHEMBL2345676,B,IC50,=,2090,nM,5.68,CHEMBL2331378,10.1016/j.bmc.2013.01.066,23454132,,present,NO,2026-07-23 ChEMBL REST panel; dump rows use STANDARD_OK
AChE/BChE,AB_018,CHEMBL659,27639,A,ACHE,CHEMBL220,13300134,CHEMBL2384302,B,IC50,=,2090,nM,5.68,CHEMBL2380218,10.1016/j.bmcl.2013.03.027,23570788,,present,NO,2026-07-23 ChEMBL REST panel; dump rows use STANDARD_OK
AChE/BChE,AB_018,CHEMBL659,27639,A,ACHE,CHEMBL220,13312986,CHEMBL2383512,B,IC50,=,2000,nM,5.7,CHEMBL2380294,10.1016/j.bmcl.2013.02.103,23540646,,present,NO,2026-07-23 ChEMBL REST panel; dump rows use STANDARD_OK
AChE/BChE,AB_018,CHEMBL659,27639,A,ACHE,CHEMBL220,13828674,CHEMBL3090837,B,IC50,=,2010,nM,5.7,CHEMBL3085720,10.1021/jm400990p,23984975,,present,NO,2026-07-23 ChEMBL REST panel; dump rows use STANDARD_OK
AChE/BChE,AB_018,CHEMBL659,27639,A,ACHE,CHEMBL220,13902299,CHEMBL3117940,B,IC50,=,3200,nM,5.5,CHEMBL3112396,10.1016/j.bmc.2014.01.010,24485122,,present,NO,2026-07-23 ChEMBL REST panel; dump rows use STANDARD_OK
AChE/BChE,AB_018,CHEMBL659,27639,A,ACHE,CHEMBL220,13902761,CHEMBL3116521,B,IC50,=,2090,nM,5.68,CHEMBL3112490,10.1016/j.bmc.2014.01.002,24461561,,present,NO,2026-07-23 ChEMBL REST panel; dump rows use STANDARD_OK
AChE/BChE,AB_018,CHEMBL659,27639,A,ACHE,CHEMBL220,14568713,CHEMBL3242491,B,IC50,=,550,nM,6.26,CHEMBL3232805,10.1021/np400978x,24606395,,present,NO,2026-07-23 ChEMBL REST panel; dump rows use STANDARD_OK
AChE/BChE,AB_018,CHEMBL659,27639,A,ACHE,CHEMBL220,14579865,CHEMBL3242019,B,IC50,=,1100,nM,5.96,CHEMBL3232744,10.1016/j.ejmech.2014.03.067,24704612,,present,NO,2026-07-23 ChEMBL REST panel; dump rows use STANDARD_OK
AChE/BChE,AB_018,CHEMBL659,27639,A,ACHE,CHEMBL220,14995500,CHEMBL3380201,B,IC50,=,2000,nM,5.7,CHEMBL3352170,10.1016/j.bmcl.2014.12.006,25537270,,present,NO,2026-07-23 ChEMBL REST panel; dump rows use STANDARD_OK
AChE/BChE,AB_018,CHEMBL659,27639,A,ACHE,CHEMBL220,15013159,CHEMBL3379803,B,Ki,=,61.9,nM,7.21,CHEMBL3352817,10.1016/j.bmc.2014.06.057,25088549,,present,YES,2026-07-23 ChEMBL REST panel; dump rows use STANDARD_OK
AChE/BChE,AB_018,CHEMBL659,27639,A,ACHE,CHEMBL220,15054162,CHEMBL3363282,B,IC50,=,2670,nM,5.57,CHEMBL3351862,10.1016/j.bmc.2014.05.032,24934993,,present,NO,2026-07-23 ChEMBL REST panel; dump rows use STANDARD_OK
AChE/BChE,AB_018,CHEMBL659,27639,A,ACHE,CHEMBL220,15100034,CHEMBL3383711,B,IC50,=,700,nM,6.16,CHEMBL3351711,10.1016/j.bmc.2014.08.016,25189690,,present,NO,2026-07-23 ChEMBL REST panel; dump rows use STANDARD_OK
AChE/BChE,AB_018,CHEMBL659,27639,A,ACHE,CHEMBL220,15631658,CHEMBL3588578,B,Ki,=,250,nM,6.6,CHEMBL3585326,10.1016/j.bmc.2015.04.019,25921269,,present,NO,2026-07-23 ChEMBL REST panel; dump rows use STANDARD_OK
AChE/BChE,AB_018,CHEMBL659,27639,A,ACHE,CHEMBL220,15664211,CHEMBL3599183,B,IC50,=,90000,nM,4.05,CHEMBL3596196,10.1016/j.bmc.2015.06.005,26105711,,present,NO,2026-07-23 ChEMBL REST panel; dump rows use STANDARD_OK
AChE/BChE,AB_018,CHEMBL659,27639,A,ACHE,CHEMBL220,15762381,CHEMBL3635481,B,IC50,=,350,nM,6.46,CHEMBL3632542,10.1016/j.bmcl.2015.06.047,26159481,,present,NO,2026-07-23 ChEMBL REST panel; dump rows use STANDARD_OK
AChE/BChE,AB_018,CHEMBL659,27639,A,ACHE,CHEMBL220,16445920,CHEMBL3755285,B,IC50,=,2010,nM,5.7,CHEMBL3751677,10.1016/j.ejmech.2015.12.024,26735910,,present,NO,2026-07-23 ChEMBL REST panel; dump rows use STANDARD_OK
AChE/BChE,AB_018,CHEMBL659,27639,A,ACHE,CHEMBL220,16486442,CHEMBL3772142,B,IC50,=,2600,nM,5.58,CHEMBL3769338,10.1039/C5MD00274E,,,present,NO,2026-07-23 ChEMBL REST panel; dump rows use STANDARD_OK
AChE/BChE,AB_018,CHEMBL659,27639,A,ACHE,CHEMBL220,16597912,CHEMBL3810637,B,IC50,=,300,nM,6.52,CHEMBL3808312,10.1021/acs.jnatprod.5b00877,26841168,,present,NO,2026-07-23 ChEMBL REST panel; dump rows use STANDARD_OK
AChE/BChE,AB_018,CHEMBL659,27639,A,ACHE,CHEMBL220,16818135,CHEMBL3872094,B,IC50,=,1300,nM,5.89,CHEMBL3871299,10.1016/j.bmcl.2016.11.065,27914796,,present,NO,2026-07-23 ChEMBL REST panel; dump rows use STANDARD_OK
AChE/BChE,AB_018,CHEMBL659,27639,A,ACHE,CHEMBL220,18046270,CHEMBL4010820,B,IC50,=,600,nM,6.22,CHEMBL4007475,10.1016/j.bmc.2017.02.017,28279561,,present,NO,2026-07-23 ChEMBL REST panel; dump rows use STANDARD_OK
AChE/BChE,AB_018,CHEMBL659,27639,A,ACHE,CHEMBL220,18124230,CHEMBL4027486,B,IC50,=,355,nM,6.45,CHEMBL4024773,10.1021/acs.jmedchem.7b01086,29227101,,present,NO,2026-07-23 ChEMBL REST panel; dump rows use STANDARD_OK
AChE/BChE,AB_018,CHEMBL659,27639,A,ACHE,CHEMBL220,18318547,CHEMBL4133675,B,IC50,=,1270,nM,5.9,CHEMBL4130435,10.1021/acs.jnatprod.7b00301,28898076,,present,NO,2026-07-23 ChEMBL REST panel; dump rows use STANDARD_OK
AChE/BChE,AB_018,CHEMBL659,27639,A,ACHE,CHEMBL220,18343572,CHEMBL4139304,B,IC50,=,1070,nM,5.97,CHEMBL4138094,10.1016/j.ejmech.2017.05.019,28505534,,present,NO,2026-07-23 ChEMBL REST panel; dump rows use STANDARD_OK
AChE/BChE,AB_018,CHEMBL659,27639,A,ACHE,CHEMBL220,18376600,CHEMBL4144749,B,IC50,=,1900,nM,5.72,CHEMBL4138291,10.1021/acs.jnatprod.7b00847,29400966,,present,NO,2026-07-23 ChEMBL REST panel; dump rows use STANDARD_OK
AChE/BChE,AB_018,CHEMBL659,27639,A,ACHE,CHEMBL220,18407830,CHEMBL4151412,B,IC50,=,13900,nM,4.86,CHEMBL4145670,10.1021/acs.jnatprod.7b00892,30040425,,present,NO,2026-07-23 ChEMBL REST panel; dump rows use STANDARD_OK
AChE/BChE,AB_018,CHEMBL659,27639,A,ACHE,CHEMBL220,18793814,CHEMBL4273352,A,IC50,=,300,nM,6.52,CHEMBL4270567,10.1016/j.ejmech.2018.07.033,30031971,,present,NO,2026-07-23 ChEMBL REST panel; dump rows use STANDARD_OK
AChE/BChE,AB_018,CHEMBL659,27639,A,ACHE,CHEMBL220,18913815,CHEMBL4321436,B,IC50,=,1600,nM,5.8,CHEMBL4316628,10.1016/j.bmcl.2019.03.024,30910460,,present,NO,2026-07-23 ChEMBL REST panel; dump rows use STANDARD_OK
AChE/BChE,AB_018,CHEMBL659,27639,A,ACHE,CHEMBL220,18960686,CHEMBL4334128,B,IC50,=,1700,nM,5.77,CHEMBL4330159,10.1021/acs.jnatprod.8b00592,30701972,,present,NO,2026-07-23 ChEMBL REST panel; dump rows use STANDARD_OK
AChE/BChE,AB_018,CHEMBL659,27639,A,ACHE,CHEMBL220,18996930,CHEMBL4342661,B,IC50,=,3800,nM,5.42,CHEMBL4342404,10.1016/j.bmc.2019.01.025,30744931,,present,NO,2026-07-23 ChEMBL REST panel; dump rows use STANDARD_OK
AChE/BChE,AB_018,CHEMBL659,27639,A,ACHE,CHEMBL220,19048974,CHEMBL4354297,B,IC50,=,3030,nM,5.52,CHEMBL4351013,10.1016/j.ejmech.2019.06.041,31265934,,present,NO,2026-07-23 ChEMBL REST panel; dump rows use STANDARD_OK
AChE/BChE,AB_018,CHEMBL659,27639,A,ACHE,CHEMBL220,19087863,CHEMBL4365099,B,IC50,=,2770,nM,5.56,CHEMBL4364258,10.1016/j.ejmech.2019.05.080,31185414,,present,NO,2026-07-23 ChEMBL REST panel; dump rows use STANDARD_OK
AChE/BChE,AB_018,CHEMBL659,27639,A,ACHE,CHEMBL220,20599922,CHEMBL4603191,B,IC50,=,2090,nM,5.68,CHEMBL4602614,10.1016/j.bmcl.2019.126789,31753696,,present,NO,2026-07-23 ChEMBL REST panel; dump rows use STANDARD_OK
AChE/BChE,AB_018,CHEMBL659,27639,A,ACHE,CHEMBL220,20660206,CHEMBL4618120,B,IC50,=,1700,nM,5.77,CHEMBL4616657,10.1021/acs.jnatprod.9b00561,32309949,,present,NO,2026-07-23 ChEMBL REST panel; dump rows use STANDARD_OK
AChE/BChE,AB_018,CHEMBL659,27639,A,ACHE,CHEMBL220,22420529,CHEMBL4673487,B,IC50,=,17100,nM,4.77,CHEMBL4673177,10.1039/d0md00009d,33479638,,present,NO,2026-07-23 ChEMBL REST panel; dump rows use STANDARD_OK
AChE/BChE,AB_018,CHEMBL659,27639,A,ACHE,CHEMBL220,22432867,CHEMBL4676796,B,IC50,=,6400,nM,5.19,CHEMBL4673260,10.1016/j.bmc.2020.115820,33120080,,present,NO,2026-07-23 ChEMBL REST panel; dump rows use STANDARD_OK
AChE/BChE,AB_018,CHEMBL659,27639,A,ACHE,CHEMBL220,22958563,CHEMBL4768259,B,IC50,=,3000,nM,5.52,CHEMBL4765271,10.1016/j.ejmech.2020.112140,32088494,,present,NO,2026-07-23 ChEMBL REST panel; dump rows use STANDARD_OK
AChE/BChE,AB_018,CHEMBL659,27639,A,ACHE,CHEMBL220,22970944,CHEMBL4770653,B,IC50,=,790,nM,6.1,CHEMBL4765338,10.1016/j.ejmech.2020.112415,32454229,,present,NO,2026-07-23 ChEMBL REST panel; dump rows use STANDARD_OK
AChE/BChE,AB_018,CHEMBL659,27639,A,ACHE,CHEMBL220,23288834,CHEMBL4838950,B,IC50,=,2900,nM,5.54,CHEMBL4837234,10.1016/j.bmc.2021.116269,34130217,,present,NO,2026-07-23 ChEMBL REST panel; dump rows use STANDARD_OK
AChE/BChE,AB_018,CHEMBL659,27639,A,ACHE,CHEMBL220,24342686,CHEMBL5029796,B,IC50,=,2010,nM,5.7,CHEMBL5029165,10.1016/j.bmcl.2021.128374,34555506,,present,NO,2026-07-23 ChEMBL REST panel; dump rows use STANDARD_OK
AChE/BChE,AB_018,CHEMBL659,27639,A,ACHE,CHEMBL220,24748355,CHEMBL5120154,B,IC50,=,8400,nM,5.08,CHEMBL5113531,10.1021/acs.jmedchem.2c01003,36084304,,present,NO,2026-07-23 ChEMBL REST panel; dump rows use STANDARD_OK
AChE/BChE,AB_018,CHEMBL659,27639,A,ACHE,CHEMBL220,24776388,CHEMBL5128226,B,IC50,=,1170,nM,5.93,CHEMBL5126540,10.1016/j.ejmech.2022.114242,35276424,,present,NO,2026-07-23 ChEMBL REST panel; dump rows use STANDARD_OK
AChE/BChE,AB_018,CHEMBL659,27639,A,ACHE,CHEMBL220,24983589,CHEMBL5226795,B,IC50,=,2090,nM,5.68,CHEMBL5226286,10.1016/j.ejmech.2020.113102,33421712,,present,NO,2026-07-23 ChEMBL REST panel; dump rows use STANDARD_OK
AChE/BChE,AB_018,CHEMBL659,27639,A,ACHE,CHEMBL220,24995717,CHEMBL5231711,B,IC50,=,1000,nM,6,CHEMBL5230125,10.1016/j.ejmech.2020.112792,32949964,,present,NO,2026-07-23 ChEMBL REST panel; dump rows use STANDARD_OK
AChE/BChE,AB_018,CHEMBL659,27639,A,ACHE,CHEMBL220,24998158,CHEMBL5232245,B,IC50,=,350,nM,6.46,CHEMBL5230142,10.1016/j.bmc.2021.116270,34153839,,present,NO,2026-07-23 ChEMBL REST panel; dump rows use STANDARD_OK
AChE/BChE,AB_018,CHEMBL659,27639,A,ACHE,CHEMBL220,25002016,CHEMBL5233362,B,Ki,=,500,nM,6.3,CHEMBL5233206,10.1039/D1MD00217A,35028560,,present,NO,2026-07-23 ChEMBL REST panel; dump rows use STANDARD_OK
AChE/BChE,AB_018,CHEMBL659,27639,A,ACHE,CHEMBL220,25002047,CHEMBL5233368,B,Ki,=,540,nM,6.27,CHEMBL5233206,10.1039/D1MD00217A,35028560,,present,NO,2026-07-23 ChEMBL REST panel; dump rows use STANDARD_OK
AChE/BChE,AB_018,CHEMBL659,27639,A,ACHE,CHEMBL220,25083740,CHEMBL5256379,B,IC50,=,350,nM,6.46,CHEMBL5252646,10.1016/j.bmc.2023.117256,37003157,,present,NO,2026-07-23 ChEMBL REST panel; dump rows use STANDARD_OK
AChE/BChE,AB_018,CHEMBL659,27639,A,ACHE,CHEMBL220,25542866,CHEMBL5344489,B,IC50,=,1290,nM,5.89,CHEMBL5344402,10.1016/j.ejmech.2022.114630,35987018,,present,NO,2026-07-23 ChEMBL REST panel; dump rows use STANDARD_OK
AChE/BChE,AB_018,CHEMBL659,27639,A,ACHE,CHEMBL220,25616480,CHEMBL5362186,B,IC50,=,2000,nM,5.7,CHEMBL5360557,10.1016/j.ejmech.2023.115301,36996715,,present,NO,2026-07-23 ChEMBL REST panel; dump rows use STANDARD_OK
AChE/BChE,AB_018,CHEMBL659,27639,A,ACHE,CHEMBL220,25618373,CHEMBL5362932,B,IC50,=,594,nM,6.23,CHEMBL5360568,10.1016/j.ejmech.2023.115288,37031527,,present,NO,2026-07-23 ChEMBL REST panel; dump rows use STANDARD_OK
AChE/BChE,AB_018,CHEMBL659,27639,A,ACHE,CHEMBL220,25720732,CHEMBL5390767,B,IC50,=,1200,nM,5.92,CHEMBL5390208,10.1021/acs.jnatprod.3c00391,37615114,,present,NO,2026-07-23 ChEMBL REST panel; dump rows use STANDARD_OK
AChE/BChE,AB_018,CHEMBL659,27639,A,ACHE,CHEMBL220,26975755,CHEMBL5731540,B,IC50,=,700,nM,6.16,CHEMBL5725822,,,US-9586925-B2,present,NO,2026-07-23 ChEMBL REST panel; dump rows use STANDARD_OK
AChE/BChE,AB_018,CHEMBL659,27639,A,ACHE,CHEMBL220,29122024,CHEMBL6092585,B,IC50,=,2320,nM,5.63,CHEMBL6092139,10.1016/j.bmcl.2024.129937,39218406,,present,NO,2026-07-23 ChEMBL REST panel; dump rows use STANDARD_OK
AChE/BChE,AB_018,CHEMBL659,27639,A,ACHE,CHEMBL220,29122036,CHEMBL6092587,B,IC50,=,3520,nM,5.45,CHEMBL6092139,10.1016/j.bmcl.2024.129937,39218406,,present,NO,2026-07-23 ChEMBL REST panel; dump rows use STANDARD_OK
AChE/BChE,AB_018,CHEMBL659,27639,A,ACHE,CHEMBL220,29157668,CHEMBL6105286,B,IC50,=,20880,nM,4.68,CHEMBL6103578,10.1016/j.ejmech.2025.117309,39884096,,present,NO,2026-07-23 ChEMBL REST panel; dump rows use STANDARD_OK
AChE/BChE,AB_018,CHEMBL659,27639,A,ACHE,CHEMBL220,29217716,CHEMBL6124464,B,IC50,=,1529,nM,5.82,CHEMBL6121005,10.1016/j.ejmech.2024.117198,39733484,,present,NO,2026-07-23 ChEMBL REST panel; dump rows use STANDARD_OK
AChE/BChE,AB_018,CHEMBL659,27639,A,ACHE,CHEMBL220,29288220,CHEMBL6158745,B,IC50,=,200,nM,6.7,CHEMBL6153146,10.1021/acs.jnatprod.4c01359,39964330,,present,NO,2026-07-23 ChEMBL REST panel; dump rows use STANDARD_OK
AChE/BChE,AB_018,CHEMBL659,27639,B,BCHE,CHEMBL1914,110099,CHEMBL654405,B,IC50,=,18000,nM,4.75,CHEMBL1146616,10.1016/s0960-894x(03)00397-4,12824041,,present,NO,2026-07-23 ChEMBL REST panel; dump rows use STANDARD_OK
AChE/BChE,AB_018,CHEMBL659,27639,B,BCHE,CHEMBL1914,831915,CHEMBL654402,B,IC50,=,7300,nM,5.14,CHEMBL1135547,10.1021/jm010491d,12166941,,present,NO,2026-07-23 ChEMBL REST panel; dump rows use STANDARD_OK
AChE/BChE,AB_018,CHEMBL659,27639,B,BCHE,CHEMBL1914,1413721,CHEMBL829512,B,IC50,=,7300,nM,5.14,CHEMBL1142685,10.1021/jm049309+,15715468,,present,NO,2026-07-23 ChEMBL REST panel; dump rows use STANDARD_OK
AChE/BChE,AB_018,CHEMBL659,27639,B,BCHE,CHEMBL1914,1699432,CHEMBL861175,B,IC50,=,7300,nM,5.14,CHEMBL1146079,10.1021/jm050578p,16570913,,present,NO,2026-07-23 ChEMBL REST panel; dump rows use STANDARD_OK
AChE/BChE,AB_018,CHEMBL659,27639,B,BCHE,CHEMBL1914,1808281,CHEMBL911303,B,IC50,=,8400,nM,5.08,CHEMBL1139709,10.1016/j.bmcl.2006.08.067,16945529,,present,NO,2026-07-23 ChEMBL REST panel; dump rows use STANDARD_OK
AChE/BChE,AB_018,CHEMBL659,27639,B,BCHE,CHEMBL1914,1808282,CHEMBL911303,B,IC50,=,8394.6,nM,5.08,CHEMBL1139709,10.1016/j.bmcl.2006.08.067,16945529,,present,NO,2026-07-23 ChEMBL REST panel; dump rows use STANDARD_OK
AChE/BChE,AB_018,CHEMBL659,27639,B,BCHE,CHEMBL1914,1924057,CHEMBL895408,B,IC50,=,20700,nM,4.68,CHEMBL1148814,10.1021/jm070559a,17850125,,present,NO,2026-07-23 ChEMBL REST panel; dump rows use STANDARD_OK
AChE/BChE,AB_018,CHEMBL659,27639,B,BCHE,CHEMBL1914,2229841,CHEMBL998780,B,IC50,=,8500,nM,5.07,CHEMBL1156637,10.1021/np800305b,18681480,,present,NO,2026-07-23 ChEMBL REST panel; dump rows use STANDARD_OK
AChE/BChE,AB_018,CHEMBL659,27639,B,BCHE,CHEMBL1914,2397150,CHEMBL948465,B,IC50,=,20700,nM,4.68,CHEMBL1152287,10.1021/jm8009684,18954037,,present,NO,2026-07-23 ChEMBL REST panel; dump rows use STANDARD_OK
AChE/BChE,AB_018,CHEMBL659,27639,B,BCHE,CHEMBL1914,2563831,CHEMBL978159,B,IC50,=,8000,nM,5.1,CHEMBL1155941,10.1016/j.bmc.2008.07.009,18650096,,present,NO,2026-07-23 ChEMBL REST panel; dump rows use STANDARD_OK
AChE/BChE,AB_018,CHEMBL659,27639,B,BCHE,CHEMBL1914,2665615,CHEMBL1054621,B,IC50,=,50900,nM,4.29,CHEMBL1152325,10.1021/np800671p,19215141,,present,NO,2026-07-23 ChEMBL REST panel; dump rows use STANDARD_OK
AChE/BChE,AB_018,CHEMBL659,27639,B,BCHE,CHEMBL1914,6180559,CHEMBL1771987,B,IC50,=,18600,nM,4.73,CHEMBL1770076,10.1016/j.bmcl.2010.12.041,21216144,,present,NO,2026-07-23 ChEMBL REST panel; dump rows use STANDARD_OK
AChE/BChE,AB_018,CHEMBL659,27639,B,BCHE,CHEMBL1914,12071714,CHEMBL2162063,B,Ki,=,192.47,nM,6.72,CHEMBL2157925,10.1016/j.bmc.2012.09.016,23041347,,present,NO,2026-07-23 ChEMBL REST panel; dump rows use STANDARD_OK
AChE/BChE,AB_018,CHEMBL659,27639,B,BCHE,CHEMBL1914,12389940,CHEMBL3068554,B,IC50,=,8000,nM,5.1,CHEMBL3046340,10.1007/s00044-011-9754-6,,,present,NO,2026-07-23 ChEMBL REST panel; dump rows use STANDARD_OK
AChE/BChE,AB_018,CHEMBL659,27639,B,BCHE,CHEMBL1914,12405209,CHEMBL3068695,B,IC50,=,170,nM,6.77,CHEMBL3045895,10.1007/s00044-011-9804-0,,,present,NO,2026-07-23 ChEMBL REST panel; dump rows use STANDARD_OK
AChE/BChE,AB_018,CHEMBL659,27639,B,BCHE,CHEMBL1914,12633733,CHEMBL2319649,B,IC50,=,7000,nM,5.16,CHEMBL2311409,10.1016/j.bmc.2012.10.045,23199476,,present,NO,2026-07-23 ChEMBL REST panel; dump rows use STANDARD_OK
AChE/BChE,AB_018,CHEMBL659,27639,B,BCHE,CHEMBL1914,13312938,CHEMBL2383511,B,IC50,=,10000,nM,5,CHEMBL2380294,10.1016/j.bmcl.2013.02.103,23540646,,present,NO,2026-07-23 ChEMBL REST panel; dump rows use STANDARD_OK
AChE/BChE,AB_018,CHEMBL659,27639,B,BCHE,CHEMBL1914,13950615,CHEMBL3129628,B,IC50,=,15800,nM,4.8,CHEMBL3124749,10.1016/j.ejmech.2014.01.020,24508831,,present,NO,2026-07-23 ChEMBL REST panel; dump rows use STANDARD_OK
AChE/BChE,AB_018,CHEMBL659,27639,B,BCHE,CHEMBL1914,15013193,CHEMBL3379804,B,Ki,=,192.5,nM,6.72,CHEMBL3352817,10.1016/j.bmc.2014.06.057,25088549,,present,NO,2026-07-23 ChEMBL REST panel; dump rows use STANDARD_OK
AChE/BChE,AB_018,CHEMBL659,27639,B,BCHE,CHEMBL1914,15054160,CHEMBL3363283,B,IC50,=,12700,nM,4.9,CHEMBL3351862,10.1016/j.bmc.2014.05.032,24934993,,present,NO,2026-07-23 ChEMBL REST panel; dump rows use STANDARD_OK
AChE/BChE,AB_018,CHEMBL659,27639,B,BCHE,CHEMBL1914,15100123,CHEMBL3383712,B,IC50,=,21900,nM,4.66,CHEMBL3351711,10.1016/j.bmc.2014.08.016,25189690,,present,NO,2026-07-23 ChEMBL REST panel; dump rows use STANDARD_OK
AChE/BChE,AB_018,CHEMBL659,27639,B,BCHE,CHEMBL1914,16486432,CHEMBL3772143,B,IC50,=,66500,nM,4.18,CHEMBL3769338,10.1039/C5MD00274E,,,present,NO,2026-07-23 ChEMBL REST panel; dump rows use STANDARD_OK
AChE/BChE,AB_018,CHEMBL659,27639,B,BCHE,CHEMBL1914,16652780,CHEMBL3829313,B,Ki,=,28290,nM,4.55,CHEMBL3826956,10.1016/j.bmc.2016.07.043,27492195,,present,NO,2026-07-23 ChEMBL REST panel; dump rows use STANDARD_OK
AChE/BChE,AB_018,CHEMBL659,27639,B,BCHE,CHEMBL1914,16813279,CHEMBL3871101,B,IC50,=,10000,nM,5,CHEMBL3870350,10.1016/j.bmcl.2016.11.067,27923619,,present,NO,2026-07-23 ChEMBL REST panel; dump rows use STANDARD_OK
AChE/BChE,AB_018,CHEMBL659,27639,B,BCHE,CHEMBL1914,18046283,CHEMBL4010821,B,IC50,=,1200,nM,5.92,CHEMBL4007475,10.1016/j.bmc.2017.02.017,28279561,,present,NO,2026-07-23 ChEMBL REST panel; dump rows use STANDARD_OK
AChE/BChE,AB_018,CHEMBL659,27639,B,BCHE,CHEMBL1914,18124231,CHEMBL4027485,B,IC50,=,19100,nM,4.72,CHEMBL4024773,10.1021/acs.jmedchem.7b01086,29227101,,present,NO,2026-07-23 ChEMBL REST panel; dump rows use STANDARD_OK
AChE/BChE,AB_018,CHEMBL659,27639,B,BCHE,CHEMBL1914,18360745,CHEMBL4141683,B,IC50,=,3720,nM,5.43,CHEMBL4138158,10.1016/j.ejmech.2017.10.019,29126732,,present,NO,2026-07-23 ChEMBL REST panel; dump rows use STANDARD_OK
AChE/BChE,AB_018,CHEMBL659,27639,B,BCHE,CHEMBL1914,18407827,CHEMBL4151414,B,IC50,=,2000,nM,5.7,CHEMBL4145670,10.1021/acs.jnatprod.7b00892,30040425,,present,NO,2026-07-23 ChEMBL REST panel; dump rows use STANDARD_OK
AChE/BChE,AB_018,CHEMBL659,27639,B,BCHE,CHEMBL1914,18793817,CHEMBL4273353,B,IC50,=,7000,nM,5.16,CHEMBL4270567,10.1016/j.ejmech.2018.07.033,30031971,,present,NO,2026-07-23 ChEMBL REST panel; dump rows use STANDARD_OK
AChE/BChE,AB_018,CHEMBL659,27639,B,BCHE,CHEMBL1914,18913826,CHEMBL4321437,B,IC50,=,13180,nM,4.88,CHEMBL4316628,10.1016/j.bmcl.2019.03.024,30910460,,present,NO,2026-07-23 ChEMBL REST panel; dump rows use STANDARD_OK
AChE/BChE,AB_018,CHEMBL659,27639,B,BCHE,CHEMBL1914,18960673,CHEMBL4334129,B,IC50,=,42300,nM,4.37,CHEMBL4330159,10.1021/acs.jnatprod.8b00592,30701972,,present,NO,2026-07-23 ChEMBL REST panel; dump rows use STANDARD_OK
AChE/BChE,AB_018,CHEMBL659,27639,B,BCHE,CHEMBL1914,18996937,CHEMBL4342662,B,IC50,=,575,nM,6.24,CHEMBL4342404,10.1016/j.bmc.2019.01.025,30744931,,present,NO,2026-07-23 ChEMBL REST panel; dump rows use STANDARD_OK
AChE/BChE,AB_018,CHEMBL659,27639,B,BCHE,CHEMBL1914,19048975,CHEMBL4354298,B,IC50,=,16500,nM,4.78,CHEMBL4351013,10.1016/j.ejmech.2019.06.041,31265934,,present,NO,2026-07-23 ChEMBL REST panel; dump rows use STANDARD_OK
AChE/BChE,AB_018,CHEMBL659,27639,B,BCHE,CHEMBL1914,19087901,CHEMBL4365101,B,IC50,=,20700,nM,4.68,CHEMBL4364258,10.1016/j.ejmech.2019.05.080,31185414,,present,NO,2026-07-23 ChEMBL REST panel; dump rows use STANDARD_OK
AChE/BChE,AB_018,CHEMBL659,27639,B,BCHE,CHEMBL1914,20599934,CHEMBL4603192,B,IC50,=,19340,nM,4.71,CHEMBL4602614,10.1016/j.bmcl.2019.126789,31753696,,present,NO,2026-07-23 ChEMBL REST panel; dump rows use STANDARD_OK
AChE/BChE,AB_018,CHEMBL659,27639,B,BCHE,CHEMBL1914,20660160,CHEMBL4618122,B,IC50,=,42000,nM,4.38,CHEMBL4616657,10.1021/acs.jnatprod.9b00561,32309949,,present,NO,2026-07-23 ChEMBL REST panel; dump rows use STANDARD_OK
AChE/BChE,AB_018,CHEMBL659,27639,B,BCHE,CHEMBL1914,22958580,CHEMBL4768260,B,IC50,=,31600,nM,4.5,CHEMBL4765271,10.1016/j.ejmech.2020.112140,32088494,,present,NO,2026-07-23 ChEMBL REST panel; dump rows use STANDARD_OK
AChE/BChE,AB_018,CHEMBL659,27639,B,BCHE,CHEMBL1914,22970997,CHEMBL4770654,B,IC50,=,13700,nM,4.86,CHEMBL4765338,10.1016/j.ejmech.2020.112415,32454229,,present,NO,2026-07-23 ChEMBL REST panel; dump rows use STANDARD_OK
AChE/BChE,AB_018,CHEMBL659,27639,B,BCHE,CHEMBL1914,23288846,CHEMBL4838951,B,IC50,=,10600,nM,4.97,CHEMBL4837234,10.1016/j.bmc.2021.116269,34130217,,present,NO,2026-07-23 ChEMBL REST panel; dump rows use STANDARD_OK
AChE/BChE,AB_018,CHEMBL659,27639,B,BCHE,CHEMBL1914,24342765,CHEMBL5029799,B,IC50,=,29310,nM,4.53,CHEMBL5029165,10.1016/j.bmcl.2021.128374,34555506,,present,NO,2026-07-23 ChEMBL REST panel; dump rows use STANDARD_OK
AChE/BChE,AB_018,CHEMBL659,27639,B,BCHE,CHEMBL1914,24748380,CHEMBL5120155,B,IC50,=,19710,nM,4.71,CHEMBL5113531,10.1021/acs.jmedchem.2c01003,36084304,,present,NO,2026-07-23 ChEMBL REST panel; dump rows use STANDARD_OK
AChE/BChE,AB_018,CHEMBL659,27639,B,BCHE,CHEMBL1914,24776398,CHEMBL5128227,B,IC50,=,2015,nM,5.7,CHEMBL5126540,10.1016/j.ejmech.2022.114242,35276424,,present,NO,2026-07-23 ChEMBL REST panel; dump rows use STANDARD_OK
AChE/BChE,AB_018,CHEMBL659,27639,B,BCHE,CHEMBL1914,24983594,CHEMBL5226796,B,IC50,=,19270,nM,4.71,CHEMBL5226286,10.1016/j.ejmech.2020.113102,33421712,,present,NO,2026-07-23 ChEMBL REST panel; dump rows use STANDARD_OK
AChE/BChE,AB_018,CHEMBL659,27639,B,BCHE,CHEMBL1914,24998180,CHEMBL5232261,B,IC50,=,18600,nM,4.73,CHEMBL5230142,10.1016/j.bmc.2021.116270,34153839,,present,NO,2026-07-23 ChEMBL REST panel; dump rows use STANDARD_OK
AChE/BChE,AB_018,CHEMBL659,27639,B,BCHE,CHEMBL1914,25002055,CHEMBL5233369,B,Ki,=,9370,nM,5.03,CHEMBL5233206,10.1039/D1MD00217A,35028560,,present,NO,2026-07-23 ChEMBL REST panel; dump rows use STANDARD_OK
AChE/BChE,AB_018,CHEMBL659,27639,B,BCHE,CHEMBL1914,25002078,CHEMBL5233371,B,Ki,=,9400,nM,5.03,CHEMBL5233206,10.1039/D1MD00217A,35028560,,present,NO,2026-07-23 ChEMBL REST panel; dump rows use STANDARD_OK
AChE/BChE,AB_018,CHEMBL659,27639,B,BCHE,CHEMBL1914,25083741,CHEMBL5256380,B,IC50,=,19100,nM,4.72,CHEMBL5252646,10.1016/j.bmc.2023.117256,37003157,,present,NO,2026-07-23 ChEMBL REST panel; dump rows use STANDARD_OK
AChE/BChE,AB_018,CHEMBL659,27639,B,BCHE,CHEMBL1914,25542869,CHEMBL5344490,B,IC50,=,10010,nM,5,CHEMBL5344402,10.1016/j.ejmech.2022.114630,35987018,,present,NO,2026-07-23 ChEMBL REST panel; dump rows use STANDARD_OK
AChE/BChE,AB_018,CHEMBL659,27639,B,BCHE,CHEMBL1914,25616539,CHEMBL5362187,B,IC50,=,34000,nM,4.47,CHEMBL5360557,10.1016/j.ejmech.2023.115301,36996715,,present,NO,2026-07-23 ChEMBL REST panel; dump rows use STANDARD_OK
AChE/BChE,AB_018,CHEMBL659,27639,B,BCHE,CHEMBL1914,25720753,CHEMBL5390768,B,IC50,=,15600,nM,4.81,CHEMBL5390208,10.1021/acs.jnatprod.3c00391,37615114,,present,NO,2026-07-23 ChEMBL REST panel; dump rows use STANDARD_OK
AChE/BChE,AB_018,CHEMBL659,27639,B,BCHE,CHEMBL1914,25945393,CHEMBL5535554,B,IC50,=,34000,nM,4.47,CHEMBL5532688,10.1039/d4md00060a,38784455,,present,NO,2026-07-23 ChEMBL REST panel; dump rows use STANDARD_OK
AChE/BChE,AB_018,CHEMBL659,27639,B,BCHE,CHEMBL1914,26036842,CHEMBL5584916,B,IC50,=,51,nM,7.29,CHEMBL5584230,10.1016/j.ejmech.2024.116523,38795518,,present,YES,2026-07-23 ChEMBL REST panel; dump rows use STANDARD_OK
AChE/BChE,AB_018,CHEMBL659,27639,B,BCHE,CHEMBL1914,26975758,CHEMBL5731541,B,IC50,=,21900,nM,4.66,CHEMBL5725822,,,US-9586925-B2,present,NO,2026-07-23 ChEMBL REST panel; dump rows use STANDARD_OK
AChE/BChE,AB_018,CHEMBL659,27639,B,BCHE,CHEMBL1914,28992440,CHEMBL5739266,B,IC50,=,40830,nM,4.39,CHEMBL5729693,,,US-11643395-B2,present,NO,2026-07-23 ChEMBL REST panel; dump rows use STANDARD_OK
AChE/BChE,AB_018,CHEMBL659,27639,B,BCHE,CHEMBL1914,28992443,CHEMBL5739266,B,Ki,=,21500,nM,4.67,CHEMBL5729693,,,US-11643395-B2,present,NO,2026-07-23 ChEMBL REST panel; dump rows use STANDARD_OK
AChE/BChE,AB_019,CHEMBL3642049,1974763,A,ACHE,CHEMBL220,16307262,CHEMBL3705962,B,IC50,=,4.61,nM,8.34,CHEMBL3639238,,,US-8841453-B2,present,YES,2026-07-23 ChEMBL REST panel; dump rows use STANDARD_OK
AChE/BChE,AB_019,CHEMBL3642049,1974763,B,BCHE,CHEMBL1914,16339312,CHEMBL3708022,B,IC50,=,0.25,nM,9.6,CHEMBL3639238,,,US-8841453-B2,present,YES,2026-07-23 ChEMBL REST panel; dump rows use STANDARD_OK
AChE/BChE,AB_020,CHEMBL334395,218426,A,ACHE,CHEMBL220,66558,CHEMBL643384,B,IC50,=,300,nM,6.52,CHEMBL1148382,10.1021/jm031004s,14711311,,present,YES,2026-07-23 ChEMBL REST panel; dump rows use STANDARD_OK
AChE/BChE,AB_020,CHEMBL334395,218426,B,BCHE,CHEMBL1914,66557,CHEMBL654878,B,IC50,=,100,nM,7,CHEMBL1148382,10.1021/jm031004s,14711311,,present,YES,2026-07-23 ChEMBL REST panel; dump rows use STANDARD_OK
AChE/BChE,AB_021,CHEMBL4535585,2406016,A,ACHE,CHEMBL220,19072667,CHEMBL4361991,A,IC50,=,100,nM,7,CHEMBL4359860,10.1016/j.ejmech.2019.07.053,31376562,,present,YES,2026-07-23 ChEMBL REST panel; dump rows use STANDARD_OK
AChE/BChE,AB_021,CHEMBL4535585,2406016,B,BCHE,CHEMBL1914,19072680,CHEMBL4361992,B,IC50,=,74.8,nM,7.13,CHEMBL4359860,10.1016/j.ejmech.2019.07.053,31376562,,present,YES,2026-07-23 ChEMBL REST panel; dump rows use STANDARD_OK
AChE/BChE,AB_022,CHEMBL2019044,1336784,A,ACHE,CHEMBL220,10858514,CHEMBL2020732,B,IC50,=,1,nM,9,CHEMBL2016543,10.1021/jm201460y,22243648,,present,YES,2026-07-23 ChEMBL REST panel; dump rows use STANDARD_OK
AChE/BChE,AB_022,CHEMBL2019044,1336784,B,BCHE,CHEMBL1914,10858495,CHEMBL2020733,B,IC50,=,1.5,nM,8.82,CHEMBL2016543,10.1021/jm201460y,22243648,,present,YES,2026-07-23 ChEMBL REST panel; dump rows use STANDARD_OK
AChE/BChE,AB_023,CHEMBL4207101,2285252,A,ACHE,CHEMBL220,18521746,CHEMBL4193992,B,IC50,=,7.61,nM,8.12,CHEMBL4190343,10.1016/j.ejmech.2017.09.008,28923380,,present,YES,2026-07-23 ChEMBL REST panel; dump rows use STANDARD_OK
AChE/BChE,AB_023,CHEMBL4207101,2285252,A,ACHE,CHEMBL220,18521819,CHEMBL4194002,B,Ki,=,9.85,nM,8.01,CHEMBL4190343,10.1016/j.ejmech.2017.09.008,28923380,,present,NO,2026-07-23 ChEMBL REST panel; dump rows use STANDARD_OK
AChE/BChE,AB_023,CHEMBL4207101,2285252,A,ACHE,CHEMBL220,18521820,CHEMBL4194003,B,Ki,=,15.81,nM,7.8,CHEMBL4190343,10.1016/j.ejmech.2017.09.008,28923380,,present,NO,2026-07-23 ChEMBL REST panel; dump rows use STANDARD_OK
AChE/BChE,AB_023,CHEMBL4207101,2285252,B,BCHE,CHEMBL1914,18521781,CHEMBL4193993,B,IC50,=,2.35,nM,8.63,CHEMBL4190343,10.1016/j.ejmech.2017.09.008,28923380,,present,YES,2026-07-23 ChEMBL REST panel; dump rows use STANDARD_OK
AChE/BChE,AB_024,CHEMBL5276955,2796657,A,ACHE,CHEMBL220,25076225,CHEMBL5254621,B,IC50,=,11,nM,7.96,CHEMBL5252548,10.1016/j.ejmech.2018.05.004,29763806,,present,YES,2026-07-23 ChEMBL REST panel; dump rows use STANDARD_OK
AChE/BChE,AB_024,CHEMBL5276955,2796657,B,BCHE,CHEMBL1914,25076238,CHEMBL5254622,B,IC50,=,54.33,nM,7.26,CHEMBL5252548,10.1016/j.ejmech.2018.05.004,29763806,,present,YES,2026-07-23 ChEMBL REST panel; dump rows use STANDARD_OK
AChE/BChE,AB_025,CHEMBL6150640,3302144,A,ACHE,CHEMBL220,29121305,CHEMBL6092346,B,Ki,=,140,nM,6.85,CHEMBL6092125,10.1016/j.bmcl.2024.129928,39151660,,present,YES,2026-07-23 ChEMBL REST panel; dump rows use STANDARD_OK
AChE/BChE,AB_025,CHEMBL6150640,3302144,B,BCHE,CHEMBL1914,29121323,CHEMBL6092350,B,Ki,=,36,nM,7.44,CHEMBL6092125,10.1016/j.bmcl.2024.129928,39151660,,present,YES,2026-07-23 ChEMBL REST panel; dump rows use STANDARD_OK
AChE/BChE,AB_026,CHEMBL1080386,613279,A,ACHE,CHEMBL220,6217816,CHEMBL1787068,B,IC50,=,6,nM,8.22,CHEMBL1781988,10.1016/j.ejmech.2011.02.071,21459491,,present,YES,2026-07-23 ChEMBL REST panel; dump rows use STANDARD_OK
AChE/BChE,AB_026,CHEMBL1080386,613279,A,ACHE,CHEMBL220,6217826,CHEMBL1787069,B,IC50,=,6,nM,8.22,CHEMBL1781988,10.1016/j.ejmech.2011.02.071,21459491,,present,YES,2026-07-23 ChEMBL REST panel; dump rows use STANDARD_OK
AChE/BChE,AB_026,CHEMBL1080386,613279,B,BCHE,CHEMBL1914,24963159,CHEMBL5216358,B,IC50,=,6,nM,8.22,CHEMBL5214927,10.1016/j.ejmech.2022.114606,35858523,,present,YES,2026-07-23 ChEMBL REST panel; dump rows use STANDARD_OK
AChE/BChE,AB_027,CHEMBL3326708,1787528,A,ACHE,CHEMBL220,15013168,CHEMBL3379803,B,Ki,=,56.1,nM,7.25,CHEMBL3352817,10.1016/j.bmc.2014.06.057,25088549,,present,YES,2026-07-23 ChEMBL REST panel; dump rows use STANDARD_OK
AChE/BChE,AB_027,CHEMBL3326708,1787528,B,BCHE,CHEMBL1914,15013184,CHEMBL3379804,B,Ki,=,31.2,nM,7.51,CHEMBL3352817,10.1016/j.bmc.2014.06.057,25088549,,present,YES,2026-07-23 ChEMBL REST panel; dump rows use STANDARD_OK
AChE/BChE,AB_028,CHEMBL1783515,1150182,A,ACHE,CHEMBL220,6223398,CHEMBL1785400,B,IC50,=,9,nM,8.05,CHEMBL1781893,10.1016/j.ejmech.2011.02.073,21435752,,present,YES,2026-07-23 ChEMBL REST panel; dump rows use STANDARD_OK
AChE/BChE,AB_028,CHEMBL1783515,1150182,B,BCHE,CHEMBL1914,6223423,CHEMBL1785399,B,IC50,=,217,nM,6.66,CHEMBL1781893,10.1016/j.ejmech.2011.02.073,21435752,,present,YES,2026-07-23 ChEMBL REST panel; dump rows use STANDARD_OK
AChE/BChE,AB_029,CHEMBL3985059,2194430,A,ACHE,CHEMBL220,16809721,CHEMBL3870531,B,IC50,=,41,nM,7.39,CHEMBL3870312,10.1016/j.ejmech.2016.07.052,27484514,,present,YES,2026-07-23 ChEMBL REST panel; dump rows use STANDARD_OK
AChE/BChE,AB_029,CHEMBL3985059,2194430,B,BCHE,CHEMBL1914,16809748,CHEMBL3870532,B,IC50,=,8130,nM,5.09,CHEMBL3870312,10.1016/j.ejmech.2016.07.052,27484514,,present,YES,2026-07-23 ChEMBL REST panel; dump rows use STANDARD_OK
AChE/BChE,AB_030,CHEMBL3425895,1843272,A,ACHE,CHEMBL220,18230425,CHEMBL4049960,B,IC50,=,300,nM,6.52,CHEMBL4049393,10.1016/j.ejmech.2017.02.042,28242549,,present,YES,2026-07-23 ChEMBL REST panel; dump rows use STANDARD_OK
AChE/BChE,AB_030,CHEMBL3425895,1843272,B,BCHE,CHEMBL1914,18230511,CHEMBL4049962,B,IC50,=,3500,nM,5.46,CHEMBL4049393,10.1016/j.ejmech.2017.02.042,28242549,,present,YES,2026-07-23 ChEMBL REST panel; dump rows use STANDARD_OK
AChE/BChE,AB_031,CHEMBL2419687,1578470,A,ACHE,CHEMBL220,13435109,CHEMBL2421450,B,IC50,=,54,nM,7.27,CHEMBL2417380,10.1016/j.ejmech.2013.06.021,23838422,,present,YES,2026-07-23 ChEMBL REST panel; dump rows use STANDARD_OK
AChE/BChE,AB_031,CHEMBL2419687,1578470,B,BCHE,CHEMBL1914,13435098,CHEMBL2421449,B,IC50,=,8390,nM,5.08,CHEMBL2417380,10.1016/j.ejmech.2013.06.021,23838422,,present,YES,2026-07-23 ChEMBL REST panel; dump rows use STANDARD_OK
AChE/BChE,AB_032,CHEMBL5281758,2801460,A,ACHE,CHEMBL220,25007658,CHEMBL5235525,B,IC50,=,560,nM,6.25,CHEMBL5233266,10.1021/acs.jmedchem.0c01887,33528252,,present,NO,2026-07-23 ChEMBL REST panel; dump rows use STANDARD_OK
AChE/BChE,AB_032,CHEMBL5281758,2801460,A,ACHE,CHEMBL220,25007662,CHEMBL5235525,B,IC50,=,300,nM,6.52,CHEMBL5233266,10.1021/acs.jmedchem.0c01887,33528252,,present,YES,2026-07-23 ChEMBL REST panel; dump rows use STANDARD_OK
AChE/BChE,AB_032,CHEMBL5281758,2801460,B,BCHE,CHEMBL1914,25007681,CHEMBL5235526,B,IC50,=,32000,nM,4.5,CHEMBL5233266,10.1021/acs.jmedchem.0c01887,33528252,,present,YES,2026-07-23 ChEMBL REST panel; dump rows use STANDARD_OK
AChE/BChE,AB_033,CHEMBL4283450,2322898,A,ACHE,CHEMBL220,18792895,CHEMBL4273241,B,IC50,=,170,nM,6.77,CHEMBL4270563,10.1016/j.ejmech.2018.07.026,30025348,,present,YES,2026-07-23 ChEMBL REST panel; dump rows use STANDARD_OK
AChE/BChE,AB_033,CHEMBL4283450,2322898,B,BCHE,CHEMBL1914,18792865,CHEMBL4273242,B,IC50,=,6500,nM,5.19,CHEMBL4270563,10.1016/j.ejmech.2018.07.026,30025348,,present,YES,2026-07-23 ChEMBL REST panel; dump rows use STANDARD_OK
AChE/BChE,AB_034,CHEMBL1773487,1144525,A,ACHE,CHEMBL220,6195892,CHEMBL1775596,B,IC50,=,143,nM,6.84,CHEMBL1773070,10.1016/j.ejmech.2011.02.019,21397996,,present,YES,2026-07-23 ChEMBL REST panel; dump rows use STANDARD_OK
AChE/BChE,AB_034,CHEMBL1773487,1144525,B,BCHE,CHEMBL1914,6195910,CHEMBL1775597,B,IC50,=,10400,nM,4.98,CHEMBL1773070,10.1016/j.ejmech.2011.02.019,21397996,,present,YES,2026-07-23 ChEMBL REST panel; dump rows use STANDARD_OK
AChE/BChE,AB_035,CHEMBL3952144,2161515,A,ACHE,CHEMBL220,17739750,CHEMBL3887947,B,IC50,=,269,nM,6.57,CHEMBL3886513,,,US-9255091-B2,present,YES,2026-07-23 ChEMBL REST panel; dump rows use STANDARD_OK
AChE/BChE,AB_035,CHEMBL3952144,2161515,B,BCHE,CHEMBL1914,17739755,CHEMBL3887948,B,IC50,=,8164,nM,5.09,CHEMBL3886513,,,US-9255091-B2,present,YES,2026-07-23 ChEMBL REST panel; dump rows use STANDARD_OK
AChE/BChE,AB_036,CHEMBL1773489,1144527,A,ACHE,CHEMBL220,6195894,CHEMBL1775596,B,IC50,=,210,nM,6.68,CHEMBL1773070,10.1016/j.ejmech.2011.02.019,21397996,,present,YES,2026-07-23 ChEMBL REST panel; dump rows use STANDARD_OK
AChE/BChE,AB_036,CHEMBL1773489,1144527,B,BCHE,CHEMBL1914,6195912,CHEMBL1775597,B,IC50,=,9700,nM,5.01,CHEMBL1773070,10.1016/j.ejmech.2011.02.019,21397996,,present,YES,2026-07-23 ChEMBL REST panel; dump rows use STANDARD_OK
AChE/BChE,AB_037,CHEMBL597794,597100,A,ACHE,CHEMBL220,3126450,CHEMBL1067130,B,IC50,=,110,nM,6.96,CHEMBL1157624,10.1016/j.bmc.2010.01.071,20171894,,present,YES,2026-07-23 ChEMBL REST panel; dump rows use STANDARD_OK
AChE/BChE,AB_037,CHEMBL597794,597100,B,BCHE,CHEMBL1914,3126449,CHEMBL1067131,B,IC50,=,90300,nM,4.04,CHEMBL1157624,10.1016/j.bmc.2010.01.071,20171894,,present,YES,2026-07-23 ChEMBL REST panel; dump rows use STANDARD_OK
AChE/BChE,AB_038,CHEMBL599644,597168,A,ACHE,CHEMBL220,3126438,CHEMBL1067130,B,IC50,=,52,nM,7.28,CHEMBL1157624,10.1016/j.bmc.2010.01.071,20171894,,present,YES,2026-07-23 ChEMBL REST panel; dump rows use STANDARD_OK
AChE/BChE,AB_038,CHEMBL599644,597168,A,ACHE,CHEMBL220,3126522,CHEMBL1067133,B,Ki,=,61.1,nM,7.21,CHEMBL1157624,10.1016/j.bmc.2010.01.071,20171894,,present,NO,2026-07-23 ChEMBL REST panel; dump rows use STANDARD_OK
AChE/BChE,AB_038,CHEMBL599644,597168,A,ACHE,CHEMBL220,15662436,CHEMBL3599814,B,IC50,=,52,nM,7.28,CHEMBL3596160,10.1016/j.bmcl.2015.05.002,26003339,,present,YES,2026-07-23 ChEMBL REST panel; dump rows use STANDARD_OK
AChE/BChE,AB_038,CHEMBL599644,597168,B,BCHE,CHEMBL1914,3126437,CHEMBL1067131,B,IC50,=,5010,nM,5.3,CHEMBL1157624,10.1016/j.bmc.2010.01.071,20171894,,present,YES,2026-07-23 ChEMBL REST panel; dump rows use STANDARD_OK
AChE/BChE,AB_039,CHEMBL597188,597167,A,ACHE,CHEMBL220,3126441,CHEMBL1067130,B,IC50,=,56,nM,7.25,CHEMBL1157624,10.1016/j.bmc.2010.01.071,20171894,,present,YES,2026-07-23 ChEMBL REST panel; dump rows use STANDARD_OK
AChE/BChE,AB_039,CHEMBL597188,597167,B,BCHE,CHEMBL1914,3126440,CHEMBL1067131,B,IC50,=,8050,nM,5.09,CHEMBL1157624,10.1016/j.bmc.2010.01.071,20171894,,present,YES,2026-07-23 ChEMBL REST panel; dump rows use STANDARD_OK
AChE/BChE,AB_041,CHEMBL164,102920,A,ACHE,CHEMBL220,2940675,CHEMBL1045781,B,Ki,=,37800,nM,4.42,CHEMBL1154681,10.1016/j.ejmech.2009.09.041,19879672,,present,NO,2026-07-23 ChEMBL REST panel; dump rows use STANDARD_OK
AChE/BChE,AB_041,CHEMBL164,102920,A,ACHE,CHEMBL220,12591481,CHEMBL3071788,B,IC50,=,12,nM,7.92,CHEMBL3045386,10.1007/s00044-012-0353-y,,,present,YES,2026-07-23 ChEMBL REST panel; dump rows use STANDARD_OK
AChE/BChE,AB_041,CHEMBL164,102920,B,BCHE,CHEMBL1914,2940667,CHEMBL1045780,B,Ki,=,71000,nM,4.15,CHEMBL1154681,10.1016/j.ejmech.2009.09.041,19879672,,present,YES,2026-07-23 ChEMBL REST panel; dump rows use STANDARD_OK
AChE/BChE,AB_042,CHEMBL3910513,2119884,A,ACHE,CHEMBL220,16809731,CHEMBL3870531,B,IC50,=,147,nM,6.83,CHEMBL3870312,10.1016/j.ejmech.2016.07.052,27484514,,present,YES,2026-07-23 ChEMBL REST panel; dump rows use STANDARD_OK
AChE/BChE,AB_042,CHEMBL3910513,2119884,B,BCHE,CHEMBL1914,16809756,CHEMBL3870532,B,IC50,=,38600,nM,4.41,CHEMBL3870312,10.1016/j.ejmech.2016.07.052,27484514,,present,YES,2026-07-23 ChEMBL REST panel; dump rows use STANDARD_OK
AChE/BChE,AB_043,CHEMBL1678,508667,A,ACHE,CHEMBL220,2351188,CHEMBL960589,B,IC50,=,11.6,nM,7.94,CHEMBL1150773,10.1021/jm8001313,18517184,,present,YES,2026-07-23 ChEMBL REST panel; dump rows use STANDARD_OK
AChE/BChE,AB_043,CHEMBL1678,508667,A,ACHE,CHEMBL220,6166395,CHEMBL1769750,B,IC50,=,32,nM,7.5,CHEMBL1764969,10.1016/j.bmc.2011.02.030,21429752,,present,NO,2026-07-23 ChEMBL REST panel; dump rows use STANDARD_OK
AChE/BChE,AB_043,CHEMBL1678,508667,A,ACHE,CHEMBL220,6383373,CHEMBL1837219,B,IC50,=,32,nM,7.5,CHEMBL1833829,10.1016/j.bmcl.2011.07.091,21873056,,present,NO,2026-07-23 ChEMBL REST panel; dump rows use STANDARD_OK
AChE/BChE,AB_043,CHEMBL1678,508667,A,ACHE,CHEMBL220,14992506,CHEMBL3383297,B,IC50,=,20,nM,7.7,CHEMBL3351633,10.1021/np500558b,25455147,,present,NO,2026-07-23 ChEMBL REST panel; dump rows use STANDARD_OK
AChE/BChE,AB_043,CHEMBL1678,508667,A,ACHE,CHEMBL220,18104052,CHEMBL4022474,B,IC50,=,120,nM,6.92,CHEMBL4020795,10.1016/j.bmcl.2017.05.050,28552337,,present,NO,2026-07-23 ChEMBL REST panel; dump rows use STANDARD_OK
AChE/BChE,AB_043,CHEMBL1678,508667,A,ACHE,CHEMBL220,25951309,CHEMBL5536823,B,IC50,=,123,nM,6.91,CHEMBL5532757,10.1039/d4md00113c,38911158,,present,NO,2026-07-23 ChEMBL REST panel; dump rows use STANDARD_OK
AChE/BChE,AB_043,CHEMBL1678,508667,B,BCHE,CHEMBL1914,2351199,CHEMBL960590,B,IC50,=,7273,nM,5.14,CHEMBL1150773,10.1021/jm8001313,18517184,,present,YES,2026-07-23 ChEMBL REST panel; dump rows use STANDARD_OK
AChE/BChE,AB_044,CHEMBL3900968,2110339,A,ACHE,CHEMBL220,17739751,CHEMBL3887947,B,IC50,=,96,nM,7.02,CHEMBL3886513,,,US-9255091-B2,present,YES,2026-07-23 ChEMBL REST panel; dump rows use STANDARD_OK
AChE/BChE,AB_044,CHEMBL3900968,2110339,B,BCHE,CHEMBL1914,17739756,CHEMBL3887948,B,IC50,=,11886,nM,4.92,CHEMBL3886513,,,US-9255091-B2,present,YES,2026-07-23 ChEMBL REST panel; dump rows use STANDARD_OK
AChE/BChE,AB_045,CHEMBL206093,342968,A,ACHE,CHEMBL220,1699415,CHEMBL859798,B,IC50,=,36,nM,7.44,CHEMBL1146079,10.1021/jm050578p,16570913,,present,YES,2026-07-23 ChEMBL REST panel; dump rows use STANDARD_OK
AChE/BChE,AB_045,CHEMBL206093,342968,B,BCHE,CHEMBL1914,1699457,CHEMBL861175,B,IC50,=,36400,nM,4.44,CHEMBL1146079,10.1021/jm050578p,16570913,,present,YES,2026-07-23 ChEMBL REST panel; dump rows use STANDARD_OK
AChE/BChE,AB_046,CHEMBL254016,424819,A,ACHE,CHEMBL220,2077400,CHEMBL945890,B,IC50,=,3.3,nM,8.48,CHEMBL1141467,10.1021/jm7009364,18181565,,present,YES,2026-07-23 ChEMBL REST panel; dump rows use STANDARD_OK
AChE/BChE,AB_046,CHEMBL254016,424819,A,ACHE,CHEMBL220,2397130,CHEMBL948464,B,IC50,=,3.32,nM,8.48,CHEMBL1152287,10.1021/jm8009684,18954037,,present,YES,2026-07-23 ChEMBL REST panel; dump rows use STANDARD_OK
AChE/BChE,AB_046,CHEMBL254016,424819,B,BCHE,CHEMBL1914,2397129,CHEMBL948465,B,IC50,=,8490,nM,5.07,CHEMBL1152287,10.1021/jm8009684,18954037,,present,YES,2026-07-23 ChEMBL REST panel; dump rows use STANDARD_OK
AChE/BChE,AB_047,CHEMBL4292477,2331925,A,ACHE,CHEMBL220,18792891,CHEMBL4273241,B,IC50,=,41,nM,7.39,CHEMBL4270563,10.1016/j.ejmech.2018.07.026,30025348,,present,YES,2026-07-23 ChEMBL REST panel; dump rows use STANDARD_OK
AChE/BChE,AB_047,CHEMBL4292477,2331925,A,ACHE,CHEMBL220,18792939,CHEMBL4273244,B,Ki,=,62,nM,7.21,CHEMBL4270563,10.1016/j.ejmech.2018.07.026,30025348,,present,NO,2026-07-23 ChEMBL REST panel; dump rows use STANDARD_OK
AChE/BChE,AB_047,CHEMBL4292477,2331925,B,BCHE,CHEMBL1914,18792861,CHEMBL4273242,B,IC50,=,4300,nM,5.37,CHEMBL4270563,10.1016/j.ejmech.2018.07.026,30025348,,present,YES,2026-07-23 ChEMBL REST panel; dump rows use STANDARD_OK
AChE/BChE,AB_048,CHEMBL3933395,2142766,A,ACHE,CHEMBL220,16809722,CHEMBL3870531,B,IC50,=,97,nM,7.01,CHEMBL3870312,10.1016/j.ejmech.2016.07.052,27484514,,present,YES,2026-07-23 ChEMBL REST panel; dump rows use STANDARD_OK
AChE/BChE,AB_048,CHEMBL3933395,2142766,B,BCHE,CHEMBL1914,16809749,CHEMBL3870532,B,IC50,=,18800,nM,4.73,CHEMBL3870312,10.1016/j.ejmech.2016.07.052,27484514,,present,YES,2026-07-23 ChEMBL REST panel; dump rows use STANDARD_OK
AChE/BChE,AB_049,CHEMBL378404,343304,A,ACHE,CHEMBL220,1699411,CHEMBL859798,B,IC50,=,38,nM,7.42,CHEMBL1146079,10.1021/jm050578p,16570913,,present,YES,2026-07-23 ChEMBL REST panel; dump rows use STANDARD_OK
AChE/BChE,AB_049,CHEMBL378404,343304,B,BCHE,CHEMBL1914,1699452,CHEMBL861175,B,IC50,=,52000,nM,4.28,CHEMBL1146079,10.1021/jm050578p,16570913,,present,YES,2026-07-23 ChEMBL REST panel; dump rows use STANDARD_OK
AChE/BChE,AB_050,CHEMBL3093795,1608179,A,ACHE,CHEMBL220,13849491,CHEMBL3095604,B,IC50,=,140,nM,6.85,CHEMBL3091342,10.1016/j.bmcl.2013.10.043,24220173,,present,YES,2026-07-23 ChEMBL REST panel; dump rows use STANDARD_OK
AChE/BChE,AB_050,CHEMBL3093795,1608179,B,BCHE,CHEMBL1914,13849477,CHEMBL3095603,B,IC50,=,7700,nM,5.11,CHEMBL3091342,10.1016/j.bmcl.2013.10.043,24220173,,present,YES,2026-07-23 ChEMBL REST panel; dump rows use STANDARD_OK
AChE/BChE,AB_051,CHEMBL5280980,2800682,A,ACHE,CHEMBL220,25007673,CHEMBL5235525,B,IC50,=,0.5,nM,9.3,CHEMBL5233266,10.1021/acs.jmedchem.0c01887,33528252,,present,YES,2026-07-23 ChEMBL REST panel; dump rows use STANDARD_OK
AChE/BChE,AB_051,CHEMBL5280980,2800682,B,BCHE,CHEMBL1914,25007697,CHEMBL5235526,B,IC50,=,5000,nM,5.3,CHEMBL5233266,10.1021/acs.jmedchem.0c01887,33528252,,present,YES,2026-07-23 ChEMBL REST panel; dump rows use STANDARD_OK
AChE/BChE,AB_052,CHEMBL5566300,2914509,A,ACHE,CHEMBL220,25951300,CHEMBL5536823,B,IC50,=,16,nM,7.8,CHEMBL5532757,10.1039/d4md00113c,38911158,,present,YES,2026-07-23 ChEMBL REST panel; dump rows use STANDARD_OK
AChE/BChE,AB_052,CHEMBL5566300,2914509,B,BCHE,CHEMBL1914,25951316,CHEMBL5536824,B,IC50,=,47600,nM,4.32,CHEMBL5532757,10.1039/d4md00113c,38911158,,present,YES,2026-07-23 ChEMBL REST panel; dump rows use STANDARD_OK
AChE/BChE,AB_053,CHEMBL174046,292649,A,ACHE,CHEMBL220,730321,CHEMBL638449,B,IC50,=,11.75,nM,7.93,CHEMBL1136713,10.1021/jm021055+,12620072,,present,YES,2026-07-23 ChEMBL REST panel; dump rows use STANDARD_OK
AChE/BChE,AB_053,CHEMBL174046,292649,B,BCHE,CHEMBL1914,730322,CHEMBL655895,B,IC50,=,7585.78,nM,5.12,CHEMBL1136713,10.1021/jm021055+,12620072,,present,YES,2026-07-23 ChEMBL REST panel; dump rows use STANDARD_OK
AChE/BChE,AB_054,CHEMBL557586,549634,A,ACHE,CHEMBL220,1924018,CHEMBL895407,B,IC50,=,170,nM,6.77,CHEMBL1148814,10.1021/jm070559a,17850125,,present,YES,2026-07-23 ChEMBL REST panel; dump rows use STANDARD_OK
AChE/BChE,AB_054,CHEMBL557586,549634,B,BCHE,CHEMBL1914,1924019,CHEMBL895408,B,IC50,=,11600,nM,4.94,CHEMBL1148814,10.1021/jm070559a,17850125,,present,YES,2026-07-23 ChEMBL REST panel; dump rows use STANDARD_OK
AChE/BChE,AB_055,CHEMBL572532,573329,A,ACHE,CHEMBL220,2949853,CHEMBL1037610,B,IC50,=,150,nM,6.82,CHEMBL1154602,10.1021/jm901123n,19813747,,present,YES,2026-07-23 ChEMBL REST panel; dump rows use STANDARD_OK
AChE/BChE,AB_055,CHEMBL572532,573329,B,BCHE,CHEMBL1914,2949858,CHEMBL1037611,B,IC50,=,21000,nM,4.68,CHEMBL1154602,10.1021/jm901123n,19813747,,present,YES,2026-07-23 ChEMBL REST panel; dump rows use STANDARD_OK
AChE/BChE,AB_056,CHEMBL3960861,2170232,A,ACHE,CHEMBL220,16809723,CHEMBL3870531,B,IC50,=,114,nM,6.94,CHEMBL3870312,10.1016/j.ejmech.2016.07.052,27484514,,present,YES,2026-07-23 ChEMBL REST panel; dump rows use STANDARD_OK
AChE/BChE,AB_056,CHEMBL3960861,2170232,B,BCHE,CHEMBL1914,16809750,CHEMBL3870532,B,IC50,=,50200,nM,4.3,CHEMBL3870312,10.1016/j.ejmech.2016.07.052,27484514,,present,YES,2026-07-23 ChEMBL REST panel; dump rows use STANDARD_OK
AChE/BChE,AB_057,CHEMBL3754694,2059070,A,ACHE,CHEMBL220,16442278,CHEMBL3758061,B,IC50,=,7495,nM,5.12,CHEMBL3751805,10.1021/acs.jmedchem.5b01119,26632651,,present,YES,2026-07-23 ChEMBL REST panel; dump rows use STANDARD_OK
AChE/BChE,AB_057,CHEMBL3754694,2059070,B,BCHE,CHEMBL1914,16443145,CHEMBL3755060,B,IC50,=,2.3,nM,8.64,CHEMBL3751805,10.1021/acs.jmedchem.5b01119,26632651,,present,YES,2026-07-23 ChEMBL REST panel; dump rows use STANDARD_OK
AChE/BChE,AB_058,CHEMBL3892118,2101489,A,ACHE,CHEMBL220,16761689,CHEMBL3862302,B,IC50,=,4100,nM,5.39,CHEMBL3861952,10.1016/j.ejmech.2015.10.001,26471320,,present,YES,2026-07-23 ChEMBL REST panel; dump rows use STANDARD_OK
AChE/BChE,AB_058,CHEMBL3892118,2101489,B,BCHE,CHEMBL1914,16761700,CHEMBL3862298,B,IC50,=,79,nM,7.1,CHEMBL3861952,10.1016/j.ejmech.2015.10.001,26471320,,present,YES,2026-07-23 ChEMBL REST panel; dump rows use STANDARD_OK
AChE/BChE,AB_059,CHEMBL5435599,2875767,A,ACHE,CHEMBL220,25506074,CHEMBL5333551,B,IC50,=,5560,nM,5.25,CHEMBL5331096,10.1016/j.ejmech.2022.115048,36586299,,present,YES,2026-07-23 ChEMBL REST panel; dump rows use STANDARD_OK
AChE/BChE,AB_059,CHEMBL5435599,2875767,B,BCHE,CHEMBL1914,25506053,CHEMBL5333550,B,IC50,=,13.15,nM,7.88,CHEMBL5331096,10.1016/j.ejmech.2022.115048,36586299,,present,YES,2026-07-23 ChEMBL REST panel; dump rows use STANDARD_OK
AChE/BChE,AB_060,CHEMBL224469,375669,A,ACHE,CHEMBL220,1852134,CHEMBL915960,B,IC50,=,10300,nM,4.99,CHEMBL1144481,10.1016/j.bmc.2006.09.026,17008100,,present,YES,2026-07-23 ChEMBL REST panel; dump rows use STANDARD_OK
AChE/BChE,AB_060,CHEMBL224469,375669,B,BCHE,CHEMBL1914,1852161,CHEMBL915961,B,IC50,=,80,nM,7.1,CHEMBL1144481,10.1016/j.bmc.2006.09.026,17008100,,present,YES,2026-07-23 ChEMBL REST panel; dump rows use STANDARD_OK
AChE/BChE,AB_061,CHEMBL382207,343166,A,ACHE,CHEMBL220,1699397,CHEMBL859798,B,IC50,=,3860,nM,5.41,CHEMBL1146079,10.1021/jm050578p,16570913,,present,YES,2026-07-23 ChEMBL REST panel; dump rows use STANDARD_OK
AChE/BChE,AB_061,CHEMBL382207,343166,B,BCHE,CHEMBL1914,1699437,CHEMBL861175,B,IC50,=,17,nM,7.77,CHEMBL1146079,10.1021/jm050578p,16570913,,present,YES,2026-07-23 ChEMBL REST panel; dump rows use STANDARD_OK
AChE/BChE,AB_062,CHEMBL543711,548418,A,ACHE,CHEMBL220,455958,CHEMBL644627,B,IC50,=,47000,nM,4.33,CHEMBL1132590,10.1021/jm981101z,10052979,,present,YES,2026-07-23 ChEMBL REST panel; dump rows use STANDARD_OK
AChE/BChE,AB_062,CHEMBL543711,548418,B,BCHE,CHEMBL1914,455959,CHEMBL654409,B,IC50,=,310,nM,6.51,CHEMBL1132590,10.1021/jm981101z,10052979,,present,YES,2026-07-23 ChEMBL REST panel; dump rows use STANDARD_OK
AChE/BChE,AB_063,CHEMBL5590844,2926300,A,ACHE,CHEMBL220,26023160,CHEMBL5580724,B,IC50,=,4190,nM,5.38,CHEMBL5579820,10.1016/j.ejmech.2024.116569,38852337,,present,YES,2026-07-23 ChEMBL REST panel; dump rows use STANDARD_OK
AChE/BChE,AB_063,CHEMBL5590844,2926300,B,BCHE,CHEMBL1914,26023163,CHEMBL5580725,B,IC50,=,150,nM,6.82,CHEMBL5579820,10.1016/j.ejmech.2024.116569,38852337,,present,YES,2026-07-23 ChEMBL REST panel; dump rows use STANDARD_OK
AChE/BChE,AB_064,CHEMBL5283238,2802940,A,ACHE,CHEMBL220,25026913,CHEMBL5240692,B,IC50,=,60610,nM,4.22,CHEMBL5236653,10.1016/j.bmc.2022.117146,36580744,,present,YES,2026-07-23 ChEMBL REST panel; dump rows use STANDARD_OK
AChE/BChE,AB_064,CHEMBL5283238,2802940,B,BCHE,CHEMBL1914,25026926,CHEMBL5240693,B,IC50,=,260,nM,6.58,CHEMBL5236653,10.1016/j.bmc.2022.117146,36580744,,present,YES,2026-07-23 ChEMBL REST panel; dump rows use STANDARD_OK
AChE/BChE,AB_065,CHEMBL3818250,2090593,A,ACHE,CHEMBL220,16630177,CHEMBL3821774,B,IC50,=,5320,nM,5.27,CHEMBL3817754,10.1039/C6MD00053C,,,present,YES,2026-07-23 ChEMBL REST panel; dump rows use STANDARD_OK
AChE/BChE,AB_065,CHEMBL3818250,2090593,B,BCHE,CHEMBL1914,16630193,CHEMBL3821775,B,IC50,=,286,nM,6.54,CHEMBL3817754,10.1039/C6MD00053C,,,present,YES,2026-07-23 ChEMBL REST panel; dump rows use STANDARD_OK
AChE/BChE,AB_066,CHEMBL4640945,2477503,A,ACHE,CHEMBL220,20660221,CHEMBL4618120,B,IC50,=,55000,nM,4.26,CHEMBL4616657,10.1021/acs.jnatprod.9b00561,32309949,,present,YES,2026-07-23 ChEMBL REST panel; dump rows use STANDARD_OK
AChE/BChE,AB_066,CHEMBL4640945,2477503,B,BCHE,CHEMBL1914,20660175,CHEMBL4618122,B,IC50,=,280,nM,6.55,CHEMBL4616657,10.1021/acs.jnatprod.9b00561,32309949,,present,YES,2026-07-23 ChEMBL REST panel; dump rows use STANDARD_OK
AChE/BChE,AB_067,CHEMBL5428978,2869146,A,ACHE,CHEMBL220,25506072,CHEMBL5333551,B,IC50,=,5354,nM,5.27,CHEMBL5331096,10.1016/j.ejmech.2022.115048,36586299,,present,YES,2026-07-23 ChEMBL REST panel; dump rows use STANDARD_OK
AChE/BChE,AB_067,CHEMBL5428978,2869146,B,BCHE,CHEMBL1914,25506051,CHEMBL5333550,B,IC50,=,80.49,nM,7.09,CHEMBL5331096,10.1016/j.ejmech.2022.115048,36586299,,present,YES,2026-07-23 ChEMBL REST panel; dump rows use STANDARD_OK
AChE/BChE,AB_068,CHEMBL4085222,2225133,A,ACHE,CHEMBL220,18052601,CHEMBL4011760,B,IC50,=,3820,nM,5.42,CHEMBL4011587,10.1016/j.ejmech.2017.02.039,28279845,,present,YES,2026-07-23 ChEMBL REST panel; dump rows use STANDARD_OK
AChE/BChE,AB_068,CHEMBL4085222,2225133,B,BCHE,CHEMBL1914,18052620,CHEMBL4011761,B,IC50,=,70,nM,7.16,CHEMBL4011587,10.1016/j.ejmech.2017.02.039,28279845,,present,YES,2026-07-23 ChEMBL REST panel; dump rows use STANDARD_OK
AChE/BChE,AB_069,CHEMBL5411758,2851926,A,ACHE,CHEMBL220,25532078,CHEMBL5341227,B,IC50,=,3800,nM,5.42,CHEMBL5338756,10.1021/acs.jmedchem.3c00541,37127287,,present,YES,2026-07-23 ChEMBL REST panel; dump rows use STANDARD_OK
AChE/BChE,AB_069,CHEMBL5411758,2851926,B,BCHE,CHEMBL1914,25531845,CHEMBL5341187,B,IC50,=,50,nM,7.3,CHEMBL5338756,10.1021/acs.jmedchem.3c00541,37127287,,present,NO,2026-07-23 ChEMBL REST panel; dump rows use STANDARD_OK
AChE/BChE,AB_069,CHEMBL5411758,2851926,B,BCHE,CHEMBL1914,25531860,CHEMBL5341187,B,IC50,=,50.12,nM,7.3,CHEMBL5338756,10.1021/acs.jmedchem.3c00541,37127287,,present,NO,2026-07-23 ChEMBL REST panel; dump rows use STANDARD_OK
AChE/BChE,AB_069,CHEMBL5411758,2851926,B,BCHE,CHEMBL1914,25532071,CHEMBL5341226,B,IC50,=,6.4,nM,8.19,CHEMBL5338756,10.1021/acs.jmedchem.3c00541,37127287,,present,YES,2026-07-23 ChEMBL REST panel; dump rows use STANDARD_OK
AChE/BChE,AB_070,CHEMBL5178828,2750059,A,ACHE,CHEMBL220,24906542,CHEMBL5161926,B,IC50,=,7837,nM,5.11,CHEMBL5154805,10.1016/j.ejmech.2022.114248,35299116,,present,YES,2026-07-23 ChEMBL REST panel; dump rows use STANDARD_OK
AChE/BChE,AB_070,CHEMBL5178828,2750059,B,BCHE,CHEMBL1914,24906513,CHEMBL5161925,B,IC50,=,29.3,nM,7.53,CHEMBL5154805,10.1016/j.ejmech.2022.114248,35299116,,present,YES,2026-07-23 ChEMBL REST panel; dump rows use STANDARD_OK
AChE/BChE,AB_071,CHEMBL5170719,2741950,A,ACHE,CHEMBL220,24715544,CHEMBL5111262,B,IC50,=,9522,nM,5.02,CHEMBL5108043,10.1039/d2md00087c,36092149,,present,YES,2026-07-23 ChEMBL REST panel; dump rows use STANDARD_OK
AChE/BChE,AB_071,CHEMBL5170719,2741950,A,ACHE,CHEMBL220,24715551,CHEMBL5111262,B,IC50,=,10000,nM,5,CHEMBL5108043,10.1039/d2md00087c,36092149,,present,NO,2026-07-23 ChEMBL REST panel; dump rows use STANDARD_OK
AChE/BChE,AB_071,CHEMBL5170719,2741950,B,BCHE,CHEMBL1914,24715523,CHEMBL5111261,B,IC50,=,76.5,nM,7.12,CHEMBL5108043,10.1039/d2md00087c,36092149,,present,YES,2026-07-23 ChEMBL REST panel; dump rows use STANDARD_OK
AChE/BChE,AB_071,CHEMBL5170719,2741950,B,BCHE,CHEMBL1914,24715534,CHEMBL5111261,B,IC50,=,79.43,nM,7.1,CHEMBL5108043,10.1039/d2md00087c,36092149,,present,NO,2026-07-23 ChEMBL REST panel; dump rows use STANDARD_OK
AChE/BChE,AB_072,CHEMBL3822670,2093615,A,ACHE,CHEMBL220,16643394,CHEMBL3826564,B,IC50,=,4940,nM,5.31,CHEMBL3822387,10.1016/j.bmc.2016.07.025,27460699,,present,YES,2026-07-23 ChEMBL REST panel; dump rows use STANDARD_OK
AChE/BChE,AB_072,CHEMBL3822670,2093615,B,BCHE,CHEMBL1914,16643409,CHEMBL3826565,B,IC50,=,290,nM,6.54,CHEMBL3822387,10.1016/j.bmc.2016.07.025,27460699,,present,YES,2026-07-23 ChEMBL REST panel; dump rows use STANDARD_OK
AChE/BChE,AB_073,CHEMBL5201804,2773035,A,ACHE,CHEMBL220,24715546,CHEMBL5111262,B,IC50,=,10120,nM,5,CHEMBL5108043,10.1039/d2md00087c,36092149,,present,YES,2026-07-23 ChEMBL REST panel; dump rows use STANDARD_OK
AChE/BChE,AB_073,CHEMBL5201804,2773035,A,ACHE,CHEMBL220,24715553,CHEMBL5111262,B,IC50,=,10000,nM,5,CHEMBL5108043,10.1039/d2md00087c,36092149,,present,YES,2026-07-23 ChEMBL REST panel; dump rows use STANDARD_OK
AChE/BChE,AB_073,CHEMBL5201804,2773035,B,BCHE,CHEMBL1914,24715526,CHEMBL5111261,B,IC50,=,91.4,nM,7.04,CHEMBL5108043,10.1039/d2md00087c,36092149,,present,YES,2026-07-23 ChEMBL REST panel; dump rows use STANDARD_OK
AChE/BChE,AB_073,CHEMBL5201804,2773035,B,BCHE,CHEMBL1914,24715537,CHEMBL5111261,B,IC50,=,100,nM,7,CHEMBL5108043,10.1039/d2md00087c,36092149,,present,NO,2026-07-23 ChEMBL REST panel; dump rows use STANDARD_OK
AChE/BChE,AB_074,CHEMBL5184276,2755507,A,ACHE,CHEMBL220,24906539,CHEMBL5161926,B,IC50,=,23203,nM,4.63,CHEMBL5154805,10.1016/j.ejmech.2022.114248,35299116,,present,YES,2026-07-23 ChEMBL REST panel; dump rows use STANDARD_OK
AChE/BChE,AB_074,CHEMBL5184276,2755507,B,BCHE,CHEMBL1914,24906505,CHEMBL5161925,B,IC50,=,2.3,nM,8.64,CHEMBL5154805,10.1016/j.ejmech.2022.114248,35299116,,present,YES,2026-07-23 ChEMBL REST panel; dump rows use STANDARD_OK
AChE/BChE,AB_075,CHEMBL497755,487129,A,ACHE,CHEMBL220,2356410,CHEMBL956645,B,IC50,=,32600,nM,4.49,CHEMBL1150277,10.1021/jm8002747,18419109,,present,YES,2026-07-23 ChEMBL REST panel; dump rows use STANDARD_OK
AChE/BChE,AB_075,CHEMBL497755,487129,B,BCHE,CHEMBL1914,2356411,CHEMBL956646,B,IC50,=,280,nM,6.55,CHEMBL1150277,10.1021/jm8002747,18419109,,present,YES,2026-07-23 ChEMBL REST panel; dump rows use STANDARD_OK
AChE/BChE,AB_076,CHEMBL4101886,2241797,A,ACHE,CHEMBL220,18117642,CHEMBL4025937,B,IC50,=,6700,nM,5.17,CHEMBL4024719,10.1016/j.ejmech.2017.03.062,28371641,,present,YES,2026-07-23 ChEMBL REST panel; dump rows use STANDARD_OK
AChE/BChE,AB_076,CHEMBL4101886,2241797,B,BCHE,CHEMBL1914,18117641,CHEMBL4025938,B,IC50,=,70,nM,7.16,CHEMBL4024719,10.1016/j.ejmech.2017.03.062,28371641,,present,YES,2026-07-23 ChEMBL REST panel; dump rows use STANDARD_OK
AChE/BChE,AB_077,CHEMBL5220560,2782966,A,ACHE,CHEMBL220,24963221,CHEMBL5216374,B,IC50,=,20000,nM,4.7,CHEMBL5214927,10.1016/j.ejmech.2022.114606,35858523,,present,YES,2026-07-23 ChEMBL REST panel; dump rows use STANDARD_OK
AChE/BChE,AB_077,CHEMBL5220560,2782966,B,BCHE,CHEMBL1914,24963227,CHEMBL5216375,B,IC50,=,50,nM,7.3,CHEMBL5214927,10.1016/j.ejmech.2022.114606,35858523,,present,YES,2026-07-23 ChEMBL REST panel; dump rows use STANDARD_OK
AChE/BChE,AB_078,CHEMBL5421921,2862089,A,ACHE,CHEMBL220,25506070,CHEMBL5333551,B,IC50,=,7526,nM,5.12,CHEMBL5331096,10.1016/j.ejmech.2022.115048,36586299,,present,YES,2026-07-23 ChEMBL REST panel; dump rows use STANDARD_OK
AChE/BChE,AB_078,CHEMBL5421921,2862089,B,BCHE,CHEMBL1914,25506049,CHEMBL5333550,B,IC50,=,21.94,nM,7.66,CHEMBL5331096,10.1016/j.ejmech.2022.115048,36586299,,present,YES,2026-07-23 ChEMBL REST panel; dump rows use STANDARD_OK
AChE/BChE,AB_079,CHEMBL4277879,2317330,A,ACHE,CHEMBL220,18701676,CHEMBL4255020,B,IC50,=,7270,nM,5.14,CHEMBL4251652,10.1016/j.ejmech.2018.01.007,29335209,,present,YES,2026-07-23 ChEMBL REST panel; dump rows use STANDARD_OK
AChE/BChE,AB_079,CHEMBL4277879,2317330,B,BCHE,CHEMBL1914,18701668,CHEMBL4255021,B,IC50,=,1.09,nM,8.96,CHEMBL4251652,10.1016/j.ejmech.2018.01.007,29335209,,present,YES,2026-07-23 ChEMBL REST panel; dump rows use STANDARD_OK
AChE/BChE,AB_080,CHEMBL4792208,2528799,A,ACHE,CHEMBL220,22966098,CHEMBL4769582,B,IC50,=,15100,nM,4.82,CHEMBL4765308,10.1016/j.ejmech.2020.112282,32380361,,present,YES,2026-07-23 ChEMBL REST panel; dump rows use STANDARD_OK
AChE/BChE,AB_080,CHEMBL4792208,2528799,B,BCHE,CHEMBL1914,22966166,CHEMBL4769583,B,IC50,=,118,nM,6.93,CHEMBL4765308,10.1016/j.ejmech.2020.112282,32380361,,present,YES,2026-07-23 ChEMBL REST panel; dump rows use STANDARD_OK
AChE/BChE,AB_081,CHEMBL3823197,2093629,A,ACHE,CHEMBL220,16643400,CHEMBL3826564,B,IC50,=,8320,nM,5.08,CHEMBL3822387,10.1016/j.bmc.2016.07.025,27460699,,present,YES,2026-07-23 ChEMBL REST panel; dump rows use STANDARD_OK
AChE/BChE,AB_081,CHEMBL3823197,2093629,B,BCHE,CHEMBL1914,16643415,CHEMBL3826565,B,IC50,=,120,nM,6.92,CHEMBL3822387,10.1016/j.bmc.2016.07.025,27460699,,present,YES,2026-07-23 ChEMBL REST panel; dump rows use STANDARD_OK
AChE/BChE,AB_082,CHEMBL5189830,2761061,A,ACHE,CHEMBL220,24906540,CHEMBL5161926,B,IC50,=,12570,nM,4.9,CHEMBL5154805,10.1016/j.ejmech.2022.114248,35299116,,present,NO,2026-07-23 ChEMBL REST panel; dump rows use STANDARD_OK
AChE/BChE,AB_082,CHEMBL5189830,2761061,A,ACHE,CHEMBL220,24906541,CHEMBL5161926,B,IC50,=,8573,nM,5.07,CHEMBL5154805,10.1016/j.ejmech.2022.114248,35299116,,present,YES,2026-07-23 ChEMBL REST panel; dump rows use STANDARD_OK
AChE/BChE,AB_082,CHEMBL5189830,2761061,B,BCHE,CHEMBL1914,24906506,CHEMBL5161925,B,IC50,=,1.9,nM,8.72,CHEMBL5154805,10.1016/j.ejmech.2022.114248,35299116,,present,YES,2026-07-23 ChEMBL REST panel; dump rows use STANDARD_OK
AChE/BChE,AB_082,CHEMBL5189830,2761061,B,BCHE,CHEMBL1914,24906507,CHEMBL5161925,B,IC50,=,4.1,nM,8.39,CHEMBL5154805,10.1016/j.ejmech.2022.114248,35299116,,present,NO,2026-07-23 ChEMBL REST panel; dump rows use STANDARD_OK
AChE/BChE,AB_083,CHEMBL4072478,2212389,A,ACHE,CHEMBL220,18117631,CHEMBL4025947,B,IC50,=,3470,nM,5.46,CHEMBL4024719,10.1016/j.ejmech.2017.03.062,28371641,,present,YES,2026-07-23 ChEMBL REST panel; dump rows use STANDARD_OK
AChE/BChE,AB_083,CHEMBL4072478,2212389,B,BCHE,CHEMBL1914,18117630,CHEMBL4025948,B,IC50,=,150,nM,6.82,CHEMBL4024719,10.1016/j.ejmech.2017.03.062,28371641,,present,YES,2026-07-23 ChEMBL REST panel; dump rows use STANDARD_OK
AChE/BChE,AB_084,CHEMBL3972214,2181585,A,ACHE,CHEMBL220,16761692,CHEMBL3862302,B,IC50,=,3300,nM,5.48,CHEMBL3861952,10.1016/j.ejmech.2015.10.001,26471320,,present,YES,2026-07-23 ChEMBL REST panel; dump rows use STANDARD_OK
AChE/BChE,AB_084,CHEMBL3972214,2181585,B,BCHE,CHEMBL1914,16761703,CHEMBL3862298,B,IC50,=,2,nM,8.7,CHEMBL3861952,10.1016/j.ejmech.2015.10.001,26471320,,present,YES,2026-07-23 ChEMBL REST panel; dump rows use STANDARD_OK
AChE/BChE,AB_085,CHEMBL3337471,1793500,A,ACHE,CHEMBL220,15067967,CHEMBL3390418,B,IC50,=,7630,nM,5.12,CHEMBL3352241,10.1016/j.bmc.2014.08.033,25260958,,present,YES,2026-07-23 ChEMBL REST panel; dump rows use STANDARD_OK
AChE/BChE,AB_085,CHEMBL3337471,1793500,B,BCHE,CHEMBL1914,15067989,CHEMBL3390419,B,IC50,=,31590,nM,4.5,CHEMBL3352241,10.1016/j.bmc.2014.08.033,25260958,,present,YES,2026-07-23 ChEMBL REST panel; dump rows use STANDARD_OK
AChE/BChE,AB_086,CHEMBL1801815,1162893,A,ACHE,CHEMBL220,16486466,CHEMBL3772142,B,IC50,=,9900,nM,5,CHEMBL3769338,10.1039/C5MD00274E,,,present,YES,2026-07-23 ChEMBL REST panel; dump rows use STANDARD_OK
AChE/BChE,AB_086,CHEMBL1801815,1162893,B,BCHE,CHEMBL1914,16486422,CHEMBL3772143,B,IC50,=,9300,nM,5.03,CHEMBL3769338,10.1039/C5MD00274E,,,present,YES,2026-07-23 ChEMBL REST panel; dump rows use STANDARD_OK
AChE/BChE,AB_088,CHEMBL4079345,2219256,A,ACHE,CHEMBL220,18006943,CHEMBL4003411,B,IC50,=,7500,nM,5.12,CHEMBL4002588,10.1016/j.ejmech.2016.12.005,27951490,,present,YES,2026-07-23 ChEMBL REST panel; dump rows use STANDARD_OK
AChE/BChE,AB_088,CHEMBL4079345,2219256,B,BCHE,CHEMBL1914,18006979,CHEMBL4003410,B,IC50,=,15200,nM,4.82,CHEMBL4002588,10.1016/j.ejmech.2016.12.005,27951490,,present,YES,2026-07-23 ChEMBL REST panel; dump rows use STANDARD_OK
AChE/BChE,AB_089,CHEMBL4792013,2528604,A,ACHE,CHEMBL220,22478500,CHEMBL4686681,A,IC50,=,16600,nM,4.78,CHEMBL4680246,10.1016/j.ejmech.2020.112265,32240904,,present,YES,2026-07-23 ChEMBL REST panel; dump rows use STANDARD_OK
AChE/BChE,AB_089,CHEMBL4792013,2528604,B,BCHE,CHEMBL1914,22478477,CHEMBL4686680,B,IC50,=,7600,nM,5.12,CHEMBL4680246,10.1016/j.ejmech.2020.112265,32240904,,present,YES,2026-07-23 ChEMBL REST panel; dump rows use STANDARD_OK
AChE/BChE,AB_090,CHEMBL5205468,2776699,A,ACHE,CHEMBL220,24737577,CHEMBL5117328,B,IC50,=,30700,nM,4.51,CHEMBL5113467,10.1016/j.bmcl.2022.128873,35779827,,present,YES,2026-07-23 ChEMBL REST panel; dump rows use STANDARD_OK
AChE/BChE,AB_090,CHEMBL5205468,2776699,B,BCHE,CHEMBL1914,24737595,CHEMBL5117329,B,IC50,=,3450,nM,5.46,CHEMBL5113467,10.1016/j.bmcl.2022.128873,35779827,,present,YES,2026-07-23 ChEMBL REST panel; dump rows use STANDARD_OK
AChE/BChE,AB_091,CHEMBL4787165,2523756,A,ACHE,CHEMBL220,22478501,CHEMBL4686681,A,IC50,=,17300,nM,4.76,CHEMBL4680246,10.1016/j.ejmech.2020.112265,32240904,,present,YES,2026-07-23 ChEMBL REST panel; dump rows use STANDARD_OK
AChE/BChE,AB_091,CHEMBL4787165,2523756,B,BCHE,CHEMBL1914,22478478,CHEMBL4686680,B,IC50,=,6500,nM,5.19,CHEMBL4680246,10.1016/j.ejmech.2020.112265,32240904,,present,YES,2026-07-23 ChEMBL REST panel; dump rows use STANDARD_OK
AChE/BChE,AB_092,CHEMBL4084714,2224625,A,ACHE,CHEMBL220,17966710,CHEMBL3995304,B,IC50,=,8950,nM,5.05,CHEMBL3994591,10.1016/j.ejmech.2016.12.003,27951489,,present,YES,2026-07-23 ChEMBL REST panel; dump rows use STANDARD_OK
AChE/BChE,AB_092,CHEMBL4084714,2224625,B,BCHE,CHEMBL1914,17966760,CHEMBL3995305,B,IC50,=,10410,nM,4.98,CHEMBL3994591,10.1016/j.ejmech.2016.12.003,27951489,,present,YES,2026-07-23 ChEMBL REST panel; dump rows use STANDARD_OK
AChE/BChE,AB_093,CHEMBL4874487,2568258,A,ACHE,CHEMBL220,23230875,CHEMBL4826770,B,IC50,=,67960,nM,4.17,CHEMBL4825688,10.1016/j.ejmech.2021.113541,34116326,,present,YES,2026-07-23 ChEMBL REST panel; dump rows use STANDARD_OK
AChE/BChE,AB_093,CHEMBL4874487,2568258,B,BCHE,CHEMBL1914,23230896,CHEMBL4826771,B,IC50,=,62230,nM,4.21,CHEMBL4825688,10.1016/j.ejmech.2021.113541,34116326,,present,YES,2026-07-23 ChEMBL REST panel; dump rows use STANDARD_OK
AChE/BChE,AB_094,CHEMBL4761179,2508516,A,ACHE,CHEMBL220,22478502,CHEMBL4686681,A,IC50,=,19700,nM,4.71,CHEMBL4680246,10.1016/j.ejmech.2020.112265,32240904,,present,YES,2026-07-23 ChEMBL REST panel; dump rows use STANDARD_OK
AChE/BChE,AB_094,CHEMBL4761179,2508516,B,BCHE,CHEMBL1914,22478479,CHEMBL4686680,B,IC50,=,5100,nM,5.29,CHEMBL4680246,10.1016/j.ejmech.2020.112265,32240904,,present,YES,2026-07-23 ChEMBL REST panel; dump rows use STANDARD_OK
AChE/BChE,AB_095,CHEMBL3407583,1834332,A,ACHE,CHEMBL220,15190510,CHEMBL3413435,B,IC50,=,15400,nM,4.81,CHEMBL3407435,10.1021/jm501501a,25418133,,present,YES,2026-07-23 ChEMBL REST panel; dump rows use STANDARD_OK
AChE/BChE,AB_095,CHEMBL3407583,1834332,B,BCHE,CHEMBL1914,15190501,CHEMBL3413436,B,IC50,=,7100,nM,5.15,CHEMBL3407435,10.1021/jm501501a,25418133,,present,YES,2026-07-23 ChEMBL REST panel; dump rows use STANDARD_OK
AChE/BChE,AB_096,CHEMBL4101703,2241614,A,ACHE,CHEMBL220,17966744,CHEMBL3995304,B,IC50,=,35130,nM,4.45,CHEMBL3994591,10.1016/j.ejmech.2016.12.003,27951489,,present,YES,2026-07-23 ChEMBL REST panel; dump rows use STANDARD_OK
AChE/BChE,AB_096,CHEMBL4101703,2241614,B,BCHE,CHEMBL1914,17966782,CHEMBL3995305,B,IC50,=,12680,nM,4.9,CHEMBL3994591,10.1016/j.ejmech.2016.12.003,27951489,,present,YES,2026-07-23 ChEMBL REST panel; dump rows use STANDARD_OK
AChE/BChE,AB_097,CHEMBL4796574,2533165,A,ACHE,CHEMBL220,22959156,CHEMBL4768341,B,IC50,=,7300,nM,5.14,CHEMBL4765274,10.1016/j.ejmech.2020.112180,32131034,,present,YES,2026-07-23 ChEMBL REST panel; dump rows use STANDARD_OK
AChE/BChE,AB_097,CHEMBL4796574,2533165,B,BCHE,CHEMBL1914,22959180,CHEMBL4768343,B,IC50,=,11900,nM,4.92,CHEMBL4765274,10.1016/j.ejmech.2020.112180,32131034,,present,YES,2026-07-23 ChEMBL REST panel; dump rows use STANDARD_OK
AChE/BChE,AB_098,CHEMBL3335049,1791179,A,ACHE,CHEMBL220,15100061,CHEMBL3383711,B,IC50,=,6200,nM,5.21,CHEMBL3351711,10.1016/j.bmc.2014.08.016,25189690,,present,YES,2026-07-23 ChEMBL REST panel; dump rows use STANDARD_OK
AChE/BChE,AB_098,CHEMBL3335049,1791179,B,BCHE,CHEMBL1914,15100096,CHEMBL3383712,B,IC50,=,18400,nM,4.74,CHEMBL3351711,10.1016/j.bmc.2014.08.016,25189690,,present,YES,2026-07-23 ChEMBL REST panel; dump rows use STANDARD_OK
AChE/BChE,AB_099,CHEMBL3407584,1834333,A,ACHE,CHEMBL220,15190509,CHEMBL3413435,B,IC50,=,4900,nM,5.31,CHEMBL3407435,10.1021/jm501501a,25418133,,present,YES,2026-07-23 ChEMBL REST panel; dump rows use STANDARD_OK
AChE/BChE,AB_099,CHEMBL3407584,1834333,B,BCHE,CHEMBL1914,15190500,CHEMBL3413436,B,IC50,=,7300,nM,5.14,CHEMBL3407435,10.1021/jm501501a,25418133,,present,YES,2026-07-23 ChEMBL REST panel; dump rows use STANDARD_OK
AChE/BChE,AB_100,CHEMBL4788885,2525476,A,ACHE,CHEMBL220,22970888,CHEMBL4770653,B,IC50,=,9450,nM,5.03,CHEMBL4765338,10.1016/j.ejmech.2020.112415,32454229,,present,YES,2026-07-23 ChEMBL REST panel; dump rows use STANDARD_OK
AChE/BChE,AB_100,CHEMBL4788885,2525476,B,BCHE,CHEMBL1914,22970953,CHEMBL4770654,B,IC50,=,36400,nM,4.44,CHEMBL4765338,10.1016/j.ejmech.2020.112415,32454229,,present,YES,2026-07-23 ChEMBL REST panel; dump rows use STANDARD_OK
F2/F10,F2F10_001,CHEMBL1084908,614782,A,F2,CHEMBL204,3208405,CHEMBL1100517,B,Ki,=,2.3,nM,8.64,CHEMBL1154904,10.1021/jm901802n,20102150,,present,YES,ChEMBL 37 dump extract; MAX of STANDARD_OK pChEMBL
F2/F10,F2F10_001,CHEMBL1084908,614782,B,F10,CHEMBL244,3208562,CHEMBL1100526,B,Ki,=,6500,nM,5.19,CHEMBL1154904,10.1021/jm901802n,20102150,,present,YES,ChEMBL 37 dump extract; MAX of STANDARD_OK pChEMBL
F2/F10,F2F10_002,CHEMBL111468,181363,A,F2,CHEMBL204,621108,CHEMBL811116,B,Ki,=,157,nM,6.8,CHEMBL1146655,10.1016/j.bmcl.2004.03.085,15149685,,present,YES,ChEMBL 37 dump extract; MAX of STANDARD_OK pChEMBL
F2/F10,F2F10_002,CHEMBL111468,181363,B,F10,CHEMBL244,621110,CHEMBL661989,B,Ki,=,69000,nM,4.16,CHEMBL1146655,10.1016/j.bmcl.2004.03.085,15149685,,present,YES,ChEMBL 37 dump extract; MAX of STANDARD_OK pChEMBL
F2/F10,F2F10_003,CHEMBL120842,200438,A,F2,CHEMBL204,602288,CHEMBL813628,B,Ki,=,145,nM,6.84,CHEMBL1131291,10.1021/jm981013e,9733491,,present,YES,ChEMBL 37 dump extract; MAX of STANDARD_OK pChEMBL
F2/F10,F2F10_003,CHEMBL120842,200438,B,F10,CHEMBL244,602290,CHEMBL661795,B,Ki,=,26000,nM,4.58,CHEMBL1131291,10.1021/jm981013e,9733491,,present,YES,ChEMBL 37 dump extract; MAX of STANDARD_OK pChEMBL
F2/F10,F2F10_004,CHEMBL179270,303072,A,F2,CHEMBL204,1431046,CHEMBL828078,B,Ki,=,43,nM,7.37,CHEMBL1144307,10.1016/j.bmcl.2004.10.092,15664864,,present,YES,ChEMBL 37 dump extract; MAX of STANDARD_OK pChEMBL
F2/F10,F2F10_004,CHEMBL179270,303072,B,F10,CHEMBL244,1431047,CHEMBL839570,B,Ki,=,5300,nM,5.28,CHEMBL1144307,10.1016/j.bmcl.2004.10.092,15664864,,present,YES,ChEMBL 37 dump extract; MAX of STANDARD_OK pChEMBL
F2/F10,F2F10_005,CHEMBL180857,302968,A,F2,CHEMBL204,1431051,CHEMBL828078,B,Ki,=,48,nM,7.32,CHEMBL1144307,10.1016/j.bmcl.2004.10.092,15664864,,present,YES,ChEMBL 37 dump extract; MAX of STANDARD_OK pChEMBL
F2/F10,F2F10_005,CHEMBL180857,302968,B,F10,CHEMBL244,1431052,CHEMBL839570,B,Ki,=,4500,nM,5.35,CHEMBL1144307,10.1016/j.bmcl.2004.10.092,15664864,,present,YES,ChEMBL 37 dump extract; MAX of STANDARD_OK pChEMBL
F2/F10,F2F10_006,CHEMBL1808951,1166651,A,F2,CHEMBL204,6291656,CHEMBL1810121,B,Ki,=,300,nM,6.52,CHEMBL1806438,10.1016/j.bmcl.2011.06.089,21757348,,present,YES,ChEMBL 37 dump extract; MAX of STANDARD_OK pChEMBL
F2/F10,F2F10_006,CHEMBL1808951,1166651,A,F2,CHEMBL204,8040608,CHEMBL1953227,B,Ki,=,300,nM,6.52,CHEMBL1949509,10.1016/j.ejmech.2012.01.059,22365562,,present,YES,ChEMBL 37 dump extract; MAX of STANDARD_OK pChEMBL
F2/F10,F2F10_006,CHEMBL1808951,1166651,B,F10,CHEMBL244,8040685,CHEMBL1953229,B,Ki,=,4900,nM,5.31,CHEMBL1949509,10.1016/j.ejmech.2012.01.059,22365562,,present,YES,ChEMBL 37 dump extract; MAX of STANDARD_OK pChEMBL
F2/F10,F2F10_007,CHEMBL1808954,1166654,A,F2,CHEMBL204,6291659,CHEMBL1810121,B,Ki,=,290,nM,6.54,CHEMBL1806438,10.1016/j.bmcl.2011.06.089,21757348,,present,YES,ChEMBL 37 dump extract; MAX of STANDARD_OK pChEMBL
F2/F10,F2F10_007,CHEMBL1808954,1166654,A,F2,CHEMBL204,8040624,CHEMBL1953227,B,Ki,=,290,nM,6.54,CHEMBL1949509,10.1016/j.ejmech.2012.01.059,22365562,,present,YES,ChEMBL 37 dump extract; MAX of STANDARD_OK pChEMBL
F2/F10,F2F10_007,CHEMBL1808954,1166654,B,F10,CHEMBL244,8040701,CHEMBL1953229,B,Ki,=,6000,nM,5.22,CHEMBL1949509,10.1016/j.ejmech.2012.01.059,22365562,,present,YES,ChEMBL 37 dump extract; MAX of STANDARD_OK pChEMBL
F2/F10,F2F10_008,CHEMBL1907778,1248329,A,F2,CHEMBL204,293430,CHEMBL814951,B,Ki,=,126,nM,6.9,CHEMBL1133232,10.1016/s0960-894x(00)00282-1,10915051,,present,YES,ChEMBL 37 dump extract; MAX of STANDARD_OK pChEMBL
F2/F10,F2F10_008,CHEMBL1907778,1248329,B,F10,CHEMBL244,293435,CHEMBL662875,B,Ki,=,87000,nM,4.06,CHEMBL1133232,10.1016/s0960-894x(00)00282-1,10915051,,present,YES,ChEMBL 37 dump extract; MAX of STANDARD_OK pChEMBL
F2/F10,F2F10_009,CHEMBL1952402,1281398,A,F2,CHEMBL204,8040603,CHEMBL1953227,B,Ki,=,260,nM,6.58,CHEMBL1949509,10.1016/j.ejmech.2012.01.059,22365562,,present,YES,ChEMBL 37 dump extract; MAX of STANDARD_OK pChEMBL
F2/F10,F2F10_009,CHEMBL1952402,1281398,B,F10,CHEMBL244,8040680,CHEMBL1953229,B,Ki,=,7700,nM,5.11,CHEMBL1949509,10.1016/j.ejmech.2012.01.059,22365562,,present,YES,ChEMBL 37 dump extract; MAX of STANDARD_OK pChEMBL
F2/F10,F2F10_010,CHEMBL209841,352701,A,F2,CHEMBL204,1746918,CHEMBL868544,B,Ki,=,200,nM,6.7,CHEMBL1138903,10.1021/jm051272l,16821772,,present,YES,ChEMBL 37 dump extract; MAX of STANDARD_OK pChEMBL
F2/F10,F2F10_010,CHEMBL209841,352701,B,F10,CHEMBL244,1746914,CHEMBL868545,B,Ki,=,10500,nM,4.98,CHEMBL1138903,10.1021/jm051272l,16821772,,present,YES,ChEMBL 37 dump extract; MAX of STANDARD_OK pChEMBL
F2/F10,F2F10_011,CHEMBL212310,352081,A,F2,CHEMBL204,1746566,CHEMBL868544,B,Ki,=,190,nM,6.72,CHEMBL1138903,10.1021/jm051272l,16821772,,present,YES,ChEMBL 37 dump extract; MAX of STANDARD_OK pChEMBL
F2/F10,F2F10_011,CHEMBL212310,352081,B,F10,CHEMBL244,1746564,CHEMBL868545,B,Ki,=,13000,nM,4.89,CHEMBL1138903,10.1021/jm051272l,16821772,,present,YES,ChEMBL 37 dump extract; MAX of STANDARD_OK pChEMBL
F2/F10,F2F10_012,CHEMBL238707,405423,A,F2,CHEMBL204,2009077,CHEMBL902751,B,IC50,=,288,nM,6.54,CHEMBL1138351,10.1021/jm700962j,18052026,,present,NO,ChEMBL 37 dump extract; MAX of STANDARD_OK pChEMBL
F2/F10,F2F10_012,CHEMBL238707,405423,A,F2,CHEMBL204,16487264,CHEMBL3772682,B,IC50,=,196,nM,6.71,CHEMBL3769401,10.1039/C5MD00288E,,,present,YES,ChEMBL 37 dump extract; MAX of STANDARD_OK pChEMBL
F2/F10,F2F10_012,CHEMBL238707,405423,B,F10,CHEMBL244,2009088,CHEMBL902753,B,IC50,=,6000,nM,5.22,CHEMBL1138351,10.1021/jm700962j,18052026,,present,YES,ChEMBL 37 dump extract; MAX of STANDARD_OK pChEMBL
F2/F10,F2F10_013,CHEMBL2441055,1587565,A,F2,CHEMBL204,13490223,CHEMBL2443893,B,Ki,=,90,nM,7.05,CHEMBL2440069,10.1021/jm401169a,24102612,,present,YES,ChEMBL 37 dump extract; MAX of STANDARD_OK pChEMBL
F2/F10,F2F10_013,CHEMBL2441055,1587565,B,F10,CHEMBL244,13490280,CHEMBL2443898,B,Ki,=,6830,nM,5.17,CHEMBL2440069,10.1021/jm401169a,24102612,,present,YES,ChEMBL 37 dump extract; MAX of STANDARD_OK pChEMBL
F2/F10,F2F10_014,CHEMBL2441057,1587567,A,F2,CHEMBL204,13490224,CHEMBL2443893,B,Ki,=,16,nM,7.8,CHEMBL2440069,10.1021/jm401169a,24102612,,present,YES,ChEMBL 37 dump extract; MAX of STANDARD_OK pChEMBL
F2/F10,F2F10_014,CHEMBL2441057,1587567,B,F10,CHEMBL244,13490281,CHEMBL2443898,B,Ki,=,5640,nM,5.25,CHEMBL2440069,10.1021/jm401169a,24102612,,present,YES,ChEMBL 37 dump extract; MAX of STANDARD_OK pChEMBL
F2/F10,F2F10_015,CHEMBL289395,58544,A,F2,CHEMBL204,306869,CHEMBL811976,B,Ki,=,0.056,nM,10.25,CHEMBL1130205,10.1021/jm970140s,9171866,,present,YES,ChEMBL 37 dump extract; MAX of STANDARD_OK pChEMBL
F2/F10,F2F10_015,CHEMBL289395,58544,A,F2,CHEMBL204,659822,CHEMBL814943,B,Ki,=,0.056,nM,10.25,CHEMBL1133572,10.1021/jm990412m,10669559,,present,YES,ChEMBL 37 dump extract; MAX of STANDARD_OK pChEMBL
F2/F10,F2F10_015,CHEMBL289395,58544,B,F10,CHEMBL244,306874,CHEMBL661219,B,Ki,=,95000,nM,4.02,CHEMBL1130205,10.1021/jm970140s,9171866,,present,YES,ChEMBL 37 dump extract; MAX of STANDARD_OK pChEMBL
F2/F10,F2F10_016,CHEMBL308600,119181,A,F2,CHEMBL204,292086,CHEMBL816077,B,IC50,=,27,nM,7.57,CHEMBL1146615,10.1016/s0960-894x(03)00443-8,12824021,,present,YES,ChEMBL 37 dump extract; MAX of STANDARD_OK pChEMBL
F2/F10,F2F10_016,CHEMBL308600,119181,B,F10,CHEMBL244,292087,CHEMBL659613,B,IC50,=,46000,nM,4.34,CHEMBL1146615,10.1016/s0960-894x(03)00443-8,12824021,,present,YES,ChEMBL 37 dump extract; MAX of STANDARD_OK pChEMBL
F2/F10,F2F10_017,CHEMBL3114556,1617526,A,F2,CHEMBL204,13900241,CHEMBL3118957,B,Ki,=,32,nM,7.5,CHEMBL3112494,10.1016/j.bmcl.2014.01.002,24461292,,present,YES,ChEMBL 37 dump extract; MAX of STANDARD_OK pChEMBL
F2/F10,F2F10_017,CHEMBL3114556,1617526,B,F10,CHEMBL244,13900217,CHEMBL3118953,B,Ki,=,3900,nM,5.41,CHEMBL3112494,10.1016/j.bmcl.2014.01.002,24461292,,present,YES,ChEMBL 37 dump extract; MAX of STANDARD_OK pChEMBL
F2/F10,F2F10_018,CHEMBL338788,202655,A,F2,CHEMBL204,391896,CHEMBL813672,B,Ki,=,11,nM,7.96,CHEMBL1130400,10.1021/jm970493r,9371237,,present,YES,ChEMBL 37 dump extract; MAX of STANDARD_OK pChEMBL
F2/F10,F2F10_018,CHEMBL338788,202655,B,F10,CHEMBL244,391898,CHEMBL662831,B,Ki,=,52000,nM,4.28,CHEMBL1130400,10.1021/jm970493r,9371237,,present,YES,ChEMBL 37 dump extract; MAX of STANDARD_OK pChEMBL
F2/F10,F2F10_019,CHEMBL377627,351882,A,F2,CHEMBL204,1746542,CHEMBL868544,B,Ki,=,300,nM,6.52,CHEMBL1138903,10.1021/jm051272l,16821772,,present,YES,ChEMBL 37 dump extract; MAX of STANDARD_OK pChEMBL
F2/F10,F2F10_019,CHEMBL377627,351882,B,F10,CHEMBL244,1746539,CHEMBL868545,B,Ki,=,3200,nM,5.5,CHEMBL1138903,10.1021/jm051272l,16821772,,present,YES,ChEMBL 37 dump extract; MAX of STANDARD_OK pChEMBL
F2/F10,F2F10_020,CHEMBL379957,352261,A,F2,CHEMBL204,1746813,CHEMBL868544,B,Ki,=,260,nM,6.58,CHEMBL1138903,10.1021/jm051272l,16821772,,present,YES,ChEMBL 37 dump extract; MAX of STANDARD_OK pChEMBL
F2/F10,F2F10_020,CHEMBL379957,352261,B,F10,CHEMBL244,1746811,CHEMBL868545,B,Ki,=,8300,nM,5.08,CHEMBL1138903,10.1021/jm051272l,16821772,,present,YES,ChEMBL 37 dump extract; MAX of STANDARD_OK pChEMBL
F2/F10,F2F10_021,CHEMBL41220,58893,A,F2,CHEMBL204,395839,CHEMBL811970,B,Ki,=,95,nM,7.02,CHEMBL1137966,10.1016/j.bmcl.2003.12.083,15006404,,present,YES,ChEMBL 37 dump extract; MAX of STANDARD_OK pChEMBL
F2/F10,F2F10_021,CHEMBL41220,58893,B,F10,CHEMBL244,395841,CHEMBL661992,B,Ki,=,66000,nM,4.18,CHEMBL1137966,10.1016/j.bmcl.2003.12.083,15006404,,present,YES,ChEMBL 37 dump extract; MAX of STANDARD_OK pChEMBL
F2/F10,F2F10_022,CHEMBL41876,60904,A,F2,CHEMBL204,1027456,CHEMBL813518,B,Ki,=,4.6,nM,8.34,CHEMBL1133126,10.1016/s0960-894x(99)00616-2,10636250,,present,YES,ChEMBL 37 dump extract; MAX of STANDARD_OK pChEMBL
F2/F10,F2F10_022,CHEMBL41876,60904,A,F2,CHEMBL204,1065797,CHEMBL813563,B,Ki,=,4.6,nM,8.34,CHEMBL1132862,10.1016/s0960-894x(99)00617-4,10636249,,present,YES,ChEMBL 37 dump extract; MAX of STANDARD_OK pChEMBL
F2/F10,F2F10_022,CHEMBL41876,60904,A,F2,CHEMBL204,1158659,CHEMBL872600,B,Ki,=,4.6,nM,8.34,CHEMBL1130852,10.1016/s0960-894x(98)00290-x,9873397,,present,YES,ChEMBL 37 dump extract; MAX of STANDARD_OK pChEMBL
F2/F10,F2F10_022,CHEMBL41876,60904,B,F10,CHEMBL244,1158660,CHEMBL802349,B,Ki,=,80000,nM,4.1,CHEMBL1130852,10.1016/s0960-894x(98)00290-x,9873397,,present,YES,ChEMBL 37 dump extract; MAX of STANDARD_OK pChEMBL
F2/F10,F2F10_023,CHEMBL421437,202324,A,F2,CHEMBL204,402174,CHEMBL813672,B,Ki,=,0.82,nM,9.09,CHEMBL1130400,10.1021/jm970493r,9371237,,present,YES,ChEMBL 37 dump extract; MAX of STANDARD_OK pChEMBL
F2/F10,F2F10_023,CHEMBL421437,202324,B,F10,CHEMBL244,402176,CHEMBL662831,B,Ki,=,8300,nM,5.08,CHEMBL1130400,10.1021/jm970493r,9371237,,present,YES,ChEMBL 37 dump extract; MAX of STANDARD_OK pChEMBL
F2/F10,F2F10_024,CHEMBL466588,472299,A,F2,CHEMBL204,2262714,CHEMBL1010200,B,Ki,=,51,nM,7.29,CHEMBL1139302,10.1016/j.bmcl.2008.11.019,19036586,,present,YES,ChEMBL 37 dump extract; MAX of STANDARD_OK pChEMBL
F2/F10,F2F10_024,CHEMBL466588,472299,B,F10,CHEMBL244,2262715,CHEMBL1010204,B,Ki,=,5600,nM,5.25,CHEMBL1139302,10.1016/j.bmcl.2008.11.019,19036586,,present,YES,ChEMBL 37 dump extract; MAX of STANDARD_OK pChEMBL
F2/F10,F2F10_025,CHEMBL48361,75302,A,F2,CHEMBL204,1096882,CHEMBL845034,B,IC50,=,9.3,nM,8.03,CHEMBL1135926,10.1021/jm0109513,11960487,,present,NO,ChEMBL 37 dump extract; MAX of STANDARD_OK pChEMBL
F2/F10,F2F10_025,CHEMBL48361,75302,A,F2,CHEMBL204,1096883,CHEMBL847040,B,Ki,=,4.5,nM,8.35,CHEMBL1135926,10.1021/jm0109513,11960487,,present,NO,ChEMBL 37 dump extract; MAX of STANDARD_OK pChEMBL
F2/F10,F2F10_025,CHEMBL48361,75302,A,F2,CHEMBL204,8040628,CHEMBL1953227,B,Ki,=,6.3,nM,8.2,CHEMBL1949509,10.1016/j.ejmech.2012.01.059,22365562,,present,NO,ChEMBL 37 dump extract; MAX of STANDARD_OK pChEMBL
F2/F10,F2F10_025,CHEMBL48361,75302,A,F2,CHEMBL204,11022296,CHEMBL2090299,B,Ki,=,4.5,nM,8.35,CHEMBL2086305,10.1016/j.ejmech.2012.09.016,23043765,,present,NO,ChEMBL 37 dump extract; MAX of STANDARD_OK pChEMBL
F2/F10,F2F10_025,CHEMBL48361,75302,A,F2,CHEMBL204,12205113,CHEMBL2217201,B,IC50,=,10,nM,8,CHEMBL2216748,10.1021/jm3001339,22494098,,present,NO,ChEMBL 37 dump extract; MAX of STANDARD_OK pChEMBL
F2/F10,F2F10_025,CHEMBL48361,75302,A,F2,CHEMBL204,13338495,CHEMBL2395224,B,Ki,=,6.3,nM,8.2,CHEMBL2390916,10.1016/j.ejmech.2013.03.056,23644213,,present,NO,ChEMBL 37 dump extract; MAX of STANDARD_OK pChEMBL
F2/F10,F2F10_025,CHEMBL48361,75302,A,F2,CHEMBL204,13843685,CHEMBL3097587,B,Ki,=,4.5,nM,8.35,CHEMBL3091444,10.1021/jm4005835,24175584,,present,NO,ChEMBL 37 dump extract; MAX of STANDARD_OK pChEMBL
F2/F10,F2F10_025,CHEMBL48361,75302,A,F2,CHEMBL204,15213382,CHEMBL3419500,B,IC50,=,2.61,nM,8.58,CHEMBL3414490,10.1016/j.ejmech.2015.04.012,25874337,,present,NO,ChEMBL 37 dump extract; MAX of STANDARD_OK pChEMBL
F2/F10,F2F10_025,CHEMBL48361,75302,A,F2,CHEMBL204,15760230,CHEMBL3631742,B,IC50,=,2.2,nM,8.66,CHEMBL3627642,10.1016/j.bmc.2015.10.036,26537784,,present,NO,ChEMBL 37 dump extract; MAX of STANDARD_OK pChEMBL
F2/F10,F2F10_025,CHEMBL48361,75302,A,F2,CHEMBL204,16414136,CHEMBL3745444,B,IC50,=,2.63,nM,8.58,CHEMBL3739403,10.1016/j.bmc.2015.11.025,26690913,,present,NO,ChEMBL 37 dump extract; MAX of STANDARD_OK pChEMBL
F2/F10,F2F10_025,CHEMBL48361,75302,A,F2,CHEMBL204,16580449,CHEMBL3802564,B,IC50,=,1.23,nM,8.91,CHEMBL3797073,10.1016/j.bmc.2016.04.038,27166573,,present,NO,ChEMBL 37 dump extract; MAX of STANDARD_OK pChEMBL
F2/F10,F2F10_025,CHEMBL48361,75302,A,F2,CHEMBL204,16580461,CHEMBL3802564,B,IC50,=,1.23,nM,8.91,CHEMBL3797073,10.1016/j.bmc.2016.04.038,27166573,,present,NO,ChEMBL 37 dump extract; MAX of STANDARD_OK pChEMBL
F2/F10,F2F10_025,CHEMBL48361,75302,A,F2,CHEMBL204,16666543,CHEMBL3854384,B,IC50,=,1.2,nM,8.92,CHEMBL3853299,10.1016/j.ejmech.2016.05.020,27187866,,present,YES,ChEMBL 37 dump extract; MAX of STANDARD_OK pChEMBL
F2/F10,F2F10_025,CHEMBL48361,75302,A,F2,CHEMBL204,16817213,CHEMBL3871900,B,IC50,=,6,nM,8.22,CHEMBL3871289,10.1016/j.bmc.2016.11.012,27884512,,present,NO,ChEMBL 37 dump extract; MAX of STANDARD_OK pChEMBL
F2/F10,F2F10_025,CHEMBL48361,75302,A,F2,CHEMBL204,18006930,CHEMBL4003407,B,IC50,=,1.2,nM,8.92,CHEMBL4002587,10.1016/j.ejmech.2016.12.015,27951488,,present,YES,ChEMBL 37 dump extract; MAX of STANDARD_OK pChEMBL
F2/F10,F2F10_025,CHEMBL48361,75302,A,F2,CHEMBL204,18535343,CHEMBL4196336,B,IC50,=,9.3,nM,8.03,CHEMBL4196003,10.1016/j.ejmech.2018.01.067,29407959,,present,NO,ChEMBL 37 dump extract; MAX of STANDARD_OK pChEMBL
F2/F10,F2F10_025,CHEMBL48361,75302,A,F2,CHEMBL204,18652546,CHEMBL4229785,B,Ki,=,4.5,nM,8.35,CHEMBL4229329,10.1021/acs.jmedchem.7b00772,29072911,,present,NO,ChEMBL 37 dump extract; MAX of STANDARD_OK pChEMBL
F2/F10,F2F10_025,CHEMBL48361,75302,A,F2,CHEMBL204,22431958,CHEMBL4676504,B,Ki,=,4.5,nM,8.35,CHEMBL4673255,10.1021/acs.jmedchem.0c01635,33089691,,present,NO,ChEMBL 37 dump extract; MAX of STANDARD_OK pChEMBL
F2/F10,F2F10_025,CHEMBL48361,75302,A,F2,CHEMBL204,22431959,CHEMBL4676504,B,IC50,=,6.4,nM,8.19,CHEMBL4673255,10.1021/acs.jmedchem.0c01635,33089691,,present,NO,ChEMBL 37 dump extract; MAX of STANDARD_OK pChEMBL
F2/F10,F2F10_025,CHEMBL48361,75302,A,F2,CHEMBL204,24773419,CHEMBL5127308,B,IC50,=,2.61,nM,8.58,CHEMBL5126515,10.1016/j.ejmech.2021.114035,34902735,,present,NO,ChEMBL 37 dump extract; MAX of STANDARD_OK pChEMBL
F2/F10,F2F10_025,CHEMBL48361,75302,A,F2,CHEMBL204,25587780,CHEMBL5355125,B,IC50,=,40,nM,7.4,CHEMBL5352455,10.1016/j.ejmech.2022.114855,36462436,,present,NO,ChEMBL 37 dump extract; MAX of STANDARD_OK pChEMBL
F2/F10,F2F10_025,CHEMBL48361,75302,A,F2,CHEMBL204,29112145,CHEMBL6088918,B,IC50,=,7,nM,8.15,CHEMBL6087428,10.1016/j.ejmech.2024.117067,39580913,,present,NO,ChEMBL 37 dump extract; MAX of STANDARD_OK pChEMBL
F2/F10,F2F10_025,CHEMBL48361,75302,B,F10,CHEMBL244,1096884,CHEMBL663410,B,Ki,=,3760,nM,5.42,CHEMBL1135926,10.1021/jm0109513,11960487,,present,YES,ChEMBL 37 dump extract; MAX of STANDARD_OK pChEMBL
F2/F10,F2F10_025,CHEMBL48361,75302,B,F10,CHEMBL244,22431923,CHEMBL4676503,B,Ki,=,3800,nM,5.42,CHEMBL4673255,10.1021/acs.jmedchem.0c01635,33089691,,present,YES,ChEMBL 37 dump extract; MAX of STANDARD_OK pChEMBL
F2/F10,F2F10_025,CHEMBL48361,75302,B,F10,CHEMBL244,25587872,CHEMBL5355126,B,IC50,=,5800,nM,5.24,CHEMBL5352455,10.1016/j.ejmech.2022.114855,36462436,,present,NO,ChEMBL 37 dump extract; MAX of STANDARD_OK pChEMBL
F2/F10,F2F10_026,CHEMBL493520,477756,A,F2,CHEMBL204,2277785,CHEMBL954314,B,Ki,=,110,nM,6.96,CHEMBL1153335,10.1016/j.bmcl.2009.02.047,19250826,,present,YES,ChEMBL 37 dump extract; MAX of STANDARD_OK pChEMBL
F2/F10,F2F10_026,CHEMBL493520,477756,B,F10,CHEMBL244,2277765,CHEMBL954313,B,Ki,=,4400,nM,5.36,CHEMBL1153335,10.1016/j.bmcl.2009.02.047,19250826,,present,YES,ChEMBL 37 dump extract; MAX of STANDARD_OK pChEMBL
F2/F10,F2F10_027,CHEMBL499200,472377,A,F2,CHEMBL204,2262734,CHEMBL1010200,B,Ki,=,240,nM,6.62,CHEMBL1139302,10.1016/j.bmcl.2008.11.019,19036586,,present,YES,ChEMBL 37 dump extract; MAX of STANDARD_OK pChEMBL
F2/F10,F2F10_027,CHEMBL499200,472377,B,F10,CHEMBL244,2262735,CHEMBL1010204,B,Ki,=,3400,nM,5.47,CHEMBL1139302,10.1016/j.bmcl.2008.11.019,19036586,,present,YES,ChEMBL 37 dump extract; MAX of STANDARD_OK pChEMBL
F2/F10,F2F10_028,CHEMBL5418843,2859011,A,F2,CHEMBL204,25587787,CHEMBL5355125,B,IC50,=,7,nM,8.15,CHEMBL5352455,10.1016/j.ejmech.2022.114855,36462436,,present,YES,ChEMBL 37 dump extract; MAX of STANDARD_OK pChEMBL
F2/F10,F2F10_028,CHEMBL5418843,2859011,B,F10,CHEMBL244,25587879,CHEMBL5355126,B,IC50,=,9400,nM,5.03,CHEMBL5352455,10.1016/j.ejmech.2022.114855,36462436,,present,YES,ChEMBL 37 dump extract; MAX of STANDARD_OK pChEMBL
F2/F10,F2F10_029,CHEMBL5423783,2863951,A,F2,CHEMBL204,25587784,CHEMBL5355125,B,IC50,=,4,nM,8.4,CHEMBL5352455,10.1016/j.ejmech.2022.114855,36462436,,present,YES,ChEMBL 37 dump extract; MAX of STANDARD_OK pChEMBL
F2/F10,F2F10_029,CHEMBL5423783,2863951,B,F10,CHEMBL244,25587876,CHEMBL5355126,B,IC50,=,6800,nM,5.17,CHEMBL5352455,10.1016/j.ejmech.2022.114855,36462436,,present,YES,ChEMBL 37 dump extract; MAX of STANDARD_OK pChEMBL
F2/F10,F2F10_030,CHEMBL5425205,2865373,A,F2,CHEMBL204,25587781,CHEMBL5355125,B,IC50,=,5,nM,8.3,CHEMBL5352455,10.1016/j.ejmech.2022.114855,36462436,,present,YES,ChEMBL 37 dump extract; MAX of STANDARD_OK pChEMBL
F2/F10,F2F10_030,CHEMBL5425205,2865373,B,F10,CHEMBL244,25587873,CHEMBL5355126,B,IC50,=,6400,nM,5.19,CHEMBL5352455,10.1016/j.ejmech.2022.114855,36462436,,present,YES,ChEMBL 37 dump extract; MAX of STANDARD_OK pChEMBL
F2/F10,F2F10_031,CHEMBL5430930,2871098,A,F2,CHEMBL204,25587789,CHEMBL5355125,B,IC50,=,29,nM,7.54,CHEMBL5352455,10.1016/j.ejmech.2022.114855,36462436,,present,YES,ChEMBL 37 dump extract; MAX of STANDARD_OK pChEMBL
F2/F10,F2F10_031,CHEMBL5430930,2871098,B,F10,CHEMBL244,25587881,CHEMBL5355126,B,IC50,=,68000,nM,4.17,CHEMBL5352455,10.1016/j.ejmech.2022.114855,36462436,,present,YES,ChEMBL 37 dump extract; MAX of STANDARD_OK pChEMBL
F2/F10,F2F10_032,CHEMBL75255,118437,A,F2,CHEMBL204,274051,CHEMBL816077,B,IC50,=,6,nM,8.22,CHEMBL1146615,10.1016/s0960-894x(03)00443-8,12824021,,present,YES,ChEMBL 37 dump extract; MAX of STANDARD_OK pChEMBL
F2/F10,F2F10_032,CHEMBL75255,118437,A,F2,CHEMBL204,994582,CHEMBL816648,B,IC50,=,6,nM,8.22,CHEMBL1136099,10.1016/s0960-894x(03)00442-6,12824020,,present,YES,ChEMBL 37 dump extract; MAX of STANDARD_OK pChEMBL
F2/F10,F2F10_032,CHEMBL75255,118437,B,F10,CHEMBL244,274052,CHEMBL659613,B,IC50,=,12100,nM,4.92,CHEMBL1146615,10.1016/s0960-894x(03)00443-8,12824021,,present,YES,ChEMBL 37 dump extract; MAX of STANDARD_OK pChEMBL
F2/F10,F2F10_033,CHEMBL1160812,642351,A,F2,CHEMBL204,125556,CHEMBL813202,B,Ki,=,6300,nM,5.2,CHEMBL1133385,10.1016/s0960-894x(99)00688-5,10698459,,present,YES,ChEMBL 37 dump extract; MAX of STANDARD_OK pChEMBL
F2/F10,F2F10_033,CHEMBL1160812,642351,B,F10,CHEMBL244,125555,CHEMBL660848,B,Ki,=,71,nM,7.15,CHEMBL1133385,10.1016/s0960-894x(99)00688-5,10698459,,present,YES,ChEMBL 37 dump extract; MAX of STANDARD_OK pChEMBL
F2/F10,F2F10_034,CHEMBL124834,202795,A,F2,CHEMBL204,851729,CHEMBL813618,B,Ki,=,7900,nM,5.1,CHEMBL1136511,10.1016/s0960-894x(02)00951-4,12565931,,present,YES,ChEMBL 37 dump extract; MAX of STANDARD_OK pChEMBL
F2/F10,F2F10_034,CHEMBL124834,202795,B,F10,CHEMBL244,851728,CHEMBL682006,B,Ki,=,8,nM,8.1,CHEMBL1136511,10.1016/s0960-894x(02)00951-4,12565931,,present,YES,ChEMBL 37 dump extract; MAX of STANDARD_OK pChEMBL
F2/F10,F2F10_035,CHEMBL138258,231295,A,F2,CHEMBL204,963091,CHEMBL816075,B,IC50,=,3300,nM,5.48,CHEMBL1131467,10.1021/jm970482y,9484495,,present,YES,ChEMBL 37 dump extract; MAX of STANDARD_OK pChEMBL
F2/F10,F2F10_035,CHEMBL138258,231295,B,F10,CHEMBL244,963090,CHEMBL874700,B,IC50,=,50,nM,7.3,CHEMBL1131467,10.1021/jm970482y,9484495,,present,YES,ChEMBL 37 dump extract; MAX of STANDARD_OK pChEMBL
F2/F10,F2F10_036,CHEMBL158219,263968,A,F2,CHEMBL204,284964,CHEMBL812830,B,Ki,=,3200,nM,5.5,CHEMBL1134213,10.1016/s0960-894x(01)00029-4,11266160,,present,YES,ChEMBL 37 dump extract; MAX of STANDARD_OK pChEMBL
F2/F10,F2F10_036,CHEMBL158219,263968,B,F10,CHEMBL244,284963,CHEMBL806254,B,Ki,=,1.1,nM,8.96,CHEMBL1134213,10.1016/s0960-894x(01)00029-4,11266160,,present,YES,ChEMBL 37 dump extract; MAX of STANDARD_OK pChEMBL
F2/F10,F2F10_037,CHEMBL163121,270971,A,F2,CHEMBL204,961061,CHEMBL882279,B,IC50,=,4000,nM,5.4,CHEMBL1136598,10.1016/s0960-894x(02)01037-5,12639567,,present,YES,ChEMBL 37 dump extract; MAX of STANDARD_OK pChEMBL
F2/F10,F2F10_037,CHEMBL163121,270971,B,F10,CHEMBL244,961060,CHEMBL682015,B,IC50,=,4,nM,8.4,CHEMBL1136598,10.1016/s0960-894x(02)01037-5,12639567,,present,YES,ChEMBL 37 dump extract; MAX of STANDARD_OK pChEMBL
F2/F10,F2F10_038,CHEMBL175779,296984,A,F2,CHEMBL204,1405386,CHEMBL828216,B,Ki,=,20000,nM,4.7,CHEMBL1145195,10.1021/jm0497949,15771420,,present,YES,ChEMBL 37 dump extract; MAX of STANDARD_OK pChEMBL
F2/F10,F2F10_038,CHEMBL175779,296984,B,F10,CHEMBL244,1405385,CHEMBL826326,B,Ki,=,6.3,nM,8.2,CHEMBL1145195,10.1021/jm0497949,15771420,,present,YES,ChEMBL 37 dump extract; MAX of STANDARD_OK pChEMBL
F2/F10,F2F10_039,CHEMBL231595,384854,A,F2,CHEMBL204,1899334,CHEMBL889049,B,Ki,=,18000,nM,4.75,CHEMBL1145355,10.1016/j.bmcl.2007.03.105,17462889,,present,YES,ChEMBL 37 dump extract; MAX of STANDARD_OK pChEMBL
F2/F10,F2F10_039,CHEMBL231595,384854,B,F10,CHEMBL244,1899297,CHEMBL889048,B,Ki,=,4.9,nM,8.31,CHEMBL1145355,10.1016/j.bmcl.2007.03.105,17462889,,present,YES,ChEMBL 37 dump extract; MAX of STANDARD_OK pChEMBL
F2/F10,F2F10_040,CHEMBL2417904,1576669,A,F2,CHEMBL204,13421383,CHEMBL2421095,B,IC50,=,24000,nM,4.62,CHEMBL2417432,10.1016/j.bmcl.2013.06.028,23927973,,present,YES,ChEMBL 37 dump extract; MAX of STANDARD_OK pChEMBL
F2/F10,F2F10_040,CHEMBL2417904,1576669,B,F10,CHEMBL244,13421397,CHEMBL2421097,B,IC50,=,35,nM,7.46,CHEMBL2417432,10.1016/j.bmcl.2013.06.028,23927973,,present,YES,ChEMBL 37 dump extract; MAX of STANDARD_OK pChEMBL
F2/F10,F2F10_041,CHEMBL24263,32766,A,F2,CHEMBL204,685512,CHEMBL662108,B,Ki,=,3260,nM,5.49,CHEMBL1135303,10.1016/s0960-894x(02)00142-7,11965377,,present,YES,ChEMBL 37 dump extract; MAX of STANDARD_OK pChEMBL
F2/F10,F2F10_041,CHEMBL24263,32766,B,F10,CHEMBL244,685511,CHEMBL661583,B,Ki,=,0.56,nM,9.25,CHEMBL1135303,10.1016/s0960-894x(02)00142-7,11965377,,present,YES,ChEMBL 37 dump extract; MAX of STANDARD_OK pChEMBL
F2/F10,F2F10_042,CHEMBL279962,22439,A,F2,CHEMBL204,162179,CHEMBL815797,B,IC50,=,5000,nM,5.3,CHEMBL1127638,10.1021/jm00034a018,8164262,,present,YES,ChEMBL 37 dump extract; MAX of STANDARD_OK pChEMBL
F2/F10,F2F10_042,CHEMBL279962,22439,B,F10,CHEMBL244,162178,CHEMBL659605,B,IC50,=,100,nM,7,CHEMBL1127638,10.1021/jm00034a018,8164262,,present,YES,ChEMBL 37 dump extract; MAX of STANDARD_OK pChEMBL
F2/F10,F2F10_043,CHEMBL327213,151477,A,F2,CHEMBL204,1041124,CHEMBL813635,B,Ki,=,14000,nM,4.85,CHEMBL1132652,10.1021/jm980406a,10425087,,present,NO,ChEMBL 37 dump extract; MAX of STANDARD_OK pChEMBL
F2/F10,F2F10_043,CHEMBL327213,151477,A,F2,CHEMBL204,1285107,CHEMBL813634,B,Ki,=,12000,nM,4.92,CHEMBL1132311,10.1021/jm980405i,10425086,,present,NO,ChEMBL 37 dump extract; MAX of STANDARD_OK pChEMBL
F2/F10,F2F10_043,CHEMBL327213,151477,A,F2,CHEMBL204,1291675,CHEMBL813634,B,Ki,=,14000,nM,4.85,CHEMBL1132311,10.1021/jm980405i,10425086,,present,NO,ChEMBL 37 dump extract; MAX of STANDARD_OK pChEMBL
F2/F10,F2F10_043,CHEMBL327213,151477,A,F2,CHEMBL204,1298677,CHEMBL813634,B,Ki,=,8900,nM,5.05,CHEMBL1132311,10.1021/jm980405i,10425086,,present,YES,ChEMBL 37 dump extract; MAX of STANDARD_OK pChEMBL
F2/F10,F2F10_043,CHEMBL327213,151477,B,F10,CHEMBL244,1041123,CHEMBL663266,B,Ki,=,4.3,nM,8.37,CHEMBL1132652,10.1021/jm980406a,10425087,,present,NO,ChEMBL 37 dump extract; MAX of STANDARD_OK pChEMBL
F2/F10,F2F10_043,CHEMBL327213,151477,B,F10,CHEMBL244,1280196,CHEMBL663267,B,Ki,=,12,nM,7.92,CHEMBL1132311,10.1021/jm980405i,10425086,,present,NO,ChEMBL 37 dump extract; MAX of STANDARD_OK pChEMBL
F2/F10,F2F10_043,CHEMBL327213,151477,B,F10,CHEMBL244,1285106,CHEMBL663267,B,Ki,=,4.3,nM,8.37,CHEMBL1132311,10.1021/jm980405i,10425086,,present,NO,ChEMBL 37 dump extract; MAX of STANDARD_OK pChEMBL
F2/F10,F2F10_043,CHEMBL327213,151477,B,F10,CHEMBL244,1291674,CHEMBL663267,B,Ki,=,4.3,nM,8.37,CHEMBL1132311,10.1021/jm980405i,10425086,,present,NO,ChEMBL 37 dump extract; MAX of STANDARD_OK pChEMBL
F2/F10,F2F10_043,CHEMBL327213,151477,B,F10,CHEMBL244,1298676,CHEMBL663267,B,Ki,=,2.3,nM,8.64,CHEMBL1132311,10.1021/jm980405i,10425086,,present,YES,ChEMBL 37 dump extract; MAX of STANDARD_OK pChEMBL
F2/F10,F2F10_044,CHEMBL327331,151931,A,F2,CHEMBL204,1036491,CHEMBL813635,B,Ki,=,7700,nM,5.11,CHEMBL1132652,10.1021/jm980406a,10425087,,present,YES,ChEMBL 37 dump extract; MAX of STANDARD_OK pChEMBL
F2/F10,F2F10_044,CHEMBL327331,151931,B,F10,CHEMBL244,1036490,CHEMBL663266,B,Ki,=,1.3,nM,8.89,CHEMBL1132652,10.1021/jm980406a,10425087,,present,YES,ChEMBL 37 dump extract; MAX of STANDARD_OK pChEMBL
F2/F10,F2F10_045,CHEMBL328451,152109,A,F2,CHEMBL204,1046248,CHEMBL813635,B,Ki,=,3900,nM,5.41,CHEMBL1132652,10.1021/jm980406a,10425087,,present,YES,ChEMBL 37 dump extract; MAX of STANDARD_OK pChEMBL
F2/F10,F2F10_045,CHEMBL328451,152109,B,F10,CHEMBL244,1046247,CHEMBL663266,B,Ki,=,37,nM,7.43,CHEMBL1132652,10.1021/jm980406a,10425087,,present,YES,ChEMBL 37 dump extract; MAX of STANDARD_OK pChEMBL
F2/F10,F2F10_046,CHEMBL328805,151932,A,F2,CHEMBL204,1039943,CHEMBL813635,B,Ki,=,13000,nM,4.89,CHEMBL1132652,10.1021/jm980406a,10425087,,present,YES,ChEMBL 37 dump extract; MAX of STANDARD_OK pChEMBL
F2/F10,F2F10_046,CHEMBL328805,151932,B,F10,CHEMBL244,1039942,CHEMBL663266,B,Ki,=,5.3,nM,8.28,CHEMBL1132652,10.1021/jm980406a,10425087,,present,YES,ChEMBL 37 dump extract; MAX of STANDARD_OK pChEMBL
F2/F10,F2F10_047,CHEMBL330572,151114,A,F2,CHEMBL204,635148,CHEMBL814949,B,Ki,=,4000,nM,5.4,CHEMBL1131988,10.1016/s0960-894x(99)00466-7,10509929,,present,YES,ChEMBL 37 dump extract; MAX of STANDARD_OK pChEMBL
F2/F10,F2F10_047,CHEMBL330572,151114,B,F10,CHEMBL244,136090,CHEMBL662822,B,Ki,=,0.7,nM,9.15,CHEMBL1133625,10.1021/jm000940u,10966741,,present,YES,ChEMBL 37 dump extract; MAX of STANDARD_OK pChEMBL
F2/F10,F2F10_047,CHEMBL330572,151114,B,F10,CHEMBL244,635147,CHEMBL802351,B,Ki,=,0.7,nM,9.15,CHEMBL1131988,10.1016/s0960-894x(99)00466-7,10509929,,present,YES,ChEMBL 37 dump extract; MAX of STANDARD_OK pChEMBL
F2/F10,F2F10_048,CHEMBL3409890,1836662,A,F2,CHEMBL204,15199112,CHEMBL3413864,B,IC50,=,48000,nM,4.32,CHEMBL3407352,10.1016/j.ejmech.2015.03.052,25839438,,present,YES,ChEMBL 37 dump extract; MAX of STANDARD_OK pChEMBL
F2/F10,F2F10_048,CHEMBL3409890,1836662,B,F10,CHEMBL244,15199108,CHEMBL3413863,B,IC50,=,23,nM,7.64,CHEMBL3407352,10.1016/j.ejmech.2015.03.052,25839438,,present,YES,ChEMBL 37 dump extract; MAX of STANDARD_OK pChEMBL
F2/F10,F2F10_049,CHEMBL344281,244102,A,F2,CHEMBL204,1143023,CHEMBL814316,B,Ki,=,15000,nM,4.82,CHEMBL1131421,10.1021/jm9800402,9836616,,present,YES,ChEMBL 37 dump extract; MAX of STANDARD_OK pChEMBL
F2/F10,F2F10_049,CHEMBL344281,244102,B,F10,CHEMBL244,1143022,CHEMBL661806,B,Ki,=,30,nM,7.52,CHEMBL1131421,10.1021/jm9800402,9836616,,present,YES,ChEMBL 37 dump extract; MAX of STANDARD_OK pChEMBL
F2/F10,F2F10_050,CHEMBL344309,244567,A,F2,CHEMBL204,1179422,CHEMBL814316,B,Ki,=,13000,nM,4.89,CHEMBL1131421,10.1021/jm9800402,9836616,,present,YES,ChEMBL 37 dump extract; MAX of STANDARD_OK pChEMBL
F2/F10,F2F10_050,CHEMBL344309,244567,B,F10,CHEMBL244,1179421,CHEMBL661806,B,Ki,=,200,nM,6.7,CHEMBL1131421,10.1021/jm9800402,9836616,,present,YES,ChEMBL 37 dump extract; MAX of STANDARD_OK pChEMBL
F2/F10,F2F10_051,CHEMBL349618,271193,A,F2,CHEMBL204,292098,CHEMBL810937,B,IC50,=,5000,nM,5.3,CHEMBL1136599,10.1016/s0960-894x(02)01038-7,12639568,,present,YES,ChEMBL 37 dump extract; MAX of STANDARD_OK pChEMBL
F2/F10,F2F10_051,CHEMBL349618,271193,B,F10,CHEMBL244,292097,CHEMBL682016,B,IC50,=,4,nM,8.4,CHEMBL1136599,10.1016/s0960-894x(02)01038-7,12639568,,present,YES,ChEMBL 37 dump extract; MAX of STANDARD_OK pChEMBL
F2/F10,F2F10_052,CHEMBL351329,261262,A,F2,CHEMBL204,302991,CHEMBL813654,B,Ki,=,3300,nM,5.48,CHEMBL1131205,10.1021/jm970485a,9438022,,present,YES,ChEMBL 37 dump extract; MAX of STANDARD_OK pChEMBL
F2/F10,F2F10_052,CHEMBL351329,261262,B,F10,CHEMBL244,302990,CHEMBL662825,B,Ki,=,57,nM,7.24,CHEMBL1131205,10.1021/jm970485a,9438022,,present,YES,ChEMBL 37 dump extract; MAX of STANDARD_OK pChEMBL
F2/F10,F2F10_053,CHEMBL352099,267830,A,F2,CHEMBL204,513648,CHEMBL872718,B,Ki,=,3800,nM,5.42,CHEMBL1133078,10.1016/s0960-894x(00)00097-4,10782664,,present,YES,ChEMBL 37 dump extract; MAX of STANDARD_OK pChEMBL
F2/F10,F2F10_053,CHEMBL352099,267830,B,F10,CHEMBL244,513647,CHEMBL661793,B,Ki,=,0.63,nM,9.2,CHEMBL1133078,10.1016/s0960-894x(00)00097-4,10782664,,present,YES,ChEMBL 37 dump extract; MAX of STANDARD_OK pChEMBL
F2/F10,F2F10_054,CHEMBL360894,305205,A,F2,CHEMBL204,1437608,CHEMBL827392,B,Ki,=,13000,nM,4.89,CHEMBL1145227,10.1016/j.bmcl.2004.10.045,15582405,,present,YES,ChEMBL 37 dump extract; MAX of STANDARD_OK pChEMBL
F2/F10,F2F10_054,CHEMBL360894,305205,B,F10,CHEMBL244,1437605,CHEMBL828792,B,Ki,=,2.5,nM,8.6,CHEMBL1145227,10.1016/j.bmcl.2004.10.045,15582405,,present,YES,ChEMBL 37 dump extract; MAX of STANDARD_OK pChEMBL
F2/F10,F2F10_055,CHEMBL3780584,2076634,A,F2,CHEMBL204,16522987,CHEMBL3782596,B,Ki,=,35900,nM,4.45,CHEMBL3779883,10.1021/acsmedchemlett.5b00357,26985294,,present,YES,ChEMBL 37 dump extract; MAX of STANDARD_OK pChEMBL
F2/F10,F2F10_055,CHEMBL3780584,2076634,B,F10,CHEMBL244,16523006,CHEMBL3782597,B,Ki,=,240,nM,6.62,CHEMBL3779883,10.1021/acsmedchemlett.5b00357,26985294,,present,YES,ChEMBL 37 dump extract; MAX of STANDARD_OK pChEMBL
F2/F10,F2F10_056,CHEMBL392297,401094,A,F2,CHEMBL204,1979866,CHEMBL897892,B,Ki,=,3950,nM,5.4,CHEMBL1149671,10.1016/j.bmcl.2007.07.020,17643988,,present,YES,ChEMBL 37 dump extract; MAX of STANDARD_OK pChEMBL
F2/F10,F2F10_056,CHEMBL392297,401094,B,F10,CHEMBL244,1979744,CHEMBL897883,B,Ki,=,0.64,nM,9.19,CHEMBL1149671,10.1016/j.bmcl.2007.07.020,17643988,,present,YES,ChEMBL 37 dump extract; MAX of STANDARD_OK pChEMBL
F2/F10,F2F10_057,CHEMBL397679,384824,A,F2,CHEMBL204,1899345,CHEMBL889049,B,Ki,=,7600,nM,5.12,CHEMBL1145355,10.1016/j.bmcl.2007.03.105,17462889,,present,YES,ChEMBL 37 dump extract; MAX of STANDARD_OK pChEMBL
F2/F10,F2F10_057,CHEMBL397679,384824,B,F10,CHEMBL244,1899308,CHEMBL889048,B,Ki,=,2.55,nM,8.59,CHEMBL1145355,10.1016/j.bmcl.2007.03.105,17462889,,present,YES,ChEMBL 37 dump extract; MAX of STANDARD_OK pChEMBL
F2/F10,F2F10_058,CHEMBL408928,150928,A,F2,CHEMBL204,1297164,CHEMBL813634,B,Ki,=,3800,nM,5.42,CHEMBL1132311,10.1021/jm980405i,10425086,,present,YES,ChEMBL 37 dump extract; MAX of STANDARD_OK pChEMBL
F2/F10,F2F10_058,CHEMBL408928,150928,B,F10,CHEMBL244,1297163,CHEMBL663267,B,Ki,=,4.2,nM,8.38,CHEMBL1132311,10.1021/jm980405i,10425086,,present,YES,ChEMBL 37 dump extract; MAX of STANDARD_OK pChEMBL
F2/F10,F2F10_059,CHEMBL415907,68098,A,F2,CHEMBL204,1117738,CHEMBL658075,B,Ki,=,4000,nM,5.4,CHEMBL1135155,10.1016/s0960-894x(02)00213-5,12039587,,present,YES,ChEMBL 37 dump extract; MAX of STANDARD_OK pChEMBL
F2/F10,F2F10_059,CHEMBL415907,68098,B,F10,CHEMBL244,1117737,CHEMBL661586,B,Ki,=,8,nM,8.1,CHEMBL1135155,10.1016/s0960-894x(02)00213-5,12039587,,present,YES,ChEMBL 37 dump extract; MAX of STANDARD_OK pChEMBL
F2/F10,F2F10_060,CHEMBL429170,122592,A,F2,CHEMBL204,229692,CHEMBL816078,B,IC50,=,15000,nM,4.82,CHEMBL1145084,10.1021/jm030130t,12954057,,present,YES,ChEMBL 37 dump extract; MAX of STANDARD_OK pChEMBL
F2/F10,F2F10_060,CHEMBL429170,122592,A,F2,CHEMBL204,332993,CHEMBL808338,B,IC50,=,15000,nM,4.82,CHEMBL1136109,10.1016/s0960-894x(03)00398-6,12824035,,present,YES,ChEMBL 37 dump extract; MAX of STANDARD_OK pChEMBL
F2/F10,F2F10_060,CHEMBL429170,122592,B,F10,CHEMBL244,229693,CHEMBL659615,B,IC50,=,250,nM,6.6,CHEMBL1145084,10.1021/jm030130t,12954057,,present,YES,ChEMBL 37 dump extract; MAX of STANDARD_OK pChEMBL
F2/F10,F2F10_060,CHEMBL429170,122592,B,F10,CHEMBL244,332994,CHEMBL663509,B,IC50,=,250,nM,6.6,CHEMBL1136109,10.1016/s0960-894x(03)00398-6,12824035,,present,YES,ChEMBL 37 dump extract; MAX of STANDARD_OK pChEMBL
F2/F10,F2F10_061,CHEMBL441670,293218,A,F2,CHEMBL204,55658,CHEMBL660489,B,Ki,=,3900,nM,5.41,CHEMBL1133358,10.1016/s0960-894x(00)00139-6,10853669,,present,YES,ChEMBL 37 dump extract; MAX of STANDARD_OK pChEMBL
F2/F10,F2F10_061,CHEMBL441670,293218,B,F10,CHEMBL244,55657,CHEMBL661804,B,Ki,=,6.2,nM,8.21,CHEMBL1133358,10.1016/s0960-894x(00)00139-6,10853669,,present,YES,ChEMBL 37 dump extract; MAX of STANDARD_OK pChEMBL
F2/F10,F2F10_062,CHEMBL52932,83237,A,F2,CHEMBL204,766990,CHEMBL811978,B,Ki,=,38000,nM,4.42,CHEMBL1145031,10.1021/jm020485x,12723948,,present,YES,ChEMBL 37 dump extract; MAX of STANDARD_OK pChEMBL
F2/F10,F2F10_062,CHEMBL52932,83237,B,F10,CHEMBL244,766989,CHEMBL662835,B,Ki,=,26,nM,7.58,CHEMBL1145031,10.1021/jm020485x,12723948,,present,YES,ChEMBL 37 dump extract; MAX of STANDARD_OK pChEMBL
F2/F10,F2F10_063,CHEMBL62288,99227,A,F2,CHEMBL204,890461,CHEMBL658195,B,IC50,=,6300,nM,5.2,CHEMBL1134849,10.1016/s0960-894x(02)00304-9,12113838,,present,YES,ChEMBL 37 dump extract; MAX of STANDARD_OK pChEMBL
F2/F10,F2F10_063,CHEMBL62288,99227,B,F10,CHEMBL244,890455,CHEMBL663499,B,IC50,=,5,nM,8.3,CHEMBL1134849,10.1016/s0960-894x(02)00304-9,12113838,,present,NO,ChEMBL 37 dump extract; MAX of STANDARD_OK pChEMBL
F2/F10,F2F10_063,CHEMBL62288,99227,B,F10,CHEMBL244,890463,CHEMBL872478,B,Ki,=,1.6,nM,8.8,CHEMBL1134849,10.1016/s0960-894x(02)00304-9,12113838,,present,YES,ChEMBL 37 dump extract; MAX of STANDARD_OK pChEMBL
F2/F10,F2F10_064,CHEMBL8090,3087,A,F2,CHEMBL204,355710,CHEMBL811979,B,Ki,=,14000,nM,4.85,CHEMBL1145764,10.1016/s0960-894x(03)00080-5,12643903,,present,YES,ChEMBL 37 dump extract; MAX of STANDARD_OK pChEMBL
F2/F10,F2F10_064,CHEMBL8090,3087,B,F10,CHEMBL244,355709,CHEMBL682004,B,Ki,=,15,nM,7.82,CHEMBL1145764,10.1016/s0960-894x(03)00080-5,12643903,,present,YES,ChEMBL 37 dump extract; MAX of STANDARD_OK pChEMBL
F2/F10,F2F10_065,CHEMBL1161499,643038,A,F2,CHEMBL204,1130962,CHEMBL813619,B,Ki,=,0.95,nM,9.02,CHEMBL1135220,10.1016/s0960-894x(02)00010-0,11858993,,present,YES,ChEMBL 37 dump extract; MAX of STANDARD_OK pChEMBL
F2/F10,F2F10_065,CHEMBL1161499,643038,B,F10,CHEMBL244,1130963,CHEMBL663412,B,Ki,=,93,nM,7.03,CHEMBL1135220,10.1016/s0960-894x(02)00010-0,11858993,,present,YES,ChEMBL 37 dump extract; MAX of STANDARD_OK pChEMBL
F2/F10,F2F10_066,CHEMBL1161500,643039,A,F2,CHEMBL204,1117732,CHEMBL813619,B,Ki,=,0.54,nM,9.27,CHEMBL1135220,10.1016/s0960-894x(02)00010-0,11858993,,present,YES,ChEMBL 37 dump extract; MAX of STANDARD_OK pChEMBL
F2/F10,F2F10_066,CHEMBL1161500,643039,B,F10,CHEMBL244,1117733,CHEMBL663412,B,Ki,=,40,nM,7.4,CHEMBL1135220,10.1016/s0960-894x(02)00010-0,11858993,,present,YES,ChEMBL 37 dump extract; MAX of STANDARD_OK pChEMBL
F2/F10,F2F10_067,CHEMBL194486,329968,A,F2,CHEMBL204,1613571,CHEMBL884569,B,Ki,=,1.7,nM,8.77,CHEMBL1142745,10.1016/j.bmcl.2005.07.022,16137886,,present,YES,ChEMBL 37 dump extract; MAX of STANDARD_OK pChEMBL
F2/F10,F2F10_067,CHEMBL194486,329968,B,F10,CHEMBL244,1613573,CHEMBL884758,B,Ki,=,7,nM,8.15,CHEMBL1142745,10.1016/j.bmcl.2005.07.022,16137886,,present,YES,ChEMBL 37 dump extract; MAX of STANDARD_OK pChEMBL
F2/F10,F2F10_068,CHEMBL198735,329951,A,F2,CHEMBL204,1613565,CHEMBL884569,B,Ki,=,0.06,nM,10.22,CHEMBL1142745,10.1016/j.bmcl.2005.07.022,16137886,,present,YES,ChEMBL 37 dump extract; MAX of STANDARD_OK pChEMBL
F2/F10,F2F10_068,CHEMBL198735,329951,B,F10,CHEMBL244,1613567,CHEMBL884758,B,Ki,=,1.2,nM,8.92,CHEMBL1142745,10.1016/j.bmcl.2005.07.022,16137886,,present,YES,ChEMBL 37 dump extract; MAX of STANDARD_OK pChEMBL
F2/F10,F2F10_069,CHEMBL2334315,1523963,A,F2,CHEMBL204,12711224,CHEMBL2346277,B,Ki,=,32,nM,7.5,CHEMBL2331528,10.1016/j.bmcl.2013.01.094,23416003,,present,YES,ChEMBL 37 dump extract; MAX of STANDARD_OK pChEMBL
F2/F10,F2F10_069,CHEMBL2334315,1523963,B,F10,CHEMBL244,12708524,CHEMBL2346276,B,Ki,=,290,nM,6.54,CHEMBL2331528,10.1016/j.bmcl.2013.01.094,23416003,,present,YES,ChEMBL 37 dump extract; MAX of STANDARD_OK pChEMBL
F2/F10,F2F10_070,CHEMBL263784,290313,A,F2,CHEMBL204,826751,CHEMBL660488,B,Ki,=,180,nM,6.75,CHEMBL1133499,10.1016/s0960-894x(00)00138-4,10853668,,present,YES,ChEMBL 37 dump extract; MAX of STANDARD_OK pChEMBL
F2/F10,F2F10_070,CHEMBL263784,290313,B,F10,CHEMBL244,826750,CHEMBL661803,B,Ki,=,0.2,nM,9.7,CHEMBL1133499,10.1016/s0960-894x(00)00138-4,10853668,,present,YES,ChEMBL 37 dump extract; MAX of STANDARD_OK pChEMBL
F2/F10,F2F10_071,CHEMBL265315,39907,A,F2,CHEMBL204,652552,CHEMBL818160,B,IC50,=,1.5,nM,8.82,CHEMBL1132633,10.1021/jm980354p,10212122,,present,YES,ChEMBL 37 dump extract; MAX of STANDARD_OK pChEMBL
F2/F10,F2F10_071,CHEMBL265315,39907,B,F10,CHEMBL244,652555,CHEMBL660851,B,Ki,=,165,nM,6.78,CHEMBL1132633,10.1021/jm980354p,10212122,,present,YES,ChEMBL 37 dump extract; MAX of STANDARD_OK pChEMBL
F2/F10,F2F10_072,CHEMBL299009,77778,A,F2,CHEMBL204,1089853,CHEMBL811982,B,Ki,=,120,nM,6.92,CHEMBL1134132,10.1016/s0960-894x(01)00311-0,11459634,,present,YES,ChEMBL 37 dump extract; MAX of STANDARD_OK pChEMBL
F2/F10,F2F10_072,CHEMBL299009,77778,B,F10,CHEMBL244,1089852,CHEMBL662836,B,Ki,=,0.5,nM,9.3,CHEMBL1134132,10.1016/s0960-894x(01)00311-0,11459634,,present,YES,ChEMBL 37 dump extract; MAX of STANDARD_OK pChEMBL
F2/F10,F2F10_073,CHEMBL3091512,1605873,A,F2,CHEMBL204,13842733,CHEMBL3097584,B,IC50,=,72,nM,7.14,CHEMBL3091444,10.1021/jm4005835,24175584,,present,YES,ChEMBL 37 dump extract; MAX of STANDARD_OK pChEMBL
F2/F10,F2F10_073,CHEMBL3091512,1605873,B,F10,CHEMBL244,13842758,CHEMBL3097585,B,IC50,=,1.4,nM,8.85,CHEMBL3091444,10.1021/jm4005835,24175584,,present,YES,ChEMBL 37 dump extract; MAX of STANDARD_OK pChEMBL
F2/F10,F2F10_074,CHEMBL316334,153063,A,F2,CHEMBL204,324382,CHEMBL813657,B,Ki,=,240,nM,6.62,CHEMBL1134564,10.1021/jm0100638,11495587,,present,YES,ChEMBL 37 dump extract; MAX of STANDARD_OK pChEMBL
F2/F10,F2F10_074,CHEMBL316334,153063,B,F10,CHEMBL244,324381,CHEMBL658338,B,Ki,=,78,nM,7.11,CHEMBL1134564,10.1021/jm0100638,11495587,,present,YES,ChEMBL 37 dump extract; MAX of STANDARD_OK pChEMBL
F2/F10,F2F10_075,CHEMBL332121,197512,A,F2,CHEMBL204,1097959,CHEMBL660485,B,Ki,=,263,nM,6.58,CHEMBL1132374,10.1021/jm990041+,10479289,,present,YES,ChEMBL 37 dump extract; MAX of STANDARD_OK pChEMBL
F2/F10,F2F10_075,CHEMBL332121,197512,B,F10,CHEMBL244,1097958,CHEMBL875883,B,Ki,=,8,nM,8.1,CHEMBL1132374,10.1021/jm990041+,10479289,,present,YES,ChEMBL 37 dump extract; MAX of STANDARD_OK pChEMBL
F2/F10,F2F10_076,CHEMBL332157,202126,A,F2,CHEMBL204,830319,CHEMBL813618,B,Ki,=,300,nM,6.52,CHEMBL1136511,10.1016/s0960-894x(02)00951-4,12565931,,present,YES,ChEMBL 37 dump extract; MAX of STANDARD_OK pChEMBL
F2/F10,F2F10_076,CHEMBL332157,202126,B,F10,CHEMBL244,830318,CHEMBL682006,B,Ki,=,0.037,nM,10.43,CHEMBL1136511,10.1016/s0960-894x(02)00951-4,12565931,,present,YES,ChEMBL 37 dump extract; MAX of STANDARD_OK pChEMBL
F2/F10,F2F10_077,CHEMBL343805,232184,A,F2,CHEMBL204,337246,CHEMBL816448,B,IC50,=,0.71,nM,9.15,CHEMBL1129392,10.1021/jm960572n,8917639,,present,YES,ChEMBL 37 dump extract; MAX of STANDARD_OK pChEMBL
F2/F10,F2F10_077,CHEMBL343805,232184,B,F10,CHEMBL244,337248,CHEMBL656929,B,IC50,=,20.6,nM,7.69,CHEMBL1129392,10.1021/jm960572n,8917639,,present,YES,ChEMBL 37 dump extract; MAX of STANDARD_OK pChEMBL
F2/F10,F2F10_078,CHEMBL358918,251269,A,F2,CHEMBL204,228554,CHEMBL813670,B,Ki,=,300,nM,6.52,CHEMBL1132552,10.1021/jm990456v,10639283,,present,YES,ChEMBL 37 dump extract; MAX of STANDARD_OK pChEMBL
F2/F10,F2F10_078,CHEMBL358918,251269,B,F10,CHEMBL244,228553,CHEMBL661584,B,Ki,=,4.6,nM,8.34,CHEMBL1132552,10.1021/jm990456v,10639283,,present,YES,ChEMBL 37 dump extract; MAX of STANDARD_OK pChEMBL
F2/F10,F2F10_079,CHEMBL3659625,1992517,A,F2,CHEMBL204,17603404,CHEMBL3705274,B,IC50,=,198,nM,6.7,CHEMBL3639205,,,US-8487111-B2,present,YES,ChEMBL 37 dump extract; MAX of STANDARD_OK pChEMBL
F2/F10,F2F10_079,CHEMBL3659625,1992517,B,F10,CHEMBL244,17603400,CHEMBL3705273,B,IC50,=,21,nM,7.68,CHEMBL3639205,,,US-8487111-B2,present,YES,ChEMBL 37 dump extract; MAX of STANDARD_OK pChEMBL
F2/F10,F2F10_080,CHEMBL3666823,1999787,A,F2,CHEMBL204,16336262,CHEMBL3708030,B,Ki,=,100,nM,7,CHEMBL3639143,,,US-8921319-B2,present,YES,ChEMBL 37 dump extract; MAX of STANDARD_OK pChEMBL
F2/F10,F2F10_080,CHEMBL3666823,1999787,A,F2,CHEMBL204,26589221,CHEMBL5729938,B,Ki,=,100,nM,7,CHEMBL3639143,,,US-8921319-B2,present,YES,ChEMBL 37 dump extract; MAX of STANDARD_OK pChEMBL
F2/F10,F2F10_080,CHEMBL3666823,1999787,B,F10,CHEMBL244,16269568,CHEMBL3708031,B,Ki,=,220,nM,6.66,CHEMBL3639143,,,US-8921319-B2,present,YES,ChEMBL 37 dump extract; MAX of STANDARD_OK pChEMBL
F2/F10,F2F10_081,CHEMBL379036,343951,A,F2,CHEMBL204,1703689,CHEMBL859922,B,Ki,=,250,nM,6.6,CHEMBL1146127,10.1016/j.bmcl.2006.01.010,16434195,,present,YES,ChEMBL 37 dump extract; MAX of STANDARD_OK pChEMBL
F2/F10,F2F10_081,CHEMBL379036,343951,B,F10,CHEMBL244,1703625,CHEMBL859919,B,Ki,=,0.1,nM,10,CHEMBL1146127,10.1016/j.bmcl.2006.01.010,16434195,,present,YES,ChEMBL 37 dump extract; MAX of STANDARD_OK pChEMBL
F2/F10,F2F10_082,CHEMBL379588,354558,A,F2,CHEMBL204,1755188,CHEMBL868639,B,Ki,=,120,nM,6.92,CHEMBL1146858,10.1016/j.bmcl.2006.02.069,16730984,,present,YES,ChEMBL 37 dump extract; MAX of STANDARD_OK pChEMBL
F2/F10,F2F10_082,CHEMBL379588,354558,B,F10,CHEMBL244,1755129,CHEMBL868637,B,Ki,=,0.31,nM,9.51,CHEMBL1146858,10.1016/j.bmcl.2006.02.069,16730984,,present,YES,ChEMBL 37 dump extract; MAX of STANDARD_OK pChEMBL
F2/F10,F2F10_083,CHEMBL387856,382067,A,F2,CHEMBL204,1901438,CHEMBL889318,B,Ki,=,160,nM,6.8,CHEMBL1145379,10.1021/jm070125f,17536795,,present,YES,ChEMBL 37 dump extract; MAX of STANDARD_OK pChEMBL
F2/F10,F2F10_083,CHEMBL387856,382067,B,F10,CHEMBL244,1901386,CHEMBL889317,B,Ki,=,0.012,nM,10.92,CHEMBL1145379,10.1021/jm070125f,17536795,,present,YES,ChEMBL 37 dump extract; MAX of STANDARD_OK pChEMBL
F2/F10,F2F10_084,CHEMBL422321,251921,A,F2,CHEMBL204,260427,CHEMBL813670,B,Ki,=,200,nM,6.7,CHEMBL1132552,10.1021/jm990456v,10639283,,present,YES,ChEMBL 37 dump extract; MAX of STANDARD_OK pChEMBL
F2/F10,F2F10_084,CHEMBL422321,251921,B,F10,CHEMBL244,260426,CHEMBL661584,B,Ki,=,130,nM,6.89,CHEMBL1132552,10.1021/jm990456v,10639283,,present,YES,ChEMBL 37 dump extract; MAX of STANDARD_OK pChEMBL
F2/F10,F2F10_085,CHEMBL422688,257191,A,F2,CHEMBL204,252437,CHEMBL813668,B,Ki,=,230,nM,6.64,CHEMBL1134648,10.1021/jm000409z,11170646,,present,YES,ChEMBL 37 dump extract; MAX of STANDARD_OK pChEMBL
F2/F10,F2F10_085,CHEMBL422688,257191,B,F10,CHEMBL244,252436,CHEMBL662444,B,Ki,=,0.02,nM,10.7,CHEMBL1134648,10.1021/jm000409z,11170646,,present,YES,ChEMBL 37 dump extract; MAX of STANDARD_OK pChEMBL
F2/F10,F2F10_086,CHEMBL425132,291165,A,F2,CHEMBL204,69897,CHEMBL660489,B,Ki,=,48,nM,7.32,CHEMBL1133358,10.1016/s0960-894x(00)00139-6,10853669,,present,YES,ChEMBL 37 dump extract; MAX of STANDARD_OK pChEMBL
F2/F10,F2F10_086,CHEMBL425132,291165,B,F10,CHEMBL244,69896,CHEMBL661804,B,Ki,=,0.046,nM,10.34,CHEMBL1133358,10.1016/s0960-894x(00)00139-6,10853669,,present,YES,ChEMBL 37 dump extract; MAX of STANDARD_OK pChEMBL
F2/F10,F2F10_087,CHEMBL502292,522856,A,F2,CHEMBL204,2295435,CHEMBL1035203,B,IC50,=,50,nM,7.3,CHEMBL1137759,10.1016/j.bmc.2009.04.013,19409795,,present,YES,ChEMBL 37 dump extract; MAX of STANDARD_OK pChEMBL
F2/F10,F2F10_087,CHEMBL502292,522856,B,F10,CHEMBL244,2294892,CHEMBL1035204,B,IC50,=,0.64,nM,9.19,CHEMBL1137759,10.1016/j.bmc.2009.04.013,19409795,,present,YES,ChEMBL 37 dump extract; MAX of STANDARD_OK pChEMBL
F2/F10,F2F10_088,CHEMBL506771,522714,A,F2,CHEMBL204,2295388,CHEMBL1035203,B,IC50,=,16.07,nM,7.79,CHEMBL1137759,10.1016/j.bmc.2009.04.013,19409795,,present,YES,ChEMBL 37 dump extract; MAX of STANDARD_OK pChEMBL
F2/F10,F2F10_088,CHEMBL506771,522714,B,F10,CHEMBL244,2294849,CHEMBL1035204,B,IC50,=,0.12,nM,9.92,CHEMBL1137759,10.1016/j.bmc.2009.04.013,19409795,,present,YES,ChEMBL 37 dump extract; MAX of STANDARD_OK pChEMBL
F2/F10,F2F10_089,CHEMBL6188485,3323157,A,F2,CHEMBL204,29322369,CHEMBL6187554,B,IC50,=,2,nM,8.7,CHEMBL6182938,10.1021/acs.jmedchem.5c00538,40498640,,present,YES,ChEMBL 37 dump extract; MAX of STANDARD_OK pChEMBL
F2/F10,F2F10_089,CHEMBL6188485,3323157,A,F2,CHEMBL204,29322445,CHEMBL6187556,B,IC50,=,15,nM,7.82,CHEMBL6182938,10.1021/acs.jmedchem.5c00538,40498640,,present,NO,ChEMBL 37 dump extract; MAX of STANDARD_OK pChEMBL
F2/F10,F2F10_089,CHEMBL6188485,3323157,B,F10,CHEMBL244,29322407,CHEMBL6187555,B,IC50,=,0.82,nM,9.09,CHEMBL6182938,10.1021/acs.jmedchem.5c00538,40498640,,present,YES,ChEMBL 37 dump extract; MAX of STANDARD_OK pChEMBL
F2/F10,F2F10_089,CHEMBL6188485,3323157,B,F10,CHEMBL244,29322483,CHEMBL6187557,B,IC50,=,6.1,nM,8.21,CHEMBL6182938,10.1021/acs.jmedchem.5c00538,40498640,,present,NO,ChEMBL 37 dump extract; MAX of STANDARD_OK pChEMBL
F2/F10,F2F10_090,CHEMBL6188682,3323354,A,F2,CHEMBL204,29322386,CHEMBL6187554,B,IC50,=,1.3,nM,8.89,CHEMBL6182938,10.1021/acs.jmedchem.5c00538,40498640,,present,YES,ChEMBL 37 dump extract; MAX of STANDARD_OK pChEMBL
F2/F10,F2F10_090,CHEMBL6188682,3323354,A,F2,CHEMBL204,29322462,CHEMBL6187556,B,IC50,=,12,nM,7.92,CHEMBL6182938,10.1021/acs.jmedchem.5c00538,40498640,,present,NO,ChEMBL 37 dump extract; MAX of STANDARD_OK pChEMBL
F2/F10,F2F10_090,CHEMBL6188682,3323354,B,F10,CHEMBL244,29322424,CHEMBL6187555,B,IC50,=,0.82,nM,9.09,CHEMBL6182938,10.1021/acs.jmedchem.5c00538,40498640,,present,YES,ChEMBL 37 dump extract; MAX of STANDARD_OK pChEMBL
F2/F10,F2F10_090,CHEMBL6188682,3323354,B,F10,CHEMBL244,29322500,CHEMBL6187557,B,IC50,=,8.1,nM,8.09,CHEMBL6182938,10.1021/acs.jmedchem.5c00538,40498640,,present,NO,ChEMBL 37 dump extract; MAX of STANDARD_OK pChEMBL
F2/F10,F2F10_091,CHEMBL6189551,3324223,A,F2,CHEMBL204,29322392,CHEMBL6187554,B,IC50,=,4.9,nM,8.31,CHEMBL6182938,10.1021/acs.jmedchem.5c00538,40498640,,present,YES,ChEMBL 37 dump extract; MAX of STANDARD_OK pChEMBL
F2/F10,F2F10_091,CHEMBL6189551,3324223,A,F2,CHEMBL204,29322468,CHEMBL6187556,B,IC50,=,22,nM,7.66,CHEMBL6182938,10.1021/acs.jmedchem.5c00538,40498640,,present,NO,ChEMBL 37 dump extract; MAX of STANDARD_OK pChEMBL
F2/F10,F2F10_091,CHEMBL6189551,3324223,B,F10,CHEMBL244,29322430,CHEMBL6187555,B,IC50,=,0.68,nM,9.17,CHEMBL6182938,10.1021/acs.jmedchem.5c00538,40498640,,present,YES,ChEMBL 37 dump extract; MAX of STANDARD_OK pChEMBL
F2/F10,F2F10_091,CHEMBL6189551,3324223,B,F10,CHEMBL244,29322506,CHEMBL6187557,B,IC50,=,6.6,nM,8.18,CHEMBL6182938,10.1021/acs.jmedchem.5c00538,40498640,,present,NO,ChEMBL 37 dump extract; MAX of STANDARD_OK pChEMBL
F2/F10,F2F10_092,CHEMBL6190657,3325329,A,F2,CHEMBL204,29322378,CHEMBL6187554,B,IC50,=,0.19,nM,9.72,CHEMBL6182938,10.1021/acs.jmedchem.5c00538,40498640,,present,YES,ChEMBL 37 dump extract; MAX of STANDARD_OK pChEMBL
F2/F10,F2F10_092,CHEMBL6190657,3325329,A,F2,CHEMBL204,29322454,CHEMBL6187556,B,IC50,=,17,nM,7.77,CHEMBL6182938,10.1021/acs.jmedchem.5c00538,40498640,,present,NO,ChEMBL 37 dump extract; MAX of STANDARD_OK pChEMBL
F2/F10,F2F10_092,CHEMBL6190657,3325329,B,F10,CHEMBL244,29322416,CHEMBL6187555,B,IC50,=,0.95,nM,9.02,CHEMBL6182938,10.1021/acs.jmedchem.5c00538,40498640,,present,YES,ChEMBL 37 dump extract; MAX of STANDARD_OK pChEMBL
F2/F10,F2F10_092,CHEMBL6190657,3325329,B,F10,CHEMBL244,29322492,CHEMBL6187557,B,IC50,=,51,nM,7.29,CHEMBL6182938,10.1021/acs.jmedchem.5c00538,40498640,,present,NO,ChEMBL 37 dump extract; MAX of STANDARD_OK pChEMBL
F2/F10,F2F10_093,CHEMBL73737,114964,A,F2,CHEMBL204,605507,CHEMBL660484,B,Ki,=,4.2,nM,8.38,CHEMBL1133926,10.1016/s0960-894x(01)00420-6,11527709,,present,YES,ChEMBL 37 dump extract; MAX of STANDARD_OK pChEMBL
F2/F10,F2F10_093,CHEMBL73737,114964,B,F10,CHEMBL244,605506,CHEMBL662447,B,Ki,=,0.5,nM,9.3,CHEMBL1133926,10.1016/s0960-894x(01)00420-6,11527709,,present,YES,ChEMBL 37 dump extract; MAX of STANDARD_OK pChEMBL
F2/F10,F2F10_094,CHEMBL7860,2627,A,F2,CHEMBL204,1264019,CHEMBL813569,B,Ki,=,0.02,nM,10.7,CHEMBL1135262,10.1016/s0960-894x(02)00093-8,11909707,,present,YES,ChEMBL 37 dump extract; MAX of STANDARD_OK pChEMBL
F2/F10,F2F10_094,CHEMBL7860,2627,B,F10,CHEMBL244,1264021,CHEMBL663268,B,Ki,=,200,nM,6.7,CHEMBL1135262,10.1016/s0960-894x(02)00093-8,11909707,,present,YES,ChEMBL 37 dump extract; MAX of STANDARD_OK pChEMBL
F2/F10,F2F10_095,CHEMBL96231,151456,A,F2,CHEMBL204,797764,CHEMBL817241,B,Ki,=,270,nM,6.57,CHEMBL1135480,10.1021/jm0111346,12061878,,present,YES,ChEMBL 37 dump extract; MAX of STANDARD_OK pChEMBL
F2/F10,F2F10_095,CHEMBL96231,151456,B,F10,CHEMBL244,797763,CHEMBL663407,B,Ki,=,99,nM,7,CHEMBL1135480,10.1021/jm0111346,12061878,,present,YES,ChEMBL 37 dump extract; MAX of STANDARD_OK pChEMBL
F2/F10,F2F10_096,CHEMBL99630,166451,A,F2,CHEMBL204,440829,CHEMBL814935,B,IC50,=,76,nM,7.12,CHEMBL1136273,10.1016/s0960-894x(02)00921-6,12482444,,present,YES,ChEMBL 37 dump extract; MAX of STANDARD_OK pChEMBL
F2/F10,F2F10_096,CHEMBL99630,166451,B,F10,CHEMBL244,440828,CHEMBL885073,B,IC50,=,29,nM,7.54,CHEMBL1136273,10.1016/s0960-894x(02)00921-6,12482444,,present,YES,ChEMBL 37 dump extract; MAX of STANDARD_OK pChEMBL
F2/F10,F2F10_097,CHEMBL210189,352019,A,F2,CHEMBL204,1746508,CHEMBL868544,B,Ki,=,12000,nM,4.92,CHEMBL1138903,10.1021/jm051272l,16821772,,present,YES,ChEMBL 37 dump extract; MAX of STANDARD_OK pChEMBL
F2/F10,F2F10_097,CHEMBL210189,352019,B,F10,CHEMBL244,1746506,CHEMBL868545,B,Ki,=,24000,nM,4.62,CHEMBL1138903,10.1021/jm051272l,16821772,,present,YES,ChEMBL 37 dump extract; MAX of STANDARD_OK pChEMBL
F2/F10,F2F10_098,CHEMBL212031,352584,A,F2,CHEMBL204,1746702,CHEMBL868544,B,Ki,=,20000,nM,4.7,CHEMBL1138903,10.1021/jm051272l,16821772,,present,YES,ChEMBL 37 dump extract; MAX of STANDARD_OK pChEMBL
F2/F10,F2F10_098,CHEMBL212031,352584,B,F10,CHEMBL244,1746700,CHEMBL868545,B,Ki,=,5000,nM,5.3,CHEMBL1138903,10.1021/jm051272l,16821772,,present,YES,ChEMBL 37 dump extract; MAX of STANDARD_OK pChEMBL
F2/F10,F2F10_099,CHEMBL213180,357185,A,F2,CHEMBL204,1761890,CHEMBL913196,B,Ki,=,100000,nM,4,CHEMBL1146904,10.1016/j.bmcl.2006.06.016,16793264,,present,YES,ChEMBL 37 dump extract; MAX of STANDARD_OK pChEMBL
F2/F10,F2F10_099,CHEMBL213180,357185,B,F10,CHEMBL244,1761889,CHEMBL913195,B,Ki,=,30000,nM,4.52,CHEMBL1146904,10.1016/j.bmcl.2006.06.016,16793264,,present,YES,ChEMBL 37 dump extract; MAX of STANDARD_OK pChEMBL
F2/F10,F2F10_100,CHEMBL321895,177491,A,F2,CHEMBL204,820704,CHEMBL811977,B,Ki,=,6900,nM,5.16,CHEMBL1136225,10.1016/s0960-894x(03)00717-0,12951087,,present,YES,ChEMBL 37 dump extract; MAX of STANDARD_OK pChEMBL
F2/F10,F2F10_100,CHEMBL321895,177491,B,F10,CHEMBL244,820706,CHEMBL660264,B,Ki,=,87300,nM,4.06,CHEMBL1136225,10.1016/s0960-894x(03)00717-0,12951087,,present,YES,ChEMBL 37 dump extract; MAX of STANDARD_OK pChEMBL
F2/F10,F2F10_101,CHEMBL339902,208545,A,F2,CHEMBL204,531000,CHEMBL847929,B,Ki,=,60000,nM,4.22,CHEMBL1134679,10.1021/jm010244+,11689072,,present,YES,ChEMBL 37 dump extract; MAX of STANDARD_OK pChEMBL
F2/F10,F2F10_101,CHEMBL339902,208545,B,F10,CHEMBL244,530997,CHEMBL662443,B,Ki,=,19000,nM,4.72,CHEMBL1134679,10.1021/jm010244+,11689072,,present,YES,ChEMBL 37 dump extract; MAX of STANDARD_OK pChEMBL
F2/F10,F2F10_102,CHEMBL377956,345231,A,F2,CHEMBL204,1707629,CHEMBL870754,B,Ki,=,44000,nM,4.36,CHEMBL1146971,10.1016/j.bmcl.2006.01.017,16460932,,present,YES,ChEMBL 37 dump extract; MAX of STANDARD_OK pChEMBL
F2/F10,F2F10_102,CHEMBL377956,345231,B,F10,CHEMBL244,1707624,CHEMBL870753,B,Ki,=,3500,nM,5.46,CHEMBL1146971,10.1016/j.bmcl.2006.01.017,16460932,,present,YES,ChEMBL 37 dump extract; MAX of STANDARD_OK pChEMBL
F2/F10,F2F10_103,CHEMBL416674,96716,A,F2,CHEMBL204,497686,CHEMBL877961,B,Ki,=,20000,nM,4.7,CHEMBL1135195,10.1016/s0960-894x(02)00311-6,12113832,,present,YES,ChEMBL 37 dump extract; MAX of STANDARD_OK pChEMBL
F2/F10,F2F10_103,CHEMBL416674,96716,B,F10,CHEMBL244,497685,CHEMBL660266,B,Ki,=,34000,nM,4.47,CHEMBL1135195,10.1016/s0960-894x(02)00311-6,12113832,,present,YES,ChEMBL 37 dump extract; MAX of STANDARD_OK pChEMBL
F2/F10,F2F10_104,CHEMBL54311,78632,A,F2,CHEMBL204,1071595,CHEMBL811982,B,Ki,=,23000,nM,4.64,CHEMBL1134132,10.1016/s0960-894x(01)00311-0,11459634,,present,YES,ChEMBL 37 dump extract; MAX of STANDARD_OK pChEMBL
F2/F10,F2F10_104,CHEMBL54311,78632,B,F10,CHEMBL244,1071594,CHEMBL662836,B,Ki,=,4300,nM,5.37,CHEMBL1134132,10.1016/s0960-894x(01)00311-0,11459634,,present,YES,ChEMBL 37 dump extract; MAX of STANDARD_OK pChEMBL
F2/F10,F2F10_105,CHEMBL564751,559483,A,F2,CHEMBL204,2647485,CHEMBL1023377,B,IC50,=,10000,nM,5,CHEMBL1158384,10.1016/j.bmcl.2009.01.039,19181521,,present,YES,ChEMBL 37 dump extract; MAX of STANDARD_OK pChEMBL
F2/F10,F2F10_105,CHEMBL564751,559483,B,F10,CHEMBL244,2647429,CHEMBL1027710,B,IC50,=,3230,nM,5.49,CHEMBL1158384,10.1016/j.bmcl.2009.01.039,19181521,,present,YES,ChEMBL 37 dump extract; MAX of STANDARD_OK pChEMBL
F2/F10,F2F10_106,CHEMBL566340,579938,A,F2,CHEMBL204,2983083,CHEMBL1049706,B,Ki,=,23000,nM,4.64,CHEMBL1156804,10.1021/jm9012455,20038105,,present,YES,ChEMBL 37 dump extract; MAX of STANDARD_OK pChEMBL
F2/F10,F2F10_106,CHEMBL566340,579938,B,F10,CHEMBL244,2983084,CHEMBL1049707,B,Ki,=,40000,nM,4.4,CHEMBL1156804,10.1021/jm9012455,20038105,,present,YES,ChEMBL 37 dump extract; MAX of STANDARD_OK pChEMBL
F2/F10,F2F10_107,CHEMBL6103254,3289709,A,F2,CHEMBL204,29112137,CHEMBL6088918,B,IC50,=,42000,nM,4.38,CHEMBL6087428,10.1016/j.ejmech.2024.117067,39580913,,present,YES,ChEMBL 37 dump extract; MAX of STANDARD_OK pChEMBL
F2/F10,F2F10_107,CHEMBL6103254,3289709,B,F10,CHEMBL244,29112127,CHEMBL6088917,B,IC50,=,48200,nM,4.32,CHEMBL6087428,10.1016/j.ejmech.2024.117067,39580913,,present,YES,ChEMBL 37 dump extract; MAX of STANDARD_OK pChEMBL
F2/F10,F2F10_108,CHEMBL61791,96638,A,F2,CHEMBL204,481399,CHEMBL877961,B,Ki,=,50000,nM,4.3,CHEMBL1135195,10.1016/s0960-894x(02)00311-6,12113832,,present,YES,ChEMBL 37 dump extract; MAX of STANDARD_OK pChEMBL
F2/F10,F2F10_108,CHEMBL61791,96638,B,F10,CHEMBL244,481398,CHEMBL660266,B,Ki,=,94000,nM,4.03,CHEMBL1135195,10.1016/s0960-894x(02)00311-6,12113832,,present,YES,ChEMBL 37 dump extract; MAX of STANDARD_OK pChEMBL
F2/F10,F2F10_109,CHEMBL62836,96708,A,F2,CHEMBL204,475201,CHEMBL877961,B,Ki,=,23000,nM,4.64,CHEMBL1135195,10.1016/s0960-894x(02)00311-6,12113832,,present,YES,ChEMBL 37 dump extract; MAX of STANDARD_OK pChEMBL
F2/F10,F2F10_109,CHEMBL62836,96708,B,F10,CHEMBL244,475200,CHEMBL660266,B,Ki,=,31000,nM,4.51,CHEMBL1135195,10.1016/s0960-894x(02)00311-6,12113832,,present,YES,ChEMBL 37 dump extract; MAX of STANDARD_OK pChEMBL
F2/F10,F2F10_110,CHEMBL99951,165384,A,F2,CHEMBL204,1725499,CHEMBL867497,B,IC50,=,31000,nM,4.51,CHEMBL1148665,10.1016/j.bmcl.2006.02.064,16540315,,present,YES,ChEMBL 37 dump extract; MAX of STANDARD_OK pChEMBL
F2/F10,F2F10_110,CHEMBL99951,165384,B,F10,CHEMBL244,1725497,CHEMBL867495,B,IC50,=,4500,nM,5.35,CHEMBL1148665,10.1016/j.bmcl.2006.02.064,16540315,,present,YES,ChEMBL 37 dump extract; MAX of STANDARD_OK pChEMBL
PPARG/PPARA,PGPA_001,CHEMBL119066,194477,A,PPARG,CHEMBL235,554852,CHEMBL759453,B,IC50,=,1760,nM,5.75,CHEMBL1136294,10.1016/s0960-894x(03)00785-6,14505666,,present,NO,ChEMBL 37 dump extract; MAX of STANDARD_OK pChEMBL
PPARG/PPARA,PGPA_001,CHEMBL119066,194477,A,PPARG,CHEMBL235,554855,CHEMBL762738,F,EC50,=,90,nM,7.05,CHEMBL1136294,10.1016/s0960-894x(03)00785-6,14505666,,present,YES,ChEMBL 37 dump extract; MAX of STANDARD_OK pChEMBL
PPARG/PPARA,PGPA_001,CHEMBL119066,194477,B,PPARA,CHEMBL239,554850,CHEMBL765405,B,IC50,=,3300,nM,5.48,CHEMBL1136294,10.1016/s0960-894x(03)00785-6,14505666,,present,YES,ChEMBL 37 dump extract; MAX of STANDARD_OK pChEMBL
PPARG/PPARA,PGPA_002,CHEMBL119111,195368,A,PPARG,CHEMBL235,1138496,CHEMBL756624,B,Ki,=,160,nM,6.8,CHEMBL1135007,10.1016/s0960-894x(02)00791-6,12443777,,present,YES,ChEMBL 37 dump extract; MAX of STANDARD_OK pChEMBL
PPARG/PPARA,PGPA_002,CHEMBL119111,195368,A,PPARG,CHEMBL235,1138498,CHEMBL883269,F,EC50,=,450,nM,6.35,CHEMBL1135007,10.1016/s0960-894x(02)00791-6,12443777,,present,NO,ChEMBL 37 dump extract; MAX of STANDARD_OK pChEMBL
PPARG/PPARA,PGPA_002,CHEMBL119111,195368,B,PPARA,CHEMBL239,1138495,CHEMBL766091,B,Ki,=,21000,nM,4.68,CHEMBL1135007,10.1016/s0960-894x(02)00791-6,12443777,,present,YES,ChEMBL 37 dump extract; MAX of STANDARD_OK pChEMBL
PPARG/PPARA,PGPA_003,CHEMBL119869,195523,A,PPARG,CHEMBL235,1111731,CHEMBL756624,B,Ki,=,400,nM,6.4,CHEMBL1135007,10.1016/s0960-894x(02)00791-6,12443777,,present,NO,ChEMBL 37 dump extract; MAX of STANDARD_OK pChEMBL
PPARG/PPARA,PGPA_003,CHEMBL119869,195523,A,PPARG,CHEMBL235,1111733,CHEMBL883269,F,EC50,=,300,nM,6.52,CHEMBL1135007,10.1016/s0960-894x(02)00791-6,12443777,,present,YES,ChEMBL 37 dump extract; MAX of STANDARD_OK pChEMBL
PPARG/PPARA,PGPA_003,CHEMBL119869,195523,B,PPARA,CHEMBL239,1111730,CHEMBL766091,B,Ki,=,25000,nM,4.6,CHEMBL1135007,10.1016/s0960-894x(02)00791-6,12443777,,present,NO,ChEMBL 37 dump extract; MAX of STANDARD_OK pChEMBL
PPARG/PPARA,PGPA_003,CHEMBL119869,195523,B,PPARA,CHEMBL239,1111732,CHEMBL659180,F,EC50,=,5000,nM,5.3,CHEMBL1135007,10.1016/s0960-894x(02)00791-6,12443777,,present,YES,ChEMBL 37 dump extract; MAX of STANDARD_OK pChEMBL
PPARG/PPARA,PGPA_004,CHEMBL194740,330831,A,PPARG,CHEMBL235,1616987,CHEMBL880426,B,IC50,=,107,nM,6.97,CHEMBL1143644,10.1016/j.bmcl.2005.08.002,16153845,,present,YES,ChEMBL 37 dump extract; MAX of STANDARD_OK pChEMBL
PPARG/PPARA,PGPA_004,CHEMBL194740,330831,B,PPARA,CHEMBL239,1616988,CHEMBL880425,B,IC50,=,3197,nM,5.5,CHEMBL1143644,10.1016/j.bmcl.2005.08.002,16153845,,present,YES,ChEMBL 37 dump extract; MAX of STANDARD_OK pChEMBL
PPARG/PPARA,PGPA_005,CHEMBL196428,330814,A,PPARG,CHEMBL235,1616972,CHEMBL880426,B,IC50,=,49,nM,7.31,CHEMBL1143644,10.1016/j.bmcl.2005.08.002,16153845,,present,YES,ChEMBL 37 dump extract; MAX of STANDARD_OK pChEMBL
PPARG/PPARA,PGPA_005,CHEMBL196428,330814,B,PPARA,CHEMBL239,1616973,CHEMBL880425,B,IC50,=,3577,nM,5.45,CHEMBL1143644,10.1016/j.bmcl.2005.08.002,16153845,,present,YES,ChEMBL 37 dump extract; MAX of STANDARD_OK pChEMBL
PPARG/PPARA,PGPA_006,CHEMBL198091,330887,A,PPARG,CHEMBL235,1617038,CHEMBL880426,B,IC50,=,18,nM,7.75,CHEMBL1143644,10.1016/j.bmcl.2005.08.002,16153845,,present,YES,ChEMBL 37 dump extract; MAX of STANDARD_OK pChEMBL
PPARG/PPARA,PGPA_006,CHEMBL198091,330887,A,PPARG,CHEMBL235,1617040,CHEMBL882884,F,EC50,=,91,nM,7.04,CHEMBL1143644,10.1016/j.bmcl.2005.08.002,16153845,,present,NO,ChEMBL 37 dump extract; MAX of STANDARD_OK pChEMBL
PPARG/PPARA,PGPA_006,CHEMBL198091,330887,B,PPARA,CHEMBL239,1617039,CHEMBL880425,B,IC50,=,4154,nM,5.38,CHEMBL1143644,10.1016/j.bmcl.2005.08.002,16153845,,present,YES,ChEMBL 37 dump extract; MAX of STANDARD_OK pChEMBL
PPARG/PPARA,PGPA_007,CHEMBL2036997,1346537,A,PPARG,CHEMBL235,10897728,CHEMBL2038597,F,IC50,=,59.02,nM,7.23,CHEMBL2034870,10.1016/j.bmc.2012.04.005,22564380,,present,YES,ChEMBL 37 dump extract; MAX of STANDARD_OK pChEMBL
PPARG/PPARA,PGPA_007,CHEMBL2036997,1346537,B,PPARA,CHEMBL239,10897726,CHEMBL2038446,F,IC50,=,10889.3,nM,4.96,CHEMBL2034870,10.1016/j.bmc.2012.04.005,22564380,,present,YES,ChEMBL 37 dump extract; MAX of STANDARD_OK pChEMBL
PPARG/PPARA,PGPA_008,CHEMBL2282522,1491512,A,PPARG,CHEMBL235,12531330,CHEMBL3077606,B,EC50,=,4.677,nM,8.33,CHEMBL3046028,10.1007/s00044-012-0003-4,,,present,YES,ChEMBL 37 dump extract; MAX of STANDARD_OK pChEMBL
PPARG/PPARA,PGPA_008,CHEMBL2282522,1491512,A,PPARG,CHEMBL235,12531355,CHEMBL3077606,B,EC50,=,4.7,nM,8.33,CHEMBL3046028,10.1007/s00044-012-0003-4,,,present,YES,ChEMBL 37 dump extract; MAX of STANDARD_OK pChEMBL
PPARG/PPARA,PGPA_008,CHEMBL2282522,1491512,B,PPARA,CHEMBL239,12531380,CHEMBL3077607,B,EC50,=,3630.78,nM,5.44,CHEMBL3046028,10.1007/s00044-012-0003-4,,,present,YES,ChEMBL 37 dump extract; MAX of STANDARD_OK pChEMBL
PPARG/PPARA,PGPA_008,CHEMBL2282522,1491512,B,PPARA,CHEMBL239,12531405,CHEMBL3077607,B,EC50,=,3600,nM,5.44,CHEMBL3046028,10.1007/s00044-012-0003-4,,,present,YES,ChEMBL 37 dump extract; MAX of STANDARD_OK pChEMBL
PPARG/PPARA,PGPA_009,CHEMBL237084,400254,A,PPARG,CHEMBL235,2007830,CHEMBL902597,B,IC50,=,203,nM,6.69,CHEMBL1138336,10.1016/j.bmcl.2007.10.047,18029178,,present,YES,ChEMBL 37 dump extract; MAX of STANDARD_OK pChEMBL
PPARG/PPARA,PGPA_009,CHEMBL237084,400254,A,PPARG,CHEMBL235,2007920,CHEMBL902600,F,EC50,=,1058,nM,5.98,CHEMBL1138336,10.1016/j.bmcl.2007.10.047,18029178,,present,NO,ChEMBL 37 dump extract; MAX of STANDARD_OK pChEMBL
PPARG/PPARA,PGPA_009,CHEMBL237084,400254,A,PPARG,CHEMBL235,10899727,CHEMBL2038597,F,IC50,=,202.77,nM,6.69,CHEMBL2034870,10.1016/j.bmc.2012.04.005,22564380,,present,YES,ChEMBL 37 dump extract; MAX of STANDARD_OK pChEMBL
PPARG/PPARA,PGPA_009,CHEMBL237084,400254,A,PPARG,CHEMBL235,10899730,CHEMBL2038597,F,IC50,=,203,nM,6.69,CHEMBL2034870,10.1016/j.bmc.2012.04.005,22564380,,present,YES,ChEMBL 37 dump extract; MAX of STANDARD_OK pChEMBL
PPARG/PPARA,PGPA_009,CHEMBL237084,400254,B,PPARA,CHEMBL239,2007799,CHEMBL902596,B,IC50,=,10313,nM,4.99,CHEMBL1138336,10.1016/j.bmcl.2007.10.047,18029178,,present,YES,ChEMBL 37 dump extract; MAX of STANDARD_OK pChEMBL
PPARG/PPARA,PGPA_009,CHEMBL237084,400254,B,PPARA,CHEMBL239,10899725,CHEMBL2038446,F,IC50,=,10303.86,nM,4.99,CHEMBL2034870,10.1016/j.bmc.2012.04.005,22564380,,present,YES,ChEMBL 37 dump extract; MAX of STANDARD_OK pChEMBL
PPARG/PPARA,PGPA_009,CHEMBL237084,400254,B,PPARA,CHEMBL239,10899728,CHEMBL2038446,F,IC50,=,10313,nM,4.99,CHEMBL2034870,10.1016/j.bmc.2012.04.005,22564380,,present,YES,ChEMBL 37 dump extract; MAX of STANDARD_OK pChEMBL
PPARG/PPARA,PGPA_010,CHEMBL247658,414567,A,PPARG,CHEMBL235,2038647,CHEMBL924197,F,EC50,=,257,nM,6.59,CHEMBL1140686,10.1016/j.bmcl.2007.03.057,17601734,,present,YES,ChEMBL 37 dump extract; MAX of STANDARD_OK pChEMBL
PPARG/PPARA,PGPA_010,CHEMBL247658,414567,B,PPARA,CHEMBL239,2038695,CHEMBL924198,F,EC50,=,10000,nM,5,CHEMBL1140686,10.1016/j.bmcl.2007.03.057,17601734,,present,YES,ChEMBL 37 dump extract; MAX of STANDARD_OK pChEMBL
PPARG/PPARA,PGPA_011,CHEMBL248187,414559,A,PPARG,CHEMBL235,2038654,CHEMBL924197,F,EC50,=,2,nM,8.7,CHEMBL1140686,10.1016/j.bmcl.2007.03.057,17601734,,present,YES,ChEMBL 37 dump extract; MAX of STANDARD_OK pChEMBL
PPARG/PPARA,PGPA_011,CHEMBL248187,414559,B,PPARA,CHEMBL239,2038703,CHEMBL924198,F,EC50,=,7940,nM,5.1,CHEMBL1140686,10.1016/j.bmcl.2007.03.057,17601734,,present,YES,ChEMBL 37 dump extract; MAX of STANDARD_OK pChEMBL
PPARG/PPARA,PGPA_012,CHEMBL248413,414549,A,PPARG,CHEMBL235,2038664,CHEMBL924197,F,EC50,=,4,nM,8.4,CHEMBL1140686,10.1016/j.bmcl.2007.03.057,17601734,,present,YES,ChEMBL 37 dump extract; MAX of STANDARD_OK pChEMBL
PPARG/PPARA,PGPA_012,CHEMBL248413,414549,B,PPARA,CHEMBL239,2038713,CHEMBL924198,F,EC50,=,3280,nM,5.48,CHEMBL1140686,10.1016/j.bmcl.2007.03.057,17601734,,present,YES,ChEMBL 37 dump extract; MAX of STANDARD_OK pChEMBL
PPARG/PPARA,PGPA_013,CHEMBL358325,245608,A,PPARG,CHEMBL235,960591,CHEMBL762151,B,Ki,=,2.188,nM,8.66,CHEMBL1131423,10.1021/jm980413z,9836621,,present,NO,ChEMBL 37 dump extract; MAX of STANDARD_OK pChEMBL
PPARG/PPARA,PGPA_013,CHEMBL358325,245608,A,PPARG,CHEMBL235,960593,CHEMBL759143,F,EC50,=,1.288,nM,8.89,CHEMBL1131423,10.1021/jm980413z,9836621,,present,YES,ChEMBL 37 dump extract; MAX of STANDARD_OK pChEMBL
PPARG/PPARA,PGPA_013,CHEMBL358325,245608,A,PPARG,CHEMBL235,960595,CHEMBL758984,F,EC50,=,3.631,nM,8.44,CHEMBL1131423,10.1021/jm980413z,9836621,,present,NO,ChEMBL 37 dump extract; MAX of STANDARD_OK pChEMBL
PPARG/PPARA,PGPA_013,CHEMBL358325,245608,A,PPARG,CHEMBL235,12390105,CHEMBL3052673,B,EC50,=,1.288,nM,8.89,CHEMBL3046236,10.1007/s00044-011-9818-7,,,present,YES,ChEMBL 37 dump extract; MAX of STANDARD_OK pChEMBL
PPARG/PPARA,PGPA_013,CHEMBL358325,245608,B,PPARA,CHEMBL239,960594,CHEMBL756485,F,EC50,=,6456.54,nM,5.19,CHEMBL1131423,10.1021/jm980413z,9836621,,present,YES,ChEMBL 37 dump extract; MAX of STANDARD_OK pChEMBL
PPARG/PPARA,PGPA_013,CHEMBL358325,245608,B,PPARA,CHEMBL239,12390136,CHEMBL3052672,B,EC50,=,6456.54,nM,5.19,CHEMBL3046236,10.1007/s00044-011-9818-7,,,present,YES,ChEMBL 37 dump extract; MAX of STANDARD_OK pChEMBL
PPARG/PPARA,PGPA_014,CHEMBL370443,330895,A,PPARG,CHEMBL235,1617053,CHEMBL880426,B,IC50,=,5,nM,8.3,CHEMBL1143644,10.1016/j.bmcl.2005.08.002,16153845,,present,YES,ChEMBL 37 dump extract; MAX of STANDARD_OK pChEMBL
PPARG/PPARA,PGPA_014,CHEMBL370443,330895,A,PPARG,CHEMBL235,1617055,CHEMBL882884,F,EC50,=,6,nM,8.22,CHEMBL1143644,10.1016/j.bmcl.2005.08.002,16153845,,present,NO,ChEMBL 37 dump extract; MAX of STANDARD_OK pChEMBL
PPARG/PPARA,PGPA_014,CHEMBL370443,330895,B,PPARA,CHEMBL239,1617054,CHEMBL880425,B,IC50,=,11475,nM,4.94,CHEMBL1143644,10.1016/j.bmcl.2005.08.002,16153845,,present,YES,ChEMBL 37 dump extract; MAX of STANDARD_OK pChEMBL
PPARG/PPARA,PGPA_015,CHEMBL3892207,2101578,A,PPARG,CHEMBL235,17771343,CHEMBL3888500,B,EC50,=,89,nM,7.05,CHEMBL3886734,,,US-9346770-B2,present,YES,ChEMBL 37 dump extract; MAX of STANDARD_OK pChEMBL
PPARG/PPARA,PGPA_015,CHEMBL3892207,2101578,B,PPARA,CHEMBL239,17771334,CHEMBL3888499,B,EC50,=,5495,nM,5.26,CHEMBL3886734,,,US-9346770-B2,present,YES,ChEMBL 37 dump extract; MAX of STANDARD_OK pChEMBL
PPARG/PPARA,PGPA_016,CHEMBL397858,414556,A,PPARG,CHEMBL235,2038657,CHEMBL924197,F,EC50,=,30,nM,7.52,CHEMBL1140686,10.1016/j.bmcl.2007.03.057,17601734,,present,YES,ChEMBL 37 dump extract; MAX of STANDARD_OK pChEMBL
PPARG/PPARA,PGPA_016,CHEMBL397858,414556,B,PPARA,CHEMBL239,2038706,CHEMBL924198,F,EC50,=,10000,nM,5,CHEMBL1140686,10.1016/j.bmcl.2007.03.057,17601734,,present,YES,ChEMBL 37 dump extract; MAX of STANDARD_OK pChEMBL
PPARG/PPARA,PGPA_017,CHEMBL398746,414572,A,PPARG,CHEMBL235,2038642,CHEMBL924197,F,EC50,=,10,nM,8,CHEMBL1140686,10.1016/j.bmcl.2007.03.057,17601734,,present,YES,ChEMBL 37 dump extract; MAX of STANDARD_OK pChEMBL
PPARG/PPARA,PGPA_017,CHEMBL398746,414572,B,PPARA,CHEMBL239,2038690,CHEMBL924198,F,EC50,=,10000,nM,5,CHEMBL1140686,10.1016/j.bmcl.2007.03.057,17601734,,present,YES,ChEMBL 37 dump extract; MAX of STANDARD_OK pChEMBL
PPARG/PPARA,PGPA_018,CHEMBL398804,396517,A,PPARG,CHEMBL235,1968571,CHEMBL896461,F,EC50,=,160,nM,6.8,CHEMBL1148890,10.1016/j.bmcl.2007.04.057,17507225,,present,YES,ChEMBL 37 dump extract; MAX of STANDARD_OK pChEMBL
PPARG/PPARA,PGPA_018,CHEMBL398804,396517,B,PPARA,CHEMBL239,1968536,CHEMBL896460,F,EC50,=,3270,nM,5.49,CHEMBL1148890,10.1016/j.bmcl.2007.04.057,17507225,,present,YES,ChEMBL 37 dump extract; MAX of STANDARD_OK pChEMBL
PPARG/PPARA,PGPA_019,CHEMBL401236,400293,A,PPARG,CHEMBL235,2007806,CHEMBL902597,B,IC50,=,50,nM,7.3,CHEMBL1138336,10.1016/j.bmcl.2007.10.047,18029178,,present,YES,ChEMBL 37 dump extract; MAX of STANDARD_OK pChEMBL
PPARG/PPARA,PGPA_019,CHEMBL401236,400293,A,PPARG,CHEMBL235,2007896,CHEMBL902600,F,EC50,=,163,nM,6.79,CHEMBL1138336,10.1016/j.bmcl.2007.10.047,18029178,,present,NO,ChEMBL 37 dump extract; MAX of STANDARD_OK pChEMBL
PPARG/PPARA,PGPA_019,CHEMBL401236,400293,A,PPARG,CHEMBL235,10899733,CHEMBL2038597,F,IC50,=,50,nM,7.3,CHEMBL2034870,10.1016/j.bmc.2012.04.005,22564380,,present,YES,ChEMBL 37 dump extract; MAX of STANDARD_OK pChEMBL
PPARG/PPARA,PGPA_019,CHEMBL401236,400293,B,PPARA,CHEMBL239,2007780,CHEMBL902596,B,IC50,=,9336,nM,5.03,CHEMBL1138336,10.1016/j.bmcl.2007.10.047,18029178,,present,YES,ChEMBL 37 dump extract; MAX of STANDARD_OK pChEMBL
PPARG/PPARA,PGPA_019,CHEMBL401236,400293,B,PPARA,CHEMBL239,10899731,CHEMBL2038446,F,IC50,=,9332.54,nM,5.03,CHEMBL2034870,10.1016/j.bmc.2012.04.005,22564380,,present,YES,ChEMBL 37 dump extract; MAX of STANDARD_OK pChEMBL
PPARG/PPARA,PGPA_020,CHEMBL4162949,2265980,A,PPARG,CHEMBL235,18346870,CHEMBL4139881,B,EC50,=,30,nM,7.52,CHEMBL4138119,10.1016/j.ejmech.2017.06.006,28609708,,present,YES,ChEMBL 37 dump extract; MAX of STANDARD_OK pChEMBL
PPARG/PPARA,PGPA_020,CHEMBL4162949,2265980,B,PPARA,CHEMBL239,18346808,CHEMBL4139879,B,EC50,=,10000,nM,5,CHEMBL4138119,10.1016/j.ejmech.2017.06.006,28609708,,present,YES,ChEMBL 37 dump extract; MAX of STANDARD_OK pChEMBL
PPARG/PPARA,PGPA_021,CHEMBL4163242,2266273,A,PPARG,CHEMBL235,18346861,CHEMBL4139881,B,EC50,=,50,nM,7.3,CHEMBL4138119,10.1016/j.ejmech.2017.06.006,28609708,,present,YES,ChEMBL 37 dump extract; MAX of STANDARD_OK pChEMBL
PPARG/PPARA,PGPA_021,CHEMBL4163242,2266273,B,PPARA,CHEMBL239,18346817,CHEMBL4139879,B,EC50,=,10000,nM,5,CHEMBL4138119,10.1016/j.ejmech.2017.06.006,28609708,,present,YES,ChEMBL 37 dump extract; MAX of STANDARD_OK pChEMBL
PPARG/PPARA,PGPA_022,CHEMBL4167504,2270535,A,PPARG,CHEMBL235,18346871,CHEMBL4139881,B,EC50,=,200,nM,6.7,CHEMBL4138119,10.1016/j.ejmech.2017.06.006,28609708,,present,YES,ChEMBL 37 dump extract; MAX of STANDARD_OK pChEMBL
PPARG/PPARA,PGPA_022,CHEMBL4167504,2270535,B,PPARA,CHEMBL239,18346807,CHEMBL4139879,B,EC50,=,10000,nM,5,CHEMBL4138119,10.1016/j.ejmech.2017.06.006,28609708,,present,YES,ChEMBL 37 dump extract; MAX of STANDARD_OK pChEMBL
PPARG/PPARA,PGPA_023,CHEMBL423026,244177,A,PPARG,CHEMBL235,248627,CHEMBL760250,B,Ki,=,1.479,nM,8.83,CHEMBL1131422,10.1021/jm9804127,9836620,,present,YES,ChEMBL 37 dump extract; MAX of STANDARD_OK pChEMBL
PPARG/PPARA,PGPA_023,CHEMBL423026,244177,A,PPARG,CHEMBL235,248628,CHEMBL758987,F,EC50,=,2.63,nM,8.58,CHEMBL1131422,10.1021/jm9804127,9836620,,present,NO,ChEMBL 37 dump extract; MAX of STANDARD_OK pChEMBL
PPARG/PPARA,PGPA_023,CHEMBL423026,244177,A,PPARG,CHEMBL235,248629,CHEMBL758983,F,EC50,=,4.365,nM,8.36,CHEMBL1131422,10.1021/jm9804127,9836620,,present,NO,ChEMBL 37 dump extract; MAX of STANDARD_OK pChEMBL
PPARG/PPARA,PGPA_023,CHEMBL423026,244177,A,PPARG,CHEMBL235,248633,CHEMBL758987,F,EC50,=,2.63,nM,8.58,CHEMBL1131422,10.1021/jm9804127,9836620,,present,NO,ChEMBL 37 dump extract; MAX of STANDARD_OK pChEMBL
PPARG/PPARA,PGPA_023,CHEMBL423026,244177,B,PPARA,CHEMBL239,248634,CHEMBL757746,F,EC50,=,6456.54,nM,5.19,CHEMBL1131422,10.1021/jm9804127,9836620,,present,YES,ChEMBL 37 dump extract; MAX of STANDARD_OK pChEMBL
PPARG/PPARA,PGPA_024,CHEMBL428929,414562,A,PPARG,CHEMBL235,2038651,CHEMBL924197,F,EC50,=,309,nM,6.51,CHEMBL1140686,10.1016/j.bmcl.2007.03.057,17601734,,present,YES,ChEMBL 37 dump extract; MAX of STANDARD_OK pChEMBL
PPARG/PPARA,PGPA_024,CHEMBL428929,414562,B,PPARA,CHEMBL239,2038700,CHEMBL924198,F,EC50,=,10000,nM,5,CHEMBL1140686,10.1016/j.bmcl.2007.03.057,17601734,,present,YES,ChEMBL 37 dump extract; MAX of STANDARD_OK pChEMBL
PPARG/PPARA,PGPA_025,CHEMBL444175,477045,A,PPARG,CHEMBL235,2278474,CHEMBL1022409,F,EC50,=,300,nM,6.52,CHEMBL1153404,10.1021/jm801594x,19301897,,present,YES,ChEMBL 37 dump extract; MAX of STANDARD_OK pChEMBL
PPARG/PPARA,PGPA_025,CHEMBL444175,477045,B,PPARA,CHEMBL239,2278453,CHEMBL1022408,F,EC50,=,4070,nM,5.39,CHEMBL1153404,10.1021/jm801594x,19301897,,present,YES,ChEMBL 37 dump extract; MAX of STANDARD_OK pChEMBL
PPARG/PPARA,PGPA_026,CHEMBL490220,492366,A,PPARG,CHEMBL235,2371599,CHEMBL1035757,B,EC50,=,28,nM,7.55,CHEMBL1140178,10.1021/jm8003416,18826205,,present,YES,ChEMBL 37 dump extract; MAX of STANDARD_OK pChEMBL
PPARG/PPARA,PGPA_026,CHEMBL490220,492366,B,PPARA,CHEMBL239,2371663,CHEMBL1035759,B,EC50,=,7220,nM,5.14,CHEMBL1140178,10.1021/jm8003416,18826205,,present,YES,ChEMBL 37 dump extract; MAX of STANDARD_OK pChEMBL
PPARG/PPARA,PGPA_027,CHEMBL496593,501058,A,PPARG,CHEMBL235,2627995,CHEMBL1004957,B,EC50,=,390,nM,6.41,CHEMBL1136970,10.1016/j.bmcl.2009.04.151,19464171,,present,NO,ChEMBL 37 dump extract; MAX of STANDARD_OK pChEMBL
PPARG/PPARA,PGPA_027,CHEMBL496593,501058,A,PPARG,CHEMBL235,2627997,CHEMBL1004952,B,Ki,=,110,nM,6.96,CHEMBL1136970,10.1016/j.bmcl.2009.04.151,19464171,,present,YES,ChEMBL 37 dump extract; MAX of STANDARD_OK pChEMBL
PPARG/PPARA,PGPA_027,CHEMBL496593,501058,B,PPARA,CHEMBL239,2628000,CHEMBL1004950,B,Ki,=,4100,nM,5.39,CHEMBL1136970,10.1016/j.bmcl.2009.04.151,19464171,,present,YES,ChEMBL 37 dump extract; MAX of STANDARD_OK pChEMBL
PPARG/PPARA,PGPA_028,CHEMBL497203,501056,A,PPARG,CHEMBL235,2628008,CHEMBL1004957,B,EC50,=,1500,nM,5.82,CHEMBL1136970,10.1016/j.bmcl.2009.04.151,19464171,,present,NO,ChEMBL 37 dump extract; MAX of STANDARD_OK pChEMBL
PPARG/PPARA,PGPA_028,CHEMBL497203,501056,A,PPARG,CHEMBL235,2628010,CHEMBL1004952,B,Ki,=,200,nM,6.7,CHEMBL1136970,10.1016/j.bmcl.2009.04.151,19464171,,present,YES,ChEMBL 37 dump extract; MAX of STANDARD_OK pChEMBL
PPARG/PPARA,PGPA_028,CHEMBL497203,501056,B,PPARA,CHEMBL239,2628013,CHEMBL1004950,B,Ki,=,5500,nM,5.26,CHEMBL1136970,10.1016/j.bmcl.2009.04.151,19464171,,present,YES,ChEMBL 37 dump extract; MAX of STANDARD_OK pChEMBL
PPARG/PPARA,PGPA_029,CHEMBL554608,554887,A,PPARG,CHEMBL235,2677801,CHEMBL1062956,B,IC50,=,410,nM,6.39,CHEMBL1151944,10.1021/jm900326c,19719236,,present,NO,ChEMBL 37 dump extract; MAX of STANDARD_OK pChEMBL
PPARG/PPARA,PGPA_029,CHEMBL554608,554887,A,PPARG,CHEMBL235,2677818,CHEMBL1062958,B,EC50,=,45,nM,7.35,CHEMBL1151944,10.1021/jm900326c,19719236,,present,YES,ChEMBL 37 dump extract; MAX of STANDARD_OK pChEMBL
PPARG/PPARA,PGPA_029,CHEMBL554608,554887,A,PPARG,CHEMBL235,2677828,CHEMBL1062126,B,EC50,=,70,nM,7.16,CHEMBL1151944,10.1021/jm900326c,19719236,,present,NO,ChEMBL 37 dump extract; MAX of STANDARD_OK pChEMBL
PPARG/PPARA,PGPA_029,CHEMBL554608,554887,B,PPARA,CHEMBL239,2677810,CHEMBL1062957,B,IC50,=,9600,nM,5.02,CHEMBL1151944,10.1021/jm900326c,19719236,,present,YES,ChEMBL 37 dump extract; MAX of STANDARD_OK pChEMBL
PPARG/PPARA,PGPA_030,CHEMBL555484,563545,A,PPARG,CHEMBL235,2666764,CHEMBL1025345,F,EC50,=,14,nM,7.85,CHEMBL1151889,10.1016/j.bmcl.2009.03.143,19376700,,present,YES,ChEMBL 37 dump extract; MAX of STANDARD_OK pChEMBL
PPARG/PPARA,PGPA_030,CHEMBL555484,563545,A,PPARG,CHEMBL235,2666772,CHEMBL1025344,B,Ki,=,54,nM,7.27,CHEMBL1151889,10.1016/j.bmcl.2009.03.143,19376700,,present,NO,ChEMBL 37 dump extract; MAX of STANDARD_OK pChEMBL
PPARG/PPARA,PGPA_030,CHEMBL555484,563545,B,PPARA,CHEMBL239,2666756,CHEMBL1025347,F,EC50,=,10000,nM,5,CHEMBL1151889,10.1016/j.bmcl.2009.03.143,19376700,,present,YES,ChEMBL 37 dump extract; MAX of STANDARD_OK pChEMBL
PPARG/PPARA,PGPA_031,CHEMBL595,19737,A,PPARG,CHEMBL235,231394,CHEMBL760250,B,Ki,=,1230.27,nM,5.91,CHEMBL1131422,10.1021/jm9804127,9836620,,present,NO,ChEMBL 37 dump extract; MAX of STANDARD_OK pChEMBL
PPARG/PPARA,PGPA_031,CHEMBL595,19737,A,PPARG,CHEMBL235,231395,CHEMBL758987,F,EC50,=,588.84,nM,6.23,CHEMBL1131422,10.1021/jm9804127,9836620,,present,NO,ChEMBL 37 dump extract; MAX of STANDARD_OK pChEMBL
PPARG/PPARA,PGPA_031,CHEMBL595,19737,A,PPARG,CHEMBL235,534752,CHEMBL759115,B,Ki,=,630,nM,6.2,CHEMBL1133869,10.1016/s0960-894x(01)00649-7,11720854,,present,NO,ChEMBL 37 dump extract; MAX of STANDARD_OK pChEMBL
PPARG/PPARA,PGPA_031,CHEMBL595,19737,A,PPARG,CHEMBL235,534753,CHEMBL761655,F,EC50,=,580,nM,6.24,CHEMBL1133869,10.1016/s0960-894x(01)00649-7,11720854,,present,NO,ChEMBL 37 dump extract; MAX of STANDARD_OK pChEMBL
PPARG/PPARA,PGPA_031,CHEMBL595,19737,A,PPARG,CHEMBL235,535035,CHEMBL701905,F,EC50,=,580,nM,6.24,CHEMBL1133093,10.1021/jm990554g,10691680,,present,NO,ChEMBL 37 dump extract; MAX of STANDARD_OK pChEMBL
PPARG/PPARA,PGPA_031,CHEMBL595,19737,A,PPARG,CHEMBL235,535927,CHEMBL762149,B,Ki,=,1230.27,nM,5.91,CHEMBL1132133,10.1016/s0960-894x(99)00603-4,10612594,,present,NO,ChEMBL 37 dump extract; MAX of STANDARD_OK pChEMBL
PPARG/PPARA,PGPA_031,CHEMBL595,19737,A,PPARG,CHEMBL235,535928,CHEMBL764404,F,EC50,=,588.84,nM,6.23,CHEMBL1132133,10.1016/s0960-894x(99)00603-4,10612594,,present,NO,ChEMBL 37 dump extract; MAX of STANDARD_OK pChEMBL
PPARG/PPARA,PGPA_031,CHEMBL595,19737,A,PPARG,CHEMBL235,976778,CHEMBL824648,F,EC50,=,970,nM,6.01,CHEMBL1135600,10.1021/jm010964g,11831892,,present,NO,ChEMBL 37 dump extract; MAX of STANDARD_OK pChEMBL
PPARG/PPARA,PGPA_031,CHEMBL595,19737,A,PPARG,CHEMBL235,1019165,CHEMBL759458,B,IC50,=,7400,nM,5.13,CHEMBL1136751,10.1021/jm021027r,12672231,,present,NO,ChEMBL 37 dump extract; MAX of STANDARD_OK pChEMBL
PPARG/PPARA,PGPA_031,CHEMBL595,19737,A,PPARG,CHEMBL235,1101541,CHEMBL760004,B,EC50,=,970,nM,6.01,CHEMBL1145887,10.1021/jm0309046,14584939,,present,NO,ChEMBL 37 dump extract; MAX of STANDARD_OK pChEMBL
PPARG/PPARA,PGPA_031,CHEMBL595,19737,A,PPARG,CHEMBL235,1747500,CHEMBL865405,F,EC50,=,550,nM,6.26,CHEMBL1138916,10.1021/jm0510880,16821769,,present,NO,ChEMBL 37 dump extract; MAX of STANDARD_OK pChEMBL
PPARG/PPARA,PGPA_031,CHEMBL595,19737,A,PPARG,CHEMBL235,1907662,CHEMBL888894,B,IC50,=,800,nM,6.1,CHEMBL1145436,10.1016/j.bmcl.2007.05.081,17574414,,present,NO,ChEMBL 37 dump extract; MAX of STANDARD_OK pChEMBL
PPARG/PPARA,PGPA_031,CHEMBL595,19737,A,PPARG,CHEMBL235,3246517,CHEMBL1116011,B,EC50,=,300,nM,6.52,CHEMBL1156182,10.1016/j.bmcl.2010.03.008,20307981,,present,NO,ChEMBL 37 dump extract; MAX of STANDARD_OK pChEMBL
PPARG/PPARA,PGPA_031,CHEMBL595,19737,A,PPARG,CHEMBL235,3256964,CHEMBL1116167,F,EC50,=,88,nM,7.06,CHEMBL1156945,10.1016/j.bmcl.2010.02.073,20219371,,present,NO,ChEMBL 37 dump extract; MAX of STANDARD_OK pChEMBL
PPARG/PPARA,PGPA_031,CHEMBL595,19737,A,PPARG,CHEMBL235,3408719,CHEMBL1219180,B,EC50,=,140,nM,6.85,CHEMBL1212876,10.1016/j.bmc.2010.06.102,20656494,,present,NO,ChEMBL 37 dump extract; MAX of STANDARD_OK pChEMBL
PPARG/PPARA,PGPA_031,CHEMBL595,19737,A,PPARG,CHEMBL235,5097691,CHEMBL1638638,B,IC50,=,855,nM,6.07,CHEMBL1629419,10.1016/j.bmc.2010.09.068,21030263,,present,NO,ChEMBL 37 dump extract; MAX of STANDARD_OK pChEMBL
PPARG/PPARA,PGPA_031,CHEMBL595,19737,A,PPARG,CHEMBL235,5131060,CHEMBL1647859,B,EC50,=,390,nM,6.41,CHEMBL1641576,10.1016/j.bmcl.2010.11.032,21130649,,present,NO,ChEMBL 37 dump extract; MAX of STANDARD_OK pChEMBL
PPARG/PPARA,PGPA_031,CHEMBL595,19737,A,PPARG,CHEMBL235,6160102,CHEMBL1764348,F,EC50,=,390,nM,6.41,CHEMBL1759929,10.1016/j.bmcl.2011.02.032,21377875,,present,NO,ChEMBL 37 dump extract; MAX of STANDARD_OK pChEMBL
PPARG/PPARA,PGPA_031,CHEMBL595,19737,A,PPARG,CHEMBL235,6274751,CHEMBL1803890,B,EC50,=,1280,nM,5.89,CHEMBL1800018,10.1021/jm200409s,21557540,,present,NO,ChEMBL 37 dump extract; MAX of STANDARD_OK pChEMBL
PPARG/PPARA,PGPA_031,CHEMBL595,19737,A,PPARG,CHEMBL235,6337282,CHEMBL1821157,B,EC50,=,300,nM,6.52,CHEMBL1817621,10.1016/j.bmc.2011.08.003,21873070,,present,NO,ChEMBL 37 dump extract; MAX of STANDARD_OK pChEMBL
PPARG/PPARA,PGPA_031,CHEMBL595,19737,A,PPARG,CHEMBL235,8057100,CHEMBL1960410,B,EC50,=,570,nM,6.24,CHEMBL1955801,10.1016/j.bmc.2012.01.025,22341573,,present,NO,ChEMBL 37 dump extract; MAX of STANDARD_OK pChEMBL
PPARG/PPARA,PGPA_031,CHEMBL595,19737,A,PPARG,CHEMBL235,12087028,CHEMBL2169400,B,IC50,=,8000,nM,5.1,CHEMBL2163343,10.1016/j.bmcl.2012.02.043,22424975,,present,NO,ChEMBL 37 dump extract; MAX of STANDARD_OK pChEMBL
PPARG/PPARA,PGPA_031,CHEMBL595,19737,A,PPARG,CHEMBL235,12163170,CHEMBL2182819,B,EC50,=,200,nM,6.7,CHEMBL2177035,10.1021/jm301194c,23130964,,present,NO,ChEMBL 37 dump extract; MAX of STANDARD_OK pChEMBL
PPARG/PPARA,PGPA_031,CHEMBL595,19737,A,PPARG,CHEMBL235,12193751,CHEMBL2215753,B,EC50,=,800,nM,6.1,CHEMBL2203159,10.1016/j.bmcl.2012.09.111,23102891,,present,NO,ChEMBL 37 dump extract; MAX of STANDARD_OK pChEMBL
PPARG/PPARA,PGPA_031,CHEMBL595,19737,A,PPARG,CHEMBL235,12460647,CHEMBL3057028,B,EC50,=,600,nM,6.22,CHEMBL3046024,10.1007/s00044-010-9428-9,,,present,NO,ChEMBL 37 dump extract; MAX of STANDARD_OK pChEMBL
PPARG/PPARA,PGPA_031,CHEMBL595,19737,A,PPARG,CHEMBL235,12660132,CHEMBL2327553,B,EC50,=,1280,nM,5.89,CHEMBL2321681,10.1016/j.bmcl.2012.11.088,23265881,,present,NO,ChEMBL 37 dump extract; MAX of STANDARD_OK pChEMBL
PPARG/PPARA,PGPA_031,CHEMBL595,19737,A,PPARG,CHEMBL235,15073983,CHEMBL3390165,B,EC50,=,210,nM,6.68,CHEMBL3351676,10.1021/np500605v,25333853,,present,NO,ChEMBL 37 dump extract; MAX of STANDARD_OK pChEMBL
PPARG/PPARA,PGPA_031,CHEMBL595,19737,A,PPARG,CHEMBL235,15657620,CHEMBL3598338,B,IC50,=,720,nM,6.14,CHEMBL3596163,10.1016/j.bmcl.2015.05.055,26048793,,present,NO,ChEMBL 37 dump extract; MAX of STANDARD_OK pChEMBL
PPARG/PPARA,PGPA_031,CHEMBL595,19737,A,PPARG,CHEMBL235,16469374,CHEMBL3768769,B,EC50,=,200,nM,6.7,CHEMBL3763124,10.1021/acs.jmedchem.5b01239,26595749,,present,NO,ChEMBL 37 dump extract; MAX of STANDARD_OK pChEMBL
PPARG/PPARA,PGPA_031,CHEMBL595,19737,A,PPARG,CHEMBL235,16811191,CHEMBL3870688,B,EC50,=,320,nM,6.5,CHEMBL3870322,10.1016/j.ejmech.2016.08.027,27569195,,present,NO,ChEMBL 37 dump extract; MAX of STANDARD_OK pChEMBL
PPARG/PPARA,PGPA_031,CHEMBL595,19737,A,PPARG,CHEMBL235,16823090,CHEMBL3873284,B,EC50,=,500,nM,6.3,CHEMBL3872226,10.1016/j.ejmech.2016.07.072,27560282,,present,NO,ChEMBL 37 dump extract; MAX of STANDARD_OK pChEMBL
PPARG/PPARA,PGPA_031,CHEMBL595,19737,A,PPARG,CHEMBL235,16823112,CHEMBL3873287,B,EC50,=,1600,nM,5.8,CHEMBL3872226,10.1016/j.ejmech.2016.07.072,27560282,,present,NO,ChEMBL 37 dump extract; MAX of STANDARD_OK pChEMBL
PPARG/PPARA,PGPA_031,CHEMBL595,19737,A,PPARG,CHEMBL235,17966434,CHEMBL3995262,B,EC50,=,380,nM,6.42,CHEMBL3994588,10.1016/j.ejmech.2016.11.051,27918994,,present,NO,ChEMBL 37 dump extract; MAX of STANDARD_OK pChEMBL
PPARG/PPARA,PGPA_031,CHEMBL595,19737,A,PPARG,CHEMBL235,18099066,CHEMBL4021663,A,EC50,=,1100,nM,5.96,CHEMBL4020745,10.1016/j.bmcl.2017.04.061,28465099,,present,NO,ChEMBL 37 dump extract; MAX of STANDARD_OK pChEMBL
PPARG/PPARA,PGPA_031,CHEMBL595,19737,A,PPARG,CHEMBL235,18099076,CHEMBL4021665,B,IC50,=,22000,nM,4.66,CHEMBL4020745,10.1016/j.bmcl.2017.04.061,28465099,,present,NO,ChEMBL 37 dump extract; MAX of STANDARD_OK pChEMBL
PPARG/PPARA,PGPA_031,CHEMBL595,19737,A,PPARG,CHEMBL235,18666618,CHEMBL4233587,B,EC50,=,240,nM,6.62,CHEMBL4229434,10.1016/j.bmc.2018.07.005,30001846,,present,NO,ChEMBL 37 dump extract; MAX of STANDARD_OK pChEMBL
PPARG/PPARA,PGPA_031,CHEMBL595,19737,A,PPARG,CHEMBL235,18758353,CHEMBL4265665,B,IC50,=,1790,nM,5.75,CHEMBL4261653,10.1016/j.bmc.2018.10.033,30429097,,present,NO,ChEMBL 37 dump extract; MAX of STANDARD_OK pChEMBL
PPARG/PPARA,PGPA_031,CHEMBL595,19737,A,PPARG,CHEMBL235,18758365,CHEMBL4265666,B,EC50,=,98,nM,7.01,CHEMBL4261653,10.1016/j.bmc.2018.10.033,30429097,,present,NO,ChEMBL 37 dump extract; MAX of STANDARD_OK pChEMBL
PPARG/PPARA,PGPA_031,CHEMBL595,19737,A,PPARG,CHEMBL235,18779882,CHEMBL4269829,B,EC50,=,100,nM,7,CHEMBL4266025,10.1021/acs.jnatprod.8b00439,30362739,,present,NO,ChEMBL 37 dump extract; MAX of STANDARD_OK pChEMBL
PPARG/PPARA,PGPA_031,CHEMBL595,19737,A,PPARG,CHEMBL235,18812868,CHEMBL4276396,B,EC50,=,2053,nM,5.69,CHEMBL4270666,10.1021/acs.jmedchem.8b01200,30351933,,present,NO,ChEMBL 37 dump extract; MAX of STANDARD_OK pChEMBL
PPARG/PPARA,PGPA_031,CHEMBL595,19737,A,PPARG,CHEMBL235,18960166,CHEMBL4334031,B,Ki,=,62,nM,7.21,CHEMBL4330147,10.1021/acs.jnatprod.8b00635,30672698,,present,YES,ChEMBL 37 dump extract; MAX of STANDARD_OK pChEMBL
PPARG/PPARA,PGPA_031,CHEMBL595,19737,A,PPARG,CHEMBL235,19005339,CHEMBL4344273,B,EC50,=,970,nM,6.01,CHEMBL4342459,10.1021/acs.jmedchem.9b01701,31930920,,present,NO,ChEMBL 37 dump extract; MAX of STANDARD_OK pChEMBL
PPARG/PPARA,PGPA_031,CHEMBL595,19737,A,PPARG,CHEMBL235,19139885,CHEMBL4376379,B,EC50,=,1400,nM,5.85,CHEMBL4373734,10.1016/j.ejmech.2019.111748,31648125,,present,NO,ChEMBL 37 dump extract; MAX of STANDARD_OK pChEMBL
PPARG/PPARA,PGPA_031,CHEMBL595,19737,A,PPARG,CHEMBL235,19302627,CHEMBL4413918,B,Ki,=,420,nM,6.38,CHEMBL4411325,10.1021/acs.jmedchem.8b01573,30676741,,present,NO,ChEMBL 37 dump extract; MAX of STANDARD_OK pChEMBL
PPARG/PPARA,PGPA_031,CHEMBL595,19737,A,PPARG,CHEMBL235,19302631,CHEMBL4413920,B,EC50,=,260,nM,6.58,CHEMBL4411325,10.1021/acs.jmedchem.8b01573,30676741,,present,NO,ChEMBL 37 dump extract; MAX of STANDARD_OK pChEMBL
PPARG/PPARA,PGPA_031,CHEMBL595,19737,A,PPARG,CHEMBL235,19302633,CHEMBL4413921,B,IC50,=,1700,nM,5.77,CHEMBL4411325,10.1021/acs.jmedchem.8b01573,30676741,,present,NO,ChEMBL 37 dump extract; MAX of STANDARD_OK pChEMBL
PPARG/PPARA,PGPA_031,CHEMBL595,19737,A,PPARG,CHEMBL235,19302639,CHEMBL4413924,B,Kd,=,871,nM,6.06,CHEMBL4411325,10.1021/acs.jmedchem.8b01573,30676741,,present,NO,ChEMBL 37 dump extract; MAX of STANDARD_OK pChEMBL
PPARG/PPARA,PGPA_031,CHEMBL595,19737,A,PPARG,CHEMBL235,19302641,CHEMBL4413925,B,EC50,=,250,nM,6.6,CHEMBL4411325,10.1021/acs.jmedchem.8b01573,30676741,,present,NO,ChEMBL 37 dump extract; MAX of STANDARD_OK pChEMBL
PPARG/PPARA,PGPA_031,CHEMBL595,19737,A,PPARG,CHEMBL235,19302643,CHEMBL4413917,B,EC50,=,350,nM,6.46,CHEMBL4411325,10.1021/acs.jmedchem.8b01573,30676741,,present,NO,ChEMBL 37 dump extract; MAX of STANDARD_OK pChEMBL
PPARG/PPARA,PGPA_031,CHEMBL595,19737,A,PPARG,CHEMBL235,22393624,CHEMBL4667654,B,Ki,=,340,nM,6.47,CHEMBL4665657,10.1016/j.bmc.2019.05.028,31128991,,present,NO,ChEMBL 37 dump extract; MAX of STANDARD_OK pChEMBL
PPARG/PPARA,PGPA_031,CHEMBL595,19737,A,PPARG,CHEMBL235,22778916,CHEMBL4706439,B,Ki,=,96,nM,7.02,CHEMBL4699668,10.1021/acs.jmedchem.0c01874,33325691,,present,NO,ChEMBL 37 dump extract; MAX of STANDARD_OK pChEMBL
PPARG/PPARA,PGPA_031,CHEMBL595,19737,A,PPARG,CHEMBL235,22960975,CHEMBL4768835,B,EC50,=,1600,nM,5.8,CHEMBL4765286,10.1016/j.ejmech.2020.112258,32272420,,present,NO,ChEMBL 37 dump extract; MAX of STANDARD_OK pChEMBL
PPARG/PPARA,PGPA_031,CHEMBL595,19737,A,PPARG,CHEMBL235,24971614,CHEMBL5218422,B,Ki,=,600,nM,6.22,CHEMBL5215009,10.1021/acs.jnatprod.2c00791,36475432,,present,NO,ChEMBL 37 dump extract; MAX of STANDARD_OK pChEMBL
PPARG/PPARA,PGPA_031,CHEMBL595,19737,A,PPARG,CHEMBL235,24971628,CHEMBL5218426,B,EC50,=,6700,nM,5.17,CHEMBL5215009,10.1021/acs.jnatprod.2c00791,36475432,,present,NO,ChEMBL 37 dump extract; MAX of STANDARD_OK pChEMBL
PPARG/PPARA,PGPA_031,CHEMBL595,19737,A,PPARG,CHEMBL235,24989786,CHEMBL5229426,B,EC50,=,200,nM,6.7,CHEMBL5226363,10.1021/acs.jnatprod.2c00844,36529937,,present,NO,ChEMBL 37 dump extract; MAX of STANDARD_OK pChEMBL
PPARG/PPARA,PGPA_031,CHEMBL595,19737,A,PPARG,CHEMBL235,24989828,CHEMBL5229434,B,Ki,=,300,nM,6.52,CHEMBL5226363,10.1021/acs.jnatprod.2c00844,36529937,,present,NO,ChEMBL 37 dump extract; MAX of STANDARD_OK pChEMBL
PPARG/PPARA,PGPA_031,CHEMBL595,19737,A,PPARG,CHEMBL235,24989833,CHEMBL5229438,B,EC50,=,3300,nM,5.48,CHEMBL5226363,10.1021/acs.jnatprod.2c00844,36529937,,present,NO,ChEMBL 37 dump extract; MAX of STANDARD_OK pChEMBL
PPARG/PPARA,PGPA_031,CHEMBL595,19737,A,PPARG,CHEMBL235,24989835,CHEMBL5229439,B,EC50,=,3500,nM,5.46,CHEMBL5226363,10.1021/acs.jnatprod.2c00844,36529937,,present,NO,ChEMBL 37 dump extract; MAX of STANDARD_OK pChEMBL
PPARG/PPARA,PGPA_031,CHEMBL595,19737,A,PPARG,CHEMBL235,24989837,CHEMBL5229440,B,EC50,=,900,nM,6.05,CHEMBL5226363,10.1021/acs.jnatprod.2c00844,36529937,,present,NO,ChEMBL 37 dump extract; MAX of STANDARD_OK pChEMBL
PPARG/PPARA,PGPA_031,CHEMBL595,19737,A,PPARG,CHEMBL235,25042950,CHEMBL5245181,B,EC50,=,390,nM,6.41,CHEMBL5244228,10.1016/j.ejmech.2019.111969,31865018,,present,NO,ChEMBL 37 dump extract; MAX of STANDARD_OK pChEMBL
PPARG/PPARA,PGPA_031,CHEMBL595,19737,A,PPARG,CHEMBL235,25084871,CHEMBL5256677,B,Ki,=,300,nM,6.52,CHEMBL5252661,10.1021/acsmedchemlett.2c00511,37077388,,present,NO,ChEMBL 37 dump extract; MAX of STANDARD_OK pChEMBL
PPARG/PPARA,PGPA_031,CHEMBL595,19737,A,PPARG,CHEMBL235,25084908,CHEMBL5256686,B,EC50,=,17700,nM,4.75,CHEMBL5252661,10.1021/acsmedchemlett.2c00511,37077388,,present,NO,ChEMBL 37 dump extract; MAX of STANDARD_OK pChEMBL
PPARG/PPARA,PGPA_031,CHEMBL595,19737,A,PPARG,CHEMBL235,25697237,CHEMBL5384017,B,Ki,=,150,nM,6.82,CHEMBL5380837,10.1021/acs.jmedchem.2c02071,36967575,,present,NO,ChEMBL 37 dump extract; MAX of STANDARD_OK pChEMBL
PPARG/PPARA,PGPA_031,CHEMBL595,19737,A,PPARG,CHEMBL235,25829288,CHEMBL5500704,B,EC50,=,650,nM,6.19,CHEMBL5500330,10.1016/j.ejmech.2024.116279,38460271,,present,NO,ChEMBL 37 dump extract; MAX of STANDARD_OK pChEMBL
PPARG/PPARA,PGPA_031,CHEMBL595,19737,A,PPARG,CHEMBL235,26140314,CHEMBL5622465,B,EC50,=,720,nM,6.14,CHEMBL5620395,10.1016/j.ejmech.2023.115574,37336069,,present,NO,ChEMBL 37 dump extract; MAX of STANDARD_OK pChEMBL
PPARG/PPARA,PGPA_031,CHEMBL595,19737,A,PPARG,CHEMBL235,26191247,CHEMBL5636559,B,EC50,=,575.2,nM,6.24,CHEMBL5634122,10.1016/j.ejmech.2023.115826,37793328,,present,NO,ChEMBL 37 dump extract; MAX of STANDARD_OK pChEMBL
PPARG/PPARA,PGPA_031,CHEMBL595,19737,A,PPARG,CHEMBL235,27236258,CHEMBL5732414,B,EC50,=,4630,nM,5.33,CHEMBL5726288,,,US-10188639-B2,present,NO,ChEMBL 37 dump extract; MAX of STANDARD_OK pChEMBL
PPARG/PPARA,PGPA_031,CHEMBL595,19737,A,PPARG,CHEMBL235,28511951,CHEMBL5737387,B,EC50,=,4630,nM,5.33,CHEMBL5728749,,,US-11141411-B2,present,NO,ChEMBL 37 dump extract; MAX of STANDARD_OK pChEMBL
PPARG/PPARA,PGPA_031,CHEMBL595,19737,A,PPARG,CHEMBL235,29256511,CHEMBL6137917,B,EC50,=,930,nM,6.03,CHEMBL6134847,10.1021/acs.jmedchem.5c00402,40186327,,present,NO,ChEMBL 37 dump extract; MAX of STANDARD_OK pChEMBL
PPARG/PPARA,PGPA_031,CHEMBL595,19737,A,PPARG,CHEMBL235,29256791,CHEMBL6137925,B,EC50,=,930,nM,6.03,CHEMBL6134847,10.1021/acs.jmedchem.5c00402,40186327,,present,NO,ChEMBL 37 dump extract; MAX of STANDARD_OK pChEMBL
PPARG/PPARA,PGPA_031,CHEMBL595,19737,A,PPARG,CHEMBL235,29256831,CHEMBL6137938,B,EC50,=,1480,nM,5.83,CHEMBL6134847,10.1021/acs.jmedchem.5c00402,40186327,,present,NO,ChEMBL 37 dump extract; MAX of STANDARD_OK pChEMBL
PPARG/PPARA,PGPA_031,CHEMBL595,19737,B,PPARA,CHEMBL239,976776,CHEMBL824642,F,EC50,=,6680,nM,5.17,CHEMBL1135600,10.1021/jm010964g,11831892,,present,YES,ChEMBL 37 dump extract; MAX of STANDARD_OK pChEMBL
PPARG/PPARA,PGPA_031,CHEMBL595,19737,B,PPARA,CHEMBL239,1101538,CHEMBL763853,B,EC50,=,6680,nM,5.17,CHEMBL1145887,10.1021/jm0309046,14584939,,present,YES,ChEMBL 37 dump extract; MAX of STANDARD_OK pChEMBL
PPARG/PPARA,PGPA_031,CHEMBL595,19737,B,PPARA,CHEMBL239,19005338,CHEMBL4344272,B,EC50,=,6700,nM,5.17,CHEMBL4342459,10.1021/acs.jmedchem.9b01701,31930920,,present,YES,ChEMBL 37 dump extract; MAX of STANDARD_OK pChEMBL
PPARG/PPARA,PGPA_031,CHEMBL595,19737,B,PPARA,CHEMBL239,29256795,CHEMBL6137926,B,EC50,=,100000,nM,4,CHEMBL6134847,10.1021/acs.jmedchem.5c00402,40186327,,present,NO,ChEMBL 37 dump extract; MAX of STANDARD_OK pChEMBL
PPARG/PPARA,PGPA_032,CHEMBL602263,603166,A,PPARG,CHEMBL235,3099936,CHEMBL1068981,B,IC50,=,18,nM,7.75,CHEMBL1156860,10.1016/j.bmcl.2009.12.107,20079636,,present,NO,ChEMBL 37 dump extract; MAX of STANDARD_OK pChEMBL
PPARG/PPARA,PGPA_032,CHEMBL602263,603166,A,PPARG,CHEMBL235,3099937,CHEMBL1068976,F,EC50,=,17,nM,7.77,CHEMBL1156860,10.1016/j.bmcl.2009.12.107,20079636,,present,NO,ChEMBL 37 dump extract; MAX of STANDARD_OK pChEMBL
PPARG/PPARA,PGPA_032,CHEMBL602263,603166,A,PPARG,CHEMBL235,17666973,CHEMBL3706273,B,IC50,=,2,nM,8.7,CHEMBL3638687,,,US-8957093-B2,present,YES,ChEMBL 37 dump extract; MAX of STANDARD_OK pChEMBL
PPARG/PPARA,PGPA_032,CHEMBL602263,603166,B,PPARA,CHEMBL239,3099913,CHEMBL1068982,B,IC50,=,7040,nM,5.15,CHEMBL1156860,10.1016/j.bmcl.2009.12.107,20079636,,present,NO,ChEMBL 37 dump extract; MAX of STANDARD_OK pChEMBL
PPARG/PPARA,PGPA_032,CHEMBL602263,603166,B,PPARA,CHEMBL239,3099917,CHEMBL1068978,F,EC50,=,4960,nM,5.3,CHEMBL1156860,10.1016/j.bmcl.2009.12.107,20079636,,present,YES,ChEMBL 37 dump extract; MAX of STANDARD_OK pChEMBL
PPARG/PPARA,PGPA_033,CHEMBL1087590,629196,A,PPARG,CHEMBL235,3273316,CHEMBL1111089,F,EC50,=,3443,nM,5.46,CHEMBL1157903,10.1016/j.bmcl.2010.03.019,20356736,,present,YES,ChEMBL 37 dump extract; MAX of STANDARD_OK pChEMBL
PPARG/PPARA,PGPA_033,CHEMBL1087590,629196,B,PPARA,CHEMBL239,3273271,CHEMBL1111087,F,EC50,=,46.6,nM,7.33,CHEMBL1157903,10.1016/j.bmcl.2010.03.019,20356736,,present,YES,ChEMBL 37 dump extract; MAX of STANDARD_OK pChEMBL
PPARG/PPARA,PGPA_034,CHEMBL1097194,628940,A,PPARG,CHEMBL235,3273306,CHEMBL1111089,F,EC50,=,4815,nM,5.32,CHEMBL1157903,10.1016/j.bmcl.2010.03.019,20356736,,present,YES,ChEMBL 37 dump extract; MAX of STANDARD_OK pChEMBL
PPARG/PPARA,PGPA_034,CHEMBL1097194,628940,B,PPARA,CHEMBL239,3273261,CHEMBL1111087,F,EC50,=,68,nM,7.17,CHEMBL1157903,10.1016/j.bmcl.2010.03.019,20356736,,present,YES,ChEMBL 37 dump extract; MAX of STANDARD_OK pChEMBL
PPARG/PPARA,PGPA_035,CHEMBL119791,196790,A,PPARG,CHEMBL235,139719,CHEMBL762741,F,EC50,=,4000,nM,5.4,CHEMBL1145047,10.1021/jm0205144,12904063,,present,YES,ChEMBL 37 dump extract; MAX of STANDARD_OK pChEMBL
PPARG/PPARA,PGPA_035,CHEMBL119791,196790,B,PPARA,CHEMBL239,139718,CHEMBL763845,F,EC50,=,110,nM,6.96,CHEMBL1145047,10.1021/jm0205144,12904063,,present,YES,ChEMBL 37 dump extract; MAX of STANDARD_OK pChEMBL
PPARG/PPARA,PGPA_036,CHEMBL1779473,1147946,A,PPARG,CHEMBL235,6206202,CHEMBL1780402,F,EC50,=,4400,nM,5.36,CHEMBL1777707,10.1016/j.bmc.2011.03.064,21530275,,present,YES,ChEMBL 37 dump extract; MAX of STANDARD_OK pChEMBL
PPARG/PPARA,PGPA_036,CHEMBL1779473,1147946,B,PPARA,CHEMBL239,6206172,CHEMBL1780400,F,EC50,=,12,nM,7.92,CHEMBL1777707,10.1016/j.bmc.2011.03.064,21530275,,present,YES,ChEMBL 37 dump extract; MAX of STANDARD_OK pChEMBL
PPARG/PPARA,PGPA_037,CHEMBL1779474,1147947,A,PPARG,CHEMBL235,6206203,CHEMBL1780402,F,EC50,=,4600,nM,5.34,CHEMBL1777707,10.1016/j.bmc.2011.03.064,21530275,,present,YES,ChEMBL 37 dump extract; MAX of STANDARD_OK pChEMBL
PPARG/PPARA,PGPA_037,CHEMBL1779474,1147947,B,PPARA,CHEMBL239,6206176,CHEMBL1780400,F,EC50,=,41,nM,7.39,CHEMBL1777707,10.1016/j.bmc.2011.03.064,21530275,,present,YES,ChEMBL 37 dump extract; MAX of STANDARD_OK pChEMBL
PPARG/PPARA,PGPA_038,CHEMBL190334,318381,A,PPARG,CHEMBL235,1497128,CHEMBL830065,B,IC50,=,5600,nM,5.25,CHEMBL1144356,10.1021/jm050373g,16107159,,present,YES,ChEMBL 37 dump extract; MAX of STANDARD_OK pChEMBL
PPARG/PPARA,PGPA_038,CHEMBL190334,318381,B,PPARA,CHEMBL239,1497129,CHEMBL837872,F,EC50,=,250,nM,6.6,CHEMBL1144356,10.1021/jm050373g,16107159,,present,NO,ChEMBL 37 dump extract; MAX of STANDARD_OK pChEMBL
PPARG/PPARA,PGPA_038,CHEMBL190334,318381,B,PPARA,CHEMBL239,1497131,CHEMBL824851,F,EC50,=,15,nM,7.82,CHEMBL1144356,10.1021/jm050373g,16107159,,present,YES,ChEMBL 37 dump extract; MAX of STANDARD_OK pChEMBL
PPARG/PPARA,PGPA_039,CHEMBL202118,337668,A,PPARG,CHEMBL235,1676936,CHEMBL865192,F,EC50,=,4900,nM,5.31,CHEMBL1149404,10.1016/j.bmcl.2005.10.049,16275077,,present,YES,ChEMBL 37 dump extract; MAX of STANDARD_OK pChEMBL
PPARG/PPARA,PGPA_039,CHEMBL202118,337668,B,PPARA,CHEMBL239,1676920,CHEMBL867015,F,EC50,=,10,nM,8,CHEMBL1149404,10.1016/j.bmcl.2005.10.049,16275077,,present,YES,ChEMBL 37 dump extract; MAX of STANDARD_OK pChEMBL
PPARG/PPARA,PGPA_039,CHEMBL202118,337668,B,PPARA,CHEMBL239,1676948,CHEMBL865199,F,EC50,=,630,nM,6.2,CHEMBL1149404,10.1016/j.bmcl.2005.10.049,16275077,,present,NO,ChEMBL 37 dump extract; MAX of STANDARD_OK pChEMBL
PPARG/PPARA,PGPA_039,CHEMBL202118,337668,B,PPARA,CHEMBL239,5148215,CHEMBL1655217,B,EC50,=,12,nM,7.92,CHEMBL1649087,10.1021/jm101233f,21128600,,present,NO,ChEMBL 37 dump extract; MAX of STANDARD_OK pChEMBL
PPARG/PPARA,PGPA_040,CHEMBL234589,397305,A,PPARG,CHEMBL235,1968728,CHEMBL896468,B,IC50,=,3730,nM,5.43,CHEMBL1149526,10.1016/j.bmcl.2007.04.047,17512197,,present,YES,ChEMBL 37 dump extract; MAX of STANDARD_OK pChEMBL
PPARG/PPARA,PGPA_040,CHEMBL234589,397305,A,PPARG,CHEMBL235,10898889,CHEMBL2038597,F,IC50,=,3732.5,nM,5.43,CHEMBL2034870,10.1016/j.bmc.2012.04.005,22564380,,present,YES,ChEMBL 37 dump extract; MAX of STANDARD_OK pChEMBL
PPARG/PPARA,PGPA_040,CHEMBL234589,397305,B,PPARA,CHEMBL239,1968652,CHEMBL896467,B,IC50,=,229,nM,6.64,CHEMBL1149526,10.1016/j.bmcl.2007.04.047,17512197,,present,YES,ChEMBL 37 dump extract; MAX of STANDARD_OK pChEMBL
PPARG/PPARA,PGPA_040,CHEMBL234589,397305,B,PPARA,CHEMBL239,10898887,CHEMBL2038446,F,IC50,=,229.09,nM,6.64,CHEMBL2034870,10.1016/j.bmc.2012.04.005,22564380,,present,YES,ChEMBL 37 dump extract; MAX of STANDARD_OK pChEMBL
PPARG/PPARA,PGPA_041,CHEMBL234659,396842,A,PPARG,CHEMBL235,1967814,CHEMBL896363,B,IC50,=,23600,nM,4.63,CHEMBL1148881,10.1016/j.bmcl.2007.04.046,17498950,,present,YES,ChEMBL 37 dump extract; MAX of STANDARD_OK pChEMBL
PPARG/PPARA,PGPA_041,CHEMBL234659,396842,A,PPARG,CHEMBL235,10898691,CHEMBL2038597,F,IC50,=,23604.78,nM,4.63,CHEMBL2034870,10.1016/j.bmc.2012.04.005,22564380,,present,YES,ChEMBL 37 dump extract; MAX of STANDARD_OK pChEMBL
PPARG/PPARA,PGPA_041,CHEMBL234659,396842,A,PPARG,CHEMBL235,10898694,CHEMBL2038597,F,IC50,=,23600,nM,4.63,CHEMBL2034870,10.1016/j.bmc.2012.04.005,22564380,,present,YES,ChEMBL 37 dump extract; MAX of STANDARD_OK pChEMBL
PPARG/PPARA,PGPA_041,CHEMBL234659,396842,B,PPARA,CHEMBL239,1967813,CHEMBL896361,B,IC50,=,4.7,nM,8.33,CHEMBL1148881,10.1016/j.bmcl.2007.04.046,17498950,,present,YES,ChEMBL 37 dump extract; MAX of STANDARD_OK pChEMBL
PPARG/PPARA,PGPA_041,CHEMBL234659,396842,B,PPARA,CHEMBL239,10898689,CHEMBL2038446,F,IC50,=,4.699,nM,8.33,CHEMBL2034870,10.1016/j.bmc.2012.04.005,22564380,,present,YES,ChEMBL 37 dump extract; MAX of STANDARD_OK pChEMBL
PPARG/PPARA,PGPA_041,CHEMBL234659,396842,B,PPARA,CHEMBL239,10898692,CHEMBL2038446,F,IC50,=,4.7,nM,8.33,CHEMBL2034870,10.1016/j.bmc.2012.04.005,22564380,,present,YES,ChEMBL 37 dump extract; MAX of STANDARD_OK pChEMBL
PPARG/PPARA,PGPA_042,CHEMBL245454,412529,A,PPARG,CHEMBL235,2026687,CHEMBL887188,F,EC50,=,4100,nM,5.39,CHEMBL1139897,10.1016/j.bmcl.2007.03.015,17379517,,present,YES,ChEMBL 37 dump extract; MAX of STANDARD_OK pChEMBL
PPARG/PPARA,PGPA_042,CHEMBL245454,412529,B,PPARA,CHEMBL239,2026658,CHEMBL887186,F,EC50,=,300,nM,6.52,CHEMBL1139897,10.1016/j.bmcl.2007.03.015,17379517,,present,YES,ChEMBL 37 dump extract; MAX of STANDARD_OK pChEMBL
PPARG/PPARA,PGPA_043,CHEMBL250673,415682,A,PPARG,CHEMBL235,2035631,CHEMBL887279,F,EC50,=,5500,nM,5.26,CHEMBL1140646,10.1016/j.bmcl.2007.05.079,17560785,,present,YES,ChEMBL 37 dump extract; MAX of STANDARD_OK pChEMBL
PPARG/PPARA,PGPA_043,CHEMBL250673,415682,B,PPARA,CHEMBL239,2035630,CHEMBL887278,F,EC50,=,100,nM,7,CHEMBL1140646,10.1016/j.bmcl.2007.05.079,17560785,,present,YES,ChEMBL 37 dump extract; MAX of STANDARD_OK pChEMBL
PPARG/PPARA,PGPA_044,CHEMBL252995,423470,A,PPARG,CHEMBL235,2080377,CHEMBL928497,B,Ki,=,10000,nM,5,CHEMBL1141511,10.1016/j.bmcl.2008.01.067,18255290,,present,YES,ChEMBL 37 dump extract; MAX of STANDARD_OK pChEMBL
PPARG/PPARA,PGPA_044,CHEMBL252995,423470,B,PPARA,CHEMBL239,2080408,CHEMBL928500,F,EC50,=,152,nM,6.82,CHEMBL1141511,10.1016/j.bmcl.2008.01.067,18255290,,present,YES,ChEMBL 37 dump extract; MAX of STANDARD_OK pChEMBL
PPARG/PPARA,PGPA_045,CHEMBL252996,423471,A,PPARG,CHEMBL235,2080376,CHEMBL928497,B,Ki,=,10000,nM,5,CHEMBL1141511,10.1016/j.bmcl.2008.01.067,18255290,,present,YES,ChEMBL 37 dump extract; MAX of STANDARD_OK pChEMBL
PPARG/PPARA,PGPA_045,CHEMBL252996,423471,B,PPARA,CHEMBL239,2080407,CHEMBL928500,F,EC50,=,195,nM,6.71,CHEMBL1141511,10.1016/j.bmcl.2008.01.067,18255290,,present,YES,ChEMBL 37 dump extract; MAX of STANDARD_OK pChEMBL
PPARG/PPARA,PGPA_046,CHEMBL270960,439794,A,PPARG,CHEMBL235,2085065,CHEMBL929849,F,EC50,=,9600,nM,5.02,CHEMBL1143171,10.1016/j.bmc.2007.10.007,17964792,,present,NO,ChEMBL 37 dump extract; MAX of STANDARD_OK pChEMBL
PPARG/PPARA,PGPA_046,CHEMBL270960,439794,A,PPARG,CHEMBL235,2255981,CHEMBL996817,B,EC50,=,7000,nM,5.16,CHEMBL1152220,10.1016/j.bmcl.2008.08.112,18805005,,present,YES,ChEMBL 37 dump extract; MAX of STANDARD_OK pChEMBL
PPARG/PPARA,PGPA_046,CHEMBL270960,439794,A,PPARG,CHEMBL235,2503982,CHEMBL947731,F,EC50,=,6850,nM,5.16,CHEMBL1141005,10.1016/j.bmcl.2008.10.062,18976908,,present,YES,ChEMBL 37 dump extract; MAX of STANDARD_OK pChEMBL
PPARG/PPARA,PGPA_046,CHEMBL270960,439794,B,PPARA,CHEMBL239,2085047,CHEMBL929848,F,EC50,=,10,nM,8,CHEMBL1143171,10.1016/j.bmc.2007.10.007,17964792,,present,YES,ChEMBL 37 dump extract; MAX of STANDARD_OK pChEMBL
PPARG/PPARA,PGPA_046,CHEMBL270960,439794,B,PPARA,CHEMBL239,2257755,CHEMBL996816,B,EC50,=,7000,nM,5.16,CHEMBL1152220,10.1016/j.bmcl.2008.08.112,18805005,,present,NO,ChEMBL 37 dump extract; MAX of STANDARD_OK pChEMBL
PPARG/PPARA,PGPA_046,CHEMBL270960,439794,B,PPARA,CHEMBL239,2503973,CHEMBL947730,F,EC50,=,52,nM,7.28,CHEMBL1141005,10.1016/j.bmcl.2008.10.062,18976908,,present,NO,ChEMBL 37 dump extract; MAX of STANDARD_OK pChEMBL
PPARG/PPARA,PGPA_047,CHEMBL271873,435337,A,PPARG,CHEMBL235,2112825,CHEMBL950103,F,EC50,=,10000,nM,5,CHEMBL1142377,10.1016/j.bmcl.2008.01.086,18280733,,present,YES,ChEMBL 37 dump extract; MAX of STANDARD_OK pChEMBL
PPARG/PPARA,PGPA_047,CHEMBL271873,435337,B,PPARA,CHEMBL239,2112815,CHEMBL950102,F,EC50,=,30,nM,7.52,CHEMBL1142377,10.1016/j.bmcl.2008.01.086,18280733,,present,YES,ChEMBL 37 dump extract; MAX of STANDARD_OK pChEMBL
PPARG/PPARA,PGPA_048,CHEMBL3335660,1791796,A,PPARG,CHEMBL235,15151095,CHEMBL3395994,B,EC50,=,5000,nM,5.3,CHEMBL3393039,10.1016/j.bmc.2014.12.013,25583100,,present,YES,ChEMBL 37 dump extract; MAX of STANDARD_OK pChEMBL
PPARG/PPARA,PGPA_048,CHEMBL3335660,1791796,B,PPARA,CHEMBL239,15151073,CHEMBL3395861,B,EC50,=,210,nM,6.68,CHEMBL3393039,10.1016/j.bmc.2014.12.013,25583100,,present,YES,ChEMBL 37 dump extract; MAX of STANDARD_OK pChEMBL
PPARG/PPARA,PGPA_049,CHEMBL3398462,1830192,A,PPARG,CHEMBL235,15159435,CHEMBL3399106,B,IC50,=,8110,nM,5.09,CHEMBL3396995,10.1016/j.bmcl.2015.01.066,25686852,,present,YES,ChEMBL 37 dump extract; MAX of STANDARD_OK pChEMBL
PPARG/PPARA,PGPA_049,CHEMBL3398462,1830192,B,PPARA,CHEMBL239,15160457,CHEMBL3399109,B,IC50,=,2120,nM,5.67,CHEMBL3396995,10.1016/j.bmcl.2015.01.066,25686852,,present,NO,ChEMBL 37 dump extract; MAX of STANDARD_OK pChEMBL
PPARG/PPARA,PGPA_049,CHEMBL3398462,1830192,B,PPARA,CHEMBL239,15160505,CHEMBL3399110,B,EC50,=,6,nM,8.22,CHEMBL3396995,10.1016/j.bmcl.2015.01.066,25686852,,present,YES,ChEMBL 37 dump extract; MAX of STANDARD_OK pChEMBL
PPARG/PPARA,PGPA_050,CHEMBL345721,247416,A,PPARG,CHEMBL235,936974,CHEMBL759455,B,IC50,=,6200,nM,5.21,CHEMBL1145902,10.1021/jm034173l,14613314,,present,YES,ChEMBL 37 dump extract; MAX of STANDARD_OK pChEMBL
PPARG/PPARA,PGPA_050,CHEMBL345721,247416,A,PPARG,CHEMBL235,10898754,CHEMBL2038597,F,IC50,=,6194.41,nM,5.21,CHEMBL2034870,10.1016/j.bmc.2012.04.005,22564380,,present,YES,ChEMBL 37 dump extract; MAX of STANDARD_OK pChEMBL
PPARG/PPARA,PGPA_050,CHEMBL345721,247416,B,PPARA,CHEMBL239,936972,CHEMBL765406,B,IC50,=,19,nM,7.72,CHEMBL1145902,10.1021/jm034173l,14613314,,present,YES,ChEMBL 37 dump extract; MAX of STANDARD_OK pChEMBL
PPARG/PPARA,PGPA_050,CHEMBL345721,247416,B,PPARA,CHEMBL239,936973,CHEMBL760605,F,EC50,=,31,nM,7.51,CHEMBL1145902,10.1021/jm034173l,14613314,,present,NO,ChEMBL 37 dump extract; MAX of STANDARD_OK pChEMBL
PPARG/PPARA,PGPA_050,CHEMBL345721,247416,B,PPARA,CHEMBL239,10898752,CHEMBL2038446,F,IC50,=,19.01,nM,7.72,CHEMBL2034870,10.1016/j.bmc.2012.04.005,22564380,,present,YES,ChEMBL 37 dump extract; MAX of STANDARD_OK pChEMBL
PPARG/PPARA,PGPA_051,CHEMBL369725,300023,A,PPARG,CHEMBL235,1421683,CHEMBL828475,B,IC50,=,15000,nM,4.82,CHEMBL1140266,10.1016/j.bmcl.2005.05.028,15950464,,present,YES,ChEMBL 37 dump extract; MAX of STANDARD_OK pChEMBL
PPARG/PPARA,PGPA_051,CHEMBL369725,300023,A,PPARG,CHEMBL235,10898862,CHEMBL2038597,F,IC50,=,14996.85,nM,4.82,CHEMBL2034870,10.1016/j.bmc.2012.04.005,22564380,,present,YES,ChEMBL 37 dump extract; MAX of STANDARD_OK pChEMBL
PPARG/PPARA,PGPA_051,CHEMBL369725,300023,B,PPARA,CHEMBL239,1421681,CHEMBL828473,B,IC50,=,7,nM,8.15,CHEMBL1140266,10.1016/j.bmcl.2005.05.028,15950464,,present,NO,ChEMBL 37 dump extract; MAX of STANDARD_OK pChEMBL
PPARG/PPARA,PGPA_051,CHEMBL369725,300023,B,PPARA,CHEMBL239,1421684,CHEMBL838125,F,EC50,=,4,nM,8.4,CHEMBL1140266,10.1016/j.bmcl.2005.05.028,15950464,,present,YES,ChEMBL 37 dump extract; MAX of STANDARD_OK pChEMBL
PPARG/PPARA,PGPA_051,CHEMBL369725,300023,B,PPARA,CHEMBL239,10898860,CHEMBL2038446,F,IC50,=,6.998,nM,8.15,CHEMBL2034870,10.1016/j.bmc.2012.04.005,22564380,,present,NO,ChEMBL 37 dump extract; MAX of STANDARD_OK pChEMBL
PPARG/PPARA,PGPA_052,CHEMBL3827241,2095951,A,PPARG,CHEMBL235,16651081,CHEMBL3830344,B,EC50,=,10010,nM,5,CHEMBL3826929,10.1021/acsmedchemlett.6b00033,27326332,,present,YES,ChEMBL 37 dump extract; MAX of STANDARD_OK pChEMBL
PPARG/PPARA,PGPA_052,CHEMBL3827241,2095951,B,PPARA,CHEMBL239,16652030,CHEMBL3830343,B,EC50,=,14.5,nM,7.84,CHEMBL3826929,10.1021/acsmedchemlett.6b00033,27326332,,present,YES,ChEMBL 37 dump extract; MAX of STANDARD_OK pChEMBL
PPARG/PPARA,PGPA_053,CHEMBL3828232,2095948,A,PPARG,CHEMBL235,16651084,CHEMBL3830344,B,EC50,=,9168,nM,5.04,CHEMBL3826929,10.1021/acsmedchemlett.6b00033,27326332,,present,YES,ChEMBL 37 dump extract; MAX of STANDARD_OK pChEMBL
PPARG/PPARA,PGPA_053,CHEMBL3828232,2095948,B,PPARA,CHEMBL239,16651049,CHEMBL3830346,B,IC50,=,1563,nM,5.81,CHEMBL3826929,10.1021/acsmedchemlett.6b00033,27326332,,present,NO,ChEMBL 37 dump extract; MAX of STANDARD_OK pChEMBL
PPARG/PPARA,PGPA_053,CHEMBL3828232,2095948,B,PPARA,CHEMBL239,16652033,CHEMBL3830343,B,EC50,=,94,nM,7.03,CHEMBL3826929,10.1021/acsmedchemlett.6b00033,27326332,,present,YES,ChEMBL 37 dump extract; MAX of STANDARD_OK pChEMBL
PPARG/PPARA,PGPA_054,CHEMBL384746,360898,A,PPARG,CHEMBL235,1775695,CHEMBL913511,B,EC50,=,4220,nM,5.38,CHEMBL1137405,10.1021/jm060663c,17034149,,present,YES,ChEMBL 37 dump extract; MAX of STANDARD_OK pChEMBL
PPARG/PPARA,PGPA_054,CHEMBL384746,360898,B,PPARA,CHEMBL239,1775692,CHEMBL911801,B,EC50,=,206,nM,6.69,CHEMBL1137405,10.1021/jm060663c,17034149,,present,YES,ChEMBL 37 dump extract; MAX of STANDARD_OK pChEMBL
PPARG/PPARA,PGPA_055,CHEMBL391478,396844,A,PPARG,CHEMBL235,1967886,CHEMBL896363,B,IC50,=,9120,nM,5.04,CHEMBL1148881,10.1016/j.bmcl.2007.04.046,17498950,,present,YES,ChEMBL 37 dump extract; MAX of STANDARD_OK pChEMBL
PPARG/PPARA,PGPA_055,CHEMBL391478,396844,A,PPARG,CHEMBL235,10898850,CHEMBL2038597,F,IC50,=,9120.11,nM,5.04,CHEMBL2034870,10.1016/j.bmc.2012.04.005,22564380,,present,YES,ChEMBL 37 dump extract; MAX of STANDARD_OK pChEMBL
PPARG/PPARA,PGPA_055,CHEMBL391478,396844,B,PPARA,CHEMBL239,1967852,CHEMBL896361,B,IC50,=,128,nM,6.89,CHEMBL1148881,10.1016/j.bmcl.2007.04.046,17498950,,present,YES,ChEMBL 37 dump extract; MAX of STANDARD_OK pChEMBL
PPARG/PPARA,PGPA_055,CHEMBL391478,396844,B,PPARA,CHEMBL239,10898848,CHEMBL2038446,F,IC50,=,127.94,nM,6.89,CHEMBL2034870,10.1016/j.bmc.2012.04.005,22564380,,present,YES,ChEMBL 37 dump extract; MAX of STANDARD_OK pChEMBL
PPARG/PPARA,PGPA_056,CHEMBL399629,423473,A,PPARG,CHEMBL235,2080374,CHEMBL928497,B,Ki,=,10000,nM,5,CHEMBL1141511,10.1016/j.bmcl.2008.01.067,18255290,,present,YES,ChEMBL 37 dump extract; MAX of STANDARD_OK pChEMBL
PPARG/PPARA,PGPA_056,CHEMBL399629,423473,B,PPARA,CHEMBL239,2080385,CHEMBL928498,F,EC50,=,30,nM,7.52,CHEMBL1141511,10.1016/j.bmcl.2008.01.067,18255290,,present,NO,ChEMBL 37 dump extract; MAX of STANDARD_OK pChEMBL
PPARG/PPARA,PGPA_056,CHEMBL399629,423473,B,PPARA,CHEMBL239,2080405,CHEMBL928500,F,EC50,=,19,nM,7.72,CHEMBL1141511,10.1016/j.bmcl.2008.01.067,18255290,,present,YES,ChEMBL 37 dump extract; MAX of STANDARD_OK pChEMBL
PPARG/PPARA,PGPA_057,CHEMBL424133,247418,A,PPARG,CHEMBL235,927135,CHEMBL759455,B,IC50,=,6500,nM,5.19,CHEMBL1145902,10.1021/jm034173l,14613314,,present,YES,ChEMBL 37 dump extract; MAX of STANDARD_OK pChEMBL
PPARG/PPARA,PGPA_057,CHEMBL424133,247418,A,PPARG,CHEMBL235,10898751,CHEMBL2038597,F,IC50,=,6501.3,nM,5.19,CHEMBL2034870,10.1016/j.bmc.2012.04.005,22564380,,present,YES,ChEMBL 37 dump extract; MAX of STANDARD_OK pChEMBL
PPARG/PPARA,PGPA_057,CHEMBL424133,247418,B,PPARA,CHEMBL239,927133,CHEMBL765406,B,IC50,=,24,nM,7.62,CHEMBL1145902,10.1021/jm034173l,14613314,,present,YES,ChEMBL 37 dump extract; MAX of STANDARD_OK pChEMBL
PPARG/PPARA,PGPA_057,CHEMBL424133,247418,B,PPARA,CHEMBL239,927134,CHEMBL760605,F,EC50,=,42,nM,7.38,CHEMBL1145902,10.1021/jm034173l,14613314,,present,NO,ChEMBL 37 dump extract; MAX of STANDARD_OK pChEMBL
PPARG/PPARA,PGPA_057,CHEMBL424133,247418,B,PPARA,CHEMBL239,10898749,CHEMBL2038446,F,IC50,=,23.99,nM,7.62,CHEMBL2034870,10.1016/j.bmc.2012.04.005,22564380,,present,YES,ChEMBL 37 dump extract; MAX of STANDARD_OK pChEMBL
PPARG/PPARA,PGPA_057,CHEMBL424133,247418,B,PPARA,CHEMBL239,14643723,CHEMBL3269595,B,EC50,=,42,nM,7.38,CHEMBL3259631,10.1016/j.bmcl.2014.03.090,24745969,,present,NO,ChEMBL 37 dump extract; MAX of STANDARD_OK pChEMBL
PPARG/PPARA,PGPA_057,CHEMBL424133,247418,B,PPARA,CHEMBL239,18954845,CHEMBL4332195,B,EC50,=,42,nM,7.38,CHEMBL4330102,10.1016/j.bmcl.2018.12.045,30594433,,present,NO,ChEMBL 37 dump extract; MAX of STANDARD_OK pChEMBL
PPARG/PPARA,PGPA_058,CHEMBL447533,435339,A,PPARG,CHEMBL235,2112826,CHEMBL950103,F,EC50,=,10000,nM,5,CHEMBL1142377,10.1016/j.bmcl.2008.01.086,18280733,,present,YES,ChEMBL 37 dump extract; MAX of STANDARD_OK pChEMBL
PPARG/PPARA,PGPA_058,CHEMBL447533,435339,B,PPARA,CHEMBL239,2112816,CHEMBL950102,F,EC50,=,30,nM,7.52,CHEMBL1142377,10.1016/j.bmcl.2008.01.086,18280733,,present,YES,ChEMBL 37 dump extract; MAX of STANDARD_OK pChEMBL
PPARG/PPARA,PGPA_059,CHEMBL454508,476962,A,PPARG,CHEMBL235,2278464,CHEMBL1022409,F,EC50,=,3500,nM,5.46,CHEMBL1153404,10.1021/jm801594x,19301897,,present,YES,ChEMBL 37 dump extract; MAX of STANDARD_OK pChEMBL
PPARG/PPARA,PGPA_059,CHEMBL454508,476962,B,PPARA,CHEMBL239,2278443,CHEMBL1022408,F,EC50,=,200,nM,6.7,CHEMBL1153404,10.1021/jm801594x,19301897,,present,YES,ChEMBL 37 dump extract; MAX of STANDARD_OK pChEMBL
PPARG/PPARA,PGPA_060,CHEMBL5440454,2880622,A,PPARG,CHEMBL235,25540134,CHEMBL5343452,B,EC50,=,4867.5,nM,5.31,CHEMBL5338805,10.1021/acs.jmedchem.2c02123,37243609,,present,YES,ChEMBL 37 dump extract; MAX of STANDARD_OK pChEMBL
PPARG/PPARA,PGPA_060,CHEMBL5440454,2880622,B,PPARA,CHEMBL239,25539969,CHEMBL5343448,B,EC50,=,7.6,nM,8.12,CHEMBL5338805,10.1021/acs.jmedchem.2c02123,37243609,,present,YES,ChEMBL 37 dump extract; MAX of STANDARD_OK pChEMBL
PPARG/PPARA,PGPA_061,CHEMBL551479,562845,A,PPARG,CHEMBL235,2720116,CHEMBL1056703,F,EC50,=,3900,nM,5.41,CHEMBL1154014,10.1016/j.bmcl.2009.05.057,19556125,,present,YES,ChEMBL 37 dump extract; MAX of STANDARD_OK pChEMBL
PPARG/PPARA,PGPA_061,CHEMBL551479,562845,B,PPARA,CHEMBL239,2720096,CHEMBL1056701,F,EC50,=,11,nM,7.96,CHEMBL1154014,10.1016/j.bmcl.2009.05.057,19556125,,present,YES,ChEMBL 37 dump extract; MAX of STANDARD_OK pChEMBL
PPARG/PPARA,PGPA_062,CHEMBL558072,566351,A,PPARG,CHEMBL235,2720118,CHEMBL1056703,F,EC50,=,8100,nM,5.09,CHEMBL1154014,10.1016/j.bmcl.2009.05.057,19556125,,present,YES,ChEMBL 37 dump extract; MAX of STANDARD_OK pChEMBL
PPARG/PPARA,PGPA_062,CHEMBL558072,566351,B,PPARA,CHEMBL239,2720098,CHEMBL1056701,F,EC50,=,190,nM,6.72,CHEMBL1154014,10.1016/j.bmcl.2009.05.057,19556125,,present,YES,ChEMBL 37 dump extract; MAX of STANDARD_OK pChEMBL
PPARG/PPARA,PGPA_063,CHEMBL5589777,2925233,A,PPARG,CHEMBL235,25971153,CHEMBL5543704,B,EC50,=,5540,nM,5.26,CHEMBL5543071,10.1016/j.ejmech.2024.116125,38185055,,present,YES,ChEMBL 37 dump extract; MAX of STANDARD_OK pChEMBL
PPARG/PPARA,PGPA_063,CHEMBL5589777,2925233,B,PPARA,CHEMBL239,25971131,CHEMBL5543702,B,EC50,=,226,nM,6.65,CHEMBL5543071,10.1016/j.ejmech.2024.116125,38185055,,present,YES,ChEMBL 37 dump extract; MAX of STANDARD_OK pChEMBL
PPARG/PPARA,PGPA_064,CHEMBL563546,561079,A,PPARG,CHEMBL235,2720122,CHEMBL1056703,F,EC50,=,5300,nM,5.28,CHEMBL1154014,10.1016/j.bmcl.2009.05.057,19556125,,present,YES,ChEMBL 37 dump extract; MAX of STANDARD_OK pChEMBL
PPARG/PPARA,PGPA_064,CHEMBL563546,561079,B,PPARA,CHEMBL239,2720102,CHEMBL1056701,F,EC50,=,150,nM,6.82,CHEMBL1154014,10.1016/j.bmcl.2009.05.057,19556125,,present,YES,ChEMBL 37 dump extract; MAX of STANDARD_OK pChEMBL
PPARG/PPARA,PGPA_065,CHEMBL173386,287877,A,PPARG,CHEMBL235,559720,CHEMBL756623,B,Ki,=,52,nM,7.28,CHEMBL1136629,10.1016/s0960-894x(02)01029-6,12617924,,present,NO,ChEMBL 37 dump extract; MAX of STANDARD_OK pChEMBL
PPARG/PPARA,PGPA_065,CHEMBL173386,287877,A,PPARG,CHEMBL235,559723,CHEMBL760858,F,EC50,=,37,nM,7.43,CHEMBL1136629,10.1016/s0960-894x(02)01029-6,12617924,,present,YES,ChEMBL 37 dump extract; MAX of STANDARD_OK pChEMBL
PPARG/PPARA,PGPA_065,CHEMBL173386,287877,B,PPARA,CHEMBL239,559722,CHEMBL766090,B,Ki,=,213,nM,6.67,CHEMBL1136629,10.1016/s0960-894x(02)01029-6,12617924,,present,NO,ChEMBL 37 dump extract; MAX of STANDARD_OK pChEMBL
PPARG/PPARA,PGPA_065,CHEMBL173386,287877,B,PPARA,CHEMBL239,559725,CHEMBL764654,F,EC50,=,53,nM,7.28,CHEMBL1136629,10.1016/s0960-894x(02)01029-6,12617924,,present,YES,ChEMBL 37 dump extract; MAX of STANDARD_OK pChEMBL
PPARG/PPARA,PGPA_066,CHEMBL1813012,1168041,A,PPARG,CHEMBL235,6309827,CHEMBL1815137,B,EC50,=,4.5,nM,8.35,CHEMBL1811848,10.1016/j.bmcl.2011.03.020,21450468,,present,YES,ChEMBL 37 dump extract; MAX of STANDARD_OK pChEMBL
PPARG/PPARA,PGPA_066,CHEMBL1813012,1168041,B,PPARA,CHEMBL239,6309806,CHEMBL1815135,B,EC50,=,22,nM,7.66,CHEMBL1811848,10.1016/j.bmcl.2011.03.020,21450468,,present,YES,ChEMBL 37 dump extract; MAX of STANDARD_OK pChEMBL
PPARG/PPARA,PGPA_067,CHEMBL199373,334688,A,PPARG,CHEMBL235,1665111,CHEMBL861781,B,EC50,=,131,nM,6.88,CHEMBL1147759,10.1016/j.bmcl.2005.10.008,16275080,,present,NO,ChEMBL 37 dump extract; MAX of STANDARD_OK pChEMBL
PPARG/PPARA,PGPA_067,CHEMBL199373,334688,A,PPARG,CHEMBL235,1665131,CHEMBL861781,B,EC50,=,94,nM,7.03,CHEMBL1147759,10.1016/j.bmcl.2005.10.008,16275080,,present,YES,ChEMBL 37 dump extract; MAX of STANDARD_OK pChEMBL
PPARG/PPARA,PGPA_067,CHEMBL199373,334688,B,PPARA,CHEMBL239,1665024,CHEMBL862360,B,EC50,=,29,nM,7.54,CHEMBL1147759,10.1016/j.bmcl.2005.10.008,16275080,,present,YES,ChEMBL 37 dump extract; MAX of STANDARD_OK pChEMBL
PPARG/PPARA,PGPA_067,CHEMBL199373,334688,B,PPARA,CHEMBL239,1665043,CHEMBL862360,B,EC50,=,91,nM,7.04,CHEMBL1147759,10.1016/j.bmcl.2005.10.008,16275080,,present,NO,ChEMBL 37 dump extract; MAX of STANDARD_OK pChEMBL
PPARG/PPARA,PGPA_068,CHEMBL199398,334436,A,PPARG,CHEMBL235,1665152,CHEMBL861781,B,EC50,=,45,nM,7.35,CHEMBL1147759,10.1016/j.bmcl.2005.10.008,16275080,,present,YES,ChEMBL 37 dump extract; MAX of STANDARD_OK pChEMBL
PPARG/PPARA,PGPA_068,CHEMBL199398,334436,B,PPARA,CHEMBL239,1665064,CHEMBL862360,B,EC50,=,65,nM,7.19,CHEMBL1147759,10.1016/j.bmcl.2005.10.008,16275080,,present,YES,ChEMBL 37 dump extract; MAX of STANDARD_OK pChEMBL
PPARG/PPARA,PGPA_069,CHEMBL199559,334590,A,PPARG,CHEMBL235,1665141,CHEMBL861781,B,EC50,=,21,nM,7.68,CHEMBL1147759,10.1016/j.bmcl.2005.10.008,16275080,,present,YES,ChEMBL 37 dump extract; MAX of STANDARD_OK pChEMBL
PPARG/PPARA,PGPA_069,CHEMBL199559,334590,B,PPARA,CHEMBL239,1665053,CHEMBL862360,B,EC50,=,171,nM,6.77,CHEMBL1147759,10.1016/j.bmcl.2005.10.008,16275080,,present,YES,ChEMBL 37 dump extract; MAX of STANDARD_OK pChEMBL
PPARG/PPARA,PGPA_070,CHEMBL201880,338187,A,PPARG,CHEMBL235,1678478,CHEMBL858178,B,IC50,=,50,nM,7.3,CHEMBL1149440,10.1021/jm0510373,16451087,,present,YES,ChEMBL 37 dump extract; MAX of STANDARD_OK pChEMBL
PPARG/PPARA,PGPA_070,CHEMBL201880,338187,A,PPARG,CHEMBL235,1678481,CHEMBL853066,F,EC50,=,70,nM,7.16,CHEMBL1149440,10.1021/jm0510373,16451087,,present,NO,ChEMBL 37 dump extract; MAX of STANDARD_OK pChEMBL
PPARG/PPARA,PGPA_070,CHEMBL201880,338187,A,PPARG,CHEMBL235,1775716,CHEMBL913511,B,EC50,=,70,nM,7.16,CHEMBL1137405,10.1021/jm060663c,17034149,,present,NO,ChEMBL 37 dump extract; MAX of STANDARD_OK pChEMBL
PPARG/PPARA,PGPA_070,CHEMBL201880,338187,A,PPARG,CHEMBL235,10898772,CHEMBL2038597,F,IC50,=,50,nM,7.3,CHEMBL2034870,10.1016/j.bmc.2012.04.005,22564380,,present,YES,ChEMBL 37 dump extract; MAX of STANDARD_OK pChEMBL
PPARG/PPARA,PGPA_070,CHEMBL201880,338187,B,PPARA,CHEMBL239,1678477,CHEMBL859134,B,IC50,=,113,nM,6.95,CHEMBL1149440,10.1021/jm0510373,16451087,,present,NO,ChEMBL 37 dump extract; MAX of STANDARD_OK pChEMBL
PPARG/PPARA,PGPA_070,CHEMBL201880,338187,B,PPARA,CHEMBL239,1678480,CHEMBL853065,F,EC50,=,8,nM,8.1,CHEMBL1149440,10.1021/jm0510373,16451087,,present,YES,ChEMBL 37 dump extract; MAX of STANDARD_OK pChEMBL
PPARG/PPARA,PGPA_070,CHEMBL201880,338187,B,PPARA,CHEMBL239,1775696,CHEMBL911801,B,EC50,=,8,nM,8.1,CHEMBL1137405,10.1021/jm060663c,17034149,,present,YES,ChEMBL 37 dump extract; MAX of STANDARD_OK pChEMBL
PPARG/PPARA,PGPA_070,CHEMBL201880,338187,B,PPARA,CHEMBL239,10898770,CHEMBL2038446,F,IC50,=,112.98,nM,6.95,CHEMBL2034870,10.1016/j.bmc.2012.04.005,22564380,,present,NO,ChEMBL 37 dump extract; MAX of STANDARD_OK pChEMBL
PPARG/PPARA,PGPA_071,CHEMBL219824,369543,A,PPARG,CHEMBL235,1813191,CHEMBL912551,B,IC50,=,26,nM,7.58,CHEMBL1146164,10.1016/j.bmcl.2006.09.011,17005394,,present,NO,ChEMBL 37 dump extract; MAX of STANDARD_OK pChEMBL
PPARG/PPARA,PGPA_071,CHEMBL219824,369543,A,PPARG,CHEMBL235,1813204,CHEMBL912552,B,EC50,=,8,nM,8.1,CHEMBL1146164,10.1016/j.bmcl.2006.09.011,17005394,,present,YES,ChEMBL 37 dump extract; MAX of STANDARD_OK pChEMBL
PPARG/PPARA,PGPA_071,CHEMBL219824,369543,B,PPARA,CHEMBL239,1813228,CHEMBL912555,B,IC50,=,146,nM,6.84,CHEMBL1146164,10.1016/j.bmcl.2006.09.011,17005394,,present,NO,ChEMBL 37 dump extract; MAX of STANDARD_OK pChEMBL
PPARG/PPARA,PGPA_071,CHEMBL219824,369543,B,PPARA,CHEMBL239,1813239,CHEMBL912556,B,EC50,=,70,nM,7.16,CHEMBL1146164,10.1016/j.bmcl.2006.09.011,17005394,,present,YES,ChEMBL 37 dump extract; MAX of STANDARD_OK pChEMBL
PPARG/PPARA,PGPA_072,CHEMBL230622,383175,A,PPARG,CHEMBL235,1893425,CHEMBL906214,F,EC50,=,20,nM,7.7,CHEMBL1143807,10.1016/j.bmcl.2006.11.050,17157019,,present,YES,ChEMBL 37 dump extract; MAX of STANDARD_OK pChEMBL
PPARG/PPARA,PGPA_072,CHEMBL230622,383175,B,PPARA,CHEMBL239,1893449,CHEMBL906215,F,EC50,=,139,nM,6.86,CHEMBL1143807,10.1016/j.bmcl.2006.11.050,17157019,,present,YES,ChEMBL 37 dump extract; MAX of STANDARD_OK pChEMBL
PPARG/PPARA,PGPA_073,CHEMBL24458,33817,A,PPARG,CHEMBL235,118614,CHEMBL762741,F,EC50,=,800,nM,6.1,CHEMBL1145047,10.1021/jm0205144,12904063,,present,NO,ChEMBL 37 dump extract; MAX of STANDARD_OK pChEMBL
PPARG/PPARA,PGPA_073,CHEMBL24458,33817,A,PPARG,CHEMBL235,193091,CHEMBL761027,B,EC50,=,800,nM,6.1,CHEMBL1135098,10.1016/s0960-894x(01)00672-2,11738577,,present,NO,ChEMBL 37 dump extract; MAX of STANDARD_OK pChEMBL
PPARG/PPARA,PGPA_073,CHEMBL24458,33817,A,PPARG,CHEMBL235,347182,CHEMBL857601,B,Kd,=,326,nM,6.49,CHEMBL1131942,10.1016/s0960-894x(99)00039-6,10098657,,present,NO,ChEMBL 37 dump extract; MAX of STANDARD_OK pChEMBL
PPARG/PPARA,PGPA_073,CHEMBL24458,33817,A,PPARG,CHEMBL235,545490,CHEMBL701905,F,EC50,=,83,nM,7.08,CHEMBL1133093,10.1021/jm990554g,10691680,,present,YES,ChEMBL 37 dump extract; MAX of STANDARD_OK pChEMBL
PPARG/PPARA,PGPA_073,CHEMBL24458,33817,A,PPARG,CHEMBL235,989304,CHEMBL760856,F,EC50,=,800,nM,6.1,CHEMBL1136751,10.1021/jm021027r,12672231,,present,NO,ChEMBL 37 dump extract; MAX of STANDARD_OK pChEMBL
PPARG/PPARA,PGPA_073,CHEMBL24458,33817,A,PPARG,CHEMBL235,1036449,CHEMBL824659,B,IC50,=,463,nM,6.33,CHEMBL1134506,10.1021/jm0155188,11405642,,present,NO,ChEMBL 37 dump extract; MAX of STANDARD_OK pChEMBL
PPARG/PPARA,PGPA_073,CHEMBL24458,33817,A,PPARG,CHEMBL235,1036451,CHEMBL824656,B,EC50,=,1090,nM,5.96,CHEMBL1134506,10.1021/jm0155188,11405642,,present,NO,ChEMBL 37 dump extract; MAX of STANDARD_OK pChEMBL
PPARG/PPARA,PGPA_073,CHEMBL24458,33817,A,PPARG,CHEMBL235,1463356,CHEMBL841786,B,Ki,=,330,nM,6.48,CHEMBL1137204,10.1021/jm030631e,15293980,,present,NO,ChEMBL 37 dump extract; MAX of STANDARD_OK pChEMBL
PPARG/PPARA,PGPA_073,CHEMBL24458,33817,A,PPARG,CHEMBL235,1463469,CHEMBL831812,B,EC50,=,800,nM,6.1,CHEMBL1137204,10.1021/jm030631e,15293980,,present,NO,ChEMBL 37 dump extract; MAX of STANDARD_OK pChEMBL
PPARG/PPARA,PGPA_073,CHEMBL24458,33817,A,PPARG,CHEMBL235,1613061,CHEMBL881208,B,Kd,=,330,nM,6.48,CHEMBL1140446,10.1021/jm058225d,16220969,,present,NO,ChEMBL 37 dump extract; MAX of STANDARD_OK pChEMBL
PPARG/PPARA,PGPA_073,CHEMBL24458,33817,A,PPARG,CHEMBL235,6210163,CHEMBL1781231,F,EC50,=,900,nM,6.05,CHEMBL1777685,10.1016/j.bmc.2011.03.053,21515063,,present,NO,ChEMBL 37 dump extract; MAX of STANDARD_OK pChEMBL
PPARG/PPARA,PGPA_073,CHEMBL24458,33817,A,PPARG,CHEMBL235,12188770,CHEMBL2216558,F,EC50,=,1000,nM,6,CHEMBL2203276,10.1016/j.bmcl.2012.09.092,23084275,,present,NO,ChEMBL 37 dump extract; MAX of STANDARD_OK pChEMBL
PPARG/PPARA,PGPA_073,CHEMBL24458,33817,A,PPARG,CHEMBL235,12460643,CHEMBL3057028,B,EC50,=,850,nM,6.07,CHEMBL3046024,10.1007/s00044-010-9428-9,,,present,NO,ChEMBL 37 dump extract; MAX of STANDARD_OK pChEMBL
PPARG/PPARA,PGPA_073,CHEMBL24458,33817,B,PPARA,CHEMBL239,118613,CHEMBL763845,F,EC50,=,1000,nM,6,CHEMBL1145047,10.1021/jm0205144,12904063,,present,NO,ChEMBL 37 dump extract; MAX of STANDARD_OK pChEMBL
PPARG/PPARA,PGPA_073,CHEMBL24458,33817,B,PPARA,CHEMBL239,193090,CHEMBL763567,B,EC50,=,1000,nM,6,CHEMBL1135098,10.1016/s0960-894x(01)00672-2,11738577,,present,NO,ChEMBL 37 dump extract; MAX of STANDARD_OK pChEMBL
PPARG/PPARA,PGPA_073,CHEMBL24458,33817,B,PPARA,CHEMBL239,347181,CHEMBL762045,B,Kd,=,228,nM,6.64,CHEMBL1131942,10.1016/s0960-894x(99)00039-6,10098657,,present,YES,ChEMBL 37 dump extract; MAX of STANDARD_OK pChEMBL
PPARG/PPARA,PGPA_073,CHEMBL24458,33817,B,PPARA,CHEMBL239,545489,CHEMBL700787,F,EC50,=,850,nM,6.07,CHEMBL1133093,10.1021/jm990554g,10691680,,present,NO,ChEMBL 37 dump extract; MAX of STANDARD_OK pChEMBL
PPARG/PPARA,PGPA_073,CHEMBL24458,33817,B,PPARA,CHEMBL239,989303,CHEMBL764652,F,EC50,=,1000,nM,6,CHEMBL1136751,10.1021/jm021027r,12672231,,present,NO,ChEMBL 37 dump extract; MAX of STANDARD_OK pChEMBL
PPARG/PPARA,PGPA_073,CHEMBL24458,33817,B,PPARA,CHEMBL239,1036452,CHEMBL824654,B,IC50,=,914,nM,6.04,CHEMBL1134506,10.1021/jm0155188,11405642,,present,NO,ChEMBL 37 dump extract; MAX of STANDARD_OK pChEMBL
PPARG/PPARA,PGPA_073,CHEMBL24458,33817,B,PPARA,CHEMBL239,1036454,CHEMBL824651,B,EC50,=,922,nM,6.04,CHEMBL1134506,10.1021/jm0155188,11405642,,present,NO,ChEMBL 37 dump extract; MAX of STANDARD_OK pChEMBL
PPARG/PPARA,PGPA_073,CHEMBL24458,33817,B,PPARA,CHEMBL239,1463355,CHEMBL841785,B,Ki,=,230,nM,6.64,CHEMBL1137204,10.1021/jm030631e,15293980,,present,YES,ChEMBL 37 dump extract; MAX of STANDARD_OK pChEMBL
PPARG/PPARA,PGPA_073,CHEMBL24458,33817,B,PPARA,CHEMBL239,1463468,CHEMBL831811,B,EC50,=,1000,nM,6,CHEMBL1137204,10.1021/jm030631e,15293980,,present,NO,ChEMBL 37 dump extract; MAX of STANDARD_OK pChEMBL
PPARG/PPARA,PGPA_073,CHEMBL24458,33817,B,PPARA,CHEMBL239,1613060,CHEMBL880389,B,Kd,=,230,nM,6.64,CHEMBL1140446,10.1021/jm058225d,16220969,,present,YES,ChEMBL 37 dump extract; MAX of STANDARD_OK pChEMBL
PPARG/PPARA,PGPA_073,CHEMBL24458,33817,B,PPARA,CHEMBL239,6210162,CHEMBL1781230,F,EC50,=,400,nM,6.4,CHEMBL1777685,10.1016/j.bmc.2011.03.053,21515063,,present,NO,ChEMBL 37 dump extract; MAX of STANDARD_OK pChEMBL
PPARG/PPARA,PGPA_073,CHEMBL24458,33817,B,PPARA,CHEMBL239,12188793,CHEMBL2216559,F,EC50,=,800,nM,6.1,CHEMBL2203276,10.1016/j.bmcl.2012.09.092,23084275,,present,NO,ChEMBL 37 dump extract; MAX of STANDARD_OK pChEMBL
PPARG/PPARA,PGPA_074,CHEMBL255389,435319,A,PPARG,CHEMBL235,2114856,CHEMBL933079,B,IC50,=,40,nM,7.4,CHEMBL1142250,10.1016/j.bmcl.2008.01.126,18291645,,present,YES,ChEMBL 37 dump extract; MAX of STANDARD_OK pChEMBL
PPARG/PPARA,PGPA_074,CHEMBL255389,435319,A,PPARG,CHEMBL235,2114890,CHEMBL933081,F,EC50,=,120,nM,6.92,CHEMBL1142250,10.1016/j.bmcl.2008.01.126,18291645,,present,NO,ChEMBL 37 dump extract; MAX of STANDARD_OK pChEMBL
PPARG/PPARA,PGPA_074,CHEMBL255389,435319,B,PPARA,CHEMBL239,2114839,CHEMBL933078,B,IC50,=,80,nM,7.1,CHEMBL1142250,10.1016/j.bmcl.2008.01.126,18291645,,present,NO,ChEMBL 37 dump extract; MAX of STANDARD_OK pChEMBL
PPARG/PPARA,PGPA_074,CHEMBL255389,435319,B,PPARA,CHEMBL239,2114873,CHEMBL933080,F,EC50,=,40,nM,7.4,CHEMBL1142250,10.1016/j.bmcl.2008.01.126,18291645,,present,YES,ChEMBL 37 dump extract; MAX of STANDARD_OK pChEMBL
PPARG/PPARA,PGPA_075,CHEMBL256358,426720,A,PPARG,CHEMBL235,2173293,CHEMBL935697,B,IC50,=,861,nM,6.07,CHEMBL1145588,10.1016/j.bmcl.2008.05.014,18511276,,present,NO,ChEMBL 37 dump extract; MAX of STANDARD_OK pChEMBL
PPARG/PPARA,PGPA_075,CHEMBL256358,426720,A,PPARG,CHEMBL235,2173312,CHEMBL935698,F,EC50,=,9,nM,8.05,CHEMBL1145588,10.1016/j.bmcl.2008.05.014,18511276,,present,YES,ChEMBL 37 dump extract; MAX of STANDARD_OK pChEMBL
PPARG/PPARA,PGPA_075,CHEMBL256358,426720,B,PPARA,CHEMBL239,2173273,CHEMBL935696,B,IC50,=,130,nM,6.89,CHEMBL1145588,10.1016/j.bmcl.2008.05.014,18511276,,present,NO,ChEMBL 37 dump extract; MAX of STANDARD_OK pChEMBL
PPARG/PPARA,PGPA_075,CHEMBL256358,426720,B,PPARA,CHEMBL239,2173332,CHEMBL935699,F,EC50,=,10,nM,8,CHEMBL1145588,10.1016/j.bmcl.2008.05.014,18511276,,present,YES,ChEMBL 37 dump extract; MAX of STANDARD_OK pChEMBL
PPARG/PPARA,PGPA_076,CHEMBL256468,435241,A,PPARG,CHEMBL235,2114854,CHEMBL933079,B,IC50,=,110,nM,6.96,CHEMBL1142250,10.1016/j.bmcl.2008.01.126,18291645,,present,NO,ChEMBL 37 dump extract; MAX of STANDARD_OK pChEMBL
PPARG/PPARA,PGPA_076,CHEMBL256468,435241,A,PPARG,CHEMBL235,2114888,CHEMBL933081,F,EC50,=,4,nM,8.4,CHEMBL1142250,10.1016/j.bmcl.2008.01.126,18291645,,present,YES,ChEMBL 37 dump extract; MAX of STANDARD_OK pChEMBL
PPARG/PPARA,PGPA_076,CHEMBL256468,435241,B,PPARA,CHEMBL239,2114837,CHEMBL933078,B,IC50,=,790,nM,6.1,CHEMBL1142250,10.1016/j.bmcl.2008.01.126,18291645,,present,NO,ChEMBL 37 dump extract; MAX of STANDARD_OK pChEMBL
PPARG/PPARA,PGPA_076,CHEMBL256468,435241,B,PPARA,CHEMBL239,2114871,CHEMBL933080,F,EC50,=,10,nM,8,CHEMBL1142250,10.1016/j.bmcl.2008.01.126,18291645,,present,YES,ChEMBL 37 dump extract; MAX of STANDARD_OK pChEMBL
PPARG/PPARA,PGPA_077,CHEMBL270451,435884,A,PPARG,CHEMBL235,2098186,CHEMBL931808,F,EC50,=,120,nM,6.92,CHEMBL1143130,10.1016/j.bmcl.2007.12.001,18162399,,present,YES,ChEMBL 37 dump extract; MAX of STANDARD_OK pChEMBL
PPARG/PPARA,PGPA_077,CHEMBL270451,435884,B,PPARA,CHEMBL239,2098158,CHEMBL931806,F,EC50,=,140,nM,6.85,CHEMBL1143130,10.1016/j.bmcl.2007.12.001,18162399,,present,YES,ChEMBL 37 dump extract; MAX of STANDARD_OK pChEMBL
PPARG/PPARA,PGPA_078,CHEMBL278994,29983,A,PPARG,CHEMBL235,531094,CHEMBL701905,F,EC50,=,5.2,nM,8.28,CHEMBL1133093,10.1021/jm990554g,10691680,,present,YES,ChEMBL 37 dump extract; MAX of STANDARD_OK pChEMBL
PPARG/PPARA,PGPA_078,CHEMBL278994,29983,A,PPARG,CHEMBL235,1177469,CHEMBL759454,B,IC50,=,94,nM,7.03,CHEMBL1136679,10.1016/s0960-894x(03)00115-x,12657263,,present,NO,ChEMBL 37 dump extract; MAX of STANDARD_OK pChEMBL
PPARG/PPARA,PGPA_078,CHEMBL278994,29983,A,PPARG,CHEMBL235,1177472,CHEMBL762736,B,EC50,=,9,nM,8.05,CHEMBL1136679,10.1016/s0960-894x(03)00115-x,12657263,,present,NO,ChEMBL 37 dump extract; MAX of STANDARD_OK pChEMBL
PPARG/PPARA,PGPA_078,CHEMBL278994,29983,A,PPARG,CHEMBL235,6232138,CHEMBL1786324,F,IC50,=,94,nM,7.03,CHEMBL1782050,10.1016/j.ejmech.2011.03.040,21482446,,present,NO,ChEMBL 37 dump extract; MAX of STANDARD_OK pChEMBL
PPARG/PPARA,PGPA_078,CHEMBL278994,29983,A,PPARG,CHEMBL235,10898913,CHEMBL2038597,F,IC50,=,93.97,nM,7.03,CHEMBL2034870,10.1016/j.bmc.2012.04.005,22564380,,present,NO,ChEMBL 37 dump extract; MAX of STANDARD_OK pChEMBL
PPARG/PPARA,PGPA_078,CHEMBL278994,29983,B,PPARA,CHEMBL239,531093,CHEMBL700787,F,EC50,=,4.1,nM,8.39,CHEMBL1133093,10.1021/jm990554g,10691680,,present,YES,ChEMBL 37 dump extract; MAX of STANDARD_OK pChEMBL
PPARG/PPARA,PGPA_078,CHEMBL278994,29983,B,PPARA,CHEMBL239,1177467,CHEMBL765404,B,IC50,=,54,nM,7.27,CHEMBL1136679,10.1016/s0960-894x(03)00115-x,12657263,,present,NO,ChEMBL 37 dump extract; MAX of STANDARD_OK pChEMBL
PPARG/PPARA,PGPA_078,CHEMBL278994,29983,B,PPARA,CHEMBL239,1177470,CHEMBL760606,B,EC50,=,18,nM,7.75,CHEMBL1136679,10.1016/s0960-894x(03)00115-x,12657263,,present,NO,ChEMBL 37 dump extract; MAX of STANDARD_OK pChEMBL
PPARG/PPARA,PGPA_078,CHEMBL278994,29983,B,PPARA,CHEMBL239,10898911,CHEMBL2038446,F,IC50,=,53.95,nM,7.27,CHEMBL2034870,10.1016/j.bmc.2012.04.005,22564380,,present,NO,ChEMBL 37 dump extract; MAX of STANDARD_OK pChEMBL
PPARG/PPARA,PGPA_079,CHEMBL312717,127844,A,PPARG,CHEMBL235,194651,CHEMBL760384,F,IC50,=,169,nM,6.77,CHEMBL1148303,10.1021/jm0342616,15115385,,present,NO,ChEMBL 37 dump extract; MAX of STANDARD_OK pChEMBL
PPARG/PPARA,PGPA_079,CHEMBL312717,127844,A,PPARG,CHEMBL235,194652,CHEMBL759727,B,EC50,=,7,nM,8.15,CHEMBL1148303,10.1021/jm0342616,15115385,,present,YES,ChEMBL 37 dump extract; MAX of STANDARD_OK pChEMBL
PPARG/PPARA,PGPA_079,CHEMBL312717,127844,B,PPARA,CHEMBL239,194649,CHEMBL764507,F,IC50,=,503,nM,6.3,CHEMBL1148303,10.1021/jm0342616,15115385,,present,NO,ChEMBL 37 dump extract; MAX of STANDARD_OK pChEMBL
PPARG/PPARA,PGPA_079,CHEMBL312717,127844,B,PPARA,CHEMBL239,194650,CHEMBL763569,B,EC50,=,69,nM,7.16,CHEMBL1148303,10.1021/jm0342616,15115385,,present,YES,ChEMBL 37 dump extract; MAX of STANDARD_OK pChEMBL
PPARG/PPARA,PGPA_079,CHEMBL312717,127844,B,PPARA,CHEMBL239,1465078,CHEMBL829956,B,IC50,=,503,nM,6.3,CHEMBL1138731,10.1016/j.bmcl.2004.09.031,15546740,,present,NO,ChEMBL 37 dump extract; MAX of STANDARD_OK pChEMBL
PPARG/PPARA,PGPA_079,CHEMBL312717,127844,B,PPARA,CHEMBL239,1465079,CHEMBL828944,B,EC50,=,69,nM,7.16,CHEMBL1138731,10.1016/j.bmcl.2004.09.031,15546740,,present,YES,ChEMBL 37 dump extract; MAX of STANDARD_OK pChEMBL
PPARG/PPARA,PGPA_080,CHEMBL364378,317265,A,PPARG,CHEMBL235,1489717,CHEMBL830984,B,IC50,=,99,nM,7,CHEMBL1140307,10.1021/jm0502135,15974597,,present,YES,ChEMBL 37 dump extract; MAX of STANDARD_OK pChEMBL
PPARG/PPARA,PGPA_080,CHEMBL364378,317265,A,PPARG,CHEMBL235,1489720,CHEMBL832684,F,EC50,=,120,nM,6.92,CHEMBL1140307,10.1021/jm0502135,15974597,,present,NO,ChEMBL 37 dump extract; MAX of STANDARD_OK pChEMBL
PPARG/PPARA,PGPA_080,CHEMBL364378,317265,B,PPARA,CHEMBL239,1489706,CHEMBL830983,B,IC50,=,74,nM,7.13,CHEMBL1140307,10.1021/jm0502135,15974597,,present,YES,ChEMBL 37 dump extract; MAX of STANDARD_OK pChEMBL
PPARG/PPARA,PGPA_080,CHEMBL364378,317265,B,PPARA,CHEMBL239,1489718,CHEMBL832683,F,EC50,=,290,nM,6.54,CHEMBL1140307,10.1021/jm0502135,15974597,,present,NO,ChEMBL 37 dump extract; MAX of STANDARD_OK pChEMBL
PPARG/PPARA,PGPA_081,CHEMBL373685,369558,A,PPARG,CHEMBL235,1813189,CHEMBL912551,B,IC50,=,50,nM,7.3,CHEMBL1146164,10.1016/j.bmcl.2006.09.011,17005394,,present,NO,ChEMBL 37 dump extract; MAX of STANDARD_OK pChEMBL
PPARG/PPARA,PGPA_081,CHEMBL373685,369558,A,PPARG,CHEMBL235,1813202,CHEMBL912552,B,EC50,=,2,nM,8.7,CHEMBL1146164,10.1016/j.bmcl.2006.09.011,17005394,,present,YES,ChEMBL 37 dump extract; MAX of STANDARD_OK pChEMBL
PPARG/PPARA,PGPA_081,CHEMBL373685,369558,B,PPARA,CHEMBL239,1813226,CHEMBL912555,B,IC50,=,516,nM,6.29,CHEMBL1146164,10.1016/j.bmcl.2006.09.011,17005394,,present,NO,ChEMBL 37 dump extract; MAX of STANDARD_OK pChEMBL
PPARG/PPARA,PGPA_081,CHEMBL373685,369558,B,PPARA,CHEMBL239,1813237,CHEMBL912556,B,EC50,=,78,nM,7.11,CHEMBL1146164,10.1016/j.bmcl.2006.09.011,17005394,,present,YES,ChEMBL 37 dump extract; MAX of STANDARD_OK pChEMBL
PPARG/PPARA,PGPA_082,CHEMBL389297,383162,A,PPARG,CHEMBL235,1893437,CHEMBL906214,F,EC50,=,0.54,nM,9.27,CHEMBL1143807,10.1016/j.bmcl.2006.11.050,17157019,,present,YES,ChEMBL 37 dump extract; MAX of STANDARD_OK pChEMBL
PPARG/PPARA,PGPA_082,CHEMBL389297,383162,B,PPARA,CHEMBL239,1893461,CHEMBL906215,F,EC50,=,10.6,nM,7.97,CHEMBL1143807,10.1016/j.bmcl.2006.11.050,17157019,,present,YES,ChEMBL 37 dump extract; MAX of STANDARD_OK pChEMBL
PPARG/PPARA,PGPA_083,CHEMBL427701,411836,A,PPARG,CHEMBL235,2035064,CHEMBL888369,F,EC50,=,130,nM,6.89,CHEMBL1140024,10.1016/j.bmcl.2007.05.066,17553678,,present,YES,ChEMBL 37 dump extract; MAX of STANDARD_OK pChEMBL
PPARG/PPARA,PGPA_083,CHEMBL427701,411836,B,PPARA,CHEMBL239,2035031,CHEMBL888368,F,EC50,=,1,nM,9,CHEMBL1140024,10.1016/j.bmcl.2007.05.066,17553678,,present,YES,ChEMBL 37 dump extract; MAX of STANDARD_OK pChEMBL
PPARG/PPARA,PGPA_084,CHEMBL435523,290981,A,PPARG,CHEMBL235,579033,CHEMBL756623,B,Ki,=,3.1,nM,8.51,CHEMBL1136629,10.1016/s0960-894x(02)01029-6,12617924,,present,YES,ChEMBL 37 dump extract; MAX of STANDARD_OK pChEMBL
PPARG/PPARA,PGPA_084,CHEMBL435523,290981,A,PPARG,CHEMBL235,579036,CHEMBL760858,F,EC50,=,6,nM,8.22,CHEMBL1136629,10.1016/s0960-894x(02)01029-6,12617924,,present,NO,ChEMBL 37 dump extract; MAX of STANDARD_OK pChEMBL
PPARG/PPARA,PGPA_084,CHEMBL435523,290981,A,PPARG,CHEMBL235,14985388,CHEMBL3371805,B,EC50,=,6,nM,8.22,CHEMBL3352104,10.1016/j.bmcl.2014.11.052,25491112,,present,NO,ChEMBL 37 dump extract; MAX of STANDARD_OK pChEMBL
PPARG/PPARA,PGPA_084,CHEMBL435523,290981,B,PPARA,CHEMBL239,579035,CHEMBL766090,B,Ki,=,7.2,nM,8.14,CHEMBL1136629,10.1016/s0960-894x(02)01029-6,12617924,,present,NO,ChEMBL 37 dump extract; MAX of STANDARD_OK pChEMBL
PPARG/PPARA,PGPA_084,CHEMBL435523,290981,B,PPARA,CHEMBL239,579038,CHEMBL764654,F,EC50,=,5,nM,8.3,CHEMBL1136629,10.1016/s0960-894x(02)01029-6,12617924,,present,YES,ChEMBL 37 dump extract; MAX of STANDARD_OK pChEMBL
PPARG/PPARA,PGPA_084,CHEMBL435523,290981,B,PPARA,CHEMBL239,14985378,CHEMBL3371803,B,EC50,=,5,nM,8.3,CHEMBL3352104,10.1016/j.bmcl.2014.11.052,25491112,,present,YES,ChEMBL 37 dump extract; MAX of STANDARD_OK pChEMBL
PPARG/PPARA,PGPA_085,CHEMBL435715,287478,A,PPARG,CHEMBL235,572965,CHEMBL756623,B,Ki,=,26,nM,7.58,CHEMBL1136629,10.1016/s0960-894x(02)01029-6,12617924,,present,YES,ChEMBL 37 dump extract; MAX of STANDARD_OK pChEMBL
PPARG/PPARA,PGPA_085,CHEMBL435715,287478,A,PPARG,CHEMBL235,572968,CHEMBL760858,F,EC50,=,52,nM,7.28,CHEMBL1136629,10.1016/s0960-894x(02)01029-6,12617924,,present,NO,ChEMBL 37 dump extract; MAX of STANDARD_OK pChEMBL
PPARG/PPARA,PGPA_085,CHEMBL435715,287478,B,PPARA,CHEMBL239,572967,CHEMBL766090,B,Ki,=,46,nM,7.34,CHEMBL1136629,10.1016/s0960-894x(02)01029-6,12617924,,present,YES,ChEMBL 37 dump extract; MAX of STANDARD_OK pChEMBL
PPARG/PPARA,PGPA_085,CHEMBL435715,287478,B,PPARA,CHEMBL239,572970,CHEMBL764654,F,EC50,=,50,nM,7.3,CHEMBL1136629,10.1016/s0960-894x(02)01029-6,12617924,,present,NO,ChEMBL 37 dump extract; MAX of STANDARD_OK pChEMBL
PPARG/PPARA,PGPA_086,CHEMBL456752,511893,A,PPARG,CHEMBL235,2241647,CHEMBL972694,F,EC50,=,140,nM,6.85,CHEMBL1156558,10.1016/j.bmcl.2008.07.046,18662876,,present,YES,ChEMBL 37 dump extract; MAX of STANDARD_OK pChEMBL
PPARG/PPARA,PGPA_086,CHEMBL456752,511893,B,PPARA,CHEMBL239,2240639,CHEMBL972692,F,EC50,=,60,nM,7.22,CHEMBL1156558,10.1016/j.bmcl.2008.07.046,18662876,,present,YES,ChEMBL 37 dump extract; MAX of STANDARD_OK pChEMBL
PPARG/PPARA,PGPA_087,CHEMBL456912,496925,A,PPARG,CHEMBL235,2599246,CHEMBL1019543,F,EC50,=,1,nM,9,CHEMBL1154459,10.1016/j.ejmech.2008.01.029,18329751,,present,YES,ChEMBL 37 dump extract; MAX of STANDARD_OK pChEMBL
PPARG/PPARA,PGPA_087,CHEMBL456912,496925,B,PPARA,CHEMBL239,2599204,CHEMBL1019541,F,EC50,=,1,nM,9,CHEMBL1154459,10.1016/j.ejmech.2008.01.029,18329751,,present,YES,ChEMBL 37 dump extract; MAX of STANDARD_OK pChEMBL
PPARG/PPARA,PGPA_088,CHEMBL468160,488475,A,PPARG,CHEMBL235,2565198,CHEMBL979054,F,EC50,=,239,nM,6.62,CHEMBL1155870,10.1016/j.bmc.2008.06.050,18625559,,present,YES,ChEMBL 37 dump extract; MAX of STANDARD_OK pChEMBL
PPARG/PPARA,PGPA_088,CHEMBL468160,488475,B,PPARA,CHEMBL239,2565184,CHEMBL979053,F,EC50,=,0.03,nM,10.52,CHEMBL1155870,10.1016/j.bmc.2008.06.050,18625559,,present,YES,ChEMBL 37 dump extract; MAX of STANDARD_OK pChEMBL
PPARG/PPARA,PGPA_089,CHEMBL472399,452716,A,PPARG,CHEMBL235,2585111,CHEMBL959041,F,EC50,=,30,nM,7.52,CHEMBL1152145,10.1016/j.bmcl.2008.09.094,18947994,,present,YES,ChEMBL 37 dump extract; MAX of STANDARD_OK pChEMBL
PPARG/PPARA,PGPA_089,CHEMBL472399,452716,B,PPARA,CHEMBL239,2585109,CHEMBL959039,F,EC50,=,90,nM,7.05,CHEMBL1152145,10.1016/j.bmcl.2008.09.094,18947994,,present,YES,ChEMBL 37 dump extract; MAX of STANDARD_OK pChEMBL
PPARG/PPARA,PGPA_090,CHEMBL472571,452717,A,PPARG,CHEMBL235,2585114,CHEMBL959041,F,EC50,=,30,nM,7.52,CHEMBL1152145,10.1016/j.bmcl.2008.09.094,18947994,,present,YES,ChEMBL 37 dump extract; MAX of STANDARD_OK pChEMBL
PPARG/PPARA,PGPA_090,CHEMBL472571,452717,B,PPARA,CHEMBL239,2585112,CHEMBL959039,F,EC50,=,4,nM,8.4,CHEMBL1152145,10.1016/j.bmcl.2008.09.094,18947994,,present,YES,ChEMBL 37 dump extract; MAX of STANDARD_OK pChEMBL
PPARG/PPARA,PGPA_091,CHEMBL477119,506506,A,PPARG,CHEMBL235,2182571,CHEMBL942384,B,EC50,=,593,nM,6.23,CHEMBL1156456,10.1074/jbc.m702316200,17403688,,present,NO,ChEMBL 37 dump extract; MAX of STANDARD_OK pChEMBL
PPARG/PPARA,PGPA_091,CHEMBL477119,506506,A,PPARG,CHEMBL235,2182576,CHEMBL942393,B,Kd,=,1978,nM,5.7,CHEMBL1156456,10.1074/jbc.m702316200,17403688,,present,NO,ChEMBL 37 dump extract; MAX of STANDARD_OK pChEMBL
PPARG/PPARA,PGPA_091,CHEMBL477119,506506,A,PPARG,CHEMBL235,2182583,CHEMBL942382,B,Ki,=,971,nM,6.01,CHEMBL1156456,10.1074/jbc.m702316200,17403688,,present,NO,ChEMBL 37 dump extract; MAX of STANDARD_OK pChEMBL
PPARG/PPARA,PGPA_091,CHEMBL477119,506506,A,PPARG,CHEMBL235,2198075,CHEMBL942381,B,EC50,=,208,nM,6.68,CHEMBL1156456,10.1074/jbc.m702316200,17403688,,present,YES,ChEMBL 37 dump extract; MAX of STANDARD_OK pChEMBL
PPARG/PPARA,PGPA_091,CHEMBL477119,506506,A,PPARG,CHEMBL235,12171805,CHEMBL2214369,B,Ki,=,971,nM,6.01,CHEMBL2202967,10.1021/jm201306q,22081932,,present,NO,ChEMBL 37 dump extract; MAX of STANDARD_OK pChEMBL
PPARG/PPARA,PGPA_091,CHEMBL477119,506506,A,PPARG,CHEMBL235,12173006,CHEMBL2214368,B,Kd,=,2000,nM,5.7,CHEMBL2202967,10.1021/jm201306q,22081932,,present,NO,ChEMBL 37 dump extract; MAX of STANDARD_OK pChEMBL
PPARG/PPARA,PGPA_091,CHEMBL477119,506506,A,PPARG,CHEMBL235,12173058,CHEMBL2214362,B,EC50,=,590,nM,6.23,CHEMBL2202967,10.1021/jm201306q,22081932,,present,NO,ChEMBL 37 dump extract; MAX of STANDARD_OK pChEMBL
PPARG/PPARA,PGPA_091,CHEMBL477119,506506,B,PPARA,CHEMBL239,12173080,CHEMBL2214360,B,EC50,=,56,nM,7.25,CHEMBL2202967,10.1021/jm201306q,22081932,,present,YES,ChEMBL 37 dump extract; MAX of STANDARD_OK pChEMBL
PPARG/PPARA,PGPA_092,CHEMBL514568,496924,A,PPARG,CHEMBL235,2599245,CHEMBL1019543,F,EC50,=,250,nM,6.6,CHEMBL1154459,10.1016/j.ejmech.2008.01.029,18329751,,present,YES,ChEMBL 37 dump extract; MAX of STANDARD_OK pChEMBL
PPARG/PPARA,PGPA_092,CHEMBL514568,496924,B,PPARA,CHEMBL239,2599203,CHEMBL1019541,F,EC50,=,100,nM,7,CHEMBL1154459,10.1016/j.ejmech.2008.01.029,18329751,,present,YES,ChEMBL 37 dump extract; MAX of STANDARD_OK pChEMBL
PPARG/PPARA,PGPA_093,CHEMBL520272,475136,A,PPARG,CHEMBL235,2503977,CHEMBL947731,F,EC50,=,31,nM,7.51,CHEMBL1141005,10.1016/j.bmcl.2008.10.062,18976908,,present,YES,ChEMBL 37 dump extract; MAX of STANDARD_OK pChEMBL
PPARG/PPARA,PGPA_093,CHEMBL520272,475136,B,PPARA,CHEMBL239,2503968,CHEMBL947730,F,EC50,=,2,nM,8.7,CHEMBL1141005,10.1016/j.bmcl.2008.10.062,18976908,,present,YES,ChEMBL 37 dump extract; MAX of STANDARD_OK pChEMBL
PPARG/PPARA,PGPA_094,CHEMBL594034,596051,A,PPARG,CHEMBL235,3067035,CHEMBL1066118,B,IC50,=,3,nM,8.52,CHEMBL1152634,10.1016/j.bmc.2009.09.001,19783444,,present,YES,ChEMBL 37 dump extract; MAX of STANDARD_OK pChEMBL
PPARG/PPARA,PGPA_094,CHEMBL594034,596051,A,PPARG,CHEMBL235,3067036,CHEMBL1066121,F,EC50,=,13,nM,7.89,CHEMBL1152634,10.1016/j.bmc.2009.09.001,19783444,,present,NO,ChEMBL 37 dump extract; MAX of STANDARD_OK pChEMBL
PPARG/PPARA,PGPA_094,CHEMBL594034,596051,B,PPARA,CHEMBL239,3067039,CHEMBL1066119,B,IC50,=,34,nM,7.47,CHEMBL1152634,10.1016/j.bmc.2009.09.001,19783444,,present,YES,ChEMBL 37 dump extract; MAX of STANDARD_OK pChEMBL
PPARG/PPARA,PGPA_094,CHEMBL594034,596051,B,PPARA,CHEMBL239,3067040,CHEMBL1066125,F,EC50,=,61,nM,7.21,CHEMBL1152634,10.1016/j.bmc.2009.09.001,19783444,,present,NO,ChEMBL 37 dump extract; MAX of STANDARD_OK pChEMBL
PPARG/PPARA,PGPA_095,CHEMBL80301,125133,A,PPARG,CHEMBL235,152205,CHEMBL760853,F,EC50,=,50,nM,7.3,CHEMBL1133944,10.1016/s0960-894x(01)00458-9,11527737,,present,YES,ChEMBL 37 dump extract; MAX of STANDARD_OK pChEMBL
PPARG/PPARA,PGPA_095,CHEMBL80301,125133,A,PPARG,CHEMBL235,2599061,CHEMBL1019532,F,EC50,=,50,nM,7.3,CHEMBL1154456,10.1016/j.ejmech.2008.01.017,18321611,,present,YES,ChEMBL 37 dump extract; MAX of STANDARD_OK pChEMBL
PPARG/PPARA,PGPA_095,CHEMBL80301,125133,B,PPARA,CHEMBL239,152204,CHEMBL764650,F,EC50,=,79,nM,7.1,CHEMBL1133944,10.1016/s0960-894x(01)00458-9,11527737,,present,YES,ChEMBL 37 dump extract; MAX of STANDARD_OK pChEMBL
PPARG/PPARA,PGPA_095,CHEMBL80301,125133,B,PPARA,CHEMBL239,2599038,CHEMBL1016853,F,EC50,=,79,nM,7.1,CHEMBL1154456,10.1016/j.ejmech.2008.01.017,18321611,,present,YES,ChEMBL 37 dump extract; MAX of STANDARD_OK pChEMBL
PPARG/PPARA,PGPA_096,CHEMBL96143,154677,A,PPARG,CHEMBL235,125483,CHEMBL759452,B,IC50,=,78,nM,7.11,CHEMBL1136170,10.1016/s0960-894x(03)00505-5,12873517,,present,YES,ChEMBL 37 dump extract; MAX of STANDARD_OK pChEMBL
PPARG/PPARA,PGPA_096,CHEMBL96143,154677,A,PPARG,CHEMBL235,125486,CHEMBL760002,F,EC50,=,106,nM,6.97,CHEMBL1136170,10.1016/s0960-894x(03)00505-5,12873517,,present,NO,ChEMBL 37 dump extract; MAX of STANDARD_OK pChEMBL
PPARG/PPARA,PGPA_096,CHEMBL96143,154677,B,PPARA,CHEMBL239,125481,CHEMBL764508,B,IC50,=,112,nM,6.95,CHEMBL1136170,10.1016/s0960-894x(03)00505-5,12873517,,present,NO,ChEMBL 37 dump extract; MAX of STANDARD_OK pChEMBL
PPARG/PPARA,PGPA_096,CHEMBL96143,154677,B,PPARA,CHEMBL239,125484,CHEMBL763850,F,EC50,=,85,nM,7.07,CHEMBL1136170,10.1016/s0960-894x(03)00505-5,12873517,,present,YES,ChEMBL 37 dump extract; MAX of STANDARD_OK pChEMBL
PPARG/PPARA,PGPA_097,CHEMBL1173474,650659,A,PPARG,CHEMBL235,12604658,CHEMBL3069174,B,IC50,=,30000,nM,4.52,CHEMBL3046720,10.1007/s00044-012-0285-6,,,present,YES,ChEMBL 37 dump extract; MAX of STANDARD_OK pChEMBL
PPARG/PPARA,PGPA_097,CHEMBL1173474,650659,B,PPARA,CHEMBL239,12604674,CHEMBL3069175,B,IC50,=,30000,nM,4.52,CHEMBL3046720,10.1007/s00044-012-0285-6,,,present,YES,ChEMBL 37 dump extract; MAX of STANDARD_OK pChEMBL
PPARG/PPARA,PGPA_098,CHEMBL1760267,1137538,A,PPARG,CHEMBL235,6158432,CHEMBL1764899,B,IC50,=,7943.28,nM,5.1,CHEMBL1759972,10.1016/j.bmcl.2011.02.077,21414782,,present,YES,ChEMBL 37 dump extract; MAX of STANDARD_OK pChEMBL
PPARG/PPARA,PGPA_098,CHEMBL1760267,1137538,B,PPARA,CHEMBL239,6158391,CHEMBL1764898,B,IC50,=,19952.62,nM,4.7,CHEMBL1759972,10.1016/j.bmcl.2011.02.077,21414782,,present,YES,ChEMBL 37 dump extract; MAX of STANDARD_OK pChEMBL
PPARG/PPARA,PGPA_099,CHEMBL2011544,1332594,A,PPARG,CHEMBL235,10833280,CHEMBL2014330,B,EC50,=,3600,nM,5.44,CHEMBL2010677,10.1016/j.bmcl.2012.01.136,22381047,,present,YES,ChEMBL 37 dump extract; MAX of STANDARD_OK pChEMBL
PPARG/PPARA,PGPA_099,CHEMBL2011544,1332594,B,PPARA,CHEMBL239,10848093,CHEMBL2014329,B,EC50,=,4000,nM,5.4,CHEMBL2010677,10.1016/j.bmcl.2012.01.136,22381047,,present,YES,ChEMBL 37 dump extract; MAX of STANDARD_OK pChEMBL
PPARG/PPARA,PGPA_100,CHEMBL221923,368380,A,PPARG,CHEMBL235,1810026,CHEMBL853963,B,Ki,=,12000,nM,4.92,CHEMBL1139738,10.1016/j.bmcl.2006.08.110,16973358,,present,YES,ChEMBL 37 dump extract; MAX of STANDARD_OK pChEMBL
PPARG/PPARA,PGPA_100,CHEMBL221923,368380,B,PPARA,CHEMBL239,1810155,CHEMBL853964,B,EC50,=,9400,nM,5.03,CHEMBL1139738,10.1016/j.bmcl.2006.08.110,16973358,,present,YES,ChEMBL 37 dump extract; MAX of STANDARD_OK pChEMBL
PPARG/PPARA,PGPA_101,CHEMBL232799,396533,A,PPARG,CHEMBL235,1968563,CHEMBL896461,F,EC50,=,7170,nM,5.14,CHEMBL1148890,10.1016/j.bmcl.2007.04.057,17507225,,present,YES,ChEMBL 37 dump extract; MAX of STANDARD_OK pChEMBL
PPARG/PPARA,PGPA_101,CHEMBL232799,396533,B,PPARA,CHEMBL239,1968528,CHEMBL896460,F,EC50,=,6210,nM,5.21,CHEMBL1148890,10.1016/j.bmcl.2007.04.057,17507225,,present,YES,ChEMBL 37 dump extract; MAX of STANDARD_OK pChEMBL
PPARG/PPARA,PGPA_102,CHEMBL234587,397303,A,PPARG,CHEMBL235,1968730,CHEMBL896468,B,IC50,=,7580,nM,5.12,CHEMBL1149526,10.1016/j.bmcl.2007.04.047,17512197,,present,YES,ChEMBL 37 dump extract; MAX of STANDARD_OK pChEMBL
PPARG/PPARA,PGPA_102,CHEMBL234587,397303,A,PPARG,CHEMBL235,10898901,CHEMBL2038597,F,IC50,=,7585.78,nM,5.12,CHEMBL2034870,10.1016/j.bmc.2012.04.005,22564380,,present,YES,ChEMBL 37 dump extract; MAX of STANDARD_OK pChEMBL
PPARG/PPARA,PGPA_102,CHEMBL234587,397303,B,PPARA,CHEMBL239,1968654,CHEMBL896467,B,IC50,=,4680,nM,5.33,CHEMBL1149526,10.1016/j.bmcl.2007.04.047,17512197,,present,YES,ChEMBL 37 dump extract; MAX of STANDARD_OK pChEMBL
PPARG/PPARA,PGPA_102,CHEMBL234587,397303,B,PPARA,CHEMBL239,10898899,CHEMBL2038446,F,IC50,=,4677.35,nM,5.33,CHEMBL2034870,10.1016/j.bmc.2012.04.005,22564380,,present,YES,ChEMBL 37 dump extract; MAX of STANDARD_OK pChEMBL
PPARG/PPARA,PGPA_103,CHEMBL327481,141563,A,PPARG,CHEMBL235,338202,CHEMBL762737,B,EC50,=,8500,nM,5.07,CHEMBL1136267,10.1016/s0960-894x(02)00881-8,12482434,,present,YES,ChEMBL 37 dump extract; MAX of STANDARD_OK pChEMBL
PPARG/PPARA,PGPA_103,CHEMBL327481,141563,A,PPARG,CHEMBL235,12531339,CHEMBL3077606,B,EC50,=,8511.38,nM,5.07,CHEMBL3046028,10.1007/s00044-012-0003-4,,,present,YES,ChEMBL 37 dump extract; MAX of STANDARD_OK pChEMBL
PPARG/PPARA,PGPA_103,CHEMBL327481,141563,A,PPARG,CHEMBL235,12531364,CHEMBL3077606,B,EC50,=,8500,nM,5.07,CHEMBL3046028,10.1007/s00044-012-0003-4,,,present,YES,ChEMBL 37 dump extract; MAX of STANDARD_OK pChEMBL
PPARG/PPARA,PGPA_103,CHEMBL327481,141563,B,PPARA,CHEMBL239,338200,CHEMBL760607,B,EC50,=,5300,nM,5.28,CHEMBL1136267,10.1016/s0960-894x(02)00881-8,12482434,,present,YES,ChEMBL 37 dump extract; MAX of STANDARD_OK pChEMBL
PPARG/PPARA,PGPA_103,CHEMBL327481,141563,B,PPARA,CHEMBL239,12531389,CHEMBL3077607,B,EC50,=,5248.07,nM,5.28,CHEMBL3046028,10.1007/s00044-012-0003-4,,,present,YES,ChEMBL 37 dump extract; MAX of STANDARD_OK pChEMBL
PPARG/PPARA,PGPA_103,CHEMBL327481,141563,B,PPARA,CHEMBL239,12531414,CHEMBL3077607,B,EC50,=,5300,nM,5.28,CHEMBL3046028,10.1007/s00044-012-0003-4,,,present,YES,ChEMBL 37 dump extract; MAX of STANDARD_OK pChEMBL
PPARG/PPARA,PGPA_104,CHEMBL3335624,1791760,A,PPARG,CHEMBL235,15150424,CHEMBL3395994,B,EC50,=,4500,nM,5.35,CHEMBL3393039,10.1016/j.bmc.2014.12.013,25583100,,present,YES,ChEMBL 37 dump extract; MAX of STANDARD_OK pChEMBL
PPARG/PPARA,PGPA_104,CHEMBL3335624,1791760,B,PPARA,CHEMBL239,15150408,CHEMBL3395861,B,EC50,=,3600,nM,5.44,CHEMBL3393039,10.1016/j.bmc.2014.12.013,25583100,,present,YES,ChEMBL 37 dump extract; MAX of STANDARD_OK pChEMBL
PPARG/PPARA,PGPA_105,CHEMBL3397548,1829269,A,PPARG,CHEMBL235,15157013,CHEMBL3399721,B,EC50,=,43000,nM,4.37,CHEMBL3396953,10.1016/j.ejmech.2014.11.044,25497132,,present,YES,ChEMBL 37 dump extract; MAX of STANDARD_OK pChEMBL
PPARG/PPARA,PGPA_105,CHEMBL3397548,1829269,B,PPARA,CHEMBL239,15157051,CHEMBL3399719,B,EC50,=,7750,nM,5.11,CHEMBL3396953,10.1016/j.ejmech.2014.11.044,25497132,,present,YES,ChEMBL 37 dump extract; MAX of STANDARD_OK pChEMBL
PPARG/PPARA,PGPA_106,CHEMBL3967369,2176740,A,PPARG,CHEMBL235,17718396,CHEMBL3887499,B,EC50,=,18000,nM,4.75,CHEMBL3886340,,,US-9181181-B2,present,YES,ChEMBL 37 dump extract; MAX of STANDARD_OK pChEMBL
PPARG/PPARA,PGPA_106,CHEMBL3967369,2176740,B,PPARA,CHEMBL239,17718360,CHEMBL3887498,B,EC50,=,4400,nM,5.36,CHEMBL3886340,,,US-9181181-B2,present,YES,ChEMBL 37 dump extract; MAX of STANDARD_OK pChEMBL
PPARG/PPARA,PGPA_107,CHEMBL485088,492896,A,PPARG,CHEMBL235,2255651,CHEMBL1001153,B,IC50,=,3981.07,nM,5.4,CHEMBL1141686,10.1016/j.bmcl.2008.08.011,18722772,,present,YES,ChEMBL 37 dump extract; MAX of STANDARD_OK pChEMBL
PPARG/PPARA,PGPA_107,CHEMBL485088,492896,A,PPARG,CHEMBL235,10899790,CHEMBL2038597,F,IC50,=,3981.07,nM,5.4,CHEMBL2034870,10.1016/j.bmc.2012.04.005,22564380,,present,YES,ChEMBL 37 dump extract; MAX of STANDARD_OK pChEMBL
PPARG/PPARA,PGPA_107,CHEMBL485088,492896,A,PPARG,CHEMBL235,10899793,CHEMBL2038597,F,IC50,=,3981,nM,5.4,CHEMBL2034870,10.1016/j.bmc.2012.04.005,22564380,,present,YES,ChEMBL 37 dump extract; MAX of STANDARD_OK pChEMBL
PPARG/PPARA,PGPA_107,CHEMBL485088,492896,B,PPARA,CHEMBL239,2255616,CHEMBL1001152,B,IC50,=,5011.87,nM,5.3,CHEMBL1141686,10.1016/j.bmcl.2008.08.011,18722772,,present,YES,ChEMBL 37 dump extract; MAX of STANDARD_OK pChEMBL
PPARG/PPARA,PGPA_107,CHEMBL485088,492896,B,PPARA,CHEMBL239,10899788,CHEMBL2038446,F,IC50,=,5011.87,nM,5.3,CHEMBL2034870,10.1016/j.bmc.2012.04.005,22564380,,present,YES,ChEMBL 37 dump extract; MAX of STANDARD_OK pChEMBL
PPARG/PPARA,PGPA_107,CHEMBL485088,492896,B,PPARA,CHEMBL239,10899791,CHEMBL2038446,F,IC50,=,5012,nM,5.3,CHEMBL2034870,10.1016/j.bmc.2012.04.005,22564380,,present,YES,ChEMBL 37 dump extract; MAX of STANDARD_OK pChEMBL
PPARG/PPARA,PGPA_108,CHEMBL520827,493149,A,PPARG,CHEMBL235,2256341,CHEMBL1001153,B,IC50,=,5011.87,nM,5.3,CHEMBL1141686,10.1016/j.bmcl.2008.08.011,18722772,,present,YES,ChEMBL 37 dump extract; MAX of STANDARD_OK pChEMBL
PPARG/PPARA,PGPA_108,CHEMBL520827,493149,A,PPARG,CHEMBL235,10899814,CHEMBL2038597,F,IC50,=,5011.87,nM,5.3,CHEMBL2034870,10.1016/j.bmc.2012.04.005,22564380,,present,YES,ChEMBL 37 dump extract; MAX of STANDARD_OK pChEMBL
PPARG/PPARA,PGPA_108,CHEMBL520827,493149,B,PPARA,CHEMBL239,2255622,CHEMBL1001152,B,IC50,=,7943.28,nM,5.1,CHEMBL1141686,10.1016/j.bmcl.2008.08.011,18722772,,present,YES,ChEMBL 37 dump extract; MAX of STANDARD_OK pChEMBL
PPARG/PPARA,PGPA_108,CHEMBL520827,493149,B,PPARA,CHEMBL239,10899812,CHEMBL2038446,F,IC50,=,7943.28,nM,5.1,CHEMBL2034870,10.1016/j.bmc.2012.04.005,22564380,,present,YES,ChEMBL 37 dump extract; MAX of STANDARD_OK pChEMBL
PPARG/PPARA,PGPA_109,CHEMBL5523389,2900639,A,PPARG,CHEMBL235,25829278,CHEMBL5500702,B,EC50,=,4870,nM,5.31,CHEMBL5500330,10.1016/j.ejmech.2024.116279,38460271,,present,YES,ChEMBL 37 dump extract; MAX of STANDARD_OK pChEMBL
PPARG/PPARA,PGPA_109,CHEMBL5523389,2900639,B,PPARA,CHEMBL239,25829272,CHEMBL5500701,B,EC50,=,40930,nM,4.39,CHEMBL5500330,10.1016/j.ejmech.2024.116279,38460271,,present,YES,ChEMBL 37 dump extract; MAX of STANDARD_OK pChEMBL
PPARG/PPARA,PGPA_110,CHEMBL88917,146022,A,PPARG,CHEMBL235,19304374,CHEMBL4414338,B,EC50,=,36000,nM,4.44,CHEMBL4411340,10.1021/acs.jmedchem.8b01848,30702885,,present,YES,ChEMBL 37 dump extract; MAX of STANDARD_OK pChEMBL
PPARG/PPARA,PGPA_110,CHEMBL88917,146022,B,PPARA,CHEMBL239,19304324,CHEMBL4414330,B,EC50,=,14000,nM,4.85,CHEMBL4411340,10.1021/acs.jmedchem.8b01848,30702885,,present,YES,ChEMBL 37 dump extract; MAX of STANDARD_OK pChEMBL
PPARA/PPARD,PAPD_001,CHEMBL1085795,632059,A,PPARA,CHEMBL239,3313636,CHEMBL1117969,F,EC50,=,20,nM,7.7,CHEMBL1155498,10.1016/j.bmcl.2010.04.019,20452212,,present,YES,ChEMBL 37 dump extract; MAX of STANDARD_OK pChEMBL
PPARA/PPARD,PAPD_001,CHEMBL1085795,632059,B,PPARD,CHEMBL3979,3314388,CHEMBL1117971,F,EC50,=,6000,nM,5.22,CHEMBL1155498,10.1016/j.bmcl.2010.04.019,20452212,,present,YES,ChEMBL 37 dump extract; MAX of STANDARD_OK pChEMBL
PPARA/PPARD,PAPD_002,CHEMBL121,20027,A,PPARA,CHEMBL239,338206,CHEMBL760607,B,EC50,=,4100,nM,5.39,CHEMBL1136267,10.1016/s0960-894x(02)00881-8,12482434,,present,NO,ChEMBL 37 dump extract; MAX of STANDARD_OK pChEMBL
PPARA/PPARD,PAPD_002,CHEMBL121,20027,A,PPARA,CHEMBL239,559345,CHEMBL757773,B,EC50,=,140,nM,6.85,CHEMBL1147472,10.1016/j.bmcl.2004.04.053,15177462,,present,NO,ChEMBL 37 dump extract; MAX of STANDARD_OK pChEMBL
PPARA/PPARD,PAPD_002,CHEMBL121,20027,A,PPARA,CHEMBL239,965508,CHEMBL824642,F,EC50,=,4100,nM,5.39,CHEMBL1135600,10.1021/jm010964g,11831892,,present,NO,ChEMBL 37 dump extract; MAX of STANDARD_OK pChEMBL
PPARA/PPARD,PAPD_002,CHEMBL121,20027,A,PPARA,CHEMBL239,1093568,CHEMBL763853,B,EC50,=,4100,nM,5.39,CHEMBL1145887,10.1021/jm0309046,14584939,,present,NO,ChEMBL 37 dump extract; MAX of STANDARD_OK pChEMBL
PPARA/PPARD,PAPD_002,CHEMBL121,20027,A,PPARA,CHEMBL239,1425272,CHEMBL829753,B,EC50,=,4100,nM,5.39,CHEMBL1142023,10.1016/j.bmcl.2004.12.084,15713415,,present,NO,ChEMBL 37 dump extract; MAX of STANDARD_OK pChEMBL
PPARA/PPARD,PAPD_002,CHEMBL121,20027,A,PPARA,CHEMBL239,1425273,CHEMBL829755,B,EC50,=,200,nM,6.7,CHEMBL1142023,10.1016/j.bmcl.2004.12.084,15713415,,present,NO,ChEMBL 37 dump extract; MAX of STANDARD_OK pChEMBL
PPARA/PPARD,PAPD_002,CHEMBL121,20027,A,PPARA,CHEMBL239,1810160,CHEMBL853964,B,EC50,=,3000,nM,5.52,CHEMBL1139738,10.1016/j.bmcl.2006.08.110,16973358,,present,NO,ChEMBL 37 dump extract; MAX of STANDARD_OK pChEMBL
PPARA/PPARD,PAPD_002,CHEMBL121,20027,A,PPARA,CHEMBL239,1968527,CHEMBL896460,F,EC50,=,3460,nM,5.46,CHEMBL1148890,10.1016/j.bmcl.2007.04.057,17507225,,present,NO,ChEMBL 37 dump extract; MAX of STANDARD_OK pChEMBL
PPARA/PPARD,PAPD_002,CHEMBL121,20027,A,PPARA,CHEMBL239,2026645,CHEMBL887186,F,EC50,=,4100,nM,5.39,CHEMBL1139897,10.1016/j.bmcl.2007.03.015,17379517,,present,NO,ChEMBL 37 dump extract; MAX of STANDARD_OK pChEMBL
PPARA/PPARD,PAPD_002,CHEMBL121,20027,A,PPARA,CHEMBL239,2080379,CHEMBL928498,F,EC50,=,10000,nM,5,CHEMBL1141511,10.1016/j.bmcl.2008.01.067,18255290,,present,NO,ChEMBL 37 dump extract; MAX of STANDARD_OK pChEMBL
PPARA/PPARD,PAPD_002,CHEMBL121,20027,A,PPARA,CHEMBL239,2080399,CHEMBL928500,F,EC50,=,4,nM,8.4,CHEMBL1141511,10.1016/j.bmcl.2008.01.067,18255290,,present,YES,ChEMBL 37 dump extract; MAX of STANDARD_OK pChEMBL
PPARA/PPARD,PAPD_002,CHEMBL121,20027,A,PPARA,CHEMBL239,2371667,CHEMBL1035759,B,EC50,=,3460,nM,5.46,CHEMBL1140178,10.1021/jm8003416,18826205,,present,NO,ChEMBL 37 dump extract; MAX of STANDARD_OK pChEMBL
PPARA/PPARD,PAPD_002,CHEMBL121,20027,A,PPARA,CHEMBL239,2400628,CHEMBL942181,B,EC50,=,39,nM,7.41,CHEMBL1152254,10.1016/j.bmc.2008.09.045,18835719,,present,NO,ChEMBL 37 dump extract; MAX of STANDARD_OK pChEMBL
PPARA/PPARD,PAPD_002,CHEMBL121,20027,A,PPARA,CHEMBL239,2483434,CHEMBL986146,F,EC50,=,3460,nM,5.46,CHEMBL1144193,10.1016/j.bmcl.2008.08.020,18771917,,present,NO,ChEMBL 37 dump extract; MAX of STANDARD_OK pChEMBL
PPARA/PPARD,PAPD_002,CHEMBL121,20027,A,PPARA,CHEMBL239,3253276,CHEMBL1113508,F,EC50,=,10580,nM,4.98,CHEMBL1156991,10.1016/j.bmcl.2010.02.071,20299214,,present,NO,ChEMBL 37 dump extract; MAX of STANDARD_OK pChEMBL
PPARA/PPARD,PAPD_002,CHEMBL121,20027,A,PPARA,CHEMBL239,16454739,CHEMBL3760346,B,EC50,=,240,nM,6.62,CHEMBL3758151,10.1016/j.ejmech.2015.12.049,26774923,,present,NO,ChEMBL 37 dump extract; MAX of STANDARD_OK pChEMBL
PPARA/PPARD,PAPD_002,CHEMBL121,20027,A,PPARA,CHEMBL239,18346802,CHEMBL4139879,B,EC50,=,10000,nM,5,CHEMBL4138119,10.1016/j.ejmech.2017.06.006,28609708,,present,NO,ChEMBL 37 dump extract; MAX of STANDARD_OK pChEMBL
PPARA/PPARD,PAPD_002,CHEMBL121,20027,A,PPARA,CHEMBL239,24353049,CHEMBL5032688,B,EC50,=,3390,nM,5.47,CHEMBL5032493,10.1021/acs.jmedchem.1c00560,33988379,,present,NO,ChEMBL 37 dump extract; MAX of STANDARD_OK pChEMBL
PPARA/PPARD,PAPD_002,CHEMBL121,20027,B,PPARD,CHEMBL3979,559349,CHEMBL760295,B,EC50,=,3620,nM,5.44,CHEMBL1147472,10.1016/j.bmcl.2004.04.053,15177462,,present,YES,ChEMBL 37 dump extract; MAX of STANDARD_OK pChEMBL
PPARA/PPARD,PAPD_002,CHEMBL121,20027,B,PPARD,CHEMBL3979,17771359,CHEMBL3888501,B,EC50,=,5248,nM,5.28,CHEMBL3886734,,,US-9346770-B2,present,NO,ChEMBL 37 dump extract; MAX of STANDARD_OK pChEMBL
PPARA/PPARD,PAPD_002,CHEMBL121,20027,B,PPARD,CHEMBL3979,24353059,CHEMBL5032689,B,EC50,=,8890,nM,5.05,CHEMBL5032493,10.1021/acs.jmedchem.1c00560,33988379,,present,NO,ChEMBL 37 dump extract; MAX of STANDARD_OK pChEMBL
PPARA/PPARD,PAPD_003,CHEMBL180019,300014,A,PPARA,CHEMBL239,1419236,CHEMBL828473,B,IC50,=,16,nM,7.8,CHEMBL1140266,10.1016/j.bmcl.2005.05.028,15950464,,present,NO,ChEMBL 37 dump extract; MAX of STANDARD_OK pChEMBL
PPARA/PPARD,PAPD_003,CHEMBL180019,300014,A,PPARA,CHEMBL239,1419241,CHEMBL838125,F,EC50,=,6,nM,8.22,CHEMBL1140266,10.1016/j.bmcl.2005.05.028,15950464,,present,YES,ChEMBL 37 dump extract; MAX of STANDARD_OK pChEMBL
PPARA/PPARD,PAPD_003,CHEMBL180019,300014,A,PPARA,CHEMBL239,10898866,CHEMBL2038446,F,IC50,=,16,nM,7.8,CHEMBL2034870,10.1016/j.bmc.2012.04.005,22564380,,present,NO,ChEMBL 37 dump extract; MAX of STANDARD_OK pChEMBL
PPARA/PPARD,PAPD_003,CHEMBL180019,300014,B,PPARD,CHEMBL3979,1419239,CHEMBL828474,B,IC50,=,7600,nM,5.12,CHEMBL1140266,10.1016/j.bmcl.2005.05.028,15950464,,present,YES,ChEMBL 37 dump extract; MAX of STANDARD_OK pChEMBL
PPARA/PPARD,PAPD_003,CHEMBL180019,300014,B,PPARD,CHEMBL3979,10898867,CHEMBL2038596,F,IC50,=,7603.26,nM,5.12,CHEMBL2034870,10.1016/j.bmc.2012.04.005,22564380,,present,YES,ChEMBL 37 dump extract; MAX of STANDARD_OK pChEMBL
PPARA/PPARD,PAPD_004,CHEMBL2037010,1346550,A,PPARA,CHEMBL239,10898779,CHEMBL2038446,F,IC50,=,95.06,nM,7.02,CHEMBL2034870,10.1016/j.bmc.2012.04.005,22564380,,present,YES,ChEMBL 37 dump extract; MAX of STANDARD_OK pChEMBL
PPARA/PPARD,PAPD_004,CHEMBL2037010,1346550,A,PPARA,CHEMBL239,10898782,CHEMBL2038446,F,IC50,=,95,nM,7.02,CHEMBL2034870,10.1016/j.bmc.2012.04.005,22564380,,present,YES,ChEMBL 37 dump extract; MAX of STANDARD_OK pChEMBL
PPARA/PPARD,PAPD_004,CHEMBL2037010,1346550,B,PPARD,CHEMBL3979,10898780,CHEMBL2038596,F,IC50,=,3801.89,nM,5.42,CHEMBL2034870,10.1016/j.bmc.2012.04.005,22564380,,present,YES,ChEMBL 37 dump extract; MAX of STANDARD_OK pChEMBL
PPARA/PPARD,PAPD_004,CHEMBL2037010,1346550,B,PPARD,CHEMBL3979,10898783,CHEMBL2038596,F,IC50,=,3800,nM,5.42,CHEMBL2034870,10.1016/j.bmc.2012.04.005,22564380,,present,YES,ChEMBL 37 dump extract; MAX of STANDARD_OK pChEMBL
PPARA/PPARD,PAPD_005,CHEMBL205665,342143,A,PPARA,CHEMBL239,1698434,CHEMBL867227,B,IC50,=,42,nM,7.38,CHEMBL1139027,10.1016/j.bmcl.2005.12.022,16384704,,present,YES,ChEMBL 37 dump extract; MAX of STANDARD_OK pChEMBL
PPARA/PPARD,PAPD_005,CHEMBL205665,342143,A,PPARA,CHEMBL239,1698508,CHEMBL867230,F,EC50,=,54.1,nM,7.27,CHEMBL1139027,10.1016/j.bmcl.2005.12.022,16384704,,present,NO,ChEMBL 37 dump extract; MAX of STANDARD_OK pChEMBL
PPARA/PPARD,PAPD_005,CHEMBL205665,342143,A,PPARA,CHEMBL239,10899674,CHEMBL2038446,F,IC50,=,41.98,nM,7.38,CHEMBL2034870,10.1016/j.bmc.2012.04.005,22564380,,present,YES,ChEMBL 37 dump extract; MAX of STANDARD_OK pChEMBL
PPARA/PPARD,PAPD_005,CHEMBL205665,342143,B,PPARD,CHEMBL3979,1698460,CHEMBL867228,B,IC50,=,4630,nM,5.33,CHEMBL1139027,10.1016/j.bmcl.2005.12.022,16384704,,present,YES,ChEMBL 37 dump extract; MAX of STANDARD_OK pChEMBL
PPARA/PPARD,PAPD_005,CHEMBL205665,342143,B,PPARD,CHEMBL3979,10899675,CHEMBL2038596,F,IC50,=,4634.47,nM,5.33,CHEMBL2034870,10.1016/j.bmc.2012.04.005,22564380,,present,YES,ChEMBL 37 dump extract; MAX of STANDARD_OK pChEMBL
PPARA/PPARD,PAPD_006,CHEMBL209749,354623,A,PPARA,CHEMBL239,1755683,CHEMBL868634,F,EC50,=,810,nM,6.09,CHEMBL1146855,10.1016/j.bmcl.2006.05.007,16737814,,present,NO,ChEMBL 37 dump extract; MAX of STANDARD_OK pChEMBL
PPARA/PPARD,PAPD_006,CHEMBL209749,354623,A,PPARA,CHEMBL239,1755774,CHEMBL864209,B,IC50,=,73,nM,7.14,CHEMBL1146855,10.1016/j.bmcl.2006.05.007,16737814,,present,YES,ChEMBL 37 dump extract; MAX of STANDARD_OK pChEMBL
PPARA/PPARD,PAPD_006,CHEMBL209749,354623,B,PPARD,CHEMBL3979,1755561,CHEMBL868636,F,EC50,=,4600,nM,5.34,CHEMBL1146855,10.1016/j.bmcl.2006.05.007,16737814,,present,YES,ChEMBL 37 dump extract; MAX of STANDARD_OK pChEMBL
PPARA/PPARD,PAPD_007,CHEMBL213782,354849,A,PPARA,CHEMBL239,1755770,CHEMBL864209,B,IC50,=,125,nM,6.9,CHEMBL1146855,10.1016/j.bmcl.2006.05.007,16737814,,present,YES,ChEMBL 37 dump extract; MAX of STANDARD_OK pChEMBL
PPARA/PPARD,PAPD_007,CHEMBL213782,354849,B,PPARD,CHEMBL3979,1755745,CHEMBL868632,B,IC50,=,3500,nM,5.46,CHEMBL1146855,10.1016/j.bmcl.2006.05.007,16737814,,present,YES,ChEMBL 37 dump extract; MAX of STANDARD_OK pChEMBL
PPARA/PPARD,PAPD_008,CHEMBL218094,366666,A,PPARA,CHEMBL239,1814073,CHEMBL854671,F,EC50,=,70,nM,7.16,CHEMBL1141367,10.1021/jm058056x,17243659,,present,YES,ChEMBL 37 dump extract; MAX of STANDARD_OK pChEMBL
PPARA/PPARD,PAPD_008,CHEMBL218094,366666,B,PPARD,CHEMBL3979,1814098,CHEMBL854673,F,EC50,=,4050,nM,5.39,CHEMBL1141367,10.1021/jm058056x,17243659,,present,YES,ChEMBL 37 dump extract; MAX of STANDARD_OK pChEMBL
PPARA/PPARD,PAPD_009,CHEMBL219626,366702,A,PPARA,CHEMBL239,1814067,CHEMBL854671,F,EC50,=,4,nM,8.4,CHEMBL1141367,10.1021/jm058056x,17243659,,present,YES,ChEMBL 37 dump extract; MAX of STANDARD_OK pChEMBL
PPARA/PPARD,PAPD_009,CHEMBL219626,366702,B,PPARD,CHEMBL3979,1814095,CHEMBL854673,F,EC50,=,4600,nM,5.34,CHEMBL1141367,10.1021/jm058056x,17243659,,present,YES,ChEMBL 37 dump extract; MAX of STANDARD_OK pChEMBL
PPARA/PPARD,PAPD_010,CHEMBL24458,33817,A,PPARA,CHEMBL239,118613,CHEMBL763845,F,EC50,=,1000,nM,6,CHEMBL1145047,10.1021/jm0205144,12904063,,present,NO,ChEMBL 37 dump extract; MAX of STANDARD_OK pChEMBL
PPARA/PPARD,PAPD_010,CHEMBL24458,33817,A,PPARA,CHEMBL239,193090,CHEMBL763567,B,EC50,=,1000,nM,6,CHEMBL1135098,10.1016/s0960-894x(01)00672-2,11738577,,present,NO,ChEMBL 37 dump extract; MAX of STANDARD_OK pChEMBL
PPARA/PPARD,PAPD_010,CHEMBL24458,33817,A,PPARA,CHEMBL239,347181,CHEMBL762045,B,Kd,=,228,nM,6.64,CHEMBL1131942,10.1016/s0960-894x(99)00039-6,10098657,,present,YES,ChEMBL 37 dump extract; MAX of STANDARD_OK pChEMBL
PPARA/PPARD,PAPD_010,CHEMBL24458,33817,A,PPARA,CHEMBL239,545489,CHEMBL700787,F,EC50,=,850,nM,6.07,CHEMBL1133093,10.1021/jm990554g,10691680,,present,NO,ChEMBL 37 dump extract; MAX of STANDARD_OK pChEMBL
PPARA/PPARD,PAPD_010,CHEMBL24458,33817,A,PPARA,CHEMBL239,989303,CHEMBL764652,F,EC50,=,1000,nM,6,CHEMBL1136751,10.1021/jm021027r,12672231,,present,NO,ChEMBL 37 dump extract; MAX of STANDARD_OK pChEMBL
PPARA/PPARD,PAPD_010,CHEMBL24458,33817,A,PPARA,CHEMBL239,1036452,CHEMBL824654,B,IC50,=,914,nM,6.04,CHEMBL1134506,10.1021/jm0155188,11405642,,present,NO,ChEMBL 37 dump extract; MAX of STANDARD_OK pChEMBL
PPARA/PPARD,PAPD_010,CHEMBL24458,33817,A,PPARA,CHEMBL239,1036454,CHEMBL824651,B,EC50,=,922,nM,6.04,CHEMBL1134506,10.1021/jm0155188,11405642,,present,NO,ChEMBL 37 dump extract; MAX of STANDARD_OK pChEMBL
PPARA/PPARD,PAPD_010,CHEMBL24458,33817,A,PPARA,CHEMBL239,1463355,CHEMBL841785,B,Ki,=,230,nM,6.64,CHEMBL1137204,10.1021/jm030631e,15293980,,present,YES,ChEMBL 37 dump extract; MAX of STANDARD_OK pChEMBL
PPARA/PPARD,PAPD_010,CHEMBL24458,33817,A,PPARA,CHEMBL239,1463468,CHEMBL831811,B,EC50,=,1000,nM,6,CHEMBL1137204,10.1021/jm030631e,15293980,,present,NO,ChEMBL 37 dump extract; MAX of STANDARD_OK pChEMBL
PPARA/PPARD,PAPD_010,CHEMBL24458,33817,A,PPARA,CHEMBL239,1613060,CHEMBL880389,B,Kd,=,230,nM,6.64,CHEMBL1140446,10.1021/jm058225d,16220969,,present,YES,ChEMBL 37 dump extract; MAX of STANDARD_OK pChEMBL
PPARA/PPARD,PAPD_010,CHEMBL24458,33817,A,PPARA,CHEMBL239,6210162,CHEMBL1781230,F,EC50,=,400,nM,6.4,CHEMBL1777685,10.1016/j.bmc.2011.03.053,21515063,,present,NO,ChEMBL 37 dump extract; MAX of STANDARD_OK pChEMBL
PPARA/PPARD,PAPD_010,CHEMBL24458,33817,A,PPARA,CHEMBL239,12188793,CHEMBL2216559,F,EC50,=,800,nM,6.1,CHEMBL2203276,10.1016/j.bmcl.2012.09.092,23084275,,present,NO,ChEMBL 37 dump extract; MAX of STANDARD_OK pChEMBL
PPARA/PPARD,PAPD_010,CHEMBL24458,33817,B,PPARD,CHEMBL3979,545491,CHEMBL879147,F,EC50,=,9100,nM,5.04,CHEMBL1133093,10.1021/jm990554g,10691680,,present,YES,ChEMBL 37 dump extract; MAX of STANDARD_OK pChEMBL
PPARA/PPARD,PAPD_011,CHEMBL245454,412529,A,PPARA,CHEMBL239,2026658,CHEMBL887186,F,EC50,=,300,nM,6.52,CHEMBL1139897,10.1016/j.bmcl.2007.03.015,17379517,,present,YES,ChEMBL 37 dump extract; MAX of STANDARD_OK pChEMBL
PPARA/PPARD,PAPD_011,CHEMBL245454,412529,B,PPARD,CHEMBL3979,2026710,CHEMBL887190,F,EC50,=,20000,nM,4.7,CHEMBL1139897,10.1016/j.bmcl.2007.03.015,17379517,,present,YES,ChEMBL 37 dump extract; MAX of STANDARD_OK pChEMBL
PPARA/PPARD,PAPD_012,CHEMBL247937,412783,A,PPARA,CHEMBL239,2026756,CHEMBL887186,F,EC50,=,20,nM,7.7,CHEMBL1139897,10.1016/j.bmcl.2007.03.015,17379517,,present,YES,ChEMBL 37 dump extract; MAX of STANDARD_OK pChEMBL
PPARA/PPARD,PAPD_012,CHEMBL247937,412783,B,PPARD,CHEMBL3979,2026760,CHEMBL887190,F,EC50,=,15000,nM,4.82,CHEMBL1139897,10.1016/j.bmcl.2007.03.015,17379517,,present,YES,ChEMBL 37 dump extract; MAX of STANDARD_OK pChEMBL
PPARA/PPARD,PAPD_013,CHEMBL248113,412532,A,PPARA,CHEMBL239,2026655,CHEMBL887186,F,EC50,=,20,nM,7.7,CHEMBL1139897,10.1016/j.bmcl.2007.03.015,17379517,,present,YES,ChEMBL 37 dump extract; MAX of STANDARD_OK pChEMBL
PPARA/PPARD,PAPD_013,CHEMBL248113,412532,B,PPARD,CHEMBL3979,2026707,CHEMBL887190,F,EC50,=,7900,nM,5.1,CHEMBL1139897,10.1016/j.bmcl.2007.03.015,17379517,,present,YES,ChEMBL 37 dump extract; MAX of STANDARD_OK pChEMBL
PPARA/PPARD,PAPD_014,CHEMBL311429,124834,A,PPARA,CHEMBL239,146244,CHEMBL764650,F,EC50,=,160,nM,6.8,CHEMBL1133944,10.1016/s0960-894x(01)00458-9,11527737,,present,YES,ChEMBL 37 dump extract; MAX of STANDARD_OK pChEMBL
PPARA/PPARD,PAPD_014,CHEMBL311429,124834,A,PPARA,CHEMBL239,2599034,CHEMBL1016853,F,EC50,=,160,nM,6.8,CHEMBL1154456,10.1016/j.ejmech.2008.01.017,18321611,,present,YES,ChEMBL 37 dump extract; MAX of STANDARD_OK pChEMBL
PPARA/PPARD,PAPD_014,CHEMBL311429,124834,B,PPARD,CHEMBL3979,146246,CHEMBL760304,F,EC50,=,10000,nM,5,CHEMBL1133944,10.1016/s0960-894x(01)00458-9,11527737,,present,YES,ChEMBL 37 dump extract; MAX of STANDARD_OK pChEMBL
PPARA/PPARD,PAPD_014,CHEMBL311429,124834,B,PPARD,CHEMBL3979,2599080,CHEMBL1019533,F,EC50,=,10000,nM,5,CHEMBL1154456,10.1016/j.ejmech.2008.01.017,18321611,,present,YES,ChEMBL 37 dump extract; MAX of STANDARD_OK pChEMBL
PPARA/PPARD,PAPD_015,CHEMBL3264932,1749926,A,PPARA,CHEMBL239,14643741,CHEMBL3269597,B,IC50,=,77,nM,7.11,CHEMBL3259631,10.1016/j.bmcl.2014.03.090,24745969,,present,YES,ChEMBL 37 dump extract; MAX of STANDARD_OK pChEMBL
PPARA/PPARD,PAPD_015,CHEMBL3264932,1749926,A,PPARA,CHEMBL239,14643794,CHEMBL3269971,B,EC50,=,1400,nM,5.85,CHEMBL3259631,10.1016/j.bmcl.2014.03.090,24745969,,present,NO,ChEMBL 37 dump extract; MAX of STANDARD_OK pChEMBL
PPARA/PPARD,PAPD_015,CHEMBL3264932,1749926,B,PPARD,CHEMBL3979,14643801,CHEMBL3269975,B,IC50,=,6000,nM,5.22,CHEMBL3259631,10.1016/j.bmcl.2014.03.090,24745969,,present,YES,ChEMBL 37 dump extract; MAX of STANDARD_OK pChEMBL
PPARA/PPARD,PAPD_016,CHEMBL3354989,1819113,A,PPARA,CHEMBL239,14985375,CHEMBL3371803,B,EC50,=,4,nM,8.4,CHEMBL3352104,10.1016/j.bmcl.2014.11.052,25491112,,present,YES,ChEMBL 37 dump extract; MAX of STANDARD_OK pChEMBL
PPARA/PPARD,PAPD_016,CHEMBL3354989,1819113,B,PPARD,CHEMBL3979,14985380,CHEMBL3371804,B,EC50,=,25000,nM,4.6,CHEMBL3352104,10.1016/j.bmcl.2014.11.052,25491112,,present,YES,ChEMBL 37 dump extract; MAX of STANDARD_OK pChEMBL
PPARA/PPARD,PAPD_017,CHEMBL360246,300409,A,PPARA,CHEMBL239,1421147,CHEMBL828473,B,IC50,=,140,nM,6.85,CHEMBL1140266,10.1016/j.bmcl.2005.05.028,15950464,,present,NO,ChEMBL 37 dump extract; MAX of STANDARD_OK pChEMBL
PPARA/PPARD,PAPD_017,CHEMBL360246,300409,A,PPARA,CHEMBL239,1421150,CHEMBL838125,F,EC50,=,61,nM,7.21,CHEMBL1140266,10.1016/j.bmcl.2005.05.028,15950464,,present,YES,ChEMBL 37 dump extract; MAX of STANDARD_OK pChEMBL
PPARA/PPARD,PAPD_017,CHEMBL360246,300409,A,PPARA,CHEMBL239,10898776,CHEMBL2038446,F,IC50,=,139.96,nM,6.85,CHEMBL2034870,10.1016/j.bmc.2012.04.005,22564380,,present,NO,ChEMBL 37 dump extract; MAX of STANDARD_OK pChEMBL
PPARA/PPARD,PAPD_017,CHEMBL360246,300409,B,PPARD,CHEMBL3979,1421148,CHEMBL828474,B,IC50,=,5000,nM,5.3,CHEMBL1140266,10.1016/j.bmcl.2005.05.028,15950464,,present,YES,ChEMBL 37 dump extract; MAX of STANDARD_OK pChEMBL
PPARA/PPARD,PAPD_017,CHEMBL360246,300409,B,PPARD,CHEMBL3979,10898777,CHEMBL2038596,F,IC50,=,5000.35,nM,5.3,CHEMBL2034870,10.1016/j.bmc.2012.04.005,22564380,,present,YES,ChEMBL 37 dump extract; MAX of STANDARD_OK pChEMBL
PPARA/PPARD,PAPD_018,CHEMBL367891,299954,A,PPARA,CHEMBL239,1419787,CHEMBL828473,B,IC50,=,40,nM,7.4,CHEMBL1140266,10.1016/j.bmcl.2005.05.028,15950464,,present,NO,ChEMBL 37 dump extract; MAX of STANDARD_OK pChEMBL
PPARA/PPARD,PAPD_018,CHEMBL367891,299954,A,PPARA,CHEMBL239,1419792,CHEMBL838125,F,EC50,=,9,nM,8.05,CHEMBL1140266,10.1016/j.bmcl.2005.05.028,15950464,,present,YES,ChEMBL 37 dump extract; MAX of STANDARD_OK pChEMBL
PPARA/PPARD,PAPD_018,CHEMBL367891,299954,A,PPARA,CHEMBL239,10898791,CHEMBL2038446,F,IC50,=,39.99,nM,7.4,CHEMBL2034870,10.1016/j.bmc.2012.04.005,22564380,,present,NO,ChEMBL 37 dump extract; MAX of STANDARD_OK pChEMBL
PPARA/PPARD,PAPD_018,CHEMBL367891,299954,B,PPARD,CHEMBL3979,1419790,CHEMBL828474,B,IC50,=,10500,nM,4.98,CHEMBL1140266,10.1016/j.bmcl.2005.05.028,15950464,,present,YES,ChEMBL 37 dump extract; MAX of STANDARD_OK pChEMBL
PPARA/PPARD,PAPD_018,CHEMBL367891,299954,B,PPARD,CHEMBL3979,10898792,CHEMBL2038596,F,IC50,=,10495.42,nM,4.98,CHEMBL2034870,10.1016/j.bmc.2012.04.005,22564380,,present,YES,ChEMBL 37 dump extract; MAX of STANDARD_OK pChEMBL
PPARA/PPARD,PAPD_019,CHEMBL376641,366801,A,PPARA,CHEMBL239,1814055,CHEMBL854671,F,EC50,=,4,nM,8.4,CHEMBL1141367,10.1021/jm058056x,17243659,,present,YES,ChEMBL 37 dump extract; MAX of STANDARD_OK pChEMBL
PPARA/PPARD,PAPD_019,CHEMBL376641,366801,B,PPARD,CHEMBL3979,1814091,CHEMBL854673,F,EC50,=,8240,nM,5.08,CHEMBL1141367,10.1021/jm058056x,17243659,,present,YES,ChEMBL 37 dump extract; MAX of STANDARD_OK pChEMBL
PPARA/PPARD,PAPD_020,CHEMBL384203,354999,A,PPARA,CHEMBL239,1755713,CHEMBL868634,F,EC50,=,170,nM,6.77,CHEMBL1146855,10.1016/j.bmcl.2006.05.007,16737814,,present,YES,ChEMBL 37 dump extract; MAX of STANDARD_OK pChEMBL
PPARA/PPARD,PAPD_020,CHEMBL384203,354999,A,PPARA,CHEMBL239,1755790,CHEMBL864209,B,IC50,=,218,nM,6.66,CHEMBL1146855,10.1016/j.bmcl.2006.05.007,16737814,,present,NO,ChEMBL 37 dump extract; MAX of STANDARD_OK pChEMBL
PPARA/PPARD,PAPD_020,CHEMBL384203,354999,B,PPARD,CHEMBL3979,1755591,CHEMBL868636,F,EC50,=,6000,nM,5.22,CHEMBL1146855,10.1016/j.bmcl.2006.05.007,16737814,,present,YES,ChEMBL 37 dump extract; MAX of STANDARD_OK pChEMBL
PPARA/PPARD,PAPD_021,CHEMBL397331,412531,A,PPARA,CHEMBL239,2026656,CHEMBL887186,F,EC50,=,60,nM,7.22,CHEMBL1139897,10.1016/j.bmcl.2007.03.015,17379517,,present,YES,ChEMBL 37 dump extract; MAX of STANDARD_OK pChEMBL
PPARA/PPARD,PAPD_021,CHEMBL397331,412531,B,PPARD,CHEMBL3979,2026708,CHEMBL887190,F,EC50,=,13000,nM,4.89,CHEMBL1139897,10.1016/j.bmcl.2007.03.015,17379517,,present,YES,ChEMBL 37 dump extract; MAX of STANDARD_OK pChEMBL
PPARA/PPARD,PAPD_022,CHEMBL424133,247418,A,PPARA,CHEMBL239,927133,CHEMBL765406,B,IC50,=,24,nM,7.62,CHEMBL1145902,10.1021/jm034173l,14613314,,present,YES,ChEMBL 37 dump extract; MAX of STANDARD_OK pChEMBL
PPARA/PPARD,PAPD_022,CHEMBL424133,247418,A,PPARA,CHEMBL239,927134,CHEMBL760605,F,EC50,=,42,nM,7.38,CHEMBL1145902,10.1021/jm034173l,14613314,,present,NO,ChEMBL 37 dump extract; MAX of STANDARD_OK pChEMBL
PPARA/PPARD,PAPD_022,CHEMBL424133,247418,A,PPARA,CHEMBL239,10898749,CHEMBL2038446,F,IC50,=,23.99,nM,7.62,CHEMBL2034870,10.1016/j.bmc.2012.04.005,22564380,,present,YES,ChEMBL 37 dump extract; MAX of STANDARD_OK pChEMBL
PPARA/PPARD,PAPD_022,CHEMBL424133,247418,A,PPARA,CHEMBL239,14643723,CHEMBL3269595,B,EC50,=,42,nM,7.38,CHEMBL3259631,10.1016/j.bmcl.2014.03.090,24745969,,present,NO,ChEMBL 37 dump extract; MAX of STANDARD_OK pChEMBL
PPARA/PPARD,PAPD_022,CHEMBL424133,247418,A,PPARA,CHEMBL239,18954845,CHEMBL4332195,B,EC50,=,42,nM,7.38,CHEMBL4330102,10.1016/j.bmcl.2018.12.045,30594433,,present,NO,ChEMBL 37 dump extract; MAX of STANDARD_OK pChEMBL
PPARA/PPARD,PAPD_022,CHEMBL424133,247418,B,PPARD,CHEMBL3979,927137,CHEMBL759297,B,IC50,=,3800,nM,5.42,CHEMBL1145902,10.1021/jm034173l,14613314,,present,YES,ChEMBL 37 dump extract; MAX of STANDARD_OK pChEMBL
PPARA/PPARD,PAPD_022,CHEMBL424133,247418,B,PPARD,CHEMBL3979,10898750,CHEMBL2038596,F,IC50,=,3801.89,nM,5.42,CHEMBL2034870,10.1016/j.bmc.2012.04.005,22564380,,present,YES,ChEMBL 37 dump extract; MAX of STANDARD_OK pChEMBL
PPARA/PPARD,PAPD_023,CHEMBL492535,477134,A,PPARA,CHEMBL239,2278457,CHEMBL1022408,F,EC50,=,50,nM,7.3,CHEMBL1153404,10.1021/jm801594x,19301897,,present,YES,ChEMBL 37 dump extract; MAX of STANDARD_OK pChEMBL
PPARA/PPARD,PAPD_023,CHEMBL492535,477134,B,PPARD,CHEMBL3979,2278499,CHEMBL1022410,F,EC50,=,4450,nM,5.35,CHEMBL1153404,10.1021/jm801594x,19301897,,present,YES,ChEMBL 37 dump extract; MAX of STANDARD_OK pChEMBL
PPARA/PPARD,PAPD_024,CHEMBL6039877,3256878,A,PPARA,CHEMBL239,28635230,CHEMBL5737883,B,EC50,=,307,nM,6.51,CHEMBL5728998,,,US-11261170-B2,present,YES,ChEMBL 37 dump extract; MAX of STANDARD_OK pChEMBL
PPARA/PPARD,PAPD_024,CHEMBL6039877,3256878,B,PPARD,CHEMBL3979,28635266,CHEMBL5737884,B,EC50,=,6700,nM,5.17,CHEMBL5728998,,,US-11261170-B2,present,YES,ChEMBL 37 dump extract; MAX of STANDARD_OK pChEMBL
PPARA/PPARD,PAPD_025,CHEMBL76676,125332,A,PPARA,CHEMBL239,181655,CHEMBL764650,F,EC50,=,40,nM,7.4,CHEMBL1133944,10.1016/s0960-894x(01)00458-9,11527737,,present,YES,ChEMBL 37 dump extract; MAX of STANDARD_OK pChEMBL
PPARA/PPARD,PAPD_025,CHEMBL76676,125332,A,PPARA,CHEMBL239,2599045,CHEMBL1016853,F,EC50,=,40,nM,7.4,CHEMBL1154456,10.1016/j.ejmech.2008.01.017,18321611,,present,YES,ChEMBL 37 dump extract; MAX of STANDARD_OK pChEMBL
PPARA/PPARD,PAPD_025,CHEMBL76676,125332,B,PPARD,CHEMBL3979,181657,CHEMBL760304,F,EC50,=,5000,nM,5.3,CHEMBL1133944,10.1016/s0960-894x(01)00458-9,11527737,,present,YES,ChEMBL 37 dump extract; MAX of STANDARD_OK pChEMBL
PPARA/PPARD,PAPD_025,CHEMBL76676,125332,B,PPARD,CHEMBL3979,2599091,CHEMBL1019533,F,EC50,=,5000,nM,5.3,CHEMBL1154456,10.1016/j.ejmech.2008.01.017,18321611,,present,YES,ChEMBL 37 dump extract; MAX of STANDARD_OK pChEMBL
PPARA/PPARD,PAPD_026,CHEMBL77502,128447,A,PPARA,CHEMBL239,194643,CHEMBL764507,F,IC50,=,28,nM,7.55,CHEMBL1148303,10.1021/jm0342616,15115385,,present,NO,ChEMBL 37 dump extract; MAX of STANDARD_OK pChEMBL
PPARA/PPARD,PAPD_026,CHEMBL77502,128447,A,PPARA,CHEMBL239,194644,CHEMBL763569,B,EC50,=,9,nM,8.05,CHEMBL1148303,10.1021/jm0342616,15115385,,present,YES,ChEMBL 37 dump extract; MAX of STANDARD_OK pChEMBL
PPARA/PPARD,PAPD_026,CHEMBL77502,128447,A,PPARA,CHEMBL239,10898713,CHEMBL2038446,F,IC50,=,44.98,nM,7.35,CHEMBL2034870,10.1016/j.bmc.2012.04.005,22564380,,present,NO,ChEMBL 37 dump extract; MAX of STANDARD_OK pChEMBL
PPARA/PPARD,PAPD_026,CHEMBL77502,128447,A,PPARA,CHEMBL239,10898716,CHEMBL2038446,F,IC50,=,28,nM,7.55,CHEMBL2034870,10.1016/j.bmc.2012.04.005,22564380,,present,NO,ChEMBL 37 dump extract; MAX of STANDARD_OK pChEMBL
PPARA/PPARD,PAPD_026,CHEMBL77502,128447,A,PPARA,CHEMBL239,12390151,CHEMBL3052672,B,EC50,=,8.913,nM,8.05,CHEMBL3046236,10.1007/s00044-011-9818-7,,,present,YES,ChEMBL 37 dump extract; MAX of STANDARD_OK pChEMBL
PPARA/PPARD,PAPD_026,CHEMBL77502,128447,A,PPARA,CHEMBL239,12531398,CHEMBL3077607,B,EC50,=,8.913,nM,8.05,CHEMBL3046028,10.1007/s00044-012-0003-4,,,present,YES,ChEMBL 37 dump extract; MAX of STANDARD_OK pChEMBL
PPARA/PPARD,PAPD_026,CHEMBL77502,128447,A,PPARA,CHEMBL239,12531423,CHEMBL3077607,B,EC50,=,9,nM,8.05,CHEMBL3046028,10.1007/s00044-012-0003-4,,,present,YES,ChEMBL 37 dump extract; MAX of STANDARD_OK pChEMBL
PPARA/PPARD,PAPD_026,CHEMBL77502,128447,B,PPARD,CHEMBL3979,194647,CHEMBL759402,F,IC50,=,5253,nM,5.28,CHEMBL1148303,10.1021/jm0342616,15115385,,present,YES,ChEMBL 37 dump extract; MAX of STANDARD_OK pChEMBL
PPARA/PPARD,PAPD_026,CHEMBL77502,128447,B,PPARD,CHEMBL3979,10898714,CHEMBL2038596,F,IC50,=,5248.07,nM,5.28,CHEMBL2034870,10.1016/j.bmc.2012.04.005,22564380,,present,YES,ChEMBL 37 dump extract; MAX of STANDARD_OK pChEMBL
PPARA/PPARD,PAPD_026,CHEMBL77502,128447,B,PPARD,CHEMBL3979,10898717,CHEMBL2038596,F,IC50,=,5253,nM,5.28,CHEMBL2034870,10.1016/j.bmc.2012.04.005,22564380,,present,YES,ChEMBL 37 dump extract; MAX of STANDARD_OK pChEMBL
PPARA/PPARD,PAPD_027,CHEMBL78523,125102,A,PPARA,CHEMBL239,154685,CHEMBL764650,F,EC50,=,160,nM,6.8,CHEMBL1133944,10.1016/s0960-894x(01)00458-9,11527737,,present,YES,ChEMBL 37 dump extract; MAX of STANDARD_OK pChEMBL
PPARA/PPARD,PAPD_027,CHEMBL78523,125102,A,PPARA,CHEMBL239,2599036,CHEMBL1016853,F,EC50,=,160,nM,6.8,CHEMBL1154456,10.1016/j.ejmech.2008.01.017,18321611,,present,YES,ChEMBL 37 dump extract; MAX of STANDARD_OK pChEMBL
PPARA/PPARD,PAPD_027,CHEMBL78523,125102,B,PPARD,CHEMBL3979,154687,CHEMBL760304,F,EC50,=,7900,nM,5.1,CHEMBL1133944,10.1016/s0960-894x(01)00458-9,11527737,,present,YES,ChEMBL 37 dump extract; MAX of STANDARD_OK pChEMBL
PPARA/PPARD,PAPD_027,CHEMBL78523,125102,B,PPARD,CHEMBL3979,2599082,CHEMBL1019533,F,EC50,=,7900,nM,5.1,CHEMBL1154456,10.1016/j.ejmech.2008.01.017,18321611,,present,YES,ChEMBL 37 dump extract; MAX of STANDARD_OK pChEMBL
PPARA/PPARD,PAPD_028,CHEMBL79426,127305,A,PPARA,CHEMBL239,197948,CHEMBL764507,F,IC50,=,618,nM,6.21,CHEMBL1148303,10.1021/jm0342616,15115385,,present,NO,ChEMBL 37 dump extract; MAX of STANDARD_OK pChEMBL
PPARA/PPARD,PAPD_028,CHEMBL79426,127305,A,PPARA,CHEMBL239,197949,CHEMBL763569,B,EC50,=,67,nM,7.17,CHEMBL1148303,10.1021/jm0342616,15115385,,present,YES,ChEMBL 37 dump extract; MAX of STANDARD_OK pChEMBL
PPARA/PPARD,PAPD_028,CHEMBL79426,127305,A,PPARA,CHEMBL239,10898740,CHEMBL2038446,F,IC50,=,618.02,nM,6.21,CHEMBL2034870,10.1016/j.bmc.2012.04.005,22564380,,present,NO,ChEMBL 37 dump extract; MAX of STANDARD_OK pChEMBL
PPARA/PPARD,PAPD_028,CHEMBL79426,127305,B,PPARD,CHEMBL3979,197952,CHEMBL759402,F,IC50,=,6749,nM,5.17,CHEMBL1148303,10.1021/jm0342616,15115385,,present,YES,ChEMBL 37 dump extract; MAX of STANDARD_OK pChEMBL
PPARA/PPARD,PAPD_028,CHEMBL79426,127305,B,PPARD,CHEMBL3979,10898741,CHEMBL2038596,F,IC50,=,6745.28,nM,5.17,CHEMBL2034870,10.1016/j.bmc.2012.04.005,22564380,,present,YES,ChEMBL 37 dump extract; MAX of STANDARD_OK pChEMBL
PPARA/PPARD,PAPD_029,CHEMBL80364,125376,A,PPARA,CHEMBL239,171902,CHEMBL764650,F,EC50,=,13,nM,7.89,CHEMBL1133944,10.1016/s0960-894x(01)00458-9,11527737,,present,YES,ChEMBL 37 dump extract; MAX of STANDARD_OK pChEMBL
PPARA/PPARD,PAPD_029,CHEMBL80364,125376,A,PPARA,CHEMBL239,2599044,CHEMBL1016853,F,EC50,=,13,nM,7.89,CHEMBL1154456,10.1016/j.ejmech.2008.01.017,18321611,,present,YES,ChEMBL 37 dump extract; MAX of STANDARD_OK pChEMBL
PPARA/PPARD,PAPD_029,CHEMBL80364,125376,B,PPARD,CHEMBL3979,171904,CHEMBL760304,F,EC50,=,7900,nM,5.1,CHEMBL1133944,10.1016/s0960-894x(01)00458-9,11527737,,present,YES,ChEMBL 37 dump extract; MAX of STANDARD_OK pChEMBL
PPARA/PPARD,PAPD_029,CHEMBL80364,125376,B,PPARD,CHEMBL3979,2599090,CHEMBL1019533,F,EC50,=,7900,nM,5.1,CHEMBL1154456,10.1016/j.ejmech.2008.01.017,18321611,,present,YES,ChEMBL 37 dump extract; MAX of STANDARD_OK pChEMBL
PPARA/PPARD,PAPD_030,CHEMBL80772,124835,A,PPARA,CHEMBL239,173053,CHEMBL764650,F,EC50,=,79,nM,7.1,CHEMBL1133944,10.1016/s0960-894x(01)00458-9,11527737,,present,YES,ChEMBL 37 dump extract; MAX of STANDARD_OK pChEMBL
PPARA/PPARD,PAPD_030,CHEMBL80772,124835,A,PPARA,CHEMBL239,2599035,CHEMBL1016853,F,EC50,=,79,nM,7.1,CHEMBL1154456,10.1016/j.ejmech.2008.01.017,18321611,,present,YES,ChEMBL 37 dump extract; MAX of STANDARD_OK pChEMBL
PPARA/PPARD,PAPD_030,CHEMBL80772,124835,B,PPARD,CHEMBL3979,173055,CHEMBL760304,F,EC50,=,7900,nM,5.1,CHEMBL1133944,10.1016/s0960-894x(01)00458-9,11527737,,present,YES,ChEMBL 37 dump extract; MAX of STANDARD_OK pChEMBL
PPARA/PPARD,PAPD_030,CHEMBL80772,124835,B,PPARD,CHEMBL3979,2599081,CHEMBL1019533,F,EC50,=,7900,nM,5.1,CHEMBL1154456,10.1016/j.ejmech.2008.01.017,18321611,,present,YES,ChEMBL 37 dump extract; MAX of STANDARD_OK pChEMBL
PPARA/PPARD,PAPD_031,CHEMBL80905,125340,A,PPARA,CHEMBL239,148680,CHEMBL764650,F,EC50,=,20,nM,7.7,CHEMBL1133944,10.1016/s0960-894x(01)00458-9,11527737,,present,YES,ChEMBL 37 dump extract; MAX of STANDARD_OK pChEMBL
PPARA/PPARD,PAPD_031,CHEMBL80905,125340,A,PPARA,CHEMBL239,2599043,CHEMBL1016853,F,EC50,=,20,nM,7.7,CHEMBL1154456,10.1016/j.ejmech.2008.01.017,18321611,,present,YES,ChEMBL 37 dump extract; MAX of STANDARD_OK pChEMBL
PPARA/PPARD,PAPD_031,CHEMBL80905,125340,B,PPARD,CHEMBL3979,148682,CHEMBL760304,F,EC50,=,7900,nM,5.1,CHEMBL1133944,10.1016/s0960-894x(01)00458-9,11527737,,present,YES,ChEMBL 37 dump extract; MAX of STANDARD_OK pChEMBL
PPARA/PPARD,PAPD_031,CHEMBL80905,125340,B,PPARD,CHEMBL3979,2599089,CHEMBL1019533,F,EC50,=,7900,nM,5.1,CHEMBL1154456,10.1016/j.ejmech.2008.01.017,18321611,,present,YES,ChEMBL 37 dump extract; MAX of STANDARD_OK pChEMBL
PPARA/PPARD,PAPD_032,CHEMBL82034,127798,A,PPARA,CHEMBL239,186295,CHEMBL764507,F,IC50,=,42,nM,7.38,CHEMBL1148303,10.1021/jm0342616,15115385,,present,NO,ChEMBL 37 dump extract; MAX of STANDARD_OK pChEMBL
PPARA/PPARD,PAPD_032,CHEMBL82034,127798,A,PPARA,CHEMBL239,186296,CHEMBL763569,B,EC50,=,12,nM,7.92,CHEMBL1148303,10.1021/jm0342616,15115385,,present,YES,ChEMBL 37 dump extract; MAX of STANDARD_OK pChEMBL
PPARA/PPARD,PAPD_032,CHEMBL82034,127798,A,PPARA,CHEMBL239,1464702,CHEMBL829956,B,IC50,=,42,nM,7.38,CHEMBL1138731,10.1016/j.bmcl.2004.09.031,15546740,,present,NO,ChEMBL 37 dump extract; MAX of STANDARD_OK pChEMBL
PPARA/PPARD,PAPD_032,CHEMBL82034,127798,A,PPARA,CHEMBL239,1464703,CHEMBL828944,B,EC50,=,12,nM,7.92,CHEMBL1138731,10.1016/j.bmcl.2004.09.031,15546740,,present,YES,ChEMBL 37 dump extract; MAX of STANDARD_OK pChEMBL
PPARA/PPARD,PAPD_032,CHEMBL82034,127798,A,PPARA,CHEMBL239,1600373,CHEMBL881516,B,IC50,=,42,nM,7.38,CHEMBL1140446,10.1021/jm058225d,16220969,,present,NO,ChEMBL 37 dump extract; MAX of STANDARD_OK pChEMBL
PPARA/PPARD,PAPD_032,CHEMBL82034,127798,A,PPARA,CHEMBL239,10898728,CHEMBL2038446,F,IC50,=,41.98,nM,7.38,CHEMBL2034870,10.1016/j.bmc.2012.04.005,22564380,,present,NO,ChEMBL 37 dump extract; MAX of STANDARD_OK pChEMBL
PPARA/PPARD,PAPD_032,CHEMBL82034,127798,A,PPARA,CHEMBL239,10898731,CHEMBL2038446,F,IC50,=,42,nM,7.38,CHEMBL2034870,10.1016/j.bmc.2012.04.005,22564380,,present,NO,ChEMBL 37 dump extract; MAX of STANDARD_OK pChEMBL
PPARA/PPARD,PAPD_032,CHEMBL82034,127798,B,PPARD,CHEMBL3979,186299,CHEMBL759402,F,IC50,=,7113,nM,5.15,CHEMBL1148303,10.1021/jm0342616,15115385,,present,YES,ChEMBL 37 dump extract; MAX of STANDARD_OK pChEMBL
PPARA/PPARD,PAPD_032,CHEMBL82034,127798,B,PPARD,CHEMBL3979,10898729,CHEMBL2038596,F,IC50,=,7112.14,nM,5.15,CHEMBL2034870,10.1016/j.bmc.2012.04.005,22564380,,present,YES,ChEMBL 37 dump extract; MAX of STANDARD_OK pChEMBL
PPARA/PPARD,PAPD_032,CHEMBL82034,127798,B,PPARD,CHEMBL3979,10898732,CHEMBL2038596,F,IC50,=,7113,nM,5.15,CHEMBL2034870,10.1016/j.bmc.2012.04.005,22564380,,present,YES,ChEMBL 37 dump extract; MAX of STANDARD_OK pChEMBL
PPARA/PPARD,PAPD_033,CHEMBL1075705,610337,A,PPARA,CHEMBL239,3209374,CHEMBL1114854,B,EC50,=,5200,nM,5.28,CHEMBL1153748,10.1021/jm9007399,19928766,,present,YES,ChEMBL 37 dump extract; MAX of STANDARD_OK pChEMBL
PPARA/PPARD,PAPD_033,CHEMBL1075705,610337,B,PPARD,CHEMBL3979,3209356,CHEMBL1114856,B,EC50,=,52,nM,7.28,CHEMBL1153748,10.1021/jm9007399,19928766,,present,YES,ChEMBL 37 dump extract; MAX of STANDARD_OK pChEMBL
PPARA/PPARD,PAPD_034,CHEMBL1254756,704223,A,PPARA,CHEMBL239,3465518,CHEMBL1250698,F,EC50,=,4200,nM,5.38,CHEMBL1250551,10.1016/j.bmc.2010.08.041,20843696,,present,YES,ChEMBL 37 dump extract; MAX of STANDARD_OK pChEMBL
PPARA/PPARD,PAPD_034,CHEMBL1254756,704223,A,PPARA,CHEMBL239,6212863,CHEMBL1785454,F,EC50,=,4200,nM,5.38,CHEMBL1782016,10.1021/jm101356p,21344906,,present,YES,ChEMBL 37 dump extract; MAX of STANDARD_OK pChEMBL
PPARA/PPARD,PAPD_034,CHEMBL1254756,704223,B,PPARD,CHEMBL3979,3465516,CHEMBL1250695,F,EC50,=,76,nM,7.12,CHEMBL1250551,10.1016/j.bmc.2010.08.041,20843696,,present,YES,ChEMBL 37 dump extract; MAX of STANDARD_OK pChEMBL
PPARA/PPARD,PAPD_034,CHEMBL1254756,704223,B,PPARD,CHEMBL3979,6213725,CHEMBL1786471,F,EC50,=,76,nM,7.12,CHEMBL1782016,10.1021/jm101356p,21344906,,present,YES,ChEMBL 37 dump extract; MAX of STANDARD_OK pChEMBL
PPARA/PPARD,PAPD_035,CHEMBL1760269,1137540,A,PPARA,CHEMBL239,6158393,CHEMBL1764898,B,IC50,=,15848.93,nM,4.8,CHEMBL1759972,10.1016/j.bmcl.2011.02.077,21414782,,present,YES,ChEMBL 37 dump extract; MAX of STANDARD_OK pChEMBL
PPARA/PPARD,PAPD_035,CHEMBL1760269,1137540,B,PPARD,CHEMBL3979,6158035,CHEMBL1764897,B,IC50,=,63.1,nM,7.2,CHEMBL1759972,10.1016/j.bmcl.2011.02.077,21414782,,present,YES,ChEMBL 37 dump extract; MAX of STANDARD_OK pChEMBL
PPARA/PPARD,PAPD_035,CHEMBL1760269,1137540,B,PPARD,CHEMBL3979,6158475,CHEMBL1764900,F,EC50,=,125.89,nM,6.9,CHEMBL1759972,10.1016/j.bmcl.2011.02.077,21414782,,present,NO,ChEMBL 37 dump extract; MAX of STANDARD_OK pChEMBL
PPARA/PPARD,PAPD_036,CHEMBL1760400,1137672,A,PPARA,CHEMBL239,6158400,CHEMBL1764898,B,IC50,=,15848.93,nM,4.8,CHEMBL1759972,10.1016/j.bmcl.2011.02.077,21414782,,present,YES,ChEMBL 37 dump extract; MAX of STANDARD_OK pChEMBL
PPARA/PPARD,PAPD_036,CHEMBL1760400,1137672,B,PPARD,CHEMBL3979,6158042,CHEMBL1764897,B,IC50,=,158.49,nM,6.8,CHEMBL1759972,10.1016/j.bmcl.2011.02.077,21414782,,present,YES,ChEMBL 37 dump extract; MAX of STANDARD_OK pChEMBL
PPARA/PPARD,PAPD_036,CHEMBL1760400,1137672,B,PPARD,CHEMBL3979,6158482,CHEMBL1764900,F,EC50,=,316.23,nM,6.5,CHEMBL1759972,10.1016/j.bmcl.2011.02.077,21414782,,present,NO,ChEMBL 37 dump extract; MAX of STANDARD_OK pChEMBL
PPARA/PPARD,PAPD_037,CHEMBL1760405,1137677,A,PPARA,CHEMBL239,6158405,CHEMBL1764898,B,IC50,=,19952.62,nM,4.7,CHEMBL1759972,10.1016/j.bmcl.2011.02.077,21414782,,present,YES,ChEMBL 37 dump extract; MAX of STANDARD_OK pChEMBL
PPARA/PPARD,PAPD_037,CHEMBL1760405,1137677,B,PPARD,CHEMBL3979,6158047,CHEMBL1764897,B,IC50,=,125.89,nM,6.9,CHEMBL1759972,10.1016/j.bmcl.2011.02.077,21414782,,present,NO,ChEMBL 37 dump extract; MAX of STANDARD_OK pChEMBL
PPARA/PPARD,PAPD_037,CHEMBL1760405,1137677,B,PPARD,CHEMBL3979,6158487,CHEMBL1764900,F,EC50,=,79.43,nM,7.1,CHEMBL1759972,10.1016/j.bmcl.2011.02.077,21414782,,present,YES,ChEMBL 37 dump extract; MAX of STANDARD_OK pChEMBL
PPARA/PPARD,PAPD_038,CHEMBL1760414,1137686,A,PPARA,CHEMBL239,6158414,CHEMBL1764898,B,IC50,=,19952.62,nM,4.7,CHEMBL1759972,10.1016/j.bmcl.2011.02.077,21414782,,present,YES,ChEMBL 37 dump extract; MAX of STANDARD_OK pChEMBL
PPARA/PPARD,PAPD_038,CHEMBL1760414,1137686,B,PPARD,CHEMBL3979,6158056,CHEMBL1764897,B,IC50,=,199.53,nM,6.7,CHEMBL1759972,10.1016/j.bmcl.2011.02.077,21414782,,present,NO,ChEMBL 37 dump extract; MAX of STANDARD_OK pChEMBL
PPARA/PPARD,PAPD_038,CHEMBL1760414,1137686,B,PPARD,CHEMBL3979,6158496,CHEMBL1764900,F,EC50,=,39.81,nM,7.4,CHEMBL1759972,10.1016/j.bmcl.2011.02.077,21414782,,present,YES,ChEMBL 37 dump extract; MAX of STANDARD_OK pChEMBL
PPARA/PPARD,PAPD_039,CHEMBL1760415,1137687,A,PPARA,CHEMBL239,6158415,CHEMBL1764898,B,IC50,=,19952.62,nM,4.7,CHEMBL1759972,10.1016/j.bmcl.2011.02.077,21414782,,present,YES,ChEMBL 37 dump extract; MAX of STANDARD_OK pChEMBL
PPARA/PPARD,PAPD_039,CHEMBL1760415,1137687,B,PPARD,CHEMBL3979,6158057,CHEMBL1764897,B,IC50,=,398.11,nM,6.4,CHEMBL1759972,10.1016/j.bmcl.2011.02.077,21414782,,present,NO,ChEMBL 37 dump extract; MAX of STANDARD_OK pChEMBL
PPARA/PPARD,PAPD_039,CHEMBL1760415,1137687,B,PPARD,CHEMBL3979,6158497,CHEMBL1764900,F,EC50,=,125.89,nM,6.9,CHEMBL1759972,10.1016/j.bmcl.2011.02.077,21414782,,present,YES,ChEMBL 37 dump extract; MAX of STANDARD_OK pChEMBL
PPARA/PPARD,PAPD_040,CHEMBL1760426,1137698,A,PPARA,CHEMBL239,6158426,CHEMBL1764898,B,IC50,=,15848.93,nM,4.8,CHEMBL1759972,10.1016/j.bmcl.2011.02.077,21414782,,present,YES,ChEMBL 37 dump extract; MAX of STANDARD_OK pChEMBL
PPARA/PPARD,PAPD_040,CHEMBL1760426,1137698,B,PPARD,CHEMBL3979,6158385,CHEMBL1764897,B,IC50,=,79.43,nM,7.1,CHEMBL1759972,10.1016/j.bmcl.2011.02.077,21414782,,present,NO,ChEMBL 37 dump extract; MAX of STANDARD_OK pChEMBL
PPARA/PPARD,PAPD_040,CHEMBL1760426,1137698,B,PPARD,CHEMBL3979,6158508,CHEMBL1764900,F,EC50,=,31.62,nM,7.5,CHEMBL1759972,10.1016/j.bmcl.2011.02.077,21414782,,present,YES,ChEMBL 37 dump extract; MAX of STANDARD_OK pChEMBL
PPARA/PPARD,PAPD_041,CHEMBL1778837,1147304,A,PPARA,CHEMBL239,6210141,CHEMBL1781230,F,EC50,=,8600,nM,5.07,CHEMBL1777685,10.1016/j.bmc.2011.03.053,21515063,,present,YES,ChEMBL 37 dump extract; MAX of STANDARD_OK pChEMBL
PPARA/PPARD,PAPD_041,CHEMBL1778837,1147304,B,PPARD,CHEMBL3979,6210143,CHEMBL1781232,F,EC50,=,100,nM,7,CHEMBL1777685,10.1016/j.bmc.2011.03.053,21515063,,present,YES,ChEMBL 37 dump extract; MAX of STANDARD_OK pChEMBL
PPARA/PPARD,PAPD_042,CHEMBL2036997,1346537,A,PPARA,CHEMBL239,10897726,CHEMBL2038446,F,IC50,=,10889.3,nM,4.96,CHEMBL2034870,10.1016/j.bmc.2012.04.005,22564380,,present,YES,ChEMBL 37 dump extract; MAX of STANDARD_OK pChEMBL
PPARA/PPARD,PAPD_042,CHEMBL2036997,1346537,B,PPARD,CHEMBL3979,10897727,CHEMBL2038596,F,IC50,=,7.998,nM,8.1,CHEMBL2034870,10.1016/j.bmc.2012.04.005,22564380,,present,YES,ChEMBL 37 dump extract; MAX of STANDARD_OK pChEMBL
PPARA/PPARD,PAPD_043,CHEMBL219661,369845,A,PPARA,CHEMBL239,1819760,CHEMBL920309,F,EC50,=,3950,nM,5.4,CHEMBL1142242,10.1021/jm061299k,17274610,,present,YES,ChEMBL 37 dump extract; MAX of STANDARD_OK pChEMBL
PPARA/PPARD,PAPD_043,CHEMBL219661,369845,B,PPARD,CHEMBL3979,1819739,CHEMBL920310,F,EC50,=,25,nM,7.6,CHEMBL1142242,10.1021/jm061299k,17274610,,present,YES,ChEMBL 37 dump extract; MAX of STANDARD_OK pChEMBL
PPARA/PPARD,PAPD_044,CHEMBL220224,370004,A,PPARA,CHEMBL239,1820118,CHEMBL920309,F,EC50,=,5800,nM,5.24,CHEMBL1142242,10.1021/jm061299k,17274610,,present,YES,ChEMBL 37 dump extract; MAX of STANDARD_OK pChEMBL
PPARA/PPARD,PAPD_044,CHEMBL220224,370004,B,PPARD,CHEMBL3979,1820089,CHEMBL920310,F,EC50,=,1.3,nM,8.89,CHEMBL1142242,10.1021/jm061299k,17274610,,present,YES,ChEMBL 37 dump extract; MAX of STANDARD_OK pChEMBL
PPARA/PPARD,PAPD_045,CHEMBL220325,369795,A,PPARA,CHEMBL239,1819837,CHEMBL920309,F,EC50,=,5260,nM,5.28,CHEMBL1142242,10.1021/jm061299k,17274610,,present,YES,ChEMBL 37 dump extract; MAX of STANDARD_OK pChEMBL
PPARA/PPARD,PAPD_045,CHEMBL220325,369795,B,PPARD,CHEMBL3979,1819808,CHEMBL920310,F,EC50,=,2.2,nM,8.66,CHEMBL1142242,10.1021/jm061299k,17274610,,present,YES,ChEMBL 37 dump extract; MAX of STANDARD_OK pChEMBL
PPARA/PPARD,PAPD_046,CHEMBL220448,369789,A,PPARA,CHEMBL239,1819838,CHEMBL920309,F,EC50,=,7280,nM,5.14,CHEMBL1142242,10.1021/jm061299k,17274610,,present,YES,ChEMBL 37 dump extract; MAX of STANDARD_OK pChEMBL
PPARA/PPARD,PAPD_046,CHEMBL220448,369789,B,PPARD,CHEMBL3979,1819810,CHEMBL920310,F,EC50,=,11,nM,7.96,CHEMBL1142242,10.1021/jm061299k,17274610,,present,YES,ChEMBL 37 dump extract; MAX of STANDARD_OK pChEMBL
PPARA/PPARD,PAPD_047,CHEMBL220785,369836,A,PPARA,CHEMBL239,1819762,CHEMBL920309,F,EC50,=,9360,nM,5.03,CHEMBL1142242,10.1021/jm061299k,17274610,,present,YES,ChEMBL 37 dump extract; MAX of STANDARD_OK pChEMBL
PPARA/PPARD,PAPD_047,CHEMBL220785,369836,B,PPARD,CHEMBL3979,1819742,CHEMBL920310,F,EC50,=,4.6,nM,8.34,CHEMBL1142242,10.1021/jm061299k,17274610,,present,YES,ChEMBL 37 dump extract; MAX of STANDARD_OK pChEMBL
PPARA/PPARD,PAPD_048,CHEMBL232398,396853,A,PPARA,CHEMBL239,1967843,CHEMBL896361,B,IC50,=,4190,nM,5.38,CHEMBL1148881,10.1016/j.bmcl.2007.04.046,17498950,,present,YES,ChEMBL 37 dump extract; MAX of STANDARD_OK pChEMBL
PPARA/PPARD,PAPD_048,CHEMBL232398,396853,B,PPARD,CHEMBL3979,1967823,CHEMBL896364,F,EC50,=,585,nM,6.23,CHEMBL1148881,10.1016/j.bmcl.2007.04.046,17498950,,present,NO,ChEMBL 37 dump extract; MAX of STANDARD_OK pChEMBL
PPARA/PPARD,PAPD_048,CHEMBL232398,396853,B,PPARD,CHEMBL3979,1967861,CHEMBL896362,B,IC50,=,69,nM,7.16,CHEMBL1148881,10.1016/j.bmcl.2007.04.046,17498950,,present,YES,ChEMBL 37 dump extract; MAX of STANDARD_OK pChEMBL
PPARA/PPARD,PAPD_049,CHEMBL233978,397273,A,PPARA,CHEMBL239,1968667,CHEMBL896467,B,IC50,=,3820,nM,5.42,CHEMBL1149526,10.1016/j.bmcl.2007.04.047,17512197,,present,YES,ChEMBL 37 dump extract; MAX of STANDARD_OK pChEMBL
PPARA/PPARD,PAPD_049,CHEMBL233978,397273,B,PPARD,CHEMBL3979,1968642,CHEMBL896466,B,IC50,=,7.7,nM,8.11,CHEMBL1149526,10.1016/j.bmcl.2007.04.047,17512197,,present,YES,ChEMBL 37 dump extract; MAX of STANDARD_OK pChEMBL
PPARA/PPARD,PAPD_049,CHEMBL233978,397273,B,PPARD,CHEMBL3979,1968692,CHEMBL896469,F,EC50,=,226,nM,6.65,CHEMBL1149526,10.1016/j.bmcl.2007.04.047,17512197,,present,NO,ChEMBL 37 dump extract; MAX of STANDARD_OK pChEMBL
PPARA/PPARD,PAPD_050,CHEMBL234587,397303,A,PPARA,CHEMBL239,1968654,CHEMBL896467,B,IC50,=,4680,nM,5.33,CHEMBL1149526,10.1016/j.bmcl.2007.04.047,17512197,,present,YES,ChEMBL 37 dump extract; MAX of STANDARD_OK pChEMBL
PPARA/PPARD,PAPD_050,CHEMBL234587,397303,A,PPARA,CHEMBL239,10898899,CHEMBL2038446,F,IC50,=,4677.35,nM,5.33,CHEMBL2034870,10.1016/j.bmc.2012.04.005,22564380,,present,YES,ChEMBL 37 dump extract; MAX of STANDARD_OK pChEMBL
PPARA/PPARD,PAPD_050,CHEMBL234587,397303,B,PPARD,CHEMBL3979,1968629,CHEMBL896466,B,IC50,=,43,nM,7.37,CHEMBL1149526,10.1016/j.bmcl.2007.04.047,17512197,,present,YES,ChEMBL 37 dump extract; MAX of STANDARD_OK pChEMBL
PPARA/PPARD,PAPD_050,CHEMBL234587,397303,B,PPARD,CHEMBL3979,1968679,CHEMBL896469,F,EC50,=,172,nM,6.76,CHEMBL1149526,10.1016/j.bmcl.2007.04.047,17512197,,present,NO,ChEMBL 37 dump extract; MAX of STANDARD_OK pChEMBL
PPARA/PPARD,PAPD_050,CHEMBL234587,397303,B,PPARD,CHEMBL3979,10898900,CHEMBL2038596,F,IC50,=,42.95,nM,7.37,CHEMBL2034870,10.1016/j.bmc.2012.04.005,22564380,,present,YES,ChEMBL 37 dump extract; MAX of STANDARD_OK pChEMBL
PPARA/PPARD,PAPD_051,CHEMBL234662,396850,A,PPARA,CHEMBL239,1967846,CHEMBL896361,B,IC50,=,4950,nM,5.3,CHEMBL1148881,10.1016/j.bmcl.2007.04.046,17498950,,present,YES,ChEMBL 37 dump extract; MAX of STANDARD_OK pChEMBL
PPARA/PPARD,PAPD_051,CHEMBL234662,396850,A,PPARA,CHEMBL239,10898695,CHEMBL2038446,F,IC50,=,4954.5,nM,5.3,CHEMBL2034870,10.1016/j.bmc.2012.04.005,22564380,,present,YES,ChEMBL 37 dump extract; MAX of STANDARD_OK pChEMBL
PPARA/PPARD,PAPD_051,CHEMBL234662,396850,A,PPARA,CHEMBL239,10898698,CHEMBL2038446,F,IC50,=,4950,nM,5.3,CHEMBL2034870,10.1016/j.bmc.2012.04.005,22564380,,present,YES,ChEMBL 37 dump extract; MAX of STANDARD_OK pChEMBL
PPARA/PPARD,PAPD_051,CHEMBL234662,396850,B,PPARD,CHEMBL3979,1967826,CHEMBL896364,F,EC50,=,1970,nM,5.71,CHEMBL1148881,10.1016/j.bmcl.2007.04.046,17498950,,present,NO,ChEMBL 37 dump extract; MAX of STANDARD_OK pChEMBL
PPARA/PPARD,PAPD_051,CHEMBL234662,396850,B,PPARD,CHEMBL3979,1967864,CHEMBL896362,B,IC50,=,120,nM,6.92,CHEMBL1148881,10.1016/j.bmcl.2007.04.046,17498950,,present,YES,ChEMBL 37 dump extract; MAX of STANDARD_OK pChEMBL
PPARA/PPARD,PAPD_051,CHEMBL234662,396850,B,PPARD,CHEMBL3979,10898696,CHEMBL2038596,F,IC50,=,119.95,nM,6.92,CHEMBL2034870,10.1016/j.bmc.2012.04.005,22564380,,present,YES,ChEMBL 37 dump extract; MAX of STANDARD_OK pChEMBL
PPARA/PPARD,PAPD_051,CHEMBL234662,396850,B,PPARD,CHEMBL3979,10898699,CHEMBL2038596,F,IC50,=,120,nM,6.92,CHEMBL2034870,10.1016/j.bmc.2012.04.005,22564380,,present,YES,ChEMBL 37 dump extract; MAX of STANDARD_OK pChEMBL
PPARA/PPARD,PAPD_052,CHEMBL3976442,2185813,A,PPARA,CHEMBL239,17771338,CHEMBL3888499,B,EC50,=,5248,nM,5.28,CHEMBL3886734,,,US-9346770-B2,present,YES,ChEMBL 37 dump extract; MAX of STANDARD_OK pChEMBL
PPARA/PPARD,PAPD_052,CHEMBL3976442,2185813,B,PPARD,CHEMBL3979,17771357,CHEMBL3888501,B,EC50,=,6,nM,8.22,CHEMBL3886734,,,US-9346770-B2,present,YES,ChEMBL 37 dump extract; MAX of STANDARD_OK pChEMBL
PPARA/PPARD,PAPD_053,CHEMBL427080,369983,A,PPARA,CHEMBL239,1820079,CHEMBL920309,F,EC50,=,10000,nM,5,CHEMBL1142242,10.1021/jm061299k,17274610,,present,YES,ChEMBL 37 dump extract; MAX of STANDARD_OK pChEMBL
PPARA/PPARD,PAPD_053,CHEMBL427080,369983,A,PPARA,CHEMBL239,12418225,CHEMBL3062689,B,EC50,=,100000,nM,4,CHEMBL3045757,10.1007/s00044-011-9599-z,,,present,NO,ChEMBL 37 dump extract; MAX of STANDARD_OK pChEMBL
PPARA/PPARD,PAPD_053,CHEMBL427080,369983,B,PPARD,CHEMBL3979,1820092,CHEMBL920310,F,EC50,=,28,nM,7.55,CHEMBL1142242,10.1021/jm061299k,17274610,,present,YES,ChEMBL 37 dump extract; MAX of STANDARD_OK pChEMBL
PPARA/PPARD,PAPD_054,CHEMBL484266,492897,A,PPARA,CHEMBL239,2255617,CHEMBL1001152,B,IC50,=,3981.07,nM,5.4,CHEMBL1141686,10.1016/j.bmcl.2008.08.011,18722772,,present,YES,ChEMBL 37 dump extract; MAX of STANDARD_OK pChEMBL
PPARA/PPARD,PAPD_054,CHEMBL484266,492897,A,PPARA,CHEMBL239,10899794,CHEMBL2038446,F,IC50,=,3981.07,nM,5.4,CHEMBL2034870,10.1016/j.bmc.2012.04.005,22564380,,present,YES,ChEMBL 37 dump extract; MAX of STANDARD_OK pChEMBL
PPARA/PPARD,PAPD_054,CHEMBL484266,492897,B,PPARD,CHEMBL3979,2256371,CHEMBL1001154,B,IC50,=,7.943,nM,8.1,CHEMBL1141686,10.1016/j.bmcl.2008.08.011,18722772,,present,YES,ChEMBL 37 dump extract; MAX of STANDARD_OK pChEMBL
PPARA/PPARD,PAPD_054,CHEMBL484266,492897,B,PPARD,CHEMBL3979,2256406,CHEMBL1001155,F,EC50,=,199.53,nM,6.7,CHEMBL1141686,10.1016/j.bmcl.2008.08.011,18722772,,present,NO,ChEMBL 37 dump extract; MAX of STANDARD_OK pChEMBL
PPARA/PPARD,PAPD_054,CHEMBL484266,492897,B,PPARD,CHEMBL3979,10899795,CHEMBL2038596,F,IC50,=,7.998,nM,8.1,CHEMBL2034870,10.1016/j.bmc.2012.04.005,22564380,,present,YES,ChEMBL 37 dump extract; MAX of STANDARD_OK pChEMBL
PPARA/PPARD,PAPD_055,CHEMBL485087,492895,A,PPARA,CHEMBL239,2255615,CHEMBL1001152,B,IC50,=,10000,nM,5,CHEMBL1141686,10.1016/j.bmcl.2008.08.011,18722772,,present,YES,ChEMBL 37 dump extract; MAX of STANDARD_OK pChEMBL
PPARA/PPARD,PAPD_055,CHEMBL485087,492895,A,PPARA,CHEMBL239,10899743,CHEMBL2038446,F,IC50,=,10000,nM,5,CHEMBL2034870,10.1016/j.bmc.2012.04.005,22564380,,present,YES,ChEMBL 37 dump extract; MAX of STANDARD_OK pChEMBL
PPARA/PPARD,PAPD_055,CHEMBL485087,492895,B,PPARD,CHEMBL3979,2256369,CHEMBL1001154,B,IC50,=,12.59,nM,7.9,CHEMBL1141686,10.1016/j.bmcl.2008.08.011,18722772,,present,YES,ChEMBL 37 dump extract; MAX of STANDARD_OK pChEMBL
PPARA/PPARD,PAPD_055,CHEMBL485087,492895,B,PPARD,CHEMBL3979,2256404,CHEMBL1001155,F,EC50,=,199.53,nM,6.7,CHEMBL1141686,10.1016/j.bmcl.2008.08.011,18722772,,present,NO,ChEMBL 37 dump extract; MAX of STANDARD_OK pChEMBL
PPARA/PPARD,PAPD_055,CHEMBL485087,492895,B,PPARD,CHEMBL3979,10899744,CHEMBL2038596,F,IC50,=,13,nM,7.89,CHEMBL2034870,10.1016/j.bmc.2012.04.005,22564380,,present,NO,ChEMBL 37 dump extract; MAX of STANDARD_OK pChEMBL
PPARA/PPARD,PAPD_056,CHEMBL485088,492896,A,PPARA,CHEMBL239,2255616,CHEMBL1001152,B,IC50,=,5011.87,nM,5.3,CHEMBL1141686,10.1016/j.bmcl.2008.08.011,18722772,,present,YES,ChEMBL 37 dump extract; MAX of STANDARD_OK pChEMBL
PPARA/PPARD,PAPD_056,CHEMBL485088,492896,A,PPARA,CHEMBL239,10899788,CHEMBL2038446,F,IC50,=,5011.87,nM,5.3,CHEMBL2034870,10.1016/j.bmc.2012.04.005,22564380,,present,YES,ChEMBL 37 dump extract; MAX of STANDARD_OK pChEMBL
PPARA/PPARD,PAPD_056,CHEMBL485088,492896,A,PPARA,CHEMBL239,10899791,CHEMBL2038446,F,IC50,=,5012,nM,5.3,CHEMBL2034870,10.1016/j.bmc.2012.04.005,22564380,,present,YES,ChEMBL 37 dump extract; MAX of STANDARD_OK pChEMBL
PPARA/PPARD,PAPD_056,CHEMBL485088,492896,B,PPARD,CHEMBL3979,2256370,CHEMBL1001154,B,IC50,=,7.943,nM,8.1,CHEMBL1141686,10.1016/j.bmcl.2008.08.011,18722772,,present,YES,ChEMBL 37 dump extract; MAX of STANDARD_OK pChEMBL
PPARA/PPARD,PAPD_056,CHEMBL485088,492896,B,PPARD,CHEMBL3979,2256405,CHEMBL1001155,F,EC50,=,125.89,nM,6.9,CHEMBL1141686,10.1016/j.bmcl.2008.08.011,18722772,,present,NO,ChEMBL 37 dump extract; MAX of STANDARD_OK pChEMBL
PPARA/PPARD,PAPD_056,CHEMBL485088,492896,B,PPARD,CHEMBL3979,10899789,CHEMBL2038596,F,IC50,=,7.998,nM,8.1,CHEMBL2034870,10.1016/j.bmc.2012.04.005,22564380,,present,YES,ChEMBL 37 dump extract; MAX of STANDARD_OK pChEMBL
PPARA/PPARD,PAPD_056,CHEMBL485088,492896,B,PPARD,CHEMBL3979,10899792,CHEMBL2038596,F,IC50,=,8,nM,8.1,CHEMBL2034870,10.1016/j.bmc.2012.04.005,22564380,,present,YES,ChEMBL 37 dump extract; MAX of STANDARD_OK pChEMBL
PPARA/PPARD,PAPD_057,CHEMBL496116,493410,A,PPARA,CHEMBL239,2255638,CHEMBL1001152,B,IC50,=,3981.07,nM,5.4,CHEMBL1141686,10.1016/j.bmcl.2008.08.011,18722772,,present,YES,ChEMBL 37 dump extract; MAX of STANDARD_OK pChEMBL
PPARA/PPARD,PAPD_057,CHEMBL496116,493410,A,PPARA,CHEMBL239,10899797,CHEMBL2038446,F,IC50,=,3981.07,nM,5.4,CHEMBL2034870,10.1016/j.bmc.2012.04.005,22564380,,present,YES,ChEMBL 37 dump extract; MAX of STANDARD_OK pChEMBL
PPARA/PPARD,PAPD_057,CHEMBL496116,493410,B,PPARD,CHEMBL3979,2256392,CHEMBL1001154,B,IC50,=,31.62,nM,7.5,CHEMBL1141686,10.1016/j.bmcl.2008.08.011,18722772,,present,YES,ChEMBL 37 dump extract; MAX of STANDARD_OK pChEMBL
PPARA/PPARD,PAPD_057,CHEMBL496116,493410,B,PPARD,CHEMBL3979,2256427,CHEMBL1001155,F,EC50,=,100,nM,7,CHEMBL1141686,10.1016/j.bmcl.2008.08.011,18722772,,present,NO,ChEMBL 37 dump extract; MAX of STANDARD_OK pChEMBL
PPARA/PPARD,PAPD_057,CHEMBL496116,493410,B,PPARD,CHEMBL3979,10899798,CHEMBL2038596,F,IC50,=,31.99,nM,7.5,CHEMBL2034870,10.1016/j.bmc.2012.04.005,22564380,,present,YES,ChEMBL 37 dump extract; MAX of STANDARD_OK pChEMBL
PPARA/PPARD,PAPD_058,CHEMBL496136,493214,A,PPARA,CHEMBL239,2255624,CHEMBL1001152,B,IC50,=,3981.07,nM,5.4,CHEMBL1141686,10.1016/j.bmcl.2008.08.011,18722772,,present,YES,ChEMBL 37 dump extract; MAX of STANDARD_OK pChEMBL
PPARA/PPARD,PAPD_058,CHEMBL496136,493214,A,PPARA,CHEMBL239,10899821,CHEMBL2038446,F,IC50,=,3981.07,nM,5.4,CHEMBL2034870,10.1016/j.bmc.2012.04.005,22564380,,present,YES,ChEMBL 37 dump extract; MAX of STANDARD_OK pChEMBL
PPARA/PPARD,PAPD_058,CHEMBL496136,493214,B,PPARD,CHEMBL3979,2256378,CHEMBL1001154,B,IC50,=,3.981,nM,8.4,CHEMBL1141686,10.1016/j.bmcl.2008.08.011,18722772,,present,YES,ChEMBL 37 dump extract; MAX of STANDARD_OK pChEMBL
PPARA/PPARD,PAPD_058,CHEMBL496136,493214,B,PPARD,CHEMBL3979,2256413,CHEMBL1001155,F,EC50,=,1258.93,nM,5.9,CHEMBL1141686,10.1016/j.bmcl.2008.08.011,18722772,,present,NO,ChEMBL 37 dump extract; MAX of STANDARD_OK pChEMBL
PPARA/PPARD,PAPD_058,CHEMBL496136,493214,B,PPARD,CHEMBL3979,10899822,CHEMBL2038596,F,IC50,=,3.999,nM,8.4,CHEMBL2034870,10.1016/j.bmc.2012.04.005,22564380,,present,YES,ChEMBL 37 dump extract; MAX of STANDARD_OK pChEMBL
PPARA/PPARD,PAPD_059,CHEMBL497789,493558,A,PPARA,CHEMBL239,2255644,CHEMBL1001152,B,IC50,=,3162.28,nM,5.5,CHEMBL1141686,10.1016/j.bmcl.2008.08.011,18722772,,present,YES,ChEMBL 37 dump extract; MAX of STANDARD_OK pChEMBL
PPARA/PPARD,PAPD_059,CHEMBL497789,493558,A,PPARA,CHEMBL239,10899806,CHEMBL2038446,F,IC50,=,3162.28,nM,5.5,CHEMBL2034870,10.1016/j.bmc.2012.04.005,22564380,,present,YES,ChEMBL 37 dump extract; MAX of STANDARD_OK pChEMBL
PPARA/PPARD,PAPD_059,CHEMBL497789,493558,B,PPARD,CHEMBL3979,2256398,CHEMBL1001154,B,IC50,=,12.59,nM,7.9,CHEMBL1141686,10.1016/j.bmcl.2008.08.011,18722772,,present,YES,ChEMBL 37 dump extract; MAX of STANDARD_OK pChEMBL
PPARA/PPARD,PAPD_059,CHEMBL497789,493558,B,PPARD,CHEMBL3979,2256433,CHEMBL1001155,F,EC50,=,158.49,nM,6.8,CHEMBL1141686,10.1016/j.bmcl.2008.08.011,18722772,,present,NO,ChEMBL 37 dump extract; MAX of STANDARD_OK pChEMBL
PPARA/PPARD,PAPD_059,CHEMBL497789,493558,B,PPARD,CHEMBL3979,10899807,CHEMBL2038596,F,IC50,=,13,nM,7.89,CHEMBL2034870,10.1016/j.bmc.2012.04.005,22564380,,present,NO,ChEMBL 37 dump extract; MAX of STANDARD_OK pChEMBL
PPARA/PPARD,PAPD_060,CHEMBL498401,493215,A,PPARA,CHEMBL239,2255625,CHEMBL1001152,B,IC50,=,5011.87,nM,5.3,CHEMBL1141686,10.1016/j.bmcl.2008.08.011,18722772,,present,YES,ChEMBL 37 dump extract; MAX of STANDARD_OK pChEMBL
PPARA/PPARD,PAPD_060,CHEMBL498401,493215,A,PPARA,CHEMBL239,10899827,CHEMBL2038446,F,IC50,=,5011.87,nM,5.3,CHEMBL2034870,10.1016/j.bmc.2012.04.005,22564380,,present,YES,ChEMBL 37 dump extract; MAX of STANDARD_OK pChEMBL
PPARA/PPARD,PAPD_060,CHEMBL498401,493215,B,PPARD,CHEMBL3979,2256379,CHEMBL1001154,B,IC50,=,10,nM,8,CHEMBL1141686,10.1016/j.bmcl.2008.08.011,18722772,,present,YES,ChEMBL 37 dump extract; MAX of STANDARD_OK pChEMBL
PPARA/PPARD,PAPD_060,CHEMBL498401,493215,B,PPARD,CHEMBL3979,10899828,CHEMBL2038596,F,IC50,=,10,nM,8,CHEMBL2034870,10.1016/j.bmc.2012.04.005,22564380,,present,YES,ChEMBL 37 dump extract; MAX of STANDARD_OK pChEMBL
PPARA/PPARD,PAPD_061,CHEMBL5183133,2754364,A,PPARA,CHEMBL239,24797802,CHEMBL5133907,B,EC50,=,3600,nM,5.44,CHEMBL5131453,10.1016/j.bmcl.2022.128567,35063634,,present,YES,ChEMBL 37 dump extract; MAX of STANDARD_OK pChEMBL
PPARA/PPARD,PAPD_061,CHEMBL5183133,2754364,B,PPARD,CHEMBL3979,24797816,CHEMBL5133909,B,EC50,=,120,nM,6.92,CHEMBL5131453,10.1016/j.bmcl.2022.128567,35063634,,present,YES,ChEMBL 37 dump extract; MAX of STANDARD_OK pChEMBL
PPARA/PPARD,PAPD_062,CHEMBL519345,492898,A,PPARA,CHEMBL239,2255618,CHEMBL1001152,B,IC50,=,6309.57,nM,5.2,CHEMBL1141686,10.1016/j.bmcl.2008.08.011,18722772,,present,YES,ChEMBL 37 dump extract; MAX of STANDARD_OK pChEMBL
PPARA/PPARD,PAPD_062,CHEMBL519345,492898,A,PPARA,CHEMBL239,10899782,CHEMBL2038446,F,IC50,=,6309.57,nM,5.2,CHEMBL2034870,10.1016/j.bmc.2012.04.005,22564380,,present,YES,ChEMBL 37 dump extract; MAX of STANDARD_OK pChEMBL
PPARA/PPARD,PAPD_062,CHEMBL519345,492898,B,PPARD,CHEMBL3979,2256372,CHEMBL1001154,B,IC50,=,25.12,nM,7.6,CHEMBL1141686,10.1016/j.bmcl.2008.08.011,18722772,,present,YES,ChEMBL 37 dump extract; MAX of STANDARD_OK pChEMBL
PPARA/PPARD,PAPD_062,CHEMBL519345,492898,B,PPARD,CHEMBL3979,2256407,CHEMBL1001155,F,EC50,=,501.19,nM,6.3,CHEMBL1141686,10.1016/j.bmcl.2008.08.011,18722772,,present,NO,ChEMBL 37 dump extract; MAX of STANDARD_OK pChEMBL
PPARA/PPARD,PAPD_062,CHEMBL519345,492898,B,PPARD,CHEMBL3979,10899783,CHEMBL2038596,F,IC50,=,25,nM,7.6,CHEMBL2034870,10.1016/j.bmc.2012.04.005,22564380,,present,YES,ChEMBL 37 dump extract; MAX of STANDARD_OK pChEMBL
PPARA/PPARD,PAPD_063,CHEMBL522577,493560,A,PPARA,CHEMBL239,2255646,CHEMBL1001152,B,IC50,=,3162.28,nM,5.5,CHEMBL1141686,10.1016/j.bmcl.2008.08.011,18722772,,present,YES,ChEMBL 37 dump extract; MAX of STANDARD_OK pChEMBL
PPARA/PPARD,PAPD_063,CHEMBL522577,493560,A,PPARA,CHEMBL239,10899815,CHEMBL2038446,F,IC50,=,3162.28,nM,5.5,CHEMBL2034870,10.1016/j.bmc.2012.04.005,22564380,,present,YES,ChEMBL 37 dump extract; MAX of STANDARD_OK pChEMBL
PPARA/PPARD,PAPD_063,CHEMBL522577,493560,B,PPARD,CHEMBL3979,2256400,CHEMBL1001154,B,IC50,=,15.85,nM,7.8,CHEMBL1141686,10.1016/j.bmcl.2008.08.011,18722772,,present,YES,ChEMBL 37 dump extract; MAX of STANDARD_OK pChEMBL
PPARA/PPARD,PAPD_063,CHEMBL522577,493560,B,PPARD,CHEMBL3979,2256435,CHEMBL1001155,F,EC50,=,15.85,nM,7.8,CHEMBL1141686,10.1016/j.bmcl.2008.08.011,18722772,,present,YES,ChEMBL 37 dump extract; MAX of STANDARD_OK pChEMBL
PPARA/PPARD,PAPD_063,CHEMBL522577,493560,B,PPARD,CHEMBL3979,10899816,CHEMBL2038596,F,IC50,=,16,nM,7.8,CHEMBL2034870,10.1016/j.bmc.2012.04.005,22564380,,present,YES,ChEMBL 37 dump extract; MAX of STANDARD_OK pChEMBL
PPARA/PPARD,PAPD_064,CHEMBL5432412,2872580,A,PPARA,CHEMBL239,25486322,CHEMBL5328572,B,EC50,=,4300,nM,5.37,CHEMBL5325498,10.1021/acs.jmedchem.3c00932,37552807,,present,YES,ChEMBL 37 dump extract; MAX of STANDARD_OK pChEMBL
PPARA/PPARD,PAPD_064,CHEMBL5432412,2872580,B,PPARD,CHEMBL3979,25486291,CHEMBL5328570,B,EC50,=,3.6,nM,8.44,CHEMBL5325498,10.1021/acs.jmedchem.3c00932,37552807,,present,YES,ChEMBL 37 dump extract; MAX of STANDARD_OK pChEMBL
PPARA/PPARD,PAPD_065,CHEMBL1644310,1059087,A,PPARA,CHEMBL239,5133300,CHEMBL1645936,F,EC50,=,150,nM,6.82,CHEMBL1641508,10.1016/j.bmc.2010.12.023,21215640,,present,YES,ChEMBL 37 dump extract; MAX of STANDARD_OK pChEMBL
PPARA/PPARD,PAPD_065,CHEMBL1644310,1059087,B,PPARD,CHEMBL3979,5134459,CHEMBL1648428,F,EC50,=,300,nM,6.52,CHEMBL1641508,10.1016/j.bmc.2010.12.023,21215640,,present,YES,ChEMBL 37 dump extract; MAX of STANDARD_OK pChEMBL
PPARA/PPARD,PAPD_066,CHEMBL173236,289088,A,PPARA,CHEMBL239,563083,CHEMBL766090,B,Ki,=,305,nM,6.52,CHEMBL1136629,10.1016/s0960-894x(02)01029-6,12617924,,present,NO,ChEMBL 37 dump extract; MAX of STANDARD_OK pChEMBL
PPARA/PPARD,PAPD_066,CHEMBL173236,289088,A,PPARA,CHEMBL239,563086,CHEMBL764654,F,EC50,=,33,nM,7.48,CHEMBL1136629,10.1016/s0960-894x(02)01029-6,12617924,,present,YES,ChEMBL 37 dump extract; MAX of STANDARD_OK pChEMBL
PPARA/PPARD,PAPD_066,CHEMBL173236,289088,B,PPARD,CHEMBL3979,563082,CHEMBL759301,B,Ki,=,156,nM,6.81,CHEMBL1136629,10.1016/s0960-894x(02)01029-6,12617924,,present,YES,ChEMBL 37 dump extract; MAX of STANDARD_OK pChEMBL
PPARA/PPARD,PAPD_067,CHEMBL173494,289646,A,PPARA,CHEMBL239,576630,CHEMBL766090,B,Ki,=,8.1,nM,8.09,CHEMBL1136629,10.1016/s0960-894x(02)01029-6,12617924,,present,NO,ChEMBL 37 dump extract; MAX of STANDARD_OK pChEMBL
PPARA/PPARD,PAPD_067,CHEMBL173494,289646,A,PPARA,CHEMBL239,576633,CHEMBL764654,F,EC50,=,4,nM,8.4,CHEMBL1136629,10.1016/s0960-894x(02)01029-6,12617924,,present,YES,ChEMBL 37 dump extract; MAX of STANDARD_OK pChEMBL
PPARA/PPARD,PAPD_067,CHEMBL173494,289646,B,PPARD,CHEMBL3979,576629,CHEMBL759301,B,Ki,=,3.7,nM,8.43,CHEMBL1136629,10.1016/s0960-894x(02)01029-6,12617924,,present,YES,ChEMBL 37 dump extract; MAX of STANDARD_OK pChEMBL
PPARA/PPARD,PAPD_067,CHEMBL173494,289646,B,PPARD,CHEMBL3979,576632,CHEMBL762050,F,EC50,=,16,nM,7.8,CHEMBL1136629,10.1016/s0960-894x(02)01029-6,12617924,,present,NO,ChEMBL 37 dump extract; MAX of STANDARD_OK pChEMBL
PPARA/PPARD,PAPD_068,CHEMBL1779473,1147946,A,PPARA,CHEMBL239,6206172,CHEMBL1780400,F,EC50,=,12,nM,7.92,CHEMBL1777707,10.1016/j.bmc.2011.03.064,21530275,,present,YES,ChEMBL 37 dump extract; MAX of STANDARD_OK pChEMBL
PPARA/PPARD,PAPD_068,CHEMBL1779473,1147946,B,PPARD,CHEMBL3979,6206181,CHEMBL1780401,F,EC50,=,110,nM,6.96,CHEMBL1777707,10.1016/j.bmc.2011.03.064,21530275,,present,YES,ChEMBL 37 dump extract; MAX of STANDARD_OK pChEMBL
PPARA/PPARD,PAPD_069,CHEMBL2035069,1344589,A,PPARA,CHEMBL239,10914559,CHEMBL2038121,B,EC50,=,35,nM,7.46,CHEMBL2034891,10.1016/j.ejmech.2012.03.055,22534184,,present,YES,ChEMBL 37 dump extract; MAX of STANDARD_OK pChEMBL
PPARA/PPARD,PAPD_069,CHEMBL2035069,1344589,B,PPARD,CHEMBL3979,10914514,CHEMBL2038123,B,EC50,=,1,nM,9,CHEMBL2034891,10.1016/j.ejmech.2012.03.055,22534184,,present,YES,ChEMBL 37 dump extract; MAX of STANDARD_OK pChEMBL
PPARA/PPARD,PAPD_070,CHEMBL2037182,1346724,A,PPARA,CHEMBL239,10899665,CHEMBL2038446,F,IC50,=,36.98,nM,7.43,CHEMBL2034870,10.1016/j.bmc.2012.04.005,22564380,,present,YES,ChEMBL 37 dump extract; MAX of STANDARD_OK pChEMBL
PPARA/PPARD,PAPD_070,CHEMBL2037182,1346724,B,PPARD,CHEMBL3979,10899666,CHEMBL2038596,F,IC50,=,139.96,nM,6.85,CHEMBL2034870,10.1016/j.bmc.2012.04.005,22564380,,present,YES,ChEMBL 37 dump extract; MAX of STANDARD_OK pChEMBL
PPARA/PPARD,PAPD_071,CHEMBL207019,348076,A,PPARA,CHEMBL239,1726568,CHEMBL870175,B,IC50,=,310,nM,6.51,CHEMBL1148661,10.1016/j.bmcl.2006.02.050,16529931,,present,YES,ChEMBL 37 dump extract; MAX of STANDARD_OK pChEMBL
PPARA/PPARD,PAPD_071,CHEMBL207019,348076,A,PPARA,CHEMBL239,10899590,CHEMBL2038446,F,IC50,=,309.74,nM,6.51,CHEMBL2034870,10.1016/j.bmc.2012.04.005,22564380,,present,YES,ChEMBL 37 dump extract; MAX of STANDARD_OK pChEMBL
PPARA/PPARD,PAPD_071,CHEMBL207019,348076,A,PPARA,CHEMBL239,10899593,CHEMBL2038446,F,IC50,=,310,nM,6.51,CHEMBL2034870,10.1016/j.bmc.2012.04.005,22564380,,present,YES,ChEMBL 37 dump extract; MAX of STANDARD_OK pChEMBL
PPARA/PPARD,PAPD_071,CHEMBL207019,348076,B,PPARD,CHEMBL3979,1726597,CHEMBL870176,B,IC50,=,310,nM,6.51,CHEMBL1148661,10.1016/j.bmcl.2006.02.050,16529931,,present,YES,ChEMBL 37 dump extract; MAX of STANDARD_OK pChEMBL
PPARA/PPARD,PAPD_071,CHEMBL207019,348076,B,PPARD,CHEMBL3979,10899591,CHEMBL2038596,F,IC50,=,309.74,nM,6.51,CHEMBL2034870,10.1016/j.bmc.2012.04.005,22564380,,present,YES,ChEMBL 37 dump extract; MAX of STANDARD_OK pChEMBL
PPARA/PPARD,PAPD_071,CHEMBL207019,348076,B,PPARD,CHEMBL3979,10899594,CHEMBL2038596,F,IC50,=,310,nM,6.51,CHEMBL2034870,10.1016/j.bmc.2012.04.005,22564380,,present,YES,ChEMBL 37 dump extract; MAX of STANDARD_OK pChEMBL
PPARA/PPARD,PAPD_072,CHEMBL207103,348077,A,PPARA,CHEMBL239,1726567,CHEMBL870175,B,IC50,=,16,nM,7.8,CHEMBL1148661,10.1016/j.bmcl.2006.02.050,16529931,,present,YES,ChEMBL 37 dump extract; MAX of STANDARD_OK pChEMBL
PPARA/PPARD,PAPD_072,CHEMBL207103,348077,A,PPARA,CHEMBL239,10898914,CHEMBL2038446,F,IC50,=,16,nM,7.8,CHEMBL2034870,10.1016/j.bmc.2012.04.005,22564380,,present,YES,ChEMBL 37 dump extract; MAX of STANDARD_OK pChEMBL
PPARA/PPARD,PAPD_072,CHEMBL207103,348077,A,PPARA,CHEMBL239,10898917,CHEMBL2038446,F,IC50,=,16,nM,7.8,CHEMBL2034870,10.1016/j.bmc.2012.04.005,22564380,,present,YES,ChEMBL 37 dump extract; MAX of STANDARD_OK pChEMBL
PPARA/PPARD,PAPD_072,CHEMBL207103,348077,B,PPARD,CHEMBL3979,1726596,CHEMBL870176,B,IC50,=,88,nM,7.06,CHEMBL1148661,10.1016/j.bmcl.2006.02.050,16529931,,present,YES,ChEMBL 37 dump extract; MAX of STANDARD_OK pChEMBL
PPARA/PPARD,PAPD_072,CHEMBL207103,348077,B,PPARD,CHEMBL3979,10898915,CHEMBL2038596,F,IC50,=,87.9,nM,7.06,CHEMBL2034870,10.1016/j.bmc.2012.04.005,22564380,,present,YES,ChEMBL 37 dump extract; MAX of STANDARD_OK pChEMBL
PPARA/PPARD,PAPD_072,CHEMBL207103,348077,B,PPARD,CHEMBL3979,10898918,CHEMBL2038596,F,IC50,=,88,nM,7.06,CHEMBL2034870,10.1016/j.bmc.2012.04.005,22564380,,present,YES,ChEMBL 37 dump extract; MAX of STANDARD_OK pChEMBL
PPARA/PPARD,PAPD_073,CHEMBL2113263,1385514,A,PPARA,CHEMBL239,1820021,CHEMBL920309,F,EC50,=,43,nM,7.37,CHEMBL1142242,10.1021/jm061299k,17274610,,present,NO,ChEMBL 37 dump extract; MAX of STANDARD_OK pChEMBL
PPARA/PPARD,PAPD_073,CHEMBL2113263,1385514,A,PPARA,CHEMBL239,1820290,CHEMBL920308,F,EC50,=,5,nM,8.3,CHEMBL1142242,10.1021/jm061299k,17274610,,present,YES,ChEMBL 37 dump extract; MAX of STANDARD_OK pChEMBL
PPARA/PPARD,PAPD_073,CHEMBL2113263,1385514,B,PPARD,CHEMBL3979,1820036,CHEMBL920310,F,EC50,=,1.9,nM,8.72,CHEMBL1142242,10.1021/jm061299k,17274610,,present,YES,ChEMBL 37 dump extract; MAX of STANDARD_OK pChEMBL
PPARA/PPARD,PAPD_073,CHEMBL2113263,1385514,B,PPARD,CHEMBL3979,1820294,CHEMBL914357,F,EC50,=,2.6,nM,8.59,CHEMBL1142242,10.1021/jm061299k,17274610,,present,NO,ChEMBL 37 dump extract; MAX of STANDARD_OK pChEMBL
PPARA/PPARD,PAPD_074,CHEMBL220662,369969,A,PPARA,CHEMBL239,1820013,CHEMBL920309,F,EC50,=,140,nM,6.85,CHEMBL1142242,10.1021/jm061299k,17274610,,present,YES,ChEMBL 37 dump extract; MAX of STANDARD_OK pChEMBL
PPARA/PPARD,PAPD_074,CHEMBL220662,369969,B,PPARD,CHEMBL3979,1820028,CHEMBL920310,F,EC50,=,4.4,nM,8.36,CHEMBL1142242,10.1021/jm061299k,17274610,,present,YES,ChEMBL 37 dump extract; MAX of STANDARD_OK pChEMBL
PPARA/PPARD,PAPD_075,CHEMBL221101,370002,A,PPARA,CHEMBL239,1820025,CHEMBL920309,F,EC50,=,112,nM,6.95,CHEMBL1142242,10.1021/jm061299k,17274610,,present,YES,ChEMBL 37 dump extract; MAX of STANDARD_OK pChEMBL
PPARA/PPARD,PAPD_075,CHEMBL221101,370002,B,PPARD,CHEMBL3979,1819865,CHEMBL920310,F,EC50,=,1.3,nM,8.89,CHEMBL1142242,10.1021/jm061299k,17274610,,present,YES,ChEMBL 37 dump extract; MAX of STANDARD_OK pChEMBL
PPARA/PPARD,PAPD_076,CHEMBL222248,370010,A,PPARA,CHEMBL239,1820023,CHEMBL920309,F,EC50,=,53,nM,7.28,CHEMBL1142242,10.1021/jm061299k,17274610,,present,YES,ChEMBL 37 dump extract; MAX of STANDARD_OK pChEMBL
PPARA/PPARD,PAPD_076,CHEMBL222248,370010,B,PPARD,CHEMBL3979,1820038,CHEMBL920310,F,EC50,=,4.1,nM,8.39,CHEMBL1142242,10.1021/jm061299k,17274610,,present,YES,ChEMBL 37 dump extract; MAX of STANDARD_OK pChEMBL
PPARA/PPARD,PAPD_077,CHEMBL229785,380931,A,PPARA,CHEMBL239,1886085,CHEMBL886015,B,EC50,=,19,nM,7.72,CHEMBL1143711,10.1016/j.bmc.2007.05.023,17532641,,present,YES,ChEMBL 37 dump extract; MAX of STANDARD_OK pChEMBL
PPARA/PPARD,PAPD_077,CHEMBL229785,380931,B,PPARD,CHEMBL3979,1886102,CHEMBL886016,B,EC50,=,210,nM,6.68,CHEMBL1143711,10.1016/j.bmc.2007.05.023,17532641,,present,YES,ChEMBL 37 dump extract; MAX of STANDARD_OK pChEMBL
PPARA/PPARD,PAPD_078,CHEMBL239352,410027,A,PPARA,CHEMBL239,2016467,CHEMBL885681,F,EC50,=,200,nM,6.7,CHEMBL1139054,10.1016/j.bmcl.2006.11.025,17157013,,present,NO,ChEMBL 37 dump extract; MAX of STANDARD_OK pChEMBL
PPARA/PPARD,PAPD_078,CHEMBL239352,410027,A,PPARA,CHEMBL239,2016501,CHEMBL885684,B,IC50,=,175,nM,6.76,CHEMBL1139054,10.1016/j.bmcl.2006.11.025,17157013,,present,YES,ChEMBL 37 dump extract; MAX of STANDARD_OK pChEMBL
PPARA/PPARD,PAPD_078,CHEMBL239352,410027,B,PPARD,CHEMBL3979,2016488,CHEMBL885680,F,EC50,=,10,nM,8,CHEMBL1139054,10.1016/j.bmcl.2006.11.025,17157013,,present,YES,ChEMBL 37 dump extract; MAX of STANDARD_OK pChEMBL
PPARA/PPARD,PAPD_078,CHEMBL239352,410027,B,PPARD,CHEMBL3979,2016500,CHEMBL885682,B,IC50,=,30,nM,7.52,CHEMBL1139054,10.1016/j.bmcl.2006.11.025,17157013,,present,NO,ChEMBL 37 dump extract; MAX of STANDARD_OK pChEMBL
PPARA/PPARD,PAPD_079,CHEMBL25710,30019,A,PPARA,CHEMBL239,1179955,CHEMBL765404,B,IC50,=,600,nM,6.22,CHEMBL1136679,10.1016/s0960-894x(03)00115-x,12657263,,present,NO,ChEMBL 37 dump extract; MAX of STANDARD_OK pChEMBL
PPARA/PPARD,PAPD_079,CHEMBL25710,30019,A,PPARA,CHEMBL239,1179958,CHEMBL760606,B,EC50,=,260,nM,6.58,CHEMBL1136679,10.1016/s0960-894x(03)00115-x,12657263,,present,YES,ChEMBL 37 dump extract; MAX of STANDARD_OK pChEMBL
PPARA/PPARD,PAPD_079,CHEMBL25710,30019,A,PPARA,CHEMBL239,10899680,CHEMBL2038446,F,IC50,=,599.79,nM,6.22,CHEMBL2034870,10.1016/j.bmc.2012.04.005,22564380,,present,NO,ChEMBL 37 dump extract; MAX of STANDARD_OK pChEMBL
PPARA/PPARD,PAPD_079,CHEMBL25710,30019,B,PPARD,CHEMBL3979,1179956,CHEMBL759406,B,IC50,=,20,nM,7.7,CHEMBL1136679,10.1016/s0960-894x(03)00115-x,12657263,,present,NO,ChEMBL 37 dump extract; MAX of STANDARD_OK pChEMBL
PPARA/PPARD,PAPD_079,CHEMBL25710,30019,B,PPARD,CHEMBL3979,1179959,CHEMBL762590,B,EC50,=,10,nM,8,CHEMBL1136679,10.1016/s0960-894x(03)00115-x,12657263,,present,YES,ChEMBL 37 dump extract; MAX of STANDARD_OK pChEMBL
PPARA/PPARD,PAPD_079,CHEMBL25710,30019,B,PPARD,CHEMBL3979,10899681,CHEMBL2038596,F,IC50,=,20,nM,7.7,CHEMBL2034870,10.1016/j.bmc.2012.04.005,22564380,,present,NO,ChEMBL 37 dump extract; MAX of STANDARD_OK pChEMBL
PPARA/PPARD,PAPD_080,CHEMBL3103193,1611262,A,PPARA,CHEMBL239,13879349,CHEMBL3106925,B,EC50,=,239,nM,6.62,CHEMBL3102755,10.1021/ml400413c,24900619,,present,NO,ChEMBL 37 dump extract; MAX of STANDARD_OK pChEMBL
PPARA/PPARD,PAPD_080,CHEMBL3103193,1611262,A,PPARA,CHEMBL239,13879350,CHEMBL3106925,B,EC50,=,186,nM,6.73,CHEMBL3102755,10.1021/ml400413c,24900619,,present,YES,ChEMBL 37 dump extract; MAX of STANDARD_OK pChEMBL
PPARA/PPARD,PAPD_080,CHEMBL3103193,1611262,B,PPARD,CHEMBL3979,13879321,CHEMBL3106923,B,EC50,=,54,nM,7.27,CHEMBL3102755,10.1021/ml400413c,24900619,,present,NO,ChEMBL 37 dump extract; MAX of STANDARD_OK pChEMBL
PPARA/PPARD,PAPD_080,CHEMBL3103193,1611262,B,PPARD,CHEMBL3979,13879322,CHEMBL3106923,B,EC50,=,40,nM,7.4,CHEMBL3102755,10.1021/ml400413c,24900619,,present,YES,ChEMBL 37 dump extract; MAX of STANDARD_OK pChEMBL
PPARA/PPARD,PAPD_081,CHEMBL367019,294094,A,PPARA,CHEMBL239,556005,CHEMBL766090,B,Ki,=,14,nM,7.85,CHEMBL1136629,10.1016/s0960-894x(02)01029-6,12617924,,present,NO,ChEMBL 37 dump extract; MAX of STANDARD_OK pChEMBL
PPARA/PPARD,PAPD_081,CHEMBL367019,294094,A,PPARA,CHEMBL239,556008,CHEMBL764654,F,EC50,=,3,nM,8.52,CHEMBL1136629,10.1016/s0960-894x(02)01029-6,12617924,,present,YES,ChEMBL 37 dump extract; MAX of STANDARD_OK pChEMBL
PPARA/PPARD,PAPD_081,CHEMBL367019,294094,B,PPARD,CHEMBL3979,556004,CHEMBL759301,B,Ki,=,3.7,nM,8.43,CHEMBL1136629,10.1016/s0960-894x(02)01029-6,12617924,,present,NO,ChEMBL 37 dump extract; MAX of STANDARD_OK pChEMBL
PPARA/PPARD,PAPD_081,CHEMBL367019,294094,B,PPARD,CHEMBL3979,556007,CHEMBL762050,F,EC50,=,3,nM,8.52,CHEMBL1136629,10.1016/s0960-894x(02)01029-6,12617924,,present,YES,ChEMBL 37 dump extract; MAX of STANDARD_OK pChEMBL
PPARA/PPARD,PAPD_082,CHEMBL375812,370011,A,PPARA,CHEMBL239,1820022,CHEMBL920309,F,EC50,=,391,nM,6.41,CHEMBL1142242,10.1021/jm061299k,17274610,,present,NO,ChEMBL 37 dump extract; MAX of STANDARD_OK pChEMBL
PPARA/PPARD,PAPD_082,CHEMBL375812,370011,A,PPARA,CHEMBL239,1820196,CHEMBL913182,F,EC50,=,135,nM,6.87,CHEMBL1142242,10.1021/jm061299k,17274610,,present,YES,ChEMBL 37 dump extract; MAX of STANDARD_OK pChEMBL
PPARA/PPARD,PAPD_082,CHEMBL375812,370011,A,PPARA,CHEMBL239,1820198,CHEMBL920308,F,EC50,=,152,nM,6.82,CHEMBL1142242,10.1021/jm061299k,17274610,,present,NO,ChEMBL 37 dump extract; MAX of STANDARD_OK pChEMBL
PPARA/PPARD,PAPD_082,CHEMBL375812,370011,B,PPARD,CHEMBL3979,1820037,CHEMBL920310,F,EC50,=,2.2,nM,8.66,CHEMBL1142242,10.1021/jm061299k,17274610,,present,YES,ChEMBL 37 dump extract; MAX of STANDARD_OK pChEMBL
PPARA/PPARD,PAPD_082,CHEMBL375812,370011,B,PPARD,CHEMBL3979,1820216,CHEMBL913262,F,EC50,=,144,nM,6.84,CHEMBL1142242,10.1021/jm061299k,17274610,,present,NO,ChEMBL 37 dump extract; MAX of STANDARD_OK pChEMBL
PPARA/PPARD,PAPD_082,CHEMBL375812,370011,B,PPARD,CHEMBL3979,1820289,CHEMBL914357,F,EC50,=,40,nM,7.4,CHEMBL1142242,10.1021/jm061299k,17274610,,present,NO,ChEMBL 37 dump extract; MAX of STANDARD_OK pChEMBL
PPARA/PPARD,PAPD_083,CHEMBL387914,380926,A,PPARA,CHEMBL239,1886089,CHEMBL886015,B,EC50,=,8.2,nM,8.09,CHEMBL1143711,10.1016/j.bmc.2007.05.023,17532641,,present,NO,ChEMBL 37 dump extract; MAX of STANDARD_OK pChEMBL
PPARA/PPARD,PAPD_083,CHEMBL387914,380926,A,PPARA,CHEMBL239,2240643,CHEMBL972692,F,EC50,=,7.9,nM,8.1,CHEMBL1156558,10.1016/j.bmcl.2008.07.046,18662876,,present,YES,ChEMBL 37 dump extract; MAX of STANDARD_OK pChEMBL
PPARA/PPARD,PAPD_083,CHEMBL387914,380926,B,PPARD,CHEMBL3979,1886106,CHEMBL886016,B,EC50,=,21,nM,7.68,CHEMBL1143711,10.1016/j.bmc.2007.05.023,17532641,,present,YES,ChEMBL 37 dump extract; MAX of STANDARD_OK pChEMBL
PPARA/PPARD,PAPD_083,CHEMBL387914,380926,B,PPARD,CHEMBL3979,2240657,CHEMBL972693,F,EC50,=,29,nM,7.54,CHEMBL1156558,10.1016/j.bmcl.2008.07.046,18662876,,present,NO,ChEMBL 37 dump extract; MAX of STANDARD_OK pChEMBL
PPARA/PPARD,PAPD_084,CHEMBL402840,435839,A,PPARA,CHEMBL239,2098154,CHEMBL931806,F,EC50,=,61,nM,7.21,CHEMBL1143130,10.1016/j.bmcl.2007.12.001,18162399,,present,NO,ChEMBL 37 dump extract; MAX of STANDARD_OK pChEMBL
PPARA/PPARD,PAPD_084,CHEMBL402840,435839,A,PPARA,CHEMBL239,2240630,CHEMBL972692,F,EC50,=,58,nM,7.24,CHEMBL1156558,10.1016/j.bmcl.2008.07.046,18662876,,present,NO,ChEMBL 37 dump extract; MAX of STANDARD_OK pChEMBL
PPARA/PPARD,PAPD_084,CHEMBL402840,435839,A,PPARA,CHEMBL239,5148214,CHEMBL1655217,B,EC50,=,54,nM,7.27,CHEMBL1649087,10.1021/jm101233f,21128600,,present,YES,ChEMBL 37 dump extract; MAX of STANDARD_OK pChEMBL
PPARA/PPARD,PAPD_084,CHEMBL402840,435839,A,PPARA,CHEMBL239,12076949,CHEMBL2162354,B,EC50,=,54,nM,7.27,CHEMBL2157875,10.1016/j.bmc.2012.08.061,23022278,,present,YES,ChEMBL 37 dump extract; MAX of STANDARD_OK pChEMBL
PPARA/PPARD,PAPD_084,CHEMBL402840,435839,B,PPARD,CHEMBL3979,2098168,CHEMBL931807,F,EC50,=,120,nM,6.92,CHEMBL1143130,10.1016/j.bmcl.2007.12.001,18162399,,present,YES,ChEMBL 37 dump extract; MAX of STANDARD_OK pChEMBL
PPARA/PPARD,PAPD_084,CHEMBL402840,435839,B,PPARD,CHEMBL3979,2240644,CHEMBL972693,F,EC50,=,120,nM,6.92,CHEMBL1156558,10.1016/j.bmcl.2008.07.046,18662876,,present,YES,ChEMBL 37 dump extract; MAX of STANDARD_OK pChEMBL
PPARA/PPARD,PAPD_084,CHEMBL402840,435839,B,PPARD,CHEMBL3979,12076945,CHEMBL2162355,B,EC50,=,130,nM,6.89,CHEMBL2157875,10.1016/j.bmc.2012.08.061,23022278,,present,NO,ChEMBL 37 dump extract; MAX of STANDARD_OK pChEMBL
PPARA/PPARD,PAPD_085,CHEMBL418874,194521,A,PPARA,CHEMBL239,567742,CHEMBL765405,B,IC50,=,37,nM,7.43,CHEMBL1136294,10.1016/s0960-894x(03)00785-6,14505666,,present,YES,ChEMBL 37 dump extract; MAX of STANDARD_OK pChEMBL
PPARA/PPARD,PAPD_085,CHEMBL418874,194521,B,PPARD,CHEMBL3979,567743,CHEMBL759296,B,IC50,=,140,nM,6.85,CHEMBL1136294,10.1016/s0960-894x(03)00785-6,14505666,,present,YES,ChEMBL 37 dump extract; MAX of STANDARD_OK pChEMBL
PPARA/PPARD,PAPD_086,CHEMBL428037,386981,A,PPARA,CHEMBL239,1913817,CHEMBL894877,F,EC50,=,94,nM,7.03,CHEMBL1148700,10.1021/jm070511x,17608467,,present,YES,ChEMBL 37 dump extract; MAX of STANDARD_OK pChEMBL
PPARA/PPARD,PAPD_086,CHEMBL428037,386981,A,PPARA,CHEMBL239,2139143,CHEMBL938396,F,EC50,=,94,nM,7.03,CHEMBL1143875,10.1016/j.bmc.2007.12.005,18155554,,present,YES,ChEMBL 37 dump extract; MAX of STANDARD_OK pChEMBL
PPARA/PPARD,PAPD_086,CHEMBL428037,386981,B,PPARD,CHEMBL3979,1913835,CHEMBL894882,F,EC50,=,3,nM,8.52,CHEMBL1148700,10.1021/jm070511x,17608467,,present,YES,ChEMBL 37 dump extract; MAX of STANDARD_OK pChEMBL
PPARA/PPARD,PAPD_086,CHEMBL428037,386981,B,PPARD,CHEMBL3979,2139201,CHEMBL938398,F,EC50,=,3,nM,8.52,CHEMBL1143875,10.1016/j.bmc.2007.12.005,18155554,,present,YES,ChEMBL 37 dump extract; MAX of STANDARD_OK pChEMBL
PPARA/PPARD,PAPD_087,CHEMBL456973,511960,A,PPARA,CHEMBL239,2240637,CHEMBL972692,F,EC50,=,13,nM,7.89,CHEMBL1156558,10.1016/j.bmcl.2008.07.046,18662876,,present,YES,ChEMBL 37 dump extract; MAX of STANDARD_OK pChEMBL
PPARA/PPARD,PAPD_087,CHEMBL456973,511960,B,PPARD,CHEMBL3979,2240651,CHEMBL972693,F,EC50,=,280,nM,6.55,CHEMBL1156558,10.1016/j.bmcl.2008.07.046,18662876,,present,YES,ChEMBL 37 dump extract; MAX of STANDARD_OK pChEMBL
PPARA/PPARD,PAPD_088,CHEMBL456974,511961,A,PPARA,CHEMBL239,2240636,CHEMBL972692,F,EC50,=,7.1,nM,8.15,CHEMBL1156558,10.1016/j.bmcl.2008.07.046,18662876,,present,YES,ChEMBL 37 dump extract; MAX of STANDARD_OK pChEMBL
PPARA/PPARD,PAPD_088,CHEMBL456974,511961,B,PPARD,CHEMBL3979,2240650,CHEMBL972693,F,EC50,=,94,nM,7.03,CHEMBL1156558,10.1016/j.bmcl.2008.07.046,18662876,,present,YES,ChEMBL 37 dump extract; MAX of STANDARD_OK pChEMBL
PPARA/PPARD,PAPD_089,CHEMBL457623,512031,A,PPARA,CHEMBL239,2240633,CHEMBL972692,F,EC50,=,13,nM,7.89,CHEMBL1156558,10.1016/j.bmcl.2008.07.046,18662876,,present,YES,ChEMBL 37 dump extract; MAX of STANDARD_OK pChEMBL
PPARA/PPARD,PAPD_089,CHEMBL457623,512031,B,PPARD,CHEMBL3979,2240647,CHEMBL972693,F,EC50,=,28,nM,7.55,CHEMBL1156558,10.1016/j.bmcl.2008.07.046,18662876,,present,YES,ChEMBL 37 dump extract; MAX of STANDARD_OK pChEMBL
PPARA/PPARD,PAPD_090,CHEMBL514264,512032,A,PPARA,CHEMBL239,2240632,CHEMBL972692,F,EC50,=,12,nM,7.92,CHEMBL1156558,10.1016/j.bmcl.2008.07.046,18662876,,present,YES,ChEMBL 37 dump extract; MAX of STANDARD_OK pChEMBL
PPARA/PPARD,PAPD_090,CHEMBL514264,512032,B,PPARD,CHEMBL3979,2240646,CHEMBL972693,F,EC50,=,25,nM,7.6,CHEMBL1156558,10.1016/j.bmcl.2008.07.046,18662876,,present,YES,ChEMBL 37 dump extract; MAX of STANDARD_OK pChEMBL
PPARA/PPARD,PAPD_091,CHEMBL5400319,2840487,A,PPARA,CHEMBL239,25539968,CHEMBL5343448,B,EC50,=,0.9,nM,9.05,CHEMBL5338805,10.1021/acs.jmedchem.2c02123,37243609,,present,YES,ChEMBL 37 dump extract; MAX of STANDARD_OK pChEMBL
PPARA/PPARD,PAPD_091,CHEMBL5400319,2840487,B,PPARD,CHEMBL3979,25540033,CHEMBL5343450,B,EC50,=,6.2,nM,8.21,CHEMBL5338805,10.1021/acs.jmedchem.2c02123,37243609,,present,YES,ChEMBL 37 dump extract; MAX of STANDARD_OK pChEMBL
PPARA/PPARD,PAPD_092,CHEMBL5401013,2841181,A,PPARA,CHEMBL239,25486320,CHEMBL5328572,B,EC50,=,270,nM,6.57,CHEMBL5325498,10.1021/acs.jmedchem.3c00932,37552807,,present,YES,ChEMBL 37 dump extract; MAX of STANDARD_OK pChEMBL
PPARA/PPARD,PAPD_092,CHEMBL5401013,2841181,B,PPARD,CHEMBL3979,25486275,CHEMBL5328570,B,EC50,=,7.5,nM,8.12,CHEMBL5325498,10.1021/acs.jmedchem.3c00932,37552807,,present,YES,ChEMBL 37 dump extract; MAX of STANDARD_OK pChEMBL
PPARA/PPARD,PAPD_093,CHEMBL5406915,2847083,A,PPARA,CHEMBL239,25539961,CHEMBL5343448,B,EC50,=,2.2,nM,8.66,CHEMBL5338805,10.1021/acs.jmedchem.2c02123,37243609,,present,YES,ChEMBL 37 dump extract; MAX of STANDARD_OK pChEMBL
PPARA/PPARD,PAPD_093,CHEMBL5406915,2847083,B,PPARD,CHEMBL3979,25540064,CHEMBL5343450,B,EC50,=,23.6,nM,7.63,CHEMBL5338805,10.1021/acs.jmedchem.2c02123,37243609,,present,YES,ChEMBL 37 dump extract; MAX of STANDARD_OK pChEMBL
PPARA/PPARD,PAPD_094,CHEMBL5408588,2848756,A,PPARA,CHEMBL239,25539976,CHEMBL5343448,B,EC50,=,165.6,nM,6.78,CHEMBL5338805,10.1021/acs.jmedchem.2c02123,37243609,,present,YES,ChEMBL 37 dump extract; MAX of STANDARD_OK pChEMBL
PPARA/PPARD,PAPD_094,CHEMBL5408588,2848756,B,PPARD,CHEMBL3979,25540047,CHEMBL5343450,B,EC50,=,90.5,nM,7.04,CHEMBL5338805,10.1021/acs.jmedchem.2c02123,37243609,,present,YES,ChEMBL 37 dump extract; MAX of STANDARD_OK pChEMBL
PPARA/PPARD,PAPD_095,CHEMBL6173976,3319020,A,PPARA,CHEMBL239,29278674,CHEMBL6155738,B,EC50,=,4.7,nM,8.33,CHEMBL6153078,10.1016/j.ejmech.2025.117284,39827490,,present,YES,ChEMBL 37 dump extract; MAX of STANDARD_OK pChEMBL
PPARA/PPARD,PAPD_095,CHEMBL6173976,3319020,B,PPARD,CHEMBL3979,29278707,CHEMBL6155740,B,EC50,=,36.9,nM,7.43,CHEMBL6153078,10.1016/j.ejmech.2025.117284,39827490,,present,YES,ChEMBL 37 dump extract; MAX of STANDARD_OK pChEMBL
PPARA/PPARD,PAPD_096,CHEMBL6174020,3319064,A,PPARA,CHEMBL239,29278672,CHEMBL6155738,B,EC50,=,3.4,nM,8.47,CHEMBL6153078,10.1016/j.ejmech.2025.117284,39827490,,present,YES,ChEMBL 37 dump extract; MAX of STANDARD_OK pChEMBL
PPARA/PPARD,PAPD_096,CHEMBL6174020,3319064,B,PPARD,CHEMBL3979,29278705,CHEMBL6155740,B,EC50,=,69.6,nM,7.16,CHEMBL6153078,10.1016/j.ejmech.2025.117284,39827490,,present,YES,ChEMBL 37 dump extract; MAX of STANDARD_OK pChEMBL
PPARA/PPARD,PAPD_097,CHEMBL1173380,650108,A,PPARA,CHEMBL239,12604671,CHEMBL3069175,B,IC50,=,30000,nM,4.52,CHEMBL3046720,10.1007/s00044-012-0285-6,,,present,YES,ChEMBL 37 dump extract; MAX of STANDARD_OK pChEMBL
PPARA/PPARD,PAPD_097,CHEMBL1173380,650108,B,PPARD,CHEMBL3979,12604639,CHEMBL3069173,B,IC50,=,30000,nM,4.52,CHEMBL3046720,10.1007/s00044-012-0285-6,,,present,YES,ChEMBL 37 dump extract; MAX of STANDARD_OK pChEMBL
PPARA/PPARD,PAPD_098,CHEMBL1778733,1147198,A,PPARA,CHEMBL239,6210111,CHEMBL1781230,F,EC50,=,14700,nM,4.83,CHEMBL1777685,10.1016/j.bmc.2011.03.053,21515063,,present,YES,ChEMBL 37 dump extract; MAX of STANDARD_OK pChEMBL
PPARA/PPARD,PAPD_098,CHEMBL1778733,1147198,B,PPARD,CHEMBL3979,6210113,CHEMBL1781232,F,EC50,=,6700,nM,5.17,CHEMBL1777685,10.1016/j.bmc.2011.03.053,21515063,,present,YES,ChEMBL 37 dump extract; MAX of STANDARD_OK pChEMBL
PPARA/PPARD,PAPD_099,CHEMBL1813191,1168222,A,PPARA,CHEMBL239,6310717,CHEMBL1815487,F,EC50,=,29000,nM,4.54,CHEMBL1811873,10.1016/j.bmc.2011.03.065,21514830,,present,YES,ChEMBL 37 dump extract; MAX of STANDARD_OK pChEMBL
PPARA/PPARD,PAPD_099,CHEMBL1813191,1168222,B,PPARD,CHEMBL3979,6310679,CHEMBL1815489,F,EC50,=,62000,nM,4.21,CHEMBL1811873,10.1016/j.bmc.2011.03.065,21514830,,present,YES,ChEMBL 37 dump extract; MAX of STANDARD_OK pChEMBL
PPARA/PPARD,PAPD_100,CHEMBL1813194,1168225,A,PPARA,CHEMBL239,6310714,CHEMBL1815487,F,EC50,=,6600,nM,5.18,CHEMBL1811873,10.1016/j.bmc.2011.03.065,21514830,,present,YES,ChEMBL 37 dump extract; MAX of STANDARD_OK pChEMBL
PPARA/PPARD,PAPD_100,CHEMBL1813194,1168225,B,PPARD,CHEMBL3979,6310676,CHEMBL1815489,F,EC50,=,14000,nM,4.85,CHEMBL1811873,10.1016/j.bmc.2011.03.065,21514830,,present,YES,ChEMBL 37 dump extract; MAX of STANDARD_OK pChEMBL
PPARA/PPARD,PAPD_101,CHEMBL2011541,1332591,A,PPARA,CHEMBL239,10848090,CHEMBL2014329,B,EC50,=,19500,nM,4.71,CHEMBL2010677,10.1016/j.bmcl.2012.01.136,22381047,,present,YES,ChEMBL 37 dump extract; MAX of STANDARD_OK pChEMBL
PPARA/PPARD,PAPD_101,CHEMBL2011541,1332591,B,PPARD,CHEMBL3979,10833286,CHEMBL2015997,B,EC50,=,48500,nM,4.31,CHEMBL2010677,10.1016/j.bmcl.2012.01.136,22381047,,present,YES,ChEMBL 37 dump extract; MAX of STANDARD_OK pChEMBL
PPARA/PPARD,PAPD_102,CHEMBL2159605,1426153,A,PPARA,CHEMBL239,12066464,CHEMBL2162785,B,EC50,=,47100,nM,4.33,CHEMBL2157928,10.1016/j.bmcl.2012.08.099,23031596,,present,YES,ChEMBL 37 dump extract; MAX of STANDARD_OK pChEMBL
PPARA/PPARD,PAPD_102,CHEMBL2159605,1426153,B,PPARD,CHEMBL3979,12066450,CHEMBL2162787,B,EC50,=,11000,nM,4.96,CHEMBL2157928,10.1016/j.bmcl.2012.08.099,23031596,,present,YES,ChEMBL 37 dump extract; MAX of STANDARD_OK pChEMBL
PPARA/PPARD,PAPD_103,CHEMBL315048,140706,A,PPARA,CHEMBL239,340913,CHEMBL760607,B,EC50,=,3200,nM,5.5,CHEMBL1136267,10.1016/s0960-894x(02)00881-8,12482434,,present,YES,ChEMBL 37 dump extract; MAX of STANDARD_OK pChEMBL
PPARA/PPARD,PAPD_103,CHEMBL315048,140706,A,PPARA,CHEMBL239,12390142,CHEMBL3052672,B,EC50,=,5248.07,nM,5.28,CHEMBL3046236,10.1007/s00044-011-9818-7,,,present,NO,ChEMBL 37 dump extract; MAX of STANDARD_OK pChEMBL
PPARA/PPARD,PAPD_103,CHEMBL315048,140706,A,PPARA,CHEMBL239,12531391,CHEMBL3077607,B,EC50,=,3162.28,nM,5.5,CHEMBL3046028,10.1007/s00044-012-0003-4,,,present,YES,ChEMBL 37 dump extract; MAX of STANDARD_OK pChEMBL
PPARA/PPARD,PAPD_103,CHEMBL315048,140706,A,PPARA,CHEMBL239,12531416,CHEMBL3077607,B,EC50,=,3200,nM,5.5,CHEMBL3046028,10.1007/s00044-012-0003-4,,,present,YES,ChEMBL 37 dump extract; MAX of STANDARD_OK pChEMBL
PPARA/PPARD,PAPD_103,CHEMBL315048,140706,B,PPARD,CHEMBL3979,340917,CHEMBL762591,B,EC50,=,3400,nM,5.47,CHEMBL1136267,10.1016/s0960-894x(02)00881-8,12482434,,present,YES,ChEMBL 37 dump extract; MAX of STANDARD_OK pChEMBL
PPARA/PPARD,PAPD_104,CHEMBL3393178,1826981,A,PPARA,CHEMBL239,15151160,CHEMBL3395861,B,EC50,=,18600,nM,4.73,CHEMBL3393039,10.1016/j.bmc.2014.12.013,25583100,,present,YES,ChEMBL 37 dump extract; MAX of STANDARD_OK pChEMBL
PPARA/PPARD,PAPD_104,CHEMBL3393178,1826981,B,PPARD,CHEMBL3979,15151202,CHEMBL3395999,B,EC50,=,3400,nM,5.47,CHEMBL3393039,10.1016/j.bmc.2014.12.013,25583100,,present,YES,ChEMBL 37 dump extract; MAX of STANDARD_OK pChEMBL
PPARA/PPARD,PAPD_105,CHEMBL3393182,1826985,A,PPARA,CHEMBL239,15151164,CHEMBL3395861,B,EC50,=,14400,nM,4.84,CHEMBL3393039,10.1016/j.bmc.2014.12.013,25583100,,present,YES,ChEMBL 37 dump extract; MAX of STANDARD_OK pChEMBL
PPARA/PPARD,PAPD_105,CHEMBL3393182,1826985,B,PPARD,CHEMBL3979,15151206,CHEMBL3395999,B,EC50,=,7400,nM,5.13,CHEMBL3393039,10.1016/j.bmc.2014.12.013,25583100,,present,YES,ChEMBL 37 dump extract; MAX of STANDARD_OK pChEMBL
PPARA/PPARD,PAPD_106,CHEMBL5171660,2742891,A,PPARA,CHEMBL239,24882464,CHEMBL5156322,B,EC50,=,8720,nM,5.06,CHEMBL5154671,10.1016/j.ejmech.2021.114061,34954593,,present,YES,ChEMBL 37 dump extract; MAX of STANDARD_OK pChEMBL
PPARA/PPARD,PAPD_106,CHEMBL5171660,2742891,B,PPARD,CHEMBL3979,24882494,CHEMBL5156324,B,EC50,=,4500,nM,5.35,CHEMBL5154671,10.1016/j.ejmech.2021.114061,34954593,,present,YES,ChEMBL 37 dump extract; MAX of STANDARD_OK pChEMBL
PPARA/PPARD,PAPD_107,CHEMBL5201581,2772812,A,PPARA,CHEMBL239,24882463,CHEMBL5156322,B,EC50,=,7600,nM,5.12,CHEMBL5154671,10.1016/j.ejmech.2021.114061,34954593,,present,YES,ChEMBL 37 dump extract; MAX of STANDARD_OK pChEMBL
PPARA/PPARD,PAPD_107,CHEMBL5201581,2772812,B,PPARD,CHEMBL3979,24882493,CHEMBL5156324,B,EC50,=,5160,nM,5.29,CHEMBL5154671,10.1016/j.ejmech.2021.114061,34954593,,present,YES,ChEMBL 37 dump extract; MAX of STANDARD_OK pChEMBL
PPARA/PPARD,PAPD_108,CHEMBL5523389,2900639,A,PPARA,CHEMBL239,25829272,CHEMBL5500701,B,EC50,=,40930,nM,4.39,CHEMBL5500330,10.1016/j.ejmech.2024.116279,38460271,,present,YES,ChEMBL 37 dump extract; MAX of STANDARD_OK pChEMBL
PPARA/PPARD,PAPD_108,CHEMBL5523389,2900639,B,PPARD,CHEMBL3979,25829284,CHEMBL5500703,B,EC50,=,48070,nM,4.32,CHEMBL5500330,10.1016/j.ejmech.2024.116279,38460271,,present,YES,ChEMBL 37 dump extract; MAX of STANDARD_OK pChEMBL
PPARA/PPARD,PAPD_109,CHEMBL595,19737,A,PPARA,CHEMBL239,976776,CHEMBL824642,F,EC50,=,6680,nM,5.17,CHEMBL1135600,10.1021/jm010964g,11831892,,present,YES,ChEMBL 37 dump extract; MAX of STANDARD_OK pChEMBL
PPARA/PPARD,PAPD_109,CHEMBL595,19737,A,PPARA,CHEMBL239,1101538,CHEMBL763853,B,EC50,=,6680,nM,5.17,CHEMBL1145887,10.1021/jm0309046,14584939,,present,YES,ChEMBL 37 dump extract; MAX of STANDARD_OK pChEMBL
PPARA/PPARD,PAPD_109,CHEMBL595,19737,A,PPARA,CHEMBL239,19005338,CHEMBL4344272,B,EC50,=,6700,nM,5.17,CHEMBL4342459,10.1021/acs.jmedchem.9b01701,31930920,,present,YES,ChEMBL 37 dump extract; MAX of STANDARD_OK pChEMBL
PPARA/PPARD,PAPD_109,CHEMBL595,19737,A,PPARA,CHEMBL239,29256795,CHEMBL6137926,B,EC50,=,100000,nM,4,CHEMBL6134847,10.1021/acs.jmedchem.5c00402,40186327,,present,NO,ChEMBL 37 dump extract; MAX of STANDARD_OK pChEMBL
PPARA/PPARD,PAPD_109,CHEMBL595,19737,B,PPARD,CHEMBL3979,29256798,CHEMBL6137927,B,EC50,=,43000,nM,4.37,CHEMBL6134847,10.1021/acs.jmedchem.5c00402,40186327,,present,YES,ChEMBL 37 dump extract; MAX of STANDARD_OK pChEMBL
PPARA/PPARD,PAPD_110,CHEMBL6169258,3314302,A,PPARA,CHEMBL239,29256797,CHEMBL6137926,B,EC50,=,22600,nM,4.65,CHEMBL6134847,10.1021/acs.jmedchem.5c00402,40186327,,present,YES,ChEMBL 37 dump extract; MAX of STANDARD_OK pChEMBL
PPARA/PPARD,PAPD_110,CHEMBL6169258,3314302,B,PPARD,CHEMBL3979,29256800,CHEMBL6137927,B,EC50,=,98200,nM,4.01,CHEMBL6134847,10.1021/acs.jmedchem.5c00402,40186327,,present,YES,ChEMBL 37 dump extract; MAX of STANDARD_OK pChEMBL
