layer,job_id,pdb_id,global_ligand_entity_id,execution_status,original_master_CNNscore,reparsed_CNNscore,raw_model1_CNNscore,topology,official_for_analysis,issues
OLD_M3,2JKH__ACVPPNXFXGZKPH-DEOSSOPVSA-N__seed42,2JKH,ACVPPNXFXGZKPH-DEOSSOPVSA-N,SUCCESS,--,0.522094667,0.522094667,N/A_NO_SPECIAL_TYPE,YES_IF_SUCCESS,
OLD_M3,2JKH__AFBKMCYUMVDUEH-UHFFFAOYSA-N__seed42,2JKH,AFBKMCYUMVDUEH-UHFFFAOYSA-N,SUCCESS,--,0.649626613,0.649626613,N/A_NO_SPECIAL_TYPE,YES_IF_SUCCESS,
OLD_M3,2JKH__AINQVQKSQFDZMT-HMMYKYKNSA-N__seed42,2JKH,AINQVQKSQFDZMT-HMMYKYKNSA-N,SUCCESS,--,0.569339871,0.569339871,N/A_NO_SPECIAL_TYPE,YES_IF_SUCCESS,
OLD_M3,2JKH__AIZUZOZYGWNPIO-UHFFFAOYSA-N__seed42,2JKH,AIZUZOZYGWNPIO-UHFFFAOYSA-N,SUCCESS,--,0.269829124,0.269829124,N/A_NO_SPECIAL_TYPE,YES_IF_SUCCESS,
OLD_M3,2JKH__ATSROBXXNRWKDL-UHFFFAOYSA-N__seed42,2JKH,ATSROBXXNRWKDL-UHFFFAOYSA-N,SUCCESS,--,0.745979607,0.745979607,N/A_NO_SPECIAL_TYPE,YES_IF_SUCCESS,
OLD_M3,2JKH__BEROVXWZGFDKPA-UHFFFAOYSA-N__seed42,2JKH,BEROVXWZGFDKPA-UHFFFAOYSA-N,SUCCESS,--,0.480180979,0.480180979,N/A_NO_SPECIAL_TYPE,YES_IF_SUCCESS,
OLD_M3,2JKH__BPAQJTYBGWPSRM-UHFFFAOYSA-N__seed42,2JKH,BPAQJTYBGWPSRM-UHFFFAOYSA-N,SUCCESS,--,0.783442378,0.783442378,N/A_NO_SPECIAL_TYPE,YES_IF_SUCCESS,
OLD_M3,2JKH__BRDWSYKDGOVQJG-UHFFFAOYSA-N__seed42,2JKH,BRDWSYKDGOVQJG-UHFFFAOYSA-N,SUCCESS,--,0.806861818,0.806861818,N/A_NO_SPECIAL_TYPE,YES_IF_SUCCESS,
OLD_M3,2JKH__BRZYOTMFHLERHD-BBWFWOEESA-N__seed42,2JKH,BRZYOTMFHLERHD-BBWFWOEESA-N,SUCCESS,--,0.924262881,0.924262881,N/A_NO_SPECIAL_TYPE,YES_IF_SUCCESS,
OLD_M3,2JKH__BVBGZXXLVHYBKI-UHFFFAOYSA-N__seed42,2JKH,BVBGZXXLVHYBKI-UHFFFAOYSA-N,SUCCESS,--,0.513034344,0.513034344,N/A_NO_SPECIAL_TYPE,YES_IF_SUCCESS,
OLD_M3,2JKH__CYPTUCSRAKRHJR-UHFFFAOYSA-N__seed42,2JKH,CYPTUCSRAKRHJR-UHFFFAOYSA-N,SUCCESS,--,0.961777091,0.961777091,N/A_NO_SPECIAL_TYPE,YES_IF_SUCCESS,
OLD_M3,2JKH__DCCNZIMOOBWFDR-UHFFFAOYSA-N__seed42,2JKH,DCCNZIMOOBWFDR-UHFFFAOYSA-N,SUCCESS,--,0.518497884,0.518497884,N/A_NO_SPECIAL_TYPE,YES_IF_SUCCESS,
OLD_M3,2JKH__DIJNMZDNCSWBBP-QFIPXVFZSA-N__seed42,2JKH,DIJNMZDNCSWBBP-QFIPXVFZSA-N,SUCCESS,--,0.789713979,0.789713979,N/A_NO_SPECIAL_TYPE,YES_IF_SUCCESS,
OLD_M3,2JKH__DRUZWKULMZFMLK-UHFFFAOYSA-N__seed42,2JKH,DRUZWKULMZFMLK-UHFFFAOYSA-N,SUCCESS,--,0.731927991,0.731927991,N/A_NO_SPECIAL_TYPE,YES_IF_SUCCESS,
OLD_M3,2JKH__DUTMSPYSKLRLIM-XUZZJYLKSA-N__seed42,2JKH,DUTMSPYSKLRLIM-XUZZJYLKSA-N,SUCCESS,--,0.920529902,0.920529902,N/A_NO_SPECIAL_TYPE,YES_IF_SUCCESS,
OLD_M3,2JKH__DWNHMQOMYAIZCG-HHHXNRCGSA-N__seed42,2JKH,DWNHMQOMYAIZCG-HHHXNRCGSA-N,SUCCESS,--,0.72626704,0.72626704,M3_INPUT_TOPOLOGY_FAIL,NO_INVALID_INPUT_REPRESENTATION,
OLD_M3,2JKH__DXAPSOAHVMXRKS-UHFFFAOYSA-N__seed42,2JKH,DXAPSOAHVMXRKS-UHFFFAOYSA-N,SUCCESS,--,0.843541086,0.843541086,N/A_NO_SPECIAL_TYPE,YES_IF_SUCCESS,
OLD_M3,2JKH__FCCJGNOUIYGKAC-UHFFFAOYSA-N__seed42,2JKH,FCCJGNOUIYGKAC-UHFFFAOYSA-N,SUCCESS,--,0.953828216,0.953828216,N/A_NO_SPECIAL_TYPE,YES_IF_SUCCESS,
OLD_M3,2JKH__FEFPMRFHQVSSQC-UHFFFAOYSA-N__seed42,2JKH,FEFPMRFHQVSSQC-UHFFFAOYSA-N,SUCCESS,--,0.919893384,0.919893384,N/A_NO_SPECIAL_TYPE,YES_IF_SUCCESS,
OLD_M3,2JKH__FEKRWNWZMOSVBX-UHFFFAOYSA-N__seed42,2JKH,FEKRWNWZMOSVBX-UHFFFAOYSA-N,SUCCESS,--,0.781810701,0.781810701,N/A_NO_SPECIAL_TYPE,YES_IF_SUCCESS,
OLD_M3,2JKH__FKIDKZHGPZRWGT-HMTLIYDFSA-N__seed42,2JKH,FKIDKZHGPZRWGT-HMTLIYDFSA-N,SUCCESS,--,0.890105724,0.890105724,N/A_NO_SPECIAL_TYPE,YES_IF_SUCCESS,
OLD_M3,2JKH__FKTIPOLHKSMAHY-UHFFFAOYSA-N__seed42,2JKH,FKTIPOLHKSMAHY-UHFFFAOYSA-N,SUCCESS,--,0.928907812,0.928907812,N/A_NO_SPECIAL_TYPE,YES_IF_SUCCESS,
OLD_M3,2JKH__FLCBADIIGVYFAJ-OEAKJJBVSA-N__seed42,2JKH,FLCBADIIGVYFAJ-OEAKJJBVSA-N,SUCCESS,--,0.737270474,0.737270474,N/A_NO_SPECIAL_TYPE,YES_IF_SUCCESS,
OLD_M3,2JKH__FNERQDASDNXFMT-IRXDYDNUSA-N__seed42,2JKH,FNERQDASDNXFMT-IRXDYDNUSA-N,SUCCESS,--,0.761130452,0.761130452,M3_INPUT_TOPOLOGY_FAIL,NO_INVALID_INPUT_REPRESENTATION,
OLD_M3,2JKH__FPYOOPDUUPDBNP-UHFFFAOYSA-N__seed42,2JKH,FPYOOPDUUPDBNP-UHFFFAOYSA-N,SUCCESS,--,0.745687366,0.745687366,N/A_NO_SPECIAL_TYPE,YES_IF_SUCCESS,
OLD_M3,2JKH__FTZLMZGSZMKQFI-UHFFFAOYSA-N__seed42,2JKH,FTZLMZGSZMKQFI-UHFFFAOYSA-N,SUCCESS,--,0.685564458,0.685564458,N/A_NO_SPECIAL_TYPE,YES_IF_SUCCESS,
OLD_M3,2JKH__GLMPXCWPQNWBLX-UHFFFAOYSA-N__seed42,2JKH,GLMPXCWPQNWBLX-UHFFFAOYSA-N,SUCCESS,--,0.86140728,0.86140728,N/A_NO_SPECIAL_TYPE,YES_IF_SUCCESS,
OLD_M3,2JKH__HCONWOFFAXZHQA-HNNXBMFYSA-N__seed42,2JKH,HCONWOFFAXZHQA-HNNXBMFYSA-N,SUCCESS,--,0.866784513,0.866784513,N/A_NO_SPECIAL_TYPE,YES_IF_SUCCESS,
OLD_M3,2JKH__HHGGWCFPUIXQJD-QFIPXVFZSA-N__seed42,2JKH,HHGGWCFPUIXQJD-QFIPXVFZSA-N,SUCCESS,--,0.89560926,0.89560926,N/A_NO_SPECIAL_TYPE,YES_IF_SUCCESS,
OLD_M3,2JKH__HKMDEQIJNRKKNH-UHFFFAOYSA-N__seed42,2JKH,HKMDEQIJNRKKNH-UHFFFAOYSA-N,SUCCESS,--,0.863064766,0.863064766,N/A_NO_SPECIAL_TYPE,YES_IF_SUCCESS,
OLD_M3,2JKH__IGNSBDLQAZHCTR-UHFFFAOYSA-N__seed42,2JKH,IGNSBDLQAZHCTR-UHFFFAOYSA-N,SUCCESS,--,0.363973618,0.363973618,N/A_NO_SPECIAL_TYPE,YES_IF_SUCCESS,
OLD_M3,2JKH__IJULQVPTGWFUIR-UHFFFAOYSA-N__seed42,2JKH,IJULQVPTGWFUIR-UHFFFAOYSA-N,SUCCESS,--,0.787683785,0.787683785,N/A_NO_SPECIAL_TYPE,YES_IF_SUCCESS,
OLD_M3,2JKH__IPFYCMPFMMRMFR-UHFFFAOYSA-N__seed42,2JKH,IPFYCMPFMMRMFR-UHFFFAOYSA-N,SUCCESS,--,0.805716097,0.805716097,N/A_NO_SPECIAL_TYPE,YES_IF_SUCCESS,
OLD_M3,2JKH__IQSQCPMGGRPOBO-UHFFFAOYSA-N__seed42,2JKH,IQSQCPMGGRPOBO-UHFFFAOYSA-N,SUCCESS,--,0.622264326,0.622264326,N/A_NO_SPECIAL_TYPE,YES_IF_SUCCESS,
OLD_M3,2JKH__IYGMCUZMVSMAMD-SFHVURJKSA-N__seed42,2JKH,IYGMCUZMVSMAMD-SFHVURJKSA-N,SUCCESS,--,0.951989055,0.951989055,N/A_NO_SPECIAL_TYPE,YES_IF_SUCCESS,
OLD_M3,2JKH__JIQRNDHLAYBGQI-MULIXUIOSA-N__seed42,2JKH,JIQRNDHLAYBGQI-MULIXUIOSA-N,SUCCESS,--,0.857189417,0.857189417,N/A_NO_SPECIAL_TYPE,YES_IF_SUCCESS,
OLD_M3,2JKH__JJGUELHYJFCDMI-IZNSARCZSA-N__seed42,2JKH,JJGUELHYJFCDMI-IZNSARCZSA-N,SUCCESS,--,0.98935914,0.98935914,N/A_NO_SPECIAL_TYPE,YES_IF_SUCCESS,
OLD_M3,2JKH__JMBFMRIGGCGNMP-UHFFFAOYSA-N__seed42,2JKH,JMBFMRIGGCGNMP-UHFFFAOYSA-N,SUCCESS,--,0.451343924,0.451343924,N/A_NO_SPECIAL_TYPE,YES_IF_SUCCESS,
OLD_M3,2JKH__JMZFIOOXUXETFA-FQEVSTJZSA-N__seed42,2JKH,JMZFIOOXUXETFA-FQEVSTJZSA-N,SUCCESS,--,0.491567314,0.491567314,N/A_NO_SPECIAL_TYPE,YES_IF_SUCCESS,
OLD_M3,2JKH__JRBPESDUWUDPLN-UHFFFAOYSA-N__seed42,2JKH,JRBPESDUWUDPLN-UHFFFAOYSA-N,SUCCESS,--,0.855507433,0.855507433,N/A_NO_SPECIAL_TYPE,YES_IF_SUCCESS,
OLD_M3,2JKH__JTWPXAPBCSEZRE-UHFFFAOYSA-N__seed42,2JKH,JTWPXAPBCSEZRE-UHFFFAOYSA-N,SUCCESS,--,0.811676681,0.811676681,N/A_NO_SPECIAL_TYPE,YES_IF_SUCCESS,
OLD_M3,2JKH__JUULPGRZJRAQOQ-UHFFFAOYSA-N__seed42,2JKH,JUULPGRZJRAQOQ-UHFFFAOYSA-N,SUCCESS,--,0.513302982,0.513302982,N/A_NO_SPECIAL_TYPE,YES_IF_SUCCESS,
OLD_M3,2JKH__JVDKHRYLSLCTBR-UHFFFAOYSA-N__seed42,2JKH,JVDKHRYLSLCTBR-UHFFFAOYSA-N,SUCCESS,--,0.936371565,0.936371565,N/A_NO_SPECIAL_TYPE,YES_IF_SUCCESS,
OLD_M3,2JKH__JVSRYBVSQFIXMI-YTCPBCGMSA-N__seed42,2JKH,JVSRYBVSQFIXMI-YTCPBCGMSA-N,SUCCESS,--,0.448541254,0.448541254,N/A_NO_SPECIAL_TYPE,YES_IF_SUCCESS,
OLD_M3,2JKH__JXHRRVFVLWWLCI-NRGCRIOASA-N__seed42,2JKH,JXHRRVFVLWWLCI-NRGCRIOASA-N,SUCCESS,--,0.775812387,0.775812387,M3_INPUT_TOPOLOGY_FAIL,NO_INVALID_INPUT_REPRESENTATION,
OLD_M3,2JKH__JZCHSDMDWRLIOG-OPAMFIHVSA-N__seed42,2JKH,JZCHSDMDWRLIOG-OPAMFIHVSA-N,SUCCESS,--,0.915041029,0.915041029,N/A_NO_SPECIAL_TYPE,YES_IF_SUCCESS,
OLD_M3,2JKH__KEWCBOBJEQHYIV-UHFFFAOYSA-N__seed42,2JKH,KEWCBOBJEQHYIV-UHFFFAOYSA-N,SUCCESS,--,0.927250862,0.927250862,N/A_NO_SPECIAL_TYPE,YES_IF_SUCCESS,
OLD_M3,2JKH__KFGUVXFIUYMGHH-UHFFFAOYSA-N__seed42,2JKH,KFGUVXFIUYMGHH-UHFFFAOYSA-N,SUCCESS,--,0.591655612,0.591655612,N/A_NO_SPECIAL_TYPE,YES_IF_SUCCESS,
OLD_M3,2JKH__KMEOYPGTFKFRIU-UHFFFAOYSA-N__seed42,2JKH,KMEOYPGTFKFRIU-UHFFFAOYSA-N,SUCCESS,--,0.646039486,0.646039486,N/A_NO_SPECIAL_TYPE,YES_IF_SUCCESS,
OLD_M3,2JKH__KPACBFJTZSMBKD-OAQYLSRUSA-N__seed42,2JKH,KPACBFJTZSMBKD-OAQYLSRUSA-N,SUCCESS,--,0.459517539,0.459517539,N/A_NO_SPECIAL_TYPE,YES_IF_SUCCESS,
OLD_M3,2JKH__LAUGVCLUYPMNEP-UHFFFAOYSA-N__seed42,2JKH,LAUGVCLUYPMNEP-UHFFFAOYSA-N,SUCCESS,--,0.824903011,0.824903011,N/A_NO_SPECIAL_TYPE,YES_IF_SUCCESS,
OLD_M3,2JKH__LBNIAVAXSURFQL-MHZLTWQESA-N__seed42,2JKH,LBNIAVAXSURFQL-MHZLTWQESA-N,SUCCESS,--,0.736652792,0.736652792,N/A_NO_SPECIAL_TYPE,YES_IF_SUCCESS,
OLD_M3,2JKH__MPSJBYFGZHSLRS-UHFFFAOYSA-N__seed42,2JKH,MPSJBYFGZHSLRS-UHFFFAOYSA-N,SUCCESS,--,0.664358914,0.664358914,N/A_NO_SPECIAL_TYPE,YES_IF_SUCCESS,
OLD_M3,2JKH__MSZDFYJGNLJAGU-UHFFFAOYSA-N__seed42,2JKH,MSZDFYJGNLJAGU-UHFFFAOYSA-N,SUCCESS,--,0.42982015,0.42982015,N/A_NO_SPECIAL_TYPE,YES_IF_SUCCESS,
OLD_M3,2JKH__MVAZUTSKLWJRFY-UHFFFAOYSA-N__seed42,2JKH,MVAZUTSKLWJRFY-UHFFFAOYSA-N,SUCCESS,--,0.716490328,0.716490328,N/A_NO_SPECIAL_TYPE,YES_IF_SUCCESS,
OLD_M3,2JKH__MWONLFLWDWHANV-UHFFFAOYSA-N__seed42,2JKH,MWONLFLWDWHANV-UHFFFAOYSA-N,SUCCESS,--,0.617352843,0.617352843,N/A_NO_SPECIAL_TYPE,YES_IF_SUCCESS,
OLD_M3,2JKH__MZQZJZKJAMRPKS-UHFFFAOYSA-N__seed42,2JKH,MZQZJZKJAMRPKS-UHFFFAOYSA-N,SUCCESS,--,0.205788836,0.205788836,N/A_NO_SPECIAL_TYPE,YES_IF_SUCCESS,
OLD_M3,2JKH__NDTNHGKZDUSWEQ-UHFFFAOYSA-N__seed42,2JKH,NDTNHGKZDUSWEQ-UHFFFAOYSA-N,SUCCESS,--,0.325586915,0.325586915,N/A_NO_SPECIAL_TYPE,YES_IF_SUCCESS,
OLD_M3,2JKH__NEEBGCAKJPDPFV-UHFFFAOYSA-N__seed42,2JKH,NEEBGCAKJPDPFV-UHFFFAOYSA-N,SUCCESS,--,0.525306165,0.525306165,N/A_NO_SPECIAL_TYPE,YES_IF_SUCCESS,
OLD_M3,2JKH__NIKUFUKVJGORCK-UHFFFAOYSA-N__seed42,2JKH,NIKUFUKVJGORCK-UHFFFAOYSA-N,SUCCESS,--,0.728883505,0.728883505,N/A_NO_SPECIAL_TYPE,YES_IF_SUCCESS,
OLD_M3,2JKH__NQTRMKQQZOHULE-UHFFFAOYSA-N__seed42,2JKH,NQTRMKQQZOHULE-UHFFFAOYSA-N,SUCCESS,--,0.940000355,0.940000355,N/A_NO_SPECIAL_TYPE,YES_IF_SUCCESS,
OLD_M3,2JKH__NSUDDASMRZSVON-UHFFFAOYSA-N__seed42,2JKH,NSUDDASMRZSVON-UHFFFAOYSA-N,SUCCESS,--,0.742578089,0.742578089,N/A_NO_SPECIAL_TYPE,YES_IF_SUCCESS,
OLD_M3,2JKH__NTCCWWNRATWWLQ-UHFFFAOYSA-N__seed42,2JKH,NTCCWWNRATWWLQ-UHFFFAOYSA-N,SUCCESS,--,0.96789825,0.96789825,N/A_NO_SPECIAL_TYPE,YES_IF_SUCCESS,
OLD_M3,2JKH__OJODISRNMRYALN-UHFFFAOYSA-N__seed42,2JKH,OJODISRNMRYALN-UHFFFAOYSA-N,SUCCESS,--,0.92310214,0.92310214,N/A_NO_SPECIAL_TYPE,YES_IF_SUCCESS,
OLD_M3,2JKH__OPMGLKXWFJUOCJ-WTHWOSCZSA-N__seed42,2JKH,OPMGLKXWFJUOCJ-WTHWOSCZSA-N,SUCCESS,--,0.977855623,0.977855623,N/A_NO_SPECIAL_TYPE,YES_IF_SUCCESS,
OLD_M3,2JKH__OREKERSNHHDONJ-UHFFFAOYSA-N__seed42,2JKH,OREKERSNHHDONJ-UHFFFAOYSA-N,SUCCESS,--,0.817203701,0.817203701,N/A_NO_SPECIAL_TYPE,YES_IF_SUCCESS,
OLD_M3,2JKH__OZYBACPIVBLIER-UHFFFAOYSA-N__seed42,2JKH,OZYBACPIVBLIER-UHFFFAOYSA-N,SUCCESS,--,0.751574814,0.751574814,N/A_NO_SPECIAL_TYPE,YES_IF_SUCCESS,
OLD_M3,2JKH__PQEQQMLZYPTIEQ-UHFFFAOYSA-N__seed42,2JKH,PQEQQMLZYPTIEQ-UHFFFAOYSA-N,SUCCESS,--,0.872426093,0.872426093,N/A_NO_SPECIAL_TYPE,YES_IF_SUCCESS,
OLD_M3,2JKH__PQJGWYQPOHCEDO-ZDUSSCGKSA-N__seed42,2JKH,PQJGWYQPOHCEDO-ZDUSSCGKSA-N,SUCCESS,--,0.876361668,0.876361668,N/A_NO_SPECIAL_TYPE,YES_IF_SUCCESS,
OLD_M3,2JKH__QACZHTZZUSYTGR-NDEPHWFRSA-N__seed42,2JKH,QACZHTZZUSYTGR-NDEPHWFRSA-N,SUCCESS,--,0.745755315,0.745755315,N/A_NO_SPECIAL_TYPE,YES_IF_SUCCESS,
OLD_M3,2JKH__QAIZMIBCSNGQKN-UHFFFAOYSA-N__seed42,2JKH,QAIZMIBCSNGQKN-UHFFFAOYSA-N,SUCCESS,--,0.451390088,0.451390088,N/A_NO_SPECIAL_TYPE,YES_IF_SUCCESS,
OLD_M3,2JKH__QGFDDMPEQGUIST-INIZCTEOSA-N__seed42,2JKH,QGFDDMPEQGUIST-INIZCTEOSA-N,SUCCESS,--,0.680178046,0.680178046,N/A_NO_SPECIAL_TYPE,YES_IF_SUCCESS,
OLD_M3,2JKH__QZKOOEFIMWKZPK-UHFFFAOYSA-N__seed42,2JKH,QZKOOEFIMWKZPK-UHFFFAOYSA-N,SUCCESS,--,0.519510031,0.519510031,N/A_NO_SPECIAL_TYPE,YES_IF_SUCCESS,
OLD_M3,2JKH__RDSVRCGNSLPORJ-UHFFFAOYSA-N__seed42,2JKH,RDSVRCGNSLPORJ-UHFFFAOYSA-N,SUCCESS,--,0.802138329,0.802138329,N/A_NO_SPECIAL_TYPE,YES_IF_SUCCESS,
OLD_M3,2JKH__RYCYVWBHORYZIQ-UHFFFAOYSA-N__seed42,2JKH,RYCYVWBHORYZIQ-UHFFFAOYSA-N,SUCCESS,--,0.510258019,0.510258019,N/A_NO_SPECIAL_TYPE,YES_IF_SUCCESS,
OLD_M3,2JKH__SCZBXBBBMCBNSK-SIBCGJTDSA-N__seed42,2JKH,SCZBXBBBMCBNSK-SIBCGJTDSA-N,SUCCESS,--,0.840292096,0.840292096,M3_INPUT_TOPOLOGY_FAIL,NO_INVALID_INPUT_REPRESENTATION,
OLD_M3,2JKH__SCZBXBBBMCBNSK-TVGQLCNQSA-N__seed42,2JKH,SCZBXBBBMCBNSK-TVGQLCNQSA-N,SUCCESS,--,0.781299233,0.781299233,M3_INPUT_TOPOLOGY_FAIL,NO_INVALID_INPUT_REPRESENTATION,
OLD_M3,2JKH__SOIIHESTBYNJRH-PMPSAXMXSA-N__seed42,2JKH,SOIIHESTBYNJRH-PMPSAXMXSA-N,SUCCESS,--,0.750486135,0.750486135,N/A_NO_SPECIAL_TYPE,YES_IF_SUCCESS,
OLD_M3,2JKH__SYJMIXHRYXUAGD-FEROLFGZSA-N__seed42,2JKH,SYJMIXHRYXUAGD-FEROLFGZSA-N,SUCCESS,--,0.7435987,0.7435987,N/A_NO_SPECIAL_TYPE,YES_IF_SUCCESS,
OLD_M3,2JKH__SYSYKLZQEKYYOI-RBUKOAKNSA-N__seed42,2JKH,SYSYKLZQEKYYOI-RBUKOAKNSA-N,SUCCESS,--,0.83258599,0.83258599,N/A_NO_SPECIAL_TYPE,YES_IF_SUCCESS,
OLD_M3,2JKH__SZBGAKRKURPQNJ-UHFFFAOYSA-N__seed42,2JKH,SZBGAKRKURPQNJ-UHFFFAOYSA-N,SUCCESS,--,0.861961305,0.861961305,N/A_NO_SPECIAL_TYPE,YES_IF_SUCCESS,
OLD_M3,2JKH__UHRIYOJEACOYON-PKOBYXMFSA-N__seed42,2JKH,UHRIYOJEACOYON-PKOBYXMFSA-N,SUCCESS,--,0.922100902,0.922100902,N/A_NO_SPECIAL_TYPE,YES_IF_SUCCESS,
OLD_M3,2JKH__UQMOAGGBXALCSZ-UXHICEINSA-N__seed42,2JKH,UQMOAGGBXALCSZ-UXHICEINSA-N,SUCCESS,--,0.969474494,0.969474494,N/A_NO_SPECIAL_TYPE,YES_IF_SUCCESS,
OLD_M3,2JKH__UWOLGNVHETVCHA-FTJBHMTQSA-N__seed42,2JKH,UWOLGNVHETVCHA-FTJBHMTQSA-N,SUCCESS,--,0.677408397,0.677408397,N/A_NO_SPECIAL_TYPE,YES_IF_SUCCESS,
OLD_M3,2JKH__VDJZDGBZCZVZJP-UHFFFAOYSA-N__seed42,2JKH,VDJZDGBZCZVZJP-UHFFFAOYSA-N,SUCCESS,--,0.937639832,0.937639832,N/A_NO_SPECIAL_TYPE,YES_IF_SUCCESS,
OLD_M3,2JKH__VHCWDBADFMDZND-QFYYESIMSA-N__seed42,2JKH,VHCWDBADFMDZND-QFYYESIMSA-N,SUCCESS,--,0.758711874,0.758711874,N/A_NO_SPECIAL_TYPE,YES_IF_SUCCESS,
OLD_M3,2JKH__VIBLPWPPWBZROD-HOTGVXAUSA-N__seed42,2JKH,VIBLPWPPWBZROD-HOTGVXAUSA-N,SUCCESS,--,0.951880932,0.951880932,N/A_NO_SPECIAL_TYPE,YES_IF_SUCCESS,
OLD_M3,2JKH__VICVHWDAOZFSIP-LJAQVGFWSA-N__seed42,2JKH,VICVHWDAOZFSIP-LJAQVGFWSA-N,SUCCESS,--,0.401319265,0.401319265,N/A_NO_SPECIAL_TYPE,YES_IF_SUCCESS,
OLD_M3,2JKH__VMOIYDCLDVVDJV-UHFFFAOYSA-N__seed42,2JKH,VMOIYDCLDVVDJV-UHFFFAOYSA-N,SUCCESS,--,0.517104506,0.517104506,N/A_NO_SPECIAL_TYPE,YES_IF_SUCCESS,
OLD_M3,2JKH__VOGZXZRPMAOGPW-UHFFFAOYSA-N__seed42,2JKH,VOGZXZRPMAOGPW-UHFFFAOYSA-N,SUCCESS,--,0.622489333,0.622489333,N/A_NO_SPECIAL_TYPE,YES_IF_SUCCESS,
OLD_M3,2JKH__VWXAJELEKJVKSG-UHFFFAOYSA-N__seed42,2JKH,VWXAJELEKJVKSG-UHFFFAOYSA-N,SUCCESS,--,0.908961356,0.908961356,N/A_NO_SPECIAL_TYPE,YES_IF_SUCCESS,
OLD_M3,2JKH__WBABMFHWOJEJNP-UHFFFAOYSA-N__seed42,2JKH,WBABMFHWOJEJNP-UHFFFAOYSA-N,SUCCESS,--,0.857790232,0.857790232,M3_INPUT_TOPOLOGY_FAIL,NO_INVALID_INPUT_REPRESENTATION,
OLD_M3,2JKH__WLDWWFXJFODOTC-UHFFFAOYSA-N__seed42,2JKH,WLDWWFXJFODOTC-UHFFFAOYSA-N,SUCCESS,--,0.512181222,0.512181222,N/A_NO_SPECIAL_TYPE,YES_IF_SUCCESS,
OLD_M3,2JKH__WVAOHMVBVSDJQO-UHFFFAOYSA-N__seed42,2JKH,WVAOHMVBVSDJQO-UHFFFAOYSA-N,SUCCESS,--,0.471183181,0.471183181,N/A_NO_SPECIAL_TYPE,YES_IF_SUCCESS,
OLD_M3,2JKH__WVAPDSKWUGJHOT-DEOSSOPVSA-N__seed42,2JKH,WVAPDSKWUGJHOT-DEOSSOPVSA-N,SUCCESS,--,0.805410087,0.805410087,N/A_NO_SPECIAL_TYPE,YES_IF_SUCCESS,
OLD_M3,2JKH__WYCVSPRVSFUVMA-UHFFFAOYSA-N__seed42,2JKH,WYCVSPRVSFUVMA-UHFFFAOYSA-N,SUCCESS,--,0.855871499,0.855871499,N/A_NO_SPECIAL_TYPE,YES_IF_SUCCESS,
OLD_M3,2JKH__XBTPFPWYGMNPPA-UHFFFAOYSA-N__seed42,2JKH,XBTPFPWYGMNPPA-UHFFFAOYSA-N,SUCCESS,--,0.739367723,0.739367723,N/A_NO_SPECIAL_TYPE,YES_IF_SUCCESS,
OLD_M3,2JKH__XWJGZMVWOIPRDB-CLIZBVFSSA-N__seed42,2JKH,XWJGZMVWOIPRDB-CLIZBVFSSA-N,SUCCESS,--,0.641931713,0.641931713,M3_INPUT_TOPOLOGY_FAIL,NO_INVALID_INPUT_REPRESENTATION,
OLD_M3,2JKH__XZNCKJGAEMMGKU-BOOFMNMKSA-N__seed42,2JKH,XZNCKJGAEMMGKU-BOOFMNMKSA-N,SUCCESS,--,0.562347174,0.562347174,N/A_NO_SPECIAL_TYPE,YES_IF_SUCCESS,
OLD_M3,2JKH__YBSJFWOBGCMAKL-UHFFFAOYSA-N__seed42,2JKH,YBSJFWOBGCMAKL-UHFFFAOYSA-N,SUCCESS,--,0.804606199,0.804606199,N/A_NO_SPECIAL_TYPE,YES_IF_SUCCESS,
OLD_M3,2JKH__YCMUIWWODVYRLS-UHFFFAOYSA-N__seed42,2JKH,YCMUIWWODVYRLS-UHFFFAOYSA-N,SUCCESS,--,0.585247099,0.585247099,N/A_NO_SPECIAL_TYPE,YES_IF_SUCCESS,
OLD_M3,2JKH__YGMAIAXBJLVVLI-KLJDGLGGSA-N__seed42,2JKH,YGMAIAXBJLVVLI-KLJDGLGGSA-N,SUCCESS,--,0.606907666,0.606907666,N/A_NO_SPECIAL_TYPE,YES_IF_SUCCESS,
OLD_M3,2JKH__YMOFSDWBUFAIRB-UHFFFAOYSA-N__seed42,2JKH,YMOFSDWBUFAIRB-UHFFFAOYSA-N,SUCCESS,--,0.818514228,0.818514228,N/A_NO_SPECIAL_TYPE,YES_IF_SUCCESS,
OLD_M3,2JKH__YPEJQZNLCKSDCY-ZWKOTPCHSA-N__seed42,2JKH,YPEJQZNLCKSDCY-ZWKOTPCHSA-N,SUCCESS,--,0.544617236,0.544617236,N/A_NO_SPECIAL_TYPE,YES_IF_SUCCESS,
OLD_M3,2JKH__YRDJOOUTTZXUCV-UHFFFAOYSA-N__seed42,2JKH,YRDJOOUTTZXUCV-UHFFFAOYSA-N,SUCCESS,--,0.765256464,0.765256464,N/A_NO_SPECIAL_TYPE,YES_IF_SUCCESS,
OLD_M3,2JKH__YXSHAUMNJBEKLS-ROUUACIJSA-N__seed42,2JKH,YXSHAUMNJBEKLS-ROUUACIJSA-N,SUCCESS,--,0.603723645,0.603723645,M3_INPUT_TOPOLOGY_FAIL,NO_INVALID_INPUT_REPRESENTATION,
OLD_M3,2JKH__ZEJKPIWHZAIROY-UHFFFAOYSA-N__seed42,2JKH,ZEJKPIWHZAIROY-UHFFFAOYSA-N,SUCCESS,--,0.890392363,0.890392363,N/A_NO_SPECIAL_TYPE,YES_IF_SUCCESS,
OLD_M3,2JKH__ZGTBPFPYIIGPEC-LJAQVGFWSA-N__seed42,2JKH,ZGTBPFPYIIGPEC-LJAQVGFWSA-N,SUCCESS,--,0.745396614,0.745396614,N/A_NO_SPECIAL_TYPE,YES_IF_SUCCESS,
OLD_M3,2JKH__ZGTXQBGGQAQPFQ-RGEXLXHISA-N__seed42,2JKH,ZGTXQBGGQAQPFQ-RGEXLXHISA-N,SUCCESS,--,0.955240905,0.955240905,N/A_NO_SPECIAL_TYPE,YES_IF_SUCCESS,
OLD_M3,2JKH__ZSXKVVVADMTYQB-UHFFFAOYSA-N__seed42,2JKH,ZSXKVVVADMTYQB-UHFFFAOYSA-N,SUCCESS,--,0.962544978,0.962544978,N/A_NO_SPECIAL_TYPE,YES_IF_SUCCESS,
OLD_M3,3LXP__AFMPTOAIHDQTBM-OSYLJGHBSA-N__seed42,3LXP,AFMPTOAIHDQTBM-OSYLJGHBSA-N,SUCCESS,--,0.888250947,0.888250947,N/A_NO_SPECIAL_TYPE,YES_IF_SUCCESS,
OLD_M3,3LXP__AHFFQQULYWODLH-UHFFFAOYSA-N__seed42,3LXP,AHFFQQULYWODLH-UHFFFAOYSA-N,SUCCESS,--,0.615304828,0.615304828,N/A_NO_SPECIAL_TYPE,YES_IF_SUCCESS,
OLD_M3,3LXP__AOSOZAYYOFGVEG-UHFFFAOYSA-N__seed42,3LXP,AOSOZAYYOFGVEG-UHFFFAOYSA-N,SUCCESS,--,0.74589473,0.74589473,N/A_NO_SPECIAL_TYPE,YES_IF_SUCCESS,
OLD_M3,3LXP__APVPQCNUCJXTQP-UHFFFAOYSA-N__seed42,3LXP,APVPQCNUCJXTQP-UHFFFAOYSA-N,SUCCESS,--,0.992102206,0.992102206,N/A_NO_SPECIAL_TYPE,YES_IF_SUCCESS,
OLD_M3,3LXP__BMZPTDVPNTYCJK-UHFFFAOYSA-N__seed42,3LXP,BMZPTDVPNTYCJK-UHFFFAOYSA-N,SUCCESS,--,0.90665102,0.90665102,N/A_NO_SPECIAL_TYPE,YES_IF_SUCCESS,
OLD_M3,3LXP__BPBQNJHNUDVMMJ-UHFFFAOYSA-N__seed42,3LXP,BPBQNJHNUDVMMJ-UHFFFAOYSA-N,SUCCESS,--,0.863711417,0.863711417,N/A_NO_SPECIAL_TYPE,YES_IF_SUCCESS,
OLD_M3,3LXP__BTETVJKCVQSACO-WMLDXEAASA-N__seed42,3LXP,BTETVJKCVQSACO-WMLDXEAASA-N,SUCCESS,--,0.7370134,0.7370134,N/A_NO_SPECIAL_TYPE,YES_IF_SUCCESS,
OLD_M3,3LXP__BUBVUGNKOKZKNG-BETUJISGSA-N__seed42,3LXP,BUBVUGNKOKZKNG-BETUJISGSA-N,SUCCESS,--,0.824799478,0.824799478,N/A_NO_SPECIAL_TYPE,YES_IF_SUCCESS,
OLD_M3,3LXP__CDNDTAMGJSUNJL-UHFFFAOYSA-N__seed42,3LXP,CDNDTAMGJSUNJL-UHFFFAOYSA-N,SUCCESS,--,0.765325367,0.765325367,N/A_NO_SPECIAL_TYPE,YES_IF_SUCCESS,
OLD_M3,3LXP__CLRRDVPHOPGUPT-GASCZTMLSA-N__seed42,3LXP,CLRRDVPHOPGUPT-GASCZTMLSA-N,SUCCESS,--,0.813201725,0.813201725,N/A_NO_SPECIAL_TYPE,YES_IF_SUCCESS,
OLD_M3,3LXP__CNLKMAASBAEKQE-UHFFFAOYSA-N__seed42,3LXP,CNLKMAASBAEKQE-UHFFFAOYSA-N,SUCCESS,--,0.254018754,0.254018754,N/A_NO_SPECIAL_TYPE,YES_IF_SUCCESS,
OLD_M3,3LXP__CSQBLVASANTWNX-HAQNSBGRSA-N__seed42,3LXP,CSQBLVASANTWNX-HAQNSBGRSA-N,SUCCESS,--,0.971632659,0.971632659,N/A_NO_SPECIAL_TYPE,YES_IF_SUCCESS,
OLD_M3,3LXP__CYSVSRXTDDJXNQ-KYZUINATSA-N__seed42,3LXP,CYSVSRXTDDJXNQ-KYZUINATSA-N,SUCCESS,--,0.979331672,0.979331672,N/A_NO_SPECIAL_TYPE,YES_IF_SUCCESS,
OLD_M3,3LXP__DBPSKVDGBPKVFF-YCRPNKLZSA-N__seed42,3LXP,DBPSKVDGBPKVFF-YCRPNKLZSA-N,SUCCESS,--,0.347422451,0.347422451,N/A_NO_SPECIAL_TYPE,YES_IF_SUCCESS,
OLD_M3,3LXP__DHSKZIRHUGFEJZ-UHFFFAOYSA-N__seed42,3LXP,DHSKZIRHUGFEJZ-UHFFFAOYSA-N,SUCCESS,--,0.893161476,0.893161476,N/A_NO_SPECIAL_TYPE,YES_IF_SUCCESS,
OLD_M3,3LXP__DQFBSLMKJXSWMF-XYWGHXNESA-N__seed42,3LXP,DQFBSLMKJXSWMF-XYWGHXNESA-N,SUCCESS,--,0.933348954,0.933348954,N/A_NO_SPECIAL_TYPE,YES_IF_SUCCESS,
OLD_M3,3LXP__DQXVDJJGGAPUCQ-GOOCMWNKSA-N__seed42,3LXP,DQXVDJJGGAPUCQ-GOOCMWNKSA-N,SUCCESS,--,0.933419824,0.933419824,N/A_NO_SPECIAL_TYPE,YES_IF_SUCCESS,
OLD_M3,3LXP__DUMWKJNRWPLXHR-UHFFFAOYSA-N__seed42,3LXP,DUMWKJNRWPLXHR-UHFFFAOYSA-N,SUCCESS,--,0.899727166,0.899727166,N/A_NO_SPECIAL_TYPE,YES_IF_SUCCESS,
OLD_M3,3LXP__DVXZLEHKUCHABK-CTNGQTDRSA-N__seed42,3LXP,DVXZLEHKUCHABK-CTNGQTDRSA-N,SUCCESS,--,0.951573074,0.951573074,N/A_NO_SPECIAL_TYPE,YES_IF_SUCCESS,
OLD_M3,3LXP__FRXCAWLUZSBOKN-RTBURBONSA-N__seed42,3LXP,FRXCAWLUZSBOKN-RTBURBONSA-N,SUCCESS,--,0.600311279,0.600311279,N/A_NO_SPECIAL_TYPE,YES_IF_SUCCESS,
OLD_M3,3LXP__FSPWFVDHHHVWMS-UHFFFAOYSA-N__seed42,3LXP,FSPWFVDHHHVWMS-UHFFFAOYSA-N,SUCCESS,--,0.440425247,0.440425247,N/A_NO_SPECIAL_TYPE,YES_IF_SUCCESS,
OLD_M3,3LXP__FTSYURCNSVPOMF-UHFFFAOYSA-N__seed42,3LXP,FTSYURCNSVPOMF-UHFFFAOYSA-N,SUCCESS,--,0.976312459,0.976312459,N/A_NO_SPECIAL_TYPE,YES_IF_SUCCESS,
OLD_M3,3LXP__FXTPMBKUURJDKQ-UHFFFAOYSA-N__seed42,3LXP,FXTPMBKUURJDKQ-UHFFFAOYSA-N,SUCCESS,--,0.96312952,0.96312952,N/A_NO_SPECIAL_TYPE,YES_IF_SUCCESS,
OLD_M3,3LXP__GAMWVQLSQAMDSB-IYBDPMFKSA-N__seed42,3LXP,GAMWVQLSQAMDSB-IYBDPMFKSA-N,SUCCESS,--,0.744187236,0.744187236,N/A_NO_SPECIAL_TYPE,YES_IF_SUCCESS,
OLD_M3,3LXP__GCIKSSRWRFVXBI-UHFFFAOYSA-N__seed42,3LXP,GCIKSSRWRFVXBI-UHFFFAOYSA-N,SUCCESS,--,0.784125268,0.784125268,N/A_NO_SPECIAL_TYPE,YES_IF_SUCCESS,
OLD_M3,3LXP__GHBIFDBGDNHWRO-OWOJBTEDSA-N__seed42,3LXP,GHBIFDBGDNHWRO-OWOJBTEDSA-N,SUCCESS,--,0.984910727,0.984910727,M3_INPUT_TOPOLOGY_FAIL,NO_INVALID_INPUT_REPRESENTATION,
OLD_M3,3LXP__GMPJYOVFXLKIAS-UHFFFAOYSA-N__seed42,3LXP,GMPJYOVFXLKIAS-UHFFFAOYSA-N,SUCCESS,--,0.901857615,0.901857615,N/A_NO_SPECIAL_TYPE,YES_IF_SUCCESS,
OLD_M3,3LXP__GPSZYOIFQZPWEJ-UHFFFAOYSA-N__seed42,3LXP,GPSZYOIFQZPWEJ-UHFFFAOYSA-N,SUCCESS,--,0.967211068,0.967211068,N/A_NO_SPECIAL_TYPE,YES_IF_SUCCESS,
OLD_M3,3LXP__HDCSBWAJZWUBEE-UHFFFAOYSA-N__seed42,3LXP,HDCSBWAJZWUBEE-UHFFFAOYSA-N,SUCCESS,--,0.884009361,0.884009361,N/A_NO_SPECIAL_TYPE,YES_IF_SUCCESS,
OLD_M3,3LXP__HDHFSJKBCCIERR-UHFFFAOYSA-N__seed42,3LXP,HDHFSJKBCCIERR-UHFFFAOYSA-N,SUCCESS,--,0.974998176,0.974998176,N/A_NO_SPECIAL_TYPE,YES_IF_SUCCESS,
OLD_M3,3LXP__HFCJAKGWADMYJC-HAQNSBGRSA-N__seed42,3LXP,HFCJAKGWADMYJC-HAQNSBGRSA-N,SUCCESS,--,0.936232626,0.936232626,N/A_NO_SPECIAL_TYPE,YES_IF_SUCCESS,
OLD_M3,3LXP__HFUMKLLYTNCQPV-UHFFFAOYSA-N__seed42,3LXP,HFUMKLLYTNCQPV-UHFFFAOYSA-N,SUCCESS,--,0.945070624,0.945070624,N/A_NO_SPECIAL_TYPE,YES_IF_SUCCESS,
OLD_M3,3LXP__IIIZBXHGWNJDDF-YIONKMFJSA-N__seed42,3LXP,IIIZBXHGWNJDDF-YIONKMFJSA-N,SUCCESS,--,0.655124009,0.655124009,N/A_NO_SPECIAL_TYPE,YES_IF_SUCCESS,
OLD_M3,3LXP__IKAXKGNBVUEIGG-AULYBMBSSA-N__seed42,3LXP,IKAXKGNBVUEIGG-AULYBMBSSA-N,SUCCESS,--,0.956610739,0.956610739,N/A_NO_SPECIAL_TYPE,YES_IF_SUCCESS,
OLD_M3,3LXP__ILQBVOMILHZYSA-UHFFFAOYSA-N__seed42,3LXP,ILQBVOMILHZYSA-UHFFFAOYSA-N,SUCCESS,--,0.424218416,0.424218416,N/A_NO_SPECIAL_TYPE,YES_IF_SUCCESS,
OLD_M3,3LXP__ILTMPNUQSMRDOS-VVPTUSLJSA-N__seed42,3LXP,ILTMPNUQSMRDOS-VVPTUSLJSA-N,SUCCESS,--,0.973495781,0.973495781,N/A_NO_SPECIAL_TYPE,YES_IF_SUCCESS,
OLD_M3,3LXP__IMPZSGOWSPHBCV-UHFFFAOYSA-N__seed42,3LXP,IMPZSGOWSPHBCV-UHFFFAOYSA-N,SUCCESS,--,0.936371267,0.936371267,N/A_NO_SPECIAL_TYPE,YES_IF_SUCCESS,
OLD_M3,3LXP__IOPKWIPPSDZIET-UHFFFAOYSA-N__seed42,3LXP,IOPKWIPPSDZIET-UHFFFAOYSA-N,SUCCESS,--,0.839485645,0.839485645,N/A_NO_SPECIAL_TYPE,YES_IF_SUCCESS,
OLD_M3,3LXP__IQTIWHPPLGNVLI-LDKKBFSKSA-N__seed42,3LXP,IQTIWHPPLGNVLI-LDKKBFSKSA-N,SUCCESS,--,0.821416557,0.821416557,N/A_NO_SPECIAL_TYPE,YES_IF_SUCCESS,
OLD_M3,3LXP__IRWGMJOHKYTECO-UHFFFAOYSA-N__seed42,3LXP,IRWGMJOHKYTECO-UHFFFAOYSA-N,SUCCESS,--,0.721706688,0.721706688,N/A_NO_SPECIAL_TYPE,YES_IF_SUCCESS,
OLD_M3,3LXP__IVMDAZCUUNYGAH-QPBASRLBSA-N__seed42,3LXP,IVMDAZCUUNYGAH-QPBASRLBSA-N,SUCCESS,--,0.784838259,0.784838259,N/A_NO_SPECIAL_TYPE,YES_IF_SUCCESS,
OLD_M3,3LXP__JKESNMWWWWZHEN-KESTWPANSA-N__seed42,3LXP,JKESNMWWWWZHEN-KESTWPANSA-N,SUCCESS,--,0.936427295,0.936427295,N/A_NO_SPECIAL_TYPE,YES_IF_SUCCESS,
OLD_M3,3LXP__JRXMDKBOTXUDNQ-SHTZXODSSA-N__seed42,3LXP,JRXMDKBOTXUDNQ-SHTZXODSSA-N,SUCCESS,--,0.759177148,0.759177148,N/A_NO_SPECIAL_TYPE,YES_IF_SUCCESS,
OLD_M3,3LXP__JXXOAWDMPAWACX-HAQNSBGRSA-N__seed42,3LXP,JXXOAWDMPAWACX-HAQNSBGRSA-N,SUCCESS,--,0.959562421,0.959562421,N/A_NO_SPECIAL_TYPE,YES_IF_SUCCESS,
OLD_M3,3LXP__KAMXHDXTHDNZTD-UHFFFAOYSA-N__seed42,3LXP,KAMXHDXTHDNZTD-UHFFFAOYSA-N,SUCCESS,--,0.862920046,0.862920046,N/A_NO_SPECIAL_TYPE,YES_IF_SUCCESS,
OLD_M3,3LXP__KISDQJKMKYRWHU-OWZKRDHZSA-N__seed42,3LXP,KISDQJKMKYRWHU-OWZKRDHZSA-N,SUCCESS,--,0.885576367,0.885576367,N/A_NO_SPECIAL_TYPE,YES_IF_SUCCESS,
OLD_M3,3LXP__LATBTOTUGAOJBF-UHFFFAOYSA-N__seed42,3LXP,LATBTOTUGAOJBF-UHFFFAOYSA-N,SUCCESS,--,0.94683063,0.94683063,N/A_NO_SPECIAL_TYPE,YES_IF_SUCCESS,
OLD_M3,3LXP__LBFKCADAEOIHNK-IBGZPJMESA-N__seed42,3LXP,LBFKCADAEOIHNK-IBGZPJMESA-N,SUCCESS,--,0.964193881,0.964193881,N/A_NO_SPECIAL_TYPE,YES_IF_SUCCESS,
OLD_M3,3LXP__LMRBMFGYPWUSQY-HXUWFJFHSA-N__seed42,3LXP,LMRBMFGYPWUSQY-HXUWFJFHSA-N,SUCCESS,--,0.933647811,0.933647811,N/A_NO_SPECIAL_TYPE,YES_IF_SUCCESS,
OLD_M3,3LXP__MCHYSTQTMONBPK-SNAWJCMRSA-N__seed42,3LXP,MCHYSTQTMONBPK-SNAWJCMRSA-N,SUCCESS,--,0.966234684,0.966234684,M3_INPUT_TOPOLOGY_FAIL,NO_INVALID_INPUT_REPRESENTATION,
OLD_M3,3LXP__MHHFHCHCZMIUDH-UHFFFAOYSA-N__seed42,3LXP,MHHFHCHCZMIUDH-UHFFFAOYSA-N,SUCCESS,--,0.611038864,0.611038864,N/A_NO_SPECIAL_TYPE,YES_IF_SUCCESS,
OLD_M3,3LXP__MJRANCWIWRLEJM-UHFFFAOYSA-N__seed42,3LXP,MJRANCWIWRLEJM-UHFFFAOYSA-N,SUCCESS,--,0.835258663,0.835258663,N/A_NO_SPECIAL_TYPE,YES_IF_SUCCESS,
OLD_M3,3LXP__MRNMBOITDDFAOQ-UHFFFAOYSA-N__seed42,3LXP,MRNMBOITDDFAOQ-UHFFFAOYSA-N,SUCCESS,--,0.757528067,0.757528067,N/A_NO_SPECIAL_TYPE,YES_IF_SUCCESS,
OLD_M3,3LXP__MSKMVINDTCVTEK-UHFFFAOYSA-N__seed42,3LXP,MSKMVINDTCVTEK-UHFFFAOYSA-N,SUCCESS,--,0.907647192,0.907647192,N/A_NO_SPECIAL_TYPE,YES_IF_SUCCESS,
OLD_M3,3LXP__MYIILBMNTUDZDH-UHFFFAOYSA-N__seed42,3LXP,MYIILBMNTUDZDH-UHFFFAOYSA-N,SUCCESS,--,0.872970402,0.872970402,N/A_NO_SPECIAL_TYPE,YES_IF_SUCCESS,
OLD_M3,3LXP__NAGSKGCXMWXMFR-UHFFFAOYSA-N__seed42,3LXP,NAGSKGCXMWXMFR-UHFFFAOYSA-N,SUCCESS,--,0.984601259,0.984601259,N/A_NO_SPECIAL_TYPE,YES_IF_SUCCESS,
OLD_M3,3LXP__NGAAOEYVYQJXJR-UHFFFAOYSA-N__seed42,3LXP,NGAAOEYVYQJXJR-UHFFFAOYSA-N,SUCCESS,--,0.974575937,0.974575937,N/A_NO_SPECIAL_TYPE,YES_IF_SUCCESS,
OLD_M3,3LXP__NNHRTRASNYRKSM-JCNLHEQBSA-N__seed42,3LXP,NNHRTRASNYRKSM-JCNLHEQBSA-N,SUCCESS,--,0.913686752,0.913686752,N/A_NO_SPECIAL_TYPE,YES_IF_SUCCESS,
OLD_M3,3LXP__NZWKRMFCKXOQMF-UHFFFAOYSA-N__seed42,3LXP,NZWKRMFCKXOQMF-UHFFFAOYSA-N,SUCCESS,--,0.910112917,0.910112917,N/A_NO_SPECIAL_TYPE,YES_IF_SUCCESS,
OLD_M3,3LXP__OEMOIOUFFOLZQP-TXEJJXNPSA-N__seed42,3LXP,OEMOIOUFFOLZQP-TXEJJXNPSA-N,SUCCESS,--,0.680784106,0.680784106,N/A_NO_SPECIAL_TYPE,YES_IF_SUCCESS,
OLD_M3,3LXP__OHNNFCNGTAKEOI-ZSOGYDGISA-N__seed42,3LXP,OHNNFCNGTAKEOI-ZSOGYDGISA-N,SUCCESS,--,0.976286948,0.976286948,N/A_NO_SPECIAL_TYPE,YES_IF_SUCCESS,
OLD_M3,3LXP__OOTOILRGUDIKTF-UHFFFAOYSA-N__seed42,3LXP,OOTOILRGUDIKTF-UHFFFAOYSA-N,SUCCESS,--,0.961716592,0.961716592,N/A_NO_SPECIAL_TYPE,YES_IF_SUCCESS,
OLD_M3,3LXP__OSNRNYVOCOFEIX-KBPBESRZSA-N__seed42,3LXP,OSNRNYVOCOFEIX-KBPBESRZSA-N,SUCCESS,--,0.97293818,0.97293818,N/A_NO_SPECIAL_TYPE,YES_IF_SUCCESS,
OLD_M3,3LXP__PCAQQLOHZBFIAB-UHFFFAOYSA-N__seed42,3LXP,PCAQQLOHZBFIAB-UHFFFAOYSA-N,SUCCESS,--,0.849798441,0.849798441,N/A_NO_SPECIAL_TYPE,YES_IF_SUCCESS,
OLD_M3,3LXP__PGFUYRPYQOJNGW-UHFFFAOYSA-N__seed42,3LXP,PGFUYRPYQOJNGW-UHFFFAOYSA-N,SUCCESS,--,0.872676313,0.872676313,N/A_NO_SPECIAL_TYPE,YES_IF_SUCCESS,
OLD_M3,3LXP__PGUCNZCUWCLRQN-UHFFFAOYSA-N__seed42,3LXP,PGUCNZCUWCLRQN-UHFFFAOYSA-N,SUCCESS,--,0.418286085,0.418286085,N/A_NO_SPECIAL_TYPE,YES_IF_SUCCESS,
OLD_M3,3LXP__PKZMHAUKZNLATM-UHFFFAOYSA-N__seed42,3LXP,PKZMHAUKZNLATM-UHFFFAOYSA-N,SUCCESS,--,0.533890367,0.533890367,N/A_NO_SPECIAL_TYPE,YES_IF_SUCCESS,
OLD_M3,3LXP__PTYYLKYBWXHUAG-UHFFFAOYSA-N__seed42,3LXP,PTYYLKYBWXHUAG-UHFFFAOYSA-N,SUCCESS,--,0.899480641,0.899480641,N/A_NO_SPECIAL_TYPE,YES_IF_SUCCESS,
OLD_M3,3LXP__PUMVGUHHVKZTOZ-HJGJAMNPSA-N__seed42,3LXP,PUMVGUHHVKZTOZ-HJGJAMNPSA-N,SUCCESS,--,0.816025555,0.816025555,N/A_NO_SPECIAL_TYPE,YES_IF_SUCCESS,
OLD_M3,3LXP__PVXQZMOKDYXWBJ-KKFHFHRHSA-N__seed42,3LXP,PVXQZMOKDYXWBJ-KKFHFHRHSA-N,SUCCESS,--,0.664484501,0.664484501,N/A_NO_SPECIAL_TYPE,YES_IF_SUCCESS,
OLD_M3,3LXP__QGHDWXGDKDWKGF-UHFFFAOYSA-N__seed42,3LXP,QGHDWXGDKDWKGF-UHFFFAOYSA-N,SUCCESS,--,0.875480056,0.875480056,N/A_NO_SPECIAL_TYPE,YES_IF_SUCCESS,
OLD_M3,3LXP__QLRBBYAOCQZZKR-XXBNENTESA-N__seed42,3LXP,QLRBBYAOCQZZKR-XXBNENTESA-N,SUCCESS,--,0.906539798,0.906539798,N/A_NO_SPECIAL_TYPE,YES_IF_SUCCESS,
OLD_M3,3LXP__QNEHTPKTYOFLPX-IYBDPMFKSA-N__seed42,3LXP,QNEHTPKTYOFLPX-IYBDPMFKSA-N,SUCCESS,--,0.841689944,0.841689944,N/A_NO_SPECIAL_TYPE,YES_IF_SUCCESS,
OLD_M3,3LXP__QSQYHJZDHUIHFF-OTVXOJSOSA-N__seed42,3LXP,QSQYHJZDHUIHFF-OTVXOJSOSA-N,SUCCESS,--,0.862442911,0.862442911,N/A_NO_SPECIAL_TYPE,YES_IF_SUCCESS,
OLD_M3,3LXP__QVZXJVILZBKCPS-UHFFFAOYSA-N__seed42,3LXP,QVZXJVILZBKCPS-UHFFFAOYSA-N,SUCCESS,--,0.952552259,0.952552259,N/A_NO_SPECIAL_TYPE,YES_IF_SUCCESS,
OLD_M3,3LXP__RAOSMRQNSKDBMX-UHFFFAOYSA-N__seed42,3LXP,RAOSMRQNSKDBMX-UHFFFAOYSA-N,SUCCESS,--,0.418932498,0.418932498,N/A_NO_SPECIAL_TYPE,YES_IF_SUCCESS,
OLD_M3,3LXP__RBDSMNWWGHWDMP-CQSZACIVSA-N__seed42,3LXP,RBDSMNWWGHWDMP-CQSZACIVSA-N,SUCCESS,--,0.980483532,0.980483532,N/A_NO_SPECIAL_TYPE,YES_IF_SUCCESS,
OLD_M3,3LXP__RCMUQMOZZOFKCM-UHFFFAOYSA-N__seed42,3LXP,RCMUQMOZZOFKCM-UHFFFAOYSA-N,SUCCESS,--,0.890757024,0.890757024,N/A_NO_SPECIAL_TYPE,YES_IF_SUCCESS,
OLD_M3,3LXP__RIIBDIVNQDTPRT-YCRPNKLZSA-N__seed42,3LXP,RIIBDIVNQDTPRT-YCRPNKLZSA-N,SUCCESS,--,0.361815065,0.361815065,N/A_NO_SPECIAL_TYPE,YES_IF_SUCCESS,
OLD_M3,3LXP__RIZRLVOFNUVLSK-UHFFFAOYSA-N__seed42,3LXP,RIZRLVOFNUVLSK-UHFFFAOYSA-N,SUCCESS,--,0.907537878,0.907537878,N/A_NO_SPECIAL_TYPE,YES_IF_SUCCESS,
OLD_M3,3LXP__RJJDBVLQFUOSJC-UHFFFAOYSA-N__seed42,3LXP,RJJDBVLQFUOSJC-UHFFFAOYSA-N,SUCCESS,--,0.933116972,0.933116972,N/A_NO_SPECIAL_TYPE,YES_IF_SUCCESS,
OLD_M3,3LXP__SDNGLJCJUQMLCR-UHFFFAOYSA-N__seed42,3LXP,SDNGLJCJUQMLCR-UHFFFAOYSA-N,SUCCESS,--,0.958889186,0.958889186,N/A_NO_SPECIAL_TYPE,YES_IF_SUCCESS,
OLD_M3,3LXP__SEBMNMZRKUJGHU-UHFFFAOYSA-N__seed42,3LXP,SEBMNMZRKUJGHU-UHFFFAOYSA-N,SUCCESS,--,0.0674429163,0.0674429163,N/A_NO_SPECIAL_TYPE,YES_IF_SUCCESS,
OLD_M3,3LXP__SINXKRJKXKMFBZ-AYDFFVQHSA-N__seed42,3LXP,SINXKRJKXKMFBZ-AYDFFVQHSA-N,SUCCESS,--,0.519518912,0.519518912,N/A_NO_SPECIAL_TYPE,YES_IF_SUCCESS,
OLD_M3,3LXP__SSSWDTKZDCPURU-NNZMDNLPSA-N__seed42,3LXP,SSSWDTKZDCPURU-NNZMDNLPSA-N,SUCCESS,--,0.863000989,0.863000989,N/A_NO_SPECIAL_TYPE,YES_IF_SUCCESS,
OLD_M3,3LXP__SWWXXPBMWZJWOL-SNAWJCMRSA-N__seed42,3LXP,SWWXXPBMWZJWOL-SNAWJCMRSA-N,SUCCESS,--,0.951621175,0.951621175,M3_INPUT_TOPOLOGY_FAIL,NO_INVALID_INPUT_REPRESENTATION,
OLD_M3,3LXP__SWXWAHZCVHZSAQ-GASCZTMLSA-N__seed42,3LXP,SWXWAHZCVHZSAQ-GASCZTMLSA-N,SUCCESS,--,0.664429188,0.664429188,N/A_NO_SPECIAL_TYPE,YES_IF_SUCCESS,
OLD_M3,3LXP__UHJPSFDAARAJFA-UHFFFAOYSA-N__seed42,3LXP,UHJPSFDAARAJFA-UHFFFAOYSA-N,SUCCESS,--,0.941596091,0.941596091,N/A_NO_SPECIAL_TYPE,YES_IF_SUCCESS,
OLD_M3,3LXP__UNTPIVQPYGUHPI-MZADTFQBSA-N__seed42,3LXP,UNTPIVQPYGUHPI-MZADTFQBSA-N,SUCCESS,--,0.897566855,0.897566855,N/A_NO_SPECIAL_TYPE,YES_IF_SUCCESS,
OLD_M3,3LXP__UVBXDOXNDDQDMV-UTKZUKDTSA-N__seed42,3LXP,UVBXDOXNDDQDMV-UTKZUKDTSA-N,SUCCESS,--,0.957592785,0.957592785,N/A_NO_SPECIAL_TYPE,YES_IF_SUCCESS,
OLD_M3,3LXP__UXZLCNQSQUXGBS-JOCQHMNTSA-N__seed42,3LXP,UXZLCNQSQUXGBS-JOCQHMNTSA-N,SUCCESS,--,0.93900907,0.93900907,N/A_NO_SPECIAL_TYPE,YES_IF_SUCCESS,
OLD_M3,3LXP__UYSGAWMQMRAGJH-VLXSWZPNSA-N__seed42,3LXP,UYSGAWMQMRAGJH-VLXSWZPNSA-N,SUCCESS,--,0.802920699,0.802920699,N/A_NO_SPECIAL_TYPE,YES_IF_SUCCESS,
OLD_M3,3LXP__VAHCPZHCLNBIBJ-UHFFFAOYSA-N__seed42,3LXP,VAHCPZHCLNBIBJ-UHFFFAOYSA-N,SUCCESS,--,0.983082294,0.983082294,N/A_NO_SPECIAL_TYPE,YES_IF_SUCCESS,
OLD_M3,3LXP__VWXMOLWJXUSYOA-UHFFFAOYSA-N__seed42,3LXP,VWXMOLWJXUSYOA-UHFFFAOYSA-N,SUCCESS,--,0.976594567,0.976594567,M3_INPUT_TOPOLOGY_FAIL,NO_INVALID_INPUT_REPRESENTATION,
OLD_M3,3LXP__WKWXJWGOAKGEEM-UHFFFAOYSA-N__seed42,3LXP,WKWXJWGOAKGEEM-UHFFFAOYSA-N,SUCCESS,--,0.842946947,0.842946947,N/A_NO_SPECIAL_TYPE,YES_IF_SUCCESS,
OLD_M3,3LXP__WNDFGHNETHKRJK-UHFFFAOYSA-N__seed42,3LXP,WNDFGHNETHKRJK-UHFFFAOYSA-N,SUCCESS,--,0.764201641,0.764201641,N/A_NO_SPECIAL_TYPE,YES_IF_SUCCESS,
OLD_M3,3LXP__XASLTUJPGBFIAT-UHFFFAOYSA-N__seed42,3LXP,XASLTUJPGBFIAT-UHFFFAOYSA-N,SUCCESS,--,0.743020594,0.743020594,N/A_NO_SPECIAL_TYPE,YES_IF_SUCCESS,
OLD_M3,3LXP__XJERPGWSYRLFFC-AULYBMBSSA-N__seed42,3LXP,XJERPGWSYRLFFC-AULYBMBSSA-N,SUCCESS,--,0.901084661,0.901084661,N/A_NO_SPECIAL_TYPE,YES_IF_SUCCESS,
OLD_M3,3LXP__XLFNLJYGUOLEJS-SFHVURJKSA-N__seed42,3LXP,XLFNLJYGUOLEJS-SFHVURJKSA-N,SUCCESS,--,0.906699002,0.906699002,N/A_NO_SPECIAL_TYPE,YES_IF_SUCCESS,
OLD_M3,3LXP__XSUUNVIUYATSNU-BETUJISGSA-N__seed42,3LXP,XSUUNVIUYATSNU-BETUJISGSA-N,SUCCESS,--,0.727728367,0.727728367,N/A_NO_SPECIAL_TYPE,YES_IF_SUCCESS,
OLD_M3,3LXP__XWEGZOWJKZVIPT-HXUWFJFHSA-N__seed42,3LXP,XWEGZOWJKZVIPT-HXUWFJFHSA-N,SUCCESS,--,0.961867034,0.961867034,N/A_NO_SPECIAL_TYPE,YES_IF_SUCCESS,
OLD_M3,3LXP__XYXADRKHKBUJPO-UONOGXRCSA-N__seed42,3LXP,XYXADRKHKBUJPO-UONOGXRCSA-N,SUCCESS,--,0.843767822,0.843767822,N/A_NO_SPECIAL_TYPE,YES_IF_SUCCESS,
OLD_M3,3LXP__YDEYSAIBCALEFF-OKILXGFUSA-N__seed42,3LXP,YDEYSAIBCALEFF-OKILXGFUSA-N,SUCCESS,--,0.750045717,0.750045717,N/A_NO_SPECIAL_TYPE,YES_IF_SUCCESS,
OLD_M3,3LXP__YFTYZXGAHZHPCZ-UHFFFAOYSA-N__seed42,3LXP,YFTYZXGAHZHPCZ-UHFFFAOYSA-N,SUCCESS,--,0.800373137,0.800373137,N/A_NO_SPECIAL_TYPE,YES_IF_SUCCESS,
OLD_M3,3LXP__YONOAVIZYZCVJG-FPOVZHCZSA-N__seed42,3LXP,YONOAVIZYZCVJG-FPOVZHCZSA-N,SUCCESS,--,0.963491797,0.963491797,N/A_NO_SPECIAL_TYPE,YES_IF_SUCCESS,
OLD_M3,3LXP__ZBIMFHHRTOXIQP-UHFFFAOYSA-N__seed42,3LXP,ZBIMFHHRTOXIQP-UHFFFAOYSA-N,SUCCESS,--,0.776846766,0.776846766,N/A_NO_SPECIAL_TYPE,YES_IF_SUCCESS,
OLD_M3,3LXP__ZCCPLJOKGAACRT-UHFFFAOYSA-N__seed42,3LXP,ZCCPLJOKGAACRT-UHFFFAOYSA-N,SUCCESS,--,0.383148938,0.383148938,N/A_NO_SPECIAL_TYPE,YES_IF_SUCCESS,
OLD_M3,3LXP__ZGNIKBGFAOAKMH-UHFFFAOYSA-N__seed42,3LXP,ZGNIKBGFAOAKMH-UHFFFAOYSA-N,SUCCESS,--,0.820496082,0.820496082,N/A_NO_SPECIAL_TYPE,YES_IF_SUCCESS,
OLD_M3,3LXP__ZLNWOKYEWUNXGK-UHFFFAOYSA-N__seed42,3LXP,ZLNWOKYEWUNXGK-UHFFFAOYSA-N,SUCCESS,--,0.989419878,0.989419878,N/A_NO_SPECIAL_TYPE,YES_IF_SUCCESS,
OLD_M3,3LXP__ZRWJUDRUNCAWKH-UHFFFAOYSA-N__seed42,3LXP,ZRWJUDRUNCAWKH-UHFFFAOYSA-N,SUCCESS,--,0.808168292,0.808168292,N/A_NO_SPECIAL_TYPE,YES_IF_SUCCESS,
OLD_M3,3POZ__ABDIOQXDBJMGHB-QPJJXVBHSA-N__seed42,3POZ,ABDIOQXDBJMGHB-QPJJXVBHSA-N,SUCCESS,--,0.819532096,0.819532096,N/A_NO_SPECIAL_TYPE,YES_IF_SUCCESS,
OLD_M3,3POZ__ADFNBVCUNARPQJ-UHFFFAOYSA-N__seed42,3POZ,ADFNBVCUNARPQJ-UHFFFAOYSA-N,SUCCESS,--,0.950314045,0.950314045,N/A_NO_SPECIAL_TYPE,YES_IF_SUCCESS,
OLD_M3,3POZ__AMKFBXVTNZFKFF-UHFFFAOYSA-N__seed42,3POZ,AMKFBXVTNZFKFF-UHFFFAOYSA-N,SUCCESS,--,0.797668457,0.797668457,N/A_NO_SPECIAL_TYPE,YES_IF_SUCCESS,
OLD_M3,3POZ__AWXKATNXTVAFSM-UHFFFAOYSA-N__seed42,3POZ,AWXKATNXTVAFSM-UHFFFAOYSA-N,SUCCESS,--,0.873679996,0.873679996,N/A_NO_SPECIAL_TYPE,YES_IF_SUCCESS,
OLD_M3,3POZ__AXVWVFHQMYQWLK-UHFFFAOYSA-N__seed42,3POZ,AXVWVFHQMYQWLK-UHFFFAOYSA-N,SUCCESS,--,0.947558165,0.947558165,N/A_NO_SPECIAL_TYPE,YES_IF_SUCCESS,
OLD_M3,3POZ__BCFGMOOMADDAQU-UHFFFAOYSA-N__seed42,3POZ,BCFGMOOMADDAQU-UHFFFAOYSA-N,SUCCESS,--,0.959208488,0.959208488,N/A_NO_SPECIAL_TYPE,YES_IF_SUCCESS,
OLD_M3,3POZ__BIIVYFLTOXDAOV-YVEFUNNKSA-N__seed42,3POZ,BIIVYFLTOXDAOV-YVEFUNNKSA-N,SUCCESS,--,0.935551167,0.935551167,N/A_NO_SPECIAL_TYPE,YES_IF_SUCCESS,
OLD_M3,3POZ__BUMADWVVVPZKNG-UHFFFAOYSA-N__seed42,3POZ,BUMADWVVVPZKNG-UHFFFAOYSA-N,SUCCESS,--,0.94947505,0.94947505,N/A_NO_SPECIAL_TYPE,YES_IF_SUCCESS,
OLD_M3,3POZ__CDDJNPZYBJNIRP-UHFFFAOYSA-N__seed42,3POZ,CDDJNPZYBJNIRP-UHFFFAOYSA-N,SUCCESS,--,0.931585193,0.931585193,N/A_NO_SPECIAL_TYPE,YES_IF_SUCCESS,
OLD_M3,3POZ__CDMGBJANTYXAIV-UHFFFAOYSA-N__seed42,3POZ,CDMGBJANTYXAIV-UHFFFAOYSA-N,SUCCESS,--,0.859175205,0.859175205,N/A_NO_SPECIAL_TYPE,YES_IF_SUCCESS,
OLD_M3,3POZ__CZGNRKPPNUUZNJ-UHFFFAOYSA-N__seed42,3POZ,CZGNRKPPNUUZNJ-UHFFFAOYSA-N,SUCCESS,--,0.624205112,0.624205112,M3_INPUT_TOPOLOGY_FAIL,NO_INVALID_INPUT_REPRESENTATION,
OLD_M3,3POZ__DENWVAYZRYZBAE-UHFFFAOYSA-N__seed42,3POZ,DENWVAYZRYZBAE-UHFFFAOYSA-N,SUCCESS,--,0.965444684,0.965444684,N/A_NO_SPECIAL_TYPE,YES_IF_SUCCESS,
OLD_M3,3POZ__DGORACVWOLFYBN-UHFFFAOYSA-N__seed42,3POZ,DGORACVWOLFYBN-UHFFFAOYSA-N,SUCCESS,--,0.92622143,0.92622143,N/A_NO_SPECIAL_TYPE,YES_IF_SUCCESS,
OLD_M3,3POZ__DGVCIMUJVPVQEX-KBKYJPHKSA-N__seed42,3POZ,DGVCIMUJVPVQEX-KBKYJPHKSA-N,SUCCESS,--,0.959592462,0.959592462,N/A_NO_SPECIAL_TYPE,YES_IF_SUCCESS,
OLD_M3,3POZ__DLPSDPPZXRJQOY-UHFFFAOYSA-N__seed42,3POZ,DLPSDPPZXRJQOY-UHFFFAOYSA-N,SUCCESS,--,0.960595667,0.960595667,N/A_NO_SPECIAL_TYPE,YES_IF_SUCCESS,
OLD_M3,3POZ__DLQXAWIVHRHOQT-MEMLXQNLSA-N__seed42,3POZ,DLQXAWIVHRHOQT-MEMLXQNLSA-N,SUCCESS,--,0.903811276,0.903811276,N/A_NO_SPECIAL_TYPE,YES_IF_SUCCESS,
OLD_M3,3POZ__FKTDPTZOFGBLDH-UHFFFAOYSA-N__seed42,3POZ,FKTDPTZOFGBLDH-UHFFFAOYSA-N,SUCCESS,--,0.956873536,0.956873536,N/A_NO_SPECIAL_TYPE,YES_IF_SUCCESS,
OLD_M3,3POZ__FRQFIGQZHAECJO-FNORWQNLSA-N__seed42,3POZ,FRQFIGQZHAECJO-FNORWQNLSA-N,SUCCESS,--,0.897174597,0.897174597,N/A_NO_SPECIAL_TYPE,YES_IF_SUCCESS,
OLD_M3,3POZ__FXWPQOUICUZLQL-UHFFFAOYSA-N__seed42,3POZ,FXWPQOUICUZLQL-UHFFFAOYSA-N,SUCCESS,--,0.965441465,0.965441465,N/A_NO_SPECIAL_TYPE,YES_IF_SUCCESS,
OLD_M3,3POZ__GAYUJMWHGBAPKD-UHFFFAOYSA-N__seed42,3POZ,GAYUJMWHGBAPKD-UHFFFAOYSA-N,SUCCESS,--,0.776454449,0.776454449,N/A_NO_SPECIAL_TYPE,YES_IF_SUCCESS,
OLD_M3,3POZ__GLNRSAJLZFLIFA-UHFFFAOYSA-N__seed42,3POZ,GLNRSAJLZFLIFA-UHFFFAOYSA-N,SUCCESS,--,0.871324301,0.871324301,N/A_NO_SPECIAL_TYPE,YES_IF_SUCCESS,
OLD_M3,3POZ__HIONRJFCDLKILS-UHFFFAOYSA-N__seed42,3POZ,HIONRJFCDLKILS-UHFFFAOYSA-N,SUCCESS,--,0.962231219,0.962231219,N/A_NO_SPECIAL_TYPE,YES_IF_SUCCESS,
OLD_M3,3POZ__HIWJANFZFXOFCC-BTZRARBUSA-N__seed42,3POZ,HIWJANFZFXOFCC-BTZRARBUSA-N,SUCCESS,--,0.957689345,0.957689345,N/A_NO_SPECIAL_TYPE,YES_IF_SUCCESS,
OLD_M3,3POZ__HKHOVJYOELRGMV-XYOKQWHBSA-N__seed42,3POZ,HKHOVJYOELRGMV-XYOKQWHBSA-N,SUCCESS,--,0.824654579,0.824654579,N/A_NO_SPECIAL_TYPE,YES_IF_SUCCESS,
OLD_M3,3POZ__HXMKNGQXLJHQDQ-KRWDZBQOSA-N__seed42,3POZ,HXMKNGQXLJHQDQ-KRWDZBQOSA-N,SUCCESS,--,0.989526927,0.989526927,N/A_NO_SPECIAL_TYPE,YES_IF_SUCCESS,
OLD_M3,3POZ__HXXOFJVFKMAZGM-BAQGIRSFSA-N__seed42,3POZ,HXXOFJVFKMAZGM-BAQGIRSFSA-N,SUCCESS,--,0.825667143,0.825667143,N/A_NO_SPECIAL_TYPE,YES_IF_SUCCESS,
OLD_M3,3POZ__IBVURLSKTNUMDI-UHFFFAOYSA-N__seed42,3POZ,IBVURLSKTNUMDI-UHFFFAOYSA-N,SUCCESS,--,0.865592182,0.865592182,N/A_NO_SPECIAL_TYPE,YES_IF_SUCCESS,
OLD_M3,3POZ__ICDUDMAKDBBZOT-SNAWJCMRSA-N__seed42,3POZ,ICDUDMAKDBBZOT-SNAWJCMRSA-N,SUCCESS,--,0.867754757,0.867754757,N/A_NO_SPECIAL_TYPE,YES_IF_SUCCESS,
OLD_M3,3POZ__IDQNCHCNBVCUHC-UHFFFAOYSA-N__seed42,3POZ,IDQNCHCNBVCUHC-UHFFFAOYSA-N,SUCCESS,--,0.947264135,0.947264135,N/A_NO_SPECIAL_TYPE,YES_IF_SUCCESS,
OLD_M3,3POZ__IKXDZCIRCQRTQF-UHFFFAOYSA-N__seed42,3POZ,IKXDZCIRCQRTQF-UHFFFAOYSA-N,SUCCESS,--,0.968235075,0.968235075,N/A_NO_SPECIAL_TYPE,YES_IF_SUCCESS,
OLD_M3,3POZ__JHULSUDSBNZWAW-AERCQKQUSA-N__seed42,3POZ,JHULSUDSBNZWAW-AERCQKQUSA-N,SUCCESS,--,0.965309322,0.965309322,N/A_NO_SPECIAL_TYPE,YES_IF_SUCCESS,
OLD_M3,3POZ__JJHXVSSJRMTBMC-UHFFFAOYSA-N__seed42,3POZ,JJHXVSSJRMTBMC-UHFFFAOYSA-N,SUCCESS,--,0.601852477,0.601852477,N/A_NO_SPECIAL_TYPE,YES_IF_SUCCESS,
OLD_M3,3POZ__JPHUTKJINPEEPQ-DUXPYHPUSA-N__seed42,3POZ,JPHUTKJINPEEPQ-DUXPYHPUSA-N,SUCCESS,--,0.957217276,0.957217276,N/A_NO_SPECIAL_TYPE,YES_IF_SUCCESS,
OLD_M3,3POZ__JPJAUHSLJCUGAH-UHFFFAOYSA-N__seed42,3POZ,JPJAUHSLJCUGAH-UHFFFAOYSA-N,SUCCESS,--,0.264514685,0.264514685,N/A_NO_SPECIAL_TYPE,YES_IF_SUCCESS,
OLD_M3,3POZ__JWNPDZNEKVCWMY-VQHVLOKHSA-N__seed42,3POZ,JWNPDZNEKVCWMY-VQHVLOKHSA-N,SUCCESS,--,0.843512595,0.843512595,N/A_NO_SPECIAL_TYPE,YES_IF_SUCCESS,
OLD_M3,3POZ__KFHMLBXBRCITHF-UHFFFAOYSA-N__seed42,3POZ,KFHMLBXBRCITHF-UHFFFAOYSA-N,SUCCESS,--,0.955518544,0.955518544,N/A_NO_SPECIAL_TYPE,YES_IF_SUCCESS,
OLD_M3,3POZ__KHOPHRHAXOWMRK-UHFFFAOYSA-N__seed42,3POZ,KHOPHRHAXOWMRK-UHFFFAOYSA-N,SUCCESS,--,0.935602605,0.935602605,N/A_NO_SPECIAL_TYPE,YES_IF_SUCCESS,
OLD_M3,3POZ__KJZFJLLCNRUWRW-UUILKARUSA-N__seed42,3POZ,KJZFJLLCNRUWRW-UUILKARUSA-N,SUCCESS,--,0.863823771,0.863823771,N/A_NO_SPECIAL_TYPE,YES_IF_SUCCESS,
OLD_M3,3POZ__KOBKLBFNTIJTTR-UHFFFAOYSA-N__seed42,3POZ,KOBKLBFNTIJTTR-UHFFFAOYSA-N,SUCCESS,--,0.956377745,0.956377745,N/A_NO_SPECIAL_TYPE,YES_IF_SUCCESS,
OLD_M3,3POZ__KTUFNOKKBVMGRW-UHFFFAOYSA-N__seed42,3POZ,KTUFNOKKBVMGRW-UHFFFAOYSA-N,SUCCESS,--,0.707879841,0.707879841,N/A_NO_SPECIAL_TYPE,YES_IF_SUCCESS,
OLD_M3,3POZ__KXDONFLNGBQLTN-WUXMJOGZSA-N__seed42,3POZ,KXDONFLNGBQLTN-WUXMJOGZSA-N,SUCCESS,--,0.93341738,0.93341738,N/A_NO_SPECIAL_TYPE,YES_IF_SUCCESS,
OLD_M3,3POZ__KXUBSQUYDKKQTR-UHFFFAOYSA-N__seed42,3POZ,KXUBSQUYDKKQTR-UHFFFAOYSA-N,SUCCESS,--,0.918283999,0.918283999,N/A_NO_SPECIAL_TYPE,YES_IF_SUCCESS,
OLD_M3,3POZ__LLVZBTWPGQVVLW-SNAWJCMRSA-N__seed42,3POZ,LLVZBTWPGQVVLW-SNAWJCMRSA-N,SUCCESS,--,0.954430759,0.954430759,N/A_NO_SPECIAL_TYPE,YES_IF_SUCCESS,
OLD_M3,3POZ__LREJPDVGVCQBEA-UHFFFAOYSA-N__seed42,3POZ,LREJPDVGVCQBEA-UHFFFAOYSA-N,SUCCESS,--,0.935089052,0.935089052,N/A_NO_SPECIAL_TYPE,YES_IF_SUCCESS,
OLD_M3,3POZ__LSPANGZZENHZNJ-UHFFFAOYSA-N__seed42,3POZ,LSPANGZZENHZNJ-UHFFFAOYSA-N,SUCCESS,--,0.894833446,0.894833446,N/A_NO_SPECIAL_TYPE,YES_IF_SUCCESS,
OLD_M3,3POZ__LSTSYXGQPRASQW-NSIKDUERSA-N__seed42,3POZ,LSTSYXGQPRASQW-NSIKDUERSA-N,SUCCESS,--,0.766414702,0.766414702,N/A_NO_SPECIAL_TYPE,YES_IF_SUCCESS,
OLD_M3,3POZ__LWORINFAHRPALE-UHFFFAOYSA-N__seed42,3POZ,LWORINFAHRPALE-UHFFFAOYSA-N,SUCCESS,--,0.678704381,0.678704381,N/A_NO_SPECIAL_TYPE,YES_IF_SUCCESS,
OLD_M3,3POZ__MGBJUGCCYZJVGR-QHCPKHFHSA-N__seed42,3POZ,MGBJUGCCYZJVGR-QHCPKHFHSA-N,SUCCESS,--,0.970799625,0.970799625,N/A_NO_SPECIAL_TYPE,YES_IF_SUCCESS,
OLD_M3,3POZ__MPYNTRISUCALTC-HXUWFJFHSA-N__seed42,3POZ,MPYNTRISUCALTC-HXUWFJFHSA-N,SUCCESS,--,0.97051245,0.97051245,N/A_NO_SPECIAL_TYPE,YES_IF_SUCCESS,
OLD_M3,3POZ__MSLIBSZZLAWHQM-UHFFFAOYSA-N__seed42,3POZ,MSLIBSZZLAWHQM-UHFFFAOYSA-N,SUCCESS,--,0.938872516,0.938872516,N/A_NO_SPECIAL_TYPE,YES_IF_SUCCESS,
OLD_M3,3POZ__MTSNDBYBIZSILH-UHFFFAOYSA-N__seed42,3POZ,MTSNDBYBIZSILH-UHFFFAOYSA-N,SUCCESS,--,0.906551182,0.906551182,N/A_NO_SPECIAL_TYPE,YES_IF_SUCCESS,
OLD_M3,3POZ__NAHITMMJENLIPQ-LMXLVEHLSA-N__seed42,3POZ,NAHITMMJENLIPQ-LMXLVEHLSA-N,SUCCESS,--,0.90432179,0.90432179,N/A_NO_SPECIAL_TYPE,YES_IF_SUCCESS,
OLD_M3,3POZ__NAUMQOWVCNOPGB-INIZCTEOSA-N__seed42,3POZ,NAUMQOWVCNOPGB-INIZCTEOSA-N,SUCCESS,--,0.693273485,0.693273485,N/A_NO_SPECIAL_TYPE,YES_IF_SUCCESS,
OLD_M3,3POZ__NGKDXIDMJWVNHU-UHFFFAOYSA-N__seed42,3POZ,NGKDXIDMJWVNHU-UHFFFAOYSA-N,SUCCESS,--,0.977014184,0.977014184,N/A_NO_SPECIAL_TYPE,YES_IF_SUCCESS,
OLD_M3,3POZ__NNFDRCGXLJTASH-UHFFFAOYSA-N__seed42,3POZ,NNFDRCGXLJTASH-UHFFFAOYSA-N,SUCCESS,--,0.375972271,0.375972271,N/A_NO_SPECIAL_TYPE,YES_IF_SUCCESS,
OLD_M3,3POZ__NRBHFTJDRVHSST-WTKPLQERSA-N__seed42,3POZ,NRBHFTJDRVHSST-WTKPLQERSA-N,SUCCESS,--,0.753947735,0.753947735,N/A_NO_SPECIAL_TYPE,YES_IF_SUCCESS,
OLD_M3,3POZ__NURBYSCFSBBMLZ-UHFFFAOYSA-N__seed42,3POZ,NURBYSCFSBBMLZ-UHFFFAOYSA-N,SUCCESS,--,0.976400495,0.976400495,N/A_NO_SPECIAL_TYPE,YES_IF_SUCCESS,
OLD_M3,3POZ__NWRYHCNPTDKBAI-FYYLOGMGSA-N__seed42,3POZ,NWRYHCNPTDKBAI-FYYLOGMGSA-N,SUCCESS,--,0.763925254,0.763925254,N/A_NO_SPECIAL_TYPE,YES_IF_SUCCESS,
OLD_M3,3POZ__OAVGBZOFDPFGPJ-UHFFFAOYSA-N__seed42,3POZ,OAVGBZOFDPFGPJ-UHFFFAOYSA-N,SUCCESS,--,0.823783338,0.823783338,N/A_NO_SPECIAL_TYPE,YES_IF_SUCCESS,
OLD_M3,3POZ__OLVBAUVSICCWEJ-UHFFFAOYSA-N__seed42,3POZ,OLVBAUVSICCWEJ-UHFFFAOYSA-N,SUCCESS,--,0.92022711,0.92022711,N/A_NO_SPECIAL_TYPE,YES_IF_SUCCESS,
OLD_M3,3POZ__OSHRLMBZRPMAQZ-UHFFFAOYSA-N__seed42,3POZ,OSHRLMBZRPMAQZ-UHFFFAOYSA-N,SUCCESS,--,0.882084608,0.882084608,N/A_NO_SPECIAL_TYPE,YES_IF_SUCCESS,
OLD_M3,3POZ__OSNPLDLPFDTALJ-UHFFFAOYSA-N__seed42,3POZ,OSNPLDLPFDTALJ-UHFFFAOYSA-N,SUCCESS,--,0.960334539,0.960334539,N/A_NO_SPECIAL_TYPE,YES_IF_SUCCESS,
OLD_M3,3POZ__PBDWKKSYCSLCRJ-UHFFFAOYSA-N__seed42,3POZ,PBDWKKSYCSLCRJ-UHFFFAOYSA-N,SUCCESS,--,0.929336071,0.929336071,N/A_NO_SPECIAL_TYPE,YES_IF_SUCCESS,
OLD_M3,3POZ__PJDCIIPPRINIGB-RMKNXTFCSA-N__seed42,3POZ,PJDCIIPPRINIGB-RMKNXTFCSA-N,SUCCESS,--,0.550837398,0.550837398,N/A_NO_SPECIAL_TYPE,YES_IF_SUCCESS,
OLD_M3,3POZ__PTKRHBXNNDLRPO-OAQYLSRUSA-N__seed42,3POZ,PTKRHBXNNDLRPO-OAQYLSRUSA-N,SUCCESS,--,0.975676954,0.975676954,N/A_NO_SPECIAL_TYPE,YES_IF_SUCCESS,
OLD_M3,3POZ__PWQAYVPGWSRNKH-UHFFFAOYSA-N__seed42,3POZ,PWQAYVPGWSRNKH-UHFFFAOYSA-N,SUCCESS,--,0.618311048,0.618311048,N/A_NO_SPECIAL_TYPE,YES_IF_SUCCESS,
OLD_M3,3POZ__PXBVPDIMCOILPS-UHFFFAOYSA-N__seed42,3POZ,PXBVPDIMCOILPS-UHFFFAOYSA-N,SUCCESS,--,0.299871087,0.299871087,N/A_NO_SPECIAL_TYPE,YES_IF_SUCCESS,
OLD_M3,3POZ__QDGDKZPMYPEBOC-RMKNXTFCSA-N__seed42,3POZ,QDGDKZPMYPEBOC-RMKNXTFCSA-N,SUCCESS,--,0.806720674,0.806720674,N/A_NO_SPECIAL_TYPE,YES_IF_SUCCESS,
OLD_M3,3POZ__QQGZOWNAHJAXCG-UHFFFAOYSA-N__seed42,3POZ,QQGZOWNAHJAXCG-UHFFFAOYSA-N,SUCCESS,--,0.334434837,0.334434837,N/A_NO_SPECIAL_TYPE,YES_IF_SUCCESS,
OLD_M3,3POZ__QQRLVNGJKMMEMW-POHAHGRESA-N__seed42,3POZ,QQRLVNGJKMMEMW-POHAHGRESA-N,SUCCESS,--,0.828060806,0.828060806,N/A_NO_SPECIAL_TYPE,YES_IF_SUCCESS,
OLD_M3,3POZ__RHKOFLSVENLYDP-LJQANCHMSA-N__seed42,3POZ,RHKOFLSVENLYDP-LJQANCHMSA-N,SUCCESS,--,0.961232543,0.961232543,N/A_NO_SPECIAL_TYPE,YES_IF_SUCCESS,
OLD_M3,3POZ__RHVQWSMLJGXEQH-BFSLETRISA-N__seed42,3POZ,RHVQWSMLJGXEQH-BFSLETRISA-N,SUCCESS,--,0.740101337,0.740101337,N/A_NO_SPECIAL_TYPE,YES_IF_SUCCESS,
OLD_M3,3POZ__RKUXMYUMMSWVGH-CPSHHHPTSA-N__seed42,3POZ,RKUXMYUMMSWVGH-CPSHHHPTSA-N,SUCCESS,--,0.961098433,0.961098433,N/A_NO_SPECIAL_TYPE,YES_IF_SUCCESS,
OLD_M3,3POZ__ROHJEIACUNTGFP-VWLOTQADSA-N__seed42,3POZ,ROHJEIACUNTGFP-VWLOTQADSA-N,SUCCESS,--,0.925216317,0.925216317,N/A_NO_SPECIAL_TYPE,YES_IF_SUCCESS,
OLD_M3,3POZ__SJCQYTOHJMCKJL-UHFFFAOYSA-N__seed42,3POZ,SJCQYTOHJMCKJL-UHFFFAOYSA-N,SUCCESS,--,0.928687692,0.928687692,N/A_NO_SPECIAL_TYPE,YES_IF_SUCCESS,
OLD_M3,3POZ__SKBWQUPLWQUWPH-WGSAOQKQSA-N__seed42,3POZ,SKBWQUPLWQUWPH-WGSAOQKQSA-N,SUCCESS,--,0.946977198,0.946977198,N/A_NO_SPECIAL_TYPE,YES_IF_SUCCESS,
OLD_M3,3POZ__SPDLQTAUFKKTCR-PMOLBWCYSA-N__seed42,3POZ,SPDLQTAUFKKTCR-PMOLBWCYSA-N,SUCCESS,--,0.960799038,0.960799038,N/A_NO_SPECIAL_TYPE,YES_IF_SUCCESS,
OLD_M3,3POZ__SQUSZMTZUQQFKO-UHFFFAOYSA-N__seed42,3POZ,SQUSZMTZUQQFKO-UHFFFAOYSA-N,SUCCESS,--,0.897439539,0.897439539,N/A_NO_SPECIAL_TYPE,YES_IF_SUCCESS,
OLD_M3,3POZ__SRUYMJRFVGLQDV-UHFFFAOYSA-N__seed42,3POZ,SRUYMJRFVGLQDV-UHFFFAOYSA-N,SUCCESS,--,0.388676167,0.388676167,N/A_NO_SPECIAL_TYPE,YES_IF_SUCCESS,
OLD_M3,3POZ__SSDFTYWIYVWCIE-KDURUIRLSA-N__seed42,3POZ,SSDFTYWIYVWCIE-KDURUIRLSA-N,SUCCESS,--,0.978962243,0.978962243,N/A_NO_SPECIAL_TYPE,YES_IF_SUCCESS,
OLD_M3,3POZ__SSNRTALFAXFKNE-UHFFFAOYSA-N__seed42,3POZ,SSNRTALFAXFKNE-UHFFFAOYSA-N,SUCCESS,--,0.954374731,0.954374731,N/A_NO_SPECIAL_TYPE,YES_IF_SUCCESS,
OLD_M3,3POZ__TUCIOBMMDDOEMM-RIYZIHGNSA-N__seed42,3POZ,TUCIOBMMDDOEMM-RIYZIHGNSA-N,SUCCESS,--,0.884877622,0.884877622,N/A_NO_SPECIAL_TYPE,YES_IF_SUCCESS,
OLD_M3,3POZ__TXZRYLZHQIMGPZ-UHFFFAOYSA-N__seed42,3POZ,TXZRYLZHQIMGPZ-UHFFFAOYSA-N,SUCCESS,--,0.535496652,0.535496652,N/A_NO_SPECIAL_TYPE,YES_IF_SUCCESS,
OLD_M3,3POZ__TYIJYIGEKOSLCM-UHFFFAOYSA-N__seed42,3POZ,TYIJYIGEKOSLCM-UHFFFAOYSA-N,SUCCESS,--,0.935834765,0.935834765,N/A_NO_SPECIAL_TYPE,YES_IF_SUCCESS,
OLD_M3,3POZ__UBEVQYMSHABHOM-UHFFFAOYSA-N__seed42,3POZ,UBEVQYMSHABHOM-UHFFFAOYSA-N,SUCCESS,--,0.719056964,0.719056964,N/A_NO_SPECIAL_TYPE,YES_IF_SUCCESS,
OLD_M3,3POZ__UBPYILGKFZZVDX-UHFFFAOYSA-N__seed42,3POZ,UBPYILGKFZZVDX-UHFFFAOYSA-N,SUCCESS,--,0.472984076,0.472984076,N/A_NO_SPECIAL_TYPE,YES_IF_SUCCESS,
OLD_M3,3POZ__UERCBPIXITWGQE-UHFFFAOYSA-N__seed42,3POZ,UERCBPIXITWGQE-UHFFFAOYSA-N,SUCCESS,--,0.723691404,0.723691404,N/A_NO_SPECIAL_TYPE,YES_IF_SUCCESS,
OLD_M3,3POZ__UHTHHESEBZOYNR-UHFFFAOYSA-N__seed42,3POZ,UHTHHESEBZOYNR-UHFFFAOYSA-N,SUCCESS,--,0.758173108,0.758173108,N/A_NO_SPECIAL_TYPE,YES_IF_SUCCESS,
OLD_M3,3POZ__ULHGAQSVFPOUDY-UHFFFAOYSA-N__seed42,3POZ,ULHGAQSVFPOUDY-UHFFFAOYSA-N,SUCCESS,--,0.59712714,0.59712714,N/A_NO_SPECIAL_TYPE,YES_IF_SUCCESS,
OLD_M3,3POZ__UMGQVUWXNOJOSJ-OQLLNIDSSA-N__seed42,3POZ,UMGQVUWXNOJOSJ-OQLLNIDSSA-N,SUCCESS,--,0.900619924,0.900619924,N/A_NO_SPECIAL_TYPE,YES_IF_SUCCESS,
OLD_M3,3POZ__UNTXLEZCEUSPFP-QNCXMEKNSA-N__seed42,3POZ,UNTXLEZCEUSPFP-QNCXMEKNSA-N,SUCCESS,--,0.776578069,0.776578069,N/A_NO_SPECIAL_TYPE,YES_IF_SUCCESS,
OLD_M3,3POZ__UOLDQEKGGZFSIN-UHFFFAOYSA-N__seed42,3POZ,UOLDQEKGGZFSIN-UHFFFAOYSA-N,SUCCESS,--,0.976702511,0.976702511,N/A_NO_SPECIAL_TYPE,YES_IF_SUCCESS,
OLD_M3,3POZ__UVCRUPLTNLNJDD-DEOSSOPVSA-N__seed42,3POZ,UVCRUPLTNLNJDD-DEOSSOPVSA-N,SUCCESS,--,0.975606859,0.975606859,N/A_NO_SPECIAL_TYPE,YES_IF_SUCCESS,
OLD_M3,3POZ__UYXYRAKKUCLNAF-GOSISDBHSA-N__seed42,3POZ,UYXYRAKKUCLNAF-GOSISDBHSA-N,SUCCESS,--,0.989591837,0.989591837,N/A_NO_SPECIAL_TYPE,YES_IF_SUCCESS,
OLD_M3,3POZ__VIANWBJPMVJZPN-UHFFFAOYSA-N__seed42,3POZ,VIANWBJPMVJZPN-UHFFFAOYSA-N,SUCCESS,--,0.89460814,0.89460814,N/A_NO_SPECIAL_TYPE,YES_IF_SUCCESS,
OLD_M3,3POZ__VNFPBHJOKIVQEB-UHFFFAOYSA-N__seed42,3POZ,VNFPBHJOKIVQEB-UHFFFAOYSA-N,SUCCESS,--,0.409042567,0.409042567,N/A_NO_SPECIAL_TYPE,YES_IF_SUCCESS,
OLD_M3,3POZ__VVORMAVELBPTAS-UHFFFAOYSA-N__seed42,3POZ,VVORMAVELBPTAS-UHFFFAOYSA-N,SUCCESS,--,0.931659102,0.931659102,N/A_NO_SPECIAL_TYPE,YES_IF_SUCCESS,
OLD_M3,3POZ__WMXPSZOEUWJJHU-VMPITWQZSA-N__seed42,3POZ,WMXPSZOEUWJJHU-VMPITWQZSA-N,SUCCESS,--,0.90309906,0.90309906,N/A_NO_SPECIAL_TYPE,YES_IF_SUCCESS,
OLD_M3,3POZ__WVWYBUKDEAJOCJ-UHFFFAOYSA-N__seed42,3POZ,WVWYBUKDEAJOCJ-UHFFFAOYSA-N,SUCCESS,--,0.786015511,0.786015511,N/A_NO_SPECIAL_TYPE,YES_IF_SUCCESS,
OLD_M3,3POZ__XAKLZFYPIQVZMO-UHFFFAOYSA-N__seed42,3POZ,XAKLZFYPIQVZMO-UHFFFAOYSA-N,SUCCESS,--,0.972623527,0.972623527,N/A_NO_SPECIAL_TYPE,YES_IF_SUCCESS,
OLD_M3,3POZ__XGGPNQWFYUZWNO-QGZVFWFLSA-N__seed42,3POZ,XGGPNQWFYUZWNO-QGZVFWFLSA-N,SUCCESS,--,0.977687418,0.977687418,N/A_NO_SPECIAL_TYPE,YES_IF_SUCCESS,
OLD_M3,3POZ__XIEDBRMNHVILCQ-UHFFFAOYSA-N__seed42,3POZ,XIEDBRMNHVILCQ-UHFFFAOYSA-N,SUCCESS,--,0.879815996,0.879815996,N/A_NO_SPECIAL_TYPE,YES_IF_SUCCESS,
OLD_M3,3POZ__XNXUDGXKTVZKLB-GOSISDBHSA-N__seed42,3POZ,XNXUDGXKTVZKLB-GOSISDBHSA-N,SUCCESS,--,0.970627189,0.970627189,N/A_NO_SPECIAL_TYPE,YES_IF_SUCCESS,
OLD_M3,3POZ__XQNBRKJAXBTZMN-UHFFFAOYSA-N__seed42,3POZ,XQNBRKJAXBTZMN-UHFFFAOYSA-N,SUCCESS,--,0.874597311,0.874597311,N/A_NO_SPECIAL_TYPE,YES_IF_SUCCESS,
OLD_M3,3POZ__XSFGXVBMHUSTNL-UHFFFAOYSA-N__seed42,3POZ,XSFGXVBMHUSTNL-UHFFFAOYSA-N,SUCCESS,--,0.955869973,0.955869973,N/A_NO_SPECIAL_TYPE,YES_IF_SUCCESS,
OLD_M3,3POZ__XYFPWWZEPKGCCK-GOSISDBHSA-N__seed42,3POZ,XYFPWWZEPKGCCK-GOSISDBHSA-N,SUCCESS,--,0.983186185,0.983186185,N/A_NO_SPECIAL_TYPE,YES_IF_SUCCESS,
OLD_M3,3POZ__YNGWGAYBPCOHHO-UHFFFAOYSA-N__seed42,3POZ,YNGWGAYBPCOHHO-UHFFFAOYSA-N,SUCCESS,--,0.574725032,0.574725032,N/A_NO_SPECIAL_TYPE,YES_IF_SUCCESS,
OLD_M3,3POZ__YZQDBWXUDUMPDB-UHFFFAOYSA-N__seed42,3POZ,YZQDBWXUDUMPDB-UHFFFAOYSA-N,SUCCESS,--,0.961869001,0.961869001,N/A_NO_SPECIAL_TYPE,YES_IF_SUCCESS,
OLD_M3,3POZ__ZCKGARDCKJFLRH-UHFFFAOYSA-N__seed42,3POZ,ZCKGARDCKJFLRH-UHFFFAOYSA-N,SUCCESS,--,0.857138097,0.857138097,N/A_NO_SPECIAL_TYPE,YES_IF_SUCCESS,
OLD_M3,3POZ__ZYQXEVJIFYIBHZ-UHFFFAOYSA-N__seed42,3POZ,ZYQXEVJIFYIBHZ-UHFFFAOYSA-N,SUCCESS,--,0.97755605,0.97755605,N/A_NO_SPECIAL_TYPE,YES_IF_SUCCESS,
OLD_M3,3RCD__ABDIOQXDBJMGHB-QPJJXVBHSA-N__seed42,3RCD,ABDIOQXDBJMGHB-QPJJXVBHSA-N,SUCCESS,--,0.894289255,0.894289255,N/A_NO_SPECIAL_TYPE,YES_IF_SUCCESS,
OLD_M3,3RCD__ADFNBVCUNARPQJ-UHFFFAOYSA-N__seed42,3RCD,ADFNBVCUNARPQJ-UHFFFAOYSA-N,SUCCESS,--,0.973207235,0.973207235,N/A_NO_SPECIAL_TYPE,YES_IF_SUCCESS,
OLD_M3,3RCD__AMKFBXVTNZFKFF-UHFFFAOYSA-N__seed42,3RCD,AMKFBXVTNZFKFF-UHFFFAOYSA-N,SUCCESS,--,0.909067452,0.909067452,N/A_NO_SPECIAL_TYPE,YES_IF_SUCCESS,
OLD_M3,3RCD__AWXKATNXTVAFSM-UHFFFAOYSA-N__seed42,3RCD,AWXKATNXTVAFSM-UHFFFAOYSA-N,SUCCESS,--,0.857032239,0.857032239,N/A_NO_SPECIAL_TYPE,YES_IF_SUCCESS,
OLD_M3,3RCD__AXVWVFHQMYQWLK-UHFFFAOYSA-N__seed42,3RCD,AXVWVFHQMYQWLK-UHFFFAOYSA-N,SUCCESS,--,0.936623752,0.936623752,N/A_NO_SPECIAL_TYPE,YES_IF_SUCCESS,
OLD_M3,3RCD__BCFGMOOMADDAQU-UHFFFAOYSA-N__seed42,3RCD,BCFGMOOMADDAQU-UHFFFAOYSA-N,SUCCESS,--,0.96255672,0.96255672,N/A_NO_SPECIAL_TYPE,YES_IF_SUCCESS,
OLD_M3,3RCD__BIIVYFLTOXDAOV-YVEFUNNKSA-N__seed42,3RCD,BIIVYFLTOXDAOV-YVEFUNNKSA-N,SUCCESS,--,0.760670424,0.760670424,N/A_NO_SPECIAL_TYPE,YES_IF_SUCCESS,
OLD_M3,3RCD__BUMADWVVVPZKNG-UHFFFAOYSA-N__seed42,3RCD,BUMADWVVVPZKNG-UHFFFAOYSA-N,SUCCESS,--,0.970382452,0.970382452,N/A_NO_SPECIAL_TYPE,YES_IF_SUCCESS,
OLD_M3,3RCD__CDDJNPZYBJNIRP-UHFFFAOYSA-N__seed42,3RCD,CDDJNPZYBJNIRP-UHFFFAOYSA-N,SUCCESS,--,0.967399716,0.967399716,N/A_NO_SPECIAL_TYPE,YES_IF_SUCCESS,
OLD_M3,3RCD__CDMGBJANTYXAIV-UHFFFAOYSA-N__seed42,3RCD,CDMGBJANTYXAIV-UHFFFAOYSA-N,SUCCESS,--,0.829959333,0.829959333,N/A_NO_SPECIAL_TYPE,YES_IF_SUCCESS,
OLD_M3,3RCD__CZGNRKPPNUUZNJ-UHFFFAOYSA-N__seed42,3RCD,CZGNRKPPNUUZNJ-UHFFFAOYSA-N,SUCCESS,--,0.645716548,0.645716548,M3_INPUT_TOPOLOGY_FAIL,NO_INVALID_INPUT_REPRESENTATION,
OLD_M3,3RCD__DENWVAYZRYZBAE-UHFFFAOYSA-N__seed42,3RCD,DENWVAYZRYZBAE-UHFFFAOYSA-N,SUCCESS,--,0.949086785,0.949086785,N/A_NO_SPECIAL_TYPE,YES_IF_SUCCESS,
OLD_M3,3RCD__DGORACVWOLFYBN-UHFFFAOYSA-N__seed42,3RCD,DGORACVWOLFYBN-UHFFFAOYSA-N,SUCCESS,--,0.913487911,0.913487911,N/A_NO_SPECIAL_TYPE,YES_IF_SUCCESS,
OLD_M3,3RCD__DGVCIMUJVPVQEX-KBKYJPHKSA-N__seed42,3RCD,DGVCIMUJVPVQEX-KBKYJPHKSA-N,SUCCESS,--,0.911436975,0.911436975,N/A_NO_SPECIAL_TYPE,YES_IF_SUCCESS,
OLD_M3,3RCD__DLPSDPPZXRJQOY-UHFFFAOYSA-N__seed42,3RCD,DLPSDPPZXRJQOY-UHFFFAOYSA-N,SUCCESS,--,0.845854938,0.845854938,N/A_NO_SPECIAL_TYPE,YES_IF_SUCCESS,
OLD_M3,3RCD__DLQXAWIVHRHOQT-MEMLXQNLSA-N__seed42,3RCD,DLQXAWIVHRHOQT-MEMLXQNLSA-N,SUCCESS,--,0.956949651,0.956949651,N/A_NO_SPECIAL_TYPE,YES_IF_SUCCESS,
OLD_M3,3RCD__FKTDPTZOFGBLDH-UHFFFAOYSA-N__seed42,3RCD,FKTDPTZOFGBLDH-UHFFFAOYSA-N,SUCCESS,--,0.969000518,0.969000518,N/A_NO_SPECIAL_TYPE,YES_IF_SUCCESS,
OLD_M3,3RCD__FRQFIGQZHAECJO-FNORWQNLSA-N__seed42,3RCD,FRQFIGQZHAECJO-FNORWQNLSA-N,SUCCESS,--,0.720567107,0.720567107,N/A_NO_SPECIAL_TYPE,YES_IF_SUCCESS,
OLD_M3,3RCD__FXWPQOUICUZLQL-UHFFFAOYSA-N__seed42,3RCD,FXWPQOUICUZLQL-UHFFFAOYSA-N,SUCCESS,--,0.971009076,0.971009076,N/A_NO_SPECIAL_TYPE,YES_IF_SUCCESS,
OLD_M3,3RCD__GAYUJMWHGBAPKD-UHFFFAOYSA-N__seed42,3RCD,GAYUJMWHGBAPKD-UHFFFAOYSA-N,SUCCESS,--,0.913982928,0.913982928,N/A_NO_SPECIAL_TYPE,YES_IF_SUCCESS,
OLD_M3,3RCD__GLNRSAJLZFLIFA-UHFFFAOYSA-N__seed42,3RCD,GLNRSAJLZFLIFA-UHFFFAOYSA-N,SUCCESS,--,0.896882474,0.896882474,N/A_NO_SPECIAL_TYPE,YES_IF_SUCCESS,
OLD_M3,3RCD__HIONRJFCDLKILS-UHFFFAOYSA-N__seed42,3RCD,HIONRJFCDLKILS-UHFFFAOYSA-N,SUCCESS,--,0.958865464,0.958865464,N/A_NO_SPECIAL_TYPE,YES_IF_SUCCESS,
OLD_M3,3RCD__HIWJANFZFXOFCC-BTZRARBUSA-N__seed42,3RCD,HIWJANFZFXOFCC-BTZRARBUSA-N,SUCCESS,--,0.965125918,0.965125918,N/A_NO_SPECIAL_TYPE,YES_IF_SUCCESS,
OLD_M3,3RCD__HKHOVJYOELRGMV-XYOKQWHBSA-N__seed42,3RCD,HKHOVJYOELRGMV-XYOKQWHBSA-N,SUCCESS,--,0.864208579,0.864208579,N/A_NO_SPECIAL_TYPE,YES_IF_SUCCESS,
OLD_M3,3RCD__HXMKNGQXLJHQDQ-KRWDZBQOSA-N__seed42,3RCD,HXMKNGQXLJHQDQ-KRWDZBQOSA-N,SUCCESS,--,0.990963519,0.990963519,N/A_NO_SPECIAL_TYPE,YES_IF_SUCCESS,
OLD_M3,3RCD__HXXOFJVFKMAZGM-BAQGIRSFSA-N__seed42,3RCD,HXXOFJVFKMAZGM-BAQGIRSFSA-N,SUCCESS,--,0.717054248,0.717054248,N/A_NO_SPECIAL_TYPE,YES_IF_SUCCESS,
OLD_M3,3RCD__IBVURLSKTNUMDI-UHFFFAOYSA-N__seed42,3RCD,IBVURLSKTNUMDI-UHFFFAOYSA-N,SUCCESS,--,0.843400598,0.843400598,N/A_NO_SPECIAL_TYPE,YES_IF_SUCCESS,
OLD_M3,3RCD__ICDUDMAKDBBZOT-SNAWJCMRSA-N__seed42,3RCD,ICDUDMAKDBBZOT-SNAWJCMRSA-N,SUCCESS,--,0.843447864,0.843447864,N/A_NO_SPECIAL_TYPE,YES_IF_SUCCESS,
OLD_M3,3RCD__IDQNCHCNBVCUHC-UHFFFAOYSA-N__seed42,3RCD,IDQNCHCNBVCUHC-UHFFFAOYSA-N,SUCCESS,--,0.881013751,0.881013751,N/A_NO_SPECIAL_TYPE,YES_IF_SUCCESS,
OLD_M3,3RCD__IKXDZCIRCQRTQF-UHFFFAOYSA-N__seed42,3RCD,IKXDZCIRCQRTQF-UHFFFAOYSA-N,SUCCESS,--,0.77239728,0.77239728,N/A_NO_SPECIAL_TYPE,YES_IF_SUCCESS,
OLD_M3,3RCD__JHULSUDSBNZWAW-AERCQKQUSA-N__seed42,3RCD,JHULSUDSBNZWAW-AERCQKQUSA-N,SUCCESS,--,0.909804821,0.909804821,N/A_NO_SPECIAL_TYPE,YES_IF_SUCCESS,
OLD_M3,3RCD__JJHXVSSJRMTBMC-UHFFFAOYSA-N__seed42,3RCD,JJHXVSSJRMTBMC-UHFFFAOYSA-N,SUCCESS,--,0.699613214,0.699613214,N/A_NO_SPECIAL_TYPE,YES_IF_SUCCESS,
OLD_M3,3RCD__JPHUTKJINPEEPQ-DUXPYHPUSA-N__seed42,3RCD,JPHUTKJINPEEPQ-DUXPYHPUSA-N,SUCCESS,--,0.94708997,0.94708997,N/A_NO_SPECIAL_TYPE,YES_IF_SUCCESS,
OLD_M3,3RCD__JPJAUHSLJCUGAH-UHFFFAOYSA-N__seed42,3RCD,JPJAUHSLJCUGAH-UHFFFAOYSA-N,SUCCESS,--,0.178929165,0.178929165,N/A_NO_SPECIAL_TYPE,YES_IF_SUCCESS,
OLD_M3,3RCD__JWNPDZNEKVCWMY-VQHVLOKHSA-N__seed42,3RCD,JWNPDZNEKVCWMY-VQHVLOKHSA-N,SUCCESS,--,0.64634496,0.64634496,N/A_NO_SPECIAL_TYPE,YES_IF_SUCCESS,
OLD_M3,3RCD__KFHMLBXBRCITHF-UHFFFAOYSA-N__seed42,3RCD,KFHMLBXBRCITHF-UHFFFAOYSA-N,SUCCESS,--,0.890407145,0.890407145,N/A_NO_SPECIAL_TYPE,YES_IF_SUCCESS,
OLD_M3,3RCD__KHOPHRHAXOWMRK-UHFFFAOYSA-N__seed42,3RCD,KHOPHRHAXOWMRK-UHFFFAOYSA-N,SUCCESS,--,0.703692794,0.703692794,N/A_NO_SPECIAL_TYPE,YES_IF_SUCCESS,
OLD_M3,3RCD__KJZFJLLCNRUWRW-UUILKARUSA-N__seed42,3RCD,KJZFJLLCNRUWRW-UUILKARUSA-N,SUCCESS,--,0.901341617,0.901341617,N/A_NO_SPECIAL_TYPE,YES_IF_SUCCESS,
OLD_M3,3RCD__KOBKLBFNTIJTTR-UHFFFAOYSA-N__seed42,3RCD,KOBKLBFNTIJTTR-UHFFFAOYSA-N,SUCCESS,--,0.953825831,0.953825831,N/A_NO_SPECIAL_TYPE,YES_IF_SUCCESS,
OLD_M3,3RCD__KTUFNOKKBVMGRW-UHFFFAOYSA-N__seed42,3RCD,KTUFNOKKBVMGRW-UHFFFAOYSA-N,SUCCESS,--,0.644533634,0.644533634,N/A_NO_SPECIAL_TYPE,YES_IF_SUCCESS,
OLD_M3,3RCD__KXDONFLNGBQLTN-WUXMJOGZSA-N__seed42,3RCD,KXDONFLNGBQLTN-WUXMJOGZSA-N,SUCCESS,--,0.854212999,0.854212999,N/A_NO_SPECIAL_TYPE,YES_IF_SUCCESS,
OLD_M3,3RCD__KXUBSQUYDKKQTR-UHFFFAOYSA-N__seed42,3RCD,KXUBSQUYDKKQTR-UHFFFAOYSA-N,SUCCESS,--,0.974545658,0.974545658,N/A_NO_SPECIAL_TYPE,YES_IF_SUCCESS,
OLD_M3,3RCD__LLVZBTWPGQVVLW-SNAWJCMRSA-N__seed42,3RCD,LLVZBTWPGQVVLW-SNAWJCMRSA-N,SUCCESS,--,0.958148956,0.958148956,N/A_NO_SPECIAL_TYPE,YES_IF_SUCCESS,
OLD_M3,3RCD__LREJPDVGVCQBEA-UHFFFAOYSA-N__seed42,3RCD,LREJPDVGVCQBEA-UHFFFAOYSA-N,SUCCESS,--,0.923921764,0.923921764,N/A_NO_SPECIAL_TYPE,YES_IF_SUCCESS,
OLD_M3,3RCD__LSPANGZZENHZNJ-UHFFFAOYSA-N__seed42,3RCD,LSPANGZZENHZNJ-UHFFFAOYSA-N,SUCCESS,--,0.893794119,0.893794119,N/A_NO_SPECIAL_TYPE,YES_IF_SUCCESS,
OLD_M3,3RCD__LSTSYXGQPRASQW-NSIKDUERSA-N__seed42,3RCD,LSTSYXGQPRASQW-NSIKDUERSA-N,SUCCESS,--,0.675266564,0.675266564,N/A_NO_SPECIAL_TYPE,YES_IF_SUCCESS,
OLD_M3,3RCD__LWORINFAHRPALE-UHFFFAOYSA-N__seed42,3RCD,LWORINFAHRPALE-UHFFFAOYSA-N,SUCCESS,--,0.860153079,0.860153079,N/A_NO_SPECIAL_TYPE,YES_IF_SUCCESS,
OLD_M3,3RCD__MGBJUGCCYZJVGR-QHCPKHFHSA-N__seed42,3RCD,MGBJUGCCYZJVGR-QHCPKHFHSA-N,SUCCESS,--,0.966410637,0.966410637,N/A_NO_SPECIAL_TYPE,YES_IF_SUCCESS,
OLD_M3,3RCD__MPYNTRISUCALTC-HXUWFJFHSA-N__seed42,3RCD,MPYNTRISUCALTC-HXUWFJFHSA-N,SUCCESS,--,0.952425241,0.952425241,N/A_NO_SPECIAL_TYPE,YES_IF_SUCCESS,
OLD_M3,3RCD__MSLIBSZZLAWHQM-UHFFFAOYSA-N__seed42,3RCD,MSLIBSZZLAWHQM-UHFFFAOYSA-N,SUCCESS,--,0.935635865,0.935635865,N/A_NO_SPECIAL_TYPE,YES_IF_SUCCESS,
OLD_M3,3RCD__MTSNDBYBIZSILH-UHFFFAOYSA-N__seed42,3RCD,MTSNDBYBIZSILH-UHFFFAOYSA-N,SUCCESS,--,0.962284446,0.962284446,N/A_NO_SPECIAL_TYPE,YES_IF_SUCCESS,
OLD_M3,3RCD__NAHITMMJENLIPQ-LMXLVEHLSA-N__seed42,3RCD,NAHITMMJENLIPQ-LMXLVEHLSA-N,SUCCESS,--,0.896121144,0.896121144,N/A_NO_SPECIAL_TYPE,YES_IF_SUCCESS,
OLD_M3,3RCD__NAUMQOWVCNOPGB-INIZCTEOSA-N__seed42,3RCD,NAUMQOWVCNOPGB-INIZCTEOSA-N,SUCCESS,--,0.566227078,0.566227078,N/A_NO_SPECIAL_TYPE,YES_IF_SUCCESS,
OLD_M3,3RCD__NGKDXIDMJWVNHU-UHFFFAOYSA-N__seed42,3RCD,NGKDXIDMJWVNHU-UHFFFAOYSA-N,SUCCESS,--,0.979227483,0.979227483,N/A_NO_SPECIAL_TYPE,YES_IF_SUCCESS,
OLD_M3,3RCD__NNFDRCGXLJTASH-UHFFFAOYSA-N__seed42,3RCD,NNFDRCGXLJTASH-UHFFFAOYSA-N,SUCCESS,--,0.147389561,0.147389561,N/A_NO_SPECIAL_TYPE,YES_IF_SUCCESS,
OLD_M3,3RCD__NRBHFTJDRVHSST-WTKPLQERSA-N__seed42,3RCD,NRBHFTJDRVHSST-WTKPLQERSA-N,SUCCESS,--,0.797296286,0.797296286,N/A_NO_SPECIAL_TYPE,YES_IF_SUCCESS,
OLD_M3,3RCD__NURBYSCFSBBMLZ-UHFFFAOYSA-N__seed42,3RCD,NURBYSCFSBBMLZ-UHFFFAOYSA-N,SUCCESS,--,0.91373235,0.91373235,N/A_NO_SPECIAL_TYPE,YES_IF_SUCCESS,
OLD_M3,3RCD__NWRYHCNPTDKBAI-FYYLOGMGSA-N__seed42,3RCD,NWRYHCNPTDKBAI-FYYLOGMGSA-N,SUCCESS,--,0.865432918,0.865432918,N/A_NO_SPECIAL_TYPE,YES_IF_SUCCESS,
OLD_M3,3RCD__OAVGBZOFDPFGPJ-UHFFFAOYSA-N__seed42,3RCD,OAVGBZOFDPFGPJ-UHFFFAOYSA-N,SUCCESS,--,0.720114887,0.720114887,N/A_NO_SPECIAL_TYPE,YES_IF_SUCCESS,
OLD_M3,3RCD__OLVBAUVSICCWEJ-UHFFFAOYSA-N__seed42,3RCD,OLVBAUVSICCWEJ-UHFFFAOYSA-N,SUCCESS,--,0.878740907,0.878740907,N/A_NO_SPECIAL_TYPE,YES_IF_SUCCESS,
OLD_M3,3RCD__OSHRLMBZRPMAQZ-UHFFFAOYSA-N__seed42,3RCD,OSHRLMBZRPMAQZ-UHFFFAOYSA-N,SUCCESS,--,0.64997983,0.64997983,N/A_NO_SPECIAL_TYPE,YES_IF_SUCCESS,
OLD_M3,3RCD__OSNPLDLPFDTALJ-UHFFFAOYSA-N__seed42,3RCD,OSNPLDLPFDTALJ-UHFFFAOYSA-N,SUCCESS,--,0.965753376,0.965753376,N/A_NO_SPECIAL_TYPE,YES_IF_SUCCESS,
OLD_M3,3RCD__PBDWKKSYCSLCRJ-UHFFFAOYSA-N__seed42,3RCD,PBDWKKSYCSLCRJ-UHFFFAOYSA-N,SUCCESS,--,0.944424748,0.944424748,N/A_NO_SPECIAL_TYPE,YES_IF_SUCCESS,
OLD_M3,3RCD__PJDCIIPPRINIGB-RMKNXTFCSA-N__seed42,3RCD,PJDCIIPPRINIGB-RMKNXTFCSA-N,SUCCESS,--,0.966641188,0.966641188,N/A_NO_SPECIAL_TYPE,YES_IF_SUCCESS,
OLD_M3,3RCD__PTKRHBXNNDLRPO-OAQYLSRUSA-N__seed42,3RCD,PTKRHBXNNDLRPO-OAQYLSRUSA-N,SUCCESS,--,0.95137918,0.95137918,N/A_NO_SPECIAL_TYPE,YES_IF_SUCCESS,
OLD_M3,3RCD__PWQAYVPGWSRNKH-UHFFFAOYSA-N__seed42,3RCD,PWQAYVPGWSRNKH-UHFFFAOYSA-N,SUCCESS,--,0.565520525,0.565520525,N/A_NO_SPECIAL_TYPE,YES_IF_SUCCESS,
OLD_M3,3RCD__PXBVPDIMCOILPS-UHFFFAOYSA-N__seed42,3RCD,PXBVPDIMCOILPS-UHFFFAOYSA-N,SUCCESS,--,0.717974901,0.717974901,N/A_NO_SPECIAL_TYPE,YES_IF_SUCCESS,
OLD_M3,3RCD__QDGDKZPMYPEBOC-RMKNXTFCSA-N__seed42,3RCD,QDGDKZPMYPEBOC-RMKNXTFCSA-N,SUCCESS,--,0.46702379,0.46702379,N/A_NO_SPECIAL_TYPE,YES_IF_SUCCESS,
OLD_M3,3RCD__QQGZOWNAHJAXCG-UHFFFAOYSA-N__seed42,3RCD,QQGZOWNAHJAXCG-UHFFFAOYSA-N,SUCCESS,--,0.426761836,0.426761836,N/A_NO_SPECIAL_TYPE,YES_IF_SUCCESS,
OLD_M3,3RCD__QQRLVNGJKMMEMW-POHAHGRESA-N__seed42,3RCD,QQRLVNGJKMMEMW-POHAHGRESA-N,SUCCESS,--,0.925181866,0.925181866,N/A_NO_SPECIAL_TYPE,YES_IF_SUCCESS,
OLD_M3,3RCD__RHKOFLSVENLYDP-LJQANCHMSA-N__seed42,3RCD,RHKOFLSVENLYDP-LJQANCHMSA-N,SUCCESS,--,0.98672998,0.98672998,N/A_NO_SPECIAL_TYPE,YES_IF_SUCCESS,
OLD_M3,3RCD__RHVQWSMLJGXEQH-BFSLETRISA-N__seed42,3RCD,RHVQWSMLJGXEQH-BFSLETRISA-N,SUCCESS,--,0.739163995,0.739163995,N/A_NO_SPECIAL_TYPE,YES_IF_SUCCESS,
OLD_M3,3RCD__RKUXMYUMMSWVGH-CPSHHHPTSA-N__seed42,3RCD,RKUXMYUMMSWVGH-CPSHHHPTSA-N,SUCCESS,--,0.737879872,0.737879872,N/A_NO_SPECIAL_TYPE,YES_IF_SUCCESS,
OLD_M3,3RCD__ROHJEIACUNTGFP-VWLOTQADSA-N__seed42,3RCD,ROHJEIACUNTGFP-VWLOTQADSA-N,SUCCESS,--,0.962788165,0.962788165,N/A_NO_SPECIAL_TYPE,YES_IF_SUCCESS,
OLD_M3,3RCD__SJCQYTOHJMCKJL-UHFFFAOYSA-N__seed42,3RCD,SJCQYTOHJMCKJL-UHFFFAOYSA-N,SUCCESS,--,0.949781656,0.949781656,N/A_NO_SPECIAL_TYPE,YES_IF_SUCCESS,
OLD_M3,3RCD__SKBWQUPLWQUWPH-WGSAOQKQSA-N__seed42,3RCD,SKBWQUPLWQUWPH-WGSAOQKQSA-N,SUCCESS,--,0.968626738,0.968626738,N/A_NO_SPECIAL_TYPE,YES_IF_SUCCESS,
OLD_M3,3RCD__SPDLQTAUFKKTCR-PMOLBWCYSA-N__seed42,3RCD,SPDLQTAUFKKTCR-PMOLBWCYSA-N,SUCCESS,--,0.816117465,0.816117465,N/A_NO_SPECIAL_TYPE,YES_IF_SUCCESS,
OLD_M3,3RCD__SQUSZMTZUQQFKO-UHFFFAOYSA-N__seed42,3RCD,SQUSZMTZUQQFKO-UHFFFAOYSA-N,SUCCESS,--,0.964920938,0.964920938,N/A_NO_SPECIAL_TYPE,YES_IF_SUCCESS,
OLD_M3,3RCD__SRUYMJRFVGLQDV-UHFFFAOYSA-N__seed42,3RCD,SRUYMJRFVGLQDV-UHFFFAOYSA-N,SUCCESS,--,0.561290741,0.561290741,N/A_NO_SPECIAL_TYPE,YES_IF_SUCCESS,
OLD_M3,3RCD__SSDFTYWIYVWCIE-KDURUIRLSA-N__seed42,3RCD,SSDFTYWIYVWCIE-KDURUIRLSA-N,SUCCESS,--,0.959115386,0.959115386,N/A_NO_SPECIAL_TYPE,YES_IF_SUCCESS,
OLD_M3,3RCD__SSNRTALFAXFKNE-UHFFFAOYSA-N__seed42,3RCD,SSNRTALFAXFKNE-UHFFFAOYSA-N,SUCCESS,--,0.937622666,0.937622666,N/A_NO_SPECIAL_TYPE,YES_IF_SUCCESS,
OLD_M3,3RCD__TUCIOBMMDDOEMM-RIYZIHGNSA-N__seed42,3RCD,TUCIOBMMDDOEMM-RIYZIHGNSA-N,SUCCESS,--,0.662472069,0.662472069,N/A_NO_SPECIAL_TYPE,YES_IF_SUCCESS,
OLD_M3,3RCD__TXZRYLZHQIMGPZ-UHFFFAOYSA-N__seed42,3RCD,TXZRYLZHQIMGPZ-UHFFFAOYSA-N,SUCCESS,--,0.653597474,0.653597474,N/A_NO_SPECIAL_TYPE,YES_IF_SUCCESS,
OLD_M3,3RCD__TYIJYIGEKOSLCM-UHFFFAOYSA-N__seed42,3RCD,TYIJYIGEKOSLCM-UHFFFAOYSA-N,SUCCESS,--,0.904958308,0.904958308,N/A_NO_SPECIAL_TYPE,YES_IF_SUCCESS,
OLD_M3,3RCD__UBEVQYMSHABHOM-UHFFFAOYSA-N__seed42,3RCD,UBEVQYMSHABHOM-UHFFFAOYSA-N,SUCCESS,--,0.681420624,0.681420624,N/A_NO_SPECIAL_TYPE,YES_IF_SUCCESS,
OLD_M3,3RCD__UBPYILGKFZZVDX-UHFFFAOYSA-N__seed42,3RCD,UBPYILGKFZZVDX-UHFFFAOYSA-N,SUCCESS,--,0.169717416,0.169717416,N/A_NO_SPECIAL_TYPE,YES_IF_SUCCESS,
OLD_M3,3RCD__UERCBPIXITWGQE-UHFFFAOYSA-N__seed42,3RCD,UERCBPIXITWGQE-UHFFFAOYSA-N,SUCCESS,--,0.571970463,0.571970463,N/A_NO_SPECIAL_TYPE,YES_IF_SUCCESS,
OLD_M3,3RCD__UHTHHESEBZOYNR-UHFFFAOYSA-N__seed42,3RCD,UHTHHESEBZOYNR-UHFFFAOYSA-N,SUCCESS,--,0.808243632,0.808243632,N/A_NO_SPECIAL_TYPE,YES_IF_SUCCESS,
OLD_M3,3RCD__ULHGAQSVFPOUDY-UHFFFAOYSA-N__seed42,3RCD,ULHGAQSVFPOUDY-UHFFFAOYSA-N,SUCCESS,--,0.421340972,0.421340972,N/A_NO_SPECIAL_TYPE,YES_IF_SUCCESS,
OLD_M3,3RCD__UMGQVUWXNOJOSJ-OQLLNIDSSA-N__seed42,3RCD,UMGQVUWXNOJOSJ-OQLLNIDSSA-N,SUCCESS,--,0.621957481,0.621957481,N/A_NO_SPECIAL_TYPE,YES_IF_SUCCESS,
OLD_M3,3RCD__UNTXLEZCEUSPFP-QNCXMEKNSA-N__seed42,3RCD,UNTXLEZCEUSPFP-QNCXMEKNSA-N,SUCCESS,--,0.779616237,0.779616237,N/A_NO_SPECIAL_TYPE,YES_IF_SUCCESS,
OLD_M3,3RCD__UOLDQEKGGZFSIN-UHFFFAOYSA-N__seed42,3RCD,UOLDQEKGGZFSIN-UHFFFAOYSA-N,SUCCESS,--,0.980541289,0.980541289,N/A_NO_SPECIAL_TYPE,YES_IF_SUCCESS,
OLD_M3,3RCD__UVCRUPLTNLNJDD-DEOSSOPVSA-N__seed42,3RCD,UVCRUPLTNLNJDD-DEOSSOPVSA-N,SUCCESS,--,0.931087732,0.931087732,N/A_NO_SPECIAL_TYPE,YES_IF_SUCCESS,
OLD_M3,3RCD__UYXYRAKKUCLNAF-GOSISDBHSA-N__seed42,3RCD,UYXYRAKKUCLNAF-GOSISDBHSA-N,SUCCESS,--,0.974483609,0.974483609,N/A_NO_SPECIAL_TYPE,YES_IF_SUCCESS,
OLD_M3,3RCD__VIANWBJPMVJZPN-UHFFFAOYSA-N__seed42,3RCD,VIANWBJPMVJZPN-UHFFFAOYSA-N,SUCCESS,--,0.541626871,0.541626871,N/A_NO_SPECIAL_TYPE,YES_IF_SUCCESS,
OLD_M3,3RCD__VNFPBHJOKIVQEB-UHFFFAOYSA-N__seed42,3RCD,VNFPBHJOKIVQEB-UHFFFAOYSA-N,SUCCESS,--,0.52141583,0.52141583,N/A_NO_SPECIAL_TYPE,YES_IF_SUCCESS,
OLD_M3,3RCD__VVORMAVELBPTAS-UHFFFAOYSA-N__seed42,3RCD,VVORMAVELBPTAS-UHFFFAOYSA-N,SUCCESS,--,0.968493104,0.968493104,N/A_NO_SPECIAL_TYPE,YES_IF_SUCCESS,
OLD_M3,3RCD__WMXPSZOEUWJJHU-VMPITWQZSA-N__seed42,3RCD,WMXPSZOEUWJJHU-VMPITWQZSA-N,SUCCESS,--,0.907310009,0.907310009,N/A_NO_SPECIAL_TYPE,YES_IF_SUCCESS,
OLD_M3,3RCD__WVWYBUKDEAJOCJ-UHFFFAOYSA-N__seed42,3RCD,WVWYBUKDEAJOCJ-UHFFFAOYSA-N,SUCCESS,--,0.712296605,0.712296605,N/A_NO_SPECIAL_TYPE,YES_IF_SUCCESS,
OLD_M3,3RCD__XAKLZFYPIQVZMO-UHFFFAOYSA-N__seed42,3RCD,XAKLZFYPIQVZMO-UHFFFAOYSA-N,SUCCESS,--,0.951887667,0.951887667,N/A_NO_SPECIAL_TYPE,YES_IF_SUCCESS,
OLD_M3,3RCD__XGGPNQWFYUZWNO-QGZVFWFLSA-N__seed42,3RCD,XGGPNQWFYUZWNO-QGZVFWFLSA-N,SUCCESS,--,0.960439861,0.960439861,N/A_NO_SPECIAL_TYPE,YES_IF_SUCCESS,
OLD_M3,3RCD__XIEDBRMNHVILCQ-UHFFFAOYSA-N__seed42,3RCD,XIEDBRMNHVILCQ-UHFFFAOYSA-N,SUCCESS,--,0.650515258,0.650515258,N/A_NO_SPECIAL_TYPE,YES_IF_SUCCESS,
OLD_M3,3RCD__XNXUDGXKTVZKLB-GOSISDBHSA-N__seed42,3RCD,XNXUDGXKTVZKLB-GOSISDBHSA-N,SUCCESS,--,0.981543422,0.981543422,N/A_NO_SPECIAL_TYPE,YES_IF_SUCCESS,
OLD_M3,3RCD__XQNBRKJAXBTZMN-UHFFFAOYSA-N__seed42,3RCD,XQNBRKJAXBTZMN-UHFFFAOYSA-N,SUCCESS,--,0.920601726,0.920601726,N/A_NO_SPECIAL_TYPE,YES_IF_SUCCESS,
OLD_M3,3RCD__XSFGXVBMHUSTNL-UHFFFAOYSA-N__seed42,3RCD,XSFGXVBMHUSTNL-UHFFFAOYSA-N,SUCCESS,--,0.963990927,0.963990927,N/A_NO_SPECIAL_TYPE,YES_IF_SUCCESS,
OLD_M3,3RCD__XYFPWWZEPKGCCK-GOSISDBHSA-N__seed42,3RCD,XYFPWWZEPKGCCK-GOSISDBHSA-N,SUCCESS,--,0.963796079,0.963796079,N/A_NO_SPECIAL_TYPE,YES_IF_SUCCESS,
OLD_M3,3RCD__YNGWGAYBPCOHHO-UHFFFAOYSA-N__seed42,3RCD,YNGWGAYBPCOHHO-UHFFFAOYSA-N,SUCCESS,--,0.551341891,0.551341891,N/A_NO_SPECIAL_TYPE,YES_IF_SUCCESS,
OLD_M3,3RCD__YZQDBWXUDUMPDB-UHFFFAOYSA-N__seed42,3RCD,YZQDBWXUDUMPDB-UHFFFAOYSA-N,SUCCESS,--,0.781367064,0.781367064,N/A_NO_SPECIAL_TYPE,YES_IF_SUCCESS,
OLD_M3,3RCD__ZCKGARDCKJFLRH-UHFFFAOYSA-N__seed42,3RCD,ZCKGARDCKJFLRH-UHFFFAOYSA-N,SUCCESS,--,0.954217494,0.954217494,N/A_NO_SPECIAL_TYPE,YES_IF_SUCCESS,
OLD_M3,3RCD__ZYQXEVJIFYIBHZ-UHFFFAOYSA-N__seed42,3RCD,ZYQXEVJIFYIBHZ-UHFFFAOYSA-N,SUCCESS,--,0.961624086,0.961624086,N/A_NO_SPECIAL_TYPE,YES_IF_SUCCESS,
OLD_M3,4BDS__ADEBPBSSDYVVLD-UHFFFAOYSA-N__seed42,4BDS,ADEBPBSSDYVVLD-UHFFFAOYSA-N,SUCCESS,--,0.769391179,0.769391179,N/A_NO_SPECIAL_TYPE,YES_IF_SUCCESS,
OLD_M3,4BDS__AIGIECZGNBILAQ-UHFFFAOYSA-N__seed42,4BDS,AIGIECZGNBILAQ-UHFFFAOYSA-N,SUCCESS,--,0.842449009,0.842449009,N/A_NO_SPECIAL_TYPE,YES_IF_SUCCESS,
OLD_M3,4BDS__AMMYGOHPPALBLV-UHFFFAOYSA-N__seed42,4BDS,AMMYGOHPPALBLV-UHFFFAOYSA-N,SUCCESS,--,0.746227384,0.746227384,N/A_NO_SPECIAL_TYPE,YES_IF_SUCCESS,
OLD_M3,4BDS__AQOBTKMEQOANSS-FEZSWGLMSA-N__seed42,4BDS,AQOBTKMEQOANSS-FEZSWGLMSA-N,SUCCESS,--,0.580583751,0.580583751,N/A_NO_SPECIAL_TYPE,YES_IF_SUCCESS,
OLD_M3,4BDS__ASUTZQLVASHGKV-JDFRZJQESA-N__seed42,4BDS,ASUTZQLVASHGKV-JDFRZJQESA-N,SUCCESS,--,0.861607552,0.861607552,M3_INPUT_TOPOLOGY_FAIL,NO_INVALID_INPUT_REPRESENTATION,
OLD_M3,4BDS__AXGABLVKANFJCV-UHFFFAOYSA-N__seed42,4BDS,AXGABLVKANFJCV-UHFFFAOYSA-N,SUCCESS,--,0.585644245,0.585644245,N/A_NO_SPECIAL_TYPE,YES_IF_SUCCESS,
OLD_M3,4BDS__AXSJTNLXZJWIFL-UHFFFAOYSA-N__seed42,4BDS,AXSJTNLXZJWIFL-UHFFFAOYSA-N,SUCCESS,--,0.952199876,0.952199876,N/A_NO_SPECIAL_TYPE,YES_IF_SUCCESS,
OLD_M3,4BDS__AYDVADIGEZQAHF-UHFFFAOYSA-N__seed42,4BDS,AYDVADIGEZQAHF-UHFFFAOYSA-N,SUCCESS,--,0.834976137,0.834976137,N/A_NO_SPECIAL_TYPE,YES_IF_SUCCESS,
OLD_M3,4BDS__BGDYVTQSRKFIJW-UHFFFAOYSA-N__seed42,4BDS,BGDYVTQSRKFIJW-UHFFFAOYSA-N,SUCCESS,--,0.745092571,0.745092571,N/A_NO_SPECIAL_TYPE,YES_IF_SUCCESS,
OLD_M3,4BDS__BUULUTGYNYYXCY-UHFFFAOYSA-N__seed42,4BDS,BUULUTGYNYYXCY-UHFFFAOYSA-N,SUCCESS,--,0.795332789,0.795332789,N/A_NO_SPECIAL_TYPE,YES_IF_SUCCESS,
OLD_M3,4BDS__CFFDQXIMLVONET-UHFFFAOYSA-N__seed42,4BDS,CFFDQXIMLVONET-UHFFFAOYSA-N,SUCCESS,--,0.913832068,0.913832068,N/A_NO_SPECIAL_TYPE,YES_IF_SUCCESS,
OLD_M3,4BDS__CSYVGFFWWUUSDU-UHFFFAOYSA-N__seed42,4BDS,CSYVGFFWWUUSDU-UHFFFAOYSA-N,SUCCESS,--,0.723938763,0.723938763,N/A_NO_SPECIAL_TYPE,YES_IF_SUCCESS,
OLD_M3,4BDS__CXJHSZNBWBHAQG-UHFFFAOYSA-N__seed42,4BDS,CXJHSZNBWBHAQG-UHFFFAOYSA-N,SUCCESS,--,0.769926727,0.769926727,N/A_NO_SPECIAL_TYPE,YES_IF_SUCCESS,
OLD_M3,4BDS__CXVRQICJWIZHEA-UHFFFAOYSA-N__seed42,4BDS,CXVRQICJWIZHEA-UHFFFAOYSA-N,SUCCESS,--,0.711345673,0.711345673,N/A_NO_SPECIAL_TYPE,YES_IF_SUCCESS,
OLD_M3,4BDS__DBUWWODVSCMGDY-IZZNHLLZSA-N__seed42,4BDS,DBUWWODVSCMGDY-IZZNHLLZSA-N,SUCCESS,--,0.811940908,0.811940908,N/A_NO_SPECIAL_TYPE,YES_IF_SUCCESS,
OLD_M3,4BDS__DEFMHIPKLZXSIY-UHFFFAOYSA-N__seed42,4BDS,DEFMHIPKLZXSIY-UHFFFAOYSA-N,SUCCESS,--,0.823323607,0.823323607,N/A_NO_SPECIAL_TYPE,YES_IF_SUCCESS,
OLD_M3,4BDS__DGIUFKOTVNGVKP-ZRDIBKRKSA-N__seed42,4BDS,DGIUFKOTVNGVKP-ZRDIBKRKSA-N,SUCCESS,--,0.514108241,0.514108241,N/A_NO_SPECIAL_TYPE,YES_IF_SUCCESS,
OLD_M3,4BDS__DHQHCSROVOIZIA-UHFFFAOYSA-N__seed42,4BDS,DHQHCSROVOIZIA-UHFFFAOYSA-N,SUCCESS,--,0.875895321,0.875895321,N/A_NO_SPECIAL_TYPE,YES_IF_SUCCESS,
OLD_M3,4BDS__DOKSDSNRXIBXCC-WYMLVPIESA-N__seed42,4BDS,DOKSDSNRXIBXCC-WYMLVPIESA-N,SUCCESS,--,0.519744277,0.519744277,N/A_NO_SPECIAL_TYPE,YES_IF_SUCCESS,
OLD_M3,4BDS__DULLYLROEIJODI-UHFFFAOYSA-N__seed42,4BDS,DULLYLROEIJODI-UHFFFAOYSA-N,SUCCESS,--,0.523852944,0.523852944,N/A_NO_SPECIAL_TYPE,YES_IF_SUCCESS,
OLD_M3,4BDS__DVLMIYJJISHOPY-UHFFFAOYSA-N__seed42,4BDS,DVLMIYJJISHOPY-UHFFFAOYSA-N,SUCCESS,--,0.923331439,0.923331439,N/A_NO_SPECIAL_TYPE,YES_IF_SUCCESS,
OLD_M3,4BDS__GAHQTUGIHSTVHS-UHFFFAOYSA-N__seed42,4BDS,GAHQTUGIHSTVHS-UHFFFAOYSA-N,SUCCESS,--,0.9401173,0.9401173,N/A_NO_SPECIAL_TYPE,YES_IF_SUCCESS,
OLD_M3,4BDS__GAIKGEKRGGHCMZ-UHFFFAOYSA-N__seed42,4BDS,GAIKGEKRGGHCMZ-UHFFFAOYSA-N,SUCCESS,--,0.764105797,0.764105797,M3_INPUT_TOPOLOGY_FAIL,NO_INVALID_INPUT_REPRESENTATION,
OLD_M3,4BDS__GEWSWDQRMYUYDV-UHFFFAOYSA-N__seed42,4BDS,GEWSWDQRMYUYDV-UHFFFAOYSA-N,SUCCESS,--,0.833512783,0.833512783,N/A_NO_SPECIAL_TYPE,YES_IF_SUCCESS,
OLD_M3,4BDS__GKGGPNXFKDZMQC-UHFFFAOYSA-N__seed42,4BDS,GKGGPNXFKDZMQC-UHFFFAOYSA-N,SUCCESS,--,0.627961695,0.627961695,N/A_NO_SPECIAL_TYPE,YES_IF_SUCCESS,
OLD_M3,4BDS__HASPOWFDQOETTJ-UHFFFAOYSA-N__seed42,4BDS,HASPOWFDQOETTJ-UHFFFAOYSA-N,SUCCESS,--,0.919581294,0.919581294,N/A_NO_SPECIAL_TYPE,YES_IF_SUCCESS,
OLD_M3,4BDS__HDAQKLAKMZNBQB-UHFFFAOYSA-N__seed42,4BDS,HDAQKLAKMZNBQB-UHFFFAOYSA-N,SUCCESS,--,0.471097231,0.471097231,N/A_NO_SPECIAL_TYPE,YES_IF_SUCCESS,
OLD_M3,4BDS__HHCYMSNTCQTAOH-UHFFFAOYSA-N__seed42,4BDS,HHCYMSNTCQTAOH-UHFFFAOYSA-N,SUCCESS,--,0.978015363,0.978015363,M3_INPUT_TOPOLOGY_FAIL,NO_INVALID_INPUT_REPRESENTATION,
OLD_M3,4BDS__HHOQFQNZGOWBHS-UHFFFAOYSA-N__seed42,4BDS,HHOQFQNZGOWBHS-UHFFFAOYSA-N,SUCCESS,--,0.734916806,0.734916806,M3_INPUT_TOPOLOGY_FAIL,NO_INVALID_INPUT_REPRESENTATION,
OLD_M3,4BDS__HWSORANVUWOHGI-ZCDUZLAESA-N__seed42,4BDS,HWSORANVUWOHGI-ZCDUZLAESA-N,SUCCESS,--,0.924282432,0.924282432,N/A_NO_SPECIAL_TYPE,YES_IF_SUCCESS,
OLD_M3,4BDS__HYWHYYQDFBRNJV-UHFFFAOYSA-N__seed42,4BDS,HYWHYYQDFBRNJV-UHFFFAOYSA-N,SUCCESS,--,0.809413254,0.809413254,N/A_NO_SPECIAL_TYPE,YES_IF_SUCCESS,
OLD_M3,4BDS__IINXCVBTZBRIPU-UHFFFAOYSA-N__seed42,4BDS,IINXCVBTZBRIPU-UHFFFAOYSA-N,SUCCESS,--,0.875217617,0.875217617,N/A_NO_SPECIAL_TYPE,YES_IF_SUCCESS,
OLD_M3,4BDS__IKMDFBPHZNJCSN-UHFFFAOYSA-N__seed42,4BDS,IKMDFBPHZNJCSN-UHFFFAOYSA-N,SUCCESS,--,0.763020456,0.763020456,N/A_NO_SPECIAL_TYPE,YES_IF_SUCCESS,
OLD_M3,4BDS__IWMNPLRLJRDNCG-UHFFFAOYSA-N__seed42,4BDS,IWMNPLRLJRDNCG-UHFFFAOYSA-N,SUCCESS,--,0.775130272,0.775130272,N/A_NO_SPECIAL_TYPE,YES_IF_SUCCESS,
OLD_M3,4BDS__IWQVOBYFNTVEOD-ACCUITESSA-N__seed42,4BDS,IWQVOBYFNTVEOD-ACCUITESSA-N,SUCCESS,--,0.690231979,0.690231979,N/A_NO_SPECIAL_TYPE,YES_IF_SUCCESS,
OLD_M3,4BDS__JIHVXAPKKMMRTK-UHFFFAOYSA-N__seed42,4BDS,JIHVXAPKKMMRTK-UHFFFAOYSA-N,SUCCESS,--,0.876931012,0.876931012,N/A_NO_SPECIAL_TYPE,YES_IF_SUCCESS,
OLD_M3,4BDS__JNKSAKWNXKWMIA-UHFFFAOYSA-N__seed42,4BDS,JNKSAKWNXKWMIA-UHFFFAOYSA-N,SUCCESS,--,0.866104186,0.866104186,N/A_NO_SPECIAL_TYPE,YES_IF_SUCCESS,
OLD_M3,4BDS__JNQCYAPDXOOPBU-SGOUQRLHSA-N__seed42,4BDS,JNQCYAPDXOOPBU-SGOUQRLHSA-N,SUCCESS,--,0.724148691,0.724148691,N/A_NO_SPECIAL_TYPE,YES_IF_SUCCESS,
OLD_M3,4BDS__JORCOHASOWOJOX-UHFFFAOYSA-N__seed42,4BDS,JORCOHASOWOJOX-UHFFFAOYSA-N,SUCCESS,--,0.927868009,0.927868009,N/A_NO_SPECIAL_TYPE,YES_IF_SUCCESS,
OLD_M3,4BDS__JPCDBTHAWPVJLV-UHFFFAOYSA-N__seed42,4BDS,JPCDBTHAWPVJLV-UHFFFAOYSA-N,SUCCESS,--,0.921237648,0.921237648,N/A_NO_SPECIAL_TYPE,YES_IF_SUCCESS,
OLD_M3,4BDS__JZMKNXICJRCGJX-PKOBYXMFSA-N__seed42,4BDS,JZMKNXICJRCGJX-PKOBYXMFSA-N,SUCCESS,--,0.852852046,0.852852046,N/A_NO_SPECIAL_TYPE,YES_IF_SUCCESS,
OLD_M3,4BDS__JZTYZCGIRWVERO-YUZLPWPTSA-N__seed42,4BDS,JZTYZCGIRWVERO-YUZLPWPTSA-N,SUCCESS,--,0.71982491,0.71982491,N/A_NO_SPECIAL_TYPE,YES_IF_SUCCESS,
OLD_M3,4BDS__KHBDHGUQOPEDSD-UHFFFAOYSA-N__seed42,4BDS,KHBDHGUQOPEDSD-UHFFFAOYSA-N,SUCCESS,--,0.379896671,0.379896671,N/A_NO_SPECIAL_TYPE,YES_IF_SUCCESS,
OLD_M3,4BDS__KISPTSIXDBWEIX-UHFFFAOYSA-N__seed42,4BDS,KISPTSIXDBWEIX-UHFFFAOYSA-N,SUCCESS,--,0.854354501,0.854354501,N/A_NO_SPECIAL_TYPE,YES_IF_SUCCESS,
OLD_M3,4BDS__LBTQKBBDVONGGY-LFVJCYFKSA-N__seed42,4BDS,LBTQKBBDVONGGY-LFVJCYFKSA-N,SUCCESS,--,0.477008462,0.477008462,N/A_NO_SPECIAL_TYPE,YES_IF_SUCCESS,
OLD_M3,4BDS__LCJXIGPIXIZELV-UHFFFAOYSA-N__seed42,4BDS,LCJXIGPIXIZELV-UHFFFAOYSA-N,SUCCESS,--,0.955953181,0.955953181,N/A_NO_SPECIAL_TYPE,YES_IF_SUCCESS,
OLD_M3,4BDS__LNSFUBYHUNTELH-UHFFFAOYSA-N__seed42,4BDS,LNSFUBYHUNTELH-UHFFFAOYSA-N,SUCCESS,--,0.907568932,0.907568932,N/A_NO_SPECIAL_TYPE,YES_IF_SUCCESS,
OLD_M3,4BDS__LVAPRXNJGUAWBC-FBMGVBCBSA-N__seed42,4BDS,LVAPRXNJGUAWBC-FBMGVBCBSA-N,SUCCESS,--,0.577871978,0.577871978,N/A_NO_SPECIAL_TYPE,YES_IF_SUCCESS,
OLD_M3,4BDS__LXCYBYBVIQAOJW-UHFFFAOYSA-N__seed42,4BDS,LXCYBYBVIQAOJW-UHFFFAOYSA-N,SUCCESS,--,0.837546587,0.837546587,N/A_NO_SPECIAL_TYPE,YES_IF_SUCCESS,
OLD_M3,4BDS__LZBQTJUASOHOGJ-XNTDXEJSSA-N__seed42,4BDS,LZBQTJUASOHOGJ-XNTDXEJSSA-N,SUCCESS,--,0.782946825,0.782946825,N/A_NO_SPECIAL_TYPE,YES_IF_SUCCESS,
OLD_M3,4BDS__LZKBTCQYBSXKFD-UHFFFAOYSA-N__seed42,4BDS,LZKBTCQYBSXKFD-UHFFFAOYSA-N,SUCCESS,--,0.844802558,0.844802558,N/A_NO_SPECIAL_TYPE,YES_IF_SUCCESS,
OLD_M3,4BDS__MBYLQCWDOYEQRA-PKOBYXMFSA-N__seed42,4BDS,MBYLQCWDOYEQRA-PKOBYXMFSA-N,SUCCESS,--,0.863602102,0.863602102,N/A_NO_SPECIAL_TYPE,YES_IF_SUCCESS,
OLD_M3,4BDS__MFSFKJAYNZMHEN-QWAKEFERSA-N__seed42,4BDS,MFSFKJAYNZMHEN-QWAKEFERSA-N,SUCCESS,--,0.877147734,0.877147734,N/A_NO_SPECIAL_TYPE,YES_IF_SUCCESS,
OLD_M3,4BDS__MFWCFENQSTYMSU-UHFFFAOYSA-N__seed42,4BDS,MFWCFENQSTYMSU-UHFFFAOYSA-N,SUCCESS,--,0.950706124,0.950706124,N/A_NO_SPECIAL_TYPE,YES_IF_SUCCESS,
OLD_M3,4BDS__MFZFTIAUXVYCFV-UHFFFAOYSA-N__seed42,4BDS,MFZFTIAUXVYCFV-UHFFFAOYSA-N,SUCCESS,--,0.797404051,0.797404051,N/A_NO_SPECIAL_TYPE,YES_IF_SUCCESS,
OLD_M3,4BDS__MJYHXFQKEQRPEC-UHFFFAOYSA-N__seed42,4BDS,MJYHXFQKEQRPEC-UHFFFAOYSA-N,SUCCESS,--,0.646984816,0.646984816,N/A_NO_SPECIAL_TYPE,YES_IF_SUCCESS,
OLD_M3,4BDS__MRPBGBKPCPJUTC-UHFFFAOYSA-N__seed42,4BDS,MRPBGBKPCPJUTC-UHFFFAOYSA-N,SUCCESS,--,0.82097429,0.82097429,N/A_NO_SPECIAL_TYPE,YES_IF_SUCCESS,
OLD_M3,4BDS__MWOWSIYESYQDJH-UHFFFAOYSA-N__seed42,4BDS,MWOWSIYESYQDJH-UHFFFAOYSA-N,SUCCESS,--,0.896765709,0.896765709,N/A_NO_SPECIAL_TYPE,YES_IF_SUCCESS,
OLD_M3,4BDS__MXYQBFFZAMEOHM-UHFFFAOYSA-N__seed42,4BDS,MXYQBFFZAMEOHM-UHFFFAOYSA-N,SUCCESS,--,0.828926861,0.828926861,N/A_NO_SPECIAL_TYPE,YES_IF_SUCCESS,
OLD_M3,4BDS__NLIRDIJPNPPVES-UHFFFAOYSA-N__seed42,4BDS,NLIRDIJPNPPVES-UHFFFAOYSA-N,SUCCESS,--,0.753758073,0.753758073,N/A_NO_SPECIAL_TYPE,YES_IF_SUCCESS,
OLD_M3,4BDS__NLUCFDWSIZAJOW-UHFFFAOYSA-N__seed42,4BDS,NLUCFDWSIZAJOW-UHFFFAOYSA-N,SUCCESS,--,0.870874405,0.870874405,N/A_NO_SPECIAL_TYPE,YES_IF_SUCCESS,
OLD_M3,4BDS__NPANUSRHFVUOKM-UNMCSNQZSA-N__seed42,4BDS,NPANUSRHFVUOKM-UNMCSNQZSA-N,SUCCESS,--,0.902873456,0.902873456,N/A_NO_SPECIAL_TYPE,YES_IF_SUCCESS,
OLD_M3,4BDS__NPHIQFCGKIKGSA-YQOHNZFASA-N__seed42,4BDS,NPHIQFCGKIKGSA-YQOHNZFASA-N,TIMEOUT,,,,N/A_NO_SPECIAL_TYPE,NO_TIMEOUT,
OLD_M3,4BDS__NYVBQRTTYHHRCD-UHFFFAOYSA-N__seed42,4BDS,NYVBQRTTYHHRCD-UHFFFAOYSA-N,SUCCESS,--,0.737295747,0.737295747,N/A_NO_SPECIAL_TYPE,YES_IF_SUCCESS,
OLD_M3,4BDS__OUEIMIQGMDJTQI-UHFFFAOYSA-N__seed42,4BDS,OUEIMIQGMDJTQI-UHFFFAOYSA-N,SUCCESS,--,0.703696132,0.703696132,N/A_NO_SPECIAL_TYPE,YES_IF_SUCCESS,
OLD_M3,4BDS__PBCGIIRIOLOMJH-UHFFFAOYSA-N__seed42,4BDS,PBCGIIRIOLOMJH-UHFFFAOYSA-N,SUCCESS,--,0.93735218,0.93735218,N/A_NO_SPECIAL_TYPE,YES_IF_SUCCESS,
OLD_M3,4BDS__PPSVTOJQRIASNE-UHFFFAOYSA-N__seed42,4BDS,PPSVTOJQRIASNE-UHFFFAOYSA-N,SUCCESS,--,0.773162067,0.773162067,N/A_NO_SPECIAL_TYPE,YES_IF_SUCCESS,
OLD_M3,4BDS__PRXIEXWZIFEMSH-UHFFFAOYSA-N__seed42,4BDS,PRXIEXWZIFEMSH-UHFFFAOYSA-N,SUCCESS,--,0.605829298,0.605829298,N/A_NO_SPECIAL_TYPE,YES_IF_SUCCESS,
OLD_M3,4BDS__PRZIVMZUOGFQQX-UHFFFAOYSA-N__seed42,4BDS,PRZIVMZUOGFQQX-UHFFFAOYSA-N,SUCCESS,--,0.94969672,0.94969672,N/A_NO_SPECIAL_TYPE,YES_IF_SUCCESS,
OLD_M3,4BDS__PSJHEFSSEIFFSU-UHFFFAOYSA-N__seed42,4BDS,PSJHEFSSEIFFSU-UHFFFAOYSA-N,SUCCESS,--,0.908020556,0.908020556,N/A_NO_SPECIAL_TYPE,YES_IF_SUCCESS,
OLD_M3,4BDS__PVAHNJQQAFBHBW-UHFFFAOYSA-N__seed42,4BDS,PVAHNJQQAFBHBW-UHFFFAOYSA-N,SUCCESS,--,0.869884849,0.869884849,N/A_NO_SPECIAL_TYPE,YES_IF_SUCCESS,
OLD_M3,4BDS__PVKAOBUBUDQDRR-UHFFFAOYSA-N__seed42,4BDS,PVKAOBUBUDQDRR-UHFFFAOYSA-N,SUCCESS,--,0.902145684,0.902145684,N/A_NO_SPECIAL_TYPE,YES_IF_SUCCESS,
OLD_M3,4BDS__QDZBIUGFNUHGNM-UHFFFAOYSA-N__seed42,4BDS,QDZBIUGFNUHGNM-UHFFFAOYSA-N,SUCCESS,--,0.839617729,0.839617729,N/A_NO_SPECIAL_TYPE,YES_IF_SUCCESS,
OLD_M3,4BDS__RHZKAWSSJKSGEO-UHFFFAOYSA-N__seed42,4BDS,RHZKAWSSJKSGEO-UHFFFAOYSA-N,SUCCESS,--,0.754751921,0.754751921,N/A_NO_SPECIAL_TYPE,YES_IF_SUCCESS,
OLD_M3,4BDS__RVBIUDMTBMMGLC-UHFFFAOYSA-N__seed42,4BDS,RVBIUDMTBMMGLC-UHFFFAOYSA-N,SUCCESS,--,0.626755416,0.626755416,N/A_NO_SPECIAL_TYPE,YES_IF_SUCCESS,
OLD_M3,4BDS__RYFYERZCXQBRAD-UHFFFAOYSA-N__seed42,4BDS,RYFYERZCXQBRAD-UHFFFAOYSA-N,SUCCESS,--,0.886432588,0.886432588,M3_INPUT_TOPOLOGY_FAIL,NO_INVALID_INPUT_REPRESENTATION,
OLD_M3,4BDS__SDHJEPJJARZDKU-UHFFFAOYSA-N__seed42,4BDS,SDHJEPJJARZDKU-UHFFFAOYSA-N,SUCCESS,--,0.923801124,0.923801124,M3_INPUT_TOPOLOGY_FAIL,NO_INVALID_INPUT_REPRESENTATION,
OLD_M3,4BDS__SUHPILVZBHLWBS-UHFFFAOYSA-N__seed42,4BDS,SUHPILVZBHLWBS-UHFFFAOYSA-N,SUCCESS,--,0.784811258,0.784811258,N/A_NO_SPECIAL_TYPE,YES_IF_SUCCESS,
OLD_M3,4BDS__SZOBDUWPNZYVFT-UHFFFAOYSA-N__seed42,4BDS,SZOBDUWPNZYVFT-UHFFFAOYSA-N,SUCCESS,--,0.896478117,0.896478117,N/A_NO_SPECIAL_TYPE,YES_IF_SUCCESS,
OLD_M3,4BDS__SZUGHTGZLWHQJO-UHFFFAOYSA-N__seed42,4BDS,SZUGHTGZLWHQJO-UHFFFAOYSA-N,SUCCESS,--,0.596987247,0.596987247,N/A_NO_SPECIAL_TYPE,YES_IF_SUCCESS,
OLD_M3,4BDS__TYNDGSBNGKLNDC-UHFFFAOYSA-N__seed42,4BDS,TYNDGSBNGKLNDC-UHFFFAOYSA-N,SUCCESS,--,0.91669023,0.91669023,N/A_NO_SPECIAL_TYPE,YES_IF_SUCCESS,
OLD_M3,4BDS__TZUVDPNIKKXCNG-ZRDIBKRKSA-N__seed42,4BDS,TZUVDPNIKKXCNG-ZRDIBKRKSA-N,SUCCESS,--,0.813452125,0.813452125,N/A_NO_SPECIAL_TYPE,YES_IF_SUCCESS,
OLD_M3,4BDS__UHBNUHALRRHSEI-UHFFFAOYSA-N__seed42,4BDS,UHBNUHALRRHSEI-UHFFFAOYSA-N,SUCCESS,--,0.704238236,0.704238236,N/A_NO_SPECIAL_TYPE,YES_IF_SUCCESS,
OLD_M3,4BDS__UKFCIGJAJAIROZ-UHFFFAOYSA-N__seed42,4BDS,UKFCIGJAJAIROZ-UHFFFAOYSA-N,SUCCESS,--,0.867268085,0.867268085,N/A_NO_SPECIAL_TYPE,YES_IF_SUCCESS,
OLD_M3,4BDS__UUXMKUDVTHMKFM-UHFFFAOYSA-N__seed42,4BDS,UUXMKUDVTHMKFM-UHFFFAOYSA-N,SUCCESS,--,0.778350174,0.778350174,N/A_NO_SPECIAL_TYPE,YES_IF_SUCCESS,
OLD_M3,4BDS__VVVCUWUORGMTNG-UHFFFAOYSA-N__seed42,4BDS,VVVCUWUORGMTNG-UHFFFAOYSA-N,SUCCESS,--,0.565414131,0.565414131,N/A_NO_SPECIAL_TYPE,YES_IF_SUCCESS,
OLD_M3,4BDS__WCBPBBFIAODRLI-AWUJJIRRSA-N__seed42,4BDS,WCBPBBFIAODRLI-AWUJJIRRSA-N,SUCCESS,--,0.864896715,0.864896715,N/A_NO_SPECIAL_TYPE,YES_IF_SUCCESS,
OLD_M3,4BDS__WELYXMQWLDVBEU-UHFFFAOYSA-N__seed42,4BDS,WELYXMQWLDVBEU-UHFFFAOYSA-N,SUCCESS,--,0.821168721,0.821168721,N/A_NO_SPECIAL_TYPE,YES_IF_SUCCESS,
OLD_M3,4BDS__WKDFOVDLOVYRAJ-JDXGNMNLSA-N__seed42,4BDS,WKDFOVDLOVYRAJ-JDXGNMNLSA-N,SUCCESS,--,0.720955074,0.720955074,N/A_NO_SPECIAL_TYPE,YES_IF_SUCCESS,
OLD_M3,4BDS__WUQZNYSVERYXKI-UHFFFAOYSA-N__seed42,4BDS,WUQZNYSVERYXKI-UHFFFAOYSA-N,SUCCESS,--,0.543882668,0.543882668,N/A_NO_SPECIAL_TYPE,YES_IF_SUCCESS,
OLD_M3,4BDS__WWRDYDFXVYAZAG-UHFFFAOYSA-N__seed42,4BDS,WWRDYDFXVYAZAG-UHFFFAOYSA-N,SUCCESS,--,0.94090277,0.94090277,N/A_NO_SPECIAL_TYPE,YES_IF_SUCCESS,
OLD_M3,4BDS__XYJPAVSBBNRJDP-UHFFFAOYSA-N__seed42,4BDS,XYJPAVSBBNRJDP-UHFFFAOYSA-N,SUCCESS,--,0.762408793,0.762408793,N/A_NO_SPECIAL_TYPE,YES_IF_SUCCESS,
OLD_M3,4BDS__YBILVISNRAVIPV-UHFFFAOYSA-N__seed42,4BDS,YBILVISNRAVIPV-UHFFFAOYSA-N,SUCCESS,--,0.768727601,0.768727601,N/A_NO_SPECIAL_TYPE,YES_IF_SUCCESS,
OLD_M3,4BDS__YEUHJVFRRWHHMS-INKHBPHZSA-N__seed42,4BDS,YEUHJVFRRWHHMS-INKHBPHZSA-N,SUCCESS,--,0.641198695,0.641198695,N/A_NO_SPECIAL_TYPE,YES_IF_SUCCESS,
OLD_M3,4BDS__YWNNZVOAUVSVFF-UHFFFAOYSA-N__seed42,4BDS,YWNNZVOAUVSVFF-UHFFFAOYSA-N,SUCCESS,--,0.714698255,0.714698255,N/A_NO_SPECIAL_TYPE,YES_IF_SUCCESS,
OLD_M3,4BDS__ZAOLYIRFSLIUAV-UHFFFAOYSA-N__seed42,4BDS,ZAOLYIRFSLIUAV-UHFFFAOYSA-N,SUCCESS,--,0.931831717,0.931831717,N/A_NO_SPECIAL_TYPE,YES_IF_SUCCESS,
OLD_M3,4BDS__ZKOHODJSCICEFD-UHFFFAOYSA-N__seed42,4BDS,ZKOHODJSCICEFD-UHFFFAOYSA-N,SUCCESS,--,0.67361474,0.67361474,N/A_NO_SPECIAL_TYPE,YES_IF_SUCCESS,
OLD_M3,4BDS__ZMBLKJNXJLBMMG-SGEDCAFJSA-N__seed42,4BDS,ZMBLKJNXJLBMMG-SGEDCAFJSA-N,SUCCESS,--,0.792312801,0.792312801,N/A_NO_SPECIAL_TYPE,YES_IF_SUCCESS,
OLD_M3,4BDS__ZWIYUBCAUDUSLA-JQIJEIRASA-N__seed42,4BDS,ZWIYUBCAUDUSLA-JQIJEIRASA-N,SUCCESS,--,0.820634842,0.820634842,N/A_NO_SPECIAL_TYPE,YES_IF_SUCCESS,
OLD_M3,4EY7__ADEBPBSSDYVVLD-UHFFFAOYSA-N__seed42,4EY7,ADEBPBSSDYVVLD-UHFFFAOYSA-N,SUCCESS,--,0.97886014,0.97886014,N/A_NO_SPECIAL_TYPE,YES_IF_SUCCESS,
OLD_M3,4EY7__AIGIECZGNBILAQ-UHFFFAOYSA-N__seed42,4EY7,AIGIECZGNBILAQ-UHFFFAOYSA-N,SUCCESS,--,0.839572728,0.839572728,N/A_NO_SPECIAL_TYPE,YES_IF_SUCCESS,
OLD_M3,4EY7__AMMYGOHPPALBLV-UHFFFAOYSA-N__seed42,4EY7,AMMYGOHPPALBLV-UHFFFAOYSA-N,SUCCESS,--,0.869843066,0.869843066,N/A_NO_SPECIAL_TYPE,YES_IF_SUCCESS,
OLD_M3,4EY7__AQOBTKMEQOANSS-FEZSWGLMSA-N__seed42,4EY7,AQOBTKMEQOANSS-FEZSWGLMSA-N,SUCCESS,--,0.759127557,0.759127557,N/A_NO_SPECIAL_TYPE,YES_IF_SUCCESS,
OLD_M3,4EY7__ASUTZQLVASHGKV-JDFRZJQESA-N__seed42,4EY7,ASUTZQLVASHGKV-JDFRZJQESA-N,SUCCESS,--,0.981282175,0.981282175,M3_INPUT_TOPOLOGY_FAIL,NO_INVALID_INPUT_REPRESENTATION,
OLD_M3,4EY7__AXGABLVKANFJCV-UHFFFAOYSA-N__seed42,4EY7,AXGABLVKANFJCV-UHFFFAOYSA-N,SUCCESS,--,0.910945952,0.910945952,N/A_NO_SPECIAL_TYPE,YES_IF_SUCCESS,
OLD_M3,4EY7__AXSJTNLXZJWIFL-UHFFFAOYSA-N__seed42,4EY7,AXSJTNLXZJWIFL-UHFFFAOYSA-N,SUCCESS,--,0.820264637,0.820264637,N/A_NO_SPECIAL_TYPE,YES_IF_SUCCESS,
OLD_M3,4EY7__AYDVADIGEZQAHF-UHFFFAOYSA-N__seed42,4EY7,AYDVADIGEZQAHF-UHFFFAOYSA-N,SUCCESS,--,0.738932431,0.738932431,N/A_NO_SPECIAL_TYPE,YES_IF_SUCCESS,
OLD_M3,4EY7__BGDYVTQSRKFIJW-UHFFFAOYSA-N__seed42,4EY7,BGDYVTQSRKFIJW-UHFFFAOYSA-N,SUCCESS,--,0.794285953,0.794285953,N/A_NO_SPECIAL_TYPE,YES_IF_SUCCESS,
OLD_M3,4EY7__BUULUTGYNYYXCY-UHFFFAOYSA-N__seed42,4EY7,BUULUTGYNYYXCY-UHFFFAOYSA-N,SUCCESS,--,0.665568769,0.665568769,N/A_NO_SPECIAL_TYPE,YES_IF_SUCCESS,
OLD_M3,4EY7__CFFDQXIMLVONET-UHFFFAOYSA-N__seed42,4EY7,CFFDQXIMLVONET-UHFFFAOYSA-N,SUCCESS,--,0.683467746,0.683467746,N/A_NO_SPECIAL_TYPE,YES_IF_SUCCESS,
OLD_M3,4EY7__CSYVGFFWWUUSDU-UHFFFAOYSA-N__seed42,4EY7,CSYVGFFWWUUSDU-UHFFFAOYSA-N,SUCCESS,--,0.93845129,0.93845129,N/A_NO_SPECIAL_TYPE,YES_IF_SUCCESS,
OLD_M3,4EY7__CXJHSZNBWBHAQG-UHFFFAOYSA-N__seed42,4EY7,CXJHSZNBWBHAQG-UHFFFAOYSA-N,SUCCESS,--,0.88268733,0.88268733,N/A_NO_SPECIAL_TYPE,YES_IF_SUCCESS,
OLD_M3,4EY7__CXVRQICJWIZHEA-UHFFFAOYSA-N__seed42,4EY7,CXVRQICJWIZHEA-UHFFFAOYSA-N,SUCCESS,--,0.914008319,0.914008319,N/A_NO_SPECIAL_TYPE,YES_IF_SUCCESS,
OLD_M3,4EY7__DBUWWODVSCMGDY-IZZNHLLZSA-N__seed42,4EY7,DBUWWODVSCMGDY-IZZNHLLZSA-N,SUCCESS,--,0.35180974,0.35180974,N/A_NO_SPECIAL_TYPE,YES_IF_SUCCESS,
OLD_M3,4EY7__DEFMHIPKLZXSIY-UHFFFAOYSA-N__seed42,4EY7,DEFMHIPKLZXSIY-UHFFFAOYSA-N,SUCCESS,--,0.868460774,0.868460774,N/A_NO_SPECIAL_TYPE,YES_IF_SUCCESS,
OLD_M3,4EY7__DGIUFKOTVNGVKP-ZRDIBKRKSA-N__seed42,4EY7,DGIUFKOTVNGVKP-ZRDIBKRKSA-N,SUCCESS,--,0.790486753,0.790486753,N/A_NO_SPECIAL_TYPE,YES_IF_SUCCESS,
OLD_M3,4EY7__DHQHCSROVOIZIA-UHFFFAOYSA-N__seed42,4EY7,DHQHCSROVOIZIA-UHFFFAOYSA-N,SUCCESS,--,0.568623602,0.568623602,N/A_NO_SPECIAL_TYPE,YES_IF_SUCCESS,
OLD_M3,4EY7__DOKSDSNRXIBXCC-WYMLVPIESA-N__seed42,4EY7,DOKSDSNRXIBXCC-WYMLVPIESA-N,SUCCESS,--,0.886827052,0.886827052,N/A_NO_SPECIAL_TYPE,YES_IF_SUCCESS,
OLD_M3,4EY7__DULLYLROEIJODI-UHFFFAOYSA-N__seed42,4EY7,DULLYLROEIJODI-UHFFFAOYSA-N,SUCCESS,--,0.787153542,0.787153542,N/A_NO_SPECIAL_TYPE,YES_IF_SUCCESS,
OLD_M3,4EY7__DVLMIYJJISHOPY-UHFFFAOYSA-N__seed42,4EY7,DVLMIYJJISHOPY-UHFFFAOYSA-N,SUCCESS,--,0.897380292,0.897380292,N/A_NO_SPECIAL_TYPE,YES_IF_SUCCESS,
OLD_M3,4EY7__GAHQTUGIHSTVHS-UHFFFAOYSA-N__seed42,4EY7,GAHQTUGIHSTVHS-UHFFFAOYSA-N,SUCCESS,--,0.754266441,0.754266441,N/A_NO_SPECIAL_TYPE,YES_IF_SUCCESS,
OLD_M3,4EY7__GAIKGEKRGGHCMZ-UHFFFAOYSA-N__seed42,4EY7,GAIKGEKRGGHCMZ-UHFFFAOYSA-N,SUCCESS,--,0.702858567,0.702858567,M3_INPUT_TOPOLOGY_FAIL,NO_INVALID_INPUT_REPRESENTATION,
OLD_M3,4EY7__GEWSWDQRMYUYDV-UHFFFAOYSA-N__seed42,4EY7,GEWSWDQRMYUYDV-UHFFFAOYSA-N,SUCCESS,--,0.603448868,0.603448868,N/A_NO_SPECIAL_TYPE,YES_IF_SUCCESS,
OLD_M3,4EY7__GKGGPNXFKDZMQC-UHFFFAOYSA-N__seed42,4EY7,GKGGPNXFKDZMQC-UHFFFAOYSA-N,SUCCESS,--,0.907047391,0.907047391,N/A_NO_SPECIAL_TYPE,YES_IF_SUCCESS,
OLD_M3,4EY7__HASPOWFDQOETTJ-UHFFFAOYSA-N__seed42,4EY7,HASPOWFDQOETTJ-UHFFFAOYSA-N,SUCCESS,--,0.931603193,0.931603193,N/A_NO_SPECIAL_TYPE,YES_IF_SUCCESS,
OLD_M3,4EY7__HDAQKLAKMZNBQB-UHFFFAOYSA-N__seed42,4EY7,HDAQKLAKMZNBQB-UHFFFAOYSA-N,SUCCESS,--,0.613683164,0.613683164,N/A_NO_SPECIAL_TYPE,YES_IF_SUCCESS,
OLD_M3,4EY7__HHCYMSNTCQTAOH-UHFFFAOYSA-N__seed42,4EY7,HHCYMSNTCQTAOH-UHFFFAOYSA-N,SUCCESS,--,0.690415859,0.690415859,M3_INPUT_TOPOLOGY_FAIL,NO_INVALID_INPUT_REPRESENTATION,
OLD_M3,4EY7__HHOQFQNZGOWBHS-UHFFFAOYSA-N__seed42,4EY7,HHOQFQNZGOWBHS-UHFFFAOYSA-N,SUCCESS,--,0.746976316,0.746976316,M3_INPUT_TOPOLOGY_FAIL,NO_INVALID_INPUT_REPRESENTATION,
OLD_M3,4EY7__HWSORANVUWOHGI-ZCDUZLAESA-N__seed42,4EY7,HWSORANVUWOHGI-ZCDUZLAESA-N,SUCCESS,--,0.76316303,0.76316303,N/A_NO_SPECIAL_TYPE,YES_IF_SUCCESS,
OLD_M3,4EY7__HYWHYYQDFBRNJV-UHFFFAOYSA-N__seed42,4EY7,HYWHYYQDFBRNJV-UHFFFAOYSA-N,SUCCESS,--,0.42407763,0.42407763,N/A_NO_SPECIAL_TYPE,YES_IF_SUCCESS,
OLD_M3,4EY7__IINXCVBTZBRIPU-UHFFFAOYSA-N__seed42,4EY7,IINXCVBTZBRIPU-UHFFFAOYSA-N,SUCCESS,--,0.560959399,0.560959399,N/A_NO_SPECIAL_TYPE,YES_IF_SUCCESS,
OLD_M3,4EY7__IKMDFBPHZNJCSN-UHFFFAOYSA-N__seed42,4EY7,IKMDFBPHZNJCSN-UHFFFAOYSA-N,SUCCESS,--,0.662766099,0.662766099,N/A_NO_SPECIAL_TYPE,YES_IF_SUCCESS,
OLD_M3,4EY7__IWMNPLRLJRDNCG-UHFFFAOYSA-N__seed42,4EY7,IWMNPLRLJRDNCG-UHFFFAOYSA-N,SUCCESS,--,0.944316566,0.944316566,N/A_NO_SPECIAL_TYPE,YES_IF_SUCCESS,
OLD_M3,4EY7__IWQVOBYFNTVEOD-ACCUITESSA-N__seed42,4EY7,IWQVOBYFNTVEOD-ACCUITESSA-N,SUCCESS,--,0.878192484,0.878192484,N/A_NO_SPECIAL_TYPE,YES_IF_SUCCESS,
OLD_M3,4EY7__JIHVXAPKKMMRTK-UHFFFAOYSA-N__seed42,4EY7,JIHVXAPKKMMRTK-UHFFFAOYSA-N,SUCCESS,--,0.928222537,0.928222537,N/A_NO_SPECIAL_TYPE,YES_IF_SUCCESS,
OLD_M3,4EY7__JNKSAKWNXKWMIA-UHFFFAOYSA-N__seed42,4EY7,JNKSAKWNXKWMIA-UHFFFAOYSA-N,SUCCESS,--,0.686892331,0.686892331,N/A_NO_SPECIAL_TYPE,YES_IF_SUCCESS,
OLD_M3,4EY7__JNQCYAPDXOOPBU-SGOUQRLHSA-N__seed42,4EY7,JNQCYAPDXOOPBU-SGOUQRLHSA-N,SUCCESS,--,0.733053207,0.733053207,N/A_NO_SPECIAL_TYPE,YES_IF_SUCCESS,
OLD_M3,4EY7__JORCOHASOWOJOX-UHFFFAOYSA-N__seed42,4EY7,JORCOHASOWOJOX-UHFFFAOYSA-N,SUCCESS,--,0.546557605,0.546557605,N/A_NO_SPECIAL_TYPE,YES_IF_SUCCESS,
OLD_M3,4EY7__JPCDBTHAWPVJLV-UHFFFAOYSA-N__seed42,4EY7,JPCDBTHAWPVJLV-UHFFFAOYSA-N,SUCCESS,--,0.914076686,0.914076686,N/A_NO_SPECIAL_TYPE,YES_IF_SUCCESS,
OLD_M3,4EY7__JZMKNXICJRCGJX-PKOBYXMFSA-N__seed42,4EY7,JZMKNXICJRCGJX-PKOBYXMFSA-N,SUCCESS,--,0.887329638,0.887329638,N/A_NO_SPECIAL_TYPE,YES_IF_SUCCESS,
OLD_M3,4EY7__JZTYZCGIRWVERO-YUZLPWPTSA-N__seed42,4EY7,JZTYZCGIRWVERO-YUZLPWPTSA-N,SUCCESS,--,0.815094411,0.815094411,N/A_NO_SPECIAL_TYPE,YES_IF_SUCCESS,
OLD_M3,4EY7__KHBDHGUQOPEDSD-UHFFFAOYSA-N__seed42,4EY7,KHBDHGUQOPEDSD-UHFFFAOYSA-N,SUCCESS,--,0.590346396,0.590346396,N/A_NO_SPECIAL_TYPE,YES_IF_SUCCESS,
OLD_M3,4EY7__KISPTSIXDBWEIX-UHFFFAOYSA-N__seed42,4EY7,KISPTSIXDBWEIX-UHFFFAOYSA-N,SUCCESS,--,0.843327999,0.843327999,N/A_NO_SPECIAL_TYPE,YES_IF_SUCCESS,
OLD_M3,4EY7__LBTQKBBDVONGGY-LFVJCYFKSA-N__seed42,4EY7,LBTQKBBDVONGGY-LFVJCYFKSA-N,SUCCESS,--,0.900869012,0.900869012,N/A_NO_SPECIAL_TYPE,YES_IF_SUCCESS,
OLD_M3,4EY7__LCJXIGPIXIZELV-UHFFFAOYSA-N__seed42,4EY7,LCJXIGPIXIZELV-UHFFFAOYSA-N,SUCCESS,--,0.920717716,0.920717716,N/A_NO_SPECIAL_TYPE,YES_IF_SUCCESS,
OLD_M3,4EY7__LNSFUBYHUNTELH-UHFFFAOYSA-N__seed42,4EY7,LNSFUBYHUNTELH-UHFFFAOYSA-N,SUCCESS,--,0.926448584,0.926448584,N/A_NO_SPECIAL_TYPE,YES_IF_SUCCESS,
OLD_M3,4EY7__LVAPRXNJGUAWBC-FBMGVBCBSA-N__seed42,4EY7,LVAPRXNJGUAWBC-FBMGVBCBSA-N,SUCCESS,--,0.705031931,0.705031931,N/A_NO_SPECIAL_TYPE,YES_IF_SUCCESS,
OLD_M3,4EY7__LXCYBYBVIQAOJW-UHFFFAOYSA-N__seed42,4EY7,LXCYBYBVIQAOJW-UHFFFAOYSA-N,SUCCESS,--,0.870599926,0.870599926,N/A_NO_SPECIAL_TYPE,YES_IF_SUCCESS,
OLD_M3,4EY7__LZBQTJUASOHOGJ-XNTDXEJSSA-N__seed42,4EY7,LZBQTJUASOHOGJ-XNTDXEJSSA-N,SUCCESS,--,0.928286791,0.928286791,N/A_NO_SPECIAL_TYPE,YES_IF_SUCCESS,
OLD_M3,4EY7__LZKBTCQYBSXKFD-UHFFFAOYSA-N__seed42,4EY7,LZKBTCQYBSXKFD-UHFFFAOYSA-N,SUCCESS,--,0.933820367,0.933820367,N/A_NO_SPECIAL_TYPE,YES_IF_SUCCESS,
OLD_M3,4EY7__MBYLQCWDOYEQRA-PKOBYXMFSA-N__seed42,4EY7,MBYLQCWDOYEQRA-PKOBYXMFSA-N,SUCCESS,--,0.919407248,0.919407248,N/A_NO_SPECIAL_TYPE,YES_IF_SUCCESS,
OLD_M3,4EY7__MFSFKJAYNZMHEN-QWAKEFERSA-N__seed42,4EY7,MFSFKJAYNZMHEN-QWAKEFERSA-N,SUCCESS,--,0.913030028,0.913030028,N/A_NO_SPECIAL_TYPE,YES_IF_SUCCESS,
OLD_M3,4EY7__MFWCFENQSTYMSU-UHFFFAOYSA-N__seed42,4EY7,MFWCFENQSTYMSU-UHFFFAOYSA-N,SUCCESS,--,0.861053646,0.861053646,N/A_NO_SPECIAL_TYPE,YES_IF_SUCCESS,
OLD_M3,4EY7__MFZFTIAUXVYCFV-UHFFFAOYSA-N__seed42,4EY7,MFZFTIAUXVYCFV-UHFFFAOYSA-N,SUCCESS,--,0.577604175,0.577604175,N/A_NO_SPECIAL_TYPE,YES_IF_SUCCESS,
OLD_M3,4EY7__MJYHXFQKEQRPEC-UHFFFAOYSA-N__seed42,4EY7,MJYHXFQKEQRPEC-UHFFFAOYSA-N,SUCCESS,--,0.525191069,0.525191069,N/A_NO_SPECIAL_TYPE,YES_IF_SUCCESS,
OLD_M3,4EY7__MRPBGBKPCPJUTC-UHFFFAOYSA-N__seed42,4EY7,MRPBGBKPCPJUTC-UHFFFAOYSA-N,SUCCESS,--,0.83931452,0.83931452,N/A_NO_SPECIAL_TYPE,YES_IF_SUCCESS,
OLD_M3,4EY7__MWOWSIYESYQDJH-UHFFFAOYSA-N__seed42,4EY7,MWOWSIYESYQDJH-UHFFFAOYSA-N,SUCCESS,--,0.853739679,0.853739679,N/A_NO_SPECIAL_TYPE,YES_IF_SUCCESS,
OLD_M3,4EY7__MXYQBFFZAMEOHM-UHFFFAOYSA-N__seed42,4EY7,MXYQBFFZAMEOHM-UHFFFAOYSA-N,SUCCESS,--,0.96852535,0.96852535,N/A_NO_SPECIAL_TYPE,YES_IF_SUCCESS,
OLD_M3,4EY7__NLIRDIJPNPPVES-UHFFFAOYSA-N__seed42,4EY7,NLIRDIJPNPPVES-UHFFFAOYSA-N,SUCCESS,--,0.867091954,0.867091954,N/A_NO_SPECIAL_TYPE,YES_IF_SUCCESS,
OLD_M3,4EY7__NLUCFDWSIZAJOW-UHFFFAOYSA-N__seed42,4EY7,NLUCFDWSIZAJOW-UHFFFAOYSA-N,SUCCESS,--,0.854074359,0.854074359,N/A_NO_SPECIAL_TYPE,YES_IF_SUCCESS,
OLD_M3,4EY7__NPANUSRHFVUOKM-UNMCSNQZSA-N__seed42,4EY7,NPANUSRHFVUOKM-UNMCSNQZSA-N,SUCCESS,--,0.909497797,0.909497797,N/A_NO_SPECIAL_TYPE,YES_IF_SUCCESS,
OLD_M3,4EY7__NPHIQFCGKIKGSA-YQOHNZFASA-N__seed42,4EY7,NPHIQFCGKIKGSA-YQOHNZFASA-N,TIMEOUT,,,,N/A_NO_SPECIAL_TYPE,NO_TIMEOUT,
OLD_M3,4EY7__NYVBQRTTYHHRCD-UHFFFAOYSA-N__seed42,4EY7,NYVBQRTTYHHRCD-UHFFFAOYSA-N,SUCCESS,--,0.860990345,0.860990345,N/A_NO_SPECIAL_TYPE,YES_IF_SUCCESS,
OLD_M3,4EY7__OUEIMIQGMDJTQI-UHFFFAOYSA-N__seed42,4EY7,OUEIMIQGMDJTQI-UHFFFAOYSA-N,SUCCESS,--,0.902395785,0.902395785,N/A_NO_SPECIAL_TYPE,YES_IF_SUCCESS,
OLD_M3,4EY7__PBCGIIRIOLOMJH-UHFFFAOYSA-N__seed42,4EY7,PBCGIIRIOLOMJH-UHFFFAOYSA-N,SUCCESS,--,0.79716152,0.79716152,N/A_NO_SPECIAL_TYPE,YES_IF_SUCCESS,
OLD_M3,4EY7__PPSVTOJQRIASNE-UHFFFAOYSA-N__seed42,4EY7,PPSVTOJQRIASNE-UHFFFAOYSA-N,SUCCESS,--,0.671753109,0.671753109,N/A_NO_SPECIAL_TYPE,YES_IF_SUCCESS,
OLD_M3,4EY7__PRXIEXWZIFEMSH-UHFFFAOYSA-N__seed42,4EY7,PRXIEXWZIFEMSH-UHFFFAOYSA-N,SUCCESS,--,0.830343306,0.830343306,N/A_NO_SPECIAL_TYPE,YES_IF_SUCCESS,
OLD_M3,4EY7__PRZIVMZUOGFQQX-UHFFFAOYSA-N__seed42,4EY7,PRZIVMZUOGFQQX-UHFFFAOYSA-N,SUCCESS,--,0.83512044,0.83512044,N/A_NO_SPECIAL_TYPE,YES_IF_SUCCESS,
OLD_M3,4EY7__PSJHEFSSEIFFSU-UHFFFAOYSA-N__seed42,4EY7,PSJHEFSSEIFFSU-UHFFFAOYSA-N,SUCCESS,--,0.878619671,0.878619671,N/A_NO_SPECIAL_TYPE,YES_IF_SUCCESS,
OLD_M3,4EY7__PVAHNJQQAFBHBW-UHFFFAOYSA-N__seed42,4EY7,PVAHNJQQAFBHBW-UHFFFAOYSA-N,SUCCESS,--,0.913803995,0.913803995,N/A_NO_SPECIAL_TYPE,YES_IF_SUCCESS,
OLD_M3,4EY7__PVKAOBUBUDQDRR-UHFFFAOYSA-N__seed42,4EY7,PVKAOBUBUDQDRR-UHFFFAOYSA-N,SUCCESS,--,0.876058519,0.876058519,N/A_NO_SPECIAL_TYPE,YES_IF_SUCCESS,
OLD_M3,4EY7__QDZBIUGFNUHGNM-UHFFFAOYSA-N__seed42,4EY7,QDZBIUGFNUHGNM-UHFFFAOYSA-N,SUCCESS,--,0.878032744,0.878032744,N/A_NO_SPECIAL_TYPE,YES_IF_SUCCESS,
OLD_M3,4EY7__RHZKAWSSJKSGEO-UHFFFAOYSA-N__seed42,4EY7,RHZKAWSSJKSGEO-UHFFFAOYSA-N,SUCCESS,--,0.935229599,0.935229599,N/A_NO_SPECIAL_TYPE,YES_IF_SUCCESS,
OLD_M3,4EY7__RVBIUDMTBMMGLC-UHFFFAOYSA-N__seed42,4EY7,RVBIUDMTBMMGLC-UHFFFAOYSA-N,SUCCESS,--,0.955881,0.955881,N/A_NO_SPECIAL_TYPE,YES_IF_SUCCESS,
OLD_M3,4EY7__RYFYERZCXQBRAD-UHFFFAOYSA-N__seed42,4EY7,RYFYERZCXQBRAD-UHFFFAOYSA-N,SUCCESS,--,0.794841707,0.794841707,M3_INPUT_TOPOLOGY_FAIL,NO_INVALID_INPUT_REPRESENTATION,
OLD_M3,4EY7__SDHJEPJJARZDKU-UHFFFAOYSA-N__seed42,4EY7,SDHJEPJJARZDKU-UHFFFAOYSA-N,SUCCESS,--,0.397725701,0.397725701,M3_INPUT_TOPOLOGY_FAIL,NO_INVALID_INPUT_REPRESENTATION,
OLD_M3,4EY7__SUHPILVZBHLWBS-UHFFFAOYSA-N__seed42,4EY7,SUHPILVZBHLWBS-UHFFFAOYSA-N,SUCCESS,--,0.75806576,0.75806576,N/A_NO_SPECIAL_TYPE,YES_IF_SUCCESS,
OLD_M3,4EY7__SZOBDUWPNZYVFT-UHFFFAOYSA-N__seed42,4EY7,SZOBDUWPNZYVFT-UHFFFAOYSA-N,SUCCESS,--,0.773549736,0.773549736,N/A_NO_SPECIAL_TYPE,YES_IF_SUCCESS,
OLD_M3,4EY7__SZUGHTGZLWHQJO-UHFFFAOYSA-N__seed42,4EY7,SZUGHTGZLWHQJO-UHFFFAOYSA-N,SUCCESS,--,0.64193666,0.64193666,N/A_NO_SPECIAL_TYPE,YES_IF_SUCCESS,
OLD_M3,4EY7__TYNDGSBNGKLNDC-UHFFFAOYSA-N__seed42,4EY7,TYNDGSBNGKLNDC-UHFFFAOYSA-N,SUCCESS,--,0.411890954,0.411890954,N/A_NO_SPECIAL_TYPE,YES_IF_SUCCESS,
OLD_M3,4EY7__TZUVDPNIKKXCNG-ZRDIBKRKSA-N__seed42,4EY7,TZUVDPNIKKXCNG-ZRDIBKRKSA-N,SUCCESS,--,0.90117979,0.90117979,N/A_NO_SPECIAL_TYPE,YES_IF_SUCCESS,
OLD_M3,4EY7__UHBNUHALRRHSEI-UHFFFAOYSA-N__seed42,4EY7,UHBNUHALRRHSEI-UHFFFAOYSA-N,SUCCESS,--,0.739023864,0.739023864,N/A_NO_SPECIAL_TYPE,YES_IF_SUCCESS,
OLD_M3,4EY7__UKFCIGJAJAIROZ-UHFFFAOYSA-N__seed42,4EY7,UKFCIGJAJAIROZ-UHFFFAOYSA-N,SUCCESS,--,0.96230495,0.96230495,N/A_NO_SPECIAL_TYPE,YES_IF_SUCCESS,
OLD_M3,4EY7__UUXMKUDVTHMKFM-UHFFFAOYSA-N__seed42,4EY7,UUXMKUDVTHMKFM-UHFFFAOYSA-N,SUCCESS,--,0.826367319,0.826367319,N/A_NO_SPECIAL_TYPE,YES_IF_SUCCESS,
OLD_M3,4EY7__VVVCUWUORGMTNG-UHFFFAOYSA-N__seed42,4EY7,VVVCUWUORGMTNG-UHFFFAOYSA-N,SUCCESS,--,0.944053113,0.944053113,N/A_NO_SPECIAL_TYPE,YES_IF_SUCCESS,
OLD_M3,4EY7__WCBPBBFIAODRLI-AWUJJIRRSA-N__seed42,4EY7,WCBPBBFIAODRLI-AWUJJIRRSA-N,SUCCESS,--,0.875644445,0.875644445,N/A_NO_SPECIAL_TYPE,YES_IF_SUCCESS,
OLD_M3,4EY7__WELYXMQWLDVBEU-UHFFFAOYSA-N__seed42,4EY7,WELYXMQWLDVBEU-UHFFFAOYSA-N,SUCCESS,--,0.928560913,0.928560913,N/A_NO_SPECIAL_TYPE,YES_IF_SUCCESS,
OLD_M3,4EY7__WKDFOVDLOVYRAJ-JDXGNMNLSA-N__seed42,4EY7,WKDFOVDLOVYRAJ-JDXGNMNLSA-N,SUCCESS,--,0.864461899,0.864461899,N/A_NO_SPECIAL_TYPE,YES_IF_SUCCESS,
OLD_M3,4EY7__WUQZNYSVERYXKI-UHFFFAOYSA-N__seed42,4EY7,WUQZNYSVERYXKI-UHFFFAOYSA-N,SUCCESS,--,0.487636089,0.487636089,N/A_NO_SPECIAL_TYPE,YES_IF_SUCCESS,
OLD_M3,4EY7__WWRDYDFXVYAZAG-UHFFFAOYSA-N__seed42,4EY7,WWRDYDFXVYAZAG-UHFFFAOYSA-N,SUCCESS,--,0.770009577,0.770009577,N/A_NO_SPECIAL_TYPE,YES_IF_SUCCESS,
OLD_M3,4EY7__XYJPAVSBBNRJDP-UHFFFAOYSA-N__seed42,4EY7,XYJPAVSBBNRJDP-UHFFFAOYSA-N,SUCCESS,--,0.618122935,0.618122935,N/A_NO_SPECIAL_TYPE,YES_IF_SUCCESS,
OLD_M3,4EY7__YBILVISNRAVIPV-UHFFFAOYSA-N__seed42,4EY7,YBILVISNRAVIPV-UHFFFAOYSA-N,SUCCESS,--,0.740655601,0.740655601,N/A_NO_SPECIAL_TYPE,YES_IF_SUCCESS,
OLD_M3,4EY7__YEUHJVFRRWHHMS-INKHBPHZSA-N__seed42,4EY7,YEUHJVFRRWHHMS-INKHBPHZSA-N,SUCCESS,--,0.717909217,0.717909217,N/A_NO_SPECIAL_TYPE,YES_IF_SUCCESS,
OLD_M3,4EY7__YWNNZVOAUVSVFF-UHFFFAOYSA-N__seed42,4EY7,YWNNZVOAUVSVFF-UHFFFAOYSA-N,SUCCESS,--,0.690256774,0.690256774,N/A_NO_SPECIAL_TYPE,YES_IF_SUCCESS,
OLD_M3,4EY7__ZAOLYIRFSLIUAV-UHFFFAOYSA-N__seed42,4EY7,ZAOLYIRFSLIUAV-UHFFFAOYSA-N,SUCCESS,--,0.882654905,0.882654905,N/A_NO_SPECIAL_TYPE,YES_IF_SUCCESS,
OLD_M3,4EY7__ZKOHODJSCICEFD-UHFFFAOYSA-N__seed42,4EY7,ZKOHODJSCICEFD-UHFFFAOYSA-N,SUCCESS,--,0.721146464,0.721146464,N/A_NO_SPECIAL_TYPE,YES_IF_SUCCESS,
OLD_M3,4EY7__ZMBLKJNXJLBMMG-SGEDCAFJSA-N__seed42,4EY7,ZMBLKJNXJLBMMG-SGEDCAFJSA-N,SUCCESS,--,0.824175417,0.824175417,N/A_NO_SPECIAL_TYPE,YES_IF_SUCCESS,
OLD_M3,4EY7__ZWIYUBCAUDUSLA-JQIJEIRASA-N__seed42,4EY7,ZWIYUBCAUDUSLA-JQIJEIRASA-N,SUCCESS,--,0.82587266,0.82587266,N/A_NO_SPECIAL_TYPE,YES_IF_SUCCESS,
OLD_M3,4JT6__AATCBLYHOUOCTO-UHFFFAOYSA-N__seed42,4JT6,AATCBLYHOUOCTO-UHFFFAOYSA-N,SUCCESS,--,0.838040888,0.838040888,N/A_NO_SPECIAL_TYPE,YES_IF_SUCCESS,
OLD_M3,4JT6__ACCFLVVUVBJNGT-AWEZNQCLSA-N__seed42,4JT6,ACCFLVVUVBJNGT-AWEZNQCLSA-N,SUCCESS,--,0.981372058,0.981372058,N/A_NO_SPECIAL_TYPE,YES_IF_SUCCESS,
OLD_M3,4JT6__ADGGYDAFIHSYFI-UHFFFAOYSA-N__seed42,4JT6,ADGGYDAFIHSYFI-UHFFFAOYSA-N,SUCCESS,--,0.992697179,0.992697179,N/A_NO_SPECIAL_TYPE,YES_IF_SUCCESS,
OLD_M3,4JT6__AKCRNFFTGXBONI-UHFFFAOYSA-N__seed42,4JT6,AKCRNFFTGXBONI-UHFFFAOYSA-N,SUCCESS,--,0.31277582,0.31277582,N/A_NO_SPECIAL_TYPE,YES_IF_SUCCESS,
OLD_M3,4JT6__BEUQXVWXFDOSAQ-UHFFFAOYSA-N__seed42,4JT6,BEUQXVWXFDOSAQ-UHFFFAOYSA-N,SUCCESS,--,0.72005564,0.72005564,M3_INPUT_TOPOLOGY_FAIL,NO_INVALID_INPUT_REPRESENTATION,
OLD_M3,4JT6__BOVRFNAULGLSIP-UHFFFAOYSA-N__seed42,4JT6,BOVRFNAULGLSIP-UHFFFAOYSA-N,SUCCESS,--,0.993503571,0.993503571,N/A_NO_SPECIAL_TYPE,YES_IF_SUCCESS,
OLD_M3,4JT6__BQIOEDLTIQWUAZ-UHFFFAOYSA-N__seed42,4JT6,BQIOEDLTIQWUAZ-UHFFFAOYSA-N,SUCCESS,--,0.937351584,0.937351584,N/A_NO_SPECIAL_TYPE,YES_IF_SUCCESS,
OLD_M3,4JT6__CGBJSGAELGCMKE-UHFFFAOYSA-N__seed42,4JT6,CGBJSGAELGCMKE-UHFFFAOYSA-N,SUCCESS,--,0.850689769,0.850689769,N/A_NO_SPECIAL_TYPE,YES_IF_SUCCESS,
OLD_M3,4JT6__CWHUFRVAEUJCEF-UHFFFAOYSA-N__seed42,4JT6,CWHUFRVAEUJCEF-UHFFFAOYSA-N,SUCCESS,--,0.991256118,0.991256118,N/A_NO_SPECIAL_TYPE,YES_IF_SUCCESS,
OLD_M3,4JT6__DFFHBQFOKXDZFK-INIZCTEOSA-N__seed42,4JT6,DFFHBQFOKXDZFK-INIZCTEOSA-N,SUCCESS,--,0.919837356,0.919837356,N/A_NO_SPECIAL_TYPE,YES_IF_SUCCESS,
OLD_M3,4JT6__DWZAEMINVBZMHQ-UHFFFAOYSA-N__seed42,4JT6,DWZAEMINVBZMHQ-UHFFFAOYSA-N,SUCCESS,--,0.159356222,0.159356222,N/A_NO_SPECIAL_TYPE,YES_IF_SUCCESS,
OLD_M3,4JT6__GUXXEUUYCAYESJ-UHFFFAOYSA-N__seed42,4JT6,GUXXEUUYCAYESJ-UHFFFAOYSA-N,SUCCESS,--,0.803487539,0.803487539,N/A_NO_SPECIAL_TYPE,YES_IF_SUCCESS,
OLD_M3,4JT6__GYLDXIAOMVERTK-UHFFFAOYSA-N__seed42,4JT6,GYLDXIAOMVERTK-UHFFFAOYSA-N,SUCCESS,--,0.984238863,0.984238863,N/A_NO_SPECIAL_TYPE,YES_IF_SUCCESS,
OLD_M3,4JT6__HAGVHIKZYFOZND-UHFFFAOYSA-N__seed42,4JT6,HAGVHIKZYFOZND-UHFFFAOYSA-N,SUCCESS,--,0.984073818,0.984073818,N/A_NO_SPECIAL_TYPE,YES_IF_SUCCESS,
OLD_M3,4JT6__HBZPGFLLAMADHT-UHFFFAOYSA-N__seed42,4JT6,HBZPGFLLAMADHT-UHFFFAOYSA-N,SUCCESS,--,0.943708718,0.943708718,N/A_NO_SPECIAL_TYPE,YES_IF_SUCCESS,
OLD_M3,4JT6__HGVNLRPZOWWDKD-UHFFFAOYSA-N__seed42,4JT6,HGVNLRPZOWWDKD-UHFFFAOYSA-N,SUCCESS,--,0.972753763,0.972753763,N/A_NO_SPECIAL_TYPE,YES_IF_SUCCESS,
OLD_M3,4JT6__ICPHLXAHKNXIGM-UHFFFAOYSA-N__seed42,4JT6,ICPHLXAHKNXIGM-UHFFFAOYSA-N,SUCCESS,--,0.890776694,0.890776694,N/A_NO_SPECIAL_TYPE,YES_IF_SUCCESS,
OLD_M3,4JT6__IKMZBKGFXVMTRE-UHFFFAOYSA-N__seed42,4JT6,IKMZBKGFXVMTRE-UHFFFAOYSA-N,SUCCESS,--,0.965755761,0.965755761,N/A_NO_SPECIAL_TYPE,YES_IF_SUCCESS,
OLD_M3,4JT6__IPWXWKUTJBMKOZ-UHFFFAOYSA-N__seed42,4JT6,IPWXWKUTJBMKOZ-UHFFFAOYSA-N,SUCCESS,--,0.977252603,0.977252603,N/A_NO_SPECIAL_TYPE,YES_IF_SUCCESS,
OLD_M3,4JT6__IRTDIKMSKMREGO-OAHLLOKOSA-N__seed42,4JT6,IRTDIKMSKMREGO-OAHLLOKOSA-N,SUCCESS,--,0.928757191,0.928757191,N/A_NO_SPECIAL_TYPE,YES_IF_SUCCESS,
OLD_M3,4JT6__IVKKCJGVURSPCR-UHFFFAOYSA-N__seed42,4JT6,IVKKCJGVURSPCR-UHFFFAOYSA-N,SUCCESS,--,0.986154079,0.986154079,N/A_NO_SPECIAL_TYPE,YES_IF_SUCCESS,
OLD_M3,4JT6__JDOVRLNHIYWZKZ-UHFFFAOYSA-N__seed42,4JT6,JDOVRLNHIYWZKZ-UHFFFAOYSA-N,SUCCESS,--,0.96596694,0.96596694,N/A_NO_SPECIAL_TYPE,YES_IF_SUCCESS,
OLD_M3,4JT6__JOGKUKXHTYWRGZ-UHFFFAOYSA-N__seed42,4JT6,JOGKUKXHTYWRGZ-UHFFFAOYSA-N,SUCCESS,--,0.920687377,0.920687377,N/A_NO_SPECIAL_TYPE,YES_IF_SUCCESS,
OLD_M3,4JT6__JROFGZPOBKIAEW-HAQNSBGRSA-N__seed42,4JT6,JROFGZPOBKIAEW-HAQNSBGRSA-N,SUCCESS,--,0.948722541,0.948722541,N/A_NO_SPECIAL_TYPE,YES_IF_SUCCESS,
OLD_M3,4JT6__JTIBGKGGRQKKJP-UHFFFAOYSA-N__seed42,4JT6,JTIBGKGGRQKKJP-UHFFFAOYSA-N,SUCCESS,--,0.960722923,0.960722923,N/A_NO_SPECIAL_TYPE,YES_IF_SUCCESS,
OLD_M3,4JT6__JUSFANSTBFGBAF-IRXDYDNUSA-N__seed42,4JT6,JUSFANSTBFGBAF-IRXDYDNUSA-N,SUCCESS,--,0.894887865,0.894887865,N/A_NO_SPECIAL_TYPE,YES_IF_SUCCESS,
OLD_M3,4JT6__KNRONZUHGXIQLA-UHFFFAOYSA-N__seed42,4JT6,KNRONZUHGXIQLA-UHFFFAOYSA-N,SUCCESS,--,0.951611519,0.951611519,N/A_NO_SPECIAL_TYPE,YES_IF_SUCCESS,
OLD_M3,4JT6__KPSKKPDRNSLZRB-HOTGVXAUSA-N__seed42,4JT6,KPSKKPDRNSLZRB-HOTGVXAUSA-N,SUCCESS,--,0.95883888,0.95883888,N/A_NO_SPECIAL_TYPE,YES_IF_SUCCESS,
OLD_M3,4JT6__KVLFRAWTRWDEDF-IRXDYDNUSA-N__seed42,4JT6,KVLFRAWTRWDEDF-IRXDYDNUSA-N,SUCCESS,--,0.523309052,0.523309052,N/A_NO_SPECIAL_TYPE,YES_IF_SUCCESS,
OLD_M3,4JT6__LGWACEZVCMBSKW-UHFFFAOYSA-N__seed42,4JT6,LGWACEZVCMBSKW-UHFFFAOYSA-N,SUCCESS,--,0.994423151,0.994423151,N/A_NO_SPECIAL_TYPE,YES_IF_SUCCESS,
OLD_M3,4JT6__LHNIIDJUOCFXAP-UHFFFAOYSA-N__seed42,4JT6,LHNIIDJUOCFXAP-UHFFFAOYSA-N,SUCCESS,--,0.978338301,0.978338301,N/A_NO_SPECIAL_TYPE,YES_IF_SUCCESS,
OLD_M3,4JT6__LOCCAHWMIIHOFH-UHFFFAOYSA-N__seed42,4JT6,LOCCAHWMIIHOFH-UHFFFAOYSA-N,SUCCESS,--,0.972273827,0.972273827,N/A_NO_SPECIAL_TYPE,YES_IF_SUCCESS,
OLD_M3,4JT6__MMHAEDBURINXPB-UONOGXRCSA-N__seed42,4JT6,MMHAEDBURINXPB-UONOGXRCSA-N,SUCCESS,--,0.932758451,0.932758451,N/A_NO_SPECIAL_TYPE,YES_IF_SUCCESS,
OLD_M3,4JT6__MVFQHVQABARLKS-UHFFFAOYSA-N__seed42,4JT6,MVFQHVQABARLKS-UHFFFAOYSA-N,SUCCESS,--,0.940664828,0.940664828,N/A_NO_SPECIAL_TYPE,YES_IF_SUCCESS,
OLD_M3,4JT6__NHRWVYXOCMJUIS-UHFFFAOYSA-N__seed42,4JT6,NHRWVYXOCMJUIS-UHFFFAOYSA-N,SUCCESS,--,0.975571871,0.975571871,N/A_NO_SPECIAL_TYPE,YES_IF_SUCCESS,
OLD_M3,4JT6__QIUASFSNWYMDFS-NILGECQDSA-N__seed42,4JT6,QIUASFSNWYMDFS-NILGECQDSA-N,SUCCESS,--,0.204013228,0.204013228,N/A_NO_SPECIAL_TYPE,YES_IF_SUCCESS,
OLD_M3,4JT6__QLHHRYZMBGPBJG-UHFFFAOYSA-N__seed42,4JT6,QLHHRYZMBGPBJG-UHFFFAOYSA-N,SUCCESS,--,0.967675567,0.967675567,N/A_NO_SPECIAL_TYPE,YES_IF_SUCCESS,
OLD_M3,4JT6__QYBGBLQCOOISAR-UHFFFAOYSA-N__seed42,4JT6,QYBGBLQCOOISAR-UHFFFAOYSA-N,SUCCESS,--,0.994918644,0.994918644,N/A_NO_SPECIAL_TYPE,YES_IF_SUCCESS,
OLD_M3,4JT6__RFSMUFRPPYDYRD-CALCHBBNSA-N__seed42,4JT6,RFSMUFRPPYDYRD-CALCHBBNSA-N,SUCCESS,--,0.235228896,0.235228896,N/A_NO_SPECIAL_TYPE,YES_IF_SUCCESS,
OLD_M3,4JT6__RGHYDLZMTYDBDT-UHFFFAOYSA-N__seed42,4JT6,RGHYDLZMTYDBDT-UHFFFAOYSA-N,SUCCESS,--,0.972798228,0.972798228,N/A_NO_SPECIAL_TYPE,YES_IF_SUCCESS,
OLD_M3,4JT6__STUWGJZDJHPWGZ-LBPRGKRZSA-N__seed42,4JT6,STUWGJZDJHPWGZ-LBPRGKRZSA-N,SUCCESS,--,0.328522027,0.328522027,N/A_NO_SPECIAL_TYPE,YES_IF_SUCCESS,
OLD_M3,4JT6__TUVCWJQQGGETHL-UHFFFAOYSA-N__seed42,4JT6,TUVCWJQQGGETHL-UHFFFAOYSA-N,SUCCESS,--,0.989471734,0.989471734,N/A_NO_SPECIAL_TYPE,YES_IF_SUCCESS,
OLD_M3,4JT6__UOKGZPYGRJDACN-UHFFFAOYSA-N__seed42,4JT6,UOKGZPYGRJDACN-UHFFFAOYSA-N,SUCCESS,--,0.980379701,0.980379701,N/A_NO_SPECIAL_TYPE,YES_IF_SUCCESS,
OLD_M3,4JT6__VZZGNDREIXJEAB-UHFFFAOYSA-N__seed42,4JT6,VZZGNDREIXJEAB-UHFFFAOYSA-N,SUCCESS,--,0.992548645,0.992548645,N/A_NO_SPECIAL_TYPE,YES_IF_SUCCESS,
OLD_M3,4JT6__XDLYKKIQACFMJG-WKILWMFISA-N__seed42,4JT6,XDLYKKIQACFMJG-WKILWMFISA-N,SUCCESS,--,0.979845464,0.979845464,N/A_NO_SPECIAL_TYPE,YES_IF_SUCCESS,
OLD_M3,4JT6__XPMQWMAEFFQIRZ-UHFFFAOYSA-N__seed42,4JT6,XPMQWMAEFFQIRZ-UHFFFAOYSA-N,SUCCESS,--,0.899952412,0.899952412,N/A_NO_SPECIAL_TYPE,YES_IF_SUCCESS,
OLD_M3,4JT6__YCSUYVMGFIAGHE-UHFFFAOYSA-N__seed42,4JT6,YCSUYVMGFIAGHE-UHFFFAOYSA-N,SUCCESS,--,0.713489473,0.713489473,N/A_NO_SPECIAL_TYPE,YES_IF_SUCCESS,
OLD_M3,4JT6__YOVVNQKCSKSHKT-HNNXBMFYSA-N__seed42,4JT6,YOVVNQKCSKSHKT-HNNXBMFYSA-N,SUCCESS,--,0.983308733,0.983308733,N/A_NO_SPECIAL_TYPE,YES_IF_SUCCESS,
OLD_M3,4L23__AATCBLYHOUOCTO-UHFFFAOYSA-N__seed42,4L23,AATCBLYHOUOCTO-UHFFFAOYSA-N,SUCCESS,--,0.778794646,0.778794646,N/A_NO_SPECIAL_TYPE,YES_IF_SUCCESS,
OLD_M3,4L23__ACCFLVVUVBJNGT-AWEZNQCLSA-N__seed42,4L23,ACCFLVVUVBJNGT-AWEZNQCLSA-N,SUCCESS,--,0.988711894,0.988711894,N/A_NO_SPECIAL_TYPE,YES_IF_SUCCESS,
OLD_M3,4L23__ADGGYDAFIHSYFI-UHFFFAOYSA-N__seed42,4L23,ADGGYDAFIHSYFI-UHFFFAOYSA-N,SUCCESS,--,0.976939976,0.976939976,N/A_NO_SPECIAL_TYPE,YES_IF_SUCCESS,
OLD_M3,4L23__AKCRNFFTGXBONI-UHFFFAOYSA-N__seed42,4L23,AKCRNFFTGXBONI-UHFFFAOYSA-N,SUCCESS,--,0.79188621,0.79188621,N/A_NO_SPECIAL_TYPE,YES_IF_SUCCESS,
OLD_M3,4L23__BEUQXVWXFDOSAQ-UHFFFAOYSA-N__seed42,4L23,BEUQXVWXFDOSAQ-UHFFFAOYSA-N,SUCCESS,--,0.800420463,0.800420463,M3_INPUT_TOPOLOGY_FAIL,NO_INVALID_INPUT_REPRESENTATION,
OLD_M3,4L23__BOVRFNAULGLSIP-UHFFFAOYSA-N__seed42,4L23,BOVRFNAULGLSIP-UHFFFAOYSA-N,SUCCESS,--,0.967853248,0.967853248,N/A_NO_SPECIAL_TYPE,YES_IF_SUCCESS,
OLD_M3,4L23__BQIOEDLTIQWUAZ-UHFFFAOYSA-N__seed42,4L23,BQIOEDLTIQWUAZ-UHFFFAOYSA-N,SUCCESS,--,0.985314906,0.985314906,N/A_NO_SPECIAL_TYPE,YES_IF_SUCCESS,
OLD_M3,4L23__CGBJSGAELGCMKE-UHFFFAOYSA-N__seed42,4L23,CGBJSGAELGCMKE-UHFFFAOYSA-N,SUCCESS,--,0.829835117,0.829835117,N/A_NO_SPECIAL_TYPE,YES_IF_SUCCESS,
OLD_M3,4L23__CWHUFRVAEUJCEF-UHFFFAOYSA-N__seed42,4L23,CWHUFRVAEUJCEF-UHFFFAOYSA-N,SUCCESS,--,0.976355433,0.976355433,N/A_NO_SPECIAL_TYPE,YES_IF_SUCCESS,
OLD_M3,4L23__DFFHBQFOKXDZFK-INIZCTEOSA-N__seed42,4L23,DFFHBQFOKXDZFK-INIZCTEOSA-N,SUCCESS,--,0.916197062,0.916197062,N/A_NO_SPECIAL_TYPE,YES_IF_SUCCESS,
OLD_M3,4L23__DWZAEMINVBZMHQ-UHFFFAOYSA-N__seed42,4L23,DWZAEMINVBZMHQ-UHFFFAOYSA-N,SUCCESS,--,0.364982247,0.364982247,N/A_NO_SPECIAL_TYPE,YES_IF_SUCCESS,
OLD_M3,4L23__GUXXEUUYCAYESJ-UHFFFAOYSA-N__seed42,4L23,GUXXEUUYCAYESJ-UHFFFAOYSA-N,SUCCESS,--,0.322949529,0.322949529,N/A_NO_SPECIAL_TYPE,YES_IF_SUCCESS,
OLD_M3,4L23__GYLDXIAOMVERTK-UHFFFAOYSA-N__seed42,4L23,GYLDXIAOMVERTK-UHFFFAOYSA-N,SUCCESS,--,0.982111335,0.982111335,N/A_NO_SPECIAL_TYPE,YES_IF_SUCCESS,
OLD_M3,4L23__HAGVHIKZYFOZND-UHFFFAOYSA-N__seed42,4L23,HAGVHIKZYFOZND-UHFFFAOYSA-N,SUCCESS,--,0.929316461,0.929316461,N/A_NO_SPECIAL_TYPE,YES_IF_SUCCESS,
OLD_M3,4L23__HBZPGFLLAMADHT-UHFFFAOYSA-N__seed42,4L23,HBZPGFLLAMADHT-UHFFFAOYSA-N,SUCCESS,--,0.967337906,0.967337906,N/A_NO_SPECIAL_TYPE,YES_IF_SUCCESS,
OLD_M3,4L23__HGVNLRPZOWWDKD-UHFFFAOYSA-N__seed42,4L23,HGVNLRPZOWWDKD-UHFFFAOYSA-N,SUCCESS,--,0.976424813,0.976424813,N/A_NO_SPECIAL_TYPE,YES_IF_SUCCESS,
OLD_M3,4L23__ICPHLXAHKNXIGM-UHFFFAOYSA-N__seed42,4L23,ICPHLXAHKNXIGM-UHFFFAOYSA-N,SUCCESS,--,0.890303731,0.890303731,N/A_NO_SPECIAL_TYPE,YES_IF_SUCCESS,
OLD_M3,4L23__IKMZBKGFXVMTRE-UHFFFAOYSA-N__seed42,4L23,IKMZBKGFXVMTRE-UHFFFAOYSA-N,SUCCESS,--,0.668966174,0.668966174,N/A_NO_SPECIAL_TYPE,YES_IF_SUCCESS,
OLD_M3,4L23__IPWXWKUTJBMKOZ-UHFFFAOYSA-N__seed42,4L23,IPWXWKUTJBMKOZ-UHFFFAOYSA-N,SUCCESS,--,0.9609074,0.9609074,N/A_NO_SPECIAL_TYPE,YES_IF_SUCCESS,
OLD_M3,4L23__IRTDIKMSKMREGO-OAHLLOKOSA-N__seed42,4L23,IRTDIKMSKMREGO-OAHLLOKOSA-N,SUCCESS,--,0.870106101,0.870106101,N/A_NO_SPECIAL_TYPE,YES_IF_SUCCESS,
OLD_M3,4L23__IVKKCJGVURSPCR-UHFFFAOYSA-N__seed42,4L23,IVKKCJGVURSPCR-UHFFFAOYSA-N,SUCCESS,--,0.985266685,0.985266685,N/A_NO_SPECIAL_TYPE,YES_IF_SUCCESS,
OLD_M3,4L23__JDOVRLNHIYWZKZ-UHFFFAOYSA-N__seed42,4L23,JDOVRLNHIYWZKZ-UHFFFAOYSA-N,SUCCESS,--,0.963848233,0.963848233,N/A_NO_SPECIAL_TYPE,YES_IF_SUCCESS,
OLD_M3,4L23__JOGKUKXHTYWRGZ-UHFFFAOYSA-N__seed42,4L23,JOGKUKXHTYWRGZ-UHFFFAOYSA-N,SUCCESS,--,0.689722419,0.689722419,N/A_NO_SPECIAL_TYPE,YES_IF_SUCCESS,
OLD_M3,4L23__JROFGZPOBKIAEW-HAQNSBGRSA-N__seed42,4L23,JROFGZPOBKIAEW-HAQNSBGRSA-N,SUCCESS,--,0.910768092,0.910768092,N/A_NO_SPECIAL_TYPE,YES_IF_SUCCESS,
OLD_M3,4L23__JTIBGKGGRQKKJP-UHFFFAOYSA-N__seed42,4L23,JTIBGKGGRQKKJP-UHFFFAOYSA-N,SUCCESS,--,0.978560448,0.978560448,N/A_NO_SPECIAL_TYPE,YES_IF_SUCCESS,
OLD_M3,4L23__JUSFANSTBFGBAF-IRXDYDNUSA-N__seed42,4L23,JUSFANSTBFGBAF-IRXDYDNUSA-N,SUCCESS,--,0.895175993,0.895175993,N/A_NO_SPECIAL_TYPE,YES_IF_SUCCESS,
OLD_M3,4L23__KNRONZUHGXIQLA-UHFFFAOYSA-N__seed42,4L23,KNRONZUHGXIQLA-UHFFFAOYSA-N,SUCCESS,--,0.954050004,0.954050004,N/A_NO_SPECIAL_TYPE,YES_IF_SUCCESS,
OLD_M3,4L23__KPSKKPDRNSLZRB-HOTGVXAUSA-N__seed42,4L23,KPSKKPDRNSLZRB-HOTGVXAUSA-N,SUCCESS,--,0.91875726,0.91875726,N/A_NO_SPECIAL_TYPE,YES_IF_SUCCESS,
OLD_M3,4L23__KVLFRAWTRWDEDF-IRXDYDNUSA-N__seed42,4L23,KVLFRAWTRWDEDF-IRXDYDNUSA-N,SUCCESS,--,0.899291277,0.899291277,N/A_NO_SPECIAL_TYPE,YES_IF_SUCCESS,
OLD_M3,4L23__LGWACEZVCMBSKW-UHFFFAOYSA-N__seed42,4L23,LGWACEZVCMBSKW-UHFFFAOYSA-N,SUCCESS,--,0.976669848,0.976669848,N/A_NO_SPECIAL_TYPE,YES_IF_SUCCESS,
OLD_M3,4L23__LHNIIDJUOCFXAP-UHFFFAOYSA-N__seed42,4L23,LHNIIDJUOCFXAP-UHFFFAOYSA-N,SUCCESS,--,0.942677915,0.942677915,N/A_NO_SPECIAL_TYPE,YES_IF_SUCCESS,
OLD_M3,4L23__LOCCAHWMIIHOFH-UHFFFAOYSA-N__seed42,4L23,LOCCAHWMIIHOFH-UHFFFAOYSA-N,SUCCESS,--,0.963507473,0.963507473,N/A_NO_SPECIAL_TYPE,YES_IF_SUCCESS,
OLD_M3,4L23__MMHAEDBURINXPB-UONOGXRCSA-N__seed42,4L23,MMHAEDBURINXPB-UONOGXRCSA-N,SUCCESS,--,0.963728607,0.963728607,N/A_NO_SPECIAL_TYPE,YES_IF_SUCCESS,
OLD_M3,4L23__MVFQHVQABARLKS-UHFFFAOYSA-N__seed42,4L23,MVFQHVQABARLKS-UHFFFAOYSA-N,SUCCESS,--,0.947834492,0.947834492,N/A_NO_SPECIAL_TYPE,YES_IF_SUCCESS,
OLD_M3,4L23__NHRWVYXOCMJUIS-UHFFFAOYSA-N__seed42,4L23,NHRWVYXOCMJUIS-UHFFFAOYSA-N,SUCCESS,--,0.860137522,0.860137522,N/A_NO_SPECIAL_TYPE,YES_IF_SUCCESS,
OLD_M3,4L23__QIUASFSNWYMDFS-NILGECQDSA-N__seed42,4L23,QIUASFSNWYMDFS-NILGECQDSA-N,SUCCESS,--,0.294377267,0.294377267,N/A_NO_SPECIAL_TYPE,YES_IF_SUCCESS,
OLD_M3,4L23__QLHHRYZMBGPBJG-UHFFFAOYSA-N__seed42,4L23,QLHHRYZMBGPBJG-UHFFFAOYSA-N,SUCCESS,--,0.947069764,0.947069764,N/A_NO_SPECIAL_TYPE,YES_IF_SUCCESS,
OLD_M3,4L23__QYBGBLQCOOISAR-UHFFFAOYSA-N__seed42,4L23,QYBGBLQCOOISAR-UHFFFAOYSA-N,SUCCESS,--,0.963897645,0.963897645,N/A_NO_SPECIAL_TYPE,YES_IF_SUCCESS,
OLD_M3,4L23__RFSMUFRPPYDYRD-CALCHBBNSA-N__seed42,4L23,RFSMUFRPPYDYRD-CALCHBBNSA-N,SUCCESS,--,0.833022475,0.833022475,N/A_NO_SPECIAL_TYPE,YES_IF_SUCCESS,
OLD_M3,4L23__RGHYDLZMTYDBDT-UHFFFAOYSA-N__seed42,4L23,RGHYDLZMTYDBDT-UHFFFAOYSA-N,SUCCESS,--,0.996223271,0.996223271,N/A_NO_SPECIAL_TYPE,YES_IF_SUCCESS,
OLD_M3,4L23__STUWGJZDJHPWGZ-LBPRGKRZSA-N__seed42,4L23,STUWGJZDJHPWGZ-LBPRGKRZSA-N,SUCCESS,--,0.981384516,0.981384516,N/A_NO_SPECIAL_TYPE,YES_IF_SUCCESS,
OLD_M3,4L23__TUVCWJQQGGETHL-UHFFFAOYSA-N__seed42,4L23,TUVCWJQQGGETHL-UHFFFAOYSA-N,SUCCESS,--,0.962552369,0.962552369,N/A_NO_SPECIAL_TYPE,YES_IF_SUCCESS,
OLD_M3,4L23__UOKGZPYGRJDACN-UHFFFAOYSA-N__seed42,4L23,UOKGZPYGRJDACN-UHFFFAOYSA-N,SUCCESS,--,0.969847441,0.969847441,N/A_NO_SPECIAL_TYPE,YES_IF_SUCCESS,
OLD_M3,4L23__VZZGNDREIXJEAB-UHFFFAOYSA-N__seed42,4L23,VZZGNDREIXJEAB-UHFFFAOYSA-N,SUCCESS,--,0.961458147,0.961458147,N/A_NO_SPECIAL_TYPE,YES_IF_SUCCESS,
OLD_M3,4L23__XDLYKKIQACFMJG-WKILWMFISA-N__seed42,4L23,XDLYKKIQACFMJG-WKILWMFISA-N,SUCCESS,--,0.987255454,0.987255454,N/A_NO_SPECIAL_TYPE,YES_IF_SUCCESS,
OLD_M3,4L23__XPMQWMAEFFQIRZ-UHFFFAOYSA-N__seed42,4L23,XPMQWMAEFFQIRZ-UHFFFAOYSA-N,SUCCESS,--,0.969753802,0.969753802,N/A_NO_SPECIAL_TYPE,YES_IF_SUCCESS,
OLD_M3,4L23__YCSUYVMGFIAGHE-UHFFFAOYSA-N__seed42,4L23,YCSUYVMGFIAGHE-UHFFFAOYSA-N,SUCCESS,--,0.567772985,0.567772985,N/A_NO_SPECIAL_TYPE,YES_IF_SUCCESS,
OLD_M3,4L23__YOVVNQKCSKSHKT-HNNXBMFYSA-N__seed42,4L23,YOVVNQKCSKSHKT-HNNXBMFYSA-N,SUCCESS,--,0.959168077,0.959168077,N/A_NO_SPECIAL_TYPE,YES_IF_SUCCESS,
OLD_M3,4UDW__ACVPPNXFXGZKPH-DEOSSOPVSA-N__seed42,4UDW,ACVPPNXFXGZKPH-DEOSSOPVSA-N,SUCCESS,--,0.509118259,0.509118259,N/A_NO_SPECIAL_TYPE,YES_IF_SUCCESS,
OLD_M3,4UDW__AFBKMCYUMVDUEH-UHFFFAOYSA-N__seed42,4UDW,AFBKMCYUMVDUEH-UHFFFAOYSA-N,SUCCESS,--,0.385197341,0.385197341,N/A_NO_SPECIAL_TYPE,YES_IF_SUCCESS,
OLD_M3,4UDW__AINQVQKSQFDZMT-HMMYKYKNSA-N__seed42,4UDW,AINQVQKSQFDZMT-HMMYKYKNSA-N,SUCCESS,--,0.518817961,0.518817961,N/A_NO_SPECIAL_TYPE,YES_IF_SUCCESS,
OLD_M3,4UDW__AIZUZOZYGWNPIO-UHFFFAOYSA-N__seed42,4UDW,AIZUZOZYGWNPIO-UHFFFAOYSA-N,SUCCESS,--,0.321524531,0.321524531,N/A_NO_SPECIAL_TYPE,YES_IF_SUCCESS,
OLD_M3,4UDW__ATSROBXXNRWKDL-UHFFFAOYSA-N__seed42,4UDW,ATSROBXXNRWKDL-UHFFFAOYSA-N,SUCCESS,--,0.832264781,0.832264781,N/A_NO_SPECIAL_TYPE,YES_IF_SUCCESS,
OLD_M3,4UDW__BEROVXWZGFDKPA-UHFFFAOYSA-N__seed42,4UDW,BEROVXWZGFDKPA-UHFFFAOYSA-N,SUCCESS,--,0.883575618,0.883575618,N/A_NO_SPECIAL_TYPE,YES_IF_SUCCESS,
OLD_M3,4UDW__BPAQJTYBGWPSRM-UHFFFAOYSA-N__seed42,4UDW,BPAQJTYBGWPSRM-UHFFFAOYSA-N,SUCCESS,--,0.502470493,0.502470493,N/A_NO_SPECIAL_TYPE,YES_IF_SUCCESS,
OLD_M3,4UDW__BRDWSYKDGOVQJG-UHFFFAOYSA-N__seed42,4UDW,BRDWSYKDGOVQJG-UHFFFAOYSA-N,SUCCESS,--,0.544939339,0.544939339,N/A_NO_SPECIAL_TYPE,YES_IF_SUCCESS,
OLD_M3,4UDW__BRZYOTMFHLERHD-BBWFWOEESA-N__seed42,4UDW,BRZYOTMFHLERHD-BBWFWOEESA-N,SUCCESS,--,0.983831763,0.983831763,N/A_NO_SPECIAL_TYPE,YES_IF_SUCCESS,
OLD_M3,4UDW__BVBGZXXLVHYBKI-UHFFFAOYSA-N__seed42,4UDW,BVBGZXXLVHYBKI-UHFFFAOYSA-N,SUCCESS,--,0.665494919,0.665494919,N/A_NO_SPECIAL_TYPE,YES_IF_SUCCESS,
OLD_M3,4UDW__CYPTUCSRAKRHJR-UHFFFAOYSA-N__seed42,4UDW,CYPTUCSRAKRHJR-UHFFFAOYSA-N,SUCCESS,--,0.913524866,0.913524866,N/A_NO_SPECIAL_TYPE,YES_IF_SUCCESS,
OLD_M3,4UDW__DCCNZIMOOBWFDR-UHFFFAOYSA-N__seed42,4UDW,DCCNZIMOOBWFDR-UHFFFAOYSA-N,SUCCESS,--,0.840453207,0.840453207,N/A_NO_SPECIAL_TYPE,YES_IF_SUCCESS,
OLD_M3,4UDW__DIJNMZDNCSWBBP-QFIPXVFZSA-N__seed42,4UDW,DIJNMZDNCSWBBP-QFIPXVFZSA-N,SUCCESS,--,0.587963581,0.587963581,N/A_NO_SPECIAL_TYPE,YES_IF_SUCCESS,
OLD_M3,4UDW__DRUZWKULMZFMLK-UHFFFAOYSA-N__seed42,4UDW,DRUZWKULMZFMLK-UHFFFAOYSA-N,SUCCESS,--,0.835730493,0.835730493,N/A_NO_SPECIAL_TYPE,YES_IF_SUCCESS,
OLD_M3,4UDW__DUTMSPYSKLRLIM-XUZZJYLKSA-N__seed42,4UDW,DUTMSPYSKLRLIM-XUZZJYLKSA-N,SUCCESS,--,0.971528292,0.971528292,N/A_NO_SPECIAL_TYPE,YES_IF_SUCCESS,
OLD_M3,4UDW__DWNHMQOMYAIZCG-HHHXNRCGSA-N__seed42,4UDW,DWNHMQOMYAIZCG-HHHXNRCGSA-N,SUCCESS,--,0.808380008,0.808380008,M3_INPUT_TOPOLOGY_FAIL,NO_INVALID_INPUT_REPRESENTATION,
OLD_M3,4UDW__DXAPSOAHVMXRKS-UHFFFAOYSA-N__seed42,4UDW,DXAPSOAHVMXRKS-UHFFFAOYSA-N,SUCCESS,--,0.894039273,0.894039273,N/A_NO_SPECIAL_TYPE,YES_IF_SUCCESS,
OLD_M3,4UDW__FCCJGNOUIYGKAC-UHFFFAOYSA-N__seed42,4UDW,FCCJGNOUIYGKAC-UHFFFAOYSA-N,SUCCESS,--,0.960386574,0.960386574,N/A_NO_SPECIAL_TYPE,YES_IF_SUCCESS,
OLD_M3,4UDW__FEFPMRFHQVSSQC-UHFFFAOYSA-N__seed42,4UDW,FEFPMRFHQVSSQC-UHFFFAOYSA-N,SUCCESS,--,0.736903012,0.736903012,N/A_NO_SPECIAL_TYPE,YES_IF_SUCCESS,
OLD_M3,4UDW__FEKRWNWZMOSVBX-UHFFFAOYSA-N__seed42,4UDW,FEKRWNWZMOSVBX-UHFFFAOYSA-N,SUCCESS,--,0.674916327,0.674916327,N/A_NO_SPECIAL_TYPE,YES_IF_SUCCESS,
OLD_M3,4UDW__FKIDKZHGPZRWGT-HMTLIYDFSA-N__seed42,4UDW,FKIDKZHGPZRWGT-HMTLIYDFSA-N,SUCCESS,--,0.634262383,0.634262383,N/A_NO_SPECIAL_TYPE,YES_IF_SUCCESS,
OLD_M3,4UDW__FKTIPOLHKSMAHY-UHFFFAOYSA-N__seed42,4UDW,FKTIPOLHKSMAHY-UHFFFAOYSA-N,SUCCESS,--,0.841885209,0.841885209,N/A_NO_SPECIAL_TYPE,YES_IF_SUCCESS,
OLD_M3,4UDW__FLCBADIIGVYFAJ-OEAKJJBVSA-N__seed42,4UDW,FLCBADIIGVYFAJ-OEAKJJBVSA-N,SUCCESS,--,0.477317989,0.477317989,N/A_NO_SPECIAL_TYPE,YES_IF_SUCCESS,
OLD_M3,4UDW__FNERQDASDNXFMT-IRXDYDNUSA-N__seed42,4UDW,FNERQDASDNXFMT-IRXDYDNUSA-N,SUCCESS,--,0.879561484,0.879561484,M3_INPUT_TOPOLOGY_FAIL,NO_INVALID_INPUT_REPRESENTATION,
OLD_M3,4UDW__FPYOOPDUUPDBNP-UHFFFAOYSA-N__seed42,4UDW,FPYOOPDUUPDBNP-UHFFFAOYSA-N,SUCCESS,--,0.897418976,0.897418976,N/A_NO_SPECIAL_TYPE,YES_IF_SUCCESS,
OLD_M3,4UDW__FTZLMZGSZMKQFI-UHFFFAOYSA-N__seed42,4UDW,FTZLMZGSZMKQFI-UHFFFAOYSA-N,SUCCESS,--,0.803024888,0.803024888,N/A_NO_SPECIAL_TYPE,YES_IF_SUCCESS,
OLD_M3,4UDW__GLMPXCWPQNWBLX-UHFFFAOYSA-N__seed42,4UDW,GLMPXCWPQNWBLX-UHFFFAOYSA-N,SUCCESS,--,0.629791617,0.629791617,N/A_NO_SPECIAL_TYPE,YES_IF_SUCCESS,
OLD_M3,4UDW__HCONWOFFAXZHQA-HNNXBMFYSA-N__seed42,4UDW,HCONWOFFAXZHQA-HNNXBMFYSA-N,SUCCESS,--,0.331619978,0.331619978,N/A_NO_SPECIAL_TYPE,YES_IF_SUCCESS,
OLD_M3,4UDW__HHGGWCFPUIXQJD-QFIPXVFZSA-N__seed42,4UDW,HHGGWCFPUIXQJD-QFIPXVFZSA-N,SUCCESS,--,0.838276923,0.838276923,N/A_NO_SPECIAL_TYPE,YES_IF_SUCCESS,
OLD_M3,4UDW__HKMDEQIJNRKKNH-UHFFFAOYSA-N__seed42,4UDW,HKMDEQIJNRKKNH-UHFFFAOYSA-N,SUCCESS,--,0.629580855,0.629580855,N/A_NO_SPECIAL_TYPE,YES_IF_SUCCESS,
OLD_M3,4UDW__IGNSBDLQAZHCTR-UHFFFAOYSA-N__seed42,4UDW,IGNSBDLQAZHCTR-UHFFFAOYSA-N,SUCCESS,--,0.140681729,0.140681729,N/A_NO_SPECIAL_TYPE,YES_IF_SUCCESS,
OLD_M3,4UDW__IJULQVPTGWFUIR-UHFFFAOYSA-N__seed42,4UDW,IJULQVPTGWFUIR-UHFFFAOYSA-N,SUCCESS,--,0.592242837,0.592242837,N/A_NO_SPECIAL_TYPE,YES_IF_SUCCESS,
OLD_M3,4UDW__IPFYCMPFMMRMFR-UHFFFAOYSA-N__seed42,4UDW,IPFYCMPFMMRMFR-UHFFFAOYSA-N,SUCCESS,--,0.836435616,0.836435616,N/A_NO_SPECIAL_TYPE,YES_IF_SUCCESS,
OLD_M3,4UDW__IQSQCPMGGRPOBO-UHFFFAOYSA-N__seed42,4UDW,IQSQCPMGGRPOBO-UHFFFAOYSA-N,SUCCESS,--,0.789617717,0.789617717,N/A_NO_SPECIAL_TYPE,YES_IF_SUCCESS,
OLD_M3,4UDW__IYGMCUZMVSMAMD-SFHVURJKSA-N__seed42,4UDW,IYGMCUZMVSMAMD-SFHVURJKSA-N,SUCCESS,--,0.973923445,0.973923445,N/A_NO_SPECIAL_TYPE,YES_IF_SUCCESS,
OLD_M3,4UDW__JIQRNDHLAYBGQI-MULIXUIOSA-N__seed42,4UDW,JIQRNDHLAYBGQI-MULIXUIOSA-N,SUCCESS,--,0.953444898,0.953444898,N/A_NO_SPECIAL_TYPE,YES_IF_SUCCESS,
OLD_M3,4UDW__JJGUELHYJFCDMI-IZNSARCZSA-N__seed42,4UDW,JJGUELHYJFCDMI-IZNSARCZSA-N,SUCCESS,--,0.972000659,0.972000659,N/A_NO_SPECIAL_TYPE,YES_IF_SUCCESS,
OLD_M3,4UDW__JMBFMRIGGCGNMP-UHFFFAOYSA-N__seed42,4UDW,JMBFMRIGGCGNMP-UHFFFAOYSA-N,SUCCESS,--,0.142896593,0.142896593,N/A_NO_SPECIAL_TYPE,YES_IF_SUCCESS,
OLD_M3,4UDW__JMZFIOOXUXETFA-FQEVSTJZSA-N__seed42,4UDW,JMZFIOOXUXETFA-FQEVSTJZSA-N,SUCCESS,--,0.823705375,0.823705375,N/A_NO_SPECIAL_TYPE,YES_IF_SUCCESS,
OLD_M3,4UDW__JRBPESDUWUDPLN-UHFFFAOYSA-N__seed42,4UDW,JRBPESDUWUDPLN-UHFFFAOYSA-N,SUCCESS,--,0.638850212,0.638850212,N/A_NO_SPECIAL_TYPE,YES_IF_SUCCESS,
OLD_M3,4UDW__JTWPXAPBCSEZRE-UHFFFAOYSA-N__seed42,4UDW,JTWPXAPBCSEZRE-UHFFFAOYSA-N,SUCCESS,--,0.613813341,0.613813341,N/A_NO_SPECIAL_TYPE,YES_IF_SUCCESS,
OLD_M3,4UDW__JUULPGRZJRAQOQ-UHFFFAOYSA-N__seed42,4UDW,JUULPGRZJRAQOQ-UHFFFAOYSA-N,SUCCESS,--,0.50024581,0.50024581,N/A_NO_SPECIAL_TYPE,YES_IF_SUCCESS,
OLD_M3,4UDW__JVDKHRYLSLCTBR-UHFFFAOYSA-N__seed42,4UDW,JVDKHRYLSLCTBR-UHFFFAOYSA-N,SUCCESS,--,0.45312053,0.45312053,N/A_NO_SPECIAL_TYPE,YES_IF_SUCCESS,
OLD_M3,4UDW__JVSRYBVSQFIXMI-YTCPBCGMSA-N__seed42,4UDW,JVSRYBVSQFIXMI-YTCPBCGMSA-N,SUCCESS,--,0.804323971,0.804323971,N/A_NO_SPECIAL_TYPE,YES_IF_SUCCESS,
OLD_M3,4UDW__JXHRRVFVLWWLCI-NRGCRIOASA-N__seed42,4UDW,JXHRRVFVLWWLCI-NRGCRIOASA-N,SUCCESS,--,0.808745444,0.808745444,M3_INPUT_TOPOLOGY_FAIL,NO_INVALID_INPUT_REPRESENTATION,
OLD_M3,4UDW__JZCHSDMDWRLIOG-OPAMFIHVSA-N__seed42,4UDW,JZCHSDMDWRLIOG-OPAMFIHVSA-N,SUCCESS,--,0.841459751,0.841459751,N/A_NO_SPECIAL_TYPE,YES_IF_SUCCESS,
OLD_M3,4UDW__KEWCBOBJEQHYIV-UHFFFAOYSA-N__seed42,4UDW,KEWCBOBJEQHYIV-UHFFFAOYSA-N,SUCCESS,--,0.974407971,0.974407971,N/A_NO_SPECIAL_TYPE,YES_IF_SUCCESS,
OLD_M3,4UDW__KFGUVXFIUYMGHH-UHFFFAOYSA-N__seed42,4UDW,KFGUVXFIUYMGHH-UHFFFAOYSA-N,SUCCESS,--,0.599616289,0.599616289,N/A_NO_SPECIAL_TYPE,YES_IF_SUCCESS,
OLD_M3,4UDW__KMEOYPGTFKFRIU-UHFFFAOYSA-N__seed42,4UDW,KMEOYPGTFKFRIU-UHFFFAOYSA-N,SUCCESS,--,0.828723133,0.828723133,N/A_NO_SPECIAL_TYPE,YES_IF_SUCCESS,
OLD_M3,4UDW__KPACBFJTZSMBKD-OAQYLSRUSA-N__seed42,4UDW,KPACBFJTZSMBKD-OAQYLSRUSA-N,SUCCESS,--,0.664478421,0.664478421,N/A_NO_SPECIAL_TYPE,YES_IF_SUCCESS,
OLD_M3,4UDW__LAUGVCLUYPMNEP-UHFFFAOYSA-N__seed42,4UDW,LAUGVCLUYPMNEP-UHFFFAOYSA-N,SUCCESS,--,0.526894629,0.526894629,N/A_NO_SPECIAL_TYPE,YES_IF_SUCCESS,
OLD_M3,4UDW__LBNIAVAXSURFQL-MHZLTWQESA-N__seed42,4UDW,LBNIAVAXSURFQL-MHZLTWQESA-N,SUCCESS,--,0.706125557,0.706125557,N/A_NO_SPECIAL_TYPE,YES_IF_SUCCESS,
OLD_M3,4UDW__MPSJBYFGZHSLRS-UHFFFAOYSA-N__seed42,4UDW,MPSJBYFGZHSLRS-UHFFFAOYSA-N,SUCCESS,--,0.893619478,0.893619478,N/A_NO_SPECIAL_TYPE,YES_IF_SUCCESS,
OLD_M3,4UDW__MSZDFYJGNLJAGU-UHFFFAOYSA-N__seed42,4UDW,MSZDFYJGNLJAGU-UHFFFAOYSA-N,SUCCESS,--,0.861139417,0.861139417,N/A_NO_SPECIAL_TYPE,YES_IF_SUCCESS,
OLD_M3,4UDW__MVAZUTSKLWJRFY-UHFFFAOYSA-N__seed42,4UDW,MVAZUTSKLWJRFY-UHFFFAOYSA-N,SUCCESS,--,0.336728215,0.336728215,N/A_NO_SPECIAL_TYPE,YES_IF_SUCCESS,
OLD_M3,4UDW__MWONLFLWDWHANV-UHFFFAOYSA-N__seed42,4UDW,MWONLFLWDWHANV-UHFFFAOYSA-N,SUCCESS,--,0.89867568,0.89867568,N/A_NO_SPECIAL_TYPE,YES_IF_SUCCESS,
OLD_M3,4UDW__MZQZJZKJAMRPKS-UHFFFAOYSA-N__seed42,4UDW,MZQZJZKJAMRPKS-UHFFFAOYSA-N,SUCCESS,--,0.711712658,0.711712658,N/A_NO_SPECIAL_TYPE,YES_IF_SUCCESS,
OLD_M3,4UDW__NDTNHGKZDUSWEQ-UHFFFAOYSA-N__seed42,4UDW,NDTNHGKZDUSWEQ-UHFFFAOYSA-N,SUCCESS,--,0.677456915,0.677456915,N/A_NO_SPECIAL_TYPE,YES_IF_SUCCESS,
OLD_M3,4UDW__NEEBGCAKJPDPFV-UHFFFAOYSA-N__seed42,4UDW,NEEBGCAKJPDPFV-UHFFFAOYSA-N,SUCCESS,--,0.678010464,0.678010464,N/A_NO_SPECIAL_TYPE,YES_IF_SUCCESS,
OLD_M3,4UDW__NIKUFUKVJGORCK-UHFFFAOYSA-N__seed42,4UDW,NIKUFUKVJGORCK-UHFFFAOYSA-N,SUCCESS,--,0.929678679,0.929678679,N/A_NO_SPECIAL_TYPE,YES_IF_SUCCESS,
OLD_M3,4UDW__NQTRMKQQZOHULE-UHFFFAOYSA-N__seed42,4UDW,NQTRMKQQZOHULE-UHFFFAOYSA-N,SUCCESS,--,0.973118424,0.973118424,N/A_NO_SPECIAL_TYPE,YES_IF_SUCCESS,
OLD_M3,4UDW__NSUDDASMRZSVON-UHFFFAOYSA-N__seed42,4UDW,NSUDDASMRZSVON-UHFFFAOYSA-N,SUCCESS,--,0.555147767,0.555147767,N/A_NO_SPECIAL_TYPE,YES_IF_SUCCESS,
OLD_M3,4UDW__NTCCWWNRATWWLQ-UHFFFAOYSA-N__seed42,4UDW,NTCCWWNRATWWLQ-UHFFFAOYSA-N,SUCCESS,--,0.889752328,0.889752328,N/A_NO_SPECIAL_TYPE,YES_IF_SUCCESS,
OLD_M3,4UDW__OJODISRNMRYALN-UHFFFAOYSA-N__seed42,4UDW,OJODISRNMRYALN-UHFFFAOYSA-N,SUCCESS,--,0.682765603,0.682765603,N/A_NO_SPECIAL_TYPE,YES_IF_SUCCESS,
OLD_M3,4UDW__OPMGLKXWFJUOCJ-WTHWOSCZSA-N__seed42,4UDW,OPMGLKXWFJUOCJ-WTHWOSCZSA-N,SUCCESS,--,0.968740463,0.968740463,N/A_NO_SPECIAL_TYPE,YES_IF_SUCCESS,
OLD_M3,4UDW__OREKERSNHHDONJ-UHFFFAOYSA-N__seed42,4UDW,OREKERSNHHDONJ-UHFFFAOYSA-N,SUCCESS,--,0.67431879,0.67431879,N/A_NO_SPECIAL_TYPE,YES_IF_SUCCESS,
OLD_M3,4UDW__OZYBACPIVBLIER-UHFFFAOYSA-N__seed42,4UDW,OZYBACPIVBLIER-UHFFFAOYSA-N,SUCCESS,--,0.340082586,0.340082586,N/A_NO_SPECIAL_TYPE,YES_IF_SUCCESS,
OLD_M3,4UDW__PQEQQMLZYPTIEQ-UHFFFAOYSA-N__seed42,4UDW,PQEQQMLZYPTIEQ-UHFFFAOYSA-N,SUCCESS,--,0.850054264,0.850054264,N/A_NO_SPECIAL_TYPE,YES_IF_SUCCESS,
OLD_M3,4UDW__PQJGWYQPOHCEDO-ZDUSSCGKSA-N__seed42,4UDW,PQJGWYQPOHCEDO-ZDUSSCGKSA-N,SUCCESS,--,0.831128478,0.831128478,N/A_NO_SPECIAL_TYPE,YES_IF_SUCCESS,
OLD_M3,4UDW__QACZHTZZUSYTGR-NDEPHWFRSA-N__seed42,4UDW,QACZHTZZUSYTGR-NDEPHWFRSA-N,SUCCESS,--,0.570369542,0.570369542,N/A_NO_SPECIAL_TYPE,YES_IF_SUCCESS,
OLD_M3,4UDW__QAIZMIBCSNGQKN-UHFFFAOYSA-N__seed42,4UDW,QAIZMIBCSNGQKN-UHFFFAOYSA-N,SUCCESS,--,0.364565551,0.364565551,N/A_NO_SPECIAL_TYPE,YES_IF_SUCCESS,
OLD_M3,4UDW__QGFDDMPEQGUIST-INIZCTEOSA-N__seed42,4UDW,QGFDDMPEQGUIST-INIZCTEOSA-N,SUCCESS,--,0.959943116,0.959943116,N/A_NO_SPECIAL_TYPE,YES_IF_SUCCESS,
OLD_M3,4UDW__QZKOOEFIMWKZPK-UHFFFAOYSA-N__seed42,4UDW,QZKOOEFIMWKZPK-UHFFFAOYSA-N,SUCCESS,--,0.359012127,0.359012127,N/A_NO_SPECIAL_TYPE,YES_IF_SUCCESS,
OLD_M3,4UDW__RDSVRCGNSLPORJ-UHFFFAOYSA-N__seed42,4UDW,RDSVRCGNSLPORJ-UHFFFAOYSA-N,SUCCESS,--,0.507196367,0.507196367,N/A_NO_SPECIAL_TYPE,YES_IF_SUCCESS,
OLD_M3,4UDW__RYCYVWBHORYZIQ-UHFFFAOYSA-N__seed42,4UDW,RYCYVWBHORYZIQ-UHFFFAOYSA-N,SUCCESS,--,0.87329495,0.87329495,N/A_NO_SPECIAL_TYPE,YES_IF_SUCCESS,
OLD_M3,4UDW__SCZBXBBBMCBNSK-SIBCGJTDSA-N__seed42,4UDW,SCZBXBBBMCBNSK-SIBCGJTDSA-N,SUCCESS,--,0.644119859,0.644119859,M3_INPUT_TOPOLOGY_FAIL,NO_INVALID_INPUT_REPRESENTATION,
OLD_M3,4UDW__SCZBXBBBMCBNSK-TVGQLCNQSA-N__seed42,4UDW,SCZBXBBBMCBNSK-TVGQLCNQSA-N,SUCCESS,--,0.836306572,0.836306572,M3_INPUT_TOPOLOGY_FAIL,NO_INVALID_INPUT_REPRESENTATION,
OLD_M3,4UDW__SOIIHESTBYNJRH-PMPSAXMXSA-N__seed42,4UDW,SOIIHESTBYNJRH-PMPSAXMXSA-N,SUCCESS,--,0.845000684,0.845000684,N/A_NO_SPECIAL_TYPE,YES_IF_SUCCESS,
OLD_M3,4UDW__SYJMIXHRYXUAGD-FEROLFGZSA-N__seed42,4UDW,SYJMIXHRYXUAGD-FEROLFGZSA-N,SUCCESS,--,0.75141108,0.75141108,N/A_NO_SPECIAL_TYPE,YES_IF_SUCCESS,
OLD_M3,4UDW__SYSYKLZQEKYYOI-RBUKOAKNSA-N__seed42,4UDW,SYSYKLZQEKYYOI-RBUKOAKNSA-N,SUCCESS,--,0.838195622,0.838195622,N/A_NO_SPECIAL_TYPE,YES_IF_SUCCESS,
OLD_M3,4UDW__SZBGAKRKURPQNJ-UHFFFAOYSA-N__seed42,4UDW,SZBGAKRKURPQNJ-UHFFFAOYSA-N,SUCCESS,--,0.96575433,0.96575433,N/A_NO_SPECIAL_TYPE,YES_IF_SUCCESS,
OLD_M3,4UDW__UHRIYOJEACOYON-PKOBYXMFSA-N__seed42,4UDW,UHRIYOJEACOYON-PKOBYXMFSA-N,SUCCESS,--,0.976146936,0.976146936,N/A_NO_SPECIAL_TYPE,YES_IF_SUCCESS,
OLD_M3,4UDW__UQMOAGGBXALCSZ-UXHICEINSA-N__seed42,4UDW,UQMOAGGBXALCSZ-UXHICEINSA-N,SUCCESS,--,0.851255238,0.851255238,N/A_NO_SPECIAL_TYPE,YES_IF_SUCCESS,
OLD_M3,4UDW__UWOLGNVHETVCHA-FTJBHMTQSA-N__seed42,4UDW,UWOLGNVHETVCHA-FTJBHMTQSA-N,SUCCESS,--,0.896355093,0.896355093,N/A_NO_SPECIAL_TYPE,YES_IF_SUCCESS,
OLD_M3,4UDW__VDJZDGBZCZVZJP-UHFFFAOYSA-N__seed42,4UDW,VDJZDGBZCZVZJP-UHFFFAOYSA-N,SUCCESS,--,0.980248153,0.980248153,N/A_NO_SPECIAL_TYPE,YES_IF_SUCCESS,
OLD_M3,4UDW__VHCWDBADFMDZND-QFYYESIMSA-N__seed42,4UDW,VHCWDBADFMDZND-QFYYESIMSA-N,SUCCESS,--,0.409102261,0.409102261,N/A_NO_SPECIAL_TYPE,YES_IF_SUCCESS,
OLD_M3,4UDW__VIBLPWPPWBZROD-HOTGVXAUSA-N__seed42,4UDW,VIBLPWPPWBZROD-HOTGVXAUSA-N,SUCCESS,--,0.964673638,0.964673638,N/A_NO_SPECIAL_TYPE,YES_IF_SUCCESS,
OLD_M3,4UDW__VICVHWDAOZFSIP-LJAQVGFWSA-N__seed42,4UDW,VICVHWDAOZFSIP-LJAQVGFWSA-N,SUCCESS,--,0.799453616,0.799453616,N/A_NO_SPECIAL_TYPE,YES_IF_SUCCESS,
OLD_M3,4UDW__VMOIYDCLDVVDJV-UHFFFAOYSA-N__seed42,4UDW,VMOIYDCLDVVDJV-UHFFFAOYSA-N,SUCCESS,--,0.596365213,0.596365213,N/A_NO_SPECIAL_TYPE,YES_IF_SUCCESS,
OLD_M3,4UDW__VOGZXZRPMAOGPW-UHFFFAOYSA-N__seed42,4UDW,VOGZXZRPMAOGPW-UHFFFAOYSA-N,SUCCESS,--,0.783524811,0.783524811,N/A_NO_SPECIAL_TYPE,YES_IF_SUCCESS,
OLD_M3,4UDW__VWXAJELEKJVKSG-UHFFFAOYSA-N__seed42,4UDW,VWXAJELEKJVKSG-UHFFFAOYSA-N,SUCCESS,--,0.681659162,0.681659162,N/A_NO_SPECIAL_TYPE,YES_IF_SUCCESS,
OLD_M3,4UDW__WBABMFHWOJEJNP-UHFFFAOYSA-N__seed42,4UDW,WBABMFHWOJEJNP-UHFFFAOYSA-N,SUCCESS,--,0.85601294,0.85601294,M3_INPUT_TOPOLOGY_FAIL,NO_INVALID_INPUT_REPRESENTATION,
OLD_M3,4UDW__WLDWWFXJFODOTC-UHFFFAOYSA-N__seed42,4UDW,WLDWWFXJFODOTC-UHFFFAOYSA-N,SUCCESS,--,0.428880483,0.428880483,N/A_NO_SPECIAL_TYPE,YES_IF_SUCCESS,
OLD_M3,4UDW__WVAOHMVBVSDJQO-UHFFFAOYSA-N__seed42,4UDW,WVAOHMVBVSDJQO-UHFFFAOYSA-N,SUCCESS,--,0.479063928,0.479063928,N/A_NO_SPECIAL_TYPE,YES_IF_SUCCESS,
OLD_M3,4UDW__WVAPDSKWUGJHOT-DEOSSOPVSA-N__seed42,4UDW,WVAPDSKWUGJHOT-DEOSSOPVSA-N,SUCCESS,--,0.611353278,0.611353278,N/A_NO_SPECIAL_TYPE,YES_IF_SUCCESS,
OLD_M3,4UDW__WYCVSPRVSFUVMA-UHFFFAOYSA-N__seed42,4UDW,WYCVSPRVSFUVMA-UHFFFAOYSA-N,SUCCESS,--,0.759650409,0.759650409,N/A_NO_SPECIAL_TYPE,YES_IF_SUCCESS,
OLD_M3,4UDW__XBTPFPWYGMNPPA-UHFFFAOYSA-N__seed42,4UDW,XBTPFPWYGMNPPA-UHFFFAOYSA-N,SUCCESS,--,0.919183552,0.919183552,N/A_NO_SPECIAL_TYPE,YES_IF_SUCCESS,
OLD_M3,4UDW__XWJGZMVWOIPRDB-CLIZBVFSSA-N__seed42,4UDW,XWJGZMVWOIPRDB-CLIZBVFSSA-N,SUCCESS,--,0.619238615,0.619238615,M3_INPUT_TOPOLOGY_FAIL,NO_INVALID_INPUT_REPRESENTATION,
OLD_M3,4UDW__XZNCKJGAEMMGKU-BOOFMNMKSA-N__seed42,4UDW,XZNCKJGAEMMGKU-BOOFMNMKSA-N,SUCCESS,--,0.511605203,0.511605203,N/A_NO_SPECIAL_TYPE,YES_IF_SUCCESS,
OLD_M3,4UDW__YBSJFWOBGCMAKL-UHFFFAOYSA-N__seed42,4UDW,YBSJFWOBGCMAKL-UHFFFAOYSA-N,SUCCESS,--,0.71899426,0.71899426,N/A_NO_SPECIAL_TYPE,YES_IF_SUCCESS,
OLD_M3,4UDW__YCMUIWWODVYRLS-UHFFFAOYSA-N__seed42,4UDW,YCMUIWWODVYRLS-UHFFFAOYSA-N,SUCCESS,--,0.490316957,0.490316957,N/A_NO_SPECIAL_TYPE,YES_IF_SUCCESS,
OLD_M3,4UDW__YGMAIAXBJLVVLI-KLJDGLGGSA-N__seed42,4UDW,YGMAIAXBJLVVLI-KLJDGLGGSA-N,SUCCESS,--,0.385511935,0.385511935,N/A_NO_SPECIAL_TYPE,YES_IF_SUCCESS,
OLD_M3,4UDW__YMOFSDWBUFAIRB-UHFFFAOYSA-N__seed42,4UDW,YMOFSDWBUFAIRB-UHFFFAOYSA-N,SUCCESS,--,0.708367884,0.708367884,N/A_NO_SPECIAL_TYPE,YES_IF_SUCCESS,
OLD_M3,4UDW__YPEJQZNLCKSDCY-ZWKOTPCHSA-N__seed42,4UDW,YPEJQZNLCKSDCY-ZWKOTPCHSA-N,SUCCESS,--,0.917740345,0.917740345,N/A_NO_SPECIAL_TYPE,YES_IF_SUCCESS,
OLD_M3,4UDW__YRDJOOUTTZXUCV-UHFFFAOYSA-N__seed42,4UDW,YRDJOOUTTZXUCV-UHFFFAOYSA-N,SUCCESS,--,0.762179136,0.762179136,N/A_NO_SPECIAL_TYPE,YES_IF_SUCCESS,
OLD_M3,4UDW__YXSHAUMNJBEKLS-ROUUACIJSA-N__seed42,4UDW,YXSHAUMNJBEKLS-ROUUACIJSA-N,SUCCESS,--,0.831253588,0.831253588,M3_INPUT_TOPOLOGY_FAIL,NO_INVALID_INPUT_REPRESENTATION,
OLD_M3,4UDW__ZEJKPIWHZAIROY-UHFFFAOYSA-N__seed42,4UDW,ZEJKPIWHZAIROY-UHFFFAOYSA-N,SUCCESS,--,0.680821538,0.680821538,N/A_NO_SPECIAL_TYPE,YES_IF_SUCCESS,
OLD_M3,4UDW__ZGTBPFPYIIGPEC-LJAQVGFWSA-N__seed42,4UDW,ZGTBPFPYIIGPEC-LJAQVGFWSA-N,SUCCESS,--,0.789187372,0.789187372,N/A_NO_SPECIAL_TYPE,YES_IF_SUCCESS,
OLD_M3,4UDW__ZGTXQBGGQAQPFQ-RGEXLXHISA-N__seed42,4UDW,ZGTXQBGGQAQPFQ-RGEXLXHISA-N,SUCCESS,--,0.898743272,0.898743272,N/A_NO_SPECIAL_TYPE,YES_IF_SUCCESS,
OLD_M3,4UDW__ZSXKVVVADMTYQB-UHFFFAOYSA-N__seed42,4UDW,ZSXKVVVADMTYQB-UHFFFAOYSA-N,SUCCESS,--,0.730895638,0.730895638,N/A_NO_SPECIAL_TYPE,YES_IF_SUCCESS,
OLD_M3,5U3Q__AHSFPZHWAFXABZ-GNZBLXBPSA-N__seed42,5U3Q,AHSFPZHWAFXABZ-GNZBLXBPSA-N,SUCCESS,--,0.359422117,0.359422117,N/A_NO_SPECIAL_TYPE,YES_IF_SUCCESS,
OLD_M3,5U3Q__AOYSVQRIFFGPEM-SNAWJCMRSA-N__seed42,5U3Q,AOYSVQRIFFGPEM-SNAWJCMRSA-N,SUCCESS,--,0.960416615,0.960416615,N/A_NO_SPECIAL_TYPE,YES_IF_SUCCESS,
OLD_M3,5U3Q__BCZXWVFNOOINGV-UHFFFAOYSA-N__seed42,5U3Q,BCZXWVFNOOINGV-UHFFFAOYSA-N,SUCCESS,--,0.828136384,0.828136384,N/A_NO_SPECIAL_TYPE,YES_IF_SUCCESS,
OLD_M3,5U3Q__BDLLIPYDNFENMY-UHFFFAOYSA-N__seed42,5U3Q,BDLLIPYDNFENMY-UHFFFAOYSA-N,SUCCESS,--,0.88577652,0.88577652,N/A_NO_SPECIAL_TYPE,YES_IF_SUCCESS,
OLD_M3,5U3Q__BOIFMTPHEQFLJE-NRFANRHFSA-N__seed42,5U3Q,BOIFMTPHEQFLJE-NRFANRHFSA-N,SUCCESS,--,0.918631434,0.918631434,N/A_NO_SPECIAL_TYPE,YES_IF_SUCCESS,
OLD_M3,5U3Q__BONGLINICVKANL-UHFFFAOYSA-N__seed42,5U3Q,BONGLINICVKANL-UHFFFAOYSA-N,SUCCESS,--,0.884469926,0.884469926,N/A_NO_SPECIAL_TYPE,YES_IF_SUCCESS,
OLD_M3,5U3Q__BUSSTZHQFNNSKW-UHFFFAOYSA-N__seed42,5U3Q,BUSSTZHQFNNSKW-UHFFFAOYSA-N,SUCCESS,--,0.742998481,0.742998481,N/A_NO_SPECIAL_TYPE,YES_IF_SUCCESS,
OLD_M3,5U3Q__BZYLNONMQIRLBA-UHFFFAOYSA-N__seed42,5U3Q,BZYLNONMQIRLBA-UHFFFAOYSA-N,SUCCESS,--,0.701348305,0.701348305,N/A_NO_SPECIAL_TYPE,YES_IF_SUCCESS,
OLD_M3,5U3Q__CEQIFVNZZJWOTJ-KRWDZBQOSA-N__seed42,5U3Q,CEQIFVNZZJWOTJ-KRWDZBQOSA-N,SUCCESS,--,0.726056576,0.726056576,N/A_NO_SPECIAL_TYPE,YES_IF_SUCCESS,
OLD_M3,5U3Q__CEZQCSLTMJJXSS-QHCPKHFHSA-N__seed42,5U3Q,CEZQCSLTMJJXSS-QHCPKHFHSA-N,SUCCESS,--,0.89728266,0.89728266,N/A_NO_SPECIAL_TYPE,YES_IF_SUCCESS,
OLD_M3,5U3Q__CSDWIBHREUDPME-UHFFFAOYSA-N__seed42,5U3Q,CSDWIBHREUDPME-UHFFFAOYSA-N,SUCCESS,--,0.95407337,0.95407337,N/A_NO_SPECIAL_TYPE,YES_IF_SUCCESS,
OLD_M3,5U3Q__CYSRURFSGZEJNU-SCZZXKLOSA-N__seed42,5U3Q,CYSRURFSGZEJNU-SCZZXKLOSA-N,SUCCESS,--,0.738481462,0.738481462,N/A_NO_SPECIAL_TYPE,YES_IF_SUCCESS,
OLD_M3,5U3Q__DBXQFQRUXGQRKN-UHFFFAOYSA-N__seed42,5U3Q,DBXQFQRUXGQRKN-UHFFFAOYSA-N,SUCCESS,--,0.918250918,0.918250918,N/A_NO_SPECIAL_TYPE,YES_IF_SUCCESS,
OLD_M3,5U3Q__DPUOLQHDNGRHBS-KTKRTIGZSA-N__seed42,5U3Q,DPUOLQHDNGRHBS-KTKRTIGZSA-N,SUCCESS,--,0.804600537,0.804600537,N/A_NO_SPECIAL_TYPE,YES_IF_SUCCESS,
OLD_M3,5U3Q__FAQHMFAPRWBDDB-UHFFFAOYSA-N__seed42,5U3Q,FAQHMFAPRWBDDB-UHFFFAOYSA-N,SUCCESS,--,0.90033555,0.90033555,N/A_NO_SPECIAL_TYPE,YES_IF_SUCCESS,
OLD_M3,5U3Q__FIHJPLGXFTWHLZ-AREMUKBSSA-N__seed42,5U3Q,FIHJPLGXFTWHLZ-AREMUKBSSA-N,SUCCESS,--,0.930521727,0.930521727,N/A_NO_SPECIAL_TYPE,YES_IF_SUCCESS,
OLD_M3,5U3Q__FPXPNQMJSUYWAC-UHFFFAOYSA-N__seed42,5U3Q,FPXPNQMJSUYWAC-UHFFFAOYSA-N,SUCCESS,--,0.918451309,0.918451309,N/A_NO_SPECIAL_TYPE,YES_IF_SUCCESS,
OLD_M3,5U3Q__FVNMATFYGNOSRW-RTLBZRNLSA-N__seed42,5U3Q,FVNMATFYGNOSRW-RTLBZRNLSA-N,SUCCESS,--,0.89948535,0.89948535,N/A_NO_SPECIAL_TYPE,YES_IF_SUCCESS,
OLD_M3,5U3Q__GCHRLYTWUNUADL-UHFFFAOYSA-N__seed42,5U3Q,GCHRLYTWUNUADL-UHFFFAOYSA-N,SUCCESS,--,0.818907559,0.818907559,N/A_NO_SPECIAL_TYPE,YES_IF_SUCCESS,
OLD_M3,5U3Q__GUFHDBFHNDUDJA-GXJYFLSQSA-N__seed42,5U3Q,GUFHDBFHNDUDJA-GXJYFLSQSA-N,SUCCESS,--,0.554131567,0.554131567,N/A_NO_SPECIAL_TYPE,YES_IF_SUCCESS,
OLD_M3,5U3Q__HBCBZGQRHKFODN-UHFFFAOYSA-N__seed42,5U3Q,HBCBZGQRHKFODN-UHFFFAOYSA-N,SUCCESS,--,0.918549955,0.918549955,N/A_NO_SPECIAL_TYPE,YES_IF_SUCCESS,
OLD_M3,5U3Q__HBKNDUAKMHVGNM-SFHVURJKSA-N__seed42,5U3Q,HBKNDUAKMHVGNM-SFHVURJKSA-N,SUCCESS,--,0.805762947,0.805762947,N/A_NO_SPECIAL_TYPE,YES_IF_SUCCESS,
OLD_M3,5U3Q__HCSJCPSQGSDDFT-UHFFFAOYSA-N__seed42,5U3Q,HCSJCPSQGSDDFT-UHFFFAOYSA-N,SUCCESS,--,0.811028123,0.811028123,N/A_NO_SPECIAL_TYPE,YES_IF_SUCCESS,
OLD_M3,5U3Q__HGOOOJAHOUQCDO-UHFFFAOYSA-N__seed42,5U3Q,HGOOOJAHOUQCDO-UHFFFAOYSA-N,SUCCESS,--,0.851261675,0.851261675,N/A_NO_SPECIAL_TYPE,YES_IF_SUCCESS,
OLD_M3,5U3Q__HRNDBVFQBKUZAV-UHFFFAOYSA-N__seed42,5U3Q,HRNDBVFQBKUZAV-UHFFFAOYSA-N,SUCCESS,--,0.848920107,0.848920107,N/A_NO_SPECIAL_TYPE,YES_IF_SUCCESS,
OLD_M3,5U3Q__HYAFETHFCAUJAY-UHFFFAOYSA-N__seed42,5U3Q,HYAFETHFCAUJAY-UHFFFAOYSA-N,SUCCESS,--,0.767961085,0.767961085,N/A_NO_SPECIAL_TYPE,YES_IF_SUCCESS,
OLD_M3,5U3Q__IAFVOFFJCUHEHP-NRFANRHFSA-N__seed42,5U3Q,IAFVOFFJCUHEHP-NRFANRHFSA-N,SUCCESS,--,0.810847104,0.810847104,N/A_NO_SPECIAL_TYPE,YES_IF_SUCCESS,
OLD_M3,5U3Q__IAYZUSPSHIIGQF-UHFFFAOYSA-N__seed42,5U3Q,IAYZUSPSHIIGQF-UHFFFAOYSA-N,SUCCESS,--,0.932532668,0.932532668,N/A_NO_SPECIAL_TYPE,YES_IF_SUCCESS,
OLD_M3,5U3Q__IELCDGLGXNKKIF-SFHVURJKSA-N__seed42,5U3Q,IELCDGLGXNKKIF-SFHVURJKSA-N,SUCCESS,--,0.808722079,0.808722079,N/A_NO_SPECIAL_TYPE,YES_IF_SUCCESS,
OLD_M3,5U3Q__IPEYXJWSWJYBLB-UHFFFAOYSA-N__seed42,5U3Q,IPEYXJWSWJYBLB-UHFFFAOYSA-N,SUCCESS,--,0.803220928,0.803220928,N/A_NO_SPECIAL_TYPE,YES_IF_SUCCESS,
OLD_M3,5U3Q__IRSFLNXJVJKMDT-UHFFFAOYSA-N__seed42,5U3Q,IRSFLNXJVJKMDT-UHFFFAOYSA-N,SUCCESS,--,0.599667192,0.599667192,N/A_NO_SPECIAL_TYPE,YES_IF_SUCCESS,
OLD_M3,5U3Q__ISEMTHSDRXTHAL-UHFFFAOYSA-N__seed42,5U3Q,ISEMTHSDRXTHAL-UHFFFAOYSA-N,SUCCESS,--,0.921594799,0.921594799,N/A_NO_SPECIAL_TYPE,YES_IF_SUCCESS,
OLD_M3,5U3Q__JARCLKXJFZURIW-UHFFFAOYSA-N__seed42,5U3Q,JARCLKXJFZURIW-UHFFFAOYSA-N,SUCCESS,--,0.922783196,0.922783196,N/A_NO_SPECIAL_TYPE,YES_IF_SUCCESS,
OLD_M3,5U3Q__JCHHFNRLYJILLG-UHFFFAOYSA-N__seed42,5U3Q,JCHHFNRLYJILLG-UHFFFAOYSA-N,SUCCESS,--,0.860080302,0.860080302,N/A_NO_SPECIAL_TYPE,YES_IF_SUCCESS,
OLD_M3,5U3Q__JFUVFUCRMGFVPT-UHFFFAOYSA-N__seed42,5U3Q,JFUVFUCRMGFVPT-UHFFFAOYSA-N,SUCCESS,--,0.75478816,0.75478816,N/A_NO_SPECIAL_TYPE,YES_IF_SUCCESS,
OLD_M3,5U3Q__JGVVJDWQQMDOFB-UHFFFAOYSA-N__seed42,5U3Q,JGVVJDWQQMDOFB-UHFFFAOYSA-N,SUCCESS,--,0.827355742,0.827355742,N/A_NO_SPECIAL_TYPE,YES_IF_SUCCESS,
OLD_M3,5U3Q__JLAXJZRUAXLLMT-SANMLTNESA-N__seed42,5U3Q,JLAXJZRUAXLLMT-SANMLTNESA-N,SUCCESS,--,0.957281828,0.957281828,N/A_NO_SPECIAL_TYPE,YES_IF_SUCCESS,
OLD_M3,5U3Q__JLAXJZRUAXLLMT-UHFFFAOYSA-N__seed42,5U3Q,JLAXJZRUAXLLMT-UHFFFAOYSA-N,SUCCESS,--,0.903245151,0.903245151,N/A_NO_SPECIAL_TYPE,YES_IF_SUCCESS,
OLD_M3,5U3Q__JOYLQSJSOGYNLV-UHFFFAOYSA-N__seed42,5U3Q,JOYLQSJSOGYNLV-UHFFFAOYSA-N,SUCCESS,--,0.624717295,0.624717295,N/A_NO_SPECIAL_TYPE,YES_IF_SUCCESS,
OLD_M3,5U3Q__JPCMVIVXKCMDJB-UHFFFAOYSA-N__seed42,5U3Q,JPCMVIVXKCMDJB-UHFFFAOYSA-N,SUCCESS,--,0.919983208,0.919983208,N/A_NO_SPECIAL_TYPE,YES_IF_SUCCESS,
OLD_M3,5U3Q__JPMPBRCMWMZEJM-NRFANRHFSA-N__seed42,5U3Q,JPMPBRCMWMZEJM-NRFANRHFSA-N,SUCCESS,--,0.901821494,0.901821494,N/A_NO_SPECIAL_TYPE,YES_IF_SUCCESS,
OLD_M3,5U3Q__JRLWCVYDISBEGH-UHFFFAOYSA-N__seed42,5U3Q,JRLWCVYDISBEGH-UHFFFAOYSA-N,SUCCESS,--,0.682537496,0.682537496,N/A_NO_SPECIAL_TYPE,YES_IF_SUCCESS,
OLD_M3,5U3Q__JSTSZHVRXHMZQK-UHFFFAOYSA-N__seed42,5U3Q,JSTSZHVRXHMZQK-UHFFFAOYSA-N,SUCCESS,--,0.588401318,0.588401318,N/A_NO_SPECIAL_TYPE,YES_IF_SUCCESS,
OLD_M3,5U3Q__JTOAFJBWGZQGSU-UHFFFAOYSA-N__seed42,5U3Q,JTOAFJBWGZQGSU-UHFFFAOYSA-N,SUCCESS,--,0.908577323,0.908577323,N/A_NO_SPECIAL_TYPE,YES_IF_SUCCESS,
OLD_M3,5U3Q__KAGLXEKIFXHEMB-UHFFFAOYSA-N__seed42,5U3Q,KAGLXEKIFXHEMB-UHFFFAOYSA-N,SUCCESS,--,0.905784607,0.905784607,N/A_NO_SPECIAL_TYPE,YES_IF_SUCCESS,
OLD_M3,5U3Q__KGCCMHIRXXLQQG-UHFFFAOYSA-N__seed42,5U3Q,KGCCMHIRXXLQQG-UHFFFAOYSA-N,SUCCESS,--,0.805002332,0.805002332,N/A_NO_SPECIAL_TYPE,YES_IF_SUCCESS,
OLD_M3,5U3Q__KOKMBZJOVKNCIL-PCLIKHOPSA-N__seed42,5U3Q,KOKMBZJOVKNCIL-PCLIKHOPSA-N,SUCCESS,--,0.931636691,0.931636691,N/A_NO_SPECIAL_TYPE,YES_IF_SUCCESS,
OLD_M3,5U3Q__KOXPFQLGGZYKBZ-UHFFFAOYSA-N__seed42,5U3Q,KOXPFQLGGZYKBZ-UHFFFAOYSA-N,SUCCESS,--,0.939037502,0.939037502,N/A_NO_SPECIAL_TYPE,YES_IF_SUCCESS,
OLD_M3,5U3Q__KSTNVCYPZQORSY-LYSGITKLSA-N__seed42,5U3Q,KSTNVCYPZQORSY-LYSGITKLSA-N,SUCCESS,--,0.727245212,0.727245212,N/A_NO_SPECIAL_TYPE,YES_IF_SUCCESS,
OLD_M3,5U3Q__KUARAUXPEGUHNO-UHFFFAOYSA-N__seed42,5U3Q,KUARAUXPEGUHNO-UHFFFAOYSA-N,SUCCESS,--,0.746242404,0.746242404,N/A_NO_SPECIAL_TYPE,YES_IF_SUCCESS,
OLD_M3,5U3Q__KWGGIRZLUSNBCK-UHFFFAOYSA-N__seed42,5U3Q,KWGGIRZLUSNBCK-UHFFFAOYSA-N,SUCCESS,--,0.930048287,0.930048287,N/A_NO_SPECIAL_TYPE,YES_IF_SUCCESS,
OLD_M3,5U3Q__KWSPYUOBNIMILB-AREMUKBSSA-N__seed42,5U3Q,KWSPYUOBNIMILB-AREMUKBSSA-N,SUCCESS,--,0.590948224,0.590948224,N/A_NO_SPECIAL_TYPE,YES_IF_SUCCESS,
OLD_M3,5U3Q__KWSPYUOBNIMILB-SANMLTNESA-N__seed42,5U3Q,KWSPYUOBNIMILB-SANMLTNESA-N,SUCCESS,--,0.524011374,0.524011374,N/A_NO_SPECIAL_TYPE,YES_IF_SUCCESS,
OLD_M3,5U3Q__KXPCNHRXRBQQBA-MNQSQUENSA-N__seed42,5U3Q,KXPCNHRXRBQQBA-MNQSQUENSA-N,SUCCESS,--,0.699874997,0.699874997,N/A_NO_SPECIAL_TYPE,YES_IF_SUCCESS,
OLD_M3,5U3Q__LOUUYASGVWWLFM-UHFFFAOYSA-N__seed42,5U3Q,LOUUYASGVWWLFM-UHFFFAOYSA-N,SUCCESS,--,0.75187844,0.75187844,N/A_NO_SPECIAL_TYPE,YES_IF_SUCCESS,
OLD_M3,5U3Q__LSWSHDRNBQEKKN-XMMPIXPASA-N__seed42,5U3Q,LSWSHDRNBQEKKN-XMMPIXPASA-N,SUCCESS,--,0.903049827,0.903049827,N/A_NO_SPECIAL_TYPE,YES_IF_SUCCESS,
OLD_M3,5U3Q__LVPGETDKDGGUPG-UHFFFAOYSA-N__seed42,5U3Q,LVPGETDKDGGUPG-UHFFFAOYSA-N,SUCCESS,--,0.822194219,0.822194219,N/A_NO_SPECIAL_TYPE,YES_IF_SUCCESS,
OLD_M3,5U3Q__MJHLFPYZTLHAHB-UHFFFAOYSA-N__seed42,5U3Q,MJHLFPYZTLHAHB-UHFFFAOYSA-N,SUCCESS,--,0.941737175,0.941737175,N/A_NO_SPECIAL_TYPE,YES_IF_SUCCESS,
OLD_M3,5U3Q__MMUPKVYIRSGJIV-UHFFFAOYSA-N__seed42,5U3Q,MMUPKVYIRSGJIV-UHFFFAOYSA-N,SUCCESS,--,0.928983986,0.928983986,N/A_NO_SPECIAL_TYPE,YES_IF_SUCCESS,
OLD_M3,5U3Q__NBCYDSVKELDZHZ-IBGZPJMESA-N__seed42,5U3Q,NBCYDSVKELDZHZ-IBGZPJMESA-N,SUCCESS,--,0.696344316,0.696344316,N/A_NO_SPECIAL_TYPE,YES_IF_SUCCESS,
OLD_M3,5U3Q__NBKZFDLGHCZCTH-VAWYXSNFSA-N__seed42,5U3Q,NBKZFDLGHCZCTH-VAWYXSNFSA-N,SUCCESS,--,0.888240576,0.888240576,N/A_NO_SPECIAL_TYPE,YES_IF_SUCCESS,
OLD_M3,5U3Q__NCWCKTNFULGDMU-UHFFFAOYSA-N__seed42,5U3Q,NCWCKTNFULGDMU-UHFFFAOYSA-N,SUCCESS,--,0.949866891,0.949866891,N/A_NO_SPECIAL_TYPE,YES_IF_SUCCESS,
OLD_M3,5U3Q__NDYAVUSEOIDPAZ-IBGZPJMESA-N__seed42,5U3Q,NDYAVUSEOIDPAZ-IBGZPJMESA-N,SUCCESS,--,0.811608613,0.811608613,N/A_NO_SPECIAL_TYPE,YES_IF_SUCCESS,
OLD_M3,5U3Q__NFFXEUUOMTXWCX-UHFFFAOYSA-N__seed42,5U3Q,NFFXEUUOMTXWCX-UHFFFAOYSA-N,SUCCESS,--,0.878994644,0.878994644,N/A_NO_SPECIAL_TYPE,YES_IF_SUCCESS,
OLD_M3,5U3Q__NFNUTCDJMMLZMX-CJXXQJBOSA-N__seed42,5U3Q,NFNUTCDJMMLZMX-CJXXQJBOSA-N,SUCCESS,--,0.716604054,0.716604054,N/A_NO_SPECIAL_TYPE,YES_IF_SUCCESS,
OLD_M3,5U3Q__NGCBWFOLJZBGAA-UHFFFAOYSA-N__seed42,5U3Q,NGCBWFOLJZBGAA-UHFFFAOYSA-N,SUCCESS,--,0.918447495,0.918447495,N/A_NO_SPECIAL_TYPE,YES_IF_SUCCESS,
OLD_M3,5U3Q__NIPHPZHHUCNETC-UHFFFAOYSA-N__seed42,5U3Q,NIPHPZHHUCNETC-UHFFFAOYSA-N,SUCCESS,--,0.790966213,0.790966213,N/A_NO_SPECIAL_TYPE,YES_IF_SUCCESS,
OLD_M3,5U3Q__NRFZOEHKEBDYGE-UHFFFAOYSA-N__seed42,5U3Q,NRFZOEHKEBDYGE-UHFFFAOYSA-N,SUCCESS,--,0.880050182,0.880050182,N/A_NO_SPECIAL_TYPE,YES_IF_SUCCESS,
OLD_M3,5U3Q__NSJOUOFECXFWLG-UHFFFAOYSA-N__seed42,5U3Q,NSJOUOFECXFWLG-UHFFFAOYSA-N,SUCCESS,--,0.945641458,0.945641458,N/A_NO_SPECIAL_TYPE,YES_IF_SUCCESS,
OLD_M3,5U3Q__NTVBAWSNQRKVKF-FQEVSTJZSA-N__seed42,5U3Q,NTVBAWSNQRKVKF-FQEVSTJZSA-N,SUCCESS,--,0.865572274,0.865572274,N/A_NO_SPECIAL_TYPE,YES_IF_SUCCESS,
OLD_M3,5U3Q__NVVUNCYOVFKRLC-UHFFFAOYSA-N__seed42,5U3Q,NVVUNCYOVFKRLC-UHFFFAOYSA-N,SUCCESS,--,0.979539216,0.979539216,N/A_NO_SPECIAL_TYPE,YES_IF_SUCCESS,
OLD_M3,5U3Q__OBNPHXKERYVVBP-UHFFFAOYSA-N__seed42,5U3Q,OBNPHXKERYVVBP-UHFFFAOYSA-N,SUCCESS,--,0.898268998,0.898268998,N/A_NO_SPECIAL_TYPE,YES_IF_SUCCESS,
OLD_M3,5U3Q__ODBGJCNTAVPIQW-UHFFFAOYSA-N__seed42,5U3Q,ODBGJCNTAVPIQW-UHFFFAOYSA-N,SUCCESS,--,0.723877251,0.723877251,N/A_NO_SPECIAL_TYPE,YES_IF_SUCCESS,
OLD_M3,5U3Q__OFUSDBKUMIIORB-UHFFFAOYSA-N__seed42,5U3Q,OFUSDBKUMIIORB-UHFFFAOYSA-N,SUCCESS,--,0.953608632,0.953608632,N/A_NO_SPECIAL_TYPE,YES_IF_SUCCESS,
OLD_M3,5U3Q__OLAPRRPHWILKIM-UHFFFAOYSA-N__seed42,5U3Q,OLAPRRPHWILKIM-UHFFFAOYSA-N,SUCCESS,--,0.892728925,0.892728925,N/A_NO_SPECIAL_TYPE,YES_IF_SUCCESS,
OLD_M3,5U3Q__OOZNMURDAKWFQS-RUZDIDTESA-N__seed42,5U3Q,OOZNMURDAKWFQS-RUZDIDTESA-N,SUCCESS,--,0.905756354,0.905756354,N/A_NO_SPECIAL_TYPE,YES_IF_SUCCESS,
OLD_M3,5U3Q__PAWOPJKHTZCKMT-UHFFFAOYSA-N__seed42,5U3Q,PAWOPJKHTZCKMT-UHFFFAOYSA-N,SUCCESS,--,0.882582426,0.882582426,N/A_NO_SPECIAL_TYPE,YES_IF_SUCCESS,
OLD_M3,5U3Q__PNHFDVSKDSLUFH-UHFFFAOYSA-N__seed42,5U3Q,PNHFDVSKDSLUFH-UHFFFAOYSA-N,SUCCESS,--,0.838703811,0.838703811,N/A_NO_SPECIAL_TYPE,YES_IF_SUCCESS,
OLD_M3,5U3Q__PXCWWCGIHVDNOF-UHFFFAOYSA-N__seed42,5U3Q,PXCWWCGIHVDNOF-UHFFFAOYSA-N,SUCCESS,--,0.924521685,0.924521685,N/A_NO_SPECIAL_TYPE,YES_IF_SUCCESS,
OLD_M3,5U3Q__PZTNQSXMMTZUAR-UHFFFAOYSA-N__seed42,5U3Q,PZTNQSXMMTZUAR-UHFFFAOYSA-N,SUCCESS,--,0.858619809,0.858619809,N/A_NO_SPECIAL_TYPE,YES_IF_SUCCESS,
OLD_M3,5U3Q__QRUJOOQWHBDHME-JOCHJYFZSA-N__seed42,5U3Q,QRUJOOQWHBDHME-JOCHJYFZSA-N,SUCCESS,--,0.963823795,0.963823795,N/A_NO_SPECIAL_TYPE,YES_IF_SUCCESS,
OLD_M3,5U3Q__RAQQNCJUGFKYOL-UHFFFAOYSA-N__seed42,5U3Q,RAQQNCJUGFKYOL-UHFFFAOYSA-N,SUCCESS,--,0.904433131,0.904433131,N/A_NO_SPECIAL_TYPE,YES_IF_SUCCESS,
OLD_M3,5U3Q__RFUNNAWGSBMBCL-UCQKPKSFSA-N__seed42,5U3Q,RFUNNAWGSBMBCL-UCQKPKSFSA-N,SUCCESS,--,0.584985375,0.584985375,N/A_NO_SPECIAL_TYPE,YES_IF_SUCCESS,
OLD_M3,5U3Q__RSMCCEMRGNFJPV-UHFFFAOYSA-N__seed42,5U3Q,RSMCCEMRGNFJPV-UHFFFAOYSA-N,SUCCESS,--,0.728180647,0.728180647,N/A_NO_SPECIAL_TYPE,YES_IF_SUCCESS,
OLD_M3,5U3Q__SBEKBLIYTASPMP-NRFANRHFSA-N__seed42,5U3Q,SBEKBLIYTASPMP-NRFANRHFSA-N,SUCCESS,--,0.862015545,0.862015545,N/A_NO_SPECIAL_TYPE,YES_IF_SUCCESS,
OLD_M3,5U3Q__SNMFWHCQPZSLEZ-NHOMFQCRSA-N__seed42,5U3Q,SNMFWHCQPZSLEZ-NHOMFQCRSA-N,SUCCESS,--,0.821359515,0.821359515,N/A_NO_SPECIAL_TYPE,YES_IF_SUCCESS,
OLD_M3,5U3Q__STZHOOOMYCDMPJ-SNAWJCMRSA-N__seed42,5U3Q,STZHOOOMYCDMPJ-SNAWJCMRSA-N,SUCCESS,--,0.924780011,0.924780011,N/A_NO_SPECIAL_TYPE,YES_IF_SUCCESS,
OLD_M3,5U3Q__SUSIJEPKDLCOFC-UHFFFAOYSA-N__seed42,5U3Q,SUSIJEPKDLCOFC-UHFFFAOYSA-N,SUCCESS,--,0.910261452,0.910261452,N/A_NO_SPECIAL_TYPE,YES_IF_SUCCESS,
OLD_M3,5U3Q__SVINRMDAUITLII-UHFFFAOYSA-N__seed42,5U3Q,SVINRMDAUITLII-UHFFFAOYSA-N,SUCCESS,--,0.866253257,0.866253257,N/A_NO_SPECIAL_TYPE,YES_IF_SUCCESS,
OLD_M3,5U3Q__UMCOHKMLPVPQBF-VWLOTQADSA-N__seed42,5U3Q,UMCOHKMLPVPQBF-VWLOTQADSA-N,SUCCESS,--,0.877467394,0.877467394,N/A_NO_SPECIAL_TYPE,YES_IF_SUCCESS,
OLD_M3,5U3Q__UNOREIGWESJDHG-UHFFFAOYSA-N__seed42,5U3Q,UNOREIGWESJDHG-UHFFFAOYSA-N,SUCCESS,--,0.913088739,0.913088739,N/A_NO_SPECIAL_TYPE,YES_IF_SUCCESS,
OLD_M3,5U3Q__UNUJRJCEJXKUFP-UHFFFAOYSA-N__seed42,5U3Q,UNUJRJCEJXKUFP-UHFFFAOYSA-N,SUCCESS,--,0.86938113,0.86938113,N/A_NO_SPECIAL_TYPE,YES_IF_SUCCESS,
OLD_M3,5U3Q__UOKLODYFAVGQRH-UHFFFAOYSA-N__seed42,5U3Q,UOKLODYFAVGQRH-UHFFFAOYSA-N,SUCCESS,--,0.813434601,0.813434601,N/A_NO_SPECIAL_TYPE,YES_IF_SUCCESS,
OLD_M3,5U3Q__VFMSUHKKMMGCJU-UHFFFAOYSA-N__seed42,5U3Q,VFMSUHKKMMGCJU-UHFFFAOYSA-N,SUCCESS,--,0.930504143,0.930504143,N/A_NO_SPECIAL_TYPE,YES_IF_SUCCESS,
OLD_M3,5U3Q__VNJJEMOMRQCJFH-UHFFFAOYSA-N__seed42,5U3Q,VNJJEMOMRQCJFH-UHFFFAOYSA-N,SUCCESS,--,0.92503047,0.92503047,N/A_NO_SPECIAL_TYPE,YES_IF_SUCCESS,
OLD_M3,5U3Q__WFLQKKNSBAQKPU-UHFFFAOYSA-N__seed42,5U3Q,WFLQKKNSBAQKPU-UHFFFAOYSA-N,SUCCESS,--,0.754771113,0.754771113,N/A_NO_SPECIAL_TYPE,YES_IF_SUCCESS,
OLD_M3,5U3Q__WYKMVJDPCICIAZ-UHFFFAOYSA-N__seed42,5U3Q,WYKMVJDPCICIAZ-UHFFFAOYSA-N,SUCCESS,--,0.939323306,0.939323306,N/A_NO_SPECIAL_TYPE,YES_IF_SUCCESS,
OLD_M3,5U3Q__XCHNRYVXGNSPQH-UHFFFAOYSA-N__seed42,5U3Q,XCHNRYVXGNSPQH-UHFFFAOYSA-N,SUCCESS,--,0.874789655,0.874789655,N/A_NO_SPECIAL_TYPE,YES_IF_SUCCESS,
OLD_M3,5U3Q__XLKHHIOJLZGOJN-UHFFFAOYSA-N__seed42,5U3Q,XLKHHIOJLZGOJN-UHFFFAOYSA-N,SUCCESS,--,0.925975978,0.925975978,N/A_NO_SPECIAL_TYPE,YES_IF_SUCCESS,
OLD_M3,5U3Q__XNGZNUAVYKUZJL-UHFFFAOYSA-N__seed42,5U3Q,XNGZNUAVYKUZJL-UHFFFAOYSA-N,SUCCESS,--,0.964283824,0.964283824,N/A_NO_SPECIAL_TYPE,YES_IF_SUCCESS,
OLD_M3,5U3Q__XNQKRHGPWPVZTM-SFHVURJKSA-N__seed42,5U3Q,XNQKRHGPWPVZTM-SFHVURJKSA-N,SUCCESS,--,0.906377256,0.906377256,N/A_NO_SPECIAL_TYPE,YES_IF_SUCCESS,
OLD_M3,5U3Q__XWDWDQGJOOSFCU-CFVCEQMKSA-N__seed42,5U3Q,XWDWDQGJOOSFCU-CFVCEQMKSA-N,SUCCESS,--,0.868478,0.868478,N/A_NO_SPECIAL_TYPE,YES_IF_SUCCESS,
OLD_M3,5U3Q__XWDWDQGJOOSFCU-UHFFFAOYSA-N__seed42,5U3Q,XWDWDQGJOOSFCU-UHFFFAOYSA-N,SUCCESS,--,0.798510373,0.798510373,N/A_NO_SPECIAL_TYPE,YES_IF_SUCCESS,
OLD_M3,5U3Q__XXZFDQPPLKUBBR-NNUKFRKNSA-N__seed42,5U3Q,XXZFDQPPLKUBBR-NNUKFRKNSA-N,SUCCESS,--,0.622482717,0.622482717,N/A_NO_SPECIAL_TYPE,YES_IF_SUCCESS,
OLD_M3,5U3Q__YASAKCUCGLMORW-UHFFFAOYSA-N__seed42,5U3Q,YASAKCUCGLMORW-UHFFFAOYSA-N,SUCCESS,--,0.823527455,0.823527455,N/A_NO_SPECIAL_TYPE,YES_IF_SUCCESS,
OLD_M3,5U3Q__YDNAXUMKGRAZTP-UHFFFAOYSA-N__seed42,5U3Q,YDNAXUMKGRAZTP-UHFFFAOYSA-N,SUCCESS,--,0.906352699,0.906352699,N/A_NO_SPECIAL_TYPE,YES_IF_SUCCESS,
OLD_M3,5U3Q__ZERSZVIQLKNOSD-UHFFFAOYSA-N__seed42,5U3Q,ZERSZVIQLKNOSD-UHFFFAOYSA-N,SUCCESS,--,0.852260172,0.852260172,N/A_NO_SPECIAL_TYPE,YES_IF_SUCCESS,
OLD_M3,5U3Q__ZNDDRAUEVHSTJF-UHFFFAOYSA-N__seed42,5U3Q,ZNDDRAUEVHSTJF-UHFFFAOYSA-N,SUCCESS,--,0.955784082,0.955784082,N/A_NO_SPECIAL_TYPE,YES_IF_SUCCESS,
OLD_M3,5U3Q__ZPYXSSUHSIOZJR-IBGZPJMESA-N__seed42,5U3Q,ZPYXSSUHSIOZJR-IBGZPJMESA-N,SUCCESS,--,0.771202207,0.771202207,N/A_NO_SPECIAL_TYPE,YES_IF_SUCCESS,
OLD_M3,5U3Q__ZYTAJJSXWKDKGN-UHFFFAOYSA-N__seed42,5U3Q,ZYTAJJSXWKDKGN-UHFFFAOYSA-N,SUCCESS,--,0.700544119,0.700544119,N/A_NO_SPECIAL_TYPE,YES_IF_SUCCESS,
OLD_M3,6LXA__AGRKTWIASZYTNW-UHFFFAOYSA-N__seed42,6LXA,AGRKTWIASZYTNW-UHFFFAOYSA-N,SUCCESS,--,0.877746582,0.877746582,N/A_NO_SPECIAL_TYPE,YES_IF_SUCCESS,
OLD_M3,6LXA__AHSFPZHWAFXABZ-GNZBLXBPSA-N__seed42,6LXA,AHSFPZHWAFXABZ-GNZBLXBPSA-N,SUCCESS,--,0.680483997,0.680483997,N/A_NO_SPECIAL_TYPE,YES_IF_SUCCESS,
OLD_M3,6LXA__AOYSVQRIFFGPEM-SNAWJCMRSA-N__seed42,6LXA,AOYSVQRIFFGPEM-SNAWJCMRSA-N,SUCCESS,--,0.868045807,0.868045807,N/A_NO_SPECIAL_TYPE,YES_IF_SUCCESS,
OLD_M3,6LXA__BBEUDIUBZYKMHM-UNVZBQTISA-N__seed42,6LXA,BBEUDIUBZYKMHM-UNVZBQTISA-N,SUCCESS,--,0.258090287,0.258090287,N/A_NO_SPECIAL_TYPE,YES_IF_SUCCESS,
OLD_M3,6LXA__BCIXVEZFKFKQET-PMERELPUSA-N__seed42,6LXA,BCIXVEZFKFKQET-PMERELPUSA-N,SUCCESS,--,0.717647433,0.717647433,N/A_NO_SPECIAL_TYPE,YES_IF_SUCCESS,
OLD_M3,6LXA__BCZXWVFNOOINGV-UHFFFAOYSA-N__seed42,6LXA,BCZXWVFNOOINGV-UHFFFAOYSA-N,SUCCESS,--,0.807322919,0.807322919,N/A_NO_SPECIAL_TYPE,YES_IF_SUCCESS,
OLD_M3,6LXA__BDLLIPYDNFENMY-UHFFFAOYSA-N__seed42,6LXA,BDLLIPYDNFENMY-UHFFFAOYSA-N,SUCCESS,--,0.695377946,0.695377946,N/A_NO_SPECIAL_TYPE,YES_IF_SUCCESS,
OLD_M3,6LXA__BFQXQPITYSYKRZ-UHFFFAOYSA-N__seed42,6LXA,BFQXQPITYSYKRZ-UHFFFAOYSA-N,SUCCESS,--,0.717240691,0.717240691,N/A_NO_SPECIAL_TYPE,YES_IF_SUCCESS,
OLD_M3,6LXA__BGRNRDBRZYUNFJ-UHFFFAOYSA-N__seed42,6LXA,BGRNRDBRZYUNFJ-UHFFFAOYSA-N,SUCCESS,--,0.771467209,0.771467209,N/A_NO_SPECIAL_TYPE,YES_IF_SUCCESS,
OLD_M3,6LXA__BIPCJUYHEQBDLC-UHFFFAOYSA-N__seed42,6LXA,BIPCJUYHEQBDLC-UHFFFAOYSA-N,SUCCESS,--,0.75865519,0.75865519,N/A_NO_SPECIAL_TYPE,YES_IF_SUCCESS,
OLD_M3,6LXA__BOIFMTPHEQFLJE-NRFANRHFSA-N__seed42,6LXA,BOIFMTPHEQFLJE-NRFANRHFSA-N,SUCCESS,--,0.779054761,0.779054761,N/A_NO_SPECIAL_TYPE,YES_IF_SUCCESS,
OLD_M3,6LXA__BONGLINICVKANL-UHFFFAOYSA-N__seed42,6LXA,BONGLINICVKANL-UHFFFAOYSA-N,SUCCESS,--,0.836892068,0.836892068,N/A_NO_SPECIAL_TYPE,YES_IF_SUCCESS,
OLD_M3,6LXA__BTDKIISXXJHMST-UHFFFAOYSA-N__seed42,6LXA,BTDKIISXXJHMST-UHFFFAOYSA-N,SUCCESS,--,0.829344273,0.829344273,N/A_NO_SPECIAL_TYPE,YES_IF_SUCCESS,
OLD_M3,6LXA__BUSSTZHQFNNSKW-UHFFFAOYSA-N__seed42,6LXA,BUSSTZHQFNNSKW-UHFFFAOYSA-N,SUCCESS,--,0.722504139,0.722504139,N/A_NO_SPECIAL_TYPE,YES_IF_SUCCESS,
OLD_M3,6LXA__BWQAEQBADOVIBT-UHFFFAOYSA-N__seed42,6LXA,BWQAEQBADOVIBT-UHFFFAOYSA-N,SUCCESS,--,0.634532809,0.634532809,N/A_NO_SPECIAL_TYPE,YES_IF_SUCCESS,
OLD_M3,6LXA__BYRQXKXSMDUCHY-IBGZPJMESA-N__seed42,6LXA,BYRQXKXSMDUCHY-IBGZPJMESA-N,SUCCESS,--,0.834888339,0.834888339,N/A_NO_SPECIAL_TYPE,YES_IF_SUCCESS,
OLD_M3,6LXA__BZYLNONMQIRLBA-UHFFFAOYSA-N__seed42,6LXA,BZYLNONMQIRLBA-UHFFFAOYSA-N,SUCCESS,--,0.773262143,0.773262143,N/A_NO_SPECIAL_TYPE,YES_IF_SUCCESS,
OLD_M3,6LXA__CADIUVOXJVKRSR-UHFFFAOYSA-N__seed42,6LXA,CADIUVOXJVKRSR-UHFFFAOYSA-N,SUCCESS,--,0.793406606,0.793406606,N/A_NO_SPECIAL_TYPE,YES_IF_SUCCESS,
OLD_M3,6LXA__CAEQBTDFYZGGNT-UHFFFAOYSA-N__seed42,6LXA,CAEQBTDFYZGGNT-UHFFFAOYSA-N,SUCCESS,--,0.464455217,0.464455217,N/A_NO_SPECIAL_TYPE,YES_IF_SUCCESS,
OLD_M3,6LXA__CAQVFQUZLBQYOV-RUZDIDTESA-N__seed42,6LXA,CAQVFQUZLBQYOV-RUZDIDTESA-N,SUCCESS,--,0.902881086,0.902881086,N/A_NO_SPECIAL_TYPE,YES_IF_SUCCESS,
OLD_M3,6LXA__CBAPCEBKWQCANY-RUZDIDTESA-N__seed42,6LXA,CBAPCEBKWQCANY-RUZDIDTESA-N,SUCCESS,--,0.64357084,0.64357084,N/A_NO_SPECIAL_TYPE,YES_IF_SUCCESS,
OLD_M3,6LXA__CEQIFVNZZJWOTJ-KRWDZBQOSA-N__seed42,6LXA,CEQIFVNZZJWOTJ-KRWDZBQOSA-N,SUCCESS,--,0.72187531,0.72187531,N/A_NO_SPECIAL_TYPE,YES_IF_SUCCESS,
OLD_M3,6LXA__CEZQCSLTMJJXSS-QHCPKHFHSA-N__seed42,6LXA,CEZQCSLTMJJXSS-QHCPKHFHSA-N,SUCCESS,--,0.800649047,0.800649047,N/A_NO_SPECIAL_TYPE,YES_IF_SUCCESS,
OLD_M3,6LXA__CSDWIBHREUDPME-UHFFFAOYSA-N__seed42,6LXA,CSDWIBHREUDPME-UHFFFAOYSA-N,SUCCESS,--,0.875199318,0.875199318,N/A_NO_SPECIAL_TYPE,YES_IF_SUCCESS,
OLD_M3,6LXA__CUSRKEXXWGILRX-UHFFFAOYSA-N__seed42,6LXA,CUSRKEXXWGILRX-UHFFFAOYSA-N,SUCCESS,--,0.742246747,0.742246747,N/A_NO_SPECIAL_TYPE,YES_IF_SUCCESS,
OLD_M3,6LXA__CVIKEWAIJWFFBW-UHFFFAOYSA-N__seed42,6LXA,CVIKEWAIJWFFBW-UHFFFAOYSA-N,SUCCESS,--,0.805012524,0.805012524,N/A_NO_SPECIAL_TYPE,YES_IF_SUCCESS,
OLD_M3,6LXA__CYSRURFSGZEJNU-SCZZXKLOSA-N__seed42,6LXA,CYSRURFSGZEJNU-SCZZXKLOSA-N,SUCCESS,--,0.772929788,0.772929788,N/A_NO_SPECIAL_TYPE,YES_IF_SUCCESS,
OLD_M3,6LXA__DBXQFQRUXGQRKN-UHFFFAOYSA-N__seed42,6LXA,DBXQFQRUXGQRKN-UHFFFAOYSA-N,SUCCESS,--,0.808334291,0.808334291,N/A_NO_SPECIAL_TYPE,YES_IF_SUCCESS,
OLD_M3,6LXA__DMTIJSKMOKMMKZ-IYOYZZHUSA-N__seed42,6LXA,DMTIJSKMOKMMKZ-IYOYZZHUSA-N,SUCCESS,--,0.879913032,0.879913032,N/A_NO_SPECIAL_TYPE,YES_IF_SUCCESS,
OLD_M3,6LXA__DPUOLQHDNGRHBS-KTKRTIGZSA-N__seed42,6LXA,DPUOLQHDNGRHBS-KTKRTIGZSA-N,SUCCESS,--,0.911969543,0.911969543,N/A_NO_SPECIAL_TYPE,YES_IF_SUCCESS,
OLD_M3,6LXA__DVJYRKXWTZVZBV-UHFFFAOYSA-N__seed42,6LXA,DVJYRKXWTZVZBV-UHFFFAOYSA-N,SUCCESS,--,0.78893733,0.78893733,N/A_NO_SPECIAL_TYPE,YES_IF_SUCCESS,
OLD_M3,6LXA__DZAUZMTZRSMYAI-SKCDSABHSA-N__seed42,6LXA,DZAUZMTZRSMYAI-SKCDSABHSA-N,SUCCESS,--,0.69769156,0.69769156,N/A_NO_SPECIAL_TYPE,YES_IF_SUCCESS,
OLD_M3,6LXA__FAQHMFAPRWBDDB-UHFFFAOYSA-N__seed42,6LXA,FAQHMFAPRWBDDB-UHFFFAOYSA-N,SUCCESS,--,0.810851634,0.810851634,N/A_NO_SPECIAL_TYPE,YES_IF_SUCCESS,
OLD_M3,6LXA__FIHJPLGXFTWHLZ-AREMUKBSSA-N__seed42,6LXA,FIHJPLGXFTWHLZ-AREMUKBSSA-N,SUCCESS,--,0.967991054,0.967991054,N/A_NO_SPECIAL_TYPE,YES_IF_SUCCESS,
OLD_M3,6LXA__FMXAKYUKNGWYKW-UHFFFAOYSA-N__seed42,6LXA,FMXAKYUKNGWYKW-UHFFFAOYSA-N,SUCCESS,--,0.470324963,0.470324963,N/A_NO_SPECIAL_TYPE,YES_IF_SUCCESS,
OLD_M3,6LXA__FPXPNQMJSUYWAC-UHFFFAOYSA-N__seed42,6LXA,FPXPNQMJSUYWAC-UHFFFAOYSA-N,SUCCESS,--,0.646174788,0.646174788,N/A_NO_SPECIAL_TYPE,YES_IF_SUCCESS,
OLD_M3,6LXA__FROPLQNRWKTHEE-UHFFFAOYSA-N__seed42,6LXA,FROPLQNRWKTHEE-UHFFFAOYSA-N,SUCCESS,--,0.803876281,0.803876281,N/A_NO_SPECIAL_TYPE,YES_IF_SUCCESS,
OLD_M3,6LXA__FVNMATFYGNOSRW-RTLBZRNLSA-N__seed42,6LXA,FVNMATFYGNOSRW-RTLBZRNLSA-N,SUCCESS,--,0.632075429,0.632075429,N/A_NO_SPECIAL_TYPE,YES_IF_SUCCESS,
OLD_M3,6LXA__GCHRLYTWUNUADL-UHFFFAOYSA-N__seed42,6LXA,GCHRLYTWUNUADL-UHFFFAOYSA-N,SUCCESS,--,0.880724967,0.880724967,N/A_NO_SPECIAL_TYPE,YES_IF_SUCCESS,
OLD_M3,6LXA__GIXMGPYDKTUODZ-SFHVURJKSA-N__seed42,6LXA,GIXMGPYDKTUODZ-SFHVURJKSA-N,SUCCESS,--,0.861740112,0.861740112,N/A_NO_SPECIAL_TYPE,YES_IF_SUCCESS,
OLD_M3,6LXA__GUFHDBFHNDUDJA-GXJYFLSQSA-N__seed42,6LXA,GUFHDBFHNDUDJA-GXJYFLSQSA-N,SUCCESS,--,0.779542267,0.779542267,N/A_NO_SPECIAL_TYPE,YES_IF_SUCCESS,
OLD_M3,6LXA__HBCBZGQRHKFODN-UHFFFAOYSA-N__seed42,6LXA,HBCBZGQRHKFODN-UHFFFAOYSA-N,SUCCESS,--,0.918482363,0.918482363,N/A_NO_SPECIAL_TYPE,YES_IF_SUCCESS,
OLD_M3,6LXA__HBCVRVWVCJKFKN-KPKJPENVSA-N__seed42,6LXA,HBCVRVWVCJKFKN-KPKJPENVSA-N,SUCCESS,--,0.433062196,0.433062196,N/A_NO_SPECIAL_TYPE,YES_IF_SUCCESS,
OLD_M3,6LXA__HBKNDUAKMHVGNM-SFHVURJKSA-N__seed42,6LXA,HBKNDUAKMHVGNM-SFHVURJKSA-N,SUCCESS,--,0.862996221,0.862996221,N/A_NO_SPECIAL_TYPE,YES_IF_SUCCESS,
OLD_M3,6LXA__HCSJCPSQGSDDFT-UHFFFAOYSA-N__seed42,6LXA,HCSJCPSQGSDDFT-UHFFFAOYSA-N,SUCCESS,--,0.821771681,0.821771681,N/A_NO_SPECIAL_TYPE,YES_IF_SUCCESS,
OLD_M3,6LXA__HEWRQLQNINUEQT-IBGZPJMESA-N__seed42,6LXA,HEWRQLQNINUEQT-IBGZPJMESA-N,SUCCESS,--,0.788196266,0.788196266,N/A_NO_SPECIAL_TYPE,YES_IF_SUCCESS,
OLD_M3,6LXA__HGOOOJAHOUQCDO-UHFFFAOYSA-N__seed42,6LXA,HGOOOJAHOUQCDO-UHFFFAOYSA-N,SUCCESS,--,0.891961873,0.891961873,N/A_NO_SPECIAL_TYPE,YES_IF_SUCCESS,
OLD_M3,6LXA__HHYHQMCULLJUOU-UHFFFAOYSA-N__seed42,6LXA,HHYHQMCULLJUOU-UHFFFAOYSA-N,SUCCESS,--,0.924559236,0.924559236,N/A_NO_SPECIAL_TYPE,YES_IF_SUCCESS,
OLD_M3,6LXA__HRNDBVFQBKUZAV-UHFFFAOYSA-N__seed42,6LXA,HRNDBVFQBKUZAV-UHFFFAOYSA-N,SUCCESS,--,0.880160987,0.880160987,N/A_NO_SPECIAL_TYPE,YES_IF_SUCCESS,
OLD_M3,6LXA__HWOKKMFQJSXDKU-YTMVLYRLSA-N__seed42,6LXA,HWOKKMFQJSXDKU-YTMVLYRLSA-N,SUCCESS,--,0.497271597,0.497271597,N/A_NO_SPECIAL_TYPE,YES_IF_SUCCESS,
OLD_M3,6LXA__HYAFETHFCAUJAY-UHFFFAOYSA-N__seed42,6LXA,HYAFETHFCAUJAY-UHFFFAOYSA-N,SUCCESS,--,0.826540947,0.826540947,N/A_NO_SPECIAL_TYPE,YES_IF_SUCCESS,
OLD_M3,6LXA__HYEZSXAYSUJOCJ-UHFFFAOYSA-N__seed42,6LXA,HYEZSXAYSUJOCJ-UHFFFAOYSA-N,SUCCESS,--,0.706146181,0.706146181,N/A_NO_SPECIAL_TYPE,YES_IF_SUCCESS,
OLD_M3,6LXA__IAFVOFFJCUHEHP-NRFANRHFSA-N__seed42,6LXA,IAFVOFFJCUHEHP-NRFANRHFSA-N,SUCCESS,--,0.826120198,0.826120198,N/A_NO_SPECIAL_TYPE,YES_IF_SUCCESS,
OLD_M3,6LXA__IAFWMQLCVYEVEF-UHFFFAOYSA-N__seed42,6LXA,IAFWMQLCVYEVEF-UHFFFAOYSA-N,SUCCESS,--,0.606858134,0.606858134,N/A_NO_SPECIAL_TYPE,YES_IF_SUCCESS,
OLD_M3,6LXA__IAYZUSPSHIIGQF-UHFFFAOYSA-N__seed42,6LXA,IAYZUSPSHIIGQF-UHFFFAOYSA-N,SUCCESS,--,0.777886033,0.777886033,N/A_NO_SPECIAL_TYPE,YES_IF_SUCCESS,
OLD_M3,6LXA__IELCDGLGXNKKIF-SFHVURJKSA-N__seed42,6LXA,IELCDGLGXNKKIF-SFHVURJKSA-N,SUCCESS,--,0.866832495,0.866832495,N/A_NO_SPECIAL_TYPE,YES_IF_SUCCESS,
OLD_M3,6LXA__IMYPSTHZBIWMNA-NBEIKUQISA-N__seed42,6LXA,IMYPSTHZBIWMNA-NBEIKUQISA-N,SUCCESS,--,0.82040745,0.82040745,N/A_NO_SPECIAL_TYPE,YES_IF_SUCCESS,
OLD_M3,6LXA__IPEYXJWSWJYBLB-UHFFFAOYSA-N__seed42,6LXA,IPEYXJWSWJYBLB-UHFFFAOYSA-N,SUCCESS,--,0.745496273,0.745496273,N/A_NO_SPECIAL_TYPE,YES_IF_SUCCESS,
OLD_M3,6LXA__IQWIIYXELSKEMG-BUVRLJJBSA-N__seed42,6LXA,IQWIIYXELSKEMG-BUVRLJJBSA-N,SUCCESS,--,0.844183683,0.844183683,N/A_NO_SPECIAL_TYPE,YES_IF_SUCCESS,
OLD_M3,6LXA__IRSFLNXJVJKMDT-UHFFFAOYSA-N__seed42,6LXA,IRSFLNXJVJKMDT-UHFFFAOYSA-N,SUCCESS,--,0.382665753,0.382665753,N/A_NO_SPECIAL_TYPE,YES_IF_SUCCESS,
OLD_M3,6LXA__ISEMTHSDRXTHAL-UHFFFAOYSA-N__seed42,6LXA,ISEMTHSDRXTHAL-UHFFFAOYSA-N,SUCCESS,--,0.826693594,0.826693594,N/A_NO_SPECIAL_TYPE,YES_IF_SUCCESS,
OLD_M3,6LXA__IUPJOGWWGPYLSV-IBGZPJMESA-N__seed42,6LXA,IUPJOGWWGPYLSV-IBGZPJMESA-N,SUCCESS,--,0.81684345,0.81684345,N/A_NO_SPECIAL_TYPE,YES_IF_SUCCESS,
OLD_M3,6LXA__JARCLKXJFZURIW-UHFFFAOYSA-N__seed42,6LXA,JARCLKXJFZURIW-UHFFFAOYSA-N,SUCCESS,--,0.623032808,0.623032808,N/A_NO_SPECIAL_TYPE,YES_IF_SUCCESS,
OLD_M3,6LXA__JCHHFNRLYJILLG-UHFFFAOYSA-N__seed42,6LXA,JCHHFNRLYJILLG-UHFFFAOYSA-N,SUCCESS,--,0.844322503,0.844322503,N/A_NO_SPECIAL_TYPE,YES_IF_SUCCESS,
OLD_M3,6LXA__JCVHOVLJKALOTA-COOPMVRXSA-N__seed42,6LXA,JCVHOVLJKALOTA-COOPMVRXSA-N,SUCCESS,--,0.872435033,0.872435033,N/A_NO_SPECIAL_TYPE,YES_IF_SUCCESS,
OLD_M3,6LXA__JFUVFUCRMGFVPT-UHFFFAOYSA-N__seed42,6LXA,JFUVFUCRMGFVPT-UHFFFAOYSA-N,SUCCESS,--,0.580934167,0.580934167,N/A_NO_SPECIAL_TYPE,YES_IF_SUCCESS,
OLD_M3,6LXA__JGVVJDWQQMDOFB-UHFFFAOYSA-N__seed42,6LXA,JGVVJDWQQMDOFB-UHFFFAOYSA-N,SUCCESS,--,0.814150035,0.814150035,N/A_NO_SPECIAL_TYPE,YES_IF_SUCCESS,
OLD_M3,6LXA__JHXSNEXWUYGMLH-UHFFFAOYSA-N__seed42,6LXA,JHXSNEXWUYGMLH-UHFFFAOYSA-N,SUCCESS,--,0.881045341,0.881045341,N/A_NO_SPECIAL_TYPE,YES_IF_SUCCESS,
OLD_M3,6LXA__JLAXJZRUAXLLMT-SANMLTNESA-N__seed42,6LXA,JLAXJZRUAXLLMT-SANMLTNESA-N,SUCCESS,--,0.802388251,0.802388251,N/A_NO_SPECIAL_TYPE,YES_IF_SUCCESS,
OLD_M3,6LXA__JLAXJZRUAXLLMT-UHFFFAOYSA-N__seed42,6LXA,JLAXJZRUAXLLMT-UHFFFAOYSA-N,SUCCESS,--,0.746414661,0.746414661,N/A_NO_SPECIAL_TYPE,YES_IF_SUCCESS,
OLD_M3,6LXA__JOYLQSJSOGYNLV-UHFFFAOYSA-N__seed42,6LXA,JOYLQSJSOGYNLV-UHFFFAOYSA-N,SUCCESS,--,0.728299022,0.728299022,N/A_NO_SPECIAL_TYPE,YES_IF_SUCCESS,
OLD_M3,6LXA__JPCMVIVXKCMDJB-UHFFFAOYSA-N__seed42,6LXA,JPCMVIVXKCMDJB-UHFFFAOYSA-N,SUCCESS,--,0.898034394,0.898034394,N/A_NO_SPECIAL_TYPE,YES_IF_SUCCESS,
OLD_M3,6LXA__JPMPBRCMWMZEJM-NRFANRHFSA-N__seed42,6LXA,JPMPBRCMWMZEJM-NRFANRHFSA-N,SUCCESS,--,0.878690243,0.878690243,N/A_NO_SPECIAL_TYPE,YES_IF_SUCCESS,
OLD_M3,6LXA__JRLWCVYDISBEGH-UHFFFAOYSA-N__seed42,6LXA,JRLWCVYDISBEGH-UHFFFAOYSA-N,SUCCESS,--,0.775305152,0.775305152,N/A_NO_SPECIAL_TYPE,YES_IF_SUCCESS,
OLD_M3,6LXA__JSTSZHVRXHMZQK-UHFFFAOYSA-N__seed42,6LXA,JSTSZHVRXHMZQK-UHFFFAOYSA-N,SUCCESS,--,0.721450925,0.721450925,N/A_NO_SPECIAL_TYPE,YES_IF_SUCCESS,
OLD_M3,6LXA__JTOAFJBWGZQGSU-UHFFFAOYSA-N__seed42,6LXA,JTOAFJBWGZQGSU-UHFFFAOYSA-N,SUCCESS,--,0.773211122,0.773211122,N/A_NO_SPECIAL_TYPE,YES_IF_SUCCESS,
OLD_M3,6LXA__KAGLXEKIFXHEMB-UHFFFAOYSA-N__seed42,6LXA,KAGLXEKIFXHEMB-UHFFFAOYSA-N,SUCCESS,--,0.780755103,0.780755103,N/A_NO_SPECIAL_TYPE,YES_IF_SUCCESS,
OLD_M3,6LXA__KAPDPGZDHUCILF-UHFFFAOYSA-N__seed42,6LXA,KAPDPGZDHUCILF-UHFFFAOYSA-N,SUCCESS,--,0.847886384,0.847886384,N/A_NO_SPECIAL_TYPE,YES_IF_SUCCESS,
OLD_M3,6LXA__KDCLRVJGUDZHRK-UHFFFAOYSA-N__seed42,6LXA,KDCLRVJGUDZHRK-UHFFFAOYSA-N,SUCCESS,--,0.862484813,0.862484813,N/A_NO_SPECIAL_TYPE,YES_IF_SUCCESS,
OLD_M3,6LXA__KGCCMHIRXXLQQG-UHFFFAOYSA-N__seed42,6LXA,KGCCMHIRXXLQQG-UHFFFAOYSA-N,SUCCESS,--,0.808122635,0.808122635,N/A_NO_SPECIAL_TYPE,YES_IF_SUCCESS,
OLD_M3,6LXA__KIBDJNDHJITXMI-UHFFFAOYSA-N__seed42,6LXA,KIBDJNDHJITXMI-UHFFFAOYSA-N,SUCCESS,--,0.815622628,0.815622628,N/A_NO_SPECIAL_TYPE,YES_IF_SUCCESS,
OLD_M3,6LXA__KJZIXZXYBFJCIE-OWWJJEGGSA-N__seed42,6LXA,KJZIXZXYBFJCIE-OWWJJEGGSA-N,SUCCESS,--,0.701698363,0.701698363,N/A_NO_SPECIAL_TYPE,YES_IF_SUCCESS,
OLD_M3,6LXA__KOKMBZJOVKNCIL-PCLIKHOPSA-N__seed42,6LXA,KOKMBZJOVKNCIL-PCLIKHOPSA-N,SUCCESS,--,0.724179089,0.724179089,N/A_NO_SPECIAL_TYPE,YES_IF_SUCCESS,
OLD_M3,6LXA__KORIKKLQSZIORK-UHFFFAOYSA-N__seed42,6LXA,KORIKKLQSZIORK-UHFFFAOYSA-N,SUCCESS,--,0.870073199,0.870073199,N/A_NO_SPECIAL_TYPE,YES_IF_SUCCESS,
OLD_M3,6LXA__KOXPFQLGGZYKBZ-UHFFFAOYSA-N__seed42,6LXA,KOXPFQLGGZYKBZ-UHFFFAOYSA-N,SUCCESS,--,0.537516057,0.537516057,N/A_NO_SPECIAL_TYPE,YES_IF_SUCCESS,
OLD_M3,6LXA__KSIQZOUSAASEIJ-UHFFFAOYSA-N__seed42,6LXA,KSIQZOUSAASEIJ-UHFFFAOYSA-N,SUCCESS,--,0.802964747,0.802964747,N/A_NO_SPECIAL_TYPE,YES_IF_SUCCESS,
OLD_M3,6LXA__KSTNVCYPZQORSY-LYSGITKLSA-N__seed42,6LXA,KSTNVCYPZQORSY-LYSGITKLSA-N,SUCCESS,--,0.584680974,0.584680974,N/A_NO_SPECIAL_TYPE,YES_IF_SUCCESS,
OLD_M3,6LXA__KUARAUXPEGUHNO-UHFFFAOYSA-N__seed42,6LXA,KUARAUXPEGUHNO-UHFFFAOYSA-N,SUCCESS,--,0.714298427,0.714298427,N/A_NO_SPECIAL_TYPE,YES_IF_SUCCESS,
OLD_M3,6LXA__KWGGIRZLUSNBCK-UHFFFAOYSA-N__seed42,6LXA,KWGGIRZLUSNBCK-UHFFFAOYSA-N,SUCCESS,--,0.780893862,0.780893862,N/A_NO_SPECIAL_TYPE,YES_IF_SUCCESS,
OLD_M3,6LXA__KWQUTYNOCXTVHR-UHFFFAOYSA-N__seed42,6LXA,KWQUTYNOCXTVHR-UHFFFAOYSA-N,SUCCESS,--,0.796914756,0.796914756,N/A_NO_SPECIAL_TYPE,YES_IF_SUCCESS,
OLD_M3,6LXA__KWSPYUOBNIMILB-AREMUKBSSA-N__seed42,6LXA,KWSPYUOBNIMILB-AREMUKBSSA-N,SUCCESS,--,0.748930395,0.748930395,N/A_NO_SPECIAL_TYPE,YES_IF_SUCCESS,
OLD_M3,6LXA__KWSPYUOBNIMILB-SANMLTNESA-N__seed42,6LXA,KWSPYUOBNIMILB-SANMLTNESA-N,SUCCESS,--,0.609738529,0.609738529,N/A_NO_SPECIAL_TYPE,YES_IF_SUCCESS,
OLD_M3,6LXA__KXPCNHRXRBQQBA-MNQSQUENSA-N__seed42,6LXA,KXPCNHRXRBQQBA-MNQSQUENSA-N,SUCCESS,--,0.696195066,0.696195066,N/A_NO_SPECIAL_TYPE,YES_IF_SUCCESS,
OLD_M3,6LXA__KXWWUKKXHUIFHL-GOTSBHOMSA-N__seed42,6LXA,KXWWUKKXHUIFHL-GOTSBHOMSA-N,SUCCESS,--,0.647929132,0.647929132,N/A_NO_SPECIAL_TYPE,YES_IF_SUCCESS,
OLD_M3,6LXA__LOIPZYXFUYLDKZ-JCUPVDEDSA-N__seed42,6LXA,LOIPZYXFUYLDKZ-JCUPVDEDSA-N,SUCCESS,--,0.858454764,0.858454764,N/A_NO_SPECIAL_TYPE,YES_IF_SUCCESS,
OLD_M3,6LXA__LOUUYASGVWWLFM-UHFFFAOYSA-N__seed42,6LXA,LOUUYASGVWWLFM-UHFFFAOYSA-N,SUCCESS,--,0.804011762,0.804011762,N/A_NO_SPECIAL_TYPE,YES_IF_SUCCESS,
OLD_M3,6LXA__LSWSHDRNBQEKKN-XMMPIXPASA-N__seed42,6LXA,LSWSHDRNBQEKKN-XMMPIXPASA-N,SUCCESS,--,0.901919186,0.901919186,N/A_NO_SPECIAL_TYPE,YES_IF_SUCCESS,
OLD_M3,6LXA__LUTLDXKHISCIJB-UHFFFAOYSA-N__seed42,6LXA,LUTLDXKHISCIJB-UHFFFAOYSA-N,SUCCESS,--,0.614483118,0.614483118,N/A_NO_SPECIAL_TYPE,YES_IF_SUCCESS,
OLD_M3,6LXA__LVPGETDKDGGUPG-UHFFFAOYSA-N__seed42,6LXA,LVPGETDKDGGUPG-UHFFFAOYSA-N,SUCCESS,--,0.839768112,0.839768112,N/A_NO_SPECIAL_TYPE,YES_IF_SUCCESS,
OLD_M3,6LXA__LYLKITZXILLNFB-RVDKCFQWSA-N__seed42,6LXA,LYLKITZXILLNFB-RVDKCFQWSA-N,SUCCESS,--,0.857727945,0.857727945,N/A_NO_SPECIAL_TYPE,YES_IF_SUCCESS,
OLD_M3,6LXA__MAINKGNWZLMMRF-UHFFFAOYSA-N__seed42,6LXA,MAINKGNWZLMMRF-UHFFFAOYSA-N,SUCCESS,--,0.54794383,0.54794383,N/A_NO_SPECIAL_TYPE,YES_IF_SUCCESS,
OLD_M3,6LXA__MBNINRCJDJMURD-QFIPXVFZSA-N__seed42,6LXA,MBNINRCJDJMURD-QFIPXVFZSA-N,SUCCESS,--,0.722987413,0.722987413,N/A_NO_SPECIAL_TYPE,YES_IF_SUCCESS,
OLD_M3,6LXA__MJHLFPYZTLHAHB-UHFFFAOYSA-N__seed42,6LXA,MJHLFPYZTLHAHB-UHFFFAOYSA-N,SUCCESS,--,0.805149257,0.805149257,N/A_NO_SPECIAL_TYPE,YES_IF_SUCCESS,
OLD_M3,6LXA__MMUPKVYIRSGJIV-UHFFFAOYSA-N__seed42,6LXA,MMUPKVYIRSGJIV-UHFFFAOYSA-N,SUCCESS,--,0.821142733,0.821142733,N/A_NO_SPECIAL_TYPE,YES_IF_SUCCESS,
OLD_M3,6LXA__MXVRETICWXXRDS-VWLOTQADSA-N__seed42,6LXA,MXVRETICWXXRDS-VWLOTQADSA-N,SUCCESS,--,0.742540479,0.742540479,N/A_NO_SPECIAL_TYPE,YES_IF_SUCCESS,
OLD_M3,6LXA__NBCYDSVKELDZHZ-IBGZPJMESA-N__seed42,6LXA,NBCYDSVKELDZHZ-IBGZPJMESA-N,SUCCESS,--,0.792576611,0.792576611,N/A_NO_SPECIAL_TYPE,YES_IF_SUCCESS,
OLD_M3,6LXA__NBKZFDLGHCZCTH-VAWYXSNFSA-N__seed42,6LXA,NBKZFDLGHCZCTH-VAWYXSNFSA-N,SUCCESS,--,0.754256606,0.754256606,N/A_NO_SPECIAL_TYPE,YES_IF_SUCCESS,
OLD_M3,6LXA__NCWCKTNFULGDMU-UHFFFAOYSA-N__seed42,6LXA,NCWCKTNFULGDMU-UHFFFAOYSA-N,SUCCESS,--,0.743750453,0.743750453,N/A_NO_SPECIAL_TYPE,YES_IF_SUCCESS,
OLD_M3,6LXA__NDYAVUSEOIDPAZ-IBGZPJMESA-N__seed42,6LXA,NDYAVUSEOIDPAZ-IBGZPJMESA-N,SUCCESS,--,0.719018161,0.719018161,N/A_NO_SPECIAL_TYPE,YES_IF_SUCCESS,
OLD_M3,6LXA__NEXABUMCTWIWDJ-UHFFFAOYSA-N__seed42,6LXA,NEXABUMCTWIWDJ-UHFFFAOYSA-N,SUCCESS,--,0.862222016,0.862222016,N/A_NO_SPECIAL_TYPE,YES_IF_SUCCESS,
OLD_M3,6LXA__NFFXEUUOMTXWCX-UHFFFAOYSA-N__seed42,6LXA,NFFXEUUOMTXWCX-UHFFFAOYSA-N,SUCCESS,--,0.781487763,0.781487763,N/A_NO_SPECIAL_TYPE,YES_IF_SUCCESS,
OLD_M3,6LXA__NFNUTCDJMMLZMX-CJXXQJBOSA-N__seed42,6LXA,NFNUTCDJMMLZMX-CJXXQJBOSA-N,SUCCESS,--,0.810180962,0.810180962,N/A_NO_SPECIAL_TYPE,YES_IF_SUCCESS,
OLD_M3,6LXA__NGCBWFOLJZBGAA-UHFFFAOYSA-N__seed42,6LXA,NGCBWFOLJZBGAA-UHFFFAOYSA-N,SUCCESS,--,0.703012466,0.703012466,N/A_NO_SPECIAL_TYPE,YES_IF_SUCCESS,
OLD_M3,6LXA__NIDDHYAQKFHAMY-GZTJUZNOSA-N__seed42,6LXA,NIDDHYAQKFHAMY-GZTJUZNOSA-N,SUCCESS,--,0.584114373,0.584114373,N/A_NO_SPECIAL_TYPE,YES_IF_SUCCESS,
OLD_M3,6LXA__NIPHPZHHUCNETC-UHFFFAOYSA-N__seed42,6LXA,NIPHPZHHUCNETC-UHFFFAOYSA-N,SUCCESS,--,0.795920193,0.795920193,N/A_NO_SPECIAL_TYPE,YES_IF_SUCCESS,
OLD_M3,6LXA__NOVRKZNBTPUNRI-UHFFFAOYSA-N__seed42,6LXA,NOVRKZNBTPUNRI-UHFFFAOYSA-N,SUCCESS,--,0.566400111,0.566400111,N/A_NO_SPECIAL_TYPE,YES_IF_SUCCESS,
OLD_M3,6LXA__NPCOVXRHNOWSPC-UHFFFAOYSA-N__seed42,6LXA,NPCOVXRHNOWSPC-UHFFFAOYSA-N,SUCCESS,--,0.800491035,0.800491035,N/A_NO_SPECIAL_TYPE,YES_IF_SUCCESS,
OLD_M3,6LXA__NRFZOEHKEBDYGE-UHFFFAOYSA-N__seed42,6LXA,NRFZOEHKEBDYGE-UHFFFAOYSA-N,SUCCESS,--,0.744842291,0.744842291,N/A_NO_SPECIAL_TYPE,YES_IF_SUCCESS,
OLD_M3,6LXA__NSJOUOFECXFWLG-UHFFFAOYSA-N__seed42,6LXA,NSJOUOFECXFWLG-UHFFFAOYSA-N,SUCCESS,--,0.859543502,0.859543502,N/A_NO_SPECIAL_TYPE,YES_IF_SUCCESS,
OLD_M3,6LXA__NTVBAWSNQRKVKF-FQEVSTJZSA-N__seed42,6LXA,NTVBAWSNQRKVKF-FQEVSTJZSA-N,SUCCESS,--,0.866088033,0.866088033,N/A_NO_SPECIAL_TYPE,YES_IF_SUCCESS,
OLD_M3,6LXA__NVVUNCYOVFKRLC-UHFFFAOYSA-N__seed42,6LXA,NVVUNCYOVFKRLC-UHFFFAOYSA-N,SUCCESS,--,0.81375581,0.81375581,N/A_NO_SPECIAL_TYPE,YES_IF_SUCCESS,
OLD_M3,6LXA__NXCAPWDBSDFCJW-UHFFFAOYSA-N__seed42,6LXA,NXCAPWDBSDFCJW-UHFFFAOYSA-N,SUCCESS,--,0.586841583,0.586841583,N/A_NO_SPECIAL_TYPE,YES_IF_SUCCESS,
OLD_M3,6LXA__NXIZKFYYHVTHFH-NBEIKUQISA-N__seed42,6LXA,NXIZKFYYHVTHFH-NBEIKUQISA-N,SUCCESS,--,0.886049509,0.886049509,N/A_NO_SPECIAL_TYPE,YES_IF_SUCCESS,
OLD_M3,6LXA__OBNPHXKERYVVBP-UHFFFAOYSA-N__seed42,6LXA,OBNPHXKERYVVBP-UHFFFAOYSA-N,SUCCESS,--,0.883088708,0.883088708,N/A_NO_SPECIAL_TYPE,YES_IF_SUCCESS,
OLD_M3,6LXA__OCUXKVCDBHKIIP-QYHQRLDKSA-N__seed42,6LXA,OCUXKVCDBHKIIP-QYHQRLDKSA-N,SUCCESS,--,0.783657014,0.783657014,N/A_NO_SPECIAL_TYPE,YES_IF_SUCCESS,
OLD_M3,6LXA__ODBGJCNTAVPIQW-UHFFFAOYSA-N__seed42,6LXA,ODBGJCNTAVPIQW-UHFFFAOYSA-N,SUCCESS,--,0.762332857,0.762332857,N/A_NO_SPECIAL_TYPE,YES_IF_SUCCESS,
OLD_M3,6LXA__OFUSDBKUMIIORB-UHFFFAOYSA-N__seed42,6LXA,OFUSDBKUMIIORB-UHFFFAOYSA-N,SUCCESS,--,0.826806188,0.826806188,N/A_NO_SPECIAL_TYPE,YES_IF_SUCCESS,
OLD_M3,6LXA__OLAPRRPHWILKIM-UHFFFAOYSA-N__seed42,6LXA,OLAPRRPHWILKIM-UHFFFAOYSA-N,SUCCESS,--,0.759771347,0.759771347,N/A_NO_SPECIAL_TYPE,YES_IF_SUCCESS,
OLD_M3,6LXA__OLSNNSDAOCWUDV-UHFFFAOYSA-N__seed42,6LXA,OLSNNSDAOCWUDV-UHFFFAOYSA-N,SUCCESS,--,0.899495602,0.899495602,N/A_NO_SPECIAL_TYPE,YES_IF_SUCCESS,
OLD_M3,6LXA__ONKOHQZZVMTPOM-UHFFFAOYSA-N__seed42,6LXA,ONKOHQZZVMTPOM-UHFFFAOYSA-N,SUCCESS,--,0.935673773,0.935673773,N/A_NO_SPECIAL_TYPE,YES_IF_SUCCESS,
OLD_M3,6LXA__OOZNMURDAKWFQS-RUZDIDTESA-N__seed42,6LXA,OOZNMURDAKWFQS-RUZDIDTESA-N,SUCCESS,--,0.918077826,0.918077826,N/A_NO_SPECIAL_TYPE,YES_IF_SUCCESS,
OLD_M3,6LXA__OSSVQVKVEZPBSO-UHFFFAOYSA-M__seed42,6LXA,OSSVQVKVEZPBSO-UHFFFAOYSA-M,SUCCESS,--,0.837464452,0.837464452,N/A_NO_SPECIAL_TYPE,YES_IF_SUCCESS,
OLD_M3,6LXA__OTQXWJUPSKJAGS-UHFFFAOYSA-N__seed42,6LXA,OTQXWJUPSKJAGS-UHFFFAOYSA-N,SUCCESS,--,0.95380789,0.95380789,N/A_NO_SPECIAL_TYPE,YES_IF_SUCCESS,
OLD_M3,6LXA__PAWOPJKHTZCKMT-UHFFFAOYSA-N__seed42,6LXA,PAWOPJKHTZCKMT-UHFFFAOYSA-N,SUCCESS,--,0.732323706,0.732323706,N/A_NO_SPECIAL_TYPE,YES_IF_SUCCESS,
OLD_M3,6LXA__PNHFDVSKDSLUFH-UHFFFAOYSA-N__seed42,6LXA,PNHFDVSKDSLUFH-UHFFFAOYSA-N,SUCCESS,--,0.902147055,0.902147055,N/A_NO_SPECIAL_TYPE,YES_IF_SUCCESS,
OLD_M3,6LXA__POJUAKDODHHCTO-UHFFFAOYSA-N__seed42,6LXA,POJUAKDODHHCTO-UHFFFAOYSA-N,SUCCESS,--,0.830405831,0.830405831,N/A_NO_SPECIAL_TYPE,YES_IF_SUCCESS,
OLD_M3,6LXA__PVTZPAMEGKOLDH-UHFFFAOYSA-N__seed42,6LXA,PVTZPAMEGKOLDH-UHFFFAOYSA-N,SUCCESS,--,0.890010774,0.890010774,N/A_NO_SPECIAL_TYPE,YES_IF_SUCCESS,
OLD_M3,6LXA__PXCWWCGIHVDNOF-UHFFFAOYSA-N__seed42,6LXA,PXCWWCGIHVDNOF-UHFFFAOYSA-N,SUCCESS,--,0.841861367,0.841861367,N/A_NO_SPECIAL_TYPE,YES_IF_SUCCESS,
OLD_M3,6LXA__PZRQOAPHEGZBPU-NTEUORMPSA-N__seed42,6LXA,PZRQOAPHEGZBPU-NTEUORMPSA-N,SUCCESS,--,0.549303412,0.549303412,N/A_NO_SPECIAL_TYPE,YES_IF_SUCCESS,
OLD_M3,6LXA__PZTNQSXMMTZUAR-UHFFFAOYSA-N__seed42,6LXA,PZTNQSXMMTZUAR-UHFFFAOYSA-N,SUCCESS,--,0.864703,0.864703,N/A_NO_SPECIAL_TYPE,YES_IF_SUCCESS,
OLD_M3,6LXA__QDTHAXJGRDPCSZ-UHFFFAOYSA-N__seed42,6LXA,QDTHAXJGRDPCSZ-UHFFFAOYSA-N,SUCCESS,--,0.820261419,0.820261419,N/A_NO_SPECIAL_TYPE,YES_IF_SUCCESS,
OLD_M3,6LXA__QFQGNTDOAIPHRN-QHCPKHFHSA-N__seed42,6LXA,QFQGNTDOAIPHRN-QHCPKHFHSA-N,SUCCESS,--,0.576532006,0.576532006,N/A_NO_SPECIAL_TYPE,YES_IF_SUCCESS,
OLD_M3,6LXA__QKANMMQGZZPRTO-UHFFFAOYSA-N__seed42,6LXA,QKANMMQGZZPRTO-UHFFFAOYSA-N,SUCCESS,--,0.942036867,0.942036867,N/A_NO_SPECIAL_TYPE,YES_IF_SUCCESS,
OLD_M3,6LXA__QPKIEBNVIOELIR-MHZLTWQESA-N__seed42,6LXA,QPKIEBNVIOELIR-MHZLTWQESA-N,SUCCESS,--,0.409253895,0.409253895,N/A_NO_SPECIAL_TYPE,YES_IF_SUCCESS,
OLD_M3,6LXA__QRUJOOQWHBDHME-JOCHJYFZSA-N__seed42,6LXA,QRUJOOQWHBDHME-JOCHJYFZSA-N,SUCCESS,--,0.85687983,0.85687983,N/A_NO_SPECIAL_TYPE,YES_IF_SUCCESS,
OLD_M3,6LXA__QTWYHVZMLOYEJO-UHFFFAOYSA-N__seed42,6LXA,QTWYHVZMLOYEJO-UHFFFAOYSA-N,SUCCESS,--,0.768226922,0.768226922,N/A_NO_SPECIAL_TYPE,YES_IF_SUCCESS,
OLD_M3,6LXA__RAQQNCJUGFKYOL-UHFFFAOYSA-N__seed42,6LXA,RAQQNCJUGFKYOL-UHFFFAOYSA-N,SUCCESS,--,0.819368362,0.819368362,N/A_NO_SPECIAL_TYPE,YES_IF_SUCCESS,
OLD_M3,6LXA__RFJZRTHJELDNPR-KRWDZBQOSA-N__seed42,6LXA,RFJZRTHJELDNPR-KRWDZBQOSA-N,SUCCESS,--,0.842324376,0.842324376,N/A_NO_SPECIAL_TYPE,YES_IF_SUCCESS,
OLD_M3,6LXA__RFUNNAWGSBMBCL-UCQKPKSFSA-N__seed42,6LXA,RFUNNAWGSBMBCL-UCQKPKSFSA-N,SUCCESS,--,0.514212608,0.514212608,N/A_NO_SPECIAL_TYPE,YES_IF_SUCCESS,
OLD_M3,6LXA__RHNGSZQNJSTEEB-UHFFFAOYSA-M__seed42,6LXA,RHNGSZQNJSTEEB-UHFFFAOYSA-M,SUCCESS,--,0.849508762,0.849508762,N/A_NO_SPECIAL_TYPE,YES_IF_SUCCESS,
OLD_M3,6LXA__RHUFPLDOZQGOCO-UHFFFAOYSA-N__seed42,6LXA,RHUFPLDOZQGOCO-UHFFFAOYSA-N,SUCCESS,--,0.574501753,0.574501753,N/A_NO_SPECIAL_TYPE,YES_IF_SUCCESS,
OLD_M3,6LXA__RJBMVGPWWMWGNI-XIJSCUBXSA-N__seed42,6LXA,RJBMVGPWWMWGNI-XIJSCUBXSA-N,SUCCESS,--,0.818627,0.818627,N/A_NO_SPECIAL_TYPE,YES_IF_SUCCESS,
OLD_M3,6LXA__RSMCCEMRGNFJPV-UHFFFAOYSA-N__seed42,6LXA,RSMCCEMRGNFJPV-UHFFFAOYSA-N,SUCCESS,--,0.674185812,0.674185812,N/A_NO_SPECIAL_TYPE,YES_IF_SUCCESS,
OLD_M3,6LXA__SBEKBLIYTASPMP-NRFANRHFSA-N__seed42,6LXA,SBEKBLIYTASPMP-NRFANRHFSA-N,SUCCESS,--,0.79365164,0.79365164,N/A_NO_SPECIAL_TYPE,YES_IF_SUCCESS,
OLD_M3,6LXA__SGOMNGUCMIYNTA-UHFFFAOYSA-N__seed42,6LXA,SGOMNGUCMIYNTA-UHFFFAOYSA-N,SUCCESS,--,0.775480628,0.775480628,N/A_NO_SPECIAL_TYPE,YES_IF_SUCCESS,
OLD_M3,6LXA__SJYFDJBDUNUHJQ-UHFFFAOYSA-N__seed42,6LXA,SJYFDJBDUNUHJQ-UHFFFAOYSA-N,SUCCESS,--,0.915994585,0.915994585,N/A_NO_SPECIAL_TYPE,YES_IF_SUCCESS,
OLD_M3,6LXA__SMGUXZWVZUOLCO-UHFFFAOYSA-N__seed42,6LXA,SMGUXZWVZUOLCO-UHFFFAOYSA-N,SUCCESS,--,0.746866643,0.746866643,N/A_NO_SPECIAL_TYPE,YES_IF_SUCCESS,
OLD_M3,6LXA__SNMFWHCQPZSLEZ-NHOMFQCRSA-N__seed42,6LXA,SNMFWHCQPZSLEZ-NHOMFQCRSA-N,SUCCESS,--,0.803274751,0.803274751,N/A_NO_SPECIAL_TYPE,YES_IF_SUCCESS,
OLD_M3,6LXA__SNMFWHCQPZSLEZ-WWNGRIQCSA-N__seed42,6LXA,SNMFWHCQPZSLEZ-WWNGRIQCSA-N,SUCCESS,--,0.492783785,0.492783785,N/A_NO_SPECIAL_TYPE,YES_IF_SUCCESS,
OLD_M3,6LXA__SOKGUCREKPAHNX-UHFFFAOYSA-N__seed42,6LXA,SOKGUCREKPAHNX-UHFFFAOYSA-N,SUCCESS,--,0.898366392,0.898366392,N/A_NO_SPECIAL_TYPE,YES_IF_SUCCESS,
OLD_M3,6LXA__SPSCEYHKPUTWNP-JOCHJYFZSA-N__seed42,6LXA,SPSCEYHKPUTWNP-JOCHJYFZSA-N,SUCCESS,--,0.632460058,0.632460058,N/A_NO_SPECIAL_TYPE,YES_IF_SUCCESS,
OLD_M3,6LXA__SQNZXGQBXPCSHH-UHFFFAOYSA-N__seed42,6LXA,SQNZXGQBXPCSHH-UHFFFAOYSA-N,SUCCESS,--,0.939450324,0.939450324,N/A_NO_SPECIAL_TYPE,YES_IF_SUCCESS,
OLD_M3,6LXA__SQODDGQIFANIPN-UHFFFAOYSA-N__seed42,6LXA,SQODDGQIFANIPN-UHFFFAOYSA-N,SUCCESS,--,0.783354223,0.783354223,N/A_NO_SPECIAL_TYPE,YES_IF_SUCCESS,
OLD_M3,6LXA__SSDRFTJAKXCHTF-ZDUSSCGKSA-N__seed42,6LXA,SSDRFTJAKXCHTF-ZDUSSCGKSA-N,SUCCESS,--,0.752904356,0.752904356,N/A_NO_SPECIAL_TYPE,YES_IF_SUCCESS,
OLD_M3,6LXA__STZHOOOMYCDMPJ-SNAWJCMRSA-N__seed42,6LXA,STZHOOOMYCDMPJ-SNAWJCMRSA-N,SUCCESS,--,0.828842938,0.828842938,N/A_NO_SPECIAL_TYPE,YES_IF_SUCCESS,
OLD_M3,6LXA__SUBJAJAOVHMPAV-UHFFFAOYSA-N__seed42,6LXA,SUBJAJAOVHMPAV-UHFFFAOYSA-N,SUCCESS,--,0.865534425,0.865534425,N/A_NO_SPECIAL_TYPE,YES_IF_SUCCESS,
OLD_M3,6LXA__SUSIJEPKDLCOFC-UHFFFAOYSA-N__seed42,6LXA,SUSIJEPKDLCOFC-UHFFFAOYSA-N,SUCCESS,--,0.823684394,0.823684394,N/A_NO_SPECIAL_TYPE,YES_IF_SUCCESS,
OLD_M3,6LXA__SVINRMDAUITLII-UHFFFAOYSA-N__seed42,6LXA,SVINRMDAUITLII-UHFFFAOYSA-N,SUCCESS,--,0.723813176,0.723813176,N/A_NO_SPECIAL_TYPE,YES_IF_SUCCESS,
OLD_M3,6LXA__SXJBAMWBIIITKL-UHFFFAOYSA-N__seed42,6LXA,SXJBAMWBIIITKL-UHFFFAOYSA-N,SUCCESS,--,0.888866961,0.888866961,N/A_NO_SPECIAL_TYPE,YES_IF_SUCCESS,
OLD_M3,6LXA__TVEAXARFLUXLEB-UHFFFAOYSA-N__seed42,6LXA,TVEAXARFLUXLEB-UHFFFAOYSA-N,SUCCESS,--,0.833180785,0.833180785,N/A_NO_SPECIAL_TYPE,YES_IF_SUCCESS,
OLD_M3,6LXA__UKMSUNONTOPOIO-UHFFFAOYSA-N__seed42,6LXA,UKMSUNONTOPOIO-UHFFFAOYSA-N,SUCCESS,--,0.906729758,0.906729758,N/A_NO_SPECIAL_TYPE,YES_IF_SUCCESS,
OLD_M3,6LXA__UMCOHKMLPVPQBF-VWLOTQADSA-N__seed42,6LXA,UMCOHKMLPVPQBF-VWLOTQADSA-N,SUCCESS,--,0.673339486,0.673339486,N/A_NO_SPECIAL_TYPE,YES_IF_SUCCESS,
OLD_M3,6LXA__UNOREIGWESJDHG-UHFFFAOYSA-N__seed42,6LXA,UNOREIGWESJDHG-UHFFFAOYSA-N,SUCCESS,--,0.797984064,0.797984064,N/A_NO_SPECIAL_TYPE,YES_IF_SUCCESS,
OLD_M3,6LXA__UNUJRJCEJXKUFP-UHFFFAOYSA-N__seed42,6LXA,UNUJRJCEJXKUFP-UHFFFAOYSA-N,SUCCESS,--,0.619707644,0.619707644,N/A_NO_SPECIAL_TYPE,YES_IF_SUCCESS,
OLD_M3,6LXA__UOKLODYFAVGQRH-UHFFFAOYSA-N__seed42,6LXA,UOKLODYFAVGQRH-UHFFFAOYSA-N,SUCCESS,--,0.80063343,0.80063343,N/A_NO_SPECIAL_TYPE,YES_IF_SUCCESS,
OLD_M3,6LXA__VFMSUHKKMMGCJU-UHFFFAOYSA-N__seed42,6LXA,VFMSUHKKMMGCJU-UHFFFAOYSA-N,SUCCESS,--,0.851690114,0.851690114,N/A_NO_SPECIAL_TYPE,YES_IF_SUCCESS,
OLD_M3,6LXA__VNJJEMOMRQCJFH-UHFFFAOYSA-N__seed42,6LXA,VNJJEMOMRQCJFH-UHFFFAOYSA-N,SUCCESS,--,0.895911992,0.895911992,N/A_NO_SPECIAL_TYPE,YES_IF_SUCCESS,
OLD_M3,6LXA__VSJKLRGRUBVDOK-UHFFFAOYSA-N__seed42,6LXA,VSJKLRGRUBVDOK-UHFFFAOYSA-N,SUCCESS,--,0.742898047,0.742898047,N/A_NO_SPECIAL_TYPE,YES_IF_SUCCESS,
OLD_M3,6LXA__WEQANHSKIULRFP-QHCPKHFHSA-N__seed42,6LXA,WEQANHSKIULRFP-QHCPKHFHSA-N,SUCCESS,--,0.659099519,0.659099519,N/A_NO_SPECIAL_TYPE,YES_IF_SUCCESS,
OLD_M3,6LXA__WFLQKKNSBAQKPU-UHFFFAOYSA-N__seed42,6LXA,WFLQKKNSBAQKPU-UHFFFAOYSA-N,SUCCESS,--,0.721829414,0.721829414,N/A_NO_SPECIAL_TYPE,YES_IF_SUCCESS,
OLD_M3,6LXA__WQCJKMGDGUHOFD-QGZVFWFLSA-N__seed42,6LXA,WQCJKMGDGUHOFD-QGZVFWFLSA-N,SUCCESS,--,0.782137036,0.782137036,N/A_NO_SPECIAL_TYPE,YES_IF_SUCCESS,
OLD_M3,6LXA__WRQQBPQQSNVETI-UHFFFAOYSA-N__seed42,6LXA,WRQQBPQQSNVETI-UHFFFAOYSA-N,SUCCESS,--,0.785669208,0.785669208,N/A_NO_SPECIAL_TYPE,YES_IF_SUCCESS,
OLD_M3,6LXA__WYIDWASMEIZPJM-UHFFFAOYSA-N__seed42,6LXA,WYIDWASMEIZPJM-UHFFFAOYSA-N,SUCCESS,--,0.680825591,0.680825591,N/A_NO_SPECIAL_TYPE,YES_IF_SUCCESS,
OLD_M3,6LXA__WYKMVJDPCICIAZ-UHFFFAOYSA-N__seed42,6LXA,WYKMVJDPCICIAZ-UHFFFAOYSA-N,SUCCESS,--,0.920082688,0.920082688,N/A_NO_SPECIAL_TYPE,YES_IF_SUCCESS,
OLD_M3,6LXA__XCHNRYVXGNSPQH-UHFFFAOYSA-N__seed42,6LXA,XCHNRYVXGNSPQH-UHFFFAOYSA-N,SUCCESS,--,0.837465048,0.837465048,N/A_NO_SPECIAL_TYPE,YES_IF_SUCCESS,
OLD_M3,6LXA__XENYHKPTFFTRLB-UHFFFAOYSA-N__seed42,6LXA,XENYHKPTFFTRLB-UHFFFAOYSA-N,SUCCESS,--,0.814019918,0.814019918,N/A_NO_SPECIAL_TYPE,YES_IF_SUCCESS,
OLD_M3,6LXA__XKBOWVVNDOSFQR-UHFFFAOYSA-N__seed42,6LXA,XKBOWVVNDOSFQR-UHFFFAOYSA-N,SUCCESS,--,0.734313369,0.734313369,N/A_NO_SPECIAL_TYPE,YES_IF_SUCCESS,
OLD_M3,6LXA__XLKHHIOJLZGOJN-UHFFFAOYSA-N__seed42,6LXA,XLKHHIOJLZGOJN-UHFFFAOYSA-N,SUCCESS,--,0.842817545,0.842817545,N/A_NO_SPECIAL_TYPE,YES_IF_SUCCESS,
OLD_M3,6LXA__XMOANMMSPJBNRJ-UHFFFAOYSA-N__seed42,6LXA,XMOANMMSPJBNRJ-UHFFFAOYSA-N,SUCCESS,--,0.805130243,0.805130243,N/A_NO_SPECIAL_TYPE,YES_IF_SUCCESS,
OLD_M3,6LXA__XNGZNUAVYKUZJL-UHFFFAOYSA-N__seed42,6LXA,XNGZNUAVYKUZJL-UHFFFAOYSA-N,SUCCESS,--,0.876964629,0.876964629,N/A_NO_SPECIAL_TYPE,YES_IF_SUCCESS,
OLD_M3,6LXA__XNQKRHGPWPVZTM-SFHVURJKSA-N__seed42,6LXA,XNQKRHGPWPVZTM-SFHVURJKSA-N,SUCCESS,--,0.801641345,0.801641345,N/A_NO_SPECIAL_TYPE,YES_IF_SUCCESS,
OLD_M3,6LXA__XRVNSFDHOMAYDC-YTMVLYRLSA-N__seed42,6LXA,XRVNSFDHOMAYDC-YTMVLYRLSA-N,SUCCESS,--,0.469722986,0.469722986,N/A_NO_SPECIAL_TYPE,YES_IF_SUCCESS,
OLD_M3,6LXA__XUOPAPBJOVSLAY-UHFFFAOYSA-N__seed42,6LXA,XUOPAPBJOVSLAY-UHFFFAOYSA-N,SUCCESS,--,0.890185833,0.890185833,N/A_NO_SPECIAL_TYPE,YES_IF_SUCCESS,
OLD_M3,6LXA__XWDWDQGJOOSFCU-CFVCEQMKSA-N__seed42,6LXA,XWDWDQGJOOSFCU-CFVCEQMKSA-N,SUCCESS,--,0.789430678,0.789430678,N/A_NO_SPECIAL_TYPE,YES_IF_SUCCESS,
OLD_M3,6LXA__XWDWDQGJOOSFCU-UHFFFAOYSA-N__seed42,6LXA,XWDWDQGJOOSFCU-UHFFFAOYSA-N,SUCCESS,--,0.801782668,0.801782668,N/A_NO_SPECIAL_TYPE,YES_IF_SUCCESS,
OLD_M3,6LXA__XXXMKMSHRBZEPM-UHFFFAOYSA-N__seed42,6LXA,XXXMKMSHRBZEPM-UHFFFAOYSA-N,SUCCESS,--,0.95121491,0.95121491,N/A_NO_SPECIAL_TYPE,YES_IF_SUCCESS,
OLD_M3,6LXA__XXZBELJQKKGJRL-FMFFXOCNSA-N__seed42,6LXA,XXZBELJQKKGJRL-FMFFXOCNSA-N,SUCCESS,--,0.830937922,0.830937922,N/A_NO_SPECIAL_TYPE,YES_IF_SUCCESS,
OLD_M3,6LXA__XXZFDQPPLKUBBR-NNUKFRKNSA-N__seed42,6LXA,XXZFDQPPLKUBBR-NNUKFRKNSA-N,SUCCESS,--,0.751453221,0.751453221,N/A_NO_SPECIAL_TYPE,YES_IF_SUCCESS,
OLD_M3,6LXA__YASAKCUCGLMORW-UHFFFAOYSA-N__seed42,6LXA,YASAKCUCGLMORW-UHFFFAOYSA-N,SUCCESS,--,0.735968709,0.735968709,N/A_NO_SPECIAL_TYPE,YES_IF_SUCCESS,
OLD_M3,6LXA__YDNAXUMKGRAZTP-UHFFFAOYSA-N__seed42,6LXA,YDNAXUMKGRAZTP-UHFFFAOYSA-N,SUCCESS,--,0.838585079,0.838585079,N/A_NO_SPECIAL_TYPE,YES_IF_SUCCESS,
OLD_M3,6LXA__YUQFGXOAMDWWBP-AATRIKPKSA-N__seed42,6LXA,YUQFGXOAMDWWBP-AATRIKPKSA-N,SUCCESS,--,0.369903713,0.369903713,N/A_NO_SPECIAL_TYPE,YES_IF_SUCCESS,
OLD_M3,6LXA__YXRNZNYFVDQXRS-QRTMHTFLSA-N__seed42,6LXA,YXRNZNYFVDQXRS-QRTMHTFLSA-N,SUCCESS,--,0.830196738,0.830196738,N/A_NO_SPECIAL_TYPE,YES_IF_SUCCESS,
OLD_M3,6LXA__ZCKPNGWVLHEGFP-UHFFFAOYSA-N__seed42,6LXA,ZCKPNGWVLHEGFP-UHFFFAOYSA-N,SUCCESS,--,0.739809513,0.739809513,N/A_NO_SPECIAL_TYPE,YES_IF_SUCCESS,
OLD_M3,6LXA__ZERSZVIQLKNOSD-UHFFFAOYSA-N__seed42,6LXA,ZERSZVIQLKNOSD-UHFFFAOYSA-N,SUCCESS,--,0.720063269,0.720063269,N/A_NO_SPECIAL_TYPE,YES_IF_SUCCESS,
OLD_M3,6LXA__ZNDDRAUEVHSTJF-UHFFFAOYSA-N__seed42,6LXA,ZNDDRAUEVHSTJF-UHFFFAOYSA-N,SUCCESS,--,0.625274301,0.625274301,N/A_NO_SPECIAL_TYPE,YES_IF_SUCCESS,
OLD_M3,6LXA__ZPYXSSUHSIOZJR-IBGZPJMESA-N__seed42,6LXA,ZPYXSSUHSIOZJR-IBGZPJMESA-N,SUCCESS,--,0.884466529,0.884466529,N/A_NO_SPECIAL_TYPE,YES_IF_SUCCESS,
OLD_M3,6LXA__ZVCCFSVAFKRHDP-KWJZBXMYSA-N__seed42,6LXA,ZVCCFSVAFKRHDP-KWJZBXMYSA-N,SUCCESS,--,0.810773373,0.810773373,N/A_NO_SPECIAL_TYPE,YES_IF_SUCCESS,
OLD_M3,6LXA__ZXWVCCFKIRBLDP-UHFFFAOYSA-N__seed42,6LXA,ZXWVCCFKIRBLDP-UHFFFAOYSA-N,SUCCESS,--,0.684312642,0.684312642,N/A_NO_SPECIAL_TYPE,YES_IF_SUCCESS,
OLD_M3,6LXA__ZYFTUIURWQWFKQ-QIAGQCQHSA-N__seed42,6LXA,ZYFTUIURWQWFKQ-QIAGQCQHSA-N,SUCCESS,--,0.889925182,0.889925182,N/A_NO_SPECIAL_TYPE,YES_IF_SUCCESS,
OLD_M3,6LXA__ZYTAJJSXWKDKGN-UHFFFAOYSA-N__seed42,6LXA,ZYTAJJSXWKDKGN-UHFFFAOYSA-N,SUCCESS,--,0.796095729,0.796095729,N/A_NO_SPECIAL_TYPE,YES_IF_SUCCESS,
OLD_M3,6LXA__ZZLLEVLMZDJINU-NDEPHWFRSA-N__seed42,6LXA,ZZLLEVLMZDJINU-NDEPHWFRSA-N,SUCCESS,--,0.671961129,0.671961129,N/A_NO_SPECIAL_TYPE,YES_IF_SUCCESS,
OLD_M3,6N7A__AEIBLQPBOBHCOV-UHFFFAOYSA-N__seed42,6N7A,AEIBLQPBOBHCOV-UHFFFAOYSA-N,SUCCESS,--,0.992124617,0.992124617,N/A_NO_SPECIAL_TYPE,YES_IF_SUCCESS,
OLD_M3,6N7A__AFMPTOAIHDQTBM-OSYLJGHBSA-N__seed42,6N7A,AFMPTOAIHDQTBM-OSYLJGHBSA-N,SUCCESS,--,0.950672746,0.950672746,N/A_NO_SPECIAL_TYPE,YES_IF_SUCCESS,
OLD_M3,6N7A__AHFFQQULYWODLH-UHFFFAOYSA-N__seed42,6N7A,AHFFQQULYWODLH-UHFFFAOYSA-N,SUCCESS,--,0.763414621,0.763414621,N/A_NO_SPECIAL_TYPE,YES_IF_SUCCESS,
OLD_M3,6N7A__AJAWHQDUZDCYMQ-UHFFFAOYSA-N__seed42,6N7A,AJAWHQDUZDCYMQ-UHFFFAOYSA-N,SUCCESS,--,0.928068042,0.928068042,N/A_NO_SPECIAL_TYPE,YES_IF_SUCCESS,
OLD_M3,6N7A__AMCWIARZLJUBEG-UWELNFAVSA-N__seed42,6N7A,AMCWIARZLJUBEG-UWELNFAVSA-N,SUCCESS,--,0.758401334,0.758401334,N/A_NO_SPECIAL_TYPE,YES_IF_SUCCESS,
OLD_M3,6N7A__AOSOZAYYOFGVEG-UHFFFAOYSA-N__seed42,6N7A,AOSOZAYYOFGVEG-UHFFFAOYSA-N,SUCCESS,--,0.877310336,0.877310336,N/A_NO_SPECIAL_TYPE,YES_IF_SUCCESS,
OLD_M3,6N7A__APVPQCNUCJXTQP-UHFFFAOYSA-N__seed42,6N7A,APVPQCNUCJXTQP-UHFFFAOYSA-N,SUCCESS,--,0.985853136,0.985853136,N/A_NO_SPECIAL_TYPE,YES_IF_SUCCESS,
OLD_M3,6N7A__AVHFYGNBTIJHDJ-OAHLLOKOSA-N__seed42,6N7A,AVHFYGNBTIJHDJ-OAHLLOKOSA-N,SUCCESS,--,0.902190745,0.902190745,N/A_NO_SPECIAL_TYPE,YES_IF_SUCCESS,
OLD_M3,6N7A__AXURMJQZEHWANG-MRXNPFEDSA-N__seed42,6N7A,AXURMJQZEHWANG-MRXNPFEDSA-N,SUCCESS,--,0.964936674,0.964936674,N/A_NO_SPECIAL_TYPE,YES_IF_SUCCESS,
OLD_M3,6N7A__BDGZWYURCYSTKP-FQEVSTJZSA-N__seed42,6N7A,BDGZWYURCYSTKP-FQEVSTJZSA-N,SUCCESS,--,0.772749305,0.772749305,N/A_NO_SPECIAL_TYPE,YES_IF_SUCCESS,
OLD_M3,6N7A__BEMRQBQIGSYKSL-UHFFFAOYSA-N__seed42,6N7A,BEMRQBQIGSYKSL-UHFFFAOYSA-N,SUCCESS,--,0.824462354,0.824462354,N/A_NO_SPECIAL_TYPE,YES_IF_SUCCESS,
OLD_M3,6N7A__BMZPTDVPNTYCJK-UHFFFAOYSA-N__seed42,6N7A,BMZPTDVPNTYCJK-UHFFFAOYSA-N,SUCCESS,--,0.755863369,0.755863369,N/A_NO_SPECIAL_TYPE,YES_IF_SUCCESS,
OLD_M3,6N7A__BPBQNJHNUDVMMJ-UHFFFAOYSA-N__seed42,6N7A,BPBQNJHNUDVMMJ-UHFFFAOYSA-N,SUCCESS,--,0.911345482,0.911345482,N/A_NO_SPECIAL_TYPE,YES_IF_SUCCESS,
OLD_M3,6N7A__BQMYSDCMUDBCHJ-UHFFFAOYSA-N__seed42,6N7A,BQMYSDCMUDBCHJ-UHFFFAOYSA-N,SUCCESS,--,0.986530483,0.986530483,N/A_NO_SPECIAL_TYPE,YES_IF_SUCCESS,
OLD_M3,6N7A__BSSQEPGQHLMMHM-UHFFFAOYSA-N__seed42,6N7A,BSSQEPGQHLMMHM-UHFFFAOYSA-N,SUCCESS,--,0.93486625,0.93486625,N/A_NO_SPECIAL_TYPE,YES_IF_SUCCESS,
OLD_M3,6N7A__BTETVJKCVQSACO-WMLDXEAASA-N__seed42,6N7A,BTETVJKCVQSACO-WMLDXEAASA-N,SUCCESS,--,0.857867181,0.857867181,N/A_NO_SPECIAL_TYPE,YES_IF_SUCCESS,
OLD_M3,6N7A__BUBVUGNKOKZKNG-BETUJISGSA-N__seed42,6N7A,BUBVUGNKOKZKNG-BETUJISGSA-N,SUCCESS,--,0.956555426,0.956555426,N/A_NO_SPECIAL_TYPE,YES_IF_SUCCESS,
OLD_M3,6N7A__CDNDTAMGJSUNJL-UHFFFAOYSA-N__seed42,6N7A,CDNDTAMGJSUNJL-UHFFFAOYSA-N,SUCCESS,--,0.922458887,0.922458887,N/A_NO_SPECIAL_TYPE,YES_IF_SUCCESS,
OLD_M3,6N7A__CLQIXXQBNKZNQN-VGSWGCGISA-N__seed42,6N7A,CLQIXXQBNKZNQN-VGSWGCGISA-N,SUCCESS,--,0.989624441,0.989624441,M3_INPUT_TOPOLOGY_FAIL,NO_INVALID_INPUT_REPRESENTATION,
OLD_M3,6N7A__CLRRDVPHOPGUPT-GASCZTMLSA-N__seed42,6N7A,CLRRDVPHOPGUPT-GASCZTMLSA-N,SUCCESS,--,0.676519573,0.676519573,N/A_NO_SPECIAL_TYPE,YES_IF_SUCCESS,
OLD_M3,6N7A__CNLKMAASBAEKQE-UHFFFAOYSA-N__seed42,6N7A,CNLKMAASBAEKQE-UHFFFAOYSA-N,SUCCESS,--,0.385180324,0.385180324,N/A_NO_SPECIAL_TYPE,YES_IF_SUCCESS,
OLD_M3,6N7A__CNYOVNDRGAUJDR-HFTRVMKXSA-N__seed42,6N7A,CNYOVNDRGAUJDR-HFTRVMKXSA-N,SUCCESS,--,0.991467357,0.991467357,N/A_NO_SPECIAL_TYPE,YES_IF_SUCCESS,
OLD_M3,6N7A__CSQBLVASANTWNX-HAQNSBGRSA-N__seed42,6N7A,CSQBLVASANTWNX-HAQNSBGRSA-N,SUCCESS,--,0.983932614,0.983932614,N/A_NO_SPECIAL_TYPE,YES_IF_SUCCESS,
OLD_M3,6N7A__CYSVSRXTDDJXNQ-KYZUINATSA-N__seed42,6N7A,CYSVSRXTDDJXNQ-KYZUINATSA-N,SUCCESS,--,0.988843143,0.988843143,N/A_NO_SPECIAL_TYPE,YES_IF_SUCCESS,
OLD_M3,6N7A__DBPSKVDGBPKVFF-YCRPNKLZSA-N__seed42,6N7A,DBPSKVDGBPKVFF-YCRPNKLZSA-N,SUCCESS,--,0.798328042,0.798328042,N/A_NO_SPECIAL_TYPE,YES_IF_SUCCESS,
OLD_M3,6N7A__DDWXRYBAOHVDTA-UHFFFAOYSA-N__seed42,6N7A,DDWXRYBAOHVDTA-UHFFFAOYSA-N,SUCCESS,--,0.978176832,0.978176832,N/A_NO_SPECIAL_TYPE,YES_IF_SUCCESS,
OLD_M3,6N7A__DFHODIQMOCATOE-UHFFFAOYSA-N__seed42,6N7A,DFHODIQMOCATOE-UHFFFAOYSA-N,SUCCESS,--,0.86942035,0.86942035,N/A_NO_SPECIAL_TYPE,YES_IF_SUCCESS,
OLD_M3,6N7A__DHSKZIRHUGFEJZ-UHFFFAOYSA-N__seed42,6N7A,DHSKZIRHUGFEJZ-UHFFFAOYSA-N,SUCCESS,--,0.977839589,0.977839589,N/A_NO_SPECIAL_TYPE,YES_IF_SUCCESS,
OLD_M3,6N7A__DJAICIVAVSHFRM-UHFFFAOYSA-N__seed42,6N7A,DJAICIVAVSHFRM-UHFFFAOYSA-N,SUCCESS,--,0.982751727,0.982751727,N/A_NO_SPECIAL_TYPE,YES_IF_SUCCESS,
OLD_M3,6N7A__DPOVKIPGQXHUQC-UHFFFAOYSA-N__seed42,6N7A,DPOVKIPGQXHUQC-UHFFFAOYSA-N,SUCCESS,--,0.901428699,0.901428699,N/A_NO_SPECIAL_TYPE,YES_IF_SUCCESS,
OLD_M3,6N7A__DQFBSLMKJXSWMF-XYWGHXNESA-N__seed42,6N7A,DQFBSLMKJXSWMF-XYWGHXNESA-N,SUCCESS,--,0.946484625,0.946484625,N/A_NO_SPECIAL_TYPE,YES_IF_SUCCESS,
OLD_M3,6N7A__DQXVDJJGGAPUCQ-GOOCMWNKSA-N__seed42,6N7A,DQXVDJJGGAPUCQ-GOOCMWNKSA-N,SUCCESS,--,0.941379309,0.941379309,N/A_NO_SPECIAL_TYPE,YES_IF_SUCCESS,
OLD_M3,6N7A__DUMWKJNRWPLXHR-UHFFFAOYSA-N__seed42,6N7A,DUMWKJNRWPLXHR-UHFFFAOYSA-N,SUCCESS,--,0.943684399,0.943684399,N/A_NO_SPECIAL_TYPE,YES_IF_SUCCESS,
OLD_M3,6N7A__DVXZLEHKUCHABK-CTNGQTDRSA-N__seed42,6N7A,DVXZLEHKUCHABK-CTNGQTDRSA-N,SUCCESS,--,0.952387154,0.952387154,N/A_NO_SPECIAL_TYPE,YES_IF_SUCCESS,
OLD_M3,6N7A__DWXUDRWPYWVKRB-UHFFFAOYSA-N__seed42,6N7A,DWXUDRWPYWVKRB-UHFFFAOYSA-N,SUCCESS,--,0.866170764,0.866170764,N/A_NO_SPECIAL_TYPE,YES_IF_SUCCESS,
OLD_M3,6N7A__FIEMEGHBBJADPG-LBPRGKRZSA-N__seed42,6N7A,FIEMEGHBBJADPG-LBPRGKRZSA-N,SUCCESS,--,0.975718558,0.975718558,N/A_NO_SPECIAL_TYPE,YES_IF_SUCCESS,
OLD_M3,6N7A__FPOUNMXAICPJAF-OZAIVSQSSA-N__seed42,6N7A,FPOUNMXAICPJAF-OZAIVSQSSA-N,SUCCESS,--,0.819646835,0.819646835,N/A_NO_SPECIAL_TYPE,YES_IF_SUCCESS,
OLD_M3,6N7A__FRXCAWLUZSBOKN-RTBURBONSA-N__seed42,6N7A,FRXCAWLUZSBOKN-RTBURBONSA-N,SUCCESS,--,0.88850832,0.88850832,N/A_NO_SPECIAL_TYPE,YES_IF_SUCCESS,
OLD_M3,6N7A__FSPWFVDHHHVWMS-UHFFFAOYSA-N__seed42,6N7A,FSPWFVDHHHVWMS-UHFFFAOYSA-N,SUCCESS,--,0.187717691,0.187717691,N/A_NO_SPECIAL_TYPE,YES_IF_SUCCESS,
OLD_M3,6N7A__FTSYURCNSVPOMF-UHFFFAOYSA-N__seed42,6N7A,FTSYURCNSVPOMF-UHFFFAOYSA-N,SUCCESS,--,0.858065605,0.858065605,N/A_NO_SPECIAL_TYPE,YES_IF_SUCCESS,
OLD_M3,6N7A__FWRLZLZAKAACSW-YESZJQIVSA-N__seed42,6N7A,FWRLZLZAKAACSW-YESZJQIVSA-N,SUCCESS,--,0.966997206,0.966997206,N/A_NO_SPECIAL_TYPE,YES_IF_SUCCESS,
OLD_M3,6N7A__FXTPMBKUURJDKQ-UHFFFAOYSA-N__seed42,6N7A,FXTPMBKUURJDKQ-UHFFFAOYSA-N,SUCCESS,--,0.983085334,0.983085334,N/A_NO_SPECIAL_TYPE,YES_IF_SUCCESS,
OLD_M3,6N7A__GAMWVQLSQAMDSB-IYBDPMFKSA-N__seed42,6N7A,GAMWVQLSQAMDSB-IYBDPMFKSA-N,SUCCESS,--,0.922089577,0.922089577,N/A_NO_SPECIAL_TYPE,YES_IF_SUCCESS,
OLD_M3,6N7A__GCIDBNWNLPXDBD-UHFFFAOYSA-N__seed42,6N7A,GCIDBNWNLPXDBD-UHFFFAOYSA-N,SUCCESS,--,0.885583937,0.885583937,N/A_NO_SPECIAL_TYPE,YES_IF_SUCCESS,
OLD_M3,6N7A__GCIKSSRWRFVXBI-UHFFFAOYSA-N__seed42,6N7A,GCIKSSRWRFVXBI-UHFFFAOYSA-N,SUCCESS,--,0.874911487,0.874911487,N/A_NO_SPECIAL_TYPE,YES_IF_SUCCESS,
OLD_M3,6N7A__GHBIFDBGDNHWRO-OWOJBTEDSA-N__seed42,6N7A,GHBIFDBGDNHWRO-OWOJBTEDSA-N,SUCCESS,--,0.975194752,0.975194752,M3_INPUT_TOPOLOGY_FAIL,NO_INVALID_INPUT_REPRESENTATION,
OLD_M3,6N7A__GMPJYOVFXLKIAS-UHFFFAOYSA-N__seed42,6N7A,GMPJYOVFXLKIAS-UHFFFAOYSA-N,SUCCESS,--,0.922069013,0.922069013,N/A_NO_SPECIAL_TYPE,YES_IF_SUCCESS,
OLD_M3,6N7A__GPSZYOIFQZPWEJ-UHFFFAOYSA-N__seed42,6N7A,GPSZYOIFQZPWEJ-UHFFFAOYSA-N,SUCCESS,--,0.733123302,0.733123302,N/A_NO_SPECIAL_TYPE,YES_IF_SUCCESS,
OLD_M3,6N7A__HCRQGSALPJKLLR-NTKDMRAZSA-N__seed42,6N7A,HCRQGSALPJKLLR-NTKDMRAZSA-N,SUCCESS,--,0.977454424,0.977454424,N/A_NO_SPECIAL_TYPE,YES_IF_SUCCESS,
OLD_M3,6N7A__HDCSBWAJZWUBEE-UHFFFAOYSA-N__seed42,6N7A,HDCSBWAJZWUBEE-UHFFFAOYSA-N,SUCCESS,--,0.91765964,0.91765964,N/A_NO_SPECIAL_TYPE,YES_IF_SUCCESS,
OLD_M3,6N7A__HDHFSJKBCCIERR-UHFFFAOYSA-N__seed42,6N7A,HDHFSJKBCCIERR-UHFFFAOYSA-N,SUCCESS,--,0.95836556,0.95836556,N/A_NO_SPECIAL_TYPE,YES_IF_SUCCESS,
OLD_M3,6N7A__HEKOQDACDARSSX-GFCCVEGCSA-N__seed42,6N7A,HEKOQDACDARSSX-GFCCVEGCSA-N,SUCCESS,--,0.933744669,0.933744669,N/A_NO_SPECIAL_TYPE,YES_IF_SUCCESS,
OLD_M3,6N7A__HFCJAKGWADMYJC-HAQNSBGRSA-N__seed42,6N7A,HFCJAKGWADMYJC-HAQNSBGRSA-N,SUCCESS,--,0.985129118,0.985129118,N/A_NO_SPECIAL_TYPE,YES_IF_SUCCESS,
OLD_M3,6N7A__HFUMKLLYTNCQPV-UHFFFAOYSA-N__seed42,6N7A,HFUMKLLYTNCQPV-UHFFFAOYSA-N,SUCCESS,--,0.769222319,0.769222319,N/A_NO_SPECIAL_TYPE,YES_IF_SUCCESS,
OLD_M3,6N7A__HMRSUDUYEZVBSR-UHFFFAOYSA-N__seed42,6N7A,HMRSUDUYEZVBSR-UHFFFAOYSA-N,SUCCESS,--,0.985906243,0.985906243,N/A_NO_SPECIAL_TYPE,YES_IF_SUCCESS,
OLD_M3,6N7A__HRZCOFVBUBDIIR-PKOBYXMFSA-N__seed42,6N7A,HRZCOFVBUBDIIR-PKOBYXMFSA-N,SUCCESS,--,0.905845225,0.905845225,N/A_NO_SPECIAL_TYPE,YES_IF_SUCCESS,
OLD_M3,6N7A__HUGPLCWWVOYGRE-NVXWUHKLSA-N__seed42,6N7A,HUGPLCWWVOYGRE-NVXWUHKLSA-N,SUCCESS,--,0.941691518,0.941691518,N/A_NO_SPECIAL_TYPE,YES_IF_SUCCESS,
OLD_M3,6N7A__IIBGSSDECOOUPY-DNVCBOLYSA-N__seed42,6N7A,IIBGSSDECOOUPY-DNVCBOLYSA-N,SUCCESS,--,0.989260077,0.989260077,N/A_NO_SPECIAL_TYPE,YES_IF_SUCCESS,
OLD_M3,6N7A__IIIZBXHGWNJDDF-YIONKMFJSA-N__seed42,6N7A,IIIZBXHGWNJDDF-YIONKMFJSA-N,SUCCESS,--,0.960365176,0.960365176,N/A_NO_SPECIAL_TYPE,YES_IF_SUCCESS,
OLD_M3,6N7A__IKAXKGNBVUEIGG-AULYBMBSSA-N__seed42,6N7A,IKAXKGNBVUEIGG-AULYBMBSSA-N,SUCCESS,--,0.929771543,0.929771543,N/A_NO_SPECIAL_TYPE,YES_IF_SUCCESS,
OLD_M3,6N7A__ILQBVOMILHZYSA-UHFFFAOYSA-N__seed42,6N7A,ILQBVOMILHZYSA-UHFFFAOYSA-N,SUCCESS,--,0.557760477,0.557760477,N/A_NO_SPECIAL_TYPE,YES_IF_SUCCESS,
OLD_M3,6N7A__ILTMPNUQSMRDOS-VVPTUSLJSA-N__seed42,6N7A,ILTMPNUQSMRDOS-VVPTUSLJSA-N,SUCCESS,--,0.983467996,0.983467996,N/A_NO_SPECIAL_TYPE,YES_IF_SUCCESS,
OLD_M3,6N7A__IMPZSGOWSPHBCV-UHFFFAOYSA-N__seed42,6N7A,IMPZSGOWSPHBCV-UHFFFAOYSA-N,SUCCESS,--,0.965437353,0.965437353,N/A_NO_SPECIAL_TYPE,YES_IF_SUCCESS,
OLD_M3,6N7A__IOIPOBMOUFWACW-OAHLLOKOSA-N__seed42,6N7A,IOIPOBMOUFWACW-OAHLLOKOSA-N,SUCCESS,--,0.868774593,0.868774593,N/A_NO_SPECIAL_TYPE,YES_IF_SUCCESS,
OLD_M3,6N7A__IOPKWIPPSDZIET-UHFFFAOYSA-N__seed42,6N7A,IOPKWIPPSDZIET-UHFFFAOYSA-N,SUCCESS,--,0.955553889,0.955553889,N/A_NO_SPECIAL_TYPE,YES_IF_SUCCESS,
OLD_M3,6N7A__IQCLJRQNJINKEK-GASCZTMLSA-N__seed42,6N7A,IQCLJRQNJINKEK-GASCZTMLSA-N,SUCCESS,--,0.905602098,0.905602098,N/A_NO_SPECIAL_TYPE,YES_IF_SUCCESS,
OLD_M3,6N7A__IQTIWHPPLGNVLI-LDKKBFSKSA-N__seed42,6N7A,IQTIWHPPLGNVLI-LDKKBFSKSA-N,SUCCESS,--,0.920285344,0.920285344,N/A_NO_SPECIAL_TYPE,YES_IF_SUCCESS,
OLD_M3,6N7A__IRWGMJOHKYTECO-UHFFFAOYSA-N__seed42,6N7A,IRWGMJOHKYTECO-UHFFFAOYSA-N,SUCCESS,--,0.867200673,0.867200673,N/A_NO_SPECIAL_TYPE,YES_IF_SUCCESS,
OLD_M3,6N7A__ISAHPBXZZIAMMK-JBZHPUCOSA-N__seed42,6N7A,ISAHPBXZZIAMMK-JBZHPUCOSA-N,SUCCESS,--,0.779888809,0.779888809,N/A_NO_SPECIAL_TYPE,YES_IF_SUCCESS,
OLD_M3,6N7A__ITVPJECOOYHMHF-SECBINFHSA-N__seed42,6N7A,ITVPJECOOYHMHF-SECBINFHSA-N,SUCCESS,--,0.914338291,0.914338291,N/A_NO_SPECIAL_TYPE,YES_IF_SUCCESS,
OLD_M3,6N7A__IVMDAZCUUNYGAH-QPBASRLBSA-N__seed42,6N7A,IVMDAZCUUNYGAH-QPBASRLBSA-N,SUCCESS,--,0.939994454,0.939994454,N/A_NO_SPECIAL_TYPE,YES_IF_SUCCESS,
OLD_M3,6N7A__JDXORJMTILPVTL-UHFFFAOYSA-N__seed42,6N7A,JDXORJMTILPVTL-UHFFFAOYSA-N,SUCCESS,--,0.858171105,0.858171105,N/A_NO_SPECIAL_TYPE,YES_IF_SUCCESS,
OLD_M3,6N7A__JKESNMWWWWZHEN-KESTWPANSA-N__seed42,6N7A,JKESNMWWWWZHEN-KESTWPANSA-N,SUCCESS,--,0.982250333,0.982250333,N/A_NO_SPECIAL_TYPE,YES_IF_SUCCESS,
OLD_M3,6N7A__JNKWGCLPFCMWJB-XYPHTWIQSA-N__seed42,6N7A,JNKWGCLPFCMWJB-XYPHTWIQSA-N,SUCCESS,--,0.990439534,0.990439534,N/A_NO_SPECIAL_TYPE,YES_IF_SUCCESS,
OLD_M3,6N7A__JQKDWSJGLLIFBM-UBHSHLNASA-N__seed42,6N7A,JQKDWSJGLLIFBM-UBHSHLNASA-N,SUCCESS,--,0.902634561,0.902634561,N/A_NO_SPECIAL_TYPE,YES_IF_SUCCESS,
OLD_M3,6N7A__JQKDWSJGLLIFBM-YUTCNCBUSA-N__seed42,6N7A,JQKDWSJGLLIFBM-YUTCNCBUSA-N,SUCCESS,--,0.915319204,0.915319204,N/A_NO_SPECIAL_TYPE,YES_IF_SUCCESS,
OLD_M3,6N7A__JRXMDKBOTXUDNQ-SHTZXODSSA-N__seed42,6N7A,JRXMDKBOTXUDNQ-SHTZXODSSA-N,SUCCESS,--,0.971886992,0.971886992,N/A_NO_SPECIAL_TYPE,YES_IF_SUCCESS,
OLD_M3,6N7A__JXXOAWDMPAWACX-HAQNSBGRSA-N__seed42,6N7A,JXXOAWDMPAWACX-HAQNSBGRSA-N,SUCCESS,--,0.977618635,0.977618635,N/A_NO_SPECIAL_TYPE,YES_IF_SUCCESS,
OLD_M3,6N7A__KAMXHDXTHDNZTD-UHFFFAOYSA-N__seed42,6N7A,KAMXHDXTHDNZTD-UHFFFAOYSA-N,SUCCESS,--,0.946578205,0.946578205,N/A_NO_SPECIAL_TYPE,YES_IF_SUCCESS,
OLD_M3,6N7A__KISDQJKMKYRWHU-OWZKRDHZSA-N__seed42,6N7A,KISDQJKMKYRWHU-OWZKRDHZSA-N,SUCCESS,--,0.985123575,0.985123575,N/A_NO_SPECIAL_TYPE,YES_IF_SUCCESS,
OLD_M3,6N7A__KITCYDCXSZDXLF-UHFFFAOYSA-N__seed42,6N7A,KITCYDCXSZDXLF-UHFFFAOYSA-N,SUCCESS,--,0.895745873,0.895745873,N/A_NO_SPECIAL_TYPE,YES_IF_SUCCESS,
OLD_M3,6N7A__KNAGBHSVICAWIT-UHFFFAOYSA-N__seed42,6N7A,KNAGBHSVICAWIT-UHFFFAOYSA-N,SUCCESS,--,0.856750429,0.856750429,N/A_NO_SPECIAL_TYPE,YES_IF_SUCCESS,
OLD_M3,6N7A__KRNMWFLASUZVPJ-INIZCTEOSA-N__seed42,6N7A,KRNMWFLASUZVPJ-INIZCTEOSA-N,SUCCESS,--,0.866351128,0.866351128,N/A_NO_SPECIAL_TYPE,YES_IF_SUCCESS,
OLD_M3,6N7A__KVNPGZVFMJXRBG-SFHVURJKSA-N__seed42,6N7A,KVNPGZVFMJXRBG-SFHVURJKSA-N,SUCCESS,--,0.985472083,0.985472083,N/A_NO_SPECIAL_TYPE,YES_IF_SUCCESS,
OLD_M3,6N7A__KZJDGNASJMWFCF-QGZVFWFLSA-N__seed42,6N7A,KZJDGNASJMWFCF-QGZVFWFLSA-N,SUCCESS,--,0.959728599,0.959728599,M3_INPUT_TOPOLOGY_FAIL,NO_INVALID_INPUT_REPRESENTATION,
OLD_M3,6N7A__LATBTOTUGAOJBF-UHFFFAOYSA-N__seed42,6N7A,LATBTOTUGAOJBF-UHFFFAOYSA-N,SUCCESS,--,0.946088672,0.946088672,N/A_NO_SPECIAL_TYPE,YES_IF_SUCCESS,
OLD_M3,6N7A__LBFKCADAEOIHNK-IBGZPJMESA-N__seed42,6N7A,LBFKCADAEOIHNK-IBGZPJMESA-N,SUCCESS,--,0.972934604,0.972934604,N/A_NO_SPECIAL_TYPE,YES_IF_SUCCESS,
OLD_M3,6N7A__LJOCKOTYPPAJJM-OAHLLOKOSA-N__seed42,6N7A,LJOCKOTYPPAJJM-OAHLLOKOSA-N,SUCCESS,--,0.919256628,0.919256628,N/A_NO_SPECIAL_TYPE,YES_IF_SUCCESS,
OLD_M3,6N7A__LMRBMFGYPWUSQY-HXUWFJFHSA-N__seed42,6N7A,LMRBMFGYPWUSQY-HXUWFJFHSA-N,SUCCESS,--,0.657214642,0.657214642,N/A_NO_SPECIAL_TYPE,YES_IF_SUCCESS,
OLD_M3,6N7A__LUYJDCJUSBGCTK-UHFFFAOYSA-N__seed42,6N7A,LUYJDCJUSBGCTK-UHFFFAOYSA-N,SUCCESS,--,0.961509168,0.961509168,N/A_NO_SPECIAL_TYPE,YES_IF_SUCCESS,
OLD_M3,6N7A__MAZZDWBGKGDHRC-DVECYGJZSA-N__seed42,6N7A,MAZZDWBGKGDHRC-DVECYGJZSA-N,SUCCESS,--,0.931017339,0.931017339,N/A_NO_SPECIAL_TYPE,YES_IF_SUCCESS,
OLD_M3,6N7A__MCHYSTQTMONBPK-SNAWJCMRSA-N__seed42,6N7A,MCHYSTQTMONBPK-SNAWJCMRSA-N,SUCCESS,--,0.972428024,0.972428024,M3_INPUT_TOPOLOGY_FAIL,NO_INVALID_INPUT_REPRESENTATION,
OLD_M3,6N7A__MCHYSTQTMONBPK-UHFFFAOYSA-N__seed42,6N7A,MCHYSTQTMONBPK-UHFFFAOYSA-N,SUCCESS,--,0.964653134,0.964653134,M3_INPUT_TOPOLOGY_FAIL,NO_INVALID_INPUT_REPRESENTATION,
OLD_M3,6N7A__MDYMNELEGYVHIZ-LDCVWXEPSA-N__seed42,6N7A,MDYMNELEGYVHIZ-LDCVWXEPSA-N,SUCCESS,--,0.983787537,0.983787537,N/A_NO_SPECIAL_TYPE,YES_IF_SUCCESS,
OLD_M3,6N7A__MHHFHCHCZMIUDH-UHFFFAOYSA-N__seed42,6N7A,MHHFHCHCZMIUDH-UHFFFAOYSA-N,SUCCESS,--,0.958324969,0.958324969,N/A_NO_SPECIAL_TYPE,YES_IF_SUCCESS,
OLD_M3,6N7A__MJRANCWIWRLEJM-UHFFFAOYSA-N__seed42,6N7A,MJRANCWIWRLEJM-UHFFFAOYSA-N,SUCCESS,--,0.973592162,0.973592162,N/A_NO_SPECIAL_TYPE,YES_IF_SUCCESS,
OLD_M3,6N7A__MJWHYVMTGWQCDN-UHFFFAOYSA-N__seed42,6N7A,MJWHYVMTGWQCDN-UHFFFAOYSA-N,SUCCESS,--,0.983501256,0.983501256,N/A_NO_SPECIAL_TYPE,YES_IF_SUCCESS,
OLD_M3,6N7A__MLIJDZYVRSRDJT-UHFFFAOYSA-N__seed42,6N7A,MLIJDZYVRSRDJT-UHFFFAOYSA-N,SUCCESS,--,0.972786725,0.972786725,M3_INPUT_TOPOLOGY_FAIL,NO_INVALID_INPUT_REPRESENTATION,
OLD_M3,6N7A__MNQSOOKWQBQJNY-LLVKDONJSA-N__seed42,6N7A,MNQSOOKWQBQJNY-LLVKDONJSA-N,SUCCESS,--,0.934992909,0.934992909,N/A_NO_SPECIAL_TYPE,YES_IF_SUCCESS,
OLD_M3,6N7A__MRNMBOITDDFAOQ-UHFFFAOYSA-N__seed42,6N7A,MRNMBOITDDFAOQ-UHFFFAOYSA-N,SUCCESS,--,0.922684371,0.922684371,N/A_NO_SPECIAL_TYPE,YES_IF_SUCCESS,
OLD_M3,6N7A__MSKMVINDTCVTEK-UHFFFAOYSA-N__seed42,6N7A,MSKMVINDTCVTEK-UHFFFAOYSA-N,SUCCESS,--,0.921091437,0.921091437,N/A_NO_SPECIAL_TYPE,YES_IF_SUCCESS,
OLD_M3,6N7A__MYIILBMNTUDZDH-UHFFFAOYSA-N__seed42,6N7A,MYIILBMNTUDZDH-UHFFFAOYSA-N,SUCCESS,--,0.71961993,0.71961993,N/A_NO_SPECIAL_TYPE,YES_IF_SUCCESS,
OLD_M3,6N7A__NAGSKGCXMWXMFR-UHFFFAOYSA-N__seed42,6N7A,NAGSKGCXMWXMFR-UHFFFAOYSA-N,SUCCESS,--,0.875860393,0.875860393,N/A_NO_SPECIAL_TYPE,YES_IF_SUCCESS,
OLD_M3,6N7A__NDGWCDFBMHRQMA-HKALDPMFSA-N__seed42,6N7A,NDGWCDFBMHRQMA-HKALDPMFSA-N,SUCCESS,--,0.964575291,0.964575291,N/A_NO_SPECIAL_TYPE,YES_IF_SUCCESS,
OLD_M3,6N7A__NGAAOEYVYQJXJR-UHFFFAOYSA-N__seed42,6N7A,NGAAOEYVYQJXJR-UHFFFAOYSA-N,SUCCESS,--,0.923597455,0.923597455,N/A_NO_SPECIAL_TYPE,YES_IF_SUCCESS,
OLD_M3,6N7A__NGEQQUWHBWTKEQ-MRXNPFEDSA-N__seed42,6N7A,NGEQQUWHBWTKEQ-MRXNPFEDSA-N,SUCCESS,--,0.939467728,0.939467728,N/A_NO_SPECIAL_TYPE,YES_IF_SUCCESS,
OLD_M3,6N7A__NJYLPECDVDEDSZ-FHWLQOOXSA-N__seed42,6N7A,NJYLPECDVDEDSZ-FHWLQOOXSA-N,SUCCESS,--,0.958567202,0.958567202,N/A_NO_SPECIAL_TYPE,YES_IF_SUCCESS,
OLD_M3,6N7A__NNHRTRASNYRKSM-JCNLHEQBSA-N__seed42,6N7A,NNHRTRASNYRKSM-JCNLHEQBSA-N,SUCCESS,--,0.972851992,0.972851992,N/A_NO_SPECIAL_TYPE,YES_IF_SUCCESS,
OLD_M3,6N7A__NZWKRMFCKXOQMF-UHFFFAOYSA-N__seed42,6N7A,NZWKRMFCKXOQMF-UHFFFAOYSA-N,SUCCESS,--,0.860025585,0.860025585,N/A_NO_SPECIAL_TYPE,YES_IF_SUCCESS,
OLD_M3,6N7A__OCMXVQWXVVAJMF-HNNXBMFYSA-N__seed42,6N7A,OCMXVQWXVVAJMF-HNNXBMFYSA-N,SUCCESS,--,0.930304527,0.930304527,N/A_NO_SPECIAL_TYPE,YES_IF_SUCCESS,
OLD_M3,6N7A__OEMOIOUFFOLZQP-TXEJJXNPSA-N__seed42,6N7A,OEMOIOUFFOLZQP-TXEJJXNPSA-N,SUCCESS,--,0.837947965,0.837947965,N/A_NO_SPECIAL_TYPE,YES_IF_SUCCESS,
OLD_M3,6N7A__OHNNFCNGTAKEOI-ZSOGYDGISA-N__seed42,6N7A,OHNNFCNGTAKEOI-ZSOGYDGISA-N,SUCCESS,--,0.956501245,0.956501245,N/A_NO_SPECIAL_TYPE,YES_IF_SUCCESS,
OLD_M3,6N7A__OLRNUXJNQGODGR-FQEVSTJZSA-N__seed42,6N7A,OLRNUXJNQGODGR-FQEVSTJZSA-N,SUCCESS,--,0.926171541,0.926171541,N/A_NO_SPECIAL_TYPE,YES_IF_SUCCESS,
OLD_M3,6N7A__OOTOILRGUDIKTF-UHFFFAOYSA-N__seed42,6N7A,OOTOILRGUDIKTF-UHFFFAOYSA-N,SUCCESS,--,0.895661771,0.895661771,N/A_NO_SPECIAL_TYPE,YES_IF_SUCCESS,
OLD_M3,6N7A__OSNRNYVOCOFEIX-KBPBESRZSA-N__seed42,6N7A,OSNRNYVOCOFEIX-KBPBESRZSA-N,SUCCESS,--,0.98622942,0.98622942,N/A_NO_SPECIAL_TYPE,YES_IF_SUCCESS,
OLD_M3,6N7A__OZSJWTSKFVWRDI-OWTLIXCDSA-N__seed42,6N7A,OZSJWTSKFVWRDI-OWTLIXCDSA-N,SUCCESS,--,0.959527671,0.959527671,N/A_NO_SPECIAL_TYPE,YES_IF_SUCCESS,
OLD_M3,6N7A__PCAQQLOHZBFIAB-UHFFFAOYSA-N__seed42,6N7A,PCAQQLOHZBFIAB-UHFFFAOYSA-N,SUCCESS,--,0.894153059,0.894153059,N/A_NO_SPECIAL_TYPE,YES_IF_SUCCESS,
OLD_M3,6N7A__PDGMUYOWMMAPOK-CYBMUJFWSA-N__seed42,6N7A,PDGMUYOWMMAPOK-CYBMUJFWSA-N,SUCCESS,--,0.869718373,0.869718373,N/A_NO_SPECIAL_TYPE,YES_IF_SUCCESS,
OLD_M3,6N7A__PEALVEWPZOQWRK-GOSISDBHSA-N__seed42,6N7A,PEALVEWPZOQWRK-GOSISDBHSA-N,SUCCESS,--,0.893912733,0.893912733,N/A_NO_SPECIAL_TYPE,YES_IF_SUCCESS,
OLD_M3,6N7A__PEALVEWPZOQWRK-UHFFFAOYSA-N__seed42,6N7A,PEALVEWPZOQWRK-UHFFFAOYSA-N,SUCCESS,--,0.819217145,0.819217145,N/A_NO_SPECIAL_TYPE,YES_IF_SUCCESS,
OLD_M3,6N7A__PGFUYRPYQOJNGW-UHFFFAOYSA-N__seed42,6N7A,PGFUYRPYQOJNGW-UHFFFAOYSA-N,SUCCESS,--,0.861903131,0.861903131,N/A_NO_SPECIAL_TYPE,YES_IF_SUCCESS,
OLD_M3,6N7A__PGUCNZCUWCLRQN-UHFFFAOYSA-N__seed42,6N7A,PGUCNZCUWCLRQN-UHFFFAOYSA-N,SUCCESS,--,0.869008541,0.869008541,N/A_NO_SPECIAL_TYPE,YES_IF_SUCCESS,
OLD_M3,6N7A__PKRKWOVHSNTKAH-KDURUIRLSA-N__seed42,6N7A,PKRKWOVHSNTKAH-KDURUIRLSA-N,SUCCESS,--,0.210074037,0.210074037,N/A_NO_SPECIAL_TYPE,YES_IF_SUCCESS,
OLD_M3,6N7A__PKZMHAUKZNLATM-UHFFFAOYSA-N__seed42,6N7A,PKZMHAUKZNLATM-UHFFFAOYSA-N,SUCCESS,--,0.282846332,0.282846332,N/A_NO_SPECIAL_TYPE,YES_IF_SUCCESS,
OLD_M3,6N7A__PMBVJRGBYOKWGM-XYPWUTKMSA-N__seed42,6N7A,PMBVJRGBYOKWGM-XYPWUTKMSA-N,SUCCESS,--,0.941209555,0.941209555,N/A_NO_SPECIAL_TYPE,YES_IF_SUCCESS,
OLD_M3,6N7A__PMNFGEHMTFKKPU-GOSISDBHSA-N__seed42,6N7A,PMNFGEHMTFKKPU-GOSISDBHSA-N,SUCCESS,--,0.925089478,0.925089478,N/A_NO_SPECIAL_TYPE,YES_IF_SUCCESS,
OLD_M3,6N7A__PRDYSVHWSCSUOP-VGAJERRHSA-N__seed42,6N7A,PRDYSVHWSCSUOP-VGAJERRHSA-N,SUCCESS,--,0.784378767,0.784378767,N/A_NO_SPECIAL_TYPE,YES_IF_SUCCESS,
OLD_M3,6N7A__PTYYLKYBWXHUAG-UHFFFAOYSA-N__seed42,6N7A,PTYYLKYBWXHUAG-UHFFFAOYSA-N,SUCCESS,--,0.946054459,0.946054459,N/A_NO_SPECIAL_TYPE,YES_IF_SUCCESS,
OLD_M3,6N7A__PUMVGUHHVKZTOZ-HJGJAMNPSA-N__seed42,6N7A,PUMVGUHHVKZTOZ-HJGJAMNPSA-N,SUCCESS,--,0.908841789,0.908841789,N/A_NO_SPECIAL_TYPE,YES_IF_SUCCESS,
OLD_M3,6N7A__PUPKZNCFZQRDIJ-UHFFFAOYSA-N__seed42,6N7A,PUPKZNCFZQRDIJ-UHFFFAOYSA-N,SUCCESS,--,0.845416367,0.845416367,N/A_NO_SPECIAL_TYPE,YES_IF_SUCCESS,
OLD_M3,6N7A__PUUJLIQLJNLBPS-HSZRJFAPSA-N__seed42,6N7A,PUUJLIQLJNLBPS-HSZRJFAPSA-N,SUCCESS,--,0.969676256,0.969676256,M3_INPUT_TOPOLOGY_FAIL,NO_INVALID_INPUT_REPRESENTATION,
OLD_M3,6N7A__PVXQZMOKDYXWBJ-KKFHFHRHSA-N__seed42,6N7A,PVXQZMOKDYXWBJ-KKFHFHRHSA-N,SUCCESS,--,0.818208516,0.818208516,N/A_NO_SPECIAL_TYPE,YES_IF_SUCCESS,
OLD_M3,6N7A__QCICTFWGEABKRH-UHFFFAOYSA-N__seed42,6N7A,QCICTFWGEABKRH-UHFFFAOYSA-N,SUCCESS,--,0.548177242,0.548177242,N/A_NO_SPECIAL_TYPE,YES_IF_SUCCESS,
OLD_M3,6N7A__QGHDWXGDKDWKGF-UHFFFAOYSA-N__seed42,6N7A,QGHDWXGDKDWKGF-UHFFFAOYSA-N,SUCCESS,--,0.943064988,0.943064988,N/A_NO_SPECIAL_TYPE,YES_IF_SUCCESS,
OLD_M3,6N7A__QIGAJELHFWOHDE-JYJNAYRXSA-N__seed42,6N7A,QIGAJELHFWOHDE-JYJNAYRXSA-N,SUCCESS,--,0.952183664,0.952183664,N/A_NO_SPECIAL_TYPE,YES_IF_SUCCESS,
OLD_M3,6N7A__QLRBBYAOCQZZKR-XXBNENTESA-N__seed42,6N7A,QLRBBYAOCQZZKR-XXBNENTESA-N,SUCCESS,--,0.954116523,0.954116523,N/A_NO_SPECIAL_TYPE,YES_IF_SUCCESS,
OLD_M3,6N7A__QLSJFVSWCVEOMO-OAHLLOKOSA-N__seed42,6N7A,QLSJFVSWCVEOMO-OAHLLOKOSA-N,SUCCESS,--,0.958429515,0.958429515,N/A_NO_SPECIAL_TYPE,YES_IF_SUCCESS,
OLD_M3,6N7A__QMHIQYFDHQKWPO-IBGZPJMESA-N__seed42,6N7A,QMHIQYFDHQKWPO-IBGZPJMESA-N,SUCCESS,--,0.903539181,0.903539181,N/A_NO_SPECIAL_TYPE,YES_IF_SUCCESS,
OLD_M3,6N7A__QMHIQYFDHQKWPO-LJQANCHMSA-N__seed42,6N7A,QMHIQYFDHQKWPO-LJQANCHMSA-N,SUCCESS,--,0.925254047,0.925254047,N/A_NO_SPECIAL_TYPE,YES_IF_SUCCESS,
OLD_M3,6N7A__QNEHTPKTYOFLPX-IYBDPMFKSA-N__seed42,6N7A,QNEHTPKTYOFLPX-IYBDPMFKSA-N,SUCCESS,--,0.974507272,0.974507272,N/A_NO_SPECIAL_TYPE,YES_IF_SUCCESS,
OLD_M3,6N7A__QSQYHJZDHUIHFF-OTVXOJSOSA-N__seed42,6N7A,QSQYHJZDHUIHFF-OTVXOJSOSA-N,SUCCESS,--,0.864116609,0.864116609,N/A_NO_SPECIAL_TYPE,YES_IF_SUCCESS,
OLD_M3,6N7A__QVZXJVILZBKCPS-UHFFFAOYSA-N__seed42,6N7A,QVZXJVILZBKCPS-UHFFFAOYSA-N,SUCCESS,--,0.928751826,0.928751826,N/A_NO_SPECIAL_TYPE,YES_IF_SUCCESS,
OLD_M3,6N7A__RADMAAOUVWABJD-OWOJBTEDSA-N__seed42,6N7A,RADMAAOUVWABJD-OWOJBTEDSA-N,SUCCESS,--,0.9840011,0.9840011,M3_INPUT_TOPOLOGY_FAIL,NO_INVALID_INPUT_REPRESENTATION,
OLD_M3,6N7A__RAOSMRQNSKDBMX-UHFFFAOYSA-N__seed42,6N7A,RAOSMRQNSKDBMX-UHFFFAOYSA-N,SUCCESS,--,0.289615303,0.289615303,N/A_NO_SPECIAL_TYPE,YES_IF_SUCCESS,
OLD_M3,6N7A__RBDSMNWWGHWDMP-CQSZACIVSA-N__seed42,6N7A,RBDSMNWWGHWDMP-CQSZACIVSA-N,SUCCESS,--,0.990707397,0.990707397,N/A_NO_SPECIAL_TYPE,YES_IF_SUCCESS,
OLD_M3,6N7A__RCMUQMOZZOFKCM-UHFFFAOYSA-N__seed42,6N7A,RCMUQMOZZOFKCM-UHFFFAOYSA-N,SUCCESS,--,0.809772313,0.809772313,N/A_NO_SPECIAL_TYPE,YES_IF_SUCCESS,
OLD_M3,6N7A__RIIBDIVNQDTPRT-YCRPNKLZSA-N__seed42,6N7A,RIIBDIVNQDTPRT-YCRPNKLZSA-N,SUCCESS,--,0.748828828,0.748828828,N/A_NO_SPECIAL_TYPE,YES_IF_SUCCESS,
OLD_M3,6N7A__RIZRLVOFNUVLSK-UHFFFAOYSA-N__seed42,6N7A,RIZRLVOFNUVLSK-UHFFFAOYSA-N,SUCCESS,--,0.939837277,0.939837277,N/A_NO_SPECIAL_TYPE,YES_IF_SUCCESS,
OLD_M3,6N7A__RJJDBVLQFUOSJC-UHFFFAOYSA-N__seed42,6N7A,RJJDBVLQFUOSJC-UHFFFAOYSA-N,SUCCESS,--,0.874474406,0.874474406,N/A_NO_SPECIAL_TYPE,YES_IF_SUCCESS,
OLD_M3,6N7A__SDNGLJCJUQMLCR-UHFFFAOYSA-N__seed42,6N7A,SDNGLJCJUQMLCR-UHFFFAOYSA-N,SUCCESS,--,0.856910706,0.856910706,N/A_NO_SPECIAL_TYPE,YES_IF_SUCCESS,
OLD_M3,6N7A__SDTXZRMORPGVBY-UMSPYCQHSA-N__seed42,6N7A,SDTXZRMORPGVBY-UMSPYCQHSA-N,SUCCESS,--,0.946859896,0.946859896,N/A_NO_SPECIAL_TYPE,YES_IF_SUCCESS,
OLD_M3,6N7A__SEBMNMZRKUJGHU-UHFFFAOYSA-N__seed42,6N7A,SEBMNMZRKUJGHU-UHFFFAOYSA-N,SUCCESS,--,0.264416158,0.264416158,N/A_NO_SPECIAL_TYPE,YES_IF_SUCCESS,
OLD_M3,6N7A__SFJVTTMWKMNHQE-MNNSJKJDSA-N__seed42,6N7A,SFJVTTMWKMNHQE-MNNSJKJDSA-N,SUCCESS,--,0.977631688,0.977631688,N/A_NO_SPECIAL_TYPE,YES_IF_SUCCESS,
OLD_M3,6N7A__SINXKRJKXKMFBZ-AYDFFVQHSA-N__seed42,6N7A,SINXKRJKXKMFBZ-AYDFFVQHSA-N,SUCCESS,--,0.974653482,0.974653482,N/A_NO_SPECIAL_TYPE,YES_IF_SUCCESS,
OLD_M3,6N7A__SSSWDTKZDCPURU-NNZMDNLPSA-N__seed42,6N7A,SSSWDTKZDCPURU-NNZMDNLPSA-N,SUCCESS,--,0.953905404,0.953905404,N/A_NO_SPECIAL_TYPE,YES_IF_SUCCESS,
OLD_M3,6N7A__SWWXXPBMWZJWOL-SNAWJCMRSA-N__seed42,6N7A,SWWXXPBMWZJWOL-SNAWJCMRSA-N,SUCCESS,--,0.966597259,0.966597259,M3_INPUT_TOPOLOGY_FAIL,NO_INVALID_INPUT_REPRESENTATION,
OLD_M3,6N7A__SWXWAHZCVHZSAQ-GASCZTMLSA-N__seed42,6N7A,SWXWAHZCVHZSAQ-GASCZTMLSA-N,SUCCESS,--,0.952151716,0.952151716,N/A_NO_SPECIAL_TYPE,YES_IF_SUCCESS,
OLD_M3,6N7A__TUWNULBHLRPYLF-NQIIRXRSSA-N__seed42,6N7A,TUWNULBHLRPYLF-NQIIRXRSSA-N,SUCCESS,--,0.981822848,0.981822848,M3_INPUT_TOPOLOGY_FAIL,NO_INVALID_INPUT_REPRESENTATION,
OLD_M3,6N7A__TUYPRUOSDMDIKE-UHFFFAOYSA-N__seed42,6N7A,TUYPRUOSDMDIKE-UHFFFAOYSA-N,SUCCESS,--,0.77726084,0.77726084,N/A_NO_SPECIAL_TYPE,YES_IF_SUCCESS,
OLD_M3,6N7A__UAKGPERAUAMZPO-IAGOWNOFSA-N__seed42,6N7A,UAKGPERAUAMZPO-IAGOWNOFSA-N,SUCCESS,--,0.943981946,0.943981946,N/A_NO_SPECIAL_TYPE,YES_IF_SUCCESS,
OLD_M3,6N7A__UHJPSFDAARAJFA-UHFFFAOYSA-N__seed42,6N7A,UHJPSFDAARAJFA-UHFFFAOYSA-N,SUCCESS,--,0.958109558,0.958109558,N/A_NO_SPECIAL_TYPE,YES_IF_SUCCESS,
OLD_M3,6N7A__UKPORPWVWHZWTG-ZWKOTPCHSA-N__seed42,6N7A,UKPORPWVWHZWTG-ZWKOTPCHSA-N,SUCCESS,--,0.970488191,0.970488191,N/A_NO_SPECIAL_TYPE,YES_IF_SUCCESS,
OLD_M3,6N7A__ULCJJWMOPWEMQM-LPZXAVJZSA-N__seed42,6N7A,ULCJJWMOPWEMQM-LPZXAVJZSA-N,SUCCESS,--,0.980379581,0.980379581,N/A_NO_SPECIAL_TYPE,YES_IF_SUCCESS,
OLD_M3,6N7A__UNRMWZNDXAAOPZ-UHFFFAOYSA-N__seed42,6N7A,UNRMWZNDXAAOPZ-UHFFFAOYSA-N,SUCCESS,--,0.659847736,0.659847736,N/A_NO_SPECIAL_TYPE,YES_IF_SUCCESS,
OLD_M3,6N7A__UNTPIVQPYGUHPI-MZADTFQBSA-N__seed42,6N7A,UNTPIVQPYGUHPI-MZADTFQBSA-N,SUCCESS,--,0.953719497,0.953719497,N/A_NO_SPECIAL_TYPE,YES_IF_SUCCESS,
OLD_M3,6N7A__UVBXDOXNDDQDMV-UTKZUKDTSA-N__seed42,6N7A,UVBXDOXNDDQDMV-UTKZUKDTSA-N,SUCCESS,--,0.977593422,0.977593422,N/A_NO_SPECIAL_TYPE,YES_IF_SUCCESS,
OLD_M3,6N7A__UWAWQDDCHUKHDE-UHFFFAOYSA-N__seed42,6N7A,UWAWQDDCHUKHDE-UHFFFAOYSA-N,SUCCESS,--,0.976743519,0.976743519,N/A_NO_SPECIAL_TYPE,YES_IF_SUCCESS,
OLD_M3,6N7A__UXZLCNQSQUXGBS-JOCQHMNTSA-N__seed42,6N7A,UXZLCNQSQUXGBS-JOCQHMNTSA-N,SUCCESS,--,0.967435539,0.967435539,N/A_NO_SPECIAL_TYPE,YES_IF_SUCCESS,
OLD_M3,6N7A__UYSGAWMQMRAGJH-VLXSWZPNSA-N__seed42,6N7A,UYSGAWMQMRAGJH-VLXSWZPNSA-N,SUCCESS,--,0.923567295,0.923567295,N/A_NO_SPECIAL_TYPE,YES_IF_SUCCESS,
OLD_M3,6N7A__VAHCPZHCLNBIBJ-UHFFFAOYSA-N__seed42,6N7A,VAHCPZHCLNBIBJ-UHFFFAOYSA-N,SUCCESS,--,0.992353499,0.992353499,N/A_NO_SPECIAL_TYPE,YES_IF_SUCCESS,
OLD_M3,6N7A__VFSQXXYAIWPJKL-MRXNPFEDSA-N__seed42,6N7A,VFSQXXYAIWPJKL-MRXNPFEDSA-N,SUCCESS,--,0.954255819,0.954255819,N/A_NO_SPECIAL_TYPE,YES_IF_SUCCESS,
OLD_M3,6N7A__VHAXDIGWSKDFNC-UHFFFAOYSA-N__seed42,6N7A,VHAXDIGWSKDFNC-UHFFFAOYSA-N,SUCCESS,--,0.957233548,0.957233548,N/A_NO_SPECIAL_TYPE,YES_IF_SUCCESS,
OLD_M3,6N7A__VIZVTICYOXCCPP-UHFFFAOYSA-N__seed42,6N7A,VIZVTICYOXCCPP-UHFFFAOYSA-N,SUCCESS,--,0.639698744,0.639698744,N/A_NO_SPECIAL_TYPE,YES_IF_SUCCESS,
OLD_M3,6N7A__VKZZRIHGEAOOMI-BRWVUGGUSA-N__seed42,6N7A,VKZZRIHGEAOOMI-BRWVUGGUSA-N,SUCCESS,--,0.931256413,0.931256413,N/A_NO_SPECIAL_TYPE,YES_IF_SUCCESS,
OLD_M3,6N7A__VMAMUMCPDDDNRL-HDJSIYSDSA-N__seed42,6N7A,VMAMUMCPDDDNRL-HDJSIYSDSA-N,SUCCESS,--,0.974960387,0.974960387,N/A_NO_SPECIAL_TYPE,YES_IF_SUCCESS,
OLD_M3,6N7A__VWXMOLWJXUSYOA-UHFFFAOYSA-N__seed42,6N7A,VWXMOLWJXUSYOA-UHFFFAOYSA-N,SUCCESS,--,0.93660605,0.93660605,M3_INPUT_TOPOLOGY_FAIL,NO_INVALID_INPUT_REPRESENTATION,
OLD_M3,6N7A__VZYDRNUBBJZACH-UHFFFAOYSA-N__seed42,6N7A,VZYDRNUBBJZACH-UHFFFAOYSA-N,SUCCESS,--,0.626691461,0.626691461,N/A_NO_SPECIAL_TYPE,YES_IF_SUCCESS,
OLD_M3,6N7A__WAZCPIXKUYCCAQ-SJORKVTESA-N__seed42,6N7A,WAZCPIXKUYCCAQ-SJORKVTESA-N,SUCCESS,--,0.95193249,0.95193249,N/A_NO_SPECIAL_TYPE,YES_IF_SUCCESS,
OLD_M3,6N7A__WCYNPWNUKWZKPY-NUHJPDEHSA-N__seed42,6N7A,WCYNPWNUKWZKPY-NUHJPDEHSA-N,SUCCESS,--,0.990993977,0.990993977,N/A_NO_SPECIAL_TYPE,YES_IF_SUCCESS,
OLD_M3,6N7A__WKWXJWGOAKGEEM-UHFFFAOYSA-N__seed42,6N7A,WKWXJWGOAKGEEM-UHFFFAOYSA-N,SUCCESS,--,0.979135454,0.979135454,N/A_NO_SPECIAL_TYPE,YES_IF_SUCCESS,
OLD_M3,6N7A__WNDFGHNETHKRJK-UHFFFAOYSA-N__seed42,6N7A,WNDFGHNETHKRJK-UHFFFAOYSA-N,SUCCESS,--,0.950298309,0.950298309,N/A_NO_SPECIAL_TYPE,YES_IF_SUCCESS,
OLD_M3,6N7A__WTLXPXUKKTVUIR-INIZCTEOSA-N__seed42,6N7A,WTLXPXUKKTVUIR-INIZCTEOSA-N,SUCCESS,--,0.964602292,0.964602292,N/A_NO_SPECIAL_TYPE,YES_IF_SUCCESS,
OLD_M3,6N7A__WVSIOWNEXQMNSF-UHFFFAOYSA-N__seed42,6N7A,WVSIOWNEXQMNSF-UHFFFAOYSA-N,SUCCESS,--,0.978136122,0.978136122,M3_INPUT_TOPOLOGY_FAIL,NO_INVALID_INPUT_REPRESENTATION,
OLD_M3,6N7A__WYXBKRDDCJDEIP-UHFFFAOYSA-N__seed42,6N7A,WYXBKRDDCJDEIP-UHFFFAOYSA-N,SUCCESS,--,0.921059668,0.921059668,N/A_NO_SPECIAL_TYPE,YES_IF_SUCCESS,
OLD_M3,6N7A__XAILBBYMKDLIKC-GSPDCJABSA-N__seed42,6N7A,XAILBBYMKDLIKC-GSPDCJABSA-N,SUCCESS,--,0.990607977,0.990607977,N/A_NO_SPECIAL_TYPE,YES_IF_SUCCESS,
OLD_M3,6N7A__XASLTUJPGBFIAT-UHFFFAOYSA-N__seed42,6N7A,XASLTUJPGBFIAT-UHFFFAOYSA-N,SUCCESS,--,0.909135938,0.909135938,N/A_NO_SPECIAL_TYPE,YES_IF_SUCCESS,
OLD_M3,6N7A__XBHXTQHOUVDXHH-UHFFFAOYSA-N__seed42,6N7A,XBHXTQHOUVDXHH-UHFFFAOYSA-N,SUCCESS,--,0.755388081,0.755388081,N/A_NO_SPECIAL_TYPE,YES_IF_SUCCESS,
OLD_M3,6N7A__XGULBHANUDZVLI-LLJLJFOGSA-N__seed42,6N7A,XGULBHANUDZVLI-LLJLJFOGSA-N,SUCCESS,--,0.925998867,0.925998867,N/A_NO_SPECIAL_TYPE,YES_IF_SUCCESS,
OLD_M3,6N7A__XIIWOYZDVNCFNA-GOSISDBHSA-N__seed42,6N7A,XIIWOYZDVNCFNA-GOSISDBHSA-N,SUCCESS,--,0.947728693,0.947728693,N/A_NO_SPECIAL_TYPE,YES_IF_SUCCESS,
OLD_M3,6N7A__XJERPGWSYRLFFC-AULYBMBSSA-N__seed42,6N7A,XJERPGWSYRLFFC-AULYBMBSSA-N,SUCCESS,--,0.967363238,0.967363238,N/A_NO_SPECIAL_TYPE,YES_IF_SUCCESS,
OLD_M3,6N7A__XLFNLJYGUOLEJS-SFHVURJKSA-N__seed42,6N7A,XLFNLJYGUOLEJS-SFHVURJKSA-N,SUCCESS,--,0.826034129,0.826034129,N/A_NO_SPECIAL_TYPE,YES_IF_SUCCESS,
OLD_M3,6N7A__XSUUNVIUYATSNU-BETUJISGSA-N__seed42,6N7A,XSUUNVIUYATSNU-BETUJISGSA-N,SUCCESS,--,0.943097651,0.943097651,N/A_NO_SPECIAL_TYPE,YES_IF_SUCCESS,
OLD_M3,6N7A__XWEGZOWJKZVIPT-HXUWFJFHSA-N__seed42,6N7A,XWEGZOWJKZVIPT-HXUWFJFHSA-N,SUCCESS,--,0.905713558,0.905713558,N/A_NO_SPECIAL_TYPE,YES_IF_SUCCESS,
OLD_M3,6N7A__XYXADRKHKBUJPO-UONOGXRCSA-N__seed42,6N7A,XYXADRKHKBUJPO-UONOGXRCSA-N,SUCCESS,--,0.934669554,0.934669554,N/A_NO_SPECIAL_TYPE,YES_IF_SUCCESS,
OLD_M3,6N7A__YDEYSAIBCALEFF-OKILXGFUSA-N__seed42,6N7A,YDEYSAIBCALEFF-OKILXGFUSA-N,SUCCESS,--,0.934881508,0.934881508,N/A_NO_SPECIAL_TYPE,YES_IF_SUCCESS,
OLD_M3,6N7A__YFTYZXGAHZHPCZ-UHFFFAOYSA-N__seed42,6N7A,YFTYZXGAHZHPCZ-UHFFFAOYSA-N,SUCCESS,--,0.86295408,0.86295408,N/A_NO_SPECIAL_TYPE,YES_IF_SUCCESS,
OLD_M3,6N7A__YGIVJNKHBGEKKY-XLIONFOSSA-N__seed42,6N7A,YGIVJNKHBGEKKY-XLIONFOSSA-N,SUCCESS,--,0.97526294,0.97526294,M3_INPUT_TOPOLOGY_FAIL,NO_INVALID_INPUT_REPRESENTATION,
OLD_M3,6N7A__YKBLMPDUTCAIQD-XYPYZODXSA-N__seed42,6N7A,YKBLMPDUTCAIQD-XYPYZODXSA-N,SUCCESS,--,0.973199844,0.973199844,N/A_NO_SPECIAL_TYPE,YES_IF_SUCCESS,
OLD_M3,6N7A__YONOAVIZYZCVJG-FPOVZHCZSA-N__seed42,6N7A,YONOAVIZYZCVJG-FPOVZHCZSA-N,SUCCESS,--,0.937238514,0.937238514,N/A_NO_SPECIAL_TYPE,YES_IF_SUCCESS,
OLD_M3,6N7A__YTMFSMOKEUZXRX-UHFFFAOYSA-N__seed42,6N7A,YTMFSMOKEUZXRX-UHFFFAOYSA-N,SUCCESS,--,0.969440281,0.969440281,N/A_NO_SPECIAL_TYPE,YES_IF_SUCCESS,
OLD_M3,6N7A__ZBIMFHHRTOXIQP-UHFFFAOYSA-N__seed42,6N7A,ZBIMFHHRTOXIQP-UHFFFAOYSA-N,SUCCESS,--,0.742101967,0.742101967,N/A_NO_SPECIAL_TYPE,YES_IF_SUCCESS,
OLD_M3,6N7A__ZCCPLJOKGAACRT-UHFFFAOYSA-N__seed42,6N7A,ZCCPLJOKGAACRT-UHFFFAOYSA-N,SUCCESS,--,0.669135511,0.669135511,N/A_NO_SPECIAL_TYPE,YES_IF_SUCCESS,
OLD_M3,6N7A__ZCGLEFCYWYQQOQ-GOOCMWNKSA-N__seed42,6N7A,ZCGLEFCYWYQQOQ-GOOCMWNKSA-N,SUCCESS,--,0.968802631,0.968802631,N/A_NO_SPECIAL_TYPE,YES_IF_SUCCESS,
OLD_M3,6N7A__ZGNIKBGFAOAKMH-UHFFFAOYSA-N__seed42,6N7A,ZGNIKBGFAOAKMH-UHFFFAOYSA-N,SUCCESS,--,0.939766169,0.939766169,N/A_NO_SPECIAL_TYPE,YES_IF_SUCCESS,
OLD_M3,6N7A__ZLNWOKYEWUNXGK-UHFFFAOYSA-N__seed42,6N7A,ZLNWOKYEWUNXGK-UHFFFAOYSA-N,SUCCESS,--,0.993175626,0.993175626,N/A_NO_SPECIAL_TYPE,YES_IF_SUCCESS,
OLD_M3,6N7A__ZRWJUDRUNCAWKH-UHFFFAOYSA-N__seed42,6N7A,ZRWJUDRUNCAWKH-UHFFFAOYSA-N,SUCCESS,--,0.96736896,0.96736896,N/A_NO_SPECIAL_TYPE,YES_IF_SUCCESS,
OLD_M3,6N7A__ZSUHWNHDMNXZIQ-RBUKOAKNSA-N__seed42,6N7A,ZSUHWNHDMNXZIQ-RBUKOAKNSA-N,SUCCESS,--,0.885095358,0.885095358,N/A_NO_SPECIAL_TYPE,YES_IF_SUCCESS,
OLD_M3,8BXH__AEIBLQPBOBHCOV-UHFFFAOYSA-N__seed42,8BXH,AEIBLQPBOBHCOV-UHFFFAOYSA-N,SUCCESS,--,0.865844429,0.865844429,N/A_NO_SPECIAL_TYPE,YES_IF_SUCCESS,
OLD_M3,8BXH__AJAWHQDUZDCYMQ-UHFFFAOYSA-N__seed42,8BXH,AJAWHQDUZDCYMQ-UHFFFAOYSA-N,SUCCESS,--,0.974252999,0.974252999,N/A_NO_SPECIAL_TYPE,YES_IF_SUCCESS,
OLD_M3,8BXH__AMCWIARZLJUBEG-UWELNFAVSA-N__seed42,8BXH,AMCWIARZLJUBEG-UWELNFAVSA-N,SUCCESS,--,0.795185506,0.795185506,N/A_NO_SPECIAL_TYPE,YES_IF_SUCCESS,
OLD_M3,8BXH__AOSOZAYYOFGVEG-UHFFFAOYSA-N__seed42,8BXH,AOSOZAYYOFGVEG-UHFFFAOYSA-N,SUCCESS,--,0.910644472,0.910644472,N/A_NO_SPECIAL_TYPE,YES_IF_SUCCESS,
OLD_M3,8BXH__AVHFYGNBTIJHDJ-OAHLLOKOSA-N__seed42,8BXH,AVHFYGNBTIJHDJ-OAHLLOKOSA-N,SUCCESS,--,0.965684235,0.965684235,N/A_NO_SPECIAL_TYPE,YES_IF_SUCCESS,
OLD_M3,8BXH__AXURMJQZEHWANG-MRXNPFEDSA-N__seed42,8BXH,AXURMJQZEHWANG-MRXNPFEDSA-N,SUCCESS,--,0.943422258,0.943422258,N/A_NO_SPECIAL_TYPE,YES_IF_SUCCESS,
OLD_M3,8BXH__BDGZWYURCYSTKP-FQEVSTJZSA-N__seed42,8BXH,BDGZWYURCYSTKP-FQEVSTJZSA-N,SUCCESS,--,0.895269871,0.895269871,N/A_NO_SPECIAL_TYPE,YES_IF_SUCCESS,
OLD_M3,8BXH__BEMRQBQIGSYKSL-UHFFFAOYSA-N__seed42,8BXH,BEMRQBQIGSYKSL-UHFFFAOYSA-N,SUCCESS,--,0.935563326,0.935563326,N/A_NO_SPECIAL_TYPE,YES_IF_SUCCESS,
OLD_M3,8BXH__BQMYSDCMUDBCHJ-UHFFFAOYSA-N__seed42,8BXH,BQMYSDCMUDBCHJ-UHFFFAOYSA-N,SUCCESS,--,0.955751359,0.955751359,N/A_NO_SPECIAL_TYPE,YES_IF_SUCCESS,
OLD_M3,8BXH__BSSQEPGQHLMMHM-UHFFFAOYSA-N__seed42,8BXH,BSSQEPGQHLMMHM-UHFFFAOYSA-N,SUCCESS,--,0.927537858,0.927537858,N/A_NO_SPECIAL_TYPE,YES_IF_SUCCESS,
OLD_M3,8BXH__CLQIXXQBNKZNQN-VGSWGCGISA-N__seed42,8BXH,CLQIXXQBNKZNQN-VGSWGCGISA-N,SUCCESS,--,0.969135523,0.969135523,M3_INPUT_TOPOLOGY_FAIL,NO_INVALID_INPUT_REPRESENTATION,
OLD_M3,8BXH__CNLKMAASBAEKQE-UHFFFAOYSA-N__seed42,8BXH,CNLKMAASBAEKQE-UHFFFAOYSA-N,SUCCESS,--,0.490001857,0.490001857,N/A_NO_SPECIAL_TYPE,YES_IF_SUCCESS,
OLD_M3,8BXH__CNYOVNDRGAUJDR-HFTRVMKXSA-N__seed42,8BXH,CNYOVNDRGAUJDR-HFTRVMKXSA-N,SUCCESS,--,0.991456449,0.991456449,N/A_NO_SPECIAL_TYPE,YES_IF_SUCCESS,
OLD_M3,8BXH__DDWXRYBAOHVDTA-UHFFFAOYSA-N__seed42,8BXH,DDWXRYBAOHVDTA-UHFFFAOYSA-N,SUCCESS,--,0.967651367,0.967651367,N/A_NO_SPECIAL_TYPE,YES_IF_SUCCESS,
OLD_M3,8BXH__DFHODIQMOCATOE-UHFFFAOYSA-N__seed42,8BXH,DFHODIQMOCATOE-UHFFFAOYSA-N,SUCCESS,--,0.895645022,0.895645022,N/A_NO_SPECIAL_TYPE,YES_IF_SUCCESS,
OLD_M3,8BXH__DJAICIVAVSHFRM-UHFFFAOYSA-N__seed42,8BXH,DJAICIVAVSHFRM-UHFFFAOYSA-N,SUCCESS,--,0.990140259,0.990140259,N/A_NO_SPECIAL_TYPE,YES_IF_SUCCESS,
OLD_M3,8BXH__DPOVKIPGQXHUQC-UHFFFAOYSA-N__seed42,8BXH,DPOVKIPGQXHUQC-UHFFFAOYSA-N,SUCCESS,--,0.522107661,0.522107661,N/A_NO_SPECIAL_TYPE,YES_IF_SUCCESS,
OLD_M3,8BXH__DVXZLEHKUCHABK-CTNGQTDRSA-N__seed42,8BXH,DVXZLEHKUCHABK-CTNGQTDRSA-N,SUCCESS,--,0.958147943,0.958147943,N/A_NO_SPECIAL_TYPE,YES_IF_SUCCESS,
OLD_M3,8BXH__DWXUDRWPYWVKRB-UHFFFAOYSA-N__seed42,8BXH,DWXUDRWPYWVKRB-UHFFFAOYSA-N,SUCCESS,--,0.969738901,0.969738901,N/A_NO_SPECIAL_TYPE,YES_IF_SUCCESS,
OLD_M3,8BXH__FIEMEGHBBJADPG-LBPRGKRZSA-N__seed42,8BXH,FIEMEGHBBJADPG-LBPRGKRZSA-N,SUCCESS,--,0.986964047,0.986964047,N/A_NO_SPECIAL_TYPE,YES_IF_SUCCESS,
OLD_M3,8BXH__FPOUNMXAICPJAF-OZAIVSQSSA-N__seed42,8BXH,FPOUNMXAICPJAF-OZAIVSQSSA-N,SUCCESS,--,0.661935985,0.661935985,N/A_NO_SPECIAL_TYPE,YES_IF_SUCCESS,
OLD_M3,8BXH__FWRLZLZAKAACSW-YESZJQIVSA-N__seed42,8BXH,FWRLZLZAKAACSW-YESZJQIVSA-N,SUCCESS,--,0.924812853,0.924812853,N/A_NO_SPECIAL_TYPE,YES_IF_SUCCESS,
OLD_M3,8BXH__GCIDBNWNLPXDBD-UHFFFAOYSA-N__seed42,8BXH,GCIDBNWNLPXDBD-UHFFFAOYSA-N,SUCCESS,--,0.92750597,0.92750597,N/A_NO_SPECIAL_TYPE,YES_IF_SUCCESS,
OLD_M3,8BXH__GCIKSSRWRFVXBI-UHFFFAOYSA-N__seed42,8BXH,GCIKSSRWRFVXBI-UHFFFAOYSA-N,SUCCESS,--,0.617443025,0.617443025,N/A_NO_SPECIAL_TYPE,YES_IF_SUCCESS,
OLD_M3,8BXH__GHBIFDBGDNHWRO-OWOJBTEDSA-N__seed42,8BXH,GHBIFDBGDNHWRO-OWOJBTEDSA-N,SUCCESS,--,0.984850883,0.984850883,M3_INPUT_TOPOLOGY_FAIL,NO_INVALID_INPUT_REPRESENTATION,
OLD_M3,8BXH__GPSZYOIFQZPWEJ-UHFFFAOYSA-N__seed42,8BXH,GPSZYOIFQZPWEJ-UHFFFAOYSA-N,SUCCESS,--,0.828918099,0.828918099,N/A_NO_SPECIAL_TYPE,YES_IF_SUCCESS,
OLD_M3,8BXH__HCRQGSALPJKLLR-NTKDMRAZSA-N__seed42,8BXH,HCRQGSALPJKLLR-NTKDMRAZSA-N,SUCCESS,--,0.328310817,0.328310817,N/A_NO_SPECIAL_TYPE,YES_IF_SUCCESS,
OLD_M3,8BXH__HDHFSJKBCCIERR-UHFFFAOYSA-N__seed42,8BXH,HDHFSJKBCCIERR-UHFFFAOYSA-N,SUCCESS,--,0.919289827,0.919289827,N/A_NO_SPECIAL_TYPE,YES_IF_SUCCESS,
OLD_M3,8BXH__HEKOQDACDARSSX-GFCCVEGCSA-N__seed42,8BXH,HEKOQDACDARSSX-GFCCVEGCSA-N,SUCCESS,--,0.816369951,0.816369951,N/A_NO_SPECIAL_TYPE,YES_IF_SUCCESS,
OLD_M3,8BXH__HMRSUDUYEZVBSR-UHFFFAOYSA-N__seed42,8BXH,HMRSUDUYEZVBSR-UHFFFAOYSA-N,SUCCESS,--,0.941336453,0.941336453,N/A_NO_SPECIAL_TYPE,YES_IF_SUCCESS,
OLD_M3,8BXH__HRZCOFVBUBDIIR-PKOBYXMFSA-N__seed42,8BXH,HRZCOFVBUBDIIR-PKOBYXMFSA-N,SUCCESS,--,0.791646063,0.791646063,N/A_NO_SPECIAL_TYPE,YES_IF_SUCCESS,
OLD_M3,8BXH__HUGPLCWWVOYGRE-NVXWUHKLSA-N__seed42,8BXH,HUGPLCWWVOYGRE-NVXWUHKLSA-N,SUCCESS,--,0.314440757,0.314440757,N/A_NO_SPECIAL_TYPE,YES_IF_SUCCESS,
OLD_M3,8BXH__IIBGSSDECOOUPY-DNVCBOLYSA-N__seed42,8BXH,IIBGSSDECOOUPY-DNVCBOLYSA-N,SUCCESS,--,0.930770934,0.930770934,N/A_NO_SPECIAL_TYPE,YES_IF_SUCCESS,
OLD_M3,8BXH__IOIPOBMOUFWACW-OAHLLOKOSA-N__seed42,8BXH,IOIPOBMOUFWACW-OAHLLOKOSA-N,SUCCESS,--,0.569590151,0.569590151,N/A_NO_SPECIAL_TYPE,YES_IF_SUCCESS,
OLD_M3,8BXH__IQCLJRQNJINKEK-GASCZTMLSA-N__seed42,8BXH,IQCLJRQNJINKEK-GASCZTMLSA-N,SUCCESS,--,0.857816696,0.857816696,N/A_NO_SPECIAL_TYPE,YES_IF_SUCCESS,
OLD_M3,8BXH__ISAHPBXZZIAMMK-JBZHPUCOSA-N__seed42,8BXH,ISAHPBXZZIAMMK-JBZHPUCOSA-N,SUCCESS,--,0.983340621,0.983340621,N/A_NO_SPECIAL_TYPE,YES_IF_SUCCESS,
OLD_M3,8BXH__ITVPJECOOYHMHF-SECBINFHSA-N__seed42,8BXH,ITVPJECOOYHMHF-SECBINFHSA-N,SUCCESS,--,0.95110482,0.95110482,N/A_NO_SPECIAL_TYPE,YES_IF_SUCCESS,
OLD_M3,8BXH__JDXORJMTILPVTL-UHFFFAOYSA-N__seed42,8BXH,JDXORJMTILPVTL-UHFFFAOYSA-N,SUCCESS,--,0.954957426,0.954957426,N/A_NO_SPECIAL_TYPE,YES_IF_SUCCESS,
OLD_M3,8BXH__JNKWGCLPFCMWJB-XYPHTWIQSA-N__seed42,8BXH,JNKWGCLPFCMWJB-XYPHTWIQSA-N,SUCCESS,--,0.953177273,0.953177273,N/A_NO_SPECIAL_TYPE,YES_IF_SUCCESS,
OLD_M3,8BXH__JQKDWSJGLLIFBM-UBHSHLNASA-N__seed42,8BXH,JQKDWSJGLLIFBM-UBHSHLNASA-N,SUCCESS,--,0.517589867,0.517589867,N/A_NO_SPECIAL_TYPE,YES_IF_SUCCESS,
OLD_M3,8BXH__JQKDWSJGLLIFBM-YUTCNCBUSA-N__seed42,8BXH,JQKDWSJGLLIFBM-YUTCNCBUSA-N,SUCCESS,--,0.807873368,0.807873368,N/A_NO_SPECIAL_TYPE,YES_IF_SUCCESS,
OLD_M3,8BXH__KITCYDCXSZDXLF-UHFFFAOYSA-N__seed42,8BXH,KITCYDCXSZDXLF-UHFFFAOYSA-N,SUCCESS,--,0.966564417,0.966564417,N/A_NO_SPECIAL_TYPE,YES_IF_SUCCESS,
OLD_M3,8BXH__KNAGBHSVICAWIT-UHFFFAOYSA-N__seed42,8BXH,KNAGBHSVICAWIT-UHFFFAOYSA-N,SUCCESS,--,0.919075549,0.919075549,N/A_NO_SPECIAL_TYPE,YES_IF_SUCCESS,
OLD_M3,8BXH__KRNMWFLASUZVPJ-INIZCTEOSA-N__seed42,8BXH,KRNMWFLASUZVPJ-INIZCTEOSA-N,SUCCESS,--,0.858866334,0.858866334,N/A_NO_SPECIAL_TYPE,YES_IF_SUCCESS,
OLD_M3,8BXH__KVNPGZVFMJXRBG-SFHVURJKSA-N__seed42,8BXH,KVNPGZVFMJXRBG-SFHVURJKSA-N,SUCCESS,--,0.91556561,0.91556561,N/A_NO_SPECIAL_TYPE,YES_IF_SUCCESS,
OLD_M3,8BXH__KZJDGNASJMWFCF-QGZVFWFLSA-N__seed42,8BXH,KZJDGNASJMWFCF-QGZVFWFLSA-N,SUCCESS,--,0.494262129,0.494262129,M3_INPUT_TOPOLOGY_FAIL,NO_INVALID_INPUT_REPRESENTATION,
OLD_M3,8BXH__LJOCKOTYPPAJJM-OAHLLOKOSA-N__seed42,8BXH,LJOCKOTYPPAJJM-OAHLLOKOSA-N,SUCCESS,--,0.665968001,0.665968001,N/A_NO_SPECIAL_TYPE,YES_IF_SUCCESS,
OLD_M3,8BXH__LMRBMFGYPWUSQY-HXUWFJFHSA-N__seed42,8BXH,LMRBMFGYPWUSQY-HXUWFJFHSA-N,SUCCESS,--,0.963682413,0.963682413,N/A_NO_SPECIAL_TYPE,YES_IF_SUCCESS,
OLD_M3,8BXH__LUYJDCJUSBGCTK-UHFFFAOYSA-N__seed42,8BXH,LUYJDCJUSBGCTK-UHFFFAOYSA-N,SUCCESS,--,0.962810338,0.962810338,N/A_NO_SPECIAL_TYPE,YES_IF_SUCCESS,
OLD_M3,8BXH__MAZZDWBGKGDHRC-DVECYGJZSA-N__seed42,8BXH,MAZZDWBGKGDHRC-DVECYGJZSA-N,SUCCESS,--,0.793574214,0.793574214,N/A_NO_SPECIAL_TYPE,YES_IF_SUCCESS,
OLD_M3,8BXH__MCHYSTQTMONBPK-SNAWJCMRSA-N__seed42,8BXH,MCHYSTQTMONBPK-SNAWJCMRSA-N,SUCCESS,--,0.980034351,0.980034351,M3_INPUT_TOPOLOGY_FAIL,NO_INVALID_INPUT_REPRESENTATION,
OLD_M3,8BXH__MCHYSTQTMONBPK-UHFFFAOYSA-N__seed42,8BXH,MCHYSTQTMONBPK-UHFFFAOYSA-N,SUCCESS,--,0.980790257,0.980790257,M3_INPUT_TOPOLOGY_FAIL,NO_INVALID_INPUT_REPRESENTATION,
OLD_M3,8BXH__MDYMNELEGYVHIZ-LDCVWXEPSA-N__seed42,8BXH,MDYMNELEGYVHIZ-LDCVWXEPSA-N,SUCCESS,--,0.958102405,0.958102405,N/A_NO_SPECIAL_TYPE,YES_IF_SUCCESS,
OLD_M3,8BXH__MJWHYVMTGWQCDN-UHFFFAOYSA-N__seed42,8BXH,MJWHYVMTGWQCDN-UHFFFAOYSA-N,SUCCESS,--,0.787789404,0.787789404,N/A_NO_SPECIAL_TYPE,YES_IF_SUCCESS,
OLD_M3,8BXH__MLIJDZYVRSRDJT-UHFFFAOYSA-N__seed42,8BXH,MLIJDZYVRSRDJT-UHFFFAOYSA-N,SUCCESS,--,0.964465082,0.964465082,M3_INPUT_TOPOLOGY_FAIL,NO_INVALID_INPUT_REPRESENTATION,
OLD_M3,8BXH__MNQSOOKWQBQJNY-LLVKDONJSA-N__seed42,8BXH,MNQSOOKWQBQJNY-LLVKDONJSA-N,SUCCESS,--,0.928369939,0.928369939,N/A_NO_SPECIAL_TYPE,YES_IF_SUCCESS,
OLD_M3,8BXH__NAGSKGCXMWXMFR-UHFFFAOYSA-N__seed42,8BXH,NAGSKGCXMWXMFR-UHFFFAOYSA-N,SUCCESS,--,0.900081098,0.900081098,N/A_NO_SPECIAL_TYPE,YES_IF_SUCCESS,
OLD_M3,8BXH__NDGWCDFBMHRQMA-HKALDPMFSA-N__seed42,8BXH,NDGWCDFBMHRQMA-HKALDPMFSA-N,SUCCESS,--,0.973939955,0.973939955,N/A_NO_SPECIAL_TYPE,YES_IF_SUCCESS,
OLD_M3,8BXH__NGEQQUWHBWTKEQ-MRXNPFEDSA-N__seed42,8BXH,NGEQQUWHBWTKEQ-MRXNPFEDSA-N,SUCCESS,--,0.97099787,0.97099787,N/A_NO_SPECIAL_TYPE,YES_IF_SUCCESS,
OLD_M3,8BXH__NJYLPECDVDEDSZ-FHWLQOOXSA-N__seed42,8BXH,NJYLPECDVDEDSZ-FHWLQOOXSA-N,SUCCESS,--,0.755171478,0.755171478,N/A_NO_SPECIAL_TYPE,YES_IF_SUCCESS,
OLD_M3,8BXH__OCMXVQWXVVAJMF-HNNXBMFYSA-N__seed42,8BXH,OCMXVQWXVVAJMF-HNNXBMFYSA-N,SUCCESS,--,0.88516885,0.88516885,N/A_NO_SPECIAL_TYPE,YES_IF_SUCCESS,
OLD_M3,8BXH__OLRNUXJNQGODGR-FQEVSTJZSA-N__seed42,8BXH,OLRNUXJNQGODGR-FQEVSTJZSA-N,SUCCESS,--,0.969931185,0.969931185,N/A_NO_SPECIAL_TYPE,YES_IF_SUCCESS,
OLD_M3,8BXH__OZSJWTSKFVWRDI-OWTLIXCDSA-N__seed42,8BXH,OZSJWTSKFVWRDI-OWTLIXCDSA-N,SUCCESS,--,0.991418898,0.991418898,N/A_NO_SPECIAL_TYPE,YES_IF_SUCCESS,
OLD_M3,8BXH__PDGMUYOWMMAPOK-CYBMUJFWSA-N__seed42,8BXH,PDGMUYOWMMAPOK-CYBMUJFWSA-N,SUCCESS,--,0.915380061,0.915380061,N/A_NO_SPECIAL_TYPE,YES_IF_SUCCESS,
OLD_M3,8BXH__PEALVEWPZOQWRK-GOSISDBHSA-N__seed42,8BXH,PEALVEWPZOQWRK-GOSISDBHSA-N,SUCCESS,--,0.977569461,0.977569461,N/A_NO_SPECIAL_TYPE,YES_IF_SUCCESS,
OLD_M3,8BXH__PEALVEWPZOQWRK-UHFFFAOYSA-N__seed42,8BXH,PEALVEWPZOQWRK-UHFFFAOYSA-N,SUCCESS,--,0.981645346,0.981645346,N/A_NO_SPECIAL_TYPE,YES_IF_SUCCESS,
OLD_M3,8BXH__PKRKWOVHSNTKAH-KDURUIRLSA-N__seed42,8BXH,PKRKWOVHSNTKAH-KDURUIRLSA-N,SUCCESS,--,0.238503754,0.238503754,N/A_NO_SPECIAL_TYPE,YES_IF_SUCCESS,
OLD_M3,8BXH__PMBVJRGBYOKWGM-XYPWUTKMSA-N__seed42,8BXH,PMBVJRGBYOKWGM-XYPWUTKMSA-N,SUCCESS,--,0.893259645,0.893259645,N/A_NO_SPECIAL_TYPE,YES_IF_SUCCESS,
OLD_M3,8BXH__PMNFGEHMTFKKPU-GOSISDBHSA-N__seed42,8BXH,PMNFGEHMTFKKPU-GOSISDBHSA-N,SUCCESS,--,0.974844098,0.974844098,N/A_NO_SPECIAL_TYPE,YES_IF_SUCCESS,
OLD_M3,8BXH__PRDYSVHWSCSUOP-VGAJERRHSA-N__seed42,8BXH,PRDYSVHWSCSUOP-VGAJERRHSA-N,SUCCESS,--,0.96334362,0.96334362,N/A_NO_SPECIAL_TYPE,YES_IF_SUCCESS,
OLD_M3,8BXH__PUPKZNCFZQRDIJ-UHFFFAOYSA-N__seed42,8BXH,PUPKZNCFZQRDIJ-UHFFFAOYSA-N,SUCCESS,--,0.932010591,0.932010591,N/A_NO_SPECIAL_TYPE,YES_IF_SUCCESS,
OLD_M3,8BXH__PUUJLIQLJNLBPS-HSZRJFAPSA-N__seed42,8BXH,PUUJLIQLJNLBPS-HSZRJFAPSA-N,SUCCESS,--,0.970203936,0.970203936,M3_INPUT_TOPOLOGY_FAIL,NO_INVALID_INPUT_REPRESENTATION,
OLD_M3,8BXH__QCICTFWGEABKRH-UHFFFAOYSA-N__seed42,8BXH,QCICTFWGEABKRH-UHFFFAOYSA-N,SUCCESS,--,0.286437273,0.286437273,N/A_NO_SPECIAL_TYPE,YES_IF_SUCCESS,
OLD_M3,8BXH__QIGAJELHFWOHDE-JYJNAYRXSA-N__seed42,8BXH,QIGAJELHFWOHDE-JYJNAYRXSA-N,SUCCESS,--,0.954939365,0.954939365,N/A_NO_SPECIAL_TYPE,YES_IF_SUCCESS,
OLD_M3,8BXH__QLSJFVSWCVEOMO-OAHLLOKOSA-N__seed42,8BXH,QLSJFVSWCVEOMO-OAHLLOKOSA-N,SUCCESS,--,0.903287411,0.903287411,N/A_NO_SPECIAL_TYPE,YES_IF_SUCCESS,
OLD_M3,8BXH__QMHIQYFDHQKWPO-IBGZPJMESA-N__seed42,8BXH,QMHIQYFDHQKWPO-IBGZPJMESA-N,SUCCESS,--,0.976598203,0.976598203,N/A_NO_SPECIAL_TYPE,YES_IF_SUCCESS,
OLD_M3,8BXH__QMHIQYFDHQKWPO-LJQANCHMSA-N__seed42,8BXH,QMHIQYFDHQKWPO-LJQANCHMSA-N,SUCCESS,--,0.977556825,0.977556825,N/A_NO_SPECIAL_TYPE,YES_IF_SUCCESS,
OLD_M3,8BXH__RADMAAOUVWABJD-OWOJBTEDSA-N__seed42,8BXH,RADMAAOUVWABJD-OWOJBTEDSA-N,SUCCESS,--,0.990733147,0.990733147,M3_INPUT_TOPOLOGY_FAIL,NO_INVALID_INPUT_REPRESENTATION,
OLD_M3,8BXH__SDTXZRMORPGVBY-UMSPYCQHSA-N__seed42,8BXH,SDTXZRMORPGVBY-UMSPYCQHSA-N,SUCCESS,--,0.945552707,0.945552707,N/A_NO_SPECIAL_TYPE,YES_IF_SUCCESS,
OLD_M3,8BXH__SFJVTTMWKMNHQE-MNNSJKJDSA-N__seed42,8BXH,SFJVTTMWKMNHQE-MNNSJKJDSA-N,SUCCESS,--,0.874163985,0.874163985,N/A_NO_SPECIAL_TYPE,YES_IF_SUCCESS,
OLD_M3,8BXH__TUWNULBHLRPYLF-NQIIRXRSSA-N__seed42,8BXH,TUWNULBHLRPYLF-NQIIRXRSSA-N,SUCCESS,--,0.96752423,0.96752423,M3_INPUT_TOPOLOGY_FAIL,NO_INVALID_INPUT_REPRESENTATION,
OLD_M3,8BXH__TUYPRUOSDMDIKE-UHFFFAOYSA-N__seed42,8BXH,TUYPRUOSDMDIKE-UHFFFAOYSA-N,SUCCESS,--,0.334302843,0.334302843,N/A_NO_SPECIAL_TYPE,YES_IF_SUCCESS,
OLD_M3,8BXH__UAKGPERAUAMZPO-IAGOWNOFSA-N__seed42,8BXH,UAKGPERAUAMZPO-IAGOWNOFSA-N,SUCCESS,--,0.909101367,0.909101367,N/A_NO_SPECIAL_TYPE,YES_IF_SUCCESS,
OLD_M3,8BXH__UKPORPWVWHZWTG-ZWKOTPCHSA-N__seed42,8BXH,UKPORPWVWHZWTG-ZWKOTPCHSA-N,SUCCESS,--,0.331723183,0.331723183,N/A_NO_SPECIAL_TYPE,YES_IF_SUCCESS,
OLD_M3,8BXH__ULCJJWMOPWEMQM-LPZXAVJZSA-N__seed42,8BXH,ULCJJWMOPWEMQM-LPZXAVJZSA-N,SUCCESS,--,0.979785562,0.979785562,N/A_NO_SPECIAL_TYPE,YES_IF_SUCCESS,
OLD_M3,8BXH__UNRMWZNDXAAOPZ-UHFFFAOYSA-N__seed42,8BXH,UNRMWZNDXAAOPZ-UHFFFAOYSA-N,SUCCESS,--,0.834192276,0.834192276,N/A_NO_SPECIAL_TYPE,YES_IF_SUCCESS,
OLD_M3,8BXH__UWAWQDDCHUKHDE-UHFFFAOYSA-N__seed42,8BXH,UWAWQDDCHUKHDE-UHFFFAOYSA-N,SUCCESS,--,0.879227996,0.879227996,N/A_NO_SPECIAL_TYPE,YES_IF_SUCCESS,
OLD_M3,8BXH__VFSQXXYAIWPJKL-MRXNPFEDSA-N__seed42,8BXH,VFSQXXYAIWPJKL-MRXNPFEDSA-N,SUCCESS,--,0.263354361,0.263354361,N/A_NO_SPECIAL_TYPE,YES_IF_SUCCESS,
OLD_M3,8BXH__VHAXDIGWSKDFNC-UHFFFAOYSA-N__seed42,8BXH,VHAXDIGWSKDFNC-UHFFFAOYSA-N,SUCCESS,--,0.896115959,0.896115959,N/A_NO_SPECIAL_TYPE,YES_IF_SUCCESS,
OLD_M3,8BXH__VIZVTICYOXCCPP-UHFFFAOYSA-N__seed42,8BXH,VIZVTICYOXCCPP-UHFFFAOYSA-N,SUCCESS,--,0.650332034,0.650332034,N/A_NO_SPECIAL_TYPE,YES_IF_SUCCESS,
OLD_M3,8BXH__VKZZRIHGEAOOMI-BRWVUGGUSA-N__seed42,8BXH,VKZZRIHGEAOOMI-BRWVUGGUSA-N,SUCCESS,--,0.926666081,0.926666081,N/A_NO_SPECIAL_TYPE,YES_IF_SUCCESS,
OLD_M3,8BXH__VMAMUMCPDDDNRL-HDJSIYSDSA-N__seed42,8BXH,VMAMUMCPDDDNRL-HDJSIYSDSA-N,SUCCESS,--,0.956659079,0.956659079,N/A_NO_SPECIAL_TYPE,YES_IF_SUCCESS,
OLD_M3,8BXH__VWXMOLWJXUSYOA-UHFFFAOYSA-N__seed42,8BXH,VWXMOLWJXUSYOA-UHFFFAOYSA-N,SUCCESS,--,0.979968488,0.979968488,M3_INPUT_TOPOLOGY_FAIL,NO_INVALID_INPUT_REPRESENTATION,
OLD_M3,8BXH__VZYDRNUBBJZACH-UHFFFAOYSA-N__seed42,8BXH,VZYDRNUBBJZACH-UHFFFAOYSA-N,SUCCESS,--,0.542304814,0.542304814,N/A_NO_SPECIAL_TYPE,YES_IF_SUCCESS,
OLD_M3,8BXH__WAZCPIXKUYCCAQ-SJORKVTESA-N__seed42,8BXH,WAZCPIXKUYCCAQ-SJORKVTESA-N,SUCCESS,--,0.895293117,0.895293117,N/A_NO_SPECIAL_TYPE,YES_IF_SUCCESS,
OLD_M3,8BXH__WCYNPWNUKWZKPY-NUHJPDEHSA-N__seed42,8BXH,WCYNPWNUKWZKPY-NUHJPDEHSA-N,SUCCESS,--,0.915341675,0.915341675,N/A_NO_SPECIAL_TYPE,YES_IF_SUCCESS,
OLD_M3,8BXH__WTLXPXUKKTVUIR-INIZCTEOSA-N__seed42,8BXH,WTLXPXUKKTVUIR-INIZCTEOSA-N,SUCCESS,--,0.895772576,0.895772576,N/A_NO_SPECIAL_TYPE,YES_IF_SUCCESS,
OLD_M3,8BXH__WVSIOWNEXQMNSF-UHFFFAOYSA-N__seed42,8BXH,WVSIOWNEXQMNSF-UHFFFAOYSA-N,SUCCESS,--,0.98465234,0.98465234,M3_INPUT_TOPOLOGY_FAIL,NO_INVALID_INPUT_REPRESENTATION,
OLD_M3,8BXH__WYXBKRDDCJDEIP-UHFFFAOYSA-N__seed42,8BXH,WYXBKRDDCJDEIP-UHFFFAOYSA-N,SUCCESS,--,0.8016271,0.8016271,N/A_NO_SPECIAL_TYPE,YES_IF_SUCCESS,
OLD_M3,8BXH__XAILBBYMKDLIKC-GSPDCJABSA-N__seed42,8BXH,XAILBBYMKDLIKC-GSPDCJABSA-N,SUCCESS,--,0.94560498,0.94560498,N/A_NO_SPECIAL_TYPE,YES_IF_SUCCESS,
OLD_M3,8BXH__XBHXTQHOUVDXHH-UHFFFAOYSA-N__seed42,8BXH,XBHXTQHOUVDXHH-UHFFFAOYSA-N,SUCCESS,--,0.563884318,0.563884318,N/A_NO_SPECIAL_TYPE,YES_IF_SUCCESS,
OLD_M3,8BXH__XGULBHANUDZVLI-LLJLJFOGSA-N__seed42,8BXH,XGULBHANUDZVLI-LLJLJFOGSA-N,SUCCESS,--,0.935029566,0.935029566,N/A_NO_SPECIAL_TYPE,YES_IF_SUCCESS,
OLD_M3,8BXH__XIIWOYZDVNCFNA-GOSISDBHSA-N__seed42,8BXH,XIIWOYZDVNCFNA-GOSISDBHSA-N,SUCCESS,--,0.787957966,0.787957966,N/A_NO_SPECIAL_TYPE,YES_IF_SUCCESS,
OLD_M3,8BXH__XWEGZOWJKZVIPT-HXUWFJFHSA-N__seed42,8BXH,XWEGZOWJKZVIPT-HXUWFJFHSA-N,SUCCESS,--,0.949533165,0.949533165,N/A_NO_SPECIAL_TYPE,YES_IF_SUCCESS,
OLD_M3,8BXH__YGIVJNKHBGEKKY-XLIONFOSSA-N__seed42,8BXH,YGIVJNKHBGEKKY-XLIONFOSSA-N,SUCCESS,--,0.947183192,0.947183192,M3_INPUT_TOPOLOGY_FAIL,NO_INVALID_INPUT_REPRESENTATION,
OLD_M3,8BXH__YKBLMPDUTCAIQD-XYPYZODXSA-N__seed42,8BXH,YKBLMPDUTCAIQD-XYPYZODXSA-N,SUCCESS,--,0.955897093,0.955897093,N/A_NO_SPECIAL_TYPE,YES_IF_SUCCESS,
OLD_M3,8BXH__YONOAVIZYZCVJG-FPOVZHCZSA-N__seed42,8BXH,YONOAVIZYZCVJG-FPOVZHCZSA-N,SUCCESS,--,0.973425806,0.973425806,N/A_NO_SPECIAL_TYPE,YES_IF_SUCCESS,
OLD_M3,8BXH__YTMFSMOKEUZXRX-UHFFFAOYSA-N__seed42,8BXH,YTMFSMOKEUZXRX-UHFFFAOYSA-N,SUCCESS,--,0.85659802,0.85659802,N/A_NO_SPECIAL_TYPE,YES_IF_SUCCESS,
OLD_M3,8BXH__ZCGLEFCYWYQQOQ-GOOCMWNKSA-N__seed42,8BXH,ZCGLEFCYWYQQOQ-GOOCMWNKSA-N,SUCCESS,--,0.912958086,0.912958086,N/A_NO_SPECIAL_TYPE,YES_IF_SUCCESS,
OLD_M3,8BXH__ZSUHWNHDMNXZIQ-RBUKOAKNSA-N__seed42,8BXH,ZSUHWNHDMNXZIQ-RBUKOAKNSA-N,SUCCESS,--,0.673696756,0.673696756,N/A_NO_SPECIAL_TYPE,YES_IF_SUCCESS,
OLD_M3,9V8H__AGRKTWIASZYTNW-UHFFFAOYSA-N__seed42,9V8H,AGRKTWIASZYTNW-UHFFFAOYSA-N,SUCCESS,--,0.834087789,0.834087789,N/A_NO_SPECIAL_TYPE,YES_IF_SUCCESS,
OLD_M3,9V8H__BBEUDIUBZYKMHM-UNVZBQTISA-N__seed42,9V8H,BBEUDIUBZYKMHM-UNVZBQTISA-N,SUCCESS,--,0.683464348,0.683464348,N/A_NO_SPECIAL_TYPE,YES_IF_SUCCESS,
OLD_M3,9V8H__BCIXVEZFKFKQET-PMERELPUSA-N__seed42,9V8H,BCIXVEZFKFKQET-PMERELPUSA-N,SUCCESS,--,0.81561619,0.81561619,N/A_NO_SPECIAL_TYPE,YES_IF_SUCCESS,
OLD_M3,9V8H__BCZXWVFNOOINGV-UHFFFAOYSA-N__seed42,9V8H,BCZXWVFNOOINGV-UHFFFAOYSA-N,SUCCESS,--,0.963089347,0.963089347,N/A_NO_SPECIAL_TYPE,YES_IF_SUCCESS,
OLD_M3,9V8H__BFQXQPITYSYKRZ-UHFFFAOYSA-N__seed42,9V8H,BFQXQPITYSYKRZ-UHFFFAOYSA-N,SUCCESS,--,0.917631686,0.917631686,N/A_NO_SPECIAL_TYPE,YES_IF_SUCCESS,
OLD_M3,9V8H__BGRNRDBRZYUNFJ-UHFFFAOYSA-N__seed42,9V8H,BGRNRDBRZYUNFJ-UHFFFAOYSA-N,SUCCESS,--,0.763051927,0.763051927,N/A_NO_SPECIAL_TYPE,YES_IF_SUCCESS,
OLD_M3,9V8H__BIPCJUYHEQBDLC-UHFFFAOYSA-N__seed42,9V8H,BIPCJUYHEQBDLC-UHFFFAOYSA-N,SUCCESS,--,0.860973299,0.860973299,N/A_NO_SPECIAL_TYPE,YES_IF_SUCCESS,
OLD_M3,9V8H__BTDKIISXXJHMST-UHFFFAOYSA-N__seed42,9V8H,BTDKIISXXJHMST-UHFFFAOYSA-N,SUCCESS,--,0.958850443,0.958850443,N/A_NO_SPECIAL_TYPE,YES_IF_SUCCESS,
OLD_M3,9V8H__BWQAEQBADOVIBT-UHFFFAOYSA-N__seed42,9V8H,BWQAEQBADOVIBT-UHFFFAOYSA-N,SUCCESS,--,0.931397676,0.931397676,N/A_NO_SPECIAL_TYPE,YES_IF_SUCCESS,
OLD_M3,9V8H__BYRQXKXSMDUCHY-IBGZPJMESA-N__seed42,9V8H,BYRQXKXSMDUCHY-IBGZPJMESA-N,SUCCESS,--,0.875060737,0.875060737,N/A_NO_SPECIAL_TYPE,YES_IF_SUCCESS,
OLD_M3,9V8H__CADIUVOXJVKRSR-UHFFFAOYSA-N__seed42,9V8H,CADIUVOXJVKRSR-UHFFFAOYSA-N,SUCCESS,--,0.889028132,0.889028132,N/A_NO_SPECIAL_TYPE,YES_IF_SUCCESS,
OLD_M3,9V8H__CAEQBTDFYZGGNT-UHFFFAOYSA-N__seed42,9V8H,CAEQBTDFYZGGNT-UHFFFAOYSA-N,SUCCESS,--,0.781734049,0.781734049,N/A_NO_SPECIAL_TYPE,YES_IF_SUCCESS,
OLD_M3,9V8H__CAQVFQUZLBQYOV-RUZDIDTESA-N__seed42,9V8H,CAQVFQUZLBQYOV-RUZDIDTESA-N,SUCCESS,--,0.931308508,0.931308508,N/A_NO_SPECIAL_TYPE,YES_IF_SUCCESS,
OLD_M3,9V8H__CBAPCEBKWQCANY-RUZDIDTESA-N__seed42,9V8H,CBAPCEBKWQCANY-RUZDIDTESA-N,SUCCESS,--,0.932828903,0.932828903,N/A_NO_SPECIAL_TYPE,YES_IF_SUCCESS,
OLD_M3,9V8H__CUSRKEXXWGILRX-UHFFFAOYSA-N__seed42,9V8H,CUSRKEXXWGILRX-UHFFFAOYSA-N,SUCCESS,--,0.965511084,0.965511084,N/A_NO_SPECIAL_TYPE,YES_IF_SUCCESS,
OLD_M3,9V8H__CVIKEWAIJWFFBW-UHFFFAOYSA-N__seed42,9V8H,CVIKEWAIJWFFBW-UHFFFAOYSA-N,SUCCESS,--,0.901091635,0.901091635,N/A_NO_SPECIAL_TYPE,YES_IF_SUCCESS,
OLD_M3,9V8H__DMTIJSKMOKMMKZ-IYOYZZHUSA-N__seed42,9V8H,DMTIJSKMOKMMKZ-IYOYZZHUSA-N,SUCCESS,--,0.823601246,0.823601246,N/A_NO_SPECIAL_TYPE,YES_IF_SUCCESS,
OLD_M3,9V8H__DVJYRKXWTZVZBV-UHFFFAOYSA-N__seed42,9V8H,DVJYRKXWTZVZBV-UHFFFAOYSA-N,SUCCESS,--,0.79432869,0.79432869,N/A_NO_SPECIAL_TYPE,YES_IF_SUCCESS,
OLD_M3,9V8H__DZAUZMTZRSMYAI-SKCDSABHSA-N__seed42,9V8H,DZAUZMTZRSMYAI-SKCDSABHSA-N,SUCCESS,--,0.982139587,0.982139587,N/A_NO_SPECIAL_TYPE,YES_IF_SUCCESS,
OLD_M3,9V8H__FMXAKYUKNGWYKW-UHFFFAOYSA-N__seed42,9V8H,FMXAKYUKNGWYKW-UHFFFAOYSA-N,SUCCESS,--,0.807574093,0.807574093,N/A_NO_SPECIAL_TYPE,YES_IF_SUCCESS,
OLD_M3,9V8H__FROPLQNRWKTHEE-UHFFFAOYSA-N__seed42,9V8H,FROPLQNRWKTHEE-UHFFFAOYSA-N,SUCCESS,--,0.948626757,0.948626757,N/A_NO_SPECIAL_TYPE,YES_IF_SUCCESS,
OLD_M3,9V8H__FVNMATFYGNOSRW-RTLBZRNLSA-N__seed42,9V8H,FVNMATFYGNOSRW-RTLBZRNLSA-N,SUCCESS,--,0.972382367,0.972382367,N/A_NO_SPECIAL_TYPE,YES_IF_SUCCESS,
OLD_M3,9V8H__GIXMGPYDKTUODZ-SFHVURJKSA-N__seed42,9V8H,GIXMGPYDKTUODZ-SFHVURJKSA-N,SUCCESS,--,0.953192532,0.953192532,N/A_NO_SPECIAL_TYPE,YES_IF_SUCCESS,
OLD_M3,9V8H__HBCVRVWVCJKFKN-KPKJPENVSA-N__seed42,9V8H,HBCVRVWVCJKFKN-KPKJPENVSA-N,SUCCESS,--,0.697957337,0.697957337,N/A_NO_SPECIAL_TYPE,YES_IF_SUCCESS,
OLD_M3,9V8H__HEWRQLQNINUEQT-IBGZPJMESA-N__seed42,9V8H,HEWRQLQNINUEQT-IBGZPJMESA-N,SUCCESS,--,0.954020143,0.954020143,N/A_NO_SPECIAL_TYPE,YES_IF_SUCCESS,
OLD_M3,9V8H__HHYHQMCULLJUOU-UHFFFAOYSA-N__seed42,9V8H,HHYHQMCULLJUOU-UHFFFAOYSA-N,SUCCESS,--,0.918183565,0.918183565,N/A_NO_SPECIAL_TYPE,YES_IF_SUCCESS,
OLD_M3,9V8H__HWOKKMFQJSXDKU-YTMVLYRLSA-N__seed42,9V8H,HWOKKMFQJSXDKU-YTMVLYRLSA-N,SUCCESS,--,0.515664101,0.515664101,N/A_NO_SPECIAL_TYPE,YES_IF_SUCCESS,
OLD_M3,9V8H__HYAFETHFCAUJAY-UHFFFAOYSA-N__seed42,9V8H,HYAFETHFCAUJAY-UHFFFAOYSA-N,SUCCESS,--,0.947368443,0.947368443,N/A_NO_SPECIAL_TYPE,YES_IF_SUCCESS,
OLD_M3,9V8H__HYEZSXAYSUJOCJ-UHFFFAOYSA-N__seed42,9V8H,HYEZSXAYSUJOCJ-UHFFFAOYSA-N,SUCCESS,--,0.827682197,0.827682197,N/A_NO_SPECIAL_TYPE,YES_IF_SUCCESS,
OLD_M3,9V8H__IAFWMQLCVYEVEF-UHFFFAOYSA-N__seed42,9V8H,IAFWMQLCVYEVEF-UHFFFAOYSA-N,SUCCESS,--,0.942537785,0.942537785,N/A_NO_SPECIAL_TYPE,YES_IF_SUCCESS,
OLD_M3,9V8H__IMYPSTHZBIWMNA-NBEIKUQISA-N__seed42,9V8H,IMYPSTHZBIWMNA-NBEIKUQISA-N,SUCCESS,--,0.96099484,0.96099484,N/A_NO_SPECIAL_TYPE,YES_IF_SUCCESS,
OLD_M3,9V8H__IQWIIYXELSKEMG-BUVRLJJBSA-N__seed42,9V8H,IQWIIYXELSKEMG-BUVRLJJBSA-N,SUCCESS,--,0.959883213,0.959883213,N/A_NO_SPECIAL_TYPE,YES_IF_SUCCESS,
OLD_M3,9V8H__IUPJOGWWGPYLSV-IBGZPJMESA-N__seed42,9V8H,IUPJOGWWGPYLSV-IBGZPJMESA-N,SUCCESS,--,0.963730872,0.963730872,N/A_NO_SPECIAL_TYPE,YES_IF_SUCCESS,
OLD_M3,9V8H__JCVHOVLJKALOTA-COOPMVRXSA-N__seed42,9V8H,JCVHOVLJKALOTA-COOPMVRXSA-N,SUCCESS,--,0.89505887,0.89505887,N/A_NO_SPECIAL_TYPE,YES_IF_SUCCESS,
OLD_M3,9V8H__JHXSNEXWUYGMLH-UHFFFAOYSA-N__seed42,9V8H,JHXSNEXWUYGMLH-UHFFFAOYSA-N,SUCCESS,--,0.942423642,0.942423642,N/A_NO_SPECIAL_TYPE,YES_IF_SUCCESS,
OLD_M3,9V8H__KAPDPGZDHUCILF-UHFFFAOYSA-N__seed42,9V8H,KAPDPGZDHUCILF-UHFFFAOYSA-N,SUCCESS,--,0.879303336,0.879303336,N/A_NO_SPECIAL_TYPE,YES_IF_SUCCESS,
OLD_M3,9V8H__KDCLRVJGUDZHRK-UHFFFAOYSA-N__seed42,9V8H,KDCLRVJGUDZHRK-UHFFFAOYSA-N,SUCCESS,--,0.867818236,0.867818236,N/A_NO_SPECIAL_TYPE,YES_IF_SUCCESS,
OLD_M3,9V8H__KIBDJNDHJITXMI-UHFFFAOYSA-N__seed42,9V8H,KIBDJNDHJITXMI-UHFFFAOYSA-N,SUCCESS,--,0.85063684,0.85063684,N/A_NO_SPECIAL_TYPE,YES_IF_SUCCESS,
OLD_M3,9V8H__KJZIXZXYBFJCIE-OWWJJEGGSA-N__seed42,9V8H,KJZIXZXYBFJCIE-OWWJJEGGSA-N,SUCCESS,--,0.924217165,0.924217165,N/A_NO_SPECIAL_TYPE,YES_IF_SUCCESS,
OLD_M3,9V8H__KORIKKLQSZIORK-UHFFFAOYSA-N__seed42,9V8H,KORIKKLQSZIORK-UHFFFAOYSA-N,SUCCESS,--,0.925250292,0.925250292,N/A_NO_SPECIAL_TYPE,YES_IF_SUCCESS,
OLD_M3,9V8H__KSIQZOUSAASEIJ-UHFFFAOYSA-N__seed42,9V8H,KSIQZOUSAASEIJ-UHFFFAOYSA-N,SUCCESS,--,0.93472743,0.93472743,N/A_NO_SPECIAL_TYPE,YES_IF_SUCCESS,
OLD_M3,9V8H__KWQUTYNOCXTVHR-UHFFFAOYSA-N__seed42,9V8H,KWQUTYNOCXTVHR-UHFFFAOYSA-N,SUCCESS,--,0.86923027,0.86923027,N/A_NO_SPECIAL_TYPE,YES_IF_SUCCESS,
OLD_M3,9V8H__KXWWUKKXHUIFHL-GOTSBHOMSA-N__seed42,9V8H,KXWWUKKXHUIFHL-GOTSBHOMSA-N,SUCCESS,--,0.927371144,0.927371144,N/A_NO_SPECIAL_TYPE,YES_IF_SUCCESS,
OLD_M3,9V8H__LOIPZYXFUYLDKZ-JCUPVDEDSA-N__seed42,9V8H,LOIPZYXFUYLDKZ-JCUPVDEDSA-N,SUCCESS,--,0.864097178,0.864097178,N/A_NO_SPECIAL_TYPE,YES_IF_SUCCESS,
OLD_M3,9V8H__LUTLDXKHISCIJB-UHFFFAOYSA-N__seed42,9V8H,LUTLDXKHISCIJB-UHFFFAOYSA-N,SUCCESS,--,0.944908142,0.944908142,N/A_NO_SPECIAL_TYPE,YES_IF_SUCCESS,
OLD_M3,9V8H__LYLKITZXILLNFB-RVDKCFQWSA-N__seed42,9V8H,LYLKITZXILLNFB-RVDKCFQWSA-N,SUCCESS,--,0.843490362,0.843490362,N/A_NO_SPECIAL_TYPE,YES_IF_SUCCESS,
OLD_M3,9V8H__MAINKGNWZLMMRF-UHFFFAOYSA-N__seed42,9V8H,MAINKGNWZLMMRF-UHFFFAOYSA-N,SUCCESS,--,0.708975613,0.708975613,N/A_NO_SPECIAL_TYPE,YES_IF_SUCCESS,
OLD_M3,9V8H__MBNINRCJDJMURD-QFIPXVFZSA-N__seed42,9V8H,MBNINRCJDJMURD-QFIPXVFZSA-N,SUCCESS,--,0.933779955,0.933779955,N/A_NO_SPECIAL_TYPE,YES_IF_SUCCESS,
OLD_M3,9V8H__MXVRETICWXXRDS-VWLOTQADSA-N__seed42,9V8H,MXVRETICWXXRDS-VWLOTQADSA-N,SUCCESS,--,0.94626981,0.94626981,N/A_NO_SPECIAL_TYPE,YES_IF_SUCCESS,
OLD_M3,9V8H__NEXABUMCTWIWDJ-UHFFFAOYSA-N__seed42,9V8H,NEXABUMCTWIWDJ-UHFFFAOYSA-N,SUCCESS,--,0.764817715,0.764817715,N/A_NO_SPECIAL_TYPE,YES_IF_SUCCESS,
OLD_M3,9V8H__NFFXEUUOMTXWCX-UHFFFAOYSA-N__seed42,9V8H,NFFXEUUOMTXWCX-UHFFFAOYSA-N,SUCCESS,--,0.857029438,0.857029438,N/A_NO_SPECIAL_TYPE,YES_IF_SUCCESS,
OLD_M3,9V8H__NIDDHYAQKFHAMY-GZTJUZNOSA-N__seed42,9V8H,NIDDHYAQKFHAMY-GZTJUZNOSA-N,SUCCESS,--,0.821372271,0.821372271,N/A_NO_SPECIAL_TYPE,YES_IF_SUCCESS,
OLD_M3,9V8H__NOVRKZNBTPUNRI-UHFFFAOYSA-N__seed42,9V8H,NOVRKZNBTPUNRI-UHFFFAOYSA-N,SUCCESS,--,0.686002254,0.686002254,N/A_NO_SPECIAL_TYPE,YES_IF_SUCCESS,
OLD_M3,9V8H__NPCOVXRHNOWSPC-UHFFFAOYSA-N__seed42,9V8H,NPCOVXRHNOWSPC-UHFFFAOYSA-N,SUCCESS,--,0.966093659,0.966093659,N/A_NO_SPECIAL_TYPE,YES_IF_SUCCESS,
OLD_M3,9V8H__NXCAPWDBSDFCJW-UHFFFAOYSA-N__seed42,9V8H,NXCAPWDBSDFCJW-UHFFFAOYSA-N,SUCCESS,--,0.783493817,0.783493817,N/A_NO_SPECIAL_TYPE,YES_IF_SUCCESS,
OLD_M3,9V8H__NXIZKFYYHVTHFH-NBEIKUQISA-N__seed42,9V8H,NXIZKFYYHVTHFH-NBEIKUQISA-N,SUCCESS,--,0.974475622,0.974475622,N/A_NO_SPECIAL_TYPE,YES_IF_SUCCESS,
OLD_M3,9V8H__OCUXKVCDBHKIIP-QYHQRLDKSA-N__seed42,9V8H,OCUXKVCDBHKIIP-QYHQRLDKSA-N,SUCCESS,--,0.924467981,0.924467981,N/A_NO_SPECIAL_TYPE,YES_IF_SUCCESS,
OLD_M3,9V8H__OLSNNSDAOCWUDV-UHFFFAOYSA-N__seed42,9V8H,OLSNNSDAOCWUDV-UHFFFAOYSA-N,SUCCESS,--,0.951185048,0.951185048,N/A_NO_SPECIAL_TYPE,YES_IF_SUCCESS,
OLD_M3,9V8H__ONKOHQZZVMTPOM-UHFFFAOYSA-N__seed42,9V8H,ONKOHQZZVMTPOM-UHFFFAOYSA-N,SUCCESS,--,0.791907728,0.791907728,N/A_NO_SPECIAL_TYPE,YES_IF_SUCCESS,
OLD_M3,9V8H__OSSVQVKVEZPBSO-UHFFFAOYSA-M__seed42,9V8H,OSSVQVKVEZPBSO-UHFFFAOYSA-M,SUCCESS,--,0.791690648,0.791690648,N/A_NO_SPECIAL_TYPE,YES_IF_SUCCESS,
OLD_M3,9V8H__OTQXWJUPSKJAGS-UHFFFAOYSA-N__seed42,9V8H,OTQXWJUPSKJAGS-UHFFFAOYSA-N,SUCCESS,--,0.810616612,0.810616612,N/A_NO_SPECIAL_TYPE,YES_IF_SUCCESS,
OLD_M3,9V8H__PNHFDVSKDSLUFH-UHFFFAOYSA-N__seed42,9V8H,PNHFDVSKDSLUFH-UHFFFAOYSA-N,SUCCESS,--,0.948499858,0.948499858,N/A_NO_SPECIAL_TYPE,YES_IF_SUCCESS,
OLD_M3,9V8H__POJUAKDODHHCTO-UHFFFAOYSA-N__seed42,9V8H,POJUAKDODHHCTO-UHFFFAOYSA-N,SUCCESS,--,0.89108777,0.89108777,N/A_NO_SPECIAL_TYPE,YES_IF_SUCCESS,
OLD_M3,9V8H__PVTZPAMEGKOLDH-UHFFFAOYSA-N__seed42,9V8H,PVTZPAMEGKOLDH-UHFFFAOYSA-N,SUCCESS,--,0.849154711,0.849154711,N/A_NO_SPECIAL_TYPE,YES_IF_SUCCESS,
OLD_M3,9V8H__PZRQOAPHEGZBPU-NTEUORMPSA-N__seed42,9V8H,PZRQOAPHEGZBPU-NTEUORMPSA-N,SUCCESS,--,0.804000616,0.804000616,N/A_NO_SPECIAL_TYPE,YES_IF_SUCCESS,
OLD_M3,9V8H__QDTHAXJGRDPCSZ-UHFFFAOYSA-N__seed42,9V8H,QDTHAXJGRDPCSZ-UHFFFAOYSA-N,SUCCESS,--,0.854344249,0.854344249,N/A_NO_SPECIAL_TYPE,YES_IF_SUCCESS,
OLD_M3,9V8H__QFQGNTDOAIPHRN-QHCPKHFHSA-N__seed42,9V8H,QFQGNTDOAIPHRN-QHCPKHFHSA-N,SUCCESS,--,0.986047626,0.986047626,N/A_NO_SPECIAL_TYPE,YES_IF_SUCCESS,
OLD_M3,9V8H__QKANMMQGZZPRTO-UHFFFAOYSA-N__seed42,9V8H,QKANMMQGZZPRTO-UHFFFAOYSA-N,SUCCESS,--,0.748874009,0.748874009,N/A_NO_SPECIAL_TYPE,YES_IF_SUCCESS,
OLD_M3,9V8H__QPKIEBNVIOELIR-MHZLTWQESA-N__seed42,9V8H,QPKIEBNVIOELIR-MHZLTWQESA-N,SUCCESS,--,0.931147754,0.931147754,N/A_NO_SPECIAL_TYPE,YES_IF_SUCCESS,
OLD_M3,9V8H__QRUJOOQWHBDHME-JOCHJYFZSA-N__seed42,9V8H,QRUJOOQWHBDHME-JOCHJYFZSA-N,SUCCESS,--,0.891814053,0.891814053,N/A_NO_SPECIAL_TYPE,YES_IF_SUCCESS,
OLD_M3,9V8H__QTWYHVZMLOYEJO-UHFFFAOYSA-N__seed42,9V8H,QTWYHVZMLOYEJO-UHFFFAOYSA-N,SUCCESS,--,0.801539898,0.801539898,N/A_NO_SPECIAL_TYPE,YES_IF_SUCCESS,
OLD_M3,9V8H__RFJZRTHJELDNPR-KRWDZBQOSA-N__seed42,9V8H,RFJZRTHJELDNPR-KRWDZBQOSA-N,SUCCESS,--,0.921209753,0.921209753,N/A_NO_SPECIAL_TYPE,YES_IF_SUCCESS,
OLD_M3,9V8H__RFUNNAWGSBMBCL-UCQKPKSFSA-N__seed42,9V8H,RFUNNAWGSBMBCL-UCQKPKSFSA-N,SUCCESS,--,0.589641213,0.589641213,N/A_NO_SPECIAL_TYPE,YES_IF_SUCCESS,
OLD_M3,9V8H__RHNGSZQNJSTEEB-UHFFFAOYSA-M__seed42,9V8H,RHNGSZQNJSTEEB-UHFFFAOYSA-M,SUCCESS,--,0.739205718,0.739205718,N/A_NO_SPECIAL_TYPE,YES_IF_SUCCESS,
OLD_M3,9V8H__RHUFPLDOZQGOCO-UHFFFAOYSA-N__seed42,9V8H,RHUFPLDOZQGOCO-UHFFFAOYSA-N,SUCCESS,--,0.607665062,0.607665062,N/A_NO_SPECIAL_TYPE,YES_IF_SUCCESS,
OLD_M3,9V8H__RJBMVGPWWMWGNI-XIJSCUBXSA-N__seed42,9V8H,RJBMVGPWWMWGNI-XIJSCUBXSA-N,SUCCESS,--,0.959990919,0.959990919,N/A_NO_SPECIAL_TYPE,YES_IF_SUCCESS,
OLD_M3,9V8H__SGOMNGUCMIYNTA-UHFFFAOYSA-N__seed42,9V8H,SGOMNGUCMIYNTA-UHFFFAOYSA-N,SUCCESS,--,0.981647253,0.981647253,N/A_NO_SPECIAL_TYPE,YES_IF_SUCCESS,
OLD_M3,9V8H__SJYFDJBDUNUHJQ-UHFFFAOYSA-N__seed42,9V8H,SJYFDJBDUNUHJQ-UHFFFAOYSA-N,SUCCESS,--,0.912664354,0.912664354,N/A_NO_SPECIAL_TYPE,YES_IF_SUCCESS,
OLD_M3,9V8H__SMGUXZWVZUOLCO-UHFFFAOYSA-N__seed42,9V8H,SMGUXZWVZUOLCO-UHFFFAOYSA-N,SUCCESS,--,0.890268981,0.890268981,N/A_NO_SPECIAL_TYPE,YES_IF_SUCCESS,
OLD_M3,9V8H__SNMFWHCQPZSLEZ-WWNGRIQCSA-N__seed42,9V8H,SNMFWHCQPZSLEZ-WWNGRIQCSA-N,SUCCESS,--,0.963321865,0.963321865,N/A_NO_SPECIAL_TYPE,YES_IF_SUCCESS,
OLD_M3,9V8H__SOKGUCREKPAHNX-UHFFFAOYSA-N__seed42,9V8H,SOKGUCREKPAHNX-UHFFFAOYSA-N,SUCCESS,--,0.948077977,0.948077977,N/A_NO_SPECIAL_TYPE,YES_IF_SUCCESS,
OLD_M3,9V8H__SPSCEYHKPUTWNP-JOCHJYFZSA-N__seed42,9V8H,SPSCEYHKPUTWNP-JOCHJYFZSA-N,SUCCESS,--,0.970317006,0.970317006,N/A_NO_SPECIAL_TYPE,YES_IF_SUCCESS,
OLD_M3,9V8H__SQNZXGQBXPCSHH-UHFFFAOYSA-N__seed42,9V8H,SQNZXGQBXPCSHH-UHFFFAOYSA-N,SUCCESS,--,0.906334341,0.906334341,N/A_NO_SPECIAL_TYPE,YES_IF_SUCCESS,
OLD_M3,9V8H__SQODDGQIFANIPN-UHFFFAOYSA-N__seed42,9V8H,SQODDGQIFANIPN-UHFFFAOYSA-N,SUCCESS,--,0.964924574,0.964924574,N/A_NO_SPECIAL_TYPE,YES_IF_SUCCESS,
OLD_M3,9V8H__SSDRFTJAKXCHTF-ZDUSSCGKSA-N__seed42,9V8H,SSDRFTJAKXCHTF-ZDUSSCGKSA-N,SUCCESS,--,0.837226868,0.837226868,N/A_NO_SPECIAL_TYPE,YES_IF_SUCCESS,
OLD_M3,9V8H__SUBJAJAOVHMPAV-UHFFFAOYSA-N__seed42,9V8H,SUBJAJAOVHMPAV-UHFFFAOYSA-N,SUCCESS,--,0.907229245,0.907229245,N/A_NO_SPECIAL_TYPE,YES_IF_SUCCESS,
OLD_M3,9V8H__SXJBAMWBIIITKL-UHFFFAOYSA-N__seed42,9V8H,SXJBAMWBIIITKL-UHFFFAOYSA-N,SUCCESS,--,0.954167366,0.954167366,N/A_NO_SPECIAL_TYPE,YES_IF_SUCCESS,
OLD_M3,9V8H__TVEAXARFLUXLEB-UHFFFAOYSA-N__seed42,9V8H,TVEAXARFLUXLEB-UHFFFAOYSA-N,SUCCESS,--,0.891693175,0.891693175,N/A_NO_SPECIAL_TYPE,YES_IF_SUCCESS,
OLD_M3,9V8H__UKMSUNONTOPOIO-UHFFFAOYSA-N__seed42,9V8H,UKMSUNONTOPOIO-UHFFFAOYSA-N,SUCCESS,--,0.858025432,0.858025432,N/A_NO_SPECIAL_TYPE,YES_IF_SUCCESS,
OLD_M3,9V8H__VSJKLRGRUBVDOK-UHFFFAOYSA-N__seed42,9V8H,VSJKLRGRUBVDOK-UHFFFAOYSA-N,SUCCESS,--,0.892171562,0.892171562,N/A_NO_SPECIAL_TYPE,YES_IF_SUCCESS,
OLD_M3,9V8H__WEQANHSKIULRFP-QHCPKHFHSA-N__seed42,9V8H,WEQANHSKIULRFP-QHCPKHFHSA-N,SUCCESS,--,0.670239568,0.670239568,N/A_NO_SPECIAL_TYPE,YES_IF_SUCCESS,
OLD_M3,9V8H__WFLQKKNSBAQKPU-UHFFFAOYSA-N__seed42,9V8H,WFLQKKNSBAQKPU-UHFFFAOYSA-N,SUCCESS,--,0.881146967,0.881146967,N/A_NO_SPECIAL_TYPE,YES_IF_SUCCESS,
OLD_M3,9V8H__WQCJKMGDGUHOFD-QGZVFWFLSA-N__seed42,9V8H,WQCJKMGDGUHOFD-QGZVFWFLSA-N,SUCCESS,--,0.82607007,0.82607007,N/A_NO_SPECIAL_TYPE,YES_IF_SUCCESS,
OLD_M3,9V8H__WRQQBPQQSNVETI-UHFFFAOYSA-N__seed42,9V8H,WRQQBPQQSNVETI-UHFFFAOYSA-N,SUCCESS,--,0.700809658,0.700809658,N/A_NO_SPECIAL_TYPE,YES_IF_SUCCESS,
OLD_M3,9V8H__WYIDWASMEIZPJM-UHFFFAOYSA-N__seed42,9V8H,WYIDWASMEIZPJM-UHFFFAOYSA-N,SUCCESS,--,0.87227869,0.87227869,N/A_NO_SPECIAL_TYPE,YES_IF_SUCCESS,
OLD_M3,9V8H__XENYHKPTFFTRLB-UHFFFAOYSA-N__seed42,9V8H,XENYHKPTFFTRLB-UHFFFAOYSA-N,SUCCESS,--,0.899486601,0.899486601,N/A_NO_SPECIAL_TYPE,YES_IF_SUCCESS,
OLD_M3,9V8H__XKBOWVVNDOSFQR-UHFFFAOYSA-N__seed42,9V8H,XKBOWVVNDOSFQR-UHFFFAOYSA-N,SUCCESS,--,0.686876118,0.686876118,N/A_NO_SPECIAL_TYPE,YES_IF_SUCCESS,
OLD_M3,9V8H__XMOANMMSPJBNRJ-UHFFFAOYSA-N__seed42,9V8H,XMOANMMSPJBNRJ-UHFFFAOYSA-N,SUCCESS,--,0.915449381,0.915449381,N/A_NO_SPECIAL_TYPE,YES_IF_SUCCESS,
OLD_M3,9V8H__XRVNSFDHOMAYDC-YTMVLYRLSA-N__seed42,9V8H,XRVNSFDHOMAYDC-YTMVLYRLSA-N,SUCCESS,--,0.510924697,0.510924697,N/A_NO_SPECIAL_TYPE,YES_IF_SUCCESS,
OLD_M3,9V8H__XUOPAPBJOVSLAY-UHFFFAOYSA-N__seed42,9V8H,XUOPAPBJOVSLAY-UHFFFAOYSA-N,SUCCESS,--,0.916342974,0.916342974,N/A_NO_SPECIAL_TYPE,YES_IF_SUCCESS,
OLD_M3,9V8H__XXXMKMSHRBZEPM-UHFFFAOYSA-N__seed42,9V8H,XXXMKMSHRBZEPM-UHFFFAOYSA-N,SUCCESS,--,0.842758715,0.842758715,N/A_NO_SPECIAL_TYPE,YES_IF_SUCCESS,
OLD_M3,9V8H__XXZBELJQKKGJRL-FMFFXOCNSA-N__seed42,9V8H,XXZBELJQKKGJRL-FMFFXOCNSA-N,SUCCESS,--,0.697123587,0.697123587,N/A_NO_SPECIAL_TYPE,YES_IF_SUCCESS,
OLD_M3,9V8H__YDNAXUMKGRAZTP-UHFFFAOYSA-N__seed42,9V8H,YDNAXUMKGRAZTP-UHFFFAOYSA-N,SUCCESS,--,0.919036806,0.919036806,N/A_NO_SPECIAL_TYPE,YES_IF_SUCCESS,
OLD_M3,9V8H__YUQFGXOAMDWWBP-AATRIKPKSA-N__seed42,9V8H,YUQFGXOAMDWWBP-AATRIKPKSA-N,SUCCESS,--,0.911988616,0.911988616,N/A_NO_SPECIAL_TYPE,YES_IF_SUCCESS,
OLD_M3,9V8H__YXRNZNYFVDQXRS-QRTMHTFLSA-N__seed42,9V8H,YXRNZNYFVDQXRS-QRTMHTFLSA-N,SUCCESS,--,0.979381084,0.979381084,N/A_NO_SPECIAL_TYPE,YES_IF_SUCCESS,
OLD_M3,9V8H__ZCKPNGWVLHEGFP-UHFFFAOYSA-N__seed42,9V8H,ZCKPNGWVLHEGFP-UHFFFAOYSA-N,SUCCESS,--,0.850376964,0.850376964,N/A_NO_SPECIAL_TYPE,YES_IF_SUCCESS,
OLD_M3,9V8H__ZVCCFSVAFKRHDP-KWJZBXMYSA-N__seed42,9V8H,ZVCCFSVAFKRHDP-KWJZBXMYSA-N,SUCCESS,--,0.980010509,0.980010509,N/A_NO_SPECIAL_TYPE,YES_IF_SUCCESS,
OLD_M3,9V8H__ZXWVCCFKIRBLDP-UHFFFAOYSA-N__seed42,9V8H,ZXWVCCFKIRBLDP-UHFFFAOYSA-N,SUCCESS,--,0.761683464,0.761683464,N/A_NO_SPECIAL_TYPE,YES_IF_SUCCESS,
OLD_M3,9V8H__ZYFTUIURWQWFKQ-QIAGQCQHSA-N__seed42,9V8H,ZYFTUIURWQWFKQ-QIAGQCQHSA-N,SUCCESS,--,0.94965297,0.94965297,N/A_NO_SPECIAL_TYPE,YES_IF_SUCCESS,
OLD_M3,9V8H__ZZLLEVLMZDJINU-NDEPHWFRSA-N__seed42,9V8H,ZZLLEVLMZDJINU-NDEPHWFRSA-N,SUCCESS,--,0.834076524,0.834076524,N/A_NO_SPECIAL_TYPE,YES_IF_SUCCESS,
