phase7 jobs=8070 done=0 pending=8070 timeout_s=1586
1/8070 SUCCESS EGFR/HER2 3RCD KTUFNOKKBVMGRW-UHFFFAOYSA-N seed17 152.785s
2/8070 SUCCESS EGFR/HER2 3POZ KTUFNOKKBVMGRW-UHFFFAOYSA-N seed29 179.483s
3/8070 SUCCESS EGFR/HER2 3POZ KTUFNOKKBVMGRW-UHFFFAOYSA-N seed17 182.957s
4/8070 SUCCESS EGFR/HER2 3POZ KTUFNOKKBVMGRW-UHFFFAOYSA-N seed101 183.596s
5/8070 SUCCESS EGFR/HER2 3POZ KTUFNOKKBVMGRW-UHFFFAOYSA-N seed42 183.657s
6/8070 SUCCESS EGFR/HER2 3POZ KTUFNOKKBVMGRW-UHFFFAOYSA-N seed71 185.063s
7/8070 SUCCESS EGFR/HER2 3POZ IBVURLSKTNUMDI-UHFFFAOYSA-N seed17 41.973s
8/8070 SUCCESS EGFR/HER2 3POZ IBVURLSKTNUMDI-UHFFFAOYSA-N seed29 41.968s
9/8070 SUCCESS EGFR/HER2 3POZ IBVURLSKTNUMDI-UHFFFAOYSA-N seed42 42.43s
10/8070 SUCCESS EGFR/HER2 3POZ IBVURLSKTNUMDI-UHFFFAOYSA-N seed71 42.319s
11/8070 SUCCESS EGFR/HER2 3RCD KTUFNOKKBVMGRW-UHFFFAOYSA-N seed29 143.237s
12/8070 SUCCESS EGFR/HER2 3RCD IBVURLSKTNUMDI-UHFFFAOYSA-N seed17 40.015s
13/8070 SUCCESS EGFR/HER2 3POZ IBVURLSKTNUMDI-UHFFFAOYSA-N seed101 41.497s
14/8070 SUCCESS EGFR/HER2 3RCD KTUFNOKKBVMGRW-UHFFFAOYSA-N seed42 138.919s
15/8070 SUCCESS EGFR/HER2 3RCD KTUFNOKKBVMGRW-UHFFFAOYSA-N seed71 140.299s
16/8070 SUCCESS EGFR/HER2 3RCD KTUFNOKKBVMGRW-UHFFFAOYSA-N seed101 140.187s
17/8070 SUCCESS EGFR/HER2 3RCD IBVURLSKTNUMDI-UHFFFAOYSA-N seed29 39.676s
18/8070 SUCCESS EGFR/HER2 3RCD IBVURLSKTNUMDI-UHFFFAOYSA-N seed42 39.197s
19/8070 SUCCESS EGFR/HER2 3RCD IBVURLSKTNUMDI-UHFFFAOYSA-N seed71 39.403s
20/8070 SUCCESS EGFR/HER2 3RCD IBVURLSKTNUMDI-UHFFFAOYSA-N seed101 39.552s
21/8070 SUCCESS EGFR/HER2 3POZ JPJAUHSLJCUGAH-UHFFFAOYSA-N seed17 108.76s
22/8070 SUCCESS EGFR/HER2 3POZ JPJAUHSLJCUGAH-UHFFFAOYSA-N seed29 108.959s
23/8070 SUCCESS EGFR/HER2 3POZ JPJAUHSLJCUGAH-UHFFFAOYSA-N seed42 105.747s
24/8070 SUCCESS EGFR/HER2 3POZ JPJAUHSLJCUGAH-UHFFFAOYSA-N seed71 107.947s
25/8070 SUCCESS EGFR/HER2 3POZ JPJAUHSLJCUGAH-UHFFFAOYSA-N seed101 110.969s
26/8070 SUCCESS EGFR/HER2 3RCD JPJAUHSLJCUGAH-UHFFFAOYSA-N seed17 107.698s
27/8070 SUCCESS EGFR/HER2 3RCD JPJAUHSLJCUGAH-UHFFFAOYSA-N seed42 111.499s
28/8070 SUCCESS EGFR/HER2 3RCD JPJAUHSLJCUGAH-UHFFFAOYSA-N seed29 113.203s
29/8070 SUCCESS EGFR/HER2 3RCD JPJAUHSLJCUGAH-UHFFFAOYSA-N seed71 109.297s
30/8070 SUCCESS EGFR/HER2 3RCD JPJAUHSLJCUGAH-UHFFFAOYSA-N seed101 108.682s
31/8070 SUCCESS EGFR/HER2 3POZ VIANWBJPMVJZPN-UHFFFAOYSA-N seed17 122.213s
32/8070 SUCCESS EGFR/HER2 3POZ VIANWBJPMVJZPN-UHFFFAOYSA-N seed29 121.319s
33/8070 SUCCESS EGFR/HER2 3RCD VIANWBJPMVJZPN-UHFFFAOYSA-N seed17 102.502s
34/8070 SUCCESS EGFR/HER2 3POZ VIANWBJPMVJZPN-UHFFFAOYSA-N seed71 124.099s
35/8070 SUCCESS EGFR/HER2 3POZ VIANWBJPMVJZPN-UHFFFAOYSA-N seed42 127.832s
36/8070 SUCCESS EGFR/HER2 3POZ VIANWBJPMVJZPN-UHFFFAOYSA-N seed101 122.5s
37/8070 SUCCESS EGFR/HER2 3RCD VIANWBJPMVJZPN-UHFFFAOYSA-N seed29 102.092s
38/8070 SUCCESS EGFR/HER2 3RCD VIANWBJPMVJZPN-UHFFFAOYSA-N seed42 109.526s
39/8070 SUCCESS EGFR/HER2 3RCD VIANWBJPMVJZPN-UHFFFAOYSA-N seed101 96.359s
40/8070 SUCCESS EGFR/HER2 3POZ XYFPWWZEPKGCCK-GOSISDBHSA-N seed29 93.313s
41/8070 SUCCESS EGFR/HER2 3POZ XYFPWWZEPKGCCK-GOSISDBHSA-N seed17 95.687s
42/8070 SUCCESS EGFR/HER2 3RCD VIANWBJPMVJZPN-UHFFFAOYSA-N seed71 106.419s
43/8070 SUCCESS EGFR/HER2 3POZ XYFPWWZEPKGCCK-GOSISDBHSA-N seed42 95.187s
44/8070 SUCCESS EGFR/HER2 3POZ XYFPWWZEPKGCCK-GOSISDBHSA-N seed71 91.92s
45/8070 SUCCESS EGFR/HER2 3RCD XYFPWWZEPKGCCK-GOSISDBHSA-N seed17 79.213s
46/8070 SUCCESS EGFR/HER2 3RCD XYFPWWZEPKGCCK-GOSISDBHSA-N seed29 78.804s
47/8070 SUCCESS EGFR/HER2 3RCD XYFPWWZEPKGCCK-GOSISDBHSA-N seed42 78.545s
48/8070 SUCCESS EGFR/HER2 3POZ XYFPWWZEPKGCCK-GOSISDBHSA-N seed101 92.334s
49/8070 SUCCESS EGFR/HER2 3RCD XYFPWWZEPKGCCK-GOSISDBHSA-N seed71 80.096s
50/8070 SUCCESS EGFR/HER2 3RCD XYFPWWZEPKGCCK-GOSISDBHSA-N seed101 81.356s
51/8070 SUCCESS EGFR/HER2 3POZ NAUMQOWVCNOPGB-INIZCTEOSA-N seed17 149.911s
52/8070 SUCCESS EGFR/HER2 3POZ NAUMQOWVCNOPGB-INIZCTEOSA-N seed29 149.758s
53/8070 SUCCESS EGFR/HER2 3POZ NAUMQOWVCNOPGB-INIZCTEOSA-N seed42 152.318s
54/8070 SUCCESS EGFR/HER2 3POZ NAUMQOWVCNOPGB-INIZCTEOSA-N seed71 151.847s
55/8070 SUCCESS EGFR/HER2 3POZ NAUMQOWVCNOPGB-INIZCTEOSA-N seed101 151.97s
56/8070 SUCCESS EGFR/HER2 3RCD NAUMQOWVCNOPGB-INIZCTEOSA-N seed17 142.151s
57/8070 SUCCESS EGFR/HER2 3RCD NAUMQOWVCNOPGB-INIZCTEOSA-N seed29 141.477s
58/8070 SUCCESS EGFR/HER2 3RCD NAUMQOWVCNOPGB-INIZCTEOSA-N seed42 142.845s
59/8070 SUCCESS EGFR/HER2 3RCD NAUMQOWVCNOPGB-INIZCTEOSA-N seed71 143.076s
60/8070 SUCCESS EGFR/HER2 3RCD NAUMQOWVCNOPGB-INIZCTEOSA-N seed101 143.38s
61/8070 SUCCESS EGFR/HER2 3POZ JWNPDZNEKVCWMY-VQHVLOKHSA-N seed17 256.038s
62/8070 SUCCESS EGFR/HER2 3POZ JWNPDZNEKVCWMY-VQHVLOKHSA-N seed29 256.903s
63/8070 SUCCESS EGFR/HER2 3RCD JWNPDZNEKVCWMY-VQHVLOKHSA-N seed17 201.169s
64/8070 SUCCESS EGFR/HER2 3POZ JWNPDZNEKVCWMY-VQHVLOKHSA-N seed42 249.888s
65/8070 SUCCESS EGFR/HER2 3POZ JWNPDZNEKVCWMY-VQHVLOKHSA-N seed71 257.293s
66/8070 SUCCESS EGFR/HER2 3POZ JWNPDZNEKVCWMY-VQHVLOKHSA-N seed101 267.11s
67/8070 SUCCESS EGFR/HER2 3POZ DLPSDPPZXRJQOY-UHFFFAOYSA-N seed17 36.656s
68/8070 SUCCESS EGFR/HER2 3POZ DLPSDPPZXRJQOY-UHFFFAOYSA-N seed29 36.164s
69/8070 SUCCESS EGFR/HER2 3RCD JWNPDZNEKVCWMY-VQHVLOKHSA-N seed29 200.874s
70/8070 SUCCESS EGFR/HER2 3POZ DLPSDPPZXRJQOY-UHFFFAOYSA-N seed42 36.172s
71/8070 SUCCESS EGFR/HER2 3RCD JWNPDZNEKVCWMY-VQHVLOKHSA-N seed42 211.104s
72/8070 SUCCESS EGFR/HER2 3POZ DLPSDPPZXRJQOY-UHFFFAOYSA-N seed71 35.994s
73/8070 SUCCESS EGFR/HER2 3POZ DLPSDPPZXRJQOY-UHFFFAOYSA-N seed101 35.761s
74/8070 SUCCESS EGFR/HER2 3RCD DLPSDPPZXRJQOY-UHFFFAOYSA-N seed17 34.995s
75/8070 SUCCESS EGFR/HER2 3RCD DLPSDPPZXRJQOY-UHFFFAOYSA-N seed29 35.337s
76/8070 SUCCESS EGFR/HER2 3RCD DLPSDPPZXRJQOY-UHFFFAOYSA-N seed42 35.082s
77/8070 SUCCESS EGFR/HER2 3RCD DLPSDPPZXRJQOY-UHFFFAOYSA-N seed71 35.37s
78/8070 SUCCESS EGFR/HER2 3RCD DLPSDPPZXRJQOY-UHFFFAOYSA-N seed101 35.596s
79/8070 SUCCESS EGFR/HER2 3RCD JWNPDZNEKVCWMY-VQHVLOKHSA-N seed71 191.978s
80/8070 SUCCESS EGFR/HER2 3RCD JWNPDZNEKVCWMY-VQHVLOKHSA-N seed101 182.236s
81/8070 SUCCESS EGFR/HER2 3POZ PXBVPDIMCOILPS-UHFFFAOYSA-N seed29 115.571s
82/8070 SUCCESS EGFR/HER2 3POZ PXBVPDIMCOILPS-UHFFFAOYSA-N seed17 124.77s
83/8070 SUCCESS EGFR/HER2 3POZ PXBVPDIMCOILPS-UHFFFAOYSA-N seed42 115.587s
84/8070 SUCCESS EGFR/HER2 3POZ PXBVPDIMCOILPS-UHFFFAOYSA-N seed71 123.001s
85/8070 SUCCESS EGFR/HER2 3POZ PXBVPDIMCOILPS-UHFFFAOYSA-N seed101 121.606s
86/8070 SUCCESS EGFR/HER2 3RCD PXBVPDIMCOILPS-UHFFFAOYSA-N seed17 102.665s
87/8070 SUCCESS EGFR/HER2 3RCD PXBVPDIMCOILPS-UHFFFAOYSA-N seed29 100.616s
88/8070 SUCCESS EGFR/HER2 3RCD PXBVPDIMCOILPS-UHFFFAOYSA-N seed42 102.417s
89/8070 SUCCESS EGFR/HER2 3RCD PXBVPDIMCOILPS-UHFFFAOYSA-N seed71 102.806s
90/8070 SUCCESS EGFR/HER2 3RCD PXBVPDIMCOILPS-UHFFFAOYSA-N seed101 103.139s
91/8070 SUCCESS EGFR/HER2 3POZ RKUXMYUMMSWVGH-CPSHHHPTSA-N seed17 204.358s
92/8070 SUCCESS EGFR/HER2 3POZ RKUXMYUMMSWVGH-CPSHHHPTSA-N seed29 204.06s
93/8070 SUCCESS EGFR/HER2 3RCD RKUXMYUMMSWVGH-CPSHHHPTSA-N seed17 183.217s
94/8070 SUCCESS EGFR/HER2 3POZ RKUXMYUMMSWVGH-CPSHHHPTSA-N seed42 211.029s
95/8070 SUCCESS EGFR/HER2 3POZ RKUXMYUMMSWVGH-CPSHHHPTSA-N seed71 210.046s
96/8070 SUCCESS EGFR/HER2 3POZ RKUXMYUMMSWVGH-CPSHHHPTSA-N seed101 207.135s
97/8070 SUCCESS EGFR/HER2 3POZ HIONRJFCDLKILS-UHFFFAOYSA-N seed17 35.405s
98/8070 SUCCESS EGFR/HER2 3POZ HIONRJFCDLKILS-UHFFFAOYSA-N seed29 35.296s
99/8070 SUCCESS EGFR/HER2 3POZ HIONRJFCDLKILS-UHFFFAOYSA-N seed42 34.583s
100/8070 SUCCESS EGFR/HER2 3POZ HIONRJFCDLKILS-UHFFFAOYSA-N seed71 34.361s
101/8070 SUCCESS EGFR/HER2 3POZ HIONRJFCDLKILS-UHFFFAOYSA-N seed101 34.335s
102/8070 SUCCESS EGFR/HER2 3RCD RKUXMYUMMSWVGH-CPSHHHPTSA-N seed42 181.456s
103/8070 SUCCESS EGFR/HER2 3RCD RKUXMYUMMSWVGH-CPSHHHPTSA-N seed29 188.453s
104/8070 SUCCESS EGFR/HER2 3RCD HIONRJFCDLKILS-UHFFFAOYSA-N seed17 35.038s
105/8070 SUCCESS EGFR/HER2 3RCD HIONRJFCDLKILS-UHFFFAOYSA-N seed29 33.946s
106/8070 SUCCESS EGFR/HER2 3RCD HIONRJFCDLKILS-UHFFFAOYSA-N seed42 33.888s
107/8070 SUCCESS EGFR/HER2 3RCD HIONRJFCDLKILS-UHFFFAOYSA-N seed71 33.955s
108/8070 SUCCESS EGFR/HER2 3RCD HIONRJFCDLKILS-UHFFFAOYSA-N seed101 34.488s
109/8070 SUCCESS EGFR/HER2 3RCD RKUXMYUMMSWVGH-CPSHHHPTSA-N seed101 182.393s
110/8070 SUCCESS EGFR/HER2 3RCD RKUXMYUMMSWVGH-CPSHHHPTSA-N seed71 187.519s
111/8070 SUCCESS EGFR/HER2 3POZ JJHXVSSJRMTBMC-UHFFFAOYSA-N seed17 96.087s
112/8070 SUCCESS EGFR/HER2 3POZ JJHXVSSJRMTBMC-UHFFFAOYSA-N seed29 96.02s
113/8070 SUCCESS EGFR/HER2 3POZ JJHXVSSJRMTBMC-UHFFFAOYSA-N seed42 94.711s
114/8070 SUCCESS EGFR/HER2 3POZ JJHXVSSJRMTBMC-UHFFFAOYSA-N seed71 93.856s
115/8070 SUCCESS EGFR/HER2 3RCD JJHXVSSJRMTBMC-UHFFFAOYSA-N seed17 77.13s
116/8070 SUCCESS EGFR/HER2 3POZ JJHXVSSJRMTBMC-UHFFFAOYSA-N seed101 94.789s
117/8070 SUCCESS EGFR/HER2 3RCD JJHXVSSJRMTBMC-UHFFFAOYSA-N seed29 77.028s
118/8070 SUCCESS EGFR/HER2 3RCD JJHXVSSJRMTBMC-UHFFFAOYSA-N seed42 78.028s
119/8070 SUCCESS EGFR/HER2 3RCD JJHXVSSJRMTBMC-UHFFFAOYSA-N seed71 80.165s
120/8070 SUCCESS EGFR/HER2 3RCD JJHXVSSJRMTBMC-UHFFFAOYSA-N seed101 76.805s
121/8070 SUCCESS EGFR/HER2 3POZ ROHJEIACUNTGFP-VWLOTQADSA-N seed17 104.802s
122/8070 SUCCESS EGFR/HER2 3POZ ROHJEIACUNTGFP-VWLOTQADSA-N seed29 103.326s
123/8070 SUCCESS EGFR/HER2 3POZ ROHJEIACUNTGFP-VWLOTQADSA-N seed42 101.915s
124/8070 SUCCESS EGFR/HER2 3POZ ROHJEIACUNTGFP-VWLOTQADSA-N seed71 102.425s
125/8070 SUCCESS EGFR/HER2 3POZ ROHJEIACUNTGFP-VWLOTQADSA-N seed101 103.816s
126/8070 SUCCESS EGFR/HER2 3RCD ROHJEIACUNTGFP-VWLOTQADSA-N seed17 103.816s
127/8070 SUCCESS EGFR/HER2 3POZ LSPANGZZENHZNJ-UHFFFAOYSA-N seed17 27.195s
128/8070 SUCCESS EGFR/HER2 3POZ LSPANGZZENHZNJ-UHFFFAOYSA-N seed29 27.026s
129/8070 SUCCESS EGFR/HER2 3RCD ROHJEIACUNTGFP-VWLOTQADSA-N seed29 103.902s
130/8070 SUCCESS EGFR/HER2 3POZ LSPANGZZENHZNJ-UHFFFAOYSA-N seed42 27.433s
131/8070 SUCCESS EGFR/HER2 3POZ LSPANGZZENHZNJ-UHFFFAOYSA-N seed71 26.733s
132/8070 SUCCESS EGFR/HER2 3RCD ROHJEIACUNTGFP-VWLOTQADSA-N seed42 105.656s
133/8070 SUCCESS EGFR/HER2 3POZ LSPANGZZENHZNJ-UHFFFAOYSA-N seed101 26.471s
134/8070 SUCCESS EGFR/HER2 3RCD LSPANGZZENHZNJ-UHFFFAOYSA-N seed17 26.848s
135/8070 SUCCESS EGFR/HER2 3RCD LSPANGZZENHZNJ-UHFFFAOYSA-N seed29 26.9s
136/8070 SUCCESS EGFR/HER2 3RCD LSPANGZZENHZNJ-UHFFFAOYSA-N seed42 26.811s
137/8070 SUCCESS EGFR/HER2 3RCD ROHJEIACUNTGFP-VWLOTQADSA-N seed71 102.6s
138/8070 SUCCESS EGFR/HER2 3RCD ROHJEIACUNTGFP-VWLOTQADSA-N seed101 103.944s
139/8070 SUCCESS EGFR/HER2 3RCD LSPANGZZENHZNJ-UHFFFAOYSA-N seed71 26.755s
140/8070 SUCCESS EGFR/HER2 3RCD LSPANGZZENHZNJ-UHFFFAOYSA-N seed101 26.479s
141/8070 SUCCESS EGFR/HER2 3POZ JPHUTKJINPEEPQ-DUXPYHPUSA-N seed17 32.029s
142/8070 SUCCESS EGFR/HER2 3POZ JPHUTKJINPEEPQ-DUXPYHPUSA-N seed29 32.24s
143/8070 SUCCESS EGFR/HER2 3POZ JPHUTKJINPEEPQ-DUXPYHPUSA-N seed42 31.891s
144/8070 SUCCESS EGFR/HER2 3POZ JPHUTKJINPEEPQ-DUXPYHPUSA-N seed71 32.126s
145/8070 SUCCESS EGFR/HER2 3POZ JPHUTKJINPEEPQ-DUXPYHPUSA-N seed101 32.052s
146/8070 SUCCESS EGFR/HER2 3RCD JPHUTKJINPEEPQ-DUXPYHPUSA-N seed17 31.901s
147/8070 SUCCESS EGFR/HER2 3RCD JPHUTKJINPEEPQ-DUXPYHPUSA-N seed29 32.069s
148/8070 SUCCESS EGFR/HER2 3RCD JPHUTKJINPEEPQ-DUXPYHPUSA-N seed42 32.6s
149/8070 SUCCESS EGFR/HER2 3RCD JPHUTKJINPEEPQ-DUXPYHPUSA-N seed71 33.064s
150/8070 SUCCESS EGFR/HER2 3RCD JPHUTKJINPEEPQ-DUXPYHPUSA-N seed101 33.216s
151/8070 SUCCESS EGFR/HER2 3POZ AWXKATNXTVAFSM-UHFFFAOYSA-N seed17 292.525s
152/8070 SUCCESS EGFR/HER2 3POZ AWXKATNXTVAFSM-UHFFFAOYSA-N seed29 290.697s
153/8070 SUCCESS EGFR/HER2 3POZ AWXKATNXTVAFSM-UHFFFAOYSA-N seed42 290.996s
154/8070 SUCCESS EGFR/HER2 3POZ AWXKATNXTVAFSM-UHFFFAOYSA-N seed101 284.473s
155/8070 SUCCESS EGFR/HER2 3RCD AWXKATNXTVAFSM-UHFFFAOYSA-N seed17 280.778s
156/8070 SUCCESS EGFR/HER2 3POZ AWXKATNXTVAFSM-UHFFFAOYSA-N seed71 291.594s
157/8070 SUCCESS EGFR/HER2 3POZ KFHMLBXBRCITHF-UHFFFAOYSA-N seed17 21.733s
158/8070 SUCCESS EGFR/HER2 3POZ KFHMLBXBRCITHF-UHFFFAOYSA-N seed29 21.946s
159/8070 SUCCESS EGFR/HER2 3POZ KFHMLBXBRCITHF-UHFFFAOYSA-N seed42 21.712s
160/8070 SUCCESS EGFR/HER2 3POZ KFHMLBXBRCITHF-UHFFFAOYSA-N seed71 21.732s
161/8070 SUCCESS EGFR/HER2 3POZ KFHMLBXBRCITHF-UHFFFAOYSA-N seed101 21.883s
162/8070 SUCCESS EGFR/HER2 3RCD KFHMLBXBRCITHF-UHFFFAOYSA-N seed17 22.392s
163/8070 SUCCESS EGFR/HER2 3RCD KFHMLBXBRCITHF-UHFFFAOYSA-N seed29 22.108s
164/8070 SUCCESS EGFR/HER2 3RCD KFHMLBXBRCITHF-UHFFFAOYSA-N seed42 22.431s
165/8070 SUCCESS EGFR/HER2 3RCD KFHMLBXBRCITHF-UHFFFAOYSA-N seed71 21.991s
166/8070 SUCCESS EGFR/HER2 3RCD KFHMLBXBRCITHF-UHFFFAOYSA-N seed101 22.143s
167/8070 SUCCESS EGFR/HER2 3POZ NAHITMMJENLIPQ-LMXLVEHLSA-N seed17 126.24s
168/8070 SUCCESS EGFR/HER2 3POZ NAHITMMJENLIPQ-LMXLVEHLSA-N seed29 124.232s
169/8070 SUCCESS EGFR/HER2 3RCD AWXKATNXTVAFSM-UHFFFAOYSA-N seed29 271.297s
170/8070 SUCCESS EGFR/HER2 3RCD AWXKATNXTVAFSM-UHFFFAOYSA-N seed42 271.801s
171/8070 SUCCESS EGFR/HER2 3RCD AWXKATNXTVAFSM-UHFFFAOYSA-N seed71 267.249s
172/8070 SUCCESS EGFR/HER2 3RCD AWXKATNXTVAFSM-UHFFFAOYSA-N seed101 276.833s
173/8070 SUCCESS EGFR/HER2 3POZ NAHITMMJENLIPQ-LMXLVEHLSA-N seed71 115.065s
174/8070 SUCCESS EGFR/HER2 3POZ NAHITMMJENLIPQ-LMXLVEHLSA-N seed42 117.645s
175/8070 SUCCESS EGFR/HER2 3RCD NAHITMMJENLIPQ-LMXLVEHLSA-N seed17 102.16s
176/8070 SUCCESS EGFR/HER2 3RCD NAHITMMJENLIPQ-LMXLVEHLSA-N seed29 100.714s
177/8070 SUCCESS EGFR/HER2 3RCD NAHITMMJENLIPQ-LMXLVEHLSA-N seed42 100.123s
178/8070 SUCCESS EGFR/HER2 3POZ NAHITMMJENLIPQ-LMXLVEHLSA-N seed101 126.035s
179/8070 SUCCESS EGFR/HER2 3POZ QQRLVNGJKMMEMW-POHAHGRESA-N seed17 55.215s
180/8070 SUCCESS EGFR/HER2 3POZ QQRLVNGJKMMEMW-POHAHGRESA-N seed29 55.0s
181/8070 SUCCESS EGFR/HER2 3POZ QQRLVNGJKMMEMW-POHAHGRESA-N seed42 55.131s
182/8070 SUCCESS EGFR/HER2 3POZ QQRLVNGJKMMEMW-POHAHGRESA-N seed71 55.223s
183/8070 SUCCESS EGFR/HER2 3RCD NAHITMMJENLIPQ-LMXLVEHLSA-N seed71 97.854s
184/8070 SUCCESS EGFR/HER2 3RCD NAHITMMJENLIPQ-LMXLVEHLSA-N seed101 97.979s
185/8070 SUCCESS EGFR/HER2 3POZ QQRLVNGJKMMEMW-POHAHGRESA-N seed101 54.907s
186/8070 SUCCESS EGFR/HER2 3RCD QQRLVNGJKMMEMW-POHAHGRESA-N seed17 56.281s
187/8070 SUCCESS EGFR/HER2 3RCD QQRLVNGJKMMEMW-POHAHGRESA-N seed29 55.827s
188/8070 SUCCESS EGFR/HER2 3RCD QQRLVNGJKMMEMW-POHAHGRESA-N seed42 56.303s
189/8070 SUCCESS EGFR/HER2 3RCD QQRLVNGJKMMEMW-POHAHGRESA-N seed71 55.903s
190/8070 SUCCESS EGFR/HER2 3RCD QQRLVNGJKMMEMW-POHAHGRESA-N seed101 56.427s
191/8070 SUCCESS EGFR/HER2 3POZ UHTHHESEBZOYNR-UHFFFAOYSA-N seed17 82.032s
192/8070 SUCCESS EGFR/HER2 3POZ UHTHHESEBZOYNR-UHFFFAOYSA-N seed29 77.665s
193/8070 SUCCESS EGFR/HER2 3POZ UHTHHESEBZOYNR-UHFFFAOYSA-N seed42 78.568s
194/8070 SUCCESS EGFR/HER2 3RCD UHTHHESEBZOYNR-UHFFFAOYSA-N seed17 60.056s
195/8070 SUCCESS EGFR/HER2 3POZ UHTHHESEBZOYNR-UHFFFAOYSA-N seed71 79.063s
196/8070 SUCCESS EGFR/HER2 3POZ UHTHHESEBZOYNR-UHFFFAOYSA-N seed101 78.034s
197/8070 SUCCESS EGFR/HER2 3RCD UHTHHESEBZOYNR-UHFFFAOYSA-N seed29 60.296s
198/8070 SUCCESS EGFR/HER2 3RCD UHTHHESEBZOYNR-UHFFFAOYSA-N seed42 60.215s
199/8070 SUCCESS EGFR/HER2 3RCD UHTHHESEBZOYNR-UHFFFAOYSA-N seed71 61.876s
200/8070 SUCCESS EGFR/HER2 3RCD UHTHHESEBZOYNR-UHFFFAOYSA-N seed101 61.137s
201/8070 SUCCESS EGFR/HER2 3POZ XQNBRKJAXBTZMN-UHFFFAOYSA-N seed17 189.047s
202/8070 SUCCESS EGFR/HER2 3POZ XQNBRKJAXBTZMN-UHFFFAOYSA-N seed29 194.2s
203/8070 SUCCESS EGFR/HER2 3RCD XQNBRKJAXBTZMN-UHFFFAOYSA-N seed17 163.732s
204/8070 SUCCESS EGFR/HER2 3POZ XQNBRKJAXBTZMN-UHFFFAOYSA-N seed71 189.029s
205/8070 SUCCESS EGFR/HER2 3POZ XQNBRKJAXBTZMN-UHFFFAOYSA-N seed42 195.638s
206/8070 SUCCESS EGFR/HER2 3POZ XQNBRKJAXBTZMN-UHFFFAOYSA-N seed101 195.231s
207/8070 SUCCESS EGFR/HER2 3RCD XQNBRKJAXBTZMN-UHFFFAOYSA-N seed29 158.677s
208/8070 SUCCESS EGFR/HER2 3RCD XQNBRKJAXBTZMN-UHFFFAOYSA-N seed42 158.646s
209/8070 SUCCESS EGFR/HER2 3RCD XQNBRKJAXBTZMN-UHFFFAOYSA-N seed71 168.828s
210/8070 SUCCESS EGFR/HER2 3RCD XQNBRKJAXBTZMN-UHFFFAOYSA-N seed101 162.769s
211/8070 SUCCESS EGFR/HER2 3POZ LWORINFAHRPALE-UHFFFAOYSA-N seed17 238.083s
212/8070 SUCCESS EGFR/HER2 3POZ LWORINFAHRPALE-UHFFFAOYSA-N seed29 236.797s
213/8070 SUCCESS EGFR/HER2 3POZ LWORINFAHRPALE-UHFFFAOYSA-N seed42 236.713s
214/8070 SUCCESS EGFR/HER2 3POZ LWORINFAHRPALE-UHFFFAOYSA-N seed71 239.596s
215/8070 SUCCESS EGFR/HER2 3RCD LWORINFAHRPALE-UHFFFAOYSA-N seed17 219.342s
216/8070 SUCCESS EGFR/HER2 3POZ LWORINFAHRPALE-UHFFFAOYSA-N seed101 235.689s
217/8070 SUCCESS EGFR/HER2 3RCD LWORINFAHRPALE-UHFFFAOYSA-N seed29 213.215s
218/8070 SUCCESS EGFR/HER2 3RCD LWORINFAHRPALE-UHFFFAOYSA-N seed42 211.267s
219/8070 SUCCESS EGFR/HER2 3POZ QQGZOWNAHJAXCG-UHFFFAOYSA-N seed17 128.49s
220/8070 SUCCESS EGFR/HER2 3POZ QQGZOWNAHJAXCG-UHFFFAOYSA-N seed29 127.45s
221/8070 SUCCESS EGFR/HER2 3RCD LWORINFAHRPALE-UHFFFAOYSA-N seed71 217.882s
222/8070 SUCCESS EGFR/HER2 3POZ QQGZOWNAHJAXCG-UHFFFAOYSA-N seed42 128.781s
223/8070 SUCCESS EGFR/HER2 3RCD LWORINFAHRPALE-UHFFFAOYSA-N seed101 218.185s
224/8070 SUCCESS EGFR/HER2 3POZ QQGZOWNAHJAXCG-UHFFFAOYSA-N seed71 131.775s
225/8070 SUCCESS EGFR/HER2 3RCD QQGZOWNAHJAXCG-UHFFFAOYSA-N seed17 106.707s
226/8070 SUCCESS EGFR/HER2 3POZ QQGZOWNAHJAXCG-UHFFFAOYSA-N seed101 130.677s
227/8070 SUCCESS EGFR/HER2 3RCD QQGZOWNAHJAXCG-UHFFFAOYSA-N seed29 109.502s
228/8070 SUCCESS EGFR/HER2 3POZ SQUSZMTZUQQFKO-UHFFFAOYSA-N seed17 56.99s
229/8070 SUCCESS EGFR/HER2 3RCD QQGZOWNAHJAXCG-UHFFFAOYSA-N seed42 110.545s
230/8070 SUCCESS EGFR/HER2 3POZ SQUSZMTZUQQFKO-UHFFFAOYSA-N seed29 56.936s
231/8070 SUCCESS EGFR/HER2 3RCD QQGZOWNAHJAXCG-UHFFFAOYSA-N seed71 109.844s
232/8070 SUCCESS EGFR/HER2 3RCD QQGZOWNAHJAXCG-UHFFFAOYSA-N seed101 106.949s
233/8070 SUCCESS EGFR/HER2 3POZ SQUSZMTZUQQFKO-UHFFFAOYSA-N seed42 56.329s
234/8070 SUCCESS EGFR/HER2 3POZ SQUSZMTZUQQFKO-UHFFFAOYSA-N seed71 56.143s
235/8070 SUCCESS EGFR/HER2 3POZ SQUSZMTZUQQFKO-UHFFFAOYSA-N seed101 55.815s
236/8070 SUCCESS EGFR/HER2 3RCD SQUSZMTZUQQFKO-UHFFFAOYSA-N seed17 55.791s
237/8070 SUCCESS EGFR/HER2 3RCD SQUSZMTZUQQFKO-UHFFFAOYSA-N seed29 54.756s
238/8070 SUCCESS EGFR/HER2 3RCD SQUSZMTZUQQFKO-UHFFFAOYSA-N seed42 55.228s
239/8070 SUCCESS EGFR/HER2 3POZ MSLIBSZZLAWHQM-UHFFFAOYSA-N seed17 35.621s
240/8070 SUCCESS EGFR/HER2 3POZ MSLIBSZZLAWHQM-UHFFFAOYSA-N seed29 35.262s
241/8070 SUCCESS EGFR/HER2 3RCD SQUSZMTZUQQFKO-UHFFFAOYSA-N seed71 53.866s
242/8070 SUCCESS EGFR/HER2 3POZ MSLIBSZZLAWHQM-UHFFFAOYSA-N seed42 35.174s
243/8070 SUCCESS EGFR/HER2 3RCD SQUSZMTZUQQFKO-UHFFFAOYSA-N seed101 53.285s
244/8070 SUCCESS EGFR/HER2 3POZ MSLIBSZZLAWHQM-UHFFFAOYSA-N seed71 35.118s
245/8070 SUCCESS EGFR/HER2 3POZ MSLIBSZZLAWHQM-UHFFFAOYSA-N seed101 34.373s
246/8070 SUCCESS EGFR/HER2 3RCD MSLIBSZZLAWHQM-UHFFFAOYSA-N seed29 34.216s
247/8070 SUCCESS EGFR/HER2 3RCD MSLIBSZZLAWHQM-UHFFFAOYSA-N seed17 34.672s
248/8070 SUCCESS EGFR/HER2 3RCD MSLIBSZZLAWHQM-UHFFFAOYSA-N seed42 33.983s
249/8070 SUCCESS EGFR/HER2 3RCD MSLIBSZZLAWHQM-UHFFFAOYSA-N seed71 35.036s
250/8070 SUCCESS EGFR/HER2 3RCD MSLIBSZZLAWHQM-UHFFFAOYSA-N seed101 34.505s
251/8070 SUCCESS EGFR/HER2 3RCD UBPYILGKFZZVDX-UHFFFAOYSA-N seed17 159.363s
252/8070 SUCCESS EGFR/HER2 3POZ UBPYILGKFZZVDX-UHFFFAOYSA-N seed17 196.727s
253/8070 SUCCESS EGFR/HER2 3POZ UBPYILGKFZZVDX-UHFFFAOYSA-N seed71 196.407s
254/8070 SUCCESS EGFR/HER2 3POZ UBPYILGKFZZVDX-UHFFFAOYSA-N seed29 200.024s
255/8070 SUCCESS EGFR/HER2 3POZ UBPYILGKFZZVDX-UHFFFAOYSA-N seed101 194.523s
256/8070 SUCCESS EGFR/HER2 3POZ UBPYILGKFZZVDX-UHFFFAOYSA-N seed42 201.094s
257/8070 SUCCESS EGFR/HER2 3POZ TUCIOBMMDDOEMM-RIYZIHGNSA-N seed17 36.877s
258/8070 SUCCESS EGFR/HER2 3POZ TUCIOBMMDDOEMM-RIYZIHGNSA-N seed29 36.998s
259/8070 SUCCESS EGFR/HER2 3POZ TUCIOBMMDDOEMM-RIYZIHGNSA-N seed42 36.438s
260/8070 SUCCESS EGFR/HER2 3POZ TUCIOBMMDDOEMM-RIYZIHGNSA-N seed71 36.444s
261/8070 SUCCESS EGFR/HER2 3POZ TUCIOBMMDDOEMM-RIYZIHGNSA-N seed101 36.973s
262/8070 SUCCESS EGFR/HER2 3RCD TUCIOBMMDDOEMM-RIYZIHGNSA-N seed17 36.516s
263/8070 SUCCESS EGFR/HER2 3RCD UBPYILGKFZZVDX-UHFFFAOYSA-N seed29 152.1s
264/8070 SUCCESS EGFR/HER2 3RCD TUCIOBMMDDOEMM-RIYZIHGNSA-N seed42 36.115s
265/8070 SUCCESS EGFR/HER2 3RCD UBPYILGKFZZVDX-UHFFFAOYSA-N seed42 152.606s
266/8070 SUCCESS EGFR/HER2 3RCD TUCIOBMMDDOEMM-RIYZIHGNSA-N seed29 36.388s
267/8070 SUCCESS EGFR/HER2 3RCD TUCIOBMMDDOEMM-RIYZIHGNSA-N seed71 35.73s
268/8070 SUCCESS EGFR/HER2 3RCD UBPYILGKFZZVDX-UHFFFAOYSA-N seed71 161.654s
269/8070 SUCCESS EGFR/HER2 3RCD UBPYILGKFZZVDX-UHFFFAOYSA-N seed101 167.526s
270/8070 SUCCESS EGFR/HER2 3RCD TUCIOBMMDDOEMM-RIYZIHGNSA-N seed101 37.846s
271/8070 SUCCESS EGFR/HER2 3POZ AXVWVFHQMYQWLK-UHFFFAOYSA-N seed71 631.049s
272/8070 SUCCESS EGFR/HER2 3POZ AXVWVFHQMYQWLK-UHFFFAOYSA-N seed42 634.553s
273/8070 SUCCESS EGFR/HER2 3POZ AXVWVFHQMYQWLK-UHFFFAOYSA-N seed101 639.628s
274/8070 SUCCESS EGFR/HER2 3POZ AXVWVFHQMYQWLK-UHFFFAOYSA-N seed29 671.25s
275/8070 SUCCESS EGFR/HER2 3POZ AXVWVFHQMYQWLK-UHFFFAOYSA-N seed17 674.759s
276/8070 SUCCESS EGFR/HER2 3RCD AXVWVFHQMYQWLK-UHFFFAOYSA-N seed17 651.297s
277/8070 SUCCESS EGFR/HER2 3POZ ABDIOQXDBJMGHB-QPJJXVBHSA-N seed17 67.584s
278/8070 SUCCESS EGFR/HER2 3POZ ABDIOQXDBJMGHB-QPJJXVBHSA-N seed29 68.5s
279/8070 SUCCESS EGFR/HER2 3POZ ABDIOQXDBJMGHB-QPJJXVBHSA-N seed42 67.526s
280/8070 SUCCESS EGFR/HER2 3POZ ABDIOQXDBJMGHB-QPJJXVBHSA-N seed71 67.274s
281/8070 SUCCESS EGFR/HER2 3POZ ABDIOQXDBJMGHB-QPJJXVBHSA-N seed101 65.895s
282/8070 SUCCESS EGFR/HER2 3RCD ABDIOQXDBJMGHB-QPJJXVBHSA-N seed17 68.316s
283/8070 SUCCESS EGFR/HER2 3RCD ABDIOQXDBJMGHB-QPJJXVBHSA-N seed29 66.036s
284/8070 SUCCESS EGFR/HER2 3RCD ABDIOQXDBJMGHB-QPJJXVBHSA-N seed42 68.92s
285/8070 SUCCESS EGFR/HER2 3RCD ABDIOQXDBJMGHB-QPJJXVBHSA-N seed71 66.243s
286/8070 SUCCESS EGFR/HER2 3RCD ABDIOQXDBJMGHB-QPJJXVBHSA-N seed101 65.408s
287/8070 SUCCESS EGFR/HER2 3POZ UMGQVUWXNOJOSJ-OQLLNIDSSA-N seed17 39.699s
288/8070 SUCCESS EGFR/HER2 3POZ UMGQVUWXNOJOSJ-OQLLNIDSSA-N seed29 39.554s
289/8070 SUCCESS EGFR/HER2 3POZ UMGQVUWXNOJOSJ-OQLLNIDSSA-N seed42 39.772s
290/8070 SUCCESS EGFR/HER2 3POZ UMGQVUWXNOJOSJ-OQLLNIDSSA-N seed71 39.529s
291/8070 SUCCESS EGFR/HER2 3POZ UMGQVUWXNOJOSJ-OQLLNIDSSA-N seed101 39.429s
292/8070 SUCCESS EGFR/HER2 3RCD UMGQVUWXNOJOSJ-OQLLNIDSSA-N seed17 39.52s
293/8070 SUCCESS EGFR/HER2 3RCD UMGQVUWXNOJOSJ-OQLLNIDSSA-N seed29 39.373s
294/8070 SUCCESS EGFR/HER2 3RCD UMGQVUWXNOJOSJ-OQLLNIDSSA-N seed42 39.334s
295/8070 SUCCESS EGFR/HER2 3RCD UMGQVUWXNOJOSJ-OQLLNIDSSA-N seed71 39.484s
296/8070 SUCCESS EGFR/HER2 3RCD UMGQVUWXNOJOSJ-OQLLNIDSSA-N seed101 39.587s
297/8070 SUCCESS EGFR/HER2 3RCD AXVWVFHQMYQWLK-UHFFFAOYSA-N seed29 629.512s
298/8070 SUCCESS EGFR/HER2 3RCD AXVWVFHQMYQWLK-UHFFFAOYSA-N seed42 654.148s
299/8070 SUCCESS EGFR/HER2 3POZ SSDFTYWIYVWCIE-KDURUIRLSA-N seed17 106.585s
300/8070 SUCCESS EGFR/HER2 3RCD AXVWVFHQMYQWLK-UHFFFAOYSA-N seed101 647.979s
301/8070 SUCCESS EGFR/HER2 3RCD AXVWVFHQMYQWLK-UHFFFAOYSA-N seed71 663.738s
302/8070 SUCCESS EGFR/HER2 3POZ SSDFTYWIYVWCIE-KDURUIRLSA-N seed29 105.514s
303/8070 SUCCESS EGFR/HER2 3POZ SSDFTYWIYVWCIE-KDURUIRLSA-N seed42 105.728s
304/8070 SUCCESS EGFR/HER2 3POZ SSDFTYWIYVWCIE-KDURUIRLSA-N seed71 102.321s
305/8070 SUCCESS EGFR/HER2 3RCD SSDFTYWIYVWCIE-KDURUIRLSA-N seed17 81.987s
306/8070 SUCCESS EGFR/HER2 3RCD SSDFTYWIYVWCIE-KDURUIRLSA-N seed29 82.223s
307/8070 SUCCESS EGFR/HER2 3POZ SSDFTYWIYVWCIE-KDURUIRLSA-N seed101 99.761s
308/8070 SUCCESS EGFR/HER2 3RCD SSDFTYWIYVWCIE-KDURUIRLSA-N seed42 83.051s
309/8070 SUCCESS EGFR/HER2 3RCD SSDFTYWIYVWCIE-KDURUIRLSA-N seed71 83.358s
310/8070 SUCCESS EGFR/HER2 3RCD SSDFTYWIYVWCIE-KDURUIRLSA-N seed101 83.916s
311/8070 SUCCESS EGFR/HER2 3POZ DENWVAYZRYZBAE-UHFFFAOYSA-N seed17 139.125s
312/8070 SUCCESS EGFR/HER2 3POZ DENWVAYZRYZBAE-UHFFFAOYSA-N seed29 136.62s
313/8070 SUCCESS EGFR/HER2 3POZ DENWVAYZRYZBAE-UHFFFAOYSA-N seed42 139.832s
314/8070 SUCCESS EGFR/HER2 3POZ DENWVAYZRYZBAE-UHFFFAOYSA-N seed71 139.257s
315/8070 SUCCESS EGFR/HER2 3RCD DENWVAYZRYZBAE-UHFFFAOYSA-N seed17 113.871s
316/8070 SUCCESS EGFR/HER2 3POZ DENWVAYZRYZBAE-UHFFFAOYSA-N seed101 137.78s
317/8070 SUCCESS EGFR/HER2 3RCD DENWVAYZRYZBAE-UHFFFAOYSA-N seed29 114.552s
318/8070 SUCCESS EGFR/HER2 3RCD DENWVAYZRYZBAE-UHFFFAOYSA-N seed42 112.565s
319/8070 SUCCESS EGFR/HER2 3RCD DENWVAYZRYZBAE-UHFFFAOYSA-N seed101 112.458s
320/8070 SUCCESS EGFR/HER2 3RCD DENWVAYZRYZBAE-UHFFFAOYSA-N seed71 115.075s
321/8070 SUCCESS EGFR/HER2 3POZ WMXPSZOEUWJJHU-VMPITWQZSA-N seed17 159.463s
322/8070 SUCCESS EGFR/HER2 3POZ WMXPSZOEUWJJHU-VMPITWQZSA-N seed29 161.041s
323/8070 SUCCESS EGFR/HER2 3RCD WMXPSZOEUWJJHU-VMPITWQZSA-N seed17 148.814s
324/8070 SUCCESS EGFR/HER2 3POZ WMXPSZOEUWJJHU-VMPITWQZSA-N seed71 161.588s
325/8070 SUCCESS EGFR/HER2 3POZ WMXPSZOEUWJJHU-VMPITWQZSA-N seed42 168.27s
326/8070 SUCCESS EGFR/HER2 3POZ WMXPSZOEUWJJHU-VMPITWQZSA-N seed101 158.951s
327/8070 SUCCESS EGFR/HER2 3POZ SSNRTALFAXFKNE-UHFFFAOYSA-N seed17 38.148s
328/8070 SUCCESS EGFR/HER2 3POZ SSNRTALFAXFKNE-UHFFFAOYSA-N seed29 38.293s
329/8070 SUCCESS EGFR/HER2 3POZ SSNRTALFAXFKNE-UHFFFAOYSA-N seed42 38.29s
330/8070 SUCCESS EGFR/HER2 3POZ SSNRTALFAXFKNE-UHFFFAOYSA-N seed71 38.291s
331/8070 SUCCESS EGFR/HER2 3RCD WMXPSZOEUWJJHU-VMPITWQZSA-N seed29 148.252s
332/8070 SUCCESS EGFR/HER2 3RCD WMXPSZOEUWJJHU-VMPITWQZSA-N seed42 146.166s
333/8070 SUCCESS EGFR/HER2 3POZ SSNRTALFAXFKNE-UHFFFAOYSA-N seed101 37.434s
334/8070 SUCCESS EGFR/HER2 3RCD SSNRTALFAXFKNE-UHFFFAOYSA-N seed17 37.73s
335/8070 SUCCESS EGFR/HER2 3RCD SSNRTALFAXFKNE-UHFFFAOYSA-N seed29 37.376s
336/8070 SUCCESS EGFR/HER2 3RCD SSNRTALFAXFKNE-UHFFFAOYSA-N seed42 38.076s
337/8070 SUCCESS EGFR/HER2 3RCD WMXPSZOEUWJJHU-VMPITWQZSA-N seed71 141.907s
338/8070 SUCCESS EGFR/HER2 3RCD WMXPSZOEUWJJHU-VMPITWQZSA-N seed101 142.464s
339/8070 SUCCESS EGFR/HER2 3RCD SSNRTALFAXFKNE-UHFFFAOYSA-N seed71 37.734s
340/8070 SUCCESS EGFR/HER2 3RCD SSNRTALFAXFKNE-UHFFFAOYSA-N seed101 37.491s
341/8070 SUCCESS EGFR/HER2 3POZ XSFGXVBMHUSTNL-UHFFFAOYSA-N seed17 46.077s
342/8070 SUCCESS EGFR/HER2 3POZ XSFGXVBMHUSTNL-UHFFFAOYSA-N seed29 46.025s
343/8070 SUCCESS EGFR/HER2 3POZ XSFGXVBMHUSTNL-UHFFFAOYSA-N seed42 45.807s
344/8070 SUCCESS EGFR/HER2 3POZ XSFGXVBMHUSTNL-UHFFFAOYSA-N seed71 45.624s
345/8070 SUCCESS EGFR/HER2 3POZ XSFGXVBMHUSTNL-UHFFFAOYSA-N seed101 45.651s
346/8070 SUCCESS EGFR/HER2 3RCD XSFGXVBMHUSTNL-UHFFFAOYSA-N seed17 45.487s
347/8070 SUCCESS EGFR/HER2 3RCD XSFGXVBMHUSTNL-UHFFFAOYSA-N seed29 45.014s
348/8070 SUCCESS EGFR/HER2 3RCD XSFGXVBMHUSTNL-UHFFFAOYSA-N seed42 45.138s
349/8070 SUCCESS EGFR/HER2 3POZ HKHOVJYOELRGMV-XYOKQWHBSA-N seed17 27.832s
350/8070 SUCCESS EGFR/HER2 3RCD XSFGXVBMHUSTNL-UHFFFAOYSA-N seed71 44.728s
351/8070 SUCCESS EGFR/HER2 3POZ HKHOVJYOELRGMV-XYOKQWHBSA-N seed29 27.599s
352/8070 SUCCESS EGFR/HER2 3RCD XSFGXVBMHUSTNL-UHFFFAOYSA-N seed101 44.775s
353/8070 SUCCESS EGFR/HER2 3POZ HKHOVJYOELRGMV-XYOKQWHBSA-N seed42 27.313s
354/8070 SUCCESS EGFR/HER2 3POZ HKHOVJYOELRGMV-XYOKQWHBSA-N seed71 27.074s
355/8070 SUCCESS EGFR/HER2 3POZ HKHOVJYOELRGMV-XYOKQWHBSA-N seed101 27.336s
356/8070 SUCCESS EGFR/HER2 3RCD HKHOVJYOELRGMV-XYOKQWHBSA-N seed17 27.884s
357/8070 SUCCESS EGFR/HER2 3RCD HKHOVJYOELRGMV-XYOKQWHBSA-N seed29 27.63s
358/8070 SUCCESS EGFR/HER2 3RCD HKHOVJYOELRGMV-XYOKQWHBSA-N seed42 27.563s
359/8070 SUCCESS EGFR/HER2 3RCD HKHOVJYOELRGMV-XYOKQWHBSA-N seed71 27.657s
360/8070 SUCCESS EGFR/HER2 3RCD HKHOVJYOELRGMV-XYOKQWHBSA-N seed101 27.808s
361/8070 SUCCESS EGFR/HER2 3POZ CDMGBJANTYXAIV-UHFFFAOYSA-N seed17 38.493s
362/8070 SUCCESS EGFR/HER2 3POZ CDMGBJANTYXAIV-UHFFFAOYSA-N seed29 37.949s
363/8070 SUCCESS EGFR/HER2 3POZ CDMGBJANTYXAIV-UHFFFAOYSA-N seed71 37.765s
364/8070 SUCCESS EGFR/HER2 3POZ CDMGBJANTYXAIV-UHFFFAOYSA-N seed42 38.802s
365/8070 SUCCESS EGFR/HER2 3POZ CDMGBJANTYXAIV-UHFFFAOYSA-N seed101 38.579s
366/8070 SUCCESS EGFR/HER2 3RCD CDMGBJANTYXAIV-UHFFFAOYSA-N seed17 37.799s
367/8070 SUCCESS EGFR/HER2 3RCD CDMGBJANTYXAIV-UHFFFAOYSA-N seed29 37.776s
368/8070 SUCCESS EGFR/HER2 3RCD CDMGBJANTYXAIV-UHFFFAOYSA-N seed42 37.981s
369/8070 SUCCESS EGFR/HER2 3RCD CDMGBJANTYXAIV-UHFFFAOYSA-N seed101 37.259s
370/8070 SUCCESS EGFR/HER2 3RCD CDMGBJANTYXAIV-UHFFFAOYSA-N seed71 38.103s
371/8070 SUCCESS EGFR/HER2 3RCD FRQFIGQZHAECJO-FNORWQNLSA-N seed17 184.599s
372/8070 SUCCESS EGFR/HER2 3POZ FRQFIGQZHAECJO-FNORWQNLSA-N seed29 219.47s
373/8070 SUCCESS EGFR/HER2 3POZ FRQFIGQZHAECJO-FNORWQNLSA-N seed17 237.784s
374/8070 SUCCESS EGFR/HER2 3POZ FRQFIGQZHAECJO-FNORWQNLSA-N seed42 216.98s
375/8070 SUCCESS EGFR/HER2 3POZ FRQFIGQZHAECJO-FNORWQNLSA-N seed101 222.073s
376/8070 SUCCESS EGFR/HER2 3POZ FRQFIGQZHAECJO-FNORWQNLSA-N seed71 225.572s
377/8070 SUCCESS EGFR/HER2 3POZ ZCKGARDCKJFLRH-UHFFFAOYSA-N seed17 39.223s
378/8070 SUCCESS EGFR/HER2 3POZ ZCKGARDCKJFLRH-UHFFFAOYSA-N seed29 39.808s
379/8070 SUCCESS EGFR/HER2 3POZ ZCKGARDCKJFLRH-UHFFFAOYSA-N seed42 39.2s
380/8070 SUCCESS EGFR/HER2 3POZ ZCKGARDCKJFLRH-UHFFFAOYSA-N seed71 39.381s
381/8070 SUCCESS EGFR/HER2 3POZ ZCKGARDCKJFLRH-UHFFFAOYSA-N seed101 39.752s
382/8070 SUCCESS EGFR/HER2 3RCD ZCKGARDCKJFLRH-UHFFFAOYSA-N seed17 40.818s
383/8070 SUCCESS EGFR/HER2 3RCD FRQFIGQZHAECJO-FNORWQNLSA-N seed29 177.369s
384/8070 SUCCESS EGFR/HER2 3RCD FRQFIGQZHAECJO-FNORWQNLSA-N seed42 168.917s
385/8070 SUCCESS EGFR/HER2 3RCD ZCKGARDCKJFLRH-UHFFFAOYSA-N seed29 38.981s
386/8070 SUCCESS EGFR/HER2 3RCD ZCKGARDCKJFLRH-UHFFFAOYSA-N seed42 39.326s
387/8070 SUCCESS EGFR/HER2 3RCD FRQFIGQZHAECJO-FNORWQNLSA-N seed101 169.867s
388/8070 SUCCESS EGFR/HER2 3RCD FRQFIGQZHAECJO-FNORWQNLSA-N seed71 176.191s
389/8070 SUCCESS EGFR/HER2 3RCD ZCKGARDCKJFLRH-UHFFFAOYSA-N seed71 39.411s
390/8070 SUCCESS EGFR/HER2 3RCD ZCKGARDCKJFLRH-UHFFFAOYSA-N seed101 39.374s
391/8070 SUCCESS EGFR/HER2 3RCD CDDJNPZYBJNIRP-UHFFFAOYSA-N seed17 211.687s
392/8070 SUCCESS EGFR/HER2 3POZ CDDJNPZYBJNIRP-UHFFFAOYSA-N seed17 242.655s
393/8070 SUCCESS EGFR/HER2 3POZ CDDJNPZYBJNIRP-UHFFFAOYSA-N seed71 235.949s
394/8070 SUCCESS EGFR/HER2 3POZ CDDJNPZYBJNIRP-UHFFFAOYSA-N seed42 239.131s
395/8070 SUCCESS EGFR/HER2 3POZ CDDJNPZYBJNIRP-UHFFFAOYSA-N seed101 227.292s
396/8070 SUCCESS EGFR/HER2 3POZ CDDJNPZYBJNIRP-UHFFFAOYSA-N seed29 249.748s
397/8070 SUCCESS EGFR/HER2 3RCD CDDJNPZYBJNIRP-UHFFFAOYSA-N seed29 211.656s
398/8070 SUCCESS EGFR/HER2 3RCD CDDJNPZYBJNIRP-UHFFFAOYSA-N seed42 213.301s
399/8070 SUCCESS EGFR/HER2 3RCD CDDJNPZYBJNIRP-UHFFFAOYSA-N seed101 211.446s
400/8070 SUCCESS EGFR/HER2 3RCD CDDJNPZYBJNIRP-UHFFFAOYSA-N seed71 218.849s
401/8070 SUCCESS EGFR/HER2 3POZ PTKRHBXNNDLRPO-OAQYLSRUSA-N seed17 225.856s
402/8070 SUCCESS EGFR/HER2 3POZ PTKRHBXNNDLRPO-OAQYLSRUSA-N seed29 231.617s
403/8070 SUCCESS EGFR/HER2 3RCD PTKRHBXNNDLRPO-OAQYLSRUSA-N seed17 203.197s
404/8070 SUCCESS EGFR/HER2 3POZ PTKRHBXNNDLRPO-OAQYLSRUSA-N seed42 227.34s
405/8070 SUCCESS EGFR/HER2 3POZ PTKRHBXNNDLRPO-OAQYLSRUSA-N seed71 223.418s
406/8070 SUCCESS EGFR/HER2 3RCD PTKRHBXNNDLRPO-OAQYLSRUSA-N seed29 207.473s
407/8070 SUCCESS EGFR/HER2 3POZ PTKRHBXNNDLRPO-OAQYLSRUSA-N seed101 229.489s
408/8070 SUCCESS EGFR/HER2 3RCD PTKRHBXNNDLRPO-OAQYLSRUSA-N seed42 216.126s
409/8070 SUCCESS EGFR/HER2 3RCD PTKRHBXNNDLRPO-OAQYLSRUSA-N seed101 200.755s
410/8070 SUCCESS EGFR/HER2 3RCD PTKRHBXNNDLRPO-OAQYLSRUSA-N seed71 221.649s
411/8070 SUCCESS EGFR/HER2 3POZ RHKOFLSVENLYDP-LJQANCHMSA-N seed17 225.015s
412/8070 SUCCESS EGFR/HER2 3POZ RHKOFLSVENLYDP-LJQANCHMSA-N seed29 222.621s
413/8070 SUCCESS EGFR/HER2 3POZ RHKOFLSVENLYDP-LJQANCHMSA-N seed42 227.124s
414/8070 SUCCESS EGFR/HER2 3POZ RHKOFLSVENLYDP-LJQANCHMSA-N seed71 229.923s
415/8070 SUCCESS EGFR/HER2 3RCD RHKOFLSVENLYDP-LJQANCHMSA-N seed17 206.399s
416/8070 SUCCESS EGFR/HER2 3POZ RHKOFLSVENLYDP-LJQANCHMSA-N seed101 223.569s
417/8070 SUCCESS EGFR/HER2 3RCD RHKOFLSVENLYDP-LJQANCHMSA-N seed42 208.603s
418/8070 SUCCESS EGFR/HER2 3RCD RHKOFLSVENLYDP-LJQANCHMSA-N seed29 210.447s
419/8070 SUCCESS EGFR/HER2 3RCD RHKOFLSVENLYDP-LJQANCHMSA-N seed71 213.159s
420/8070 SUCCESS EGFR/HER2 3RCD RHKOFLSVENLYDP-LJQANCHMSA-N seed101 214.492s
421/8070 SUCCESS EGFR/HER2 3POZ IDQNCHCNBVCUHC-UHFFFAOYSA-N seed29 246.241s
422/8070 SUCCESS EGFR/HER2 3POZ IDQNCHCNBVCUHC-UHFFFAOYSA-N seed17 253.93s
423/8070 SUCCESS EGFR/HER2 3RCD IDQNCHCNBVCUHC-UHFFFAOYSA-N seed17 217.33s
424/8070 SUCCESS EGFR/HER2 3POZ IDQNCHCNBVCUHC-UHFFFAOYSA-N seed101 240.754s
425/8070 SUCCESS EGFR/HER2 3POZ IDQNCHCNBVCUHC-UHFFFAOYSA-N seed42 256.009s
426/8070 SUCCESS EGFR/HER2 3POZ IDQNCHCNBVCUHC-UHFFFAOYSA-N seed71 257.988s
427/8070 SUCCESS EGFR/HER2 3POZ KXUBSQUYDKKQTR-UHFFFAOYSA-N seed17 163.253s
428/8070 SUCCESS EGFR/HER2 3POZ KXUBSQUYDKKQTR-UHFFFAOYSA-N seed29 173.197s
429/8070 SUCCESS EGFR/HER2 3RCD IDQNCHCNBVCUHC-UHFFFAOYSA-N seed29 212.53s
430/8070 SUCCESS EGFR/HER2 3RCD IDQNCHCNBVCUHC-UHFFFAOYSA-N seed42 216.65s
431/8070 SUCCESS EGFR/HER2 3RCD IDQNCHCNBVCUHC-UHFFFAOYSA-N seed71 206.34s
432/8070 SUCCESS EGFR/HER2 3RCD IDQNCHCNBVCUHC-UHFFFAOYSA-N seed101 229.328s
433/8070 SUCCESS EGFR/HER2 3POZ KXUBSQUYDKKQTR-UHFFFAOYSA-N seed42 163.789s
434/8070 SUCCESS EGFR/HER2 3RCD KXUBSQUYDKKQTR-UHFFFAOYSA-N seed17 138.076s
435/8070 SUCCESS EGFR/HER2 3POZ KXUBSQUYDKKQTR-UHFFFAOYSA-N seed71 164.233s
436/8070 SUCCESS EGFR/HER2 3RCD KXUBSQUYDKKQTR-UHFFFAOYSA-N seed29 141.685s
437/8070 SUCCESS EGFR/HER2 3POZ KXUBSQUYDKKQTR-UHFFFAOYSA-N seed101 162.209s
438/8070 SUCCESS EGFR/HER2 3RCD KXUBSQUYDKKQTR-UHFFFAOYSA-N seed42 135.602s
439/8070 SUCCESS EGFR/HER2 3RCD KXUBSQUYDKKQTR-UHFFFAOYSA-N seed71 131.232s
440/8070 SUCCESS EGFR/HER2 3RCD KXUBSQUYDKKQTR-UHFFFAOYSA-N seed101 131.685s
441/8070 SUCCESS EGFR/HER2 3POZ DLQXAWIVHRHOQT-MEMLXQNLSA-N seed17 133.02s
442/8070 SUCCESS EGFR/HER2 3POZ DLQXAWIVHRHOQT-MEMLXQNLSA-N seed29 132.64s
443/8070 SUCCESS EGFR/HER2 3POZ DLQXAWIVHRHOQT-MEMLXQNLSA-N seed71 133.121s
444/8070 SUCCESS EGFR/HER2 3POZ DLQXAWIVHRHOQT-MEMLXQNLSA-N seed42 149.273s
445/8070 SUCCESS EGFR/HER2 3RCD DLQXAWIVHRHOQT-MEMLXQNLSA-N seed17 107.223s
446/8070 SUCCESS EGFR/HER2 3RCD DLQXAWIVHRHOQT-MEMLXQNLSA-N seed42 102.949s
447/8070 SUCCESS EGFR/HER2 3RCD DLQXAWIVHRHOQT-MEMLXQNLSA-N seed29 106.508s
448/8070 SUCCESS EGFR/HER2 3POZ DLQXAWIVHRHOQT-MEMLXQNLSA-N seed101 133.754s
449/8070 SUCCESS EGFR/HER2 3RCD DLQXAWIVHRHOQT-MEMLXQNLSA-N seed71 103.991s
450/8070 SUCCESS EGFR/HER2 3RCD DLQXAWIVHRHOQT-MEMLXQNLSA-N seed101 118.502s
451/8070 SUCCESS EGFR/HER2 3POZ YZQDBWXUDUMPDB-UHFFFAOYSA-N seed42 244.597s
452/8070 SUCCESS EGFR/HER2 3POZ YZQDBWXUDUMPDB-UHFFFAOYSA-N seed29 251.251s
453/8070 SUCCESS EGFR/HER2 3POZ YZQDBWXUDUMPDB-UHFFFAOYSA-N seed17 275.202s
454/8070 SUCCESS EGFR/HER2 3RCD YZQDBWXUDUMPDB-UHFFFAOYSA-N seed17 233.556s
455/8070 SUCCESS EGFR/HER2 3POZ YZQDBWXUDUMPDB-UHFFFAOYSA-N seed71 267.811s
456/8070 SUCCESS EGFR/HER2 3POZ YZQDBWXUDUMPDB-UHFFFAOYSA-N seed101 271.064s
457/8070 SUCCESS EGFR/HER2 3RCD YZQDBWXUDUMPDB-UHFFFAOYSA-N seed42 219.568s
458/8070 SUCCESS EGFR/HER2 3RCD YZQDBWXUDUMPDB-UHFFFAOYSA-N seed29 227.742s
459/8070 SUCCESS EGFR/HER2 3RCD YZQDBWXUDUMPDB-UHFFFAOYSA-N seed71 218.557s
460/8070 SUCCESS EGFR/HER2 3RCD YZQDBWXUDUMPDB-UHFFFAOYSA-N seed101 220.447s
461/8070 SUCCESS EGFR/HER2 3POZ KHOPHRHAXOWMRK-UHFFFAOYSA-N seed17 215.401s
462/8070 SUCCESS EGFR/HER2 3POZ KHOPHRHAXOWMRK-UHFFFAOYSA-N seed29 222.668s
463/8070 SUCCESS EGFR/HER2 3POZ KHOPHRHAXOWMRK-UHFFFAOYSA-N seed71 222.61s
464/8070 SUCCESS EGFR/HER2 3POZ KHOPHRHAXOWMRK-UHFFFAOYSA-N seed101 211.715s
465/8070 SUCCESS EGFR/HER2 3POZ KHOPHRHAXOWMRK-UHFFFAOYSA-N seed42 236.401s
466/8070 SUCCESS EGFR/HER2 3RCD KHOPHRHAXOWMRK-UHFFFAOYSA-N seed29 229.98s
467/8070 SUCCESS EGFR/HER2 3RCD KHOPHRHAXOWMRK-UHFFFAOYSA-N seed17 234.688s
468/8070 SUCCESS EGFR/HER2 3RCD KHOPHRHAXOWMRK-UHFFFAOYSA-N seed42 234.579s
469/8070 SUCCESS EGFR/HER2 3POZ SKBWQUPLWQUWPH-WGSAOQKQSA-N seed17 156.402s
470/8070 SUCCESS EGFR/HER2 3POZ SKBWQUPLWQUWPH-WGSAOQKQSA-N seed29 156.318s
471/8070 SUCCESS EGFR/HER2 3POZ SKBWQUPLWQUWPH-WGSAOQKQSA-N seed42 167.208s
472/8070 SUCCESS EGFR/HER2 3POZ SKBWQUPLWQUWPH-WGSAOQKQSA-N seed71 161.004s
473/8070 SUCCESS EGFR/HER2 3RCD KHOPHRHAXOWMRK-UHFFFAOYSA-N seed71 220.725s
474/8070 SUCCESS EGFR/HER2 3RCD KHOPHRHAXOWMRK-UHFFFAOYSA-N seed101 252.359s
475/8070 SUCCESS EGFR/HER2 3POZ SKBWQUPLWQUWPH-WGSAOQKQSA-N seed101 145.513s
476/8070 SUCCESS EGFR/HER2 3RCD SKBWQUPLWQUWPH-WGSAOQKQSA-N seed17 126.607s
477/8070 SUCCESS EGFR/HER2 3RCD SKBWQUPLWQUWPH-WGSAOQKQSA-N seed29 129.562s
478/8070 SUCCESS EGFR/HER2 3RCD SKBWQUPLWQUWPH-WGSAOQKQSA-N seed71 123.213s
479/8070 SUCCESS EGFR/HER2 3RCD SKBWQUPLWQUWPH-WGSAOQKQSA-N seed42 140.123s
480/8070 SUCCESS EGFR/HER2 3RCD SKBWQUPLWQUWPH-WGSAOQKQSA-N seed101 133.369s
481/8070 SUCCESS EGFR/HER2 3POZ PBDWKKSYCSLCRJ-UHFFFAOYSA-N seed17 231.688s
482/8070 SUCCESS EGFR/HER2 3POZ PBDWKKSYCSLCRJ-UHFFFAOYSA-N seed29 257.703s
483/8070 SUCCESS EGFR/HER2 3POZ PBDWKKSYCSLCRJ-UHFFFAOYSA-N seed71 228.062s
484/8070 SUCCESS EGFR/HER2 3POZ PBDWKKSYCSLCRJ-UHFFFAOYSA-N seed42 245.251s
485/8070 SUCCESS EGFR/HER2 3POZ PBDWKKSYCSLCRJ-UHFFFAOYSA-N seed101 229.281s
486/8070 SUCCESS EGFR/HER2 3RCD PBDWKKSYCSLCRJ-UHFFFAOYSA-N seed17 209.54s
487/8070 SUCCESS EGFR/HER2 3RCD PBDWKKSYCSLCRJ-UHFFFAOYSA-N seed29 209.352s
488/8070 SUCCESS EGFR/HER2 3RCD PBDWKKSYCSLCRJ-UHFFFAOYSA-N seed42 202.827s
489/8070 SUCCESS EGFR/HER2 3RCD PBDWKKSYCSLCRJ-UHFFFAOYSA-N seed71 206.221s
490/8070 SUCCESS EGFR/HER2 3RCD PBDWKKSYCSLCRJ-UHFFFAOYSA-N seed101 209.476s
491/8070 SUCCESS EGFR/HER2 3POZ HXMKNGQXLJHQDQ-KRWDZBQOSA-N seed17 262.883s
492/8070 SUCCESS EGFR/HER2 3POZ HXMKNGQXLJHQDQ-KRWDZBQOSA-N seed29 260.845s
493/8070 SUCCESS EGFR/HER2 3POZ HXMKNGQXLJHQDQ-KRWDZBQOSA-N seed42 269.506s
494/8070 SUCCESS EGFR/HER2 3RCD HXMKNGQXLJHQDQ-KRWDZBQOSA-N seed17 243.321s
495/8070 SUCCESS EGFR/HER2 3POZ HXMKNGQXLJHQDQ-KRWDZBQOSA-N seed71 268.548s
496/8070 SUCCESS EGFR/HER2 3POZ HXMKNGQXLJHQDQ-KRWDZBQOSA-N seed101 265.964s
497/8070 SUCCESS EGFR/HER2 3RCD HXMKNGQXLJHQDQ-KRWDZBQOSA-N seed29 240.4s
498/8070 SUCCESS EGFR/HER2 3RCD HXMKNGQXLJHQDQ-KRWDZBQOSA-N seed42 236.201s
499/8070 SUCCESS EGFR/HER2 3POZ NGKDXIDMJWVNHU-UHFFFAOYSA-N seed17 123.086s
500/8070 SUCCESS EGFR/HER2 3POZ NGKDXIDMJWVNHU-UHFFFAOYSA-N seed29 122.067s
501/8070 SUCCESS EGFR/HER2 3POZ NGKDXIDMJWVNHU-UHFFFAOYSA-N seed42 120.28s
502/8070 SUCCESS EGFR/HER2 3POZ NGKDXIDMJWVNHU-UHFFFAOYSA-N seed71 120.953s
503/8070 SUCCESS EGFR/HER2 3RCD HXMKNGQXLJHQDQ-KRWDZBQOSA-N seed71 239.368s
504/8070 SUCCESS EGFR/HER2 3RCD HXMKNGQXLJHQDQ-KRWDZBQOSA-N seed101 238.44s
505/8070 SUCCESS EGFR/HER2 3RCD NGKDXIDMJWVNHU-UHFFFAOYSA-N seed17 103.198s
506/8070 SUCCESS EGFR/HER2 3POZ NGKDXIDMJWVNHU-UHFFFAOYSA-N seed101 118.165s
507/8070 SUCCESS EGFR/HER2 3RCD NGKDXIDMJWVNHU-UHFFFAOYSA-N seed29 103.089s
508/8070 SUCCESS EGFR/HER2 3RCD NGKDXIDMJWVNHU-UHFFFAOYSA-N seed42 102.955s
509/8070 SUCCESS EGFR/HER2 3RCD NGKDXIDMJWVNHU-UHFFFAOYSA-N seed71 101.983s
510/8070 SUCCESS EGFR/HER2 3RCD NGKDXIDMJWVNHU-UHFFFAOYSA-N seed101 99.752s
511/8070 SUCCESS EGFR/HER2 3POZ SPDLQTAUFKKTCR-PMOLBWCYSA-N seed17 173.214s
512/8070 SUCCESS EGFR/HER2 3POZ SPDLQTAUFKKTCR-PMOLBWCYSA-N seed29 180.49s
513/8070 SUCCESS EGFR/HER2 3POZ SPDLQTAUFKKTCR-PMOLBWCYSA-N seed42 189.569s
514/8070 SUCCESS EGFR/HER2 3POZ SPDLQTAUFKKTCR-PMOLBWCYSA-N seed71 186.109s
515/8070 SUCCESS EGFR/HER2 3RCD SPDLQTAUFKKTCR-PMOLBWCYSA-N seed17 151.693s
516/8070 SUCCESS EGFR/HER2 3POZ SPDLQTAUFKKTCR-PMOLBWCYSA-N seed101 198.233s
517/8070 SUCCESS EGFR/HER2 3RCD SPDLQTAUFKKTCR-PMOLBWCYSA-N seed29 152.289s
518/8070 SUCCESS EGFR/HER2 3RCD SPDLQTAUFKKTCR-PMOLBWCYSA-N seed42 157.946s
519/8070 SUCCESS EGFR/HER2 3RCD SPDLQTAUFKKTCR-PMOLBWCYSA-N seed71 155.337s
520/8070 SUCCESS EGFR/HER2 3RCD SPDLQTAUFKKTCR-PMOLBWCYSA-N seed101 151.945s
521/8070 SUCCESS EGFR/HER2 3POZ UVCRUPLTNLNJDD-DEOSSOPVSA-N seed17 280.572s
522/8070 SUCCESS EGFR/HER2 3POZ UVCRUPLTNLNJDD-DEOSSOPVSA-N seed29 251.036s
523/8070 SUCCESS EGFR/HER2 3POZ UVCRUPLTNLNJDD-DEOSSOPVSA-N seed42 281.059s
524/8070 SUCCESS EGFR/HER2 3POZ UVCRUPLTNLNJDD-DEOSSOPVSA-N seed71 271.583s
525/8070 SUCCESS EGFR/HER2 3RCD UVCRUPLTNLNJDD-DEOSSOPVSA-N seed17 252.397s
526/8070 SUCCESS EGFR/HER2 3POZ UVCRUPLTNLNJDD-DEOSSOPVSA-N seed101 269.681s
527/8070 SUCCESS EGFR/HER2 3POZ KXDONFLNGBQLTN-WUXMJOGZSA-N seed17 71.23s
528/8070 SUCCESS EGFR/HER2 3POZ KXDONFLNGBQLTN-WUXMJOGZSA-N seed29 71.645s
529/8070 SUCCESS EGFR/HER2 3RCD UVCRUPLTNLNJDD-DEOSSOPVSA-N seed29 213.361s
530/8070 SUCCESS EGFR/HER2 3POZ KXDONFLNGBQLTN-WUXMJOGZSA-N seed42 69.93s
531/8070 SUCCESS EGFR/HER2 3RCD UVCRUPLTNLNJDD-DEOSSOPVSA-N seed42 244.542s
532/8070 SUCCESS EGFR/HER2 3POZ KXDONFLNGBQLTN-WUXMJOGZSA-N seed71 70.918s
533/8070 SUCCESS EGFR/HER2 3POZ KXDONFLNGBQLTN-WUXMJOGZSA-N seed101 69.715s
534/8070 SUCCESS EGFR/HER2 3RCD UVCRUPLTNLNJDD-DEOSSOPVSA-N seed71 232.421s
535/8070 SUCCESS EGFR/HER2 3RCD KXDONFLNGBQLTN-WUXMJOGZSA-N seed17 66.527s
536/8070 SUCCESS EGFR/HER2 3RCD KXDONFLNGBQLTN-WUXMJOGZSA-N seed29 66.28s
537/8070 SUCCESS EGFR/HER2 3RCD KXDONFLNGBQLTN-WUXMJOGZSA-N seed42 67.204s
538/8070 SUCCESS EGFR/HER2 3RCD UVCRUPLTNLNJDD-DEOSSOPVSA-N seed101 242.164s
539/8070 SUCCESS EGFR/HER2 3RCD KXDONFLNGBQLTN-WUXMJOGZSA-N seed71 68.003s
540/8070 SUCCESS EGFR/HER2 3RCD KXDONFLNGBQLTN-WUXMJOGZSA-N seed101 66.257s
541/8070 SUCCESS EGFR/HER2 3POZ XNXUDGXKTVZKLB-GOSISDBHSA-N seed17 140.088s
542/8070 SUCCESS EGFR/HER2 3POZ XNXUDGXKTVZKLB-GOSISDBHSA-N seed29 143.057s
543/8070 SUCCESS EGFR/HER2 3POZ XNXUDGXKTVZKLB-GOSISDBHSA-N seed71 142.005s
544/8070 SUCCESS EGFR/HER2 3POZ XNXUDGXKTVZKLB-GOSISDBHSA-N seed42 144.904s
545/8070 SUCCESS EGFR/HER2 3POZ XNXUDGXKTVZKLB-GOSISDBHSA-N seed101 140.27s
546/8070 SUCCESS EGFR/HER2 3RCD XNXUDGXKTVZKLB-GOSISDBHSA-N seed17 139.427s
547/8070 SUCCESS EGFR/HER2 3RCD XNXUDGXKTVZKLB-GOSISDBHSA-N seed29 140.113s
548/8070 SUCCESS EGFR/HER2 3RCD XNXUDGXKTVZKLB-GOSISDBHSA-N seed42 136.088s
549/8070 SUCCESS EGFR/HER2 3RCD XNXUDGXKTVZKLB-GOSISDBHSA-N seed71 137.187s
550/8070 SUCCESS EGFR/HER2 3RCD XNXUDGXKTVZKLB-GOSISDBHSA-N seed101 139.907s
551/8070 SUCCESS EGFR/HER2 3POZ UOLDQEKGGZFSIN-UHFFFAOYSA-N seed17 137.263s
552/8070 SUCCESS EGFR/HER2 3POZ UOLDQEKGGZFSIN-UHFFFAOYSA-N seed29 140.685s
553/8070 SUCCESS EGFR/HER2 3POZ UOLDQEKGGZFSIN-UHFFFAOYSA-N seed42 130.248s
554/8070 SUCCESS EGFR/HER2 3RCD UOLDQEKGGZFSIN-UHFFFAOYSA-N seed17 114.617s
555/8070 SUCCESS EGFR/HER2 3RCD UOLDQEKGGZFSIN-UHFFFAOYSA-N seed29 109.983s
556/8070 SUCCESS EGFR/HER2 3POZ UOLDQEKGGZFSIN-UHFFFAOYSA-N seed71 138.466s
557/8070 SUCCESS EGFR/HER2 3POZ UOLDQEKGGZFSIN-UHFFFAOYSA-N seed101 133.105s
558/8070 SUCCESS EGFR/HER2 3RCD UOLDQEKGGZFSIN-UHFFFAOYSA-N seed42 117.589s
559/8070 SUCCESS EGFR/HER2 3POZ BUMADWVVVPZKNG-UHFFFAOYSA-N seed17 104.69s
560/8070 SUCCESS EGFR/HER2 3POZ BUMADWVVVPZKNG-UHFFFAOYSA-N seed29 104.252s
561/8070 SUCCESS EGFR/HER2 3RCD UOLDQEKGGZFSIN-UHFFFAOYSA-N seed71 118.961s
562/8070 SUCCESS EGFR/HER2 3POZ BUMADWVVVPZKNG-UHFFFAOYSA-N seed42 105.339s
563/8070 SUCCESS EGFR/HER2 3RCD UOLDQEKGGZFSIN-UHFFFAOYSA-N seed101 121.169s
564/8070 SUCCESS EGFR/HER2 3POZ BUMADWVVVPZKNG-UHFFFAOYSA-N seed71 104.031s
565/8070 SUCCESS EGFR/HER2 3RCD BUMADWVVVPZKNG-UHFFFAOYSA-N seed29 95.72s
566/8070 SUCCESS EGFR/HER2 3RCD BUMADWVVVPZKNG-UHFFFAOYSA-N seed17 97.016s
567/8070 SUCCESS EGFR/HER2 3POZ BUMADWVVVPZKNG-UHFFFAOYSA-N seed101 110.245s
568/8070 SUCCESS EGFR/HER2 3RCD BUMADWVVVPZKNG-UHFFFAOYSA-N seed42 97.505s
569/8070 SUCCESS EGFR/HER2 3RCD BUMADWVVVPZKNG-UHFFFAOYSA-N seed71 96.069s
570/8070 SUCCESS EGFR/HER2 3RCD BUMADWVVVPZKNG-UHFFFAOYSA-N seed101 96.795s
571/8070 SUCCESS EGFR/HER2 3POZ MPYNTRISUCALTC-HXUWFJFHSA-N seed17 130.683s
572/8070 SUCCESS EGFR/HER2 3POZ MPYNTRISUCALTC-HXUWFJFHSA-N seed29 137.055s
573/8070 SUCCESS EGFR/HER2 3POZ MPYNTRISUCALTC-HXUWFJFHSA-N seed101 135.277s
574/8070 SUCCESS EGFR/HER2 3POZ MPYNTRISUCALTC-HXUWFJFHSA-N seed71 139.043s
575/8070 SUCCESS EGFR/HER2 3POZ MPYNTRISUCALTC-HXUWFJFHSA-N seed42 140.269s
576/8070 SUCCESS EGFR/HER2 3RCD MPYNTRISUCALTC-HXUWFJFHSA-N seed17 124.783s
577/8070 SUCCESS EGFR/HER2 3RCD MPYNTRISUCALTC-HXUWFJFHSA-N seed29 119.805s
578/8070 SUCCESS EGFR/HER2 3RCD MPYNTRISUCALTC-HXUWFJFHSA-N seed42 125.547s
579/8070 SUCCESS EGFR/HER2 3RCD MPYNTRISUCALTC-HXUWFJFHSA-N seed71 126.557s
580/8070 SUCCESS EGFR/HER2 3RCD MPYNTRISUCALTC-HXUWFJFHSA-N seed101 126.835s
581/8070 SUCCESS EGFR/HER2 3POZ SJCQYTOHJMCKJL-UHFFFAOYSA-N seed17 188.311s
582/8070 SUCCESS EGFR/HER2 3POZ SJCQYTOHJMCKJL-UHFFFAOYSA-N seed29 191.42s
583/8070 SUCCESS EGFR/HER2 3POZ SJCQYTOHJMCKJL-UHFFFAOYSA-N seed42 190.35s
584/8070 SUCCESS EGFR/HER2 3RCD SJCQYTOHJMCKJL-UHFFFAOYSA-N seed17 170.249s
585/8070 SUCCESS EGFR/HER2 3POZ SJCQYTOHJMCKJL-UHFFFAOYSA-N seed71 194.091s
586/8070 SUCCESS EGFR/HER2 3POZ SJCQYTOHJMCKJL-UHFFFAOYSA-N seed101 192.801s
587/8070 SUCCESS EGFR/HER2 3RCD SJCQYTOHJMCKJL-UHFFFAOYSA-N seed29 172.056s
588/8070 SUCCESS EGFR/HER2 3RCD SJCQYTOHJMCKJL-UHFFFAOYSA-N seed42 180.556s
589/8070 SUCCESS EGFR/HER2 3POZ UYXYRAKKUCLNAF-GOSISDBHSA-N seed17 130.311s
590/8070 SUCCESS EGFR/HER2 3POZ UYXYRAKKUCLNAF-GOSISDBHSA-N seed29 134.706s
591/8070 SUCCESS EGFR/HER2 3RCD SJCQYTOHJMCKJL-UHFFFAOYSA-N seed71 163.957s
592/8070 SUCCESS EGFR/HER2 3RCD SJCQYTOHJMCKJL-UHFFFAOYSA-N seed101 163.644s
593/8070 SUCCESS EGFR/HER2 3POZ UYXYRAKKUCLNAF-GOSISDBHSA-N seed42 130.769s
594/8070 SUCCESS EGFR/HER2 3POZ UYXYRAKKUCLNAF-GOSISDBHSA-N seed71 128.975s
595/8070 SUCCESS EGFR/HER2 3RCD UYXYRAKKUCLNAF-GOSISDBHSA-N seed17 110.46s
596/8070 SUCCESS EGFR/HER2 3RCD UYXYRAKKUCLNAF-GOSISDBHSA-N seed29 108.17s
597/8070 SUCCESS EGFR/HER2 3RCD UYXYRAKKUCLNAF-GOSISDBHSA-N seed42 109.482s
598/8070 SUCCESS EGFR/HER2 3POZ UYXYRAKKUCLNAF-GOSISDBHSA-N seed101 136.134s
599/8070 SUCCESS EGFR/HER2 3RCD UYXYRAKKUCLNAF-GOSISDBHSA-N seed71 108.763s
600/8070 SUCCESS EGFR/HER2 3RCD UYXYRAKKUCLNAF-GOSISDBHSA-N seed101 110.303s
601/8070 SUCCESS EGFR/HER2 3POZ HIWJANFZFXOFCC-BTZRARBUSA-N seed17 145.19s
602/8070 SUCCESS EGFR/HER2 3POZ HIWJANFZFXOFCC-BTZRARBUSA-N seed29 143.469s
603/8070 SUCCESS EGFR/HER2 3POZ HIWJANFZFXOFCC-BTZRARBUSA-N seed42 144.708s
604/8070 SUCCESS EGFR/HER2 3POZ HIWJANFZFXOFCC-BTZRARBUSA-N seed71 140.957s
605/8070 SUCCESS EGFR/HER2 3POZ HIWJANFZFXOFCC-BTZRARBUSA-N seed101 144.838s
606/8070 SUCCESS EGFR/HER2 3RCD HIWJANFZFXOFCC-BTZRARBUSA-N seed17 135.378s
607/8070 SUCCESS EGFR/HER2 3POZ VNFPBHJOKIVQEB-UHFFFAOYSA-N seed17 40.232s
608/8070 SUCCESS EGFR/HER2 3POZ VNFPBHJOKIVQEB-UHFFFAOYSA-N seed29 39.782s
609/8070 SUCCESS EGFR/HER2 3POZ VNFPBHJOKIVQEB-UHFFFAOYSA-N seed42 39.944s
610/8070 SUCCESS EGFR/HER2 3POZ VNFPBHJOKIVQEB-UHFFFAOYSA-N seed71 40.09s
611/8070 SUCCESS EGFR/HER2 3RCD HIWJANFZFXOFCC-BTZRARBUSA-N seed29 143.504s
612/8070 SUCCESS EGFR/HER2 3RCD HIWJANFZFXOFCC-BTZRARBUSA-N seed42 142.991s
613/8070 SUCCESS EGFR/HER2 3RCD HIWJANFZFXOFCC-BTZRARBUSA-N seed101 135.246s
614/8070 SUCCESS EGFR/HER2 3RCD HIWJANFZFXOFCC-BTZRARBUSA-N seed71 142.028s
615/8070 SUCCESS EGFR/HER2 3POZ VNFPBHJOKIVQEB-UHFFFAOYSA-N seed101 39.527s
616/8070 SUCCESS EGFR/HER2 3RCD VNFPBHJOKIVQEB-UHFFFAOYSA-N seed17 39.524s
617/8070 SUCCESS EGFR/HER2 3RCD VNFPBHJOKIVQEB-UHFFFAOYSA-N seed29 39.182s
618/8070 SUCCESS EGFR/HER2 3RCD VNFPBHJOKIVQEB-UHFFFAOYSA-N seed42 38.549s
619/8070 SUCCESS EGFR/HER2 3RCD VNFPBHJOKIVQEB-UHFFFAOYSA-N seed71 38.545s
620/8070 SUCCESS EGFR/HER2 3RCD VNFPBHJOKIVQEB-UHFFFAOYSA-N seed101 39.231s
621/8070 SUCCESS EGFR/HER2 3POZ GLNRSAJLZFLIFA-UHFFFAOYSA-N seed17 35.531s
622/8070 SUCCESS EGFR/HER2 3POZ GLNRSAJLZFLIFA-UHFFFAOYSA-N seed29 35.542s
623/8070 SUCCESS EGFR/HER2 3POZ GLNRSAJLZFLIFA-UHFFFAOYSA-N seed42 36.356s
624/8070 SUCCESS EGFR/HER2 3POZ GLNRSAJLZFLIFA-UHFFFAOYSA-N seed71 36.256s
625/8070 SUCCESS EGFR/HER2 3POZ GLNRSAJLZFLIFA-UHFFFAOYSA-N seed101 36.107s
626/8070 SUCCESS EGFR/HER2 3RCD GLNRSAJLZFLIFA-UHFFFAOYSA-N seed17 35.655s
627/8070 SUCCESS EGFR/HER2 3RCD GLNRSAJLZFLIFA-UHFFFAOYSA-N seed29 35.527s
628/8070 SUCCESS EGFR/HER2 3RCD GLNRSAJLZFLIFA-UHFFFAOYSA-N seed42 36.14s
629/8070 SUCCESS EGFR/HER2 3RCD GLNRSAJLZFLIFA-UHFFFAOYSA-N seed71 35.398s
630/8070 SUCCESS EGFR/HER2 3RCD GLNRSAJLZFLIFA-UHFFFAOYSA-N seed101 35.599s
631/8070 SUCCESS EGFR/HER2 3POZ OSHRLMBZRPMAQZ-UHFFFAOYSA-N seed17 50.806s
632/8070 SUCCESS EGFR/HER2 3POZ OSHRLMBZRPMAQZ-UHFFFAOYSA-N seed29 50.797s
633/8070 SUCCESS EGFR/HER2 3POZ OSHRLMBZRPMAQZ-UHFFFAOYSA-N seed42 50.548s
634/8070 SUCCESS EGFR/HER2 3POZ OSHRLMBZRPMAQZ-UHFFFAOYSA-N seed71 50.507s
635/8070 SUCCESS EGFR/HER2 3POZ OSHRLMBZRPMAQZ-UHFFFAOYSA-N seed101 50.896s
636/8070 SUCCESS EGFR/HER2 3RCD OSHRLMBZRPMAQZ-UHFFFAOYSA-N seed17 50.041s
637/8070 SUCCESS EGFR/HER2 3RCD OSHRLMBZRPMAQZ-UHFFFAOYSA-N seed29 49.951s
638/8070 SUCCESS EGFR/HER2 3RCD OSHRLMBZRPMAQZ-UHFFFAOYSA-N seed42 50.785s
639/8070 SUCCESS EGFR/HER2 3RCD OSHRLMBZRPMAQZ-UHFFFAOYSA-N seed71 50.26s
640/8070 SUCCESS EGFR/HER2 3POZ UBEVQYMSHABHOM-UHFFFAOYSA-N seed17 32.028s
641/8070 SUCCESS EGFR/HER2 3POZ UBEVQYMSHABHOM-UHFFFAOYSA-N seed29 32.031s
642/8070 SUCCESS EGFR/HER2 3RCD OSHRLMBZRPMAQZ-UHFFFAOYSA-N seed101 49.817s
643/8070 SUCCESS EGFR/HER2 3POZ UBEVQYMSHABHOM-UHFFFAOYSA-N seed42 31.952s
644/8070 SUCCESS EGFR/HER2 3POZ UBEVQYMSHABHOM-UHFFFAOYSA-N seed71 31.743s
645/8070 SUCCESS EGFR/HER2 3POZ UBEVQYMSHABHOM-UHFFFAOYSA-N seed101 31.806s
646/8070 SUCCESS EGFR/HER2 3RCD UBEVQYMSHABHOM-UHFFFAOYSA-N seed17 29.789s
647/8070 SUCCESS EGFR/HER2 3RCD UBEVQYMSHABHOM-UHFFFAOYSA-N seed29 29.502s
648/8070 SUCCESS EGFR/HER2 3RCD UBEVQYMSHABHOM-UHFFFAOYSA-N seed42 29.832s
649/8070 SUCCESS EGFR/HER2 3RCD UBEVQYMSHABHOM-UHFFFAOYSA-N seed71 29.553s
650/8070 SUCCESS EGFR/HER2 3POZ XIEDBRMNHVILCQ-UHFFFAOYSA-N seed17 25.481s
651/8070 SUCCESS EGFR/HER2 3RCD UBEVQYMSHABHOM-UHFFFAOYSA-N seed101 30.568s
652/8070 SUCCESS EGFR/HER2 3POZ XIEDBRMNHVILCQ-UHFFFAOYSA-N seed29 25.286s
653/8070 SUCCESS EGFR/HER2 3POZ XIEDBRMNHVILCQ-UHFFFAOYSA-N seed42 25.184s
654/8070 SUCCESS EGFR/HER2 3POZ XIEDBRMNHVILCQ-UHFFFAOYSA-N seed71 25.384s
655/8070 SUCCESS EGFR/HER2 3POZ XIEDBRMNHVILCQ-UHFFFAOYSA-N seed101 25.173s
656/8070 SUCCESS EGFR/HER2 3RCD XIEDBRMNHVILCQ-UHFFFAOYSA-N seed17 24.729s
657/8070 SUCCESS EGFR/HER2 3RCD XIEDBRMNHVILCQ-UHFFFAOYSA-N seed29 24.764s
658/8070 SUCCESS EGFR/HER2 3RCD XIEDBRMNHVILCQ-UHFFFAOYSA-N seed42 24.976s
659/8070 SUCCESS EGFR/HER2 3RCD XIEDBRMNHVILCQ-UHFFFAOYSA-N seed71 24.988s
660/8070 SUCCESS EGFR/HER2 3RCD XIEDBRMNHVILCQ-UHFFFAOYSA-N seed101 24.982s
661/8070 SUCCESS EGFR/HER2 3POZ HXXOFJVFKMAZGM-BAQGIRSFSA-N seed17 104.655s
662/8070 SUCCESS EGFR/HER2 3RCD HXXOFJVFKMAZGM-BAQGIRSFSA-N seed17 94.59s
663/8070 SUCCESS EGFR/HER2 3POZ HXXOFJVFKMAZGM-BAQGIRSFSA-N seed29 103.735s
664/8070 SUCCESS EGFR/HER2 3POZ HXXOFJVFKMAZGM-BAQGIRSFSA-N seed42 104.432s
665/8070 SUCCESS EGFR/HER2 3POZ HXXOFJVFKMAZGM-BAQGIRSFSA-N seed71 104.63s
666/8070 SUCCESS EGFR/HER2 3POZ HXXOFJVFKMAZGM-BAQGIRSFSA-N seed101 104.928s
667/8070 SUCCESS EGFR/HER2 3RCD HXXOFJVFKMAZGM-BAQGIRSFSA-N seed29 92.947s
668/8070 SUCCESS EGFR/HER2 3RCD HXXOFJVFKMAZGM-BAQGIRSFSA-N seed42 93.292s
669/8070 SUCCESS EGFR/HER2 3RCD HXXOFJVFKMAZGM-BAQGIRSFSA-N seed71 92.049s
670/8070 SUCCESS EGFR/HER2 3RCD HXXOFJVFKMAZGM-BAQGIRSFSA-N seed101 93.033s
671/8070 SUCCESS EGFR/HER2 3POZ NRBHFTJDRVHSST-WTKPLQERSA-N seed29 94.233s
672/8070 SUCCESS EGFR/HER2 3POZ NRBHFTJDRVHSST-WTKPLQERSA-N seed17 95.332s
673/8070 SUCCESS EGFR/HER2 3RCD NRBHFTJDRVHSST-WTKPLQERSA-N seed17 83.962s
674/8070 SUCCESS EGFR/HER2 3POZ NRBHFTJDRVHSST-WTKPLQERSA-N seed42 94.559s
675/8070 SUCCESS EGFR/HER2 3RCD NRBHFTJDRVHSST-WTKPLQERSA-N seed29 84.749s
676/8070 SUCCESS EGFR/HER2 3POZ NRBHFTJDRVHSST-WTKPLQERSA-N seed71 94.445s
677/8070 SUCCESS EGFR/HER2 3POZ NRBHFTJDRVHSST-WTKPLQERSA-N seed101 94.147s
678/8070 SUCCESS EGFR/HER2 3RCD NRBHFTJDRVHSST-WTKPLQERSA-N seed42 86.682s
679/8070 SUCCESS EGFR/HER2 3POZ CZGNRKPPNUUZNJ-UHFFFAOYSA-N seed29 39.772s
680/8070 SUCCESS EGFR/HER2 3POZ CZGNRKPPNUUZNJ-UHFFFAOYSA-N seed17 40.233s
681/8070 SUCCESS EGFR/HER2 3POZ CZGNRKPPNUUZNJ-UHFFFAOYSA-N seed42 39.993s
682/8070 SUCCESS EGFR/HER2 3POZ CZGNRKPPNUUZNJ-UHFFFAOYSA-N seed71 40.179s
683/8070 SUCCESS EGFR/HER2 3RCD NRBHFTJDRVHSST-WTKPLQERSA-N seed71 78.75s
684/8070 SUCCESS EGFR/HER2 3RCD NRBHFTJDRVHSST-WTKPLQERSA-N seed101 78.474s
685/8070 SUCCESS EGFR/HER2 3POZ CZGNRKPPNUUZNJ-UHFFFAOYSA-N seed101 39.97s
686/8070 SUCCESS EGFR/HER2 3RCD CZGNRKPPNUUZNJ-UHFFFAOYSA-N seed17 40.672s
687/8070 SUCCESS EGFR/HER2 3RCD CZGNRKPPNUUZNJ-UHFFFAOYSA-N seed29 40.606s
688/8070 SUCCESS EGFR/HER2 3RCD CZGNRKPPNUUZNJ-UHFFFAOYSA-N seed42 40.317s
689/8070 SUCCESS EGFR/HER2 3POZ YNGWGAYBPCOHHO-UHFFFAOYSA-N seed17 32.239s
690/8070 SUCCESS EGFR/HER2 3RCD CZGNRKPPNUUZNJ-UHFFFAOYSA-N seed71 40.323s
691/8070 SUCCESS EGFR/HER2 3POZ YNGWGAYBPCOHHO-UHFFFAOYSA-N seed29 32.27s
692/8070 SUCCESS EGFR/HER2 3POZ YNGWGAYBPCOHHO-UHFFFAOYSA-N seed42 32.279s
693/8070 SUCCESS EGFR/HER2 3POZ YNGWGAYBPCOHHO-UHFFFAOYSA-N seed71 32.288s
694/8070 SUCCESS EGFR/HER2 3RCD CZGNRKPPNUUZNJ-UHFFFAOYSA-N seed101 40.262s
695/8070 SUCCESS EGFR/HER2 3POZ YNGWGAYBPCOHHO-UHFFFAOYSA-N seed101 32.89s
696/8070 SUCCESS EGFR/HER2 3RCD YNGWGAYBPCOHHO-UHFFFAOYSA-N seed17 33.404s
697/8070 SUCCESS EGFR/HER2 3RCD YNGWGAYBPCOHHO-UHFFFAOYSA-N seed29 33.555s
698/8070 SUCCESS EGFR/HER2 3RCD YNGWGAYBPCOHHO-UHFFFAOYSA-N seed42 33.695s
699/8070 SUCCESS EGFR/HER2 3RCD YNGWGAYBPCOHHO-UHFFFAOYSA-N seed71 33.338s
700/8070 SUCCESS EGFR/HER2 3RCD YNGWGAYBPCOHHO-UHFFFAOYSA-N seed101 33.942s
701/8070 SUCCESS EGFR/HER2 3RCD ZYQXEVJIFYIBHZ-UHFFFAOYSA-N seed17 230.552s
702/8070 SUCCESS EGFR/HER2 3POZ ZYQXEVJIFYIBHZ-UHFFFAOYSA-N seed17 259.049s
703/8070 SUCCESS EGFR/HER2 3POZ ZYQXEVJIFYIBHZ-UHFFFAOYSA-N seed42 262.969s
704/8070 SUCCESS EGFR/HER2 3POZ ZYQXEVJIFYIBHZ-UHFFFAOYSA-N seed29 264.451s
705/8070 SUCCESS EGFR/HER2 3POZ ZYQXEVJIFYIBHZ-UHFFFAOYSA-N seed71 263.987s
706/8070 SUCCESS EGFR/HER2 3POZ ZYQXEVJIFYIBHZ-UHFFFAOYSA-N seed101 265.777s
707/8070 SUCCESS EGFR/HER2 3RCD ZYQXEVJIFYIBHZ-UHFFFAOYSA-N seed29 231.651s
708/8070 SUCCESS EGFR/HER2 3RCD ZYQXEVJIFYIBHZ-UHFFFAOYSA-N seed71 230.607s
709/8070 SUCCESS EGFR/HER2 3RCD ZYQXEVJIFYIBHZ-UHFFFAOYSA-N seed42 236.17s
710/8070 SUCCESS EGFR/HER2 3RCD ZYQXEVJIFYIBHZ-UHFFFAOYSA-N seed101 233.677s
711/8070 SUCCESS EGFR/HER2 3POZ BCFGMOOMADDAQU-UHFFFAOYSA-N seed17 308.813s
712/8070 SUCCESS EGFR/HER2 3POZ BCFGMOOMADDAQU-UHFFFAOYSA-N seed29 316.781s
713/8070 SUCCESS EGFR/HER2 3RCD BCFGMOOMADDAQU-UHFFFAOYSA-N seed17 271.238s
714/8070 SUCCESS EGFR/HER2 3POZ BCFGMOOMADDAQU-UHFFFAOYSA-N seed42 334.612s
715/8070 SUCCESS EGFR/HER2 3POZ BCFGMOOMADDAQU-UHFFFAOYSA-N seed101 330.58s
716/8070 SUCCESS EGFR/HER2 3POZ BCFGMOOMADDAQU-UHFFFAOYSA-N seed71 350.482s
717/8070 SUCCESS EGFR/HER2 3RCD BCFGMOOMADDAQU-UHFFFAOYSA-N seed29 286.196s
718/8070 SUCCESS EGFR/HER2 3RCD BCFGMOOMADDAQU-UHFFFAOYSA-N seed42 279.99s
719/8070 SUCCESS EGFR/HER2 3POZ NNFDRCGXLJTASH-UHFFFAOYSA-N seed17 197.59s
720/8070 SUCCESS EGFR/HER2 3POZ NNFDRCGXLJTASH-UHFFFAOYSA-N seed29 195.28s
721/8070 SUCCESS EGFR/HER2 3POZ NNFDRCGXLJTASH-UHFFFAOYSA-N seed42 194.127s
722/8070 SUCCESS EGFR/HER2 3POZ NNFDRCGXLJTASH-UHFFFAOYSA-N seed71 190.499s
723/8070 SUCCESS EGFR/HER2 3RCD BCFGMOOMADDAQU-UHFFFAOYSA-N seed71 305.631s
724/8070 SUCCESS EGFR/HER2 3RCD BCFGMOOMADDAQU-UHFFFAOYSA-N seed101 284.306s
725/8070 SUCCESS EGFR/HER2 3RCD NNFDRCGXLJTASH-UHFFFAOYSA-N seed17 141.847s
726/8070 SUCCESS EGFR/HER2 3POZ NNFDRCGXLJTASH-UHFFFAOYSA-N seed101 167.461s
727/8070 SUCCESS EGFR/HER2 3RCD NNFDRCGXLJTASH-UHFFFAOYSA-N seed29 140.286s
728/8070 SUCCESS EGFR/HER2 3RCD NNFDRCGXLJTASH-UHFFFAOYSA-N seed42 142.199s
729/8070 SUCCESS EGFR/HER2 3RCD NNFDRCGXLJTASH-UHFFFAOYSA-N seed71 141.064s
730/8070 SUCCESS EGFR/HER2 3RCD NNFDRCGXLJTASH-UHFFFAOYSA-N seed101 142.716s
731/8070 SUCCESS EGFR/HER2 3POZ SRUYMJRFVGLQDV-UHFFFAOYSA-N seed17 309.321s
732/8070 SUCCESS EGFR/HER2 3POZ SRUYMJRFVGLQDV-UHFFFAOYSA-N seed29 319.921s
733/8070 SUCCESS EGFR/HER2 3RCD SRUYMJRFVGLQDV-UHFFFAOYSA-N seed17 283.317s
734/8070 SUCCESS EGFR/HER2 3POZ SRUYMJRFVGLQDV-UHFFFAOYSA-N seed42 318.77s
735/8070 SUCCESS EGFR/HER2 3POZ SRUYMJRFVGLQDV-UHFFFAOYSA-N seed71 352.027s
736/8070 SUCCESS EGFR/HER2 3POZ SRUYMJRFVGLQDV-UHFFFAOYSA-N seed101 351.946s
737/8070 SUCCESS EGFR/HER2 3POZ LLVZBTWPGQVVLW-SNAWJCMRSA-N seed17 1548.794s
738/8070 SUCCESS EGFR/HER2 3POZ LLVZBTWPGQVVLW-SNAWJCMRSA-N seed29 1556.436s
739/8070 SUCCESS EGFR/HER2 3POZ LLVZBTWPGQVVLW-SNAWJCMRSA-N seed42 211.552s
740/8070 SUCCESS EGFR/HER2 3POZ LLVZBTWPGQVVLW-SNAWJCMRSA-N seed71 204.771s
741/8070 SUCCESS EGFR/HER2 3RCD SRUYMJRFVGLQDV-UHFFFAOYSA-N seed29 373.117s
742/8070 SUCCESS EGFR/HER2 3RCD SRUYMJRFVGLQDV-UHFFFAOYSA-N seed71 357.327s
743/8070 SUCCESS EGFR/HER2 3RCD SRUYMJRFVGLQDV-UHFFFAOYSA-N seed101 358.837s
744/8070 SUCCESS EGFR/HER2 3RCD SRUYMJRFVGLQDV-UHFFFAOYSA-N seed42 363.512s
745/8070 SUCCESS EGFR/HER2 3POZ LLVZBTWPGQVVLW-SNAWJCMRSA-N seed101 198.666s
746/8070 SUCCESS EGFR/HER2 3RCD LLVZBTWPGQVVLW-SNAWJCMRSA-N seed17 179.434s
747/8070 SUCCESS EGFR/HER2 3RCD LLVZBTWPGQVVLW-SNAWJCMRSA-N seed29 176.925s
748/8070 SUCCESS EGFR/HER2 3RCD LLVZBTWPGQVVLW-SNAWJCMRSA-N seed42 174.922s
749/8070 SUCCESS EGFR/HER2 3RCD LLVZBTWPGQVVLW-SNAWJCMRSA-N seed101 174.521s
750/8070 SUCCESS EGFR/HER2 3RCD LLVZBTWPGQVVLW-SNAWJCMRSA-N seed71 179.071s
751/8070 SUCCESS EGFR/HER2 3POZ AMKFBXVTNZFKFF-UHFFFAOYSA-N seed17 530.21s
752/8070 SUCCESS EGFR/HER2 3POZ AMKFBXVTNZFKFF-UHFFFAOYSA-N seed29 560.396s
753/8070 SUCCESS EGFR/HER2 3RCD AMKFBXVTNZFKFF-UHFFFAOYSA-N seed17 482.84s
754/8070 SUCCESS EGFR/HER2 3POZ AMKFBXVTNZFKFF-UHFFFAOYSA-N seed71 528.23s
755/8070 SUCCESS EGFR/HER2 3POZ AMKFBXVTNZFKFF-UHFFFAOYSA-N seed101 534.831s
756/8070 SUCCESS EGFR/HER2 3POZ AMKFBXVTNZFKFF-UHFFFAOYSA-N seed42 544.184s
757/8070 SUCCESS EGFR/HER2 3POZ DGVCIMUJVPVQEX-KBKYJPHKSA-N seed17 127.39s
758/8070 SUCCESS EGFR/HER2 3POZ DGVCIMUJVPVQEX-KBKYJPHKSA-N seed29 125.969s
759/8070 SUCCESS EGFR/HER2 3POZ DGVCIMUJVPVQEX-KBKYJPHKSA-N seed42 100.68s
760/8070 SUCCESS EGFR/HER2 3POZ DGVCIMUJVPVQEX-KBKYJPHKSA-N seed71 101.347s
761/8070 SUCCESS EGFR/HER2 3POZ DGVCIMUJVPVQEX-KBKYJPHKSA-N seed101 94.279s
762/8070 SUCCESS EGFR/HER2 3RCD DGVCIMUJVPVQEX-KBKYJPHKSA-N seed17 92.192s
763/8070 SUCCESS EGFR/HER2 3RCD AMKFBXVTNZFKFF-UHFFFAOYSA-N seed29 525.548s
764/8070 SUCCESS EGFR/HER2 3RCD DGVCIMUJVPVQEX-KBKYJPHKSA-N seed29 87.27s
765/8070 SUCCESS EGFR/HER2 3RCD DGVCIMUJVPVQEX-KBKYJPHKSA-N seed42 88.449s
766/8070 SUCCESS EGFR/HER2 3RCD AMKFBXVTNZFKFF-UHFFFAOYSA-N seed42 535.805s
767/8070 SUCCESS EGFR/HER2 3RCD AMKFBXVTNZFKFF-UHFFFAOYSA-N seed71 533.975s
768/8070 SUCCESS EGFR/HER2 3RCD DGVCIMUJVPVQEX-KBKYJPHKSA-N seed71 93.666s
769/8070 SUCCESS EGFR/HER2 3RCD DGVCIMUJVPVQEX-KBKYJPHKSA-N seed101 94.962s
770/8070 SUCCESS EGFR/HER2 3RCD AMKFBXVTNZFKFF-UHFFFAOYSA-N seed101 531.012s
771/8070 SUCCESS EGFR/HER2 3POZ TYIJYIGEKOSLCM-UHFFFAOYSA-N seed17 367.497s
772/8070 SUCCESS EGFR/HER2 3POZ TYIJYIGEKOSLCM-UHFFFAOYSA-N seed29 348.573s
773/8070 SUCCESS EGFR/HER2 3RCD TYIJYIGEKOSLCM-UHFFFAOYSA-N seed17 278.642s
774/8070 SUCCESS EGFR/HER2 3POZ TYIJYIGEKOSLCM-UHFFFAOYSA-N seed42 356.501s
775/8070 SUCCESS EGFR/HER2 3POZ TYIJYIGEKOSLCM-UHFFFAOYSA-N seed71 358.255s
776/8070 SUCCESS EGFR/HER2 3POZ TYIJYIGEKOSLCM-UHFFFAOYSA-N seed101 361.241s
777/8070 SUCCESS EGFR/HER2 3RCD TYIJYIGEKOSLCM-UHFFFAOYSA-N seed42 290.863s
778/8070 SUCCESS EGFR/HER2 3RCD TYIJYIGEKOSLCM-UHFFFAOYSA-N seed29 300.404s
779/8070 SUCCESS EGFR/HER2 3RCD TYIJYIGEKOSLCM-UHFFFAOYSA-N seed71 288.471s
780/8070 SUCCESS EGFR/HER2 3RCD TYIJYIGEKOSLCM-UHFFFAOYSA-N seed101 280.212s
781/8070 SUCCESS EGFR/HER2 3POZ QDGDKZPMYPEBOC-RMKNXTFCSA-N seed17 435.114s
782/8070 SUCCESS EGFR/HER2 3POZ QDGDKZPMYPEBOC-RMKNXTFCSA-N seed29 454.969s
783/8070 SUCCESS EGFR/HER2 3RCD QDGDKZPMYPEBOC-RMKNXTFCSA-N seed17 335.56s
784/8070 SUCCESS EGFR/HER2 3POZ QDGDKZPMYPEBOC-RMKNXTFCSA-N seed101 440.288s
785/8070 SUCCESS EGFR/HER2 3POZ QDGDKZPMYPEBOC-RMKNXTFCSA-N seed42 465.356s
786/8070 SUCCESS EGFR/HER2 3POZ QDGDKZPMYPEBOC-RMKNXTFCSA-N seed71 465.1s
787/8070 SUCCESS EGFR/HER2 3RCD QDGDKZPMYPEBOC-RMKNXTFCSA-N seed29 351.713s
788/8070 SUCCESS EGFR/HER2 3RCD QDGDKZPMYPEBOC-RMKNXTFCSA-N seed42 320.744s
789/8070 SUCCESS EGFR/HER2 3POZ DGORACVWOLFYBN-UHFFFAOYSA-N seed17 235.054s
790/8070 SUCCESS EGFR/HER2 3POZ DGORACVWOLFYBN-UHFFFAOYSA-N seed29 236.28s
791/8070 SUCCESS EGFR/HER2 3RCD QDGDKZPMYPEBOC-RMKNXTFCSA-N seed71 356.577s
792/8070 SUCCESS EGFR/HER2 3POZ DGORACVWOLFYBN-UHFFFAOYSA-N seed42 221.027s
793/8070 SUCCESS EGFR/HER2 3POZ DGORACVWOLFYBN-UHFFFAOYSA-N seed71 220.052s
794/8070 SUCCESS EGFR/HER2 3RCD QDGDKZPMYPEBOC-RMKNXTFCSA-N seed101 334.171s
795/8070 SUCCESS EGFR/HER2 3RCD DGORACVWOLFYBN-UHFFFAOYSA-N seed17 176.998s
796/8070 SUCCESS EGFR/HER2 3POZ DGORACVWOLFYBN-UHFFFAOYSA-N seed101 181.349s
797/8070 SUCCESS EGFR/HER2 3RCD DGORACVWOLFYBN-UHFFFAOYSA-N seed29 173.647s
798/8070 SUCCESS EGFR/HER2 3RCD DGORACVWOLFYBN-UHFFFAOYSA-N seed42 172.223s
799/8070 SUCCESS EGFR/HER2 3RCD DGORACVWOLFYBN-UHFFFAOYSA-N seed71 171.294s
800/8070 SUCCESS EGFR/HER2 3RCD DGORACVWOLFYBN-UHFFFAOYSA-N seed101 171.658s
801/8070 SUCCESS EGFR/HER2 3POZ GAYUJMWHGBAPKD-UHFFFAOYSA-N seed17 118.947s
802/8070 SUCCESS EGFR/HER2 3POZ GAYUJMWHGBAPKD-UHFFFAOYSA-N seed29 120.364s
803/8070 SUCCESS EGFR/HER2 3POZ GAYUJMWHGBAPKD-UHFFFAOYSA-N seed42 117.922s
804/8070 SUCCESS EGFR/HER2 3RCD GAYUJMWHGBAPKD-UHFFFAOYSA-N seed17 106.297s
805/8070 SUCCESS EGFR/HER2 3POZ GAYUJMWHGBAPKD-UHFFFAOYSA-N seed71 116.877s
806/8070 SUCCESS EGFR/HER2 3POZ GAYUJMWHGBAPKD-UHFFFAOYSA-N seed101 115.884s
807/8070 SUCCESS EGFR/HER2 3RCD GAYUJMWHGBAPKD-UHFFFAOYSA-N seed29 102.351s
808/8070 SUCCESS EGFR/HER2 3RCD GAYUJMWHGBAPKD-UHFFFAOYSA-N seed42 108.513s
809/8070 SUCCESS EGFR/HER2 3RCD GAYUJMWHGBAPKD-UHFFFAOYSA-N seed71 109.402s
810/8070 SUCCESS EGFR/HER2 3RCD GAYUJMWHGBAPKD-UHFFFAOYSA-N seed101 105.288s
811/8070 SUCCESS EGFR/HER2 3POZ XGGPNQWFYUZWNO-QGZVFWFLSA-N seed17 154.895s
812/8070 SUCCESS EGFR/HER2 3POZ XGGPNQWFYUZWNO-QGZVFWFLSA-N seed29 154.73s
813/8070 SUCCESS EGFR/HER2 3POZ XGGPNQWFYUZWNO-QGZVFWFLSA-N seed42 157.52s
814/8070 SUCCESS EGFR/HER2 3POZ XGGPNQWFYUZWNO-QGZVFWFLSA-N seed71 152.624s
815/8070 SUCCESS EGFR/HER2 3POZ XGGPNQWFYUZWNO-QGZVFWFLSA-N seed101 156.377s
816/8070 SUCCESS EGFR/HER2 3RCD XGGPNQWFYUZWNO-QGZVFWFLSA-N seed17 142.073s
817/8070 SUCCESS EGFR/HER2 3RCD XGGPNQWFYUZWNO-QGZVFWFLSA-N seed29 142.03s
818/8070 SUCCESS EGFR/HER2 3RCD XGGPNQWFYUZWNO-QGZVFWFLSA-N seed42 138.208s
819/8070 SUCCESS EGFR/HER2 3RCD XGGPNQWFYUZWNO-QGZVFWFLSA-N seed71 139.629s
820/8070 SUCCESS EGFR/HER2 3RCD XGGPNQWFYUZWNO-QGZVFWFLSA-N seed101 139.214s
821/8070 SUCCESS EGFR/HER2 3POZ ICDUDMAKDBBZOT-SNAWJCMRSA-N seed17 166.272s
822/8070 SUCCESS EGFR/HER2 3POZ ICDUDMAKDBBZOT-SNAWJCMRSA-N seed29 163.7s
823/8070 SUCCESS EGFR/HER2 3POZ ICDUDMAKDBBZOT-SNAWJCMRSA-N seed42 160.103s
824/8070 SUCCESS EGFR/HER2 3POZ ICDUDMAKDBBZOT-SNAWJCMRSA-N seed71 162.557s
825/8070 SUCCESS EGFR/HER2 3RCD ICDUDMAKDBBZOT-SNAWJCMRSA-N seed17 127.703s
826/8070 SUCCESS EGFR/HER2 3POZ ICDUDMAKDBBZOT-SNAWJCMRSA-N seed101 156.587s
827/8070 SUCCESS EGFR/HER2 3POZ TXZRYLZHQIMGPZ-UHFFFAOYSA-N seed17 47.753s
828/8070 SUCCESS EGFR/HER2 3RCD ICDUDMAKDBBZOT-SNAWJCMRSA-N seed29 129.068s
829/8070 SUCCESS EGFR/HER2 3RCD ICDUDMAKDBBZOT-SNAWJCMRSA-N seed42 128.112s
830/8070 SUCCESS EGFR/HER2 3POZ TXZRYLZHQIMGPZ-UHFFFAOYSA-N seed29 47.996s
831/8070 SUCCESS EGFR/HER2 3POZ TXZRYLZHQIMGPZ-UHFFFAOYSA-N seed42 47.845s
832/8070 SUCCESS EGFR/HER2 3POZ TXZRYLZHQIMGPZ-UHFFFAOYSA-N seed71 47.316s
833/8070 SUCCESS EGFR/HER2 3RCD ICDUDMAKDBBZOT-SNAWJCMRSA-N seed71 125.293s
834/8070 SUCCESS EGFR/HER2 3POZ TXZRYLZHQIMGPZ-UHFFFAOYSA-N seed101 47.853s
835/8070 SUCCESS EGFR/HER2 3RCD TXZRYLZHQIMGPZ-UHFFFAOYSA-N seed17 47.345s
836/8070 SUCCESS EGFR/HER2 3RCD ICDUDMAKDBBZOT-SNAWJCMRSA-N seed101 124.999s
837/8070 SUCCESS EGFR/HER2 3RCD TXZRYLZHQIMGPZ-UHFFFAOYSA-N seed29 46.545s
838/8070 SUCCESS EGFR/HER2 3RCD TXZRYLZHQIMGPZ-UHFFFAOYSA-N seed42 46.418s
839/8070 SUCCESS EGFR/HER2 3POZ VVORMAVELBPTAS-UHFFFAOYSA-N seed17 44.733s
840/8070 SUCCESS EGFR/HER2 3RCD TXZRYLZHQIMGPZ-UHFFFAOYSA-N seed71 46.111s
841/8070 SUCCESS EGFR/HER2 3POZ VVORMAVELBPTAS-UHFFFAOYSA-N seed29 44.246s
842/8070 SUCCESS EGFR/HER2 3RCD TXZRYLZHQIMGPZ-UHFFFAOYSA-N seed101 45.995s
843/8070 SUCCESS EGFR/HER2 3POZ VVORMAVELBPTAS-UHFFFAOYSA-N seed42 44.522s
844/8070 SUCCESS EGFR/HER2 3POZ VVORMAVELBPTAS-UHFFFAOYSA-N seed71 44.758s
845/8070 SUCCESS EGFR/HER2 3POZ VVORMAVELBPTAS-UHFFFAOYSA-N seed101 44.642s
846/8070 SUCCESS EGFR/HER2 3RCD VVORMAVELBPTAS-UHFFFAOYSA-N seed17 44.737s
847/8070 SUCCESS EGFR/HER2 3RCD VVORMAVELBPTAS-UHFFFAOYSA-N seed29 44.818s
848/8070 SUCCESS EGFR/HER2 3RCD VVORMAVELBPTAS-UHFFFAOYSA-N seed42 44.825s
849/8070 SUCCESS EGFR/HER2 3RCD VVORMAVELBPTAS-UHFFFAOYSA-N seed71 44.366s
850/8070 SUCCESS EGFR/HER2 3RCD VVORMAVELBPTAS-UHFFFAOYSA-N seed101 44.78s
851/8070 SUCCESS EGFR/HER2 3POZ PWQAYVPGWSRNKH-UHFFFAOYSA-N seed17 43.918s
852/8070 SUCCESS EGFR/HER2 3POZ PWQAYVPGWSRNKH-UHFFFAOYSA-N seed29 43.92s
853/8070 SUCCESS EGFR/HER2 3POZ PWQAYVPGWSRNKH-UHFFFAOYSA-N seed42 43.974s
854/8070 SUCCESS EGFR/HER2 3POZ PWQAYVPGWSRNKH-UHFFFAOYSA-N seed71 44.766s
855/8070 SUCCESS EGFR/HER2 3POZ PWQAYVPGWSRNKH-UHFFFAOYSA-N seed101 43.245s
856/8070 SUCCESS EGFR/HER2 3RCD PWQAYVPGWSRNKH-UHFFFAOYSA-N seed17 42.505s
857/8070 SUCCESS EGFR/HER2 3RCD PWQAYVPGWSRNKH-UHFFFAOYSA-N seed29 43.038s
858/8070 SUCCESS EGFR/HER2 3RCD PWQAYVPGWSRNKH-UHFFFAOYSA-N seed42 42.79s
859/8070 SUCCESS EGFR/HER2 3RCD PWQAYVPGWSRNKH-UHFFFAOYSA-N seed71 42.418s
860/8070 SUCCESS EGFR/HER2 3RCD PWQAYVPGWSRNKH-UHFFFAOYSA-N seed101 42.539s
861/8070 SUCCESS EGFR/HER2 3POZ PJDCIIPPRINIGB-RMKNXTFCSA-N seed17 75.686s
862/8070 SUCCESS EGFR/HER2 3POZ PJDCIIPPRINIGB-RMKNXTFCSA-N seed29 77.872s
863/8070 SUCCESS EGFR/HER2 3RCD PJDCIIPPRINIGB-RMKNXTFCSA-N seed17 70.633s
864/8070 SUCCESS EGFR/HER2 3POZ PJDCIIPPRINIGB-RMKNXTFCSA-N seed42 77.461s
865/8070 SUCCESS EGFR/HER2 3POZ PJDCIIPPRINIGB-RMKNXTFCSA-N seed101 77.606s
866/8070 SUCCESS EGFR/HER2 3POZ PJDCIIPPRINIGB-RMKNXTFCSA-N seed71 78.643s
867/8070 SUCCESS EGFR/HER2 3RCD PJDCIIPPRINIGB-RMKNXTFCSA-N seed29 71.483s
868/8070 SUCCESS EGFR/HER2 3RCD PJDCIIPPRINIGB-RMKNXTFCSA-N seed42 69.436s
869/8070 SUCCESS EGFR/HER2 3RCD PJDCIIPPRINIGB-RMKNXTFCSA-N seed71 69.761s
870/8070 SUCCESS EGFR/HER2 3RCD PJDCIIPPRINIGB-RMKNXTFCSA-N seed101 68.202s
871/8070 SUCCESS EGFR/HER2 3POZ OLVBAUVSICCWEJ-UHFFFAOYSA-N seed17 117.762s
872/8070 SUCCESS EGFR/HER2 3POZ OLVBAUVSICCWEJ-UHFFFAOYSA-N seed29 122.262s
873/8070 SUCCESS EGFR/HER2 3RCD OLVBAUVSICCWEJ-UHFFFAOYSA-N seed17 91.688s
874/8070 SUCCESS EGFR/HER2 3POZ OLVBAUVSICCWEJ-UHFFFAOYSA-N seed42 114.509s
875/8070 SUCCESS EGFR/HER2 3POZ OLVBAUVSICCWEJ-UHFFFAOYSA-N seed101 107.406s
876/8070 SUCCESS EGFR/HER2 3POZ OLVBAUVSICCWEJ-UHFFFAOYSA-N seed71 122.296s
877/8070 SUCCESS EGFR/HER2 3RCD OLVBAUVSICCWEJ-UHFFFAOYSA-N seed42 83.798s
878/8070 SUCCESS EGFR/HER2 3RCD OLVBAUVSICCWEJ-UHFFFAOYSA-N seed29 98.366s
879/8070 SUCCESS EGFR/HER2 3POZ UERCBPIXITWGQE-UHFFFAOYSA-N seed17 64.831s
880/8070 SUCCESS EGFR/HER2 3POZ UERCBPIXITWGQE-UHFFFAOYSA-N seed29 65.296s
881/8070 SUCCESS EGFR/HER2 3RCD OLVBAUVSICCWEJ-UHFFFAOYSA-N seed101 85.826s
882/8070 SUCCESS EGFR/HER2 3RCD OLVBAUVSICCWEJ-UHFFFAOYSA-N seed71 90.275s
883/8070 SUCCESS EGFR/HER2 3POZ UERCBPIXITWGQE-UHFFFAOYSA-N seed42 65.821s
884/8070 SUCCESS EGFR/HER2 3POZ UERCBPIXITWGQE-UHFFFAOYSA-N seed71 66.808s
885/8070 SUCCESS EGFR/HER2 3POZ UERCBPIXITWGQE-UHFFFAOYSA-N seed101 66.59s
886/8070 SUCCESS EGFR/HER2 3RCD UERCBPIXITWGQE-UHFFFAOYSA-N seed17 68.369s
887/8070 SUCCESS EGFR/HER2 3RCD UERCBPIXITWGQE-UHFFFAOYSA-N seed29 68.196s
888/8070 SUCCESS EGFR/HER2 3RCD UERCBPIXITWGQE-UHFFFAOYSA-N seed42 68.767s
889/8070 SUCCESS EGFR/HER2 3RCD UERCBPIXITWGQE-UHFFFAOYSA-N seed71 68.594s
890/8070 SUCCESS EGFR/HER2 3RCD UERCBPIXITWGQE-UHFFFAOYSA-N seed101 69.74s
891/8070 SUCCESS EGFR/HER2 3POZ UNTXLEZCEUSPFP-QNCXMEKNSA-N seed17 190.238s
892/8070 SUCCESS EGFR/HER2 3POZ UNTXLEZCEUSPFP-QNCXMEKNSA-N seed29 189.232s
893/8070 SUCCESS EGFR/HER2 3RCD UNTXLEZCEUSPFP-QNCXMEKNSA-N seed17 151.485s
894/8070 SUCCESS EGFR/HER2 3POZ UNTXLEZCEUSPFP-QNCXMEKNSA-N seed42 194.006s
895/8070 SUCCESS EGFR/HER2 3POZ UNTXLEZCEUSPFP-QNCXMEKNSA-N seed71 192.21s
896/8070 SUCCESS EGFR/HER2 3POZ UNTXLEZCEUSPFP-QNCXMEKNSA-N seed101 191.621s
897/8070 SUCCESS EGFR/HER2 3POZ RHVQWSMLJGXEQH-BFSLETRISA-N seed17 120.006s
898/8070 SUCCESS EGFR/HER2 3RCD UNTXLEZCEUSPFP-QNCXMEKNSA-N seed29 147.488s
899/8070 SUCCESS EGFR/HER2 3RCD UNTXLEZCEUSPFP-QNCXMEKNSA-N seed42 146.164s
900/8070 SUCCESS EGFR/HER2 3RCD UNTXLEZCEUSPFP-QNCXMEKNSA-N seed71 148.038s
901/8070 SUCCESS EGFR/HER2 3RCD UNTXLEZCEUSPFP-QNCXMEKNSA-N seed101 144.72s
902/8070 SUCCESS EGFR/HER2 3POZ RHVQWSMLJGXEQH-BFSLETRISA-N seed29 119.587s
903/8070 SUCCESS EGFR/HER2 3POZ RHVQWSMLJGXEQH-BFSLETRISA-N seed42 117.988s
904/8070 SUCCESS EGFR/HER2 3POZ RHVQWSMLJGXEQH-BFSLETRISA-N seed71 114.935s
905/8070 SUCCESS EGFR/HER2 3RCD RHVQWSMLJGXEQH-BFSLETRISA-N seed17 109.505s
906/8070 SUCCESS EGFR/HER2 3RCD RHVQWSMLJGXEQH-BFSLETRISA-N seed29 110.634s
907/8070 SUCCESS EGFR/HER2 3POZ RHVQWSMLJGXEQH-BFSLETRISA-N seed101 117.245s
908/8070 SUCCESS EGFR/HER2 3RCD RHVQWSMLJGXEQH-BFSLETRISA-N seed42 116.193s
909/8070 SUCCESS EGFR/HER2 3RCD RHVQWSMLJGXEQH-BFSLETRISA-N seed71 115.798s
910/8070 SUCCESS EGFR/HER2 3RCD RHVQWSMLJGXEQH-BFSLETRISA-N seed101 115.157s
911/8070 SUCCESS EGFR/HER2 3POZ LREJPDVGVCQBEA-UHFFFAOYSA-N seed29 328.984s
912/8070 SUCCESS EGFR/HER2 3POZ LREJPDVGVCQBEA-UHFFFAOYSA-N seed42 326.746s
913/8070 SUCCESS EGFR/HER2 3POZ LREJPDVGVCQBEA-UHFFFAOYSA-N seed71 333.553s
914/8070 SUCCESS EGFR/HER2 3POZ LREJPDVGVCQBEA-UHFFFAOYSA-N seed17 351.962s
915/8070 SUCCESS EGFR/HER2 3RCD LREJPDVGVCQBEA-UHFFFAOYSA-N seed17 282.429s
916/8070 SUCCESS EGFR/HER2 3POZ LREJPDVGVCQBEA-UHFFFAOYSA-N seed101 324.94s
917/8070 SUCCESS EGFR/HER2 3POZ XAKLZFYPIQVZMO-UHFFFAOYSA-N seed17 154.727s
918/8070 SUCCESS EGFR/HER2 3POZ XAKLZFYPIQVZMO-UHFFFAOYSA-N seed29 158.956s
919/8070 SUCCESS EGFR/HER2 3RCD LREJPDVGVCQBEA-UHFFFAOYSA-N seed29 284.679s
920/8070 SUCCESS EGFR/HER2 3RCD LREJPDVGVCQBEA-UHFFFAOYSA-N seed42 290.002s
921/8070 SUCCESS EGFR/HER2 3RCD LREJPDVGVCQBEA-UHFFFAOYSA-N seed71 281.536s
922/8070 SUCCESS EGFR/HER2 3RCD LREJPDVGVCQBEA-UHFFFAOYSA-N seed101 285.708s
923/8070 SUCCESS EGFR/HER2 3POZ XAKLZFYPIQVZMO-UHFFFAOYSA-N seed42 157.384s
924/8070 SUCCESS EGFR/HER2 3POZ XAKLZFYPIQVZMO-UHFFFAOYSA-N seed71 159.251s
925/8070 SUCCESS EGFR/HER2 3RCD XAKLZFYPIQVZMO-UHFFFAOYSA-N seed29 134.076s
926/8070 SUCCESS EGFR/HER2 3RCD XAKLZFYPIQVZMO-UHFFFAOYSA-N seed17 134.942s
927/8070 SUCCESS EGFR/HER2 3POZ XAKLZFYPIQVZMO-UHFFFAOYSA-N seed101 155.023s
928/8070 SUCCESS EGFR/HER2 3RCD XAKLZFYPIQVZMO-UHFFFAOYSA-N seed42 133.14s
929/8070 SUCCESS EGFR/HER2 3POZ KJZFJLLCNRUWRW-UUILKARUSA-N seed17 16.766s
930/8070 SUCCESS EGFR/HER2 3POZ KJZFJLLCNRUWRW-UUILKARUSA-N seed29 16.779s
931/8070 SUCCESS EGFR/HER2 3POZ KJZFJLLCNRUWRW-UUILKARUSA-N seed42 16.503s
932/8070 SUCCESS EGFR/HER2 3POZ KJZFJLLCNRUWRW-UUILKARUSA-N seed71 16.342s
933/8070 SUCCESS EGFR/HER2 3POZ KJZFJLLCNRUWRW-UUILKARUSA-N seed101 16.402s
934/8070 SUCCESS EGFR/HER2 3RCD KJZFJLLCNRUWRW-UUILKARUSA-N seed17 16.422s
935/8070 SUCCESS EGFR/HER2 3RCD KJZFJLLCNRUWRW-UUILKARUSA-N seed29 16.67s
936/8070 SUCCESS EGFR/HER2 3RCD KJZFJLLCNRUWRW-UUILKARUSA-N seed42 16.33s
937/8070 SUCCESS EGFR/HER2 3RCD KJZFJLLCNRUWRW-UUILKARUSA-N seed71 16.368s
938/8070 SUCCESS EGFR/HER2 3RCD KJZFJLLCNRUWRW-UUILKARUSA-N seed101 16.408s
939/8070 SUCCESS EGFR/HER2 3POZ MTSNDBYBIZSILH-UHFFFAOYSA-N seed17 12.275s
940/8070 SUCCESS EGFR/HER2 3POZ MTSNDBYBIZSILH-UHFFFAOYSA-N seed29 12.442s
941/8070 SUCCESS EGFR/HER2 3POZ MTSNDBYBIZSILH-UHFFFAOYSA-N seed42 12.372s
942/8070 SUCCESS EGFR/HER2 3POZ MTSNDBYBIZSILH-UHFFFAOYSA-N seed71 12.389s
943/8070 SUCCESS EGFR/HER2 3POZ MTSNDBYBIZSILH-UHFFFAOYSA-N seed101 12.449s
944/8070 SUCCESS EGFR/HER2 3RCD MTSNDBYBIZSILH-UHFFFAOYSA-N seed17 12.508s
945/8070 SUCCESS EGFR/HER2 3RCD XAKLZFYPIQVZMO-UHFFFAOYSA-N seed71 127.074s
946/8070 SUCCESS EGFR/HER2 3RCD MTSNDBYBIZSILH-UHFFFAOYSA-N seed29 12.556s
947/8070 SUCCESS EGFR/HER2 3RCD MTSNDBYBIZSILH-UHFFFAOYSA-N seed42 12.519s
948/8070 SUCCESS EGFR/HER2 3RCD MTSNDBYBIZSILH-UHFFFAOYSA-N seed71 12.508s
949/8070 SUCCESS EGFR/HER2 3RCD MTSNDBYBIZSILH-UHFFFAOYSA-N seed101 12.52s
950/8070 SUCCESS EGFR/HER2 3RCD XAKLZFYPIQVZMO-UHFFFAOYSA-N seed101 123.93s
951/8070 SUCCESS EGFR/HER2 3POZ FKTDPTZOFGBLDH-UHFFFAOYSA-N seed29 42.264s
952/8070 SUCCESS EGFR/HER2 3POZ FKTDPTZOFGBLDH-UHFFFAOYSA-N seed17 42.403s
953/8070 SUCCESS EGFR/HER2 3POZ FKTDPTZOFGBLDH-UHFFFAOYSA-N seed42 42.417s
954/8070 SUCCESS EGFR/HER2 3POZ FKTDPTZOFGBLDH-UHFFFAOYSA-N seed71 42.429s
955/8070 SUCCESS EGFR/HER2 3POZ FKTDPTZOFGBLDH-UHFFFAOYSA-N seed101 42.36s
956/8070 SUCCESS EGFR/HER2 3RCD FKTDPTZOFGBLDH-UHFFFAOYSA-N seed17 42.311s
957/8070 SUCCESS EGFR/HER2 3RCD FKTDPTZOFGBLDH-UHFFFAOYSA-N seed71 41.959s
958/8070 SUCCESS EGFR/HER2 3RCD FKTDPTZOFGBLDH-UHFFFAOYSA-N seed42 42.494s
959/8070 SUCCESS EGFR/HER2 3RCD FKTDPTZOFGBLDH-UHFFFAOYSA-N seed29 42.594s
960/8070 SUCCESS EGFR/HER2 3RCD FKTDPTZOFGBLDH-UHFFFAOYSA-N seed101 42.028s
961/8070 SUCCESS EGFR/HER2 3POZ BIIVYFLTOXDAOV-YVEFUNNKSA-N seed17 47.267s
962/8070 SUCCESS EGFR/HER2 3POZ BIIVYFLTOXDAOV-YVEFUNNKSA-N seed29 47.014s
963/8070 SUCCESS EGFR/HER2 3POZ BIIVYFLTOXDAOV-YVEFUNNKSA-N seed42 47.053s
964/8070 SUCCESS EGFR/HER2 3POZ BIIVYFLTOXDAOV-YVEFUNNKSA-N seed101 46.829s
965/8070 SUCCESS EGFR/HER2 3POZ BIIVYFLTOXDAOV-YVEFUNNKSA-N seed71 46.996s
966/8070 SUCCESS EGFR/HER2 3RCD BIIVYFLTOXDAOV-YVEFUNNKSA-N seed17 49.575s
967/8070 SUCCESS EGFR/HER2 3RCD BIIVYFLTOXDAOV-YVEFUNNKSA-N seed29 48.864s
968/8070 SUCCESS EGFR/HER2 3RCD BIIVYFLTOXDAOV-YVEFUNNKSA-N seed42 49.939s
969/8070 SUCCESS EGFR/HER2 3RCD BIIVYFLTOXDAOV-YVEFUNNKSA-N seed71 49.602s
970/8070 SUCCESS EGFR/HER2 3RCD BIIVYFLTOXDAOV-YVEFUNNKSA-N seed101 49.828s
971/8070 SUCCESS EGFR/HER2 3POZ FXWPQOUICUZLQL-UHFFFAOYSA-N seed17 197.421s
972/8070 SUCCESS EGFR/HER2 3POZ FXWPQOUICUZLQL-UHFFFAOYSA-N seed29 200.293s
973/8070 SUCCESS EGFR/HER2 3POZ FXWPQOUICUZLQL-UHFFFAOYSA-N seed42 199.737s
974/8070 SUCCESS EGFR/HER2 3RCD FXWPQOUICUZLQL-UHFFFAOYSA-N seed17 193.106s
975/8070 SUCCESS EGFR/HER2 3POZ FXWPQOUICUZLQL-UHFFFAOYSA-N seed101 198.621s
976/8070 SUCCESS EGFR/HER2 3POZ FXWPQOUICUZLQL-UHFFFAOYSA-N seed71 202.517s
977/8070 SUCCESS EGFR/HER2 3POZ NURBYSCFSBBMLZ-UHFFFAOYSA-N seed29 124.392s
978/8070 SUCCESS EGFR/HER2 3POZ NURBYSCFSBBMLZ-UHFFFAOYSA-N seed17 129.03s
979/8070 SUCCESS EGFR/HER2 3RCD FXWPQOUICUZLQL-UHFFFAOYSA-N seed29 191.378s
980/8070 SUCCESS EGFR/HER2 3RCD FXWPQOUICUZLQL-UHFFFAOYSA-N seed71 183.11s
981/8070 SUCCESS EGFR/HER2 3RCD FXWPQOUICUZLQL-UHFFFAOYSA-N seed42 201.38s
982/8070 SUCCESS EGFR/HER2 3RCD FXWPQOUICUZLQL-UHFFFAOYSA-N seed101 202.698s
983/8070 SUCCESS EGFR/HER2 3POZ NURBYSCFSBBMLZ-UHFFFAOYSA-N seed42 123.116s
984/8070 SUCCESS EGFR/HER2 3POZ NURBYSCFSBBMLZ-UHFFFAOYSA-N seed71 121.224s
985/8070 SUCCESS EGFR/HER2 3RCD NURBYSCFSBBMLZ-UHFFFAOYSA-N seed17 99.543s
986/8070 SUCCESS EGFR/HER2 3POZ NURBYSCFSBBMLZ-UHFFFAOYSA-N seed101 121.233s
987/8070 SUCCESS EGFR/HER2 3RCD NURBYSCFSBBMLZ-UHFFFAOYSA-N seed29 102.491s
988/8070 SUCCESS EGFR/HER2 3RCD NURBYSCFSBBMLZ-UHFFFAOYSA-N seed42 113.623s
989/8070 SUCCESS EGFR/HER2 3POZ OAVGBZOFDPFGPJ-UHFFFAOYSA-N seed17 97.997s
990/8070 SUCCESS EGFR/HER2 3RCD NURBYSCFSBBMLZ-UHFFFAOYSA-N seed71 105.057s
991/8070 SUCCESS EGFR/HER2 3RCD NURBYSCFSBBMLZ-UHFFFAOYSA-N seed101 105.31s
992/8070 SUCCESS EGFR/HER2 3POZ OAVGBZOFDPFGPJ-UHFFFAOYSA-N seed29 97.384s
993/8070 SUCCESS EGFR/HER2 3POZ OAVGBZOFDPFGPJ-UHFFFAOYSA-N seed42 99.226s
994/8070 SUCCESS EGFR/HER2 3POZ OAVGBZOFDPFGPJ-UHFFFAOYSA-N seed71 97.8s
995/8070 SUCCESS EGFR/HER2 3POZ OAVGBZOFDPFGPJ-UHFFFAOYSA-N seed101 96.488s
996/8070 SUCCESS EGFR/HER2 3RCD OAVGBZOFDPFGPJ-UHFFFAOYSA-N seed17 94.124s
997/8070 SUCCESS EGFR/HER2 3RCD OAVGBZOFDPFGPJ-UHFFFAOYSA-N seed29 98.027s
998/8070 SUCCESS EGFR/HER2 3RCD OAVGBZOFDPFGPJ-UHFFFAOYSA-N seed42 95.605s
999/8070 SUCCESS EGFR/HER2 3RCD OAVGBZOFDPFGPJ-UHFFFAOYSA-N seed71 95.951s
1000/8070 SUCCESS EGFR/HER2 3RCD OAVGBZOFDPFGPJ-UHFFFAOYSA-N seed101 98.618s
1001/8070 SUCCESS EGFR/HER2 3POZ KOBKLBFNTIJTTR-UHFFFAOYSA-N seed17 184.568s
1002/8070 SUCCESS EGFR/HER2 3POZ KOBKLBFNTIJTTR-UHFFFAOYSA-N seed29 187.467s
1003/8070 SUCCESS EGFR/HER2 3POZ KOBKLBFNTIJTTR-UHFFFAOYSA-N seed42 186.135s
1004/8070 SUCCESS EGFR/HER2 3POZ KOBKLBFNTIJTTR-UHFFFAOYSA-N seed71 187.436s
1005/8070 SUCCESS EGFR/HER2 3POZ KOBKLBFNTIJTTR-UHFFFAOYSA-N seed101 187.226s
1006/8070 SUCCESS EGFR/HER2 3RCD KOBKLBFNTIJTTR-UHFFFAOYSA-N seed17 170.812s
1007/8070 SUCCESS EGFR/HER2 3POZ OSNPLDLPFDTALJ-UHFFFAOYSA-N seed17 44.705s
1008/8070 SUCCESS EGFR/HER2 3POZ OSNPLDLPFDTALJ-UHFFFAOYSA-N seed29 44.372s
1009/8070 SUCCESS EGFR/HER2 3POZ OSNPLDLPFDTALJ-UHFFFAOYSA-N seed42 44.792s
1010/8070 SUCCESS EGFR/HER2 3POZ OSNPLDLPFDTALJ-UHFFFAOYSA-N seed71 45.065s
1011/8070 SUCCESS EGFR/HER2 3POZ OSNPLDLPFDTALJ-UHFFFAOYSA-N seed101 44.394s
1012/8070 SUCCESS EGFR/HER2 3RCD KOBKLBFNTIJTTR-UHFFFAOYSA-N seed29 165.563s
1013/8070 SUCCESS EGFR/HER2 3RCD KOBKLBFNTIJTTR-UHFFFAOYSA-N seed42 168.592s
1014/8070 SUCCESS EGFR/HER2 3RCD KOBKLBFNTIJTTR-UHFFFAOYSA-N seed71 167.264s
1015/8070 SUCCESS EGFR/HER2 3RCD KOBKLBFNTIJTTR-UHFFFAOYSA-N seed101 165.39s
1016/8070 SUCCESS EGFR/HER2 3RCD OSNPLDLPFDTALJ-UHFFFAOYSA-N seed17 43.347s
1017/8070 SUCCESS EGFR/HER2 3RCD OSNPLDLPFDTALJ-UHFFFAOYSA-N seed29 42.806s
1018/8070 SUCCESS EGFR/HER2 3RCD OSNPLDLPFDTALJ-UHFFFAOYSA-N seed42 42.88s
1019/8070 SUCCESS EGFR/HER2 3RCD OSNPLDLPFDTALJ-UHFFFAOYSA-N seed71 43.227s
1020/8070 SUCCESS EGFR/HER2 3RCD OSNPLDLPFDTALJ-UHFFFAOYSA-N seed101 43.47s
1021/8070 SUCCESS EGFR/HER2 3RCD ADFNBVCUNARPQJ-UHFFFAOYSA-N seed17 211.203s
1022/8070 SUCCESS EGFR/HER2 3POZ ADFNBVCUNARPQJ-UHFFFAOYSA-N seed17 261.94s
1023/8070 SUCCESS EGFR/HER2 3POZ ADFNBVCUNARPQJ-UHFFFAOYSA-N seed29 269.552s
1024/8070 SUCCESS EGFR/HER2 3POZ ADFNBVCUNARPQJ-UHFFFAOYSA-N seed42 259.221s
1025/8070 SUCCESS EGFR/HER2 3POZ ADFNBVCUNARPQJ-UHFFFAOYSA-N seed71 260.016s
1026/8070 SUCCESS EGFR/HER2 3POZ ADFNBVCUNARPQJ-UHFFFAOYSA-N seed101 277.059s
1027/8070 SUCCESS EGFR/HER2 3POZ IKXDZCIRCQRTQF-UHFFFAOYSA-N seed17 104.336s
1028/8070 SUCCESS EGFR/HER2 3POZ IKXDZCIRCQRTQF-UHFFFAOYSA-N seed29 107.084s
1029/8070 SUCCESS EGFR/HER2 3RCD ADFNBVCUNARPQJ-UHFFFAOYSA-N seed29 215.126s
1030/8070 SUCCESS EGFR/HER2 3RCD ADFNBVCUNARPQJ-UHFFFAOYSA-N seed42 214.839s
1031/8070 SUCCESS EGFR/HER2 3RCD ADFNBVCUNARPQJ-UHFFFAOYSA-N seed71 220.424s
1032/8070 SUCCESS EGFR/HER2 3RCD ADFNBVCUNARPQJ-UHFFFAOYSA-N seed101 214.903s
1033/8070 SUCCESS EGFR/HER2 3POZ IKXDZCIRCQRTQF-UHFFFAOYSA-N seed42 104.802s
1034/8070 SUCCESS EGFR/HER2 3POZ IKXDZCIRCQRTQF-UHFFFAOYSA-N seed71 104.798s
1035/8070 SUCCESS EGFR/HER2 3RCD IKXDZCIRCQRTQF-UHFFFAOYSA-N seed17 91.802s
1036/8070 SUCCESS EGFR/HER2 3POZ IKXDZCIRCQRTQF-UHFFFAOYSA-N seed101 102.44s
1037/8070 SUCCESS EGFR/HER2 3RCD IKXDZCIRCQRTQF-UHFFFAOYSA-N seed29 90.338s
1038/8070 SUCCESS EGFR/HER2 3RCD IKXDZCIRCQRTQF-UHFFFAOYSA-N seed42 93.313s
1039/8070 SUCCESS EGFR/HER2 3RCD IKXDZCIRCQRTQF-UHFFFAOYSA-N seed71 90.736s
1040/8070 SUCCESS EGFR/HER2 3RCD IKXDZCIRCQRTQF-UHFFFAOYSA-N seed101 91.976s
1041/8070 SUCCESS EGFR/HER2 3POZ NWRYHCNPTDKBAI-FYYLOGMGSA-N seed17 323.9s
1042/8070 SUCCESS EGFR/HER2 3POZ NWRYHCNPTDKBAI-FYYLOGMGSA-N seed29 331.513s
1043/8070 SUCCESS EGFR/HER2 3RCD NWRYHCNPTDKBAI-FYYLOGMGSA-N seed17 298.392s
1044/8070 SUCCESS EGFR/HER2 3POZ NWRYHCNPTDKBAI-FYYLOGMGSA-N seed42 337.378s
1045/8070 SUCCESS EGFR/HER2 3POZ NWRYHCNPTDKBAI-FYYLOGMGSA-N seed71 357.877s
1046/8070 SUCCESS EGFR/HER2 3POZ NWRYHCNPTDKBAI-FYYLOGMGSA-N seed101 358.332s
1047/8070 SUCCESS EGFR/HER2 3RCD NWRYHCNPTDKBAI-FYYLOGMGSA-N seed29 361.446s
1048/8070 SUCCESS EGFR/HER2 3RCD NWRYHCNPTDKBAI-FYYLOGMGSA-N seed42 363.984s
1049/8070 SUCCESS EGFR/HER2 3POZ MGBJUGCCYZJVGR-QHCPKHFHSA-N seed29 318.145s
1050/8070 SUCCESS EGFR/HER2 3RCD NWRYHCNPTDKBAI-FYYLOGMGSA-N seed71 350.509s
1051/8070 SUCCESS EGFR/HER2 3RCD NWRYHCNPTDKBAI-FYYLOGMGSA-N seed101 357.286s
1052/8070 SUCCESS EGFR/HER2 3POZ MGBJUGCCYZJVGR-QHCPKHFHSA-N seed17 337.554s
1053/8070 SUCCESS EGFR/HER2 3RCD MGBJUGCCYZJVGR-QHCPKHFHSA-N seed17 281.892s
1054/8070 SUCCESS EGFR/HER2 3RCD MGBJUGCCYZJVGR-QHCPKHFHSA-N seed42 277.561s
1055/8070 SUCCESS EGFR/HER2 3RCD MGBJUGCCYZJVGR-QHCPKHFHSA-N seed29 291.477s
1056/8070 SUCCESS EGFR/HER2 3POZ MGBJUGCCYZJVGR-QHCPKHFHSA-N seed71 313.83s
1057/8070 SUCCESS EGFR/HER2 3POZ MGBJUGCCYZJVGR-QHCPKHFHSA-N seed42 337.074s
1058/8070 SUCCESS EGFR/HER2 3POZ MGBJUGCCYZJVGR-QHCPKHFHSA-N seed101 323.506s
1059/8070 SUCCESS EGFR/HER2 3POZ JHULSUDSBNZWAW-AERCQKQUSA-N seed17 227.208s
1060/8070 SUCCESS EGFR/HER2 3POZ JHULSUDSBNZWAW-AERCQKQUSA-N seed29 216.42s
1061/8070 SUCCESS EGFR/HER2 3POZ JHULSUDSBNZWAW-AERCQKQUSA-N seed71 219.759s
1062/8070 SUCCESS EGFR/HER2 3POZ JHULSUDSBNZWAW-AERCQKQUSA-N seed42 230.462s
1063/8070 SUCCESS EGFR/HER2 3RCD MGBJUGCCYZJVGR-QHCPKHFHSA-N seed71 274.854s
1064/8070 SUCCESS EGFR/HER2 3RCD MGBJUGCCYZJVGR-QHCPKHFHSA-N seed101 273.935s
1065/8070 SUCCESS EGFR/HER2 3RCD JHULSUDSBNZWAW-AERCQKQUSA-N seed17 169.652s
1066/8070 SUCCESS EGFR/HER2 3RCD JHULSUDSBNZWAW-AERCQKQUSA-N seed29 174.513s
1067/8070 SUCCESS EGFR/HER2 3RCD JHULSUDSBNZWAW-AERCQKQUSA-N seed71 164.696s
1068/8070 SUCCESS EGFR/HER2 3RCD JHULSUDSBNZWAW-AERCQKQUSA-N seed42 170.295s
1069/8070 SUCCESS EGFR/HER2 3POZ JHULSUDSBNZWAW-AERCQKQUSA-N seed101 206.814s
1070/8070 SUCCESS EGFR/HER2 3RCD JHULSUDSBNZWAW-AERCQKQUSA-N seed101 171.854s
1071/8070 SUCCESS EGFR/HER2 3POZ ULHGAQSVFPOUDY-UHFFFAOYSA-N seed17 113.017s
1072/8070 SUCCESS EGFR/HER2 3RCD ULHGAQSVFPOUDY-UHFFFAOYSA-N seed17 94.308s
1073/8070 SUCCESS EGFR/HER2 3POZ ULHGAQSVFPOUDY-UHFFFAOYSA-N seed29 115.056s
1074/8070 SUCCESS EGFR/HER2 3POZ ULHGAQSVFPOUDY-UHFFFAOYSA-N seed71 111.547s
1075/8070 SUCCESS EGFR/HER2 3POZ ULHGAQSVFPOUDY-UHFFFAOYSA-N seed42 114.141s
1076/8070 SUCCESS EGFR/HER2 3POZ ULHGAQSVFPOUDY-UHFFFAOYSA-N seed101 117.075s
1077/8070 SUCCESS EGFR/HER2 3RCD ULHGAQSVFPOUDY-UHFFFAOYSA-N seed29 94.283s
1078/8070 SUCCESS EGFR/HER2 3RCD ULHGAQSVFPOUDY-UHFFFAOYSA-N seed42 97.29s
1079/8070 SUCCESS EGFR/HER2 3RCD ULHGAQSVFPOUDY-UHFFFAOYSA-N seed71 99.527s
1080/8070 SUCCESS EGFR/HER2 3RCD ULHGAQSVFPOUDY-UHFFFAOYSA-N seed101 98.209s
1081/8070 SUCCESS EGFR/HER2 3POZ WVWYBUKDEAJOCJ-UHFFFAOYSA-N seed17 107.361s
1082/8070 SUCCESS EGFR/HER2 3POZ WVWYBUKDEAJOCJ-UHFFFAOYSA-N seed29 108.529s
1083/8070 SUCCESS EGFR/HER2 3POZ WVWYBUKDEAJOCJ-UHFFFAOYSA-N seed42 105.64s
1084/8070 SUCCESS EGFR/HER2 3RCD WVWYBUKDEAJOCJ-UHFFFAOYSA-N seed17 89.956s
1085/8070 SUCCESS EGFR/HER2 3RCD WVWYBUKDEAJOCJ-UHFFFAOYSA-N seed29 85.51s
1086/8070 SUCCESS EGFR/HER2 3POZ WVWYBUKDEAJOCJ-UHFFFAOYSA-N seed71 103.909s
1087/8070 SUCCESS EGFR/HER2 3POZ WVWYBUKDEAJOCJ-UHFFFAOYSA-N seed101 104.626s
1088/8070 SUCCESS EGFR/HER2 3RCD WVWYBUKDEAJOCJ-UHFFFAOYSA-N seed42 85.668s
1089/8070 SUCCESS EGFR/HER2 3RCD WVWYBUKDEAJOCJ-UHFFFAOYSA-N seed71 86.165s
1090/8070 SUCCESS EGFR/HER2 3RCD WVWYBUKDEAJOCJ-UHFFFAOYSA-N seed101 85.232s
1091/8070 SUCCESS EGFR/HER2 3POZ LSTSYXGQPRASQW-NSIKDUERSA-N seed17 94.402s
1092/8070 SUCCESS EGFR/HER2 3POZ LSTSYXGQPRASQW-NSIKDUERSA-N seed29 92.516s
1093/8070 SUCCESS EGFR/HER2 3POZ LSTSYXGQPRASQW-NSIKDUERSA-N seed42 92.927s
1094/8070 SUCCESS EGFR/HER2 3POZ LSTSYXGQPRASQW-NSIKDUERSA-N seed71 92.876s
1095/8070 SUCCESS EGFR/HER2 3POZ LSTSYXGQPRASQW-NSIKDUERSA-N seed101 93.223s
1096/8070 SUCCESS EGFR/HER2 3RCD LSTSYXGQPRASQW-NSIKDUERSA-N seed17 92.074s
1097/8070 SUCCESS EGFR/HER2 3RCD LSTSYXGQPRASQW-NSIKDUERSA-N seed29 92.229s
1098/8070 SUCCESS EGFR/HER2 3RCD LSTSYXGQPRASQW-NSIKDUERSA-N seed42 92.484s
1099/8070 SUCCESS EGFR/HER2 3RCD LSTSYXGQPRASQW-NSIKDUERSA-N seed71 92.783s
1100/8070 SUCCESS EGFR/HER2 3RCD LSTSYXGQPRASQW-NSIKDUERSA-N seed101 95.565s
1101/8070 SUCCESS JAK1/JAK2 6N7A DJAICIVAVSHFRM-UHFFFAOYSA-N seed17 81.237s
1102/8070 SUCCESS JAK1/JAK2 6N7A DJAICIVAVSHFRM-UHFFFAOYSA-N seed29 82.135s
1103/8070 SUCCESS JAK1/JAK2 6N7A DJAICIVAVSHFRM-UHFFFAOYSA-N seed42 83.63s
1104/8070 SUCCESS JAK1/JAK2 6N7A DJAICIVAVSHFRM-UHFFFAOYSA-N seed71 82.61s
1105/8070 SUCCESS JAK1/JAK2 6N7A DJAICIVAVSHFRM-UHFFFAOYSA-N seed101 83.022s
1106/8070 SUCCESS JAK1/JAK2 8BXH DJAICIVAVSHFRM-UHFFFAOYSA-N seed17 76.599s
1107/8070 SUCCESS JAK1/JAK2 8BXH DJAICIVAVSHFRM-UHFFFAOYSA-N seed29 74.73s
1108/8070 SUCCESS JAK1/JAK2 8BXH DJAICIVAVSHFRM-UHFFFAOYSA-N seed42 75.12s
1109/8070 SUCCESS JAK1/JAK2 8BXH DJAICIVAVSHFRM-UHFFFAOYSA-N seed71 74.598s
1110/8070 SUCCESS JAK1/JAK2 8BXH DJAICIVAVSHFRM-UHFFFAOYSA-N seed101 74.514s
1111/8070 SUCCESS JAK1/JAK2 6N7A IQCLJRQNJINKEK-GASCZTMLSA-N seed17 153.489s
1112/8070 SUCCESS JAK1/JAK2 6N7A IQCLJRQNJINKEK-GASCZTMLSA-N seed29 154.457s
1113/8070 SUCCESS JAK1/JAK2 6N7A IQCLJRQNJINKEK-GASCZTMLSA-N seed42 155.121s
1114/8070 SUCCESS JAK1/JAK2 8BXH IQCLJRQNJINKEK-GASCZTMLSA-N seed17 132.847s
1115/8070 SUCCESS JAK1/JAK2 6N7A IQCLJRQNJINKEK-GASCZTMLSA-N seed71 153.712s
1116/8070 SUCCESS JAK1/JAK2 6N7A IQCLJRQNJINKEK-GASCZTMLSA-N seed101 158.024s
1117/8070 SUCCESS JAK1/JAK2 8BXH IQCLJRQNJINKEK-GASCZTMLSA-N seed29 140.244s
1118/8070 SUCCESS JAK1/JAK2 8BXH IQCLJRQNJINKEK-GASCZTMLSA-N seed42 139.958s
1119/8070 SUCCESS JAK1/JAK2 6N7A PMBVJRGBYOKWGM-XYPWUTKMSA-N seed17 116.786s
1120/8070 SUCCESS JAK1/JAK2 8BXH IQCLJRQNJINKEK-GASCZTMLSA-N seed71 140.433s
1121/8070 SUCCESS JAK1/JAK2 6N7A PMBVJRGBYOKWGM-XYPWUTKMSA-N seed29 115.67s
1122/8070 SUCCESS JAK1/JAK2 8BXH IQCLJRQNJINKEK-GASCZTMLSA-N seed101 141.891s
1123/8070 SUCCESS JAK1/JAK2 6N7A PMBVJRGBYOKWGM-XYPWUTKMSA-N seed42 118.951s
1124/8070 SUCCESS JAK1/JAK2 6N7A PMBVJRGBYOKWGM-XYPWUTKMSA-N seed71 118.273s
1125/8070 SUCCESS JAK1/JAK2 6N7A PMBVJRGBYOKWGM-XYPWUTKMSA-N seed101 116.578s
1126/8070 SUCCESS JAK1/JAK2 8BXH PMBVJRGBYOKWGM-XYPWUTKMSA-N seed17 108.852s
1127/8070 SUCCESS JAK1/JAK2 8BXH PMBVJRGBYOKWGM-XYPWUTKMSA-N seed29 109.088s
1128/8070 SUCCESS JAK1/JAK2 8BXH PMBVJRGBYOKWGM-XYPWUTKMSA-N seed42 109.956s
1129/8070 SUCCESS JAK1/JAK2 6N7A SDTXZRMORPGVBY-UMSPYCQHSA-N seed17 48.327s
1130/8070 SUCCESS JAK1/JAK2 6N7A SDTXZRMORPGVBY-UMSPYCQHSA-N seed29 48.083s
1131/8070 SUCCESS JAK1/JAK2 6N7A SDTXZRMORPGVBY-UMSPYCQHSA-N seed42 48.018s
1132/8070 SUCCESS JAK1/JAK2 6N7A SDTXZRMORPGVBY-UMSPYCQHSA-N seed71 48.409s
1133/8070 SUCCESS JAK1/JAK2 8BXH PMBVJRGBYOKWGM-XYPWUTKMSA-N seed71 103.901s
1134/8070 SUCCESS JAK1/JAK2 8BXH PMBVJRGBYOKWGM-XYPWUTKMSA-N seed101 103.611s
1135/8070 SUCCESS JAK1/JAK2 6N7A SDTXZRMORPGVBY-UMSPYCQHSA-N seed101 45.706s
1136/8070 SUCCESS JAK1/JAK2 8BXH SDTXZRMORPGVBY-UMSPYCQHSA-N seed17 46.089s
1137/8070 SUCCESS JAK1/JAK2 8BXH SDTXZRMORPGVBY-UMSPYCQHSA-N seed29 46.135s
1138/8070 SUCCESS JAK1/JAK2 8BXH SDTXZRMORPGVBY-UMSPYCQHSA-N seed42 45.944s
1139/8070 SUCCESS JAK1/JAK2 8BXH SDTXZRMORPGVBY-UMSPYCQHSA-N seed71 45.452s
1140/8070 SUCCESS JAK1/JAK2 8BXH SDTXZRMORPGVBY-UMSPYCQHSA-N seed101 44.821s
1141/8070 SUCCESS JAK1/JAK2 6N7A MNQSOOKWQBQJNY-LLVKDONJSA-N seed17 46.615s
1142/8070 SUCCESS JAK1/JAK2 6N7A MNQSOOKWQBQJNY-LLVKDONJSA-N seed29 46.694s
1143/8070 SUCCESS JAK1/JAK2 6N7A MNQSOOKWQBQJNY-LLVKDONJSA-N seed42 48.604s
1144/8070 SUCCESS JAK1/JAK2 6N7A MNQSOOKWQBQJNY-LLVKDONJSA-N seed71 48.922s
1145/8070 SUCCESS JAK1/JAK2 6N7A MNQSOOKWQBQJNY-LLVKDONJSA-N seed101 48.472s
1146/8070 SUCCESS JAK1/JAK2 8BXH MNQSOOKWQBQJNY-LLVKDONJSA-N seed17 45.512s
1147/8070 SUCCESS JAK1/JAK2 8BXH MNQSOOKWQBQJNY-LLVKDONJSA-N seed29 47.06s
1148/8070 SUCCESS JAK1/JAK2 8BXH MNQSOOKWQBQJNY-LLVKDONJSA-N seed42 47.567s
1149/8070 SUCCESS JAK1/JAK2 8BXH MNQSOOKWQBQJNY-LLVKDONJSA-N seed71 47.242s
1150/8070 SUCCESS JAK1/JAK2 6N7A ITVPJECOOYHMHF-SECBINFHSA-N seed17 34.05s
1151/8070 SUCCESS JAK1/JAK2 8BXH MNQSOOKWQBQJNY-LLVKDONJSA-N seed101 47.175s
1152/8070 SUCCESS JAK1/JAK2 6N7A ITVPJECOOYHMHF-SECBINFHSA-N seed29 34.199s
1153/8070 SUCCESS JAK1/JAK2 6N7A ITVPJECOOYHMHF-SECBINFHSA-N seed42 31.337s
1154/8070 SUCCESS JAK1/JAK2 6N7A ITVPJECOOYHMHF-SECBINFHSA-N seed71 31.796s
1155/8070 SUCCESS JAK1/JAK2 6N7A ITVPJECOOYHMHF-SECBINFHSA-N seed101 31.97s
1156/8070 SUCCESS JAK1/JAK2 8BXH ITVPJECOOYHMHF-SECBINFHSA-N seed17 31.183s
1157/8070 SUCCESS JAK1/JAK2 8BXH ITVPJECOOYHMHF-SECBINFHSA-N seed29 30.691s
1158/8070 SUCCESS JAK1/JAK2 8BXH ITVPJECOOYHMHF-SECBINFHSA-N seed42 30.864s
1159/8070 SUCCESS JAK1/JAK2 8BXH ITVPJECOOYHMHF-SECBINFHSA-N seed71 30.833s
1160/8070 SUCCESS JAK1/JAK2 8BXH ITVPJECOOYHMHF-SECBINFHSA-N seed101 29.664s
1161/8070 SUCCESS JAK1/JAK2 6N7A PDGMUYOWMMAPOK-CYBMUJFWSA-N seed17 58.549s
1162/8070 SUCCESS JAK1/JAK2 6N7A PDGMUYOWMMAPOK-CYBMUJFWSA-N seed42 58.605s
1163/8070 SUCCESS JAK1/JAK2 6N7A PDGMUYOWMMAPOK-CYBMUJFWSA-N seed29 58.753s
1164/8070 SUCCESS JAK1/JAK2 6N7A PDGMUYOWMMAPOK-CYBMUJFWSA-N seed71 58.669s
1165/8070 SUCCESS JAK1/JAK2 6N7A PDGMUYOWMMAPOK-CYBMUJFWSA-N seed101 58.621s
1166/8070 SUCCESS JAK1/JAK2 8BXH PDGMUYOWMMAPOK-CYBMUJFWSA-N seed17 56.213s
1167/8070 SUCCESS JAK1/JAK2 8BXH PDGMUYOWMMAPOK-CYBMUJFWSA-N seed29 54.968s
1168/8070 SUCCESS JAK1/JAK2 8BXH PDGMUYOWMMAPOK-CYBMUJFWSA-N seed42 54.236s
1169/8070 SUCCESS JAK1/JAK2 8BXH PDGMUYOWMMAPOK-CYBMUJFWSA-N seed71 54.412s
1170/8070 SUCCESS JAK1/JAK2 8BXH PDGMUYOWMMAPOK-CYBMUJFWSA-N seed101 54.072s
1171/8070 SUCCESS JAK1/JAK2 6N7A HEKOQDACDARSSX-GFCCVEGCSA-N seed17 64.029s
1172/8070 SUCCESS JAK1/JAK2 6N7A HEKOQDACDARSSX-GFCCVEGCSA-N seed29 62.89s
1173/8070 SUCCESS JAK1/JAK2 8BXH HEKOQDACDARSSX-GFCCVEGCSA-N seed17 62.16s
1174/8070 SUCCESS JAK1/JAK2 6N7A HEKOQDACDARSSX-GFCCVEGCSA-N seed42 67.843s
1175/8070 SUCCESS JAK1/JAK2 6N7A HEKOQDACDARSSX-GFCCVEGCSA-N seed71 68.139s
1176/8070 SUCCESS JAK1/JAK2 6N7A HEKOQDACDARSSX-GFCCVEGCSA-N seed101 68.805s
1177/8070 SUCCESS JAK1/JAK2 8BXH HEKOQDACDARSSX-GFCCVEGCSA-N seed29 62.37s
1178/8070 SUCCESS JAK1/JAK2 8BXH HEKOQDACDARSSX-GFCCVEGCSA-N seed42 62.522s
1179/8070 SUCCESS JAK1/JAK2 8BXH HEKOQDACDARSSX-GFCCVEGCSA-N seed71 62.504s
1180/8070 SUCCESS JAK1/JAK2 8BXH HEKOQDACDARSSX-GFCCVEGCSA-N seed101 61.788s
1181/8070 SUCCESS JAK1/JAK2 6N7A OCMXVQWXVVAJMF-HNNXBMFYSA-N seed29 60.065s
1182/8070 SUCCESS JAK1/JAK2 6N7A OCMXVQWXVVAJMF-HNNXBMFYSA-N seed17 61.016s
1183/8070 SUCCESS JAK1/JAK2 6N7A OCMXVQWXVVAJMF-HNNXBMFYSA-N seed42 63.37s
1184/8070 SUCCESS JAK1/JAK2 6N7A OCMXVQWXVVAJMF-HNNXBMFYSA-N seed71 62.541s
1185/8070 SUCCESS JAK1/JAK2 6N7A OCMXVQWXVVAJMF-HNNXBMFYSA-N seed101 62.796s
1186/8070 SUCCESS JAK1/JAK2 8BXH OCMXVQWXVVAJMF-HNNXBMFYSA-N seed42 61.029s
1187/8070 SUCCESS JAK1/JAK2 8BXH OCMXVQWXVVAJMF-HNNXBMFYSA-N seed29 61.493s
1188/8070 SUCCESS JAK1/JAK2 8BXH OCMXVQWXVVAJMF-HNNXBMFYSA-N seed17 63.668s
1189/8070 SUCCESS JAK1/JAK2 8BXH OCMXVQWXVVAJMF-HNNXBMFYSA-N seed71 60.942s
1190/8070 SUCCESS JAK1/JAK2 8BXH OCMXVQWXVVAJMF-HNNXBMFYSA-N seed101 59.874s
1191/8070 SUCCESS JAK1/JAK2 6N7A KRNMWFLASUZVPJ-INIZCTEOSA-N seed17 89.571s
1192/8070 SUCCESS JAK1/JAK2 6N7A KRNMWFLASUZVPJ-INIZCTEOSA-N seed29 89.543s
1193/8070 SUCCESS JAK1/JAK2 6N7A KRNMWFLASUZVPJ-INIZCTEOSA-N seed42 89.648s
1194/8070 SUCCESS JAK1/JAK2 6N7A KRNMWFLASUZVPJ-INIZCTEOSA-N seed71 90.216s
1195/8070 SUCCESS JAK1/JAK2 8BXH KRNMWFLASUZVPJ-INIZCTEOSA-N seed17 82.454s
1196/8070 SUCCESS JAK1/JAK2 6N7A KRNMWFLASUZVPJ-INIZCTEOSA-N seed101 90.278s
1197/8070 SUCCESS JAK1/JAK2 6N7A WTLXPXUKKTVUIR-INIZCTEOSA-N seed17 56.294s
1198/8070 SUCCESS JAK1/JAK2 8BXH KRNMWFLASUZVPJ-INIZCTEOSA-N seed29 76.491s
1199/8070 SUCCESS JAK1/JAK2 8BXH KRNMWFLASUZVPJ-INIZCTEOSA-N seed42 76.611s
1200/8070 SUCCESS JAK1/JAK2 6N7A WTLXPXUKKTVUIR-INIZCTEOSA-N seed29 57.009s
1201/8070 SUCCESS JAK1/JAK2 8BXH KRNMWFLASUZVPJ-INIZCTEOSA-N seed71 77.897s
1202/8070 SUCCESS JAK1/JAK2 8BXH KRNMWFLASUZVPJ-INIZCTEOSA-N seed101 78.279s
1203/8070 SUCCESS JAK1/JAK2 6N7A WTLXPXUKKTVUIR-INIZCTEOSA-N seed42 58.052s
1204/8070 SUCCESS JAK1/JAK2 8BXH WTLXPXUKKTVUIR-INIZCTEOSA-N seed17 54.534s
1205/8070 SUCCESS JAK1/JAK2 8BXH WTLXPXUKKTVUIR-INIZCTEOSA-N seed29 54.872s
1206/8070 SUCCESS JAK1/JAK2 6N7A WTLXPXUKKTVUIR-INIZCTEOSA-N seed71 57.902s
1207/8070 SUCCESS JAK1/JAK2 6N7A WTLXPXUKKTVUIR-INIZCTEOSA-N seed101 58.114s
1208/8070 SUCCESS JAK1/JAK2 8BXH WTLXPXUKKTVUIR-INIZCTEOSA-N seed42 54.531s
1209/8070 SUCCESS JAK1/JAK2 8BXH WTLXPXUKKTVUIR-INIZCTEOSA-N seed71 55.999s
1210/8070 SUCCESS JAK1/JAK2 8BXH WTLXPXUKKTVUIR-INIZCTEOSA-N seed101 57.109s
1211/8070 SUCCESS JAK1/JAK2 6N7A JQKDWSJGLLIFBM-UBHSHLNASA-N seed17 87.236s
1212/8070 SUCCESS JAK1/JAK2 6N7A JQKDWSJGLLIFBM-UBHSHLNASA-N seed29 86.987s
1213/8070 SUCCESS JAK1/JAK2 6N7A JQKDWSJGLLIFBM-UBHSHLNASA-N seed42 86.83s
1214/8070 SUCCESS JAK1/JAK2 6N7A JQKDWSJGLLIFBM-UBHSHLNASA-N seed71 87.424s
1215/8070 SUCCESS JAK1/JAK2 6N7A JQKDWSJGLLIFBM-UBHSHLNASA-N seed101 84.176s
1216/8070 SUCCESS JAK1/JAK2 8BXH JQKDWSJGLLIFBM-UBHSHLNASA-N seed17 84.212s
1217/8070 SUCCESS JAK1/JAK2 8BXH JQKDWSJGLLIFBM-UBHSHLNASA-N seed29 83.853s
1218/8070 SUCCESS JAK1/JAK2 8BXH JQKDWSJGLLIFBM-UBHSHLNASA-N seed42 86.109s
1219/8070 SUCCESS JAK1/JAK2 8BXH JQKDWSJGLLIFBM-UBHSHLNASA-N seed101 84.929s
1220/8070 SUCCESS JAK1/JAK2 8BXH JQKDWSJGLLIFBM-UBHSHLNASA-N seed71 86.111s
1221/8070 SUCCESS JAK1/JAK2 8BXH NGEQQUWHBWTKEQ-MRXNPFEDSA-N seed17 223.103s
1222/8070 SUCCESS JAK1/JAK2 6N7A NGEQQUWHBWTKEQ-MRXNPFEDSA-N seed29 292.609s
1223/8070 SUCCESS JAK1/JAK2 6N7A NGEQQUWHBWTKEQ-MRXNPFEDSA-N seed17 302.863s
1224/8070 SUCCESS JAK1/JAK2 6N7A NGEQQUWHBWTKEQ-MRXNPFEDSA-N seed101 290.148s
1225/8070 SUCCESS JAK1/JAK2 6N7A NGEQQUWHBWTKEQ-MRXNPFEDSA-N seed71 292.983s
1226/8070 SUCCESS JAK1/JAK2 6N7A NGEQQUWHBWTKEQ-MRXNPFEDSA-N seed42 297.198s
1227/8070 SUCCESS JAK1/JAK2 8BXH NGEQQUWHBWTKEQ-MRXNPFEDSA-N seed29 189.5s
1228/8070 SUCCESS JAK1/JAK2 8BXH NGEQQUWHBWTKEQ-MRXNPFEDSA-N seed42 195.017s
1229/8070 SUCCESS JAK1/JAK2 8BXH NGEQQUWHBWTKEQ-MRXNPFEDSA-N seed71 193.721s
1230/8070 SUCCESS JAK1/JAK2 8BXH NGEQQUWHBWTKEQ-MRXNPFEDSA-N seed101 189.182s
1231/8070 SUCCESS JAK1/JAK2 6N7A HCRQGSALPJKLLR-NTKDMRAZSA-N seed17 330.525s
1232/8070 SUCCESS JAK1/JAK2 6N7A HCRQGSALPJKLLR-NTKDMRAZSA-N seed29 349.274s
1233/8070 SUCCESS JAK1/JAK2 8BXH HCRQGSALPJKLLR-NTKDMRAZSA-N seed17 244.986s
1234/8070 SUCCESS JAK1/JAK2 6N7A HCRQGSALPJKLLR-NTKDMRAZSA-N seed42 344.241s
1235/8070 SUCCESS JAK1/JAK2 6N7A HCRQGSALPJKLLR-NTKDMRAZSA-N seed71 355.887s
1236/8070 SUCCESS JAK1/JAK2 6N7A HCRQGSALPJKLLR-NTKDMRAZSA-N seed101 352.313s
1237/8070 SUCCESS JAK1/JAK2 8BXH HCRQGSALPJKLLR-NTKDMRAZSA-N seed29 235.135s
1238/8070 SUCCESS JAK1/JAK2 8BXH HCRQGSALPJKLLR-NTKDMRAZSA-N seed42 232.746s
1239/8070 SUCCESS JAK1/JAK2 6N7A KVNPGZVFMJXRBG-SFHVURJKSA-N seed29 78.337s
1240/8070 SUCCESS JAK1/JAK2 6N7A KVNPGZVFMJXRBG-SFHVURJKSA-N seed17 78.709s
1241/8070 SUCCESS JAK1/JAK2 6N7A KVNPGZVFMJXRBG-SFHVURJKSA-N seed42 77.006s
1242/8070 SUCCESS JAK1/JAK2 8BXH HCRQGSALPJKLLR-NTKDMRAZSA-N seed71 226.998s
1243/8070 SUCCESS JAK1/JAK2 6N7A KVNPGZVFMJXRBG-SFHVURJKSA-N seed71 77.781s
1244/8070 SUCCESS JAK1/JAK2 8BXH KVNPGZVFMJXRBG-SFHVURJKSA-N seed17 73.518s
1245/8070 SUCCESS JAK1/JAK2 6N7A KVNPGZVFMJXRBG-SFHVURJKSA-N seed101 76.687s
1246/8070 SUCCESS JAK1/JAK2 8BXH HCRQGSALPJKLLR-NTKDMRAZSA-N seed101 225.522s
1247/8070 SUCCESS JAK1/JAK2 8BXH KVNPGZVFMJXRBG-SFHVURJKSA-N seed29 71.62s
1248/8070 SUCCESS JAK1/JAK2 8BXH KVNPGZVFMJXRBG-SFHVURJKSA-N seed42 72.076s
1249/8070 SUCCESS JAK1/JAK2 8BXH KVNPGZVFMJXRBG-SFHVURJKSA-N seed71 72.432s
1250/8070 SUCCESS JAK1/JAK2 8BXH KVNPGZVFMJXRBG-SFHVURJKSA-N seed101 72.466s
1251/8070 SUCCESS JAK1/JAK2 6N7A UKPORPWVWHZWTG-ZWKOTPCHSA-N seed17 227.946s
1252/8070 SUCCESS JAK1/JAK2 8BXH UKPORPWVWHZWTG-ZWKOTPCHSA-N seed17 160.348s
1253/8070 SUCCESS JAK1/JAK2 6N7A UKPORPWVWHZWTG-ZWKOTPCHSA-N seed29 224.78s
1254/8070 SUCCESS JAK1/JAK2 6N7A UKPORPWVWHZWTG-ZWKOTPCHSA-N seed42 226.508s
1255/8070 SUCCESS JAK1/JAK2 6N7A UKPORPWVWHZWTG-ZWKOTPCHSA-N seed71 231.875s
1256/8070 SUCCESS JAK1/JAK2 6N7A UKPORPWVWHZWTG-ZWKOTPCHSA-N seed101 228.966s
1257/8070 SUCCESS JAK1/JAK2 8BXH UKPORPWVWHZWTG-ZWKOTPCHSA-N seed29 153.708s
1258/8070 SUCCESS JAK1/JAK2 8BXH UKPORPWVWHZWTG-ZWKOTPCHSA-N seed42 154.417s
1259/8070 SUCCESS JAK1/JAK2 8BXH UKPORPWVWHZWTG-ZWKOTPCHSA-N seed71 153.653s
1260/8070 SUCCESS JAK1/JAK2 8BXH UKPORPWVWHZWTG-ZWKOTPCHSA-N seed101 154.069s
1261/8070 SUCCESS JAK1/JAK2 6N7A UAKGPERAUAMZPO-IAGOWNOFSA-N seed29 189.825s
1262/8070 SUCCESS JAK1/JAK2 6N7A UAKGPERAUAMZPO-IAGOWNOFSA-N seed17 192.454s
1263/8070 SUCCESS JAK1/JAK2 6N7A UAKGPERAUAMZPO-IAGOWNOFSA-N seed42 219.795s
1264/8070 SUCCESS JAK1/JAK2 6N7A UAKGPERAUAMZPO-IAGOWNOFSA-N seed71 219.5s
1265/8070 SUCCESS JAK1/JAK2 8BXH UAKGPERAUAMZPO-IAGOWNOFSA-N seed17 185.347s
1266/8070 SUCCESS JAK1/JAK2 6N7A UAKGPERAUAMZPO-IAGOWNOFSA-N seed101 227.299s
1267/8070 SUCCESS JAK1/JAK2 8BXH UAKGPERAUAMZPO-IAGOWNOFSA-N seed42 197.162s
1268/8070 SUCCESS JAK1/JAK2 8BXH UAKGPERAUAMZPO-IAGOWNOFSA-N seed29 203.031s
1269/8070 SUCCESS JAK1/JAK2 6N7A JNKWGCLPFCMWJB-XYPHTWIQSA-N seed17 79.243s
1270/8070 SUCCESS JAK1/JAK2 6N7A JNKWGCLPFCMWJB-XYPHTWIQSA-N seed29 78.797s
1271/8070 SUCCESS JAK1/JAK2 6N7A JNKWGCLPFCMWJB-XYPHTWIQSA-N seed42 75.626s
1272/8070 SUCCESS JAK1/JAK2 6N7A JNKWGCLPFCMWJB-XYPHTWIQSA-N seed71 74.639s
1273/8070 SUCCESS JAK1/JAK2 6N7A JNKWGCLPFCMWJB-XYPHTWIQSA-N seed101 74.412s
1274/8070 SUCCESS JAK1/JAK2 8BXH JNKWGCLPFCMWJB-XYPHTWIQSA-N seed17 73.342s
1275/8070 SUCCESS JAK1/JAK2 8BXH UAKGPERAUAMZPO-IAGOWNOFSA-N seed101 201.858s
1276/8070 SUCCESS JAK1/JAK2 8BXH UAKGPERAUAMZPO-IAGOWNOFSA-N seed71 204.76s
1277/8070 SUCCESS JAK1/JAK2 8BXH JNKWGCLPFCMWJB-XYPHTWIQSA-N seed29 71.913s
1278/8070 SUCCESS JAK1/JAK2 8BXH JNKWGCLPFCMWJB-XYPHTWIQSA-N seed42 72.48s
1279/8070 SUCCESS JAK1/JAK2 8BXH JNKWGCLPFCMWJB-XYPHTWIQSA-N seed71 72.507s
1280/8070 SUCCESS JAK1/JAK2 8BXH JNKWGCLPFCMWJB-XYPHTWIQSA-N seed101 72.392s
1281/8070 SUCCESS JAK1/JAK2 8BXH KZJDGNASJMWFCF-QGZVFWFLSA-N seed17 495.386s
1282/8070 SUCCESS JAK1/JAK2 6N7A KZJDGNASJMWFCF-QGZVFWFLSA-N seed17 571.482s
1283/8070 SUCCESS JAK1/JAK2 6N7A KZJDGNASJMWFCF-QGZVFWFLSA-N seed29 572.094s
1284/8070 SUCCESS JAK1/JAK2 6N7A KZJDGNASJMWFCF-QGZVFWFLSA-N seed42 563.656s
1285/8070 SUCCESS JAK1/JAK2 6N7A KZJDGNASJMWFCF-QGZVFWFLSA-N seed101 559.548s
1286/8070 SUCCESS JAK1/JAK2 6N7A KZJDGNASJMWFCF-QGZVFWFLSA-N seed71 571.076s
1287/8070 SUCCESS JAK1/JAK2 6N7A VFSQXXYAIWPJKL-MRXNPFEDSA-N seed17 230.71s
1288/8070 SUCCESS JAK1/JAK2 6N7A VFSQXXYAIWPJKL-MRXNPFEDSA-N seed29 226.756s
1289/8070 SUCCESS JAK1/JAK2 8BXH KZJDGNASJMWFCF-QGZVFWFLSA-N seed29 399.351s
1290/8070 SUCCESS JAK1/JAK2 8BXH KZJDGNASJMWFCF-QGZVFWFLSA-N seed71 406.28s
1291/8070 SUCCESS JAK1/JAK2 8BXH KZJDGNASJMWFCF-QGZVFWFLSA-N seed42 407.839s
1292/8070 SUCCESS JAK1/JAK2 8BXH KZJDGNASJMWFCF-QGZVFWFLSA-N seed101 408.74s
1293/8070 SUCCESS JAK1/JAK2 6N7A VFSQXXYAIWPJKL-MRXNPFEDSA-N seed71 227.3s
1294/8070 SUCCESS JAK1/JAK2 6N7A VFSQXXYAIWPJKL-MRXNPFEDSA-N seed42 234.821s
1295/8070 SUCCESS JAK1/JAK2 8BXH VFSQXXYAIWPJKL-MRXNPFEDSA-N seed17 177.754s
1296/8070 SUCCESS JAK1/JAK2 8BXH VFSQXXYAIWPJKL-MRXNPFEDSA-N seed29 191.407s
1297/8070 SUCCESS JAK1/JAK2 8BXH VFSQXXYAIWPJKL-MRXNPFEDSA-N seed42 177.813s
1298/8070 SUCCESS JAK1/JAK2 6N7A VFSQXXYAIWPJKL-MRXNPFEDSA-N seed101 250.276s
1299/8070 SUCCESS JAK1/JAK2 8BXH VFSQXXYAIWPJKL-MRXNPFEDSA-N seed71 212.324s
1300/8070 SUCCESS JAK1/JAK2 8BXH VFSQXXYAIWPJKL-MRXNPFEDSA-N seed101 219.843s
1301/8070 SUCCESS JAK1/JAK2 8BXH MAZZDWBGKGDHRC-DVECYGJZSA-N seed17 337.43s
1302/8070 SUCCESS JAK1/JAK2 6N7A MAZZDWBGKGDHRC-DVECYGJZSA-N seed17 480.199s
1303/8070 SUCCESS JAK1/JAK2 6N7A MAZZDWBGKGDHRC-DVECYGJZSA-N seed71 455.189s
1304/8070 SUCCESS JAK1/JAK2 6N7A MAZZDWBGKGDHRC-DVECYGJZSA-N seed29 475.657s
1305/8070 SUCCESS JAK1/JAK2 6N7A MAZZDWBGKGDHRC-DVECYGJZSA-N seed42 481.265s
1306/8070 SUCCESS JAK1/JAK2 6N7A MAZZDWBGKGDHRC-DVECYGJZSA-N seed101 474.189s
1307/8070 SUCCESS JAK1/JAK2 6N7A ZCGLEFCYWYQQOQ-GOOCMWNKSA-N seed17 125.798s
1308/8070 SUCCESS JAK1/JAK2 6N7A ZCGLEFCYWYQQOQ-GOOCMWNKSA-N seed29 134.604s
1309/8070 SUCCESS JAK1/JAK2 6N7A ZCGLEFCYWYQQOQ-GOOCMWNKSA-N seed42 134.545s
1310/8070 SUCCESS JAK1/JAK2 8BXH MAZZDWBGKGDHRC-DVECYGJZSA-N seed29 373.385s
1311/8070 SUCCESS JAK1/JAK2 8BXH MAZZDWBGKGDHRC-DVECYGJZSA-N seed101 347.212s
1312/8070 SUCCESS JAK1/JAK2 8BXH MAZZDWBGKGDHRC-DVECYGJZSA-N seed42 360.942s
1313/8070 SUCCESS JAK1/JAK2 6N7A ZCGLEFCYWYQQOQ-GOOCMWNKSA-N seed71 134.543s
1314/8070 SUCCESS JAK1/JAK2 8BXH MAZZDWBGKGDHRC-DVECYGJZSA-N seed71 365.597s
1315/8070 SUCCESS JAK1/JAK2 6N7A ZCGLEFCYWYQQOQ-GOOCMWNKSA-N seed101 136.066s
1316/8070 SUCCESS JAK1/JAK2 8BXH ZCGLEFCYWYQQOQ-GOOCMWNKSA-N seed17 117.056s
1317/8070 SUCCESS JAK1/JAK2 8BXH ZCGLEFCYWYQQOQ-GOOCMWNKSA-N seed29 117.103s
1318/8070 SUCCESS JAK1/JAK2 8BXH ZCGLEFCYWYQQOQ-GOOCMWNKSA-N seed42 116.854s
1319/8070 SUCCESS JAK1/JAK2 8BXH ZCGLEFCYWYQQOQ-GOOCMWNKSA-N seed71 117.139s
1320/8070 SUCCESS JAK1/JAK2 8BXH ZCGLEFCYWYQQOQ-GOOCMWNKSA-N seed101 115.81s
1321/8070 SUCCESS JAK1/JAK2 8BXH ZSUHWNHDMNXZIQ-RBUKOAKNSA-N seed17 251.55s
1322/8070 SUCCESS JAK1/JAK2 6N7A ZSUHWNHDMNXZIQ-RBUKOAKNSA-N seed17 348.5s
1323/8070 SUCCESS JAK1/JAK2 6N7A ZSUHWNHDMNXZIQ-RBUKOAKNSA-N seed29 333.279s
1324/8070 SUCCESS JAK1/JAK2 6N7A ZSUHWNHDMNXZIQ-RBUKOAKNSA-N seed42 325.069s
1325/8070 SUCCESS JAK1/JAK2 6N7A ZSUHWNHDMNXZIQ-RBUKOAKNSA-N seed71 327.776s
1326/8070 SUCCESS JAK1/JAK2 6N7A ZSUHWNHDMNXZIQ-RBUKOAKNSA-N seed101 320.206s
1327/8070 SUCCESS JAK1/JAK2 8BXH ZSUHWNHDMNXZIQ-RBUKOAKNSA-N seed29 242.117s
1328/8070 SUCCESS JAK1/JAK2 8BXH ZSUHWNHDMNXZIQ-RBUKOAKNSA-N seed42 260.45s
1329/8070 SUCCESS JAK1/JAK2 8BXH ZSUHWNHDMNXZIQ-RBUKOAKNSA-N seed71 253.031s
1330/8070 SUCCESS JAK1/JAK2 8BXH ZSUHWNHDMNXZIQ-RBUKOAKNSA-N seed101 257.699s
1331/8070 SUCCESS JAK1/JAK2 6N7A XIIWOYZDVNCFNA-GOSISDBHSA-N seed29 331.776s
1332/8070 SUCCESS JAK1/JAK2 6N7A XIIWOYZDVNCFNA-GOSISDBHSA-N seed17 333.312s
1333/8070 SUCCESS JAK1/JAK2 8BXH XIIWOYZDVNCFNA-GOSISDBHSA-N seed17 231.627s
1334/8070 SUCCESS JAK1/JAK2 6N7A XIIWOYZDVNCFNA-GOSISDBHSA-N seed42 327.835s
1335/8070 SUCCESS JAK1/JAK2 6N7A XIIWOYZDVNCFNA-GOSISDBHSA-N seed71 319.033s
1336/8070 SUCCESS JAK1/JAK2 8BXH XIIWOYZDVNCFNA-GOSISDBHSA-N seed29 211.932s
1337/8070 SUCCESS JAK1/JAK2 8BXH XIIWOYZDVNCFNA-GOSISDBHSA-N seed42 212.047s
1338/8070 SUCCESS JAK1/JAK2 6N7A XIIWOYZDVNCFNA-GOSISDBHSA-N seed101 313.936s
1339/8070 SUCCESS JAK1/JAK2 6N7A MDYMNELEGYVHIZ-LDCVWXEPSA-N seed17 58.486s
1340/8070 SUCCESS JAK1/JAK2 6N7A MDYMNELEGYVHIZ-LDCVWXEPSA-N seed29 63.299s
1341/8070 SUCCESS JAK1/JAK2 6N7A MDYMNELEGYVHIZ-LDCVWXEPSA-N seed42 65.469s
1342/8070 SUCCESS JAK1/JAK2 6N7A MDYMNELEGYVHIZ-LDCVWXEPSA-N seed71 66.863s
1343/8070 SUCCESS JAK1/JAK2 8BXH XIIWOYZDVNCFNA-GOSISDBHSA-N seed71 184.555s
1344/8070 SUCCESS JAK1/JAK2 6N7A MDYMNELEGYVHIZ-LDCVWXEPSA-N seed101 78.859s
1345/8070 SUCCESS JAK1/JAK2 8BXH MDYMNELEGYVHIZ-LDCVWXEPSA-N seed17 73.314s
1346/8070 SUCCESS JAK1/JAK2 8BXH MDYMNELEGYVHIZ-LDCVWXEPSA-N seed29 73.353s
1347/8070 SUCCESS JAK1/JAK2 8BXH XIIWOYZDVNCFNA-GOSISDBHSA-N seed101 190.741s
1348/8070 SUCCESS JAK1/JAK2 8BXH MDYMNELEGYVHIZ-LDCVWXEPSA-N seed42 73.466s
1349/8070 SUCCESS JAK1/JAK2 8BXH MDYMNELEGYVHIZ-LDCVWXEPSA-N seed71 72.827s
1350/8070 SUCCESS JAK1/JAK2 8BXH MDYMNELEGYVHIZ-LDCVWXEPSA-N seed101 72.418s
1351/8070 SUCCESS JAK1/JAK2 8BXH NJYLPECDVDEDSZ-FHWLQOOXSA-N seed17 310.614s
1352/8070 SUCCESS JAK1/JAK2 6N7A NJYLPECDVDEDSZ-FHWLQOOXSA-N seed29 418.496s
1353/8070 SUCCESS JAK1/JAK2 6N7A NJYLPECDVDEDSZ-FHWLQOOXSA-N seed17 423.941s
1354/8070 SUCCESS JAK1/JAK2 6N7A NJYLPECDVDEDSZ-FHWLQOOXSA-N seed71 413.563s
1355/8070 SUCCESS JAK1/JAK2 6N7A NJYLPECDVDEDSZ-FHWLQOOXSA-N seed42 427.441s
1356/8070 SUCCESS JAK1/JAK2 6N7A NJYLPECDVDEDSZ-FHWLQOOXSA-N seed101 404.367s
1357/8070 SUCCESS JAK1/JAK2 8BXH NJYLPECDVDEDSZ-FHWLQOOXSA-N seed29 320.129s
1358/8070 SUCCESS JAK1/JAK2 8BXH NJYLPECDVDEDSZ-FHWLQOOXSA-N seed71 333.197s
1359/8070 SUCCESS JAK1/JAK2 8BXH NJYLPECDVDEDSZ-FHWLQOOXSA-N seed42 335.324s
1360/8070 SUCCESS JAK1/JAK2 8BXH NJYLPECDVDEDSZ-FHWLQOOXSA-N seed101 344.45s
1361/8070 SUCCESS JAK1/JAK2 6N7A AXURMJQZEHWANG-MRXNPFEDSA-N seed17 406.856s
1362/8070 SUCCESS JAK1/JAK2 6N7A AXURMJQZEHWANG-MRXNPFEDSA-N seed29 403.514s
1363/8070 SUCCESS JAK1/JAK2 8BXH AXURMJQZEHWANG-MRXNPFEDSA-N seed17 291.392s
1364/8070 SUCCESS JAK1/JAK2 6N7A AXURMJQZEHWANG-MRXNPFEDSA-N seed42 395.874s
1365/8070 SUCCESS JAK1/JAK2 8BXH AXURMJQZEHWANG-MRXNPFEDSA-N seed29 284.913s
1366/8070 SUCCESS JAK1/JAK2 6N7A AXURMJQZEHWANG-MRXNPFEDSA-N seed101 379.282s
1367/8070 SUCCESS JAK1/JAK2 8BXH AXURMJQZEHWANG-MRXNPFEDSA-N seed42 277.395s
1368/8070 SUCCESS JAK1/JAK2 6N7A AXURMJQZEHWANG-MRXNPFEDSA-N seed71 399.974s
1369/8070 SUCCESS JAK1/JAK2 8BXH AXURMJQZEHWANG-MRXNPFEDSA-N seed71 280.418s
1370/8070 SUCCESS JAK1/JAK2 8BXH AXURMJQZEHWANG-MRXNPFEDSA-N seed101 283.77s
1371/8070 SUCCESS JAK1/JAK2 6N7A XGULBHANUDZVLI-LLJLJFOGSA-N seed17 554.575s
1372/8070 SUCCESS JAK1/JAK2 6N7A XGULBHANUDZVLI-LLJLJFOGSA-N seed29 554.242s
1373/8070 SUCCESS JAK1/JAK2 6N7A XGULBHANUDZVLI-LLJLJFOGSA-N seed71 544.808s
1374/8070 SUCCESS JAK1/JAK2 6N7A XGULBHANUDZVLI-LLJLJFOGSA-N seed42 560.463s
1375/8070 SUCCESS JAK1/JAK2 8BXH XGULBHANUDZVLI-LLJLJFOGSA-N seed17 381.272s
1376/8070 SUCCESS JAK1/JAK2 6N7A XGULBHANUDZVLI-LLJLJFOGSA-N seed101 498.766s
1377/8070 SUCCESS JAK1/JAK2 8BXH XGULBHANUDZVLI-LLJLJFOGSA-N seed29 385.995s
1378/8070 SUCCESS JAK1/JAK2 8BXH XGULBHANUDZVLI-LLJLJFOGSA-N seed101 389.452s
1379/8070 SUCCESS JAK1/JAK2 8BXH XGULBHANUDZVLI-LLJLJFOGSA-N seed42 406.143s
1380/8070 SUCCESS JAK1/JAK2 8BXH XGULBHANUDZVLI-LLJLJFOGSA-N seed71 399.816s
1381/8070 SUCCESS JAK1/JAK2 6N7A FWRLZLZAKAACSW-YESZJQIVSA-N seed17 395.724s
1382/8070 SUCCESS JAK1/JAK2 6N7A FWRLZLZAKAACSW-YESZJQIVSA-N seed29 406.929s
1383/8070 SUCCESS JAK1/JAK2 8BXH FWRLZLZAKAACSW-YESZJQIVSA-N seed17 289.832s
1384/8070 SUCCESS JAK1/JAK2 8BXH FWRLZLZAKAACSW-YESZJQIVSA-N seed29 291.302s
1385/8070 SUCCESS JAK1/JAK2 6N7A FWRLZLZAKAACSW-YESZJQIVSA-N seed42 404.127s
1386/8070 SUCCESS JAK1/JAK2 6N7A FWRLZLZAKAACSW-YESZJQIVSA-N seed101 387.925s
1387/8070 SUCCESS JAK1/JAK2 6N7A FWRLZLZAKAACSW-YESZJQIVSA-N seed71 409.658s
1388/8070 SUCCESS JAK1/JAK2 8BXH FWRLZLZAKAACSW-YESZJQIVSA-N seed42 293.098s
1389/8070 SUCCESS JAK1/JAK2 6N7A YKBLMPDUTCAIQD-XYPYZODXSA-N seed17 71.094s
1390/8070 SUCCESS JAK1/JAK2 6N7A YKBLMPDUTCAIQD-XYPYZODXSA-N seed29 74.097s
1391/8070 SUCCESS JAK1/JAK2 6N7A YKBLMPDUTCAIQD-XYPYZODXSA-N seed42 75.91s
1392/8070 SUCCESS JAK1/JAK2 6N7A YKBLMPDUTCAIQD-XYPYZODXSA-N seed71 77.028s
1393/8070 SUCCESS JAK1/JAK2 6N7A YKBLMPDUTCAIQD-XYPYZODXSA-N seed101 78.166s
1394/8070 SUCCESS JAK1/JAK2 8BXH YKBLMPDUTCAIQD-XYPYZODXSA-N seed17 72.797s
1395/8070 SUCCESS JAK1/JAK2 8BXH YKBLMPDUTCAIQD-XYPYZODXSA-N seed29 73.205s
1396/8070 SUCCESS JAK1/JAK2 8BXH YKBLMPDUTCAIQD-XYPYZODXSA-N seed42 76.012s
1397/8070 SUCCESS JAK1/JAK2 8BXH YKBLMPDUTCAIQD-XYPYZODXSA-N seed71 75.85s
1398/8070 SUCCESS JAK1/JAK2 8BXH FWRLZLZAKAACSW-YESZJQIVSA-N seed71 312.959s
1399/8070 SUCCESS JAK1/JAK2 8BXH YKBLMPDUTCAIQD-XYPYZODXSA-N seed101 75.682s
1400/8070 SUCCESS JAK1/JAK2 8BXH FWRLZLZAKAACSW-YESZJQIVSA-N seed101 290.422s
1401/8070 SUCCESS JAK1/JAK2 8BXH WAZCPIXKUYCCAQ-SJORKVTESA-N seed17 306.739s
1402/8070 SUCCESS JAK1/JAK2 6N7A WAZCPIXKUYCCAQ-SJORKVTESA-N seed17 419.276s
1403/8070 SUCCESS JAK1/JAK2 6N7A WAZCPIXKUYCCAQ-SJORKVTESA-N seed101 390.92s
1404/8070 SUCCESS JAK1/JAK2 6N7A WAZCPIXKUYCCAQ-SJORKVTESA-N seed42 408.161s
1405/8070 SUCCESS JAK1/JAK2 6N7A WAZCPIXKUYCCAQ-SJORKVTESA-N seed29 409.671s
1406/8070 SUCCESS JAK1/JAK2 6N7A WAZCPIXKUYCCAQ-SJORKVTESA-N seed71 407.011s
1407/8070 SUCCESS JAK1/JAK2 8BXH WAZCPIXKUYCCAQ-SJORKVTESA-N seed29 264.486s
1408/8070 SUCCESS JAK1/JAK2 8BXH WAZCPIXKUYCCAQ-SJORKVTESA-N seed42 268.709s
1409/8070 SUCCESS JAK1/JAK2 8BXH WAZCPIXKUYCCAQ-SJORKVTESA-N seed71 265.572s
1410/8070 SUCCESS JAK1/JAK2 8BXH WAZCPIXKUYCCAQ-SJORKVTESA-N seed101 263.529s
1411/8070 SUCCESS JAK1/JAK2 6N7A PUUJLIQLJNLBPS-HSZRJFAPSA-N seed17 692.251s
1412/8070 SUCCESS JAK1/JAK2 6N7A PUUJLIQLJNLBPS-HSZRJFAPSA-N seed29 693.605s
1413/8070 SUCCESS JAK1/JAK2 6N7A PUUJLIQLJNLBPS-HSZRJFAPSA-N seed42 641.508s
1414/8070 SUCCESS JAK1/JAK2 8BXH PUUJLIQLJNLBPS-HSZRJFAPSA-N seed17 574.121s
1415/8070 SUCCESS JAK1/JAK2 6N7A PUUJLIQLJNLBPS-HSZRJFAPSA-N seed71 638.706s
1416/8070 SUCCESS JAK1/JAK2 6N7A PUUJLIQLJNLBPS-HSZRJFAPSA-N seed101 632.188s
1417/8070 SUCCESS JAK1/JAK2 6N7A GHBIFDBGDNHWRO-OWOJBTEDSA-N seed17 119.789s
1418/8070 SUCCESS JAK1/JAK2 6N7A GHBIFDBGDNHWRO-OWOJBTEDSA-N seed29 117.059s
1419/8070 SUCCESS JAK1/JAK2 6N7A GHBIFDBGDNHWRO-OWOJBTEDSA-N seed42 117.76s
1420/8070 SUCCESS JAK1/JAK2 6N7A GHBIFDBGDNHWRO-OWOJBTEDSA-N seed71 116.771s
1421/8070 SUCCESS JAK1/JAK2 8BXH PUUJLIQLJNLBPS-HSZRJFAPSA-N seed42 473.943s
1422/8070 SUCCESS JAK1/JAK2 8BXH PUUJLIQLJNLBPS-HSZRJFAPSA-N seed29 486.19s
1423/8070 SUCCESS JAK1/JAK2 6N7A GHBIFDBGDNHWRO-OWOJBTEDSA-N seed101 116.147s
1424/8070 SUCCESS JAK1/JAK2 8BXH GHBIFDBGDNHWRO-OWOJBTEDSA-N seed17 117.248s
1425/8070 SUCCESS JAK1/JAK2 8BXH GHBIFDBGDNHWRO-OWOJBTEDSA-N seed29 112.951s
1426/8070 SUCCESS JAK1/JAK2 8BXH GHBIFDBGDNHWRO-OWOJBTEDSA-N seed42 114.851s
1427/8070 SUCCESS JAK1/JAK2 8BXH PUUJLIQLJNLBPS-HSZRJFAPSA-N seed101 470.821s
1428/8070 SUCCESS JAK1/JAK2 8BXH PUUJLIQLJNLBPS-HSZRJFAPSA-N seed71 497.088s
1429/8070 SUCCESS JAK1/JAK2 8BXH GHBIFDBGDNHWRO-OWOJBTEDSA-N seed71 112.372s
1430/8070 SUCCESS JAK1/JAK2 8BXH GHBIFDBGDNHWRO-OWOJBTEDSA-N seed101 115.046s
1431/8070 SUCCESS JAK1/JAK2 6N7A RADMAAOUVWABJD-OWOJBTEDSA-N seed17 122.325s
1432/8070 SUCCESS JAK1/JAK2 6N7A RADMAAOUVWABJD-OWOJBTEDSA-N seed29 126.535s
1433/8070 SUCCESS JAK1/JAK2 6N7A RADMAAOUVWABJD-OWOJBTEDSA-N seed42 124.897s
1434/8070 SUCCESS JAK1/JAK2 6N7A RADMAAOUVWABJD-OWOJBTEDSA-N seed71 119.196s
1435/8070 SUCCESS JAK1/JAK2 6N7A RADMAAOUVWABJD-OWOJBTEDSA-N seed101 119.835s
1436/8070 SUCCESS JAK1/JAK2 8BXH RADMAAOUVWABJD-OWOJBTEDSA-N seed17 121.858s
1437/8070 SUCCESS JAK1/JAK2 8BXH RADMAAOUVWABJD-OWOJBTEDSA-N seed29 126.083s
1438/8070 SUCCESS JAK1/JAK2 8BXH RADMAAOUVWABJD-OWOJBTEDSA-N seed42 125.556s
1439/8070 SUCCESS JAK1/JAK2 8BXH RADMAAOUVWABJD-OWOJBTEDSA-N seed71 125.943s
1440/8070 SUCCESS JAK1/JAK2 8BXH RADMAAOUVWABJD-OWOJBTEDSA-N seed101 122.269s
1441/8070 SUCCESS JAK1/JAK2 6N7A WVSIOWNEXQMNSF-UHFFFAOYSA-N seed17 135.138s
1442/8070 SUCCESS JAK1/JAK2 6N7A WVSIOWNEXQMNSF-UHFFFAOYSA-N seed29 136.408s
1443/8070 SUCCESS JAK1/JAK2 6N7A WVSIOWNEXQMNSF-UHFFFAOYSA-N seed42 133.795s
1444/8070 SUCCESS JAK1/JAK2 6N7A WVSIOWNEXQMNSF-UHFFFAOYSA-N seed71 137.75s
1445/8070 SUCCESS JAK1/JAK2 6N7A WVSIOWNEXQMNSF-UHFFFAOYSA-N seed101 135.795s
1446/8070 SUCCESS JAK1/JAK2 8BXH WVSIOWNEXQMNSF-UHFFFAOYSA-N seed17 135.562s
1447/8070 SUCCESS JAK1/JAK2 8BXH WVSIOWNEXQMNSF-UHFFFAOYSA-N seed29 134.886s
1448/8070 SUCCESS JAK1/JAK2 8BXH WVSIOWNEXQMNSF-UHFFFAOYSA-N seed42 137.754s
1449/8070 SUCCESS JAK1/JAK2 8BXH WVSIOWNEXQMNSF-UHFFFAOYSA-N seed71 138.956s
1450/8070 SUCCESS JAK1/JAK2 8BXH WVSIOWNEXQMNSF-UHFFFAOYSA-N seed101 134.596s
1451/8070 SUCCESS JAK1/JAK2 6N7A VWXMOLWJXUSYOA-UHFFFAOYSA-N seed17 207.094s
1452/8070 SUCCESS JAK1/JAK2 6N7A VWXMOLWJXUSYOA-UHFFFAOYSA-N seed29 214.35s
1453/8070 SUCCESS JAK1/JAK2 6N7A VWXMOLWJXUSYOA-UHFFFAOYSA-N seed42 215.647s
1454/8070 SUCCESS JAK1/JAK2 6N7A VWXMOLWJXUSYOA-UHFFFAOYSA-N seed71 209.271s
1455/8070 SUCCESS JAK1/JAK2 6N7A VWXMOLWJXUSYOA-UHFFFAOYSA-N seed101 209.36s
1456/8070 SUCCESS JAK1/JAK2 8BXH VWXMOLWJXUSYOA-UHFFFAOYSA-N seed17 216.799s
1457/8070 SUCCESS JAK1/JAK2 8BXH VWXMOLWJXUSYOA-UHFFFAOYSA-N seed29 213.11s
1458/8070 SUCCESS JAK1/JAK2 8BXH VWXMOLWJXUSYOA-UHFFFAOYSA-N seed42 216.317s
1459/8070 SUCCESS JAK1/JAK2 8BXH VWXMOLWJXUSYOA-UHFFFAOYSA-N seed71 221.734s
1460/8070 SUCCESS JAK1/JAK2 8BXH VWXMOLWJXUSYOA-UHFFFAOYSA-N seed101 216.706s
1461/8070 SUCCESS JAK1/JAK2 6N7A MCHYSTQTMONBPK-UHFFFAOYSA-N seed17 292.129s
1462/8070 SUCCESS JAK1/JAK2 6N7A MCHYSTQTMONBPK-UHFFFAOYSA-N seed29 285.556s
1463/8070 SUCCESS JAK1/JAK2 6N7A MCHYSTQTMONBPK-UHFFFAOYSA-N seed42 293.059s
1464/8070 SUCCESS JAK1/JAK2 6N7A MCHYSTQTMONBPK-UHFFFAOYSA-N seed71 287.864s
1465/8070 SUCCESS JAK1/JAK2 6N7A MCHYSTQTMONBPK-UHFFFAOYSA-N seed101 284.572s
1466/8070 SUCCESS JAK1/JAK2 8BXH MCHYSTQTMONBPK-UHFFFAOYSA-N seed17 278.677s
1467/8070 SUCCESS JAK1/JAK2 8BXH MCHYSTQTMONBPK-UHFFFAOYSA-N seed29 287.945s
1468/8070 SUCCESS JAK1/JAK2 8BXH MCHYSTQTMONBPK-UHFFFAOYSA-N seed42 292.922s
1469/8070 SUCCESS JAK1/JAK2 8BXH MCHYSTQTMONBPK-UHFFFAOYSA-N seed71 298.458s
1470/8070 SUCCESS JAK1/JAK2 8BXH MCHYSTQTMONBPK-UHFFFAOYSA-N seed101 288.958s
1471/8070 SUCCESS JAK1/JAK2 6N7A MLIJDZYVRSRDJT-UHFFFAOYSA-N seed17 364.822s
1472/8070 SUCCESS JAK1/JAK2 6N7A MLIJDZYVRSRDJT-UHFFFAOYSA-N seed29 364.011s
1473/8070 SUCCESS JAK1/JAK2 6N7A MLIJDZYVRSRDJT-UHFFFAOYSA-N seed42 361.91s
1474/8070 SUCCESS JAK1/JAK2 6N7A MLIJDZYVRSRDJT-UHFFFAOYSA-N seed71 361.466s
1475/8070 SUCCESS JAK1/JAK2 8BXH MLIJDZYVRSRDJT-UHFFFAOYSA-N seed17 349.043s
1476/8070 SUCCESS JAK1/JAK2 6N7A MLIJDZYVRSRDJT-UHFFFAOYSA-N seed101 368.739s
1477/8070 SUCCESS JAK1/JAK2 6N7A GPSZYOIFQZPWEJ-UHFFFAOYSA-N seed17 49.955s
1478/8070 SUCCESS JAK1/JAK2 6N7A GPSZYOIFQZPWEJ-UHFFFAOYSA-N seed29 50.708s
1479/8070 SUCCESS JAK1/JAK2 8BXH MLIJDZYVRSRDJT-UHFFFAOYSA-N seed29 347.798s
1480/8070 SUCCESS JAK1/JAK2 6N7A GPSZYOIFQZPWEJ-UHFFFAOYSA-N seed42 50.26s
1481/8070 SUCCESS JAK1/JAK2 8BXH MLIJDZYVRSRDJT-UHFFFAOYSA-N seed42 357.709s
1482/8070 SUCCESS JAK1/JAK2 6N7A GPSZYOIFQZPWEJ-UHFFFAOYSA-N seed71 49.827s
1483/8070 SUCCESS JAK1/JAK2 6N7A GPSZYOIFQZPWEJ-UHFFFAOYSA-N seed101 49.102s
1484/8070 SUCCESS JAK1/JAK2 8BXH GPSZYOIFQZPWEJ-UHFFFAOYSA-N seed17 45.82s
1485/8070 SUCCESS JAK1/JAK2 8BXH GPSZYOIFQZPWEJ-UHFFFAOYSA-N seed29 46.035s
1486/8070 SUCCESS JAK1/JAK2 8BXH GPSZYOIFQZPWEJ-UHFFFAOYSA-N seed42 46.514s
1487/8070 SUCCESS JAK1/JAK2 8BXH GPSZYOIFQZPWEJ-UHFFFAOYSA-N seed71 46.901s
1488/8070 SUCCESS JAK1/JAK2 8BXH GPSZYOIFQZPWEJ-UHFFFAOYSA-N seed101 46.728s
1489/8070 SUCCESS JAK1/JAK2 6N7A UWAWQDDCHUKHDE-UHFFFAOYSA-N seed17 52.068s
1490/8070 SUCCESS JAK1/JAK2 6N7A UWAWQDDCHUKHDE-UHFFFAOYSA-N seed29 52.055s
1491/8070 SUCCESS JAK1/JAK2 8BXH MLIJDZYVRSRDJT-UHFFFAOYSA-N seed71 342.319s
1492/8070 SUCCESS JAK1/JAK2 6N7A UWAWQDDCHUKHDE-UHFFFAOYSA-N seed42 52.25s
1493/8070 SUCCESS JAK1/JAK2 6N7A UWAWQDDCHUKHDE-UHFFFAOYSA-N seed71 51.637s
1494/8070 SUCCESS JAK1/JAK2 6N7A UWAWQDDCHUKHDE-UHFFFAOYSA-N seed101 51.011s
1495/8070 SUCCESS JAK1/JAK2 8BXH UWAWQDDCHUKHDE-UHFFFAOYSA-N seed17 52.477s
1496/8070 SUCCESS JAK1/JAK2 8BXH MLIJDZYVRSRDJT-UHFFFAOYSA-N seed101 357.314s
1497/8070 SUCCESS JAK1/JAK2 8BXH UWAWQDDCHUKHDE-UHFFFAOYSA-N seed29 52.131s
1498/8070 SUCCESS JAK1/JAK2 8BXH UWAWQDDCHUKHDE-UHFFFAOYSA-N seed42 51.31s
1499/8070 SUCCESS JAK1/JAK2 8BXH UWAWQDDCHUKHDE-UHFFFAOYSA-N seed71 51.825s
1500/8070 SUCCESS JAK1/JAK2 8BXH UWAWQDDCHUKHDE-UHFFFAOYSA-N seed101 51.645s
1501/8070 SUCCESS JAK1/JAK2 6N7A MCHYSTQTMONBPK-SNAWJCMRSA-N seed17 277.674s
1502/8070 SUCCESS JAK1/JAK2 6N7A MCHYSTQTMONBPK-SNAWJCMRSA-N seed29 280.811s
1503/8070 SUCCESS JAK1/JAK2 6N7A MCHYSTQTMONBPK-SNAWJCMRSA-N seed42 286.222s
1504/8070 SUCCESS JAK1/JAK2 6N7A MCHYSTQTMONBPK-SNAWJCMRSA-N seed71 278.331s
1505/8070 SUCCESS JAK1/JAK2 6N7A MCHYSTQTMONBPK-SNAWJCMRSA-N seed101 277.885s
1506/8070 SUCCESS JAK1/JAK2 8BXH MCHYSTQTMONBPK-SNAWJCMRSA-N seed17 270.49s
1507/8070 SUCCESS JAK1/JAK2 6N7A GCIKSSRWRFVXBI-UHFFFAOYSA-N seed17 131.217s
1508/8070 SUCCESS JAK1/JAK2 6N7A GCIKSSRWRFVXBI-UHFFFAOYSA-N seed29 126.809s
1509/8070 SUCCESS JAK1/JAK2 8BXH MCHYSTQTMONBPK-SNAWJCMRSA-N seed29 286.709s
1510/8070 SUCCESS JAK1/JAK2 6N7A GCIKSSRWRFVXBI-UHFFFAOYSA-N seed71 125.829s
1511/8070 SUCCESS JAK1/JAK2 6N7A GCIKSSRWRFVXBI-UHFFFAOYSA-N seed42 128.67s
1512/8070 SUCCESS JAK1/JAK2 8BXH MCHYSTQTMONBPK-SNAWJCMRSA-N seed42 289.834s
1513/8070 SUCCESS JAK1/JAK2 8BXH MCHYSTQTMONBPK-SNAWJCMRSA-N seed71 287.752s
1514/8070 SUCCESS JAK1/JAK2 8BXH MCHYSTQTMONBPK-SNAWJCMRSA-N seed101 291.889s
1515/8070 SUCCESS JAK1/JAK2 8BXH GCIKSSRWRFVXBI-UHFFFAOYSA-N seed17 111.957s
1516/8070 SUCCESS JAK1/JAK2 8BXH GCIKSSRWRFVXBI-UHFFFAOYSA-N seed29 111.272s
1517/8070 SUCCESS JAK1/JAK2 8BXH GCIKSSRWRFVXBI-UHFFFAOYSA-N seed42 114.053s
1518/8070 SUCCESS JAK1/JAK2 6N7A GCIKSSRWRFVXBI-UHFFFAOYSA-N seed101 128.263s
1519/8070 SUCCESS JAK1/JAK2 8BXH GCIKSSRWRFVXBI-UHFFFAOYSA-N seed71 113.638s
1520/8070 SUCCESS JAK1/JAK2 8BXH GCIKSSRWRFVXBI-UHFFFAOYSA-N seed101 112.348s
1521/8070 SUCCESS JAK1/JAK2 6N7A AOSOZAYYOFGVEG-UHFFFAOYSA-N seed29 109.137s
1522/8070 SUCCESS JAK1/JAK2 6N7A AOSOZAYYOFGVEG-UHFFFAOYSA-N seed17 112.532s
1523/8070 SUCCESS JAK1/JAK2 6N7A AOSOZAYYOFGVEG-UHFFFAOYSA-N seed42 111.028s
1524/8070 SUCCESS JAK1/JAK2 6N7A AOSOZAYYOFGVEG-UHFFFAOYSA-N seed71 110.695s
1525/8070 SUCCESS JAK1/JAK2 8BXH AOSOZAYYOFGVEG-UHFFFAOYSA-N seed17 94.252s
1526/8070 SUCCESS JAK1/JAK2 6N7A AOSOZAYYOFGVEG-UHFFFAOYSA-N seed101 109.729s
1527/8070 SUCCESS JAK1/JAK2 8BXH AOSOZAYYOFGVEG-UHFFFAOYSA-N seed29 92.17s
1528/8070 SUCCESS JAK1/JAK2 8BXH AOSOZAYYOFGVEG-UHFFFAOYSA-N seed42 90.783s
1529/8070 SUCCESS JAK1/JAK2 8BXH AOSOZAYYOFGVEG-UHFFFAOYSA-N seed71 93.232s
1530/8070 SUCCESS JAK1/JAK2 8BXH AOSOZAYYOFGVEG-UHFFFAOYSA-N seed101 92.564s
1531/8070 SUCCESS JAK1/JAK2 6N7A PMNFGEHMTFKKPU-GOSISDBHSA-N seed17 108.741s
1532/8070 SUCCESS JAK1/JAK2 6N7A PMNFGEHMTFKKPU-GOSISDBHSA-N seed29 109.192s
1533/8070 SUCCESS JAK1/JAK2 6N7A PMNFGEHMTFKKPU-GOSISDBHSA-N seed42 107.091s
1534/8070 SUCCESS JAK1/JAK2 6N7A PMNFGEHMTFKKPU-GOSISDBHSA-N seed71 107.671s
1535/8070 SUCCESS JAK1/JAK2 8BXH PMNFGEHMTFKKPU-GOSISDBHSA-N seed17 106.078s
1536/8070 SUCCESS JAK1/JAK2 6N7A PMNFGEHMTFKKPU-GOSISDBHSA-N seed101 108.622s
1537/8070 SUCCESS JAK1/JAK2 8BXH PMNFGEHMTFKKPU-GOSISDBHSA-N seed29 104.244s
1538/8070 SUCCESS JAK1/JAK2 8BXH PMNFGEHMTFKKPU-GOSISDBHSA-N seed42 106.342s
1539/8070 SUCCESS JAK1/JAK2 6N7A YONOAVIZYZCVJG-FPOVZHCZSA-N seed17 63.892s
1540/8070 SUCCESS JAK1/JAK2 6N7A YONOAVIZYZCVJG-FPOVZHCZSA-N seed29 65.181s
1541/8070 SUCCESS JAK1/JAK2 6N7A YONOAVIZYZCVJG-FPOVZHCZSA-N seed42 66.059s
1542/8070 SUCCESS JAK1/JAK2 6N7A YONOAVIZYZCVJG-FPOVZHCZSA-N seed71 60.68s
1543/8070 SUCCESS JAK1/JAK2 8BXH PMNFGEHMTFKKPU-GOSISDBHSA-N seed71 105.279s
1544/8070 SUCCESS JAK1/JAK2 8BXH PMNFGEHMTFKKPU-GOSISDBHSA-N seed101 105.407s
1545/8070 SUCCESS JAK1/JAK2 6N7A YONOAVIZYZCVJG-FPOVZHCZSA-N seed101 62.301s
1546/8070 SUCCESS JAK1/JAK2 8BXH YONOAVIZYZCVJG-FPOVZHCZSA-N seed17 67.411s
1547/8070 SUCCESS JAK1/JAK2 8BXH YONOAVIZYZCVJG-FPOVZHCZSA-N seed29 67.484s
1548/8070 SUCCESS JAK1/JAK2 8BXH YONOAVIZYZCVJG-FPOVZHCZSA-N seed42 67.802s
1549/8070 SUCCESS JAK1/JAK2 8BXH YONOAVIZYZCVJG-FPOVZHCZSA-N seed71 67.202s
1550/8070 SUCCESS JAK1/JAK2 8BXH YONOAVIZYZCVJG-FPOVZHCZSA-N seed101 67.067s
1551/8070 SUCCESS JAK1/JAK2 6N7A PRDYSVHWSCSUOP-VGAJERRHSA-N seed17 81.688s
1552/8070 SUCCESS JAK1/JAK2 6N7A PRDYSVHWSCSUOP-VGAJERRHSA-N seed29 82.004s
1553/8070 SUCCESS JAK1/JAK2 6N7A PRDYSVHWSCSUOP-VGAJERRHSA-N seed42 75.219s
1554/8070 SUCCESS JAK1/JAK2 6N7A PRDYSVHWSCSUOP-VGAJERRHSA-N seed71 73.829s
1555/8070 SUCCESS JAK1/JAK2 8BXH PRDYSVHWSCSUOP-VGAJERRHSA-N seed17 71.557s
1556/8070 SUCCESS JAK1/JAK2 6N7A PRDYSVHWSCSUOP-VGAJERRHSA-N seed101 82.654s
1557/8070 SUCCESS JAK1/JAK2 8BXH PRDYSVHWSCSUOP-VGAJERRHSA-N seed29 71.376s
1558/8070 SUCCESS JAK1/JAK2 8BXH PRDYSVHWSCSUOP-VGAJERRHSA-N seed42 71.208s
1559/8070 SUCCESS JAK1/JAK2 6N7A AMCWIARZLJUBEG-UWELNFAVSA-N seed17 57.999s
1560/8070 SUCCESS JAK1/JAK2 8BXH PRDYSVHWSCSUOP-VGAJERRHSA-N seed71 73.282s
1561/8070 SUCCESS JAK1/JAK2 6N7A AMCWIARZLJUBEG-UWELNFAVSA-N seed29 56.964s
1562/8070 SUCCESS JAK1/JAK2 8BXH PRDYSVHWSCSUOP-VGAJERRHSA-N seed101 73.656s
1563/8070 SUCCESS JAK1/JAK2 6N7A AMCWIARZLJUBEG-UWELNFAVSA-N seed42 60.024s
1564/8070 SUCCESS JAK1/JAK2 6N7A AMCWIARZLJUBEG-UWELNFAVSA-N seed71 58.79s
1565/8070 SUCCESS JAK1/JAK2 6N7A AMCWIARZLJUBEG-UWELNFAVSA-N seed101 57.914s
1566/8070 SUCCESS JAK1/JAK2 8BXH AMCWIARZLJUBEG-UWELNFAVSA-N seed29 56.419s
1567/8070 SUCCESS JAK1/JAK2 8BXH AMCWIARZLJUBEG-UWELNFAVSA-N seed17 58.647s
1568/8070 SUCCESS JAK1/JAK2 8BXH AMCWIARZLJUBEG-UWELNFAVSA-N seed42 59.017s
1569/8070 SUCCESS JAK1/JAK2 8BXH AMCWIARZLJUBEG-UWELNFAVSA-N seed71 59.841s
1570/8070 SUCCESS JAK1/JAK2 8BXH AMCWIARZLJUBEG-UWELNFAVSA-N seed101 58.89s
1571/8070 SUCCESS JAK1/JAK2 6N7A BDGZWYURCYSTKP-FQEVSTJZSA-N seed17 175.299s
1572/8070 SUCCESS JAK1/JAK2 6N7A BDGZWYURCYSTKP-FQEVSTJZSA-N seed42 172.778s
1573/8070 SUCCESS JAK1/JAK2 6N7A BDGZWYURCYSTKP-FQEVSTJZSA-N seed29 175.343s
1574/8070 SUCCESS JAK1/JAK2 6N7A BDGZWYURCYSTKP-FQEVSTJZSA-N seed71 172.008s
1575/8070 SUCCESS JAK1/JAK2 8BXH BDGZWYURCYSTKP-FQEVSTJZSA-N seed17 150.277s
1576/8070 SUCCESS JAK1/JAK2 6N7A BDGZWYURCYSTKP-FQEVSTJZSA-N seed101 172.964s
1577/8070 SUCCESS JAK1/JAK2 6N7A PEALVEWPZOQWRK-GOSISDBHSA-N seed17 73.911s
1578/8070 SUCCESS JAK1/JAK2 6N7A PEALVEWPZOQWRK-GOSISDBHSA-N seed29 71.202s
1579/8070 SUCCESS JAK1/JAK2 8BXH BDGZWYURCYSTKP-FQEVSTJZSA-N seed29 144.735s
1580/8070 SUCCESS JAK1/JAK2 8BXH BDGZWYURCYSTKP-FQEVSTJZSA-N seed42 143.799s
1581/8070 SUCCESS JAK1/JAK2 8BXH BDGZWYURCYSTKP-FQEVSTJZSA-N seed71 144.004s
1582/8070 SUCCESS JAK1/JAK2 8BXH BDGZWYURCYSTKP-FQEVSTJZSA-N seed101 143.773s
1583/8070 SUCCESS JAK1/JAK2 6N7A PEALVEWPZOQWRK-GOSISDBHSA-N seed42 72.809s
1584/8070 SUCCESS JAK1/JAK2 6N7A PEALVEWPZOQWRK-GOSISDBHSA-N seed71 70.397s
1585/8070 SUCCESS JAK1/JAK2 6N7A PEALVEWPZOQWRK-GOSISDBHSA-N seed101 69.795s
1586/8070 SUCCESS JAK1/JAK2 8BXH PEALVEWPZOQWRK-GOSISDBHSA-N seed17 69.344s
1587/8070 SUCCESS JAK1/JAK2 8BXH PEALVEWPZOQWRK-GOSISDBHSA-N seed29 68.315s
1588/8070 SUCCESS JAK1/JAK2 8BXH PEALVEWPZOQWRK-GOSISDBHSA-N seed42 68.607s
1589/8070 SUCCESS JAK1/JAK2 8BXH PEALVEWPZOQWRK-GOSISDBHSA-N seed71 68.55s
1590/8070 SUCCESS JAK1/JAK2 8BXH PEALVEWPZOQWRK-GOSISDBHSA-N seed101 69.315s
1591/8070 SUCCESS JAK1/JAK2 6N7A OLRNUXJNQGODGR-FQEVSTJZSA-N seed17 119.384s
1592/8070 SUCCESS JAK1/JAK2 6N7A OLRNUXJNQGODGR-FQEVSTJZSA-N seed29 116.892s
1593/8070 SUCCESS JAK1/JAK2 6N7A OLRNUXJNQGODGR-FQEVSTJZSA-N seed42 118.961s
1594/8070 SUCCESS JAK1/JAK2 6N7A OLRNUXJNQGODGR-FQEVSTJZSA-N seed71 118.012s
1595/8070 SUCCESS JAK1/JAK2 6N7A OLRNUXJNQGODGR-FQEVSTJZSA-N seed101 119.575s
1596/8070 SUCCESS JAK1/JAK2 8BXH OLRNUXJNQGODGR-FQEVSTJZSA-N seed17 106.363s
1597/8070 SUCCESS JAK1/JAK2 8BXH OLRNUXJNQGODGR-FQEVSTJZSA-N seed29 108.17s
1598/8070 SUCCESS JAK1/JAK2 8BXH OLRNUXJNQGODGR-FQEVSTJZSA-N seed42 105.714s
1599/8070 SUCCESS JAK1/JAK2 8BXH OLRNUXJNQGODGR-FQEVSTJZSA-N seed71 107.649s
1600/8070 SUCCESS JAK1/JAK2 8BXH OLRNUXJNQGODGR-FQEVSTJZSA-N seed101 108.588s
1601/8070 SUCCESS JAK1/JAK2 6N7A DWXUDRWPYWVKRB-UHFFFAOYSA-N seed17 120.803s
1602/8070 SUCCESS JAK1/JAK2 6N7A DWXUDRWPYWVKRB-UHFFFAOYSA-N seed29 120.336s
1603/8070 SUCCESS JAK1/JAK2 8BXH DWXUDRWPYWVKRB-UHFFFAOYSA-N seed17 103.542s
1604/8070 SUCCESS JAK1/JAK2 6N7A DWXUDRWPYWVKRB-UHFFFAOYSA-N seed42 115.621s
1605/8070 SUCCESS JAK1/JAK2 6N7A DWXUDRWPYWVKRB-UHFFFAOYSA-N seed71 120.448s
1606/8070 SUCCESS JAK1/JAK2 6N7A DWXUDRWPYWVKRB-UHFFFAOYSA-N seed101 117.268s
1607/8070 SUCCESS JAK1/JAK2 8BXH DWXUDRWPYWVKRB-UHFFFAOYSA-N seed29 101.757s
1608/8070 SUCCESS JAK1/JAK2 8BXH DWXUDRWPYWVKRB-UHFFFAOYSA-N seed42 103.237s
1609/8070 SUCCESS JAK1/JAK2 6N7A JDXORJMTILPVTL-UHFFFAOYSA-N seed17 69.277s
1610/8070 SUCCESS JAK1/JAK2 6N7A JDXORJMTILPVTL-UHFFFAOYSA-N seed29 74.133s
1611/8070 SUCCESS JAK1/JAK2 6N7A JDXORJMTILPVTL-UHFFFAOYSA-N seed71 69.107s
1612/8070 SUCCESS JAK1/JAK2 6N7A JDXORJMTILPVTL-UHFFFAOYSA-N seed42 72.778s
1613/8070 SUCCESS JAK1/JAK2 8BXH DWXUDRWPYWVKRB-UHFFFAOYSA-N seed71 102.675s
1614/8070 SUCCESS JAK1/JAK2 8BXH DWXUDRWPYWVKRB-UHFFFAOYSA-N seed101 99.724s
1615/8070 SUCCESS JAK1/JAK2 6N7A JDXORJMTILPVTL-UHFFFAOYSA-N seed101 75.306s
1616/8070 SUCCESS JAK1/JAK2 8BXH JDXORJMTILPVTL-UHFFFAOYSA-N seed17 70.372s
1617/8070 SUCCESS JAK1/JAK2 8BXH JDXORJMTILPVTL-UHFFFAOYSA-N seed29 70.15s
1618/8070 SUCCESS JAK1/JAK2 8BXH JDXORJMTILPVTL-UHFFFAOYSA-N seed71 70.916s
1619/8070 SUCCESS JAK1/JAK2 8BXH JDXORJMTILPVTL-UHFFFAOYSA-N seed101 71.852s
1620/8070 SUCCESS JAK1/JAK2 8BXH JDXORJMTILPVTL-UHFFFAOYSA-N seed42 73.135s
1621/8070 SUCCESS JAK1/JAK2 8BXH KNAGBHSVICAWIT-UHFFFAOYSA-N seed17 142.028s
1622/8070 SUCCESS JAK1/JAK2 6N7A KNAGBHSVICAWIT-UHFFFAOYSA-N seed29 174.148s
1623/8070 SUCCESS JAK1/JAK2 6N7A KNAGBHSVICAWIT-UHFFFAOYSA-N seed17 178.52s
1624/8070 SUCCESS JAK1/JAK2 6N7A KNAGBHSVICAWIT-UHFFFAOYSA-N seed71 175.662s
1625/8070 SUCCESS JAK1/JAK2 6N7A KNAGBHSVICAWIT-UHFFFAOYSA-N seed42 179.727s
1626/8070 SUCCESS JAK1/JAK2 6N7A KNAGBHSVICAWIT-UHFFFAOYSA-N seed101 180.67s
1627/8070 SUCCESS JAK1/JAK2 8BXH KNAGBHSVICAWIT-UHFFFAOYSA-N seed29 137.79s
1628/8070 SUCCESS JAK1/JAK2 8BXH KNAGBHSVICAWIT-UHFFFAOYSA-N seed42 135.16s
1629/8070 SUCCESS JAK1/JAK2 8BXH KNAGBHSVICAWIT-UHFFFAOYSA-N seed71 136.964s
1630/8070 SUCCESS JAK1/JAK2 6N7A XWEGZOWJKZVIPT-HXUWFJFHSA-N seed17 126.192s
1631/8070 SUCCESS JAK1/JAK2 6N7A XWEGZOWJKZVIPT-HXUWFJFHSA-N seed29 124.676s
1632/8070 SUCCESS JAK1/JAK2 8BXH KNAGBHSVICAWIT-UHFFFAOYSA-N seed101 139.824s
1633/8070 SUCCESS JAK1/JAK2 6N7A XWEGZOWJKZVIPT-HXUWFJFHSA-N seed42 127.517s
1634/8070 SUCCESS JAK1/JAK2 8BXH XWEGZOWJKZVIPT-HXUWFJFHSA-N seed17 109.037s
1635/8070 SUCCESS JAK1/JAK2 6N7A XWEGZOWJKZVIPT-HXUWFJFHSA-N seed71 126.086s
1636/8070 SUCCESS JAK1/JAK2 8BXH XWEGZOWJKZVIPT-HXUWFJFHSA-N seed29 112.667s
1637/8070 SUCCESS JAK1/JAK2 6N7A XWEGZOWJKZVIPT-HXUWFJFHSA-N seed101 125.294s
1638/8070 SUCCESS JAK1/JAK2 8BXH XWEGZOWJKZVIPT-HXUWFJFHSA-N seed42 111.3s
1639/8070 SUCCESS JAK1/JAK2 6N7A DVXZLEHKUCHABK-CTNGQTDRSA-N seed17 60.801s
1640/8070 SUCCESS JAK1/JAK2 6N7A DVXZLEHKUCHABK-CTNGQTDRSA-N seed29 63.266s
1641/8070 SUCCESS JAK1/JAK2 6N7A DVXZLEHKUCHABK-CTNGQTDRSA-N seed42 63.827s
1642/8070 SUCCESS JAK1/JAK2 6N7A DVXZLEHKUCHABK-CTNGQTDRSA-N seed71 64.41s
1643/8070 SUCCESS JAK1/JAK2 8BXH XWEGZOWJKZVIPT-HXUWFJFHSA-N seed71 108.662s
1644/8070 SUCCESS JAK1/JAK2 8BXH XWEGZOWJKZVIPT-HXUWFJFHSA-N seed101 108.886s
1645/8070 SUCCESS JAK1/JAK2 6N7A DVXZLEHKUCHABK-CTNGQTDRSA-N seed101 64.48s
1646/8070 SUCCESS JAK1/JAK2 8BXH DVXZLEHKUCHABK-CTNGQTDRSA-N seed17 69.815s
1647/8070 SUCCESS JAK1/JAK2 8BXH DVXZLEHKUCHABK-CTNGQTDRSA-N seed29 71.357s
1648/8070 SUCCESS JAK1/JAK2 8BXH DVXZLEHKUCHABK-CTNGQTDRSA-N seed42 71.803s
1649/8070 SUCCESS JAK1/JAK2 8BXH DVXZLEHKUCHABK-CTNGQTDRSA-N seed71 68.08s
1650/8070 SUCCESS JAK1/JAK2 8BXH DVXZLEHKUCHABK-CTNGQTDRSA-N seed101 69.299s
1651/8070 SUCCESS JAK1/JAK2 6N7A AVHFYGNBTIJHDJ-OAHLLOKOSA-N seed17 86.29s
1652/8070 SUCCESS JAK1/JAK2 6N7A AVHFYGNBTIJHDJ-OAHLLOKOSA-N seed29 85.453s
1653/8070 SUCCESS JAK1/JAK2 6N7A AVHFYGNBTIJHDJ-OAHLLOKOSA-N seed71 86.831s
1654/8070 SUCCESS JAK1/JAK2 6N7A AVHFYGNBTIJHDJ-OAHLLOKOSA-N seed42 95.271s
1655/8070 SUCCESS JAK1/JAK2 8BXH AVHFYGNBTIJHDJ-OAHLLOKOSA-N seed17 75.144s
1656/8070 SUCCESS JAK1/JAK2 6N7A AVHFYGNBTIJHDJ-OAHLLOKOSA-N seed101 88.773s
1657/8070 SUCCESS JAK1/JAK2 8BXH AVHFYGNBTIJHDJ-OAHLLOKOSA-N seed29 72.374s
1658/8070 SUCCESS JAK1/JAK2 8BXH AVHFYGNBTIJHDJ-OAHLLOKOSA-N seed42 76.338s
1659/8070 SUCCESS JAK1/JAK2 8BXH AVHFYGNBTIJHDJ-OAHLLOKOSA-N seed71 77.726s
1660/8070 SUCCESS JAK1/JAK2 8BXH AVHFYGNBTIJHDJ-OAHLLOKOSA-N seed101 77.982s
1661/8070 SUCCESS JAK1/JAK2 6N7A AJAWHQDUZDCYMQ-UHFFFAOYSA-N seed17 107.067s
1662/8070 SUCCESS JAK1/JAK2 6N7A AJAWHQDUZDCYMQ-UHFFFAOYSA-N seed29 97.391s
1663/8070 SUCCESS JAK1/JAK2 6N7A AJAWHQDUZDCYMQ-UHFFFAOYSA-N seed42 95.62s
1664/8070 SUCCESS JAK1/JAK2 6N7A AJAWHQDUZDCYMQ-UHFFFAOYSA-N seed71 100.359s
1665/8070 SUCCESS JAK1/JAK2 8BXH AJAWHQDUZDCYMQ-UHFFFAOYSA-N seed17 88.842s
1666/8070 SUCCESS JAK1/JAK2 6N7A AJAWHQDUZDCYMQ-UHFFFAOYSA-N seed101 98.74s
1667/8070 SUCCESS JAK1/JAK2 8BXH AJAWHQDUZDCYMQ-UHFFFAOYSA-N seed29 91.418s
1668/8070 SUCCESS JAK1/JAK2 8BXH AJAWHQDUZDCYMQ-UHFFFAOYSA-N seed42 91.567s
1669/8070 SUCCESS JAK1/JAK2 8BXH AJAWHQDUZDCYMQ-UHFFFAOYSA-N seed71 91.512s
1670/8070 SUCCESS JAK1/JAK2 6N7A PEALVEWPZOQWRK-UHFFFAOYSA-N seed17 69.469s
1671/8070 SUCCESS JAK1/JAK2 6N7A PEALVEWPZOQWRK-UHFFFAOYSA-N seed29 73.596s
1672/8070 SUCCESS JAK1/JAK2 8BXH AJAWHQDUZDCYMQ-UHFFFAOYSA-N seed101 92.218s
1673/8070 SUCCESS JAK1/JAK2 6N7A PEALVEWPZOQWRK-UHFFFAOYSA-N seed42 69.796s
1674/8070 SUCCESS JAK1/JAK2 6N7A PEALVEWPZOQWRK-UHFFFAOYSA-N seed71 71.1s
1675/8070 SUCCESS JAK1/JAK2 8BXH PEALVEWPZOQWRK-UHFFFAOYSA-N seed17 67.043s
1676/8070 SUCCESS JAK1/JAK2 6N7A PEALVEWPZOQWRK-UHFFFAOYSA-N seed101 70.561s
1677/8070 SUCCESS JAK1/JAK2 8BXH PEALVEWPZOQWRK-UHFFFAOYSA-N seed29 68.811s
1678/8070 SUCCESS JAK1/JAK2 8BXH PEALVEWPZOQWRK-UHFFFAOYSA-N seed42 70.332s
1679/8070 SUCCESS JAK1/JAK2 8BXH PEALVEWPZOQWRK-UHFFFAOYSA-N seed101 67.721s
1680/8070 SUCCESS JAK1/JAK2 8BXH PEALVEWPZOQWRK-UHFFFAOYSA-N seed71 70.7s
1681/8070 SUCCESS JAK1/JAK2 6N7A KITCYDCXSZDXLF-UHFFFAOYSA-N seed17 104.917s
1682/8070 SUCCESS JAK1/JAK2 6N7A KITCYDCXSZDXLF-UHFFFAOYSA-N seed29 111.032s
1683/8070 SUCCESS JAK1/JAK2 6N7A KITCYDCXSZDXLF-UHFFFAOYSA-N seed42 106.487s
1684/8070 SUCCESS JAK1/JAK2 6N7A KITCYDCXSZDXLF-UHFFFAOYSA-N seed71 106.889s
1685/8070 SUCCESS JAK1/JAK2 8BXH KITCYDCXSZDXLF-UHFFFAOYSA-N seed17 99.722s
1686/8070 SUCCESS JAK1/JAK2 6N7A KITCYDCXSZDXLF-UHFFFAOYSA-N seed101 115.433s
1687/8070 SUCCESS JAK1/JAK2 8BXH KITCYDCXSZDXLF-UHFFFAOYSA-N seed29 100.745s
1688/8070 SUCCESS JAK1/JAK2 8BXH KITCYDCXSZDXLF-UHFFFAOYSA-N seed42 101.459s
1689/8070 SUCCESS JAK1/JAK2 8BXH KITCYDCXSZDXLF-UHFFFAOYSA-N seed71 102.008s
1690/8070 SUCCESS JAK1/JAK2 8BXH KITCYDCXSZDXLF-UHFFFAOYSA-N seed101 104.97s
1691/8070 SUCCESS JAK1/JAK2 6N7A FPOUNMXAICPJAF-OZAIVSQSSA-N seed17 125.488s
1692/8070 SUCCESS JAK1/JAK2 6N7A FPOUNMXAICPJAF-OZAIVSQSSA-N seed29 124.267s
1693/8070 SUCCESS JAK1/JAK2 8BXH FPOUNMXAICPJAF-OZAIVSQSSA-N seed17 93.508s
1694/8070 SUCCESS JAK1/JAK2 6N7A FPOUNMXAICPJAF-OZAIVSQSSA-N seed42 123.822s
1695/8070 SUCCESS JAK1/JAK2 6N7A FPOUNMXAICPJAF-OZAIVSQSSA-N seed71 123.344s
1696/8070 SUCCESS JAK1/JAK2 6N7A FPOUNMXAICPJAF-OZAIVSQSSA-N seed101 122.971s
1697/8070 SUCCESS JAK1/JAK2 8BXH FPOUNMXAICPJAF-OZAIVSQSSA-N seed29 91.102s
1698/8070 SUCCESS JAK1/JAK2 8BXH FPOUNMXAICPJAF-OZAIVSQSSA-N seed42 92.21s
1699/8070 SUCCESS JAK1/JAK2 8BXH FPOUNMXAICPJAF-OZAIVSQSSA-N seed101 90.199s
1700/8070 SUCCESS JAK1/JAK2 8BXH FPOUNMXAICPJAF-OZAIVSQSSA-N seed71 92.637s
1701/8070 SUCCESS JAK1/JAK2 6N7A QMHIQYFDHQKWPO-LJQANCHMSA-N seed17 122.82s
1702/8070 SUCCESS JAK1/JAK2 6N7A QMHIQYFDHQKWPO-LJQANCHMSA-N seed29 124.39s
1703/8070 SUCCESS JAK1/JAK2 6N7A QMHIQYFDHQKWPO-LJQANCHMSA-N seed42 124.087s
1704/8070 SUCCESS JAK1/JAK2 6N7A QMHIQYFDHQKWPO-LJQANCHMSA-N seed71 122.378s
1705/8070 SUCCESS JAK1/JAK2 8BXH QMHIQYFDHQKWPO-LJQANCHMSA-N seed17 112.059s
1706/8070 SUCCESS JAK1/JAK2 6N7A QMHIQYFDHQKWPO-LJQANCHMSA-N seed101 124.562s
1707/8070 SUCCESS JAK1/JAK2 8BXH QMHIQYFDHQKWPO-LJQANCHMSA-N seed29 110.278s
1708/8070 SUCCESS JAK1/JAK2 8BXH QMHIQYFDHQKWPO-LJQANCHMSA-N seed42 112.375s
1709/8070 SUCCESS JAK1/JAK2 8BXH QMHIQYFDHQKWPO-LJQANCHMSA-N seed71 112.686s
1710/8070 SUCCESS JAK1/JAK2 8BXH QMHIQYFDHQKWPO-LJQANCHMSA-N seed101 111.535s
1711/8070 SUCCESS JAK1/JAK2 6N7A LMRBMFGYPWUSQY-HXUWFJFHSA-N seed17 186.398s
1712/8070 SUCCESS JAK1/JAK2 6N7A LMRBMFGYPWUSQY-HXUWFJFHSA-N seed29 193.408s
1713/8070 SUCCESS JAK1/JAK2 6N7A LMRBMFGYPWUSQY-HXUWFJFHSA-N seed42 192.696s
1714/8070 SUCCESS JAK1/JAK2 8BXH LMRBMFGYPWUSQY-HXUWFJFHSA-N seed17 160.988s
1715/8070 SUCCESS JAK1/JAK2 6N7A LMRBMFGYPWUSQY-HXUWFJFHSA-N seed71 194.4s
1716/8070 SUCCESS JAK1/JAK2 6N7A LMRBMFGYPWUSQY-HXUWFJFHSA-N seed101 187.499s
1717/8070 SUCCESS JAK1/JAK2 8BXH LMRBMFGYPWUSQY-HXUWFJFHSA-N seed29 158.962s
1718/8070 SUCCESS JAK1/JAK2 8BXH LMRBMFGYPWUSQY-HXUWFJFHSA-N seed42 162.893s
1719/8070 SUCCESS JAK1/JAK2 6N7A QMHIQYFDHQKWPO-IBGZPJMESA-N seed17 125.339s
1720/8070 SUCCESS JAK1/JAK2 6N7A QMHIQYFDHQKWPO-IBGZPJMESA-N seed29 126.855s
1721/8070 SUCCESS JAK1/JAK2 8BXH LMRBMFGYPWUSQY-HXUWFJFHSA-N seed71 158.159s
1722/8070 SUCCESS JAK1/JAK2 8BXH LMRBMFGYPWUSQY-HXUWFJFHSA-N seed101 157.175s
1723/8070 SUCCESS JAK1/JAK2 6N7A QMHIQYFDHQKWPO-IBGZPJMESA-N seed42 124.374s
1724/8070 SUCCESS JAK1/JAK2 6N7A QMHIQYFDHQKWPO-IBGZPJMESA-N seed71 123.665s
1725/8070 SUCCESS JAK1/JAK2 6N7A QMHIQYFDHQKWPO-IBGZPJMESA-N seed101 122.324s
1726/8070 SUCCESS JAK1/JAK2 8BXH QMHIQYFDHQKWPO-IBGZPJMESA-N seed17 109.739s
1727/8070 SUCCESS JAK1/JAK2 8BXH QMHIQYFDHQKWPO-IBGZPJMESA-N seed29 110.799s
1728/8070 SUCCESS JAK1/JAK2 8BXH QMHIQYFDHQKWPO-IBGZPJMESA-N seed42 110.612s
1729/8070 SUCCESS JAK1/JAK2 6N7A PUPKZNCFZQRDIJ-UHFFFAOYSA-N seed17 53.398s
1730/8070 SUCCESS JAK1/JAK2 6N7A PUPKZNCFZQRDIJ-UHFFFAOYSA-N seed29 53.3s
1731/8070 SUCCESS JAK1/JAK2 6N7A PUPKZNCFZQRDIJ-UHFFFAOYSA-N seed42 52.978s
1732/8070 SUCCESS JAK1/JAK2 6N7A PUPKZNCFZQRDIJ-UHFFFAOYSA-N seed71 53.124s
1733/8070 SUCCESS JAK1/JAK2 8BXH QMHIQYFDHQKWPO-IBGZPJMESA-N seed71 111.613s
1734/8070 SUCCESS JAK1/JAK2 6N7A PUPKZNCFZQRDIJ-UHFFFAOYSA-N seed101 52.688s
1735/8070 SUCCESS JAK1/JAK2 8BXH PUPKZNCFZQRDIJ-UHFFFAOYSA-N seed17 51.49s
1736/8070 SUCCESS JAK1/JAK2 8BXH QMHIQYFDHQKWPO-IBGZPJMESA-N seed101 110.605s
1737/8070 SUCCESS JAK1/JAK2 8BXH PUPKZNCFZQRDIJ-UHFFFAOYSA-N seed29 55.318s
1738/8070 SUCCESS JAK1/JAK2 8BXH PUPKZNCFZQRDIJ-UHFFFAOYSA-N seed42 53.219s
1739/8070 SUCCESS JAK1/JAK2 8BXH PUPKZNCFZQRDIJ-UHFFFAOYSA-N seed71 53.939s
1740/8070 SUCCESS JAK1/JAK2 6N7A CNYOVNDRGAUJDR-HFTRVMKXSA-N seed17 52.603s
1741/8070 SUCCESS JAK1/JAK2 8BXH PUPKZNCFZQRDIJ-UHFFFAOYSA-N seed101 53.651s
1742/8070 SUCCESS JAK1/JAK2 6N7A CNYOVNDRGAUJDR-HFTRVMKXSA-N seed29 52.515s
1743/8070 SUCCESS JAK1/JAK2 6N7A CNYOVNDRGAUJDR-HFTRVMKXSA-N seed42 52.657s
1744/8070 SUCCESS JAK1/JAK2 6N7A CNYOVNDRGAUJDR-HFTRVMKXSA-N seed71 52.984s
1745/8070 SUCCESS JAK1/JAK2 6N7A CNYOVNDRGAUJDR-HFTRVMKXSA-N seed101 52.832s
1746/8070 SUCCESS JAK1/JAK2 8BXH CNYOVNDRGAUJDR-HFTRVMKXSA-N seed17 53.593s
1747/8070 SUCCESS JAK1/JAK2 8BXH CNYOVNDRGAUJDR-HFTRVMKXSA-N seed29 53.406s
1748/8070 SUCCESS JAK1/JAK2 8BXH CNYOVNDRGAUJDR-HFTRVMKXSA-N seed42 53.2s
1749/8070 SUCCESS JAK1/JAK2 8BXH CNYOVNDRGAUJDR-HFTRVMKXSA-N seed71 53.529s
1750/8070 SUCCESS JAK1/JAK2 8BXH CNYOVNDRGAUJDR-HFTRVMKXSA-N seed101 54.348s
1751/8070 SUCCESS JAK1/JAK2 6N7A NDGWCDFBMHRQMA-HKALDPMFSA-N seed17 105.985s
1752/8070 SUCCESS JAK1/JAK2 6N7A NDGWCDFBMHRQMA-HKALDPMFSA-N seed29 107.751s
1753/8070 SUCCESS JAK1/JAK2 6N7A NDGWCDFBMHRQMA-HKALDPMFSA-N seed42 107.616s
1754/8070 SUCCESS JAK1/JAK2 6N7A NDGWCDFBMHRQMA-HKALDPMFSA-N seed71 106.554s
1755/8070 SUCCESS JAK1/JAK2 6N7A NDGWCDFBMHRQMA-HKALDPMFSA-N seed101 106.353s
1756/8070 SUCCESS JAK1/JAK2 8BXH NDGWCDFBMHRQMA-HKALDPMFSA-N seed17 99.667s
1757/8070 SUCCESS JAK1/JAK2 8BXH NDGWCDFBMHRQMA-HKALDPMFSA-N seed29 101.367s
1758/8070 SUCCESS JAK1/JAK2 8BXH NDGWCDFBMHRQMA-HKALDPMFSA-N seed42 100.503s
1759/8070 SUCCESS JAK1/JAK2 8BXH NDGWCDFBMHRQMA-HKALDPMFSA-N seed101 101.92s
1760/8070 SUCCESS JAK1/JAK2 6N7A QIGAJELHFWOHDE-JYJNAYRXSA-N seed17 95.227s
1761/8070 SUCCESS JAK1/JAK2 8BXH NDGWCDFBMHRQMA-HKALDPMFSA-N seed71 104.238s
1762/8070 SUCCESS JAK1/JAK2 6N7A QIGAJELHFWOHDE-JYJNAYRXSA-N seed29 95.845s
1763/8070 SUCCESS JAK1/JAK2 6N7A QIGAJELHFWOHDE-JYJNAYRXSA-N seed42 96.518s
1764/8070 SUCCESS JAK1/JAK2 8BXH QIGAJELHFWOHDE-JYJNAYRXSA-N seed17 86.247s
1765/8070 SUCCESS JAK1/JAK2 8BXH QIGAJELHFWOHDE-JYJNAYRXSA-N seed29 87.385s
1766/8070 SUCCESS JAK1/JAK2 8BXH QIGAJELHFWOHDE-JYJNAYRXSA-N seed42 86.048s
1767/8070 SUCCESS JAK1/JAK2 6N7A QIGAJELHFWOHDE-JYJNAYRXSA-N seed71 97.051s
1768/8070 SUCCESS JAK1/JAK2 6N7A QIGAJELHFWOHDE-JYJNAYRXSA-N seed101 96.539s
1769/8070 SUCCESS JAK1/JAK2 8BXH QIGAJELHFWOHDE-JYJNAYRXSA-N seed71 87.428s
1770/8070 SUCCESS JAK1/JAK2 8BXH QIGAJELHFWOHDE-JYJNAYRXSA-N seed101 88.212s
1771/8070 SUCCESS JAK1/JAK2 6N7A VKZZRIHGEAOOMI-BRWVUGGUSA-N seed29 92.7s
1772/8070 SUCCESS JAK1/JAK2 6N7A VKZZRIHGEAOOMI-BRWVUGGUSA-N seed17 93.425s
1773/8070 SUCCESS JAK1/JAK2 6N7A VKZZRIHGEAOOMI-BRWVUGGUSA-N seed42 93.039s
1774/8070 SUCCESS JAK1/JAK2 6N7A VKZZRIHGEAOOMI-BRWVUGGUSA-N seed71 92.488s
1775/8070 SUCCESS JAK1/JAK2 6N7A VKZZRIHGEAOOMI-BRWVUGGUSA-N seed101 92.124s
1776/8070 SUCCESS JAK1/JAK2 8BXH VKZZRIHGEAOOMI-BRWVUGGUSA-N seed17 81.798s
1777/8070 SUCCESS JAK1/JAK2 8BXH VKZZRIHGEAOOMI-BRWVUGGUSA-N seed29 80.117s
1778/8070 SUCCESS JAK1/JAK2 8BXH VKZZRIHGEAOOMI-BRWVUGGUSA-N seed42 82.215s
1779/8070 SUCCESS JAK1/JAK2 8BXH VKZZRIHGEAOOMI-BRWVUGGUSA-N seed101 79.977s
1780/8070 SUCCESS JAK1/JAK2 8BXH VKZZRIHGEAOOMI-BRWVUGGUSA-N seed71 81.651s
1781/8070 SUCCESS JAK1/JAK2 6N7A ISAHPBXZZIAMMK-JBZHPUCOSA-N seed17 51.384s
1782/8070 SUCCESS JAK1/JAK2 6N7A ISAHPBXZZIAMMK-JBZHPUCOSA-N seed29 52.294s
1783/8070 SUCCESS JAK1/JAK2 6N7A ISAHPBXZZIAMMK-JBZHPUCOSA-N seed42 52.025s
1784/8070 SUCCESS JAK1/JAK2 6N7A ISAHPBXZZIAMMK-JBZHPUCOSA-N seed71 51.746s
1785/8070 SUCCESS JAK1/JAK2 6N7A ISAHPBXZZIAMMK-JBZHPUCOSA-N seed101 50.45s
1786/8070 SUCCESS JAK1/JAK2 8BXH ISAHPBXZZIAMMK-JBZHPUCOSA-N seed17 52.316s
1787/8070 SUCCESS JAK1/JAK2 8BXH ISAHPBXZZIAMMK-JBZHPUCOSA-N seed29 52.254s
1788/8070 SUCCESS JAK1/JAK2 8BXH ISAHPBXZZIAMMK-JBZHPUCOSA-N seed42 51.951s
1789/8070 SUCCESS JAK1/JAK2 8BXH ISAHPBXZZIAMMK-JBZHPUCOSA-N seed71 52.117s
1790/8070 SUCCESS JAK1/JAK2 8BXH ISAHPBXZZIAMMK-JBZHPUCOSA-N seed101 52.006s
1791/8070 SUCCESS JAK1/JAK2 6N7A ULCJJWMOPWEMQM-LPZXAVJZSA-N seed29 145.506s
1792/8070 SUCCESS JAK1/JAK2 6N7A ULCJJWMOPWEMQM-LPZXAVJZSA-N seed17 148.095s
1793/8070 SUCCESS JAK1/JAK2 8BXH ULCJJWMOPWEMQM-LPZXAVJZSA-N seed17 127.357s
1794/8070 SUCCESS JAK1/JAK2 6N7A ULCJJWMOPWEMQM-LPZXAVJZSA-N seed101 134.661s
1795/8070 SUCCESS JAK1/JAK2 6N7A ULCJJWMOPWEMQM-LPZXAVJZSA-N seed71 143.851s
1796/8070 SUCCESS JAK1/JAK2 6N7A ULCJJWMOPWEMQM-LPZXAVJZSA-N seed42 147.169s
1797/8070 SUCCESS JAK1/JAK2 6N7A FIEMEGHBBJADPG-LBPRGKRZSA-N seed17 48.231s
1798/8070 SUCCESS JAK1/JAK2 6N7A FIEMEGHBBJADPG-LBPRGKRZSA-N seed29 48.559s
1799/8070 SUCCESS JAK1/JAK2 8BXH ULCJJWMOPWEMQM-LPZXAVJZSA-N seed29 127.587s
1800/8070 SUCCESS JAK1/JAK2 8BXH ULCJJWMOPWEMQM-LPZXAVJZSA-N seed42 128.788s
1801/8070 SUCCESS JAK1/JAK2 6N7A FIEMEGHBBJADPG-LBPRGKRZSA-N seed42 48.337s
1802/8070 SUCCESS JAK1/JAK2 6N7A FIEMEGHBBJADPG-LBPRGKRZSA-N seed71 48.539s
1803/8070 SUCCESS JAK1/JAK2 8BXH ULCJJWMOPWEMQM-LPZXAVJZSA-N seed71 126.571s
1804/8070 SUCCESS JAK1/JAK2 8BXH ULCJJWMOPWEMQM-LPZXAVJZSA-N seed101 126.463s
1805/8070 SUCCESS JAK1/JAK2 6N7A FIEMEGHBBJADPG-LBPRGKRZSA-N seed101 47.972s
1806/8070 SUCCESS JAK1/JAK2 8BXH FIEMEGHBBJADPG-LBPRGKRZSA-N seed17 52.67s
1807/8070 SUCCESS JAK1/JAK2 8BXH FIEMEGHBBJADPG-LBPRGKRZSA-N seed42 52.364s
1808/8070 SUCCESS JAK1/JAK2 8BXH FIEMEGHBBJADPG-LBPRGKRZSA-N seed29 54.356s
1809/8070 SUCCESS JAK1/JAK2 8BXH FIEMEGHBBJADPG-LBPRGKRZSA-N seed71 53.295s
1810/8070 SUCCESS JAK1/JAK2 8BXH FIEMEGHBBJADPG-LBPRGKRZSA-N seed101 52.722s
1811/8070 SUCCESS JAK1/JAK2 6N7A VZYDRNUBBJZACH-UHFFFAOYSA-N seed17 221.04s
1812/8070 SUCCESS JAK1/JAK2 6N7A VZYDRNUBBJZACH-UHFFFAOYSA-N seed29 222.465s
1813/8070 SUCCESS JAK1/JAK2 6N7A VZYDRNUBBJZACH-UHFFFAOYSA-N seed71 218.668s
1814/8070 SUCCESS JAK1/JAK2 6N7A VZYDRNUBBJZACH-UHFFFAOYSA-N seed42 221.659s
1815/8070 SUCCESS JAK1/JAK2 8BXH VZYDRNUBBJZACH-UHFFFAOYSA-N seed17 209.916s
1816/8070 SUCCESS JAK1/JAK2 6N7A VZYDRNUBBJZACH-UHFFFAOYSA-N seed101 225.35s
1817/8070 SUCCESS JAK1/JAK2 8BXH VZYDRNUBBJZACH-UHFFFAOYSA-N seed29 208.207s
1818/8070 SUCCESS JAK1/JAK2 8BXH VZYDRNUBBJZACH-UHFFFAOYSA-N seed71 203.913s
1819/8070 SUCCESS JAK1/JAK2 8BXH VZYDRNUBBJZACH-UHFFFAOYSA-N seed42 212.108s
1820/8070 SUCCESS JAK1/JAK2 8BXH VZYDRNUBBJZACH-UHFFFAOYSA-N seed101 209.982s
1821/8070 SUCCESS JAK1/JAK2 6N7A PKRKWOVHSNTKAH-KDURUIRLSA-N seed29 499.328s
1822/8070 SUCCESS JAK1/JAK2 6N7A PKRKWOVHSNTKAH-KDURUIRLSA-N seed17 530.487s
1823/8070 SUCCESS JAK1/JAK2 8BXH PKRKWOVHSNTKAH-KDURUIRLSA-N seed17 384.665s
1824/8070 SUCCESS JAK1/JAK2 6N7A PKRKWOVHSNTKAH-KDURUIRLSA-N seed42 529.579s
1825/8070 SUCCESS JAK1/JAK2 6N7A PKRKWOVHSNTKAH-KDURUIRLSA-N seed71 539.252s
1826/8070 SUCCESS JAK1/JAK2 6N7A PKRKWOVHSNTKAH-KDURUIRLSA-N seed101 544.262s
1827/8070 SUCCESS JAK1/JAK2 8BXH PKRKWOVHSNTKAH-KDURUIRLSA-N seed29 400.32s
1828/8070 SUCCESS JAK1/JAK2 6N7A VIZVTICYOXCCPP-UHFFFAOYSA-N seed17 195.03s
1829/8070 SUCCESS JAK1/JAK2 8BXH PKRKWOVHSNTKAH-KDURUIRLSA-N seed42 404.644s
1830/8070 SUCCESS JAK1/JAK2 6N7A VIZVTICYOXCCPP-UHFFFAOYSA-N seed29 197.944s
1831/8070 SUCCESS JAK1/JAK2 8BXH PKRKWOVHSNTKAH-KDURUIRLSA-N seed71 390.24s
1832/8070 SUCCESS JAK1/JAK2 8BXH PKRKWOVHSNTKAH-KDURUIRLSA-N seed101 384.729s
1833/8070 SUCCESS JAK1/JAK2 6N7A VIZVTICYOXCCPP-UHFFFAOYSA-N seed42 198.75s
1834/8070 SUCCESS JAK1/JAK2 6N7A VIZVTICYOXCCPP-UHFFFAOYSA-N seed71 192.36s
1835/8070 SUCCESS JAK1/JAK2 8BXH VIZVTICYOXCCPP-UHFFFAOYSA-N seed17 181.101s
1836/8070 SUCCESS JAK1/JAK2 6N7A VIZVTICYOXCCPP-UHFFFAOYSA-N seed101 193.513s
1837/8070 SUCCESS JAK1/JAK2 8BXH VIZVTICYOXCCPP-UHFFFAOYSA-N seed29 180.003s
1838/8070 SUCCESS JAK1/JAK2 8BXH VIZVTICYOXCCPP-UHFFFAOYSA-N seed42 207.694s
1839/8070 SUCCESS JAK1/JAK2 8BXH VIZVTICYOXCCPP-UHFFFAOYSA-N seed71 195.32s
1840/8070 SUCCESS JAK1/JAK2 8BXH VIZVTICYOXCCPP-UHFFFAOYSA-N seed101 203.045s
1841/8070 SUCCESS JAK1/JAK2 6N7A XBHXTQHOUVDXHH-UHFFFAOYSA-N seed17 242.323s
1842/8070 SUCCESS JAK1/JAK2 6N7A XBHXTQHOUVDXHH-UHFFFAOYSA-N seed29 246.683s
1843/8070 SUCCESS JAK1/JAK2 6N7A XBHXTQHOUVDXHH-UHFFFAOYSA-N seed42 259.042s
1844/8070 SUCCESS JAK1/JAK2 8BXH XBHXTQHOUVDXHH-UHFFFAOYSA-N seed17 227.963s
1845/8070 SUCCESS JAK1/JAK2 6N7A XBHXTQHOUVDXHH-UHFFFAOYSA-N seed101 282.502s
1846/8070 SUCCESS JAK1/JAK2 8BXH XBHXTQHOUVDXHH-UHFFFAOYSA-N seed29 229.876s
1847/8070 SUCCESS JAK1/JAK2 8BXH XBHXTQHOUVDXHH-UHFFFAOYSA-N seed42 223.904s
1848/8070 SUCCESS JAK1/JAK2 6N7A XBHXTQHOUVDXHH-UHFFFAOYSA-N seed71 298.4s
1849/8070 SUCCESS JAK1/JAK2 8BXH XBHXTQHOUVDXHH-UHFFFAOYSA-N seed71 233.614s
1850/8070 SUCCESS JAK1/JAK2 6N7A JQKDWSJGLLIFBM-YUTCNCBUSA-N seed17 99.419s
1851/8070 SUCCESS JAK1/JAK2 6N7A JQKDWSJGLLIFBM-YUTCNCBUSA-N seed29 100.729s
1852/8070 SUCCESS JAK1/JAK2 6N7A JQKDWSJGLLIFBM-YUTCNCBUSA-N seed42 98.74s
1853/8070 SUCCESS JAK1/JAK2 6N7A JQKDWSJGLLIFBM-YUTCNCBUSA-N seed71 99.555s
1854/8070 SUCCESS JAK1/JAK2 6N7A JQKDWSJGLLIFBM-YUTCNCBUSA-N seed101 98.912s
1855/8070 SUCCESS JAK1/JAK2 8BXH XBHXTQHOUVDXHH-UHFFFAOYSA-N seed101 225.397s
1856/8070 SUCCESS JAK1/JAK2 8BXH JQKDWSJGLLIFBM-YUTCNCBUSA-N seed17 91.156s
1857/8070 SUCCESS JAK1/JAK2 8BXH JQKDWSJGLLIFBM-YUTCNCBUSA-N seed29 90.555s
1858/8070 SUCCESS JAK1/JAK2 8BXH JQKDWSJGLLIFBM-YUTCNCBUSA-N seed42 90.042s
1859/8070 SUCCESS JAK1/JAK2 8BXH JQKDWSJGLLIFBM-YUTCNCBUSA-N seed71 92.071s
1860/8070 SUCCESS JAK1/JAK2 8BXH JQKDWSJGLLIFBM-YUTCNCBUSA-N seed101 92.872s
1861/8070 SUCCESS JAK1/JAK2 8BXH QLSJFVSWCVEOMO-OAHLLOKOSA-N seed17 239.047s
1862/8070 SUCCESS JAK1/JAK2 6N7A QLSJFVSWCVEOMO-OAHLLOKOSA-N seed17 326.978s
1863/8070 SUCCESS JAK1/JAK2 6N7A QLSJFVSWCVEOMO-OAHLLOKOSA-N seed42 327.641s
1864/8070 SUCCESS JAK1/JAK2 6N7A QLSJFVSWCVEOMO-OAHLLOKOSA-N seed29 331.573s
1865/8070 SUCCESS JAK1/JAK2 6N7A QLSJFVSWCVEOMO-OAHLLOKOSA-N seed71 338.367s
1866/8070 SUCCESS JAK1/JAK2 6N7A QLSJFVSWCVEOMO-OAHLLOKOSA-N seed101 333.982s
1867/8070 SUCCESS JAK1/JAK2 6N7A VHAXDIGWSKDFNC-UHFFFAOYSA-N seed17 107.498s
1868/8070 SUCCESS JAK1/JAK2 6N7A VHAXDIGWSKDFNC-UHFFFAOYSA-N seed29 106.578s
1869/8070 SUCCESS JAK1/JAK2 8BXH QLSJFVSWCVEOMO-OAHLLOKOSA-N seed29 253.492s
1870/8070 SUCCESS JAK1/JAK2 6N7A VHAXDIGWSKDFNC-UHFFFAOYSA-N seed71 107.789s
1871/8070 SUCCESS JAK1/JAK2 6N7A VHAXDIGWSKDFNC-UHFFFAOYSA-N seed42 108.898s
1872/8070 SUCCESS JAK1/JAK2 8BXH QLSJFVSWCVEOMO-OAHLLOKOSA-N seed42 251.161s
1873/8070 SUCCESS JAK1/JAK2 8BXH QLSJFVSWCVEOMO-OAHLLOKOSA-N seed71 252.893s
1874/8070 SUCCESS JAK1/JAK2 8BXH QLSJFVSWCVEOMO-OAHLLOKOSA-N seed101 252.477s
1875/8070 SUCCESS JAK1/JAK2 6N7A VHAXDIGWSKDFNC-UHFFFAOYSA-N seed101 106.272s
1876/8070 SUCCESS JAK1/JAK2 8BXH VHAXDIGWSKDFNC-UHFFFAOYSA-N seed29 99.1s
1877/8070 SUCCESS JAK1/JAK2 8BXH VHAXDIGWSKDFNC-UHFFFAOYSA-N seed17 100.134s
1878/8070 SUCCESS JAK1/JAK2 8BXH VHAXDIGWSKDFNC-UHFFFAOYSA-N seed42 98.588s
1879/8070 SUCCESS JAK1/JAK2 8BXH VHAXDIGWSKDFNC-UHFFFAOYSA-N seed71 98.031s
1880/8070 SUCCESS JAK1/JAK2 8BXH VHAXDIGWSKDFNC-UHFFFAOYSA-N seed101 97.888s
1881/8070 SUCCESS JAK1/JAK2 8BXH MJWHYVMTGWQCDN-UHFFFAOYSA-N seed17 286.63s
1882/8070 SUCCESS JAK1/JAK2 6N7A MJWHYVMTGWQCDN-UHFFFAOYSA-N seed17 325.005s
1883/8070 SUCCESS JAK1/JAK2 6N7A MJWHYVMTGWQCDN-UHFFFAOYSA-N seed71 326.436s
1884/8070 SUCCESS JAK1/JAK2 6N7A MJWHYVMTGWQCDN-UHFFFAOYSA-N seed29 341.244s
1885/8070 SUCCESS JAK1/JAK2 6N7A MJWHYVMTGWQCDN-UHFFFAOYSA-N seed42 349.662s
1886/8070 SUCCESS JAK1/JAK2 6N7A MJWHYVMTGWQCDN-UHFFFAOYSA-N seed101 344.402s
1887/8070 SUCCESS JAK1/JAK2 6N7A HUGPLCWWVOYGRE-NVXWUHKLSA-N seed17 122.971s
1888/8070 SUCCESS JAK1/JAK2 6N7A HUGPLCWWVOYGRE-NVXWUHKLSA-N seed29 127.234s
1889/8070 SUCCESS JAK1/JAK2 8BXH MJWHYVMTGWQCDN-UHFFFAOYSA-N seed29 255.751s
1890/8070 SUCCESS JAK1/JAK2 6N7A HUGPLCWWVOYGRE-NVXWUHKLSA-N seed42 95.246s
1891/8070 SUCCESS JAK1/JAK2 8BXH MJWHYVMTGWQCDN-UHFFFAOYSA-N seed42 254.808s
1892/8070 SUCCESS JAK1/JAK2 6N7A HUGPLCWWVOYGRE-NVXWUHKLSA-N seed71 90.096s
1893/8070 SUCCESS JAK1/JAK2 8BXH MJWHYVMTGWQCDN-UHFFFAOYSA-N seed71 245.856s
1894/8070 SUCCESS JAK1/JAK2 8BXH MJWHYVMTGWQCDN-UHFFFAOYSA-N seed101 243.139s
1895/8070 SUCCESS JAK1/JAK2 6N7A HUGPLCWWVOYGRE-NVXWUHKLSA-N seed101 91.007s
1896/8070 SUCCESS JAK1/JAK2 8BXH HUGPLCWWVOYGRE-NVXWUHKLSA-N seed17 91.922s
1897/8070 SUCCESS JAK1/JAK2 8BXH HUGPLCWWVOYGRE-NVXWUHKLSA-N seed29 92.727s
1898/8070 SUCCESS JAK1/JAK2 8BXH HUGPLCWWVOYGRE-NVXWUHKLSA-N seed42 91.72s
1899/8070 SUCCESS JAK1/JAK2 8BXH HUGPLCWWVOYGRE-NVXWUHKLSA-N seed71 91.427s
1900/8070 SUCCESS JAK1/JAK2 8BXH HUGPLCWWVOYGRE-NVXWUHKLSA-N seed101 93.137s
1901/8070 SUCCESS JAK1/JAK2 6N7A UNRMWZNDXAAOPZ-UHFFFAOYSA-N seed17 158.739s
1902/8070 SUCCESS JAK1/JAK2 8BXH UNRMWZNDXAAOPZ-UHFFFAOYSA-N seed17 138.625s
1903/8070 SUCCESS JAK1/JAK2 6N7A UNRMWZNDXAAOPZ-UHFFFAOYSA-N seed29 158.358s
1904/8070 SUCCESS JAK1/JAK2 6N7A UNRMWZNDXAAOPZ-UHFFFAOYSA-N seed101 157.678s
1905/8070 SUCCESS JAK1/JAK2 6N7A UNRMWZNDXAAOPZ-UHFFFAOYSA-N seed71 158.251s
1906/8070 SUCCESS JAK1/JAK2 6N7A UNRMWZNDXAAOPZ-UHFFFAOYSA-N seed42 162.426s
1907/8070 SUCCESS JAK1/JAK2 6N7A VMAMUMCPDDDNRL-HDJSIYSDSA-N seed17 61.714s
1908/8070 SUCCESS JAK1/JAK2 6N7A VMAMUMCPDDDNRL-HDJSIYSDSA-N seed29 61.828s
1909/8070 SUCCESS JAK1/JAK2 8BXH UNRMWZNDXAAOPZ-UHFFFAOYSA-N seed29 139.031s
1910/8070 SUCCESS JAK1/JAK2 6N7A VMAMUMCPDDDNRL-HDJSIYSDSA-N seed42 59.537s
1911/8070 SUCCESS JAK1/JAK2 8BXH UNRMWZNDXAAOPZ-UHFFFAOYSA-N seed42 134.712s
1912/8070 SUCCESS JAK1/JAK2 6N7A VMAMUMCPDDDNRL-HDJSIYSDSA-N seed71 61.4s
1913/8070 SUCCESS JAK1/JAK2 8BXH UNRMWZNDXAAOPZ-UHFFFAOYSA-N seed71 139.018s
1914/8070 SUCCESS JAK1/JAK2 8BXH UNRMWZNDXAAOPZ-UHFFFAOYSA-N seed101 137.513s
1915/8070 SUCCESS JAK1/JAK2 6N7A VMAMUMCPDDDNRL-HDJSIYSDSA-N seed101 60.192s
1916/8070 SUCCESS JAK1/JAK2 8BXH VMAMUMCPDDDNRL-HDJSIYSDSA-N seed17 59.981s
1917/8070 SUCCESS JAK1/JAK2 8BXH VMAMUMCPDDDNRL-HDJSIYSDSA-N seed29 59.242s
1918/8070 SUCCESS JAK1/JAK2 8BXH VMAMUMCPDDDNRL-HDJSIYSDSA-N seed42 58.774s
1919/8070 SUCCESS JAK1/JAK2 8BXH VMAMUMCPDDDNRL-HDJSIYSDSA-N seed71 58.566s
1920/8070 SUCCESS JAK1/JAK2 8BXH VMAMUMCPDDDNRL-HDJSIYSDSA-N seed101 60.257s
1921/8070 SUCCESS JAK1/JAK2 6N7A LJOCKOTYPPAJJM-OAHLLOKOSA-N seed29 142.882s
1922/8070 SUCCESS JAK1/JAK2 6N7A LJOCKOTYPPAJJM-OAHLLOKOSA-N seed71 142.882s
1923/8070 SUCCESS JAK1/JAK2 6N7A LJOCKOTYPPAJJM-OAHLLOKOSA-N seed17 146.935s
1924/8070 SUCCESS JAK1/JAK2 6N7A LJOCKOTYPPAJJM-OAHLLOKOSA-N seed42 146.57s
1925/8070 SUCCESS JAK1/JAK2 6N7A LJOCKOTYPPAJJM-OAHLLOKOSA-N seed101 143.251s
1926/8070 SUCCESS JAK1/JAK2 8BXH LJOCKOTYPPAJJM-OAHLLOKOSA-N seed17 142.558s
1927/8070 SUCCESS JAK1/JAK2 8BXH LJOCKOTYPPAJJM-OAHLLOKOSA-N seed29 144.348s
1928/8070 SUCCESS JAK1/JAK2 8BXH LJOCKOTYPPAJJM-OAHLLOKOSA-N seed101 140.474s
1929/8070 SUCCESS JAK1/JAK2 8BXH LJOCKOTYPPAJJM-OAHLLOKOSA-N seed42 143.447s
1930/8070 SUCCESS JAK1/JAK2 8BXH LJOCKOTYPPAJJM-OAHLLOKOSA-N seed71 144.307s
1931/8070 SUCCESS JAK1/JAK2 6N7A CNLKMAASBAEKQE-UHFFFAOYSA-N seed17 236.828s
1932/8070 SUCCESS JAK1/JAK2 6N7A CNLKMAASBAEKQE-UHFFFAOYSA-N seed29 229.168s
1933/8070 SUCCESS JAK1/JAK2 6N7A CNLKMAASBAEKQE-UHFFFAOYSA-N seed71 235.754s
1934/8070 SUCCESS JAK1/JAK2 6N7A CNLKMAASBAEKQE-UHFFFAOYSA-N seed42 236.558s
1935/8070 SUCCESS JAK1/JAK2 6N7A CNLKMAASBAEKQE-UHFFFAOYSA-N seed101 241.144s
1936/8070 SUCCESS JAK1/JAK2 8BXH CNLKMAASBAEKQE-UHFFFAOYSA-N seed17 239.587s
1937/8070 SUCCESS JAK1/JAK2 8BXH CNLKMAASBAEKQE-UHFFFAOYSA-N seed42 263.318s
1938/8070 SUCCESS JAK1/JAK2 8BXH CNLKMAASBAEKQE-UHFFFAOYSA-N seed29 273.378s
1939/8070 SUCCESS JAK1/JAK2 8BXH CNLKMAASBAEKQE-UHFFFAOYSA-N seed101 308.816s
1940/8070 SUCCESS JAK1/JAK2 8BXH CNLKMAASBAEKQE-UHFFFAOYSA-N seed71 313.833s
1941/8070 SUCCESS JAK1/JAK2 6N7A QCICTFWGEABKRH-UHFFFAOYSA-N seed29 636.268s
1942/8070 SUCCESS JAK1/JAK2 6N7A QCICTFWGEABKRH-UHFFFAOYSA-N seed17 646.042s
1943/8070 SUCCESS JAK1/JAK2 6N7A QCICTFWGEABKRH-UHFFFAOYSA-N seed42 619.792s
1944/8070 SUCCESS JAK1/JAK2 6N7A QCICTFWGEABKRH-UHFFFAOYSA-N seed71 641.818s
1945/8070 SUCCESS JAK1/JAK2 8BXH QCICTFWGEABKRH-UHFFFAOYSA-N seed17 570.147s
1946/8070 SUCCESS JAK1/JAK2 6N7A QCICTFWGEABKRH-UHFFFAOYSA-N seed101 632.134s
1947/8070 SUCCESS JAK1/JAK2 6N7A IOIPOBMOUFWACW-OAHLLOKOSA-N seed17 92.309s
1948/8070 SUCCESS JAK1/JAK2 6N7A IOIPOBMOUFWACW-OAHLLOKOSA-N seed29 88.246s
1949/8070 SUCCESS JAK1/JAK2 6N7A IOIPOBMOUFWACW-OAHLLOKOSA-N seed42 88.798s
1950/8070 SUCCESS JAK1/JAK2 6N7A IOIPOBMOUFWACW-OAHLLOKOSA-N seed71 86.653s
1951/8070 SUCCESS JAK1/JAK2 6N7A IOIPOBMOUFWACW-OAHLLOKOSA-N seed101 85.964s
1952/8070 SUCCESS JAK1/JAK2 8BXH IOIPOBMOUFWACW-OAHLLOKOSA-N seed17 86.652s
1953/8070 SUCCESS JAK1/JAK2 8BXH QCICTFWGEABKRH-UHFFFAOYSA-N seed29 565.612s
1954/8070 SUCCESS JAK1/JAK2 8BXH QCICTFWGEABKRH-UHFFFAOYSA-N seed42 584.915s
1955/8070 SUCCESS JAK1/JAK2 8BXH IOIPOBMOUFWACW-OAHLLOKOSA-N seed29 85.942s
1956/8070 SUCCESS JAK1/JAK2 8BXH IOIPOBMOUFWACW-OAHLLOKOSA-N seed42 87.89s
1957/8070 SUCCESS JAK1/JAK2 8BXH IOIPOBMOUFWACW-OAHLLOKOSA-N seed71 87.16s
1958/8070 SUCCESS JAK1/JAK2 8BXH QCICTFWGEABKRH-UHFFFAOYSA-N seed71 570.706s
1959/8070 SUCCESS JAK1/JAK2 8BXH IOIPOBMOUFWACW-OAHLLOKOSA-N seed101 84.963s
1960/8070 SUCCESS JAK1/JAK2 8BXH QCICTFWGEABKRH-UHFFFAOYSA-N seed101 603.252s
1961/8070 SUCCESS JAK1/JAK2 6N7A YTMFSMOKEUZXRX-UHFFFAOYSA-N seed17 460.709s
1962/8070 SUCCESS JAK1/JAK2 8BXH YTMFSMOKEUZXRX-UHFFFAOYSA-N seed17 359.998s
1963/8070 SUCCESS JAK1/JAK2 6N7A YTMFSMOKEUZXRX-UHFFFAOYSA-N seed29 468.215s
1964/8070 SUCCESS JAK1/JAK2 6N7A YTMFSMOKEUZXRX-UHFFFAOYSA-N seed71 443.13s
1965/8070 SUCCESS JAK1/JAK2 6N7A YTMFSMOKEUZXRX-UHFFFAOYSA-N seed42 470.496s
1966/8070 SUCCESS JAK1/JAK2 6N7A YTMFSMOKEUZXRX-UHFFFAOYSA-N seed101 467.211s
1967/8070 SUCCESS JAK1/JAK2 8BXH YTMFSMOKEUZXRX-UHFFFAOYSA-N seed29 348.627s
1968/8070 SUCCESS JAK1/JAK2 8BXH YTMFSMOKEUZXRX-UHFFFAOYSA-N seed42 359.75s
1969/8070 SUCCESS JAK1/JAK2 8BXH YTMFSMOKEUZXRX-UHFFFAOYSA-N seed101 372.909s
1970/8070 SUCCESS JAK1/JAK2 8BXH YTMFSMOKEUZXRX-UHFFFAOYSA-N seed71 377.313s
1971/8070 SUCCESS JAK1/JAK2 6N7A HMRSUDUYEZVBSR-UHFFFAOYSA-N seed17 435.886s
1972/8070 SUCCESS JAK1/JAK2 6N7A HMRSUDUYEZVBSR-UHFFFAOYSA-N seed29 424.379s
1973/8070 SUCCESS JAK1/JAK2 8BXH HMRSUDUYEZVBSR-UHFFFAOYSA-N seed17 291.864s
1974/8070 SUCCESS JAK1/JAK2 6N7A HMRSUDUYEZVBSR-UHFFFAOYSA-N seed42 409.297s
1975/8070 SUCCESS JAK1/JAK2 8BXH HMRSUDUYEZVBSR-UHFFFAOYSA-N seed29 275.194s
1976/8070 SUCCESS JAK1/JAK2 8BXH HMRSUDUYEZVBSR-UHFFFAOYSA-N seed42 270.467s
1977/8070 SUCCESS JAK1/JAK2 6N7A HMRSUDUYEZVBSR-UHFFFAOYSA-N seed71 391.477s
1978/8070 SUCCESS JAK1/JAK2 6N7A HMRSUDUYEZVBSR-UHFFFAOYSA-N seed101 387.602s
1979/8070 SUCCESS JAK1/JAK2 6N7A DDWXRYBAOHVDTA-UHFFFAOYSA-N seed17 62.686s
1980/8070 SUCCESS JAK1/JAK2 6N7A DDWXRYBAOHVDTA-UHFFFAOYSA-N seed29 62.332s
1981/8070 SUCCESS JAK1/JAK2 6N7A DDWXRYBAOHVDTA-UHFFFAOYSA-N seed42 61.907s
1982/8070 SUCCESS JAK1/JAK2 6N7A DDWXRYBAOHVDTA-UHFFFAOYSA-N seed71 61.846s
1983/8070 SUCCESS JAK1/JAK2 6N7A DDWXRYBAOHVDTA-UHFFFAOYSA-N seed101 61.815s
1984/8070 SUCCESS JAK1/JAK2 8BXH DDWXRYBAOHVDTA-UHFFFAOYSA-N seed17 60.491s
1985/8070 SUCCESS JAK1/JAK2 8BXH DDWXRYBAOHVDTA-UHFFFAOYSA-N seed29 60.522s
1986/8070 SUCCESS JAK1/JAK2 8BXH DDWXRYBAOHVDTA-UHFFFAOYSA-N seed42 61.059s
1987/8070 SUCCESS JAK1/JAK2 8BXH HMRSUDUYEZVBSR-UHFFFAOYSA-N seed71 232.907s
1988/8070 SUCCESS JAK1/JAK2 8BXH DDWXRYBAOHVDTA-UHFFFAOYSA-N seed71 60.988s
1989/8070 SUCCESS JAK1/JAK2 8BXH DDWXRYBAOHVDTA-UHFFFAOYSA-N seed101 60.316s
1990/8070 SUCCESS JAK1/JAK2 8BXH HMRSUDUYEZVBSR-UHFFFAOYSA-N seed101 218.958s
1991/8070 SUCCESS JAK1/JAK2 6N7A OZSJWTSKFVWRDI-OWTLIXCDSA-N seed17 65.104s
1992/8070 SUCCESS JAK1/JAK2 6N7A OZSJWTSKFVWRDI-OWTLIXCDSA-N seed29 66.674s
1993/8070 SUCCESS JAK1/JAK2 6N7A OZSJWTSKFVWRDI-OWTLIXCDSA-N seed42 65.429s
1994/8070 SUCCESS JAK1/JAK2 6N7A OZSJWTSKFVWRDI-OWTLIXCDSA-N seed71 66.465s
1995/8070 SUCCESS JAK1/JAK2 6N7A OZSJWTSKFVWRDI-OWTLIXCDSA-N seed101 66.349s
1996/8070 SUCCESS JAK1/JAK2 8BXH OZSJWTSKFVWRDI-OWTLIXCDSA-N seed17 60.942s
1997/8070 SUCCESS JAK1/JAK2 8BXH OZSJWTSKFVWRDI-OWTLIXCDSA-N seed29 62.139s
1998/8070 SUCCESS JAK1/JAK2 8BXH OZSJWTSKFVWRDI-OWTLIXCDSA-N seed42 61.212s
1999/8070 SUCCESS JAK1/JAK2 8BXH OZSJWTSKFVWRDI-OWTLIXCDSA-N seed71 61.419s
2000/8070 SUCCESS JAK1/JAK2 8BXH OZSJWTSKFVWRDI-OWTLIXCDSA-N seed101 61.511s
2001/8070 SUCCESS JAK1/JAK2 6N7A WYXBKRDDCJDEIP-UHFFFAOYSA-N seed17 71.314s
2002/8070 SUCCESS JAK1/JAK2 6N7A WYXBKRDDCJDEIP-UHFFFAOYSA-N seed29 71.103s
2003/8070 SUCCESS JAK1/JAK2 6N7A WYXBKRDDCJDEIP-UHFFFAOYSA-N seed42 71.559s
2004/8070 SUCCESS JAK1/JAK2 6N7A WYXBKRDDCJDEIP-UHFFFAOYSA-N seed71 71.831s
2005/8070 SUCCESS JAK1/JAK2 6N7A WYXBKRDDCJDEIP-UHFFFAOYSA-N seed101 71.845s
2006/8070 SUCCESS JAK1/JAK2 8BXH WYXBKRDDCJDEIP-UHFFFAOYSA-N seed17 69.967s
2007/8070 SUCCESS JAK1/JAK2 8BXH WYXBKRDDCJDEIP-UHFFFAOYSA-N seed29 69.665s
2008/8070 SUCCESS JAK1/JAK2 8BXH WYXBKRDDCJDEIP-UHFFFAOYSA-N seed42 70.116s
2009/8070 SUCCESS JAK1/JAK2 8BXH WYXBKRDDCJDEIP-UHFFFAOYSA-N seed71 69.538s
2010/8070 SUCCESS JAK1/JAK2 6N7A BEMRQBQIGSYKSL-UHFFFAOYSA-N seed17 47.841s
2011/8070 SUCCESS JAK1/JAK2 6N7A BEMRQBQIGSYKSL-UHFFFAOYSA-N seed29 48.936s
2012/8070 SUCCESS JAK1/JAK2 8BXH WYXBKRDDCJDEIP-UHFFFAOYSA-N seed101 66.221s
2013/8070 SUCCESS JAK1/JAK2 6N7A BEMRQBQIGSYKSL-UHFFFAOYSA-N seed42 47.295s
2014/8070 SUCCESS JAK1/JAK2 6N7A BEMRQBQIGSYKSL-UHFFFAOYSA-N seed71 48.56s
2015/8070 SUCCESS JAK1/JAK2 6N7A BEMRQBQIGSYKSL-UHFFFAOYSA-N seed101 46.536s
2016/8070 SUCCESS JAK1/JAK2 8BXH BEMRQBQIGSYKSL-UHFFFAOYSA-N seed17 46.816s
2017/8070 SUCCESS JAK1/JAK2 8BXH BEMRQBQIGSYKSL-UHFFFAOYSA-N seed29 47.275s
2018/8070 SUCCESS JAK1/JAK2 8BXH BEMRQBQIGSYKSL-UHFFFAOYSA-N seed42 47.215s
2019/8070 SUCCESS JAK1/JAK2 8BXH BEMRQBQIGSYKSL-UHFFFAOYSA-N seed71 47.877s
2020/8070 SUCCESS JAK1/JAK2 8BXH BEMRQBQIGSYKSL-UHFFFAOYSA-N seed101 47.681s
2021/8070 SUCCESS JAK1/JAK2 6N7A XAILBBYMKDLIKC-GSPDCJABSA-N seed17 116.615s
2022/8070 SUCCESS JAK1/JAK2 6N7A XAILBBYMKDLIKC-GSPDCJABSA-N seed29 112.521s
2023/8070 SUCCESS JAK1/JAK2 6N7A XAILBBYMKDLIKC-GSPDCJABSA-N seed71 112.318s
2024/8070 SUCCESS JAK1/JAK2 6N7A XAILBBYMKDLIKC-GSPDCJABSA-N seed42 114.271s
2025/8070 SUCCESS JAK1/JAK2 8BXH XAILBBYMKDLIKC-GSPDCJABSA-N seed17 99.336s
2026/8070 SUCCESS JAK1/JAK2 6N7A XAILBBYMKDLIKC-GSPDCJABSA-N seed101 112.66s
2027/8070 SUCCESS JAK1/JAK2 8BXH XAILBBYMKDLIKC-GSPDCJABSA-N seed29 98.562s
2028/8070 SUCCESS JAK1/JAK2 8BXH XAILBBYMKDLIKC-GSPDCJABSA-N seed42 98.463s
2029/8070 SUCCESS JAK1/JAK2 8BXH XAILBBYMKDLIKC-GSPDCJABSA-N seed71 99.726s
2030/8070 SUCCESS JAK1/JAK2 8BXH XAILBBYMKDLIKC-GSPDCJABSA-N seed101 100.363s
2031/8070 SUCCESS JAK1/JAK2 6N7A BSSQEPGQHLMMHM-UHFFFAOYSA-N seed17 349.934s
2032/8070 SUCCESS JAK1/JAK2 6N7A BSSQEPGQHLMMHM-UHFFFAOYSA-N seed29 360.793s
2033/8070 SUCCESS JAK1/JAK2 8BXH BSSQEPGQHLMMHM-UHFFFAOYSA-N seed17 301.651s
2034/8070 SUCCESS JAK1/JAK2 6N7A BSSQEPGQHLMMHM-UHFFFAOYSA-N seed42 347.294s
2035/8070 SUCCESS JAK1/JAK2 6N7A BSSQEPGQHLMMHM-UHFFFAOYSA-N seed71 358.655s
2036/8070 SUCCESS JAK1/JAK2 6N7A BSSQEPGQHLMMHM-UHFFFAOYSA-N seed101 369.776s
2037/8070 SUCCESS JAK1/JAK2 8BXH BSSQEPGQHLMMHM-UHFFFAOYSA-N seed42 295.576s
2038/8070 SUCCESS JAK1/JAK2 8BXH BSSQEPGQHLMMHM-UHFFFAOYSA-N seed29 318.24s
2039/8070 SUCCESS JAK1/JAK2 6N7A SFJVTTMWKMNHQE-MNNSJKJDSA-N seed17 236.415s
2040/8070 SUCCESS JAK1/JAK2 8BXH BSSQEPGQHLMMHM-UHFFFAOYSA-N seed71 308.602s
2041/8070 SUCCESS JAK1/JAK2 6N7A SFJVTTMWKMNHQE-MNNSJKJDSA-N seed29 255.851s
2042/8070 SUCCESS JAK1/JAK2 8BXH BSSQEPGQHLMMHM-UHFFFAOYSA-N seed101 306.298s
2043/8070 SUCCESS JAK1/JAK2 6N7A SFJVTTMWKMNHQE-MNNSJKJDSA-N seed42 235.12s
2044/8070 SUCCESS JAK1/JAK2 6N7A SFJVTTMWKMNHQE-MNNSJKJDSA-N seed71 251.268s
2045/8070 SUCCESS JAK1/JAK2 8BXH SFJVTTMWKMNHQE-MNNSJKJDSA-N seed17 217.411s
2046/8070 SUCCESS JAK1/JAK2 8BXH SFJVTTMWKMNHQE-MNNSJKJDSA-N seed29 215.219s
2047/8070 SUCCESS JAK1/JAK2 8BXH SFJVTTMWKMNHQE-MNNSJKJDSA-N seed42 212.152s
2048/8070 SUCCESS JAK1/JAK2 6N7A SFJVTTMWKMNHQE-MNNSJKJDSA-N seed101 251.448s
2049/8070 SUCCESS JAK1/JAK2 8BXH SFJVTTMWKMNHQE-MNNSJKJDSA-N seed71 234.434s
2050/8070 SUCCESS JAK1/JAK2 8BXH SFJVTTMWKMNHQE-MNNSJKJDSA-N seed101 226.218s
2051/8070 SUCCESS JAK1/JAK2 6N7A TUYPRUOSDMDIKE-UHFFFAOYSA-N seed29 430.79s
2052/8070 SUCCESS JAK1/JAK2 6N7A TUYPRUOSDMDIKE-UHFFFAOYSA-N seed17 445.691s
2053/8070 SUCCESS JAK1/JAK2 6N7A TUYPRUOSDMDIKE-UHFFFAOYSA-N seed71 442.988s
2054/8070 SUCCESS JAK1/JAK2 6N7A TUYPRUOSDMDIKE-UHFFFAOYSA-N seed42 449.883s
2055/8070 SUCCESS JAK1/JAK2 8BXH TUYPRUOSDMDIKE-UHFFFAOYSA-N seed17 338.7s
2056/8070 SUCCESS JAK1/JAK2 6N7A TUYPRUOSDMDIKE-UHFFFAOYSA-N seed101 439.302s
2057/8070 SUCCESS JAK1/JAK2 8BXH TUYPRUOSDMDIKE-UHFFFAOYSA-N seed29 326.329s
2058/8070 SUCCESS JAK1/JAK2 8BXH TUYPRUOSDMDIKE-UHFFFAOYSA-N seed42 335.348s
2059/8070 SUCCESS JAK1/JAK2 8BXH TUYPRUOSDMDIKE-UHFFFAOYSA-N seed71 325.296s
2060/8070 SUCCESS JAK1/JAK2 8BXH TUYPRUOSDMDIKE-UHFFFAOYSA-N seed101 324.671s
2061/8070 SUCCESS JAK1/JAK2 6N7A DPOVKIPGQXHUQC-UHFFFAOYSA-N seed17 311.566s
2062/8070 SUCCESS JAK1/JAK2 6N7A DPOVKIPGQXHUQC-UHFFFAOYSA-N seed29 319.333s
2063/8070 SUCCESS JAK1/JAK2 8BXH DPOVKIPGQXHUQC-UHFFFAOYSA-N seed17 231.943s
2064/8070 SUCCESS JAK1/JAK2 6N7A DPOVKIPGQXHUQC-UHFFFAOYSA-N seed42 299.534s
2065/8070 SUCCESS JAK1/JAK2 6N7A DPOVKIPGQXHUQC-UHFFFAOYSA-N seed71 298.979s
2066/8070 SUCCESS JAK1/JAK2 6N7A DPOVKIPGQXHUQC-UHFFFAOYSA-N seed101 310.912s
2067/8070 SUCCESS JAK1/JAK2 8BXH DPOVKIPGQXHUQC-UHFFFAOYSA-N seed29 241.588s
2068/8070 SUCCESS JAK1/JAK2 6N7A BQMYSDCMUDBCHJ-UHFFFAOYSA-N seed17 30.942s
2069/8070 SUCCESS JAK1/JAK2 6N7A BQMYSDCMUDBCHJ-UHFFFAOYSA-N seed29 30.536s
2070/8070 SUCCESS JAK1/JAK2 6N7A BQMYSDCMUDBCHJ-UHFFFAOYSA-N seed42 30.305s
2071/8070 SUCCESS JAK1/JAK2 6N7A BQMYSDCMUDBCHJ-UHFFFAOYSA-N seed71 30.613s
2072/8070 SUCCESS JAK1/JAK2 6N7A BQMYSDCMUDBCHJ-UHFFFAOYSA-N seed101 30.883s
2073/8070 SUCCESS JAK1/JAK2 8BXH BQMYSDCMUDBCHJ-UHFFFAOYSA-N seed17 31.494s
2074/8070 SUCCESS JAK1/JAK2 8BXH BQMYSDCMUDBCHJ-UHFFFAOYSA-N seed29 31.642s
2075/8070 SUCCESS JAK1/JAK2 8BXH BQMYSDCMUDBCHJ-UHFFFAOYSA-N seed42 31.107s
2076/8070 SUCCESS JAK1/JAK2 8BXH BQMYSDCMUDBCHJ-UHFFFAOYSA-N seed71 31.584s
2077/8070 SUCCESS JAK1/JAK2 8BXH BQMYSDCMUDBCHJ-UHFFFAOYSA-N seed101 31.287s
2078/8070 SUCCESS JAK1/JAK2 8BXH DPOVKIPGQXHUQC-UHFFFAOYSA-N seed42 239.29s
2079/8070 SUCCESS JAK1/JAK2 6N7A LUYJDCJUSBGCTK-UHFFFAOYSA-N seed17 46.722s
2080/8070 SUCCESS JAK1/JAK2 8BXH DPOVKIPGQXHUQC-UHFFFAOYSA-N seed71 227.309s
2081/8070 SUCCESS JAK1/JAK2 6N7A LUYJDCJUSBGCTK-UHFFFAOYSA-N seed29 47.658s
2082/8070 SUCCESS JAK1/JAK2 6N7A LUYJDCJUSBGCTK-UHFFFAOYSA-N seed42 47.313s
2083/8070 SUCCESS JAK1/JAK2 6N7A LUYJDCJUSBGCTK-UHFFFAOYSA-N seed71 48.005s
2084/8070 SUCCESS JAK1/JAK2 6N7A LUYJDCJUSBGCTK-UHFFFAOYSA-N seed101 46.746s
2085/8070 SUCCESS JAK1/JAK2 8BXH LUYJDCJUSBGCTK-UHFFFAOYSA-N seed17 45.694s
2086/8070 SUCCESS JAK1/JAK2 8BXH LUYJDCJUSBGCTK-UHFFFAOYSA-N seed42 45.172s
2087/8070 SUCCESS JAK1/JAK2 8BXH LUYJDCJUSBGCTK-UHFFFAOYSA-N seed29 45.467s
2088/8070 SUCCESS JAK1/JAK2 8BXH DPOVKIPGQXHUQC-UHFFFAOYSA-N seed101 231.08s
2089/8070 SUCCESS JAK1/JAK2 8BXH LUYJDCJUSBGCTK-UHFFFAOYSA-N seed71 45.241s
2090/8070 SUCCESS JAK1/JAK2 8BXH LUYJDCJUSBGCTK-UHFFFAOYSA-N seed101 44.335s
2091/8070 SUCCESS JAK1/JAK2 6N7A HDHFSJKBCCIERR-UHFFFAOYSA-N seed17 38.588s
2092/8070 SUCCESS JAK1/JAK2 6N7A HDHFSJKBCCIERR-UHFFFAOYSA-N seed29 38.139s
2093/8070 SUCCESS JAK1/JAK2 6N7A HDHFSJKBCCIERR-UHFFFAOYSA-N seed42 38.849s
2094/8070 SUCCESS JAK1/JAK2 6N7A HDHFSJKBCCIERR-UHFFFAOYSA-N seed101 38.983s
2095/8070 SUCCESS JAK1/JAK2 6N7A HDHFSJKBCCIERR-UHFFFAOYSA-N seed71 39.164s
2096/8070 SUCCESS JAK1/JAK2 8BXH HDHFSJKBCCIERR-UHFFFAOYSA-N seed17 37.806s
2097/8070 SUCCESS JAK1/JAK2 8BXH HDHFSJKBCCIERR-UHFFFAOYSA-N seed29 37.374s
2098/8070 SUCCESS JAK1/JAK2 8BXH HDHFSJKBCCIERR-UHFFFAOYSA-N seed71 37.199s
2099/8070 SUCCESS JAK1/JAK2 8BXH HDHFSJKBCCIERR-UHFFFAOYSA-N seed42 38.703s
2100/8070 SUCCESS JAK1/JAK2 8BXH HDHFSJKBCCIERR-UHFFFAOYSA-N seed101 38.164s
2101/8070 SUCCESS JAK1/JAK2 6N7A DFHODIQMOCATOE-UHFFFAOYSA-N seed17 60.415s
2102/8070 SUCCESS JAK1/JAK2 6N7A DFHODIQMOCATOE-UHFFFAOYSA-N seed29 59.725s
2103/8070 SUCCESS JAK1/JAK2 6N7A DFHODIQMOCATOE-UHFFFAOYSA-N seed42 59.631s
2104/8070 SUCCESS JAK1/JAK2 6N7A DFHODIQMOCATOE-UHFFFAOYSA-N seed71 58.619s
2105/8070 SUCCESS JAK1/JAK2 6N7A DFHODIQMOCATOE-UHFFFAOYSA-N seed101 60.008s
2106/8070 SUCCESS JAK1/JAK2 8BXH DFHODIQMOCATOE-UHFFFAOYSA-N seed17 59.059s
2107/8070 SUCCESS JAK1/JAK2 8BXH DFHODIQMOCATOE-UHFFFAOYSA-N seed29 61.03s
2108/8070 SUCCESS JAK1/JAK2 6N7A WCYNPWNUKWZKPY-NUHJPDEHSA-N seed17 35.231s
2109/8070 SUCCESS JAK1/JAK2 6N7A WCYNPWNUKWZKPY-NUHJPDEHSA-N seed29 35.654s
2110/8070 SUCCESS JAK1/JAK2 8BXH DFHODIQMOCATOE-UHFFFAOYSA-N seed42 58.218s
2111/8070 SUCCESS JAK1/JAK2 8BXH DFHODIQMOCATOE-UHFFFAOYSA-N seed71 57.257s
2112/8070 SUCCESS JAK1/JAK2 8BXH DFHODIQMOCATOE-UHFFFAOYSA-N seed101 58.729s
2113/8070 SUCCESS JAK1/JAK2 6N7A WCYNPWNUKWZKPY-NUHJPDEHSA-N seed42 34.4s
2114/8070 SUCCESS JAK1/JAK2 6N7A WCYNPWNUKWZKPY-NUHJPDEHSA-N seed71 34.036s
2115/8070 SUCCESS JAK1/JAK2 6N7A WCYNPWNUKWZKPY-NUHJPDEHSA-N seed101 34.463s
2116/8070 SUCCESS JAK1/JAK2 8BXH WCYNPWNUKWZKPY-NUHJPDEHSA-N seed17 35.394s
2117/8070 SUCCESS JAK1/JAK2 8BXH WCYNPWNUKWZKPY-NUHJPDEHSA-N seed29 35.842s
2118/8070 SUCCESS JAK1/JAK2 8BXH WCYNPWNUKWZKPY-NUHJPDEHSA-N seed42 35.209s
2119/8070 SUCCESS JAK1/JAK2 8BXH WCYNPWNUKWZKPY-NUHJPDEHSA-N seed71 35.284s
2120/8070 SUCCESS JAK1/JAK2 8BXH WCYNPWNUKWZKPY-NUHJPDEHSA-N seed101 35.243s
2121/8070 SUCCESS JAK1/JAK2 6N7A NAGSKGCXMWXMFR-UHFFFAOYSA-N seed17 35.199s
2122/8070 SUCCESS JAK1/JAK2 6N7A NAGSKGCXMWXMFR-UHFFFAOYSA-N seed29 35.218s
2123/8070 SUCCESS JAK1/JAK2 6N7A NAGSKGCXMWXMFR-UHFFFAOYSA-N seed42 34.723s
2124/8070 SUCCESS JAK1/JAK2 6N7A NAGSKGCXMWXMFR-UHFFFAOYSA-N seed71 34.87s
2125/8070 SUCCESS JAK1/JAK2 6N7A NAGSKGCXMWXMFR-UHFFFAOYSA-N seed101 34.745s
2126/8070 SUCCESS JAK1/JAK2 8BXH NAGSKGCXMWXMFR-UHFFFAOYSA-N seed17 36.46s
2127/8070 SUCCESS JAK1/JAK2 8BXH NAGSKGCXMWXMFR-UHFFFAOYSA-N seed29 35.512s
2128/8070 SUCCESS JAK1/JAK2 8BXH NAGSKGCXMWXMFR-UHFFFAOYSA-N seed42 35.425s
2129/8070 SUCCESS JAK1/JAK2 8BXH NAGSKGCXMWXMFR-UHFFFAOYSA-N seed71 35.317s
2130/8070 SUCCESS JAK1/JAK2 8BXH NAGSKGCXMWXMFR-UHFFFAOYSA-N seed101 35.448s
2131/8070 SUCCESS JAK1/JAK2 6N7A GCIDBNWNLPXDBD-UHFFFAOYSA-N seed17 60.716s
2132/8070 SUCCESS JAK1/JAK2 6N7A GCIDBNWNLPXDBD-UHFFFAOYSA-N seed29 60.922s
2133/8070 SUCCESS JAK1/JAK2 6N7A GCIDBNWNLPXDBD-UHFFFAOYSA-N seed42 62.686s
2134/8070 SUCCESS JAK1/JAK2 6N7A GCIDBNWNLPXDBD-UHFFFAOYSA-N seed71 61.439s
2135/8070 SUCCESS JAK1/JAK2 6N7A GCIDBNWNLPXDBD-UHFFFAOYSA-N seed101 61.531s
2136/8070 SUCCESS JAK1/JAK2 8BXH GCIDBNWNLPXDBD-UHFFFAOYSA-N seed17 57.906s
2137/8070 SUCCESS JAK1/JAK2 8BXH GCIDBNWNLPXDBD-UHFFFAOYSA-N seed29 59.687s
2138/8070 SUCCESS JAK1/JAK2 8BXH GCIDBNWNLPXDBD-UHFFFAOYSA-N seed42 59.657s
2139/8070 SUCCESS JAK1/JAK2 8BXH GCIDBNWNLPXDBD-UHFFFAOYSA-N seed71 60.377s
2140/8070 SUCCESS JAK1/JAK2 8BXH GCIDBNWNLPXDBD-UHFFFAOYSA-N seed101 61.047s
2141/8070 SUCCESS JAK1/JAK2 6N7A HRZCOFVBUBDIIR-PKOBYXMFSA-N seed17 163.226s
2142/8070 SUCCESS JAK1/JAK2 6N7A HRZCOFVBUBDIIR-PKOBYXMFSA-N seed29 164.486s
2143/8070 SUCCESS JAK1/JAK2 6N7A HRZCOFVBUBDIIR-PKOBYXMFSA-N seed42 162.355s
2144/8070 SUCCESS JAK1/JAK2 8BXH HRZCOFVBUBDIIR-PKOBYXMFSA-N seed17 149.175s
2145/8070 SUCCESS JAK1/JAK2 6N7A HRZCOFVBUBDIIR-PKOBYXMFSA-N seed71 165.234s
2146/8070 SUCCESS JAK1/JAK2 6N7A HRZCOFVBUBDIIR-PKOBYXMFSA-N seed101 162.445s
2147/8070 SUCCESS JAK1/JAK2 6N7A AEIBLQPBOBHCOV-UHFFFAOYSA-N seed17 42.62s
2148/8070 SUCCESS JAK1/JAK2 6N7A AEIBLQPBOBHCOV-UHFFFAOYSA-N seed29 42.618s
2149/8070 SUCCESS JAK1/JAK2 6N7A AEIBLQPBOBHCOV-UHFFFAOYSA-N seed42 41.945s
2150/8070 SUCCESS JAK1/JAK2 6N7A AEIBLQPBOBHCOV-UHFFFAOYSA-N seed71 42.16s
2151/8070 SUCCESS JAK1/JAK2 8BXH HRZCOFVBUBDIIR-PKOBYXMFSA-N seed29 143.722s
2152/8070 SUCCESS JAK1/JAK2 8BXH HRZCOFVBUBDIIR-PKOBYXMFSA-N seed42 142.321s
2153/8070 SUCCESS JAK1/JAK2 8BXH HRZCOFVBUBDIIR-PKOBYXMFSA-N seed71 135.218s
2154/8070 SUCCESS JAK1/JAK2 6N7A AEIBLQPBOBHCOV-UHFFFAOYSA-N seed101 41.613s
2155/8070 SUCCESS JAK1/JAK2 8BXH AEIBLQPBOBHCOV-UHFFFAOYSA-N seed17 42.596s
2156/8070 SUCCESS JAK1/JAK2 8BXH HRZCOFVBUBDIIR-PKOBYXMFSA-N seed101 136.888s
2157/8070 SUCCESS JAK1/JAK2 8BXH AEIBLQPBOBHCOV-UHFFFAOYSA-N seed29 41.928s
2158/8070 SUCCESS JAK1/JAK2 8BXH AEIBLQPBOBHCOV-UHFFFAOYSA-N seed42 41.872s
2159/8070 SUCCESS JAK1/JAK2 8BXH AEIBLQPBOBHCOV-UHFFFAOYSA-N seed71 41.63s
2160/8070 SUCCESS JAK1/JAK2 8BXH AEIBLQPBOBHCOV-UHFFFAOYSA-N seed101 41.672s
2161/8070 SUCCESS JAK1/JAK2 6N7A CLQIXXQBNKZNQN-VGSWGCGISA-N seed17 234.011s
2162/8070 SUCCESS JAK1/JAK2 6N7A CLQIXXQBNKZNQN-VGSWGCGISA-N seed29 234.902s
2163/8070 SUCCESS JAK1/JAK2 6N7A CLQIXXQBNKZNQN-VGSWGCGISA-N seed42 235.65s
2164/8070 SUCCESS JAK1/JAK2 6N7A CLQIXXQBNKZNQN-VGSWGCGISA-N seed71 235.046s
2165/8070 SUCCESS JAK1/JAK2 8BXH CLQIXXQBNKZNQN-VGSWGCGISA-N seed17 223.652s
2166/8070 SUCCESS JAK1/JAK2 6N7A CLQIXXQBNKZNQN-VGSWGCGISA-N seed101 236.363s
2167/8070 SUCCESS JAK1/JAK2 8BXH CLQIXXQBNKZNQN-VGSWGCGISA-N seed29 225.351s
2168/8070 SUCCESS JAK1/JAK2 8BXH CLQIXXQBNKZNQN-VGSWGCGISA-N seed42 229.901s
2169/8070 SUCCESS JAK1/JAK2 8BXH CLQIXXQBNKZNQN-VGSWGCGISA-N seed71 223.428s
2170/8070 SUCCESS JAK1/JAK2 8BXH CLQIXXQBNKZNQN-VGSWGCGISA-N seed101 226.754s
2171/8070 SUCCESS JAK1/JAK2 6N7A TUWNULBHLRPYLF-NQIIRXRSSA-N seed17 381.003s
2172/8070 SUCCESS JAK1/JAK2 6N7A TUWNULBHLRPYLF-NQIIRXRSSA-N seed29 385.023s
2173/8070 SUCCESS JAK1/JAK2 8BXH TUWNULBHLRPYLF-NQIIRXRSSA-N seed17 346.418s
2174/8070 SUCCESS JAK1/JAK2 6N7A TUWNULBHLRPYLF-NQIIRXRSSA-N seed42 383.637s
2175/8070 SUCCESS JAK1/JAK2 6N7A TUWNULBHLRPYLF-NQIIRXRSSA-N seed101 386.69s
2176/8070 SUCCESS JAK1/JAK2 6N7A TUWNULBHLRPYLF-NQIIRXRSSA-N seed71 389.956s
2177/8070 SUCCESS JAK1/JAK2 8BXH TUWNULBHLRPYLF-NQIIRXRSSA-N seed29 345.364s
2178/8070 SUCCESS JAK1/JAK2 8BXH TUWNULBHLRPYLF-NQIIRXRSSA-N seed42 344.723s
2179/8070 SUCCESS JAK1/JAK2 6N7A YGIVJNKHBGEKKY-XLIONFOSSA-N seed17 280.139s
2180/8070 SUCCESS JAK1/JAK2 6N7A YGIVJNKHBGEKKY-XLIONFOSSA-N seed29 281.63s
2181/8070 SUCCESS JAK1/JAK2 8BXH TUWNULBHLRPYLF-NQIIRXRSSA-N seed71 342.252s
2182/8070 SUCCESS JAK1/JAK2 8BXH TUWNULBHLRPYLF-NQIIRXRSSA-N seed101 345.669s
2183/8070 SUCCESS JAK1/JAK2 6N7A YGIVJNKHBGEKKY-XLIONFOSSA-N seed42 288.003s
2184/8070 SUCCESS JAK1/JAK2 6N7A YGIVJNKHBGEKKY-XLIONFOSSA-N seed71 284.523s
2185/8070 SUCCESS JAK1/JAK2 8BXH YGIVJNKHBGEKKY-XLIONFOSSA-N seed17 266.516s
2186/8070 SUCCESS JAK1/JAK2 6N7A YGIVJNKHBGEKKY-XLIONFOSSA-N seed101 285.754s
2187/8070 SUCCESS JAK1/JAK2 8BXH YGIVJNKHBGEKKY-XLIONFOSSA-N seed29 268.021s
2188/8070 SUCCESS JAK1/JAK2 8BXH YGIVJNKHBGEKKY-XLIONFOSSA-N seed42 270.525s
2189/8070 SUCCESS JAK1/JAK2 6N7A IIBGSSDECOOUPY-DNVCBOLYSA-N seed17 100.089s
2190/8070 SUCCESS JAK1/JAK2 6N7A IIBGSSDECOOUPY-DNVCBOLYSA-N seed29 101.261s
2191/8070 SUCCESS JAK1/JAK2 6N7A IIBGSSDECOOUPY-DNVCBOLYSA-N seed42 101.246s
2192/8070 SUCCESS JAK1/JAK2 8BXH YGIVJNKHBGEKKY-XLIONFOSSA-N seed71 264.024s
2193/8070 SUCCESS JAK1/JAK2 8BXH YGIVJNKHBGEKKY-XLIONFOSSA-N seed101 264.173s
2194/8070 SUCCESS JAK1/JAK2 6N7A IIBGSSDECOOUPY-DNVCBOLYSA-N seed71 100.919s
2195/8070 SUCCESS JAK1/JAK2 6N7A IIBGSSDECOOUPY-DNVCBOLYSA-N seed101 102.984s
2196/8070 SUCCESS JAK1/JAK2 8BXH IIBGSSDECOOUPY-DNVCBOLYSA-N seed17 89.362s
2197/8070 SUCCESS JAK1/JAK2 8BXH IIBGSSDECOOUPY-DNVCBOLYSA-N seed29 89.867s
2198/8070 SUCCESS JAK1/JAK2 8BXH IIBGSSDECOOUPY-DNVCBOLYSA-N seed42 88.844s
2199/8070 SUCCESS JAK1/JAK2 8BXH IIBGSSDECOOUPY-DNVCBOLYSA-N seed71 90.233s
2200/8070 SUCCESS JAK1/JAK2 8BXH IIBGSSDECOOUPY-DNVCBOLYSA-N seed101 89.083s
2201/8070 SUCCESS JAK1/TYK2 6N7A MYIILBMNTUDZDH-UHFFFAOYSA-N seed17 121.795s
2202/8070 SUCCESS JAK1/TYK2 6N7A MYIILBMNTUDZDH-UHFFFAOYSA-N seed29 127.738s
2203/8070 SUCCESS JAK1/TYK2 6N7A MYIILBMNTUDZDH-UHFFFAOYSA-N seed42 120.137s
2204/8070 SUCCESS JAK1/TYK2 6N7A MYIILBMNTUDZDH-UHFFFAOYSA-N seed71 122.805s
2205/8070 SUCCESS JAK1/TYK2 6N7A MYIILBMNTUDZDH-UHFFFAOYSA-N seed101 118.373s
2206/8070 SUCCESS JAK1/TYK2 3LXP MYIILBMNTUDZDH-UHFFFAOYSA-N seed17 143.445s
2207/8070 SUCCESS JAK1/TYK2 6N7A IVMDAZCUUNYGAH-QPBASRLBSA-N seed17 86.196s
2208/8070 SUCCESS JAK1/TYK2 3LXP MYIILBMNTUDZDH-UHFFFAOYSA-N seed29 145.762s
2209/8070 SUCCESS JAK1/TYK2 6N7A IVMDAZCUUNYGAH-QPBASRLBSA-N seed29 87.694s
2210/8070 SUCCESS JAK1/TYK2 3LXP MYIILBMNTUDZDH-UHFFFAOYSA-N seed42 143.842s
2211/8070 SUCCESS JAK1/TYK2 3LXP MYIILBMNTUDZDH-UHFFFAOYSA-N seed71 145.076s
2212/8070 SUCCESS JAK1/TYK2 3LXP MYIILBMNTUDZDH-UHFFFAOYSA-N seed101 142.635s
2213/8070 SUCCESS JAK1/TYK2 6N7A IVMDAZCUUNYGAH-QPBASRLBSA-N seed42 85.555s
2214/8070 SUCCESS JAK1/TYK2 6N7A IVMDAZCUUNYGAH-QPBASRLBSA-N seed71 86.581s
2215/8070 SUCCESS JAK1/TYK2 6N7A IVMDAZCUUNYGAH-QPBASRLBSA-N seed101 84.469s
2216/8070 SUCCESS JAK1/TYK2 3LXP IVMDAZCUUNYGAH-QPBASRLBSA-N seed17 88.769s
2217/8070 SUCCESS JAK1/TYK2 3LXP IVMDAZCUUNYGAH-QPBASRLBSA-N seed29 88.942s
2218/8070 SUCCESS JAK1/TYK2 3LXP IVMDAZCUUNYGAH-QPBASRLBSA-N seed42 89.979s
2219/8070 SUCCESS JAK1/TYK2 3LXP IVMDAZCUUNYGAH-QPBASRLBSA-N seed71 89.537s
2220/8070 SUCCESS JAK1/TYK2 6N7A UYSGAWMQMRAGJH-VLXSWZPNSA-N seed17 64.275s
2221/8070 SUCCESS JAK1/TYK2 6N7A UYSGAWMQMRAGJH-VLXSWZPNSA-N seed29 64.081s
2222/8070 SUCCESS JAK1/TYK2 6N7A UYSGAWMQMRAGJH-VLXSWZPNSA-N seed42 64.369s
2223/8070 SUCCESS JAK1/TYK2 6N7A UYSGAWMQMRAGJH-VLXSWZPNSA-N seed71 63.185s
2224/8070 SUCCESS JAK1/TYK2 3LXP IVMDAZCUUNYGAH-QPBASRLBSA-N seed101 88.714s
2225/8070 SUCCESS JAK1/TYK2 6N7A UYSGAWMQMRAGJH-VLXSWZPNSA-N seed101 63.227s
2226/8070 SUCCESS JAK1/TYK2 3LXP UYSGAWMQMRAGJH-VLXSWZPNSA-N seed17 60.791s
2227/8070 SUCCESS JAK1/TYK2 3LXP UYSGAWMQMRAGJH-VLXSWZPNSA-N seed29 61.098s
2228/8070 SUCCESS JAK1/TYK2 3LXP UYSGAWMQMRAGJH-VLXSWZPNSA-N seed42 59.998s
2229/8070 SUCCESS JAK1/TYK2 3LXP UYSGAWMQMRAGJH-VLXSWZPNSA-N seed71 59.926s
2230/8070 SUCCESS JAK1/TYK2 3LXP UYSGAWMQMRAGJH-VLXSWZPNSA-N seed101 60.112s
2231/8070 SUCCESS JAK1/TYK2 6N7A JXXOAWDMPAWACX-HAQNSBGRSA-N seed17 47.959s
2232/8070 SUCCESS JAK1/TYK2 6N7A JXXOAWDMPAWACX-HAQNSBGRSA-N seed29 47.053s
2233/8070 SUCCESS JAK1/TYK2 6N7A JXXOAWDMPAWACX-HAQNSBGRSA-N seed42 46.862s
2234/8070 SUCCESS JAK1/TYK2 6N7A JXXOAWDMPAWACX-HAQNSBGRSA-N seed71 47.322s
2235/8070 SUCCESS JAK1/TYK2 6N7A JXXOAWDMPAWACX-HAQNSBGRSA-N seed101 47.038s
2236/8070 SUCCESS JAK1/TYK2 3LXP JXXOAWDMPAWACX-HAQNSBGRSA-N seed17 47.414s
2237/8070 SUCCESS JAK1/TYK2 3LXP JXXOAWDMPAWACX-HAQNSBGRSA-N seed29 48.068s
2238/8070 SUCCESS JAK1/TYK2 3LXP JXXOAWDMPAWACX-HAQNSBGRSA-N seed42 47.679s
2239/8070 SUCCESS JAK1/TYK2 3LXP JXXOAWDMPAWACX-HAQNSBGRSA-N seed71 47.875s
2240/8070 SUCCESS JAK1/TYK2 3LXP JXXOAWDMPAWACX-HAQNSBGRSA-N seed101 48.339s
2241/8070 SUCCESS JAK1/TYK2 6N7A VAHCPZHCLNBIBJ-UHFFFAOYSA-N seed17 47.03s
2242/8070 SUCCESS JAK1/TYK2 6N7A VAHCPZHCLNBIBJ-UHFFFAOYSA-N seed29 47.517s
2243/8070 SUCCESS JAK1/TYK2 6N7A VAHCPZHCLNBIBJ-UHFFFAOYSA-N seed42 47.198s
2244/8070 SUCCESS JAK1/TYK2 6N7A VAHCPZHCLNBIBJ-UHFFFAOYSA-N seed71 46.803s
2245/8070 SUCCESS JAK1/TYK2 6N7A VAHCPZHCLNBIBJ-UHFFFAOYSA-N seed101 47.034s
2246/8070 SUCCESS JAK1/TYK2 3LXP VAHCPZHCLNBIBJ-UHFFFAOYSA-N seed17 46.279s
2247/8070 SUCCESS JAK1/TYK2 3LXP VAHCPZHCLNBIBJ-UHFFFAOYSA-N seed29 46.217s
2248/8070 SUCCESS JAK1/TYK2 3LXP VAHCPZHCLNBIBJ-UHFFFAOYSA-N seed42 46.782s
2249/8070 SUCCESS JAK1/TYK2 3LXP VAHCPZHCLNBIBJ-UHFFFAOYSA-N seed71 46.694s
2250/8070 SUCCESS JAK1/TYK2 3LXP VAHCPZHCLNBIBJ-UHFFFAOYSA-N seed101 46.608s
2251/8070 SUCCESS JAK1/TYK2 6N7A ZCCPLJOKGAACRT-UHFFFAOYSA-N seed42 120.516s
2252/8070 SUCCESS JAK1/TYK2 6N7A ZCCPLJOKGAACRT-UHFFFAOYSA-N seed17 128.686s
2253/8070 SUCCESS JAK1/TYK2 6N7A ZCCPLJOKGAACRT-UHFFFAOYSA-N seed29 128.472s
2254/8070 SUCCESS JAK1/TYK2 6N7A ZCCPLJOKGAACRT-UHFFFAOYSA-N seed71 123.346s
2255/8070 SUCCESS JAK1/TYK2 6N7A ZCCPLJOKGAACRT-UHFFFAOYSA-N seed101 124.215s
2256/8070 SUCCESS JAK1/TYK2 3LXP ZCCPLJOKGAACRT-UHFFFAOYSA-N seed17 139.168s
2257/8070 SUCCESS JAK1/TYK2 6N7A RBDSMNWWGHWDMP-CQSZACIVSA-N seed17 20.479s
2258/8070 SUCCESS JAK1/TYK2 6N7A RBDSMNWWGHWDMP-CQSZACIVSA-N seed29 19.463s
2259/8070 SUCCESS JAK1/TYK2 6N7A RBDSMNWWGHWDMP-CQSZACIVSA-N seed42 20.065s
2260/8070 SUCCESS JAK1/TYK2 6N7A RBDSMNWWGHWDMP-CQSZACIVSA-N seed71 19.866s
2261/8070 SUCCESS JAK1/TYK2 6N7A RBDSMNWWGHWDMP-CQSZACIVSA-N seed101 19.87s
2262/8070 SUCCESS JAK1/TYK2 3LXP RBDSMNWWGHWDMP-CQSZACIVSA-N seed17 20.082s
2263/8070 SUCCESS JAK1/TYK2 3LXP RBDSMNWWGHWDMP-CQSZACIVSA-N seed29 20.174s
2264/8070 SUCCESS JAK1/TYK2 3LXP RBDSMNWWGHWDMP-CQSZACIVSA-N seed42 19.803s
2265/8070 SUCCESS JAK1/TYK2 3LXP RBDSMNWWGHWDMP-CQSZACIVSA-N seed71 19.816s
2266/8070 SUCCESS JAK1/TYK2 3LXP ZCCPLJOKGAACRT-UHFFFAOYSA-N seed29 135.507s
2267/8070 SUCCESS JAK1/TYK2 3LXP ZCCPLJOKGAACRT-UHFFFAOYSA-N seed42 139.014s
2268/8070 SUCCESS JAK1/TYK2 3LXP ZCCPLJOKGAACRT-UHFFFAOYSA-N seed71 139.985s
2269/8070 SUCCESS JAK1/TYK2 3LXP RBDSMNWWGHWDMP-CQSZACIVSA-N seed101 19.679s
2270/8070 SUCCESS JAK1/TYK2 3LXP ZCCPLJOKGAACRT-UHFFFAOYSA-N seed101 140.029s
2271/8070 SUCCESS JAK1/TYK2 6N7A OSNRNYVOCOFEIX-KBPBESRZSA-N seed17 23.591s
2272/8070 SUCCESS JAK1/TYK2 6N7A OSNRNYVOCOFEIX-KBPBESRZSA-N seed29 23.441s
2273/8070 SUCCESS JAK1/TYK2 6N7A OSNRNYVOCOFEIX-KBPBESRZSA-N seed42 23.25s
2274/8070 SUCCESS JAK1/TYK2 6N7A OSNRNYVOCOFEIX-KBPBESRZSA-N seed71 23.224s
2275/8070 SUCCESS JAK1/TYK2 6N7A OSNRNYVOCOFEIX-KBPBESRZSA-N seed101 23.122s
2276/8070 SUCCESS JAK1/TYK2 3LXP OSNRNYVOCOFEIX-KBPBESRZSA-N seed17 23.035s
2277/8070 SUCCESS JAK1/TYK2 3LXP OSNRNYVOCOFEIX-KBPBESRZSA-N seed29 23.017s
2278/8070 SUCCESS JAK1/TYK2 3LXP OSNRNYVOCOFEIX-KBPBESRZSA-N seed42 23.094s
2279/8070 SUCCESS JAK1/TYK2 3LXP OSNRNYVOCOFEIX-KBPBESRZSA-N seed71 23.041s
2280/8070 SUCCESS JAK1/TYK2 3LXP OSNRNYVOCOFEIX-KBPBESRZSA-N seed101 23.303s
2281/8070 SUCCESS JAK1/TYK2 6N7A ZRWJUDRUNCAWKH-UHFFFAOYSA-N seed17 72.276s
2282/8070 SUCCESS JAK1/TYK2 6N7A ZRWJUDRUNCAWKH-UHFFFAOYSA-N seed29 74.324s
2283/8070 SUCCESS JAK1/TYK2 6N7A ZRWJUDRUNCAWKH-UHFFFAOYSA-N seed42 73.477s
2284/8070 SUCCESS JAK1/TYK2 6N7A ZRWJUDRUNCAWKH-UHFFFAOYSA-N seed71 74.271s
2285/8070 SUCCESS JAK1/TYK2 6N7A ZRWJUDRUNCAWKH-UHFFFAOYSA-N seed101 72.959s
2286/8070 SUCCESS JAK1/TYK2 3LXP ZRWJUDRUNCAWKH-UHFFFAOYSA-N seed17 75.277s
2287/8070 SUCCESS JAK1/TYK2 3LXP ZRWJUDRUNCAWKH-UHFFFAOYSA-N seed29 75.106s
2288/8070 SUCCESS JAK1/TYK2 3LXP ZRWJUDRUNCAWKH-UHFFFAOYSA-N seed71 73.149s
2289/8070 SUCCESS JAK1/TYK2 3LXP ZRWJUDRUNCAWKH-UHFFFAOYSA-N seed42 75.642s
2290/8070 SUCCESS JAK1/TYK2 3LXP ZRWJUDRUNCAWKH-UHFFFAOYSA-N seed101 73.945s
2291/8070 SUCCESS JAK1/TYK2 6N7A PVXQZMOKDYXWBJ-KKFHFHRHSA-N seed17 93.046s
2292/8070 SUCCESS JAK1/TYK2 6N7A PVXQZMOKDYXWBJ-KKFHFHRHSA-N seed29 96.211s
2293/8070 SUCCESS JAK1/TYK2 6N7A PVXQZMOKDYXWBJ-KKFHFHRHSA-N seed42 95.203s
2294/8070 SUCCESS JAK1/TYK2 6N7A PVXQZMOKDYXWBJ-KKFHFHRHSA-N seed101 92.837s
2295/8070 SUCCESS JAK1/TYK2 6N7A PVXQZMOKDYXWBJ-KKFHFHRHSA-N seed71 93.212s
2296/8070 SUCCESS JAK1/TYK2 3LXP PVXQZMOKDYXWBJ-KKFHFHRHSA-N seed17 111.156s
2297/8070 SUCCESS JAK1/TYK2 3LXP PVXQZMOKDYXWBJ-KKFHFHRHSA-N seed29 109.789s
2298/8070 SUCCESS JAK1/TYK2 3LXP PVXQZMOKDYXWBJ-KKFHFHRHSA-N seed42 110.057s
2299/8070 SUCCESS JAK1/TYK2 6N7A PGUCNZCUWCLRQN-UHFFFAOYSA-N seed17 71.864s
2300/8070 SUCCESS JAK1/TYK2 6N7A PGUCNZCUWCLRQN-UHFFFAOYSA-N seed29 71.099s
2301/8070 SUCCESS JAK1/TYK2 3LXP PVXQZMOKDYXWBJ-KKFHFHRHSA-N seed101 104.976s
2302/8070 SUCCESS JAK1/TYK2 3LXP PVXQZMOKDYXWBJ-KKFHFHRHSA-N seed71 107.308s
2303/8070 SUCCESS JAK1/TYK2 6N7A PGUCNZCUWCLRQN-UHFFFAOYSA-N seed42 70.245s
2304/8070 SUCCESS JAK1/TYK2 6N7A PGUCNZCUWCLRQN-UHFFFAOYSA-N seed71 70.188s
2305/8070 SUCCESS JAK1/TYK2 6N7A PGUCNZCUWCLRQN-UHFFFAOYSA-N seed101 69.921s
2306/8070 SUCCESS JAK1/TYK2 3LXP PGUCNZCUWCLRQN-UHFFFAOYSA-N seed17 69.951s
2307/8070 SUCCESS JAK1/TYK2 3LXP PGUCNZCUWCLRQN-UHFFFAOYSA-N seed29 70.268s
2308/8070 SUCCESS JAK1/TYK2 3LXP PGUCNZCUWCLRQN-UHFFFAOYSA-N seed42 71.083s
2309/8070 SUCCESS JAK1/TYK2 3LXP PGUCNZCUWCLRQN-UHFFFAOYSA-N seed71 70.51s
2310/8070 SUCCESS JAK1/TYK2 3LXP PGUCNZCUWCLRQN-UHFFFAOYSA-N seed101 72.039s
2311/8070 SUCCESS JAK1/TYK2 6N7A XASLTUJPGBFIAT-UHFFFAOYSA-N seed17 82.88s
2312/8070 SUCCESS JAK1/TYK2 6N7A XASLTUJPGBFIAT-UHFFFAOYSA-N seed29 82.683s
2313/8070 SUCCESS JAK1/TYK2 6N7A XASLTUJPGBFIAT-UHFFFAOYSA-N seed42 81.947s
2314/8070 SUCCESS JAK1/TYK2 6N7A XASLTUJPGBFIAT-UHFFFAOYSA-N seed71 83.181s
2315/8070 SUCCESS JAK1/TYK2 6N7A XASLTUJPGBFIAT-UHFFFAOYSA-N seed101 82.968s
2316/8070 SUCCESS JAK1/TYK2 3LXP XASLTUJPGBFIAT-UHFFFAOYSA-N seed17 81.231s
2317/8070 SUCCESS JAK1/TYK2 3LXP XASLTUJPGBFIAT-UHFFFAOYSA-N seed29 83.324s
2318/8070 SUCCESS JAK1/TYK2 3LXP XASLTUJPGBFIAT-UHFFFAOYSA-N seed42 83.696s
2319/8070 SUCCESS JAK1/TYK2 3LXP XASLTUJPGBFIAT-UHFFFAOYSA-N seed71 83.443s
2320/8070 SUCCESS JAK1/TYK2 3LXP XASLTUJPGBFIAT-UHFFFAOYSA-N seed101 82.858s
2321/8070 SUCCESS JAK1/TYK2 6N7A SINXKRJKXKMFBZ-AYDFFVQHSA-N seed17 78.875s
2322/8070 SUCCESS JAK1/TYK2 6N7A SINXKRJKXKMFBZ-AYDFFVQHSA-N seed29 79.389s
2323/8070 SUCCESS JAK1/TYK2 6N7A SINXKRJKXKMFBZ-AYDFFVQHSA-N seed42 82.276s
2324/8070 SUCCESS JAK1/TYK2 6N7A SINXKRJKXKMFBZ-AYDFFVQHSA-N seed71 82.531s
2325/8070 SUCCESS JAK1/TYK2 6N7A SINXKRJKXKMFBZ-AYDFFVQHSA-N seed101 83.088s
2326/8070 SUCCESS JAK1/TYK2 3LXP SINXKRJKXKMFBZ-AYDFFVQHSA-N seed17 92.991s
2327/8070 SUCCESS JAK1/TYK2 3LXP SINXKRJKXKMFBZ-AYDFFVQHSA-N seed29 91.4s
2328/8070 SUCCESS JAK1/TYK2 3LXP SINXKRJKXKMFBZ-AYDFFVQHSA-N seed42 90.984s
2329/8070 SUCCESS JAK1/TYK2 6N7A DBPSKVDGBPKVFF-YCRPNKLZSA-N seed17 34.812s
2330/8070 SUCCESS JAK1/TYK2 6N7A DBPSKVDGBPKVFF-YCRPNKLZSA-N seed29 35.029s
2331/8070 SUCCESS JAK1/TYK2 6N7A DBPSKVDGBPKVFF-YCRPNKLZSA-N seed42 34.642s
2332/8070 SUCCESS JAK1/TYK2 3LXP SINXKRJKXKMFBZ-AYDFFVQHSA-N seed71 90.823s
2333/8070 SUCCESS JAK1/TYK2 6N7A DBPSKVDGBPKVFF-YCRPNKLZSA-N seed71 34.594s
2334/8070 SUCCESS JAK1/TYK2 6N7A DBPSKVDGBPKVFF-YCRPNKLZSA-N seed101 34.384s
2335/8070 SUCCESS JAK1/TYK2 3LXP SINXKRJKXKMFBZ-AYDFFVQHSA-N seed101 86.548s
2336/8070 SUCCESS JAK1/TYK2 3LXP DBPSKVDGBPKVFF-YCRPNKLZSA-N seed17 35.142s
2337/8070 SUCCESS JAK1/TYK2 3LXP DBPSKVDGBPKVFF-YCRPNKLZSA-N seed29 34.686s
2338/8070 SUCCESS JAK1/TYK2 3LXP DBPSKVDGBPKVFF-YCRPNKLZSA-N seed42 34.843s
2339/8070 SUCCESS JAK1/TYK2 3LXP DBPSKVDGBPKVFF-YCRPNKLZSA-N seed71 35.22s
2340/8070 SUCCESS JAK1/TYK2 3LXP DBPSKVDGBPKVFF-YCRPNKLZSA-N seed101 36.167s
2341/8070 SUCCESS JAK1/TYK2 6N7A CNLKMAASBAEKQE-UHFFFAOYSA-N seed29 231.981s
2342/8070 SUCCESS JAK1/TYK2 6N7A CNLKMAASBAEKQE-UHFFFAOYSA-N seed17 236.108s
2343/8070 SUCCESS JAK1/TYK2 6N7A CNLKMAASBAEKQE-UHFFFAOYSA-N seed42 237.053s
2344/8070 SUCCESS JAK1/TYK2 6N7A CNLKMAASBAEKQE-UHFFFAOYSA-N seed71 239.309s
2345/8070 SUCCESS JAK1/TYK2 6N7A CNLKMAASBAEKQE-UHFFFAOYSA-N seed101 240.988s
2346/8070 SUCCESS JAK1/TYK2 3LXP CNLKMAASBAEKQE-UHFFFAOYSA-N seed17 240.311s
2347/8070 SUCCESS JAK1/TYK2 6N7A XSUUNVIUYATSNU-BETUJISGSA-N seed17 66.481s
2348/8070 SUCCESS JAK1/TYK2 6N7A XSUUNVIUYATSNU-BETUJISGSA-N seed29 66.75s
2349/8070 SUCCESS JAK1/TYK2 6N7A XSUUNVIUYATSNU-BETUJISGSA-N seed42 65.742s
2350/8070 SUCCESS JAK1/TYK2 6N7A XSUUNVIUYATSNU-BETUJISGSA-N seed71 65.437s
2351/8070 SUCCESS JAK1/TYK2 6N7A XSUUNVIUYATSNU-BETUJISGSA-N seed101 66.09s
2352/8070 SUCCESS JAK1/TYK2 3LXP XSUUNVIUYATSNU-BETUJISGSA-N seed17 62.755s
2353/8070 SUCCESS JAK1/TYK2 3LXP CNLKMAASBAEKQE-UHFFFAOYSA-N seed71 228.199s
2354/8070 SUCCESS JAK1/TYK2 3LXP CNLKMAASBAEKQE-UHFFFAOYSA-N seed29 238.659s
2355/8070 SUCCESS JAK1/TYK2 3LXP CNLKMAASBAEKQE-UHFFFAOYSA-N seed42 243.464s
2356/8070 SUCCESS JAK1/TYK2 3LXP CNLKMAASBAEKQE-UHFFFAOYSA-N seed101 245.628s
2357/8070 SUCCESS JAK1/TYK2 3LXP XSUUNVIUYATSNU-BETUJISGSA-N seed29 82.869s
2358/8070 SUCCESS JAK1/TYK2 3LXP XSUUNVIUYATSNU-BETUJISGSA-N seed42 84.647s
2359/8070 SUCCESS JAK1/TYK2 3LXP XSUUNVIUYATSNU-BETUJISGSA-N seed71 90.345s
2360/8070 SUCCESS JAK1/TYK2 3LXP XSUUNVIUYATSNU-BETUJISGSA-N seed101 93.187s
2361/8070 SUCCESS JAK1/TYK2 6N7A DQFBSLMKJXSWMF-XYWGHXNESA-N seed17 136.001s
2362/8070 SUCCESS JAK1/TYK2 6N7A DQFBSLMKJXSWMF-XYWGHXNESA-N seed29 137.283s
2363/8070 SUCCESS JAK1/TYK2 6N7A DQFBSLMKJXSWMF-XYWGHXNESA-N seed42 139.638s
2364/8070 SUCCESS JAK1/TYK2 6N7A DQFBSLMKJXSWMF-XYWGHXNESA-N seed71 140.209s
2365/8070 SUCCESS JAK1/TYK2 6N7A DQFBSLMKJXSWMF-XYWGHXNESA-N seed101 141.536s
2366/8070 SUCCESS JAK1/TYK2 3LXP DQFBSLMKJXSWMF-XYWGHXNESA-N seed17 153.784s
2367/8070 SUCCESS JAK1/TYK2 3LXP DQFBSLMKJXSWMF-XYWGHXNESA-N seed29 153.667s
2368/8070 SUCCESS JAK1/TYK2 3LXP DQFBSLMKJXSWMF-XYWGHXNESA-N seed42 150.08s
2369/8070 SUCCESS JAK1/TYK2 6N7A FTSYURCNSVPOMF-UHFFFAOYSA-N seed17 98.094s
2370/8070 SUCCESS JAK1/TYK2 6N7A FTSYURCNSVPOMF-UHFFFAOYSA-N seed29 96.693s
2371/8070 SUCCESS JAK1/TYK2 3LXP DQFBSLMKJXSWMF-XYWGHXNESA-N seed71 143.316s
2372/8070 SUCCESS JAK1/TYK2 3LXP DQFBSLMKJXSWMF-XYWGHXNESA-N seed101 142.38s
2373/8070 SUCCESS JAK1/TYK2 6N7A FTSYURCNSVPOMF-UHFFFAOYSA-N seed42 89.135s
2374/8070 SUCCESS JAK1/TYK2 6N7A FTSYURCNSVPOMF-UHFFFAOYSA-N seed71 87.633s
2375/8070 SUCCESS JAK1/TYK2 6N7A FTSYURCNSVPOMF-UHFFFAOYSA-N seed101 86.978s
2376/8070 SUCCESS JAK1/TYK2 3LXP FTSYURCNSVPOMF-UHFFFAOYSA-N seed17 85.55s
2377/8070 SUCCESS JAK1/TYK2 3LXP FTSYURCNSVPOMF-UHFFFAOYSA-N seed29 86.25s
2378/8070 SUCCESS JAK1/TYK2 3LXP FTSYURCNSVPOMF-UHFFFAOYSA-N seed42 85.781s
2379/8070 SUCCESS JAK1/TYK2 3LXP FTSYURCNSVPOMF-UHFFFAOYSA-N seed71 86.951s
2380/8070 SUCCESS JAK1/TYK2 3LXP FTSYURCNSVPOMF-UHFFFAOYSA-N seed101 88.566s
2381/8070 SUCCESS JAK1/TYK2 6N7A DQXVDJJGGAPUCQ-GOOCMWNKSA-N seed17 121.824s
2382/8070 SUCCESS JAK1/TYK2 6N7A DQXVDJJGGAPUCQ-GOOCMWNKSA-N seed29 122.126s
2383/8070 SUCCESS JAK1/TYK2 6N7A DQXVDJJGGAPUCQ-GOOCMWNKSA-N seed42 120.275s
2384/8070 SUCCESS JAK1/TYK2 6N7A DQXVDJJGGAPUCQ-GOOCMWNKSA-N seed71 121.641s
2385/8070 SUCCESS JAK1/TYK2 6N7A DQXVDJJGGAPUCQ-GOOCMWNKSA-N seed101 122.734s
2386/8070 SUCCESS JAK1/TYK2 3LXP DQXVDJJGGAPUCQ-GOOCMWNKSA-N seed17 125.614s
2387/8070 SUCCESS JAK1/TYK2 3LXP DQXVDJJGGAPUCQ-GOOCMWNKSA-N seed29 125.012s
2388/8070 SUCCESS JAK1/TYK2 3LXP DQXVDJJGGAPUCQ-GOOCMWNKSA-N seed42 125.877s
2389/8070 SUCCESS JAK1/TYK2 6N7A YDEYSAIBCALEFF-OKILXGFUSA-N seed17 85.316s
2390/8070 SUCCESS JAK1/TYK2 3LXP DQXVDJJGGAPUCQ-GOOCMWNKSA-N seed71 126.051s
2391/8070 SUCCESS JAK1/TYK2 3LXP DQXVDJJGGAPUCQ-GOOCMWNKSA-N seed101 126.644s
2392/8070 SUCCESS JAK1/TYK2 6N7A YDEYSAIBCALEFF-OKILXGFUSA-N seed29 85.717s
2393/8070 SUCCESS JAK1/TYK2 6N7A YDEYSAIBCALEFF-OKILXGFUSA-N seed42 84.786s
2394/8070 SUCCESS JAK1/TYK2 6N7A YDEYSAIBCALEFF-OKILXGFUSA-N seed71 86.075s
2395/8070 SUCCESS JAK1/TYK2 6N7A YDEYSAIBCALEFF-OKILXGFUSA-N seed101 86.248s
2396/8070 SUCCESS JAK1/TYK2 3LXP YDEYSAIBCALEFF-OKILXGFUSA-N seed17 85.817s
2397/8070 SUCCESS JAK1/TYK2 3LXP YDEYSAIBCALEFF-OKILXGFUSA-N seed29 90.021s
2398/8070 SUCCESS JAK1/TYK2 3LXP YDEYSAIBCALEFF-OKILXGFUSA-N seed42 88.503s
2399/8070 SUCCESS JAK1/TYK2 3LXP YDEYSAIBCALEFF-OKILXGFUSA-N seed71 90.17s
2400/8070 SUCCESS JAK1/TYK2 3LXP YDEYSAIBCALEFF-OKILXGFUSA-N seed101 87.858s
2401/8070 SUCCESS JAK1/TYK2 6N7A BUBVUGNKOKZKNG-BETUJISGSA-N seed29 85.953s
2402/8070 SUCCESS JAK1/TYK2 6N7A BUBVUGNKOKZKNG-BETUJISGSA-N seed17 86.408s
2403/8070 SUCCESS JAK1/TYK2 6N7A BUBVUGNKOKZKNG-BETUJISGSA-N seed42 88.582s
2404/8070 SUCCESS JAK1/TYK2 6N7A BUBVUGNKOKZKNG-BETUJISGSA-N seed71 86.534s
2405/8070 SUCCESS JAK1/TYK2 6N7A BUBVUGNKOKZKNG-BETUJISGSA-N seed101 87.491s
2406/8070 SUCCESS JAK1/TYK2 3LXP BUBVUGNKOKZKNG-BETUJISGSA-N seed42 88.021s
2407/8070 SUCCESS JAK1/TYK2 3LXP BUBVUGNKOKZKNG-BETUJISGSA-N seed17 90.017s
2408/8070 SUCCESS JAK1/TYK2 3LXP BUBVUGNKOKZKNG-BETUJISGSA-N seed29 89.966s
2409/8070 SUCCESS JAK1/TYK2 3LXP BUBVUGNKOKZKNG-BETUJISGSA-N seed71 91.196s
2410/8070 SUCCESS JAK1/TYK2 3LXP BUBVUGNKOKZKNG-BETUJISGSA-N seed101 88.575s
2411/8070 SUCCESS JAK1/TYK2 6N7A SWXWAHZCVHZSAQ-GASCZTMLSA-N seed17 93.067s
2412/8070 SUCCESS JAK1/TYK2 6N7A SWXWAHZCVHZSAQ-GASCZTMLSA-N seed29 94.697s
2413/8070 SUCCESS JAK1/TYK2 6N7A SWXWAHZCVHZSAQ-GASCZTMLSA-N seed71 93.146s
2414/8070 SUCCESS JAK1/TYK2 6N7A SWXWAHZCVHZSAQ-GASCZTMLSA-N seed42 94.724s
2415/8070 SUCCESS JAK1/TYK2 6N7A SWXWAHZCVHZSAQ-GASCZTMLSA-N seed101 93.584s
2416/8070 SUCCESS JAK1/TYK2 3LXP SWXWAHZCVHZSAQ-GASCZTMLSA-N seed17 96.02s
2417/8070 SUCCESS JAK1/TYK2 6N7A RIIBDIVNQDTPRT-YCRPNKLZSA-N seed17 44.118s
2418/8070 SUCCESS JAK1/TYK2 6N7A RIIBDIVNQDTPRT-YCRPNKLZSA-N seed29 44.245s
2419/8070 SUCCESS JAK1/TYK2 3LXP SWXWAHZCVHZSAQ-GASCZTMLSA-N seed29 95.84s
2420/8070 SUCCESS JAK1/TYK2 3LXP SWXWAHZCVHZSAQ-GASCZTMLSA-N seed71 94.416s
2421/8070 SUCCESS JAK1/TYK2 3LXP SWXWAHZCVHZSAQ-GASCZTMLSA-N seed42 95.236s
2422/8070 SUCCESS JAK1/TYK2 3LXP SWXWAHZCVHZSAQ-GASCZTMLSA-N seed101 95.335s
2423/8070 SUCCESS JAK1/TYK2 6N7A RIIBDIVNQDTPRT-YCRPNKLZSA-N seed42 43.657s
2424/8070 SUCCESS JAK1/TYK2 6N7A RIIBDIVNQDTPRT-YCRPNKLZSA-N seed71 43.732s
2425/8070 SUCCESS JAK1/TYK2 6N7A RIIBDIVNQDTPRT-YCRPNKLZSA-N seed101 42.449s
2426/8070 SUCCESS JAK1/TYK2 3LXP RIIBDIVNQDTPRT-YCRPNKLZSA-N seed17 45.185s
2427/8070 SUCCESS JAK1/TYK2 3LXP RIIBDIVNQDTPRT-YCRPNKLZSA-N seed29 45.101s
2428/8070 SUCCESS JAK1/TYK2 3LXP RIIBDIVNQDTPRT-YCRPNKLZSA-N seed42 45.546s
2429/8070 SUCCESS JAK1/TYK2 3LXP RIIBDIVNQDTPRT-YCRPNKLZSA-N seed71 45.543s
2430/8070 SUCCESS JAK1/TYK2 3LXP RIIBDIVNQDTPRT-YCRPNKLZSA-N seed101 44.968s
2431/8070 SUCCESS JAK1/TYK2 6N7A FSPWFVDHHHVWMS-UHFFFAOYSA-N seed17 516.902s
2432/8070 SUCCESS JAK1/TYK2 3LXP FSPWFVDHHHVWMS-UHFFFAOYSA-N seed17 502.027s
2433/8070 SUCCESS JAK1/TYK2 6N7A FSPWFVDHHHVWMS-UHFFFAOYSA-N seed29 526.388s
2434/8070 SUCCESS JAK1/TYK2 6N7A FSPWFVDHHHVWMS-UHFFFAOYSA-N seed71 528.709s
2435/8070 SUCCESS JAK1/TYK2 6N7A FSPWFVDHHHVWMS-UHFFFAOYSA-N seed42 534.807s
2436/8070 SUCCESS JAK1/TYK2 6N7A FSPWFVDHHHVWMS-UHFFFAOYSA-N seed101 534.074s
2437/8070 SUCCESS JAK1/TYK2 6N7A IQTIWHPPLGNVLI-LDKKBFSKSA-N seed17 161.499s
2438/8070 SUCCESS JAK1/TYK2 6N7A IQTIWHPPLGNVLI-LDKKBFSKSA-N seed29 163.516s
2439/8070 SUCCESS JAK1/TYK2 6N7A IQTIWHPPLGNVLI-LDKKBFSKSA-N seed42 164.032s
2440/8070 SUCCESS JAK1/TYK2 6N7A IQTIWHPPLGNVLI-LDKKBFSKSA-N seed71 162.139s
2441/8070 SUCCESS JAK1/TYK2 3LXP FSPWFVDHHHVWMS-UHFFFAOYSA-N seed42 501.705s
2442/8070 SUCCESS JAK1/TYK2 3LXP FSPWFVDHHHVWMS-UHFFFAOYSA-N seed29 522.725s
2443/8070 SUCCESS JAK1/TYK2 6N7A IQTIWHPPLGNVLI-LDKKBFSKSA-N seed101 166.394s
2444/8070 SUCCESS JAK1/TYK2 3LXP FSPWFVDHHHVWMS-UHFFFAOYSA-N seed71 504.856s
2445/8070 SUCCESS JAK1/TYK2 3LXP FSPWFVDHHHVWMS-UHFFFAOYSA-N seed101 506.569s
2446/8070 SUCCESS JAK1/TYK2 3LXP IQTIWHPPLGNVLI-LDKKBFSKSA-N seed17 181.274s
2447/8070 SUCCESS JAK1/TYK2 6N7A GAMWVQLSQAMDSB-IYBDPMFKSA-N seed17 146.183s
2448/8070 SUCCESS JAK1/TYK2 6N7A GAMWVQLSQAMDSB-IYBDPMFKSA-N seed29 149.067s
2449/8070 SUCCESS JAK1/TYK2 3LXP IQTIWHPPLGNVLI-LDKKBFSKSA-N seed29 194.254s
2450/8070 SUCCESS JAK1/TYK2 3LXP IQTIWHPPLGNVLI-LDKKBFSKSA-N seed42 195.017s
2451/8070 SUCCESS JAK1/TYK2 3LXP IQTIWHPPLGNVLI-LDKKBFSKSA-N seed71 192.571s
2452/8070 SUCCESS JAK1/TYK2 3LXP IQTIWHPPLGNVLI-LDKKBFSKSA-N seed101 192.486s
2453/8070 SUCCESS JAK1/TYK2 6N7A GAMWVQLSQAMDSB-IYBDPMFKSA-N seed42 140.955s
2454/8070 SUCCESS JAK1/TYK2 6N7A GAMWVQLSQAMDSB-IYBDPMFKSA-N seed71 142.421s
2455/8070 SUCCESS JAK1/TYK2 6N7A GAMWVQLSQAMDSB-IYBDPMFKSA-N seed101 142.109s
2456/8070 SUCCESS JAK1/TYK2 3LXP GAMWVQLSQAMDSB-IYBDPMFKSA-N seed17 150.345s
2457/8070 SUCCESS JAK1/TYK2 3LXP GAMWVQLSQAMDSB-IYBDPMFKSA-N seed29 154.264s
2458/8070 SUCCESS JAK1/TYK2 3LXP GAMWVQLSQAMDSB-IYBDPMFKSA-N seed42 153.808s
2459/8070 SUCCESS JAK1/TYK2 6N7A IIIZBXHGWNJDDF-YIONKMFJSA-N seed17 114.278s
2460/8070 SUCCESS JAK1/TYK2 6N7A IIIZBXHGWNJDDF-YIONKMFJSA-N seed29 111.592s
2461/8070 SUCCESS JAK1/TYK2 3LXP GAMWVQLSQAMDSB-IYBDPMFKSA-N seed71 156.764s
2462/8070 SUCCESS JAK1/TYK2 6N7A IIIZBXHGWNJDDF-YIONKMFJSA-N seed42 110.916s
2463/8070 SUCCESS JAK1/TYK2 6N7A IIIZBXHGWNJDDF-YIONKMFJSA-N seed71 110.61s
2464/8070 SUCCESS JAK1/TYK2 3LXP GAMWVQLSQAMDSB-IYBDPMFKSA-N seed101 154.916s
2465/8070 SUCCESS JAK1/TYK2 6N7A IIIZBXHGWNJDDF-YIONKMFJSA-N seed101 102.424s
2466/8070 SUCCESS JAK1/TYK2 3LXP IIIZBXHGWNJDDF-YIONKMFJSA-N seed17 105.09s
2467/8070 SUCCESS JAK1/TYK2 3LXP IIIZBXHGWNJDDF-YIONKMFJSA-N seed29 107.849s
2468/8070 SUCCESS JAK1/TYK2 3LXP IIIZBXHGWNJDDF-YIONKMFJSA-N seed42 107.184s
2469/8070 SUCCESS JAK1/TYK2 3LXP IIIZBXHGWNJDDF-YIONKMFJSA-N seed71 108.244s
2470/8070 SUCCESS JAK1/TYK2 3LXP IIIZBXHGWNJDDF-YIONKMFJSA-N seed101 108.812s
2471/8070 SUCCESS JAK1/TYK2 6N7A PKZMHAUKZNLATM-UHFFFAOYSA-N seed17 162.21s
2472/8070 SUCCESS JAK1/TYK2 6N7A PKZMHAUKZNLATM-UHFFFAOYSA-N seed29 164.316s
2473/8070 SUCCESS JAK1/TYK2 6N7A PKZMHAUKZNLATM-UHFFFAOYSA-N seed71 162.001s
2474/8070 SUCCESS JAK1/TYK2 6N7A PKZMHAUKZNLATM-UHFFFAOYSA-N seed42 166.076s
2475/8070 SUCCESS JAK1/TYK2 6N7A PKZMHAUKZNLATM-UHFFFAOYSA-N seed101 162.974s
2476/8070 SUCCESS JAK1/TYK2 3LXP PKZMHAUKZNLATM-UHFFFAOYSA-N seed17 178.337s
2477/8070 SUCCESS JAK1/TYK2 6N7A QNEHTPKTYOFLPX-IYBDPMFKSA-N seed17 110.733s
2478/8070 SUCCESS JAK1/TYK2 6N7A QNEHTPKTYOFLPX-IYBDPMFKSA-N seed29 111.489s
2479/8070 SUCCESS JAK1/TYK2 3LXP PKZMHAUKZNLATM-UHFFFAOYSA-N seed29 170.862s
2480/8070 SUCCESS JAK1/TYK2 3LXP PKZMHAUKZNLATM-UHFFFAOYSA-N seed42 177.932s
2481/8070 SUCCESS JAK1/TYK2 3LXP PKZMHAUKZNLATM-UHFFFAOYSA-N seed71 172.774s
2482/8070 SUCCESS JAK1/TYK2 3LXP PKZMHAUKZNLATM-UHFFFAOYSA-N seed101 174.657s
2483/8070 SUCCESS JAK1/TYK2 6N7A QNEHTPKTYOFLPX-IYBDPMFKSA-N seed42 110.078s
2484/8070 SUCCESS JAK1/TYK2 6N7A QNEHTPKTYOFLPX-IYBDPMFKSA-N seed71 110.21s
2485/8070 SUCCESS JAK1/TYK2 6N7A QNEHTPKTYOFLPX-IYBDPMFKSA-N seed101 109.64s
2486/8070 SUCCESS JAK1/TYK2 3LXP QNEHTPKTYOFLPX-IYBDPMFKSA-N seed42 98.535s
2487/8070 SUCCESS JAK1/TYK2 3LXP QNEHTPKTYOFLPX-IYBDPMFKSA-N seed17 103.21s
2488/8070 SUCCESS JAK1/TYK2 3LXP QNEHTPKTYOFLPX-IYBDPMFKSA-N seed29 102.307s
2489/8070 SUCCESS JAK1/TYK2 3LXP QNEHTPKTYOFLPX-IYBDPMFKSA-N seed71 107.52s
2490/8070 SUCCESS JAK1/TYK2 3LXP QNEHTPKTYOFLPX-IYBDPMFKSA-N seed101 108.007s
2491/8070 SUCCESS JAK1/TYK2 6N7A ILQBVOMILHZYSA-UHFFFAOYSA-N seed17 331.484s
2492/8070 SUCCESS JAK1/TYK2 6N7A ILQBVOMILHZYSA-UHFFFAOYSA-N seed42 327.72s
2493/8070 SUCCESS JAK1/TYK2 6N7A ILQBVOMILHZYSA-UHFFFAOYSA-N seed29 332.464s
2494/8070 SUCCESS JAK1/TYK2 6N7A ILQBVOMILHZYSA-UHFFFAOYSA-N seed71 332.891s
2495/8070 SUCCESS JAK1/TYK2 6N7A ILQBVOMILHZYSA-UHFFFAOYSA-N seed101 330.777s
2496/8070 SUCCESS JAK1/TYK2 3LXP ILQBVOMILHZYSA-UHFFFAOYSA-N seed17 344.376s
2497/8070 SUCCESS JAK1/TYK2 6N7A QSQYHJZDHUIHFF-OTVXOJSOSA-N seed17 154.834s
2498/8070 SUCCESS JAK1/TYK2 6N7A QSQYHJZDHUIHFF-OTVXOJSOSA-N seed29 148.218s
2499/8070 SUCCESS JAK1/TYK2 3LXP ILQBVOMILHZYSA-UHFFFAOYSA-N seed42 349.64s
2500/8070 SUCCESS JAK1/TYK2 3LXP ILQBVOMILHZYSA-UHFFFAOYSA-N seed29 360.417s
2501/8070 SUCCESS JAK1/TYK2 3LXP ILQBVOMILHZYSA-UHFFFAOYSA-N seed71 348.061s
2502/8070 SUCCESS JAK1/TYK2 6N7A QSQYHJZDHUIHFF-OTVXOJSOSA-N seed42 136.734s
2503/8070 SUCCESS JAK1/TYK2 3LXP ILQBVOMILHZYSA-UHFFFAOYSA-N seed101 359.902s
2504/8070 SUCCESS JAK1/TYK2 6N7A QSQYHJZDHUIHFF-OTVXOJSOSA-N seed71 128.981s
2505/8070 SUCCESS JAK1/TYK2 6N7A QSQYHJZDHUIHFF-OTVXOJSOSA-N seed101 106.143s
2506/8070 SUCCESS JAK1/TYK2 3LXP QSQYHJZDHUIHFF-OTVXOJSOSA-N seed17 109.814s
2507/8070 SUCCESS JAK1/TYK2 3LXP QSQYHJZDHUIHFF-OTVXOJSOSA-N seed42 110.691s
2508/8070 SUCCESS JAK1/TYK2 3LXP QSQYHJZDHUIHFF-OTVXOJSOSA-N seed29 113.829s
2509/8070 SUCCESS JAK1/TYK2 3LXP QSQYHJZDHUIHFF-OTVXOJSOSA-N seed71 111.058s
2510/8070 SUCCESS JAK1/TYK2 3LXP QSQYHJZDHUIHFF-OTVXOJSOSA-N seed101 112.449s
2511/8070 SUCCESS JAK1/TYK2 6N7A BMZPTDVPNTYCJK-UHFFFAOYSA-N seed17 192.799s
2512/8070 SUCCESS JAK1/TYK2 6N7A BMZPTDVPNTYCJK-UHFFFAOYSA-N seed29 194.754s
2513/8070 SUCCESS JAK1/TYK2 6N7A BMZPTDVPNTYCJK-UHFFFAOYSA-N seed42 192.384s
2514/8070 SUCCESS JAK1/TYK2 6N7A BMZPTDVPNTYCJK-UHFFFAOYSA-N seed71 193.819s
2515/8070 SUCCESS JAK1/TYK2 6N7A BMZPTDVPNTYCJK-UHFFFAOYSA-N seed101 196.8s
2516/8070 SUCCESS JAK1/TYK2 3LXP BMZPTDVPNTYCJK-UHFFFAOYSA-N seed17 243.577s
2517/8070 SUCCESS JAK1/TYK2 6N7A GHBIFDBGDNHWRO-OWOJBTEDSA-N seed17 124.237s
2518/8070 SUCCESS JAK1/TYK2 6N7A GHBIFDBGDNHWRO-OWOJBTEDSA-N seed29 120.736s
2519/8070 SUCCESS JAK1/TYK2 3LXP BMZPTDVPNTYCJK-UHFFFAOYSA-N seed29 240.117s
2520/8070 SUCCESS JAK1/TYK2 3LXP BMZPTDVPNTYCJK-UHFFFAOYSA-N seed71 232.136s
2521/8070 SUCCESS JAK1/TYK2 3LXP BMZPTDVPNTYCJK-UHFFFAOYSA-N seed42 235.118s
2522/8070 SUCCESS JAK1/TYK2 3LXP BMZPTDVPNTYCJK-UHFFFAOYSA-N seed101 236.88s
2523/8070 SUCCESS JAK1/TYK2 6N7A GHBIFDBGDNHWRO-OWOJBTEDSA-N seed42 119.334s
2524/8070 SUCCESS JAK1/TYK2 6N7A GHBIFDBGDNHWRO-OWOJBTEDSA-N seed71 116.434s
2525/8070 SUCCESS JAK1/TYK2 3LXP GHBIFDBGDNHWRO-OWOJBTEDSA-N seed17 108.845s
2526/8070 SUCCESS JAK1/TYK2 3LXP GHBIFDBGDNHWRO-OWOJBTEDSA-N seed29 109.07s
2527/8070 SUCCESS JAK1/TYK2 6N7A GHBIFDBGDNHWRO-OWOJBTEDSA-N seed101 115.449s
2528/8070 SUCCESS JAK1/TYK2 3LXP GHBIFDBGDNHWRO-OWOJBTEDSA-N seed42 110.199s
2529/8070 SUCCESS JAK1/TYK2 3LXP GHBIFDBGDNHWRO-OWOJBTEDSA-N seed71 111.474s
2530/8070 SUCCESS JAK1/TYK2 3LXP GHBIFDBGDNHWRO-OWOJBTEDSA-N seed101 111.205s
2531/8070 SUCCESS JAK1/TYK2 6N7A VWXMOLWJXUSYOA-UHFFFAOYSA-N seed17 206.687s
2532/8070 SUCCESS JAK1/TYK2 6N7A VWXMOLWJXUSYOA-UHFFFAOYSA-N seed29 212.592s
2533/8070 SUCCESS JAK1/TYK2 6N7A VWXMOLWJXUSYOA-UHFFFAOYSA-N seed71 208.509s
2534/8070 SUCCESS JAK1/TYK2 6N7A VWXMOLWJXUSYOA-UHFFFAOYSA-N seed42 214.372s
2535/8070 SUCCESS JAK1/TYK2 6N7A VWXMOLWJXUSYOA-UHFFFAOYSA-N seed101 209.192s
2536/8070 SUCCESS JAK1/TYK2 6N7A GPSZYOIFQZPWEJ-UHFFFAOYSA-N seed17 49.476s
2537/8070 SUCCESS JAK1/TYK2 3LXP VWXMOLWJXUSYOA-UHFFFAOYSA-N seed17 208.714s
2538/8070 SUCCESS JAK1/TYK2 6N7A GPSZYOIFQZPWEJ-UHFFFAOYSA-N seed29 49.656s
2539/8070 SUCCESS JAK1/TYK2 6N7A GPSZYOIFQZPWEJ-UHFFFAOYSA-N seed42 49.867s
2540/8070 SUCCESS JAK1/TYK2 6N7A GPSZYOIFQZPWEJ-UHFFFAOYSA-N seed71 49.703s
2541/8070 SUCCESS JAK1/TYK2 6N7A GPSZYOIFQZPWEJ-UHFFFAOYSA-N seed101 49.518s
2542/8070 SUCCESS JAK1/TYK2 3LXP VWXMOLWJXUSYOA-UHFFFAOYSA-N seed29 209.029s
2543/8070 SUCCESS JAK1/TYK2 3LXP VWXMOLWJXUSYOA-UHFFFAOYSA-N seed42 207.366s
2544/8070 SUCCESS JAK1/TYK2 3LXP VWXMOLWJXUSYOA-UHFFFAOYSA-N seed101 205.754s
2545/8070 SUCCESS JAK1/TYK2 3LXP VWXMOLWJXUSYOA-UHFFFAOYSA-N seed71 214.307s
2546/8070 SUCCESS JAK1/TYK2 3LXP GPSZYOIFQZPWEJ-UHFFFAOYSA-N seed17 48.101s
2547/8070 SUCCESS JAK1/TYK2 3LXP GPSZYOIFQZPWEJ-UHFFFAOYSA-N seed29 47.852s
2548/8070 SUCCESS JAK1/TYK2 3LXP GPSZYOIFQZPWEJ-UHFFFAOYSA-N seed42 47.337s
2549/8070 SUCCESS JAK1/TYK2 3LXP GPSZYOIFQZPWEJ-UHFFFAOYSA-N seed71 47.316s
2550/8070 SUCCESS JAK1/TYK2 3LXP GPSZYOIFQZPWEJ-UHFFFAOYSA-N seed101 47.258s
2551/8070 SUCCESS JAK1/TYK2 6N7A RIZRLVOFNUVLSK-UHFFFAOYSA-N seed17 44.531s
2552/8070 SUCCESS JAK1/TYK2 6N7A RIZRLVOFNUVLSK-UHFFFAOYSA-N seed29 42.856s
2553/8070 SUCCESS JAK1/TYK2 6N7A RIZRLVOFNUVLSK-UHFFFAOYSA-N seed42 43.791s
2554/8070 SUCCESS JAK1/TYK2 6N7A RIZRLVOFNUVLSK-UHFFFAOYSA-N seed71 43.774s
2555/8070 SUCCESS JAK1/TYK2 6N7A RIZRLVOFNUVLSK-UHFFFAOYSA-N seed101 43.681s
2556/8070 SUCCESS JAK1/TYK2 3LXP RIZRLVOFNUVLSK-UHFFFAOYSA-N seed17 42.214s
2557/8070 SUCCESS JAK1/TYK2 3LXP RIZRLVOFNUVLSK-UHFFFAOYSA-N seed29 43.09s
2558/8070 SUCCESS JAK1/TYK2 3LXP RIZRLVOFNUVLSK-UHFFFAOYSA-N seed42 42.334s
2559/8070 SUCCESS JAK1/TYK2 3LXP RIZRLVOFNUVLSK-UHFFFAOYSA-N seed71 43.649s
2560/8070 SUCCESS JAK1/TYK2 3LXP RIZRLVOFNUVLSK-UHFFFAOYSA-N seed101 43.066s
2561/8070 SUCCESS JAK1/TYK2 6N7A LBFKCADAEOIHNK-IBGZPJMESA-N seed17 50.069s
2562/8070 SUCCESS JAK1/TYK2 6N7A LBFKCADAEOIHNK-IBGZPJMESA-N seed29 49.627s
2563/8070 SUCCESS JAK1/TYK2 6N7A LBFKCADAEOIHNK-IBGZPJMESA-N seed42 49.455s
2564/8070 SUCCESS JAK1/TYK2 6N7A LBFKCADAEOIHNK-IBGZPJMESA-N seed71 49.888s
2565/8070 SUCCESS JAK1/TYK2 6N7A LBFKCADAEOIHNK-IBGZPJMESA-N seed101 49.779s
2566/8070 SUCCESS JAK1/TYK2 3LXP LBFKCADAEOIHNK-IBGZPJMESA-N seed17 54.298s
2567/8070 SUCCESS JAK1/TYK2 3LXP LBFKCADAEOIHNK-IBGZPJMESA-N seed29 52.625s
2568/8070 SUCCESS JAK1/TYK2 3LXP LBFKCADAEOIHNK-IBGZPJMESA-N seed42 52.157s
2569/8070 SUCCESS JAK1/TYK2 6N7A UHJPSFDAARAJFA-UHFFFAOYSA-N seed17 40.634s
2570/8070 SUCCESS JAK1/TYK2 3LXP LBFKCADAEOIHNK-IBGZPJMESA-N seed71 52.683s
2571/8070 SUCCESS JAK1/TYK2 3LXP LBFKCADAEOIHNK-IBGZPJMESA-N seed101 53.932s
2572/8070 SUCCESS JAK1/TYK2 6N7A UHJPSFDAARAJFA-UHFFFAOYSA-N seed29 40.106s
2573/8070 SUCCESS JAK1/TYK2 6N7A UHJPSFDAARAJFA-UHFFFAOYSA-N seed42 39.794s
2574/8070 SUCCESS JAK1/TYK2 6N7A UHJPSFDAARAJFA-UHFFFAOYSA-N seed71 39.979s
2575/8070 SUCCESS JAK1/TYK2 6N7A UHJPSFDAARAJFA-UHFFFAOYSA-N seed101 39.994s
2576/8070 SUCCESS JAK1/TYK2 3LXP UHJPSFDAARAJFA-UHFFFAOYSA-N seed17 39.76s
2577/8070 SUCCESS JAK1/TYK2 3LXP UHJPSFDAARAJFA-UHFFFAOYSA-N seed29 38.42s
2578/8070 SUCCESS JAK1/TYK2 3LXP UHJPSFDAARAJFA-UHFFFAOYSA-N seed42 39.452s
2579/8070 SUCCESS JAK1/TYK2 3LXP UHJPSFDAARAJFA-UHFFFAOYSA-N seed71 39.618s
2580/8070 SUCCESS JAK1/TYK2 3LXP UHJPSFDAARAJFA-UHFFFAOYSA-N seed101 39.943s
2581/8070 SUCCESS JAK1/TYK2 6N7A MCHYSTQTMONBPK-SNAWJCMRSA-N seed17 276.182s
2582/8070 SUCCESS JAK1/TYK2 6N7A MCHYSTQTMONBPK-SNAWJCMRSA-N seed29 279.784s
2583/8070 SUCCESS JAK1/TYK2 6N7A MCHYSTQTMONBPK-SNAWJCMRSA-N seed42 286.649s
2584/8070 SUCCESS JAK1/TYK2 6N7A MCHYSTQTMONBPK-SNAWJCMRSA-N seed71 279.745s
2585/8070 SUCCESS JAK1/TYK2 3LXP MCHYSTQTMONBPK-SNAWJCMRSA-N seed17 274.054s
2586/8070 SUCCESS JAK1/TYK2 6N7A MCHYSTQTMONBPK-SNAWJCMRSA-N seed101 277.818s
2587/8070 SUCCESS JAK1/TYK2 6N7A GCIKSSRWRFVXBI-UHFFFAOYSA-N seed29 126.348s
2588/8070 SUCCESS JAK1/TYK2 6N7A GCIKSSRWRFVXBI-UHFFFAOYSA-N seed17 130.153s
2589/8070 SUCCESS JAK1/TYK2 3LXP MCHYSTQTMONBPK-SNAWJCMRSA-N seed29 288.193s
2590/8070 SUCCESS JAK1/TYK2 6N7A GCIKSSRWRFVXBI-UHFFFAOYSA-N seed71 125.312s
2591/8070 SUCCESS JAK1/TYK2 6N7A GCIKSSRWRFVXBI-UHFFFAOYSA-N seed42 127.088s
2592/8070 SUCCESS JAK1/TYK2 3LXP MCHYSTQTMONBPK-SNAWJCMRSA-N seed42 291.21s
2593/8070 SUCCESS JAK1/TYK2 3LXP MCHYSTQTMONBPK-SNAWJCMRSA-N seed71 291.149s
2594/8070 SUCCESS JAK1/TYK2 3LXP MCHYSTQTMONBPK-SNAWJCMRSA-N seed101 280.79s
2595/8070 SUCCESS JAK1/TYK2 6N7A GCIKSSRWRFVXBI-UHFFFAOYSA-N seed101 129.74s
2596/8070 SUCCESS JAK1/TYK2 3LXP GCIKSSRWRFVXBI-UHFFFAOYSA-N seed29 145.286s
2597/8070 SUCCESS JAK1/TYK2 3LXP GCIKSSRWRFVXBI-UHFFFAOYSA-N seed17 149.085s
2598/8070 SUCCESS JAK1/TYK2 3LXP GCIKSSRWRFVXBI-UHFFFAOYSA-N seed42 146.918s
2599/8070 SUCCESS JAK1/TYK2 3LXP GCIKSSRWRFVXBI-UHFFFAOYSA-N seed101 147.775s
2600/8070 SUCCESS JAK1/TYK2 3LXP GCIKSSRWRFVXBI-UHFFFAOYSA-N seed71 150.136s
2601/8070 SUCCESS JAK1/TYK2 6N7A IOPKWIPPSDZIET-UHFFFAOYSA-N seed17 97.512s
2602/8070 SUCCESS JAK1/TYK2 6N7A IOPKWIPPSDZIET-UHFFFAOYSA-N seed29 95.312s
2603/8070 SUCCESS JAK1/TYK2 3LXP IOPKWIPPSDZIET-UHFFFAOYSA-N seed17 80.595s
2604/8070 SUCCESS JAK1/TYK2 6N7A IOPKWIPPSDZIET-UHFFFAOYSA-N seed42 98.144s
2605/8070 SUCCESS JAK1/TYK2 6N7A IOPKWIPPSDZIET-UHFFFAOYSA-N seed71 95.383s
2606/8070 SUCCESS JAK1/TYK2 6N7A IOPKWIPPSDZIET-UHFFFAOYSA-N seed101 96.046s
2607/8070 SUCCESS JAK1/TYK2 3LXP IOPKWIPPSDZIET-UHFFFAOYSA-N seed29 80.032s
2608/8070 SUCCESS JAK1/TYK2 3LXP IOPKWIPPSDZIET-UHFFFAOYSA-N seed42 80.292s
2609/8070 SUCCESS JAK1/TYK2 3LXP IOPKWIPPSDZIET-UHFFFAOYSA-N seed71 80.429s
2610/8070 SUCCESS JAK1/TYK2 3LXP IOPKWIPPSDZIET-UHFFFAOYSA-N seed101 80.204s
2611/8070 SUCCESS JAK1/TYK2 6N7A AOSOZAYYOFGVEG-UHFFFAOYSA-N seed17 110.677s
2612/8070 SUCCESS JAK1/TYK2 6N7A AOSOZAYYOFGVEG-UHFFFAOYSA-N seed29 107.81s
2613/8070 SUCCESS JAK1/TYK2 6N7A AOSOZAYYOFGVEG-UHFFFAOYSA-N seed42 109.282s
2614/8070 SUCCESS JAK1/TYK2 3LXP AOSOZAYYOFGVEG-UHFFFAOYSA-N seed17 99.537s
2615/8070 SUCCESS JAK1/TYK2 6N7A AOSOZAYYOFGVEG-UHFFFAOYSA-N seed71 108.127s
2616/8070 SUCCESS JAK1/TYK2 6N7A AOSOZAYYOFGVEG-UHFFFAOYSA-N seed101 108.667s
2617/8070 SUCCESS JAK1/TYK2 3LXP AOSOZAYYOFGVEG-UHFFFAOYSA-N seed29 101.638s
2618/8070 SUCCESS JAK1/TYK2 3LXP AOSOZAYYOFGVEG-UHFFFAOYSA-N seed42 102.353s
2619/8070 SUCCESS JAK1/TYK2 6N7A YONOAVIZYZCVJG-FPOVZHCZSA-N seed17 63.906s
2620/8070 SUCCESS JAK1/TYK2 6N7A YONOAVIZYZCVJG-FPOVZHCZSA-N seed29 65.029s
2621/8070 SUCCESS JAK1/TYK2 3LXP AOSOZAYYOFGVEG-UHFFFAOYSA-N seed71 96.581s
2622/8070 SUCCESS JAK1/TYK2 3LXP AOSOZAYYOFGVEG-UHFFFAOYSA-N seed101 95.888s
2623/8070 SUCCESS JAK1/TYK2 6N7A YONOAVIZYZCVJG-FPOVZHCZSA-N seed42 65.364s
2624/8070 SUCCESS JAK1/TYK2 6N7A YONOAVIZYZCVJG-FPOVZHCZSA-N seed71 60.867s
2625/8070 SUCCESS JAK1/TYK2 6N7A YONOAVIZYZCVJG-FPOVZHCZSA-N seed101 61.299s
2626/8070 SUCCESS JAK1/TYK2 3LXP YONOAVIZYZCVJG-FPOVZHCZSA-N seed17 59.27s
2627/8070 SUCCESS JAK1/TYK2 3LXP YONOAVIZYZCVJG-FPOVZHCZSA-N seed29 59.389s
2628/8070 SUCCESS JAK1/TYK2 3LXP YONOAVIZYZCVJG-FPOVZHCZSA-N seed42 59.557s
2629/8070 SUCCESS JAK1/TYK2 3LXP YONOAVIZYZCVJG-FPOVZHCZSA-N seed71 58.986s
2630/8070 SUCCESS JAK1/TYK2 3LXP YONOAVIZYZCVJG-FPOVZHCZSA-N seed101 59.857s
2631/8070 SUCCESS JAK1/TYK2 6N7A OOTOILRGUDIKTF-UHFFFAOYSA-N seed17 87.687s
2632/8070 SUCCESS JAK1/TYK2 6N7A OOTOILRGUDIKTF-UHFFFAOYSA-N seed29 96.784s
2633/8070 SUCCESS JAK1/TYK2 6N7A OOTOILRGUDIKTF-UHFFFAOYSA-N seed42 92.016s
2634/8070 SUCCESS JAK1/TYK2 6N7A OOTOILRGUDIKTF-UHFFFAOYSA-N seed101 85.719s
2635/8070 SUCCESS JAK1/TYK2 6N7A OOTOILRGUDIKTF-UHFFFAOYSA-N seed71 89.41s
2636/8070 SUCCESS JAK1/TYK2 3LXP OOTOILRGUDIKTF-UHFFFAOYSA-N seed17 89.807s
2637/8070 SUCCESS JAK1/TYK2 3LXP OOTOILRGUDIKTF-UHFFFAOYSA-N seed29 94.468s
2638/8070 SUCCESS JAK1/TYK2 3LXP OOTOILRGUDIKTF-UHFFFAOYSA-N seed42 95.537s
2639/8070 SUCCESS JAK1/TYK2 3LXP OOTOILRGUDIKTF-UHFFFAOYSA-N seed71 90.329s
2640/8070 SUCCESS JAK1/TYK2 3LXP OOTOILRGUDIKTF-UHFFFAOYSA-N seed101 93.999s
2641/8070 SUCCESS JAK1/TYK2 6N7A PCAQQLOHZBFIAB-UHFFFAOYSA-N seed17 102.257s
2642/8070 SUCCESS JAK1/TYK2 6N7A PCAQQLOHZBFIAB-UHFFFAOYSA-N seed29 105.098s
2643/8070 SUCCESS JAK1/TYK2 6N7A PCAQQLOHZBFIAB-UHFFFAOYSA-N seed42 107.404s
2644/8070 SUCCESS JAK1/TYK2 3LXP PCAQQLOHZBFIAB-UHFFFAOYSA-N seed17 89.685s
2645/8070 SUCCESS JAK1/TYK2 6N7A PCAQQLOHZBFIAB-UHFFFAOYSA-N seed101 104.153s
2646/8070 SUCCESS JAK1/TYK2 6N7A PCAQQLOHZBFIAB-UHFFFAOYSA-N seed71 108.839s
2647/8070 SUCCESS JAK1/TYK2 3LXP PCAQQLOHZBFIAB-UHFFFAOYSA-N seed29 88.881s
2648/8070 SUCCESS JAK1/TYK2 3LXP PCAQQLOHZBFIAB-UHFFFAOYSA-N seed42 88.388s
2649/8070 SUCCESS JAK1/TYK2 6N7A PGFUYRPYQOJNGW-UHFFFAOYSA-N seed17 71.2s
2650/8070 SUCCESS JAK1/TYK2 3LXP PCAQQLOHZBFIAB-UHFFFAOYSA-N seed71 87.604s
2651/8070 SUCCESS JAK1/TYK2 6N7A PGFUYRPYQOJNGW-UHFFFAOYSA-N seed29 73.019s
2652/8070 SUCCESS JAK1/TYK2 6N7A PGFUYRPYQOJNGW-UHFFFAOYSA-N seed42 72.845s
2653/8070 SUCCESS JAK1/TYK2 3LXP PCAQQLOHZBFIAB-UHFFFAOYSA-N seed101 88.878s
2654/8070 SUCCESS JAK1/TYK2 6N7A PGFUYRPYQOJNGW-UHFFFAOYSA-N seed71 71.496s
2655/8070 SUCCESS JAK1/TYK2 6N7A PGFUYRPYQOJNGW-UHFFFAOYSA-N seed101 72.597s
2656/8070 SUCCESS JAK1/TYK2 3LXP PGFUYRPYQOJNGW-UHFFFAOYSA-N seed17 72.95s
2657/8070 SUCCESS JAK1/TYK2 3LXP PGFUYRPYQOJNGW-UHFFFAOYSA-N seed29 72.241s
2658/8070 SUCCESS JAK1/TYK2 3LXP PGFUYRPYQOJNGW-UHFFFAOYSA-N seed42 72.656s
2659/8070 SUCCESS JAK1/TYK2 3LXP PGFUYRPYQOJNGW-UHFFFAOYSA-N seed71 73.007s
2660/8070 SUCCESS JAK1/TYK2 3LXP PGFUYRPYQOJNGW-UHFFFAOYSA-N seed101 71.297s
2661/8070 SUCCESS JAK1/TYK2 6N7A MHHFHCHCZMIUDH-UHFFFAOYSA-N seed17 104.666s
2662/8070 SUCCESS JAK1/TYK2 6N7A MHHFHCHCZMIUDH-UHFFFAOYSA-N seed29 104.185s
2663/8070 SUCCESS JAK1/TYK2 6N7A MHHFHCHCZMIUDH-UHFFFAOYSA-N seed42 105.347s
2664/8070 SUCCESS JAK1/TYK2 6N7A MHHFHCHCZMIUDH-UHFFFAOYSA-N seed71 104.179s
2665/8070 SUCCESS JAK1/TYK2 6N7A MHHFHCHCZMIUDH-UHFFFAOYSA-N seed101 103.505s
2666/8070 SUCCESS JAK1/TYK2 3LXP MHHFHCHCZMIUDH-UHFFFAOYSA-N seed17 110.193s
2667/8070 SUCCESS JAK1/TYK2 6N7A RCMUQMOZZOFKCM-UHFFFAOYSA-N seed17 73.219s
2668/8070 SUCCESS JAK1/TYK2 6N7A RCMUQMOZZOFKCM-UHFFFAOYSA-N seed29 75.168s
2669/8070 SUCCESS JAK1/TYK2 3LXP MHHFHCHCZMIUDH-UHFFFAOYSA-N seed29 106.264s
2670/8070 SUCCESS JAK1/TYK2 3LXP MHHFHCHCZMIUDH-UHFFFAOYSA-N seed42 105.654s
2671/8070 SUCCESS JAK1/TYK2 3LXP MHHFHCHCZMIUDH-UHFFFAOYSA-N seed101 105.682s
2672/8070 SUCCESS JAK1/TYK2 3LXP MHHFHCHCZMIUDH-UHFFFAOYSA-N seed71 109.367s
2673/8070 SUCCESS JAK1/TYK2 6N7A RCMUQMOZZOFKCM-UHFFFAOYSA-N seed42 74.316s
2674/8070 SUCCESS JAK1/TYK2 6N7A RCMUQMOZZOFKCM-UHFFFAOYSA-N seed71 75.422s
2675/8070 SUCCESS JAK1/TYK2 3LXP RCMUQMOZZOFKCM-UHFFFAOYSA-N seed17 68.148s
2676/8070 SUCCESS JAK1/TYK2 3LXP RCMUQMOZZOFKCM-UHFFFAOYSA-N seed29 66.139s
2677/8070 SUCCESS JAK1/TYK2 6N7A RCMUQMOZZOFKCM-UHFFFAOYSA-N seed101 74.221s
2678/8070 SUCCESS JAK1/TYK2 3LXP RCMUQMOZZOFKCM-UHFFFAOYSA-N seed42 67.136s
2679/8070 SUCCESS JAK1/TYK2 3LXP RCMUQMOZZOFKCM-UHFFFAOYSA-N seed71 65.614s
2680/8070 SUCCESS JAK1/TYK2 3LXP RCMUQMOZZOFKCM-UHFFFAOYSA-N seed101 65.591s
2681/8070 SUCCESS JAK1/TYK2 6N7A SDNGLJCJUQMLCR-UHFFFAOYSA-N seed17 91.25s
2682/8070 SUCCESS JAK1/TYK2 6N7A SDNGLJCJUQMLCR-UHFFFAOYSA-N seed29 91.686s
2683/8070 SUCCESS JAK1/TYK2 6N7A SDNGLJCJUQMLCR-UHFFFAOYSA-N seed42 92.61s
2684/8070 SUCCESS JAK1/TYK2 6N7A SDNGLJCJUQMLCR-UHFFFAOYSA-N seed71 91.128s
2685/8070 SUCCESS JAK1/TYK2 6N7A SDNGLJCJUQMLCR-UHFFFAOYSA-N seed101 90.835s
2686/8070 SUCCESS JAK1/TYK2 3LXP SDNGLJCJUQMLCR-UHFFFAOYSA-N seed17 94.44s
2687/8070 SUCCESS JAK1/TYK2 3LXP SDNGLJCJUQMLCR-UHFFFAOYSA-N seed29 95.261s
2688/8070 SUCCESS JAK1/TYK2 3LXP SDNGLJCJUQMLCR-UHFFFAOYSA-N seed42 96.156s
2689/8070 SUCCESS JAK1/TYK2 3LXP SDNGLJCJUQMLCR-UHFFFAOYSA-N seed71 96.007s
2690/8070 SUCCESS JAK1/TYK2 3LXP SDNGLJCJUQMLCR-UHFFFAOYSA-N seed101 95.219s
2691/8070 SUCCESS JAK1/TYK2 6N7A DHSKZIRHUGFEJZ-UHFFFAOYSA-N seed17 68.266s
2692/8070 SUCCESS JAK1/TYK2 6N7A DHSKZIRHUGFEJZ-UHFFFAOYSA-N seed29 68.071s
2693/8070 SUCCESS JAK1/TYK2 6N7A DHSKZIRHUGFEJZ-UHFFFAOYSA-N seed42 71.251s
2694/8070 SUCCESS JAK1/TYK2 6N7A DHSKZIRHUGFEJZ-UHFFFAOYSA-N seed71 68.726s
2695/8070 SUCCESS JAK1/TYK2 3LXP DHSKZIRHUGFEJZ-UHFFFAOYSA-N seed17 68.901s
2696/8070 SUCCESS JAK1/TYK2 6N7A DHSKZIRHUGFEJZ-UHFFFAOYSA-N seed101 70.132s
2697/8070 SUCCESS JAK1/TYK2 3LXP DHSKZIRHUGFEJZ-UHFFFAOYSA-N seed29 67.963s
2698/8070 SUCCESS JAK1/TYK2 3LXP DHSKZIRHUGFEJZ-UHFFFAOYSA-N seed42 68.471s
2699/8070 SUCCESS JAK1/TYK2 3LXP DHSKZIRHUGFEJZ-UHFFFAOYSA-N seed71 67.513s
2700/8070 SUCCESS JAK1/TYK2 3LXP DHSKZIRHUGFEJZ-UHFFFAOYSA-N seed101 68.348s
2701/8070 SUCCESS JAK1/TYK2 6N7A RJJDBVLQFUOSJC-UHFFFAOYSA-N seed29 97.32s
2702/8070 SUCCESS JAK1/TYK2 6N7A RJJDBVLQFUOSJC-UHFFFAOYSA-N seed17 102.847s
2703/8070 SUCCESS JAK1/TYK2 6N7A RJJDBVLQFUOSJC-UHFFFAOYSA-N seed42 97.293s
2704/8070 SUCCESS JAK1/TYK2 6N7A RJJDBVLQFUOSJC-UHFFFAOYSA-N seed71 102.967s
2705/8070 SUCCESS JAK1/TYK2 6N7A RJJDBVLQFUOSJC-UHFFFAOYSA-N seed101 102.879s
2706/8070 SUCCESS JAK1/TYK2 3LXP RJJDBVLQFUOSJC-UHFFFAOYSA-N seed17 101.403s
2707/8070 SUCCESS JAK1/TYK2 3LXP RJJDBVLQFUOSJC-UHFFFAOYSA-N seed29 100.639s
2708/8070 SUCCESS JAK1/TYK2 3LXP RJJDBVLQFUOSJC-UHFFFAOYSA-N seed42 100.441s
2709/8070 SUCCESS JAK1/TYK2 3LXP RJJDBVLQFUOSJC-UHFFFAOYSA-N seed71 97.178s
2710/8070 SUCCESS JAK1/TYK2 3LXP RJJDBVLQFUOSJC-UHFFFAOYSA-N seed101 98.998s
2711/8070 SUCCESS JAK1/TYK2 6N7A BPBQNJHNUDVMMJ-UHFFFAOYSA-N seed17 93.387s
2712/8070 SUCCESS JAK1/TYK2 6N7A BPBQNJHNUDVMMJ-UHFFFAOYSA-N seed29 93.853s
2713/8070 SUCCESS JAK1/TYK2 6N7A BPBQNJHNUDVMMJ-UHFFFAOYSA-N seed42 92.446s
2714/8070 SUCCESS JAK1/TYK2 6N7A BPBQNJHNUDVMMJ-UHFFFAOYSA-N seed71 93.017s
2715/8070 SUCCESS JAK1/TYK2 6N7A BPBQNJHNUDVMMJ-UHFFFAOYSA-N seed101 93.604s
2716/8070 SUCCESS JAK1/TYK2 3LXP BPBQNJHNUDVMMJ-UHFFFAOYSA-N seed17 89.334s
2717/8070 SUCCESS JAK1/TYK2 3LXP BPBQNJHNUDVMMJ-UHFFFAOYSA-N seed42 87.995s
2718/8070 SUCCESS JAK1/TYK2 3LXP BPBQNJHNUDVMMJ-UHFFFAOYSA-N seed29 88.747s
2719/8070 SUCCESS JAK1/TYK2 6N7A PUMVGUHHVKZTOZ-HJGJAMNPSA-N seed17 48.595s
2720/8070 SUCCESS JAK1/TYK2 6N7A PUMVGUHHVKZTOZ-HJGJAMNPSA-N seed29 51.206s
2721/8070 SUCCESS JAK1/TYK2 3LXP BPBQNJHNUDVMMJ-UHFFFAOYSA-N seed71 90.284s
2722/8070 SUCCESS JAK1/TYK2 3LXP BPBQNJHNUDVMMJ-UHFFFAOYSA-N seed101 88.147s
2723/8070 SUCCESS JAK1/TYK2 6N7A PUMVGUHHVKZTOZ-HJGJAMNPSA-N seed71 48.813s
2724/8070 SUCCESS JAK1/TYK2 6N7A PUMVGUHHVKZTOZ-HJGJAMNPSA-N seed42 49.748s
2725/8070 SUCCESS JAK1/TYK2 6N7A PUMVGUHHVKZTOZ-HJGJAMNPSA-N seed101 51.382s
2726/8070 SUCCESS JAK1/TYK2 3LXP PUMVGUHHVKZTOZ-HJGJAMNPSA-N seed17 49.74s
2727/8070 SUCCESS JAK1/TYK2 3LXP PUMVGUHHVKZTOZ-HJGJAMNPSA-N seed29 49.482s
2728/8070 SUCCESS JAK1/TYK2 3LXP PUMVGUHHVKZTOZ-HJGJAMNPSA-N seed42 49.265s
2729/8070 SUCCESS JAK1/TYK2 3LXP PUMVGUHHVKZTOZ-HJGJAMNPSA-N seed71 49.082s
2730/8070 SUCCESS JAK1/TYK2 3LXP PUMVGUHHVKZTOZ-HJGJAMNPSA-N seed101 50.427s
2731/8070 SUCCESS JAK1/TYK2 6N7A XWEGZOWJKZVIPT-HXUWFJFHSA-N seed17 125.318s
2732/8070 SUCCESS JAK1/TYK2 6N7A XWEGZOWJKZVIPT-HXUWFJFHSA-N seed29 123.137s
2733/8070 SUCCESS JAK1/TYK2 6N7A XWEGZOWJKZVIPT-HXUWFJFHSA-N seed42 127.32s
2734/8070 SUCCESS JAK1/TYK2 6N7A XWEGZOWJKZVIPT-HXUWFJFHSA-N seed71 126.172s
2735/8070 SUCCESS JAK1/TYK2 3LXP XWEGZOWJKZVIPT-HXUWFJFHSA-N seed17 113.062s
2736/8070 SUCCESS JAK1/TYK2 6N7A XWEGZOWJKZVIPT-HXUWFJFHSA-N seed101 124.989s
2737/8070 SUCCESS JAK1/TYK2 6N7A DVXZLEHKUCHABK-CTNGQTDRSA-N seed17 61.419s
2738/8070 SUCCESS JAK1/TYK2 6N7A DVXZLEHKUCHABK-CTNGQTDRSA-N seed29 63.796s
2739/8070 SUCCESS JAK1/TYK2 3LXP XWEGZOWJKZVIPT-HXUWFJFHSA-N seed29 112.835s
2740/8070 SUCCESS JAK1/TYK2 3LXP XWEGZOWJKZVIPT-HXUWFJFHSA-N seed42 111.7s
2741/8070 SUCCESS JAK1/TYK2 3LXP XWEGZOWJKZVIPT-HXUWFJFHSA-N seed71 112.553s
2742/8070 SUCCESS JAK1/TYK2 3LXP XWEGZOWJKZVIPT-HXUWFJFHSA-N seed101 114.944s
2743/8070 SUCCESS JAK1/TYK2 6N7A DVXZLEHKUCHABK-CTNGQTDRSA-N seed42 63.517s
2744/8070 SUCCESS JAK1/TYK2 6N7A DVXZLEHKUCHABK-CTNGQTDRSA-N seed71 62.99s
2745/8070 SUCCESS JAK1/TYK2 6N7A DVXZLEHKUCHABK-CTNGQTDRSA-N seed101 63.372s
2746/8070 SUCCESS JAK1/TYK2 3LXP DVXZLEHKUCHABK-CTNGQTDRSA-N seed17 59.649s
2747/8070 SUCCESS JAK1/TYK2 3LXP DVXZLEHKUCHABK-CTNGQTDRSA-N seed29 60.086s
2748/8070 SUCCESS JAK1/TYK2 3LXP DVXZLEHKUCHABK-CTNGQTDRSA-N seed42 59.414s
2749/8070 SUCCESS JAK1/TYK2 3LXP DVXZLEHKUCHABK-CTNGQTDRSA-N seed71 60.564s
2750/8070 SUCCESS JAK1/TYK2 3LXP DVXZLEHKUCHABK-CTNGQTDRSA-N seed101 59.735s
2751/8070 SUCCESS JAK1/TYK2 6N7A AHFFQQULYWODLH-UHFFFAOYSA-N seed17 58.529s
2752/8070 SUCCESS JAK1/TYK2 6N7A AHFFQQULYWODLH-UHFFFAOYSA-N seed29 57.787s
2753/8070 SUCCESS JAK1/TYK2 6N7A AHFFQQULYWODLH-UHFFFAOYSA-N seed42 58.272s
2754/8070 SUCCESS JAK1/TYK2 6N7A AHFFQQULYWODLH-UHFFFAOYSA-N seed71 60.491s
2755/8070 SUCCESS JAK1/TYK2 6N7A AHFFQQULYWODLH-UHFFFAOYSA-N seed101 59.088s
2756/8070 SUCCESS JAK1/TYK2 3LXP AHFFQQULYWODLH-UHFFFAOYSA-N seed17 56.766s
2757/8070 SUCCESS JAK1/TYK2 3LXP AHFFQQULYWODLH-UHFFFAOYSA-N seed29 56.285s
2758/8070 SUCCESS JAK1/TYK2 3LXP AHFFQQULYWODLH-UHFFFAOYSA-N seed42 56.84s
2759/8070 SUCCESS JAK1/TYK2 3LXP AHFFQQULYWODLH-UHFFFAOYSA-N seed71 57.274s
2760/8070 SUCCESS JAK1/TYK2 3LXP AHFFQQULYWODLH-UHFFFAOYSA-N seed101 57.462s
2761/8070 SUCCESS JAK1/TYK2 6N7A IMPZSGOWSPHBCV-UHFFFAOYSA-N seed17 90.086s
2762/8070 SUCCESS JAK1/TYK2 6N7A IMPZSGOWSPHBCV-UHFFFAOYSA-N seed29 89.903s
2763/8070 SUCCESS JAK1/TYK2 6N7A IMPZSGOWSPHBCV-UHFFFAOYSA-N seed42 88.666s
2764/8070 SUCCESS JAK1/TYK2 6N7A IMPZSGOWSPHBCV-UHFFFAOYSA-N seed71 89.058s
2765/8070 SUCCESS JAK1/TYK2 3LXP IMPZSGOWSPHBCV-UHFFFAOYSA-N seed17 78.78s
2766/8070 SUCCESS JAK1/TYK2 6N7A IMPZSGOWSPHBCV-UHFFFAOYSA-N seed101 88.698s
2767/8070 SUCCESS JAK1/TYK2 3LXP IMPZSGOWSPHBCV-UHFFFAOYSA-N seed29 78.852s
2768/8070 SUCCESS JAK1/TYK2 3LXP IMPZSGOWSPHBCV-UHFFFAOYSA-N seed42 78.672s
2769/8070 SUCCESS JAK1/TYK2 3LXP IMPZSGOWSPHBCV-UHFFFAOYSA-N seed71 78.2s
2770/8070 SUCCESS JAK1/TYK2 3LXP IMPZSGOWSPHBCV-UHFFFAOYSA-N seed101 79.035s
2771/8070 SUCCESS JAK1/TYK2 6N7A HDCSBWAJZWUBEE-UHFFFAOYSA-N seed29 89.364s
2772/8070 SUCCESS JAK1/TYK2 6N7A HDCSBWAJZWUBEE-UHFFFAOYSA-N seed17 96.605s
2773/8070 SUCCESS JAK1/TYK2 6N7A HDCSBWAJZWUBEE-UHFFFAOYSA-N seed42 90.971s
2774/8070 SUCCESS JAK1/TYK2 6N7A HDCSBWAJZWUBEE-UHFFFAOYSA-N seed71 92.436s
2775/8070 SUCCESS JAK1/TYK2 6N7A HDCSBWAJZWUBEE-UHFFFAOYSA-N seed101 92.185s
2776/8070 SUCCESS JAK1/TYK2 3LXP HDCSBWAJZWUBEE-UHFFFAOYSA-N seed17 95.176s
2777/8070 SUCCESS JAK1/TYK2 3LXP HDCSBWAJZWUBEE-UHFFFAOYSA-N seed29 94.606s
2778/8070 SUCCESS JAK1/TYK2 3LXP HDCSBWAJZWUBEE-UHFFFAOYSA-N seed42 93.577s
2779/8070 SUCCESS JAK1/TYK2 6N7A KAMXHDXTHDNZTD-UHFFFAOYSA-N seed17 67.652s
2780/8070 SUCCESS JAK1/TYK2 3LXP HDCSBWAJZWUBEE-UHFFFAOYSA-N seed71 93.738s
2781/8070 SUCCESS JAK1/TYK2 6N7A KAMXHDXTHDNZTD-UHFFFAOYSA-N seed29 69.259s
2782/8070 SUCCESS JAK1/TYK2 3LXP HDCSBWAJZWUBEE-UHFFFAOYSA-N seed101 93.717s
2783/8070 SUCCESS JAK1/TYK2 6N7A KAMXHDXTHDNZTD-UHFFFAOYSA-N seed42 67.806s
2784/8070 SUCCESS JAK1/TYK2 6N7A KAMXHDXTHDNZTD-UHFFFAOYSA-N seed71 68.612s
2785/8070 SUCCESS JAK1/TYK2 6N7A KAMXHDXTHDNZTD-UHFFFAOYSA-N seed101 66.706s
2786/8070 SUCCESS JAK1/TYK2 3LXP KAMXHDXTHDNZTD-UHFFFAOYSA-N seed17 60.549s
2787/8070 SUCCESS JAK1/TYK2 3LXP KAMXHDXTHDNZTD-UHFFFAOYSA-N seed29 62.366s
2788/8070 SUCCESS JAK1/TYK2 3LXP KAMXHDXTHDNZTD-UHFFFAOYSA-N seed42 62.371s
2789/8070 SUCCESS JAK1/TYK2 3LXP KAMXHDXTHDNZTD-UHFFFAOYSA-N seed71 61.65s
2790/8070 SUCCESS JAK1/TYK2 3LXP KAMXHDXTHDNZTD-UHFFFAOYSA-N seed101 61.317s
2791/8070 SUCCESS JAK1/TYK2 6N7A MRNMBOITDDFAOQ-UHFFFAOYSA-N seed17 87.744s
2792/8070 SUCCESS JAK1/TYK2 6N7A MRNMBOITDDFAOQ-UHFFFAOYSA-N seed29 85.315s
2793/8070 SUCCESS JAK1/TYK2 6N7A MRNMBOITDDFAOQ-UHFFFAOYSA-N seed42 85.573s
2794/8070 SUCCESS JAK1/TYK2 6N7A MRNMBOITDDFAOQ-UHFFFAOYSA-N seed71 87.346s
2795/8070 SUCCESS JAK1/TYK2 6N7A MRNMBOITDDFAOQ-UHFFFAOYSA-N seed101 86.068s
2796/8070 SUCCESS JAK1/TYK2 3LXP MRNMBOITDDFAOQ-UHFFFAOYSA-N seed17 88.531s
2797/8070 SUCCESS JAK1/TYK2 3LXP MRNMBOITDDFAOQ-UHFFFAOYSA-N seed29 88.702s
2798/8070 SUCCESS JAK1/TYK2 3LXP MRNMBOITDDFAOQ-UHFFFAOYSA-N seed42 87.453s
2799/8070 SUCCESS JAK1/TYK2 3LXP MRNMBOITDDFAOQ-UHFFFAOYSA-N seed71 88.587s
2800/8070 SUCCESS JAK1/TYK2 3LXP MRNMBOITDDFAOQ-UHFFFAOYSA-N seed101 88.216s
2801/8070 SUCCESS JAK1/TYK2 6N7A IRWGMJOHKYTECO-UHFFFAOYSA-N seed17 165.223s
2802/8070 SUCCESS JAK1/TYK2 6N7A IRWGMJOHKYTECO-UHFFFAOYSA-N seed29 162.158s
2803/8070 SUCCESS JAK1/TYK2 6N7A IRWGMJOHKYTECO-UHFFFAOYSA-N seed71 159.437s
2804/8070 SUCCESS JAK1/TYK2 6N7A IRWGMJOHKYTECO-UHFFFAOYSA-N seed42 164.112s
2805/8070 SUCCESS JAK1/TYK2 6N7A IRWGMJOHKYTECO-UHFFFAOYSA-N seed101 163.633s
2806/8070 SUCCESS JAK1/TYK2 3LXP IRWGMJOHKYTECO-UHFFFAOYSA-N seed17 162.217s
2807/8070 SUCCESS JAK1/TYK2 3LXP IRWGMJOHKYTECO-UHFFFAOYSA-N seed29 154.922s
2808/8070 SUCCESS JAK1/TYK2 3LXP IRWGMJOHKYTECO-UHFFFAOYSA-N seed42 158.922s
2809/8070 SUCCESS JAK1/TYK2 3LXP IRWGMJOHKYTECO-UHFFFAOYSA-N seed71 154.56s
2810/8070 SUCCESS JAK1/TYK2 3LXP IRWGMJOHKYTECO-UHFFFAOYSA-N seed101 164.68s
2811/8070 SUCCESS JAK1/TYK2 6N7A LMRBMFGYPWUSQY-HXUWFJFHSA-N seed17 188.353s
2812/8070 SUCCESS JAK1/TYK2 6N7A LMRBMFGYPWUSQY-HXUWFJFHSA-N seed29 194.615s
2813/8070 SUCCESS JAK1/TYK2 6N7A LMRBMFGYPWUSQY-HXUWFJFHSA-N seed42 192.984s
2814/8070 SUCCESS JAK1/TYK2 6N7A LMRBMFGYPWUSQY-HXUWFJFHSA-N seed71 192.337s
2815/8070 SUCCESS JAK1/TYK2 3LXP LMRBMFGYPWUSQY-HXUWFJFHSA-N seed17 162.661s
2816/8070 SUCCESS JAK1/TYK2 6N7A LMRBMFGYPWUSQY-HXUWFJFHSA-N seed101 187.495s
2817/8070 SUCCESS JAK1/TYK2 3LXP LMRBMFGYPWUSQY-HXUWFJFHSA-N seed29 160.793s
2818/8070 SUCCESS JAK1/TYK2 3LXP LMRBMFGYPWUSQY-HXUWFJFHSA-N seed42 161.588s
2819/8070 SUCCESS JAK1/TYK2 6N7A GMPJYOVFXLKIAS-UHFFFAOYSA-N seed17 70.003s
2820/8070 SUCCESS JAK1/TYK2 6N7A GMPJYOVFXLKIAS-UHFFFAOYSA-N seed29 71.33s
2821/8070 SUCCESS JAK1/TYK2 6N7A GMPJYOVFXLKIAS-UHFFFAOYSA-N seed42 70.034s
2822/8070 SUCCESS JAK1/TYK2 6N7A GMPJYOVFXLKIAS-UHFFFAOYSA-N seed71 69.699s
2823/8070 SUCCESS JAK1/TYK2 3LXP LMRBMFGYPWUSQY-HXUWFJFHSA-N seed71 161.202s
2824/8070 SUCCESS JAK1/TYK2 3LXP LMRBMFGYPWUSQY-HXUWFJFHSA-N seed101 163.363s
2825/8070 SUCCESS JAK1/TYK2 6N7A GMPJYOVFXLKIAS-UHFFFAOYSA-N seed101 69.422s
2826/8070 SUCCESS JAK1/TYK2 3LXP GMPJYOVFXLKIAS-UHFFFAOYSA-N seed17 67.231s
2827/8070 SUCCESS JAK1/TYK2 3LXP GMPJYOVFXLKIAS-UHFFFAOYSA-N seed29 67.813s
2828/8070 SUCCESS JAK1/TYK2 3LXP GMPJYOVFXLKIAS-UHFFFAOYSA-N seed42 68.526s
2829/8070 SUCCESS JAK1/TYK2 3LXP GMPJYOVFXLKIAS-UHFFFAOYSA-N seed71 68.741s
2830/8070 SUCCESS JAK1/TYK2 3LXP GMPJYOVFXLKIAS-UHFFFAOYSA-N seed101 68.121s
2831/8070 SUCCESS JAK1/TYK2 6N7A ZBIMFHHRTOXIQP-UHFFFAOYSA-N seed17 99.651s
2832/8070 SUCCESS JAK1/TYK2 6N7A ZBIMFHHRTOXIQP-UHFFFAOYSA-N seed29 100.154s
2833/8070 SUCCESS JAK1/TYK2 6N7A ZBIMFHHRTOXIQP-UHFFFAOYSA-N seed42 99.457s
2834/8070 SUCCESS JAK1/TYK2 6N7A ZBIMFHHRTOXIQP-UHFFFAOYSA-N seed71 101.156s
2835/8070 SUCCESS JAK1/TYK2 6N7A ZBIMFHHRTOXIQP-UHFFFAOYSA-N seed101 100.914s
2836/8070 SUCCESS JAK1/TYK2 3LXP ZBIMFHHRTOXIQP-UHFFFAOYSA-N seed17 105.523s
2837/8070 SUCCESS JAK1/TYK2 3LXP ZBIMFHHRTOXIQP-UHFFFAOYSA-N seed29 105.23s
2838/8070 SUCCESS JAK1/TYK2 3LXP ZBIMFHHRTOXIQP-UHFFFAOYSA-N seed42 102.211s
2839/8070 SUCCESS JAK1/TYK2 3LXP ZBIMFHHRTOXIQP-UHFFFAOYSA-N seed71 105.412s
2840/8070 SUCCESS JAK1/TYK2 3LXP ZBIMFHHRTOXIQP-UHFFFAOYSA-N seed101 102.724s
2841/8070 SUCCESS JAK1/TYK2 6N7A SWWXXPBMWZJWOL-SNAWJCMRSA-N seed17 323.529s
2842/8070 SUCCESS JAK1/TYK2 6N7A SWWXXPBMWZJWOL-SNAWJCMRSA-N seed29 326.941s
2843/8070 SUCCESS JAK1/TYK2 6N7A SWWXXPBMWZJWOL-SNAWJCMRSA-N seed42 323.884s
2844/8070 SUCCESS JAK1/TYK2 6N7A SWWXXPBMWZJWOL-SNAWJCMRSA-N seed71 331.408s
2845/8070 SUCCESS JAK1/TYK2 6N7A SWWXXPBMWZJWOL-SNAWJCMRSA-N seed101 326.935s
2846/8070 SUCCESS JAK1/TYK2 3LXP SWWXXPBMWZJWOL-SNAWJCMRSA-N seed17 325.778s
2847/8070 SUCCESS JAK1/TYK2 6N7A WKWXJWGOAKGEEM-UHFFFAOYSA-N seed17 31.445s
2848/8070 SUCCESS JAK1/TYK2 6N7A WKWXJWGOAKGEEM-UHFFFAOYSA-N seed29 31.891s
2849/8070 SUCCESS JAK1/TYK2 6N7A WKWXJWGOAKGEEM-UHFFFAOYSA-N seed42 30.901s
2850/8070 SUCCESS JAK1/TYK2 6N7A WKWXJWGOAKGEEM-UHFFFAOYSA-N seed71 31.197s
2851/8070 SUCCESS JAK1/TYK2 6N7A WKWXJWGOAKGEEM-UHFFFAOYSA-N seed101 31.197s
2852/8070 SUCCESS JAK1/TYK2 3LXP WKWXJWGOAKGEEM-UHFFFAOYSA-N seed17 31.429s
2853/8070 SUCCESS JAK1/TYK2 3LXP WKWXJWGOAKGEEM-UHFFFAOYSA-N seed29 31.587s
2854/8070 SUCCESS JAK1/TYK2 3LXP WKWXJWGOAKGEEM-UHFFFAOYSA-N seed42 31.424s
2855/8070 SUCCESS JAK1/TYK2 3LXP WKWXJWGOAKGEEM-UHFFFAOYSA-N seed71 30.353s
2856/8070 SUCCESS JAK1/TYK2 3LXP WKWXJWGOAKGEEM-UHFFFAOYSA-N seed101 31.127s
2857/8070 SUCCESS JAK1/TYK2 6N7A HFCJAKGWADMYJC-HAQNSBGRSA-N seed17 30.79s
2858/8070 SUCCESS JAK1/TYK2 6N7A HFCJAKGWADMYJC-HAQNSBGRSA-N seed29 30.618s
2859/8070 SUCCESS JAK1/TYK2 6N7A HFCJAKGWADMYJC-HAQNSBGRSA-N seed42 31.095s
2860/8070 SUCCESS JAK1/TYK2 6N7A HFCJAKGWADMYJC-HAQNSBGRSA-N seed71 30.465s
2861/8070 SUCCESS JAK1/TYK2 3LXP SWWXXPBMWZJWOL-SNAWJCMRSA-N seed29 317.981s
2862/8070 SUCCESS JAK1/TYK2 6N7A HFCJAKGWADMYJC-HAQNSBGRSA-N seed101 30.585s
2863/8070 SUCCESS JAK1/TYK2 3LXP SWWXXPBMWZJWOL-SNAWJCMRSA-N seed42 320.522s
2864/8070 SUCCESS JAK1/TYK2 3LXP HFCJAKGWADMYJC-HAQNSBGRSA-N seed17 29.804s
2865/8070 SUCCESS JAK1/TYK2 3LXP HFCJAKGWADMYJC-HAQNSBGRSA-N seed29 30.306s
2866/8070 SUCCESS JAK1/TYK2 3LXP HFCJAKGWADMYJC-HAQNSBGRSA-N seed42 29.91s
2867/8070 SUCCESS JAK1/TYK2 3LXP HFCJAKGWADMYJC-HAQNSBGRSA-N seed71 29.547s
2868/8070 SUCCESS JAK1/TYK2 3LXP HFCJAKGWADMYJC-HAQNSBGRSA-N seed101 29.858s
2869/8070 SUCCESS JAK1/TYK2 3LXP SWWXXPBMWZJWOL-SNAWJCMRSA-N seed71 331.412s
2870/8070 SUCCESS JAK1/TYK2 3LXP SWWXXPBMWZJWOL-SNAWJCMRSA-N seed101 321.403s
2871/8070 SUCCESS JAK1/TYK2 6N7A ZGNIKBGFAOAKMH-UHFFFAOYSA-N seed17 45.225s
2872/8070 SUCCESS JAK1/TYK2 6N7A ZGNIKBGFAOAKMH-UHFFFAOYSA-N seed29 44.625s
2873/8070 SUCCESS JAK1/TYK2 6N7A ZGNIKBGFAOAKMH-UHFFFAOYSA-N seed42 44.902s
2874/8070 SUCCESS JAK1/TYK2 6N7A ZGNIKBGFAOAKMH-UHFFFAOYSA-N seed71 44.983s
2875/8070 SUCCESS JAK1/TYK2 6N7A ZGNIKBGFAOAKMH-UHFFFAOYSA-N seed101 44.116s
2876/8070 SUCCESS JAK1/TYK2 3LXP ZGNIKBGFAOAKMH-UHFFFAOYSA-N seed17 44.473s
2877/8070 SUCCESS JAK1/TYK2 3LXP ZGNIKBGFAOAKMH-UHFFFAOYSA-N seed29 44.715s
2878/8070 SUCCESS JAK1/TYK2 3LXP ZGNIKBGFAOAKMH-UHFFFAOYSA-N seed42 44.578s
2879/8070 SUCCESS JAK1/TYK2 3LXP ZGNIKBGFAOAKMH-UHFFFAOYSA-N seed71 44.76s
2880/8070 SUCCESS JAK1/TYK2 3LXP ZGNIKBGFAOAKMH-UHFFFAOYSA-N seed101 45.675s
2881/8070 SUCCESS JAK1/TYK2 6N7A NNHRTRASNYRKSM-JCNLHEQBSA-N seed17 63.272s
2882/8070 SUCCESS JAK1/TYK2 6N7A NNHRTRASNYRKSM-JCNLHEQBSA-N seed29 62.984s
2883/8070 SUCCESS JAK1/TYK2 6N7A NNHRTRASNYRKSM-JCNLHEQBSA-N seed42 63.544s
2884/8070 SUCCESS JAK1/TYK2 6N7A NNHRTRASNYRKSM-JCNLHEQBSA-N seed71 64.075s
2885/8070 SUCCESS JAK1/TYK2 6N7A NNHRTRASNYRKSM-JCNLHEQBSA-N seed101 63.733s
2886/8070 SUCCESS JAK1/TYK2 3LXP NNHRTRASNYRKSM-JCNLHEQBSA-N seed17 63.471s
2887/8070 SUCCESS JAK1/TYK2 6N7A UXZLCNQSQUXGBS-JOCQHMNTSA-N seed17 29.486s
2888/8070 SUCCESS JAK1/TYK2 3LXP NNHRTRASNYRKSM-JCNLHEQBSA-N seed29 63.4s
2889/8070 SUCCESS JAK1/TYK2 6N7A UXZLCNQSQUXGBS-JOCQHMNTSA-N seed29 29.322s
2890/8070 SUCCESS JAK1/TYK2 3LXP NNHRTRASNYRKSM-JCNLHEQBSA-N seed42 63.143s
2891/8070 SUCCESS JAK1/TYK2 3LXP NNHRTRASNYRKSM-JCNLHEQBSA-N seed71 66.026s
2892/8070 SUCCESS JAK1/TYK2 6N7A UXZLCNQSQUXGBS-JOCQHMNTSA-N seed42 28.966s
2893/8070 SUCCESS JAK1/TYK2 3LXP NNHRTRASNYRKSM-JCNLHEQBSA-N seed101 63.098s
2894/8070 SUCCESS JAK1/TYK2 6N7A UXZLCNQSQUXGBS-JOCQHMNTSA-N seed71 29.04s
2895/8070 SUCCESS JAK1/TYK2 6N7A UXZLCNQSQUXGBS-JOCQHMNTSA-N seed101 28.615s
2896/8070 SUCCESS JAK1/TYK2 3LXP UXZLCNQSQUXGBS-JOCQHMNTSA-N seed17 32.689s
2897/8070 SUCCESS JAK1/TYK2 3LXP UXZLCNQSQUXGBS-JOCQHMNTSA-N seed29 31.791s
2898/8070 SUCCESS JAK1/TYK2 3LXP UXZLCNQSQUXGBS-JOCQHMNTSA-N seed42 32.755s
2899/8070 SUCCESS JAK1/TYK2 6N7A CSQBLVASANTWNX-HAQNSBGRSA-N seed17 27.288s
2900/8070 SUCCESS JAK1/TYK2 3LXP UXZLCNQSQUXGBS-JOCQHMNTSA-N seed71 32.969s
2901/8070 SUCCESS JAK1/TYK2 3LXP UXZLCNQSQUXGBS-JOCQHMNTSA-N seed101 33.114s
2902/8070 SUCCESS JAK1/TYK2 6N7A CSQBLVASANTWNX-HAQNSBGRSA-N seed29 27.998s
2903/8070 SUCCESS JAK1/TYK2 6N7A CSQBLVASANTWNX-HAQNSBGRSA-N seed42 27.431s
2904/8070 SUCCESS JAK1/TYK2 3LXP CSQBLVASANTWNX-HAQNSBGRSA-N seed17 25.904s
2905/8070 SUCCESS JAK1/TYK2 6N7A CSQBLVASANTWNX-HAQNSBGRSA-N seed71 27.277s
2906/8070 SUCCESS JAK1/TYK2 6N7A CSQBLVASANTWNX-HAQNSBGRSA-N seed101 27.44s
2907/8070 SUCCESS JAK1/TYK2 3LXP CSQBLVASANTWNX-HAQNSBGRSA-N seed29 26.069s
2908/8070 SUCCESS JAK1/TYK2 3LXP CSQBLVASANTWNX-HAQNSBGRSA-N seed42 25.991s
2909/8070 SUCCESS JAK1/TYK2 3LXP CSQBLVASANTWNX-HAQNSBGRSA-N seed71 26.666s
2910/8070 SUCCESS JAK1/TYK2 3LXP CSQBLVASANTWNX-HAQNSBGRSA-N seed101 27.217s
2911/8070 SUCCESS JAK1/TYK2 6N7A LATBTOTUGAOJBF-UHFFFAOYSA-N seed17 84.965s
2912/8070 SUCCESS JAK1/TYK2 6N7A LATBTOTUGAOJBF-UHFFFAOYSA-N seed42 83.928s
2913/8070 SUCCESS JAK1/TYK2 6N7A LATBTOTUGAOJBF-UHFFFAOYSA-N seed29 85.711s
2914/8070 SUCCESS JAK1/TYK2 6N7A LATBTOTUGAOJBF-UHFFFAOYSA-N seed71 86.697s
2915/8070 SUCCESS JAK1/TYK2 6N7A LATBTOTUGAOJBF-UHFFFAOYSA-N seed101 85.146s
2916/8070 SUCCESS JAK1/TYK2 3LXP LATBTOTUGAOJBF-UHFFFAOYSA-N seed17 79.777s
2917/8070 SUCCESS JAK1/TYK2 6N7A CYSVSRXTDDJXNQ-KYZUINATSA-N seed17 20.657s
2918/8070 SUCCESS JAK1/TYK2 6N7A CYSVSRXTDDJXNQ-KYZUINATSA-N seed29 20.913s
2919/8070 SUCCESS JAK1/TYK2 6N7A CYSVSRXTDDJXNQ-KYZUINATSA-N seed42 20.181s
2920/8070 SUCCESS JAK1/TYK2 6N7A CYSVSRXTDDJXNQ-KYZUINATSA-N seed71 20.524s
2921/8070 SUCCESS JAK1/TYK2 6N7A CYSVSRXTDDJXNQ-KYZUINATSA-N seed101 20.488s
2922/8070 SUCCESS JAK1/TYK2 3LXP LATBTOTUGAOJBF-UHFFFAOYSA-N seed29 79.724s
2923/8070 SUCCESS JAK1/TYK2 3LXP LATBTOTUGAOJBF-UHFFFAOYSA-N seed42 80.927s
2924/8070 SUCCESS JAK1/TYK2 3LXP LATBTOTUGAOJBF-UHFFFAOYSA-N seed71 81.485s
2925/8070 SUCCESS JAK1/TYK2 3LXP CYSVSRXTDDJXNQ-KYZUINATSA-N seed17 20.826s
2926/8070 SUCCESS JAK1/TYK2 3LXP LATBTOTUGAOJBF-UHFFFAOYSA-N seed101 79.072s
2927/8070 SUCCESS JAK1/TYK2 3LXP CYSVSRXTDDJXNQ-KYZUINATSA-N seed29 20.589s
2928/8070 SUCCESS JAK1/TYK2 3LXP CYSVSRXTDDJXNQ-KYZUINATSA-N seed42 20.457s
2929/8070 SUCCESS JAK1/TYK2 3LXP CYSVSRXTDDJXNQ-KYZUINATSA-N seed71 20.268s
2930/8070 SUCCESS JAK1/TYK2 3LXP CYSVSRXTDDJXNQ-KYZUINATSA-N seed101 20.29s
2931/8070 SUCCESS JAK1/TYK2 6N7A JRXMDKBOTXUDNQ-SHTZXODSSA-N seed17 87.601s
2932/8070 SUCCESS JAK1/TYK2 6N7A JRXMDKBOTXUDNQ-SHTZXODSSA-N seed29 89.184s
2933/8070 SUCCESS JAK1/TYK2 6N7A JRXMDKBOTXUDNQ-SHTZXODSSA-N seed42 89.109s
2934/8070 SUCCESS JAK1/TYK2 6N7A JRXMDKBOTXUDNQ-SHTZXODSSA-N seed101 88.196s
2935/8070 SUCCESS JAK1/TYK2 6N7A JRXMDKBOTXUDNQ-SHTZXODSSA-N seed71 89.947s
2936/8070 SUCCESS JAK1/TYK2 3LXP JRXMDKBOTXUDNQ-SHTZXODSSA-N seed17 109.951s
2937/8070 SUCCESS JAK1/TYK2 6N7A QLRBBYAOCQZZKR-XXBNENTESA-N seed17 67.527s
2938/8070 SUCCESS JAK1/TYK2 3LXP JRXMDKBOTXUDNQ-SHTZXODSSA-N seed29 107.69s
2939/8070 SUCCESS JAK1/TYK2 6N7A QLRBBYAOCQZZKR-XXBNENTESA-N seed29 67.599s
2940/8070 SUCCESS JAK1/TYK2 3LXP JRXMDKBOTXUDNQ-SHTZXODSSA-N seed42 110.154s
2941/8070 SUCCESS JAK1/TYK2 3LXP JRXMDKBOTXUDNQ-SHTZXODSSA-N seed71 104.449s
2942/8070 SUCCESS JAK1/TYK2 3LXP JRXMDKBOTXUDNQ-SHTZXODSSA-N seed101 104.828s
2943/8070 SUCCESS JAK1/TYK2 6N7A QLRBBYAOCQZZKR-XXBNENTESA-N seed42 68.604s
2944/8070 SUCCESS JAK1/TYK2 6N7A QLRBBYAOCQZZKR-XXBNENTESA-N seed71 66.882s
2945/8070 SUCCESS JAK1/TYK2 6N7A QLRBBYAOCQZZKR-XXBNENTESA-N seed101 67.675s
2946/8070 SUCCESS JAK1/TYK2 3LXP QLRBBYAOCQZZKR-XXBNENTESA-N seed17 72.174s
2947/8070 SUCCESS JAK1/TYK2 3LXP QLRBBYAOCQZZKR-XXBNENTESA-N seed29 72.249s
2948/8070 SUCCESS JAK1/TYK2 3LXP QLRBBYAOCQZZKR-XXBNENTESA-N seed42 72.961s
2949/8070 SUCCESS JAK1/TYK2 3LXP QLRBBYAOCQZZKR-XXBNENTESA-N seed71 70.866s
2950/8070 SUCCESS JAK1/TYK2 6N7A UVBXDOXNDDQDMV-UTKZUKDTSA-N seed17 62.019s
2951/8070 SUCCESS JAK1/TYK2 3LXP QLRBBYAOCQZZKR-XXBNENTESA-N seed101 71.156s
2952/8070 SUCCESS JAK1/TYK2 6N7A UVBXDOXNDDQDMV-UTKZUKDTSA-N seed29 61.428s
2953/8070 SUCCESS JAK1/TYK2 6N7A UVBXDOXNDDQDMV-UTKZUKDTSA-N seed42 61.869s
2954/8070 SUCCESS JAK1/TYK2 6N7A UVBXDOXNDDQDMV-UTKZUKDTSA-N seed71 62.091s
2955/8070 SUCCESS JAK1/TYK2 6N7A UVBXDOXNDDQDMV-UTKZUKDTSA-N seed101 61.602s
2956/8070 SUCCESS JAK1/TYK2 3LXP UVBXDOXNDDQDMV-UTKZUKDTSA-N seed17 72.212s
2957/8070 SUCCESS JAK1/TYK2 6N7A MSKMVINDTCVTEK-UHFFFAOYSA-N seed17 23.709s
2958/8070 SUCCESS JAK1/TYK2 3LXP UVBXDOXNDDQDMV-UTKZUKDTSA-N seed29 72.419s
2959/8070 SUCCESS JAK1/TYK2 3LXP UVBXDOXNDDQDMV-UTKZUKDTSA-N seed42 72.668s
2960/8070 SUCCESS JAK1/TYK2 3LXP UVBXDOXNDDQDMV-UTKZUKDTSA-N seed71 73.127s
2961/8070 SUCCESS JAK1/TYK2 3LXP UVBXDOXNDDQDMV-UTKZUKDTSA-N seed101 72.124s
2962/8070 SUCCESS JAK1/TYK2 6N7A MSKMVINDTCVTEK-UHFFFAOYSA-N seed29 22.588s
2963/8070 SUCCESS JAK1/TYK2 6N7A MSKMVINDTCVTEK-UHFFFAOYSA-N seed42 22.884s
2964/8070 SUCCESS JAK1/TYK2 6N7A MSKMVINDTCVTEK-UHFFFAOYSA-N seed71 22.551s
2965/8070 SUCCESS JAK1/TYK2 6N7A MSKMVINDTCVTEK-UHFFFAOYSA-N seed101 22.425s
2966/8070 SUCCESS JAK1/TYK2 3LXP MSKMVINDTCVTEK-UHFFFAOYSA-N seed17 22.783s
2967/8070 SUCCESS JAK1/TYK2 3LXP MSKMVINDTCVTEK-UHFFFAOYSA-N seed29 22.89s
2968/8070 SUCCESS JAK1/TYK2 3LXP MSKMVINDTCVTEK-UHFFFAOYSA-N seed42 23.566s
2969/8070 SUCCESS JAK1/TYK2 3LXP MSKMVINDTCVTEK-UHFFFAOYSA-N seed71 23.423s
2970/8070 SUCCESS JAK1/TYK2 3LXP MSKMVINDTCVTEK-UHFFFAOYSA-N seed101 24.297s
2971/8070 SUCCESS JAK1/TYK2 6N7A MJRANCWIWRLEJM-UHFFFAOYSA-N seed17 99.158s
2972/8070 SUCCESS JAK1/TYK2 6N7A MJRANCWIWRLEJM-UHFFFAOYSA-N seed29 100.084s
2973/8070 SUCCESS JAK1/TYK2 6N7A MJRANCWIWRLEJM-UHFFFAOYSA-N seed42 101.515s
2974/8070 SUCCESS JAK1/TYK2 6N7A MJRANCWIWRLEJM-UHFFFAOYSA-N seed71 100.847s
2975/8070 SUCCESS JAK1/TYK2 6N7A MJRANCWIWRLEJM-UHFFFAOYSA-N seed101 100.993s
2976/8070 SUCCESS JAK1/TYK2 3LXP MJRANCWIWRLEJM-UHFFFAOYSA-N seed17 96.17s
2977/8070 SUCCESS JAK1/TYK2 3LXP MJRANCWIWRLEJM-UHFFFAOYSA-N seed29 107.836s
2978/8070 SUCCESS JAK1/TYK2 3LXP MJRANCWIWRLEJM-UHFFFAOYSA-N seed42 107.769s
2979/8070 SUCCESS JAK1/TYK2 3LXP MJRANCWIWRLEJM-UHFFFAOYSA-N seed71 107.828s
2980/8070 SUCCESS JAK1/TYK2 3LXP MJRANCWIWRLEJM-UHFFFAOYSA-N seed101 107.357s
2981/8070 SUCCESS JAK1/TYK2 6N7A FRXCAWLUZSBOKN-RTBURBONSA-N seed17 203.148s
2982/8070 SUCCESS JAK1/TYK2 6N7A FRXCAWLUZSBOKN-RTBURBONSA-N seed29 204.456s
2983/8070 SUCCESS JAK1/TYK2 6N7A FRXCAWLUZSBOKN-RTBURBONSA-N seed42 188.598s
2984/8070 SUCCESS JAK1/TYK2 6N7A FRXCAWLUZSBOKN-RTBURBONSA-N seed71 192.864s
2985/8070 SUCCESS JAK1/TYK2 6N7A FRXCAWLUZSBOKN-RTBURBONSA-N seed101 192.399s
2986/8070 SUCCESS JAK1/TYK2 3LXP FRXCAWLUZSBOKN-RTBURBONSA-N seed17 194.013s
2987/8070 SUCCESS JAK1/TYK2 6N7A CLRRDVPHOPGUPT-GASCZTMLSA-N seed17 70.955s
2988/8070 SUCCESS JAK1/TYK2 6N7A CLRRDVPHOPGUPT-GASCZTMLSA-N seed29 73.545s
2989/8070 SUCCESS JAK1/TYK2 3LXP FRXCAWLUZSBOKN-RTBURBONSA-N seed29 179.812s
2990/8070 SUCCESS JAK1/TYK2 3LXP FRXCAWLUZSBOKN-RTBURBONSA-N seed42 180.037s
2991/8070 SUCCESS JAK1/TYK2 6N7A CLRRDVPHOPGUPT-GASCZTMLSA-N seed42 70.697s
2992/8070 SUCCESS JAK1/TYK2 6N7A CLRRDVPHOPGUPT-GASCZTMLSA-N seed71 71.026s
2993/8070 SUCCESS JAK1/TYK2 3LXP CLRRDVPHOPGUPT-GASCZTMLSA-N seed17 65.325s
2994/8070 SUCCESS JAK1/TYK2 6N7A CLRRDVPHOPGUPT-GASCZTMLSA-N seed101 71.881s
2995/8070 SUCCESS JAK1/TYK2 3LXP FRXCAWLUZSBOKN-RTBURBONSA-N seed71 177.345s
2996/8070 SUCCESS JAK1/TYK2 3LXP FRXCAWLUZSBOKN-RTBURBONSA-N seed101 177.771s
2997/8070 SUCCESS JAK1/TYK2 3LXP CLRRDVPHOPGUPT-GASCZTMLSA-N seed29 62.379s
2998/8070 SUCCESS JAK1/TYK2 3LXP CLRRDVPHOPGUPT-GASCZTMLSA-N seed42 64.23s
2999/8070 SUCCESS JAK1/TYK2 3LXP CLRRDVPHOPGUPT-GASCZTMLSA-N seed71 63.798s
3000/8070 SUCCESS JAK1/TYK2 3LXP CLRRDVPHOPGUPT-GASCZTMLSA-N seed101 64.593s
3001/8070 SUCCESS JAK1/TYK2 6N7A ILTMPNUQSMRDOS-VVPTUSLJSA-N seed17 118.168s
3002/8070 SUCCESS JAK1/TYK2 6N7A ILTMPNUQSMRDOS-VVPTUSLJSA-N seed29 119.553s
3003/8070 SUCCESS JAK1/TYK2 6N7A ILTMPNUQSMRDOS-VVPTUSLJSA-N seed42 122.632s
3004/8070 SUCCESS JAK1/TYK2 6N7A ILTMPNUQSMRDOS-VVPTUSLJSA-N seed71 119.422s
3005/8070 SUCCESS JAK1/TYK2 6N7A ILTMPNUQSMRDOS-VVPTUSLJSA-N seed101 120.564s
3006/8070 SUCCESS JAK1/TYK2 3LXP ILTMPNUQSMRDOS-VVPTUSLJSA-N seed17 146.227s
3007/8070 SUCCESS JAK1/TYK2 6N7A FXTPMBKUURJDKQ-UHFFFAOYSA-N seed17 46.416s
3008/8070 SUCCESS JAK1/TYK2 6N7A FXTPMBKUURJDKQ-UHFFFAOYSA-N seed29 46.827s
3009/8070 SUCCESS JAK1/TYK2 3LXP ILTMPNUQSMRDOS-VVPTUSLJSA-N seed29 143.372s
3010/8070 SUCCESS JAK1/TYK2 3LXP ILTMPNUQSMRDOS-VVPTUSLJSA-N seed42 138.888s
3011/8070 SUCCESS JAK1/TYK2 6N7A FXTPMBKUURJDKQ-UHFFFAOYSA-N seed42 46.895s
3012/8070 SUCCESS JAK1/TYK2 6N7A FXTPMBKUURJDKQ-UHFFFAOYSA-N seed71 45.98s
3013/8070 SUCCESS JAK1/TYK2 3LXP ILTMPNUQSMRDOS-VVPTUSLJSA-N seed71 136.156s
3014/8070 SUCCESS JAK1/TYK2 3LXP ILTMPNUQSMRDOS-VVPTUSLJSA-N seed101 137.887s
3015/8070 SUCCESS JAK1/TYK2 6N7A FXTPMBKUURJDKQ-UHFFFAOYSA-N seed101 45.774s
3016/8070 SUCCESS JAK1/TYK2 3LXP FXTPMBKUURJDKQ-UHFFFAOYSA-N seed17 44.099s
3017/8070 SUCCESS JAK1/TYK2 3LXP FXTPMBKUURJDKQ-UHFFFAOYSA-N seed29 44.046s
3018/8070 SUCCESS JAK1/TYK2 3LXP FXTPMBKUURJDKQ-UHFFFAOYSA-N seed42 42.961s
3019/8070 SUCCESS JAK1/TYK2 3LXP FXTPMBKUURJDKQ-UHFFFAOYSA-N seed71 43.01s
3020/8070 SUCCESS JAK1/TYK2 3LXP FXTPMBKUURJDKQ-UHFFFAOYSA-N seed101 43.488s
3021/8070 SUCCESS JAK1/TYK2 6N7A QVZXJVILZBKCPS-UHFFFAOYSA-N seed17 95.62s
3022/8070 SUCCESS JAK1/TYK2 6N7A QVZXJVILZBKCPS-UHFFFAOYSA-N seed42 94.712s
3023/8070 SUCCESS JAK1/TYK2 6N7A QVZXJVILZBKCPS-UHFFFAOYSA-N seed29 95.599s
3024/8070 SUCCESS JAK1/TYK2 6N7A QVZXJVILZBKCPS-UHFFFAOYSA-N seed101 93.296s
3025/8070 SUCCESS JAK1/TYK2 6N7A QVZXJVILZBKCPS-UHFFFAOYSA-N seed71 94.419s
3026/8070 SUCCESS JAK1/TYK2 3LXP QVZXJVILZBKCPS-UHFFFAOYSA-N seed17 97.569s
3027/8070 SUCCESS JAK1/TYK2 3LXP QVZXJVILZBKCPS-UHFFFAOYSA-N seed29 98.032s
3028/8070 SUCCESS JAK1/TYK2 3LXP QVZXJVILZBKCPS-UHFFFAOYSA-N seed71 96.958s
3029/8070 SUCCESS JAK1/TYK2 3LXP QVZXJVILZBKCPS-UHFFFAOYSA-N seed42 98.725s
3030/8070 SUCCESS JAK1/TYK2 3LXP QVZXJVILZBKCPS-UHFFFAOYSA-N seed101 99.646s
3031/8070 SUCCESS JAK1/TYK2 6N7A JKESNMWWWWZHEN-KESTWPANSA-N seed17 123.325s
3032/8070 SUCCESS JAK1/TYK2 6N7A JKESNMWWWWZHEN-KESTWPANSA-N seed29 120.868s
3033/8070 SUCCESS JAK1/TYK2 6N7A JKESNMWWWWZHEN-KESTWPANSA-N seed42 125.954s
3034/8070 SUCCESS JAK1/TYK2 6N7A JKESNMWWWWZHEN-KESTWPANSA-N seed101 123.08s
3035/8070 SUCCESS JAK1/TYK2 6N7A JKESNMWWWWZHEN-KESTWPANSA-N seed71 126.116s
3036/8070 SUCCESS JAK1/TYK2 3LXP JKESNMWWWWZHEN-KESTWPANSA-N seed17 136.139s
3037/8070 SUCCESS JAK1/TYK2 3LXP JKESNMWWWWZHEN-KESTWPANSA-N seed29 135.767s
3038/8070 SUCCESS JAK1/TYK2 3LXP JKESNMWWWWZHEN-KESTWPANSA-N seed42 135.297s
3039/8070 SUCCESS JAK1/TYK2 6N7A KISDQJKMKYRWHU-OWZKRDHZSA-N seed17 115.129s
3040/8070 SUCCESS JAK1/TYK2 3LXP JKESNMWWWWZHEN-KESTWPANSA-N seed71 137.015s
3041/8070 SUCCESS JAK1/TYK2 3LXP JKESNMWWWWZHEN-KESTWPANSA-N seed101 136.666s
3042/8070 SUCCESS JAK1/TYK2 6N7A KISDQJKMKYRWHU-OWZKRDHZSA-N seed29 117.034s
3043/8070 SUCCESS JAK1/TYK2 6N7A KISDQJKMKYRWHU-OWZKRDHZSA-N seed42 117.133s
3044/8070 SUCCESS JAK1/TYK2 6N7A KISDQJKMKYRWHU-OWZKRDHZSA-N seed71 115.978s
3045/8070 SUCCESS JAK1/TYK2 6N7A KISDQJKMKYRWHU-OWZKRDHZSA-N seed101 114.817s
3046/8070 SUCCESS JAK1/TYK2 3LXP KISDQJKMKYRWHU-OWZKRDHZSA-N seed17 119.983s
3047/8070 SUCCESS JAK1/TYK2 3LXP KISDQJKMKYRWHU-OWZKRDHZSA-N seed29 120.139s
3048/8070 SUCCESS JAK1/TYK2 3LXP KISDQJKMKYRWHU-OWZKRDHZSA-N seed42 121.423s
3049/8070 SUCCESS JAK1/TYK2 3LXP KISDQJKMKYRWHU-OWZKRDHZSA-N seed71 118.28s
3050/8070 SUCCESS JAK1/TYK2 3LXP KISDQJKMKYRWHU-OWZKRDHZSA-N seed101 119.339s
3051/8070 SUCCESS JAK1/TYK2 6N7A RAOSMRQNSKDBMX-UHFFFAOYSA-N seed17 280.688s
3052/8070 SUCCESS JAK1/TYK2 6N7A RAOSMRQNSKDBMX-UHFFFAOYSA-N seed29 281.753s
3053/8070 SUCCESS JAK1/TYK2 6N7A RAOSMRQNSKDBMX-UHFFFAOYSA-N seed42 284.378s
3054/8070 SUCCESS JAK1/TYK2 6N7A RAOSMRQNSKDBMX-UHFFFAOYSA-N seed71 284.729s
3055/8070 SUCCESS JAK1/TYK2 3LXP RAOSMRQNSKDBMX-UHFFFAOYSA-N seed17 265.916s
3056/8070 SUCCESS JAK1/TYK2 6N7A RAOSMRQNSKDBMX-UHFFFAOYSA-N seed101 280.79s
3057/8070 SUCCESS JAK1/TYK2 6N7A AFMPTOAIHDQTBM-OSYLJGHBSA-N seed17 81.314s
3058/8070 SUCCESS JAK1/TYK2 6N7A AFMPTOAIHDQTBM-OSYLJGHBSA-N seed29 81.872s
3059/8070 SUCCESS JAK1/TYK2 6N7A AFMPTOAIHDQTBM-OSYLJGHBSA-N seed42 81.225s
3060/8070 SUCCESS JAK1/TYK2 6N7A AFMPTOAIHDQTBM-OSYLJGHBSA-N seed71 81.911s
3061/8070 SUCCESS JAK1/TYK2 3LXP RAOSMRQNSKDBMX-UHFFFAOYSA-N seed29 285.709s
3062/8070 SUCCESS JAK1/TYK2 3LXP RAOSMRQNSKDBMX-UHFFFAOYSA-N seed42 269.604s
3063/8070 SUCCESS JAK1/TYK2 3LXP RAOSMRQNSKDBMX-UHFFFAOYSA-N seed71 275.148s
3064/8070 SUCCESS JAK1/TYK2 6N7A AFMPTOAIHDQTBM-OSYLJGHBSA-N seed101 81.833s
3065/8070 SUCCESS JAK1/TYK2 3LXP RAOSMRQNSKDBMX-UHFFFAOYSA-N seed101 266.326s
3066/8070 SUCCESS JAK1/TYK2 3LXP AFMPTOAIHDQTBM-OSYLJGHBSA-N seed17 91.987s
3067/8070 SUCCESS JAK1/TYK2 3LXP AFMPTOAIHDQTBM-OSYLJGHBSA-N seed29 89.712s
3068/8070 SUCCESS JAK1/TYK2 3LXP AFMPTOAIHDQTBM-OSYLJGHBSA-N seed42 90.841s
3069/8070 SUCCESS JAK1/TYK2 3LXP AFMPTOAIHDQTBM-OSYLJGHBSA-N seed71 88.204s
3070/8070 SUCCESS JAK1/TYK2 3LXP AFMPTOAIHDQTBM-OSYLJGHBSA-N seed101 87.991s
3071/8070 SUCCESS JAK1/TYK2 6N7A NZWKRMFCKXOQMF-UHFFFAOYSA-N seed17 157.41s
3072/8070 SUCCESS JAK1/TYK2 6N7A NZWKRMFCKXOQMF-UHFFFAOYSA-N seed29 161.701s
3073/8070 SUCCESS JAK1/TYK2 3LXP NZWKRMFCKXOQMF-UHFFFAOYSA-N seed17 131.819s
3074/8070 SUCCESS JAK1/TYK2 6N7A NZWKRMFCKXOQMF-UHFFFAOYSA-N seed71 151.67s
3075/8070 SUCCESS JAK1/TYK2 6N7A NZWKRMFCKXOQMF-UHFFFAOYSA-N seed42 159.671s
3076/8070 SUCCESS JAK1/TYK2 6N7A NZWKRMFCKXOQMF-UHFFFAOYSA-N seed101 150.62s
3077/8070 SUCCESS JAK1/TYK2 3LXP NZWKRMFCKXOQMF-UHFFFAOYSA-N seed29 135.229s
3078/8070 SUCCESS JAK1/TYK2 3LXP NZWKRMFCKXOQMF-UHFFFAOYSA-N seed42 133.812s
3079/8070 SUCCESS JAK1/TYK2 6N7A OEMOIOUFFOLZQP-TXEJJXNPSA-N seed17 88.808s
3080/8070 SUCCESS JAK1/TYK2 6N7A OEMOIOUFFOLZQP-TXEJJXNPSA-N seed29 90.149s
3081/8070 SUCCESS JAK1/TYK2 3LXP NZWKRMFCKXOQMF-UHFFFAOYSA-N seed71 133.844s
3082/8070 SUCCESS JAK1/TYK2 3LXP NZWKRMFCKXOQMF-UHFFFAOYSA-N seed101 135.702s
3083/8070 SUCCESS JAK1/TYK2 6N7A OEMOIOUFFOLZQP-TXEJJXNPSA-N seed42 91.814s
3084/8070 SUCCESS JAK1/TYK2 6N7A OEMOIOUFFOLZQP-TXEJJXNPSA-N seed71 92.623s
3085/8070 SUCCESS JAK1/TYK2 6N7A OEMOIOUFFOLZQP-TXEJJXNPSA-N seed101 94.479s
3086/8070 SUCCESS JAK1/TYK2 3LXP OEMOIOUFFOLZQP-TXEJJXNPSA-N seed17 93.19s
3087/8070 SUCCESS JAK1/TYK2 3LXP OEMOIOUFFOLZQP-TXEJJXNPSA-N seed29 95.849s
3088/8070 SUCCESS JAK1/TYK2 3LXP OEMOIOUFFOLZQP-TXEJJXNPSA-N seed42 94.408s
3089/8070 SUCCESS JAK1/TYK2 3LXP OEMOIOUFFOLZQP-TXEJJXNPSA-N seed71 93.278s
3090/8070 SUCCESS JAK1/TYK2 6N7A BTETVJKCVQSACO-WMLDXEAASA-N seed17 81.682s
3091/8070 SUCCESS JAK1/TYK2 3LXP OEMOIOUFFOLZQP-TXEJJXNPSA-N seed101 94.043s
3092/8070 SUCCESS JAK1/TYK2 6N7A BTETVJKCVQSACO-WMLDXEAASA-N seed29 81.493s
3093/8070 SUCCESS JAK1/TYK2 6N7A BTETVJKCVQSACO-WMLDXEAASA-N seed42 79.083s
3094/8070 SUCCESS JAK1/TYK2 6N7A BTETVJKCVQSACO-WMLDXEAASA-N seed71 80.336s
3095/8070 SUCCESS JAK1/TYK2 6N7A BTETVJKCVQSACO-WMLDXEAASA-N seed101 79.797s
3096/8070 SUCCESS JAK1/TYK2 3LXP BTETVJKCVQSACO-WMLDXEAASA-N seed17 97.767s
3097/8070 SUCCESS JAK1/TYK2 3LXP BTETVJKCVQSACO-WMLDXEAASA-N seed42 96.313s
3098/8070 SUCCESS JAK1/TYK2 3LXP BTETVJKCVQSACO-WMLDXEAASA-N seed29 99.495s
3099/8070 SUCCESS JAK1/TYK2 3LXP BTETVJKCVQSACO-WMLDXEAASA-N seed71 97.203s
3100/8070 SUCCESS JAK1/TYK2 6N7A HFUMKLLYTNCQPV-UHFFFAOYSA-N seed17 61.6s
3101/8070 SUCCESS JAK1/TYK2 3LXP BTETVJKCVQSACO-WMLDXEAASA-N seed101 96.43s
3102/8070 SUCCESS JAK1/TYK2 6N7A HFUMKLLYTNCQPV-UHFFFAOYSA-N seed29 61.501s
3103/8070 SUCCESS JAK1/TYK2 6N7A HFUMKLLYTNCQPV-UHFFFAOYSA-N seed42 61.743s
3104/8070 SUCCESS JAK1/TYK2 6N7A HFUMKLLYTNCQPV-UHFFFAOYSA-N seed71 62.962s
3105/8070 SUCCESS JAK1/TYK2 6N7A HFUMKLLYTNCQPV-UHFFFAOYSA-N seed101 60.09s
3106/8070 SUCCESS JAK1/TYK2 3LXP HFUMKLLYTNCQPV-UHFFFAOYSA-N seed17 69.127s
3107/8070 SUCCESS JAK1/TYK2 3LXP HFUMKLLYTNCQPV-UHFFFAOYSA-N seed29 66.772s
3108/8070 SUCCESS JAK1/TYK2 3LXP HFUMKLLYTNCQPV-UHFFFAOYSA-N seed42 66.293s
3109/8070 SUCCESS JAK1/TYK2 3LXP HFUMKLLYTNCQPV-UHFFFAOYSA-N seed71 68.751s
3110/8070 SUCCESS JAK1/TYK2 3LXP HFUMKLLYTNCQPV-UHFFFAOYSA-N seed101 69.158s
3111/8070 SUCCESS JAK1/TYK2 6N7A SEBMNMZRKUJGHU-UHFFFAOYSA-N seed17 956.28s
3112/8070 SUCCESS JAK1/TYK2 6N7A SEBMNMZRKUJGHU-UHFFFAOYSA-N seed42 946.951s
3113/8070 SUCCESS JAK1/TYK2 6N7A SEBMNMZRKUJGHU-UHFFFAOYSA-N seed29 952.566s
3114/8070 SUCCESS JAK1/TYK2 6N7A SEBMNMZRKUJGHU-UHFFFAOYSA-N seed101 960.78s
3115/8070 SUCCESS JAK1/TYK2 6N7A SEBMNMZRKUJGHU-UHFFFAOYSA-N seed71 986.207s
3116/8070 SUCCESS JAK1/TYK2 3LXP SEBMNMZRKUJGHU-UHFFFAOYSA-N seed17 1096.764s
3117/8070 SUCCESS JAK1/TYK2 6N7A UNTPIVQPYGUHPI-MZADTFQBSA-N seed17 257.796s
3118/8070 SUCCESS JAK1/TYK2 6N7A UNTPIVQPYGUHPI-MZADTFQBSA-N seed29 254.617s
3119/8070 SUCCESS JAK1/TYK2 6N7A UNTPIVQPYGUHPI-MZADTFQBSA-N seed42 254.458s
3120/8070 SUCCESS JAK1/TYK2 6N7A UNTPIVQPYGUHPI-MZADTFQBSA-N seed71 256.174s
3121/8070 SUCCESS JAK1/TYK2 6N7A UNTPIVQPYGUHPI-MZADTFQBSA-N seed101 256.232s
3122/8070 SUCCESS JAK1/TYK2 3LXP UNTPIVQPYGUHPI-MZADTFQBSA-N seed17 289.136s
3123/8070 SUCCESS JAK1/TYK2 3LXP SEBMNMZRKUJGHU-UHFFFAOYSA-N seed29 1116.911s
3124/8070 SUCCESS JAK1/TYK2 3LXP UNTPIVQPYGUHPI-MZADTFQBSA-N seed29 286.392s
3125/8070 SUCCESS JAK1/TYK2 3LXP SEBMNMZRKUJGHU-UHFFFAOYSA-N seed42 1191.672s
3126/8070 SUCCESS JAK1/TYK2 3LXP SEBMNMZRKUJGHU-UHFFFAOYSA-N seed71 1193.698s
3127/8070 SUCCESS JAK1/TYK2 3LXP SEBMNMZRKUJGHU-UHFFFAOYSA-N seed101 1189.023s
3128/8070 SUCCESS JAK1/TYK2 3LXP UNTPIVQPYGUHPI-MZADTFQBSA-N seed42 277.677s
3129/8070 SUCCESS JAK1/TYK2 6N7A SSSWDTKZDCPURU-NNZMDNLPSA-N seed17 146.101s
3130/8070 SUCCESS JAK1/TYK2 6N7A SSSWDTKZDCPURU-NNZMDNLPSA-N seed29 146.641s
3131/8070 SUCCESS JAK1/TYK2 6N7A SSSWDTKZDCPURU-NNZMDNLPSA-N seed42 146.223s
3132/8070 SUCCESS JAK1/TYK2 3LXP UNTPIVQPYGUHPI-MZADTFQBSA-N seed71 282.675s
3133/8070 SUCCESS JAK1/TYK2 3LXP UNTPIVQPYGUHPI-MZADTFQBSA-N seed101 284.547s
3134/8070 SUCCESS JAK1/TYK2 6N7A SSSWDTKZDCPURU-NNZMDNLPSA-N seed71 146.28s
3135/8070 SUCCESS JAK1/TYK2 6N7A SSSWDTKZDCPURU-NNZMDNLPSA-N seed101 144.063s
3136/8070 SUCCESS JAK1/TYK2 3LXP SSSWDTKZDCPURU-NNZMDNLPSA-N seed17 168.612s
3137/8070 SUCCESS JAK1/TYK2 3LXP SSSWDTKZDCPURU-NNZMDNLPSA-N seed29 169.399s
3138/8070 SUCCESS JAK1/TYK2 3LXP SSSWDTKZDCPURU-NNZMDNLPSA-N seed42 160.624s
3139/8070 SUCCESS JAK1/TYK2 6N7A OHNNFCNGTAKEOI-ZSOGYDGISA-N seed17 77.199s
3140/8070 SUCCESS JAK1/TYK2 3LXP SSSWDTKZDCPURU-NNZMDNLPSA-N seed71 167.005s
3141/8070 SUCCESS JAK1/TYK2 3LXP SSSWDTKZDCPURU-NNZMDNLPSA-N seed101 164.265s
3142/8070 SUCCESS JAK1/TYK2 6N7A OHNNFCNGTAKEOI-ZSOGYDGISA-N seed29 76.557s
3143/8070 SUCCESS JAK1/TYK2 6N7A OHNNFCNGTAKEOI-ZSOGYDGISA-N seed42 78.154s
3144/8070 SUCCESS JAK1/TYK2 6N7A OHNNFCNGTAKEOI-ZSOGYDGISA-N seed71 78.209s
3145/8070 SUCCESS JAK1/TYK2 6N7A OHNNFCNGTAKEOI-ZSOGYDGISA-N seed101 73.593s
3146/8070 SUCCESS JAK1/TYK2 3LXP OHNNFCNGTAKEOI-ZSOGYDGISA-N seed17 77.605s
3147/8070 SUCCESS JAK1/TYK2 3LXP OHNNFCNGTAKEOI-ZSOGYDGISA-N seed29 79.483s
3148/8070 SUCCESS JAK1/TYK2 3LXP OHNNFCNGTAKEOI-ZSOGYDGISA-N seed42 79.588s
3149/8070 SUCCESS JAK1/TYK2 3LXP OHNNFCNGTAKEOI-ZSOGYDGISA-N seed71 77.526s
3150/8070 SUCCESS JAK1/TYK2 3LXP OHNNFCNGTAKEOI-ZSOGYDGISA-N seed101 79.691s
3151/8070 SUCCESS JAK1/TYK2 6N7A XYXADRKHKBUJPO-UONOGXRCSA-N seed17 80.087s
3152/8070 SUCCESS JAK1/TYK2 6N7A XYXADRKHKBUJPO-UONOGXRCSA-N seed29 77.431s
3153/8070 SUCCESS JAK1/TYK2 6N7A XYXADRKHKBUJPO-UONOGXRCSA-N seed42 77.071s
3154/8070 SUCCESS JAK1/TYK2 6N7A XYXADRKHKBUJPO-UONOGXRCSA-N seed71 77.368s
3155/8070 SUCCESS JAK1/TYK2 6N7A XYXADRKHKBUJPO-UONOGXRCSA-N seed101 78.618s
3156/8070 SUCCESS JAK1/TYK2 3LXP XYXADRKHKBUJPO-UONOGXRCSA-N seed17 79.128s
3157/8070 SUCCESS JAK1/TYK2 3LXP XYXADRKHKBUJPO-UONOGXRCSA-N seed29 79.415s
3158/8070 SUCCESS JAK1/TYK2 3LXP XYXADRKHKBUJPO-UONOGXRCSA-N seed42 78.479s
3159/8070 SUCCESS JAK1/TYK2 3LXP XYXADRKHKBUJPO-UONOGXRCSA-N seed71 77.425s
3160/8070 SUCCESS JAK1/TYK2 3LXP XYXADRKHKBUJPO-UONOGXRCSA-N seed101 78.882s
3161/8070 SUCCESS JAK1/TYK2 6N7A QGHDWXGDKDWKGF-UHFFFAOYSA-N seed17 90.777s
3162/8070 SUCCESS JAK1/TYK2 6N7A QGHDWXGDKDWKGF-UHFFFAOYSA-N seed29 86.793s
3163/8070 SUCCESS JAK1/TYK2 6N7A QGHDWXGDKDWKGF-UHFFFAOYSA-N seed42 89.655s
3164/8070 SUCCESS JAK1/TYK2 6N7A QGHDWXGDKDWKGF-UHFFFAOYSA-N seed71 89.162s
3165/8070 SUCCESS JAK1/TYK2 6N7A QGHDWXGDKDWKGF-UHFFFAOYSA-N seed101 90.288s
3166/8070 SUCCESS JAK1/TYK2 3LXP QGHDWXGDKDWKGF-UHFFFAOYSA-N seed17 94.343s
3167/8070 SUCCESS JAK1/TYK2 6N7A DUMWKJNRWPLXHR-UHFFFAOYSA-N seed17 35.029s
3168/8070 SUCCESS JAK1/TYK2 6N7A DUMWKJNRWPLXHR-UHFFFAOYSA-N seed29 34.208s
3169/8070 SUCCESS JAK1/TYK2 6N7A DUMWKJNRWPLXHR-UHFFFAOYSA-N seed42 34.511s
3170/8070 SUCCESS JAK1/TYK2 3LXP QGHDWXGDKDWKGF-UHFFFAOYSA-N seed29 93.584s
3171/8070 SUCCESS JAK1/TYK2 3LXP QGHDWXGDKDWKGF-UHFFFAOYSA-N seed42 90.191s
3172/8070 SUCCESS JAK1/TYK2 3LXP QGHDWXGDKDWKGF-UHFFFAOYSA-N seed71 93.335s
3173/8070 SUCCESS JAK1/TYK2 3LXP QGHDWXGDKDWKGF-UHFFFAOYSA-N seed101 90.079s
3174/8070 SUCCESS JAK1/TYK2 6N7A DUMWKJNRWPLXHR-UHFFFAOYSA-N seed71 33.546s
3175/8070 SUCCESS JAK1/TYK2 6N7A DUMWKJNRWPLXHR-UHFFFAOYSA-N seed101 33.483s
3176/8070 SUCCESS JAK1/TYK2 3LXP DUMWKJNRWPLXHR-UHFFFAOYSA-N seed17 33.235s
3177/8070 SUCCESS JAK1/TYK2 3LXP DUMWKJNRWPLXHR-UHFFFAOYSA-N seed29 33.094s
3178/8070 SUCCESS JAK1/TYK2 3LXP DUMWKJNRWPLXHR-UHFFFAOYSA-N seed42 32.912s
3179/8070 SUCCESS JAK1/TYK2 3LXP DUMWKJNRWPLXHR-UHFFFAOYSA-N seed71 33.167s
3180/8070 SUCCESS JAK1/TYK2 3LXP DUMWKJNRWPLXHR-UHFFFAOYSA-N seed101 33.065s
3181/8070 SUCCESS JAK1/TYK2 6N7A PTYYLKYBWXHUAG-UHFFFAOYSA-N seed17 33.155s
3182/8070 SUCCESS JAK1/TYK2 6N7A PTYYLKYBWXHUAG-UHFFFAOYSA-N seed29 33.486s
3183/8070 SUCCESS JAK1/TYK2 6N7A PTYYLKYBWXHUAG-UHFFFAOYSA-N seed42 31.58s
3184/8070 SUCCESS JAK1/TYK2 6N7A PTYYLKYBWXHUAG-UHFFFAOYSA-N seed71 33.182s
3185/8070 SUCCESS JAK1/TYK2 6N7A PTYYLKYBWXHUAG-UHFFFAOYSA-N seed101 32.661s
3186/8070 SUCCESS JAK1/TYK2 3LXP PTYYLKYBWXHUAG-UHFFFAOYSA-N seed17 32.701s
3187/8070 SUCCESS JAK1/TYK2 3LXP PTYYLKYBWXHUAG-UHFFFAOYSA-N seed29 33.2s
3188/8070 SUCCESS JAK1/TYK2 3LXP PTYYLKYBWXHUAG-UHFFFAOYSA-N seed42 33.364s
3189/8070 SUCCESS JAK1/TYK2 3LXP PTYYLKYBWXHUAG-UHFFFAOYSA-N seed71 33.122s
3190/8070 SUCCESS JAK1/TYK2 3LXP PTYYLKYBWXHUAG-UHFFFAOYSA-N seed101 32.873s
3191/8070 SUCCESS JAK1/TYK2 6N7A CDNDTAMGJSUNJL-UHFFFAOYSA-N seed17 40.971s
3192/8070 SUCCESS JAK1/TYK2 6N7A CDNDTAMGJSUNJL-UHFFFAOYSA-N seed29 40.337s
3193/8070 SUCCESS JAK1/TYK2 6N7A CDNDTAMGJSUNJL-UHFFFAOYSA-N seed42 40.298s
3194/8070 SUCCESS JAK1/TYK2 6N7A CDNDTAMGJSUNJL-UHFFFAOYSA-N seed71 40.25s
3195/8070 SUCCESS JAK1/TYK2 6N7A CDNDTAMGJSUNJL-UHFFFAOYSA-N seed101 40.296s
3196/8070 SUCCESS JAK1/TYK2 3LXP CDNDTAMGJSUNJL-UHFFFAOYSA-N seed17 38.814s
3197/8070 SUCCESS JAK1/TYK2 3LXP CDNDTAMGJSUNJL-UHFFFAOYSA-N seed29 39.186s
3198/8070 SUCCESS JAK1/TYK2 3LXP CDNDTAMGJSUNJL-UHFFFAOYSA-N seed42 39.666s
3199/8070 SUCCESS JAK1/TYK2 6N7A WNDFGHNETHKRJK-UHFFFAOYSA-N seed17 32.238s
3200/8070 SUCCESS JAK1/TYK2 3LXP CDNDTAMGJSUNJL-UHFFFAOYSA-N seed71 39.419s
3201/8070 SUCCESS JAK1/TYK2 3LXP CDNDTAMGJSUNJL-UHFFFAOYSA-N seed101 38.971s
3202/8070 SUCCESS JAK1/TYK2 6N7A WNDFGHNETHKRJK-UHFFFAOYSA-N seed29 32.24s
3203/8070 SUCCESS JAK1/TYK2 6N7A WNDFGHNETHKRJK-UHFFFAOYSA-N seed42 32.402s
3204/8070 SUCCESS JAK1/TYK2 6N7A WNDFGHNETHKRJK-UHFFFAOYSA-N seed71 32.051s
3205/8070 SUCCESS JAK1/TYK2 6N7A WNDFGHNETHKRJK-UHFFFAOYSA-N seed101 32.199s
3206/8070 SUCCESS JAK1/TYK2 3LXP WNDFGHNETHKRJK-UHFFFAOYSA-N seed17 32.691s
3207/8070 SUCCESS JAK1/TYK2 3LXP WNDFGHNETHKRJK-UHFFFAOYSA-N seed29 32.879s
3208/8070 SUCCESS JAK1/TYK2 3LXP WNDFGHNETHKRJK-UHFFFAOYSA-N seed42 37.935s
3209/8070 SUCCESS JAK1/TYK2 3LXP WNDFGHNETHKRJK-UHFFFAOYSA-N seed71 33.251s
3210/8070 SUCCESS JAK1/TYK2 3LXP WNDFGHNETHKRJK-UHFFFAOYSA-N seed101 33.399s
3211/8070 SUCCESS JAK1/TYK2 6N7A YFTYZXGAHZHPCZ-UHFFFAOYSA-N seed17 38.814s
3212/8070 SUCCESS JAK1/TYK2 6N7A YFTYZXGAHZHPCZ-UHFFFAOYSA-N seed29 38.596s
3213/8070 SUCCESS JAK1/TYK2 6N7A YFTYZXGAHZHPCZ-UHFFFAOYSA-N seed42 38.97s
3214/8070 SUCCESS JAK1/TYK2 6N7A YFTYZXGAHZHPCZ-UHFFFAOYSA-N seed71 38.847s
3215/8070 SUCCESS JAK1/TYK2 6N7A YFTYZXGAHZHPCZ-UHFFFAOYSA-N seed101 39.071s
3216/8070 SUCCESS JAK1/TYK2 3LXP YFTYZXGAHZHPCZ-UHFFFAOYSA-N seed17 38.621s
3217/8070 SUCCESS JAK1/TYK2 3LXP YFTYZXGAHZHPCZ-UHFFFAOYSA-N seed29 38.757s
3218/8070 SUCCESS JAK1/TYK2 3LXP YFTYZXGAHZHPCZ-UHFFFAOYSA-N seed42 38.668s
3219/8070 SUCCESS JAK1/TYK2 3LXP YFTYZXGAHZHPCZ-UHFFFAOYSA-N seed71 38.462s
3220/8070 SUCCESS JAK1/TYK2 3LXP YFTYZXGAHZHPCZ-UHFFFAOYSA-N seed101 38.404s
3221/8070 SUCCESS JAK1/TYK2 6N7A XJERPGWSYRLFFC-AULYBMBSSA-N seed17 43.368s
3222/8070 SUCCESS JAK1/TYK2 6N7A XJERPGWSYRLFFC-AULYBMBSSA-N seed29 43.721s
3223/8070 SUCCESS JAK1/TYK2 6N7A XJERPGWSYRLFFC-AULYBMBSSA-N seed42 43.262s
3224/8070 SUCCESS JAK1/TYK2 6N7A XJERPGWSYRLFFC-AULYBMBSSA-N seed71 43.711s
3225/8070 SUCCESS JAK1/TYK2 6N7A XJERPGWSYRLFFC-AULYBMBSSA-N seed101 42.637s
3226/8070 SUCCESS JAK1/TYK2 3LXP XJERPGWSYRLFFC-AULYBMBSSA-N seed17 44.916s
3227/8070 SUCCESS JAK1/TYK2 3LXP XJERPGWSYRLFFC-AULYBMBSSA-N seed29 45.322s
3228/8070 SUCCESS JAK1/TYK2 3LXP XJERPGWSYRLFFC-AULYBMBSSA-N seed42 44.965s
3229/8070 SUCCESS JAK1/TYK2 3LXP XJERPGWSYRLFFC-AULYBMBSSA-N seed71 45.053s
3230/8070 SUCCESS JAK1/TYK2 3LXP XJERPGWSYRLFFC-AULYBMBSSA-N seed101 44.729s
3231/8070 SUCCESS JAK1/TYK2 6N7A IKAXKGNBVUEIGG-AULYBMBSSA-N seed17 46.839s
3232/8070 SUCCESS JAK1/TYK2 6N7A IKAXKGNBVUEIGG-AULYBMBSSA-N seed29 46.334s
3233/8070 SUCCESS JAK1/TYK2 6N7A IKAXKGNBVUEIGG-AULYBMBSSA-N seed42 45.302s
3234/8070 SUCCESS JAK1/TYK2 6N7A IKAXKGNBVUEIGG-AULYBMBSSA-N seed71 45.276s
3235/8070 SUCCESS JAK1/TYK2 6N7A IKAXKGNBVUEIGG-AULYBMBSSA-N seed101 46.268s
3236/8070 SUCCESS JAK1/TYK2 3LXP IKAXKGNBVUEIGG-AULYBMBSSA-N seed17 47.645s
3237/8070 SUCCESS JAK1/TYK2 3LXP IKAXKGNBVUEIGG-AULYBMBSSA-N seed29 48.437s
3238/8070 SUCCESS JAK1/TYK2 3LXP IKAXKGNBVUEIGG-AULYBMBSSA-N seed42 48.517s
3239/8070 SUCCESS JAK1/TYK2 3LXP IKAXKGNBVUEIGG-AULYBMBSSA-N seed71 49.042s
3240/8070 SUCCESS JAK1/TYK2 3LXP IKAXKGNBVUEIGG-AULYBMBSSA-N seed101 48.861s
3241/8070 SUCCESS JAK1/TYK2 6N7A XLFNLJYGUOLEJS-SFHVURJKSA-N seed17 53.012s
3242/8070 SUCCESS JAK1/TYK2 6N7A XLFNLJYGUOLEJS-SFHVURJKSA-N seed29 52.763s
3243/8070 SUCCESS JAK1/TYK2 6N7A XLFNLJYGUOLEJS-SFHVURJKSA-N seed42 52.558s
3244/8070 SUCCESS JAK1/TYK2 6N7A XLFNLJYGUOLEJS-SFHVURJKSA-N seed71 53.989s
3245/8070 SUCCESS JAK1/TYK2 6N7A XLFNLJYGUOLEJS-SFHVURJKSA-N seed101 53.752s
3246/8070 SUCCESS JAK1/TYK2 3LXP XLFNLJYGUOLEJS-SFHVURJKSA-N seed17 61.161s
3247/8070 SUCCESS JAK1/TYK2 3LXP XLFNLJYGUOLEJS-SFHVURJKSA-N seed29 64.474s
3248/8070 SUCCESS JAK1/TYK2 3LXP XLFNLJYGUOLEJS-SFHVURJKSA-N seed42 63.371s
3249/8070 SUCCESS JAK1/TYK2 3LXP XLFNLJYGUOLEJS-SFHVURJKSA-N seed71 61.563s
3250/8070 SUCCESS JAK1/TYK2 6N7A ZLNWOKYEWUNXGK-UHFFFAOYSA-N seed17 43.414s
3251/8070 SUCCESS JAK1/TYK2 3LXP XLFNLJYGUOLEJS-SFHVURJKSA-N seed101 60.948s
3252/8070 SUCCESS JAK1/TYK2 6N7A ZLNWOKYEWUNXGK-UHFFFAOYSA-N seed29 46.126s
3253/8070 SUCCESS JAK1/TYK2 6N7A ZLNWOKYEWUNXGK-UHFFFAOYSA-N seed42 42.158s
3254/8070 SUCCESS JAK1/TYK2 6N7A ZLNWOKYEWUNXGK-UHFFFAOYSA-N seed71 42.216s
3255/8070 SUCCESS JAK1/TYK2 6N7A ZLNWOKYEWUNXGK-UHFFFAOYSA-N seed101 42.068s
3256/8070 SUCCESS JAK1/TYK2 3LXP ZLNWOKYEWUNXGK-UHFFFAOYSA-N seed17 43.698s
3257/8070 SUCCESS JAK1/TYK2 3LXP ZLNWOKYEWUNXGK-UHFFFAOYSA-N seed29 43.576s
3258/8070 SUCCESS JAK1/TYK2 3LXP ZLNWOKYEWUNXGK-UHFFFAOYSA-N seed42 43.397s
3259/8070 SUCCESS JAK1/TYK2 6N7A APVPQCNUCJXTQP-UHFFFAOYSA-N seed17 37.667s
3260/8070 SUCCESS JAK1/TYK2 3LXP ZLNWOKYEWUNXGK-UHFFFAOYSA-N seed71 42.971s
3261/8070 SUCCESS JAK1/TYK2 6N7A APVPQCNUCJXTQP-UHFFFAOYSA-N seed29 37.042s
3262/8070 SUCCESS JAK1/TYK2 3LXP ZLNWOKYEWUNXGK-UHFFFAOYSA-N seed101 43.662s
3263/8070 SUCCESS JAK1/TYK2 6N7A APVPQCNUCJXTQP-UHFFFAOYSA-N seed42 37.077s
3264/8070 SUCCESS JAK1/TYK2 6N7A APVPQCNUCJXTQP-UHFFFAOYSA-N seed71 37.01s
3265/8070 SUCCESS JAK1/TYK2 3LXP APVPQCNUCJXTQP-UHFFFAOYSA-N seed17 34.774s
3266/8070 SUCCESS JAK1/TYK2 6N7A APVPQCNUCJXTQP-UHFFFAOYSA-N seed101 36.517s
3267/8070 SUCCESS JAK1/TYK2 3LXP APVPQCNUCJXTQP-UHFFFAOYSA-N seed29 35.093s
3268/8070 SUCCESS JAK1/TYK2 3LXP APVPQCNUCJXTQP-UHFFFAOYSA-N seed42 34.416s
3269/8070 SUCCESS JAK1/TYK2 3LXP APVPQCNUCJXTQP-UHFFFAOYSA-N seed71 34.79s
3270/8070 SUCCESS JAK1/TYK2 3LXP APVPQCNUCJXTQP-UHFFFAOYSA-N seed101 34.871s
3271/8070 SUCCESS JAK1/TYK2 6N7A HDHFSJKBCCIERR-UHFFFAOYSA-N seed17 38.176s
3272/8070 SUCCESS JAK1/TYK2 6N7A HDHFSJKBCCIERR-UHFFFAOYSA-N seed29 37.774s
3273/8070 SUCCESS JAK1/TYK2 6N7A HDHFSJKBCCIERR-UHFFFAOYSA-N seed71 38.116s
3274/8070 SUCCESS JAK1/TYK2 6N7A HDHFSJKBCCIERR-UHFFFAOYSA-N seed42 38.529s
3275/8070 SUCCESS JAK1/TYK2 6N7A HDHFSJKBCCIERR-UHFFFAOYSA-N seed101 38.219s
3276/8070 SUCCESS JAK1/TYK2 3LXP HDHFSJKBCCIERR-UHFFFAOYSA-N seed17 36.974s
3277/8070 SUCCESS JAK1/TYK2 3LXP HDHFSJKBCCIERR-UHFFFAOYSA-N seed29 36.835s
3278/8070 SUCCESS JAK1/TYK2 3LXP HDHFSJKBCCIERR-UHFFFAOYSA-N seed42 36.235s
3279/8070 SUCCESS JAK1/TYK2 3LXP HDHFSJKBCCIERR-UHFFFAOYSA-N seed71 37.058s
3280/8070 SUCCESS JAK1/TYK2 3LXP HDHFSJKBCCIERR-UHFFFAOYSA-N seed101 36.961s
3281/8070 SUCCESS JAK1/TYK2 6N7A NAGSKGCXMWXMFR-UHFFFAOYSA-N seed17 35.137s
3282/8070 SUCCESS JAK1/TYK2 6N7A NAGSKGCXMWXMFR-UHFFFAOYSA-N seed29 35.087s
3283/8070 SUCCESS JAK1/TYK2 6N7A NAGSKGCXMWXMFR-UHFFFAOYSA-N seed42 34.061s
3284/8070 SUCCESS JAK1/TYK2 6N7A NAGSKGCXMWXMFR-UHFFFAOYSA-N seed71 34.12s
3285/8070 SUCCESS JAK1/TYK2 6N7A NAGSKGCXMWXMFR-UHFFFAOYSA-N seed101 33.934s
3286/8070 SUCCESS JAK1/TYK2 3LXP NAGSKGCXMWXMFR-UHFFFAOYSA-N seed17 35.929s
3287/8070 SUCCESS JAK1/TYK2 3LXP NAGSKGCXMWXMFR-UHFFFAOYSA-N seed29 35.679s
3288/8070 SUCCESS JAK1/TYK2 3LXP NAGSKGCXMWXMFR-UHFFFAOYSA-N seed42 35.818s
3289/8070 SUCCESS JAK1/TYK2 3LXP NAGSKGCXMWXMFR-UHFFFAOYSA-N seed71 35.923s
3290/8070 SUCCESS JAK1/TYK2 3LXP NAGSKGCXMWXMFR-UHFFFAOYSA-N seed101 35.738s
3291/8070 SUCCESS JAK1/TYK2 6N7A NGAAOEYVYQJXJR-UHFFFAOYSA-N seed17 41.195s
3292/8070 SUCCESS JAK1/TYK2 6N7A NGAAOEYVYQJXJR-UHFFFAOYSA-N seed29 41.262s
3293/8070 SUCCESS JAK1/TYK2 6N7A NGAAOEYVYQJXJR-UHFFFAOYSA-N seed42 41.239s
3294/8070 SUCCESS JAK1/TYK2 6N7A NGAAOEYVYQJXJR-UHFFFAOYSA-N seed71 40.771s
3295/8070 SUCCESS JAK1/TYK2 6N7A NGAAOEYVYQJXJR-UHFFFAOYSA-N seed101 40.945s
3296/8070 SUCCESS JAK1/TYK2 3LXP NGAAOEYVYQJXJR-UHFFFAOYSA-N seed17 43.091s
3297/8070 SUCCESS JAK1/TYK2 3LXP NGAAOEYVYQJXJR-UHFFFAOYSA-N seed29 43.217s
3298/8070 SUCCESS JAK1/TYK2 3LXP NGAAOEYVYQJXJR-UHFFFAOYSA-N seed42 43.388s
3299/8070 SUCCESS JAK1/TYK2 3LXP NGAAOEYVYQJXJR-UHFFFAOYSA-N seed71 43.677s
3300/8070 SUCCESS JAK1/TYK2 3LXP NGAAOEYVYQJXJR-UHFFFAOYSA-N seed101 43.647s
3301/8070 SUCCESS PIK3CA/mTOR 4L23 TUVCWJQQGGETHL-UHFFFAOYSA-N seed17 33.655s
3302/8070 SUCCESS PIK3CA/mTOR 4L23 TUVCWJQQGGETHL-UHFFFAOYSA-N seed29 34.185s
3303/8070 SUCCESS PIK3CA/mTOR 4L23 TUVCWJQQGGETHL-UHFFFAOYSA-N seed42 32.705s
3304/8070 SUCCESS PIK3CA/mTOR 4L23 TUVCWJQQGGETHL-UHFFFAOYSA-N seed71 33.197s
3305/8070 SUCCESS PIK3CA/mTOR 4L23 TUVCWJQQGGETHL-UHFFFAOYSA-N seed101 32.77s
3306/8070 SUCCESS PIK3CA/mTOR 4JT6 TUVCWJQQGGETHL-UHFFFAOYSA-N seed17 31.144s
3307/8070 SUCCESS PIK3CA/mTOR 4JT6 TUVCWJQQGGETHL-UHFFFAOYSA-N seed29 31.164s
3308/8070 SUCCESS PIK3CA/mTOR 4JT6 TUVCWJQQGGETHL-UHFFFAOYSA-N seed42 31.153s
3309/8070 SUCCESS PIK3CA/mTOR 4JT6 TUVCWJQQGGETHL-UHFFFAOYSA-N seed71 31.678s
3310/8070 SUCCESS PIK3CA/mTOR 4JT6 TUVCWJQQGGETHL-UHFFFAOYSA-N seed101 31.735s
3311/8070 SUCCESS PIK3CA/mTOR 4L23 CGBJSGAELGCMKE-UHFFFAOYSA-N seed17 157.543s
3312/8070 SUCCESS PIK3CA/mTOR 4L23 CGBJSGAELGCMKE-UHFFFAOYSA-N seed29 157.314s
3313/8070 SUCCESS PIK3CA/mTOR 4L23 CGBJSGAELGCMKE-UHFFFAOYSA-N seed71 154.555s
3314/8070 SUCCESS PIK3CA/mTOR 4L23 CGBJSGAELGCMKE-UHFFFAOYSA-N seed42 158.234s
3315/8070 SUCCESS PIK3CA/mTOR 4JT6 CGBJSGAELGCMKE-UHFFFAOYSA-N seed17 148.304s
3316/8070 SUCCESS PIK3CA/mTOR 4L23 CGBJSGAELGCMKE-UHFFFAOYSA-N seed101 160.136s
3317/8070 SUCCESS PIK3CA/mTOR 4JT6 CGBJSGAELGCMKE-UHFFFAOYSA-N seed29 143.25s
3318/8070 SUCCESS PIK3CA/mTOR 4JT6 CGBJSGAELGCMKE-UHFFFAOYSA-N seed42 144.909s
3319/8070 SUCCESS PIK3CA/mTOR 4JT6 CGBJSGAELGCMKE-UHFFFAOYSA-N seed71 142.397s
3320/8070 SUCCESS PIK3CA/mTOR 4JT6 CGBJSGAELGCMKE-UHFFFAOYSA-N seed101 144.72s
3321/8070 SUCCESS PIK3CA/mTOR 4L23 DWZAEMINVBZMHQ-UHFFFAOYSA-N seed17 298.292s
3322/8070 SUCCESS PIK3CA/mTOR 4L23 DWZAEMINVBZMHQ-UHFFFAOYSA-N seed29 296.356s
3323/8070 SUCCESS PIK3CA/mTOR 4L23 DWZAEMINVBZMHQ-UHFFFAOYSA-N seed42 292.797s
3324/8070 SUCCESS PIK3CA/mTOR 4L23 DWZAEMINVBZMHQ-UHFFFAOYSA-N seed101 283.864s
3325/8070 SUCCESS PIK3CA/mTOR 4L23 DWZAEMINVBZMHQ-UHFFFAOYSA-N seed71 288.12s
3326/8070 SUCCESS PIK3CA/mTOR 4JT6 DWZAEMINVBZMHQ-UHFFFAOYSA-N seed17 285.182s
3327/8070 SUCCESS PIK3CA/mTOR 4L23 JOGKUKXHTYWRGZ-UHFFFAOYSA-N seed17 93.892s
3328/8070 SUCCESS PIK3CA/mTOR 4L23 JOGKUKXHTYWRGZ-UHFFFAOYSA-N seed29 94.435s
3329/8070 SUCCESS PIK3CA/mTOR 4JT6 DWZAEMINVBZMHQ-UHFFFAOYSA-N seed29 296.224s
3330/8070 SUCCESS PIK3CA/mTOR 4L23 JOGKUKXHTYWRGZ-UHFFFAOYSA-N seed42 95.772s
3331/8070 SUCCESS PIK3CA/mTOR 4L23 JOGKUKXHTYWRGZ-UHFFFAOYSA-N seed71 93.822s
3332/8070 SUCCESS PIK3CA/mTOR 4JT6 DWZAEMINVBZMHQ-UHFFFAOYSA-N seed42 317.659s
3333/8070 SUCCESS PIK3CA/mTOR 4L23 JOGKUKXHTYWRGZ-UHFFFAOYSA-N seed101 91.599s
3334/8070 SUCCESS PIK3CA/mTOR 4JT6 JOGKUKXHTYWRGZ-UHFFFAOYSA-N seed17 81.433s
3335/8070 SUCCESS PIK3CA/mTOR 4JT6 JOGKUKXHTYWRGZ-UHFFFAOYSA-N seed29 81.386s
3336/8070 SUCCESS PIK3CA/mTOR 4JT6 JOGKUKXHTYWRGZ-UHFFFAOYSA-N seed42 81.739s
3337/8070 SUCCESS PIK3CA/mTOR 4JT6 DWZAEMINVBZMHQ-UHFFFAOYSA-N seed71 307.494s
3338/8070 SUCCESS PIK3CA/mTOR 4JT6 DWZAEMINVBZMHQ-UHFFFAOYSA-N seed101 315.961s
3339/8070 SUCCESS PIK3CA/mTOR 4JT6 JOGKUKXHTYWRGZ-UHFFFAOYSA-N seed71 83.87s
3340/8070 SUCCESS PIK3CA/mTOR 4JT6 JOGKUKXHTYWRGZ-UHFFFAOYSA-N seed101 83.58s
3341/8070 SUCCESS PIK3CA/mTOR 4L23 LHNIIDJUOCFXAP-UHFFFAOYSA-N seed17 128.602s
3342/8070 SUCCESS PIK3CA/mTOR 4L23 LHNIIDJUOCFXAP-UHFFFAOYSA-N seed29 126.922s
3343/8070 SUCCESS PIK3CA/mTOR 4L23 LHNIIDJUOCFXAP-UHFFFAOYSA-N seed42 126.301s
3344/8070 SUCCESS PIK3CA/mTOR 4L23 LHNIIDJUOCFXAP-UHFFFAOYSA-N seed71 126.024s
3345/8070 SUCCESS PIK3CA/mTOR 4L23 LHNIIDJUOCFXAP-UHFFFAOYSA-N seed101 127.064s
3346/8070 SUCCESS PIK3CA/mTOR 4JT6 LHNIIDJUOCFXAP-UHFFFAOYSA-N seed17 135.875s
3347/8070 SUCCESS PIK3CA/mTOR 4JT6 LHNIIDJUOCFXAP-UHFFFAOYSA-N seed29 135.011s
3348/8070 SUCCESS PIK3CA/mTOR 4JT6 LHNIIDJUOCFXAP-UHFFFAOYSA-N seed42 136.637s
3349/8070 SUCCESS PIK3CA/mTOR 4JT6 LHNIIDJUOCFXAP-UHFFFAOYSA-N seed71 135.127s
3350/8070 SUCCESS PIK3CA/mTOR 4JT6 LHNIIDJUOCFXAP-UHFFFAOYSA-N seed101 131.882s
3351/8070 SUCCESS PIK3CA/mTOR 4L23 YOVVNQKCSKSHKT-HNNXBMFYSA-N seed17 136.863s
3352/8070 SUCCESS PIK3CA/mTOR 4L23 YOVVNQKCSKSHKT-HNNXBMFYSA-N seed29 135.982s
3353/8070 SUCCESS PIK3CA/mTOR 4L23 YOVVNQKCSKSHKT-HNNXBMFYSA-N seed42 132.322s
3354/8070 SUCCESS PIK3CA/mTOR 4L23 YOVVNQKCSKSHKT-HNNXBMFYSA-N seed71 135.602s
3355/8070 SUCCESS PIK3CA/mTOR 4L23 YOVVNQKCSKSHKT-HNNXBMFYSA-N seed101 136.418s
3356/8070 SUCCESS PIK3CA/mTOR 4JT6 YOVVNQKCSKSHKT-HNNXBMFYSA-N seed17 131.687s
3357/8070 SUCCESS PIK3CA/mTOR 4JT6 YOVVNQKCSKSHKT-HNNXBMFYSA-N seed29 131.097s
3358/8070 SUCCESS PIK3CA/mTOR 4JT6 YOVVNQKCSKSHKT-HNNXBMFYSA-N seed42 129.71s
3359/8070 SUCCESS PIK3CA/mTOR 4L23 GUXXEUUYCAYESJ-UHFFFAOYSA-N seed17 58.65s
3360/8070 SUCCESS PIK3CA/mTOR 4L23 GUXXEUUYCAYESJ-UHFFFAOYSA-N seed29 58.107s
3361/8070 SUCCESS PIK3CA/mTOR 4JT6 YOVVNQKCSKSHKT-HNNXBMFYSA-N seed71 129.889s
3362/8070 SUCCESS PIK3CA/mTOR 4L23 GUXXEUUYCAYESJ-UHFFFAOYSA-N seed42 58.227s
3363/8070 SUCCESS PIK3CA/mTOR 4JT6 YOVVNQKCSKSHKT-HNNXBMFYSA-N seed101 128.237s
3364/8070 SUCCESS PIK3CA/mTOR 4L23 GUXXEUUYCAYESJ-UHFFFAOYSA-N seed71 59.217s
3365/8070 SUCCESS PIK3CA/mTOR 4L23 GUXXEUUYCAYESJ-UHFFFAOYSA-N seed101 58.396s
3366/8070 SUCCESS PIK3CA/mTOR 4JT6 GUXXEUUYCAYESJ-UHFFFAOYSA-N seed17 56.835s
3367/8070 SUCCESS PIK3CA/mTOR 4JT6 GUXXEUUYCAYESJ-UHFFFAOYSA-N seed29 56.247s
3368/8070 SUCCESS PIK3CA/mTOR 4JT6 GUXXEUUYCAYESJ-UHFFFAOYSA-N seed42 56.111s
3369/8070 SUCCESS PIK3CA/mTOR 4JT6 GUXXEUUYCAYESJ-UHFFFAOYSA-N seed71 56.387s
3370/8070 SUCCESS PIK3CA/mTOR 4JT6 GUXXEUUYCAYESJ-UHFFFAOYSA-N seed101 56.83s
3371/8070 SUCCESS PIK3CA/mTOR 4L23 XDLYKKIQACFMJG-WKILWMFISA-N seed29 85.68s
3372/8070 SUCCESS PIK3CA/mTOR 4L23 XDLYKKIQACFMJG-WKILWMFISA-N seed17 88.571s
3373/8070 SUCCESS PIK3CA/mTOR 4L23 XDLYKKIQACFMJG-WKILWMFISA-N seed42 87.241s
3374/8070 SUCCESS PIK3CA/mTOR 4L23 XDLYKKIQACFMJG-WKILWMFISA-N seed71 86.238s
3375/8070 SUCCESS PIK3CA/mTOR 4L23 XDLYKKIQACFMJG-WKILWMFISA-N seed101 85.821s
3376/8070 SUCCESS PIK3CA/mTOR 4JT6 XDLYKKIQACFMJG-WKILWMFISA-N seed17 84.862s
3377/8070 SUCCESS PIK3CA/mTOR 4JT6 XDLYKKIQACFMJG-WKILWMFISA-N seed29 84.664s
3378/8070 SUCCESS PIK3CA/mTOR 4JT6 XDLYKKIQACFMJG-WKILWMFISA-N seed42 84.982s
3379/8070 SUCCESS PIK3CA/mTOR 4L23 ADGGYDAFIHSYFI-UHFFFAOYSA-N seed17 67.227s
3380/8070 SUCCESS PIK3CA/mTOR 4L23 ADGGYDAFIHSYFI-UHFFFAOYSA-N seed29 67.487s
3381/8070 SUCCESS PIK3CA/mTOR 4JT6 XDLYKKIQACFMJG-WKILWMFISA-N seed101 84.444s
3382/8070 SUCCESS PIK3CA/mTOR 4JT6 XDLYKKIQACFMJG-WKILWMFISA-N seed71 84.989s
3383/8070 SUCCESS PIK3CA/mTOR 4L23 ADGGYDAFIHSYFI-UHFFFAOYSA-N seed42 65.946s
3384/8070 SUCCESS PIK3CA/mTOR 4L23 ADGGYDAFIHSYFI-UHFFFAOYSA-N seed71 67.33s
3385/8070 SUCCESS PIK3CA/mTOR 4L23 ADGGYDAFIHSYFI-UHFFFAOYSA-N seed101 65.822s
3386/8070 SUCCESS PIK3CA/mTOR 4JT6 ADGGYDAFIHSYFI-UHFFFAOYSA-N seed17 64.862s
3387/8070 SUCCESS PIK3CA/mTOR 4JT6 ADGGYDAFIHSYFI-UHFFFAOYSA-N seed29 63.428s
3388/8070 SUCCESS PIK3CA/mTOR 4JT6 ADGGYDAFIHSYFI-UHFFFAOYSA-N seed42 64.62s
3389/8070 SUCCESS PIK3CA/mTOR 4JT6 ADGGYDAFIHSYFI-UHFFFAOYSA-N seed71 65.663s
3390/8070 SUCCESS PIK3CA/mTOR 4JT6 ADGGYDAFIHSYFI-UHFFFAOYSA-N seed101 65.287s
3391/8070 SUCCESS PIK3CA/mTOR 4L23 AKCRNFFTGXBONI-UHFFFAOYSA-N seed29 290.46s
3392/8070 SUCCESS PIK3CA/mTOR 4L23 AKCRNFFTGXBONI-UHFFFAOYSA-N seed42 293.571s
3393/8070 SUCCESS PIK3CA/mTOR 4L23 AKCRNFFTGXBONI-UHFFFAOYSA-N seed71 293.419s
3394/8070 SUCCESS PIK3CA/mTOR 4L23 AKCRNFFTGXBONI-UHFFFAOYSA-N seed17 308.508s
3395/8070 SUCCESS PIK3CA/mTOR 4L23 AKCRNFFTGXBONI-UHFFFAOYSA-N seed101 294.127s
3396/8070 SUCCESS PIK3CA/mTOR 4JT6 AKCRNFFTGXBONI-UHFFFAOYSA-N seed17 295.88s
3397/8070 SUCCESS PIK3CA/mTOR 4L23 GYLDXIAOMVERTK-UHFFFAOYSA-N seed17 30.921s
3398/8070 SUCCESS PIK3CA/mTOR 4L23 GYLDXIAOMVERTK-UHFFFAOYSA-N seed29 30.444s
3399/8070 SUCCESS PIK3CA/mTOR 4L23 GYLDXIAOMVERTK-UHFFFAOYSA-N seed42 30.781s
3400/8070 SUCCESS PIK3CA/mTOR 4L23 GYLDXIAOMVERTK-UHFFFAOYSA-N seed71 30.285s
3401/8070 SUCCESS PIK3CA/mTOR 4L23 GYLDXIAOMVERTK-UHFFFAOYSA-N seed101 30.131s
3402/8070 SUCCESS PIK3CA/mTOR 4JT6 GYLDXIAOMVERTK-UHFFFAOYSA-N seed17 29.933s
3403/8070 SUCCESS PIK3CA/mTOR 4JT6 GYLDXIAOMVERTK-UHFFFAOYSA-N seed29 30.131s
3404/8070 SUCCESS PIK3CA/mTOR 4JT6 GYLDXIAOMVERTK-UHFFFAOYSA-N seed42 30.176s
3405/8070 SUCCESS PIK3CA/mTOR 4JT6 GYLDXIAOMVERTK-UHFFFAOYSA-N seed71 30.239s
3406/8070 SUCCESS PIK3CA/mTOR 4JT6 GYLDXIAOMVERTK-UHFFFAOYSA-N seed101 30.268s
3407/8070 SUCCESS PIK3CA/mTOR 4L23 CWHUFRVAEUJCEF-UHFFFAOYSA-N seed29 69.313s
3408/8070 SUCCESS PIK3CA/mTOR 4L23 CWHUFRVAEUJCEF-UHFFFAOYSA-N seed17 73.787s
3409/8070 SUCCESS PIK3CA/mTOR 4JT6 AKCRNFFTGXBONI-UHFFFAOYSA-N seed29 288.188s
3410/8070 SUCCESS PIK3CA/mTOR 4JT6 AKCRNFFTGXBONI-UHFFFAOYSA-N seed71 284.054s
3411/8070 SUCCESS PIK3CA/mTOR 4JT6 AKCRNFFTGXBONI-UHFFFAOYSA-N seed42 288.36s
3412/8070 SUCCESS PIK3CA/mTOR 4JT6 AKCRNFFTGXBONI-UHFFFAOYSA-N seed101 291.804s
3413/8070 SUCCESS PIK3CA/mTOR 4L23 CWHUFRVAEUJCEF-UHFFFAOYSA-N seed42 67.845s
3414/8070 SUCCESS PIK3CA/mTOR 4L23 CWHUFRVAEUJCEF-UHFFFAOYSA-N seed71 68.613s
3415/8070 SUCCESS PIK3CA/mTOR 4L23 CWHUFRVAEUJCEF-UHFFFAOYSA-N seed101 66.222s
3416/8070 SUCCESS PIK3CA/mTOR 4JT6 CWHUFRVAEUJCEF-UHFFFAOYSA-N seed17 66.029s
3417/8070 SUCCESS PIK3CA/mTOR 4JT6 CWHUFRVAEUJCEF-UHFFFAOYSA-N seed29 66.837s
3418/8070 SUCCESS PIK3CA/mTOR 4JT6 CWHUFRVAEUJCEF-UHFFFAOYSA-N seed42 65.985s
3419/8070 SUCCESS PIK3CA/mTOR 4JT6 CWHUFRVAEUJCEF-UHFFFAOYSA-N seed71 65.764s
3420/8070 SUCCESS PIK3CA/mTOR 4JT6 CWHUFRVAEUJCEF-UHFFFAOYSA-N seed101 66.648s
3421/8070 SUCCESS PIK3CA/mTOR 4L23 JUSFANSTBFGBAF-IRXDYDNUSA-N seed29 70.991s
3422/8070 SUCCESS PIK3CA/mTOR 4L23 JUSFANSTBFGBAF-IRXDYDNUSA-N seed17 71.868s
3423/8070 SUCCESS PIK3CA/mTOR 4L23 JUSFANSTBFGBAF-IRXDYDNUSA-N seed42 73.207s
3424/8070 SUCCESS PIK3CA/mTOR 4L23 JUSFANSTBFGBAF-IRXDYDNUSA-N seed71 72.665s
3425/8070 SUCCESS PIK3CA/mTOR 4L23 JUSFANSTBFGBAF-IRXDYDNUSA-N seed101 74.864s
3426/8070 SUCCESS PIK3CA/mTOR 4JT6 JUSFANSTBFGBAF-IRXDYDNUSA-N seed17 71.797s
3427/8070 SUCCESS PIK3CA/mTOR 4JT6 JUSFANSTBFGBAF-IRXDYDNUSA-N seed42 70.176s
3428/8070 SUCCESS PIK3CA/mTOR 4JT6 JUSFANSTBFGBAF-IRXDYDNUSA-N seed29 72.7s
3429/8070 SUCCESS PIK3CA/mTOR 4JT6 JUSFANSTBFGBAF-IRXDYDNUSA-N seed71 69.272s
3430/8070 SUCCESS PIK3CA/mTOR 4L23 QYBGBLQCOOISAR-UHFFFAOYSA-N seed29 35.479s
3431/8070 SUCCESS PIK3CA/mTOR 4L23 QYBGBLQCOOISAR-UHFFFAOYSA-N seed17 36.331s
3432/8070 SUCCESS PIK3CA/mTOR 4JT6 JUSFANSTBFGBAF-IRXDYDNUSA-N seed101 70.46s
3433/8070 SUCCESS PIK3CA/mTOR 4L23 QYBGBLQCOOISAR-UHFFFAOYSA-N seed42 35.633s
3434/8070 SUCCESS PIK3CA/mTOR 4L23 QYBGBLQCOOISAR-UHFFFAOYSA-N seed71 35.469s
3435/8070 SUCCESS PIK3CA/mTOR 4L23 QYBGBLQCOOISAR-UHFFFAOYSA-N seed101 35.231s
3436/8070 SUCCESS PIK3CA/mTOR 4JT6 QYBGBLQCOOISAR-UHFFFAOYSA-N seed17 35.393s
3437/8070 SUCCESS PIK3CA/mTOR 4JT6 QYBGBLQCOOISAR-UHFFFAOYSA-N seed29 35.368s
3438/8070 SUCCESS PIK3CA/mTOR 4JT6 QYBGBLQCOOISAR-UHFFFAOYSA-N seed42 35.057s
3439/8070 SUCCESS PIK3CA/mTOR 4JT6 QYBGBLQCOOISAR-UHFFFAOYSA-N seed71 35.473s
3440/8070 SUCCESS PIK3CA/mTOR 4JT6 QYBGBLQCOOISAR-UHFFFAOYSA-N seed101 35.423s
3441/8070 SUCCESS PIK3CA/mTOR 4L23 LGWACEZVCMBSKW-UHFFFAOYSA-N seed17 40.978s
3442/8070 SUCCESS PIK3CA/mTOR 4L23 LGWACEZVCMBSKW-UHFFFAOYSA-N seed29 39.617s
3443/8070 SUCCESS PIK3CA/mTOR 4L23 LGWACEZVCMBSKW-UHFFFAOYSA-N seed42 39.021s
3444/8070 SUCCESS PIK3CA/mTOR 4L23 LGWACEZVCMBSKW-UHFFFAOYSA-N seed71 40.75s
3445/8070 SUCCESS PIK3CA/mTOR 4JT6 LGWACEZVCMBSKW-UHFFFAOYSA-N seed17 35.728s
3446/8070 SUCCESS PIK3CA/mTOR 4L23 LGWACEZVCMBSKW-UHFFFAOYSA-N seed101 39.67s
3447/8070 SUCCESS PIK3CA/mTOR 4JT6 LGWACEZVCMBSKW-UHFFFAOYSA-N seed29 36.222s
3448/8070 SUCCESS PIK3CA/mTOR 4JT6 LGWACEZVCMBSKW-UHFFFAOYSA-N seed42 35.962s
3449/8070 SUCCESS PIK3CA/mTOR 4JT6 LGWACEZVCMBSKW-UHFFFAOYSA-N seed71 35.96s
3450/8070 SUCCESS PIK3CA/mTOR 4L23 RGHYDLZMTYDBDT-UHFFFAOYSA-N seed17 18.113s
3451/8070 SUCCESS PIK3CA/mTOR 4JT6 LGWACEZVCMBSKW-UHFFFAOYSA-N seed101 35.894s
3452/8070 SUCCESS PIK3CA/mTOR 4L23 RGHYDLZMTYDBDT-UHFFFAOYSA-N seed29 17.937s
3453/8070 SUCCESS PIK3CA/mTOR 4L23 RGHYDLZMTYDBDT-UHFFFAOYSA-N seed42 17.779s
3454/8070 SUCCESS PIK3CA/mTOR 4L23 RGHYDLZMTYDBDT-UHFFFAOYSA-N seed101 17.896s
3455/8070 SUCCESS PIK3CA/mTOR 4L23 RGHYDLZMTYDBDT-UHFFFAOYSA-N seed71 18.028s
3456/8070 SUCCESS PIK3CA/mTOR 4JT6 RGHYDLZMTYDBDT-UHFFFAOYSA-N seed17 18.094s
3457/8070 SUCCESS PIK3CA/mTOR 4JT6 RGHYDLZMTYDBDT-UHFFFAOYSA-N seed29 18.103s
3458/8070 SUCCESS PIK3CA/mTOR 4JT6 RGHYDLZMTYDBDT-UHFFFAOYSA-N seed42 18.094s
3459/8070 SUCCESS PIK3CA/mTOR 4JT6 RGHYDLZMTYDBDT-UHFFFAOYSA-N seed71 18.174s
3460/8070 SUCCESS PIK3CA/mTOR 4JT6 RGHYDLZMTYDBDT-UHFFFAOYSA-N seed101 18.314s
3461/8070 SUCCESS PIK3CA/mTOR 4L23 ACCFLVVUVBJNGT-AWEZNQCLSA-N seed17 55.479s
3462/8070 SUCCESS PIK3CA/mTOR 4L23 ACCFLVVUVBJNGT-AWEZNQCLSA-N seed29 55.757s
3463/8070 SUCCESS PIK3CA/mTOR 4L23 ACCFLVVUVBJNGT-AWEZNQCLSA-N seed42 55.285s
3464/8070 SUCCESS PIK3CA/mTOR 4L23 ACCFLVVUVBJNGT-AWEZNQCLSA-N seed71 56.11s
3465/8070 SUCCESS PIK3CA/mTOR 4L23 ACCFLVVUVBJNGT-AWEZNQCLSA-N seed101 55.681s
3466/8070 SUCCESS PIK3CA/mTOR 4JT6 ACCFLVVUVBJNGT-AWEZNQCLSA-N seed17 55.192s
3467/8070 SUCCESS PIK3CA/mTOR 4JT6 ACCFLVVUVBJNGT-AWEZNQCLSA-N seed29 54.556s
3468/8070 SUCCESS PIK3CA/mTOR 4JT6 ACCFLVVUVBJNGT-AWEZNQCLSA-N seed42 55.029s
3469/8070 SUCCESS PIK3CA/mTOR 4JT6 ACCFLVVUVBJNGT-AWEZNQCLSA-N seed71 54.682s
3470/8070 SUCCESS PIK3CA/mTOR 4JT6 ACCFLVVUVBJNGT-AWEZNQCLSA-N seed101 55.257s
3471/8070 SUCCESS PIK3CA/mTOR 4L23 HGVNLRPZOWWDKD-UHFFFAOYSA-N seed17 57.171s
3472/8070 SUCCESS PIK3CA/mTOR 4L23 HGVNLRPZOWWDKD-UHFFFAOYSA-N seed29 59.465s
3473/8070 SUCCESS PIK3CA/mTOR 4L23 HGVNLRPZOWWDKD-UHFFFAOYSA-N seed42 57.905s
3474/8070 SUCCESS PIK3CA/mTOR 4JT6 HGVNLRPZOWWDKD-UHFFFAOYSA-N seed17 52.774s
3475/8070 SUCCESS PIK3CA/mTOR 4L23 HGVNLRPZOWWDKD-UHFFFAOYSA-N seed101 58.685s
3476/8070 SUCCESS PIK3CA/mTOR 4L23 HGVNLRPZOWWDKD-UHFFFAOYSA-N seed71 59.372s
3477/8070 SUCCESS PIK3CA/mTOR 4JT6 HGVNLRPZOWWDKD-UHFFFAOYSA-N seed29 53.428s
3478/8070 SUCCESS PIK3CA/mTOR 4JT6 HGVNLRPZOWWDKD-UHFFFAOYSA-N seed42 53.232s
3479/8070 SUCCESS PIK3CA/mTOR 4JT6 HGVNLRPZOWWDKD-UHFFFAOYSA-N seed71 51.667s
3480/8070 SUCCESS PIK3CA/mTOR 4JT6 HGVNLRPZOWWDKD-UHFFFAOYSA-N seed101 51.462s
3481/8070 SUCCESS PIK3CA/mTOR 4L23 BEUQXVWXFDOSAQ-UHFFFAOYSA-N seed17 220.56s
3482/8070 SUCCESS PIK3CA/mTOR 4L23 BEUQXVWXFDOSAQ-UHFFFAOYSA-N seed29 221.331s
3483/8070 SUCCESS PIK3CA/mTOR 4L23 BEUQXVWXFDOSAQ-UHFFFAOYSA-N seed42 220.636s
3484/8070 SUCCESS PIK3CA/mTOR 4L23 BEUQXVWXFDOSAQ-UHFFFAOYSA-N seed71 221.945s
3485/8070 SUCCESS PIK3CA/mTOR 4L23 BEUQXVWXFDOSAQ-UHFFFAOYSA-N seed101 220.932s
3486/8070 SUCCESS PIK3CA/mTOR 4JT6 BEUQXVWXFDOSAQ-UHFFFAOYSA-N seed17 215.761s
3487/8070 SUCCESS PIK3CA/mTOR 4L23 MMHAEDBURINXPB-UONOGXRCSA-N seed29 174.092s
3488/8070 SUCCESS PIK3CA/mTOR 4L23 MMHAEDBURINXPB-UONOGXRCSA-N seed17 177.426s
3489/8070 SUCCESS PIK3CA/mTOR 4JT6 BEUQXVWXFDOSAQ-UHFFFAOYSA-N seed29 220.104s
3490/8070 SUCCESS PIK3CA/mTOR 4JT6 BEUQXVWXFDOSAQ-UHFFFAOYSA-N seed71 219.205s
3491/8070 SUCCESS PIK3CA/mTOR 4JT6 BEUQXVWXFDOSAQ-UHFFFAOYSA-N seed42 222.623s
3492/8070 SUCCESS PIK3CA/mTOR 4JT6 BEUQXVWXFDOSAQ-UHFFFAOYSA-N seed101 223.323s
3493/8070 SUCCESS PIK3CA/mTOR 4L23 MMHAEDBURINXPB-UONOGXRCSA-N seed42 183.797s
3494/8070 SUCCESS PIK3CA/mTOR 4L23 MMHAEDBURINXPB-UONOGXRCSA-N seed71 185.576s
3495/8070 SUCCESS PIK3CA/mTOR 4JT6 MMHAEDBURINXPB-UONOGXRCSA-N seed29 186.025s
3496/8070 SUCCESS PIK3CA/mTOR 4L23 MMHAEDBURINXPB-UONOGXRCSA-N seed101 190.698s
3497/8070 SUCCESS PIK3CA/mTOR 4JT6 MMHAEDBURINXPB-UONOGXRCSA-N seed17 191.268s
3498/8070 SUCCESS PIK3CA/mTOR 4JT6 MMHAEDBURINXPB-UONOGXRCSA-N seed42 185.489s
3499/8070 SUCCESS PIK3CA/mTOR 4L23 BOVRFNAULGLSIP-UHFFFAOYSA-N seed17 46.997s
3500/8070 SUCCESS PIK3CA/mTOR 4L23 BOVRFNAULGLSIP-UHFFFAOYSA-N seed29 46.334s
3501/8070 SUCCESS PIK3CA/mTOR 4L23 BOVRFNAULGLSIP-UHFFFAOYSA-N seed42 44.834s
3502/8070 SUCCESS PIK3CA/mTOR 4L23 BOVRFNAULGLSIP-UHFFFAOYSA-N seed71 46.021s
3503/8070 SUCCESS PIK3CA/mTOR 4JT6 BOVRFNAULGLSIP-UHFFFAOYSA-N seed17 41.925s
3504/8070 SUCCESS PIK3CA/mTOR 4JT6 BOVRFNAULGLSIP-UHFFFAOYSA-N seed29 41.308s
3505/8070 SUCCESS PIK3CA/mTOR 4L23 BOVRFNAULGLSIP-UHFFFAOYSA-N seed101 44.462s
3506/8070 SUCCESS PIK3CA/mTOR 4JT6 BOVRFNAULGLSIP-UHFFFAOYSA-N seed42 41.714s
3507/8070 SUCCESS PIK3CA/mTOR 4JT6 BOVRFNAULGLSIP-UHFFFAOYSA-N seed71 42.503s
3508/8070 SUCCESS PIK3CA/mTOR 4JT6 BOVRFNAULGLSIP-UHFFFAOYSA-N seed101 42.943s
3509/8070 SUCCESS PIK3CA/mTOR 4JT6 MMHAEDBURINXPB-UONOGXRCSA-N seed71 176.599s
3510/8070 SUCCESS PIK3CA/mTOR 4JT6 MMHAEDBURINXPB-UONOGXRCSA-N seed101 174.307s
3511/8070 SUCCESS PIK3CA/mTOR 4L23 STUWGJZDJHPWGZ-LBPRGKRZSA-N seed17 83.85s
3512/8070 SUCCESS PIK3CA/mTOR 4L23 STUWGJZDJHPWGZ-LBPRGKRZSA-N seed29 86.003s
3513/8070 SUCCESS PIK3CA/mTOR 4L23 STUWGJZDJHPWGZ-LBPRGKRZSA-N seed42 84.787s
3514/8070 SUCCESS PIK3CA/mTOR 4L23 STUWGJZDJHPWGZ-LBPRGKRZSA-N seed71 85.3s
3515/8070 SUCCESS PIK3CA/mTOR 4JT6 STUWGJZDJHPWGZ-LBPRGKRZSA-N seed17 80.256s
3516/8070 SUCCESS PIK3CA/mTOR 4L23 STUWGJZDJHPWGZ-LBPRGKRZSA-N seed101 84.524s
3517/8070 SUCCESS PIK3CA/mTOR 4JT6 STUWGJZDJHPWGZ-LBPRGKRZSA-N seed29 81.047s
3518/8070 SUCCESS PIK3CA/mTOR 4JT6 STUWGJZDJHPWGZ-LBPRGKRZSA-N seed42 81.133s
3519/8070 SUCCESS PIK3CA/mTOR 4JT6 STUWGJZDJHPWGZ-LBPRGKRZSA-N seed71 80.248s
3520/8070 SUCCESS PIK3CA/mTOR 4JT6 STUWGJZDJHPWGZ-LBPRGKRZSA-N seed101 79.703s
3521/8070 SUCCESS PIK3CA/mTOR 4L23 IVKKCJGVURSPCR-UHFFFAOYSA-N seed17 72.132s
3522/8070 SUCCESS PIK3CA/mTOR 4L23 IVKKCJGVURSPCR-UHFFFAOYSA-N seed29 70.543s
3523/8070 SUCCESS PIK3CA/mTOR 4L23 IVKKCJGVURSPCR-UHFFFAOYSA-N seed42 70.886s
3524/8070 SUCCESS PIK3CA/mTOR 4L23 IVKKCJGVURSPCR-UHFFFAOYSA-N seed71 72.258s
3525/8070 SUCCESS PIK3CA/mTOR 4L23 IVKKCJGVURSPCR-UHFFFAOYSA-N seed101 71.381s
3526/8070 SUCCESS PIK3CA/mTOR 4JT6 IVKKCJGVURSPCR-UHFFFAOYSA-N seed17 72.813s
3527/8070 SUCCESS PIK3CA/mTOR 4JT6 IVKKCJGVURSPCR-UHFFFAOYSA-N seed29 73.76s
3528/8070 SUCCESS PIK3CA/mTOR 4JT6 IVKKCJGVURSPCR-UHFFFAOYSA-N seed42 72.68s
3529/8070 SUCCESS PIK3CA/mTOR 4JT6 IVKKCJGVURSPCR-UHFFFAOYSA-N seed71 71.636s
3530/8070 SUCCESS PIK3CA/mTOR 4L23 XPMQWMAEFFQIRZ-UHFFFAOYSA-N seed17 38.414s
3531/8070 SUCCESS PIK3CA/mTOR 4JT6 IVKKCJGVURSPCR-UHFFFAOYSA-N seed101 73.13s
3532/8070 SUCCESS PIK3CA/mTOR 4L23 XPMQWMAEFFQIRZ-UHFFFAOYSA-N seed29 37.398s
3533/8070 SUCCESS PIK3CA/mTOR 4L23 XPMQWMAEFFQIRZ-UHFFFAOYSA-N seed42 36.889s
3534/8070 SUCCESS PIK3CA/mTOR 4L23 XPMQWMAEFFQIRZ-UHFFFAOYSA-N seed71 36.903s
3535/8070 SUCCESS PIK3CA/mTOR 4L23 XPMQWMAEFFQIRZ-UHFFFAOYSA-N seed101 36.372s
3536/8070 SUCCESS PIK3CA/mTOR 4JT6 XPMQWMAEFFQIRZ-UHFFFAOYSA-N seed17 36.46s
3537/8070 SUCCESS PIK3CA/mTOR 4JT6 XPMQWMAEFFQIRZ-UHFFFAOYSA-N seed29 36.935s
3538/8070 SUCCESS PIK3CA/mTOR 4JT6 XPMQWMAEFFQIRZ-UHFFFAOYSA-N seed42 37.128s
3539/8070 SUCCESS PIK3CA/mTOR 4JT6 XPMQWMAEFFQIRZ-UHFFFAOYSA-N seed101 37.466s
3540/8070 SUCCESS PIK3CA/mTOR 4JT6 XPMQWMAEFFQIRZ-UHFFFAOYSA-N seed71 37.971s
3541/8070 SUCCESS PIK3CA/mTOR 4L23 QIUASFSNWYMDFS-NILGECQDSA-N seed17 140.367s
3542/8070 SUCCESS PIK3CA/mTOR 4L23 QIUASFSNWYMDFS-NILGECQDSA-N seed29 137.841s
3543/8070 SUCCESS PIK3CA/mTOR 4L23 QIUASFSNWYMDFS-NILGECQDSA-N seed71 137.232s
3544/8070 SUCCESS PIK3CA/mTOR 4L23 QIUASFSNWYMDFS-NILGECQDSA-N seed42 146.469s
3545/8070 SUCCESS PIK3CA/mTOR 4L23 QIUASFSNWYMDFS-NILGECQDSA-N seed101 142.766s
3546/8070 SUCCESS PIK3CA/mTOR 4JT6 QIUASFSNWYMDFS-NILGECQDSA-N seed17 154.632s
3547/8070 SUCCESS PIK3CA/mTOR 4JT6 QIUASFSNWYMDFS-NILGECQDSA-N seed29 159.273s
3548/8070 SUCCESS PIK3CA/mTOR 4JT6 QIUASFSNWYMDFS-NILGECQDSA-N seed42 157.461s
3549/8070 SUCCESS PIK3CA/mTOR 4JT6 QIUASFSNWYMDFS-NILGECQDSA-N seed71 159.217s
3550/8070 SUCCESS PIK3CA/mTOR 4JT6 QIUASFSNWYMDFS-NILGECQDSA-N seed101 158.67s
3551/8070 SUCCESS PIK3CA/mTOR 4L23 BQIOEDLTIQWUAZ-UHFFFAOYSA-N seed17 211.531s
3552/8070 SUCCESS PIK3CA/mTOR 4L23 BQIOEDLTIQWUAZ-UHFFFAOYSA-N seed29 209.983s
3553/8070 SUCCESS PIK3CA/mTOR 4L23 BQIOEDLTIQWUAZ-UHFFFAOYSA-N seed71 205.561s
3554/8070 SUCCESS PIK3CA/mTOR 4L23 BQIOEDLTIQWUAZ-UHFFFAOYSA-N seed42 213.405s
3555/8070 SUCCESS PIK3CA/mTOR 4L23 BQIOEDLTIQWUAZ-UHFFFAOYSA-N seed101 205.477s
3556/8070 SUCCESS PIK3CA/mTOR 4JT6 BQIOEDLTIQWUAZ-UHFFFAOYSA-N seed17 223.408s
3557/8070 SUCCESS PIK3CA/mTOR 4JT6 BQIOEDLTIQWUAZ-UHFFFAOYSA-N seed29 226.367s
3558/8070 SUCCESS PIK3CA/mTOR 4JT6 BQIOEDLTIQWUAZ-UHFFFAOYSA-N seed42 223.516s
3559/8070 SUCCESS PIK3CA/mTOR 4L23 IKMZBKGFXVMTRE-UHFFFAOYSA-N seed17 125.468s
3560/8070 SUCCESS PIK3CA/mTOR 4L23 IKMZBKGFXVMTRE-UHFFFAOYSA-N seed29 123.197s
3561/8070 SUCCESS PIK3CA/mTOR 4JT6 BQIOEDLTIQWUAZ-UHFFFAOYSA-N seed71 225.086s
3562/8070 SUCCESS PIK3CA/mTOR 4L23 IKMZBKGFXVMTRE-UHFFFAOYSA-N seed42 121.484s
3563/8070 SUCCESS PIK3CA/mTOR 4JT6 BQIOEDLTIQWUAZ-UHFFFAOYSA-N seed101 225.279s
3564/8070 SUCCESS PIK3CA/mTOR 4L23 IKMZBKGFXVMTRE-UHFFFAOYSA-N seed71 121.18s
3565/8070 SUCCESS PIK3CA/mTOR 4L23 IKMZBKGFXVMTRE-UHFFFAOYSA-N seed101 119.463s
3566/8070 SUCCESS PIK3CA/mTOR 4JT6 IKMZBKGFXVMTRE-UHFFFAOYSA-N seed17 134.341s
3567/8070 SUCCESS PIK3CA/mTOR 4L23 LOCCAHWMIIHOFH-UHFFFAOYSA-N seed17 108.39s
3568/8070 SUCCESS PIK3CA/mTOR 4JT6 IKMZBKGFXVMTRE-UHFFFAOYSA-N seed29 133.08s
3569/8070 SUCCESS PIK3CA/mTOR 4JT6 IKMZBKGFXVMTRE-UHFFFAOYSA-N seed71 129.58s
3570/8070 SUCCESS PIK3CA/mTOR 4JT6 IKMZBKGFXVMTRE-UHFFFAOYSA-N seed42 133.995s
3571/8070 SUCCESS PIK3CA/mTOR 4JT6 IKMZBKGFXVMTRE-UHFFFAOYSA-N seed101 131.876s
3572/8070 SUCCESS PIK3CA/mTOR 4L23 LOCCAHWMIIHOFH-UHFFFAOYSA-N seed29 103.975s
3573/8070 SUCCESS PIK3CA/mTOR 4L23 LOCCAHWMIIHOFH-UHFFFAOYSA-N seed71 104.709s
3574/8070 SUCCESS PIK3CA/mTOR 4L23 LOCCAHWMIIHOFH-UHFFFAOYSA-N seed42 105.235s
3575/8070 SUCCESS PIK3CA/mTOR 4L23 LOCCAHWMIIHOFH-UHFFFAOYSA-N seed101 105.318s
3576/8070 SUCCESS PIK3CA/mTOR 4JT6 LOCCAHWMIIHOFH-UHFFFAOYSA-N seed17 107.652s
3577/8070 SUCCESS PIK3CA/mTOR 4JT6 LOCCAHWMIIHOFH-UHFFFAOYSA-N seed29 108.488s
3578/8070 SUCCESS PIK3CA/mTOR 4JT6 LOCCAHWMIIHOFH-UHFFFAOYSA-N seed42 106.454s
3579/8070 SUCCESS PIK3CA/mTOR 4L23 JTIBGKGGRQKKJP-UHFFFAOYSA-N seed17 65.116s
3580/8070 SUCCESS PIK3CA/mTOR 4L23 JTIBGKGGRQKKJP-UHFFFAOYSA-N seed29 64.542s
3581/8070 SUCCESS PIK3CA/mTOR 4L23 JTIBGKGGRQKKJP-UHFFFAOYSA-N seed42 65.306s
3582/8070 SUCCESS PIK3CA/mTOR 4L23 JTIBGKGGRQKKJP-UHFFFAOYSA-N seed71 65.313s
3583/8070 SUCCESS PIK3CA/mTOR 4JT6 LOCCAHWMIIHOFH-UHFFFAOYSA-N seed71 106.838s
3584/8070 SUCCESS PIK3CA/mTOR 4JT6 LOCCAHWMIIHOFH-UHFFFAOYSA-N seed101 107.852s
3585/8070 SUCCESS PIK3CA/mTOR 4L23 JTIBGKGGRQKKJP-UHFFFAOYSA-N seed101 66.156s
3586/8070 SUCCESS PIK3CA/mTOR 4JT6 JTIBGKGGRQKKJP-UHFFFAOYSA-N seed17 65.108s
3587/8070 SUCCESS PIK3CA/mTOR 4JT6 JTIBGKGGRQKKJP-UHFFFAOYSA-N seed29 66.423s
3588/8070 SUCCESS PIK3CA/mTOR 4JT6 JTIBGKGGRQKKJP-UHFFFAOYSA-N seed42 67.316s
3589/8070 SUCCESS PIK3CA/mTOR 4JT6 JTIBGKGGRQKKJP-UHFFFAOYSA-N seed71 66.582s
3590/8070 SUCCESS PIK3CA/mTOR 4JT6 JTIBGKGGRQKKJP-UHFFFAOYSA-N seed101 67.588s
3591/8070 SUCCESS PIK3CA/mTOR 4L23 IRTDIKMSKMREGO-OAHLLOKOSA-N seed17 113.069s
3592/8070 SUCCESS PIK3CA/mTOR 4L23 IRTDIKMSKMREGO-OAHLLOKOSA-N seed29 110.019s
3593/8070 SUCCESS PIK3CA/mTOR 4L23 IRTDIKMSKMREGO-OAHLLOKOSA-N seed42 115.038s
3594/8070 SUCCESS PIK3CA/mTOR 4JT6 IRTDIKMSKMREGO-OAHLLOKOSA-N seed17 102.847s
3595/8070 SUCCESS PIK3CA/mTOR 4L23 IRTDIKMSKMREGO-OAHLLOKOSA-N seed71 114.623s
3596/8070 SUCCESS PIK3CA/mTOR 4L23 IRTDIKMSKMREGO-OAHLLOKOSA-N seed101 112.632s
3597/8070 SUCCESS PIK3CA/mTOR 4JT6 IRTDIKMSKMREGO-OAHLLOKOSA-N seed42 102.265s
3598/8070 SUCCESS PIK3CA/mTOR 4JT6 IRTDIKMSKMREGO-OAHLLOKOSA-N seed29 103.616s
3599/8070 SUCCESS PIK3CA/mTOR 4JT6 IRTDIKMSKMREGO-OAHLLOKOSA-N seed71 104.951s
3600/8070 SUCCESS PIK3CA/mTOR 4JT6 IRTDIKMSKMREGO-OAHLLOKOSA-N seed101 103.977s
3601/8070 SUCCESS PIK3CA/mTOR 4L23 AATCBLYHOUOCTO-UHFFFAOYSA-N seed17 340.334s
3602/8070 SUCCESS PIK3CA/mTOR 4L23 AATCBLYHOUOCTO-UHFFFAOYSA-N seed29 341.75s
3603/8070 SUCCESS PIK3CA/mTOR 4JT6 AATCBLYHOUOCTO-UHFFFAOYSA-N seed17 285.565s
3604/8070 SUCCESS PIK3CA/mTOR 4L23 AATCBLYHOUOCTO-UHFFFAOYSA-N seed71 333.552s
3605/8070 SUCCESS PIK3CA/mTOR 4L23 AATCBLYHOUOCTO-UHFFFAOYSA-N seed42 335.053s
3606/8070 SUCCESS PIK3CA/mTOR 4L23 AATCBLYHOUOCTO-UHFFFAOYSA-N seed101 330.749s
3607/8070 SUCCESS PIK3CA/mTOR 4L23 KNRONZUHGXIQLA-UHFFFAOYSA-N seed17 51.391s
3608/8070 SUCCESS PIK3CA/mTOR 4L23 KNRONZUHGXIQLA-UHFFFAOYSA-N seed29 52.088s
3609/8070 SUCCESS PIK3CA/mTOR 4L23 KNRONZUHGXIQLA-UHFFFAOYSA-N seed42 51.224s
3610/8070 SUCCESS PIK3CA/mTOR 4L23 KNRONZUHGXIQLA-UHFFFAOYSA-N seed71 51.175s
3611/8070 SUCCESS PIK3CA/mTOR 4L23 KNRONZUHGXIQLA-UHFFFAOYSA-N seed101 51.88s
3612/8070 SUCCESS PIK3CA/mTOR 4JT6 KNRONZUHGXIQLA-UHFFFAOYSA-N seed17 51.358s
3613/8070 SUCCESS PIK3CA/mTOR 4JT6 KNRONZUHGXIQLA-UHFFFAOYSA-N seed29 51.221s
3614/8070 SUCCESS PIK3CA/mTOR 4JT6 AATCBLYHOUOCTO-UHFFFAOYSA-N seed29 276.716s
3615/8070 SUCCESS PIK3CA/mTOR 4JT6 KNRONZUHGXIQLA-UHFFFAOYSA-N seed42 51.324s
3616/8070 SUCCESS PIK3CA/mTOR 4JT6 AATCBLYHOUOCTO-UHFFFAOYSA-N seed42 287.638s
3617/8070 SUCCESS PIK3CA/mTOR 4JT6 KNRONZUHGXIQLA-UHFFFAOYSA-N seed71 51.311s
3618/8070 SUCCESS PIK3CA/mTOR 4JT6 AATCBLYHOUOCTO-UHFFFAOYSA-N seed71 279.133s
3619/8070 SUCCESS PIK3CA/mTOR 4JT6 KNRONZUHGXIQLA-UHFFFAOYSA-N seed101 52.206s
3620/8070 SUCCESS PIK3CA/mTOR 4L23 IPWXWKUTJBMKOZ-UHFFFAOYSA-N seed17 54.233s
3621/8070 SUCCESS PIK3CA/mTOR 4JT6 AATCBLYHOUOCTO-UHFFFAOYSA-N seed101 275.93s
3622/8070 SUCCESS PIK3CA/mTOR 4L23 IPWXWKUTJBMKOZ-UHFFFAOYSA-N seed29 53.274s
3623/8070 SUCCESS PIK3CA/mTOR 4L23 IPWXWKUTJBMKOZ-UHFFFAOYSA-N seed42 51.158s
3624/8070 SUCCESS PIK3CA/mTOR 4L23 IPWXWKUTJBMKOZ-UHFFFAOYSA-N seed71 51.309s
3625/8070 SUCCESS PIK3CA/mTOR 4JT6 IPWXWKUTJBMKOZ-UHFFFAOYSA-N seed17 45.566s
3626/8070 SUCCESS PIK3CA/mTOR 4L23 IPWXWKUTJBMKOZ-UHFFFAOYSA-N seed101 50.507s
3627/8070 SUCCESS PIK3CA/mTOR 4JT6 IPWXWKUTJBMKOZ-UHFFFAOYSA-N seed29 45.782s
3628/8070 SUCCESS PIK3CA/mTOR 4JT6 IPWXWKUTJBMKOZ-UHFFFAOYSA-N seed42 46.311s
3629/8070 SUCCESS PIK3CA/mTOR 4JT6 IPWXWKUTJBMKOZ-UHFFFAOYSA-N seed71 46.272s
3630/8070 SUCCESS PIK3CA/mTOR 4JT6 IPWXWKUTJBMKOZ-UHFFFAOYSA-N seed101 47.652s
3631/8070 SUCCESS PIK3CA/mTOR 4L23 QLHHRYZMBGPBJG-UHFFFAOYSA-N seed29 162.071s
3632/8070 SUCCESS PIK3CA/mTOR 4L23 QLHHRYZMBGPBJG-UHFFFAOYSA-N seed17 166.293s
3633/8070 SUCCESS PIK3CA/mTOR 4L23 QLHHRYZMBGPBJG-UHFFFAOYSA-N seed42 170.737s
3634/8070 SUCCESS PIK3CA/mTOR 4L23 QLHHRYZMBGPBJG-UHFFFAOYSA-N seed71 166.389s
3635/8070 SUCCESS PIK3CA/mTOR 4JT6 QLHHRYZMBGPBJG-UHFFFAOYSA-N seed17 151.451s
3636/8070 SUCCESS PIK3CA/mTOR 4L23 QLHHRYZMBGPBJG-UHFFFAOYSA-N seed101 161.891s
3637/8070 SUCCESS PIK3CA/mTOR 4L23 JROFGZPOBKIAEW-HAQNSBGRSA-N seed17 58.019s
3638/8070 SUCCESS PIK3CA/mTOR 4L23 JROFGZPOBKIAEW-HAQNSBGRSA-N seed29 58.308s
3639/8070 SUCCESS PIK3CA/mTOR 4JT6 QLHHRYZMBGPBJG-UHFFFAOYSA-N seed29 148.006s
3640/8070 SUCCESS PIK3CA/mTOR 4L23 JROFGZPOBKIAEW-HAQNSBGRSA-N seed42 58.394s
3641/8070 SUCCESS PIK3CA/mTOR 4L23 JROFGZPOBKIAEW-HAQNSBGRSA-N seed71 58.342s
3642/8070 SUCCESS PIK3CA/mTOR 4JT6 QLHHRYZMBGPBJG-UHFFFAOYSA-N seed42 149.626s
3643/8070 SUCCESS PIK3CA/mTOR 4JT6 QLHHRYZMBGPBJG-UHFFFAOYSA-N seed71 149.175s
3644/8070 SUCCESS PIK3CA/mTOR 4JT6 QLHHRYZMBGPBJG-UHFFFAOYSA-N seed101 153.757s
3645/8070 SUCCESS PIK3CA/mTOR 4L23 JROFGZPOBKIAEW-HAQNSBGRSA-N seed101 56.643s
3646/8070 SUCCESS PIK3CA/mTOR 4JT6 JROFGZPOBKIAEW-HAQNSBGRSA-N seed17 56.643s
3647/8070 SUCCESS PIK3CA/mTOR 4JT6 JROFGZPOBKIAEW-HAQNSBGRSA-N seed29 57.125s
3648/8070 SUCCESS PIK3CA/mTOR 4JT6 JROFGZPOBKIAEW-HAQNSBGRSA-N seed42 57.52s
3649/8070 SUCCESS PIK3CA/mTOR 4JT6 JROFGZPOBKIAEW-HAQNSBGRSA-N seed71 57.698s
3650/8070 SUCCESS PIK3CA/mTOR 4JT6 JROFGZPOBKIAEW-HAQNSBGRSA-N seed101 56.696s
3651/8070 SUCCESS PIK3CA/mTOR 4L23 HBZPGFLLAMADHT-UHFFFAOYSA-N seed17 69.667s
3652/8070 SUCCESS PIK3CA/mTOR 4L23 HBZPGFLLAMADHT-UHFFFAOYSA-N seed29 69.694s
3653/8070 SUCCESS PIK3CA/mTOR 4L23 HBZPGFLLAMADHT-UHFFFAOYSA-N seed42 69.244s
3654/8070 SUCCESS PIK3CA/mTOR 4L23 HBZPGFLLAMADHT-UHFFFAOYSA-N seed71 70.505s
3655/8070 SUCCESS PIK3CA/mTOR 4L23 HBZPGFLLAMADHT-UHFFFAOYSA-N seed101 71.334s
3656/8070 SUCCESS PIK3CA/mTOR 4JT6 HBZPGFLLAMADHT-UHFFFAOYSA-N seed17 64.26s
3657/8070 SUCCESS PIK3CA/mTOR 4JT6 HBZPGFLLAMADHT-UHFFFAOYSA-N seed29 65.813s
3658/8070 SUCCESS PIK3CA/mTOR 4JT6 HBZPGFLLAMADHT-UHFFFAOYSA-N seed42 65.565s
3659/8070 SUCCESS PIK3CA/mTOR 4JT6 HBZPGFLLAMADHT-UHFFFAOYSA-N seed71 64.085s
3660/8070 SUCCESS PIK3CA/mTOR 4JT6 HBZPGFLLAMADHT-UHFFFAOYSA-N seed101 64.836s
3661/8070 SUCCESS PIK3CA/mTOR 4L23 YCSUYVMGFIAGHE-UHFFFAOYSA-N seed17 227.545s
3662/8070 SUCCESS PIK3CA/mTOR 4L23 YCSUYVMGFIAGHE-UHFFFAOYSA-N seed29 229.895s
3663/8070 SUCCESS PIK3CA/mTOR 4L23 YCSUYVMGFIAGHE-UHFFFAOYSA-N seed42 230.474s
3664/8070 SUCCESS PIK3CA/mTOR 4L23 YCSUYVMGFIAGHE-UHFFFAOYSA-N seed101 234.515s
3665/8070 SUCCESS PIK3CA/mTOR 4JT6 YCSUYVMGFIAGHE-UHFFFAOYSA-N seed17 232.378s
3666/8070 SUCCESS PIK3CA/mTOR 4L23 YCSUYVMGFIAGHE-UHFFFAOYSA-N seed71 242.135s
3667/8070 SUCCESS PIK3CA/mTOR 4L23 HAGVHIKZYFOZND-UHFFFAOYSA-N seed17 117.295s
3668/8070 SUCCESS PIK3CA/mTOR 4L23 HAGVHIKZYFOZND-UHFFFAOYSA-N seed29 116.201s
3669/8070 SUCCESS PIK3CA/mTOR 4JT6 YCSUYVMGFIAGHE-UHFFFAOYSA-N seed29 242.354s
3670/8070 SUCCESS PIK3CA/mTOR 4JT6 YCSUYVMGFIAGHE-UHFFFAOYSA-N seed42 249.422s
3671/8070 SUCCESS PIK3CA/mTOR 4JT6 YCSUYVMGFIAGHE-UHFFFAOYSA-N seed71 226.259s
3672/8070 SUCCESS PIK3CA/mTOR 4L23 HAGVHIKZYFOZND-UHFFFAOYSA-N seed42 112.78s
3673/8070 SUCCESS PIK3CA/mTOR 4JT6 YCSUYVMGFIAGHE-UHFFFAOYSA-N seed101 234.34s
3674/8070 SUCCESS PIK3CA/mTOR 4L23 HAGVHIKZYFOZND-UHFFFAOYSA-N seed71 117.585s
3675/8070 SUCCESS PIK3CA/mTOR 4JT6 HAGVHIKZYFOZND-UHFFFAOYSA-N seed17 100.216s
3676/8070 SUCCESS PIK3CA/mTOR 4L23 HAGVHIKZYFOZND-UHFFFAOYSA-N seed101 115.373s
3677/8070 SUCCESS PIK3CA/mTOR 4JT6 HAGVHIKZYFOZND-UHFFFAOYSA-N seed29 99.163s
3678/8070 SUCCESS PIK3CA/mTOR 4JT6 HAGVHIKZYFOZND-UHFFFAOYSA-N seed42 99.868s
3679/8070 SUCCESS PIK3CA/mTOR 4JT6 HAGVHIKZYFOZND-UHFFFAOYSA-N seed71 97.044s
3680/8070 SUCCESS PIK3CA/mTOR 4JT6 HAGVHIKZYFOZND-UHFFFAOYSA-N seed101 96.995s
3681/8070 SUCCESS PIK3CA/mTOR 4L23 NHRWVYXOCMJUIS-UHFFFAOYSA-N seed17 51.594s
3682/8070 SUCCESS PIK3CA/mTOR 4L23 NHRWVYXOCMJUIS-UHFFFAOYSA-N seed29 50.557s
3683/8070 SUCCESS PIK3CA/mTOR 4L23 NHRWVYXOCMJUIS-UHFFFAOYSA-N seed42 49.617s
3684/8070 SUCCESS PIK3CA/mTOR 4L23 NHRWVYXOCMJUIS-UHFFFAOYSA-N seed71 50.463s
3685/8070 SUCCESS PIK3CA/mTOR 4L23 NHRWVYXOCMJUIS-UHFFFAOYSA-N seed101 50.762s
3686/8070 SUCCESS PIK3CA/mTOR 4JT6 NHRWVYXOCMJUIS-UHFFFAOYSA-N seed17 49.581s
3687/8070 SUCCESS PIK3CA/mTOR 4JT6 NHRWVYXOCMJUIS-UHFFFAOYSA-N seed29 48.983s
3688/8070 SUCCESS PIK3CA/mTOR 4JT6 NHRWVYXOCMJUIS-UHFFFAOYSA-N seed42 48.335s
3689/8070 SUCCESS PIK3CA/mTOR 4JT6 NHRWVYXOCMJUIS-UHFFFAOYSA-N seed71 48.691s
3690/8070 SUCCESS PIK3CA/mTOR 4JT6 NHRWVYXOCMJUIS-UHFFFAOYSA-N seed101 48.718s
3691/8070 SUCCESS PIK3CA/mTOR 4L23 VZZGNDREIXJEAB-UHFFFAOYSA-N seed17 54.931s
3692/8070 SUCCESS PIK3CA/mTOR 4L23 VZZGNDREIXJEAB-UHFFFAOYSA-N seed29 53.688s
3693/8070 SUCCESS PIK3CA/mTOR 4L23 VZZGNDREIXJEAB-UHFFFAOYSA-N seed42 53.857s
3694/8070 SUCCESS PIK3CA/mTOR 4L23 VZZGNDREIXJEAB-UHFFFAOYSA-N seed71 54.212s
3695/8070 SUCCESS PIK3CA/mTOR 4L23 VZZGNDREIXJEAB-UHFFFAOYSA-N seed101 53.41s
3696/8070 SUCCESS PIK3CA/mTOR 4JT6 VZZGNDREIXJEAB-UHFFFAOYSA-N seed17 53.651s
3697/8070 SUCCESS PIK3CA/mTOR 4JT6 VZZGNDREIXJEAB-UHFFFAOYSA-N seed29 53.373s
3698/8070 SUCCESS PIK3CA/mTOR 4JT6 VZZGNDREIXJEAB-UHFFFAOYSA-N seed42 53.624s
3699/8070 SUCCESS PIK3CA/mTOR 4JT6 VZZGNDREIXJEAB-UHFFFAOYSA-N seed71 53.631s
3700/8070 SUCCESS PIK3CA/mTOR 4JT6 VZZGNDREIXJEAB-UHFFFAOYSA-N seed101 53.602s
3701/8070 SUCCESS PIK3CA/mTOR 4L23 DFFHBQFOKXDZFK-INIZCTEOSA-N seed17 70.701s
3702/8070 SUCCESS PIK3CA/mTOR 4L23 DFFHBQFOKXDZFK-INIZCTEOSA-N seed29 69.643s
3703/8070 SUCCESS PIK3CA/mTOR 4L23 DFFHBQFOKXDZFK-INIZCTEOSA-N seed42 67.955s
3704/8070 SUCCESS PIK3CA/mTOR 4L23 DFFHBQFOKXDZFK-INIZCTEOSA-N seed71 69.149s
3705/8070 SUCCESS PIK3CA/mTOR 4L23 DFFHBQFOKXDZFK-INIZCTEOSA-N seed101 70.175s
3706/8070 SUCCESS PIK3CA/mTOR 4JT6 DFFHBQFOKXDZFK-INIZCTEOSA-N seed17 68.909s
3707/8070 SUCCESS PIK3CA/mTOR 4JT6 DFFHBQFOKXDZFK-INIZCTEOSA-N seed29 69.59s
3708/8070 SUCCESS PIK3CA/mTOR 4JT6 DFFHBQFOKXDZFK-INIZCTEOSA-N seed42 69.395s
3709/8070 SUCCESS PIK3CA/mTOR 4JT6 DFFHBQFOKXDZFK-INIZCTEOSA-N seed71 69.034s
3710/8070 SUCCESS PIK3CA/mTOR 4JT6 DFFHBQFOKXDZFK-INIZCTEOSA-N seed101 69.685s
3711/8070 SUCCESS PIK3CA/mTOR 4L23 KVLFRAWTRWDEDF-IRXDYDNUSA-N seed29 92.684s
3712/8070 SUCCESS PIK3CA/mTOR 4L23 KVLFRAWTRWDEDF-IRXDYDNUSA-N seed17 96.125s
3713/8070 SUCCESS PIK3CA/mTOR 4L23 KVLFRAWTRWDEDF-IRXDYDNUSA-N seed42 90.825s
3714/8070 SUCCESS PIK3CA/mTOR 4L23 KVLFRAWTRWDEDF-IRXDYDNUSA-N seed71 89.312s
3715/8070 SUCCESS PIK3CA/mTOR 4L23 KVLFRAWTRWDEDF-IRXDYDNUSA-N seed101 88.64s
3716/8070 SUCCESS PIK3CA/mTOR 4JT6 KVLFRAWTRWDEDF-IRXDYDNUSA-N seed17 93.748s
3717/8070 SUCCESS PIK3CA/mTOR 4JT6 KVLFRAWTRWDEDF-IRXDYDNUSA-N seed42 94.156s
3718/8070 SUCCESS PIK3CA/mTOR 4JT6 KVLFRAWTRWDEDF-IRXDYDNUSA-N seed29 97.206s
3719/8070 SUCCESS PIK3CA/mTOR 4JT6 KVLFRAWTRWDEDF-IRXDYDNUSA-N seed71 93.737s
3720/8070 SUCCESS PIK3CA/mTOR 4JT6 KVLFRAWTRWDEDF-IRXDYDNUSA-N seed101 95.647s
3721/8070 SUCCESS PIK3CA/mTOR 4L23 KPSKKPDRNSLZRB-HOTGVXAUSA-N seed17 109.361s
3722/8070 SUCCESS PIK3CA/mTOR 4L23 KPSKKPDRNSLZRB-HOTGVXAUSA-N seed29 110.805s
3723/8070 SUCCESS PIK3CA/mTOR 4L23 KPSKKPDRNSLZRB-HOTGVXAUSA-N seed42 109.683s
3724/8070 SUCCESS PIK3CA/mTOR 4L23 KPSKKPDRNSLZRB-HOTGVXAUSA-N seed71 112.904s
3725/8070 SUCCESS PIK3CA/mTOR 4L23 KPSKKPDRNSLZRB-HOTGVXAUSA-N seed101 109.798s
3726/8070 SUCCESS PIK3CA/mTOR 4JT6 KPSKKPDRNSLZRB-HOTGVXAUSA-N seed17 98.553s
3727/8070 SUCCESS PIK3CA/mTOR 4JT6 KPSKKPDRNSLZRB-HOTGVXAUSA-N seed29 98.205s
3728/8070 SUCCESS PIK3CA/mTOR 4JT6 KPSKKPDRNSLZRB-HOTGVXAUSA-N seed42 99.623s
3729/8070 SUCCESS PIK3CA/mTOR 4JT6 KPSKKPDRNSLZRB-HOTGVXAUSA-N seed71 98.749s
3730/8070 SUCCESS PIK3CA/mTOR 4JT6 KPSKKPDRNSLZRB-HOTGVXAUSA-N seed101 97.66s
3731/8070 SUCCESS PIK3CA/mTOR 4L23 RFSMUFRPPYDYRD-CALCHBBNSA-N seed29 92.035s
3732/8070 SUCCESS PIK3CA/mTOR 4L23 RFSMUFRPPYDYRD-CALCHBBNSA-N seed17 100.1s
3733/8070 SUCCESS PIK3CA/mTOR 4L23 RFSMUFRPPYDYRD-CALCHBBNSA-N seed42 94.514s
3734/8070 SUCCESS PIK3CA/mTOR 4L23 RFSMUFRPPYDYRD-CALCHBBNSA-N seed71 90.734s
3735/8070 SUCCESS PIK3CA/mTOR 4L23 RFSMUFRPPYDYRD-CALCHBBNSA-N seed101 89.063s
3736/8070 SUCCESS PIK3CA/mTOR 4JT6 RFSMUFRPPYDYRD-CALCHBBNSA-N seed17 93.197s
3737/8070 SUCCESS PIK3CA/mTOR 4L23 UOKGZPYGRJDACN-UHFFFAOYSA-N seed17 19.659s
3738/8070 SUCCESS PIK3CA/mTOR 4L23 UOKGZPYGRJDACN-UHFFFAOYSA-N seed29 19.732s
3739/8070 SUCCESS PIK3CA/mTOR 4JT6 RFSMUFRPPYDYRD-CALCHBBNSA-N seed29 94.134s
3740/8070 SUCCESS PIK3CA/mTOR 4JT6 RFSMUFRPPYDYRD-CALCHBBNSA-N seed42 93.681s
3741/8070 SUCCESS PIK3CA/mTOR 4L23 UOKGZPYGRJDACN-UHFFFAOYSA-N seed42 19.5s
3742/8070 SUCCESS PIK3CA/mTOR 4L23 UOKGZPYGRJDACN-UHFFFAOYSA-N seed71 19.075s
3743/8070 SUCCESS PIK3CA/mTOR 4L23 UOKGZPYGRJDACN-UHFFFAOYSA-N seed101 18.964s
3744/8070 SUCCESS PIK3CA/mTOR 4JT6 RFSMUFRPPYDYRD-CALCHBBNSA-N seed71 93.576s
3745/8070 SUCCESS PIK3CA/mTOR 4JT6 UOKGZPYGRJDACN-UHFFFAOYSA-N seed17 18.15s
3746/8070 SUCCESS PIK3CA/mTOR 4JT6 UOKGZPYGRJDACN-UHFFFAOYSA-N seed29 18.522s
3747/8070 SUCCESS PIK3CA/mTOR 4JT6 RFSMUFRPPYDYRD-CALCHBBNSA-N seed101 92.862s
3748/8070 SUCCESS PIK3CA/mTOR 4JT6 UOKGZPYGRJDACN-UHFFFAOYSA-N seed42 18.288s
3749/8070 SUCCESS PIK3CA/mTOR 4JT6 UOKGZPYGRJDACN-UHFFFAOYSA-N seed71 18.699s
3750/8070 SUCCESS PIK3CA/mTOR 4JT6 UOKGZPYGRJDACN-UHFFFAOYSA-N seed101 18.887s
3751/8070 SUCCESS PIK3CA/mTOR 4L23 ICPHLXAHKNXIGM-UHFFFAOYSA-N seed17 80.599s
3752/8070 SUCCESS PIK3CA/mTOR 4L23 ICPHLXAHKNXIGM-UHFFFAOYSA-N seed29 81.864s
3753/8070 SUCCESS PIK3CA/mTOR 4L23 ICPHLXAHKNXIGM-UHFFFAOYSA-N seed42 82.903s
3754/8070 SUCCESS PIK3CA/mTOR 4L23 ICPHLXAHKNXIGM-UHFFFAOYSA-N seed71 80.812s
3755/8070 SUCCESS PIK3CA/mTOR 4JT6 ICPHLXAHKNXIGM-UHFFFAOYSA-N seed17 76.773s
3756/8070 SUCCESS PIK3CA/mTOR 4L23 ICPHLXAHKNXIGM-UHFFFAOYSA-N seed101 83.905s
3757/8070 SUCCESS PIK3CA/mTOR 4L23 JDOVRLNHIYWZKZ-UHFFFAOYSA-N seed17 31.122s
3758/8070 SUCCESS PIK3CA/mTOR 4L23 JDOVRLNHIYWZKZ-UHFFFAOYSA-N seed29 31.027s
3759/8070 SUCCESS PIK3CA/mTOR 4L23 JDOVRLNHIYWZKZ-UHFFFAOYSA-N seed42 31.167s
3760/8070 SUCCESS PIK3CA/mTOR 4JT6 ICPHLXAHKNXIGM-UHFFFAOYSA-N seed29 75.166s
3761/8070 SUCCESS PIK3CA/mTOR 4L23 JDOVRLNHIYWZKZ-UHFFFAOYSA-N seed71 31.089s
3762/8070 SUCCESS PIK3CA/mTOR 4JT6 ICPHLXAHKNXIGM-UHFFFAOYSA-N seed42 76.379s
3763/8070 SUCCESS PIK3CA/mTOR 4JT6 ICPHLXAHKNXIGM-UHFFFAOYSA-N seed71 74.943s
3764/8070 SUCCESS PIK3CA/mTOR 4JT6 ICPHLXAHKNXIGM-UHFFFAOYSA-N seed101 75.232s
3765/8070 SUCCESS PIK3CA/mTOR 4L23 JDOVRLNHIYWZKZ-UHFFFAOYSA-N seed101 30.093s
3766/8070 SUCCESS PIK3CA/mTOR 4JT6 JDOVRLNHIYWZKZ-UHFFFAOYSA-N seed17 29.625s
3767/8070 SUCCESS PIK3CA/mTOR 4JT6 JDOVRLNHIYWZKZ-UHFFFAOYSA-N seed29 29.905s
3768/8070 SUCCESS PIK3CA/mTOR 4JT6 JDOVRLNHIYWZKZ-UHFFFAOYSA-N seed42 29.621s
3769/8070 SUCCESS PIK3CA/mTOR 4JT6 JDOVRLNHIYWZKZ-UHFFFAOYSA-N seed71 29.781s
3770/8070 SUCCESS PIK3CA/mTOR 4JT6 JDOVRLNHIYWZKZ-UHFFFAOYSA-N seed101 29.582s
3771/8070 SUCCESS PIK3CA/mTOR 4L23 MVFQHVQABARLKS-UHFFFAOYSA-N seed17 45.2s
3772/8070 SUCCESS PIK3CA/mTOR 4L23 MVFQHVQABARLKS-UHFFFAOYSA-N seed29 43.334s
3773/8070 SUCCESS PIK3CA/mTOR 4L23 MVFQHVQABARLKS-UHFFFAOYSA-N seed71 42.794s
3774/8070 SUCCESS PIK3CA/mTOR 4L23 MVFQHVQABARLKS-UHFFFAOYSA-N seed42 43.421s
3775/8070 SUCCESS PIK3CA/mTOR 4JT6 MVFQHVQABARLKS-UHFFFAOYSA-N seed17 41.182s
3776/8070 SUCCESS PIK3CA/mTOR 4L23 MVFQHVQABARLKS-UHFFFAOYSA-N seed101 44.876s
3777/8070 SUCCESS PIK3CA/mTOR 4JT6 MVFQHVQABARLKS-UHFFFAOYSA-N seed29 44.438s
3778/8070 SUCCESS PIK3CA/mTOR 4JT6 MVFQHVQABARLKS-UHFFFAOYSA-N seed42 44.431s
3779/8070 SUCCESS PIK3CA/mTOR 4JT6 MVFQHVQABARLKS-UHFFFAOYSA-N seed71 45.373s
3780/8070 SUCCESS PIK3CA/mTOR 4JT6 MVFQHVQABARLKS-UHFFFAOYSA-N seed101 45.228s
3781/8070 TIMEOUT AChE/BChE 4EY7 NPHIQFCGKIKGSA-YQOHNZFASA-N seed17 1586.177s
3782/8070 TIMEOUT AChE/BChE 4EY7 NPHIQFCGKIKGSA-YQOHNZFASA-N seed29 1586.174s
3783/8070 TIMEOUT AChE/BChE 4EY7 NPHIQFCGKIKGSA-YQOHNZFASA-N seed42 1586.183s
3784/8070 TIMEOUT AChE/BChE 4EY7 NPHIQFCGKIKGSA-YQOHNZFASA-N seed71 1586.194s
3785/8070 TIMEOUT AChE/BChE 4EY7 NPHIQFCGKIKGSA-YQOHNZFASA-N seed101 1586.19s
3786/8070 TIMEOUT AChE/BChE 4BDS NPHIQFCGKIKGSA-YQOHNZFASA-N seed17 1586.182s
3787/8070 SUCCESS AChE/BChE 4EY7 YWNNZVOAUVSVFF-UHFFFAOYSA-N seed17 456.405s
3788/8070 SUCCESS AChE/BChE 4EY7 YWNNZVOAUVSVFF-UHFFFAOYSA-N seed29 474.68s
3789/8070 SUCCESS AChE/BChE 4EY7 YWNNZVOAUVSVFF-UHFFFAOYSA-N seed42 445.34s
3790/8070 SUCCESS AChE/BChE 4EY7 YWNNZVOAUVSVFF-UHFFFAOYSA-N seed71 443.389s
3791/8070 SUCCESS AChE/BChE 4EY7 YWNNZVOAUVSVFF-UHFFFAOYSA-N seed101 427.068s
3792/8070 SUCCESS AChE/BChE 4BDS YWNNZVOAUVSVFF-UHFFFAOYSA-N seed17 702.167s
3793/8070 SUCCESS AChE/BChE 4BDS YWNNZVOAUVSVFF-UHFFFAOYSA-N seed29 712.014s
3794/8070 SUCCESS AChE/BChE 4BDS YWNNZVOAUVSVFF-UHFFFAOYSA-N seed42 663.892s
3795/8070 SUCCESS AChE/BChE 4BDS YWNNZVOAUVSVFF-UHFFFAOYSA-N seed71 707.569s
3796/8070 SUCCESS AChE/BChE 4EY7 JZTYZCGIRWVERO-YUZLPWPTSA-N seed17 17.418s
3797/8070 SUCCESS AChE/BChE 4EY7 JZTYZCGIRWVERO-YUZLPWPTSA-N seed29 17.685s
3798/8070 SUCCESS AChE/BChE 4EY7 JZTYZCGIRWVERO-YUZLPWPTSA-N seed42 17.721s
3799/8070 SUCCESS AChE/BChE 4EY7 JZTYZCGIRWVERO-YUZLPWPTSA-N seed71 17.516s
3800/8070 SUCCESS AChE/BChE 4EY7 JZTYZCGIRWVERO-YUZLPWPTSA-N seed101 17.337s
3801/8070 SUCCESS AChE/BChE 4BDS JZTYZCGIRWVERO-YUZLPWPTSA-N seed17 16.324s
3802/8070 SUCCESS AChE/BChE 4BDS JZTYZCGIRWVERO-YUZLPWPTSA-N seed29 16.307s
3803/8070 SUCCESS AChE/BChE 4BDS JZTYZCGIRWVERO-YUZLPWPTSA-N seed42 16.111s
3804/8070 SUCCESS AChE/BChE 4BDS JZTYZCGIRWVERO-YUZLPWPTSA-N seed71 16.522s
3805/8070 SUCCESS AChE/BChE 4BDS JZTYZCGIRWVERO-YUZLPWPTSA-N seed101 16.372s
3806/8070 SUCCESS AChE/BChE 4BDS YWNNZVOAUVSVFF-UHFFFAOYSA-N seed101 666.532s
3807/8070 TIMEOUT AChE/BChE 4BDS NPHIQFCGKIKGSA-YQOHNZFASA-N seed29 1586.151s
3808/8070 TIMEOUT AChE/BChE 4BDS NPHIQFCGKIKGSA-YQOHNZFASA-N seed42 1586.168s
3809/8070 SUCCESS AChE/BChE 4EY7 DBUWWODVSCMGDY-IZZNHLLZSA-N seed17 232.676s
3810/8070 TIMEOUT AChE/BChE 4BDS NPHIQFCGKIKGSA-YQOHNZFASA-N seed71 1586.233s
3811/8070 TIMEOUT AChE/BChE 4BDS NPHIQFCGKIKGSA-YQOHNZFASA-N seed101 1586.183s
3812/8070 SUCCESS AChE/BChE 4EY7 DBUWWODVSCMGDY-IZZNHLLZSA-N seed29 283.447s
3813/8070 SUCCESS AChE/BChE 4EY7 DBUWWODVSCMGDY-IZZNHLLZSA-N seed42 265.176s
3814/8070 SUCCESS AChE/BChE 4EY7 DBUWWODVSCMGDY-IZZNHLLZSA-N seed71 275.538s
3815/8070 SUCCESS AChE/BChE 4EY7 DBUWWODVSCMGDY-IZZNHLLZSA-N seed101 271.144s
3816/8070 SUCCESS AChE/BChE 4EY7 BGDYVTQSRKFIJW-UHFFFAOYSA-N seed17 153.865s
3817/8070 SUCCESS AChE/BChE 4BDS DBUWWODVSCMGDY-IZZNHLLZSA-N seed29 538.801s
3818/8070 SUCCESS AChE/BChE 4BDS DBUWWODVSCMGDY-IZZNHLLZSA-N seed17 547.221s
3819/8070 SUCCESS AChE/BChE 4EY7 BGDYVTQSRKFIJW-UHFFFAOYSA-N seed29 141.545s
3820/8070 SUCCESS AChE/BChE 4BDS DBUWWODVSCMGDY-IZZNHLLZSA-N seed42 531.973s
3821/8070 SUCCESS AChE/BChE 4EY7 BGDYVTQSRKFIJW-UHFFFAOYSA-N seed71 144.559s
3822/8070 SUCCESS AChE/BChE 4EY7 BGDYVTQSRKFIJW-UHFFFAOYSA-N seed101 146.316s
3823/8070 SUCCESS AChE/BChE 4EY7 BGDYVTQSRKFIJW-UHFFFAOYSA-N seed42 158.673s
3824/8070 SUCCESS AChE/BChE 4BDS DBUWWODVSCMGDY-IZZNHLLZSA-N seed71 542.667s
3825/8070 SUCCESS AChE/BChE 4BDS DBUWWODVSCMGDY-IZZNHLLZSA-N seed101 531.525s
3826/8070 SUCCESS AChE/BChE 4BDS BGDYVTQSRKFIJW-UHFFFAOYSA-N seed17 257.606s
3827/8070 SUCCESS AChE/BChE 4BDS BGDYVTQSRKFIJW-UHFFFAOYSA-N seed29 264.21s
3828/8070 SUCCESS AChE/BChE 4BDS BGDYVTQSRKFIJW-UHFFFAOYSA-N seed42 264.613s
3829/8070 SUCCESS AChE/BChE 4BDS BGDYVTQSRKFIJW-UHFFFAOYSA-N seed71 264.18s
3830/8070 SUCCESS AChE/BChE 4BDS BGDYVTQSRKFIJW-UHFFFAOYSA-N seed101 264.612s
3831/8070 SUCCESS AChE/BChE 4EY7 SUHPILVZBHLWBS-UHFFFAOYSA-N seed17 436.512s
3832/8070 SUCCESS AChE/BChE 4EY7 SUHPILVZBHLWBS-UHFFFAOYSA-N seed29 466.804s
3833/8070 SUCCESS AChE/BChE 4EY7 SUHPILVZBHLWBS-UHFFFAOYSA-N seed71 456.194s
3834/8070 SUCCESS AChE/BChE 4EY7 SUHPILVZBHLWBS-UHFFFAOYSA-N seed101 463.388s
3835/8070 SUCCESS AChE/BChE 4EY7 SUHPILVZBHLWBS-UHFFFAOYSA-N seed42 472.355s
3836/8070 SUCCESS AChE/BChE 4BDS SUHPILVZBHLWBS-UHFFFAOYSA-N seed17 493.641s
3837/8070 SUCCESS AChE/BChE 4BDS SUHPILVZBHLWBS-UHFFFAOYSA-N seed29 490.97s
3838/8070 SUCCESS AChE/BChE 4BDS SUHPILVZBHLWBS-UHFFFAOYSA-N seed42 484.061s
3839/8070 SUCCESS AChE/BChE 4EY7 XYJPAVSBBNRJDP-UHFFFAOYSA-N seed17 401.033s
3840/8070 SUCCESS AChE/BChE 4BDS SUHPILVZBHLWBS-UHFFFAOYSA-N seed71 492.728s
3841/8070 SUCCESS AChE/BChE 4EY7 XYJPAVSBBNRJDP-UHFFFAOYSA-N seed29 389.073s
3842/8070 SUCCESS AChE/BChE 4BDS SUHPILVZBHLWBS-UHFFFAOYSA-N seed101 492.109s
3843/8070 SUCCESS AChE/BChE 4EY7 XYJPAVSBBNRJDP-UHFFFAOYSA-N seed42 425.755s
3844/8070 SUCCESS AChE/BChE 4EY7 XYJPAVSBBNRJDP-UHFFFAOYSA-N seed71 349.225s
3845/8070 SUCCESS AChE/BChE 4EY7 XYJPAVSBBNRJDP-UHFFFAOYSA-N seed101 391.53s
3846/8070 SUCCESS AChE/BChE 4EY7 UKFCIGJAJAIROZ-UHFFFAOYSA-N seed17 19.064s
3847/8070 SUCCESS AChE/BChE 4EY7 UKFCIGJAJAIROZ-UHFFFAOYSA-N seed29 19.128s
3848/8070 SUCCESS AChE/BChE 4EY7 UKFCIGJAJAIROZ-UHFFFAOYSA-N seed42 19.098s
3849/8070 SUCCESS AChE/BChE 4EY7 UKFCIGJAJAIROZ-UHFFFAOYSA-N seed71 19.273s
3850/8070 SUCCESS AChE/BChE 4EY7 UKFCIGJAJAIROZ-UHFFFAOYSA-N seed101 19.219s
3851/8070 SUCCESS AChE/BChE 4BDS UKFCIGJAJAIROZ-UHFFFAOYSA-N seed17 17.461s
3852/8070 SUCCESS AChE/BChE 4BDS UKFCIGJAJAIROZ-UHFFFAOYSA-N seed29 17.728s
3853/8070 SUCCESS AChE/BChE 4BDS UKFCIGJAJAIROZ-UHFFFAOYSA-N seed42 17.558s
3854/8070 SUCCESS AChE/BChE 4BDS UKFCIGJAJAIROZ-UHFFFAOYSA-N seed71 17.469s
3855/8070 SUCCESS AChE/BChE 4BDS UKFCIGJAJAIROZ-UHFFFAOYSA-N seed101 17.668s
3856/8070 SUCCESS AChE/BChE 4BDS XYJPAVSBBNRJDP-UHFFFAOYSA-N seed17 582.885s
3857/8070 SUCCESS AChE/BChE 4BDS XYJPAVSBBNRJDP-UHFFFAOYSA-N seed42 587.372s
3858/8070 SUCCESS AChE/BChE 4BDS XYJPAVSBBNRJDP-UHFFFAOYSA-N seed29 603.845s
3859/8070 SUCCESS AChE/BChE 4EY7 PPSVTOJQRIASNE-UHFFFAOYSA-N seed17 260.726s
3860/8070 SUCCESS AChE/BChE 4BDS XYJPAVSBBNRJDP-UHFFFAOYSA-N seed71 578.992s
3861/8070 SUCCESS AChE/BChE 4BDS XYJPAVSBBNRJDP-UHFFFAOYSA-N seed101 581.098s
3862/8070 SUCCESS AChE/BChE 4EY7 PPSVTOJQRIASNE-UHFFFAOYSA-N seed29 245.919s
3863/8070 SUCCESS AChE/BChE 4EY7 PPSVTOJQRIASNE-UHFFFAOYSA-N seed42 252.089s
3864/8070 SUCCESS AChE/BChE 4EY7 PPSVTOJQRIASNE-UHFFFAOYSA-N seed71 249.335s
3865/8070 SUCCESS AChE/BChE 4EY7 PPSVTOJQRIASNE-UHFFFAOYSA-N seed101 263.389s
3866/8070 SUCCESS AChE/BChE 4BDS PPSVTOJQRIASNE-UHFFFAOYSA-N seed17 339.927s
3867/8070 SUCCESS AChE/BChE 4BDS PPSVTOJQRIASNE-UHFFFAOYSA-N seed29 340.452s
3868/8070 SUCCESS AChE/BChE 4BDS PPSVTOJQRIASNE-UHFFFAOYSA-N seed42 340.18s
3869/8070 SUCCESS AChE/BChE 4EY7 IINXCVBTZBRIPU-UHFFFAOYSA-N seed17 158.836s
3870/8070 SUCCESS AChE/BChE 4BDS PPSVTOJQRIASNE-UHFFFAOYSA-N seed71 339.824s
3871/8070 SUCCESS AChE/BChE 4BDS PPSVTOJQRIASNE-UHFFFAOYSA-N seed101 338.555s
3872/8070 SUCCESS AChE/BChE 4EY7 IINXCVBTZBRIPU-UHFFFAOYSA-N seed29 141.79s
3873/8070 SUCCESS AChE/BChE 4EY7 IINXCVBTZBRIPU-UHFFFAOYSA-N seed42 153.603s
3874/8070 SUCCESS AChE/BChE 4EY7 IINXCVBTZBRIPU-UHFFFAOYSA-N seed71 169.743s
3875/8070 SUCCESS AChE/BChE 4EY7 IINXCVBTZBRIPU-UHFFFAOYSA-N seed101 171.128s
3876/8070 SUCCESS AChE/BChE 4BDS IINXCVBTZBRIPU-UHFFFAOYSA-N seed17 256.081s
3877/8070 SUCCESS AChE/BChE 4BDS IINXCVBTZBRIPU-UHFFFAOYSA-N seed29 246.251s
3878/8070 SUCCESS AChE/BChE 4BDS IINXCVBTZBRIPU-UHFFFAOYSA-N seed42 252.331s
3879/8070 SUCCESS AChE/BChE 4BDS IINXCVBTZBRIPU-UHFFFAOYSA-N seed71 246.052s
3880/8070 SUCCESS AChE/BChE 4BDS IINXCVBTZBRIPU-UHFFFAOYSA-N seed101 252.189s
3881/8070 SUCCESS AChE/BChE 4EY7 VVVCUWUORGMTNG-UHFFFAOYSA-N seed17 487.353s
3882/8070 SUCCESS AChE/BChE 4EY7 VVVCUWUORGMTNG-UHFFFAOYSA-N seed29 453.054s
3883/8070 SUCCESS AChE/BChE 4EY7 VVVCUWUORGMTNG-UHFFFAOYSA-N seed42 468.401s
3884/8070 SUCCESS AChE/BChE 4EY7 VVVCUWUORGMTNG-UHFFFAOYSA-N seed71 468.178s
3885/8070 SUCCESS AChE/BChE 4EY7 VVVCUWUORGMTNG-UHFFFAOYSA-N seed101 428.683s
3886/8070 SUCCESS AChE/BChE 4EY7 WELYXMQWLDVBEU-UHFFFAOYSA-N seed17 43.876s
3887/8070 SUCCESS AChE/BChE 4EY7 WELYXMQWLDVBEU-UHFFFAOYSA-N seed29 43.3s
3888/8070 SUCCESS AChE/BChE 4BDS VVVCUWUORGMTNG-UHFFFAOYSA-N seed17 534.825s
3889/8070 SUCCESS AChE/BChE 4EY7 WELYXMQWLDVBEU-UHFFFAOYSA-N seed42 43.22s
3890/8070 SUCCESS AChE/BChE 4EY7 WELYXMQWLDVBEU-UHFFFAOYSA-N seed71 41.928s
3891/8070 SUCCESS AChE/BChE 4EY7 WELYXMQWLDVBEU-UHFFFAOYSA-N seed101 43.092s
3892/8070 SUCCESS AChE/BChE 4BDS WELYXMQWLDVBEU-UHFFFAOYSA-N seed17 38.328s
3893/8070 SUCCESS AChE/BChE 4BDS WELYXMQWLDVBEU-UHFFFAOYSA-N seed29 38.429s
3894/8070 SUCCESS AChE/BChE 4BDS WELYXMQWLDVBEU-UHFFFAOYSA-N seed42 38.783s
3895/8070 SUCCESS AChE/BChE 4BDS WELYXMQWLDVBEU-UHFFFAOYSA-N seed71 38.865s
3896/8070 SUCCESS AChE/BChE 4BDS WELYXMQWLDVBEU-UHFFFAOYSA-N seed101 38.772s
3897/8070 SUCCESS AChE/BChE 4EY7 MFSFKJAYNZMHEN-QWAKEFERSA-N seed17 42.951s
3898/8070 SUCCESS AChE/BChE 4EY7 MFSFKJAYNZMHEN-QWAKEFERSA-N seed29 42.734s
3899/8070 SUCCESS AChE/BChE 4EY7 MFSFKJAYNZMHEN-QWAKEFERSA-N seed42 43.069s
3900/8070 SUCCESS AChE/BChE 4EY7 MFSFKJAYNZMHEN-QWAKEFERSA-N seed71 43.658s
3901/8070 SUCCESS AChE/BChE 4EY7 MFSFKJAYNZMHEN-QWAKEFERSA-N seed101 43.267s
3902/8070 SUCCESS AChE/BChE 4BDS VVVCUWUORGMTNG-UHFFFAOYSA-N seed29 562.322s
3903/8070 SUCCESS AChE/BChE 4BDS MFSFKJAYNZMHEN-QWAKEFERSA-N seed17 43.823s
3904/8070 SUCCESS AChE/BChE 4BDS MFSFKJAYNZMHEN-QWAKEFERSA-N seed29 43.841s
3905/8070 SUCCESS AChE/BChE 4BDS MFSFKJAYNZMHEN-QWAKEFERSA-N seed42 43.197s
3906/8070 SUCCESS AChE/BChE 4BDS VVVCUWUORGMTNG-UHFFFAOYSA-N seed42 549.426s
3907/8070 SUCCESS AChE/BChE 4BDS MFSFKJAYNZMHEN-QWAKEFERSA-N seed71 43.345s
3908/8070 SUCCESS AChE/BChE 4BDS VVVCUWUORGMTNG-UHFFFAOYSA-N seed71 546.934s
3909/8070 SUCCESS AChE/BChE 4BDS MFSFKJAYNZMHEN-QWAKEFERSA-N seed101 43.918s
3910/8070 SUCCESS AChE/BChE 4BDS VVVCUWUORGMTNG-UHFFFAOYSA-N seed101 563.323s
3911/8070 SUCCESS AChE/BChE 4EY7 MFZFTIAUXVYCFV-UHFFFAOYSA-N seed29 252.42s
3912/8070 SUCCESS AChE/BChE 4EY7 MFZFTIAUXVYCFV-UHFFFAOYSA-N seed17 292.371s
3913/8070 SUCCESS AChE/BChE 4EY7 MFZFTIAUXVYCFV-UHFFFAOYSA-N seed101 275.825s
3914/8070 SUCCESS AChE/BChE 4EY7 MFZFTIAUXVYCFV-UHFFFAOYSA-N seed71 280.604s
3915/8070 SUCCESS AChE/BChE 4EY7 MFZFTIAUXVYCFV-UHFFFAOYSA-N seed42 300.218s
3916/8070 SUCCESS AChE/BChE 4EY7 LCJXIGPIXIZELV-UHFFFAOYSA-N seed17 187.116s
3917/8070 SUCCESS AChE/BChE 4BDS MFZFTIAUXVYCFV-UHFFFAOYSA-N seed17 473.648s
3918/8070 SUCCESS AChE/BChE 4EY7 LCJXIGPIXIZELV-UHFFFAOYSA-N seed29 195.243s
3919/8070 SUCCESS AChE/BChE 4BDS MFZFTIAUXVYCFV-UHFFFAOYSA-N seed29 473.823s
3920/8070 SUCCESS AChE/BChE 4BDS MFZFTIAUXVYCFV-UHFFFAOYSA-N seed101 464.526s
3921/8070 SUCCESS AChE/BChE 4BDS MFZFTIAUXVYCFV-UHFFFAOYSA-N seed71 467.938s
3922/8070 SUCCESS AChE/BChE 4BDS MFZFTIAUXVYCFV-UHFFFAOYSA-N seed42 476.921s
3923/8070 SUCCESS AChE/BChE 4EY7 LCJXIGPIXIZELV-UHFFFAOYSA-N seed42 191.0s
3924/8070 SUCCESS AChE/BChE 4EY7 LCJXIGPIXIZELV-UHFFFAOYSA-N seed71 178.387s
3925/8070 SUCCESS AChE/BChE 4EY7 LCJXIGPIXIZELV-UHFFFAOYSA-N seed101 195.359s
3926/8070 SUCCESS AChE/BChE 4BDS LCJXIGPIXIZELV-UHFFFAOYSA-N seed17 252.097s
3927/8070 SUCCESS AChE/BChE 4BDS LCJXIGPIXIZELV-UHFFFAOYSA-N seed29 255.497s
3928/8070 SUCCESS AChE/BChE 4BDS LCJXIGPIXIZELV-UHFFFAOYSA-N seed42 255.096s
3929/8070 SUCCESS AChE/BChE 4BDS LCJXIGPIXIZELV-UHFFFAOYSA-N seed71 259.002s
3930/8070 SUCCESS AChE/BChE 4EY7 ZMBLKJNXJLBMMG-SGEDCAFJSA-N seed17 136.75s
3931/8070 SUCCESS AChE/BChE 4BDS LCJXIGPIXIZELV-UHFFFAOYSA-N seed101 249.458s
3932/8070 SUCCESS AChE/BChE 4EY7 ZMBLKJNXJLBMMG-SGEDCAFJSA-N seed29 127.585s
3933/8070 SUCCESS AChE/BChE 4EY7 ZMBLKJNXJLBMMG-SGEDCAFJSA-N seed42 129.721s
3934/8070 SUCCESS AChE/BChE 4EY7 ZMBLKJNXJLBMMG-SGEDCAFJSA-N seed71 129.128s
3935/8070 SUCCESS AChE/BChE 4EY7 ZMBLKJNXJLBMMG-SGEDCAFJSA-N seed101 139.621s
3936/8070 SUCCESS AChE/BChE 4BDS ZMBLKJNXJLBMMG-SGEDCAFJSA-N seed17 180.582s
3937/8070 SUCCESS AChE/BChE 4BDS ZMBLKJNXJLBMMG-SGEDCAFJSA-N seed29 180.054s
3938/8070 SUCCESS AChE/BChE 4BDS ZMBLKJNXJLBMMG-SGEDCAFJSA-N seed42 179.379s
3939/8070 SUCCESS AChE/BChE 4BDS ZMBLKJNXJLBMMG-SGEDCAFJSA-N seed71 181.848s
3940/8070 SUCCESS AChE/BChE 4BDS ZMBLKJNXJLBMMG-SGEDCAFJSA-N seed101 180.661s
3941/8070 SUCCESS AChE/BChE 4EY7 WWRDYDFXVYAZAG-UHFFFAOYSA-N seed17 168.062s
3942/8070 SUCCESS AChE/BChE 4EY7 WWRDYDFXVYAZAG-UHFFFAOYSA-N seed29 158.928s
3943/8070 SUCCESS AChE/BChE 4EY7 WWRDYDFXVYAZAG-UHFFFAOYSA-N seed42 168.07s
3944/8070 SUCCESS AChE/BChE 4EY7 WWRDYDFXVYAZAG-UHFFFAOYSA-N seed71 170.843s
3945/8070 SUCCESS AChE/BChE 4EY7 WWRDYDFXVYAZAG-UHFFFAOYSA-N seed101 171.235s
3946/8070 SUCCESS AChE/BChE 4EY7 ASUTZQLVASHGKV-JDFRZJQESA-N seed17 62.977s
3947/8070 SUCCESS AChE/BChE 4BDS WWRDYDFXVYAZAG-UHFFFAOYSA-N seed17 255.827s
3948/8070 SUCCESS AChE/BChE 4BDS WWRDYDFXVYAZAG-UHFFFAOYSA-N seed29 254.804s
3949/8070 SUCCESS AChE/BChE 4EY7 ASUTZQLVASHGKV-JDFRZJQESA-N seed29 63.321s
3950/8070 SUCCESS AChE/BChE 4EY7 ASUTZQLVASHGKV-JDFRZJQESA-N seed42 60.043s
3951/8070 SUCCESS AChE/BChE 4BDS WWRDYDFXVYAZAG-UHFFFAOYSA-N seed42 250.072s
3952/8070 SUCCESS AChE/BChE 4EY7 ASUTZQLVASHGKV-JDFRZJQESA-N seed71 61.041s
3953/8070 SUCCESS AChE/BChE 4EY7 ASUTZQLVASHGKV-JDFRZJQESA-N seed101 59.422s
3954/8070 SUCCESS AChE/BChE 4BDS ASUTZQLVASHGKV-JDFRZJQESA-N seed17 60.2s
3955/8070 SUCCESS AChE/BChE 4BDS ASUTZQLVASHGKV-JDFRZJQESA-N seed29 60.432s
3956/8070 SUCCESS AChE/BChE 4BDS WWRDYDFXVYAZAG-UHFFFAOYSA-N seed71 240.637s
3957/8070 SUCCESS AChE/BChE 4BDS ASUTZQLVASHGKV-JDFRZJQESA-N seed42 60.426s
3958/8070 SUCCESS AChE/BChE 4BDS WWRDYDFXVYAZAG-UHFFFAOYSA-N seed101 238.589s
3959/8070 SUCCESS AChE/BChE 4BDS ASUTZQLVASHGKV-JDFRZJQESA-N seed71 61.213s
3960/8070 SUCCESS AChE/BChE 4BDS ASUTZQLVASHGKV-JDFRZJQESA-N seed101 62.132s
3961/8070 SUCCESS AChE/BChE 4EY7 HYWHYYQDFBRNJV-UHFFFAOYSA-N seed42 438.932s
3962/8070 SUCCESS AChE/BChE 4EY7 HYWHYYQDFBRNJV-UHFFFAOYSA-N seed29 459.282s
3963/8070 SUCCESS AChE/BChE 4EY7 HYWHYYQDFBRNJV-UHFFFAOYSA-N seed71 469.385s
3964/8070 SUCCESS AChE/BChE 4EY7 HYWHYYQDFBRNJV-UHFFFAOYSA-N seed17 502.978s
3965/8070 SUCCESS AChE/BChE 4EY7 HYWHYYQDFBRNJV-UHFFFAOYSA-N seed101 478.267s
3966/8070 SUCCESS AChE/BChE 4EY7 PSJHEFSSEIFFSU-UHFFFAOYSA-N seed17 34.587s
3967/8070 SUCCESS AChE/BChE 4EY7 PSJHEFSSEIFFSU-UHFFFAOYSA-N seed29 35.85s
3968/8070 SUCCESS AChE/BChE 4EY7 PSJHEFSSEIFFSU-UHFFFAOYSA-N seed42 36.133s
3969/8070 SUCCESS AChE/BChE 4EY7 PSJHEFSSEIFFSU-UHFFFAOYSA-N seed71 35.457s
3970/8070 SUCCESS AChE/BChE 4EY7 PSJHEFSSEIFFSU-UHFFFAOYSA-N seed101 35.292s
3971/8070 SUCCESS AChE/BChE 4BDS PSJHEFSSEIFFSU-UHFFFAOYSA-N seed17 35.504s
3972/8070 SUCCESS AChE/BChE 4BDS HYWHYYQDFBRNJV-UHFFFAOYSA-N seed17 700.354s
3973/8070 SUCCESS AChE/BChE 4BDS PSJHEFSSEIFFSU-UHFFFAOYSA-N seed29 35.258s
3974/8070 SUCCESS AChE/BChE 4BDS PSJHEFSSEIFFSU-UHFFFAOYSA-N seed42 34.999s
3975/8070 SUCCESS AChE/BChE 4BDS PSJHEFSSEIFFSU-UHFFFAOYSA-N seed71 35.144s
3976/8070 SUCCESS AChE/BChE 4BDS PSJHEFSSEIFFSU-UHFFFAOYSA-N seed101 35.166s
3977/8070 SUCCESS AChE/BChE 4EY7 DHQHCSROVOIZIA-UHFFFAOYSA-N seed17 51.635s
3978/8070 SUCCESS AChE/BChE 4EY7 DHQHCSROVOIZIA-UHFFFAOYSA-N seed29 51.993s
3979/8070 SUCCESS AChE/BChE 4EY7 DHQHCSROVOIZIA-UHFFFAOYSA-N seed42 51.797s
3980/8070 SUCCESS AChE/BChE 4EY7 DHQHCSROVOIZIA-UHFFFAOYSA-N seed71 51.349s
3981/8070 SUCCESS AChE/BChE 4EY7 DHQHCSROVOIZIA-UHFFFAOYSA-N seed101 51.024s
3982/8070 SUCCESS AChE/BChE 4BDS DHQHCSROVOIZIA-UHFFFAOYSA-N seed17 46.45s
3983/8070 SUCCESS AChE/BChE 4BDS DHQHCSROVOIZIA-UHFFFAOYSA-N seed29 46.355s
3984/8070 SUCCESS AChE/BChE 4BDS DHQHCSROVOIZIA-UHFFFAOYSA-N seed42 46.484s
3985/8070 SUCCESS AChE/BChE 4BDS DHQHCSROVOIZIA-UHFFFAOYSA-N seed71 46.383s
3986/8070 SUCCESS AChE/BChE 4BDS DHQHCSROVOIZIA-UHFFFAOYSA-N seed101 46.724s
3987/8070 SUCCESS AChE/BChE 4BDS HYWHYYQDFBRNJV-UHFFFAOYSA-N seed42 678.473s
3988/8070 SUCCESS AChE/BChE 4BDS HYWHYYQDFBRNJV-UHFFFAOYSA-N seed29 693.518s
3989/8070 SUCCESS AChE/BChE 4BDS HYWHYYQDFBRNJV-UHFFFAOYSA-N seed71 686.524s
3990/8070 SUCCESS AChE/BChE 4BDS HYWHYYQDFBRNJV-UHFFFAOYSA-N seed101 692.69s
3991/8070 SUCCESS AChE/BChE 4EY7 DULLYLROEIJODI-UHFFFAOYSA-N seed17 439.265s
3992/8070 SUCCESS AChE/BChE 4EY7 DULLYLROEIJODI-UHFFFAOYSA-N seed29 481.76s
3993/8070 SUCCESS AChE/BChE 4EY7 DULLYLROEIJODI-UHFFFAOYSA-N seed42 429.317s
3994/8070 SUCCESS AChE/BChE 4EY7 DULLYLROEIJODI-UHFFFAOYSA-N seed71 451.323s
3995/8070 SUCCESS AChE/BChE 4EY7 DULLYLROEIJODI-UHFFFAOYSA-N seed101 437.367s
3996/8070 SUCCESS AChE/BChE 4EY7 NLUCFDWSIZAJOW-UHFFFAOYSA-N seed17 79.394s
3997/8070 SUCCESS AChE/BChE 4EY7 NLUCFDWSIZAJOW-UHFFFAOYSA-N seed29 77.587s
3998/8070 SUCCESS AChE/BChE 4BDS DULLYLROEIJODI-UHFFFAOYSA-N seed17 584.708s
3999/8070 SUCCESS AChE/BChE 4EY7 NLUCFDWSIZAJOW-UHFFFAOYSA-N seed42 75.416s
4000/8070 SUCCESS AChE/BChE 4EY7 NLUCFDWSIZAJOW-UHFFFAOYSA-N seed71 77.468s
4001/8070 SUCCESS AChE/BChE 4EY7 NLUCFDWSIZAJOW-UHFFFAOYSA-N seed101 76.666s
4002/8070 SUCCESS AChE/BChE 4BDS NLUCFDWSIZAJOW-UHFFFAOYSA-N seed17 94.817s
4003/8070 SUCCESS AChE/BChE 4BDS NLUCFDWSIZAJOW-UHFFFAOYSA-N seed29 95.044s
4004/8070 SUCCESS AChE/BChE 4BDS NLUCFDWSIZAJOW-UHFFFAOYSA-N seed42 95.207s
4005/8070 SUCCESS AChE/BChE 4BDS DULLYLROEIJODI-UHFFFAOYSA-N seed29 573.195s
4006/8070 SUCCESS AChE/BChE 4BDS NLUCFDWSIZAJOW-UHFFFAOYSA-N seed71 93.16s
4007/8070 SUCCESS AChE/BChE 4EY7 AXGABLVKANFJCV-UHFFFAOYSA-N seed17 61.848s
4008/8070 SUCCESS AChE/BChE 4BDS NLUCFDWSIZAJOW-UHFFFAOYSA-N seed101 92.716s
4009/8070 SUCCESS AChE/BChE 4BDS DULLYLROEIJODI-UHFFFAOYSA-N seed71 573.082s
4010/8070 SUCCESS AChE/BChE 4BDS DULLYLROEIJODI-UHFFFAOYSA-N seed42 587.586s
4011/8070 SUCCESS AChE/BChE 4EY7 AXGABLVKANFJCV-UHFFFAOYSA-N seed29 60.293s
4012/8070 SUCCESS AChE/BChE 4BDS DULLYLROEIJODI-UHFFFAOYSA-N seed101 585.825s
4013/8070 SUCCESS AChE/BChE 4EY7 AXGABLVKANFJCV-UHFFFAOYSA-N seed42 60.623s
4014/8070 SUCCESS AChE/BChE 4EY7 AXGABLVKANFJCV-UHFFFAOYSA-N seed71 59.985s
4015/8070 SUCCESS AChE/BChE 4EY7 AXGABLVKANFJCV-UHFFFAOYSA-N seed101 60.297s
4016/8070 SUCCESS AChE/BChE 4BDS AXGABLVKANFJCV-UHFFFAOYSA-N seed17 75.413s
4017/8070 SUCCESS AChE/BChE 4BDS AXGABLVKANFJCV-UHFFFAOYSA-N seed29 75.628s
4018/8070 SUCCESS AChE/BChE 4BDS AXGABLVKANFJCV-UHFFFAOYSA-N seed42 75.481s
4019/8070 SUCCESS AChE/BChE 4BDS AXGABLVKANFJCV-UHFFFAOYSA-N seed71 75.314s
4020/8070 SUCCESS AChE/BChE 4BDS AXGABLVKANFJCV-UHFFFAOYSA-N seed101 75.275s
4021/8070 SUCCESS AChE/BChE 4EY7 BUULUTGYNYYXCY-UHFFFAOYSA-N seed17 207.339s
4022/8070 SUCCESS AChE/BChE 4EY7 BUULUTGYNYYXCY-UHFFFAOYSA-N seed29 217.944s
4023/8070 SUCCESS AChE/BChE 4EY7 BUULUTGYNYYXCY-UHFFFAOYSA-N seed42 199.98s
4024/8070 SUCCESS AChE/BChE 4EY7 BUULUTGYNYYXCY-UHFFFAOYSA-N seed101 200.499s
4025/8070 SUCCESS AChE/BChE 4EY7 BUULUTGYNYYXCY-UHFFFAOYSA-N seed71 214.936s
4026/8070 SUCCESS AChE/BChE 4BDS BUULUTGYNYYXCY-UHFFFAOYSA-N seed17 298.115s
4027/8070 SUCCESS AChE/BChE 4EY7 WKDFOVDLOVYRAJ-JDXGNMNLSA-N seed17 143.577s
4028/8070 SUCCESS AChE/BChE 4BDS BUULUTGYNYYXCY-UHFFFAOYSA-N seed29 293.799s
4029/8070 SUCCESS AChE/BChE 4EY7 WKDFOVDLOVYRAJ-JDXGNMNLSA-N seed29 142.489s
4030/8070 SUCCESS AChE/BChE 4BDS BUULUTGYNYYXCY-UHFFFAOYSA-N seed42 296.845s
4031/8070 SUCCESS AChE/BChE 4BDS BUULUTGYNYYXCY-UHFFFAOYSA-N seed71 296.248s
4032/8070 SUCCESS AChE/BChE 4BDS BUULUTGYNYYXCY-UHFFFAOYSA-N seed101 293.883s
4033/8070 SUCCESS AChE/BChE 4EY7 WKDFOVDLOVYRAJ-JDXGNMNLSA-N seed42 149.744s
4034/8070 SUCCESS AChE/BChE 4EY7 WKDFOVDLOVYRAJ-JDXGNMNLSA-N seed71 146.607s
4035/8070 SUCCESS AChE/BChE 4EY7 WKDFOVDLOVYRAJ-JDXGNMNLSA-N seed101 134.656s
4036/8070 SUCCESS AChE/BChE 4BDS WKDFOVDLOVYRAJ-JDXGNMNLSA-N seed17 206.146s
4037/8070 SUCCESS AChE/BChE 4BDS WKDFOVDLOVYRAJ-JDXGNMNLSA-N seed29 200.555s
4038/8070 SUCCESS AChE/BChE 4BDS WKDFOVDLOVYRAJ-JDXGNMNLSA-N seed42 205.486s
4039/8070 SUCCESS AChE/BChE 4BDS WKDFOVDLOVYRAJ-JDXGNMNLSA-N seed71 206.469s
4040/8070 SUCCESS AChE/BChE 4BDS WKDFOVDLOVYRAJ-JDXGNMNLSA-N seed101 203.9s
4041/8070 SUCCESS AChE/BChE 4EY7 SZUGHTGZLWHQJO-UHFFFAOYSA-N seed17 234.391s
4042/8070 SUCCESS AChE/BChE 4EY7 SZUGHTGZLWHQJO-UHFFFAOYSA-N seed29 207.748s
4043/8070 SUCCESS AChE/BChE 4EY7 SZUGHTGZLWHQJO-UHFFFAOYSA-N seed42 214.513s
4044/8070 SUCCESS AChE/BChE 4EY7 SZUGHTGZLWHQJO-UHFFFAOYSA-N seed71 213.03s
4045/8070 SUCCESS AChE/BChE 4EY7 SZUGHTGZLWHQJO-UHFFFAOYSA-N seed101 228.548s
4046/8070 SUCCESS AChE/BChE 4BDS SZUGHTGZLWHQJO-UHFFFAOYSA-N seed17 350.924s
4047/8070 SUCCESS AChE/BChE 4BDS SZUGHTGZLWHQJO-UHFFFAOYSA-N seed29 365.391s
4048/8070 SUCCESS AChE/BChE 4EY7 JNQCYAPDXOOPBU-SGOUQRLHSA-N seed17 287.805s
4049/8070 SUCCESS AChE/BChE 4BDS SZUGHTGZLWHQJO-UHFFFAOYSA-N seed42 353.621s
4050/8070 SUCCESS AChE/BChE 4BDS SZUGHTGZLWHQJO-UHFFFAOYSA-N seed71 358.501s
4051/8070 SUCCESS AChE/BChE 4BDS SZUGHTGZLWHQJO-UHFFFAOYSA-N seed101 352.617s
4052/8070 SUCCESS AChE/BChE 4EY7 JNQCYAPDXOOPBU-SGOUQRLHSA-N seed29 288.779s
4053/8070 SUCCESS AChE/BChE 4EY7 JNQCYAPDXOOPBU-SGOUQRLHSA-N seed42 280.357s
4054/8070 SUCCESS AChE/BChE 4EY7 JNQCYAPDXOOPBU-SGOUQRLHSA-N seed71 281.701s
4055/8070 SUCCESS AChE/BChE 4EY7 JNQCYAPDXOOPBU-SGOUQRLHSA-N seed101 284.761s
4056/8070 SUCCESS AChE/BChE 4BDS JNQCYAPDXOOPBU-SGOUQRLHSA-N seed17 299.535s
4057/8070 SUCCESS AChE/BChE 4BDS JNQCYAPDXOOPBU-SGOUQRLHSA-N seed29 301.762s
4058/8070 SUCCESS AChE/BChE 4EY7 MXYQBFFZAMEOHM-UHFFFAOYSA-N seed17 60.723s
4059/8070 SUCCESS AChE/BChE 4EY7 MXYQBFFZAMEOHM-UHFFFAOYSA-N seed29 55.898s
4060/8070 SUCCESS AChE/BChE 4EY7 MXYQBFFZAMEOHM-UHFFFAOYSA-N seed42 56.638s
4061/8070 SUCCESS AChE/BChE 4EY7 MXYQBFFZAMEOHM-UHFFFAOYSA-N seed71 57.23s
4062/8070 SUCCESS AChE/BChE 4EY7 MXYQBFFZAMEOHM-UHFFFAOYSA-N seed101 57.051s
4063/8070 SUCCESS AChE/BChE 4BDS MXYQBFFZAMEOHM-UHFFFAOYSA-N seed17 91.266s
4064/8070 SUCCESS AChE/BChE 4BDS JNQCYAPDXOOPBU-SGOUQRLHSA-N seed42 298.051s
4065/8070 SUCCESS AChE/BChE 4BDS MXYQBFFZAMEOHM-UHFFFAOYSA-N seed29 92.049s
4066/8070 SUCCESS AChE/BChE 4BDS MXYQBFFZAMEOHM-UHFFFAOYSA-N seed42 91.151s
4067/8070 SUCCESS AChE/BChE 4EY7 KISPTSIXDBWEIX-UHFFFAOYSA-N seed17 31.013s
4068/8070 SUCCESS AChE/BChE 4BDS JNQCYAPDXOOPBU-SGOUQRLHSA-N seed71 297.117s
4069/8070 SUCCESS AChE/BChE 4EY7 KISPTSIXDBWEIX-UHFFFAOYSA-N seed29 30.703s
4070/8070 SUCCESS AChE/BChE 4EY7 KISPTSIXDBWEIX-UHFFFAOYSA-N seed42 29.54s
4071/8070 SUCCESS AChE/BChE 4BDS JNQCYAPDXOOPBU-SGOUQRLHSA-N seed101 287.056s
4072/8070 SUCCESS AChE/BChE 4EY7 KISPTSIXDBWEIX-UHFFFAOYSA-N seed71 30.419s
4073/8070 SUCCESS AChE/BChE 4BDS MXYQBFFZAMEOHM-UHFFFAOYSA-N seed71 87.65s
4074/8070 SUCCESS AChE/BChE 4BDS MXYQBFFZAMEOHM-UHFFFAOYSA-N seed101 85.954s
4075/8070 SUCCESS AChE/BChE 4EY7 KISPTSIXDBWEIX-UHFFFAOYSA-N seed101 29.21s
4076/8070 SUCCESS AChE/BChE 4BDS KISPTSIXDBWEIX-UHFFFAOYSA-N seed17 41.9s
4077/8070 SUCCESS AChE/BChE 4BDS KISPTSIXDBWEIX-UHFFFAOYSA-N seed29 42.565s
4078/8070 SUCCESS AChE/BChE 4BDS KISPTSIXDBWEIX-UHFFFAOYSA-N seed42 42.367s
4079/8070 SUCCESS AChE/BChE 4BDS KISPTSIXDBWEIX-UHFFFAOYSA-N seed71 41.991s
4080/8070 SUCCESS AChE/BChE 4BDS KISPTSIXDBWEIX-UHFFFAOYSA-N seed101 43.706s
4081/8070 SUCCESS AChE/BChE 4EY7 CXJHSZNBWBHAQG-UHFFFAOYSA-N seed17 73.695s
4082/8070 SUCCESS AChE/BChE 4EY7 CXJHSZNBWBHAQG-UHFFFAOYSA-N seed29 77.359s
4083/8070 SUCCESS AChE/BChE 4EY7 CXJHSZNBWBHAQG-UHFFFAOYSA-N seed42 75.875s
4084/8070 SUCCESS AChE/BChE 4EY7 CXJHSZNBWBHAQG-UHFFFAOYSA-N seed71 74.984s
4085/8070 SUCCESS AChE/BChE 4EY7 CXJHSZNBWBHAQG-UHFFFAOYSA-N seed101 75.228s
4086/8070 SUCCESS AChE/BChE 4EY7 AYDVADIGEZQAHF-UHFFFAOYSA-N seed17 15.031s
4087/8070 SUCCESS AChE/BChE 4EY7 AYDVADIGEZQAHF-UHFFFAOYSA-N seed29 15.262s
4088/8070 SUCCESS AChE/BChE 4EY7 AYDVADIGEZQAHF-UHFFFAOYSA-N seed42 14.843s
4089/8070 SUCCESS AChE/BChE 4BDS CXJHSZNBWBHAQG-UHFFFAOYSA-N seed17 111.887s
4090/8070 SUCCESS AChE/BChE 4EY7 AYDVADIGEZQAHF-UHFFFAOYSA-N seed71 14.911s
4091/8070 SUCCESS AChE/BChE 4EY7 AYDVADIGEZQAHF-UHFFFAOYSA-N seed101 14.658s
4092/8070 SUCCESS AChE/BChE 4BDS AYDVADIGEZQAHF-UHFFFAOYSA-N seed17 15.148s
4093/8070 SUCCESS AChE/BChE 4BDS AYDVADIGEZQAHF-UHFFFAOYSA-N seed29 15.161s
4094/8070 SUCCESS AChE/BChE 4BDS CXJHSZNBWBHAQG-UHFFFAOYSA-N seed29 112.337s
4095/8070 SUCCESS AChE/BChE 4BDS AYDVADIGEZQAHF-UHFFFAOYSA-N seed42 15.106s
4096/8070 SUCCESS AChE/BChE 4BDS AYDVADIGEZQAHF-UHFFFAOYSA-N seed71 14.98s
4097/8070 SUCCESS AChE/BChE 4BDS AYDVADIGEZQAHF-UHFFFAOYSA-N seed101 15.025s
4098/8070 SUCCESS AChE/BChE 4BDS CXJHSZNBWBHAQG-UHFFFAOYSA-N seed42 112.249s
4099/8070 SUCCESS AChE/BChE 4BDS CXJHSZNBWBHAQG-UHFFFAOYSA-N seed71 112.064s
4100/8070 SUCCESS AChE/BChE 4BDS CXJHSZNBWBHAQG-UHFFFAOYSA-N seed101 111.873s
4101/8070 SUCCESS AChE/BChE 4EY7 RVBIUDMTBMMGLC-UHFFFAOYSA-N seed17 67.878s
4102/8070 SUCCESS AChE/BChE 4EY7 RVBIUDMTBMMGLC-UHFFFAOYSA-N seed42 70.351s
4103/8070 SUCCESS AChE/BChE 4EY7 RVBIUDMTBMMGLC-UHFFFAOYSA-N seed29 73.905s
4104/8070 SUCCESS AChE/BChE 4EY7 RVBIUDMTBMMGLC-UHFFFAOYSA-N seed101 71.684s
4105/8070 SUCCESS AChE/BChE 4EY7 RVBIUDMTBMMGLC-UHFFFAOYSA-N seed71 72.984s
4106/8070 SUCCESS AChE/BChE 4BDS RVBIUDMTBMMGLC-UHFFFAOYSA-N seed17 113.525s
4107/8070 SUCCESS AChE/BChE 4BDS RVBIUDMTBMMGLC-UHFFFAOYSA-N seed29 114.214s
4108/8070 SUCCESS AChE/BChE 4BDS RVBIUDMTBMMGLC-UHFFFAOYSA-N seed71 117.085s
4109/8070 SUCCESS AChE/BChE 4BDS RVBIUDMTBMMGLC-UHFFFAOYSA-N seed42 118.149s
4110/8070 SUCCESS AChE/BChE 4BDS RVBIUDMTBMMGLC-UHFFFAOYSA-N seed101 116.651s
4111/8070 SUCCESS AChE/BChE 4EY7 GKGGPNXFKDZMQC-UHFFFAOYSA-N seed17 229.811s
4112/8070 SUCCESS AChE/BChE 4EY7 GKGGPNXFKDZMQC-UHFFFAOYSA-N seed29 226.64s
4113/8070 SUCCESS AChE/BChE 4EY7 GKGGPNXFKDZMQC-UHFFFAOYSA-N seed42 236.8s
4114/8070 SUCCESS AChE/BChE 4EY7 GKGGPNXFKDZMQC-UHFFFAOYSA-N seed101 237.845s
4115/8070 SUCCESS AChE/BChE 4EY7 GKGGPNXFKDZMQC-UHFFFAOYSA-N seed71 246.686s
4116/8070 SUCCESS AChE/BChE 4EY7 DEFMHIPKLZXSIY-UHFFFAOYSA-N seed17 58.366s
4117/8070 SUCCESS AChE/BChE 4BDS GKGGPNXFKDZMQC-UHFFFAOYSA-N seed17 338.486s
4118/8070 SUCCESS AChE/BChE 4EY7 DEFMHIPKLZXSIY-UHFFFAOYSA-N seed29 59.506s
4119/8070 SUCCESS AChE/BChE 4EY7 DEFMHIPKLZXSIY-UHFFFAOYSA-N seed42 57.707s
4120/8070 SUCCESS AChE/BChE 4EY7 DEFMHIPKLZXSIY-UHFFFAOYSA-N seed71 57.24s
4121/8070 SUCCESS AChE/BChE 4EY7 DEFMHIPKLZXSIY-UHFFFAOYSA-N seed101 55.852s
4122/8070 SUCCESS AChE/BChE 4BDS GKGGPNXFKDZMQC-UHFFFAOYSA-N seed29 338.795s
4123/8070 SUCCESS AChE/BChE 4BDS GKGGPNXFKDZMQC-UHFFFAOYSA-N seed42 337.05s
4124/8070 SUCCESS AChE/BChE 4BDS DEFMHIPKLZXSIY-UHFFFAOYSA-N seed17 85.275s
4125/8070 SUCCESS AChE/BChE 4BDS DEFMHIPKLZXSIY-UHFFFAOYSA-N seed42 84.731s
4126/8070 SUCCESS AChE/BChE 4BDS DEFMHIPKLZXSIY-UHFFFAOYSA-N seed29 85.956s
4127/8070 SUCCESS AChE/BChE 4BDS GKGGPNXFKDZMQC-UHFFFAOYSA-N seed71 328.449s
4128/8070 SUCCESS AChE/BChE 4BDS GKGGPNXFKDZMQC-UHFFFAOYSA-N seed101 336.25s
4129/8070 SUCCESS AChE/BChE 4BDS DEFMHIPKLZXSIY-UHFFFAOYSA-N seed71 85.152s
4130/8070 SUCCESS AChE/BChE 4BDS DEFMHIPKLZXSIY-UHFFFAOYSA-N seed101 85.848s
4131/8070 SUCCESS AChE/BChE 4EY7 NYVBQRTTYHHRCD-UHFFFAOYSA-N seed17 273.547s
4132/8070 SUCCESS AChE/BChE 4EY7 NYVBQRTTYHHRCD-UHFFFAOYSA-N seed42 274.441s
4133/8070 SUCCESS AChE/BChE 4EY7 NYVBQRTTYHHRCD-UHFFFAOYSA-N seed29 277.702s
4134/8070 SUCCESS AChE/BChE 4EY7 NYVBQRTTYHHRCD-UHFFFAOYSA-N seed71 271.419s
4135/8070 SUCCESS AChE/BChE 4EY7 NYVBQRTTYHHRCD-UHFFFAOYSA-N seed101 285.569s
4136/8070 SUCCESS AChE/BChE 4EY7 LBTQKBBDVONGGY-LFVJCYFKSA-N seed17 68.365s
4137/8070 SUCCESS AChE/BChE 4BDS NYVBQRTTYHHRCD-UHFFFAOYSA-N seed17 370.767s
4138/8070 SUCCESS AChE/BChE 4EY7 LBTQKBBDVONGGY-LFVJCYFKSA-N seed29 60.379s
4139/8070 SUCCESS AChE/BChE 4EY7 LBTQKBBDVONGGY-LFVJCYFKSA-N seed42 65.159s
4140/8070 SUCCESS AChE/BChE 4EY7 LBTQKBBDVONGGY-LFVJCYFKSA-N seed71 64.084s
4141/8070 SUCCESS AChE/BChE 4EY7 LBTQKBBDVONGGY-LFVJCYFKSA-N seed101 61.8s
4142/8070 SUCCESS AChE/BChE 4BDS LBTQKBBDVONGGY-LFVJCYFKSA-N seed17 102.232s
4143/8070 SUCCESS AChE/BChE 4BDS NYVBQRTTYHHRCD-UHFFFAOYSA-N seed42 363.163s
4144/8070 SUCCESS AChE/BChE 4BDS NYVBQRTTYHHRCD-UHFFFAOYSA-N seed29 372.235s
4145/8070 SUCCESS AChE/BChE 4BDS LBTQKBBDVONGGY-LFVJCYFKSA-N seed29 101.353s
4146/8070 SUCCESS AChE/BChE 4BDS NYVBQRTTYHHRCD-UHFFFAOYSA-N seed71 372.581s
4147/8070 SUCCESS AChE/BChE 4BDS NYVBQRTTYHHRCD-UHFFFAOYSA-N seed101 362.629s
4148/8070 SUCCESS AChE/BChE 4BDS LBTQKBBDVONGGY-LFVJCYFKSA-N seed42 98.903s
4149/8070 SUCCESS AChE/BChE 4BDS LBTQKBBDVONGGY-LFVJCYFKSA-N seed71 99.28s
4150/8070 SUCCESS AChE/BChE 4BDS LBTQKBBDVONGGY-LFVJCYFKSA-N seed101 99.268s
4151/8070 SUCCESS AChE/BChE 4EY7 YEUHJVFRRWHHMS-INKHBPHZSA-N seed17 327.317s
4152/8070 SUCCESS AChE/BChE 4EY7 YEUHJVFRRWHHMS-INKHBPHZSA-N seed42 318.244s
4153/8070 SUCCESS AChE/BChE 4EY7 YEUHJVFRRWHHMS-INKHBPHZSA-N seed29 332.232s
4154/8070 SUCCESS AChE/BChE 4EY7 YEUHJVFRRWHHMS-INKHBPHZSA-N seed71 300.063s
4155/8070 SUCCESS AChE/BChE 4EY7 YEUHJVFRRWHHMS-INKHBPHZSA-N seed101 288.998s
4156/8070 SUCCESS AChE/BChE 4BDS YEUHJVFRRWHHMS-INKHBPHZSA-N seed17 399.535s
4157/8070 SUCCESS AChE/BChE 4EY7 AQOBTKMEQOANSS-FEZSWGLMSA-N seed17 328.255s
4158/8070 SUCCESS AChE/BChE 4BDS YEUHJVFRRWHHMS-INKHBPHZSA-N seed42 383.641s
4159/8070 SUCCESS AChE/BChE 4BDS YEUHJVFRRWHHMS-INKHBPHZSA-N seed29 391.492s
4160/8070 SUCCESS AChE/BChE 4BDS YEUHJVFRRWHHMS-INKHBPHZSA-N seed71 391.244s
4161/8070 SUCCESS AChE/BChE 4BDS YEUHJVFRRWHHMS-INKHBPHZSA-N seed101 393.453s
4162/8070 SUCCESS AChE/BChE 4EY7 AQOBTKMEQOANSS-FEZSWGLMSA-N seed29 344.564s
4163/8070 SUCCESS AChE/BChE 4EY7 AQOBTKMEQOANSS-FEZSWGLMSA-N seed71 321.89s
4164/8070 SUCCESS AChE/BChE 4EY7 AQOBTKMEQOANSS-FEZSWGLMSA-N seed42 347.513s
4165/8070 SUCCESS AChE/BChE 4EY7 AQOBTKMEQOANSS-FEZSWGLMSA-N seed101 339.714s
4166/8070 SUCCESS AChE/BChE 4EY7 IKMDFBPHZNJCSN-UHFFFAOYSA-N seed17 43.423s
4167/8070 SUCCESS AChE/BChE 4BDS AQOBTKMEQOANSS-FEZSWGLMSA-N seed17 402.376s
4168/8070 SUCCESS AChE/BChE 4EY7 IKMDFBPHZNJCSN-UHFFFAOYSA-N seed29 43.009s
4169/8070 SUCCESS AChE/BChE 4BDS AQOBTKMEQOANSS-FEZSWGLMSA-N seed29 400.981s
4170/8070 SUCCESS AChE/BChE 4EY7 IKMDFBPHZNJCSN-UHFFFAOYSA-N seed42 43.024s
4171/8070 SUCCESS AChE/BChE 4EY7 IKMDFBPHZNJCSN-UHFFFAOYSA-N seed71 42.143s
4172/8070 SUCCESS AChE/BChE 4EY7 IKMDFBPHZNJCSN-UHFFFAOYSA-N seed101 42.784s
4173/8070 SUCCESS AChE/BChE 4BDS IKMDFBPHZNJCSN-UHFFFAOYSA-N seed17 41.402s
4174/8070 SUCCESS AChE/BChE 4BDS IKMDFBPHZNJCSN-UHFFFAOYSA-N seed29 41.283s
4175/8070 SUCCESS AChE/BChE 4BDS AQOBTKMEQOANSS-FEZSWGLMSA-N seed42 388.39s
4176/8070 SUCCESS AChE/BChE 4BDS IKMDFBPHZNJCSN-UHFFFAOYSA-N seed42 41.622s
4177/8070 SUCCESS AChE/BChE 4BDS IKMDFBPHZNJCSN-UHFFFAOYSA-N seed71 41.594s
4178/8070 SUCCESS AChE/BChE 4BDS IKMDFBPHZNJCSN-UHFFFAOYSA-N seed101 42.119s
4179/8070 SUCCESS AChE/BChE 4EY7 HASPOWFDQOETTJ-UHFFFAOYSA-N seed17 64.952s
4180/8070 SUCCESS AChE/BChE 4EY7 HASPOWFDQOETTJ-UHFFFAOYSA-N seed29 63.272s
4181/8070 SUCCESS AChE/BChE 4EY7 HASPOWFDQOETTJ-UHFFFAOYSA-N seed42 70.131s
4182/8070 SUCCESS AChE/BChE 4EY7 HASPOWFDQOETTJ-UHFFFAOYSA-N seed71 64.406s
4183/8070 SUCCESS AChE/BChE 4EY7 HASPOWFDQOETTJ-UHFFFAOYSA-N seed101 63.792s
4184/8070 SUCCESS AChE/BChE 4BDS HASPOWFDQOETTJ-UHFFFAOYSA-N seed17 88.382s
4185/8070 SUCCESS AChE/BChE 4BDS HASPOWFDQOETTJ-UHFFFAOYSA-N seed29 89.448s
4186/8070 SUCCESS AChE/BChE 4BDS HASPOWFDQOETTJ-UHFFFAOYSA-N seed42 87.597s
4187/8070 SUCCESS AChE/BChE 4BDS AQOBTKMEQOANSS-FEZSWGLMSA-N seed71 397.213s
4188/8070 SUCCESS AChE/BChE 4BDS HASPOWFDQOETTJ-UHFFFAOYSA-N seed71 87.232s
4189/8070 SUCCESS AChE/BChE 4BDS AQOBTKMEQOANSS-FEZSWGLMSA-N seed101 399.805s
4190/8070 SUCCESS AChE/BChE 4EY7 ADEBPBSSDYVVLD-UHFFFAOYSA-N seed17 50.018s
4191/8070 SUCCESS AChE/BChE 4EY7 ADEBPBSSDYVVLD-UHFFFAOYSA-N seed29 45.659s
4192/8070 SUCCESS AChE/BChE 4BDS HASPOWFDQOETTJ-UHFFFAOYSA-N seed101 85.013s
4193/8070 SUCCESS AChE/BChE 4EY7 ADEBPBSSDYVVLD-UHFFFAOYSA-N seed42 53.23s
4194/8070 SUCCESS AChE/BChE 4EY7 ADEBPBSSDYVVLD-UHFFFAOYSA-N seed71 49.978s
4195/8070 SUCCESS AChE/BChE 4EY7 ADEBPBSSDYVVLD-UHFFFAOYSA-N seed101 49.74s
4196/8070 SUCCESS AChE/BChE 4BDS ADEBPBSSDYVVLD-UHFFFAOYSA-N seed17 80.211s
4197/8070 SUCCESS AChE/BChE 4BDS ADEBPBSSDYVVLD-UHFFFAOYSA-N seed29 81.204s
4198/8070 SUCCESS AChE/BChE 4BDS ADEBPBSSDYVVLD-UHFFFAOYSA-N seed42 86.531s
4199/8070 SUCCESS AChE/BChE 4BDS ADEBPBSSDYVVLD-UHFFFAOYSA-N seed71 87.244s
4200/8070 SUCCESS AChE/BChE 4BDS ADEBPBSSDYVVLD-UHFFFAOYSA-N seed101 86.867s
4201/8070 SUCCESS AChE/BChE 4EY7 PRXIEXWZIFEMSH-UHFFFAOYSA-N seed17 77.971s
4202/8070 SUCCESS AChE/BChE 4EY7 PRXIEXWZIFEMSH-UHFFFAOYSA-N seed42 76.244s
4203/8070 SUCCESS AChE/BChE 4EY7 PRXIEXWZIFEMSH-UHFFFAOYSA-N seed29 80.823s
4204/8070 SUCCESS AChE/BChE 4EY7 PRXIEXWZIFEMSH-UHFFFAOYSA-N seed71 74.954s
4205/8070 SUCCESS AChE/BChE 4EY7 PRXIEXWZIFEMSH-UHFFFAOYSA-N seed101 75.065s
4206/8070 SUCCESS AChE/BChE 4EY7 JZMKNXICJRCGJX-PKOBYXMFSA-N seed17 37.031s
4207/8070 SUCCESS AChE/BChE 4BDS PRXIEXWZIFEMSH-UHFFFAOYSA-N seed29 110.328s
4208/8070 SUCCESS AChE/BChE 4BDS PRXIEXWZIFEMSH-UHFFFAOYSA-N seed17 111.129s
4209/8070 SUCCESS AChE/BChE 4EY7 JZMKNXICJRCGJX-PKOBYXMFSA-N seed29 35.559s
4210/8070 SUCCESS AChE/BChE 4EY7 JZMKNXICJRCGJX-PKOBYXMFSA-N seed71 35.779s
4211/8070 SUCCESS AChE/BChE 4EY7 JZMKNXICJRCGJX-PKOBYXMFSA-N seed42 36.407s
4212/8070 SUCCESS AChE/BChE 4BDS PRXIEXWZIFEMSH-UHFFFAOYSA-N seed71 104.589s
4213/8070 SUCCESS AChE/BChE 4BDS PRXIEXWZIFEMSH-UHFFFAOYSA-N seed42 105.447s
4214/8070 SUCCESS AChE/BChE 4BDS PRXIEXWZIFEMSH-UHFFFAOYSA-N seed101 102.371s
4215/8070 SUCCESS AChE/BChE 4EY7 JZMKNXICJRCGJX-PKOBYXMFSA-N seed101 35.015s
4216/8070 SUCCESS AChE/BChE 4BDS JZMKNXICJRCGJX-PKOBYXMFSA-N seed17 31.824s
4217/8070 SUCCESS AChE/BChE 4BDS JZMKNXICJRCGJX-PKOBYXMFSA-N seed29 31.812s
4218/8070 SUCCESS AChE/BChE 4BDS JZMKNXICJRCGJX-PKOBYXMFSA-N seed42 31.951s
4219/8070 SUCCESS AChE/BChE 4BDS JZMKNXICJRCGJX-PKOBYXMFSA-N seed71 32.133s
4220/8070 SUCCESS AChE/BChE 4BDS JZMKNXICJRCGJX-PKOBYXMFSA-N seed101 33.469s
4221/8070 SUCCESS AChE/BChE 4EY7 ZKOHODJSCICEFD-UHFFFAOYSA-N seed42 1349.978s
4222/8070 SUCCESS AChE/BChE 4EY7 ZKOHODJSCICEFD-UHFFFAOYSA-N seed17 1394.719s
4223/8070 SUCCESS AChE/BChE 4EY7 ZKOHODJSCICEFD-UHFFFAOYSA-N seed101 1393.728s
4224/8070 SUCCESS AChE/BChE 4EY7 ZKOHODJSCICEFD-UHFFFAOYSA-N seed71 1422.505s
4225/8070 SUCCESS AChE/BChE 4EY7 ZKOHODJSCICEFD-UHFFFAOYSA-N seed29 1527.682s
4226/8070 SUCCESS AChE/BChE 4EY7 IWMNPLRLJRDNCG-UHFFFAOYSA-N seed17 90.939s
4227/8070 SUCCESS AChE/BChE 4EY7 IWMNPLRLJRDNCG-UHFFFAOYSA-N seed29 89.122s
4228/8070 SUCCESS AChE/BChE 4EY7 IWMNPLRLJRDNCG-UHFFFAOYSA-N seed42 94.731s
4229/8070 SUCCESS AChE/BChE 4EY7 IWMNPLRLJRDNCG-UHFFFAOYSA-N seed71 92.326s
4230/8070 SUCCESS AChE/BChE 4EY7 IWMNPLRLJRDNCG-UHFFFAOYSA-N seed101 93.36s
4231/8070 SUCCESS AChE/BChE 4BDS IWMNPLRLJRDNCG-UHFFFAOYSA-N seed17 150.688s
4232/8070 SUCCESS AChE/BChE 4BDS IWMNPLRLJRDNCG-UHFFFAOYSA-N seed29 164.845s
4233/8070 SUCCESS AChE/BChE 4BDS IWMNPLRLJRDNCG-UHFFFAOYSA-N seed42 155.639s
4234/8070 SUCCESS AChE/BChE 4BDS IWMNPLRLJRDNCG-UHFFFAOYSA-N seed71 155.831s
4235/8070 SUCCESS AChE/BChE 4BDS IWMNPLRLJRDNCG-UHFFFAOYSA-N seed101 161.619s
4236/8070 SUCCESS AChE/BChE 4EY7 RHZKAWSSJKSGEO-UHFFFAOYSA-N seed17 85.616s
4237/8070 SUCCESS AChE/BChE 4EY7 RHZKAWSSJKSGEO-UHFFFAOYSA-N seed29 84.688s
4238/8070 SUCCESS AChE/BChE 4EY7 RHZKAWSSJKSGEO-UHFFFAOYSA-N seed42 64.416s
4239/8070 SUCCESS AChE/BChE 4EY7 RHZKAWSSJKSGEO-UHFFFAOYSA-N seed71 60.98s
4240/8070 SUCCESS AChE/BChE 4EY7 RHZKAWSSJKSGEO-UHFFFAOYSA-N seed101 65.153s
4241/8070 TIMEOUT AChE/BChE 4BDS ZKOHODJSCICEFD-UHFFFAOYSA-N seed17 1586.067s
4242/8070 SUCCESS AChE/BChE 4BDS RHZKAWSSJKSGEO-UHFFFAOYSA-N seed17 100.169s
4243/8070 SUCCESS AChE/BChE 4BDS RHZKAWSSJKSGEO-UHFFFAOYSA-N seed29 97.536s
4244/8070 SUCCESS AChE/BChE 4BDS RHZKAWSSJKSGEO-UHFFFAOYSA-N seed42 94.966s
4245/8070 SUCCESS AChE/BChE 4BDS RHZKAWSSJKSGEO-UHFFFAOYSA-N seed71 96.078s
4246/8070 SUCCESS AChE/BChE 4EY7 MBYLQCWDOYEQRA-PKOBYXMFSA-N seed17 38.261s
4247/8070 SUCCESS AChE/BChE 4BDS RHZKAWSSJKSGEO-UHFFFAOYSA-N seed101 96.307s
4248/8070 SUCCESS AChE/BChE 4EY7 MBYLQCWDOYEQRA-PKOBYXMFSA-N seed29 38.076s
4249/8070 SUCCESS AChE/BChE 4EY7 MBYLQCWDOYEQRA-PKOBYXMFSA-N seed42 38.069s
4250/8070 SUCCESS AChE/BChE 4EY7 MBYLQCWDOYEQRA-PKOBYXMFSA-N seed71 37.648s
4251/8070 SUCCESS AChE/BChE 4EY7 MBYLQCWDOYEQRA-PKOBYXMFSA-N seed101 37.843s
4252/8070 SUCCESS AChE/BChE 4BDS MBYLQCWDOYEQRA-PKOBYXMFSA-N seed17 34.515s
4253/8070 SUCCESS AChE/BChE 4BDS MBYLQCWDOYEQRA-PKOBYXMFSA-N seed29 34.39s
4254/8070 SUCCESS AChE/BChE 4BDS MBYLQCWDOYEQRA-PKOBYXMFSA-N seed42 34.365s
4255/8070 SUCCESS AChE/BChE 4BDS MBYLQCWDOYEQRA-PKOBYXMFSA-N seed71 34.535s
4256/8070 SUCCESS AChE/BChE 4BDS MBYLQCWDOYEQRA-PKOBYXMFSA-N seed101 34.82s
4257/8070 SUCCESS AChE/BChE 4EY7 PVKAOBUBUDQDRR-UHFFFAOYSA-N seed17 83.733s
4258/8070 SUCCESS AChE/BChE 4EY7 PVKAOBUBUDQDRR-UHFFFAOYSA-N seed29 87.817s
4259/8070 SUCCESS AChE/BChE 4EY7 PVKAOBUBUDQDRR-UHFFFAOYSA-N seed42 87.165s
4260/8070 SUCCESS AChE/BChE 4EY7 PVKAOBUBUDQDRR-UHFFFAOYSA-N seed71 87.345s
4261/8070 SUCCESS AChE/BChE 4EY7 PVKAOBUBUDQDRR-UHFFFAOYSA-N seed101 88.246s
4262/8070 SUCCESS AChE/BChE 4BDS PVKAOBUBUDQDRR-UHFFFAOYSA-N seed17 90.834s
4263/8070 SUCCESS AChE/BChE 4BDS PVKAOBUBUDQDRR-UHFFFAOYSA-N seed29 90.408s
4264/8070 SUCCESS AChE/BChE 4BDS PVKAOBUBUDQDRR-UHFFFAOYSA-N seed42 90.955s
4265/8070 SUCCESS AChE/BChE 4BDS PVKAOBUBUDQDRR-UHFFFAOYSA-N seed71 91.083s
4266/8070 SUCCESS AChE/BChE 4EY7 AXSJTNLXZJWIFL-UHFFFAOYSA-N seed17 27.023s
4267/8070 SUCCESS AChE/BChE 4BDS PVKAOBUBUDQDRR-UHFFFAOYSA-N seed101 90.432s
4268/8070 SUCCESS AChE/BChE 4EY7 AXSJTNLXZJWIFL-UHFFFAOYSA-N seed29 27.087s
4269/8070 SUCCESS AChE/BChE 4EY7 AXSJTNLXZJWIFL-UHFFFAOYSA-N seed42 26.737s
4270/8070 SUCCESS AChE/BChE 4EY7 AXSJTNLXZJWIFL-UHFFFAOYSA-N seed71 26.787s
4271/8070 SUCCESS AChE/BChE 4EY7 AXSJTNLXZJWIFL-UHFFFAOYSA-N seed101 26.676s
4272/8070 SUCCESS AChE/BChE 4BDS AXSJTNLXZJWIFL-UHFFFAOYSA-N seed17 25.373s
4273/8070 SUCCESS AChE/BChE 4BDS AXSJTNLXZJWIFL-UHFFFAOYSA-N seed29 25.441s
4274/8070 SUCCESS AChE/BChE 4BDS AXSJTNLXZJWIFL-UHFFFAOYSA-N seed42 25.629s
4275/8070 SUCCESS AChE/BChE 4BDS AXSJTNLXZJWIFL-UHFFFAOYSA-N seed71 25.434s
4276/8070 SUCCESS AChE/BChE 4BDS AXSJTNLXZJWIFL-UHFFFAOYSA-N seed101 25.376s
4277/8070 SUCCESS AChE/BChE 4EY7 CXVRQICJWIZHEA-UHFFFAOYSA-N seed17 32.14s
4278/8070 SUCCESS AChE/BChE 4EY7 CXVRQICJWIZHEA-UHFFFAOYSA-N seed29 32.332s
4279/8070 SUCCESS AChE/BChE 4EY7 CXVRQICJWIZHEA-UHFFFAOYSA-N seed42 32.392s
4280/8070 SUCCESS AChE/BChE 4EY7 CXVRQICJWIZHEA-UHFFFAOYSA-N seed71 32.278s
4281/8070 SUCCESS AChE/BChE 4EY7 CXVRQICJWIZHEA-UHFFFAOYSA-N seed101 32.407s
4282/8070 SUCCESS AChE/BChE 4BDS CXVRQICJWIZHEA-UHFFFAOYSA-N seed17 33.134s
4283/8070 SUCCESS AChE/BChE 4BDS CXVRQICJWIZHEA-UHFFFAOYSA-N seed29 33.045s
4284/8070 SUCCESS AChE/BChE 4BDS CXVRQICJWIZHEA-UHFFFAOYSA-N seed42 32.809s
4285/8070 SUCCESS AChE/BChE 4BDS CXVRQICJWIZHEA-UHFFFAOYSA-N seed71 33.0s
4286/8070 SUCCESS AChE/BChE 4BDS ZKOHODJSCICEFD-UHFFFAOYSA-N seed29 1398.933s
4287/8070 SUCCESS AChE/BChE 4BDS CXVRQICJWIZHEA-UHFFFAOYSA-N seed101 34.025s
4288/8070 SUCCESS AChE/BChE 4BDS ZKOHODJSCICEFD-UHFFFAOYSA-N seed71 1402.351s
4289/8070 SUCCESS AChE/BChE 4BDS ZKOHODJSCICEFD-UHFFFAOYSA-N seed101 1438.187s
4290/8070 SUCCESS AChE/BChE 4BDS ZKOHODJSCICEFD-UHFFFAOYSA-N seed42 1471.268s
4291/8070 TIMEOUT AChE/BChE 4EY7 KHBDHGUQOPEDSD-UHFFFAOYSA-N seed17 1586.096s
4292/8070 TIMEOUT AChE/BChE 4EY7 KHBDHGUQOPEDSD-UHFFFAOYSA-N seed29 1586.086s
4293/8070 TIMEOUT AChE/BChE 4EY7 KHBDHGUQOPEDSD-UHFFFAOYSA-N seed42 1586.102s
4294/8070 TIMEOUT AChE/BChE 4EY7 KHBDHGUQOPEDSD-UHFFFAOYSA-N seed71 1586.122s
4295/8070 TIMEOUT AChE/BChE 4EY7 KHBDHGUQOPEDSD-UHFFFAOYSA-N seed101 1586.072s
4296/8070 TIMEOUT AChE/BChE 4BDS KHBDHGUQOPEDSD-UHFFFAOYSA-N seed17 1586.079s
4297/8070 TIMEOUT AChE/BChE 4BDS KHBDHGUQOPEDSD-UHFFFAOYSA-N seed29 1586.088s
4298/8070 TIMEOUT AChE/BChE 4BDS KHBDHGUQOPEDSD-UHFFFAOYSA-N seed42 1586.149s
4299/8070 TIMEOUT AChE/BChE 4BDS KHBDHGUQOPEDSD-UHFFFAOYSA-N seed71 1586.054s
4300/8070 TIMEOUT AChE/BChE 4BDS KHBDHGUQOPEDSD-UHFFFAOYSA-N seed101 1586.085s
4301/8070 TIMEOUT AChE/BChE 4EY7 HDAQKLAKMZNBQB-UHFFFAOYSA-N seed17 1586.069s
4302/8070 TIMEOUT AChE/BChE 4EY7 HDAQKLAKMZNBQB-UHFFFAOYSA-N seed29 1586.09s
4303/8070 TIMEOUT AChE/BChE 4EY7 HDAQKLAKMZNBQB-UHFFFAOYSA-N seed42 1586.08s
4304/8070 TIMEOUT AChE/BChE 4EY7 HDAQKLAKMZNBQB-UHFFFAOYSA-N seed71 1586.075s
4305/8070 TIMEOUT AChE/BChE 4EY7 HDAQKLAKMZNBQB-UHFFFAOYSA-N seed101 1586.05s
4306/8070 TIMEOUT AChE/BChE 4BDS HDAQKLAKMZNBQB-UHFFFAOYSA-N seed17 1586.068s
4307/8070 TIMEOUT AChE/BChE 4BDS HDAQKLAKMZNBQB-UHFFFAOYSA-N seed29 1586.081s
4308/8070 TIMEOUT AChE/BChE 4BDS HDAQKLAKMZNBQB-UHFFFAOYSA-N seed42 1586.075s
4309/8070 SUCCESS AChE/BChE 4EY7 WUQZNYSVERYXKI-UHFFFAOYSA-N seed17 779.717s
4310/8070 SUCCESS AChE/BChE 4EY7 WUQZNYSVERYXKI-UHFFFAOYSA-N seed29 802.161s
4311/8070 SUCCESS AChE/BChE 4EY7 WUQZNYSVERYXKI-UHFFFAOYSA-N seed42 827.709s
4312/8070 SUCCESS AChE/BChE 4EY7 WUQZNYSVERYXKI-UHFFFAOYSA-N seed71 907.669s
4313/8070 SUCCESS AChE/BChE 4EY7 WUQZNYSVERYXKI-UHFFFAOYSA-N seed101 1191.8s
4314/8070 SUCCESS AChE/BChE 4BDS WUQZNYSVERYXKI-UHFFFAOYSA-N seed17 1381.424s
4315/8070 SUCCESS AChE/BChE 4BDS WUQZNYSVERYXKI-UHFFFAOYSA-N seed29 1383.207s
4316/8070 SUCCESS AChE/BChE 4EY7 CSYVGFFWWUUSDU-UHFFFAOYSA-N seed17 74.89s
4317/8070 SUCCESS AChE/BChE 4BDS WUQZNYSVERYXKI-UHFFFAOYSA-N seed42 1393.601s
4318/8070 SUCCESS AChE/BChE 4EY7 CSYVGFFWWUUSDU-UHFFFAOYSA-N seed29 75.739s
4319/8070 SUCCESS AChE/BChE 4EY7 CSYVGFFWWUUSDU-UHFFFAOYSA-N seed42 74.754s
4320/8070 SUCCESS AChE/BChE 4EY7 CSYVGFFWWUUSDU-UHFFFAOYSA-N seed71 78.483s
4321/8070 SUCCESS AChE/BChE 4EY7 CSYVGFFWWUUSDU-UHFFFAOYSA-N seed101 77.907s
4322/8070 SUCCESS AChE/BChE 4BDS CSYVGFFWWUUSDU-UHFFFAOYSA-N seed17 128.804s
4323/8070 SUCCESS AChE/BChE 4BDS CSYVGFFWWUUSDU-UHFFFAOYSA-N seed29 131.127s
4324/8070 SUCCESS AChE/BChE 4BDS CSYVGFFWWUUSDU-UHFFFAOYSA-N seed42 133.325s
4325/8070 SUCCESS AChE/BChE 4BDS CSYVGFFWWUUSDU-UHFFFAOYSA-N seed71 134.458s
4326/8070 SUCCESS AChE/BChE 4BDS CSYVGFFWWUUSDU-UHFFFAOYSA-N seed101 138.936s
4327/8070 TIMEOUT AChE/BChE 4BDS HDAQKLAKMZNBQB-UHFFFAOYSA-N seed71 1586.057s
4328/8070 TIMEOUT AChE/BChE 4BDS HDAQKLAKMZNBQB-UHFFFAOYSA-N seed101 1586.066s
4329/8070 SUCCESS AChE/BChE 4BDS WUQZNYSVERYXKI-UHFFFAOYSA-N seed71 1267.537s
4330/8070 SUCCESS AChE/BChE 4BDS WUQZNYSVERYXKI-UHFFFAOYSA-N seed101 1212.152s
4331/8070 SUCCESS AChE/BChE 4EY7 TYNDGSBNGKLNDC-UHFFFAOYSA-N seed17 664.525s
4332/8070 SUCCESS AChE/BChE 4EY7 TYNDGSBNGKLNDC-UHFFFAOYSA-N seed29 597.633s
4333/8070 SUCCESS AChE/BChE 4EY7 TYNDGSBNGKLNDC-UHFFFAOYSA-N seed71 563.451s
4334/8070 SUCCESS AChE/BChE 4EY7 TYNDGSBNGKLNDC-UHFFFAOYSA-N seed42 612.235s
4335/8070 SUCCESS AChE/BChE 4EY7 TYNDGSBNGKLNDC-UHFFFAOYSA-N seed101 580.044s
4336/8070 SUCCESS AChE/BChE 4EY7 ZAOLYIRFSLIUAV-UHFFFAOYSA-N seed17 152.508s
4337/8070 SUCCESS AChE/BChE 4EY7 ZAOLYIRFSLIUAV-UHFFFAOYSA-N seed29 153.717s
4338/8070 SUCCESS AChE/BChE 4BDS TYNDGSBNGKLNDC-UHFFFAOYSA-N seed17 815.59s
4339/8070 SUCCESS AChE/BChE 4EY7 ZAOLYIRFSLIUAV-UHFFFAOYSA-N seed42 154.883s
4340/8070 SUCCESS AChE/BChE 4BDS TYNDGSBNGKLNDC-UHFFFAOYSA-N seed29 835.26s
4341/8070 SUCCESS AChE/BChE 4BDS TYNDGSBNGKLNDC-UHFFFAOYSA-N seed42 851.031s
4342/8070 SUCCESS AChE/BChE 4EY7 ZAOLYIRFSLIUAV-UHFFFAOYSA-N seed71 160.86s
4343/8070 SUCCESS AChE/BChE 4EY7 ZAOLYIRFSLIUAV-UHFFFAOYSA-N seed101 150.683s
4344/8070 SUCCESS AChE/BChE 4BDS ZAOLYIRFSLIUAV-UHFFFAOYSA-N seed17 171.587s
4345/8070 SUCCESS AChE/BChE 4BDS ZAOLYIRFSLIUAV-UHFFFAOYSA-N seed29 170.376s
4346/8070 SUCCESS AChE/BChE 4BDS ZAOLYIRFSLIUAV-UHFFFAOYSA-N seed42 169.714s
4347/8070 SUCCESS AChE/BChE 4BDS TYNDGSBNGKLNDC-UHFFFAOYSA-N seed71 854.836s
4348/8070 SUCCESS AChE/BChE 4BDS ZAOLYIRFSLIUAV-UHFFFAOYSA-N seed71 168.191s
4349/8070 SUCCESS AChE/BChE 4BDS TYNDGSBNGKLNDC-UHFFFAOYSA-N seed101 850.806s
4350/8070 SUCCESS AChE/BChE 4BDS ZAOLYIRFSLIUAV-UHFFFAOYSA-N seed101 162.168s
4351/8070 SUCCESS AChE/BChE 4EY7 HHOQFQNZGOWBHS-UHFFFAOYSA-N seed17 208.478s
4352/8070 SUCCESS AChE/BChE 4EY7 HHOQFQNZGOWBHS-UHFFFAOYSA-N seed29 211.314s
4353/8070 SUCCESS AChE/BChE 4EY7 HHOQFQNZGOWBHS-UHFFFAOYSA-N seed42 211.59s
4354/8070 SUCCESS AChE/BChE 4EY7 HHOQFQNZGOWBHS-UHFFFAOYSA-N seed71 205.131s
4355/8070 SUCCESS AChE/BChE 4EY7 HHOQFQNZGOWBHS-UHFFFAOYSA-N seed101 205.781s
4356/8070 SUCCESS AChE/BChE 4BDS HHOQFQNZGOWBHS-UHFFFAOYSA-N seed17 275.223s
4357/8070 SUCCESS AChE/BChE 4EY7 QDZBIUGFNUHGNM-UHFFFAOYSA-N seed17 224.822s
4358/8070 SUCCESS AChE/BChE 4BDS HHOQFQNZGOWBHS-UHFFFAOYSA-N seed29 283.661s
4359/8070 SUCCESS AChE/BChE 4BDS HHOQFQNZGOWBHS-UHFFFAOYSA-N seed42 280.973s
4360/8070 SUCCESS AChE/BChE 4BDS HHOQFQNZGOWBHS-UHFFFAOYSA-N seed71 282.738s
4361/8070 SUCCESS AChE/BChE 4BDS HHOQFQNZGOWBHS-UHFFFAOYSA-N seed101 283.325s
4362/8070 SUCCESS AChE/BChE 4EY7 QDZBIUGFNUHGNM-UHFFFAOYSA-N seed29 230.203s
4363/8070 SUCCESS AChE/BChE 4EY7 QDZBIUGFNUHGNM-UHFFFAOYSA-N seed42 228.961s
4364/8070 SUCCESS AChE/BChE 4EY7 QDZBIUGFNUHGNM-UHFFFAOYSA-N seed71 225.11s
4365/8070 SUCCESS AChE/BChE 4EY7 QDZBIUGFNUHGNM-UHFFFAOYSA-N seed101 233.752s
4366/8070 SUCCESS AChE/BChE 4BDS QDZBIUGFNUHGNM-UHFFFAOYSA-N seed29 268.511s
4367/8070 SUCCESS AChE/BChE 4BDS QDZBIUGFNUHGNM-UHFFFAOYSA-N seed17 273.884s
4368/8070 SUCCESS AChE/BChE 4EY7 NPANUSRHFVUOKM-UNMCSNQZSA-N seed17 49.018s
4369/8070 SUCCESS AChE/BChE 4EY7 NPANUSRHFVUOKM-UNMCSNQZSA-N seed29 47.059s
4370/8070 SUCCESS AChE/BChE 4EY7 NPANUSRHFVUOKM-UNMCSNQZSA-N seed42 48.36s
4371/8070 SUCCESS AChE/BChE 4EY7 NPANUSRHFVUOKM-UNMCSNQZSA-N seed71 48.674s
4372/8070 SUCCESS AChE/BChE 4BDS QDZBIUGFNUHGNM-UHFFFAOYSA-N seed42 268.983s
4373/8070 SUCCESS AChE/BChE 4EY7 NPANUSRHFVUOKM-UNMCSNQZSA-N seed101 49.382s
4374/8070 SUCCESS AChE/BChE 4BDS NPANUSRHFVUOKM-UNMCSNQZSA-N seed17 53.426s
4375/8070 SUCCESS AChE/BChE 4BDS NPANUSRHFVUOKM-UNMCSNQZSA-N seed29 52.469s
4376/8070 SUCCESS AChE/BChE 4BDS NPANUSRHFVUOKM-UNMCSNQZSA-N seed42 52.868s
4377/8070 SUCCESS AChE/BChE 4BDS NPANUSRHFVUOKM-UNMCSNQZSA-N seed71 52.351s
4378/8070 SUCCESS AChE/BChE 4BDS NPANUSRHFVUOKM-UNMCSNQZSA-N seed101 52.979s
4379/8070 SUCCESS AChE/BChE 4BDS QDZBIUGFNUHGNM-UHFFFAOYSA-N seed71 265.171s
4380/8070 SUCCESS AChE/BChE 4BDS QDZBIUGFNUHGNM-UHFFFAOYSA-N seed101 260.167s
4381/8070 SUCCESS AChE/BChE 4EY7 DVLMIYJJISHOPY-UHFFFAOYSA-N seed17 83.89s
4382/8070 SUCCESS AChE/BChE 4EY7 DVLMIYJJISHOPY-UHFFFAOYSA-N seed29 86.771s
4383/8070 SUCCESS AChE/BChE 4EY7 DVLMIYJJISHOPY-UHFFFAOYSA-N seed42 84.564s
4384/8070 SUCCESS AChE/BChE 4EY7 DVLMIYJJISHOPY-UHFFFAOYSA-N seed71 82.032s
4385/8070 SUCCESS AChE/BChE 4EY7 DVLMIYJJISHOPY-UHFFFAOYSA-N seed101 85.093s
4386/8070 SUCCESS AChE/BChE 4BDS DVLMIYJJISHOPY-UHFFFAOYSA-N seed29 117.524s
4387/8070 SUCCESS AChE/BChE 4BDS DVLMIYJJISHOPY-UHFFFAOYSA-N seed17 118.49s
4388/8070 SUCCESS AChE/BChE 4BDS DVLMIYJJISHOPY-UHFFFAOYSA-N seed42 120.312s
4389/8070 SUCCESS AChE/BChE 4BDS DVLMIYJJISHOPY-UHFFFAOYSA-N seed71 118.708s
4390/8070 SUCCESS AChE/BChE 4BDS DVLMIYJJISHOPY-UHFFFAOYSA-N seed101 120.609s
4391/8070 SUCCESS AChE/BChE 4EY7 JORCOHASOWOJOX-UHFFFAOYSA-N seed17 104.263s
4392/8070 SUCCESS AChE/BChE 4EY7 JORCOHASOWOJOX-UHFFFAOYSA-N seed42 110.06s
4393/8070 SUCCESS AChE/BChE 4EY7 JORCOHASOWOJOX-UHFFFAOYSA-N seed29 113.719s
4394/8070 SUCCESS AChE/BChE 4BDS JORCOHASOWOJOX-UHFFFAOYSA-N seed17 86.196s
4395/8070 SUCCESS AChE/BChE 4EY7 JORCOHASOWOJOX-UHFFFAOYSA-N seed71 106.75s
4396/8070 SUCCESS AChE/BChE 4EY7 JORCOHASOWOJOX-UHFFFAOYSA-N seed101 109.645s
4397/8070 SUCCESS AChE/BChE 4BDS JORCOHASOWOJOX-UHFFFAOYSA-N seed29 87.436s
4398/8070 SUCCESS AChE/BChE 4BDS JORCOHASOWOJOX-UHFFFAOYSA-N seed42 83.575s
4399/8070 SUCCESS AChE/BChE 4BDS JORCOHASOWOJOX-UHFFFAOYSA-N seed71 84.138s
4400/8070 SUCCESS AChE/BChE 4BDS JORCOHASOWOJOX-UHFFFAOYSA-N seed101 85.879s
4401/8070 SUCCESS AChE/BChE 4EY7 UUXMKUDVTHMKFM-UHFFFAOYSA-N seed17 302.044s
4402/8070 SUCCESS AChE/BChE 4EY7 UUXMKUDVTHMKFM-UHFFFAOYSA-N seed29 295.412s
4403/8070 SUCCESS AChE/BChE 4EY7 UUXMKUDVTHMKFM-UHFFFAOYSA-N seed42 313.034s
4404/8070 SUCCESS AChE/BChE 4EY7 UUXMKUDVTHMKFM-UHFFFAOYSA-N seed71 318.122s
4405/8070 SUCCESS AChE/BChE 4EY7 UUXMKUDVTHMKFM-UHFFFAOYSA-N seed101 318.231s
4406/8070 SUCCESS AChE/BChE 4EY7 PRZIVMZUOGFQQX-UHFFFAOYSA-N seed17 104.663s
4407/8070 SUCCESS AChE/BChE 4BDS UUXMKUDVTHMKFM-UHFFFAOYSA-N seed17 459.944s
4408/8070 SUCCESS AChE/BChE 4EY7 PRZIVMZUOGFQQX-UHFFFAOYSA-N seed29 104.701s
4409/8070 SUCCESS AChE/BChE 4EY7 PRZIVMZUOGFQQX-UHFFFAOYSA-N seed42 107.682s
4410/8070 SUCCESS AChE/BChE 4EY7 PRZIVMZUOGFQQX-UHFFFAOYSA-N seed71 105.228s
4411/8070 SUCCESS AChE/BChE 4EY7 PRZIVMZUOGFQQX-UHFFFAOYSA-N seed101 100.125s
4412/8070 SUCCESS AChE/BChE 4BDS UUXMKUDVTHMKFM-UHFFFAOYSA-N seed29 456.969s
4413/8070 SUCCESS AChE/BChE 4BDS UUXMKUDVTHMKFM-UHFFFAOYSA-N seed42 454.119s
4414/8070 SUCCESS AChE/BChE 4BDS UUXMKUDVTHMKFM-UHFFFAOYSA-N seed71 458.884s
4415/8070 SUCCESS AChE/BChE 4BDS UUXMKUDVTHMKFM-UHFFFAOYSA-N seed101 451.659s
4416/8070 SUCCESS AChE/BChE 4BDS PRZIVMZUOGFQQX-UHFFFAOYSA-N seed17 151.854s
4417/8070 SUCCESS AChE/BChE 4BDS PRZIVMZUOGFQQX-UHFFFAOYSA-N seed29 152.192s
4418/8070 SUCCESS AChE/BChE 4BDS PRZIVMZUOGFQQX-UHFFFAOYSA-N seed71 150.649s
4419/8070 SUCCESS AChE/BChE 4BDS PRZIVMZUOGFQQX-UHFFFAOYSA-N seed42 152.144s
4420/8070 SUCCESS AChE/BChE 4EY7 HWSORANVUWOHGI-ZCDUZLAESA-N seed17 104.808s
4421/8070 SUCCESS AChE/BChE 4BDS PRZIVMZUOGFQQX-UHFFFAOYSA-N seed101 150.932s
4422/8070 SUCCESS AChE/BChE 4EY7 HWSORANVUWOHGI-ZCDUZLAESA-N seed29 95.689s
4423/8070 SUCCESS AChE/BChE 4BDS HWSORANVUWOHGI-ZCDUZLAESA-N seed17 73.072s
4424/8070 SUCCESS AChE/BChE 4EY7 HWSORANVUWOHGI-ZCDUZLAESA-N seed42 106.207s
4425/8070 SUCCESS AChE/BChE 4EY7 HWSORANVUWOHGI-ZCDUZLAESA-N seed71 95.562s
4426/8070 SUCCESS AChE/BChE 4BDS HWSORANVUWOHGI-ZCDUZLAESA-N seed29 73.933s
4427/8070 SUCCESS AChE/BChE 4EY7 HWSORANVUWOHGI-ZCDUZLAESA-N seed101 98.09s
4428/8070 SUCCESS AChE/BChE 4BDS HWSORANVUWOHGI-ZCDUZLAESA-N seed42 73.581s
4429/8070 SUCCESS AChE/BChE 4BDS HWSORANVUWOHGI-ZCDUZLAESA-N seed71 72.683s
4430/8070 SUCCESS AChE/BChE 4BDS HWSORANVUWOHGI-ZCDUZLAESA-N seed101 71.918s
4431/8070 SUCCESS AChE/BChE 4EY7 GAIKGEKRGGHCMZ-UHFFFAOYSA-N seed17 230.117s
4432/8070 SUCCESS AChE/BChE 4EY7 GAIKGEKRGGHCMZ-UHFFFAOYSA-N seed29 238.849s
4433/8070 SUCCESS AChE/BChE 4EY7 GAIKGEKRGGHCMZ-UHFFFAOYSA-N seed71 236.586s
4434/8070 SUCCESS AChE/BChE 4EY7 GAIKGEKRGGHCMZ-UHFFFAOYSA-N seed42 240.117s
4435/8070 SUCCESS AChE/BChE 4EY7 GAIKGEKRGGHCMZ-UHFFFAOYSA-N seed101 241.755s
4436/8070 SUCCESS AChE/BChE 4BDS GAIKGEKRGGHCMZ-UHFFFAOYSA-N seed17 332.844s
4437/8070 SUCCESS AChE/BChE 4BDS GAIKGEKRGGHCMZ-UHFFFAOYSA-N seed29 340.601s
4438/8070 SUCCESS AChE/BChE 4BDS GAIKGEKRGGHCMZ-UHFFFAOYSA-N seed71 335.484s
4439/8070 SUCCESS AChE/BChE 4BDS GAIKGEKRGGHCMZ-UHFFFAOYSA-N seed42 337.332s
4440/8070 SUCCESS AChE/BChE 4BDS GAIKGEKRGGHCMZ-UHFFFAOYSA-N seed101 335.823s
4441/8070 SUCCESS AChE/BChE 4EY7 ZWIYUBCAUDUSLA-JQIJEIRASA-N seed17 297.86s
4442/8070 SUCCESS AChE/BChE 4EY7 ZWIYUBCAUDUSLA-JQIJEIRASA-N seed29 301.968s
4443/8070 SUCCESS AChE/BChE 4EY7 ZWIYUBCAUDUSLA-JQIJEIRASA-N seed71 290.427s
4444/8070 SUCCESS AChE/BChE 4EY7 ZWIYUBCAUDUSLA-JQIJEIRASA-N seed42 325.86s
4445/8070 SUCCESS AChE/BChE 4EY7 ZWIYUBCAUDUSLA-JQIJEIRASA-N seed101 328.158s
4446/8070 SUCCESS AChE/BChE 4BDS ZWIYUBCAUDUSLA-JQIJEIRASA-N seed17 395.452s
4447/8070 SUCCESS AChE/BChE 4EY7 LZKBTCQYBSXKFD-UHFFFAOYSA-N seed17 72.712s
4448/8070 SUCCESS AChE/BChE 4BDS ZWIYUBCAUDUSLA-JQIJEIRASA-N seed29 383.991s
4449/8070 SUCCESS AChE/BChE 4EY7 LZKBTCQYBSXKFD-UHFFFAOYSA-N seed29 72.541s
4450/8070 SUCCESS AChE/BChE 4EY7 LZKBTCQYBSXKFD-UHFFFAOYSA-N seed42 74.259s
4451/8070 SUCCESS AChE/BChE 4EY7 LZKBTCQYBSXKFD-UHFFFAOYSA-N seed71 75.281s
4452/8070 SUCCESS AChE/BChE 4BDS ZWIYUBCAUDUSLA-JQIJEIRASA-N seed42 391.609s
4453/8070 SUCCESS AChE/BChE 4EY7 LZKBTCQYBSXKFD-UHFFFAOYSA-N seed101 73.844s
4454/8070 SUCCESS AChE/BChE 4BDS LZKBTCQYBSXKFD-UHFFFAOYSA-N seed17 75.234s
4455/8070 SUCCESS AChE/BChE 4BDS LZKBTCQYBSXKFD-UHFFFAOYSA-N seed29 73.784s
4456/8070 SUCCESS AChE/BChE 4BDS LZKBTCQYBSXKFD-UHFFFAOYSA-N seed42 74.57s
4457/8070 SUCCESS AChE/BChE 4BDS LZKBTCQYBSXKFD-UHFFFAOYSA-N seed71 75.768s
4458/8070 SUCCESS AChE/BChE 4BDS LZKBTCQYBSXKFD-UHFFFAOYSA-N seed101 77.129s
4459/8070 SUCCESS AChE/BChE 4BDS ZWIYUBCAUDUSLA-JQIJEIRASA-N seed71 379.232s
4460/8070 SUCCESS AChE/BChE 4BDS ZWIYUBCAUDUSLA-JQIJEIRASA-N seed101 380.292s
4461/8070 SUCCESS AChE/BChE 4EY7 SZOBDUWPNZYVFT-UHFFFAOYSA-N seed17 169.849s
4462/8070 SUCCESS AChE/BChE 4EY7 SZOBDUWPNZYVFT-UHFFFAOYSA-N seed29 175.942s
4463/8070 SUCCESS AChE/BChE 4EY7 SZOBDUWPNZYVFT-UHFFFAOYSA-N seed42 172.037s
4464/8070 SUCCESS AChE/BChE 4EY7 SZOBDUWPNZYVFT-UHFFFAOYSA-N seed71 171.839s
4465/8070 SUCCESS AChE/BChE 4EY7 SZOBDUWPNZYVFT-UHFFFAOYSA-N seed101 178.129s
4466/8070 SUCCESS AChE/BChE 4BDS SZOBDUWPNZYVFT-UHFFFAOYSA-N seed17 234.299s
4467/8070 SUCCESS AChE/BChE 4BDS SZOBDUWPNZYVFT-UHFFFAOYSA-N seed29 232.98s
4468/8070 SUCCESS AChE/BChE 4BDS SZOBDUWPNZYVFT-UHFFFAOYSA-N seed42 233.38s
4469/8070 SUCCESS AChE/BChE 4BDS SZOBDUWPNZYVFT-UHFFFAOYSA-N seed71 233.968s
4470/8070 SUCCESS AChE/BChE 4BDS SZOBDUWPNZYVFT-UHFFFAOYSA-N seed101 235.259s
4471/8070 SUCCESS AChE/BChE 4EY7 YBILVISNRAVIPV-UHFFFAOYSA-N seed17 783.983s
4472/8070 SUCCESS AChE/BChE 4EY7 YBILVISNRAVIPV-UHFFFAOYSA-N seed29 773.407s
4473/8070 SUCCESS AChE/BChE 4EY7 YBILVISNRAVIPV-UHFFFAOYSA-N seed42 814.947s
4474/8070 SUCCESS AChE/BChE 4EY7 YBILVISNRAVIPV-UHFFFAOYSA-N seed71 797.068s
4475/8070 SUCCESS AChE/BChE 4EY7 YBILVISNRAVIPV-UHFFFAOYSA-N seed101 799.164s
4476/8070 SUCCESS AChE/BChE 4EY7 AIGIECZGNBILAQ-UHFFFAOYSA-N seed17 92.659s
4477/8070 SUCCESS AChE/BChE 4BDS YBILVISNRAVIPV-UHFFFAOYSA-N seed17 927.875s
4478/8070 SUCCESS AChE/BChE 4EY7 AIGIECZGNBILAQ-UHFFFAOYSA-N seed29 90.65s
4479/8070 SUCCESS AChE/BChE 4EY7 AIGIECZGNBILAQ-UHFFFAOYSA-N seed42 91.101s
4480/8070 SUCCESS AChE/BChE 4EY7 AIGIECZGNBILAQ-UHFFFAOYSA-N seed71 92.468s
4481/8070 SUCCESS AChE/BChE 4EY7 AIGIECZGNBILAQ-UHFFFAOYSA-N seed101 94.133s
4482/8070 SUCCESS AChE/BChE 4BDS AIGIECZGNBILAQ-UHFFFAOYSA-N seed17 122.674s
4483/8070 SUCCESS AChE/BChE 4BDS AIGIECZGNBILAQ-UHFFFAOYSA-N seed29 122.656s
4484/8070 SUCCESS AChE/BChE 4BDS AIGIECZGNBILAQ-UHFFFAOYSA-N seed42 121.434s
4485/8070 SUCCESS AChE/BChE 4BDS AIGIECZGNBILAQ-UHFFFAOYSA-N seed71 121.144s
4486/8070 SUCCESS AChE/BChE 4BDS AIGIECZGNBILAQ-UHFFFAOYSA-N seed101 122.132s
4487/8070 SUCCESS AChE/BChE 4BDS YBILVISNRAVIPV-UHFFFAOYSA-N seed29 888.489s
4488/8070 SUCCESS AChE/BChE 4BDS YBILVISNRAVIPV-UHFFFAOYSA-N seed42 915.586s
4489/8070 SUCCESS AChE/BChE 4BDS YBILVISNRAVIPV-UHFFFAOYSA-N seed71 912.725s
4490/8070 SUCCESS AChE/BChE 4BDS YBILVISNRAVIPV-UHFFFAOYSA-N seed101 963.446s
4491/8070 SUCCESS AChE/BChE 4EY7 UHBNUHALRRHSEI-UHFFFAOYSA-N seed17 506.325s
4492/8070 SUCCESS AChE/BChE 4EY7 UHBNUHALRRHSEI-UHFFFAOYSA-N seed29 485.698s
4493/8070 SUCCESS AChE/BChE 4EY7 UHBNUHALRRHSEI-UHFFFAOYSA-N seed42 483.542s
4494/8070 SUCCESS AChE/BChE 4EY7 UHBNUHALRRHSEI-UHFFFAOYSA-N seed71 488.525s
4495/8070 SUCCESS AChE/BChE 4EY7 UHBNUHALRRHSEI-UHFFFAOYSA-N seed101 470.115s
4496/8070 SUCCESS AChE/BChE 4BDS UHBNUHALRRHSEI-UHFFFAOYSA-N seed17 597.472s
4497/8070 SUCCESS AChE/BChE 4EY7 HHCYMSNTCQTAOH-UHFFFAOYSA-N seed17 233.695s
4498/8070 SUCCESS AChE/BChE 4BDS UHBNUHALRRHSEI-UHFFFAOYSA-N seed29 644.421s
4499/8070 SUCCESS AChE/BChE 4BDS UHBNUHALRRHSEI-UHFFFAOYSA-N seed42 617.398s
4500/8070 SUCCESS AChE/BChE 4EY7 HHCYMSNTCQTAOH-UHFFFAOYSA-N seed29 280.834s
4501/8070 SUCCESS AChE/BChE 4BDS UHBNUHALRRHSEI-UHFFFAOYSA-N seed71 659.381s
4502/8070 SUCCESS AChE/BChE 4EY7 HHCYMSNTCQTAOH-UHFFFAOYSA-N seed42 279.504s
4503/8070 SUCCESS AChE/BChE 4BDS UHBNUHALRRHSEI-UHFFFAOYSA-N seed101 677.661s
4504/8070 SUCCESS AChE/BChE 4EY7 HHCYMSNTCQTAOH-UHFFFAOYSA-N seed71 261.1s
4505/8070 SUCCESS AChE/BChE 4EY7 HHCYMSNTCQTAOH-UHFFFAOYSA-N seed101 289.4s
4506/8070 SUCCESS AChE/BChE 4BDS HHCYMSNTCQTAOH-UHFFFAOYSA-N seed17 288.304s
4507/8070 SUCCESS AChE/BChE 4BDS HHCYMSNTCQTAOH-UHFFFAOYSA-N seed29 287.578s
4508/8070 SUCCESS AChE/BChE 4BDS HHCYMSNTCQTAOH-UHFFFAOYSA-N seed42 291.99s
4509/8070 SUCCESS AChE/BChE 4BDS HHCYMSNTCQTAOH-UHFFFAOYSA-N seed71 295.228s
4510/8070 SUCCESS AChE/BChE 4BDS HHCYMSNTCQTAOH-UHFFFAOYSA-N seed101 296.8s
4511/8070 SUCCESS AChE/BChE 4EY7 NLIRDIJPNPPVES-UHFFFAOYSA-N seed17 269.42s
4512/8070 SUCCESS AChE/BChE 4EY7 NLIRDIJPNPPVES-UHFFFAOYSA-N seed29 254.194s
4513/8070 SUCCESS AChE/BChE 4EY7 NLIRDIJPNPPVES-UHFFFAOYSA-N seed42 260.532s
4514/8070 SUCCESS AChE/BChE 4EY7 NLIRDIJPNPPVES-UHFFFAOYSA-N seed71 258.217s
4515/8070 SUCCESS AChE/BChE 4EY7 NLIRDIJPNPPVES-UHFFFAOYSA-N seed101 260.646s
4516/8070 SUCCESS AChE/BChE 4EY7 GAHQTUGIHSTVHS-UHFFFAOYSA-N seed17 37.525s
4517/8070 SUCCESS AChE/BChE 4BDS NLIRDIJPNPPVES-UHFFFAOYSA-N seed17 298.061s
4518/8070 SUCCESS AChE/BChE 4EY7 GAHQTUGIHSTVHS-UHFFFAOYSA-N seed29 37.573s
4519/8070 SUCCESS AChE/BChE 4BDS NLIRDIJPNPPVES-UHFFFAOYSA-N seed29 300.397s
4520/8070 SUCCESS AChE/BChE 4EY7 GAHQTUGIHSTVHS-UHFFFAOYSA-N seed42 38.235s
4521/8070 SUCCESS AChE/BChE 4EY7 GAHQTUGIHSTVHS-UHFFFAOYSA-N seed71 37.819s
4522/8070 SUCCESS AChE/BChE 4EY7 GAHQTUGIHSTVHS-UHFFFAOYSA-N seed101 37.295s
4523/8070 SUCCESS AChE/BChE 4BDS GAHQTUGIHSTVHS-UHFFFAOYSA-N seed17 34.397s
4524/8070 SUCCESS AChE/BChE 4BDS NLIRDIJPNPPVES-UHFFFAOYSA-N seed42 302.612s
4525/8070 SUCCESS AChE/BChE 4BDS GAHQTUGIHSTVHS-UHFFFAOYSA-N seed29 33.342s
4526/8070 SUCCESS AChE/BChE 4BDS GAHQTUGIHSTVHS-UHFFFAOYSA-N seed42 34.746s
4527/8070 SUCCESS AChE/BChE 4BDS GAHQTUGIHSTVHS-UHFFFAOYSA-N seed71 34.977s
4528/8070 SUCCESS AChE/BChE 4BDS NLIRDIJPNPPVES-UHFFFAOYSA-N seed71 297.521s
4529/8070 SUCCESS AChE/BChE 4BDS NLIRDIJPNPPVES-UHFFFAOYSA-N seed101 296.003s
4530/8070 SUCCESS AChE/BChE 4BDS GAHQTUGIHSTVHS-UHFFFAOYSA-N seed101 36.057s
4531/8070 SUCCESS AChE/BChE 4EY7 AMMYGOHPPALBLV-UHFFFAOYSA-N seed17 79.707s
4532/8070 SUCCESS AChE/BChE 4EY7 AMMYGOHPPALBLV-UHFFFAOYSA-N seed29 79.255s
4533/8070 SUCCESS AChE/BChE 4EY7 AMMYGOHPPALBLV-UHFFFAOYSA-N seed42 77.699s
4534/8070 SUCCESS AChE/BChE 4EY7 AMMYGOHPPALBLV-UHFFFAOYSA-N seed71 78.105s
4535/8070 SUCCESS AChE/BChE 4EY7 AMMYGOHPPALBLV-UHFFFAOYSA-N seed101 77.139s
4536/8070 SUCCESS AChE/BChE 4BDS AMMYGOHPPALBLV-UHFFFAOYSA-N seed17 79.996s
4537/8070 SUCCESS AChE/BChE 4BDS AMMYGOHPPALBLV-UHFFFAOYSA-N seed29 82.088s
4538/8070 SUCCESS AChE/BChE 4BDS AMMYGOHPPALBLV-UHFFFAOYSA-N seed42 82.359s
4539/8070 SUCCESS AChE/BChE 4BDS AMMYGOHPPALBLV-UHFFFAOYSA-N seed71 82.171s
4540/8070 SUCCESS AChE/BChE 4BDS AMMYGOHPPALBLV-UHFFFAOYSA-N seed101 81.436s
4541/8070 SUCCESS AChE/BChE 4EY7 RYFYERZCXQBRAD-UHFFFAOYSA-N seed17 310.573s
4542/8070 SUCCESS AChE/BChE 4EY7 RYFYERZCXQBRAD-UHFFFAOYSA-N seed29 326.739s
4543/8070 SUCCESS AChE/BChE 4EY7 RYFYERZCXQBRAD-UHFFFAOYSA-N seed42 307.952s
4544/8070 SUCCESS AChE/BChE 4EY7 RYFYERZCXQBRAD-UHFFFAOYSA-N seed71 307.543s
4545/8070 SUCCESS AChE/BChE 4EY7 RYFYERZCXQBRAD-UHFFFAOYSA-N seed101 313.891s
4546/8070 SUCCESS AChE/BChE 4BDS RYFYERZCXQBRAD-UHFFFAOYSA-N seed17 421.294s
4547/8070 SUCCESS AChE/BChE 4EY7 LXCYBYBVIQAOJW-UHFFFAOYSA-N seed17 150.993s
4548/8070 SUCCESS AChE/BChE 4EY7 LXCYBYBVIQAOJW-UHFFFAOYSA-N seed29 129.498s
4549/8070 SUCCESS AChE/BChE 4EY7 LXCYBYBVIQAOJW-UHFFFAOYSA-N seed42 132.02s
4550/8070 SUCCESS AChE/BChE 4BDS RYFYERZCXQBRAD-UHFFFAOYSA-N seed29 421.193s
4551/8070 SUCCESS AChE/BChE 4BDS RYFYERZCXQBRAD-UHFFFAOYSA-N seed42 431.156s
4552/8070 SUCCESS AChE/BChE 4EY7 LXCYBYBVIQAOJW-UHFFFAOYSA-N seed71 153.681s
4553/8070 SUCCESS AChE/BChE 4BDS RYFYERZCXQBRAD-UHFFFAOYSA-N seed71 430.91s
4554/8070 SUCCESS AChE/BChE 4BDS RYFYERZCXQBRAD-UHFFFAOYSA-N seed101 427.171s
4555/8070 SUCCESS AChE/BChE 4EY7 LXCYBYBVIQAOJW-UHFFFAOYSA-N seed101 138.425s
4556/8070 SUCCESS AChE/BChE 4EY7 LNSFUBYHUNTELH-UHFFFAOYSA-N seed17 92.965s
4557/8070 SUCCESS AChE/BChE 4BDS LXCYBYBVIQAOJW-UHFFFAOYSA-N seed17 184.222s
4558/8070 SUCCESS AChE/BChE 4BDS LXCYBYBVIQAOJW-UHFFFAOYSA-N seed29 183.57s
4559/8070 SUCCESS AChE/BChE 4BDS LXCYBYBVIQAOJW-UHFFFAOYSA-N seed42 182.108s
4560/8070 SUCCESS AChE/BChE 4BDS LXCYBYBVIQAOJW-UHFFFAOYSA-N seed71 187.724s
4561/8070 SUCCESS AChE/BChE 4BDS LXCYBYBVIQAOJW-UHFFFAOYSA-N seed101 185.035s
4562/8070 SUCCESS AChE/BChE 4EY7 LNSFUBYHUNTELH-UHFFFAOYSA-N seed29 96.066s
4563/8070 SUCCESS AChE/BChE 4EY7 LNSFUBYHUNTELH-UHFFFAOYSA-N seed42 103.367s
4564/8070 SUCCESS AChE/BChE 4EY7 LNSFUBYHUNTELH-UHFFFAOYSA-N seed71 96.924s
4565/8070 SUCCESS AChE/BChE 4EY7 LNSFUBYHUNTELH-UHFFFAOYSA-N seed101 95.348s
4566/8070 SUCCESS AChE/BChE 4BDS LNSFUBYHUNTELH-UHFFFAOYSA-N seed17 140.418s
4567/8070 SUCCESS AChE/BChE 4BDS LNSFUBYHUNTELH-UHFFFAOYSA-N seed29 141.471s
4568/8070 SUCCESS AChE/BChE 4BDS LNSFUBYHUNTELH-UHFFFAOYSA-N seed42 139.534s
4569/8070 SUCCESS AChE/BChE 4BDS LNSFUBYHUNTELH-UHFFFAOYSA-N seed71 135.054s
4570/8070 SUCCESS AChE/BChE 4EY7 PBCGIIRIOLOMJH-UHFFFAOYSA-N seed17 106.763s
4571/8070 SUCCESS AChE/BChE 4BDS LNSFUBYHUNTELH-UHFFFAOYSA-N seed101 134.631s
4572/8070 SUCCESS AChE/BChE 4EY7 PBCGIIRIOLOMJH-UHFFFAOYSA-N seed42 105.456s
4573/8070 SUCCESS AChE/BChE 4EY7 PBCGIIRIOLOMJH-UHFFFAOYSA-N seed29 111.327s
4574/8070 SUCCESS AChE/BChE 4EY7 PBCGIIRIOLOMJH-UHFFFAOYSA-N seed71 108.617s
4575/8070 SUCCESS AChE/BChE 4EY7 PBCGIIRIOLOMJH-UHFFFAOYSA-N seed101 102.858s
4576/8070 SUCCESS AChE/BChE 4BDS PBCGIIRIOLOMJH-UHFFFAOYSA-N seed17 116.897s
4577/8070 SUCCESS AChE/BChE 4BDS PBCGIIRIOLOMJH-UHFFFAOYSA-N seed29 117.536s
4578/8070 SUCCESS AChE/BChE 4BDS PBCGIIRIOLOMJH-UHFFFAOYSA-N seed42 118.386s
4579/8070 SUCCESS AChE/BChE 4BDS PBCGIIRIOLOMJH-UHFFFAOYSA-N seed71 118.376s
4580/8070 SUCCESS AChE/BChE 4BDS PBCGIIRIOLOMJH-UHFFFAOYSA-N seed101 119.336s
4581/8070 SUCCESS AChE/BChE 4EY7 SDHJEPJJARZDKU-UHFFFAOYSA-N seed29 518.276s
4582/8070 SUCCESS AChE/BChE 4EY7 SDHJEPJJARZDKU-UHFFFAOYSA-N seed17 538.687s
4583/8070 SUCCESS AChE/BChE 4EY7 SDHJEPJJARZDKU-UHFFFAOYSA-N seed101 468.912s
4584/8070 SUCCESS AChE/BChE 4EY7 SDHJEPJJARZDKU-UHFFFAOYSA-N seed42 526.722s
4585/8070 SUCCESS AChE/BChE 4EY7 SDHJEPJJARZDKU-UHFFFAOYSA-N seed71 494.459s
4586/8070 SUCCESS AChE/BChE 4BDS SDHJEPJJARZDKU-UHFFFAOYSA-N seed17 487.443s
4587/8070 SUCCESS AChE/BChE 4EY7 CFFDQXIMLVONET-UHFFFAOYSA-N seed29 264.093s
4588/8070 SUCCESS AChE/BChE 4EY7 CFFDQXIMLVONET-UHFFFAOYSA-N seed17 301.052s
4589/8070 SUCCESS AChE/BChE 4BDS SDHJEPJJARZDKU-UHFFFAOYSA-N seed29 390.566s
4590/8070 SUCCESS AChE/BChE 4BDS SDHJEPJJARZDKU-UHFFFAOYSA-N seed42 396.309s
4591/8070 SUCCESS AChE/BChE 4BDS SDHJEPJJARZDKU-UHFFFAOYSA-N seed71 392.367s
4592/8070 SUCCESS AChE/BChE 4BDS SDHJEPJJARZDKU-UHFFFAOYSA-N seed101 400.334s
4593/8070 SUCCESS AChE/BChE 4EY7 CFFDQXIMLVONET-UHFFFAOYSA-N seed42 276.756s
4594/8070 SUCCESS AChE/BChE 4EY7 CFFDQXIMLVONET-UHFFFAOYSA-N seed71 283.79s
4595/8070 SUCCESS AChE/BChE 4EY7 CFFDQXIMLVONET-UHFFFAOYSA-N seed101 293.942s
4596/8070 SUCCESS AChE/BChE 4BDS CFFDQXIMLVONET-UHFFFAOYSA-N seed17 408.211s
4597/8070 SUCCESS AChE/BChE 4BDS CFFDQXIMLVONET-UHFFFAOYSA-N seed29 413.815s
4598/8070 SUCCESS AChE/BChE 4BDS CFFDQXIMLVONET-UHFFFAOYSA-N seed42 412.661s
4599/8070 SUCCESS AChE/BChE 4EY7 MFWCFENQSTYMSU-UHFFFAOYSA-N seed17 192.742s
4600/8070 SUCCESS AChE/BChE 4EY7 MFWCFENQSTYMSU-UHFFFAOYSA-N seed29 180.101s
4601/8070 SUCCESS AChE/BChE 4BDS CFFDQXIMLVONET-UHFFFAOYSA-N seed71 419.962s
4602/8070 SUCCESS AChE/BChE 4EY7 MFWCFENQSTYMSU-UHFFFAOYSA-N seed71 187.049s
4603/8070 SUCCESS AChE/BChE 4EY7 MFWCFENQSTYMSU-UHFFFAOYSA-N seed42 203.933s
4604/8070 SUCCESS AChE/BChE 4BDS CFFDQXIMLVONET-UHFFFAOYSA-N seed101 415.97s
4605/8070 SUCCESS AChE/BChE 4EY7 MFWCFENQSTYMSU-UHFFFAOYSA-N seed101 183.809s
4606/8070 SUCCESS AChE/BChE 4EY7 LZBQTJUASOHOGJ-XNTDXEJSSA-N seed17 72.975s
4607/8070 SUCCESS AChE/BChE 4BDS MFWCFENQSTYMSU-UHFFFAOYSA-N seed17 197.931s
4608/8070 SUCCESS AChE/BChE 4EY7 LZBQTJUASOHOGJ-XNTDXEJSSA-N seed29 70.344s
4609/8070 SUCCESS AChE/BChE 4BDS MFWCFENQSTYMSU-UHFFFAOYSA-N seed29 197.781s
4610/8070 SUCCESS AChE/BChE 4BDS MFWCFENQSTYMSU-UHFFFAOYSA-N seed42 199.385s
4611/8070 SUCCESS AChE/BChE 4BDS MFWCFENQSTYMSU-UHFFFAOYSA-N seed71 199.135s
4612/8070 SUCCESS AChE/BChE 4BDS MFWCFENQSTYMSU-UHFFFAOYSA-N seed101 197.368s
4613/8070 SUCCESS AChE/BChE 4EY7 LZBQTJUASOHOGJ-XNTDXEJSSA-N seed42 68.522s
4614/8070 SUCCESS AChE/BChE 4EY7 LZBQTJUASOHOGJ-XNTDXEJSSA-N seed71 68.166s
4615/8070 SUCCESS AChE/BChE 4EY7 LZBQTJUASOHOGJ-XNTDXEJSSA-N seed101 66.701s
4616/8070 SUCCESS AChE/BChE 4EY7 GEWSWDQRMYUYDV-UHFFFAOYSA-N seed17 22.798s
4617/8070 SUCCESS AChE/BChE 4BDS LZBQTJUASOHOGJ-XNTDXEJSSA-N seed17 74.901s
4618/8070 SUCCESS AChE/BChE 4BDS LZBQTJUASOHOGJ-XNTDXEJSSA-N seed29 74.53s
4619/8070 SUCCESS AChE/BChE 4BDS LZBQTJUASOHOGJ-XNTDXEJSSA-N seed42 73.934s
4620/8070 SUCCESS AChE/BChE 4EY7 GEWSWDQRMYUYDV-UHFFFAOYSA-N seed29 22.823s
4621/8070 SUCCESS AChE/BChE 4EY7 GEWSWDQRMYUYDV-UHFFFAOYSA-N seed42 22.697s
4622/8070 SUCCESS AChE/BChE 4BDS LZBQTJUASOHOGJ-XNTDXEJSSA-N seed71 74.097s
4623/8070 SUCCESS AChE/BChE 4EY7 GEWSWDQRMYUYDV-UHFFFAOYSA-N seed71 22.624s
4624/8070 SUCCESS AChE/BChE 4EY7 GEWSWDQRMYUYDV-UHFFFAOYSA-N seed101 23.072s
4625/8070 SUCCESS AChE/BChE 4BDS GEWSWDQRMYUYDV-UHFFFAOYSA-N seed17 21.662s
4626/8070 SUCCESS AChE/BChE 4BDS LZBQTJUASOHOGJ-XNTDXEJSSA-N seed101 74.273s
4627/8070 SUCCESS AChE/BChE 4BDS GEWSWDQRMYUYDV-UHFFFAOYSA-N seed29 21.843s
4628/8070 SUCCESS AChE/BChE 4BDS GEWSWDQRMYUYDV-UHFFFAOYSA-N seed42 21.82s
4629/8070 SUCCESS AChE/BChE 4BDS GEWSWDQRMYUYDV-UHFFFAOYSA-N seed71 22.034s
4630/8070 SUCCESS AChE/BChE 4BDS GEWSWDQRMYUYDV-UHFFFAOYSA-N seed101 21.698s
4631/8070 SUCCESS AChE/BChE 4EY7 WCBPBBFIAODRLI-AWUJJIRRSA-N seed29 90.505s
4632/8070 SUCCESS AChE/BChE 4EY7 WCBPBBFIAODRLI-AWUJJIRRSA-N seed17 92.532s
4633/8070 SUCCESS AChE/BChE 4EY7 WCBPBBFIAODRLI-AWUJJIRRSA-N seed42 89.859s
4634/8070 SUCCESS AChE/BChE 4EY7 WCBPBBFIAODRLI-AWUJJIRRSA-N seed101 92.716s
4635/8070 SUCCESS AChE/BChE 4EY7 WCBPBBFIAODRLI-AWUJJIRRSA-N seed71 97.141s
4636/8070 SUCCESS AChE/BChE 4EY7 MWOWSIYESYQDJH-UHFFFAOYSA-N seed17 30.88s
4637/8070 SUCCESS AChE/BChE 4BDS WCBPBBFIAODRLI-AWUJJIRRSA-N seed17 126.192s
4638/8070 SUCCESS AChE/BChE 4EY7 MWOWSIYESYQDJH-UHFFFAOYSA-N seed29 30.86s
4639/8070 SUCCESS AChE/BChE 4EY7 MWOWSIYESYQDJH-UHFFFAOYSA-N seed42 30.969s
4640/8070 SUCCESS AChE/BChE 4EY7 MWOWSIYESYQDJH-UHFFFAOYSA-N seed71 30.738s
4641/8070 SUCCESS AChE/BChE 4EY7 MWOWSIYESYQDJH-UHFFFAOYSA-N seed101 31.005s
4642/8070 SUCCESS AChE/BChE 4BDS WCBPBBFIAODRLI-AWUJJIRRSA-N seed29 125.362s
4643/8070 SUCCESS AChE/BChE 4BDS WCBPBBFIAODRLI-AWUJJIRRSA-N seed42 125.191s
4644/8070 SUCCESS AChE/BChE 4BDS WCBPBBFIAODRLI-AWUJJIRRSA-N seed71 125.032s
4645/8070 SUCCESS AChE/BChE 4BDS MWOWSIYESYQDJH-UHFFFAOYSA-N seed17 30.269s
4646/8070 SUCCESS AChE/BChE 4BDS WCBPBBFIAODRLI-AWUJJIRRSA-N seed101 125.559s
4647/8070 SUCCESS AChE/BChE 4BDS MWOWSIYESYQDJH-UHFFFAOYSA-N seed29 29.762s
4648/8070 SUCCESS AChE/BChE 4BDS MWOWSIYESYQDJH-UHFFFAOYSA-N seed42 29.996s
4649/8070 SUCCESS AChE/BChE 4BDS MWOWSIYESYQDJH-UHFFFAOYSA-N seed71 29.904s
4650/8070 SUCCESS AChE/BChE 4BDS MWOWSIYESYQDJH-UHFFFAOYSA-N seed101 30.132s
4651/8070 SUCCESS AChE/BChE 4EY7 DGIUFKOTVNGVKP-ZRDIBKRKSA-N seed17 76.183s
4652/8070 SUCCESS AChE/BChE 4EY7 DGIUFKOTVNGVKP-ZRDIBKRKSA-N seed29 79.633s
4653/8070 SUCCESS AChE/BChE 4EY7 DGIUFKOTVNGVKP-ZRDIBKRKSA-N seed42 79.123s
4654/8070 SUCCESS AChE/BChE 4EY7 DGIUFKOTVNGVKP-ZRDIBKRKSA-N seed71 77.786s
4655/8070 SUCCESS AChE/BChE 4EY7 DGIUFKOTVNGVKP-ZRDIBKRKSA-N seed101 78.15s
4656/8070 SUCCESS AChE/BChE 4BDS DGIUFKOTVNGVKP-ZRDIBKRKSA-N seed17 126.741s
4657/8070 SUCCESS AChE/BChE 4EY7 OUEIMIQGMDJTQI-UHFFFAOYSA-N seed17 52.523s
4658/8070 SUCCESS AChE/BChE 4BDS DGIUFKOTVNGVKP-ZRDIBKRKSA-N seed29 124.686s
4659/8070 SUCCESS AChE/BChE 4EY7 OUEIMIQGMDJTQI-UHFFFAOYSA-N seed29 52.253s
4660/8070 SUCCESS AChE/BChE 4BDS DGIUFKOTVNGVKP-ZRDIBKRKSA-N seed42 123.688s
4661/8070 SUCCESS AChE/BChE 4EY7 OUEIMIQGMDJTQI-UHFFFAOYSA-N seed42 53.393s
4662/8070 SUCCESS AChE/BChE 4BDS DGIUFKOTVNGVKP-ZRDIBKRKSA-N seed71 124.843s
4663/8070 SUCCESS AChE/BChE 4BDS DGIUFKOTVNGVKP-ZRDIBKRKSA-N seed101 121.051s
4664/8070 SUCCESS AChE/BChE 4EY7 OUEIMIQGMDJTQI-UHFFFAOYSA-N seed71 51.005s
4665/8070 SUCCESS AChE/BChE 4EY7 OUEIMIQGMDJTQI-UHFFFAOYSA-N seed101 51.071s
4666/8070 SUCCESS AChE/BChE 4BDS OUEIMIQGMDJTQI-UHFFFAOYSA-N seed17 80.137s
4667/8070 SUCCESS AChE/BChE 4BDS OUEIMIQGMDJTQI-UHFFFAOYSA-N seed29 80.465s
4668/8070 SUCCESS AChE/BChE 4BDS OUEIMIQGMDJTQI-UHFFFAOYSA-N seed42 80.879s
4669/8070 SUCCESS AChE/BChE 4BDS OUEIMIQGMDJTQI-UHFFFAOYSA-N seed71 79.368s
4670/8070 SUCCESS AChE/BChE 4BDS OUEIMIQGMDJTQI-UHFFFAOYSA-N seed101 79.867s
4671/8070 SUCCESS AChE/BChE 4EY7 IWQVOBYFNTVEOD-ACCUITESSA-N seed17 99.168s
4672/8070 SUCCESS AChE/BChE 4EY7 IWQVOBYFNTVEOD-ACCUITESSA-N seed42 101.376s
4673/8070 SUCCESS AChE/BChE 4EY7 IWQVOBYFNTVEOD-ACCUITESSA-N seed29 108.821s
4674/8070 SUCCESS AChE/BChE 4EY7 IWQVOBYFNTVEOD-ACCUITESSA-N seed101 103.549s
4675/8070 SUCCESS AChE/BChE 4EY7 IWQVOBYFNTVEOD-ACCUITESSA-N seed71 106.7s
4676/8070 SUCCESS AChE/BChE 4BDS IWQVOBYFNTVEOD-ACCUITESSA-N seed17 162.78s
4677/8070 SUCCESS AChE/BChE 4BDS IWQVOBYFNTVEOD-ACCUITESSA-N seed29 162.431s
4678/8070 SUCCESS AChE/BChE 4BDS IWQVOBYFNTVEOD-ACCUITESSA-N seed42 164.609s
4679/8070 SUCCESS AChE/BChE 4BDS IWQVOBYFNTVEOD-ACCUITESSA-N seed71 163.076s
4680/8070 SUCCESS AChE/BChE 4BDS IWQVOBYFNTVEOD-ACCUITESSA-N seed101 164.196s
4681/8070 SUCCESS AChE/BChE 4EY7 LVAPRXNJGUAWBC-FBMGVBCBSA-N seed17 202.038s
4682/8070 SUCCESS AChE/BChE 4EY7 LVAPRXNJGUAWBC-FBMGVBCBSA-N seed29 200.002s
4683/8070 SUCCESS AChE/BChE 4EY7 LVAPRXNJGUAWBC-FBMGVBCBSA-N seed42 209.917s
4684/8070 SUCCESS AChE/BChE 4EY7 LVAPRXNJGUAWBC-FBMGVBCBSA-N seed71 202.067s
4685/8070 SUCCESS AChE/BChE 4EY7 LVAPRXNJGUAWBC-FBMGVBCBSA-N seed101 205.509s
4686/8070 SUCCESS AChE/BChE 4BDS LVAPRXNJGUAWBC-FBMGVBCBSA-N seed17 244.249s
4687/8070 SUCCESS AChE/BChE 4BDS LVAPRXNJGUAWBC-FBMGVBCBSA-N seed29 252.288s
4688/8070 SUCCESS AChE/BChE 4BDS LVAPRXNJGUAWBC-FBMGVBCBSA-N seed42 249.926s
4689/8070 SUCCESS AChE/BChE 4BDS LVAPRXNJGUAWBC-FBMGVBCBSA-N seed71 260.331s
4690/8070 SUCCESS AChE/BChE 4EY7 MRPBGBKPCPJUTC-UHFFFAOYSA-N seed17 242.903s
4691/8070 SUCCESS AChE/BChE 4BDS LVAPRXNJGUAWBC-FBMGVBCBSA-N seed101 257.265s
4692/8070 SUCCESS AChE/BChE 4EY7 MRPBGBKPCPJUTC-UHFFFAOYSA-N seed29 243.849s
4693/8070 SUCCESS AChE/BChE 4EY7 MRPBGBKPCPJUTC-UHFFFAOYSA-N seed42 233.019s
4694/8070 SUCCESS AChE/BChE 4EY7 MRPBGBKPCPJUTC-UHFFFAOYSA-N seed71 240.056s
4695/8070 SUCCESS AChE/BChE 4EY7 MRPBGBKPCPJUTC-UHFFFAOYSA-N seed101 203.822s
4696/8070 SUCCESS AChE/BChE 4BDS MRPBGBKPCPJUTC-UHFFFAOYSA-N seed17 278.796s
4697/8070 SUCCESS AChE/BChE 4BDS MRPBGBKPCPJUTC-UHFFFAOYSA-N seed29 280.536s
4698/8070 SUCCESS AChE/BChE 4EY7 DOKSDSNRXIBXCC-WYMLVPIESA-N seed17 113.957s
4699/8070 SUCCESS AChE/BChE 4BDS MRPBGBKPCPJUTC-UHFFFAOYSA-N seed42 271.176s
4700/8070 SUCCESS AChE/BChE 4BDS MRPBGBKPCPJUTC-UHFFFAOYSA-N seed71 273.231s
4701/8070 SUCCESS AChE/BChE 4EY7 DOKSDSNRXIBXCC-WYMLVPIESA-N seed29 113.578s
4702/8070 SUCCESS AChE/BChE 4EY7 DOKSDSNRXIBXCC-WYMLVPIESA-N seed42 106.331s
4703/8070 SUCCESS AChE/BChE 4EY7 DOKSDSNRXIBXCC-WYMLVPIESA-N seed71 105.651s
4704/8070 SUCCESS AChE/BChE 4EY7 DOKSDSNRXIBXCC-WYMLVPIESA-N seed101 109.849s
4705/8070 SUCCESS AChE/BChE 4BDS MRPBGBKPCPJUTC-UHFFFAOYSA-N seed101 266.67s
4706/8070 SUCCESS AChE/BChE 4BDS DOKSDSNRXIBXCC-WYMLVPIESA-N seed17 174.32s
4707/8070 SUCCESS AChE/BChE 4BDS DOKSDSNRXIBXCC-WYMLVPIESA-N seed42 172.608s
4708/8070 SUCCESS AChE/BChE 4BDS DOKSDSNRXIBXCC-WYMLVPIESA-N seed29 178.566s
4709/8070 SUCCESS AChE/BChE 4BDS DOKSDSNRXIBXCC-WYMLVPIESA-N seed71 174.915s
4710/8070 SUCCESS AChE/BChE 4EY7 JIHVXAPKKMMRTK-UHFFFAOYSA-N seed17 133.991s
4711/8070 SUCCESS AChE/BChE 4BDS DOKSDSNRXIBXCC-WYMLVPIESA-N seed101 177.425s
4712/8070 SUCCESS AChE/BChE 4EY7 JIHVXAPKKMMRTK-UHFFFAOYSA-N seed29 144.553s
4713/8070 SUCCESS AChE/BChE 4EY7 JIHVXAPKKMMRTK-UHFFFAOYSA-N seed42 140.185s
4714/8070 SUCCESS AChE/BChE 4EY7 JIHVXAPKKMMRTK-UHFFFAOYSA-N seed71 140.138s
4715/8070 SUCCESS AChE/BChE 4EY7 JIHVXAPKKMMRTK-UHFFFAOYSA-N seed101 139.727s
4716/8070 SUCCESS AChE/BChE 4BDS JIHVXAPKKMMRTK-UHFFFAOYSA-N seed17 185.703s
4717/8070 SUCCESS AChE/BChE 4EY7 TZUVDPNIKKXCNG-ZRDIBKRKSA-N seed17 58.269s
4718/8070 SUCCESS AChE/BChE 4BDS JIHVXAPKKMMRTK-UHFFFAOYSA-N seed29 186.044s
4719/8070 SUCCESS AChE/BChE 4EY7 TZUVDPNIKKXCNG-ZRDIBKRKSA-N seed29 58.895s
4720/8070 SUCCESS AChE/BChE 4EY7 TZUVDPNIKKXCNG-ZRDIBKRKSA-N seed42 59.726s
4721/8070 SUCCESS AChE/BChE 4EY7 TZUVDPNIKKXCNG-ZRDIBKRKSA-N seed71 58.242s
4722/8070 SUCCESS AChE/BChE 4BDS JIHVXAPKKMMRTK-UHFFFAOYSA-N seed42 183.604s
4723/8070 SUCCESS AChE/BChE 4EY7 TZUVDPNIKKXCNG-ZRDIBKRKSA-N seed101 57.631s
4724/8070 SUCCESS AChE/BChE 4BDS JIHVXAPKKMMRTK-UHFFFAOYSA-N seed71 181.999s
4725/8070 SUCCESS AChE/BChE 4BDS JIHVXAPKKMMRTK-UHFFFAOYSA-N seed101 181.381s
4726/8070 SUCCESS AChE/BChE 4BDS TZUVDPNIKKXCNG-ZRDIBKRKSA-N seed17 105.498s
4727/8070 SUCCESS AChE/BChE 4BDS TZUVDPNIKKXCNG-ZRDIBKRKSA-N seed29 106.341s
4728/8070 SUCCESS AChE/BChE 4BDS TZUVDPNIKKXCNG-ZRDIBKRKSA-N seed42 105.587s
4729/8070 SUCCESS AChE/BChE 4BDS TZUVDPNIKKXCNG-ZRDIBKRKSA-N seed71 105.593s
4730/8070 SUCCESS AChE/BChE 4BDS TZUVDPNIKKXCNG-ZRDIBKRKSA-N seed101 106.173s
4731/8070 SUCCESS AChE/BChE 4EY7 MJYHXFQKEQRPEC-UHFFFAOYSA-N seed17 1040.134s
4732/8070 SUCCESS AChE/BChE 4EY7 MJYHXFQKEQRPEC-UHFFFAOYSA-N seed42 1063.66s
4733/8070 SUCCESS AChE/BChE 4EY7 MJYHXFQKEQRPEC-UHFFFAOYSA-N seed71 1097.05s
4734/8070 SUCCESS AChE/BChE 4EY7 MJYHXFQKEQRPEC-UHFFFAOYSA-N seed101 1103.148s
4735/8070 SUCCESS AChE/BChE 4EY7 MJYHXFQKEQRPEC-UHFFFAOYSA-N seed29 1175.02s
4736/8070 SUCCESS AChE/BChE 4EY7 JPCDBTHAWPVJLV-UHFFFAOYSA-N seed17 159.543s
4737/8070 SUCCESS AChE/BChE 4BDS MJYHXFQKEQRPEC-UHFFFAOYSA-N seed17 1315.33s
4738/8070 SUCCESS AChE/BChE 4EY7 JPCDBTHAWPVJLV-UHFFFAOYSA-N seed29 184.501s
4739/8070 SUCCESS AChE/BChE 4EY7 JPCDBTHAWPVJLV-UHFFFAOYSA-N seed42 184.775s
4740/8070 SUCCESS AChE/BChE 4EY7 JPCDBTHAWPVJLV-UHFFFAOYSA-N seed71 161.892s
4741/8070 SUCCESS AChE/BChE 4EY7 JPCDBTHAWPVJLV-UHFFFAOYSA-N seed101 162.688s
4742/8070 SUCCESS AChE/BChE 4BDS JPCDBTHAWPVJLV-UHFFFAOYSA-N seed17 189.854s
4743/8070 SUCCESS AChE/BChE 4BDS JPCDBTHAWPVJLV-UHFFFAOYSA-N seed29 190.228s
4744/8070 SUCCESS AChE/BChE 4BDS JPCDBTHAWPVJLV-UHFFFAOYSA-N seed42 189.381s
4745/8070 SUCCESS AChE/BChE 4BDS JPCDBTHAWPVJLV-UHFFFAOYSA-N seed71 190.316s
4746/8070 SUCCESS AChE/BChE 4EY7 PVAHNJQQAFBHBW-UHFFFAOYSA-N seed17 137.048s
4747/8070 SUCCESS AChE/BChE 4BDS JPCDBTHAWPVJLV-UHFFFAOYSA-N seed101 189.034s
4748/8070 SUCCESS AChE/BChE 4BDS MJYHXFQKEQRPEC-UHFFFAOYSA-N seed29 1365.329s
4749/8070 SUCCESS AChE/BChE 4EY7 PVAHNJQQAFBHBW-UHFFFAOYSA-N seed29 139.318s
4750/8070 SUCCESS AChE/BChE 4EY7 PVAHNJQQAFBHBW-UHFFFAOYSA-N seed42 139.185s
4751/8070 SUCCESS AChE/BChE 4BDS MJYHXFQKEQRPEC-UHFFFAOYSA-N seed42 1337.145s
4752/8070 SUCCESS AChE/BChE 4BDS MJYHXFQKEQRPEC-UHFFFAOYSA-N seed71 1302.459s
4753/8070 SUCCESS AChE/BChE 4BDS MJYHXFQKEQRPEC-UHFFFAOYSA-N seed101 1315.753s
4754/8070 SUCCESS AChE/BChE 4EY7 PVAHNJQQAFBHBW-UHFFFAOYSA-N seed71 140.437s
4755/8070 SUCCESS AChE/BChE 4EY7 PVAHNJQQAFBHBW-UHFFFAOYSA-N seed101 134.235s
4756/8070 SUCCESS AChE/BChE 4EY7 JNKSAKWNXKWMIA-UHFFFAOYSA-N seed17 15.802s
4757/8070 SUCCESS AChE/BChE 4EY7 JNKSAKWNXKWMIA-UHFFFAOYSA-N seed29 15.64s
4758/8070 SUCCESS AChE/BChE 4EY7 JNKSAKWNXKWMIA-UHFFFAOYSA-N seed42 15.668s
4759/8070 SUCCESS AChE/BChE 4BDS PVAHNJQQAFBHBW-UHFFFAOYSA-N seed17 180.775s
4760/8070 SUCCESS AChE/BChE 4EY7 JNKSAKWNXKWMIA-UHFFFAOYSA-N seed71 15.736s
4761/8070 SUCCESS AChE/BChE 4EY7 JNKSAKWNXKWMIA-UHFFFAOYSA-N seed101 15.329s
4762/8070 SUCCESS AChE/BChE 4BDS JNKSAKWNXKWMIA-UHFFFAOYSA-N seed17 15.137s
4763/8070 SUCCESS AChE/BChE 4BDS PVAHNJQQAFBHBW-UHFFFAOYSA-N seed29 178.901s
4764/8070 SUCCESS AChE/BChE 4BDS JNKSAKWNXKWMIA-UHFFFAOYSA-N seed29 15.107s
4765/8070 SUCCESS AChE/BChE 4BDS JNKSAKWNXKWMIA-UHFFFAOYSA-N seed42 15.084s
4766/8070 SUCCESS AChE/BChE 4BDS PVAHNJQQAFBHBW-UHFFFAOYSA-N seed42 179.801s
4767/8070 SUCCESS AChE/BChE 4BDS JNKSAKWNXKWMIA-UHFFFAOYSA-N seed71 14.974s
4768/8070 SUCCESS AChE/BChE 4BDS JNKSAKWNXKWMIA-UHFFFAOYSA-N seed101 15.043s
4769/8070 SUCCESS AChE/BChE 4BDS PVAHNJQQAFBHBW-UHFFFAOYSA-N seed71 175.948s
4770/8070 SUCCESS AChE/BChE 4BDS PVAHNJQQAFBHBW-UHFFFAOYSA-N seed101 178.638s
4771/8070 SUCCESS F2/F10 4UDW NIKUFUKVJGORCK-UHFFFAOYSA-N seed17 185.598s
4772/8070 SUCCESS F2/F10 4UDW NIKUFUKVJGORCK-UHFFFAOYSA-N seed29 185.971s
4773/8070 SUCCESS F2/F10 4UDW NIKUFUKVJGORCK-UHFFFAOYSA-N seed42 184.31s
4774/8070 SUCCESS F2/F10 4UDW NIKUFUKVJGORCK-UHFFFAOYSA-N seed71 188.158s
4775/8070 SUCCESS F2/F10 4UDW NIKUFUKVJGORCK-UHFFFAOYSA-N seed101 184.876s
4776/8070 SUCCESS F2/F10 2JKH NIKUFUKVJGORCK-UHFFFAOYSA-N seed17 174.546s
4777/8070 SUCCESS F2/F10 2JKH NIKUFUKVJGORCK-UHFFFAOYSA-N seed29 171.094s
4778/8070 SUCCESS F2/F10 2JKH NIKUFUKVJGORCK-UHFFFAOYSA-N seed42 172.263s
4779/8070 SUCCESS F2/F10 2JKH NIKUFUKVJGORCK-UHFFFAOYSA-N seed71 170.169s
4780/8070 SUCCESS F2/F10 2JKH NIKUFUKVJGORCK-UHFFFAOYSA-N seed101 171.813s
4781/8070 SUCCESS F2/F10 4UDW MZQZJZKJAMRPKS-UHFFFAOYSA-N seed17 229.397s
4782/8070 SUCCESS F2/F10 4UDW MZQZJZKJAMRPKS-UHFFFAOYSA-N seed29 231.289s
4783/8070 SUCCESS F2/F10 4UDW MZQZJZKJAMRPKS-UHFFFAOYSA-N seed101 224.238s
4784/8070 SUCCESS F2/F10 2JKH MZQZJZKJAMRPKS-UHFFFAOYSA-N seed17 216.956s
4785/8070 SUCCESS F2/F10 4UDW MZQZJZKJAMRPKS-UHFFFAOYSA-N seed42 239.288s
4786/8070 SUCCESS F2/F10 4UDW MZQZJZKJAMRPKS-UHFFFAOYSA-N seed71 241.858s
4787/8070 SUCCESS F2/F10 2JKH MZQZJZKJAMRPKS-UHFFFAOYSA-N seed29 211.429s
4788/8070 SUCCESS F2/F10 2JKH MZQZJZKJAMRPKS-UHFFFAOYSA-N seed42 217.098s
4789/8070 SUCCESS F2/F10 4UDW SOIIHESTBYNJRH-PMPSAXMXSA-N seed17 159.584s
4790/8070 SUCCESS F2/F10 4UDW SOIIHESTBYNJRH-PMPSAXMXSA-N seed29 159.773s
4791/8070 SUCCESS F2/F10 2JKH MZQZJZKJAMRPKS-UHFFFAOYSA-N seed71 215.252s
4792/8070 SUCCESS F2/F10 2JKH MZQZJZKJAMRPKS-UHFFFAOYSA-N seed101 215.236s
4793/8070 SUCCESS F2/F10 4UDW SOIIHESTBYNJRH-PMPSAXMXSA-N seed42 163.41s
4794/8070 SUCCESS F2/F10 4UDW SOIIHESTBYNJRH-PMPSAXMXSA-N seed71 169.895s
4795/8070 SUCCESS F2/F10 4UDW SOIIHESTBYNJRH-PMPSAXMXSA-N seed101 162.548s
4796/8070 SUCCESS F2/F10 2JKH SOIIHESTBYNJRH-PMPSAXMXSA-N seed17 152.204s
4797/8070 SUCCESS F2/F10 2JKH SOIIHESTBYNJRH-PMPSAXMXSA-N seed29 151.308s
4798/8070 SUCCESS F2/F10 2JKH SOIIHESTBYNJRH-PMPSAXMXSA-N seed42 152.304s
4799/8070 SUCCESS F2/F10 2JKH SOIIHESTBYNJRH-PMPSAXMXSA-N seed71 149.924s
4800/8070 SUCCESS F2/F10 2JKH SOIIHESTBYNJRH-PMPSAXMXSA-N seed101 151.286s
4801/8070 SUCCESS F2/F10 4UDW DRUZWKULMZFMLK-UHFFFAOYSA-N seed29 283.968s
4802/8070 SUCCESS F2/F10 4UDW DRUZWKULMZFMLK-UHFFFAOYSA-N seed17 288.265s
4803/8070 SUCCESS F2/F10 4UDW DRUZWKULMZFMLK-UHFFFAOYSA-N seed71 290.536s
4804/8070 SUCCESS F2/F10 4UDW DRUZWKULMZFMLK-UHFFFAOYSA-N seed42 297.413s
4805/8070 SUCCESS F2/F10 4UDW DRUZWKULMZFMLK-UHFFFAOYSA-N seed101 299.391s
4806/8070 SUCCESS F2/F10 2JKH DRUZWKULMZFMLK-UHFFFAOYSA-N seed17 265.253s
4807/8070 SUCCESS F2/F10 2JKH DRUZWKULMZFMLK-UHFFFAOYSA-N seed29 290.978s
4808/8070 SUCCESS F2/F10 2JKH DRUZWKULMZFMLK-UHFFFAOYSA-N seed42 296.106s
4809/8070 SUCCESS F2/F10 2JKH DRUZWKULMZFMLK-UHFFFAOYSA-N seed71 294.585s
4810/8070 SUCCESS F2/F10 2JKH DRUZWKULMZFMLK-UHFFFAOYSA-N seed101 298.501s
4811/8070 SUCCESS F2/F10 4UDW XBTPFPWYGMNPPA-UHFFFAOYSA-N seed17 389.039s
4812/8070 SUCCESS F2/F10 4UDW XBTPFPWYGMNPPA-UHFFFAOYSA-N seed29 399.97s
4813/8070 SUCCESS F2/F10 2JKH XBTPFPWYGMNPPA-UHFFFAOYSA-N seed17 306.887s
4814/8070 SUCCESS F2/F10 4UDW XBTPFPWYGMNPPA-UHFFFAOYSA-N seed42 379.144s
4815/8070 SUCCESS F2/F10 4UDW XBTPFPWYGMNPPA-UHFFFAOYSA-N seed71 382.568s
4816/8070 SUCCESS F2/F10 4UDW XBTPFPWYGMNPPA-UHFFFAOYSA-N seed101 369.163s
4817/8070 SUCCESS F2/F10 2JKH XBTPFPWYGMNPPA-UHFFFAOYSA-N seed29 294.086s
4818/8070 SUCCESS F2/F10 2JKH XBTPFPWYGMNPPA-UHFFFAOYSA-N seed42 291.449s
4819/8070 SUCCESS F2/F10 2JKH XBTPFPWYGMNPPA-UHFFFAOYSA-N seed71 269.694s
4820/8070 SUCCESS F2/F10 2JKH XBTPFPWYGMNPPA-UHFFFAOYSA-N seed101 274.215s
4821/8070 SUCCESS F2/F10 4UDW KMEOYPGTFKFRIU-UHFFFAOYSA-N seed17 358.245s
4822/8070 SUCCESS F2/F10 4UDW KMEOYPGTFKFRIU-UHFFFAOYSA-N seed29 353.176s
4823/8070 SUCCESS F2/F10 4UDW KMEOYPGTFKFRIU-UHFFFAOYSA-N seed42 347.985s
4824/8070 SUCCESS F2/F10 4UDW KMEOYPGTFKFRIU-UHFFFAOYSA-N seed71 363.858s
4825/8070 SUCCESS F2/F10 4UDW KMEOYPGTFKFRIU-UHFFFAOYSA-N seed101 380.884s
4826/8070 SUCCESS F2/F10 2JKH KMEOYPGTFKFRIU-UHFFFAOYSA-N seed17 369.415s
4827/8070 SUCCESS F2/F10 2JKH KMEOYPGTFKFRIU-UHFFFAOYSA-N seed29 359.677s
4828/8070 SUCCESS F2/F10 2JKH KMEOYPGTFKFRIU-UHFFFAOYSA-N seed42 366.826s
4829/8070 SUCCESS F2/F10 2JKH KMEOYPGTFKFRIU-UHFFFAOYSA-N seed71 361.917s
4830/8070 SUCCESS F2/F10 2JKH KMEOYPGTFKFRIU-UHFFFAOYSA-N seed101 367.628s
4831/8070 SUCCESS F2/F10 4UDW IQSQCPMGGRPOBO-UHFFFAOYSA-N seed29 400.836s
4832/8070 SUCCESS F2/F10 4UDW IQSQCPMGGRPOBO-UHFFFAOYSA-N seed17 408.238s
4833/8070 SUCCESS F2/F10 4UDW IQSQCPMGGRPOBO-UHFFFAOYSA-N seed42 428.306s
4834/8070 SUCCESS F2/F10 4UDW IQSQCPMGGRPOBO-UHFFFAOYSA-N seed71 414.708s
4835/8070 SUCCESS F2/F10 4UDW IQSQCPMGGRPOBO-UHFFFAOYSA-N seed101 419.006s
4836/8070 SUCCESS F2/F10 2JKH IQSQCPMGGRPOBO-UHFFFAOYSA-N seed17 391.938s
4837/8070 SUCCESS F2/F10 2JKH IQSQCPMGGRPOBO-UHFFFAOYSA-N seed42 395.234s
4838/8070 SUCCESS F2/F10 2JKH IQSQCPMGGRPOBO-UHFFFAOYSA-N seed29 400.69s
4839/8070 SUCCESS F2/F10 2JKH IQSQCPMGGRPOBO-UHFFFAOYSA-N seed71 409.178s
4840/8070 SUCCESS F2/F10 2JKH IQSQCPMGGRPOBO-UHFFFAOYSA-N seed101 404.543s
4841/8070 SUCCESS F2/F10 4UDW JMZFIOOXUXETFA-FQEVSTJZSA-N seed17 381.887s
4842/8070 SUCCESS F2/F10 4UDW JMZFIOOXUXETFA-FQEVSTJZSA-N seed29 397.657s
4843/8070 SUCCESS F2/F10 4UDW JMZFIOOXUXETFA-FQEVSTJZSA-N seed42 366.299s
4844/8070 SUCCESS F2/F10 4UDW JMZFIOOXUXETFA-FQEVSTJZSA-N seed71 373.856s
4845/8070 SUCCESS F2/F10 2JKH JMZFIOOXUXETFA-FQEVSTJZSA-N seed17 285.004s
4846/8070 SUCCESS F2/F10 2JKH JMZFIOOXUXETFA-FQEVSTJZSA-N seed29 279.847s
4847/8070 SUCCESS F2/F10 2JKH JMZFIOOXUXETFA-FQEVSTJZSA-N seed42 281.126s
4848/8070 SUCCESS F2/F10 4UDW JMZFIOOXUXETFA-FQEVSTJZSA-N seed101 358.847s
4849/8070 SUCCESS F2/F10 2JKH JMZFIOOXUXETFA-FQEVSTJZSA-N seed71 274.253s
4850/8070 SUCCESS F2/F10 2JKH JMZFIOOXUXETFA-FQEVSTJZSA-N seed101 277.866s
4851/8070 SUCCESS F2/F10 4UDW RYCYVWBHORYZIQ-UHFFFAOYSA-N seed17 298.56s
4852/8070 SUCCESS F2/F10 4UDW RYCYVWBHORYZIQ-UHFFFAOYSA-N seed29 297.966s
4853/8070 SUCCESS F2/F10 4UDW RYCYVWBHORYZIQ-UHFFFAOYSA-N seed42 306.296s
4854/8070 SUCCESS F2/F10 4UDW RYCYVWBHORYZIQ-UHFFFAOYSA-N seed71 306.981s
4855/8070 SUCCESS F2/F10 4UDW RYCYVWBHORYZIQ-UHFFFAOYSA-N seed101 294.931s
4856/8070 SUCCESS F2/F10 2JKH RYCYVWBHORYZIQ-UHFFFAOYSA-N seed17 290.563s
4857/8070 SUCCESS F2/F10 2JKH RYCYVWBHORYZIQ-UHFFFAOYSA-N seed29 272.505s
4858/8070 SUCCESS F2/F10 2JKH RYCYVWBHORYZIQ-UHFFFAOYSA-N seed42 282.603s
4859/8070 SUCCESS F2/F10 2JKH RYCYVWBHORYZIQ-UHFFFAOYSA-N seed71 291.314s
4860/8070 SUCCESS F2/F10 2JKH RYCYVWBHORYZIQ-UHFFFAOYSA-N seed101 284.902s
4861/8070 SUCCESS F2/F10 4UDW VOGZXZRPMAOGPW-UHFFFAOYSA-N seed17 512.18s
4862/8070 SUCCESS F2/F10 4UDW VOGZXZRPMAOGPW-UHFFFAOYSA-N seed29 520.471s
4863/8070 SUCCESS F2/F10 2JKH VOGZXZRPMAOGPW-UHFFFAOYSA-N seed17 401.935s
4864/8070 SUCCESS F2/F10 4UDW VOGZXZRPMAOGPW-UHFFFAOYSA-N seed42 501.432s
4865/8070 SUCCESS F2/F10 4UDW VOGZXZRPMAOGPW-UHFFFAOYSA-N seed71 491.038s
4866/8070 SUCCESS F2/F10 4UDW VOGZXZRPMAOGPW-UHFFFAOYSA-N seed101 494.312s
4867/8070 SUCCESS F2/F10 2JKH VOGZXZRPMAOGPW-UHFFFAOYSA-N seed29 332.1s
4868/8070 SUCCESS F2/F10 2JKH VOGZXZRPMAOGPW-UHFFFAOYSA-N seed42 341.918s
4869/8070 SUCCESS F2/F10 2JKH VOGZXZRPMAOGPW-UHFFFAOYSA-N seed71 338.033s
4870/8070 SUCCESS F2/F10 2JKH VOGZXZRPMAOGPW-UHFFFAOYSA-N seed101 339.066s
4871/8070 SUCCESS F2/F10 4UDW ACVPPNXFXGZKPH-DEOSSOPVSA-N seed17 365.18s
4872/8070 SUCCESS F2/F10 4UDW ACVPPNXFXGZKPH-DEOSSOPVSA-N seed29 357.801s
4873/8070 SUCCESS F2/F10 2JKH ACVPPNXFXGZKPH-DEOSSOPVSA-N seed17 267.598s
4874/8070 SUCCESS F2/F10 4UDW ACVPPNXFXGZKPH-DEOSSOPVSA-N seed42 356.869s
4875/8070 SUCCESS F2/F10 2JKH ACVPPNXFXGZKPH-DEOSSOPVSA-N seed29 270.712s
4876/8070 SUCCESS F2/F10 2JKH ACVPPNXFXGZKPH-DEOSSOPVSA-N seed42 264.479s
4877/8070 SUCCESS F2/F10 4UDW ACVPPNXFXGZKPH-DEOSSOPVSA-N seed101 362.472s
4878/8070 SUCCESS F2/F10 4UDW ACVPPNXFXGZKPH-DEOSSOPVSA-N seed71 372.722s
4879/8070 SUCCESS F2/F10 2JKH ACVPPNXFXGZKPH-DEOSSOPVSA-N seed71 265.485s
4880/8070 SUCCESS F2/F10 4UDW WYCVSPRVSFUVMA-UHFFFAOYSA-N seed17 253.496s
4881/8070 SUCCESS F2/F10 2JKH ACVPPNXFXGZKPH-DEOSSOPVSA-N seed101 267.078s
4882/8070 SUCCESS F2/F10 4UDW WYCVSPRVSFUVMA-UHFFFAOYSA-N seed42 254.568s
4883/8070 SUCCESS F2/F10 4UDW WYCVSPRVSFUVMA-UHFFFAOYSA-N seed29 259.231s
4884/8070 SUCCESS F2/F10 4UDW WYCVSPRVSFUVMA-UHFFFAOYSA-N seed71 260.145s
4885/8070 SUCCESS F2/F10 2JKH WYCVSPRVSFUVMA-UHFFFAOYSA-N seed17 208.31s
4886/8070 SUCCESS F2/F10 2JKH WYCVSPRVSFUVMA-UHFFFAOYSA-N seed29 208.052s
4887/8070 SUCCESS F2/F10 4UDW WYCVSPRVSFUVMA-UHFFFAOYSA-N seed101 251.262s
4888/8070 SUCCESS F2/F10 2JKH WYCVSPRVSFUVMA-UHFFFAOYSA-N seed42 210.491s
4889/8070 SUCCESS F2/F10 2JKH WYCVSPRVSFUVMA-UHFFFAOYSA-N seed71 212.167s
4890/8070 SUCCESS F2/F10 2JKH WYCVSPRVSFUVMA-UHFFFAOYSA-N seed101 209.972s
4891/8070 SUCCESS F2/F10 4UDW DXAPSOAHVMXRKS-UHFFFAOYSA-N seed17 96.246s
4892/8070 SUCCESS F2/F10 4UDW DXAPSOAHVMXRKS-UHFFFAOYSA-N seed29 93.704s
4893/8070 SUCCESS F2/F10 4UDW DXAPSOAHVMXRKS-UHFFFAOYSA-N seed42 92.559s
4894/8070 SUCCESS F2/F10 4UDW DXAPSOAHVMXRKS-UHFFFAOYSA-N seed71 92.747s
4895/8070 SUCCESS F2/F10 4UDW DXAPSOAHVMXRKS-UHFFFAOYSA-N seed101 94.385s
4896/8070 SUCCESS F2/F10 2JKH DXAPSOAHVMXRKS-UHFFFAOYSA-N seed17 95.993s
4897/8070 SUCCESS F2/F10 2JKH DXAPSOAHVMXRKS-UHFFFAOYSA-N seed29 93.939s
4898/8070 SUCCESS F2/F10 2JKH DXAPSOAHVMXRKS-UHFFFAOYSA-N seed42 93.877s
4899/8070 SUCCESS F2/F10 2JKH DXAPSOAHVMXRKS-UHFFFAOYSA-N seed71 94.678s
4900/8070 SUCCESS F2/F10 2JKH DXAPSOAHVMXRKS-UHFFFAOYSA-N seed101 94.867s
4901/8070 SUCCESS F2/F10 4UDW NTCCWWNRATWWLQ-UHFFFAOYSA-N seed17 97.049s
4902/8070 SUCCESS F2/F10 4UDW NTCCWWNRATWWLQ-UHFFFAOYSA-N seed29 95.99s
4903/8070 SUCCESS F2/F10 4UDW NTCCWWNRATWWLQ-UHFFFAOYSA-N seed42 94.091s
4904/8070 SUCCESS F2/F10 4UDW NTCCWWNRATWWLQ-UHFFFAOYSA-N seed71 95.153s
4905/8070 SUCCESS F2/F10 4UDW NTCCWWNRATWWLQ-UHFFFAOYSA-N seed101 93.608s
4906/8070 SUCCESS F2/F10 2JKH NTCCWWNRATWWLQ-UHFFFAOYSA-N seed17 96.182s
4907/8070 SUCCESS F2/F10 2JKH NTCCWWNRATWWLQ-UHFFFAOYSA-N seed29 96.525s
4908/8070 SUCCESS F2/F10 2JKH NTCCWWNRATWWLQ-UHFFFAOYSA-N seed42 96.97s
4909/8070 SUCCESS F2/F10 2JKH NTCCWWNRATWWLQ-UHFFFAOYSA-N seed71 97.095s
4910/8070 SUCCESS F2/F10 2JKH NTCCWWNRATWWLQ-UHFFFAOYSA-N seed101 97.517s
4911/8070 SUCCESS F2/F10 4UDW SYJMIXHRYXUAGD-FEROLFGZSA-N seed17 193.825s
4912/8070 SUCCESS F2/F10 4UDW SYJMIXHRYXUAGD-FEROLFGZSA-N seed29 198.114s
4913/8070 SUCCESS F2/F10 4UDW SYJMIXHRYXUAGD-FEROLFGZSA-N seed42 197.628s
4914/8070 SUCCESS F2/F10 4UDW SYJMIXHRYXUAGD-FEROLFGZSA-N seed71 198.575s
4915/8070 SUCCESS F2/F10 2JKH SYJMIXHRYXUAGD-FEROLFGZSA-N seed17 180.061s
4916/8070 SUCCESS F2/F10 4UDW SYJMIXHRYXUAGD-FEROLFGZSA-N seed101 193.483s
4917/8070 SUCCESS F2/F10 4UDW FCCJGNOUIYGKAC-UHFFFAOYSA-N seed17 86.896s
4918/8070 SUCCESS F2/F10 4UDW FCCJGNOUIYGKAC-UHFFFAOYSA-N seed29 86.1s
4919/8070 SUCCESS F2/F10 2JKH SYJMIXHRYXUAGD-FEROLFGZSA-N seed29 179.818s
4920/8070 SUCCESS F2/F10 2JKH SYJMIXHRYXUAGD-FEROLFGZSA-N seed42 182.317s
4921/8070 SUCCESS F2/F10 2JKH SYJMIXHRYXUAGD-FEROLFGZSA-N seed71 180.429s
4922/8070 SUCCESS F2/F10 2JKH SYJMIXHRYXUAGD-FEROLFGZSA-N seed101 180.526s
4923/8070 SUCCESS F2/F10 4UDW FCCJGNOUIYGKAC-UHFFFAOYSA-N seed42 84.296s
4924/8070 SUCCESS F2/F10 4UDW FCCJGNOUIYGKAC-UHFFFAOYSA-N seed71 83.835s
4925/8070 SUCCESS F2/F10 4UDW FCCJGNOUIYGKAC-UHFFFAOYSA-N seed101 84.861s
4926/8070 SUCCESS F2/F10 2JKH FCCJGNOUIYGKAC-UHFFFAOYSA-N seed17 78.006s
4927/8070 SUCCESS F2/F10 2JKH FCCJGNOUIYGKAC-UHFFFAOYSA-N seed29 76.42s
4928/8070 SUCCESS F2/F10 2JKH FCCJGNOUIYGKAC-UHFFFAOYSA-N seed42 76.743s
4929/8070 SUCCESS F2/F10 2JKH FCCJGNOUIYGKAC-UHFFFAOYSA-N seed71 77.168s
4930/8070 SUCCESS F2/F10 2JKH FCCJGNOUIYGKAC-UHFFFAOYSA-N seed101 78.355s
4931/8070 SUCCESS F2/F10 4UDW VIBLPWPPWBZROD-HOTGVXAUSA-N seed17 86.711s
4932/8070 SUCCESS F2/F10 4UDW VIBLPWPPWBZROD-HOTGVXAUSA-N seed29 88.67s
4933/8070 SUCCESS F2/F10 4UDW VIBLPWPPWBZROD-HOTGVXAUSA-N seed42 87.251s
4934/8070 SUCCESS F2/F10 4UDW VIBLPWPPWBZROD-HOTGVXAUSA-N seed71 87.346s
4935/8070 SUCCESS F2/F10 4UDW VIBLPWPPWBZROD-HOTGVXAUSA-N seed101 87.371s
4936/8070 SUCCESS F2/F10 2JKH VIBLPWPPWBZROD-HOTGVXAUSA-N seed17 87.639s
4937/8070 SUCCESS F2/F10 2JKH VIBLPWPPWBZROD-HOTGVXAUSA-N seed29 87.825s
4938/8070 SUCCESS F2/F10 2JKH VIBLPWPPWBZROD-HOTGVXAUSA-N seed42 88.817s
4939/8070 SUCCESS F2/F10 2JKH VIBLPWPPWBZROD-HOTGVXAUSA-N seed71 89.401s
4940/8070 SUCCESS F2/F10 2JKH VIBLPWPPWBZROD-HOTGVXAUSA-N seed101 89.619s
4941/8070 SUCCESS F2/F10 2JKH UWOLGNVHETVCHA-FTJBHMTQSA-N seed17 413.94s
4942/8070 SUCCESS F2/F10 4UDW UWOLGNVHETVCHA-FTJBHMTQSA-N seed17 513.04s
4943/8070 SUCCESS F2/F10 4UDW UWOLGNVHETVCHA-FTJBHMTQSA-N seed29 516.495s
4944/8070 SUCCESS F2/F10 4UDW UWOLGNVHETVCHA-FTJBHMTQSA-N seed42 510.204s
4945/8070 SUCCESS F2/F10 4UDW UWOLGNVHETVCHA-FTJBHMTQSA-N seed71 520.185s
4946/8070 SUCCESS F2/F10 4UDW UWOLGNVHETVCHA-FTJBHMTQSA-N seed101 524.254s
4947/8070 SUCCESS F2/F10 2JKH UWOLGNVHETVCHA-FTJBHMTQSA-N seed29 457.886s
4948/8070 SUCCESS F2/F10 2JKH UWOLGNVHETVCHA-FTJBHMTQSA-N seed42 467.934s
4949/8070 SUCCESS F2/F10 2JKH UWOLGNVHETVCHA-FTJBHMTQSA-N seed71 473.355s
4950/8070 SUCCESS F2/F10 2JKH UWOLGNVHETVCHA-FTJBHMTQSA-N seed101 475.846s
4951/8070 SUCCESS F2/F10 4UDW ZGTBPFPYIIGPEC-LJAQVGFWSA-N seed17 766.363s
4952/8070 SUCCESS F2/F10 4UDW ZGTBPFPYIIGPEC-LJAQVGFWSA-N seed29 820.432s
4953/8070 SUCCESS F2/F10 2JKH ZGTBPFPYIIGPEC-LJAQVGFWSA-N seed17 627.483s
4954/8070 SUCCESS F2/F10 4UDW ZGTBPFPYIIGPEC-LJAQVGFWSA-N seed42 848.242s
4955/8070 SUCCESS F2/F10 4UDW ZGTBPFPYIIGPEC-LJAQVGFWSA-N seed71 805.771s
4956/8070 SUCCESS F2/F10 4UDW ZGTBPFPYIIGPEC-LJAQVGFWSA-N seed101 827.606s
4957/8070 SUCCESS F2/F10 2JKH ZGTBPFPYIIGPEC-LJAQVGFWSA-N seed29 544.589s
4958/8070 SUCCESS F2/F10 2JKH ZGTBPFPYIIGPEC-LJAQVGFWSA-N seed42 541.069s
4959/8070 SUCCESS F2/F10 2JKH ZGTBPFPYIIGPEC-LJAQVGFWSA-N seed71 463.434s
4960/8070 SUCCESS F2/F10 2JKH ZGTBPFPYIIGPEC-LJAQVGFWSA-N seed101 453.94s
4961/8070 SUCCESS F2/F10 4UDW WVAPDSKWUGJHOT-DEOSSOPVSA-N seed17 544.09s
4962/8070 SUCCESS F2/F10 4UDW WVAPDSKWUGJHOT-DEOSSOPVSA-N seed29 537.793s
4963/8070 SUCCESS F2/F10 4UDW WVAPDSKWUGJHOT-DEOSSOPVSA-N seed42 539.48s
4964/8070 SUCCESS F2/F10 4UDW WVAPDSKWUGJHOT-DEOSSOPVSA-N seed71 555.38s
4965/8070 SUCCESS F2/F10 4UDW WVAPDSKWUGJHOT-DEOSSOPVSA-N seed101 522.761s
4966/8070 SUCCESS F2/F10 2JKH WVAPDSKWUGJHOT-DEOSSOPVSA-N seed17 461.424s
4967/8070 SUCCESS F2/F10 2JKH WVAPDSKWUGJHOT-DEOSSOPVSA-N seed29 440.142s
4968/8070 SUCCESS F2/F10 4UDW KFGUVXFIUYMGHH-UHFFFAOYSA-N seed17 163.305s
4969/8070 SUCCESS F2/F10 2JKH WVAPDSKWUGJHOT-DEOSSOPVSA-N seed42 445.574s
4970/8070 SUCCESS F2/F10 4UDW KFGUVXFIUYMGHH-UHFFFAOYSA-N seed29 164.421s
4971/8070 SUCCESS F2/F10 2JKH WVAPDSKWUGJHOT-DEOSSOPVSA-N seed71 446.995s
4972/8070 SUCCESS F2/F10 4UDW KFGUVXFIUYMGHH-UHFFFAOYSA-N seed42 163.083s
4973/8070 SUCCESS F2/F10 4UDW KFGUVXFIUYMGHH-UHFFFAOYSA-N seed71 163.746s
4974/8070 SUCCESS F2/F10 2JKH WVAPDSKWUGJHOT-DEOSSOPVSA-N seed101 452.262s
4975/8070 SUCCESS F2/F10 4UDW KFGUVXFIUYMGHH-UHFFFAOYSA-N seed101 161.324s
4976/8070 SUCCESS F2/F10 2JKH KFGUVXFIUYMGHH-UHFFFAOYSA-N seed17 145.132s
4977/8070 SUCCESS F2/F10 2JKH KFGUVXFIUYMGHH-UHFFFAOYSA-N seed29 143.645s
4978/8070 SUCCESS F2/F10 2JKH KFGUVXFIUYMGHH-UHFFFAOYSA-N seed42 142.668s
4979/8070 SUCCESS F2/F10 4UDW CYPTUCSRAKRHJR-UHFFFAOYSA-N seed17 114.141s
4980/8070 SUCCESS F2/F10 2JKH KFGUVXFIUYMGHH-UHFFFAOYSA-N seed71 142.112s
4981/8070 SUCCESS F2/F10 2JKH KFGUVXFIUYMGHH-UHFFFAOYSA-N seed101 143.51s
4982/8070 SUCCESS F2/F10 4UDW CYPTUCSRAKRHJR-UHFFFAOYSA-N seed29 113.652s
4983/8070 SUCCESS F2/F10 4UDW CYPTUCSRAKRHJR-UHFFFAOYSA-N seed42 113.33s
4984/8070 SUCCESS F2/F10 4UDW CYPTUCSRAKRHJR-UHFFFAOYSA-N seed71 108.963s
4985/8070 SUCCESS F2/F10 4UDW CYPTUCSRAKRHJR-UHFFFAOYSA-N seed101 112.667s
4986/8070 SUCCESS F2/F10 2JKH CYPTUCSRAKRHJR-UHFFFAOYSA-N seed17 113.908s
4987/8070 SUCCESS F2/F10 2JKH CYPTUCSRAKRHJR-UHFFFAOYSA-N seed29 114.008s
4988/8070 SUCCESS F2/F10 2JKH CYPTUCSRAKRHJR-UHFFFAOYSA-N seed42 114.439s
4989/8070 SUCCESS F2/F10 2JKH CYPTUCSRAKRHJR-UHFFFAOYSA-N seed71 114.57s
4990/8070 SUCCESS F2/F10 2JKH CYPTUCSRAKRHJR-UHFFFAOYSA-N seed101 114.417s
4991/8070 SUCCESS F2/F10 4UDW DUTMSPYSKLRLIM-XUZZJYLKSA-N seed17 192.96s
4992/8070 SUCCESS F2/F10 4UDW DUTMSPYSKLRLIM-XUZZJYLKSA-N seed29 194.443s
4993/8070 SUCCESS F2/F10 4UDW DUTMSPYSKLRLIM-XUZZJYLKSA-N seed42 196.002s
4994/8070 SUCCESS F2/F10 4UDW DUTMSPYSKLRLIM-XUZZJYLKSA-N seed71 195.952s
4995/8070 SUCCESS F2/F10 4UDW DUTMSPYSKLRLIM-XUZZJYLKSA-N seed101 192.51s
4996/8070 SUCCESS F2/F10 2JKH DUTMSPYSKLRLIM-XUZZJYLKSA-N seed17 175.47s
4997/8070 SUCCESS F2/F10 2JKH DUTMSPYSKLRLIM-XUZZJYLKSA-N seed29 176.346s
4998/8070 SUCCESS F2/F10 2JKH DUTMSPYSKLRLIM-XUZZJYLKSA-N seed42 176.187s
4999/8070 SUCCESS F2/F10 2JKH DUTMSPYSKLRLIM-XUZZJYLKSA-N seed71 176.675s
5000/8070 SUCCESS F2/F10 2JKH DUTMSPYSKLRLIM-XUZZJYLKSA-N seed101 179.481s
5001/8070 SUCCESS F2/F10 4UDW FPYOOPDUUPDBNP-UHFFFAOYSA-N seed17 364.004s
5002/8070 SUCCESS F2/F10 4UDW FPYOOPDUUPDBNP-UHFFFAOYSA-N seed29 361.731s
5003/8070 SUCCESS F2/F10 4UDW FPYOOPDUUPDBNP-UHFFFAOYSA-N seed42 359.821s
5004/8070 SUCCESS F2/F10 2JKH FPYOOPDUUPDBNP-UHFFFAOYSA-N seed17 316.169s
5005/8070 SUCCESS F2/F10 4UDW FPYOOPDUUPDBNP-UHFFFAOYSA-N seed71 360.386s
5006/8070 SUCCESS F2/F10 4UDW FPYOOPDUUPDBNP-UHFFFAOYSA-N seed101 365.89s
5007/8070 SUCCESS F2/F10 2JKH FPYOOPDUUPDBNP-UHFFFAOYSA-N seed29 315.652s
5008/8070 SUCCESS F2/F10 4UDW YBSJFWOBGCMAKL-UHFFFAOYSA-N seed17 201.46s
5009/8070 SUCCESS F2/F10 2JKH FPYOOPDUUPDBNP-UHFFFAOYSA-N seed42 310.406s
5010/8070 SUCCESS F2/F10 4UDW YBSJFWOBGCMAKL-UHFFFAOYSA-N seed29 201.52s
5011/8070 SUCCESS F2/F10 2JKH FPYOOPDUUPDBNP-UHFFFAOYSA-N seed101 310.866s
5012/8070 SUCCESS F2/F10 2JKH FPYOOPDUUPDBNP-UHFFFAOYSA-N seed71 314.75s
5013/8070 SUCCESS F2/F10 4UDW YBSJFWOBGCMAKL-UHFFFAOYSA-N seed42 202.969s
5014/8070 SUCCESS F2/F10 4UDW YBSJFWOBGCMAKL-UHFFFAOYSA-N seed71 196.191s
5015/8070 SUCCESS F2/F10 4UDW YBSJFWOBGCMAKL-UHFFFAOYSA-N seed101 198.789s
5016/8070 SUCCESS F2/F10 2JKH YBSJFWOBGCMAKL-UHFFFAOYSA-N seed17 203.454s
5017/8070 SUCCESS F2/F10 2JKH YBSJFWOBGCMAKL-UHFFFAOYSA-N seed29 200.486s
5018/8070 SUCCESS F2/F10 2JKH YBSJFWOBGCMAKL-UHFFFAOYSA-N seed42 199.679s
5019/8070 SUCCESS F2/F10 2JKH YBSJFWOBGCMAKL-UHFFFAOYSA-N seed71 201.67s
5020/8070 SUCCESS F2/F10 2JKH YBSJFWOBGCMAKL-UHFFFAOYSA-N seed101 201.754s
5021/8070 SUCCESS F2/F10 4UDW DIJNMZDNCSWBBP-QFIPXVFZSA-N seed17 266.15s
5022/8070 SUCCESS F2/F10 4UDW DIJNMZDNCSWBBP-QFIPXVFZSA-N seed29 276.563s
5023/8070 SUCCESS F2/F10 4UDW DIJNMZDNCSWBBP-QFIPXVFZSA-N seed42 274.142s
5024/8070 SUCCESS F2/F10 4UDW DIJNMZDNCSWBBP-QFIPXVFZSA-N seed71 273.527s
5025/8070 SUCCESS F2/F10 2JKH DIJNMZDNCSWBBP-QFIPXVFZSA-N seed17 248.983s
5026/8070 SUCCESS F2/F10 4UDW DIJNMZDNCSWBBP-QFIPXVFZSA-N seed101 275.941s
5027/8070 SUCCESS F2/F10 2JKH DIJNMZDNCSWBBP-QFIPXVFZSA-N seed29 250.111s
5028/8070 SUCCESS F2/F10 2JKH DIJNMZDNCSWBBP-QFIPXVFZSA-N seed42 251.214s
5029/8070 SUCCESS F2/F10 2JKH DIJNMZDNCSWBBP-QFIPXVFZSA-N seed101 247.179s
5030/8070 SUCCESS F2/F10 2JKH DIJNMZDNCSWBBP-QFIPXVFZSA-N seed71 255.299s
5031/8070 SUCCESS F2/F10 4UDW FEFPMRFHQVSSQC-UHFFFAOYSA-N seed17 531.217s
5032/8070 SUCCESS F2/F10 4UDW FEFPMRFHQVSSQC-UHFFFAOYSA-N seed29 537.841s
5033/8070 SUCCESS F2/F10 4UDW FEFPMRFHQVSSQC-UHFFFAOYSA-N seed42 529.863s
5034/8070 SUCCESS F2/F10 4UDW FEFPMRFHQVSSQC-UHFFFAOYSA-N seed71 552.774s
5035/8070 SUCCESS F2/F10 2JKH FEFPMRFHQVSSQC-UHFFFAOYSA-N seed17 479.764s
5036/8070 SUCCESS F2/F10 4UDW FEFPMRFHQVSSQC-UHFFFAOYSA-N seed101 537.351s
5037/8070 SUCCESS F2/F10 4UDW MSZDFYJGNLJAGU-UHFFFAOYSA-N seed17 74.23s
5038/8070 SUCCESS F2/F10 4UDW MSZDFYJGNLJAGU-UHFFFAOYSA-N seed29 73.66s
5039/8070 SUCCESS F2/F10 4UDW MSZDFYJGNLJAGU-UHFFFAOYSA-N seed42 73.823s
5040/8070 SUCCESS F2/F10 4UDW MSZDFYJGNLJAGU-UHFFFAOYSA-N seed71 74.843s
5041/8070 SUCCESS F2/F10 4UDW MSZDFYJGNLJAGU-UHFFFAOYSA-N seed101 75.052s
5042/8070 SUCCESS F2/F10 2JKH MSZDFYJGNLJAGU-UHFFFAOYSA-N seed17 74.283s
5043/8070 SUCCESS F2/F10 2JKH MSZDFYJGNLJAGU-UHFFFAOYSA-N seed29 75.048s
5044/8070 SUCCESS F2/F10 2JKH FEFPMRFHQVSSQC-UHFFFAOYSA-N seed29 473.528s
5045/8070 SUCCESS F2/F10 2JKH MSZDFYJGNLJAGU-UHFFFAOYSA-N seed42 74.622s
5046/8070 SUCCESS F2/F10 2JKH FEFPMRFHQVSSQC-UHFFFAOYSA-N seed42 472.462s
5047/8070 SUCCESS F2/F10 2JKH MSZDFYJGNLJAGU-UHFFFAOYSA-N seed71 74.017s
5048/8070 SUCCESS F2/F10 2JKH FEFPMRFHQVSSQC-UHFFFAOYSA-N seed71 467.729s
5049/8070 SUCCESS F2/F10 2JKH MSZDFYJGNLJAGU-UHFFFAOYSA-N seed101 72.753s
5050/8070 SUCCESS F2/F10 4UDW MWONLFLWDWHANV-UHFFFAOYSA-N seed17 87.867s
5051/8070 SUCCESS F2/F10 4UDW MWONLFLWDWHANV-UHFFFAOYSA-N seed29 87.649s
5052/8070 SUCCESS F2/F10 4UDW MWONLFLWDWHANV-UHFFFAOYSA-N seed42 87.704s
5053/8070 SUCCESS F2/F10 2JKH FEFPMRFHQVSSQC-UHFFFAOYSA-N seed101 474.877s
5054/8070 SUCCESS F2/F10 4UDW MWONLFLWDWHANV-UHFFFAOYSA-N seed71 86.452s
5055/8070 SUCCESS F2/F10 4UDW MWONLFLWDWHANV-UHFFFAOYSA-N seed101 85.995s
5056/8070 SUCCESS F2/F10 2JKH MWONLFLWDWHANV-UHFFFAOYSA-N seed17 83.466s
5057/8070 SUCCESS F2/F10 2JKH MWONLFLWDWHANV-UHFFFAOYSA-N seed29 83.569s
5058/8070 SUCCESS F2/F10 2JKH MWONLFLWDWHANV-UHFFFAOYSA-N seed42 84.222s
5059/8070 SUCCESS F2/F10 2JKH MWONLFLWDWHANV-UHFFFAOYSA-N seed71 83.249s
5060/8070 SUCCESS F2/F10 4UDW DCCNZIMOOBWFDR-UHFFFAOYSA-N seed17 76.266s
5061/8070 SUCCESS F2/F10 2JKH MWONLFLWDWHANV-UHFFFAOYSA-N seed101 82.398s
5062/8070 SUCCESS F2/F10 4UDW DCCNZIMOOBWFDR-UHFFFAOYSA-N seed29 75.536s
5063/8070 SUCCESS F2/F10 4UDW DCCNZIMOOBWFDR-UHFFFAOYSA-N seed42 75.281s
5064/8070 SUCCESS F2/F10 4UDW DCCNZIMOOBWFDR-UHFFFAOYSA-N seed71 75.827s
5065/8070 SUCCESS F2/F10 4UDW DCCNZIMOOBWFDR-UHFFFAOYSA-N seed101 75.895s
5066/8070 SUCCESS F2/F10 2JKH DCCNZIMOOBWFDR-UHFFFAOYSA-N seed17 75.595s
5067/8070 SUCCESS F2/F10 2JKH DCCNZIMOOBWFDR-UHFFFAOYSA-N seed29 75.315s
5068/8070 SUCCESS F2/F10 4UDW MPSJBYFGZHSLRS-UHFFFAOYSA-N seed17 41.334s
5069/8070 SUCCESS F2/F10 2JKH DCCNZIMOOBWFDR-UHFFFAOYSA-N seed42 75.216s
5070/8070 SUCCESS F2/F10 2JKH DCCNZIMOOBWFDR-UHFFFAOYSA-N seed71 75.742s
5071/8070 SUCCESS F2/F10 4UDW MPSJBYFGZHSLRS-UHFFFAOYSA-N seed29 40.477s
5072/8070 SUCCESS F2/F10 4UDW MPSJBYFGZHSLRS-UHFFFAOYSA-N seed42 40.178s
5073/8070 SUCCESS F2/F10 2JKH DCCNZIMOOBWFDR-UHFFFAOYSA-N seed101 74.182s
5074/8070 SUCCESS F2/F10 4UDW MPSJBYFGZHSLRS-UHFFFAOYSA-N seed71 40.272s
5075/8070 SUCCESS F2/F10 4UDW MPSJBYFGZHSLRS-UHFFFAOYSA-N seed101 40.276s
5076/8070 SUCCESS F2/F10 2JKH MPSJBYFGZHSLRS-UHFFFAOYSA-N seed17 41.986s
5077/8070 SUCCESS F2/F10 2JKH MPSJBYFGZHSLRS-UHFFFAOYSA-N seed29 42.047s
5078/8070 SUCCESS F2/F10 2JKH MPSJBYFGZHSLRS-UHFFFAOYSA-N seed42 42.231s
5079/8070 SUCCESS F2/F10 2JKH MPSJBYFGZHSLRS-UHFFFAOYSA-N seed71 42.073s
5080/8070 SUCCESS F2/F10 2JKH MPSJBYFGZHSLRS-UHFFFAOYSA-N seed101 42.124s
5081/8070 SUCCESS F2/F10 4UDW NQTRMKQQZOHULE-UHFFFAOYSA-N seed17 77.355s
5082/8070 SUCCESS F2/F10 4UDW NQTRMKQQZOHULE-UHFFFAOYSA-N seed29 76.471s
5083/8070 SUCCESS F2/F10 4UDW NQTRMKQQZOHULE-UHFFFAOYSA-N seed42 76.838s
5084/8070 SUCCESS F2/F10 4UDW NQTRMKQQZOHULE-UHFFFAOYSA-N seed101 75.651s
5085/8070 SUCCESS F2/F10 4UDW NQTRMKQQZOHULE-UHFFFAOYSA-N seed71 76.079s
5086/8070 SUCCESS F2/F10 2JKH NQTRMKQQZOHULE-UHFFFAOYSA-N seed17 75.937s
5087/8070 SUCCESS F2/F10 2JKH NQTRMKQQZOHULE-UHFFFAOYSA-N seed29 77.668s
5088/8070 SUCCESS F2/F10 2JKH NQTRMKQQZOHULE-UHFFFAOYSA-N seed42 77.367s
5089/8070 SUCCESS F2/F10 2JKH NQTRMKQQZOHULE-UHFFFAOYSA-N seed71 77.689s
5090/8070 SUCCESS F2/F10 2JKH NQTRMKQQZOHULE-UHFFFAOYSA-N seed101 77.294s
5091/8070 SUCCESS F2/F10 4UDW WBABMFHWOJEJNP-UHFFFAOYSA-N seed17 305.484s
5092/8070 SUCCESS F2/F10 4UDW WBABMFHWOJEJNP-UHFFFAOYSA-N seed29 310.651s
5093/8070 SUCCESS F2/F10 4UDW WBABMFHWOJEJNP-UHFFFAOYSA-N seed42 311.456s
5094/8070 SUCCESS F2/F10 4UDW WBABMFHWOJEJNP-UHFFFAOYSA-N seed71 305.184s
5095/8070 SUCCESS F2/F10 4UDW WBABMFHWOJEJNP-UHFFFAOYSA-N seed101 307.402s
5096/8070 SUCCESS F2/F10 2JKH WBABMFHWOJEJNP-UHFFFAOYSA-N seed17 315.648s
5097/8070 SUCCESS F2/F10 4UDW FTZLMZGSZMKQFI-UHFFFAOYSA-N seed17 92.073s
5098/8070 SUCCESS F2/F10 4UDW FTZLMZGSZMKQFI-UHFFFAOYSA-N seed29 90.547s
5099/8070 SUCCESS F2/F10 4UDW FTZLMZGSZMKQFI-UHFFFAOYSA-N seed42 92.688s
5100/8070 SUCCESS F2/F10 4UDW FTZLMZGSZMKQFI-UHFFFAOYSA-N seed71 93.026s
5101/8070 SUCCESS F2/F10 2JKH WBABMFHWOJEJNP-UHFFFAOYSA-N seed29 316.338s
5102/8070 SUCCESS F2/F10 2JKH WBABMFHWOJEJNP-UHFFFAOYSA-N seed42 319.309s
5103/8070 SUCCESS F2/F10 4UDW FTZLMZGSZMKQFI-UHFFFAOYSA-N seed101 93.376s
5104/8070 SUCCESS F2/F10 2JKH FTZLMZGSZMKQFI-UHFFFAOYSA-N seed17 97.25s
5105/8070 SUCCESS F2/F10 2JKH WBABMFHWOJEJNP-UHFFFAOYSA-N seed71 317.675s
5106/8070 SUCCESS F2/F10 2JKH WBABMFHWOJEJNP-UHFFFAOYSA-N seed101 316.92s
5107/8070 SUCCESS F2/F10 2JKH FTZLMZGSZMKQFI-UHFFFAOYSA-N seed29 98.714s
5108/8070 SUCCESS F2/F10 2JKH FTZLMZGSZMKQFI-UHFFFAOYSA-N seed42 98.766s
5109/8070 SUCCESS F2/F10 2JKH FTZLMZGSZMKQFI-UHFFFAOYSA-N seed71 99.842s
5110/8070 SUCCESS F2/F10 2JKH FTZLMZGSZMKQFI-UHFFFAOYSA-N seed101 100.262s
5111/8070 SUCCESS F2/F10 4UDW AINQVQKSQFDZMT-HMMYKYKNSA-N seed17 314.346s
5112/8070 SUCCESS F2/F10 4UDW AINQVQKSQFDZMT-HMMYKYKNSA-N seed29 328.632s
5113/8070 SUCCESS F2/F10 2JKH AINQVQKSQFDZMT-HMMYKYKNSA-N seed17 255.98s
5114/8070 SUCCESS F2/F10 4UDW AINQVQKSQFDZMT-HMMYKYKNSA-N seed42 326.545s
5115/8070 SUCCESS F2/F10 4UDW AINQVQKSQFDZMT-HMMYKYKNSA-N seed71 315.132s
5116/8070 SUCCESS F2/F10 4UDW AINQVQKSQFDZMT-HMMYKYKNSA-N seed101 321.375s
5117/8070 SUCCESS F2/F10 4UDW JUULPGRZJRAQOQ-UHFFFAOYSA-N seed17 123.934s
5118/8070 SUCCESS F2/F10 4UDW JUULPGRZJRAQOQ-UHFFFAOYSA-N seed29 122.611s
5119/8070 SUCCESS F2/F10 2JKH AINQVQKSQFDZMT-HMMYKYKNSA-N seed29 256.784s
5120/8070 SUCCESS F2/F10 2JKH AINQVQKSQFDZMT-HMMYKYKNSA-N seed42 257.941s
5121/8070 SUCCESS F2/F10 2JKH AINQVQKSQFDZMT-HMMYKYKNSA-N seed71 255.066s
5122/8070 SUCCESS F2/F10 2JKH AINQVQKSQFDZMT-HMMYKYKNSA-N seed101 250.306s
5123/8070 SUCCESS F2/F10 4UDW JUULPGRZJRAQOQ-UHFFFAOYSA-N seed42 123.012s
5124/8070 SUCCESS F2/F10 4UDW JUULPGRZJRAQOQ-UHFFFAOYSA-N seed71 121.448s
5125/8070 SUCCESS F2/F10 4UDW JUULPGRZJRAQOQ-UHFFFAOYSA-N seed101 120.484s
5126/8070 SUCCESS F2/F10 2JKH JUULPGRZJRAQOQ-UHFFFAOYSA-N seed17 115.399s
5127/8070 SUCCESS F2/F10 2JKH JUULPGRZJRAQOQ-UHFFFAOYSA-N seed29 114.757s
5128/8070 SUCCESS F2/F10 2JKH JUULPGRZJRAQOQ-UHFFFAOYSA-N seed71 114.919s
5129/8070 SUCCESS F2/F10 2JKH JUULPGRZJRAQOQ-UHFFFAOYSA-N seed42 117.708s
5130/8070 SUCCESS F2/F10 2JKH JUULPGRZJRAQOQ-UHFFFAOYSA-N seed101 118.158s
5131/8070 SUCCESS F2/F10 4UDW VMOIYDCLDVVDJV-UHFFFAOYSA-N seed17 378.06s
5132/8070 SUCCESS F2/F10 4UDW VMOIYDCLDVVDJV-UHFFFAOYSA-N seed29 383.176s
5133/8070 SUCCESS F2/F10 4UDW VMOIYDCLDVVDJV-UHFFFAOYSA-N seed42 386.692s
5134/8070 SUCCESS F2/F10 4UDW VMOIYDCLDVVDJV-UHFFFAOYSA-N seed101 376.492s
5135/8070 SUCCESS F2/F10 4UDW VMOIYDCLDVVDJV-UHFFFAOYSA-N seed71 386.465s
5136/8070 SUCCESS F2/F10 2JKH VMOIYDCLDVVDJV-UHFFFAOYSA-N seed17 386.293s
5137/8070 SUCCESS F2/F10 4UDW IJULQVPTGWFUIR-UHFFFAOYSA-N seed17 103.194s
5138/8070 SUCCESS F2/F10 4UDW IJULQVPTGWFUIR-UHFFFAOYSA-N seed29 103.566s
5139/8070 SUCCESS F2/F10 4UDW IJULQVPTGWFUIR-UHFFFAOYSA-N seed42 102.146s
5140/8070 SUCCESS F2/F10 4UDW IJULQVPTGWFUIR-UHFFFAOYSA-N seed71 98.896s
5141/8070 SUCCESS F2/F10 4UDW IJULQVPTGWFUIR-UHFFFAOYSA-N seed101 95.402s
5142/8070 SUCCESS F2/F10 2JKH VMOIYDCLDVVDJV-UHFFFAOYSA-N seed29 380.04s
5143/8070 SUCCESS F2/F10 2JKH IJULQVPTGWFUIR-UHFFFAOYSA-N seed17 109.917s
5144/8070 SUCCESS F2/F10 2JKH VMOIYDCLDVVDJV-UHFFFAOYSA-N seed42 382.245s
5145/8070 SUCCESS F2/F10 2JKH VMOIYDCLDVVDJV-UHFFFAOYSA-N seed71 376.545s
5146/8070 SUCCESS F2/F10 2JKH VMOIYDCLDVVDJV-UHFFFAOYSA-N seed101 377.686s
5147/8070 SUCCESS F2/F10 2JKH IJULQVPTGWFUIR-UHFFFAOYSA-N seed29 111.272s
5148/8070 SUCCESS F2/F10 2JKH IJULQVPTGWFUIR-UHFFFAOYSA-N seed42 108.202s
5149/8070 SUCCESS F2/F10 2JKH IJULQVPTGWFUIR-UHFFFAOYSA-N seed71 108.712s
5150/8070 SUCCESS F2/F10 2JKH IJULQVPTGWFUIR-UHFFFAOYSA-N seed101 107.88s
5151/8070 SUCCESS F2/F10 4UDW VDJZDGBZCZVZJP-UHFFFAOYSA-N seed17 200.903s
5152/8070 SUCCESS F2/F10 4UDW VDJZDGBZCZVZJP-UHFFFAOYSA-N seed29 205.269s
5153/8070 SUCCESS F2/F10 4UDW VDJZDGBZCZVZJP-UHFFFAOYSA-N seed42 204.528s
5154/8070 SUCCESS F2/F10 4UDW VDJZDGBZCZVZJP-UHFFFAOYSA-N seed71 209.372s
5155/8070 SUCCESS F2/F10 4UDW VDJZDGBZCZVZJP-UHFFFAOYSA-N seed101 212.557s
5156/8070 SUCCESS F2/F10 2JKH VDJZDGBZCZVZJP-UHFFFAOYSA-N seed17 214.303s
5157/8070 SUCCESS F2/F10 2JKH VDJZDGBZCZVZJP-UHFFFAOYSA-N seed29 212.602s
5158/8070 SUCCESS F2/F10 2JKH VDJZDGBZCZVZJP-UHFFFAOYSA-N seed42 211.181s
5159/8070 SUCCESS F2/F10 2JKH VDJZDGBZCZVZJP-UHFFFAOYSA-N seed71 212.196s
5160/8070 SUCCESS F2/F10 2JKH VDJZDGBZCZVZJP-UHFFFAOYSA-N seed101 211.406s
5161/8070 SUCCESS F2/F10 4UDW KPACBFJTZSMBKD-OAQYLSRUSA-N seed29 264.529s
5162/8070 SUCCESS F2/F10 4UDW KPACBFJTZSMBKD-OAQYLSRUSA-N seed17 286.369s
5163/8070 SUCCESS F2/F10 4UDW KPACBFJTZSMBKD-OAQYLSRUSA-N seed42 268.247s
5164/8070 SUCCESS F2/F10 4UDW KPACBFJTZSMBKD-OAQYLSRUSA-N seed71 261.683s
5165/8070 SUCCESS F2/F10 2JKH KPACBFJTZSMBKD-OAQYLSRUSA-N seed17 227.999s
5166/8070 SUCCESS F2/F10 4UDW KPACBFJTZSMBKD-OAQYLSRUSA-N seed101 267.686s
5167/8070 SUCCESS F2/F10 2JKH KPACBFJTZSMBKD-OAQYLSRUSA-N seed29 231.316s
5168/8070 SUCCESS F2/F10 2JKH KPACBFJTZSMBKD-OAQYLSRUSA-N seed42 232.649s
5169/8070 SUCCESS F2/F10 2JKH KPACBFJTZSMBKD-OAQYLSRUSA-N seed101 230.537s
5170/8070 SUCCESS F2/F10 2JKH KPACBFJTZSMBKD-OAQYLSRUSA-N seed71 234.351s
5171/8070 SUCCESS F2/F10 4UDW XZNCKJGAEMMGKU-BOOFMNMKSA-N seed17 609.745s
5172/8070 SUCCESS F2/F10 4UDW XZNCKJGAEMMGKU-BOOFMNMKSA-N seed29 625.185s
5173/8070 SUCCESS F2/F10 4UDW XZNCKJGAEMMGKU-BOOFMNMKSA-N seed42 634.802s
5174/8070 SUCCESS F2/F10 2JKH XZNCKJGAEMMGKU-BOOFMNMKSA-N seed17 530.422s
5175/8070 SUCCESS F2/F10 4UDW XZNCKJGAEMMGKU-BOOFMNMKSA-N seed71 643.77s
5176/8070 SUCCESS F2/F10 4UDW YMOFSDWBUFAIRB-UHFFFAOYSA-N seed17 61.234s
5177/8070 SUCCESS F2/F10 4UDW XZNCKJGAEMMGKU-BOOFMNMKSA-N seed101 626.809s
5178/8070 SUCCESS F2/F10 4UDW YMOFSDWBUFAIRB-UHFFFAOYSA-N seed29 59.865s
5179/8070 SUCCESS F2/F10 4UDW YMOFSDWBUFAIRB-UHFFFAOYSA-N seed42 59.782s
5180/8070 SUCCESS F2/F10 4UDW YMOFSDWBUFAIRB-UHFFFAOYSA-N seed71 59.876s
5181/8070 SUCCESS F2/F10 4UDW YMOFSDWBUFAIRB-UHFFFAOYSA-N seed101 59.69s
5182/8070 SUCCESS F2/F10 2JKH YMOFSDWBUFAIRB-UHFFFAOYSA-N seed17 59.523s
5183/8070 SUCCESS F2/F10 2JKH YMOFSDWBUFAIRB-UHFFFAOYSA-N seed29 59.994s
5184/8070 SUCCESS F2/F10 2JKH YMOFSDWBUFAIRB-UHFFFAOYSA-N seed42 60.271s
5185/8070 SUCCESS F2/F10 2JKH YMOFSDWBUFAIRB-UHFFFAOYSA-N seed71 60.248s
5186/8070 SUCCESS F2/F10 2JKH YMOFSDWBUFAIRB-UHFFFAOYSA-N seed101 59.95s
5187/8070 SUCCESS F2/F10 2JKH XZNCKJGAEMMGKU-BOOFMNMKSA-N seed42 512.718s
5188/8070 SUCCESS F2/F10 2JKH XZNCKJGAEMMGKU-BOOFMNMKSA-N seed29 536.547s
5189/8070 SUCCESS F2/F10 4UDW LAUGVCLUYPMNEP-UHFFFAOYSA-N seed17 184.906s
5190/8070 SUCCESS F2/F10 2JKH XZNCKJGAEMMGKU-BOOFMNMKSA-N seed101 522.201s
5191/8070 SUCCESS F2/F10 2JKH XZNCKJGAEMMGKU-BOOFMNMKSA-N seed71 528.478s
5192/8070 SUCCESS F2/F10 4UDW LAUGVCLUYPMNEP-UHFFFAOYSA-N seed29 191.568s
5193/8070 SUCCESS F2/F10 4UDW LAUGVCLUYPMNEP-UHFFFAOYSA-N seed71 178.432s
5194/8070 SUCCESS F2/F10 4UDW LAUGVCLUYPMNEP-UHFFFAOYSA-N seed42 186.838s
5195/8070 SUCCESS F2/F10 4UDW LAUGVCLUYPMNEP-UHFFFAOYSA-N seed101 178.049s
5196/8070 SUCCESS F2/F10 2JKH LAUGVCLUYPMNEP-UHFFFAOYSA-N seed17 177.429s
5197/8070 SUCCESS F2/F10 2JKH LAUGVCLUYPMNEP-UHFFFAOYSA-N seed29 180.758s
5198/8070 SUCCESS F2/F10 2JKH LAUGVCLUYPMNEP-UHFFFAOYSA-N seed42 180.278s
5199/8070 SUCCESS F2/F10 2JKH LAUGVCLUYPMNEP-UHFFFAOYSA-N seed71 178.42s
5200/8070 SUCCESS F2/F10 2JKH LAUGVCLUYPMNEP-UHFFFAOYSA-N seed101 178.281s
5201/8070 SUCCESS F2/F10 4UDW IGNSBDLQAZHCTR-UHFFFAOYSA-N seed29 235.701s
5202/8070 SUCCESS F2/F10 4UDW IGNSBDLQAZHCTR-UHFFFAOYSA-N seed17 244.091s
5203/8070 SUCCESS F2/F10 4UDW IGNSBDLQAZHCTR-UHFFFAOYSA-N seed42 239.176s
5204/8070 SUCCESS F2/F10 4UDW IGNSBDLQAZHCTR-UHFFFAOYSA-N seed71 236.153s
5205/8070 SUCCESS F2/F10 2JKH IGNSBDLQAZHCTR-UHFFFAOYSA-N seed17 228.343s
5206/8070 SUCCESS F2/F10 4UDW IGNSBDLQAZHCTR-UHFFFAOYSA-N seed101 240.032s
5207/8070 SUCCESS F2/F10 2JKH IGNSBDLQAZHCTR-UHFFFAOYSA-N seed29 227.601s
5208/8070 SUCCESS F2/F10 2JKH IGNSBDLQAZHCTR-UHFFFAOYSA-N seed42 233.465s
5209/8070 SUCCESS F2/F10 2JKH IGNSBDLQAZHCTR-UHFFFAOYSA-N seed71 233.597s
5210/8070 SUCCESS F2/F10 2JKH IGNSBDLQAZHCTR-UHFFFAOYSA-N seed101 232.294s
5211/8070 SUCCESS F2/F10 4UDW BRDWSYKDGOVQJG-UHFFFAOYSA-N seed17 247.47s
5212/8070 SUCCESS F2/F10 4UDW BRDWSYKDGOVQJG-UHFFFAOYSA-N seed29 244.361s
5213/8070 SUCCESS F2/F10 4UDW BRDWSYKDGOVQJG-UHFFFAOYSA-N seed42 235.045s
5214/8070 SUCCESS F2/F10 4UDW BRDWSYKDGOVQJG-UHFFFAOYSA-N seed71 235.914s
5215/8070 SUCCESS F2/F10 2JKH BRDWSYKDGOVQJG-UHFFFAOYSA-N seed17 213.592s
5216/8070 SUCCESS F2/F10 4UDW BRDWSYKDGOVQJG-UHFFFAOYSA-N seed101 257.805s
5217/8070 SUCCESS F2/F10 2JKH BRDWSYKDGOVQJG-UHFFFAOYSA-N seed29 218.106s
5218/8070 SUCCESS F2/F10 2JKH BRDWSYKDGOVQJG-UHFFFAOYSA-N seed42 219.594s
5219/8070 SUCCESS F2/F10 2JKH BRDWSYKDGOVQJG-UHFFFAOYSA-N seed71 216.305s
5220/8070 SUCCESS F2/F10 2JKH BRDWSYKDGOVQJG-UHFFFAOYSA-N seed101 212.382s
5221/8070 SUCCESS F2/F10 4UDW WVAOHMVBVSDJQO-UHFFFAOYSA-N seed17 226.002s
5222/8070 SUCCESS F2/F10 4UDW WVAOHMVBVSDJQO-UHFFFAOYSA-N seed29 227.472s
5223/8070 SUCCESS F2/F10 4UDW WVAOHMVBVSDJQO-UHFFFAOYSA-N seed42 228.533s
5224/8070 SUCCESS F2/F10 4UDW WVAOHMVBVSDJQO-UHFFFAOYSA-N seed71 227.568s
5225/8070 SUCCESS F2/F10 4UDW WVAOHMVBVSDJQO-UHFFFAOYSA-N seed101 227.47s
5226/8070 SUCCESS F2/F10 2JKH WVAOHMVBVSDJQO-UHFFFAOYSA-N seed17 220.919s
5227/8070 SUCCESS F2/F10 2JKH WVAOHMVBVSDJQO-UHFFFAOYSA-N seed29 223.288s
5228/8070 SUCCESS F2/F10 2JKH WVAOHMVBVSDJQO-UHFFFAOYSA-N seed42 223.686s
5229/8070 SUCCESS F2/F10 2JKH WVAOHMVBVSDJQO-UHFFFAOYSA-N seed71 224.353s
5230/8070 SUCCESS F2/F10 2JKH WVAOHMVBVSDJQO-UHFFFAOYSA-N seed101 227.342s
5231/8070 SUCCESS F2/F10 4UDW PQJGWYQPOHCEDO-ZDUSSCGKSA-N seed17 109.776s
5232/8070 SUCCESS F2/F10 4UDW PQJGWYQPOHCEDO-ZDUSSCGKSA-N seed29 111.393s
5233/8070 SUCCESS F2/F10 4UDW PQJGWYQPOHCEDO-ZDUSSCGKSA-N seed42 109.856s
5234/8070 SUCCESS F2/F10 4UDW PQJGWYQPOHCEDO-ZDUSSCGKSA-N seed71 111.256s
5235/8070 SUCCESS F2/F10 4UDW PQJGWYQPOHCEDO-ZDUSSCGKSA-N seed101 111.967s
5236/8070 SUCCESS F2/F10 2JKH PQJGWYQPOHCEDO-ZDUSSCGKSA-N seed17 111.263s
5237/8070 SUCCESS F2/F10 2JKH PQJGWYQPOHCEDO-ZDUSSCGKSA-N seed29 110.452s
5238/8070 SUCCESS F2/F10 2JKH PQJGWYQPOHCEDO-ZDUSSCGKSA-N seed42 111.211s
5239/8070 SUCCESS F2/F10 2JKH PQJGWYQPOHCEDO-ZDUSSCGKSA-N seed71 111.151s
5240/8070 SUCCESS F2/F10 2JKH PQJGWYQPOHCEDO-ZDUSSCGKSA-N seed101 110.39s
5241/8070 SUCCESS F2/F10 4UDW MVAZUTSKLWJRFY-UHFFFAOYSA-N seed17 116.751s
5242/8070 SUCCESS F2/F10 4UDW MVAZUTSKLWJRFY-UHFFFAOYSA-N seed29 119.698s
5243/8070 SUCCESS F2/F10 4UDW MVAZUTSKLWJRFY-UHFFFAOYSA-N seed71 115.545s
5244/8070 SUCCESS F2/F10 4UDW MVAZUTSKLWJRFY-UHFFFAOYSA-N seed42 127.302s
5245/8070 SUCCESS F2/F10 2JKH MVAZUTSKLWJRFY-UHFFFAOYSA-N seed17 102.322s
5246/8070 SUCCESS F2/F10 4UDW MVAZUTSKLWJRFY-UHFFFAOYSA-N seed101 113.38s
5247/8070 SUCCESS F2/F10 2JKH MVAZUTSKLWJRFY-UHFFFAOYSA-N seed29 103.353s
5248/8070 SUCCESS F2/F10 2JKH MVAZUTSKLWJRFY-UHFFFAOYSA-N seed42 104.261s
5249/8070 SUCCESS F2/F10 2JKH MVAZUTSKLWJRFY-UHFFFAOYSA-N seed71 105.661s
5250/8070 SUCCESS F2/F10 2JKH MVAZUTSKLWJRFY-UHFFFAOYSA-N seed101 103.659s
5251/8070 SUCCESS F2/F10 4UDW IPFYCMPFMMRMFR-UHFFFAOYSA-N seed17 241.879s
5252/8070 SUCCESS F2/F10 4UDW IPFYCMPFMMRMFR-UHFFFAOYSA-N seed29 242.895s
5253/8070 SUCCESS F2/F10 2JKH IPFYCMPFMMRMFR-UHFFFAOYSA-N seed17 199.905s
5254/8070 SUCCESS F2/F10 4UDW IPFYCMPFMMRMFR-UHFFFAOYSA-N seed71 244.866s
5255/8070 SUCCESS F2/F10 4UDW IPFYCMPFMMRMFR-UHFFFAOYSA-N seed42 255.056s
5256/8070 SUCCESS F2/F10 4UDW IPFYCMPFMMRMFR-UHFFFAOYSA-N seed101 258.071s
5257/8070 SUCCESS F2/F10 2JKH IPFYCMPFMMRMFR-UHFFFAOYSA-N seed29 200.974s
5258/8070 SUCCESS F2/F10 2JKH IPFYCMPFMMRMFR-UHFFFAOYSA-N seed42 209.791s
5259/8070 SUCCESS F2/F10 2JKH IPFYCMPFMMRMFR-UHFFFAOYSA-N seed71 201.163s
5260/8070 SUCCESS F2/F10 2JKH IPFYCMPFMMRMFR-UHFFFAOYSA-N seed101 203.794s
5261/8070 SUCCESS F2/F10 4UDW FKIDKZHGPZRWGT-HMTLIYDFSA-N seed17 223.03s
5262/8070 SUCCESS F2/F10 4UDW FKIDKZHGPZRWGT-HMTLIYDFSA-N seed29 226.88s
5263/8070 SUCCESS F2/F10 4UDW FKIDKZHGPZRWGT-HMTLIYDFSA-N seed42 228.182s
5264/8070 SUCCESS F2/F10 4UDW FKIDKZHGPZRWGT-HMTLIYDFSA-N seed71 228.294s
5265/8070 SUCCESS F2/F10 4UDW FKIDKZHGPZRWGT-HMTLIYDFSA-N seed101 229.455s
5266/8070 SUCCESS F2/F10 2JKH FKIDKZHGPZRWGT-HMTLIYDFSA-N seed17 201.012s
5267/8070 SUCCESS F2/F10 2JKH FKIDKZHGPZRWGT-HMTLIYDFSA-N seed29 204.743s
5268/8070 SUCCESS F2/F10 2JKH FKIDKZHGPZRWGT-HMTLIYDFSA-N seed42 201.699s
5269/8070 SUCCESS F2/F10 2JKH FKIDKZHGPZRWGT-HMTLIYDFSA-N seed71 201.959s
5270/8070 SUCCESS F2/F10 2JKH FKIDKZHGPZRWGT-HMTLIYDFSA-N seed101 200.95s
5271/8070 SUCCESS F2/F10 4UDW SYSYKLZQEKYYOI-RBUKOAKNSA-N seed17 498.274s
5272/8070 SUCCESS F2/F10 4UDW SYSYKLZQEKYYOI-RBUKOAKNSA-N seed29 510.584s
5273/8070 SUCCESS F2/F10 4UDW SYSYKLZQEKYYOI-RBUKOAKNSA-N seed42 497.184s
5274/8070 SUCCESS F2/F10 4UDW SYSYKLZQEKYYOI-RBUKOAKNSA-N seed71 500.58s
5275/8070 SUCCESS F2/F10 2JKH SYSYKLZQEKYYOI-RBUKOAKNSA-N seed17 442.61s
5276/8070 SUCCESS F2/F10 4UDW SYSYKLZQEKYYOI-RBUKOAKNSA-N seed101 499.368s
5277/8070 SUCCESS F2/F10 4UDW FKTIPOLHKSMAHY-UHFFFAOYSA-N seed17 160.877s
5278/8070 SUCCESS F2/F10 4UDW FKTIPOLHKSMAHY-UHFFFAOYSA-N seed29 161.52s
5279/8070 SUCCESS F2/F10 4UDW FKTIPOLHKSMAHY-UHFFFAOYSA-N seed42 158.065s
5280/8070 SUCCESS F2/F10 2JKH SYSYKLZQEKYYOI-RBUKOAKNSA-N seed29 439.499s
5281/8070 SUCCESS F2/F10 2JKH SYSYKLZQEKYYOI-RBUKOAKNSA-N seed42 440.314s
5282/8070 SUCCESS F2/F10 2JKH SYSYKLZQEKYYOI-RBUKOAKNSA-N seed71 448.275s
5283/8070 SUCCESS F2/F10 4UDW FKTIPOLHKSMAHY-UHFFFAOYSA-N seed71 158.654s
5284/8070 SUCCESS F2/F10 2JKH SYSYKLZQEKYYOI-RBUKOAKNSA-N seed101 444.56s
5285/8070 SUCCESS F2/F10 2JKH FKTIPOLHKSMAHY-UHFFFAOYSA-N seed17 156.705s
5286/8070 SUCCESS F2/F10 4UDW FKTIPOLHKSMAHY-UHFFFAOYSA-N seed101 157.206s
5287/8070 SUCCESS F2/F10 2JKH FKTIPOLHKSMAHY-UHFFFAOYSA-N seed29 157.31s
5288/8070 SUCCESS F2/F10 2JKH FKTIPOLHKSMAHY-UHFFFAOYSA-N seed42 158.144s
5289/8070 SUCCESS F2/F10 2JKH FKTIPOLHKSMAHY-UHFFFAOYSA-N seed71 156.064s
5290/8070 SUCCESS F2/F10 2JKH FKTIPOLHKSMAHY-UHFFFAOYSA-N seed101 155.824s
5291/8070 SUCCESS F2/F10 4UDW GLMPXCWPQNWBLX-UHFFFAOYSA-N seed17 163.686s
5292/8070 SUCCESS F2/F10 4UDW GLMPXCWPQNWBLX-UHFFFAOYSA-N seed29 170.079s
5293/8070 SUCCESS F2/F10 4UDW GLMPXCWPQNWBLX-UHFFFAOYSA-N seed42 164.568s
5294/8070 SUCCESS F2/F10 4UDW GLMPXCWPQNWBLX-UHFFFAOYSA-N seed71 166.592s
5295/8070 SUCCESS F2/F10 4UDW GLMPXCWPQNWBLX-UHFFFAOYSA-N seed101 164.963s
5296/8070 SUCCESS F2/F10 2JKH GLMPXCWPQNWBLX-UHFFFAOYSA-N seed17 151.011s
5297/8070 SUCCESS F2/F10 2JKH GLMPXCWPQNWBLX-UHFFFAOYSA-N seed29 153.95s
5298/8070 SUCCESS F2/F10 2JKH GLMPXCWPQNWBLX-UHFFFAOYSA-N seed42 153.86s
5299/8070 SUCCESS F2/F10 2JKH GLMPXCWPQNWBLX-UHFFFAOYSA-N seed71 153.657s
5300/8070 SUCCESS F2/F10 2JKH GLMPXCWPQNWBLX-UHFFFAOYSA-N seed101 153.065s
5301/8070 SUCCESS F2/F10 4UDW OREKERSNHHDONJ-UHFFFAOYSA-N seed29 218.657s
5302/8070 SUCCESS F2/F10 4UDW OREKERSNHHDONJ-UHFFFAOYSA-N seed17 225.468s
5303/8070 SUCCESS F2/F10 4UDW OREKERSNHHDONJ-UHFFFAOYSA-N seed42 226.682s
5304/8070 SUCCESS F2/F10 4UDW OREKERSNHHDONJ-UHFFFAOYSA-N seed71 222.395s
5305/8070 SUCCESS F2/F10 4UDW OREKERSNHHDONJ-UHFFFAOYSA-N seed101 225.202s
5306/8070 SUCCESS F2/F10 2JKH OREKERSNHHDONJ-UHFFFAOYSA-N seed17 228.583s
5307/8070 SUCCESS F2/F10 4UDW YRDJOOUTTZXUCV-UHFFFAOYSA-N seed17 73.089s
5308/8070 SUCCESS F2/F10 2JKH OREKERSNHHDONJ-UHFFFAOYSA-N seed29 228.018s
5309/8070 SUCCESS F2/F10 4UDW YRDJOOUTTZXUCV-UHFFFAOYSA-N seed29 74.893s
5310/8070 SUCCESS F2/F10 2JKH OREKERSNHHDONJ-UHFFFAOYSA-N seed42 230.022s
5311/8070 SUCCESS F2/F10 4UDW YRDJOOUTTZXUCV-UHFFFAOYSA-N seed42 71.832s
5312/8070 SUCCESS F2/F10 4UDW YRDJOOUTTZXUCV-UHFFFAOYSA-N seed71 71.581s
5313/8070 SUCCESS F2/F10 4UDW YRDJOOUTTZXUCV-UHFFFAOYSA-N seed101 71.409s
5314/8070 SUCCESS F2/F10 2JKH YRDJOOUTTZXUCV-UHFFFAOYSA-N seed17 78.232s
5315/8070 SUCCESS F2/F10 2JKH OREKERSNHHDONJ-UHFFFAOYSA-N seed71 223.318s
5316/8070 SUCCESS F2/F10 2JKH OREKERSNHHDONJ-UHFFFAOYSA-N seed101 224.667s
5317/8070 SUCCESS F2/F10 2JKH YRDJOOUTTZXUCV-UHFFFAOYSA-N seed29 77.771s
5318/8070 SUCCESS F2/F10 2JKH YRDJOOUTTZXUCV-UHFFFAOYSA-N seed42 76.995s
5319/8070 SUCCESS F2/F10 2JKH YRDJOOUTTZXUCV-UHFFFAOYSA-N seed71 76.72s
5320/8070 SUCCESS F2/F10 2JKH YRDJOOUTTZXUCV-UHFFFAOYSA-N seed101 76.771s
5321/8070 SUCCESS F2/F10 4UDW YPEJQZNLCKSDCY-ZWKOTPCHSA-N seed17 155.676s
5322/8070 SUCCESS F2/F10 4UDW YPEJQZNLCKSDCY-ZWKOTPCHSA-N seed29 155.978s
5323/8070 SUCCESS F2/F10 4UDW YPEJQZNLCKSDCY-ZWKOTPCHSA-N seed42 152.71s
5324/8070 SUCCESS F2/F10 2JKH YPEJQZNLCKSDCY-ZWKOTPCHSA-N seed17 130.635s
5325/8070 SUCCESS F2/F10 4UDW YPEJQZNLCKSDCY-ZWKOTPCHSA-N seed71 152.918s
5326/8070 SUCCESS F2/F10 4UDW YPEJQZNLCKSDCY-ZWKOTPCHSA-N seed101 154.426s
5327/8070 SUCCESS F2/F10 2JKH YPEJQZNLCKSDCY-ZWKOTPCHSA-N seed29 132.275s
5328/8070 SUCCESS F2/F10 2JKH YPEJQZNLCKSDCY-ZWKOTPCHSA-N seed42 130.612s
5329/8070 SUCCESS F2/F10 2JKH YPEJQZNLCKSDCY-ZWKOTPCHSA-N seed71 130.505s
5330/8070 SUCCESS F2/F10 2JKH YPEJQZNLCKSDCY-ZWKOTPCHSA-N seed101 132.882s
5331/8070 SUCCESS F2/F10 4UDW SZBGAKRKURPQNJ-UHFFFAOYSA-N seed17 328.416s
5332/8070 SUCCESS F2/F10 4UDW SZBGAKRKURPQNJ-UHFFFAOYSA-N seed29 331.178s
5333/8070 SUCCESS F2/F10 2JKH SZBGAKRKURPQNJ-UHFFFAOYSA-N seed17 287.974s
5334/8070 SUCCESS F2/F10 4UDW SZBGAKRKURPQNJ-UHFFFAOYSA-N seed71 328.534s
5335/8070 SUCCESS F2/F10 4UDW SZBGAKRKURPQNJ-UHFFFAOYSA-N seed42 330.776s
5336/8070 SUCCESS F2/F10 4UDW SZBGAKRKURPQNJ-UHFFFAOYSA-N seed101 328.897s
5337/8070 SUCCESS F2/F10 2JKH SZBGAKRKURPQNJ-UHFFFAOYSA-N seed29 285.899s
5338/8070 SUCCESS F2/F10 2JKH SZBGAKRKURPQNJ-UHFFFAOYSA-N seed42 290.189s
5339/8070 SUCCESS F2/F10 4UDW AFBKMCYUMVDUEH-UHFFFAOYSA-N seed17 233.232s
5340/8070 SUCCESS F2/F10 4UDW AFBKMCYUMVDUEH-UHFFFAOYSA-N seed29 229.034s
5341/8070 SUCCESS F2/F10 2JKH SZBGAKRKURPQNJ-UHFFFAOYSA-N seed71 283.438s
5342/8070 SUCCESS F2/F10 2JKH SZBGAKRKURPQNJ-UHFFFAOYSA-N seed101 283.087s
5343/8070 SUCCESS F2/F10 4UDW AFBKMCYUMVDUEH-UHFFFAOYSA-N seed42 222.193s
5344/8070 SUCCESS F2/F10 4UDW AFBKMCYUMVDUEH-UHFFFAOYSA-N seed71 224.634s
5345/8070 SUCCESS F2/F10 2JKH AFBKMCYUMVDUEH-UHFFFAOYSA-N seed17 213.63s
5346/8070 SUCCESS F2/F10 4UDW AFBKMCYUMVDUEH-UHFFFAOYSA-N seed101 219.637s
5347/8070 SUCCESS F2/F10 2JKH AFBKMCYUMVDUEH-UHFFFAOYSA-N seed29 211.649s
5348/8070 SUCCESS F2/F10 2JKH AFBKMCYUMVDUEH-UHFFFAOYSA-N seed42 212.841s
5349/8070 SUCCESS F2/F10 4UDW JZCHSDMDWRLIOG-OPAMFIHVSA-N seed17 144.655s
5350/8070 SUCCESS F2/F10 4UDW JZCHSDMDWRLIOG-OPAMFIHVSA-N seed29 145.057s
5351/8070 SUCCESS F2/F10 2JKH AFBKMCYUMVDUEH-UHFFFAOYSA-N seed71 213.675s
5352/8070 SUCCESS F2/F10 4UDW JZCHSDMDWRLIOG-OPAMFIHVSA-N seed42 145.214s
5353/8070 SUCCESS F2/F10 4UDW JZCHSDMDWRLIOG-OPAMFIHVSA-N seed71 146.123s
5354/8070 SUCCESS F2/F10 2JKH AFBKMCYUMVDUEH-UHFFFAOYSA-N seed101 225.059s
5355/8070 SUCCESS F2/F10 4UDW JZCHSDMDWRLIOG-OPAMFIHVSA-N seed101 146.522s
5356/8070 SUCCESS F2/F10 2JKH JZCHSDMDWRLIOG-OPAMFIHVSA-N seed17 148.67s
5357/8070 SUCCESS F2/F10 2JKH JZCHSDMDWRLIOG-OPAMFIHVSA-N seed29 148.839s
5358/8070 SUCCESS F2/F10 2JKH JZCHSDMDWRLIOG-OPAMFIHVSA-N seed42 147.592s
5359/8070 SUCCESS F2/F10 2JKH JZCHSDMDWRLIOG-OPAMFIHVSA-N seed71 148.464s
5360/8070 SUCCESS F2/F10 2JKH JZCHSDMDWRLIOG-OPAMFIHVSA-N seed101 150.069s
5361/8070 SUCCESS F2/F10 2JKH JVSRYBVSQFIXMI-YTCPBCGMSA-N seed17 811.081s
5362/8070 SUCCESS F2/F10 4UDW JVSRYBVSQFIXMI-YTCPBCGMSA-N seed42 1079.063s
5363/8070 SUCCESS F2/F10 4UDW JVSRYBVSQFIXMI-YTCPBCGMSA-N seed17 1134.821s
5364/8070 SUCCESS F2/F10 4UDW JVSRYBVSQFIXMI-YTCPBCGMSA-N seed101 1098.872s
5365/8070 SUCCESS F2/F10 4UDW JVSRYBVSQFIXMI-YTCPBCGMSA-N seed29 1143.075s
5366/8070 SUCCESS F2/F10 4UDW JVSRYBVSQFIXMI-YTCPBCGMSA-N seed71 1123.483s
5367/8070 SUCCESS F2/F10 4UDW JRBPESDUWUDPLN-UHFFFAOYSA-N seed17 139.4s
5368/8070 SUCCESS F2/F10 4UDW JRBPESDUWUDPLN-UHFFFAOYSA-N seed29 142.834s
5369/8070 SUCCESS F2/F10 4UDW JRBPESDUWUDPLN-UHFFFAOYSA-N seed42 141.149s
5370/8070 SUCCESS F2/F10 4UDW JRBPESDUWUDPLN-UHFFFAOYSA-N seed71 140.333s
5371/8070 SUCCESS F2/F10 4UDW JRBPESDUWUDPLN-UHFFFAOYSA-N seed101 138.144s
5372/8070 SUCCESS F2/F10 2JKH JRBPESDUWUDPLN-UHFFFAOYSA-N seed17 141.278s
5373/8070 SUCCESS F2/F10 2JKH JVSRYBVSQFIXMI-YTCPBCGMSA-N seed29 771.909s
5374/8070 SUCCESS F2/F10 2JKH JRBPESDUWUDPLN-UHFFFAOYSA-N seed29 141.241s
5375/8070 SUCCESS F2/F10 2JKH JRBPESDUWUDPLN-UHFFFAOYSA-N seed42 141.238s
5376/8070 SUCCESS F2/F10 2JKH JRBPESDUWUDPLN-UHFFFAOYSA-N seed71 142.254s
5377/8070 SUCCESS F2/F10 2JKH JRBPESDUWUDPLN-UHFFFAOYSA-N seed101 140.185s
5378/8070 SUCCESS F2/F10 4UDW ZSXKVVVADMTYQB-UHFFFAOYSA-N seed17 160.52s
5379/8070 SUCCESS F2/F10 2JKH JVSRYBVSQFIXMI-YTCPBCGMSA-N seed42 776.524s
5380/8070 SUCCESS F2/F10 2JKH JVSRYBVSQFIXMI-YTCPBCGMSA-N seed101 769.713s
5381/8070 SUCCESS F2/F10 2JKH JVSRYBVSQFIXMI-YTCPBCGMSA-N seed71 783.883s
5382/8070 SUCCESS F2/F10 4UDW ZSXKVVVADMTYQB-UHFFFAOYSA-N seed29 160.758s
5383/8070 SUCCESS F2/F10 4UDW ZSXKVVVADMTYQB-UHFFFAOYSA-N seed42 160.289s
5384/8070 SUCCESS F2/F10 4UDW ZSXKVVVADMTYQB-UHFFFAOYSA-N seed71 159.658s
5385/8070 SUCCESS F2/F10 4UDW ZSXKVVVADMTYQB-UHFFFAOYSA-N seed101 161.5s
5386/8070 SUCCESS F2/F10 2JKH ZSXKVVVADMTYQB-UHFFFAOYSA-N seed17 152.133s
5387/8070 SUCCESS F2/F10 2JKH ZSXKVVVADMTYQB-UHFFFAOYSA-N seed29 151.229s
5388/8070 SUCCESS F2/F10 2JKH ZSXKVVVADMTYQB-UHFFFAOYSA-N seed42 150.906s
5389/8070 SUCCESS F2/F10 2JKH ZSXKVVVADMTYQB-UHFFFAOYSA-N seed71 150.535s
5390/8070 SUCCESS F2/F10 4UDW FLCBADIIGVYFAJ-OEAKJJBVSA-N seed17 142.245s
5391/8070 SUCCESS F2/F10 2JKH ZSXKVVVADMTYQB-UHFFFAOYSA-N seed101 149.904s
5392/8070 SUCCESS F2/F10 4UDW FLCBADIIGVYFAJ-OEAKJJBVSA-N seed29 141.566s
5393/8070 SUCCESS F2/F10 4UDW FLCBADIIGVYFAJ-OEAKJJBVSA-N seed42 142.994s
5394/8070 SUCCESS F2/F10 4UDW FLCBADIIGVYFAJ-OEAKJJBVSA-N seed71 141.505s
5395/8070 SUCCESS F2/F10 4UDW FLCBADIIGVYFAJ-OEAKJJBVSA-N seed101 140.832s
5396/8070 SUCCESS F2/F10 2JKH FLCBADIIGVYFAJ-OEAKJJBVSA-N seed29 131.124s
5397/8070 SUCCESS F2/F10 2JKH FLCBADIIGVYFAJ-OEAKJJBVSA-N seed17 132.794s
5398/8070 SUCCESS F2/F10 2JKH FLCBADIIGVYFAJ-OEAKJJBVSA-N seed42 132.406s
5399/8070 SUCCESS F2/F10 2JKH FLCBADIIGVYFAJ-OEAKJJBVSA-N seed71 131.994s
5400/8070 SUCCESS F2/F10 2JKH FLCBADIIGVYFAJ-OEAKJJBVSA-N seed101 131.096s
5401/8070 SUCCESS F2/F10 4UDW OZYBACPIVBLIER-UHFFFAOYSA-N seed17 179.844s
5402/8070 SUCCESS F2/F10 4UDW OZYBACPIVBLIER-UHFFFAOYSA-N seed42 180.574s
5403/8070 SUCCESS F2/F10 4UDW OZYBACPIVBLIER-UHFFFAOYSA-N seed29 181.575s
5404/8070 SUCCESS F2/F10 4UDW OZYBACPIVBLIER-UHFFFAOYSA-N seed71 179.283s
5405/8070 SUCCESS F2/F10 4UDW OZYBACPIVBLIER-UHFFFAOYSA-N seed101 178.906s
5406/8070 SUCCESS F2/F10 2JKH OZYBACPIVBLIER-UHFFFAOYSA-N seed17 176.387s
5407/8070 SUCCESS F2/F10 2JKH OZYBACPIVBLIER-UHFFFAOYSA-N seed29 176.583s
5408/8070 SUCCESS F2/F10 2JKH OZYBACPIVBLIER-UHFFFAOYSA-N seed42 179.376s
5409/8070 SUCCESS F2/F10 2JKH OZYBACPIVBLIER-UHFFFAOYSA-N seed71 182.097s
5410/8070 SUCCESS F2/F10 2JKH OZYBACPIVBLIER-UHFFFAOYSA-N seed101 180.009s
5411/8070 SUCCESS F2/F10 4UDW YXSHAUMNJBEKLS-ROUUACIJSA-N seed17 862.106s
5412/8070 SUCCESS F2/F10 4UDW YXSHAUMNJBEKLS-ROUUACIJSA-N seed29 865.603s
5413/8070 SUCCESS F2/F10 4UDW YXSHAUMNJBEKLS-ROUUACIJSA-N seed42 862.506s
5414/8070 SUCCESS F2/F10 2JKH YXSHAUMNJBEKLS-ROUUACIJSA-N seed17 820.256s
5415/8070 SUCCESS F2/F10 4UDW YXSHAUMNJBEKLS-ROUUACIJSA-N seed71 863.684s
5416/8070 SUCCESS F2/F10 4UDW YXSHAUMNJBEKLS-ROUUACIJSA-N seed101 862.651s
5417/8070 SUCCESS F2/F10 4UDW FNERQDASDNXFMT-IRXDYDNUSA-N seed29 583.269s
5418/8070 SUCCESS F2/F10 4UDW FNERQDASDNXFMT-IRXDYDNUSA-N seed17 605.68s
5419/8070 SUCCESS F2/F10 2JKH YXSHAUMNJBEKLS-ROUUACIJSA-N seed29 820.052s
5420/8070 SUCCESS F2/F10 2JKH YXSHAUMNJBEKLS-ROUUACIJSA-N seed42 826.22s
5421/8070 SUCCESS F2/F10 2JKH YXSHAUMNJBEKLS-ROUUACIJSA-N seed71 821.285s
5422/8070 SUCCESS F2/F10 2JKH YXSHAUMNJBEKLS-ROUUACIJSA-N seed101 817.153s
5423/8070 SUCCESS F2/F10 4UDW FNERQDASDNXFMT-IRXDYDNUSA-N seed42 581.142s
5424/8070 SUCCESS F2/F10 4UDW FNERQDASDNXFMT-IRXDYDNUSA-N seed71 586.241s
5425/8070 SUCCESS F2/F10 4UDW FNERQDASDNXFMT-IRXDYDNUSA-N seed101 579.505s
5426/8070 SUCCESS F2/F10 2JKH FNERQDASDNXFMT-IRXDYDNUSA-N seed17 566.966s
5427/8070 SUCCESS F2/F10 4UDW NEEBGCAKJPDPFV-UHFFFAOYSA-N seed17 123.417s
5428/8070 SUCCESS F2/F10 2JKH FNERQDASDNXFMT-IRXDYDNUSA-N seed29 570.735s
5429/8070 SUCCESS F2/F10 2JKH FNERQDASDNXFMT-IRXDYDNUSA-N seed42 574.562s
5430/8070 SUCCESS F2/F10 4UDW NEEBGCAKJPDPFV-UHFFFAOYSA-N seed29 124.022s
5431/8070 SUCCESS F2/F10 4UDW NEEBGCAKJPDPFV-UHFFFAOYSA-N seed71 124.3s
5432/8070 SUCCESS F2/F10 4UDW NEEBGCAKJPDPFV-UHFFFAOYSA-N seed42 125.636s
5433/8070 SUCCESS F2/F10 4UDW NEEBGCAKJPDPFV-UHFFFAOYSA-N seed101 123.492s
5434/8070 SUCCESS F2/F10 2JKH NEEBGCAKJPDPFV-UHFFFAOYSA-N seed17 116.337s
5435/8070 SUCCESS F2/F10 2JKH NEEBGCAKJPDPFV-UHFFFAOYSA-N seed42 115.204s
5436/8070 SUCCESS F2/F10 2JKH NEEBGCAKJPDPFV-UHFFFAOYSA-N seed29 116.14s
5437/8070 SUCCESS F2/F10 2JKH NEEBGCAKJPDPFV-UHFFFAOYSA-N seed71 115.622s
5438/8070 SUCCESS F2/F10 2JKH NEEBGCAKJPDPFV-UHFFFAOYSA-N seed101 116.072s
5439/8070 SUCCESS F2/F10 2JKH FNERQDASDNXFMT-IRXDYDNUSA-N seed71 569.077s
5440/8070 SUCCESS F2/F10 4UDW KEWCBOBJEQHYIV-UHFFFAOYSA-N seed17 161.129s
5441/8070 SUCCESS F2/F10 4UDW KEWCBOBJEQHYIV-UHFFFAOYSA-N seed29 162.365s
5442/8070 SUCCESS F2/F10 2JKH FNERQDASDNXFMT-IRXDYDNUSA-N seed101 578.364s
5443/8070 SUCCESS F2/F10 4UDW KEWCBOBJEQHYIV-UHFFFAOYSA-N seed42 162.586s
5444/8070 SUCCESS F2/F10 4UDW KEWCBOBJEQHYIV-UHFFFAOYSA-N seed71 166.521s
5445/8070 SUCCESS F2/F10 4UDW KEWCBOBJEQHYIV-UHFFFAOYSA-N seed101 165.955s
5446/8070 SUCCESS F2/F10 2JKH KEWCBOBJEQHYIV-UHFFFAOYSA-N seed17 152.369s
5447/8070 SUCCESS F2/F10 2JKH KEWCBOBJEQHYIV-UHFFFAOYSA-N seed42 151.898s
5448/8070 SUCCESS F2/F10 2JKH KEWCBOBJEQHYIV-UHFFFAOYSA-N seed29 154.545s
5449/8070 SUCCESS F2/F10 2JKH KEWCBOBJEQHYIV-UHFFFAOYSA-N seed71 152.791s
5450/8070 SUCCESS F2/F10 2JKH KEWCBOBJEQHYIV-UHFFFAOYSA-N seed101 153.28s
5451/8070 SUCCESS F2/F10 4UDW HCONWOFFAXZHQA-HNNXBMFYSA-N seed17 216.412s
5452/8070 SUCCESS F2/F10 2JKH HCONWOFFAXZHQA-HNNXBMFYSA-N seed17 189.649s
5453/8070 SUCCESS F2/F10 4UDW HCONWOFFAXZHQA-HNNXBMFYSA-N seed29 213.347s
5454/8070 SUCCESS F2/F10 4UDW HCONWOFFAXZHQA-HNNXBMFYSA-N seed42 216.928s
5455/8070 SUCCESS F2/F10 4UDW HCONWOFFAXZHQA-HNNXBMFYSA-N seed71 215.671s
5456/8070 SUCCESS F2/F10 4UDW HCONWOFFAXZHQA-HNNXBMFYSA-N seed101 216.583s
5457/8070 SUCCESS F2/F10 2JKH HCONWOFFAXZHQA-HNNXBMFYSA-N seed29 189.642s
5458/8070 SUCCESS F2/F10 2JKH HCONWOFFAXZHQA-HNNXBMFYSA-N seed42 187.878s
5459/8070 SUCCESS F2/F10 2JKH HCONWOFFAXZHQA-HNNXBMFYSA-N seed71 191.18s
5460/8070 SUCCESS F2/F10 2JKH HCONWOFFAXZHQA-HNNXBMFYSA-N seed101 187.339s
5461/8070 SUCCESS F2/F10 4UDW OJODISRNMRYALN-UHFFFAOYSA-N seed29 196.485s
5462/8070 SUCCESS F2/F10 4UDW OJODISRNMRYALN-UHFFFAOYSA-N seed17 200.635s
5463/8070 SUCCESS F2/F10 4UDW OJODISRNMRYALN-UHFFFAOYSA-N seed71 201.491s
5464/8070 SUCCESS F2/F10 4UDW OJODISRNMRYALN-UHFFFAOYSA-N seed42 209.15s
5465/8070 SUCCESS F2/F10 2JKH OJODISRNMRYALN-UHFFFAOYSA-N seed17 194.968s
5466/8070 SUCCESS F2/F10 4UDW OJODISRNMRYALN-UHFFFAOYSA-N seed101 204.398s
5467/8070 SUCCESS F2/F10 2JKH OJODISRNMRYALN-UHFFFAOYSA-N seed42 191.465s
5468/8070 SUCCESS F2/F10 2JKH OJODISRNMRYALN-UHFFFAOYSA-N seed29 193.867s
5469/8070 SUCCESS F2/F10 4UDW BRZYOTMFHLERHD-BBWFWOEESA-N seed17 166.533s
5470/8070 SUCCESS F2/F10 4UDW BRZYOTMFHLERHD-BBWFWOEESA-N seed29 163.863s
5471/8070 SUCCESS F2/F10 4UDW BRZYOTMFHLERHD-BBWFWOEESA-N seed42 163.391s
5472/8070 SUCCESS F2/F10 4UDW BRZYOTMFHLERHD-BBWFWOEESA-N seed71 164.168s
5473/8070 SUCCESS F2/F10 2JKH OJODISRNMRYALN-UHFFFAOYSA-N seed71 197.041s
5474/8070 SUCCESS F2/F10 2JKH OJODISRNMRYALN-UHFFFAOYSA-N seed101 196.328s
5475/8070 SUCCESS F2/F10 4UDW BRZYOTMFHLERHD-BBWFWOEESA-N seed101 166.098s
5476/8070 SUCCESS F2/F10 2JKH BRZYOTMFHLERHD-BBWFWOEESA-N seed17 162.899s
5477/8070 SUCCESS F2/F10 2JKH BRZYOTMFHLERHD-BBWFWOEESA-N seed42 162.574s
5478/8070 SUCCESS F2/F10 2JKH BRZYOTMFHLERHD-BBWFWOEESA-N seed29 164.459s
5479/8070 SUCCESS F2/F10 2JKH BRZYOTMFHLERHD-BBWFWOEESA-N seed71 162.826s
5480/8070 SUCCESS F2/F10 2JKH BRZYOTMFHLERHD-BBWFWOEESA-N seed101 162.687s
5481/8070 SUCCESS F2/F10 4UDW NDTNHGKZDUSWEQ-UHFFFAOYSA-N seed29 138.414s
5482/8070 SUCCESS F2/F10 4UDW NDTNHGKZDUSWEQ-UHFFFAOYSA-N seed17 140.024s
5483/8070 SUCCESS F2/F10 4UDW NDTNHGKZDUSWEQ-UHFFFAOYSA-N seed42 138.865s
5484/8070 SUCCESS F2/F10 4UDW NDTNHGKZDUSWEQ-UHFFFAOYSA-N seed71 137.971s
5485/8070 SUCCESS F2/F10 4UDW NDTNHGKZDUSWEQ-UHFFFAOYSA-N seed101 139.52s
5486/8070 SUCCESS F2/F10 2JKH NDTNHGKZDUSWEQ-UHFFFAOYSA-N seed17 135.613s
5487/8070 SUCCESS F2/F10 2JKH NDTNHGKZDUSWEQ-UHFFFAOYSA-N seed29 138.29s
5488/8070 SUCCESS F2/F10 2JKH NDTNHGKZDUSWEQ-UHFFFAOYSA-N seed42 138.392s
5489/8070 SUCCESS F2/F10 2JKH NDTNHGKZDUSWEQ-UHFFFAOYSA-N seed101 136.485s
5490/8070 SUCCESS F2/F10 2JKH NDTNHGKZDUSWEQ-UHFFFAOYSA-N seed71 138.612s
5491/8070 SUCCESS F2/F10 4UDW IYGMCUZMVSMAMD-SFHVURJKSA-N seed29 353.309s
5492/8070 SUCCESS F2/F10 4UDW IYGMCUZMVSMAMD-SFHVURJKSA-N seed17 360.044s
5493/8070 SUCCESS F2/F10 2JKH IYGMCUZMVSMAMD-SFHVURJKSA-N seed17 285.809s
5494/8070 SUCCESS F2/F10 4UDW IYGMCUZMVSMAMD-SFHVURJKSA-N seed101 353.409s
5495/8070 SUCCESS F2/F10 4UDW IYGMCUZMVSMAMD-SFHVURJKSA-N seed71 359.534s
5496/8070 SUCCESS F2/F10 4UDW IYGMCUZMVSMAMD-SFHVURJKSA-N seed42 360.495s
5497/8070 SUCCESS F2/F10 4UDW YCMUIWWODVYRLS-UHFFFAOYSA-N seed17 32.861s
5498/8070 SUCCESS F2/F10 4UDW YCMUIWWODVYRLS-UHFFFAOYSA-N seed29 32.834s
5499/8070 SUCCESS F2/F10 4UDW YCMUIWWODVYRLS-UHFFFAOYSA-N seed42 32.893s
5500/8070 SUCCESS F2/F10 4UDW YCMUIWWODVYRLS-UHFFFAOYSA-N seed71 32.898s
5501/8070 SUCCESS F2/F10 4UDW YCMUIWWODVYRLS-UHFFFAOYSA-N seed101 33.123s
5502/8070 SUCCESS F2/F10 2JKH YCMUIWWODVYRLS-UHFFFAOYSA-N seed17 33.121s
5503/8070 SUCCESS F2/F10 2JKH YCMUIWWODVYRLS-UHFFFAOYSA-N seed29 33.671s
5504/8070 SUCCESS F2/F10 2JKH YCMUIWWODVYRLS-UHFFFAOYSA-N seed42 33.207s
5505/8070 SUCCESS F2/F10 2JKH IYGMCUZMVSMAMD-SFHVURJKSA-N seed29 279.24s
5506/8070 SUCCESS F2/F10 2JKH IYGMCUZMVSMAMD-SFHVURJKSA-N seed42 280.925s
5507/8070 SUCCESS F2/F10 2JKH YCMUIWWODVYRLS-UHFFFAOYSA-N seed71 33.537s
5508/8070 SUCCESS F2/F10 2JKH YCMUIWWODVYRLS-UHFFFAOYSA-N seed101 33.607s
5509/8070 SUCCESS F2/F10 2JKH IYGMCUZMVSMAMD-SFHVURJKSA-N seed71 280.243s
5510/8070 SUCCESS F2/F10 2JKH IYGMCUZMVSMAMD-SFHVURJKSA-N seed101 274.576s
5511/8070 SUCCESS F2/F10 4UDW HHGGWCFPUIXQJD-QFIPXVFZSA-N seed17 328.222s
5512/8070 SUCCESS F2/F10 4UDW HHGGWCFPUIXQJD-QFIPXVFZSA-N seed71 318.64s
5513/8070 SUCCESS F2/F10 4UDW HHGGWCFPUIXQJD-QFIPXVFZSA-N seed29 325.38s
5514/8070 SUCCESS F2/F10 4UDW HHGGWCFPUIXQJD-QFIPXVFZSA-N seed42 327.167s
5515/8070 SUCCESS F2/F10 4UDW HHGGWCFPUIXQJD-QFIPXVFZSA-N seed101 330.352s
5516/8070 SUCCESS F2/F10 2JKH HHGGWCFPUIXQJD-QFIPXVFZSA-N seed17 295.225s
5517/8070 SUCCESS F2/F10 4UDW RDSVRCGNSLPORJ-UHFFFAOYSA-N seed17 116.498s
5518/8070 SUCCESS F2/F10 4UDW RDSVRCGNSLPORJ-UHFFFAOYSA-N seed29 116.791s
5519/8070 SUCCESS F2/F10 4UDW RDSVRCGNSLPORJ-UHFFFAOYSA-N seed42 114.818s
5520/8070 SUCCESS F2/F10 2JKH HHGGWCFPUIXQJD-QFIPXVFZSA-N seed29 297.372s
5521/8070 SUCCESS F2/F10 2JKH HHGGWCFPUIXQJD-QFIPXVFZSA-N seed42 297.976s
5522/8070 SUCCESS F2/F10 2JKH HHGGWCFPUIXQJD-QFIPXVFZSA-N seed71 300.087s
5523/8070 SUCCESS F2/F10 2JKH HHGGWCFPUIXQJD-QFIPXVFZSA-N seed101 297.015s
5524/8070 SUCCESS F2/F10 4UDW RDSVRCGNSLPORJ-UHFFFAOYSA-N seed71 114.899s
5525/8070 SUCCESS F2/F10 4UDW RDSVRCGNSLPORJ-UHFFFAOYSA-N seed101 110.318s
5526/8070 SUCCESS F2/F10 2JKH RDSVRCGNSLPORJ-UHFFFAOYSA-N seed17 114.634s
5527/8070 SUCCESS F2/F10 2JKH RDSVRCGNSLPORJ-UHFFFAOYSA-N seed29 113.984s
5528/8070 SUCCESS F2/F10 2JKH RDSVRCGNSLPORJ-UHFFFAOYSA-N seed42 113.586s
5529/8070 SUCCESS F2/F10 2JKH RDSVRCGNSLPORJ-UHFFFAOYSA-N seed71 114.54s
5530/8070 SUCCESS F2/F10 2JKH RDSVRCGNSLPORJ-UHFFFAOYSA-N seed101 114.6s
5531/8070 SUCCESS F2/F10 4UDW JXHRRVFVLWWLCI-NRGCRIOASA-N seed17 448.473s
5532/8070 SUCCESS F2/F10 4UDW JXHRRVFVLWWLCI-NRGCRIOASA-N seed29 445.036s
5533/8070 SUCCESS F2/F10 4UDW JXHRRVFVLWWLCI-NRGCRIOASA-N seed42 444.299s
5534/8070 SUCCESS F2/F10 4UDW JXHRRVFVLWWLCI-NRGCRIOASA-N seed71 443.082s
5535/8070 SUCCESS F2/F10 2JKH JXHRRVFVLWWLCI-NRGCRIOASA-N seed17 432.995s
5536/8070 SUCCESS F2/F10 4UDW JXHRRVFVLWWLCI-NRGCRIOASA-N seed101 449.198s
5537/8070 SUCCESS F2/F10 4UDW SCZBXBBBMCBNSK-SIBCGJTDSA-N seed17 237.965s
5538/8070 SUCCESS F2/F10 4UDW SCZBXBBBMCBNSK-SIBCGJTDSA-N seed29 241.404s
5539/8070 SUCCESS F2/F10 2JKH JXHRRVFVLWWLCI-NRGCRIOASA-N seed29 435.429s
5540/8070 SUCCESS F2/F10 2JKH JXHRRVFVLWWLCI-NRGCRIOASA-N seed42 432.583s
5541/8070 SUCCESS F2/F10 2JKH JXHRRVFVLWWLCI-NRGCRIOASA-N seed71 433.348s
5542/8070 SUCCESS F2/F10 2JKH JXHRRVFVLWWLCI-NRGCRIOASA-N seed101 433.492s
5543/8070 SUCCESS F2/F10 4UDW SCZBXBBBMCBNSK-SIBCGJTDSA-N seed42 237.537s
5544/8070 SUCCESS F2/F10 4UDW SCZBXBBBMCBNSK-SIBCGJTDSA-N seed71 239.251s
5545/8070 SUCCESS F2/F10 2JKH SCZBXBBBMCBNSK-SIBCGJTDSA-N seed17 234.527s
5546/8070 SUCCESS F2/F10 4UDW SCZBXBBBMCBNSK-SIBCGJTDSA-N seed101 238.271s
5547/8070 SUCCESS F2/F10 2JKH SCZBXBBBMCBNSK-SIBCGJTDSA-N seed29 237.114s
5548/8070 SUCCESS F2/F10 2JKH SCZBXBBBMCBNSK-SIBCGJTDSA-N seed42 236.883s
5549/8070 SUCCESS F2/F10 2JKH SCZBXBBBMCBNSK-SIBCGJTDSA-N seed71 235.688s
5550/8070 SUCCESS F2/F10 2JKH SCZBXBBBMCBNSK-SIBCGJTDSA-N seed101 236.241s
5551/8070 SUCCESS F2/F10 4UDW QGFDDMPEQGUIST-INIZCTEOSA-N seed17 115.104s
5552/8070 SUCCESS F2/F10 4UDW QGFDDMPEQGUIST-INIZCTEOSA-N seed29 115.576s
5553/8070 SUCCESS F2/F10 4UDW QGFDDMPEQGUIST-INIZCTEOSA-N seed71 114.904s
5554/8070 SUCCESS F2/F10 4UDW QGFDDMPEQGUIST-INIZCTEOSA-N seed42 116.804s
5555/8070 SUCCESS F2/F10 4UDW QGFDDMPEQGUIST-INIZCTEOSA-N seed101 116.101s
5556/8070 SUCCESS F2/F10 2JKH QGFDDMPEQGUIST-INIZCTEOSA-N seed17 110.203s
5557/8070 SUCCESS F2/F10 2JKH QGFDDMPEQGUIST-INIZCTEOSA-N seed42 109.776s
5558/8070 SUCCESS F2/F10 2JKH QGFDDMPEQGUIST-INIZCTEOSA-N seed29 111.718s
5559/8070 SUCCESS F2/F10 2JKH QGFDDMPEQGUIST-INIZCTEOSA-N seed71 110.239s
5560/8070 SUCCESS F2/F10 2JKH QGFDDMPEQGUIST-INIZCTEOSA-N seed101 109.425s
5561/8070 SUCCESS F2/F10 2JKH XWJGZMVWOIPRDB-CLIZBVFSSA-N seed17 1269.62s
5562/8070 SUCCESS F2/F10 4UDW XWJGZMVWOIPRDB-CLIZBVFSSA-N seed17 1445.103s
5563/8070 SUCCESS F2/F10 4UDW XWJGZMVWOIPRDB-CLIZBVFSSA-N seed42 1434.273s
5564/8070 SUCCESS F2/F10 4UDW XWJGZMVWOIPRDB-CLIZBVFSSA-N seed71 1450.762s
5565/8070 SUCCESS F2/F10 4UDW XWJGZMVWOIPRDB-CLIZBVFSSA-N seed29 1511.727s
5566/8070 SUCCESS F2/F10 4UDW XWJGZMVWOIPRDB-CLIZBVFSSA-N seed101 1480.003s
5567/8070 SUCCESS F2/F10 4UDW VWXAJELEKJVKSG-UHFFFAOYSA-N seed17 204.906s
5568/8070 SUCCESS F2/F10 4UDW VWXAJELEKJVKSG-UHFFFAOYSA-N seed29 210.723s
5569/8070 SUCCESS F2/F10 4UDW VWXAJELEKJVKSG-UHFFFAOYSA-N seed42 207.665s
5570/8070 SUCCESS F2/F10 4UDW VWXAJELEKJVKSG-UHFFFAOYSA-N seed71 209.167s
5571/8070 SUCCESS F2/F10 4UDW VWXAJELEKJVKSG-UHFFFAOYSA-N seed101 208.554s
5572/8070 SUCCESS F2/F10 2JKH VWXAJELEKJVKSG-UHFFFAOYSA-N seed17 212.532s
5573/8070 SUCCESS F2/F10 2JKH VWXAJELEKJVKSG-UHFFFAOYSA-N seed29 212.063s
5574/8070 SUCCESS F2/F10 2JKH VWXAJELEKJVKSG-UHFFFAOYSA-N seed42 213.177s
5575/8070 SUCCESS F2/F10 2JKH VWXAJELEKJVKSG-UHFFFAOYSA-N seed71 214.489s
5576/8070 SUCCESS F2/F10 2JKH VWXAJELEKJVKSG-UHFFFAOYSA-N seed101 210.694s
5577/8070 SUCCESS F2/F10 2JKH XWJGZMVWOIPRDB-CLIZBVFSSA-N seed29 1271.765s
5578/8070 SUCCESS F2/F10 2JKH XWJGZMVWOIPRDB-CLIZBVFSSA-N seed42 1223.423s
5579/8070 SUCCESS F2/F10 2JKH XWJGZMVWOIPRDB-CLIZBVFSSA-N seed71 1208.562s
5580/8070 SUCCESS F2/F10 4UDW JVDKHRYLSLCTBR-UHFFFAOYSA-N seed17 171.593s
5581/8070 SUCCESS F2/F10 2JKH XWJGZMVWOIPRDB-CLIZBVFSSA-N seed101 1249.1s
5582/8070 SUCCESS F2/F10 4UDW JVDKHRYLSLCTBR-UHFFFAOYSA-N seed42 154.879s
5583/8070 SUCCESS F2/F10 4UDW JVDKHRYLSLCTBR-UHFFFAOYSA-N seed29 162.325s
5584/8070 SUCCESS F2/F10 4UDW JVDKHRYLSLCTBR-UHFFFAOYSA-N seed71 160.478s
5585/8070 SUCCESS F2/F10 4UDW JVDKHRYLSLCTBR-UHFFFAOYSA-N seed101 157.472s
5586/8070 SUCCESS F2/F10 2JKH JVDKHRYLSLCTBR-UHFFFAOYSA-N seed17 151.68s
5587/8070 SUCCESS F2/F10 2JKH JVDKHRYLSLCTBR-UHFFFAOYSA-N seed71 137.269s
5588/8070 SUCCESS F2/F10 2JKH JVDKHRYLSLCTBR-UHFFFAOYSA-N seed29 146.699s
5589/8070 SUCCESS F2/F10 2JKH JVDKHRYLSLCTBR-UHFFFAOYSA-N seed42 149.913s
5590/8070 SUCCESS F2/F10 2JKH JVDKHRYLSLCTBR-UHFFFAOYSA-N seed101 152.051s
5591/8070 SUCCESS F2/F10 4UDW PQEQQMLZYPTIEQ-UHFFFAOYSA-N seed17 240.688s
5592/8070 SUCCESS F2/F10 4UDW PQEQQMLZYPTIEQ-UHFFFAOYSA-N seed29 238.81s
5593/8070 SUCCESS F2/F10 4UDW PQEQQMLZYPTIEQ-UHFFFAOYSA-N seed42 237.198s
5594/8070 SUCCESS F2/F10 4UDW PQEQQMLZYPTIEQ-UHFFFAOYSA-N seed71 238.761s
5595/8070 SUCCESS F2/F10 4UDW PQEQQMLZYPTIEQ-UHFFFAOYSA-N seed101 240.367s
5596/8070 SUCCESS F2/F10 2JKH PQEQQMLZYPTIEQ-UHFFFAOYSA-N seed17 198.858s
5597/8070 SUCCESS F2/F10 2JKH PQEQQMLZYPTIEQ-UHFFFAOYSA-N seed29 195.664s
5598/8070 SUCCESS F2/F10 2JKH PQEQQMLZYPTIEQ-UHFFFAOYSA-N seed42 195.973s
5599/8070 SUCCESS F2/F10 2JKH PQEQQMLZYPTIEQ-UHFFFAOYSA-N seed71 193.871s
5600/8070 SUCCESS F2/F10 2JKH PQEQQMLZYPTIEQ-UHFFFAOYSA-N seed101 194.01s
5601/8070 SUCCESS F2/F10 4UDW SCZBXBBBMCBNSK-TVGQLCNQSA-N seed17 234.462s
5602/8070 SUCCESS F2/F10 4UDW SCZBXBBBMCBNSK-TVGQLCNQSA-N seed29 232.807s
5603/8070 SUCCESS F2/F10 4UDW SCZBXBBBMCBNSK-TVGQLCNQSA-N seed42 227.261s
5604/8070 SUCCESS F2/F10 4UDW SCZBXBBBMCBNSK-TVGQLCNQSA-N seed71 227.79s
5605/8070 SUCCESS F2/F10 4UDW SCZBXBBBMCBNSK-TVGQLCNQSA-N seed101 226.749s
5606/8070 SUCCESS F2/F10 2JKH SCZBXBBBMCBNSK-TVGQLCNQSA-N seed17 224.514s
5607/8070 SUCCESS F2/F10 2JKH SCZBXBBBMCBNSK-TVGQLCNQSA-N seed29 224.312s
5608/8070 SUCCESS F2/F10 2JKH SCZBXBBBMCBNSK-TVGQLCNQSA-N seed42 225.939s
5609/8070 SUCCESS F2/F10 4UDW HKMDEQIJNRKKNH-UHFFFAOYSA-N seed17 115.155s
5610/8070 SUCCESS F2/F10 4UDW HKMDEQIJNRKKNH-UHFFFAOYSA-N seed29 119.965s
5611/8070 SUCCESS F2/F10 4UDW HKMDEQIJNRKKNH-UHFFFAOYSA-N seed42 118.276s
5612/8070 SUCCESS F2/F10 2JKH SCZBXBBBMCBNSK-TVGQLCNQSA-N seed71 228.417s
5613/8070 SUCCESS F2/F10 4UDW HKMDEQIJNRKKNH-UHFFFAOYSA-N seed71 117.284s
5614/8070 SUCCESS F2/F10 2JKH SCZBXBBBMCBNSK-TVGQLCNQSA-N seed101 228.225s
5615/8070 SUCCESS F2/F10 4UDW HKMDEQIJNRKKNH-UHFFFAOYSA-N seed101 117.224s
5616/8070 SUCCESS F2/F10 2JKH HKMDEQIJNRKKNH-UHFFFAOYSA-N seed17 125.838s
5617/8070 SUCCESS F2/F10 2JKH HKMDEQIJNRKKNH-UHFFFAOYSA-N seed29 126.194s
5618/8070 SUCCESS F2/F10 2JKH HKMDEQIJNRKKNH-UHFFFAOYSA-N seed42 126.89s
5619/8070 SUCCESS F2/F10 2JKH HKMDEQIJNRKKNH-UHFFFAOYSA-N seed71 128.731s
5620/8070 SUCCESS F2/F10 2JKH HKMDEQIJNRKKNH-UHFFFAOYSA-N seed101 130.565s
5621/8070 SUCCESS F2/F10 4UDW BPAQJTYBGWPSRM-UHFFFAOYSA-N seed17 191.591s
5622/8070 SUCCESS F2/F10 4UDW BPAQJTYBGWPSRM-UHFFFAOYSA-N seed29 204.509s
5623/8070 SUCCESS F2/F10 4UDW BPAQJTYBGWPSRM-UHFFFAOYSA-N seed42 202.445s
5624/8070 SUCCESS F2/F10 4UDW BPAQJTYBGWPSRM-UHFFFAOYSA-N seed71 200.684s
5625/8070 SUCCESS F2/F10 4UDW BPAQJTYBGWPSRM-UHFFFAOYSA-N seed101 197.88s
5626/8070 SUCCESS F2/F10 2JKH BPAQJTYBGWPSRM-UHFFFAOYSA-N seed17 175.43s
5627/8070 SUCCESS F2/F10 2JKH BPAQJTYBGWPSRM-UHFFFAOYSA-N seed29 174.04s
5628/8070 SUCCESS F2/F10 2JKH BPAQJTYBGWPSRM-UHFFFAOYSA-N seed42 174.755s
5629/8070 SUCCESS F2/F10 2JKH BPAQJTYBGWPSRM-UHFFFAOYSA-N seed71 173.649s
5630/8070 SUCCESS F2/F10 2JKH BPAQJTYBGWPSRM-UHFFFAOYSA-N seed101 173.776s
5631/8070 SUCCESS F2/F10 4UDW JMBFMRIGGCGNMP-UHFFFAOYSA-N seed17 293.364s
5632/8070 SUCCESS F2/F10 4UDW JMBFMRIGGCGNMP-UHFFFAOYSA-N seed29 308.997s
5633/8070 SUCCESS F2/F10 4UDW JMBFMRIGGCGNMP-UHFFFAOYSA-N seed42 307.651s
5634/8070 SUCCESS F2/F10 4UDW JMBFMRIGGCGNMP-UHFFFAOYSA-N seed71 305.266s
5635/8070 SUCCESS F2/F10 2JKH JMBFMRIGGCGNMP-UHFFFAOYSA-N seed17 273.828s
5636/8070 SUCCESS F2/F10 4UDW JMBFMRIGGCGNMP-UHFFFAOYSA-N seed101 310.893s
5637/8070 SUCCESS F2/F10 2JKH JMBFMRIGGCGNMP-UHFFFAOYSA-N seed29 277.243s
5638/8070 SUCCESS F2/F10 2JKH JMBFMRIGGCGNMP-UHFFFAOYSA-N seed42 276.697s
5639/8070 SUCCESS F2/F10 2JKH JMBFMRIGGCGNMP-UHFFFAOYSA-N seed71 277.925s
5640/8070 SUCCESS F2/F10 4UDW QAIZMIBCSNGQKN-UHFFFAOYSA-N seed17 240.087s
5641/8070 SUCCESS F2/F10 2JKH JMBFMRIGGCGNMP-UHFFFAOYSA-N seed101 278.208s
5642/8070 SUCCESS F2/F10 4UDW QAIZMIBCSNGQKN-UHFFFAOYSA-N seed29 249.726s
5643/8070 SUCCESS F2/F10 4UDW QAIZMIBCSNGQKN-UHFFFAOYSA-N seed42 245.107s
5644/8070 SUCCESS F2/F10 4UDW QAIZMIBCSNGQKN-UHFFFAOYSA-N seed71 248.429s
5645/8070 SUCCESS F2/F10 2JKH QAIZMIBCSNGQKN-UHFFFAOYSA-N seed17 217.524s
5646/8070 SUCCESS F2/F10 2JKH QAIZMIBCSNGQKN-UHFFFAOYSA-N seed29 217.527s
5647/8070 SUCCESS F2/F10 4UDW QAIZMIBCSNGQKN-UHFFFAOYSA-N seed101 252.786s
5648/8070 SUCCESS F2/F10 2JKH QAIZMIBCSNGQKN-UHFFFAOYSA-N seed42 220.537s
5649/8070 SUCCESS F2/F10 2JKH QAIZMIBCSNGQKN-UHFFFAOYSA-N seed71 219.605s
5650/8070 SUCCESS F2/F10 2JKH QAIZMIBCSNGQKN-UHFFFAOYSA-N seed101 224.773s
5651/8070 SUCCESS F2/F10 4UDW JJGUELHYJFCDMI-IZNSARCZSA-N seed42 389.783s
5652/8070 SUCCESS F2/F10 4UDW JJGUELHYJFCDMI-IZNSARCZSA-N seed29 401.065s
5653/8070 SUCCESS F2/F10 4UDW JJGUELHYJFCDMI-IZNSARCZSA-N seed17 411.172s
5654/8070 SUCCESS F2/F10 4UDW JJGUELHYJFCDMI-IZNSARCZSA-N seed71 406.577s
5655/8070 SUCCESS F2/F10 2JKH JJGUELHYJFCDMI-IZNSARCZSA-N seed17 302.763s
5656/8070 SUCCESS F2/F10 4UDW JJGUELHYJFCDMI-IZNSARCZSA-N seed101 400.559s
5657/8070 SUCCESS F2/F10 2JKH JJGUELHYJFCDMI-IZNSARCZSA-N seed29 299.408s
5658/8070 SUCCESS F2/F10 2JKH JJGUELHYJFCDMI-IZNSARCZSA-N seed42 300.401s
5659/8070 SUCCESS F2/F10 2JKH JJGUELHYJFCDMI-IZNSARCZSA-N seed71 303.854s
5660/8070 SUCCESS F2/F10 2JKH JJGUELHYJFCDMI-IZNSARCZSA-N seed101 303.659s
5661/8070 SUCCESS F2/F10 4UDW JIQRNDHLAYBGQI-MULIXUIOSA-N seed17 484.643s
5662/8070 SUCCESS F2/F10 4UDW JIQRNDHLAYBGQI-MULIXUIOSA-N seed29 483.937s
5663/8070 SUCCESS F2/F10 2JKH JIQRNDHLAYBGQI-MULIXUIOSA-N seed17 413.623s
5664/8070 SUCCESS F2/F10 4UDW JIQRNDHLAYBGQI-MULIXUIOSA-N seed42 464.238s
5665/8070 SUCCESS F2/F10 4UDW JIQRNDHLAYBGQI-MULIXUIOSA-N seed71 471.582s
5666/8070 SUCCESS F2/F10 4UDW JIQRNDHLAYBGQI-MULIXUIOSA-N seed101 482.958s
5667/8070 SUCCESS F2/F10 2JKH JIQRNDHLAYBGQI-MULIXUIOSA-N seed29 421.646s
5668/8070 SUCCESS F2/F10 2JKH JIQRNDHLAYBGQI-MULIXUIOSA-N seed42 410.609s
5669/8070 SUCCESS F2/F10 2JKH JIQRNDHLAYBGQI-MULIXUIOSA-N seed71 419.08s
5670/8070 SUCCESS F2/F10 2JKH JIQRNDHLAYBGQI-MULIXUIOSA-N seed101 410.588s
5671/8070 SUCCESS F2/F10 4UDW UHRIYOJEACOYON-PKOBYXMFSA-N seed17 525.366s
5672/8070 SUCCESS F2/F10 4UDW UHRIYOJEACOYON-PKOBYXMFSA-N seed29 527.022s
5673/8070 SUCCESS F2/F10 4UDW UHRIYOJEACOYON-PKOBYXMFSA-N seed42 538.141s
5674/8070 SUCCESS F2/F10 4UDW UHRIYOJEACOYON-PKOBYXMFSA-N seed71 518.757s
5675/8070 SUCCESS F2/F10 2JKH UHRIYOJEACOYON-PKOBYXMFSA-N seed17 402.874s
5676/8070 SUCCESS F2/F10 4UDW UHRIYOJEACOYON-PKOBYXMFSA-N seed101 530.834s
5677/8070 SUCCESS F2/F10 2JKH UHRIYOJEACOYON-PKOBYXMFSA-N seed29 401.815s
5678/8070 SUCCESS F2/F10 2JKH UHRIYOJEACOYON-PKOBYXMFSA-N seed42 410.742s
5679/8070 SUCCESS F2/F10 2JKH UHRIYOJEACOYON-PKOBYXMFSA-N seed71 411.192s
5680/8070 SUCCESS F2/F10 4UDW OPMGLKXWFJUOCJ-WTHWOSCZSA-N seed17 360.909s
5681/8070 SUCCESS F2/F10 2JKH UHRIYOJEACOYON-PKOBYXMFSA-N seed101 405.618s
5682/8070 SUCCESS F2/F10 4UDW OPMGLKXWFJUOCJ-WTHWOSCZSA-N seed42 364.143s
5683/8070 SUCCESS F2/F10 4UDW OPMGLKXWFJUOCJ-WTHWOSCZSA-N seed29 368.418s
5684/8070 SUCCESS F2/F10 4UDW OPMGLKXWFJUOCJ-WTHWOSCZSA-N seed71 367.474s
5685/8070 SUCCESS F2/F10 2JKH OPMGLKXWFJUOCJ-WTHWOSCZSA-N seed17 287.011s
5686/8070 SUCCESS F2/F10 2JKH OPMGLKXWFJUOCJ-WTHWOSCZSA-N seed29 289.742s
5687/8070 SUCCESS F2/F10 4UDW WLDWWFXJFODOTC-UHFFFAOYSA-N seed17 48.41s
5688/8070 SUCCESS F2/F10 4UDW OPMGLKXWFJUOCJ-WTHWOSCZSA-N seed101 365.95s
5689/8070 SUCCESS F2/F10 4UDW WLDWWFXJFODOTC-UHFFFAOYSA-N seed29 48.447s
5690/8070 SUCCESS F2/F10 4UDW WLDWWFXJFODOTC-UHFFFAOYSA-N seed42 48.115s
5691/8070 SUCCESS F2/F10 4UDW WLDWWFXJFODOTC-UHFFFAOYSA-N seed71 47.672s
5692/8070 SUCCESS F2/F10 4UDW WLDWWFXJFODOTC-UHFFFAOYSA-N seed101 48.266s
5693/8070 SUCCESS F2/F10 2JKH OPMGLKXWFJUOCJ-WTHWOSCZSA-N seed42 284.735s
5694/8070 SUCCESS F2/F10 2JKH OPMGLKXWFJUOCJ-WTHWOSCZSA-N seed71 286.279s
5695/8070 SUCCESS F2/F10 2JKH WLDWWFXJFODOTC-UHFFFAOYSA-N seed17 48.746s
5696/8070 SUCCESS F2/F10 2JKH OPMGLKXWFJUOCJ-WTHWOSCZSA-N seed101 281.369s
5697/8070 SUCCESS F2/F10 2JKH WLDWWFXJFODOTC-UHFFFAOYSA-N seed29 48.982s
5698/8070 SUCCESS F2/F10 2JKH WLDWWFXJFODOTC-UHFFFAOYSA-N seed42 48.838s
5699/8070 SUCCESS F2/F10 2JKH WLDWWFXJFODOTC-UHFFFAOYSA-N seed71 48.885s
5700/8070 SUCCESS F2/F10 2JKH WLDWWFXJFODOTC-UHFFFAOYSA-N seed101 49.448s
5701/8070 SUCCESS F2/F10 4UDW UQMOAGGBXALCSZ-UXHICEINSA-N seed17 200.69s
5702/8070 SUCCESS F2/F10 4UDW UQMOAGGBXALCSZ-UXHICEINSA-N seed29 203.718s
5703/8070 SUCCESS F2/F10 4UDW UQMOAGGBXALCSZ-UXHICEINSA-N seed42 203.414s
5704/8070 SUCCESS F2/F10 4UDW UQMOAGGBXALCSZ-UXHICEINSA-N seed71 203.99s
5705/8070 SUCCESS F2/F10 2JKH UQMOAGGBXALCSZ-UXHICEINSA-N seed17 187.599s
5706/8070 SUCCESS F2/F10 4UDW UQMOAGGBXALCSZ-UXHICEINSA-N seed101 206.412s
5707/8070 SUCCESS F2/F10 4UDW ATSROBXXNRWKDL-UHFFFAOYSA-N seed17 150.794s
5708/8070 SUCCESS F2/F10 2JKH UQMOAGGBXALCSZ-UXHICEINSA-N seed29 184.647s
5709/8070 SUCCESS F2/F10 4UDW ATSROBXXNRWKDL-UHFFFAOYSA-N seed29 152.068s
5710/8070 SUCCESS F2/F10 2JKH UQMOAGGBXALCSZ-UXHICEINSA-N seed71 186.044s
5711/8070 SUCCESS F2/F10 2JKH UQMOAGGBXALCSZ-UXHICEINSA-N seed42 188.566s
5712/8070 SUCCESS F2/F10 2JKH UQMOAGGBXALCSZ-UXHICEINSA-N seed101 186.697s
5713/8070 SUCCESS F2/F10 4UDW ATSROBXXNRWKDL-UHFFFAOYSA-N seed42 146.638s
5714/8070 SUCCESS F2/F10 4UDW ATSROBXXNRWKDL-UHFFFAOYSA-N seed71 144.503s
5715/8070 SUCCESS F2/F10 2JKH ATSROBXXNRWKDL-UHFFFAOYSA-N seed17 132.022s
5716/8070 SUCCESS F2/F10 2JKH ATSROBXXNRWKDL-UHFFFAOYSA-N seed29 131.01s
5717/8070 SUCCESS F2/F10 4UDW ATSROBXXNRWKDL-UHFFFAOYSA-N seed101 146.529s
5718/8070 SUCCESS F2/F10 2JKH ATSROBXXNRWKDL-UHFFFAOYSA-N seed42 130.836s
5719/8070 SUCCESS F2/F10 4UDW ZGTXQBGGQAQPFQ-RGEXLXHISA-N seed42 49.077s
5720/8070 SUCCESS F2/F10 4UDW ZGTXQBGGQAQPFQ-RGEXLXHISA-N seed17 51.319s
5721/8070 SUCCESS F2/F10 4UDW ZGTXQBGGQAQPFQ-RGEXLXHISA-N seed29 50.882s
5722/8070 SUCCESS F2/F10 4UDW ZGTXQBGGQAQPFQ-RGEXLXHISA-N seed71 49.845s
5723/8070 SUCCESS F2/F10 4UDW ZGTXQBGGQAQPFQ-RGEXLXHISA-N seed101 49.579s
5724/8070 SUCCESS F2/F10 2JKH ZGTXQBGGQAQPFQ-RGEXLXHISA-N seed17 51.392s
5725/8070 SUCCESS F2/F10 2JKH ZGTXQBGGQAQPFQ-RGEXLXHISA-N seed29 51.677s
5726/8070 SUCCESS F2/F10 2JKH ZGTXQBGGQAQPFQ-RGEXLXHISA-N seed42 51.567s
5727/8070 SUCCESS F2/F10 2JKH ATSROBXXNRWKDL-UHFFFAOYSA-N seed71 124.211s
5728/8070 SUCCESS F2/F10 2JKH ATSROBXXNRWKDL-UHFFFAOYSA-N seed101 123.416s
5729/8070 SUCCESS F2/F10 2JKH ZGTXQBGGQAQPFQ-RGEXLXHISA-N seed71 54.076s
5730/8070 SUCCESS F2/F10 2JKH ZGTXQBGGQAQPFQ-RGEXLXHISA-N seed101 52.968s
5731/8070 SUCCESS F2/F10 2JKH QACZHTZZUSYTGR-NDEPHWFRSA-N seed17 273.63s
5732/8070 SUCCESS F2/F10 4UDW QACZHTZZUSYTGR-NDEPHWFRSA-N seed17 343.58s
5733/8070 SUCCESS F2/F10 4UDW QACZHTZZUSYTGR-NDEPHWFRSA-N seed29 349.309s
5734/8070 SUCCESS F2/F10 4UDW QACZHTZZUSYTGR-NDEPHWFRSA-N seed71 340.521s
5735/8070 SUCCESS F2/F10 4UDW QACZHTZZUSYTGR-NDEPHWFRSA-N seed42 353.554s
5736/8070 SUCCESS F2/F10 4UDW QACZHTZZUSYTGR-NDEPHWFRSA-N seed101 353.531s
5737/8070 SUCCESS F2/F10 2JKH QACZHTZZUSYTGR-NDEPHWFRSA-N seed29 274.662s
5738/8070 SUCCESS F2/F10 2JKH QACZHTZZUSYTGR-NDEPHWFRSA-N seed42 268.995s
5739/8070 SUCCESS F2/F10 2JKH QACZHTZZUSYTGR-NDEPHWFRSA-N seed71 272.367s
5740/8070 SUCCESS F2/F10 2JKH QACZHTZZUSYTGR-NDEPHWFRSA-N seed101 272.789s
5741/8070 SUCCESS F2/F10 2JKH VICVHWDAOZFSIP-LJAQVGFWSA-N seed17 678.5s
5742/8070 SUCCESS F2/F10 4UDW VICVHWDAOZFSIP-LJAQVGFWSA-N seed17 977.53s
5743/8070 SUCCESS F2/F10 4UDW VICVHWDAOZFSIP-LJAQVGFWSA-N seed29 956.157s
5744/8070 SUCCESS F2/F10 4UDW VICVHWDAOZFSIP-LJAQVGFWSA-N seed42 960.88s
5745/8070 SUCCESS F2/F10 4UDW VICVHWDAOZFSIP-LJAQVGFWSA-N seed71 962.563s
5746/8070 SUCCESS F2/F10 4UDW VICVHWDAOZFSIP-LJAQVGFWSA-N seed101 964.942s
5747/8070 SUCCESS F2/F10 4UDW LBNIAVAXSURFQL-MHZLTWQESA-N seed17 179.839s
5748/8070 SUCCESS F2/F10 4UDW LBNIAVAXSURFQL-MHZLTWQESA-N seed29 180.401s
5749/8070 SUCCESS F2/F10 4UDW LBNIAVAXSURFQL-MHZLTWQESA-N seed42 183.484s
5750/8070 SUCCESS F2/F10 4UDW LBNIAVAXSURFQL-MHZLTWQESA-N seed71 183.273s
5751/8070 SUCCESS F2/F10 2JKH VICVHWDAOZFSIP-LJAQVGFWSA-N seed29 659.805s
5752/8070 SUCCESS F2/F10 2JKH VICVHWDAOZFSIP-LJAQVGFWSA-N seed42 677.345s
5753/8070 SUCCESS F2/F10 2JKH VICVHWDAOZFSIP-LJAQVGFWSA-N seed71 669.244s
5754/8070 SUCCESS F2/F10 4UDW LBNIAVAXSURFQL-MHZLTWQESA-N seed101 179.152s
5755/8070 SUCCESS F2/F10 2JKH LBNIAVAXSURFQL-MHZLTWQESA-N seed17 178.224s
5756/8070 SUCCESS F2/F10 2JKH LBNIAVAXSURFQL-MHZLTWQESA-N seed29 178.233s
5757/8070 SUCCESS F2/F10 2JKH LBNIAVAXSURFQL-MHZLTWQESA-N seed42 180.028s
5758/8070 SUCCESS F2/F10 2JKH LBNIAVAXSURFQL-MHZLTWQESA-N seed71 181.02s
5759/8070 SUCCESS F2/F10 2JKH VICVHWDAOZFSIP-LJAQVGFWSA-N seed101 656.041s
5760/8070 SUCCESS F2/F10 2JKH LBNIAVAXSURFQL-MHZLTWQESA-N seed101 182.83s
5761/8070 SUCCESS F2/F10 4UDW BEROVXWZGFDKPA-UHFFFAOYSA-N seed17 249.853s
5762/8070 SUCCESS F2/F10 4UDW BEROVXWZGFDKPA-UHFFFAOYSA-N seed29 249.222s
5763/8070 SUCCESS F2/F10 4UDW BEROVXWZGFDKPA-UHFFFAOYSA-N seed42 253.86s
5764/8070 SUCCESS F2/F10 4UDW BEROVXWZGFDKPA-UHFFFAOYSA-N seed71 254.145s
5765/8070 SUCCESS F2/F10 4UDW BEROVXWZGFDKPA-UHFFFAOYSA-N seed101 253.185s
5766/8070 SUCCESS F2/F10 4UDW FEKRWNWZMOSVBX-UHFFFAOYSA-N seed17 42.914s
5767/8070 SUCCESS F2/F10 2JKH BEROVXWZGFDKPA-UHFFFAOYSA-N seed17 236.219s
5768/8070 SUCCESS F2/F10 4UDW FEKRWNWZMOSVBX-UHFFFAOYSA-N seed29 41.505s
5769/8070 SUCCESS F2/F10 4UDW FEKRWNWZMOSVBX-UHFFFAOYSA-N seed42 41.189s
5770/8070 SUCCESS F2/F10 4UDW FEKRWNWZMOSVBX-UHFFFAOYSA-N seed71 41.575s
5771/8070 SUCCESS F2/F10 2JKH BEROVXWZGFDKPA-UHFFFAOYSA-N seed29 232.306s
5772/8070 SUCCESS F2/F10 4UDW FEKRWNWZMOSVBX-UHFFFAOYSA-N seed101 40.677s
5773/8070 SUCCESS F2/F10 2JKH BEROVXWZGFDKPA-UHFFFAOYSA-N seed42 230.853s
5774/8070 SUCCESS F2/F10 2JKH FEKRWNWZMOSVBX-UHFFFAOYSA-N seed17 41.885s
5775/8070 SUCCESS F2/F10 2JKH FEKRWNWZMOSVBX-UHFFFAOYSA-N seed29 41.436s
5776/8070 SUCCESS F2/F10 2JKH FEKRWNWZMOSVBX-UHFFFAOYSA-N seed42 40.935s
5777/8070 SUCCESS F2/F10 2JKH FEKRWNWZMOSVBX-UHFFFAOYSA-N seed71 40.983s
5778/8070 SUCCESS F2/F10 2JKH BEROVXWZGFDKPA-UHFFFAOYSA-N seed71 226.979s
5779/8070 SUCCESS F2/F10 2JKH FEKRWNWZMOSVBX-UHFFFAOYSA-N seed101 41.123s
5780/8070 SUCCESS F2/F10 2JKH BEROVXWZGFDKPA-UHFFFAOYSA-N seed101 225.366s
5781/8070 SUCCESS F2/F10 4UDW BVBGZXXLVHYBKI-UHFFFAOYSA-N seed17 76.565s
5782/8070 SUCCESS F2/F10 4UDW BVBGZXXLVHYBKI-UHFFFAOYSA-N seed29 76.577s
5783/8070 SUCCESS F2/F10 4UDW BVBGZXXLVHYBKI-UHFFFAOYSA-N seed42 76.199s
5784/8070 SUCCESS F2/F10 4UDW BVBGZXXLVHYBKI-UHFFFAOYSA-N seed71 76.446s
5785/8070 SUCCESS F2/F10 4UDW BVBGZXXLVHYBKI-UHFFFAOYSA-N seed101 75.545s
5786/8070 SUCCESS F2/F10 2JKH BVBGZXXLVHYBKI-UHFFFAOYSA-N seed17 75.731s
5787/8070 SUCCESS F2/F10 4UDW VHCWDBADFMDZND-QFYYESIMSA-N seed17 47.35s
5788/8070 SUCCESS F2/F10 2JKH BVBGZXXLVHYBKI-UHFFFAOYSA-N seed29 75.873s
5789/8070 SUCCESS F2/F10 2JKH BVBGZXXLVHYBKI-UHFFFAOYSA-N seed42 75.72s
5790/8070 SUCCESS F2/F10 4UDW VHCWDBADFMDZND-QFYYESIMSA-N seed29 47.747s
5791/8070 SUCCESS F2/F10 2JKH BVBGZXXLVHYBKI-UHFFFAOYSA-N seed71 75.818s
5792/8070 SUCCESS F2/F10 2JKH BVBGZXXLVHYBKI-UHFFFAOYSA-N seed101 76.335s
5793/8070 SUCCESS F2/F10 4UDW VHCWDBADFMDZND-QFYYESIMSA-N seed42 47.386s
5794/8070 SUCCESS F2/F10 4UDW VHCWDBADFMDZND-QFYYESIMSA-N seed71 47.575s
5795/8070 SUCCESS F2/F10 4UDW VHCWDBADFMDZND-QFYYESIMSA-N seed101 47.844s
5796/8070 SUCCESS F2/F10 2JKH VHCWDBADFMDZND-QFYYESIMSA-N seed17 51.056s
5797/8070 SUCCESS F2/F10 2JKH VHCWDBADFMDZND-QFYYESIMSA-N seed29 51.01s
5798/8070 SUCCESS F2/F10 4UDW ZEJKPIWHZAIROY-UHFFFAOYSA-N seed17 19.958s
5799/8070 SUCCESS F2/F10 2JKH VHCWDBADFMDZND-QFYYESIMSA-N seed42 51.296s
5800/8070 SUCCESS F2/F10 4UDW ZEJKPIWHZAIROY-UHFFFAOYSA-N seed29 19.879s
5801/8070 SUCCESS F2/F10 4UDW ZEJKPIWHZAIROY-UHFFFAOYSA-N seed42 19.683s
5802/8070 SUCCESS F2/F10 4UDW ZEJKPIWHZAIROY-UHFFFAOYSA-N seed71 19.921s
5803/8070 SUCCESS F2/F10 4UDW ZEJKPIWHZAIROY-UHFFFAOYSA-N seed101 19.698s
5804/8070 SUCCESS F2/F10 2JKH VHCWDBADFMDZND-QFYYESIMSA-N seed71 50.813s
5805/8070 SUCCESS F2/F10 2JKH VHCWDBADFMDZND-QFYYESIMSA-N seed101 50.888s
5806/8070 SUCCESS F2/F10 2JKH ZEJKPIWHZAIROY-UHFFFAOYSA-N seed17 20.645s
5807/8070 SUCCESS F2/F10 2JKH ZEJKPIWHZAIROY-UHFFFAOYSA-N seed29 20.955s
5808/8070 SUCCESS F2/F10 2JKH ZEJKPIWHZAIROY-UHFFFAOYSA-N seed42 21.278s
5809/8070 SUCCESS F2/F10 2JKH ZEJKPIWHZAIROY-UHFFFAOYSA-N seed71 21.403s
5810/8070 SUCCESS F2/F10 2JKH ZEJKPIWHZAIROY-UHFFFAOYSA-N seed101 21.218s
5811/8070 SUCCESS F2/F10 2JKH DWNHMQOMYAIZCG-HHHXNRCGSA-N seed17 879.127s
5812/8070 SUCCESS F2/F10 4UDW DWNHMQOMYAIZCG-HHHXNRCGSA-N seed17 995.91s
5813/8070 SUCCESS F2/F10 4UDW DWNHMQOMYAIZCG-HHHXNRCGSA-N seed29 1004.373s
5814/8070 SUCCESS F2/F10 4UDW DWNHMQOMYAIZCG-HHHXNRCGSA-N seed101 1005.713s
5815/8070 SUCCESS F2/F10 4UDW DWNHMQOMYAIZCG-HHHXNRCGSA-N seed42 1021.485s
5816/8070 SUCCESS F2/F10 4UDW DWNHMQOMYAIZCG-HHHXNRCGSA-N seed71 1013.818s
5817/8070 SUCCESS F2/F10 2JKH DWNHMQOMYAIZCG-HHHXNRCGSA-N seed29 886.231s
5818/8070 SUCCESS F2/F10 2JKH DWNHMQOMYAIZCG-HHHXNRCGSA-N seed42 903.093s
5819/8070 SUCCESS F2/F10 2JKH DWNHMQOMYAIZCG-HHHXNRCGSA-N seed71 904.483s
5820/8070 SUCCESS F2/F10 2JKH DWNHMQOMYAIZCG-HHHXNRCGSA-N seed101 909.757s
5821/8070 SUCCESS F2/F10 4UDW YGMAIAXBJLVVLI-KLJDGLGGSA-N seed17 1289.964s
5822/8070 SUCCESS F2/F10 4UDW YGMAIAXBJLVVLI-KLJDGLGGSA-N seed29 1327.584s
5823/8070 SUCCESS F2/F10 2JKH YGMAIAXBJLVVLI-KLJDGLGGSA-N seed17 1043.52s
5824/8070 SUCCESS F2/F10 4UDW YGMAIAXBJLVVLI-KLJDGLGGSA-N seed42 1346.759s
5825/8070 SUCCESS F2/F10 4UDW YGMAIAXBJLVVLI-KLJDGLGGSA-N seed101 1307.204s
5826/8070 SUCCESS F2/F10 4UDW YGMAIAXBJLVVLI-KLJDGLGGSA-N seed71 1349.043s
5827/8070 SUCCESS F2/F10 2JKH YGMAIAXBJLVVLI-KLJDGLGGSA-N seed29 1061.562s
5828/8070 SUCCESS F2/F10 2JKH YGMAIAXBJLVVLI-KLJDGLGGSA-N seed42 1048.654s
5829/8070 SUCCESS F2/F10 4UDW AIZUZOZYGWNPIO-UHFFFAOYSA-N seed17 423.111s
5830/8070 SUCCESS F2/F10 4UDW AIZUZOZYGWNPIO-UHFFFAOYSA-N seed29 417.391s
5831/8070 SUCCESS F2/F10 4UDW AIZUZOZYGWNPIO-UHFFFAOYSA-N seed42 405.538s
5832/8070 SUCCESS F2/F10 4UDW AIZUZOZYGWNPIO-UHFFFAOYSA-N seed71 407.473s
5833/8070 SUCCESS F2/F10 2JKH AIZUZOZYGWNPIO-UHFFFAOYSA-N seed17 291.01s
5834/8070 SUCCESS F2/F10 2JKH YGMAIAXBJLVVLI-KLJDGLGGSA-N seed71 1035.402s
5835/8070 SUCCESS F2/F10 4UDW AIZUZOZYGWNPIO-UHFFFAOYSA-N seed101 390.546s
5836/8070 SUCCESS F2/F10 2JKH AIZUZOZYGWNPIO-UHFFFAOYSA-N seed29 277.285s
5837/8070 SUCCESS F2/F10 4UDW JTWPXAPBCSEZRE-UHFFFAOYSA-N seed17 45.861s
5838/8070 SUCCESS F2/F10 2JKH AIZUZOZYGWNPIO-UHFFFAOYSA-N seed42 278.657s
5839/8070 SUCCESS F2/F10 4UDW JTWPXAPBCSEZRE-UHFFFAOYSA-N seed29 45.117s
5840/8070 SUCCESS F2/F10 4UDW JTWPXAPBCSEZRE-UHFFFAOYSA-N seed42 44.737s
5841/8070 SUCCESS F2/F10 4UDW JTWPXAPBCSEZRE-UHFFFAOYSA-N seed71 44.967s
5842/8070 SUCCESS F2/F10 2JKH YGMAIAXBJLVVLI-KLJDGLGGSA-N seed101 1016.112s
5843/8070 SUCCESS F2/F10 4UDW JTWPXAPBCSEZRE-UHFFFAOYSA-N seed101 45.267s
5844/8070 SUCCESS F2/F10 2JKH JTWPXAPBCSEZRE-UHFFFAOYSA-N seed17 48.71s
5845/8070 SUCCESS F2/F10 2JKH JTWPXAPBCSEZRE-UHFFFAOYSA-N seed29 49.133s
5846/8070 SUCCESS F2/F10 2JKH JTWPXAPBCSEZRE-UHFFFAOYSA-N seed42 48.393s
5847/8070 SUCCESS F2/F10 2JKH JTWPXAPBCSEZRE-UHFFFAOYSA-N seed71 48.756s
5848/8070 SUCCESS F2/F10 2JKH JTWPXAPBCSEZRE-UHFFFAOYSA-N seed101 48.676s
5849/8070 SUCCESS F2/F10 2JKH AIZUZOZYGWNPIO-UHFFFAOYSA-N seed71 272.99s
5850/8070 SUCCESS F2/F10 4UDW NSUDDASMRZSVON-UHFFFAOYSA-N seed17 44.972s
5851/8070 SUCCESS F2/F10 4UDW NSUDDASMRZSVON-UHFFFAOYSA-N seed29 45.142s
5852/8070 SUCCESS F2/F10 4UDW NSUDDASMRZSVON-UHFFFAOYSA-N seed42 45.055s
5853/8070 SUCCESS F2/F10 4UDW NSUDDASMRZSVON-UHFFFAOYSA-N seed71 44.281s
5854/8070 SUCCESS F2/F10 4UDW NSUDDASMRZSVON-UHFFFAOYSA-N seed101 43.897s
5855/8070 SUCCESS F2/F10 2JKH NSUDDASMRZSVON-UHFFFAOYSA-N seed17 46.907s
5856/8070 SUCCESS F2/F10 2JKH AIZUZOZYGWNPIO-UHFFFAOYSA-N seed101 271.671s
5857/8070 SUCCESS F2/F10 2JKH NSUDDASMRZSVON-UHFFFAOYSA-N seed29 47.092s
5858/8070 SUCCESS F2/F10 2JKH NSUDDASMRZSVON-UHFFFAOYSA-N seed42 46.907s
5859/8070 SUCCESS F2/F10 2JKH NSUDDASMRZSVON-UHFFFAOYSA-N seed71 47.408s
5860/8070 SUCCESS F2/F10 4UDW QZKOOEFIMWKZPK-UHFFFAOYSA-N seed17 39.207s
5861/8070 SUCCESS F2/F10 2JKH NSUDDASMRZSVON-UHFFFAOYSA-N seed101 46.251s
5862/8070 SUCCESS F2/F10 4UDW QZKOOEFIMWKZPK-UHFFFAOYSA-N seed29 39.638s
5863/8070 SUCCESS F2/F10 4UDW QZKOOEFIMWKZPK-UHFFFAOYSA-N seed42 39.192s
5864/8070 SUCCESS F2/F10 4UDW QZKOOEFIMWKZPK-UHFFFAOYSA-N seed71 39.341s
5865/8070 SUCCESS F2/F10 4UDW QZKOOEFIMWKZPK-UHFFFAOYSA-N seed101 39.441s
5866/8070 SUCCESS F2/F10 2JKH QZKOOEFIMWKZPK-UHFFFAOYSA-N seed17 39.863s
5867/8070 SUCCESS F2/F10 2JKH QZKOOEFIMWKZPK-UHFFFAOYSA-N seed29 40.22s
5868/8070 SUCCESS F2/F10 2JKH QZKOOEFIMWKZPK-UHFFFAOYSA-N seed42 40.055s
5869/8070 SUCCESS F2/F10 2JKH QZKOOEFIMWKZPK-UHFFFAOYSA-N seed71 40.656s
5870/8070 SUCCESS F2/F10 2JKH QZKOOEFIMWKZPK-UHFFFAOYSA-N seed101 40.902s
5871/8070 SUCCESS PPARG/PPARA 6LXA FROPLQNRWKTHEE-UHFFFAOYSA-N seed17 243.459s
5872/8070 SUCCESS PPARG/PPARA 9V8H FROPLQNRWKTHEE-UHFFFAOYSA-N seed17 319.251s
5873/8070 SUCCESS PPARG/PPARA 9V8H FROPLQNRWKTHEE-UHFFFAOYSA-N seed71 309.893s
5874/8070 SUCCESS PPARG/PPARA 9V8H FROPLQNRWKTHEE-UHFFFAOYSA-N seed29 319.17s
5875/8070 SUCCESS PPARG/PPARA 9V8H FROPLQNRWKTHEE-UHFFFAOYSA-N seed42 320.751s
5876/8070 SUCCESS PPARG/PPARA 9V8H FROPLQNRWKTHEE-UHFFFAOYSA-N seed101 316.759s
5877/8070 SUCCESS PPARG/PPARA 9V8H OSSVQVKVEZPBSO-UHFFFAOYSA-M seed17 73.783s
5878/8070 SUCCESS PPARG/PPARA 9V8H OSSVQVKVEZPBSO-UHFFFAOYSA-M seed29 73.527s
5879/8070 SUCCESS PPARG/PPARA 9V8H OSSVQVKVEZPBSO-UHFFFAOYSA-M seed42 75.273s
5880/8070 SUCCESS PPARG/PPARA 9V8H OSSVQVKVEZPBSO-UHFFFAOYSA-M seed71 74.464s
5881/8070 SUCCESS PPARG/PPARA 6LXA FROPLQNRWKTHEE-UHFFFAOYSA-N seed29 223.167s
5882/8070 SUCCESS PPARG/PPARA 6LXA FROPLQNRWKTHEE-UHFFFAOYSA-N seed71 209.936s
5883/8070 SUCCESS PPARG/PPARA 6LXA FROPLQNRWKTHEE-UHFFFAOYSA-N seed101 212.578s
5884/8070 SUCCESS PPARG/PPARA 6LXA OSSVQVKVEZPBSO-UHFFFAOYSA-M seed17 64.166s
5885/8070 SUCCESS PPARG/PPARA 6LXA FROPLQNRWKTHEE-UHFFFAOYSA-N seed42 227.96s
5886/8070 SUCCESS PPARG/PPARA 6LXA OSSVQVKVEZPBSO-UHFFFAOYSA-M seed29 59.311s
5887/8070 SUCCESS PPARG/PPARA 9V8H OSSVQVKVEZPBSO-UHFFFAOYSA-M seed101 73.14s
5888/8070 SUCCESS PPARG/PPARA 6LXA OSSVQVKVEZPBSO-UHFFFAOYSA-M seed42 64.498s
5889/8070 SUCCESS PPARG/PPARA 6LXA OSSVQVKVEZPBSO-UHFFFAOYSA-M seed71 60.775s
5890/8070 SUCCESS PPARG/PPARA 6LXA OSSVQVKVEZPBSO-UHFFFAOYSA-M seed101 65.399s
5891/8070 SUCCESS PPARG/PPARA 9V8H RHNGSZQNJSTEEB-UHFFFAOYSA-M seed29 73.371s
5892/8070 SUCCESS PPARG/PPARA 9V8H RHNGSZQNJSTEEB-UHFFFAOYSA-M seed17 75.677s
5893/8070 SUCCESS PPARG/PPARA 9V8H RHNGSZQNJSTEEB-UHFFFAOYSA-M seed42 73.238s
5894/8070 SUCCESS PPARG/PPARA 6LXA RHNGSZQNJSTEEB-UHFFFAOYSA-M seed17 59.34s
5895/8070 SUCCESS PPARG/PPARA 9V8H RHNGSZQNJSTEEB-UHFFFAOYSA-M seed71 74.85s
5896/8070 SUCCESS PPARG/PPARA 9V8H RHNGSZQNJSTEEB-UHFFFAOYSA-M seed101 76.395s
5897/8070 SUCCESS PPARG/PPARA 6LXA RHNGSZQNJSTEEB-UHFFFAOYSA-M seed29 57.339s
5898/8070 SUCCESS PPARG/PPARA 6LXA RHNGSZQNJSTEEB-UHFFFAOYSA-M seed42 58.084s
5899/8070 SUCCESS PPARG/PPARA 6LXA RHNGSZQNJSTEEB-UHFFFAOYSA-M seed71 56.653s
5900/8070 SUCCESS PPARG/PPARA 6LXA RHNGSZQNJSTEEB-UHFFFAOYSA-M seed101 60.109s
5901/8070 SUCCESS PPARG/PPARA 9V8H NEXABUMCTWIWDJ-UHFFFAOYSA-N seed17 118.409s
5902/8070 SUCCESS PPARG/PPARA 9V8H NEXABUMCTWIWDJ-UHFFFAOYSA-N seed29 125.542s
5903/8070 SUCCESS PPARG/PPARA 9V8H NEXABUMCTWIWDJ-UHFFFAOYSA-N seed71 124.204s
5904/8070 SUCCESS PPARG/PPARA 9V8H NEXABUMCTWIWDJ-UHFFFAOYSA-N seed42 128.33s
5905/8070 SUCCESS PPARG/PPARA 9V8H NEXABUMCTWIWDJ-UHFFFAOYSA-N seed101 130.413s
5906/8070 SUCCESS PPARG/PPARA 6LXA NEXABUMCTWIWDJ-UHFFFAOYSA-N seed17 99.858s
5907/8070 SUCCESS PPARG/PPARA 6LXA NEXABUMCTWIWDJ-UHFFFAOYSA-N seed29 98.602s
5908/8070 SUCCESS PPARG/PPARA 6LXA NEXABUMCTWIWDJ-UHFFFAOYSA-N seed71 99.788s
5909/8070 SUCCESS PPARG/PPARA 6LXA NEXABUMCTWIWDJ-UHFFFAOYSA-N seed101 97.091s
5910/8070 SUCCESS PPARG/PPARA 6LXA NEXABUMCTWIWDJ-UHFFFAOYSA-N seed42 105.733s
5911/8070 SUCCESS PPARG/PPARA 9V8H BGRNRDBRZYUNFJ-UHFFFAOYSA-N seed17 168.514s
5912/8070 SUCCESS PPARG/PPARA 9V8H BGRNRDBRZYUNFJ-UHFFFAOYSA-N seed29 169.498s
5913/8070 SUCCESS PPARG/PPARA 6LXA BGRNRDBRZYUNFJ-UHFFFAOYSA-N seed17 125.849s
5914/8070 SUCCESS PPARG/PPARA 9V8H BGRNRDBRZYUNFJ-UHFFFAOYSA-N seed42 166.883s
5915/8070 SUCCESS PPARG/PPARA 9V8H BGRNRDBRZYUNFJ-UHFFFAOYSA-N seed101 166.444s
5916/8070 SUCCESS PPARG/PPARA 9V8H BGRNRDBRZYUNFJ-UHFFFAOYSA-N seed71 171.87s
5917/8070 SUCCESS PPARG/PPARA 6LXA BGRNRDBRZYUNFJ-UHFFFAOYSA-N seed29 133.937s
5918/8070 SUCCESS PPARG/PPARA 6LXA BGRNRDBRZYUNFJ-UHFFFAOYSA-N seed42 123.036s
5919/8070 SUCCESS PPARG/PPARA 6LXA BGRNRDBRZYUNFJ-UHFFFAOYSA-N seed71 139.755s
5920/8070 SUCCESS PPARG/PPARA 6LXA BGRNRDBRZYUNFJ-UHFFFAOYSA-N seed101 121.958s
5921/8070 SUCCESS PPARG/PPARA 9V8H WRQQBPQQSNVETI-UHFFFAOYSA-N seed29 276.419s
5922/8070 SUCCESS PPARG/PPARA 9V8H WRQQBPQQSNVETI-UHFFFAOYSA-N seed17 286.919s
5923/8070 SUCCESS PPARG/PPARA 6LXA WRQQBPQQSNVETI-UHFFFAOYSA-N seed17 183.821s
5924/8070 SUCCESS PPARG/PPARA 9V8H WRQQBPQQSNVETI-UHFFFAOYSA-N seed71 254.121s
5925/8070 SUCCESS PPARG/PPARA 9V8H WRQQBPQQSNVETI-UHFFFAOYSA-N seed42 278.874s
5926/8070 SUCCESS PPARG/PPARA 9V8H WRQQBPQQSNVETI-UHFFFAOYSA-N seed101 272.398s
5927/8070 SUCCESS PPARG/PPARA 6LXA WRQQBPQQSNVETI-UHFFFAOYSA-N seed71 163.68s
5928/8070 SUCCESS PPARG/PPARA 6LXA WRQQBPQQSNVETI-UHFFFAOYSA-N seed42 174.192s
5929/8070 SUCCESS PPARG/PPARA 6LXA WRQQBPQQSNVETI-UHFFFAOYSA-N seed29 187.909s
5930/8070 SUCCESS PPARG/PPARA 6LXA WRQQBPQQSNVETI-UHFFFAOYSA-N seed101 183.381s
5931/8070 SUCCESS PPARG/PPARA 9V8H QRUJOOQWHBDHME-JOCHJYFZSA-N seed17 274.249s
5932/8070 SUCCESS PPARG/PPARA 9V8H QRUJOOQWHBDHME-JOCHJYFZSA-N seed29 292.44s
5933/8070 SUCCESS PPARG/PPARA 6LXA QRUJOOQWHBDHME-JOCHJYFZSA-N seed17 249.414s
5934/8070 SUCCESS PPARG/PPARA 9V8H QRUJOOQWHBDHME-JOCHJYFZSA-N seed42 310.788s
5935/8070 SUCCESS PPARG/PPARA 9V8H QRUJOOQWHBDHME-JOCHJYFZSA-N seed101 305.723s
5936/8070 SUCCESS PPARG/PPARA 9V8H QRUJOOQWHBDHME-JOCHJYFZSA-N seed71 323.883s
5937/8070 SUCCESS PPARG/PPARA 6LXA QRUJOOQWHBDHME-JOCHJYFZSA-N seed29 221.141s
5938/8070 SUCCESS PPARG/PPARA 6LXA QRUJOOQWHBDHME-JOCHJYFZSA-N seed42 255.112s
5939/8070 SUCCESS PPARG/PPARA 6LXA QRUJOOQWHBDHME-JOCHJYFZSA-N seed71 216.256s
5940/8070 SUCCESS PPARG/PPARA 9V8H CBAPCEBKWQCANY-RUZDIDTESA-N seed17 183.366s
5941/8070 SUCCESS PPARG/PPARA 9V8H CBAPCEBKWQCANY-RUZDIDTESA-N seed29 176.342s
5942/8070 SUCCESS PPARG/PPARA 6LXA QRUJOOQWHBDHME-JOCHJYFZSA-N seed101 230.387s
5943/8070 SUCCESS PPARG/PPARA 9V8H CBAPCEBKWQCANY-RUZDIDTESA-N seed42 186.007s
5944/8070 SUCCESS PPARG/PPARA 9V8H CBAPCEBKWQCANY-RUZDIDTESA-N seed71 186.259s
5945/8070 SUCCESS PPARG/PPARA 6LXA CBAPCEBKWQCANY-RUZDIDTESA-N seed29 159.146s
5946/8070 SUCCESS PPARG/PPARA 9V8H CBAPCEBKWQCANY-RUZDIDTESA-N seed101 186.451s
5947/8070 SUCCESS PPARG/PPARA 6LXA CBAPCEBKWQCANY-RUZDIDTESA-N seed17 181.724s
5948/8070 SUCCESS PPARG/PPARA 6LXA CBAPCEBKWQCANY-RUZDIDTESA-N seed42 174.992s
5949/8070 SUCCESS PPARG/PPARA 6LXA CBAPCEBKWQCANY-RUZDIDTESA-N seed71 167.631s
5950/8070 SUCCESS PPARG/PPARA 6LXA CBAPCEBKWQCANY-RUZDIDTESA-N seed101 160.045s
5951/8070 SUCCESS PPARG/PPARA 9V8H SOKGUCREKPAHNX-UHFFFAOYSA-N seed17 340.58s
5952/8070 SUCCESS PPARG/PPARA 9V8H SOKGUCREKPAHNX-UHFFFAOYSA-N seed29 334.063s
5953/8070 SUCCESS PPARG/PPARA 9V8H SOKGUCREKPAHNX-UHFFFAOYSA-N seed42 336.445s
5954/8070 SUCCESS PPARG/PPARA 9V8H SOKGUCREKPAHNX-UHFFFAOYSA-N seed71 330.986s
5955/8070 SUCCESS PPARG/PPARA 9V8H SOKGUCREKPAHNX-UHFFFAOYSA-N seed101 352.84s
5956/8070 SUCCESS PPARG/PPARA 6LXA SOKGUCREKPAHNX-UHFFFAOYSA-N seed17 278.337s
5957/8070 SUCCESS PPARG/PPARA 9V8H HEWRQLQNINUEQT-IBGZPJMESA-N seed17 149.037s
5958/8070 SUCCESS PPARG/PPARA 9V8H HEWRQLQNINUEQT-IBGZPJMESA-N seed29 151.502s
5959/8070 SUCCESS PPARG/PPARA 6LXA SOKGUCREKPAHNX-UHFFFAOYSA-N seed29 259.897s
5960/8070 SUCCESS PPARG/PPARA 6LXA SOKGUCREKPAHNX-UHFFFAOYSA-N seed42 251.097s
5961/8070 SUCCESS PPARG/PPARA 6LXA SOKGUCREKPAHNX-UHFFFAOYSA-N seed71 276.392s
5962/8070 SUCCESS PPARG/PPARA 6LXA SOKGUCREKPAHNX-UHFFFAOYSA-N seed101 273.582s
5963/8070 SUCCESS PPARG/PPARA 9V8H HEWRQLQNINUEQT-IBGZPJMESA-N seed42 148.475s
5964/8070 SUCCESS PPARG/PPARA 6LXA HEWRQLQNINUEQT-IBGZPJMESA-N seed17 107.449s
5965/8070 SUCCESS PPARG/PPARA 9V8H HEWRQLQNINUEQT-IBGZPJMESA-N seed71 143.642s
5966/8070 SUCCESS PPARG/PPARA 6LXA HEWRQLQNINUEQT-IBGZPJMESA-N seed29 107.794s
5967/8070 SUCCESS PPARG/PPARA 9V8H HEWRQLQNINUEQT-IBGZPJMESA-N seed101 147.775s
5968/8070 SUCCESS PPARG/PPARA 6LXA HEWRQLQNINUEQT-IBGZPJMESA-N seed42 110.581s
5969/8070 SUCCESS PPARG/PPARA 6LXA HEWRQLQNINUEQT-IBGZPJMESA-N seed71 120.809s
5970/8070 SUCCESS PPARG/PPARA 6LXA HEWRQLQNINUEQT-IBGZPJMESA-N seed101 111.445s
5971/8070 SUCCESS PPARG/PPARA 9V8H RFJZRTHJELDNPR-KRWDZBQOSA-N seed17 180.641s
5972/8070 SUCCESS PPARG/PPARA 9V8H RFJZRTHJELDNPR-KRWDZBQOSA-N seed29 171.228s
5973/8070 SUCCESS PPARG/PPARA 9V8H RFJZRTHJELDNPR-KRWDZBQOSA-N seed71 169.849s
5974/8070 SUCCESS PPARG/PPARA 9V8H RFJZRTHJELDNPR-KRWDZBQOSA-N seed42 191.145s
5975/8070 SUCCESS PPARG/PPARA 6LXA RFJZRTHJELDNPR-KRWDZBQOSA-N seed17 173.875s
5976/8070 SUCCESS PPARG/PPARA 9V8H RFJZRTHJELDNPR-KRWDZBQOSA-N seed101 183.411s
5977/8070 SUCCESS PPARG/PPARA 6LXA RFJZRTHJELDNPR-KRWDZBQOSA-N seed29 180.937s
5978/8070 SUCCESS PPARG/PPARA 6LXA RFJZRTHJELDNPR-KRWDZBQOSA-N seed42 170.575s
5979/8070 SUCCESS PPARG/PPARA 6LXA RFJZRTHJELDNPR-KRWDZBQOSA-N seed71 175.713s
5980/8070 SUCCESS PPARG/PPARA 6LXA RFJZRTHJELDNPR-KRWDZBQOSA-N seed101 186.61s
5981/8070 SUCCESS PPARG/PPARA 9V8H GIXMGPYDKTUODZ-SFHVURJKSA-N seed17 142.2s
5982/8070 SUCCESS PPARG/PPARA 9V8H GIXMGPYDKTUODZ-SFHVURJKSA-N seed29 145.636s
5983/8070 SUCCESS PPARG/PPARA 9V8H GIXMGPYDKTUODZ-SFHVURJKSA-N seed42 126.41s
5984/8070 SUCCESS PPARG/PPARA 9V8H GIXMGPYDKTUODZ-SFHVURJKSA-N seed71 143.67s
5985/8070 SUCCESS PPARG/PPARA 6LXA GIXMGPYDKTUODZ-SFHVURJKSA-N seed17 119.12s
5986/8070 SUCCESS PPARG/PPARA 9V8H GIXMGPYDKTUODZ-SFHVURJKSA-N seed101 140.692s
5987/8070 SUCCESS PPARG/PPARA 6LXA GIXMGPYDKTUODZ-SFHVURJKSA-N seed29 115.528s
5988/8070 SUCCESS PPARG/PPARA 6LXA GIXMGPYDKTUODZ-SFHVURJKSA-N seed42 121.833s
5989/8070 SUCCESS PPARG/PPARA 6LXA GIXMGPYDKTUODZ-SFHVURJKSA-N seed71 128.746s
5990/8070 SUCCESS PPARG/PPARA 6LXA GIXMGPYDKTUODZ-SFHVURJKSA-N seed101 123.052s
5991/8070 SUCCESS PPARG/PPARA 9V8H BCIXVEZFKFKQET-PMERELPUSA-N seed42 624.68s
5992/8070 SUCCESS PPARG/PPARA 9V8H BCIXVEZFKFKQET-PMERELPUSA-N seed17 667.125s
5993/8070 SUCCESS PPARG/PPARA 6LXA BCIXVEZFKFKQET-PMERELPUSA-N seed17 571.901s
5994/8070 SUCCESS PPARG/PPARA 9V8H BCIXVEZFKFKQET-PMERELPUSA-N seed71 663.363s
5995/8070 SUCCESS PPARG/PPARA 9V8H BCIXVEZFKFKQET-PMERELPUSA-N seed29 690.147s
5996/8070 SUCCESS PPARG/PPARA 9V8H BCIXVEZFKFKQET-PMERELPUSA-N seed101 654.665s
5997/8070 SUCCESS PPARG/PPARA 9V8H NXCAPWDBSDFCJW-UHFFFAOYSA-N seed17 411.801s
5998/8070 SUCCESS PPARG/PPARA 6LXA BCIXVEZFKFKQET-PMERELPUSA-N seed29 476.803s
5999/8070 SUCCESS PPARG/PPARA 9V8H NXCAPWDBSDFCJW-UHFFFAOYSA-N seed29 408.542s
6000/8070 SUCCESS PPARG/PPARA 6LXA BCIXVEZFKFKQET-PMERELPUSA-N seed42 494.789s
6001/8070 SUCCESS PPARG/PPARA 6LXA BCIXVEZFKFKQET-PMERELPUSA-N seed71 534.45s
6002/8070 SUCCESS PPARG/PPARA 6LXA BCIXVEZFKFKQET-PMERELPUSA-N seed101 522.591s
6003/8070 SUCCESS PPARG/PPARA 6LXA NXCAPWDBSDFCJW-UHFFFAOYSA-N seed17 289.894s
6004/8070 SUCCESS PPARG/PPARA 9V8H NXCAPWDBSDFCJW-UHFFFAOYSA-N seed42 349.278s
6005/8070 SUCCESS PPARG/PPARA 6LXA NXCAPWDBSDFCJW-UHFFFAOYSA-N seed29 265.936s
6006/8070 SUCCESS PPARG/PPARA 6LXA NXCAPWDBSDFCJW-UHFFFAOYSA-N seed42 292.311s
6007/8070 SUCCESS PPARG/PPARA 9V8H NXCAPWDBSDFCJW-UHFFFAOYSA-N seed71 427.293s
6008/8070 SUCCESS PPARG/PPARA 9V8H NXCAPWDBSDFCJW-UHFFFAOYSA-N seed101 432.113s
6009/8070 SUCCESS PPARG/PPARA 9V8H JHXSNEXWUYGMLH-UHFFFAOYSA-N seed17 268.262s
6010/8070 SUCCESS PPARG/PPARA 9V8H JHXSNEXWUYGMLH-UHFFFAOYSA-N seed29 266.644s
6011/8070 SUCCESS PPARG/PPARA 9V8H JHXSNEXWUYGMLH-UHFFFAOYSA-N seed42 259.386s
6012/8070 SUCCESS PPARG/PPARA 9V8H JHXSNEXWUYGMLH-UHFFFAOYSA-N seed71 247.446s
6013/8070 SUCCESS PPARG/PPARA 6LXA NXCAPWDBSDFCJW-UHFFFAOYSA-N seed101 379.702s
6014/8070 SUCCESS PPARG/PPARA 6LXA NXCAPWDBSDFCJW-UHFFFAOYSA-N seed71 418.171s
6015/8070 SUCCESS PPARG/PPARA 6LXA JHXSNEXWUYGMLH-UHFFFAOYSA-N seed17 231.778s
6016/8070 SUCCESS PPARG/PPARA 9V8H JHXSNEXWUYGMLH-UHFFFAOYSA-N seed101 270.922s
6017/8070 SUCCESS PPARG/PPARA 6LXA JHXSNEXWUYGMLH-UHFFFAOYSA-N seed29 226.546s
6018/8070 SUCCESS PPARG/PPARA 6LXA JHXSNEXWUYGMLH-UHFFFAOYSA-N seed42 221.404s
6019/8070 SUCCESS PPARG/PPARA 6LXA JHXSNEXWUYGMLH-UHFFFAOYSA-N seed71 231.684s
6020/8070 SUCCESS PPARG/PPARA 6LXA JHXSNEXWUYGMLH-UHFFFAOYSA-N seed101 246.442s
6021/8070 SUCCESS PPARG/PPARA 9V8H IUPJOGWWGPYLSV-IBGZPJMESA-N seed17 222.563s
6022/8070 SUCCESS PPARG/PPARA 9V8H IUPJOGWWGPYLSV-IBGZPJMESA-N seed42 208.074s
6023/8070 SUCCESS PPARG/PPARA 9V8H IUPJOGWWGPYLSV-IBGZPJMESA-N seed29 233.153s
6024/8070 SUCCESS PPARG/PPARA 9V8H IUPJOGWWGPYLSV-IBGZPJMESA-N seed71 221.659s
6025/8070 SUCCESS PPARG/PPARA 9V8H IUPJOGWWGPYLSV-IBGZPJMESA-N seed101 218.775s
6026/8070 SUCCESS PPARG/PPARA 6LXA IUPJOGWWGPYLSV-IBGZPJMESA-N seed17 215.359s
6027/8070 SUCCESS PPARG/PPARA 6LXA IUPJOGWWGPYLSV-IBGZPJMESA-N seed42 197.526s
6028/8070 SUCCESS PPARG/PPARA 6LXA IUPJOGWWGPYLSV-IBGZPJMESA-N seed29 203.639s
6029/8070 SUCCESS PPARG/PPARA 6LXA IUPJOGWWGPYLSV-IBGZPJMESA-N seed71 191.424s
6030/8070 SUCCESS PPARG/PPARA 6LXA IUPJOGWWGPYLSV-IBGZPJMESA-N seed101 190.502s
6031/8070 SUCCESS PPARG/PPARA 9V8H BYRQXKXSMDUCHY-IBGZPJMESA-N seed17 189.725s
6032/8070 SUCCESS PPARG/PPARA 9V8H BYRQXKXSMDUCHY-IBGZPJMESA-N seed29 180.648s
6033/8070 SUCCESS PPARG/PPARA 9V8H BYRQXKXSMDUCHY-IBGZPJMESA-N seed71 169.835s
6034/8070 SUCCESS PPARG/PPARA 9V8H BYRQXKXSMDUCHY-IBGZPJMESA-N seed42 173.887s
6035/8070 SUCCESS PPARG/PPARA 6LXA BYRQXKXSMDUCHY-IBGZPJMESA-N seed17 161.543s
6036/8070 SUCCESS PPARG/PPARA 6LXA BYRQXKXSMDUCHY-IBGZPJMESA-N seed29 160.806s
6037/8070 SUCCESS PPARG/PPARA 9V8H BYRQXKXSMDUCHY-IBGZPJMESA-N seed101 198.625s
6038/8070 SUCCESS PPARG/PPARA 6LXA BYRQXKXSMDUCHY-IBGZPJMESA-N seed42 161.497s
6039/8070 SUCCESS PPARG/PPARA 6LXA BYRQXKXSMDUCHY-IBGZPJMESA-N seed101 176.382s
6040/8070 SUCCESS PPARG/PPARA 6LXA BYRQXKXSMDUCHY-IBGZPJMESA-N seed71 180.964s
6041/8070 SUCCESS PPARG/PPARA 9V8H RJBMVGPWWMWGNI-XIJSCUBXSA-N seed42 599.593s
6042/8070 SUCCESS PPARG/PPARA 9V8H RJBMVGPWWMWGNI-XIJSCUBXSA-N seed17 662.685s
6043/8070 SUCCESS PPARG/PPARA 9V8H RJBMVGPWWMWGNI-XIJSCUBXSA-N seed71 637.501s
6044/8070 SUCCESS PPARG/PPARA 6LXA RJBMVGPWWMWGNI-XIJSCUBXSA-N seed17 567.803s
6045/8070 SUCCESS PPARG/PPARA 9V8H RJBMVGPWWMWGNI-XIJSCUBXSA-N seed29 758.849s
6046/8070 SUCCESS PPARG/PPARA 9V8H RJBMVGPWWMWGNI-XIJSCUBXSA-N seed101 702.34s
6047/8070 SUCCESS PPARG/PPARA 6LXA RJBMVGPWWMWGNI-XIJSCUBXSA-N seed29 519.35s
6048/8070 SUCCESS PPARG/PPARA 9V8H WQCJKMGDGUHOFD-QGZVFWFLSA-N seed17 445.556s
6049/8070 SUCCESS PPARG/PPARA 6LXA RJBMVGPWWMWGNI-XIJSCUBXSA-N seed71 542.072s
6050/8070 SUCCESS PPARG/PPARA 6LXA RJBMVGPWWMWGNI-XIJSCUBXSA-N seed101 514.199s
6051/8070 SUCCESS PPARG/PPARA 9V8H WQCJKMGDGUHOFD-QGZVFWFLSA-N seed29 406.318s
6052/8070 SUCCESS PPARG/PPARA 6LXA RJBMVGPWWMWGNI-XIJSCUBXSA-N seed42 604.849s
6053/8070 SUCCESS PPARG/PPARA 9V8H WQCJKMGDGUHOFD-QGZVFWFLSA-N seed42 390.586s
6054/8070 SUCCESS PPARG/PPARA 6LXA WQCJKMGDGUHOFD-QGZVFWFLSA-N seed29 311.301s
6055/8070 SUCCESS PPARG/PPARA 6LXA WQCJKMGDGUHOFD-QGZVFWFLSA-N seed17 340.07s
6056/8070 SUCCESS PPARG/PPARA 6LXA WQCJKMGDGUHOFD-QGZVFWFLSA-N seed42 328.326s
6057/8070 SUCCESS PPARG/PPARA 9V8H WQCJKMGDGUHOFD-QGZVFWFLSA-N seed71 419.165s
6058/8070 SUCCESS PPARG/PPARA 9V8H WQCJKMGDGUHOFD-QGZVFWFLSA-N seed101 438.715s
6059/8070 SUCCESS PPARG/PPARA 6LXA WQCJKMGDGUHOFD-QGZVFWFLSA-N seed71 286.597s
6060/8070 SUCCESS PPARG/PPARA 6LXA WQCJKMGDGUHOFD-QGZVFWFLSA-N seed101 290.418s
6061/8070 SUCCESS PPARG/PPARA 9V8H PZRQOAPHEGZBPU-NTEUORMPSA-N seed17 664.258s
6062/8070 SUCCESS PPARG/PPARA 9V8H PZRQOAPHEGZBPU-NTEUORMPSA-N seed42 636.463s
6063/8070 SUCCESS PPARG/PPARA 9V8H PZRQOAPHEGZBPU-NTEUORMPSA-N seed29 738.972s
6064/8070 SUCCESS PPARG/PPARA 6LXA PZRQOAPHEGZBPU-NTEUORMPSA-N seed17 484.77s
6065/8070 SUCCESS PPARG/PPARA 9V8H PZRQOAPHEGZBPU-NTEUORMPSA-N seed71 757.462s
6066/8070 SUCCESS PPARG/PPARA 9V8H PZRQOAPHEGZBPU-NTEUORMPSA-N seed101 729.858s
6067/8070 SUCCESS PPARG/PPARA 6LXA PZRQOAPHEGZBPU-NTEUORMPSA-N seed29 546.272s
6068/8070 SUCCESS PPARG/PPARA 6LXA PZRQOAPHEGZBPU-NTEUORMPSA-N seed101 461.896s
6069/8070 SUCCESS PPARG/PPARA 6LXA PZRQOAPHEGZBPU-NTEUORMPSA-N seed42 545.809s
6070/8070 SUCCESS PPARG/PPARA 6LXA PZRQOAPHEGZBPU-NTEUORMPSA-N seed71 519.149s
6071/8070 SUCCESS PPARG/PPARA 9V8H YUQFGXOAMDWWBP-AATRIKPKSA-N seed17 712.539s
6072/8070 SUCCESS PPARG/PPARA 9V8H YUQFGXOAMDWWBP-AATRIKPKSA-N seed29 701.657s
6073/8070 SUCCESS PPARG/PPARA 9V8H YUQFGXOAMDWWBP-AATRIKPKSA-N seed71 628.778s
6074/8070 SUCCESS PPARG/PPARA 9V8H YUQFGXOAMDWWBP-AATRIKPKSA-N seed101 674.153s
6075/8070 SUCCESS PPARG/PPARA 9V8H YUQFGXOAMDWWBP-AATRIKPKSA-N seed42 708.572s
6076/8070 SUCCESS PPARG/PPARA 6LXA YUQFGXOAMDWWBP-AATRIKPKSA-N seed17 702.668s
6077/8070 SUCCESS PPARG/PPARA 6LXA YUQFGXOAMDWWBP-AATRIKPKSA-N seed29 607.409s
6078/8070 SUCCESS PPARG/PPARA 6LXA YUQFGXOAMDWWBP-AATRIKPKSA-N seed42 662.983s
6079/8070 SUCCESS PPARG/PPARA 6LXA YUQFGXOAMDWWBP-AATRIKPKSA-N seed71 595.483s
6080/8070 SUCCESS PPARG/PPARA 6LXA YUQFGXOAMDWWBP-AATRIKPKSA-N seed101 647.563s
6081/8070 SUCCESS PPARG/PPARA 9V8H HBCVRVWVCJKFKN-KPKJPENVSA-N seed17 866.766s
6082/8070 SUCCESS PPARG/PPARA 9V8H HBCVRVWVCJKFKN-KPKJPENVSA-N seed29 885.386s
6083/8070 SUCCESS PPARG/PPARA 9V8H HBCVRVWVCJKFKN-KPKJPENVSA-N seed42 893.213s
6084/8070 SUCCESS PPARG/PPARA 9V8H HBCVRVWVCJKFKN-KPKJPENVSA-N seed71 823.38s
6085/8070 SUCCESS PPARG/PPARA 6LXA HBCVRVWVCJKFKN-KPKJPENVSA-N seed17 727.393s
6086/8070 SUCCESS PPARG/PPARA 9V8H HBCVRVWVCJKFKN-KPKJPENVSA-N seed101 909.25s
6087/8070 SUCCESS PPARG/PPARA 6LXA HBCVRVWVCJKFKN-KPKJPENVSA-N seed29 670.677s
6088/8070 SUCCESS PPARG/PPARA 6LXA HBCVRVWVCJKFKN-KPKJPENVSA-N seed42 677.98s
6089/8070 SUCCESS PPARG/PPARA 6LXA HBCVRVWVCJKFKN-KPKJPENVSA-N seed71 725.061s
6090/8070 SUCCESS PPARG/PPARA 6LXA HBCVRVWVCJKFKN-KPKJPENVSA-N seed101 680.893s
6091/8070 SUCCESS PPARG/PPARA 9V8H ZZLLEVLMZDJINU-NDEPHWFRSA-N seed17 545.242s
6092/8070 SUCCESS PPARG/PPARA 9V8H ZZLLEVLMZDJINU-NDEPHWFRSA-N seed29 556.655s
6093/8070 SUCCESS PPARG/PPARA 9V8H ZZLLEVLMZDJINU-NDEPHWFRSA-N seed42 551.72s
6094/8070 SUCCESS PPARG/PPARA 9V8H ZZLLEVLMZDJINU-NDEPHWFRSA-N seed71 560.624s
6095/8070 SUCCESS PPARG/PPARA 6LXA ZZLLEVLMZDJINU-NDEPHWFRSA-N seed17 404.579s
6096/8070 SUCCESS PPARG/PPARA 6LXA ZZLLEVLMZDJINU-NDEPHWFRSA-N seed29 429.427s
6097/8070 SUCCESS PPARG/PPARA 6LXA ZZLLEVLMZDJINU-NDEPHWFRSA-N seed42 398.022s
6098/8070 SUCCESS PPARG/PPARA 9V8H ZZLLEVLMZDJINU-NDEPHWFRSA-N seed101 562.424s
6099/8070 SUCCESS PPARG/PPARA 6LXA ZZLLEVLMZDJINU-NDEPHWFRSA-N seed71 406.601s
6100/8070 SUCCESS PPARG/PPARA 9V8H MXVRETICWXXRDS-VWLOTQADSA-N seed17 238.934s
6101/8070 SUCCESS PPARG/PPARA 6LXA ZZLLEVLMZDJINU-NDEPHWFRSA-N seed101 392.95s
6102/8070 SUCCESS PPARG/PPARA 9V8H MXVRETICWXXRDS-VWLOTQADSA-N seed29 237.512s
6103/8070 SUCCESS PPARG/PPARA 9V8H MXVRETICWXXRDS-VWLOTQADSA-N seed42 226.512s
6104/8070 SUCCESS PPARG/PPARA 9V8H MXVRETICWXXRDS-VWLOTQADSA-N seed71 228.9s
6105/8070 SUCCESS PPARG/PPARA 9V8H MXVRETICWXXRDS-VWLOTQADSA-N seed101 228.919s
6106/8070 SUCCESS PPARG/PPARA 6LXA MXVRETICWXXRDS-VWLOTQADSA-N seed17 196.493s
6107/8070 SUCCESS PPARG/PPARA 6LXA MXVRETICWXXRDS-VWLOTQADSA-N seed42 192.017s
6108/8070 SUCCESS PPARG/PPARA 6LXA MXVRETICWXXRDS-VWLOTQADSA-N seed29 201.341s
6109/8070 SUCCESS PPARG/PPARA 6LXA MXVRETICWXXRDS-VWLOTQADSA-N seed71 199.414s
6110/8070 SUCCESS PPARG/PPARA 6LXA MXVRETICWXXRDS-VWLOTQADSA-N seed101 183.071s
6111/8070 SUCCESS PPARG/PPARA 9V8H WYIDWASMEIZPJM-UHFFFAOYSA-N seed29 479.068s
6112/8070 SUCCESS PPARG/PPARA 9V8H WYIDWASMEIZPJM-UHFFFAOYSA-N seed17 519.811s
6113/8070 SUCCESS PPARG/PPARA 9V8H WYIDWASMEIZPJM-UHFFFAOYSA-N seed42 540.065s
6114/8070 SUCCESS PPARG/PPARA 6LXA WYIDWASMEIZPJM-UHFFFAOYSA-N seed17 505.19s
6115/8070 SUCCESS PPARG/PPARA 9V8H WYIDWASMEIZPJM-UHFFFAOYSA-N seed71 565.743s
6116/8070 SUCCESS PPARG/PPARA 9V8H WYIDWASMEIZPJM-UHFFFAOYSA-N seed101 547.757s
6117/8070 SUCCESS PPARG/PPARA 9V8H ZVCCFSVAFKRHDP-KWJZBXMYSA-N seed17 117.401s
6118/8070 SUCCESS PPARG/PPARA 9V8H ZVCCFSVAFKRHDP-KWJZBXMYSA-N seed29 116.484s
6119/8070 SUCCESS PPARG/PPARA 9V8H ZVCCFSVAFKRHDP-KWJZBXMYSA-N seed42 116.213s
6120/8070 SUCCESS PPARG/PPARA 9V8H ZVCCFSVAFKRHDP-KWJZBXMYSA-N seed71 109.593s
6121/8070 SUCCESS PPARG/PPARA 6LXA WYIDWASMEIZPJM-UHFFFAOYSA-N seed29 448.275s
6122/8070 SUCCESS PPARG/PPARA 9V8H ZVCCFSVAFKRHDP-KWJZBXMYSA-N seed101 117.274s
6123/8070 SUCCESS PPARG/PPARA 6LXA ZVCCFSVAFKRHDP-KWJZBXMYSA-N seed17 109.802s
6124/8070 SUCCESS PPARG/PPARA 6LXA WYIDWASMEIZPJM-UHFFFAOYSA-N seed42 527.038s
6125/8070 SUCCESS PPARG/PPARA 6LXA ZVCCFSVAFKRHDP-KWJZBXMYSA-N seed29 101.573s
6126/8070 SUCCESS PPARG/PPARA 6LXA ZVCCFSVAFKRHDP-KWJZBXMYSA-N seed42 104.369s
6127/8070 SUCCESS PPARG/PPARA 6LXA ZVCCFSVAFKRHDP-KWJZBXMYSA-N seed71 101.707s
6128/8070 SUCCESS PPARG/PPARA 6LXA WYIDWASMEIZPJM-UHFFFAOYSA-N seed71 539.702s
6129/8070 SUCCESS PPARG/PPARA 6LXA WYIDWASMEIZPJM-UHFFFAOYSA-N seed101 519.114s
6130/8070 SUCCESS PPARG/PPARA 6LXA ZVCCFSVAFKRHDP-KWJZBXMYSA-N seed101 101.065s
6131/8070 SUCCESS PPARG/PPARA 9V8H XENYHKPTFFTRLB-UHFFFAOYSA-N seed17 281.37s
6132/8070 SUCCESS PPARG/PPARA 9V8H XENYHKPTFFTRLB-UHFFFAOYSA-N seed42 254.217s
6133/8070 SUCCESS PPARG/PPARA 6LXA XENYHKPTFFTRLB-UHFFFAOYSA-N seed17 199.377s
6134/8070 SUCCESS PPARG/PPARA 9V8H XENYHKPTFFTRLB-UHFFFAOYSA-N seed29 289.43s
6135/8070 SUCCESS PPARG/PPARA 9V8H XENYHKPTFFTRLB-UHFFFAOYSA-N seed71 269.993s
6136/8070 SUCCESS PPARG/PPARA 9V8H XENYHKPTFFTRLB-UHFFFAOYSA-N seed101 284.349s
6137/8070 SUCCESS PPARG/PPARA 6LXA XENYHKPTFFTRLB-UHFFFAOYSA-N seed71 203.968s
6138/8070 SUCCESS PPARG/PPARA 6LXA XENYHKPTFFTRLB-UHFFFAOYSA-N seed29 219.91s
6139/8070 SUCCESS PPARG/PPARA 6LXA XENYHKPTFFTRLB-UHFFFAOYSA-N seed42 214.954s
6140/8070 SUCCESS PPARG/PPARA 6LXA XENYHKPTFFTRLB-UHFFFAOYSA-N seed101 229.221s
6141/8070 SUCCESS PPARG/PPARA 9V8H ZCKPNGWVLHEGFP-UHFFFAOYSA-N seed17 285.486s
6142/8070 SUCCESS PPARG/PPARA 9V8H ZCKPNGWVLHEGFP-UHFFFAOYSA-N seed29 262.514s
6143/8070 SUCCESS PPARG/PPARA 6LXA ZCKPNGWVLHEGFP-UHFFFAOYSA-N seed17 251.777s
6144/8070 SUCCESS PPARG/PPARA 9V8H ZCKPNGWVLHEGFP-UHFFFAOYSA-N seed71 301.92s
6145/8070 SUCCESS PPARG/PPARA 9V8H ZCKPNGWVLHEGFP-UHFFFAOYSA-N seed101 300.106s
6146/8070 SUCCESS PPARG/PPARA 9V8H ZCKPNGWVLHEGFP-UHFFFAOYSA-N seed42 339.495s
6147/8070 SUCCESS PPARG/PPARA 6LXA ZCKPNGWVLHEGFP-UHFFFAOYSA-N seed29 247.754s
6148/8070 SUCCESS PPARG/PPARA 6LXA ZCKPNGWVLHEGFP-UHFFFAOYSA-N seed42 246.825s
6149/8070 SUCCESS PPARG/PPARA 9V8H ZYFTUIURWQWFKQ-QIAGQCQHSA-N seed17 151.599s
6150/8070 SUCCESS PPARG/PPARA 9V8H ZYFTUIURWQWFKQ-QIAGQCQHSA-N seed29 149.311s
6151/8070 SUCCESS PPARG/PPARA 6LXA ZCKPNGWVLHEGFP-UHFFFAOYSA-N seed71 225.066s
6152/8070 SUCCESS PPARG/PPARA 9V8H ZYFTUIURWQWFKQ-QIAGQCQHSA-N seed42 150.691s
6153/8070 SUCCESS PPARG/PPARA 9V8H ZYFTUIURWQWFKQ-QIAGQCQHSA-N seed71 151.697s
6154/8070 SUCCESS PPARG/PPARA 6LXA ZCKPNGWVLHEGFP-UHFFFAOYSA-N seed101 232.292s
6155/8070 SUCCESS PPARG/PPARA 9V8H ZYFTUIURWQWFKQ-QIAGQCQHSA-N seed101 147.214s
6156/8070 SUCCESS PPARG/PPARA 6LXA ZYFTUIURWQWFKQ-QIAGQCQHSA-N seed17 123.024s
6157/8070 SUCCESS PPARG/PPARA 6LXA ZYFTUIURWQWFKQ-QIAGQCQHSA-N seed29 129.342s
6158/8070 SUCCESS PPARG/PPARA 6LXA ZYFTUIURWQWFKQ-QIAGQCQHSA-N seed71 123.656s
6159/8070 SUCCESS PPARG/PPARA 6LXA ZYFTUIURWQWFKQ-QIAGQCQHSA-N seed42 126.419s
6160/8070 SUCCESS PPARG/PPARA 6LXA ZYFTUIURWQWFKQ-QIAGQCQHSA-N seed101 123.588s
6161/8070 SUCCESS PPARG/PPARA 6LXA BBEUDIUBZYKMHM-UNVZBQTISA-N seed17 1176.646s
6162/8070 SUCCESS PPARG/PPARA 9V8H BBEUDIUBZYKMHM-UNVZBQTISA-N seed29 1412.689s
6163/8070 SUCCESS PPARG/PPARA 9V8H BBEUDIUBZYKMHM-UNVZBQTISA-N seed71 1447.402s
6164/8070 SUCCESS PPARG/PPARA 9V8H BBEUDIUBZYKMHM-UNVZBQTISA-N seed17 1505.167s
6165/8070 SUCCESS PPARG/PPARA 9V8H BBEUDIUBZYKMHM-UNVZBQTISA-N seed42 1482.691s
6166/8070 SUCCESS PPARG/PPARA 9V8H BBEUDIUBZYKMHM-UNVZBQTISA-N seed101 1499.837s
6167/8070 SUCCESS PPARG/PPARA 9V8H HYAFETHFCAUJAY-UHFFFAOYSA-N seed17 103.543s
6168/8070 SUCCESS PPARG/PPARA 9V8H HYAFETHFCAUJAY-UHFFFAOYSA-N seed29 101.483s
6169/8070 SUCCESS PPARG/PPARA 9V8H HYAFETHFCAUJAY-UHFFFAOYSA-N seed42 96.259s
6170/8070 SUCCESS PPARG/PPARA 9V8H HYAFETHFCAUJAY-UHFFFAOYSA-N seed71 96.893s
6171/8070 SUCCESS PPARG/PPARA 9V8H HYAFETHFCAUJAY-UHFFFAOYSA-N seed101 96.615s
6172/8070 SUCCESS PPARG/PPARA 6LXA HYAFETHFCAUJAY-UHFFFAOYSA-N seed17 79.87s
6173/8070 SUCCESS PPARG/PPARA 6LXA HYAFETHFCAUJAY-UHFFFAOYSA-N seed29 81.384s
6174/8070 SUCCESS PPARG/PPARA 6LXA HYAFETHFCAUJAY-UHFFFAOYSA-N seed42 79.274s
6175/8070 SUCCESS PPARG/PPARA 6LXA HYAFETHFCAUJAY-UHFFFAOYSA-N seed71 81.405s
6176/8070 SUCCESS PPARG/PPARA 6LXA HYAFETHFCAUJAY-UHFFFAOYSA-N seed101 82.669s
6177/8070 SUCCESS PPARG/PPARA 9V8H CAEQBTDFYZGGNT-UHFFFAOYSA-N seed29 235.248s
6178/8070 SUCCESS PPARG/PPARA 9V8H CAEQBTDFYZGGNT-UHFFFAOYSA-N seed17 247.632s
6179/8070 SUCCESS PPARG/PPARA 6LXA BBEUDIUBZYKMHM-UNVZBQTISA-N seed29 1064.75s
6180/8070 SUCCESS PPARG/PPARA 6LXA BBEUDIUBZYKMHM-UNVZBQTISA-N seed42 1023.454s
6181/8070 SUCCESS PPARG/PPARA 9V8H CAEQBTDFYZGGNT-UHFFFAOYSA-N seed71 215.378s
6182/8070 SUCCESS PPARG/PPARA 9V8H CAEQBTDFYZGGNT-UHFFFAOYSA-N seed42 234.87s
6183/8070 SUCCESS PPARG/PPARA 6LXA BBEUDIUBZYKMHM-UNVZBQTISA-N seed71 977.807s
6184/8070 SUCCESS PPARG/PPARA 9V8H CAEQBTDFYZGGNT-UHFFFAOYSA-N seed101 216.713s
6185/8070 SUCCESS PPARG/PPARA 6LXA BBEUDIUBZYKMHM-UNVZBQTISA-N seed101 1041.023s
6186/8070 SUCCESS PPARG/PPARA 6LXA CAEQBTDFYZGGNT-UHFFFAOYSA-N seed17 180.552s
6187/8070 SUCCESS PPARG/PPARA 6LXA CAEQBTDFYZGGNT-UHFFFAOYSA-N seed29 181.281s
6188/8070 SUCCESS PPARG/PPARA 6LXA CAEQBTDFYZGGNT-UHFFFAOYSA-N seed42 184.595s
6189/8070 SUCCESS PPARG/PPARA 6LXA CAEQBTDFYZGGNT-UHFFFAOYSA-N seed71 178.999s
6190/8070 SUCCESS PPARG/PPARA 6LXA CAEQBTDFYZGGNT-UHFFFAOYSA-N seed101 193.735s
6191/8070 SUCCESS PPARG/PPARA 9V8H OTQXWJUPSKJAGS-UHFFFAOYSA-N seed17 250.08s
6192/8070 SUCCESS PPARG/PPARA 9V8H OTQXWJUPSKJAGS-UHFFFAOYSA-N seed29 251.269s
6193/8070 SUCCESS PPARG/PPARA 9V8H OTQXWJUPSKJAGS-UHFFFAOYSA-N seed42 251.526s
6194/8070 SUCCESS PPARG/PPARA 9V8H OTQXWJUPSKJAGS-UHFFFAOYSA-N seed101 247.057s
6195/8070 SUCCESS PPARG/PPARA 9V8H OTQXWJUPSKJAGS-UHFFFAOYSA-N seed71 265.819s
6196/8070 SUCCESS PPARG/PPARA 6LXA OTQXWJUPSKJAGS-UHFFFAOYSA-N seed17 208.751s
6197/8070 SUCCESS PPARG/PPARA 6LXA OTQXWJUPSKJAGS-UHFFFAOYSA-N seed29 214.412s
6198/8070 SUCCESS PPARG/PPARA 6LXA OTQXWJUPSKJAGS-UHFFFAOYSA-N seed42 197.314s
6199/8070 SUCCESS PPARG/PPARA 6LXA OTQXWJUPSKJAGS-UHFFFAOYSA-N seed71 199.523s
6200/8070 SUCCESS PPARG/PPARA 6LXA OTQXWJUPSKJAGS-UHFFFAOYSA-N seed101 210.244s
6201/8070 SUCCESS PPARG/PPARA 9V8H QKANMMQGZZPRTO-UHFFFAOYSA-N seed29 227.125s
6202/8070 SUCCESS PPARG/PPARA 9V8H QKANMMQGZZPRTO-UHFFFAOYSA-N seed17 233.955s
6203/8070 SUCCESS PPARG/PPARA 9V8H QKANMMQGZZPRTO-UHFFFAOYSA-N seed42 233.83s
6204/8070 SUCCESS PPARG/PPARA 6LXA QKANMMQGZZPRTO-UHFFFAOYSA-N seed17 188.815s
6205/8070 SUCCESS PPARG/PPARA 9V8H QKANMMQGZZPRTO-UHFFFAOYSA-N seed71 238.54s
6206/8070 SUCCESS PPARG/PPARA 9V8H QKANMMQGZZPRTO-UHFFFAOYSA-N seed101 231.232s
6207/8070 SUCCESS PPARG/PPARA 6LXA QKANMMQGZZPRTO-UHFFFAOYSA-N seed29 178.254s
6208/8070 SUCCESS PPARG/PPARA 6LXA QKANMMQGZZPRTO-UHFFFAOYSA-N seed42 189.182s
6209/8070 SUCCESS PPARG/PPARA 6LXA QKANMMQGZZPRTO-UHFFFAOYSA-N seed71 234.172s
6210/8070 SUCCESS PPARG/PPARA 9V8H SMGUXZWVZUOLCO-UHFFFAOYSA-N seed17 201.054s
6211/8070 SUCCESS PPARG/PPARA 9V8H SMGUXZWVZUOLCO-UHFFFAOYSA-N seed29 204.364s
6212/8070 SUCCESS PPARG/PPARA 9V8H SMGUXZWVZUOLCO-UHFFFAOYSA-N seed42 201.0s
6213/8070 SUCCESS PPARG/PPARA 6LXA QKANMMQGZZPRTO-UHFFFAOYSA-N seed101 238.618s
6214/8070 SUCCESS PPARG/PPARA 9V8H SMGUXZWVZUOLCO-UHFFFAOYSA-N seed71 206.526s
6215/8070 SUCCESS PPARG/PPARA 9V8H SMGUXZWVZUOLCO-UHFFFAOYSA-N seed101 209.977s
6216/8070 SUCCESS PPARG/PPARA 6LXA SMGUXZWVZUOLCO-UHFFFAOYSA-N seed17 182.895s
6217/8070 SUCCESS PPARG/PPARA 6LXA SMGUXZWVZUOLCO-UHFFFAOYSA-N seed42 188.486s
6218/8070 SUCCESS PPARG/PPARA 6LXA SMGUXZWVZUOLCO-UHFFFAOYSA-N seed29 193.343s
6219/8070 SUCCESS PPARG/PPARA 6LXA SMGUXZWVZUOLCO-UHFFFAOYSA-N seed71 181.363s
6220/8070 SUCCESS PPARG/PPARA 6LXA SMGUXZWVZUOLCO-UHFFFAOYSA-N seed101 197.857s
6221/8070 SUCCESS PPARG/PPARA 9V8H BCZXWVFNOOINGV-UHFFFAOYSA-N seed29 188.197s
6222/8070 SUCCESS PPARG/PPARA 9V8H BCZXWVFNOOINGV-UHFFFAOYSA-N seed17 199.881s
6223/8070 SUCCESS PPARG/PPARA 9V8H BCZXWVFNOOINGV-UHFFFAOYSA-N seed42 186.937s
6224/8070 SUCCESS PPARG/PPARA 9V8H BCZXWVFNOOINGV-UHFFFAOYSA-N seed71 200.215s
6225/8070 SUCCESS PPARG/PPARA 9V8H BCZXWVFNOOINGV-UHFFFAOYSA-N seed101 196.229s
6226/8070 SUCCESS PPARG/PPARA 6LXA BCZXWVFNOOINGV-UHFFFAOYSA-N seed17 193.589s
6227/8070 SUCCESS PPARG/PPARA 6LXA BCZXWVFNOOINGV-UHFFFAOYSA-N seed29 185.7s
6228/8070 SUCCESS PPARG/PPARA 6LXA BCZXWVFNOOINGV-UHFFFAOYSA-N seed42 186.955s
6229/8070 SUCCESS PPARG/PPARA 6LXA BCZXWVFNOOINGV-UHFFFAOYSA-N seed71 185.73s
6230/8070 SUCCESS PPARG/PPARA 6LXA BCZXWVFNOOINGV-UHFFFAOYSA-N seed101 185.023s
6231/8070 SUCCESS PPARG/PPARA 9V8H KIBDJNDHJITXMI-UHFFFAOYSA-N seed17 231.387s
6232/8070 SUCCESS PPARG/PPARA 9V8H KIBDJNDHJITXMI-UHFFFAOYSA-N seed29 229.91s
6233/8070 SUCCESS PPARG/PPARA 9V8H KIBDJNDHJITXMI-UHFFFAOYSA-N seed42 215.766s
6234/8070 SUCCESS PPARG/PPARA 6LXA KIBDJNDHJITXMI-UHFFFAOYSA-N seed17 190.614s
6235/8070 SUCCESS PPARG/PPARA 9V8H KIBDJNDHJITXMI-UHFFFAOYSA-N seed71 221.439s
6236/8070 SUCCESS PPARG/PPARA 9V8H KIBDJNDHJITXMI-UHFFFAOYSA-N seed101 222.381s
6237/8070 SUCCESS PPARG/PPARA 6LXA KIBDJNDHJITXMI-UHFFFAOYSA-N seed29 196.371s
6238/8070 SUCCESS PPARG/PPARA 6LXA KIBDJNDHJITXMI-UHFFFAOYSA-N seed42 202.952s
6239/8070 SUCCESS PPARG/PPARA 9V8H SGOMNGUCMIYNTA-UHFFFAOYSA-N seed17 217.939s
6240/8070 SUCCESS PPARG/PPARA 6LXA KIBDJNDHJITXMI-UHFFFAOYSA-N seed71 233.97s
6241/8070 SUCCESS PPARG/PPARA 6LXA KIBDJNDHJITXMI-UHFFFAOYSA-N seed101 240.814s
6242/8070 SUCCESS PPARG/PPARA 9V8H SGOMNGUCMIYNTA-UHFFFAOYSA-N seed29 225.693s
6243/8070 SUCCESS PPARG/PPARA 9V8H SGOMNGUCMIYNTA-UHFFFAOYSA-N seed42 235.077s
6244/8070 SUCCESS PPARG/PPARA 9V8H SGOMNGUCMIYNTA-UHFFFAOYSA-N seed71 241.912s
6245/8070 SUCCESS PPARG/PPARA 6LXA SGOMNGUCMIYNTA-UHFFFAOYSA-N seed17 232.32s
6246/8070 SUCCESS PPARG/PPARA 6LXA SGOMNGUCMIYNTA-UHFFFAOYSA-N seed29 238.419s
6247/8070 SUCCESS PPARG/PPARA 9V8H SGOMNGUCMIYNTA-UHFFFAOYSA-N seed101 265.244s
6248/8070 SUCCESS PPARG/PPARA 6LXA SGOMNGUCMIYNTA-UHFFFAOYSA-N seed42 248.213s
6249/8070 SUCCESS PPARG/PPARA 6LXA SGOMNGUCMIYNTA-UHFFFAOYSA-N seed71 251.173s
6250/8070 SUCCESS PPARG/PPARA 6LXA SGOMNGUCMIYNTA-UHFFFAOYSA-N seed101 229.534s
6251/8070 SUCCESS PPARG/PPARA 9V8H SSDRFTJAKXCHTF-ZDUSSCGKSA-N seed17 187.745s
6252/8070 SUCCESS PPARG/PPARA 9V8H SSDRFTJAKXCHTF-ZDUSSCGKSA-N seed29 189.187s
6253/8070 SUCCESS PPARG/PPARA 9V8H SSDRFTJAKXCHTF-ZDUSSCGKSA-N seed42 187.631s
6254/8070 SUCCESS PPARG/PPARA 9V8H SSDRFTJAKXCHTF-ZDUSSCGKSA-N seed71 194.103s
6255/8070 SUCCESS PPARG/PPARA 6LXA SSDRFTJAKXCHTF-ZDUSSCGKSA-N seed17 162.498s
6256/8070 SUCCESS PPARG/PPARA 9V8H SSDRFTJAKXCHTF-ZDUSSCGKSA-N seed101 197.147s
6257/8070 SUCCESS PPARG/PPARA 6LXA SSDRFTJAKXCHTF-ZDUSSCGKSA-N seed29 163.559s
6258/8070 SUCCESS PPARG/PPARA 6LXA SSDRFTJAKXCHTF-ZDUSSCGKSA-N seed42 162.309s
6259/8070 SUCCESS PPARG/PPARA 6LXA SSDRFTJAKXCHTF-ZDUSSCGKSA-N seed71 158.338s
6260/8070 SUCCESS PPARG/PPARA 6LXA SSDRFTJAKXCHTF-ZDUSSCGKSA-N seed101 161.138s
6261/8070 SUCCESS PPARG/PPARA 9V8H AGRKTWIASZYTNW-UHFFFAOYSA-N seed29 248.36s
6262/8070 SUCCESS PPARG/PPARA 9V8H AGRKTWIASZYTNW-UHFFFAOYSA-N seed17 287.426s
6263/8070 SUCCESS PPARG/PPARA 6LXA AGRKTWIASZYTNW-UHFFFAOYSA-N seed17 187.034s
6264/8070 SUCCESS PPARG/PPARA 9V8H AGRKTWIASZYTNW-UHFFFAOYSA-N seed42 229.655s
6265/8070 SUCCESS PPARG/PPARA 9V8H AGRKTWIASZYTNW-UHFFFAOYSA-N seed71 229.889s
6266/8070 SUCCESS PPARG/PPARA 9V8H AGRKTWIASZYTNW-UHFFFAOYSA-N seed101 232.081s
6267/8070 SUCCESS PPARG/PPARA 6LXA AGRKTWIASZYTNW-UHFFFAOYSA-N seed29 177.819s
6268/8070 SUCCESS PPARG/PPARA 6LXA AGRKTWIASZYTNW-UHFFFAOYSA-N seed42 168.455s
6269/8070 SUCCESS PPARG/PPARA 6LXA AGRKTWIASZYTNW-UHFFFAOYSA-N seed101 146.23s
6270/8070 SUCCESS PPARG/PPARA 6LXA AGRKTWIASZYTNW-UHFFFAOYSA-N seed71 173.676s
6271/8070 SUCCESS PPARG/PPARA 9V8H ONKOHQZZVMTPOM-UHFFFAOYSA-N seed29 250.726s
6272/8070 SUCCESS PPARG/PPARA 9V8H ONKOHQZZVMTPOM-UHFFFAOYSA-N seed17 267.617s
6273/8070 SUCCESS PPARG/PPARA 9V8H ONKOHQZZVMTPOM-UHFFFAOYSA-N seed42 254.522s
6274/8070 SUCCESS PPARG/PPARA 6LXA ONKOHQZZVMTPOM-UHFFFAOYSA-N seed17 213.596s
6275/8070 SUCCESS PPARG/PPARA 9V8H ONKOHQZZVMTPOM-UHFFFAOYSA-N seed71 260.051s
6276/8070 SUCCESS PPARG/PPARA 9V8H ONKOHQZZVMTPOM-UHFFFAOYSA-N seed101 249.962s
6277/8070 SUCCESS PPARG/PPARA 6LXA ONKOHQZZVMTPOM-UHFFFAOYSA-N seed29 212.634s
6278/8070 SUCCESS PPARG/PPARA 9V8H FVNMATFYGNOSRW-RTLBZRNLSA-N seed17 122.073s
6279/8070 SUCCESS PPARG/PPARA 9V8H FVNMATFYGNOSRW-RTLBZRNLSA-N seed29 130.654s
6280/8070 SUCCESS PPARG/PPARA 6LXA ONKOHQZZVMTPOM-UHFFFAOYSA-N seed42 248.278s
6281/8070 SUCCESS PPARG/PPARA 6LXA ONKOHQZZVMTPOM-UHFFFAOYSA-N seed71 210.558s
6282/8070 SUCCESS PPARG/PPARA 6LXA ONKOHQZZVMTPOM-UHFFFAOYSA-N seed101 227.198s
6283/8070 SUCCESS PPARG/PPARA 9V8H FVNMATFYGNOSRW-RTLBZRNLSA-N seed42 118.999s
6284/8070 SUCCESS PPARG/PPARA 9V8H FVNMATFYGNOSRW-RTLBZRNLSA-N seed71 115.679s
6285/8070 SUCCESS PPARG/PPARA 6LXA FVNMATFYGNOSRW-RTLBZRNLSA-N seed17 103.393s
6286/8070 SUCCESS PPARG/PPARA 9V8H FVNMATFYGNOSRW-RTLBZRNLSA-N seed101 127.063s
6287/8070 SUCCESS PPARG/PPARA 6LXA FVNMATFYGNOSRW-RTLBZRNLSA-N seed29 97.485s
6288/8070 SUCCESS PPARG/PPARA 6LXA FVNMATFYGNOSRW-RTLBZRNLSA-N seed42 97.334s
6289/8070 SUCCESS PPARG/PPARA 6LXA FVNMATFYGNOSRW-RTLBZRNLSA-N seed71 99.531s
6290/8070 SUCCESS PPARG/PPARA 6LXA FVNMATFYGNOSRW-RTLBZRNLSA-N seed101 98.606s
6291/8070 SUCCESS PPARG/PPARA 9V8H XKBOWVVNDOSFQR-UHFFFAOYSA-N seed17 250.972s
6292/8070 SUCCESS PPARG/PPARA 9V8H XKBOWVVNDOSFQR-UHFFFAOYSA-N seed29 249.694s
6293/8070 SUCCESS PPARG/PPARA 9V8H XKBOWVVNDOSFQR-UHFFFAOYSA-N seed42 226.641s
6294/8070 SUCCESS PPARG/PPARA 6LXA XKBOWVVNDOSFQR-UHFFFAOYSA-N seed17 217.942s
6295/8070 SUCCESS PPARG/PPARA 9V8H XKBOWVVNDOSFQR-UHFFFAOYSA-N seed101 230.799s
6296/8070 SUCCESS PPARG/PPARA 9V8H XKBOWVVNDOSFQR-UHFFFAOYSA-N seed71 252.827s
6297/8070 SUCCESS PPARG/PPARA 6LXA XKBOWVVNDOSFQR-UHFFFAOYSA-N seed29 238.696s
6298/8070 SUCCESS PPARG/PPARA 6LXA XKBOWVVNDOSFQR-UHFFFAOYSA-N seed42 228.346s
6299/8070 SUCCESS PPARG/PPARA 6LXA XKBOWVVNDOSFQR-UHFFFAOYSA-N seed71 226.189s
6300/8070 SUCCESS PPARG/PPARA 6LXA XKBOWVVNDOSFQR-UHFFFAOYSA-N seed101 226.428s
6301/8070 SUCCESS PPARG/PPARA 9V8H CVIKEWAIJWFFBW-UHFFFAOYSA-N seed29 398.364s
6302/8070 SUCCESS PPARG/PPARA 9V8H CVIKEWAIJWFFBW-UHFFFAOYSA-N seed17 429.799s
6303/8070 SUCCESS PPARG/PPARA 6LXA CVIKEWAIJWFFBW-UHFFFAOYSA-N seed17 384.434s
6304/8070 SUCCESS PPARG/PPARA 9V8H CVIKEWAIJWFFBW-UHFFFAOYSA-N seed42 441.136s
6305/8070 SUCCESS PPARG/PPARA 9V8H CVIKEWAIJWFFBW-UHFFFAOYSA-N seed71 456.525s
6306/8070 SUCCESS PPARG/PPARA 9V8H CVIKEWAIJWFFBW-UHFFFAOYSA-N seed101 451.098s
6307/8070 SUCCESS PPARG/PPARA 6LXA CVIKEWAIJWFFBW-UHFFFAOYSA-N seed29 349.864s
6308/8070 SUCCESS PPARG/PPARA 6LXA CVIKEWAIJWFFBW-UHFFFAOYSA-N seed42 378.482s
6309/8070 SUCCESS PPARG/PPARA 6LXA CVIKEWAIJWFFBW-UHFFFAOYSA-N seed71 352.346s
6310/8070 SUCCESS PPARG/PPARA 6LXA CVIKEWAIJWFFBW-UHFFFAOYSA-N seed101 350.252s
6311/8070 SUCCESS PPARG/PPARA 9V8H DMTIJSKMOKMMKZ-IYOYZZHUSA-N seed17 475.885s
6312/8070 SUCCESS PPARG/PPARA 9V8H DMTIJSKMOKMMKZ-IYOYZZHUSA-N seed29 481.88s
6313/8070 SUCCESS PPARG/PPARA 9V8H DMTIJSKMOKMMKZ-IYOYZZHUSA-N seed42 462.06s
6314/8070 SUCCESS PPARG/PPARA 9V8H DMTIJSKMOKMMKZ-IYOYZZHUSA-N seed71 470.914s
6315/8070 SUCCESS PPARG/PPARA 6LXA DMTIJSKMOKMMKZ-IYOYZZHUSA-N seed17 393.053s
6316/8070 SUCCESS PPARG/PPARA 9V8H DMTIJSKMOKMMKZ-IYOYZZHUSA-N seed101 492.629s
6317/8070 SUCCESS PPARG/PPARA 9V8H IMYPSTHZBIWMNA-NBEIKUQISA-N seed17 124.236s
6318/8070 SUCCESS PPARG/PPARA 6LXA DMTIJSKMOKMMKZ-IYOYZZHUSA-N seed29 391.427s
6319/8070 SUCCESS PPARG/PPARA 6LXA DMTIJSKMOKMMKZ-IYOYZZHUSA-N seed42 385.015s
6320/8070 SUCCESS PPARG/PPARA 9V8H IMYPSTHZBIWMNA-NBEIKUQISA-N seed29 128.557s
6321/8070 SUCCESS PPARG/PPARA 9V8H IMYPSTHZBIWMNA-NBEIKUQISA-N seed42 119.969s
6322/8070 SUCCESS PPARG/PPARA 6LXA DMTIJSKMOKMMKZ-IYOYZZHUSA-N seed71 388.961s
6323/8070 SUCCESS PPARG/PPARA 9V8H IMYPSTHZBIWMNA-NBEIKUQISA-N seed71 122.851s
6324/8070 SUCCESS PPARG/PPARA 9V8H IMYPSTHZBIWMNA-NBEIKUQISA-N seed101 125.084s
6325/8070 SUCCESS PPARG/PPARA 6LXA DMTIJSKMOKMMKZ-IYOYZZHUSA-N seed101 392.853s
6326/8070 SUCCESS PPARG/PPARA 6LXA IMYPSTHZBIWMNA-NBEIKUQISA-N seed17 96.561s
6327/8070 SUCCESS PPARG/PPARA 6LXA IMYPSTHZBIWMNA-NBEIKUQISA-N seed29 91.065s
6328/8070 SUCCESS PPARG/PPARA 6LXA IMYPSTHZBIWMNA-NBEIKUQISA-N seed42 93.491s
6329/8070 SUCCESS PPARG/PPARA 6LXA IMYPSTHZBIWMNA-NBEIKUQISA-N seed71 89.619s
6330/8070 SUCCESS PPARG/PPARA 6LXA IMYPSTHZBIWMNA-NBEIKUQISA-N seed101 90.991s
6331/8070 SUCCESS PPARG/PPARA 9V8H YXRNZNYFVDQXRS-QRTMHTFLSA-N seed17 162.714s
6332/8070 SUCCESS PPARG/PPARA 9V8H YXRNZNYFVDQXRS-QRTMHTFLSA-N seed29 170.805s
6333/8070 SUCCESS PPARG/PPARA 6LXA YXRNZNYFVDQXRS-QRTMHTFLSA-N seed17 138.067s
6334/8070 SUCCESS PPARG/PPARA 9V8H YXRNZNYFVDQXRS-QRTMHTFLSA-N seed42 168.726s
6335/8070 SUCCESS PPARG/PPARA 9V8H YXRNZNYFVDQXRS-QRTMHTFLSA-N seed71 166.45s
6336/8070 SUCCESS PPARG/PPARA 9V8H YXRNZNYFVDQXRS-QRTMHTFLSA-N seed101 161.377s
6337/8070 SUCCESS PPARG/PPARA 6LXA YXRNZNYFVDQXRS-QRTMHTFLSA-N seed29 137.779s
6338/8070 SUCCESS PPARG/PPARA 6LXA YXRNZNYFVDQXRS-QRTMHTFLSA-N seed42 144.876s
6339/8070 SUCCESS PPARG/PPARA 9V8H HYEZSXAYSUJOCJ-UHFFFAOYSA-N seed17 144.319s
6340/8070 SUCCESS PPARG/PPARA 6LXA YXRNZNYFVDQXRS-QRTMHTFLSA-N seed101 146.159s
6341/8070 SUCCESS PPARG/PPARA 9V8H HYEZSXAYSUJOCJ-UHFFFAOYSA-N seed29 136.51s
6342/8070 SUCCESS PPARG/PPARA 6LXA YXRNZNYFVDQXRS-QRTMHTFLSA-N seed71 155.58s
6343/8070 SUCCESS PPARG/PPARA 6LXA HYEZSXAYSUJOCJ-UHFFFAOYSA-N seed17 89.31s
6344/8070 SUCCESS PPARG/PPARA 6LXA HYEZSXAYSUJOCJ-UHFFFAOYSA-N seed42 93.733s
6345/8070 SUCCESS PPARG/PPARA 9V8H HYEZSXAYSUJOCJ-UHFFFAOYSA-N seed42 147.3s
6346/8070 SUCCESS PPARG/PPARA 6LXA HYEZSXAYSUJOCJ-UHFFFAOYSA-N seed29 94.554s
6347/8070 SUCCESS PPARG/PPARA 9V8H HYEZSXAYSUJOCJ-UHFFFAOYSA-N seed71 141.068s
6348/8070 SUCCESS PPARG/PPARA 9V8H HYEZSXAYSUJOCJ-UHFFFAOYSA-N seed101 128.932s
6349/8070 SUCCESS PPARG/PPARA 6LXA HYEZSXAYSUJOCJ-UHFFFAOYSA-N seed71 92.634s
6350/8070 SUCCESS PPARG/PPARA 6LXA HYEZSXAYSUJOCJ-UHFFFAOYSA-N seed101 94.845s
6351/8070 SUCCESS PPARG/PPARA 9V8H KXWWUKKXHUIFHL-GOTSBHOMSA-N seed17 339.332s
6352/8070 SUCCESS PPARG/PPARA 9V8H KXWWUKKXHUIFHL-GOTSBHOMSA-N seed42 332.543s
6353/8070 SUCCESS PPARG/PPARA 9V8H KXWWUKKXHUIFHL-GOTSBHOMSA-N seed29 349.972s
6354/8070 SUCCESS PPARG/PPARA 9V8H KXWWUKKXHUIFHL-GOTSBHOMSA-N seed71 345.678s
6355/8070 SUCCESS PPARG/PPARA 6LXA KXWWUKKXHUIFHL-GOTSBHOMSA-N seed17 301.493s
6356/8070 SUCCESS PPARG/PPARA 9V8H KXWWUKKXHUIFHL-GOTSBHOMSA-N seed101 338.973s
6357/8070 SUCCESS PPARG/PPARA 6LXA KXWWUKKXHUIFHL-GOTSBHOMSA-N seed29 278.65s
6358/8070 SUCCESS PPARG/PPARA 6LXA KXWWUKKXHUIFHL-GOTSBHOMSA-N seed71 291.108s
6359/8070 SUCCESS PPARG/PPARA 6LXA KXWWUKKXHUIFHL-GOTSBHOMSA-N seed42 305.574s
6360/8070 SUCCESS PPARG/PPARA 6LXA KXWWUKKXHUIFHL-GOTSBHOMSA-N seed101 308.356s
6361/8070 SUCCESS PPARG/PPARA 9V8H OLSNNSDAOCWUDV-UHFFFAOYSA-N seed17 324.767s
6362/8070 SUCCESS PPARG/PPARA 9V8H OLSNNSDAOCWUDV-UHFFFAOYSA-N seed29 340.184s
6363/8070 SUCCESS PPARG/PPARA 6LXA OLSNNSDAOCWUDV-UHFFFAOYSA-N seed17 297.734s
6364/8070 SUCCESS PPARG/PPARA 9V8H OLSNNSDAOCWUDV-UHFFFAOYSA-N seed42 392.612s
6365/8070 SUCCESS PPARG/PPARA 6LXA OLSNNSDAOCWUDV-UHFFFAOYSA-N seed29 297.901s
6366/8070 SUCCESS PPARG/PPARA 9V8H OLSNNSDAOCWUDV-UHFFFAOYSA-N seed71 386.385s
6367/8070 SUCCESS PPARG/PPARA 9V8H OLSNNSDAOCWUDV-UHFFFAOYSA-N seed101 380.877s
6368/8070 SUCCESS PPARG/PPARA 6LXA OLSNNSDAOCWUDV-UHFFFAOYSA-N seed42 376.243s
6369/8070 SUCCESS PPARG/PPARA 9V8H CAQVFQUZLBQYOV-RUZDIDTESA-N seed17 246.785s
6370/8070 SUCCESS PPARG/PPARA 9V8H CAQVFQUZLBQYOV-RUZDIDTESA-N seed29 249.789s
6371/8070 SUCCESS PPARG/PPARA 9V8H CAQVFQUZLBQYOV-RUZDIDTESA-N seed42 251.857s
6372/8070 SUCCESS PPARG/PPARA 6LXA OLSNNSDAOCWUDV-UHFFFAOYSA-N seed71 322.925s
6373/8070 SUCCESS PPARG/PPARA 6LXA OLSNNSDAOCWUDV-UHFFFAOYSA-N seed101 298.342s
6374/8070 SUCCESS PPARG/PPARA 9V8H CAQVFQUZLBQYOV-RUZDIDTESA-N seed71 242.429s
6375/8070 SUCCESS PPARG/PPARA 6LXA CAQVFQUZLBQYOV-RUZDIDTESA-N seed17 190.534s
6376/8070 SUCCESS PPARG/PPARA 6LXA CAQVFQUZLBQYOV-RUZDIDTESA-N seed42 184.516s
6377/8070 SUCCESS PPARG/PPARA 6LXA CAQVFQUZLBQYOV-RUZDIDTESA-N seed29 202.441s
6378/8070 SUCCESS PPARG/PPARA 6LXA CAQVFQUZLBQYOV-RUZDIDTESA-N seed71 187.694s
6379/8070 SUCCESS PPARG/PPARA 9V8H CAQVFQUZLBQYOV-RUZDIDTESA-N seed101 239.331s
6380/8070 SUCCESS PPARG/PPARA 6LXA CAQVFQUZLBQYOV-RUZDIDTESA-N seed101 175.401s
6381/8070 SUCCESS PPARG/PPARA 9V8H SXJBAMWBIIITKL-UHFFFAOYSA-N seed17 242.817s
6382/8070 SUCCESS PPARG/PPARA 9V8H SXJBAMWBIIITKL-UHFFFAOYSA-N seed29 238.896s
6383/8070 SUCCESS PPARG/PPARA 9V8H SXJBAMWBIIITKL-UHFFFAOYSA-N seed42 238.91s
6384/8070 SUCCESS PPARG/PPARA 6LXA SXJBAMWBIIITKL-UHFFFAOYSA-N seed17 183.723s
6385/8070 SUCCESS PPARG/PPARA 9V8H SXJBAMWBIIITKL-UHFFFAOYSA-N seed71 245.033s
6386/8070 SUCCESS PPARG/PPARA 9V8H SXJBAMWBIIITKL-UHFFFAOYSA-N seed101 244.974s
6387/8070 SUCCESS PPARG/PPARA 6LXA SXJBAMWBIIITKL-UHFFFAOYSA-N seed29 172.472s
6388/8070 SUCCESS PPARG/PPARA 6LXA SXJBAMWBIIITKL-UHFFFAOYSA-N seed42 176.074s
6389/8070 SUCCESS PPARG/PPARA 6LXA SXJBAMWBIIITKL-UHFFFAOYSA-N seed71 183.625s
6390/8070 SUCCESS PPARG/PPARA 6LXA SXJBAMWBIIITKL-UHFFFAOYSA-N seed101 180.191s
6391/8070 SUCCESS PPARG/PPARA 9V8H SQNZXGQBXPCSHH-UHFFFAOYSA-N seed29 244.428s
6392/8070 SUCCESS PPARG/PPARA 9V8H SQNZXGQBXPCSHH-UHFFFAOYSA-N seed17 252.934s
6393/8070 SUCCESS PPARG/PPARA 6LXA SQNZXGQBXPCSHH-UHFFFAOYSA-N seed17 206.549s
6394/8070 SUCCESS PPARG/PPARA 9V8H SQNZXGQBXPCSHH-UHFFFAOYSA-N seed42 252.87s
6395/8070 SUCCESS PPARG/PPARA 9V8H SQNZXGQBXPCSHH-UHFFFAOYSA-N seed71 252.672s
6396/8070 SUCCESS PPARG/PPARA 9V8H SQNZXGQBXPCSHH-UHFFFAOYSA-N seed101 257.234s
6397/8070 SUCCESS PPARG/PPARA 6LXA SQNZXGQBXPCSHH-UHFFFAOYSA-N seed29 186.235s
6398/8070 SUCCESS PPARG/PPARA 6LXA SQNZXGQBXPCSHH-UHFFFAOYSA-N seed42 189.037s
6399/8070 SUCCESS PPARG/PPARA 6LXA SQNZXGQBXPCSHH-UHFFFAOYSA-N seed71 214.834s
6400/8070 SUCCESS PPARG/PPARA 6LXA SQNZXGQBXPCSHH-UHFFFAOYSA-N seed101 213.363s
6401/8070 SUCCESS PPARG/PPARA 9V8H DVJYRKXWTZVZBV-UHFFFAOYSA-N seed17 342.854s
6402/8070 SUCCESS PPARG/PPARA 9V8H DVJYRKXWTZVZBV-UHFFFAOYSA-N seed71 332.616s
6403/8070 SUCCESS PPARG/PPARA 9V8H DVJYRKXWTZVZBV-UHFFFAOYSA-N seed42 359.467s
6404/8070 SUCCESS PPARG/PPARA 9V8H DVJYRKXWTZVZBV-UHFFFAOYSA-N seed29 375.9s
6405/8070 SUCCESS PPARG/PPARA 9V8H DVJYRKXWTZVZBV-UHFFFAOYSA-N seed101 372.272s
6406/8070 SUCCESS PPARG/PPARA 6LXA DVJYRKXWTZVZBV-UHFFFAOYSA-N seed17 376.226s
6407/8070 SUCCESS PPARG/PPARA 6LXA DVJYRKXWTZVZBV-UHFFFAOYSA-N seed29 325.131s
6408/8070 SUCCESS PPARG/PPARA 6LXA DVJYRKXWTZVZBV-UHFFFAOYSA-N seed42 335.641s
6409/8070 SUCCESS PPARG/PPARA 6LXA DVJYRKXWTZVZBV-UHFFFAOYSA-N seed71 345.924s
6410/8070 SUCCESS PPARG/PPARA 6LXA DVJYRKXWTZVZBV-UHFFFAOYSA-N seed101 349.026s
6411/8070 SUCCESS PPARG/PPARA 9V8H XXXMKMSHRBZEPM-UHFFFAOYSA-N seed17 230.082s
6412/8070 SUCCESS PPARG/PPARA 9V8H XXXMKMSHRBZEPM-UHFFFAOYSA-N seed29 237.073s
6413/8070 SUCCESS PPARG/PPARA 9V8H XXXMKMSHRBZEPM-UHFFFAOYSA-N seed42 222.411s
6414/8070 SUCCESS PPARG/PPARA 6LXA XXXMKMSHRBZEPM-UHFFFAOYSA-N seed17 178.656s
6415/8070 SUCCESS PPARG/PPARA 9V8H XXXMKMSHRBZEPM-UHFFFAOYSA-N seed71 228.542s
6416/8070 SUCCESS PPARG/PPARA 9V8H XXXMKMSHRBZEPM-UHFFFAOYSA-N seed101 220.459s
6417/8070 SUCCESS PPARG/PPARA 6LXA XXXMKMSHRBZEPM-UHFFFAOYSA-N seed29 193.095s
6418/8070 SUCCESS PPARG/PPARA 6LXA XXXMKMSHRBZEPM-UHFFFAOYSA-N seed42 183.62s
6419/8070 SUCCESS PPARG/PPARA 6LXA XXXMKMSHRBZEPM-UHFFFAOYSA-N seed71 181.354s
6420/8070 SUCCESS PPARG/PPARA 6LXA XXXMKMSHRBZEPM-UHFFFAOYSA-N seed101 182.02s
6421/8070 SUCCESS PPARG/PPARA 9V8H LOIPZYXFUYLDKZ-JCUPVDEDSA-N seed17 593.014s
6422/8070 SUCCESS PPARG/PPARA 6LXA LOIPZYXFUYLDKZ-JCUPVDEDSA-N seed17 447.933s
6423/8070 SUCCESS PPARG/PPARA 9V8H LOIPZYXFUYLDKZ-JCUPVDEDSA-N seed42 586.709s
6424/8070 SUCCESS PPARG/PPARA 9V8H LOIPZYXFUYLDKZ-JCUPVDEDSA-N seed71 584.528s
6425/8070 SUCCESS PPARG/PPARA 9V8H LOIPZYXFUYLDKZ-JCUPVDEDSA-N seed29 628.849s
6426/8070 SUCCESS PPARG/PPARA 9V8H LOIPZYXFUYLDKZ-JCUPVDEDSA-N seed101 572.417s
6427/8070 SUCCESS PPARG/PPARA 9V8H PNHFDVSKDSLUFH-UHFFFAOYSA-N seed17 186.356s
6428/8070 SUCCESS PPARG/PPARA 9V8H PNHFDVSKDSLUFH-UHFFFAOYSA-N seed29 180.664s
6429/8070 SUCCESS PPARG/PPARA 9V8H PNHFDVSKDSLUFH-UHFFFAOYSA-N seed42 173.701s
6430/8070 SUCCESS PPARG/PPARA 6LXA LOIPZYXFUYLDKZ-JCUPVDEDSA-N seed29 435.152s
6431/8070 SUCCESS PPARG/PPARA 6LXA LOIPZYXFUYLDKZ-JCUPVDEDSA-N seed101 422.56s
6432/8070 SUCCESS PPARG/PPARA 9V8H PNHFDVSKDSLUFH-UHFFFAOYSA-N seed71 183.076s
6433/8070 SUCCESS PPARG/PPARA 6LXA LOIPZYXFUYLDKZ-JCUPVDEDSA-N seed42 474.747s
6434/8070 SUCCESS PPARG/PPARA 6LXA LOIPZYXFUYLDKZ-JCUPVDEDSA-N seed71 476.365s
6435/8070 SUCCESS PPARG/PPARA 6LXA PNHFDVSKDSLUFH-UHFFFAOYSA-N seed17 148.338s
6436/8070 SUCCESS PPARG/PPARA 9V8H PNHFDVSKDSLUFH-UHFFFAOYSA-N seed101 177.809s
6437/8070 SUCCESS PPARG/PPARA 6LXA PNHFDVSKDSLUFH-UHFFFAOYSA-N seed29 144.954s
6438/8070 SUCCESS PPARG/PPARA 6LXA PNHFDVSKDSLUFH-UHFFFAOYSA-N seed42 146.679s
6439/8070 SUCCESS PPARG/PPARA 6LXA PNHFDVSKDSLUFH-UHFFFAOYSA-N seed71 147.054s
6440/8070 SUCCESS PPARG/PPARA 6LXA PNHFDVSKDSLUFH-UHFFFAOYSA-N seed101 151.44s
6441/8070 SUCCESS PPARG/PPARA 9V8H NXIZKFYYHVTHFH-NBEIKUQISA-N seed17 128.788s
6442/8070 SUCCESS PPARG/PPARA 9V8H NXIZKFYYHVTHFH-NBEIKUQISA-N seed29 121.345s
6443/8070 SUCCESS PPARG/PPARA 9V8H NXIZKFYYHVTHFH-NBEIKUQISA-N seed42 124.986s
6444/8070 SUCCESS PPARG/PPARA 9V8H NXIZKFYYHVTHFH-NBEIKUQISA-N seed71 126.339s
6445/8070 SUCCESS PPARG/PPARA 9V8H NXIZKFYYHVTHFH-NBEIKUQISA-N seed101 133.04s
6446/8070 SUCCESS PPARG/PPARA 6LXA NXIZKFYYHVTHFH-NBEIKUQISA-N seed17 108.731s
6447/8070 SUCCESS PPARG/PPARA 6LXA NXIZKFYYHVTHFH-NBEIKUQISA-N seed29 106.041s
6448/8070 SUCCESS PPARG/PPARA 6LXA NXIZKFYYHVTHFH-NBEIKUQISA-N seed42 107.237s
6449/8070 SUCCESS PPARG/PPARA 6LXA NXIZKFYYHVTHFH-NBEIKUQISA-N seed71 105.536s
6450/8070 SUCCESS PPARG/PPARA 6LXA NXIZKFYYHVTHFH-NBEIKUQISA-N seed101 108.088s
6451/8070 SUCCESS PPARG/PPARA 9V8H KDCLRVJGUDZHRK-UHFFFAOYSA-N seed17 425.993s
6452/8070 SUCCESS PPARG/PPARA 6LXA KDCLRVJGUDZHRK-UHFFFAOYSA-N seed17 358.162s
6453/8070 SUCCESS PPARG/PPARA 9V8H KDCLRVJGUDZHRK-UHFFFAOYSA-N seed29 468.113s
6454/8070 SUCCESS PPARG/PPARA 9V8H KDCLRVJGUDZHRK-UHFFFAOYSA-N seed101 419.622s
6455/8070 SUCCESS PPARG/PPARA 9V8H KDCLRVJGUDZHRK-UHFFFAOYSA-N seed42 471.68s
6456/8070 SUCCESS PPARG/PPARA 9V8H KDCLRVJGUDZHRK-UHFFFAOYSA-N seed71 461.953s
6457/8070 SUCCESS PPARG/PPARA 9V8H POJUAKDODHHCTO-UHFFFAOYSA-N seed17 143.388s
6458/8070 SUCCESS PPARG/PPARA 9V8H POJUAKDODHHCTO-UHFFFAOYSA-N seed29 146.444s
6459/8070 SUCCESS PPARG/PPARA 9V8H POJUAKDODHHCTO-UHFFFAOYSA-N seed42 142.783s
6460/8070 SUCCESS PPARG/PPARA 9V8H POJUAKDODHHCTO-UHFFFAOYSA-N seed71 144.185s
6461/8070 SUCCESS PPARG/PPARA 6LXA KDCLRVJGUDZHRK-UHFFFAOYSA-N seed29 379.55s
6462/8070 SUCCESS PPARG/PPARA 6LXA KDCLRVJGUDZHRK-UHFFFAOYSA-N seed42 383.238s
6463/8070 SUCCESS PPARG/PPARA 6LXA KDCLRVJGUDZHRK-UHFFFAOYSA-N seed71 367.533s
6464/8070 SUCCESS PPARG/PPARA 6LXA KDCLRVJGUDZHRK-UHFFFAOYSA-N seed101 375.19s
6465/8070 SUCCESS PPARG/PPARA 6LXA POJUAKDODHHCTO-UHFFFAOYSA-N seed17 123.838s
6466/8070 SUCCESS PPARG/PPARA 6LXA POJUAKDODHHCTO-UHFFFAOYSA-N seed29 123.334s
6467/8070 SUCCESS PPARG/PPARA 9V8H POJUAKDODHHCTO-UHFFFAOYSA-N seed101 144.023s
6468/8070 SUCCESS PPARG/PPARA 6LXA POJUAKDODHHCTO-UHFFFAOYSA-N seed42 130.37s
6469/8070 SUCCESS PPARG/PPARA 6LXA POJUAKDODHHCTO-UHFFFAOYSA-N seed71 136.296s
6470/8070 SUCCESS PPARG/PPARA 6LXA POJUAKDODHHCTO-UHFFFAOYSA-N seed101 140.061s
6471/8070 SUCCESS PPARG/PPARA 9V8H SPSCEYHKPUTWNP-JOCHJYFZSA-N seed17 201.089s
6472/8070 SUCCESS PPARG/PPARA 9V8H SPSCEYHKPUTWNP-JOCHJYFZSA-N seed42 188.959s
6473/8070 SUCCESS PPARG/PPARA 9V8H SPSCEYHKPUTWNP-JOCHJYFZSA-N seed29 212.209s
6474/8070 SUCCESS PPARG/PPARA 9V8H SPSCEYHKPUTWNP-JOCHJYFZSA-N seed71 189.088s
6475/8070 SUCCESS PPARG/PPARA 6LXA SPSCEYHKPUTWNP-JOCHJYFZSA-N seed17 167.033s
6476/8070 SUCCESS PPARG/PPARA 9V8H SPSCEYHKPUTWNP-JOCHJYFZSA-N seed101 207.67s
6477/8070 SUCCESS PPARG/PPARA 6LXA SPSCEYHKPUTWNP-JOCHJYFZSA-N seed29 164.442s
6478/8070 SUCCESS PPARG/PPARA 6LXA SPSCEYHKPUTWNP-JOCHJYFZSA-N seed42 165.902s
6479/8070 SUCCESS PPARG/PPARA 6LXA SPSCEYHKPUTWNP-JOCHJYFZSA-N seed101 153.34s
6480/8070 SUCCESS PPARG/PPARA 6LXA SPSCEYHKPUTWNP-JOCHJYFZSA-N seed71 164.602s
6481/8070 SUCCESS PPARG/PPARA 9V8H LUTLDXKHISCIJB-UHFFFAOYSA-N seed17 256.123s
6482/8070 SUCCESS PPARG/PPARA 9V8H LUTLDXKHISCIJB-UHFFFAOYSA-N seed29 255.366s
6483/8070 SUCCESS PPARG/PPARA 6LXA LUTLDXKHISCIJB-UHFFFAOYSA-N seed17 184.342s
6484/8070 SUCCESS PPARG/PPARA 9V8H LUTLDXKHISCIJB-UHFFFAOYSA-N seed42 255.718s
6485/8070 SUCCESS PPARG/PPARA 9V8H LUTLDXKHISCIJB-UHFFFAOYSA-N seed71 259.513s
6486/8070 SUCCESS PPARG/PPARA 9V8H LUTLDXKHISCIJB-UHFFFAOYSA-N seed101 251.517s
6487/8070 SUCCESS PPARG/PPARA 6LXA LUTLDXKHISCIJB-UHFFFAOYSA-N seed42 185.78s
6488/8070 SUCCESS PPARG/PPARA 6LXA LUTLDXKHISCIJB-UHFFFAOYSA-N seed29 199.643s
6489/8070 SUCCESS PPARG/PPARA 6LXA LUTLDXKHISCIJB-UHFFFAOYSA-N seed71 201.342s
6490/8070 SUCCESS PPARG/PPARA 6LXA LUTLDXKHISCIJB-UHFFFAOYSA-N seed101 209.933s
6491/8070 SUCCESS PPARG/PPARA 9V8H LYLKITZXILLNFB-RVDKCFQWSA-N seed29 236.633s
6492/8070 SUCCESS PPARG/PPARA 9V8H LYLKITZXILLNFB-RVDKCFQWSA-N seed17 260.904s
6493/8070 SUCCESS PPARG/PPARA 9V8H LYLKITZXILLNFB-RVDKCFQWSA-N seed42 234.139s
6494/8070 SUCCESS PPARG/PPARA 9V8H LYLKITZXILLNFB-RVDKCFQWSA-N seed71 239.716s
6495/8070 SUCCESS PPARG/PPARA 9V8H LYLKITZXILLNFB-RVDKCFQWSA-N seed101 253.247s
6496/8070 SUCCESS PPARG/PPARA 6LXA LYLKITZXILLNFB-RVDKCFQWSA-N seed17 253.833s
6497/8070 SUCCESS PPARG/PPARA 6LXA LYLKITZXILLNFB-RVDKCFQWSA-N seed29 239.399s
6498/8070 SUCCESS PPARG/PPARA 6LXA LYLKITZXILLNFB-RVDKCFQWSA-N seed42 229.38s
6499/8070 SUCCESS PPARG/PPARA 6LXA LYLKITZXILLNFB-RVDKCFQWSA-N seed71 233.084s
6500/8070 SUCCESS PPARG/PPARA 6LXA LYLKITZXILLNFB-RVDKCFQWSA-N seed101 233.209s
6501/8070 SUCCESS PPARG/PPARA 9V8H CUSRKEXXWGILRX-UHFFFAOYSA-N seed17 225.256s
6502/8070 SUCCESS PPARG/PPARA 9V8H CUSRKEXXWGILRX-UHFFFAOYSA-N seed29 224.197s
6503/8070 SUCCESS PPARG/PPARA 9V8H CUSRKEXXWGILRX-UHFFFAOYSA-N seed42 222.562s
6504/8070 SUCCESS PPARG/PPARA 9V8H CUSRKEXXWGILRX-UHFFFAOYSA-N seed71 217.846s
6505/8070 SUCCESS PPARG/PPARA 6LXA CUSRKEXXWGILRX-UHFFFAOYSA-N seed17 180.264s
6506/8070 SUCCESS PPARG/PPARA 9V8H CUSRKEXXWGILRX-UHFFFAOYSA-N seed101 229.749s
6507/8070 SUCCESS PPARG/PPARA 6LXA CUSRKEXXWGILRX-UHFFFAOYSA-N seed29 189.893s
6508/8070 SUCCESS PPARG/PPARA 6LXA CUSRKEXXWGILRX-UHFFFAOYSA-N seed42 182.376s
6509/8070 SUCCESS PPARG/PPARA 6LXA CUSRKEXXWGILRX-UHFFFAOYSA-N seed71 177.52s
6510/8070 SUCCESS PPARG/PPARA 6LXA CUSRKEXXWGILRX-UHFFFAOYSA-N seed101 178.209s
6511/8070 SUCCESS PPARG/PPARA 9V8H KWQUTYNOCXTVHR-UHFFFAOYSA-N seed17 394.765s
6512/8070 SUCCESS PPARG/PPARA 9V8H KWQUTYNOCXTVHR-UHFFFAOYSA-N seed29 391.079s
6513/8070 SUCCESS PPARG/PPARA 9V8H KWQUTYNOCXTVHR-UHFFFAOYSA-N seed42 368.136s
6514/8070 SUCCESS PPARG/PPARA 6LXA KWQUTYNOCXTVHR-UHFFFAOYSA-N seed17 322.533s
6515/8070 SUCCESS PPARG/PPARA 9V8H KWQUTYNOCXTVHR-UHFFFAOYSA-N seed71 407.42s
6516/8070 SUCCESS PPARG/PPARA 9V8H KWQUTYNOCXTVHR-UHFFFAOYSA-N seed101 397.247s
6517/8070 SUCCESS PPARG/PPARA 6LXA KWQUTYNOCXTVHR-UHFFFAOYSA-N seed29 346.363s
6518/8070 SUCCESS PPARG/PPARA 6LXA KWQUTYNOCXTVHR-UHFFFAOYSA-N seed71 309.752s
6519/8070 SUCCESS PPARG/PPARA 6LXA KWQUTYNOCXTVHR-UHFFFAOYSA-N seed42 328.488s
6520/8070 SUCCESS PPARG/PPARA 6LXA KWQUTYNOCXTVHR-UHFFFAOYSA-N seed101 321.986s
6521/8070 SUCCESS PPARG/PPARA 9V8H QFQGNTDOAIPHRN-QHCPKHFHSA-N seed17 285.132s
6522/8070 SUCCESS PPARG/PPARA 9V8H QFQGNTDOAIPHRN-QHCPKHFHSA-N seed29 285.355s
6523/8070 SUCCESS PPARG/PPARA 9V8H QFQGNTDOAIPHRN-QHCPKHFHSA-N seed42 268.753s
6524/8070 SUCCESS PPARG/PPARA 9V8H QFQGNTDOAIPHRN-QHCPKHFHSA-N seed71 284.114s
6525/8070 SUCCESS PPARG/PPARA 9V8H QFQGNTDOAIPHRN-QHCPKHFHSA-N seed101 289.786s
6526/8070 SUCCESS PPARG/PPARA 6LXA QFQGNTDOAIPHRN-QHCPKHFHSA-N seed17 263.679s
6527/8070 SUCCESS PPARG/PPARA 6LXA QFQGNTDOAIPHRN-QHCPKHFHSA-N seed29 264.226s
6528/8070 SUCCESS PPARG/PPARA 6LXA QFQGNTDOAIPHRN-QHCPKHFHSA-N seed42 258.85s
6529/8070 SUCCESS PPARG/PPARA 9V8H SJYFDJBDUNUHJQ-UHFFFAOYSA-N seed17 175.079s
6530/8070 SUCCESS PPARG/PPARA 9V8H SJYFDJBDUNUHJQ-UHFFFAOYSA-N seed29 173.726s
6531/8070 SUCCESS PPARG/PPARA 9V8H SJYFDJBDUNUHJQ-UHFFFAOYSA-N seed42 170.762s
6532/8070 SUCCESS PPARG/PPARA 6LXA QFQGNTDOAIPHRN-QHCPKHFHSA-N seed71 260.512s
6533/8070 SUCCESS PPARG/PPARA 9V8H SJYFDJBDUNUHJQ-UHFFFAOYSA-N seed71 183.146s
6534/8070 SUCCESS PPARG/PPARA 6LXA QFQGNTDOAIPHRN-QHCPKHFHSA-N seed101 243.3s
6535/8070 SUCCESS PPARG/PPARA 6LXA SJYFDJBDUNUHJQ-UHFFFAOYSA-N seed17 151.283s
6536/8070 SUCCESS PPARG/PPARA 9V8H SJYFDJBDUNUHJQ-UHFFFAOYSA-N seed101 176.463s
6537/8070 SUCCESS PPARG/PPARA 6LXA SJYFDJBDUNUHJQ-UHFFFAOYSA-N seed29 153.603s
6538/8070 SUCCESS PPARG/PPARA 6LXA SJYFDJBDUNUHJQ-UHFFFAOYSA-N seed71 149.054s
6539/8070 SUCCESS PPARG/PPARA 6LXA SJYFDJBDUNUHJQ-UHFFFAOYSA-N seed42 157.298s
6540/8070 SUCCESS PPARG/PPARA 6LXA SJYFDJBDUNUHJQ-UHFFFAOYSA-N seed101 149.454s
6541/8070 SUCCESS PPARG/PPARA 9V8H PVTZPAMEGKOLDH-UHFFFAOYSA-N seed17 163.936s
6542/8070 SUCCESS PPARG/PPARA 9V8H PVTZPAMEGKOLDH-UHFFFAOYSA-N seed29 159.895s
6543/8070 SUCCESS PPARG/PPARA 9V8H PVTZPAMEGKOLDH-UHFFFAOYSA-N seed42 151.919s
6544/8070 SUCCESS PPARG/PPARA 9V8H PVTZPAMEGKOLDH-UHFFFAOYSA-N seed71 150.837s
6545/8070 SUCCESS PPARG/PPARA 9V8H PVTZPAMEGKOLDH-UHFFFAOYSA-N seed101 156.408s
6546/8070 SUCCESS PPARG/PPARA 6LXA PVTZPAMEGKOLDH-UHFFFAOYSA-N seed17 155.055s
6547/8070 SUCCESS PPARG/PPARA 6LXA PVTZPAMEGKOLDH-UHFFFAOYSA-N seed29 151.207s
6548/8070 SUCCESS PPARG/PPARA 6LXA PVTZPAMEGKOLDH-UHFFFAOYSA-N seed42 151.23s
6549/8070 SUCCESS PPARG/PPARA 6LXA PVTZPAMEGKOLDH-UHFFFAOYSA-N seed71 152.253s
6550/8070 SUCCESS PPARG/PPARA 6LXA PVTZPAMEGKOLDH-UHFFFAOYSA-N seed101 144.762s
6551/8070 SUCCESS PPARG/PPARA 9V8H HHYHQMCULLJUOU-UHFFFAOYSA-N seed29 209.121s
6552/8070 SUCCESS PPARG/PPARA 9V8H HHYHQMCULLJUOU-UHFFFAOYSA-N seed17 224.284s
6553/8070 SUCCESS PPARG/PPARA 6LXA HHYHQMCULLJUOU-UHFFFAOYSA-N seed17 189.99s
6554/8070 SUCCESS PPARG/PPARA 9V8H HHYHQMCULLJUOU-UHFFFAOYSA-N seed71 209.845s
6555/8070 SUCCESS PPARG/PPARA 9V8H HHYHQMCULLJUOU-UHFFFAOYSA-N seed42 226.6s
6556/8070 SUCCESS PPARG/PPARA 9V8H HHYHQMCULLJUOU-UHFFFAOYSA-N seed101 227.669s
6557/8070 SUCCESS PPARG/PPARA 6LXA HHYHQMCULLJUOU-UHFFFAOYSA-N seed29 189.14s
6558/8070 SUCCESS PPARG/PPARA 6LXA HHYHQMCULLJUOU-UHFFFAOYSA-N seed42 197.479s
6559/8070 SUCCESS PPARG/PPARA 6LXA HHYHQMCULLJUOU-UHFFFAOYSA-N seed71 187.0s
6560/8070 SUCCESS PPARG/PPARA 6LXA HHYHQMCULLJUOU-UHFFFAOYSA-N seed101 186.996s
6561/8070 SUCCESS PPARG/PPARA 9V8H ZXWVCCFKIRBLDP-UHFFFAOYSA-N seed29 371.921s
6562/8070 SUCCESS PPARG/PPARA 9V8H ZXWVCCFKIRBLDP-UHFFFAOYSA-N seed17 389.412s
6563/8070 SUCCESS PPARG/PPARA 9V8H ZXWVCCFKIRBLDP-UHFFFAOYSA-N seed42 344.737s
6564/8070 SUCCESS PPARG/PPARA 9V8H ZXWVCCFKIRBLDP-UHFFFAOYSA-N seed71 384.772s
6565/8070 SUCCESS PPARG/PPARA 9V8H ZXWVCCFKIRBLDP-UHFFFAOYSA-N seed101 346.657s
6566/8070 SUCCESS PPARG/PPARA 6LXA ZXWVCCFKIRBLDP-UHFFFAOYSA-N seed17 369.704s
6567/8070 SUCCESS PPARG/PPARA 6LXA ZXWVCCFKIRBLDP-UHFFFAOYSA-N seed29 344.564s
6568/8070 SUCCESS PPARG/PPARA 6LXA ZXWVCCFKIRBLDP-UHFFFAOYSA-N seed42 349.087s
6569/8070 SUCCESS PPARG/PPARA 6LXA ZXWVCCFKIRBLDP-UHFFFAOYSA-N seed71 353.704s
6570/8070 SUCCESS PPARG/PPARA 9V8H QDTHAXJGRDPCSZ-UHFFFAOYSA-N seed17 269.3s
6571/8070 SUCCESS PPARG/PPARA 6LXA ZXWVCCFKIRBLDP-UHFFFAOYSA-N seed101 377.875s
6572/8070 SUCCESS PPARG/PPARA 9V8H QDTHAXJGRDPCSZ-UHFFFAOYSA-N seed29 308.726s
6573/8070 SUCCESS PPARG/PPARA 6LXA QDTHAXJGRDPCSZ-UHFFFAOYSA-N seed17 223.053s
6574/8070 SUCCESS PPARG/PPARA 9V8H QDTHAXJGRDPCSZ-UHFFFAOYSA-N seed42 282.074s
6575/8070 SUCCESS PPARG/PPARA 9V8H QDTHAXJGRDPCSZ-UHFFFAOYSA-N seed71 288.554s
6576/8070 SUCCESS PPARG/PPARA 9V8H QDTHAXJGRDPCSZ-UHFFFAOYSA-N seed101 278.108s
6577/8070 SUCCESS PPARG/PPARA 6LXA QDTHAXJGRDPCSZ-UHFFFAOYSA-N seed29 228.775s
6578/8070 SUCCESS PPARG/PPARA 6LXA QDTHAXJGRDPCSZ-UHFFFAOYSA-N seed42 218.143s
6579/8070 SUCCESS PPARG/PPARA 9V8H IQWIIYXELSKEMG-BUVRLJJBSA-N seed17 169.288s
6580/8070 SUCCESS PPARG/PPARA 9V8H IQWIIYXELSKEMG-BUVRLJJBSA-N seed29 173.244s
6581/8070 SUCCESS PPARG/PPARA 6LXA QDTHAXJGRDPCSZ-UHFFFAOYSA-N seed71 237.518s
6582/8070 SUCCESS PPARG/PPARA 9V8H IQWIIYXELSKEMG-BUVRLJJBSA-N seed42 176.305s
6583/8070 SUCCESS PPARG/PPARA 9V8H IQWIIYXELSKEMG-BUVRLJJBSA-N seed71 174.414s
6584/8070 SUCCESS PPARG/PPARA 6LXA QDTHAXJGRDPCSZ-UHFFFAOYSA-N seed101 237.898s
6585/8070 SUCCESS PPARG/PPARA 6LXA IQWIIYXELSKEMG-BUVRLJJBSA-N seed17 160.315s
6586/8070 SUCCESS PPARG/PPARA 9V8H IQWIIYXELSKEMG-BUVRLJJBSA-N seed101 179.315s
6587/8070 SUCCESS PPARG/PPARA 6LXA IQWIIYXELSKEMG-BUVRLJJBSA-N seed71 138.443s
6588/8070 SUCCESS PPARG/PPARA 6LXA IQWIIYXELSKEMG-BUVRLJJBSA-N seed29 150.147s
6589/8070 SUCCESS PPARG/PPARA 6LXA IQWIIYXELSKEMG-BUVRLJJBSA-N seed42 160.85s
6590/8070 SUCCESS PPARG/PPARA 6LXA IQWIIYXELSKEMG-BUVRLJJBSA-N seed101 158.719s
6591/8070 SUCCESS PPARG/PPARA 9V8H NFFXEUUOMTXWCX-UHFFFAOYSA-N seed17 132.445s
6592/8070 SUCCESS PPARG/PPARA 6LXA NFFXEUUOMTXWCX-UHFFFAOYSA-N seed17 97.622s
6593/8070 SUCCESS PPARG/PPARA 9V8H NFFXEUUOMTXWCX-UHFFFAOYSA-N seed29 132.238s
6594/8070 SUCCESS PPARG/PPARA 9V8H NFFXEUUOMTXWCX-UHFFFAOYSA-N seed42 129.709s
6595/8070 SUCCESS PPARG/PPARA 9V8H NFFXEUUOMTXWCX-UHFFFAOYSA-N seed71 128.206s
6596/8070 SUCCESS PPARG/PPARA 9V8H NFFXEUUOMTXWCX-UHFFFAOYSA-N seed101 128.873s
6597/8070 SUCCESS PPARG/PPARA 6LXA NFFXEUUOMTXWCX-UHFFFAOYSA-N seed29 104.39s
6598/8070 SUCCESS PPARG/PPARA 6LXA NFFXEUUOMTXWCX-UHFFFAOYSA-N seed71 97.925s
6599/8070 SUCCESS PPARG/PPARA 6LXA NFFXEUUOMTXWCX-UHFFFAOYSA-N seed42 100.392s
6600/8070 SUCCESS PPARG/PPARA 6LXA NFFXEUUOMTXWCX-UHFFFAOYSA-N seed101 97.034s
6601/8070 SUCCESS PPARG/PPARA 9V8H XRVNSFDHOMAYDC-YTMVLYRLSA-N seed29 426.599s
6602/8070 SUCCESS PPARG/PPARA 6LXA XRVNSFDHOMAYDC-YTMVLYRLSA-N seed17 372.908s
6603/8070 SUCCESS PPARG/PPARA 9V8H XRVNSFDHOMAYDC-YTMVLYRLSA-N seed17 468.04s
6604/8070 SUCCESS PPARG/PPARA 9V8H XRVNSFDHOMAYDC-YTMVLYRLSA-N seed101 445.687s
6605/8070 SUCCESS PPARG/PPARA 9V8H XRVNSFDHOMAYDC-YTMVLYRLSA-N seed71 461.48s
6606/8070 SUCCESS PPARG/PPARA 9V8H XRVNSFDHOMAYDC-YTMVLYRLSA-N seed42 478.001s
6607/8070 SUCCESS PPARG/PPARA 6LXA XRVNSFDHOMAYDC-YTMVLYRLSA-N seed71 328.291s
6608/8070 SUCCESS PPARG/PPARA 6LXA XRVNSFDHOMAYDC-YTMVLYRLSA-N seed29 367.077s
6609/8070 SUCCESS PPARG/PPARA 6LXA XRVNSFDHOMAYDC-YTMVLYRLSA-N seed42 380.666s
6610/8070 SUCCESS PPARG/PPARA 6LXA XRVNSFDHOMAYDC-YTMVLYRLSA-N seed101 331.547s
6611/8070 SUCCESS PPARG/PPARA 9V8H NOVRKZNBTPUNRI-UHFFFAOYSA-N seed17 382.498s
6612/8070 SUCCESS PPARG/PPARA 9V8H NOVRKZNBTPUNRI-UHFFFAOYSA-N seed29 400.718s
6613/8070 SUCCESS PPARG/PPARA 6LXA NOVRKZNBTPUNRI-UHFFFAOYSA-N seed17 316.915s
6614/8070 SUCCESS PPARG/PPARA 9V8H NOVRKZNBTPUNRI-UHFFFAOYSA-N seed71 400.385s
6615/8070 SUCCESS PPARG/PPARA 9V8H NOVRKZNBTPUNRI-UHFFFAOYSA-N seed101 361.178s
6616/8070 SUCCESS PPARG/PPARA 9V8H NOVRKZNBTPUNRI-UHFFFAOYSA-N seed42 415.922s
6617/8070 SUCCESS PPARG/PPARA 6LXA NOVRKZNBTPUNRI-UHFFFAOYSA-N seed29 345.474s
6618/8070 SUCCESS PPARG/PPARA 6LXA NOVRKZNBTPUNRI-UHFFFAOYSA-N seed42 343.875s
6619/8070 SUCCESS PPARG/PPARA 6LXA NOVRKZNBTPUNRI-UHFFFAOYSA-N seed71 323.091s
6620/8070 SUCCESS PPARG/PPARA 6LXA NOVRKZNBTPUNRI-UHFFFAOYSA-N seed101 309.219s
6621/8070 SUCCESS PPARG/PPARA 9V8H HWOKKMFQJSXDKU-YTMVLYRLSA-N seed29 439.562s
6622/8070 SUCCESS PPARG/PPARA 9V8H HWOKKMFQJSXDKU-YTMVLYRLSA-N seed17 461.715s
6623/8070 SUCCESS PPARG/PPARA 9V8H HWOKKMFQJSXDKU-YTMVLYRLSA-N seed42 489.592s
6624/8070 SUCCESS PPARG/PPARA 9V8H HWOKKMFQJSXDKU-YTMVLYRLSA-N seed71 478.054s
6625/8070 SUCCESS PPARG/PPARA 6LXA HWOKKMFQJSXDKU-YTMVLYRLSA-N seed17 320.08s
6626/8070 SUCCESS PPARG/PPARA 9V8H HWOKKMFQJSXDKU-YTMVLYRLSA-N seed101 450.196s
6627/8070 SUCCESS PPARG/PPARA 6LXA HWOKKMFQJSXDKU-YTMVLYRLSA-N seed29 336.477s
6628/8070 SUCCESS PPARG/PPARA 6LXA HWOKKMFQJSXDKU-YTMVLYRLSA-N seed42 327.92s
6629/8070 SUCCESS PPARG/PPARA 9V8H CADIUVOXJVKRSR-UHFFFAOYSA-N seed17 224.816s
6630/8070 SUCCESS PPARG/PPARA 6LXA HWOKKMFQJSXDKU-YTMVLYRLSA-N seed71 336.272s
6631/8070 SUCCESS PPARG/PPARA 6LXA HWOKKMFQJSXDKU-YTMVLYRLSA-N seed101 364.47s
6632/8070 SUCCESS PPARG/PPARA 9V8H CADIUVOXJVKRSR-UHFFFAOYSA-N seed29 224.125s
6633/8070 SUCCESS PPARG/PPARA 9V8H CADIUVOXJVKRSR-UHFFFAOYSA-N seed42 193.378s
6634/8070 SUCCESS PPARG/PPARA 9V8H CADIUVOXJVKRSR-UHFFFAOYSA-N seed71 207.031s
6635/8070 SUCCESS PPARG/PPARA 6LXA CADIUVOXJVKRSR-UHFFFAOYSA-N seed17 174.901s
6636/8070 SUCCESS PPARG/PPARA 9V8H CADIUVOXJVKRSR-UHFFFAOYSA-N seed101 216.393s
6637/8070 SUCCESS PPARG/PPARA 6LXA CADIUVOXJVKRSR-UHFFFAOYSA-N seed29 167.601s
6638/8070 SUCCESS PPARG/PPARA 6LXA CADIUVOXJVKRSR-UHFFFAOYSA-N seed42 171.972s
6639/8070 SUCCESS PPARG/PPARA 6LXA CADIUVOXJVKRSR-UHFFFAOYSA-N seed71 171.662s
6640/8070 SUCCESS PPARG/PPARA 6LXA CADIUVOXJVKRSR-UHFFFAOYSA-N seed101 166.703s
6641/8070 SUCCESS PPARG/PPARA 9V8H KAPDPGZDHUCILF-UHFFFAOYSA-N seed17 277.667s
6642/8070 SUCCESS PPARG/PPARA 9V8H KAPDPGZDHUCILF-UHFFFAOYSA-N seed29 300.647s
6643/8070 SUCCESS PPARG/PPARA 6LXA KAPDPGZDHUCILF-UHFFFAOYSA-N seed17 219.963s
6644/8070 SUCCESS PPARG/PPARA 9V8H KAPDPGZDHUCILF-UHFFFAOYSA-N seed42 302.368s
6645/8070 SUCCESS PPARG/PPARA 9V8H KAPDPGZDHUCILF-UHFFFAOYSA-N seed71 275.593s
6646/8070 SUCCESS PPARG/PPARA 9V8H KAPDPGZDHUCILF-UHFFFAOYSA-N seed101 301.334s
6647/8070 SUCCESS PPARG/PPARA 6LXA KAPDPGZDHUCILF-UHFFFAOYSA-N seed29 222.464s
6648/8070 SUCCESS PPARG/PPARA 6LXA KAPDPGZDHUCILF-UHFFFAOYSA-N seed42 216.949s
6649/8070 SUCCESS PPARG/PPARA 6LXA KAPDPGZDHUCILF-UHFFFAOYSA-N seed71 206.081s
6650/8070 SUCCESS PPARG/PPARA 6LXA KAPDPGZDHUCILF-UHFFFAOYSA-N seed101 207.915s
6651/8070 SUCCESS PPARG/PPARA 9V8H BWQAEQBADOVIBT-UHFFFAOYSA-N seed17 454.652s
6652/8070 SUCCESS PPARG/PPARA 9V8H BWQAEQBADOVIBT-UHFFFAOYSA-N seed29 435.678s
6653/8070 SUCCESS PPARG/PPARA 9V8H BWQAEQBADOVIBT-UHFFFAOYSA-N seed101 430.813s
6654/8070 SUCCESS PPARG/PPARA 9V8H BWQAEQBADOVIBT-UHFFFAOYSA-N seed42 460.795s
6655/8070 SUCCESS PPARG/PPARA 9V8H BWQAEQBADOVIBT-UHFFFAOYSA-N seed71 450.641s
6656/8070 SUCCESS PPARG/PPARA 6LXA BWQAEQBADOVIBT-UHFFFAOYSA-N seed17 443.846s
6657/8070 SUCCESS PPARG/PPARA 9V8H WEQANHSKIULRFP-QHCPKHFHSA-N seed17 187.483s
6658/8070 SUCCESS PPARG/PPARA 6LXA BWQAEQBADOVIBT-UHFFFAOYSA-N seed29 415.295s
6659/8070 SUCCESS PPARG/PPARA 9V8H WEQANHSKIULRFP-QHCPKHFHSA-N seed29 232.237s
6660/8070 SUCCESS PPARG/PPARA 6LXA BWQAEQBADOVIBT-UHFFFAOYSA-N seed42 425.84s
6661/8070 SUCCESS PPARG/PPARA 6LXA BWQAEQBADOVIBT-UHFFFAOYSA-N seed71 461.535s
6662/8070 SUCCESS PPARG/PPARA 6LXA WEQANHSKIULRFP-QHCPKHFHSA-N seed17 182.512s
6663/8070 SUCCESS PPARG/PPARA 9V8H WEQANHSKIULRFP-QHCPKHFHSA-N seed42 271.005s
6664/8070 SUCCESS PPARG/PPARA 6LXA BWQAEQBADOVIBT-UHFFFAOYSA-N seed101 495.39s
6665/8070 SUCCESS PPARG/PPARA 9V8H WEQANHSKIULRFP-QHCPKHFHSA-N seed71 273.872s
6666/8070 SUCCESS PPARG/PPARA 9V8H WEQANHSKIULRFP-QHCPKHFHSA-N seed101 284.658s
6667/8070 SUCCESS PPARG/PPARA 6LXA WEQANHSKIULRFP-QHCPKHFHSA-N seed29 176.194s
6668/8070 SUCCESS PPARG/PPARA 6LXA WEQANHSKIULRFP-QHCPKHFHSA-N seed71 194.074s
6669/8070 SUCCESS PPARG/PPARA 6LXA WEQANHSKIULRFP-QHCPKHFHSA-N seed42 207.6s
6670/8070 SUCCESS PPARG/PPARA 6LXA WEQANHSKIULRFP-QHCPKHFHSA-N seed101 180.631s
6671/8070 SUCCESS PPARG/PPARA 9V8H MAINKGNWZLMMRF-UHFFFAOYSA-N seed17 578.94s
6672/8070 SUCCESS PPARG/PPARA 9V8H MAINKGNWZLMMRF-UHFFFAOYSA-N seed29 598.349s
6673/8070 SUCCESS PPARG/PPARA 9V8H MAINKGNWZLMMRF-UHFFFAOYSA-N seed42 560.144s
6674/8070 SUCCESS PPARG/PPARA 6LXA MAINKGNWZLMMRF-UHFFFAOYSA-N seed17 544.92s
6675/8070 SUCCESS PPARG/PPARA 9V8H MAINKGNWZLMMRF-UHFFFAOYSA-N seed71 561.854s
6676/8070 SUCCESS PPARG/PPARA 9V8H MAINKGNWZLMMRF-UHFFFAOYSA-N seed101 598.57s
6677/8070 SUCCESS PPARG/PPARA 6LXA MAINKGNWZLMMRF-UHFFFAOYSA-N seed42 469.538s
6678/8070 SUCCESS PPARG/PPARA 6LXA MAINKGNWZLMMRF-UHFFFAOYSA-N seed29 561.088s
6679/8070 SUCCESS PPARG/PPARA 9V8H XXZBELJQKKGJRL-FMFFXOCNSA-N seed17 448.817s
6680/8070 SUCCESS PPARG/PPARA 6LXA MAINKGNWZLMMRF-UHFFFAOYSA-N seed101 463.373s
6681/8070 SUCCESS PPARG/PPARA 6LXA MAINKGNWZLMMRF-UHFFFAOYSA-N seed71 498.426s
6682/8070 SUCCESS PPARG/PPARA 9V8H XXZBELJQKKGJRL-FMFFXOCNSA-N seed29 454.464s
6683/8070 SUCCESS PPARG/PPARA 6LXA XXZBELJQKKGJRL-FMFFXOCNSA-N seed17 324.929s
6684/8070 SUCCESS PPARG/PPARA 6LXA XXZBELJQKKGJRL-FMFFXOCNSA-N seed29 326.031s
6685/8070 SUCCESS PPARG/PPARA 6LXA XXZBELJQKKGJRL-FMFFXOCNSA-N seed42 317.774s
6686/8070 SUCCESS PPARG/PPARA 9V8H XXZBELJQKKGJRL-FMFFXOCNSA-N seed42 433.624s
6687/8070 SUCCESS PPARG/PPARA 9V8H XXZBELJQKKGJRL-FMFFXOCNSA-N seed71 422.725s
6688/8070 SUCCESS PPARG/PPARA 9V8H XXZBELJQKKGJRL-FMFFXOCNSA-N seed101 434.646s
6689/8070 SUCCESS PPARG/PPARA 6LXA XXZBELJQKKGJRL-FMFFXOCNSA-N seed71 377.758s
6690/8070 SUCCESS PPARG/PPARA 6LXA XXZBELJQKKGJRL-FMFFXOCNSA-N seed101 377.588s
6691/8070 SUCCESS PPARG/PPARA 9V8H NPCOVXRHNOWSPC-UHFFFAOYSA-N seed17 527.587s
6692/8070 SUCCESS PPARG/PPARA 9V8H NPCOVXRHNOWSPC-UHFFFAOYSA-N seed29 539.443s
6693/8070 SUCCESS PPARG/PPARA 9V8H NPCOVXRHNOWSPC-UHFFFAOYSA-N seed42 505.199s
6694/8070 SUCCESS PPARG/PPARA 9V8H NPCOVXRHNOWSPC-UHFFFAOYSA-N seed71 578.771s
6695/8070 SUCCESS PPARG/PPARA 6LXA NPCOVXRHNOWSPC-UHFFFAOYSA-N seed17 387.243s
6696/8070 SUCCESS PPARG/PPARA 6LXA NPCOVXRHNOWSPC-UHFFFAOYSA-N seed29 367.145s
6697/8070 SUCCESS PPARG/PPARA 6LXA NPCOVXRHNOWSPC-UHFFFAOYSA-N seed71 387.025s
6698/8070 SUCCESS PPARG/PPARA 9V8H NPCOVXRHNOWSPC-UHFFFAOYSA-N seed101 606.85s
6699/8070 SUCCESS PPARG/PPARA 6LXA NPCOVXRHNOWSPC-UHFFFAOYSA-N seed42 407.572s
6700/8070 SUCCESS PPARG/PPARA 6LXA NPCOVXRHNOWSPC-UHFFFAOYSA-N seed101 384.163s
6701/8070 SUCCESS PPARG/PPARA 9V8H SUBJAJAOVHMPAV-UHFFFAOYSA-N seed17 408.647s
6702/8070 SUCCESS PPARG/PPARA 9V8H SUBJAJAOVHMPAV-UHFFFAOYSA-N seed29 410.617s
6703/8070 SUCCESS PPARG/PPARA 6LXA SUBJAJAOVHMPAV-UHFFFAOYSA-N seed17 313.146s
6704/8070 SUCCESS PPARG/PPARA 9V8H SUBJAJAOVHMPAV-UHFFFAOYSA-N seed42 405.698s
6705/8070 SUCCESS PPARG/PPARA 9V8H SUBJAJAOVHMPAV-UHFFFAOYSA-N seed71 413.234s
6706/8070 SUCCESS PPARG/PPARA 9V8H SUBJAJAOVHMPAV-UHFFFAOYSA-N seed101 412.572s
6707/8070 SUCCESS PPARG/PPARA 6LXA SUBJAJAOVHMPAV-UHFFFAOYSA-N seed29 297.965s
6708/8070 SUCCESS PPARG/PPARA 6LXA SUBJAJAOVHMPAV-UHFFFAOYSA-N seed42 305.882s
6709/8070 SUCCESS PPARG/PPARA 6LXA SUBJAJAOVHMPAV-UHFFFAOYSA-N seed101 316.084s
6710/8070 SUCCESS PPARG/PPARA 6LXA SUBJAJAOVHMPAV-UHFFFAOYSA-N seed71 337.596s
6711/8070 SUCCESS PPARG/PPARA 9V8H BTDKIISXXJHMST-UHFFFAOYSA-N seed17 483.706s
6712/8070 SUCCESS PPARG/PPARA 9V8H BTDKIISXXJHMST-UHFFFAOYSA-N seed29 502.508s
6713/8070 SUCCESS PPARG/PPARA 9V8H BTDKIISXXJHMST-UHFFFAOYSA-N seed42 518.685s
6714/8070 SUCCESS PPARG/PPARA 6LXA BTDKIISXXJHMST-UHFFFAOYSA-N seed17 385.92s
6715/8070 SUCCESS PPARG/PPARA 9V8H BTDKIISXXJHMST-UHFFFAOYSA-N seed71 502.521s
6716/8070 SUCCESS PPARG/PPARA 9V8H BTDKIISXXJHMST-UHFFFAOYSA-N seed101 561.211s
6717/8070 SUCCESS PPARG/PPARA 6LXA BTDKIISXXJHMST-UHFFFAOYSA-N seed29 407.854s
6718/8070 SUCCESS PPARG/PPARA 6LXA BTDKIISXXJHMST-UHFFFAOYSA-N seed42 428.655s
6719/8070 SUCCESS PPARG/PPARA 6LXA BTDKIISXXJHMST-UHFFFAOYSA-N seed71 430.691s
6720/8070 SUCCESS PPARG/PPARA 9V8H KSIQZOUSAASEIJ-UHFFFAOYSA-N seed17 308.764s
6721/8070 SUCCESS PPARG/PPARA 6LXA BTDKIISXXJHMST-UHFFFAOYSA-N seed101 398.359s
6722/8070 SUCCESS PPARG/PPARA 9V8H KSIQZOUSAASEIJ-UHFFFAOYSA-N seed29 259.602s
6723/8070 SUCCESS PPARG/PPARA 9V8H KSIQZOUSAASEIJ-UHFFFAOYSA-N seed42 320.333s
6724/8070 SUCCESS PPARG/PPARA 9V8H KSIQZOUSAASEIJ-UHFFFAOYSA-N seed71 319.058s
6725/8070 SUCCESS PPARG/PPARA 6LXA KSIQZOUSAASEIJ-UHFFFAOYSA-N seed17 236.354s
6726/8070 SUCCESS PPARG/PPARA 9V8H KSIQZOUSAASEIJ-UHFFFAOYSA-N seed101 300.787s
6727/8070 SUCCESS PPARG/PPARA 6LXA KSIQZOUSAASEIJ-UHFFFAOYSA-N seed29 238.779s
6728/8070 SUCCESS PPARG/PPARA 6LXA KSIQZOUSAASEIJ-UHFFFAOYSA-N seed42 225.457s
6729/8070 SUCCESS PPARG/PPARA 6LXA KSIQZOUSAASEIJ-UHFFFAOYSA-N seed71 239.346s
6730/8070 SUCCESS PPARG/PPARA 9V8H XUOPAPBJOVSLAY-UHFFFAOYSA-N seed17 178.683s
6731/8070 SUCCESS PPARG/PPARA 6LXA KSIQZOUSAASEIJ-UHFFFAOYSA-N seed101 246.38s
6732/8070 SUCCESS PPARG/PPARA 9V8H XUOPAPBJOVSLAY-UHFFFAOYSA-N seed29 186.635s
6733/8070 SUCCESS PPARG/PPARA 9V8H XUOPAPBJOVSLAY-UHFFFAOYSA-N seed71 177.705s
6734/8070 SUCCESS PPARG/PPARA 9V8H XUOPAPBJOVSLAY-UHFFFAOYSA-N seed42 196.241s
6735/8070 SUCCESS PPARG/PPARA 6LXA XUOPAPBJOVSLAY-UHFFFAOYSA-N seed17 147.377s
6736/8070 SUCCESS PPARG/PPARA 9V8H XUOPAPBJOVSLAY-UHFFFAOYSA-N seed101 169.44s
6737/8070 SUCCESS PPARG/PPARA 6LXA XUOPAPBJOVSLAY-UHFFFAOYSA-N seed71 130.36s
6738/8070 SUCCESS PPARG/PPARA 6LXA XUOPAPBJOVSLAY-UHFFFAOYSA-N seed29 158.745s
6739/8070 SUCCESS PPARG/PPARA 6LXA XUOPAPBJOVSLAY-UHFFFAOYSA-N seed42 146.466s
6740/8070 SUCCESS PPARG/PPARA 6LXA XUOPAPBJOVSLAY-UHFFFAOYSA-N seed101 140.499s
6741/8070 SUCCESS PPARG/PPARA 9V8H KJZIXZXYBFJCIE-OWWJJEGGSA-N seed17 227.693s
6742/8070 SUCCESS PPARG/PPARA 9V8H KJZIXZXYBFJCIE-OWWJJEGGSA-N seed29 235.483s
6743/8070 SUCCESS PPARG/PPARA 9V8H KJZIXZXYBFJCIE-OWWJJEGGSA-N seed71 231.464s
6744/8070 SUCCESS PPARG/PPARA 6LXA KJZIXZXYBFJCIE-OWWJJEGGSA-N seed17 218.236s
6745/8070 SUCCESS PPARG/PPARA 9V8H KJZIXZXYBFJCIE-OWWJJEGGSA-N seed101 240.673s
6746/8070 SUCCESS PPARG/PPARA 9V8H KJZIXZXYBFJCIE-OWWJJEGGSA-N seed42 246.412s
6747/8070 SUCCESS PPARG/PPARA 6LXA KJZIXZXYBFJCIE-OWWJJEGGSA-N seed29 234.968s
6748/8070 SUCCESS PPARG/PPARA 6LXA KJZIXZXYBFJCIE-OWWJJEGGSA-N seed42 224.719s
6749/8070 SUCCESS PPARG/PPARA 6LXA KJZIXZXYBFJCIE-OWWJJEGGSA-N seed101 217.445s
6750/8070 SUCCESS PPARG/PPARA 6LXA KJZIXZXYBFJCIE-OWWJJEGGSA-N seed71 230.66s
6751/8070 SUCCESS PPARG/PPARA 9V8H BIPCJUYHEQBDLC-UHFFFAOYSA-N seed17 276.091s
6752/8070 SUCCESS PPARG/PPARA 9V8H BIPCJUYHEQBDLC-UHFFFAOYSA-N seed29 278.238s
6753/8070 SUCCESS PPARG/PPARA 9V8H BIPCJUYHEQBDLC-UHFFFAOYSA-N seed71 258.408s
6754/8070 SUCCESS PPARG/PPARA 9V8H BIPCJUYHEQBDLC-UHFFFAOYSA-N seed42 268.489s
6755/8070 SUCCESS PPARG/PPARA 6LXA BIPCJUYHEQBDLC-UHFFFAOYSA-N seed17 266.992s
6756/8070 SUCCESS PPARG/PPARA 9V8H BIPCJUYHEQBDLC-UHFFFAOYSA-N seed101 298.675s
6757/8070 SUCCESS PPARG/PPARA 6LXA BIPCJUYHEQBDLC-UHFFFAOYSA-N seed42 245.161s
6758/8070 SUCCESS PPARG/PPARA 6LXA BIPCJUYHEQBDLC-UHFFFAOYSA-N seed29 248.897s
6759/8070 SUCCESS PPARG/PPARA 6LXA BIPCJUYHEQBDLC-UHFFFAOYSA-N seed71 251.865s
6760/8070 SUCCESS PPARG/PPARA 6LXA BIPCJUYHEQBDLC-UHFFFAOYSA-N seed101 249.693s
6761/8070 SUCCESS PPARG/PPARA 9V8H XMOANMMSPJBNRJ-UHFFFAOYSA-N seed17 246.263s
6762/8070 SUCCESS PPARG/PPARA 9V8H XMOANMMSPJBNRJ-UHFFFAOYSA-N seed29 233.937s
6763/8070 SUCCESS PPARG/PPARA 9V8H XMOANMMSPJBNRJ-UHFFFAOYSA-N seed71 217.911s
6764/8070 SUCCESS PPARG/PPARA 9V8H XMOANMMSPJBNRJ-UHFFFAOYSA-N seed42 264.348s
6765/8070 SUCCESS PPARG/PPARA 9V8H XMOANMMSPJBNRJ-UHFFFAOYSA-N seed101 226.606s
6766/8070 SUCCESS PPARG/PPARA 6LXA XMOANMMSPJBNRJ-UHFFFAOYSA-N seed17 247.325s
6767/8070 SUCCESS PPARG/PPARA 6LXA XMOANMMSPJBNRJ-UHFFFAOYSA-N seed29 243.363s
6768/8070 SUCCESS PPARG/PPARA 6LXA XMOANMMSPJBNRJ-UHFFFAOYSA-N seed42 240.916s
6769/8070 SUCCESS PPARG/PPARA 6LXA XMOANMMSPJBNRJ-UHFFFAOYSA-N seed71 255.19s
6770/8070 SUCCESS PPARG/PPARA 6LXA XMOANMMSPJBNRJ-UHFFFAOYSA-N seed101 260.672s
6771/8070 SUCCESS PPARG/PPARA 9V8H QPKIEBNVIOELIR-MHZLTWQESA-N seed17 404.436s
6772/8070 SUCCESS PPARG/PPARA 9V8H QPKIEBNVIOELIR-MHZLTWQESA-N seed29 404.787s
6773/8070 SUCCESS PPARG/PPARA 9V8H QPKIEBNVIOELIR-MHZLTWQESA-N seed42 401.79s
6774/8070 SUCCESS PPARG/PPARA 9V8H QPKIEBNVIOELIR-MHZLTWQESA-N seed71 413.335s
6775/8070 SUCCESS PPARG/PPARA 9V8H QPKIEBNVIOELIR-MHZLTWQESA-N seed101 397.823s
6776/8070 SUCCESS PPARG/PPARA 6LXA QPKIEBNVIOELIR-MHZLTWQESA-N seed17 384.936s
6777/8070 SUCCESS PPARG/PPARA 9V8H KORIKKLQSZIORK-UHFFFAOYSA-N seed17 213.056s
6778/8070 SUCCESS PPARG/PPARA 6LXA QPKIEBNVIOELIR-MHZLTWQESA-N seed29 307.489s
6779/8070 SUCCESS PPARG/PPARA 9V8H KORIKKLQSZIORK-UHFFFAOYSA-N seed29 230.346s
6780/8070 SUCCESS PPARG/PPARA 6LXA QPKIEBNVIOELIR-MHZLTWQESA-N seed42 323.71s
6781/8070 SUCCESS PPARG/PPARA 6LXA QPKIEBNVIOELIR-MHZLTWQESA-N seed101 315.612s
6782/8070 SUCCESS PPARG/PPARA 6LXA QPKIEBNVIOELIR-MHZLTWQESA-N seed71 357.716s
6783/8070 SUCCESS PPARG/PPARA 9V8H KORIKKLQSZIORK-UHFFFAOYSA-N seed42 223.663s
6784/8070 SUCCESS PPARG/PPARA 6LXA KORIKKLQSZIORK-UHFFFAOYSA-N seed17 197.662s
6785/8070 SUCCESS PPARG/PPARA 9V8H KORIKKLQSZIORK-UHFFFAOYSA-N seed71 246.769s
6786/8070 SUCCESS PPARG/PPARA 9V8H KORIKKLQSZIORK-UHFFFAOYSA-N seed101 232.274s
6787/8070 SUCCESS PPARG/PPARA 6LXA KORIKKLQSZIORK-UHFFFAOYSA-N seed29 202.439s
6788/8070 SUCCESS PPARG/PPARA 6LXA KORIKKLQSZIORK-UHFFFAOYSA-N seed42 214.127s
6789/8070 SUCCESS PPARG/PPARA 6LXA KORIKKLQSZIORK-UHFFFAOYSA-N seed71 205.451s
6790/8070 SUCCESS PPARG/PPARA 6LXA KORIKKLQSZIORK-UHFFFAOYSA-N seed101 218.715s
6791/8070 SUCCESS PPARG/PPARA 9V8H JCVHOVLJKALOTA-COOPMVRXSA-N seed17 480.913s
6792/8070 SUCCESS PPARG/PPARA 9V8H JCVHOVLJKALOTA-COOPMVRXSA-N seed29 464.283s
6793/8070 SUCCESS PPARG/PPARA 9V8H JCVHOVLJKALOTA-COOPMVRXSA-N seed42 471.547s
6794/8070 SUCCESS PPARG/PPARA 9V8H JCVHOVLJKALOTA-COOPMVRXSA-N seed71 466.268s
6795/8070 SUCCESS PPARG/PPARA 6LXA JCVHOVLJKALOTA-COOPMVRXSA-N seed17 367.449s
6796/8070 SUCCESS PPARG/PPARA 9V8H JCVHOVLJKALOTA-COOPMVRXSA-N seed101 456.735s
6797/8070 SUCCESS PPARG/PPARA 6LXA JCVHOVLJKALOTA-COOPMVRXSA-N seed42 320.769s
6798/8070 SUCCESS PPARG/PPARA 6LXA JCVHOVLJKALOTA-COOPMVRXSA-N seed29 344.52s
6799/8070 SUCCESS PPARG/PPARA 9V8H MBNINRCJDJMURD-QFIPXVFZSA-N seed17 258.304s
6800/8070 SUCCESS PPARG/PPARA 6LXA JCVHOVLJKALOTA-COOPMVRXSA-N seed101 326.078s
6801/8070 SUCCESS PPARG/PPARA 6LXA JCVHOVLJKALOTA-COOPMVRXSA-N seed71 390.511s
6802/8070 SUCCESS PPARG/PPARA 9V8H MBNINRCJDJMURD-QFIPXVFZSA-N seed29 549.201s
6803/8070 SUCCESS PPARG/PPARA 6LXA MBNINRCJDJMURD-QFIPXVFZSA-N seed29 545.945s
6804/8070 SUCCESS PPARG/PPARA 6LXA MBNINRCJDJMURD-QFIPXVFZSA-N seed17 597.56s
6805/8070 SUCCESS PPARG/PPARA 9V8H MBNINRCJDJMURD-QFIPXVFZSA-N seed42 668.881s
6806/8070 SUCCESS PPARG/PPARA 6LXA MBNINRCJDJMURD-QFIPXVFZSA-N seed42 314.829s
6807/8070 SUCCESS PPARG/PPARA 9V8H MBNINRCJDJMURD-QFIPXVFZSA-N seed101 646.114s
6808/8070 SUCCESS PPARG/PPARA 9V8H MBNINRCJDJMURD-QFIPXVFZSA-N seed71 662.545s
6809/8070 SUCCESS PPARG/PPARA 6LXA MBNINRCJDJMURD-QFIPXVFZSA-N seed71 164.234s
6810/8070 SUCCESS PPARG/PPARA 6LXA MBNINRCJDJMURD-QFIPXVFZSA-N seed101 147.211s
6811/8070 SUCCESS PPARG/PPARA 9V8H IAFWMQLCVYEVEF-UHFFFAOYSA-N seed17 163.457s
6812/8070 SUCCESS PPARG/PPARA 9V8H IAFWMQLCVYEVEF-UHFFFAOYSA-N seed29 166.888s
6813/8070 SUCCESS PPARG/PPARA 9V8H IAFWMQLCVYEVEF-UHFFFAOYSA-N seed42 169.758s
6814/8070 SUCCESS PPARG/PPARA 9V8H IAFWMQLCVYEVEF-UHFFFAOYSA-N seed71 169.563s
6815/8070 SUCCESS PPARG/PPARA 6LXA IAFWMQLCVYEVEF-UHFFFAOYSA-N seed17 4582.645s
6816/8070 SUCCESS PPARG/PPARA 9V8H IAFWMQLCVYEVEF-UHFFFAOYSA-N seed101 4607.0s
6817/8070 SUCCESS PPARG/PPARA 6LXA IAFWMQLCVYEVEF-UHFFFAOYSA-N seed29 4585.57s
6818/8070 SUCCESS PPARG/PPARA 6LXA IAFWMQLCVYEVEF-UHFFFAOYSA-N seed42 4594.343s
6819/8070 SUCCESS PPARG/PPARA 6LXA IAFWMQLCVYEVEF-UHFFFAOYSA-N seed71 4591.619s
6820/8070 SUCCESS PPARG/PPARA 6LXA IAFWMQLCVYEVEF-UHFFFAOYSA-N seed101 4598.233s
6821/8070 SUCCESS PPARG/PPARA 6LXA TVEAXARFLUXLEB-UHFFFAOYSA-N seed17 274.174s
6822/8070 SUCCESS PPARG/PPARA 9V8H TVEAXARFLUXLEB-UHFFFAOYSA-N seed29 369.128s
6823/8070 SUCCESS PPARG/PPARA 9V8H TVEAXARFLUXLEB-UHFFFAOYSA-N seed17 393.2s
6824/8070 SUCCESS PPARG/PPARA 9V8H TVEAXARFLUXLEB-UHFFFAOYSA-N seed42 381.565s
6825/8070 SUCCESS PPARG/PPARA 9V8H TVEAXARFLUXLEB-UHFFFAOYSA-N seed101 364.841s
6826/8070 SUCCESS PPARG/PPARA 9V8H TVEAXARFLUXLEB-UHFFFAOYSA-N seed71 382.203s
6827/8070 SUCCESS PPARG/PPARA 6LXA TVEAXARFLUXLEB-UHFFFAOYSA-N seed29 8396.947s
6828/8070 SUCCESS PPARG/PPARA 6LXA TVEAXARFLUXLEB-UHFFFAOYSA-N seed42 8405.442s
6829/8070 SUCCESS PPARG/PPARA 6LXA TVEAXARFLUXLEB-UHFFFAOYSA-N seed71 8415.511s
6830/8070 SUCCESS PPARG/PPARA 9V8H UKMSUNONTOPOIO-UHFFFAOYSA-N seed17 8400.289s
6831/8070 SUCCESS PPARG/PPARA 6LXA TVEAXARFLUXLEB-UHFFFAOYSA-N seed101 8416.701s
6832/8070 SUCCESS PPARG/PPARA 9V8H UKMSUNONTOPOIO-UHFFFAOYSA-N seed29 8409.369s
6833/8070 SUCCESS PPARG/PPARA 6LXA UKMSUNONTOPOIO-UHFFFAOYSA-N seed17 291.169s
6834/8070 SUCCESS PPARG/PPARA 6LXA UKMSUNONTOPOIO-UHFFFAOYSA-N seed29 284.09s
6835/8070 SUCCESS PPARG/PPARA 9V8H UKMSUNONTOPOIO-UHFFFAOYSA-N seed42 381.678s
6836/8070 SUCCESS PPARG/PPARA 6LXA UKMSUNONTOPOIO-UHFFFAOYSA-N seed42 299.523s
6837/8070 SUCCESS PPARG/PPARA 9V8H UKMSUNONTOPOIO-UHFFFAOYSA-N seed71 354.346s
6838/8070 SUCCESS PPARG/PPARA 9V8H UKMSUNONTOPOIO-UHFFFAOYSA-N seed101 357.727s
6839/8070 SUCCESS PPARG/PPARA 6LXA UKMSUNONTOPOIO-UHFFFAOYSA-N seed101 265.169s
6840/8070 SUCCESS PPARG/PPARA 6LXA UKMSUNONTOPOIO-UHFFFAOYSA-N seed71 279.363s
6841/8070 SUCCESS PPARG/PPARA 9V8H FMXAKYUKNGWYKW-UHFFFAOYSA-N seed71 432.766s
6842/8070 SUCCESS PPARG/PPARA 9V8H FMXAKYUKNGWYKW-UHFFFAOYSA-N seed29 482.289s
6843/8070 SUCCESS PPARG/PPARA 9V8H FMXAKYUKNGWYKW-UHFFFAOYSA-N seed17 522.845s
6844/8070 SUCCESS PPARG/PPARA 9V8H FMXAKYUKNGWYKW-UHFFFAOYSA-N seed42 502.152s
6845/8070 SUCCESS PPARG/PPARA 6LXA FMXAKYUKNGWYKW-UHFFFAOYSA-N seed17 404.118s
6846/8070 SUCCESS PPARG/PPARA 9V8H OCUXKVCDBHKIIP-QYHQRLDKSA-N seed17 53.731s
6847/8070 SUCCESS PPARG/PPARA 9V8H FMXAKYUKNGWYKW-UHFFFAOYSA-N seed101 506.347s
6848/8070 SUCCESS PPARG/PPARA 9V8H OCUXKVCDBHKIIP-QYHQRLDKSA-N seed29 52.658s
6849/8070 SUCCESS PPARG/PPARA 9V8H OCUXKVCDBHKIIP-QYHQRLDKSA-N seed42 55.721s
6850/8070 SUCCESS PPARG/PPARA 9V8H OCUXKVCDBHKIIP-QYHQRLDKSA-N seed71 54.862s
6851/8070 SUCCESS PPARG/PPARA 6LXA FMXAKYUKNGWYKW-UHFFFAOYSA-N seed71 337.653s
6852/8070 SUCCESS PPARG/PPARA 9V8H OCUXKVCDBHKIIP-QYHQRLDKSA-N seed101 53.329s
6853/8070 SUCCESS PPARG/PPARA 6LXA OCUXKVCDBHKIIP-QYHQRLDKSA-N seed17 48.727s
6854/8070 SUCCESS PPARG/PPARA 6LXA FMXAKYUKNGWYKW-UHFFFAOYSA-N seed29 405.071s
6855/8070 SUCCESS PPARG/PPARA 6LXA FMXAKYUKNGWYKW-UHFFFAOYSA-N seed42 386.664s
6856/8070 SUCCESS PPARG/PPARA 6LXA OCUXKVCDBHKIIP-QYHQRLDKSA-N seed29 45.988s
6857/8070 SUCCESS PPARG/PPARA 6LXA OCUXKVCDBHKIIP-QYHQRLDKSA-N seed42 46.115s
6858/8070 SUCCESS PPARG/PPARA 6LXA OCUXKVCDBHKIIP-QYHQRLDKSA-N seed71 45.924s
6859/8070 SUCCESS PPARG/PPARA 6LXA OCUXKVCDBHKIIP-QYHQRLDKSA-N seed101 46.034s
6860/8070 SUCCESS PPARG/PPARA 6LXA FMXAKYUKNGWYKW-UHFFFAOYSA-N seed101 415.459s
6861/8070 SUCCESS PPARG/PPARA 9V8H SQODDGQIFANIPN-UHFFFAOYSA-N seed29 218.591s
6862/8070 SUCCESS PPARG/PPARA 9V8H SQODDGQIFANIPN-UHFFFAOYSA-N seed17 235.235s
6863/8070 SUCCESS PPARG/PPARA 9V8H SQODDGQIFANIPN-UHFFFAOYSA-N seed42 222.614s
6864/8070 SUCCESS PPARG/PPARA 9V8H SQODDGQIFANIPN-UHFFFAOYSA-N seed101 220.989s
6865/8070 SUCCESS PPARG/PPARA 9V8H SQODDGQIFANIPN-UHFFFAOYSA-N seed71 227.98s
6866/8070 SUCCESS PPARG/PPARA 6LXA SQODDGQIFANIPN-UHFFFAOYSA-N seed17 215.566s
6867/8070 SUCCESS PPARG/PPARA 6LXA SQODDGQIFANIPN-UHFFFAOYSA-N seed29 160.508s
6868/8070 SUCCESS PPARG/PPARA 6LXA SQODDGQIFANIPN-UHFFFAOYSA-N seed42 161.829s
6869/8070 SUCCESS PPARG/PPARA 6LXA SQODDGQIFANIPN-UHFFFAOYSA-N seed71 161.395s
6870/8070 SUCCESS PPARG/PPARA 6LXA SQODDGQIFANIPN-UHFFFAOYSA-N seed101 160.531s
6871/8070 SUCCESS PPARG/PPARA 9V8H DZAUZMTZRSMYAI-SKCDSABHSA-N seed29 342.227s
6872/8070 SUCCESS PPARG/PPARA 9V8H DZAUZMTZRSMYAI-SKCDSABHSA-N seed17 363.542s
6873/8070 SUCCESS PPARG/PPARA 9V8H DZAUZMTZRSMYAI-SKCDSABHSA-N seed101 304.527s
6874/8070 SUCCESS PPARG/PPARA 9V8H DZAUZMTZRSMYAI-SKCDSABHSA-N seed42 332.154s
6875/8070 SUCCESS PPARG/PPARA 9V8H DZAUZMTZRSMYAI-SKCDSABHSA-N seed71 376.934s
6876/8070 SUCCESS PPARG/PPARA 6LXA DZAUZMTZRSMYAI-SKCDSABHSA-N seed17 365.609s
6877/8070 SUCCESS PPARG/PPARA 6LXA DZAUZMTZRSMYAI-SKCDSABHSA-N seed29 301.108s
6878/8070 SUCCESS PPARG/PPARA 6LXA DZAUZMTZRSMYAI-SKCDSABHSA-N seed42 302.603s
6879/8070 SUCCESS PPARG/PPARA 6LXA DZAUZMTZRSMYAI-SKCDSABHSA-N seed71 299.015s
6880/8070 SUCCESS PPARG/PPARA 6LXA DZAUZMTZRSMYAI-SKCDSABHSA-N seed101 313.14s
6881/8070 SUCCESS PPARG/PPARA 9V8H YDNAXUMKGRAZTP-UHFFFAOYSA-N seed29 250.833s
6882/8070 SUCCESS PPARG/PPARA 9V8H YDNAXUMKGRAZTP-UHFFFAOYSA-N seed17 278.477s
6883/8070 SUCCESS PPARG/PPARA 9V8H YDNAXUMKGRAZTP-UHFFFAOYSA-N seed42 257.417s
6884/8070 SUCCESS PPARG/PPARA 9V8H YDNAXUMKGRAZTP-UHFFFAOYSA-N seed71 254.649s
6885/8070 SUCCESS PPARG/PPARA 6LXA YDNAXUMKGRAZTP-UHFFFAOYSA-N seed29 214.825s
6886/8070 SUCCESS PPARG/PPARA 6LXA YDNAXUMKGRAZTP-UHFFFAOYSA-N seed42 207.92s
6887/8070 SUCCESS PPARG/PPARA 9V8H YDNAXUMKGRAZTP-UHFFFAOYSA-N seed101 246.956s
6888/8070 SUCCESS PPARG/PPARA 6LXA YDNAXUMKGRAZTP-UHFFFAOYSA-N seed17 231.555s
6889/8070 SUCCESS PPARG/PPARA 6LXA YDNAXUMKGRAZTP-UHFFFAOYSA-N seed71 212.1s
6890/8070 SUCCESS PPARG/PPARA 6LXA YDNAXUMKGRAZTP-UHFFFAOYSA-N seed101 207.076s
6891/8070 SUCCESS PPARG/PPARA 9V8H SNMFWHCQPZSLEZ-WWNGRIQCSA-N seed29 166.559s
6892/8070 SUCCESS PPARG/PPARA 9V8H SNMFWHCQPZSLEZ-WWNGRIQCSA-N seed17 192.806s
6893/8070 SUCCESS PPARG/PPARA 9V8H SNMFWHCQPZSLEZ-WWNGRIQCSA-N seed42 186.046s
6894/8070 SUCCESS PPARG/PPARA 9V8H SNMFWHCQPZSLEZ-WWNGRIQCSA-N seed71 195.969s
6895/8070 SUCCESS PPARG/PPARA 6LXA SNMFWHCQPZSLEZ-WWNGRIQCSA-N seed17 165.093s
6896/8070 SUCCESS PPARG/PPARA 9V8H SNMFWHCQPZSLEZ-WWNGRIQCSA-N seed101 190.624s
6897/8070 SUCCESS PPARG/PPARA 6LXA SNMFWHCQPZSLEZ-WWNGRIQCSA-N seed29 165.572s
6898/8070 SUCCESS PPARG/PPARA 6LXA SNMFWHCQPZSLEZ-WWNGRIQCSA-N seed42 160.172s
6899/8070 SUCCESS PPARG/PPARA 6LXA SNMFWHCQPZSLEZ-WWNGRIQCSA-N seed71 156.728s
6900/8070 SUCCESS PPARG/PPARA 6LXA SNMFWHCQPZSLEZ-WWNGRIQCSA-N seed101 178.381s
6901/8070 SUCCESS PPARG/PPARA 9V8H QTWYHVZMLOYEJO-UHFFFAOYSA-N seed17 100.773s
6902/8070 SUCCESS PPARG/PPARA 9V8H QTWYHVZMLOYEJO-UHFFFAOYSA-N seed29 95.072s
6903/8070 SUCCESS PPARG/PPARA 9V8H QTWYHVZMLOYEJO-UHFFFAOYSA-N seed42 96.044s
6904/8070 SUCCESS PPARG/PPARA 9V8H QTWYHVZMLOYEJO-UHFFFAOYSA-N seed101 98.75s
6905/8070 SUCCESS PPARG/PPARA 9V8H QTWYHVZMLOYEJO-UHFFFAOYSA-N seed71 100.512s
6906/8070 SUCCESS PPARG/PPARA 6LXA QTWYHVZMLOYEJO-UHFFFAOYSA-N seed17 73.448s
6907/8070 SUCCESS PPARG/PPARA 6LXA QTWYHVZMLOYEJO-UHFFFAOYSA-N seed29 73.683s
6908/8070 SUCCESS PPARG/PPARA 6LXA QTWYHVZMLOYEJO-UHFFFAOYSA-N seed42 71.654s
6909/8070 SUCCESS PPARG/PPARA 6LXA QTWYHVZMLOYEJO-UHFFFAOYSA-N seed71 70.26s
6910/8070 SUCCESS PPARG/PPARA 9V8H NIDDHYAQKFHAMY-GZTJUZNOSA-N seed17 56.504s
6911/8070 SUCCESS PPARG/PPARA 9V8H NIDDHYAQKFHAMY-GZTJUZNOSA-N seed29 53.671s
6912/8070 SUCCESS PPARG/PPARA 6LXA QTWYHVZMLOYEJO-UHFFFAOYSA-N seed101 70.558s
6913/8070 SUCCESS PPARG/PPARA 9V8H NIDDHYAQKFHAMY-GZTJUZNOSA-N seed42 54.703s
6914/8070 SUCCESS PPARG/PPARA 9V8H NIDDHYAQKFHAMY-GZTJUZNOSA-N seed71 54.912s
6915/8070 SUCCESS PPARG/PPARA 9V8H NIDDHYAQKFHAMY-GZTJUZNOSA-N seed101 55.386s
6916/8070 SUCCESS PPARG/PPARA 6LXA NIDDHYAQKFHAMY-GZTJUZNOSA-N seed17 59.821s
6917/8070 SUCCESS PPARG/PPARA 6LXA NIDDHYAQKFHAMY-GZTJUZNOSA-N seed29 56.709s
6918/8070 SUCCESS PPARG/PPARA 6LXA NIDDHYAQKFHAMY-GZTJUZNOSA-N seed42 56.82s
6919/8070 SUCCESS PPARG/PPARA 6LXA NIDDHYAQKFHAMY-GZTJUZNOSA-N seed71 60.149s
6920/8070 SUCCESS PPARG/PPARA 6LXA NIDDHYAQKFHAMY-GZTJUZNOSA-N seed101 57.015s
6921/8070 SUCCESS PPARG/PPARA 6LXA RHUFPLDOZQGOCO-UHFFFAOYSA-N seed17 321.952s
6922/8070 SUCCESS PPARG/PPARA 9V8H RHUFPLDOZQGOCO-UHFFFAOYSA-N seed42 440.4s
6923/8070 SUCCESS PPARG/PPARA 9V8H RHUFPLDOZQGOCO-UHFFFAOYSA-N seed17 465.829s
6924/8070 SUCCESS PPARG/PPARA 9V8H RHUFPLDOZQGOCO-UHFFFAOYSA-N seed71 471.786s
6925/8070 SUCCESS PPARG/PPARA 9V8H RHUFPLDOZQGOCO-UHFFFAOYSA-N seed29 491.782s
6926/8070 SUCCESS PPARG/PPARA 9V8H RHUFPLDOZQGOCO-UHFFFAOYSA-N seed101 490.358s
6927/8070 SUCCESS PPARG/PPARA 9V8H WFLQKKNSBAQKPU-UHFFFAOYSA-N seed17 150.0s
6928/8070 SUCCESS PPARG/PPARA 9V8H WFLQKKNSBAQKPU-UHFFFAOYSA-N seed29 145.327s
6929/8070 SUCCESS PPARG/PPARA 6LXA RHUFPLDOZQGOCO-UHFFFAOYSA-N seed29 339.066s
6930/8070 SUCCESS PPARG/PPARA 6LXA RHUFPLDOZQGOCO-UHFFFAOYSA-N seed42 340.261s
6931/8070 SUCCESS PPARG/PPARA 9V8H WFLQKKNSBAQKPU-UHFFFAOYSA-N seed42 142.723s
6932/8070 SUCCESS PPARG/PPARA 6LXA RHUFPLDOZQGOCO-UHFFFAOYSA-N seed101 306.35s
6933/8070 SUCCESS PPARG/PPARA 9V8H WFLQKKNSBAQKPU-UHFFFAOYSA-N seed71 129.382s
6934/8070 SUCCESS PPARG/PPARA 6LXA RHUFPLDOZQGOCO-UHFFFAOYSA-N seed71 335.651s
6935/8070 SUCCESS PPARG/PPARA 9V8H WFLQKKNSBAQKPU-UHFFFAOYSA-N seed101 144.258s
6936/8070 SUCCESS PPARG/PPARA 6LXA WFLQKKNSBAQKPU-UHFFFAOYSA-N seed17 131.641s
6937/8070 SUCCESS PPARG/PPARA 6LXA WFLQKKNSBAQKPU-UHFFFAOYSA-N seed71 127.78s
6938/8070 SUCCESS PPARG/PPARA 6LXA WFLQKKNSBAQKPU-UHFFFAOYSA-N seed42 129.263s
6939/8070 SUCCESS PPARG/PPARA 6LXA WFLQKKNSBAQKPU-UHFFFAOYSA-N seed101 128.664s
6940/8070 SUCCESS PPARG/PPARA 6LXA WFLQKKNSBAQKPU-UHFFFAOYSA-N seed29 139.172s
6941/8070 SUCCESS PPARG/PPARA 9V8H VSJKLRGRUBVDOK-UHFFFAOYSA-N seed17 171.492s
6942/8070 SUCCESS PPARG/PPARA 6LXA VSJKLRGRUBVDOK-UHFFFAOYSA-N seed17 118.414s
6943/8070 SUCCESS PPARG/PPARA 9V8H VSJKLRGRUBVDOK-UHFFFAOYSA-N seed29 168.206s
6944/8070 SUCCESS PPARG/PPARA 9V8H VSJKLRGRUBVDOK-UHFFFAOYSA-N seed71 165.907s
6945/8070 SUCCESS PPARG/PPARA 9V8H VSJKLRGRUBVDOK-UHFFFAOYSA-N seed42 168.217s
6946/8070 SUCCESS PPARG/PPARA 9V8H VSJKLRGRUBVDOK-UHFFFAOYSA-N seed101 173.531s
6947/8070 SUCCESS PPARG/PPARA 6LXA VSJKLRGRUBVDOK-UHFFFAOYSA-N seed29 124.632s
6948/8070 SUCCESS PPARG/PPARA 6LXA VSJKLRGRUBVDOK-UHFFFAOYSA-N seed42 117.708s
6949/8070 SUCCESS PPARG/PPARA 6LXA VSJKLRGRUBVDOK-UHFFFAOYSA-N seed71 116.749s
6950/8070 SUCCESS PPARG/PPARA 6LXA VSJKLRGRUBVDOK-UHFFFAOYSA-N seed101 122.628s
6951/8070 SUCCESS PPARG/PPARA 9V8H RFUNNAWGSBMBCL-UCQKPKSFSA-N seed29 152.127s
6952/8070 SUCCESS PPARG/PPARA 9V8H RFUNNAWGSBMBCL-UCQKPKSFSA-N seed17 167.295s
6953/8070 SUCCESS PPARG/PPARA 9V8H RFUNNAWGSBMBCL-UCQKPKSFSA-N seed42 158.489s
6954/8070 SUCCESS PPARG/PPARA 9V8H RFUNNAWGSBMBCL-UCQKPKSFSA-N seed71 159.204s
6955/8070 SUCCESS PPARG/PPARA 6LXA RFUNNAWGSBMBCL-UCQKPKSFSA-N seed17 131.972s
6956/8070 SUCCESS PPARG/PPARA 9V8H RFUNNAWGSBMBCL-UCQKPKSFSA-N seed101 161.094s
6957/8070 SUCCESS PPARG/PPARA 6LXA RFUNNAWGSBMBCL-UCQKPKSFSA-N seed29 125.866s
6958/8070 SUCCESS PPARG/PPARA 9V8H BFQXQPITYSYKRZ-UHFFFAOYSA-N seed17 43.899s
6959/8070 SUCCESS PPARG/PPARA 6LXA RFUNNAWGSBMBCL-UCQKPKSFSA-N seed42 135.853s
6960/8070 SUCCESS PPARG/PPARA 9V8H BFQXQPITYSYKRZ-UHFFFAOYSA-N seed29 43.394s
6961/8070 SUCCESS PPARG/PPARA 9V8H BFQXQPITYSYKRZ-UHFFFAOYSA-N seed42 43.453s
6962/8070 SUCCESS PPARG/PPARA 9V8H BFQXQPITYSYKRZ-UHFFFAOYSA-N seed71 43.267s
6963/8070 SUCCESS PPARG/PPARA 9V8H BFQXQPITYSYKRZ-UHFFFAOYSA-N seed101 43.659s
6964/8070 SUCCESS PPARG/PPARA 6LXA RFUNNAWGSBMBCL-UCQKPKSFSA-N seed71 139.31s
6965/8070 SUCCESS PPARG/PPARA 6LXA BFQXQPITYSYKRZ-UHFFFAOYSA-N seed17 40.078s
6966/8070 SUCCESS PPARG/PPARA 6LXA RFUNNAWGSBMBCL-UCQKPKSFSA-N seed101 126.68s
6967/8070 SUCCESS PPARG/PPARA 6LXA BFQXQPITYSYKRZ-UHFFFAOYSA-N seed29 37.388s
6968/8070 SUCCESS PPARG/PPARA 6LXA BFQXQPITYSYKRZ-UHFFFAOYSA-N seed42 38.644s
6969/8070 SUCCESS PPARG/PPARA 6LXA BFQXQPITYSYKRZ-UHFFFAOYSA-N seed71 39.69s
6970/8070 SUCCESS PPARG/PPARA 6LXA BFQXQPITYSYKRZ-UHFFFAOYSA-N seed101 39.083s
6971/8070 SUCCESS PPARA/PPARD 6LXA OLAPRRPHWILKIM-UHFFFAOYSA-N seed29 206.178s
6972/8070 SUCCESS PPARA/PPARD 6LXA OLAPRRPHWILKIM-UHFFFAOYSA-N seed17 213.638s
6973/8070 SUCCESS PPARA/PPARD 5U3Q OLAPRRPHWILKIM-UHFFFAOYSA-N seed17 188.474s
6974/8070 SUCCESS PPARA/PPARD 6LXA OLAPRRPHWILKIM-UHFFFAOYSA-N seed42 212.983s
6975/8070 SUCCESS PPARA/PPARD 6LXA OLAPRRPHWILKIM-UHFFFAOYSA-N seed101 199.5s
6976/8070 SUCCESS PPARA/PPARD 6LXA OLAPRRPHWILKIM-UHFFFAOYSA-N seed71 208.598s
6977/8070 SUCCESS PPARA/PPARD 6LXA YASAKCUCGLMORW-UHFFFAOYSA-N seed17 68.058s
6978/8070 SUCCESS PPARA/PPARD 6LXA YASAKCUCGLMORW-UHFFFAOYSA-N seed29 66.746s
6979/8070 SUCCESS PPARA/PPARD 6LXA YASAKCUCGLMORW-UHFFFAOYSA-N seed42 64.165s
6980/8070 SUCCESS PPARA/PPARD 6LXA YASAKCUCGLMORW-UHFFFAOYSA-N seed71 71.245s
6981/8070 SUCCESS PPARA/PPARD 5U3Q OLAPRRPHWILKIM-UHFFFAOYSA-N seed29 187.357s
6982/8070 SUCCESS PPARA/PPARD 5U3Q OLAPRRPHWILKIM-UHFFFAOYSA-N seed42 192.718s
6983/8070 SUCCESS PPARA/PPARD 5U3Q OLAPRRPHWILKIM-UHFFFAOYSA-N seed71 192.647s
6984/8070 SUCCESS PPARA/PPARD 5U3Q OLAPRRPHWILKIM-UHFFFAOYSA-N seed101 187.056s
6985/8070 SUCCESS PPARA/PPARD 6LXA YASAKCUCGLMORW-UHFFFAOYSA-N seed101 69.533s
6986/8070 SUCCESS PPARA/PPARD 5U3Q YASAKCUCGLMORW-UHFFFAOYSA-N seed17 93.419s
6987/8070 SUCCESS PPARA/PPARD 5U3Q YASAKCUCGLMORW-UHFFFAOYSA-N seed29 93.454s
6988/8070 SUCCESS PPARA/PPARD 5U3Q YASAKCUCGLMORW-UHFFFAOYSA-N seed42 94.723s
6989/8070 SUCCESS PPARA/PPARD 5U3Q YASAKCUCGLMORW-UHFFFAOYSA-N seed71 96.224s
6990/8070 SUCCESS PPARA/PPARD 5U3Q YASAKCUCGLMORW-UHFFFAOYSA-N seed101 96.34s
6991/8070 SUCCESS PPARA/PPARD 6LXA LSWSHDRNBQEKKN-XMMPIXPASA-N seed17 137.631s
6992/8070 SUCCESS PPARA/PPARD 6LXA LSWSHDRNBQEKKN-XMMPIXPASA-N seed29 130.22s
6993/8070 SUCCESS PPARA/PPARD 5U3Q LSWSHDRNBQEKKN-XMMPIXPASA-N seed17 112.54s
6994/8070 SUCCESS PPARA/PPARD 6LXA LSWSHDRNBQEKKN-XMMPIXPASA-N seed101 130.716s
6995/8070 SUCCESS PPARA/PPARD 6LXA LSWSHDRNBQEKKN-XMMPIXPASA-N seed42 152.922s
6996/8070 SUCCESS PPARA/PPARD 6LXA LSWSHDRNBQEKKN-XMMPIXPASA-N seed71 145.484s
6997/8070 SUCCESS PPARA/PPARD 5U3Q LSWSHDRNBQEKKN-XMMPIXPASA-N seed29 116.934s
6998/8070 SUCCESS PPARA/PPARD 5U3Q LSWSHDRNBQEKKN-XMMPIXPASA-N seed42 116.804s
6999/8070 SUCCESS PPARA/PPARD 5U3Q LSWSHDRNBQEKKN-XMMPIXPASA-N seed71 110.678s
7000/8070 SUCCESS PPARA/PPARD 5U3Q LSWSHDRNBQEKKN-XMMPIXPASA-N seed101 114.487s
7001/8070 SUCCESS PPARA/PPARD 6LXA UMCOHKMLPVPQBF-VWLOTQADSA-N seed17 239.319s
7002/8070 SUCCESS PPARA/PPARD 6LXA UMCOHKMLPVPQBF-VWLOTQADSA-N seed29 245.028s
7003/8070 SUCCESS PPARA/PPARD 6LXA UMCOHKMLPVPQBF-VWLOTQADSA-N seed42 231.558s
7004/8070 SUCCESS PPARA/PPARD 6LXA UMCOHKMLPVPQBF-VWLOTQADSA-N seed71 238.06s
7005/8070 SUCCESS PPARA/PPARD 6LXA UMCOHKMLPVPQBF-VWLOTQADSA-N seed101 256.457s
7006/8070 SUCCESS PPARA/PPARD 5U3Q UMCOHKMLPVPQBF-VWLOTQADSA-N seed17 252.336s
7007/8070 SUCCESS PPARA/PPARD 6LXA SBEKBLIYTASPMP-NRFANRHFSA-N seed17 117.104s
7008/8070 SUCCESS PPARA/PPARD 6LXA SBEKBLIYTASPMP-NRFANRHFSA-N seed29 114.436s
7009/8070 SUCCESS PPARA/PPARD 5U3Q UMCOHKMLPVPQBF-VWLOTQADSA-N seed29 258.938s
7010/8070 SUCCESS PPARA/PPARD 5U3Q UMCOHKMLPVPQBF-VWLOTQADSA-N seed42 257.449s
7011/8070 SUCCESS PPARA/PPARD 5U3Q UMCOHKMLPVPQBF-VWLOTQADSA-N seed71 246.992s
7012/8070 SUCCESS PPARA/PPARD 5U3Q UMCOHKMLPVPQBF-VWLOTQADSA-N seed101 255.321s
7013/8070 SUCCESS PPARA/PPARD 6LXA SBEKBLIYTASPMP-NRFANRHFSA-N seed42 118.495s
7014/8070 SUCCESS PPARA/PPARD 6LXA SBEKBLIYTASPMP-NRFANRHFSA-N seed71 115.451s
7015/8070 SUCCESS PPARA/PPARD 5U3Q SBEKBLIYTASPMP-NRFANRHFSA-N seed17 103.89s
7016/8070 SUCCESS PPARA/PPARD 6LXA SBEKBLIYTASPMP-NRFANRHFSA-N seed101 120.424s
7017/8070 SUCCESS PPARA/PPARD 5U3Q SBEKBLIYTASPMP-NRFANRHFSA-N seed29 102.251s
7018/8070 SUCCESS PPARA/PPARD 5U3Q SBEKBLIYTASPMP-NRFANRHFSA-N seed42 106.583s
7019/8070 SUCCESS PPARA/PPARD 5U3Q SBEKBLIYTASPMP-NRFANRHFSA-N seed71 104.783s
7020/8070 SUCCESS PPARA/PPARD 5U3Q SBEKBLIYTASPMP-NRFANRHFSA-N seed101 107.53s
7021/8070 SUCCESS PPARA/PPARD 6LXA PAWOPJKHTZCKMT-UHFFFAOYSA-N seed17 135.374s
7022/8070 SUCCESS PPARA/PPARD 6LXA PAWOPJKHTZCKMT-UHFFFAOYSA-N seed29 127.776s
7023/8070 SUCCESS PPARA/PPARD 6LXA PAWOPJKHTZCKMT-UHFFFAOYSA-N seed42 142.197s
7024/8070 SUCCESS PPARA/PPARD 6LXA PAWOPJKHTZCKMT-UHFFFAOYSA-N seed71 125.857s
7025/8070 SUCCESS PPARA/PPARD 6LXA PAWOPJKHTZCKMT-UHFFFAOYSA-N seed101 132.603s
7026/8070 SUCCESS PPARA/PPARD 5U3Q PAWOPJKHTZCKMT-UHFFFAOYSA-N seed17 140.501s
7027/8070 SUCCESS PPARA/PPARD 5U3Q PAWOPJKHTZCKMT-UHFFFAOYSA-N seed29 143.636s
7028/8070 SUCCESS PPARA/PPARD 5U3Q PAWOPJKHTZCKMT-UHFFFAOYSA-N seed42 146.562s
7029/8070 SUCCESS PPARA/PPARD 5U3Q PAWOPJKHTZCKMT-UHFFFAOYSA-N seed71 140.812s
7030/8070 SUCCESS PPARA/PPARD 5U3Q PAWOPJKHTZCKMT-UHFFFAOYSA-N seed101 141.614s
7031/8070 SUCCESS PPARA/PPARD 6LXA KOXPFQLGGZYKBZ-UHFFFAOYSA-N seed17 117.832s
7032/8070 SUCCESS PPARA/PPARD 6LXA KOXPFQLGGZYKBZ-UHFFFAOYSA-N seed29 127.191s
7033/8070 SUCCESS PPARA/PPARD 6LXA KOXPFQLGGZYKBZ-UHFFFAOYSA-N seed42 114.387s
7034/8070 SUCCESS PPARA/PPARD 6LXA KOXPFQLGGZYKBZ-UHFFFAOYSA-N seed71 119.014s
7035/8070 SUCCESS PPARA/PPARD 6LXA KOXPFQLGGZYKBZ-UHFFFAOYSA-N seed101 123.453s
7036/8070 SUCCESS PPARA/PPARD 5U3Q KOXPFQLGGZYKBZ-UHFFFAOYSA-N seed29 110.793s
7037/8070 SUCCESS PPARA/PPARD 5U3Q KOXPFQLGGZYKBZ-UHFFFAOYSA-N seed17 123.777s
7038/8070 SUCCESS PPARA/PPARD 5U3Q KOXPFQLGGZYKBZ-UHFFFAOYSA-N seed42 105.773s
7039/8070 SUCCESS PPARA/PPARD 5U3Q KOXPFQLGGZYKBZ-UHFFFAOYSA-N seed71 115.539s
7040/8070 SUCCESS PPARA/PPARD 5U3Q KOXPFQLGGZYKBZ-UHFFFAOYSA-N seed101 113.657s
7041/8070 SUCCESS PPARA/PPARD 6LXA HRNDBVFQBKUZAV-UHFFFAOYSA-N seed17 161.051s
7042/8070 SUCCESS PPARA/PPARD 6LXA HRNDBVFQBKUZAV-UHFFFAOYSA-N seed29 155.569s
7043/8070 SUCCESS PPARA/PPARD 6LXA HRNDBVFQBKUZAV-UHFFFAOYSA-N seed42 163.682s
7044/8070 SUCCESS PPARA/PPARD 6LXA HRNDBVFQBKUZAV-UHFFFAOYSA-N seed71 163.256s
7045/8070 SUCCESS PPARA/PPARD 5U3Q HRNDBVFQBKUZAV-UHFFFAOYSA-N seed17 146.849s
7046/8070 SUCCESS PPARA/PPARD 6LXA HRNDBVFQBKUZAV-UHFFFAOYSA-N seed101 166.899s
7047/8070 SUCCESS PPARA/PPARD 5U3Q HRNDBVFQBKUZAV-UHFFFAOYSA-N seed29 140.062s
7048/8070 SUCCESS PPARA/PPARD 5U3Q HRNDBVFQBKUZAV-UHFFFAOYSA-N seed42 150.006s
7049/8070 SUCCESS PPARA/PPARD 5U3Q HRNDBVFQBKUZAV-UHFFFAOYSA-N seed71 142.057s
7050/8070 SUCCESS PPARA/PPARD 5U3Q HRNDBVFQBKUZAV-UHFFFAOYSA-N seed101 145.135s
7051/8070 SUCCESS PPARA/PPARD 6LXA UOKLODYFAVGQRH-UHFFFAOYSA-N seed17 157.047s
7052/8070 SUCCESS PPARA/PPARD 6LXA UOKLODYFAVGQRH-UHFFFAOYSA-N seed29 151.928s
7053/8070 SUCCESS PPARA/PPARD 6LXA UOKLODYFAVGQRH-UHFFFAOYSA-N seed71 138.128s
7054/8070 SUCCESS PPARA/PPARD 6LXA UOKLODYFAVGQRH-UHFFFAOYSA-N seed42 172.331s
7055/8070 SUCCESS PPARA/PPARD 5U3Q UOKLODYFAVGQRH-UHFFFAOYSA-N seed17 137.901s
7056/8070 SUCCESS PPARA/PPARD 6LXA UOKLODYFAVGQRH-UHFFFAOYSA-N seed101 158.911s
7057/8070 SUCCESS PPARA/PPARD 5U3Q UOKLODYFAVGQRH-UHFFFAOYSA-N seed29 130.995s
7058/8070 SUCCESS PPARA/PPARD 5U3Q UOKLODYFAVGQRH-UHFFFAOYSA-N seed42 144.749s
7059/8070 SUCCESS PPARA/PPARD 6LXA NFFXEUUOMTXWCX-UHFFFAOYSA-N seed17 94.639s
7060/8070 SUCCESS PPARA/PPARD 6LXA NFFXEUUOMTXWCX-UHFFFAOYSA-N seed29 99.844s
7061/8070 SUCCESS PPARA/PPARD 5U3Q UOKLODYFAVGQRH-UHFFFAOYSA-N seed101 131.395s
7062/8070 SUCCESS PPARA/PPARD 5U3Q UOKLODYFAVGQRH-UHFFFAOYSA-N seed71 145.815s
7063/8070 SUCCESS PPARA/PPARD 6LXA NFFXEUUOMTXWCX-UHFFFAOYSA-N seed42 96.47s
7064/8070 SUCCESS PPARA/PPARD 6LXA NFFXEUUOMTXWCX-UHFFFAOYSA-N seed71 93.813s
7065/8070 SUCCESS PPARA/PPARD 6LXA NFFXEUUOMTXWCX-UHFFFAOYSA-N seed101 92.905s
7066/8070 SUCCESS PPARA/PPARD 5U3Q NFFXEUUOMTXWCX-UHFFFAOYSA-N seed17 97.35s
7067/8070 SUCCESS PPARA/PPARD 5U3Q NFFXEUUOMTXWCX-UHFFFAOYSA-N seed29 96.549s
7068/8070 SUCCESS PPARA/PPARD 5U3Q NFFXEUUOMTXWCX-UHFFFAOYSA-N seed42 94.823s
7069/8070 SUCCESS PPARA/PPARD 5U3Q NFFXEUUOMTXWCX-UHFFFAOYSA-N seed71 95.295s
7070/8070 SUCCESS PPARA/PPARD 5U3Q NFFXEUUOMTXWCX-UHFFFAOYSA-N seed101 93.831s
7071/8070 SUCCESS PPARA/PPARD 6LXA FVNMATFYGNOSRW-RTLBZRNLSA-N seed17 97.109s
7072/8070 SUCCESS PPARA/PPARD 6LXA FVNMATFYGNOSRW-RTLBZRNLSA-N seed29 96.567s
7073/8070 SUCCESS PPARA/PPARD 6LXA FVNMATFYGNOSRW-RTLBZRNLSA-N seed42 96.556s
7074/8070 SUCCESS PPARA/PPARD 6LXA FVNMATFYGNOSRW-RTLBZRNLSA-N seed71 98.246s
7075/8070 SUCCESS PPARA/PPARD 6LXA FVNMATFYGNOSRW-RTLBZRNLSA-N seed101 98.383s
7076/8070 SUCCESS PPARA/PPARD 5U3Q FVNMATFYGNOSRW-RTLBZRNLSA-N seed17 121.867s
7077/8070 SUCCESS PPARA/PPARD 5U3Q FVNMATFYGNOSRW-RTLBZRNLSA-N seed29 125.626s
7078/8070 SUCCESS PPARA/PPARD 5U3Q FVNMATFYGNOSRW-RTLBZRNLSA-N seed42 117.968s
7079/8070 SUCCESS PPARA/PPARD 5U3Q FVNMATFYGNOSRW-RTLBZRNLSA-N seed71 124.822s
7080/8070 SUCCESS PPARA/PPARD 5U3Q FVNMATFYGNOSRW-RTLBZRNLSA-N seed101 129.594s
7081/8070 SUCCESS PPARA/PPARD 6LXA NFNUTCDJMMLZMX-CJXXQJBOSA-N seed17 286.582s
7082/8070 SUCCESS PPARA/PPARD 6LXA NFNUTCDJMMLZMX-CJXXQJBOSA-N seed29 277.719s
7083/8070 SUCCESS PPARA/PPARD 6LXA NFNUTCDJMMLZMX-CJXXQJBOSA-N seed42 264.421s
7084/8070 SUCCESS PPARA/PPARD 6LXA NFNUTCDJMMLZMX-CJXXQJBOSA-N seed101 249.67s
7085/8070 SUCCESS PPARA/PPARD 6LXA NFNUTCDJMMLZMX-CJXXQJBOSA-N seed71 268.935s
7086/8070 SUCCESS PPARA/PPARD 5U3Q NFNUTCDJMMLZMX-CJXXQJBOSA-N seed17 259.237s
7087/8070 SUCCESS PPARA/PPARD 6LXA KXPCNHRXRBQQBA-MNQSQUENSA-N seed17 170.754s
7088/8070 SUCCESS PPARA/PPARD 6LXA KXPCNHRXRBQQBA-MNQSQUENSA-N seed29 167.828s
7089/8070 SUCCESS PPARA/PPARD 5U3Q NFNUTCDJMMLZMX-CJXXQJBOSA-N seed29 293.059s
7090/8070 SUCCESS PPARA/PPARD 5U3Q NFNUTCDJMMLZMX-CJXXQJBOSA-N seed71 274.307s
7091/8070 SUCCESS PPARA/PPARD 5U3Q NFNUTCDJMMLZMX-CJXXQJBOSA-N seed42 309.584s
7092/8070 SUCCESS PPARA/PPARD 5U3Q NFNUTCDJMMLZMX-CJXXQJBOSA-N seed101 280.977s
7093/8070 SUCCESS PPARA/PPARD 6LXA KXPCNHRXRBQQBA-MNQSQUENSA-N seed42 152.945s
7094/8070 SUCCESS PPARA/PPARD 6LXA KXPCNHRXRBQQBA-MNQSQUENSA-N seed71 163.625s
7095/8070 SUCCESS PPARA/PPARD 6LXA KXPCNHRXRBQQBA-MNQSQUENSA-N seed101 154.621s
7096/8070 SUCCESS PPARA/PPARD 5U3Q KXPCNHRXRBQQBA-MNQSQUENSA-N seed17 153.424s
7097/8070 SUCCESS PPARA/PPARD 5U3Q KXPCNHRXRBQQBA-MNQSQUENSA-N seed29 150.094s
7098/8070 SUCCESS PPARA/PPARD 5U3Q KXPCNHRXRBQQBA-MNQSQUENSA-N seed42 157.436s
7099/8070 SUCCESS PPARA/PPARD 5U3Q KXPCNHRXRBQQBA-MNQSQUENSA-N seed71 156.736s
7100/8070 SUCCESS PPARA/PPARD 5U3Q KXPCNHRXRBQQBA-MNQSQUENSA-N seed101 147.721s
7101/8070 SUCCESS PPARA/PPARD 6LXA ZERSZVIQLKNOSD-UHFFFAOYSA-N seed17 130.379s
7102/8070 SUCCESS PPARA/PPARD 6LXA ZERSZVIQLKNOSD-UHFFFAOYSA-N seed29 130.868s
7103/8070 SUCCESS PPARA/PPARD 6LXA ZERSZVIQLKNOSD-UHFFFAOYSA-N seed42 128.089s
7104/8070 SUCCESS PPARA/PPARD 6LXA ZERSZVIQLKNOSD-UHFFFAOYSA-N seed71 148.301s
7105/8070 SUCCESS PPARA/PPARD 6LXA ZERSZVIQLKNOSD-UHFFFAOYSA-N seed101 124.725s
7106/8070 SUCCESS PPARA/PPARD 5U3Q ZERSZVIQLKNOSD-UHFFFAOYSA-N seed17 145.582s
7107/8070 SUCCESS PPARA/PPARD 5U3Q ZERSZVIQLKNOSD-UHFFFAOYSA-N seed29 142.134s
7108/8070 SUCCESS PPARA/PPARD 5U3Q ZERSZVIQLKNOSD-UHFFFAOYSA-N seed42 148.291s
7109/8070 SUCCESS PPARA/PPARD 5U3Q ZERSZVIQLKNOSD-UHFFFAOYSA-N seed71 152.171s
7110/8070 SUCCESS PPARA/PPARD 5U3Q ZERSZVIQLKNOSD-UHFFFAOYSA-N seed101 152.302s
7111/8070 SUCCESS PPARA/PPARD 6LXA IRSFLNXJVJKMDT-UHFFFAOYSA-N seed17 452.921s
7112/8070 SUCCESS PPARA/PPARD 6LXA IRSFLNXJVJKMDT-UHFFFAOYSA-N seed29 478.393s
7113/8070 SUCCESS PPARA/PPARD 6LXA IRSFLNXJVJKMDT-UHFFFAOYSA-N seed42 487.123s
7114/8070 SUCCESS PPARA/PPARD 6LXA IRSFLNXJVJKMDT-UHFFFAOYSA-N seed71 496.196s
7115/8070 SUCCESS PPARA/PPARD 6LXA IRSFLNXJVJKMDT-UHFFFAOYSA-N seed101 516.096s
7116/8070 SUCCESS PPARA/PPARD 5U3Q IRSFLNXJVJKMDT-UHFFFAOYSA-N seed17 516.293s
7117/8070 SUCCESS PPARA/PPARD 6LXA HBCBZGQRHKFODN-UHFFFAOYSA-N seed17 165.308s
7118/8070 SUCCESS PPARA/PPARD 6LXA HBCBZGQRHKFODN-UHFFFAOYSA-N seed29 164.902s
7119/8070 SUCCESS PPARA/PPARD 6LXA HBCBZGQRHKFODN-UHFFFAOYSA-N seed42 164.256s
7120/8070 SUCCESS PPARA/PPARD 5U3Q IRSFLNXJVJKMDT-UHFFFAOYSA-N seed29 497.822s
7121/8070 SUCCESS PPARA/PPARD 6LXA HBCBZGQRHKFODN-UHFFFAOYSA-N seed71 167.46s
7122/8070 SUCCESS PPARA/PPARD 5U3Q IRSFLNXJVJKMDT-UHFFFAOYSA-N seed42 504.533s
7123/8070 SUCCESS PPARA/PPARD 5U3Q IRSFLNXJVJKMDT-UHFFFAOYSA-N seed71 490.63s
7124/8070 SUCCESS PPARA/PPARD 5U3Q IRSFLNXJVJKMDT-UHFFFAOYSA-N seed101 490.328s
7125/8070 SUCCESS PPARA/PPARD 5U3Q HBCBZGQRHKFODN-UHFFFAOYSA-N seed17 140.517s
7126/8070 SUCCESS PPARA/PPARD 6LXA HBCBZGQRHKFODN-UHFFFAOYSA-N seed101 167.67s
7127/8070 SUCCESS PPARA/PPARD 5U3Q HBCBZGQRHKFODN-UHFFFAOYSA-N seed29 138.383s
7128/8070 SUCCESS PPARA/PPARD 5U3Q HBCBZGQRHKFODN-UHFFFAOYSA-N seed42 138.781s
7129/8070 SUCCESS PPARA/PPARD 5U3Q HBCBZGQRHKFODN-UHFFFAOYSA-N seed71 150.788s
7130/8070 SUCCESS PPARA/PPARD 5U3Q HBCBZGQRHKFODN-UHFFFAOYSA-N seed101 152.922s
7131/8070 SUCCESS PPARA/PPARD 6LXA FIHJPLGXFTWHLZ-AREMUKBSSA-N seed17 196.651s
7132/8070 SUCCESS PPARA/PPARD 6LXA FIHJPLGXFTWHLZ-AREMUKBSSA-N seed29 197.907s
7133/8070 SUCCESS PPARA/PPARD 6LXA FIHJPLGXFTWHLZ-AREMUKBSSA-N seed42 201.436s
7134/8070 SUCCESS PPARA/PPARD 6LXA FIHJPLGXFTWHLZ-AREMUKBSSA-N seed71 194.755s
7135/8070 SUCCESS PPARA/PPARD 6LXA FIHJPLGXFTWHLZ-AREMUKBSSA-N seed101 212.351s
7136/8070 SUCCESS PPARA/PPARD 5U3Q FIHJPLGXFTWHLZ-AREMUKBSSA-N seed17 242.324s
7137/8070 SUCCESS PPARA/PPARD 5U3Q FIHJPLGXFTWHLZ-AREMUKBSSA-N seed29 237.356s
7138/8070 SUCCESS PPARA/PPARD 6LXA OOZNMURDAKWFQS-RUZDIDTESA-N seed17 137.567s
7139/8070 SUCCESS PPARA/PPARD 5U3Q FIHJPLGXFTWHLZ-AREMUKBSSA-N seed42 244.631s
7140/8070 SUCCESS PPARA/PPARD 5U3Q FIHJPLGXFTWHLZ-AREMUKBSSA-N seed71 250.454s
7141/8070 SUCCESS PPARA/PPARD 5U3Q FIHJPLGXFTWHLZ-AREMUKBSSA-N seed101 241.18s
7142/8070 SUCCESS PPARA/PPARD 6LXA OOZNMURDAKWFQS-RUZDIDTESA-N seed29 134.17s
7143/8070 SUCCESS PPARA/PPARD 6LXA OOZNMURDAKWFQS-RUZDIDTESA-N seed42 141.222s
7144/8070 SUCCESS PPARA/PPARD 6LXA OOZNMURDAKWFQS-RUZDIDTESA-N seed71 142.092s
7145/8070 SUCCESS PPARA/PPARD 6LXA OOZNMURDAKWFQS-RUZDIDTESA-N seed101 135.104s
7146/8070 SUCCESS PPARA/PPARD 5U3Q OOZNMURDAKWFQS-RUZDIDTESA-N seed17 126.694s
7147/8070 SUCCESS PPARA/PPARD 5U3Q OOZNMURDAKWFQS-RUZDIDTESA-N seed29 128.358s
7148/8070 SUCCESS PPARA/PPARD 5U3Q OOZNMURDAKWFQS-RUZDIDTESA-N seed42 125.151s
7149/8070 SUCCESS PPARA/PPARD 5U3Q OOZNMURDAKWFQS-RUZDIDTESA-N seed71 123.641s
7150/8070 SUCCESS PPARA/PPARD 5U3Q OOZNMURDAKWFQS-RUZDIDTESA-N seed101 125.329s
7151/8070 SUCCESS PPARA/PPARD 6LXA HCSJCPSQGSDDFT-UHFFFAOYSA-N seed17 186.358s
7152/8070 SUCCESS PPARA/PPARD 6LXA HCSJCPSQGSDDFT-UHFFFAOYSA-N seed29 193.29s
7153/8070 SUCCESS PPARA/PPARD 6LXA HCSJCPSQGSDDFT-UHFFFAOYSA-N seed42 172.256s
7154/8070 SUCCESS PPARA/PPARD 6LXA HCSJCPSQGSDDFT-UHFFFAOYSA-N seed71 187.134s
7155/8070 SUCCESS PPARA/PPARD 5U3Q HCSJCPSQGSDDFT-UHFFFAOYSA-N seed17 139.047s
7156/8070 SUCCESS PPARA/PPARD 6LXA HCSJCPSQGSDDFT-UHFFFAOYSA-N seed101 174.936s
7157/8070 SUCCESS PPARA/PPARD 5U3Q HCSJCPSQGSDDFT-UHFFFAOYSA-N seed29 155.305s
7158/8070 SUCCESS PPARA/PPARD 5U3Q HCSJCPSQGSDDFT-UHFFFAOYSA-N seed71 158.392s
7159/8070 SUCCESS PPARA/PPARD 5U3Q HCSJCPSQGSDDFT-UHFFFAOYSA-N seed42 162.821s
7160/8070 SUCCESS PPARA/PPARD 5U3Q HCSJCPSQGSDDFT-UHFFFAOYSA-N seed101 149.693s
7161/8070 SUCCESS PPARA/PPARD 6LXA KWGGIRZLUSNBCK-UHFFFAOYSA-N seed17 175.215s
7162/8070 SUCCESS PPARA/PPARD 6LXA KWGGIRZLUSNBCK-UHFFFAOYSA-N seed29 169.778s
7163/8070 SUCCESS PPARA/PPARD 6LXA KWGGIRZLUSNBCK-UHFFFAOYSA-N seed42 186.68s
7164/8070 SUCCESS PPARA/PPARD 6LXA KWGGIRZLUSNBCK-UHFFFAOYSA-N seed101 173.335s
7165/8070 SUCCESS PPARA/PPARD 5U3Q KWGGIRZLUSNBCK-UHFFFAOYSA-N seed17 168.12s
7166/8070 SUCCESS PPARA/PPARD 6LXA KWGGIRZLUSNBCK-UHFFFAOYSA-N seed71 189.618s
7167/8070 SUCCESS PPARA/PPARD 5U3Q KWGGIRZLUSNBCK-UHFFFAOYSA-N seed29 173.824s
7168/8070 SUCCESS PPARA/PPARD 5U3Q KWGGIRZLUSNBCK-UHFFFAOYSA-N seed42 204.165s
7169/8070 SUCCESS PPARA/PPARD 6LXA KSTNVCYPZQORSY-LYSGITKLSA-N seed17 130.915s
7170/8070 SUCCESS PPARA/PPARD 6LXA KSTNVCYPZQORSY-LYSGITKLSA-N seed29 132.82s
7171/8070 SUCCESS PPARA/PPARD 5U3Q KWGGIRZLUSNBCK-UHFFFAOYSA-N seed71 173.267s
7172/8070 SUCCESS PPARA/PPARD 6LXA KSTNVCYPZQORSY-LYSGITKLSA-N seed42 131.703s
7173/8070 SUCCESS PPARA/PPARD 5U3Q KWGGIRZLUSNBCK-UHFFFAOYSA-N seed101 215.88s
7174/8070 SUCCESS PPARA/PPARD 6LXA KSTNVCYPZQORSY-LYSGITKLSA-N seed71 124.052s
7175/8070 SUCCESS PPARA/PPARD 6LXA KSTNVCYPZQORSY-LYSGITKLSA-N seed101 131.365s
7176/8070 SUCCESS PPARA/PPARD 5U3Q KSTNVCYPZQORSY-LYSGITKLSA-N seed17 154.206s
7177/8070 SUCCESS PPARA/PPARD 5U3Q KSTNVCYPZQORSY-LYSGITKLSA-N seed29 150.006s
7178/8070 SUCCESS PPARA/PPARD 5U3Q KSTNVCYPZQORSY-LYSGITKLSA-N seed42 149.839s
7179/8070 SUCCESS PPARA/PPARD 5U3Q KSTNVCYPZQORSY-LYSGITKLSA-N seed71 154.889s
7180/8070 SUCCESS PPARA/PPARD 5U3Q KSTNVCYPZQORSY-LYSGITKLSA-N seed101 151.265s
7181/8070 SUCCESS PPARA/PPARD 6LXA PNHFDVSKDSLUFH-UHFFFAOYSA-N seed17 144.703s
7182/8070 SUCCESS PPARA/PPARD 6LXA PNHFDVSKDSLUFH-UHFFFAOYSA-N seed29 143.031s
7183/8070 SUCCESS PPARA/PPARD 6LXA PNHFDVSKDSLUFH-UHFFFAOYSA-N seed42 144.959s
7184/8070 SUCCESS PPARA/PPARD 6LXA PNHFDVSKDSLUFH-UHFFFAOYSA-N seed71 144.255s
7185/8070 SUCCESS PPARA/PPARD 6LXA PNHFDVSKDSLUFH-UHFFFAOYSA-N seed101 148.836s
7186/8070 SUCCESS PPARA/PPARD 5U3Q PNHFDVSKDSLUFH-UHFFFAOYSA-N seed17 146.789s
7187/8070 SUCCESS PPARA/PPARD 5U3Q PNHFDVSKDSLUFH-UHFFFAOYSA-N seed29 142.443s
7188/8070 SUCCESS PPARA/PPARD 5U3Q PNHFDVSKDSLUFH-UHFFFAOYSA-N seed42 143.62s
7189/8070 SUCCESS PPARA/PPARD 5U3Q PNHFDVSKDSLUFH-UHFFFAOYSA-N seed71 143.703s
7190/8070 SUCCESS PPARA/PPARD 5U3Q PNHFDVSKDSLUFH-UHFFFAOYSA-N seed101 143.421s
7191/8070 SUCCESS PPARA/PPARD 6LXA LVPGETDKDGGUPG-UHFFFAOYSA-N seed17 365.159s
7192/8070 SUCCESS PPARA/PPARD 6LXA LVPGETDKDGGUPG-UHFFFAOYSA-N seed29 373.347s
7193/8070 SUCCESS PPARA/PPARD 6LXA LVPGETDKDGGUPG-UHFFFAOYSA-N seed42 361.463s
7194/8070 SUCCESS PPARA/PPARD 6LXA LVPGETDKDGGUPG-UHFFFAOYSA-N seed71 351.235s
7195/8070 SUCCESS PPARA/PPARD 6LXA LVPGETDKDGGUPG-UHFFFAOYSA-N seed101 362.538s
7196/8070 SUCCESS PPARA/PPARD 5U3Q LVPGETDKDGGUPG-UHFFFAOYSA-N seed17 353.44s
7197/8070 SUCCESS PPARA/PPARD 6LXA NBKZFDLGHCZCTH-VAWYXSNFSA-N seed17 123.018s
7198/8070 SUCCESS PPARA/PPARD 6LXA NBKZFDLGHCZCTH-VAWYXSNFSA-N seed29 120.286s
7199/8070 SUCCESS PPARA/PPARD 6LXA NBKZFDLGHCZCTH-VAWYXSNFSA-N seed42 130.285s
7200/8070 SUCCESS PPARA/PPARD 6LXA NBKZFDLGHCZCTH-VAWYXSNFSA-N seed71 133.111s
7201/8070 SUCCESS PPARA/PPARD 5U3Q LVPGETDKDGGUPG-UHFFFAOYSA-N seed42 334.379s
7202/8070 SUCCESS PPARA/PPARD 5U3Q LVPGETDKDGGUPG-UHFFFAOYSA-N seed29 360.065s
7203/8070 SUCCESS PPARA/PPARD 5U3Q LVPGETDKDGGUPG-UHFFFAOYSA-N seed101 326.658s
7204/8070 SUCCESS PPARA/PPARD 5U3Q LVPGETDKDGGUPG-UHFFFAOYSA-N seed71 345.875s
7205/8070 SUCCESS PPARA/PPARD 6LXA NBKZFDLGHCZCTH-VAWYXSNFSA-N seed101 122.331s
7206/8070 SUCCESS PPARA/PPARD 5U3Q NBKZFDLGHCZCTH-VAWYXSNFSA-N seed29 108.056s
7207/8070 SUCCESS PPARA/PPARD 5U3Q NBKZFDLGHCZCTH-VAWYXSNFSA-N seed17 119.107s
7208/8070 SUCCESS PPARA/PPARD 5U3Q NBKZFDLGHCZCTH-VAWYXSNFSA-N seed71 109.979s
7209/8070 SUCCESS PPARA/PPARD 5U3Q NBKZFDLGHCZCTH-VAWYXSNFSA-N seed42 135.568s
7210/8070 SUCCESS PPARA/PPARD 5U3Q NBKZFDLGHCZCTH-VAWYXSNFSA-N seed101 135.958s
7211/8070 SUCCESS PPARA/PPARD 6LXA UNOREIGWESJDHG-UHFFFAOYSA-N seed42 176.987s
7212/8070 SUCCESS PPARA/PPARD 6LXA UNOREIGWESJDHG-UHFFFAOYSA-N seed29 187.572s
7213/8070 SUCCESS PPARA/PPARD 6LXA UNOREIGWESJDHG-UHFFFAOYSA-N seed17 194.371s
7214/8070 SUCCESS PPARA/PPARD 6LXA UNOREIGWESJDHG-UHFFFAOYSA-N seed71 177.001s
7215/8070 SUCCESS PPARA/PPARD 6LXA UNOREIGWESJDHG-UHFFFAOYSA-N seed101 181.432s
7216/8070 SUCCESS PPARA/PPARD 5U3Q UNOREIGWESJDHG-UHFFFAOYSA-N seed17 185.085s
7217/8070 SUCCESS PPARA/PPARD 5U3Q UNOREIGWESJDHG-UHFFFAOYSA-N seed29 186.455s
7218/8070 SUCCESS PPARA/PPARD 5U3Q UNOREIGWESJDHG-UHFFFAOYSA-N seed71 179.603s
7219/8070 SUCCESS PPARA/PPARD 5U3Q UNOREIGWESJDHG-UHFFFAOYSA-N seed42 184.172s
7220/8070 SUCCESS PPARA/PPARD 5U3Q UNOREIGWESJDHG-UHFFFAOYSA-N seed101 199.681s
7221/8070 SUCCESS PPARA/PPARD 6LXA KWSPYUOBNIMILB-SANMLTNESA-N seed17 192.575s
7222/8070 SUCCESS PPARA/PPARD 6LXA KWSPYUOBNIMILB-SANMLTNESA-N seed29 186.04s
7223/8070 SUCCESS PPARA/PPARD 6LXA KWSPYUOBNIMILB-SANMLTNESA-N seed42 181.393s
7224/8070 SUCCESS PPARA/PPARD 6LXA KWSPYUOBNIMILB-SANMLTNESA-N seed101 189.721s
7225/8070 SUCCESS PPARA/PPARD 6LXA KWSPYUOBNIMILB-SANMLTNESA-N seed71 195.819s
7226/8070 SUCCESS PPARA/PPARD 5U3Q KWSPYUOBNIMILB-SANMLTNESA-N seed29 223.595s
7227/8070 SUCCESS PPARA/PPARD 5U3Q KWSPYUOBNIMILB-SANMLTNESA-N seed17 233.078s
7228/8070 SUCCESS PPARA/PPARD 5U3Q KWSPYUOBNIMILB-SANMLTNESA-N seed42 232.718s
7229/8070 SUCCESS PPARA/PPARD 6LXA JARCLKXJFZURIW-UHFFFAOYSA-N seed17 131.348s
7230/8070 SUCCESS PPARA/PPARD 6LXA JARCLKXJFZURIW-UHFFFAOYSA-N seed42 131.376s
7231/8070 SUCCESS PPARA/PPARD 6LXA JARCLKXJFZURIW-UHFFFAOYSA-N seed29 138.368s
7232/8070 SUCCESS PPARA/PPARD 5U3Q KWSPYUOBNIMILB-SANMLTNESA-N seed71 242.232s
7233/8070 SUCCESS PPARA/PPARD 6LXA JARCLKXJFZURIW-UHFFFAOYSA-N seed71 137.541s
7234/8070 SUCCESS PPARA/PPARD 5U3Q KWSPYUOBNIMILB-SANMLTNESA-N seed101 235.459s
7235/8070 SUCCESS PPARA/PPARD 6LXA JARCLKXJFZURIW-UHFFFAOYSA-N seed101 131.996s
7236/8070 SUCCESS PPARA/PPARD 5U3Q JARCLKXJFZURIW-UHFFFAOYSA-N seed29 155.627s
7237/8070 SUCCESS PPARA/PPARD 5U3Q JARCLKXJFZURIW-UHFFFAOYSA-N seed17 174.293s
7238/8070 SUCCESS PPARA/PPARD 5U3Q JARCLKXJFZURIW-UHFFFAOYSA-N seed42 167.334s
7239/8070 SUCCESS PPARA/PPARD 5U3Q JARCLKXJFZURIW-UHFFFAOYSA-N seed101 162.491s
7240/8070 SUCCESS PPARA/PPARD 5U3Q JARCLKXJFZURIW-UHFFFAOYSA-N seed71 168.399s
7241/8070 SUCCESS PPARA/PPARD 6LXA KWSPYUOBNIMILB-AREMUKBSSA-N seed17 209.741s
7242/8070 SUCCESS PPARA/PPARD 6LXA KWSPYUOBNIMILB-AREMUKBSSA-N seed29 202.438s
7243/8070 SUCCESS PPARA/PPARD 6LXA KWSPYUOBNIMILB-AREMUKBSSA-N seed101 189.146s
7244/8070 SUCCESS PPARA/PPARD 6LXA KWSPYUOBNIMILB-AREMUKBSSA-N seed42 212.31s
7245/8070 SUCCESS PPARA/PPARD 6LXA KWSPYUOBNIMILB-AREMUKBSSA-N seed71 197.485s
7246/8070 SUCCESS PPARA/PPARD 5U3Q KWSPYUOBNIMILB-AREMUKBSSA-N seed17 226.843s
7247/8070 SUCCESS PPARA/PPARD 5U3Q KWSPYUOBNIMILB-AREMUKBSSA-N seed29 229.851s
7248/8070 SUCCESS PPARA/PPARD 6LXA JTOAFJBWGZQGSU-UHFFFAOYSA-N seed17 173.008s
7249/8070 SUCCESS PPARA/PPARD 5U3Q KWSPYUOBNIMILB-AREMUKBSSA-N seed42 223.719s
7250/8070 SUCCESS PPARA/PPARD 6LXA JTOAFJBWGZQGSU-UHFFFAOYSA-N seed29 174.645s
7251/8070 SUCCESS PPARA/PPARD 5U3Q KWSPYUOBNIMILB-AREMUKBSSA-N seed71 224.629s
7252/8070 SUCCESS PPARA/PPARD 5U3Q KWSPYUOBNIMILB-AREMUKBSSA-N seed101 232.324s
7253/8070 SUCCESS PPARA/PPARD 6LXA JTOAFJBWGZQGSU-UHFFFAOYSA-N seed42 173.687s
7254/8070 SUCCESS PPARA/PPARD 6LXA JTOAFJBWGZQGSU-UHFFFAOYSA-N seed71 184.145s
7255/8070 SUCCESS PPARA/PPARD 6LXA JTOAFJBWGZQGSU-UHFFFAOYSA-N seed101 166.677s
7256/8070 SUCCESS PPARA/PPARD 5U3Q JTOAFJBWGZQGSU-UHFFFAOYSA-N seed17 173.816s
7257/8070 SUCCESS PPARA/PPARD 5U3Q JTOAFJBWGZQGSU-UHFFFAOYSA-N seed29 173.528s
7258/8070 SUCCESS PPARA/PPARD 5U3Q JTOAFJBWGZQGSU-UHFFFAOYSA-N seed42 190.914s
7259/8070 SUCCESS PPARA/PPARD 5U3Q JTOAFJBWGZQGSU-UHFFFAOYSA-N seed71 193.148s
7260/8070 SUCCESS PPARA/PPARD 6LXA NGCBWFOLJZBGAA-UHFFFAOYSA-N seed17 130.196s
7261/8070 SUCCESS PPARA/PPARD 6LXA NGCBWFOLJZBGAA-UHFFFAOYSA-N seed29 137.267s
7262/8070 SUCCESS PPARA/PPARD 6LXA NGCBWFOLJZBGAA-UHFFFAOYSA-N seed42 138.911s
7263/8070 SUCCESS PPARA/PPARD 5U3Q JTOAFJBWGZQGSU-UHFFFAOYSA-N seed101 183.277s
7264/8070 SUCCESS PPARA/PPARD 6LXA NGCBWFOLJZBGAA-UHFFFAOYSA-N seed71 145.224s
7265/8070 SUCCESS PPARA/PPARD 6LXA NGCBWFOLJZBGAA-UHFFFAOYSA-N seed101 139.788s
7266/8070 SUCCESS PPARA/PPARD 5U3Q NGCBWFOLJZBGAA-UHFFFAOYSA-N seed17 163.135s
7267/8070 SUCCESS PPARA/PPARD 5U3Q NGCBWFOLJZBGAA-UHFFFAOYSA-N seed29 161.452s
7268/8070 SUCCESS PPARA/PPARD 5U3Q NGCBWFOLJZBGAA-UHFFFAOYSA-N seed42 169.921s
7269/8070 SUCCESS PPARA/PPARD 5U3Q NGCBWFOLJZBGAA-UHFFFAOYSA-N seed71 166.748s
7270/8070 SUCCESS PPARA/PPARD 5U3Q NGCBWFOLJZBGAA-UHFFFAOYSA-N seed101 160.241s
7271/8070 SUCCESS PPARA/PPARD 6LXA JGVVJDWQQMDOFB-UHFFFAOYSA-N seed17 191.447s
7272/8070 SUCCESS PPARA/PPARD 6LXA JGVVJDWQQMDOFB-UHFFFAOYSA-N seed29 183.545s
7273/8070 SUCCESS PPARA/PPARD 6LXA JGVVJDWQQMDOFB-UHFFFAOYSA-N seed42 197.25s
7274/8070 SUCCESS PPARA/PPARD 5U3Q JGVVJDWQQMDOFB-UHFFFAOYSA-N seed17 164.621s
7275/8070 SUCCESS PPARA/PPARD 6LXA JGVVJDWQQMDOFB-UHFFFAOYSA-N seed71 196.624s
7276/8070 SUCCESS PPARA/PPARD 6LXA JGVVJDWQQMDOFB-UHFFFAOYSA-N seed101 192.323s
7277/8070 SUCCESS PPARA/PPARD 5U3Q JGVVJDWQQMDOFB-UHFFFAOYSA-N seed29 193.516s
7278/8070 SUCCESS PPARA/PPARD 5U3Q JGVVJDWQQMDOFB-UHFFFAOYSA-N seed42 168.561s
7279/8070 SUCCESS PPARA/PPARD 5U3Q JGVVJDWQQMDOFB-UHFFFAOYSA-N seed71 192.824s
7280/8070 SUCCESS PPARA/PPARD 5U3Q JGVVJDWQQMDOFB-UHFFFAOYSA-N seed101 185.069s
7281/8070 SUCCESS PPARA/PPARD 6LXA JSTSZHVRXHMZQK-UHFFFAOYSA-N seed29 227.222s
7282/8070 SUCCESS PPARA/PPARD 6LXA JSTSZHVRXHMZQK-UHFFFAOYSA-N seed17 236.101s
7283/8070 SUCCESS PPARA/PPARD 6LXA JSTSZHVRXHMZQK-UHFFFAOYSA-N seed71 221.773s
7284/8070 SUCCESS PPARA/PPARD 6LXA JSTSZHVRXHMZQK-UHFFFAOYSA-N seed42 253.833s
7285/8070 SUCCESS PPARA/PPARD 6LXA JSTSZHVRXHMZQK-UHFFFAOYSA-N seed101 232.445s
7286/8070 SUCCESS PPARA/PPARD 5U3Q JSTSZHVRXHMZQK-UHFFFAOYSA-N seed17 251.079s
7287/8070 SUCCESS PPARA/PPARD 5U3Q JSTSZHVRXHMZQK-UHFFFAOYSA-N seed29 250.402s
7288/8070 SUCCESS PPARA/PPARD 5U3Q JSTSZHVRXHMZQK-UHFFFAOYSA-N seed42 253.722s
7289/8070 SUCCESS PPARA/PPARD 5U3Q JSTSZHVRXHMZQK-UHFFFAOYSA-N seed71 245.376s
7290/8070 SUCCESS PPARA/PPARD 5U3Q JSTSZHVRXHMZQK-UHFFFAOYSA-N seed101 247.793s
7291/8070 SUCCESS PPARA/PPARD 6LXA JOYLQSJSOGYNLV-UHFFFAOYSA-N seed17 327.064s
7292/8070 SUCCESS PPARA/PPARD 6LXA JOYLQSJSOGYNLV-UHFFFAOYSA-N seed29 321.79s
7293/8070 SUCCESS PPARA/PPARD 6LXA JOYLQSJSOGYNLV-UHFFFAOYSA-N seed42 347.2s
7294/8070 SUCCESS PPARA/PPARD 6LXA JOYLQSJSOGYNLV-UHFFFAOYSA-N seed71 342.356s
7295/8070 SUCCESS PPARA/PPARD 6LXA JOYLQSJSOGYNLV-UHFFFAOYSA-N seed101 353.158s
7296/8070 SUCCESS PPARA/PPARD 5U3Q JOYLQSJSOGYNLV-UHFFFAOYSA-N seed17 370.722s
7297/8070 SUCCESS PPARA/PPARD 5U3Q JOYLQSJSOGYNLV-UHFFFAOYSA-N seed29 380.644s
7298/8070 SUCCESS PPARA/PPARD 6LXA UNUJRJCEJXKUFP-UHFFFAOYSA-N seed17 214.967s
7299/8070 SUCCESS PPARA/PPARD 5U3Q JOYLQSJSOGYNLV-UHFFFAOYSA-N seed42 402.176s
7300/8070 SUCCESS PPARA/PPARD 6LXA UNUJRJCEJXKUFP-UHFFFAOYSA-N seed29 221.24s
7301/8070 SUCCESS PPARA/PPARD 5U3Q JOYLQSJSOGYNLV-UHFFFAOYSA-N seed71 377.887s
7302/8070 SUCCESS PPARA/PPARD 5U3Q JOYLQSJSOGYNLV-UHFFFAOYSA-N seed101 386.402s
7303/8070 SUCCESS PPARA/PPARD 6LXA UNUJRJCEJXKUFP-UHFFFAOYSA-N seed42 223.129s
7304/8070 SUCCESS PPARA/PPARD 6LXA UNUJRJCEJXKUFP-UHFFFAOYSA-N seed71 211.636s
7305/8070 SUCCESS PPARA/PPARD 5U3Q UNUJRJCEJXKUFP-UHFFFAOYSA-N seed17 165.204s
7306/8070 SUCCESS PPARA/PPARD 6LXA UNUJRJCEJXKUFP-UHFFFAOYSA-N seed101 212.127s
7307/8070 SUCCESS PPARA/PPARD 5U3Q UNUJRJCEJXKUFP-UHFFFAOYSA-N seed29 169.533s
7308/8070 SUCCESS PPARA/PPARD 5U3Q UNUJRJCEJXKUFP-UHFFFAOYSA-N seed42 168.75s
7309/8070 SUCCESS PPARA/PPARD 5U3Q UNUJRJCEJXKUFP-UHFFFAOYSA-N seed71 169.61s
7310/8070 SUCCESS PPARA/PPARD 5U3Q UNUJRJCEJXKUFP-UHFFFAOYSA-N seed101 162.86s
7311/8070 SUCCESS PPARA/PPARD 6LXA DBXQFQRUXGQRKN-UHFFFAOYSA-N seed17 273.956s
7312/8070 SUCCESS PPARA/PPARD 6LXA DBXQFQRUXGQRKN-UHFFFAOYSA-N seed42 275.825s
7313/8070 SUCCESS PPARA/PPARD 6LXA DBXQFQRUXGQRKN-UHFFFAOYSA-N seed29 294.532s
7314/8070 SUCCESS PPARA/PPARD 6LXA DBXQFQRUXGQRKN-UHFFFAOYSA-N seed71 279.299s
7315/8070 SUCCESS PPARA/PPARD 6LXA DBXQFQRUXGQRKN-UHFFFAOYSA-N seed101 262.831s
7316/8070 SUCCESS PPARA/PPARD 5U3Q DBXQFQRUXGQRKN-UHFFFAOYSA-N seed17 256.534s
7317/8070 SUCCESS PPARA/PPARD 5U3Q DBXQFQRUXGQRKN-UHFFFAOYSA-N seed29 258.603s
7318/8070 SUCCESS PPARA/PPARD 5U3Q DBXQFQRUXGQRKN-UHFFFAOYSA-N seed71 258.456s
7319/8070 SUCCESS PPARA/PPARD 5U3Q DBXQFQRUXGQRKN-UHFFFAOYSA-N seed42 271.434s
7320/8070 SUCCESS PPARA/PPARD 5U3Q DBXQFQRUXGQRKN-UHFFFAOYSA-N seed101 277.628s
7321/8070 SUCCESS PPARA/PPARD 6LXA SVINRMDAUITLII-UHFFFAOYSA-N seed29 283.311s
7322/8070 SUCCESS PPARA/PPARD 6LXA SVINRMDAUITLII-UHFFFAOYSA-N seed17 338.803s
7323/8070 SUCCESS PPARA/PPARD 6LXA SVINRMDAUITLII-UHFFFAOYSA-N seed42 284.665s
7324/8070 SUCCESS PPARA/PPARD 5U3Q SVINRMDAUITLII-UHFFFAOYSA-N seed17 278.828s
7325/8070 SUCCESS PPARA/PPARD 6LXA SVINRMDAUITLII-UHFFFAOYSA-N seed71 311.204s
7326/8070 SUCCESS PPARA/PPARD 6LXA SVINRMDAUITLII-UHFFFAOYSA-N seed101 316.758s
7327/8070 SUCCESS PPARA/PPARD 5U3Q SVINRMDAUITLII-UHFFFAOYSA-N seed29 318.1s
7328/8070 SUCCESS PPARA/PPARD 5U3Q SVINRMDAUITLII-UHFFFAOYSA-N seed42 275.616s
7329/8070 SUCCESS PPARA/PPARD 5U3Q SVINRMDAUITLII-UHFFFAOYSA-N seed71 261.73s
7330/8070 SUCCESS PPARA/PPARD 6LXA NCWCKTNFULGDMU-UHFFFAOYSA-N seed29 220.928s
7331/8070 SUCCESS PPARA/PPARD 6LXA NCWCKTNFULGDMU-UHFFFAOYSA-N seed17 231.011s
7332/8070 SUCCESS PPARA/PPARD 5U3Q SVINRMDAUITLII-UHFFFAOYSA-N seed101 275.717s
7333/8070 SUCCESS PPARA/PPARD 6LXA NCWCKTNFULGDMU-UHFFFAOYSA-N seed42 210.599s
7334/8070 SUCCESS PPARA/PPARD 6LXA NCWCKTNFULGDMU-UHFFFAOYSA-N seed71 212.232s
7335/8070 SUCCESS PPARA/PPARD 6LXA NCWCKTNFULGDMU-UHFFFAOYSA-N seed101 222.199s
7336/8070 SUCCESS PPARA/PPARD 5U3Q NCWCKTNFULGDMU-UHFFFAOYSA-N seed29 209.314s
7337/8070 SUCCESS PPARA/PPARD 5U3Q NCWCKTNFULGDMU-UHFFFAOYSA-N seed17 221.532s
7338/8070 SUCCESS PPARA/PPARD 5U3Q NCWCKTNFULGDMU-UHFFFAOYSA-N seed42 219.375s
7339/8070 SUCCESS PPARA/PPARD 5U3Q NCWCKTNFULGDMU-UHFFFAOYSA-N seed101 217.714s
7340/8070 SUCCESS PPARA/PPARD 5U3Q NCWCKTNFULGDMU-UHFFFAOYSA-N seed71 230.256s
7341/8070 SUCCESS PPARA/PPARD 6LXA XLKHHIOJLZGOJN-UHFFFAOYSA-N seed17 261.595s
7342/8070 SUCCESS PPARA/PPARD 6LXA XLKHHIOJLZGOJN-UHFFFAOYSA-N seed29 262.517s
7343/8070 SUCCESS PPARA/PPARD 6LXA XLKHHIOJLZGOJN-UHFFFAOYSA-N seed42 263.061s
7344/8070 SUCCESS PPARA/PPARD 6LXA XLKHHIOJLZGOJN-UHFFFAOYSA-N seed71 255.456s
7345/8070 SUCCESS PPARA/PPARD 5U3Q XLKHHIOJLZGOJN-UHFFFAOYSA-N seed17 214.34s
7346/8070 SUCCESS PPARA/PPARD 6LXA XLKHHIOJLZGOJN-UHFFFAOYSA-N seed101 286.753s
7347/8070 SUCCESS PPARA/PPARD 5U3Q XLKHHIOJLZGOJN-UHFFFAOYSA-N seed42 212.669s
7348/8070 SUCCESS PPARA/PPARD 5U3Q XLKHHIOJLZGOJN-UHFFFAOYSA-N seed71 211.205s
7349/8070 SUCCESS PPARA/PPARD 5U3Q XLKHHIOJLZGOJN-UHFFFAOYSA-N seed29 228.408s
7350/8070 SUCCESS PPARA/PPARD 5U3Q XLKHHIOJLZGOJN-UHFFFAOYSA-N seed101 225.451s
7351/8070 SUCCESS PPARA/PPARD 6LXA ZNDDRAUEVHSTJF-UHFFFAOYSA-N seed17 255.719s
7352/8070 SUCCESS PPARA/PPARD 6LXA ZNDDRAUEVHSTJF-UHFFFAOYSA-N seed29 229.887s
7353/8070 SUCCESS PPARA/PPARD 6LXA ZNDDRAUEVHSTJF-UHFFFAOYSA-N seed101 233.737s
7354/8070 SUCCESS PPARA/PPARD 6LXA ZNDDRAUEVHSTJF-UHFFFAOYSA-N seed71 237.529s
7355/8070 SUCCESS PPARA/PPARD 6LXA ZNDDRAUEVHSTJF-UHFFFAOYSA-N seed42 258.061s
7356/8070 SUCCESS PPARA/PPARD 5U3Q ZNDDRAUEVHSTJF-UHFFFAOYSA-N seed17 212.987s
7357/8070 SUCCESS PPARA/PPARD 5U3Q ZNDDRAUEVHSTJF-UHFFFAOYSA-N seed29 215.708s
7358/8070 SUCCESS PPARA/PPARD 5U3Q ZNDDRAUEVHSTJF-UHFFFAOYSA-N seed42 229.818s
7359/8070 SUCCESS PPARA/PPARD 5U3Q ZNDDRAUEVHSTJF-UHFFFAOYSA-N seed71 224.088s
7360/8070 SUCCESS PPARA/PPARD 5U3Q ZNDDRAUEVHSTJF-UHFFFAOYSA-N seed101 229.077s
7361/8070 SUCCESS PPARA/PPARD 6LXA FPXPNQMJSUYWAC-UHFFFAOYSA-N seed29 227.697s
7362/8070 SUCCESS PPARA/PPARD 6LXA FPXPNQMJSUYWAC-UHFFFAOYSA-N seed17 265.489s
7363/8070 SUCCESS PPARA/PPARD 6LXA FPXPNQMJSUYWAC-UHFFFAOYSA-N seed42 234.86s
7364/8070 SUCCESS PPARA/PPARD 6LXA FPXPNQMJSUYWAC-UHFFFAOYSA-N seed71 221.483s
7365/8070 SUCCESS PPARA/PPARD 5U3Q FPXPNQMJSUYWAC-UHFFFAOYSA-N seed17 226.691s
7366/8070 SUCCESS PPARA/PPARD 6LXA FPXPNQMJSUYWAC-UHFFFAOYSA-N seed101 237.93s
7367/8070 SUCCESS PPARA/PPARD 5U3Q FPXPNQMJSUYWAC-UHFFFAOYSA-N seed29 216.507s
7368/8070 SUCCESS PPARA/PPARD 5U3Q FPXPNQMJSUYWAC-UHFFFAOYSA-N seed42 216.338s
7369/8070 SUCCESS PPARA/PPARD 5U3Q FPXPNQMJSUYWAC-UHFFFAOYSA-N seed71 222.774s
7370/8070 SUCCESS PPARA/PPARD 5U3Q FPXPNQMJSUYWAC-UHFFFAOYSA-N seed101 219.563s
7371/8070 SUCCESS PPARA/PPARD 6LXA MJHLFPYZTLHAHB-UHFFFAOYSA-N seed17 201.515s
7372/8070 SUCCESS PPARA/PPARD 6LXA MJHLFPYZTLHAHB-UHFFFAOYSA-N seed29 206.886s
7373/8070 SUCCESS PPARA/PPARD 6LXA MJHLFPYZTLHAHB-UHFFFAOYSA-N seed42 213.155s
7374/8070 SUCCESS PPARA/PPARD 6LXA MJHLFPYZTLHAHB-UHFFFAOYSA-N seed71 196.947s
7375/8070 SUCCESS PPARA/PPARD 6LXA MJHLFPYZTLHAHB-UHFFFAOYSA-N seed101 198.453s
7376/8070 SUCCESS PPARA/PPARD 5U3Q MJHLFPYZTLHAHB-UHFFFAOYSA-N seed17 167.957s
7377/8070 SUCCESS PPARA/PPARD 5U3Q MJHLFPYZTLHAHB-UHFFFAOYSA-N seed29 164.524s
7378/8070 SUCCESS PPARA/PPARD 5U3Q MJHLFPYZTLHAHB-UHFFFAOYSA-N seed42 168.047s
7379/8070 SUCCESS PPARA/PPARD 5U3Q MJHLFPYZTLHAHB-UHFFFAOYSA-N seed71 161.829s
7380/8070 SUCCESS PPARA/PPARD 5U3Q MJHLFPYZTLHAHB-UHFFFAOYSA-N seed101 164.957s
7381/8070 SUCCESS PPARA/PPARD 6LXA QRUJOOQWHBDHME-JOCHJYFZSA-N seed29 214.757s
7382/8070 SUCCESS PPARA/PPARD 6LXA QRUJOOQWHBDHME-JOCHJYFZSA-N seed17 241.761s
7383/8070 SUCCESS PPARA/PPARD 5U3Q QRUJOOQWHBDHME-JOCHJYFZSA-N seed17 184.649s
7384/8070 SUCCESS PPARA/PPARD 6LXA QRUJOOQWHBDHME-JOCHJYFZSA-N seed71 212.507s
7385/8070 SUCCESS PPARA/PPARD 6LXA QRUJOOQWHBDHME-JOCHJYFZSA-N seed101 223.318s
7386/8070 SUCCESS PPARA/PPARD 6LXA QRUJOOQWHBDHME-JOCHJYFZSA-N seed42 247.495s
7387/8070 SUCCESS PPARA/PPARD 5U3Q QRUJOOQWHBDHME-JOCHJYFZSA-N seed29 172.395s
7388/8070 SUCCESS PPARA/PPARD 5U3Q QRUJOOQWHBDHME-JOCHJYFZSA-N seed42 176.964s
7389/8070 SUCCESS PPARA/PPARD 6LXA NBCYDSVKELDZHZ-IBGZPJMESA-N seed17 150.699s
7390/8070 SUCCESS PPARA/PPARD 6LXA NBCYDSVKELDZHZ-IBGZPJMESA-N seed29 143.693s
7391/8070 SUCCESS PPARA/PPARD 5U3Q QRUJOOQWHBDHME-JOCHJYFZSA-N seed71 175.412s
7392/8070 SUCCESS PPARA/PPARD 5U3Q QRUJOOQWHBDHME-JOCHJYFZSA-N seed101 171.028s
7393/8070 SUCCESS PPARA/PPARD 6LXA NBCYDSVKELDZHZ-IBGZPJMESA-N seed42 135.83s
7394/8070 SUCCESS PPARA/PPARD 6LXA NBCYDSVKELDZHZ-IBGZPJMESA-N seed71 135.29s
7395/8070 SUCCESS PPARA/PPARD 5U3Q NBCYDSVKELDZHZ-IBGZPJMESA-N seed17 116.058s
7396/8070 SUCCESS PPARA/PPARD 5U3Q NBCYDSVKELDZHZ-IBGZPJMESA-N seed29 119.34s
7397/8070 SUCCESS PPARA/PPARD 5U3Q NBCYDSVKELDZHZ-IBGZPJMESA-N seed42 119.117s
7398/8070 SUCCESS PPARA/PPARD 6LXA NBCYDSVKELDZHZ-IBGZPJMESA-N seed101 136.168s
7399/8070 SUCCESS PPARA/PPARD 5U3Q NBCYDSVKELDZHZ-IBGZPJMESA-N seed71 121.525s
7400/8070 SUCCESS PPARA/PPARD 5U3Q NBCYDSVKELDZHZ-IBGZPJMESA-N seed101 119.208s
7401/8070 SUCCESS PPARA/PPARD 6LXA HBKNDUAKMHVGNM-SFHVURJKSA-N seed17 164.057s
7402/8070 SUCCESS PPARA/PPARD 6LXA HBKNDUAKMHVGNM-SFHVURJKSA-N seed42 159.537s
7403/8070 SUCCESS PPARA/PPARD 6LXA HBKNDUAKMHVGNM-SFHVURJKSA-N seed29 162.939s
7404/8070 SUCCESS PPARA/PPARD 6LXA HBKNDUAKMHVGNM-SFHVURJKSA-N seed71 175.153s
7405/8070 SUCCESS PPARA/PPARD 6LXA HBKNDUAKMHVGNM-SFHVURJKSA-N seed101 159.933s
7406/8070 SUCCESS PPARA/PPARD 5U3Q HBKNDUAKMHVGNM-SFHVURJKSA-N seed17 181.094s
7407/8070 SUCCESS PPARA/PPARD 5U3Q HBKNDUAKMHVGNM-SFHVURJKSA-N seed29 175.542s
7408/8070 SUCCESS PPARA/PPARD 5U3Q HBKNDUAKMHVGNM-SFHVURJKSA-N seed71 178.846s
7409/8070 SUCCESS PPARA/PPARD 5U3Q HBKNDUAKMHVGNM-SFHVURJKSA-N seed42 184.916s
7410/8070 SUCCESS PPARA/PPARD 5U3Q HBKNDUAKMHVGNM-SFHVURJKSA-N seed101 179.962s
7411/8070 SUCCESS PPARA/PPARD 6LXA JPMPBRCMWMZEJM-NRFANRHFSA-N seed17 154.082s
7412/8070 SUCCESS PPARA/PPARD 6LXA JPMPBRCMWMZEJM-NRFANRHFSA-N seed29 149.109s
7413/8070 SUCCESS PPARA/PPARD 6LXA JPMPBRCMWMZEJM-NRFANRHFSA-N seed42 162.159s
7414/8070 SUCCESS PPARA/PPARD 6LXA JPMPBRCMWMZEJM-NRFANRHFSA-N seed71 158.43s
7415/8070 SUCCESS PPARA/PPARD 6LXA JPMPBRCMWMZEJM-NRFANRHFSA-N seed101 162.29s
7416/8070 SUCCESS PPARA/PPARD 5U3Q JPMPBRCMWMZEJM-NRFANRHFSA-N seed17 164.154s
7417/8070 SUCCESS PPARA/PPARD 5U3Q JPMPBRCMWMZEJM-NRFANRHFSA-N seed29 162.299s
7418/8070 SUCCESS PPARA/PPARD 5U3Q JPMPBRCMWMZEJM-NRFANRHFSA-N seed42 162.181s
7419/8070 SUCCESS PPARA/PPARD 6LXA NDYAVUSEOIDPAZ-IBGZPJMESA-N seed17 131.882s
7420/8070 SUCCESS PPARA/PPARD 5U3Q JPMPBRCMWMZEJM-NRFANRHFSA-N seed101 157.372s
7421/8070 SUCCESS PPARA/PPARD 5U3Q JPMPBRCMWMZEJM-NRFANRHFSA-N seed71 162.441s
7422/8070 SUCCESS PPARA/PPARD 6LXA NDYAVUSEOIDPAZ-IBGZPJMESA-N seed29 145.032s
7423/8070 SUCCESS PPARA/PPARD 6LXA NDYAVUSEOIDPAZ-IBGZPJMESA-N seed42 136.857s
7424/8070 SUCCESS PPARA/PPARD 6LXA NDYAVUSEOIDPAZ-IBGZPJMESA-N seed71 143.076s
7425/8070 SUCCESS PPARA/PPARD 6LXA NDYAVUSEOIDPAZ-IBGZPJMESA-N seed101 129.044s
7426/8070 SUCCESS PPARA/PPARD 5U3Q NDYAVUSEOIDPAZ-IBGZPJMESA-N seed17 144.74s
7427/8070 SUCCESS PPARA/PPARD 5U3Q NDYAVUSEOIDPAZ-IBGZPJMESA-N seed29 145.773s
7428/8070 SUCCESS PPARA/PPARD 5U3Q NDYAVUSEOIDPAZ-IBGZPJMESA-N seed42 139.953s
7429/8070 SUCCESS PPARA/PPARD 5U3Q NDYAVUSEOIDPAZ-IBGZPJMESA-N seed71 139.723s
7430/8070 SUCCESS PPARA/PPARD 6LXA XNQKRHGPWPVZTM-SFHVURJKSA-N seed17 88.048s
7431/8070 SUCCESS PPARA/PPARD 5U3Q NDYAVUSEOIDPAZ-IBGZPJMESA-N seed101 144.55s
7432/8070 SUCCESS PPARA/PPARD 6LXA XNQKRHGPWPVZTM-SFHVURJKSA-N seed29 86.438s
7433/8070 SUCCESS PPARA/PPARD 6LXA XNQKRHGPWPVZTM-SFHVURJKSA-N seed42 88.988s
7434/8070 SUCCESS PPARA/PPARD 6LXA XNQKRHGPWPVZTM-SFHVURJKSA-N seed71 91.536s
7435/8070 SUCCESS PPARA/PPARD 6LXA XNQKRHGPWPVZTM-SFHVURJKSA-N seed101 84.525s
7436/8070 SUCCESS PPARA/PPARD 5U3Q XNQKRHGPWPVZTM-SFHVURJKSA-N seed17 77.484s
7437/8070 SUCCESS PPARA/PPARD 5U3Q XNQKRHGPWPVZTM-SFHVURJKSA-N seed29 78.15s
7438/8070 SUCCESS PPARA/PPARD 5U3Q XNQKRHGPWPVZTM-SFHVURJKSA-N seed42 80.501s
7439/8070 SUCCESS PPARA/PPARD 5U3Q XNQKRHGPWPVZTM-SFHVURJKSA-N seed71 79.639s
7440/8070 SUCCESS PPARA/PPARD 5U3Q XNQKRHGPWPVZTM-SFHVURJKSA-N seed101 78.795s
7441/8070 SUCCESS PPARA/PPARD 6LXA JPCMVIVXKCMDJB-UHFFFAOYSA-N seed17 169.572s
7442/8070 SUCCESS PPARA/PPARD 6LXA JPCMVIVXKCMDJB-UHFFFAOYSA-N seed29 171.34s
7443/8070 SUCCESS PPARA/PPARD 6LXA JPCMVIVXKCMDJB-UHFFFAOYSA-N seed42 160.986s
7444/8070 SUCCESS PPARA/PPARD 5U3Q JPCMVIVXKCMDJB-UHFFFAOYSA-N seed17 148.079s
7445/8070 SUCCESS PPARA/PPARD 6LXA JPCMVIVXKCMDJB-UHFFFAOYSA-N seed101 165.761s
7446/8070 SUCCESS PPARA/PPARD 6LXA JPCMVIVXKCMDJB-UHFFFAOYSA-N seed71 170.571s
7447/8070 SUCCESS PPARA/PPARD 6LXA ISEMTHSDRXTHAL-UHFFFAOYSA-N seed29 80.655s
7448/8070 SUCCESS PPARA/PPARD 6LXA ISEMTHSDRXTHAL-UHFFFAOYSA-N seed17 86.03s
7449/8070 SUCCESS PPARA/PPARD 5U3Q JPCMVIVXKCMDJB-UHFFFAOYSA-N seed29 150.158s
7450/8070 SUCCESS PPARA/PPARD 5U3Q JPCMVIVXKCMDJB-UHFFFAOYSA-N seed42 150.769s
7451/8070 SUCCESS PPARA/PPARD 5U3Q JPCMVIVXKCMDJB-UHFFFAOYSA-N seed101 139.828s
7452/8070 SUCCESS PPARA/PPARD 5U3Q JPCMVIVXKCMDJB-UHFFFAOYSA-N seed71 158.242s
7453/8070 SUCCESS PPARA/PPARD 6LXA ISEMTHSDRXTHAL-UHFFFAOYSA-N seed42 81.484s
7454/8070 SUCCESS PPARA/PPARD 6LXA ISEMTHSDRXTHAL-UHFFFAOYSA-N seed71 84.695s
7455/8070 SUCCESS PPARA/PPARD 6LXA ISEMTHSDRXTHAL-UHFFFAOYSA-N seed101 81.983s
7456/8070 SUCCESS PPARA/PPARD 5U3Q ISEMTHSDRXTHAL-UHFFFAOYSA-N seed17 79.999s
7457/8070 SUCCESS PPARA/PPARD 5U3Q ISEMTHSDRXTHAL-UHFFFAOYSA-N seed29 86.817s
7458/8070 SUCCESS PPARA/PPARD 5U3Q ISEMTHSDRXTHAL-UHFFFAOYSA-N seed42 83.703s
7459/8070 SUCCESS PPARA/PPARD 5U3Q ISEMTHSDRXTHAL-UHFFFAOYSA-N seed71 87.942s
7460/8070 SUCCESS PPARA/PPARD 5U3Q ISEMTHSDRXTHAL-UHFFFAOYSA-N seed101 84.702s
7461/8070 SUCCESS PPARA/PPARD 6LXA YDNAXUMKGRAZTP-UHFFFAOYSA-N seed29 209.241s
7462/8070 SUCCESS PPARA/PPARD 6LXA YDNAXUMKGRAZTP-UHFFFAOYSA-N seed17 223.654s
7463/8070 SUCCESS PPARA/PPARD 6LXA YDNAXUMKGRAZTP-UHFFFAOYSA-N seed42 201.954s
7464/8070 SUCCESS PPARA/PPARD 5U3Q YDNAXUMKGRAZTP-UHFFFAOYSA-N seed17 177.028s
7465/8070 SUCCESS PPARA/PPARD 6LXA YDNAXUMKGRAZTP-UHFFFAOYSA-N seed71 208.593s
7466/8070 SUCCESS PPARA/PPARD 6LXA YDNAXUMKGRAZTP-UHFFFAOYSA-N seed101 200.47s
7467/8070 SUCCESS PPARA/PPARD 5U3Q YDNAXUMKGRAZTP-UHFFFAOYSA-N seed29 179.16s
7468/8070 SUCCESS PPARA/PPARD 5U3Q YDNAXUMKGRAZTP-UHFFFAOYSA-N seed42 176.488s
7469/8070 SUCCESS PPARA/PPARD 5U3Q YDNAXUMKGRAZTP-UHFFFAOYSA-N seed71 175.749s
7470/8070 SUCCESS PPARA/PPARD 5U3Q YDNAXUMKGRAZTP-UHFFFAOYSA-N seed101 175.357s
7471/8070 SUCCESS PPARA/PPARD 6LXA BONGLINICVKANL-UHFFFAOYSA-N seed17 180.013s
7472/8070 SUCCESS PPARA/PPARD 6LXA BONGLINICVKANL-UHFFFAOYSA-N seed29 165.657s
7473/8070 SUCCESS PPARA/PPARD 6LXA BONGLINICVKANL-UHFFFAOYSA-N seed42 167.33s
7474/8070 SUCCESS PPARA/PPARD 6LXA BONGLINICVKANL-UHFFFAOYSA-N seed71 167.704s
7475/8070 SUCCESS PPARA/PPARD 6LXA BONGLINICVKANL-UHFFFAOYSA-N seed101 165.47s
7476/8070 SUCCESS PPARA/PPARD 5U3Q BONGLINICVKANL-UHFFFAOYSA-N seed17 175.457s
7477/8070 SUCCESS PPARA/PPARD 5U3Q BONGLINICVKANL-UHFFFAOYSA-N seed29 174.535s
7478/8070 SUCCESS PPARA/PPARD 5U3Q BONGLINICVKANL-UHFFFAOYSA-N seed42 190.6s
7479/8070 SUCCESS PPARA/PPARD 6LXA WYKMVJDPCICIAZ-UHFFFAOYSA-N seed17 156.876s
7480/8070 SUCCESS PPARA/PPARD 5U3Q BONGLINICVKANL-UHFFFAOYSA-N seed71 171.546s
7481/8070 SUCCESS PPARA/PPARD 5U3Q BONGLINICVKANL-UHFFFAOYSA-N seed101 171.868s
7482/8070 SUCCESS PPARA/PPARD 6LXA WYKMVJDPCICIAZ-UHFFFAOYSA-N seed29 159.21s
7483/8070 SUCCESS PPARA/PPARD 6LXA WYKMVJDPCICIAZ-UHFFFAOYSA-N seed42 154.503s
7484/8070 SUCCESS PPARA/PPARD 6LXA WYKMVJDPCICIAZ-UHFFFAOYSA-N seed71 156.138s
7485/8070 SUCCESS PPARA/PPARD 6LXA WYKMVJDPCICIAZ-UHFFFAOYSA-N seed101 149.195s
7486/8070 SUCCESS PPARA/PPARD 5U3Q WYKMVJDPCICIAZ-UHFFFAOYSA-N seed29 164.762s
7487/8070 SUCCESS PPARA/PPARD 5U3Q WYKMVJDPCICIAZ-UHFFFAOYSA-N seed17 173.509s
7488/8070 SUCCESS PPARA/PPARD 5U3Q WYKMVJDPCICIAZ-UHFFFAOYSA-N seed42 162.92s
7489/8070 SUCCESS PPARA/PPARD 5U3Q WYKMVJDPCICIAZ-UHFFFAOYSA-N seed71 165.504s
7490/8070 SUCCESS PPARA/PPARD 5U3Q WYKMVJDPCICIAZ-UHFFFAOYSA-N seed101 173.325s
7491/8070 SUCCESS PPARA/PPARD 6LXA CEQIFVNZZJWOTJ-KRWDZBQOSA-N seed17 246.717s
7492/8070 SUCCESS PPARA/PPARD 6LXA CEQIFVNZZJWOTJ-KRWDZBQOSA-N seed29 237.001s
7493/8070 SUCCESS PPARA/PPARD 6LXA CEQIFVNZZJWOTJ-KRWDZBQOSA-N seed42 245.363s
7494/8070 SUCCESS PPARA/PPARD 6LXA CEQIFVNZZJWOTJ-KRWDZBQOSA-N seed101 235.127s
7495/8070 SUCCESS PPARA/PPARD 6LXA CEQIFVNZZJWOTJ-KRWDZBQOSA-N seed71 247.922s
7496/8070 SUCCESS PPARA/PPARD 5U3Q CEQIFVNZZJWOTJ-KRWDZBQOSA-N seed17 246.622s
7497/8070 SUCCESS PPARA/PPARD 6LXA BUSSTZHQFNNSKW-UHFFFAOYSA-N seed17 141.991s
7498/8070 SUCCESS PPARA/PPARD 6LXA BUSSTZHQFNNSKW-UHFFFAOYSA-N seed29 136.372s
7499/8070 SUCCESS PPARA/PPARD 5U3Q CEQIFVNZZJWOTJ-KRWDZBQOSA-N seed29 242.885s
7500/8070 SUCCESS PPARA/PPARD 5U3Q CEQIFVNZZJWOTJ-KRWDZBQOSA-N seed42 251.877s
7501/8070 SUCCESS PPARA/PPARD 5U3Q CEQIFVNZZJWOTJ-KRWDZBQOSA-N seed71 242.087s
7502/8070 SUCCESS PPARA/PPARD 5U3Q CEQIFVNZZJWOTJ-KRWDZBQOSA-N seed101 244.358s
7503/8070 SUCCESS PPARA/PPARD 6LXA BUSSTZHQFNNSKW-UHFFFAOYSA-N seed42 142.731s
7504/8070 SUCCESS PPARA/PPARD 6LXA BUSSTZHQFNNSKW-UHFFFAOYSA-N seed71 134.108s
7505/8070 SUCCESS PPARA/PPARD 5U3Q BUSSTZHQFNNSKW-UHFFFAOYSA-N seed17 94.068s
7506/8070 SUCCESS PPARA/PPARD 5U3Q BUSSTZHQFNNSKW-UHFFFAOYSA-N seed42 90.945s
7507/8070 SUCCESS PPARA/PPARD 5U3Q BUSSTZHQFNNSKW-UHFFFAOYSA-N seed29 94.458s
7508/8070 SUCCESS PPARA/PPARD 6LXA BUSSTZHQFNNSKW-UHFFFAOYSA-N seed101 133.8s
7509/8070 SUCCESS PPARA/PPARD 5U3Q BUSSTZHQFNNSKW-UHFFFAOYSA-N seed71 95.543s
7510/8070 SUCCESS PPARA/PPARD 5U3Q BUSSTZHQFNNSKW-UHFFFAOYSA-N seed101 96.208s
7511/8070 SUCCESS PPARA/PPARD 6LXA ODBGJCNTAVPIQW-UHFFFAOYSA-N seed29 114.6s
7512/8070 SUCCESS PPARA/PPARD 6LXA ODBGJCNTAVPIQW-UHFFFAOYSA-N seed17 124.747s
7513/8070 SUCCESS PPARA/PPARD 6LXA ODBGJCNTAVPIQW-UHFFFAOYSA-N seed42 127.062s
7514/8070 SUCCESS PPARA/PPARD 6LXA ODBGJCNTAVPIQW-UHFFFAOYSA-N seed71 117.546s
7515/8070 SUCCESS PPARA/PPARD 5U3Q ODBGJCNTAVPIQW-UHFFFAOYSA-N seed17 91.346s
7516/8070 SUCCESS PPARA/PPARD 6LXA ODBGJCNTAVPIQW-UHFFFAOYSA-N seed101 115.523s
7517/8070 SUCCESS PPARA/PPARD 5U3Q ODBGJCNTAVPIQW-UHFFFAOYSA-N seed42 90.855s
7518/8070 SUCCESS PPARA/PPARD 5U3Q ODBGJCNTAVPIQW-UHFFFAOYSA-N seed29 96.098s
7519/8070 SUCCESS PPARA/PPARD 5U3Q ODBGJCNTAVPIQW-UHFFFAOYSA-N seed71 93.052s
7520/8070 SUCCESS PPARA/PPARD 5U3Q ODBGJCNTAVPIQW-UHFFFAOYSA-N seed101 91.879s
7521/8070 SUCCESS PPARA/PPARD 6LXA WFLQKKNSBAQKPU-UHFFFAOYSA-N seed17 132.258s
7522/8070 SUCCESS PPARA/PPARD 6LXA WFLQKKNSBAQKPU-UHFFFAOYSA-N seed29 139.582s
7523/8070 SUCCESS PPARA/PPARD 5U3Q WFLQKKNSBAQKPU-UHFFFAOYSA-N seed17 93.532s
7524/8070 SUCCESS PPARA/PPARD 6LXA WFLQKKNSBAQKPU-UHFFFAOYSA-N seed42 127.698s
7525/8070 SUCCESS PPARA/PPARD 6LXA WFLQKKNSBAQKPU-UHFFFAOYSA-N seed71 127.492s
7526/8070 SUCCESS PPARA/PPARD 6LXA WFLQKKNSBAQKPU-UHFFFAOYSA-N seed101 127.056s
7527/8070 SUCCESS PPARA/PPARD 5U3Q WFLQKKNSBAQKPU-UHFFFAOYSA-N seed29 93.583s
7528/8070 SUCCESS PPARA/PPARD 5U3Q WFLQKKNSBAQKPU-UHFFFAOYSA-N seed42 97.588s
7529/8070 SUCCESS PPARA/PPARD 5U3Q WFLQKKNSBAQKPU-UHFFFAOYSA-N seed71 92.388s
7530/8070 SUCCESS PPARA/PPARD 5U3Q WFLQKKNSBAQKPU-UHFFFAOYSA-N seed101 91.665s
7531/8070 SUCCESS PPARA/PPARD 6LXA JRLWCVYDISBEGH-UHFFFAOYSA-N seed17 124.011s
7532/8070 SUCCESS PPARA/PPARD 6LXA JRLWCVYDISBEGH-UHFFFAOYSA-N seed29 143.8s
7533/8070 SUCCESS PPARA/PPARD 6LXA JRLWCVYDISBEGH-UHFFFAOYSA-N seed42 135.972s
7534/8070 SUCCESS PPARA/PPARD 6LXA JRLWCVYDISBEGH-UHFFFAOYSA-N seed71 133.86s
7535/8070 SUCCESS PPARA/PPARD 6LXA JRLWCVYDISBEGH-UHFFFAOYSA-N seed101 129.563s
7536/8070 SUCCESS PPARA/PPARD 5U3Q JRLWCVYDISBEGH-UHFFFAOYSA-N seed17 119.341s
7537/8070 SUCCESS PPARA/PPARD 5U3Q JRLWCVYDISBEGH-UHFFFAOYSA-N seed29 105.046s
7538/8070 SUCCESS PPARA/PPARD 5U3Q JRLWCVYDISBEGH-UHFFFAOYSA-N seed42 104.498s
7539/8070 SUCCESS PPARA/PPARD 5U3Q JRLWCVYDISBEGH-UHFFFAOYSA-N seed71 111.587s
7540/8070 SUCCESS PPARA/PPARD 5U3Q JRLWCVYDISBEGH-UHFFFAOYSA-N seed101 106.407s
7541/8070 SUCCESS PPARA/PPARD 6LXA JFUVFUCRMGFVPT-UHFFFAOYSA-N seed17 149.197s
7542/8070 SUCCESS PPARA/PPARD 6LXA JFUVFUCRMGFVPT-UHFFFAOYSA-N seed29 143.051s
7543/8070 SUCCESS PPARA/PPARD 6LXA JFUVFUCRMGFVPT-UHFFFAOYSA-N seed42 147.328s
7544/8070 SUCCESS PPARA/PPARD 6LXA JFUVFUCRMGFVPT-UHFFFAOYSA-N seed71 149.67s
7545/8070 SUCCESS PPARA/PPARD 6LXA JFUVFUCRMGFVPT-UHFFFAOYSA-N seed101 143.812s
7546/8070 SUCCESS PPARA/PPARD 5U3Q JFUVFUCRMGFVPT-UHFFFAOYSA-N seed17 135.739s
7547/8070 SUCCESS PPARA/PPARD 5U3Q JFUVFUCRMGFVPT-UHFFFAOYSA-N seed29 133.916s
7548/8070 SUCCESS PPARA/PPARD 5U3Q JFUVFUCRMGFVPT-UHFFFAOYSA-N seed42 135.467s
7549/8070 SUCCESS PPARA/PPARD 5U3Q JFUVFUCRMGFVPT-UHFFFAOYSA-N seed71 127.932s
7550/8070 SUCCESS PPARA/PPARD 5U3Q JFUVFUCRMGFVPT-UHFFFAOYSA-N seed101 132.411s
7551/8070 SUCCESS PPARA/PPARD 6LXA KUARAUXPEGUHNO-UHFFFAOYSA-N seed29 122.79s
7552/8070 SUCCESS PPARA/PPARD 6LXA KUARAUXPEGUHNO-UHFFFAOYSA-N seed17 134.796s
7553/8070 SUCCESS PPARA/PPARD 6LXA KUARAUXPEGUHNO-UHFFFAOYSA-N seed71 120.883s
7554/8070 SUCCESS PPARA/PPARD 6LXA KUARAUXPEGUHNO-UHFFFAOYSA-N seed42 128.509s
7555/8070 SUCCESS PPARA/PPARD 6LXA KUARAUXPEGUHNO-UHFFFAOYSA-N seed101 123.175s
7556/8070 SUCCESS PPARA/PPARD 5U3Q KUARAUXPEGUHNO-UHFFFAOYSA-N seed17 108.732s
7557/8070 SUCCESS PPARA/PPARD 5U3Q KUARAUXPEGUHNO-UHFFFAOYSA-N seed29 110.296s
7558/8070 SUCCESS PPARA/PPARD 5U3Q KUARAUXPEGUHNO-UHFFFAOYSA-N seed42 106.087s
7559/8070 SUCCESS PPARA/PPARD 5U3Q KUARAUXPEGUHNO-UHFFFAOYSA-N seed101 106.66s
7560/8070 SUCCESS PPARA/PPARD 5U3Q KUARAUXPEGUHNO-UHFFFAOYSA-N seed71 119.609s
7561/8070 SUCCESS PPARA/PPARD 6LXA NIPHPZHHUCNETC-UHFFFAOYSA-N seed17 203.3s
7562/8070 SUCCESS PPARA/PPARD 6LXA NIPHPZHHUCNETC-UHFFFAOYSA-N seed29 204.606s
7563/8070 SUCCESS PPARA/PPARD 6LXA NIPHPZHHUCNETC-UHFFFAOYSA-N seed71 185.539s
7564/8070 SUCCESS PPARA/PPARD 6LXA NIPHPZHHUCNETC-UHFFFAOYSA-N seed42 192.838s
7565/8070 SUCCESS PPARA/PPARD 5U3Q NIPHPZHHUCNETC-UHFFFAOYSA-N seed17 190.876s
7566/8070 SUCCESS PPARA/PPARD 6LXA NIPHPZHHUCNETC-UHFFFAOYSA-N seed101 206.258s
7567/8070 SUCCESS PPARA/PPARD 5U3Q NIPHPZHHUCNETC-UHFFFAOYSA-N seed29 195.058s
7568/8070 SUCCESS PPARA/PPARD 5U3Q NIPHPZHHUCNETC-UHFFFAOYSA-N seed42 194.598s
7569/8070 SUCCESS PPARA/PPARD 6LXA CSDWIBHREUDPME-UHFFFAOYSA-N seed17 132.37s
7570/8070 SUCCESS PPARA/PPARD 5U3Q NIPHPZHHUCNETC-UHFFFAOYSA-N seed71 193.169s
7571/8070 SUCCESS PPARA/PPARD 6LXA CSDWIBHREUDPME-UHFFFAOYSA-N seed29 136.207s
7572/8070 SUCCESS PPARA/PPARD 5U3Q NIPHPZHHUCNETC-UHFFFAOYSA-N seed101 199.761s
7573/8070 SUCCESS PPARA/PPARD 6LXA CSDWIBHREUDPME-UHFFFAOYSA-N seed42 141.729s
7574/8070 SUCCESS PPARA/PPARD 6LXA CSDWIBHREUDPME-UHFFFAOYSA-N seed101 134.154s
7575/8070 SUCCESS PPARA/PPARD 6LXA CSDWIBHREUDPME-UHFFFAOYSA-N seed71 146.113s
7576/8070 SUCCESS PPARA/PPARD 5U3Q CSDWIBHREUDPME-UHFFFAOYSA-N seed17 136.784s
7577/8070 SUCCESS PPARA/PPARD 5U3Q CSDWIBHREUDPME-UHFFFAOYSA-N seed29 143.144s
7578/8070 SUCCESS PPARA/PPARD 5U3Q CSDWIBHREUDPME-UHFFFAOYSA-N seed42 142.667s
7579/8070 SUCCESS PPARA/PPARD 5U3Q CSDWIBHREUDPME-UHFFFAOYSA-N seed71 152.926s
7580/8070 SUCCESS PPARA/PPARD 6LXA BZYLNONMQIRLBA-UHFFFAOYSA-N seed29 127.681s
7581/8070 SUCCESS PPARA/PPARD 6LXA BZYLNONMQIRLBA-UHFFFAOYSA-N seed17 130.669s
7582/8070 SUCCESS PPARA/PPARD 5U3Q CSDWIBHREUDPME-UHFFFAOYSA-N seed101 137.792s
7583/8070 SUCCESS PPARA/PPARD 6LXA BZYLNONMQIRLBA-UHFFFAOYSA-N seed42 127.023s
7584/8070 SUCCESS PPARA/PPARD 6LXA BZYLNONMQIRLBA-UHFFFAOYSA-N seed71 124.547s
7585/8070 SUCCESS PPARA/PPARD 5U3Q BZYLNONMQIRLBA-UHFFFAOYSA-N seed17 91.35s
7586/8070 SUCCESS PPARA/PPARD 5U3Q BZYLNONMQIRLBA-UHFFFAOYSA-N seed42 91.328s
7587/8070 SUCCESS PPARA/PPARD 5U3Q BZYLNONMQIRLBA-UHFFFAOYSA-N seed29 94.981s
7588/8070 SUCCESS PPARA/PPARD 5U3Q BZYLNONMQIRLBA-UHFFFAOYSA-N seed71 95.119s
7589/8070 SUCCESS PPARA/PPARD 5U3Q BZYLNONMQIRLBA-UHFFFAOYSA-N seed101 93.815s
7590/8070 SUCCESS PPARA/PPARD 6LXA BZYLNONMQIRLBA-UHFFFAOYSA-N seed101 125.084s
7591/8070 SUCCESS PPARA/PPARD 6LXA RSMCCEMRGNFJPV-UHFFFAOYSA-N seed17 133.365s
7592/8070 SUCCESS PPARA/PPARD 6LXA RSMCCEMRGNFJPV-UHFFFAOYSA-N seed29 136.418s
7593/8070 SUCCESS PPARA/PPARD 6LXA RSMCCEMRGNFJPV-UHFFFAOYSA-N seed42 140.286s
7594/8070 SUCCESS PPARA/PPARD 5U3Q RSMCCEMRGNFJPV-UHFFFAOYSA-N seed17 115.757s
7595/8070 SUCCESS PPARA/PPARD 6LXA RSMCCEMRGNFJPV-UHFFFAOYSA-N seed71 134.957s
7596/8070 SUCCESS PPARA/PPARD 6LXA RSMCCEMRGNFJPV-UHFFFAOYSA-N seed101 133.913s
7597/8070 SUCCESS PPARA/PPARD 5U3Q RSMCCEMRGNFJPV-UHFFFAOYSA-N seed42 102.799s
7598/8070 SUCCESS PPARA/PPARD 5U3Q RSMCCEMRGNFJPV-UHFFFAOYSA-N seed29 114.296s
7599/8070 SUCCESS PPARA/PPARD 5U3Q RSMCCEMRGNFJPV-UHFFFAOYSA-N seed101 107.566s
7600/8070 SUCCESS PPARA/PPARD 5U3Q RSMCCEMRGNFJPV-UHFFFAOYSA-N seed71 114.389s
7601/8070 SUCCESS PPARA/PPARD 6LXA KAGLXEKIFXHEMB-UHFFFAOYSA-N seed29 277.045s
7602/8070 SUCCESS PPARA/PPARD 6LXA KAGLXEKIFXHEMB-UHFFFAOYSA-N seed17 314.262s
7603/8070 SUCCESS PPARA/PPARD 5U3Q KAGLXEKIFXHEMB-UHFFFAOYSA-N seed17 257.598s
7604/8070 SUCCESS PPARA/PPARD 6LXA KAGLXEKIFXHEMB-UHFFFAOYSA-N seed71 285.169s
7605/8070 SUCCESS PPARA/PPARD 6LXA KAGLXEKIFXHEMB-UHFFFAOYSA-N seed101 285.183s
7606/8070 SUCCESS PPARA/PPARD 6LXA KAGLXEKIFXHEMB-UHFFFAOYSA-N seed42 305.143s
7607/8070 SUCCESS PPARA/PPARD 6LXA KOKMBZJOVKNCIL-PCLIKHOPSA-N seed29 129.382s
7608/8070 SUCCESS PPARA/PPARD 6LXA KOKMBZJOVKNCIL-PCLIKHOPSA-N seed17 138.223s
7609/8070 SUCCESS PPARA/PPARD 5U3Q KAGLXEKIFXHEMB-UHFFFAOYSA-N seed29 265.613s
7610/8070 SUCCESS PPARA/PPARD 5U3Q KAGLXEKIFXHEMB-UHFFFAOYSA-N seed42 259.884s
7611/8070 SUCCESS PPARA/PPARD 5U3Q KAGLXEKIFXHEMB-UHFFFAOYSA-N seed71 239.545s
7612/8070 SUCCESS PPARA/PPARD 5U3Q KAGLXEKIFXHEMB-UHFFFAOYSA-N seed101 262.977s
7613/8070 SUCCESS PPARA/PPARD 6LXA KOKMBZJOVKNCIL-PCLIKHOPSA-N seed42 125.61s
7614/8070 SUCCESS PPARA/PPARD 6LXA KOKMBZJOVKNCIL-PCLIKHOPSA-N seed71 131.741s
7615/8070 SUCCESS PPARA/PPARD 6LXA KOKMBZJOVKNCIL-PCLIKHOPSA-N seed101 127.172s
7616/8070 SUCCESS PPARA/PPARD 5U3Q KOKMBZJOVKNCIL-PCLIKHOPSA-N seed17 131.724s
7617/8070 SUCCESS PPARA/PPARD 5U3Q KOKMBZJOVKNCIL-PCLIKHOPSA-N seed29 140.371s
7618/8070 SUCCESS PPARA/PPARD 5U3Q KOKMBZJOVKNCIL-PCLIKHOPSA-N seed42 142.928s
7619/8070 SUCCESS PPARA/PPARD 5U3Q KOKMBZJOVKNCIL-PCLIKHOPSA-N seed101 136.499s
7620/8070 SUCCESS PPARA/PPARD 5U3Q KOKMBZJOVKNCIL-PCLIKHOPSA-N seed71 148.681s
7621/8070 SUCCESS PPARA/PPARD 6LXA XNGZNUAVYKUZJL-UHFFFAOYSA-N seed17 220.875s
7622/8070 SUCCESS PPARA/PPARD 6LXA XNGZNUAVYKUZJL-UHFFFAOYSA-N seed29 235.411s
7623/8070 SUCCESS PPARA/PPARD 6LXA XNGZNUAVYKUZJL-UHFFFAOYSA-N seed42 214.568s
7624/8070 SUCCESS PPARA/PPARD 6LXA XNGZNUAVYKUZJL-UHFFFAOYSA-N seed71 207.364s
7625/8070 SUCCESS PPARA/PPARD 6LXA XNGZNUAVYKUZJL-UHFFFAOYSA-N seed101 201.645s
7626/8070 SUCCESS PPARA/PPARD 5U3Q XNGZNUAVYKUZJL-UHFFFAOYSA-N seed17 218.366s
7627/8070 SUCCESS PPARA/PPARD 5U3Q XNGZNUAVYKUZJL-UHFFFAOYSA-N seed29 223.049s
7628/8070 SUCCESS PPARA/PPARD 5U3Q XNGZNUAVYKUZJL-UHFFFAOYSA-N seed42 229.384s
7629/8070 SUCCESS PPARA/PPARD 5U3Q XNGZNUAVYKUZJL-UHFFFAOYSA-N seed71 224.562s
7630/8070 SUCCESS PPARA/PPARD 5U3Q XNGZNUAVYKUZJL-UHFFFAOYSA-N seed101 221.576s
7631/8070 SUCCESS PPARA/PPARD 6LXA RAQQNCJUGFKYOL-UHFFFAOYSA-N seed17 226.277s
7632/8070 SUCCESS PPARA/PPARD 6LXA RAQQNCJUGFKYOL-UHFFFAOYSA-N seed29 221.77s
7633/8070 SUCCESS PPARA/PPARD 6LXA RAQQNCJUGFKYOL-UHFFFAOYSA-N seed42 239.541s
7634/8070 SUCCESS PPARA/PPARD 6LXA RAQQNCJUGFKYOL-UHFFFAOYSA-N seed71 221.42s
7635/8070 SUCCESS PPARA/PPARD 6LXA RAQQNCJUGFKYOL-UHFFFAOYSA-N seed101 218.684s
7636/8070 SUCCESS PPARA/PPARD 5U3Q RAQQNCJUGFKYOL-UHFFFAOYSA-N seed17 227.568s
7637/8070 SUCCESS PPARA/PPARD 5U3Q RAQQNCJUGFKYOL-UHFFFAOYSA-N seed29 225.732s
7638/8070 SUCCESS PPARA/PPARD 5U3Q RAQQNCJUGFKYOL-UHFFFAOYSA-N seed42 220.45s
7639/8070 SUCCESS PPARA/PPARD 6LXA BCZXWVFNOOINGV-UHFFFAOYSA-N seed17 150.268s
7640/8070 SUCCESS PPARA/PPARD 5U3Q RAQQNCJUGFKYOL-UHFFFAOYSA-N seed71 228.484s
7641/8070 SUCCESS PPARA/PPARD 6LXA BCZXWVFNOOINGV-UHFFFAOYSA-N seed29 145.039s
7642/8070 SUCCESS PPARA/PPARD 6LXA BCZXWVFNOOINGV-UHFFFAOYSA-N seed42 145.08s
7643/8070 SUCCESS PPARA/PPARD 6LXA BCZXWVFNOOINGV-UHFFFAOYSA-N seed71 144.816s
7644/8070 SUCCESS PPARA/PPARD 5U3Q RAQQNCJUGFKYOL-UHFFFAOYSA-N seed101 239.207s
7645/8070 SUCCESS PPARA/PPARD 6LXA BCZXWVFNOOINGV-UHFFFAOYSA-N seed101 146.43s
7646/8070 SUCCESS PPARA/PPARD 5U3Q BCZXWVFNOOINGV-UHFFFAOYSA-N seed17 133.413s
7647/8070 SUCCESS PPARA/PPARD 5U3Q BCZXWVFNOOINGV-UHFFFAOYSA-N seed29 133.558s
7648/8070 SUCCESS PPARA/PPARD 5U3Q BCZXWVFNOOINGV-UHFFFAOYSA-N seed42 137.534s
7649/8070 SUCCESS PPARA/PPARD 5U3Q BCZXWVFNOOINGV-UHFFFAOYSA-N seed71 132.114s
7650/8070 SUCCESS PPARA/PPARD 5U3Q BCZXWVFNOOINGV-UHFFFAOYSA-N seed101 133.929s
7651/8070 SUCCESS PPARA/PPARD 6LXA NSJOUOFECXFWLG-UHFFFAOYSA-N seed17 180.774s
7652/8070 SUCCESS PPARA/PPARD 6LXA NSJOUOFECXFWLG-UHFFFAOYSA-N seed29 172.518s
7653/8070 SUCCESS PPARA/PPARD 6LXA NSJOUOFECXFWLG-UHFFFAOYSA-N seed42 163.572s
7654/8070 SUCCESS PPARA/PPARD 6LXA NSJOUOFECXFWLG-UHFFFAOYSA-N seed71 172.818s
7655/8070 SUCCESS PPARA/PPARD 5U3Q NSJOUOFECXFWLG-UHFFFAOYSA-N seed17 159.387s
7656/8070 SUCCESS PPARA/PPARD 6LXA NSJOUOFECXFWLG-UHFFFAOYSA-N seed101 189.857s
7657/8070 SUCCESS PPARA/PPARD 5U3Q NSJOUOFECXFWLG-UHFFFAOYSA-N seed29 165.876s
7658/8070 SUCCESS PPARA/PPARD 5U3Q NSJOUOFECXFWLG-UHFFFAOYSA-N seed71 178.906s
7659/8070 SUCCESS PPARA/PPARD 5U3Q NSJOUOFECXFWLG-UHFFFAOYSA-N seed101 168.425s
7660/8070 SUCCESS PPARA/PPARD 5U3Q NSJOUOFECXFWLG-UHFFFAOYSA-N seed42 188.493s
7661/8070 SUCCESS PPARA/PPARD 6LXA JLAXJZRUAXLLMT-SANMLTNESA-N seed17 223.88s
7662/8070 SUCCESS PPARA/PPARD 6LXA JLAXJZRUAXLLMT-SANMLTNESA-N seed29 247.492s
7663/8070 SUCCESS PPARA/PPARD 6LXA JLAXJZRUAXLLMT-SANMLTNESA-N seed42 241.598s
7664/8070 SUCCESS PPARA/PPARD 6LXA JLAXJZRUAXLLMT-SANMLTNESA-N seed101 227.483s
7665/8070 SUCCESS PPARA/PPARD 6LXA JLAXJZRUAXLLMT-SANMLTNESA-N seed71 234.178s
7666/8070 SUCCESS PPARA/PPARD 5U3Q JLAXJZRUAXLLMT-SANMLTNESA-N seed17 231.331s
7667/8070 SUCCESS PPARA/PPARD 5U3Q JLAXJZRUAXLLMT-SANMLTNESA-N seed29 232.24s
7668/8070 SUCCESS PPARA/PPARD 5U3Q JLAXJZRUAXLLMT-SANMLTNESA-N seed42 223.208s
7669/8070 SUCCESS PPARA/PPARD 6LXA FAQHMFAPRWBDDB-UHFFFAOYSA-N seed29 166.376s
7670/8070 SUCCESS PPARA/PPARD 6LXA FAQHMFAPRWBDDB-UHFFFAOYSA-N seed17 176.864s
7671/8070 SUCCESS PPARA/PPARD 5U3Q JLAXJZRUAXLLMT-SANMLTNESA-N seed71 227.357s
7672/8070 SUCCESS PPARA/PPARD 5U3Q JLAXJZRUAXLLMT-SANMLTNESA-N seed101 228.893s
7673/8070 SUCCESS PPARA/PPARD 6LXA FAQHMFAPRWBDDB-UHFFFAOYSA-N seed42 164.663s
7674/8070 SUCCESS PPARA/PPARD 6LXA FAQHMFAPRWBDDB-UHFFFAOYSA-N seed71 188.051s
7675/8070 SUCCESS PPARA/PPARD 5U3Q FAQHMFAPRWBDDB-UHFFFAOYSA-N seed17 152.747s
7676/8070 SUCCESS PPARA/PPARD 6LXA FAQHMFAPRWBDDB-UHFFFAOYSA-N seed101 168.198s
7677/8070 SUCCESS PPARA/PPARD 5U3Q FAQHMFAPRWBDDB-UHFFFAOYSA-N seed29 152.062s
7678/8070 SUCCESS PPARA/PPARD 5U3Q FAQHMFAPRWBDDB-UHFFFAOYSA-N seed42 150.437s
7679/8070 SUCCESS PPARA/PPARD 5U3Q FAQHMFAPRWBDDB-UHFFFAOYSA-N seed71 152.856s
7680/8070 SUCCESS PPARA/PPARD 5U3Q FAQHMFAPRWBDDB-UHFFFAOYSA-N seed101 159.24s
7681/8070 SUCCESS PPARA/PPARD 6LXA SUSIJEPKDLCOFC-UHFFFAOYSA-N seed29 150.003s
7682/8070 SUCCESS PPARA/PPARD 6LXA SUSIJEPKDLCOFC-UHFFFAOYSA-N seed17 159.642s
7683/8070 SUCCESS PPARA/PPARD 6LXA SUSIJEPKDLCOFC-UHFFFAOYSA-N seed42 152.216s
7684/8070 SUCCESS PPARA/PPARD 6LXA SUSIJEPKDLCOFC-UHFFFAOYSA-N seed71 147.339s
7685/8070 SUCCESS PPARA/PPARD 6LXA SUSIJEPKDLCOFC-UHFFFAOYSA-N seed101 151.804s
7686/8070 SUCCESS PPARA/PPARD 5U3Q SUSIJEPKDLCOFC-UHFFFAOYSA-N seed17 142.656s
7687/8070 SUCCESS PPARA/PPARD 5U3Q SUSIJEPKDLCOFC-UHFFFAOYSA-N seed42 141.484s
7688/8070 SUCCESS PPARA/PPARD 5U3Q SUSIJEPKDLCOFC-UHFFFAOYSA-N seed29 142.253s
7689/8070 SUCCESS PPARA/PPARD 5U3Q SUSIJEPKDLCOFC-UHFFFAOYSA-N seed71 145.949s
7690/8070 SUCCESS PPARA/PPARD 5U3Q SUSIJEPKDLCOFC-UHFFFAOYSA-N seed101 152.455s
7691/8070 SUCCESS PPARA/PPARD 6LXA IAFVOFFJCUHEHP-NRFANRHFSA-N seed17 256.099s
7692/8070 SUCCESS PPARA/PPARD 6LXA IAFVOFFJCUHEHP-NRFANRHFSA-N seed29 246.883s
7693/8070 SUCCESS PPARA/PPARD 6LXA IAFVOFFJCUHEHP-NRFANRHFSA-N seed42 246.945s
7694/8070 SUCCESS PPARA/PPARD 6LXA IAFVOFFJCUHEHP-NRFANRHFSA-N seed71 254.39s
7695/8070 SUCCESS PPARA/PPARD 5U3Q IAFVOFFJCUHEHP-NRFANRHFSA-N seed17 215.295s
7696/8070 SUCCESS PPARA/PPARD 6LXA IAFVOFFJCUHEHP-NRFANRHFSA-N seed101 239.575s
7697/8070 SUCCESS PPARA/PPARD 5U3Q IAFVOFFJCUHEHP-NRFANRHFSA-N seed29 252.485s
7698/8070 SUCCESS PPARA/PPARD 5U3Q IAFVOFFJCUHEHP-NRFANRHFSA-N seed42 230.819s
7699/8070 SUCCESS PPARA/PPARD 5U3Q IAFVOFFJCUHEHP-NRFANRHFSA-N seed71 240.519s
7700/8070 SUCCESS PPARA/PPARD 5U3Q IAFVOFFJCUHEHP-NRFANRHFSA-N seed101 234.297s
7701/8070 SUCCESS PPARA/PPARD 6LXA BOIFMTPHEQFLJE-NRFANRHFSA-N seed17 339.382s
7702/8070 SUCCESS PPARA/PPARD 6LXA BOIFMTPHEQFLJE-NRFANRHFSA-N seed29 344.823s
7703/8070 SUCCESS PPARA/PPARD 6LXA BOIFMTPHEQFLJE-NRFANRHFSA-N seed42 340.569s
7704/8070 SUCCESS PPARA/PPARD 6LXA BOIFMTPHEQFLJE-NRFANRHFSA-N seed71 359.376s
7705/8070 SUCCESS PPARA/PPARD 5U3Q BOIFMTPHEQFLJE-NRFANRHFSA-N seed17 319.76s
7706/8070 SUCCESS PPARA/PPARD 6LXA BOIFMTPHEQFLJE-NRFANRHFSA-N seed101 339.104s
7707/8070 SUCCESS PPARA/PPARD 5U3Q BOIFMTPHEQFLJE-NRFANRHFSA-N seed29 330.536s
7708/8070 SUCCESS PPARA/PPARD 5U3Q BOIFMTPHEQFLJE-NRFANRHFSA-N seed42 332.907s
7709/8070 SUCCESS PPARA/PPARD 6LXA ZPYXSSUHSIOZJR-IBGZPJMESA-N seed17 176.168s
7710/8070 SUCCESS PPARA/PPARD 6LXA ZPYXSSUHSIOZJR-IBGZPJMESA-N seed29 172.905s
7711/8070 SUCCESS PPARA/PPARD 5U3Q BOIFMTPHEQFLJE-NRFANRHFSA-N seed71 318.383s
7712/8070 SUCCESS PPARA/PPARD 6LXA ZPYXSSUHSIOZJR-IBGZPJMESA-N seed71 164.003s
7713/8070 SUCCESS PPARA/PPARD 6LXA ZPYXSSUHSIOZJR-IBGZPJMESA-N seed42 185.214s
7714/8070 SUCCESS PPARA/PPARD 5U3Q BOIFMTPHEQFLJE-NRFANRHFSA-N seed101 327.53s
7715/8070 SUCCESS PPARA/PPARD 6LXA ZPYXSSUHSIOZJR-IBGZPJMESA-N seed101 173.463s
7716/8070 SUCCESS PPARA/PPARD 5U3Q ZPYXSSUHSIOZJR-IBGZPJMESA-N seed17 191.896s
7717/8070 SUCCESS PPARA/PPARD 5U3Q ZPYXSSUHSIOZJR-IBGZPJMESA-N seed29 199.074s
7718/8070 SUCCESS PPARA/PPARD 5U3Q ZPYXSSUHSIOZJR-IBGZPJMESA-N seed42 185.91s
7719/8070 SUCCESS PPARA/PPARD 5U3Q ZPYXSSUHSIOZJR-IBGZPJMESA-N seed71 189.994s
7720/8070 SUCCESS PPARA/PPARD 5U3Q ZPYXSSUHSIOZJR-IBGZPJMESA-N seed101 198.298s
7721/8070 SUCCESS PPARA/PPARD 6LXA IELCDGLGXNKKIF-SFHVURJKSA-N seed17 216.176s
7722/8070 SUCCESS PPARA/PPARD 6LXA IELCDGLGXNKKIF-SFHVURJKSA-N seed29 205.336s
7723/8070 SUCCESS PPARA/PPARD 6LXA IELCDGLGXNKKIF-SFHVURJKSA-N seed42 216.298s
7724/8070 SUCCESS PPARA/PPARD 6LXA IELCDGLGXNKKIF-SFHVURJKSA-N seed101 202.275s
7725/8070 SUCCESS PPARA/PPARD 6LXA IELCDGLGXNKKIF-SFHVURJKSA-N seed71 220.133s
7726/8070 SUCCESS PPARA/PPARD 5U3Q IELCDGLGXNKKIF-SFHVURJKSA-N seed17 209.206s
7727/8070 SUCCESS PPARA/PPARD 5U3Q IELCDGLGXNKKIF-SFHVURJKSA-N seed29 219.462s
7728/8070 SUCCESS PPARA/PPARD 5U3Q IELCDGLGXNKKIF-SFHVURJKSA-N seed42 208.457s
7729/8070 SUCCESS PPARA/PPARD 6LXA PZTNQSXMMTZUAR-UHFFFAOYSA-N seed17 91.877s
7730/8070 SUCCESS PPARA/PPARD 6LXA PZTNQSXMMTZUAR-UHFFFAOYSA-N seed29 96.223s
7731/8070 SUCCESS PPARA/PPARD 6LXA PZTNQSXMMTZUAR-UHFFFAOYSA-N seed42 94.109s
7732/8070 SUCCESS PPARA/PPARD 5U3Q IELCDGLGXNKKIF-SFHVURJKSA-N seed71 194.558s
7733/8070 SUCCESS PPARA/PPARD 6LXA PZTNQSXMMTZUAR-UHFFFAOYSA-N seed71 95.418s
7734/8070 SUCCESS PPARA/PPARD 6LXA PZTNQSXMMTZUAR-UHFFFAOYSA-N seed101 91.02s
7735/8070 SUCCESS PPARA/PPARD 5U3Q IELCDGLGXNKKIF-SFHVURJKSA-N seed101 195.119s
7736/8070 SUCCESS PPARA/PPARD 5U3Q PZTNQSXMMTZUAR-UHFFFAOYSA-N seed17 91.779s
7737/8070 SUCCESS PPARA/PPARD 5U3Q PZTNQSXMMTZUAR-UHFFFAOYSA-N seed29 97.616s
7738/8070 SUCCESS PPARA/PPARD 5U3Q PZTNQSXMMTZUAR-UHFFFAOYSA-N seed42 98.133s
7739/8070 SUCCESS PPARA/PPARD 5U3Q PZTNQSXMMTZUAR-UHFFFAOYSA-N seed71 93.386s
7740/8070 SUCCESS PPARA/PPARD 5U3Q PZTNQSXMMTZUAR-UHFFFAOYSA-N seed101 100.252s
7741/8070 SUCCESS PPARA/PPARD 6LXA CEZQCSLTMJJXSS-QHCPKHFHSA-N seed29 209.589s
7742/8070 SUCCESS PPARA/PPARD 6LXA CEZQCSLTMJJXSS-QHCPKHFHSA-N seed17 240.796s
7743/8070 SUCCESS PPARA/PPARD 6LXA CEZQCSLTMJJXSS-QHCPKHFHSA-N seed101 200.027s
7744/8070 SUCCESS PPARA/PPARD 5U3Q CEZQCSLTMJJXSS-QHCPKHFHSA-N seed17 197.454s
7745/8070 SUCCESS PPARA/PPARD 6LXA CEZQCSLTMJJXSS-QHCPKHFHSA-N seed71 211.708s
7746/8070 SUCCESS PPARA/PPARD 6LXA CEZQCSLTMJJXSS-QHCPKHFHSA-N seed42 235.259s
7747/8070 SUCCESS PPARA/PPARD 5U3Q CEZQCSLTMJJXSS-QHCPKHFHSA-N seed29 219.384s
7748/8070 SUCCESS PPARA/PPARD 5U3Q CEZQCSLTMJJXSS-QHCPKHFHSA-N seed42 230.735s
7749/8070 SUCCESS PPARA/PPARD 6LXA MMUPKVYIRSGJIV-UHFFFAOYSA-N seed29 167.33s
7750/8070 SUCCESS PPARA/PPARD 6LXA MMUPKVYIRSGJIV-UHFFFAOYSA-N seed17 185.912s
7751/8070 SUCCESS PPARA/PPARD 5U3Q CEZQCSLTMJJXSS-QHCPKHFHSA-N seed71 208.874s
7752/8070 SUCCESS PPARA/PPARD 5U3Q CEZQCSLTMJJXSS-QHCPKHFHSA-N seed101 212.602s
7753/8070 SUCCESS PPARA/PPARD 6LXA MMUPKVYIRSGJIV-UHFFFAOYSA-N seed42 183.52s
7754/8070 SUCCESS PPARA/PPARD 5U3Q MMUPKVYIRSGJIV-UHFFFAOYSA-N seed17 164.115s
7755/8070 SUCCESS PPARA/PPARD 6LXA MMUPKVYIRSGJIV-UHFFFAOYSA-N seed101 168.86s
7756/8070 SUCCESS PPARA/PPARD 6LXA MMUPKVYIRSGJIV-UHFFFAOYSA-N seed71 185.312s
7757/8070 SUCCESS PPARA/PPARD 5U3Q MMUPKVYIRSGJIV-UHFFFAOYSA-N seed29 168.907s
7758/8070 SUCCESS PPARA/PPARD 5U3Q MMUPKVYIRSGJIV-UHFFFAOYSA-N seed42 166.72s
7759/8070 SUCCESS PPARA/PPARD 6LXA JCHHFNRLYJILLG-UHFFFAOYSA-N seed29 90.128s
7760/8070 SUCCESS PPARA/PPARD 6LXA JCHHFNRLYJILLG-UHFFFAOYSA-N seed17 102.133s
7761/8070 SUCCESS PPARA/PPARD 6LXA JCHHFNRLYJILLG-UHFFFAOYSA-N seed71 85.182s
7762/8070 SUCCESS PPARA/PPARD 6LXA JCHHFNRLYJILLG-UHFFFAOYSA-N seed42 100.963s
7763/8070 SUCCESS PPARA/PPARD 5U3Q MMUPKVYIRSGJIV-UHFFFAOYSA-N seed71 175.965s
7764/8070 SUCCESS PPARA/PPARD 5U3Q MMUPKVYIRSGJIV-UHFFFAOYSA-N seed101 154.981s
7765/8070 SUCCESS PPARA/PPARD 6LXA JCHHFNRLYJILLG-UHFFFAOYSA-N seed101 81.256s
7766/8070 SUCCESS PPARA/PPARD 5U3Q JCHHFNRLYJILLG-UHFFFAOYSA-N seed17 88.495s
7767/8070 SUCCESS PPARA/PPARD 5U3Q JCHHFNRLYJILLG-UHFFFAOYSA-N seed29 89.602s
7768/8070 SUCCESS PPARA/PPARD 5U3Q JCHHFNRLYJILLG-UHFFFAOYSA-N seed42 89.408s
7769/8070 SUCCESS PPARA/PPARD 5U3Q JCHHFNRLYJILLG-UHFFFAOYSA-N seed71 88.954s
7770/8070 SUCCESS PPARA/PPARD 5U3Q JCHHFNRLYJILLG-UHFFFAOYSA-N seed101 90.995s
7771/8070 SUCCESS PPARA/PPARD 6LXA NVVUNCYOVFKRLC-UHFFFAOYSA-N seed29 222.278s
7772/8070 SUCCESS PPARA/PPARD 6LXA NVVUNCYOVFKRLC-UHFFFAOYSA-N seed17 238.912s
7773/8070 SUCCESS PPARA/PPARD 6LXA NVVUNCYOVFKRLC-UHFFFAOYSA-N seed71 217.523s
7774/8070 SUCCESS PPARA/PPARD 5U3Q NVVUNCYOVFKRLC-UHFFFAOYSA-N seed17 187.88s
7775/8070 SUCCESS PPARA/PPARD 6LXA NVVUNCYOVFKRLC-UHFFFAOYSA-N seed42 237.782s
7776/8070 SUCCESS PPARA/PPARD 6LXA NVVUNCYOVFKRLC-UHFFFAOYSA-N seed101 230.479s
7777/8070 SUCCESS PPARA/PPARD 5U3Q NVVUNCYOVFKRLC-UHFFFAOYSA-N seed29 195.075s
7778/8070 SUCCESS PPARA/PPARD 5U3Q NVVUNCYOVFKRLC-UHFFFAOYSA-N seed101 178.403s
7779/8070 SUCCESS PPARA/PPARD 5U3Q NVVUNCYOVFKRLC-UHFFFAOYSA-N seed71 191.77s
7780/8070 SUCCESS PPARA/PPARD 6LXA NTVBAWSNQRKVKF-FQEVSTJZSA-N seed17 187.651s
7781/8070 SUCCESS PPARA/PPARD 5U3Q NVVUNCYOVFKRLC-UHFFFAOYSA-N seed42 230.756s
7782/8070 SUCCESS PPARA/PPARD 6LXA NTVBAWSNQRKVKF-FQEVSTJZSA-N seed29 193.423s
7783/8070 SUCCESS PPARA/PPARD 6LXA NTVBAWSNQRKVKF-FQEVSTJZSA-N seed101 176.836s
7784/8070 SUCCESS PPARA/PPARD 6LXA NTVBAWSNQRKVKF-FQEVSTJZSA-N seed42 187.034s
7785/8070 SUCCESS PPARA/PPARD 6LXA NTVBAWSNQRKVKF-FQEVSTJZSA-N seed71 198.829s
7786/8070 SUCCESS PPARA/PPARD 5U3Q NTVBAWSNQRKVKF-FQEVSTJZSA-N seed17 201.534s
7787/8070 SUCCESS PPARA/PPARD 5U3Q NTVBAWSNQRKVKF-FQEVSTJZSA-N seed29 200.873s
7788/8070 SUCCESS PPARA/PPARD 5U3Q NTVBAWSNQRKVKF-FQEVSTJZSA-N seed42 200.1s
7789/8070 SUCCESS PPARA/PPARD 6LXA BDLLIPYDNFENMY-UHFFFAOYSA-N seed17 124.137s
7790/8070 SUCCESS PPARA/PPARD 6LXA BDLLIPYDNFENMY-UHFFFAOYSA-N seed29 127.339s
7791/8070 SUCCESS PPARA/PPARD 6LXA BDLLIPYDNFENMY-UHFFFAOYSA-N seed71 112.626s
7792/8070 SUCCESS PPARA/PPARD 5U3Q NTVBAWSNQRKVKF-FQEVSTJZSA-N seed101 181.975s
7793/8070 SUCCESS PPARA/PPARD 6LXA BDLLIPYDNFENMY-UHFFFAOYSA-N seed42 130.655s
7794/8070 SUCCESS PPARA/PPARD 5U3Q NTVBAWSNQRKVKF-FQEVSTJZSA-N seed71 206.227s
7795/8070 SUCCESS PPARA/PPARD 6LXA BDLLIPYDNFENMY-UHFFFAOYSA-N seed101 112.759s
7796/8070 SUCCESS PPARA/PPARD 5U3Q BDLLIPYDNFENMY-UHFFFAOYSA-N seed17 139.764s
7797/8070 SUCCESS PPARA/PPARD 5U3Q BDLLIPYDNFENMY-UHFFFAOYSA-N seed29 138.584s
7798/8070 SUCCESS PPARA/PPARD 5U3Q BDLLIPYDNFENMY-UHFFFAOYSA-N seed42 140.958s
7799/8070 SUCCESS PPARA/PPARD 5U3Q BDLLIPYDNFENMY-UHFFFAOYSA-N seed71 144.717s
7800/8070 SUCCESS PPARA/PPARD 5U3Q BDLLIPYDNFENMY-UHFFFAOYSA-N seed101 145.259s
7801/8070 SUCCESS PPARA/PPARD 6LXA GUFHDBFHNDUDJA-GXJYFLSQSA-N seed17 189.867s
7802/8070 SUCCESS PPARA/PPARD 6LXA GUFHDBFHNDUDJA-GXJYFLSQSA-N seed29 202.526s
7803/8070 SUCCESS PPARA/PPARD 6LXA GUFHDBFHNDUDJA-GXJYFLSQSA-N seed71 206.155s
7804/8070 SUCCESS PPARA/PPARD 6LXA GUFHDBFHNDUDJA-GXJYFLSQSA-N seed42 215.119s
7805/8070 SUCCESS PPARA/PPARD 5U3Q GUFHDBFHNDUDJA-GXJYFLSQSA-N seed17 187.339s
7806/8070 SUCCESS PPARA/PPARD 6LXA GUFHDBFHNDUDJA-GXJYFLSQSA-N seed101 219.053s
7807/8070 SUCCESS PPARA/PPARD 5U3Q GUFHDBFHNDUDJA-GXJYFLSQSA-N seed29 195.209s
7808/8070 SUCCESS PPARA/PPARD 5U3Q GUFHDBFHNDUDJA-GXJYFLSQSA-N seed42 173.565s
7809/8070 SUCCESS PPARA/PPARD 5U3Q GUFHDBFHNDUDJA-GXJYFLSQSA-N seed71 173.428s
7810/8070 SUCCESS PPARA/PPARD 5U3Q GUFHDBFHNDUDJA-GXJYFLSQSA-N seed101 173.431s
7811/8070 SUCCESS PPARA/PPARD 6LXA JLAXJZRUAXLLMT-UHFFFAOYSA-N seed17 224.693s
7812/8070 SUCCESS PPARA/PPARD 6LXA JLAXJZRUAXLLMT-UHFFFAOYSA-N seed29 236.661s
7813/8070 SUCCESS PPARA/PPARD 6LXA JLAXJZRUAXLLMT-UHFFFAOYSA-N seed42 238.834s
7814/8070 SUCCESS PPARA/PPARD 6LXA JLAXJZRUAXLLMT-UHFFFAOYSA-N seed101 219.303s
7815/8070 SUCCESS PPARA/PPARD 6LXA JLAXJZRUAXLLMT-UHFFFAOYSA-N seed71 249.29s
7816/8070 SUCCESS PPARA/PPARD 5U3Q JLAXJZRUAXLLMT-UHFFFAOYSA-N seed17 232.158s
7817/8070 SUCCESS PPARA/PPARD 5U3Q JLAXJZRUAXLLMT-UHFFFAOYSA-N seed29 238.438s
7818/8070 SUCCESS PPARA/PPARD 5U3Q JLAXJZRUAXLLMT-UHFFFAOYSA-N seed42 244.479s
7819/8070 SUCCESS PPARA/PPARD 6LXA VNJJEMOMRQCJFH-UHFFFAOYSA-N seed17 148.744s
7820/8070 SUCCESS PPARA/PPARD 6LXA VNJJEMOMRQCJFH-UHFFFAOYSA-N seed29 143.703s
7821/8070 SUCCESS PPARA/PPARD 5U3Q JLAXJZRUAXLLMT-UHFFFAOYSA-N seed71 234.691s
7822/8070 SUCCESS PPARA/PPARD 6LXA VNJJEMOMRQCJFH-UHFFFAOYSA-N seed42 148.451s
7823/8070 SUCCESS PPARA/PPARD 5U3Q JLAXJZRUAXLLMT-UHFFFAOYSA-N seed101 233.198s
7824/8070 SUCCESS PPARA/PPARD 6LXA VNJJEMOMRQCJFH-UHFFFAOYSA-N seed71 140.927s
7825/8070 SUCCESS PPARA/PPARD 6LXA VNJJEMOMRQCJFH-UHFFFAOYSA-N seed101 138.946s
7826/8070 SUCCESS PPARA/PPARD 5U3Q VNJJEMOMRQCJFH-UHFFFAOYSA-N seed17 133.85s
7827/8070 SUCCESS PPARA/PPARD 5U3Q VNJJEMOMRQCJFH-UHFFFAOYSA-N seed29 148.095s
7828/8070 SUCCESS PPARA/PPARD 5U3Q VNJJEMOMRQCJFH-UHFFFAOYSA-N seed42 130.403s
7829/8070 SUCCESS PPARA/PPARD 5U3Q VNJJEMOMRQCJFH-UHFFFAOYSA-N seed71 132.972s
7830/8070 SUCCESS PPARA/PPARD 5U3Q VNJJEMOMRQCJFH-UHFFFAOYSA-N seed101 132.304s
7831/8070 SUCCESS PPARA/PPARD 6LXA ZYTAJJSXWKDKGN-UHFFFAOYSA-N seed29 154.228s
7832/8070 SUCCESS PPARA/PPARD 6LXA ZYTAJJSXWKDKGN-UHFFFAOYSA-N seed17 167.938s
7833/8070 SUCCESS PPARA/PPARD 6LXA ZYTAJJSXWKDKGN-UHFFFAOYSA-N seed42 147.935s
7834/8070 SUCCESS PPARA/PPARD 6LXA ZYTAJJSXWKDKGN-UHFFFAOYSA-N seed101 153.59s
7835/8070 SUCCESS PPARA/PPARD 6LXA ZYTAJJSXWKDKGN-UHFFFAOYSA-N seed71 169.96s
7836/8070 SUCCESS PPARA/PPARD 5U3Q ZYTAJJSXWKDKGN-UHFFFAOYSA-N seed17 150.424s
7837/8070 SUCCESS PPARA/PPARD 5U3Q ZYTAJJSXWKDKGN-UHFFFAOYSA-N seed29 145.792s
7838/8070 SUCCESS PPARA/PPARD 5U3Q ZYTAJJSXWKDKGN-UHFFFAOYSA-N seed42 160.211s
7839/8070 SUCCESS PPARA/PPARD 5U3Q ZYTAJJSXWKDKGN-UHFFFAOYSA-N seed71 154.51s
7840/8070 SUCCESS PPARA/PPARD 5U3Q ZYTAJJSXWKDKGN-UHFFFAOYSA-N seed101 156.121s
7841/8070 SUCCESS PPARA/PPARD 6LXA KGCCMHIRXXLQQG-UHFFFAOYSA-N seed17 180.292s
7842/8070 SUCCESS PPARA/PPARD 6LXA KGCCMHIRXXLQQG-UHFFFAOYSA-N seed29 176.653s
7843/8070 SUCCESS PPARA/PPARD 6LXA KGCCMHIRXXLQQG-UHFFFAOYSA-N seed42 197.581s
7844/8070 SUCCESS PPARA/PPARD 6LXA KGCCMHIRXXLQQG-UHFFFAOYSA-N seed71 191.468s
7845/8070 SUCCESS PPARA/PPARD 6LXA KGCCMHIRXXLQQG-UHFFFAOYSA-N seed101 195.807s
7846/8070 SUCCESS PPARA/PPARD 5U3Q KGCCMHIRXXLQQG-UHFFFAOYSA-N seed17 181.954s
7847/8070 SUCCESS PPARA/PPARD 5U3Q KGCCMHIRXXLQQG-UHFFFAOYSA-N seed42 162.827s
7848/8070 SUCCESS PPARA/PPARD 5U3Q KGCCMHIRXXLQQG-UHFFFAOYSA-N seed29 170.719s
7849/8070 SUCCESS PPARA/PPARD 5U3Q KGCCMHIRXXLQQG-UHFFFAOYSA-N seed71 174.164s
7850/8070 SUCCESS PPARA/PPARD 5U3Q KGCCMHIRXXLQQG-UHFFFAOYSA-N seed101 187.975s
7851/8070 SUCCESS PPARA/PPARD 6LXA XWDWDQGJOOSFCU-UHFFFAOYSA-N seed17 239.892s
7852/8070 SUCCESS PPARA/PPARD 6LXA XWDWDQGJOOSFCU-UHFFFAOYSA-N seed71 221.061s
7853/8070 SUCCESS PPARA/PPARD 6LXA XWDWDQGJOOSFCU-UHFFFAOYSA-N seed29 254.928s
7854/8070 SUCCESS PPARA/PPARD 6LXA XWDWDQGJOOSFCU-UHFFFAOYSA-N seed42 247.763s
7855/8070 SUCCESS PPARA/PPARD 6LXA XWDWDQGJOOSFCU-UHFFFAOYSA-N seed101 231.459s
7856/8070 SUCCESS PPARA/PPARD 5U3Q XWDWDQGJOOSFCU-UHFFFAOYSA-N seed17 229.985s
7857/8070 SUCCESS PPARA/PPARD 5U3Q XWDWDQGJOOSFCU-UHFFFAOYSA-N seed29 215.361s
7858/8070 SUCCESS PPARA/PPARD 5U3Q XWDWDQGJOOSFCU-UHFFFAOYSA-N seed42 215.283s
7859/8070 SUCCESS PPARA/PPARD 5U3Q XWDWDQGJOOSFCU-UHFFFAOYSA-N seed71 209.119s
7860/8070 SUCCESS PPARA/PPARD 5U3Q XWDWDQGJOOSFCU-UHFFFAOYSA-N seed101 225.705s
7861/8070 SUCCESS PPARA/PPARD 6LXA XWDWDQGJOOSFCU-CFVCEQMKSA-N seed17 236.84s
7862/8070 SUCCESS PPARA/PPARD 6LXA XWDWDQGJOOSFCU-CFVCEQMKSA-N seed29 210.846s
7863/8070 SUCCESS PPARA/PPARD 6LXA XWDWDQGJOOSFCU-CFVCEQMKSA-N seed42 239.218s
7864/8070 SUCCESS PPARA/PPARD 6LXA XWDWDQGJOOSFCU-CFVCEQMKSA-N seed71 220.698s
7865/8070 SUCCESS PPARA/PPARD 6LXA XWDWDQGJOOSFCU-CFVCEQMKSA-N seed101 235.029s
7866/8070 SUCCESS PPARA/PPARD 5U3Q XWDWDQGJOOSFCU-CFVCEQMKSA-N seed17 247.178s
7867/8070 SUCCESS PPARA/PPARD 5U3Q XWDWDQGJOOSFCU-CFVCEQMKSA-N seed29 225.565s
7868/8070 SUCCESS PPARA/PPARD 5U3Q XWDWDQGJOOSFCU-CFVCEQMKSA-N seed42 238.316s
7869/8070 SUCCESS PPARA/PPARD 6LXA XCHNRYVXGNSPQH-UHFFFAOYSA-N seed17 146.682s
7870/8070 SUCCESS PPARA/PPARD 6LXA XCHNRYVXGNSPQH-UHFFFAOYSA-N seed29 147.396s
7871/8070 SUCCESS PPARA/PPARD 5U3Q XWDWDQGJOOSFCU-CFVCEQMKSA-N seed71 226.416s
7872/8070 SUCCESS PPARA/PPARD 5U3Q XWDWDQGJOOSFCU-CFVCEQMKSA-N seed101 240.898s
7873/8070 SUCCESS PPARA/PPARD 6LXA XCHNRYVXGNSPQH-UHFFFAOYSA-N seed42 146.979s
7874/8070 SUCCESS PPARA/PPARD 6LXA XCHNRYVXGNSPQH-UHFFFAOYSA-N seed71 150.031s
7875/8070 SUCCESS PPARA/PPARD 6LXA XCHNRYVXGNSPQH-UHFFFAOYSA-N seed101 137.015s
7876/8070 SUCCESS PPARA/PPARD 5U3Q XCHNRYVXGNSPQH-UHFFFAOYSA-N seed17 136.727s
7877/8070 SUCCESS PPARA/PPARD 5U3Q XCHNRYVXGNSPQH-UHFFFAOYSA-N seed29 135.641s
7878/8070 SUCCESS PPARA/PPARD 5U3Q XCHNRYVXGNSPQH-UHFFFAOYSA-N seed42 143.311s
7879/8070 SUCCESS PPARA/PPARD 5U3Q XCHNRYVXGNSPQH-UHFFFAOYSA-N seed71 145.983s
7880/8070 SUCCESS PPARA/PPARD 5U3Q XCHNRYVXGNSPQH-UHFFFAOYSA-N seed101 142.148s
7881/8070 SUCCESS PPARA/PPARD 6LXA VFMSUHKKMMGCJU-UHFFFAOYSA-N seed17 192.384s
7882/8070 SUCCESS PPARA/PPARD 6LXA VFMSUHKKMMGCJU-UHFFFAOYSA-N seed29 180.731s
7883/8070 SUCCESS PPARA/PPARD 6LXA VFMSUHKKMMGCJU-UHFFFAOYSA-N seed42 194.713s
7884/8070 SUCCESS PPARA/PPARD 6LXA VFMSUHKKMMGCJU-UHFFFAOYSA-N seed71 194.37s
7885/8070 SUCCESS PPARA/PPARD 6LXA VFMSUHKKMMGCJU-UHFFFAOYSA-N seed101 181.132s
7886/8070 SUCCESS PPARA/PPARD 5U3Q VFMSUHKKMMGCJU-UHFFFAOYSA-N seed17 195.294s
7887/8070 SUCCESS PPARA/PPARD 5U3Q VFMSUHKKMMGCJU-UHFFFAOYSA-N seed29 191.391s
7888/8070 SUCCESS PPARA/PPARD 5U3Q VFMSUHKKMMGCJU-UHFFFAOYSA-N seed42 186.926s
7889/8070 SUCCESS PPARA/PPARD 5U3Q VFMSUHKKMMGCJU-UHFFFAOYSA-N seed71 176.115s
7890/8070 SUCCESS PPARA/PPARD 6LXA OFUSDBKUMIIORB-UHFFFAOYSA-N seed17 128.729s
7891/8070 SUCCESS PPARA/PPARD 5U3Q VFMSUHKKMMGCJU-UHFFFAOYSA-N seed101 182.351s
7892/8070 SUCCESS PPARA/PPARD 6LXA OFUSDBKUMIIORB-UHFFFAOYSA-N seed29 135.545s
7893/8070 SUCCESS PPARA/PPARD 6LXA OFUSDBKUMIIORB-UHFFFAOYSA-N seed42 125.06s
7894/8070 SUCCESS PPARA/PPARD 6LXA OFUSDBKUMIIORB-UHFFFAOYSA-N seed71 118.363s
7895/8070 SUCCESS PPARA/PPARD 5U3Q OFUSDBKUMIIORB-UHFFFAOYSA-N seed17 104.538s
7896/8070 SUCCESS PPARA/PPARD 6LXA OFUSDBKUMIIORB-UHFFFAOYSA-N seed101 119.886s
7897/8070 SUCCESS PPARA/PPARD 5U3Q OFUSDBKUMIIORB-UHFFFAOYSA-N seed29 113.696s
7898/8070 SUCCESS PPARA/PPARD 5U3Q OFUSDBKUMIIORB-UHFFFAOYSA-N seed42 111.883s
7899/8070 SUCCESS PPARA/PPARD 6LXA NRFZOEHKEBDYGE-UHFFFAOYSA-N seed17 90.899s
7900/8070 SUCCESS PPARA/PPARD 5U3Q OFUSDBKUMIIORB-UHFFFAOYSA-N seed71 121.681s
7901/8070 SUCCESS PPARA/PPARD 6LXA NRFZOEHKEBDYGE-UHFFFAOYSA-N seed29 100.524s
7902/8070 SUCCESS PPARA/PPARD 5U3Q OFUSDBKUMIIORB-UHFFFAOYSA-N seed101 121.703s
7903/8070 SUCCESS PPARA/PPARD 6LXA NRFZOEHKEBDYGE-UHFFFAOYSA-N seed42 94.27s
7904/8070 SUCCESS PPARA/PPARD 6LXA NRFZOEHKEBDYGE-UHFFFAOYSA-N seed71 92.258s
7905/8070 SUCCESS PPARA/PPARD 6LXA NRFZOEHKEBDYGE-UHFFFAOYSA-N seed101 91.047s
7906/8070 SUCCESS PPARA/PPARD 5U3Q NRFZOEHKEBDYGE-UHFFFAOYSA-N seed17 84.06s
7907/8070 SUCCESS PPARA/PPARD 5U3Q NRFZOEHKEBDYGE-UHFFFAOYSA-N seed29 85.632s
7908/8070 SUCCESS PPARA/PPARD 5U3Q NRFZOEHKEBDYGE-UHFFFAOYSA-N seed42 85.126s
7909/8070 SUCCESS PPARA/PPARD 5U3Q NRFZOEHKEBDYGE-UHFFFAOYSA-N seed71 82.343s
7910/8070 SUCCESS PPARA/PPARD 5U3Q NRFZOEHKEBDYGE-UHFFFAOYSA-N seed101 83.339s
7911/8070 SUCCESS PPARA/PPARD 6LXA IAYZUSPSHIIGQF-UHFFFAOYSA-N seed17 138.661s
7912/8070 SUCCESS PPARA/PPARD 6LXA IAYZUSPSHIIGQF-UHFFFAOYSA-N seed29 134.592s
7913/8070 SUCCESS PPARA/PPARD 6LXA IAYZUSPSHIIGQF-UHFFFAOYSA-N seed42 129.438s
7914/8070 SUCCESS PPARA/PPARD 5U3Q IAYZUSPSHIIGQF-UHFFFAOYSA-N seed17 116.059s
7915/8070 SUCCESS PPARA/PPARD 6LXA IAYZUSPSHIIGQF-UHFFFAOYSA-N seed71 139.908s
7916/8070 SUCCESS PPARA/PPARD 6LXA IAYZUSPSHIIGQF-UHFFFAOYSA-N seed101 145.228s
7917/8070 SUCCESS PPARA/PPARD 5U3Q IAYZUSPSHIIGQF-UHFFFAOYSA-N seed42 116.439s
7918/8070 SUCCESS PPARA/PPARD 5U3Q IAYZUSPSHIIGQF-UHFFFAOYSA-N seed71 114.495s
7919/8070 SUCCESS PPARA/PPARD 5U3Q IAYZUSPSHIIGQF-UHFFFAOYSA-N seed29 123.998s
7920/8070 SUCCESS PPARA/PPARD 6LXA PXCWWCGIHVDNOF-UHFFFAOYSA-N seed17 106.816s
7921/8070 SUCCESS PPARA/PPARD 5U3Q IAYZUSPSHIIGQF-UHFFFAOYSA-N seed101 120.157s
7922/8070 SUCCESS PPARA/PPARD 6LXA PXCWWCGIHVDNOF-UHFFFAOYSA-N seed29 107.294s
7923/8070 SUCCESS PPARA/PPARD 6LXA PXCWWCGIHVDNOF-UHFFFAOYSA-N seed42 105.602s
7924/8070 SUCCESS PPARA/PPARD 5U3Q PXCWWCGIHVDNOF-UHFFFAOYSA-N seed17 100.682s
7925/8070 SUCCESS PPARA/PPARD 6LXA PXCWWCGIHVDNOF-UHFFFAOYSA-N seed71 105.122s
7926/8070 SUCCESS PPARA/PPARD 6LXA PXCWWCGIHVDNOF-UHFFFAOYSA-N seed101 105.126s
7927/8070 SUCCESS PPARA/PPARD 5U3Q PXCWWCGIHVDNOF-UHFFFAOYSA-N seed42 90.504s
7928/8070 SUCCESS PPARA/PPARD 5U3Q PXCWWCGIHVDNOF-UHFFFAOYSA-N seed29 110.201s
7929/8070 SUCCESS PPARA/PPARD 5U3Q PXCWWCGIHVDNOF-UHFFFAOYSA-N seed71 103.26s
7930/8070 SUCCESS PPARA/PPARD 5U3Q PXCWWCGIHVDNOF-UHFFFAOYSA-N seed101 108.05s
7931/8070 SUCCESS PPARA/PPARD 6LXA DPUOLQHDNGRHBS-KTKRTIGZSA-N seed29 163.944s
7932/8070 SUCCESS PPARA/PPARD 6LXA DPUOLQHDNGRHBS-KTKRTIGZSA-N seed17 165.514s
7933/8070 SUCCESS PPARA/PPARD 6LXA DPUOLQHDNGRHBS-KTKRTIGZSA-N seed42 171.216s
7934/8070 SUCCESS PPARA/PPARD 6LXA DPUOLQHDNGRHBS-KTKRTIGZSA-N seed71 168.072s
7935/8070 SUCCESS PPARA/PPARD 6LXA DPUOLQHDNGRHBS-KTKRTIGZSA-N seed101 169.927s
7936/8070 SUCCESS PPARA/PPARD 5U3Q DPUOLQHDNGRHBS-KTKRTIGZSA-N seed17 171.788s
7937/8070 SUCCESS PPARA/PPARD 5U3Q DPUOLQHDNGRHBS-KTKRTIGZSA-N seed29 171.286s
7938/8070 SUCCESS PPARA/PPARD 5U3Q DPUOLQHDNGRHBS-KTKRTIGZSA-N seed42 171.377s
7939/8070 SUCCESS PPARA/PPARD 5U3Q DPUOLQHDNGRHBS-KTKRTIGZSA-N seed101 169.103s
7940/8070 SUCCESS PPARA/PPARD 5U3Q DPUOLQHDNGRHBS-KTKRTIGZSA-N seed71 173.037s
7941/8070 SUCCESS PPARA/PPARD 6LXA GCHRLYTWUNUADL-UHFFFAOYSA-N seed17 141.886s
7942/8070 SUCCESS PPARA/PPARD 6LXA GCHRLYTWUNUADL-UHFFFAOYSA-N seed29 144.344s
7943/8070 SUCCESS PPARA/PPARD 6LXA GCHRLYTWUNUADL-UHFFFAOYSA-N seed71 144.41s
7944/8070 SUCCESS PPARA/PPARD 6LXA GCHRLYTWUNUADL-UHFFFAOYSA-N seed42 147.341s
7945/8070 SUCCESS PPARA/PPARD 5U3Q GCHRLYTWUNUADL-UHFFFAOYSA-N seed17 128.055s
7946/8070 SUCCESS PPARA/PPARD 6LXA GCHRLYTWUNUADL-UHFFFAOYSA-N seed101 141.717s
7947/8070 SUCCESS PPARA/PPARD 5U3Q GCHRLYTWUNUADL-UHFFFAOYSA-N seed29 120.55s
7948/8070 SUCCESS PPARA/PPARD 5U3Q GCHRLYTWUNUADL-UHFFFAOYSA-N seed42 126.326s
7949/8070 SUCCESS PPARA/PPARD 6LXA HGOOOJAHOUQCDO-UHFFFAOYSA-N seed17 102.014s
7950/8070 SUCCESS PPARA/PPARD 6LXA HGOOOJAHOUQCDO-UHFFFAOYSA-N seed29 102.205s
7951/8070 SUCCESS PPARA/PPARD 5U3Q GCHRLYTWUNUADL-UHFFFAOYSA-N seed71 124.087s
7952/8070 SUCCESS PPARA/PPARD 5U3Q GCHRLYTWUNUADL-UHFFFAOYSA-N seed101 128.038s
7953/8070 SUCCESS PPARA/PPARD 6LXA HGOOOJAHOUQCDO-UHFFFAOYSA-N seed42 104.59s
7954/8070 SUCCESS PPARA/PPARD 6LXA HGOOOJAHOUQCDO-UHFFFAOYSA-N seed71 98.961s
7955/8070 SUCCESS PPARA/PPARD 6LXA HGOOOJAHOUQCDO-UHFFFAOYSA-N seed101 97.663s
7956/8070 SUCCESS PPARA/PPARD 5U3Q HGOOOJAHOUQCDO-UHFFFAOYSA-N seed17 101.435s
7957/8070 SUCCESS PPARA/PPARD 5U3Q HGOOOJAHOUQCDO-UHFFFAOYSA-N seed29 103.473s
7958/8070 SUCCESS PPARA/PPARD 5U3Q HGOOOJAHOUQCDO-UHFFFAOYSA-N seed42 100.577s
7959/8070 SUCCESS PPARA/PPARD 5U3Q HGOOOJAHOUQCDO-UHFFFAOYSA-N seed71 106.594s
7960/8070 SUCCESS PPARA/PPARD 5U3Q HGOOOJAHOUQCDO-UHFFFAOYSA-N seed101 105.892s
7961/8070 SUCCESS PPARA/PPARD 6LXA OBNPHXKERYVVBP-UHFFFAOYSA-N seed17 132.766s
7962/8070 SUCCESS PPARA/PPARD 6LXA OBNPHXKERYVVBP-UHFFFAOYSA-N seed29 127.203s
7963/8070 SUCCESS PPARA/PPARD 6LXA OBNPHXKERYVVBP-UHFFFAOYSA-N seed42 128.407s
7964/8070 SUCCESS PPARA/PPARD 6LXA OBNPHXKERYVVBP-UHFFFAOYSA-N seed71 142.626s
7965/8070 SUCCESS PPARA/PPARD 6LXA OBNPHXKERYVVBP-UHFFFAOYSA-N seed101 133.818s
7966/8070 SUCCESS PPARA/PPARD 6LXA CYSRURFSGZEJNU-SCZZXKLOSA-N seed17 12.884s
7967/8070 SUCCESS PPARA/PPARD 5U3Q OBNPHXKERYVVBP-UHFFFAOYSA-N seed17 141.297s
7968/8070 SUCCESS PPARA/PPARD 6LXA CYSRURFSGZEJNU-SCZZXKLOSA-N seed29 12.547s
7969/8070 SUCCESS PPARA/PPARD 6LXA CYSRURFSGZEJNU-SCZZXKLOSA-N seed42 12.677s
7970/8070 SUCCESS PPARA/PPARD 6LXA CYSRURFSGZEJNU-SCZZXKLOSA-N seed71 12.572s
7971/8070 SUCCESS PPARA/PPARD 6LXA CYSRURFSGZEJNU-SCZZXKLOSA-N seed101 12.45s
7972/8070 SUCCESS PPARA/PPARD 5U3Q CYSRURFSGZEJNU-SCZZXKLOSA-N seed17 11.957s
7973/8070 SUCCESS PPARA/PPARD 5U3Q CYSRURFSGZEJNU-SCZZXKLOSA-N seed29 11.919s
7974/8070 SUCCESS PPARA/PPARD 5U3Q CYSRURFSGZEJNU-SCZZXKLOSA-N seed42 11.944s
7975/8070 SUCCESS PPARA/PPARD 5U3Q OBNPHXKERYVVBP-UHFFFAOYSA-N seed29 124.557s
7976/8070 SUCCESS PPARA/PPARD 5U3Q CYSRURFSGZEJNU-SCZZXKLOSA-N seed71 12.006s
7977/8070 SUCCESS PPARA/PPARD 5U3Q CYSRURFSGZEJNU-SCZZXKLOSA-N seed101 12.044s
7978/8070 SUCCESS PPARA/PPARD 5U3Q OBNPHXKERYVVBP-UHFFFAOYSA-N seed42 128.174s
7979/8070 SUCCESS PPARA/PPARD 5U3Q OBNPHXKERYVVBP-UHFFFAOYSA-N seed71 122.126s
7980/8070 SUCCESS PPARA/PPARD 5U3Q OBNPHXKERYVVBP-UHFFFAOYSA-N seed101 140.19s
7981/8070 SUCCESS PPARA/PPARD 6LXA AHSFPZHWAFXABZ-GNZBLXBPSA-N seed29 919.454s
7982/8070 SUCCESS PPARA/PPARD 6LXA AHSFPZHWAFXABZ-GNZBLXBPSA-N seed71 941.527s
7983/8070 SUCCESS PPARA/PPARD 6LXA AHSFPZHWAFXABZ-GNZBLXBPSA-N seed42 964.723s
7984/8070 SUCCESS PPARA/PPARD 6LXA AHSFPZHWAFXABZ-GNZBLXBPSA-N seed17 978.776s
7985/8070 SUCCESS PPARA/PPARD 6LXA AHSFPZHWAFXABZ-GNZBLXBPSA-N seed101 975.74s
7986/8070 SUCCESS PPARA/PPARD 5U3Q AHSFPZHWAFXABZ-GNZBLXBPSA-N seed17 1114.152s
7987/8070 SUCCESS PPARA/PPARD 6LXA SNMFWHCQPZSLEZ-NHOMFQCRSA-N seed17 175.467s
7988/8070 SUCCESS PPARA/PPARD 6LXA SNMFWHCQPZSLEZ-NHOMFQCRSA-N seed29 156.168s
7989/8070 SUCCESS PPARA/PPARD 6LXA SNMFWHCQPZSLEZ-NHOMFQCRSA-N seed42 161.262s
7990/8070 SUCCESS PPARA/PPARD 6LXA SNMFWHCQPZSLEZ-NHOMFQCRSA-N seed71 182.996s
7991/8070 SUCCESS PPARA/PPARD 6LXA SNMFWHCQPZSLEZ-NHOMFQCRSA-N seed101 193.445s
7992/8070 SUCCESS PPARA/PPARD 5U3Q SNMFWHCQPZSLEZ-NHOMFQCRSA-N seed17 175.548s
7993/8070 SUCCESS PPARA/PPARD 5U3Q SNMFWHCQPZSLEZ-NHOMFQCRSA-N seed29 185.096s
7994/8070 SUCCESS PPARA/PPARD 5U3Q SNMFWHCQPZSLEZ-NHOMFQCRSA-N seed42 177.414s
7995/8070 SUCCESS PPARA/PPARD 5U3Q SNMFWHCQPZSLEZ-NHOMFQCRSA-N seed71 176.3s
7996/8070 SUCCESS PPARA/PPARD 5U3Q AHSFPZHWAFXABZ-GNZBLXBPSA-N seed29 1067.518s
7997/8070 SUCCESS PPARA/PPARD 6LXA LOUUYASGVWWLFM-UHFFFAOYSA-N seed17 120.948s
7998/8070 SUCCESS PPARA/PPARD 5U3Q AHSFPZHWAFXABZ-GNZBLXBPSA-N seed42 1083.627s
7999/8070 SUCCESS PPARA/PPARD 5U3Q AHSFPZHWAFXABZ-GNZBLXBPSA-N seed71 1087.704s
8000/8070 SUCCESS PPARA/PPARD 5U3Q SNMFWHCQPZSLEZ-NHOMFQCRSA-N seed101 204.983s
8001/8070 SUCCESS PPARA/PPARD 5U3Q AHSFPZHWAFXABZ-GNZBLXBPSA-N seed101 1113.545s
8002/8070 SUCCESS PPARA/PPARD 6LXA LOUUYASGVWWLFM-UHFFFAOYSA-N seed29 130.819s
8003/8070 SUCCESS PPARA/PPARD 6LXA LOUUYASGVWWLFM-UHFFFAOYSA-N seed42 119.667s
8004/8070 SUCCESS PPARA/PPARD 6LXA LOUUYASGVWWLFM-UHFFFAOYSA-N seed71 120.242s
8005/8070 SUCCESS PPARA/PPARD 5U3Q LOUUYASGVWWLFM-UHFFFAOYSA-N seed17 120.504s
8006/8070 SUCCESS PPARA/PPARD 6LXA LOUUYASGVWWLFM-UHFFFAOYSA-N seed101 135.424s
8007/8070 SUCCESS PPARA/PPARD 5U3Q LOUUYASGVWWLFM-UHFFFAOYSA-N seed29 116.664s
8008/8070 SUCCESS PPARA/PPARD 5U3Q LOUUYASGVWWLFM-UHFFFAOYSA-N seed42 118.206s
8009/8070 SUCCESS PPARA/PPARD 5U3Q LOUUYASGVWWLFM-UHFFFAOYSA-N seed71 117.082s
8010/8070 SUCCESS PPARA/PPARD 5U3Q LOUUYASGVWWLFM-UHFFFAOYSA-N seed101 126.638s
8011/8070 SUCCESS PPARA/PPARD 6LXA IPEYXJWSWJYBLB-UHFFFAOYSA-N seed17 143.711s
8012/8070 SUCCESS PPARA/PPARD 6LXA IPEYXJWSWJYBLB-UHFFFAOYSA-N seed29 132.26s
8013/8070 SUCCESS PPARA/PPARD 6LXA IPEYXJWSWJYBLB-UHFFFAOYSA-N seed42 132.699s
8014/8070 SUCCESS PPARA/PPARD 6LXA IPEYXJWSWJYBLB-UHFFFAOYSA-N seed71 125.767s
8015/8070 SUCCESS PPARA/PPARD 6LXA IPEYXJWSWJYBLB-UHFFFAOYSA-N seed101 129.625s
8016/8070 SUCCESS PPARA/PPARD 5U3Q IPEYXJWSWJYBLB-UHFFFAOYSA-N seed17 132.284s
8017/8070 SUCCESS PPARA/PPARD 5U3Q IPEYXJWSWJYBLB-UHFFFAOYSA-N seed29 124.467s
8018/8070 SUCCESS PPARA/PPARD 5U3Q IPEYXJWSWJYBLB-UHFFFAOYSA-N seed42 123.489s
8019/8070 SUCCESS PPARA/PPARD 5U3Q IPEYXJWSWJYBLB-UHFFFAOYSA-N seed71 129.32s
8020/8070 SUCCESS PPARA/PPARD 5U3Q IPEYXJWSWJYBLB-UHFFFAOYSA-N seed101 120.865s
8021/8070 SUCCESS PPARA/PPARD 6LXA AOYSVQRIFFGPEM-SNAWJCMRSA-N seed17 232.933s
8022/8070 SUCCESS PPARA/PPARD 6LXA AOYSVQRIFFGPEM-SNAWJCMRSA-N seed29 244.637s
8023/8070 SUCCESS PPARA/PPARD 6LXA AOYSVQRIFFGPEM-SNAWJCMRSA-N seed71 218.489s
8024/8070 SUCCESS PPARA/PPARD 6LXA AOYSVQRIFFGPEM-SNAWJCMRSA-N seed42 225.305s
8025/8070 SUCCESS PPARA/PPARD 5U3Q AOYSVQRIFFGPEM-SNAWJCMRSA-N seed17 196.022s
8026/8070 SUCCESS PPARA/PPARD 6LXA AOYSVQRIFFGPEM-SNAWJCMRSA-N seed101 227.672s
8027/8070 SUCCESS PPARA/PPARD 5U3Q AOYSVQRIFFGPEM-SNAWJCMRSA-N seed29 165.206s
8028/8070 SUCCESS PPARA/PPARD 5U3Q AOYSVQRIFFGPEM-SNAWJCMRSA-N seed42 166.151s
8029/8070 SUCCESS PPARA/PPARD 5U3Q AOYSVQRIFFGPEM-SNAWJCMRSA-N seed71 175.221s
8030/8070 SUCCESS PPARA/PPARD 5U3Q AOYSVQRIFFGPEM-SNAWJCMRSA-N seed101 178.968s
8031/8070 SUCCESS PPARA/PPARD 6LXA STZHOOOMYCDMPJ-SNAWJCMRSA-N seed17 184.947s
8032/8070 SUCCESS PPARA/PPARD 6LXA STZHOOOMYCDMPJ-SNAWJCMRSA-N seed29 173.731s
8033/8070 SUCCESS PPARA/PPARD 6LXA STZHOOOMYCDMPJ-SNAWJCMRSA-N seed42 178.375s
8034/8070 SUCCESS PPARA/PPARD 6LXA STZHOOOMYCDMPJ-SNAWJCMRSA-N seed71 169.433s
8035/8070 SUCCESS PPARA/PPARD 5U3Q STZHOOOMYCDMPJ-SNAWJCMRSA-N seed17 153.209s
8036/8070 SUCCESS PPARA/PPARD 6LXA STZHOOOMYCDMPJ-SNAWJCMRSA-N seed101 167.553s
8037/8070 SUCCESS PPARA/PPARD 5U3Q STZHOOOMYCDMPJ-SNAWJCMRSA-N seed42 150.206s
8038/8070 SUCCESS PPARA/PPARD 5U3Q STZHOOOMYCDMPJ-SNAWJCMRSA-N seed29 156.329s
8039/8070 SUCCESS PPARA/PPARD 5U3Q STZHOOOMYCDMPJ-SNAWJCMRSA-N seed71 153.152s
8040/8070 SUCCESS PPARA/PPARD 6LXA RFUNNAWGSBMBCL-UCQKPKSFSA-N seed29 130.027s
8041/8070 SUCCESS PPARA/PPARD 6LXA RFUNNAWGSBMBCL-UCQKPKSFSA-N seed17 136.224s
8042/8070 SUCCESS PPARA/PPARD 5U3Q STZHOOOMYCDMPJ-SNAWJCMRSA-N seed101 148.459s
8043/8070 SUCCESS PPARA/PPARD 6LXA RFUNNAWGSBMBCL-UCQKPKSFSA-N seed42 141.505s
8044/8070 SUCCESS PPARA/PPARD 6LXA RFUNNAWGSBMBCL-UCQKPKSFSA-N seed71 144.188s
8045/8070 SUCCESS PPARA/PPARD 6LXA RFUNNAWGSBMBCL-UCQKPKSFSA-N seed101 130.828s
8046/8070 SUCCESS PPARA/PPARD 5U3Q RFUNNAWGSBMBCL-UCQKPKSFSA-N seed42 135.86s
8047/8070 SUCCESS PPARA/PPARD 5U3Q RFUNNAWGSBMBCL-UCQKPKSFSA-N seed29 142.59s
8048/8070 SUCCESS PPARA/PPARD 5U3Q RFUNNAWGSBMBCL-UCQKPKSFSA-N seed17 151.905s
8049/8070 SUCCESS PPARA/PPARD 6LXA HYAFETHFCAUJAY-UHFFFAOYSA-N seed17 74.12s
8050/8070 SUCCESS PPARA/PPARD 5U3Q RFUNNAWGSBMBCL-UCQKPKSFSA-N seed101 142.824s
8051/8070 SUCCESS PPARA/PPARD 5U3Q RFUNNAWGSBMBCL-UCQKPKSFSA-N seed71 148.107s
8052/8070 SUCCESS PPARA/PPARD 6LXA HYAFETHFCAUJAY-UHFFFAOYSA-N seed29 75.904s
8053/8070 SUCCESS PPARA/PPARD 6LXA HYAFETHFCAUJAY-UHFFFAOYSA-N seed42 74.448s
8054/8070 SUCCESS PPARA/PPARD 6LXA HYAFETHFCAUJAY-UHFFFAOYSA-N seed71 74.98s
8055/8070 SUCCESS PPARA/PPARD 5U3Q HYAFETHFCAUJAY-UHFFFAOYSA-N seed17 69.33s
8056/8070 SUCCESS PPARA/PPARD 6LXA HYAFETHFCAUJAY-UHFFFAOYSA-N seed101 76.315s
8057/8070 SUCCESS PPARA/PPARD 5U3Q HYAFETHFCAUJAY-UHFFFAOYSA-N seed29 71.797s
8058/8070 SUCCESS PPARA/PPARD 5U3Q HYAFETHFCAUJAY-UHFFFAOYSA-N seed42 69.903s
8059/8070 SUCCESS PPARA/PPARD 5U3Q HYAFETHFCAUJAY-UHFFFAOYSA-N seed71 69.11s
8060/8070 SUCCESS PPARA/PPARD 5U3Q HYAFETHFCAUJAY-UHFFFAOYSA-N seed101 68.723s
8061/8070 SUCCESS PPARA/PPARD 6LXA XXZFDQPPLKUBBR-NNUKFRKNSA-N seed17 85.134s
8062/8070 SUCCESS PPARA/PPARD 6LXA XXZFDQPPLKUBBR-NNUKFRKNSA-N seed29 89.335s
8063/8070 SUCCESS PPARA/PPARD 6LXA XXZFDQPPLKUBBR-NNUKFRKNSA-N seed42 91.142s
8064/8070 SUCCESS PPARA/PPARD 6LXA XXZFDQPPLKUBBR-NNUKFRKNSA-N seed101 81.865s
8065/8070 SUCCESS PPARA/PPARD 6LXA XXZFDQPPLKUBBR-NNUKFRKNSA-N seed71 91.323s
8066/8070 SUCCESS PPARA/PPARD 5U3Q XXZFDQPPLKUBBR-NNUKFRKNSA-N seed17 103.361s
8067/8070 SUCCESS PPARA/PPARD 5U3Q XXZFDQPPLKUBBR-NNUKFRKNSA-N seed29 95.173s
8068/8070 SUCCESS PPARA/PPARD 5U3Q XXZFDQPPLKUBBR-NNUKFRKNSA-N seed42 92.036s
8069/8070 SUCCESS PPARA/PPARD 5U3Q XXZFDQPPLKUBBR-NNUKFRKNSA-N seed71 90.562s
8070/8070 SUCCESS PPARA/PPARD 5U3Q XXZFDQPPLKUBBR-NNUKFRKNSA-N seed101 73.767s
PHASE7_DONE
