repurposing_id,chembl_id,name,canonical_smiles,max_phase,s_u_percentile,s_n_percentile,pareto_front,parse_ok,mw,clogp,hbd,hba,tpsa,rot_bonds,aromatic_rings,fsp3,heavy_atoms,molar_refractivity,qed,ro5_violations,lipinski_pass,veber_pass,egan_pass,ghose_pass,oral_absorption_ok
REP_06358,CHEMBL4297432,SLV-334,O=C(O)CN1C(=O)[C@@H](NC(=O)C2(C[C@@H](CCc3cccc4ccccc34)C(=O)O)CCCC2)CCc2ccccc21,2.0,99.93108201240524,92.1433494141971,True,True,556.66,4.97,3,4,124.01,10,3,0.394,41,155.6,0.324,1,True,True,True,False,True
REP_03282,CHEMBL2105063,LANPROSTON,O=C(O)CCC/C=C\C[C@@H]1[C@@H](/C=C/C2(COc3cccc(Cl)c3)OCCO2)[C@H](O)C[C@@H]1O,2.0,99.86216402481048,96.82977257064094,True,True,466.96,3.58,3,6,105.45,11,1,0.542,32,119.58,0.338,0,True,False,True,True,False
REP_07713,CHEMBL2324748,PF-05150122,CCN1CC(n2nccc2-c2cc(Cl)ccc2Oc2ccc(S(=O)(=O)Nc3cscn3)cc2C#N)C1,1.0,99.79324603721572,62.30186078566506,False,True,541.06,5.0,1,8,113.14,8,4,0.208,36,137.98,0.334,2,False,True,True,False,True
REP_05727,CHEMBL3545289,AZD2207,C[C@@H](NC(=O)Cc1c(Cl)ccc(NCC(F)(F)c2cccc[n+]2O)[n+]1O)c1cccc(Cl)c1,2.0,99.72432804962096,84.63128876636802,False,True,499.35,3.67,4,4,89.35,8,3,0.227,33,116.75,0.282,0,True,True,True,False,True
REP_01801,CHEMBL145347,LASALOCID,CC[C@@H](C(=O)[C@@H](C)[C@@H](O)[C@H](C)CCc1ccc(C)c(O)c1C(=O)O)[C@H]1O[C@](CC)([C@H]2CC[C@](O)(CC)[C@H](C)O2)C[C@@H]1C,2.0,99.65541006202618,98.3459682977257,True,True,590.8,5.84,4,7,133.52,13,1,0.765,42,161.73,0.225,2,False,False,False,False,False
REP_06771,CHEMBL4871106,RUPITASERTIB,NC(=O)c1cccc2c(N[C@H](CN3CCC3)c3ccc(Cl)c(C(F)(F)F)c3)ncnc12,2.0,99.58649207443143,15.230875258442452,False,True,449.86,4.26,2,5,84.14,6,3,0.286,31,111.93,0.587,0,True,True,True,True,True
REP_05773,CHEMBL3597634,GEMILUKAST,Cc1c(F)cccc1CCCCOc1ccc(C#Cc2ccc(F)c3c(CCCC(=O)O)c(C)n(CCCC(=O)O)c23)cc1,2.0,99.51757408683667,81.46106133700896,False,True,601.69,7.61,2,3,88.76,14,4,0.333,44,166.07,0.115,2,False,False,False,False,False
REP_08130,CHEMBL5095184,IMMH-010,CC1=C(OCc2cccc(-c3ccccc3)c2Br)C=C(OCc2cccnc2)C(CN[C@@H](CO)C(=O)OC(C)C)C1,1.0,99.4486560992419,81.32322536181944,False,True,621.57,6.32,2,7,89.91,13,3,0.333,41,162.39,0.216,2,False,False,False,False,False
REP_00722,CHEMBL2178578,VERCIRNON,CC(C)(C)c1ccc(S(=O)(=O)Nc2ccc(Cl)cc2C(=O)c2cc[n+]([O-])cc2)cc1,3.0,99.37973811164714,82.70158511371469,False,True,444.94,4.3,1,4,90.18,5,3,0.182,30,116.24,0.361,0,True,True,True,True,True
REP_05248,CHEMBL277689,SAMIXOGREL,O=C(O)CCC/C=C(\c1ccc(CCNS(=O)(=O)c2ccc(Cl)cc2)cc1)c1cccnc1,2.0,99.31082012405238,69.95175740868366,False,True,485.01,4.94,2,4,96.36,11,3,0.2,33,129.59,0.376,0,True,False,True,False,False
REP_07857,CHEMBL3909517,RINETERKIB,CNC[C@@H](NC(=O)c1ccc(-c2nc([C@H]3CC[C@H](O)[C@@H](F)C3)cnc2N)cc1F)c1cc(F)cc(Br)c1,1.0,99.2419021364576,91.38525155065471,False,True,578.43,4.42,4,6,113.16,7,3,0.346,37,137.57,0.33,1,True,True,True,False,True
REP_00794,CHEMBL297453,EPIGALOCATECHIN GALLATE,O=C(O[C@@H]1Cc2c(O)cc(O)cc2O[C@@H]1c1cc(O)c(O)c(O)c1)c1cc(O)c(O)c(O)c1,3.0,99.17298414886284,99.72432804962096,True,True,458.38,2.23,8,11,197.37,3,3,0.136,33,108.92,0.212,2,False,False,False,True,False
REP_05498,CHEMBL31601,REMIKIREN,CC(C)(C)S(=O)(=O)C[C@@H](Cc1ccccc1)C(=O)N[C@@H](Cc1c[nH]cn1)C(=O)N[C@@H](CC1CCCCC1)[C@@H](O)[C@@H](O)C1CC1,2.0,99.1040661612681,24.01791867677464,False,True,630.85,3.1,5,7,161.48,15,2,0.667,44,169.26,0.202,1,True,False,False,False,False
REP_07767,CHEMBL3128043,PF-03758309,Cc1nc(Nc2n[nH]c3c2CN(C(=O)N[C@H](CN(C)C)c2ccccc2)C3(C)C)c2sccc2n1,1.0,99.03514817367332,50.137835975189525,False,True,490.64,4.53,3,7,102.07,6,4,0.36,35,138.86,0.367,0,True,True,True,False,True
REP_07818,CHEMBL3545378,MK-6592,Cc1cc(Nc2cc(N3CC(F)(C4CC4)C3)nc(O[C@H]3CCN(C(=O)c4cc(Cl)ccc4F)C3)n2)n[nH]1,1.0,98.96623018607856,91.38525155065471,False,True,529.98,4.28,2,7,99.27,7,3,0.44,37,133.76,0.471,1,True,True,True,False,True
REP_02002,CHEMBL1628717,DRAFLAZINE,NC(=O)C1CN(CCCCC(c2ccc(F)cc2)c2ccc(F)cc2)CCN1CC(=O)Nc1c(Cl)cc(N)cc1Cl,2.0,98.8973121984838,91.38525155065471,False,True,604.53,5.27,3,5,104.69,11,3,0.333,41,158.99,0.205,2,False,False,True,False,False
REP_07322,CHEMBL6068062,NACRESERTIB,COc1cc2nn([C@H]3CC[C@](C)(O)CC3)cc2cc1NC(=O)c1cccc(C)[n+]1[O-],2.0,98.82839421088904,51.20606478290834,False,True,410.47,3.11,2,5,103.32,4,3,0.409,30,112.51,0.508,0,True,True,True,True,True
REP_07997,CHEMBL4472508,CINTIRORGON,CC(C)(C[C@H]1CN(S(=O)(=O)c2cccc(C(F)(F)F)c2)c2cc(-c3cc(F)cc(OC(F)F)c3)ccc2O1)C(=O)O,1.0,98.75947622329429,56.85733976567884,False,True,603.54,6.57,1,5,93.14,8,3,0.296,41,134.89,0.293,2,False,True,False,False,True
REP_07139,CHEMBL5315045,FOSIGOTIFATOR,O=C(COc1ccc(Cl)c(F)c1)NC12CCC(NC(=O)COc3ccc(Cl)c(F)c3)(CC1)[C@@H](OCOP(=O)(O)O)C2,2.0,98.69055823569953,99.79324603721572,True,True,639.37,3.87,4,7,152.65,12,2,0.44,41,141.51,0.2,1,True,False,False,False,False
REP_05789,CHEMBL3639788,TELAGLENASTAT,O=C(Cc1cccc(OC(F)(F)F)c1)Nc1ccc(CCCCc2nnc(NC(=O)Cc3ccccn3)s2)nn1,2.0,98.62164024810475,88.28394210889043,False,True,571.59,4.55,2,9,131.88,12,4,0.269,40,140.61,0.237,1,True,False,False,False,False
REP_05578,CHEMBL329123,ETALOCIB,CCCc1c(OCCCOc2cc(O)c(-c3ccc(F)cc3)cc2CC)cccc1Oc1ccccc1C(=O)O,2.0,98.55272226051,50.137835975189525,False,True,544.62,8.05,2,5,85.22,13,4,0.242,40,152.4,0.166,2,False,False,False,False,False
REP_00210,CHEMBL2105755,NALDEMEDINE,CC(C)(NC(=O)C1=C(O)[C@@H]2Oc3c(O)ccc4c3[C@@]23CCN(CC2CC2)[C@H](C4)[C@]3(O)C1)c1nc(-c2ccccc2)no1,4.0,98.48380427291524,50.137835975189525,False,True,570.65,3.48,4,9,141.18,6,3,0.469,42,150.73,0.351,1,True,False,False,False,False
REP_07008,CHEMBL5314429,TAMNORZATINIB,COc1cc2nccc(Oc3ccc(NC(=O)c4cc5c(n(-c6ccccc6)c4=O)CCCC5=O)nc3)c2cc1OC,2.0,98.41488628532046,75.63749138525155,False,True,562.58,5.36,1,8,121.64,7,5,0.156,42,156.42,0.281,2,False,True,True,False,True
REP_07065,CHEMBL5314505,BEMFIVASTATIN,CC(C)c1c(C(=O)Nc2ccc(CO)cc2)c(-c2ccccc2)c(-c2ccc(F)cc2)n1CC[C@@H](O)C[C@@H](O)CC(=O)O,2.0,98.3459682977257,76.36113025499655,False,True,588.68,5.81,5,5,132.02,13,4,0.294,43,163.17,0.134,2,False,False,False,False,False
REP_06256,CHEMBL4277900,CROZBACICLIB,CC1=Nc2c(F)cc(-c3nc(Nc4ccc(C5CCN(C)CC5)cn4)ncc3F)cc2C12CCCC2,2.0,98.27705031013096,75.63749138525155,False,True,488.59,6.29,1,6,66.3,4,3,0.429,36,137.29,0.468,1,True,True,False,False,True
REP_03254,CHEMBL2105012,IOPRONIC ACID,CCC(COCCOc1c(I)cc(I)c(NC(C)=O)c1I)C(=O)O,2.0,98.20813232253616,50.24121295658166,False,True,673.02,3.97,2,4,84.86,9,1,0.467,24,116.63,0.307,1,True,True,True,False,True
REP_08185,CHEMBL5314603,TREPROSTINIL PHOSPHATE,CCCCC[C@@H](CC[C@@H]1[C@H]2Cc3cccc(OCC(=O)O)c3C[C@H]2C[C@H]1OP(=O)(O)O)OP(=O)(O)O,1.0,98.1392143349414,97.7946243969676,False,True,550.48,3.82,5,6,180.05,14,1,0.696,36,129.28,0.168,1,True,False,False,False,False
REP_00303,CHEMBL4594217,CANAGLIFLOZIN,Cc1ccc([C@@H]2O[C@H](CO)[C@@H](O)[C@H](O)[C@H]2O)cc1Cc1ccc(-c2ccc(F)cc2)s1,4.0,98.07029634734666,94.00413507925568,False,True,444.52,2.97,4,6,90.15,5,3,0.333,31,116.42,0.486,0,True,True,True,True,True
REP_05827,CHEMBL3689071,NARMAFOTINIB,COc1cc(C2CCN(C)CC2)ccc1Nc1ncc(C(F)(F)F)c(CCc2ccccc2CC(N)=O)n1,2.0,98.0013783597519,70.70985527222605,False,True,527.59,4.87,2,6,93.37,9,3,0.393,38,139.53,0.413,1,True,True,True,False,True
REP_03976,CHEMBL2106360,HEPRONICATE,CCCCCCC(COC(=O)c1cccnc1)(COC(=O)c1cccnc1)COC(=O)c1cccnc1,2.0,97.93246037215714,85.9407305306685,False,True,505.57,4.7,0,9,117.57,14,3,0.357,37,134.75,0.174,1,True,False,True,False,False
REP_04855,CHEMBL2110980,MIOFLAZINE,NC(=O)C1CN(CC(=O)Nc2c(Cl)cccc2Cl)CCN1CCCC(c1ccc(F)cc1)c1ccc(F)cc1,2.0,97.86354238456238,47.27773949000689,False,True,575.49,5.29,2,4,78.67,10,3,0.31,39,149.96,0.344,2,False,True,True,False,True
REP_00961,CHEMBL428690,ALVOCIDIB,CN1CC[C@H](c2c(O)cc(O)c3c(=O)cc(-c4ccccc4Cl)oc23)[C@H](O)C1,3.0,97.7946243969676,87.45692625775328,False,True,401.85,3.3,3,6,94.14,2,3,0.286,28,107.12,0.61,0,True,True,True,True,True
REP_03699,CHEMBL2105631,BUDIODARONE,CC[C@H](C)OC(=O)Cc1oc2ccccc2c1C(=O)c1cc(I)c(OCCN(CC)CC)c(I)c1,2.0,97.72570640937283,85.80289455547899,False,True,703.36,6.48,0,6,68.98,12,3,0.407,35,154.35,0.122,2,False,False,False,False,False
REP_04573,CHEMBL2107622,ASCORBYL GAMOLENATE,CCCCC/C=C\C/C=C\C/C=C\CCCCC(=O)OC[C@H](O)[C@H]1OC(=O)C(O)=C1O,2.0,97.65678842177807,93.86629910406616,False,True,436.55,4.73,3,7,113.29,16,0,0.583,31,118.39,0.182,0,True,False,True,True,False
REP_05024,CHEMBL2218915,BERVASTATIN,CCOC(=O)CC(O)CC(O)/C=C/C1=C(c2ccc(F)cc2)c2ccccc2OC12CCCC2,2.0,97.58787043418332,91.38525155065471,False,True,466.55,4.95,2,5,75.99,8,2,0.393,34,127.71,0.538,0,True,True,True,True,True
REP_07258,CHEMBL600325,PROSCILLARIDIN,C[C@@H]1O[C@@H](O[C@@H]2C=C3CC[C@@H]4[C@H](CC[C@]5(C)[C@@H](c6ccc(=O)oc6)CC[C@]45O)[C@@]3(C)CC2)[C@H](O)[C@H](O)[C@H]1O,2.0,97.51895244658856,87.66368022053757,False,True,530.66,3.01,4,8,129.59,3,1,0.767,38,138.11,0.439,1,True,True,True,False,True
REP_07069,CHEMBL5314510,CANLITINIB,COc1cc2c(Oc3ccc(NC(=O)C4(C(=O)Nc5ccc(F)cc5)CC4)cc3F)ccnc2cc1OCCCCCC(=O)O,2.0,97.4500344589938,50.137835975189525,False,True,619.62,6.7,3,7,136.08,14,4,0.273,45,161.69,0.105,2,False,False,False,False,False
REP_06877,CHEMBL5095102,INIXACICLIB,CC(C)N1CCOc2c(F)cc(-c3nc(Nc4ccc(C5CCN(C)CC5)cn4)ncc3F)cc21,2.0,97.38111647139904,50.137835975189525,False,True,480.56,4.98,1,7,66.41,5,3,0.423,35,132.35,0.553,0,True,True,True,False,True
REP_05802,CHEMBL3657311,IFEBEMTINIB,COc1cc(C(=O)NC2CCN(C)CC2)c(F)cc1Nc1ncc(C(F)(F)F)c(Oc2cccc3c2C(=O)N(C)C3)n1,2.0,97.31219848380428,50.137835975189525,False,True,588.56,4.59,2,8,108.92,7,3,0.357,42,143.57,0.386,1,True,True,True,False,True
REP_02391,CHEMBL1951575,VIDUPIPRANT,CC(C)(C)NC(=O)c1ccc(Oc2cc(F)c(CC(=O)O)cc2Cl)c(NS(=O)(=O)c2ccc(C3CC3)cc2Cl)c1,2.0,97.24328049620952,78.842177808408,False,True,609.5,6.76,3,5,121.8,9,3,0.286,40,150.72,0.247,2,False,True,False,False,True
REP_07034,CHEMBL5314469,MERIGOLIX,O=C(O)CCCN[C@@H](Cn1c(=O)c2c(n(Cc3c(F)cccc3C(F)(F)F)c1=O)COC21CCN(Cc2ccc(C(F)(F)F)o2)CC1)c1ccccc1,2.0,97.17436250861476,75.63749138525155,False,True,752.68,6.05,2,7,118.94,12,4,0.417,53,174.21,0.133,2,False,False,False,False,False
REP_08135,CHEMBL5095192,PF-06952229,CC(C)c1cnc(-c2cc(Cl)ccc2F)cc1Nc1ccncc1C(=O)NC(CO)CO,1.0,97.10544452102,94.5554789800138,False,True,458.92,3.89,4,6,107.37,8,3,0.261,32,121.68,0.408,0,True,True,True,True,True
REP_00800,CHEMBL3039505,VERCIRNON SODIUM,CC(C)(C)c1ccc(S(=O)(=O)[N-]c2ccc(Cl)cc2C(=O)c2cc[n+]([O-])cc2)cc1,3.0,97.03652653342525,91.17849758787044,False,True,443.93,4.9,0,4,92.25,5,3,0.182,30,115.63,0.318,0,True,True,True,True,True
REP_08055,CHEMBL4650286,M4344,Nc1nn2cc(F)cnc2c1C(=O)Nc1cncc(F)c1N1CCC(C(=O)N2CCN(C3COC3)CC2)CC1,1.0,96.96760854583046,91.38525155065471,False,True,541.56,1.0,2,9,134.22,5,3,0.48,39,137.2,0.485,1,True,True,False,False,True
REP_05610,CHEMBL333325,FOSRAVUCONAZOLE,C[C@@H](c1nc(-c2ccc(C#N)cc2)cs1)[C@@](Cn1cncn1)(OCOP(=O)(O)O)c1ccc(F)cc1F,2.0,96.8986905582357,99.93108201240524,True,True,547.48,4.33,2,8,143.38,10,4,0.217,37,127.82,0.219,1,True,False,False,False,False
REP_06129,CHEMBL3989969,OPIGOLIX,C[C@@H](O)C(=N)NS(=O)(=O)c1cc(C(=O)C(C(=O)c2cc(F)ccc2F)=C2Nc3ccccc3N2)ccc1F,2.0,96.82977257064094,89.80013783597519,False,True,544.51,3.56,5,8,148.45,7,3,0.08,38,131.86,0.076,1,True,False,False,False,False
REP_08014,CHEMBL4580266,KIO-100,O=C(Nc1c(F)c(F)c(-c2cccc(OC(F)(F)F)c2)c(F)c1F)c1ccsc1C(=O)O,1.0,96.76085458304615,64.16264645072364,False,True,479.33,5.82,2,4,75.63,5,3,0.053,32,97.62,0.357,1,True,True,True,False,True
REP_01493,CHEMBL1209734,BMS-986094,COc1nc(N)nc2c1ncn2[C@@H]1O[C@H](COP(=O)(N[C@@H](C)C(=O)OCC(C)(C)C)Oc2cccc3ccccc23)[C@@H](O)[C@@]1(C)O,2.0,96.6919365954514,98.07029634734666,False,True,658.65,3.35,4,13,202.4,11,4,0.467,46,167.97,0.135,2,False,False,False,False,False
REP_02482,CHEMBL204694,BEFETUPITANT,Cc1ccccc1-c1cc(N2CCOCC2)ncc1N(C)C(=O)C(C)(C)c1cc(C(F)(F)F)cc(C(F)(F)F)c1,2.0,96.62301860785664,16.953824948311514,False,True,565.56,6.87,0,4,45.67,5,3,0.379,40,140.32,0.317,2,False,True,False,False,True
REP_05280,CHEMBL280481,VERLUKAST,CN(C)C(=O)CCS[C@H](SCCC(=O)O)c1cccc(/C=C/c2ccc3ccc(Cl)cc3n2)c1,2.0,96.55410062026188,96.48518263266712,False,True,515.1,6.48,1,5,70.5,11,3,0.269,34,145.34,0.295,2,False,False,False,False,False
REP_00559,CHEMBL1829174,FASIGLIFAM,Cc1cc(OCCCS(C)(=O)=O)cc(C)c1-c1cccc(COc2ccc3c(c2)OC[C@H]3CC(=O)O)c1,3.0,96.48518263266712,50.137835975189525,False,True,524.64,5.31,1,6,99.13,11,3,0.345,37,142.44,0.339,2,False,False,True,False,False
REP_06426,CHEMBL4297648,SELETALISIB,[O-][n+]1cccc(-c2nc3c(Cl)cccc3cc2[C@@H](Nc2ncnc3cccnc23)C(F)(F)F)c1,2.0,96.41626464507236,80.63404548587181,False,True,482.85,5.24,1,6,90.53,4,5,0.087,34,120.9,0.278,1,True,True,True,False,True
REP_07920,CHEMBL4297282,GDC-0917,CN[C@@H](C)C(=O)N[C@H](C(=O)N1CCC[C@H]1C(=O)Nc1sc(-c2ncco2)nc1-c1ccccc1)C1CCCCC1,1.0,96.3473466574776,91.38525155065471,False,True,564.71,4.07,3,8,129.46,9,3,0.483,40,153.44,0.357,1,True,True,True,False,True
REP_06866,CHEMBL5095088,ANIZATRECTINIB,COCCN1C[C@@H](NC(=O)Nc2c(C)c(-c3cnc(C)nc3)nn2-c2ccccc2)[C@H](c2cccc(F)c2)C1,2.0,96.27842866988284,50.137835975189525,False,True,529.62,4.32,2,6,97.2,8,4,0.31,39,147.46,0.353,1,True,True,True,False,True
REP_00725,CHEMBL220360,TARANABANT,C[C@H](NC(=O)C(C)(C)Oc1ccc(C(F)(F)F)cn1)[C@@H](Cc1ccc(Cl)cc1)c1cccc(C#N)c1,3.0,96.20951068228808,91.38525155065471,False,True,515.96,6.31,1,4,75.01,8,3,0.296,36,130.6,0.381,2,False,True,False,False,True
REP_05594,CHEMBL3301674,IFETROBAN SODIUM,CCCCCNC(=O)c1coc([C@H]2[C@@H](Cc3ccccc3CCC(=O)[O-])[C@@H]3CC[C@H]2O3)n1,2.0,96.14059269469332,85.42384562370778,False,True,439.53,2.78,1,6,104.49,11,2,0.56,32,115.96,0.54,0,True,False,True,True,False
REP_06643,CHEMBL4650322,RUNCACIGUAT,C[C@H]([C@H](C(=O)Nc1cc([C@@H](CC(=O)O)C2CC2)ccc1Cl)c1ccc(Cl)cc1)C(F)(F)F,2.0,96.07167470709857,50.137835975189525,False,True,488.33,6.88,2,2,66.4,8,2,0.391,32,117.21,0.426,1,True,True,False,False,True
REP_00860,CHEMBL3545308,ROCILETINIB,C=CC(=O)Nc1cccc(Nc2nc(Nc3ccc(N4CCN(C(C)=O)CC4)cc3OC)ncc2C(F)(F)F)c1,3.0,96.0027567195038,50.137835975189525,False,True,555.56,4.78,3,8,111.72,8,3,0.259,40,146.33,0.341,1,True,True,True,False,True
REP_01000,CHEMBL4297508,DORZAGLIATIN,CC(C)C[C@@H](C(=O)Nc1ccn(C[C@@H](O)CO)n1)N1CC(Oc2ccccc2Cl)=CC1=O,3.0,95.93383873190902,91.38525155065471,False,True,462.93,2.05,3,6,116.92,10,2,0.409,32,119.07,0.497,0,True,True,True,True,True
REP_05459,CHEMBL3113165,VLX-1005,COc1cccc(CNc2ccc(S(=O)(=O)Nc3nc4ccccc4s3)cc2)c1O,2.0,95.86492074431426,93.4527911784976,False,True,441.53,4.42,3,7,100.55,7,4,0.095,30,118.86,0.392,0,True,True,True,True,True
REP_06618,CHEMBL460289,MITOPODOZIDE,CCNNC(=O)[C@@H]1[C@H](c2cc(OC)c(OC)c(OC)c2)c2cc3c(cc2[C@H](O)[C@H]1CO)OCO3,2.0,95.7960027567195,87.25017229496899,False,True,474.51,1.49,4,9,127.74,8,2,0.458,34,121.35,0.421,0,True,True,True,True,True
REP_03720,CHEMBL2105793,TOCOFENOXATE,Cc1c(C)c2c(c(C)c1OC(=O)COc1ccc(Cl)cc1)CCC(C)(CCCC(C)CCCC(C)CCCC(C)C)O2,2.0,95.72708476912474,14.266023432115782,False,True,599.3,10.77,0,4,44.76,16,2,0.649,42,175.31,0.142,2,False,False,False,False,False
REP_02379,CHEMBL1933350,MK-3577,CCC[C@H](c1ccc(C(=O)NCCC(=O)O)cc1)[C@H](c1ccc(Cl)cc1)c1c[nH]c2c(F)cc(C)cc12,2.0,95.65816678153,50.137835975189525,False,True,521.03,7.19,3,2,82.19,10,4,0.267,37,144.97,0.207,2,False,True,False,False,True
REP_07584,CHEMBL1233182,GW-695634,CCC(=O)NS(=O)(=O)c1ccc(NC(=O)COc2ccc(Cl)cc2C(=O)c2cc(Cl)cc(C#N)c2)c(C)c1,1.0,95.58924879393524,95.38249483115094,False,True,574.44,4.64,2,7,142.43,9,3,0.154,38,141.97,0.355,1,True,False,False,False,False
REP_02492,CHEMBL206031,BRECANAVIR,Cc1nc(COc2ccc(C[C@H](NC(=O)O[C@H]3CO[C@H]4OCC[C@H]43)[C@H](O)CN(CC(C)C)S(=O)(=O)c3ccc4c(c3)OCO4)cc2)cs1,2.0,95.52033080634044,45.89937973811165,False,True,703.84,3.87,2,12,154.98,14,3,0.515,48,174.49,0.252,2,False,False,False,False,False
REP_07951,CHEMBL4297421,COH-29,O=C(Nc1nc(-c2ccc(O)c(O)c2)c(-c2ccccc2)s1)c1ccc(O)c(O)c1,1.0,95.4514128187457,96.55410062026188,False,True,420.45,4.55,5,7,122.91,4,4,0.0,30,114.04,0.309,0,True,True,True,True,True
REP_07792,CHEMBL3358954,BI 653048,CCS(=O)(=O)c1cc2cc(C[C@](O)(CC(C)(C)c3ccc(F)cc3C(N)=O)C(F)(F)F)[nH]c2cn1,1.0,95.38249483115094,66.71261199172984,False,True,515.53,3.8,3,5,126.14,8,3,0.391,35,121.09,0.394,1,True,True,True,False,True
REP_00476,CHEMBL1289110,TIANEPTINE,CN1c2ccccc2C(NCCCCCCC(=O)O)c2ccc(Cl)cc2S1(=O)=O,3.0,95.31357684355616,40.66161268090972,False,True,436.96,4.19,2,4,86.71,8,2,0.381,29,114.05,0.606,0,True,True,True,True,True
REP_05035,CHEMBL2220475,TUBULOZOLE,CCOC(=O)Nc1ccc(SCC2COC(Cn3ccnc3)(c3ccc(Cl)cc3Cl)O2)cc1,2.0,95.2446588559614,80.289455547898,False,True,508.43,5.82,1,6,74.61,8,3,0.304,33,129.0,0.387,2,False,True,True,False,True
REP_06085,CHEMBL3989794,DAGLUTRIL,CCOC(=O)[C@H](CCCc1ccccc1)C1(C(=O)N[C@H]2CCc3ccccc3N(CC(=O)O)C2=O)CCCC1,2.0,95.17574086836665,75.63749138525155,False,True,534.65,4.3,2,5,113.01,11,2,0.484,39,147.09,0.416,1,True,False,True,False,False
REP_01199,CHEMBL5314597,BIMATOPROST GRENOD,CCNC(=O)CCC/C=C/C[C@@H]1[C@@H](/C=C/[C@H](CCc2ccccc2)OC(=O)CCCCCO[N+](=O)[O-])[C@H](O)C[C@@H]1O,3.0,95.10682288077189,75.63749138525155,False,True,574.72,4.47,3,8,148.23,20,1,0.613,41,155.1,0.068,1,True,False,False,False,False
REP_08027,CHEMBL4594423,TP-1287,CN1CC[C@H](c2c(OP(=O)(O)O)cc(O)c3c(=O)cc(-c4ccccc4Cl)oc23)[C@H](O)C1,1.0,95.03790489317711,50.137835975189525,False,True,481.83,3.07,4,7,140.67,4,3,0.286,32,118.13,0.414,0,True,False,False,False,False
REP_06121,CHEMBL3989916,TIGILANOL TIGLATE,C/C=C(\C)C(=O)O[C@@H]1[C@@H](C)[C@@]2(O)[C@H]([C@@H]3C(C)(C)[C@]13OC(=O)[C@@H](C)CC)[C@@H]1O[C@]1(CO)[C@@H](O)[C@]1(O)C(=O)C(C)=C[C@H]12,2.0,94.96898690558236,19.77946243969676,False,True,562.66,1.23,4,10,163.12,6,0,0.767,40,140.36,0.21,1,True,False,False,False,False
REP_07757,CHEMBL3040440,VS-4718,CNC(=O)c1ccccc1Nc1cc(Nc2ccc(N3CCOCC3)cc2OC)ncc1C(F)(F)F,1.0,94.9000689179876,66.2301860785665,False,True,501.51,4.79,3,7,87.75,7,3,0.28,36,131.66,0.429,1,True,True,True,False,True
REP_03240,CHEMBL2104988,TIPELUKAST,CCCc1c(SCCCOc2ccc(C(C)=O)c(OCCCC(=O)O)c2CCC)ccc(C(C)=O)c1O,2.0,94.83115093039282,77.32598208132322,False,True,530.68,6.51,2,7,110.13,17,2,0.483,37,145.75,0.135,2,False,False,False,False,False
REP_08218,CHEMBL5425361,H3B-6545 FREE BASE,CN(C)C(=O)/C=C/CNCCOc1ccc(/C(=C(/CC(F)(F)F)c2ccccc2)c2ccc3[nH]nc(F)c3c2)cn1,1.0,94.76223294279808,50.137835975189525,False,True,567.59,5.62,2,5,83.14,11,4,0.233,41,149.52,0.106,2,False,False,True,False,False
REP_05104,CHEMBL2364628,RICOLINOSTAT,O=C(CCCCCCNC(=O)c1cnc(N(c2ccccc2)c2ccccc2)nc1)NO,2.0,94.6933149552033,75.63749138525155,False,True,433.51,4.13,3,6,107.45,11,3,0.25,32,122.06,0.238,0,True,False,True,True,False
REP_05679,CHEMBL35084,CANDOXATRIL,COCCOC[C@H](CC1(C(=O)N[C@H]2CC[C@@H](C(=O)O)CC2)CCCC1)C(=O)Oc1ccc2c(c1)CCC2,2.0,94.62439696760856,60.78566505858029,False,True,515.65,4.07,2,6,111.16,12,1,0.69,37,137.33,0.245,1,True,False,True,False,False
REP_07702,CHEMBL2181753,AM-211,CCN(Cc1cc(C(F)(F)F)ccc1-c1cc(CC(=O)O)ccc1OC)C(=O)NCc1ccccc1,1.0,94.5554789800138,50.137835975189525,False,True,500.52,5.74,2,3,78.87,9,3,0.259,36,129.53,0.393,2,False,True,True,False,True
REP_05733,CHEMBL3545365,ALTIRATINIB,O=C(Nc1cc(Oc2cc(F)c(NC(=O)C3(C(=O)Nc4ccc(F)cc4)CC3)cc2F)ccn1)C1CC1,2.0,94.48656099241902,99.4486560992419,False,True,510.47,5.0,3,5,109.42,8,3,0.231,37,127.35,0.37,1,True,True,True,False,True
REP_08217,CHEMBL5421037,STX-478,Cc1c([C@@H](NC(=O)Nc2cnc(N)nc2)C(F)(F)F)oc2c(F)cc(F)cc12,1.0,94.41764300482426,91.38525155065471,False,True,401.3,3.82,3,5,106.07,3,3,0.188,28,88.26,0.579,0,True,True,True,True,True
REP_06870,CHEMBL5095094,CULMERCICLIB,CC(C)c1c2cc(-c3nc(Nc4ccc(N5CCNCC5)cn4)ncc3F)ccc2nn1C,2.0,94.3487250172295,50.137835975189525,False,True,446.53,3.84,2,7,83.79,5,4,0.333,33,128.39,0.482,0,True,True,True,True,True
REP_07874,CHEMBL3961833,AZD-9898,COc1nc(N(CC(C)(C)F)c2cc(Cl)c(F)cc2F)cnc1C(=O)[C@H]1C[C@@H]1C(=O)O,1.0,94.27980702963474,51.48173673328738,False,True,457.84,4.21,1,6,92.62,8,2,0.4,31,105.71,0.469,0,True,True,True,True,True
REP_01948,CHEMBL1614646,SUSALIMOD,Cc1cccnc1NS(=O)(=O)c1ccc(C#Cc2ccc(O)c(C(=O)O)c2)cc1,2.0,94.21088904203997,75.63749138525155,False,True,408.44,2.99,3,5,116.59,4,3,0.048,29,107.27,0.572,0,True,True,True,True,True
REP_08132,CHEMBL5095188,MAX-10181,Cc1c(C=Cc2cc(CNC(C)(CO)C(=O)O)ccc2C(F)(F)F)cccc1-c1ccc2c(c1)OCCO2,1.0,94.1419710544452,96.14059269469332,False,True,527.54,5.55,3,5,88.02,8,3,0.276,38,137.94,0.333,2,False,True,True,False,True
REP_00864,CHEMBL3545413,FLUMATINIB,Cc1ncc(NC(=O)c2ccc(CN3CCN(C)CC3)c(C(F)(F)F)c2)cc1Nc1nccc(-c2cccnc2)n1,3.0,94.07305306685043,27.56719503790489,False,True,562.6,5.0,2,8,99.17,7,4,0.276,41,149.69,0.325,2,False,True,True,False,True
REP_02540,CHEMBL2103810,EZATIOSTAT HYDROCHLORIDE,CCOC(=O)[C@@H](N)CCC(=O)N[C@@H](CSCc1ccccc1)C(=O)N[C@@H](C(=O)OCC)c1ccccc1,2.0,94.00413507925568,44.45210199862164,False,True,529.66,2.5,3,8,136.82,15,2,0.407,37,142.34,0.299,1,True,False,False,False,False
REP_07152,CHEMBL5414447,ATUMELNANT,CCOc1ccccc1-c1ccc(N2CCN(C(=O)C3(C(F)(F)F)CCC3)C[C@H]2CC)c(C(=O)N[C@@H]2CN3CCC2CC3)n1,2.0,93.93521709166092,50.137835975189525,False,True,613.72,5.13,1,6,78.01,8,2,0.606,44,161.6,0.445,2,False,True,True,False,True
REP_06750,CHEMBL4802293,TEBITOREXANT,O=C(c1cccc(F)c1-c1ncccn1)N1C[C@H]2C[C@@H](Oc3ccc(C(F)(F)F)cn3)[C@@H]1C2,2.0,93.86629910406616,75.32736044107511,False,True,458.42,4.38,0,5,68.21,4,3,0.304,33,108.63,0.543,0,True,True,True,True,True
REP_03992,CHEMBL2106405,DELOXOLONE,CC1(C)[C@@H](OC(=O)CCC(=O)O)CC[C@]2(C)C3=CC[C@@H]4[C@@H]5C[C@@](C)(C(=O)O)CC[C@]5(C)CC[C@@]4(C)[C@]3(C)CC[C@@H]12,2.0,93.7973811164714,54.51412818745693,False,True,556.78,7.65,2,4,100.9,5,0,0.853,40,153.42,0.266,2,False,True,False,False,True
REP_06377,CHEMBL4297478,VAMOTINIB,Cc1ccc(C(=O)Nc2ccc(CN3CCN(C)CC3)c(C(F)(F)F)c2)cc1C#Cc1nnc2ccccn12,2.0,93.72846312887664,50.137835975189525,False,True,532.57,4.46,1,5,65.77,4,4,0.276,39,142.32,0.394,1,True,True,True,False,True
REP_04973,CHEMBL2159227,CEMDOMESPIB,CO[C@@H]1[C@@H](O)[C@@H](O)[C@H](Oc2ccc(CCNC(C)=O)c(-c3cccc(F)c3)c2)OC1(C)C,2.0,93.65954514128188,68.986905582357,False,True,447.5,2.42,3,6,97.25,7,2,0.458,32,116.61,0.603,0,True,True,True,True,True
REP_05029,CHEMBL2219412,AFOXOLANER,O=C(CNC(=O)c1ccc(C2=NOC(c3cc(Cl)cc(C(F)(F)F)c3)(C(F)(F)F)C2)c2ccccc12)NCC(F)(F)F,2.0,93.59062715368712,91.38525155065471,False,True,625.88,6.5,2,4,79.79,6,3,0.269,42,131.77,0.307,2,False,True,False,False,True
REP_08210,CHEMBL5316169,CR-3465 FREE ACID,O=C(N[C@@H](Cc1ccc(OCc2ccc3ccc(F)cc3n2)cc1)C(=O)O)c1ccc2ccccc2n1,1.0,93.52170916609236,50.137835975189525,False,True,495.51,4.93,2,5,101.41,8,5,0.103,37,136.81,0.317,0,True,True,True,False,True
REP_07656,CHEMBL2016893,XL-418,Cc1c(NCCN2CCCC2)cc(C(=O)CCC(F)(F)F)cc1N1CCN(c2ncnc3[nH]nc(Br)c23)CC1,1.0,93.4527911784976,24.01791867677464,False,True,609.49,4.78,2,8,93.28,9,3,0.538,39,148.77,0.335,1,True,True,True,False,True
REP_03129,CHEMBL2104791,IOSUMETIC ACID,CCN(C(=O)CCC(=O)O)c1c(I)cc(I)c(NC)c1I,2.0,93.38387319090282,49.00068917987595,False,True,627.99,3.76,2,3,69.64,6,1,0.385,21,109.04,0.472,1,True,True,True,False,True
REP_05075,CHEMBL2325014,PF-05089771,Nc1[nH]ncc1-c1cc(Cl)ccc1Oc1cc(F)c(S(=O)(=O)Nc2cscn2)cc1Cl,2.0,93.31495520330806,96.07167470709857,False,True,500.36,5.15,3,7,122.99,6,4,0.0,31,117.85,0.336,2,False,True,True,False,True
REP_05976,CHEMBL3989448,TOLAFENTRINE,COc1cc2c(cc1OC)[C@H]1CN(C)CC[C@H]1N=C2c1ccc(NS(=O)(=O)c2ccc(C)cc2)cc1,2.0,93.2460372157133,14.472777394900069,False,True,505.64,4.45,1,6,80.23,6,3,0.321,36,142.26,0.535,1,True,True,True,False,True
REP_06911,CHEMBL5095236,DIVARASIB,C=CC(=O)N1CCN(c2nc(OC[C@@H]3CCCN3C)nc3c(F)c(-c4nc(N)cc(C)c4C(F)(F)F)c(Cl)cc23)[C@@H](C)C1,2.0,93.17711922811854,91.38525155065471,False,True,622.07,5.09,1,8,100.71,6,3,0.448,43,156.62,0.3,2,False,True,True,False,True
REP_05227,CHEMBL274185,LECIMIBIDE,CCCCCCCN(CCCCCSc1nc(-c2ccccc2)c(-c2ccccc2)[nH]1)C(=O)Nc1ccc(F)cc1F,2.0,93.10820124052378,50.137835975189525,False,True,590.78,9.79,2,3,61.02,16,4,0.353,42,169.74,0.101,2,False,False,False,False,False
REP_02989,CHEMBL2104600,ETIBENDAZOLE,COC(=O)Nc1nc2ccc(C3(c4ccc(F)cc4)OCCO3)cc2[nH]1,2.0,93.039283252929,81.9434872501723,False,True,357.34,3.13,2,5,85.47,3,3,0.222,26,91.21,0.752,0,True,True,True,True,True
REP_07648,CHEMBL1951865,CMS-121,Oc1ccc(-c2cc(OC3CCCC3)c3ccccc3n2)cc1O,1.0,92.97036526533424,80.01378359751895,False,True,321.38,4.63,2,4,62.58,3,3,0.25,24,93.39,0.69,0,True,True,True,True,True
REP_01021,CHEMBL4297633,SEPETAPROST,CC(C)OC(=O)CCC[C@H]1CC[C@@H]2[C@@H](/C=C/[C@@H](O)COc3cc(F)ccc3F)[C@H](O)C[C@@H]2OC1,3.0,92.90144727773948,90.144727773949,False,True,482.56,4.17,2,6,85.22,10,1,0.654,34,122.15,0.385,0,True,True,True,False,True
REP_07016,CHEMBL5314440,SACIBERTINIB,CN(C)C/C=C/C(=O)Nc1cc2c(Nc3ccc(OCc4ccccn4)c(Cl)c3)c(C#N)cnc2cc1O[C@H]1CCOC1,2.0,92.83252929014472,91.38525155065471,False,True,599.09,5.7,2,9,121.63,11,4,0.25,43,165.94,0.209,2,False,False,True,False,False
REP_00552,CHEMBL1800807,ANACETRAPIB,COc1cc(F)c(C(C)C)cc1-c1ccc(C(F)(F)F)cc1CN1C(=O)O[C@H](c2cc(C(F)(F)F)cc(C(F)(F)F)c2)[C@@H]1C,3.0,92.76361130254996,75.63749138525155,False,True,637.51,9.76,0,3,38.77,6,3,0.367,44,138.15,0.253,2,False,True,False,False,True
REP_06516,CHEMBL4471306,QUEMLICLUSTAT,C[C@H](Nc1cc(Cl)nc2c1cnn2[C@@H]1O[C@H](COP(=O)(O)CP(=O)(O)O)[C@@H](O)[C@H]1O)c1ccccc1F,2.0,92.6946933149552,97.65678842177807,False,True,580.83,2.35,6,9,196.49,9,3,0.4,37,129.59,0.16,2,False,False,False,False,False
REP_06510,CHEMBL4466233,PEMRAMETOSTAT,CC(=O)N1CCC(Nc2cc(C(=O)NC[C@H](O)CN3CCc4ccccc4C3)ncn2)CC1,2.0,92.62577532736044,83.87319090282563,False,True,452.56,1.05,3,7,110.69,7,2,0.5,33,124.69,0.576,0,True,True,True,True,True
REP_05593,CHEMBL3301673,IFETROBAN,CCCCCNC(=O)c1coc([C@H]2[C@@H](Cc3ccccc3CCC(=O)O)[C@@H]3CC[C@H]2O3)n1,2.0,92.55685733976568,91.38525155065471,False,True,440.54,4.12,2,5,101.66,11,2,0.56,32,118.59,0.51,0,True,False,True,True,False
REP_07664,CHEMBL2062154,CI-988,C[C@](Cc1c[nH]c2ccccc12)(NC(=O)OC1[C@H]2C[C@@H]3C[C@@H](C[C@H]1C3)C2)C(=O)NC[C@H](NC(=O)CCC(=O)O)c1ccccc1,1.0,92.48793935217093,50.137835975189525,False,True,614.74,4.86,5,5,149.62,12,3,0.486,45,168.06,0.197,1,True,False,False,False,False
REP_02569,CHEMBL2103909,SALAFIBRATE,CC(=O)Oc1ccccc1C(=O)OC(COC(=O)C(C)(C)Oc1ccc(Cl)cc1)COC(=O)C(C)(C)Oc1ccc(Cl)cc1,2.0,92.41902136457615,75.63749138525155,False,True,647.5,6.25,0,10,123.66,13,3,0.312,44,161.19,0.12,2,False,False,False,False,False
REP_07010,CHEMBL5314433,NELUTROCTIV,CS(=O)(=O)c1cncc(C(=O)N2[C@@H](C(=O)N[C@@H](c3cc(F)c(C(F)(F)F)cc3F)C3CC3)C[C@H]3C[C@H]32)c1,2.0,92.3501033769814,94.41764300482426,False,True,543.51,3.65,1,5,96.44,6,2,0.458,37,118.78,0.562,1,True,True,True,False,True
REP_06087,CHEMBL3989796,SALPROTOSIDE,CCCO[C@H]1[C@@H]([C@@H](COC(=O)c2ccccc2O)OC(=O)c2ccccc2O)OC(OCC)[C@@H]1O,2.0,92.28118538938664,95.4514128187457,False,True,490.51,2.4,3,10,140.98,11,2,0.44,35,122.02,0.402,0,True,False,False,False,False
REP_07801,CHEMBL35306,NIKKOMYCIN,C[C@@H]([C@H](N)C(=O)N[C@H](C(=O)O)[C@H]1O[C@@H](n2ccc(=O)[nH]c2=O)[C@H](O)[C@@H]1O)[C@H](O)c1ccc(O)cn1,1.0,92.21226740179188,88.62853204686422,False,True,495.45,-3.48,8,11,250.32,8,2,0.45,35,114.81,0.178,2,False,False,False,False,False
REP_02129,CHEMBL17377,FOSTRIECIN,C[C@@](O)(/C=C/[C@H]1CC=CC(=O)O1)[C@@H](C[C@@H](O)\C=C/C=C\C=C\CO)OP(=O)(O)O,2.0,92.1433494141971,99.51757408683667,False,True,430.39,1.06,5,7,153.75,11,0,0.421,29,105.45,0.14,0,True,False,False,True,False
REP_04411,CHEMBL2107238,URSULCHOLIC ACID,C[C@H](CCC(=O)O)[C@H]1CC[C@H]2[C@@H]3[C@@H](OS(=O)(=O)O)C[C@@H]4C[C@H](OS(=O)(=O)O)CC[C@]4(C)[C@H]3CC[C@]12C,2.0,92.07443142660236,91.38525155065471,False,True,552.71,4.13,3,7,164.5,8,0,0.958,36,129.48,0.373,1,True,False,False,False,False
REP_00720,CHEMBL217092,SARACATINIB,CN1CCN(CCOc2cc(OC3CCOCC3)c3c(Nc4c(Cl)ccc5c4OCO5)ncnc3c2)CC1,3.0,92.0055134390076,58.85596140592695,False,True,542.04,3.94,1,10,90.44,8,3,0.481,38,144.3,0.452,1,True,True,True,False,True
REP_07787,CHEMBL3338866,MK-1064,COc1ccc(CNC(=O)c2cc(-c3cncc(Cl)c3)cnc2-c2ccccn2)nc1OC,1.0,91.9365954514128,75.63749138525155,False,True,461.91,4.2,1,7,99.12,7,4,0.125,33,124.22,0.44,0,True,True,True,True,True
REP_08129,CHEMBL5095180,FDL169,CCOc1ccc2c(-c3cccc(F)c3)nn(CC(=O)N(C)c3ccc4nc(C)oc4c3)c(=O)c2c1,1.0,91.86767746381804,50.137835975189525,False,True,486.5,4.71,0,6,90.46,6,5,0.185,36,134.72,0.345,0,True,True,True,False,True
REP_03159,CHEMBL2104857,PETRICHLORAL,OC(OCC(COC(O)C(Cl)(Cl)Cl)(COC(O)C(Cl)(Cl)Cl)COC(O)C(Cl)(Cl)Cl)C(Cl)(Cl)Cl,2.0,91.7987594762233,89.11095796002758,False,True,725.7,4.79,4,8,117.84,12,0,1.0,33,131.43,0.168,1,True,False,True,False,False
REP_06383,CHEMBL4297486,RX-518,C=CC(=O)Nc1cccc(-c2cccc3cnc(Nc4ccc(N5CCN(CCO)CC5)c(F)c4F)nc23)c1,2.0,91.72984148862852,50.137835975189525,False,True,530.58,4.56,3,7,93.62,8,4,0.207,39,149.18,0.288,1,True,True,True,False,True
REP_01308,CHEMBL107367,FARGLITAZAR,Cc1oc(-c2ccccc2)nc1CCOc1ccc(C[C@H](Nc2ccccc2C(=O)c2ccccc2)C(=O)O)cc1,2.0,91.66092350103376,73.74224672639559,False,True,546.62,6.61,2,6,101.66,12,5,0.147,41,157.38,0.17,2,False,False,False,False,False
REP_00207,CHEMBL2105720,LESINURAD,O=C(O)CSc1nnc(Br)n1-c1ccc(C2CC2)c2ccccc12,4.0,91.592005513439,95.03790489317711,False,True,404.29,4.24,1,4,68.01,5,3,0.235,24,96.9,0.645,0,True,True,True,True,True
REP_04373,CHEMBL2107151,NICAFENINE,O=C(NCCOC(=O)c1ccccc1Nc1ccnc2cc(Cl)ccc12)c1cccnc1,2.0,91.52308752584425,72.77739490006891,False,True,446.89,4.61,2,6,93.21,7,4,0.083,32,123.33,0.318,0,True,True,True,True,True
REP_00992,CHEMBL4297455,CAFICRESTAT,O=C(O)Cc1nn(Cc2nc3cc(C(F)(F)F)ccc3s2)c(=O)c2nccnc12,3.0,91.45416953824947,94.96898690558236,False,True,421.36,2.49,1,7,110.86,4,4,0.176,29,96.66,0.539,0,True,True,True,True,True
REP_07507,CHEMBL89326,MOXILUBANT,COc1cc(C(=O)N(C(C)C)C(C)C)ccc1OCCCCCOc1ccc(C(=N)N)cc1,2.0,91.38525155065471,77.80840799448656,False,True,455.6,4.87,2,5,97.87,13,2,0.462,33,131.73,0.255,0,True,False,True,False,False
REP_05877,CHEMBL3787344,NAZARTINIB,Cc1cc(C(=O)Nc2nc3cccc(Cl)c3n2[C@@H]2CCCCN(C(=O)/C=C/CN(C)C)C2)ccn1,2.0,91.31633356305996,50.137835975189525,False,True,495.03,4.32,1,5,83.36,6,3,0.385,35,138.83,0.516,0,True,True,True,False,True
REP_06607,CHEMBL4594444,PECAVAPTAN,C[C@H](O)c1nc(Cn2nc(-c3ccc(Cl)cc3)n(C[C@H](O)C(F)(F)F)c2=O)nn1-c1cccc(Cl)c1,2.0,91.2474155754652,88.83528600964851,False,True,543.33,3.62,2,6,110.99,7,4,0.273,36,125.1,0.369,1,True,True,True,False,True
REP_00635,CHEMBL2104574,ECRAPROST,CCCCC[C@H](O)/C=C/[C@@H]1C(CCCCCCC(=O)OCCCC)=C(OC(=O)CCC)C[C@H]1O,3.0,91.17849758787044,50.137835975189525,False,True,480.69,6.15,2,6,93.06,19,0,0.786,34,135.0,0.131,1,True,False,False,False,False
REP_01096,CHEMBL4650333,SERALUTINIB,COc1ccc(-c2cncc(N[C@@H](C)c3cccc(NC(=O)c4cncc(C)c4)c3)n2)cc1OC,3.0,91.10957960027568,91.38525155065471,False,True,469.55,5.29,2,7,98.26,8,4,0.185,35,135.98,0.362,1,True,True,True,False,True
REP_05807,CHEMBL3661754,DENIFANSTAT,Cc1nc(-c2cc(C(=O)N3CCC(c4ccc(C#N)cc4)CC3)c(C)cc2C2CCC2)n[nH]1,2.0,91.0406616126809,47.208821502412135,False,True,439.56,5.25,1,4,85.67,4,3,0.407,33,126.92,0.602,1,True,True,True,True,True
REP_07993,CHEMBL4456085,BAY-1217389,COc1ccc(Oc2cc(NCCC(F)(F)F)c3ncc(-c4ccc(C(=O)NC5CC5)c(C)c4)n3n2)c(F)c1F,1.0,90.97174362508616,75.63749138525155,False,True,561.51,6.04,2,6,89.78,9,4,0.296,40,135.79,0.242,2,False,True,False,False,True
REP_06855,CHEMBL5095075,ONRADIVIR,O=C(O)[C@H]1C2CCC(CC2)[C@@H]1Nc1nc(-c2n[nH]c3ncc(F)cc23)nc(C2CC2)c1F,2.0,90.9028256374914,91.38525155065471,False,True,440.45,3.87,3,6,116.68,5,3,0.5,32,110.79,0.551,0,True,True,True,True,True
REP_03171,CHEMBL2104876,LEMILDIPINE,COC(=O)C1=C(C)NC(COC(N)=O)=C(C(=O)OC(C)C)C1c1cccc(Cl)c1Cl,2.0,90.83390764989664,24.01791867677464,False,True,457.31,3.43,2,7,116.95,6,1,0.35,30,110.84,0.497,0,True,True,True,True,True
REP_00656,CHEMBL2105681,SAPACITABINE,CCCCCCCCCCCCCCCC(=O)Nc1ccn([C@@H]2O[C@H](CO)[C@@H](O)[C@@H]2C#N)c(=O)n1,3.0,90.76498966230189,50.137835975189525,False,True,490.65,4.05,3,7,137.47,17,1,0.769,35,133.54,0.28,0,True,False,False,False,False
REP_08267,CHEMBL6068543,AWZ-1066S,C[C@H]1COCCN1c1nc(NCc2cccnc2C(F)(F)F)c2cccnc2n1,1.0,90.6960716747071,53.61819434872501,False,True,404.4,3.28,1,7,76.06,4,3,0.368,29,101.53,0.715,0,True,True,True,True,True
REP_06981,CHEMBL5277528,FOSDESDENOSINE SIPALABENAMIDE,C[C@H](NP(=O)(OC[C@@H]1C[C@@H](O)[C@H](n2cnc3c(N)ncnc32)O1)Oc1ccccc1)C(=O)OCc1ccccc1,2.0,90.62715368711234,98.41488628532046,False,True,568.53,2.98,3,11,172.94,11,4,0.308,40,143.73,0.179,2,False,False,False,False,False
REP_06847,CHEMBL5095066,GARSORASIB,C=CC(=O)N1C[C@H](C)N(c2nc(=O)n(-c3c(C4CC4)ncnc3C3CC3)c3nc(-c4c(N)cccc4F)c(F)cc23)C[C@H]1C,2.0,90.55823569951758,89.31771192281187,False,True,598.66,4.46,1,8,123.13,6,4,0.375,44,162.62,0.255,1,True,True,True,False,True
REP_02470,CHEMBL2028665,REMOGLIFLOZIN ETABONATE,CCOC(=O)OC[C@H]1O[C@@H](Oc2nn(C(C)C)c(C)c2Cc2ccc(OC(C)C)cc2)[C@H](O)[C@@H](O)[C@@H]1O,2.0,90.4893177119228,93.65954514128188,False,True,522.6,2.51,3,10,141.73,10,2,0.615,37,132.64,0.399,1,True,False,False,False,False
REP_07958,CHEMBL4297454,ABBV-744,CCNC(=O)c1cc2c(-c3cc(C(C)(C)O)ccc3Oc3c(C)cc(F)cc3C)cn(C)c(=O)c2[nH]1,1.0,90.42039972432804,29.29014472777395,False,True,491.56,5.06,3,4,96.35,6,4,0.286,36,138.18,0.351,1,True,True,True,False,True
REP_00092,CHEMBL1272,REPAGLINIDE,CCOc1cc(CC(=O)N[C@@H](CC(C)C)c2ccccc2N2CCCCC2)ccc1C(=O)O,4.0,90.35148173673328,31.77119228118539,False,True,452.6,5.22,2,4,78.87,10,2,0.481,33,131.12,0.517,1,True,True,True,False,True
REP_06875,CHEMBL5095100,FULIMETIBANT,O=C(O)c1cc(NC(=O)C2(c3ccc(C(F)(F)F)cc3F)CC2)ccc1-c1cnn(C2CCC2)c1,2.0,90.28256374913852,91.38525155065471,False,True,487.45,5.8,2,3,84.22,6,3,0.32,35,118.45,0.431,1,True,True,True,False,True
REP_07948,CHEMBL4297405,TAK-243,NS(=O)(=O)OC[C@H]1C[C@@H](Nc2ccnc3cc(-c4cccc(SC(F)(F)F)c4)nn23)[C@H](O)[C@@H]1O,1.0,90.21364576154376,99.86216402481048,False,True,519.53,1.75,4,9,152.07,7,3,0.368,34,116.93,0.342,1,True,False,False,False,False
REP_07301,CHEMBL6068033,SUVADRONABINOL,CCCCCc1cc(OC(=O)[C@@H](NC(=O)CCC(=O)O)C(C)C)c2c(c1)OC(C)(C)[C@@H]1CCC(C)=C[C@@H]21,2.0,90.144727773949,50.137835975189525,False,True,513.68,5.94,2,5,101.93,11,1,0.633,37,142.87,0.164,2,False,False,False,False,False
REP_00077,CHEMBL1206690,PARECOXIB,CCC(=O)NS(=O)(=O)c1ccc(-c2c(-c3ccccc3)noc2C)cc1,4.0,90.07580978635424,77.11922811853894,False,True,370.43,3.53,1,5,89.27,5,3,0.158,26,97.73,0.742,0,True,True,True,True,True
REP_05147,CHEMBL252164,LUMINESPIB,CCNC(=O)c1noc(-c2cc(C(C)C)c(O)cc2O)c1-c1ccc(CN2CCOCC2)cc1,2.0,90.00689179875948,50.137835975189525,False,True,465.55,4.13,3,7,108.06,7,3,0.385,34,128.9,0.482,0,True,True,True,True,True
REP_02547,CHEMBL2103838,DILMAPIMOD,Cc1cc(F)ccc1-c1nc(NC(CO)CO)nc2c1ccc(=O)n2-c1c(F)cccc1F,2.0,89.93797381116472,91.38525155065471,False,True,456.42,2.94,3,6,100.27,6,4,0.174,33,116.76,0.413,0,True,True,True,True,True
REP_07714,CHEMBL2324776,PF-05186462,O=S(=O)(Nc1nncs1)c1cc(Cl)c(Oc2ccc(C(F)(F)F)cc2-c2ccnnc2)cc1F,1.0,89.86905582356995,50.137835975189525,False,True,531.9,5.4,1,8,106.96,6,4,0.053,34,114.67,0.332,2,False,True,True,False,True
REP_01027,CHEMBL4297849,BAMOCAFTOR,C[C@@H]1CN(c2nc(-n3ccc(OCCC4(C(F)(F)F)CC4)n3)ccc2C(=O)NS(=O)(=O)c2ccccc2)C(C)(C)C1,3.0,89.7656788421778,91.38525155065471,False,True,591.66,5.12,1,7,106.42,9,3,0.464,41,145.49,0.368,2,False,True,True,False,True
REP_07975,CHEMBL4298159,BAMOCAFTOR POTASSIUM,C[C@@H]1CN(c2nc(-n3ccc(OCCC4(C(F)(F)F)CC4)n3)ccc2C(=O)[N-]S(=O)(=O)c2ccccc2)C(C)(C)C1,1.0,89.7656788421778,91.38525155065471,False,True,590.65,5.91,0,7,108.49,9,3,0.464,41,145.72,0.305,2,False,True,False,False,True
REP_08243,CHEMBL6060997,PF-07265807,CC(C)n1cc(C(=O)Nc2ccc(Oc3ccnc4[nH]nc(N[C@H](C)CO)c34)c(F)c2)c(=O)n(-c2ccc(F)cc2)c1=O,1.0,89.66230186078566,51.06822880771882,False,True,591.58,3.97,4,8,156.16,9,5,0.207,43,155.13,0.201,1,True,False,False,False,False
REP_02521,CHEMBL2103751,PREDNIMUSTINE,C[C@]12C=CC(=O)C=C1CC[C@@H]1[C@@H]2[C@@H](O)C[C@@]2(C)[C@H]1CC[C@]2(O)C(=O)COC(=O)CCCc1ccc(N(CCCl)CCCl)cc1,2.0,89.5933838731909,75.63749138525155,False,True,646.65,5.42,2,7,104.14,12,1,0.629,44,171.95,0.231,2,False,False,True,False,False
REP_05005,CHEMBL2218859,ERBULOZOLE,CCOC(=O)Nc1ccc(SCC2COC(Cn3ccnc3)(c3ccc(OC)cc3)O2)cc1,2.0,89.52446588559614,50.137835975189525,False,True,469.56,4.52,1,7,83.84,9,3,0.333,33,125.53,0.461,0,True,True,True,True,True
REP_05881,CHEMBL3809489,BEMCENTINIB,Nc1nc(Nc2ccc3c(c2)CC[C@@H](N2CCCC2)CC3)nn1-c1cc2c(nn1)-c1ccccc1CCC2,2.0,89.45554789800137,36.66436940041351,False,True,506.66,4.88,2,7,97.78,4,4,0.4,38,149.78,0.381,1,True,True,True,False,True
REP_06506,CHEMBL4461070,SAR-125844,O=C(NCCN1CCOCC1)Nc1nc2ccc(Sc3nnc4ccc(-c5ccc(F)cc5)nn34)cc2s1,2.0,89.38662991040661,91.38525155065471,False,True,550.65,4.15,2,9,109.57,7,5,0.24,38,144.2,0.311,1,True,True,True,False,True
REP_05762,CHEMBL3581647,BIRABRESIB,Cc1sc2c(c1C)C(c1ccc(Cl)cc1)=N[C@@H](CC(=O)Nc1ccc(O)cc1)c1nnc(C)n1-2,2.0,89.31771192281187,91.38525155065471,False,True,492.0,5.53,2,6,92.4,4,4,0.2,34,134.63,0.367,1,True,True,True,False,True
REP_01404,CHEMBL1178103,SUDEXANOX,CCCCCCc1cc(S(C)(=N)=O)cc2c(=O)c3cc(C(=O)O)ccc3oc12,2.0,89.2487939352171,53.13576843556168,False,True,401.48,4.8,2,5,108.43,7,3,0.333,28,109.85,0.436,0,True,True,True,True,True
REP_01566,CHEMBL1236962,OMIPALISIB,COc1ncc(-c2ccc3nccc(-c4ccnnc4)c3c2)cc1NS(=O)(=O)c1ccc(F)cc1F,2.0,89.17987594762234,36.181943487250166,False,True,505.51,4.84,1,7,106.96,6,5,0.04,36,129.72,0.352,1,True,True,True,False,True
REP_05829,CHEMBL3693786,CITARINOSTAT,O=C(CCCCCCNC(=O)c1cnc(N(c2ccccc2)c2ccccc2Cl)nc1)NO,2.0,89.11095796002758,91.38525155065471,False,True,467.96,4.79,3,6,107.45,11,3,0.25,33,127.07,0.213,0,True,False,True,True,False
REP_08051,CHEMBL4650279,TUXOBERTINIB,C=CC(=O)Nc1cc2c(Nc3ccc(OCc4ccccn4)c(Cl)c3)ncnc2cc1OCCN1CCOCC1,1.0,89.0420399724328,91.38525155065471,False,True,561.04,4.84,2,9,110.73,11,4,0.241,40,154.42,0.249,1,True,False,True,False,False
REP_08247,CHEMBL6068409,NILOTINIB LAURYLSULFATE,CCCCCCCCCCCCOS(=O)(=O)O.Cc1cn(-c2cc(NC(=O)c3ccc(C)c(Nc4nccc(-c5cccnc5)n4)c3)cc(C(F)(F)F)c2)cn1,1.0,88.97312198483804,75.63749138525155,False,True,795.93,10.08,3,9,161.22,18,5,0.375,56,210.33,0.057,2,False,False,False,False,False
REP_07167,CHEMBL552212,LEXIBULIN,CCC[C@H](Nc1nc(-c2ccc(NC(=O)NCC)c(OC)c2)ncc1C)c1cccnc1,2.0,88.90420399724329,54.445210199862174,False,True,434.54,4.95,3,6,101.06,9,3,0.333,32,126.96,0.44,0,True,True,True,True,True
REP_07952,CHEMBL4297423,RO-6870810,Cc1sc2c(c1C)C(c1ccc(Cl)cc1)=N[C@@H](CC(=O)NCCCN1CCN(C)CC1)c1nnc(C)n1-2,1.0,88.83528600964851,11.09579600275672,False,True,540.14,3.94,1,7,78.65,7,3,0.481,37,149.46,0.46,1,True,True,True,False,True
REP_06435,CHEMBL4298144,ESAFOXOLANER,O=C(CNC(=O)c1ccc(C2=NO[C@@](c3cc(Cl)cc(C(F)(F)F)c3)(C(F)(F)F)C2)c2ccccc12)NCC(F)(F)F,2.0,88.76636802205375,91.38525155065471,False,True,625.88,6.5,2,4,79.79,6,3,0.269,42,131.77,0.307,2,False,True,False,False,True
REP_08241,CHEMBL598797,CUDC-101,C#Cc1cccc(Nc2ncnc3cc(OC)c(OCCCCCCC(=O)NO)cc23)c1,1.0,88.697450034459,81.66781529979325,False,True,434.5,4.2,3,7,105.6,11,3,0.292,32,122.26,0.18,0,True,False,True,True,False
REP_08163,CHEMBL517080,WITHAFERIN A,CC1=C(CO)C(=O)O[C@@H]([C@@H](C)[C@H]2CC[C@H]3[C@@H]4C[C@H]5O[C@]56[C@@H](O)C=CC(=O)[C@]6(C)[C@H]4CC[C@]23C)C1,1.0,88.62853204686422,33.838731909028255,False,True,470.61,3.35,2,6,96.36,3,0,0.786,34,124.46,0.485,0,True,True,True,True,True
REP_05848,CHEMBL3707351,ADOMEGLIVANT,Cc1cc(O[C@@H](CCC(F)(F)F)c2ccc(C(=O)NCCC(=O)O)cc2)cc(C)c1-c1ccc(C(C)(C)C)cc1,2.0,88.55961405926946,82.97725706409373,False,True,555.64,7.94,2,3,75.63,10,3,0.375,40,149.74,0.266,2,False,True,False,False,True
REP_01593,CHEMBL1256686,CALCIMYCIN,CNc1ccc2oc(C[C@H]3O[C@@]4(CC[C@H]3C)O[C@H]([C@H](C)C(=O)c3ccc[nH]3)[C@H](C)C[C@H]4C)nc2c1C(=O)O,2.0,88.4906960716747,91.38525155065471,False,True,523.63,5.53,3,7,126.68,7,3,0.552,38,142.33,0.345,2,False,True,True,False,True
REP_05785,CHEMBL363648,TAK-715,CCc1nc(-c2cccc(C)c2)c(-c2ccnc(NC(=O)c3ccccc3)c2)s1,2.0,88.42177808407995,91.2474155754652,False,True,399.52,6.0,1,4,54.88,5,4,0.125,29,119.29,0.448,1,True,True,False,False,True
REP_07004,CHEMBL5314420,TUSPETINIB,Cc1ccc2c(-c3nc(Nc4cc(CN5C[C@@H](C)N[C@@H](C)C5)cc(C5CC5)c4)ncc3Cl)c[nH]c2c1,2.0,88.35286009648519,50.137835975189525,False,True,501.08,6.39,3,5,68.87,6,4,0.379,36,148.11,0.286,2,False,True,False,False,True
REP_06560,CHEMBL4574601,LINPERLISIB,COc1ncc(-c2nc(N3CCOCC3)nc3c(CN4CCC(C(C)(C)O)CC4)cc(F)cc23)cc1NS(C)(=O)=O,2.0,88.28394210889043,50.137835975189525,False,True,588.71,3.03,2,10,130.01,8,3,0.536,41,155.08,0.405,1,True,True,True,False,True
REP_06189,CHEMBL4104957,RODATRISTAT,Nc1nc(O[C@H](c2ccc(Cl)cc2-c2ccccc2)C(F)(F)F)cc(N2CCC3(CC2)CN[C@H](C(=O)O)C3)n1,2.0,88.21502412129566,75.63749138525155,False,True,561.99,5.09,3,7,113.6,6,3,0.37,39,140.68,0.381,2,False,True,True,False,True
REP_04046,CHEMBL2106533,BENTIAMINE,C/C(=C(/CCOC(=O)c1ccccc1)SC(=O)c1ccccc1)N(C=O)Cc1cnc(C)nc1N,2.0,88.1461061337009,75.63749138525155,False,True,490.59,4.38,1,8,115.48,10,3,0.192,35,135.19,0.329,0,True,True,True,False,True
REP_05799,CHEMBL3654384,ORISMILAST,O=C(Cc1c(Cl)c[n+]([O-])cc1Cl)c1ccc(OC(F)F)c2c1OC1(CCS(=O)(=O)CC1)O2,2.0,88.07718814610614,50.137835975189525,False,True,510.3,3.33,0,7,105.84,5,2,0.368,32,108.41,0.345,1,True,True,True,False,True
REP_05462,CHEMBL3113974,TRANIMILAST,CS(=O)(=O)Nc1ccc(C(=O)O[C@@H](Cc2c(Cl)c[n+]([O-])cc2Cl)c2ccc(OC(F)F)c(OCC3CC3)c2)cc1OCC1CC1,2.0,88.00827015851137,75.63749138525155,False,True,687.54,6.32,1,8,127.1,15,3,0.4,45,161.7,0.112,2,False,False,False,False,False
REP_05810,CHEMBL3666807,VELSECORAT,C[C@H](NC(=O)C(C)(F)F)[C@H](Oc1ccc2c(cnn2-c2cccc(C(=O)N[C@@H]3CCOC3)c2)c1)c1ccc2c(c1)OCCO2,2.0,87.9393521709166,93.52170916609236,False,True,606.63,4.6,2,7,112.94,9,4,0.344,44,156.79,0.287,1,True,True,True,False,True
REP_07085,CHEMBL5314530,MOSNODENVIR,COc1cc(N[C@H](C(=O)c2c[nH]c3ccc(OC(F)(F)F)cc23)c2ccc(Cl)cc2OC)cc(S(C)(=O)=O)c1,2.0,87.87043418332185,51.343900758097874,False,True,582.98,6.18,2,7,106.72,9,4,0.192,39,139.78,0.227,2,False,True,False,False,True
REP_06400,CHEMBL4297527,REVAMILAST,O=C(Nc1c(Cl)c[n+]([O-])cc1Cl)c1ccc(OC(F)F)c2oc3ccncc3c12,2.0,87.80151619572707,82.4948311509304,False,True,440.19,4.77,1,5,91.3,4,4,0.056,29,101.52,0.365,0,True,True,True,True,True
REP_00920,CHEMBL3989918,INGENOL DISOXATE,CCc1noc(CC)c1C(=O)O[C@H]1C(C)=C[C@]23C(=O)[C@@H](C=C(CO)[C@@H](O)[C@]12O)[C@H]1[C@@H](C[C@H]3C)C1(C)C,3.0,87.73259820813233,94.6933149552033,False,True,499.6,2.79,3,8,130.09,5,1,0.679,36,129.82,0.417,0,True,True,True,False,True
REP_04634,CHEMBL2107729,ATACIGUAT,O=C(Nc1ccc(S(=O)(=O)N2CCOCC2)cc1)c1cc(Cl)ccc1NS(=O)(=O)c1ccc(Cl)s1,2.0,87.66368022053757,62.43969676085459,False,True,576.51,4.13,2,7,121.88,7,3,0.19,35,135.56,0.436,1,True,True,True,False,True
REP_01177,CHEMBL5183847,ENSITRELVIR,Cn1cnc(Cn2c(=O)[nH]/c(=N\c3cc4cn(C)nc4cc3Cl)n(Cc3cc(F)c(F)cc3F)c2=O)n1,3.0,87.5947622329428,41.90213645761544,False,True,531.89,1.75,1,6,120.68,5,5,0.182,37,125.78,0.346,1,True,True,True,False,True
REP_07298,CHEMBL6068028,PREGABALIN NAPROXENCARBIL,COc1ccc2cc([C@H](C)C(=O)O[C@@H](C)OC(=O)NC[C@H](CC(=O)O)CC(C)C)ccc2c1,2.0,87.52584424534804,91.38525155065471,False,True,459.54,4.7,2,6,111.16,11,2,0.48,33,124.15,0.37,0,True,False,True,True,False
REP_01595,CHEMBL1256717,ITRIGLUMIDE,Cc1cc(C)c(NC(=O)C[C@H](CC(=O)O)c2cccc3ccccc23)c(C(=O)N2CCC3(CCCC3)CC2)c1,2.0,87.45692625775328,21.08890420399724,False,True,526.68,6.84,2,3,86.71,7,3,0.424,39,154.14,0.353,2,False,True,False,False,True
REP_07012,CHEMBL5314435,PELECOPAN,NCc1nccc(-c2cc(COc3ccccc3CC(=O)O)cc3ccoc23)c1F,2.0,87.38800827015851,93.72846312887664,False,True,406.41,4.3,2,5,98.58,7,4,0.13,30,109.41,0.475,0,True,True,True,True,True
REP_00150,CHEMBL157101,KETOCONAZOLE,CC(=O)N1CCN(c2ccc(OCC3COC(Cn4ccnc4)(c4ccc(Cl)cc4Cl)O3)cc2)CC1,4.0,87.31909028256375,50.137835975189525,False,True,531.44,4.21,0,6,69.06,7,3,0.385,36,137.6,0.455,1,True,True,True,False,True
REP_01498,CHEMBL1213257,AMOPYROQUINE,Oc1ccc(Nc2ccnc3cc(Cl)ccc23)cc1CN1CCCC1,2.0,87.25017229496899,41.69538249483114,False,True,353.85,4.93,2,4,48.39,4,3,0.25,25,102.65,0.653,0,True,True,True,True,True
REP_05697,CHEMBL3545027,XL-281,COC(=O)Nc1nc2cc(C3(O)c4ccccc4C(=O)N3c3cc(Cl)ccc3C)ccc2[nH]1,2.0,87.18125430737422,24.01791867677464,False,True,462.89,4.56,3,5,107.55,3,4,0.125,33,124.56,0.414,0,True,True,True,True,True
REP_07922,CHEMBL4297295,JTK-853,O=C(NCc1ccc(OC(F)(F)F)c(F)c1)[C@H]1CN(c2nc3nc(C4CC4)ncc3s2)CCN1S(=O)(=O)c1ccc(C(F)(F)F)cc1,1.0,87.11233631977946,50.137835975189525,False,True,704.65,5.22,1,9,117.62,8,4,0.357,47,153.45,0.249,2,False,True,True,False,True
REP_02417,CHEMBL197672,EMRICASAN,C[C@H](NC(=O)C(=O)Nc1ccccc1C(C)(C)C)C(=O)N[C@@H](CC(=O)O)C(=O)COc1c(F)c(F)cc(F)c1F,2.0,87.0434183321847,60.09648518263266,False,True,569.51,2.59,4,6,150.9,10,2,0.346,40,132.34,0.195,1,True,False,False,False,False
REP_04991,CHEMBL22016,ABLUKAST,CCCc1c(OCCCCCOc2cc3c(cc2C(C)=O)CCC(C(=O)O)O3)ccc(C(C)=O)c1O,2.0,86.97450034458993,91.38525155065471,False,True,498.57,5.16,2,7,119.36,13,2,0.464,36,133.77,0.287,1,True,False,True,False,False
REP_08177,CHEMBL5314416,FOSTROXACITABINE BRALPAMIDE,CCC[C@H](C)OC(=O)[C@H](C)NP(=O)(OC[C@H]1OC[C@@H](n2ccc(N)nc2=O)O1)Oc1ccc(Br)cc1,1.0,86.90558235699517,97.03652653342525,False,True,589.38,3.37,2,10,153.23,12,2,0.5,36,134.16,0.277,1,True,False,False,False,False
REP_02158,CHEMBL1742420,AMELUBANT,CCOC(=O)NC(=N)c1ccc(OCc2cccc(COc3ccc(C(C)(C)c4ccc(O)cc4)cc3)c2)cc1,2.0,86.83666436940041,60.30323914541695,False,True,538.64,6.95,3,6,100.87,10,4,0.212,40,155.21,0.15,2,False,True,False,False,True
REP_06699,CHEMBL4740383,ETRUMADENANT,Cc1c(C#N)cccc1-c1cc(-c2cn(Cc3cccc(C(C)(C)O)n3)nn2)nc(N)n1,2.0,86.76774638180565,58.097863542384566,False,True,426.48,2.84,2,8,139.42,5,4,0.217,32,118.93,0.496,0,True,True,False,True,True
REP_02976,CHEMBL2104580,BISBENDAZOLE,CC(SC(=S)Nc1ccc(NC(=S)SC(C)c2nc3ccccc3n2C)cc1)c1nc2ccccc2n1C,2.0,86.69882839421089,59.95864920744314,False,True,576.84,7.84,2,6,59.7,6,5,0.214,38,172.32,0.198,2,False,True,False,False,True
REP_00917,CHEMBL3989873,PICLIDENOSON,CNC(=O)[C@H]1O[C@@H](n2cnc3c(NCc4ccc(I)cc4)ncnc32)[C@H](O)[C@@H]1O,3.0,86.62991040661613,91.72984148862852,False,True,510.29,0.41,4,8,134.42,5,3,0.333,29,111.8,0.363,1,True,True,False,False,True
REP_01474,CHEMBL1201391,TENIVASTATIN,CCC(C)(C)C(=O)O[C@H]1C[C@@H](C)C=C2C=C[C@H](C)[C@H](CC[C@@H](O)C[C@@H](O)CC(=O)O)[C@H]21,2.0,86.56099241902136,50.137835975189525,False,True,436.59,4.11,3,5,104.06,10,0,0.76,31,119.22,0.445,0,True,True,True,True,True
REP_06398,CHEMBL4297520,OGLEMILAST,CS(=O)(=O)Nc1ccc2oc3c(OC(F)F)ccc(C(=O)Nc4c(Cl)cncc4Cl)c3c2c1,2.0,86.4920744314266,92.48793935217093,False,True,516.31,5.51,2,6,110.53,6,4,0.1,33,121.03,0.35,2,False,True,True,False,True
REP_06369,CHEMBL4297458,EZOBRESIB,Cc1nnn(C)c1-c1cnc2c3ccc(C(C)(C)O)cc3n([C@H](c3ccccc3)C3CCOCC3)c2c1,2.0,86.42315644383184,75.63749138525155,False,True,495.63,5.54,1,5,77.99,5,5,0.367,37,145.34,0.347,1,True,True,True,False,True
REP_06645,CHEMBL4650325,VEMIRCOPAN,CC(=O)c1nn(CC(=O)N2[C@H](C(=O)Nc3nc(Br)ccc3C)C[C@@]3(C)C[C@@H]23)c2ccc(-c3cnc(C)nc3)cc12,2.0,86.35423845623707,91.38525155065471,False,True,602.49,4.49,1,7,122.97,6,4,0.345,40,152.57,0.255,1,True,True,True,False,True
REP_00655,CHEMBL2105665,ELACYTARABINE,CCCCCCCC/C=C/CCCCCCCC(=O)OC[C@H]1O[C@@H](n2ccc(N)nc2=O)[C@@H](O)[C@@H]1O,3.0,86.28532046864231,50.137835975189525,False,True,507.67,4.03,3,8,136.9,18,1,0.741,36,139.24,0.154,1,True,False,False,False,False
REP_00937,CHEMBL4072833,EVOBRUTINIB,C=CC(=O)N1CCC(CNc2ncnc(N)c2-c2ccc(Oc3ccccc3)cc2)CC1,3.0,86.21640248104755,74.22467263955892,False,True,429.52,4.35,2,6,93.37,7,3,0.24,32,126.39,0.542,0,True,True,True,True,True
REP_06446,CHEMBL4301163,ELSULFAVIRINE,CCC(=O)NS(=O)(=O)c1ccc(NC(=O)Cc2ccc(Br)c(Oc3cc(Cl)cc(C#N)c3)c2F)c(Cl)c1,2.0,86.1474844934528,91.38525155065471,False,True,629.29,5.96,2,6,125.36,8,3,0.125,37,139.75,0.317,2,False,True,False,False,True
REP_01040,CHEMBL431733,NAMODENOSON,CNC(=O)[C@H]1O[C@@H](n2cnc3c(NCc4cccc(I)c4)nc(Cl)nc32)[C@H](O)[C@@H]1O,3.0,86.07856650585803,98.82839421088904,False,True,544.74,1.06,4,8,134.42,5,3,0.333,30,116.81,0.277,1,True,True,False,False,True
REP_06167,CHEMBL4069704,RODATRISTAT ETHYL,CCOC(=O)[C@@H]1CC2(CCN(c3cc(O[C@H](c4ccc(Cl)cc4-c4ccccc4)C(F)(F)F)nc(N)n3)CC2)CN1,2.0,86.00964851826328,32.529290144727774,False,True,590.05,5.57,2,8,102.6,7,3,0.414,41,149.68,0.345,2,False,True,True,False,True
REP_01208,CHEMBL5314961,OCEDURENONE,N#Cc1ccc(N2N=C3c4ccc(C(=O)N5CCC(O)CC5)nc4CC[C@@H]3[C@@H]2C2CCCC2)cc1Cl,3.0,85.9407305306685,91.38525155065471,False,True,504.03,4.55,1,6,92.82,3,2,0.5,36,138.12,0.663,1,True,True,True,False,True
REP_01484,CHEMBL1206833,IRALUKAST,CCCc1c(OCCCC/C=C\C=C\[C@H](Sc2ccc3c(=O)cc(C(=O)O)oc3c2)[C@H](O)c2cccc(C(F)(F)F)c2)ccc(C(C)=O)c1O,2.0,85.87181254307374,50.137835975189525,False,True,710.77,8.93,3,8,134.27,16,4,0.289,50,185.22,0.045,2,False,False,False,False,False
REP_05288,CHEMBL281398,TERBOGREL,CC(C)(C)N/C(=N\C#N)Nc1cccc(/C(=C\CCCC(=O)O)c2cccnc2)c1,2.0,85.80289455547899,83.3907649896623,False,True,405.5,4.41,3,4,110.4,7,2,0.304,30,118.8,0.272,0,True,True,True,True,True
REP_06496,CHEMBL4438269,DEPULFAVIRINE,N#Cc1cc(Cl)cc(Oc2c(Br)ccc(CC(=O)Nc3ccc(S(N)(=O)=O)cc3Cl)c2F)c1,2.0,85.73397656788421,91.38525155065471,False,True,573.23,5.39,2,5,122.28,6,3,0.048,33,125.5,0.41,2,False,True,True,False,True
REP_01122,CHEMBL483158,ALISERTIB,COc1cc(Nc2ncc3c(n2)-c2ccc(Cl)cc2C(c2c(F)cccc2OC)=NC3)ccc1C(=O)O,3.0,85.66505858028945,91.38525155065471,False,True,518.93,5.75,2,7,105.93,6,4,0.111,37,138.01,0.335,2,False,True,True,False,True
REP_06302,CHEMBL4297269,OSUGACESTAT,CN1C(=O)[C@@H](NC(=O)[C@H](CCC(F)(F)F)[C@H](CCC(F)(F)F)C(N)=O)N=C(c2ccccc2)c2ccccc21,2.0,85.5961405926947,24.01791867677464,False,True,556.51,4.35,2,4,104.86,9,2,0.385,39,130.62,0.449,1,True,True,True,False,True
REP_05081,CHEMBL2338397,CRENIGACESTAT,C[C@H](NC(=O)CCC(F)(F)F)C(=O)N[C@@H]1C(=O)N(CCO)c2ncccc2-c2ccccc21,2.0,85.52722260509992,67.60854583046175,False,True,464.44,2.09,3,5,111.63,7,2,0.364,33,112.89,0.581,0,True,True,True,True,True
REP_03598,CHEMBL2105477,BROVANEXINE,COc1cc(C(=O)Nc2c(Br)cc(Br)cc2CN(C)C2CCCCC2)ccc1OC(C)=O,2.0,85.45830461750516,50.137835975189525,False,True,568.31,6.16,1,5,67.87,7,2,0.417,32,132.44,0.32,2,False,True,False,False,True
REP_07983,CHEMBL4303449,ARQ-621,C#CC[C@H](c1nc2cc(Cl)ccc2c(=O)n1Nc1ccccc1)N(CCCN)C(=O)c1cccc(Cl)c1F,1.0,85.3893866299104,74.36250861474845,False,True,552.44,5.27,2,5,93.25,9,4,0.179,38,148.78,0.276,2,False,True,True,False,True
REP_07288,CHEMBL6068017,ILANTIMOD,C[C@@H](CO)NC(=O)c1cc(-c2ccc(Cl)cc2)nn(-c2cnn(C)c2)c1=O,2.0,85.32046864231563,50.137835975189525,False,True,387.83,1.4,2,5,102.04,5,3,0.222,27,101.06,0.689,0,True,True,True,True,True
REP_02233,CHEMBL1801250,NANATINOSTAT,O=C(NO)c1cnc(N2C[C@@H]3[C@H](C2)[C@H]3NCc2ccc3cc(F)ccc3n2)nc1,2.0,85.25155065472087,64.50723638869744,False,True,394.41,1.51,3,7,103.27,5,3,0.3,29,102.81,0.445,0,True,True,True,True,True
REP_03804,CHEMBL2106037,TETRONASIN 5930,CO[C@@H](C)[C@H]1C[C@H](C)[C@H]([C@@H](C)/C=C/[C@@H]2CC[C@@H](C)[C@H](/C(=C/[C@H]3CCC[C@@H](C)[C@@H]3[C@H](C)C(=O)C3=C(O)COC3=O)CO)O2)O1,2.0,85.18263266712613,50.137835975189525,False,True,602.81,5.74,2,8,111.52,11,0,0.771,43,164.22,0.175,2,False,False,True,False,False
REP_05547,CHEMBL3235279,CAPADENOSON,N#Cc1c(N)nc(SCc2csc(-c3ccc(Cl)cc3)n2)c(C#N)c1-c1ccc(OCCO)cc1,2.0,85.11371467953136,91.38525155065471,False,True,520.04,5.51,2,9,128.84,8,4,0.12,35,138.22,0.291,2,False,True,True,False,True
REP_07637,CHEMBL186113,GW-328267,CCn1nnc([C@H]2O[C@@H](n3cnc4c(N)nc(N[C@H](CO)Cc5ccccc5)nc43)[C@H](O)[C@@H]2O)n1,1.0,85.0447966919366,84.4934527911785,False,True,482.51,-0.58,5,12,195.17,8,4,0.429,35,122.75,0.215,1,True,False,False,False,False
REP_07300,CHEMBL6068031,RISELCAFTOR,COc1ccc(C)cc1[C@@]1(C(=O)NS(=O)(=O)c2cccc3nc(C)ccc23)C[C@H](c2ccccc2)CO1,2.0,84.97587870434184,50.137835975189525,False,True,516.62,4.76,1,6,94.59,6,4,0.241,37,140.97,0.397,1,True,True,True,False,True
REP_00857,CHEMBL3545186,FONADELPAR,Cc1cc2c(CCc3sc(-c4ccc(C(F)(F)F)cc4)nc3C(C)C)noc2cc1OCC(=O)O,3.0,84.90696071674707,86.28532046864231,False,True,504.53,6.65,1,6,85.45,8,4,0.32,35,125.93,0.289,2,False,True,False,False,True
REP_02257,CHEMBL184999,AL-12182,CC(C)OC(=O)CCC/C=C\CC[C@H]1[C@@H](O)CO[C@@H]1/C=C/[C@@H](O)COc1cccc(Cl)c1,2.0,84.8380427291523,86.76774638180565,False,True,467.0,4.47,2,6,85.22,13,1,0.56,32,124.78,0.253,0,True,False,True,True,False
REP_06440,CHEMBL4298169,TROPIFEXOR,O=C(O)c1cc(F)c2nc(N3[C@@H]4CC[C@H]3C[C@@H](OCc3c(-c5ccccc5OC(F)(F)F)noc3C3CC3)C4)sc2c1,2.0,84.76912474155755,30.599586492074422,False,True,603.59,7.28,1,8,97.92,8,4,0.414,42,144.23,0.21,2,False,True,False,False,True
REP_01274,CHEMBL88712,VELIFLAPON,O=C(O)[C@@H](c1ccc(OCc2ccc3ccccc3n2)cc1)C1CCCC1,3.0,84.70020675396277,60.85458304617506,False,True,361.44,5.17,1,3,59.42,6,3,0.304,27,104.85,0.658,1,True,True,True,True,True
REP_07156,CHEMBL54440,MEVASTATIN,CC[C@H](C)C(=O)O[C@H]1CCC=C2C=C[C@H](C)[C@H](CC[C@@H]3C[C@@H](O)CC(=O)O3)[C@H]21,2.0,84.63128876636802,53.75603032391454,False,True,390.52,3.95,1,5,72.83,6,0,0.739,28,106.29,0.695,0,True,True,True,True,True
REP_00080,CHEMBL1213492,GIVINOSTAT,CCN(CC)Cc1ccc2cc(COC(=O)Nc3ccc(C(=O)NO)cc3)ccc2c1,4.0,84.56237077877327,83.59751895244659,False,True,421.5,4.55,3,5,90.9,8,3,0.25,31,120.08,0.367,0,True,True,True,True,True
REP_05635,CHEMBL3392776,C-188-9,COc1ccc(S(=O)(=O)Nc2cc(-c3c(O)ccc4ccccc34)c(O)c3ccccc23)cc1,2.0,84.4934527911785,92.76361130254996,False,True,471.53,5.88,3,5,95.86,5,5,0.037,34,134.02,0.278,1,True,True,False,False,True
REP_08049,CHEMBL4650233,MIVORILANER,O=C(CNC(=O)c1sc(C2=NO[C@@](c3cc(Cl)c(F)c(Cl)c3)(C(F)(F)F)C2)c2c1CCC2)NCC(F)F,1.0,84.42453480358374,91.38525155065471,False,True,588.36,5.38,2,5,79.79,7,2,0.409,37,124.08,0.337,2,False,True,True,False,True
REP_06841,CHEMBL5095059,DEUCRICTIBANT,[2H][C@@](C)(NC(=O)COC(F)F)c1cc(F)cc(Cl)c1COc1cccc2c(-c3ncnn3C)cc(C)nc12,2.0,84.35561681598898,50.137835975189525,False,True,534.94,5.13,1,6,91.16,9,4,0.28,37,130.73,0.32,2,False,True,True,False,True
REP_05813,CHEMBL3670685,PALUPIPRANT,C[C@H](NC(=O)c1c(C(F)F)nn(C)c1Oc1cccc(C(F)(F)F)c1)c1ccc(C(=O)O)cc1,2.0,84.28669882839421,73.60441075120607,False,True,483.39,5.36,2,4,93.45,7,3,0.227,34,108.97,0.442,1,True,True,True,False,True
REP_04009,CHEMBL2106469,BENCIANOL,Oc1cc(O)c2c(c1)O[C@H](c1ccc3c(c1)OC(c1ccccc1)(c1ccccc1)O3)[C@@H](O)C2,2.0,84.21778084079945,28.325292901447277,False,True,454.48,4.81,3,6,88.38,3,4,0.143,34,124.21,0.412,0,True,True,True,True,True
REP_06596,CHEMBL4594414,MITOQUINOL CATION,COc1c(O)c(C)c(CCCCCCCCCC[P+](c2ccccc2)(c2ccccc2)c2ccccc2)c(O)c1OC,2.0,84.14886285320469,14.334941419710546,False,True,585.75,8.08,2,4,58.92,16,4,0.351,42,178.27,0.079,2,False,False,False,False,False
REP_05971,CHEMBL3989439,NICOFURATE,COC(=O)c1cc([C@@H](OC(=O)c2cccnc2)[C@H](OC(=O)c2cccnc2)[C@@H](COC(=O)c2cccnc2)OC(=O)c2cccnc2)oc1C,2.0,84.07994486560992,24.01791867677464,False,True,680.63,4.16,0,15,196.2,13,5,0.171,50,168.58,0.127,2,False,False,False,False,False
REP_03071,CHEMBL2104705,FLURANTEL,CC(=O)Oc1ccc([N+](=O)[O-])c(OC(C)=O)c1C(=O)Nc1cc(C(F)(F)F)cc(C(F)(F)F)c1,2.0,84.01102687801516,85.25155065472087,False,True,494.3,4.74,1,7,124.84,5,2,0.211,34,100.11,0.209,0,True,True,True,False,True
REP_06881,CHEMBL5095165,SELONABANT,CC(C)(C)NC(=O)N1CC(O[C@H](c2ccc(Cl)cc2)c2ccccc2C(F)(F)F)C1,2.0,83.9421088904204,15.71330117160579,False,True,440.89,5.66,1,2,41.57,4,2,0.409,30,109.47,0.666,1,True,True,True,False,True
REP_06852,CHEMBL5095072,MINZASOLMIN,CCCC[C@H](Cc1c[nH]c2ccccc12)NC(=O)c1cnc(N2CCN(C)CC2)s1,2.0,83.87319090282563,8.890420399724327,False,True,425.6,3.91,2,5,64.26,8,3,0.478,30,124.61,0.574,0,True,True,True,True,True
REP_00315,CHEMBL499915,CARBENOXOLONE,CC1(C)[C@@H](OC(=O)CCC(=O)O)CC[C@]2(C)[C@H]3C(=O)C=C4[C@@H]5C[C@@](C)(C(=O)O)CC[C@]5(C)CC[C@@]4(C)[C@]3(C)CC[C@@H]12,4.0,83.80427291523087,79.53135768435561,False,True,570.77,6.83,2,5,117.97,5,0,0.824,41,153.81,0.348,2,False,True,False,False,True
REP_06930,CHEMBL5095506,CRICTIBANT,Cc1cc(-c2ncnn2C)c2cccc(OCc3c(Cl)cc(F)cc3[C@H](C)NC(=O)COC(F)F)c2n1,2.0,83.73535492763611,50.137835975189525,False,True,533.94,5.13,1,6,91.16,9,4,0.28,37,130.73,0.321,2,False,True,True,False,True
REP_08209,CHEMBL5316167,ARQ-736 FREE ACID,Cn1ccc(S(=O)(=O)N2CCC[C@@H](Nc3nccc(-c4c(-c5cccc(OCOP(=O)(O)O)c5)nc5occn45)n3)C2)n1,1.0,83.66643694004135,99.2419021364576,False,True,630.58,2.5,3,11,199.44,10,5,0.28,43,151.16,0.15,2,False,False,False,False,False
REP_05567,CHEMBL3260771,BGC-20-1531,COc1ccc(-c2ccc(OCc3cc(C(=O)[N-]S(=O)(=O)c4ccccc4C)oc3C)cc2)nc1,2.0,83.59751895244659,91.592005513439,False,True,491.55,5.45,0,7,109.8,8,4,0.154,35,130.06,0.322,1,True,True,True,False,True
REP_01614,CHEMBL1272307,SB-649868,Cc1nc(C(=O)N2CCCC[C@H]2CNC(=O)c2cccc3occc23)c(-c2ccc(F)cc2)s1,2.0,83.52860096485183,72.84631288766367,False,True,477.56,5.43,1,5,75.44,5,4,0.269,34,129.47,0.416,1,True,True,True,True,True
REP_07701,CHEMBL2180604,TAK-593,Cc1cc(C(=O)Nc2cc(Oc3ccc4nc(NC(=O)C5CC5)cn4n3)ccc2C)n(C)n1,1.0,83.45968297725706,82.56374913852515,False,True,445.48,3.47,2,6,115.44,6,4,0.261,33,121.49,0.47,0,True,True,True,True,True
REP_08073,CHEMBL4741924,IPN-60090,CNC(=O)c1cn(C[C@H](F)CCc2ccc(NC(=O)Cc3cc(OC4CC(F)(F)C4)cc(C)n3)nn2)nn1,1.0,83.3907649896623,91.38525155065471,False,True,532.53,2.46,2,8,136.81,11,3,0.458,38,128.57,0.384,1,True,False,False,False,False
REP_00288,CHEMBL408,TROGLITAZONE,Cc1c(C)c2c(c(C)c1O)CCC(C)(COc1ccc(CC3SC(=O)NC3=O)cc1)O2,4.0,83.32184700206754,50.137835975189525,False,True,441.55,4.37,2,6,84.86,5,2,0.417,31,120.23,0.717,0,True,True,True,True,True
REP_01231,CHEMBL592054,IMIGLITAZAR,Cc1oc(-c2ccccc2)nc1COc1ccc(CO/N=C(\CCC(=O)O)c2ccccc2)cc1,3.0,83.25292901447277,75.63749138525155,False,True,470.53,6.01,1,6,94.15,11,4,0.179,35,132.09,0.213,1,True,False,False,False,False
REP_06418,CHEMBL4297636,PLOCABULIN,C/C=C\C[C@@H](C/C=C\NC(=O)[C@@H](NC(=O)\C=C/C=C\C(C)=C\[C@H](C)[C@@H]1CC=C(OC)C(=O)O1)C(C)(C)C)OC(N)=O,2.0,83.18401102687801,50.137835975189525,False,True,571.72,4.51,3,7,146.05,14,0,0.484,41,157.96,0.12,1,True,False,False,False,False
REP_00197,CHEMBL2095212,MIRABEGRON,Nc1nc(CC(=O)Nc2ccc(CCNC[C@H](O)c3ccccc3)cc2)cs1,4.0,83.11509303928325,64.30048242591316,False,True,396.52,2.77,4,6,100.27,9,3,0.238,28,113.28,0.417,0,True,True,True,True,True
REP_04516,CHEMBL2107504,PAZINACLONE,O=C(CC1C2C=CC=CC2C(=O)N1c1ccc2ccc(Cl)nc2n1)N1CCC2(CC1)OCCO2,2.0,83.0461750516885,89.2487939352171,False,True,480.95,3.11,0,6,84.86,3,2,0.44,34,126.15,0.627,0,True,True,True,False,True
REP_06741,CHEMBL4802154,TILPISERTIB,Cn1ccc2c([C@H](Nc3cc(Cl)c4ncc(C#N)c(NCC(C)(C)C)c4c3)c3cn(C45CC(C4)C5)nn3)cccc2c1=O,2.0,82.97725706409373,91.38525155065471,False,True,593.14,6.37,2,7,113.45,7,5,0.364,43,169.4,0.226,2,False,True,False,False,True
REP_08102,CHEMBL4858811,TRC-253,N#Cc1ncc(N2C(=O)C3(CCC3)N(c3ccc(OC4CCNCC4)nc3)C2=S)cc1C(F)(F)F,1.0,82.90833907649898,24.01791867677464,False,True,502.52,3.56,1,7,94.38,4,2,0.435,35,123.86,0.635,1,True,True,True,False,True
REP_06197,CHEMBL412262,IBIPINABANT,CN/C(=N\S(=O)(=O)c1ccc(Cl)cc1)N1C[C@H](c2ccccc2)C(c2ccc(Cl)cc2)=N1,2.0,82.8394210889042,50.137835975189525,False,True,487.41,4.76,1,3,74.13,4,3,0.13,32,129.01,0.426,0,True,True,True,False,True
REP_00751,CHEMBL2402737,IDASANUTLIN,COc1cc(C(=O)O)ccc1NC(=O)[C@@H]1N[C@@H](CC(C)(C)C)[C@](C#N)(c2ccc(Cl)cc2F)[C@H]1c1cccc(Cl)c1F,3.0,82.77050310130944,91.38525155065471,False,True,616.49,6.94,3,5,111.45,7,3,0.323,42,156.22,0.265,2,False,True,False,False,True
REP_03238,CHEMBL2104984,SODELGLITAZAR,Cc1cc(SCc2sc(-c3ccc(C(F)(F)F)cc3F)nc2C)ccc1OC(C)(C)C(=O)O,2.0,82.70158511371469,91.38525155065471,False,True,499.55,7.12,1,5,59.42,7,3,0.304,33,120.33,0.277,1,True,True,False,False,True
REP_05066,CHEMBL2304040,CEFCANEL DALOXATE,Cc1nnc(SCC2=C(C(=O)OCc3oc(=O)oc3C)N3C(=O)[C@@H](NC(=O)[C@H](OC(=O)[C@@H](C)N)c4ccccc4)[C@H]3SC2)s1,2.0,82.63266712611991,67.40179186767746,False,True,661.74,1.82,2,15,197.16,11,3,0.37,44,158.12,0.171,2,False,False,False,False,False
REP_05165,CHEMBL25892,FRESELESTAT,CC(C)C(NC(=O)Cn1c(-c2ccccc2)ncc(N)c1=O)C(=O)c1nnc(C(C)(C)C)o1,2.0,82.56374913852515,50.137835975189525,False,True,452.52,2.2,2,8,146.0,7,3,0.391,33,122.44,0.519,0,True,False,False,True,False
REP_08103,CHEMBL4859268,AGG-523,CC(C)(Cc1ccc(F)cc1)NC(=O)[C@H](CCC(=O)O)NC(=O)c1ccc(-c2ccccc2)cc1,1.0,82.4948311509304,25.223983459682977,False,True,476.55,4.59,3,3,95.5,10,3,0.25,35,132.33,0.399,0,True,True,True,False,True
REP_01578,CHEMBL1242035,TOMEGLOVIR,CN(C)c1cccc2c(S(=O)(=O)Nc3ccc(NC(=O)C(C)(C)CO)cc3)cccc12,2.0,82.42591316333562,75.63749138525155,False,True,441.55,3.66,3,5,98.74,7,3,0.261,31,125.02,0.52,0,True,True,True,True,True
REP_07079,CHEMBL5314521,IMDATIFAN,N#Cc1cc(F)cc(Oc2ccc3c4c2[C@@H](F)C[C@]4(O)C(F)(F)C3(F)F)c1,2.0,82.35699517574086,73.39765678842178,False,True,385.26,4.83,1,3,53.25,2,2,0.278,27,78.83,0.754,0,True,True,True,True,True
REP_08077,CHEMBL4756595,ENITOCICLIB,COc1cc(F)ccc1-c1cc(Nc2cc(CS(C)(=N)=O)ccn2)ncc1F,1.0,82.2880771881461,92.62577532736044,False,True,404.44,4.35,2,6,87.96,6,3,0.158,28,104.15,0.638,0,True,True,True,True,True
REP_05153,CHEMBL253969,OSI-632,NC(=O)c1c(OCc2c(F)cc(Br)cc2F)nsc1NC(=O)NCCCCN1CCCC1,2.0,82.21915920055135,75.39627842866989,False,True,532.41,3.86,3,6,109.58,10,2,0.45,32,120.95,0.403,1,True,True,True,False,True
REP_01391,CHEMBL1162175,REGRELOR,CCNC(=O)Nc1ncnc2c1ncn2[C@@H]1O[C@H](COP(=O)(O)O)[C@H]2O[C@H](/C=C/c3ccccc3)O[C@H]21,2.0,82.15024121295657,97.38111647139904,False,True,532.45,1.8,4,9,179.18,8,3,0.364,37,128.93,0.311,1,True,False,False,False,False
REP_07335,CHEMBL6068412,PEBEZERTINIB,C=CC(=O)Nc1ccc(F)c(Nc2nc(Nc3cnn(C)c3)ncc2-c2ccc(C(F)(F)F)cc2)c1,2.0,82.08132322536181,92.55685733976568,False,True,497.46,5.65,3,6,96.76,7,4,0.083,36,127.47,0.226,1,True,True,True,False,True
REP_07806,CHEMBL3545011,GS-9667,O[C@@H]1[C@H](O)[C@@H](CSc2ccccc2F)O[C@H]1n1cnc2c(N[C@@H]3CCC[C@H]3O)ncnc21,1.0,82.01240523776706,98.27705031013096,False,True,461.52,1.7,4,9,125.55,6,3,0.476,32,115.64,0.406,0,True,True,True,True,True
REP_01812,CHEMBL1472830,SULPROSTONE,CS(=O)(=O)NC(=O)CCC/C=C\C[C@H]1C(=O)C[C@@H](O)[C@@H]1/C=C/[C@@H](O)COc1ccccc1,2.0,81.9434872501723,96.27842866988284,False,True,465.57,1.74,3,7,130.0,12,1,0.478,32,120.29,0.317,0,True,False,True,True,False
REP_00623,CHEMBL2103876,MAPRACORAT,Cc1ccc2c(NC[C@](O)(CC(C)(C)c3cc(F)cc4c3OCC4)C(F)(F)F)cccc2n1,3.0,81.87456926257754,45.14128187456926,False,True,462.49,5.69,2,4,54.38,6,3,0.4,33,119.22,0.462,1,True,True,True,False,True
REP_08159,CHEMBL5095424,SIREMADLIN SUCCINATE,COc1ncc(-c2nc3c(n2C(C)C)[C@H](c2ccc(Cl)cc2)N(c2cc(Cl)cn(C)c2=O)C3=O)c(OC)n1.O=C(O)CCC(=O)O,1.0,81.80565127498276,24.01791867677464,False,True,673.51,4.63,2,9,178.97,9,4,0.3,46,168.05,0.253,1,True,False,False,False,False
REP_06134,CHEMBL3990566,PHYTONADIOL DIPHOSPHATE,C/C(=C\Cc1c(C)c(OP(=O)(O)O)c2ccccc2c1OP(=O)(O)O)CCC[C@H](C)CCC[C@H](C)CCCC(C)C,2.0,81.736733287388,75.63749138525155,False,True,612.68,9.02,4,4,133.52,18,2,0.613,41,166.21,0.097,2,False,False,False,False,False
REP_03460,CHEMBL2105273,PANOMIFENE,OCCNCCOc1ccc(/C(=C(\c2ccccc2)C(F)(F)F)c2ccccc2)cc1,2.0,81.66781529979325,53.68711233631978,False,True,427.47,5.17,2,3,41.49,9,3,0.2,31,116.75,0.366,1,True,True,True,True,True
REP_01314,CHEMBL1076263,SETROBUVIR,CS(=O)(=O)Nc1ccc2c(c1)S(=O)(=O)N=C(C1=C(O)[C@@H]3[C@H]4CC[C@H](C4)[C@@H]3N(Cc3ccc(F)cc3)C1=O)N2,2.0,81.59889731219849,24.87939352170917,False,True,560.63,2.98,3,7,145.24,5,2,0.36,38,137.87,0.51,1,True,False,False,False,False
REP_05267,CHEMBL279260,RAFABEGRON,C[C@H](Cc1c[nH]c2c(OCC(=O)O)cccc12)NC[C@H](O)c1cccc(Cl)c1,2.0,81.52997932460372,89.52446588559614,False,True,402.88,3.54,4,4,94.58,9,3,0.286,28,109.01,0.439,0,True,True,True,True,True
REP_02515,CHEMBL2079588,TELATINIB,CNC(=O)c1cc(COc2nnc(Nc3ccc(Cl)cc3)c3ccoc23)ccn1,2.0,81.46106133700896,50.137835975189525,False,True,409.83,3.95,2,7,102.17,6,4,0.1,29,108.5,0.497,0,True,True,True,True,True
REP_03295,CHEMBL2105080,GEDOCARNIL,COCc1c(C(=O)OC(C)C)ncc2[nH]c3cccc(Oc4ccc(Cl)cc4)c3c12,2.0,81.3921433494142,75.63749138525155,False,True,424.88,5.87,1,5,73.44,6,4,0.217,30,116.39,0.391,1,True,True,True,False,True
REP_07076,CHEMBL5314518,GLECIRASIB,C=CC(=O)N1CCN(c2c(C#N)c(=O)n(-c3c(C)ccnc3C(C)C)c3nc(-c4c(N)c(F)c(F)c(F)c4F)c(Cl)cc23)CC1,2.0,81.32322536181944,75.63749138525155,False,True,640.04,5.38,1,7,121.14,5,4,0.258,45,162.36,0.102,2,False,True,True,False,True
REP_05434,CHEMBL305544,SAPRISARTAN,CCc1nc(C2CC2)c(C(N)=O)n1Cc1ccc2oc(-c3ccccc3NS(=O)(=O)C(F)(F)F)c(Br)c2c1,2.0,81.25430737422468,61.81943487250172,False,True,611.44,5.91,2,5,120.22,8,4,0.28,38,139.15,0.257,2,False,True,False,False,True
REP_07119,CHEMBL5314910,BREZIVAPTAN,CC(C)NC(=O)Cn1c(-c2cccc(Cl)c2)nn(-c2ccc(CCN3CCOCC3)cc2)c1=O,2.0,81.18538938662991,62.026188835286014,False,True,484.0,2.75,1,5,81.39,8,3,0.4,34,132.51,0.533,0,True,True,True,False,True
REP_08052,CHEMBL4650280,ASN007,Cc1cnc(NC2CCOCC2)nc1-n1cnc(C(=O)N[C@H](CN)c2cc(F)cc(Cl)c2)c1,1.0,81.11647139903515,91.38525155065471,False,True,473.94,2.78,3,7,119.98,7,3,0.364,33,122.03,0.482,0,True,True,True,True,True
REP_08156,CHEMBL5095397,IMLUNESTRANT TOSYLATE,Cc1ccc([SH](=O)(O)O)cc1.Oc1ccc2c3c(cnc2c1)-c1ccc(C(F)(F)F)cc1O[C@@H]3c1ccc(OCCN2CC(CF)C2)cc1,1.0,81.04755341144039,91.38525155065471,False,True,698.73,7.7,4,6,112.35,7,5,0.25,49,178.4,0.101,2,False,True,False,False,True
REP_08260,CHEMBL6068519,ONO-2910,O=C(O)CCc1ccccc1OCCC/C=C/c1cccc(NS(=O)(=O)c2ccccc2)c1,1.0,80.97863542384562,72.22605099931081,False,True,465.57,5.38,2,4,92.7,12,3,0.192,33,129.85,0.351,1,True,False,True,True,False
REP_01193,CHEMBL5314487,SUZETRIGINE,COc1c([C@H]2[C@H](C(=O)Nc3ccnc(C(N)=O)c3)O[C@@](C)(C(F)(F)F)[C@H]2C)ccc(F)c1F,3.0,80.90971743625086,45.210199862164025,False,True,473.4,3.55,2,5,103.54,5,2,0.381,33,105.53,0.647,0,True,True,True,True,True
REP_04768,CHEMBL2110813,ENOLICAM,O=C(Nc1ccc(Cl)c(Cl)c1)C1=C(O)c2cc(Cl)ccc2S(=O)(=O)CC1,2.0,80.8407994486561,50.137835975189525,False,True,432.71,4.73,2,4,83.47,2,2,0.118,26,102.76,0.718,0,True,True,True,True,True
REP_06514,CHEMBL4469414,LUVIXASERTIB,Cc1cc(-c2cnn3c(NC[C@H]4C[C@@](C)(O)C4)cc(Oc4cccnc4)nc23)ccc1C(=O)NC1CC1,2.0,80.77188146106134,91.52308752584425,False,True,498.59,4.36,3,7,113.67,8,4,0.357,37,139.8,0.331,0,True,True,True,False,True
REP_06144,CHEMBL3991932,PEXMETINIB,Cc1ccc(-n2nc(C(C)(C)C)cc2NC(=O)NCc2cc(F)ccc2Oc2ccc3c(cnn3CCO)c2)cc1,2.0,80.70296347346657,82.70158511371469,False,True,556.64,6.07,3,5,106.23,8,5,0.258,41,156.15,0.215,2,False,True,False,False,True
REP_07901,CHEMBL4212531,PF-06273340,CC(C)(CO)n1cc(C(=O)c2cncc(NC(=O)Cc3ccc(Cl)cn3)c2)c2cnc(N)nc21,1.0,80.63404548587181,50.137835975189525,False,True,479.93,2.6,3,8,148.91,7,4,0.217,34,127.6,0.342,0,True,False,False,True,False
REP_05623,CHEMBL3360203,PILARALISIB,COc1ccc(Cl)c(Nc2nc3ccccc3nc2NS(=O)(=O)c2cccc(NC(=O)C(C)(C)N)c2)c1,2.0,80.56512749827705,88.00827015851137,False,True,541.03,4.51,4,8,148.33,8,4,0.16,37,144.97,0.255,1,True,False,False,False,False
REP_03811,CHEMBL2106058,CEFTIZOXIME ALAPIVOXIL,CO/N=C(\C(=O)N[C@@H]1C(=O)N2C(C(=O)OCOC(=O)C(C)(C)C)=CCS[C@H]12)c1csc(NC(=O)[C@H](C)N)n1,2.0,80.49620951068228,95.10682288077189,False,True,568.63,0.15,3,13,191.61,9,1,0.5,38,137.55,0.121,2,False,False,False,False,False
REP_06410,CHEMBL4297616,OLINCIGUAT,NC(=O)[C@](O)(CNc1nc(-c2cc(-c3ccon3)n(Cc3ccccc3F)n2)ncc1F)C(F)(F)F,2.0,80.42729152308753,89.0420399724328,False,True,509.4,2.51,3,8,144.98,8,4,0.19,36,112.9,0.307,1,True,False,False,False,False
REP_05461,CHEMBL3113734,UK-500001,Cc1ccc(O)c(C(=O)N[C@H]2CC[C@@H](NC(=O)c3cc(F)cnc3Oc3ccc(F)c(F)c3)CC2)c1,2.0,80.35837353549276,91.38525155065471,False,True,499.49,4.78,3,5,100.55,6,3,0.269,36,124.45,0.454,0,True,True,True,False,True
REP_05714,CHEMBL3545187,VERDINEXOR,O=C(/C=C\n1cnc(-c2cc(C(F)(F)F)cc(C(F)(F)F)c2)n1)NNc1ccccn1,2.0,80.289455547898,99.65541006202618,False,True,442.32,3.99,2,5,84.73,5,3,0.111,31,96.79,0.355,0,True,True,True,True,True
REP_08019,CHEMBL4594384,UMIFOXOLANER,O=C(CNC(=O)c1ccc(C2=NO[C@@](c3cc(Cl)c(F)c(C(F)(F)F)c3)(C(F)(F)F)C2)c2ccccc12)NCC(F)(F)F,1.0,80.22053756030324,91.38525155065471,False,True,643.87,6.64,2,4,79.79,6,3,0.269,43,131.73,0.296,2,False,True,False,False,True
REP_05722,CHEMBL3545233,PAVINETANT,CC[C@H](NC(=O)c1c(NS(C)(=O)=O)c(-c2ccccc2)nc2ccccc12)c1ccccc1,2.0,80.15161957270848,75.63749138525155,False,True,459.57,5.15,2,4,88.16,7,4,0.154,33,132.59,0.4,1,True,True,True,False,True
REP_04102,CHEMBL2106642,ACRIHELLIN,CC(C)=CC(=O)O[C@H]1CC[C@]2(C=O)[C@H]3CC[C@]4(C)[C@@H](c5ccc(=O)oc5)CC[C@]4(O)[C@@H]3CC[C@]2(O)C1,2.0,80.08270158511371,75.63749138525155,False,True,498.62,4.05,2,7,114.04,4,1,0.69,36,132.07,0.366,0,True,True,True,False,True
REP_00897,CHEMBL3786673,EDASALONEXENT,CC/C=C\C/C=C\C/C=C\C/C=C\C/C=C\C/C=C\CCC(=O)NCCNC(=O)c1ccccc1O,3.0,80.01378359751895,78.01516195727085,False,True,490.69,6.72,3,3,78.43,18,1,0.355,36,150.9,0.158,1,True,False,False,False,False
REP_05816,CHEMBL3673096,JTT-251,CC(C)(O)CCOc1cc(-c2cnn(C(C)(C)C(N)=O)c2)c2c(c1)[C@@](O)(C(F)(F)F)c1ccccc1-2,2.0,79.9448656099242,75.63749138525155,False,True,503.52,4.09,3,5,110.6,7,3,0.385,36,127.08,0.45,1,True,True,True,False,True
REP_07291,CHEMBL6068020,LINUSTEDASTAT,C[C@]12CC[C@@H]3c4cccc(F)c4CC[C@H]3[C@@H]1[C@H](CCC(=O)Nc1ccc(F)cn1)C/C2=N/O,2.0,79.87594762232942,78.98001378359751,False,True,453.53,5.69,2,4,74.58,4,2,0.5,33,121.17,0.461,1,True,True,True,False,True
REP_03101,CHEMBL2104743,GLIFLUMIDE,COc1ccc(F)cc1[C@H](C)NC(=O)Cc1ccc(S(=O)(=O)Nc2ncc(CC(C)C)cn2)cc1,2.0,79.80702963473468,50.137835975189525,False,True,500.6,4.04,2,6,110.28,10,3,0.32,35,131.04,0.435,1,True,True,True,False,True
REP_06495,CHEMBL4438249,AMDIZALISIB,C[C@H](Nc1ncnc(N)c1C#N)c1cc2ncc(Cl)n2nc1-c1ccccc1,2.0,79.7381116471399,75.63749138525155,False,True,390.84,3.47,2,7,117.81,4,4,0.105,28,106.63,0.547,0,True,True,True,True,True
REP_00977,CHEMBL4297324,REMIMAZOLAM TOSYLATE,COC(=O)CC[C@@H]1N=C(c2ccccn2)c2cc(Br)ccc2-n2c(C)cnc21,3.0,79.66919365954514,28.18745692625775,False,True,439.31,4.18,0,5,69.37,4,3,0.238,28,109.87,0.572,0,True,True,True,True,True
REP_05948,CHEMBL3975522,EBOPIPRANT,CC(C)[C@H](N)C(=O)OCC[C@H](NC(=O)[C@@H]1SCCN1S(=O)(=O)c1ccc(-c2ccccc2)cc1)c1ccc(F)cc1,2.0,79.60027567195039,63.88697450034459,False,True,599.75,4.33,2,7,118.8,11,3,0.333,41,157.69,0.315,1,True,False,True,False,False
REP_05650,CHEMBL3422109,AVANBULIN,N#CCCNc1nonc1-c1nc2ccccc2n1CC(=O)c1ccc(N)cc1,2.0,79.53135768435561,97.17436250861476,False,True,387.4,2.88,2,8,135.65,7,4,0.15,29,106.93,0.281,0,True,True,False,True,True
REP_01145,CHEMBL5077861,OPNURASIB,C=CC(=O)N1CC2(CC(n3nc(-c4ccc5c(cnn5C)c4)c(-c4c(Cl)c(C)cc5[nH]ncc45)c3C)C2)C1,3.0,79.46243969676085,75.63749138525155,False,True,526.04,5.6,1,4,84.63,4,5,0.31,38,148.99,0.309,2,False,True,True,False,True
REP_04297,CHEMBL2107020,ORNOPROSTIL,CCCC[C@H](C)C[C@H](O)/C=C/[C@H]1[C@H](O)CC(=O)[C@@H]1CC(=O)CCCCC(=O)OC,2.0,79.3935217091661,50.137835975189525,False,True,410.55,3.38,2,6,100.9,14,0,0.783,29,111.17,0.259,0,True,False,True,True,False
REP_07088,CHEMBL5314536,POZDEUTINURAD,[2H]c1c([2H])c([2H])c2c(C(=O)c3cc(Br)c(O)c(Br)c3)c(C(C)O)oc2c1[2H],2.0,79.32460372157134,75.63749138525155,False,True,444.11,4.95,2,4,70.67,3,3,0.118,23,93.79,0.562,0,True,True,True,True,True
REP_05047,CHEMBL224006,POZTINURAD,CC(O)c1oc2ccccc2c1C(=O)c1cc(Br)c(O)c(Br)c1,2.0,79.25568573397656,56.99517574086836,False,True,440.09,4.95,2,4,70.67,3,3,0.118,23,93.79,0.566,0,True,True,True,True,True
REP_06401,CHEMBL4297582,TEFINOSTAT,O=C(CCCCCCC(=O)Nc1ccc(CN[C@H](C(=O)OC2CCCC2)c2ccccc2)cc1)NO,2.0,79.1867677463818,75.63749138525155,False,True,495.62,4.79,4,6,116.76,14,2,0.464,36,137.07,0.13,0,True,False,True,False,False
REP_06094,CHEMBL3989818,DOCONAZOLE,Clc1ccc(C2(Cn3ccnc3)OCC(COc3ccc(-c4ccccc4)cc3)O2)c(Cl)c1,2.0,79.11784975878705,93.039283252929,False,True,481.38,6.2,0,4,45.51,7,4,0.192,33,128.56,0.315,1,True,True,False,False,True
REP_00428,CHEMBL1186894,AMRUBICIN,CC(=O)[C@]1(N)Cc2c(O)c3c(c(O)c2[C@@H](O[C@H]2C[C@H](O)[C@H](O)CO2)C1)C(=O)c1ccccc1C3=O,3.0,79.04893177119227,80.97863542384562,False,True,483.47,0.63,5,10,176.61,3,2,0.4,35,119.2,0.332,0,True,False,False,False,False
REP_06879,CHEMBL5095106,MASOFANITEN,CC(C)(c1ccc(OCc2ccnc(NS(C)(=O)=O)n2)cc1)c1cc(Cl)c(OCCCl)c(C#N)c1,2.0,78.98001378359751,75.63749138525155,False,True,535.45,4.9,1,7,114.2,10,3,0.292,35,135.78,0.368,1,True,True,True,False,True
REP_06756,CHEMBL483321,CP-724714,COCC(=O)NC/C=C/c1ccc2ncnc(Nc3ccc(Oc4ccc(C)nc4)c(C)c3)c2c1,2.0,78.91109579600275,78.35975189524466,False,True,469.55,4.95,2,7,98.26,9,4,0.185,35,136.97,0.358,0,True,True,True,False,True
REP_06714,CHEMBL476186,ERIBAXABAN,CO[C@@H]1C[C@H](C(=O)Nc2ccc(-n3ccccc3=O)cc2F)N(C(=O)Nc2ccc(Cl)cc2)C1,2.0,78.842177808408,50.137835975189525,False,True,484.92,3.89,2,4,92.67,5,3,0.208,34,127.01,0.574,0,True,True,True,False,True
REP_05543,CHEMBL3234035,PRS-211375,CCCCCCC(C)(C)c1cc(O)c([C@H]2CC(=O)[C@H]3C[C@@H]2C3(C)C)c(OC(=O)/C=C/C(=O)O)c1,2.0,78.77325982081324,63.95589248793936,False,True,470.61,5.91,2,5,100.9,10,1,0.607,34,130.05,0.191,1,True,True,False,False,True
REP_01056,CHEMBL452076,CILNIDIPINE,COCCOC(=O)C1=C(C)NC(C)=C(C(=O)OC/C=C/c2ccccc2)C1c1cccc([N+](=O)[O-])c1,3.0,78.70434183321848,75.63749138525155,False,True,492.53,4.28,1,8,117.0,10,2,0.259,36,133.64,0.226,0,True,True,True,False,True
REP_05207,CHEMBL270515,DELANZOMIB,CC(C)C[C@H](NC(=O)[C@@H](NC(=O)c1cccc(-c2ccccc2)n1)[C@@H](C)O)B(O)O,2.0,78.6354238456237,95.7960027567195,False,True,413.28,0.77,5,6,131.78,9,2,0.381,30,114.19,0.386,0,True,True,False,True,True
REP_07607,CHEMBL1614725,TAK-285,CC(C)(O)CC(=O)NCCn1ccc2ncnc(Nc3ccc(Oc4cccc(C(F)(F)F)c4)c(Cl)c3)c21,1.0,78.56650585802895,97.72570640937283,False,True,547.97,5.92,3,6,101.3,9,4,0.269,38,137.71,0.241,2,False,True,False,False,True
REP_06192,CHEMBL4116269,ORC-13661,CN1[C@H]2CC[C@@H]1c1c(sc(NC(=O)Nc3ccc(Cl)cc3)c1C(N)=O)C2,2.0,78.49758787043419,48.311509303928325,False,True,390.9,3.84,3,4,87.46,3,2,0.333,26,104.16,0.744,0,True,True,True,True,True
REP_05771,CHEMBL3590674,ABT-639,O=C(c1cc(S(=O)(=O)Nc2ccccc2F)c(F)cc1Cl)N1CCN2CCC[C@@H]2C1,2.0,78.42866988283942,50.137835975189525,False,True,455.91,3.34,1,4,69.72,4,2,0.35,30,109.12,0.767,0,True,True,True,True,True
REP_01461,CHEMBL1197091,HALOFUGINONE,O=C(CC1NCCCC1O)Cn1cnc2cc(Br)c(Cl)cc2c1=O,2.0,78.35975189524466,96.96760854583046,False,True,414.69,1.88,2,5,84.22,4,2,0.438,24,95.37,0.798,0,True,True,True,True,True
REP_08002,CHEMBL4521078,PLX-51107,Cc1noc(C)c1-c1cnc2c(-c3ccc(C(=O)O)cc3)cn([C@@H](C)c3ccccn3)c2c1,1.0,78.2908339076499,50.137835975189525,False,True,438.49,5.68,1,5,94.04,5,5,0.154,33,125.15,0.379,1,True,True,True,False,True
REP_01188,CHEMBL5314428,ZANZALINTINIB,CNC(=O)c1cc2c(Oc3ccc(NC(=O)C4(C(=O)Nc5ccc(F)cc5)CC4)cc3)ccnc2cc1OC,3.0,78.22191592005514,65.81667815299794,False,True,528.54,4.89,3,6,118.65,8,4,0.172,39,143.53,0.28,1,True,True,True,False,True
REP_08009,CHEMBL456237,LXR-623,Fc1ccc(-c2c3cccc(C(F)(F)F)c3nn2Cc2ccc(F)cc2Cl)cc1,1.0,78.15299793246038,57.82219159200551,False,True,422.78,6.7,0,1,17.82,3,4,0.095,29,100.64,0.336,1,True,True,False,False,True
REP_06181,CHEMBL4088896,LY2623091,C[C@H](CN1CCOCC1)n1/c(=N\C(N)=O)[nH]c2cc(/C=C3\c4ccccc4COc4cc(F)ccc43)ccc21,2.0,78.0840799448656,91.38525155065471,False,True,527.6,4.46,2,4,97.87,4,4,0.267,39,147.55,0.409,1,True,True,True,False,True
REP_06188,CHEMBL4101487,GALICAFTOR,O=C(O)c1ccc([C@H]2C[C@@H](NC(=O)C3(c4ccc5c(c4)OC(F)(F)O5)CC3)c3ccc(OC(F)F)cc3O2)cc1,2.0,78.01516195727085,91.38525155065471,False,True,559.47,5.72,2,6,103.32,7,3,0.286,40,128.9,0.357,2,False,True,True,False,True
REP_03103,CHEMBL2104745,PAGOCLONE,CC(C)CCC(=O)CC1c2ccccc2C(=O)N1c1ccc2ccc(Cl)nc2n1,2.0,77.94624396967609,61.54376292212267,False,True,407.9,5.38,0,4,63.16,6,3,0.304,29,114.24,0.514,1,True,True,True,True,True
REP_04950,CHEMBL2111180,PICOPHOSPHORIC ACID,O=P(O)(O)Oc1ccc(C(c2ccc(OP(=O)(O)O)cc2)c2ccccn2)cc1,2.0,77.87732598208133,55.82356995175741,False,True,437.28,3.2,4,5,146.41,7,3,0.056,29,103.41,0.409,0,True,False,False,True,False
REP_06620,CHEMBL460702,BMS-777607,CCOc1ccn(-c2ccc(F)cc2)c(=O)c1C(=O)Nc1ccc(Oc2ccnc(N)c2Cl)c(F)c1,2.0,77.80840799448656,71.81254307374225,False,True,512.9,5.19,2,6,108.47,7,4,0.08,36,131.25,0.353,2,False,True,True,False,True
REP_05846,CHEMBL3707347,VERINURAD,CC(C)(Sc1ccncc1-c1ccc(C#N)c2ccccc12)C(=O)O,2.0,77.7394900068918,97.86354238456238,False,True,348.43,4.73,1,4,73.98,4,3,0.15,25,99.47,0.69,0,True,True,True,True,True
REP_05830,CHEMBL3694493,VIPOGLANSTAT,Cn1c(Nc2c(Cl)ccc(CNC(=O)C(C)(C)C)c2Cl)nc2cc(C(=O)N[C@H]3CC[C@H](C(F)(F)F)CC3)c(OCC(F)F)cc21,2.0,77.67057201929704,76.15437629221226,False,True,678.53,7.78,3,5,97.28,9,3,0.5,45,162.53,0.201,2,False,True,False,False,True
REP_04957,CHEMBL2142592,TALADEGIB,CN(C(=O)c1ccc(F)cc1C(F)(F)F)C1CCN(c2nnc(-c3ccnn3C)c3ccccc23)CC1,2.0,77.60165403170227,50.137835975189525,False,True,512.51,4.93,0,5,67.15,4,4,0.308,37,130.47,0.363,1,True,True,True,False,True
REP_00690,CHEMBL2107456,LIMAPROST,CCCC[C@H](C)C[C@H](O)/C=C/[C@H]1[C@H](O)CC(=O)[C@@H]1CCCC/C=C/C(=O)O,3.0,77.53273604410751,71.33011716057891,False,True,380.53,3.89,3,4,94.83,13,0,0.727,27,106.31,0.256,0,True,False,True,True,False
REP_03063,CHEMBL2104694,ACEFLURANOL,CCC(c1cc(F)c(OC(C)=O)c(OC(C)=O)c1)C(C)c1cc(F)c(OC(C)=O)c(OC(C)=O)c1,2.0,77.46381805651275,66.09235010337697,False,True,492.47,4.96,0,8,105.2,8,2,0.36,35,119.48,0.376,0,True,True,True,False,True
REP_08033,CHEMBL4594432,LY-3200882,CC(C)(O)c1cc(Nc2cc(Oc3cn(C4CC4)nc3C3CCOCC3)ccn2)ccn1,1.0,77.39490006891798,91.38525155065471,False,True,435.53,4.67,2,7,94.32,7,3,0.458,32,120.37,0.557,0,True,True,True,True,True
REP_03999,CHEMBL2106432,LOCICORTOLONE DICIBATE,C[C@@H]1C[C@H]2[C@@H]3CCC4=CC(=O)C=C[C@]4(C)[C@@]3(Cl)[C@@H](Cl)C[C@]2(C)[C@H]1C(=O)COC(=O)OC(C1CCCCC1)C1CCCCC1,2.0,77.32598208132322,43.69400413507925,False,True,633.7,8.99,0,5,69.67,6,0,0.806,43,169.15,0.216,2,False,True,False,False,True
REP_01372,CHEMBL11417,STREPTONIGRIN,COC1=C(N)C(=O)c2nc(-c3nc(C(=O)O)c(C)c(-c4ccc(OC)c(OC)c4O)c3N)ccc2C1=O,2.0,77.25706409372847,91.38525155065471,False,True,506.47,2.32,4,11,197.18,6,3,0.16,37,130.66,0.381,2,False,False,False,False,False
REP_07309,CHEMBL6068044,BOSMOLISIB,C[C@H](Nc1ncnc2[nH]ccc(=O)c12)c1c(Cl)c2cccc(Cl)c2c(=O)n1-c1ccccc1,2.0,77.1881461061337,50.137835975189525,False,True,478.34,5.1,2,5,92.67,4,5,0.083,33,131.76,0.375,1,True,True,True,False,True
REP_07320,CHEMBL6068060,MOCACICLIB,C=C(F)C(=O)Nc1ccc2c(-c3ccccc3CNc3nc(NC[C@H]4CCNC[C@@H]4O)nc4c(C(C)C)cnn34)nccc2c1,2.0,77.11922811853894,91.38525155065471,False,True,609.71,4.88,5,9,141.39,10,5,0.303,45,173.73,0.14,1,True,False,False,False,False
REP_05922,CHEMBL3912251,ONO-8539,Cc1cc(C(=O)O)ccc1COc1cc2c(cc1N(CC(C)C)S(=O)(=O)c1nccs1)CCC2,2.0,77.05031013094418,91.38525155065471,False,True,500.64,5.07,1,6,96.8,9,3,0.36,34,132.42,0.441,2,False,True,True,False,True
REP_01395,CHEMBL1164608,FLUAZURON,O=C(NC(=O)c1c(F)cccc1F)Nc1ccc(Cl)c(Oc2ncc(C(F)(F)F)cc2Cl)c1,2.0,76.98139214334941,74.84493452791179,False,True,506.21,6.44,2,4,80.32,4,3,0.05,33,108.62,0.4,2,False,True,False,False,True
REP_01341,CHEMBL1090090,VX-702,NC(=O)c1ccc(N(C(N)=O)c2c(F)cccc2F)nc1-c1ccc(F)cc1F,2.0,76.91247415575465,91.38525155065471,False,True,404.32,3.62,2,3,102.31,4,3,0.0,29,96.19,0.649,0,True,True,True,True,True
REP_07832,CHEMBL3639728,PLX-5622,COc1ncc(F)cc1CNc1ccc(Cc2c[nH]c3ncc(C)cc23)c(F)n1,1.0,76.84355616815989,55.13439007580978,False,True,395.41,4.15,2,5,75.72,6,4,0.19,29,105.91,0.48,0,True,True,True,True,True
REP_00951,CHEMBL415049,BARASERTIB,CCN(CCCOc1ccc2c(Nc3cc(CC(=O)Nc4cccc(F)c4)[nH]n3)ncnc2c1)CCOP(=O)(O)O,3.0,76.77463818056512,91.38525155065471,False,True,587.55,3.62,5,9,174.82,15,4,0.308,41,150.36,0.101,1,True,False,False,False,False
REP_03855,CHEMBL2106146,FENDOSAL,O=C(O)c1cc(-n2c(-c3ccccc3)cc3c2CCc2ccccc2-3)ccc1O,2.0,76.70572019297036,88.35286009648519,False,True,381.43,5.31,2,2,62.46,3,4,0.08,29,112.67,0.505,1,True,True,True,True,True
REP_07969,CHEMBL4297542,GSK-2018682,CC(C)Oc1ncc(-c2nc(-c3cccc4c3ccn4CCCC(=O)O)no2)cc1Cl,1.0,76.6368022053756,75.63749138525155,False,True,440.89,5.06,1,6,103.27,8,4,0.273,31,116.1,0.408,1,True,True,True,True,True
REP_02494,CHEMBL206335,RAZAXABAN,CN(C)Cc1nccn1-c1ccc(NC(=O)c2cc(C(F)(F)F)nn2-c2ccc3onc(N)c3c2)c(F)c1,2.0,76.56788421778084,91.38525155065471,False,True,528.47,4.25,2,7,120.03,6,5,0.167,38,129.41,0.316,1,True,True,True,False,True
REP_04376,CHEMBL2107162,PIFLUTIXOL,OCCC1CCN(CC/C=C2/c3ccc(F)cc3Sc3ccc(C(F)(F)F)cc32)CC1,2.0,76.49896623018608,91.38525155065471,False,True,451.53,6.23,1,3,23.47,5,2,0.417,31,114.53,0.466,1,True,True,False,False,True
REP_08168,CHEMBL5314386,ME-344,Cc1c(O)ccc2c1OC[C@@H](c1ccc(O)cc1)[C@H]2c1ccc(O)cc1,1.0,76.43004824259133,43.14266023432116,False,True,348.4,4.42,3,4,69.92,2,3,0.182,26,99.14,0.641,0,True,True,True,True,True
REP_05620,CHEMBL3354637,NIZUBAGLUSTAT,OC[C@H]1[C@@H](O)[C@H](O)[C@@H](O)CN1CCCCCOCc1ccc(-c2ccccc2)c(F)c1,2.0,76.36113025499655,27.77394900068918,False,True,433.52,1.94,4,6,93.39,10,2,0.5,31,115.81,0.428,0,True,True,True,True,True
REP_06893,CHEMBL5095187,LINAPRAZAN GLURATE,Cc1cccc(C)c1CNc1cc(C(=O)NCCOC(=O)CCCC(=O)O)cn2c(C)c(C)nc12,2.0,76.2922122674018,63.81805651274984,False,True,480.57,3.71,3,6,122.03,11,3,0.385,35,132.69,0.282,0,True,False,True,False,False
REP_07899,CHEMBL4205422,MK-0752,O=C(O)CC[C@H]1CC[C@@](c2cc(F)ccc2F)(S(=O)(=O)c2ccc(Cl)cc2)CC1,1.0,76.22329427980704,50.137835975189525,False,True,442.91,5.34,1,3,71.44,6,2,0.381,29,105.5,0.655,1,True,True,True,True,True
REP_07791,CHEMBL3356433,LX-7101,Cc1c[nH]c2ncnc(N3CCC(CN)(C(=O)Nc4cccc(OC(=O)N(C)C)c4)CC3)c12,1.0,76.15437629221226,91.38525155065471,False,True,451.53,2.51,3,7,129.47,5,3,0.391,33,126.34,0.543,0,True,True,True,True,True
REP_02450,CHEMBL2007884,AFP-464 FREE BASE,Cc1c(F)c(N)c2c(=O)cc(-c3ccc(NC(=O)[C@@H](N)CCCCN)c(F)c3)oc2c1F,2.0,76.0854583046175,75.63749138525155,False,True,448.45,3.16,4,6,137.37,7,3,0.273,32,116.45,0.324,0,True,True,False,True,True
REP_05952,CHEMBL3982690,ALOBRESIB,Cc1noc(C)c1-c1cc(C(O)(c2ccccn2)c2ccccn2)c2nc(C3CC3)[nH]c2c1,2.0,76.01654031702274,91.38525155065471,False,True,437.5,4.79,2,6,100.72,5,5,0.231,33,123.61,0.41,0,True,True,True,True,True
REP_01491,CHEMBL1208829,ITX-5061 FREE BASE,COc1c(NC(=O)C(=O)c2ccc(OCCN3CCOCC3)c3ccccc23)cc(C(C)(C)C)cc1NS(C)(=O)=O,2.0,75.94762232942797,58.16678152997932,False,True,583.71,4.05,2,8,123.27,10,3,0.4,41,159.82,0.271,1,True,True,True,False,True
REP_02721,CHEMBL2104172,CEFETRIZOLE,O=C(Cc1cccs1)N[C@@H]1C(=O)N2C(C(=O)O)=C(CSc3nc[nH]n3)CS[C@H]12,2.0,75.87870434183321,93.93521709166092,False,True,437.53,0.94,3,8,128.28,7,2,0.312,28,104.81,0.431,0,True,True,True,True,True
REP_07894,CHEMBL412142,LADUVIGLUSIB,Cc1cnc(-c2cnc(NCCNc3ccc(C#N)cn3)nc2-c2ccc(Cl)cc2Cl)[nH]1,1.0,75.80978635423845,91.38525155065471,False,True,465.35,4.94,3,7,115.2,7,4,0.136,32,125.74,0.331,0,True,True,True,True,True
REP_05095,CHEMBL2364610,FLURALANER,Cc1cc(C2=NOC(c3cc(Cl)cc(Cl)c3)(C(F)(F)F)C2)ccc1C(=O)NCC(=O)NCC(F)(F)F,2.0,75.74086836664368,91.38525155065471,False,True,556.29,5.29,2,4,79.79,6,2,0.318,36,119.01,0.475,2,False,True,True,False,True
REP_00432,CHEMBL1200667,ENCLOMIPHENE CITRATE,CCN(CC)CCOc1ccc(/C(=C(/Cl)c2ccccc2)c2ccccc2)cc1.O=C(O)CC(O)(CC(=O)O)C(=O)O,3.0,75.67195037904894,50.137835975189525,False,True,598.09,5.31,4,6,144.6,14,3,0.281,42,161.47,0.182,2,False,False,False,False,False
REP_00851,CHEMBL3544983,TESEVATINIB,COc1cc2c(Nc3ccc(Cl)c(Cl)c3F)ncnc2cc1OC[C@@H]1C[C@@H]2CN(C)C[C@@H]2C1,3.0,75.60303239145418,61.75051688490696,False,True,491.39,5.79,1,6,59.51,6,3,0.417,33,128.49,0.441,1,True,True,True,False,True
REP_00575,CHEMBL1908376,SEOCALCITOL,C=C1/C(=C\C=C2/CCC[C@]3(C)[C@@H]([C@H](C)/C=C/C=C/C(O)(CC)CC)CC[C@@H]23)C[C@@H](O)C[C@@H]1O,3.0,75.5341144038594,52.03308063404548,False,True,454.7,6.43,3,3,60.69,7,0,0.667,33,137.7,0.389,1,True,True,False,False,True
REP_08160,CHEMBL5095497,ZETELETINIB,COc1cc2cc(-c3ccc(CC(=O)Nc4cc(C(C)(C)C(F)(F)F)no4)cn3)cnc2cc1OC,1.0,75.46519641626465,51.55065472088215,False,True,500.48,5.32,1,7,99.37,7,4,0.28,36,126.0,0.367,2,False,True,True,False,True
REP_06499,CHEMBL4442620,RONICICLIB,C[C@@H](O)[C@@H](C)Oc1nc(Nc2ccc(S(=N)(=O)C3CC3)cc2)ncc1C(F)(F)F,2.0,75.39627842866989,70.91660923501033,False,True,430.45,3.96,3,7,108.19,7,2,0.444,29,100.68,0.614,0,True,True,True,True,True
REP_01036,CHEMBL4303404,PELABRESIB,Cc1noc2c1-c1ccccc1C(c1ccc(Cl)cc1)=N[C@H]2CC(N)=O,3.0,75.32736044107511,75.63749138525155,False,True,365.82,4.07,1,4,81.48,3,3,0.15,26,100.32,0.759,0,True,True,True,True,True
REP_05798,CHEMBL3653256,SIREMADLIN,COc1ncc(-c2nc3c(n2C(C)C)[C@H](c2ccc(Cl)cc2)N(c2cc(Cl)cn(C)c2=O)C3=O)c(OC)n1,2.0,75.25844245348036,9.57960027567195,False,True,555.42,4.69,0,7,104.37,6,4,0.269,38,143.54,0.34,1,True,True,True,False,True
REP_03860,CHEMBL2106158,FALECALCITRIOL,C=C1/C(=C\C=C2/CCC[C@]3(C)[C@@H]([C@H](C)CCCC(O)(C(F)(F)F)C(F)(F)F)CC[C@@H]23)C[C@@H](O)C[C@@H]1O,2.0,75.1895244658856,50.137835975189525,False,True,524.59,6.79,3,3,60.69,6,0,0.778,36,124.8,0.336,2,False,True,False,False,True
REP_05415,CHEMBL3039516,GEMCITABINE ELAIDATE,CCCCCCCC/C=C/CCCCCCCC(=O)OC[C@H]1O[C@@H](n2ccc(N)nc2=O)C(F)(F)[C@@H]1O,2.0,75.12060647829082,50.137835975189525,False,True,527.65,5.3,2,7,116.67,18,1,0.741,37,138.18,0.151,2,False,False,True,False,False
REP_07286,CHEMBL6068015,GLOVADALEN,C[C@H]1c2cccc(C(C)(C)O)c2C[C@H](CO)N1C(=O)Cc1c(Cl)ccc2c1c(Cl)nn2C,2.0,75.05168849069608,96.8986905582357,False,True,476.4,4.16,2,4,78.59,4,3,0.417,32,125.96,0.593,0,True,True,True,True,True
REP_01151,CHEMBL5095035,CAMLIPIXANT,CNC(=O)c1cc(F)c(-c2nc3cc(C)ccn3c2C[C@H]2CN(C(=O)OC)CCO2)c(F)c1,3.0,74.98277050310132,65.3342522398346,False,True,458.47,2.96,1,5,85.17,4,3,0.348,33,116.09,0.65,0,True,True,True,True,True
REP_08143,CHEMBL5095222,AZD-8075,CC1(C)CCCN1C(=O)c1ccc(-c2cc(F)ccc2OCC(=O)O)cc1Cl,1.0,74.91385251550655,93.59062715368712,False,True,405.85,4.62,1,3,66.84,5,2,0.333,28,104.33,0.787,0,True,True,True,True,True
REP_00237,CHEMBL237500,LINAGLIPTIN,CC#CCn1c(N2CCC[C@@H](N)C2)nc2c1c(=O)n(Cc1nc(C)c3ccccc3n1)c(=O)n2C,4.0,74.84493452791179,50.137835975189525,False,True,472.55,1.15,1,7,116.86,4,4,0.4,35,135.48,0.443,0,True,True,True,False,True
REP_05271,CHEMBL279786,BATIMASTAT,CNC(=O)[C@H](Cc1ccccc1)NC(=O)[C@H](CC(C)C)[C@H](CSc1cccs1)C(=O)NO,2.0,74.77601654031703,79.04893177119227,False,True,477.65,3.1,4,6,107.53,12,2,0.435,32,127.55,0.213,0,True,False,True,True,False
REP_05741,CHEMBL35493,ADOZELESIN,Cc1c[nH]c2c1[C@@]13C[C@@H]1CN(C(=O)c1cc4cc(NC(=O)c5cc6ccccc6o5)ccc4[nH]1)C3=CC2=O,2.0,74.70709855272226,76.22329427980704,False,True,502.53,5.3,3,4,111.2,3,5,0.167,38,141.23,0.311,2,False,True,True,False,True
REP_07090,CHEMBL5314538,REZATAPOPT,CNC(=O)c1ccc(NCC#Cc2cc3c(N[C@@H]4CCN(C)C[C@@H]4F)cccc3n2CC(F)(F)F)c(OC)c1,2.0,74.6381805651275,50.137835975189525,False,True,545.58,4.49,3,5,70.56,7,3,0.393,39,144.17,0.302,1,True,True,True,False,True
REP_01292,CHEMBL10188,TALNETANT,CC[C@H](NC(=O)c1c(O)c(-c2ccccc2)nc2ccccc12)c1ccccc1,2.0,74.56926257753274,73.1909028256375,False,True,382.46,5.49,2,3,62.22,5,4,0.12,29,115.78,0.48,1,True,True,True,True,True
REP_06372,CHEMBL4297467,PADNARSERTIB,Nc1ccc(/C=C/C(=O)NCc2cc3cc(-c4ccc(C(=O)N5CCC(F)(F)CC5)cc4)cc(-c4ccc(F)cc4)c3o2)cn1,2.0,74.50034458993797,26.67126119917298,False,True,610.64,7.08,2,5,101.46,7,5,0.171,45,166.66,0.192,2,False,True,False,False,True
REP_06402,CHEMBL4297584,TENALISIB,CC[C@H](Nc1ncnc2[nH]cnc12)c1oc2ccccc2c(=O)c1-c1cccc(F)c1,2.0,74.43142660234321,67.19503790489318,False,True,415.43,4.83,2,6,96.7,5,5,0.13,31,116.22,0.427,0,True,True,True,True,True
REP_02022,CHEMBL1651649,RAMNODIGIN,C[C@@H]1O[C@@H](O[C@H]2CC[C@@]3(C)[C@H](CC[C@@H]4[C@@H]3CC[C@]3(C)[C@@H](C5=CC(=O)OC5)CC[C@]43O)C2)CC[C@H]1O,2.0,74.36250861474845,40.317022742935904,False,True,488.67,4.51,2,6,85.22,3,0,0.897,35,130.17,0.449,0,True,True,True,False,True
REP_04368,CHEMBL2107137,TIPROSTANIDE,CCCCCC(C)(O)CS[C@H]1[C@H](O)CC(=O)[C@@H]1CCCCCCC(=O)Oc1ccc(NC(=O)c2ccccc2)cc1,2.0,74.29359062715368,92.21226740179188,False,True,583.79,6.57,3,7,112.93,17,2,0.545,41,164.31,0.11,2,False,False,False,False,False
REP_02499,CHEMBL206834,BAFETINIB,Cc1ccc(NC(=O)c2ccc(CN3CC[C@H](N(C)C)C3)c(C(F)(F)F)c2)cc1Nc1nccc(-c2cncnc2)n1,2.0,74.22467263955892,24.01791867677464,False,True,576.63,5.39,2,8,99.17,8,4,0.3,42,154.29,0.288,2,False,True,True,False,True
REP_05731,CHEMBL3545335,AG-13958,Cc1cc(C(=O)Nc2cc(Nc3ccc4c(/C=C/c5ccccn5)n[nH]c4c3)ccc2F)n(C)n1,2.0,74.15575465196416,52.9290144727774,False,True,467.51,5.31,3,5,100.52,6,5,0.077,35,134.84,0.314,1,True,True,True,False,True
REP_03117,CHEMBL2104762,LITOMEGLOVIR,CN(C)c1cccc2c(S(=O)(=O)Nc3ccc(NC(=O)C(C)(C)COC(=O)CN)cc3)cccc12,2.0,74.0868366643694,46.24396967608546,False,True,498.61,3.17,3,7,130.83,9,3,0.28,35,137.95,0.386,0,True,True,True,False,True
REP_06458,CHEMBL4303729,PLIXORAFENIB,O=C(c1c(F)ccc(NS(=O)(=O)N2CC[C@@H](F)C2)c1F)c1c[nH]c2ncc(-c3cnc(C4CC4)nc3)cc12,2.0,74.01791867677463,98.96623018607856,False,True,542.54,4.11,2,6,120.94,7,4,0.28,38,132.51,0.339,1,True,True,True,False,True
REP_08236,CHEMBL5831360,CCT-3833,CC(C)(C)c1cc(NC(=O)Nc2ccc(Oc3ccnc4[nH]c(=O)cnc34)cc2F)n(-c2cccc(F)c2)n1,1.0,73.94900068917988,36.25086147484493,False,True,531.52,5.52,3,6,126.82,5,5,0.148,39,141.5,0.274,2,False,True,True,False,True
REP_02549,CHEMBL2103847,TOSEDOSTAT,CC(C)C[C@@H](C(=O)N[C@H](C(=O)OC1CCCC1)c1ccccc1)[C@H](O)C(=O)NO,2.0,73.88008270158511,69.8828394210889,False,True,406.48,1.86,4,6,124.96,9,1,0.571,29,104.55,0.282,0,True,True,True,True,True
REP_04975,CHEMBL2165191,AZD-6482,Cc1cc([C@@H](C)Nc2ccccc2C(=O)O)c2nc(N3CCOCC3)cc(=O)n2c1,2.0,73.81116471399035,38.11164713990352,False,True,408.46,2.71,2,6,96.17,5,3,0.318,30,114.67,0.67,0,True,True,True,True,True
REP_07914,CHEMBL4297217,MOLIBRESIB BESYLATE,CCNC(=O)C[C@@H]1N=C(c2ccc(Cl)cc2)c2cc(OC)ccc2-n2c(C)nnc21.O=S(=O)(O)c1ccccc1,1.0,73.74224672639559,50.137835975189525,False,True,582.08,4.59,2,7,135.77,6,4,0.214,40,152.04,0.318,1,True,True,False,False,True
REP_07838,CHEMBL3692206,TAS-119,Cc1cc(Nc2nc(CC3(C(=O)O)CCN(C(=O)c4cccc(Cl)c4Cl)CC3)ccc2F)n[nH]1,1.0,73.67332873880082,91.38525155065471,False,True,506.37,4.85,3,5,111.21,6,3,0.304,34,126.17,0.441,1,True,True,True,False,True
REP_06916,CHEMBL5095249,LUT-014,Cc1ccc2c(Nc3cccc(OC(F)(F)F)c3)nccc2c1Nc1ncccc1-c1ncnc2[nH]cnc12,2.0,73.60441075120607,91.38525155065471,False,True,528.5,6.66,3,8,113.53,6,6,0.074,39,141.09,0.22,2,False,True,False,False,True
REP_08117,CHEMBL5084301,AMG-650,Cc1cc(NC(=O)c2ccc(NS(=O)(=O)CCO)cc2N2CCC3(CC2)CC3)nc(N2CCC(F)(F)CC2)n1,1.0,73.53549276361132,61.61268090971743,False,True,564.66,3.39,3,8,127.76,8,2,0.577,39,145.17,0.445,1,True,True,True,False,True
REP_04266,CHEMBL2106966,PIKETOPROFEN,Cc1ccnc(NC(=O)C(C)c2cccc(C(=O)c3ccccc3)c2)c1,2.0,73.46657477601654,68.71123363197795,False,True,344.41,4.36,1,3,59.06,5,3,0.136,26,102.34,0.7,0,True,True,True,True,True
REP_07891,CHEMBL4093031,BMS-929075,CNC(=O)c1c(-c2ccc(F)cc2)oc2ccc(-c3cc(C(=O)NC4(c5ncccn5)CC4)ccc3C)c(F)c12,1.0,73.39765678842178,91.38525155065471,False,True,538.55,5.92,2,5,97.12,6,5,0.161,40,145.54,0.28,2,False,True,False,False,True
REP_08001,CHEMBL4519121,MEVIDALEN HYDROXYBENZOATE,C[C@H]1c2cccc(CCC(C)(C)O)c2C[C@H](CO)N1C(=O)Cc1c(Cl)cccc1Cl.O=C(O)c1ccc(O)cc1,1.0,73.32873880082703,90.28256374913852,False,True,588.53,5.84,4,5,118.3,7,3,0.355,40,156.13,0.276,2,False,True,True,False,True
REP_05917,CHEMBL3900554,BMS-986142,Cc1c(-c2c(F)cc(C(N)=O)c3[nH]c4c(c23)CC[C@H](C(C)(C)O)C4)cccc1-n1c(=O)c2cccc(F)c2n(C)c1=O,2.0,73.25982081323225,50.137835975189525,False,True,572.61,4.4,3,4,123.11,4,5,0.281,42,157.06,0.295,1,True,True,True,False,True
REP_00721,CHEMBL2177390,IPATASERTIB,CC(C)NC[C@@H](C(=O)N1CCN(c2ncnc3c2[C@H](C)C[C@H]3O)CC1)c1ccc(Cl)cc1,3.0,73.1909028256375,75.63749138525155,False,True,458.01,3.1,2,6,81.59,6,2,0.542,32,126.15,0.693,0,True,True,True,True,True
REP_07162,CHEMBL5499275,ENVUCITINIB,CCC(=O)c1cnc(NC(=O)C2CC2)cc1Nc1cccc(-c2ncn(C)n2)c1OC,2.0,73.12198483804274,61.19917298414887,False,True,420.47,3.57,2,7,111.03,8,3,0.318,31,116.49,0.536,0,True,True,True,True,True
REP_07942,CHEMBL4297377,ELSULFAVIRINE SODIUM,CCC(=O)[N-]S(=O)(=O)c1ccc(NC(=O)Cc2ccc(Br)c(Oc3cc(Cl)cc(C#N)c3)c2F)c(Cl)c1,1.0,73.05306685044796,73.12198483804274,False,True,628.28,6.74,1,6,127.43,8,3,0.125,37,139.97,0.295,2,False,True,False,False,True
REP_07053,CHEMBL5314490,TIVUMECIRNON,C[C@H](c1ccc(Cl)cc1Cl)n1nc(C(F)(F)F)c2ncc(N3CC([C@H]4CCCN(CCO)C4)C3)nc21,2.0,72.9841488628532,91.38525155065471,False,True,543.42,4.9,1,6,70.31,6,3,0.542,36,132.55,0.477,1,True,True,True,False,True
REP_07905,CHEMBL4227721,PF-06815345,CCOC(=O)O[C@@H](C)n1nnnc1-c1c(-c2ccc(C(=O)N(c3ncccc3Cl)[C@@H]3CCCNC3)cc2F)cnn1C,1.0,72.91523087525844,91.38525155065471,False,True,598.04,4.02,1,10,142.18,8,4,0.37,42,150.18,0.296,1,True,False,False,False,False
REP_05999,CHEMBL3989498,ZOTICASONE,C[C@@H]1C[C@H]2[C@@H]3C[C@H](F)C4=CC(=O)C=C[C@]4(C)[C@@]3(F)[C@@H](O)C[C@]2(C)[C@@]1(O)C(=O)S[C@@H]1CCOC1=O,2.0,72.84631288766367,82.63266712611991,False,True,496.57,2.86,2,7,100.9,2,0,0.72,34,120.09,0.567,0,True,True,True,False,True
REP_07023,CHEMBL5314452,ADRIXETINIB,CCCn1cc(OCC(F)(F)F)c(C(=O)Nc2ccc(Oc3ccnc4cc(OC)c(OC)cc34)cn2)n1,2.0,72.77739490006891,75.63749138525155,False,True,531.49,5.24,1,8,109.62,10,4,0.28,38,131.18,0.296,2,False,True,True,False,True
REP_07005,CHEMBL5314422,BERBERINE URSODEOXYCHOLATE,COc1ccc2cc3[n+](cc2c1OC)CCc1cc2c(cc1-3)OCO2.C[C@H](CCC(=O)[O-])[C@H]1CC[C@H]2[C@@H]3[C@@H](O)C[C@@H]4C[C@H](O)CC[C@]4(C)[C@H]3CC[C@]12C,2.0,72.70847691247415,50.137835975189525,False,True,727.94,6.24,2,8,121.39,6,3,0.636,53,198.53,0.287,2,False,True,False,False,True
REP_06701,CHEMBL4742157,GSK-2256098,CONC(=O)c1ccccc1Nc1cc(Nc2cc(C)nn2C(C)C)ncc1Cl,2.0,72.6395589248794,94.27980702963474,False,True,414.9,4.6,3,6,93.1,7,3,0.25,29,114.08,0.489,0,True,True,True,True,True
REP_04441,CHEMBL2107328,DASOLAMPANEL ETIBUTIL,CCC(CC)COC(=O)[C@@H]1C[C@H]2C[C@@H](Oc3cccc(Cl)c3-c3nnn[nH]3)CC[C@H]2CN1,2.0,72.57064093728462,91.38525155065471,False,True,461.99,4.03,2,7,102.02,8,2,0.652,32,121.31,0.572,0,True,True,True,True,True
REP_00608,CHEMBL2087361,ICOTINIB,C#Cc1cccc(Nc2ncnc3cc4c(cc23)OCCOCCOCCO4)c1,3.0,72.50172294968986,47.6223294279807,False,True,391.43,3.16,1,7,74.73,2,3,0.273,29,109.83,0.673,0,True,True,True,True,True
REP_06157,CHEMBL404216,TOFISOPAM,CCC1C(C)=NN=C(c2ccc(OC)c(OC)c2)c2cc(OC)c(OC)cc21,2.0,72.39834596829773,35.94073053066851,False,True,382.46,4.44,0,6,61.64,6,2,0.364,28,110.87,0.741,0,True,True,True,True,True
REP_04448,CHEMBL2107351,LEVOTOFISOPAM,CC[C@@H]1C(C)=NN=C(c2ccc(OC)c(OC)c2)c2cc(OC)c(OC)cc21,2.0,72.39834596829773,35.94073053066851,False,True,382.46,4.44,0,6,61.64,6,2,0.364,28,110.87,0.741,0,True,True,True,True,True
REP_07137,CHEMBL5314968,UNECRITINIB,CC(=O)Nc1ncc(-c2cnn(C3CCNCC3)c2)cc1O[C@H](C)c1c(Cl)ccc(F)c1Cl,2.0,72.29496898690559,75.63749138525155,False,True,492.38,5.41,2,5,81.07,6,3,0.348,33,126.37,0.45,1,True,True,True,False,True
REP_07000,CHEMBL5314403,ARRY-502,COc1cc(Cl)ccc1CCNC(=O)c1ccc(Oc2cc3c(cc2Cl)[C@@H](C(=O)O)CCO3)cc1,2.0,72.22605099931081,91.38525155065471,False,True,516.38,5.72,2,5,94.09,8,3,0.231,35,132.5,0.398,2,False,True,True,False,True
REP_07642,CHEMBL1911274,BMS-791826,CCN(C)C(=O)c1ccc(-c2ccc3c(n2)Oc2ccccc2[C@H]3C(C)(C)C(=O)Nc2nncs2)cc1F,1.0,72.15713301171606,91.38525155065471,False,True,531.61,5.73,1,7,97.31,6,4,0.25,38,142.94,0.341,2,False,True,True,False,True
REP_03692,CHEMBL2105606,DESASPIDIN,CCCC(=O)C1=C(O)C(C)(C)C(O)=C(Cc2c(OC)cc(O)c(C(=O)CCC)c2O)C1=O,2.0,72.0882150241213,91.31633356305996,False,True,446.5,4.23,4,8,141.36,9,1,0.458,32,117.28,0.326,0,True,False,False,True,False
REP_05889,CHEMBL3822773,PX-102,O=C(O)c1ccc([C@H]2C[C@@H]2c2ccc(OCc3c(-c4c(Cl)cccc4Cl)noc3C3CC3)cc2Cl)cc1,2.0,72.01929703652654,50.137835975189525,False,True,554.86,8.73,1,4,72.56,8,4,0.241,37,143.22,0.236,2,False,True,False,False,True
REP_00587,CHEMBL1950554,BINODENOSON,Nc1nc(N/N=C/C2CCCCC2)nc2c1ncn2[C@@H]1O[C@H](CO)[C@@H](O)[C@H]1O,3.0,71.95037904893178,98.62164024810475,False,True,391.43,-0.0,5,10,163.93,5,2,0.647,28,101.43,0.348,0,True,False,False,True,False
REP_05730,CHEMBL3545307,MERESTINIB,Cc1ccc(C(=O)Nc2ccc(Oc3cc4cnn(C)c4cc3-c3cn[nH]c3)c(F)c2)c(=O)n1-c1ccc(F)cc1,2.0,71.88146106133702,70.43418332184702,False,True,552.54,5.75,2,5,106.83,6,6,0.067,41,149.46,0.274,2,False,True,True,False,True
REP_03710,CHEMBL2105721,NIVOCASAN,CC(C)[C@@]1(C(=O)N[C@H]2CC(=O)O[C@]2(O)CF)CC(c2nccc3ccccc23)=NO1,2.0,71.81254307374225,55.27222605099931,False,True,415.42,1.84,2,7,110.11,5,2,0.429,30,105.12,0.721,0,True,True,True,True,True
REP_06986,CHEMBL5314384,R-348,C#CCOc1ccc(Nc2nc(Nc3ccc(C)c(S(=O)(=O)NC(=O)CC)c3)ncc2F)cc1,2.0,71.74362508614749,51.82632667126119,False,True,483.53,3.64,3,8,122.31,9,3,0.174,34,126.12,0.395,0,True,True,True,False,True
REP_01924,CHEMBL159682,AXITIROME,CCOC(=O)C(=O)Nc1cc(C)c(Oc2ccc(O)c(C(O)c3ccc(F)cc3)c2)c(C)c1,2.0,71.67470709855273,91.38525155065471,False,True,453.47,4.52,3,6,105.09,6,3,0.2,33,119.82,0.374,0,True,True,True,True,True
REP_07631,CHEMBL178654,HKI-357,CCOc1cc2ncc(C#N)c(Nc3ccc(OCc4cccc(F)c4)c(Cl)c3)c2cc1NC(=O)/C=C/CN(C)C,1.0,71.60578911095796,77.05031013094418,False,True,574.06,6.68,2,7,99.51,11,4,0.194,41,159.42,0.193,2,False,False,False,False,False
REP_08170,CHEMBL5314388,RG-7602,CCN1CCC(Oc2c(C#N)ncc3[nH]c4ncccc4c23)CC1,1.0,71.5368711233632,91.38525155065471,False,True,321.38,2.85,1,5,77.83,3,3,0.389,24,91.87,0.802,0,True,True,True,True,True
REP_04566,CHEMBL2107610,SULICRINAT,NS(=O)(=O)c1cc(C(=O)c2ccc(OCC(=O)O)c(Cl)c2Cl)ccc1Cl,2.0,71.46795313576844,94.3487250172295,False,True,438.67,2.99,2,5,123.76,6,2,0.067,26,95.85,0.668,0,True,True,True,True,True
REP_05934,CHEMBL3945728,ELCUBRAGISTAT,O=C(OC(C(F)(F)F)C(F)(F)F)N1CCN(Cc2ccc(C(F)(F)F)cc2N2CCCC2)CC1,2.0,71.39903514817367,75.63749138525155,False,True,507.4,5.05,0,4,36.02,4,1,0.65,34,102.12,0.535,2,False,True,True,False,True
REP_07727,CHEMBL2419346,CUDC-305,CN(C)c1cc2c(cc1Sc1nc3c(N)nccc3n1CCNCC(C)(C)C)OCO2,1.0,71.33011716057891,43.0737422467264,False,True,442.59,3.6,2,8,90.46,7,3,0.455,31,125.28,0.537,0,True,True,True,True,True
REP_01411,CHEMBL1181731,TEGLARINAD,COCCOCCOCCOCCOC(=O)OC[n+]1ccc(N/C(=N/CCCCCCOc2ccc(Cl)cc2)NC#N)cc1,2.0,71.26119917298415,75.63749138525155,False,True,637.15,3.91,2,10,145.77,23,2,0.533,44,163.49,0.035,1,True,False,False,False,False
REP_08233,CHEMBL577711,LY-2334737,CCCC(CCC)C(=O)Nc1ccn([C@@H]2O[C@H](CO)[C@@H](O)C2(F)F)c(=O)n1,1.0,71.19228118538939,99.58649207443143,False,True,389.4,1.28,3,6,113.68,8,1,0.706,27,92.38,0.617,0,True,True,True,True,True
REP_07092,CHEMBL5314540,SONTIGIDOMIDE,O=C1CCC(N2Cc3cc(CNC(=O)C(=O)c4ccc(C5(C(F)(F)F)CC5)cc4)ccc3C2=O)C(=O)N1,2.0,71.12336319779462,89.93797381116472,False,True,513.47,2.54,2,5,112.65,6,2,0.346,37,122.07,0.35,1,True,True,True,False,True
REP_07684,CHEMBL2140408,AMG-900,Cc1csc(-c2nnc(Nc3ccc(Oc4ncccc4-c4ccnc(N)n4)cc3)c3ccccc23)c1,1.0,71.05444521019986,91.38525155065471,False,True,503.59,6.64,2,9,111.73,6,6,0.036,37,147.06,0.26,2,False,True,False,False,True
REP_06309,CHEMBL4297293,JNJ-18038683,Clc1ccc(-c2nn(Cc3ccccc3)c3c2CCNCC3)cc1.O=C(O)CC(O)(CC(=O)O)C(=O)O,2.0,70.9855272226051,75.63749138525155,False,True,529.98,2.69,5,6,161.98,8,3,0.308,37,135.59,0.295,1,True,False,False,False,False
REP_05444,CHEMBL307697,SIVIFENE,O=[N+]([O-])c1ccc(NN=C(c2ccc(O)cc2)c2ccc(O)cc2)c([N+](=O)[O-])c1,2.0,70.91660923501033,62.92212267401791,False,True,394.34,3.78,3,8,151.13,6,3,0.0,29,105.23,0.327,0,True,False,False,True,False
REP_01178,CHEMBL519504,ALEGLITAZAR,CO[C@@H](Cc1ccc(OCCc2nc(-c3ccccc3)oc2C)c2ccsc12)C(=O)O,3.0,70.84769124741557,79.7381116471399,False,True,437.52,5.13,1,6,81.79,9,4,0.25,31,119.84,0.391,1,True,True,True,True,True
REP_01415,CHEMBL1182714,CEVIPABULIN,CNCCCOc1cc(F)c(-c2c(Cl)nc3ncnn3c2N[C@@H](C)C(F)(F)F)c(F)c1,2.0,70.77877325982081,75.63749138525155,False,True,464.83,4.07,2,6,76.37,8,3,0.389,31,104.32,0.297,0,True,True,True,True,True
REP_00588,CHEMBL1950649,APADENOSON,CCNC(=O)[C@H]1O[C@@H](n2cnc3c(N)nc(C#CC[C@H]4CC[C@H](C(=O)OC)CC4)nc32)[C@H](O)[C@@H]1O,3.0,70.70985527222605,84.07994486560992,False,True,486.53,-0.12,4,10,174.71,5,2,0.609,35,123.3,0.329,0,True,False,False,False,False
REP_06295,CHEMBL4297214,PRALICIGUAT,OC(CNc1nc(-c2cc(-c3ccon3)n(Cc3ccccc3F)n2)ncc1F)(C(F)(F)F)C(F)(F)F,2.0,70.64093728463129,91.38525155065471,False,True,534.37,4.59,2,7,101.89,7,4,0.238,37,109.76,0.335,1,True,True,True,False,True
REP_02443,CHEMBL200102,PU-H71,CC(C)NCCCn1c(Sc2cc3c(cc2I)OCO3)nc2c(N)ncnc21,2.0,70.57201929703652,70.57201929703652,False,True,512.38,3.28,2,8,100.11,7,3,0.389,28,116.9,0.368,1,True,True,True,False,True
REP_03648,CHEMBL2105547,TOLPADOL,Cc1ccccc1C(=O)NC(c1ccncc1)C(NC(=O)c1ccccc1C)c1ccncc1,2.0,70.50310130944176,73.25982081323225,False,True,450.54,4.74,2,4,83.98,7,4,0.143,34,131.25,0.426,0,True,True,True,False,True
REP_02222,CHEMBL1783734,PIRAGLIATIN,CS(=O)(=O)c1ccc([C@@H](C[C@H]2CCC(=O)C2)C(=O)Nc2cnccn2)cc1Cl,2.0,70.43418332184702,91.38525155065471,False,True,421.91,3.02,1,6,106.09,6,2,0.368,28,104.93,0.768,0,True,True,True,True,True
REP_03464,CHEMBL2105281,OPANIXIL,CCN(C(=O)c1cnc(N2CC(C)(C)NC2=O)nc1N)c1cccc(C(F)(F)F)c1,2.0,70.36526533425224,12.68090971743625,False,True,422.41,3.05,2,5,104.45,4,2,0.368,30,105.2,0.788,0,True,True,True,True,True
REP_06370,CHEMBL4297460,DOVRAMILAST,CCOc1cc([C@@H](CS(C)(=O)=O)N2Cc3cccc(NC(=O)C4CC4)c3C2=O)ccc1OC,2.0,70.29634734665748,65.8855961405927,False,True,472.56,3.18,1,6,102.01,9,2,0.417,33,124.28,0.601,0,True,True,True,True,True
REP_06186,CHEMBL4094440,BMS-919373,NS(=O)(=O)c1cncc(-c2nc(NCc3ccccn3)c3c(-c4ccccc4)cccc3n2)c1,2.0,70.22742935906273,50.137835975189525,False,True,468.54,4.01,2,7,123.75,6,5,0.04,34,131.14,0.386,0,True,True,True,False,True
REP_02001,CHEMBL1628698,BGC-20-1531 FREE BASE,COc1ccc(-c2ccc(OCc3cc(C(=O)NS(=O)(=O)c4ccccc4C)oc3C)cc2)nc1,2.0,70.15851137146795,68.36664369400414,False,True,492.55,4.66,1,7,107.73,8,4,0.154,35,129.83,0.381,0,True,True,True,False,True
REP_00738,CHEMBL2316582,OLVEREMBATINIB,Cc1ccc(C(=O)Nc2ccc(CN3CCN(C)CC3)c(C(F)(F)F)c2)cc1C#Cc1cnc2[nH]ncc2c1,3.0,70.0895933838732,75.63749138525155,False,True,532.57,4.68,2,5,77.15,4,4,0.276,39,143.22,0.373,1,True,True,True,False,True
REP_00231,CHEMBL230158,SELADELPAR,CCO[C@H](COc1ccc(C(F)(F)F)cc1)CSc1ccc(OCC(=O)O)c(C)c1,4.0,70.02067539627843,84.76912474155755,False,True,444.47,5.05,1,5,64.99,11,2,0.381,30,107.39,0.489,1,True,False,True,True,False
REP_00541,CHEMBL1738889,ENOBOSARM,C[C@](O)(COc1ccc(C#N)cc1)C(=O)Nc1ccc(C#N)c(C(F)(F)F)c1,3.0,69.95175740868366,69.05582356995176,False,True,389.33,3.22,2,5,106.14,5,2,0.211,28,92.06,0.817,0,True,True,True,True,True
REP_00943,CHEMBL4110551,SITOKIREN,COC(=O)NCCCn1nc([C@@H](C)N(C(=O)[C@H]2CNCCO2)C2CC2)c2ccc(C)nc21,3.0,69.8828394210889,50.137835975189525,False,True,444.54,1.53,2,7,110.61,8,2,0.636,32,118.18,0.594,0,True,True,True,True,True
REP_06216,CHEMBL4175981,OLORINAB,CC(C)(C)[C@@H](CO)NC(=O)c1nn(-c2c[n+]([O-])ccn2)c2c1C[C@@H]1C[C@H]21,2.0,69.81392143349414,63.12887663680221,False,True,357.41,0.7,2,5,106.98,4,2,0.556,26,92.67,0.619,0,True,True,True,True,True
REP_02389,CHEMBL1950651,EVODENOSON,COC(=O)N1CCC(CC#Cc2nc(N)c3ncn([C@@H]4O[C@H](C(=O)NC5CC5)[C@@H](O)[C@H]4O)c3n2)CC1,2.0,69.74500344589939,80.08270158511371,False,True,499.53,-0.47,4,10,177.95,4,2,0.609,36,125.02,0.402,0,True,False,False,False,False
REP_06457,CHEMBL4303596,AMG-319,C[C@H](Nc1ncnc2[nH]cnc12)c1cc2ccc(F)cc2nc1-c1ccccn1,2.0,69.67608545830461,92.90144727773948,False,True,385.41,4.28,2,6,92.27,4,5,0.095,29,108.65,0.48,0,True,True,True,True,True
REP_01343,CHEMBL1090771,AVAGACESTAT,NC(=O)[C@@H](CCC(F)(F)F)N(Cc1ccc(-c2ncon2)cc1F)S(=O)(=O)c1ccc(Cl)cc1,2.0,69.60716747070985,50.137835975189525,False,True,520.89,3.92,1,6,119.39,9,3,0.25,34,112.14,0.427,1,True,True,True,False,True
REP_07064,CHEMBL5314504,BAVTAVIRINE,Cc1cc(/C=C/C#N)cc(C)c1-c1cccc2c(N)nc(Nc3ccc(C#N)cc3)nc12,2.0,69.5382494831151,75.63749138525155,False,True,416.49,5.65,2,6,111.41,4,4,0.077,32,127.95,0.416,1,True,True,True,False,True
REP_05831,CHEMBL3695568,JNJ-49095397,COCC(=O)Nc1cc(COc2ccc(NC(=O)Nc3cc(C(C)(C)C)nn3-c3ccc(C)cc3)c3ccccc23)ccn1,2.0,69.46933149552032,75.63749138525155,False,True,592.7,6.83,3,6,119.4,9,5,0.235,44,172.67,0.173,2,False,True,False,False,True
REP_00711,CHEMBL2141296,IXAZOMIB,CC(C)C[C@H](NC(=O)CNC(=O)c1cc(Cl)ccc1Cl)B(O)O,3.0,69.40041350792556,87.38800827015851,False,True,361.03,1.27,4,4,98.66,7,1,0.429,23,90.37,0.55,0,True,True,True,True,True
REP_01767,CHEMBL141450,SAVIPRAZOLE,[O-][S+](Cc1cc(OCC(F)(F)C(F)(F)C(F)(F)F)ccn1)c1nc2cscc2[nH]1,2.0,69.3314955203308,79.11784975878705,False,True,461.38,4.54,1,5,73.86,7,3,0.333,29,89.76,0.414,0,True,True,True,True,True
REP_01110,CHEMBL4756476,NEMTABRUTINIB,O=C(c1ccc(Oc2ccccc2)cc1Cl)c1c[nH]c2ncnc(N[C@@H]3CC[C@@H](CO)OC3)c12,3.0,69.26257753273603,98.1392143349414,False,True,478.94,4.59,3,7,109.36,7,4,0.24,34,128.76,0.333,0,True,True,True,True,True
REP_01652,CHEMBL131854,POSIZOLID,O=C([C@@H](O)CO)N1CC=C(c2c(F)cc(N3C[C@H](COc4ccon4)OC3=O)cc2F)CC1,2.0,69.19365954514129,88.1461061337009,False,True,465.41,1.33,2,8,125.57,7,2,0.381,33,108.24,0.627,0,True,True,True,True,True
REP_07853,CHEMBL3828009,LY-2874455,C[C@@H](Oc1ccc2[nH]nc(/C=C/c3cnn(CCO)c3)c2c1)c1c(Cl)cncc1Cl,1.0,69.12474155754651,75.63749138525155,False,True,444.32,4.76,2,5,88.85,7,4,0.19,30,117.63,0.429,0,True,True,True,True,True
REP_05478,CHEMBL3137304,DAGROCORAT,Cc1ncccc1NC(=O)c1ccc2c(c1)CC[C@@H]1C[C@@](O)(C(F)(F)F)CC[C@@]21Cc1ccccc1,2.0,69.05582356995176,50.137835975189525,False,True,494.56,6.16,2,3,62.22,4,3,0.379,36,131.86,0.457,1,True,True,False,False,True
REP_01022,CHEMBL4297639,LORECIVIVINT,CC(C)CC(=O)Nc1cncc(-c2ccc3[nH]nc(-c4nc5cncc(-c6cccc(F)c6)c5[nH]4)c3c2)c1,3.0,68.986905582357,91.38525155065471,False,True,505.56,6.35,3,5,112.24,6,6,0.138,38,145.69,0.244,2,False,True,False,False,True
REP_06760,CHEMBL4847260,BEROTERKIB ANHYDROUS,COc1cc(F)cc([C@@H](CO)NC(=O)[C@@H](C)N2Cc3ccc(-c4nc(NC5CCOCC5)ncc4Cl)cc3C2=O)c1,2.0,68.91798759476224,79.25568573397656,False,True,584.05,3.73,3,8,125.91,9,3,0.379,41,150.2,0.348,1,True,True,True,False,True
REP_05836,CHEMBL3704901,ZUNSEMETINIB,Cc1cnc(-c2ccnc(C(C)(C)O)n2)cc1-n1c(C)cc(OCc2ncc(F)cc2F)c(Cl)c1=O,2.0,68.84906960716748,68.09097174362509,False,True,513.93,4.44,1,7,103.02,6,4,0.24,36,129.07,0.406,1,True,True,True,False,True
REP_00940,CHEMBL4091374,LANIFIBRANOR,O=C(O)CCCc1cc2cc(Cl)ccc2n1S(=O)(=O)c1ccc2ncsc2c1,3.0,68.78015161957272,24.01791867677464,False,True,434.93,4.55,1,5,89.26,6,4,0.158,28,109.73,0.481,0,True,True,True,True,True
REP_06839,CHEMBL5095057,BEXIRESTRANT,CC1=C(c2cc(F)cc(F)c2)[C@H](c2ccc(/C=C/CN3CC(CF)C3)cc2)Oc2cc(O)ccc21,2.0,68.71123363197795,91.38525155065471,False,True,477.53,6.65,1,3,32.7,6,3,0.241,35,131.7,0.432,1,True,True,False,False,True
REP_07957,CHEMBL4297451,XL-888,CC[C@@H](C)Nc1cc(C(=O)N[C@H]2C[C@H]3CC[C@@H](C2)N3c2ccc(C(=O)C3CC3)cn2)c(C)cc1C(N)=O,1.0,68.64231564438319,91.38525155065471,False,True,503.65,4.22,3,6,117.42,9,2,0.517,37,144.14,0.441,1,True,True,True,False,True
REP_00871,CHEMBL3622820,ITACITINIB,N#CCC1(n2cc(-c3ncnc4[nH]ccc34)cn2)CN(C2CCN(C(=O)c3ccnc(C(F)(F)F)c3F)CC2)C1,3.0,68.57339765678843,50.86147484493453,False,True,553.52,3.6,1,7,119.62,5,4,0.385,40,133.01,0.375,1,True,True,True,False,True
REP_07732,CHEMBL256563,MONEPANTEL,C[C@](C#N)(COc1cc(C#N)ccc1C(F)(F)F)NC(=O)c1ccc(SC(F)(F)F)cc1,1.0,68.50447966919366,49.55203308063405,False,True,473.4,5.28,1,5,85.91,6,2,0.25,32,101.49,0.456,1,True,True,True,True,True
REP_07154,CHEMBL5416250,OCADUSERTIB,CN1C(=O)[C@@H](NC(=O)c2nnc(Cc3ccccc3)[nH]2)COc2ccc(C#CC(C)(C)O)cc21,2.0,68.4355616815989,88.76636802205375,False,True,459.51,1.67,3,6,120.44,4,3,0.28,34,125.41,0.511,0,True,True,True,True,True
REP_03237,CHEMBL2104978,PELIGLITAZAR,COc1ccc(OC(=O)N(CC(=O)O)[C@@H](C)c2ccc(OCCc3nc(-c4ccccc4)oc3C)cc2)cc1,2.0,68.36664369400414,86.4920744314266,False,True,530.58,5.93,1,7,111.33,11,4,0.233,39,144.09,0.254,2,False,False,False,False,False
REP_07056,CHEMBL5314494,ZAVONDEMSTAT,CC(C)c1ccc(N(C)c2ccc3c(c2)OCC[C@H]3CNc2cnccc2C(=O)O)cc1,2.0,68.29772570640938,50.137835975189525,False,True,431.54,5.65,2,5,74.69,7,3,0.308,32,127.58,0.504,1,True,True,True,False,True
REP_07809,CHEMBL3545085,XL-228,CC(C)c1cc(CNc2nc(Nc3cc(C4CC4)[nH]n3)cc(N3CCN(C)CC3)n2)on1,1.0,68.22880771881461,81.18538938662991,False,True,437.55,3.3,3,9,111.03,8,3,0.545,32,123.51,0.489,0,True,True,True,True,True
REP_06199,CHEMBL412309,AR-67,CC[C@@]1(O)C(=O)OCc2c1cc1n(c2=O)Cc2c-1nc1ccc(O)cc1c2[Si](C)(C)C(C)(C)C,2.0,68.15988973121985,37.90489317711923,False,True,478.62,3.5,2,6,101.65,2,3,0.423,34,133.02,0.338,0,True,True,True,False,True
REP_07608,CHEMBL1614766,RO-4987655,O=C(NOCCO)c1cc(CN2OCCCC2=O)c(F)c(F)c1Nc1ccc(I)cc1F,1.0,68.09097174362509,65.19641626464508,False,True,565.29,3.16,3,6,100.13,8,2,0.3,32,115.0,0.259,1,True,True,True,False,True
REP_03701,CHEMBL2105653,SETILEUTON,CC[C@](O)(c1nnc(NCc2ccc3c(-c4ccc(F)cc4)cc(=O)oc3c2)o1)C(F)(F)F,2.0,68.02205375603032,81.11647139903515,False,True,463.39,4.75,2,7,101.39,6,4,0.227,33,109.75,0.314,0,True,True,True,True,True
REP_05710,CHEMBL3545163,AMP579,CCNC(=O)[C@H]1CC(n2ccc3c(NC(CC)Cc4sccc4Cl)ncnc32)[C@H](O)[C@@H]1O,2.0,67.95313576843556,50.137835975189525,False,True,478.02,3.0,4,7,112.3,8,3,0.5,32,126.1,0.397,0,True,True,True,True,True
REP_07867,CHEMBL3939295,H3B-6527,C=CC(=O)Nc1cc(N2CCN(CC)CC2)ccc1Nc1cc(N(C)C(=O)Nc2c(Cl)c(OC)cc(OC)c2Cl)ncn1,1.0,67.8842177808408,50.137835975189525,False,True,629.55,5.48,3,9,124.19,10,3,0.31,43,171.9,0.25,2,False,True,True,False,True
REP_02548,CHEMBL2103842,VARLITINIB,C[C@@H]1COC(Nc2ccc3ncnc(Nc4ccc(OCc5nccs5)c(Cl)c4)c3c2)=N1,2.0,67.81529979324603,91.38525155065471,False,True,466.95,5.25,2,9,93.55,6,4,0.182,32,127.19,0.401,1,True,True,True,True,True
REP_08242,CHEMBL602070,BMS-394136,CC1=C(C(=O)N2CCC[C@H]2c2ccc(F)cc2)[C@@H](c2ccc(Cl)c(Cl)c2)n2nccc2N1,1.0,67.74638180565127,50.137835975189525,False,True,471.36,5.98,1,3,50.16,3,3,0.25,32,123.24,0.511,1,True,True,False,False,True
REP_05902,CHEMBL383581,EDONENTAN,Cc1onc(NS(=O)(=O)c2ccccc2-c2ccc(-c3ncco3)cc2CN(C)C(=O)CC(C)(C)C)c1C,2.0,67.67746381805651,91.38525155065471,False,True,536.65,5.81,1,7,118.54,8,4,0.321,38,144.71,0.302,2,False,True,True,False,True
REP_06953,CHEMBL5182222,SELVIGALTIN,OC[C@H]1O[C@H](Sc2cncc(Br)c2)[C@H](O)[C@@H](n2cc(-c3cc(F)c(F)c(F)c3)nn2)[C@H]1O,2.0,67.60854583046175,91.0406616126809,False,True,533.33,2.29,3,8,113.52,5,3,0.316,32,109.92,0.429,1,True,True,True,False,True
REP_07319,CHEMBL6068059,LUVOMETINIB,Cn1c(=O)c(F)c(Nc2ccc(I)cc2F)c2c(=O)n(C3CC3)nc(-c3cccc(NS(=O)(=O)C4CC4)c3)c21,2.0,67.53962784286699,89.66230186078566,False,True,665.46,4.63,2,6,115.09,7,4,0.269,39,152.87,0.279,1,True,True,True,False,True
REP_07093,CHEMBL5314541,TACACICLIB,CC(C)[C@H](C(=O)Nc1cc(C2CC2)[nH]n1)c1cccc(-c2ccc(NC(=O)/C=C/CN3CCOCC3)nc2)c1,2.0,67.47070985527223,91.38525155065471,False,True,528.66,4.55,3,6,112.24,10,3,0.4,39,151.47,0.333,1,True,True,True,False,True
REP_08206,CHEMBL5314969,TSN-084,CC(C)Oc1ccc(C(=O)Nc2ccc(Oc3cc4cnn(C)c4cc3-c3cn[nH]c3)c(F)c2)c(=O)n1-c1ccc(F)cc1,1.0,67.40179186767746,49.896623018607855,False,True,596.59,6.22,2,6,116.06,8,6,0.125,44,160.48,0.215,2,False,True,False,False,True
REP_05878,CHEMBL37935,COLURACETAM,Cc1oc2nc3c(c(NC(=O)CN4CCCC4=O)c2c1C)CCCC3,2.0,67.3328738800827,50.137835975189525,False,True,341.41,2.88,1,4,75.44,3,2,0.526,25,94.57,0.931,0,True,True,True,True,True
REP_00858,CHEMBL3545235,SIMOTINIB,COc1cc2ncnc(Nc3ccc(F)c(Cl)c3)c2cc1OCCN1CC2(CC2)C2(C1)OCCO2,3.0,67.26395589248794,50.137835975189525,False,True,500.96,4.39,1,8,77.97,7,3,0.44,35,129.02,0.512,1,True,True,True,False,True
REP_05366,CHEMBL294029,RAVUCONAZOLE,C[C@@H](c1nc(-c2ccc(C#N)cc2)cs1)[C@](O)(Cn1cncn1)c1ccc(F)cc1F,2.0,67.19503790489318,74.43142660234321,False,True,437.48,4.24,1,6,87.62,6,4,0.182,31,110.96,0.487,0,True,True,True,True,True
REP_03917,CHEMBL2106261,ETHYL BISCOUMACETATE,CCOC(=O)C(c1c(O)c2ccccc2oc1=O)c1c(O)c2ccccc2oc1=O,2.0,67.12611991729842,58.44245348035837,False,True,408.36,3.01,2,8,127.18,4,4,0.136,30,106.77,0.39,0,True,True,True,True,True
REP_03233,CHEMBL2104968,FOSDEVIRINE,CO[P@](=O)(c1cc(C)cc(/C=C/C#N)c1)c1c(C(N)=O)[nH]c2ccc(Cl)cc12,2.0,67.05720192970365,37.008959338387314,False,True,413.8,3.64,2,4,108.97,5,3,0.1,28,111.54,0.491,0,True,True,True,True,True
REP_06202,CHEMBL4130229,VODOBATINIB,Cc1ccc(C(=O)NNC(=O)c2c(C)cccc2Cl)cc1C#Cc1cnc2ccccc2c1,2.0,66.9882839421089,50.137835975189525,False,True,453.93,4.98,2,3,71.09,2,4,0.074,33,130.02,0.332,0,True,True,True,False,True
REP_02062,CHEMBL1697782,METHYLPREDNISOLONE ACEPONATE,CCC(=O)O[C@]1(C(=O)COC(C)=O)CC[C@H]2[C@@H]3C[C@H](C)C4=CC(=O)C=C[C@]4(C)[C@H]3[C@@H](O)C[C@@]21C,2.0,66.91936595451413,21.709166092350102,False,True,472.58,3.34,1,7,106.97,5,0,0.704,34,123.31,0.612,0,True,True,True,True,True
REP_04540,CHEMBL2107563,SORNIDIPINE,COC(=O)C1=C(C)NC(C)=C(C(=O)O[C@@H]2CO[C@H]3[C@@H]2OC[C@@H]3O)C1c1ccccc1[N+](=O)[O-],2.0,66.85044796691938,59.26946933149553,False,True,460.44,1.07,2,10,146.46,5,1,0.455,33,111.76,0.372,0,True,False,False,True,False
REP_02522,CHEMBL2103760,AZAMULIN,CC[C@]1(C)C[C@@H](OC(=O)CSc2nnc(N)[nH]2)[C@]2(C)[C@H](C)CC[C@]3(CCC(=O)[C@H]32)[C@@H](C)[C@@H]1O,2.0,66.7815299793246,50.137835975189525,False,True,478.66,3.61,3,8,131.19,5,1,0.833,33,126.25,0.432,0,True,True,True,True,True
REP_07649,CHEMBL1952329,SGI-1776,CN1CCC(CNc2ccc3ncc(-c4cccc(OC(F)(F)F)c4)n3n2)CC1,1.0,66.71261199172984,87.11233631977946,False,True,405.42,4.05,1,5,54.69,5,3,0.4,29,103.82,0.694,0,True,True,True,True,True
REP_07846,CHEMBL3764045,TAS-115,CNC(=O)c1cc2c(Oc3ccc(NC(=S)NC(=O)Cc4ccccc4)cc3F)ccnc2cc1OC,1.0,66.64369400413509,58.78704341833219,False,True,518.57,4.59,3,6,101.58,7,4,0.111,37,142.67,0.308,1,True,True,True,False,True
REP_00308,CHEMBL472,GLYBURIDE,COc1ccc(Cl)cc1C(=O)NCCc1ccc(S(=O)(=O)NC(=O)NC2CCCCC2)cc1,4.0,66.57477601654031,42.03997243280496,False,True,494.01,3.64,3,5,113.6,8,2,0.391,33,126.21,0.519,0,True,True,True,False,True
REP_06404,CHEMBL4297595,LISAVANBULIN,N#CCCNc1nonc1-c1nc2ccccc2n1CC(=O)c1ccc(NC(=O)[C@@H](N)CCCCN)cc1,2.0,66.50585802894555,91.38525155065471,False,True,515.58,2.69,4,10,190.77,13,4,0.308,38,142.03,0.152,1,True,False,False,False,False
REP_01510,CHEMBL121810,GANSTIGMINE,CCc1ccccc1NC(=O)Oc1ccc2c(c1)[C@]1(C)CCN(C)O[C@@H]1N2C,2.0,66.4369400413508,52.58442453480359,False,True,381.48,4.16,1,5,54.04,3,2,0.409,28,109.78,0.865,0,True,True,True,True,True
REP_07621,CHEMBL168640,PPL-100,COC(=O)N[C@H](C(=O)NCCCC[C@@H](CO)N(CC(C)C)S(=O)(=O)c1ccc(N)cc1)C(c1ccccc1)c1ccccc1,1.0,66.36802205375602,75.63749138525155,False,True,624.8,4.12,4,7,151.06,16,3,0.394,44,171.37,0.138,1,True,False,False,False,False
REP_06137,CHEMBL3990804,EDAGLITAZONE,Cc1oc(-c2ccccc2)nc1CCOc1ccc(CC2SC(=O)NC2=O)c2sccc12,2.0,66.29910406616126,75.63749138525155,False,True,464.57,5.38,1,7,81.43,7,4,0.208,32,126.32,0.395,1,True,True,True,True,True
REP_03478,CHEMBL2105304,PYRINOLINE,OC(C1=CC(=C(c2ccccn2)c2ccccn2)C=C1)(c1ccccn1)c1ccccn1,2.0,66.2301860785665,50.137835975189525,False,True,416.48,4.5,1,5,71.79,5,4,0.037,32,123.19,0.519,0,True,True,True,True,True
REP_01119,CHEMBL481611,ODANACATIB,CC(C)(F)C[C@H](N[C@@H](c1ccc(-c2ccc(S(C)(=O)=O)cc2)cc1)C(F)(F)F)C(=O)NC1(C#N)CC1,3.0,66.16126809097173,82.42591316333562,False,True,525.57,4.63,2,5,99.06,9,2,0.44,36,126.23,0.465,1,True,True,True,False,True
REP_06509,CHEMBL446373,ELISARTAN,CCCCc1nc(Cl)c(C(=O)OC(C)OC(=O)OCC)n1Cc1ccc(-c2ccccc2-c2nn[nH]n2)cc1,2.0,66.09235010337697,95.17574086836665,False,True,553.02,5.45,1,9,134.11,11,4,0.333,39,142.99,0.19,2,False,False,False,False,False
REP_01003,CHEMBL4297524,RADOTINIB,Cc1cn(-c2cc(NC(=O)c3ccc(C)c(Nc4nccc(-c5cnccn5)n4)c3)cc(C(F)(F)F)c2)cn1,3.0,66.02343211578223,50.137835975189525,False,True,530.51,5.75,2,7,110.51,6,5,0.111,39,138.78,0.288,2,False,True,True,False,True
REP_08126,CHEMBL5095166,APG-2449,Cc1cc(Nc2ncc(Cl)c(Nc3ccccc3S(=O)(=O)C(C)C)n2)c(OC(C)C)cc1C1=CCN(C2CCOCC2)CC1,1.0,65.95451412818745,50.137835975189525,False,True,640.25,7.16,2,9,105.68,10,3,0.455,44,177.32,0.239,2,False,True,False,False,True
REP_05770,CHEMBL3590106,ULIXERTINIB,CC(C)Nc1cc(-c2c[nH]c(C(=O)N[C@H](CO)c3cccc(Cl)c3)c2)c(Cl)cn1,2.0,65.8855961405927,91.38525155065471,False,True,433.34,4.67,4,4,90.04,7,3,0.238,29,116.54,0.436,0,True,True,True,True,True
REP_01093,CHEMBL4650323,TOLEBRUTINIB,C=CC(=O)N1CCC[C@@H](n2c(=O)n(-c3ccc(Oc4ccccc4)cc3)c3c(N)nccc32)C1,3.0,65.81667815299794,41.35079255685734,False,True,455.52,3.91,1,5,95.38,5,4,0.192,34,131.31,0.461,0,True,True,True,False,True
REP_07099,CHEMBL5314547,UPLARAFENIB,CCCS(=O)(=O)Nc1cc(F)c(F)c(C(=O)c2ccc3ncc(N4CCOCC4)nc3c2)c1F,2.0,65.74776016540316,75.63749138525155,False,True,494.5,3.27,1,7,101.49,7,3,0.318,34,120.02,0.397,0,True,True,True,False,True
REP_05378,CHEMBL296373,EDATREXATE,CCC(Cc1cnc2nc(N)nc(N)c2n1)c1ccc(C(=O)N[C@@H](CCC(=O)O)C(=O)O)cc1,2.0,65.6788421778084,55.75465196416265,False,True,467.49,1.37,5,9,207.3,10,3,0.318,34,122.89,0.287,0,True,False,False,True,False
REP_00267,CHEMBL363295,TERODILINE,CC(CC(c1ccccc1)c1ccccc1)NC(C)(C)C,4.0,65.60992419021365,50.137835975189525,False,True,281.44,4.99,1,1,12.03,5,2,0.4,21,91.69,0.814,0,True,True,True,True,True
REP_07120,CHEMBL5314911,BMS-986310,CC(C)NC(=O)c1ccc2c(c1)[C@]1(CCO2)C[C@H]1C(=O)Nc1cc(C#N)ccc1CCCC(=O)O,2.0,65.54100620261889,91.38525155065471,False,True,475.55,3.78,3,5,128.52,8,2,0.407,35,129.3,0.533,0,True,True,True,True,True
REP_08099,CHEMBL482767,SNS-314,O=C(Nc1cccc(Cl)c1)Nc1ncc(CCNc2ncnc3ccsc23)s1,1.0,65.47208821502413,96.20951068228808,False,True,430.95,5.1,3,7,91.83,6,4,0.111,28,115.82,0.395,1,True,True,True,True,True
REP_05302,CHEMBL283820,SPIROGLUMIDE,O=C(O)CC[C@@H](NC(=O)c1cc(Cl)cc(Cl)c1)C(=O)N1CCC2(CCCC2)CC1,2.0,65.40317022742937,82.35699517574086,False,True,441.36,4.14,2,3,86.71,6,1,0.571,29,111.3,0.695,0,True,True,True,True,True
REP_06374,CHEMBL4297470,NEFEXTINIB,COc1cc(F)ccc1-c1c(C)sc2cnc(Nc3cnn(C4CCNCC4)c3)nc12,2.0,65.3342522398346,91.38525155065471,False,True,438.53,4.68,2,7,76.89,5,4,0.318,31,120.75,0.471,0,True,True,True,True,True
REP_05429,CHEMBL304639,ZOLASARTAN,CCCCc1nc(Cl)c(C(=O)O)n1Cc1ccc2oc(-c3ccccc3-c3nnn[nH]3)c(Br)c2c1,2.0,65.26533425223984,54.16953824948312,False,True,555.82,5.98,2,6,122.72,8,5,0.208,35,134.43,0.241,2,False,True,False,False,True
REP_06332,CHEMBL4297366,CG-200745,CN(C)CCCNC(=O)/C(=C/CCCCC(=O)NO)COc1cccc2ccccc12,2.0,65.19641626464508,35.56168159889731,False,True,427.55,3.28,3,5,90.9,13,2,0.417,31,122.1,0.198,0,True,False,True,True,False
REP_08167,CHEMBL5314383,MLN-0415,C[C@@H]1CN(C(=O)CN2CC(C)(C)OC[C@H]2C(=O)Nc2cc(Cl)cc3c2[nH]c2cnccc23)C[C@H](C)O1,1.0,65.12749827705031,91.38525155065471,False,True,514.03,3.42,2,6,99.79,4,3,0.5,36,139.22,0.554,1,True,True,True,False,True
REP_05821,CHEMBL3681419,BASMISANIL,Cc1onc(-c2ccc(F)cc2)c1COc1ccc(C(=O)N2CCS(=O)(=O)CC2)cn1,2.0,65.05858028945555,63.54238456237078,False,True,445.47,2.63,0,7,102.6,5,3,0.286,31,109.76,0.595,0,True,True,True,True,True
REP_02318,CHEMBL189676,SURINABANT,CCc1c(C(=O)NN2CCCCC2)nn(-c2ccc(Cl)cc2Cl)c1-c1ccc(Br)cc1,2.0,64.98966230186079,50.137835975189525,False,True,522.27,6.3,1,3,50.16,5,3,0.304,31,128.99,0.428,2,False,True,False,False,True
REP_02875,CHEMBL2104373,ALILUSEM,Cc1ccccc1C(=O)N1CC/C(=N\OS(=O)(=O)O)c2ccc(Cl)cc21,2.0,64.92074431426602,50.137835975189525,False,True,394.84,3.22,1,5,96.27,3,2,0.176,26,98.1,0.636,0,True,True,True,True,True
REP_00291,CHEMBL416146,ETORICOXIB,Cc1ccc(-c2ncc(Cl)cc2-c2ccc(S(C)(=O)=O)cc2)cn1,4.0,64.85182632667126,95.72708476912474,False,True,358.85,4.18,0,4,59.92,3,3,0.111,24,95.76,0.704,0,True,True,True,True,True
REP_00821,CHEMBL31965,CANERTINIB,C=CC(=O)Nc1cc2c(Nc3ccc(F)c(Cl)c3)ncnc2cc1OCCCN1CCOCC1,3.0,64.7829083390765,50.137835975189525,False,True,485.95,4.39,2,7,88.61,9,3,0.292,34,130.43,0.343,0,True,True,True,False,True
REP_03997,CHEMBL2106430,GLICARAMIDE,CCn1nc(C)c2c(OCCC(C)C)c(C(=O)NCCc3ccc(S(=O)(=O)NC(=O)NC4CCCCC4)cc3)cnc21,2.0,64.71399035148173,89.5933838731909,False,True,598.77,4.48,3,7,144.31,12,3,0.533,42,161.09,0.279,1,True,False,False,False,False
REP_07880,CHEMBL4059888,RINTODESTRANT,Cc1cc(F)cc(C)c1C(=O)c1sc2cc(O)ccc2c1Oc1ccc(/C=C/C(=O)O)cc1,1.0,64.64507236388697,55.96140592694694,False,True,462.5,6.48,2,5,83.83,6,4,0.077,33,125.98,0.253,1,True,True,False,False,True
REP_01979,CHEMBL1619785,TALAMPICILLIN,CC1(C)S[C@@H]2[C@H](NC(=O)[C@H](N)c3ccccc3)C(=O)N2[C@H]1C(=O)OC1OC(=O)c2ccccc21,2.0,64.57615437629221,31.21984838042729,False,True,481.53,1.65,2,8,128.03,5,2,0.333,34,122.08,0.487,0,True,True,True,False,True
REP_02505,CHEMBL207433,SB-705498,O=C(Nc1ccccc1Br)N[C@@H]1CCN(c2ccc(C(F)(F)F)cn2)C1,2.0,64.50723638869744,59.131633356306,False,True,429.24,4.26,2,3,57.26,3,2,0.294,26,96.15,0.767,0,True,True,True,True,True
REP_05792,CHEMBL364447,DISERMOLIDE,C=C/C=C\[C@H](C)[C@H](OC(N)=O)[C@@H](C)[C@H](O)[C@@H](C)C/C(C)=C\[C@H](C)[C@@H](O)[C@@H](C)/C=C\[C@@H](O)C[C@@H]1OC(=O)[C@H](C)[C@@H](O)[C@H]1C,2.0,64.43831840110269,91.38525155065471,False,True,593.8,4.3,5,8,159.54,16,0,0.697,42,163.98,0.101,1,True,False,False,False,False
REP_07665,CHEMBL2063215,SC-43,N#Cc1ccc(Oc2cccc(NC(=O)Nc3ccc(Cl)c(C(F)(F)F)c3)c2)cc1,1.0,64.36940041350793,75.63749138525155,False,True,431.8,6.67,2,3,74.15,4,3,0.048,30,106.77,0.484,1,True,True,False,False,True
REP_06503,CHEMBL4457723,BMS-741672,CC(C)N(C)[C@@H]1CC[C@H](N2CC[C@H](Nc3ncnc4ccc(C(F)(F)F)cc34)C2=O)[C@H](NS(C)(=O)=O)C1,2.0,64.30048242591316,75.63749138525155,False,True,542.63,2.84,2,7,107.53,7,2,0.625,37,134.37,0.554,1,True,True,True,False,True
REP_07089,CHEMBL5314537,RESIGRATINIB,C=CC(=O)N1C[C@@H](n2nc(C#Cc3c(F)cc4c(ncn4C4CC4)c3F)c(C(N)=O)c2NC)C[C@@H]1COC,2.0,64.2315644383184,25.844245348035837,False,True,523.54,2.36,2,6,120.3,7,3,0.385,38,135.42,0.362,1,True,True,True,False,True
REP_04666,CHEMBL2107822,FILOREXANT,Cc1ccc(-c2ncccn2)c(C(=O)N2C[C@H](COc3ccc(F)cn3)CC[C@H]2C)c1,2.0,64.16264645072364,91.38525155065471,False,True,420.49,4.31,0,5,68.21,5,3,0.333,31,115.12,0.615,0,True,True,True,True,True
REP_07941,CHEMBL4297375,AZELOPRAZOLE SODIUM,Cc1cnc(C[S@@+]([O-])c2nc3ccccc3[n-]2)c(C)c1OCC1COC(C)(C)OC1,1.0,64.09372846312887,75.63749138525155,False,True,428.53,3.29,0,6,90.63,6,3,0.455,30,113.85,0.557,0,True,True,True,True,True
REP_06317,CHEMBL4297315,PCI-27483,N=C(N)c1ccc2nc(-c3cc(CC(=O)N[C@@H](CC(=O)O)C(=O)O)cc(-c4cc(S(N)(=O)=O)ccc4O)c3O)[nH]c2c1,2.0,64.02481047553412,95.65816678153,False,True,596.58,0.83,9,9,282.87,10,4,0.115,42,148.21,0.091,2,False,False,False,False,False
REP_03782,CHEMBL2105986,CICLOTIZOLAM,Clc1ccccc1C1=NCc2nnc(C3CCCCC3)n2-c2sc(Br)cc21,2.0,63.95589248793936,50.137835975189525,False,True,461.82,6.14,0,4,43.07,2,3,0.35,27,113.56,0.46,1,True,True,False,False,True
REP_07885,CHEMBL4076124,LSZ-102,CC(F)(F)c1cc(F)ccc1-c1sc2cc(O)ccc2c1Oc1ccc(/C=C/C(=O)O)cc1,1.0,63.88697450034459,91.38525155065471,False,True,470.47,7.41,2,4,66.76,6,4,0.08,33,121.64,0.288,1,True,True,False,False,True
REP_03810,CHEMBL2106056,CRONIDIPINE,COC(=O)C1=C(C)NC(C)=C(C(=O)OCC2COC3(CCN(c4ccc(Cl)cc4)CC3)O2)[C@H]1c1cccc([N+](=O)[O-])c1,2.0,63.81805651274984,50.137835975189525,False,True,598.05,4.61,1,10,129.47,7,2,0.4,42,153.8,0.274,1,True,True,True,False,True
REP_03535,CHEMBL2105401,TIOCLOMAROL,O=c1oc2ccccc2c(O)c1C(CC(O)c1ccc(Cl)cc1)c1ccc(Cl)s1,2.0,63.74913852515507,91.38525155065471,False,True,447.34,6.12,2,5,70.67,5,4,0.136,29,116.35,0.362,1,True,True,False,False,True
REP_05015,CHEMBL2218890,ELGODIPINE,CC1=C(C(=O)OCCN(C)Cc2ccc(F)cc2)C(c2cccc3c2OCO3)C(C(=O)OC(C)C)=C(C)N1,2.0,63.6802205375603,50.137835975189525,False,True,524.59,4.42,1,8,86.33,9,2,0.379,38,138.76,0.483,1,True,True,True,False,True
REP_07908,CHEMBL4249337,ONAMETOSTAT,Nc1nc2cc(CC[C@H]3C[C@@H](n4ccc5c(N)ncnc54)[C@H](O)[C@@H]3O)ccc2cc1Br,1.0,63.61130254996554,75.63749138525155,False,True,483.37,2.82,4,7,136.1,4,4,0.318,31,123.27,0.351,0,True,True,False,False,True
REP_08079,CHEMBL476413,JHU-75528 C-11,[11CH3]Oc1ccc(-c2c(C#N)c(C(=O)NN3CCCCC3)nn2-c2ccc(Cl)cc2Cl)cc1,1.0,63.5079255685734,19.40041350792557,False,True,469.36,4.86,1,5,83.18,5,3,0.261,32,123.18,0.577,0,True,True,True,True,True
REP_08162,CHEMBL514215,JHU-75528,COc1ccc(-c2c(C#N)c(C(=O)NN3CCCCC3)nn2-c2ccc(Cl)cc2Cl)cc1,1.0,63.5079255685734,19.40041350792557,False,True,470.36,4.86,1,5,83.18,5,3,0.261,32,123.18,0.576,0,True,True,True,True,True
REP_07205,CHEMBL5750400,OFIRNOFLAST,Nc1ncnc2c1c(-c1ccc(NC(=O)Nc3cc(C4(C(F)(F)F)CC4)on3)c(F)c1)cn2C1CC1,2.0,63.40454858718125,91.38525155065471,False,True,501.44,5.38,3,6,123.89,5,4,0.304,36,121.72,0.316,2,False,True,True,False,True
REP_02375,CHEMBL1922282,LIRIMILAST,CS(=O)(=O)Oc1ccc2c(NC(N)=O)c(C(=O)c3ccc(Cl)cc3Cl)oc2c1,2.0,63.33563059958649,91.38525155065471,False,True,443.26,3.8,2,6,128.7,5,3,0.059,28,104.79,0.456,0,True,True,True,True,True
REP_07235,CHEMBL590985,TALOTREXIN,Nc1nc(N)c2nc(CNc3ccc(C(=O)N[C@@H](CCCNC(=O)c4ccccc4C(=O)O)C(=O)O)cc3)cnc2n1,2.0,63.26671261199173,97.58787043418332,False,True,573.57,1.29,7,11,248.43,12,4,0.185,42,151.58,0.118,3,False,False,False,False,False
REP_07785,CHEMBL3335793,AZD3965,Cc1[nH]nc(C(F)(F)F)c1Cc1sc2c(c1C(=O)N1C[C@](C)(O)CO1)c(=O)n(C)c(=O)n2C(C)C,1.0,63.19779462439696,29.221226740179183,False,True,515.51,2.12,2,7,122.45,4,3,0.524,35,120.46,0.549,1,True,True,True,False,True
REP_05885,CHEMBL3818875,GSK2256294,CNc1nc(C)nc(N[C@H]2CCC[C@@H](C(=O)NCc3ccc(C#N)cc3C(F)(F)F)C2)n1,2.0,63.12887663680221,91.38525155065471,False,True,447.47,3.4,3,7,115.62,6,2,0.476,32,111.49,0.622,0,True,True,True,True,True
REP_05763,CHEMBL3581693,BRILANESTRANT,CC/C(=C(/c1ccc(/C=C/C(=O)O)cc1)c1ccc2[nH]ncc2c1)c1ccc(F)cc1Cl,2.0,63.05995864920744,50.137835975189525,False,True,446.91,6.82,2,2,65.98,6,4,0.077,32,126.82,0.252,1,True,True,False,False,True
REP_01572,CHEMBL1240967,PF-00610355,CC(C)(Cc1cccc(CC(=O)NCc2cccc(-c3ccc(O)cc3)c2)c1)NC[C@H](O)c1ccc(O)c(NS(C)(=O)=O)c1,2.0,62.99104066161267,24.01791867677464,False,True,617.77,4.64,6,7,147.99,13,4,0.265,44,172.85,0.12,2,False,False,False,False,False
REP_08214,CHEMBL5415591,ONO-7684,Nc1ccc(-c2nc([C@H]3CCc4cc(-c5cc(Cl)ccc5-n5cnnn5)cc(=O)n43)c(F)[nH]2)c(F)n1,1.0,62.92212267401791,91.38525155065471,False,True,507.89,3.33,2,7,133.19,4,5,0.13,36,126.47,0.356,1,True,True,False,False,True
REP_06082,CHEMBL3989787,ALMURTIDE,CC(=O)N[C@H]1C(O)O[C@H](CO)[C@@H](O)[C@@H]1OCC(=O)N[C@@H](C)C(=O)N[C@H](CCC(=O)O)C(N)=O,2.0,62.85320468642316,84.97587870434184,False,True,478.46,-4.71,8,10,246.84,12,0,0.722,33,106.92,0.132,1,True,False,False,False,False
REP_00833,CHEMBL3318007,PIMODIVIR,O=C(O)[C@H]1C2CCC(CC2)[C@@H]1Nc1nc(-c2c[nH]c3ncc(F)cc23)ncc1F,3.0,62.7842866988284,91.38525155065471,False,True,399.4,3.6,3,5,103.79,4,3,0.4,29,101.02,0.619,0,True,True,True,True,True
REP_05414,CHEMBL3039513,DECERNOTINIB,CC[C@@](C)(Nc1ccnc(-c2c[nH]c3ncccc23)n1)C(=O)NCC(F)(F)F,2.0,62.71536871123363,71.67470709855273,False,True,392.39,3.28,3,5,95.59,6,3,0.333,28,98.5,0.598,0,True,True,True,True,True
REP_05218,CHEMBL272980,MOCETINOSTAT,Nc1ccccc1NC(=O)c1ccc(CNc2nccc(-c3cccnc3)n2)cc1,2.0,62.64645072363887,79.66919365954514,False,True,396.45,3.99,3,6,105.82,6,4,0.043,30,117.84,0.426,0,True,True,True,True,True
REP_03415,CHEMBL2105217,PIRODOMAST,O=c1c(N2CCCC2)c(O)c2cccnc2n1-c1ccccc1,2.0,62.577532736044105,54.9276361130255,False,True,307.35,2.69,1,4,58.36,2,3,0.222,23,90.45,0.791,0,True,True,True,True,True
REP_07756,CHEMBL30054,DPOC-4088,O=C(Cn1c(Cl)cnc(NCC(F)(F)c2ccccn2)c1=O)NCc1ncccc1F,1.0,62.50861474844934,91.10957960027568,False,True,452.82,2.35,2,6,101.8,8,3,0.211,31,106.17,0.544,0,True,True,True,True,True
REP_08134,CHEMBL5095191,PF-06842874,CC(=O)c1c(C)c2cnc(N[C@@H]3CCOC[C@H]3O)cc2n(C2CCCC2)c1=O,1.0,62.43969676085459,91.38525155065471,False,True,385.46,2.58,2,6,93.45,4,2,0.571,28,107.1,0.786,0,True,True,True,True,True
REP_00449,CHEMBL1231160,PEVONEDISTAT,NS(=O)(=O)OC[C@@H]1C[C@@H](n2ccc3c(N[C@H]4CCc5ccccc54)ncnc32)C[C@@H]1O,3.0,62.37077877325983,97.31219848380428,False,True,443.53,2.06,3,7,132.36,6,3,0.429,31,115.48,0.531,0,True,True,False,True,True
REP_02471,CHEMBL2029422,PF-4136309,O=C(NCC(=O)N1CC[C@H](N[C@H]2CC[C@@](O)(c3ccc(-c4ncccn4)cn3)CC2)C1)c1cccc(C(F)(F)F)c1,2.0,62.30186078566506,75.63749138525155,False,True,568.6,3.31,3,7,120.34,7,3,0.414,41,143.31,0.4,1,True,True,True,False,True
REP_02650,CHEMBL2104072,ASERIPIDE,C[C@H](C(=O)O)c1cccc(NC(=O)NCC(=O)N2[C@@H](c3ccccc3F)SC[C@H]2C(=O)OC(C)(C)C)c1,2.0,62.2329427980703,54.65196416264645,False,True,531.61,4.12,3,6,125.04,7,2,0.385,37,137.59,0.459,1,True,True,True,False,True
REP_07565,CHEMBL1090173,SD-0006,O=C(CO)N1CCC(c2n[nH]c(-c3ccc(Cl)cc3)c2-c2ccncn2)CC1,1.0,62.16402481047554,91.38525155065471,False,True,397.87,2.89,2,5,95.0,4,3,0.3,28,105.7,0.705,0,True,True,True,True,True
REP_07764,CHEMBL3120793,GS-6620,CC(C)OC(=O)[C@H](C)N[P@+]([O-])(OC[C@H]1O[C@@](C#N)(c2ccc3c(N)ncnn23)[C@](C)(O)[C@@H]1OC(=O)C(C)C)Oc1ccccc1,1.0,62.09510682288077,64.71399035148173,False,True,644.62,1.81,3,14,215.61,12,3,0.483,45,158.67,0.189,2,False,False,False,False,False
REP_01564,CHEMBL1236924,INT131,O=S(=O)(Nc1cc(Cl)c(Oc2cnc3ccccc3c2)c(Cl)c1)c1ccc(Cl)cc1Cl,2.0,62.026188835286014,97.93246037215714,False,True,514.22,7.44,1,4,68.29,5,4,0.0,31,125.55,0.301,2,False,True,False,False,True
REP_01964,CHEMBL1615867,AZACLORZINE,O=C(CCN1CCN2CCCC2C1)N1c2ccccc2Sc2ccc(Cl)cc21,2.0,61.95727084769125,60.0275671950379,False,True,413.97,4.64,0,4,26.79,3,2,0.409,28,114.82,0.732,0,True,True,True,True,True
REP_05598,CHEMBL3304244,LY-2940094,Cc1nn(-c2ncccc2CO)cc1CN1CCC2(CC1)OCC(F)(F)c1cc(Cl)sc12,2.0,61.88835286009648,76.49896623018608,False,True,480.97,4.4,1,6,63.41,4,3,0.455,32,117.38,0.6,0,True,True,True,False,True
REP_07310,CHEMBL6068046,CENACITINIB,CNc1cc(Nc2cc(F)cc3c2OCCO3)nc2c(NC(=O)N[C@@H]3C[C@@H]3F)cnn12,2.0,61.81943487250172,38.800827015851134,False,True,431.4,2.66,4,7,113.84,5,3,0.316,31,108.66,0.491,0,True,True,True,True,True
REP_07606,CHEMBL1614710,OSI-930,O=C(Nc1ccc(OC(F)(F)F)cc1)c1sccc1NCc1ccnc2ccccc12,1.0,61.75051688490696,50.137835975189525,False,True,443.45,6.06,2,5,63.25,6,4,0.091,31,114.47,0.38,1,True,True,False,False,True
REP_06874,CHEMBL5095099,EXARAFENIB,Cc1ccc(NC(=O)N2CC[C@@H](CC(F)(F)F)C2)cc1-c1cc(N[C@H](C)CO)nc(N2CCOCC2)c1,2.0,61.6815988973122,91.38525155065471,False,True,521.58,4.49,3,6,89.96,7,2,0.538,37,136.98,0.498,1,True,True,True,False,True
REP_01352,CHEMBL1095284,CEFATRIZINE,N[C@@H](C(=O)N[C@@H]1C(=O)N2C(C(=O)O)=C(CSc3c[nH]nn3)CS[C@H]12)c1ccc(O)cc1,2.0,61.61268090971743,74.29359062715368,False,True,462.51,0.04,5,9,174.53,7,2,0.278,31,111.83,0.279,0,True,False,False,True,False
REP_06331,CHEMBL4297363,UCB-1184197,CCOC(=O)[C@H](Cc1ccc(Nc2nccc3ccncc23)cc1)NC1=C(Br)C(=O)C12CCCCC2,2.0,61.54376292212267,96.41626464507236,False,True,549.47,5.58,2,7,93.21,8,3,0.357,36,143.0,0.355,2,False,True,True,False,True
REP_07345,CHEMBL6068539,ASP-8302,C[C@@H]1CCCN1Cc1sc(NC(=O)c2cnc(N3CCN(CCC(=O)O)[C@@H](C)C3)cn2)nc1-c1cc(Cl)cs1,2.0,61.47484493452791,91.38525155065471,False,True,590.18,4.54,2,10,114.79,9,3,0.5,39,155.03,0.371,1,True,True,True,False,True
REP_08147,CHEMBL5095235,EZM-0414,CC(=O)N1CCN([C@H]2CCC[C@@H](NC(=O)c3cc4c(F)ccc(C)c4[nH]3)C2)CC1,1.0,61.40592694693314,84.70020675396277,False,True,400.5,2.82,2,3,68.44,3,2,0.545,29,110.33,0.833,0,True,True,True,True,True
REP_01061,CHEMBL4583691,NAPORAFENIB,Cc1ccc(NC(=O)c2ccnc(C(F)(F)F)c2)cc1-c1cc(OCCO)nc(N2CCOCC2)c1,3.0,61.33700895933838,91.38525155065471,False,True,502.49,3.93,2,7,96.81,7,3,0.32,36,127.22,0.505,1,True,True,True,False,True
REP_05864,CHEMBL3746388,TERN-101,Cn1cc(C(=O)O)c2ccc(N3CCC(OCc4c(-c5c(Cl)cccc5Cl)noc4C4CC4)CC3)cc21,2.0,61.268090971743625,73.05306685044796,False,True,540.45,6.9,1,5,80.73,7,4,0.357,37,143.84,0.275,2,False,True,False,False,True
REP_07972,CHEMBL4297675,RALANITEN ACETATE,CC(=O)OC[C@H](COc1ccc(C(C)(C)c2ccc(OC[C@@H](CCl)OC(C)=O)cc2)cc1)OC(C)=O,1.0,61.19917298414887,64.02481047553412,False,True,521.01,4.44,0,8,97.36,13,2,0.444,36,134.46,0.217,1,True,False,True,False,False
REP_02354,CHEMBL1908354,CEFCANEL,Cc1nnc(SCC2=C(C(=O)O)N3C(=O)[C@@H](NC(=O)[C@H](O)c4ccccc4)[C@H]3SC2)s1,2.0,61.1302549965541,70.02067539627843,False,True,478.58,1.41,3,9,132.72,7,2,0.316,31,116.46,0.399,0,True,True,False,True,True
REP_08213,CHEMBL5409389,NT-0796,CC(C)OC(=O)[C@@H](Cc1ncccn1)OC(=O)Nc1c2c(cc3c1CCC3)CCC2,1.0,61.061337008959335,91.38525155065471,False,True,409.49,3.57,1,6,90.41,6,2,0.478,30,111.35,0.734,0,True,True,True,True,True
REP_04977,CHEMBL2165620,PF-04991532,O=C(O)c1ccc(NC(=O)[C@H](CC2CCCC2)n2cnc(C(F)(F)F)c2)nc1,2.0,60.992419021364576,81.04755341144039,False,True,396.37,3.76,2,4,97.11,6,2,0.444,28,92.67,0.775,0,True,True,True,True,True
REP_06212,CHEMBL4167360,IDH305,Cc1cc([C@H](C)Nc2nccc(N3C(=O)OC[C@@H]3[C@@H](C)F)n2)ncc1-c1ccnc(C(F)(F)F)c1,2.0,60.92350103376981,91.38525155065471,False,True,490.46,5.12,1,7,93.13,6,3,0.348,35,119.46,0.48,1,True,True,True,False,True
REP_07026,CHEMBL5314458,EMZELTRECTINIB,NC(=O)c1c(N)nn2ccc(N3C[C@@H](F)C[C@@H]3c3cc(F)ccc3F)nc12,2.0,60.85458304617506,51.75740868366644,False,True,376.34,1.98,2,5,102.54,3,3,0.235,27,91.88,0.728,0,True,True,True,True,True
REP_00995,CHEMBL4297502,AVORALSTAT,C=Cc1cc(C(=O)Nc2ccc(C(=N)N)cc2)c(-c2ccc(C(=O)NCC3CC3)nc2C(=O)O)cc1OC,3.0,60.78566505858029,91.38525155065471,False,True,513.55,3.77,5,6,167.49,10,3,0.179,38,143.74,0.203,1,True,False,False,False,False
REP_05585,CHEMBL3301608,LANOPEPDEN,Cc1nc(NNC(=O)[C@H](CC2CCCC2)CN(O)C=O)c(F)c(N2CCN3CCOC[C@@H]3C2)n1,2.0,60.716747070985534,43.96967608545831,False,True,479.56,0.93,3,9,123.16,9,1,0.727,34,121.51,0.27,0,True,True,True,True,True
REP_05440,CHEMBL307177,LY-295501,O=C(Nc1ccc(Cl)c(Cl)c1)NS(=O)(=O)c1ccc2c(c1)CCO2,2.0,60.64782908339077,95.93383873190902,False,True,387.24,3.44,2,4,84.5,3,2,0.133,24,91.44,0.845,0,True,True,True,True,True
REP_07007,CHEMBL5314427,VOCIPROTAFIB,Cc1nc(N2CCC3(CC2)CO[C@@H](C)[C@H]3N)c(CO)nc1Sc1ccnc(N)c1Cl,2.0,60.57891109579601,50.137835975189525,False,True,451.0,2.39,3,9,123.41,4,2,0.55,30,117.74,0.643,0,True,True,True,True,True
REP_04688,CHEMBL2110624,TELUDIPINE,CCOC(=O)C1=C(C)NC(CN(C)C)=C(C(=O)OCC)C1c1ccccc1/C=C/C(=O)OC(C)(C)C,2.0,60.50999310820124,22.67401791867677,False,True,498.62,3.94,1,8,94.17,9,1,0.464,36,138.74,0.311,0,True,True,True,False,True
REP_05693,CHEMBL3544964,RAVOXERTINIB,Cn1nccc1Nc1nccc(-c2ccn([C@H](CO)c3ccc(Cl)c(F)c3)c(=O)c2)n1,2.0,60.44107512060648,24.01791867677464,False,True,440.87,3.16,2,6,97.86,6,4,0.143,31,114.85,0.478,0,True,True,True,True,True
REP_06586,CHEMBL4594304,DANICAMTIV,Cn1cc(S(=O)(=O)[C@@](C)(F)C2CCN(C(=O)Nc3ccon3)CC2)c(C(F)F)n1,2.0,60.37215713301172,39.9724328049621,False,True,435.43,2.75,1,6,110.33,5,2,0.562,29,94.68,0.773,0,True,True,True,True,True
REP_04463,CHEMBL2107409,FUMOXICILLIN,CC1(C)S[C@@H]2[C@H](NC(=O)[C@H](/N=C/c3ccco3)c3ccc(O)cc3)C(=O)N2[C@H]1C(=O)O,2.0,60.30323914541695,66.36802205375602,False,True,443.48,1.78,3,7,132.44,6,2,0.333,31,112.81,0.458,0,True,True,False,True,True
REP_06709,CHEMBL4753998,ZEGOCRACTIN,Cc1cccc(F)c1C(=O)Nc1cnc(-c2cc3c(cc2Cl)OC(F)(F)O3)cn1,2.0,60.234321157822194,56.65058580289455,False,True,421.76,4.82,1,5,73.34,3,3,0.105,29,97.77,0.656,0,True,True,True,True,True
REP_06853,CHEMBL5095073,MOTUGIVATREP,O=C(/C=C1\CCOc2cc(C(F)(F)F)ccc21)Nc1cccc2c1C[C@H](O)CC2,2.0,60.16540317022743,91.38525155065471,False,True,403.4,4.36,2,3,58.56,2,2,0.318,29,102.64,0.733,0,True,True,True,True,True
REP_01165,CHEMBL5095241,TUNLAMETINIB,O=C(NOCCO)c1cc2scnc2c(F)c1Nc1ccc(I)cc1F,3.0,60.09648518263266,57.47760165403171,False,True,491.26,3.58,3,6,83.48,6,3,0.125,26,102.48,0.279,0,True,True,True,False,True
REP_06088,CHEMBL3989799,PHYTONADIOL SODIUM DIPHOSPHATE,C/C(=C\Cc1c(C)c(OP(=O)([O-])O)c2ccccc2c1OP(=O)([O-])O)CCC[C@H](C)CCC[C@H](C)CCCC(C)C,2.0,60.0275671950379,50.137835975189525,False,True,610.67,7.76,2,6,139.18,18,2,0.613,41,161.77,0.129,2,False,False,False,False,False
REP_06994,CHEMBL5314397,ACUMAPIMOD,Cc1ccc(C(=O)NC2CC2)cc1-n1ncc(C(=O)c2cccc(C#N)c2)c1N,2.0,59.95864920744314,50.137835975189525,False,True,385.43,2.76,2,5,113.8,5,3,0.182,29,107.79,0.656,0,True,True,True,True,True
REP_05989,CHEMBL3989475,SITALIDONE,CC(C)c1cc(NS(=O)(=O)c2cc(C3(O)CCC(=O)N3C)ccc2Cl)cc(C(C)C)c1O,2.0,59.88973121984837,75.63749138525155,False,True,481.01,4.49,3,5,106.94,6,2,0.435,32,124.45,0.528,0,True,True,True,False,True
REP_08136,CHEMBL5095196,SLC-391,Nc1ncc(-c2cnn(C3CCNCC3)c2)cc1-c1nnc(CC2CC2)o1,1.0,59.82081323225361,70.22742935906273,False,True,365.44,2.45,2,7,107.68,5,3,0.474,27,100.73,0.715,0,True,True,True,True,True
REP_08313,CHEMBL3707363,TRIMETHYLDIPHENYLPROPYLAMINE,CC(CC(c1ccccc1)c1ccccc1)N(C)C,-1.0,59.75189524465885,26.809097174362503,False,True,253.39,4.16,0,1,3.24,5,2,0.333,19,82.49,0.773,0,True,True,True,False,True
REP_00697,CHEMBL2107786,TERUTROBAN,Cc1ccc2c(c1CCC(=O)O)CC[C@@H](NS(=O)(=O)c1ccc(Cl)cc1)C2,3.0,59.682977257064096,75.63749138525155,False,True,407.92,3.5,2,3,83.47,6,2,0.35,27,104.72,0.767,0,True,True,True,True,True
REP_04262,CHEMBL2106962,PIMILPROST,CCCC[C@H](C)C[C@H](O)/C=C/[C@@H]1[C@H]2C[C@H](CCOCC(=O)OC)C[C@H]2C[C@H]1O,2.0,59.61405926946933,81.25430737422468,False,True,396.57,3.72,2,5,75.99,12,0,0.87,28,109.72,0.299,0,True,False,True,True,False
REP_05113,CHEMBL2381848,PF-06291874,CCC[C@H](Oc1cc(C)c(-n2cc(C(F)(F)F)cn2)c(C)c1)c1ccc(C(=O)NCCC(=O)O)cc1,2.0,59.54514128187457,24.01791867677464,False,True,503.52,5.63,2,4,93.45,10,3,0.346,36,127.35,0.374,2,False,True,True,False,True
REP_07928,CHEMBL4297325,SIMMITECAN,C=CCc1c(OC(=O)N2CCC(N3CCCCC3)CC2)ccc2nc3c(cc12)Cn1c-3cc2c(c1=O)COC(=O)[C@]2(O)CC,1.0,59.476223294279805,90.76498966230189,False,True,598.7,4.26,1,8,114.2,5,3,0.471,44,164.47,0.268,1,True,True,True,False,True
REP_07055,CHEMBL5314493,ZATONACAFTOR,CCc1cnc(OC(C)C)c(C2(C(=O)NS(=O)(=O)c3cccc4nc(C)ccc34)CC2)c1,2.0,59.407305306685046,49.620951068228806,False,True,453.56,3.82,1,6,98.25,7,3,0.375,32,122.1,0.584,0,True,True,True,True,True
REP_06190,CHEMBL4114766,ATUZABRUTINIB,CC(C)(C)/C=C(\C#N)C(=O)N1CCC[C@@H](n2nc(-c3ccc(Oc4ccccc4)cc3F)c3c(N)ncnc32)C1,2.0,59.33838731909028,91.38525155065471,False,True,539.62,5.67,1,7,122.95,5,4,0.3,40,149.65,0.256,2,False,True,True,False,True
REP_05618,CHEMBL3349001,AVN-944,CC[C@H](CC#N)OC(=O)N[C@@H](C)c1cccc(NC(=O)Nc2ccc(-c3cnco3)c(OC)c2)c1,2.0,59.26946933149553,91.38525155065471,False,True,477.52,5.47,3,7,138.51,9,3,0.28,35,129.92,0.371,1,True,True,False,True,True
REP_05264,CHEMBL279115,PHORBOL MYRISTATE ACETATE,CCCCCCCCCCCCCC(=O)O[C@@H]1[C@@H](C)[C@@]2(O)[C@@H](C=C(CO)C[C@]3(O)C(=O)C(C)=C[C@@H]23)[C@@H]2C(C)(C)[C@]12OC(C)=O,2.0,59.20055134390076,50.137835975189525,False,True,616.84,5.75,3,8,130.36,15,0,0.806,44,167.32,0.12,2,False,False,True,False,False
REP_06445,CHEMBL4300945,AZELOPRAZOLE,Cc1cnc(C[S@@+]([O-])c2nc3ccccc3[nH]2)c(C)c1OCC1COC(C)(C)OC1,2.0,59.131633356306,50.137835975189525,False,True,429.54,3.66,1,6,92.32,6,3,0.455,30,114.89,0.601,0,True,True,True,True,True
REP_06995,CHEMBL5314398,GRC-6211,O=C(Nc1cccc2cnccc12)N[C@@H]1CC2(CCC2)Oc2ccc(F)cc21,2.0,59.06271536871124,80.8407994486561,False,True,377.42,4.94,2,3,63.25,2,3,0.273,28,104.87,0.665,0,True,True,True,True,True
REP_08165,CHEMBL5192659,MRTX-0902,Cc1c(C#N)cccc1[C@@H](C)Nc1nnc(C)c2cnc(N3CCOCC3)cc12,1.0,58.99379738111647,50.17229496898691,False,True,388.48,3.52,1,7,86.96,4,3,0.364,29,113.03,0.731,0,True,True,True,True,True
REP_07697,CHEMBL2178575,GSK-2239633,COc1cccc2c1c(NS(=O)(=O)c1ccc(Cl)s1)nn2Cc1cccc(NC(=O)CO)c1,1.0,58.924879393521714,85.11371467953136,False,True,506.99,3.54,3,7,122.55,8,4,0.143,33,127.68,0.336,1,True,True,True,False,True
REP_07760,CHEMBL3092562,PF-05180999,Cc1nc(-c2cnn(C)c2-c2ccc(C(F)(F)F)cn2)c2c(N3CCC3)ncnn12,1.0,58.85596140592695,50.137835975189525,False,True,414.4,3.12,0,6,77.03,3,4,0.316,30,102.78,0.513,0,True,True,True,True,True
REP_07825,CHEMBL3600873,MK-5108,O=C(O)[C@]1(Cc2cccc(Nc3nccs3)n2)CC[C@@H](Oc2cccc(Cl)c2F)CC1,1.0,58.78704341833219,91.38525155065471,False,True,461.95,5.71,2,6,84.34,7,3,0.318,31,117.7,0.469,1,True,True,True,False,True
REP_00598,CHEMBL2017974,BUPARLISIB,Nc1cc(C(F)(F)F)c(-c2cc(N3CCOCC3)nc(N3CCOCC3)n2)cn1,3.0,58.71812543073742,70.29634734665748,False,True,410.4,1.81,1,8,89.63,3,2,0.5,29,100.74,0.82,0,True,True,True,True,True
REP_07813,CHEMBL3545241,AC-430,Cc1cc(Nc2nc(C(O)c3ccc(F)cc3)nc3ccccc23)n[nH]1,1.0,58.64920744314266,75.63749138525155,False,True,349.37,3.63,3,5,86.72,4,4,0.105,26,96.61,0.524,0,True,True,True,True,True
REP_07974,CHEMBL4298148,VECABRUTINIB SUCCINATE,NC(=O)[C@H]1CCN(c2ncnc(N)c2F)C[C@@H]1N1CCC[C@@H](Nc2cc(Cl)cc(C(F)(F)F)c2)C1=O.O=C(O)CCC(=O)O,1.0,58.5802894555479,90.35148173673328,False,True,648.01,2.59,5,9,205.07,8,2,0.462,44,149.02,0.263,1,True,False,False,False,False
REP_05505,CHEMBL318191,TONABERSAT,CC(=O)c1ccc2c(c1)[C@H](NC(=O)c1ccc(F)c(Cl)c1)[C@H](O)C(C)(C)O2,2.0,58.51137146795313,55.41006202618883,False,True,391.83,3.68,2,4,75.63,3,2,0.3,27,98.78,0.782,0,True,True,True,True,True
REP_01281,CHEMBL95431,CARBOXYAMIDOTRIAZOLE,NC(=O)c1nnn(Cc2cc(Cl)c(C(=O)c3ccc(Cl)cc3)c(Cl)c2)c1N,3.0,58.44245348035837,39.83459682977257,False,True,424.68,3.2,2,5,116.89,5,3,0.059,27,103.4,0.61,0,True,True,True,True,True
REP_01634,CHEMBL1289779,ETIZOLAM,CCc1cc2c(s1)-n1c(C)nnc1CN=C2c1ccccc1Cl,2.0,58.37353549276361,50.137835975189525,False,True,342.86,4.2,0,4,43.07,2,3,0.235,23,94.15,0.7,0,True,True,True,True,True
REP_08194,CHEMBL5314922,MG-S-2525,Cc1cc(CNc2[nH]nc(Nc3ccc(N4CCOCC4)cc3)c2C(N)=O)cc(C)c1O,1.0,58.30461750516884,56.09924190213646,False,True,436.52,3.02,5,7,128.53,7,3,0.304,32,124.77,0.385,0,True,True,True,True,True
REP_01016,CHEMBL4297613,CILOFEXOR,O=C(O)c1ccnc(N2CC(O)(c3ccc(OCc4c(-c5c(Cl)cccc5Cl)noc4C4CC4)cc3Cl)C2)c1,3.0,58.23569951757408,50.37904893177119,False,True,586.86,6.56,2,7,108.92,8,4,0.25,39,147.02,0.239,2,False,True,False,False,True
REP_07580,CHEMBL1215331,PF-03882845,N#Cc1ccc(N2N=C3c4ccc(C(=O)O)cc4CC[C@@H]3[C@@H]2C2CCCC2)cc1Cl,1.0,58.16678152997932,91.38525155065471,False,True,419.91,5.26,1,4,76.69,3,2,0.375,30,116.14,0.736,1,True,True,True,True,True
REP_06303,CHEMBL4297270,BMS-986020,Cc1noc(-c2ccc(-c3ccc(C4(C(=O)O)CC4)cc3)cc2)c1NC(=O)O[C@H](C)c1ccccc1,2.0,58.097863542384566,91.38525155065471,False,True,482.54,6.74,2,5,101.66,7,4,0.207,36,135.62,0.302,1,True,True,False,False,True
REP_02469,CHEMBL2027925,CAPESEROD,Nc1c(Cl)cc(-c2nn(C3CCN(CCc4ccccc4)CC3)c(=O)o2)c2c1OCCO2,2.0,58.0289455547898,20.951068228807724,False,True,456.93,3.39,1,7,95.75,5,3,0.391,32,121.47,0.588,0,True,True,True,True,True
REP_07133,CHEMBL5314955,FIRUGLIPEL,CC[C@@H](Oc1ccc(C(=O)C2CC2)cc1)c1nc(-c2ccc(C(=O)N[C@H](C)CO)c(F)c2)no1,2.0,57.96002756719504,91.38525155065471,False,True,467.5,4.11,2,7,114.55,10,3,0.36,34,120.86,0.431,0,True,True,True,True,True
REP_03952,CHEMBL2106315,DROBULINE,CC(C)NCC(O)CC(c1ccccc1)c1ccccc1,2.0,57.89110957960028,37.422467263955895,False,True,283.42,3.57,2,2,32.26,7,2,0.368,21,88.49,0.814,0,True,True,True,True,True
REP_07601,CHEMBL147806,GSK-369796,CC(C)(C)NCc1ccc(Nc2ccnc3cc(Cl)ccc23)cc1O,1.0,57.82219159200551,35.14817367332874,False,True,355.87,5.23,3,4,57.18,4,3,0.25,25,104.74,0.6,1,True,True,True,True,True
REP_05561,CHEMBL325439,BEPAFANT,Cc1nnc2n1-c1sc3c(c1C(c1ccccc1Cl)=NC2)CC(C(=O)N1CCOCC1)C3,2.0,57.75327360441075,50.137835975189525,False,True,467.98,3.22,0,6,72.61,2,3,0.391,32,123.07,0.58,0,True,True,True,True,True
REP_07687,CHEMBL2143592,BMS-794833,Nc1nccc(Oc2ccc(NC(=O)c3c[nH]cc(-c4ccc(F)cc4)c3=O)cc2F)c1Cl,1.0,57.684355616816,91.38525155065471,False,True,468.85,5.0,3,5,110.1,5,4,0.0,33,120.54,0.382,0,True,True,True,True,True
REP_07084,CHEMBL5314529,MONLUNABANT,CC(=O)NC(=N)/N=C(\NS(=O)(=O)c1ccc(C(F)(F)F)cc1)N1N=C(c2ccc(Cl)cc2)C[C@H]1c1ccccc1,2.0,57.61543762922123,51.96416264645072,False,True,591.02,4.92,3,5,127.08,4,3,0.154,40,144.37,0.294,1,True,True,True,False,True
REP_00819,CHEMBL3186534,RIVOCERANIB,N#CC1(c2ccc(NC(=O)c3cccnc3NCc3ccncc3)cc2)CCCC1,3.0,57.54651964162647,75.63749138525155,False,True,397.48,4.68,2,5,90.7,6,3,0.25,30,115.95,0.63,0,True,True,True,True,True
REP_05955,CHEMBL3984425,EGANELISIB,C[C@H](NC(=O)c1c(N)nn2cccnc12)c1cc2cccc(C#Cc3cnn(C)c3)c2c(=O)n1-c1ccccc1,2.0,57.47760165403171,10.957960027567191,False,True,528.58,3.24,2,6,125.13,4,6,0.1,40,152.01,0.339,1,True,True,True,False,True
REP_07009,CHEMBL5314431,ZAMAPORVINT,Cc1c(-c2ccnc(C(F)(F)F)c2)ncn1CC(=O)Nc1ccc(-c2cnccn2)cn1,2.0,57.40868366643694,75.63749138525155,False,True,439.4,3.76,1,6,98.48,5,4,0.143,32,109.09,0.508,0,True,True,True,True,True
REP_06328,CHEMBL4297345,ADL-5747,CCN(CC)C(=O)c1ccc(C2=CC3(CCNCC3)Oc3ccccc32)c(O)c1,2.0,57.33976567884218,91.38525155065471,False,True,392.5,3.82,2,4,61.8,4,2,0.375,29,114.34,0.83,0,True,True,True,True,True
REP_01303,CHEMBL105442,CI-1040,O=C(NOCC1CC1)c1ccc(F)c(F)c1Nc1ccc(I)cc1Cl,2.0,57.27084769124742,58.30461750516884,False,True,478.66,5.04,2,3,50.36,6,2,0.235,25,99.95,0.452,1,True,True,True,True,True
REP_02740,CHEMBL2104195,ELNADIPINE,CC1=C(C(=O)OC(C)C)[C@@H](c2cccc(Cl)c2Cl)C(c2nnco2)=C(C)N1,2.0,57.20192970365265,91.38525155065471,False,True,408.29,4.72,1,6,77.25,4,2,0.316,27,103.16,0.738,0,True,True,True,True,True
REP_06421,CHEMBL4297640,VECABRUTINIB,NC(=O)[C@H]1CCN(c2ncnc(N)c2F)C[C@@H]1N1CCC[C@@H](Nc2cc(Cl)cc(C(F)(F)F)c2)C1=O,2.0,57.13301171605789,96.62301860785664,False,True,529.93,2.65,3,7,130.47,5,2,0.455,36,124.52,0.508,1,True,True,True,False,True
REP_02380,CHEMBL1938400,PF-03715455,CC(C)(C)c1cc(NC(=O)NCc2ccccc2Sc2ccc3nnc(-c4ccccc4SCCO)n3c2)n(-c2ccc(O)c(Cl)c2)n1,2.0,57.06409372846313,91.38525155065471,False,True,700.29,7.8,4,8,129.6,10,6,0.2,48,191.59,0.107,2,False,True,False,False,True
REP_08039,CHEMBL4639024,APOMINE,CC(C)OP(=O)(OC(C)C)C(Cc1cc(C(C)(C)C)c(O)c(C(C)(C)C)c1)P(=O)(OC(C)C)OC(C)C,1.0,56.99517574086836,12.749827705031011,False,True,562.67,8.94,1,7,91.29,12,1,0.786,37,153.1,0.254,2,False,False,False,False,False
REP_05583,CHEMBL3301600,SPEBRUTINIB BESYLATE,C=CC(=O)Nc1cccc(Nc2nc(Nc3ccc(OCCOC)cc3)ncc2F)c1.O=S(=O)(O)c1ccccc1,2.0,56.9262577532736,75.63749138525155,False,True,581.63,5.19,4,9,151.77,11,4,0.107,41,153.89,0.106,2,False,False,False,False,False
REP_02100,CHEMBL1707454,SCARLET RED,Cc1ccccc1/N=N/c1ccc(/N=N/c2c(O)ccc3ccccc23)c(C)c1,2.0,56.85733976567884,50.137835975189525,False,True,380.45,7.99,1,5,69.67,4,4,0.083,29,116.32,0.358,1,True,True,False,False,True
REP_05929,CHEMBL3931971,RAZUPROTAFIB,COC(=O)N[C@@H](Cc1ccccc1)C(=O)N[C@@H](Cc1ccc(NS(=O)(=O)O)cc1)c1csc(-c2cccs2)n1,2.0,56.78842177808407,37.56030323914542,False,True,586.72,4.45,4,8,146.72,11,4,0.192,39,151.1,0.19,1,True,False,False,False,False
REP_07913,CHEMBL429317,AVL-3288,Cc1cc(/C(=C/Nc2ccc(Cl)cc2)C(=O)Nc2ccc(Cl)cc2)on1,1.0,56.71950379048931,46.86423156443832,False,True,388.25,5.38,2,4,67.16,5,3,0.053,26,104.37,0.576,1,True,True,True,True,True
REP_06905,CHEMBL5095224,ELIAPIXANT,Cc1cnc(-c2cc(O[C@@H]3CCOC3)cc(C(=O)N[C@H](C)c3cnc(C(F)(F)F)nc3)c2)s1,2.0,56.65058580289455,91.38525155065471,False,True,478.5,4.59,1,7,86.23,6,3,0.364,33,115.05,0.558,0,True,True,True,True,True
REP_06342,CHEMBL4297388,GW-870086,C[C@@H]1C[C@H]2[C@@H]3C[C@H](F)C4=CC(=O)C=C[C@]4(C)[C@@]3(F)[C@@H](O)C[C@]2(C)[C@@]1(OC(=O)C1C(C)(C)C1(C)C)C(=O)OCC#N,2.0,56.58166781529979,24.01791867677464,False,True,559.65,4.58,1,7,113.69,4,0,0.742,40,139.63,0.502,1,True,True,True,False,True
REP_07837,CHEMBL3685811,MK-8457,Cc1cc(Nc2nccc(C(F)(F)F)n2)cc(-c2cnc([C@@]3(O)CC[C@H](C(=O)O)C(C)(C)C3)s2)c1,1.0,56.51274982770504,91.38525155065471,False,True,506.55,5.77,3,7,108.23,5,3,0.417,35,125.26,0.403,2,False,True,True,False,True
REP_03091,CHEMBL2104731,TIOMERGINE,CN1C[C@H](CSc2ccccn2)C=C2c3cccc4[nH]cc(c34)C[C@H]21,2.0,56.44383184011027,15.644383184011026,False,True,347.49,4.22,1,3,31.92,3,3,0.286,25,104.85,0.72,0,True,True,True,True,True
REP_07103,CHEMBL5314555,LIRAFUGRATINIB,C=C(C)C(=O)Nc1ccc(-c2c(-c3ccc(Oc4nccc(C)n4)c(F)c3)c3c(N)ncnc3n2C)cc1,2.0,56.37491385251551,50.137835975189525,False,True,509.55,5.43,2,7,120.84,6,5,0.107,38,144.04,0.293,2,False,True,True,False,True
REP_00905,CHEMBL3916717,SELONSERTIB,Cc1cc(F)c(C(=O)Nc2cccc(-c3nncn3C(C)C)n2)cc1-n1cnc(C2CC2)c1,3.0,56.305995864920746,87.9393521709166,False,True,445.5,4.68,1,5,90.52,6,4,0.292,33,121.83,0.465,0,True,True,True,True,True
REP_07313,CHEMBL6068050,EMESTEDASTAT,O=C(c1csc(-c2cn[nH]c2)c1)N1[C@@H]2CC[C@H]1C[C@](O)(c1ncccn1)C2,2.0,56.23707787732598,91.38525155065471,False,True,381.46,2.58,2,6,95.0,3,3,0.368,27,100.04,0.727,0,True,True,True,True,True
REP_05855,CHEMBL3716365,GLPG-1205,O=c1nc(OC[C@@H]2COCCO2)cc2n1CCc1cc(C#CC3CC3)ccc1-2,2.0,56.168159889731214,64.98966230186079,False,True,378.43,2.02,0,5,62.58,3,2,0.455,28,103.29,0.765,0,True,True,True,True,True
REP_07835,CHEMBL3659497,AZD-7451,CC(C)Oc1cc(-n2cnc3ccc(N[C@@H](C)c4ncc(F)cn4)nc32)n[nH]1,1.0,56.09924190213646,75.63749138525155,False,True,382.4,3.03,2,7,106.43,6,4,0.278,28,100.8,0.528,0,True,True,True,True,True
REP_00950,CHEMBL414157,TONAPOFYLLINE,CCCn1c(=O)c2[nH]c(C34CCC(CCC(=O)O)(CC3)CC4)nc2n(CCC)c1=O,3.0,56.0303239145417,72.6395589248794,False,True,416.52,3.16,2,4,109.98,8,2,0.727,30,113.88,0.687,0,True,True,True,True,True
REP_01153,CHEMBL5095079,POVORCITINIB,Cc1n[nH]c(C)c1-c1cnn(C2(CC#N)CN(c3cc(F)c(C(=O)N[C@@H](C)C(F)(F)F)cc3F)C2)c1,3.0,55.96140592694694,25.70640937284632,False,True,507.47,3.98,2,5,102.63,6,3,0.391,36,119.04,0.492,1,True,True,True,False,True
REP_06336,CHEMBL4297376,E-7820,Cc1ccc(NS(=O)(=O)c2cccc(C#N)c2)c2[nH]cc(C#N)c12,2.0,55.89248793935218,83.18401102687801,False,True,336.38,3.02,2,4,109.54,3,3,0.059,24,89.72,0.766,0,True,True,True,True,True
REP_07061,CHEMBL5314500,MINDEUDESIVIR,[2H]c1cc([C@]2(C#N)O[C@H](COC(=O)C(C)C)[C@@H](OC(=O)C(C)C)[C@H]2OC(=O)C(C)C)n2ncnc(N)c12,2.0,55.82356995175741,8.270158511371474,False,True,502.55,1.76,1,11,168.13,8,2,0.583,36,124.8,0.412,2,False,False,False,False,False
REP_07024,CHEMBL5314454,BODITRECTINIB,O=C(/C=C/c1cnn2ccc(N3CCC[C@@H]3c3cc(F)ccc3F)nc12)N1CCNCC1,2.0,55.75465196416265,50.137835975189525,False,True,438.48,2.79,1,5,65.77,4,3,0.348,32,117.15,0.635,0,True,True,True,True,True
REP_02396,CHEMBL1957287,TEGOBUVIR,Fc1ccccc1-c1nc2ccn(Cc3ccc(-c4ccc(C(F)(F)F)cc4C(F)(F)F)nn3)cc-2n1,2.0,55.68573397656789,91.38525155065471,False,True,517.41,6.73,0,4,56.49,4,3,0.12,37,118.61,0.248,2,False,True,False,False,True
REP_04689,CHEMBL2110625,CEFOVECIN,CO/N=C(/C(=O)N[C@@H]1C(=O)N2C(C(=O)O)=C([C@@H]3CCCO3)CS[C@H]12)c1csc(N)n1,2.0,55.61681598897312,60.92350103376981,False,True,453.5,-0.01,3,10,156.44,6,1,0.471,30,108.73,0.306,0,True,False,False,True,False
REP_02694,CHEMBL2104139,CICORTONIDE,CC(=O)OCC(=O)[C@@]12OC(C)(C)O[C@@H]1C[C@H]1[C@@H]3CC(C#N)=C4C=C(OCCCl)CC[C@]4(C)[C@@]3(F)[C@@H](O)C[C@@]12C,2.0,55.54789800137836,55.20330806340454,False,True,566.07,4.29,1,8,115.08,6,0,0.759,39,137.93,0.375,1,True,True,True,False,True
REP_02038,CHEMBL1672635,RAD-140,Cc1c(N[C@@H](c2nnc(-c3ccc(C#N)cc3)o2)[C@H](C)O)ccc(C#N)c1Cl,2.0,55.4789800137836,67.74638180565127,False,True,393.83,3.98,2,7,118.76,5,3,0.2,28,103.4,0.672,0,True,True,True,True,True
REP_04667,CHEMBL2107823,GANDOTINIB,Cc1cc(Nc2cc(CN3CCOCC3)c3nc(C)c(Cc4ccc(Cl)cc4F)n3n2)n[nH]1,2.0,55.41006202618883,29.49689869055824,False,True,469.95,4.03,2,6,83.37,6,4,0.348,33,124.64,0.443,0,True,True,True,True,True
REP_08197,CHEMBL5314932,TRE-515,COc1ccc(-c2nc([C@@H](C)Sc3nc(N)cc(N)n3)c(C)s2)cc1OCCN1CCOCC1,1.0,55.34114403859407,34.59682977257064,False,True,502.67,3.65,2,11,121.64,9,3,0.435,34,136.72,0.331,2,False,True,True,False,True
REP_06515,CHEMBL4470585,GSK2798745,CC(C)(O)c1cnc(N2C[C@@]3(CCC[C@](C)(Cn4cnc5ccc(C#N)cc54)C3)OC2=O)cn1,2.0,55.27222605099931,75.63749138525155,False,True,460.54,3.9,1,7,117.16,4,3,0.48,34,124.86,0.627,0,True,True,True,True,True
REP_07861,CHEMBL3924132,BOS-172722,CCOc1cc(-c2nncn2C)ccc1Nc1ncc2cc(C)nc(NCC(C)(C)C)c2n1,1.0,55.20330806340454,75.63749138525155,False,True,446.56,4.73,2,8,102.67,7,4,0.375,33,130.91,0.42,0,True,True,True,False,True
REP_06232,CHEMBL4210847,PF-00489791,CCOCCn1nc(C(=O)NS(C)(=O)=O)c2nc(N(C)CC)nc(Nc3cc(C)ccn3)c21,2.0,55.13439007580978,24.01791867677464,False,True,476.56,1.46,2,10,144.23,10,3,0.45,33,125.33,0.413,0,True,False,False,True,False
REP_00153,CHEMBL15770,SULINDAC,CC1=C(CC(=O)O)c2cc(F)ccc2/C1=C\c1ccc([S+](C)[O-])cc1,4.0,55.06547208821502,58.51137146795313,False,True,356.42,4.37,1,2,60.36,4,2,0.15,25,97.89,0.828,0,True,True,True,True,True
REP_06706,CHEMBL4748352,LXE-408,Cc1nc(C)c(C(=O)Nc2ccc(F)c(-c3nc4ncc(-c5ncccc5C)cn4n3)c2)o1,2.0,54.99655410062025,91.38525155065471,False,True,443.44,4.16,1,7,111.1,4,5,0.13,33,118.07,0.444,0,True,True,True,True,True
REP_01887,CHEMBL1552183,FOSTRIECIN SODIUM,C[C@@](O)(/C=C/[C@H]1CC=CC(=O)O1)[C@@H](C[C@@H](O)\C=C/C=C\C=C\CO)OP(=O)([O-])O,2.0,54.9276361130255,99.37973811164714,False,True,429.38,0.42,4,8,156.58,11,0,0.421,29,103.23,0.158,0,True,False,False,True,False
REP_06198,CHEMBL412272,TAURODEOXYCHOLIC ACID,C[C@H](CCC(=O)NCCS(=O)(=O)O)[C@H]1CC[C@H]2[C@@H]3CC[C@@H]4C[C@H](O)CC[C@]4(C)[C@H]3C[C@H](O)[C@]12C,2.0,54.85871812543074,24.01791867677464,False,True,499.71,3.4,4,5,123.93,7,0,0.962,34,130.44,0.398,0,True,True,True,False,True
REP_01169,CHEMBL5095404,BEMNIFOSBUVIR,CNc1nc(N)nc2c1ncn2[C@@H]1O[C@H](COP(=O)(N[C@@H](C)C(=O)OC(C)C)Oc2ccccc2)[C@@H](O)[C@@]1(C)F,3.0,54.789800137835975,67.8842177808408,False,True,581.54,2.57,4,12,184.97,11,3,0.5,40,143.17,0.191,2,False,False,False,False,False
REP_01552,CHEMBL1233800,MIVOBULIN,CCOC(=O)Nc1cc2c(c(N)n1)N=C(c1ccccc1)[C@H](C)N2,2.0,54.72088215024121,50.137835975189525,False,True,325.37,3.17,3,6,101.63,3,2,0.235,24,95.02,0.804,0,True,True,True,True,True
REP_07194,CHEMBL570015,GSK-256066,COc1cccc(Nc2c(C(N)=O)cnc3c(C)cc(S(=O)(=O)c4cccc(C(=O)N(C)C)c4)cc23)c1,2.0,54.65196416264645,50.137835975189525,False,True,518.6,3.93,2,7,131.69,7,4,0.148,37,141.19,0.379,1,True,True,False,False,True
REP_02366,CHEMBL1914489,AZD1981,CC(=O)Nc1cccc2c1c(Sc1ccc(Cl)cc1)c(C)n2CC(=O)O,2.0,54.583046175051685,33.76981392143349,False,True,388.88,4.8,2,3,71.33,5,3,0.158,26,104.19,0.658,0,True,True,True,True,True
REP_07302,CHEMBL6068034,TALORASIB,C=C(F)C(=O)N1CCN(c2nc(OC[C@@H]3CCCN3C)nc3c2CO[C@H](c2cccc4cccc(Cl)c24)C3)C[C@@H]1CC#N,2.0,54.51412818745693,92.0055134390076,False,True,605.11,4.98,0,8,94.82,7,3,0.438,43,161.56,0.349,1,True,True,True,False,True
REP_06151,CHEMBL402548,DANUSERTIB,CO[C@@H](C(=O)N1Cc2[nH]nc(NC(=O)c3ccc(N4CCN(C)CC4)cc3)c2C1)c1ccccc1,2.0,54.445210199862174,12.68090971743625,False,True,474.57,2.64,2,6,93.8,6,3,0.346,35,133.14,0.571,0,True,True,True,False,True
REP_06579,CHEMBL4594257,ROVAFOVIR ETALAFENAMIDE,CCOC(=O)[C@H](C)N[P@](=O)(CO[C@@H]1C=C(F)[C@H](n2cnc3c(N)ncnc32)O1)Oc1ccccc1,2.0,54.37629221226741,82.25361819434872,False,True,506.43,2.9,2,10,152.71,10,3,0.333,35,122.7,0.308,1,True,False,False,False,False
REP_06992,CHEMBL5314395,GW493838,CC(C)(C)c1nnc([C@H]2O[C@@H](n3cnc4c(Nc5ccc(Cl)cc5F)ncnc43)[C@H](O)[C@@H]2O)o1,2.0,54.30737422467264,94.9000689179876,False,True,489.9,3.03,3,10,144.24,4,4,0.381,34,117.89,0.391,0,True,False,False,False,False
REP_03718,CHEMBL2105791,TRIAMCINOLONE FURETONIDE,CC1(C)O[C@@H]2C[C@H]3[C@@H]4CCC5=CC(=O)C=C[C@]5(C)[C@@]4(F)[C@@H](O)C[C@]3(C)[C@]2(C(=O)COC(=O)c2cc3ccccc3o2)O1,2.0,54.23845623707789,75.63749138525155,False,True,578.63,5.03,1,8,112.27,4,2,0.545,42,148.01,0.503,2,False,True,True,False,True
REP_03777,CHEMBL2105968,AMCINAFAL,CCC1(CC)O[C@@H]2C[C@H]3[C@@H]4CCC5=CC(=O)C=C[C@]5(C)[C@@]4(F)[C@@H](O)C[C@]3(C)[C@]2(C(=O)CO)O1,2.0,54.16953824948312,75.63749138525155,False,True,462.56,3.2,2,6,93.06,4,0,0.769,33,117.83,0.667,0,True,True,True,True,True
REP_07989,CHEMBL4439321,ATUVECICLIB,COc1cc(F)ccc1-c1ncnc(Nc2cccc(C[S@](C)(=N)=O)c2)n1,1.0,54.10062026188835,94.21088904203997,False,True,387.44,3.61,2,7,100.85,6,3,0.167,27,101.99,0.67,0,True,True,True,True,True
REP_01497,CHEMBL12131,CLOSANTEL,Cc1cc(C(C#N)c2ccc(Cl)cc2)c(Cl)cc1NC(=O)c1cc(I)cc(I)c1O,2.0,54.03170227429359,91.38525155065471,False,True,663.08,7.12,2,3,73.12,4,3,0.091,30,136.59,0.292,2,False,True,False,False,True
REP_07326,CHEMBL6068070,RELICPIXANT,COC(=O)N1CCO[C@@H](Cc2c(-c3c(F)cc(S(N)(=O)=O)cc3F)nc3cc(Cl)ccn23)C1,2.0,53.96278428669883,48.38042729152309,False,True,500.91,2.59,1,6,116.23,4,3,0.3,33,114.35,0.588,1,True,True,True,False,True
REP_07704,CHEMBL219046,PSI-697,O=C(O)c1c(O)c(Cc2ccc(Cl)cc2)nc2c3c(ccc12)CCCC3,1.0,53.89386629910406,74.98277050310132,False,True,367.83,4.76,2,3,70.42,3,3,0.238,26,101.27,0.7,0,True,True,True,True,True
REP_03473,CHEMBL2105298,ROCEPAFANT,COc1ccc(NC(=S)N2CCc3c(sc4c3C(c3ccccc3Cl)=NCc3nnc(C)n3-4)C2)cc1,2.0,53.8249483115093,50.137835975189525,False,True,535.1,5.41,1,6,67.57,3,4,0.231,36,148.1,0.355,2,False,True,True,False,True
REP_08212,CHEMBL536151,IMD-0354,O=C(Nc1cc(C(F)(F)F)cc(C(F)(F)F)c1)c1cc(Cl)ccc1O,1.0,53.75603032391454,99.03514817367332,False,True,383.68,5.34,2,2,49.33,2,2,0.133,25,77.52,0.688,1,True,True,True,True,True
REP_06158,CHEMBL404519,BEVIRIMAT,C=C(C)[C@@H]1CC[C@]2(C(=O)O)CC[C@]3(C)[C@H](CC[C@@H]4[C@@]5(C)CC[C@H](OC(=O)CC(C)(C)C(=O)O)C(C)(C)[C@@H]5CC[C@]43C)[C@@H]12,2.0,53.68711233631978,75.63749138525155,False,True,584.84,8.14,2,4,100.9,6,0,0.861,42,162.52,0.241,2,False,True,False,False,True
REP_07915,CHEMBL4297219,ENSARTINIB HYDROCHLORIDE,C[C@@H]1CN(C(=O)c2ccc(NC(=O)c3cc(O[C@H](C)c4c(Cl)ccc(F)c4Cl)c(N)nn3)cc2)C[C@H](C)N1,1.0,53.61819434872501,91.38525155065471,False,True,561.45,4.72,3,7,122.47,6,3,0.308,38,144.27,0.373,1,True,True,True,False,True
REP_07619,CHEMBL1672627,LAS101057,O=C(Nc1cnc(-c2ccncc2F)c(-c2cccnc2)n1)C1CC1,1.0,53.54927636113025,63.40454858718125,False,True,335.34,3.09,1,5,80.66,4,3,0.167,25,89.81,0.792,0,True,True,True,True,True
REP_01117,CHEMBL4802214,LUFOTRELVIR,COc1cccc2[nH]c(C(=O)N[C@@H](CC(C)C)C(=O)N[C@@H](C[C@@H]3CCNC3=O)C(=O)COP(=O)(O)O)cc12,3.0,53.48035837353549,68.64231564438319,False,True,552.52,1.01,6,7,196.15,13,2,0.5,38,136.23,0.197,2,False,False,False,False,False
REP_02387,CHEMBL1950289,TANZISERTIB,O[C@H]1CC[C@H](Nc2ncc3nc(Nc4c(F)cc(F)cc4F)n([C@H]4CCOC4)c3n2)CC1,2.0,53.41144038594072,54.72088215024121,False,True,448.45,3.66,3,7,97.12,5,3,0.476,32,111.28,0.548,0,True,True,True,True,True
REP_06486,CHEMBL440498,CTS-1027,O=C(NO)C1(CS(=O)(=O)c2ccc(Oc3ccc(Cl)cc3)cc2)CCOCC1,2.0,53.34252239834597,83.32184700206754,False,True,425.89,3.21,2,6,101.93,6,2,0.316,28,102.44,0.544,0,True,True,True,True,True
REP_01295,CHEMBL103667,DORAMAPIMOD,Cc1ccc(-n2nc(C(C)(C)C)cc2NC(=O)Nc2ccc(OCCN3CCOCC3)c3ccccc23)cc1,2.0,53.2736044107512,24.01791867677464,False,True,527.67,5.99,2,5,80.65,7,4,0.355,39,156.34,0.309,2,False,True,False,False,True
REP_07074,CHEMBL5314516,EMIDURDAR,O=C(Nc1cc(C(F)(F)F)cc(C(F)(F)F)c1)Nc1ccc(Br)cc1-c1nnn[nH]1,2.0,53.204686423156446,99.1040661612681,False,True,495.18,5.31,3,4,95.59,3,3,0.125,30,96.4,0.43,1,True,True,True,False,True
REP_01855,CHEMBL151475,ABAPERIDONE,O=c1c(CO)coc2cc(OCCCN3CCC(c4noc5cc(F)ccc45)CC3)ccc12,2.0,53.13576843556168,75.63749138525155,False,True,452.48,4.21,1,7,88.94,7,4,0.36,33,120.9,0.42,0,True,True,True,True,True
REP_05219,CHEMBL273348,TOSUFLOXACIN,NC1CCN(c2nc3c(cc2F)c(=O)c(C(=O)O)cn3-c2ccc(F)cc2F)C1,2.0,53.06685044796692,42.24672639558925,False,True,404.35,2.04,2,5,101.45,3,3,0.211,29,98.98,0.693,0,True,True,True,True,True
REP_08183,CHEMBL5314601,DASATINIB LAURYLSULFATE,CCCCCCCCCCCCOS(=O)(=O)O.Cc1nc(Nc2ncc(C(=O)Nc3c(C)cccc3Cl)s2)cc(N2CCN(CCO)CC2)n1,1.0,52.99793246037216,62.99104066161267,False,True,754.42,7.04,4,12,170.11,19,3,0.588,50,201.39,0.073,3,False,False,False,False,False
REP_05930,CHEMBL3934885,FRILUGLANSTAT,COCc1nc2c(C(=O)Nc3cccc(Cl)c3C)cc(NC(=O)c3ccccc3C(F)(F)F)cc2[nH]1,2.0,52.9290144727774,60.50999310820124,False,True,516.91,6.19,3,4,96.11,6,4,0.16,36,130.35,0.284,2,False,True,False,False,True
REP_03680,CHEMBL2105590,UREDOFOS,CCOP(=O)(NC(=S)Nc1ccccc1NC(=O)NS(=O)(=O)c1ccc(C)cc1)OCC,2.0,52.86009648518264,82.4948311509304,False,True,500.54,3.97,4,7,134.86,9,2,0.263,32,127.18,0.298,1,True,True,False,False,True
REP_00472,CHEMBL1275868,AZELNIDIPINE,CC1=C(C(=O)OC(C)C)C(c2cccc([N+](=O)[O-])c2)C(C(=O)OC2CN(C(c3ccccc3)c3ccccc3)C2)=C(N)N1,3.0,52.79117849758788,75.63749138525155,False,True,582.66,4.69,2,9,137.03,9,3,0.273,43,160.29,0.209,1,True,True,False,False,True
REP_04166,CHEMBL2106769,MOPIDAMOL,OCCN(CCO)c1nc(N2CCCCC2)c2nc(N(CCO)CCO)ncc2n1,2.0,52.72226050999311,85.32046864231563,False,True,421.5,-1.01,4,11,142.2,11,2,0.684,30,113.96,0.354,1,True,False,False,False,False
REP_07716,CHEMBL2331680,RG-7603,CCNC(=O)Nc1ccc(-c2nc3c(c(N4CCOC[C@@H]4C)n2)CCN(C2COC2)C3)cc1,1.0,52.65334252239835,50.137835975189525,False,True,452.56,2.27,2,7,91.85,5,2,0.542,33,126.51,0.719,0,True,True,True,True,True
REP_01952,CHEMBL1614658,CARUMONAM,NC(=O)OC[C@@H]1[C@H](NC(=O)/C(=N\OCC(=O)O)c2csc(N)n2)C(=O)N1S(=O)(=O)O,2.0,52.58442453480359,84.56237077877327,False,True,466.41,-2.88,5,12,253.9,9,1,0.333,30,96.3,0.106,1,True,False,False,False,False
REP_07872,CHEMBL3958101,CVN-766,CCc1nc(C(F)(F)F)cnc1N[C@H]1CCC[C@@H]1NC(=O)c1ncccc1-n1nccn1,1.0,52.51550654720882,87.87043418332185,False,True,446.44,2.8,2,7,110.51,6,3,0.4,32,108.08,0.599,0,True,True,True,True,True
REP_06464,CHEMBL431651,ENRASENTAN,CCCOc1ccc2c(c1)[C@@H](c1ccc(OC)cc1OCCO)[C@H](C(=O)O)[C@H]2c1ccc2c(c1)OCO2,2.0,52.44658855961406,91.38525155065471,False,True,506.55,4.56,2,7,103.68,10,3,0.345,37,135.18,0.413,1,True,True,True,False,True
REP_04384,CHEMBL2107178,LUFURADOM,CN1c2cc(F)ccc2C(c2ccccc2)=NCC1CNC(=O)c1ccoc1,2.0,52.3776705720193,64.2315644383184,False,True,377.42,3.5,1,4,57.84,4,3,0.182,28,106.58,0.757,0,True,True,True,True,True
REP_07840,CHEMBL3696475,MK-7145,Cc1c([C@@H](O)CN2CCN(C[C@H](O)c3ccc4c(c3C)COC4=O)CC2)ccc2c1COC2=O,1.0,52.30875258442453,77.25706409372847,False,True,466.53,2.03,2,8,99.54,6,2,0.462,34,123.4,0.624,0,True,True,True,True,True
REP_07709,CHEMBL229430,AMG-517,CC(=O)Nc1nc2c(Oc3cc(-c4ccc(C(F)(F)F)cc4)ncn3)cccc2s1,1.0,52.23983459682977,71.12336319779462,False,True,430.41,5.52,1,6,77.0,4,4,0.1,30,106.47,0.461,1,True,True,True,True,True
REP_04834,CHEMBL2110939,GLICETANILE,COc1ccc(Cl)cc1NC(=O)Cc1ccc(S(=O)(=O)Nc2ncc(CC(C)C)cn2)cc1,2.0,52.17091660923501,71.39903514817367,False,True,489.0,4.32,2,6,110.28,9,3,0.261,33,128.16,0.464,0,True,True,True,False,True
REP_05950,CHEMBL3977543,BELVARAFENIB,Cc1ccc2c(Nc3cccc(Cl)c3F)nccc2c1NC(=O)c1csc2c(N)ncnc12,2.0,52.10199862164024,91.38525155065471,False,True,478.94,5.92,3,7,105.82,4,5,0.043,33,130.95,0.296,1,True,True,False,False,True
REP_01900,CHEMBL1566249,AMPIROXICAM,CCOC(=O)OC(C)OC1=C(C(=O)Nc2ccccn2)N(C)S(=O)(=O)c2ccccc21,2.0,52.03308063404548,56.305995864920746,False,True,447.47,2.56,1,8,124.13,6,2,0.25,31,109.83,0.529,0,True,True,True,True,True
REP_07153,CHEMBL5415395,ENVUDEUCITINIB,[2H]C([2H])([2H])CC(=O)c1cnc(NC(=O)C2CC2)cc1Nc1cccc(-c2ncn(C([2H])([2H])[2H])n2)c1OC,2.0,51.96416264645072,76.56788421778084,False,True,426.51,3.57,2,7,111.03,8,3,0.318,31,116.49,0.53,0,True,True,True,True,True
REP_07616,CHEMBL1650595,AR-12,NCC(=O)Nc1ccc(-n2nc(C(F)(F)F)cc2-c2ccc3c(ccc4ccccc43)c2)cc1,1.0,51.89524465885596,45.0723638869745,False,True,460.46,5.76,2,3,72.94,4,5,0.077,34,126.7,0.335,1,True,True,True,False,True
REP_08109,CHEMBL494089,GSK-690693,CCn1c(-c2nonc2N)nc2c(C#CC(C)(C)O)ncc(OC[C@H]3CCCNC3)c21,1.0,51.82632667126119,80.42729152308753,False,True,425.49,1.58,3,9,137.14,5,3,0.524,31,115.17,0.52,0,True,True,False,True,True
REP_06567,CHEMBL4594225,VINTIAMOL,CC(=C(CCO)SC=CC(=O)c1ccccc1)N(C=O)Cc1cnc(C)nc1N,2.0,51.75740868366644,74.91385251550655,False,True,412.52,3.07,2,7,109.41,10,2,0.238,29,114.69,0.351,0,True,True,True,True,True
REP_07274,CHEMBL6067984,CLOFEZONE,CCCCC1C(=O)N(c2ccccc2)N(c2ccccc2)C1=O.CCN(CC)CCNC(=O)COc1ccc(Cl)cc1,2.0,51.68849069607168,41.4197105444521,False,True,593.17,5.96,1,5,82.19,13,3,0.364,42,168.62,0.248,2,False,False,False,False,False
REP_05784,CHEMBL363387,LIDORESTAT,O=C(O)Cn1cc(Cc2nc3c(F)c(F)cc(F)c3s2)c2ccccc21,2.0,51.61957270847692,94.76223294279808,False,True,376.36,4.34,1,3,55.12,4,4,0.111,26,91.87,0.539,0,True,True,True,True,True
REP_00970,CHEMBL4297258,FIRMONERTINIB,C=CC(=O)Nc1cc(Nc2nccc(-c3cn(C)c4ccccc34)n2)c(OCC(F)(F)F)nc1N(C)CCN(C)C,3.0,51.55065472088215,84.90696071674707,False,True,568.6,4.84,2,8,100.44,11,4,0.286,41,153.67,0.248,1,True,False,True,False,False
REP_06500,CHEMBL4444976,CCX354,COc1cc(N2CCN(C(=O)Cn3nc(-c4ncc[nH]4)c4cccnc43)CC2)ccc1Cl,2.0,51.48173673328738,50.137835975189525,False,True,451.92,2.83,1,6,92.17,5,4,0.273,32,121.91,0.501,0,True,True,True,True,True
REP_08010,CHEMBL4563818,GSK-3186899,C[C@H]1CN(c2n[nH]c3nc(N[C@H]4CC[C@H](NS(=O)(=O)CCC(F)(F)F)CC4)ncc23)CCO1,1.0,51.41281874569263,59.407305306685046,False,True,491.54,2.17,3,8,125.13,7,2,0.737,33,116.57,0.538,0,True,True,True,False,True
REP_01191,CHEMBL5314459,FAZAMOREXANT,Cc1ccc(-c2ncccn2)c(C(=O)N2[C@H]3CC[C@@H](COc4ccc(F)cn4)[C@@H]2CC3)c1,3.0,51.343900758097874,91.38525155065471,False,True,432.5,4.45,0,5,68.21,5,3,0.36,32,117.6,0.596,0,True,True,True,True,True
REP_06720,CHEMBL4779773,ZELATRIAZIN,C[C@H](NC(=O)Cn1nnc2ccccc2c1=O)c1ccc(OC(F)(F)F)cc1,2.0,51.27498277050311,56.23707787732598,False,True,392.34,2.57,1,5,86.11,5,3,0.222,28,93.48,0.721,0,True,True,True,True,True
REP_03306,CHEMBL2105093,GLISAMURIDE,CC1CCC(NC(=O)NS(=O)(=O)c2ccc(CCNC(=O)N(C)c3ccccn3)cc2)CC1,2.0,51.20606478290834,84.8380427291523,False,True,473.6,3.04,3,5,120.5,7,2,0.435,33,126.46,0.571,0,True,True,True,True,True
REP_01009,CHEMBL4297598,LINRODOSTAT,C[C@@H](C(=O)Nc1ccc(Cl)cc1)C1CCC(c2ccnc3ccc(F)cc23)CC1,3.0,51.13714679531358,80.49620951068228,False,True,410.92,6.58,1,2,41.99,4,3,0.333,29,115.65,0.528,1,True,True,False,False,True
REP_05924,CHEMBL3916243,ATABECESTAT,C[C@@]1(c2cc(NC(=O)c3ccc(C#N)cn3)ccc2F)C=CSC(N)=N1,2.0,51.06822880771882,71.5368711233632,False,True,367.41,3.14,2,6,104.16,3,2,0.111,26,99.01,0.867,0,True,True,True,True,True
REP_07897,CHEMBL4169078,SRA-737,N#Cc1cnc(Nc2cc(NC[C@H]3CNCCO3)c(C(F)(F)F)cn2)cn1,1.0,50.99931082012405,62.37077877325983,False,True,379.35,1.91,3,8,107.78,5,2,0.375,27,90.37,0.723,0,True,True,True,True,True
REP_00959,CHEMBL4285417,CERALASERTIB,C[C@@H]1COCCN1c1cc(C2([S@](C)(=N)=O)CC2)nc(-c2cc[nH]c3nccc2-3)n1,3.0,50.93039283252929,91.38525155065471,False,True,412.52,2.86,2,7,107.85,4,1,0.45,29,111.56,0.682,0,True,True,True,True,True
REP_06176,CHEMBL4080062,BFH-772,O=C(Nc1cccc(C(F)(F)F)c1)c1cccc2cc(Oc3cc(CO)ncn3)ccc12,2.0,50.86147484493453,93.17711922811854,False,True,439.39,5.19,2,5,84.34,5,4,0.087,32,111.37,0.447,1,True,True,True,True,True
REP_06628,CHEMBL4633566,DS-1971,Cn1nccc1[C@H]1CCCC[C@@H]1Oc1cc(F)c(S(=O)(=O)Nc2ccncn2)cc1Cl,2.0,50.79255685733977,50.137835975189525,False,True,465.94,3.91,1,6,99.0,6,3,0.35,31,113.08,0.592,0,True,True,True,True,True
REP_07653,CHEMBL1980391,RG-1530,COc1cc2c(cc1F)C(c1ccccc1Cl)=Nc1c(n[nH]c1C)N2,1.0,50.723638869745,50.137835975189525,False,True,356.79,4.75,2,4,62.3,2,3,0.111,25,96.31,0.545,0,True,True,True,True,True
REP_08230,CHEMBL574738,AST-487,CCN1CCN(Cc2ccc(NC(=O)Nc3ccc(Oc4cc(NC)ncn4)cc3)cc2C(F)(F)F)CC1,1.0,50.65472088215024,91.38525155065471,False,True,529.57,5.11,3,7,94.65,8,3,0.346,38,139.57,0.373,2,False,True,True,False,True
REP_00019,CHEMBL111,RIMONABANT,Cc1c(C(=O)NN2CCCCC2)nn(-c2ccc(Cl)cc2Cl)c1-c1ccc(Cl)cc1,4.0,50.58580289455548,50.137835975189525,False,True,463.8,5.94,1,3,50.16,4,3,0.273,30,121.66,0.521,1,True,True,False,False,True
REP_05566,CHEMBL3260567,VACTOSERTIB,Cc1cccc(-c2[nH]c(CNc3ccccc3F)nc2-c2ccc3ncnn3c2)n1,2.0,50.51688490696071,65.26533425223984,False,True,399.43,4.24,2,5,83.79,5,5,0.091,30,112.26,0.462,0,True,True,True,True,True
REP_05760,CHEMBL3580737,MK-0941 FREE BASE,CCS(=O)(=O)c1ccc(Oc2cc(O[C@@H](C)CO)cc(C(=O)Nc3ccn(C)n3)c2)cn1,2.0,50.44796691936595,81.736733287388,False,True,460.51,2.41,2,8,132.64,9,3,0.286,32,116.82,0.497,0,True,True,False,True,True
REP_01116,CHEMBL4802161,DALPICICLIB,CC(=O)c1c(C)c2cnc(Nc3ccc(C4CCNCC4)cn3)nc2n(C2CCCC2)c1=O,3.0,50.37904893177119,50.137835975189525,False,True,446.56,4.02,2,7,101.8,5,3,0.48,33,128.41,0.571,0,True,True,True,True,True
REP_01198,CHEMBL5314576,ICLEPERTIN,C[C@@H](Oc1ccc(S(C)(=O)=O)cc1C(=O)N1C[C@@H]2C[C@]2(c2cc(C(F)(F)F)on2)C1)C(F)(F)F,3.0,50.31013094417642,50.137835975189525,False,True,512.43,3.84,0,6,89.71,5,2,0.5,34,102.89,0.566,1,True,True,True,False,True
REP_07650,CHEMBL1963502,PKI-166,C[C@@H](Nc1ncnc2[nH]c(-c3ccc(O)cc3)cc12)c1ccccc1,1.0,50.24121295658166,80.22053756030324,False,True,330.39,4.5,3,4,73.83,4,4,0.1,25,99.47,0.515,0,True,True,True,True,True
REP_00729,CHEMBL222645,FLOXACILLIN,Cc1onc(-c2c(F)cccc2Cl)c1C(=O)N[C@@H]1C(=O)N2[C@@H]1SC(C)(C)[C@@H]2C(=O)O,3.0,50.17229496898691,67.67746381805651,False,True,453.88,2.69,2,6,112.74,4,2,0.368,30,106.63,0.684,0,True,True,True,True,True
REP_06119,CHEMBL3989910,CAVOSONSTAT,O=C(O)c1ccc(-c2ccc3cc(O)ccc3n2)c(Cl)c1,2.0,50.10337698139215,91.38525155065471,False,True,299.71,3.96,2,3,70.42,2,3,0.0,21,80.81,0.751,0,True,True,True,True,True
REP_07030,CHEMBL5314463,FULZERASIB,C=CC(=O)N1CCN2c3c(c(=O)n(-c4c(C)ccnc4C(C)C)c4nc(-c5c(O)cccc5F)c(Cl)cc34)N(C)C(=O)[C@H]2C1,2.0,50.03445899379738,24.01791867677464,False,True,617.08,4.56,1,7,111.87,4,4,0.281,44,167.35,0.335,1,True,True,True,False,True
REP_06432,CHEMBL4297674,BRANEBRUTINIB,CC#CC(=O)N[C@H]1CCCN(c2c(F)cc(C(N)=O)c3[nH]c(C)c(C)c23)C1,2.0,49.96554100620262,91.38525155065471,False,True,370.43,2.13,3,3,91.22,3,2,0.4,27,103.08,0.723,0,True,True,True,True,True
REP_06274,CHEMBL4297083,AMOXYDRAMINE CAMSILATE,CC1(C)C2CCC1(CS(=O)(=O)O)C(=O)C2.C[N+](C)([O-])CCOC(c1ccccc1)c1ccccc1,2.0,49.896623018607855,77.46381805651275,False,True,503.66,4.64,1,5,103.73,8,2,0.519,35,136.0,0.32,1,True,True,True,False,True
REP_00201,CHEMBL2103855,TELOTRISTAT,Cc1ccn(-c2cc(Cl)ccc2[C@@H](Oc2cc(-c3ccc(C[C@H](N)C(=O)O)cc3)nc(N)n2)C(F)(F)F)n1,4.0,49.82770503101309,8.339076498966225,False,True,546.94,4.51,3,7,142.17,8,4,0.2,38,133.93,0.293,1,True,False,False,False,False
REP_04407,CHEMBL2107228,SOLIMASTAT,CO[C@H](C(=O)NO)[C@@H](CC(C)C)C(=O)N[C@H](C(=O)Nc1ccccn1)C(C)(C)C,2.0,49.75878704341833,65.95451412818745,False,True,408.5,1.73,4,6,129.65,9,1,0.6,29,107.92,0.364,0,True,True,True,True,True
REP_00292,CHEMBL421,SULFASALAZINE,O=C(O)c1cc(/N=N/c2ccc(S(=O)(=O)Nc3ccccn3)cc2)ccc1O,4.0,49.68986905582357,50.137835975189525,False,True,398.4,3.7,3,7,141.31,6,3,0.0,28,100.73,0.541,0,True,False,False,True,False
REP_00730,CHEMBL223360,LINIFANIB,Cc1ccc(F)c(NC(=O)Nc2ccc(-c3cccc4[nH]nc(N)c34)cc2)c1,3.0,49.620951068228806,91.86767746381804,False,True,375.41,4.9,4,3,95.83,3,4,0.048,28,109.72,0.41,0,True,True,True,True,True
REP_06729,CHEMBL4795907,DARIZMETINIB,CCCS(=O)(=O)Nc1c(F)ccc(C(=O)c2n[nH]c3ncc(-c4ccncc4)cc23)c1F,2.0,49.55203308063405,86.69882839421089,False,True,457.46,3.68,2,6,117.7,7,4,0.143,32,114.61,0.409,0,True,True,True,True,True
REP_03867,CHEMBL2106169,BRINDOXIME,CC(O/N=C1\c2ncncc2-c2cc(Br)cc(Br)c21)C(=O)NCCN(C)C,2.0,49.48311509303929,46.519641626464505,False,True,497.19,2.82,1,6,79.71,6,2,0.333,27,110.62,0.531,0,True,True,True,False,True
REP_05921,CHEMBL3911164,VAREGACESTAT,Cc1cccc2c1NC(=O)[C@@H](NC(=O)[C@H](CCC(F)(F)F)[C@H](CCC(F)(F)F)C(N)=O)N=C2c1cccc(F)c1,2.0,49.41419710544452,91.38525155065471,False,True,574.5,4.77,3,4,113.65,9,2,0.385,40,130.53,0.375,1,True,True,True,False,True
REP_07877,CHEMBL398338,ABT-102,CC(C)(C)c1ccc2c(c1)CC[C@H]2NC(=O)Nc1cccc2[nH]ncc12,1.0,49.34527911784976,54.99655410062025,False,True,348.45,4.67,3,2,69.81,2,3,0.333,26,104.45,0.63,0,True,True,True,True,True
REP_02552,CHEMBL2103852,CROLIBULIN,COc1cc([C@H]2C(C#N)=C(N)Oc3c2ccc(N)c3N)cc(Br)c1OC,2.0,49.276361130255,37.49138525155066,False,True,417.26,2.85,3,7,129.54,3,2,0.167,26,101.81,0.655,0,True,True,True,True,True
REP_01006,CHEMBL4297583,TEGOPRAZAN,Cc1nc2cc(C(=O)N(C)C)cc(O[C@H]3CCOc4cc(F)cc(F)c43)c2[nH]1,3.0,49.20744314266023,50.137835975189525,False,True,387.39,3.75,1,4,67.45,3,3,0.3,28,98.69,0.743,0,True,True,True,True,True
REP_06583,CHEMBL4594274,POSENACAFTOR,Cc1c(-c2cc(C(=O)O)c3c(O[C@H](C)C4CCOCC4)ccc(C)c3n2)oc2ccccc12,2.0,49.13852515506547,90.97174362508616,False,True,445.52,6.16,1,5,81.79,5,4,0.333,33,127.02,0.396,1,True,True,False,False,True
REP_06436,CHEMBL4298152,TIGOLANER,Cn1nc(C(F)(F)C(F)(F)F)c(C(F)(F)F)c1-n1cc(-c2ccc(Cl)c(C(=O)NC3(C#N)CC3)c2)cn1,2.0,49.06960716747071,61.1302549965541,False,True,552.81,5.39,1,4,88.53,5,3,0.333,37,110.77,0.43,2,False,True,True,False,True
REP_00173,CHEMBL175247,ORLISTAT,CCCCCCCCCCC[C@@H](C[C@@H]1OC(=O)[C@H]1CCCCCC)OC(=O)[C@H](CC(C)C)NC=O,4.0,49.00068917987595,91.38525155065471,False,True,495.75,6.88,1,5,81.7,23,0,0.897,35,140.91,0.095,1,True,False,False,False,False
REP_01375,CHEMBL114395,PINADOLINE,O=C(CCCCCl)NNC(=O)N1Cc2ccccc2Oc2ccc(Cl)cc21,2.0,48.93177119228118,61.6815988973122,False,True,408.29,4.6,2,3,70.67,4,2,0.263,27,105.4,0.441,0,True,True,True,True,True
REP_03817,CHEMBL2106071,CLOMOCYCLINE,CN(C)[C@@H]1C(O)=C(C(=O)NCO)C(=O)[C@@]2(O)C(O)=C3C(=O)c4c(O)ccc(Cl)c4[C@@](C)(O)[C@H]3C[C@@H]12,2.0,48.86285320468642,57.13301171605789,False,True,508.91,0.02,7,10,187.86,3,1,0.435,35,120.59,0.216,2,False,False,False,False,False
REP_07943,CHEMBL4297384,GSK-356278,CCn1ncc2c(NC3CCOCC3)c(-c3nnc(Cc4sc(C)nc4C)o3)cnc21,1.0,48.79393521709167,91.38525155065471,False,True,439.55,3.76,1,9,103.78,6,4,0.476,31,118.35,0.484,0,True,True,True,True,True
REP_01356,CHEMBL1096842,PRANIDIPINE,COC(=O)C1=C(C)NC(C)=C(C(=O)OC/C=C/c2ccccc2)C1c1cccc([N+](=O)[O-])c1,2.0,48.725017229496906,60.44107512060648,False,True,448.48,4.26,1,7,107.77,7,2,0.2,33,122.82,0.383,0,True,True,True,True,True
REP_04681,CHEMBL2110610,FANDOSENTAN,CCc1cc(C2=C(C(=O)O)N(c3ccccc3C(F)(F)F)S(=O)(=O)c3ccccc32)cc2c1OCO2,2.0,48.65609924190214,50.137835975189525,False,True,517.48,5.05,1,5,93.14,4,3,0.16,36,123.15,0.521,2,False,True,True,False,True
REP_07863,CHEMBL3931672,MK-8876,CNC(=O)c1c(-c2ccc(F)cc2)oc2cc(N(C)S(C)(=O)=O)c(-c3ccc4c(n3)-c3cc5c(F)cccc5n3CO4)cc12,1.0,48.587181254307374,75.63749138525155,False,True,614.63,6.17,1,6,106.67,5,6,0.125,44,162.99,0.249,2,False,True,False,False,True
REP_00887,CHEMBL3707376,CADAZOLID,O=C(O)c1cn(C2CC2)c2cc(N3CCC(O)(COc4ccc(N5C[C@H](CO)OC5=O)cc4F)CC3)c(F)cc2c1=O,3.0,48.518263266712616,50.137835975189525,False,True,585.56,3.04,3,8,141.77,8,3,0.414,42,146.39,0.364,1,True,False,False,False,False
REP_07937,CHEMBL4297359,BIIB-028,COc1c(C)cnc(Cn2cc(C#CCCOP(=O)(O)O)c3c(Cl)nc(N)nc32)c1C,1.0,48.44934527911785,75.80978635423845,False,True,465.83,2.59,3,7,145.61,6,3,0.316,31,115.81,0.216,0,True,False,False,True,False
REP_07020,CHEMBL5314447,VULOLISIB,C[C@H](Nc1ccc2c(c1)OCCn1cc(N3C(=O)SC[C@H]3C(F)F)nc1-2)C(N)=O,2.0,48.38042729152309,91.38525155065471,False,True,423.45,2.54,2,6,102.48,5,2,0.389,29,105.56,0.766,0,True,True,True,True,True
REP_02239,CHEMBL1819077,ONO-2333MS,CCC(CC)Nc1c2c(nc3c(-c4ccc(OC)cc4Cl)c(C)nn13)CCC2,2.0,48.311509303928325,91.38525155065471,False,True,398.94,5.46,1,4,51.45,6,3,0.455,28,114.74,0.599,1,True,True,True,True,True
REP_07190,CHEMBL564829,MILCICLIB,CNC(=O)c1nn(C)c2c1C(C)(C)Cc1cnc(Nc3ccc(N4CCN(C)CC4)cc3)nc1-2,2.0,48.24259131633356,50.137835975189525,False,True,460.59,2.57,2,7,91.21,4,3,0.44,34,133.79,0.618,0,True,True,True,False,True
REP_06350,CHEMBL4297400,MB-07803,CCOC(=O)C(C)(C)NP(=O)(NC(C)(C)C(=O)OCC)c1ccc(-c2nc(N)sc2C(=O)C(C)(C)C)o1,2.0,48.1736733287388,24.01791867677464,False,True,556.62,3.9,3,10,162.85,11,2,0.583,37,142.95,0.209,1,True,False,False,False,False
REP_07166,CHEMBL551813,BI-671800,CN(C)c1nc(Cc2ccc(NC(=O)c3ccc(C(F)(F)F)cc3)cc2)nc(N(C)C)c1CC(=O)O,2.0,48.10475534114404,68.4355616815989,False,True,501.51,4.1,2,6,98.66,8,3,0.28,36,130.67,0.48,1,True,True,True,False,True
REP_08043,CHEMBL4650218,DANUGLIPRON TROMETHAMINE,N#Cc1ccc(COc2cccc(C3CCN(Cc4nc5ccc(C(=O)O)cc5n4C[C@@H]4CCO4)CC3)n2)c(F)c1.NC(CO)(CO)CO,1.0,48.03583735354927,50.137835975189525,False,True,676.75,2.55,5,11,200.21,12,4,0.429,49,176.16,0.147,2,False,False,False,False,False
REP_07086,CHEMBL5314532,NERANDOMILAST,[O-][S+]1CCc2nc(N3CCC(c4ncc(Cl)cn4)CC3)nc(NC3(CO)CCC3)c21,2.0,47.96691936595452,66.64369400413509,False,True,448.98,2.29,2,8,110.12,5,2,0.6,30,115.53,0.67,0,True,True,True,True,True
REP_07869,CHEMBL3945199,BMS-852927,CC(C)(O)c1cn(-c2ccc(-c3cc(F)c(CO)c(S(C)(=O)=O)c3)cc2F)c(C(C)(C)c2c(Cl)cccc2Cl)n1,1.0,47.89800137835976,24.01791867677464,False,True,609.52,6.57,2,5,92.42,7,4,0.276,40,151.78,0.247,2,False,True,False,False,True
REP_05737,CHEMBL3545396,BMS-690514,COc1cccc(Nc2ncnn3ccc(CN4CC[C@@H](N)[C@H](O)C4)c23)c1,2.0,47.82908339076499,54.30737422467264,False,True,368.44,1.38,3,7,100.94,5,3,0.368,27,103.14,0.625,0,True,True,True,True,True
REP_00997,CHEMBL4297505,CENERIMOD,CCc1cc(-c2noc(-c3cc(OC)nc(C4CCCC4)c3)n2)cc(C)c1OC[C@@H](O)CO,3.0,47.76016540317023,84.01102687801516,False,True,453.54,4.07,2,8,110.73,9,3,0.48,33,123.43,0.499,0,True,True,True,True,True
REP_04378,CHEMBL2107164,THENIUM CLOSYLATE,C[N+](C)(CCOc1ccccc1)Cc1cccs1.O=S(=O)([O-])c1ccc(Cl)cc1,2.0,47.69124741557547,50.137835975189525,False,True,454.01,4.65,0,5,66.43,7,3,0.238,29,116.35,0.386,0,True,True,True,True,True
REP_07033,CHEMBL5314467,IZUMEROGANT,CC(C)(O)CCn1ncc(-c2onc(-c3c(F)cccc3Cl)c2-c2ncccn2)c1C(F)(F)F,2.0,47.6223294279807,85.5961405926947,False,True,495.86,5.63,1,6,89.86,6,4,0.273,34,115.07,0.348,1,True,True,True,False,True
REP_01610,CHEMBL1270562,SALAZOSULFATHIAZOLE,O=C(O)c1cc(/N=N/c2ccc(S(=O)(=O)Nc3nccs3)cc2)ccc1O,2.0,47.55341144038594,29.427980702963477,False,True,404.43,3.76,3,8,141.31,6,3,0.0,27,98.61,0.534,0,True,False,False,True,False
REP_06128,CHEMBL3989967,LOTAMILAST,CNc1nc(-c2cccc(NC(=O)c3ccc(C(=O)OC)cc3)c2)c2cc(OC)c(OC)cc2n1,2.0,47.48449345279118,75.63749138525155,False,True,472.5,4.39,2,8,111.67,7,4,0.154,35,133.36,0.381,0,True,True,True,False,True
REP_08097,CHEMBL4803710,PARENT OF BMS-986202,CNC(=O)c1cnc(NC(=O)C2CC2)cc1Nc1cccc(-c2ncc(F)cn2)c1OC,1.0,47.41557546519641,91.38525155065471,False,True,436.45,3.14,3,7,118.13,7,3,0.227,32,116.24,0.521,0,True,True,True,True,True
REP_07803,CHEMBL3544932,TAK-901,CCS(=O)(=O)c1cccc(-c2cc(C(=O)NC3CCN(C)CC3)c(C)c3[nH]c4ncc(C)cc4c23)c1,1.0,47.34665747760165,91.38525155065471,False,True,504.66,4.62,2,5,95.16,5,4,0.357,36,144.22,0.414,1,True,True,True,False,True
REP_02747,CHEMBL2104203,DENOTIVIR,Cc1nsc(NC(=O)c2ccccc2)c1C(=O)Nc1ccc(Cl)cc1,2.0,47.27773949000689,50.137835975189525,False,True,371.85,4.61,2,4,71.09,4,3,0.056,25,100.65,0.703,0,True,True,True,True,True
REP_06845,CHEMBL5095063,ENVONALKIB,COc1cc(N2CCNC[C@@H]2C)ncc1-c1cnc(N)c(O[C@H](C)c2c(Cl)ccc(F)c2Cl)c1,2.0,47.208821502412135,50.137835975189525,False,True,506.41,5.12,2,7,85.53,6,3,0.333,34,133.57,0.449,2,False,True,True,False,True
REP_02404,CHEMBL1967878,CENISERTIB,Cc1cc(Nc2ncc(F)c(NC3C4C=CC(C4)C3C(N)=O)n2)ccc1N1CCN(C)CC1,2.0,47.13990351481737,50.137835975189525,False,True,451.55,2.51,3,7,99.41,6,2,0.458,33,126.99,0.581,0,True,True,True,True,True
REP_08193,CHEMBL5314920,JNJ-64264681,C=CC(=O)N[C@H]1CCC[C@H]1NC(=O)c1sc2nccc3c2c1NC(=O)N3c1cnc(CC(C)C)cc1C,1.0,47.07098552722261,50.137835975189525,False,True,518.64,4.83,3,6,116.32,7,3,0.37,37,145.53,0.387,1,True,True,True,False,True
REP_07988,CHEMBL4439259,AZD-7648,Cc1cc2ncnn2cc1Nc1ncc2c(n1)n(C1CCOCC1)c(=O)n2C,1.0,47.002067539627845,75.5341144038594,False,True,380.41,1.58,1,7,104.16,3,4,0.389,28,102.87,0.575,0,True,True,True,True,True
REP_05141,CHEMBL249973,LINTITRIPT,O=C(O)Cn1c(C(=O)Nc2nc(-c3ccccc3Cl)cs2)cc2ccccc21,2.0,46.93314955203308,82.90833907649898,False,True,411.87,4.76,2,4,84.22,5,4,0.05,28,110.09,0.496,0,True,True,True,True,True
REP_01933,CHEMBL1603949,BITHIONOLOXIDE,[O-][S+](c1cc(Cl)cc(Cl)c1O)c1cc(Cl)cc(Cl)c1O,2.0,46.86423156443832,97.24328049620952,False,True,372.06,4.88,2,3,63.52,2,2,0.0,20,80.93,0.739,0,True,True,True,True,True
REP_05205,CHEMBL26984,BUQUINERAN,CCCCNC(=O)NC1CCN(c2ncnc3cc(OC)c(OC)cc23)CC1,2.0,46.795313576843554,80.90971743625086,False,True,387.48,2.72,2,6,88.61,7,2,0.55,28,109.32,0.71,0,True,True,True,True,True
REP_05956,CHEMBL3984441,NINGETINIB,Cc1c(C(=O)Nc2ccc(Oc3ccnc4cc(OCC(C)(C)O)ccc34)c(F)c2)c(=O)n(-c2ccccc2)n1C,2.0,46.7263955892488,86.21640248104755,False,True,556.59,5.37,2,6,107.61,8,5,0.194,41,153.71,0.266,2,False,True,True,False,True
REP_08263,CHEMBL6068524,SGR-1505,C[C@@]1(C(F)(F)F)CN(C(=O)Nc2cnc(-n3nccn3)c(Cl)c2)c2cnc3cc(F)nn3c21,1.0,46.65747760165403,50.137835975189525,False,True,481.8,3.37,1,6,106.13,2,4,0.222,33,106.88,0.44,0,True,True,True,False,True
REP_02736,CHEMBL2104190,CLAZURIL,N#CC(c1ccc(Cl)cc1)c1ccc(-n2ncc(=O)[nH]c2=O)cc1Cl,2.0,46.588559614059264,73.53549276361132,False,True,373.2,2.88,1,4,91.54,3,3,0.059,25,94.37,0.764,0,True,True,True,True,True
REP_05535,CHEMBL3219124,AZD-1656,COC[C@H](C)Oc1cc(Oc2cnc(C(=O)N3CCC3)cn2)cc(C(=O)Nc2cnc(C)cn2)c1,2.0,46.519641626464505,91.38525155065471,False,True,478.51,2.88,1,9,128.66,9,3,0.333,35,125.76,0.493,0,True,True,True,True,True
REP_00507,CHEMBL15413,FLOMOXEF,CO[C@@]1(NC(=O)CSC(F)F)C(=O)N2C(C(=O)O)=C(CSc3nnnn3CCO)CO[C@@H]21,3.0,46.45072363886974,78.77325982081324,False,True,496.47,-1.29,3,11,169.0,11,1,0.6,32,103.22,0.189,1,True,False,False,False,False
REP_05258,CHEMBL278570,SULUKAST,CCCCCCCCC/C=C\C=C\[C@@H](SCCC(=O)O)[C@@H](O)c1cccc(-c2nnn[nH]2)c1,2.0,46.38180565127499,89.17987594762234,False,True,472.66,5.73,3,6,111.99,17,2,0.52,33,133.96,0.199,1,True,False,True,False,False
REP_06656,CHEMBL4650343,IZENCITINIB,Cc1cc(Nc2cc3ncccc3c(N[C@@H]3C[C@H]4CC[C@@H](C3)N4CCC#N)n2)n[nH]1,2.0,46.31288766368022,81.59889731219849,False,True,402.51,3.73,3,7,105.55,6,3,0.455,30,116.54,0.577,0,True,True,True,True,True
REP_00527,CHEMBL1672973,ENCALERET,Cc1cc(-c2ccccc2[C@@H](C)OC[C@H](O)CNC(C)(C)Cc2ccc(Cl)c(F)c2)ccc1C(=O)O,3.0,46.24396967608546,24.328049620951063,False,True,514.04,6.2,3,4,78.79,11,3,0.345,36,141.14,0.284,2,False,False,False,False,False
REP_05651,CHEMBL34234,IBROLIPIM,CCOP(=O)(Cc1ccc(C(=O)Nc2ccc(Br)cc2C#N)cc1)OCC,2.0,46.1750516884907,79.1867677463818,False,True,451.26,5.34,1,5,88.42,8,2,0.263,27,107.81,0.548,1,True,True,True,True,True
REP_05278,CHEMBL280164,APAFANT,Cc1nnc2n1-c1sc(CCC(=O)N3CCOCC3)cc1C(c1ccccc1Cl)=NC2,2.0,46.10613370089594,75.63749138525155,False,True,455.97,3.43,0,6,72.61,4,3,0.364,31,120.49,0.604,0,True,True,True,True,True
REP_01244,CHEMBL6068536,ASK-120067,C=CC(=O)Nc1cc(Nc2ncc(Cl)c(Nc3ccc4ccccc4c3)n2)c(OC)cc1N(C)CCN(C)C,3.0,46.03721571330117,91.38525155065471,False,True,546.08,5.9,3,8,94.65,11,4,0.207,39,161.2,0.2,2,False,False,False,False,False
REP_00427,CHEMBL1184904,RETASPIMYCIN,C=CCNc1c(O)cc2c(O)c1C[C@@H](C)C[C@H](OC)[C@H](O)[C@@H](C)/C=C(\C)[C@H](OC(N)=O)[C@@H](OC)/C=C\C=C(/C)C(=O)N2,3.0,45.96829772570641,34.045485871812545,False,True,587.71,4.16,6,9,172.6,6,1,0.484,42,162.45,0.162,2,False,False,False,False,False
REP_07910,CHEMBL4279521,PF-05241328,Cc1nn(-c2cnc(OCC(C)C)c(Cl)c2)c2ccc(C(=O)NS(C)(=O)=O)cc12,1.0,45.89937973811165,72.36388697450035,False,True,436.92,3.11,1,6,103.18,6,3,0.316,29,111.26,0.636,0,True,True,True,True,True
REP_06367,CHEMBL4297453,PM-00104,COc1c(C)cc2c(c1O)[C@@H]1[C@@H]3Cc4c(OC(C)=O)c(C)c5c(c4[C@H](CNC(=O)/C=C/c4cccc(C(F)(F)F)c4)N3[C@@H](O)[C@H](C2)N1C)OCO5,2.0,45.83046175051688,50.137835975189525,False,True,709.72,4.72,3,10,130.03,6,3,0.405,51,177.57,0.188,1,True,True,True,False,True
REP_07035,CHEMBL5314470,MIFANERTINIB,CN(C)C/C=C/C(=O)Nc1cc2c(Nc3ccc(F)c(Cl)c3)ncnc2cc1OC(F)F,2.0,45.76154376292212,75.63749138525155,False,True,465.86,4.82,2,6,79.38,8,3,0.19,32,117.19,0.464,0,True,True,True,True,True
REP_06501,CHEMBL4446357,EBVACICLIB,C[C@@]1(O)CCC[C@H]1n1c(=O)c(C(F)F)cc2cnc(NC3CCN(S(C)(=O)=O)CC3)nc21,2.0,45.69262577532736,50.137835975189525,False,True,471.53,2.04,2,7,117.42,5,2,0.65,32,115.33,0.685,0,True,True,True,True,True
REP_07343,CHEMBL6068534,AL-01211,O=C(N[C@H](CN1CCCC1)[C@H](O)c1ccc(OC2CC2)c(Cl)c1)/C(=N/O)c1ccc2cc(Cl)ccc2c1,2.0,45.623707787732606,75.63749138525155,False,True,542.46,5.18,3,6,94.39,9,3,0.357,37,144.95,0.197,2,False,True,True,False,True
REP_05105,CHEMBL2364634,SISAPRONIL,N#Cc1nn(-c2c(Cl)cc(C(F)(F)F)cc2Cl)c(N)c1C1(C(F)(F)F)CC1(F)F,2.0,45.55478980013784,61.47484493452791,False,True,465.13,5.49,1,3,67.63,2,2,0.333,29,85.01,0.597,1,True,True,True,True,True
REP_07311,CHEMBL6068047,DEULORLATINIB,[2H]C([2H])([2H])n1nc2c(c1C#N)-c1cnc(N)c(c1)O[C@H](C)c1cc(F)ccc1C(=O)N(C)C2,2.0,45.485871812543074,91.38525155065471,False,True,409.44,2.8,1,6,110.06,0,3,0.238,30,106.81,0.611,0,True,True,True,True,True
REP_06582,CHEMBL4594270,VENGLUSTAT MALATE,CC(C)(NC(=O)O[C@@H]1CN2CCC1CC2)c1csc(-c2ccc(F)cc2)n1.O=C(O)CC(O)C(=O)O,2.0,45.41695382494832,84.21778084079945,False,True,523.58,2.91,4,8,149.29,7,2,0.5,36,129.0,0.43,1,True,False,False,False,False
REP_06434,CHEMBL4298141,ASALHYDROMORPHONE,CC(=O)Oc1ccccc1C(=O)OC1=CC[C@H]2[C@H]3Cc4ccc(OC(=O)c5ccccc5OC(C)=O)c5c4[C@@]2(CCN3C)[C@H]1O5,2.0,45.34803583735355,24.01791867677464,False,True,609.63,4.78,0,10,117.67,6,3,0.314,45,159.34,0.286,1,True,True,True,False,True
REP_07017,CHEMBL5314441,SIPAGLADENANT,Cc1ccc(C(=O)Nc2nc(-c3ccco3)c(C(=O)C3CCOCC3)s2)cn1,2.0,45.27911784975879,91.38525155065471,False,True,397.46,3.97,1,7,94.32,5,3,0.3,28,104.62,0.655,0,True,True,True,True,True
REP_08122,CHEMBL5095026,DSP-2230,C[C@@H](NCc1nc2ccc(Oc3cc(F)c(F)c(F)c3)nc2n1C1CCC1)C(N)=O,1.0,45.210199862164025,95.86492074431426,False,True,419.41,3.33,2,5,95.06,7,3,0.35,30,102.3,0.573,0,True,True,True,True,True
REP_02462,CHEMBL2012520,LY377604,CC(C)(Cc1ccc(Oc2ccc(C(N)=O)cn2)cc1)NC[C@H](O)COc1cccc2[nH]c3ccccc3c12,2.0,45.14128187456926,91.66092350103376,False,True,524.62,4.96,4,6,122.49,11,5,0.226,39,152.36,0.194,1,True,False,True,False,False
REP_05067,CHEMBL2304041,SAGOPILONE,C=CC[C@H]1C(=O)C(C)(C)[C@@H](O)CC(=O)O[C@H](c2ccc3sc(C)nc3c2)C[C@@H]2O[C@]2(C)CCC[C@H](C)[C@@H]1O,2.0,45.0723638869745,91.38525155065471,False,True,543.73,5.46,2,8,109.25,3,2,0.633,38,147.82,0.301,2,False,True,True,False,True
REP_06321,CHEMBL4297322,PRX-08066,N#Cc1cc(CN2CCC(Nc3ncnc4sc(Cl)cc34)CC2)ccc1F,2.0,45.00344589937973,50.137835975189525,False,True,401.9,4.43,1,6,64.84,4,3,0.316,27,105.46,0.7,0,True,True,True,True,True
REP_06623,CHEMBL462018,TRICIRIBINE PHOSPHATE,CN1N=C(N)c2cn([C@@H]3O[C@H](COP(=O)(O)O)[C@@H](O)[C@H]3O)c3ncnc1c23,2.0,44.93452791178497,98.55272226051,False,True,400.29,-1.77,5,10,188.78,4,2,0.462,27,90.58,0.365,0,True,False,False,False,False
REP_04992,CHEMBL2204263,JNJ-41443532,O=C(CNC(=O)c1cccc(C(F)(F)F)c1)NC1CN([C@H]2CC[C@@](O)(c3cncs3)CC2)C1,2.0,44.86560992419021,79.9448656099242,False,True,482.53,2.52,3,6,94.56,6,2,0.5,33,115.55,0.588,0,True,True,True,False,True
REP_07295,CHEMBL6068025,ODENTEGRAVIR,O=C(NCc1c(F)cc(F)cc1F)c1cn2c(c(O)c1=O)C(=O)N1CCCC[C@H]2C1,2.0,44.79669193659546,91.38525155065471,False,True,421.38,2.08,2,4,91.64,3,2,0.35,30,98.64,0.794,0,True,True,True,True,True
REP_08131,CHEMBL5095185,JAB-3068,CC(=O)N1CC(F)(F)c2c(Sc3ncc(N4CCC5(CC4)COC[C@H]5N)nc3N)cccc21,1.0,44.72777394900069,50.137835975189525,False,True,476.55,2.61,2,8,110.6,3,2,0.5,33,121.6,0.696,0,True,True,True,True,True
REP_05643,CHEMBL3410450,PRESATOVIR,Cc1cn2nc([C@@H]3CCCCN3C(=O)c3cc(Cl)ccc3NS(C)(=O)=O)cc2nc1N1CC[C@H](N)C1,2.0,44.65885596140593,91.38525155065471,False,True,532.07,2.97,2,7,125.93,5,3,0.458,36,140.08,0.518,1,True,True,True,False,True
REP_03986,CHEMBL2106378,ANAZOLENE SODIUM,O=S(=O)([O-])c1cc(O)c2c(/N=N/c3ccc(Nc4ccccc4)c4c(S(=O)(=O)[O-])cccc34)cc(S(=O)(=O)[O-])cc2c1,2.0,44.58993797381117,75.63749138525155,False,True,626.63,4.57,2,13,228.58,7,5,0.0,42,147.35,0.188,2,False,False,False,False,False
REP_06562,CHEMBL458336,MEDORUBICIN,C[C@@H]1O[C@@H](O[C@H]2C[C@](O)(C(=O)CO)Cc3c(O)c4c(c(O)c32)C(=O)c2ccccc2C4=O)C[C@H](N)[C@@H]1O,2.0,44.5210199862164,95.2446588559614,False,True,513.5,-0.01,6,11,196.84,4,2,0.423,37,125.2,0.257,3,False,False,False,False,False
REP_07946,CHEMBL4297393,KOSN-1724,C/C1=C/C[C@@H](/C(C)=C/c2cc(C)on2)OC(=O)C[C@H](O)C(C)(C)C(=O)[C@H](C)[C@@H](O)[C@@H](C)/C=C\C1,1.0,44.45210199862164,91.38525155065471,False,True,473.61,4.57,2,7,109.86,2,1,0.593,34,130.65,0.478,0,True,True,True,False,True
REP_06923,CHEMBL5095259,ALOGABAT,Cc1ccc(-c2noc(C)c2COc2ccc(C(=O)NC3CCOCC3)nn2)cn1,2.0,44.38318401102688,50.137835975189525,False,True,409.45,2.63,1,8,112.26,6,3,0.381,30,106.88,0.661,0,True,True,True,True,True
REP_04580,CHEMBL2107634,IOTRIZOIC ACID,COCCOCCOCCOCCOCC(=O)Nc1c(I)cc(I)c(C(=O)O)c1I,2.0,44.31426602343211,66.4369400413508,False,True,763.1,2.85,2,7,112.55,16,1,0.556,30,135.33,0.196,1,True,False,True,False,False
REP_05961,CHEMBL398891,"THIOUREA, N-(5-BROMO-2-PYRIDINYL)-N'-(2-(2-CHLORO-3-ETHOXY-6-FLUOROPHENYL)ETHYL)-",CCOc1ccc(F)c(CCNC(=S)Nc2ccc(Br)cn2)c1Cl,2.0,44.24534803583735,39.55892487939352,False,True,432.75,4.56,2,3,46.18,6,2,0.25,24,102.44,0.655,0,True,True,True,True,True
REP_00925,CHEMBL3989948,LANABECESTAT,CC#Cc1cncc(-c2ccc3c(c2)[C@@]2(N=C(C)C(N)=N2)[C@]2(CC[C@H](OC)CC2)C3)c1,3.0,44.17643004824259,24.01791867677464,False,True,412.54,4.24,1,5,72.86,2,2,0.423,31,124.04,0.75,0,True,True,True,True,True
REP_00603,CHEMBL2074655,TETRAHYDROFOLATE,Nc1nc(=O)c2c([nH]1)NC[C@@H](CNc1ccc(C(=O)N[C@@H](CCC(=O)O)C(=O)O)cc1)N2,3.0,44.10751206064782,74.15575465196416,False,True,445.44,-0.28,8,9,211.56,9,2,0.316,32,115.86,0.251,1,True,False,False,True,False
REP_01327,CHEMBL1080983,FEBANTEL,COCC(=O)Nc1cc(Sc2ccccc2)ccc1N=C(NC(=O)OC)NC(=O)OC,2.0,44.03859407305307,90.6960716747071,False,True,446.49,3.12,3,8,127.35,6,2,0.2,31,115.69,0.459,0,True,True,True,True,True
REP_00320,CHEMBL527,PIROXICAM,CN1C(C(=O)Nc2ccccn2)=C(O)c2ccccc2S1(=O)=O,4.0,43.96967608545831,85.0447966919366,False,True,331.35,1.58,2,5,99.6,2,2,0.067,23,83.81,0.87,0,True,True,True,True,True
REP_07724,CHEMBL2392545,TAK-960,COc1cc(C(=O)NC2CCN(C)CC2)c(F)cc1Nc1ncc2c(n1)N(C1CCCC1)CC(F)(F)C(=O)N2C,1.0,43.900758097863545,24.01791867677464,False,True,561.61,3.55,2,8,102.93,6,2,0.556,40,144.21,0.552,1,True,True,True,False,True
REP_07149,CHEMBL5404296,LAROPROVSTAT,O=c1ccccn1-c1ccc(N[C@H]2CC[C@H](Nc3ncc(OC(F)F)cn3)C2)nc1,2.0,43.83184011026879,69.5382494831151,False,True,414.42,3.07,2,7,93.96,7,3,0.3,30,107.17,0.614,0,True,True,True,True,True
REP_07015,CHEMBL5314438,PULIGINURAD,CC(C)(Cc1cc2c(-c3ccc(C#N)cc3)cncc2s1)C(=O)O,2.0,43.76292212267402,80.77188146106134,False,True,336.42,4.49,1,4,73.98,4,3,0.211,24,94.89,0.762,0,True,True,True,True,True
REP_05605,CHEMBL331382,METRIFUDIL,Cc1ccccc1CNc1ncnc2c1ncn2[C@@H]1O[C@H](CO)[C@@H](O)[C@H]1O,2.0,43.69400413507925,99.31082012405238,False,True,371.4,0.36,4,8,125.55,5,3,0.389,27,96.84,0.507,0,True,True,True,True,True
REP_07293,CHEMBL6068023,NELADALKIB,CCn1nc(Cl)c2c1-c1cnc(N)c(c1)O[C@H](C)c1cc(F)ccc1-c1nn(C)cc1C2,2.0,43.625086147484495,91.38525155065471,False,True,452.92,4.78,1,5,83.78,1,4,0.261,32,121.01,0.449,0,True,True,True,True,True
REP_01026,CHEMBL4297663,AMBROXOL ACEFYLLINATE,Cn1c(=O)c2c(ncn2CC(=O)O)n(C)c1=O.Nc1c(Br)cc(Br)cc1CN[C@H]1CC[C@H](O)CC1,3.0,43.55616815988973,37.698139214334944,False,True,616.31,1.71,4,7,157.4,5,3,0.455,35,139.21,0.316,1,True,False,False,False,False
REP_01078,CHEMBL460291,LACIDIPINE,CCOC(=O)C1=C(C)NC(C)=C(C(=O)OCC)C1c1ccccc1/C=C/C(=O)OC(C)(C)C,3.0,43.48725017229496,75.63749138525155,False,True,455.55,4.4,1,7,90.93,7,1,0.423,33,125.86,0.37,0,True,True,True,True,True
REP_01181,CHEMBL5219660,JT-001,O=C(Nc1c2c(cc3c1CCC3)CCC2)NS(=O)(=O)c1cnn2c1OCCC2,3.0,43.418332184700205,98.75947622329429,False,True,402.48,2.15,2,5,102.32,3,2,0.474,28,102.17,0.819,0,True,True,True,True,True
REP_05416,CHEMBL3039517,RABUSERTIB,Cc1cnc(NC(=O)Nc2cc(Br)c(C)cc2OC[C@@H]2CNCCO2)cn1,2.0,43.34941419710544,91.38525155065471,False,True,436.31,2.87,3,6,97.4,5,2,0.389,27,106.39,0.667,0,True,True,True,True,True
REP_06518,CHEMBL4475481,ZELICAPAVIR,O=C1Nc2ccccc2C(c2ccccc2)=N[C@@H]1Nc1nnc(-c2ncc(C(F)(F)F)cc2N2CCOCC2)o1,2.0,43.28049620951068,24.01791867677464,False,True,549.51,4.21,2,9,117.77,5,4,0.222,40,140.13,0.38,1,True,True,True,False,True
REP_07821,CHEMBL3577124,LY-3009120,CNc1ncc2cc(-c3cc(NC(=O)NCCC(C)(C)C)c(F)cc3C)c(C)nc2n1,1.0,43.21157822191593,91.38525155065471,False,True,424.52,5.05,3,5,91.83,5,3,0.391,31,122.84,0.533,1,True,True,True,True,True
REP_00481,CHEMBL134561,ICLAPRIM,COc1cc(Cc2cnc(N)nc2N)c2c(c1OC)OC(C1CC1)C=C2,3.0,43.14266023432116,78.6354238456237,False,True,354.41,2.43,2,7,105.51,5,2,0.368,26,99.38,0.849,0,True,True,True,True,True
REP_08127,CHEMBL5095170,BMS-986299,CCN(Cc1nc2c(N)nc3cc(-c4cc[nH]n4)ccc3c2[nH]1)C(C)=O,1.0,43.0737422467264,97.10544452102,False,True,349.4,2.45,3,5,116.58,4,4,0.222,26,100.15,0.523,0,True,True,True,True,True
REP_07635,CHEMBL1835919,PF-04620110,Nc1ncnc2c1C(=O)N(c1ccc([C@H]3CC[C@H](CC(=O)O)CC3)cc1)CCO2,1.0,43.00482425913164,91.38525155065471,False,True,396.45,2.85,2,6,118.64,4,2,0.429,29,107.01,0.815,0,True,True,True,True,True
REP_06007,CHEMBL3989526,AMCINAFIDE,C[C@@]1(c2ccccc2)O[C@@H]2C[C@H]3[C@@H]4CCC5=CC(=O)C=C[C@]5(C)[C@@]4(F)[C@@H](O)C[C@]3(C)[C@]2(C(=O)CO)O1,2.0,42.93590627153687,75.63749138525155,False,True,496.58,3.56,2,6,93.06,3,1,0.586,36,128.31,0.665,0,True,True,True,False,True
REP_08248,CHEMBL6068415,TIVUMECIRNON BESYLATE,C[C@H](c1ccc(Cl)cc1Cl)n1nc(C(F)(F)F)c2ncc(N3CC([C@H]4CCCN(CCO)C4)C3)nc21.O=S(=O)(O)c1ccccc1,1.0,42.866988283942106,24.01791867677464,False,True,701.6,5.84,2,8,124.68,7,4,0.433,46,168.81,0.229,2,False,True,True,False,True
REP_01535,CHEMBL1231124,AZD-1480,Cc1cc(Nc2nc(N[C@@H](C)c3ncc(F)cn3)ncc2Cl)[nH]n1,2.0,42.79807029634735,75.63749138525155,False,True,348.77,3.01,3,7,104.3,5,3,0.214,24,87.68,0.651,0,True,True,True,True,True
REP_05706,CHEMBL3545097,SAPANISERTIB,CC(C)n1nc(-c2ccc3oc(N)nc3c2)c2c(N)ncnc21,2.0,42.72915230875258,57.33976567884218,False,True,309.33,2.38,2,7,121.67,2,4,0.2,23,87.54,0.583,0,True,True,True,True,True
REP_01163,CHEMBL5095229,BEZUCLASTINIB,Cc1[nH]nc(C(=O)Nc2cnc3[nH]c(-c4ccccc4)cc3c2)c1C,3.0,42.660234321157816,91.9365954514128,False,True,331.38,3.82,3,3,86.46,3,4,0.105,25,97.54,0.533,0,True,True,True,True,True
REP_07001,CHEMBL5314410,THELIATINIB,C#Cc1cccc(Nc2ncnc3cc(OC)c(NC(=O)N4C[C@H]5CCN(C)[C@H]5C4)cc23)c1,2.0,42.59131633356306,10.47553411440386,False,True,442.52,3.53,2,6,82.62,4,3,0.32,33,128.87,0.602,0,True,True,True,True,True
REP_05947,CHEMBL3975308,NUVISERTIB,CC(C)(O)[C@H]1CC[C@H](Nc2ccc3ncc(-c4cccc(C(F)(F)F)c4)n3n2)CC1,2.0,42.52239834596829,79.60027567195039,False,True,418.46,5.16,2,4,62.45,4,3,0.455,30,109.09,0.615,1,True,True,True,True,True
REP_05800,CHEMBL3655762,CYC-065,CC[C@H](Nc1nc(NCc2cnc(C)cc2C)c2ncn(C(C)C)c2n1)[C@@H](C)O,2.0,42.45348035837354,57.61543762922123,False,True,397.53,3.6,3,7,100.78,8,3,0.524,29,116.13,0.534,0,True,True,True,True,True
REP_03717,CHEMBL2105781,TIAFIBRATE,CC(C)(Oc1ccc(Cl)cc1)C(=O)OCCSCCCCCCCCCCSCCOC(=O)C(C)(C)Oc1ccc(Cl)cc1,2.0,42.38456237077878,25.430737422467264,False,True,687.79,9.68,0,8,71.06,23,2,0.588,44,185.82,0.085,2,False,False,False,False,False
REP_05723,CHEMBL3545274,MK-6913,CC(C)(C)n1nnc2c3c(ccc21)C1=CC(=O)CC[C@@]1(CCOc1ccccc1)C3,2.0,42.315644383184015,50.137835975189525,False,True,401.51,4.94,0,4,57.01,4,3,0.4,30,117.43,0.621,0,True,True,True,True,True
REP_04395,CHEMBL2107197,RILMAZAFONE,CN(C)C(=O)c1nc(CNC(=O)CN)n(-c2ccc(Cl)cc2C(=O)c2ccccc2Cl)n1,2.0,42.24672639558925,75.63749138525155,False,True,475.34,2.08,2,6,123.21,7,3,0.19,32,120.17,0.505,0,True,True,True,True,True
REP_05711,CHEMBL3545164,AZD2066,C[C@@H](Oc1nnc(-c2ccncc2)n1C)c1cc(-c2cccc(Cl)c2)on1,2.0,42.17780840799449,50.137835975189525,False,True,381.82,4.33,0,6,78.86,5,4,0.158,27,100.23,0.512,0,True,True,True,True,True
REP_02684,CHEMBL2104123,CORMETHASONE ACETATE,CC(=O)OCC(=O)[C@@]1(O)[C@H](C)C[C@H]2[C@@H]3CC(F)(F)C4=CC(=O)C=C[C@]4(C)[C@@]3(F)[C@@H](O)C[C@@]21C,2.0,42.108890420399725,75.63749138525155,False,True,470.48,2.71,2,6,100.9,3,0,0.708,33,109.82,0.616,0,True,True,True,True,True
REP_06420,CHEMBL4297638,PETESICATIB,Cn1cc(-c2ccc(S(=O)(=O)[C@@H]3C[C@@H](C(=O)NC4(C#N)CC4)N(C(=O)C4(C(F)(F)F)CC4)C3)c(C(F)(F)F)c2)cn1,2.0,42.03997243280496,50.137835975189525,False,True,603.55,3.36,1,6,125.16,6,2,0.52,41,128.18,0.505,1,True,True,True,False,True
REP_01147,CHEMBL5087506,ADMILPARANT,CCCN(C)C(=O)OCc1c(-c2ccc(O[C@H]3CCC[C@H](C(=O)O)C3)c(C)n2)nnn1C,3.0,41.9710544452102,50.137835975189525,False,True,445.52,3.19,1,7,119.67,8,2,0.591,32,116.09,0.658,0,True,True,True,True,True
REP_03317,CHEMBL2105104,LODAZECAR,C[C@@H]1N=C(c2ccccc2Cl)c2c(ccc(NC(=O)NC(C)(CO)CO)c2Br)N(C)C1=O,2.0,41.90213645761544,70.36526533425224,False,True,523.82,3.17,4,5,114.26,5,2,0.318,32,128.84,0.482,1,True,True,True,False,True
REP_06939,CHEMBL513909,BI-2536,CC[C@@H]1C(=O)N(C)c2cnc(Nc3ccc(C(=O)NC4CCN(C)CC4)cc3OC)nc2N1C1CCCC1,2.0,41.83321847002068,50.137835975189525,False,True,521.67,3.56,2,8,102.93,7,2,0.571,38,148.52,0.57,1,True,True,True,False,True
REP_08016,CHEMBL4594289,ROVAFOVIR ETALAFENAMIDE CITRATE,CCOC(=O)[C@H](C)N[P@](=O)(CO[C@@H]1C=C(F)[C@H](n2cnc3c(N)ncnc32)O1)Oc1ccccc1.O=C(O)CC(O)(CC(=O)O)C(=O)O,1.0,41.76430048242591,82.25361819434872,False,True,698.55,1.66,6,14,284.84,15,3,0.37,48,159.79,0.097,3,False,False,False,False,False
REP_08175,CHEMBL5314408,AZD-0424,CC(=O)N1CCN(CCOc2cc(OC(C)C)c3c(Nc4c(Cl)cnc5c4OCO5)ncnc3c2)CC1,1.0,41.69538249483114,50.137835975189525,False,True,529.0,3.48,1,10,111.17,8,3,0.44,37,138.14,0.466,1,True,True,True,False,True
REP_05043,CHEMBL222460,BMS-223131,O=c1[nH]c2ccc(C(F)(F)F)cc2c(-c2cc(Cl)ccc2O)c1CCO,2.0,41.62646450723639,50.137835975189525,False,True,383.75,4.11,3,3,73.32,3,3,0.167,26,92.47,0.637,0,True,True,True,True,True
REP_08151,CHEMBL5095252,LY-3499446,C=CC(=O)N1CCN(c2ncnc3c(F)c(-c4ccc(F)c5sc(N)nc45)c(Cl)cc23)CC1,1.0,41.55754651964163,91.38525155065471,False,True,486.94,4.25,1,7,88.24,3,4,0.182,33,126.48,0.435,0,True,True,True,False,True
REP_02435,CHEMBL1989587,FORMOCORTAL,CC(=O)OCC(=O)[C@@]12OC(C)(C)O[C@@H]1C[C@H]1[C@@H]3CC(C=O)=C4C=C(OCCCl)CC[C@]4(C)[C@@]3(F)[C@@H](O)C[C@@]12C,2.0,41.48862853204687,50.137835975189525,False,True,569.07,3.96,1,8,108.36,7,0,0.759,39,138.38,0.279,1,True,True,True,False,True
REP_07172,CHEMBL5569567,MUVADENANT,COc1ncc(C2=CCOCC2)c2sc(NC(=O)N3CC[C@@]4(CCCOC4)C3)nc12,2.0,41.4197105444521,80.15161957270848,False,True,430.53,3.54,1,7,85.81,3,2,0.571,30,115.07,0.802,0,True,True,True,True,True
REP_04581,CHEMBL2107636,CEFAZEDONE,Cc1nnc(SCC2=C(C(=O)O)N3C(=O)[C@@H](NC(=O)Cn4cc(Cl)c(=O)c(Cl)c4)[C@H]3SC2)s1,2.0,41.35079255685734,55.4789800137836,False,True,548.46,1.85,2,9,134.49,7,2,0.333,33,125.78,0.393,1,True,True,False,False,True
REP_06180,CHEMBL4084907,BIMIRALISIB,Nc1cc(C(F)(F)F)c(-c2nc(N3CCOCC3)nc(N3CCOCC3)n2)cn1,2.0,41.28187456926258,60.37215713301172,False,True,411.39,1.21,1,9,102.52,3,2,0.529,29,98.54,0.798,0,True,True,True,True,True
REP_08123,CHEMBL5095038,ZIFTOMENIB,CNc1nc(NC2CCN(Cc3ccc4c(cc(C#N)n4C[C@H](C)N4CCN(S(C)(=O)=O)CC4)c3C)CC2)c2cc(CC(F)(F)F)sc2n1,1.0,41.21295658166781,30.737422467263958,False,True,717.89,5.01,2,10,122.42,10,4,0.545,49,187.48,0.233,2,False,True,True,False,True
REP_04990,CHEMBL219586,GW590735,Cc1nc(-c2ccc(C(F)(F)F)cc2)sc1C(=O)NCc1ccc(OC(C)(C)C(=O)O)cc1,2.0,41.14403859407305,77.67057201929704,False,True,478.49,5.31,2,5,88.52,7,3,0.261,33,117.24,0.481,1,True,True,True,True,True
REP_07072,CHEMBL5314513,CLOFUTRIBEN,Cn1c(-c2ccc(C(N)=O)cc2F)nnc1C(C)(C)Oc1c(F)cc(Cl)cc1F,2.0,41.075120606478286,63.19779462439696,False,True,424.81,3.97,1,4,83.03,5,3,0.211,29,99.94,0.672,0,True,True,True,True,True
REP_00362,CHEMBL81,RALOXIFENE,O=C(c1ccc(OCCN2CCCCC2)cc1)c1c(-c2ccc(O)cc2)sc2cc(O)ccc12,4.0,41.00620261888353,33.42522398345969,False,True,473.59,6.08,2,6,70.0,7,4,0.25,34,136.25,0.319,1,True,True,False,False,True
REP_07971,CHEMBL4297629,NEDISERTIB,COc1ccc([C@@H](O)c2cc(-c3ncnc4cc(N5CCOCC5)ccc34)c(F)cc2Cl)nn1,1.0,40.93728463128876,88.55961405926946,False,True,481.92,3.81,1,8,93.49,5,4,0.25,34,125.62,0.46,0,True,True,True,False,True
REP_07754,CHEMBL297792,S-3304,Cc1ccc(C#Cc2ccc(S(=O)(=O)N[C@H](Cc3c[nH]c4ccccc34)C(=O)O)s2)cc1,1.0,40.86836664369401,53.96278428669883,False,True,464.57,3.91,3,4,99.26,6,4,0.125,32,125.23,0.377,0,True,True,True,True,True
REP_05524,CHEMBL3188386,WNT-974,Cc1cc(-c2ncc(CC(=O)Nc3ccc(-c4cnccn4)cn3)cc2C)ccn1,2.0,40.79944865609925,75.63749138525155,False,True,396.45,3.79,1,6,93.55,5,4,0.13,30,114.54,0.552,0,True,True,True,True,True
REP_05099,CHEMBL2364618,MAVATREP,CC(C)(O)c1ccccc1-c1ccc2[nH]c(/C=C/c3ccc(C(F)(F)F)cc3)nc2c1,2.0,40.730530668504485,66.85044796691938,False,True,422.45,6.65,2,2,48.91,4,4,0.16,31,117.15,0.387,1,True,True,False,False,True
REP_03940,CHEMBL2106296,ICOMETASONE ENBUTATE,CCCC(=O)O[C@]1(C(=O)COC(C)=O)[C@H](C)C[C@H]2[C@@H]3CCC4=CC(=O)C=C[C@]4(C)[C@@]3(Cl)[C@@H](O)C[C@@]21C,2.0,40.66161268090972,50.137835975189525,False,True,521.05,4.09,1,7,106.97,6,0,0.714,36,133.02,0.415,1,True,True,True,False,True
REP_07338,CHEMBL6068505,ACT-774312,CN(c1ncc(Cl)cn1)[C@H]1CCc2c(c3nc(F)ccc3n2CC(=O)O)C1,2.0,40.59269469331496,31.426602343211574,False,True,389.82,2.7,1,5,84.14,4,3,0.333,27,98.58,0.691,0,True,True,True,True,True
REP_03582,CHEMBL2105460,SEDECAMYCIN,CC(=O)O[C@@H]1/C=C/C(C)=C/C[C@H](O)/C=C/C(C)=C/[C@@H](NC(=O)C(C)=O)[C@]2(C)C(=O)O[C@H](C1)[C@@H](C)C2=O,2.0,40.5237767057202,42.59131633356306,False,True,501.58,2.29,2,8,136.07,3,0,0.519,36,131.36,0.342,1,True,True,False,False,True
REP_00845,CHEMBL35228,PYRONARIDINE,COc1ccc2nc3cc(Cl)ccc3c(Nc3cc(CN4CCCC4)c(O)c(CN4CCCC4)c3)c2n1,3.0,40.45485871812543,26.4645072363887,False,True,518.06,6.09,2,7,73.75,7,4,0.379,37,149.02,0.227,2,False,True,False,False,True
REP_05019,CHEMBL2218904,LORPIPRAZOLE,FC(F)(F)c1cccc(N2CCN(CCc3nnc4n3CC3CCCC43)CC2)c1,2.0,40.38594073053067,47.69124741557547,False,True,405.47,3.56,0,4,37.19,4,2,0.619,29,103.91,0.78,0,True,True,True,True,True
REP_07059,CHEMBL5314497,ZIDESAMTINIB,CCn1ncc2c1-c1cnc(N)c(c1)O[C@H](C)c1cc(F)ccc1-c1nn(C)nc1C2,2.0,40.317022742935904,91.38525155065471,False,True,419.46,3.53,1,6,96.67,1,4,0.273,31,113.79,0.507,0,True,True,True,True,True
REP_07916,CHEMBL4297261,APTO-253,Cc1[nH]c2ccc(F)cc2c1-c1nc2c3cccnc3c3ncccc3c2[nH]1,1.0,40.24810475534114,68.57339765678843,False,True,367.39,5.26,2,3,70.25,1,6,0.045,28,108.68,0.39,1,True,True,True,True,True
REP_07220,CHEMBL582912,CEFCAPENE,CC/C=C(\C(=O)N[C@@H]1C(=O)N2C(C(=O)O)=C(COC(N)=O)CS[C@H]12)c1csc(N)n1,2.0,40.17918676774638,67.26395589248794,False,True,453.5,0.35,4,9,177.94,7,1,0.353,30,110.01,0.335,0,True,False,False,True,False
REP_00929,CHEMBL3989968,DIFAMILAST,CCOc1ccccc1C(=O)NCc1coc(-c2ccc(OC(F)F)c(OC(C)C)c2)n1,3.0,40.110268780151614,92.3501033769814,False,True,446.45,5.06,1,6,82.82,10,3,0.304,32,113.12,0.469,1,True,True,True,True,True
REP_03763,CHEMBL2105934,CIPROCINONIDE,CC1(C)O[C@@H]2C[C@H]3[C@@H]4C[C@H](F)C5=CC(=O)C=C[C@]5(C)[C@@]4(F)[C@@H](O)C[C@]3(C)[C@]2(C(=O)COC(=O)C2CC2)O1,2.0,40.04135079255686,19.848380427291524,False,True,520.57,3.33,1,7,99.13,4,0,0.75,37,125.47,0.568,1,True,True,True,False,True
REP_03142,CHEMBL2104819,LETRAZURIL,N#CC(c1ccc(F)cc1)c1c(Cl)cc(-n2ncc(=O)[nH]c2=O)cc1Cl,2.0,39.9724328049621,38.52515506547208,False,True,391.19,3.02,1,4,91.54,3,3,0.059,26,94.33,0.743,0,True,True,True,True,True
REP_04118,CHEMBL2106670,ALESTRAMUSTINE,C[C@H](N)C(=O)O[C@H]1CC[C@H]2[C@@H]3CCc4cc(OC(=O)N(CCCl)CCCl)ccc4[C@H]3CC[C@]12C,2.0,39.90351481736734,50.137835975189525,False,True,511.49,5.08,1,5,81.86,7,1,0.692,34,133.63,0.408,2,False,True,True,False,True
REP_03574,CHEMBL2105450,OXYCLOZANIDE,O=C(Nc1cc(Cl)cc(Cl)c1O)c1c(O)c(Cl)cc(Cl)c1Cl,2.0,39.83459682977257,99.17298414886284,False,True,401.46,5.62,3,3,69.56,2,2,0.0,22,89.22,0.452,1,True,True,True,False,True
REP_00274,CHEMBL376359,ALOGLIPTIN,Cn1c(=O)cc(N2CCC[C@@H](N)C2)n(Cc2ccccc2C#N)c1=O,4.0,39.765678842177806,91.38525155065471,False,True,339.4,0.39,1,5,97.05,3,2,0.389,25,95.62,0.873,0,True,True,True,True,True
REP_04451,CHEMBL2107371,SELODENOSON,CCNC(=O)[C@H]1O[C@@H](n2cnc3c(NC4CCCC4)ncnc32)[C@H](O)[C@@H]1O,2.0,39.69676085458305,92.6946933149552,False,True,376.42,-0.06,4,8,134.42,5,2,0.647,27,95.81,0.57,0,True,True,False,True,True
REP_05589,CHEMBL3301625,SPEBRUTINIB,C=CC(=O)Nc1cccc(Nc2nc(Nc3ccc(OCCOC)cc3)ncc2F)c1,2.0,39.62784286698828,73.46657477601654,False,True,423.45,4.25,3,7,97.4,10,3,0.136,31,117.64,0.331,0,True,True,True,True,True
REP_07645,CHEMBL1938870,MK-8245,O=C(O)Cn1nnc(-c2cc(N3CCC(Oc4cc(F)ccc4Br)CC3)no2)n1,1.0,39.55892487939352,52.23983459682977,False,True,467.26,2.36,1,8,119.4,6,3,0.353,29,100.91,0.583,0,True,True,True,True,True
REP_08125,CHEMBL5095044,SUBASUMSTAT,Cc1sc(C(=O)c2cncnc2N[C@@H]2CC[C@H](COS(N)(=O)=O)[C@H]2O)cc1[C@@H]1NCCc2ccc(Cl)cc21,1.0,39.49000689179876,50.137835975189525,False,True,578.12,2.74,4,10,156.53,8,3,0.4,38,144.72,0.295,1,True,False,False,False,False
REP_08064,CHEMBL4650350,INZOMELID,CC(C)n1ccc(S(=O)(=O)NC(=O)Nc2c3c(cc4c2CCC4)CCC3)n1,1.0,39.42108890420399,98.8973121984838,False,True,388.49,2.95,2,4,93.09,4,2,0.474,27,102.44,0.842,0,True,True,True,True,True
REP_07104,CHEMBL5314557,EMRACLIDINE,Cc1cc(C)c2c(n1)CN(C(=O)CC1CN(c3ccnc(C(F)(F)F)c3)C1)C2,2.0,39.35217091660923,75.63749138525155,False,True,390.41,3.48,0,4,49.33,3,2,0.45,28,97.52,0.805,0,True,True,True,True,True
REP_01490,CHEMBL1208640,FODIPIR,Cc1ncc(COP(=O)(O)O)c(CN(CCN(CC(=O)O)Cc2c(COP(=O)(O)O)cnc(C)c2O)CC(=O)O)c1O,2.0,39.28325292901448,16.126809097174363,False,True,638.46,0.2,8,12,280.84,17,2,0.455,42,140.77,0.107,3,False,False,False,False,False
REP_05941,CHEMBL3962292,LABUXTINIB,Cc1ccc(-c2noc([C@H]3C[C@@H]3F)n2)cc1NC(=O)c1cnc2ccccn12,2.0,39.21433494141972,83.11509303928325,False,True,377.38,3.77,1,5,85.32,4,4,0.2,28,99.87,0.585,0,True,True,True,True,True
REP_08084,CHEMBL4788406,VLX-600,C/C(=N\Nc1nnc2c(n1)[nH]c1c(C)cccc12)c1ccccn1,1.0,39.14541695382495,94.62439696760856,False,True,317.36,3.05,2,6,91.74,3,4,0.118,24,94.0,0.447,0,True,True,True,True,True
REP_05170,CHEMBL261244,REGRELOR DISODIUM,CCNC(=O)Nc1ncnc2c1ncn2[C@@H]1O[C@H](COP(=O)([O-])[O-])[C@H]2O[C@H](/C=C/c3ccccc3)O[C@H]21,2.0,39.07649896623019,50.137835975189525,False,True,530.43,0.53,2,11,184.84,8,3,0.364,37,124.5,0.387,2,False,False,False,False,False
REP_08095,CHEMBL4802241,ILUNOCITINIB,N#CCC1(n2cc(-c3ncnc4[nH]ccc34)cn2)CN(S(=O)(=O)C2CC2)C1,1.0,39.007580978635424,21.57133011716058,False,True,383.44,1.24,1,6,120.56,5,3,0.412,27,96.83,0.707,0,True,True,True,True,True
REP_02297,CHEMBL188427,ACODAZOLE,CC(=O)N(C)c1ccc(Nc2cc(C)nc3ccc4nc[nH]c4c23)cc1,2.0,38.938662991040665,95.52033080634044,False,True,345.41,4.15,2,4,73.91,3,4,0.15,26,104.94,0.585,0,True,True,True,True,True
REP_00916,CHEMBL3989862,PEFCALCITOL,C=C1/C(=C\C=C2/CCC[C@]3(C)C([C@H](C)OCC(=O)NCC(F)(F)C(F)(F)F)=CC[C@@H]23)C[C@@H](O)C[C@@H]1O,3.0,38.8697450034459,66.91936595451413,False,True,519.55,4.77,3,4,78.79,7,0,0.654,36,124.13,0.335,1,True,True,True,False,True
REP_02472,CHEMBL2029988,CEP-32496,COc1cc2ncnc(Oc3cccc(NC(=O)Nc4cc(C(C)(C)C(F)(F)F)on4)c3)c2cc1OC,2.0,38.800827015851134,91.38525155065471,False,True,517.46,5.91,2,8,120.63,7,4,0.25,37,127.38,0.31,2,False,True,False,False,True
REP_04971,CHEMBL2153191,AZD-4017,CCCSc1nc(N2CCC[C@@H](CC(=O)O)C2)ccc1C(=O)NC1CCCCC1,2.0,38.731909028256375,91.38525155065471,False,True,419.59,4.34,2,5,82.53,8,1,0.682,29,116.78,0.61,0,True,True,True,True,True
REP_04442,CHEMBL2107331,DEXTOFISOPAM,CC[C@H]1C(C)=NN=C(c2ccc(OC)c(OC)c2)c2cc(OC)c(OC)cc21,2.0,38.66299104066161,33.14955203308063,False,True,382.46,4.44,0,6,61.64,6,2,0.364,28,110.87,0.741,0,True,True,True,True,True
REP_07225,CHEMBL5856622,LEPZACITINIB,CCOC(=O)c1cnc2[nH]ccc2c1N[C@@H]1CCCN(C(=O)CC#N)C1,2.0,38.59407305306684,94.07305306685043,False,True,355.4,2.06,2,6,111.11,5,2,0.444,26,95.5,0.794,0,True,True,True,True,True
REP_01525,CHEMBL1230065,BMS-582949,CCCNC(=O)c1cn2ncnc(Nc3cc(C(=O)NC4CC4)ccc3C)c2c1C,2.0,38.52515506547208,62.2329427980703,False,True,406.49,3.12,3,5,100.42,7,3,0.364,30,115.3,0.56,0,True,True,True,True,True
REP_00325,CHEMBL563,FLURBIPROFEN,CC(C(=O)O)c1ccc(-c2ccccc2)c(F)c1,4.0,38.421778084079946,65.09303928325293,False,True,244.26,3.68,1,1,37.3,3,2,0.133,18,67.89,0.894,0,True,True,True,False,True
REP_00300,CHEMBL435298,ESFLURBIPROFEN,C[C@H](C(=O)O)c1ccc(-c2ccccc2)c(F)c1,4.0,38.421778084079946,65.09303928325293,False,True,244.26,3.68,1,1,37.3,3,2,0.133,18,67.89,0.894,0,True,True,True,False,True
REP_07268,CHEMBL6067682,POCIREDIR,Cc1ncccc1-c1cc2c(n3cnnc13)NCc1c(F)ccc3c1[C@H](CO3)CO2,2.0,38.3184011026878,50.137835975189525,False,True,403.42,3.72,1,6,73.57,1,4,0.227,30,108.41,0.522,0,True,True,True,True,True
REP_06552,CHEMBL455461,RADEZOLID,CC(=O)NC[C@H]1CN(c2ccc(-c3ccc(CNCc4cnn[nH]4)cc3)c(F)c2)C(=O)O1,2.0,38.24948311509304,97.51895244658856,False,True,438.46,2.36,3,6,112.24,8,3,0.273,32,115.06,0.498,0,True,True,True,True,True
REP_01194,CHEMBL5314498,ZONGERTINIB,C=CC(=O)NC1CCN(c2ncc3ncnc(Nc4ccc(Oc5ccc6c(c5)ncn6C)c(C)c4)c3n2)CC1,3.0,38.18056512749828,50.137835975189525,False,True,535.61,4.42,2,9,122.98,7,5,0.241,40,153.95,0.292,1,True,True,True,False,True
REP_00962,CHEMBL4288984,WITHANOLIDE D,CC1=C(C)C(=O)O[C@@H]([C@](C)(O)[C@H]2CC[C@H]3[C@@H]4C[C@H]5O[C@]56[C@@H](O)C=CC(=O)[C@]6(C)[C@H]4CC[C@]23C)C1,3.0,38.11164713990352,59.682977257064096,False,True,470.61,3.5,2,6,96.36,2,0,0.786,34,124.51,0.474,0,True,True,True,True,True
REP_06338,CHEMBL4297381,TRIMEBUTINE 3-THIOCARBAMOYLBENZENESULFONATE,CCC(COC(=O)c1cc(OC)c(OC)c(OC)c1)(c1ccccc1)N(C)C.NC(=S)c1cccc(S(=O)(=O)O)c1,2.0,38.04272915230875,75.63749138525155,False,True,604.75,4.3,2,9,137.62,11,3,0.31,41,160.62,0.184,1,True,False,False,False,False
REP_06745,CHEMBL4802162,LAZUVAPAGON,Cc1ccn(-c2ccc(C(=O)N3CC[C@@](C)(C(=O)N[C@@H](C)CO)Cc4ccccc43)c(C)c2)n1,2.0,37.97381116471399,76.6368022053756,False,True,460.58,3.59,2,4,87.46,5,3,0.37,34,132.27,0.609,0,True,True,True,False,True
REP_06963,CHEMBL5201870,TEGTOCICLIB,COCc1cc(C(=O)Nc2cc([C@H]3CC[C@@H](OC(=O)NC(C)C)C3)[nH]n2)n(C)n1,2.0,37.90489317711923,92.83252929014472,False,True,404.47,2.31,3,6,123.16,7,2,0.579,29,105.59,0.651,0,True,True,True,True,True
REP_05425,CHEMBL304087,MERIMEPODIB,COc1cc(NC(=O)Nc2cccc(CNC(=O)O[C@H]3CCOC3)c2)ccc1-c1cnco1,2.0,37.83597518952446,91.38525155065471,False,True,452.47,4.01,3,7,123.95,7,3,0.261,33,120.12,0.495,0,True,True,True,True,True
REP_06951,CHEMBL517199,XIPAMIDE,Cc1cccc(C)c1NC(=O)c1cc(S(N)(=O)=O)c(Cl)cc1O,2.0,37.7670572019297,96.3473466574776,False,True,354.82,2.56,3,4,109.49,3,2,0.133,23,88.36,0.786,0,True,True,True,True,True
REP_05078,CHEMBL232943,MK0686,COC(=O)c1c(Cl)cccc1-c1ccc([C@@H](C)NC(=O)C2(NC(=O)C(F)(F)F)CC2)c(F)c1,2.0,37.698139214334944,88.697450034459,False,True,486.85,4.32,2,4,84.5,6,2,0.318,33,110.91,0.47,0,True,True,True,False,True
REP_08032,CHEMBL4594431,MTI-31,CNC(=O)c1cccc(-c2ccc3c(N4C5CCC4COC5)nc(N4CCOC[C@@H]4C)nc3n2)c1,1.0,37.629221226740185,81.52997932460372,False,True,474.57,2.64,1,8,92.71,4,3,0.462,35,133.89,0.617,0,True,True,True,False,True
REP_02125,CHEMBL17344,RITOLUKAST,O=S(=O)(Nc1cccc(OCc2ccc3ccccc3n2)c1)C(F)(F)F,2.0,37.56030323914542,74.70709855272226,False,True,382.36,4.08,1,4,68.29,5,3,0.118,26,91.11,0.722,0,True,True,True,True,True
REP_05776,CHEMBL3601411,TEGAVIVINT,C[C@@H]1C[C@H](C)CN(S(=O)(=O)c2ccc3c(c2)C(=NO)c2cc(S(=O)(=O)N4C[C@H](C)C[C@H](C)C4)ccc2C3=NO)C1,2.0,37.49138525155066,91.38525155065471,False,True,588.75,3.79,2,8,139.94,4,2,0.5,40,151.14,0.351,1,True,True,False,False,True
REP_08128,CHEMBL5095177,DS-2248,CNC(=O)CC1=Cc2nn(Cc3ncc(C)c(OC)c3C)c3nc(N)nc(c23)SC1,1.0,37.422467263955895,75.63749138525155,False,True,425.52,2.1,2,8,120.84,5,3,0.35,30,116.49,0.596,0,True,True,True,True,True
REP_03241,CHEMBL2104989,TISOCALCITATE,C=C1/C(=C\C=C2/CCC[C@]3(C)[C@@H]([C@H](C)/C=C/[C@@H](O)C(C)(C)C(=O)OC(C)C)CC[C@@H]23)C[C@@H](O)C[C@@H]1O,2.0,37.35354927636113,7.856650585802895,False,True,500.72,5.66,3,5,86.99,7,0,0.71,36,144.05,0.31,2,False,True,True,False,True
REP_06892,CHEMBL5095181,CAMIBIRSTAT,COC[C@H](NC(=O)c1ccn(S(C)(=O)=O)c1)C(=O)Nc1nc(-c2cccc(N3C[C@@H](C)O[C@@H](C)C3)n2)cs1,2.0,37.28463128876637,55.06547208821502,False,True,562.67,1.81,2,10,144.75,9,3,0.417,38,144.0,0.399,1,True,False,False,False,False
REP_08069,CHEMBL4650367,SIRPIGLENASTAT,CC(=O)N[C@@H](Cc1c[nH]c2ccccc12)C(=O)N[C@@H](CCC(=O)C=[N+]=[N-])C(=O)OC(C)C,1.0,37.2157133011716,56.9262577532736,False,True,441.49,1.3,3,5,153.76,11,2,0.409,32,116.69,0.208,0,True,False,False,True,False
REP_00266,CHEMBL3608680,FEZOLINETANT,Cc1nsc(-c2nnc3n2CCN(C(=O)c2ccc(F)cc2)[C@@H]3C)n1,4.0,37.14679531357684,50.137835975189525,False,True,358.4,2.46,0,6,76.8,2,3,0.312,25,89.51,0.703,0,True,True,True,True,True
REP_05080,CHEMBL2336325,VISTUSERTIB,CNC(=O)c1cccc(-c2ccc3c(N4CCOC[C@@H]4C)nc(N4CCOC[C@@H]4C)nc3n2)c1,2.0,37.07787732598208,82.15024121295657,False,True,462.55,2.5,1,8,92.71,4,3,0.44,34,131.41,0.632,0,True,True,True,False,True
REP_07073,CHEMBL5314515,DAVELIZOMIB,CC(C)C[C@H](NC(=O)CNC(=O)[C@@H]1CCN1c1ccc(F)cc1F)B1OC(=O)[C@H](CC(=O)O)O1,2.0,37.008959338387314,91.38525155065471,False,True,481.26,0.63,3,7,134.27,10,1,0.524,34,115.48,0.415,0,True,True,False,False,True
REP_06635,CHEMBL4650282,DS-1001B,CC(C)(C)N.Cc1cn(C(=O)c2c(-c3c(Cl)cc(Cl)cc3Cl)noc2C(C)(C)F)c2cccc(/C=C/C(=O)O)c12,2.0,36.94004135079256,91.38525155065471,False,True,608.93,8.3,2,5,111.35,5,4,0.276,40,158.12,0.221,2,False,True,False,False,True
REP_07354,CHEMBL6068560,SC-0191,CN1CCN(c2ccc(Nc3ncc4c(=O)n5n(c4n3)-c3cccc(n3)[C@](C)(O)CC/C=C\C5)cc2)CC1,2.0,36.8711233631978,10.062026188835286,False,True,512.62,3.03,2,8,104.34,3,4,0.357,38,148.3,0.404,1,True,True,True,False,True
REP_08261,CHEMBL6068520,PF-07054894,Cc1cn(C)nc1[C@H](Nc1c(Nc2ccnc(C(=O)N(C)C)c2O)c(=O)c1=O)C1(C)CCCC1,1.0,36.80220537560304,75.63749138525155,False,True,466.54,2.6,3,8,129.45,7,3,0.458,34,129.44,0.453,0,True,True,True,True,True
REP_06508,CHEMBL4462530,ZEMIRCICLIB,CC(=O)N[C@@H]1CCC[C@H](C(=O)Nc2cc(-c3cnn4c3CC(C)(C)C4)c(Cl)cn2)C1,2.0,36.73328738800827,91.38525155065471,False,True,429.95,3.81,2,4,88.91,4,2,0.545,30,116.15,0.773,0,True,True,True,True,True
REP_01485,CHEMBL1207366,GW468816,O=C(O)C1C/C(=C2/CCN(c3ccccc3)C2=O)c2ccc(Cl)cc2N1,2.0,36.66436940041351,91.38525155065471,False,True,368.82,3.8,2,3,69.64,2,2,0.2,26,101.45,0.791,0,True,True,True,True,True
REP_05866,CHEMBL376180,AMINOPTERIN,Nc1nc(N)c2nc(CNc3ccc(C(=O)N[C@@H](CCC(=O)O)C(=O)O)cc3)cnc2n1,2.0,36.59545141281875,52.13645761543764,False,True,440.42,0.24,6,10,219.33,9,3,0.211,32,113.48,0.263,1,True,False,False,True,False
REP_05906,CHEMBL38434,BREQUINAR,Cc1c(-c2ccc(-c3ccccc3F)cc2)nc2ccc(F)cc2c1C(=O)O,2.0,36.52653342522398,67.12611991729842,False,True,375.37,5.85,1,2,50.19,3,4,0.043,28,104.23,0.488,1,True,True,True,False,True
REP_05795,CHEMBL3647536,DARIGABAT,CCn1cnc2c(-c3ccc(F)c(-c4ccc(S(=O)(=O)CC)cc4OC)c3)cnnc21,2.0,36.45761543762922,72.15713301171606,False,True,440.5,4.12,0,6,86.97,6,4,0.227,31,116.11,0.448,0,True,True,True,True,True
REP_01455,CHEMBL1195136,SNX 5422,CC1(C)CC(=O)c2c(C(F)(F)F)nn(-c3ccc(C(N)=O)c(N[C@H]4CC[C@H](OC(=O)CN)CC4)c3)c2C1,2.0,36.388697450034456,76.2922122674018,False,True,521.54,3.37,3,7,142.33,6,2,0.52,37,128.33,0.495,1,True,False,False,False,False
REP_05094,CHEMBL2364601,AFTOBETIN,COCCOCCOCCOC(=O)/C(C#N)=C/c1ccc2cc(N3CCCCC3)ccc2c1,2.0,36.3197794624397,75.94762232942797,False,True,452.55,3.96,0,7,81.02,12,2,0.462,33,128.08,0.209,0,True,False,True,True,False
REP_01197,CHEMBL5314564,SUNVOZERTINIB,C=CC(=O)Nc1cc(Nc2nccc(Nc3cc(Cl)c(F)cc3C(C)(C)O)n2)c(OC)cc1N1CC[C@@H](N(C)C)C1,3.0,36.25086147484493,50.137835975189525,False,True,584.1,5.26,4,9,114.88,10,3,0.345,41,161.38,0.237,2,False,True,True,False,True
REP_07057,CHEMBL5314495,ZELASUDIL,Cn1nc(-c2ccc(C(=O)NCC(F)F)cc2)nc1Nc1ccc2[nH]ncc2c1C1CC1,2.0,36.181943487250166,58.5802894555479,False,True,437.45,3.97,3,5,100.52,7,4,0.273,32,116.13,0.406,0,True,True,True,True,True
REP_00246,CHEMBL272427,TAURURSODIOL,C[C@H](CCC(=O)NCCS(=O)(=O)O)[C@H]1CC[C@H]2[C@@H]3[C@@H](O)C[C@@H]4C[C@H](O)CC[C@]4(C)[C@H]3CC[C@]12C,4.0,36.11302549965541,34.114403859407304,False,True,499.71,3.4,4,5,123.93,7,0,0.962,34,130.44,0.398,0,True,True,True,False,True
REP_02143,CHEMBL1742401,ABITESARTAN,CCCCC(=O)N(Cc1ccc(-c2ccccc2-c2nnn[nH]2)cc1)CC1(C(=O)O)CCCC1,2.0,36.044107512060656,52.65334252239835,False,True,461.57,4.7,2,5,112.07,10,3,0.423,34,128.53,0.453,0,True,True,True,True,True
REP_02399,CHEMBL19611,ILOMASTAT,CNC(=O)[C@H](Cc1c[nH]c2ccccc12)NC(=O)[C@@H](CC(=O)NO)CC(C)C,2.0,35.97518952446589,97.4500344589938,False,True,388.47,1.5,5,4,123.32,9,2,0.45,28,105.49,0.33,0,True,True,True,True,True
REP_08222,CHEMBL5499497,LNP-1892,Cc1ccc([C@@H]2C[C@H](CN[C@H](C)c3cccc4ccccc34)Oc3ccccc32)cc1C(=O)O,1.0,35.906271536871124,69.3314955203308,False,True,451.57,6.48,2,3,58.56,6,4,0.233,34,135.82,0.352,1,True,True,False,False,True
REP_03722,CHEMBL2105798,TRIAMCINOLONE BENETONIDE,CC(CNC(=O)c1ccccc1)C(=O)OCC(=O)[C@@]12OC(C)(C)O[C@@H]1C[C@H]1[C@@H]3CCC4=CC(=O)C=C[C@]4(C)[C@@]3(F)[C@@H](O)C[C@@]12C,2.0,35.837353549276365,39.21433494141972,False,True,623.72,4.04,2,8,128.23,7,1,0.6,45,160.41,0.436,1,True,True,True,False,True
REP_07046,CHEMBL5314482,RITIVIXIBAT,CCCCC1(CCCC)CN(c2ccccc2)c2cc(SC)c(OCCC(=O)O)cc2S(=O)(=O)N1,2.0,35.7684355616816,14.47277739490007,False,True,520.72,5.81,2,6,95.94,12,2,0.5,35,141.52,0.341,2,False,False,True,False,False
REP_04430,CHEMBL2107292,KETAZOCINE,C[C@H]1[C@H]2C(=O)c3ccc(O)cc3[C@]1(C)CCN2CC1CC1,2.0,35.69951757408683,75.63749138525155,False,True,285.39,2.97,1,3,40.54,2,1,0.611,21,81.66,0.908,0,True,True,True,True,True
REP_08269,CHEMBL6068545,BN-104,O=C([C@H]1NC[C@@H]2CCC[C@@H]21)N1CCC2(CC1)CN(c1ncnnc1Oc1ccc(F)cc1-c1cncnc1C1CC1)C2,1.0,35.630599586492075,75.63749138525155,False,True,570.67,3.95,1,9,109.26,6,3,0.548,42,152.38,0.471,1,True,True,True,False,True
REP_00601,CHEMBL2048308,FLUTAFURANOL,CNc1ccc(-c2cc3cc(O)ccc3o2)c(F)n1,3.0,35.56168159889731,86.07856650585803,False,True,258.25,3.38,2,4,58.29,2,3,0.071,19,70.61,0.692,0,True,True,True,False,True
REP_06536,CHEMBL4518483,DANUGLIPRON,N#Cc1ccc(COc2cccc(C3CCN(Cc4nc5ccc(C(=O)O)cc5n4C[C@@H]4CCO4)CC3)n2)c(F)c1,2.0,35.49276361130255,41.62646450723639,False,True,555.61,4.89,1,7,113.5,9,4,0.355,41,147.99,0.311,1,True,True,True,False,True
REP_00715,CHEMBL2158614,FLUTAFURANOL F 18,CNc1ccc(-c2cc3cc(O)ccc3o2)c([18F])n1,3.0,35.423845623707784,90.9028256374914,False,True,257.25,3.38,2,4,58.29,2,3,0.071,19,70.61,0.691,0,True,True,True,False,True
REP_00572,CHEMBL190083,TARENFLURBIL,C[C@@H](C(=O)O)c1ccc(-c2ccccc2)c(F)c1,3.0,35.35492763611302,66.16126809097173,False,True,244.26,3.68,1,1,37.3,3,2,0.133,18,67.89,0.894,0,True,True,True,False,True
REP_00015,CHEMBL1096,AMLEXANOX,CC(C)c1ccc2oc3nc(N)c(C(=O)O)cc3c(=O)c2c1,4.0,35.28600964851827,87.18125430737422,False,True,298.3,2.75,2,5,106.42,2,3,0.188,22,83.25,0.704,0,True,True,True,True,True
REP_05054,CHEMBL225411,GW842166X,O=C(NCC1CCOCC1)c1cnc(Nc2ccc(Cl)cc2Cl)nc1C(F)(F)F,2.0,35.21709166092351,93.10820124052378,False,True,449.26,4.7,2,5,76.14,5,2,0.389,29,102.65,0.692,0,True,True,True,True,True
REP_04229,CHEMBL2106877,PRAZOCILLIN,Cc1cnn(-c2c(Cl)cccc2Cl)c1C(=O)N[C@@H]1C(=O)N2[C@@H]1SC(C)(C)[C@@H]2C(=O)O,2.0,35.14817367332874,24.2591316333563,False,True,469.35,2.73,2,5,104.53,4,2,0.368,30,113.3,0.668,0,True,True,True,True,True
REP_01300,CHEMBL10445,CLOXACEPRIDE,CCN(CC)CCNC(=O)c1cc(Cl)c(NC(=O)COc2ccc(Cl)cc2)cc1OC,2.0,35.079255685733976,50.137835975189525,False,True,468.38,4.09,2,5,79.9,11,2,0.364,31,123.7,0.52,0,True,False,True,True,False
REP_06209,CHEMBL4163691,POSELTINIB,C=CC(=O)Nc1cccc(Oc2nc(Nc3ccc(N4CCN(C)CC4)cc3)nc3ccoc23)c1,2.0,35.01033769813922,62.7842866988284,False,True,470.53,4.64,2,8,95.76,7,4,0.192,35,136.58,0.377,0,True,True,True,False,True
REP_07882,CHEMBL406381,KRN-633,CCCNC(=O)Nc1ccc(Oc2ncnc3cc(OC)c(OC)cc23)cc1Cl,1.0,34.94141971054445,91.38525155065471,False,True,416.87,4.62,2,6,94.6,7,3,0.25,29,111.48,0.583,0,True,True,True,True,True
REP_06379,CHEMBL4297480,SX-682,O=C(Nc1ccc(F)cc1)c1cnc(SCc2cc(OC(F)(F)F)ccc2B(O)O)nc1,2.0,34.87250172294969,93.2460372157133,False,True,467.21,2.74,3,7,104.57,7,3,0.105,32,108.9,0.213,0,True,True,True,True,True
REP_00945,CHEMBL4112929,MILVEXIAN,C[C@@H]1CCC[C@H](n2cnc(-c3cc(Cl)ccc3-n3cc(Cl)nn3)cc2=O)c2cc(ccn2)-c2c(cnn2C(F)F)NC1=O,3.0,34.80358373535493,75.63749138525155,False,True,626.46,5.8,1,7,125.41,4,5,0.25,43,155.36,0.267,2,False,True,True,False,True
REP_05518,CHEMBL3187503,GSK-1292263,CC(C)c1noc(N2CCC(COc3ccc(-c4ccc(S(C)(=O)=O)cc4)nc3)CC2)n1,2.0,34.73466574776016,50.137835975189525,False,True,456.57,3.95,0,8,98.42,7,3,0.435,32,121.6,0.527,0,True,True,True,True,True
REP_00873,CHEMBL3647420,PYROTINIB,CCOc1cc2ncc(C#N)c(Nc3ccc(OCc4ccccn4)c(Cl)c3)c2cc1NC(=O)/C=C/[C@H]1CCCN1C,3.0,34.6657477601654,91.38525155065471,False,True,583.09,6.47,2,8,112.4,10,4,0.25,42,164.35,0.205,2,False,True,False,False,True
REP_08085,CHEMBL4789639,BMS-986202,[2H]C([2H])([2H])NC(=O)c1cnc(NC(=O)C2CC2)cc1Nc1cccc(-c2ncc(F)cn2)c1OC,1.0,34.59682977257064,91.38525155065471,False,True,439.47,3.14,3,7,118.13,7,3,0.227,32,116.24,0.518,0,True,True,True,True,True
REP_07858,CHEMBL3910075,CE-245677,COc1ccc(C(=O)c2cn(C(C)C)c3ncnc(N)c23)cc1NC(=O)Nc1ccc(Cl)cc1Cl,1.0,34.52791178497587,75.63749138525155,False,True,513.39,5.78,3,6,124.16,6,4,0.167,35,137.86,0.281,2,False,True,True,False,True
REP_08067,CHEMBL4650361,TALETRECTINIB ADIPATE,C[C@@H](N)COc1ccc(-c2cnc3ccc(N[C@H](C)c4cccc(F)c4)nn23)cc1.O=C(O)CCCCC(=O)O,1.0,34.45899379738112,24.01791867677464,False,True,551.62,5.15,4,7,152.07,12,4,0.31,40,149.74,0.175,2,False,False,False,False,False
REP_06838,CHEMBL5095055,BAFREKALANT,COc1ccc(Cl)c(C(=O)N2C3CCC2CN(Cc2c(-c4ccc(C(C)C)cc4)nc4ncccn24)C3)n1,2.0,34.39007580978636,59.06271536871124,False,True,531.06,5.07,0,6,75.86,6,4,0.379,38,146.57,0.346,2,False,True,True,False,True
REP_07325,CHEMBL6068069,RANOSIDENIB,C[C@@H](Nc1nc(N[C@H](C)C(F)(F)F)nc(C2=C(F)[C@H](O)C(F)(F)CC2)n1)C(F)(F)F,2.0,34.321157822191594,50.137835975189525,False,True,453.31,4.07,3,6,82.96,5,1,0.667,30,86.32,0.584,0,True,True,True,True,True
REP_01345,CHEMBL1092665,SP-420,COCCOCCOc1ccc(C2=N[C@@](C)(C(=O)O)CS2)c(O)c1,2.0,34.25223983459683,78.15299793246038,False,True,355.41,1.77,2,7,97.58,9,1,0.5,24,91.33,0.652,0,True,True,True,True,True
REP_00807,CHEMBL3125702,NAVTEMADLIN,CC(C)[C@@H](CS(=O)(=O)C(C)C)N1C(=O)[C@@](C)(CC(=O)O)C[C@H](c2cccc(Cl)c2)[C@H]1c1ccc(Cl)cc1,3.0,34.18332184700207,9.99310820124052,False,True,568.56,6.38,1,4,91.75,9,2,0.5,37,147.76,0.379,2,False,True,False,False,True
REP_05252,CHEMBL278255,CLINAFLOXACIN,NC1CCN(c2c(F)cc3c(=O)c(C(=O)O)cn(C4CC4)c3c2Cl)C1,2.0,34.114403859407304,75.63749138525155,False,True,365.79,2.36,2,4,88.56,3,2,0.412,25,93.21,0.871,0,True,True,True,True,True
REP_04623,CHEMBL2107707,CEFOXAZOLE,CC(=O)OCC1=C(C(=O)O)N2C(=O)[C@@H](NC(=O)c3c(-c4ccccc4Cl)noc3C)[C@H]2SC1,2.0,34.045485871812545,92.97036526533424,False,True,491.91,2.22,2,8,139.04,6,2,0.286,33,117.33,0.459,0,True,True,False,False,True
REP_04357,CHEMBL2107116,NICLOFOLAN,O=[N+]([O-])c1cc(Cl)cc(-c2cc(Cl)cc([N+](=O)[O-])c2O)c1O,2.0,33.97656788421778,77.7394900068918,False,True,345.09,3.89,2,6,126.74,3,2,0.0,22,78.54,0.642,0,True,True,True,True,True
REP_04568,CHEMBL2107614,ETIPREDNOL DICLOACETATE,CCOC(=O)[C@@]1(OC(=O)C(Cl)Cl)CC[C@H]2[C@@H]3CCC4=CC(=O)C=C[C@]4(C)[C@H]3[C@@H](O)C[C@@]21C,2.0,33.90764989662301,50.137835975189525,False,True,485.4,3.91,1,6,89.9,4,0,0.708,32,118.96,0.48,0,True,True,True,False,True
REP_06039,CHEMBL3989639,ROFLEPONIDE,CCC[C@@H]1O[C@@H]2C[C@H]3[C@@H]4C[C@H](F)C5=CC(=O)CC[C@]5(C)[C@@]4(F)[C@@H](O)C[C@]3(C)[C@]2(C(=O)CO)O1,2.0,33.838731909028255,50.51688490696071,False,True,468.54,2.98,2,6,93.06,4,0,0.84,33,113.59,0.659,0,True,True,True,True,True
REP_07259,CHEMBL6017042,ZORACOPAN,CC(=O)c1cn(CC(=O)N2[C@H](C(=O)Nc3nc(Br)ccc3C)C[C@@]3(C)C[C@@H]23)c2c(C)cc(-c3cnc(C)nc3)cc12,2.0,33.76981392143349,91.38525155065471,False,True,615.53,5.4,1,6,110.08,6,4,0.355,41,159.51,0.23,2,False,True,True,False,True
REP_00947,CHEMBL4113975,BAXDROSTAT,CCC(=O)N[C@@H]1CCCc2c(-c3ccc4c(c3)CCC(=O)N4C)cncc21,3.0,33.70089593383874,53.54927636113025,False,True,363.46,3.56,1,3,62.3,3,2,0.409,27,105.52,0.907,0,True,True,True,True,True
REP_06165,CHEMBL4068108,CP-461 FREE BASE,CC1=C(CC(=O)NCc2ccccc2)c2cc(F)ccc2/C1=C\c1ccncc1,2.0,33.63197794624397,83.25292901447277,False,True,384.45,5.25,1,2,41.99,5,3,0.12,29,114.01,0.652,1,True,True,True,True,True
REP_06636,CHEMBL4650285,TEMUTERKIB,Cn1nccc1Nc1nccc(-c2cc3c(s2)C(C)(C)N(CCN2CCOCC2)C3=O)n1,2.0,33.56305995864921,23.914541695382496,False,True,453.57,2.71,1,8,88.41,6,3,0.455,32,123.16,0.614,0,True,True,True,True,True
REP_02378,CHEMBL1933349,MK-0893,COc1ccc2cc(-c3cc(-c4cc(Cl)cc(Cl)c4)nn3[C@@H](C)c3ccc(C(=O)NCCC(=O)O)cc3)ccc2c1,2.0,33.49414197105445,40.5237767057202,False,True,588.49,7.5,2,4,93.45,9,5,0.156,41,162.02,0.186,2,False,True,False,False,True
REP_07855,CHEMBL3894518,AZD-8835,CCn1nc(C2CCN(C(=O)CCO)CC2)nc1-c1cnc(N)c(-c2nnc(C(C)(C)C)o2)n1,1.0,33.42522398345969,56.78842177808407,False,True,469.55,1.77,2,10,161.97,6,3,0.591,34,123.38,0.544,0,True,False,False,True,False
REP_05783,CHEMBL3623290,AZD-3759,COc1cc2ncnc(Nc3cccc(Cl)c3F)c2cc1OC(=O)N1CCN(C)C[C@H]1C,2.0,33.35630599586492,75.25844245348036,False,True,459.91,4.31,1,7,79.82,4,3,0.318,32,120.47,0.622,0,True,True,True,True,True
REP_07080,CHEMBL5314522,IRPAGRATINIB,C=CC(=O)N[C@H]1CCOC[C@H]1Nc1ncc2cc(-c3c(F)c(OC)cc(OC)c3F)nc(N3CC(C)(OC)C3)c2n1,2.0,33.28738800827016,75.63749138525155,False,True,570.6,3.08,2,10,119.96,9,3,0.429,41,148.39,0.372,1,True,True,True,False,True
REP_07121,CHEMBL5314923,MIZAGLIFLOZIN,Cc1cc(OCCCNCC(C)(C)C(N)=O)ccc1Cc1c(O[C@@H]2O[C@H](CO)[C@@H](O)[C@H](O)[C@H]2O)n[nH]c1C(C)C,2.0,33.2184700206754,87.0434183321847,False,True,564.68,0.48,7,10,192.41,14,2,0.643,40,147.01,0.159,2,False,False,False,False,False
REP_01205,CHEMBL5314952,REZIVERTINIB,C=CC(=O)Nc1cc(Nc2nccc(-c3cn(C)c4ccccc34)n2)c(OC)cc1OCCN(C)C,3.0,33.14955203308063,72.4328049620951,False,True,486.58,4.45,2,7,93.54,10,4,0.222,36,143.1,0.32,0,True,True,True,False,True
REP_06667,CHEMBL4650989,TALETRECTINIB,C[C@@H](N)COc1ccc(-c2cnc3ccc(N[C@H](C)c4cccc(F)c4)nn23)cc1,2.0,33.080634045485866,50.137835975189525,False,True,405.48,4.43,2,5,77.47,7,4,0.217,30,116.01,0.475,0,True,True,True,True,True
REP_01344,CHEMBL1092581,NESBUVIR,CNC(=O)c1c(-c2ccc(F)cc2)oc2cc(N(CCO)S(C)(=O)=O)c(C3CC3)cc12,2.0,33.01171605789111,70.84769124741557,False,True,446.5,3.23,2,5,99.85,7,3,0.318,31,116.25,0.581,0,True,True,True,True,True
REP_07042,CHEMBL5314478,PUMECITINIB,CC(C)S(=O)(=O)N1CC(CC#N)(n2cc(-c3ncnc4[nH]ccc34)c(N)n2)C1,2.0,32.94279807029634,58.23569951757408,False,True,400.47,1.07,2,7,146.58,5,3,0.412,28,103.35,0.651,0,True,False,False,True,False
REP_07356,CHEMBL6068562,SPH-5030,CCOc1cc2ncnc(Nc3ccc(Oc4ccn5ncnc5c4)c(C)c3)c2cc1NC(=O)/C(F)=C/[C@H]1CCCN1C,2.0,32.87388008270159,91.38525155065471,False,True,582.64,5.8,2,9,118.8,9,5,0.258,43,161.7,0.208,2,False,True,True,False,True
REP_04969,CHEMBL215152,DEFOSBARASERTIB,CCN(CCO)CCCOc1ccc2c(Nc3cc(CC(=O)Nc4cccc(F)c4)[nH]n3)ncnc2c1,2.0,32.80496209510682,91.38525155065471,False,True,507.57,3.5,4,8,128.29,13,4,0.308,37,139.45,0.203,1,True,False,True,False,False
REP_06713,CHEMBL4760665,PF-06865571,CCOc1cccnc1Oc1cncc(-c2ncc(C(=O)N[C@H]3CCOC3)cn2)c1,2.0,32.736044107512065,91.38525155065471,False,True,407.43,2.64,1,8,108.35,7,3,0.286,30,107.43,0.637,0,True,True,True,True,True
REP_00692,CHEMBL2107486,TEBIPENEM PIVOXIL,C[C@@H](O)[C@H]1C(=O)N2C(C(=O)OCOC(=O)C(C)(C)C)=C(SC3CN(C4=NCCS4)C3)[C@H](C)[C@H]12,3.0,32.6671261199173,93.7973811164714,False,True,497.64,1.67,1,10,108.74,6,0,0.727,33,126.21,0.333,0,True,True,True,False,True
REP_08046,CHEMBL4650227,CENTHAQUINE CITRATE,Cc1cccc(N2CCN(CCc3ccc4ccccc4n3)CC2)c1.O=C(O)CC(O)(CC(=O)O)C(=O)O,1.0,32.59820813232254,50.44796691936595,False,True,523.59,2.66,4,7,151.5,9,3,0.357,38,142.37,0.329,1,True,False,False,False,False
REP_00716,CHEMBL2163631,SABIZABULIN,COc1cc(C(=O)c2cnc(-c3c[nH]c4ccccc34)[nH]2)cc(OC)c1OC,3.0,32.529290144727774,69.74500344589939,False,True,377.4,3.81,2,5,89.23,6,4,0.143,28,105.41,0.499,0,True,True,True,True,True
REP_07171,CHEMBL5569312,EVETIFATOR,O=C(COc1ccc(Cl)cc1)NC12CC(c3nnc([C@H]4C[C@@H](OC(F)(F)F)C4)o3)(C1)C2,2.0,32.46037215713301,50.137835975189525,False,True,457.84,3.87,1,6,86.48,7,2,0.55,31,100.55,0.679,0,True,True,True,True,True
REP_06300,CHEMBL4297256,ABT-384,CC(C)(C(=O)NC1C2CC3CC1CC(C(N)=O)(C3)C2)N1CCN(c2ccc(C(F)(F)F)cn2)CC1,2.0,32.39145416953825,69.19365954514129,False,True,493.57,2.8,2,5,91.56,5,1,0.72,35,124.22,0.658,0,True,True,True,False,True
REP_07285,CHEMBL6068014,GIROCITINIB,C[C@@H](O)c1nc2cnc3ccoc3c2n1[C@H]1CCC[C@H](CC#N)O1,2.0,32.322536181943484,75.60303239145418,False,True,326.36,3.21,1,6,97.1,3,3,0.471,24,85.92,0.793,0,True,True,True,True,True
REP_06644,CHEMBL4650324,VEBICORVIR,O=C(NCc1cnc(C(F)(F)F)s1)c1ccc2c(c1)NC(=O)c1ccccc1S2(=O)=O,2.0,32.25361819434872,75.63749138525155,False,True,467.45,3.49,2,6,105.23,3,3,0.105,31,104.58,0.614,0,True,True,True,True,True
REP_07155,CHEMBL5417170,MHV-370,Cc1cc(N2CCc3c(c(C)nn3CC34CCC(NC(=O)[C@@H]5COCCN5)(CC3)CC4)C2)c2cnn(C)c2n1,2.0,32.18470020675396,91.38525155065471,False,True,532.69,2.54,2,7,102.13,5,3,0.655,39,148.58,0.521,1,True,True,True,False,True
REP_06242,CHEMBL4227505,SOTULETINIB,CNC(=O)c1cc(Oc2ccc3nc(N[C@@H]4CCCC[C@H]4O)sc3c2)ccn1,2.0,32.11578221915921,96.6919365954514,False,True,398.49,3.56,3,7,96.37,5,3,0.35,28,109.21,0.608,0,True,True,True,True,True
REP_00826,CHEMBL3287379,CONTEZOLID,O=C1C=CN(c2c(F)cc(N3C[C@H](CNc4ccon4)OC3=O)c(F)c2F)CC1,3.0,32.04686423156444,77.53273604410751,False,True,408.34,2.82,1,7,87.91,5,2,0.278,29,95.03,0.761,0,True,True,True,True,True
REP_07647,CHEMBL1951032,ADP-597,COc1c(Nc2ccc(S(C)(=O)=O)nc2C)ncnc1OC1CCN(C(=O)OC(C)C)CC1,1.0,31.97794624396968,50.137835975189525,False,True,479.56,2.72,1,10,132.84,7,2,0.524,33,120.79,0.632,0,True,True,False,True,True
REP_00400,CHEMBL1085699,MANIDIPINE 6300,COC(=O)C1=C(C)NC(C)=C(C(=O)OCCN2CCN(C(c3ccccc3)c3ccccc3)CC2)C1c1cccc([N+](=O)[O-])c1,3.0,31.90902825637492,3.239145416953825,False,True,610.71,4.95,1,9,114.25,10,3,0.314,45,170.09,0.193,1,True,True,True,False,True
REP_06973,CHEMBL522783,AMBRUTICIN,CC[C@H]1O[C@@H](/C(C)=C/[C@H](C)/C=C/[C@H]2[C@@H](C)[C@@H]2/C=C/[C@@H]2O[C@H](CC(=O)O)C[C@H](O)[C@H]2O)CC=C1C,2.0,31.84011026878015,73.88008270158511,False,True,474.64,4.43,3,5,96.22,9,0,0.679,34,132.22,0.428,0,True,True,True,False,True
REP_07582,CHEMBL1230122,R-1487,Cn1c(=O)c(Oc2ccc(F)cc2F)cc2cnc(NC3CCOCC3)nc21,1.0,31.77119228118539,59.61405926946933,False,True,388.37,2.99,1,6,78.27,4,3,0.316,28,98.67,0.74,0,True,True,True,True,True
REP_01115,CHEMBL4802157,ELINZANETANT,Cc1cc(F)ccc1-c1cc(N2C[C@H]3COCCN3C[C@H]2CO)ncc1N(C)C(=O)C(C)(C)c1cc(C(F)(F)F)cc(C(F)(F)F)c1,3.0,31.702274293590627,91.38525155065471,False,True,668.65,6.06,1,6,69.14,6,3,0.455,47,161.65,0.323,2,False,True,False,False,True
REP_07063,CHEMBL5314503,AVENCIGUAT,CCOc1c(C(=O)O)cnn1-c1cccc(-c2cccc(C)c2OCc2ccc3c(c2C)CCN(C2CCOCC2)C3)n1,2.0,31.633356305995864,91.38525155065471,False,True,582.7,5.76,1,7,98.94,9,4,0.382,43,163.13,0.266,2,False,True,True,False,True
REP_02931,CHEMBL2104513,NILPRAZOLE,CC(C)NC(=O)CN1CCN(Cc2nc3ccccc3n2CCC(=O)c2ccccc2)CC1,2.0,31.564438318401105,50.137835975189525,False,True,447.58,2.95,1,5,70.47,9,3,0.423,33,130.12,0.511,0,True,True,True,False,True
REP_01255,CHEMBL70663,DAPIVIRINE,Cc1cc(C)c(Nc2ccnc(Nc3ccc(C#N)cc3)n2)c(C)c1,3.0,31.495520330806336,68.91798759476224,False,True,329.41,4.76,2,5,73.63,4,3,0.15,25,100.41,0.722,0,True,True,True,True,True
REP_02073,CHEMBL1697829,CEFTEZOLE,O=C(Cn1cnnn1)N[C@@H]1C(=O)N2C(C(=O)O)=C(CSc3nncs3)CS[C@H]12,2.0,31.426602343211574,50.137835975189525,False,True,440.49,-0.94,2,11,156.09,7,2,0.385,28,98.13,0.404,1,True,False,False,False,False
REP_07977,CHEMBL429844,ORE-1001,CC(C)C[C@H](N[C@@H](Cc1cncn1Cc1cc(Cl)cc(Cl)c1)C(=O)O)C(=O)O,1.0,31.35768435561681,75.63749138525155,False,True,428.32,3.32,3,4,104.45,10,2,0.421,28,106.93,0.536,0,True,True,True,True,True
REP_01143,CHEMBL506981,REMINERTANT,COc1cccc(OC)c1-c1cc(C(=O)NC2(C(=O)O)C3CC4CC(C3)CC2C4)nn1-c1ccnc2cc(Cl)ccc12,3.0,31.28876636802206,50.137835975189525,False,True,587.08,5.77,2,6,115.57,7,4,0.375,42,157.29,0.282,2,False,True,True,False,True
REP_05588,CHEMBL3301614,TOREFORANT TARTRATE,Cc1cc(C)c2nc(-c3cnc(NCCCC4CCN(C)CC4)nc3C)[nH]c2c1.Cc1cc(C)c2nc(-c3cnc(NCCCC4CCN(C)CC4)nc3C)[nH]c2c1,2.0,31.21984838042729,50.03445899379738,False,True,785.1,8.96,4,10,139.46,12,6,0.522,58,238.55,0.089,2,False,False,False,False,False
REP_05477,CHEMBL3137302,SAROLANER,CS(=O)(=O)CC(=O)N1CC2(C1)OCc1cc(C3=NO[C@@](c4cc(Cl)c(F)c(Cl)c4)(C(F)(F)F)C3)ccc12,2.0,31.15093039283253,50.137835975189525,False,True,581.37,4.33,0,6,85.27,4,2,0.391,37,125.59,0.397,1,True,True,True,False,True
REP_07933,CHEMBL4297350,ASP-4058,C[C@H](Oc1ccc(-c2nc(-c3ccc4[nH]cnc4c3)no2)cc1C(F)(F)F)C(F)(F)F,1.0,31.08201240523777,61.33700895933838,False,True,442.32,5.63,1,5,76.83,4,4,0.211,31,95.97,0.415,1,True,True,True,False,True
REP_00853,CHEMBL3545043,ASAPIPRANT,CC(C)Oc1ccc(S(=O)(=O)N2CCN(c3ccc(-c4ncco4)c(OCC(=O)O)c3)CC2)cc1,3.0,31.013094417643007,91.38525155065471,False,True,501.56,3.1,1,8,122.41,9,3,0.333,35,128.25,0.471,1,True,True,True,False,True
REP_06327,CHEMBL4297333,VB-201,CCCCCCCCCCCCCCCCOC[C@H](COP(=O)([O-])OCC[N+](C)(C)C)OCCCCC(=O)O,2.0,30.94417643004824,82.8394210889042,False,True,581.77,6.33,1,7,114.35,30,0,0.966,39,154.77,0.059,2,False,False,False,False,False
REP_07854,CHEMBL3892052,ONO-7579,CS(=O)(=O)c1ccc(C(F)(F)F)cc1NC(=O)Nc1cnc(Oc2ccc(-c3cc(Cl)cnc3N)cc2)nc1,1.0,30.87525844245348,91.38525155065471,False,True,578.96,5.63,3,8,149.19,6,4,0.083,39,138.4,0.266,2,False,False,False,False,False
REP_05575,CHEMBL3287218,PF-5190457,Cc1cc(-c2ccc3c(c2)CC[C@H]3N2CC3(CCN(C(=O)Cc4cn5cc(C)sc5n4)CC3)C2)ncn1,2.0,30.80634045485872,50.137835975189525,False,True,512.68,4.62,0,6,66.63,4,4,0.448,37,144.6,0.399,1,True,True,True,False,True
REP_00008,CHEMBL107,COLCHICINE,COc1cc2c(c(OC)c1OC)-c1ccc(OC)c(=O)cc1[C@@H](NC(C)=O)CC2,4.0,30.737422467263958,50.137835975189525,False,True,399.44,2.87,1,6,83.09,5,2,0.364,29,109.23,0.833,0,True,True,True,True,True
REP_07206,CHEMBL575448,BMS-754807,C[C@@]1(C(=O)Nc2ccc(F)nc2)CCCN1c1nc(Nc2cc(C3CC3)n[nH]2)c2cccn2n1,2.0,30.66850447966919,50.137835975189525,False,True,461.51,3.61,3,7,116.13,6,4,0.348,34,124.64,0.376,0,True,True,True,True,True
REP_02896,CHEMBL2104454,DROCINONIDE,CC1(C)O[C@@H]2C[C@H]3[C@@H]4CC[C@H]5CC(=O)CC[C@]5(C)[C@@]4(F)[C@@H](O)C[C@]3(C)[C@]2(C(=O)CO)O1,2.0,30.599586492074422,17.022742935906276,False,True,438.54,2.72,2,6,93.06,2,0,0.917,31,108.72,0.689,0,True,True,True,True,True
REP_08133,CHEMBL5095190,ODM-207,COc1cc2c(cc1-c1c(C)noc1C)cc(C)c(=O)n2Cc1ccccn1,1.0,30.530668504479674,13.439007580978634,False,True,375.43,4.03,0,5,70.15,4,4,0.227,28,107.81,0.538,0,True,True,True,True,True
REP_03995,CHEMBL2106423,MECLORISONE DIBUTYRATE,CCCC(=O)OCC(=O)[C@@]1(OC(=O)CCC)[C@H](C)C[C@H]2[C@@H]3CCC4=CC(=O)C=C[C@]4(C)[C@@]3(Cl)[C@@H](Cl)C[C@@]21C,2.0,30.461750516884912,53.2736044107512,False,True,567.55,6.11,0,6,86.74,8,0,0.733,38,145.89,0.26,2,False,True,False,False,True
REP_02386,CHEMBL1947204,ALLITINIB,C=CC(=O)Nc1ccc2ncnc(Nc3ccc(OCc4cccc(F)c4)c(Cl)c3)c2c1,2.0,30.392832529290143,50.137835975189525,False,True,448.89,5.87,2,5,76.14,7,4,0.042,32,123.83,0.346,1,True,True,True,False,True
REP_03025,CHEMBL2104643,AMINOPTERIN SODIUM,Nc1nc(N)c2nc(CNc3ccc(C(=O)N[C@@H](CCC(=O)[O-])C(=O)[O-])cc3)cnc2n1,2.0,30.323914541695384,52.13645761543764,False,True,438.4,-2.43,4,12,224.99,9,3,0.211,32,108.22,0.274,1,True,False,False,False,False
REP_07141,CHEMBL5316168,LOMECITINIB,CNC(=O)c1nnc(NC(=O)[C@@H]2CC23CC3)cc1Nc1ncccc1S(C)(=O)=O,2.0,30.25499655410062,50.137835975189525,False,True,416.46,1.12,3,8,143.04,6,2,0.389,29,104.46,0.636,0,True,False,False,True,False
REP_04356,CHEMBL2107112,TIXOCORTOL PIVALATE,CC(C)(C)C(=O)SCC(=O)[C@@]1(O)CC[C@H]2[C@@H]3CCC4=CC(=O)CC[C@]4(C)[C@H]3[C@@H](O)C[C@@]21C,2.0,30.18607856650586,65.47208821502413,False,True,462.65,4.1,2,6,91.67,3,0,0.808,32,124.98,0.656,0,True,True,True,True,True
REP_01494,CHEMBL1210954,BALOFLOXACIN,CNC1CCCN(c2c(F)cc3c(=O)c(C(=O)O)cn(C4CC4)c3c2OC)C1,2.0,30.117160578911097,32.11578221915921,False,True,389.43,2.37,2,5,83.8,5,2,0.5,28,104.24,0.817,0,True,True,True,True,True
REP_05331,CHEMBL287542,RAFOXANIDE,O=C(Nc1ccc(Oc2ccc(Cl)cc2)c(Cl)c1)c1cc(I)cc(I)c1O,2.0,30.04824259131633,91.45416953824947,False,True,626.02,6.95,2,3,58.56,4,3,0.0,27,124.47,0.309,2,False,True,False,False,True
REP_07249,CHEMBL5944803,FRESPACIGUAT,C[C@@]1(c2ccc(CCC(=O)O)cc2)C(=O)Nc2nc(-c3nn(CCC(F)(F)C(F)(F)F)c4cc(Cl)ccc34)nc(N)c21,2.0,29.97932460372157,4.89317711922812,False,True,608.95,5.59,3,6,136.02,8,4,0.296,42,143.28,0.222,2,False,True,False,False,True
REP_00336,CHEMBL611,TERAZOSIN,COc1cc2nc(N3CCN(C(=O)C4CCCO4)CC3)nc(N)c2cc1OC,4.0,29.910406616126807,27.08476912474156,False,True,387.44,1.06,1,8,103.04,4,2,0.526,28,104.82,0.831,0,True,True,True,True,True
REP_06865,CHEMBL5095087,AMELENODOR,Cc1cccc(Oc2cc(Oc3cccc(C)n3)cc(Oc3cccc(C)n3)c2)n1,2.0,29.84148862853204,50.137835975189525,False,True,399.45,6.17,0,6,66.36,6,4,0.125,30,113.59,0.386,1,True,True,False,False,True
REP_05539,CHEMBL3221237,MK-0773,CN1C(=O)C(F)=C[C@]2(C)[C@H]3CC[C@]4(C)[C@@H](C(=O)NCc5nc6cccnc6[nH]5)CC[C@H]4[C@@H]3CC[C@@H]12,2.0,29.77257064093728,50.137835975189525,False,True,479.6,4.13,2,4,90.98,3,2,0.63,35,129.36,0.693,0,True,True,True,True,True
REP_06952,CHEMBL5173264,INE-963,COc1nc(C(C)C)ccc1-c1cnc2sc(N3CCC(O)(CN)CC3)nn12,2.0,29.703652653342527,91.38525155065471,False,True,402.52,2.27,2,8,101.8,5,3,0.526,28,110.19,0.675,0,True,True,True,True,True
REP_02064,CHEMBL1697784,BETAMETHASONE ACIBUTATE,CC(=O)OCC(=O)[C@@]1(OC(=O)C(C)C)[C@@H](C)C[C@H]2[C@@H]3CCC4=CC(=O)C=C[C@]4(C)[C@@]3(F)[C@@H](O)C[C@@]21C,2.0,29.634734665747764,40.04135079255686,False,True,504.6,3.67,1,7,106.97,5,0,0.714,36,128.2,0.569,1,True,True,True,False,True
REP_06924,CHEMBL5095260,CAMONSERTIB,C[C@@H]1COCCN1c1cc([C@]2(O)C[C@H]3CC[C@@H](C2)O3)c2cnn(-c3cc[nH]n3)c2n1,2.0,29.565816678153,29.15230875258442,False,True,410.48,1.9,2,7,101.32,3,3,0.571,30,109.66,0.68,0,True,True,True,True,True
REP_08142,CHEMBL5095219,AZD-5122,C[C@@H](Nc1cc(NS(=O)(=O)N2CCC2)nc(SCc2cccc(F)c2F)n1)[C@@H](O)CO,1.0,29.49689869055824,96.0027567195038,False,True,475.54,1.56,4,8,127.68,10,2,0.444,31,112.86,0.301,0,True,True,True,True,True
REP_05377,CHEMBL29609,PLECONARIL,Cc1cc(CCCOc2c(C)cc(-c3noc(C(F)(F)F)n3)cc2C)on1,2.0,29.427980702963477,50.137835975189525,False,True,381.35,4.68,0,6,74.18,6,3,0.389,27,89.27,0.577,0,True,True,True,True,True
REP_03638,CHEMBL2105536,SULFACECOLE,CCOCC(=O)Nc1ccc(S(=O)(=O)Nc2cc(C)on2)cc1,2.0,29.35906271536871,82.77050310130944,False,True,339.37,1.76,2,6,110.53,7,2,0.286,23,83.61,0.795,0,True,True,True,True,True
REP_05541,CHEMBL322832,LEXIPAFANT,CCOC(=O)[C@H](CC(C)C)N(C)S(=O)(=O)c1ccc(Cn2c(C)nc3cnccc32)cc1,2.0,29.29014472777395,42.108890420399725,False,True,458.58,3.39,0,6,94.39,9,3,0.435,32,122.63,0.456,0,True,True,True,True,True
REP_08201,CHEMBL5314954,ALTEMINOSTAT,CN1CCN(C(=O)N(CCCCCCC(=O)NO)c2ccc(-c3ccc4cnn(C)c4c3)cc2)CC1,1.0,29.221226740179183,53.48035837353549,False,True,492.62,3.87,2,5,93.94,9,3,0.444,36,140.98,0.269,0,True,True,True,False,True
REP_01814,CHEMBL1473252,SODIUM TANSHINONE IIA SULFONATE,Cc1c(S(=O)(=O)[O-])oc2c1C(=O)C(=O)c1c-2ccc2c1CCCC2(C)C,2.0,29.15230875258442,91.38525155065471,False,True,373.41,3.15,0,6,104.48,1,2,0.368,26,91.47,0.562,0,True,True,True,True,True
REP_06649,CHEMBL4650332,ETAVOPIVAT,O=C([C@H](CO)c1ccccc1)N1CC2=C(C1)CN(S(=O)(=O)c1cnc3c(c1)OCCO3)C2,2.0,29.08339076498966,50.137835975189525,False,True,457.51,0.77,1,7,109.27,5,2,0.364,32,113.86,0.661,0,True,True,True,True,True
REP_02364,CHEMBL1910936,MK3207,O=C(CN1C(=O)C2(CCCC2)NC[C@H]1c1cc(F)cc(F)c1)Nc1ccc2c(c1)C[C@@]1(C2)C(=O)Nc2ncccc21,2.0,29.014472777394896,91.38525155065471,False,True,557.6,3.77,3,5,103.43,4,3,0.355,41,147.04,0.453,1,True,True,True,False,True
REP_06896,CHEMBL5095198,TILDACERFONT,CCC(CC)c1cc(C)nc2c(-c3nc(N4CCOCC4)sc3Cl)c(C)nn12,2.0,28.94555478980014,86.90558235699517,False,True,419.98,4.86,0,6,55.55,5,3,0.55,28,114.93,0.59,0,True,True,True,True,True
REP_00921,CHEMBL3989926,SITRAVATINIB,COCCNCc1ccc(-c2cc3nccc(Oc4ccc(NC(=O)C5(C(=O)Nc6ccc(F)cc6)CC5)cc4F)c3s2)nc1,3.0,28.87663680220538,50.137835975189525,False,True,629.69,6.52,3,8,114.47,12,5,0.212,45,168.23,0.106,2,False,False,False,False,False
REP_07902,CHEMBL4212692,XP-102,CCCS(=O)(=O)Nc1ccc(F)c(-n2cc(-c3cncnc3)c3nc(N(C)C4CCN(CC)CC4)ccc32)c1F,1.0,28.807718814610617,76.0854583046175,False,True,569.68,4.83,1,7,96.25,9,4,0.393,40,153.25,0.308,1,True,True,True,False,True
REP_02709,CHEMBL2104159,BROMOXANIDE,Cc1c([N+](=O)[O-])cc(C(C)(C)C)c(O)c1C(=O)Nc1ccc(Br)cc1C(F)(F)F,2.0,28.73880082701585,82.56374913852515,False,True,475.26,5.94,2,4,92.47,3,2,0.316,29,105.3,0.425,1,True,True,False,False,True
REP_01568,CHEMBL1237124,MECLOCYCLINE,C=C1c2c(Cl)ccc(O)c2C(=O)C2=C(O)[C@]3(O)C(=O)C(C(N)=O)=C(O)[C@@H](N(C)C)[C@@H]3[C@@H](O)[C@H]12,2.0,28.66988283942109,78.49758787043419,False,True,476.87,0.22,6,9,181.62,2,1,0.318,33,115.4,0.325,1,True,False,False,True,False
REP_06344,CHEMBL4297392,IOWH-032,O=C(NCc1ccc(Oc2ccccc2)cc1)c1nc(-c2cc(Br)c(O)c(Br)c2)no1,2.0,28.60096485182633,50.137835975189525,False,True,545.19,5.69,2,6,97.48,6,4,0.045,31,120.93,0.323,2,False,True,True,False,True
REP_07962,CHEMBL4297465,GCC-4401C,O=C(NC[C@H]1CN(c2ccc(N3CCNC=N3)cc2)C(=O)O1)c1ccc(Cl)s1,1.0,28.532046864231564,50.137835975189525,False,True,419.89,2.51,2,7,86.27,5,2,0.278,28,109.56,0.777,0,True,True,True,True,True
REP_07344,CHEMBL6068538,ASP-7962,NC(=O)C1CCN(c2ncccc2NC(=O)c2coc(N3CCOCC3)n2)CC1,2.0,28.4631288766368,92.41902136457615,False,True,400.44,0.86,2,8,126.82,5,2,0.474,29,105.86,0.757,0,True,True,True,True,True
REP_01184,CHEMBL5267842,PALTUSOTINE,N#Cc1cccc(-c2ccc3ncc(-c4cc(F)cc(F)c4)c(N4CCC(N)CC4)c3c2)c1O,3.0,28.39421088904204,50.137835975189525,False,True,456.5,5.35,2,5,86.17,3,4,0.185,34,128.33,0.434,1,True,True,True,True,True
REP_05883,CHEMBL3813842,PAXALISIB,CC1(C)OCCn2c1nc1c(N3CCOCC3)nc(-c3cnc(N)nc3)nc12,2.0,28.325292901447277,24.01791867677464,False,True,382.43,0.97,1,9,117.1,2,3,0.5,28,102.77,0.691,0,True,True,True,True,True
REP_06921,CHEMBL5095257,BEXOTEGRAST,COCCN(CCCCC1=CC=C2CCCN=C2N1)CC[C@H](Nc1ncnc2ccccc12)C(=O)O,2.0,28.25637491385251,50.137835975189525,False,True,492.62,3.61,3,8,111.97,14,2,0.481,36,142.21,0.343,0,True,False,True,False,False
REP_04638,CHEMBL2107746,ELOMOTECAN,CC[C@@]1(O)CC(=O)OCc2c1cc1n(c2=O)Cc2c-1nc1cc(Cl)c(C)cc1c2CN1CCC(C)CC1,2.0,28.18745692625775,50.137835975189525,False,True,522.05,4.66,1,6,84.66,3,3,0.483,37,142.56,0.395,1,True,True,True,False,True
REP_07142,CHEMBL532998,BROMOFENOFOS,O=P(O)(O)Oc1c(Br)cc(Br)cc1-c1cc(Br)cc(Br)c1O,2.0,28.118538938663,94.1419710544452,False,True,581.77,5.58,3,3,86.99,3,2,0.0,22,97.01,0.412,2,False,True,True,False,True
REP_07842,CHEMBL3732012,GDC-0134,Nc1ncc(-c2cc(N3C[C@@H]4C[C@H]3CO4)nc(N3CCC(F)(F)C3)n2)cc1OC(F)F,1.0,28.04962095106823,50.137835975189525,False,True,440.4,2.55,1,8,89.63,5,2,0.526,31,103.58,0.71,0,True,True,True,True,True
REP_02647,CHEMBL2104067,CEFAPAROLE,Cc1nnc(SCC2=C(C(=O)O)N3C(=O)[C@@H](NC(=O)[C@H](N)c4ccc(O)cc4)[C@H]3SC2)s1,2.0,27.98070296347347,67.3328738800827,False,True,493.59,1.08,4,10,158.74,7,2,0.316,32,120.09,0.325,0,True,False,False,False,False
REP_07122,CHEMBL5314924,MK-8189,Cc1ccc([C@H]2C[C@@H]2COc2cc(NCc3nnc(C)s3)nc(C)n2)nc1,2.0,27.911784975878707,50.137835975189525,False,True,382.49,3.44,1,8,85.71,7,3,0.421,27,104.06,0.67,0,True,True,True,True,True
REP_01054,CHEMBL4483575,REMIBRUTINIB,C=CC(=O)N(C)CCOc1c(N)ncnc1-c1cc(F)cc(NC(=O)c2ccc(C3CC3)cc2F)c1C,3.0,27.842866988283944,91.38525155065471,False,True,507.54,4.47,2,6,110.44,9,3,0.259,37,136.23,0.414,1,True,True,True,False,True
REP_04635,CHEMBL2107732,BAMIRASTINE,CC(C)(C(=O)O)c1cn2nc(NCCCN3CCC(OC(c4ccccc4)c4ccccc4)CC3)ccc2n1,2.0,27.77394900068918,50.137835975189525,False,True,527.67,5.16,2,6,91.99,11,4,0.387,39,152.03,0.26,2,False,False,True,False,False
REP_07729,CHEMBL245030,SR-13668,CCOC(=O)c1ccc2[nH]c3c(OC)c4[nH]c5ccc(C(=O)OCC)cc5c4cc3c2c1,1.0,27.705031013094416,37.07787732598208,False,True,430.46,5.32,2,5,93.41,5,5,0.2,32,123.63,0.368,1,True,True,True,True,True
REP_06178,CHEMBL4081588,ZED-1227,CCC(CC)CNC(=O)Cn1cccc(NC(=O)[C@H](CC/C=C/C(=O)OC)NC(=O)c2cncn2C)c1=O,2.0,27.63611302549965,50.10337698139215,False,True,528.61,1.38,3,7,153.42,14,2,0.462,38,141.27,0.247,1,True,False,False,False,False
REP_06647,CHEMBL4650330,RIMTUZALCAP,Cc1ccn(-c2nc(NC3CCC(F)(F)CC3)cc(N3CCOCC3)n2)n1,2.0,27.56719503790489,50.137835975189525,False,True,378.43,2.8,1,6,68.1,4,2,0.611,27,97.75,0.882,0,True,True,True,True,True
REP_06723,CHEMBL4783351,EMAVUSERTIB,Cc1cc(-c2nc(C(=O)Nc3cc4oc(N5CCOCC5)nc4nc3N3CC[C@@H](O)C3)co2)ccn1,2.0,27.49827705031013,50.137835975189525,False,True,491.51,2.24,2,11,142.88,5,4,0.375,36,130.1,0.424,1,True,False,False,False,False
REP_04335,CHEMBL2107078,SETIPAFANT,COc1ccc(NC(=O)N2CCc3c(sc4c3C(c3ccccc3Cl)=NCc3nnc(C)n3-4)C2)cc1,2.0,27.429359062715363,15.920055134390076,False,True,519.03,5.24,1,6,84.64,3,4,0.231,36,140.89,0.402,2,False,True,True,False,True
REP_00862,CHEMBL3545369,EPACADOSTAT,NS(=O)(=O)NCCNc1nonc1/C(=N/O)Nc1ccc(F)c(Br)c1,3.0,27.36044107512061,95.58924879393524,False,True,438.24,0.42,5,8,167.76,7,2,0.182,25,89.94,0.136,0,True,False,False,True,False
REP_07658,CHEMBL2031465,AZD-6703,Cc1ccc(C(=O)NC2CC2)cc1-n1cnc2ccc(N3CCN(C)CC3)cc2c1=O,1.0,27.29152308752585,50.137835975189525,False,True,417.51,2.34,1,5,70.47,4,3,0.375,31,122.28,0.706,0,True,True,True,True,True
REP_00965,CHEMBL4297183,BALOVAPTAN,CN1Cc2cc(Cl)ccc2-n2c(nnc2[C@H]2CC[C@H](Oc3ccccn3)CC2)C1,3.0,27.222605099931087,35.21709166092351,False,True,409.92,4.37,0,5,56.07,3,3,0.409,29,111.4,0.643,0,True,True,True,True,True
REP_07126,CHEMBL5314935,VONAFEXOR,O=C(O)c1cc2c(Cl)c(N3CCN(S(=O)(=O)c4c(Cl)cccc4Cl)CC3)ccc2o1,2.0,27.15368711233632,6.133700895933838,False,True,489.76,4.6,1,5,91.06,4,3,0.211,30,115.62,0.576,0,True,True,True,False,True
REP_05088,CHEMBL2349310,AZD-8797,CC(C)C[C@H](CO)Nc1nc(S[C@@H](C)c2ccccc2)nc2nc(N)sc12,2.0,27.08476912474156,91.38525155065471,False,True,403.58,4.34,3,8,96.95,8,3,0.421,27,114.29,0.38,0,True,True,True,True,True
REP_06130,CHEMBL3989970,MAVELERTINIB,C=CC(=O)N[C@@H]1CN(c2nc(Nc3cn(C)nc3OC)c3ncn(C)c3n2)C[C@H]1F,2.0,27.0158511371468,50.137835975189525,False,True,415.43,0.68,2,8,115.02,6,3,0.389,30,108.58,0.565,0,True,True,True,True,True
REP_05621,CHEMBL3357685,ZELENIRSTAT,Cc1c(NS(=O)(=O)c2c(Cl)cc(-c3ccnc(N4CCNCC4)c3)cc2Cl)c(CC(C)C)nn1C,2.0,26.94693314955203,50.137835975189525,False,True,537.52,4.51,2,6,92.15,7,3,0.417,35,142.07,0.461,1,True,True,True,False,True
REP_01310,CHEMBL107430,NRX195183,CC1(C)CCC(C)(C)c2c1cc(C(=O)Nc1cc(F)c(C(=O)O)c(F)c1)c(O)c2Cl,2.0,26.87801516195727,24.01791867677464,False,True,437.87,5.62,3,3,86.63,3,2,0.364,30,109.67,0.581,1,True,True,True,False,True
REP_07984,CHEMBL4303470,GSK-923295A,CC(C)Oc1ccc(C(=O)N[C@H](CNC(=O)CN(C)C)Cc2ccc(-c3cn4cccc([C@H](C)O)c4n3)cc2)cc1Cl,1.0,26.809097174362503,98.48380427291524,False,True,592.14,4.51,3,6,108.2,12,4,0.344,42,165.0,0.224,1,True,False,True,False,False
REP_07058,CHEMBL5314496,ZELNECIRNON,Cc1nc(N2CC([C@H]3CCCN([C@H]4C[C@](C)(C(=O)O)C4)C3)C2)nc(N[C@H](C)c2ccc(Cl)cc2Cl)c1Cl,2.0,26.740179186767744,72.50172294968986,False,True,566.96,6.32,2,6,81.59,7,2,0.593,37,149.04,0.406,2,False,True,False,False,True
REP_02045,CHEMBL1684984,IZORLISIB,CS(=O)(=O)N1CCc2c(-c3cnc(N)nc3)nc(N3CCOCC3)nc21,2.0,26.67126119917298,14.955203308063403,False,True,377.43,-0.33,1,9,127.43,3,2,0.467,26,96.4,0.765,0,True,True,True,True,True
REP_05677,CHEMBL35057,TIOSPIRONE,O=C1CC2(CCCC2)CC(=O)N1CCCCN1CCN(c2nsc3ccccc23)CC1,2.0,26.602343211578216,59.20055134390076,False,True,440.61,3.91,0,6,56.75,6,2,0.625,31,124.36,0.504,0,True,True,True,True,True
REP_07031,CHEMBL5314465,GEMLAPODECT,Cn1ncc(C(=O)N2CCOCC2)c1C(=O)Nc1ccn2nc(-c3ccccc3)nc2c1,2.0,26.533425223983464,72.70847691247415,False,True,431.46,1.85,1,6,106.65,4,4,0.227,32,116.31,0.529,0,True,True,True,True,True
REP_07248,CHEMBL5940975,RG6341,Cc1nc2ncn(C)c2c(=O)n1Cc1nc([C@@H]2CO[C@@H](c3ccc(Cl)cc3)C2)no1,2.0,26.4645072363887,72.01929703652654,False,True,426.86,2.77,0,7,100.86,4,4,0.35,30,108.41,0.494,0,True,True,True,True,True
REP_01189,CHEMBL5314430,TINENGOTINIB,Cc1[nH]nc2c1N=C(c1ccccc1Cl)c1cnc(N3CCOCC3)cc1N2,3.0,26.39558924879394,75.63749138525155,False,True,394.87,3.83,2,6,78.43,2,3,0.25,28,110.63,0.54,0,True,True,True,True,True
REP_05708,CHEMBL3545155,JI-101,COc1ccc(Br)cc1NC(=O)Nc1cccc2c1ccn2Cc1ccnc(N)c1,2.0,26.326671261199174,75.05168849069608,False,True,466.34,5.08,3,4,94.2,5,4,0.091,30,123.02,0.382,1,True,True,True,True,True
REP_07786,CHEMBL3338194,BMS-903452,CS(=O)(=O)c1ccc(-n2cc(Cl)c(OC3CCN(c4ncc(Cl)cn4)CC3)cc2=O)c(F)c1,1.0,26.25775327360441,59.54514128187457,False,True,513.38,3.52,0,7,94.39,5,3,0.286,33,123.02,0.515,1,True,True,True,False,True
REP_03119,CHEMBL2104764,LUXABENDAZOLE,COC(=O)Nc1nc2cc(OS(=O)(=O)c3ccc(F)cc3)ccc2[nH]1,2.0,26.18883528600965,72.91523087525844,False,True,365.34,2.65,2,6,110.38,4,3,0.067,25,86.34,0.688,0,True,True,True,True,True
REP_01702,CHEMBL1364906,LUFENURON,O=C(NC(=O)c1c(F)cccc1F)Nc1cc(Cl)c(OC(F)(F)C(F)C(F)(F)F)cc1Cl,2.0,26.119917298414887,84.28669882839421,False,True,511.15,6.11,2,3,67.43,5,2,0.176,32,95.83,0.477,2,False,True,False,False,True
REP_08100,CHEMBL482967,CYC-116,Cc1nc(N)sc1-c1ccnc(Nc2ccc(N3CCOCC3)cc2)n1,1.0,26.05099931082012,75.63749138525155,False,True,368.47,3.07,2,8,89.19,4,3,0.278,26,105.05,0.731,0,True,True,True,True,True
REP_08003,CHEMBL4526356,ZB-716,C[C@]12CC[C@@H]3c4ccc(B(O)O)cc4C[C@@H](CCCCCCCCC[S+]([O-])CCCC(F)(F)C(F)(F)F)[C@H]3[C@@H]1CC[C@@H]2O,1.0,25.98208132322536,70.0895933838732,False,True,634.6,6.66,3,4,83.75,15,1,0.812,43,160.81,0.087,2,False,False,False,False,False
REP_05932,CHEMBL39373,ANTHRAMYCIN,Cc1ccc2c(c1O)NC(O)C1CC(/C=C/C(N)=O)=CN1C2=O,2.0,25.9131633356306,75.63749138525155,False,True,315.33,0.58,4,5,115.89,2,1,0.25,23,83.47,0.471,0,True,True,True,True,True
REP_01632,CHEMBL1287935,VERUCERFONT,CC[C@H](Nc1cc(C)nc2c(-c3ccc(OC)cc3C)c(C)nn12)c1nc(C)no1,2.0,25.844245348035837,91.38525155065471,False,True,406.49,4.58,1,7,90.37,6,4,0.364,30,114.88,0.501,0,True,True,True,True,True
REP_04497,CHEMBL2107470,TIMELOTEM,CN1CCN2c3cc(F)ccc3C(c3cccs3)=NCC2C1,2.0,25.77532736044108,50.137835975189525,False,True,315.42,2.86,0,4,18.84,1,2,0.353,22,89.86,0.806,0,True,True,True,True,True
REP_00404,CHEMBL1088752,LOSMAPIMOD,Cc1c(F)cc(C(=O)NC2CC2)cc1-c1ccc(C(=O)NCC(C)(C)C)cn1,3.0,25.70640937284632,68.29772570640938,False,True,383.47,3.86,2,3,71.09,5,2,0.409,28,106.64,0.823,0,True,True,True,True,True
REP_01813,CHEMBL1472975,PEROSPIRONE,O=C1[C@H]2CCCC[C@H]2C(=O)N1CCCCN1CCN(c2nsc3ccccc23)CC1,2.0,25.637491385251558,50.137835975189525,False,True,426.59,3.37,0,6,56.75,6,2,0.609,30,119.68,0.524,0,True,True,True,True,True
REP_05568,CHEMBL3264610,SEVITERONEL,CC(C)[C@](O)(c1ccc2cc(OC(F)F)c(OC(F)F)cc2c1)c1c[nH]nn1,2.0,25.56857339765679,50.137835975189525,False,True,399.34,4.05,2,5,80.26,7,3,0.333,28,91.43,0.586,0,True,True,True,True,True
REP_03040,CHEMBL2104661,AMEBUCORT,CCCC(=O)O[C@]1(C(=O)COC(C)=O)CC[C@H]2[C@@H]3C[C@H](C)C4=CC(=O)CC[C@]4(C)[C@H]3[C@@H](O)C[C@@]21C,2.0,25.499655410062022,50.137835975189525,False,True,488.62,3.95,1,7,106.97,6,0,0.786,35,128.02,0.564,0,True,True,True,False,True
REP_00287,CHEMBL404520,CHLORTETRACYCLINE,CN(C)[C@@H]1C(O)=C(C(N)=O)C(=O)[C@@]2(O)C(O)=C3C(=O)c4c(O)ccc(Cl)c4[C@@](C)(O)[C@H]3C[C@@H]12,4.0,25.430737422467264,49.06960716747071,False,True,478.89,0.44,6,9,181.62,2,1,0.409,33,114.55,0.328,1,True,False,False,True,False
REP_04449,CHEMBL2107361,PELITREXOL,Cc1cc(C(=O)N[C@@H](CCC(=O)O)C(=O)O)sc1CC[C@@H]1CNc2nc(N)[nH]c(=O)c2C1,2.0,25.3618194348725,50.137835975189525,False,True,463.52,0.99,6,8,187.5,9,2,0.45,32,118.09,0.315,1,True,False,False,True,False
REP_08164,CHEMBL517341,CINOBUFOTALIN,CC(=O)O[C@H]1[C@H]2O[C@]23[C@@H]2CC[C@]4(O)C[C@@H](O)CC[C@]4(C)[C@H]2CC[C@]3(C)[C@H]1c1ccc(=O)oc1,1.0,25.29290144727774,50.137835975189525,False,True,458.55,2.91,2,7,109.5,2,1,0.769,33,117.35,0.518,0,True,True,True,True,True
REP_04309,CHEMBL2107040,SALAZOSULFADIMIDINE,Cc1cc(C)nc(NS(=O)(=O)c2ccc(/N=N/c3ccc(O)c(C(=O)O)c3)cc2)n1,2.0,25.223983459682977,90.42039972432804,False,True,427.44,3.71,3,8,154.2,6,3,0.105,30,108.0,0.506,0,True,False,False,True,False
REP_00762,CHEMBL250270,LERCANIDIPINE,COC(=O)C1=C(C)NC(C)=C(C(=O)OC(C)(C)CN(C)CCC(c2ccccc2)c2ccccc2)C1c1cccc([N+](=O)[O-])c1,3.0,25.15506547208821,75.63749138525155,False,True,611.74,6.48,1,8,111.01,12,3,0.333,45,173.4,0.141,2,False,False,False,False,False
REP_00973,CHEMBL4297289,BOMEDEMSTAT,CN1CCN(C(=O)[C@H](CCCN[C@@H]2C[C@H]2c2ccc(F)cc2)NC(=O)c2ccc(-n3ccnn3)cc2)CC1,3.0,25.08614748449345,52.3776705720193,False,True,519.63,2.2,2,6,95.39,10,3,0.429,38,141.47,0.399,1,True,True,True,False,True
REP_07614,CHEMBL1645462,AC-480,Cc1c(NC(=O)OC[C@@H]2COCCN2)cn2ncnc(Nc3ccc4c(cnn4Cc4cccc(F)c4)c3)c12,1.0,25.01722949689869,75.63749138525155,False,True,530.56,3.86,3,8,119.63,7,5,0.259,39,143.82,0.29,1,True,True,True,False,True
REP_07592,CHEMBL1258517,PKI-179,O=C(Nc1ccncc1)Nc1ccc(-c2nc(N3CCOCC3)nc(N3C4CCC3COC4)n2)cc1,1.0,24.94831150930393,91.38525155065471,False,True,488.55,2.78,2,9,117.63,5,3,0.4,36,135.28,0.559,0,True,True,True,False,True
REP_07118,CHEMBL5314631,LOTIGLIPRON,C[C@]1(c2ccc(Cl)cn2)Oc2cccc(C3CCN(Cc4nc5ccc(C(=O)O)cc5n4C[C@@H]4CCO4)CC3)c2O1,2.0,24.87939352170917,75.63749138525155,False,True,575.07,5.6,1,7,98.94,7,4,0.387,41,152.6,0.305,2,False,True,True,False,True
REP_02091,CHEMBL169896,OSI-7904,Cc1nc2ccc3ccc(CNc4ccc5c(c4)CN([C@@H](CCC(=O)O)C(=O)O)C5=O)cc3c2c(=O)[nH]1,2.0,24.810475534114406,50.137835975189525,False,True,500.51,3.27,4,6,152.69,8,4,0.222,37,136.54,0.269,1,True,False,False,False,False
REP_07117,CHEMBL5314629,EMZADIRIB,CC(C)OC(=O)Nc1ccc(-c2cnc([C@H]3CC[C@H](NC(=O)OC(C)C)CC3)s2)c(S(=O)(=O)NC(C)(C)C)c1,2.0,24.741557546519644,91.38525155065471,False,True,580.77,6.0,3,8,135.72,8,2,0.593,39,152.61,0.348,2,False,True,False,False,True
REP_06263,CHEMBL4291684,TAMBICICLIB,COC[C@@H](C)N[C@H]1CC[C@H](Nc2cc(-c3csc(NCC4(C#N)CCOCC4)n3)c(Cl)cn2)CC1,2.0,24.67263955892488,91.38525155065471,False,True,519.12,4.94,3,9,104.12,10,2,0.64,35,141.08,0.406,1,True,True,True,False,True
REP_07304,CHEMBL6068036,VILZEMETKIB,COc1cc2c(Oc3ccc(NC(=O)C4(C(=O)Nc5ccc(F)cc5)CC4)cc3F)ccnc2cc1OCC1(NC2CCCC2)CC1,2.0,24.60372157133012,91.38525155065471,False,True,642.7,7.11,3,7,110.81,12,4,0.361,47,172.95,0.141,2,False,False,False,False,False
REP_08200,CHEMBL5314948,AUT-00206,Cc1ccc(Oc2ncc(N3C(=O)NC(C)(C)C3=O)cn2)c2c1OCC21CC1,1.0,24.534803583735357,75.63749138525155,False,True,380.4,2.84,1,6,93.65,3,2,0.4,28,99.79,0.823,0,True,True,True,True,True
REP_05482,CHEMBL3137316,FOSDAGROCORAT,Cc1ncccc1NC(=O)c1ccc2c(c1)CC[C@@H]1C[C@@](OP(=O)(O)O)(C(F)(F)F)CC[C@@]21Cc1ccccc1,2.0,24.46588559614059,75.63749138525155,False,True,574.54,6.28,3,4,108.75,6,3,0.379,40,142.77,0.299,2,False,True,False,False,True
REP_07912,CHEMBL4289017,PF-03814735,CC(=O)NCC(=O)N1[C@@H]2CC[C@H]1c1ccc(Nc3ncc(C(F)(F)F)c(NC4CCC4)n3)cc12,1.0,24.39696760854583,84.14886285320469,False,True,474.49,4.06,3,6,99.25,6,2,0.478,34,118.27,0.584,0,True,True,True,True,True
REP_01033,CHEMBL4303201,CATEQUENTINIB,COc1cc2c(Oc3ccc4[nH]c(C)cc4c3F)ccnc2cc1OCC1(N)CC1,3.0,24.328049620951063,31.97794624396968,False,True,407.45,4.83,2,5,82.39,6,4,0.261,30,113.01,0.478,0,True,True,True,True,True
REP_07028,CHEMBL5314461,FICONALKIB,COc1cc(N2CCC(N(C)C)CC2)ccc1Nc1nc2c(c(Nc3ccccc3S(=O)(=O)C(C)C)n1)CCN2,2.0,24.2591316333563,13.439007580978634,False,True,565.74,4.65,3,10,111.72,9,3,0.448,40,161.47,0.339,1,True,True,True,False,True
REP_07735,CHEMBL259084,MLN-8054,O=C(O)c1ccc(Nc2ncc3c(n2)-c2ccc(Cl)cc2C(c2c(F)cccc2F)=NC3)cc1,1.0,24.19021364576155,91.38525155065471,False,True,476.87,5.87,2,5,87.47,4,4,0.04,34,124.86,0.385,1,True,True,True,False,True
REP_00168,CHEMBL1714574,TERCONAZOLE,CC(C)N1CCN(c2ccc(OCC3COC(Cn4cncn4)(c4ccc(Cl)cc4Cl)O3)cc2)CC1,4.0,24.121295658166787,40.730530668504485,False,True,532.47,4.46,0,7,64.88,8,3,0.462,36,139.85,0.425,1,True,True,True,False,True
REP_07794,CHEMBL3393066,VS-5584,Cc1nc2c(-c3cnc(N)nc3)nc(N3CCOCC3)nc2n1C(C)C,1.0,24.05237767057202,50.137835975189525,False,True,354.42,1.59,1,8,107.87,3,3,0.471,26,98.92,0.755,0,True,True,True,True,True
REP_05769,CHEMBL3589904,PF-04531083,COc1ccc(Cl)c(-c2ccc(NC(=O)c3ccnn3C)nc2N)c1,2.0,23.98345968297726,91.38525155065471,False,True,357.8,2.98,2,5,95.06,4,3,0.118,25,96.81,0.748,0,True,True,True,True,True
REP_04976,CHEMBL2165615,NERIGLIATIN,Cc1cnc(NC(=O)c2cc(Oc3cnc(C(=O)N(C)C)nc3)c3cc(C)oc3c2)cn1,2.0,23.914541695382496,76.84355616815989,False,True,432.44,3.38,1,8,123.34,5,4,0.182,32,115.8,0.509,0,True,True,True,True,True
REP_02808,CHEMBL2104278,ETHYL CARTRIZOATE,CCOC(=O)COC(=O)c1c(I)c(NC(C)=O)c(I)c(NC(C)=O)c1I,2.0,23.84562370778773,47.002067539627845,False,True,700.01,3.14,2,6,110.8,6,1,0.333,26,120.12,0.349,1,True,True,True,False,True
REP_01157,CHEMBL5095183,IMLUNESTRANT,Oc1ccc2c3c(cnc2c1)-c1ccc(C(F)(F)F)cc1O[C@@H]3c1ccc(OCCN2CC(CF)C2)cc1,3.0,23.77670572019297,91.38525155065471,False,True,524.51,6.39,1,5,54.82,6,4,0.276,38,134.16,0.297,2,False,True,False,False,True
REP_03686,CHEMBL2105600,VOLPRISTIN,CC1=C\[C@@H](O)CC(=O)Cc2nc(co2)C(=O)N2CCC[C@@H]2C(=O)O[C@H](C(C)C)[C@H](C)/C=C/C(=O)NC\C=C\1,2.0,23.70778773259821,50.137835975189525,False,True,527.62,2.53,2,8,139.04,1,1,0.536,38,138.82,0.531,1,True,True,False,False,True
REP_07632,CHEMBL1801204,AZD-8055,COc1ccc(-c2ccc3c(N4CCOC[C@@H]4C)nc(N4CCOC[C@@H]4C)nc3n2)cc1CO,1.0,23.638869745003444,93.31495520330806,False,True,465.55,2.64,1,9,93.07,5,3,0.48,34,130.5,0.61,0,True,True,True,False,True
REP_06954,CHEMBL5187755,ATIRMOCICLIB,CC(C)n1c(C(C)(C)O)nc2c(F)cc(-c3nc(N[C@@H]4CCOC[C@H]4O)ncc3Cl)cc21,2.0,23.56995175740868,95.31357684355616,False,True,463.94,3.66,3,7,105.32,5,3,0.5,32,120.21,0.53,0,True,True,True,True,True
REP_01521,CHEMBL122858,ENDIXAPRINE,OC1CCN(c2ccc(-c3ccc(Cl)cc3Cl)nn2)CC1,2.0,23.501033769813915,91.38525155065471,False,True,324.21,3.41,1,4,49.25,2,2,0.333,21,84.94,0.92,0,True,True,True,True,True
REP_00614,CHEMBL2103811,FOLITIXORIN CALCIUM,Nc1nc(=O)c2c([nH]1)NCC1CN(c3ccc(C(=O)N[C@@H](CCC(=O)[O-])C(=O)[O-])cc3)CN21,3.0,23.432115782219157,13.16333563059958,False,True,455.43,-3.19,4,11,199.64,7,2,0.35,33,113.18,0.328,1,True,False,False,False,False
REP_00956,CHEMBL4204869,ELENBECESTAT,C[C@H]1OC[C@]2(c3cc(NC(=O)c4cnc(C(F)F)cn4)ccc3F)N=C(N)SC[C@H]12,3.0,23.3631977946244,91.38525155065471,False,True,437.45,3.1,2,7,102.49,4,2,0.368,30,106.0,0.762,0,True,True,True,True,True
REP_08145,CHEMBL5095231,TULMIMETOSTAT,COC1CN([C@H]2CC[C@H]([C@@]3(C)Oc4c(Cl)cc(C(=O)NCc5c(SC)cc(C)[nH]c5=O)c(C)c4O3)CC2)C1,1.0,23.29427980702964,50.137835975189525,False,True,562.13,4.67,2,7,92.89,7,2,0.571,38,148.72,0.474,1,True,True,True,False,True
REP_07765,CHEMBL3122113,DNL-201,CNc1nc(Nc2cn(C(C)(C)C#N)nc2C)ncc1C(F)(F)F,1.0,23.22536181943488,73.67332873880082,False,True,339.32,3.04,2,6,91.45,4,2,0.429,24,81.76,0.889,0,True,True,True,True,True
REP_07850,CHEMBL3786896,AZD-8165,CCC(=O)O[C@@H](C(=O)N1N=CC[C@H]1C(=O)NCc1cc(Cl)ccc1-n1cnnn1)c1ccc(F)cc1,1.0,23.15644383184011,94.48656099241902,False,True,513.92,2.35,1,8,131.67,8,3,0.261,36,125.28,0.457,1,True,True,False,False,True
REP_07101,CHEMBL5314549,VAMAGLOXISTAT,O=C(O)c1nn[nH]c1Oc1ccc(-c2ccc(C3CC(F)(F)C3)cc2)cc1,2.0,23.08752584424535,76.43004824259133,False,True,371.34,4.47,2,4,88.1,5,3,0.211,27,92.22,0.691,0,True,True,True,True,True
REP_07381,CHEMBL63440,ALOXISTATIN,CCOC(=O)[C@H]1O[C@@H]1C(=O)N[C@@H](CC(C)C)C(=O)NCCC(C)C,2.0,23.018607856650583,75.63749138525155,False,True,342.44,1.01,2,5,97.03,10,0,0.824,24,89.14,0.456,0,True,True,True,True,True
REP_02474,CHEMBL203665,RELACATIB,CC(C)C[C@H](NC(=O)c1cc2ccccc2o1)C(=O)N[C@H]1CC[C@@H](C)N(S(=O)(=O)c2ccccn2)CC1=O,2.0,22.949689869055824,91.38525155065471,False,True,540.64,2.9,2,7,138.68,8,3,0.407,38,140.69,0.448,1,True,True,False,False,True
REP_06691,CHEMBL471897,MB07811,Cc1cc(OCP2(=O)OCC[C@@H](c3cccc(Cl)c3)O2)cc(C)c1Cc1ccc(O)c(C(C)C)c1,2.0,22.880771881461055,82.35699517574086,False,True,514.99,8.08,1,5,64.99,7,3,0.357,35,139.87,0.323,2,False,True,False,False,True
REP_05869,CHEMBL37683,ESAFLOXACIN,CCn1cc(C(=O)O)c(=O)c2cc(F)c(N3CCC(N)C3)nc21,2.0,22.811853893866296,88.4906960716747,False,True,320.32,0.79,2,5,101.45,3,2,0.4,23,83.4,0.867,0,True,True,True,True,True
REP_03898,CHEMBL2106231,ETHYL DIRAZEPATE,CCOC(=O)C1N=C(c2ccccc2Cl)c2cc(Cl)ccc2NC1=O,2.0,22.742935906271533,7.512060647829088,False,True,377.23,3.71,1,4,67.76,3,2,0.167,25,97.59,0.655,0,True,True,True,True,True
REP_00941,CHEMBL409153,ISAVUCONAZOLE,C[C@@H](c1nc(-c2ccc(C#N)cc2)cs1)[C@](O)(Cn1cncn1)c1cc(F)ccc1F,3.0,22.67401791867677,42.866988283942106,False,True,437.48,4.24,1,6,87.62,6,4,0.182,31,110.96,0.487,0,True,True,True,True,True
REP_02331,CHEMBL1905073,CHLORSULFAQUINOXALINE,Nc1ccc(S(=O)(=O)Nc2cnc3c(Cl)cccc3n2)cc1,2.0,22.605099931082016,79.32460372157134,False,True,334.79,2.67,2,5,97.97,3,3,0.0,22,86.21,0.717,0,True,True,True,True,True
REP_08149,CHEMBL5095239,GSK-3494245,O=C(Nc1ccc(F)c(-c2ccn3c(N4CCOCC4)cnc3n2)c1)N1CCCC1,1.0,22.536181943487254,50.137835975189525,False,True,410.45,3.0,1,5,75.0,3,3,0.381,30,111.24,0.719,0,True,True,True,True,True
REP_06524,CHEMBL44793,GAVESTINEL,O=C(/C=C/c1c(C(=O)O)[nH]c2cc(Cl)cc(Cl)c12)Nc1ccccc1,2.0,22.46726395589249,88.07718814610614,False,True,375.21,4.82,3,2,82.19,4,3,0.0,25,99.38,0.572,0,True,True,True,True,True
REP_05115,CHEMBL2386889,SCH-900776,Cn1cc(-c2cnn3c(N)c(Br)c([C@@H]4CCCNC4)nc23)cn1,2.0,22.39834596829773,71.19228118538939,False,True,376.26,1.94,2,5,86.06,2,3,0.4,23,92.15,0.714,0,True,True,True,True,True
REP_01915,CHEMBL1587228,HALOMETASONE,C[C@@H]1C[C@H]2[C@@H]3C[C@H](F)C4=CC(=O)C(Cl)=C[C@]4(C)[C@@]3(F)[C@@H](O)C[C@]2(C)[C@@]1(O)C(=O)CO,2.0,22.329427980702967,50.137835975189525,False,True,444.9,2.41,3,5,94.83,2,0,0.727,30,105.02,0.608,0,True,True,True,True,True
REP_02559,CHEMBL2103864,NAVARIXIN,CC[C@@H](Nc1c(Nc2cccc(C(=O)N(C)C)c2O)c(=O)c1=O)c1ccc(C)o1,2.0,22.2605099931082,87.31909028256375,False,True,397.43,2.9,3,7,111.88,7,3,0.286,29,110.86,0.415,0,True,True,True,True,True
REP_04995,CHEMBL2207503,MOBINITINIB,Cc1nn(C)cc1-c1nc2c(N3CCN(Cc4ccc(Cl)cc4)CC3)c(Cl)cnc2[nH]1,2.0,22.19159200551344,26.326671261199174,False,True,456.38,4.3,1,5,65.87,4,4,0.318,31,124.78,0.496,0,True,True,True,True,True
REP_05633,CHEMBL339049,TEBUQUINE,CC(C)(C)NCc1cc(Nc2ccnc3cc(Cl)ccc23)cc(-c2ccc(Cl)cc2)c1O,2.0,22.12267401791868,50.137835975189525,False,True,466.41,7.55,3,4,57.18,5,4,0.192,32,135.18,0.266,1,True,True,False,False,True
REP_07115,CHEMBL5314608,LOMEDEUCITINIB,[2H]C([2H])([2H])NC(=O)c1nnc(NC(=O)[C@@H]2CC23CC3)cc1Nc1ncccc1S(C)(=O)=O,2.0,22.05375603032391,65.54100620261889,False,True,419.48,1.12,3,8,143.04,6,2,0.389,29,104.46,0.632,0,True,False,False,True,False
REP_05161,CHEMBL257662,ZD-6126,COc1cc2c(c(OC)c1OC)-c1ccc(OP(=O)(O)O)cc1[C@@H](NC(C)=O)CC2,2.0,21.984838042729148,91.38525155065471,False,True,437.39,2.97,3,6,123.55,6,2,0.35,30,109.08,0.59,0,True,True,True,True,True
REP_07624,CHEMBL1738697,PF-00337210,CNC(=O)c1c(C)oc2cc(Oc3ccnc4cc(OCCN5CCOCC5)ccc34)ccc12,1.0,21.915920055134382,71.05444521019986,False,True,461.52,4.15,1,7,86.06,7,4,0.308,34,128.91,0.442,0,True,True,True,True,True
REP_01131,CHEMBL488025,EXISULIND,CC1=C(CC(=O)O)c2cc(F)ccc2/C1=C\c1ccc(S(C)(=O)=O)cc1,3.0,21.847002067539623,91.38525155065471,False,True,372.42,4.03,1,3,71.44,4,2,0.15,26,98.67,0.879,0,True,True,True,True,True
REP_05419,CHEMBL3039530,ABEDITEROL,O=c1ccc2c([C@@H](O)CNCCCCCCOCC(F)(F)c3ccccc3)ccc(O)c2[nH]1,2.0,21.778084079944872,75.63749138525155,False,True,460.52,4.23,4,5,94.58,13,3,0.4,33,123.69,0.287,0,True,False,True,True,False
REP_06340,CHEMBL4297383,GSK-1521498,Fc1cc(-c2cccc(-c3nc[nH]n3)c2)cc(F)c1CNC1Cc2ccccc2C1,2.0,21.709166092350102,78.56650585802895,False,True,402.45,4.67,2,3,53.6,5,4,0.167,30,111.65,0.51,0,True,True,True,True,True
REP_05767,CHEMBL3586573,CC-115,CCN1C(=O)CNc2ncc(-c3ccc(-c4nc[nH]n4)nc3C)nc21,2.0,21.640248104755344,91.38525155065471,False,True,336.36,1.41,2,7,112.58,3,3,0.25,25,91.89,0.743,0,True,True,True,True,True
REP_01278,CHEMBL94657,PATUPILONE,C/C(=C\c1csc(C)n1)[C@@H]1C[C@@H]2O[C@]2(C)CCC[C@H](C)[C@H](O)[C@@H](C)C(=O)C(C)(C)[C@@H](O)CC(=O)O1,3.0,21.57133011716058,91.38525155065471,False,True,507.69,4.48,2,8,109.25,2,1,0.741,35,135.87,0.449,1,True,True,True,False,True
REP_02196,CHEMBL1742472,ECASTOLOL,CCCC(=O)Nc1ccc(OCC(O)CNCCc2ccc(OC)c(OC)c2)c(-c2ccno2)c1,2.0,21.50241212956582,98.20813232253616,False,True,483.57,3.67,3,8,115.08,14,3,0.385,35,133.1,0.298,0,True,False,True,False,False
REP_06668,CHEMBL4651002,SAFUSIDENIB,Cc1cn(C(=O)c2c(-c3c(Cl)cc(Cl)cc3Cl)noc2C(C)(C)F)c2cccc(/C=C/C(=O)O)c12,2.0,21.433494141971053,36.4920744314266,False,True,535.79,7.56,1,4,85.33,5,4,0.16,35,134.18,0.267,2,False,True,False,False,True
REP_00710,CHEMBL213907,THIOCOLCHICOSIDE,COc1c(O[C@@H]2O[C@H](CO)[C@@H](O)[C@H](O)[C@H]2O)cc2c(c1OC)-c1ccc(SC)c(=O)cc1[C@@H](NC(C)=O)CC2,3.0,21.36457615437629,83.9421088904204,False,True,563.63,0.75,5,11,164.01,7,2,0.481,39,142.31,0.302,2,False,False,False,False,False
REP_01076,CHEMBL4594453,TENOFOVIR DISOPROXIL ASPARTATE,CC(C)OC(=O)OCOP(=O)(CO[C@H](C)Cn1cnc2c(N)ncnc21)OCOC(=O)OC(C)C.N[C@@H](CC(=O)O)C(=O)O,3.0,21.29565816678153,50.137835975189525,False,True,652.55,1.91,4,17,286.06,16,2,0.609,44,147.93,0.114,2,False,False,False,False,False
REP_00898,CHEMBL3828074,ZIRITAXESTAT,CCc1nc2c(C)cc(N3CCN(CC(=O)N4CC(O)C4)CC3)cn2c1N(C)c1nc(-c2ccc(F)cc2)c(C#N)s1,3.0,21.226740179186766,89.38662991040661,False,True,588.71,3.43,1,9,104.24,7,4,0.4,42,160.83,0.35,1,True,True,True,False,True
REP_07032,CHEMBL5314466,GUMELUTAMIDE,CC(C)(O)c1ccc(Nc2ncnc3c2CCN(c2ccc(C#N)c(Cl)c2)C3)nc1,2.0,21.157822191592,54.37629221226741,False,True,420.9,3.93,2,7,97.96,4,3,0.273,30,115.72,0.659,0,True,True,True,True,True
REP_07474,CHEMBL837,7-ETHYL-10-HYDROXYCAMPTOTHECIN,CCc1c2c(nc3ccc(O)cc13)-c1cc3c(c(=O)n1C2)COC(=O)[C@]3(O)CC,2.0,21.08890420399724,81.3921433494142,False,True,392.41,2.35,2,6,101.65,2,3,0.318,29,105.57,0.508,0,True,True,True,True,True
REP_07830,CHEMBL3633802,ETC-159,Cn1c(=O)c2c(ncn2CC(=O)Nc2ccc(-c3ccccc3)nn2)n(C)c1=O,1.0,21.019986216402486,90.83390764989664,False,True,391.39,0.53,1,6,116.7,4,4,0.158,29,106.31,0.542,0,True,True,True,True,True
REP_06334,CHEMBL4297370,CRS-3123,O=c1cc(NCCCN[C@@H]2CCOc3c(Br)cc(Br)cc32)[nH]c2ccsc12,2.0,20.951068228807724,91.38525155065471,False,True,513.26,5.03,3,5,66.15,6,3,0.316,27,118.25,0.405,2,False,True,True,False,True
REP_06925,CHEMBL5095262,CADISEGLIATIN,CCCO[C@H]1CC[C@H](N(C(=O)Nc2ncc(SCC(=O)O)s2)C2CCCCC2)CC1,2.0,20.88215024121296,91.38525155065471,False,True,455.65,5.22,2,6,91.76,9,1,0.762,30,120.49,0.496,1,True,True,True,True,True
REP_04999,CHEMBL2216859,NEMIRALISIB,CC(C)N1CCN(Cc2cnc(-c3cc(-c4cccc5[nH]ccc45)cc4[nH]ncc34)o2)CC1,2.0,20.8132322536182,24.01791867677464,False,True,440.55,4.89,2,5,76.98,5,5,0.308,33,130.87,0.407,0,True,True,True,False,True
REP_04980,CHEMBL2178573,ILACIRNON,Cc1cnc(C(=O)c2ncnc3[nH]ccc23)c(NS(=O)(=O)c2ccc(Cl)c(C(F)(F)F)c2)c1,2.0,20.744314266023437,91.38525155065471,False,True,495.87,4.37,2,6,117.7,5,4,0.1,33,113.56,0.397,0,True,True,True,False,True
REP_00939,CHEMBL408701,TAUROLITHOCHOLIC ACID,C[C@H](CCC(=O)NCCS(=O)(=O)O)[C@H]1CC[C@H]2[C@@H]3CC[C@@H]4C[C@H](O)CC[C@]4(C)[C@H]3CC[C@]12C,3.0,20.67539627842867,50.137835975189525,False,True,483.72,4.43,3,4,103.7,7,0,0.962,33,129.05,0.465,0,True,True,True,False,True
REP_07269,CHEMBL6067963,TILPISERTIB FOSMECARBIL,Cn1ccc2c([C@@H](c3cn(C45CC(C4)C5)nn3)N(C(=O)OCOP(=O)(O)O)c3cc(Cl)c4ncc(C#N)c(NCC(C)(C)C)c4c3)cccc2c1=O,2.0,20.606478290833905,98.0013783597519,False,True,747.15,5.97,3,10,197.72,10,5,0.371,52,192.74,0.112,2,False,False,False,False,False
REP_07107,CHEMBL5314566,VICASINABIN,Cn1nnnc1Cn1nnc2c(N3CC[C@H](O)C3)nc(C(C)(C)C)nc21,2.0,20.537560303239143,18.745692625775323,False,True,358.41,-0.34,1,9,123.56,3,3,0.667,26,92.55,0.669,0,True,True,True,True,True
REP_03164,CHEMBL2104863,IMANIXIL,CC1(C)CN(c2ncc(C(=O)Nc3cccc(C(F)(F)F)c3)c(N)n2)C(=O)N1,2.0,20.46864231564438,75.63749138525155,False,True,394.36,2.64,3,5,113.24,3,2,0.294,28,95.8,0.741,0,True,True,True,True,True
REP_02493,CHEMBL2062774,VAPENDAVIR,CCOc1noc2cc(OCCC3CCN(c4ccc(C)nn4)CC3)ccc12,2.0,20.39972432804962,28.25637491385251,False,True,382.46,4.01,0,7,73.51,7,3,0.476,28,107.0,0.611,0,True,True,True,True,True
REP_06071,CHEMBL3989734,CEFIVITRIL,Cn1nnnc1SCC1=C(C(=O)O)N2C(=O)[C@@H](NC(=O)CS/C=C\C#N)[C@H]2SC1,2.0,20.330806340454856,75.63749138525155,False,True,453.53,-0.19,2,10,154.1,8,1,0.4,29,106.42,0.306,0,True,False,False,True,False
REP_07994,CHEMBL4456123,BI 639667,CS(=O)(=O)c1cc(C2(NC(=O)c3cncc4c3cnn4-c3ccc(F)cc3)CC2)ccn1,1.0,20.26188835286009,90.00689179875948,False,True,451.48,2.78,1,6,106.84,5,4,0.182,32,114.55,0.5,0,True,True,True,True,True
REP_07775,CHEMBL3259907,BI-224436,Cc1nc2ccccc2c(-c2ccc3c4c(ccnc24)CCO3)c1[C@H](OC(C)(C)C)C(=O)O,1.0,20.19297036526534,91.38525155065471,False,True,442.52,5.63,1,5,81.54,4,4,0.296,33,127.63,0.441,1,True,True,True,False,True
REP_00523,CHEMBL1630578,TIRILAZAD,C[C@@H]1C[C@H]2[C@@H]3CCC4=CC(=O)C=C[C@]4(C)C3=CC[C@]2(C)[C@H]1C(=O)CN1CCN(c2cc(N3CCCC3)nc(N3CCCC3)n2)CC1,3.0,20.124052377670576,50.137835975189525,False,True,624.87,5.46,0,8,72.88,6,1,0.684,46,183.21,0.387,2,False,True,True,False,True
REP_00747,CHEMBL2387080,TASELISIB,Cc1nc(-c2cn3c(n2)-c2ccc(-c4cnn(C(C)(C)C(N)=O)c4)cc2OCC3)n(C(C)C)n1,3.0,20.05513439007581,91.38525155065471,False,True,460.54,3.17,1,6,118.67,5,4,0.375,34,127.03,0.489,0,True,True,True,True,True
REP_04687,CHEMBL2110623,CEFAZAFLUR,Cn1nnnc1SCC1=C(C(=O)O)N2C(=O)[C@@H](NC(=O)CSC(F)(F)F)[C@H]2SC1,2.0,19.98621640248105,50.723638869745,False,True,470.48,0.29,2,9,130.31,7,1,0.538,29,97.72,0.424,0,True,True,True,True,True
REP_07814,CHEMBL3545328,XL-019,O=C(Nc1ccc(-c2ccnc(Nc3ccc(N4CCOCC4)cc3)n2)cc1)C1CCCN1,1.0,19.91729841488629,50.137835975189525,False,True,444.54,3.41,3,7,91.41,6,3,0.32,33,129.88,0.537,0,True,True,True,True,True
REP_06876,CHEMBL5095101,FUNOBACTAM,NC1=N[C@H](c2nnc([C@@H]3CC4(CC4)[C@@H]4CN3C(=O)N4OS(=O)(=O)O)o2)CN1,2.0,19.848380427291524,49.34527911784976,False,True,399.39,-0.91,3,10,176.48,4,1,0.692,27,86.05,0.537,0,True,False,False,False,False
REP_07781,CHEMBL3314565,AZD-5099,COC[C@H](C)NC(=O)c1nc(N2CC[C@@H](NC(=O)c3[nH]c(C)c(Cl)c3Cl)[C@@H](OC)C2)sc1C(=O)O,1.0,19.77946243969676,50.137835975189525,False,True,548.45,2.57,4,8,145.88,9,2,0.524,35,132.31,0.374,1,True,False,False,False,False
REP_00823,CHEMBL3264002,AVUTOMETINIB,CNS(=O)(=O)Nc1nccc(Cc2c(C)c3ccc(Oc4ncccn4)cc3oc2=O)c1F,3.0,19.710544452101995,76.70572019297036,False,True,471.47,2.68,2,8,136.31,7,4,0.143,33,117.93,0.393,0,True,True,False,True,True
REP_03620,CHEMBL2105513,TOBUTEROL,Cc1ccc(C(=O)Oc2cc(OC(=O)c3ccc(C)cc3)cc(C(O)CNC(C)(C)C)c2)cc1,2.0,19.641626464507237,74.77601654031703,False,True,461.56,5.16,2,6,84.86,7,3,0.286,34,131.43,0.373,1,True,True,True,False,True
REP_00142,CHEMBL1524273,PHTHALYLSULFATHIAZOLE,O=C(O)c1ccccc1C(=O)Nc1ccc(S(=O)(=O)Nc2nccs2)cc1,4.0,19.57270847691247,75.63749138525155,False,True,403.44,2.89,3,6,125.46,6,3,0.0,27,100.72,0.581,0,True,True,True,True,True
REP_06534,CHEMBL4514636,FISOGATINIB,C=CC(=O)N[C@H]1CCOC[C@H]1Nc1ncc2cc(-c3c(Cl)c(OC)cc(OC)c3Cl)ccc2n1,2.0,19.50379048931771,91.38525155065471,False,True,503.39,4.49,2,7,94.6,7,3,0.292,34,133.07,0.459,1,True,True,True,False,True
REP_01087,CHEMBL4650281,CLN-081,C=CC(=O)N[C@H]1C=C(C)c2c(-c3cnc4ccccc4c3)c3c(N)ncnc3n2C1,3.0,19.43487250172296,53.41144038594072,False,True,396.45,3.32,2,5,98.72,3,4,0.13,30,118.46,0.518,0,True,True,True,True,True
REP_03769,CHEMBL2105953,CEFTERAM,CO/N=C(\C(=O)N[C@@H]1C(=O)N2C(C(=O)O)=C(Cn3nnc(C)n3)CS[C@H]12)c1csc(N)n1,2.0,19.36595451412819,24.60372157133012,False,True,479.5,-1.19,3,12,190.81,7,2,0.375,32,112.31,0.246,1,True,False,False,False,False
REP_00777,CHEMBL270995,BRIVANIB ALANINATE,Cc1cc2c(F)c(Oc3ncnn4cc(OC[C@@H](C)OC(=O)[C@H](C)N)c(C)c34)ccc2[nH]1,3.0,19.29703652653343,68.02205375603032,False,True,441.46,3.42,2,7,116.76,7,4,0.318,32,115.49,0.422,0,True,True,True,True,True
REP_07071,CHEMBL5314512,CIVOREBRUTINIB,N#CN1C[C@H](n2nc(-c3ccc(Oc4ccc(Cl)cn4)cc3)c(C(N)=O)c2N)CCC12CC2,2.0,19.228118538938663,91.38525155065471,False,True,463.93,3.72,2,7,136.08,5,3,0.304,33,122.47,0.55,0,True,True,False,True,True
REP_07208,CHEMBL578004,AMINOQUINOL,CCN(CC)CCCC(C)Nc1cc(/C=C/c2ccccc2Cl)nc2cc(Cl)ccc12,2.0,19.1592005513439,50.137835975189525,False,True,456.46,7.63,1,3,28.16,10,3,0.346,31,137.24,0.34,1,True,True,False,False,True
REP_06183,CHEMBL4089731,EXICORILANT,Cn1ncc(S(=O)(=O)N2CC[C@H]3Cc4c(cnn4-c4ccc(F)cc4)C[C@]3(C(=O)c3cc(C(F)(F)F)ccn3)C2)n1,2.0,19.09028256374914,72.29496898690559,False,True,589.58,3.23,0,7,115.87,5,4,0.346,41,134.8,0.259,1,True,True,True,False,True
REP_02867,CHEMBL2104361,FLUMOXONIDE,COC(OC)C(=O)[C@@]12OC(C)(C)O[C@@H]1C[C@H]1[C@@H]3C[C@H](F)C4=CC(=O)C=C[C@]4(C)[C@@]3(F)[C@@H](O)C[C@@]12C,2.0,19.021364576154376,75.63749138525155,False,True,496.55,2.99,1,7,91.29,4,0,0.769,35,119.6,0.599,0,True,True,True,False,True
REP_02132,CHEMBL1738758,ONVANSERTIB,CN1CCN(c2ccc(OC(F)(F)F)c(Nc3ncc4c(n3)-c3c(c(C(N)=O)nn3CCO)CC4)c2)CC1,2.0,18.952446588559614,14.955203308063403,False,True,532.53,1.92,3,9,134.66,7,3,0.417,38,132.38,0.417,1,True,True,False,False,True
REP_00610,CHEMBL2096895,PRADEFOVIR,Nc1ncnc2c1ncn2CCOC[P@@]1(=O)OCC[C@@H](c2cccc(Cl)c2)O1,3.0,18.88352860096485,54.10062026188835,False,True,423.8,3.41,1,8,114.38,6,3,0.353,28,104.01,0.474,0,True,True,True,True,True
REP_06831,CHEMBL5095029,PF-04634817,CO[C@@H]1COCC[C@@H]1N[C@@H]1CC[C@@](C(=O)N2C[C@@H]3C[C@H]2CN3c2cc(C(F)(F)F)ncn2)(C(C)C)C1,2.0,18.814610613370085,24.01791867677464,False,True,511.59,2.87,1,7,79.82,6,1,0.8,36,126.35,0.629,1,True,True,True,False,True
REP_00580,CHEMBL1922235,DAREXABAN,COc1ccc(C(=O)Nc2cccc(O)c2NC(=O)c2ccc(N3CCCN(C)CC3)cc2)cc1,3.0,18.745692625775323,91.38525155065471,False,True,474.56,4.05,3,6,94.14,6,3,0.259,35,137.78,0.467,0,True,True,True,False,True
REP_06470,CHEMBL432481,DEFERITRIN,C[C@]1(C(=O)O)CSC(c2ccc(O)cc2O)=N1,2.0,18.67677463818056,82.63266712611991,False,True,253.28,1.43,3,5,90.12,2,1,0.273,17,64.81,0.742,0,True,True,True,False,True
REP_02545,CHEMBL2103828,ELINOGREL,CNc1cc2[nH]c(=O)n(-c3ccc(NC(=O)NS(=O)(=O)c4ccc(Cl)s4)cc3)c(=O)c2cc1F,2.0,18.60785665058581,92.07443142660236,False,True,523.96,3.09,4,7,142.16,5,4,0.05,34,128.34,0.316,1,True,False,False,False,False
REP_00944,CHEMBL411070,GLYCOCHOLIC ACID,C[C@H](CCC(=O)NCC(=O)O)[C@H]1CC[C@H]2[C@@H]3[C@H](O)C[C@@H]4C[C@H](O)CC[C@]4(C)[C@H]3C[C@H](O)[C@]12C,3.0,18.538938662991043,78.2908339076499,False,True,465.63,2.56,5,5,127.09,6,0,0.923,33,123.05,0.41,0,True,True,True,True,True
REP_06872,CHEMBL5095097,EDECESERTIB,C[C@H](C#N)Nc1cc(-c2ccc3cc(C#N)cnn23)ncc1C(=O)NC[C@@H](F)C(C)(C)O,2.0,18.47002067539628,50.137835975189525,False,True,435.46,2.43,3,7,139.13,7,3,0.318,32,115.36,0.518,0,True,True,False,True,True
REP_07833,CHEMBL3644672,BAY-1082439,COc1c(OC[C@H](O)CN2CCOCC2)ccc2c1N=C(NC(=O)c1cccnc1C)N1CCN=C21,1.0,18.40110268780152,91.38525155065471,False,True,494.55,0.96,2,10,121.11,7,2,0.44,36,133.4,0.584,0,True,True,True,False,True
REP_02550,CHEMBL2103848,DEMIDITRAZ,Cc1cccc([C@H](C)c2ncc[nH]2)c1C,2.0,18.33218470020676,75.63749138525155,False,True,200.28,3.18,1,1,28.68,2,2,0.308,15,62.02,0.792,0,True,True,True,False,True
REP_02298,CHEMBL188462,ISPRONICLINE,CN[C@@H](C)C/C=C/c1cncc(OC(C)C)c1,2.0,18.26326671261199,50.137835975189525,False,True,234.34,2.88,1,3,34.15,6,1,0.5,17,72.17,0.821,0,True,True,True,False,True
REP_04978,CHEMBL2170582,R-343,CNC(=O)COc1cccc(Nc2ncc(F)c(Nc3ccc4c(c3)NC(=O)C(F)(F)O4)n2)c1,2.0,18.194348725017228,91.38525155065471,False,True,474.4,3.15,4,8,126.5,7,3,0.143,34,115.21,0.412,0,True,True,True,True,True
REP_05466,CHEMBL3120215,OSI-027,COc1cccc2cc(-c3nc([C@H]4CC[C@H](C(=O)O)CC4)n4ncnc(N)c34)[nH]c12,2.0,18.125430737422462,62.64645072363887,False,True,406.45,3.22,3,6,131.42,4,4,0.333,30,111.37,0.474,0,True,True,True,True,True
REP_06859,CHEMBL5095080,QUABODEPISTAT,O=C1CCc2c(OC[C@]3(O)CCN(c4c(F)cc(Cl)cc4F)C[C@H]3O)ccc(F)c2N1,2.0,18.056512749827704,8.476912474155752,False,True,456.85,3.02,3,5,82.03,4,2,0.381,31,108.0,0.659,0,True,True,True,True,True
REP_04261,CHEMBL2106961,PREDNISOLAMATE,CCN(CC)CC(=O)OCC(=O)[C@@]1(O)CC[C@H]2[C@@H]3CCC4=CC(=O)C=C[C@]4(C)[C@H]3[C@@H](O)C[C@@]21C,2.0,17.987594762232938,28.807718814610617,False,True,473.61,2.45,2,7,104.14,7,0,0.741,34,126.71,0.547,0,True,True,True,True,True
REP_01377,CHEMBL114586,SEPIMOSTAT,N=C(N)c1ccc2cc(OC(=O)c3ccc(NC4=NCCN4)cc3)ccc2c1,2.0,17.918676774638175,14.266023432115782,False,True,373.42,2.71,4,6,112.59,4,3,0.095,28,110.29,0.243,0,True,True,True,True,True
REP_01174,CHEMBL51483,GOSSYPOL,Cc1cc2c(C(C)C)c(O)c(O)c(C=O)c2c(O)c1-c1c(C)cc2c(C(C)C)c(O)c(O)c(C=O)c2c1O,3.0,17.849758787043424,98.69055823569953,False,True,518.56,6.38,6,8,155.52,5,4,0.267,38,145.31,0.131,3,False,False,False,False,False
REP_06765,CHEMBL485980,BUCLADESINE,CCCC(=O)Nc1ncnc2c1ncn2[C@@H]1O[C@@H]2COP(=O)(O)O[C@H]2[C@H]1OC(=O)CCC,2.0,17.78084079944866,88.97312198483804,False,True,469.39,1.69,2,10,163.99,7,2,0.611,32,108.21,0.448,0,True,False,False,True,False
REP_07036,CHEMBL5314471,MIGOPROTAFIB,N[C@@H]1c2ccccc2OC12CCN(c1cnc3c(N4CCCc5ncccc54)nnc-3[nH]1)CC2,2.0,17.711922811853896,75.63749138525155,False,True,454.54,3.22,2,8,109.08,2,2,0.36,34,128.54,0.475,0,True,True,True,True,True
REP_05907,CHEMBL38458,LEDOXANTRONE,CCN(CC)CCn1nc2c3c(c(NCCN)ccc31)Sc1cc(O)ccc1-2,2.0,17.643004824259133,91.38525155065471,False,True,397.55,3.59,3,6,79.34,8,3,0.381,28,116.29,0.422,0,True,True,True,True,True
REP_04405,CHEMBL2107225,TRICLONIDE,CC1(C)O[C@@H]2C[C@H]3[C@@H]4C[C@H](F)C5=CC(=O)C=C[C@]5(C)[C@@]4(Cl)[C@@H](Cl)C[C@]3(C)[C@]2(C(=O)CCl)O1,2.0,17.57408683666437,14.128187456926256,False,True,505.84,5.13,0,4,52.6,2,0,0.75,32,120.89,0.488,2,False,True,True,False,True
REP_05129,CHEMBL2431768,LCL-161,CN[C@@H](C)C(=O)N[C@H](C(=O)N1CCC[C@H]1c1nc(C(=O)c2ccc(F)cc2)cs1)C1CCCCC1,2.0,17.50516884906961,85.73397656788421,False,True,500.64,3.85,2,6,91.4,8,2,0.538,35,132.66,0.538,1,True,True,True,False,True
REP_05599,CHEMBL3305901,MK-0812,CO[C@@H]1COCC[C@@H]1N[C@@H]1CC[C@@](C(=O)N2CCc3ncc(C(F)(F)F)cc3C2)(C(C)C)C1,2.0,17.436250861474846,67.95313576843556,False,True,469.55,3.57,1,5,63.69,5,1,0.75,33,116.43,0.714,0,True,True,True,True,True
REP_01111,CHEMBL4761468,AUMOLERTINIB,C=CC(=O)Nc1cc(Nc2nccc(-c3cn(C4CC4)c4ccccc34)n2)c(OC)cc1N(C)CCN(C)C,3.0,17.36733287388008,67.53962784286699,False,True,525.66,5.31,2,7,87.55,11,4,0.3,39,158.16,0.257,2,False,False,True,False,False
REP_06708,CHEMBL475251,R-406,COc1cc(Nc2ncc(F)c(Nc3ccc4c(n3)NC(=O)C(C)(C)O4)n2)cc(OC)c1OC,2.0,17.298414886285318,50.137835975189525,False,True,470.46,3.63,3,10,128.75,7,3,0.273,34,122.23,0.471,0,True,True,True,True,True
REP_07911,CHEMBL4285883,OLEANDRIN,CO[C@H]1C[C@H](O[C@H]2CC[C@@]3(C)[C@H](CC[C@@H]4[C@@H]3CC[C@]3(C)[C@@H](C5=CC(=O)OC5)[C@@H](OC(C)=O)C[C@]43O)C2)O[C@@H](C)[C@@H]1O,1.0,17.229496898690556,50.137835975189525,False,True,576.73,3.68,2,9,120.75,5,0,0.875,41,147.28,0.373,1,True,True,True,False,True
REP_06869,CHEMBL5095093,CANOCAPAVIR,O=C1CO[C@H](c2cn(-c3ccc(Br)cc3)nc2-c2ccc(F)cc2)N1CCc1ccc2[nH]c(=O)[nH]c2c1,2.0,17.16057891109579,5.513439007580978,False,True,562.4,4.71,2,4,96.01,6,5,0.148,37,139.69,0.314,1,True,True,True,False,True
REP_06918,CHEMBL5095251,CEPEROGNASTAT,CC(=O)Nc1nc(F)c(CN2CC[C@H](OCc3noc(C)n3)C[C@@H]2C)s1,2.0,17.091660923501028,51.13714679531358,False,True,383.45,2.5,1,8,93.38,6,2,0.625,26,93.09,0.819,0,True,True,True,True,True
REP_05098,CHEMBL2364615,LUBABEGRON,CC(C)(Cc1ccc(Oc2ncccc2C#N)cc1)NC[C@H](O)COc1ccccc1-c1cccs1,2.0,17.022742935906276,75.63749138525155,False,True,499.64,5.82,2,7,87.4,11,4,0.241,36,142.51,0.27,1,True,False,True,False,False
REP_04424,CHEMBL2107273,FLUAZACORT,CC(=O)OCC(=O)[C@@]12N=C(C)O[C@@H]1C[C@H]1[C@@H]3CCC4=CC(=O)C=C[C@]4(C)[C@@]3(F)[C@@H](O)C[C@@]12C,2.0,16.953824948311514,50.137835975189525,False,True,459.51,2.66,1,7,102.26,3,0,0.68,33,116.09,0.651,0,True,True,True,True,True
REP_01791,CHEMBL1443577,SULFACHLORPYRIDAZINE,Nc1ccc(S(=O)(=O)Nc2ccc(Cl)nn2)cc1,2.0,16.88490696071675,87.73259820813233,False,True,284.73,1.51,2,5,97.97,3,2,0.0,18,68.7,0.833,0,True,True,True,False,True
REP_07779,CHEMBL3287735,GSK2816126,CC[C@H](C)n1cc(C)c2c(C(=O)NCc3c(C)cc(C)[nH]c3=O)cc(-c3ccc(N4CCNCC4)nc3)cc21,1.0,16.815988973121986,50.137835975189525,False,True,526.69,4.63,3,5,95.05,7,4,0.387,39,157.7,0.327,1,True,True,True,False,True
REP_01984,CHEMBL1621346,TANSHINONE IIA SULFONIC ACID,Cc1c(S(=O)(=O)O)oc2c1C(=O)C(=O)c1c-2ccc2c1CCCC2(C)C,2.0,16.747070985527223,91.38525155065471,False,True,374.41,3.49,1,5,101.65,1,2,0.368,26,93.32,0.605,0,True,True,True,True,True
REP_08190,CHEMBL5314917,IDRX-42,Cn1cc(-c2ccc(CNc3cc(-c4cnc5cc(OCCCN6CCCC6)ccn45)ncn3)cc2)cn1,1.0,16.67815299793246,59.476223294279805,False,True,508.63,4.67,1,7,85.4,10,5,0.31,38,147.97,0.275,1,True,True,True,False,True
REP_08179,CHEMBL5314419,TOREZOLID PHOSPHATE DISODIUM,Cn1nnc(-c2ccc(-c3ccc(N4C[C@H](COP(=O)([O-])[O-])OC4=O)cc3F)cn2)n1,1.0,16.6092350103377,91.38525155065471,False,True,448.31,0.25,0,10,158.45,6,3,0.235,31,98.6,0.478,0,True,False,False,True,False
REP_07257,CHEMBL6000618,CRELOSIDENIB,C=CC(=O)N1CCN([C@@H](CC2CC2)c2ccc([C@H](C)Nc3ncc4c(n3)N(CC)C(=O)OC4)cc2)CC1,2.0,16.540317022742933,50.137835975189525,False,True,504.64,4.3,1,7,90.9,9,2,0.5,37,142.15,0.509,1,True,True,True,False,True
REP_05729,CHEMBL3545303,TOTROMBOPAG,CC1=NN(c2ccc(C)c(C)c2)C(=O)/C1=N\Nc1cccc(-c2cccc(-c3nnn[nH]3)c2)c1O,2.0,16.47139903514817,69.81392143349414,False,True,466.51,4.05,3,8,131.75,5,4,0.12,35,134.28,0.3,0,True,True,False,False,True
REP_07907,CHEMBL4241824,GSK-3008348 FREE BASE,Cc1cc(C)n(-c2cccc([C@H](CC(=O)O)CN3CC[C@@H](CCc4ccc5c(n4)NCCC5)C3)c2)n1,1.0,16.402481047553408,75.67195037904894,False,True,487.65,4.76,2,5,83.28,9,3,0.483,36,141.95,0.453,0,True,True,True,False,True
REP_01168,CHEMBL5095398,IVARMACITINIB,COc1nsc(NC(=O)N2C[C@H]3C[C@H](N(C)c4ncnc5[nH]ccc45)C[C@H]3C2)n1,3.0,16.333563059958646,50.137835975189525,False,True,414.5,2.2,2,8,112.16,4,3,0.5,29,109.35,0.673,0,True,True,True,True,True
REP_06022,CHEMBL3989596,LEURUBICIN,COc1cccc2c1C(=O)c1c(O)c3c(c(O)c1C2=O)C[C@@](O)(C(=O)CO)C[C@@H]3O[C@H]1C[C@H](NC(=O)[C@@H](N)CC(C)C)[C@H](O)[C@H](C)O1,2.0,16.26464507236389,89.86905582356995,False,True,656.69,0.53,7,13,235.17,9,2,0.515,47,163.14,0.156,3,False,False,False,False,False
REP_01876,CHEMBL153774,TOPIXANTRONE,CN(C)CCNc1ccc2c3c(nn2CCNCCO)-c2cnccc2C(=O)c13,2.0,16.19572708476913,27.63611302549965,False,True,394.48,1.2,3,7,95.31,9,3,0.381,29,113.4,0.367,0,True,True,True,True,True
REP_08262,CHEMBL6068523,RLY-2608,N#Cc1c(-c2cc(NC(=O)c3cc(F)cc(C(F)(F)F)c3)c3c(c2)C(=O)N[C@H]3c2cc(F)ccc2Cl)ccc2ncnn12,1.0,16.126809097174366,91.38525155065471,False,True,608.91,6.3,2,5,112.18,4,5,0.069,43,143.21,0.233,2,False,True,False,False,True
REP_07551,CHEMBL96172,EPOTHILONE D,C/C1=C/C[C@@H](/C(C)=C/c2csc(C)n2)OC(=O)C[C@H](O)C(C)(C)C(=O)[C@H](C)[C@@H](O)[C@@H](C)CCC1,2.0,16.057891109579604,91.38525155065471,False,True,491.69,5.27,2,7,96.72,2,1,0.667,34,136.35,0.432,1,True,True,True,False,True
REP_06878,CHEMBL5095103,IZUFORANT,CNC1CN(c2nc3ncc(Br)cc3n3cnnc23)C1,2.0,15.98897312198484,50.137835975189525,False,True,334.18,0.84,1,6,71.24,2,3,0.333,20,78.84,0.749,0,True,True,True,True,True
REP_00881,CHEMBL3697617,TAVAPADON,Cc1cc(Oc2ncccc2C(F)(F)F)ccc1-c1c(C)c(=O)[nH]c(=O)n1C,3.0,15.920055134390076,50.137835975189525,False,True,391.35,3.56,1,4,76.98,3,3,0.211,28,96.53,0.741,0,True,True,True,True,True
REP_05292,CHEMBL28211,NAFOXIDINE,COc1ccc2c(c1)CCC(c1ccccc1)=C2c1ccc(OCCN2CCCC2)cc1,2.0,15.851137146795311,50.137835975189525,False,True,425.57,6.08,0,3,21.7,7,3,0.31,32,131.28,0.458,1,True,True,False,False,True
REP_01013,CHEMBL4297608,ELDECALCITOL,C=C1/C(=C\C=C2/CCC[C@]3(C)[C@@H]([C@H](C)CCCC(C)(C)O)CC[C@@H]23)C[C@@H](O)[C@@H](OCCCO)[C@@H]1O,3.0,15.782219159200553,81.87456926257754,False,True,490.73,5.08,4,5,90.15,10,0,0.8,35,140.86,0.321,1,True,True,True,False,True
REP_01252,CHEMBL68055,ACOLBIFENE,CC1=C(c2ccc(O)cc2)[C@H](c2ccc(OCCN3CCCCC3)cc2)Oc2cc(O)ccc21,3.0,15.713301171605789,91.38525155065471,False,True,457.57,6.03,2,5,62.16,6,3,0.31,34,134.3,0.473,1,True,True,False,False,True
REP_01028,CHEMBL4297865,ABIVERTINIB,C=CC(=O)Nc1cccc(Oc2nc(Nc3ccc(N4CCN(C)CC4)c(F)c3)nc3[nH]ccc23)c1,3.0,15.644383184011025,50.137835975189525,False,True,487.54,4.51,3,7,98.41,7,4,0.192,36,138.62,0.33,0,True,True,True,False,True
REP_01891,CHEMBL1555467,ANAZOLENE,O=S(=O)(O)c1cc(O)c2c(/N=N/c3ccc(Nc4ccccc4)c4c(S(=O)(=O)O)cccc34)cc(S(=O)(=O)O)cc2c1,2.0,15.57546519641626,63.6802205375603,False,True,629.65,5.6,5,10,220.09,7,5,0.0,42,152.91,0.11,2,False,False,False,False,False
REP_02047,CHEMBL1688852,VALNEMULIN,C=C[C@]1(C)C[C@@H](OC(=O)CSC(C)(C)CNC(=O)[C@H](N)C(C)C)[C@]2(C)[C@H](C)CC[C@]3(CCC(=O)[C@H]32)[C@@H](C)[C@@H]1O,2.0,15.506547208821498,24.01791867677464,False,True,564.83,4.5,3,7,118.72,9,0,0.839,39,157.0,0.279,1,True,True,True,False,True
REP_01458,CHEMBL119549,ANDOLAST,O=C(Nc1ccc(-c2nnn[nH]2)cc1)c1ccc(-c2nnn[nH]2)cc1,2.0,15.437629221226745,50.137835975189525,False,True,333.31,1.3,3,7,138.02,4,4,0.0,25,87.18,0.511,0,True,True,False,True,True
REP_00906,CHEMBL3916929,BALCINRENONE,CNC(=O)C[C@H]1COc2cc(F)ccc2N1C(=O)c1ccc2c(c1)NC(=O)CO2,3.0,15.368711233631982,50.137835975189525,False,True,399.38,1.7,2,5,96.97,3,2,0.25,29,101.74,0.819,0,True,True,True,True,True
REP_01598,CHEMBL1256815,PRADOFLOXACIN,N#Cc1c(N2C[C@@H]3CCCN[C@@H]3C2)c(F)cc2c(=O)c(C(=O)O)cn(C3CC3)c12,2.0,15.299793246037218,50.137835975189525,False,True,396.42,2.23,2,5,98.36,3,2,0.476,29,104.84,0.826,0,True,True,True,True,True
REP_06584,CHEMBL4594275,GUSACITINIB,N#CCC1CCN(c2nc(Nc3ccc(N4CCC(O)CC4)cc3)c3c(=O)[nH]ncc3n2)CC1,2.0,15.230875258442456,24.01791867677464,False,True,460.54,2.55,3,9,134.06,5,3,0.458,34,130.3,0.525,0,True,True,False,False,True
REP_04651,CHEMBL2107772,RIMACALIB,C[C@@H](c1ccc(-c2ccccc2)c(F)c1)c1cc(NC(=N)N2CCOCC2)on1,2.0,15.161957270847692,92.28118538938664,False,True,394.45,4.31,2,4,74.38,4,3,0.273,29,109.6,0.509,0,True,True,True,True,True
REP_05724,CHEMBL3545278,ATX08-001,CCCCCS(=O)(=O)NC(=O)c1ccc2nc(C)n(Cc3ccc(Cl)cc3Cl)c2c1,2.0,15.09303928325293,96.76085458304615,False,True,468.41,4.95,1,4,81.06,8,3,0.333,30,120.81,0.475,0,True,True,True,True,True
REP_07494,CHEMBL87223,AMINOQUINURIDE,Cc1cc(N)c2cc(NC(=O)Nc3ccc4nc(C)cc(N)c4c3)ccc2n1,2.0,15.024121295658166,91.38525155065471,False,True,372.43,4.21,4,5,118.95,2,4,0.095,28,114.43,0.42,0,True,True,True,True,True
REP_06357,CHEMBL4297427,SCH-486757,O[C@]1(c2ncccn2)C[C@H]2CC[C@@H](C1)N2C(c1ccccc1Cl)c1ccccc1Cl,2.0,14.955203308063403,35.630599586492075,False,True,440.37,5.39,1,4,49.25,4,3,0.333,30,118.56,0.591,1,True,True,True,True,True
REP_01850,CHEMBL150980,MOXIRAPRINE,Cc1cc(-c2ccc(O)cc2)nnc1NCCN1CCOCC1,2.0,14.88628532046864,91.7987594762233,False,True,314.39,1.9,2,6,70.51,5,2,0.412,23,89.62,0.878,0,True,True,True,True,True
REP_04910,CHEMBL2111088,DENIBULIN,COC(=O)Nc1nc2cc(Sc3ccc(NC(=O)[C@H](C)N)cc3)ccc2[nH]1,2.0,14.817367332873877,75.63749138525155,False,True,385.45,3.18,4,6,122.13,5,3,0.167,27,104.97,0.535,0,True,True,True,True,True
REP_04194,CHEMBL2106813,GALOCITABINE,COc1cc(C(=O)Nc2nc(=O)n([C@@H]3O[C@H](C)[C@@H](O)[C@H]3O)cc2F)cc(OC)c1OC,2.0,14.748449345279113,90.21364576154376,False,True,439.4,0.3,3,9,141.37,6,2,0.421,31,104.1,0.579,0,True,False,False,True,False
REP_04001,CHEMBL2106447,NICOCORTONIDE,C/C=C/C1O[C@]2(C(=O)COC(=O)c3cccnc3)CC[C@@]3(O1)[C@@H]1CCC4=CC(=O)CC[C@]4(C)[C@H]1[C@@H](O)C[C@]23C,2.0,14.67953135768436,50.137835975189525,False,True,535.64,4.12,1,8,112.02,5,1,0.613,39,140.37,0.443,1,True,True,True,False,True
REP_06230,CHEMBL4209157,LIFIRAFENIB,O=C1CCc2c(Oc3ccc4c(c3)[C@@H]3[C@H](O4)[C@H]3c3nc4cc(C(F)(F)F)ccc4[nH]3)ccnc2N1,2.0,14.6106133700896,24.01791867677464,False,True,478.43,5.3,2,5,89.13,3,4,0.24,35,118.7,0.417,1,True,True,True,True,True
REP_08007,CHEMBL4545915,PUQUITINIB MESYLATE DIHYDRATE,c1cnc2ccc(Nc3nc(NC4CC4)c4nc[nH]c4n3)cc2c1,1.0,14.541695382494837,75.63749138525155,False,True,317.36,3.22,3,6,91.41,4,4,0.176,24,93.35,0.535,0,True,True,True,True,True
REP_05719,CHEMBL3545224,BURIXAFOR,Nc1cc(N2CCN(CCP(=O)(O)O)CC2)nc(NCC2CCC(CNCCCNC3CCCCC3)CC2)n1,2.0,14.47277739490007,64.57615437629221,False,True,566.73,2.48,6,9,151.9,14,1,0.852,39,158.31,0.146,2,False,False,False,False,False
REP_00748,CHEMBL2387408,LINERIXIBAT,CCCC[C@]1(CC)CS(=O)(=O)c2cc(CNC(CC(=O)O)CC(=O)O)c(OC)cc2[C@@H](c2ccccc2)N1,3.0,14.403859407305308,24.01791867677464,False,True,546.69,3.91,4,7,142.03,13,2,0.5,38,144.15,0.294,1,True,False,False,False,False
REP_05953,CHEMBL3982723,DAROVASERTIB,CC1(N)CCN(c2cccnc2NC(=O)c2nc(-c3ncccc3C(F)(F)F)cnc2N)CC1,2.0,14.334941419710546,71.95037904893178,False,True,472.48,3.1,3,8,135.94,4,3,0.318,34,120.91,0.527,0,True,True,False,True,True
REP_01222,CHEMBL562668,OTENABANT,CCNC1(C(N)=O)CCN(c2ncnc3c2nc(-c2ccccc2Cl)n3-c2ccc(Cl)cc2)CC1,3.0,14.266023432115782,41.76430048242591,False,True,510.43,4.22,2,6,101.96,6,4,0.28,35,139.17,0.403,1,True,True,True,False,True
REP_06311,CHEMBL4297296,KOS-1584,C/C1=C/C[C@@H](/C(C)=C/c2csc(C)n2)OC(=O)C[C@H](O)C(C)(C)C(=O)[C@H](C)[C@@H](O)[C@@H](C)/C=C/C1,2.0,14.197105444521018,91.38525155065471,False,True,489.68,5.04,2,7,96.72,2,1,0.593,34,136.26,0.446,1,True,True,True,False,True
REP_05125,CHEMBL2408045,SAPITINIB,CNC(=O)CN1CCC(Oc2cc3c(Nc4cccc(Cl)c4F)ncnc3cc2OC)CC1,2.0,14.128187456926256,50.137835975189525,False,True,473.94,3.76,2,7,88.61,7,3,0.348,33,124.94,0.54,0,True,True,True,True,True
REP_05046,CHEMBL223402,RSV-604,O=C(Nc1ccccc1F)N[C@H]1N=C(c2ccccc2)c2ccccc2NC1=O,2.0,14.059269469331491,75.63749138525155,False,True,388.4,3.76,3,3,82.59,3,3,0.045,29,109.5,0.638,0,True,True,True,True,True
REP_03703,CHEMBL2105661,LITRONESIB,CCNCCS(=O)(=O)NC[C@@]1(c2ccccc2)SC(NC(=O)C(C)(C)C)=NN1C(=O)C(C)(C)C,2.0,13.99035148173673,49.41419710544452,False,True,511.71,2.42,3,7,119.97,8,1,0.609,34,137.38,0.461,1,True,True,True,False,True
REP_04505,CHEMBL2107483,TEOPRANITOL,Cn1c(=O)c2c(ncn2CCCN[C@H]2CO[C@H]3[C@@H]2OC[C@@H]3O[N+](=O)[O-])n(C)c1=O,2.0,13.921433494141963,12.19848380427292,False,True,410.39,-1.84,1,9,144.68,7,2,0.688,29,97.97,0.316,0,True,False,False,False,False
REP_04960,CHEMBL2146086,CRENOLANIB BESYLATE,CC1(COc2ccc3c(c2)ncn3-c2ccc3cccc(N4CCC(N)CC4)c3n2)COC1.O=S(=O)(O)c1ccccc1,2.0,13.852515506547212,82.42591316333562,False,True,601.73,4.85,2,8,132.8,6,5,0.312,43,166.47,0.262,1,True,True,False,False,True
REP_07333,CHEMBL6068392,ICOVAMENIB,C=CC(=O)N[C@@H]1CCCN(Cc2ccnc(C(=O)Nc3ccc(-c4cc5c(N6CCOCC6)ncnc5[nH]4)cc3)c2)C1,2.0,13.783597518952453,74.6381805651275,False,True,566.67,3.38,3,8,128.37,8,4,0.323,42,161.19,0.277,1,True,True,True,False,True
REP_02842,CHEMBL2104323,IMCARBOFOS,CCOP(=O)(NC(=S)Nc1ccc(NC(=S)NP(=O)(OCC)OCC)c(OC)c1)OCC,2.0,13.714679531357689,75.63749138525155,False,True,528.53,4.63,4,9,128.41,13,1,0.529,32,133.42,0.21,1,True,False,True,False,False
REP_06748,CHEMBL4802251,EMPRUMAPIMOD,CN(C)CC[C@H](NC(=O)c1cc2c(cnn2C(C)(C)C)cc1Oc1ccc(F)cc1F)C(N)=O,2.0,13.645761543762925,89.45554789800137,False,True,473.52,3.4,2,5,102.48,8,3,0.375,34,124.78,0.522,0,True,True,True,True,True
REP_07859,CHEMBL3912712,BMS-963272,Cc1ccc(C2=C(c3nnn[nH]3)C(=O)N[C@@](c3ccc(OCCCC(F)(F)F)cc3)(C(F)(F)F)C2)cc1,1.0,13.57684355616816,50.137835975189525,False,True,525.45,5.12,2,5,92.79,7,3,0.333,37,119.89,0.33,2,False,True,True,False,True
REP_08047,CHEMBL4650229,ILACIRNON SODIUM,Cc1cnc(C(=O)c2ncnc3[nH]ccc23)c([N-]S(=O)(=O)c2ccc(Cl)c(C(F)(F)F)c2)c1,1.0,13.507925568573398,88.21502412129566,False,True,494.86,4.96,1,6,119.77,5,4,0.1,33,112.95,0.391,0,True,True,True,False,True
REP_08251,CHEMBL6068424,CERTOCICLIB,FC(F)Oc1cc(Nc2cnc3cnn(CC4CCOCC4)c3n2)n[nH]1,1.0,13.439007580978634,75.63749138525155,False,True,365.34,2.32,2,7,102.77,6,3,0.467,26,87.37,0.691,0,True,True,True,True,True
REP_07329,CHEMBL6068074,SEVABERTINIB,COc1c(Cl)cccc1Nc1c(-c2ccncc2OC[C@@H]2COCCO2)[nH]c2c1C(=O)NCC2,2.0,13.370089593383872,50.137835975189525,False,True,484.94,3.56,3,7,106.73,7,3,0.333,34,127.4,0.47,0,True,True,True,False,True
REP_05586,CHEMBL3301609,TOREFORANT,Cc1cc(C)c2nc(-c3cnc(NCCCC4CCN(C)CC4)nc3C)[nH]c2c1,2.0,13.301171605789108,58.924879393521714,False,True,392.55,4.48,2,5,69.73,6,3,0.522,29,119.28,0.605,0,True,True,True,True,True
REP_01662,CHEMBL1327821,ENPIROLINE,OC(c1cc(-c2ccc(C(F)(F)F)cc2)nc(C(F)(F)F)c1)C1CCCCN1,2.0,13.232253618194346,53.06685044796692,False,True,404.35,4.96,2,3,45.15,3,2,0.421,28,90.28,0.711,0,True,True,True,True,True
REP_03145,CHEMBL2104828,SALANTEL,O=C(c1ccc(Cl)cc1)c1ccc(NC(=O)c2cc(I)cc(I)c2O)cc1Cl,2.0,13.16333563059958,83.80427291523087,False,True,638.03,6.39,2,3,66.4,4,3,0.0,28,127.83,0.257,2,False,True,False,False,True
REP_07038,CHEMBL5314473,NIMUCITINIB,NC(=O)c1cnc(Nc2cccc(NC(=O)[C@H]3CCCNC3)c2)cc1NCc1cc(F)cc(F)c1,2.0,13.09441764300483,75.63749138525155,False,True,480.52,3.75,5,6,121.17,8,3,0.24,35,130.39,0.335,0,True,True,True,False,True
REP_00799,CHEMBL303933,PIPERAQUINE,Clc1ccc2c(N3CCN(CCCN4CCN(c5ccnc6cc(Cl)ccc56)CC4)CC3)ccnc2c1,3.0,13.025499655410066,75.63749138525155,False,True,535.52,5.42,0,6,38.74,6,4,0.379,37,155.43,0.328,2,False,True,True,False,True
REP_07294,CHEMBL6068024,NURANDOCIGUAT,CC(C)CN1CCN(c2ccc(-c3ccc(Cl)cc3N3CCC[C@@H](n4ncc(C(=O)O)c4C(F)F)C3)cc2)CC1,2.0,12.956581667815303,91.38525155065471,False,True,572.1,6.46,1,5,64.84,8,3,0.467,40,155.01,0.335,2,False,True,False,False,True
REP_06013,CHEMBL3989547,ABAFUNGIN,Cc1ccc(Oc2ccccc2-c2csc(N=C3NCCCN3)n2)c(C)c1,2.0,12.88766368022054,82.08132322536181,False,True,378.5,4.79,2,4,58.54,4,3,0.238,27,111.26,0.685,0,True,True,True,True,True
REP_01052,CHEMBL4475463,AMCENESTRANT,O=C(O)c1ccc2c(c1)CCCC(c1ccc(Cl)cc1Cl)=C2c1ccc(O[C@H]2CCN(CCCF)C2)cc1,3.0,12.818745692625775,91.38525155065471,False,True,554.49,7.8,1,3,49.77,8,3,0.323,38,151.22,0.309,2,False,True,False,False,True
REP_07308,CHEMBL6068043,BALINATUNFIB,CN1C(=O)c2cccc(OC(F)F)c2[C@H]2C[C@@H]1c1nc3ccc(-c4cnc(C5(N)CCC5)nc4)cc3n12,2.0,12.749827705031011,50.137835975189525,False,True,502.53,4.55,1,6,99.16,4,4,0.333,37,131.14,0.44,1,True,True,True,False,True
REP_03174,CHEMBL2104881,OLRADIPINE,CCOC(=O)C1=C(COCCOCCN)NC(C)=C(C(=O)OC)C1c1cccc(Cl)c1Cl,2.0,12.68090971743625,50.137835975189525,False,True,487.38,2.94,2,8,109.11,11,1,0.455,32,121.41,0.362,0,True,False,True,False,False
REP_02246,CHEMBL1823518,RABACFOSADINE,CCOC(=O)[C@H](C)NP(=O)(COCCn1cnc2c(NC3CC3)nc(N)nc21)N[C@@H](C)C(=O)OCC,2.0,12.611991729841488,75.87870434183321,False,True,526.54,1.23,4,11,184.61,15,2,0.667,36,133.27,0.148,2,False,False,False,False,False
REP_06551,CHEMBL4553146,TBAJ-876,COc1cc([C@](O)(CCN(C)C)[C@@H](c2cc3cc(Br)ccc3nc2OC)c2cc(OC)nc(OC)c2OC)cc(OC)n1,2.0,12.543073742246724,65.6788421778084,False,True,657.56,4.81,1,11,117.52,13,4,0.387,43,166.14,0.214,2,False,False,True,False,False
REP_06561,CHEMBL4577523,GOLIDOCITINIB,COc1nn(C)cc1Nc1nccc(-c2c[nH]c3c(NC(=O)[C@@H](C)N4CCN(C)CC4)cccc23)n1,2.0,12.47415575465196,67.81529979324603,False,True,489.58,2.69,3,8,116.23,7,4,0.36,36,139.53,0.363,0,True,True,True,False,True
REP_03350,CHEMBL2105140,OCTOTIAMINE,COC(=O)CCCCC(CCSS/C(CCO)=C(/C)N(C=O)Cc1cnc(C)nc1N)SC(C)=O,2.0,12.405237767057198,29.703652653342527,False,True,544.77,4.09,2,11,135.71,17,1,0.609,35,144.4,0.127,2,False,False,False,False,False
REP_05918,CHEMBL3905910,VORUCICLIB,CN1CC[C@@H](c2c(O)cc(O)c3c(=O)cc(-c4ccc(C(F)(F)F)cc4Cl)oc23)[C@@H]1CO,2.0,12.336319779462436,91.38525155065471,False,True,469.84,4.32,3,6,94.14,3,3,0.318,32,112.12,0.529,0,True,True,True,True,True
REP_03528,CHEMBL2105390,PYRITIDIUM BROMIDE,Cc1cc(Nc2ccc3c(c2)c(-c2ccc(N)cc2)[n+](C)c2cc(N)ccc32)nc(N)[n+]1C,2.0,12.267401791867682,50.137835975189525,False,True,437.55,3.5,4,5,110.74,3,5,0.115,33,134.74,0.196,0,True,True,True,False,True
REP_06258,CHEMBL4284447,SUTIDIAZINE,Cc1nc(Nc2ncc(N3CCN(C)[C@H](C)C3)c(Nc3cc(C)n(C)n3)n2)cc(C2CC2)c1F,2.0,12.19848380427292,75.63749138525155,False,True,465.58,3.87,2,8,87.03,6,3,0.5,34,131.75,0.567,0,True,True,True,False,True
REP_04658,CHEMBL2107792,VALATEGRAST,CCN(CC)CCOC(=O)[C@H](Cc1ccc(NC(=O)c2c(Cl)cccc2Cl)cc1)NC(=O)c1c(C)cccc1Cl,2.0,12.129565816678156,75.63749138525155,False,True,604.96,6.43,2,5,87.74,12,3,0.3,40,160.75,0.233,2,False,False,False,False,False
REP_07589,CHEMBL1254709,DM-1157,Clc1ccc2c(NCCCN3CCC(NC(c4ccccn4)c4ccccn4)CC3)ccnc2c1,1.0,12.060647829083392,50.137835975189525,False,True,487.05,5.32,2,6,65.97,9,4,0.321,35,142.77,0.312,1,True,True,True,False,True
REP_06038,CHEMBL3989637,TABILAUTIDE,CCCCCCCCCCCC(=O)N[C@@H](C)C(=O)N[C@H](CCC(=O)N[C@@H](CCC[C@H](N)C(N)=O)C(=O)O)C(=O)O,2.0,11.99172984148863,41.28187456926258,False,True,571.72,1.31,7,7,231.01,24,0,0.778,40,148.84,0.083,2,False,False,False,False,False
REP_06990,CHEMBL5314393,LY2624803,CC(C)(CN1CCN(C2=Nc3ccccc3Oc3ccccc32)CC1)C(=O)O,2.0,11.922811853893869,50.137835975189525,False,True,379.46,3.6,1,5,65.37,3,2,0.364,28,108.58,0.883,0,True,True,True,True,True
REP_07306,CHEMBL6068038,ZAVOLOSOTINE,C[C@H](NC(=O)c1cnc(C#N)c(-c2cc(F)cc(F)c2)c1N1CC[C@H](N)C1)C(F)(F)F,2.0,11.853893866299105,91.38525155065471,False,True,439.39,3.12,2,5,95.04,4,2,0.35,31,102.09,0.714,0,True,True,True,True,True
REP_04038,CHEMBL2106520,HALOPREDONE ACETATE,CC(=O)OCC(=O)[C@@]1(OC(C)=O)CC[C@H]2[C@@H]3C[C@@H](F)C4=CC(=O)C(Br)=C[C@]4(C)[C@@]3(F)[C@@H](O)C[C@@]21C,2.0,11.78497587870434,17.36733287388008,False,True,559.4,3.46,1,7,106.97,4,0,0.68,35,122.64,0.526,1,True,True,True,False,True
REP_06191,CHEMBL4116008,CERDULATINIB,CCS(=O)(=O)N1CCN(c2ccc(Nc3ncc(C(N)=O)c(NC4CC4)n3)cc2)CC1,2.0,11.716057891109577,75.63749138525155,False,True,445.55,1.37,3,8,133.55,8,2,0.45,31,120.17,0.555,0,True,True,False,True,True
REP_07452,CHEMBL78535,ANCRIVIROC,CCO/N=C(\c1ccc(Br)cc1)C1CCN(C2(C)CCN(C(=O)c3c(C)cc[n+]([O-])c3C)CC2)CC1,2.0,11.647139903514814,75.63749138525155,False,True,557.53,4.85,0,5,72.08,6,2,0.536,36,145.02,0.221,1,True,True,True,False,True
REP_05166,CHEMBL258940,FALNIDAMOL,CN1CCC(Nc2ncc3ncnc(Nc4ccc(F)c(Cl)c4)c3n2)CC1,2.0,11.57822191592005,75.63749138525155,False,True,387.85,3.46,2,7,78.86,4,3,0.333,27,103.96,0.709,0,True,True,True,True,True
REP_06917,CHEMBL5095250,LY-2880070,COc1nc(C)ccc1-c1cc(Nc2cncc(O[C@@H]3CCCNC3)n2)n[nH]1,2.0,11.509303928325288,91.38525155065471,False,True,381.44,2.45,3,8,109.87,6,3,0.368,28,104.94,0.597,0,True,True,True,True,True
REP_00659,CHEMBL2105728,CRENOLANIB,CC1(COc2ccc3c(c2)ncn3-c2ccc3cccc(N4CCC(N)CC4)c3n2)COC1,3.0,11.440385940730536,73.94900068917988,False,True,443.55,3.92,1,6,78.43,5,4,0.385,33,130.21,0.504,0,True,True,True,False,True
REP_04640,CHEMBL2107750,FAMPRONIL,Cc1nn(-c2c(Cl)cc(C(F)(F)F)cc2Cl)c(Cl)c1-c1nc(C#N)c(C#N)[nH]1,2.0,11.371467953135772,63.61130254996554,False,True,445.62,5.29,1,4,94.08,2,3,0.125,28,95.34,0.579,1,True,True,True,True,True
REP_01155,CHEMBL5095105,LORUNDROSTAT,CC(=O)N[C@H]1CC[C@H](NC(=O)CN2CCN(c3nncc(-c4ccc(C)cc4)n3)CC2)CC1,3.0,11.302549965541008,91.38525155065471,False,True,451.58,1.53,2,7,103.35,6,2,0.542,33,126.66,0.687,0,True,True,True,True,True
REP_00513,CHEMBL1569487,LORNOXICAM,CN1C(C(=O)Nc2ccccn2)=C(O)c2sc(Cl)cc2S1(=O)=O,3.0,11.233631977946246,44.86560992419021,False,True,371.83,2.3,2,6,99.6,2,2,0.077,23,86.69,0.843,0,True,True,True,True,True
REP_05490,CHEMBL3142543,BUTOBENDINE,CC[C@@H](COC(=O)c1cc(OC)c(OC)c(OC)c1)N(C)CCN(C)[C@@H](CC)COC(=O)c1cc(OC)c(OC)c(OC)c1,2.0,11.164713990351483,34.52791178497587,False,True,620.74,4.17,0,12,114.46,19,2,0.562,44,166.18,0.21,2,False,False,True,False,False
REP_03789,CHEMBL2106005,BERUPIPAM,CN1CCc2cc(Cl)c(O)cc2[C@@H](c2cc(Br)cc3c2OCC3)C1,2.0,11.09579600275672,50.137835975189525,False,True,408.72,4.36,1,3,32.7,1,2,0.368,24,99.5,0.761,0,True,True,True,True,True
REP_01212,CHEMBL5483011,INDINAVIR,CC(C)(C)NC(=O)[C@@H]1CN(Cc2cccnc2)CCN1C[C@@H](O)C[C@@H](Cc1ccccc1)C(=O)N[C@H]1c2ccccc2C[C@H]1O,3.0,11.026878015161955,83.73535492763611,False,True,613.8,2.87,4,7,118.03,11,3,0.472,45,174.07,0.263,1,True,False,True,False,False
REP_06427,CHEMBL4297649,OLACAFTOR,CC(C)COc1cc(F)cc(-c2ccc(C(=O)NS(=O)(=O)c3ccccc3)c(N3C[C@@H](C)CC3(C)C)n2)c1,2.0,10.957960027567191,67.05720192970365,False,True,539.67,5.67,1,6,88.6,8,3,0.379,38,146.26,0.397,2,False,True,True,False,True
REP_08144,CHEMBL5095223,AZD-9574,CNC(=O)c1ccc(N2CCN(Cc3ccc4nc(C)c(=O)[nH]c4c3F)CC2)c(F)n1,1.0,10.88904203997243,14.059269469331491,False,True,428.44,1.59,2,6,94.22,4,3,0.333,31,112.13,0.613,0,True,True,True,True,True
REP_07216,CHEMBL5800160,BRIMARAFENIB,O=C1CCc2c(Oc3ccc4c(c3)[C@H]3[C@H](NC(=O)Nc5cc(F)c(F)cc5F)[C@H]3O4)ccnc2N1,2.0,10.820124052377668,91.38525155065471,False,True,482.42,4.22,3,5,101.58,4,3,0.208,35,117.12,0.484,0,True,True,True,False,True
REP_04981,CHEMBL2178579,ELUBRIXIN,O=C(Nc1ccc(Cl)c(S(=O)(=O)N2CCNCC2)c1O)Nc1cccc(F)c1Cl,2.0,10.751206064782902,86.1474844934528,False,True,463.32,3.08,4,5,110.77,4,2,0.235,29,108.8,0.521,0,True,True,True,True,True
REP_07230,CHEMBL5878583,BRANOSOTINE,COc1cc(C#N)cc2nc(-c3c(N)ncc(-c4cc(C)cc(F)c4)c3N3CCC(N)CC3)[nH]c12,2.0,10.68228807718815,50.137835975189525,False,True,471.54,4.13,3,7,129.87,4,4,0.269,35,134.56,0.408,0,True,True,True,False,True
REP_07782,CHEMBL3319236,GLPG-0187,COc1ccc(S(=O)(=O)N[C@@H](CNc2nc(C)nc(N3CCC(c4ccc5c(n4)NCCC5)CC3)c2C)C(=O)O)cc1,1.0,10.613370089593388,8.959338387319091,False,True,595.73,3.08,4,10,158.67,10,3,0.448,42,159.97,0.273,1,True,False,False,False,False
REP_00792,CHEMBL290352,CEP-1347,CCSCc1ccc2c(c1)c1c3c(c4c5cc(CSCC)ccc5n5c4c1n2[C@H]1C[C@](O)(C(=O)OC)[C@]5(C)O1)CNC3=O,3.0,10.544452101998624,15.851137146795311,False,True,615.78,6.16,2,7,94.72,7,5,0.394,43,172.64,0.212,2,False,True,False,False,True
REP_03985,CHEMBL2106377,DIPROTRIZOATE SODIUM,CCC(=O)Nc1c(I)c(NC(=O)CC)c(I)c(C(=O)[O-])c1I,2.0,10.475534114403862,50.137835975189525,False,True,640.96,2.56,2,4,98.33,5,1,0.308,22,106.76,0.484,1,True,True,True,False,True
REP_03737,CHEMBL2105870,ROXOLONIUM METILSULFATE,CC1(C)[C@@H](O)CC[C@]2(C)[C@H]3C(=O)C=C4[C@@H]5C[C@@](C)(C(=O)OCC6CCC[N+]6(C)C)CC[C@]5(C)CC[C@@]4(C)[C@]3(C)CC[C@@H]12.COS(=O)(=O)[O-],2.0,10.406616126809098,15.161957270847692,False,True,693.99,6.2,1,8,130.03,4,0,0.895,48,183.1,0.159,2,False,True,False,False,True
REP_05037,CHEMBL2220486,LUCITANIB,CNC(=O)c1cccc2cc(Oc3ccnc4cc(OCC5(N)CC5)c(OC)cc34)ccc12,2.0,10.337698139214336,70.77877325982081,False,True,443.5,4.42,2,6,95.7,7,4,0.231,33,127.35,0.439,0,True,True,True,True,True
REP_01606,CHEMBL126648,PLEVITREXED,C#CCN(Cc1cc2c(O)nc(C)nc2cc1C)c1ccc(C(=O)N[C@@H](CCc2nnn[nH]2)C(=O)O)c(F)c1,2.0,10.268780151619572,50.137835975189525,False,True,532.54,2.06,4,9,170.11,10,4,0.269,39,138.35,0.222,1,True,False,False,False,False
REP_08211,CHEMBL5316215,LOTIGLIPRON TROMETHAMINE,C[C@]1(c2ccc(Cl)cn2)Oc2cccc(C3CCN(Cc4nc5ccc(C(=O)O)cc5n4C[C@@H]4CCO4)CC3)c2O1.NC(CO)(CO)CO,1.0,10.19986216402481,50.137835975189525,False,True,696.2,3.26,5,11,185.65,10,4,0.457,49,180.77,0.163,2,False,False,False,False,False
REP_00216,CHEMBL2107826,VIBEGRON,O=C(Nc1ccc(C[C@@H]2CC[C@H]([C@H](O)c3ccccc3)N2)cc1)[C@@H]1CCc2nccc(=O)n21,4.0,10.130944176430043,57.684355616816,False,True,444.54,2.77,3,5,96.25,6,3,0.346,33,125.98,0.543,0,True,True,True,True,True
REP_01125,CHEMBL4847050,AFICAMTEN,CCc1nc(-c2ccc3c(c2)CC[C@H]3NC(=O)c2cnn(C)c2)no1,3.0,10.062026188835285,49.96554100620262,False,True,337.38,2.45,1,5,85.84,4,3,0.333,25,90.85,0.79,0,True,True,True,True,True
REP_03153,CHEMBL2104850,RILAPINE,CN1CCN(C2=Cc3cc(Cl)ccc3/C(=C/C#N)c3ccccc32)CC1,2.0,9.99310820124052,34.39007580978636,False,True,361.88,4.35,0,3,30.27,1,2,0.227,26,107.53,0.707,0,True,True,True,True,True
REP_01270,CHEMBL83626,SUCCINOBUCOL,CC(C)(Sc1cc(C(C)(C)C)c(O)c(C(C)(C)C)c1)Sc1cc(C(C)(C)C)c(OC(=O)CCC(=O)O)c(C(C)(C)C)c1,3.0,9.924190213645756,1.5161957270847692,False,True,616.93,9.97,2,6,83.83,8,2,0.6,42,177.65,0.132,2,False,True,False,False,True
REP_07361,CHEMBL607707,PELITINIB,CCOc1cc2ncc(C#N)c(Nc3ccc(F)c(Cl)c3)c2cc1NC(=O)/C=C/CN(C)C,2.0,9.855272226051005,91.38525155065471,False,True,467.93,5.1,2,6,90.28,8,3,0.208,33,128.64,0.448,1,True,True,True,True,True
REP_00035,CHEMBL1200500,BECLOMETHASONE DIPROPIONATE,CCC(=O)OCC(=O)[C@@]1(OC(=O)CC)[C@@H](C)C[C@H]2[C@@H]3CCC4=CC(=O)C=C[C@]4(C)[C@@]3(Cl)[C@@H](O)C[C@@]21C,4.0,9.78635423845624,50.137835975189525,False,True,521.05,4.09,1,7,106.97,6,0,0.714,36,133.02,0.415,1,True,True,True,False,True
REP_01622,CHEMBL1276342,CEFMINOX,CO[C@@]1(NC(=O)CSC[C@@H](N)C(=O)O)C(=O)N2C(C(=O)O)=C(CSc3nnnn3C)CS[C@@H]21,2.0,9.717436250861478,63.05995864920744,False,True,519.59,-1.84,4,12,202.86,11,1,0.562,33,118.09,0.144,2,False,False,False,False,False
REP_06425,CHEMBL4297644,SIMUROSERTIB,Cc1n[nH]cc1-c1cc2nc([C@@H]3CC4CCN3CC4)[nH]c(=O)c2s1,2.0,9.648518263266714,24.01791867677464,False,True,341.44,2.84,2,5,77.67,2,3,0.471,24,94.21,0.751,0,True,True,True,True,True
REP_06459,CHEMBL4303782,ZOTATIFIN,COc1cc2c(c(OC)n1)[C@]1(O)[C@H](O)[C@H](CN(C)C)[C@@H](c3ccccc3)[C@]1(c1ccc(C#N)cc1)O2,2.0,9.57960027567195,24.01791867677464,False,True,487.56,2.78,2,8,108.07,6,3,0.357,36,131.93,0.547,0,True,True,True,False,True
REP_07871,CHEMBL3951811,CEP-37440,CNC(=O)c1ccccc1Nc1nc(Nc2ccc3c(c2OC)CCC[C@H](N2CCN(CCO)CC2)C3)ncc1Cl,1.0,9.510682288077188,75.12060647829082,False,True,580.13,3.84,4,9,114.88,9,3,0.433,41,161.96,0.281,1,True,True,True,False,True
REP_05420,CHEMBL3039531,DANIRIXIN,Cc1c(F)cccc1NC(=O)Nc1ccc(Cl)c(S(=O)(=O)[C@H]2CCCNC2)c1O,2.0,9.441764300482426,91.38525155065471,False,True,441.91,3.66,4,5,107.53,4,2,0.316,29,109.97,0.541,0,True,True,True,True,True
REP_07807,CHEMBL3545076,LY-2584702,Cn1cc(-c2ccc(F)c(C(F)(F)F)c2)nc1C1CCN(c2ncnc3[nH]ncc23)CC1,1.0,9.372846312887662,24.01791867677464,False,True,445.42,4.3,1,5,75.52,3,4,0.333,32,109.48,0.476,0,True,True,True,True,True
REP_03607,CHEMBL2105494,ZINDOTRINE,Cc1cc(N2CCCCC2)nn2cnnc12,2.0,9.303928325292896,50.137835975189525,False,True,217.28,1.42,0,4,46.32,1,2,0.545,16,61.58,0.724,0,True,True,True,False,True
REP_02374,CHEMBL1922094,APITOLISIB,Cc1c(CN2CCN(C(=O)[C@H](C)O)CC2)sc2c(N3CCOCC3)nc(-c3cnc(N)nc3)nc12,2.0,9.235010337698135,67.47070985527223,False,True,498.61,0.9,2,11,133.83,5,3,0.522,35,134.16,0.522,1,True,True,False,False,True
REP_01102,CHEMBL4650365,CAMIZESTRANT,C[C@@H]1Cc2c(ccc3[nH]ncc23)[C@@H](c2ccc(NC3CN(CCCF)C3)cn2)N1CC(F)(F)F,3.0,9.166092350103373,75.63749138525155,False,True,476.52,4.31,2,5,60.08,7,3,0.5,34,122.54,0.498,0,True,True,True,True,True
REP_01121,CHEMBL482950,PEXACERFONT,CC[C@@H](C)Nc1nc(C)nc2c(-c3ccc(OC)nc3C)c(C)nn12,3.0,9.09717436250862,93.38387319090282,False,True,340.43,3.33,1,6,77.23,5,3,0.444,25,98.15,0.767,0,True,True,True,True,True
REP_08050,CHEMBL4650277,TAS0612,CC(C)(C)NCCNc1ccc(C2=NN=C(C(F)(F)F)C2)nc1C1CCN(c2ncnc3c2C(C)(C)C(=O)N3)CC1,1.0,9.028256374913855,50.137835975189525,False,True,571.65,4.4,3,9,119.79,7,2,0.571,41,153.0,0.422,1,True,True,True,False,True
REP_02018,CHEMBL1649931,PF-232798,CC(=O)N[C@@H](CCN1[C@@H]2CC[C@H]1C[C@@H](n1c(C)nc3c1CCN(C(=O)C(C)C)C3)C2)c1cccc(F)c1,2.0,8.959338387319093,50.137835975189525,False,True,509.67,4.31,1,4,70.47,7,2,0.621,37,140.28,0.604,1,True,True,True,False,True
REP_06278,CHEMBL4297090,DESOCRIPTINE,CC[C@H](C)[C@H]1CN2CCC[C@H]2[C@]2(O)O[C@](NC(=O)[C@@H]3C[C@@H]4c5cccc6[nH]cc(c56)C[C@H]4N(C)C3)(C(C)C)C(=O)N12,2.0,8.89042039972433,50.137835975189525,False,True,563.74,2.99,3,6,101.14,5,2,0.688,41,155.7,0.517,1,True,True,True,False,True
REP_06652,CHEMBL4650338,EDRALBRUTINIB,CC#CC(=O)N1CC[C@@H](n2cc(-c3ccc(Oc4c(F)cccc4F)cc3)c3c(N)n[nH]c(=O)c32)C1,2.0,8.821502412129567,50.137835975189525,False,True,489.48,3.84,2,5,106.24,4,4,0.192,36,130.32,0.424,0,True,True,True,False,True
REP_07049,CHEMBL5314485,ROVADICITINIB,N#CC[C@H](C1CCCC1)n1cc(-c2ncnc3[nH]ccc23)c(N)n1,2.0,8.752584424534804,91.38525155065471,False,True,321.39,3.05,2,5,109.2,4,3,0.412,24,90.75,0.767,0,True,True,True,True,True
REP_04792,CHEMBL2110863,DIPROTRIZOATE,CCC(=O)Nc1c(I)c(NC(=O)CC)c(I)c(C(=O)O)c1I,2.0,8.68366643694004,50.137835975189525,False,True,641.97,3.9,3,3,95.5,5,1,0.308,22,109.39,0.426,1,True,True,True,False,True
REP_00568,CHEMBL188185,BUNAZOSIN,CCCC(=O)N1CCCN(c2nc(N)c3cc(OC)c(OC)cc3n2)CC1,3.0,8.614748449345278,50.137835975189525,False,True,373.46,2.07,1,7,93.81,5,2,0.526,27,105.37,0.857,0,True,True,True,True,True
REP_06710,CHEMBL4756129,TMC 310911,CC(C)CN(C[C@@H](O)[C@H](Cc1ccccc1)NC(=O)O[C@H]1CO[C@H]2OCC[C@H]21)S(=O)(=O)c1ccc2nc(NC3CCN(C4CCCC4)CC3)sc2c1,2.0,8.545830461750514,50.137835975189525,False,True,756.0,5.22,3,11,142.56,14,3,0.632,52,200.83,0.201,3,False,False,False,False,False
REP_07790,CHEMBL3355009,GSK-3179106,CCOc1cc(=O)[nH]cc1-c1ccc(CC(=O)Nc2cc(C(C)(C)C(F)(F)F)on2)c(F)c1,1.0,8.476912474155752,91.38525155065471,False,True,467.42,4.59,2,5,97.22,7,3,0.318,33,111.54,0.496,0,True,True,True,True,True
REP_05242,CHEMBL276368,TIMEGADINE,Cc1cc(/N=C(\Nc2nccs2)NC2CCCCC2)c2ccccc2n1,2.0,8.407994486560987,29.910406616126807,False,True,365.51,5.02,2,4,62.2,3,3,0.35,26,109.32,0.505,1,True,True,True,True,True
REP_01334,CHEMBL1084173,VILANTEROL .ALPHA.-PHENYL CINNAMATE,O=C(O)/C(=C/c1ccccc1)c1ccccc1.OCc1cc([C@@H](O)CNCCCCCCOCCOCc2c(Cl)cccc2Cl)ccc1O,2.0,8.339076498966225,91.38525155065471,False,True,710.7,7.92,5,7,128.48,19,4,0.308,49,195.65,0.038,2,False,False,False,False,False
REP_08101,CHEMBL4858364,MRTX-1133,C#Cc1c(F)ccc2cc(O)cc(-c3ncc4c(N5CC6CCC(C5)N6)nc(OC[C@@]56CCCN5C[C@H](F)C6)nc4c3F)c12,1.0,8.270158511371474,75.63749138525155,False,True,600.65,4.71,2,8,86.64,5,4,0.424,44,160.5,0.319,1,True,True,True,False,True
REP_01032,CHEMBL4301914,MRX-4,CC(=O)OP(=O)(O)N(C[C@H]1CN(c2cc(F)c(N3C=CC(=O)CC3)c(F)c2F)C(=O)O1)c1ccon1,3.0,8.20124052377671,50.137835975189525,False,True,530.35,2.88,1,9,142.72,7,2,0.3,36,115.48,0.417,1,True,False,False,False,False
REP_06430,CHEMBL4297661,TARLOXOTINIB,Cn1cnc([N+](=O)[O-])c1C[N+](C)(C)C/C=C/C(=O)Nc1cc2c(Nc3ccc(Cl)c(Br)c3)ncnc2cn1,2.0,8.132322536181945,35.69951757408683,False,True,601.87,4.6,2,8,140.76,9,4,0.208,38,148.08,0.123,1,True,False,False,False,False
REP_06696,CHEMBL47298,TILORONE,CCN(CC)CCOc1ccc2c(c1)C(=O)c1cc(OCCN(CC)CC)ccc1-2,2.0,8.063404548587183,7.78773259820813,False,True,410.56,4.34,0,5,42.01,12,2,0.48,30,121.88,0.444,0,True,False,True,True,False
REP_01585,CHEMBL125375,QUINDECAMINE,Cc1cc(NCCCCCCCCCCNc2cc(C)nc3ccccc23)c2ccccc2n1,2.0,7.99448656099242,24.01791867677464,False,True,454.66,8.04,2,4,49.84,13,4,0.4,34,146.88,0.201,1,True,False,False,False,False
REP_00994,CHEMBL4297490,CM-4307,[2H]C([2H])([2H])NC(=O)c1cc(Oc2ccc(NC(=O)Nc3ccc(Cl)c(C(F)(F)F)c3)cc2)ccn1,3.0,7.925568573397657,91.38525155065471,False,True,467.85,5.55,3,4,92.35,5,3,0.095,32,113.24,0.458,1,True,True,True,True,True
REP_07081,CHEMBL5314525,LERAMISTAT,C[C@]1(O)CC[C@H](NS(=O)(=O)c2ccc(-c3ccc(Cl)c(C#N)c3)cc2)CC1,2.0,7.856650585802893,46.1750516884907,False,True,404.92,3.85,2,4,90.19,4,2,0.35,27,104.8,0.809,0,True,True,True,True,True
REP_07881,CHEMBL4060569,TAK-915,COC[C@@H](NC(=O)N1CC(=O)Nc2cc(OC)cnc21)c1ccc(OC(F)(F)F)c(F)c1,1.0,7.78773259820813,12.543073742246728,False,True,458.37,2.98,2,6,102.02,6,2,0.316,32,103.0,0.646,0,True,True,True,True,True
REP_01633,CHEMBL1288786,PROPAZOLAMIDE,CCC(=O)Nc1nnc(S(N)(=O)=O)s1,2.0,7.718814610613367,77.1881461061337,False,True,236.28,-0.47,2,6,115.04,3,1,0.4,14,50.2,0.689,0,True,True,True,False,True
REP_03736,CHEMBL2105863,ITROCINONIDE,CCC[C@@H]1O[C@@H]2C[C@H]3[C@@H]4C[C@H](F)C5=CC(=O)C=C[C@]5(C)[C@@]4(F)[C@@H](O)C[C@]3(C)[C@]2(C(=O)O[C@H](C)OC(=O)OCC)O1,2.0,7.649896623018604,50.137835975189525,False,True,568.61,4.26,1,9,117.59,6,0,0.759,40,135.06,0.371,1,True,True,True,False,True
REP_06512,CHEMBL4467168,DAPOLSERTIB,CC(C)n1c(C2CCNCC2)nc2c([N+](=O)[O-])c(Br)c(Br)cc21,2.0,7.580978635423841,4.962095106822884,False,True,446.14,4.52,1,4,72.99,3,2,0.533,23,97.02,0.556,0,True,True,True,True,True
REP_01051,CHEMBL4468815,ZIRESOVIR,Cc1ccc2nc(N3CCS(=O)(=O)c4ccccc4C3)nc(NCC3(N)COC3)c2c1,3.0,7.512060647829088,75.63749138525155,False,True,439.54,1.87,2,8,110.44,4,3,0.364,31,120.05,0.634,0,True,True,True,True,True
REP_06632,CHEMBL4646510,COFROGLIPTIN,CS(=O)(=O)n1cc2c(n1)CN([C@@H]1C[C@H](N)[C@@H](c3cc(F)ccc3F)O[C@@H]1C(F)(F)F)C2,2.0,7.443142660234326,13.370089593383874,False,True,466.43,2.07,1,6,90.45,3,2,0.5,31,98.12,0.697,0,True,True,True,True,True
REP_04246,CHEMBL2106914,PHTHALYLSULFAMETHIZOLE,Cc1nnc(NS(=O)(=O)c2ccc(NC(=O)c3ccccc3C(=O)O)cc2)s1,2.0,7.374224672639562,45.00344589937973,False,True,418.46,2.6,3,7,138.35,6,3,0.059,28,103.25,0.559,0,True,True,False,True,True
REP_00883,CHEMBL3707260,LEUCOVORIN SODIUM,Nc1nc(O)c2c(n1)NCC(CNc1ccc(C(=O)N[C@@H](CCC(=O)[O-])C(=O)[O-])cc1)N2C=O,3.0,7.305306685044799,16.333563059958646,False,True,471.43,-2.99,5,12,225.76,10,2,0.3,34,114.36,0.219,1,True,False,False,False,False
REP_07725,CHEMBL2396989,LY-2886721,NC1=N[C@@]2(c3cc(NC(=O)c4ccc(F)cn4)ccc3F)COC[C@H]2CS1,1.0,7.236388697450035,72.9841488628532,False,True,390.42,2.52,2,6,89.6,3,2,0.278,27,98.62,0.841,0,True,True,True,True,True
REP_06664,CHEMBL4650521,BATOPROTAFIB,C[C@@H]1OCC2(CCN(c3cnc(Sc4ccnc(N)c4Cl)c(N)n3)CC2)[C@@H]1N,2.0,7.167470709855273,23.22536181943488,False,True,421.96,2.17,3,9,129.2,3,2,0.5,28,111.5,0.682,0,True,True,True,True,True
REP_02353,CHEMBL1908351,INTOPLICINE,Cc1cnc(NCCCN(C)C)c2c1[nH]c1ccc3cc(O)ccc3c12,2.0,7.098552722260509,36.59545141281875,False,True,348.45,4.25,3,4,64.18,5,4,0.286,26,109.17,0.472,0,True,True,True,True,True
REP_03084,CHEMBL2104722,PICLOXYDINE,N=C(NC(=N)N1CCN(C(=N)NC(=N)Nc2ccc(Cl)cc2)CC1)Nc1ccc(Cl)cc1,2.0,7.029634734665747,75.63749138525155,False,True,475.39,3.05,8,4,150.0,2,2,0.2,32,130.47,0.247,1,True,False,False,False,False
REP_05121,CHEMBL2402904,FELCISETRAG,COC(=O)N1CCC(CN2CCC(CNC(=O)c3cccc4[nH]c(C(C)C)nc34)CC2)CC1,2.0,6.960716747070983,48.10475534114404,False,True,455.6,3.61,2,5,90.56,6,2,0.64,33,128.38,0.695,0,True,True,True,True,True
REP_03678,CHEMBL2105588,ELANZEPINE,CN(C)CC/C=C1\c2ccccc2CNc2cc(Cl)ccc21,2.0,6.89179875947622,50.137835975189525,False,True,312.84,4.65,1,2,15.27,3,2,0.263,22,95.47,0.887,0,True,True,True,True,True
REP_07062,CHEMBL5314502,ANERATRIGINE,CNCCN(C)c1cc(F)ccc1Nc1cc(F)c(S(=O)(=O)Nc2cscn2)cc1Cl,2.0,6.822880771881456,85.52722260509992,False,True,487.99,4.27,3,7,86.36,9,3,0.211,31,121.21,0.418,0,True,True,True,False,True
REP_07573,CHEMBL1186581,RTI-336,Cc1ccc(-c2cc([C@@H]3C4CCC(C[C@@H]3c3ccc(Cl)cc3)N4C)on2)cc1,1.0,6.753962784286694,50.137835975189525,False,True,392.93,6.04,0,3,29.27,3,3,0.375,28,112.8,0.544,1,True,True,False,False,True
REP_05460,CHEMBL311350,PIROMIDIC ACID,CCn1cc(C(=O)O)c(=O)c2cnc(N3CCCC3)nc21,2.0,6.685044796691941,78.70434183321848,False,True,288.31,1.11,1,5,88.32,3,2,0.429,21,77.88,0.91,0,True,True,True,True,True
REP_06251,CHEMBL426161,AZM-475271,COc1ccc(Cl)c(Nc2ncnc3cc(OCC4CCN(C)CC4)c(OC)cc23)c1,2.0,6.616126809097178,75.63749138525155,False,True,442.95,4.76,1,7,68.74,7,3,0.391,31,123.09,0.565,0,True,True,True,True,True
REP_02554,CHEMBL2103858,NARONAPRIDE,COc1cc(N)c(Cl)cc1C(=O)N[C@@H]1CCN(CCCCCC(=O)O[C@H]2CN3CCC2CC3)C[C@@H]1OC,2.0,6.547208821502415,50.137835975189525,False,True,537.1,2.95,2,8,106.36,11,1,0.704,37,143.04,0.252,1,True,False,True,False,False
REP_07075,CHEMBL5314517,EMILUMENIB,COc1cc(-c2ccc(CN[C@H]3C[C@@H](O)[C@@H](N(C)c4ncnc5sc(CC(F)(F)F)cc45)C3)cc2)nnc1OC,2.0,6.478290833907652,75.63749138525155,False,True,574.63,4.39,2,10,105.52,9,4,0.407,40,145.81,0.301,1,True,True,True,False,True
REP_00624,CHEMBL2103879,GANETESPIB,CC(C)c1cc(-c2n[nH]c(=O)n2-c2ccc3c(ccn3C)c2)c(O)cc1O,3.0,6.4093728463128885,11.647139903514818,False,True,364.41,3.25,3,4,96.07,3,4,0.2,27,103.52,0.52,0,True,True,True,True,True
REP_07109,CHEMBL5314579,ZILURGISERTIB,Nc1ncc(-c2ccc([C@@]34C[C@@H]3CN(C3CCOCC3)C4)cc2)cc1C(=O)NC12CCC(O)(CC1)CC2,2.0,6.340454858718125,91.38525155065471,False,True,502.66,3.65,3,6,100.71,5,2,0.6,37,142.13,0.577,1,True,True,True,False,True
REP_08191,CHEMBL5314918,IKT-001PRO,CCC(C)OC(=O)OC[N+]1(C)CCN(Cc2ccc(C(=O)Nc3ccc(C)c(Nc4nccc(-c5cccnc5)n4)c3)cc2)CC1,1.0,6.271536871123362,50.137835975189525,False,True,624.77,6.01,2,9,118.57,11,4,0.343,46,177.5,0.153,2,False,False,False,False,False
REP_04386,CHEMBL2107182,ISOMETAMIDIUM CHLORIDE,CC[n+]1c(-c2ccccc2)c2cc(N/N=N/c3cccc(C(=N)N)c3)ccc2c2ccc(N)cc21,2.0,6.202618883528599,50.137835975189525,False,True,460.57,5.94,4,4,116.52,6,5,0.071,35,142.77,0.048,1,True,True,False,False,True
REP_07820,CHEMBL3545423,AZD-1208,NC1CCCN(c2c(/C=C3/SC(=O)NC3=O)cccc2-c2ccccc2)C1,1.0,6.133700895933836,91.38525155065471,False,True,379.49,3.61,2,5,75.43,3,2,0.238,27,110.41,0.797,0,True,True,True,True,True
REP_06356,CHEMBL4297422,RG-4733,CC(C)(C(=O)NCC(F)(F)C(F)(F)F)C(=O)N[C@@H]1C(=O)Nc2ccccc2-c2ccccc21,2.0,6.0647829083390725,74.01791867677463,False,True,469.41,3.8,3,3,87.3,5,2,0.318,33,109.18,0.46,0,True,True,True,True,True
REP_07125,CHEMBL5314933,TUVUSERTIB,Cn1cncc1-c1c(F)cncc1NC(=O)c1c(N)nn2cc(F)cnc12,2.0,5.995864920744309,75.63749138525155,False,True,370.32,1.64,2,6,116.02,3,4,0.062,27,91.71,0.566,0,True,True,True,True,True
REP_05832,CHEMBL3697578,RAZPIPADON,Cc1cc(Oc2ncccc2OC(F)F)ccc1-c1c(C)c(=O)[nH]c(=O)n1C,2.0,5.926946933149557,75.63749138525155,False,True,389.36,3.15,1,5,86.21,5,3,0.211,28,98.16,0.725,0,True,True,True,True,True
REP_00600,CHEMBL2035874,EPROTIROME,CC(C)c1cc(Oc2c(Br)cc(NC(=O)CC(=O)O)cc2Br)ccc1O,3.0,5.8580289455547945,91.38525155065471,False,True,487.14,5.25,3,4,95.86,6,2,0.222,26,104.99,0.485,1,True,True,True,False,True
REP_05694,CHEMBL3544975,RELENOPRIDE,COc1cc(N)c(Cl)cc1C(=O)NCC1CCN(CC[C@H](OC(N)=O)c2ccc(F)cc2)CC1,2.0,5.78911095796003,69.67608545830461,False,True,492.98,3.74,3,6,119.91,9,2,0.417,34,128.34,0.459,0,True,True,True,False,True
REP_08013,CHEMBL4571075,BMS-984923,O=C1N[C@H](c2cncc(C#Cc3ccccc3)c2)[C@@H](c2ccccc2Cl)O1,1.0,5.720192970365268,38.731909028256375,False,True,374.83,4.66,1,3,51.22,2,3,0.091,27,103.21,0.664,0,True,True,True,True,True
REP_06884,CHEMBL5095169,TIGOZERTINIB,CO[C@@H]1CCN(c2nccc(Nc3cc4c(C(C)C)ccc(N5C[C@H](CS(C)(=O)=O)[C@H]5C)c4cn3)n2)C[C@@H]1F,2.0,5.651274982770504,76.01654031702274,False,True,556.71,4.32,1,9,100.55,8,3,0.536,39,153.68,0.435,1,True,True,True,False,True
REP_03644,CHEMBL2105543,TRALONIDE,CC1(C)O[C@@H]2C[C@H]3[C@@H]4C[C@H](F)C5=CC(=O)C=C[C@]5(C)[C@@]4(Cl)[C@@H](Cl)C[C@]3(C)[C@]2(C(=O)CF)O1,2.0,5.582356995175742,10.268780151619572,False,True,489.39,4.86,0,4,52.6,2,0,0.75,32,116.15,0.52,0,True,True,True,False,True
REP_07816,CHEMBL3545355,CHF4227,COc1ccc(C2=C(Cc3ccc(OCCN4CCCCC4)cc3)c3ccc(O)cc3OC2)cc1,1.0,5.513439007580978,50.137835975189525,False,True,471.6,5.81,1,5,51.16,8,3,0.333,35,139.34,0.449,1,True,True,True,False,True
REP_08187,CHEMBL5314907,AB-836,C[C@H](c1c[nH]c(=O)c2cc(F)c(F)cc12)N(C)C(=O)Nc1ccc(F)c(C#N)c1,1.0,5.444521019986215,50.137835975189525,False,True,400.36,4.04,2,3,88.99,3,3,0.15,29,100.8,0.695,0,True,True,True,True,True
REP_07037,CHEMBL5314472,NERACORVIR,Cc1cc2n(c1)S(=O)(=O)c1ccc(C(=O)NCC[C@H]3COCCO3)cc1NC2=O,2.0,5.375603032391451,23.501033769813915,False,True,419.46,1.13,2,6,115.73,4,2,0.368,29,103.66,0.768,0,True,True,True,True,True
REP_07762,CHEMBL3109738,JNJ-26483327,COc1cc2ncnc3c2cc1OCCCCCN(C)Cc1ccc(Br)cc1N3,1.0,5.306685044796689,4.686423156443833,False,True,457.37,5.14,1,6,59.51,1,3,0.364,29,119.19,0.546,1,True,True,True,True,True
REP_06822,CHEMBL5083772,BIIB-091,Cn1cc(Nc2nccc(-c3ccc4c(c3)CN(C3COC3)CC[C@H]4NC(=O)c3cn(C(C)(C)C)nn3)n2)cn1,2.0,5.237767057201925,50.137835975189525,False,True,542.65,3.04,2,9,127.91,6,4,0.429,40,148.82,0.378,1,True,True,True,False,True
REP_02461,CHEMBL2010872,CEP-11981,CC(C)Cn1c2ccc(Nc3ncccn3)cc2c2c3c(c4c(c21)CCc1nn(C)cc1-4)C(=O)NC3,2.0,5.1688490696071625,50.137835975189525,False,True,477.57,4.73,2,5,89.66,4,5,0.286,36,140.38,0.391,0,True,True,True,False,True
REP_08053,CHEMBL4650283,FF-10101,CCCNc1nc(Nc2ccc(C#N)cc2)ncc1C#CCCCNC(=O)[C@H](C)N(C)C(=O)/C=C/CN(C)C,1.0,5.09993108201241,75.63749138525155,False,True,530.68,3.13,3,8,126.28,13,2,0.414,39,154.3,0.205,1,True,False,True,False,False
REP_06598,CHEMBL4594419,BMS-813160,CC(=O)N[C@@H]1C[C@H](NC(C)(C)C)CC[C@@H]1N1CC[C@H](Nc2ncnc3cc(C(C)(C)C)nn23)C1=O,2.0,5.031013094417647,50.137835975189525,False,True,484.65,2.25,3,7,116.55,5,2,0.72,35,135.14,0.596,0,True,True,True,False,True
REP_07227,CHEMBL58711,TIVIRAPINE,CC(C)=CCN1Cc2c(Cl)ccc3[nH]c(=S)n(c23)C[C@@H]1C,2.0,4.962095106822884,58.71812543073742,False,True,321.88,4.52,1,2,23.96,2,2,0.438,21,91.44,0.649,0,True,True,True,True,True
REP_07819,CHEMBL3545420,AG-24322,CCNCc1cncc(-c2ccc3c(c2)/C(=C2/N=c4cc(F)cc(F)c4=N2)NN3)c1C,1.0,4.89317711922812,75.63749138525155,False,True,418.45,2.95,3,6,73.7,4,3,0.174,31,114.14,0.609,0,True,True,True,True,True
REP_00850,CHEMBL3544978,ZOLIFLODACIN,C[C@@H]1CN2c3c(cc4c(N5C(=O)OC[C@@H]5C)noc4c3F)CC3(C(=O)NC(=O)NC3=O)[C@H]2[C@H](C)O1,3.0,4.824259131633357,13.714679531357683,False,True,487.44,1.2,2,9,143.31,1,2,0.5,35,116.22,0.567,0,True,False,False,False,False
REP_08060,CHEMBL4650317,ICAPAMESPIB,CC(C)(C)CNCCn1c(Sc2cc3c(cc2I)OCO3)nc2c(N)ncnc21,1.0,4.755341144038594,50.137835975189525,False,True,526.4,3.53,2,8,100.11,6,3,0.421,29,121.47,0.372,1,True,True,True,False,True
REP_03386,CHEMBL2105183,OBERADILOL,CC1CC(=O)NN=C1c1ccc(NCC(C)(C)NCC(O)COc2cc(Cl)ccc2C#N)cc1,2.0,4.686423156443831,50.137835975189525,False,True,484.0,3.29,4,7,118.77,10,2,0.4,34,133.14,0.411,0,True,True,True,False,True
REP_00620,CHEMBL2103849,UDENAFIL,CCCOc1ccc(S(=O)(=O)NCCC2CCCN2C)cc1-c1nc2c(CCC)nn(C)c2c(=O)[nH]1,3.0,4.617505168849068,80.35837353549276,False,True,516.67,2.83,2,7,122.21,11,3,0.56,36,139.8,0.402,1,True,False,True,False,False
REP_04974,CHEMBL2160007,PSI-352938,CCOc1nc(N)nc2c1ncn2[C@@H]1O[C@@H]2COP(=O)(OC(C)C)O[C@H]2[C@@]1(C)F,2.0,4.548587181254304,75.63749138525155,False,True,431.36,2.38,1,10,132.84,5,2,0.688,29,98.98,0.704,0,True,True,False,True,True
REP_03372,CHEMBL2105166,MAZOKALIM,CCOC(=O)CCCn1nnnc1-c1ccc2c(c1)[C@@H](Oc1ccc(=O)[nH]n1)[C@](C)(O)C(C)(C)O2,2.0,4.479669193659541,80.56512749827705,False,True,484.51,1.81,2,10,154.34,8,3,0.478,35,122.68,0.452,0,True,False,False,False,False
REP_08161,CHEMBL5095508,CHOLYLSARCOSINE,C[C@H](CCC(=O)N(C)CC(=O)O)[C@H]1CC[C@H]2[C@@H]3[C@H](O)C[C@@H]4C[C@H](O)CC[C@]4(C)[C@H]3C[C@H](O)[C@]12C,1.0,4.410751206064778,53.8249483115093,False,True,479.66,2.91,4,5,118.3,6,0,0.926,34,127.67,0.465,0,True,True,True,True,True
REP_08137,CHEMBL5095205,CHOLYLSARCOSINE C-11,C[C@H](CCC(=O)N([11CH3])CC(=O)O)[C@H]1CC[C@H]2[C@@H]3[C@H](O)C[C@@H]4C[C@H](O)CC[C@]4(C)[C@H]3C[C@H](O)[C@]12C,1.0,4.3418332184700255,50.137835975189525,False,True,478.66,2.91,4,5,118.3,6,0,0.926,34,127.67,0.466,0,True,True,True,True,True
REP_08225,CHEMBL5543051,PF-07284892,Nc1nccc(Sc2cnc(N3CCC4(CC3)Cc3ccccc3[C@H]4N)nn2)c1Cl,1.0,4.272915230875263,75.63749138525155,False,True,439.98,3.5,2,8,106.84,3,3,0.333,30,118.56,0.638,0,True,True,True,True,True
REP_05411,CHEMBL3039498,GRAPIPRANT,CCc1nc2c(C)nc(C)cc2n1-c1ccc(CCNC(=O)NS(=O)(=O)c2ccc(C)cc2)cc1,2.0,4.203997243280499,94.83115093039282,False,True,491.62,4.14,2,5,105.98,7,4,0.269,35,136.32,0.404,0,True,True,True,False,True
REP_07947,CHEMBL4297402,VP-14637,Cc1nnnn1N=Cc1ccc(O)c(C(c2ccc(O)cc2)c2cc(C=Nn3nnnc3C)ccc2O)c1,1.0,4.135079255685737,17.50516884906961,False,True,510.52,2.34,3,11,172.61,7,5,0.12,38,136.36,0.219,2,False,False,False,False,False
REP_06722,CHEMBL478120,MARBOFLOXACIN,CN1CCN(c2c(F)cc3c(=O)c(C(=O)O)cn4c3c2OCN4C)CC1,2.0,4.066161268090973,50.137835975189525,False,True,362.36,0.51,1,6,78.25,2,2,0.412,26,94.47,0.834,0,True,True,True,True,True
REP_07956,CHEMBL4297449,USL-311,CC(C)N1CCC(N2CCCN(c3cccc(C(=O)Nc4ccncc4)n3)CC2)CC1,1.0,3.99724328049621,91.38525155065471,False,True,422.58,3.11,1,6,64.6,5,2,0.542,31,124.56,0.799,0,True,True,True,True,True
REP_05473,CHEMBL312862,DEMECOLCINE,CN[C@H]1CCc2cc(OC)c(OC)c(OC)c2-c2ccc(OC)c(=O)cc21,2.0,3.928325292901447,27.911784975878707,False,True,371.43,2.95,1,6,66.02,5,2,0.381,27,104.48,0.872,0,True,True,True,True,True
REP_08266,CHEMBL6068537,ASP-7657,O=C(NC[C@H]1CC[C@H](C(=O)O)CC1)c1cc(C(F)(F)F)cc2ccn(Cc3ccc4ccccc4n3)c12,1.0,3.859407305306684,75.63749138525155,False,True,509.53,5.88,2,3,84.22,6,4,0.321,37,133.2,0.34,2,False,True,True,False,True
REP_07200,CHEMBL572878,TOZASERTIB,Cc1cc(Nc2cc(N3CCN(C)CC3)nc(Sc3ccc(NC(=O)C4CC4)cc3)n2)n[nH]1,2.0,3.79048931771192,91.38525155065471,False,True,464.6,3.5,3,8,102.07,7,3,0.391,33,130.27,0.457,0,True,True,True,False,True
REP_07247,CHEMBL5939817,ZEPRUMETOSTAT,CCc1c(N(CC)C2CCOCC2)cc2oc(CN3CCCCC3)cc2c1C(=O)NCc1c(C)cc(C)[nH]c1=O,2.0,3.721571330117157,50.137835975189525,False,True,548.73,5.22,2,6,90.81,9,3,0.562,40,159.29,0.381,2,False,True,True,False,True
REP_05470,CHEMBL3121539,RADALBUVIR,CC1=CC[C@H](C(=O)N(c2cc(C#CC(C)(C)C)sc2C(=O)O)[C@H]2CC[C@](O)(CO[C@H]3CCOC3)CC2)CC1,2.0,3.652653342522394,50.137835975189525,False,True,543.73,5.4,2,6,96.3,7,1,0.667,38,148.58,0.353,2,False,True,True,False,True
REP_01456,CHEMBL1195210,ALEXIDINE,CCCCC(CC)CNC(=N)NC(=N)NCCCCCCNC(=N)NC(=N)NCC(CC)CCCC,2.0,3.5837353549276307,50.137835975189525,False,True,508.8,4.26,10,4,167.58,19,0,0.846,36,154.27,0.071,2,False,False,False,False,False
REP_05959,CHEMBL3986824,LANRAPLENIB,Nc1cncc(-c2cn3ccnc3c(Nc3ccc(N4CCN(C5COC5)CC4)cc3)n2)n1,2.0,3.514817367332878,50.137835975189525,False,True,443.52,2.03,2,9,109.73,5,4,0.304,33,126.54,0.479,0,True,True,True,True,True
REP_05645,CHEMBL3414626,PINOMETOSTAT,CC(C)N(C[C@H]1O[C@@H](n2cnc3c(N)ncnc32)[C@H](O)[C@@H]1O)[C@H]1C[C@@H](CCc2nc3cc(C(C)(C)C)ccc3[nH]2)C1,2.0,3.4458993797381154,78.0840799448656,False,True,562.72,3.32,4,9,151.23,8,4,0.6,41,157.13,0.253,1,True,False,False,False,False
REP_06755,CHEMBL482968,ENMD-2076,Cc1cc(Nc2cc(N3CCN(C)CC3)nc(/C=C/c3ccccc3)n2)n[nH]1,2.0,3.376981392143352,50.137835975189525,False,True,375.48,3.17,2,6,72.97,5,3,0.286,28,113.72,0.714,0,True,True,True,True,True
REP_02114,CHEMBL1721885,SU-014813,Cc1[nH]c(/C=C2\C(=O)Nc3ccc(F)cc32)c(C)c1C(=O)NC[C@H](O)CN1CCOCC1,2.0,3.308063404548589,50.137835975189525,False,True,442.49,1.69,4,5,106.69,6,2,0.391,32,118.77,0.51,0,True,True,True,True,True
REP_04574,CHEMBL2107625,BENAFENTRINE,COc1cc2c(cc1OC)[C@@H]1CN(C)CC[C@@H]1N=C2c1ccc(NC(C)=O)cc1,2.0,3.239145416953826,85.18263266712613,False,True,393.49,3.3,1,5,63.16,4,2,0.391,29,114.57,0.866,0,True,True,True,True,True
REP_00518,CHEMBL1614650,EXATECAN,CC[C@@]1(O)C(=O)OCc2c1cc1n(c2=O)Cc2c-1nc1cc(F)c(C)c3c1c2[C@@H](N)CC3,3.0,3.1702274293590627,58.64920744314266,False,True,435.46,2.47,2,6,107.44,1,3,0.375,32,114.47,0.445,0,True,True,True,True,True
REP_06913,CHEMBL5095244,SAFIMALTIB,O=C(Nc1ccnc(C(F)(F)F)c1)c1cnn(-c2cccc3c(=O)[nH]ccc23)c1C(F)(F)F,2.0,3.1013094417642995,75.63749138525155,False,True,467.33,4.4,2,4,92.67,3,4,0.1,33,103.88,0.437,0,True,True,True,True,True
REP_07040,CHEMBL5314476,POCENBRODIB,COC(=O)N1c2ccc3c(nc([C@H](O)c4cc(F)ccc4OC)n3[C@@H]3CCC[C@@H](C(=O)O)C3)c2CC[C@@H]1C,2.0,3.0323914541695363,60.57891109579601,False,True,525.58,4.99,2,6,114.12,5,3,0.464,38,138.04,0.482,1,True,True,True,False,True
REP_00806,CHEMBL3114577,ZALUNFIBAN,NCC(=O)Nc1cncc(-c2nn3c(=O)cc(N4CCNCC4)nc3s2)c1,3.0,2.963473466574773,91.38525155065471,False,True,386.44,-0.48,3,9,130.54,4,3,0.312,27,103.13,0.548,0,True,True,True,False,True
REP_05791,CHEMBL3644252,ARRY-382,Cc1cccc(Cn2nc(C3CC3)c3c(NC(=O)c4cnc5cc(OCCN6CCN(C)CC6)ccn45)cccc32)n1,2.0,2.89455547898001,87.80151619572707,False,True,564.69,4.19,1,7,92.82,9,5,0.375,42,162.36,0.287,1,True,True,True,False,True
REP_02242,CHEMBL182066,RADIPRODIL,O=C(Nc1ccc2nc(O)oc2c1)C(=O)N1CCC(Cc2ccc(F)cc2)CC1,2.0,2.8256374913852467,91.38525155065471,False,True,397.41,3.09,2,5,95.67,3,3,0.286,29,103.71,0.662,0,True,True,True,True,True
REP_07078,CHEMBL5314520,IGERMETOSTAT,CCN(c1cc(O[C@H]2C[C@H](N3CCCCC3)C2)cc(C(=O)NCc2c(C)cc(C)[nH]c2=O)c1C)C1CCOCC1,2.0,2.7567195037904946,75.63749138525155,False,True,550.74,4.63,2,6,86.9,9,2,0.625,40,158.61,0.474,1,True,True,True,False,True
REP_03553,CHEMBL2105427,SALAZODINE,COc1ccc(NS(=O)(=O)c2ccc(/N=N/c3ccc(O)c(C(=O)O)c3)cc2)nn1,2.0,2.687801516195732,24.01791867677464,False,True,429.41,3.11,3,9,163.43,7,3,0.056,30,105.08,0.482,0,True,False,False,True,False
REP_07282,CHEMBL6068010,FLEZURAFENIB,O=C1CCc2c(Oc3ccc4c(c3)C[C@@H](c3ncc(-c5ccc(F)cc5)[nH]3)CO4)ccnc2N1,2.0,2.618883528600968,75.63749138525155,False,True,456.48,5.01,2,5,89.13,4,4,0.192,34,123.63,0.451,1,True,True,True,True,True
REP_00698,CHEMBL2107811,ZABOFLOXACIN,CO/N=C1\CN(c2nc3c(cc2F)c(=O)c(C(=O)O)cn3C2CC2)CC12CNC2,3.0,2.549965541006205,15.161957270847692,False,True,401.4,0.98,2,7,109.05,4,2,0.474,29,103.15,0.735,0,True,True,True,True,True
REP_05847,CHEMBL3707349,AMCASERTIB,CCN(CC)CCNC(=O)c1c(C)[nH]c(/C=C2\C(=O)Nc3ccc(-c4csc(-c5ccccc5)n4)cc32)c1C,2.0,2.481047553411442,24.01791867677464,False,True,539.71,5.99,3,5,90.12,9,4,0.258,39,159.87,0.228,2,False,True,False,False,True
REP_07112,CHEMBL5314585,GAMCEMETINIB,CCOCc1cnc(Cl)nc1Oc1ccc2c(ccc3sc4c(c32)NC[C@@H](C)NC4=O)n1,2.0,2.4121295658166786,24.01791867677464,False,True,469.95,4.77,2,8,98.26,5,4,0.273,32,124.99,0.406,0,True,True,True,True,True
REP_02046,CHEMBL1688243,INCB-9471,CCO[C@@H]1Cc2cc(C(F)(F)F)ccc2[C@H]1N1CCN(C2(C)CCN(C(=O)c3c(C)ncnc3C)CC2)C[C@@H]1C,2.0,2.3432115782219154,31.90902825637492,False,True,559.68,4.82,0,6,61.8,5,2,0.633,40,146.09,0.524,1,True,True,True,False,True
REP_08056,CHEMBL4650304,PF-07059013,C[C@H](Oc1cc2cc(F)ccc2nc1N)c1[nH]c(=O)ccc1-n1cccn1,1.0,2.274293590627152,54.03170227429359,False,True,365.37,2.97,2,5,98.82,4,4,0.105,27,99.34,0.579,0,True,True,True,True,True
REP_06980,CHEMBL5269917,SEGIGRATINIB,COc1cc(OC)c(Cl)c(-c2ccc3c(NC(=O)c4ccc(N5CCNC(C)(C)C5)cc4)n[nH]c3n2)c1Cl,2.0,2.205375603032389,24.01791867677464,False,True,555.47,5.39,3,7,104.4,6,4,0.296,38,151.14,0.293,2,False,True,True,False,True
REP_06605,CHEMBL4594441,IFIDANCITINIB,COc1cc(Nc2ncc(C)c(Nc3ccc4oc(=O)[nH]c4c3)n2)cc(C)c1F,2.0,2.136457615437626,50.137835975189525,False,True,395.39,4.16,3,7,105.07,5,4,0.15,29,107.86,0.466,0,True,True,True,True,True
REP_00677,CHEMBL2107308,ACOTIAMIDE HYDROCHLORIDE,COc1cc(O)c(C(=O)Nc2nc(C(=O)NCCN(C(C)C)C(C)C)cs2)cc1OC,3.0,2.0675396278428626,91.38525155065471,False,True,450.56,2.97,3,8,113.02,10,2,0.476,31,120.59,0.51,0,True,True,True,True,True
REP_06170,CHEMBL4073443,TOMIVOSERTIB,Cc1cc(Nc2cc(N)ncn2)c(=O)n2c1C(=O)NC21CCCCC1,2.0,1.9986216402480996,50.137835975189525,False,True,340.39,1.63,3,6,114.93,2,2,0.412,25,93.69,0.765,0,True,True,True,True,True
REP_04624,CHEMBL2107709,TRICLOFENOL PIPERAZINE,C1CNCCN1.Oc1cc(Cl)c(Cl)cc1Cl.Oc1cc(Cl)c(Cl)cc1Cl,2.0,1.9297036526533475,50.137835975189525,False,True,481.03,5.88,4,4,64.52,0,2,0.25,26,112.01,0.355,1,True,True,False,False,True
REP_04582,CHEMBL2107637,ECENOFLOXACIN,C[C@@]12C[C@H](N)[C@@H]1CN(c1nc3c(cc1F)c(=O)c(C(=O)O)cn3C1CC1)C2,2.0,1.860785665058584,27.36044107512061,False,True,372.4,1.74,2,5,101.45,3,2,0.526,27,97.59,0.851,0,True,True,True,True,True
REP_01601,CHEMBL1257096,ACORAFLOXACIN,COc1c(N2CCC/C(=C(\F)CN)C2)c(F)cc2c(=O)c(C(=O)O)cn(C3CC3)c12,2.0,1.791867677463821,50.79255685733977,False,True,419.43,2.96,2,5,97.79,5,2,0.429,30,108.58,0.773,0,True,True,True,True,True
REP_08219,CHEMBL5426285,"5-(6-BENZOTHIAZOLYLMETHYLENE)-3,5-DIHYDRO-2-(((1S)-1-(METHOXYMETHYL)-3-METHYLBUTYL)AMINO)-4H-IMIDAZOL-4-ONE, (5Z)-",COC[C@@H](CC(C)C)NC1=N/C(=C\c2ccc3ncsc3c2)C(=O)N1,1.0,1.7229496898690575,24.01791867677464,False,True,358.47,2.77,2,6,75.61,6,2,0.389,25,101.43,0.779,0,True,True,True,True,True
REP_07981,CHEMBL4303309,CX-5461,Cc1cnc(CNC(=O)c2c(=O)c3ccc(N4CCCN(C)CC4)nc3n3c2sc2ccccc23)cn1,1.0,1.6540317022742943,24.01791867677464,False,True,513.63,3.23,1,8,95.73,4,5,0.296,37,146.62,0.394,1,True,True,True,False,True
REP_04799,CHEMBL2110884,CETOCYCLINE,CC(=O)C1=C(O)[C@H](N)[C@@H]2Cc3c(c(O)c4c(O)c(C)ccc4c3C)C(=O)[C@]2(O)C1=O,2.0,1.585113714679531,90.62715368711234,False,True,411.41,1.27,5,8,158.15,1,2,0.318,30,106.54,0.347,0,True,False,False,True,False
REP_00359,CHEMBL790,CHLORHEXIDINE,N=C(NCCCCCCNC(=N)NC(=N)Nc1ccc(Cl)cc1)NC(=N)Nc1ccc(Cl)cc1,4.0,1.516195727084768,91.38525155065471,False,True,505.46,4.18,10,4,167.58,9,2,0.273,34,141.8,0.139,2,False,False,False,False,False
REP_07204,CHEMBL574737,UCN-01,CN[C@@H]1C[C@H]2O[C@@](C)([C@@H]1OC)n1c3ccccc3c3c4c(c5c6ccccc6n2c5c31)C(=O)N[C@H]4O,2.0,1.447277739490005,2.756719503790489,False,True,482.54,3.84,3,5,89.68,2,5,0.321,36,136.9,0.356,0,True,True,True,False,True
REP_08026,CHEMBL4594420,LUXEPTINIB,Cc1c[nH]c(-c2ccc(-c3ccc(NC(=O)Nc4c(F)cc(F)cc4F)cc3F)c3c2C(=O)NC3)n1,1.0,1.3783597518952415,91.38525155065471,False,True,495.44,5.5,4,3,98.91,4,4,0.08,36,124.28,0.282,1,True,True,True,False,True
REP_06308,CHEMBL4297290,TOVINONTRINE,C[C@@H]1CN(Cc2ncccn2)C[C@H]1c1cn2c(C3CCOCC3)ncc2c(=O)[nH]1,2.0,1.3094417643004783,50.137835975189525,False,True,394.48,1.94,1,6,88.41,4,3,0.524,29,107.82,0.728,0,True,True,True,True,True
REP_08118,CHEMBL5090754,SY-5609,CC1(C)CC[C@H](Nc2ncc(C(F)(F)F)c(-c3c[nH]c4c(P(C)(C)=O)c(C#N)ccc34)n2)CN1,1.0,1.2405237767057151,91.38525155065471,False,True,490.47,4.71,3,6,106.49,4,3,0.435,34,126.86,0.458,0,True,True,True,False,True
REP_06594,CHEMBL4594405,VALEMETOSTAT TOSYLATE,Cc1cc(C)c(CNC(=O)c2cc(Cl)c3c(c2C)O[C@@](C)([C@H]2CC[C@H](N(C)C)CC2)O3)c(=O)[nH]1,2.0,1.1716057891109632,50.137835975189525,False,True,488.03,4.49,2,5,83.66,5,2,0.538,34,132.99,0.649,0,True,True,True,False,True
REP_08106,CHEMBL4873876,BMS-986224,CCOCc1nc(O)c(-c2nnc(Cc3ccc(Cl)cn3)o2)c(O)c1-c1c(OC)cccc1OC,1.0,1.1026878015162,91.38525155065471,False,True,498.92,4.4,2,10,132.85,9,4,0.25,35,126.78,0.342,0,True,True,False,False,True
REP_06548,CHEMBL4544478,DENFIVONTINIB,CN1CCC(Nc2nc(Nc3ccc(Oc4ccccc4)cc3)c3c(=O)[nH]cc(Br)c3n2)CC1,2.0,1.0337698139214369,50.137835975189525,False,True,521.42,5.12,3,7,95.17,6,4,0.24,34,138.24,0.324,2,False,True,True,False,True
REP_00133,CHEMBL1471,APREPITANT,C[C@@H](O[C@H]1OCCN(Cc2n[nH]c(=O)[nH]2)[C@H]1c1ccc(F)cc1)c1cc(C(F)(F)F)cc(C(F)(F)F)c1,4.0,0.9648518263266735,13.783597518952448,False,True,534.43,4.95,2,5,83.24,6,3,0.391,37,114.45,0.438,1,True,True,True,False,True
REP_06988,CHEMBL5314391,XL-999,CCN1CCC(Nc2ccc3c(c2)/C(=C(\c2cccc(F)c2)c2nc(C)c[nH]2)C(=O)N3)CC1,2.0,0.8959338387319105,91.38525155065471,False,True,445.54,4.66,3,4,73.05,5,3,0.308,33,129.47,0.499,0,True,True,True,True,True
REP_00453,CHEMBL1233528,VOLASERTIB,CC[C@@H]1C(=O)N(C)c2cnc(Nc3ccc(C(=O)N[C@H]4CC[C@H](N5CCN(CC6CC6)CC5)CC4)cc3OC)nc2N1C(C)C,3.0,0.8270158511371473,21.640248104755344,False,True,618.83,4.27,2,9,106.17,10,2,0.647,45,177.66,0.404,1,True,True,True,False,True
REP_06867,CHEMBL5095090,ANSORNITINIB,COC(=O)c1ccc2c(n1)NC(=O)/C2=C(\Nc1ccc(N(C)C(=O)CN2CCN(C)CC2)cc1)c1ccccc1,2.0,0.7580978635423841,50.137835975189525,False,True,540.62,3.01,2,8,107.11,7,3,0.267,40,154.87,0.348,1,True,True,True,False,True
REP_07700,CHEMBL2180602,TAFETINIB,CCN(CC)CCNC(=O)c1c(C)[nH]c2c1CCC/C2=C1/C(=O)Nc2ccc(F)cc21,1.0,0.6891798759476209,4.066161268090972,False,True,424.52,3.73,3,3,77.23,6,2,0.417,31,120.43,0.619,0,True,True,True,True,True
REP_07108,CHEMBL5314568,POMOTRELVIR,N#C[C@H](C[C@@H]1CCCNC1=O)NC(=O)[C@H](CC1CC1)NC(=O)c1cc2cccc(Cl)c2[nH]1,2.0,0.6202618883528577,8.407994486560993,False,True,455.95,2.64,4,4,126.88,8,2,0.478,32,119.8,0.488,0,True,True,True,True,True
REP_04983,CHEMBL2179105,EDELINONTRINE,C[C@@H]1CN(Cc2ncccn2)C[C@H]1c1nc2c(cnn2C2CCOCC2)c(=O)[nH]1,2.0,0.5513439007580945,75.63749138525155,False,True,395.47,1.5,1,7,101.82,4,3,0.55,29,106.45,0.714,0,True,True,True,True,True
REP_07810,CHEMBL3545137,PF-00477736,Cn1cc(C2=Nc3cc(NC(=O)C(N)C4CCCCC4)cc4c3C2=CNNC4=O)cn1,1.0,0.4824259131633313,75.63749138525155,False,True,419.49,1.99,4,6,126.43,4,2,0.364,31,117.61,0.603,0,True,True,True,True,True
REP_08116,CHEMBL5073622,TAK-020,C=CC(=O)N1CC[C@H](Oc2nc(-c3n[nH]c(=O)[nH]3)cc3ccccc23)C1,1.0,0.4135079255685681,24.01791867677464,False,True,351.37,1.48,2,5,103.97,4,3,0.222,26,95.76,0.693,0,True,True,True,True,True
REP_07051,CHEMBL5314488,TAMUZIMOD,O=C1CC[C@@H](Oc2cc(Cl)c(-c3noc(-c4cn5cc(C(F)(F)F)cc(Cl)c5n4)n3)cc2Cl)CN1,2.0,0.344589937973816,75.63749138525155,False,True,546.72,5.69,1,6,94.55,4,4,0.238,35,120.61,0.354,2,False,True,True,False,True
REP_02466,CHEMBL20210,RUPINTRIVIR,CCOC(=O)/C=C/[C@H](C[C@@H]1CCNC1=O)NC(=O)[C@@H](CC(=O)[C@@H](NC(=O)c1cc(C)on1)C(C)C)Cc1ccc(F)cc1,2.0,0.2756719503790528,15.43762922122674,False,True,598.67,2.82,3,8,156.7,15,2,0.484,43,153.99,0.209,1,True,False,False,False,False
REP_01761,CHEMBL141157,IMOCITRELVIR,C#CC[C@@H](C(=O)N[C@H](/C=C/C(=O)OCC)C[C@@H]1CCNC1=O)n1cccc(NC(=O)c2cc(C)on2)c1=O,2.0,0.2067539627842896,50.137835975189525,False,True,523.55,1.09,3,8,161.63,11,2,0.385,38,135.82,0.224,1,True,False,False,False,False
REP_01017,CHEMBL4297615,PARSACLISIB,CCOc1c([C@H](C)n2nc(C)c3c(N)ncnc32)cc(Cl)c(F)c1[C@@H]1CNC(=O)C1,3.0,0.1378359751895264,9.924190213645762,False,True,432.89,3.12,2,6,107.95,5,3,0.4,30,111.23,0.641,0,True,True,True,True,True
REP_08112,CHEMBL501680,BILIRUBIN,C=CC1=C(C)/C(=C/c2[nH]c(Cc3[nH]c(/C=C4\NC(=O)C(C)=C4C=C)c(C)c3CCC(=O)O)c(CCC(=O)O)c2C)NC1=O,1.0,0.0689179875947632,75.63749138525155,False,True,584.67,4.53,6,4,164.38,12,2,0.273,43,163.81,0.215,2,False,False,False,False,False
REP_00963,CHEMBL4292264,MILADEMETAN,CC1(C)CCC2(CC1)N[C@@H](C(=O)N[C@@H]1CC[C@@H](C(N)=O)OC1)[C@H](c1ccnc(Cl)c1F)[C@]21C(=O)Nc2cc(Cl)ccc21,3.0,0.0,91.38525155065471,False,True,618.54,3.96,4,6,135.44,4,2,0.533,42,155.71,0.384,1,True,True,False,False,True
