name,canonical_smiles,max_phase,s_u_percentile,s_n_percentile,pareto_front,nn_tanimoto_urat1_active,nn_tanimoto_nlrp3_active,novel_vs_urat1_tc_lt_0.4,novel_vs_nlrp3_tc_lt_0.4
SLV-334,O=C(O)CN1C(=O)[C@@H](NC(=O)C2(C[C@@H](CCc3cccc4ccccc34)C(=O)O)CCCC2)CCc2ccccc21,2.0,99.93108201240524,92.1433494141971,True,0.244,0.182,True,True
LANPROSTON,O=C(O)CCC/C=C\C[C@@H]1[C@@H](/C=C/C2(COc3cccc(Cl)c3)OCCO2)[C@H](O)C[C@@H]1O,2.0,99.86216402481048,96.82977257064094,True,0.233,0.178,True,True
PF-05150122,CCN1CC(n2nccc2-c2cc(Cl)ccc2Oc2ccc(S(=O)(=O)Nc3cscn3)cc2C#N)C1,1.0,99.79324603721572,62.30186078566506,False,0.525,0.233,False,True
AZD2207,C[C@@H](NC(=O)Cc1c(Cl)ccc(NCC(F)(F)c2cccc[n+]2O)[n+]1O)c1cccc(Cl)c1,2.0,99.72432804962096,84.63128876636802,False,0.259,0.207,True,True
LASALOCID,CC[C@@H](C(=O)[C@@H](C)[C@@H](O)[C@H](C)CCc1ccc(C)c(O)c1C(=O)O)[C@H]1O[C@](CC)([C@H]2CC[C@](O)(CC)[C@H](C)O2)C[C@@H]1C,2.0,99.65541006202618,98.3459682977257,True,0.15,0.148,True,True
RUPITASERTIB,NC(=O)c1cccc2c(N[C@H](CN3CCC3)c3ccc(Cl)c(C(F)(F)F)c3)ncnc12,2.0,99.58649207443143,15.230875258442452,False,0.234,0.232,True,True
GEMILUKAST,Cc1c(F)cccc1CCCCOc1ccc(C#Cc2ccc(F)c3c(CCCC(=O)O)c(C)n(CCCC(=O)O)c23)cc1,2.0,99.51757408683667,81.46106133700896,False,0.233,0.193,True,True
IMMH-010,CC1=C(OCc2cccc(-c3ccccc3)c2Br)C=C(OCc2cccnc2)C(CN[C@@H](CO)C(=O)OC(C)C)C1,1.0,99.4486560992419,81.32322536181944,False,0.21,0.229,True,True
VERCIRNON,CC(C)(C)c1ccc(S(=O)(=O)Nc2ccc(Cl)cc2C(=O)c2cc[n+]([O-])cc2)cc1,3.0,99.37973811164714,82.70158511371469,False,0.294,0.231,True,True
SAMIXOGREL,O=C(O)CCC/C=C(\c1ccc(CCNS(=O)(=O)c2ccc(Cl)cc2)cc1)c1cccnc1,2.0,99.31082012405238,69.95175740868366,False,0.25,0.211,True,True
RINETERKIB,CNC[C@@H](NC(=O)c1ccc(-c2nc([C@H]3CC[C@H](O)[C@@H](F)C3)cnc2N)cc1F)c1cc(F)cc(Br)c1,1.0,99.2419021364576,91.38525155065471,False,0.204,0.204,True,True
EPIGALOCATECHIN GALLATE,O=C(O[C@@H]1Cc2c(O)cc(O)cc2O[C@@H]1c1cc(O)c(O)c(O)c1)c1cc(O)c(O)c(O)c1,3.0,99.17298414886284,99.72432804962096,True,0.217,0.172,True,True
REMIKIREN,CC(C)(C)S(=O)(=O)C[C@@H](Cc1ccccc1)C(=O)N[C@@H](Cc1c[nH]cn1)C(=O)N[C@@H](CC1CCCCC1)[C@@H](O)[C@@H](O)C1CC1,2.0,99.1040661612681,24.01791867677464,False,0.212,0.177,True,True
PF-03758309,Cc1nc(Nc2n[nH]c3c2CN(C(=O)N[C@H](CN(C)C)c2ccccc2)C3(C)C)c2sccc2n1,1.0,99.03514817367332,50.137835975189525,False,0.278,0.204,True,True
MK-6592,Cc1cc(Nc2cc(N3CC(F)(C4CC4)C3)nc(O[C@H]3CCN(C(=O)c4cc(Cl)ccc4F)C3)n2)n[nH]1,1.0,98.96623018607856,91.38525155065471,False,0.205,0.221,True,True
DRAFLAZINE,NC(=O)C1CN(CCCCC(c2ccc(F)cc2)c2ccc(F)cc2)CCN1CC(=O)Nc1c(Cl)cc(N)cc1Cl,2.0,98.8973121984838,91.38525155065471,False,0.19,0.2,True,True
NACRESERTIB,COc1cc2nn([C@H]3CC[C@](C)(O)CC3)cc2cc1NC(=O)c1cccc(C)[n+]1[O-],2.0,98.82839421088904,51.20606478290834,False,0.269,0.208,True,True
CINTIRORGON,CC(C)(C[C@H]1CN(S(=O)(=O)c2cccc(C(F)(F)F)c2)c2cc(-c3cc(F)cc(OC(F)F)c3)ccc2O1)C(=O)O,1.0,98.75947622329429,56.85733976567884,False,0.225,0.227,True,True
FOSIGOTIFATOR,O=C(COc1ccc(Cl)c(F)c1)NC12CCC(NC(=O)COc3ccc(Cl)c(F)c3)(CC1)[C@@H](OCOP(=O)(O)O)C2,2.0,98.69055823569953,99.79324603721572,True,0.256,0.187,True,True
TELAGLENASTAT,O=C(Cc1cccc(OC(F)(F)F)c1)Nc1ccc(CCCCc2nnc(NC(=O)Cc3ccccn3)s2)nn1,2.0,98.62164024810475,88.28394210889043,False,0.253,0.202,True,True
ETALOCIB,CCCc1c(OCCCOc2cc(O)c(-c3ccc(F)cc3)cc2CC)cccc1Oc1ccccc1C(=O)O,2.0,98.55272226051,50.137835975189525,False,0.274,0.267,True,True
NALDEMEDINE,CC(C)(NC(=O)C1=C(O)[C@@H]2Oc3c(O)ccc4c3[C@@]23CCN(CC2CC2)[C@H](C4)[C@]3(O)C1)c1nc(-c2ccccc2)no1,4.0,98.48380427291524,50.137835975189525,False,0.186,0.174,True,True
TAMNORZATINIB,COc1cc2nccc(Oc3ccc(NC(=O)c4cc5c(n(-c6ccccc6)c4=O)CCCC5=O)nc3)c2cc1OC,2.0,98.41488628532046,75.63749138525155,False,0.27,0.215,True,True
BEMFIVASTATIN,CC(C)c1c(C(=O)Nc2ccc(CO)cc2)c(-c2ccccc2)c(-c2ccc(F)cc2)n1CC[C@@H](O)C[C@@H](O)CC(=O)O,2.0,98.3459682977257,76.36113025499655,False,0.234,0.204,True,True
CROZBACICLIB,CC1=Nc2c(F)cc(-c3nc(Nc4ccc(C5CCN(C)CC5)cn4)ncc3F)cc2C12CCCC2,2.0,98.27705031013096,75.63749138525155,False,0.191,0.217,True,True
IOPRONIC ACID,CCC(COCCOc1c(I)cc(I)c(NC(C)=O)c1I)C(=O)O,2.0,98.20813232253616,50.24121295658166,False,0.192,0.226,True,True
TREPROSTINIL PHOSPHATE,CCCCC[C@@H](CC[C@@H]1[C@H]2Cc3cccc(OCC(=O)O)c3C[C@H]2C[C@H]1OP(=O)(O)O)OP(=O)(O)O,1.0,98.1392143349414,97.7946243969676,False,0.194,0.177,True,True
CANAGLIFLOZIN,Cc1ccc([C@@H]2O[C@H](CO)[C@@H](O)[C@H](O)[C@H]2O)cc1Cc1ccc(-c2ccc(F)cc2)s1,4.0,98.07029634734666,94.00413507925568,False,0.226,0.202,True,True
NARMAFOTINIB,COc1cc(C2CCN(C)CC2)ccc1Nc1ncc(C(F)(F)F)c(CCc2ccccc2CC(N)=O)n1,2.0,98.0013783597519,70.70985527222605,False,0.273,0.226,True,True
HEPRONICATE,CCCCCCC(COC(=O)c1cccnc1)(COC(=O)c1cccnc1)COC(=O)c1cccnc1,2.0,97.93246037215714,85.9407305306685,False,0.218,0.237,True,True
MIOFLAZINE,NC(=O)C1CN(CC(=O)Nc2c(Cl)cccc2Cl)CCN1CCCC(c1ccc(F)cc1)c1ccc(F)cc1,2.0,97.86354238456238,47.27773949000689,False,0.214,0.25,True,True
ALVOCIDIB,CN1CC[C@H](c2c(O)cc(O)c3c(=O)cc(-c4ccccc4Cl)oc23)[C@H](O)C1,3.0,97.7946243969676,87.45692625775328,False,0.211,0.247,True,True
BUDIODARONE,CC[C@H](C)OC(=O)Cc1oc2ccccc2c1C(=O)c1cc(I)c(OCCN(CC)CC)c(I)c1,2.0,97.72570640937283,85.80289455547899,False,0.368,0.175,True,True
ASCORBYL GAMOLENATE,CCCCC/C=C\C/C=C\C/C=C\CCCCC(=O)OC[C@H](O)[C@H]1OC(=O)C(O)=C1O,2.0,97.65678842177807,93.86629910406616,False,0.183,0.179,True,True
BERVASTATIN,CCOC(=O)CC(O)CC(O)/C=C/C1=C(c2ccc(F)cc2)c2ccccc2OC12CCCC2,2.0,97.58787043418332,91.38525155065471,False,0.209,0.224,True,True
PROSCILLARIDIN,C[C@@H]1O[C@@H](O[C@@H]2C=C3CC[C@@H]4[C@H](CC[C@]5(C)[C@@H](c6ccc(=O)oc6)CC[C@]45O)[C@@]3(C)CC2)[C@H](O)[C@H](O)[C@H]1O,2.0,97.51895244658856,87.66368022053757,False,0.137,0.168,True,True
CANLITINIB,COc1cc2c(Oc3ccc(NC(=O)C4(C(=O)Nc5ccc(F)cc5)CC4)cc3F)ccnc2cc1OCCCCCC(=O)O,2.0,97.4500344589938,50.137835975189525,False,0.303,0.204,True,True
INIXACICLIB,CC(C)N1CCOc2c(F)cc(-c3nc(Nc4ccc(C5CCN(C)CC5)cn4)ncc3F)cc21,2.0,97.38111647139904,50.137835975189525,False,0.175,0.202,True,True
IFEBEMTINIB,COc1cc(C(=O)NC2CCN(C)CC2)c(F)cc1Nc1ncc(C(F)(F)F)c(Oc2cccc3c2C(=O)N(C)C3)n1,2.0,97.31219848380428,50.137835975189525,False,0.23,0.228,True,True
VIDUPIPRANT,CC(C)(C)NC(=O)c1ccc(Oc2cc(F)c(CC(=O)O)cc2Cl)c(NS(=O)(=O)c2ccc(C3CC3)cc2Cl)c1,2.0,97.24328049620952,78.842177808408,False,0.286,0.224,True,True
MERIGOLIX,O=C(O)CCCN[C@@H](Cn1c(=O)c2c(n(Cc3c(F)cccc3C(F)(F)F)c1=O)COC21CCN(Cc2ccc(C(F)(F)F)o2)CC1)c1ccccc1,2.0,97.17436250861476,75.63749138525155,False,0.198,0.168,True,True
PF-06952229,CC(C)c1cnc(-c2cc(Cl)ccc2F)cc1Nc1ccncc1C(=O)NC(CO)CO,1.0,97.10544452102,94.5554789800138,False,0.244,0.228,True,True
VERCIRNON SODIUM,CC(C)(C)c1ccc(S(=O)(=O)[N-]c2ccc(Cl)cc2C(=O)c2cc[n+]([O-])cc2)cc1,3.0,97.03652653342525,91.17849758787044,False,0.262,0.2,True,True
M4344,Nc1nn2cc(F)cnc2c1C(=O)Nc1cncc(F)c1N1CCC(C(=O)N2CCN(C3COC3)CC2)CC1,1.0,96.96760854583046,91.38525155065471,False,0.173,0.206,True,True
FOSRAVUCONAZOLE,C[C@@H](c1nc(-c2ccc(C#N)cc2)cs1)[C@@](Cn1cncn1)(OCOP(=O)(O)O)c1ccc(F)cc1F,2.0,96.8986905582357,99.93108201240524,True,0.253,0.214,True,True
OPIGOLIX,C[C@@H](O)C(=N)NS(=O)(=O)c1cc(C(=O)C(C(=O)c2cc(F)ccc2F)=C2Nc3ccccc3N2)ccc1F,2.0,96.82977257064094,89.80013783597519,False,0.23,0.217,True,True
KIO-100,O=C(Nc1c(F)c(F)c(-c2cccc(OC(F)(F)F)c2)c(F)c1F)c1ccsc1C(=O)O,1.0,96.76085458304615,64.16264645072364,False,0.275,0.292,True,True
BMS-986094,COc1nc(N)nc2c1ncn2[C@@H]1O[C@H](COP(=O)(N[C@@H](C)C(=O)OCC(C)(C)C)Oc2cccc3ccccc23)[C@@H](O)[C@@]1(C)O,2.0,96.6919365954514,98.07029634734666,False,0.2,0.17,True,True
BEFETUPITANT,Cc1ccccc1-c1cc(N2CCOCC2)ncc1N(C)C(=O)C(C)(C)c1cc(C(F)(F)F)cc(C(F)(F)F)c1,2.0,96.62301860785664,16.953824948311514,False,0.23,0.284,True,True
VERLUKAST,CN(C)C(=O)CCS[C@H](SCCC(=O)O)c1cccc(/C=C/c2ccc3ccc(Cl)cc3n2)c1,2.0,96.55410062026188,96.48518263266712,False,0.224,0.182,True,True
FASIGLIFAM,Cc1cc(OCCCS(C)(=O)=O)cc(C)c1-c1cccc(COc2ccc3c(c2)OC[C@H]3CC(=O)O)c1,3.0,96.48518263266712,50.137835975189525,False,0.256,0.26,True,True
SELETALISIB,[O-][n+]1cccc(-c2nc3c(Cl)cccc3cc2[C@@H](Nc2ncnc3cccnc23)C(F)(F)F)c1,2.0,96.41626464507236,80.63404548587181,False,0.188,0.176,True,True
GDC-0917,CN[C@@H](C)C(=O)N[C@H](C(=O)N1CCC[C@H]1C(=O)Nc1sc(-c2ncco2)nc1-c1ccccc1)C1CCCCC1,1.0,96.3473466574776,91.38525155065471,False,0.209,0.204,True,True
ANIZATRECTINIB,COCCN1C[C@@H](NC(=O)Nc2c(C)c(-c3cnc(C)nc3)nn2-c2ccccc2)[C@H](c2cccc(F)c2)C1,2.0,96.27842866988284,50.137835975189525,False,0.25,0.222,True,True
TARANABANT,C[C@H](NC(=O)C(C)(C)Oc1ccc(C(F)(F)F)cn1)[C@@H](Cc1ccc(Cl)cc1)c1cccc(C#N)c1,3.0,96.20951068228808,91.38525155065471,False,0.253,0.231,True,True
IFETROBAN SODIUM,CCCCCNC(=O)c1coc([C@H]2[C@@H](Cc3ccccc3CCC(=O)[O-])[C@@H]3CC[C@H]2O3)n1,2.0,96.14059269469332,85.42384562370778,False,0.213,0.222,True,True
RUNCACIGUAT,C[C@H]([C@H](C(=O)Nc1cc([C@@H](CC(=O)O)C2CC2)ccc1Cl)c1ccc(Cl)cc1)C(F)(F)F,2.0,96.07167470709857,50.137835975189525,False,0.212,0.196,True,True
ROCILETINIB,C=CC(=O)Nc1cccc(Nc2nc(Nc3ccc(N4CCN(C(C)=O)CC4)cc3OC)ncc2C(F)(F)F)c1,3.0,96.0027567195038,50.137835975189525,False,0.245,0.245,True,True
DORZAGLIATIN,CC(C)C[C@@H](C(=O)Nc1ccn(C[C@@H](O)CO)n1)N1CC(Oc2ccccc2Cl)=CC1=O,3.0,95.93383873190902,91.38525155065471,False,0.211,0.198,True,True
VLX-1005,COc1cccc(CNc2ccc(S(=O)(=O)Nc3nc4ccccc4s3)cc2)c1O,2.0,95.86492074431426,93.4527911784976,False,0.277,0.22,True,True
MITOPODOZIDE,CCNNC(=O)[C@@H]1[C@H](c2cc(OC)c(OC)c(OC)c2)c2cc3c(cc2[C@H](O)[C@H]1CO)OCO3,2.0,95.7960027567195,87.25017229496899,False,0.203,0.175,True,True
TOCOFENOXATE,Cc1c(C)c2c(c(C)c1OC(=O)COc1ccc(Cl)cc1)CCC(C)(CCCC(C)CCCC(C)CCCC(C)C)O2,2.0,95.72708476912474,14.266023432115782,False,0.222,0.189,True,True
MK-3577,CCC[C@H](c1ccc(C(=O)NCCC(=O)O)cc1)[C@H](c1ccc(Cl)cc1)c1c[nH]c2c(F)cc(C)cc12,2.0,95.65816678153,50.137835975189525,False,0.231,0.194,True,True
GW-695634,CCC(=O)NS(=O)(=O)c1ccc(NC(=O)COc2ccc(Cl)cc2C(=O)c2cc(Cl)cc(C#N)c2)c(C)c1,1.0,95.58924879393524,95.38249483115094,False,0.311,0.233,True,True
BRECANAVIR,Cc1nc(COc2ccc(C[C@H](NC(=O)O[C@H]3CO[C@H]4OCC[C@H]43)[C@H](O)CN(CC(C)C)S(=O)(=O)c3ccc4c(c3)OCO4)cc2)cs1,2.0,95.52033080634044,45.89937973811165,False,0.168,0.173,True,True
COH-29,O=C(Nc1nc(-c2ccc(O)c(O)c2)c(-c2ccccc2)s1)c1ccc(O)c(O)c1,1.0,95.4514128187457,96.55410062026188,False,0.274,0.198,True,True
BI 653048,CCS(=O)(=O)c1cc2cc(C[C@](O)(CC(C)(C)c3ccc(F)cc3C(N)=O)C(F)(F)F)[nH]c2cn1,1.0,95.38249483115094,66.71261199172984,False,0.205,0.202,True,True
TIANEPTINE,CN1c2ccccc2C(NCCCCCCC(=O)O)c2ccc(Cl)cc2S1(=O)=O,3.0,95.31357684355616,40.66161268090972,False,0.262,0.278,True,True
TUBULOZOLE,CCOC(=O)Nc1ccc(SCC2COC(Cn3ccnc3)(c3ccc(Cl)cc3Cl)O2)cc1,2.0,95.2446588559614,80.289455547898,False,0.2,0.259,True,True
DAGLUTRIL,CCOC(=O)[C@H](CCCc1ccccc1)C1(C(=O)N[C@H]2CCc3ccccc3N(CC(=O)O)C2=O)CCCC1,2.0,95.17574086836665,75.63749138525155,False,0.23,0.234,True,True
BIMATOPROST GRENOD,CCNC(=O)CCC/C=C/C[C@@H]1[C@@H](/C=C/[C@H](CCc2ccccc2)OC(=O)CCCCCO[N+](=O)[O-])[C@H](O)C[C@@H]1O,3.0,95.10682288077189,75.63749138525155,False,0.155,0.151,True,True
TP-1287,CN1CC[C@H](c2c(OP(=O)(O)O)cc(O)c3c(=O)cc(-c4ccccc4Cl)oc23)[C@H](O)C1,1.0,95.03790489317711,50.137835975189525,False,0.2,0.222,True,True
TIGILANOL TIGLATE,C/C=C(\C)C(=O)O[C@@H]1[C@@H](C)[C@@]2(O)[C@H]([C@@H]3C(C)(C)[C@]13OC(=O)[C@@H](C)CC)[C@@H]1O[C@]1(CO)[C@@H](O)[C@]1(O)C(=O)C(C)=C[C@H]12,2.0,94.96898690558236,19.77946243969676,False,0.133,0.141,True,True
VS-4718,CNC(=O)c1ccccc1Nc1cc(Nc2ccc(N3CCOCC3)cc2OC)ncc1C(F)(F)F,1.0,94.9000689179876,66.2301860785665,False,0.266,0.263,True,True
TIPELUKAST,CCCc1c(SCCCOc2ccc(C(C)=O)c(OCCCC(=O)O)c2CCC)ccc(C(C)=O)c1O,2.0,94.83115093039282,77.32598208132322,False,0.247,0.153,True,True
H3B-6545 FREE BASE,CN(C)C(=O)/C=C/CNCCOc1ccc(/C(=C(/CC(F)(F)F)c2ccccc2)c2ccc3[nH]nc(F)c3c2)cn1,1.0,94.76223294279808,50.137835975189525,False,0.21,0.231,True,True
RICOLINOSTAT,O=C(CCCCCCNC(=O)c1cnc(N(c2ccccc2)c2ccccc2)nc1)NO,2.0,94.6933149552033,75.63749138525155,False,0.236,0.202,True,True
CANDOXATRIL,COCCOC[C@H](CC1(C(=O)N[C@H]2CC[C@@H](C(=O)O)CC2)CCCC1)C(=O)Oc1ccc2c(c1)CCC2,2.0,94.62439696760856,60.78566505858029,False,0.244,0.252,True,True
AM-211,CCN(Cc1cc(C(F)(F)F)ccc1-c1cc(CC(=O)O)ccc1OC)C(=O)NCc1ccccc1,1.0,94.5554789800138,50.137835975189525,False,0.292,0.263,True,True
ALTIRATINIB,O=C(Nc1cc(Oc2cc(F)c(NC(=O)C3(C(=O)Nc4ccc(F)cc4)CC3)cc2F)ccn1)C1CC1,2.0,94.48656099241902,99.4486560992419,False,0.264,0.202,True,True
STX-478,Cc1c([C@@H](NC(=O)Nc2cnc(N)nc2)C(F)(F)F)oc2c(F)cc(F)cc12,1.0,94.41764300482426,91.38525155065471,False,0.212,0.213,True,True
CULMERCICLIB,CC(C)c1c2cc(-c3nc(Nc4ccc(N5CCNCC5)cn4)ncc3F)ccc2nn1C,2.0,94.3487250172295,50.137835975189525,False,0.198,0.217,True,True
AZD-9898,COc1nc(N(CC(C)(C)F)c2cc(Cl)c(F)cc2F)cnc1C(=O)[C@H]1C[C@@H]1C(=O)O,1.0,94.27980702963474,51.48173673328738,False,0.208,0.206,True,True
SUSALIMOD,Cc1cccnc1NS(=O)(=O)c1ccc(C#Cc2ccc(O)c(C(=O)O)c2)cc1,2.0,94.21088904203997,75.63749138525155,False,0.408,0.246,False,True
MAX-10181,Cc1c(C=Cc2cc(CNC(C)(CO)C(=O)O)ccc2C(F)(F)F)cccc1-c1ccc2c(c1)OCCO2,1.0,94.1419710544452,96.14059269469332,False,0.253,0.196,True,True
FLUMATINIB,Cc1ncc(NC(=O)c2ccc(CN3CCN(C)CC3)c(C(F)(F)F)c2)cc1Nc1nccc(-c2cccnc2)n1,3.0,94.07305306685043,27.56719503790489,False,0.231,0.216,True,True
EZATIOSTAT HYDROCHLORIDE,CCOC(=O)[C@@H](N)CCC(=O)N[C@@H](CSCc1ccccc1)C(=O)N[C@@H](C(=O)OCC)c1ccccc1,2.0,94.00413507925568,44.45210199862164,False,0.207,0.25,True,True
ATUMELNANT,CCOc1ccccc1-c1ccc(N2CCN(C(=O)C3(C(F)(F)F)CCC3)C[C@H]2CC)c(C(=O)N[C@@H]2CN3CCC2CC3)n1,2.0,93.93521709166092,50.137835975189525,False,0.243,0.211,True,True
TEBITOREXANT,O=C(c1cccc(F)c1-c1ncccn1)N1C[C@H]2C[C@@H](Oc3ccc(C(F)(F)F)cn3)[C@@H]1C2,2.0,93.86629910406616,75.32736044107511,False,0.237,0.232,True,True
DELOXOLONE,CC1(C)[C@@H](OC(=O)CCC(=O)O)CC[C@]2(C)C3=CC[C@@H]4[C@@H]5C[C@@](C)(C(=O)O)CC[C@]5(C)CC[C@@]4(C)[C@]3(C)CC[C@@H]12,2.0,93.7973811164714,54.51412818745693,False,0.161,0.172,True,True
VAMOTINIB,Cc1ccc(C(=O)Nc2ccc(CN3CCN(C)CC3)c(C(F)(F)F)c2)cc1C#Cc1nnc2ccccn12,2.0,93.72846312887664,50.137835975189525,False,0.237,0.216,True,True
CEMDOMESPIB,CO[C@@H]1[C@@H](O)[C@@H](O)[C@H](Oc2ccc(CCNC(C)=O)c(-c3cccc(F)c3)c2)OC1(C)C,2.0,93.65954514128188,68.986905582357,False,0.26,0.274,True,True
AFOXOLANER,O=C(CNC(=O)c1ccc(C2=NOC(c3cc(Cl)cc(C(F)(F)F)c3)(C(F)(F)F)C2)c2ccccc12)NCC(F)(F)F,2.0,93.59062715368712,91.38525155065471,False,0.213,0.212,True,True
CR-3465 FREE ACID,O=C(N[C@@H](Cc1ccc(OCc2ccc3ccc(F)cc3n2)cc1)C(=O)O)c1ccc2ccccc2n1,1.0,93.52170916609236,50.137835975189525,False,0.276,0.209,True,True
XL-418,Cc1c(NCCN2CCCC2)cc(C(=O)CCC(F)(F)F)cc1N1CCN(c2ncnc3[nH]nc(Br)c23)CC1,1.0,93.4527911784976,24.01791867677464,False,0.189,0.192,True,True
IOSUMETIC ACID,CCN(C(=O)CCC(=O)O)c1c(I)cc(I)c(NC)c1I,2.0,93.38387319090282,49.00068917987595,False,0.2,0.233,True,True
PF-05089771,Nc1[nH]ncc1-c1cc(Cl)ccc1Oc1cc(F)c(S(=O)(=O)Nc2cscn2)cc1Cl,2.0,93.31495520330806,96.07167470709857,False,1.0,0.192,False,True
TOLAFENTRINE,COc1cc2c(cc1OC)[C@H]1CN(C)CC[C@H]1N=C2c1ccc(NS(=O)(=O)c2ccc(C)cc2)cc1,2.0,93.2460372157133,14.472777394900069,False,0.291,0.228,True,True
DIVARASIB,C=CC(=O)N1CCN(c2nc(OC[C@@H]3CCCN3C)nc3c(F)c(-c4nc(N)cc(C)c4C(F)(F)F)c(Cl)cc23)[C@@H](C)C1,2.0,93.17711922811854,91.38525155065471,False,0.2,0.216,True,True
LECIMIBIDE,CCCCCCCN(CCCCCSc1nc(-c2ccccc2)c(-c2ccccc2)[nH]1)C(=O)Nc1ccc(F)cc1F,2.0,93.10820124052378,50.137835975189525,False,0.266,0.218,True,True
ETIBENDAZOLE,COC(=O)Nc1nc2ccc(C3(c4ccc(F)cc4)OCCO3)cc2[nH]1,2.0,93.039283252929,81.9434872501723,False,0.23,0.212,True,True
CMS-121,Oc1ccc(-c2cc(OC3CCCC3)c3ccccc3n2)cc1O,1.0,92.97036526533424,80.01378359751895,False,0.25,0.238,True,True
SEPETAPROST,CC(C)OC(=O)CCC[C@H]1CC[C@@H]2[C@@H](/C=C/[C@@H](O)COc3cc(F)ccc3F)[C@H](O)C[C@@H]2OC1,3.0,92.90144727773948,90.144727773949,False,0.174,0.186,True,True
SACIBERTINIB,CN(C)C/C=C/C(=O)Nc1cc2c(Nc3ccc(OCc4ccccn4)c(Cl)c3)c(C#N)cnc2cc1O[C@H]1CCOC1,2.0,92.83252929014472,91.38525155065471,False,0.239,0.202,True,True
ANACETRAPIB,COc1cc(F)c(C(C)C)cc1-c1ccc(C(F)(F)F)cc1CN1C(=O)O[C@H](c2cc(C(F)(F)F)cc(C(F)(F)F)c2)[C@@H]1C,3.0,92.76361130254996,75.63749138525155,False,0.194,0.245,True,True
QUEMLICLUSTAT,C[C@H](Nc1cc(Cl)nc2c1cnn2[C@@H]1O[C@H](COP(=O)(O)CP(=O)(O)O)[C@@H](O)[C@H]1O)c1ccccc1F,2.0,92.6946933149552,97.65678842177807,False,0.184,0.179,True,True
PEMRAMETOSTAT,CC(=O)N1CCC(Nc2cc(C(=O)NC[C@H](O)CN3CCc4ccccc4C3)ncn2)CC1,2.0,92.62577532736044,83.87319090282563,False,0.253,0.206,True,True
IFETROBAN,CCCCCNC(=O)c1coc([C@H]2[C@@H](Cc3ccccc3CCC(=O)O)[C@@H]3CC[C@H]2O3)n1,2.0,92.55685733976568,91.38525155065471,False,0.238,0.213,True,True
CI-988,C[C@](Cc1c[nH]c2ccccc12)(NC(=O)OC1[C@H]2C[C@@H]3C[C@@H](C[C@H]1C3)C2)C(=O)NC[C@H](NC(=O)CCC(=O)O)c1ccccc1,1.0,92.48793935217093,50.137835975189525,False,0.184,0.154,True,True
SALAFIBRATE,CC(=O)Oc1ccccc1C(=O)OC(COC(=O)C(C)(C)Oc1ccc(Cl)cc1)COC(=O)C(C)(C)Oc1ccc(Cl)cc1,2.0,92.41902136457615,75.63749138525155,False,0.386,0.188,True,True
NELUTROCTIV,CS(=O)(=O)c1cncc(C(=O)N2[C@@H](C(=O)N[C@@H](c3cc(F)c(C(F)(F)F)cc3F)C3CC3)C[C@H]3C[C@H]32)c1,2.0,92.3501033769814,94.41764300482426,False,0.209,0.198,True,True
SALPROTOSIDE,CCCO[C@H]1[C@@H]([C@@H](COC(=O)c2ccccc2O)OC(=O)c2ccccc2O)OC(OCC)[C@@H]1O,2.0,92.28118538938664,95.4514128187457,False,0.178,0.192,True,True
NIKKOMYCIN,C[C@@H]([C@H](N)C(=O)N[C@H](C(=O)O)[C@H]1O[C@@H](n2ccc(=O)[nH]c2=O)[C@H](O)[C@@H]1O)[C@H](O)c1ccc(O)cn1,1.0,92.21226740179188,88.62853204686422,False,0.191,0.176,True,True
FOSTRIECIN,C[C@@](O)(/C=C/[C@H]1CC=CC(=O)O1)[C@@H](C[C@@H](O)\C=C/C=C\C=C\CO)OP(=O)(O)O,2.0,92.1433494141971,99.51757408683667,False,0.157,0.138,True,True
URSULCHOLIC ACID,C[C@H](CCC(=O)O)[C@H]1CC[C@H]2[C@@H]3[C@@H](OS(=O)(=O)O)C[C@@H]4C[C@H](OS(=O)(=O)O)CC[C@]4(C)[C@H]3CC[C@]12C,2.0,92.07443142660236,91.38525155065471,False,0.128,0.138,True,True
SARACATINIB,CN1CCN(CCOc2cc(OC3CCOCC3)c3c(Nc4c(Cl)ccc5c4OCO5)ncnc3c2)CC1,3.0,92.0055134390076,58.85596140592695,False,0.167,0.196,True,True
MK-1064,COc1ccc(CNC(=O)c2cc(-c3cncc(Cl)c3)cnc2-c2ccccn2)nc1OC,1.0,91.9365954514128,75.63749138525155,False,0.289,0.204,True,True
FDL169,CCOc1ccc2c(-c3cccc(F)c3)nn(CC(=O)N(C)c3ccc4nc(C)oc4c3)c(=O)c2c1,1.0,91.86767746381804,50.137835975189525,False,0.286,0.293,True,True
PETRICHLORAL,OC(OCC(COC(O)C(Cl)(Cl)Cl)(COC(O)C(Cl)(Cl)Cl)COC(O)C(Cl)(Cl)Cl)C(Cl)(Cl)Cl,2.0,91.7987594762233,89.11095796002758,False,0.091,0.085,True,True
RX-518,C=CC(=O)Nc1cccc(-c2cccc3cnc(Nc4ccc(N5CCN(CCO)CC5)c(F)c4F)nc23)c1,2.0,91.72984148862852,50.137835975189525,False,0.202,0.217,True,True
FARGLITAZAR,Cc1oc(-c2ccccc2)nc1CCOc1ccc(C[C@H](Nc2ccccc2C(=O)c2ccccc2)C(=O)O)cc1,2.0,91.66092350103376,73.74224672639559,False,0.264,0.205,True,True
LESINURAD,O=C(O)CSc1nnc(Br)n1-c1ccc(C2CC2)c2ccccc12,4.0,91.592005513439,95.03790489317711,False,0.689,0.183,False,True
NICAFENINE,O=C(NCCOC(=O)c1ccccc1Nc1ccnc2cc(Cl)ccc12)c1cccnc1,2.0,91.52308752584425,72.77739490006891,False,0.261,0.194,True,True
CAFICRESTAT,O=C(O)Cc1nn(Cc2nc3cc(C(F)(F)F)ccc3s2)c(=O)c2nccnc12,3.0,91.45416953824947,94.96898690558236,False,0.278,0.278,True,True
MOXILUBANT,COc1cc(C(=O)N(C(C)C)C(C)C)ccc1OCCCCCOc1ccc(C(=N)N)cc1,2.0,91.38525155065471,77.80840799448656,False,0.243,0.279,True,True
NAZARTINIB,Cc1cc(C(=O)Nc2nc3cccc(Cl)c3n2[C@@H]2CCCCN(C(=O)/C=C/CN(C)C)C2)ccn1,2.0,91.31633356305996,50.137835975189525,False,0.226,0.214,True,True
PECAVAPTAN,C[C@H](O)c1nc(Cn2nc(-c3ccc(Cl)cc3)n(C[C@H](O)C(F)(F)F)c2=O)nn1-c1cccc(Cl)c1,2.0,91.2474155754652,88.83528600964851,False,0.244,0.238,True,True
ECRAPROST,CCCCC[C@H](O)/C=C/[C@@H]1C(CCCCCCC(=O)OCCCC)=C(OC(=O)CCC)C[C@H]1O,3.0,91.17849758787044,50.137835975189525,False,0.143,0.15,True,True
SERALUTINIB,COc1ccc(-c2cncc(N[C@@H](C)c3cccc(NC(=O)c4cncc(C)c4)c3)n2)cc1OC,3.0,91.10957960027568,91.38525155065471,False,0.256,0.203,True,True
DENIFANSTAT,Cc1nc(-c2cc(C(=O)N3CCC(c4ccc(C#N)cc4)CC3)c(C)cc2C2CCC2)n[nH]1,2.0,91.0406616126809,47.208821502412135,False,0.26,0.283,True,True
BAY-1217389,COc1ccc(Oc2cc(NCCC(F)(F)F)c3ncc(-c4ccc(C(=O)NC5CC5)c(C)c4)n3n2)c(F)c1F,1.0,90.97174362508616,75.63749138525155,False,0.236,0.216,True,True
ONRADIVIR,O=C(O)[C@H]1C2CCC(CC2)[C@@H]1Nc1nc(-c2n[nH]c3ncc(F)cc23)nc(C2CC2)c1F,2.0,90.9028256374914,91.38525155065471,False,0.202,0.186,True,True
LEMILDIPINE,COC(=O)C1=C(C)NC(COC(N)=O)=C(C(=O)OC(C)C)C1c1cccc(Cl)c1Cl,2.0,90.83390764989664,24.01791867677464,False,0.212,0.265,True,True
SAPACITABINE,CCCCCCCCCCCCCCCC(=O)Nc1ccn([C@@H]2O[C@H](CO)[C@@H](O)[C@@H]2C#N)c(=O)n1,3.0,90.76498966230189,50.137835975189525,False,0.17,0.184,True,True
AWZ-1066S,C[C@H]1COCCN1c1nc(NCc2cccnc2C(F)(F)F)c2cccnc2n1,1.0,90.6960716747071,53.61819434872501,False,0.225,0.253,True,True
FOSDESDENOSINE SIPALABENAMIDE,C[C@H](NP(=O)(OC[C@@H]1C[C@@H](O)[C@H](n2cnc3c(N)ncnc32)O1)Oc1ccccc1)C(=O)OCc1ccccc1,2.0,90.62715368711234,98.41488628532046,False,0.202,0.188,True,True
GARSORASIB,C=CC(=O)N1C[C@H](C)N(c2nc(=O)n(-c3c(C4CC4)ncnc3C3CC3)c3nc(-c4c(N)cccc4F)c(F)cc23)C[C@H]1C,2.0,90.55823569951758,89.31771192281187,False,0.21,0.184,True,True
REMOGLIFLOZIN ETABONATE,CCOC(=O)OC[C@H]1O[C@@H](Oc2nn(C(C)C)c(C)c2Cc2ccc(OC(C)C)cc2)[C@H](O)[C@@H](O)[C@@H]1O,2.0,90.4893177119228,93.65954514128188,False,0.189,0.205,True,True
ABBV-744,CCNC(=O)c1cc2c(-c3cc(C(C)(C)O)ccc3Oc3c(C)cc(F)cc3C)cn(C)c(=O)c2[nH]1,1.0,90.42039972432804,29.29014472777395,False,0.24,0.232,True,True
REPAGLINIDE,CCOc1cc(CC(=O)N[C@@H](CC(C)C)c2ccccc2N2CCCCC2)ccc1C(=O)O,4.0,90.35148173673328,31.77119228118539,False,0.26,0.218,True,True
FULIMETIBANT,O=C(O)c1cc(NC(=O)C2(c3ccc(C(F)(F)F)cc3F)CC2)ccc1-c1cnn(C2CCC2)c1,2.0,90.28256374913852,91.38525155065471,False,0.274,0.258,True,True
TAK-243,NS(=O)(=O)OC[C@H]1C[C@@H](Nc2ccnc3cc(-c4cccc(SC(F)(F)F)c4)nn23)[C@H](O)[C@@H]1O,1.0,90.21364576154376,99.86216402481048,False,0.231,0.198,True,True
SUVADRONABINOL,CCCCCc1cc(OC(=O)[C@@H](NC(=O)CCC(=O)O)C(C)C)c2c(c1)OC(C)(C)[C@@H]1CCC(C)=C[C@@H]21,2.0,90.144727773949,50.137835975189525,False,0.184,0.188,True,True
PARECOXIB,CCC(=O)NS(=O)(=O)c1ccc(-c2c(-c3ccccc3)noc2C)cc1,4.0,90.07580978635424,77.11922811853894,False,0.262,0.29,True,True
LUMINESPIB,CCNC(=O)c1noc(-c2cc(C(C)C)c(O)cc2O)c1-c1ccc(CN2CCOCC2)cc1,2.0,90.00689179875948,50.137835975189525,False,0.212,0.218,True,True
DILMAPIMOD,Cc1cc(F)ccc1-c1nc(NC(CO)CO)nc2c1ccc(=O)n2-c1c(F)cccc1F,2.0,89.93797381116472,91.38525155065471,False,0.226,0.23,True,True
PF-05186462,O=S(=O)(Nc1nncs1)c1cc(Cl)c(Oc2ccc(C(F)(F)F)cc2-c2ccnnc2)cc1F,1.0,89.86905582356995,50.137835975189525,False,0.414,0.204,False,True
BAMOCAFTOR,C[C@@H]1CN(c2nc(-n3ccc(OCCC4(C(F)(F)F)CC4)n3)ccc2C(=O)NS(=O)(=O)c2ccccc2)C(C)(C)C1,3.0,89.7656788421778,91.38525155065471,False,0.214,0.211,True,True
BAMOCAFTOR POTASSIUM,C[C@@H]1CN(c2nc(-n3ccc(OCCC4(C(F)(F)F)CC4)n3)ccc2C(=O)[N-]S(=O)(=O)c2ccccc2)C(C)(C)C1,1.0,89.7656788421778,91.38525155065471,False,0.183,0.19,True,True
PF-07265807,CC(C)n1cc(C(=O)Nc2ccc(Oc3ccnc4[nH]nc(N[C@H](C)CO)c34)c(F)c2)c(=O)n(-c2ccc(F)cc2)c1=O,1.0,89.66230186078566,51.06822880771882,False,0.218,0.211,True,True
PREDNIMUSTINE,C[C@]12C=CC(=O)C=C1CC[C@@H]1[C@@H]2[C@@H](O)C[C@@]2(C)[C@H]1CC[C@]2(O)C(=O)COC(=O)CCCc1ccc(N(CCCl)CCCl)cc1,2.0,89.5933838731909,75.63749138525155,False,0.15,0.171,True,True
ERBULOZOLE,CCOC(=O)Nc1ccc(SCC2COC(Cn3ccnc3)(c3ccc(OC)cc3)O2)cc1,2.0,89.52446588559614,50.137835975189525,False,0.225,0.244,True,True
BEMCENTINIB,Nc1nc(Nc2ccc3c(c2)CC[C@@H](N2CCCC2)CC3)nn1-c1cc2c(nn1)-c1ccccc1CCC2,2.0,89.45554789800137,36.66436940041351,False,0.188,0.228,True,True
SAR-125844,O=C(NCCN1CCOCC1)Nc1nc2ccc(Sc3nnc4ccc(-c5ccc(F)cc5)nn34)cc2s1,2.0,89.38662991040661,91.38525155065471,False,0.247,0.2,True,True
BIRABRESIB,Cc1sc2c(c1C)C(c1ccc(Cl)cc1)=N[C@@H](CC(=O)Nc1ccc(O)cc1)c1nnc(C)n1-2,2.0,89.31771192281187,91.38525155065471,False,0.236,0.216,True,True
SUDEXANOX,CCCCCCc1cc(S(C)(=N)=O)cc2c(=O)c3cc(C(=O)O)ccc3oc12,2.0,89.2487939352171,53.13576843556168,False,0.286,0.173,True,True
OMIPALISIB,COc1ncc(-c2ccc3nccc(-c4ccnnc4)c3c2)cc1NS(=O)(=O)c1ccc(F)cc1F,2.0,89.17987594762234,36.181943487250166,False,0.318,0.208,True,True
CITARINOSTAT,O=C(CCCCCCNC(=O)c1cnc(N(c2ccccc2)c2ccccc2Cl)nc1)NO,2.0,89.11095796002758,91.38525155065471,False,0.25,0.203,True,True
TUXOBERTINIB,C=CC(=O)Nc1cc2c(Nc3ccc(OCc4ccccn4)c(Cl)c3)ncnc2cc1OCCN1CCOCC1,1.0,89.0420399724328,91.38525155065471,False,0.26,0.186,True,True
NILOTINIB LAURYLSULFATE,CCCCCCCCCCCCOS(=O)(=O)O.Cc1cn(-c2cc(NC(=O)c3ccc(C)c(Nc4nccc(-c5cccnc5)n4)c3)cc(C(F)(F)F)c2)cn1,1.0,88.97312198483804,75.63749138525155,False,0.217,0.254,True,True
LEXIBULIN,CCC[C@H](Nc1nc(-c2ccc(NC(=O)NCC)c(OC)c2)ncc1C)c1cccnc1,2.0,88.90420399724329,54.445210199862174,False,0.235,0.247,True,True
RO-6870810,Cc1sc2c(c1C)C(c1ccc(Cl)cc1)=N[C@@H](CC(=O)NCCCN1CCN(C)CC1)c1nnc(C)n1-2,1.0,88.83528600964851,11.09579600275672,False,0.219,0.208,True,True
ESAFOXOLANER,O=C(CNC(=O)c1ccc(C2=NO[C@@](c3cc(Cl)cc(C(F)(F)F)c3)(C(F)(F)F)C2)c2ccccc12)NCC(F)(F)F,2.0,88.76636802205375,91.38525155065471,False,0.213,0.212,True,True
CUDC-101,C#Cc1cccc(Nc2ncnc3cc(OC)c(OCCCCCCC(=O)NO)cc23)c1,1.0,88.697450034459,81.66781529979325,False,0.286,0.191,True,True
WITHAFERIN A,CC1=C(CO)C(=O)O[C@@H]([C@@H](C)[C@H]2CC[C@H]3[C@@H]4C[C@H]5O[C@]56[C@@H](O)C=CC(=O)[C@]6(C)[C@H]4CC[C@]23C)C1,1.0,88.62853204686422,33.838731909028255,False,0.147,0.153,True,True
ADOMEGLIVANT,Cc1cc(O[C@@H](CCC(F)(F)F)c2ccc(C(=O)NCCC(=O)O)cc2)cc(C)c1-c1ccc(C(C)(C)C)cc1,2.0,88.55961405926946,82.97725706409373,False,0.235,0.209,True,True
CALCIMYCIN,CNc1ccc2oc(C[C@H]3O[C@@]4(CC[C@H]3C)O[C@H]([C@H](C)C(=O)c3ccc[nH]3)[C@H](C)C[C@H]4C)nc2c1C(=O)O,2.0,88.4906960716747,91.38525155065471,False,0.204,0.171,True,True
TAK-715,CCc1nc(-c2cccc(C)c2)c(-c2ccnc(NC(=O)c3ccccc3)c2)s1,2.0,88.42177808407995,91.2474155754652,False,0.317,0.232,True,True
TUSPETINIB,Cc1ccc2c(-c3nc(Nc4cc(CN5C[C@@H](C)N[C@@H](C)C5)cc(C5CC5)c4)ncc3Cl)c[nH]c2c1,2.0,88.35286009648519,50.137835975189525,False,0.214,0.19,True,True
LINPERLISIB,COc1ncc(-c2nc(N3CCOCC3)nc3c(CN4CCC(C(C)(C)O)CC4)cc(F)cc23)cc1NS(C)(=O)=O,2.0,88.28394210889043,50.137835975189525,False,0.242,0.204,True,True
RODATRISTAT,Nc1nc(O[C@H](c2ccc(Cl)cc2-c2ccccc2)C(F)(F)F)cc(N2CCC3(CC2)CN[C@H](C(=O)O)C3)n1,2.0,88.21502412129566,75.63749138525155,False,0.22,0.189,True,True
BENTIAMINE,C/C(=C(/CCOC(=O)c1ccccc1)SC(=O)c1ccccc1)N(C=O)Cc1cnc(C)nc1N,2.0,88.1461061337009,75.63749138525155,False,0.184,0.213,True,True
ORISMILAST,O=C(Cc1c(Cl)c[n+]([O-])cc1Cl)c1ccc(OC(F)F)c2c1OC1(CCS(=O)(=O)CC1)O2,2.0,88.07718814610614,50.137835975189525,False,0.211,0.156,True,True
TRANIMILAST,CS(=O)(=O)Nc1ccc(C(=O)O[C@@H](Cc2c(Cl)c[n+]([O-])cc2Cl)c2ccc(OC(F)F)c(OCC3CC3)c2)cc1OCC1CC1,2.0,88.00827015851137,75.63749138525155,False,0.238,0.175,True,True
VELSECORAT,C[C@H](NC(=O)C(C)(F)F)[C@H](Oc1ccc2c(cnn2-c2cccc(C(=O)N[C@@H]3CCOC3)c2)c1)c1ccc2c(c1)OCCO2,2.0,87.9393521709166,93.52170916609236,False,0.204,0.212,True,True
MOSNODENVIR,COc1cc(N[C@H](C(=O)c2c[nH]c3ccc(OC(F)(F)F)cc23)c2ccc(Cl)cc2OC)cc(S(C)(=O)=O)c1,2.0,87.87043418332185,51.343900758097874,False,0.237,0.211,True,True
REVAMILAST,O=C(Nc1c(Cl)c[n+]([O-])cc1Cl)c1ccc(OC(F)F)c2oc3ccncc3c12,2.0,87.80151619572707,82.4948311509304,False,0.247,0.184,True,True
INGENOL DISOXATE,CCc1noc(CC)c1C(=O)O[C@H]1C(C)=C[C@]23C(=O)[C@@H](C=C(CO)[C@@H](O)[C@]12O)[C@H]1[C@@H](C[C@H]3C)C1(C)C,3.0,87.73259820813233,94.6933149552033,False,0.147,0.173,True,True
ATACIGUAT,O=C(Nc1ccc(S(=O)(=O)N2CCOCC2)cc1)c1cc(Cl)ccc1NS(=O)(=O)c1ccc(Cl)s1,2.0,87.66368022053757,62.43969676085459,False,0.225,0.242,True,True
ENSITRELVIR,Cn1cnc(Cn2c(=O)[nH]/c(=N\c3cc4cn(C)nc4cc3Cl)n(Cc3cc(F)c(F)cc3F)c2=O)n1,3.0,87.5947622329428,41.90213645761544,False,0.185,0.159,True,True
PREGABALIN NAPROXENCARBIL,COc1ccc2cc([C@H](C)C(=O)O[C@@H](C)OC(=O)NC[C@H](CC(=O)O)CC(C)C)ccc2c1,2.0,87.52584424534804,91.38525155065471,False,0.25,0.184,True,True
ITRIGLUMIDE,Cc1cc(C)c(NC(=O)C[C@H](CC(=O)O)c2cccc3ccccc23)c(C(=O)N2CCC3(CCCC3)CC2)c1,2.0,87.45692625775328,21.08890420399724,False,0.253,0.224,True,True
PELECOPAN,NCc1nccc(-c2cc(COc3ccccc3CC(=O)O)cc3ccoc23)c1F,2.0,87.38800827015851,93.72846312887664,False,0.264,0.22,True,True
KETOCONAZOLE,CC(=O)N1CCN(c2ccc(OCC3COC(Cn4ccnc4)(c4ccc(Cl)cc4Cl)O3)cc2)CC1,4.0,87.31909028256375,50.137835975189525,False,0.2,0.208,True,True
AMOPYROQUINE,Oc1ccc(Nc2ccnc3cc(Cl)ccc23)cc1CN1CCCC1,2.0,87.25017229496899,41.69538249483114,False,0.31,0.244,True,True
XL-281,COC(=O)Nc1nc2cc(C3(O)c4ccccc4C(=O)N3c3cc(Cl)ccc3C)ccc2[nH]1,2.0,87.18125430737422,24.01791867677464,False,0.225,0.204,True,True
JTK-853,O=C(NCc1ccc(OC(F)(F)F)c(F)c1)[C@H]1CN(c2nc3nc(C4CC4)ncc3s2)CCN1S(=O)(=O)c1ccc(C(F)(F)F)cc1,1.0,87.11233631977946,50.137835975189525,False,0.258,0.216,True,True
EMRICASAN,C[C@H](NC(=O)C(=O)Nc1ccccc1C(C)(C)C)C(=O)N[C@@H](CC(=O)O)C(=O)COc1c(F)c(F)cc(F)c1F,2.0,87.0434183321847,60.09648518263266,False,0.222,0.198,True,True
ABLUKAST,CCCc1c(OCCCCCOc2cc3c(cc2C(C)=O)CCC(C(=O)O)O3)ccc(C(C)=O)c1O,2.0,86.97450034458993,91.38525155065471,False,0.207,0.19,True,True
FOSTROXACITABINE BRALPAMIDE,CCC[C@H](C)OC(=O)[C@H](C)NP(=O)(OC[C@H]1OC[C@@H](n2ccc(N)nc2=O)O1)Oc1ccc(Br)cc1,1.0,86.90558235699517,97.03652653342525,False,0.183,0.192,True,True
AMELUBANT,CCOC(=O)NC(=N)c1ccc(OCc2cccc(COc3ccc(C(C)(C)c4ccc(O)cc4)cc3)c2)cc1,2.0,86.83666436940041,60.30323914541695,False,0.268,0.286,True,True
ETRUMADENANT,Cc1c(C#N)cccc1-c1cc(-c2cn(Cc3cccc(C(C)(C)O)n3)nn2)nc(N)n1,2.0,86.76774638180565,58.097863542384566,False,0.244,0.177,True,True
BISBENDAZOLE,CC(SC(=S)Nc1ccc(NC(=S)SC(C)c2nc3ccccc3n2C)cc1)c1nc2ccccc2n1C,2.0,86.69882839421089,59.95864920744314,False,0.271,0.244,True,True
PICLIDENOSON,CNC(=O)[C@H]1O[C@@H](n2cnc3c(NCc4ccc(I)cc4)ncnc32)[C@H](O)[C@@H]1O,3.0,86.62991040661613,91.72984148862852,False,0.192,0.189,True,True
TENIVASTATIN,CCC(C)(C)C(=O)O[C@H]1C[C@@H](C)C=C2C=C[C@H](C)[C@H](CC[C@@H](O)C[C@@H](O)CC(=O)O)[C@H]21,2.0,86.56099241902136,50.137835975189525,False,0.165,0.132,True,True
OGLEMILAST,CS(=O)(=O)Nc1ccc2oc3c(OC(F)F)ccc(C(=O)Nc4c(Cl)cncc4Cl)c3c2c1,2.0,86.4920744314266,92.48793935217093,False,0.25,0.205,True,True
EZOBRESIB,Cc1nnn(C)c1-c1cnc2c3ccc(C(C)(C)O)cc3n([C@H](c3ccccc3)C3CCOCC3)c2c1,2.0,86.42315644383184,75.63749138525155,False,0.236,0.206,True,True
VEMIRCOPAN,CC(=O)c1nn(CC(=O)N2[C@H](C(=O)Nc3nc(Br)ccc3C)C[C@@]3(C)C[C@@H]23)c2ccc(-c3cnc(C)nc3)cc12,2.0,86.35423845623707,91.38525155065471,False,0.189,0.226,True,True
ELACYTARABINE,CCCCCCCC/C=C/CCCCCCCC(=O)OC[C@H]1O[C@@H](n2ccc(N)nc2=O)[C@@H](O)[C@@H]1O,3.0,86.28532046864231,50.137835975189525,False,0.165,0.172,True,True
EVOBRUTINIB,C=CC(=O)N1CCC(CNc2ncnc(N)c2-c2ccc(Oc3ccccc3)cc2)CC1,3.0,86.21640248104755,74.22467263955892,False,0.242,0.202,True,True
ELSULFAVIRINE,CCC(=O)NS(=O)(=O)c1ccc(NC(=O)Cc2ccc(Br)c(Oc3cc(Cl)cc(C#N)c3)c2F)c(Cl)c1,2.0,86.1474844934528,91.38525155065471,False,0.356,0.213,True,True
NAMODENOSON,CNC(=O)[C@H]1O[C@@H](n2cnc3c(NCc4cccc(I)c4)nc(Cl)nc32)[C@H](O)[C@@H]1O,3.0,86.07856650585803,98.82839421088904,False,0.206,0.188,True,True
RODATRISTAT ETHYL,CCOC(=O)[C@@H]1CC2(CCN(c3cc(O[C@H](c4ccc(Cl)cc4-c4ccccc4)C(F)(F)F)nc(N)n3)CC2)CN1,2.0,86.00964851826328,32.529290144727774,False,0.216,0.22,True,True
OCEDURENONE,N#Cc1ccc(N2N=C3c4ccc(C(=O)N5CCC(O)CC5)nc4CC[C@@H]3[C@@H]2C2CCCC2)cc1Cl,3.0,85.9407305306685,91.38525155065471,False,0.267,0.198,True,True
IRALUKAST,CCCc1c(OCCCC/C=C\C=C\[C@H](Sc2ccc3c(=O)cc(C(=O)O)oc3c2)[C@H](O)c2cccc(C(F)(F)F)c2)ccc(C(C)=O)c1O,2.0,85.87181254307374,50.137835975189525,False,0.2,0.19,True,True
TERBOGREL,CC(C)(C)N/C(=N\C#N)Nc1cccc(/C(=C\CCCC(=O)O)c2cccnc2)c1,2.0,85.80289455547899,83.3907649896623,False,0.264,0.25,True,True
DEPULFAVIRINE,N#Cc1cc(Cl)cc(Oc2c(Br)ccc(CC(=O)Nc3ccc(S(N)(=O)=O)cc3Cl)c2F)c1,2.0,85.73397656788421,91.38525155065471,False,0.349,0.226,True,True
ALISERTIB,COc1cc(Nc2ncc3c(n2)-c2ccc(Cl)cc2C(c2c(F)cccc2OC)=NC3)ccc1C(=O)O,3.0,85.66505858028945,91.38525155065471,False,0.287,0.225,True,True
OSUGACESTAT,CN1C(=O)[C@@H](NC(=O)[C@H](CCC(F)(F)F)[C@H](CCC(F)(F)F)C(N)=O)N=C(c2ccccc2)c2ccccc21,2.0,85.5961405926947,24.01791867677464,False,0.215,0.214,True,True
CRENIGACESTAT,C[C@H](NC(=O)CCC(F)(F)F)C(=O)N[C@@H]1C(=O)N(CCO)c2ncccc2-c2ccccc21,2.0,85.52722260509992,67.60854583046175,False,0.215,0.227,True,True
BROVANEXINE,COc1cc(C(=O)Nc2c(Br)cc(Br)cc2CN(C)C2CCCCC2)ccc1OC(C)=O,2.0,85.45830461750516,50.137835975189525,False,0.232,0.235,True,True
ARQ-621,C#CC[C@H](c1nc2cc(Cl)ccc2c(=O)n1Nc1ccccc1)N(CCCN)C(=O)c1cccc(Cl)c1F,1.0,85.3893866299104,74.36250861474845,False,0.237,0.193,True,True
ILANTIMOD,C[C@@H](CO)NC(=O)c1cc(-c2ccc(Cl)cc2)nn(-c2cnn(C)c2)c1=O,2.0,85.32046864231563,50.137835975189525,False,0.262,0.232,True,True
NANATINOSTAT,O=C(NO)c1cnc(N2C[C@@H]3[C@H](C2)[C@H]3NCc2ccc3cc(F)ccc3n2)nc1,2.0,85.25155065472087,64.50723638869744,False,0.235,0.221,True,True
TETRONASIN 5930,CO[C@@H](C)[C@H]1C[C@H](C)[C@H]([C@@H](C)/C=C/[C@@H]2CC[C@@H](C)[C@H](/C(=C/[C@H]3CCC[C@@H](C)[C@@H]3[C@H](C)C(=O)C3=C(O)COC3=O)CO)O2)O1,2.0,85.18263266712613,50.137835975189525,False,0.12,0.133,True,True
CAPADENOSON,N#Cc1c(N)nc(SCc2csc(-c3ccc(Cl)cc3)n2)c(C#N)c1-c1ccc(OCCO)cc1,2.0,85.11371467953136,91.38525155065471,False,0.233,0.162,True,True
GW-328267,CCn1nnc([C@H]2O[C@@H](n3cnc4c(N)nc(N[C@H](CO)Cc5ccccc5)nc43)[C@H](O)[C@@H]2O)n1,1.0,85.0447966919366,84.4934527911785,False,0.165,0.156,True,True
RISELCAFTOR,COc1ccc(C)cc1[C@@]1(C(=O)NS(=O)(=O)c2cccc3nc(C)ccc23)C[C@H](c2ccccc2)CO1,2.0,84.97587870434184,50.137835975189525,False,0.258,0.216,True,True
FONADELPAR,Cc1cc2c(CCc3sc(-c4ccc(C(F)(F)F)cc4)nc3C(C)C)noc2cc1OCC(=O)O,3.0,84.90696071674707,86.28532046864231,False,0.236,0.248,True,True
AL-12182,CC(C)OC(=O)CCC/C=C\CC[C@H]1[C@@H](O)CO[C@@H]1/C=C/[C@@H](O)COc1cccc(Cl)c1,2.0,84.8380427291523,86.76774638180565,False,0.23,0.198,True,True
TROPIFEXOR,O=C(O)c1cc(F)c2nc(N3[C@@H]4CC[C@H]3C[C@@H](OCc3c(-c5ccccc5OC(F)(F)F)noc3C3CC3)C4)sc2c1,2.0,84.76912474155755,30.599586492074422,False,0.231,0.193,True,True
VELIFLAPON,O=C(O)[C@@H](c1ccc(OCc2ccc3ccccc3n2)cc1)C1CCCC1,3.0,84.70020675396277,60.85458304617506,False,0.247,0.231,True,True
MEVASTATIN,CC[C@H](C)C(=O)O[C@H]1CCC=C2C=C[C@H](C)[C@H](CC[C@@H]3C[C@@H](O)CC(=O)O3)[C@H]21,2.0,84.63128876636802,53.75603032391454,False,0.17,0.169,True,True
GIVINOSTAT,CCN(CC)Cc1ccc2cc(COC(=O)Nc3ccc(C(=O)NO)cc3)ccc2c1,4.0,84.56237077877327,83.59751895244659,False,0.229,0.274,True,True
C-188-9,COc1ccc(S(=O)(=O)Nc2cc(-c3c(O)ccc4ccccc34)c(O)c3ccccc23)cc1,2.0,84.4934527911785,92.76361130254996,False,0.293,0.256,True,True
MIVORILANER,O=C(CNC(=O)c1sc(C2=NO[C@@](c3cc(Cl)c(F)c(Cl)c3)(C(F)(F)F)C2)c2c1CCC2)NCC(F)F,1.0,84.42453480358374,91.38525155065471,False,0.22,0.221,True,True
DEUCRICTIBANT,[2H][C@@](C)(NC(=O)COC(F)F)c1cc(F)cc(Cl)c1COc1cccc2c(-c3ncnn3C)cc(C)nc12,2.0,84.35561681598898,50.137835975189525,False,0.222,0.211,True,True
PALUPIPRANT,C[C@H](NC(=O)c1c(C(F)F)nn(C)c1Oc1cccc(C(F)(F)F)c1)c1ccc(C(=O)O)cc1,2.0,84.28669882839421,73.60441075120607,False,0.258,0.237,True,True
BENCIANOL,Oc1cc(O)c2c(c1)O[C@H](c1ccc3c(c1)OC(c1ccccc1)(c1ccccc1)O3)[C@@H](O)C2,2.0,84.21778084079945,28.325292901447277,False,0.203,0.176,True,True
MITOQUINOL CATION,COc1c(O)c(C)c(CCCCCCCCCC[P+](c2ccccc2)(c2ccccc2)c2ccccc2)c(O)c1OC,2.0,84.14886285320469,14.334941419710546,False,0.197,0.154,True,True
NICOFURATE,COC(=O)c1cc([C@@H](OC(=O)c2cccnc2)[C@H](OC(=O)c2cccnc2)[C@@H](COC(=O)c2cccnc2)OC(=O)c2cccnc2)oc1C,2.0,84.07994486560992,24.01791867677464,False,0.203,0.221,True,True
FLURANTEL,CC(=O)Oc1ccc([N+](=O)[O-])c(OC(C)=O)c1C(=O)Nc1cc(C(F)(F)F)cc(C(F)(F)F)c1,2.0,84.01102687801516,85.25155065472087,False,0.256,0.247,True,True
SELONABANT,CC(C)(C)NC(=O)N1CC(O[C@H](c2ccc(Cl)cc2)c2ccccc2C(F)(F)F)C1,2.0,83.9421088904204,15.71330117160579,False,0.264,0.205,True,True
MINZASOLMIN,CCCC[C@H](Cc1c[nH]c2ccccc12)NC(=O)c1cnc(N2CCN(C)CC2)s1,2.0,83.87319090282563,8.890420399724327,False,0.204,0.217,True,True
CARBENOXOLONE,CC1(C)[C@@H](OC(=O)CCC(=O)O)CC[C@]2(C)[C@H]3C(=O)C=C4[C@@H]5C[C@@](C)(C(=O)O)CC[C@]5(C)CC[C@@]4(C)[C@]3(C)CC[C@@H]12,4.0,83.80427291523087,79.53135768435561,False,0.163,0.202,True,True
CRICTIBANT,Cc1cc(-c2ncnn2C)c2cccc(OCc3c(Cl)cc(F)cc3[C@H](C)NC(=O)COC(F)F)c2n1,2.0,83.73535492763611,50.137835975189525,False,0.24,0.214,True,True
ARQ-736 FREE ACID,Cn1ccc(S(=O)(=O)N2CCC[C@@H](Nc3nccc(-c4c(-c5cccc(OCOP(=O)(O)O)c5)nc5occn45)n3)C2)n1,1.0,83.66643694004135,99.2419021364576,False,0.25,0.25,True,True
BGC-20-1531,COc1ccc(-c2ccc(OCc3cc(C(=O)[N-]S(=O)(=O)c4ccccc4C)oc3C)cc2)nc1,2.0,83.59751895244659,91.592005513439,False,0.264,0.216,True,True
SB-649868,Cc1nc(C(=O)N2CCCC[C@H]2CNC(=O)c2cccc3occc23)c(-c2ccc(F)cc2)s1,2.0,83.52860096485183,72.84631288766367,False,0.351,0.194,True,True
TAK-593,Cc1cc(C(=O)Nc2cc(Oc3ccc4nc(NC(=O)C5CC5)cn4n3)ccc2C)n(C)n1,1.0,83.45968297725706,82.56374913852515,False,0.194,0.239,True,True
IPN-60090,CNC(=O)c1cn(C[C@H](F)CCc2ccc(NC(=O)Cc3cc(OC4CC(F)(F)C4)cc(C)n3)nn2)nn1,1.0,83.3907649896623,91.38525155065471,False,0.181,0.19,True,True
TROGLITAZONE,Cc1c(C)c2c(c(C)c1O)CCC(C)(COc1ccc(CC3SC(=O)NC3=O)cc1)O2,4.0,83.32184700206754,50.137835975189525,False,0.176,0.186,True,True
IMIGLITAZAR,Cc1oc(-c2ccccc2)nc1COc1ccc(CO/N=C(\CCC(=O)O)c2ccccc2)cc1,3.0,83.25292901447277,75.63749138525155,False,0.254,0.198,True,True
PLOCABULIN,C/C=C\C[C@@H](C/C=C\NC(=O)[C@@H](NC(=O)\C=C/C=C\C(C)=C\[C@H](C)[C@@H]1CC=C(OC)C(=O)O1)C(C)(C)C)OC(N)=O,2.0,83.18401102687801,50.137835975189525,False,0.152,0.14,True,True
MIRABEGRON,Nc1nc(CC(=O)Nc2ccc(CCNC[C@H](O)c3ccccc3)cc2)cs1,4.0,83.11509303928325,64.30048242591316,False,0.242,0.244,True,True
PAZINACLONE,O=C(CC1C2C=CC=CC2C(=O)N1c1ccc2ccc(Cl)nc2n1)N1CCC2(CC1)OCCO2,2.0,83.0461750516885,89.2487939352171,False,0.158,0.17,True,True
TILPISERTIB,Cn1ccc2c([C@H](Nc3cc(Cl)c4ncc(C#N)c(NCC(C)(C)C)c4c3)c3cn(C45CC(C4)C5)nn3)cccc2c1=O,2.0,82.97725706409373,91.38525155065471,False,0.225,0.174,True,True
TRC-253,N#Cc1ncc(N2C(=O)C3(CCC3)N(c3ccc(OC4CCNCC4)nc3)C2=S)cc1C(F)(F)F,1.0,82.90833907649898,24.01791867677464,False,0.205,0.206,True,True
IBIPINABANT,CN/C(=N\S(=O)(=O)c1ccc(Cl)cc1)N1C[C@H](c2ccccc2)C(c2ccc(Cl)cc2)=N1,2.0,82.8394210889042,50.137835975189525,False,0.232,0.202,True,True
IDASANUTLIN,COc1cc(C(=O)O)ccc1NC(=O)[C@@H]1N[C@@H](CC(C)(C)C)[C@](C#N)(c2ccc(Cl)cc2F)[C@H]1c1cccc(Cl)c1F,3.0,82.77050310130944,91.38525155065471,False,0.224,0.202,True,True
SODELGLITAZAR,Cc1cc(SCc2sc(-c3ccc(C(F)(F)F)cc3F)nc2C)ccc1OC(C)(C)C(=O)O,2.0,82.70158511371469,91.38525155065471,False,0.275,0.247,True,True
CEFCANEL DALOXATE,Cc1nnc(SCC2=C(C(=O)OCc3oc(=O)oc3C)N3C(=O)[C@@H](NC(=O)[C@H](OC(=O)[C@@H](C)N)c4ccccc4)[C@H]3SC2)s1,2.0,82.63266712611991,67.40179186767746,False,0.205,0.171,True,True
FRESELESTAT,CC(C)C(NC(=O)Cn1c(-c2ccccc2)ncc(N)c1=O)C(=O)c1nnc(C(C)(C)C)o1,2.0,82.56374913852515,50.137835975189525,False,0.222,0.224,True,True
AGG-523,CC(C)(Cc1ccc(F)cc1)NC(=O)[C@H](CCC(=O)O)NC(=O)c1ccc(-c2ccccc2)cc1,1.0,82.4948311509304,25.223983459682977,False,0.269,0.2,True,True
TOMEGLOVIR,CN(C)c1cccc2c(S(=O)(=O)Nc3ccc(NC(=O)C(C)(C)CO)cc3)cccc12,2.0,82.42591316333562,75.63749138525155,False,0.29,0.234,True,True
IMDATIFAN,N#Cc1cc(F)cc(Oc2ccc3c4c2[C@@H](F)C[C@]4(O)C(F)(F)C3(F)F)c1,2.0,82.35699517574086,73.39765678842178,False,0.3,0.234,True,True
ENITOCICLIB,COc1cc(F)ccc1-c1cc(Nc2cc(CS(C)(=N)=O)ccn2)ncc1F,1.0,82.2880771881461,92.62577532736044,False,0.308,0.237,True,True
OSI-632,NC(=O)c1c(OCc2c(F)cc(Br)cc2F)nsc1NC(=O)NCCCCN1CCCC1,2.0,82.21915920055135,75.39627842866989,False,0.204,0.202,True,True
REGRELOR,CCNC(=O)Nc1ncnc2c1ncn2[C@@H]1O[C@H](COP(=O)(O)O)[C@H]2O[C@H](/C=C/c3ccccc3)O[C@H]21,2.0,82.15024121295657,97.38111647139904,False,0.188,0.163,True,True
PEBEZERTINIB,C=CC(=O)Nc1ccc(F)c(Nc2nc(Nc3cnn(C)c3)ncc2-c2ccc(C(F)(F)F)cc2)c1,2.0,82.08132322536181,92.55685733976568,False,0.282,0.263,True,True
GS-9667,O[C@@H]1[C@H](O)[C@@H](CSc2ccccc2F)O[C@H]1n1cnc2c(N[C@@H]3CCC[C@H]3O)ncnc21,1.0,82.01240523776706,98.27705031013096,False,0.189,0.216,True,True
SULPROSTONE,CS(=O)(=O)NC(=O)CCC/C=C\C[C@H]1C(=O)C[C@@H](O)[C@@H]1/C=C/[C@@H](O)COc1ccccc1,2.0,81.9434872501723,96.27842866988284,False,0.242,0.182,True,True
MAPRACORAT,Cc1ccc2c(NC[C@](O)(CC(C)(C)c3cc(F)cc4c3OCC4)C(F)(F)F)cccc2n1,3.0,81.87456926257754,45.14128187456926,False,0.209,0.19,True,True
SIREMADLIN SUCCINATE,COc1ncc(-c2nc3c(n2C(C)C)[C@H](c2ccc(Cl)cc2)N(c2cc(Cl)cn(C)c2=O)C3=O)c(OC)n1.O=C(O)CCC(=O)O,1.0,81.80565127498276,24.01791867677464,False,0.194,0.183,True,True
PHYTONADIOL DIPHOSPHATE,C/C(=C\Cc1c(C)c(OP(=O)(O)O)c2ccccc2c1OP(=O)(O)O)CCC[C@H](C)CCC[C@H](C)CCCC(C)C,2.0,81.736733287388,75.63749138525155,False,0.193,0.158,True,True
PANOMIFENE,OCCNCCOc1ccc(/C(=C(\c2ccccc2)C(F)(F)F)c2ccccc2)cc1,2.0,81.66781529979325,53.68711233631978,False,0.203,0.175,True,True
SETROBUVIR,CS(=O)(=O)Nc1ccc2c(c1)S(=O)(=O)N=C(C1=C(O)[C@@H]3[C@H]4CC[C@H](C4)[C@@H]3N(Cc3ccc(F)cc3)C1=O)N2,2.0,81.59889731219849,24.87939352170917,False,0.196,0.175,True,True
RAFABEGRON,C[C@H](Cc1c[nH]c2c(OCC(=O)O)cccc12)NC[C@H](O)c1cccc(Cl)c1,2.0,81.52997932460372,89.52446588559614,False,0.275,0.227,True,True
TELATINIB,CNC(=O)c1cc(COc2nnc(Nc3ccc(Cl)cc3)c3ccoc23)ccn1,2.0,81.46106133700896,50.137835975189525,False,0.242,0.196,True,True
GEDOCARNIL,COCc1c(C(=O)OC(C)C)ncc2[nH]c3cccc(Oc4ccc(Cl)cc4)c3c12,2.0,81.3921433494142,75.63749138525155,False,0.233,0.208,True,True
GLECIRASIB,C=CC(=O)N1CCN(c2c(C#N)c(=O)n(-c3c(C)ccnc3C(C)C)c3nc(-c4c(N)c(F)c(F)c(F)c4F)c(Cl)cc23)CC1,2.0,81.32322536181944,75.63749138525155,False,0.212,0.217,True,True
SAPRISARTAN,CCc1nc(C2CC2)c(C(N)=O)n1Cc1ccc2oc(-c3ccccc3NS(=O)(=O)C(F)(F)F)c(Br)c2c1,2.0,81.25430737422468,61.81943487250172,False,0.27,0.217,True,True
BREZIVAPTAN,CC(C)NC(=O)Cn1c(-c2cccc(Cl)c2)nn(-c2ccc(CCN3CCOCC3)cc2)c1=O,2.0,81.18538938662991,62.026188835286014,False,0.239,0.355,True,True
ASN007,Cc1cnc(NC2CCOCC2)nc1-n1cnc(C(=O)N[C@H](CN)c2cc(F)cc(Cl)c2)c1,1.0,81.11647139903515,91.38525155065471,False,0.177,0.233,True,True
IMLUNESTRANT TOSYLATE,Cc1ccc([SH](=O)(O)O)cc1.Oc1ccc2c3c(cnc2c1)-c1ccc(C(F)(F)F)cc1O[C@@H]3c1ccc(OCCN2CC(CF)C2)cc1,1.0,81.04755341144039,91.38525155065471,False,0.207,0.232,True,True
ONO-2910,O=C(O)CCc1ccccc1OCCC/C=C/c1cccc(NS(=O)(=O)c2ccccc2)c1,1.0,80.97863542384562,72.22605099931081,False,0.26,0.25,True,True
SUZETRIGINE,COc1c([C@H]2[C@H](C(=O)Nc3ccnc(C(N)=O)c3)O[C@@](C)(C(F)(F)F)[C@H]2C)ccc(F)c1F,3.0,80.90971743625086,45.210199862164025,False,0.21,0.19,True,True
ENOLICAM,O=C(Nc1ccc(Cl)c(Cl)c1)C1=C(O)c2cc(Cl)ccc2S(=O)(=O)CC1,2.0,80.8407994486561,50.137835975189525,False,0.288,0.206,True,True
LUVIXASERTIB,Cc1cc(-c2cnn3c(NC[C@H]4C[C@@](C)(O)C4)cc(Oc4cccnc4)nc23)ccc1C(=O)NC1CC1,2.0,80.77188146106134,91.52308752584425,False,0.229,0.221,True,True
PEXMETINIB,Cc1ccc(-n2nc(C(C)(C)C)cc2NC(=O)NCc2cc(F)ccc2Oc2ccc3c(cnn3CCO)c2)cc1,2.0,80.70296347346657,82.70158511371469,False,0.268,0.192,True,True
PF-06273340,CC(C)(CO)n1cc(C(=O)c2cncc(NC(=O)Cc3ccc(Cl)cn3)c2)c2cnc(N)nc21,1.0,80.63404548587181,50.137835975189525,False,0.218,0.218,True,True
PILARALISIB,COc1ccc(Cl)c(Nc2nc3ccccc3nc2NS(=O)(=O)c2cccc(NC(=O)C(C)(C)N)c2)c1,2.0,80.56512749827705,88.00827015851137,False,0.295,0.234,True,True
CEFTIZOXIME ALAPIVOXIL,CO/N=C(\C(=O)N[C@@H]1C(=O)N2C(C(=O)OCOC(=O)C(C)(C)C)=CCS[C@H]12)c1csc(NC(=O)[C@H](C)N)n1,2.0,80.49620951068228,95.10682288077189,False,0.186,0.188,True,True
OLINCIGUAT,NC(=O)[C@](O)(CNc1nc(-c2cc(-c3ccon3)n(Cc3ccccc3F)n2)ncc1F)C(F)(F)F,2.0,80.42729152308753,89.0420399724328,False,0.237,0.235,True,True
UK-500001,Cc1ccc(O)c(C(=O)N[C@H]2CC[C@@H](NC(=O)c3cc(F)cnc3Oc3ccc(F)c(F)c3)CC2)c1,2.0,80.35837353549276,91.38525155065471,False,0.284,0.239,True,True
VERDINEXOR,O=C(/C=C\n1cnc(-c2cc(C(F)(F)F)cc(C(F)(F)F)c2)n1)NNc1ccccn1,2.0,80.289455547898,99.65541006202618,False,0.313,0.215,True,True
UMIFOXOLANER,O=C(CNC(=O)c1ccc(C2=NO[C@@](c3cc(Cl)c(F)c(C(F)(F)F)c3)(C(F)(F)F)C2)c2ccccc12)NCC(F)(F)F,1.0,80.22053756030324,91.38525155065471,False,0.22,0.193,True,True
PAVINETANT,CC[C@H](NC(=O)c1c(NS(C)(=O)=O)c(-c2ccccc2)nc2ccccc12)c1ccccc1,2.0,80.15161957270848,75.63749138525155,False,0.246,0.215,True,True
ACRIHELLIN,CC(C)=CC(=O)O[C@H]1CC[C@]2(C=O)[C@H]3CC[C@]4(C)[C@@H](c5ccc(=O)oc5)CC[C@]4(O)[C@@H]3CC[C@]2(O)C1,2.0,80.08270158511371,75.63749138525155,False,0.181,0.218,True,True
EDASALONEXENT,CC/C=C\C/C=C\C/C=C\C/C=C\C/C=C\C/C=C\CCC(=O)NCCNC(=O)c1ccccc1O,3.0,80.01378359751895,78.01516195727085,False,0.194,0.183,True,True
JTT-251,CC(C)(O)CCOc1cc(-c2cnn(C(C)(C)C(N)=O)c2)c2c(c1)[C@@](O)(C(F)(F)F)c1ccccc1-2,2.0,79.9448656099242,75.63749138525155,False,0.2,0.194,True,True
LINUSTEDASTAT,C[C@]12CC[C@@H]3c4cccc(F)c4CC[C@H]3[C@@H]1[C@H](CCC(=O)Nc1ccc(F)cn1)C/C2=N/O,2.0,79.87594762232942,78.98001378359751,False,0.237,0.216,True,True
GLIFLUMIDE,COc1ccc(F)cc1[C@H](C)NC(=O)Cc1ccc(S(=O)(=O)Nc2ncc(CC(C)C)cn2)cc1,2.0,79.80702963473468,50.137835975189525,False,0.35,0.239,True,True
AMDIZALISIB,C[C@H](Nc1ncnc(N)c1C#N)c1cc2ncc(Cl)n2nc1-c1ccccc1,2.0,79.7381116471399,75.63749138525155,False,0.202,0.216,True,True
REMIMAZOLAM TOSYLATE,COC(=O)CC[C@@H]1N=C(c2ccccn2)c2cc(Br)ccc2-n2c(C)cnc21,3.0,79.66919365954514,28.18745692625775,False,0.247,0.222,True,True
EBOPIPRANT,CC(C)[C@H](N)C(=O)OCC[C@H](NC(=O)[C@@H]1SCCN1S(=O)(=O)c1ccc(-c2ccccc2)cc1)c1ccc(F)cc1,2.0,79.60027567195039,63.88697450034459,False,0.212,0.171,True,True
AVANBULIN,N#CCCNc1nonc1-c1nc2ccccc2n1CC(=O)c1ccc(N)cc1,2.0,79.53135768435561,97.17436250861476,False,0.235,0.185,True,True
OPNURASIB,C=CC(=O)N1CC2(CC(n3nc(-c4ccc5c(cnn5C)c4)c(-c4c(Cl)c(C)cc5[nH]ncc45)c3C)C2)C1,3.0,79.46243969676085,75.63749138525155,False,0.217,0.184,True,True
ORNOPROSTIL,CCCC[C@H](C)C[C@H](O)/C=C/[C@H]1[C@H](O)CC(=O)[C@@H]1CC(=O)CCCCC(=O)OC,2.0,79.3935217091661,50.137835975189525,False,0.184,0.165,True,True
POZDEUTINURAD,[2H]c1c([2H])c([2H])c2c(C(=O)c3cc(Br)c(O)c(Br)c3)c(C(C)O)oc2c1[2H],2.0,79.32460372157134,75.63749138525155,False,0.436,0.152,False,True
POZTINURAD,CC(O)c1oc2ccccc2c1C(=O)c1cc(Br)c(O)c(Br)c1,2.0,79.25568573397656,56.99517574086836,False,0.5,0.183,False,True
TEFINOSTAT,O=C(CCCCCCC(=O)Nc1ccc(CN[C@H](C(=O)OC2CCCC2)c2ccccc2)cc1)NO,2.0,79.1867677463818,75.63749138525155,False,0.218,0.272,True,True
DOCONAZOLE,Clc1ccc(C2(Cn3ccnc3)OCC(COc3ccc(-c4ccccc4)cc3)O2)c(Cl)c1,2.0,79.11784975878705,93.039283252929,False,0.222,0.165,True,True
AMRUBICIN,CC(=O)[C@]1(N)Cc2c(O)c3c(c(O)c2[C@@H](O[C@H]2C[C@H](O)[C@H](O)CO2)C1)C(=O)c1ccccc1C3=O,3.0,79.04893177119227,80.97863542384562,False,0.198,0.204,True,True
MASOFANITEN,CC(C)(c1ccc(OCc2ccnc(NS(C)(=O)=O)n2)cc1)c1cc(Cl)c(OCCCl)c(C#N)c1,2.0,78.98001378359751,75.63749138525155,False,0.329,0.185,True,True
CP-724714,COCC(=O)NC/C=C/c1ccc2ncnc(Nc3ccc(Oc4ccc(C)nc4)c(C)c3)c2c1,2.0,78.91109579600275,78.35975189524466,False,0.221,0.194,True,True
ERIBAXABAN,CO[C@@H]1C[C@H](C(=O)Nc2ccc(-n3ccccc3=O)cc2F)N(C(=O)Nc2ccc(Cl)cc2)C1,2.0,78.842177808408,50.137835975189525,False,0.213,0.179,True,True
PRS-211375,CCCCCCC(C)(C)c1cc(O)c([C@H]2CC(=O)[C@H]3C[C@@H]2C3(C)C)c(OC(=O)/C=C/C(=O)O)c1,2.0,78.77325982081324,63.95589248793936,False,0.191,0.216,True,True
CILNIDIPINE,COCCOC(=O)C1=C(C)NC(C)=C(C(=O)OC/C=C/c2ccccc2)C1c1cccc([N+](=O)[O-])c1,3.0,78.70434183321848,75.63749138525155,False,0.225,0.192,True,True
DELANZOMIB,CC(C)C[C@H](NC(=O)[C@@H](NC(=O)c1cccc(-c2ccccc2)n1)[C@@H](C)O)B(O)O,2.0,78.6354238456237,95.7960027567195,False,0.217,0.198,True,True
TAK-285,CC(C)(O)CC(=O)NCCn1ccc2ncnc(Nc3ccc(Oc4cccc(C(F)(F)F)c4)c(Cl)c3)c21,1.0,78.56650585802895,97.72570640937283,False,0.257,0.257,True,True
ORC-13661,CN1[C@H]2CC[C@@H]1c1c(sc(NC(=O)Nc3ccc(Cl)cc3)c1C(N)=O)C2,2.0,78.49758787043419,48.311509303928325,False,0.191,0.217,True,True
ABT-639,O=C(c1cc(S(=O)(=O)Nc2ccccc2F)c(F)cc1Cl)N1CCN2CCC[C@@H]2C1,2.0,78.42866988283942,50.137835975189525,False,0.338,0.253,True,True
HALOFUGINONE,O=C(CC1NCCCC1O)Cn1cnc2cc(Br)c(Cl)cc2c1=O,2.0,78.35975189524466,96.96760854583046,False,0.205,0.223,True,True
PLX-51107,Cc1noc(C)c1-c1cnc2c(-c3ccc(C(=O)O)cc3)cn([C@@H](C)c3ccccn3)c2c1,1.0,78.2908339076499,50.137835975189525,False,0.291,0.2,True,True
ZANZALINTINIB,CNC(=O)c1cc2c(Oc3ccc(NC(=O)C4(C(=O)Nc5ccc(F)cc5)CC4)cc3)ccnc2cc1OC,3.0,78.22191592005514,65.81667815299794,False,0.299,0.2,True,True
LXR-623,Fc1ccc(-c2c3cccc(C(F)(F)F)c3nn2Cc2ccc(F)cc2Cl)cc1,1.0,78.15299793246038,57.82219159200551,False,0.293,0.23,True,True
LY2623091,C[C@H](CN1CCOCC1)n1/c(=N\C(N)=O)[nH]c2cc(/C=C3\c4ccccc4COc4cc(F)ccc43)ccc21,2.0,78.0840799448656,91.38525155065471,False,0.19,0.209,True,True
GALICAFTOR,O=C(O)c1ccc([C@H]2C[C@@H](NC(=O)C3(c4ccc5c(c4)OC(F)(F)O5)CC3)c3ccc(OC(F)F)cc3O2)cc1,2.0,78.01516195727085,91.38525155065471,False,0.196,0.168,True,True
PAGOCLONE,CC(C)CCC(=O)CC1c2ccccc2C(=O)N1c1ccc2ccc(Cl)nc2n1,2.0,77.94624396967609,61.54376292212267,False,0.218,0.208,True,True
PICOPHOSPHORIC ACID,O=P(O)(O)Oc1ccc(C(c2ccc(OP(=O)(O)O)cc2)c2ccccn2)cc1,2.0,77.87732598208133,55.82356995175741,False,0.219,0.194,True,True
BMS-777607,CCOc1ccn(-c2ccc(F)cc2)c(=O)c1C(=O)Nc1ccc(Oc2ccnc(N)c2Cl)c(F)c1,2.0,77.80840799448656,71.81254307374225,False,0.26,0.222,True,True
VERINURAD,CC(C)(Sc1ccncc1-c1ccc(C#N)c2ccccc12)C(=O)O,2.0,77.7394900068918,97.86354238456238,False,1.0,0.236,False,True
VIPOGLANSTAT,Cn1c(Nc2c(Cl)ccc(CNC(=O)C(C)(C)C)c2Cl)nc2cc(C(=O)N[C@H]3CC[C@H](C(F)(F)F)CC3)c(OCC(F)F)cc21,2.0,77.67057201929704,76.15437629221226,False,0.2,0.214,True,True
TALADEGIB,CN(C(=O)c1ccc(F)cc1C(F)(F)F)C1CCN(c2nnc(-c3ccnn3C)c3ccccc23)CC1,2.0,77.60165403170227,50.137835975189525,False,0.237,0.314,True,True
LIMAPROST,CCCC[C@H](C)C[C@H](O)/C=C/[C@H]1[C@H](O)CC(=O)[C@@H]1CCCC/C=C/C(=O)O,3.0,77.53273604410751,71.33011716057891,False,0.253,0.14,True,True
ACEFLURANOL,CCC(c1cc(F)c(OC(C)=O)c(OC(C)=O)c1)C(C)c1cc(F)c(OC(C)=O)c(OC(C)=O)c1,2.0,77.46381805651275,66.09235010337697,False,0.188,0.18,True,True
LY-3200882,CC(C)(O)c1cc(Nc2cc(Oc3cn(C4CC4)nc3C3CCOCC3)ccn2)ccn1,1.0,77.39490006891798,91.38525155065471,False,0.211,0.198,True,True
LOCICORTOLONE DICIBATE,C[C@@H]1C[C@H]2[C@@H]3CCC4=CC(=O)C=C[C@]4(C)[C@@]3(Cl)[C@@H](Cl)C[C@]2(C)[C@H]1C(=O)COC(=O)OC(C1CCCCC1)C1CCCCC1,2.0,77.32598208132322,43.69400413507925,False,0.143,0.158,True,True
STREPTONIGRIN,COC1=C(N)C(=O)c2nc(-c3nc(C(=O)O)c(C)c(-c4ccc(OC)c(OC)c4O)c3N)ccc2C1=O,2.0,77.25706409372847,91.38525155065471,False,0.217,0.178,True,True
BOSMOLISIB,C[C@H](Nc1ncnc2[nH]ccc(=O)c12)c1c(Cl)c2cccc(Cl)c2c(=O)n1-c1ccccc1,2.0,77.1881461061337,50.137835975189525,False,0.212,0.192,True,True
MOCACICLIB,C=C(F)C(=O)Nc1ccc2c(-c3ccccc3CNc3nc(NC[C@H]4CCNC[C@@H]4O)nc4c(C(C)C)cnn34)nccc2c1,2.0,77.11922811853894,91.38525155065471,False,0.174,0.2,True,True
ONO-8539,Cc1cc(C(=O)O)ccc1COc1cc2c(cc1N(CC(C)C)S(=O)(=O)c1nccs1)CCC2,2.0,77.05031013094418,91.38525155065471,False,0.224,0.264,True,True
FLUAZURON,O=C(NC(=O)c1c(F)cccc1F)Nc1ccc(Cl)c(Oc2ncc(C(F)(F)F)cc2Cl)c1,2.0,76.98139214334941,74.84493452791179,False,0.256,0.25,True,True
VX-702,NC(=O)c1ccc(N(C(N)=O)c2c(F)cccc2F)nc1-c1ccc(F)cc1F,2.0,76.91247415575465,91.38525155065471,False,0.216,0.214,True,True
PLX-5622,COc1ncc(F)cc1CNc1ccc(Cc2c[nH]c3ncc(C)cc23)c(F)n1,1.0,76.84355616815989,55.13439007580978,False,0.247,0.216,True,True
BARASERTIB,CCN(CCCOc1ccc2c(Nc3cc(CC(=O)Nc4cccc(F)c4)[nH]n3)ncnc2c1)CCOP(=O)(O)O,3.0,76.77463818056512,91.38525155065471,False,0.25,0.241,True,True
FENDOSAL,O=C(O)c1cc(-n2c(-c3ccccc3)cc3c2CCc2ccccc2-3)ccc1O,2.0,76.70572019297036,88.35286009648519,False,0.317,0.194,True,True
GSK-2018682,CC(C)Oc1ncc(-c2nc(-c3cccc4c3ccn4CCCC(=O)O)no2)cc1Cl,1.0,76.6368022053756,75.63749138525155,False,0.312,0.253,True,True
RAZAXABAN,CN(C)Cc1nccn1-c1ccc(NC(=O)c2cc(C(F)(F)F)nn2-c2ccc3onc(N)c3c2)c(F)c1,2.0,76.56788421778084,91.38525155065471,False,0.212,0.245,True,True
PIFLUTIXOL,OCCC1CCN(CC/C=C2/c3ccc(F)cc3Sc3ccc(C(F)(F)F)cc32)CC1,2.0,76.49896623018608,91.38525155065471,False,0.202,0.278,True,True
ME-344,Cc1c(O)ccc2c1OC[C@@H](c1ccc(O)cc1)[C@H]2c1ccc(O)cc1,1.0,76.43004824259133,43.14266023432116,False,0.274,0.152,True,True
NIZUBAGLUSTAT,OC[C@H]1[C@@H](O)[C@H](O)[C@@H](O)CN1CCCCCOCc1ccc(-c2ccccc2)c(F)c1,2.0,76.36113025499655,27.77394900068918,False,0.191,0.189,True,True
LINAPRAZAN GLURATE,Cc1cccc(C)c1CNc1cc(C(=O)NCCOC(=O)CCCC(=O)O)cn2c(C)c(C)nc12,2.0,76.2922122674018,63.81805651274984,False,0.28,0.224,True,True
MK-0752,O=C(O)CC[C@H]1CC[C@@](c2cc(F)ccc2F)(S(=O)(=O)c2ccc(Cl)cc2)CC1,1.0,76.22329427980704,50.137835975189525,False,0.256,0.205,True,True
LX-7101,Cc1c[nH]c2ncnc(N3CCC(CN)(C(=O)Nc4cccc(OC(=O)N(C)C)c4)CC3)c12,1.0,76.15437629221226,91.38525155065471,False,0.213,0.205,True,True
AFP-464 FREE BASE,Cc1c(F)c(N)c2c(=O)cc(-c3ccc(NC(=O)[C@@H](N)CCCCN)c(F)c3)oc2c1F,2.0,76.0854583046175,75.63749138525155,False,0.247,0.165,True,True
ALOBRESIB,Cc1noc(C)c1-c1cc(C(O)(c2ccccn2)c2ccccn2)c2nc(C3CC3)[nH]c2c1,2.0,76.01654031702274,91.38525155065471,False,0.207,0.165,True,True
ITX-5061 FREE BASE,COc1c(NC(=O)C(=O)c2ccc(OCCN3CCOCC3)c3ccccc23)cc(C(C)(C)C)cc1NS(C)(=O)=O,2.0,75.94762232942797,58.16678152997932,False,0.238,0.231,True,True
CEFETRIZOLE,O=C(Cc1cccs1)N[C@@H]1C(=O)N2C(C(=O)O)=C(CSc3nc[nH]n3)CS[C@H]12,2.0,75.87870434183321,93.93521709166092,False,0.235,0.212,True,True
LADUVIGLUSIB,Cc1cnc(-c2cnc(NCCNc3ccc(C#N)cn3)nc2-c2ccc(Cl)cc2Cl)[nH]1,1.0,75.80978635423845,91.38525155065471,False,0.273,0.221,True,True
FLURALANER,Cc1cc(C2=NOC(c3cc(Cl)cc(Cl)c3)(C(F)(F)F)C2)ccc1C(=O)NCC(=O)NCC(F)(F)F,2.0,75.74086836664368,91.38525155065471,False,0.212,0.225,True,True
ENCLOMIPHENE CITRATE,CCN(CC)CCOc1ccc(/C(=C(/Cl)c2ccccc2)c2ccccc2)cc1.O=C(O)CC(O)(CC(=O)O)C(=O)O,3.0,75.67195037904894,50.137835975189525,False,0.262,0.198,True,True
TESEVATINIB,COc1cc2c(Nc3ccc(Cl)c(Cl)c3F)ncnc2cc1OC[C@@H]1C[C@@H]2CN(C)C[C@@H]2C1,3.0,75.60303239145418,61.75051688490696,False,0.283,0.2,True,True
SEOCALCITOL,C=C1/C(=C\C=C2/CCC[C@]3(C)[C@@H]([C@H](C)/C=C/C=C/C(O)(CC)CC)CC[C@@H]23)C[C@@H](O)C[C@@H]1O,3.0,75.5341144038594,52.03308063404548,False,0.117,0.17,True,True
ZETELETINIB,COc1cc2cc(-c3ccc(CC(=O)Nc4cc(C(C)(C)C(F)(F)F)no4)cn3)cnc2cc1OC,1.0,75.46519641626465,51.55065472088215,False,0.229,0.206,True,True
RONICICLIB,C[C@@H](O)[C@@H](C)Oc1nc(Nc2ccc(S(=N)(=O)C3CC3)cc2)ncc1C(F)(F)F,2.0,75.39627842866989,70.91660923501033,False,0.3,0.221,True,True
PELABRESIB,Cc1noc2c1-c1ccccc1C(c1ccc(Cl)cc1)=N[C@H]2CC(N)=O,3.0,75.32736044107511,75.63749138525155,False,0.23,0.187,True,True
SIREMADLIN,COc1ncc(-c2nc3c(n2C(C)C)[C@H](c2ccc(Cl)cc2)N(c2cc(Cl)cn(C)c2=O)C3=O)c(OC)n1,2.0,75.25844245348036,9.57960027567195,False,0.176,0.178,True,True
FALECALCITRIOL,C=C1/C(=C\C=C2/CCC[C@]3(C)[C@@H]([C@H](C)CCCC(O)(C(F)(F)F)C(F)(F)F)CC[C@@H]23)C[C@@H](O)C[C@@H]1O,2.0,75.1895244658856,50.137835975189525,False,0.147,0.171,True,True
GEMCITABINE ELAIDATE,CCCCCCCC/C=C/CCCCCCCC(=O)OC[C@H]1O[C@@H](n2ccc(N)nc2=O)C(F)(F)[C@@H]1O,2.0,75.12060647829082,50.137835975189525,False,0.173,0.156,True,True
GLOVADALEN,C[C@H]1c2cccc(C(C)(C)O)c2C[C@H](CO)N1C(=O)Cc1c(Cl)ccc2c1c(Cl)nn2C,2.0,75.05168849069608,96.8986905582357,False,0.261,0.206,True,True
CAMLIPIXANT,CNC(=O)c1cc(F)c(-c2nc3cc(C)ccn3c2C[C@H]2CN(C(=O)OC)CCO2)c(F)c1,3.0,74.98277050310132,65.3342522398346,False,0.184,0.21,True,True
AZD-8075,CC1(C)CCCN1C(=O)c1ccc(-c2cc(F)ccc2OCC(=O)O)cc1Cl,1.0,74.91385251550655,93.59062715368712,False,0.262,0.229,True,True
LINAGLIPTIN,CC#CCn1c(N2CCC[C@@H](N)C2)nc2c1c(=O)n(Cc1nc(C)c3ccccc3n1)c(=O)n2C,4.0,74.84493452791179,50.137835975189525,False,0.2,0.206,True,True
BATIMASTAT,CNC(=O)[C@H](Cc1ccccc1)NC(=O)[C@H](CC(C)C)[C@H](CSc1cccs1)C(=O)NO,2.0,74.77601654031703,79.04893177119227,False,0.207,0.198,True,True
ADOZELESIN,Cc1c[nH]c2c1[C@@]13C[C@@H]1CN(C(=O)c1cc4cc(NC(=O)c5cc6ccccc6o5)ccc4[nH]1)C3=CC2=O,2.0,74.70709855272226,76.22329427980704,False,0.196,0.177,True,True
REZATAPOPT,CNC(=O)c1ccc(NCC#Cc2cc3c(N[C@@H]4CCN(C)C[C@@H]4F)cccc3n2CC(F)(F)F)c(OC)c1,2.0,74.6381805651275,50.137835975189525,False,0.222,0.236,True,True
TALNETANT,CC[C@H](NC(=O)c1c(O)c(-c2ccccc2)nc2ccccc12)c1ccccc1,2.0,74.56926257753274,73.1909028256375,False,0.262,0.216,True,True
PADNARSERTIB,Nc1ccc(/C=C/C(=O)NCc2cc3cc(-c4ccc(C(=O)N5CCC(F)(F)CC5)cc4)cc(-c4ccc(F)cc4)c3o2)cn1,2.0,74.50034458993797,26.67126119917298,False,0.222,0.192,True,True
TENALISIB,CC[C@H](Nc1ncnc2[nH]cnc12)c1oc2ccccc2c(=O)c1-c1cccc(F)c1,2.0,74.43142660234321,67.19503790489318,False,0.233,0.235,True,True
RAMNODIGIN,C[C@@H]1O[C@@H](O[C@H]2CC[C@@]3(C)[C@H](CC[C@@H]4[C@@H]3CC[C@]3(C)[C@@H](C5=CC(=O)OC5)CC[C@]43O)C2)CC[C@H]1O,2.0,74.36250861474845,40.317022742935904,False,0.115,0.159,True,True
TIPROSTANIDE,CCCCCC(C)(O)CS[C@H]1[C@H](O)CC(=O)[C@@H]1CCCCCCC(=O)Oc1ccc(NC(=O)c2ccccc2)cc1,2.0,74.29359062715368,92.21226740179188,False,0.19,0.191,True,True
BAFETINIB,Cc1ccc(NC(=O)c2ccc(CN3CC[C@H](N(C)C)C3)c(C(F)(F)F)c2)cc1Nc1nccc(-c2cncnc2)n1,2.0,74.22467263955892,24.01791867677464,False,0.221,0.261,True,True
AG-13958,Cc1cc(C(=O)Nc2cc(Nc3ccc4c(/C=C/c5ccccn5)n[nH]c4c3)ccc2F)n(C)n1,2.0,74.15575465196416,52.9290144727774,False,0.258,0.25,True,True
LITOMEGLOVIR,CN(C)c1cccc2c(S(=O)(=O)Nc3ccc(NC(=O)C(C)(C)COC(=O)CN)cc3)cccc12,2.0,74.0868366643694,46.24396967608546,False,0.264,0.217,True,True
PLIXORAFENIB,O=C(c1c(F)ccc(NS(=O)(=O)N2CC[C@@H](F)C2)c1F)c1c[nH]c2ncc(-c3cnc(C4CC4)nc3)cc12,2.0,74.01791867677463,98.96623018607856,False,0.228,0.189,True,True
CCT-3833,CC(C)(C)c1cc(NC(=O)Nc2ccc(Oc3ccnc4[nH]c(=O)cnc34)cc2F)n(-c2cccc(F)c2)n1,1.0,73.94900068917988,36.25086147484493,False,0.235,0.211,True,True
TOSEDOSTAT,CC(C)C[C@@H](C(=O)N[C@H](C(=O)OC1CCCC1)c1ccccc1)[C@H](O)C(=O)NO,2.0,73.88008270158511,69.8828394210889,False,0.205,0.289,True,True
AZD-6482,Cc1cc([C@@H](C)Nc2ccccc2C(=O)O)c2nc(N3CCOCC3)cc(=O)n2c1,2.0,73.81116471399035,38.11164713990352,False,0.279,0.242,True,True
MOLIBRESIB BESYLATE,CCNC(=O)C[C@@H]1N=C(c2ccc(Cl)cc2)c2cc(OC)ccc2-n2c(C)nnc21.O=S(=O)(O)c1ccccc1,1.0,73.74224672639559,50.137835975189525,False,0.248,0.209,True,True
TAS-119,Cc1cc(Nc2nc(CC3(C(=O)O)CCN(C(=O)c4cccc(Cl)c4Cl)CC3)ccc2F)n[nH]1,1.0,73.67332873880082,91.38525155065471,False,0.239,0.222,True,True
LUT-014,Cc1ccc2c(Nc3cccc(OC(F)(F)F)c3)nccc2c1Nc1ncccc1-c1ncnc2[nH]cnc12,2.0,73.60441075120607,91.38525155065471,False,0.259,0.228,True,True
AMG-650,Cc1cc(NC(=O)c2ccc(NS(=O)(=O)CCO)cc2N2CCC3(CC2)CC3)nc(N2CCC(F)(F)CC2)n1,1.0,73.53549276361132,61.61268090971743,False,0.189,0.214,True,True
PIKETOPROFEN,Cc1ccnc(NC(=O)C(C)c2cccc(C(=O)c3ccccc3)c2)c1,2.0,73.46657477601654,68.71123363197795,False,0.257,0.235,True,True
BMS-929075,CNC(=O)c1c(-c2ccc(F)cc2)oc2ccc(-c3cc(C(=O)NC4(c5ncccn5)CC4)ccc3C)c(F)c12,1.0,73.39765678842178,91.38525155065471,False,0.241,0.248,True,True
MEVIDALEN HYDROXYBENZOATE,C[C@H]1c2cccc(CCC(C)(C)O)c2C[C@H](CO)N1C(=O)Cc1c(Cl)cccc1Cl.O=C(O)c1ccc(O)cc1,1.0,73.32873880082703,90.28256374913852,False,0.277,0.183,True,True
BMS-986142,Cc1c(-c2c(F)cc(C(N)=O)c3[nH]c4c(c23)CC[C@H](C(C)(C)O)C4)cccc1-n1c(=O)c2cccc(F)c2n(C)c1=O,2.0,73.25982081323225,50.137835975189525,False,0.197,0.173,True,True
IPATASERTIB,CC(C)NC[C@@H](C(=O)N1CCN(c2ncnc3c2[C@H](C)C[C@H]3O)CC1)c1ccc(Cl)cc1,3.0,73.1909028256375,75.63749138525155,False,0.2,0.217,True,True
ENVUCITINIB,CCC(=O)c1cnc(NC(=O)C2CC2)cc1Nc1cccc(-c2ncn(C)n2)c1OC,2.0,73.12198483804274,61.19917298414887,False,0.264,0.206,True,True
ELSULFAVIRINE SODIUM,CCC(=O)[N-]S(=O)(=O)c1ccc(NC(=O)Cc2ccc(Br)c(Oc3cc(Cl)cc(C#N)c3)c2F)c(Cl)c1,1.0,73.05306685044796,73.12198483804274,False,0.319,0.208,True,True
TIVUMECIRNON,C[C@H](c1ccc(Cl)cc1Cl)n1nc(C(F)(F)F)c2ncc(N3CC([C@H]4CCCN(CCO)C4)C3)nc21,2.0,72.9841488628532,91.38525155065471,False,0.202,0.302,True,True
PF-06815345,CCOC(=O)O[C@@H](C)n1nnnc1-c1c(-c2ccc(C(=O)N(c3ncccc3Cl)[C@@H]3CCCNC3)cc2F)cnn1C,1.0,72.91523087525844,91.38525155065471,False,0.19,0.252,True,True
ZOTICASONE,C[C@@H]1C[C@H]2[C@@H]3C[C@H](F)C4=CC(=O)C=C[C@]4(C)[C@@]3(F)[C@@H](O)C[C@]2(C)[C@@]1(O)C(=O)S[C@@H]1CCOC1=O,2.0,72.84631288766367,82.63266712611991,False,0.124,0.159,True,True
ADRIXETINIB,CCCn1cc(OCC(F)(F)F)c(C(=O)Nc2ccc(Oc3ccnc4cc(OC)c(OC)cc34)cn2)n1,2.0,72.77739490006891,75.63749138525155,False,0.25,0.231,True,True
BERBERINE URSODEOXYCHOLATE,COc1ccc2cc3[n+](cc2c1OC)CCc1cc2c(cc1-3)OCO2.C[C@H](CCC(=O)[O-])[C@H]1CC[C@H]2[C@@H]3[C@@H](O)C[C@@H]4C[C@H](O)CC[C@]4(C)[C@H]3CC[C@]12C,2.0,72.70847691247415,50.137835975189525,False,0.167,0.154,True,True
GSK-2256098,CONC(=O)c1ccccc1Nc1cc(Nc2cc(C)nn2C(C)C)ncc1Cl,2.0,72.6395589248794,94.27980702963474,False,0.276,0.241,True,True
DASOLAMPANEL ETIBUTIL,CCC(CC)COC(=O)[C@@H]1C[C@H]2C[C@@H](Oc3cccc(Cl)c3-c3nnn[nH]3)CC[C@H]2CN1,2.0,72.57064093728462,91.38525155065471,False,0.268,0.222,True,True
ICOTINIB,C#Cc1cccc(Nc2ncnc3cc4c(cc23)OCCOCCOCCO4)c1,3.0,72.50172294968986,47.6223294279807,False,0.2,0.157,True,True
TOFISOPAM,CCC1C(C)=NN=C(c2ccc(OC)c(OC)c2)c2cc(OC)c(OC)cc21,2.0,72.39834596829773,35.94073053066851,False,0.266,0.202,True,True
LEVOTOFISOPAM,CC[C@@H]1C(C)=NN=C(c2ccc(OC)c(OC)c2)c2cc(OC)c(OC)cc21,2.0,72.39834596829773,35.94073053066851,False,0.266,0.202,True,True
UNECRITINIB,CC(=O)Nc1ncc(-c2cnn(C3CCNCC3)c2)cc1O[C@H](C)c1c(Cl)ccc(F)c1Cl,2.0,72.29496898690559,75.63749138525155,False,0.204,0.226,True,True
ARRY-502,COc1cc(Cl)ccc1CCNC(=O)c1ccc(Oc2cc3c(cc2Cl)[C@@H](C(=O)O)CCO3)cc1,2.0,72.22605099931081,91.38525155065471,False,0.222,0.222,True,True
BMS-791826,CCN(C)C(=O)c1ccc(-c2ccc3c(n2)Oc2ccccc2[C@H]3C(C)(C)C(=O)Nc2nncs2)cc1F,1.0,72.15713301171606,91.38525155065471,False,0.204,0.234,True,True
DESASPIDIN,CCCC(=O)C1=C(O)C(C)(C)C(O)=C(Cc2c(OC)cc(O)c(C(=O)CCC)c2O)C1=O,2.0,72.0882150241213,91.31633356305996,False,0.247,0.156,True,True
PX-102,O=C(O)c1ccc([C@H]2C[C@@H]2c2ccc(OCc3c(-c4c(Cl)cccc4Cl)noc3C3CC3)cc2Cl)cc1,2.0,72.01929703652654,50.137835975189525,False,0.259,0.2,True,True
BINODENOSON,Nc1nc(N/N=C/C2CCCCC2)nc2c1ncn2[C@@H]1O[C@H](CO)[C@@H](O)[C@H]1O,3.0,71.95037904893178,98.62164024810475,False,0.146,0.16,True,True
MERESTINIB,Cc1ccc(C(=O)Nc2ccc(Oc3cc4cnn(C)c4cc3-c3cn[nH]c3)c(F)c2)c(=O)n1-c1ccc(F)cc1,2.0,71.88146106133702,70.43418332184702,False,0.263,0.213,True,True
NIVOCASAN,CC(C)[C@@]1(C(=O)N[C@H]2CC(=O)O[C@]2(O)CF)CC(c2nccc3ccccc23)=NO1,2.0,71.81254307374225,55.27222605099931,False,0.208,0.218,True,True
R-348,C#CCOc1ccc(Nc2nc(Nc3ccc(C)c(S(=O)(=O)NC(=O)CC)c3)ncc2F)cc1,2.0,71.74362508614749,51.82632667126119,False,0.258,0.219,True,True
AXITIROME,CCOC(=O)C(=O)Nc1cc(C)c(Oc2ccc(O)c(C(O)c3ccc(F)cc3)c2)c(C)c1,2.0,71.67470709855273,91.38525155065471,False,0.224,0.247,True,True
HKI-357,CCOc1cc2ncc(C#N)c(Nc3ccc(OCc4cccc(F)c4)c(Cl)c3)c2cc1NC(=O)/C=C/CN(C)C,1.0,71.60578911095796,77.05031013094418,False,0.271,0.315,True,True
RG-7602,CCN1CCC(Oc2c(C#N)ncc3[nH]c4ncccc4c23)CC1,1.0,71.5368711233632,91.38525155065471,False,0.253,0.244,True,True
SULICRINAT,NS(=O)(=O)c1cc(C(=O)c2ccc(OCC(=O)O)c(Cl)c2Cl)ccc1Cl,2.0,71.46795313576844,94.3487250172295,False,0.25,0.189,True,True
ELCUBRAGISTAT,O=C(OC(C(F)(F)F)C(F)(F)F)N1CCN(Cc2ccc(C(F)(F)F)cc2N2CCCC2)CC1,2.0,71.39903514817367,75.63749138525155,False,0.23,0.247,True,True
CUDC-305,CN(C)c1cc2c(cc1Sc1nc3c(N)nccc3n1CCNCC(C)(C)C)OCO2,1.0,71.33011716057891,43.0737422467264,False,0.179,0.168,True,True
TEGLARINAD,COCCOCCOCCOCCOC(=O)OC[n+]1ccc(N/C(=N/CCCCCCOc2ccc(Cl)cc2)NC#N)cc1,2.0,71.26119917298415,75.63749138525155,False,0.204,0.206,True,True
LY-2334737,CCCC(CCC)C(=O)Nc1ccn([C@@H]2O[C@H](CO)[C@@H](O)C2(F)F)c(=O)n1,1.0,71.19228118538939,99.58649207443143,False,0.169,0.191,True,True
SONTIGIDOMIDE,O=C1CCC(N2Cc3cc(CNC(=O)C(=O)c4ccc(C5(C(F)(F)F)CC5)cc4)ccc3C2=O)C(=O)N1,2.0,71.12336319779462,89.93797381116472,False,0.171,0.223,True,True
AMG-900,Cc1csc(-c2nnc(Nc3ccc(Oc4ncccc4-c4ccnc(N)n4)cc3)c3ccccc23)c1,1.0,71.05444521019986,91.38525155065471,False,0.186,0.226,True,True
JNJ-18038683,Clc1ccc(-c2nn(Cc3ccccc3)c3c2CCNCC3)cc1.O=C(O)CC(O)(CC(=O)O)C(=O)O,2.0,70.9855272226051,75.63749138525155,False,0.28,0.172,True,True
SIVIFENE,O=[N+]([O-])c1ccc(NN=C(c2ccc(O)cc2)c2ccc(O)cc2)c([N+](=O)[O-])c1,2.0,70.91660923501033,62.92212267401791,False,0.25,0.213,True,True
ALEGLITAZAR,CO[C@@H](Cc1ccc(OCCc2nc(-c3ccccc3)oc2C)c2ccsc12)C(=O)O,3.0,70.84769124741557,79.7381116471399,False,0.236,0.2,True,True
CEVIPABULIN,CNCCCOc1cc(F)c(-c2c(Cl)nc3ncnn3c2N[C@@H](C)C(F)(F)F)c(F)c1,2.0,70.77877325982081,75.63749138525155,False,0.165,0.179,True,True
APADENOSON,CCNC(=O)[C@H]1O[C@@H](n2cnc3c(N)nc(C#CC[C@H]4CC[C@H](C(=O)OC)CC4)nc32)[C@H](O)[C@@H]1O,3.0,70.70985527222605,84.07994486560992,False,0.152,0.15,True,True
PRALICIGUAT,OC(CNc1nc(-c2cc(-c3ccon3)n(Cc3ccccc3F)n2)ncc1F)(C(F)(F)F)C(F)(F)F,2.0,70.64093728463129,91.38525155065471,False,0.223,0.221,True,True
PU-H71,CC(C)NCCCn1c(Sc2cc3c(cc2I)OCO3)nc2c(N)ncnc21,2.0,70.57201929703652,70.57201929703652,False,0.152,0.148,True,True
TOLPADOL,Cc1ccccc1C(=O)NC(c1ccncc1)C(NC(=O)c1ccccc1C)c1ccncc1,2.0,70.50310130944176,73.25982081323225,False,0.312,0.259,True,True
PIRAGLIATIN,CS(=O)(=O)c1ccc([C@@H](C[C@H]2CCC(=O)C2)C(=O)Nc2cnccn2)cc1Cl,2.0,70.43418332184702,91.38525155065471,False,0.25,0.247,True,True
OPANIXIL,CCN(C(=O)c1cnc(N2CC(C)(C)NC2=O)nc1N)c1cccc(C(F)(F)F)c1,2.0,70.36526533425224,12.68090971743625,False,0.287,0.287,True,True
DOVRAMILAST,CCOc1cc([C@@H](CS(C)(=O)=O)N2Cc3cccc(NC(=O)C4CC4)c3C2=O)ccc1OC,2.0,70.29634734665748,65.8855961405927,False,0.213,0.219,True,True
BMS-919373,NS(=O)(=O)c1cncc(-c2nc(NCc3ccccn3)c3c(-c4ccccc4)cccc3n2)c1,2.0,70.22742935906273,50.137835975189525,False,0.253,0.217,True,True
BGC-20-1531 FREE BASE,COc1ccc(-c2ccc(OCc3cc(C(=O)NS(=O)(=O)c4ccccc4C)oc3C)cc2)nc1,2.0,70.15851137146795,68.36664369400414,False,0.292,0.265,True,True
OLVEREMBATINIB,Cc1ccc(C(=O)Nc2ccc(CN3CCN(C)CC3)c(C(F)(F)F)c2)cc1C#Cc1cnc2[nH]ncc2c1,3.0,70.0895933838732,75.63749138525155,False,0.237,0.236,True,True
SELADELPAR,CCO[C@H](COc1ccc(C(F)(F)F)cc1)CSc1ccc(OCC(=O)O)c(C)c1,4.0,70.02067539627843,84.76912474155755,False,0.239,0.218,True,True
ENOBOSARM,C[C@](O)(COc1ccc(C#N)cc1)C(=O)Nc1ccc(C#N)c(C(F)(F)F)c1,3.0,69.95175740868366,69.05582356995176,False,0.41,0.237,False,True
SITOKIREN,COC(=O)NCCCn1nc([C@@H](C)N(C(=O)[C@H]2CNCCO2)C2CC2)c2ccc(C)nc21,3.0,69.8828394210889,50.137835975189525,False,0.211,0.211,True,True
OLORINAB,CC(C)(C)[C@@H](CO)NC(=O)c1nn(-c2c[n+]([O-])ccn2)c2c1C[C@@H]1C[C@H]21,2.0,69.81392143349414,63.12887663680221,False,0.18,0.189,True,True
EVODENOSON,COC(=O)N1CCC(CC#Cc2nc(N)c3ncn([C@@H]4O[C@H](C(=O)NC5CC5)[C@@H](O)[C@H]4O)c3n2)CC1,2.0,69.74500344589939,80.08270158511371,False,0.147,0.171,True,True
AMG-319,C[C@H](Nc1ncnc2[nH]cnc12)c1cc2ccc(F)cc2nc1-c1ccccn1,2.0,69.67608545830461,92.90144727773948,False,0.209,0.221,True,True
AVAGACESTAT,NC(=O)[C@@H](CCC(F)(F)F)N(Cc1ccc(-c2ncon2)cc1F)S(=O)(=O)c1ccc(Cl)cc1,2.0,69.60716747070985,50.137835975189525,False,0.204,0.208,True,True
BAVTAVIRINE,Cc1cc(/C=C/C#N)cc(C)c1-c1cccc2c(N)nc(Nc3ccc(C#N)cc3)nc12,2.0,69.5382494831151,75.63749138525155,False,0.269,0.22,True,True
JNJ-49095397,COCC(=O)Nc1cc(COc2ccc(NC(=O)Nc3cc(C(C)(C)C)nn3-c3ccc(C)cc3)c3ccccc23)ccn1,2.0,69.46933149552032,75.63749138525155,False,0.268,0.198,True,True
IXAZOMIB,CC(C)C[C@H](NC(=O)CNC(=O)c1cc(Cl)ccc1Cl)B(O)O,3.0,69.40041350792556,87.38800827015851,False,0.222,0.207,True,True
SAVIPRAZOLE,[O-][S+](Cc1cc(OCC(F)(F)C(F)(F)C(F)(F)F)ccn1)c1nc2cscc2[nH]1,2.0,69.3314955203308,79.11784975878705,False,0.187,0.141,True,True
NEMTABRUTINIB,O=C(c1ccc(Oc2ccccc2)cc1Cl)c1c[nH]c2ncnc(N[C@@H]3CC[C@@H](CO)OC3)c12,3.0,69.26257753273603,98.1392143349414,False,0.244,0.196,True,True
POSIZOLID,O=C([C@@H](O)CO)N1CC=C(c2c(F)cc(N3C[C@H](COc4ccon4)OC3=O)cc2F)CC1,2.0,69.19365954514129,88.1461061337009,False,0.179,0.176,True,True
LY-2874455,C[C@@H](Oc1ccc2[nH]nc(/C=C/c3cnn(CCO)c3)c2c1)c1c(Cl)cncc1Cl,1.0,69.12474155754651,75.63749138525155,False,0.235,0.184,True,True
DAGROCORAT,Cc1ncccc1NC(=O)c1ccc2c(c1)CC[C@@H]1C[C@@](O)(C(F)(F)F)CC[C@@]21Cc1ccccc1,2.0,69.05582356995176,50.137835975189525,False,0.255,0.226,True,True
LORECIVIVINT,CC(C)CC(=O)Nc1cncc(-c2ccc3[nH]nc(-c4nc5cncc(-c6cccc(F)c6)c5[nH]4)c3c2)c1,3.0,68.986905582357,91.38525155065471,False,0.289,0.287,True,True
BEROTERKIB ANHYDROUS,COc1cc(F)cc([C@@H](CO)NC(=O)[C@@H](C)N2Cc3ccc(-c4nc(NC5CCOCC5)ncc4Cl)cc3C2=O)c1,2.0,68.91798759476224,79.25568573397656,False,0.205,0.239,True,True
ZUNSEMETINIB,Cc1cnc(-c2ccnc(C(C)(C)O)n2)cc1-n1c(C)cc(OCc2ncc(F)cc2F)c(Cl)c1=O,2.0,68.84906960716748,68.09097174362509,False,0.223,0.192,True,True
LANIFIBRANOR,O=C(O)CCCc1cc2cc(Cl)ccc2n1S(=O)(=O)c1ccc2ncsc2c1,3.0,68.78015161957272,24.01791867677464,False,0.286,0.184,True,True
BEXIRESTRANT,CC1=C(c2cc(F)cc(F)c2)[C@H](c2ccc(/C=C/CN3CC(CF)C3)cc2)Oc2cc(O)ccc21,2.0,68.71123363197795,91.38525155065471,False,0.224,0.187,True,True
XL-888,CC[C@@H](C)Nc1cc(C(=O)N[C@H]2C[C@H]3CC[C@@H](C2)N3c2ccc(C(=O)C3CC3)cn2)c(C)cc1C(N)=O,1.0,68.64231564438319,91.38525155065471,False,0.213,0.185,True,True
ITACITINIB,N#CCC1(n2cc(-c3ncnc4[nH]ccc34)cn2)CN(C2CCN(C(=O)c3ccnc(C(F)(F)F)c3F)CC2)C1,3.0,68.57339765678843,50.86147484493453,False,0.248,0.185,True,True
MONEPANTEL,C[C@](C#N)(COc1cc(C#N)ccc1C(F)(F)F)NC(=O)c1ccc(SC(F)(F)F)cc1,1.0,68.50447966919366,49.55203308063405,False,0.296,0.234,True,True
OCADUSERTIB,CN1C(=O)[C@@H](NC(=O)c2nnc(Cc3ccccc3)[nH]2)COc2ccc(C#CC(C)(C)O)cc21,2.0,68.4355616815989,88.76636802205375,False,0.211,0.179,True,True
PELIGLITAZAR,COc1ccc(OC(=O)N(CC(=O)O)[C@@H](C)c2ccc(OCCc3nc(-c4ccccc4)oc3C)cc2)cc1,2.0,68.36664369400414,86.4920744314266,False,0.25,0.192,True,True
ZAVONDEMSTAT,CC(C)c1ccc(N(C)c2ccc3c(c2)OCC[C@H]3CNc2cnccc2C(=O)O)cc1,2.0,68.29772570640938,50.137835975189525,False,0.261,0.236,True,True
XL-228,CC(C)c1cc(CNc2nc(Nc3cc(C4CC4)[nH]n3)cc(N3CCN(C)CC3)n2)on1,1.0,68.22880771881461,81.18538938662991,False,0.159,0.179,True,True
AR-67,CC[C@@]1(O)C(=O)OCc2c1cc1n(c2=O)Cc2c-1nc1ccc(O)cc1c2[Si](C)(C)C(C)(C)C,2.0,68.15988973121985,37.90489317711923,False,0.205,0.174,True,True
RO-4987655,O=C(NOCCO)c1cc(CN2OCCCC2=O)c(F)c(F)c1Nc1ccc(I)cc1F,1.0,68.09097174362509,65.19641626464508,False,0.232,0.184,True,True
SETILEUTON,CC[C@](O)(c1nnc(NCc2ccc3c(-c4ccc(F)cc4)cc(=O)oc3c2)o1)C(F)(F)F,2.0,68.02205375603032,81.11647139903515,False,0.209,0.188,True,True
AMP579,CCNC(=O)[C@H]1CC(n2ccc3c(NC(CC)Cc4sccc4Cl)ncnc32)[C@H](O)[C@@H]1O,2.0,67.95313576843556,50.137835975189525,False,0.241,0.188,True,True
H3B-6527,C=CC(=O)Nc1cc(N2CCN(CC)CC2)ccc1Nc1cc(N(C)C(=O)Nc2c(Cl)c(OC)cc(OC)c2Cl)ncn1,1.0,67.8842177808408,50.137835975189525,False,0.198,0.195,True,True
VARLITINIB,C[C@@H]1COC(Nc2ccc3ncnc(Nc4ccc(OCc5nccs5)c(Cl)c4)c3c2)=N1,2.0,67.81529979324603,91.38525155065471,False,0.242,0.173,True,True
BMS-394136,CC1=C(C(=O)N2CCC[C@H]2c2ccc(F)cc2)[C@@H](c2ccc(Cl)c(Cl)c2)n2nccc2N1,1.0,67.74638180565127,50.137835975189525,False,0.258,0.198,True,True
EDONENTAN,Cc1onc(NS(=O)(=O)c2ccccc2-c2ccc(-c3ncco3)cc2CN(C)C(=O)CC(C)(C)C)c1C,2.0,67.67746381805651,91.38525155065471,False,0.224,0.263,True,True
SELVIGALTIN,OC[C@H]1O[C@H](Sc2cncc(Br)c2)[C@H](O)[C@@H](n2cc(-c3cc(F)c(F)c(F)c3)nn2)[C@H]1O,2.0,67.60854583046175,91.0406616126809,False,0.179,0.152,True,True
LUVOMETINIB,Cn1c(=O)c(F)c(Nc2ccc(I)cc2F)c2c(=O)n(C3CC3)nc(-c3cccc(NS(=O)(=O)C4CC4)c3)c21,2.0,67.53962784286699,89.66230186078566,False,0.205,0.182,True,True
TACACICLIB,CC(C)[C@H](C(=O)Nc1cc(C2CC2)[nH]n1)c1cccc(-c2ccc(NC(=O)/C=C/CN3CCOCC3)nc2)c1,2.0,67.47070985527223,91.38525155065471,False,0.204,0.218,True,True
TSN-084,CC(C)Oc1ccc(C(=O)Nc2ccc(Oc3cc4cnn(C)c4cc3-c3cn[nH]c3)c(F)c2)c(=O)n1-c1ccc(F)cc1,1.0,67.40179186767746,49.896623018607855,False,0.25,0.248,True,True
COLURACETAM,Cc1oc2nc3c(c(NC(=O)CN4CCCC4=O)c2c1C)CCCC3,2.0,67.3328738800827,50.137835975189525,False,0.195,0.26,True,True
SIMOTINIB,COc1cc2ncnc(Nc3ccc(F)c(Cl)c3)c2cc1OCCN1CC2(CC2)C2(C1)OCCO2,3.0,67.26395589248794,50.137835975189525,False,0.217,0.171,True,True
RAVUCONAZOLE,C[C@@H](c1nc(-c2ccc(C#N)cc2)cs1)[C@](O)(Cn1cncn1)c1ccc(F)cc1F,2.0,67.19503790489318,74.43142660234321,False,0.286,0.202,True,True
ETHYL BISCOUMACETATE,CCOC(=O)C(c1c(O)c2ccccc2oc1=O)c1c(O)c2ccccc2oc1=O,2.0,67.12611991729842,58.44245348035837,False,0.365,0.259,True,True
FOSDEVIRINE,CO[P@](=O)(c1cc(C)cc(/C=C/C#N)c1)c1c(C(N)=O)[nH]c2ccc(Cl)cc12,2.0,67.05720192970365,37.008959338387314,False,0.194,0.177,True,True
VODOBATINIB,Cc1ccc(C(=O)NNC(=O)c2c(C)cccc2Cl)cc1C#Cc1cnc2ccccc2c1,2.0,66.9882839421089,50.137835975189525,False,0.266,0.211,True,True
METHYLPREDNISOLONE ACEPONATE,CCC(=O)O[C@]1(C(=O)COC(C)=O)CC[C@H]2[C@@H]3C[C@H](C)C4=CC(=O)C=C[C@]4(C)[C@H]3[C@@H](O)C[C@@]21C,2.0,66.91936595451413,21.709166092350102,False,0.153,0.198,True,True
SORNIDIPINE,COC(=O)C1=C(C)NC(C)=C(C(=O)O[C@@H]2CO[C@H]3[C@@H]2OC[C@@H]3O)C1c1ccccc1[N+](=O)[O-],2.0,66.85044796691938,59.26946933149553,False,0.202,0.182,True,True
AZAMULIN,CC[C@]1(C)C[C@@H](OC(=O)CSc2nnc(N)[nH]2)[C@]2(C)[C@H](C)CC[C@]3(CCC(=O)[C@H]32)[C@@H](C)[C@@H]1O,2.0,66.7815299793246,50.137835975189525,False,0.163,0.16,True,True
SGI-1776,CN1CCC(CNc2ccc3ncc(-c4cccc(OC(F)(F)F)c4)n3n2)CC1,1.0,66.71261199172984,87.11233631977946,False,0.281,0.315,True,True
TAS-115,CNC(=O)c1cc2c(Oc3ccc(NC(=S)NC(=O)Cc4ccccc4)cc3F)ccnc2cc1OC,1.0,66.64369400413509,58.78704341833219,False,0.247,0.206,True,True
GLYBURIDE,COc1ccc(Cl)cc1C(=O)NCCc1ccc(S(=O)(=O)NC(=O)NC2CCCCC2)cc1,4.0,66.57477601654031,42.03997243280496,False,0.261,0.297,True,True
LISAVANBULIN,N#CCCNc1nonc1-c1nc2ccccc2n1CC(=O)c1ccc(NC(=O)[C@@H](N)CCCCN)cc1,2.0,66.50585802894555,91.38525155065471,False,0.2,0.193,True,True
GANSTIGMINE,CCc1ccccc1NC(=O)Oc1ccc2c(c1)[C@]1(C)CCN(C)O[C@@H]1N2C,2.0,66.4369400413508,52.58442453480359,False,0.207,0.239,True,True
PPL-100,COC(=O)N[C@H](C(=O)NCCCC[C@@H](CO)N(CC(C)C)S(=O)(=O)c1ccc(N)cc1)C(c1ccccc1)c1ccccc1,1.0,66.36802205375602,75.63749138525155,False,0.211,0.165,True,True
EDAGLITAZONE,Cc1oc(-c2ccccc2)nc1CCOc1ccc(CC2SC(=O)NC2=O)c2sccc12,2.0,66.29910406616126,75.63749138525155,False,0.206,0.22,True,True
PYRINOLINE,OC(C1=CC(=C(c2ccccn2)c2ccccn2)C=C1)(c1ccccn1)c1ccccn1,2.0,66.2301860785665,50.137835975189525,False,0.178,0.179,True,True
ODANACATIB,CC(C)(F)C[C@H](N[C@@H](c1ccc(-c2ccc(S(C)(=O)=O)cc2)cc1)C(F)(F)F)C(=O)NC1(C#N)CC1,3.0,66.16126809097173,82.42591316333562,False,0.219,0.198,True,True
ELISARTAN,CCCCc1nc(Cl)c(C(=O)OC(C)OC(=O)OCC)n1Cc1ccc(-c2ccccc2-c2nn[nH]n2)cc1,2.0,66.09235010337697,95.17574086836665,False,0.217,0.2,True,True
RADOTINIB,Cc1cn(-c2cc(NC(=O)c3ccc(C)c(Nc4nccc(-c5cnccn5)n4)c3)cc(C(F)(F)F)c2)cn1,3.0,66.02343211578223,50.137835975189525,False,0.214,0.278,True,True
APG-2449,Cc1cc(Nc2ncc(Cl)c(Nc3ccccc3S(=O)(=O)C(C)C)n2)c(OC(C)C)cc1C1=CCN(C2CCOCC2)CC1,1.0,65.95451412818745,50.137835975189525,False,0.196,0.205,True,True
ULIXERTINIB,CC(C)Nc1cc(-c2c[nH]c(C(=O)N[C@H](CO)c3cccc(Cl)c3)c2)c(Cl)cn1,2.0,65.8855961405927,91.38525155065471,False,0.241,0.237,True,True
TOLEBRUTINIB,C=CC(=O)N1CCC[C@@H](n2c(=O)n(-c3ccc(Oc4ccccc4)cc3)c3c(N)nccc32)C1,3.0,65.81667815299794,41.35079255685734,False,0.221,0.206,True,True
UPLARAFENIB,CCCS(=O)(=O)Nc1cc(F)c(F)c(C(=O)c2ccc3ncc(N4CCOCC4)nc3c2)c1F,2.0,65.74776016540316,75.63749138525155,False,0.247,0.245,True,True
EDATREXATE,CCC(Cc1cnc2nc(N)nc(N)c2n1)c1ccc(C(=O)N[C@@H](CCC(=O)O)C(=O)O)cc1,2.0,65.6788421778084,55.75465196416265,False,0.207,0.188,True,True
TERODILINE,CC(CC(c1ccccc1)c1ccccc1)NC(C)(C)C,4.0,65.60992419021365,50.137835975189525,False,0.197,0.169,True,True
BMS-986310,CC(C)NC(=O)c1ccc2c(c1)[C@]1(CCO2)C[C@H]1C(=O)Nc1cc(C#N)ccc1CCCC(=O)O,2.0,65.54100620261889,91.38525155065471,False,0.22,0.216,True,True
SNS-314,O=C(Nc1cccc(Cl)c1)Nc1ncc(CCNc2ncnc3ccsc23)s1,1.0,65.47208821502413,96.20951068228808,False,0.247,0.231,True,True
SPIROGLUMIDE,O=C(O)CC[C@@H](NC(=O)c1cc(Cl)cc(Cl)c1)C(=O)N1CCC2(CCCC2)CC1,2.0,65.40317022742937,82.35699517574086,False,0.195,0.198,True,True
NEFEXTINIB,COc1cc(F)ccc1-c1c(C)sc2cnc(Nc3cnn(C4CCNCC4)c3)nc12,2.0,65.3342522398346,91.38525155065471,False,0.215,0.21,True,True
ZOLASARTAN,CCCCc1nc(Cl)c(C(=O)O)n1Cc1ccc2oc(-c3ccccc3-c3nnn[nH]3)c(Br)c2c1,2.0,65.26533425223984,54.16953824948312,False,0.27,0.182,True,True
CG-200745,CN(C)CCCNC(=O)/C(=C/CCCCC(=O)NO)COc1cccc2ccccc12,2.0,65.19641626464508,35.56168159889731,False,0.207,0.242,True,True
MLN-0415,C[C@@H]1CN(C(=O)CN2CC(C)(C)OC[C@H]2C(=O)Nc2cc(Cl)cc3c2[nH]c2cnccc23)C[C@H](C)O1,1.0,65.12749827705031,91.38525155065471,False,0.202,0.183,True,True
BASMISANIL,Cc1onc(-c2ccc(F)cc2)c1COc1ccc(C(=O)N2CCS(=O)(=O)CC2)cn1,2.0,65.05858028945555,63.54238456237078,False,0.213,0.192,True,True
SURINABANT,CCc1c(C(=O)NN2CCCCC2)nn(-c2ccc(Cl)cc2Cl)c1-c1ccc(Br)cc1,2.0,64.98966230186079,50.137835975189525,False,0.288,0.227,True,True
ALILUSEM,Cc1ccccc1C(=O)N1CC/C(=N\OS(=O)(=O)O)c2ccc(Cl)cc21,2.0,64.92074431426602,50.137835975189525,False,0.303,0.207,True,True
ETORICOXIB,Cc1ccc(-c2ncc(Cl)cc2-c2ccc(S(C)(=O)=O)cc2)cn1,4.0,64.85182632667126,95.72708476912474,False,0.271,0.238,True,True
CANERTINIB,C=CC(=O)Nc1cc2c(Nc3ccc(F)c(Cl)c3)ncnc2cc1OCCCN1CCOCC1,3.0,64.7829083390765,50.137835975189525,False,0.253,0.202,True,True
GLICARAMIDE,CCn1nc(C)c2c(OCCC(C)C)c(C(=O)NCCc3ccc(S(=O)(=O)NC(=O)NC4CCCCC4)cc3)cnc21,2.0,64.71399035148173,89.5933838731909,False,0.194,0.228,True,True
RINTODESTRANT,Cc1cc(F)cc(C)c1C(=O)c1sc2cc(O)ccc2c1Oc1ccc(/C=C/C(=O)O)cc1,1.0,64.64507236388697,55.96140592694694,False,0.27,0.17,True,True
TALAMPICILLIN,CC1(C)S[C@@H]2[C@H](NC(=O)[C@H](N)c3ccccc3)C(=O)N2[C@H]1C(=O)OC1OC(=O)c2ccccc21,2.0,64.57615437629221,31.21984838042729,False,0.186,0.182,True,True
SB-705498,O=C(Nc1ccccc1Br)N[C@@H]1CCN(c2ccc(C(F)(F)F)cn2)C1,2.0,64.50723638869744,59.131633356306,False,0.256,0.268,True,True
DISERMOLIDE,C=C/C=C\[C@H](C)[C@H](OC(N)=O)[C@@H](C)[C@H](O)[C@@H](C)C/C(C)=C\[C@H](C)[C@@H](O)[C@@H](C)/C=C\[C@@H](O)C[C@@H]1OC(=O)[C@H](C)[C@@H](O)[C@H]1C,2.0,64.43831840110269,91.38525155065471,False,0.149,0.126,True,True
SC-43,N#Cc1ccc(Oc2cccc(NC(=O)Nc3ccc(Cl)c(C(F)(F)F)c3)c2)cc1,1.0,64.36940041350793,75.63749138525155,False,0.369,0.237,True,True
BMS-741672,CC(C)N(C)[C@@H]1CC[C@H](N2CC[C@H](Nc3ncnc4ccc(C(F)(F)F)cc34)C2=O)[C@H](NS(C)(=O)=O)C1,2.0,64.30048242591316,75.63749138525155,False,0.257,0.281,True,True
RESIGRATINIB,C=CC(=O)N1C[C@@H](n2nc(C#Cc3c(F)cc4c(ncn4C4CC4)c3F)c(C(N)=O)c2NC)C[C@@H]1COC,2.0,64.2315644383184,25.844245348035837,False,0.163,0.167,True,True
FILOREXANT,Cc1ccc(-c2ncccn2)c(C(=O)N2C[C@H](COc3ccc(F)cn3)CC[C@H]2C)c1,2.0,64.16264645072364,91.38525155065471,False,0.268,0.233,True,True
AZELOPRAZOLE SODIUM,Cc1cnc(C[S@@+]([O-])c2nc3ccccc3[n-]2)c(C)c1OCC1COC(C)(C)OC1,1.0,64.09372846312887,75.63749138525155,False,0.165,0.156,True,True
PCI-27483,N=C(N)c1ccc2nc(-c3cc(CC(=O)N[C@@H](CC(=O)O)C(=O)O)cc(-c4cc(S(N)(=O)=O)ccc4O)c3O)[nH]c2c1,2.0,64.02481047553412,95.65816678153,False,0.175,0.17,True,True
CICLOTIZOLAM,Clc1ccccc1C1=NCc2nnc(C3CCCCC3)n2-c2sc(Br)cc21,2.0,63.95589248793936,50.137835975189525,False,0.235,0.189,True,True
LSZ-102,CC(F)(F)c1cc(F)ccc1-c1sc2cc(O)ccc2c1Oc1ccc(/C=C/C(=O)O)cc1,1.0,63.88697450034459,91.38525155065471,False,0.244,0.184,True,True
CRONIDIPINE,COC(=O)C1=C(C)NC(C)=C(C(=O)OCC2COC3(CCN(c4ccc(Cl)cc4)CC3)O2)[C@H]1c1cccc([N+](=O)[O-])c1,2.0,63.81805651274984,50.137835975189525,False,0.2,0.209,True,True
TIOCLOMAROL,O=c1oc2ccccc2c(O)c1C(CC(O)c1ccc(Cl)cc1)c1ccc(Cl)s1,2.0,63.74913852515507,91.38525155065471,False,0.239,0.179,True,True
ELGODIPINE,CC1=C(C(=O)OCCN(C)Cc2ccc(F)cc2)C(c2cccc3c2OCO3)C(C(=O)OC(C)C)=C(C)N1,2.0,63.6802205375603,50.137835975189525,False,0.189,0.225,True,True
ONAMETOSTAT,Nc1nc2cc(CC[C@H]3C[C@@H](n4ccc5c(N)ncnc54)[C@H](O)[C@@H]3O)ccc2cc1Br,1.0,63.61130254996554,75.63749138525155,False,0.188,0.15,True,True
JHU-75528 C-11,[11CH3]Oc1ccc(-c2c(C#N)c(C(=O)NN3CCCCC3)nn2-c2ccc(Cl)cc2Cl)cc1,1.0,63.5079255685734,19.40041350792557,False,0.264,0.208,True,True
JHU-75528,COc1ccc(-c2c(C#N)c(C(=O)NN3CCCCC3)nn2-c2ccc(Cl)cc2Cl)cc1,1.0,63.5079255685734,19.40041350792557,False,0.264,0.208,True,True
OFIRNOFLAST,Nc1ncnc2c1c(-c1ccc(NC(=O)Nc3cc(C4(C(F)(F)F)CC4)on3)c(F)c1)cn2C1CC1,2.0,63.40454858718125,91.38525155065471,False,0.2,0.198,True,True
LIRIMILAST,CS(=O)(=O)Oc1ccc2c(NC(N)=O)c(C(=O)c3ccc(Cl)cc3Cl)oc2c1,2.0,63.33563059958649,91.38525155065471,False,0.26,0.197,True,True
TALOTREXIN,Nc1nc(N)c2nc(CNc3ccc(C(=O)N[C@@H](CCCNC(=O)c4ccccc4C(=O)O)C(=O)O)cc3)cnc2n1,2.0,63.26671261199173,97.58787043418332,False,0.204,0.175,True,True
AZD3965,Cc1[nH]nc(C(F)(F)F)c1Cc1sc2c(c1C(=O)N1C[C@](C)(O)CO1)c(=O)n(C)c(=O)n2C(C)C,1.0,63.19779462439696,29.221226740179183,False,0.181,0.2,True,True
GSK2256294,CNc1nc(C)nc(N[C@H]2CCC[C@@H](C(=O)NCc3ccc(C#N)cc3C(F)(F)F)C2)n1,2.0,63.12887663680221,91.38525155065471,False,0.247,0.292,True,True
BRILANESTRANT,CC/C(=C(/c1ccc(/C=C/C(=O)O)cc1)c1ccc2[nH]ncc2c1)c1ccc(F)cc1Cl,2.0,63.05995864920744,50.137835975189525,False,0.296,0.263,True,True
PF-00610355,CC(C)(Cc1cccc(CC(=O)NCc2cccc(-c3ccc(O)cc3)c2)c1)NC[C@H](O)c1ccc(O)c(NS(C)(=O)=O)c1,2.0,62.99104066161267,24.01791867677464,False,0.229,0.195,True,True
ONO-7684,Nc1ccc(-c2nc([C@H]3CCc4cc(-c5cc(Cl)ccc5-n5cnnn5)cc(=O)n43)c(F)[nH]2)c(F)n1,1.0,62.92212267401791,91.38525155065471,False,0.175,0.171,True,True
ALMURTIDE,CC(=O)N[C@H]1C(O)O[C@H](CO)[C@@H](O)[C@@H]1OCC(=O)N[C@@H](C)C(=O)N[C@H](CCC(=O)O)C(N)=O,2.0,62.85320468642316,84.97587870434184,False,0.156,0.135,True,True
PIMODIVIR,O=C(O)[C@H]1C2CCC(CC2)[C@@H]1Nc1nc(-c2c[nH]c3ncc(F)cc23)ncc1F,3.0,62.7842866988284,91.38525155065471,False,0.195,0.189,True,True
DECERNOTINIB,CC[C@@](C)(Nc1ccnc(-c2c[nH]c3ncccc23)n1)C(=O)NCC(F)(F)F,2.0,62.71536871123363,71.67470709855273,False,0.238,0.204,True,True
MOCETINOSTAT,Nc1ccccc1NC(=O)c1ccc(CNc2nccc(-c3cccnc3)n2)cc1,2.0,62.64645072363887,79.66919365954514,False,0.25,0.218,True,True
PIRODOMAST,O=c1c(N2CCCC2)c(O)c2cccnc2n1-c1ccccc1,2.0,62.577532736044105,54.9276361130255,False,0.29,0.225,True,True
DPOC-4088,O=C(Cn1c(Cl)cnc(NCC(F)(F)c2ccccn2)c1=O)NCc1ncccc1F,1.0,62.50861474844934,91.10957960027568,False,0.239,0.25,True,True
PF-06842874,CC(=O)c1c(C)c2cnc(N[C@@H]3CCOC[C@H]3O)cc2n(C2CCCC2)c1=O,1.0,62.43969676085459,91.38525155065471,False,0.17,0.279,True,True
PEVONEDISTAT,NS(=O)(=O)OC[C@@H]1C[C@@H](n2ccc3c(N[C@H]4CCc5ccccc54)ncnc32)C[C@@H]1O,3.0,62.37077877325983,97.31219848380428,False,0.208,0.186,True,True
PF-4136309,O=C(NCC(=O)N1CC[C@H](N[C@H]2CC[C@@](O)(c3ccc(-c4ncccn4)cn3)CC2)C1)c1cccc(C(F)(F)F)c1,2.0,62.30186078566506,75.63749138525155,False,0.28,0.245,True,True
ASERIPIDE,C[C@H](C(=O)O)c1cccc(NC(=O)NCC(=O)N2[C@@H](c3ccccc3F)SC[C@H]2C(=O)OC(C)(C)C)c1,2.0,62.2329427980703,54.65196416264645,False,0.242,0.192,True,True
SD-0006,O=C(CO)N1CCC(c2n[nH]c(-c3ccc(Cl)cc3)c2-c2ccncn2)CC1,1.0,62.16402481047554,91.38525155065471,False,0.221,0.195,True,True
GS-6620,CC(C)OC(=O)[C@H](C)N[P@+]([O-])(OC[C@H]1O[C@@](C#N)(c2ccc3c(N)ncnn23)[C@](C)(O)[C@@H]1OC(=O)C(C)C)Oc1ccccc1,1.0,62.09510682288077,64.71399035148173,False,0.174,0.219,True,True
INT131,O=S(=O)(Nc1cc(Cl)c(Oc2cnc3ccccc3c2)c(Cl)c1)c1ccc(Cl)cc1Cl,2.0,62.026188835286014,97.93246037215714,False,0.426,0.212,False,True
AZACLORZINE,O=C(CCN1CCN2CCCC2C1)N1c2ccccc2Sc2ccc(Cl)cc21,2.0,61.95727084769125,60.0275671950379,False,0.211,0.272,True,True
LY-2940094,Cc1nn(-c2ncccc2CO)cc1CN1CCC2(CC1)OCC(F)(F)c1cc(Cl)sc12,2.0,61.88835286009648,76.49896623018608,False,0.239,0.225,True,True
CENACITINIB,CNc1cc(Nc2cc(F)cc3c2OCCO3)nc2c(NC(=O)N[C@@H]3C[C@@H]3F)cnn12,2.0,61.81943487250172,38.800827015851134,False,0.179,0.194,True,True
OSI-930,O=C(Nc1ccc(OC(F)(F)F)cc1)c1sccc1NCc1ccnc2ccccc12,1.0,61.75051688490696,50.137835975189525,False,0.276,0.221,True,True
EXARAFENIB,Cc1ccc(NC(=O)N2CC[C@@H](CC(F)(F)F)C2)cc1-c1cc(N[C@H](C)CO)nc(N2CCOCC2)c1,2.0,61.6815988973122,91.38525155065471,False,0.191,0.245,True,True
CEFATRIZINE,N[C@@H](C(=O)N[C@@H]1C(=O)N2C(C(=O)O)=C(CSc3c[nH]nn3)CS[C@H]12)c1ccc(O)cc1,2.0,61.61268090971743,74.29359062715368,False,0.229,0.173,True,True
UCB-1184197,CCOC(=O)[C@H](Cc1ccc(Nc2nccc3ccncc23)cc1)NC1=C(Br)C(=O)C12CCCCC2,2.0,61.54376292212267,96.41626464507236,False,0.241,0.289,True,True
ASP-8302,C[C@@H]1CCCN1Cc1sc(NC(=O)c2cnc(N3CCN(CCC(=O)O)[C@@H](C)C3)cn2)nc1-c1cc(Cl)cs1,2.0,61.47484493452791,91.38525155065471,False,0.196,0.214,True,True
EZM-0414,CC(=O)N1CCN([C@H]2CCC[C@@H](NC(=O)c3cc4c(F)ccc(C)c4[nH]3)C2)CC1,1.0,61.40592694693314,84.70020675396277,False,0.198,0.272,True,True
NAPORAFENIB,Cc1ccc(NC(=O)c2ccnc(C(F)(F)F)c2)cc1-c1cc(OCCO)nc(N2CCOCC2)c1,3.0,61.33700895933838,91.38525155065471,False,0.231,0.281,True,True
TERN-101,Cn1cc(C(=O)O)c2ccc(N3CCC(OCc4c(-c5c(Cl)cccc5Cl)noc4C4CC4)CC3)cc21,2.0,61.268090971743625,73.05306685044796,False,0.292,0.182,True,True
RALANITEN ACETATE,CC(=O)OC[C@H](COc1ccc(C(C)(C)c2ccc(OC[C@@H](CCl)OC(C)=O)cc2)cc1)OC(C)=O,1.0,61.19917298414887,64.02481047553412,False,0.228,0.209,True,True
CEFCANEL,Cc1nnc(SCC2=C(C(=O)O)N3C(=O)[C@@H](NC(=O)[C@H](O)c4ccccc4)[C@H]3SC2)s1,2.0,61.1302549965541,70.02067539627843,False,0.239,0.194,True,True
NT-0796,CC(C)OC(=O)[C@@H](Cc1ncccn1)OC(=O)Nc1c2c(cc3c1CCC3)CCC2,1.0,61.061337008959335,91.38525155065471,False,0.222,1.0,True,False
PF-04991532,O=C(O)c1ccc(NC(=O)[C@H](CC2CCCC2)n2cnc(C(F)(F)F)c2)nc1,2.0,60.992419021364576,81.04755341144039,False,0.222,0.229,True,True
IDH305,Cc1cc([C@H](C)Nc2nccc(N3C(=O)OC[C@@H]3[C@@H](C)F)n2)ncc1-c1ccnc(C(F)(F)F)c1,2.0,60.92350103376981,91.38525155065471,False,0.182,0.202,True,True
EMZELTRECTINIB,NC(=O)c1c(N)nn2ccc(N3C[C@@H](F)C[C@@H]3c3cc(F)ccc3F)nc12,2.0,60.85458304617506,51.75740868366644,False,0.192,0.196,True,True
AVORALSTAT,C=Cc1cc(C(=O)Nc2ccc(C(=N)N)cc2)c(-c2ccc(C(=O)NCC3CC3)nc2C(=O)O)cc1OC,3.0,60.78566505858029,91.38525155065471,False,0.228,0.193,True,True
LANOPEPDEN,Cc1nc(NNC(=O)[C@H](CC2CCCC2)CN(O)C=O)c(F)c(N2CCN3CCOC[C@@H]3C2)n1,2.0,60.716747070985534,43.96967608545831,False,0.15,0.182,True,True
LY-295501,O=C(Nc1ccc(Cl)c(Cl)c1)NS(=O)(=O)c1ccc2c(c1)CCO2,2.0,60.64782908339077,95.93383873190902,False,0.243,0.361,True,True
VOCIPROTAFIB,Cc1nc(N2CCC3(CC2)CO[C@@H](C)[C@H]3N)c(CO)nc1Sc1ccnc(N)c1Cl,2.0,60.57891109579601,50.137835975189525,False,0.213,0.162,True,True
TELUDIPINE,CCOC(=O)C1=C(C)NC(CN(C)C)=C(C(=O)OCC)C1c1ccccc1/C=C/C(=O)OC(C)(C)C,2.0,60.50999310820124,22.67401791867677,False,0.167,0.196,True,True
RAVOXERTINIB,Cn1nccc1Nc1nccc(-c2ccn([C@H](CO)c3ccc(Cl)c(F)c3)c(=O)c2)n1,2.0,60.44107512060648,24.01791867677464,False,0.191,0.222,True,True
DANICAMTIV,Cn1cc(S(=O)(=O)[C@@](C)(F)C2CCN(C(=O)Nc3ccon3)CC2)c(C(F)F)n1,2.0,60.37215713301172,39.9724328049621,False,0.208,0.253,True,True
FUMOXICILLIN,CC1(C)S[C@@H]2[C@H](NC(=O)[C@H](/N=C/c3ccco3)c3ccc(O)cc3)C(=O)N2[C@H]1C(=O)O,2.0,60.30323914541695,66.36802205375602,False,0.198,0.192,True,True
ZEGOCRACTIN,Cc1cccc(F)c1C(=O)Nc1cnc(-c2cc3c(cc2Cl)OC(F)(F)O3)cn1,2.0,60.234321157822194,56.65058580289455,False,0.253,0.219,True,True
MOTUGIVATREP,O=C(/C=C1\CCOc2cc(C(F)(F)F)ccc21)Nc1cccc2c1C[C@H](O)CC2,2.0,60.16540317022743,91.38525155065471,False,0.223,0.294,True,True
TUNLAMETINIB,O=C(NOCCO)c1cc2scnc2c(F)c1Nc1ccc(I)cc1F,3.0,60.09648518263266,57.47760165403171,False,0.243,0.167,True,True
PHYTONADIOL SODIUM DIPHOSPHATE,C/C(=C\Cc1c(C)c(OP(=O)([O-])O)c2ccccc2c1OP(=O)([O-])O)CCC[C@H](C)CCC[C@H](C)CCCC(C)C,2.0,60.0275671950379,50.137835975189525,False,0.195,0.156,True,True
ACUMAPIMOD,Cc1ccc(C(=O)NC2CC2)cc1-n1ncc(C(=O)c2cccc(C#N)c2)c1N,2.0,59.95864920744314,50.137835975189525,False,0.254,0.262,True,True
SITALIDONE,CC(C)c1cc(NS(=O)(=O)c2cc(C3(O)CCC(=O)N3C)ccc2Cl)cc(C(C)C)c1O,2.0,59.88973121984837,75.63749138525155,False,0.279,0.222,True,True
SLC-391,Nc1ncc(-c2cnn(C3CCNCC3)c2)cc1-c1nnc(CC2CC2)o1,1.0,59.82081323225361,70.22742935906273,False,0.158,0.2,True,True
TRIMETHYLDIPHENYLPROPYLAMINE,CC(CC(c1ccccc1)c1ccccc1)N(C)C,-1.0,59.75189524465885,26.809097174362503,False,0.207,0.167,True,True
TERUTROBAN,Cc1ccc2c(c1CCC(=O)O)CC[C@@H](NS(=O)(=O)c1ccc(Cl)cc1)C2,3.0,59.682977257064096,75.63749138525155,False,0.25,0.29,True,True
PIMILPROST,CCCC[C@H](C)C[C@H](O)/C=C/[C@@H]1[C@H]2C[C@H](CCOCC(=O)OC)C[C@H]2C[C@H]1O,2.0,59.61405926946933,81.25430737422468,False,0.14,0.148,True,True
PF-06291874,CCC[C@H](Oc1cc(C)c(-n2cc(C(F)(F)F)cn2)c(C)c1)c1ccc(C(=O)NCCC(=O)O)cc1,2.0,59.54514128187457,24.01791867677464,False,0.242,0.237,True,True
SIMMITECAN,C=CCc1c(OC(=O)N2CCC(N3CCCCC3)CC2)ccc2nc3c(cc12)Cn1c-3cc2c(c1=O)COC(=O)[C@]2(O)CC,1.0,59.476223294279805,90.76498966230189,False,0.171,0.18,True,True
ZATONACAFTOR,CCc1cnc(OC(C)C)c(C2(C(=O)NS(=O)(=O)c3cccc4nc(C)ccc34)CC2)c1,2.0,59.407305306685046,49.620951068228806,False,0.244,0.216,True,True
ATUZABRUTINIB,CC(C)(C)/C=C(\C#N)C(=O)N1CCC[C@@H](n2nc(-c3ccc(Oc4ccccc4)cc3F)c3c(N)ncnc32)C1,2.0,59.33838731909028,91.38525155065471,False,0.219,0.214,True,True
AVN-944,CC[C@H](CC#N)OC(=O)N[C@@H](C)c1cccc(NC(=O)Nc2ccc(-c3cnco3)c(OC)c2)c1,2.0,59.26946933149553,91.38525155065471,False,0.221,0.214,True,True
PHORBOL MYRISTATE ACETATE,CCCCCCCCCCCCCC(=O)O[C@@H]1[C@@H](C)[C@@]2(O)[C@@H](C=C(CO)C[C@]3(O)C(=O)C(C)=C[C@@H]23)[C@@H]2C(C)(C)[C@]12OC(C)=O,2.0,59.20055134390076,50.137835975189525,False,0.139,0.145,True,True
AZELOPRAZOLE,Cc1cnc(C[S@@+]([O-])c2nc3ccccc3[nH]2)c(C)c1OCC1COC(C)(C)OC1,2.0,59.131633356306,50.137835975189525,False,0.171,0.165,True,True
GRC-6211,O=C(Nc1cccc2cnccc12)N[C@@H]1CC2(CCC2)Oc2ccc(F)cc21,2.0,59.06271536871124,80.8407994486561,False,0.253,0.232,True,True
MRTX-0902,Cc1c(C#N)cccc1[C@@H](C)Nc1nnc(C)c2cnc(N3CCOCC3)cc12,1.0,58.99379738111647,50.17229496898691,False,0.213,0.2,True,True
GSK-2239633,COc1cccc2c1c(NS(=O)(=O)c1ccc(Cl)s1)nn2Cc1cccc(NC(=O)CO)c1,1.0,58.924879393521714,85.11371467953136,False,0.263,0.281,True,True
PF-05180999,Cc1nc(-c2cnn(C)c2-c2ccc(C(F)(F)F)cn2)c2c(N3CCC3)ncnn12,1.0,58.85596140592695,50.137835975189525,False,0.19,0.287,True,True
MK-5108,O=C(O)[C@]1(Cc2cccc(Nc3nccs3)n2)CC[C@@H](Oc2cccc(Cl)c2F)CC1,1.0,58.78704341833219,91.38525155065471,False,0.264,0.216,True,True
BUPARLISIB,Nc1cc(C(F)(F)F)c(-c2cc(N3CCOCC3)nc(N3CCOCC3)n2)cn1,3.0,58.71812543073742,70.29634734665748,False,0.203,0.205,True,True
AC-430,Cc1cc(Nc2nc(C(O)c3ccc(F)cc3)nc3ccccc23)n[nH]1,1.0,58.64920744314266,75.63749138525155,False,0.247,0.181,True,True
VECABRUTINIB SUCCINATE,NC(=O)[C@H]1CCN(c2ncnc(N)c2F)C[C@@H]1N1CCC[C@@H](Nc2cc(Cl)cc(C(F)(F)F)c2)C1=O.O=C(O)CCC(=O)O,1.0,58.5802894555479,90.35148173673328,False,0.236,0.233,True,True
TONABERSAT,CC(=O)c1ccc2c(c1)[C@H](NC(=O)c1ccc(F)c(Cl)c1)[C@H](O)C(C)(C)O2,2.0,58.51137146795313,55.41006202618883,False,0.224,0.172,True,True
CARBOXYAMIDOTRIAZOLE,NC(=O)c1nnn(Cc2cc(Cl)c(C(=O)c3ccc(Cl)cc3)c(Cl)c2)c1N,3.0,58.44245348035837,39.83459682977257,False,0.259,0.179,True,True
ETIZOLAM,CCc1cc2c(s1)-n1c(C)nnc1CN=C2c1ccccc1Cl,2.0,58.37353549276361,50.137835975189525,False,0.212,0.205,True,True
MG-S-2525,Cc1cc(CNc2[nH]nc(Nc3ccc(N4CCOCC4)cc3)c2C(N)=O)cc(C)c1O,1.0,58.30461750516884,56.09924190213646,False,0.244,0.231,True,True
CILOFEXOR,O=C(O)c1ccnc(N2CC(O)(c3ccc(OCc4c(-c5c(Cl)cccc5Cl)noc4C4CC4)cc3Cl)C2)c1,3.0,58.23569951757408,50.37904893177119,False,0.256,0.194,True,True
PF-03882845,N#Cc1ccc(N2N=C3c4ccc(C(=O)O)cc4CC[C@@H]3[C@@H]2C2CCCC2)cc1Cl,1.0,58.16678152997932,91.38525155065471,False,0.295,0.216,True,True
BMS-986020,Cc1noc(-c2ccc(-c3ccc(C4(C(=O)O)CC4)cc3)cc2)c1NC(=O)O[C@H](C)c1ccccc1,2.0,58.097863542384566,91.38525155065471,False,0.234,0.27,True,True
CAPESEROD,Nc1c(Cl)cc(-c2nn(C3CCN(CCc4ccccc4)CC3)c(=O)o2)c2c1OCCO2,2.0,58.0289455547898,20.951068228807724,False,0.207,0.186,True,True
FIRUGLIPEL,CC[C@@H](Oc1ccc(C(=O)C2CC2)cc1)c1nc(-c2ccc(C(=O)N[C@H](C)CO)c(F)c2)no1,2.0,57.96002756719504,91.38525155065471,False,0.222,0.225,True,True
DROBULINE,CC(C)NCC(O)CC(c1ccccc1)c1ccccc1,2.0,57.89110957960028,37.422467263955895,False,0.21,0.182,True,True
GSK-369796,CC(C)(C)NCc1ccc(Nc2ccnc3cc(Cl)ccc23)cc1O,1.0,57.82219159200551,35.14817367332874,False,0.271,0.205,True,True
BEPAFANT,Cc1nnc2n1-c1sc3c(c1C(c1ccccc1Cl)=NC2)CC(C(=O)N1CCOCC1)C3,2.0,57.75327360441075,50.137835975189525,False,0.202,0.21,True,True
BMS-794833,Nc1nccc(Oc2ccc(NC(=O)c3c[nH]cc(-c4ccc(F)cc4)c3=O)cc2F)c1Cl,1.0,57.684355616816,91.38525155065471,False,0.27,0.189,True,True
MONLUNABANT,CC(=O)NC(=N)/N=C(\NS(=O)(=O)c1ccc(C(F)(F)F)cc1)N1N=C(c2ccc(Cl)cc2)C[C@H]1c1ccccc1,2.0,57.61543762922123,51.96416264645072,False,0.269,0.229,True,True
RIVOCERANIB,N#CC1(c2ccc(NC(=O)c3cccnc3NCc3ccncc3)cc2)CCCC1,3.0,57.54651964162647,75.63749138525155,False,0.265,0.238,True,True
EGANELISIB,C[C@H](NC(=O)c1c(N)nn2cccnc12)c1cc2cccc(C#Cc3cnn(C)c3)c2c(=O)n1-c1ccccc1,2.0,57.47760165403171,10.957960027567191,False,0.215,0.23,True,True
ZAMAPORVINT,Cc1c(-c2ccnc(C(F)(F)F)c2)ncn1CC(=O)Nc1ccc(-c2cnccn2)cn1,2.0,57.40868366643694,75.63749138525155,False,0.224,0.256,True,True
ADL-5747,CCN(CC)C(=O)c1ccc(C2=CC3(CCNCC3)Oc3ccccc32)c(O)c1,2.0,57.33976567884218,91.38525155065471,False,0.214,0.239,True,True
CI-1040,O=C(NOCC1CC1)c1ccc(F)c(F)c1Nc1ccc(I)cc1Cl,2.0,57.27084769124742,58.30461750516884,False,0.231,0.198,True,True
ELNADIPINE,CC1=C(C(=O)OC(C)C)[C@@H](c2cccc(Cl)c2Cl)C(c2nnco2)=C(C)N1,2.0,57.20192970365265,91.38525155065471,False,0.215,0.214,True,True
VECABRUTINIB,NC(=O)[C@H]1CCN(c2ncnc(N)c2F)C[C@@H]1N1CCC[C@@H](Nc2cc(Cl)cc(C(F)(F)F)c2)C1=O,2.0,57.13301171605789,96.62301860785664,False,0.248,0.245,True,True
PF-03715455,CC(C)(C)c1cc(NC(=O)NCc2ccccc2Sc2ccc3nnc(-c4ccccc4SCCO)n3c2)n(-c2ccc(O)c(Cl)c2)n1,2.0,57.06409372846313,91.38525155065471,False,0.206,0.17,True,True
APOMINE,CC(C)OP(=O)(OC(C)C)C(Cc1cc(C(C)(C)C)c(O)c(C(C)(C)C)c1)P(=O)(OC(C)C)OC(C)C,1.0,56.99517574086836,12.749827705031011,False,0.212,0.174,True,True
SPEBRUTINIB BESYLATE,C=CC(=O)Nc1cccc(Nc2nc(Nc3ccc(OCCOC)cc3)ncc2F)c1.O=S(=O)(O)c1ccccc1,2.0,56.9262577532736,75.63749138525155,False,0.253,0.248,True,True
SCARLET RED,Cc1ccccc1/N=N/c1ccc(/N=N/c2c(O)ccc3ccccc23)c(C)c1,2.0,56.85733976567884,50.137835975189525,False,0.25,0.175,True,True
RAZUPROTAFIB,COC(=O)N[C@@H](Cc1ccccc1)C(=O)N[C@@H](Cc1ccc(NS(=O)(=O)O)cc1)c1csc(-c2cccs2)n1,2.0,56.78842177808407,37.56030323914542,False,0.211,0.184,True,True
AVL-3288,Cc1cc(/C(=C/Nc2ccc(Cl)cc2)C(=O)Nc2ccc(Cl)cc2)on1,1.0,56.71950379048931,46.86423156443832,False,0.246,0.194,True,True
ELIAPIXANT,Cc1cnc(-c2cc(O[C@@H]3CCOC3)cc(C(=O)N[C@H](C)c3cnc(C(F)(F)F)nc3)c2)s1,2.0,56.65058580289455,91.38525155065471,False,0.18,0.196,True,True
GW-870086,C[C@@H]1C[C@H]2[C@@H]3C[C@H](F)C4=CC(=O)C=C[C@]4(C)[C@@]3(F)[C@@H](O)C[C@]2(C)[C@@]1(OC(=O)C1C(C)(C)C1(C)C)C(=O)OCC#N,2.0,56.58166781529979,24.01791867677464,False,0.16,0.165,True,True
MK-8457,Cc1cc(Nc2nccc(C(F)(F)F)n2)cc(-c2cnc([C@@]3(O)CC[C@H](C(=O)O)C(C)(C)C3)s2)c1,1.0,56.51274982770504,91.38525155065471,False,0.211,0.206,True,True
TIOMERGINE,CN1C[C@H](CSc2ccccn2)C=C2c3cccc4[nH]cc(c34)C[C@H]21,2.0,56.44383184011027,15.644383184011026,False,0.176,0.178,True,True
LIRAFUGRATINIB,C=C(C)C(=O)Nc1ccc(-c2c(-c3ccc(Oc4nccc(C)n4)c(F)c3)c3c(N)ncnc3n2C)cc1,2.0,56.37491385251551,50.137835975189525,False,0.189,0.185,True,True
SELONSERTIB,Cc1cc(F)c(C(=O)Nc2cccc(-c3nncn3C(C)C)n2)cc1-n1cnc(C2CC2)c1,3.0,56.305995864920746,87.9393521709166,False,0.229,0.233,True,True
EMESTEDASTAT,O=C(c1csc(-c2cn[nH]c2)c1)N1[C@@H]2CC[C@H]1C[C@](O)(c1ncccn1)C2,2.0,56.23707787732598,91.38525155065471,False,0.211,0.215,True,True
GLPG-1205,O=c1nc(OC[C@@H]2COCCO2)cc2n1CCc1cc(C#CC3CC3)ccc1-2,2.0,56.168159889731214,64.98966230186079,False,0.172,0.2,True,True
AZD-7451,CC(C)Oc1cc(-n2cnc3ccc(N[C@@H](C)c4ncc(F)cn4)nc32)n[nH]1,1.0,56.09924190213646,75.63749138525155,False,0.221,0.2,True,True
TONAPOFYLLINE,CCCn1c(=O)c2[nH]c(C34CCC(CCC(=O)O)(CC3)CC4)nc2n(CCC)c1=O,3.0,56.0303239145417,72.6395589248794,False,0.2,0.156,True,True
POVORCITINIB,Cc1n[nH]c(C)c1-c1cnn(C2(CC#N)CN(c3cc(F)c(C(=O)N[C@@H](C)C(F)(F)F)cc3F)C2)c1,3.0,55.96140592694694,25.70640937284632,False,0.2,0.192,True,True
E-7820,Cc1ccc(NS(=O)(=O)c2cccc(C#N)c2)c2[nH]cc(C#N)c12,2.0,55.89248793935218,83.18401102687801,False,0.361,0.343,True,True
MINDEUDESIVIR,[2H]c1cc([C@]2(C#N)O[C@H](COC(=O)C(C)C)[C@@H](OC(=O)C(C)C)[C@H]2OC(=O)C(C)C)n2ncnc(N)c12,2.0,55.82356995175741,8.270158511371474,False,0.193,0.178,True,True
BODITRECTINIB,O=C(/C=C/c1cnn2ccc(N3CCC[C@@H]3c3cc(F)ccc3F)nc12)N1CCNCC1,2.0,55.75465196416265,50.137835975189525,False,0.198,0.181,True,True
TEGOBUVIR,Fc1ccccc1-c1nc2ccn(Cc3ccc(-c4ccc(C(F)(F)F)cc4C(F)(F)F)nn3)cc-2n1,2.0,55.68573397656789,91.38525155065471,False,0.227,0.262,True,True
CEFOVECIN,CO/N=C(/C(=O)N[C@@H]1C(=O)N2C(C(=O)O)=C([C@@H]3CCCO3)CS[C@H]12)c1csc(N)n1,2.0,55.61681598897312,60.92350103376981,False,0.154,0.175,True,True
CICORTONIDE,CC(=O)OCC(=O)[C@@]12OC(C)(C)O[C@@H]1C[C@H]1[C@@H]3CC(C#N)=C4C=C(OCCCl)CC[C@]4(C)[C@@]3(F)[C@@H](O)C[C@@]12C,2.0,55.54789800137836,55.20330806340454,False,0.146,0.155,True,True
RAD-140,Cc1c(N[C@@H](c2nnc(-c3ccc(C#N)cc3)o2)[C@H](C)O)ccc(C#N)c1Cl,2.0,55.4789800137836,67.74638180565127,False,0.246,0.228,True,True
GANDOTINIB,Cc1cc(Nc2cc(CN3CCOCC3)c3nc(C)c(Cc4ccc(Cl)cc4F)n3n2)n[nH]1,2.0,55.41006202618883,29.49689869055824,False,0.211,0.224,True,True
TRE-515,COc1ccc(-c2nc([C@@H](C)Sc3nc(N)cc(N)n3)c(C)s2)cc1OCCN1CCOCC1,1.0,55.34114403859407,34.59682977257064,False,0.204,0.167,True,True
GSK2798745,CC(C)(O)c1cnc(N2C[C@@]3(CCC[C@](C)(Cn4cnc5ccc(C#N)cc54)C3)OC2=O)cn1,2.0,55.27222605099931,75.63749138525155,False,0.258,0.204,True,True
BOS-172722,CCOc1cc(-c2nncn2C)ccc1Nc1ncc2cc(C)nc(NCC(C)(C)C)c2n1,1.0,55.20330806340454,75.63749138525155,False,0.2,0.176,True,True
PF-00489791,CCOCCn1nc(C(=O)NS(C)(=O)=O)c2nc(N(C)CC)nc(Nc3cc(C)ccn3)c21,2.0,55.13439007580978,24.01791867677464,False,0.196,0.244,True,True
SULINDAC,CC1=C(CC(=O)O)c2cc(F)ccc2/C1=C\c1ccc([S+](C)[O-])cc1,4.0,55.06547208821502,58.51137146795313,False,0.231,0.191,True,True
LXE-408,Cc1nc(C)c(C(=O)Nc2ccc(F)c(-c3nc4ncc(-c5ncccc5C)cn4n3)c2)o1,2.0,54.99655410062025,91.38525155065471,False,0.247,0.217,True,True
FOSTRIECIN SODIUM,C[C@@](O)(/C=C/[C@H]1CC=CC(=O)O1)[C@@H](C[C@@H](O)\C=C/C=C\C=C\CO)OP(=O)([O-])O,2.0,54.9276361130255,99.37973811164714,False,0.154,0.135,True,True
TAURODEOXYCHOLIC ACID,C[C@H](CCC(=O)NCCS(=O)(=O)O)[C@H]1CC[C@H]2[C@@H]3CC[C@@H]4C[C@H](O)CC[C@]4(C)[C@H]3C[C@H](O)[C@]12C,2.0,54.85871812543074,24.01791867677464,False,0.127,0.139,True,True
BEMNIFOSBUVIR,CNc1nc(N)nc2c1ncn2[C@@H]1O[C@H](COP(=O)(N[C@@H](C)C(=O)OC(C)C)Oc2ccccc2)[C@@H](O)[C@@]1(C)F,3.0,54.789800137835975,67.8842177808408,False,0.206,0.179,True,True
MIVOBULIN,CCOC(=O)Nc1cc2c(c(N)n1)N=C(c1ccccc1)[C@H](C)N2,2.0,54.72088215024121,50.137835975189525,False,0.217,0.286,True,True
GSK-256066,COc1cccc(Nc2c(C(N)=O)cnc3c(C)cc(S(=O)(=O)c4cccc(C(=O)N(C)C)c4)cc23)c1,2.0,54.65196416264645,50.137835975189525,False,0.245,0.212,True,True
AZD1981,CC(=O)Nc1cccc2c1c(Sc1ccc(Cl)cc1)c(C)n2CC(=O)O,2.0,54.583046175051685,33.76981392143349,False,0.263,0.227,True,True
TALORASIB,C=C(F)C(=O)N1CCN(c2nc(OC[C@@H]3CCCN3C)nc3c2CO[C@H](c2cccc4cccc(Cl)c24)C3)C[C@@H]1CC#N,2.0,54.51412818745693,92.0055134390076,False,0.21,0.2,True,True
DANUSERTIB,CO[C@@H](C(=O)N1Cc2[nH]nc(NC(=O)c3ccc(N4CCN(C)CC4)cc3)c2C1)c1ccccc1,2.0,54.445210199862174,12.68090971743625,False,0.207,0.198,True,True
ROVAFOVIR ETALAFENAMIDE,CCOC(=O)[C@H](C)N[P@](=O)(CO[C@@H]1C=C(F)[C@H](n2cnc3c(N)ncnc32)O1)Oc1ccccc1,2.0,54.37629221226741,82.25361819434872,False,0.193,0.215,True,True
GW493838,CC(C)(C)c1nnc([C@H]2O[C@@H](n3cnc4c(Nc5ccc(Cl)cc5F)ncnc43)[C@H](O)[C@@H]2O)o1,2.0,54.30737422467264,94.9000689179876,False,0.233,0.202,True,True
TRIAMCINOLONE FURETONIDE,CC1(C)O[C@@H]2C[C@H]3[C@@H]4CCC5=CC(=O)C=C[C@]5(C)[C@@]4(F)[C@@H](O)C[C@]3(C)[C@]2(C(=O)COC(=O)c2cc3ccccc3o2)O1,2.0,54.23845623707789,75.63749138525155,False,0.156,0.181,True,True
AMCINAFAL,CCC1(CC)O[C@@H]2C[C@H]3[C@@H]4CCC5=CC(=O)C=C[C@]5(C)[C@@]4(F)[C@@H](O)C[C@]3(C)[C@]2(C(=O)CO)O1,2.0,54.16953824948312,75.63749138525155,False,0.143,0.163,True,True
ATUVECICLIB,COc1cc(F)ccc1-c1ncnc(Nc2cccc(C[S@](C)(=N)=O)c2)n1,1.0,54.10062026188835,94.21088904203997,False,0.271,0.261,True,True
CLOSANTEL,Cc1cc(C(C#N)c2ccc(Cl)cc2)c(Cl)cc1NC(=O)c1cc(I)cc(I)c1O,2.0,54.03170227429359,91.38525155065471,False,0.212,0.22,True,True
RELICPIXANT,COC(=O)N1CCO[C@@H](Cc2c(-c3c(F)cc(S(N)(=O)=O)cc3F)nc3cc(Cl)ccn23)C1,2.0,53.96278428669883,48.38042729152309,False,0.202,0.215,True,True
PSI-697,O=C(O)c1c(O)c(Cc2ccc(Cl)cc2)nc2c3c(ccc12)CCCC3,1.0,53.89386629910406,74.98277050310132,False,0.25,0.235,True,True
ROCEPAFANT,COc1ccc(NC(=S)N2CCc3c(sc4c3C(c3ccccc3Cl)=NCc3nnc(C)n3-4)C2)cc1,2.0,53.8249483115093,50.137835975189525,False,0.23,0.188,True,True
IMD-0354,O=C(Nc1cc(C(F)(F)F)cc(C(F)(F)F)c1)c1cc(Cl)ccc1O,1.0,53.75603032391454,99.03514817367332,False,0.316,0.237,True,True
BEVIRIMAT,C=C(C)[C@@H]1CC[C@]2(C(=O)O)CC[C@]3(C)[C@H](CC[C@@H]4[C@@]5(C)CC[C@H](OC(=O)CC(C)(C)C(=O)O)C(C)(C)[C@@H]5CC[C@]43C)[C@@H]12,2.0,53.68711233631978,75.63749138525155,False,0.149,0.133,True,True
ENSARTINIB HYDROCHLORIDE,C[C@@H]1CN(C(=O)c2ccc(NC(=O)c3cc(O[C@H](C)c4c(Cl)ccc(F)c4Cl)c(N)nn3)cc2)C[C@H](C)N1,1.0,53.61819434872501,91.38525155065471,False,0.212,0.2,True,True
LAS101057,O=C(Nc1cnc(-c2ccncc2F)c(-c2cccnc2)n1)C1CC1,1.0,53.54927636113025,63.40454858718125,False,0.254,0.224,True,True
LUFOTRELVIR,COc1cccc2[nH]c(C(=O)N[C@@H](CC(C)C)C(=O)N[C@@H](C[C@@H]3CCNC3=O)C(=O)COP(=O)(O)O)cc12,3.0,53.48035837353549,68.64231564438319,False,0.198,0.209,True,True
TANZISERTIB,O[C@H]1CC[C@H](Nc2ncc3nc(Nc4c(F)cc(F)cc4F)n([C@H]4CCOC4)c3n2)CC1,2.0,53.41144038594072,54.72088215024121,False,0.162,0.198,True,True
CTS-1027,O=C(NO)C1(CS(=O)(=O)c2ccc(Oc3ccc(Cl)cc3)cc2)CCOCC1,2.0,53.34252239834597,83.32184700206754,False,0.27,0.185,True,True
DORAMAPIMOD,Cc1ccc(-n2nc(C(C)(C)C)cc2NC(=O)Nc2ccc(OCCN3CCOCC3)c3ccccc23)cc1,2.0,53.2736044107512,24.01791867677464,False,0.242,0.225,True,True
EMIDURDAR,O=C(Nc1cc(C(F)(F)F)cc(C(F)(F)F)c1)Nc1ccc(Br)cc1-c1nnn[nH]1,2.0,53.204686423156446,99.1040661612681,False,0.29,0.21,True,True
ABAPERIDONE,O=c1c(CO)coc2cc(OCCCN3CCC(c4noc5cc(F)ccc45)CC3)ccc12,2.0,53.13576843556168,75.63749138525155,False,0.209,0.183,True,True
TOSUFLOXACIN,NC1CCN(c2nc3c(cc2F)c(=O)c(C(=O)O)cn3-c2ccc(F)cc2F)C1,2.0,53.06685044796692,42.24672639558925,False,0.238,0.167,True,True
DASATINIB LAURYLSULFATE,CCCCCCCCCCCCOS(=O)(=O)O.Cc1nc(Nc2ncc(C(=O)Nc3c(C)cccc3Cl)s2)cc(N2CCN(CCO)CC2)n1,1.0,52.99793246037216,62.99104066161267,False,0.213,0.223,True,True
FRILUGLANSTAT,COCc1nc2c(C(=O)Nc3cccc(Cl)c3C)cc(NC(=O)c3ccccc3C(F)(F)F)cc2[nH]1,2.0,52.9290144727774,60.50999310820124,False,0.311,0.231,True,True
UREDOFOS,CCOP(=O)(NC(=S)Nc1ccccc1NC(=O)NS(=O)(=O)c1ccc(C)cc1)OCC,2.0,52.86009648518264,82.4948311509304,False,0.238,0.4,True,False
AZELNIDIPINE,CC1=C(C(=O)OC(C)C)C(c2cccc([N+](=O)[O-])c2)C(C(=O)OC2CN(C(c3ccccc3)c3ccccc3)C2)=C(N)N1,3.0,52.79117849758788,75.63749138525155,False,0.215,0.19,True,True
MOPIDAMOL,OCCN(CCO)c1nc(N2CCCCC2)c2nc(N(CCO)CCO)ncc2n1,2.0,52.72226050999311,85.32046864231563,False,0.188,0.155,True,True
RG-7603,CCNC(=O)Nc1ccc(-c2nc3c(c(N4CCOC[C@@H]4C)n2)CCN(C2COC2)C3)cc1,1.0,52.65334252239835,50.137835975189525,False,0.213,0.204,True,True
CARUMONAM,NC(=O)OC[C@@H]1[C@H](NC(=O)/C(=N\OCC(=O)O)c2csc(N)n2)C(=O)N1S(=O)(=O)O,2.0,52.58442453480359,84.56237077877327,False,0.173,0.158,True,True
CVN-766,CCc1nc(C(F)(F)F)cnc1N[C@H]1CCC[C@@H]1NC(=O)c1ncccc1-n1nccn1,1.0,52.51550654720882,87.87043418332185,False,0.217,0.258,True,True
ENRASENTAN,CCCOc1ccc2c(c1)[C@@H](c1ccc(OC)cc1OCCO)[C@H](C(=O)O)[C@H]2c1ccc2c(c1)OCO2,2.0,52.44658855961406,91.38525155065471,False,0.247,0.245,True,True
LUFURADOM,CN1c2cc(F)ccc2C(c2ccccc2)=NCC1CNC(=O)c1ccoc1,2.0,52.3776705720193,64.2315644383184,False,0.244,0.245,True,True
MK-7145,Cc1c([C@@H](O)CN2CCN(C[C@H](O)c3ccc4c(c3C)COC4=O)CC2)ccc2c1COC2=O,1.0,52.30875258442453,77.25706409372847,False,0.189,0.177,True,True
AMG-517,CC(=O)Nc1nc2c(Oc3cc(-c4ccc(C(F)(F)F)cc4)ncn3)cccc2s1,1.0,52.23983459682977,71.12336319779462,False,0.247,0.229,True,True
GLICETANILE,COc1ccc(Cl)cc1NC(=O)Cc1ccc(S(=O)(=O)Nc2ncc(CC(C)C)cn2)cc1,2.0,52.17091660923501,71.39903514817367,False,0.346,0.216,True,True
BELVARAFENIB,Cc1ccc2c(Nc3cccc(Cl)c3F)nccc2c1NC(=O)c1csc2c(N)ncnc12,2.0,52.10199862164024,91.38525155065471,False,0.22,0.212,True,True
AMPIROXICAM,CCOC(=O)OC(C)OC1=C(C(=O)Nc2ccccn2)N(C)S(=O)(=O)c2ccccc21,2.0,52.03308063404548,56.305995864920746,False,0.253,0.307,True,True
ENVUDEUCITINIB,[2H]C([2H])([2H])CC(=O)c1cnc(NC(=O)C2CC2)cc1Nc1cccc(-c2ncn(C([2H])([2H])[2H])n2)c1OC,2.0,51.96416264645072,76.56788421778084,False,0.255,0.196,True,True
AR-12,NCC(=O)Nc1ccc(-n2nc(C(F)(F)F)cc2-c2ccc3c(ccc4ccccc43)c2)cc1,1.0,51.89524465885596,45.0723638869745,False,0.25,0.25,True,True
GSK-690693,CCn1c(-c2nonc2N)nc2c(C#CC(C)(C)O)ncc(OC[C@H]3CCCNC3)c21,1.0,51.82632667126119,80.42729152308753,False,0.151,0.178,True,True
VINTIAMOL,CC(=C(CCO)SC=CC(=O)c1ccccc1)N(C=O)Cc1cnc(C)nc1N,2.0,51.75740868366644,74.91385251550655,False,0.184,0.215,True,True
CLOFEZONE,CCCCC1C(=O)N(c2ccccc2)N(c2ccccc2)C1=O.CCN(CC)CCNC(=O)COc1ccc(Cl)cc1,2.0,51.68849069607168,41.4197105444521,False,0.309,0.216,True,True
LIDORESTAT,O=C(O)Cn1cc(Cc2nc3c(F)c(F)cc(F)c3s2)c2ccccc21,2.0,51.61957270847692,94.76223294279808,False,0.253,0.19,True,True
FIRMONERTINIB,C=CC(=O)Nc1cc(Nc2nccc(-c3cn(C)c4ccccc34)n2)c(OCC(F)(F)F)nc1N(C)CCN(C)C,3.0,51.55065472088215,84.90696071674707,False,0.218,0.191,True,True
CCX354,COc1cc(N2CCN(C(=O)Cn3nc(-c4ncc[nH]4)c4cccnc43)CC2)ccc1Cl,2.0,51.48173673328738,50.137835975189525,False,0.268,0.198,True,True
GSK-3186899,C[C@H]1CN(c2n[nH]c3nc(N[C@H]4CC[C@H](NS(=O)(=O)CCC(F)(F)F)CC4)ncc23)CCO1,1.0,51.41281874569263,59.407305306685046,False,0.228,0.179,True,True
FAZAMOREXANT,Cc1ccc(-c2ncccn2)c(C(=O)N2[C@H]3CC[C@@H](COc4ccc(F)cn4)[C@@H]2CC3)c1,3.0,51.343900758097874,91.38525155065471,False,0.247,0.247,True,True
ZELATRIAZIN,C[C@H](NC(=O)Cn1nnc2ccccc2c1=O)c1ccc(OC(F)(F)F)cc1,2.0,51.27498277050311,56.23707787732598,False,0.241,0.286,True,True
GLISAMURIDE,CC1CCC(NC(=O)NS(=O)(=O)c2ccc(CCNC(=O)N(C)c3ccccn3)cc2)CC1,2.0,51.20606478290834,84.8380427291523,False,0.237,0.253,True,True
LINRODOSTAT,C[C@@H](C(=O)Nc1ccc(Cl)cc1)C1CCC(c2ccnc3ccc(F)cc23)CC1,3.0,51.13714679531358,80.49620951068228,False,0.348,0.211,True,True
ATABECESTAT,C[C@@]1(c2cc(NC(=O)c3ccc(C#N)cn3)ccc2F)C=CSC(N)=N1,2.0,51.06822880771882,71.5368711233632,False,0.279,0.217,True,True
SRA-737,N#Cc1cnc(Nc2cc(NC[C@H]3CNCCO3)c(C(F)(F)F)cn2)cn1,1.0,50.99931082012405,62.37077877325983,False,0.23,0.209,True,True
CERALASERTIB,C[C@@H]1COCCN1c1cc(C2([S@](C)(=N)=O)CC2)nc(-c2cc[nH]c3nccc2-3)n1,3.0,50.93039283252929,91.38525155065471,False,0.162,0.172,True,True
BFH-772,O=C(Nc1cccc(C(F)(F)F)c1)c1cccc2cc(Oc3cc(CO)ncn3)ccc12,2.0,50.86147484493453,93.17711922811854,False,0.292,0.242,True,True
DS-1971,Cn1nccc1[C@H]1CCCC[C@@H]1Oc1cc(F)c(S(=O)(=O)Nc2ccncn2)cc1Cl,2.0,50.79255685733977,50.137835975189525,False,0.329,0.209,True,True
RG-1530,COc1cc2c(cc1F)C(c1ccccc1Cl)=Nc1c(n[nH]c1C)N2,1.0,50.723638869745,50.137835975189525,False,0.226,0.205,True,True
AST-487,CCN1CCN(Cc2ccc(NC(=O)Nc3ccc(Oc4cc(NC)ncn4)cc3)cc2C(F)(F)F)CC1,1.0,50.65472088215024,91.38525155065471,False,0.231,0.232,True,True
RIMONABANT,Cc1c(C(=O)NN2CCCCC2)nn(-c2ccc(Cl)cc2Cl)c1-c1ccc(Cl)cc1,4.0,50.58580289455548,50.137835975189525,False,0.247,0.238,True,True
VACTOSERTIB,Cc1cccc(-c2[nH]c(CNc3ccccc3F)nc2-c2ccc3ncnn3c2)n1,2.0,50.51688490696071,65.26533425223984,False,0.171,0.16,True,True
MK-0941 FREE BASE,CCS(=O)(=O)c1ccc(Oc2cc(O[C@@H](C)CO)cc(C(=O)Nc3ccn(C)n3)c2)cn1,2.0,50.44796691936595,81.736733287388,False,0.298,0.262,True,True
DALPICICLIB,CC(=O)c1c(C)c2cnc(Nc3ccc(C4CCNCC4)cn3)nc2n(C2CCCC2)c1=O,3.0,50.37904893177119,50.137835975189525,False,0.214,0.213,True,True
ICLEPERTIN,C[C@@H](Oc1ccc(S(C)(=O)=O)cc1C(=O)N1C[C@@H]2C[C@]2(c2cc(C(F)(F)F)on2)C1)C(F)(F)F,3.0,50.31013094417642,50.137835975189525,False,0.196,0.2,True,True
PKI-166,C[C@@H](Nc1ncnc2[nH]c(-c3ccc(O)cc3)cc12)c1ccccc1,1.0,50.24121295658166,80.22053756030324,False,0.217,0.182,True,True
FLOXACILLIN,Cc1onc(-c2c(F)cccc2Cl)c1C(=O)N[C@@H]1C(=O)N2[C@@H]1SC(C)(C)[C@@H]2C(=O)O,3.0,50.17229496898691,67.67746381805651,False,0.241,0.192,True,True
CAVOSONSTAT,O=C(O)c1ccc(-c2ccc3cc(O)ccc3n2)c(Cl)c1,2.0,50.10337698139215,91.38525155065471,False,0.293,0.217,True,True
FULZERASIB,C=CC(=O)N1CCN2c3c(c(=O)n(-c4c(C)ccnc4C(C)C)c4nc(-c5c(O)cccc5F)c(Cl)cc34)N(C)C(=O)[C@H]2C1,2.0,50.03445899379738,24.01791867677464,False,0.204,0.229,True,True
BRANEBRUTINIB,CC#CC(=O)N[C@H]1CCCN(c2c(F)cc(C(N)=O)c3[nH]c(C)c(C)c23)C1,2.0,49.96554100620262,91.38525155065471,False,0.18,0.211,True,True
AMOXYDRAMINE CAMSILATE,CC1(C)C2CCC1(CS(=O)(=O)O)C(=O)C2.C[N+](C)([O-])CCOC(c1ccccc1)c1ccccc1,2.0,49.896623018607855,77.46381805651275,False,0.172,0.198,True,True
TELOTRISTAT,Cc1ccn(-c2cc(Cl)ccc2[C@@H](Oc2cc(-c3ccc(C[C@H](N)C(=O)O)cc3)nc(N)n2)C(F)(F)F)n1,4.0,49.82770503101309,8.339076498966225,False,0.226,0.183,True,True
SOLIMASTAT,CO[C@H](C(=O)NO)[C@@H](CC(C)C)C(=O)N[C@H](C(=O)Nc1ccccn1)C(C)(C)C,2.0,49.75878704341833,65.95451412818745,False,0.218,0.227,True,True
SULFASALAZINE,O=C(O)c1cc(/N=N/c2ccc(S(=O)(=O)Nc3ccccn3)cc2)ccc1O,4.0,49.68986905582357,50.137835975189525,False,0.382,0.253,True,True
LINIFANIB,Cc1ccc(F)c(NC(=O)Nc2ccc(-c3cccc4[nH]nc(N)c34)cc2)c1,3.0,49.620951068228806,91.86767746381804,False,0.257,0.25,True,True
DARIZMETINIB,CCCS(=O)(=O)Nc1c(F)ccc(C(=O)c2n[nH]c3ncc(-c4ccncc4)cc23)c1F,2.0,49.55203308063405,86.69882839421089,False,0.284,0.224,True,True
BRINDOXIME,CC(O/N=C1\c2ncncc2-c2cc(Br)cc(Br)c21)C(=O)NCCN(C)C,2.0,49.48311509303929,46.519641626464505,False,0.188,0.213,True,True
VAREGACESTAT,Cc1cccc2c1NC(=O)[C@@H](NC(=O)[C@H](CCC(F)(F)F)[C@H](CCC(F)(F)F)C(N)=O)N=C2c1cccc(F)c1,2.0,49.41419710544452,91.38525155065471,False,0.253,0.265,True,True
ABT-102,CC(C)(C)c1ccc2c(c1)CC[C@H]2NC(=O)Nc1cccc2[nH]ncc12,1.0,49.34527911784976,54.99655410062025,False,0.244,0.232,True,True
CROLIBULIN,COc1cc([C@H]2C(C#N)=C(N)Oc3c2ccc(N)c3N)cc(Br)c1OC,2.0,49.276361130255,37.49138525155066,False,0.202,0.167,True,True
TEGOPRAZAN,Cc1nc2cc(C(=O)N(C)C)cc(O[C@H]3CCOc4cc(F)cc(F)c43)c2[nH]1,3.0,49.20744314266023,50.137835975189525,False,0.186,0.293,True,True
POSENACAFTOR,Cc1c(-c2cc(C(=O)O)c3c(O[C@H](C)C4CCOCC4)ccc(C)c3n2)oc2ccccc12,2.0,49.13852515506547,90.97174362508616,False,0.226,0.198,True,True
TIGOLANER,Cn1nc(C(F)(F)C(F)(F)F)c(C(F)(F)F)c1-n1cc(-c2ccc(Cl)c(C(=O)NC3(C#N)CC3)c2)cn1,2.0,49.06960716747071,61.1302549965541,False,0.24,0.184,True,True
ORLISTAT,CCCCCCCCCCC[C@@H](C[C@@H]1OC(=O)[C@H]1CCCCCC)OC(=O)[C@H](CC(C)C)NC=O,4.0,49.00068917987595,91.38525155065471,False,0.14,0.167,True,True
PINADOLINE,O=C(CCCCCl)NNC(=O)N1Cc2ccccc2Oc2ccc(Cl)cc21,2.0,48.93177119228118,61.6815988973122,False,0.221,0.188,True,True
CLOMOCYCLINE,CN(C)[C@@H]1C(O)=C(C(=O)NCO)C(=O)[C@@]2(O)C(O)=C3C(=O)c4c(O)ccc(Cl)c4[C@@](C)(O)[C@H]3C[C@@H]12,2.0,48.86285320468642,57.13301171605789,False,0.165,0.167,True,True
GSK-356278,CCn1ncc2c(NC3CCOCC3)c(-c3nnc(Cc4sc(C)nc4C)o3)cnc21,1.0,48.79393521709167,91.38525155065471,False,0.155,0.242,True,True
PRANIDIPINE,COC(=O)C1=C(C)NC(C)=C(C(=O)OC/C=C/c2ccccc2)C1c1cccc([N+](=O)[O-])c1,2.0,48.725017229496906,60.44107512060648,False,0.231,0.214,True,True
FANDOSENTAN,CCc1cc(C2=C(C(=O)O)N(c3ccccc3C(F)(F)F)S(=O)(=O)c3ccccc32)cc2c1OCO2,2.0,48.65609924190214,50.137835975189525,False,0.3,0.179,True,True
MK-8876,CNC(=O)c1c(-c2ccc(F)cc2)oc2cc(N(C)S(C)(=O)=O)c(-c3ccc4c(n3)-c3cc5c(F)cccc5n3CO4)cc12,1.0,48.587181254307374,75.63749138525155,False,0.198,0.186,True,True
CADAZOLID,O=C(O)c1cn(C2CC2)c2cc(N3CCC(O)(COc4ccc(N5C[C@H](CO)OC5=O)cc4F)CC3)c(F)cc2c1=O,3.0,48.518263266712616,50.137835975189525,False,0.194,0.184,True,True
BIIB-028,COc1c(C)cnc(Cn2cc(C#CCCOP(=O)(O)O)c3c(Cl)nc(N)nc32)c1C,1.0,48.44934527911785,75.80978635423845,False,0.172,0.134,True,True
VULOLISIB,C[C@H](Nc1ccc2c(c1)OCCn1cc(N3C(=O)SC[C@H]3C(F)F)nc1-2)C(N)=O,2.0,48.38042729152309,91.38525155065471,False,0.239,0.212,True,True
ONO-2333MS,CCC(CC)Nc1c2c(nc3c(-c4ccc(OC)cc4Cl)c(C)nn13)CCC2,2.0,48.311509303928325,91.38525155065471,False,0.207,0.228,True,True
MILCICLIB,CNC(=O)c1nn(C)c2c1C(C)(C)Cc1cnc(Nc3ccc(N4CCN(C)CC4)cc3)nc1-2,2.0,48.24259131633356,50.137835975189525,False,0.176,0.187,True,True
MB-07803,CCOC(=O)C(C)(C)NP(=O)(NC(C)(C)C(=O)OCC)c1ccc(-c2nc(N)sc2C(=O)C(C)(C)C)o1,2.0,48.1736733287388,24.01791867677464,False,0.258,0.205,True,True
BI-671800,CN(C)c1nc(Cc2ccc(NC(=O)c3ccc(C(F)(F)F)cc3)cc2)nc(N(C)C)c1CC(=O)O,2.0,48.10475534114404,68.4355616815989,False,0.25,0.259,True,True
DANUGLIPRON TROMETHAMINE,N#Cc1ccc(COc2cccc(C3CCN(Cc4nc5ccc(C(=O)O)cc5n4C[C@@H]4CCO4)CC3)n2)c(F)c1.NC(CO)(CO)CO,1.0,48.03583735354927,50.137835975189525,False,0.232,0.22,True,True
NERANDOMILAST,[O-][S+]1CCc2nc(N3CCC(c4ncc(Cl)cn4)CC3)nc(NC3(CO)CCC3)c21,2.0,47.96691936595452,66.64369400413509,False,0.198,0.181,True,True
BMS-852927,CC(C)(O)c1cn(-c2ccc(-c3cc(F)c(CO)c(S(C)(=O)=O)c3)cc2F)c(C(C)(C)c2c(Cl)cccc2Cl)n1,1.0,47.89800137835976,24.01791867677464,False,0.244,0.186,True,True
BMS-690514,COc1cccc(Nc2ncnn3ccc(CN4CC[C@@H](N)[C@H](O)C4)c23)c1,2.0,47.82908339076499,54.30737422467264,False,0.245,0.245,True,True
CENERIMOD,CCc1cc(-c2noc(-c3cc(OC)nc(C4CCCC4)c3)n2)cc(C)c1OC[C@@H](O)CO,3.0,47.76016540317023,84.01102687801516,False,0.189,0.191,True,True
THENIUM CLOSYLATE,C[N+](C)(CCOc1ccccc1)Cc1cccs1.O=S(=O)([O-])c1ccc(Cl)cc1,2.0,47.69124741557547,50.137835975189525,False,0.21,0.168,True,True
IZUMEROGANT,CC(C)(O)CCn1ncc(-c2onc(-c3c(F)cccc3Cl)c2-c2ncccn2)c1C(F)(F)F,2.0,47.6223294279807,85.5961405926947,False,0.219,0.219,True,True
SALAZOSULFATHIAZOLE,O=C(O)c1cc(/N=N/c2ccc(S(=O)(=O)Nc3nccs3)cc2)ccc1O,2.0,47.55341144038594,29.427980702963477,False,0.391,0.243,True,True
LOTAMILAST,CNc1nc(-c2cccc(NC(=O)c3ccc(C(=O)OC)cc3)c2)c2cc(OC)c(OC)cc2n1,2.0,47.48449345279118,75.63749138525155,False,0.298,0.223,True,True
PARENT OF BMS-986202,CNC(=O)c1cnc(NC(=O)C2CC2)cc1Nc1cccc(-c2ncc(F)cn2)c1OC,1.0,47.41557546519641,91.38525155065471,False,0.264,0.23,True,True
TAK-901,CCS(=O)(=O)c1cccc(-c2cc(C(=O)NC3CCN(C)CC3)c(C)c3[nH]c4ncc(C)cc4c23)c1,1.0,47.34665747760165,91.38525155065471,False,0.235,0.258,True,True
DENOTIVIR,Cc1nsc(NC(=O)c2ccccc2)c1C(=O)Nc1ccc(Cl)cc1,2.0,47.27773949000689,50.137835975189525,False,0.309,0.23,True,True
ENVONALKIB,COc1cc(N2CCNC[C@@H]2C)ncc1-c1cnc(N)c(O[C@H](C)c2c(Cl)ccc(F)c2Cl)c1,2.0,47.208821502412135,50.137835975189525,False,0.2,0.191,True,True
CENISERTIB,Cc1cc(Nc2ncc(F)c(NC3C4C=CC(C4)C3C(N)=O)n2)ccc1N1CCN(C)CC1,2.0,47.13990351481737,50.137835975189525,False,0.225,0.226,True,True
JNJ-64264681,C=CC(=O)N[C@H]1CCC[C@H]1NC(=O)c1sc2nccc3c2c1NC(=O)N3c1cnc(CC(C)C)cc1C,1.0,47.07098552722261,50.137835975189525,False,0.181,0.204,True,True
AZD-7648,Cc1cc2ncnn2cc1Nc1ncc2c(n1)n(C1CCOCC1)c(=O)n2C,1.0,47.002067539627845,75.5341144038594,False,0.162,0.188,True,True
LINTITRIPT,O=C(O)Cn1c(C(=O)Nc2nc(-c3ccccc3Cl)cs2)cc2ccccc21,2.0,46.93314955203308,82.90833907649898,False,0.291,0.247,True,True
BITHIONOLOXIDE,[O-][S+](c1cc(Cl)cc(Cl)c1O)c1cc(Cl)cc(Cl)c1O,2.0,46.86423156443832,97.24328049620952,False,0.213,0.234,True,True
BUQUINERAN,CCCCNC(=O)NC1CCN(c2ncnc3cc(OC)c(OC)cc23)CC1,2.0,46.795313576843554,80.90971743625086,False,0.264,0.213,True,True
NINGETINIB,Cc1c(C(=O)Nc2ccc(Oc3ccnc4cc(OCC(C)(C)O)ccc34)c(F)c2)c(=O)n(-c2ccccc2)n1C,2.0,46.7263955892488,86.21640248104755,False,0.253,0.221,True,True
SGR-1505,C[C@@]1(C(F)(F)F)CN(C(=O)Nc2cnc(-n3nccn3)c(Cl)c2)c2cnc3cc(F)nn3c21,1.0,46.65747760165403,50.137835975189525,False,0.206,0.202,True,True
CLAZURIL,N#CC(c1ccc(Cl)cc1)c1ccc(-n2ncc(=O)[nH]c2=O)cc1Cl,2.0,46.588559614059264,73.53549276361132,False,0.188,0.165,True,True
AZD-1656,COC[C@H](C)Oc1cc(Oc2cnc(C(=O)N3CCC3)cn2)cc(C(=O)Nc2cnc(C)cn2)c1,2.0,46.519641626464505,91.38525155065471,False,0.207,0.2,True,True
FLOMOXEF,CO[C@@]1(NC(=O)CSC(F)F)C(=O)N2C(C(=O)O)=C(CSc3nnnn3CCO)CO[C@@H]21,3.0,46.45072363886974,78.77325982081324,False,0.16,0.161,True,True
SULUKAST,CCCCCCCCC/C=C\C=C\[C@@H](SCCC(=O)O)[C@@H](O)c1cccc(-c2nnn[nH]2)c1,2.0,46.38180565127499,89.17987594762234,False,0.295,0.192,True,True
IZENCITINIB,Cc1cc(Nc2cc3ncccc3c(N[C@@H]3C[C@H]4CC[C@@H](C3)N4CCC#N)n2)n[nH]1,2.0,46.31288766368022,81.59889731219849,False,0.204,0.263,True,True
ENCALERET,Cc1cc(-c2ccccc2[C@@H](C)OC[C@H](O)CNC(C)(C)Cc2ccc(Cl)c(F)c2)ccc1C(=O)O,3.0,46.24396967608546,24.328049620951063,False,0.242,0.208,True,True
IBROLIPIM,CCOP(=O)(Cc1ccc(C(=O)Nc2ccc(Br)cc2C#N)cc1)OCC,2.0,46.1750516884907,79.1867677463818,False,0.3,0.231,True,True
APAFANT,Cc1nnc2n1-c1sc(CCC(=O)N3CCOCC3)cc1C(c1ccccc1Cl)=NC2,2.0,46.10613370089594,75.63749138525155,False,0.25,0.204,True,True
ASK-120067,C=CC(=O)Nc1cc(Nc2ncc(Cl)c(Nc3ccc4ccccc4c3)n2)c(OC)cc1N(C)CCN(C)C,3.0,46.03721571330117,91.38525155065471,False,0.238,0.206,True,True
RETASPIMYCIN,C=CCNc1c(O)cc2c(O)c1C[C@@H](C)C[C@H](OC)[C@H](O)[C@@H](C)/C=C(\C)[C@H](OC(N)=O)[C@@H](OC)/C=C\C=C(/C)C(=O)N2,3.0,45.96829772570641,34.045485871812545,False,0.142,0.145,True,True
PF-05241328,Cc1nn(-c2cnc(OCC(C)C)c(Cl)c2)c2ccc(C(=O)NS(C)(=O)=O)cc12,1.0,45.89937973811165,72.36388697450035,False,0.288,0.22,True,True
PM-00104,COc1c(C)cc2c(c1O)[C@@H]1[C@@H]3Cc4c(OC(C)=O)c(C)c5c(c4[C@H](CNC(=O)/C=C/c4cccc(C(F)(F)F)c4)N3[C@@H](O)[C@H](C2)N1C)OCO5,2.0,45.83046175051688,50.137835975189525,False,0.189,0.202,True,True
MIFANERTINIB,CN(C)C/C=C/C(=O)Nc1cc2c(Nc3ccc(F)c(Cl)c3)ncnc2cc1OC(F)F,2.0,45.76154376292212,75.63749138525155,False,0.264,0.222,True,True
EBVACICLIB,C[C@@]1(O)CCC[C@H]1n1c(=O)c(C(F)F)cc2cnc(NC3CCN(S(C)(=O)=O)CC3)nc21,2.0,45.69262577532736,50.137835975189525,False,0.186,0.216,True,True
AL-01211,O=C(N[C@H](CN1CCCC1)[C@H](O)c1ccc(OC2CC2)c(Cl)c1)/C(=N/O)c1ccc2cc(Cl)ccc2c1,2.0,45.623707787732606,75.63749138525155,False,0.176,0.208,True,True
SISAPRONIL,N#Cc1nn(-c2c(Cl)cc(C(F)(F)F)cc2Cl)c(N)c1C1(C(F)(F)F)CC1(F)F,2.0,45.55478980013784,61.47484493452791,False,0.212,0.185,True,True
DEULORLATINIB,[2H]C([2H])([2H])n1nc2c(c1C#N)-c1cnc(N)c(c1)O[C@H](C)c1cc(F)ccc1C(=O)N(C)C2,2.0,45.485871812543074,91.38525155065471,False,0.224,0.2,True,True
VENGLUSTAT MALATE,CC(C)(NC(=O)O[C@@H]1CN2CCC1CC2)c1csc(-c2ccc(F)cc2)n1.O=C(O)CC(O)C(=O)O,2.0,45.41695382494832,84.21778084079945,False,0.222,0.196,True,True
ASALHYDROMORPHONE,CC(=O)Oc1ccccc1C(=O)OC1=CC[C@H]2[C@H]3Cc4ccc(OC(=O)c5ccccc5OC(C)=O)c5c4[C@@]2(CCN3C)[C@H]1O5,2.0,45.34803583735355,24.01791867677464,False,0.186,0.165,True,True
SIPAGLADENANT,Cc1ccc(C(=O)Nc2nc(-c3ccco3)c(C(=O)C3CCOCC3)s2)cn1,2.0,45.27911784975879,91.38525155065471,False,0.2,0.21,True,True
DSP-2230,C[C@@H](NCc1nc2ccc(Oc3cc(F)c(F)c(F)c3)nc2n1C1CCC1)C(N)=O,1.0,45.210199862164025,95.86492074431426,False,0.206,0.208,True,True
LY377604,CC(C)(Cc1ccc(Oc2ccc(C(N)=O)cn2)cc1)NC[C@H](O)COc1cccc2[nH]c3ccccc3c12,2.0,45.14128187456926,91.66092350103376,False,0.2,0.215,True,True
SAGOPILONE,C=CC[C@H]1C(=O)C(C)(C)[C@@H](O)CC(=O)O[C@H](c2ccc3sc(C)nc3c2)C[C@@H]2O[C@]2(C)CCC[C@H](C)[C@@H]1O,2.0,45.0723638869745,91.38525155065471,False,0.182,0.164,True,True
PRX-08066,N#Cc1cc(CN2CCC(Nc3ncnc4sc(Cl)cc34)CC2)ccc1F,2.0,45.00344589937973,50.137835975189525,False,0.274,0.217,True,True
TRICIRIBINE PHOSPHATE,CN1N=C(N)c2cn([C@@H]3O[C@H](COP(=O)(O)O)[C@@H](O)[C@H]3O)c3ncnc1c23,2.0,44.93452791178497,98.55272226051,False,0.149,0.13,True,True
JNJ-41443532,O=C(CNC(=O)c1cccc(C(F)(F)F)c1)NC1CN([C@H]2CC[C@@](O)(c3cncs3)CC2)C1,2.0,44.86560992419021,79.9448656099242,False,0.235,0.248,True,True
ODENTEGRAVIR,O=C(NCc1c(F)cc(F)cc1F)c1cn2c(c(O)c1=O)C(=O)N1CCCC[C@H]2C1,2.0,44.79669193659546,91.38525155065471,False,0.194,0.207,True,True
JAB-3068,CC(=O)N1CC(F)(F)c2c(Sc3ncc(N4CCC5(CC4)COC[C@H]5N)nc3N)cccc21,1.0,44.72777394900069,50.137835975189525,False,0.232,0.17,True,True
PRESATOVIR,Cc1cn2nc([C@@H]3CCCCN3C(=O)c3cc(Cl)ccc3NS(C)(=O)=O)cc2nc1N1CC[C@H](N)C1,2.0,44.65885596140593,91.38525155065471,False,0.264,0.221,True,True
ANAZOLENE SODIUM,O=S(=O)([O-])c1cc(O)c2c(/N=N/c3ccc(Nc4ccccc4)c4c(S(=O)(=O)[O-])cccc34)cc(S(=O)(=O)[O-])cc2c1,2.0,44.58993797381117,75.63749138525155,False,0.219,0.189,True,True
MEDORUBICIN,C[C@@H]1O[C@@H](O[C@H]2C[C@](O)(C(=O)CO)Cc3c(O)c4c(c(O)c32)C(=O)c2ccccc2C4=O)C[C@H](N)[C@@H]1O,2.0,44.5210199862164,95.2446588559614,False,0.185,0.188,True,True
KOSN-1724,C/C1=C/C[C@@H](/C(C)=C/c2cc(C)on2)OC(=O)C[C@H](O)C(C)(C)C(=O)[C@H](C)[C@@H](O)[C@@H](C)/C=C\C1,1.0,44.45210199862164,91.38525155065471,False,0.152,0.138,True,True
ALOGABAT,Cc1ccc(-c2noc(C)c2COc2ccc(C(=O)NC3CCOCC3)nn2)cn1,2.0,44.38318401102688,50.137835975189525,False,0.179,0.221,True,True
IOTRIZOIC ACID,COCCOCCOCCOCCOCC(=O)Nc1c(I)cc(I)c(C(=O)O)c1I,2.0,44.31426602343211,66.4369400413508,False,0.205,0.226,True,True
"THIOUREA, N-(5-BROMO-2-PYRIDINYL)-N'-(2-(2-CHLORO-3-ETHOXY-6-FLUOROPHENYL)ETHYL)-",CCOc1ccc(F)c(CCNC(=S)Nc2ccc(Br)cn2)c1Cl,2.0,44.24534803583735,39.55892487939352,False,0.289,0.226,True,True
LANABECESTAT,CC#Cc1cncc(-c2ccc3c(c2)[C@@]2(N=C(C)C(N)=N2)[C@]2(CC[C@H](OC)CC2)C3)c1,3.0,44.17643004824259,24.01791867677464,False,0.202,0.151,True,True
TETRAHYDROFOLATE,Nc1nc(=O)c2c([nH]1)NC[C@@H](CNc1ccc(C(=O)N[C@@H](CCC(=O)O)C(=O)O)cc1)N2,3.0,44.10751206064782,74.15575465196416,False,0.2,0.175,True,True
FEBANTEL,COCC(=O)Nc1cc(Sc2ccccc2)ccc1N=C(NC(=O)OC)NC(=O)OC,2.0,44.03859407305307,90.6960716747071,False,0.212,0.29,True,True
PIROXICAM,CN1C(C(=O)Nc2ccccn2)=C(O)c2ccccc2S1(=O)=O,4.0,43.96967608545831,85.0447966919366,False,0.27,0.243,True,True
TAK-960,COc1cc(C(=O)NC2CCN(C)CC2)c(F)cc1Nc1ncc2c(n1)N(C1CCCC1)CC(F)(F)C(=O)N2C,1.0,43.900758097863545,24.01791867677464,False,0.206,0.208,True,True
LAROPROVSTAT,O=c1ccccn1-c1ccc(N[C@H]2CC[C@H](Nc3ncc(OC(F)F)cn3)C2)nc1,2.0,43.83184011026879,69.5382494831151,False,0.22,0.189,True,True
PULIGINURAD,CC(C)(Cc1cc2c(-c3ccc(C#N)cc3)cncc2s1)C(=O)O,2.0,43.76292212267402,80.77188146106134,False,1.0,0.222,False,True
METRIFUDIL,Cc1ccccc1CNc1ncnc2c1ncn2[C@@H]1O[C@H](CO)[C@@H](O)[C@H]1O,2.0,43.69400413507925,99.31082012405238,False,0.193,0.169,True,True
NELADALKIB,CCn1nc(Cl)c2c1-c1cnc(N)c(c1)O[C@H](C)c1cc(F)ccc1-c1nn(C)cc1C2,2.0,43.625086147484495,91.38525155065471,False,0.208,0.196,True,True
AMBROXOL ACEFYLLINATE,Cn1c(=O)c2c(ncn2CC(=O)O)n(C)c1=O.Nc1c(Br)cc(Br)cc1CN[C@H]1CC[C@H](O)CC1,3.0,43.55616815988973,37.698139214334944,False,0.186,0.206,True,True
LACIDIPINE,CCOC(=O)C1=C(C)NC(C)=C(C(=O)OCC)C1c1ccccc1/C=C/C(=O)OC(C)(C)C,3.0,43.48725017229496,75.63749138525155,False,0.183,0.222,True,True
JT-001,O=C(Nc1c2c(cc3c1CCC3)CCC2)NS(=O)(=O)c1cnn2c1OCCC2,3.0,43.418332184700205,98.75947622329429,False,0.2,1.0,True,False
RABUSERTIB,Cc1cnc(NC(=O)Nc2cc(Br)c(C)cc2OC[C@@H]2CNCCO2)cn1,2.0,43.34941419710544,91.38525155065471,False,0.196,0.205,True,True
ZELICAPAVIR,O=C1Nc2ccccc2C(c2ccccc2)=N[C@@H]1Nc1nnc(-c2ncc(C(F)(F)F)cc2N2CCOCC2)o1,2.0,43.28049620951068,24.01791867677464,False,0.219,0.227,True,True
LY-3009120,CNc1ncc2cc(-c3cc(NC(=O)NCCC(C)(C)C)c(F)cc3C)c(C)nc2n1,1.0,43.21157822191593,91.38525155065471,False,0.18,0.214,True,True
ICLAPRIM,COc1cc(Cc2cnc(N)nc2N)c2c(c1OC)OC(C1CC1)C=C2,3.0,43.14266023432116,78.6354238456237,False,0.173,0.15,True,True
BMS-986299,CCN(Cc1nc2c(N)nc3cc(-c4cc[nH]n4)ccc3c2[nH]1)C(C)=O,1.0,43.0737422467264,97.10544452102,False,0.193,0.211,True,True
PF-04620110,Nc1ncnc2c1C(=O)N(c1ccc([C@H]3CC[C@H](CC(=O)O)CC3)cc1)CCO2,1.0,43.00482425913164,91.38525155065471,False,0.225,0.175,True,True
AMCINAFIDE,C[C@@]1(c2ccccc2)O[C@@H]2C[C@H]3[C@@H]4CCC5=CC(=O)C=C[C@]5(C)[C@@]4(F)[C@@H](O)C[C@]3(C)[C@]2(C(=O)CO)O1,2.0,42.93590627153687,75.63749138525155,False,0.16,0.194,True,True
TIVUMECIRNON BESYLATE,C[C@H](c1ccc(Cl)cc1Cl)n1nc(C(F)(F)F)c2ncc(N3CC([C@H]4CCCN(CCO)C4)C3)nc21.O=S(=O)(O)c1ccccc1,1.0,42.866988283942106,24.01791867677464,False,0.214,0.271,True,True
AZD-1480,Cc1cc(Nc2nc(N[C@@H](C)c3ncc(F)cn3)ncc2Cl)[nH]n1,2.0,42.79807029634735,75.63749138525155,False,0.218,0.212,True,True
SAPANISERTIB,CC(C)n1nc(-c2ccc3oc(N)nc3c2)c2c(N)ncnc21,2.0,42.72915230875258,57.33976567884218,False,0.155,0.191,True,True
BEZUCLASTINIB,Cc1[nH]nc(C(=O)Nc2cnc3[nH]c(-c4ccccc4)cc3c2)c1C,3.0,42.660234321157816,91.9365954514128,False,0.313,0.229,True,True
THELIATINIB,C#Cc1cccc(Nc2ncnc3cc(OC)c(NC(=O)N4C[C@H]5CCN(C)[C@H]5C4)cc23)c1,2.0,42.59131633356306,10.47553411440386,False,0.276,0.192,True,True
NUVISERTIB,CC(C)(O)[C@H]1CC[C@H](Nc2ccc3ncc(-c4cccc(C(F)(F)F)c4)n3n2)CC1,2.0,42.52239834596829,79.60027567195039,False,0.291,0.312,True,True
CYC-065,CC[C@H](Nc1nc(NCc2cnc(C)cc2C)c2ncn(C(C)C)c2n1)[C@@H](C)O,2.0,42.45348035837354,57.61543762922123,False,0.161,0.188,True,True
TIAFIBRATE,CC(C)(Oc1ccc(Cl)cc1)C(=O)OCCSCCCCCCCCCCSCCOC(=O)C(C)(C)Oc1ccc(Cl)cc1,2.0,42.38456237077878,25.430737422467264,False,0.447,0.203,False,True
MK-6913,CC(C)(C)n1nnc2c3c(ccc21)C1=CC(=O)CC[C@@]1(CCOc1ccccc1)C3,2.0,42.315644383184015,50.137835975189525,False,0.2,0.194,True,True
RILMAZAFONE,CN(C)C(=O)c1nc(CNC(=O)CN)n(-c2ccc(Cl)cc2C(=O)c2ccccc2Cl)n1,2.0,42.24672639558925,75.63749138525155,False,0.241,0.212,True,True
AZD2066,C[C@@H](Oc1nnc(-c2ccncc2)n1C)c1cc(-c2cccc(Cl)c2)on1,2.0,42.17780840799449,50.137835975189525,False,0.192,0.207,True,True
CORMETHASONE ACETATE,CC(=O)OCC(=O)[C@@]1(O)[C@H](C)C[C@H]2[C@@H]3CC(F)(F)C4=CC(=O)C=C[C@]4(C)[C@@]3(F)[C@@H](O)C[C@@]21C,2.0,42.108890420399725,75.63749138525155,False,0.126,0.158,True,True
PETESICATIB,Cn1cc(-c2ccc(S(=O)(=O)[C@@H]3C[C@@H](C(=O)NC4(C#N)CC4)N(C(=O)C4(C(F)(F)F)CC4)C3)c(C(F)(F)F)c2)cn1,2.0,42.03997243280496,50.137835975189525,False,0.23,0.204,True,True
ADMILPARANT,CCCN(C)C(=O)OCc1c(-c2ccc(O[C@H]3CCC[C@H](C(=O)O)C3)c(C)n2)nnn1C,3.0,41.9710544452102,50.137835975189525,False,0.178,0.24,True,True
LODAZECAR,C[C@@H]1N=C(c2ccccc2Cl)c2c(ccc(NC(=O)NC(C)(CO)CO)c2Br)N(C)C1=O,2.0,41.90213645761544,70.36526533425224,False,0.25,0.213,True,True
BI-2536,CC[C@@H]1C(=O)N(C)c2cnc(Nc3ccc(C(=O)NC4CCN(C)CC4)cc3OC)nc2N1C1CCCC1,2.0,41.83321847002068,50.137835975189525,False,0.245,0.224,True,True
ROVAFOVIR ETALAFENAMIDE CITRATE,CCOC(=O)[C@H](C)N[P@](=O)(CO[C@@H]1C=C(F)[C@H](n2cnc3c(N)ncnc32)O1)Oc1ccccc1.O=C(O)CC(O)(CC(=O)O)C(=O)O,1.0,41.76430048242591,82.25361819434872,False,0.188,0.194,True,True
AZD-0424,CC(=O)N1CCN(CCOc2cc(OC(C)C)c3c(Nc4c(Cl)cnc5c4OCO5)ncnc3c2)CC1,1.0,41.69538249483114,50.137835975189525,False,0.172,0.215,True,True
BMS-223131,O=c1[nH]c2ccc(C(F)(F)F)cc2c(-c2cc(Cl)ccc2O)c1CCO,2.0,41.62646450723639,50.137835975189525,False,0.311,0.216,True,True
LY-3499446,C=CC(=O)N1CCN(c2ncnc3c(F)c(-c4ccc(F)c5sc(N)nc45)c(Cl)cc23)CC1,1.0,41.55754651964163,91.38525155065471,False,0.192,0.198,True,True
FORMOCORTAL,CC(=O)OCC(=O)[C@@]12OC(C)(C)O[C@@H]1C[C@H]1[C@@H]3CC(C=O)=C4C=C(OCCCl)CC[C@]4(C)[C@@]3(F)[C@@H](O)C[C@@]12C,2.0,41.48862853204687,50.137835975189525,False,0.15,0.188,True,True
MUVADENANT,COc1ncc(C2=CCOCC2)c2sc(NC(=O)N3CC[C@@]4(CCCOC4)C3)nc12,2.0,41.4197105444521,80.15161957270848,False,0.196,0.176,True,True
CEFAZEDONE,Cc1nnc(SCC2=C(C(=O)O)N3C(=O)[C@@H](NC(=O)Cn4cc(Cl)c(=O)c(Cl)c4)[C@H]3SC2)s1,2.0,41.35079255685734,55.4789800137836,False,0.192,0.238,True,True
BIMIRALISIB,Nc1cc(C(F)(F)F)c(-c2nc(N3CCOCC3)nc(N3CCOCC3)n2)cn1,2.0,41.28187456926258,60.37215713301172,False,0.234,0.215,True,True
ZIFTOMENIB,CNc1nc(NC2CCN(Cc3ccc4c(cc(C#N)n4C[C@H](C)N4CCN(S(C)(=O)=O)CC4)c3C)CC2)c2cc(CC(F)(F)F)sc2n1,1.0,41.21295658166781,30.737422467263958,False,0.176,0.207,True,True
GW590735,Cc1nc(-c2ccc(C(F)(F)F)cc2)sc1C(=O)NCc1ccc(OC(C)(C)C(=O)O)cc1,2.0,41.14403859407305,77.67057201929704,False,0.317,0.247,True,True
CLOFUTRIBEN,Cn1c(-c2ccc(C(N)=O)cc2F)nnc1C(C)(C)Oc1c(F)cc(Cl)cc1F,2.0,41.075120606478286,63.19779462439696,False,0.267,0.198,True,True
RALOXIFENE,O=C(c1ccc(OCCN2CCCCC2)cc1)c1c(-c2ccc(O)cc2)sc2cc(O)ccc12,4.0,41.00620261888353,33.42522398345969,False,0.319,0.208,True,True
NEDISERTIB,COc1ccc([C@@H](O)c2cc(-c3ncnc4cc(N5CCOCC5)ccc34)c(F)cc2Cl)nn1,1.0,40.93728463128876,88.55961405926946,False,0.185,0.173,True,True
S-3304,Cc1ccc(C#Cc2ccc(S(=O)(=O)N[C@H](Cc3c[nH]c4ccccc34)C(=O)O)s2)cc1,1.0,40.86836664369401,53.96278428669883,False,0.211,0.2,True,True
WNT-974,Cc1cc(-c2ncc(CC(=O)Nc3ccc(-c4cnccn4)cn3)cc2C)ccn1,2.0,40.79944865609925,75.63749138525155,False,0.21,0.253,True,True
MAVATREP,CC(C)(O)c1ccccc1-c1ccc2[nH]c(/C=C/c3ccc(C(F)(F)F)cc3)nc2c1,2.0,40.730530668504485,66.85044796691938,False,0.262,0.209,True,True
ICOMETASONE ENBUTATE,CCCC(=O)O[C@]1(C(=O)COC(C)=O)[C@H](C)C[C@H]2[C@@H]3CCC4=CC(=O)C=C[C@]4(C)[C@@]3(Cl)[C@@H](O)C[C@@]21C,2.0,40.66161268090972,50.137835975189525,False,0.139,0.167,True,True
ACT-774312,CN(c1ncc(Cl)cn1)[C@H]1CCc2c(c3nc(F)ccc3n2CC(=O)O)C1,2.0,40.59269469331496,31.426602343211574,False,0.212,0.225,True,True
SEDECAMYCIN,CC(=O)O[C@@H]1/C=C/C(C)=C/C[C@H](O)/C=C/C(C)=C/[C@@H](NC(=O)C(C)=O)[C@]2(C)C(=O)O[C@H](C1)[C@@H](C)C2=O,2.0,40.5237767057202,42.59131633356306,False,0.152,0.178,True,True
PYRONARIDINE,COc1ccc2nc3cc(Cl)ccc3c(Nc3cc(CN4CCCC4)c(O)c(CN4CCCC4)c3)c2n1,3.0,40.45485871812543,26.4645072363887,False,0.216,0.196,True,True
LORPIPRAZOLE,FC(F)(F)c1cccc(N2CCN(CCc3nnc4n3CC3CCCC43)CC2)c1,2.0,40.38594073053067,47.69124741557547,False,0.195,0.267,True,True
ZIDESAMTINIB,CCn1ncc2c1-c1cnc(N)c(c1)O[C@H](C)c1cc(F)ccc1-c1nn(C)nc1C2,2.0,40.317022742935904,91.38525155065471,False,0.188,0.204,True,True
APTO-253,Cc1[nH]c2ccc(F)cc2c1-c1nc2c3cccnc3c3ncccc3c2[nH]1,1.0,40.24810475534114,68.57339765678843,False,0.236,0.188,True,True
CEFCAPENE,CC/C=C(\C(=O)N[C@@H]1C(=O)N2C(C(=O)O)=C(COC(N)=O)CS[C@H]12)c1csc(N)n1,2.0,40.17918676774638,67.26395589248794,False,0.16,0.184,True,True
DIFAMILAST,CCOc1ccccc1C(=O)NCc1coc(-c2ccc(OC(F)F)c(OC(C)C)c2)n1,3.0,40.110268780151614,92.3501033769814,False,0.266,0.224,True,True
CIPROCINONIDE,CC1(C)O[C@@H]2C[C@H]3[C@@H]4C[C@H](F)C5=CC(=O)C=C[C@]5(C)[C@@]4(F)[C@@H](O)C[C@]3(C)[C@]2(C(=O)COC(=O)C2CC2)O1,2.0,40.04135079255686,19.848380427291524,False,0.132,0.176,True,True
LETRAZURIL,N#CC(c1ccc(F)cc1)c1c(Cl)cc(-n2ncc(=O)[nH]c2=O)cc1Cl,2.0,39.9724328049621,38.52515506547208,False,0.221,0.178,True,True
ALESTRAMUSTINE,C[C@H](N)C(=O)O[C@H]1CC[C@H]2[C@@H]3CCc4cc(OC(=O)N(CCCl)CCCl)ccc4[C@H]3CC[C@]12C,2.0,39.90351481736734,50.137835975189525,False,0.193,0.177,True,True
OXYCLOZANIDE,O=C(Nc1cc(Cl)cc(Cl)c1O)c1c(O)c(Cl)cc(Cl)c1Cl,2.0,39.83459682977257,99.17298414886284,False,0.259,0.218,True,True
ALOGLIPTIN,Cn1c(=O)cc(N2CCC[C@@H](N)C2)n(Cc2ccccc2C#N)c1=O,4.0,39.765678842177806,91.38525155065471,False,0.247,0.265,True,True
SELODENOSON,CCNC(=O)[C@H]1O[C@@H](n2cnc3c(NC4CCCC4)ncnc32)[C@H](O)[C@@H]1O,2.0,39.69676085458305,92.6946933149552,False,0.168,0.213,True,True
SPEBRUTINIB,C=CC(=O)Nc1cccc(Nc2nc(Nc3ccc(OCCOC)cc3)ncc2F)c1,2.0,39.62784286698828,73.46657477601654,False,0.268,0.247,True,True
MK-8245,O=C(O)Cn1nnc(-c2cc(N3CCC(Oc4cc(F)ccc4Br)CC3)no2)n1,1.0,39.55892487939352,52.23983459682977,False,0.237,0.247,True,True
SUBASUMSTAT,Cc1sc(C(=O)c2cncnc2N[C@@H]2CC[C@H](COS(N)(=O)=O)[C@H]2O)cc1[C@@H]1NCCc2ccc(Cl)cc21,1.0,39.49000689179876,50.137835975189525,False,0.197,0.198,True,True
INZOMELID,CC(C)n1ccc(S(=O)(=O)NC(=O)Nc2c3c(cc4c2CCC4)CCC3)n1,1.0,39.42108890420399,98.8973121984838,False,0.225,1.0,True,False
EMRACLIDINE,Cc1cc(C)c2c(n1)CN(C(=O)CC1CN(c3ccnc(C(F)(F)F)c3)C1)C2,2.0,39.35217091660923,75.63749138525155,False,0.223,0.213,True,True
FODIPIR,Cc1ncc(COP(=O)(O)O)c(CN(CCN(CC(=O)O)Cc2c(COP(=O)(O)O)cnc(C)c2O)CC(=O)O)c1O,2.0,39.28325292901448,16.126809097174363,False,0.233,0.179,True,True
LABUXTINIB,Cc1ccc(-c2noc([C@H]3C[C@@H]3F)n2)cc1NC(=O)c1cnc2ccccn12,2.0,39.21433494141972,83.11509303928325,False,0.228,0.237,True,True
VLX-600,C/C(=N\Nc1nnc2c(n1)[nH]c1c(C)cccc12)c1ccccn1,1.0,39.14541695382495,94.62439696760856,False,0.22,0.203,True,True
REGRELOR DISODIUM,CCNC(=O)Nc1ncnc2c1ncn2[C@@H]1O[C@H](COP(=O)([O-])[O-])[C@H]2O[C@H](/C=C/c3ccccc3)O[C@H]21,2.0,39.07649896623019,50.137835975189525,False,0.185,0.162,True,True
ILUNOCITINIB,N#CCC1(n2cc(-c3ncnc4[nH]ccc34)cn2)CN(S(=O)(=O)C2CC2)C1,1.0,39.007580978635424,21.57133011716058,False,0.198,0.167,True,True
ACODAZOLE,CC(=O)N(C)c1ccc(Nc2cc(C)nc3ccc4nc[nH]c4c23)cc1,2.0,38.938662991040665,95.52033080634044,False,0.205,0.211,True,True
PEFCALCITOL,C=C1/C(=C\C=C2/CCC[C@]3(C)C([C@H](C)OCC(=O)NCC(F)(F)C(F)(F)F)=CC[C@@H]23)C[C@@H](O)C[C@@H]1O,3.0,38.8697450034459,66.91936595451413,False,0.156,0.189,True,True
CEP-32496,COc1cc2ncnc(Oc3cccc(NC(=O)Nc4cc(C(C)(C)C(F)(F)F)on4)c3)c2cc1OC,2.0,38.800827015851134,91.38525155065471,False,0.229,0.21,True,True
AZD-4017,CCCSc1nc(N2CCC[C@@H](CC(=O)O)C2)ccc1C(=O)NC1CCCCC1,2.0,38.731909028256375,91.38525155065471,False,0.217,0.235,True,True
DEXTOFISOPAM,CC[C@H]1C(C)=NN=C(c2ccc(OC)c(OC)c2)c2cc(OC)c(OC)cc21,2.0,38.66299104066161,33.14955203308063,False,0.266,0.202,True,True
LEPZACITINIB,CCOC(=O)c1cnc2[nH]ccc2c1N[C@@H]1CCCN(C(=O)CC#N)C1,2.0,38.59407305306684,94.07305306685043,False,0.212,0.292,True,True
BMS-582949,CCCNC(=O)c1cn2ncnc(Nc3cc(C(=O)NC4CC4)ccc3C)c2c1C,2.0,38.52515506547208,62.2329427980703,False,0.22,0.233,True,True
FLURBIPROFEN,CC(C(=O)O)c1ccc(-c2ccccc2)c(F)c1,4.0,38.421778084079946,65.09303928325293,False,0.333,0.23,True,True
ESFLURBIPROFEN,C[C@H](C(=O)O)c1ccc(-c2ccccc2)c(F)c1,4.0,38.421778084079946,65.09303928325293,False,0.333,0.23,True,True
POCIREDIR,Cc1ncccc1-c1cc2c(n3cnnc13)NCc1c(F)ccc3c1[C@H](CO3)CO2,2.0,38.3184011026878,50.137835975189525,False,0.185,0.185,True,True
RADEZOLID,CC(=O)NC[C@H]1CN(c2ccc(-c3ccc(CNCc4cnn[nH]4)cc3)c(F)c2)C(=O)O1,2.0,38.24948311509304,97.51895244658856,False,0.213,0.212,True,True
ZONGERTINIB,C=CC(=O)NC1CCN(c2ncc3ncnc(Nc4ccc(Oc5ccc6c(c5)ncn6C)c(C)c4)c3n2)CC1,3.0,38.18056512749828,50.137835975189525,False,0.191,0.225,True,True
WITHANOLIDE D,CC1=C(C)C(=O)O[C@@H]([C@](C)(O)[C@H]2CC[C@H]3[C@@H]4C[C@H]5O[C@]56[C@@H](O)C=CC(=O)[C@]6(C)[C@H]4CC[C@]23C)C1,3.0,38.11164713990352,59.682977257064096,False,0.139,0.156,True,True
TRIMEBUTINE 3-THIOCARBAMOYLBENZENESULFONATE,CCC(COC(=O)c1cc(OC)c(OC)c(OC)c1)(c1ccccc1)N(C)C.NC(=S)c1cccc(S(=O)(=O)O)c1,2.0,38.04272915230875,75.63749138525155,False,0.216,0.218,True,True
LAZUVAPAGON,Cc1ccn(-c2ccc(C(=O)N3CC[C@@](C)(C(=O)N[C@@H](C)CO)Cc4ccccc43)c(C)c2)n1,2.0,37.97381116471399,76.6368022053756,False,0.266,0.212,True,True
TEGTOCICLIB,COCc1cc(C(=O)Nc2cc([C@H]3CC[C@@H](OC(=O)NC(C)C)C3)[nH]n2)n(C)n1,2.0,37.90489317711923,92.83252929014472,False,0.186,0.204,True,True
MERIMEPODIB,COc1cc(NC(=O)Nc2cccc(CNC(=O)O[C@H]3CCOC3)c2)ccc1-c1cnco1,2.0,37.83597518952446,91.38525155065471,False,0.23,0.226,True,True
XIPAMIDE,Cc1cccc(C)c1NC(=O)c1cc(S(N)(=O)=O)c(Cl)cc1O,2.0,37.7670572019297,96.3473466574776,False,0.283,0.321,True,True
MK0686,COC(=O)c1c(Cl)cccc1-c1ccc([C@@H](C)NC(=O)C2(NC(=O)C(F)(F)F)CC2)c(F)c1,2.0,37.698139214334944,88.697450034459,False,0.221,0.268,True,True
MTI-31,CNC(=O)c1cccc(-c2ccc3c(N4C5CCC4COC5)nc(N4CCOC[C@@H]4C)nc3n2)c1,1.0,37.629221226740185,81.52997932460372,False,0.186,0.223,True,True
RITOLUKAST,O=S(=O)(Nc1cccc(OCc2ccc3ccccc3n2)c1)C(F)(F)F,2.0,37.56030323914542,74.70709855272226,False,0.361,0.177,True,True
TEGAVIVINT,C[C@@H]1C[C@H](C)CN(S(=O)(=O)c2ccc3c(c2)C(=NO)c2cc(S(=O)(=O)N4C[C@H](C)C[C@H](C)C4)ccc2C3=NO)C1,2.0,37.49138525155066,91.38525155065471,False,0.215,0.19,True,True
DS-2248,CNC(=O)CC1=Cc2nn(Cc3ncc(C)c(OC)c3C)c3nc(N)nc(c23)SC1,1.0,37.422467263955895,75.63749138525155,False,0.189,0.187,True,True
TISOCALCITATE,C=C1/C(=C\C=C2/CCC[C@]3(C)[C@@H]([C@H](C)/C=C/[C@@H](O)C(C)(C)C(=O)OC(C)C)CC[C@@H]23)C[C@@H](O)C[C@@H]1O,2.0,37.35354927636113,7.856650585802895,False,0.13,0.183,True,True
CAMIBIRSTAT,COC[C@H](NC(=O)c1ccn(S(C)(=O)=O)c1)C(=O)Nc1nc(-c2cccc(N3C[C@@H](C)O[C@@H](C)C3)n2)cs1,2.0,37.28463128876637,55.06547208821502,False,0.213,0.189,True,True
SIRPIGLENASTAT,CC(=O)N[C@@H](Cc1c[nH]c2ccccc12)C(=O)N[C@@H](CCC(=O)C=[N+]=[N-])C(=O)OC(C)C,1.0,37.2157133011716,56.9262577532736,False,0.195,0.216,True,True
FEZOLINETANT,Cc1nsc(-c2nnc3n2CCN(C(=O)c2ccc(F)cc2)[C@@H]3C)n1,4.0,37.14679531357684,50.137835975189525,False,0.205,0.198,True,True
VISTUSERTIB,CNC(=O)c1cccc(-c2ccc3c(N4CCOC[C@@H]4C)nc(N4CCOC[C@@H]4C)nc3n2)c1,2.0,37.07787732598208,82.15024121295657,False,0.198,0.212,True,True
DAVELIZOMIB,CC(C)C[C@H](NC(=O)CNC(=O)[C@@H]1CCN1c1ccc(F)cc1F)B1OC(=O)[C@H](CC(=O)O)O1,2.0,37.008959338387314,91.38525155065471,False,0.262,0.192,True,True
DS-1001B,CC(C)(C)N.Cc1cn(C(=O)c2c(-c3c(Cl)cc(Cl)cc3Cl)noc2C(C)(C)F)c2cccc(/C=C/C(=O)O)c12,2.0,36.94004135079256,91.38525155065471,False,0.256,0.19,True,True
SC-0191,CN1CCN(c2ccc(Nc3ncc4c(=O)n5n(c4n3)-c3cccc(n3)[C@](C)(O)CC/C=C\C5)cc2)CC1,2.0,36.8711233631978,10.062026188835286,False,0.173,0.179,True,True
PF-07054894,Cc1cn(C)nc1[C@H](Nc1c(Nc2ccnc(C(=O)N(C)C)c2O)c(=O)c1=O)C1(C)CCCC1,1.0,36.80220537560304,75.63749138525155,False,0.195,0.2,True,True
ZEMIRCICLIB,CC(=O)N[C@@H]1CCC[C@H](C(=O)Nc2cc(-c3cnn4c3CC(C)(C)C4)c(Cl)cn2)C1,2.0,36.73328738800827,91.38525155065471,False,0.186,0.22,True,True
GW468816,O=C(O)C1C/C(=C2/CCN(c3ccccc3)C2=O)c2ccc(Cl)cc2N1,2.0,36.66436940041351,91.38525155065471,False,0.213,0.2,True,True
AMINOPTERIN,Nc1nc(N)c2nc(CNc3ccc(C(=O)N[C@@H](CCC(=O)O)C(=O)O)cc3)cnc2n1,2.0,36.59545141281875,52.13645761543764,False,0.202,0.17,True,True
BREQUINAR,Cc1c(-c2ccc(-c3ccccc3F)cc2)nc2ccc(F)cc2c1C(=O)O,2.0,36.52653342522398,67.12611991729842,False,0.4,0.232,False,True
DARIGABAT,CCn1cnc2c(-c3ccc(F)c(-c4ccc(S(=O)(=O)CC)cc4OC)c3)cnnc21,2.0,36.45761543762922,72.15713301171606,False,0.247,0.232,True,True
SNX 5422,CC1(C)CC(=O)c2c(C(F)(F)F)nn(-c3ccc(C(N)=O)c(N[C@H]4CC[C@H](OC(=O)CN)CC4)c3)c2C1,2.0,36.388697450034456,76.2922122674018,False,0.178,0.228,True,True
AFTOBETIN,COCCOCCOCCOC(=O)/C(C#N)=C/c1ccc2cc(N3CCCCC3)ccc2c1,2.0,36.3197794624397,75.94762232942797,False,0.263,0.209,True,True
SUNVOZERTINIB,C=CC(=O)Nc1cc(Nc2nccc(Nc3cc(Cl)c(F)cc3C(C)(C)O)n2)c(OC)cc1N1CC[C@@H](N(C)C)C1,3.0,36.25086147484493,50.137835975189525,False,0.226,0.205,True,True
ZELASUDIL,Cn1nc(-c2ccc(C(=O)NCC(F)F)cc2)nc1Nc1ccc2[nH]ncc2c1C1CC1,2.0,36.181943487250166,58.5802894555479,False,0.212,0.24,True,True
TAURURSODIOL,C[C@H](CCC(=O)NCCS(=O)(=O)O)[C@H]1CC[C@H]2[C@@H]3[C@@H](O)C[C@@H]4C[C@H](O)CC[C@]4(C)[C@H]3CC[C@]12C,4.0,36.11302549965541,34.114403859407304,False,0.131,0.147,True,True
ABITESARTAN,CCCCC(=O)N(Cc1ccc(-c2ccccc2-c2nnn[nH]2)cc1)CC1(C(=O)O)CCCC1,2.0,36.044107512060656,52.65334252239835,False,0.247,0.226,True,True
ILOMASTAT,CNC(=O)[C@H](Cc1c[nH]c2ccccc12)NC(=O)[C@@H](CC(=O)NO)CC(C)C,2.0,35.97518952446589,97.4500344589938,False,0.218,0.185,True,True
LNP-1892,Cc1ccc([C@@H]2C[C@H](CN[C@H](C)c3cccc4ccccc34)Oc3ccccc32)cc1C(=O)O,1.0,35.906271536871124,69.3314955203308,False,0.247,0.212,True,True
TRIAMCINOLONE BENETONIDE,CC(CNC(=O)c1ccccc1)C(=O)OCC(=O)[C@@]12OC(C)(C)O[C@@H]1C[C@H]1[C@@H]3CCC4=CC(=O)C=C[C@]4(C)[C@@]3(F)[C@@H](O)C[C@@]12C,2.0,35.837353549276365,39.21433494141972,False,0.158,0.202,True,True
RITIVIXIBAT,CCCCC1(CCCC)CN(c2ccccc2)c2cc(SC)c(OCCC(=O)O)cc2S(=O)(=O)N1,2.0,35.7684355616816,14.47277739490007,False,0.262,0.184,True,True
KETAZOCINE,C[C@H]1[C@H]2C(=O)c3ccc(O)cc3[C@]1(C)CCN2CC1CC1,2.0,35.69951757408683,75.63749138525155,False,0.213,0.218,True,True
BN-104,O=C([C@H]1NC[C@@H]2CCC[C@@H]21)N1CCC2(CC1)CN(c1ncnnc1Oc1ccc(F)cc1-c1cncnc1C1CC1)C2,1.0,35.630599586492075,75.63749138525155,False,0.211,0.193,True,True
FLUTAFURANOL,CNc1ccc(-c2cc3cc(O)ccc3o2)c(F)n1,3.0,35.56168159889731,86.07856650585803,False,0.255,0.194,True,True
DANUGLIPRON,N#Cc1ccc(COc2cccc(C3CCN(Cc4nc5ccc(C(=O)O)cc5n4C[C@@H]4CCO4)CC3)n2)c(F)c1,2.0,35.49276361130255,41.62646450723639,False,0.247,0.233,True,True
FLUTAFURANOL F 18,CNc1ccc(-c2cc3cc(O)ccc3o2)c([18F])n1,3.0,35.423845623707784,90.9028256374914,False,0.255,0.194,True,True
TARENFLURBIL,C[C@@H](C(=O)O)c1ccc(-c2ccccc2)c(F)c1,3.0,35.35492763611302,66.16126809097173,False,0.333,0.23,True,True
AMLEXANOX,CC(C)c1ccc2oc3nc(N)c(C(=O)O)cc3c(=O)c2c1,4.0,35.28600964851827,87.18125430737422,False,0.23,0.243,True,True
GW842166X,O=C(NCC1CCOCC1)c1cnc(Nc2ccc(Cl)cc2Cl)nc1C(F)(F)F,2.0,35.21709166092351,93.10820124052378,False,0.253,0.242,True,True
PRAZOCILLIN,Cc1cnn(-c2c(Cl)cccc2Cl)c1C(=O)N[C@@H]1C(=O)N2[C@@H]1SC(C)(C)[C@@H]2C(=O)O,2.0,35.14817367332874,24.2591316333563,False,0.229,0.203,True,True
CLOXACEPRIDE,CCN(CC)CCNC(=O)c1cc(Cl)c(NC(=O)COc2ccc(Cl)cc2)cc1OC,2.0,35.079255685733976,50.137835975189525,False,0.239,0.243,True,True
POSELTINIB,C=CC(=O)Nc1cccc(Oc2nc(Nc3ccc(N4CCN(C)CC4)cc3)nc3ccoc23)c1,2.0,35.01033769813922,62.7842866988284,False,0.183,0.188,True,True
KRN-633,CCCNC(=O)Nc1ccc(Oc2ncnc3cc(OC)c(OC)cc23)cc1Cl,1.0,34.94141971054445,91.38525155065471,False,0.261,0.208,True,True
SX-682,O=C(Nc1ccc(F)cc1)c1cnc(SCc2cc(OC(F)(F)F)ccc2B(O)O)nc1,2.0,34.87250172294969,93.2460372157133,False,0.244,0.223,True,True
MILVEXIAN,C[C@@H]1CCC[C@H](n2cnc(-c3cc(Cl)ccc3-n3cc(Cl)nn3)cc2=O)c2cc(ccn2)-c2c(cnn2C(F)F)NC1=O,3.0,34.80358373535493,75.63749138525155,False,0.167,0.224,True,True
GSK-1292263,CC(C)c1noc(N2CCC(COc3ccc(-c4ccc(S(C)(=O)=O)cc4)nc3)CC2)n1,2.0,34.73466574776016,50.137835975189525,False,0.196,0.183,True,True
PYROTINIB,CCOc1cc2ncc(C#N)c(Nc3ccc(OCc4ccccn4)c(Cl)c3)c2cc1NC(=O)/C=C/[C@H]1CCCN1C,3.0,34.6657477601654,91.38525155065471,False,0.259,0.226,True,True
BMS-986202,[2H]C([2H])([2H])NC(=O)c1cnc(NC(=O)C2CC2)cc1Nc1cccc(-c2ncc(F)cn2)c1OC,1.0,34.59682977257064,91.38525155065471,False,0.256,0.222,True,True
CE-245677,COc1ccc(C(=O)c2cn(C(C)C)c3ncnc(N)c23)cc1NC(=O)Nc1ccc(Cl)cc1Cl,1.0,34.52791178497587,75.63749138525155,False,0.229,0.188,True,True
TALETRECTINIB ADIPATE,C[C@@H](N)COc1ccc(-c2cnc3ccc(N[C@H](C)c4cccc(F)c4)nn23)cc1.O=C(O)CCCCC(=O)O,1.0,34.45899379738112,24.01791867677464,False,0.312,0.221,True,True
BAFREKALANT,COc1ccc(Cl)c(C(=O)N2C3CCC2CN(Cc2c(-c4ccc(C(C)C)cc4)nc4ncccn24)C3)n1,2.0,34.39007580978636,59.06271536871124,False,0.216,0.202,True,True
RANOSIDENIB,C[C@@H](Nc1nc(N[C@H](C)C(F)(F)F)nc(C2=C(F)[C@H](O)C(F)(F)CC2)n1)C(F)(F)F,2.0,34.321157822191594,50.137835975189525,False,0.143,0.156,True,True
SP-420,COCCOCCOc1ccc(C2=N[C@@](C)(C(=O)O)CS2)c(O)c1,2.0,34.25223983459683,78.15299793246038,False,0.371,0.256,True,True
NAVTEMADLIN,CC(C)[C@@H](CS(=O)(=O)C(C)C)N1C(=O)[C@@](C)(CC(=O)O)C[C@H](c2cccc(Cl)c2)[C@H]1c1ccc(Cl)cc1,3.0,34.18332184700207,9.99310820124052,False,0.22,0.228,True,True
CLINAFLOXACIN,NC1CCN(c2c(F)cc3c(=O)c(C(=O)O)cn(C4CC4)c3c2Cl)C1,2.0,34.114403859407304,75.63749138525155,False,0.185,0.167,True,True
CEFOXAZOLE,CC(=O)OCC1=C(C(=O)O)N2C(=O)[C@@H](NC(=O)c3c(-c4ccccc4Cl)noc3C)[C@H]2SC1,2.0,34.045485871812545,92.97036526533424,False,0.242,0.205,True,True
NICLOFOLAN,O=[N+]([O-])c1cc(Cl)cc(-c2cc(Cl)cc([N+](=O)[O-])c2O)c1O,2.0,33.97656788421778,77.7394900068918,False,0.241,0.182,True,True
ETIPREDNOL DICLOACETATE,CCOC(=O)[C@@]1(OC(=O)C(Cl)Cl)CC[C@H]2[C@@H]3CCC4=CC(=O)C=C[C@]4(C)[C@H]3[C@@H](O)C[C@@]21C,2.0,33.90764989662301,50.137835975189525,False,0.163,0.175,True,True
ROFLEPONIDE,CCC[C@@H]1O[C@@H]2C[C@H]3[C@@H]4C[C@H](F)C5=CC(=O)CC[C@]5(C)[C@@]4(F)[C@@H](O)C[C@]3(C)[C@]2(C(=O)CO)O1,2.0,33.838731909028255,50.51688490696071,False,0.131,0.168,True,True
ZORACOPAN,CC(=O)c1cn(CC(=O)N2[C@H](C(=O)Nc3nc(Br)ccc3C)C[C@@]3(C)C[C@@H]23)c2c(C)cc(-c3cnc(C)nc3)cc12,2.0,33.76981392143349,91.38525155065471,False,0.183,0.196,True,True
BAXDROSTAT,CCC(=O)N[C@@H]1CCCc2c(-c3ccc4c(c3)CCC(=O)N4C)cncc21,3.0,33.70089593383874,53.54927636113025,False,0.244,0.244,True,True
CP-461 FREE BASE,CC1=C(CC(=O)NCc2ccccc2)c2cc(F)ccc2/C1=C\c1ccncc1,2.0,33.63197794624397,83.25292901447277,False,0.257,0.21,True,True
TEMUTERKIB,Cn1nccc1Nc1nccc(-c2cc3c(s2)C(C)(C)N(CCN2CCOCC2)C3=O)n1,2.0,33.56305995864921,23.914541695382496,False,0.162,0.186,True,True
MK-0893,COc1ccc2cc(-c3cc(-c4cc(Cl)cc(Cl)c4)nn3[C@@H](C)c3ccc(C(=O)NCCC(=O)O)cc3)ccc2c1,2.0,33.49414197105445,40.5237767057202,False,0.266,0.212,True,True
AZD-8835,CCn1nc(C2CCN(C(=O)CCO)CC2)nc1-c1cnc(N)c(-c2nnc(C(C)(C)C)o2)n1,1.0,33.42522398345969,56.78842177808407,False,0.192,0.183,True,True
AZD-3759,COc1cc2ncnc(Nc3cccc(Cl)c3F)c2cc1OC(=O)N1CCN(C)C[C@H]1C,2.0,33.35630599586492,75.25844245348036,False,0.309,0.22,True,True
IRPAGRATINIB,C=CC(=O)N[C@H]1CCOC[C@H]1Nc1ncc2cc(-c3c(F)c(OC)cc(OC)c3F)nc(N3CC(C)(OC)C3)c2n1,2.0,33.28738800827016,75.63749138525155,False,0.179,0.187,True,True
MIZAGLIFLOZIN,Cc1cc(OCCCNCC(C)(C)C(N)=O)ccc1Cc1c(O[C@@H]2O[C@H](CO)[C@@H](O)[C@H](O)[C@H]2O)n[nH]c1C(C)C,2.0,33.2184700206754,87.0434183321847,False,0.194,0.192,True,True
REZIVERTINIB,C=CC(=O)Nc1cc(Nc2nccc(-c3cn(C)c4ccccc34)n2)c(OC)cc1OCCN(C)C,3.0,33.14955203308063,72.4328049620951,False,0.245,0.198,True,True
TALETRECTINIB,C[C@@H](N)COc1ccc(-c2cnc3ccc(N[C@H](C)c4cccc(F)c4)nn23)cc1,2.0,33.080634045485866,50.137835975189525,False,0.231,0.216,True,True
NESBUVIR,CNC(=O)c1c(-c2ccc(F)cc2)oc2cc(N(CCO)S(C)(=O)=O)c(C3CC3)cc12,2.0,33.01171605789111,70.84769124741557,False,0.258,0.191,True,True
PUMECITINIB,CC(C)S(=O)(=O)N1CC(CC#N)(n2cc(-c3ncnc4[nH]ccc34)c(N)n2)C1,2.0,32.94279807029634,58.23569951757408,False,0.193,0.186,True,True
SPH-5030,CCOc1cc2ncnc(Nc3ccc(Oc4ccn5ncnc5c4)c(C)c3)c2cc1NC(=O)/C(F)=C/[C@H]1CCCN1C,2.0,32.87388008270159,91.38525155065471,False,0.215,0.189,True,True
DEFOSBARASERTIB,CCN(CCO)CCCOc1ccc2c(Nc3cc(CC(=O)Nc4cccc(F)c4)[nH]n3)ncnc2c1,2.0,32.80496209510682,91.38525155065471,False,0.262,0.252,True,True
PF-06865571,CCOc1cccnc1Oc1cncc(-c2ncc(C(=O)N[C@H]3CCOC3)cn2)c1,2.0,32.736044107512065,91.38525155065471,False,0.263,0.239,True,True
TEBIPENEM PIVOXIL,C[C@@H](O)[C@H]1C(=O)N2C(C(=O)OCOC(=O)C(C)(C)C)=C(SC3CN(C4=NCCS4)C3)[C@H](C)[C@H]12,3.0,32.6671261199173,93.7973811164714,False,0.173,0.167,True,True
CENTHAQUINE CITRATE,Cc1cccc(N2CCN(CCc3ccc4ccccc4n3)CC2)c1.O=C(O)CC(O)(CC(=O)O)C(=O)O,1.0,32.59820813232254,50.44796691936595,False,0.26,0.194,True,True
SABIZABULIN,COc1cc(C(=O)c2cnc(-c3c[nH]c4ccccc34)[nH]2)cc(OC)c1OC,3.0,32.529290144727774,69.74500344589939,False,0.257,0.247,True,True
EVETIFATOR,O=C(COc1ccc(Cl)cc1)NC12CC(c3nnc([C@H]4C[C@@H](OC(F)(F)F)C4)o3)(C1)C2,2.0,32.46037215713301,50.137835975189525,False,0.212,0.185,True,True
ABT-384,CC(C)(C(=O)NC1C2CC3CC1CC(C(N)=O)(C3)C2)N1CCN(c2ccc(C(F)(F)F)cn2)CC1,2.0,32.39145416953825,69.19365954514129,False,0.221,0.237,True,True
GIROCITINIB,C[C@@H](O)c1nc2cnc3ccoc3c2n1[C@H]1CCC[C@H](CC#N)O1,2.0,32.322536181943484,75.60303239145418,False,0.177,0.168,True,True
VEBICORVIR,O=C(NCc1cnc(C(F)(F)F)s1)c1ccc2c(c1)NC(=O)c1ccccc1S2(=O)=O,2.0,32.25361819434872,75.63749138525155,False,0.231,0.202,True,True
MHV-370,Cc1cc(N2CCc3c(c(C)nn3CC34CCC(NC(=O)[C@@H]5COCCN5)(CC3)CC4)C2)c2cnn(C)c2n1,2.0,32.18470020675396,91.38525155065471,False,0.171,0.165,True,True
SOTULETINIB,CNC(=O)c1cc(Oc2ccc3nc(N[C@@H]4CCCC[C@H]4O)sc3c2)ccn1,2.0,32.11578221915921,96.6919365954514,False,0.238,0.237,True,True
CONTEZOLID,O=C1C=CN(c2c(F)cc(N3C[C@H](CNc4ccon4)OC3=O)c(F)c2F)CC1,3.0,32.04686423156444,77.53273604410751,False,0.191,0.182,True,True
ADP-597,COc1c(Nc2ccc(S(C)(=O)=O)nc2C)ncnc1OC1CCN(C(=O)OC(C)C)CC1,1.0,31.97794624396968,50.137835975189525,False,0.212,0.208,True,True
MANIDIPINE 6300,COC(=O)C1=C(C)NC(C)=C(C(=O)OCCN2CCN(C(c3ccccc3)c3ccccc3)CC2)C1c1cccc([N+](=O)[O-])c1,3.0,31.90902825637492,3.239145416953825,False,0.225,0.202,True,True
AMBRUTICIN,CC[C@H]1O[C@@H](/C(C)=C/[C@H](C)/C=C/[C@H]2[C@@H](C)[C@@H]2/C=C/[C@@H]2O[C@H](CC(=O)O)C[C@H](O)[C@H]2O)CC=C1C,2.0,31.84011026878015,73.88008270158511,False,0.172,0.17,True,True
R-1487,Cn1c(=O)c(Oc2ccc(F)cc2F)cc2cnc(NC3CCOCC3)nc21,1.0,31.77119228118539,59.61405926946933,False,0.291,0.217,True,True
ELINZANETANT,Cc1cc(F)ccc1-c1cc(N2C[C@H]3COCCN3C[C@H]2CO)ncc1N(C)C(=O)C(C)(C)c1cc(C(F)(F)F)cc(C(F)(F)F)c1,3.0,31.702274293590627,91.38525155065471,False,0.208,0.236,True,True
AVENCIGUAT,CCOc1c(C(=O)O)cnn1-c1cccc(-c2cccc(C)c2OCc2ccc3c(c2C)CCN(C2CCOCC2)C3)n1,2.0,31.633356305995864,91.38525155065471,False,0.219,0.224,True,True
NILPRAZOLE,CC(C)NC(=O)CN1CCN(Cc2nc3ccccc3n2CCC(=O)c2ccccc2)CC1,2.0,31.564438318401105,50.137835975189525,False,0.254,0.221,True,True
DAPIVIRINE,Cc1cc(C)c(Nc2ccnc(Nc3ccc(C#N)cc3)n2)c(C)c1,3.0,31.495520330806336,68.91798759476224,False,0.267,0.238,True,True
CEFTEZOLE,O=C(Cn1cnnn1)N[C@@H]1C(=O)N2C(C(=O)O)=C(CSc3nncs3)CS[C@H]12,2.0,31.426602343211574,50.137835975189525,False,0.183,0.196,True,True
ORE-1001,CC(C)C[C@H](N[C@@H](Cc1cncn1Cc1cc(Cl)cc(Cl)c1)C(=O)O)C(=O)O,1.0,31.35768435561681,75.63749138525155,False,0.231,0.195,True,True
REMINERTANT,COc1cccc(OC)c1-c1cc(C(=O)NC2(C(=O)O)C3CC4CC(C3)CC2C4)nn1-c1ccnc2cc(Cl)ccc12,3.0,31.28876636802206,50.137835975189525,False,0.298,0.182,True,True
TOREFORANT TARTRATE,Cc1cc(C)c2nc(-c3cnc(NCCCC4CCN(C)CC4)nc3C)[nH]c2c1.Cc1cc(C)c2nc(-c3cnc(NCCCC4CCN(C)CC4)nc3C)[nH]c2c1,2.0,31.21984838042729,50.03445899379738,False,0.202,0.226,True,True
SAROLANER,CS(=O)(=O)CC(=O)N1CC2(C1)OCc1cc(C3=NO[C@@](c4cc(Cl)c(F)c(Cl)c4)(C(F)(F)F)C3)ccc12,2.0,31.15093039283253,50.137835975189525,False,0.212,0.188,True,True
ASP-4058,C[C@H](Oc1ccc(-c2nc(-c3ccc4[nH]cnc4c3)no2)cc1C(F)(F)F)C(F)(F)F,1.0,31.08201240523777,61.33700895933838,False,0.198,0.228,True,True
ASAPIPRANT,CC(C)Oc1ccc(S(=O)(=O)N2CCN(c3ccc(-c4ncco4)c(OCC(=O)O)c3)CC2)cc1,3.0,31.013094417643007,91.38525155065471,False,0.244,0.212,True,True
VB-201,CCCCCCCCCCCCCCCCOC[C@H](COP(=O)([O-])OCC[N+](C)(C)C)OCCCCC(=O)O,2.0,30.94417643004824,82.8394210889042,False,0.169,0.117,True,True
ONO-7579,CS(=O)(=O)c1ccc(C(F)(F)F)cc1NC(=O)Nc1cnc(Oc2ccc(-c3cc(Cl)cnc3N)cc2)nc1,1.0,30.87525844245348,91.38525155065471,False,0.316,0.253,True,True
PF-5190457,Cc1cc(-c2ccc3c(c2)CC[C@H]3N2CC3(CCN(C(=O)Cc4cn5cc(C)sc5n4)CC3)C2)ncn1,2.0,30.80634045485872,50.137835975189525,False,0.191,0.18,True,True
COLCHICINE,COc1cc2c(c(OC)c1OC)-c1ccc(OC)c(=O)cc1[C@@H](NC(C)=O)CC2,4.0,30.737422467263958,50.137835975189525,False,0.235,0.207,True,True
BMS-754807,C[C@@]1(C(=O)Nc2ccc(F)nc2)CCCN1c1nc(Nc2cc(C3CC3)n[nH]2)c2cccn2n1,2.0,30.66850447966919,50.137835975189525,False,0.217,0.213,True,True
DROCINONIDE,CC1(C)O[C@@H]2C[C@H]3[C@@H]4CC[C@H]5CC(=O)CC[C@]5(C)[C@@]4(F)[C@@H](O)C[C@]3(C)[C@]2(C(=O)CO)O1,2.0,30.599586492074422,17.022742935906276,False,0.128,0.172,True,True
ODM-207,COc1cc2c(cc1-c1c(C)noc1C)cc(C)c(=O)n2Cc1ccccn1,1.0,30.530668504479674,13.439007580978634,False,0.329,0.227,True,True
MECLORISONE DIBUTYRATE,CCCC(=O)OCC(=O)[C@@]1(OC(=O)CCC)[C@H](C)C[C@H]2[C@@H]3CCC4=CC(=O)C=C[C@]4(C)[C@@]3(Cl)[C@@H](Cl)C[C@@]21C,2.0,30.461750516884912,53.2736044107512,False,0.146,0.168,True,True
ALLITINIB,C=CC(=O)Nc1ccc2ncnc(Nc3ccc(OCc4cccc(F)c4)c(Cl)c3)c2c1,2.0,30.392832529290143,50.137835975189525,False,0.264,0.23,True,True
AMINOPTERIN SODIUM,Nc1nc(N)c2nc(CNc3ccc(C(=O)N[C@@H](CCC(=O)[O-])C(=O)[O-])cc3)cnc2n1,2.0,30.323914541695384,52.13645761543764,False,0.167,0.158,True,True
LOMECITINIB,CNC(=O)c1nnc(NC(=O)[C@@H]2CC23CC3)cc1Nc1ncccc1S(C)(=O)=O,2.0,30.25499655410062,50.137835975189525,False,0.225,0.22,True,True
TIXOCORTOL PIVALATE,CC(C)(C)C(=O)SCC(=O)[C@@]1(O)CC[C@H]2[C@@H]3CCC4=CC(=O)CC[C@]4(C)[C@H]3[C@@H](O)C[C@@]21C,2.0,30.18607856650586,65.47208821502413,False,0.165,0.173,True,True
BALOFLOXACIN,CNC1CCCN(c2c(F)cc3c(=O)c(C(=O)O)cn(C4CC4)c3c2OC)C1,2.0,30.117160578911097,32.11578221915921,False,0.222,0.226,True,True
RAFOXANIDE,O=C(Nc1ccc(Oc2ccc(Cl)cc2)c(Cl)c1)c1cc(I)cc(I)c1O,2.0,30.04824259131633,91.45416953824947,False,0.288,0.182,True,True
FRESPACIGUAT,C[C@@]1(c2ccc(CCC(=O)O)cc2)C(=O)Nc2nc(-c3nn(CCC(F)(F)C(F)(F)F)c4cc(Cl)ccc34)nc(N)c21,2.0,29.97932460372157,4.89317711922812,False,0.323,0.205,True,True
TERAZOSIN,COc1cc2nc(N3CCN(C(=O)C4CCCO4)CC3)nc(N)c2cc1OC,4.0,29.910406616126807,27.08476912474156,False,0.267,0.191,True,True
AMELENODOR,Cc1cccc(Oc2cc(Oc3cccc(C)n3)cc(Oc3cccc(C)n3)c2)n1,2.0,29.84148862853204,50.137835975189525,False,0.222,0.174,True,True
MK-0773,CN1C(=O)C(F)=C[C@]2(C)[C@H]3CC[C@]4(C)[C@@H](C(=O)NCc5nc6cccnc6[nH]5)CC[C@H]4[C@@H]3CC[C@@H]12,2.0,29.77257064093728,50.137835975189525,False,0.192,0.183,True,True
INE-963,COc1nc(C(C)C)ccc1-c1cnc2sc(N3CCC(O)(CN)CC3)nn12,2.0,29.703652653342527,91.38525155065471,False,0.202,0.186,True,True
BETAMETHASONE ACIBUTATE,CC(=O)OCC(=O)[C@@]1(OC(=O)C(C)C)[C@@H](C)C[C@H]2[C@@H]3CCC4=CC(=O)C=C[C@]4(C)[C@@]3(F)[C@@H](O)C[C@@]21C,2.0,29.634734665747764,40.04135079255686,False,0.13,0.157,True,True
CAMONSERTIB,C[C@@H]1COCCN1c1cc([C@]2(O)C[C@H]3CC[C@@H](C2)O3)c2cnn(-c3cc[nH]n3)c2n1,2.0,29.565816678153,29.15230875258442,False,0.154,0.183,True,True
AZD-5122,C[C@@H](Nc1cc(NS(=O)(=O)N2CCC2)nc(SCc2cccc(F)c2F)n1)[C@@H](O)CO,1.0,29.49689869055824,96.0027567195038,False,0.207,0.224,True,True
PLECONARIL,Cc1cc(CCCOc2c(C)cc(-c3noc(C(F)(F)F)n3)cc2C)on1,2.0,29.427980702963477,50.137835975189525,False,0.155,0.176,True,True
SULFACECOLE,CCOCC(=O)Nc1ccc(S(=O)(=O)Nc2cc(C)on2)cc1,2.0,29.35906271536871,82.77050310130944,False,0.282,0.277,True,True
LEXIPAFANT,CCOC(=O)[C@H](CC(C)C)N(C)S(=O)(=O)c1ccc(Cn2c(C)nc3cnccc32)cc1,2.0,29.29014472777395,42.108890420399725,False,0.276,0.222,True,True
ALTEMINOSTAT,CN1CCN(C(=O)N(CCCCCCC(=O)NO)c2ccc(-c3ccc4cnn(C)c4c3)cc2)CC1,1.0,29.221226740179183,53.48035837353549,False,0.217,0.213,True,True
SODIUM TANSHINONE IIA SULFONATE,Cc1c(S(=O)(=O)[O-])oc2c1C(=O)C(=O)c1c-2ccc2c1CCCC2(C)C,2.0,29.15230875258442,91.38525155065471,False,0.174,0.207,True,True
ETAVOPIVAT,O=C([C@H](CO)c1ccccc1)N1CC2=C(C1)CN(S(=O)(=O)c1cnc3c(c1)OCCO3)C2,2.0,29.08339076498966,50.137835975189525,False,0.244,0.184,True,True
MK3207,O=C(CN1C(=O)C2(CCCC2)NC[C@H]1c1cc(F)cc(F)c1)Nc1ccc2c(c1)C[C@@]1(C2)C(=O)Nc2ncccc21,2.0,29.014472777394896,91.38525155065471,False,0.211,0.286,True,True
TILDACERFONT,CCC(CC)c1cc(C)nc2c(-c3nc(N4CCOCC4)sc3Cl)c(C)nn12,2.0,28.94555478980014,86.90558235699517,False,0.167,0.196,True,True
SITRAVATINIB,COCCNCc1ccc(-c2cc3nccc(Oc4ccc(NC(=O)C5(C(=O)Nc6ccc(F)cc6)CC5)cc4F)c3s2)nc1,3.0,28.87663680220538,50.137835975189525,False,0.263,0.2,True,True
XP-102,CCCS(=O)(=O)Nc1ccc(F)c(-n2cc(-c3cncnc3)c3nc(N(C)C4CCN(CC)CC4)ccc32)c1F,1.0,28.807718814610617,76.0854583046175,False,0.258,0.2,True,True
BROMOXANIDE,Cc1c([N+](=O)[O-])cc(C(C)(C)C)c(O)c1C(=O)Nc1ccc(Br)cc1C(F)(F)F,2.0,28.73880082701585,82.56374913852515,False,0.329,0.224,True,True
MECLOCYCLINE,C=C1c2c(Cl)ccc(O)c2C(=O)C2=C(O)[C@]3(O)C(=O)C(C(N)=O)=C(O)[C@@H](N(C)C)[C@@H]3[C@@H](O)[C@H]12,2.0,28.66988283942109,78.49758787043419,False,0.157,0.158,True,True
IOWH-032,O=C(NCc1ccc(Oc2ccccc2)cc1)c1nc(-c2cc(Br)c(O)c(Br)c2)no1,2.0,28.60096485182633,50.137835975189525,False,0.292,0.193,True,True
GCC-4401C,O=C(NC[C@H]1CN(c2ccc(N3CCNC=N3)cc2)C(=O)O1)c1ccc(Cl)s1,1.0,28.532046864231564,50.137835975189525,False,0.189,0.226,True,True
ASP-7962,NC(=O)C1CCN(c2ncccc2NC(=O)c2coc(N3CCOCC3)n2)CC1,2.0,28.4631288766368,92.41902136457615,False,0.25,0.279,True,True
PALTUSOTINE,N#Cc1cccc(-c2ccc3ncc(-c4cc(F)cc(F)c4)c(N4CCC(N)CC4)c3c2)c1O,3.0,28.39421088904204,50.137835975189525,False,0.275,0.255,True,True
PAXALISIB,CC1(C)OCCn2c1nc1c(N3CCOCC3)nc(-c3cnc(N)nc3)nc12,2.0,28.325292901447277,24.01791867677464,False,0.133,0.157,True,True
BEXOTEGRAST,COCCN(CCCCC1=CC=C2CCCN=C2N1)CC[C@H](Nc1ncnc2ccccc12)C(=O)O,2.0,28.25637491385251,50.137835975189525,False,0.253,0.2,True,True
ELOMOTECAN,CC[C@@]1(O)CC(=O)OCc2c1cc1n(c2=O)Cc2c-1nc1cc(Cl)c(C)cc1c2CN1CCC(C)CC1,2.0,28.18745692625775,50.137835975189525,False,0.19,0.174,True,True
BROMOFENOFOS,O=P(O)(O)Oc1c(Br)cc(Br)cc1-c1cc(Br)cc(Br)c1O,2.0,28.118538938663,94.1419710544452,False,0.214,0.125,True,True
GDC-0134,Nc1ncc(-c2cc(N3C[C@@H]4C[C@H]3CO4)nc(N3CCC(F)(F)C3)n2)cc1OC(F)F,1.0,28.04962095106823,50.137835975189525,False,0.165,0.162,True,True
CEFAPAROLE,Cc1nnc(SCC2=C(C(=O)O)N3C(=O)[C@@H](NC(=O)[C@H](N)c4ccc(O)cc4)[C@H]3SC2)s1,2.0,27.98070296347347,67.3328738800827,False,0.206,0.189,True,True
MK-8189,Cc1ccc([C@H]2C[C@@H]2COc2cc(NCc3nnc(C)s3)nc(C)n2)nc1,2.0,27.911784975878707,50.137835975189525,False,0.191,0.17,True,True
REMIBRUTINIB,C=CC(=O)N(C)CCOc1c(N)ncnc1-c1cc(F)cc(NC(=O)c2ccc(C3CC3)cc2F)c1C,3.0,27.842866988283944,91.38525155065471,False,0.204,0.223,True,True
BAMIRASTINE,CC(C)(C(=O)O)c1cn2nc(NCCCN3CCC(OC(c4ccccc4)c4ccccc4)CC3)ccc2n1,2.0,27.77394900068918,50.137835975189525,False,0.231,0.192,True,True
SR-13668,CCOC(=O)c1ccc2[nH]c3c(OC)c4[nH]c5ccc(C(=O)OCC)cc5c4cc3c2c1,1.0,27.705031013094416,37.07787732598208,False,0.258,0.246,True,True
ZED-1227,CCC(CC)CNC(=O)Cn1cccc(NC(=O)[C@H](CC/C=C/C(=O)OC)NC(=O)c2cncn2C)c1=O,2.0,27.63611302549965,50.10337698139215,False,0.171,0.194,True,True
RIMTUZALCAP,Cc1ccn(-c2nc(NC3CCC(F)(F)CC3)cc(N3CCOCC3)n2)n1,2.0,27.56719503790489,50.137835975189525,False,0.149,0.217,True,True
EMAVUSERTIB,Cc1cc(-c2nc(C(=O)Nc3cc4oc(N5CCOCC5)nc4nc3N3CC[C@@H](O)C3)co2)ccn1,2.0,27.49827705031013,50.137835975189525,False,0.228,0.27,True,True
SETIPAFANT,COc1ccc(NC(=O)N2CCc3c(sc4c3C(c3ccccc3Cl)=NCc3nnc(C)n3-4)C2)cc1,2.0,27.429359062715363,15.920055134390076,False,0.242,0.204,True,True
EPACADOSTAT,NS(=O)(=O)NCCNc1nonc1/C(=N/O)Nc1ccc(F)c(Br)c1,3.0,27.36044107512061,95.58924879393524,False,0.194,0.182,True,True
AZD-6703,Cc1ccc(C(=O)NC2CC2)cc1-n1cnc2ccc(N3CCN(C)CC3)cc2c1=O,1.0,27.29152308752585,50.137835975189525,False,0.219,0.225,True,True
BALOVAPTAN,CN1Cc2cc(Cl)ccc2-n2c(nnc2[C@H]2CC[C@H](Oc3ccccn3)CC2)C1,3.0,27.222605099931087,35.21709166092351,False,0.241,0.225,True,True
VONAFEXOR,O=C(O)c1cc2c(Cl)c(N3CCN(S(=O)(=O)c4c(Cl)cccc4Cl)CC3)ccc2o1,2.0,27.15368711233632,6.133700895933838,False,0.247,0.207,True,True
AZD-8797,CC(C)C[C@H](CO)Nc1nc(S[C@@H](C)c2ccccc2)nc2nc(N)sc12,2.0,27.08476912474156,91.38525155065471,False,0.205,0.161,True,True
MAVELERTINIB,C=CC(=O)N[C@@H]1CN(c2nc(Nc3cn(C)nc3OC)c3ncn(C)c3n2)C[C@H]1F,2.0,27.0158511371468,50.137835975189525,False,0.175,0.188,True,True
ZELENIRSTAT,Cc1c(NS(=O)(=O)c2c(Cl)cc(-c3ccnc(N4CCNCC4)c3)cc2Cl)c(CC(C)C)nn1C,2.0,26.94693314955203,50.137835975189525,False,0.21,0.189,True,True
NRX195183,CC1(C)CCC(C)(C)c2c1cc(C(=O)Nc1cc(F)c(C(=O)O)c(F)c1)c(O)c2Cl,2.0,26.87801516195727,24.01791867677464,False,0.311,0.196,True,True
GSK-923295A,CC(C)Oc1ccc(C(=O)N[C@H](CNC(=O)CN(C)C)Cc2ccc(-c3cn4cccc([C@H](C)O)c4n3)cc2)cc1Cl,1.0,26.809097174362503,98.48380427291524,False,0.22,0.225,True,True
ZELNECIRNON,Cc1nc(N2CC([C@H]3CCCN([C@H]4C[C@](C)(C(=O)O)C4)C3)C2)nc(N[C@H](C)c2ccc(Cl)cc2Cl)c1Cl,2.0,26.740179186767744,72.50172294968986,False,0.202,0.269,True,True
IZORLISIB,CS(=O)(=O)N1CCc2c(-c3cnc(N)nc3)nc(N3CCOCC3)nc21,2.0,26.67126119917298,14.955203308063403,False,0.169,0.235,True,True
TIOSPIRONE,O=C1CC2(CCCC2)CC(=O)N1CCCCN1CCN(c2nsc3ccccc23)CC1,2.0,26.602343211578216,59.20055134390076,False,0.186,0.16,True,True
GEMLAPODECT,Cn1ncc(C(=O)N2CCOCC2)c1C(=O)Nc1ccn2nc(-c3ccccc3)nc2c1,2.0,26.533425223983464,72.70847691247415,False,0.23,0.221,True,True
RG6341,Cc1nc2ncn(C)c2c(=O)n1Cc1nc([C@@H]2CO[C@@H](c3ccc(Cl)cc3)C2)no1,2.0,26.4645072363887,72.01929703652654,False,0.225,0.178,True,True
TINENGOTINIB,Cc1[nH]nc2c1N=C(c1ccccc1Cl)c1cnc(N3CCOCC3)cc1N2,3.0,26.39558924879394,75.63749138525155,False,0.218,0.168,True,True
JI-101,COc1ccc(Br)cc1NC(=O)Nc1cccc2c1ccn2Cc1ccnc(N)c1,2.0,26.326671261199174,75.05168849069608,False,0.267,0.247,True,True
BMS-903452,CS(=O)(=O)c1ccc(-n2cc(Cl)c(OC3CCN(c4ncc(Cl)cn4)CC3)cc2=O)c(F)c1,1.0,26.25775327360441,59.54514128187457,False,0.263,0.212,True,True
LUXABENDAZOLE,COC(=O)Nc1nc2cc(OS(=O)(=O)c3ccc(F)cc3)ccc2[nH]1,2.0,26.18883528600965,72.91523087525844,False,0.297,0.231,True,True
LUFENURON,O=C(NC(=O)c1c(F)cccc1F)Nc1cc(Cl)c(OC(F)(F)C(F)C(F)(F)F)cc1Cl,2.0,26.119917298414887,84.28669882839421,False,0.216,0.209,True,True
CYC-116,Cc1nc(N)sc1-c1ccnc(Nc2ccc(N3CCOCC3)cc2)n1,1.0,26.05099931082012,75.63749138525155,False,0.158,0.195,True,True
ZB-716,C[C@]12CC[C@@H]3c4ccc(B(O)O)cc4C[C@@H](CCCCCCCCC[S+]([O-])CCCC(F)(F)C(F)(F)F)[C@H]3[C@@H]1CC[C@@H]2O,1.0,25.98208132322536,70.0895933838732,False,0.151,0.15,True,True
ANTHRAMYCIN,Cc1ccc2c(c1O)NC(O)C1CC(/C=C/C(N)=O)=CN1C2=O,2.0,25.9131633356306,75.63749138525155,False,0.19,0.173,True,True
VERUCERFONT,CC[C@H](Nc1cc(C)nc2c(-c3ccc(OC)cc3C)c(C)nn12)c1nc(C)no1,2.0,25.844245348035837,91.38525155065471,False,0.194,0.213,True,True
TIMELOTEM,CN1CCN2c3cc(F)ccc3C(c3cccs3)=NCC2C1,2.0,25.77532736044108,50.137835975189525,False,0.196,0.238,True,True
LOSMAPIMOD,Cc1c(F)cc(C(=O)NC2CC2)cc1-c1ccc(C(=O)NCC(C)(C)C)cn1,3.0,25.70640937284632,68.29772570640938,False,0.197,0.217,True,True
PEROSPIRONE,O=C1[C@H]2CCCC[C@H]2C(=O)N1CCCCN1CCN(c2nsc3ccccc23)CC1,2.0,25.637491385251558,50.137835975189525,False,0.205,0.19,True,True
SEVITERONEL,CC(C)[C@](O)(c1ccc2cc(OC(F)F)c(OC(F)F)cc2c1)c1c[nH]nn1,2.0,25.56857339765679,50.137835975189525,False,0.295,0.177,True,True
AMEBUCORT,CCCC(=O)O[C@]1(C(=O)COC(C)=O)CC[C@H]2[C@@H]3C[C@H](C)C4=CC(=O)CC[C@]4(C)[C@H]3[C@@H](O)C[C@@]21C,2.0,25.499655410062022,50.137835975189525,False,0.162,0.183,True,True
CHLORTETRACYCLINE,CN(C)[C@@H]1C(O)=C(C(N)=O)C(=O)[C@@]2(O)C(O)=C3C(=O)c4c(O)ccc(Cl)c4[C@@](C)(O)[C@H]3C[C@@H]12,4.0,25.430737422467264,49.06960716747071,False,0.171,0.168,True,True
PELITREXOL,Cc1cc(C(=O)N[C@@H](CCC(=O)O)C(=O)O)sc1CC[C@@H]1CNc2nc(N)[nH]c(=O)c2C1,2.0,25.3618194348725,50.137835975189525,False,0.192,0.189,True,True
CINOBUFOTALIN,CC(=O)O[C@H]1[C@H]2O[C@]23[C@@H]2CC[C@]4(O)C[C@@H](O)CC[C@]4(C)[C@H]2CC[C@]3(C)[C@H]1c1ccc(=O)oc1,1.0,25.29290144727774,50.137835975189525,False,0.163,0.196,True,True
SALAZOSULFADIMIDINE,Cc1cc(C)nc(NS(=O)(=O)c2ccc(/N=N/c3ccc(O)c(C(=O)O)c3)cc2)n1,2.0,25.223983459682977,90.42039972432804,False,0.254,0.242,True,True
LERCANIDIPINE,COC(=O)C1=C(C)NC(C)=C(C(=O)OC(C)(C)CN(C)CCC(c2ccccc2)c2ccccc2)C1c1cccc([N+](=O)[O-])c1,3.0,25.15506547208821,75.63749138525155,False,0.223,0.2,True,True
BOMEDEMSTAT,CN1CCN(C(=O)[C@H](CCCN[C@@H]2C[C@H]2c2ccc(F)cc2)NC(=O)c2ccc(-n3ccnn3)cc2)CC1,3.0,25.08614748449345,52.3776705720193,False,0.189,0.192,True,True
AC-480,Cc1c(NC(=O)OC[C@@H]2COCCN2)cn2ncnc(Nc3ccc4c(cnn4Cc4cccc(F)c4)c3)c12,1.0,25.01722949689869,75.63749138525155,False,0.219,0.221,True,True
PKI-179,O=C(Nc1ccncc1)Nc1ccc(-c2nc(N3CCOCC3)nc(N3C4CCC3COC4)n2)cc1,1.0,24.94831150930393,91.38525155065471,False,0.232,0.247,True,True
LOTIGLIPRON,C[C@]1(c2ccc(Cl)cn2)Oc2cccc(C3CCN(Cc4nc5ccc(C(=O)O)cc5n4C[C@@H]4CCO4)CC3)c2O1,2.0,24.87939352170917,75.63749138525155,False,0.269,0.181,True,True
OSI-7904,Cc1nc2ccc3ccc(CNc4ccc5c(c4)CN([C@@H](CCC(=O)O)C(=O)O)C5=O)cc3c2c(=O)[nH]1,2.0,24.810475534114406,50.137835975189525,False,0.234,0.2,True,True
EMZADIRIB,CC(C)OC(=O)Nc1ccc(-c2cnc([C@H]3CC[C@H](NC(=O)OC(C)C)CC3)s2)c(S(=O)(=O)NC(C)(C)C)c1,2.0,24.741557546519644,91.38525155065471,False,0.202,0.256,True,True
TAMBICICLIB,COC[C@@H](C)N[C@H]1CC[C@H](Nc2cc(-c3csc(NCC4(C#N)CCOCC4)n3)c(Cl)cn2)CC1,2.0,24.67263955892488,91.38525155065471,False,0.174,0.205,True,True
VILZEMETKIB,COc1cc2c(Oc3ccc(NC(=O)C4(C(=O)Nc5ccc(F)cc5)CC4)cc3F)ccnc2cc1OCC1(NC2CCCC2)CC1,2.0,24.60372157133012,91.38525155065471,False,0.264,0.218,True,True
AUT-00206,Cc1ccc(Oc2ncc(N3C(=O)NC(C)(C)C3=O)cn2)c2c1OCC21CC1,1.0,24.534803583735357,75.63749138525155,False,0.2,0.163,True,True
FOSDAGROCORAT,Cc1ncccc1NC(=O)c1ccc2c(c1)CC[C@@H]1C[C@@](OP(=O)(O)O)(C(F)(F)F)CC[C@@]21Cc1ccccc1,2.0,24.46588559614059,75.63749138525155,False,0.25,0.212,True,True
PF-03814735,CC(=O)NCC(=O)N1[C@@H]2CC[C@H]1c1ccc(Nc3ncc(C(F)(F)F)c(NC4CCC4)n3)cc12,1.0,24.39696760854583,84.14886285320469,False,0.225,0.253,True,True
CATEQUENTINIB,COc1cc2c(Oc3ccc4[nH]c(C)cc4c3F)ccnc2cc1OCC1(N)CC1,3.0,24.328049620951063,31.97794624396968,False,0.222,0.19,True,True
FICONALKIB,COc1cc(N2CCC(N(C)C)CC2)ccc1Nc1nc2c(c(Nc3ccccc3S(=O)(=O)C(C)C)n1)CCN2,2.0,24.2591316333563,13.439007580978634,False,0.231,0.2,True,True
MLN-8054,O=C(O)c1ccc(Nc2ncc3c(n2)-c2ccc(Cl)cc2C(c2c(F)cccc2F)=NC3)cc1,1.0,24.19021364576155,91.38525155065471,False,0.26,0.239,True,True
TERCONAZOLE,CC(C)N1CCN(c2ccc(OCC3COC(Cn4cncn4)(c4ccc(Cl)cc4Cl)O3)cc2)CC1,4.0,24.121295658166787,40.730530668504485,False,0.164,0.216,True,True
VS-5584,Cc1nc2c(-c3cnc(N)nc3)nc(N3CCOCC3)nc2n1C(C)C,1.0,24.05237767057202,50.137835975189525,False,0.159,0.179,True,True
PF-04531083,COc1ccc(Cl)c(-c2ccc(NC(=O)c3ccnn3C)nc2N)c1,2.0,23.98345968297726,91.38525155065471,False,0.247,0.23,True,True
NERIGLIATIN,Cc1cnc(NC(=O)c2cc(Oc3cnc(C(=O)N(C)C)nc3)c3cc(C)oc3c2)cn1,2.0,23.914541695382496,76.84355616815989,False,0.21,0.2,True,True
ETHYL CARTRIZOATE,CCOC(=O)COC(=O)c1c(I)c(NC(C)=O)c(I)c(NC(C)=O)c1I,2.0,23.84562370778773,47.002067539627845,False,0.164,0.413,True,False
IMLUNESTRANT,Oc1ccc2c3c(cnc2c1)-c1ccc(C(F)(F)F)cc1O[C@@H]3c1ccc(OCCN2CC(CF)C2)cc1,3.0,23.77670572019297,91.38525155065471,False,0.209,0.25,True,True
VOLPRISTIN,CC1=C\[C@@H](O)CC(=O)Cc2nc(co2)C(=O)N2CCC[C@@H]2C(=O)O[C@H](C(C)C)[C@H](C)/C=C/C(=O)NC\C=C\1,2.0,23.70778773259821,50.137835975189525,False,0.145,0.172,True,True
AZD-8055,COc1ccc(-c2ccc3c(N4CCOC[C@@H]4C)nc(N4CCOC[C@@H]4C)nc3n2)cc1CO,1.0,23.638869745003444,93.31495520330806,False,0.204,0.186,True,True
ATIRMOCICLIB,CC(C)n1c(C(C)(C)O)nc2c(F)cc(-c3nc(N[C@@H]4CCOC[C@H]4O)ncc3Cl)cc21,2.0,23.56995175740868,95.31357684355616,False,0.183,0.28,True,True
ENDIXAPRINE,OC1CCN(c2ccc(-c3ccc(Cl)cc3Cl)nn2)CC1,2.0,23.501033769813915,91.38525155065471,False,0.189,0.321,True,True
FOLITIXORIN CALCIUM,Nc1nc(=O)c2c([nH]1)NCC1CN(c3ccc(C(=O)N[C@@H](CCC(=O)[O-])C(=O)[O-])cc3)CN21,3.0,23.432115782219157,13.16333563059958,False,0.167,0.168,True,True
ELENBECESTAT,C[C@H]1OC[C@]2(c3cc(NC(=O)c4cnc(C(F)F)cn4)ccc3F)N=C(N)SC[C@H]12,3.0,23.3631977946244,91.38525155065471,False,0.204,0.176,True,True
TULMIMETOSTAT,COC1CN([C@H]2CC[C@H]([C@@]3(C)Oc4c(Cl)cc(C(=O)NCc5c(SC)cc(C)[nH]c5=O)c(C)c4O3)CC2)C1,1.0,23.29427980702964,50.137835975189525,False,0.17,0.222,True,True
DNL-201,CNc1nc(Nc2cn(C(C)(C)C#N)nc2C)ncc1C(F)(F)F,1.0,23.22536181943488,73.67332873880082,False,0.221,0.189,True,True
AZD-8165,CCC(=O)O[C@@H](C(=O)N1N=CC[C@H]1C(=O)NCc1cc(Cl)ccc1-n1cnnn1)c1ccc(F)cc1,1.0,23.15644383184011,94.48656099241902,False,0.192,0.174,True,True
VAMAGLOXISTAT,O=C(O)c1nn[nH]c1Oc1ccc(-c2ccc(C3CC(F)(F)C3)cc2)cc1,2.0,23.08752584424535,76.43004824259133,False,0.235,0.174,True,True
ALOXISTATIN,CCOC(=O)[C@H]1O[C@@H]1C(=O)N[C@@H](CC(C)C)C(=O)NCCC(C)C,2.0,23.018607856650583,75.63749138525155,False,0.152,0.194,True,True
RELACATIB,CC(C)C[C@H](NC(=O)c1cc2ccccc2o1)C(=O)N[C@H]1CC[C@@H](C)N(S(=O)(=O)c2ccccn2)CC1=O,2.0,22.949689869055824,91.38525155065471,False,0.205,0.224,True,True
MB07811,Cc1cc(OCP2(=O)OCC[C@@H](c3cccc(Cl)c3)O2)cc(C)c1Cc1ccc(O)c(C(C)C)c1,2.0,22.880771881461055,82.35699517574086,False,0.223,0.231,True,True
ESAFLOXACIN,CCn1cc(C(=O)O)c(=O)c2cc(F)c(N3CCC(N)C3)nc21,2.0,22.811853893866296,88.4906960716747,False,0.211,0.191,True,True
ETHYL DIRAZEPATE,CCOC(=O)C1N=C(c2ccccc2Cl)c2cc(Cl)ccc2NC1=O,2.0,22.742935906271533,7.512060647829088,False,0.235,0.302,True,True
ISAVUCONAZOLE,C[C@@H](c1nc(-c2ccc(C#N)cc2)cs1)[C@](O)(Cn1cncn1)c1cc(F)ccc1F,3.0,22.67401791867677,42.866988283942106,False,0.271,0.202,True,True
CHLORSULFAQUINOXALINE,Nc1ccc(S(=O)(=O)Nc2cnc3c(Cl)cccc3n2)cc1,2.0,22.605099931082016,79.32460372157134,False,0.333,0.218,True,True
GSK-3494245,O=C(Nc1ccc(F)c(-c2ccn3c(N4CCOCC4)cnc3n2)c1)N1CCCC1,1.0,22.536181943487254,50.137835975189525,False,0.233,0.247,True,True
GAVESTINEL,O=C(/C=C/c1c(C(=O)O)[nH]c2cc(Cl)cc(Cl)c12)Nc1ccccc1,2.0,22.46726395589249,88.07718814610614,False,0.298,0.205,True,True
SCH-900776,Cn1cc(-c2cnn3c(N)c(Br)c([C@@H]4CCCNC4)nc23)cn1,2.0,22.39834596829773,71.19228118538939,False,0.133,0.205,True,True
HALOMETASONE,C[C@@H]1C[C@H]2[C@@H]3C[C@H](F)C4=CC(=O)C(Cl)=C[C@]4(C)[C@@]3(F)[C@@H](O)C[C@]2(C)[C@@]1(O)C(=O)CO,2.0,22.329427980702967,50.137835975189525,False,0.151,0.175,True,True
NAVARIXIN,CC[C@@H](Nc1c(Nc2cccc(C(=O)N(C)C)c2O)c(=O)c1=O)c1ccc(C)o1,2.0,22.2605099931082,87.31909028256375,False,0.2,0.206,True,True
MOBINITINIB,Cc1nn(C)cc1-c1nc2c(N3CCN(Cc4ccc(Cl)cc4)CC3)c(Cl)cnc2[nH]1,2.0,22.19159200551344,26.326671261199174,False,0.256,0.198,True,True
TEBUQUINE,CC(C)(C)NCc1cc(Nc2ccnc3cc(Cl)ccc23)cc(-c2ccc(Cl)cc2)c1O,2.0,22.12267401791868,50.137835975189525,False,0.242,0.207,True,True
LOMEDEUCITINIB,[2H]C([2H])([2H])NC(=O)c1nnc(NC(=O)[C@@H]2CC23CC3)cc1Nc1ncccc1S(C)(=O)=O,2.0,22.05375603032391,65.54100620261889,False,0.217,0.213,True,True
ZD-6126,COc1cc2c(c(OC)c1OC)-c1ccc(OP(=O)(O)O)cc1[C@@H](NC(C)=O)CC2,2.0,21.984838042729148,91.38525155065471,False,0.222,0.198,True,True
PF-00337210,CNC(=O)c1c(C)oc2cc(Oc3ccnc4cc(OCCN5CCOCC5)ccc34)ccc12,1.0,21.915920055134382,71.05444521019986,False,0.291,0.202,True,True
EXISULIND,CC1=C(CC(=O)O)c2cc(F)ccc2/C1=C\c1ccc(S(C)(=O)=O)cc1,3.0,21.847002067539623,91.38525155065471,False,0.254,0.214,True,True
ABEDITEROL,O=c1ccc2c([C@@H](O)CNCCCCCCOCC(F)(F)c3ccccc3)ccc(O)c2[nH]1,2.0,21.778084079944872,75.63749138525155,False,0.187,0.157,True,True
GSK-1521498,Fc1cc(-c2cccc(-c3nc[nH]n3)c2)cc(F)c1CNC1Cc2ccccc2C1,2.0,21.709166092350102,78.56650585802895,False,0.198,0.225,True,True
CC-115,CCN1C(=O)CNc2ncc(-c3ccc(-c4nc[nH]n4)nc3C)nc21,2.0,21.640248104755344,91.38525155065471,False,0.169,0.178,True,True
PATUPILONE,C/C(=C\c1csc(C)n1)[C@@H]1C[C@@H]2O[C@]2(C)CCC[C@H](C)[C@H](O)[C@@H](C)C(=O)C(C)(C)[C@@H](O)CC(=O)O1,3.0,21.57133011716058,91.38525155065471,False,0.158,0.157,True,True
ECASTOLOL,CCCC(=O)Nc1ccc(OCC(O)CNCCc2ccc(OC)c(OC)c2)c(-c2ccno2)c1,2.0,21.50241212956582,98.20813232253616,False,0.207,0.196,True,True
SAFUSIDENIB,Cc1cn(C(=O)c2c(-c3c(Cl)cc(Cl)cc3Cl)noc2C(C)(C)F)c2cccc(/C=C/C(=O)O)c12,2.0,21.433494141971053,36.4920744314266,False,0.264,0.196,True,True
THIOCOLCHICOSIDE,COc1c(O[C@@H]2O[C@H](CO)[C@@H](O)[C@H](O)[C@H]2O)cc2c(c1OC)-c1ccc(SC)c(=O)cc1[C@@H](NC(C)=O)CC2,3.0,21.36457615437629,83.9421088904204,False,0.2,0.19,True,True
TENOFOVIR DISOPROXIL ASPARTATE,CC(C)OC(=O)OCOP(=O)(CO[C@H](C)Cn1cnc2c(N)ncnc21)OCOC(=O)OC(C)C.N[C@@H](CC(=O)O)C(=O)O,3.0,21.29565816678153,50.137835975189525,False,0.162,0.198,True,True
ZIRITAXESTAT,CCc1nc2c(C)cc(N3CCN(CC(=O)N4CC(O)C4)CC3)cn2c1N(C)c1nc(-c2ccc(F)cc2)c(C#N)s1,3.0,21.226740179186766,89.38662991040661,False,0.206,0.21,True,True
GUMELUTAMIDE,CC(C)(O)c1ccc(Nc2ncnc3c2CCN(c2ccc(C#N)c(Cl)c2)C3)nc1,2.0,21.157822191592,54.37629221226741,False,0.307,0.192,True,True
7-ETHYL-10-HYDROXYCAMPTOTHECIN,CCc1c2c(nc3ccc(O)cc13)-c1cc3c(c(=O)n1C2)COC(=O)[C@]3(O)CC,2.0,21.08890420399724,81.3921433494142,False,0.227,0.191,True,True
ETC-159,Cn1c(=O)c2c(ncn2CC(=O)Nc2ccc(-c3ccccc3)nn2)n(C)c1=O,1.0,21.019986216402486,90.83390764989664,False,0.218,0.259,True,True
CRS-3123,O=c1cc(NCCCN[C@@H]2CCOc3c(Br)cc(Br)cc32)[nH]c2ccsc12,2.0,20.951068228807724,91.38525155065471,False,0.184,0.173,True,True
CADISEGLIATIN,CCCO[C@H]1CC[C@H](N(C(=O)Nc2ncc(SCC(=O)O)s2)C2CCCCC2)CC1,2.0,20.88215024121296,91.38525155065471,False,0.237,0.205,True,True
NEMIRALISIB,CC(C)N1CCN(Cc2cnc(-c3cc(-c4cccc5[nH]ccc45)cc4[nH]ncc34)o2)CC1,2.0,20.8132322536182,24.01791867677464,False,0.176,0.188,True,True
ILACIRNON,Cc1cnc(C(=O)c2ncnc3[nH]ccc23)c(NS(=O)(=O)c2ccc(Cl)c(C(F)(F)F)c2)c1,2.0,20.744314266023437,91.38525155065471,False,0.289,0.222,True,True
TAUROLITHOCHOLIC ACID,C[C@H](CCC(=O)NCCS(=O)(=O)O)[C@H]1CC[C@H]2[C@@H]3CC[C@@H]4C[C@H](O)CC[C@]4(C)[C@H]3CC[C@]12C,3.0,20.67539627842867,50.137835975189525,False,0.132,0.144,True,True
TILPISERTIB FOSMECARBIL,Cn1ccc2c([C@@H](c3cn(C45CC(C4)C5)nn3)N(C(=O)OCOP(=O)(O)O)c3cc(Cl)c4ncc(C#N)c(NCC(C)(C)C)c4c3)cccc2c1=O,2.0,20.606478290833905,98.0013783597519,False,0.217,0.194,True,True
VICASINABIN,Cn1nnnc1Cn1nnc2c(N3CC[C@H](O)C3)nc(C(C)(C)C)nc21,2.0,20.537560303239143,18.745692625775323,False,0.146,0.157,True,True
IMANIXIL,CC1(C)CN(c2ncc(C(=O)Nc3cccc(C(F)(F)F)c3)c(N)n2)C(=O)N1,2.0,20.46864231564438,75.63749138525155,False,0.273,0.278,True,True
VAPENDAVIR,CCOc1noc2cc(OCCC3CCN(c4ccc(C)nn4)CC3)ccc12,2.0,20.39972432804962,28.25637491385251,False,0.19,0.2,True,True
CEFIVITRIL,Cn1nnnc1SCC1=C(C(=O)O)N2C(=O)[C@@H](NC(=O)CS/C=C\C#N)[C@H]2SC1,2.0,20.330806340454856,75.63749138525155,False,0.174,0.165,True,True
BI 639667,CS(=O)(=O)c1cc(C2(NC(=O)c3cncc4c3cnn4-c3ccc(F)cc3)CC2)ccn1,1.0,20.26188835286009,90.00689179875948,False,0.24,0.217,True,True
BI-224436,Cc1nc2ccccc2c(-c2ccc3c4c(ccnc24)CCO3)c1[C@H](OC(C)(C)C)C(=O)O,1.0,20.19297036526534,91.38525155065471,False,0.227,0.207,True,True
TIRILAZAD,C[C@@H]1C[C@H]2[C@@H]3CCC4=CC(=O)C=C[C@]4(C)C3=CC[C@]2(C)[C@H]1C(=O)CN1CCN(c2cc(N3CCCC3)nc(N3CCCC3)n2)CC1,3.0,20.124052377670576,50.137835975189525,False,0.163,0.174,True,True
TASELISIB,Cc1nc(-c2cn3c(n2)-c2ccc(-c4cnn(C(C)(C)C(N)=O)c4)cc2OCC3)n(C(C)C)n1,3.0,20.05513439007581,91.38525155065471,False,0.228,0.202,True,True
CEFAZAFLUR,Cn1nnnc1SCC1=C(C(=O)O)N2C(=O)[C@@H](NC(=O)CSC(F)(F)F)[C@H]2SC1,2.0,19.98621640248105,50.723638869745,False,0.18,0.173,True,True
XL-019,O=C(Nc1ccc(-c2ccnc(Nc3ccc(N4CCOCC4)cc3)n2)cc1)C1CCCN1,1.0,19.91729841488629,50.137835975189525,False,0.216,0.222,True,True
FUNOBACTAM,NC1=N[C@H](c2nnc([C@@H]3CC4(CC4)[C@@H]4CN3C(=O)N4OS(=O)(=O)O)o2)CN1,2.0,19.848380427291524,49.34527911784976,False,0.132,0.15,True,True
AZD-5099,COC[C@H](C)NC(=O)c1nc(N2CC[C@@H](NC(=O)c3[nH]c(C)c(Cl)c3Cl)[C@@H](OC)C2)sc1C(=O)O,1.0,19.77946243969676,50.137835975189525,False,0.188,0.193,True,True
AVUTOMETINIB,CNS(=O)(=O)Nc1nccc(Cc2c(C)c3ccc(Oc4ncccn4)cc3oc2=O)c1F,3.0,19.710544452101995,76.70572019297036,False,0.261,0.163,True,True
TOBUTEROL,Cc1ccc(C(=O)Oc2cc(OC(=O)c3ccc(C)cc3)cc(C(O)CNC(C)(C)C)c2)cc1,2.0,19.641626464507237,74.77601654031703,False,0.232,0.241,True,True
PHTHALYLSULFATHIAZOLE,O=C(O)c1ccccc1C(=O)Nc1ccc(S(=O)(=O)Nc2nccs2)cc1,4.0,19.57270847691247,75.63749138525155,False,0.362,0.27,True,True
FISOGATINIB,C=CC(=O)N[C@H]1CCOC[C@H]1Nc1ncc2cc(-c3c(Cl)c(OC)cc(OC)c3Cl)ccc2n1,2.0,19.50379048931771,91.38525155065471,False,0.198,0.194,True,True
CLN-081,C=CC(=O)N[C@H]1C=C(C)c2c(-c3cnc4ccccc4c3)c3c(N)ncnc3n2C1,3.0,19.43487250172296,53.41144038594072,False,0.229,0.2,True,True
CEFTERAM,CO/N=C(\C(=O)N[C@@H]1C(=O)N2C(C(=O)O)=C(Cn3nnc(C)n3)CS[C@H]12)c1csc(N)n1,2.0,19.36595451412819,24.60372157133012,False,0.17,0.175,True,True
BRIVANIB ALANINATE,Cc1cc2c(F)c(Oc3ncnn4cc(OC[C@@H](C)OC(=O)[C@H](C)N)c(C)c34)ccc2[nH]1,3.0,19.29703652653343,68.02205375603032,False,0.205,0.189,True,True
CIVOREBRUTINIB,N#CN1C[C@H](n2nc(-c3ccc(Oc4ccc(Cl)cn4)cc3)c(C(N)=O)c2N)CCC12CC2,2.0,19.228118538938663,91.38525155065471,False,0.235,0.179,True,True
AMINOQUINOL,CCN(CC)CCCC(C)Nc1cc(/C=C/c2ccccc2Cl)nc2cc(Cl)ccc12,2.0,19.1592005513439,50.137835975189525,False,0.205,0.171,True,True
EXICORILANT,Cn1ncc(S(=O)(=O)N2CC[C@H]3Cc4c(cnn4-c4ccc(F)cc4)C[C@]3(C(=O)c3cc(C(F)(F)F)ccn3)C2)n1,2.0,19.09028256374914,72.29496898690559,False,0.227,0.233,True,True
FLUMOXONIDE,COC(OC)C(=O)[C@@]12OC(C)(C)O[C@@H]1C[C@H]1[C@@H]3C[C@H](F)C4=CC(=O)C=C[C@]4(C)[C@@]3(F)[C@@H](O)C[C@@]12C,2.0,19.021364576154376,75.63749138525155,False,0.143,0.163,True,True
ONVANSERTIB,CN1CCN(c2ccc(OC(F)(F)F)c(Nc3ncc4c(n3)-c3c(c(C(N)=O)nn3CCO)CC4)c2)CC1,2.0,18.952446588559614,14.955203308063403,False,0.202,0.22,True,True
PRADEFOVIR,Nc1ncnc2c1ncn2CCOC[P@@]1(=O)OCC[C@@H](c2cccc(Cl)c2)O1,3.0,18.88352860096485,54.10062026188835,False,0.174,0.202,True,True
PF-04634817,CO[C@@H]1COCC[C@@H]1N[C@@H]1CC[C@@](C(=O)N2C[C@@H]3C[C@H]2CN3c2cc(C(F)(F)F)ncn2)(C(C)C)C1,2.0,18.814610613370085,24.01791867677464,False,0.191,0.2,True,True
DAREXABAN,COc1ccc(C(=O)Nc2cccc(O)c2NC(=O)c2ccc(N3CCCN(C)CC3)cc2)cc1,3.0,18.745692625775323,91.38525155065471,False,0.259,0.289,True,True
DEFERITRIN,C[C@]1(C(=O)O)CSC(c2ccc(O)cc2O)=N1,2.0,18.67677463818056,82.63266712611991,False,0.269,0.2,True,True
ELINOGREL,CNc1cc2[nH]c(=O)n(-c3ccc(NC(=O)NS(=O)(=O)c4ccc(Cl)s4)cc3)c(=O)c2cc1F,2.0,18.60785665058581,92.07443142660236,False,0.31,0.239,True,True
GLYCOCHOLIC ACID,C[C@H](CCC(=O)NCC(=O)O)[C@H]1CC[C@H]2[C@@H]3[C@H](O)C[C@@H]4C[C@H](O)CC[C@]4(C)[C@H]3C[C@H](O)[C@]12C,3.0,18.538938662991043,78.2908339076499,False,0.132,0.147,True,True
EDECESERTIB,C[C@H](C#N)Nc1cc(-c2ccc3cc(C#N)cnn23)ncc1C(=O)NC[C@@H](F)C(C)(C)O,2.0,18.47002067539628,50.137835975189525,False,0.233,0.222,True,True
BAY-1082439,COc1c(OC[C@H](O)CN2CCOCC2)ccc2c1N=C(NC(=O)c1cccnc1C)N1CCN=C21,1.0,18.40110268780152,91.38525155065471,False,0.233,0.196,True,True
DEMIDITRAZ,Cc1cccc([C@H](C)c2ncc[nH]2)c1C,2.0,18.33218470020676,75.63749138525155,False,0.236,0.246,True,True
ISPRONICLINE,CN[C@@H](C)C/C=C/c1cncc(OC(C)C)c1,2.0,18.26326671261199,50.137835975189525,False,0.203,0.192,True,True
R-343,CNC(=O)COc1cccc(Nc2ncc(F)c(Nc3ccc4c(c3)NC(=O)C(F)(F)O4)n2)c1,2.0,18.194348725017228,91.38525155065471,False,0.209,0.223,True,True
OSI-027,COc1cccc2cc(-c3nc([C@H]4CC[C@H](C(=O)O)CC4)n4ncnc(N)c34)[nH]c12,2.0,18.125430737422462,62.64645072363887,False,0.255,0.208,True,True
QUABODEPISTAT,O=C1CCc2c(OC[C@]3(O)CCN(c4c(F)cc(Cl)cc4F)C[C@H]3O)ccc(F)c2N1,2.0,18.056512749827704,8.476912474155752,False,0.207,0.198,True,True
PREDNISOLAMATE,CCN(CC)CC(=O)OCC(=O)[C@@]1(O)CC[C@H]2[C@@H]3CCC4=CC(=O)C=C[C@]4(C)[C@H]3[C@@H](O)C[C@@]21C,2.0,17.987594762232938,28.807718814610617,False,0.149,0.171,True,True
SEPIMOSTAT,N=C(N)c1ccc2cc(OC(=O)c3ccc(NC4=NCCN4)cc3)ccc2c1,2.0,17.918676774638175,14.266023432115782,False,0.213,0.165,True,True
GOSSYPOL,Cc1cc2c(C(C)C)c(O)c(O)c(C=O)c2c(O)c1-c1c(C)cc2c(C(C)C)c(O)c(O)c(C=O)c2c1O,3.0,17.849758787043424,98.69055823569953,False,0.21,0.236,True,True
BUCLADESINE,CCCC(=O)Nc1ncnc2c1ncn2[C@@H]1O[C@@H]2COP(=O)(O)O[C@H]2[C@H]1OC(=O)CCC,2.0,17.78084079944866,88.97312198483804,False,0.16,0.176,True,True
MIGOPROTAFIB,N[C@@H]1c2ccccc2OC12CCN(c1cnc3c(N4CCCc5ncccc54)nnc-3[nH]1)CC2,2.0,17.711922811853896,75.63749138525155,False,0.208,0.162,True,True
LEDOXANTRONE,CCN(CC)CCn1nc2c3c(c(NCCN)ccc31)Sc1cc(O)ccc1-2,2.0,17.643004824259133,91.38525155065471,False,0.173,0.209,True,True
TRICLONIDE,CC1(C)O[C@@H]2C[C@H]3[C@@H]4C[C@H](F)C5=CC(=O)C=C[C@]5(C)[C@@]4(Cl)[C@@H](Cl)C[C@]3(C)[C@]2(C(=O)CCl)O1,2.0,17.57408683666437,14.128187456926256,False,0.146,0.165,True,True
LCL-161,CN[C@@H](C)C(=O)N[C@H](C(=O)N1CCC[C@H]1c1nc(C(=O)c2ccc(F)cc2)cs1)C1CCCCC1,2.0,17.50516884906961,85.73397656788421,False,0.224,0.208,True,True
MK-0812,CO[C@@H]1COCC[C@@H]1N[C@@H]1CC[C@@](C(=O)N2CCc3ncc(C(F)(F)F)cc3C2)(C(C)C)C1,2.0,17.436250861474846,67.95313576843556,False,0.219,0.242,True,True
AUMOLERTINIB,C=CC(=O)Nc1cc(Nc2nccc(-c3cn(C4CC4)c4ccccc34)n2)c(OC)cc1N(C)CCN(C)C,3.0,17.36733287388008,67.53962784286699,False,0.26,0.202,True,True
R-406,COc1cc(Nc2ncc(F)c(Nc3ccc4c(n3)NC(=O)C(C)(C)O4)n2)cc(OC)c1OC,2.0,17.298414886285318,50.137835975189525,False,0.247,0.17,True,True
OLEANDRIN,CO[C@H]1C[C@H](O[C@H]2CC[C@@]3(C)[C@H](CC[C@@H]4[C@@H]3CC[C@]3(C)[C@@H](C5=CC(=O)OC5)[C@@H](OC(C)=O)C[C@]43O)C2)O[C@@H](C)[C@@H]1O,1.0,17.229496898690556,50.137835975189525,False,0.115,0.174,True,True
CANOCAPAVIR,O=C1CO[C@H](c2cn(-c3ccc(Br)cc3)nc2-c2ccc(F)cc2)N1CCc1ccc2[nH]c(=O)[nH]c2c1,2.0,17.16057891109579,5.513439007580978,False,0.196,0.196,True,True
CEPEROGNASTAT,CC(=O)Nc1nc(F)c(CN2CC[C@H](OCc3noc(C)n3)C[C@@H]2C)s1,2.0,17.091660923501028,51.13714679531358,False,0.165,0.173,True,True
LUBABEGRON,CC(C)(Cc1ccc(Oc2ncccc2C#N)cc1)NC[C@H](O)COc1ccccc1-c1cccs1,2.0,17.022742935906276,75.63749138525155,False,0.245,0.206,True,True
FLUAZACORT,CC(=O)OCC(=O)[C@@]12N=C(C)O[C@@H]1C[C@H]1[C@@H]3CCC4=CC(=O)C=C[C@]4(C)[C@@]3(F)[C@@H](O)C[C@@]12C,2.0,16.953824948311514,50.137835975189525,False,0.157,0.19,True,True
SULFACHLORPYRIDAZINE,Nc1ccc(S(=O)(=O)Nc2ccc(Cl)nn2)cc1,2.0,16.88490696071675,87.73259820813233,False,0.308,0.205,True,True
GSK2816126,CC[C@H](C)n1cc(C)c2c(C(=O)NCc3c(C)cc(C)[nH]c3=O)cc(-c3ccc(N4CCNCC4)nc3)cc21,1.0,16.815988973121986,50.137835975189525,False,0.179,0.191,True,True
TANSHINONE IIA SULFONIC ACID,Cc1c(S(=O)(=O)O)oc2c1C(=O)C(=O)c1c-2ccc2c1CCCC2(C)C,2.0,16.747070985527223,91.38525155065471,False,0.189,0.212,True,True
IDRX-42,Cn1cc(-c2ccc(CNc3cc(-c4cnc5cc(OCCCN6CCCC6)ccn45)ncn3)cc2)cn1,1.0,16.67815299793246,59.476223294279805,False,0.168,0.176,True,True
TOREZOLID PHOSPHATE DISODIUM,Cn1nnc(-c2ccc(-c3ccc(N4C[C@H](COP(=O)([O-])[O-])OC4=O)cc3F)cn2)n1,1.0,16.6092350103377,91.38525155065471,False,0.2,0.212,True,True
CRELOSIDENIB,C=CC(=O)N1CCN([C@@H](CC2CC2)c2ccc([C@H](C)Nc3ncc4c(n3)N(CC)C(=O)OC4)cc2)CC1,2.0,16.540317022742933,50.137835975189525,False,0.165,0.216,True,True
TOTROMBOPAG,CC1=NN(c2ccc(C)c(C)c2)C(=O)/C1=N\Nc1cccc(-c2cccc(-c3nnn[nH]3)c2)c1O,2.0,16.47139903514817,69.81392143349414,False,0.316,0.192,True,True
GSK-3008348 FREE BASE,Cc1cc(C)n(-c2cccc([C@H](CC(=O)O)CN3CC[C@@H](CCc4ccc5c(n4)NCCC5)C3)c2)n1,1.0,16.402481047553408,75.67195037904894,False,0.211,0.196,True,True
IVARMACITINIB,COc1nsc(NC(=O)N2C[C@H]3C[C@H](N(C)c4ncnc5[nH]ccc45)C[C@H]3C2)n1,3.0,16.333563059958646,50.137835975189525,False,0.162,0.216,True,True
LEURUBICIN,COc1cccc2c1C(=O)c1c(O)c3c(c(O)c1C2=O)C[C@@](O)(C(=O)CO)C[C@@H]3O[C@H]1C[C@H](NC(=O)[C@@H](N)CC(C)C)[C@H](O)[C@H](C)O1,2.0,16.26464507236389,89.86905582356995,False,0.159,0.158,True,True
TOPIXANTRONE,CN(C)CCNc1ccc2c3c(nn2CCNCCO)-c2cnccc2C(=O)c13,2.0,16.19572708476913,27.63611302549965,False,0.237,0.216,True,True
RLY-2608,N#Cc1c(-c2cc(NC(=O)c3cc(F)cc(C(F)(F)F)c3)c3c(c2)C(=O)N[C@H]3c2cc(F)ccc2Cl)ccc2ncnn12,1.0,16.126809097174366,91.38525155065471,False,0.234,0.21,True,True
EPOTHILONE D,C/C1=C/C[C@@H](/C(C)=C/c2csc(C)n2)OC(=O)C[C@H](O)C(C)(C)C(=O)[C@H](C)[C@@H](O)[C@@H](C)CCC1,2.0,16.057891109579604,91.38525155065471,False,0.162,0.156,True,True
IZUFORANT,CNC1CN(c2nc3ncc(Br)cc3n3cnnc23)C1,2.0,15.98897312198484,50.137835975189525,False,0.181,0.183,True,True
TAVAPADON,Cc1cc(Oc2ncccc2C(F)(F)F)ccc1-c1c(C)c(=O)[nH]c(=O)n1C,3.0,15.920055134390076,50.137835975189525,False,0.296,0.209,True,True
NAFOXIDINE,COc1ccc2c(c1)CCC(c1ccccc1)=C2c1ccc(OCCN2CCCC2)cc1,2.0,15.851137146795311,50.137835975189525,False,0.25,0.253,True,True
ELDECALCITOL,C=C1/C(=C\C=C2/CCC[C@]3(C)[C@@H]([C@H](C)CCCC(C)(C)O)CC[C@@H]23)C[C@@H](O)[C@@H](OCCCO)[C@@H]1O,3.0,15.782219159200553,81.87456926257754,False,0.121,0.162,True,True
ACOLBIFENE,CC1=C(c2ccc(O)cc2)[C@H](c2ccc(OCCN3CCCCC3)cc2)Oc2cc(O)ccc21,3.0,15.713301171605789,91.38525155065471,False,0.241,0.236,True,True
ABIVERTINIB,C=CC(=O)Nc1cccc(Oc2nc(Nc3ccc(N4CCN(C)CC4)c(F)c3)nc3[nH]ccc23)c1,3.0,15.644383184011025,50.137835975189525,False,0.206,0.182,True,True
ANAZOLENE,O=S(=O)(O)c1cc(O)c2c(/N=N/c3ccc(Nc4ccccc4)c4c(S(=O)(=O)O)cccc34)cc(S(=O)(=O)O)cc2c1,2.0,15.57546519641626,63.6802205375603,False,0.222,0.192,True,True
VALNEMULIN,C=C[C@]1(C)C[C@@H](OC(=O)CSC(C)(C)CNC(=O)[C@H](N)C(C)C)[C@]2(C)[C@H](C)CC[C@]3(CCC(=O)[C@H]32)[C@@H](C)[C@@H]1O,2.0,15.506547208821498,24.01791867677464,False,0.142,0.164,True,True
ANDOLAST,O=C(Nc1ccc(-c2nnn[nH]2)cc1)c1ccc(-c2nnn[nH]2)cc1,2.0,15.437629221226745,50.137835975189525,False,0.609,0.169,False,True
BALCINRENONE,CNC(=O)C[C@H]1COc2cc(F)ccc2N1C(=O)c1ccc2c(c1)NC(=O)CO2,3.0,15.368711233631982,50.137835975189525,False,0.212,0.206,True,True
PRADOFLOXACIN,N#Cc1c(N2C[C@@H]3CCCN[C@@H]3C2)c(F)cc2c(=O)c(C(=O)O)cn(C3CC3)c12,2.0,15.299793246037218,50.137835975189525,False,0.212,0.17,True,True
GUSACITINIB,N#CCC1CCN(c2nc(Nc3ccc(N4CCC(O)CC4)cc3)c3c(=O)[nH]ncc3n2)CC1,2.0,15.230875258442456,24.01791867677464,False,0.2,0.186,True,True
RIMACALIB,C[C@@H](c1ccc(-c2ccccc2)c(F)c1)c1cc(NC(=N)N2CCOCC2)on1,2.0,15.161957270847692,92.28118538938664,False,0.202,0.189,True,True
ATX08-001,CCCCCS(=O)(=O)NC(=O)c1ccc2nc(C)n(Cc3ccc(Cl)cc3Cl)c2c1,2.0,15.09303928325293,96.76085458304615,False,0.262,0.189,True,True
AMINOQUINURIDE,Cc1cc(N)c2cc(NC(=O)Nc3ccc4nc(C)cc(N)c4c3)ccc2n1,2.0,15.024121295658166,91.38525155065471,False,0.268,0.227,True,True
SCH-486757,O[C@]1(c2ncccn2)C[C@H]2CC[C@@H](C1)N2C(c1ccccc1Cl)c1ccccc1Cl,2.0,14.955203308063403,35.630599586492075,False,0.206,0.193,True,True
MOXIRAPRINE,Cc1cc(-c2ccc(O)cc2)nnc1NCCN1CCOCC1,2.0,14.88628532046864,91.7987594762233,False,0.2,0.25,True,True
DENIBULIN,COC(=O)Nc1nc2cc(Sc3ccc(NC(=O)[C@H](C)N)cc3)ccc2[nH]1,2.0,14.817367332873877,75.63749138525155,False,0.25,0.216,True,True
GALOCITABINE,COc1cc(C(=O)Nc2nc(=O)n([C@@H]3O[C@H](C)[C@@H](O)[C@H]3O)cc2F)cc(OC)c1OC,2.0,14.748449345279113,90.21364576154376,False,0.221,0.206,True,True
NICOCORTONIDE,C/C=C/C1O[C@]2(C(=O)COC(=O)c3cccnc3)CC[C@@]3(O1)[C@@H]1CCC4=CC(=O)CC[C@]4(C)[C@H]1[C@@H](O)C[C@]23C,2.0,14.67953135768436,50.137835975189525,False,0.159,0.212,True,True
LIFIRAFENIB,O=C1CCc2c(Oc3ccc4c(c3)[C@@H]3[C@H](O4)[C@H]3c3nc4cc(C(F)(F)F)ccc4[nH]3)ccnc2N1,2.0,14.6106133700896,24.01791867677464,False,0.236,0.196,True,True
PUQUITINIB MESYLATE DIHYDRATE,c1cnc2ccc(Nc3nc(NC4CC4)c4nc[nH]c4n3)cc2c1,1.0,14.541695382494837,75.63749138525155,False,0.211,0.235,True,True
BURIXAFOR,Nc1cc(N2CCN(CCP(=O)(O)O)CC2)nc(NCC2CCC(CNCCCNC3CCCCC3)CC2)n1,2.0,14.47277739490007,64.57615437629221,False,0.198,0.186,True,True
LINERIXIBAT,CCCC[C@]1(CC)CS(=O)(=O)c2cc(CNC(CC(=O)O)CC(=O)O)c(OC)cc2[C@@H](c2ccccc2)N1,3.0,14.403859407305308,24.01791867677464,False,0.236,0.185,True,True
DAROVASERTIB,CC1(N)CCN(c2cccnc2NC(=O)c2nc(-c3ncccc3C(F)(F)F)cnc2N)CC1,2.0,14.334941419710546,71.95037904893178,False,0.25,0.216,True,True
OTENABANT,CCNC1(C(N)=O)CCN(c2ncnc3c2nc(-c2ccccc2Cl)n3-c2ccc(Cl)cc2)CC1,3.0,14.266023432115782,41.76430048242591,False,0.228,0.203,True,True
KOS-1584,C/C1=C/C[C@@H](/C(C)=C/c2csc(C)n2)OC(=O)C[C@H](O)C(C)(C)C(=O)[C@H](C)[C@@H](O)[C@@H](C)/C=C/C1,2.0,14.197105444521018,91.38525155065471,False,0.162,0.143,True,True
SAPITINIB,CNC(=O)CN1CCC(Oc2cc3c(Nc4cccc(Cl)c4F)ncnc3cc2OC)CC1,2.0,14.128187456926256,50.137835975189525,False,0.348,0.219,True,True
RSV-604,O=C(Nc1ccccc1F)N[C@H]1N=C(c2ccccc2)c2ccccc2NC1=O,2.0,14.059269469331491,75.63749138525155,False,0.262,0.213,True,True
LITRONESIB,CCNCCS(=O)(=O)NC[C@@]1(c2ccccc2)SC(NC(=O)C(C)(C)C)=NN1C(=O)C(C)(C)C,2.0,13.99035148173673,49.41419710544452,False,0.198,0.189,True,True
TEOPRANITOL,Cn1c(=O)c2c(ncn2CCCN[C@H]2CO[C@H]3[C@@H]2OC[C@@H]3O[N+](=O)[O-])n(C)c1=O,2.0,13.921433494141963,12.19848380427292,False,0.144,0.157,True,True
CRENOLANIB BESYLATE,CC1(COc2ccc3c(c2)ncn3-c2ccc3cccc(N4CCC(N)CC4)c3n2)COC1.O=S(=O)(O)c1ccccc1,2.0,13.852515506547212,82.42591316333562,False,0.194,0.191,True,True
ICOVAMENIB,C=CC(=O)N[C@@H]1CCCN(Cc2ccnc(C(=O)Nc3ccc(-c4cc5c(N6CCOCC6)ncnc5[nH]4)cc3)c2)C1,2.0,13.783597518952453,74.6381805651275,False,0.224,0.223,True,True
IMCARBOFOS,CCOP(=O)(NC(=S)Nc1ccc(NC(=S)NP(=O)(OCC)OCC)c(OC)c1)OCC,2.0,13.714679531357689,75.63749138525155,False,0.24,0.246,True,True
EMPRUMAPIMOD,CN(C)CC[C@H](NC(=O)c1cc2c(cnn2C(C)(C)C)cc1Oc1ccc(F)cc1F)C(N)=O,2.0,13.645761543762925,89.45554789800137,False,0.247,0.216,True,True
BMS-963272,Cc1ccc(C2=C(c3nnn[nH]3)C(=O)N[C@@](c3ccc(OCCCC(F)(F)F)cc3)(C(F)(F)F)C2)cc1,1.0,13.57684355616816,50.137835975189525,False,0.286,0.167,True,True
ILACIRNON SODIUM,Cc1cnc(C(=O)c2ncnc3[nH]ccc23)c([N-]S(=O)(=O)c2ccc(Cl)c(C(F)(F)F)c2)c1,1.0,13.507925568573398,88.21502412129566,False,0.253,0.209,True,True
CERTOCICLIB,FC(F)Oc1cc(Nc2cnc3cnn(CC4CCOCC4)c3n2)n[nH]1,1.0,13.439007580978634,75.63749138525155,False,0.167,0.204,True,True
SEVABERTINIB,COc1c(Cl)cccc1Nc1c(-c2ccncc2OC[C@@H]2COCCO2)[nH]c2c1C(=O)NCC2,2.0,13.370089593383872,50.137835975189525,False,0.222,0.18,True,True
TOREFORANT,Cc1cc(C)c2nc(-c3cnc(NCCCC4CCN(C)CC4)nc3C)[nH]c2c1,2.0,13.301171605789108,58.924879393521714,False,0.202,0.226,True,True
ENPIROLINE,OC(c1cc(-c2ccc(C(F)(F)F)cc2)nc(C(F)(F)F)c1)C1CCCCN1,2.0,13.232253618194346,53.06685044796692,False,0.243,0.25,True,True
SALANTEL,O=C(c1ccc(Cl)cc1)c1ccc(NC(=O)c2cc(I)cc(I)c2O)cc1Cl,2.0,13.16333563059958,83.80427291523087,False,0.277,0.179,True,True
NIMUCITINIB,NC(=O)c1cnc(Nc2cccc(NC(=O)[C@H]3CCCNC3)c2)cc1NCc1cc(F)cc(F)c1,2.0,13.09441764300483,75.63749138525155,False,0.216,0.213,True,True
PIPERAQUINE,Clc1ccc2c(N3CCN(CCCN4CCN(c5ccnc6cc(Cl)ccc56)CC4)CC3)ccnc2c1,3.0,13.025499655410066,75.63749138525155,False,0.253,0.23,True,True
NURANDOCIGUAT,CC(C)CN1CCN(c2ccc(-c3ccc(Cl)cc3N3CCC[C@@H](n4ncc(C(=O)O)c4C(F)F)C3)cc2)CC1,2.0,12.956581667815303,91.38525155065471,False,0.227,0.284,True,True
ABAFUNGIN,Cc1ccc(Oc2ccccc2-c2csc(N=C3NCCCN3)n2)c(C)c1,2.0,12.88766368022054,82.08132322536181,False,0.205,0.174,True,True
AMCENESTRANT,O=C(O)c1ccc2c(c1)CCCC(c1ccc(Cl)cc1Cl)=C2c1ccc(O[C@H]2CCN(CCCF)C2)cc1,3.0,12.818745692625775,91.38525155065471,False,0.22,0.224,True,True
BALINATUNFIB,CN1C(=O)c2cccc(OC(F)F)c2[C@H]2C[C@@H]1c1nc3ccc(-c4cnc(C5(N)CCC5)nc4)cc3n12,2.0,12.749827705031011,50.137835975189525,False,0.223,0.196,True,True
OLRADIPINE,CCOC(=O)C1=C(COCCOCCN)NC(C)=C(C(=O)OC)C1c1cccc(Cl)c1Cl,2.0,12.68090971743625,50.137835975189525,False,0.211,0.294,True,True
RABACFOSADINE,CCOC(=O)[C@H](C)NP(=O)(COCCn1cnc2c(NC3CC3)nc(N)nc21)N[C@@H](C)C(=O)OCC,2.0,12.611991729841488,75.87870434183321,False,0.202,0.204,True,True
TBAJ-876,COc1cc([C@](O)(CCN(C)C)[C@@H](c2cc3cc(Br)ccc3nc2OC)c2cc(OC)nc(OC)c2OC)cc(OC)n1,2.0,12.543073742246724,65.6788421778084,False,0.224,0.155,True,True
GOLIDOCITINIB,COc1nn(C)cc1Nc1nccc(-c2c[nH]c3c(NC(=O)[C@@H](C)N4CCN(C)CC4)cccc23)n1,2.0,12.47415575465196,67.81529979324603,False,0.21,0.2,True,True
OCTOTIAMINE,COC(=O)CCCCC(CCSS/C(CCO)=C(/C)N(C=O)Cc1cnc(C)nc1N)SC(C)=O,2.0,12.405237767057198,29.703652653342527,False,0.168,0.165,True,True
VORUCICLIB,CN1CC[C@@H](c2c(O)cc(O)c3c(=O)cc(-c4ccc(C(F)(F)F)cc4Cl)oc23)[C@@H]1CO,2.0,12.336319779462436,91.38525155065471,False,0.202,0.282,True,True
PYRITIDIUM BROMIDE,Cc1cc(Nc2ccc3c(c2)c(-c2ccc(N)cc2)[n+](C)c2cc(N)ccc32)nc(N)[n+]1C,2.0,12.267401791867682,50.137835975189525,False,0.187,0.149,True,True
SUTIDIAZINE,Cc1nc(Nc2ncc(N3CCN(C)[C@H](C)C3)c(Nc3cc(C)n(C)n3)n2)cc(C2CC2)c1F,2.0,12.19848380427292,75.63749138525155,False,0.184,0.19,True,True
VALATEGRAST,CCN(CC)CCOC(=O)[C@H](Cc1ccc(NC(=O)c2c(Cl)cccc2Cl)cc1)NC(=O)c1c(C)cccc1Cl,2.0,12.129565816678156,75.63749138525155,False,0.262,0.294,True,True
DM-1157,Clc1ccc2c(NCCCN3CCC(NC(c4ccccn4)c4ccccn4)CC3)ccnc2c1,1.0,12.060647829083392,50.137835975189525,False,0.24,0.22,True,True
TABILAUTIDE,CCCCCCCCCCCC(=O)N[C@@H](C)C(=O)N[C@H](CCC(=O)N[C@@H](CCC[C@H](N)C(N)=O)C(=O)O)C(=O)O,2.0,11.99172984148863,41.28187456926258,False,0.152,0.154,True,True
LY2624803,CC(C)(CN1CCN(C2=Nc3ccccc3Oc3ccccc32)CC1)C(=O)O,2.0,11.922811853893869,50.137835975189525,False,0.267,0.176,True,True
ZAVOLOSOTINE,C[C@H](NC(=O)c1cnc(C#N)c(-c2cc(F)cc(F)c2)c1N1CC[C@H](N)C1)C(F)(F)F,2.0,11.853893866299105,91.38525155065471,False,0.215,0.225,True,True
HALOPREDONE ACETATE,CC(=O)OCC(=O)[C@@]1(OC(C)=O)CC[C@H]2[C@@H]3C[C@@H](F)C4=CC(=O)C(Br)=C[C@]4(C)[C@@]3(F)[C@@H](O)C[C@@]21C,2.0,11.78497587870434,17.36733287388008,False,0.16,0.183,True,True
CERDULATINIB,CCS(=O)(=O)N1CCN(c2ccc(Nc3ncc(C(N)=O)c(NC4CC4)n3)cc2)CC1,2.0,11.716057891109577,75.63749138525155,False,0.232,0.211,True,True
ANCRIVIROC,CCO/N=C(\c1ccc(Br)cc1)C1CCN(C2(C)CCN(C(=O)c3c(C)cc[n+]([O-])c3C)CC2)CC1,2.0,11.647139903514814,75.63749138525155,False,0.188,0.175,True,True
FALNIDAMOL,CN1CCC(Nc2ncc3ncnc(Nc4ccc(F)c(Cl)c4)c3n2)CC1,2.0,11.57822191592005,75.63749138525155,False,0.269,0.256,True,True
LY-2880070,COc1nc(C)ccc1-c1cc(Nc2cncc(O[C@@H]3CCCNC3)n2)n[nH]1,2.0,11.509303928325288,91.38525155065471,False,0.167,0.239,True,True
CRENOLANIB,CC1(COc2ccc3c(c2)ncn3-c2ccc3cccc(N4CCC(N)CC4)c3n2)COC1,3.0,11.440385940730536,73.94900068917988,False,0.174,0.16,True,True
FAMPRONIL,Cc1nn(-c2c(Cl)cc(C(F)(F)F)cc2Cl)c(Cl)c1-c1nc(C#N)c(C#N)[nH]1,2.0,11.371467953135772,63.61130254996554,False,0.221,0.207,True,True
LORUNDROSTAT,CC(=O)N[C@H]1CC[C@H](NC(=O)CN2CCN(c3nncc(-c4ccc(C)cc4)n3)CC2)CC1,3.0,11.302549965541008,91.38525155065471,False,0.231,0.237,True,True
LORNOXICAM,CN1C(C(=O)Nc2ccccn2)=C(O)c2sc(Cl)cc2S1(=O)=O,3.0,11.233631977946246,44.86560992419021,False,0.262,0.244,True,True
BUTOBENDINE,CC[C@@H](COC(=O)c1cc(OC)c(OC)c(OC)c1)N(C)CCN(C)[C@@H](CC)COC(=O)c1cc(OC)c(OC)c(OC)c1,2.0,11.164713990351483,34.52791178497587,False,0.238,0.217,True,True
BERUPIPAM,CN1CCc2cc(Cl)c(O)cc2[C@@H](c2cc(Br)cc3c2OCC3)C1,2.0,11.09579600275672,50.137835975189525,False,0.265,0.234,True,True
INDINAVIR,CC(C)(C)NC(=O)[C@@H]1CN(Cc2cccnc2)CCN1C[C@@H](O)C[C@@H](Cc1ccccc1)C(=O)N[C@H]1c2ccccc2C[C@H]1O,3.0,11.026878015161955,83.73535492763611,False,0.216,0.186,True,True
OLACAFTOR,CC(C)COc1cc(F)cc(-c2ccc(C(=O)NS(=O)(=O)c3ccccc3)c(N3C[C@@H](C)CC3(C)C)n2)c1,2.0,10.957960027567191,67.05720192970365,False,0.244,0.233,True,True
AZD-9574,CNC(=O)c1ccc(N2CCN(Cc3ccc4nc(C)c(=O)[nH]c4c3F)CC2)c(F)n1,1.0,10.88904203997243,14.059269469331491,False,0.19,0.177,True,True
BRIMARAFENIB,O=C1CCc2c(Oc3ccc4c(c3)[C@H]3[C@H](NC(=O)Nc5cc(F)c(F)cc5F)[C@H]3O4)ccnc2N1,2.0,10.820124052377668,91.38525155065471,False,0.237,0.196,True,True
ELUBRIXIN,O=C(Nc1ccc(Cl)c(S(=O)(=O)N2CCNCC2)c1O)Nc1cccc(F)c1Cl,2.0,10.751206064782902,86.1474844934528,False,0.264,0.222,True,True
BRANOSOTINE,COc1cc(C#N)cc2nc(-c3c(N)ncc(-c4cc(C)cc(F)c4)c3N3CCC(N)CC3)[nH]c12,2.0,10.68228807718815,50.137835975189525,False,0.235,0.276,True,True
GLPG-0187,COc1ccc(S(=O)(=O)N[C@@H](CNc2nc(C)nc(N3CCC(c4ccc5c(n4)NCCC5)CC3)c2C)C(=O)O)cc1,1.0,10.613370089593388,8.959338387319091,False,0.222,0.211,True,True
CEP-1347,CCSCc1ccc2c(c1)c1c3c(c4c5cc(CSCC)ccc5n5c4c1n2[C@H]1C[C@](O)(C(=O)OC)[C@]5(C)O1)CNC3=O,3.0,10.544452101998624,15.851137146795311,False,0.194,0.185,True,True
DIPROTRIZOATE SODIUM,CCC(=O)Nc1c(I)c(NC(=O)CC)c(I)c(C(=O)[O-])c1I,2.0,10.475534114403862,50.137835975189525,False,0.173,0.208,True,True
ROXOLONIUM METILSULFATE,CC1(C)[C@@H](O)CC[C@]2(C)[C@H]3C(=O)C=C4[C@@H]5C[C@@](C)(C(=O)OCC6CCC[N+]6(C)C)CC[C@]5(C)CC[C@@]4(C)[C@]3(C)CC[C@@H]12.COS(=O)(=O)[O-],2.0,10.406616126809098,15.161957270847692,False,0.135,0.168,True,True
LUCITANIB,CNC(=O)c1cccc2cc(Oc3ccnc4cc(OCC5(N)CC5)c(OC)cc34)ccc12,2.0,10.337698139214336,70.77877325982081,False,0.293,0.19,True,True
PLEVITREXED,C#CCN(Cc1cc2c(O)nc(C)nc2cc1C)c1ccc(C(=O)N[C@@H](CCc2nnn[nH]2)C(=O)O)c(F)c1,2.0,10.268780151619572,50.137835975189525,False,0.242,0.219,True,True
LOTIGLIPRON TROMETHAMINE,C[C@]1(c2ccc(Cl)cn2)Oc2cccc(C3CCN(Cc4nc5ccc(C(=O)O)cc5n4C[C@@H]4CCO4)CC3)c2O1.NC(CO)(CO)CO,1.0,10.19986216402481,50.137835975189525,False,0.25,0.174,True,True
VIBEGRON,O=C(Nc1ccc(C[C@@H]2CC[C@H]([C@H](O)c3ccccc3)N2)cc1)[C@@H]1CCc2nccc(=O)n21,4.0,10.130944176430043,57.684355616816,False,0.264,0.194,True,True
AFICAMTEN,CCc1nc(-c2ccc3c(c2)CC[C@H]3NC(=O)c2cnn(C)c2)no1,3.0,10.062026188835285,49.96554100620262,False,0.218,0.244,True,True
RILAPINE,CN1CCN(C2=Cc3cc(Cl)ccc3/C(=C/C#N)c3ccccc32)CC1,2.0,9.99310820124052,34.39007580978636,False,0.205,0.222,True,True
SUCCINOBUCOL,CC(C)(Sc1cc(C(C)(C)C)c(O)c(C(C)(C)C)c1)Sc1cc(C(C)(C)C)c(OC(=O)CCC(=O)O)c(C(C)(C)C)c1,3.0,9.924190213645756,1.5161957270847692,False,0.217,0.169,True,True
PELITINIB,CCOc1cc2ncc(C#N)c(Nc3ccc(F)c(Cl)c3)c2cc1NC(=O)/C=C/CN(C)C,2.0,9.855272226051005,91.38525155065471,False,0.289,0.286,True,True
BECLOMETHASONE DIPROPIONATE,CCC(=O)OCC(=O)[C@@]1(OC(=O)CC)[C@@H](C)C[C@H]2[C@@H]3CCC4=CC(=O)C=C[C@]4(C)[C@@]3(Cl)[C@@H](O)C[C@@]21C,4.0,9.78635423845624,50.137835975189525,False,0.137,0.171,True,True
CEFMINOX,CO[C@@]1(NC(=O)CSC[C@@H](N)C(=O)O)C(=O)N2C(C(=O)O)=C(CSc3nnnn3C)CS[C@@H]21,2.0,9.717436250861478,63.05995864920744,False,0.17,0.17,True,True
SIMUROSERTIB,Cc1n[nH]cc1-c1cc2nc([C@@H]3CC4CCN3CC4)[nH]c(=O)c2s1,2.0,9.648518263266714,24.01791867677464,False,0.169,0.186,True,True
ZOTATIFIN,COc1cc2c(c(OC)n1)[C@]1(O)[C@H](O)[C@H](CN(C)C)[C@@H](c3ccccc3)[C@]1(c1ccc(C#N)cc1)O2,2.0,9.57960027567195,24.01791867677464,False,0.209,0.202,True,True
CEP-37440,CNC(=O)c1ccccc1Nc1nc(Nc2ccc3c(c2OC)CCC[C@H](N2CCN(CCO)CC2)C3)ncc1Cl,1.0,9.510682288077188,75.12060647829082,False,0.245,0.21,True,True
DANIRIXIN,Cc1c(F)cccc1NC(=O)Nc1ccc(Cl)c(S(=O)(=O)[C@H]2CCCNC2)c1O,2.0,9.441764300482426,91.38525155065471,False,0.212,0.235,True,True
LY-2584702,Cn1cc(-c2ccc(F)c(C(F)(F)F)c2)nc1C1CCN(c2ncnc3[nH]ncc23)CC1,1.0,9.372846312887662,24.01791867677464,False,0.203,0.228,True,True
ZINDOTRINE,Cc1cc(N2CCCCC2)nn2cnnc12,2.0,9.303928325292896,50.137835975189525,False,0.21,0.206,True,True
APITOLISIB,Cc1c(CN2CCN(C(=O)[C@H](C)O)CC2)sc2c(N3CCOCC3)nc(-c3cnc(N)nc3)nc12,2.0,9.235010337698135,67.47070985527223,False,0.185,0.178,True,True
CAMIZESTRANT,C[C@@H]1Cc2c(ccc3[nH]ncc23)[C@@H](c2ccc(NC3CN(CCCF)C3)cn2)N1CC(F)(F)F,3.0,9.166092350103373,75.63749138525155,False,0.178,0.206,True,True
PEXACERFONT,CC[C@@H](C)Nc1nc(C)nc2c(-c3ccc(OC)nc3C)c(C)nn12,3.0,9.09717436250862,93.38387319090282,False,0.176,0.167,True,True
TAS0612,CC(C)(C)NCCNc1ccc(C2=NN=C(C(F)(F)F)C2)nc1C1CCN(c2ncnc3c2C(C)(C)C(=O)N3)CC1,1.0,9.028256374913855,50.137835975189525,False,0.171,0.165,True,True
PF-232798,CC(=O)N[C@@H](CCN1[C@@H]2CC[C@H]1C[C@@H](n1c(C)nc3c1CCN(C(=O)C(C)C)C3)C2)c1cccc(F)c1,2.0,8.959338387319093,50.137835975189525,False,0.206,0.215,True,True
DESOCRIPTINE,CC[C@H](C)[C@H]1CN2CCC[C@H]2[C@]2(O)O[C@](NC(=O)[C@@H]3C[C@@H]4c5cccc6[nH]cc(c56)C[C@H]4N(C)C3)(C(C)C)C(=O)N12,2.0,8.89042039972433,50.137835975189525,False,0.156,0.198,True,True
EDRALBRUTINIB,CC#CC(=O)N1CC[C@@H](n2cc(-c3ccc(Oc4c(F)cccc4F)cc3)c3c(N)n[nH]c(=O)c32)C1,2.0,8.821502412129567,50.137835975189525,False,0.195,0.206,True,True
ROVADICITINIB,N#CC[C@H](C1CCCC1)n1cc(-c2ncnc3[nH]ccc23)c(N)n1,2.0,8.752584424534804,91.38525155065471,False,0.163,0.189,True,True
DIPROTRIZOATE,CCC(=O)Nc1c(I)c(NC(=O)CC)c(I)c(C(=O)O)c1I,2.0,8.68366643694004,50.137835975189525,False,0.196,0.213,True,True
BUNAZOSIN,CCCC(=O)N1CCCN(c2nc(N)c3cc(OC)c(OC)cc3n2)CC1,3.0,8.614748449345278,50.137835975189525,False,0.262,0.192,True,True
TMC 310911,CC(C)CN(C[C@@H](O)[C@H](Cc1ccccc1)NC(=O)O[C@H]1CO[C@H]2OCC[C@H]21)S(=O)(=O)c1ccc2nc(NC3CCN(C4CCCC4)CC3)sc2c1,2.0,8.545830461750514,50.137835975189525,False,0.179,0.189,True,True
GSK-3179106,CCOc1cc(=O)[nH]cc1-c1ccc(CC(=O)Nc2cc(C(C)(C)C(F)(F)F)on2)c(F)c1,1.0,8.476912474155752,91.38525155065471,False,0.224,0.309,True,True
TIMEGADINE,Cc1cc(/N=C(\Nc2nccs2)NC2CCCCC2)c2ccccc2n1,2.0,8.407994486560987,29.910406616126807,False,0.233,0.253,True,True
VILANTEROL .ALPHA.-PHENYL CINNAMATE,O=C(O)/C(=C/c1ccccc1)c1ccccc1.OCc1cc([C@@H](O)CNCCCCCCOCCOCc2c(Cl)cccc2Cl)ccc1O,2.0,8.339076498966225,91.38525155065471,False,0.228,0.22,True,True
MRTX-1133,C#Cc1c(F)ccc2cc(O)cc(-c3ncc4c(N5CC6CCC(C5)N6)nc(OC[C@@]56CCCN5C[C@H](F)C6)nc4c3F)c12,1.0,8.270158511371474,75.63749138525155,False,0.15,0.175,True,True
MRX-4,CC(=O)OP(=O)(O)N(C[C@H]1CN(c2cc(F)c(N3C=CC(=O)CC3)c(F)c2F)C(=O)O1)c1ccon1,3.0,8.20124052377671,50.137835975189525,False,0.172,0.172,True,True
TARLOXOTINIB,Cn1cnc([N+](=O)[O-])c1C[N+](C)(C)C/C=C/C(=O)Nc1cc2c(Nc3ccc(Cl)c(Br)c3)ncnc2cn1,2.0,8.132322536181945,35.69951757408683,False,0.208,0.208,True,True
TILORONE,CCN(CC)CCOc1ccc2c(c1)C(=O)c1cc(OCCN(CC)CC)ccc1-2,2.0,8.063404548587183,7.78773259820813,False,0.215,0.222,True,True
QUINDECAMINE,Cc1cc(NCCCCCCCCCCNc2cc(C)nc3ccccc23)c2ccccc2n1,2.0,7.99448656099242,24.01791867677464,False,0.231,0.171,True,True
CM-4307,[2H]C([2H])([2H])NC(=O)c1cc(Oc2ccc(NC(=O)Nc3ccc(Cl)c(C(F)(F)F)c3)cc2)ccn1,3.0,7.925568573397657,91.38525155065471,False,0.265,0.209,True,True
LERAMISTAT,C[C@]1(O)CC[C@H](NS(=O)(=O)c2ccc(-c3ccc(Cl)c(C#N)c3)cc2)CC1,2.0,7.856650585802893,46.1750516884907,False,0.349,0.247,True,True
TAK-915,COC[C@@H](NC(=O)N1CC(=O)Nc2cc(OC)cnc21)c1ccc(OC(F)(F)F)c(F)c1,1.0,7.78773259820813,12.543073742246728,False,0.229,0.21,True,True
PROPAZOLAMIDE,CCC(=O)Nc1nnc(S(N)(=O)=O)s1,2.0,7.718814610613367,77.1881461061337,False,0.176,0.227,True,True
ITROCINONIDE,CCC[C@@H]1O[C@@H]2C[C@H]3[C@@H]4C[C@H](F)C5=CC(=O)C=C[C@]5(C)[C@@]4(F)[C@@H](O)C[C@]3(C)[C@]2(C(=O)O[C@H](C)OC(=O)OCC)O1,2.0,7.649896623018604,50.137835975189525,False,0.153,0.148,True,True
DAPOLSERTIB,CC(C)n1c(C2CCNCC2)nc2c([N+](=O)[O-])c(Br)c(Br)cc21,2.0,7.580978635423841,4.962095106822884,False,0.19,0.176,True,True
ZIRESOVIR,Cc1ccc2nc(N3CCS(=O)(=O)c4ccccc4C3)nc(NCC3(N)COC3)c2c1,3.0,7.512060647829088,75.63749138525155,False,0.214,0.189,True,True
COFROGLIPTIN,CS(=O)(=O)n1cc2c(n1)CN([C@@H]1C[C@H](N)[C@@H](c3cc(F)ccc3F)O[C@@H]1C(F)(F)F)C2,2.0,7.443142660234326,13.370089593383874,False,0.19,0.214,True,True
PHTHALYLSULFAMETHIZOLE,Cc1nnc(NS(=O)(=O)c2ccc(NC(=O)c3ccccc3C(=O)O)cc2)s1,2.0,7.374224672639562,45.00344589937973,False,0.25,0.246,True,True
LEUCOVORIN SODIUM,Nc1nc(O)c2c(n1)NCC(CNc1ccc(C(=O)N[C@@H](CCC(=O)[O-])C(=O)[O-])cc1)N2C=O,3.0,7.305306685044799,16.333563059958646,False,0.187,0.155,True,True
LY-2886721,NC1=N[C@@]2(c3cc(NC(=O)c4ccc(F)cn4)ccc3F)COC[C@H]2CS1,1.0,7.236388697450035,72.9841488628532,False,0.239,0.213,True,True
BATOPROTAFIB,C[C@@H]1OCC2(CCN(c3cnc(Sc4ccnc(N)c4Cl)c(N)n3)CC2)[C@@H]1N,2.0,7.167470709855273,23.22536181943488,False,0.188,0.15,True,True
INTOPLICINE,Cc1cnc(NCCCN(C)C)c2c1[nH]c1ccc3cc(O)ccc3c12,2.0,7.098552722260509,36.59545141281875,False,0.178,0.188,True,True
PICLOXYDINE,N=C(NC(=N)N1CCN(C(=N)NC(=N)Nc2ccc(Cl)cc2)CC1)Nc1ccc(Cl)cc1,2.0,7.029634734665747,75.63749138525155,False,0.232,0.188,True,True
FELCISETRAG,COC(=O)N1CCC(CN2CCC(CNC(=O)c3cccc4[nH]c(C(C)C)nc34)CC2)CC1,2.0,6.960716747070983,48.10475534114404,False,0.204,0.196,True,True
ELANZEPINE,CN(C)CC/C=C1\c2ccccc2CNc2cc(Cl)ccc21,2.0,6.89179875947622,50.137835975189525,False,0.174,0.181,True,True
ANERATRIGINE,CNCCN(C)c1cc(F)ccc1Nc1cc(F)c(S(=O)(=O)Nc2cscn2)cc1Cl,2.0,6.822880771881456,85.52722260509992,False,0.386,0.175,True,True
RTI-336,Cc1ccc(-c2cc([C@@H]3C4CCC(C[C@@H]3c3ccc(Cl)cc3)N4C)on2)cc1,1.0,6.753962784286694,50.137835975189525,False,0.205,0.186,True,True
PIROMIDIC ACID,CCn1cc(C(=O)O)c(=O)c2cnc(N3CCCC3)nc21,2.0,6.685044796691941,78.70434183321848,False,0.254,0.184,True,True
AZM-475271,COc1ccc(Cl)c(Nc2ncnc3cc(OCC4CCN(C)CC4)c(OC)cc23)c1,2.0,6.616126809097178,75.63749138525155,False,0.295,0.27,True,True
NARONAPRIDE,COc1cc(N)c(Cl)cc1C(=O)N[C@@H]1CCN(CCCCCC(=O)O[C@H]2CN3CCC2CC3)C[C@@H]1OC,2.0,6.547208821502415,50.137835975189525,False,0.179,0.191,True,True
EMILUMENIB,COc1cc(-c2ccc(CN[C@H]3C[C@@H](O)[C@@H](N(C)c4ncnc5sc(CC(F)(F)F)cc45)C3)cc2)nnc1OC,2.0,6.478290833907652,75.63749138525155,False,0.181,0.183,True,True
GANETESPIB,CC(C)c1cc(-c2n[nH]c(=O)n2-c2ccc3c(ccn3C)c2)c(O)cc1O,3.0,6.4093728463128885,11.647139903514818,False,0.205,0.189,True,True
ZILURGISERTIB,Nc1ncc(-c2ccc([C@@]34C[C@@H]3CN(C3CCOCC3)C4)cc2)cc1C(=O)NC12CCC(O)(CC1)CC2,2.0,6.340454858718125,91.38525155065471,False,0.193,0.173,True,True
IKT-001PRO,CCC(C)OC(=O)OC[N+]1(C)CCN(Cc2ccc(C(=O)Nc3ccc(C)c(Nc4nccc(-c5cccnc5)n4)c3)cc2)CC1,1.0,6.271536871123362,50.137835975189525,False,0.221,0.218,True,True
ISOMETAMIDIUM CHLORIDE,CC[n+]1c(-c2ccccc2)c2cc(N/N=N/c3cccc(C(=N)N)c3)ccc2c2ccc(N)cc21,2.0,6.202618883528599,50.137835975189525,False,0.169,0.165,True,True
AZD-1208,NC1CCCN(c2c(/C=C3/SC(=O)NC3=O)cccc2-c2ccccc2)C1,1.0,6.133700895933836,91.38525155065471,False,0.193,0.188,True,True
RG-4733,CC(C)(C(=O)NCC(F)(F)C(F)(F)F)C(=O)N[C@@H]1C(=O)Nc2ccccc2-c2ccccc21,2.0,6.0647829083390725,74.01791867677463,False,0.215,0.174,True,True
TUVUSERTIB,Cn1cncc1-c1c(F)cncc1NC(=O)c1c(N)nn2cc(F)cnc12,2.0,5.995864920744309,75.63749138525155,False,0.213,0.209,True,True
RAZPIPADON,Cc1cc(Oc2ncccc2OC(F)F)ccc1-c1c(C)c(=O)[nH]c(=O)n1C,2.0,5.926946933149557,75.63749138525155,False,0.233,0.188,True,True
EPROTIROME,CC(C)c1cc(Oc2c(Br)cc(NC(=O)CC(=O)O)cc2Br)ccc1O,3.0,5.8580289455547945,91.38525155065471,False,0.233,0.242,True,True
RELENOPRIDE,COc1cc(N)c(Cl)cc1C(=O)NCC1CCN(CC[C@H](OC(N)=O)c2ccc(F)cc2)CC1,2.0,5.78911095796003,69.67608545830461,False,0.206,0.194,True,True
BMS-984923,O=C1N[C@H](c2cncc(C#Cc3ccccc3)c2)[C@@H](c2ccccc2Cl)O1,1.0,5.720192970365268,38.731909028256375,False,0.2,0.182,True,True
TIGOZERTINIB,CO[C@@H]1CCN(c2nccc(Nc3cc4c(C(C)C)ccc(N5C[C@H](CS(C)(=O)=O)[C@H]5C)c4cn3)n2)C[C@@H]1F,2.0,5.651274982770504,76.01654031702274,False,0.217,0.176,True,True
TRALONIDE,CC1(C)O[C@@H]2C[C@H]3[C@@H]4C[C@H](F)C5=CC(=O)C=C[C@]5(C)[C@@]4(Cl)[C@@H](Cl)C[C@]3(C)[C@]2(C(=O)CF)O1,2.0,5.582356995175742,10.268780151619572,False,0.146,0.165,True,True
CHF4227,COc1ccc(C2=C(Cc3ccc(OCCN4CCCCC4)cc3)c3ccc(O)cc3OC2)cc1,1.0,5.513439007580978,50.137835975189525,False,0.215,0.267,True,True
AB-836,C[C@H](c1c[nH]c(=O)c2cc(F)c(F)cc12)N(C)C(=O)Nc1ccc(F)c(C#N)c1,1.0,5.444521019986215,50.137835975189525,False,0.241,0.219,True,True
NERACORVIR,Cc1cc2n(c1)S(=O)(=O)c1ccc(C(=O)NCC[C@H]3COCCO3)cc1NC2=O,2.0,5.375603032391451,23.501033769813915,False,0.205,0.202,True,True
JNJ-26483327,COc1cc2ncnc3c2cc1OCCCCCN(C)Cc1ccc(Br)cc1N3,1.0,5.306685044796689,4.686423156443833,False,0.213,0.182,True,True
BIIB-091,Cn1cc(Nc2nccc(-c3ccc4c(c3)CN(C3COC3)CC[C@H]4NC(=O)c3cn(C(C)(C)C)nn3)n2)cn1,2.0,5.237767057201925,50.137835975189525,False,0.206,0.195,True,True
CEP-11981,CC(C)Cn1c2ccc(Nc3ncccn3)cc2c2c3c(c4c(c21)CCc1nn(C)cc1-4)C(=O)NC3,2.0,5.1688490696071625,50.137835975189525,False,0.2,0.234,True,True
FF-10101,CCCNc1nc(Nc2ccc(C#N)cc2)ncc1C#CCCCNC(=O)[C@H](C)N(C)C(=O)/C=C/CN(C)C,1.0,5.09993108201241,75.63749138525155,False,0.212,0.193,True,True
BMS-813160,CC(=O)N[C@@H]1C[C@H](NC(C)(C)C)CC[C@@H]1N1CC[C@H](Nc2ncnc3cc(C(C)(C)C)nn23)C1=O,2.0,5.031013094417647,50.137835975189525,False,0.183,0.216,True,True
TIVIRAPINE,CC(C)=CCN1Cc2c(Cl)ccc3[nH]c(=S)n(c23)C[C@@H]1C,2.0,4.962095106822884,58.71812543073742,False,0.197,0.16,True,True
AG-24322,CCNCc1cncc(-c2ccc3c(c2)/C(=C2/N=c4cc(F)cc(F)c4=N2)NN3)c1C,1.0,4.89317711922812,75.63749138525155,False,0.205,0.194,True,True
ZOLIFLODACIN,C[C@@H]1CN2c3c(cc4c(N5C(=O)OC[C@@H]5C)noc4c3F)CC3(C(=O)NC(=O)NC3=O)[C@H]2[C@H](C)O1,3.0,4.824259131633357,13.714679531357683,False,0.128,0.148,True,True
ICAPAMESPIB,CC(C)(C)CNCCn1c(Sc2cc3c(cc2I)OCO3)nc2c(N)ncnc21,1.0,4.755341144038594,50.137835975189525,False,0.152,0.137,True,True
OBERADILOL,CC1CC(=O)NN=C1c1ccc(NCC(C)(C)NCC(O)COc2cc(Cl)ccc2C#N)cc1,2.0,4.686423156443831,50.137835975189525,False,0.265,0.196,True,True
UDENAFIL,CCCOc1ccc(S(=O)(=O)NCCC2CCCN2C)cc1-c1nc2c(CCC)nn(C)c2c(=O)[nH]1,3.0,4.617505168849068,80.35837353549276,False,0.209,0.186,True,True
PSI-352938,CCOc1nc(N)nc2c1ncn2[C@@H]1O[C@@H]2COP(=O)(OC(C)C)O[C@H]2[C@@]1(C)F,2.0,4.548587181254304,75.63749138525155,False,0.17,0.14,True,True
MAZOKALIM,CCOC(=O)CCCn1nnnc1-c1ccc2c(c1)[C@@H](Oc1ccc(=O)[nH]n1)[C@](C)(O)C(C)(C)O2,2.0,4.479669193659541,80.56512749827705,False,0.167,0.212,True,True
CHOLYLSARCOSINE,C[C@H](CCC(=O)N(C)CC(=O)O)[C@H]1CC[C@H]2[C@@H]3[C@H](O)C[C@@H]4C[C@H](O)CC[C@]4(C)[C@H]3C[C@H](O)[C@]12C,1.0,4.410751206064778,53.8249483115093,False,0.128,0.139,True,True
CHOLYLSARCOSINE C-11,C[C@H](CCC(=O)N([11CH3])CC(=O)O)[C@H]1CC[C@H]2[C@@H]3[C@H](O)C[C@@H]4C[C@H](O)CC[C@]4(C)[C@H]3C[C@H](O)[C@]12C,1.0,4.3418332184700255,50.137835975189525,False,0.128,0.139,True,True
PF-07284892,Nc1nccc(Sc2cnc(N3CCC4(CC3)Cc3ccccc3[C@H]4N)nn2)c1Cl,1.0,4.272915230875263,75.63749138525155,False,0.205,0.149,True,True
GRAPIPRANT,CCc1nc2c(C)nc(C)cc2n1-c1ccc(CCNC(=O)NS(=O)(=O)c2ccc(C)cc2)cc1,2.0,4.203997243280499,94.83115093039282,False,0.22,0.319,True,True
VP-14637,Cc1nnnn1N=Cc1ccc(O)c(C(c2ccc(O)cc2)c2cc(C=Nn3nnnc3C)ccc2O)c1,1.0,4.135079255685737,17.50516884906961,False,0.186,0.179,True,True
MARBOFLOXACIN,CN1CCN(c2c(F)cc3c(=O)c(C(=O)O)cn4c3c2OCN4C)CC1,2.0,4.066161268090973,50.137835975189525,False,0.197,0.193,True,True
USL-311,CC(C)N1CCC(N2CCCN(c3cccc(C(=O)Nc4ccncc4)n3)CC2)CC1,1.0,3.99724328049621,91.38525155065471,False,0.257,0.255,True,True
DEMECOLCINE,CN[C@H]1CCc2cc(OC)c(OC)c(OC)c2-c2ccc(OC)c(=O)cc21,2.0,3.928325292901447,27.911784975878707,False,0.232,0.176,True,True
ASP-7657,O=C(NC[C@H]1CC[C@H](C(=O)O)CC1)c1cc(C(F)(F)F)cc2ccn(Cc3ccc4ccccc4n3)c12,1.0,3.859407305306684,75.63749138525155,False,0.253,0.221,True,True
TOZASERTIB,Cc1cc(Nc2cc(N3CCN(C)CC3)nc(Sc3ccc(NC(=O)C4CC4)cc3)n2)n[nH]1,2.0,3.79048931771192,91.38525155065471,False,0.209,0.202,True,True
ZEPRUMETOSTAT,CCc1c(N(CC)C2CCOCC2)cc2oc(CN3CCCCC3)cc2c1C(=O)NCc1c(C)cc(C)[nH]c1=O,2.0,3.721571330117157,50.137835975189525,False,0.204,0.177,True,True
RADALBUVIR,CC1=CC[C@H](C(=O)N(c2cc(C#CC(C)(C)C)sc2C(=O)O)[C@H]2CC[C@](O)(CO[C@H]3CCOC3)CC2)CC1,2.0,3.652653342522394,50.137835975189525,False,0.155,0.164,True,True
ALEXIDINE,CCCCC(CC)CNC(=N)NC(=N)NCCCCCCNC(=N)NC(=N)NCC(CC)CCCC,2.0,3.5837353549276307,50.137835975189525,False,0.111,0.135,True,True
LANRAPLENIB,Nc1cncc(-c2cn3ccnc3c(Nc3ccc(N4CCN(C5COC5)CC4)cc3)n2)n1,2.0,3.514817367332878,50.137835975189525,False,0.184,0.2,True,True
PINOMETOSTAT,CC(C)N(C[C@H]1O[C@@H](n2cnc3c(N)ncnc32)[C@H](O)[C@@H]1O)[C@H]1C[C@@H](CCc2nc3cc(C(C)(C)C)ccc3[nH]2)C1,2.0,3.4458993797381154,78.0840799448656,False,0.146,0.186,True,True
ENMD-2076,Cc1cc(Nc2cc(N3CCN(C)CC3)nc(/C=C/c3ccccc3)n2)n[nH]1,2.0,3.376981392143352,50.137835975189525,False,0.165,0.205,True,True
SU-014813,Cc1[nH]c(/C=C2\C(=O)Nc3ccc(F)cc32)c(C)c1C(=O)NC[C@H](O)CN1CCOCC1,2.0,3.308063404548589,50.137835975189525,False,0.17,0.196,True,True
BENAFENTRINE,COc1cc2c(cc1OC)[C@@H]1CN(C)CC[C@@H]1N=C2c1ccc(NC(C)=O)cc1,2.0,3.239145416953826,85.18263266712613,False,0.232,0.239,True,True
EXATECAN,CC[C@@]1(O)C(=O)OCc2c1cc1n(c2=O)Cc2c-1nc1cc(F)c(C)c3c1c2[C@@H](N)CC3,3.0,3.1702274293590627,58.64920744314266,False,0.161,0.173,True,True
SAFIMALTIB,O=C(Nc1ccnc(C(F)(F)F)c1)c1cnn(-c2cccc3c(=O)[nH]ccc23)c1C(F)(F)F,2.0,3.1013094417642995,75.63749138525155,False,0.239,0.214,True,True
POCENBRODIB,COC(=O)N1c2ccc3c(nc([C@H](O)c4cc(F)ccc4OC)n3[C@@H]3CCC[C@@H](C(=O)O)C3)c2CC[C@@H]1C,2.0,3.0323914541695363,60.57891109579601,False,0.208,0.193,True,True
ZALUNFIBAN,NCC(=O)Nc1cncc(-c2nn3c(=O)cc(N4CCNCC4)nc3s2)c1,3.0,2.963473466574773,91.38525155065471,False,0.214,0.239,True,True
ARRY-382,Cc1cccc(Cn2nc(C3CC3)c3c(NC(=O)c4cnc5cc(OCCN6CCN(C)CC6)ccn45)cccc32)n1,2.0,2.89455547898001,87.80151619572707,False,0.283,0.227,True,True
RADIPRODIL,O=C(Nc1ccc2nc(O)oc2c1)C(=O)N1CCC(Cc2ccc(F)cc2)CC1,2.0,2.8256374913852467,91.38525155065471,False,0.256,0.196,True,True
IGERMETOSTAT,CCN(c1cc(O[C@H]2C[C@H](N3CCCCC3)C2)cc(C(=O)NCc2c(C)cc(C)[nH]c2=O)c1C)C1CCOCC1,2.0,2.7567195037904946,75.63749138525155,False,0.153,0.189,True,True
SALAZODINE,COc1ccc(NS(=O)(=O)c2ccc(/N=N/c3ccc(O)c(C(=O)O)c3)cc2)nn1,2.0,2.687801516195732,24.01791867677464,False,0.329,0.211,True,True
FLEZURAFENIB,O=C1CCc2c(Oc3ccc4c(c3)C[C@@H](c3ncc(-c5ccc(F)cc5)[nH]3)CO4)ccnc2N1,2.0,2.618883528600968,75.63749138525155,False,0.266,0.176,True,True
ZABOFLOXACIN,CO/N=C1\CN(c2nc3c(cc2F)c(=O)c(C(=O)O)cn3C2CC2)CC12CNC2,3.0,2.549965541006205,15.161957270847692,False,0.184,0.17,True,True
AMCASERTIB,CCN(CC)CCNC(=O)c1c(C)[nH]c(/C=C2\C(=O)Nc3ccc(-c4csc(-c5ccccc5)n4)cc32)c1C,2.0,2.481047553411442,24.01791867677464,False,0.202,0.21,True,True
GAMCEMETINIB,CCOCc1cnc(Cl)nc1Oc1ccc2c(ccc3sc4c(c32)NC[C@@H](C)NC4=O)n1,2.0,2.4121295658166786,24.01791867677464,False,0.175,0.173,True,True
INCB-9471,CCO[C@@H]1Cc2cc(C(F)(F)F)ccc2[C@H]1N1CCN(C2(C)CCN(C(=O)c3c(C)ncnc3C)CC2)C[C@@H]1C,2.0,2.3432115782219154,31.90902825637492,False,0.216,0.224,True,True
PF-07059013,C[C@H](Oc1cc2cc(F)ccc2nc1N)c1[nH]c(=O)ccc1-n1cccn1,1.0,2.274293590627152,54.03170227429359,False,0.202,0.208,True,True
SEGIGRATINIB,COc1cc(OC)c(Cl)c(-c2ccc3c(NC(=O)c4ccc(N5CCNC(C)(C)C5)cc4)n[nH]c3n2)c1Cl,2.0,2.205375603032389,24.01791867677464,False,0.209,0.185,True,True
IFIDANCITINIB,COc1cc(Nc2ncc(C)c(Nc3ccc4oc(=O)[nH]c4c3)n2)cc(C)c1F,2.0,2.136457615437626,50.137835975189525,False,0.209,0.178,True,True
ACOTIAMIDE HYDROCHLORIDE,COc1cc(O)c(C(=O)Nc2nc(C(=O)NCCN(C(C)C)C(C)C)cs2)cc1OC,3.0,2.0675396278428626,91.38525155065471,False,0.216,0.21,True,True
TOMIVOSERTIB,Cc1cc(Nc2cc(N)ncn2)c(=O)n2c1C(=O)NC21CCCCC1,2.0,1.9986216402480996,50.137835975189525,False,0.158,0.172,True,True
TRICLOFENOL PIPERAZINE,C1CNCCN1.Oc1cc(Cl)c(Cl)cc1Cl.Oc1cc(Cl)c(Cl)cc1Cl,2.0,1.9297036526533475,50.137835975189525,False,0.204,0.217,True,True
ECENOFLOXACIN,C[C@@]12C[C@H](N)[C@@H]1CN(c1nc3c(cc1F)c(=O)c(C(=O)O)cn3C1CC1)C2,2.0,1.860785665058584,27.36044107512061,False,0.198,0.178,True,True
ACORAFLOXACIN,COc1c(N2CCC/C(=C(\F)CN)C2)c(F)cc2c(=O)c(C(=O)O)cn(C3CC3)c12,2.0,1.791867677463821,50.79255685733977,False,0.212,0.183,True,True
"5-(6-BENZOTHIAZOLYLMETHYLENE)-3,5-DIHYDRO-2-(((1S)-1-(METHOXYMETHYL)-3-METHYLBUTYL)AMINO)-4H-IMIDAZOL-4-ONE, (5Z)-",COC[C@@H](CC(C)C)NC1=N/C(=C\c2ccc3ncsc3c2)C(=O)N1,1.0,1.7229496898690575,24.01791867677464,False,0.182,0.182,True,True
CX-5461,Cc1cnc(CNC(=O)c2c(=O)c3ccc(N4CCCN(C)CC4)nc3n3c2sc2ccccc23)cn1,1.0,1.6540317022742943,24.01791867677464,False,0.211,0.215,True,True
CETOCYCLINE,CC(=O)C1=C(O)[C@H](N)[C@@H]2Cc3c(c(O)c4c(O)c(C)ccc4c3C)C(=O)[C@]2(O)C1=O,2.0,1.585113714679531,90.62715368711234,False,0.157,0.169,True,True
CHLORHEXIDINE,N=C(NCCCCCCNC(=N)NC(=N)Nc1ccc(Cl)cc1)NC(=N)Nc1ccc(Cl)cc1,4.0,1.516195727084768,91.38525155065471,False,0.207,0.2,True,True
UCN-01,CN[C@@H]1C[C@H]2O[C@@](C)([C@@H]1OC)n1c3ccccc3c3c4c(c5c6ccccc6n2c5c31)C(=O)N[C@H]4O,2.0,1.447277739490005,2.756719503790489,False,0.182,0.175,True,True
LUXEPTINIB,Cc1c[nH]c(-c2ccc(-c3ccc(NC(=O)Nc4c(F)cc(F)cc4F)cc3F)c3c2C(=O)NC3)n1,1.0,1.3783597518952415,91.38525155065471,False,0.302,0.247,True,True
TOVINONTRINE,C[C@@H]1CN(Cc2ncccn2)C[C@H]1c1cn2c(C3CCOCC3)ncc2c(=O)[nH]1,2.0,1.3094417643004783,50.137835975189525,False,0.202,0.194,True,True
SY-5609,CC1(C)CC[C@H](Nc2ncc(C(F)(F)F)c(-c3c[nH]c4c(P(C)(C)=O)c(C#N)ccc34)n2)CN1,1.0,1.2405237767057151,91.38525155065471,False,0.222,0.198,True,True
VALEMETOSTAT TOSYLATE,Cc1cc(C)c(CNC(=O)c2cc(Cl)c3c(c2C)O[C@@](C)([C@H]2CC[C@H](N(C)C)CC2)O3)c(=O)[nH]1,2.0,1.1716057891109632,50.137835975189525,False,0.169,0.188,True,True
BMS-986224,CCOCc1nc(O)c(-c2nnc(Cc3ccc(Cl)cn3)o2)c(O)c1-c1c(OC)cccc1OC,1.0,1.1026878015162,91.38525155065471,False,0.212,0.206,True,True
DENFIVONTINIB,CN1CCC(Nc2nc(Nc3ccc(Oc4ccccc4)cc3)c3c(=O)[nH]cc(Br)c3n2)CC1,2.0,1.0337698139214369,50.137835975189525,False,0.174,0.198,True,True
APREPITANT,C[C@@H](O[C@H]1OCCN(Cc2n[nH]c(=O)[nH]2)[C@H]1c1ccc(F)cc1)c1cc(C(F)(F)F)cc(C(F)(F)F)c1,4.0,0.9648518263266735,13.783597518952448,False,0.196,0.206,True,True
XL-999,CCN1CCC(Nc2ccc3c(c2)/C(=C(\c2cccc(F)c2)c2nc(C)c[nH]2)C(=O)N3)CC1,2.0,0.8959338387319105,91.38525155065471,False,0.202,0.25,True,True
VOLASERTIB,CC[C@@H]1C(=O)N(C)c2cnc(Nc3ccc(C(=O)N[C@H]4CC[C@H](N5CCN(CC6CC6)CC5)CC4)cc3OC)nc2N1C(C)C,3.0,0.8270158511371473,21.640248104755344,False,0.223,0.216,True,True
ANSORNITINIB,COC(=O)c1ccc2c(n1)NC(=O)/C2=C(\Nc1ccc(N(C)C(=O)CN2CCN(C)CC2)cc1)c1ccccc1,2.0,0.7580978635423841,50.137835975189525,False,0.2,0.222,True,True
TAFETINIB,CCN(CC)CCNC(=O)c1c(C)[nH]c2c1CCC/C2=C1/C(=O)Nc2ccc(F)cc21,1.0,0.6891798759476209,4.066161268090972,False,0.185,0.237,True,True
POMOTRELVIR,N#C[C@H](C[C@@H]1CCCNC1=O)NC(=O)[C@H](CC1CC1)NC(=O)c1cc2cccc(Cl)c2[nH]1,2.0,0.6202618883528577,8.407994486560993,False,0.196,0.198,True,True
EDELINONTRINE,C[C@@H]1CN(Cc2ncccn2)C[C@H]1c1nc2c(cnn2C2CCOCC2)c(=O)[nH]1,2.0,0.5513439007580945,75.63749138525155,False,0.171,0.175,True,True
PF-00477736,Cn1cc(C2=Nc3cc(NC(=O)C(N)C4CCCCC4)cc4c3C2=CNNC4=O)cn1,1.0,0.4824259131633313,75.63749138525155,False,0.175,0.221,True,True
TAK-020,C=CC(=O)N1CC[C@H](Oc2nc(-c3n[nH]c(=O)[nH]3)cc3ccccc23)C1,1.0,0.4135079255685681,24.01791867677464,False,0.196,0.216,True,True
TAMUZIMOD,O=C1CC[C@@H](Oc2cc(Cl)c(-c3noc(-c4cn5cc(C(F)(F)F)cc(Cl)c5n4)n3)cc2Cl)CN1,2.0,0.344589937973816,75.63749138525155,False,0.233,0.184,True,True
RUPINTRIVIR,CCOC(=O)/C=C/[C@H](C[C@@H]1CCNC1=O)NC(=O)[C@@H](CC(=O)[C@@H](NC(=O)c1cc(C)on1)C(C)C)Cc1ccc(F)cc1,2.0,0.2756719503790528,15.43762922122674,False,0.171,0.198,True,True
IMOCITRELVIR,C#CC[C@@H](C(=O)N[C@H](/C=C/C(=O)OCC)C[C@@H]1CCNC1=O)n1cccc(NC(=O)c2cc(C)on2)c1=O,2.0,0.2067539627842896,50.137835975189525,False,0.205,0.21,True,True
PARSACLISIB,CCOc1c([C@H](C)n2nc(C)c3c(N)ncnc32)cc(Cl)c(F)c1[C@@H]1CNC(=O)C1,3.0,0.1378359751895264,9.924190213645762,False,0.183,0.188,True,True
BILIRUBIN,C=CC1=C(C)/C(=C/c2[nH]c(Cc3[nH]c(/C=C4\NC(=O)C(C)=C4C=C)c(C)c3CCC(=O)O)c(CCC(=O)O)c2C)NC1=O,1.0,0.0689179875947632,75.63749138525155,False,0.179,0.112,True,True
MILADEMETAN,CC1(C)CCC2(CC1)N[C@@H](C(=O)N[C@@H]1CC[C@@H](C(N)=O)OC1)[C@H](c1ccnc(Cl)c1F)[C@]21C(=O)Nc2cc(Cl)ccc21,3.0,0.0,91.38525155065471,False,0.184,0.214,True,True
