ligand_id,sdf,n_poses,keep_urat1_ifp,keep_urat1_ifp_best_of_9,selected_mode_cnn,acid_arg477_min_A,pocket_overlap_frac,ifp_jaccard_vs_crystal_union,n_key_contacts,key_frac,clash,pass_arg,pass_overlap,pass_ifp,pass_key,pass_clash,CNNscore,CNNaffinity,ifp_bits,best_of_9_mode,best_of_9_ifp_jaccard,label,canonical_smiles,set_role,keep_a1,keep_a2,keep_a1_and_a2
mol_00024,/home/gwj/work/c1-campaign/URAT1_NLRP3_DualTarget_AIDD_Project/docking_export_20260820/01_phase1_benchmark_URAT1_9DKB/poses/gnina_sdf/mol_00024_out.sdf,9,True,True,1,3.4132623587998627,0.88,0.8846153846153846,10,0.9090909090909091,False,True,True,True,True,True,0.7259992957,6.7667756081,AROMATIC:PHE241;AROMATIC:PHE360;AROMATIC:PHE364;AROMATIC:PHE365;AROMATIC:PHE449;CONTACT:ARG477;CONTACT:GLN473;CONTACT:LYS393;CONTACT:MET214;CONTACT:PHE241;CONTACT:PHE360;CONTACT:PHE364;CONTACT:PHE365;CONTACT:PHE449;CONTACT:SER35;HBOND:ARG477;HBOND:GLN473;HBOND:LYS393;HYDROPHOBIC:MET214;HYDROPHOBIC:PHE241;HYDROPHOBIC:PHE360;HYDROPHOBIC:PHE364;HYDROPHOBIC:PHE365;HYDROPHOBIC:PHE449;POLAR:ARG477,4,0.92,1,C/C(=C\C(=O)O)Sc1ccc2ccccc2c1-c1ccc(C#N)cc1,active,True,True,True
mol_00025,/home/gwj/work/c1-campaign/URAT1_NLRP3_DualTarget_AIDD_Project/docking_export_20260820/01_phase1_benchmark_URAT1_9DKB/poses/gnina_sdf/mol_00025_out.sdf,9,True,False,1,2.843619415463324,0.92,0.6923076923076923,8,0.7272727272727273,False,True,True,True,True,True,0.5761833787,6.5154175758,AROMATIC:PHE241;AROMATIC:PHE360;AROMATIC:PHE365;AROMATIC:PHE449;CONTACT:ARG477;CONTACT:GLN473;CONTACT:LYS393;CONTACT:MET214;CONTACT:PHE241;CONTACT:PHE360;CONTACT:PHE365;CONTACT:PHE449;HBOND:ARG477;HBOND:MET214;HYDROPHOBIC:MET214;HYDROPHOBIC:PHE241;HYDROPHOBIC:PHE360;HYDROPHOBIC:PHE365;HYDROPHOBIC:PHE449;POLAR:ARG477,2,0.7692307692307693,1,C/C(=C\C(=O)O)c1ccc2cncc(-c3ccc([N+](=O)[O-])cc3)c2c1,active,True,True,True
mol_00026,/home/gwj/work/c1-campaign/URAT1_NLRP3_DualTarget_AIDD_Project/docking_export_20260820/01_phase1_benchmark_URAT1_9DKB/poses/gnina_sdf/mol_00026_out.sdf,9,True,False,1,3.16465123986831,0.8,0.6538461538461539,7,0.6363636363636364,False,True,True,True,True,True,0.7440925241,6.8156781197,AROMATIC:PHE241;AROMATIC:PHE360;AROMATIC:PHE365;AROMATIC:PHE449;CONTACT:ARG477;CONTACT:GLN473;CONTACT:MET214;CONTACT:PHE241;CONTACT:PHE360;CONTACT:PHE365;CONTACT:PHE449;HBOND:ARG477;HBOND:GLN473;HYDROPHOBIC:MET214;HYDROPHOBIC:PHE241;HYDROPHOBIC:PHE360;HYDROPHOBIC:PHE365;HYDROPHOBIC:PHE449;POLAR:ARG477,6,0.92,1,C/C(=C\Cc1c(O)ccc2c1OC(c1ccc(Br)c3ccccc13)CC2=O)C(=O)O,active,True,True,True
mol_00027,/home/gwj/work/c1-campaign/URAT1_NLRP3_DualTarget_AIDD_Project/docking_export_20260820/01_phase1_benchmark_URAT1_9DKB/poses/gnina_sdf/mol_00027_out.sdf,9,False,False,1,11.924059282811365,0.8846153846153846,0.8,9,0.8181818181818182,False,False,True,True,True,True,0.5793101192,6.1624073982,AROMATIC:PHE241;AROMATIC:PHE360;AROMATIC:PHE365;AROMATIC:PHE449;CONTACT:ARG477;CONTACT:GLN473;CONTACT:LYS393;CONTACT:MET214;CONTACT:PHE241;CONTACT:PHE360;CONTACT:PHE365;CONTACT:PHE449;CONTACT:SER35;HBOND:GLN473;HBOND:LYS393;HYDROPHOBIC:MET214;HYDROPHOBIC:PHE241;HYDROPHOBIC:PHE360;HYDROPHOBIC:PHE365;HYDROPHOBIC:PHE449;POLAR:ARG477,3,0.88,1,C/C(=C\Cc1c(O)ccc2c1OC(c1ccc(Br)cc1)CC2=O)C(=O)O,active,False,True,False
mol_00028,/home/gwj/work/c1-campaign/URAT1_NLRP3_DualTarget_AIDD_Project/docking_export_20260820/01_phase1_benchmark_URAT1_9DKB/poses/gnina_sdf/mol_00028_out.sdf,9,True,False,1,3.086829049364408,0.8333333333333334,0.6538461538461539,7,0.6363636363636364,False,True,True,True,True,True,0.670917213,5.7942385674,AROMATIC:PHE241;AROMATIC:PHE360;AROMATIC:PHE365;AROMATIC:PHE449;CONTACT:ARG477;CONTACT:GLN473;CONTACT:MET214;CONTACT:PHE241;CONTACT:PHE360;CONTACT:PHE365;CONTACT:PHE449;HBOND:ARG477;HBOND:GLN473;HYDROPHOBIC:MET214;HYDROPHOBIC:PHE241;HYDROPHOBIC:PHE360;HYDROPHOBIC:PHE365;HYDROPHOBIC:PHE449;POLAR:ARG477,5,0.92,1,C/C(=C\Cc1c(O)ccc2c1OC(c1cccs1)CC2=O)C(=O)O,active,True,True,True
mol_00029,/home/gwj/work/c1-campaign/URAT1_NLRP3_DualTarget_AIDD_Project/docking_export_20260820/01_phase1_benchmark_URAT1_9DKB/poses/gnina_sdf/mol_00029_out.sdf,9,True,False,1,3.1442041552672673,0.75,0.7692307692307693,8,0.7272727272727273,False,True,True,True,True,True,0.6392946839,5.9385104179,AROMATIC:PHE241;AROMATIC:PHE360;AROMATIC:PHE364;AROMATIC:PHE365;AROMATIC:PHE449;CONTACT:ARG477;CONTACT:GLN473;CONTACT:MET214;CONTACT:PHE241;CONTACT:PHE360;CONTACT:PHE364;CONTACT:PHE365;CONTACT:PHE449;HBOND:ARG477;HBOND:GLN473;HYDROPHOBIC:MET214;HYDROPHOBIC:PHE241;HYDROPHOBIC:PHE360;HYDROPHOBIC:PHE364;HYDROPHOBIC:PHE365;HYDROPHOBIC:PHE449;POLAR:ARG477,2,0.88,1,C/C(=C\Cc1c(O)ccc2c1OC(c1ccsc1)CC2=O)C(=O)O,active,True,True,True
mol_00030,/home/gwj/work/c1-campaign/URAT1_NLRP3_DualTarget_AIDD_Project/docking_export_20260820/01_phase1_benchmark_URAT1_9DKB/poses/gnina_sdf/mol_00030_out.sdf,9,True,False,1,3.1597702258233906,0.8928571428571429,0.8461538461538461,10,0.9090909090909091,False,True,True,True,True,True,0.7563765645,6.5908694267,AROMATIC:PHE241;AROMATIC:PHE360;AROMATIC:PHE364;AROMATIC:PHE365;AROMATIC:PHE449;CONTACT:ARG477;CONTACT:GLN473;CONTACT:LYS393;CONTACT:MET214;CONTACT:PHE241;CONTACT:PHE360;CONTACT:PHE364;CONTACT:PHE365;CONTACT:PHE449;CONTACT:SER35;HBOND:ARG477;HBOND:GLN473;HYDROPHOBIC:MET214;HYDROPHOBIC:PHE241;HYDROPHOBIC:PHE360;HYDROPHOBIC:PHE364;HYDROPHOBIC:PHE365;HYDROPHOBIC:PHE449;POLAR:ARG477,3,0.92,1,C/C(=C\Cc1c(O)ccc2c1OC(c1csc3ccccc13)CC2=O)C(=O)O,active,True,True,True
mol_00031,/home/gwj/work/c1-campaign/URAT1_NLRP3_DualTarget_AIDD_Project/docking_export_20260820/01_phase1_benchmark_URAT1_9DKB/poses/gnina_sdf/mol_00031_out.sdf,9,True,False,1,3.0943026031724887,0.75,0.68,7,0.6363636363636364,False,True,True,True,True,True,0.6427295804,6.0171742439,AROMATIC:PHE241;AROMATIC:PHE360;AROMATIC:PHE365;AROMATIC:PHE449;CONTACT:ARG477;CONTACT:GLN473;CONTACT:MET214;CONTACT:PHE241;CONTACT:PHE360;CONTACT:PHE365;CONTACT:PHE449;HBOND:ARG477;HYDROPHOBIC:MET214;HYDROPHOBIC:PHE241;HYDROPHOBIC:PHE360;HYDROPHOBIC:PHE365;HYDROPHOBIC:PHE449;POLAR:ARG477,3,0.88,1,C/C(=C\Cc1cccc2c1OC(c1cc(Br)cs1)CC2=O)C(=O)O,active,True,True,True
mol_00032,/home/gwj/work/c1-campaign/URAT1_NLRP3_DualTarget_AIDD_Project/docking_export_20260820/01_phase1_benchmark_URAT1_9DKB/poses/gnina_sdf/mol_00032_out.sdf,9,True,False,1,3.155183419391016,0.7931034482758621,0.68,7,0.6363636363636364,False,True,True,True,True,True,0.7175181508,6.6758880615,AROMATIC:PHE241;AROMATIC:PHE360;AROMATIC:PHE365;AROMATIC:PHE449;CONTACT:ARG477;CONTACT:GLN473;CONTACT:MET214;CONTACT:PHE241;CONTACT:PHE360;CONTACT:PHE365;CONTACT:PHE449;HBOND:ARG477;HYDROPHOBIC:MET214;HYDROPHOBIC:PHE241;HYDROPHOBIC:PHE360;HYDROPHOBIC:PHE365;HYDROPHOBIC:PHE449;POLAR:ARG477,9,0.92,1,C/C(=C\Cc1cccc2c1OC(c1ccc(Br)c3ccccc13)CC2=O)C(=O)O,active,True,True,True
mol_00033,/home/gwj/work/c1-campaign/URAT1_NLRP3_DualTarget_AIDD_Project/docking_export_20260820/01_phase1_benchmark_URAT1_9DKB/poses/gnina_sdf/mol_00033_out.sdf,9,False,False,1,13.032589073933075,1.0,0.7692307692307693,9,0.8181818181818182,False,False,True,True,True,True,0.6646162868,6.1865134239,AROMATIC:PHE241;AROMATIC:PHE360;AROMATIC:PHE364;AROMATIC:PHE365;AROMATIC:PHE449;CONTACT:ARG477;CONTACT:ASP389;CONTACT:GLN473;CONTACT:LYS393;CONTACT:PHE241;CONTACT:PHE360;CONTACT:PHE364;CONTACT:PHE365;CONTACT:PHE449;HBOND:GLN473;HBOND:LYS393;HYDROPHOBIC:PHE241;HYDROPHOBIC:PHE360;HYDROPHOBIC:PHE364;HYDROPHOBIC:PHE365;HYDROPHOBIC:PHE449;POLAR:ARG477,8,0.9583333333333334,1,C/C(=C\Cc1cccc2c1OC(c1cccs1)CC2=O)C(=O)O,active,False,True,False
mol_00034,/home/gwj/work/c1-campaign/URAT1_NLRP3_DualTarget_AIDD_Project/docking_export_20260820/01_phase1_benchmark_URAT1_9DKB/poses/gnina_sdf/mol_00034_out.sdf,9,True,False,1,3.1130566618678737,0.7777777777777778,0.6538461538461539,7,0.6363636363636364,False,True,True,True,True,True,0.8058066964,6.4330234528,AROMATIC:PHE241;AROMATIC:PHE360;AROMATIC:PHE365;AROMATIC:PHE449;CONTACT:ARG477;CONTACT:GLN473;CONTACT:MET214;CONTACT:PHE241;CONTACT:PHE360;CONTACT:PHE365;CONTACT:PHE449;HBOND:ARG477;HBOND:GLN473;HYDROPHOBIC:MET214;HYDROPHOBIC:PHE241;HYDROPHOBIC:PHE360;HYDROPHOBIC:PHE365;HYDROPHOBIC:PHE449;POLAR:ARG477,7,0.92,1,C/C(=C\Cc1cccc2c1OC(c1csc3ccccc13)CC2=O)C(=O)O,active,True,True,True
mol_00308,/home/gwj/work/c1-campaign/URAT1_NLRP3_DualTarget_AIDD_Project/docking_export_20260820/01_phase1_benchmark_URAT1_9DKB/poses/gnina_sdf/mol_00308_out.sdf,9,False,False,1,2.904580680580245,0.6785714285714286,0.44,5,0.45454545454545453,False,True,True,False,False,True,0.7692221999,6.4843792915,AROMATIC:PHE241;AROMATIC:PHE449;CONTACT:ARG477;CONTACT:GLN473;CONTACT:MET214;CONTACT:PHE241;CONTACT:PHE449;HBOND:ARG477;HYDROPHOBIC:MET214;HYDROPHOBIC:PHE241;HYDROPHOBIC:PHE449;POLAR:ARG477,5,0.88,1,CC(C)(C(=O)O)c1ccc2cncc(-c3ccc(C#N)c4ccccc34)c2c1,active,True,True,True
mol_00316,/home/gwj/work/c1-campaign/URAT1_NLRP3_DualTarget_AIDD_Project/docking_export_20260820/01_phase1_benchmark_URAT1_9DKB/poses/gnina_sdf/mol_00316_out.sdf,9,True,True,1,6.015593944075678,1.0,0.88,9,0.8181818181818182,False,True,True,True,True,True,0.7750063539,7.3237991333,AROMATIC:PHE241;AROMATIC:PHE360;AROMATIC:PHE364;AROMATIC:PHE365;AROMATIC:PHE449;CONTACT:ARG477;CONTACT:GLN473;CONTACT:LYS393;CONTACT:MET214;CONTACT:PHE241;CONTACT:PHE360;CONTACT:PHE364;CONTACT:PHE365;CONTACT:PHE449;HBOND:LYS393;HBOND:MET214;HYDROPHOBIC:MET214;HYDROPHOBIC:PHE241;HYDROPHOBIC:PHE360;HYDROPHOBIC:PHE364;HYDROPHOBIC:PHE365;HYDROPHOBIC:PHE449;POLAR:ARG477,1,0.88,1,CC(C)(C)C(Sc1ccc2cnsc2c1-c1ccc(C#N)cc1)C(=O)O,active,True,True,True
mol_00406,/home/gwj/work/c1-campaign/URAT1_NLRP3_DualTarget_AIDD_Project/docking_export_20260820/01_phase1_benchmark_URAT1_9DKB/poses/gnina_sdf/mol_00406_out.sdf,9,True,False,1,2.9524794292255447,0.8571428571428571,0.8846153846153846,10,0.9090909090909091,False,True,True,True,True,True,0.8534052968,7.080599308,AROMATIC:PHE241;AROMATIC:PHE360;AROMATIC:PHE364;AROMATIC:PHE365;AROMATIC:PHE449;CONTACT:ARG477;CONTACT:GLN473;CONTACT:LYS393;CONTACT:MET214;CONTACT:PHE241;CONTACT:PHE360;CONTACT:PHE364;CONTACT:PHE365;CONTACT:PHE449;CONTACT:SER35;HBOND:ARG477;HBOND:GLN473;HBOND:LYS393;HYDROPHOBIC:MET214;HYDROPHOBIC:PHE241;HYDROPHOBIC:PHE360;HYDROPHOBIC:PHE364;HYDROPHOBIC:PHE365;HYDROPHOBIC:PHE449;POLAR:ARG477,5,0.9166666666666666,1,CC(C)(Cc1cc2c(-c3ccc(C#N)c4ccccc34)cccc2s1)C(=O)O,active,True,True,True
mol_00407,/home/gwj/work/c1-campaign/URAT1_NLRP3_DualTarget_AIDD_Project/docking_export_20260820/01_phase1_benchmark_URAT1_9DKB/poses/gnina_sdf/mol_00407_out.sdf,9,True,True,1,3.13345415476276,0.8571428571428571,0.8846153846153846,10,0.9090909090909091,False,True,True,True,True,True,0.8171699047,7.2079634666,AROMATIC:PHE241;AROMATIC:PHE360;AROMATIC:PHE364;AROMATIC:PHE365;AROMATIC:PHE449;CONTACT:ARG477;CONTACT:GLN473;CONTACT:LYS393;CONTACT:MET214;CONTACT:PHE241;CONTACT:PHE360;CONTACT:PHE364;CONTACT:PHE365;CONTACT:PHE449;CONTACT:SER35;HBOND:ARG477;HBOND:GLN473;HBOND:LYS393;HYDROPHOBIC:MET214;HYDROPHOBIC:PHE241;HYDROPHOBIC:PHE360;HYDROPHOBIC:PHE364;HYDROPHOBIC:PHE365;HYDROPHOBIC:PHE449;POLAR:ARG477,1,0.8846153846153846,1,CC(C)(Cc1cc2c(-c3ccc(C#N)c4ccccc34)cncc2s1)C(=O)O,active,True,True,True
mol_00408,/home/gwj/work/c1-campaign/URAT1_NLRP3_DualTarget_AIDD_Project/docking_export_20260820/01_phase1_benchmark_URAT1_9DKB/poses/gnina_sdf/mol_00408_out.sdf,9,False,True,1,14.510189048044829,1.0,0.8076923076923077,9,0.8181818181818182,False,False,True,True,True,True,0.8005779386,7.4396348,AROMATIC:PHE241;AROMATIC:PHE360;AROMATIC:PHE364;AROMATIC:PHE365;AROMATIC:PHE449;CONTACT:ARG477;CONTACT:ASP389;CONTACT:LYS393;CONTACT:MET214;CONTACT:PHE241;CONTACT:PHE360;CONTACT:PHE364;CONTACT:PHE365;CONTACT:PHE449;HBOND:ASP389;HBOND:LYS393;HYDROPHOBIC:MET214;HYDROPHOBIC:PHE241;HYDROPHOBIC:PHE360;HYDROPHOBIC:PHE364;HYDROPHOBIC:PHE365;HYDROPHOBIC:PHE449;POLAR:ARG477,9,0.8333333333333334,1,CC(C)(Cc1cc2c(-c3ccc(C#N)cc3)cncc2s1)C(=O)O,active,False,True,False
mol_00409,/home/gwj/work/c1-campaign/URAT1_NLRP3_DualTarget_AIDD_Project/docking_export_20260820/01_phase1_benchmark_URAT1_9DKB/poses/gnina_sdf/mol_00409_out.sdf,9,False,False,1,14.986044359336445,0.9285714285714286,0.8076923076923077,9,0.8181818181818182,False,False,True,True,True,True,0.8315517306,8.1579751968,AROMATIC:PHE241;AROMATIC:PHE360;AROMATIC:PHE364;AROMATIC:PHE365;AROMATIC:PHE449;CONTACT:ARG477;CONTACT:ASP389;CONTACT:LYS393;CONTACT:MET214;CONTACT:PHE241;CONTACT:PHE360;CONTACT:PHE364;CONTACT:PHE365;CONTACT:PHE449;HBOND:ASP389;HBOND:LYS393;HYDROPHOBIC:MET214;HYDROPHOBIC:PHE241;HYDROPHOBIC:PHE360;HYDROPHOBIC:PHE364;HYDROPHOBIC:PHE365;HYDROPHOBIC:PHE449;POLAR:ARG477,5,0.88,1,CC(C)(Cc1cc2cncc(-c3ccc(C#N)c4ccccc34)c2s1)C(=O)O,active,False,True,False
mol_00410,/home/gwj/work/c1-campaign/URAT1_NLRP3_DualTarget_AIDD_Project/docking_export_20260820/01_phase1_benchmark_URAT1_9DKB/poses/gnina_sdf/mol_00410_out.sdf,9,False,False,1,14.764792830581806,0.9166666666666666,0.8076923076923077,9,0.8181818181818182,False,False,True,True,True,True,0.8148912191,7.3893928528,AROMATIC:PHE241;AROMATIC:PHE360;AROMATIC:PHE364;AROMATIC:PHE365;AROMATIC:PHE449;CONTACT:ARG477;CONTACT:ASP389;CONTACT:LYS393;CONTACT:MET214;CONTACT:PHE241;CONTACT:PHE360;CONTACT:PHE364;CONTACT:PHE365;CONTACT:PHE449;HBOND:ASP389;HBOND:LYS393;HYDROPHOBIC:MET214;HYDROPHOBIC:PHE241;HYDROPHOBIC:PHE360;HYDROPHOBIC:PHE364;HYDROPHOBIC:PHE365;HYDROPHOBIC:PHE449;POLAR:ARG477,1,0.8076923076923077,1,CC(C)(Cc1cc2cncc(-c3ccc(C#N)cc3)c2s1)C(=O)O,active,False,True,False
mol_00411,/home/gwj/work/c1-campaign/URAT1_NLRP3_DualTarget_AIDD_Project/docking_export_20260820/01_phase1_benchmark_URAT1_9DKB/poses/gnina_sdf/mol_00411_out.sdf,9,False,True,1,14.606982826716814,1.0,0.88,10,0.9090909090909091,False,False,True,True,True,True,0.7573321462,7.465482235,AROMATIC:PHE241;AROMATIC:PHE360;AROMATIC:PHE364;AROMATIC:PHE365;AROMATIC:PHE449;CONTACT:ARG477;CONTACT:ASP389;CONTACT:LYS393;CONTACT:MET214;CONTACT:PHE241;CONTACT:PHE360;CONTACT:PHE364;CONTACT:PHE365;CONTACT:PHE449;CONTACT:SER35;HBOND:LYS393;HYDROPHOBIC:MET214;HYDROPHOBIC:PHE241;HYDROPHOBIC:PHE360;HYDROPHOBIC:PHE364;HYDROPHOBIC:PHE365;HYDROPHOBIC:PHE449;POLAR:ARG477,4,0.8846153846153846,1,CC(C)(Cc1ccc2cncc(-c3ccc(C#N)c4ccccc34)c2c1)C(=O)O,active,False,True,False
mol_00412,/home/gwj/work/c1-campaign/URAT1_NLRP3_DualTarget_AIDD_Project/docking_export_20260820/01_phase1_benchmark_URAT1_9DKB/poses/gnina_sdf/mol_00412_out.sdf,9,True,True,1,2.936536740788372,0.88,0.5555555555555556,7,0.6363636363636364,False,True,True,True,True,True,0.7109882832,6.7026743889,AROMATIC:PHE241;AROMATIC:PHE365;AROMATIC:PHE449;CONTACT:ARG477;CONTACT:GLN473;CONTACT:MET214;CONTACT:PHE241;CONTACT:PHE365;CONTACT:PHE449;CONTACT:SER35;HBOND:ARG477;HBOND:GLN473;HBOND:SER35;HYDROPHOBIC:MET214;HYDROPHOBIC:PHE241;HYDROPHOBIC:PHE365;HYDROPHOBIC:PHE449;POLAR:ARG477,4,0.92,1,CC(C)(Cc1ccc2cncc(-c3ccc(C#N)cc3)c2c1)C(=O)O,active,True,True,True
mol_00424,/home/gwj/work/c1-campaign/URAT1_NLRP3_DualTarget_AIDD_Project/docking_export_20260820/01_phase1_benchmark_URAT1_9DKB/poses/gnina_sdf/mol_00424_out.sdf,9,True,False,1,3.0803938270941913,0.72,0.5384615384615384,6,0.5454545454545454,False,True,True,True,True,True,0.5478156209,6.3743824959,AROMATIC:PHE241;AROMATIC:PHE360;AROMATIC:PHE449;CONTACT:ARG477;CONTACT:GLN473;CONTACT:MET214;CONTACT:PHE241;CONTACT:PHE360;CONTACT:PHE449;HBOND:ARG477;HBOND:GLN473;HYDROPHOBIC:MET214;HYDROPHOBIC:PHE241;HYDROPHOBIC:PHE360;HYDROPHOBIC:PHE449;POLAR:ARG477,2,0.8846153846153846,1,CC(C)(Oc1ccc2cncc(-c3ccc(C#N)cc3)c2c1)C(=O)O,active,True,True,True
mol_00425,/home/gwj/work/c1-campaign/URAT1_NLRP3_DualTarget_AIDD_Project/docking_export_20260820/01_phase1_benchmark_URAT1_9DKB/poses/gnina_sdf/mol_00425_out.sdf,9,True,True,1,2.859887321206898,0.9,0.5555555555555556,7,0.6363636363636364,False,True,True,True,True,True,0.7631704211,7.2407989502,AROMATIC:PHE241;AROMATIC:PHE365;AROMATIC:PHE449;CONTACT:ARG477;CONTACT:GLN473;CONTACT:MET214;CONTACT:PHE241;CONTACT:PHE365;CONTACT:PHE449;CONTACT:SER35;HBOND:ARG477;HBOND:GLN473;HBOND:SER35;HYDROPHOBIC:MET214;HYDROPHOBIC:PHE241;HYDROPHOBIC:PHE365;HYDROPHOBIC:PHE449;POLAR:ARG477,3,0.92,1,CC(C)(Sc1cc(F)c2cncc(-c3ccc(C#N)c4ccccc34)c2c1)C(=O)O,active,True,True,True
mol_00426,/home/gwj/work/c1-campaign/URAT1_NLRP3_DualTarget_AIDD_Project/docking_export_20260820/01_phase1_benchmark_URAT1_9DKB/poses/gnina_sdf/mol_00426_out.sdf,9,False,False,1,3.1995398481656565,0.7241379310344828,0.44,5,0.45454545454545453,False,True,True,False,False,True,0.698833406,6.4030098915,AROMATIC:PHE241;AROMATIC:PHE449;CONTACT:ARG477;CONTACT:GLN473;CONTACT:MET214;CONTACT:PHE241;CONTACT:PHE449;HBOND:ARG477;HYDROPHOBIC:MET214;HYDROPHOBIC:PHE241;HYDROPHOBIC:PHE449;POLAR:ARG477,2,0.9583333333333334,1,CC(C)(Sc1ccc2ccccc2c1-c1ccc(C#N)c2ccccc12)C(=O)O,active,True,True,True
mol_00427,/home/gwj/work/c1-campaign/URAT1_NLRP3_DualTarget_AIDD_Project/docking_export_20260820/01_phase1_benchmark_URAT1_9DKB/poses/gnina_sdf/mol_00427_out.sdf,9,True,True,1,2.8526918059965696,0.9230769230769231,0.5769230769230769,7,0.6363636363636364,False,True,True,True,True,True,0.7801622152,7.2491016388,AROMATIC:PHE241;AROMATIC:PHE365;AROMATIC:PHE449;CONTACT:ARG477;CONTACT:GLN473;CONTACT:MET214;CONTACT:PHE241;CONTACT:PHE365;CONTACT:PHE449;CONTACT:SER35;HBOND:ARG477;HBOND:SER35;HYDROPHOBIC:MET214;HYDROPHOBIC:PHE241;HYDROPHOBIC:PHE365;HYDROPHOBIC:PHE449;POLAR:ARG477,6,0.8846153846153846,1,CC(C)(Sc1ccc2cncc(-c3ccc(C#N)c(Cl)c3)c2c1)C(=O)O,active,True,True,True
mol_00428,/home/gwj/work/c1-campaign/URAT1_NLRP3_DualTarget_AIDD_Project/docking_export_20260820/01_phase1_benchmark_URAT1_9DKB/poses/gnina_sdf/mol_00428_out.sdf,9,True,False,1,2.874409718533517,0.9310344827586207,0.5555555555555556,7,0.6363636363636364,False,True,True,True,True,True,0.8517932296,7.0138983727,AROMATIC:PHE241;AROMATIC:PHE365;AROMATIC:PHE449;CONTACT:ARG477;CONTACT:GLN473;CONTACT:MET214;CONTACT:PHE241;CONTACT:PHE365;CONTACT:PHE449;CONTACT:SER35;HBOND:ARG477;HBOND:GLN473;HBOND:SER35;HYDROPHOBIC:MET214;HYDROPHOBIC:PHE241;HYDROPHOBIC:PHE365;HYDROPHOBIC:PHE449;POLAR:ARG477,9,0.92,1,CC(C)(Sc1ccc2cncc(-c3ccc(C#N)c4c3OCCO4)c2c1)C(=O)O,active,True,True,True
mol_00429,/home/gwj/work/c1-campaign/URAT1_NLRP3_DualTarget_AIDD_Project/docking_export_20260820/01_phase1_benchmark_URAT1_9DKB/poses/gnina_sdf/mol_00429_out.sdf,9,True,True,1,2.8531146874950415,0.8666666666666667,0.5555555555555556,7,0.6363636363636364,False,True,True,True,True,True,0.8599778414,7.339202404,AROMATIC:PHE241;AROMATIC:PHE365;AROMATIC:PHE449;CONTACT:ARG477;CONTACT:GLN473;CONTACT:MET214;CONTACT:PHE241;CONTACT:PHE365;CONTACT:PHE449;CONTACT:SER35;HBOND:ARG477;HBOND:GLN473;HBOND:SER35;HYDROPHOBIC:MET214;HYDROPHOBIC:PHE241;HYDROPHOBIC:PHE365;HYDROPHOBIC:PHE449;POLAR:ARG477,2,0.8846153846153846,1,CC(C)(Sc1ccc2cncc(-c3ccc(C#N)c4ccc(F)cc34)c2c1)C(=O)O,active,True,True,True
mol_00430,/home/gwj/work/c1-campaign/URAT1_NLRP3_DualTarget_AIDD_Project/docking_export_20260820/01_phase1_benchmark_URAT1_9DKB/poses/gnina_sdf/mol_00430_out.sdf,9,True,True,1,2.8467278935648155,0.896551724137931,0.5555555555555556,7,0.6363636363636364,False,True,True,True,True,True,0.8153572083,7.1336407661,AROMATIC:PHE241;AROMATIC:PHE365;AROMATIC:PHE449;CONTACT:ARG477;CONTACT:GLN473;CONTACT:MET214;CONTACT:PHE241;CONTACT:PHE365;CONTACT:PHE449;CONTACT:SER35;HBOND:ARG477;HBOND:GLN473;HBOND:SER35;HYDROPHOBIC:MET214;HYDROPHOBIC:PHE241;HYDROPHOBIC:PHE365;HYDROPHOBIC:PHE449;POLAR:ARG477,4,0.8846153846153846,1,CC(C)(Sc1ccc2cncc(-c3ccc(C#N)c4ccccc34)c2c1)C(=O)O,active,True,True,True
mol_00431,/home/gwj/work/c1-campaign/URAT1_NLRP3_DualTarget_AIDD_Project/docking_export_20260820/01_phase1_benchmark_URAT1_9DKB/poses/gnina_sdf/mol_00431_out.sdf,9,True,True,1,2.8391020023944153,0.92,0.5769230769230769,7,0.6363636363636364,False,True,True,True,True,True,0.6379350424,6.6597290039,AROMATIC:PHE241;AROMATIC:PHE365;AROMATIC:PHE449;CONTACT:ARG477;CONTACT:GLN473;CONTACT:MET214;CONTACT:PHE241;CONTACT:PHE365;CONTACT:PHE449;CONTACT:SER35;HBOND:ARG477;HBOND:SER35;HYDROPHOBIC:MET214;HYDROPHOBIC:PHE241;HYDROPHOBIC:PHE365;HYDROPHOBIC:PHE449;POLAR:ARG477,2,0.8846153846153846,1,CC(C)(Sc1ccc2cncc(-c3ccc(C#N)cc3)c2c1)C(=O)O,active,True,True,True
mol_00432,/home/gwj/work/c1-campaign/URAT1_NLRP3_DualTarget_AIDD_Project/docking_export_20260820/01_phase1_benchmark_URAT1_9DKB/poses/gnina_sdf/mol_00432_out.sdf,9,True,True,1,3.0020329661747582,0.9230769230769231,0.84,9,0.8181818181818182,False,True,True,True,True,True,0.6572726369,7.0298647881,AROMATIC:PHE241;AROMATIC:PHE360;AROMATIC:PHE364;AROMATIC:PHE365;AROMATIC:PHE449;CONTACT:ARG477;CONTACT:GLN473;CONTACT:LYS393;CONTACT:MET214;CONTACT:PHE241;CONTACT:PHE360;CONTACT:PHE364;CONTACT:PHE365;CONTACT:PHE449;HBOND:ARG477;HYDROPHOBIC:MET214;HYDROPHOBIC:PHE241;HYDROPHOBIC:PHE360;HYDROPHOBIC:PHE364;HYDROPHOBIC:PHE365;HYDROPHOBIC:PHE449;POLAR:ARG477,3,0.8846153846153846,1,CC(C)(Sc1ccc2cncc(-c3ccc(C#N)cc3Cl)c2c1)C(=O)O,active,True,True,True
mol_00433,/home/gwj/work/c1-campaign/URAT1_NLRP3_DualTarget_AIDD_Project/docking_export_20260820/01_phase1_benchmark_URAT1_9DKB/poses/gnina_sdf/mol_00433_out.sdf,9,True,True,1,2.847031900067153,0.9230769230769231,0.5555555555555556,7,0.6363636363636364,False,True,True,True,True,True,0.6540133953,7.0580844879,AROMATIC:PHE241;AROMATIC:PHE365;AROMATIC:PHE449;CONTACT:ARG477;CONTACT:GLN473;CONTACT:MET214;CONTACT:PHE241;CONTACT:PHE365;CONTACT:PHE449;CONTACT:SER35;HBOND:ARG477;HBOND:GLN473;HBOND:SER35;HYDROPHOBIC:MET214;HYDROPHOBIC:PHE241;HYDROPHOBIC:PHE365;HYDROPHOBIC:PHE449;POLAR:ARG477,2,0.8846153846153846,1,CC(C)(Sc1ccc2cncc(-c3ccc(C#N)cc3F)c2c1)C(=O)O,active,True,True,True
mol_00434,/home/gwj/work/c1-campaign/URAT1_NLRP3_DualTarget_AIDD_Project/docking_export_20260820/01_phase1_benchmark_URAT1_9DKB/poses/gnina_sdf/mol_00434_out.sdf,9,False,False,1,14.411601633406326,1.0,0.8461538461538461,10,0.9090909090909091,False,False,True,True,True,True,0.7826035619,7.6950364113,AROMATIC:PHE241;AROMATIC:PHE360;AROMATIC:PHE364;AROMATIC:PHE365;AROMATIC:PHE449;CONTACT:ARG477;CONTACT:ASP389;CONTACT:LYS393;CONTACT:MET214;CONTACT:PHE241;CONTACT:PHE360;CONTACT:PHE364;CONTACT:PHE365;CONTACT:PHE449;CONTACT:SER35;HBOND:ASP389;HBOND:LYS393;HYDROPHOBIC:MET214;HYDROPHOBIC:PHE241;HYDROPHOBIC:PHE360;HYDROPHOBIC:PHE364;HYDROPHOBIC:PHE365;HYDROPHOBIC:PHE449;POLAR:ARG477,5,0.9166666666666666,1,CC(C)(Sc1ccc2cncc(-c3cccc4c(C#N)cccc34)c2c1)C(=O)O,active,False,True,False
mol_00435,/home/gwj/work/c1-campaign/URAT1_NLRP3_DualTarget_AIDD_Project/docking_export_20260820/01_phase1_benchmark_URAT1_9DKB/poses/gnina_sdf/mol_00435_out.sdf,9,False,True,1,14.457005981184338,1.0,0.8076923076923077,9,0.8181818181818182,False,False,True,True,True,True,0.7835322022,7.8333358765,AROMATIC:PHE241;AROMATIC:PHE360;AROMATIC:PHE364;AROMATIC:PHE365;AROMATIC:PHE449;CONTACT:ARG477;CONTACT:ASP389;CONTACT:LYS393;CONTACT:MET214;CONTACT:PHE241;CONTACT:PHE360;CONTACT:PHE364;CONTACT:PHE365;CONTACT:PHE449;HBOND:ASP389;HBOND:LYS393;HYDROPHOBIC:MET214;HYDROPHOBIC:PHE241;HYDROPHOBIC:PHE360;HYDROPHOBIC:PHE364;HYDROPHOBIC:PHE365;HYDROPHOBIC:PHE449;POLAR:ARG477,3,0.8846153846153846,1,CC(C)(Sc1ccc2cnnc(-c3ccc(C#N)c4ccccc34)c2c1)C(=O)O,active,False,True,False
mol_00436,/home/gwj/work/c1-campaign/URAT1_NLRP3_DualTarget_AIDD_Project/docking_export_20260820/01_phase1_benchmark_URAT1_9DKB/poses/gnina_sdf/mol_00436_out.sdf,9,False,True,1,3.1864426152058645,0.76,0.4230769230769231,5,0.45454545454545453,False,True,True,False,False,True,0.6138153672,6.5924811363,AROMATIC:PHE241;AROMATIC:PHE449;CONTACT:ARG477;CONTACT:GLN473;CONTACT:MET214;CONTACT:PHE241;CONTACT:PHE449;HBOND:ARG477;HBOND:GLN473;HYDROPHOBIC:MET214;HYDROPHOBIC:PHE241;HYDROPHOBIC:PHE449;POLAR:ARG477,7,0.8461538461538461,1,CC(C)(Sc1ccc2cnsc2c1-c1ccc(C#N)c(F)c1)C(=O)O,active,True,True,True
mol_00437,/home/gwj/work/c1-campaign/URAT1_NLRP3_DualTarget_AIDD_Project/docking_export_20260820/01_phase1_benchmark_URAT1_9DKB/poses/gnina_sdf/mol_00437_out.sdf,9,False,False,1,12.170643858892594,1.0,0.9166666666666666,9,0.8181818181818182,False,False,True,True,True,True,0.8444833159,7.0857491493,AROMATIC:PHE241;AROMATIC:PHE360;AROMATIC:PHE364;AROMATIC:PHE365;AROMATIC:PHE449;CONTACT:ARG477;CONTACT:GLN473;CONTACT:LYS393;CONTACT:MET214;CONTACT:PHE241;CONTACT:PHE360;CONTACT:PHE364;CONTACT:PHE365;CONTACT:PHE449;HBOND:LYS393;HYDROPHOBIC:MET214;HYDROPHOBIC:PHE241;HYDROPHOBIC:PHE360;HYDROPHOBIC:PHE364;HYDROPHOBIC:PHE365;HYDROPHOBIC:PHE449;POLAR:ARG477,1,0.9166666666666666,1,CC(C)(Sc1ccc2cnsc2c1-c1ccc(C(F)(F)F)cc1)C(=O)O,active,False,True,False
mol_00438,/home/gwj/work/c1-campaign/URAT1_NLRP3_DualTarget_AIDD_Project/docking_export_20260820/01_phase1_benchmark_URAT1_9DKB/poses/gnina_sdf/mol_00438_out.sdf,9,False,False,1,10.805175445590875,0.9130434782608695,0.88,9,0.8181818181818182,False,False,True,True,True,True,0.7379199862,6.6197032928,AROMATIC:PHE241;AROMATIC:PHE360;AROMATIC:PHE364;AROMATIC:PHE365;AROMATIC:PHE449;CONTACT:ARG477;CONTACT:GLN473;CONTACT:LYS393;CONTACT:MET214;CONTACT:PHE241;CONTACT:PHE360;CONTACT:PHE364;CONTACT:PHE365;CONTACT:PHE449;HBOND:GLN473;HBOND:LYS393;HYDROPHOBIC:MET214;HYDROPHOBIC:PHE241;HYDROPHOBIC:PHE360;HYDROPHOBIC:PHE364;HYDROPHOBIC:PHE365;HYDROPHOBIC:PHE449;POLAR:ARG477,2,0.9166666666666666,1,CC(C)(Sc1ccc2cnsc2c1-c1ccc(Cl)cc1)C(=O)O,active,False,True,False
mol_00439,/home/gwj/work/c1-campaign/URAT1_NLRP3_DualTarget_AIDD_Project/docking_export_20260820/01_phase1_benchmark_URAT1_9DKB/poses/gnina_sdf/mol_00439_out.sdf,9,True,False,1,3.219712566363644,0.96,0.8461538461538461,9,0.8181818181818182,False,True,True,True,True,True,0.7475396991,6.8603110313,AROMATIC:PHE241;AROMATIC:PHE360;AROMATIC:PHE364;AROMATIC:PHE365;AROMATIC:PHE449;CONTACT:ARG477;CONTACT:GLN473;CONTACT:LYS393;CONTACT:MET214;CONTACT:PHE241;CONTACT:PHE360;CONTACT:PHE364;CONTACT:PHE365;CONTACT:PHE449;HBOND:ARG477;HBOND:LYS393;HBOND:MET214;HYDROPHOBIC:MET214;HYDROPHOBIC:PHE241;HYDROPHOBIC:PHE360;HYDROPHOBIC:PHE364;HYDROPHOBIC:PHE365;HYDROPHOBIC:PHE449;POLAR:ARG477,3,0.9166666666666666,1,CC(C)(Sc1ccc2cnsc2c1-c1ccc([N+](=O)[O-])cc1)C(=O)O,active,True,True,True
mol_00440,/home/gwj/work/c1-campaign/URAT1_NLRP3_DualTarget_AIDD_Project/docking_export_20260820/01_phase1_benchmark_URAT1_9DKB/poses/gnina_sdf/mol_00440_out.sdf,9,True,True,1,3.0074241669574873,0.8333333333333334,0.7407407407407407,9,0.8181818181818182,False,True,True,True,True,True,0.8794360757,6.9314956665,AROMATIC:PHE241;AROMATIC:PHE360;AROMATIC:PHE365;AROMATIC:PHE449;CONTACT:ARG477;CONTACT:GLN473;CONTACT:LYS393;CONTACT:MET214;CONTACT:PHE241;CONTACT:PHE360;CONTACT:PHE365;CONTACT:PHE449;CONTACT:SER35;HBOND:ARG477;HBOND:GLN473;HBOND:LYS393;HBOND:SER35;HYDROPHOBIC:MET214;HYDROPHOBIC:PHE241;HYDROPHOBIC:PHE360;HYDROPHOBIC:PHE365;HYDROPHOBIC:PHE449;POLAR:ARG477,3,0.88,1,CC(C)(Sc1ccc2cnsc2c1-c1cccc(C#N)c1)C(=O)O,active,True,True,True
mol_00441,/home/gwj/work/c1-campaign/URAT1_NLRP3_DualTarget_AIDD_Project/docking_export_20260820/01_phase1_benchmark_URAT1_9DKB/poses/gnina_sdf/mol_00441_out.sdf,9,True,False,1,5.383866526020114,1.0,0.8461538461538461,9,0.8181818181818182,False,True,True,True,True,True,0.5795547962,6.9936938286,AROMATIC:PHE241;AROMATIC:PHE360;AROMATIC:PHE364;AROMATIC:PHE365;AROMATIC:PHE449;CONTACT:ARG477;CONTACT:GLN473;CONTACT:LYS393;CONTACT:MET214;CONTACT:PHE241;CONTACT:PHE360;CONTACT:PHE364;CONTACT:PHE365;CONTACT:PHE449;HBOND:ARG477;HBOND:GLN473;HBOND:LYS393;HYDROPHOBIC:MET214;HYDROPHOBIC:PHE241;HYDROPHOBIC:PHE360;HYDROPHOBIC:PHE364;HYDROPHOBIC:PHE365;HYDROPHOBIC:PHE449;POLAR:ARG477,4,0.9166666666666666,1,CC(C)(Sc1ccc2ncsc2c1-c1ccc(C#N)cc1)C(=O)O,active,True,True,True
mol_00442,/home/gwj/work/c1-campaign/URAT1_NLRP3_DualTarget_AIDD_Project/docking_export_20260820/01_phase1_benchmark_URAT1_9DKB/poses/gnina_sdf/mol_00442_out.sdf,9,False,False,1,12.433664205695756,1.0,0.8,8,0.7272727272727273,False,False,True,True,True,True,0.7258704901,7.1053290367,AROMATIC:PHE241;AROMATIC:PHE360;AROMATIC:PHE364;AROMATIC:PHE365;AROMATIC:PHE449;CONTACT:LYS393;CONTACT:MET214;CONTACT:PHE241;CONTACT:PHE360;CONTACT:PHE364;CONTACT:PHE365;CONTACT:PHE449;CONTACT:SER35;HBOND:LYS393;HBOND:SER35;HYDROPHOBIC:MET214;HYDROPHOBIC:PHE241;HYDROPHOBIC:PHE360;HYDROPHOBIC:PHE364;HYDROPHOBIC:PHE365;HYDROPHOBIC:PHE449,8,0.9166666666666666,1,CC(C)(Sc1ccncc1-c1ccc(C#N)c2c(Cl)ccn12)C(=O)O,active,False,True,False
mol_00443,/home/gwj/work/c1-campaign/URAT1_NLRP3_DualTarget_AIDD_Project/docking_export_20260820/01_phase1_benchmark_URAT1_9DKB/poses/gnina_sdf/mol_00443_out.sdf,9,False,True,1,2.9716145258091635,0.52,0.3076923076923077,4,0.36363636363636365,False,True,True,False,False,True,0.8091855645,6.2118096352,AROMATIC:PHE449;CONTACT:ARG477;CONTACT:GLN473;CONTACT:MET214;CONTACT:PHE449;HBOND:ARG477;HBOND:GLN473;HYDROPHOBIC:MET214;HYDROPHOBIC:PHE449;POLAR:ARG477,5,0.92,1,CC(C)(Sc1ccncc1-c1ccc(C#N)c2cc(Cl)cn12)C(=O)O,active,True,True,True
mol_00444,/home/gwj/work/c1-campaign/URAT1_NLRP3_DualTarget_AIDD_Project/docking_export_20260820/01_phase1_benchmark_URAT1_9DKB/poses/gnina_sdf/mol_00444_out.sdf,9,True,True,1,3.261891957131619,0.96,0.92,10,0.9090909090909091,False,True,True,True,True,True,0.6991505623,7.2122378349,AROMATIC:PHE241;AROMATIC:PHE360;AROMATIC:PHE364;AROMATIC:PHE365;AROMATIC:PHE449;CONTACT:ARG477;CONTACT:GLN473;CONTACT:LYS393;CONTACT:MET214;CONTACT:PHE241;CONTACT:PHE360;CONTACT:PHE364;CONTACT:PHE365;CONTACT:PHE449;CONTACT:SER35;HBOND:ARG477;HBOND:LYS393;HYDROPHOBIC:MET214;HYDROPHOBIC:PHE241;HYDROPHOBIC:PHE360;HYDROPHOBIC:PHE364;HYDROPHOBIC:PHE365;HYDROPHOBIC:PHE449;POLAR:ARG477,1,0.92,1,CC(C)(Sc1ccncc1-c1ccc(C#N)c2ccc(Cl)n12)C(=O)O,active,True,True,True
mol_00445,/home/gwj/work/c1-campaign/URAT1_NLRP3_DualTarget_AIDD_Project/docking_export_20260820/01_phase1_benchmark_URAT1_9DKB/poses/gnina_sdf/mol_00445_out.sdf,9,False,True,1,12.28331546855326,0.96,0.9166666666666666,9,0.8181818181818182,False,False,True,True,True,True,0.7074896097,6.8366737366,AROMATIC:PHE241;AROMATIC:PHE360;AROMATIC:PHE364;AROMATIC:PHE365;AROMATIC:PHE449;CONTACT:ARG477;CONTACT:GLN473;CONTACT:LYS393;CONTACT:MET214;CONTACT:PHE241;CONTACT:PHE360;CONTACT:PHE364;CONTACT:PHE365;CONTACT:PHE449;HBOND:LYS393;HYDROPHOBIC:MET214;HYDROPHOBIC:PHE241;HYDROPHOBIC:PHE360;HYDROPHOBIC:PHE364;HYDROPHOBIC:PHE365;HYDROPHOBIC:PHE449;POLAR:ARG477,5,0.92,1,CC(C)(Sc1ccncc1-c1ccc(C#N)c2ccccc12)C(=O)O,active,False,True,False
mol_00446,/home/gwj/work/c1-campaign/URAT1_NLRP3_DualTarget_AIDD_Project/docking_export_20260820/01_phase1_benchmark_URAT1_9DKB/poses/gnina_sdf/mol_00446_out.sdf,9,False,True,1,12.28331546855326,0.96,0.9166666666666666,9,0.8181818181818182,False,False,True,True,True,True,0.7074896097,6.8366737366,AROMATIC:PHE241;AROMATIC:PHE360;AROMATIC:PHE364;AROMATIC:PHE365;AROMATIC:PHE449;CONTACT:ARG477;CONTACT:GLN473;CONTACT:LYS393;CONTACT:MET214;CONTACT:PHE241;CONTACT:PHE360;CONTACT:PHE364;CONTACT:PHE365;CONTACT:PHE449;HBOND:LYS393;HYDROPHOBIC:MET214;HYDROPHOBIC:PHE241;HYDROPHOBIC:PHE360;HYDROPHOBIC:PHE364;HYDROPHOBIC:PHE365;HYDROPHOBIC:PHE449;POLAR:ARG477,5,0.92,1,CC(C)(Sc1ccncc1-c1ccc(C#N)c2ccccc12)C(=O)[O-].[Na+],active,False,True,False
mol_00447,/home/gwj/work/c1-campaign/URAT1_NLRP3_DualTarget_AIDD_Project/docking_export_20260820/01_phase1_benchmark_URAT1_9DKB/poses/gnina_sdf/mol_00447_out.sdf,9,True,True,1,3.0627148789921534,1.0,0.92,10,0.9090909090909091,False,True,True,True,True,True,0.6844235063,6.9791016579,AROMATIC:PHE241;AROMATIC:PHE360;AROMATIC:PHE364;AROMATIC:PHE365;AROMATIC:PHE449;CONTACT:ARG477;CONTACT:GLN473;CONTACT:LYS393;CONTACT:MET214;CONTACT:PHE241;CONTACT:PHE360;CONTACT:PHE364;CONTACT:PHE365;CONTACT:PHE449;CONTACT:SER35;HBOND:ARG477;HBOND:LYS393;HYDROPHOBIC:MET214;HYDROPHOBIC:PHE241;HYDROPHOBIC:PHE360;HYDROPHOBIC:PHE364;HYDROPHOBIC:PHE365;HYDROPHOBIC:PHE449;POLAR:ARG477,1,0.92,1,CC(C)(Sc1ccncc1-c1ccc(C#N)c2cccn12)C(=O)O,active,True,True,True
mol_00448,/home/gwj/work/c1-campaign/URAT1_NLRP3_DualTarget_AIDD_Project/docking_export_20260820/01_phase1_benchmark_URAT1_9DKB/poses/gnina_sdf/mol_00448_out.sdf,9,True,True,1,3.054953218954414,0.8260869565217391,0.8148148148148148,10,0.9090909090909091,False,True,True,True,True,True,0.8105174899,6.7458572388,AROMATIC:PHE241;AROMATIC:PHE360;AROMATIC:PHE364;AROMATIC:PHE365;AROMATIC:PHE449;CONTACT:ARG477;CONTACT:ASP389;CONTACT:GLN473;CONTACT:LYS393;CONTACT:MET214;CONTACT:PHE241;CONTACT:PHE360;CONTACT:PHE364;CONTACT:PHE365;CONTACT:PHE449;HBOND:ARG477;HBOND:GLN473;HBOND:LYS393;HYDROPHOBIC:MET214;HYDROPHOBIC:PHE241;HYDROPHOBIC:PHE360;HYDROPHOBIC:PHE364;HYDROPHOBIC:PHE365;HYDROPHOBIC:PHE449;POLAR:ARG477,6,0.88,1,CC(C)(Sc1ccncc1-c1ccc(C2(O)CC2)cc1)C(=O)O,active,True,True,True
mol_00449,/home/gwj/work/c1-campaign/URAT1_NLRP3_DualTarget_AIDD_Project/docking_export_20260820/01_phase1_benchmark_URAT1_9DKB/poses/gnina_sdf/mol_00449_out.sdf,9,False,True,1,3.037411769912012,0.5416666666666666,0.3076923076923077,4,0.36363636363636365,False,True,True,False,False,True,0.7037559152,5.7734856606,AROMATIC:PHE449;CONTACT:ARG477;CONTACT:GLN473;CONTACT:MET214;CONTACT:PHE449;HBOND:ARG477;HBOND:GLN473;HYDROPHOBIC:MET214;HYDROPHOBIC:PHE449;POLAR:ARG477,5,0.88,1,CC(C)(Sc1ccncc1-c1ccc(C2(O)COC2)cc1)C(=O)O,active,True,True,True
mol_00458,/home/gwj/work/c1-campaign/URAT1_NLRP3_DualTarget_AIDD_Project/docking_export_20260820/01_phase1_benchmark_URAT1_9DKB/poses/gnina_sdf/mol_00458_out.sdf,9,True,False,1,3.015976540028124,0.8148148148148148,0.8076923076923077,9,0.8181818181818182,False,True,True,True,True,True,0.7448509932,6.9062047005,AROMATIC:PHE241;AROMATIC:PHE360;AROMATIC:PHE364;AROMATIC:PHE365;AROMATIC:PHE449;CONTACT:ARG477;CONTACT:GLN473;CONTACT:LYS393;CONTACT:MET214;CONTACT:PHE241;CONTACT:PHE360;CONTACT:PHE364;CONTACT:PHE365;CONTACT:PHE449;HBOND:ARG477;HBOND:GLN473;HYDROPHOBIC:MET214;HYDROPHOBIC:PHE241;HYDROPHOBIC:PHE360;HYDROPHOBIC:PHE364;HYDROPHOBIC:PHE365;HYDROPHOBIC:PHE449;POLAR:ARG477,3,0.9166666666666666,1,CC(C)(Sc1nnc(Cl)n1Cc1ccc(C2CC2)c2ccccc12)C(=O)O,active,True,True,True
mol_00607,/home/gwj/work/c1-campaign/URAT1_NLRP3_DualTarget_AIDD_Project/docking_export_20260820/01_phase1_benchmark_URAT1_9DKB/poses/gnina_sdf/mol_00607_out.sdf,9,True,True,1,7.166687867488012,1.0,0.9166666666666666,9,0.8181818181818182,False,True,True,True,True,True,0.7739340663,7.2630696297,AROMATIC:PHE241;AROMATIC:PHE360;AROMATIC:PHE364;AROMATIC:PHE365;AROMATIC:PHE449;CONTACT:ARG477;CONTACT:GLN473;CONTACT:LYS393;CONTACT:MET214;CONTACT:PHE241;CONTACT:PHE360;CONTACT:PHE364;CONTACT:PHE365;CONTACT:PHE449;HBOND:LYS393;HYDROPHOBIC:MET214;HYDROPHOBIC:PHE241;HYDROPHOBIC:PHE360;HYDROPHOBIC:PHE364;HYDROPHOBIC:PHE365;HYDROPHOBIC:PHE449;POLAR:ARG477,1,0.9166666666666666,1,CC(C)c1ccc(Cn2c(Br)nnc2CC(C)(C)C(=O)O)c2ccccc12,active,True,True,True
mol_00608,/home/gwj/work/c1-campaign/URAT1_NLRP3_DualTarget_AIDD_Project/docking_export_20260820/01_phase1_benchmark_URAT1_9DKB/poses/gnina_sdf/mol_00608_out.sdf,9,False,False,1,12.95428852619857,1.0,0.9166666666666666,9,0.8181818181818182,False,False,True,True,True,True,0.8736083508,7.1077828407,AROMATIC:PHE241;AROMATIC:PHE360;AROMATIC:PHE364;AROMATIC:PHE365;AROMATIC:PHE449;CONTACT:ARG477;CONTACT:GLN473;CONTACT:LYS393;CONTACT:MET214;CONTACT:PHE241;CONTACT:PHE360;CONTACT:PHE364;CONTACT:PHE365;CONTACT:PHE449;HBOND:LYS393;HYDROPHOBIC:MET214;HYDROPHOBIC:PHE241;HYDROPHOBIC:PHE360;HYDROPHOBIC:PHE364;HYDROPHOBIC:PHE365;HYDROPHOBIC:PHE449;POLAR:ARG477,1,0.9166666666666666,1,CC(C)c1ccc(Cn2c(Br)nnc2CCC(=O)O)c2ccccc12,active,False,True,False
mol_00609,/home/gwj/work/c1-campaign/URAT1_NLRP3_DualTarget_AIDD_Project/docking_export_20260820/01_phase1_benchmark_URAT1_9DKB/poses/gnina_sdf/mol_00609_out.sdf,9,False,False,1,13.216069172034466,1.0,0.875,9,0.8181818181818182,False,False,True,True,True,True,0.9130290151,7.2814679146,AROMATIC:PHE241;AROMATIC:PHE360;AROMATIC:PHE364;AROMATIC:PHE365;AROMATIC:PHE449;CONTACT:ARG477;CONTACT:GLN473;CONTACT:LYS393;CONTACT:MET214;CONTACT:PHE241;CONTACT:PHE360;CONTACT:PHE364;CONTACT:PHE365;CONTACT:PHE449;HYDROPHOBIC:MET214;HYDROPHOBIC:PHE241;HYDROPHOBIC:PHE360;HYDROPHOBIC:PHE364;HYDROPHOBIC:PHE365;HYDROPHOBIC:PHE449;POLAR:ARG477,6,0.9166666666666666,1,CC(C)c1ccc(Cn2c(Br)nnc2SCC(=O)O)c2ccccc12,active,False,True,False
mol_00701,/home/gwj/work/c1-campaign/URAT1_NLRP3_DualTarget_AIDD_Project/docking_export_20260820/01_phase1_benchmark_URAT1_9DKB/poses/gnina_sdf/mol_00701_out.sdf,9,False,False,1,14.584247004559408,0.9259259259259259,0.8461538461538461,10,0.9090909090909091,False,False,True,True,True,True,0.8467232585,7.6409478188,AROMATIC:PHE241;AROMATIC:PHE360;AROMATIC:PHE364;AROMATIC:PHE365;AROMATIC:PHE449;CONTACT:ARG477;CONTACT:ASP389;CONTACT:LYS393;CONTACT:MET214;CONTACT:PHE241;CONTACT:PHE360;CONTACT:PHE364;CONTACT:PHE365;CONTACT:PHE449;CONTACT:SER35;HBOND:ASP389;HBOND:LYS393;HYDROPHOBIC:MET214;HYDROPHOBIC:PHE241;HYDROPHOBIC:PHE360;HYDROPHOBIC:PHE364;HYDROPHOBIC:PHE365;HYDROPHOBIC:PHE449;POLAR:ARG477,1,0.8461538461538461,1,CC(CC(=O)O)c1cc2cncc(-c3ccc(C#N)c4ccccc34)c2s1,active,False,True,False
mol_00702,/home/gwj/work/c1-campaign/URAT1_NLRP3_DualTarget_AIDD_Project/docking_export_20260820/01_phase1_benchmark_URAT1_9DKB/poses/gnina_sdf/mol_00702_out.sdf,9,True,True,1,3.176659915697618,0.8928571428571429,0.8846153846153846,10,0.9090909090909091,False,True,True,True,True,True,0.75581038,6.9917550087,AROMATIC:PHE241;AROMATIC:PHE360;AROMATIC:PHE364;AROMATIC:PHE365;AROMATIC:PHE449;CONTACT:ARG477;CONTACT:GLN473;CONTACT:LYS393;CONTACT:MET214;CONTACT:PHE241;CONTACT:PHE360;CONTACT:PHE364;CONTACT:PHE365;CONTACT:PHE449;CONTACT:SER35;HBOND:ARG477;HBOND:GLN473;HBOND:LYS393;HYDROPHOBIC:MET214;HYDROPHOBIC:PHE241;HYDROPHOBIC:PHE360;HYDROPHOBIC:PHE364;HYDROPHOBIC:PHE365;HYDROPHOBIC:PHE449;POLAR:ARG477,7,0.92,1,CC(CC(=O)O)c1ccc2cncc(-c3ccc(C#N)c4ccccc34)c2c1,active,True,True,True
mol_00726,/home/gwj/work/c1-campaign/URAT1_NLRP3_DualTarget_AIDD_Project/docking_export_20260820/01_phase1_benchmark_URAT1_9DKB/poses/gnina_sdf/mol_00726_out.sdf,9,False,True,1,14.380102721816694,1.0,0.8461538461538461,10,0.9090909090909091,False,False,True,True,True,True,0.8425045013,7.448425293,AROMATIC:PHE241;AROMATIC:PHE360;AROMATIC:PHE364;AROMATIC:PHE365;AROMATIC:PHE449;CONTACT:ARG477;CONTACT:ASP389;CONTACT:LYS393;CONTACT:MET214;CONTACT:PHE241;CONTACT:PHE360;CONTACT:PHE364;CONTACT:PHE365;CONTACT:PHE449;CONTACT:SER35;HBOND:ASP389;HBOND:LYS393;HYDROPHOBIC:MET214;HYDROPHOBIC:PHE241;HYDROPHOBIC:PHE360;HYDROPHOBIC:PHE364;HYDROPHOBIC:PHE365;HYDROPHOBIC:PHE449;POLAR:ARG477,4,0.8846153846153846,1,CC(Cc1ccc2cncc(-c3ccc(C#N)c4ccccc34)c2c1)C(=O)O,active,False,True,False
mol_00729,/home/gwj/work/c1-campaign/URAT1_NLRP3_DualTarget_AIDD_Project/docking_export_20260820/01_phase1_benchmark_URAT1_9DKB/poses/gnina_sdf/mol_00729_out.sdf,9,True,True,1,2.9481487360714964,0.6785714285714286,0.56,6,0.5454545454545454,False,True,True,True,True,True,0.7584412098,6.8071265221,AROMATIC:PHE360;AROMATIC:PHE365;AROMATIC:PHE449;CONTACT:ARG477;CONTACT:GLN473;CONTACT:MET214;CONTACT:PHE360;CONTACT:PHE365;CONTACT:PHE449;HBOND:ARG477;HYDROPHOBIC:MET214;HYDROPHOBIC:PHE360;HYDROPHOBIC:PHE365;HYDROPHOBIC:PHE449;POLAR:ARG477,3,0.68,1,CC(Cl)(CC(=O)O)c1cc2c(-c3ccc(C#N)c4ccccc34)cncc2s1,active,True,True,True
mol_00757,/home/gwj/work/c1-campaign/URAT1_NLRP3_DualTarget_AIDD_Project/docking_export_20260820/01_phase1_benchmark_URAT1_9DKB/poses/gnina_sdf/mol_00757_out.sdf,9,False,False,1,14.672359828602895,0.92,0.84,9,0.8181818181818182,False,False,True,True,True,True,0.9620144963,7.7579512596,AROMATIC:PHE241;AROMATIC:PHE360;AROMATIC:PHE364;AROMATIC:PHE365;AROMATIC:PHE449;CONTACT:ARG477;CONTACT:ASP389;CONTACT:LYS393;CONTACT:MET214;CONTACT:PHE241;CONTACT:PHE360;CONTACT:PHE364;CONTACT:PHE365;CONTACT:PHE449;HBOND:LYS393;HYDROPHOBIC:MET214;HYDROPHOBIC:PHE241;HYDROPHOBIC:PHE360;HYDROPHOBIC:PHE364;HYDROPHOBIC:PHE365;HYDROPHOBIC:PHE449;POLAR:ARG477,6,0.8461538461538461,1,CC(NC(=O)Cc1c(Cl)cccc1Cl)c1ccc(CCC(=O)O)cn1,active,False,False,False
mol_00813,/home/gwj/work/c1-campaign/URAT1_NLRP3_DualTarget_AIDD_Project/docking_export_20260820/01_phase1_benchmark_URAT1_9DKB/poses/gnina_sdf/mol_00813_out.sdf,9,True,True,1,2.872455985737642,0.8214285714285714,0.8461538461538461,10,0.9090909090909091,False,True,True,True,True,True,0.46964252,6.7201151848,AROMATIC:PHE241;AROMATIC:PHE360;AROMATIC:PHE364;AROMATIC:PHE365;AROMATIC:PHE449;CONTACT:ARG477;CONTACT:ASP389;CONTACT:GLN473;CONTACT:LYS393;CONTACT:MET214;CONTACT:PHE241;CONTACT:PHE360;CONTACT:PHE364;CONTACT:PHE365;CONTACT:PHE449;HBOND:ARG477;HBOND:LYS393;HYDROPHOBIC:MET214;HYDROPHOBIC:PHE241;HYDROPHOBIC:PHE360;HYDROPHOBIC:PHE364;HYDROPHOBIC:PHE365;HYDROPHOBIC:PHE449;POLAR:ARG477,1,0.8461538461538461,1,CC(O)(CC(=O)O)c1cc2c(-c3ccc(C#N)c4ccccc34)cncc2s1,active,True,True,True
mol_00843,/home/gwj/work/c1-campaign/URAT1_NLRP3_DualTarget_AIDD_Project/docking_export_20260820/01_phase1_benchmark_URAT1_9DKB/poses/gnina_sdf/mol_00843_out.sdf,9,False,True,1,14.507757584823368,1.0,0.8461538461538461,10,0.9090909090909091,False,False,True,True,True,True,0.8217212558,7.591152668,AROMATIC:PHE241;AROMATIC:PHE360;AROMATIC:PHE364;AROMATIC:PHE365;AROMATIC:PHE449;CONTACT:ARG477;CONTACT:ASP389;CONTACT:LYS393;CONTACT:MET214;CONTACT:PHE241;CONTACT:PHE360;CONTACT:PHE364;CONTACT:PHE365;CONTACT:PHE449;CONTACT:SER35;HBOND:ASP389;HBOND:LYS393;HYDROPHOBIC:MET214;HYDROPHOBIC:PHE241;HYDROPHOBIC:PHE360;HYDROPHOBIC:PHE364;HYDROPHOBIC:PHE365;HYDROPHOBIC:PHE449;POLAR:ARG477,5,0.8846153846153846,1,CC(Sc1ccc2cncc(-c3ccc(C#N)c4ccccc34)c2c1)C(=O)O,active,False,True,False
mol_01262,/home/gwj/work/c1-campaign/URAT1_NLRP3_DualTarget_AIDD_Project/docking_export_20260820/01_phase1_benchmark_URAT1_9DKB/poses/gnina_sdf/mol_01262_out.sdf,9,True,True,1,2.9728334363028055,0.7692307692307693,0.6538461538461539,7,0.6363636363636364,False,True,True,True,True,True,0.8552601337,7.0218482018,AROMATIC:PHE241;AROMATIC:PHE360;AROMATIC:PHE365;AROMATIC:PHE449;CONTACT:ARG477;CONTACT:GLN473;CONTACT:MET214;CONTACT:PHE241;CONTACT:PHE360;CONTACT:PHE365;CONTACT:PHE449;HBOND:ARG477;HBOND:GLN473;HYDROPHOBIC:MET214;HYDROPHOBIC:PHE241;HYDROPHOBIC:PHE360;HYDROPHOBIC:PHE365;HYDROPHOBIC:PHE449;POLAR:ARG477,9,0.8846153846153846,1,CCC(CC)(Sc1ccc2cnsc2c1-c1ccc(C#N)cc1)C(=O)O,active,True,True,True
mol_01440,/home/gwj/work/c1-campaign/URAT1_NLRP3_DualTarget_AIDD_Project/docking_export_20260820/01_phase1_benchmark_URAT1_9DKB/poses/gnina_sdf/mol_01440_out.sdf,9,True,False,1,3.062426577079025,0.8148148148148148,0.8076923076923077,9,0.8181818181818182,False,True,True,True,True,True,0.8918394446,6.9394078255,AROMATIC:PHE241;AROMATIC:PHE360;AROMATIC:PHE364;AROMATIC:PHE365;AROMATIC:PHE449;CONTACT:ARG477;CONTACT:GLN473;CONTACT:LYS393;CONTACT:MET214;CONTACT:PHE241;CONTACT:PHE360;CONTACT:PHE364;CONTACT:PHE365;CONTACT:PHE449;HBOND:ARG477;HBOND:GLN473;HYDROPHOBIC:MET214;HYDROPHOBIC:PHE241;HYDROPHOBIC:PHE360;HYDROPHOBIC:PHE364;HYDROPHOBIC:PHE365;HYDROPHOBIC:PHE449;POLAR:ARG477,8,0.9166666666666666,1,CCCc1ccc(Cn2c(Br)nnc2CC(C)(C)C(=O)O)c2ccccc12,active,True,True,True
mol_01441,/home/gwj/work/c1-campaign/URAT1_NLRP3_DualTarget_AIDD_Project/docking_export_20260820/01_phase1_benchmark_URAT1_9DKB/poses/gnina_sdf/mol_01441_out.sdf,9,True,False,1,3.0787028729645125,0.84,0.7777777777777778,10,0.9090909090909091,False,True,True,True,True,True,0.9064847827,6.799993515,AROMATIC:PHE241;AROMATIC:PHE360;AROMATIC:PHE364;AROMATIC:PHE365;AROMATIC:PHE449;CONTACT:ARG477;CONTACT:ASP389;CONTACT:GLN473;CONTACT:LYS393;CONTACT:MET214;CONTACT:PHE241;CONTACT:PHE360;CONTACT:PHE364;CONTACT:PHE365;CONTACT:PHE449;HBOND:ARG477;HBOND:GLN473;HYDROPHOBIC:MET214;HYDROPHOBIC:PHE241;HYDROPHOBIC:PHE360;HYDROPHOBIC:PHE364;HYDROPHOBIC:PHE365;HYDROPHOBIC:PHE449;POLAR:ARG477,2,0.9166666666666666,1,CCCc1ccc(Cn2c(Br)nnc2CCC(=O)O)c2ccccc12,active,True,True,True
mol_01442,/home/gwj/work/c1-campaign/URAT1_NLRP3_DualTarget_AIDD_Project/docking_export_20260820/01_phase1_benchmark_URAT1_9DKB/poses/gnina_sdf/mol_01442_out.sdf,9,True,True,1,3.2226664518686867,0.7777777777777778,0.8076923076923077,10,0.9090909090909091,False,True,True,True,True,True,0.8797950149,7.0001831055,AROMATIC:PHE241;AROMATIC:PHE360;AROMATIC:PHE364;AROMATIC:PHE365;AROMATIC:PHE449;CONTACT:ARG477;CONTACT:ASP389;CONTACT:GLN473;CONTACT:LYS393;CONTACT:MET214;CONTACT:PHE241;CONTACT:PHE360;CONTACT:PHE364;CONTACT:PHE365;CONTACT:PHE449;HBOND:ARG477;HYDROPHOBIC:MET214;HYDROPHOBIC:PHE241;HYDROPHOBIC:PHE360;HYDROPHOBIC:PHE364;HYDROPHOBIC:PHE365;HYDROPHOBIC:PHE449;POLAR:ARG477,2,0.88,1,CCCc1ccc(Cn2c(Br)nnc2SC(C)(C)C(=O)O)c2ccccc12,active,True,True,True
mol_01443,/home/gwj/work/c1-campaign/URAT1_NLRP3_DualTarget_AIDD_Project/docking_export_20260820/01_phase1_benchmark_URAT1_9DKB/poses/gnina_sdf/mol_01443_out.sdf,9,True,False,1,3.035900441384728,0.84,0.8076923076923077,9,0.8181818181818182,False,True,True,True,True,True,0.8776392341,6.7323355675,AROMATIC:PHE241;AROMATIC:PHE360;AROMATIC:PHE364;AROMATIC:PHE365;AROMATIC:PHE449;CONTACT:ARG477;CONTACT:GLN473;CONTACT:LYS393;CONTACT:MET214;CONTACT:PHE241;CONTACT:PHE360;CONTACT:PHE364;CONTACT:PHE365;CONTACT:PHE449;HBOND:ARG477;HBOND:GLN473;HYDROPHOBIC:MET214;HYDROPHOBIC:PHE241;HYDROPHOBIC:PHE360;HYDROPHOBIC:PHE364;HYDROPHOBIC:PHE365;HYDROPHOBIC:PHE449;POLAR:ARG477,6,0.88,1,CCCc1ccc(Cn2c(Br)nnc2SCC(=O)O)c2ccccc12,active,True,True,True
mol_01444,/home/gwj/work/c1-campaign/URAT1_NLRP3_DualTarget_AIDD_Project/docking_export_20260820/01_phase1_benchmark_URAT1_9DKB/poses/gnina_sdf/mol_01444_out.sdf,9,True,False,1,3.035900441384728,0.84,0.8076923076923077,9,0.8181818181818182,False,True,True,True,True,True,0.8776392341,6.7323355675,AROMATIC:PHE241;AROMATIC:PHE360;AROMATIC:PHE364;AROMATIC:PHE365;AROMATIC:PHE449;CONTACT:ARG477;CONTACT:GLN473;CONTACT:LYS393;CONTACT:MET214;CONTACT:PHE241;CONTACT:PHE360;CONTACT:PHE364;CONTACT:PHE365;CONTACT:PHE449;HBOND:ARG477;HBOND:GLN473;HYDROPHOBIC:MET214;HYDROPHOBIC:PHE241;HYDROPHOBIC:PHE360;HYDROPHOBIC:PHE364;HYDROPHOBIC:PHE365;HYDROPHOBIC:PHE449;POLAR:ARG477,6,0.88,1,CCCc1ccc(Cn2c(Br)nnc2SCC(=O)[O-])c2ccccc12.[Na+],active,True,True,True
mol_02042,/home/gwj/work/c1-campaign/URAT1_NLRP3_DualTarget_AIDD_Project/docking_export_20260820/01_phase1_benchmark_URAT1_9DKB/poses/gnina_sdf/mol_02042_out.sdf,9,False,False,1,14.283878431994577,1.0,0.76,8,0.7272727272727273,False,False,True,True,True,True,0.8647286296,6.4710364342,AROMATIC:PHE241;AROMATIC:PHE360;AROMATIC:PHE364;AROMATIC:PHE365;AROMATIC:PHE449;CONTACT:ASP389;CONTACT:LYS393;CONTACT:MET214;CONTACT:PHE241;CONTACT:PHE360;CONTACT:PHE364;CONTACT:PHE365;CONTACT:PHE449;HBOND:LYS393;HYDROPHOBIC:MET214;HYDROPHOBIC:PHE241;HYDROPHOBIC:PHE360;HYDROPHOBIC:PHE364;HYDROPHOBIC:PHE365;HYDROPHOBIC:PHE449,4,0.875,1,CCc1cn(Cc2c(C)cccc2C)c2cc(C(=O)O)ccc12,active,False,True,False
mol_02071,/home/gwj/work/c1-campaign/URAT1_NLRP3_DualTarget_AIDD_Project/docking_export_20260820/01_phase1_benchmark_URAT1_9DKB/poses/gnina_sdf/mol_02071_out.sdf,9,False,False,1,14.398694284205074,1.0,0.7307692307692307,8,0.7272727272727273,False,False,True,True,True,True,0.888997972,6.5948433876,AROMATIC:PHE241;AROMATIC:PHE360;AROMATIC:PHE364;AROMATIC:PHE365;AROMATIC:PHE449;CONTACT:ASP389;CONTACT:LYS393;CONTACT:MET214;CONTACT:PHE241;CONTACT:PHE360;CONTACT:PHE364;CONTACT:PHE365;CONTACT:PHE449;HBOND:ASP389;HBOND:LYS393;HYDROPHOBIC:MET214;HYDROPHOBIC:PHE241;HYDROPHOBIC:PHE360;HYDROPHOBIC:PHE364;HYDROPHOBIC:PHE365;HYDROPHOBIC:PHE449,5,0.875,1,CCc1nn(Cc2c(C)cccc2C)c2cc(C(=O)O)ccc12,active,False,True,False
mol_02072,/home/gwj/work/c1-campaign/URAT1_NLRP3_DualTarget_AIDD_Project/docking_export_20260820/01_phase1_benchmark_URAT1_9DKB/poses/gnina_sdf/mol_02072_out.sdf,9,False,False,1,14.17189769967311,1.0,0.84,9,0.8181818181818182,False,False,True,True,True,True,0.8864884377,6.8147215843,AROMATIC:PHE241;AROMATIC:PHE360;AROMATIC:PHE364;AROMATIC:PHE365;AROMATIC:PHE449;CONTACT:ARG477;CONTACT:ASP389;CONTACT:LYS393;CONTACT:MET214;CONTACT:PHE241;CONTACT:PHE360;CONTACT:PHE364;CONTACT:PHE365;CONTACT:PHE449;HBOND:LYS393;HYDROPHOBIC:MET214;HYDROPHOBIC:PHE241;HYDROPHOBIC:PHE360;HYDROPHOBIC:PHE364;HYDROPHOBIC:PHE365;HYDROPHOBIC:PHE449;POLAR:ARG477,3,0.88,1,CCc1nn(Cc2c(C)cccc2C)c2cc(CC(=O)O)ccc12,active,False,True,False
mol_02073,/home/gwj/work/c1-campaign/URAT1_NLRP3_DualTarget_AIDD_Project/docking_export_20260820/01_phase1_benchmark_URAT1_9DKB/poses/gnina_sdf/mol_02073_out.sdf,9,False,True,1,14.334095719646916,1.0,0.7307692307692307,8,0.7272727272727273,False,False,True,True,True,True,0.9095560312,6.9346041679,AROMATIC:PHE241;AROMATIC:PHE360;AROMATIC:PHE364;AROMATIC:PHE365;AROMATIC:PHE449;CONTACT:ASP389;CONTACT:LYS393;CONTACT:MET214;CONTACT:PHE241;CONTACT:PHE360;CONTACT:PHE364;CONTACT:PHE365;CONTACT:PHE449;HBOND:ASP389;HBOND:LYS393;HYDROPHOBIC:MET214;HYDROPHOBIC:PHE241;HYDROPHOBIC:PHE360;HYDROPHOBIC:PHE364;HYDROPHOBIC:PHE365;HYDROPHOBIC:PHE449,8,0.875,1,CCc1nn(Cc2c(C)cccc2Cl)c2cc(C(=O)O)cnc12,active,False,True,False
mol_02076,/home/gwj/work/c1-campaign/URAT1_NLRP3_DualTarget_AIDD_Project/docking_export_20260820/01_phase1_benchmark_URAT1_9DKB/poses/gnina_sdf/mol_02076_out.sdf,9,True,False,1,2.924406245718936,0.92,0.8076923076923077,9,0.8181818181818182,False,True,True,True,True,True,0.732719779,6.9850139618,AROMATIC:PHE241;AROMATIC:PHE360;AROMATIC:PHE364;AROMATIC:PHE365;AROMATIC:PHE449;CONTACT:ARG477;CONTACT:GLN473;CONTACT:LYS393;CONTACT:MET214;CONTACT:PHE241;CONTACT:PHE360;CONTACT:PHE364;CONTACT:PHE365;CONTACT:PHE449;HBOND:ARG477;HBOND:GLN473;HYDROPHOBIC:MET214;HYDROPHOBIC:PHE241;HYDROPHOBIC:PHE360;HYDROPHOBIC:PHE364;HYDROPHOBIC:PHE365;HYDROPHOBIC:PHE449;POLAR:ARG477,3,0.9166666666666666,1,CCc1nn(Cc2c(Cl)cccc2Cl)c2cc(/C=C/C(=O)O)ccc12,active,True,True,True
mol_02077,/home/gwj/work/c1-campaign/URAT1_NLRP3_DualTarget_AIDD_Project/docking_export_20260820/01_phase1_benchmark_URAT1_9DKB/poses/gnina_sdf/mol_02077_out.sdf,9,False,False,1,14.391088310131376,1.0,0.76,8,0.7272727272727273,False,False,True,True,True,True,0.9397543073,7.0251026154,AROMATIC:PHE241;AROMATIC:PHE360;AROMATIC:PHE364;AROMATIC:PHE365;AROMATIC:PHE449;CONTACT:ASP389;CONTACT:LYS393;CONTACT:MET214;CONTACT:PHE241;CONTACT:PHE360;CONTACT:PHE364;CONTACT:PHE365;CONTACT:PHE449;HBOND:LYS393;HYDROPHOBIC:MET214;HYDROPHOBIC:PHE241;HYDROPHOBIC:PHE360;HYDROPHOBIC:PHE364;HYDROPHOBIC:PHE365;HYDROPHOBIC:PHE449,3,0.88,1,CCc1nn(Cc2c(Cl)cccc2Cl)c2cc(C(=O)O)ccc12,active,False,True,False
mol_02078,/home/gwj/work/c1-campaign/URAT1_NLRP3_DualTarget_AIDD_Project/docking_export_20260820/01_phase1_benchmark_URAT1_9DKB/poses/gnina_sdf/mol_02078_out.sdf,9,False,False,1,14.280077116738545,1.0,0.76,8,0.7272727272727273,False,False,True,True,True,True,0.9378822446,7.2026996613,AROMATIC:PHE241;AROMATIC:PHE360;AROMATIC:PHE364;AROMATIC:PHE365;AROMATIC:PHE449;CONTACT:ASP389;CONTACT:LYS393;CONTACT:MET214;CONTACT:PHE241;CONTACT:PHE360;CONTACT:PHE364;CONTACT:PHE365;CONTACT:PHE449;HBOND:LYS393;HYDROPHOBIC:MET214;HYDROPHOBIC:PHE241;HYDROPHOBIC:PHE360;HYDROPHOBIC:PHE364;HYDROPHOBIC:PHE365;HYDROPHOBIC:PHE449,3,0.88,1,CCc1nn(Cc2c(Cl)cccc2Cl)c2cc(C(=O)O)cnc12,active,False,True,False
mol_02079,/home/gwj/work/c1-campaign/URAT1_NLRP3_DualTarget_AIDD_Project/docking_export_20260820/01_phase1_benchmark_URAT1_9DKB/poses/gnina_sdf/mol_02079_out.sdf,9,False,False,1,13.691820420236303,1.0,0.84,9,0.8181818181818182,False,False,True,True,True,True,0.912098527,7.1444430351,AROMATIC:PHE241;AROMATIC:PHE360;AROMATIC:PHE364;AROMATIC:PHE365;AROMATIC:PHE449;CONTACT:ARG477;CONTACT:ASP389;CONTACT:LYS393;CONTACT:MET214;CONTACT:PHE241;CONTACT:PHE360;CONTACT:PHE364;CONTACT:PHE365;CONTACT:PHE449;HBOND:LYS393;HYDROPHOBIC:MET214;HYDROPHOBIC:PHE241;HYDROPHOBIC:PHE360;HYDROPHOBIC:PHE364;HYDROPHOBIC:PHE365;HYDROPHOBIC:PHE449;POLAR:ARG477,2,0.88,1,CCc1nn(Cc2c(Cl)cccc2Cl)c2cc(CC(=O)O)ccc12,active,False,True,False
mol_02080,/home/gwj/work/c1-campaign/URAT1_NLRP3_DualTarget_AIDD_Project/docking_export_20260820/01_phase1_benchmark_URAT1_9DKB/poses/gnina_sdf/mol_02080_out.sdf,9,False,False,1,14.18217368565199,1.0,0.84,9,0.8181818181818182,False,False,True,True,True,True,0.8681024909,7.2931771278,AROMATIC:PHE241;AROMATIC:PHE360;AROMATIC:PHE364;AROMATIC:PHE365;AROMATIC:PHE449;CONTACT:ARG477;CONTACT:ASP389;CONTACT:LYS393;CONTACT:MET214;CONTACT:PHE241;CONTACT:PHE360;CONTACT:PHE364;CONTACT:PHE365;CONTACT:PHE449;HBOND:LYS393;HYDROPHOBIC:MET214;HYDROPHOBIC:PHE241;HYDROPHOBIC:PHE360;HYDROPHOBIC:PHE364;HYDROPHOBIC:PHE365;HYDROPHOBIC:PHE449;POLAR:ARG477,3,0.9583333333333334,1,CCc1nn(Cc2c(Cl)cccc2Cl)c2cc(CCC(=O)O)ccc12,active,False,False,False
mol_02556,/home/gwj/work/c1-campaign/URAT1_NLRP3_DualTarget_AIDD_Project/docking_export_20260820/01_phase1_benchmark_URAT1_9DKB/poses/gnina_sdf/mol_02556_out.sdf,9,True,True,1,2.7920153831954395,0.875,0.88,9,0.8181818181818182,False,True,True,True,True,True,0.9541202188,6.7281060219,AROMATIC:PHE241;AROMATIC:PHE360;AROMATIC:PHE364;AROMATIC:PHE365;AROMATIC:PHE449;CONTACT:ARG477;CONTACT:GLN473;CONTACT:LYS393;CONTACT:MET214;CONTACT:PHE241;CONTACT:PHE360;CONTACT:PHE364;CONTACT:PHE365;CONTACT:PHE449;HBOND:ARG477;HBOND:LYS393;HYDROPHOBIC:MET214;HYDROPHOBIC:PHE241;HYDROPHOBIC:PHE360;HYDROPHOBIC:PHE364;HYDROPHOBIC:PHE365;HYDROPHOBIC:PHE449;POLAR:ARG477,1,0.88,1,COC(=O)COc1ccc2nccc(SC3(C(=O)O)CCC3)c2c1,active,True,True,True
mol_02661,/home/gwj/work/c1-campaign/URAT1_NLRP3_DualTarget_AIDD_Project/docking_export_20260820/01_phase1_benchmark_URAT1_9DKB/poses/gnina_sdf/mol_02661_out.sdf,9,True,True,1,6.526033217813092,1.0,0.75,8,0.7272727272727273,False,True,True,True,True,True,0.7062987685,6.6292214394,AROMATIC:PHE241;AROMATIC:PHE360;AROMATIC:PHE365;AROMATIC:PHE449;CONTACT:ARG477;CONTACT:LYS393;CONTACT:MET214;CONTACT:PHE241;CONTACT:PHE360;CONTACT:PHE365;CONTACT:PHE449;CONTACT:SER35;HYDROPHOBIC:MET214;HYDROPHOBIC:PHE241;HYDROPHOBIC:PHE360;HYDROPHOBIC:PHE365;HYDROPHOBIC:PHE449;POLAR:ARG477,5,0.8846153846153846,1,COCC(C)(Sc1ccncc1-c1ccc(C#N)c2cccn12)C(=O)O,active,True,True,True
mol_02701,/home/gwj/work/c1-campaign/URAT1_NLRP3_DualTarget_AIDD_Project/docking_export_20260820/01_phase1_benchmark_URAT1_9DKB/poses/gnina_sdf/mol_02701_out.sdf,9,True,False,1,3.0581187861167165,0.9130434782608695,0.8148148148148148,10,0.9090909090909091,False,True,True,True,True,True,0.9642421603,6.9076461792,AROMATIC:PHE241;AROMATIC:PHE360;AROMATIC:PHE364;AROMATIC:PHE365;AROMATIC:PHE449;CONTACT:ARG477;CONTACT:ASP389;CONTACT:GLN473;CONTACT:LYS393;CONTACT:MET214;CONTACT:PHE241;CONTACT:PHE360;CONTACT:PHE364;CONTACT:PHE365;CONTACT:PHE449;HBOND:ARG477;HBOND:GLN473;HBOND:LYS393;HYDROPHOBIC:MET214;HYDROPHOBIC:PHE241;HYDROPHOBIC:PHE360;HYDROPHOBIC:PHE364;HYDROPHOBIC:PHE365;HYDROPHOBIC:PHE449;POLAR:ARG477,9,0.9166666666666666,1,COCCOc1ccc2nccc(SC3(C(=O)O)CCC3)c2c1,active,True,True,True
mol_02733,/home/gwj/work/c1-campaign/URAT1_NLRP3_DualTarget_AIDD_Project/docking_export_20260820/01_phase1_benchmark_URAT1_9DKB/poses/gnina_sdf/mol_02733_out.sdf,9,True,False,1,3.0500874528445787,1.0,0.8076923076923077,10,0.9090909090909091,False,True,True,True,True,True,0.8813472986,6.5221400261,AROMATIC:PHE241;AROMATIC:PHE360;AROMATIC:PHE364;AROMATIC:PHE365;AROMATIC:PHE449;CONTACT:ARG477;CONTACT:ASP389;CONTACT:GLN473;CONTACT:LYS393;CONTACT:MET214;CONTACT:PHE241;CONTACT:PHE360;CONTACT:PHE364;CONTACT:PHE365;CONTACT:PHE449;HBOND:ARG477;HYDROPHOBIC:MET214;HYDROPHOBIC:PHE241;HYDROPHOBIC:PHE360;HYDROPHOBIC:PHE364;HYDROPHOBIC:PHE365;HYDROPHOBIC:PHE449;POLAR:ARG477,7,0.9166666666666666,1,COCc1ccc2nccc(SC3(C(=O)O)CCC3)c2c1,active,True,True,True
mol_02820,/home/gwj/work/c1-campaign/URAT1_NLRP3_DualTarget_AIDD_Project/docking_export_20260820/01_phase1_benchmark_URAT1_9DKB/poses/gnina_sdf/mol_02820_out.sdf,9,False,True,1,14.44346149716195,0.9090909090909091,0.8518518518518519,11,1.0,False,False,True,True,True,True,0.6462734938,7.519297123,AROMATIC:PHE241;AROMATIC:PHE360;AROMATIC:PHE364;AROMATIC:PHE365;AROMATIC:PHE449;CONTACT:ARG477;CONTACT:ASP389;CONTACT:GLN473;CONTACT:LYS393;CONTACT:MET214;CONTACT:PHE241;CONTACT:PHE360;CONTACT:PHE364;CONTACT:PHE365;CONTACT:PHE449;CONTACT:SER35;HBOND:ASP389;HBOND:GLN473;HBOND:LYS393;HYDROPHOBIC:MET214;HYDROPHOBIC:PHE241;HYDROPHOBIC:PHE360;HYDROPHOBIC:PHE364;HYDROPHOBIC:PHE365;HYDROPHOBIC:PHE449;POLAR:ARG477,8,0.9166666666666666,1,COc1cc(C(=O)[O-])ccc1CSc1ccncc1N(C)c1ccc(C#N)c2ccccc12.[Na+],active,False,True,False
mol_03488,/home/gwj/work/c1-campaign/URAT1_NLRP3_DualTarget_AIDD_Project/docking_export_20260820/01_phase1_benchmark_URAT1_9DKB/poses/gnina_sdf/mol_03488_out.sdf,9,True,False,1,3.0460913659967463,0.9,0.8,8,0.7272727272727273,False,True,True,True,True,True,0.8632797599,6.1159882545,AROMATIC:PHE241;AROMATIC:PHE360;AROMATIC:PHE364;AROMATIC:PHE365;AROMATIC:PHE449;CONTACT:ARG477;CONTACT:GLN473;CONTACT:MET214;CONTACT:PHE241;CONTACT:PHE360;CONTACT:PHE364;CONTACT:PHE365;CONTACT:PHE449;HBOND:ARG477;HYDROPHOBIC:MET214;HYDROPHOBIC:PHE241;HYDROPHOBIC:PHE360;HYDROPHOBIC:PHE364;HYDROPHOBIC:PHE365;HYDROPHOBIC:PHE449;POLAR:ARG477,7,0.875,1,COc1ccc2nccc(SC3(C(=O)O)CCC3)c2c1,active,True,True,True
mol_03579,/home/gwj/work/c1-campaign/URAT1_NLRP3_DualTarget_AIDD_Project/docking_export_20260820/01_phase1_benchmark_URAT1_9DKB/poses/gnina_sdf/mol_03579_out.sdf,9,False,False,1,12.394443544588837,1.0,0.88,10,0.9090909090909091,False,False,True,True,True,True,0.9000795484,7.1577205658,AROMATIC:PHE241;AROMATIC:PHE360;AROMATIC:PHE364;AROMATIC:PHE365;AROMATIC:PHE449;CONTACT:ARG477;CONTACT:ASP389;CONTACT:LYS393;CONTACT:MET214;CONTACT:PHE241;CONTACT:PHE360;CONTACT:PHE364;CONTACT:PHE365;CONTACT:PHE449;CONTACT:SER35;HBOND:LYS393;HYDROPHOBIC:MET214;HYDROPHOBIC:PHE241;HYDROPHOBIC:PHE360;HYDROPHOBIC:PHE364;HYDROPHOBIC:PHE365;HYDROPHOBIC:PHE449;POLAR:ARG477,5,0.92,1,COc1cccc(N(CCCC(=O)O)c2ccnc3ccc(C(F)(F)F)cc23)c1,active,False,True,False
mol_03752,/home/gwj/work/c1-campaign/URAT1_NLRP3_DualTarget_AIDD_Project/docking_export_20260820/01_phase1_benchmark_URAT1_9DKB/poses/gnina_sdf/mol_03752_out.sdf,9,True,True,1,2.9651390608199026,0.9655172413793104,0.92,10,0.9090909090909091,False,True,True,True,True,True,0.7259382606,7.5021820068,AROMATIC:PHE241;AROMATIC:PHE360;AROMATIC:PHE364;AROMATIC:PHE365;AROMATIC:PHE449;CONTACT:ARG477;CONTACT:GLN473;CONTACT:LYS393;CONTACT:MET214;CONTACT:PHE241;CONTACT:PHE360;CONTACT:PHE364;CONTACT:PHE365;CONTACT:PHE449;CONTACT:SER35;HBOND:ARG477;HBOND:LYS393;HYDROPHOBIC:MET214;HYDROPHOBIC:PHE241;HYDROPHOBIC:PHE360;HYDROPHOBIC:PHE364;HYDROPHOBIC:PHE365;HYDROPHOBIC:PHE449;POLAR:ARG477,1,0.92,1,CS(=O)(=O)c1cc2c(C#N)ccc(-c3cnccc3SC3(C(=O)O)CCC3)n2c1,active,True,True,True
mol_03803,/home/gwj/work/c1-campaign/URAT1_NLRP3_DualTarget_AIDD_Project/docking_export_20260820/01_phase1_benchmark_URAT1_9DKB/poses/gnina_sdf/mol_03803_out.sdf,9,False,True,1,14.822679779985796,0.9629629629629629,0.8076923076923077,9,0.8181818181818182,False,False,True,True,True,True,0.7771440148,7.7372202873,AROMATIC:PHE241;AROMATIC:PHE360;AROMATIC:PHE364;AROMATIC:PHE365;AROMATIC:PHE449;CONTACT:ARG477;CONTACT:ASP389;CONTACT:LYS393;CONTACT:MET214;CONTACT:PHE241;CONTACT:PHE360;CONTACT:PHE364;CONTACT:PHE365;CONTACT:PHE449;HBOND:ASP389;HBOND:LYS393;HYDROPHOBIC:MET214;HYDROPHOBIC:PHE241;HYDROPHOBIC:PHE360;HYDROPHOBIC:PHE364;HYDROPHOBIC:PHE365;HYDROPHOBIC:PHE449;POLAR:ARG477,9,0.8846153846153846,1,C[C@@H](CC(=O)O)c1cc2c(-c3ccc(C#N)c4ccccc34)cncc2s1,active,False,True,False
mol_03804,/home/gwj/work/c1-campaign/URAT1_NLRP3_DualTarget_AIDD_Project/docking_export_20260820/01_phase1_benchmark_URAT1_9DKB/poses/gnina_sdf/mol_03804_out.sdf,9,False,False,1,13.951459167054884,0.9629629629629629,0.8461538461538461,10,0.9090909090909091,False,False,True,True,True,True,0.835044086,7.798866272,AROMATIC:PHE241;AROMATIC:PHE360;AROMATIC:PHE364;AROMATIC:PHE365;AROMATIC:PHE449;CONTACT:ARG477;CONTACT:ASP389;CONTACT:LYS393;CONTACT:MET214;CONTACT:PHE241;CONTACT:PHE360;CONTACT:PHE364;CONTACT:PHE365;CONTACT:PHE449;CONTACT:SER35;HBOND:ASP389;HBOND:LYS393;HYDROPHOBIC:MET214;HYDROPHOBIC:PHE241;HYDROPHOBIC:PHE360;HYDROPHOBIC:PHE364;HYDROPHOBIC:PHE365;HYDROPHOBIC:PHE449;POLAR:ARG477,1,0.8461538461538461,1,C[C@@H](CC(=O)O)c1cc2cncc(-c3ccc(C#N)c4ccccc34)c2s1,active,False,True,False
mol_03805,/home/gwj/work/c1-campaign/URAT1_NLRP3_DualTarget_AIDD_Project/docking_export_20260820/01_phase1_benchmark_URAT1_9DKB/poses/gnina_sdf/mol_03805_out.sdf,9,False,False,1,14.516574920414241,0.9629629629629629,0.84,9,0.8181818181818182,False,False,True,True,True,True,0.9150804281,8.10505867,AROMATIC:PHE241;AROMATIC:PHE360;AROMATIC:PHE364;AROMATIC:PHE365;AROMATIC:PHE449;CONTACT:ARG477;CONTACT:ASP389;CONTACT:LYS393;CONTACT:MET214;CONTACT:PHE241;CONTACT:PHE360;CONTACT:PHE364;CONTACT:PHE365;CONTACT:PHE449;HBOND:LYS393;HYDROPHOBIC:MET214;HYDROPHOBIC:PHE241;HYDROPHOBIC:PHE360;HYDROPHOBIC:PHE364;HYDROPHOBIC:PHE365;HYDROPHOBIC:PHE449;POLAR:ARG477,3,0.88,1,C[C@@H](Cc1cc2cncc(-c3ccc(C#N)c4ccccc34)c2s1)C(=O)O,active,False,True,False
mol_03820,/home/gwj/work/c1-campaign/URAT1_NLRP3_DualTarget_AIDD_Project/docking_export_20260820/01_phase1_benchmark_URAT1_9DKB/poses/gnina_sdf/mol_03820_out.sdf,9,True,True,1,2.7950453413137946,1.0,0.5769230769230769,7,0.6363636363636364,False,True,True,True,True,True,0.7368405461,7.1913032532,AROMATIC:PHE241;AROMATIC:PHE365;AROMATIC:PHE449;CONTACT:ARG477;CONTACT:GLN473;CONTACT:MET214;CONTACT:PHE241;CONTACT:PHE365;CONTACT:PHE449;CONTACT:SER35;HBOND:ARG477;HBOND:SER35;HYDROPHOBIC:MET214;HYDROPHOBIC:PHE241;HYDROPHOBIC:PHE365;HYDROPHOBIC:PHE449;POLAR:ARG477,2,0.92,1,C[C@H](CC(=O)O)c1cc2c(-c3ccc(C#N)c4ccccc34)cncc2s1,active,True,True,True
mol_03821,/home/gwj/work/c1-campaign/URAT1_NLRP3_DualTarget_AIDD_Project/docking_export_20260820/01_phase1_benchmark_URAT1_9DKB/poses/gnina_sdf/mol_03821_out.sdf,9,False,False,1,14.584247004559408,0.9259259259259259,0.8461538461538461,10,0.9090909090909091,False,False,True,True,True,True,0.8467232585,7.6409478188,AROMATIC:PHE241;AROMATIC:PHE360;AROMATIC:PHE364;AROMATIC:PHE365;AROMATIC:PHE449;CONTACT:ARG477;CONTACT:ASP389;CONTACT:LYS393;CONTACT:MET214;CONTACT:PHE241;CONTACT:PHE360;CONTACT:PHE364;CONTACT:PHE365;CONTACT:PHE449;CONTACT:SER35;HBOND:ASP389;HBOND:LYS393;HYDROPHOBIC:MET214;HYDROPHOBIC:PHE241;HYDROPHOBIC:PHE360;HYDROPHOBIC:PHE364;HYDROPHOBIC:PHE365;HYDROPHOBIC:PHE449;POLAR:ARG477,1,0.8461538461538461,1,C[C@H](CC(=O)O)c1cc2cncc(-c3ccc(C#N)c4ccccc34)c2s1,active,False,True,False
mol_03822,/home/gwj/work/c1-campaign/URAT1_NLRP3_DualTarget_AIDD_Project/docking_export_20260820/01_phase1_benchmark_URAT1_9DKB/poses/gnina_sdf/mol_03822_out.sdf,9,True,False,1,2.9986591703626506,0.9130434782608695,0.6538461538461539,7,0.6363636363636364,False,True,True,True,True,True,0.7482755184,6.866625309,AROMATIC:PHE241;AROMATIC:PHE360;AROMATIC:PHE365;AROMATIC:PHE449;CONTACT:ARG477;CONTACT:GLN473;CONTACT:MET214;CONTACT:PHE241;CONTACT:PHE360;CONTACT:PHE365;CONTACT:PHE449;HBOND:ARG477;HBOND:GLN473;HYDROPHOBIC:MET214;HYDROPHOBIC:PHE241;HYDROPHOBIC:PHE360;HYDROPHOBIC:PHE365;HYDROPHOBIC:PHE449;POLAR:ARG477,5,0.88,1,C[C@H](CC(=O)O)c1cc2cncc(-c3ccc(C#N)cc3)c2s1,active,True,True,True
mol_03824,/home/gwj/work/c1-campaign/URAT1_NLRP3_DualTarget_AIDD_Project/docking_export_20260820/01_phase1_benchmark_URAT1_9DKB/poses/gnina_sdf/mol_03824_out.sdf,9,False,False,1,14.23397817969382,1.0,0.88,10,0.9090909090909091,False,False,True,True,True,True,0.8549787402,7.873606205,AROMATIC:PHE241;AROMATIC:PHE360;AROMATIC:PHE364;AROMATIC:PHE365;AROMATIC:PHE449;CONTACT:ARG477;CONTACT:ASP389;CONTACT:GLN473;CONTACT:LYS393;CONTACT:MET214;CONTACT:PHE241;CONTACT:PHE360;CONTACT:PHE364;CONTACT:PHE365;CONTACT:PHE449;HBOND:LYS393;HYDROPHOBIC:MET214;HYDROPHOBIC:PHE241;HYDROPHOBIC:PHE360;HYDROPHOBIC:PHE364;HYDROPHOBIC:PHE365;HYDROPHOBIC:PHE449;POLAR:ARG477,1,0.88,1,C[C@H](Cc1cc2cncc(-c3ccc(C#N)c4ccccc34)c2s1)C(=O)O,active,False,True,False
mol_04234,/home/gwj/work/c1-campaign/URAT1_NLRP3_DualTarget_AIDD_Project/docking_export_20260820/01_phase1_benchmark_URAT1_9DKB/poses/gnina_sdf/mol_04234_out.sdf,9,False,False,1,13.699558735959343,1.0,0.84,9,0.8181818181818182,False,False,True,True,True,True,0.8089253902,6.8754143715,AROMATIC:PHE241;AROMATIC:PHE360;AROMATIC:PHE364;AROMATIC:PHE365;AROMATIC:PHE449;CONTACT:ARG477;CONTACT:ASP389;CONTACT:LYS393;CONTACT:MET214;CONTACT:PHE241;CONTACT:PHE360;CONTACT:PHE364;CONTACT:PHE365;CONTACT:PHE449;HBOND:LYS393;HYDROPHOBIC:MET214;HYDROPHOBIC:PHE241;HYDROPHOBIC:PHE360;HYDROPHOBIC:PHE364;HYDROPHOBIC:PHE365;HYDROPHOBIC:PHE449;POLAR:ARG477,2,0.88,1,Cc1cc(C)c(Cn2nc(C)c3ccc(CC(=O)O)cc32)c(C)c1,active,False,True,False
mol_04484,/home/gwj/work/c1-campaign/URAT1_NLRP3_DualTarget_AIDD_Project/docking_export_20260820/01_phase1_benchmark_URAT1_9DKB/poses/gnina_sdf/mol_04484_out.sdf,9,False,False,1,12.273993766089335,1.0,0.6538461538461539,8,0.7272727272727273,False,False,True,True,True,True,0.7560647726,5.4384422302,AROMATIC:PHE241;AROMATIC:PHE360;AROMATIC:PHE364;AROMATIC:PHE449;CONTACT:ASP389;CONTACT:GLN473;CONTACT:LYS393;CONTACT:MET214;CONTACT:PHE241;CONTACT:PHE360;CONTACT:PHE364;CONTACT:PHE449;HBOND:GLN473;HBOND:LYS393;HYDROPHOBIC:MET214;HYDROPHOBIC:PHE241;HYDROPHOBIC:PHE360;HYDROPHOBIC:PHE364;HYDROPHOBIC:PHE449,9,0.92,1,Cc1cc2c(-c3ccc(C(=O)O)c(O)c3)cc(C#N)cc2o1,active,False,True,False
mol_04487,/home/gwj/work/c1-campaign/URAT1_NLRP3_DualTarget_AIDD_Project/docking_export_20260820/01_phase1_benchmark_URAT1_9DKB/poses/gnina_sdf/mol_04487_out.sdf,9,True,False,1,6.077128608973148,1.0,0.7916666666666666,9,0.8181818181818182,False,True,True,True,True,True,0.7562844157,7.0156245232,AROMATIC:PHE241;AROMATIC:PHE360;AROMATIC:PHE365;AROMATIC:PHE449;CONTACT:ARG477;CONTACT:GLN473;CONTACT:LYS393;CONTACT:MET214;CONTACT:PHE241;CONTACT:PHE360;CONTACT:PHE365;CONTACT:PHE449;CONTACT:SER35;HYDROPHOBIC:MET214;HYDROPHOBIC:PHE241;HYDROPHOBIC:PHE360;HYDROPHOBIC:PHE365;HYDROPHOBIC:PHE449;POLAR:ARG477,5,0.9166666666666666,1,Cc1cc2c(C#N)ccc(-c3cnccc3SC3(C(=O)O)CCC3)n2c1,active,True,True,True
mol_04508,/home/gwj/work/c1-campaign/URAT1_NLRP3_DualTarget_AIDD_Project/docking_export_20260820/01_phase1_benchmark_URAT1_9DKB/poses/gnina_sdf/mol_04508_out.sdf,9,False,False,1,14.484706690161165,0.9545454545454546,0.8076923076923077,10,0.9090909090909091,False,False,True,True,True,True,0.7785355449,6.1271395683,AROMATIC:PHE241;AROMATIC:PHE360;AROMATIC:PHE364;AROMATIC:PHE365;AROMATIC:PHE449;CONTACT:ASP389;CONTACT:GLN473;CONTACT:LYS393;CONTACT:MET214;CONTACT:PHE241;CONTACT:PHE360;CONTACT:PHE364;CONTACT:PHE365;CONTACT:PHE449;CONTACT:SER35;HBOND:ASP389;HBOND:LYS393;HYDROPHOBIC:MET214;HYDROPHOBIC:PHE241;HYDROPHOBIC:PHE360;HYDROPHOBIC:PHE364;HYDROPHOBIC:PHE365;HYDROPHOBIC:PHE449,9,0.9583333333333334,1,Cc1cc2cc(C#N)cc(-c3ccc(C(=O)O)c(O)c3)c2o1,active,False,False,False
mol_04755,/home/gwj/work/c1-campaign/URAT1_NLRP3_DualTarget_AIDD_Project/docking_export_20260820/01_phase1_benchmark_URAT1_9DKB/poses/gnina_sdf/mol_04755_out.sdf,9,False,False,1,14.123367836320059,1.0,0.84,9,0.8181818181818182,False,False,True,True,True,True,0.8789770603,6.6764435768,AROMATIC:PHE241;AROMATIC:PHE360;AROMATIC:PHE364;AROMATIC:PHE365;AROMATIC:PHE449;CONTACT:ARG477;CONTACT:ASP389;CONTACT:LYS393;CONTACT:MET214;CONTACT:PHE241;CONTACT:PHE360;CONTACT:PHE364;CONTACT:PHE365;CONTACT:PHE449;HBOND:LYS393;HYDROPHOBIC:MET214;HYDROPHOBIC:PHE241;HYDROPHOBIC:PHE360;HYDROPHOBIC:PHE364;HYDROPHOBIC:PHE365;HYDROPHOBIC:PHE449;POLAR:ARG477,2,0.88,1,Cc1ccc(C)c(Cn2cc(C)c3ccc(CC(=O)O)cc32)c1,active,False,True,False
mol_04811,/home/gwj/work/c1-campaign/URAT1_NLRP3_DualTarget_AIDD_Project/docking_export_20260820/01_phase1_benchmark_URAT1_9DKB/poses/gnina_sdf/mol_04811_out.sdf,9,False,False,1,14.138419611116358,1.0,0.84,9,0.8181818181818182,False,False,True,True,True,True,0.8598561883,6.2039065361,AROMATIC:PHE241;AROMATIC:PHE360;AROMATIC:PHE364;AROMATIC:PHE365;AROMATIC:PHE449;CONTACT:ARG477;CONTACT:ASP389;CONTACT:LYS393;CONTACT:MET214;CONTACT:PHE241;CONTACT:PHE360;CONTACT:PHE364;CONTACT:PHE365;CONTACT:PHE449;HBOND:LYS393;HYDROPHOBIC:MET214;HYDROPHOBIC:PHE241;HYDROPHOBIC:PHE360;HYDROPHOBIC:PHE364;HYDROPHOBIC:PHE365;HYDROPHOBIC:PHE449;POLAR:ARG477,5,0.88,1,Cc1ccc(CC(=O)O)cc1OCc1c(C)cccc1C,active,False,True,False
mol_05163,/home/gwj/work/c1-campaign/URAT1_NLRP3_DualTarget_AIDD_Project/docking_export_20260820/01_phase1_benchmark_URAT1_9DKB/poses/gnina_sdf/mol_05163_out.sdf,9,True,False,1,3.0455860930205154,0.8421052631578947,0.5384615384615384,6,0.5454545454545454,False,True,True,True,True,True,0.8632615805,5.9289703369,AROMATIC:PHE241;AROMATIC:PHE365;AROMATIC:PHE449;CONTACT:ARG477;CONTACT:GLN473;CONTACT:MET214;CONTACT:PHE241;CONTACT:PHE365;CONTACT:PHE449;HBOND:ARG477;HBOND:GLN473;HYDROPHOBIC:MET214;HYDROPHOBIC:PHE241;HYDROPHOBIC:PHE365;HYDROPHOBIC:PHE449;POLAR:ARG477,8,0.875,1,Cc1ccc2nccc(SC3(C(=O)O)CCC3)c2c1,active,True,True,True
mol_05216,/home/gwj/work/c1-campaign/URAT1_NLRP3_DualTarget_AIDD_Project/docking_export_20260820/01_phase1_benchmark_URAT1_9DKB/poses/gnina_sdf/mol_05216_out.sdf,9,False,False,1,14.255635427787835,1.0,0.84,9,0.8181818181818182,False,False,True,True,True,True,0.8752331138,6.6987571716,AROMATIC:PHE241;AROMATIC:PHE360;AROMATIC:PHE364;AROMATIC:PHE365;AROMATIC:PHE449;CONTACT:ARG477;CONTACT:ASP389;CONTACT:LYS393;CONTACT:MET214;CONTACT:PHE241;CONTACT:PHE360;CONTACT:PHE364;CONTACT:PHE365;CONTACT:PHE449;HBOND:LYS393;HYDROPHOBIC:MET214;HYDROPHOBIC:PHE241;HYDROPHOBIC:PHE360;HYDROPHOBIC:PHE364;HYDROPHOBIC:PHE365;HYDROPHOBIC:PHE449;POLAR:ARG477,1,0.84,1,Cc1cccc(C)c1CN1CC(C)(C)c2ccc(CC(=O)O)cc21,active,False,False,False
mol_05217,/home/gwj/work/c1-campaign/URAT1_NLRP3_DualTarget_AIDD_Project/docking_export_20260820/01_phase1_benchmark_URAT1_9DKB/poses/gnina_sdf/mol_05217_out.sdf,9,False,False,1,14.245636790961646,1.0,0.84,9,0.8181818181818182,False,False,True,True,True,True,0.8588380814,6.4782357216,AROMATIC:PHE241;AROMATIC:PHE360;AROMATIC:PHE364;AROMATIC:PHE365;AROMATIC:PHE449;CONTACT:ARG477;CONTACT:ASP389;CONTACT:LYS393;CONTACT:MET214;CONTACT:PHE241;CONTACT:PHE360;CONTACT:PHE364;CONTACT:PHE365;CONTACT:PHE449;HBOND:LYS393;HYDROPHOBIC:MET214;HYDROPHOBIC:PHE241;HYDROPHOBIC:PHE360;HYDROPHOBIC:PHE364;HYDROPHOBIC:PHE365;HYDROPHOBIC:PHE449;POLAR:ARG477,9,0.875,1,Cc1cccc(C)c1CN1CC(C)c2ccc(CC(=O)O)cc21,active,False,False,False
mol_05218,/home/gwj/work/c1-campaign/URAT1_NLRP3_DualTarget_AIDD_Project/docking_export_20260820/01_phase1_benchmark_URAT1_9DKB/poses/gnina_sdf/mol_05218_out.sdf,9,False,False,1,13.707810830690653,1.0,0.84,9,0.8181818181818182,False,False,True,True,True,True,0.8457375765,6.2509860992,AROMATIC:PHE241;AROMATIC:PHE360;AROMATIC:PHE364;AROMATIC:PHE365;AROMATIC:PHE449;CONTACT:ARG477;CONTACT:ASP389;CONTACT:LYS393;CONTACT:MET214;CONTACT:PHE241;CONTACT:PHE360;CONTACT:PHE364;CONTACT:PHE365;CONTACT:PHE449;HBOND:LYS393;HYDROPHOBIC:MET214;HYDROPHOBIC:PHE241;HYDROPHOBIC:PHE360;HYDROPHOBIC:PHE364;HYDROPHOBIC:PHE365;HYDROPHOBIC:PHE449;POLAR:ARG477,7,0.875,1,Cc1cccc(C)c1CN1CCc2ccc(CC(=O)O)cc21,active,False,False,False
mol_05222,/home/gwj/work/c1-campaign/URAT1_NLRP3_DualTarget_AIDD_Project/docking_export_20260820/01_phase1_benchmark_URAT1_9DKB/poses/gnina_sdf/mol_05222_out.sdf,9,True,False,1,4.999760229250995,1.0,0.76,8,0.7272727272727273,False,True,True,True,True,True,0.9066600204,6.8741745949,AROMATIC:PHE241;AROMATIC:PHE360;AROMATIC:PHE364;AROMATIC:PHE365;AROMATIC:PHE449;CONTACT:ASP389;CONTACT:LYS393;CONTACT:MET214;CONTACT:PHE241;CONTACT:PHE360;CONTACT:PHE364;CONTACT:PHE365;CONTACT:PHE449;HBOND:LYS393;HYDROPHOBIC:MET214;HYDROPHOBIC:PHE241;HYDROPHOBIC:PHE360;HYDROPHOBIC:PHE364;HYDROPHOBIC:PHE365;HYDROPHOBIC:PHE449,7,0.9166666666666666,1,Cc1cccc(C)c1Cn1c(=O)n(C(C)C)c2ccc(C(=O)O)cc21,active,True,True,True
mol_05223,/home/gwj/work/c1-campaign/URAT1_NLRP3_DualTarget_AIDD_Project/docking_export_20260820/01_phase1_benchmark_URAT1_9DKB/poses/gnina_sdf/mol_05223_out.sdf,9,False,False,1,14.452575476364059,1.0,0.7307692307692307,8,0.7272727272727273,False,False,True,True,True,True,0.8855085373,6.8322806358,AROMATIC:PHE241;AROMATIC:PHE360;AROMATIC:PHE364;AROMATIC:PHE365;AROMATIC:PHE449;CONTACT:ASP389;CONTACT:LYS393;CONTACT:MET214;CONTACT:PHE241;CONTACT:PHE360;CONTACT:PHE364;CONTACT:PHE365;CONTACT:PHE449;HBOND:ASP389;HBOND:LYS393;HYDROPHOBIC:MET214;HYDROPHOBIC:PHE241;HYDROPHOBIC:PHE360;HYDROPHOBIC:PHE364;HYDROPHOBIC:PHE365;HYDROPHOBIC:PHE449,5,0.9166666666666666,1,Cc1cccc(C)c1Cn1cc(C(C)C)c2ccc(C(=O)O)cc21,active,False,True,False
mol_05224,/home/gwj/work/c1-campaign/URAT1_NLRP3_DualTarget_AIDD_Project/docking_export_20260820/01_phase1_benchmark_URAT1_9DKB/poses/gnina_sdf/mol_05224_out.sdf,9,False,False,1,14.280996187241277,1.0,0.76,8,0.7272727272727273,False,False,True,True,True,True,0.8360959888,6.2440237999,AROMATIC:PHE241;AROMATIC:PHE360;AROMATIC:PHE364;AROMATIC:PHE365;AROMATIC:PHE449;CONTACT:ASP389;CONTACT:LYS393;CONTACT:MET214;CONTACT:PHE241;CONTACT:PHE360;CONTACT:PHE364;CONTACT:PHE365;CONTACT:PHE449;HBOND:LYS393;HYDROPHOBIC:MET214;HYDROPHOBIC:PHE241;HYDROPHOBIC:PHE360;HYDROPHOBIC:PHE364;HYDROPHOBIC:PHE365;HYDROPHOBIC:PHE449,5,0.875,1,Cc1cccc(C)c1Cn1cc(C)c2ccc(C(=O)O)cc21,active,False,True,False
mol_05225,/home/gwj/work/c1-campaign/URAT1_NLRP3_DualTarget_AIDD_Project/docking_export_20260820/01_phase1_benchmark_URAT1_9DKB/poses/gnina_sdf/mol_05225_out.sdf,9,False,False,1,14.266129289334222,1.0,0.8076923076923077,9,0.8181818181818182,False,False,True,True,True,True,0.7822569013,6.5953922272,AROMATIC:PHE241;AROMATIC:PHE360;AROMATIC:PHE364;AROMATIC:PHE365;AROMATIC:PHE449;CONTACT:ARG477;CONTACT:ASP389;CONTACT:LYS393;CONTACT:MET214;CONTACT:PHE241;CONTACT:PHE360;CONTACT:PHE364;CONTACT:PHE365;CONTACT:PHE449;HBOND:ASP389;HBOND:LYS393;HYDROPHOBIC:MET214;HYDROPHOBIC:PHE241;HYDROPHOBIC:PHE360;HYDROPHOBIC:PHE364;HYDROPHOBIC:PHE365;HYDROPHOBIC:PHE449;POLAR:ARG477,6,0.9166666666666666,1,Cc1cccc(C)c1Cn1cc(C)c2ccc(CC(=O)O)cc21,active,False,True,False
mol_05226,/home/gwj/work/c1-campaign/URAT1_NLRP3_DualTarget_AIDD_Project/docking_export_20260820/01_phase1_benchmark_URAT1_9DKB/poses/gnina_sdf/mol_05226_out.sdf,9,True,False,1,2.924898025572851,0.8260869565217391,0.6,7,0.6363636363636364,False,True,True,True,True,True,0.757165134,6.3412528038,AROMATIC:PHE241;AROMATIC:PHE365;AROMATIC:PHE449;CONTACT:ARG477;CONTACT:GLN473;CONTACT:MET214;CONTACT:PHE241;CONTACT:PHE365;CONTACT:PHE449;CONTACT:SER35;HBOND:ARG477;HYDROPHOBIC:MET214;HYDROPHOBIC:PHE241;HYDROPHOBIC:PHE365;HYDROPHOBIC:PHE449;POLAR:ARG477,3,0.9166666666666666,1,Cc1cccc(C)c1Cn1cc(Cl)c2ccc(CC(=O)O)cc21,active,True,True,True
mol_05227,/home/gwj/work/c1-campaign/URAT1_NLRP3_DualTarget_AIDD_Project/docking_export_20260820/01_phase1_benchmark_URAT1_9DKB/poses/gnina_sdf/mol_05227_out.sdf,9,False,False,1,13.671369830415674,1.0,0.84,9,0.8181818181818182,False,False,True,True,True,True,0.9065073729,6.9320321083,AROMATIC:PHE241;AROMATIC:PHE360;AROMATIC:PHE364;AROMATIC:PHE365;AROMATIC:PHE449;CONTACT:ARG477;CONTACT:ASP389;CONTACT:LYS393;CONTACT:MET214;CONTACT:PHE241;CONTACT:PHE360;CONTACT:PHE364;CONTACT:PHE365;CONTACT:PHE449;HBOND:LYS393;HYDROPHOBIC:MET214;HYDROPHOBIC:PHE241;HYDROPHOBIC:PHE360;HYDROPHOBIC:PHE364;HYDROPHOBIC:PHE365;HYDROPHOBIC:PHE449;POLAR:ARG477,3,0.88,1,Cc1cccc(C)c1Cn1nc(C(C)C)c2ccc(CC(=O)O)cc21,active,False,True,False
mol_05228,/home/gwj/work/c1-campaign/URAT1_NLRP3_DualTarget_AIDD_Project/docking_export_20260820/01_phase1_benchmark_URAT1_9DKB/poses/gnina_sdf/mol_05228_out.sdf,9,False,False,1,14.255723938825403,1.0,0.76,8,0.7272727272727273,False,False,True,True,True,True,0.8522347808,6.3284721375,AROMATIC:PHE241;AROMATIC:PHE360;AROMATIC:PHE364;AROMATIC:PHE365;AROMATIC:PHE449;CONTACT:ASP389;CONTACT:LYS393;CONTACT:MET214;CONTACT:PHE241;CONTACT:PHE360;CONTACT:PHE364;CONTACT:PHE365;CONTACT:PHE449;HBOND:LYS393;HYDROPHOBIC:MET214;HYDROPHOBIC:PHE241;HYDROPHOBIC:PHE360;HYDROPHOBIC:PHE364;HYDROPHOBIC:PHE365;HYDROPHOBIC:PHE449,7,0.875,1,Cc1cccc(C)c1Cn1nc(C)c2ccc(C(=O)O)cc21,active,False,True,False
mol_05229,/home/gwj/work/c1-campaign/URAT1_NLRP3_DualTarget_AIDD_Project/docking_export_20260820/01_phase1_benchmark_URAT1_9DKB/poses/gnina_sdf/mol_05229_out.sdf,9,False,False,1,13.615365855165253,1.0,0.84,9,0.8181818181818182,False,False,True,True,True,True,0.8479264975,6.5239272118,AROMATIC:PHE241;AROMATIC:PHE360;AROMATIC:PHE364;AROMATIC:PHE365;AROMATIC:PHE449;CONTACT:ARG477;CONTACT:ASP389;CONTACT:LYS393;CONTACT:MET214;CONTACT:PHE241;CONTACT:PHE360;CONTACT:PHE364;CONTACT:PHE365;CONTACT:PHE449;HBOND:LYS393;HYDROPHOBIC:MET214;HYDROPHOBIC:PHE241;HYDROPHOBIC:PHE360;HYDROPHOBIC:PHE364;HYDROPHOBIC:PHE365;HYDROPHOBIC:PHE449;POLAR:ARG477,5,0.875,1,Cc1cccc(C)c1Cn1nc(C)c2ccc(CC(=O)O)cc21,active,False,True,False
mol_05230,/home/gwj/work/c1-campaign/URAT1_NLRP3_DualTarget_AIDD_Project/docking_export_20260820/01_phase1_benchmark_URAT1_9DKB/poses/gnina_sdf/mol_05230_out.sdf,9,False,False,1,14.06773382460729,1.0,0.84,9,0.8181818181818182,False,False,True,True,True,True,0.8349704146,6.764193058,AROMATIC:PHE241;AROMATIC:PHE360;AROMATIC:PHE364;AROMATIC:PHE365;AROMATIC:PHE449;CONTACT:ARG477;CONTACT:ASP389;CONTACT:LYS393;CONTACT:MET214;CONTACT:PHE241;CONTACT:PHE360;CONTACT:PHE364;CONTACT:PHE365;CONTACT:PHE449;HBOND:LYS393;HYDROPHOBIC:MET214;HYDROPHOBIC:PHE241;HYDROPHOBIC:PHE360;HYDROPHOBIC:PHE364;HYDROPHOBIC:PHE365;HYDROPHOBIC:PHE449;POLAR:ARG477,4,0.875,1,Cc1cccc(C)c1Cn1nc(C)c2ccc(CCC(=O)O)cc21,active,False,True,False
mol_05231,/home/gwj/work/c1-campaign/URAT1_NLRP3_DualTarget_AIDD_Project/docking_export_20260820/01_phase1_benchmark_URAT1_9DKB/poses/gnina_sdf/mol_05231_out.sdf,9,False,False,1,14.21015512265788,1.0,0.76,8,0.7272727272727273,False,False,True,True,True,True,0.8363804817,6.3902072906,AROMATIC:PHE241;AROMATIC:PHE360;AROMATIC:PHE364;AROMATIC:PHE365;AROMATIC:PHE449;CONTACT:ASP389;CONTACT:LYS393;CONTACT:MET214;CONTACT:PHE241;CONTACT:PHE360;CONTACT:PHE364;CONTACT:PHE365;CONTACT:PHE449;HBOND:LYS393;HYDROPHOBIC:MET214;HYDROPHOBIC:PHE241;HYDROPHOBIC:PHE360;HYDROPHOBIC:PHE364;HYDROPHOBIC:PHE365;HYDROPHOBIC:PHE449,7,0.875,1,Cc1cccc(C)c1Cn1nc(Cl)c2ccc(C(=O)O)cc21,active,False,True,False
mol_05266,/home/gwj/work/c1-campaign/URAT1_NLRP3_DualTarget_AIDD_Project/docking_export_20260820/01_phase1_benchmark_URAT1_9DKB/poses/gnina_sdf/mol_05266_out.sdf,9,False,False,1,13.706659432917993,1.0,0.84,9,0.8181818181818182,False,False,True,True,True,True,0.90136832,6.8182291985,AROMATIC:PHE241;AROMATIC:PHE360;AROMATIC:PHE364;AROMATIC:PHE365;AROMATIC:PHE449;CONTACT:ARG477;CONTACT:ASP389;CONTACT:LYS393;CONTACT:MET214;CONTACT:PHE241;CONTACT:PHE360;CONTACT:PHE364;CONTACT:PHE365;CONTACT:PHE449;HBOND:LYS393;HYDROPHOBIC:MET214;HYDROPHOBIC:PHE241;HYDROPHOBIC:PHE360;HYDROPHOBIC:PHE364;HYDROPHOBIC:PHE365;HYDROPHOBIC:PHE449;POLAR:ARG477,6,0.875,1,Cc1cccc(Cl)c1Cn1nc(C)c2ccc(CC(=O)O)cc21,active,False,True,False
mol_05269,/home/gwj/work/c1-campaign/URAT1_NLRP3_DualTarget_AIDD_Project/docking_export_20260820/01_phase1_benchmark_URAT1_9DKB/poses/gnina_sdf/mol_05269_out.sdf,9,False,False,1,14.173556745573773,1.0,0.76,8,0.7272727272727273,False,False,True,True,True,True,0.8914229274,6.8602957726,AROMATIC:PHE241;AROMATIC:PHE360;AROMATIC:PHE364;AROMATIC:PHE365;AROMATIC:PHE449;CONTACT:ASP389;CONTACT:LYS393;CONTACT:MET214;CONTACT:PHE241;CONTACT:PHE360;CONTACT:PHE364;CONTACT:PHE365;CONTACT:PHE449;HBOND:LYS393;HYDROPHOBIC:MET214;HYDROPHOBIC:PHE241;HYDROPHOBIC:PHE360;HYDROPHOBIC:PHE364;HYDROPHOBIC:PHE365;HYDROPHOBIC:PHE449,3,0.84,1,Cc1cccc(Cl)c1Cn1nc(Cl)c2ncc(C(=O)O)cc21,active,False,True,False
mol_05482,/home/gwj/work/c1-campaign/URAT1_NLRP3_DualTarget_AIDD_Project/docking_export_20260820/01_phase1_benchmark_URAT1_9DKB/poses/gnina_sdf/mol_05482_out.sdf,9,False,False,1,14.280152737628544,1.0,0.7307692307692307,8,0.7272727272727273,False,False,True,True,True,True,0.7954800129,6.8837685585,AROMATIC:PHE241;AROMATIC:PHE360;AROMATIC:PHE364;AROMATIC:PHE365;AROMATIC:PHE449;CONTACT:ASP389;CONTACT:LYS393;CONTACT:MET214;CONTACT:PHE241;CONTACT:PHE360;CONTACT:PHE364;CONTACT:PHE365;CONTACT:PHE449;HBOND:ASP389;HBOND:LYS393;HYDROPHOBIC:MET214;HYDROPHOBIC:PHE241;HYDROPHOBIC:PHE360;HYDROPHOBIC:PHE364;HYDROPHOBIC:PHE365;HYDROPHOBIC:PHE449,5,0.88,1,Cc1cn(Cc2c(Cl)cccc2Cl)c2cc(CC(=O)O)ccc12,active,False,True,False
mol_05483,/home/gwj/work/c1-campaign/URAT1_NLRP3_DualTarget_AIDD_Project/docking_export_20260820/01_phase1_benchmark_URAT1_9DKB/poses/gnina_sdf/mol_05483_out.sdf,9,False,False,1,11.806810510463862,0.9166666666666666,0.8333333333333334,9,0.8181818181818182,False,False,True,True,True,True,0.8890891671,7.0894412994,AROMATIC:PHE241;AROMATIC:PHE360;AROMATIC:PHE365;AROMATIC:PHE449;CONTACT:ARG477;CONTACT:GLN473;CONTACT:LYS393;CONTACT:MET214;CONTACT:PHE241;CONTACT:PHE360;CONTACT:PHE365;CONTACT:PHE449;CONTACT:SER35;HBOND:LYS393;HYDROPHOBIC:MET214;HYDROPHOBIC:PHE241;HYDROPHOBIC:PHE360;HYDROPHOBIC:PHE365;HYDROPHOBIC:PHE449;POLAR:ARG477,6,0.84,1,Cc1cn(Cc2c(Cl)cccc2Cl)c2cc(CCC(=O)O)ccc12,active,False,True,False
mol_05484,/home/gwj/work/c1-campaign/URAT1_NLRP3_DualTarget_AIDD_Project/docking_export_20260820/01_phase1_benchmark_URAT1_9DKB/poses/gnina_sdf/mol_05484_out.sdf,9,False,False,1,13.634794335815993,1.0,0.84,9,0.8181818181818182,False,False,True,True,True,True,0.8516904712,6.6865773201,AROMATIC:PHE241;AROMATIC:PHE360;AROMATIC:PHE364;AROMATIC:PHE365;AROMATIC:PHE449;CONTACT:ARG477;CONTACT:ASP389;CONTACT:LYS393;CONTACT:MET214;CONTACT:PHE241;CONTACT:PHE360;CONTACT:PHE364;CONTACT:PHE365;CONTACT:PHE449;HBOND:LYS393;HYDROPHOBIC:MET214;HYDROPHOBIC:PHE241;HYDROPHOBIC:PHE360;HYDROPHOBIC:PHE364;HYDROPHOBIC:PHE365;HYDROPHOBIC:PHE449;POLAR:ARG477,2,0.88,1,Cc1cn(Cc2c(F)cccc2Cl)c2cc(CC(=O)O)ccc12,active,False,True,False
mol_05485,/home/gwj/work/c1-campaign/URAT1_NLRP3_DualTarget_AIDD_Project/docking_export_20260820/01_phase1_benchmark_URAT1_9DKB/poses/gnina_sdf/mol_05485_out.sdf,9,True,True,1,2.801663263134949,0.88,0.92,10,0.9090909090909091,False,True,True,True,True,True,0.9352703691,7.0362257957,AROMATIC:PHE241;AROMATIC:PHE360;AROMATIC:PHE364;AROMATIC:PHE365;AROMATIC:PHE449;CONTACT:ARG477;CONTACT:GLN473;CONTACT:LYS393;CONTACT:MET214;CONTACT:PHE241;CONTACT:PHE360;CONTACT:PHE364;CONTACT:PHE365;CONTACT:PHE449;CONTACT:SER35;HBOND:ARG477;HBOND:LYS393;HYDROPHOBIC:MET214;HYDROPHOBIC:PHE241;HYDROPHOBIC:PHE360;HYDROPHOBIC:PHE364;HYDROPHOBIC:PHE365;HYDROPHOBIC:PHE449;POLAR:ARG477,1,0.92,1,Cc1cn(Cc2cc3c(cc2Cl)OCO3)c2cc(CC(=O)O)ccc12,active,True,True,True
mol_05486,/home/gwj/work/c1-campaign/URAT1_NLRP3_DualTarget_AIDD_Project/docking_export_20260820/01_phase1_benchmark_URAT1_9DKB/poses/gnina_sdf/mol_05486_out.sdf,9,False,False,1,13.908355378692331,1.0,0.88,10,0.9090909090909091,False,False,True,True,True,True,0.8814563155,6.8742079735,AROMATIC:PHE241;AROMATIC:PHE360;AROMATIC:PHE364;AROMATIC:PHE365;AROMATIC:PHE449;CONTACT:ARG477;CONTACT:ASP389;CONTACT:LYS393;CONTACT:MET214;CONTACT:PHE241;CONTACT:PHE360;CONTACT:PHE364;CONTACT:PHE365;CONTACT:PHE449;CONTACT:SER35;HBOND:LYS393;HYDROPHOBIC:MET214;HYDROPHOBIC:PHE241;HYDROPHOBIC:PHE360;HYDROPHOBIC:PHE364;HYDROPHOBIC:PHE365;HYDROPHOBIC:PHE449;POLAR:ARG477,1,0.88,1,Cc1cn(Cc2cccc(Cl)c2Cl)c2cc(CC(=O)O)ccc12,active,False,False,False
mol_05488,/home/gwj/work/c1-campaign/URAT1_NLRP3_DualTarget_AIDD_Project/docking_export_20260820/01_phase1_benchmark_URAT1_9DKB/poses/gnina_sdf/mol_05488_out.sdf,9,False,False,1,14.099711628611407,1.0,0.84,9,0.8181818181818182,False,False,True,True,True,True,0.8650287986,6.5506854057,AROMATIC:PHE241;AROMATIC:PHE360;AROMATIC:PHE364;AROMATIC:PHE365;AROMATIC:PHE449;CONTACT:ARG477;CONTACT:ASP389;CONTACT:LYS393;CONTACT:MET214;CONTACT:PHE241;CONTACT:PHE360;CONTACT:PHE364;CONTACT:PHE365;CONTACT:PHE449;HBOND:LYS393;HYDROPHOBIC:MET214;HYDROPHOBIC:PHE241;HYDROPHOBIC:PHE360;HYDROPHOBIC:PHE364;HYDROPHOBIC:PHE365;HYDROPHOBIC:PHE449;POLAR:ARG477,4,0.88,1,Cc1cn(Cc2ccccc2Cl)c2cc(CC(=O)O)ccc12,active,False,True,False
mol_05920,/home/gwj/work/c1-campaign/URAT1_NLRP3_DualTarget_AIDD_Project/docking_export_20260820/01_phase1_benchmark_URAT1_9DKB/poses/gnina_sdf/mol_05920_out.sdf,9,False,False,1,13.624040951934926,1.0,0.84,9,0.8181818181818182,False,False,True,True,True,True,0.8172524571,6.6060767174,AROMATIC:PHE241;AROMATIC:PHE360;AROMATIC:PHE364;AROMATIC:PHE365;AROMATIC:PHE449;CONTACT:ARG477;CONTACT:ASP389;CONTACT:LYS393;CONTACT:MET214;CONTACT:PHE241;CONTACT:PHE360;CONTACT:PHE364;CONTACT:PHE365;CONTACT:PHE449;HBOND:LYS393;HYDROPHOBIC:MET214;HYDROPHOBIC:PHE241;HYDROPHOBIC:PHE360;HYDROPHOBIC:PHE364;HYDROPHOBIC:PHE365;HYDROPHOBIC:PHE449;POLAR:ARG477,1,0.84,1,Cc1nn(Cc2c(Cl)cccc2C#N)c2cc(CC(=O)O)ccc12,active,False,True,False
mol_05921,/home/gwj/work/c1-campaign/URAT1_NLRP3_DualTarget_AIDD_Project/docking_export_20260820/01_phase1_benchmark_URAT1_9DKB/poses/gnina_sdf/mol_05921_out.sdf,9,False,False,1,13.702553564208392,1.0,0.8076923076923077,9,0.8181818181818182,False,False,True,True,True,True,0.8587834835,7.040667057,AROMATIC:PHE241;AROMATIC:PHE360;AROMATIC:PHE364;AROMATIC:PHE365;AROMATIC:PHE449;CONTACT:ARG477;CONTACT:ASP389;CONTACT:LYS393;CONTACT:MET214;CONTACT:PHE241;CONTACT:PHE360;CONTACT:PHE364;CONTACT:PHE365;CONTACT:PHE449;HBOND:ASP389;HBOND:LYS393;HYDROPHOBIC:MET214;HYDROPHOBIC:PHE241;HYDROPHOBIC:PHE360;HYDROPHOBIC:PHE364;HYDROPHOBIC:PHE365;HYDROPHOBIC:PHE449;POLAR:ARG477,3,0.92,1,Cc1nn(Cc2c(Cl)cccc2C#N)c2cc(CCC(=O)O)ccc12,active,False,True,False
mol_05923,/home/gwj/work/c1-campaign/URAT1_NLRP3_DualTarget_AIDD_Project/docking_export_20260820/01_phase1_benchmark_URAT1_9DKB/poses/gnina_sdf/mol_05923_out.sdf,9,True,False,1,2.7720812920980427,0.9230769230769231,0.8461538461538461,10,0.9090909090909091,False,True,True,True,True,True,0.8416927457,6.9879479408,AROMATIC:PHE241;AROMATIC:PHE360;AROMATIC:PHE364;AROMATIC:PHE365;AROMATIC:PHE449;CONTACT:ARG477;CONTACT:GLN473;CONTACT:LYS393;CONTACT:MET214;CONTACT:PHE241;CONTACT:PHE360;CONTACT:PHE364;CONTACT:PHE365;CONTACT:PHE449;CONTACT:SER35;HBOND:ARG477;HBOND:GLN473;HYDROPHOBIC:MET214;HYDROPHOBIC:PHE241;HYDROPHOBIC:PHE360;HYDROPHOBIC:PHE364;HYDROPHOBIC:PHE365;HYDROPHOBIC:PHE449;POLAR:ARG477,8,0.9583333333333334,1,Cc1nn(Cc2c(Cl)cccc2C2CC2)c2cc(CCC(=O)O)ccc12,active,True,True,True
mol_05926,/home/gwj/work/c1-campaign/URAT1_NLRP3_DualTarget_AIDD_Project/docking_export_20260820/01_phase1_benchmark_URAT1_9DKB/poses/gnina_sdf/mol_05926_out.sdf,9,False,False,1,12.38925722107665,0.8846153846153846,0.9166666666666666,9,0.8181818181818182,False,False,True,True,True,True,0.8724719286,7.0085930824,AROMATIC:PHE241;AROMATIC:PHE360;AROMATIC:PHE364;AROMATIC:PHE365;AROMATIC:PHE449;CONTACT:ARG477;CONTACT:GLN473;CONTACT:LYS393;CONTACT:MET214;CONTACT:PHE241;CONTACT:PHE360;CONTACT:PHE364;CONTACT:PHE365;CONTACT:PHE449;HBOND:LYS393;HYDROPHOBIC:MET214;HYDROPHOBIC:PHE241;HYDROPHOBIC:PHE360;HYDROPHOBIC:PHE364;HYDROPHOBIC:PHE365;HYDROPHOBIC:PHE449;POLAR:ARG477,6,0.9583333333333334,1,Cc1nn(Cc2c(Cl)cccc2Cl)c2cc(C(=O)CCC(=O)O)ccc12,active,False,True,False
mol_05927,/home/gwj/work/c1-campaign/URAT1_NLRP3_DualTarget_AIDD_Project/docking_export_20260820/01_phase1_benchmark_URAT1_9DKB/poses/gnina_sdf/mol_05927_out.sdf,9,False,False,1,13.429744541874202,1.0,0.76,8,0.7272727272727273,False,False,True,True,True,True,0.8584977388,6.7197470665,AROMATIC:PHE241;AROMATIC:PHE360;AROMATIC:PHE364;AROMATIC:PHE365;AROMATIC:PHE449;CONTACT:ASP389;CONTACT:LYS393;CONTACT:MET214;CONTACT:PHE241;CONTACT:PHE360;CONTACT:PHE364;CONTACT:PHE365;CONTACT:PHE449;HBOND:LYS393;HYDROPHOBIC:MET214;HYDROPHOBIC:PHE241;HYDROPHOBIC:PHE360;HYDROPHOBIC:PHE364;HYDROPHOBIC:PHE365;HYDROPHOBIC:PHE449,8,0.9166666666666666,1,Cc1nn(Cc2c(Cl)cccc2Cl)c2cc(C(=O)O)ccc12,active,False,True,False
mol_05928,/home/gwj/work/c1-campaign/URAT1_NLRP3_DualTarget_AIDD_Project/docking_export_20260820/01_phase1_benchmark_URAT1_9DKB/poses/gnina_sdf/mol_05928_out.sdf,9,False,False,1,14.17147294073555,1.0,0.76,8,0.7272727272727273,False,False,True,True,True,True,0.9200856686,6.9537787437,AROMATIC:PHE241;AROMATIC:PHE360;AROMATIC:PHE364;AROMATIC:PHE365;AROMATIC:PHE449;CONTACT:ASP389;CONTACT:LYS393;CONTACT:MET214;CONTACT:PHE241;CONTACT:PHE360;CONTACT:PHE364;CONTACT:PHE365;CONTACT:PHE449;HBOND:LYS393;HYDROPHOBIC:MET214;HYDROPHOBIC:PHE241;HYDROPHOBIC:PHE360;HYDROPHOBIC:PHE364;HYDROPHOBIC:PHE365;HYDROPHOBIC:PHE449,2,0.84,1,Cc1nn(Cc2c(Cl)cccc2Cl)c2cc(C(=O)O)cnc12,active,False,True,False
mol_05929,/home/gwj/work/c1-campaign/URAT1_NLRP3_DualTarget_AIDD_Project/docking_export_20260820/01_phase1_benchmark_URAT1_9DKB/poses/gnina_sdf/mol_05929_out.sdf,9,True,True,1,3.122143444814791,0.96,0.72,8,0.7272727272727273,False,True,True,True,True,True,0.7790365815,6.9881339073,AROMATIC:PHE241;AROMATIC:PHE360;AROMATIC:PHE365;AROMATIC:PHE449;CONTACT:ARG477;CONTACT:GLN473;CONTACT:MET214;CONTACT:PHE241;CONTACT:PHE360;CONTACT:PHE365;CONTACT:PHE449;CONTACT:SER35;HBOND:ARG477;HYDROPHOBIC:MET214;HYDROPHOBIC:PHE241;HYDROPHOBIC:PHE360;HYDROPHOBIC:PHE365;HYDROPHOBIC:PHE449;POLAR:ARG477,3,0.8,1,Cc1nn(Cc2c(Cl)cccc2Cl)c2cc(C(C)(C)C(=O)O)ccc12,active,True,True,True
mol_05930,/home/gwj/work/c1-campaign/URAT1_NLRP3_DualTarget_AIDD_Project/docking_export_20260820/01_phase1_benchmark_URAT1_9DKB/poses/gnina_sdf/mol_05930_out.sdf,9,False,False,1,14.244414929718944,0.9583333333333334,0.88,10,0.9090909090909091,False,False,True,True,True,True,0.9034490585,7.3398933411,AROMATIC:PHE241;AROMATIC:PHE360;AROMATIC:PHE364;AROMATIC:PHE365;AROMATIC:PHE449;CONTACT:ARG477;CONTACT:ASP389;CONTACT:GLN473;CONTACT:LYS393;CONTACT:MET214;CONTACT:PHE241;CONTACT:PHE360;CONTACT:PHE364;CONTACT:PHE365;CONTACT:PHE449;HBOND:LYS393;HYDROPHOBIC:MET214;HYDROPHOBIC:PHE241;HYDROPHOBIC:PHE360;HYDROPHOBIC:PHE364;HYDROPHOBIC:PHE365;HYDROPHOBIC:PHE449;POLAR:ARG477,5,0.9166666666666666,1,Cc1nn(Cc2c(Cl)cccc2Cl)c2cc(C(C)C(=O)O)ccc12,active,False,True,False
mol_05931,/home/gwj/work/c1-campaign/URAT1_NLRP3_DualTarget_AIDD_Project/docking_export_20260820/01_phase1_benchmark_URAT1_9DKB/poses/gnina_sdf/mol_05931_out.sdf,9,True,False,1,2.959669025414826,0.96,0.72,8,0.7272727272727273,False,True,True,True,True,True,0.8321698904,6.9616341591,AROMATIC:PHE241;AROMATIC:PHE360;AROMATIC:PHE365;AROMATIC:PHE449;CONTACT:ARG477;CONTACT:GLN473;CONTACT:MET214;CONTACT:PHE241;CONTACT:PHE360;CONTACT:PHE365;CONTACT:PHE449;CONTACT:SER35;HBOND:ARG477;HYDROPHOBIC:MET214;HYDROPHOBIC:PHE241;HYDROPHOBIC:PHE360;HYDROPHOBIC:PHE365;HYDROPHOBIC:PHE449;POLAR:ARG477,7,0.88,1,Cc1nn(Cc2c(Cl)cccc2Cl)c2cc(C(F)(F)C(=O)O)ccc12,active,True,True,True
mol_05932,/home/gwj/work/c1-campaign/URAT1_NLRP3_DualTarget_AIDD_Project/docking_export_20260820/01_phase1_benchmark_URAT1_9DKB/poses/gnina_sdf/mol_05932_out.sdf,9,True,False,1,3.197578349313736,0.7916666666666666,0.6538461538461539,7,0.6363636363636364,False,True,True,True,True,True,0.8470137119,6.6367096901,AROMATIC:PHE241;AROMATIC:PHE360;AROMATIC:PHE365;AROMATIC:PHE449;CONTACT:ARG477;CONTACT:GLN473;CONTACT:MET214;CONTACT:PHE241;CONTACT:PHE360;CONTACT:PHE365;CONTACT:PHE449;HBOND:ARG477;HBOND:GLN473;HYDROPHOBIC:MET214;HYDROPHOBIC:PHE241;HYDROPHOBIC:PHE360;HYDROPHOBIC:PHE365;HYDROPHOBIC:PHE449;POLAR:ARG477,6,0.875,1,Cc1nn(Cc2c(Cl)cccc2Cl)c2cc(C(O)C(=O)O)ccc12,active,True,True,True
mol_05933,/home/gwj/work/c1-campaign/URAT1_NLRP3_DualTarget_AIDD_Project/docking_export_20260820/01_phase1_benchmark_URAT1_9DKB/poses/gnina_sdf/mol_05933_out.sdf,9,False,False,1,13.627964401920044,1.0,0.84,9,0.8181818181818182,False,False,True,True,True,True,0.8990330696,6.9339880943,AROMATIC:PHE241;AROMATIC:PHE360;AROMATIC:PHE364;AROMATIC:PHE365;AROMATIC:PHE449;CONTACT:ARG477;CONTACT:ASP389;CONTACT:LYS393;CONTACT:MET214;CONTACT:PHE241;CONTACT:PHE360;CONTACT:PHE364;CONTACT:PHE365;CONTACT:PHE449;HBOND:LYS393;HYDROPHOBIC:MET214;HYDROPHOBIC:PHE241;HYDROPHOBIC:PHE360;HYDROPHOBIC:PHE364;HYDROPHOBIC:PHE365;HYDROPHOBIC:PHE449;POLAR:ARG477,5,0.875,1,Cc1nn(Cc2c(Cl)cccc2Cl)c2cc(CC(=O)O)ccc12,active,False,True,False
mol_05934,/home/gwj/work/c1-campaign/URAT1_NLRP3_DualTarget_AIDD_Project/docking_export_20260820/01_phase1_benchmark_URAT1_9DKB/poses/gnina_sdf/mol_05934_out.sdf,9,False,False,1,13.941244740337922,1.0,0.84,9,0.8181818181818182,False,False,True,True,True,True,0.8409985304,7.0810933113,AROMATIC:PHE241;AROMATIC:PHE360;AROMATIC:PHE364;AROMATIC:PHE365;AROMATIC:PHE449;CONTACT:ARG477;CONTACT:ASP389;CONTACT:LYS393;CONTACT:MET214;CONTACT:PHE241;CONTACT:PHE360;CONTACT:PHE364;CONTACT:PHE365;CONTACT:PHE449;HBOND:LYS393;HYDROPHOBIC:MET214;HYDROPHOBIC:PHE241;HYDROPHOBIC:PHE360;HYDROPHOBIC:PHE364;HYDROPHOBIC:PHE365;HYDROPHOBIC:PHE449;POLAR:ARG477,5,0.92,1,Cc1nn(Cc2c(Cl)cccc2Cl)c2cc(CCC(=O)O)ccc12,active,False,True,False
mol_05936,/home/gwj/work/c1-campaign/URAT1_NLRP3_DualTarget_AIDD_Project/docking_export_20260820/01_phase1_benchmark_URAT1_9DKB/poses/gnina_sdf/mol_05936_out.sdf,9,False,False,1,12.67753650556763,0.92,0.88,10,0.9090909090909091,False,False,True,True,True,True,0.8951647282,7.1710057259,AROMATIC:PHE241;AROMATIC:PHE360;AROMATIC:PHE364;AROMATIC:PHE365;AROMATIC:PHE449;CONTACT:ARG477;CONTACT:ASP389;CONTACT:GLN473;CONTACT:LYS393;CONTACT:MET214;CONTACT:PHE241;CONTACT:PHE360;CONTACT:PHE364;CONTACT:PHE365;CONTACT:PHE449;HBOND:LYS393;HYDROPHOBIC:MET214;HYDROPHOBIC:PHE241;HYDROPHOBIC:PHE360;HYDROPHOBIC:PHE364;HYDROPHOBIC:PHE365;HYDROPHOBIC:PHE449;POLAR:ARG477,8,0.92,1,Cc1nn(Cc2c(Cl)cccc2Cl)c2cc(CCCC(=O)O)ccc12,active,False,True,False
mol_05942,/home/gwj/work/c1-campaign/URAT1_NLRP3_DualTarget_AIDD_Project/docking_export_20260820/01_phase1_benchmark_URAT1_9DKB/poses/gnina_sdf/mol_05942_out.sdf,9,False,False,1,13.976016665702712,1.0,0.84,9,0.8181818181818182,False,False,True,True,True,True,0.9202874899,7.2716317177,AROMATIC:PHE241;AROMATIC:PHE360;AROMATIC:PHE364;AROMATIC:PHE365;AROMATIC:PHE449;CONTACT:ARG477;CONTACT:ASP389;CONTACT:LYS393;CONTACT:MET214;CONTACT:PHE241;CONTACT:PHE360;CONTACT:PHE364;CONTACT:PHE365;CONTACT:PHE449;HBOND:LYS393;HYDROPHOBIC:MET214;HYDROPHOBIC:PHE241;HYDROPHOBIC:PHE360;HYDROPHOBIC:PHE364;HYDROPHOBIC:PHE365;HYDROPHOBIC:PHE449;POLAR:ARG477,7,0.88,1,Cc1nn(Cc2c(Cl)cccc2Cl)c2cc(OCC(=O)O)ccc12,active,False,True,False
mol_05943,/home/gwj/work/c1-campaign/URAT1_NLRP3_DualTarget_AIDD_Project/docking_export_20260820/01_phase1_benchmark_URAT1_9DKB/poses/gnina_sdf/mol_05943_out.sdf,9,True,False,1,2.889165652917798,0.8846153846153846,0.84,9,0.8181818181818182,False,True,True,True,True,True,0.8689902425,7.4201869965,AROMATIC:PHE241;AROMATIC:PHE360;AROMATIC:PHE364;AROMATIC:PHE365;AROMATIC:PHE449;CONTACT:ARG477;CONTACT:GLN473;CONTACT:LYS393;CONTACT:MET214;CONTACT:PHE241;CONTACT:PHE360;CONTACT:PHE364;CONTACT:PHE365;CONTACT:PHE449;HBOND:ARG477;HYDROPHOBIC:MET214;HYDROPHOBIC:PHE241;HYDROPHOBIC:PHE360;HYDROPHOBIC:PHE364;HYDROPHOBIC:PHE365;HYDROPHOBIC:PHE449;POLAR:ARG477,7,0.9583333333333334,1,Cc1nn(Cc2c(Cl)cccc2Cl)c2cc(SC(C)(C)C(=O)O)ccc12,active,True,True,True
mol_05945,/home/gwj/work/c1-campaign/URAT1_NLRP3_DualTarget_AIDD_Project/docking_export_20260820/01_phase1_benchmark_URAT1_9DKB/poses/gnina_sdf/mol_05945_out.sdf,9,False,False,1,13.640720138247833,1.0,0.84,9,0.8181818181818182,False,False,True,True,True,True,0.8822846413,6.7814068794,AROMATIC:PHE241;AROMATIC:PHE360;AROMATIC:PHE364;AROMATIC:PHE365;AROMATIC:PHE449;CONTACT:ARG477;CONTACT:ASP389;CONTACT:LYS393;CONTACT:MET214;CONTACT:PHE241;CONTACT:PHE360;CONTACT:PHE364;CONTACT:PHE365;CONTACT:PHE449;HBOND:LYS393;HYDROPHOBIC:MET214;HYDROPHOBIC:PHE241;HYDROPHOBIC:PHE360;HYDROPHOBIC:PHE364;HYDROPHOBIC:PHE365;HYDROPHOBIC:PHE449;POLAR:ARG477,4,0.88,1,Cc1nn(Cc2c(F)cccc2Cl)c2cc(CC(=O)O)ccc12,active,False,False,False
mol_05948,/home/gwj/work/c1-campaign/URAT1_NLRP3_DualTarget_AIDD_Project/docking_export_20260820/01_phase1_benchmark_URAT1_9DKB/poses/gnina_sdf/mol_05948_out.sdf,9,False,False,1,11.170402670450152,1.0,0.75,7,0.6363636363636364,False,False,True,True,True,True,0.7836347222,6.7462673187,AROMATIC:PHE241;AROMATIC:PHE360;AROMATIC:PHE365;AROMATIC:PHE449;CONTACT:ARG477;CONTACT:LYS393;CONTACT:MET214;CONTACT:PHE241;CONTACT:PHE360;CONTACT:PHE365;CONTACT:PHE449;HBOND:LYS393;HYDROPHOBIC:MET214;HYDROPHOBIC:PHE241;HYDROPHOBIC:PHE360;HYDROPHOBIC:PHE365;HYDROPHOBIC:PHE449;POLAR:ARG477,8,0.875,1,Cc1nn(Cc2cccc(Cl)c2Cl)c2cc(C(=O)O)ccc12,active,False,True,False
mol_05949,/home/gwj/work/c1-campaign/URAT1_NLRP3_DualTarget_AIDD_Project/docking_export_20260820/01_phase1_benchmark_URAT1_9DKB/poses/gnina_sdf/mol_05949_out.sdf,9,False,False,1,13.922021126618064,1.0,0.88,10,0.9090909090909091,False,False,True,True,True,True,0.9058297276,7.1036987305,AROMATIC:PHE241;AROMATIC:PHE360;AROMATIC:PHE364;AROMATIC:PHE365;AROMATIC:PHE449;CONTACT:ARG477;CONTACT:ASP389;CONTACT:LYS393;CONTACT:MET214;CONTACT:PHE241;CONTACT:PHE360;CONTACT:PHE364;CONTACT:PHE365;CONTACT:PHE449;CONTACT:SER35;HBOND:LYS393;HYDROPHOBIC:MET214;HYDROPHOBIC:PHE241;HYDROPHOBIC:PHE360;HYDROPHOBIC:PHE364;HYDROPHOBIC:PHE365;HYDROPHOBIC:PHE449;POLAR:ARG477,1,0.88,1,Cc1nn(Cc2cccc(Cl)c2Cl)c2cc(CC(=O)O)ccc12,active,False,False,False
mol_05950,/home/gwj/work/c1-campaign/URAT1_NLRP3_DualTarget_AIDD_Project/docking_export_20260820/01_phase1_benchmark_URAT1_9DKB/poses/gnina_sdf/mol_05950_out.sdf,9,False,False,1,13.690984926585811,1.0,0.88,10,0.9090909090909091,False,False,True,True,True,True,0.8689555526,6.5899672508,AROMATIC:PHE241;AROMATIC:PHE360;AROMATIC:PHE364;AROMATIC:PHE365;AROMATIC:PHE449;CONTACT:ARG477;CONTACT:ASP389;CONTACT:LYS393;CONTACT:MET214;CONTACT:PHE241;CONTACT:PHE360;CONTACT:PHE364;CONTACT:PHE365;CONTACT:PHE449;CONTACT:SER35;HBOND:LYS393;HYDROPHOBIC:MET214;HYDROPHOBIC:PHE241;HYDROPHOBIC:PHE360;HYDROPHOBIC:PHE364;HYDROPHOBIC:PHE365;HYDROPHOBIC:PHE449;POLAR:ARG477,1,0.88,1,Cc1nn(Cc2cccc3ccccc23)c2cc(CC(=O)O)ccc12,active,False,True,False
mol_05951,/home/gwj/work/c1-campaign/URAT1_NLRP3_DualTarget_AIDD_Project/docking_export_20260820/01_phase1_benchmark_URAT1_9DKB/poses/gnina_sdf/mol_05951_out.sdf,9,False,False,1,13.7349942122303,1.0,0.88,10,0.9090909090909091,False,False,True,True,True,True,0.8918090463,6.7275080681,AROMATIC:PHE241;AROMATIC:PHE360;AROMATIC:PHE364;AROMATIC:PHE365;AROMATIC:PHE449;CONTACT:ARG477;CONTACT:ASP389;CONTACT:LYS393;CONTACT:MET214;CONTACT:PHE241;CONTACT:PHE360;CONTACT:PHE364;CONTACT:PHE365;CONTACT:PHE449;CONTACT:SER35;HBOND:LYS393;HYDROPHOBIC:MET214;HYDROPHOBIC:PHE241;HYDROPHOBIC:PHE360;HYDROPHOBIC:PHE364;HYDROPHOBIC:PHE365;HYDROPHOBIC:PHE449;POLAR:ARG477,1,0.88,1,Cc1nn(Cc2cccc3cccnc23)c2cc(CC(=O)O)ccc12,active,False,True,False
mol_05957,/home/gwj/work/c1-campaign/URAT1_NLRP3_DualTarget_AIDD_Project/docking_export_20260820/01_phase1_benchmark_URAT1_9DKB/poses/gnina_sdf/mol_05957_out.sdf,9,False,False,1,13.517900679469427,1.0,0.84,9,0.8181818181818182,False,False,True,True,True,True,0.9126291871,7.244246006,AROMATIC:PHE241;AROMATIC:PHE360;AROMATIC:PHE364;AROMATIC:PHE365;AROMATIC:PHE449;CONTACT:ARG477;CONTACT:ASP389;CONTACT:LYS393;CONTACT:MET214;CONTACT:PHE241;CONTACT:PHE360;CONTACT:PHE364;CONTACT:PHE365;CONTACT:PHE449;HBOND:LYS393;HYDROPHOBIC:MET214;HYDROPHOBIC:PHE241;HYDROPHOBIC:PHE360;HYDROPHOBIC:PHE364;HYDROPHOBIC:PHE365;HYDROPHOBIC:PHE449;POLAR:ARG477,1,0.84,1,Cc1nn(Cc2csc3ccc(Cl)cc23)c2cc(CC(=O)O)ccc12,active,False,True,False
mol_05958,/home/gwj/work/c1-campaign/URAT1_NLRP3_DualTarget_AIDD_Project/docking_export_20260820/01_phase1_benchmark_URAT1_9DKB/poses/gnina_sdf/mol_05958_out.sdf,9,False,False,1,13.864115437343987,1.0,0.84,9,0.8181818181818182,False,False,True,True,True,True,0.8907086849,7.3398404121,AROMATIC:PHE241;AROMATIC:PHE360;AROMATIC:PHE364;AROMATIC:PHE365;AROMATIC:PHE449;CONTACT:ARG477;CONTACT:ASP389;CONTACT:LYS393;CONTACT:MET214;CONTACT:PHE241;CONTACT:PHE360;CONTACT:PHE364;CONTACT:PHE365;CONTACT:PHE449;HBOND:LYS393;HYDROPHOBIC:MET214;HYDROPHOBIC:PHE241;HYDROPHOBIC:PHE360;HYDROPHOBIC:PHE364;HYDROPHOBIC:PHE365;HYDROPHOBIC:PHE449;POLAR:ARG477,1,0.84,1,Cc1nn(Cc2csc3ccc(Cl)cc23)c2cc(CCC(=O)O)ccc12,active,False,True,False
mol_06282,/home/gwj/work/c1-campaign/URAT1_NLRP3_DualTarget_AIDD_Project/docking_export_20260820/01_phase1_benchmark_URAT1_9DKB/poses/gnina_sdf/mol_06282_out.sdf,9,False,False,1,14.117986570683511,0.9615384615384616,0.88,10,0.9090909090909091,False,False,True,True,True,True,0.7881826162,6.7570252419,AROMATIC:PHE241;AROMATIC:PHE360;AROMATIC:PHE364;AROMATIC:PHE365;AROMATIC:PHE449;CONTACT:ARG477;CONTACT:ASP389;CONTACT:GLN473;CONTACT:LYS393;CONTACT:MET214;CONTACT:PHE241;CONTACT:PHE360;CONTACT:PHE364;CONTACT:PHE365;CONTACT:PHE449;HBOND:LYS393;HYDROPHOBIC:MET214;HYDROPHOBIC:PHE241;HYDROPHOBIC:PHE360;HYDROPHOBIC:PHE364;HYDROPHOBIC:PHE365;HYDROPHOBIC:PHE449;POLAR:ARG477,1,0.88,1,Cn1c(C(F)(F)F)cc2c(-c3ccc(C(=O)O)c(O)c3)cc(C#N)cc21,active,False,False,False
mol_06643,/home/gwj/work/c1-campaign/URAT1_NLRP3_DualTarget_AIDD_Project/docking_export_20260820/01_phase1_benchmark_URAT1_9DKB/poses/gnina_sdf/mol_06643_out.sdf,9,True,False,1,3.027000305583061,0.9545454545454546,0.8148148148148148,10,0.9090909090909091,False,True,True,True,True,True,0.939913094,7.1936435699,AROMATIC:PHE241;AROMATIC:PHE360;AROMATIC:PHE364;AROMATIC:PHE365;AROMATIC:PHE449;CONTACT:ARG477;CONTACT:ASP389;CONTACT:GLN473;CONTACT:LYS393;CONTACT:MET214;CONTACT:PHE241;CONTACT:PHE360;CONTACT:PHE364;CONTACT:PHE365;CONTACT:PHE449;HBOND:ARG477;HBOND:GLN473;HBOND:LYS393;HYDROPHOBIC:MET214;HYDROPHOBIC:PHE241;HYDROPHOBIC:PHE360;HYDROPHOBIC:PHE364;HYDROPHOBIC:PHE365;HYDROPHOBIC:PHE449;POLAR:ARG477,8,0.88,1,N#CCOc1ccc2nccc(SC3(C(=O)O)CCC3)c2c1,active,True,True,True
mol_06678,/home/gwj/work/c1-campaign/URAT1_NLRP3_DualTarget_AIDD_Project/docking_export_20260820/01_phase1_benchmark_URAT1_9DKB/poses/gnina_sdf/mol_06678_out.sdf,9,False,False,1,14.571826988747842,0.96,0.8076923076923077,10,0.9090909090909091,False,False,True,True,True,True,0.8195260167,6.6495509148,AROMATIC:PHE241;AROMATIC:PHE360;AROMATIC:PHE364;AROMATIC:PHE365;AROMATIC:PHE449;CONTACT:ASP389;CONTACT:GLN473;CONTACT:LYS393;CONTACT:MET214;CONTACT:PHE241;CONTACT:PHE360;CONTACT:PHE364;CONTACT:PHE365;CONTACT:PHE449;CONTACT:SER35;HBOND:ASP389;HBOND:LYS393;HYDROPHOBIC:MET214;HYDROPHOBIC:PHE241;HYDROPHOBIC:PHE360;HYDROPHOBIC:PHE364;HYDROPHOBIC:PHE365;HYDROPHOBIC:PHE449,3,0.8846153846153846,1,N#Cc1cc(-c2ccc(C(=O)O)c(O)c2)c2cc(C(F)(F)F)oc2c1,active,False,True,False
mol_06679,/home/gwj/work/c1-campaign/URAT1_NLRP3_DualTarget_AIDD_Project/docking_export_20260820/01_phase1_benchmark_URAT1_9DKB/poses/gnina_sdf/mol_06679_out.sdf,9,False,True,1,14.511065595951244,0.9545454545454546,0.8076923076923077,10,0.9090909090909091,False,False,True,True,True,True,0.8014631271,6.2640490532,AROMATIC:PHE241;AROMATIC:PHE360;AROMATIC:PHE364;AROMATIC:PHE365;AROMATIC:PHE449;CONTACT:ASP389;CONTACT:GLN473;CONTACT:LYS393;CONTACT:MET214;CONTACT:PHE241;CONTACT:PHE360;CONTACT:PHE364;CONTACT:PHE365;CONTACT:PHE449;CONTACT:SER35;HBOND:ASP389;HBOND:LYS393;HYDROPHOBIC:MET214;HYDROPHOBIC:PHE241;HYDROPHOBIC:PHE360;HYDROPHOBIC:PHE364;HYDROPHOBIC:PHE365;HYDROPHOBIC:PHE449,7,0.8461538461538461,1,N#Cc1cc(-c2ccc(C(=O)O)c(O)c2)c2cc(Cl)oc2c1,active,False,True,False
mol_06680,/home/gwj/work/c1-campaign/URAT1_NLRP3_DualTarget_AIDD_Project/docking_export_20260820/01_phase1_benchmark_URAT1_9DKB/poses/gnina_sdf/mol_06680_out.sdf,9,False,False,1,14.538801097064354,0.9545454545454546,0.8076923076923077,10,0.9090909090909091,False,False,True,True,True,True,0.813182652,6.447368145,AROMATIC:PHE241;AROMATIC:PHE360;AROMATIC:PHE364;AROMATIC:PHE365;AROMATIC:PHE449;CONTACT:ASP389;CONTACT:GLN473;CONTACT:LYS393;CONTACT:MET214;CONTACT:PHE241;CONTACT:PHE360;CONTACT:PHE364;CONTACT:PHE365;CONTACT:PHE449;CONTACT:SER35;HBOND:ASP389;HBOND:LYS393;HYDROPHOBIC:MET214;HYDROPHOBIC:PHE241;HYDROPHOBIC:PHE360;HYDROPHOBIC:PHE364;HYDROPHOBIC:PHE365;HYDROPHOBIC:PHE449,4,0.9166666666666666,1,N#Cc1cc(-c2ccc(C(=O)O)c(O)c2)c2cc(Cl)sc2c1,active,False,True,False
mol_06681,/home/gwj/work/c1-campaign/URAT1_NLRP3_DualTarget_AIDD_Project/docking_export_20260820/01_phase1_benchmark_URAT1_9DKB/poses/gnina_sdf/mol_06681_out.sdf,9,False,False,1,14.366681721956533,0.9545454545454546,0.84,10,0.9090909090909091,False,False,True,True,True,True,0.6851943731,5.9428687096,AROMATIC:PHE241;AROMATIC:PHE360;AROMATIC:PHE364;AROMATIC:PHE365;AROMATIC:PHE449;CONTACT:ASP389;CONTACT:GLN473;CONTACT:LYS393;CONTACT:MET214;CONTACT:PHE241;CONTACT:PHE360;CONTACT:PHE364;CONTACT:PHE365;CONTACT:PHE449;CONTACT:SER35;HBOND:LYS393;HYDROPHOBIC:MET214;HYDROPHOBIC:PHE241;HYDROPHOBIC:PHE360;HYDROPHOBIC:PHE364;HYDROPHOBIC:PHE365;HYDROPHOBIC:PHE449,2,0.92,1,N#Cc1cc(-c2ccc(C(=O)O)c(O)c2)c2cc(F)oc2c1,active,False,True,False
mol_06682,/home/gwj/work/c1-campaign/URAT1_NLRP3_DualTarget_AIDD_Project/docking_export_20260820/01_phase1_benchmark_URAT1_9DKB/poses/gnina_sdf/mol_06682_out.sdf,9,False,False,1,12.446149649188692,1.0,0.6538461538461539,8,0.7272727272727273,False,False,True,True,True,True,0.7856774926,5.6866970062,AROMATIC:PHE241;AROMATIC:PHE360;AROMATIC:PHE364;AROMATIC:PHE449;CONTACT:ASP389;CONTACT:GLN473;CONTACT:LYS393;CONTACT:MET214;CONTACT:PHE241;CONTACT:PHE360;CONTACT:PHE364;CONTACT:PHE449;HBOND:GLN473;HBOND:LYS393;HYDROPHOBIC:MET214;HYDROPHOBIC:PHE241;HYDROPHOBIC:PHE360;HYDROPHOBIC:PHE364;HYDROPHOBIC:PHE449,5,0.9166666666666666,1,N#Cc1cc(-c2ccc(C(=O)O)c(O)c2)c2cc(F)sc2c1,active,False,True,False
mol_06683,/home/gwj/work/c1-campaign/URAT1_NLRP3_DualTarget_AIDD_Project/docking_export_20260820/01_phase1_benchmark_URAT1_9DKB/poses/gnina_sdf/mol_06683_out.sdf,9,False,False,1,13.674577411752074,1.0,0.8461538461538461,10,0.9090909090909091,False,False,True,True,True,True,0.7533329129,6.1548047066,AROMATIC:PHE241;AROMATIC:PHE360;AROMATIC:PHE364;AROMATIC:PHE365;AROMATIC:PHE449;CONTACT:ARG477;CONTACT:ASP389;CONTACT:LYS393;CONTACT:MET214;CONTACT:PHE241;CONTACT:PHE360;CONTACT:PHE364;CONTACT:PHE365;CONTACT:PHE449;CONTACT:SER35;HBOND:LYS393;HBOND:SER35;HYDROPHOBIC:MET214;HYDROPHOBIC:PHE241;HYDROPHOBIC:PHE360;HYDROPHOBIC:PHE364;HYDROPHOBIC:PHE365;HYDROPHOBIC:PHE449;POLAR:ARG477,5,0.88,1,N#Cc1cc(-c2ccc(C(=O)O)c(O)c2)c2ccccc2c1,active,False,True,False
mol_06684,/home/gwj/work/c1-campaign/URAT1_NLRP3_DualTarget_AIDD_Project/docking_export_20260820/01_phase1_benchmark_URAT1_9DKB/poses/gnina_sdf/mol_06684_out.sdf,9,False,False,1,13.733700003276605,1.0,0.7407407407407407,9,0.8181818181818182,False,False,True,True,True,True,0.6728627086,6.0294175148,AROMATIC:PHE241;AROMATIC:PHE360;AROMATIC:PHE364;AROMATIC:PHE365;AROMATIC:PHE449;CONTACT:ASP389;CONTACT:LYS393;CONTACT:MET214;CONTACT:PHE241;CONTACT:PHE360;CONTACT:PHE364;CONTACT:PHE365;CONTACT:PHE449;CONTACT:SER35;HBOND:ASP389;HBOND:LYS393;HBOND:SER35;HYDROPHOBIC:MET214;HYDROPHOBIC:PHE241;HYDROPHOBIC:PHE360;HYDROPHOBIC:PHE364;HYDROPHOBIC:PHE365;HYDROPHOBIC:PHE449,2,0.84,1,N#Cc1cc(-c2ccc(C(=O)O)c(O)c2)c2ccoc2c1,active,False,True,False
mol_06685,/home/gwj/work/c1-campaign/URAT1_NLRP3_DualTarget_AIDD_Project/docking_export_20260820/01_phase1_benchmark_URAT1_9DKB/poses/gnina_sdf/mol_06685_out.sdf,9,False,False,1,13.65736095810607,1.0,0.8461538461538461,10,0.9090909090909091,False,False,True,True,True,True,0.7076696754,6.3715043068,AROMATIC:PHE241;AROMATIC:PHE360;AROMATIC:PHE364;AROMATIC:PHE365;AROMATIC:PHE449;CONTACT:ARG477;CONTACT:ASP389;CONTACT:LYS393;CONTACT:MET214;CONTACT:PHE241;CONTACT:PHE360;CONTACT:PHE364;CONTACT:PHE365;CONTACT:PHE449;CONTACT:SER35;HBOND:LYS393;HBOND:SER35;HYDROPHOBIC:MET214;HYDROPHOBIC:PHE241;HYDROPHOBIC:PHE360;HYDROPHOBIC:PHE364;HYDROPHOBIC:PHE365;HYDROPHOBIC:PHE449;POLAR:ARG477,7,0.9166666666666666,1,N#Cc1cc(-c2ccc(C(=O)O)c(O)c2)c2ccsc2c1,active,False,False,False
mol_06686,/home/gwj/work/c1-campaign/URAT1_NLRP3_DualTarget_AIDD_Project/docking_export_20260820/01_phase1_benchmark_URAT1_9DKB/poses/gnina_sdf/mol_06686_out.sdf,9,False,False,1,13.63419329113387,1.0,0.7692307692307693,9,0.8181818181818182,False,False,True,True,True,True,0.6216449738,6.0870251656,AROMATIC:PHE241;AROMATIC:PHE360;AROMATIC:PHE364;AROMATIC:PHE365;AROMATIC:PHE449;CONTACT:ASP389;CONTACT:LYS393;CONTACT:MET214;CONTACT:PHE241;CONTACT:PHE360;CONTACT:PHE364;CONTACT:PHE365;CONTACT:PHE449;CONTACT:SER35;HBOND:LYS393;HBOND:SER35;HYDROPHOBIC:MET214;HYDROPHOBIC:PHE241;HYDROPHOBIC:PHE360;HYDROPHOBIC:PHE364;HYDROPHOBIC:PHE365;HYDROPHOBIC:PHE449,9,0.88,1,N#Cc1cc(-c2ccc(C(=O)O)c(O)c2)c2nccn2c1,active,False,True,False
mol_06687,/home/gwj/work/c1-campaign/URAT1_NLRP3_DualTarget_AIDD_Project/docking_export_20260820/01_phase1_benchmark_URAT1_9DKB/poses/gnina_sdf/mol_06687_out.sdf,9,False,False,1,13.639166096576423,1.0,0.7692307692307693,9,0.8181818181818182,False,False,True,True,True,True,0.6933906078,6.0194683075,AROMATIC:PHE241;AROMATIC:PHE360;AROMATIC:PHE364;AROMATIC:PHE365;AROMATIC:PHE449;CONTACT:ASP389;CONTACT:LYS393;CONTACT:MET214;CONTACT:PHE241;CONTACT:PHE360;CONTACT:PHE364;CONTACT:PHE365;CONTACT:PHE449;CONTACT:SER35;HBOND:LYS393;HBOND:SER35;HYDROPHOBIC:MET214;HYDROPHOBIC:PHE241;HYDROPHOBIC:PHE360;HYDROPHOBIC:PHE364;HYDROPHOBIC:PHE365;HYDROPHOBIC:PHE449,2,0.8076923076923077,1,N#Cc1cc(-c2ccc(C(=O)O)c(O)c2)c2ncoc2c1,active,False,True,False
mol_06688,/home/gwj/work/c1-campaign/URAT1_NLRP3_DualTarget_AIDD_Project/docking_export_20260820/01_phase1_benchmark_URAT1_9DKB/poses/gnina_sdf/mol_06688_out.sdf,9,False,False,1,14.162394201899616,1.0,0.84,9,0.8181818181818182,False,False,True,True,True,True,0.7517302036,6.4945425987,AROMATIC:PHE241;AROMATIC:PHE360;AROMATIC:PHE364;AROMATIC:PHE365;AROMATIC:PHE449;CONTACT:ARG477;CONTACT:ASP389;CONTACT:LYS393;CONTACT:MET214;CONTACT:PHE241;CONTACT:PHE360;CONTACT:PHE364;CONTACT:PHE365;CONTACT:PHE449;HBOND:LYS393;HYDROPHOBIC:MET214;HYDROPHOBIC:PHE241;HYDROPHOBIC:PHE360;HYDROPHOBIC:PHE364;HYDROPHOBIC:PHE365;HYDROPHOBIC:PHE449;POLAR:ARG477,4,0.9166666666666666,1,N#Cc1cc(-c2ccc(C(=O)O)c(O)c2)c2oc(C(F)(F)F)cc2c1,active,False,True,False
mol_06689,/home/gwj/work/c1-campaign/URAT1_NLRP3_DualTarget_AIDD_Project/docking_export_20260820/01_phase1_benchmark_URAT1_9DKB/poses/gnina_sdf/mol_06689_out.sdf,9,False,False,1,14.495985632236254,0.9545454545454546,0.8076923076923077,10,0.9090909090909091,False,False,True,True,True,True,0.780975163,6.2453575134,AROMATIC:PHE241;AROMATIC:PHE360;AROMATIC:PHE364;AROMATIC:PHE365;AROMATIC:PHE449;CONTACT:ASP389;CONTACT:GLN473;CONTACT:LYS393;CONTACT:MET214;CONTACT:PHE241;CONTACT:PHE360;CONTACT:PHE364;CONTACT:PHE365;CONTACT:PHE449;CONTACT:SER35;HBOND:ASP389;HBOND:LYS393;HYDROPHOBIC:MET214;HYDROPHOBIC:PHE241;HYDROPHOBIC:PHE360;HYDROPHOBIC:PHE364;HYDROPHOBIC:PHE365;HYDROPHOBIC:PHE449,4,0.92,1,N#Cc1cc(-c2ccc(C(=O)O)c(O)c2)c2oc(Cl)cc2c1,active,False,True,False
mol_06690,/home/gwj/work/c1-campaign/URAT1_NLRP3_DualTarget_AIDD_Project/docking_export_20260820/01_phase1_benchmark_URAT1_9DKB/poses/gnina_sdf/mol_06690_out.sdf,9,False,False,1,14.50836452154411,0.9545454545454546,0.8076923076923077,10,0.9090909090909091,False,False,True,True,True,True,0.7271729708,5.9440598488,AROMATIC:PHE241;AROMATIC:PHE360;AROMATIC:PHE364;AROMATIC:PHE365;AROMATIC:PHE449;CONTACT:ASP389;CONTACT:GLN473;CONTACT:LYS393;CONTACT:MET214;CONTACT:PHE241;CONTACT:PHE360;CONTACT:PHE364;CONTACT:PHE365;CONTACT:PHE449;CONTACT:SER35;HBOND:ASP389;HBOND:LYS393;HYDROPHOBIC:MET214;HYDROPHOBIC:PHE241;HYDROPHOBIC:PHE360;HYDROPHOBIC:PHE364;HYDROPHOBIC:PHE365;HYDROPHOBIC:PHE449,4,0.92,1,N#Cc1cc(-c2ccc(C(=O)O)c(O)c2)c2oc(F)cc2c1,active,False,True,False
mol_06691,/home/gwj/work/c1-campaign/URAT1_NLRP3_DualTarget_AIDD_Project/docking_export_20260820/01_phase1_benchmark_URAT1_9DKB/poses/gnina_sdf/mol_06691_out.sdf,9,False,False,1,13.621012906902328,1.0,0.7692307692307693,9,0.8181818181818182,False,False,True,True,True,True,0.6841420531,6.0318489075,AROMATIC:PHE241;AROMATIC:PHE360;AROMATIC:PHE364;AROMATIC:PHE365;AROMATIC:PHE449;CONTACT:ASP389;CONTACT:LYS393;CONTACT:MET214;CONTACT:PHE241;CONTACT:PHE360;CONTACT:PHE364;CONTACT:PHE365;CONTACT:PHE449;CONTACT:SER35;HBOND:LYS393;HBOND:SER35;HYDROPHOBIC:MET214;HYDROPHOBIC:PHE241;HYDROPHOBIC:PHE360;HYDROPHOBIC:PHE364;HYDROPHOBIC:PHE365;HYDROPHOBIC:PHE449,8,0.8461538461538461,1,N#Cc1cc(-c2ccc(C(=O)O)c(O)c2)c2occc2c1,active,False,True,False
mol_06692,/home/gwj/work/c1-campaign/URAT1_NLRP3_DualTarget_AIDD_Project/docking_export_20260820/01_phase1_benchmark_URAT1_9DKB/poses/gnina_sdf/mol_06692_out.sdf,9,False,False,1,13.6394620238483,1.0,0.8461538461538461,10,0.9090909090909091,False,False,True,True,True,True,0.7257044315,6.248816967,AROMATIC:PHE241;AROMATIC:PHE360;AROMATIC:PHE364;AROMATIC:PHE365;AROMATIC:PHE449;CONTACT:ARG477;CONTACT:ASP389;CONTACT:LYS393;CONTACT:MET214;CONTACT:PHE241;CONTACT:PHE360;CONTACT:PHE364;CONTACT:PHE365;CONTACT:PHE449;CONTACT:SER35;HBOND:LYS393;HBOND:SER35;HYDROPHOBIC:MET214;HYDROPHOBIC:PHE241;HYDROPHOBIC:PHE360;HYDROPHOBIC:PHE364;HYDROPHOBIC:PHE365;HYDROPHOBIC:PHE449;POLAR:ARG477,7,0.9166666666666666,1,N#Cc1cc(-c2ccc(C(=O)O)c(O)c2)c2sccc2c1,active,False,True,False
mol_06693,/home/gwj/work/c1-campaign/URAT1_NLRP3_DualTarget_AIDD_Project/docking_export_20260820/01_phase1_benchmark_URAT1_9DKB/poses/gnina_sdf/mol_06693_out.sdf,9,False,False,1,13.440216872134169,1.0,0.8461538461538461,10,0.9090909090909091,False,False,True,True,True,True,0.5758168697,5.7094230652,AROMATIC:PHE241;AROMATIC:PHE360;AROMATIC:PHE364;AROMATIC:PHE365;AROMATIC:PHE449;CONTACT:ARG477;CONTACT:ASP389;CONTACT:LYS393;CONTACT:MET214;CONTACT:PHE241;CONTACT:PHE360;CONTACT:PHE364;CONTACT:PHE365;CONTACT:PHE449;CONTACT:SER35;HBOND:LYS393;HBOND:SER35;HYDROPHOBIC:MET214;HYDROPHOBIC:PHE241;HYDROPHOBIC:PHE360;HYDROPHOBIC:PHE364;HYDROPHOBIC:PHE365;HYDROPHOBIC:PHE449;POLAR:ARG477,1,0.8461538461538461,1,N#Cc1cc(-c2ccc(C(=O)O)cc2)c2occc2c1,active,False,True,False
mol_06764,/home/gwj/work/c1-campaign/URAT1_NLRP3_DualTarget_AIDD_Project/docking_export_20260820/01_phase1_benchmark_URAT1_9DKB/poses/gnina_sdf/mol_06764_out.sdf,9,False,False,1,10.781027618460119,1.0,0.8333333333333334,8,0.7272727272727273,False,False,True,True,True,True,0.7073720694,7.1095490456,AROMATIC:PHE241;AROMATIC:PHE360;AROMATIC:PHE364;AROMATIC:PHE365;AROMATIC:PHE449;CONTACT:GLN473;CONTACT:LYS393;CONTACT:MET214;CONTACT:PHE241;CONTACT:PHE360;CONTACT:PHE364;CONTACT:PHE365;CONTACT:PHE449;HBOND:LYS393;HYDROPHOBIC:MET214;HYDROPHOBIC:PHE241;HYDROPHOBIC:PHE360;HYDROPHOBIC:PHE364;HYDROPHOBIC:PHE365;HYDROPHOBIC:PHE449,5,0.8846153846153846,1,N#Cc1cc2c(C#N)ccc(-c3cnccc3SC3(C(=O)O)CCC3)n2c1,active,False,True,False
mol_06766,/home/gwj/work/c1-campaign/URAT1_NLRP3_DualTarget_AIDD_Project/docking_export_20260820/01_phase1_benchmark_URAT1_9DKB/poses/gnina_sdf/mol_06766_out.sdf,9,False,False,1,13.725451950664498,1.0,0.8148148148148148,10,0.9090909090909091,False,False,True,True,True,True,0.7965360284,6.4635162354,AROMATIC:PHE241;AROMATIC:PHE360;AROMATIC:PHE364;AROMATIC:PHE365;AROMATIC:PHE449;CONTACT:ARG477;CONTACT:ASP389;CONTACT:LYS393;CONTACT:MET214;CONTACT:PHE241;CONTACT:PHE360;CONTACT:PHE364;CONTACT:PHE365;CONTACT:PHE449;CONTACT:SER35;HBOND:ASP389;HBOND:LYS393;HBOND:SER35;HYDROPHOBIC:MET214;HYDROPHOBIC:PHE241;HYDROPHOBIC:PHE360;HYDROPHOBIC:PHE364;HYDROPHOBIC:PHE365;HYDROPHOBIC:PHE449;POLAR:ARG477,6,0.9166666666666666,1,N#Cc1cc2c(c(-c3ccc(C(=O)O)c(O)c3)c1)CCC2,active,False,True,False
mol_06767,/home/gwj/work/c1-campaign/URAT1_NLRP3_DualTarget_AIDD_Project/docking_export_20260820/01_phase1_benchmark_URAT1_9DKB/poses/gnina_sdf/mol_06767_out.sdf,9,False,False,1,14.499912472149617,0.9523809523809523,0.8076923076923077,10,0.9090909090909091,False,False,True,True,True,True,0.7264620066,5.7860717773,AROMATIC:PHE241;AROMATIC:PHE360;AROMATIC:PHE364;AROMATIC:PHE365;AROMATIC:PHE449;CONTACT:ASP389;CONTACT:GLN473;CONTACT:LYS393;CONTACT:MET214;CONTACT:PHE241;CONTACT:PHE360;CONTACT:PHE364;CONTACT:PHE365;CONTACT:PHE449;CONTACT:SER35;HBOND:ASP389;HBOND:LYS393;HYDROPHOBIC:MET214;HYDROPHOBIC:PHE241;HYDROPHOBIC:PHE360;HYDROPHOBIC:PHE364;HYDROPHOBIC:PHE365;HYDROPHOBIC:PHE449,8,0.8461538461538461,1,N#Cc1cc2c(c(-c3ccc(C(=O)O)c(O)c3)c1)OCC2,active,False,True,False
mol_06768,/home/gwj/work/c1-campaign/URAT1_NLRP3_DualTarget_AIDD_Project/docking_export_20260820/01_phase1_benchmark_URAT1_9DKB/poses/gnina_sdf/mol_06768_out.sdf,9,False,False,1,13.651250426975535,1.0,0.7407407407407407,9,0.8181818181818182,False,False,True,True,True,True,0.6352351904,5.7923092842,AROMATIC:PHE241;AROMATIC:PHE360;AROMATIC:PHE364;AROMATIC:PHE365;AROMATIC:PHE449;CONTACT:ASP389;CONTACT:LYS393;CONTACT:MET214;CONTACT:PHE241;CONTACT:PHE360;CONTACT:PHE364;CONTACT:PHE365;CONTACT:PHE449;CONTACT:SER35;HBOND:ASP389;HBOND:LYS393;HBOND:SER35;HYDROPHOBIC:MET214;HYDROPHOBIC:PHE241;HYDROPHOBIC:PHE360;HYDROPHOBIC:PHE364;HYDROPHOBIC:PHE365;HYDROPHOBIC:PHE449,8,0.8076923076923077,1,N#Cc1cc2c(c(-c3ccc(C(=O)O)c(O)c3)c1)OCO2,active,False,True,False
mol_06773,/home/gwj/work/c1-campaign/URAT1_NLRP3_DualTarget_AIDD_Project/docking_export_20260820/01_phase1_benchmark_URAT1_9DKB/poses/gnina_sdf/mol_06773_out.sdf,9,True,False,1,2.9532079828552518,0.68,0.56,6,0.5454545454545454,False,True,True,True,True,True,0.6784366369,6.5371074677,AROMATIC:PHE241;AROMATIC:PHE360;AROMATIC:PHE449;CONTACT:ARG477;CONTACT:GLN473;CONTACT:MET214;CONTACT:PHE241;CONTACT:PHE360;CONTACT:PHE449;HBOND:ARG477;HYDROPHOBIC:MET214;HYDROPHOBIC:PHE241;HYDROPHOBIC:PHE360;HYDROPHOBIC:PHE449;POLAR:ARG477,4,0.9166666666666666,1,N#Cc1ccc(-c2c(SC3(C(=O)O)CCC3)ccc3cnsc23)cc1,active,True,True,True
mol_06774,/home/gwj/work/c1-campaign/URAT1_NLRP3_DualTarget_AIDD_Project/docking_export_20260820/01_phase1_benchmark_URAT1_9DKB/poses/gnina_sdf/mol_06774_out.sdf,9,True,True,1,3.2221092610276285,0.9615384615384616,0.88,9,0.8181818181818182,False,True,True,True,True,True,0.8362267613,7.379553318,AROMATIC:PHE241;AROMATIC:PHE360;AROMATIC:PHE364;AROMATIC:PHE365;AROMATIC:PHE449;CONTACT:ARG477;CONTACT:GLN473;CONTACT:LYS393;CONTACT:MET214;CONTACT:PHE241;CONTACT:PHE360;CONTACT:PHE364;CONTACT:PHE365;CONTACT:PHE449;HBOND:ARG477;HBOND:LYS393;HYDROPHOBIC:MET214;HYDROPHOBIC:PHE241;HYDROPHOBIC:PHE360;HYDROPHOBIC:PHE364;HYDROPHOBIC:PHE365;HYDROPHOBIC:PHE449;POLAR:ARG477,1,0.88,1,N#Cc1ccc(-c2c(SC3(C(=O)O)CCCC3)ccc3cnsc23)cc1,active,True,True,True
mol_06775,/home/gwj/work/c1-campaign/URAT1_NLRP3_DualTarget_AIDD_Project/docking_export_20260820/01_phase1_benchmark_URAT1_9DKB/poses/gnina_sdf/mol_06775_out.sdf,9,True,True,1,3.3220830347840504,1.0,0.84,8,0.7272727272727273,False,True,True,True,True,True,0.9018136263,7.7619929314,AROMATIC:PHE241;AROMATIC:PHE360;AROMATIC:PHE364;AROMATIC:PHE365;AROMATIC:PHE449;CONTACT:ARG477;CONTACT:LYS393;CONTACT:MET214;CONTACT:PHE241;CONTACT:PHE360;CONTACT:PHE364;CONTACT:PHE365;CONTACT:PHE449;HBOND:ARG477;HBOND:LYS393;HYDROPHOBIC:MET214;HYDROPHOBIC:PHE241;HYDROPHOBIC:PHE360;HYDROPHOBIC:PHE364;HYDROPHOBIC:PHE365;HYDROPHOBIC:PHE449;POLAR:ARG477,1,0.84,1,N#Cc1ccc(-c2c(SC3(C(=O)O)CCCCC3)ccc3cnsc23)cc1,active,True,True,True
mol_06776,/home/gwj/work/c1-campaign/URAT1_NLRP3_DualTarget_AIDD_Project/docking_export_20260820/01_phase1_benchmark_URAT1_9DKB/poses/gnina_sdf/mol_06776_out.sdf,9,False,False,1,14.579934673036085,0.9615384615384616,0.84,9,0.8181818181818182,False,False,True,True,True,True,0.938359201,7.9292354584,AROMATIC:PHE241;AROMATIC:PHE360;AROMATIC:PHE364;AROMATIC:PHE365;AROMATIC:PHE449;CONTACT:ARG477;CONTACT:ASP389;CONTACT:LYS393;CONTACT:MET214;CONTACT:PHE241;CONTACT:PHE360;CONTACT:PHE364;CONTACT:PHE365;CONTACT:PHE449;HBOND:LYS393;HYDROPHOBIC:MET214;HYDROPHOBIC:PHE241;HYDROPHOBIC:PHE360;HYDROPHOBIC:PHE364;HYDROPHOBIC:PHE365;HYDROPHOBIC:PHE449;POLAR:ARG477,2,0.88,1,N#Cc1ccc(-c2cncc3cc(CCC(=O)O)sc23)c2ccccc12,active,False,True,False
mol_06777,/home/gwj/work/c1-campaign/URAT1_NLRP3_DualTarget_AIDD_Project/docking_export_20260820/01_phase1_benchmark_URAT1_9DKB/poses/gnina_sdf/mol_06777_out.sdf,9,True,False,1,4.618201808063401,0.8888888888888888,0.8846153846153846,10,0.9090909090909091,False,True,True,True,True,True,0.4276592433,6.7449932098,AROMATIC:PHE241;AROMATIC:PHE360;AROMATIC:PHE364;AROMATIC:PHE365;AROMATIC:PHE449;CONTACT:ARG477;CONTACT:GLN473;CONTACT:LYS393;CONTACT:MET214;CONTACT:PHE241;CONTACT:PHE360;CONTACT:PHE364;CONTACT:PHE365;CONTACT:PHE449;CONTACT:SER35;HBOND:GLN473;HBOND:LYS393;HBOND:SER35;HYDROPHOBIC:MET214;HYDROPHOBIC:PHE241;HYDROPHOBIC:PHE360;HYDROPHOBIC:PHE364;HYDROPHOBIC:PHE365;HYDROPHOBIC:PHE449;POLAR:ARG477,3,0.9583333333333334,1,N#Cc1ccc(-c2cncc3ccc(/C=C/C(=O)O)cc23)c2ccccc12,active,True,True,True
mol_06778,/home/gwj/work/c1-campaign/URAT1_NLRP3_DualTarget_AIDD_Project/docking_export_20260820/01_phase1_benchmark_URAT1_9DKB/poses/gnina_sdf/mol_06778_out.sdf,9,True,True,1,2.916730498349137,0.9230769230769231,0.5769230769230769,7,0.6363636363636364,False,True,True,True,True,True,0.6058667302,6.6425795555,AROMATIC:PHE241;AROMATIC:PHE365;AROMATIC:PHE449;CONTACT:ARG477;CONTACT:GLN473;CONTACT:MET214;CONTACT:PHE241;CONTACT:PHE365;CONTACT:PHE449;CONTACT:SER35;HBOND:ARG477;HBOND:SER35;HYDROPHOBIC:MET214;HYDROPHOBIC:PHE241;HYDROPHOBIC:PHE365;HYDROPHOBIC:PHE449;POLAR:ARG477,5,0.9583333333333334,1,N#Cc1ccc(-c2cncc3ccc(CC(=O)O)cc23)c2ccccc12,active,True,True,True
mol_06779,/home/gwj/work/c1-campaign/URAT1_NLRP3_DualTarget_AIDD_Project/docking_export_20260820/01_phase1_benchmark_URAT1_9DKB/poses/gnina_sdf/mol_06779_out.sdf,9,True,False,1,3.016026609630628,0.8260869565217391,0.8518518518518519,11,1.0,False,True,True,True,True,True,0.7861620188,6.5703558922,AROMATIC:PHE241;AROMATIC:PHE360;AROMATIC:PHE364;AROMATIC:PHE365;AROMATIC:PHE449;CONTACT:ARG477;CONTACT:ASP389;CONTACT:GLN473;CONTACT:LYS393;CONTACT:MET214;CONTACT:PHE241;CONTACT:PHE360;CONTACT:PHE364;CONTACT:PHE365;CONTACT:PHE449;CONTACT:SER35;HBOND:ARG477;HBOND:GLN473;HBOND:LYS393;HYDROPHOBIC:MET214;HYDROPHOBIC:PHE241;HYDROPHOBIC:PHE360;HYDROPHOBIC:PHE364;HYDROPHOBIC:PHE365;HYDROPHOBIC:PHE449;POLAR:ARG477,7,0.9166666666666666,1,N#Cc1ccc(-c2cncc3ccc(CCC(=O)O)cc23)cc1,active,True,True,True
mol_06780,/home/gwj/work/c1-campaign/URAT1_NLRP3_DualTarget_AIDD_Project/docking_export_20260820/01_phase1_benchmark_URAT1_9DKB/poses/gnina_sdf/mol_06780_out.sdf,9,True,False,1,2.8624609516987247,0.8666666666666667,0.5555555555555556,7,0.6363636363636364,False,True,True,True,True,True,0.7102954388,7.1989502907,AROMATIC:PHE241;AROMATIC:PHE365;AROMATIC:PHE449;CONTACT:ARG477;CONTACT:GLN473;CONTACT:MET214;CONTACT:PHE241;CONTACT:PHE365;CONTACT:PHE449;CONTACT:SER35;HBOND:ARG477;HBOND:GLN473;HBOND:SER35;HYDROPHOBIC:MET214;HYDROPHOBIC:PHE241;HYDROPHOBIC:PHE365;HYDROPHOBIC:PHE449;POLAR:ARG477,6,0.88,1,N#Cc1ccc(-c2cncc3ccc(SC4(C(=O)O)CCC4)cc23)c2ccccc12,active,True,True,True
mol_06781,/home/gwj/work/c1-campaign/URAT1_NLRP3_DualTarget_AIDD_Project/docking_export_20260820/01_phase1_benchmark_URAT1_9DKB/poses/gnina_sdf/mol_06781_out.sdf,9,False,False,1,14.615115839773553,0.9615384615384616,0.84,9,0.8181818181818182,False,False,True,True,True,True,0.9044983387,7.7195162773,AROMATIC:PHE241;AROMATIC:PHE360;AROMATIC:PHE364;AROMATIC:PHE365;AROMATIC:PHE449;CONTACT:ARG477;CONTACT:ASP389;CONTACT:LYS393;CONTACT:MET214;CONTACT:PHE241;CONTACT:PHE360;CONTACT:PHE364;CONTACT:PHE365;CONTACT:PHE449;HBOND:LYS393;HYDROPHOBIC:MET214;HYDROPHOBIC:PHE241;HYDROPHOBIC:PHE360;HYDROPHOBIC:PHE364;HYDROPHOBIC:PHE365;HYDROPHOBIC:PHE449;POLAR:ARG477,7,0.9583333333333334,1,N#Cc1ccc(-c2cncc3sc(CCC(=O)O)cc23)c2ccccc12,active,False,True,False
mol_06786,/home/gwj/work/c1-campaign/URAT1_NLRP3_DualTarget_AIDD_Project/docking_export_20260820/01_phase1_benchmark_URAT1_9DKB/poses/gnina_sdf/mol_06786_out.sdf,9,True,False,1,3.012756412324097,1.0,0.8846153846153846,10,0.9090909090909091,False,True,True,True,True,True,0.7781632543,7.5666947365,AROMATIC:PHE241;AROMATIC:PHE360;AROMATIC:PHE364;AROMATIC:PHE365;AROMATIC:PHE449;CONTACT:ARG477;CONTACT:GLN473;CONTACT:LYS393;CONTACT:MET214;CONTACT:PHE241;CONTACT:PHE360;CONTACT:PHE364;CONTACT:PHE365;CONTACT:PHE449;CONTACT:SER35;HBOND:ARG477;HBOND:LYS393;HBOND:SER35;HYDROPHOBIC:MET214;HYDROPHOBIC:PHE241;HYDROPHOBIC:PHE360;HYDROPHOBIC:PHE364;HYDROPHOBIC:PHE365;HYDROPHOBIC:PHE449;POLAR:ARG477,3,0.9166666666666666,1,N#Cc1ccc(-c2cnccc2SC2(C(=O)O)CCC2)c2cc(Cl)cn12,active,True,True,True
mol_06787,/home/gwj/work/c1-campaign/URAT1_NLRP3_DualTarget_AIDD_Project/docking_export_20260820/01_phase1_benchmark_URAT1_9DKB/poses/gnina_sdf/mol_06787_out.sdf,9,True,True,1,2.9826815351290836,0.9615384615384616,0.92,10,0.9090909090909091,False,True,True,True,True,True,0.7550962567,7.387650013,AROMATIC:PHE241;AROMATIC:PHE360;AROMATIC:PHE364;AROMATIC:PHE365;AROMATIC:PHE449;CONTACT:ARG477;CONTACT:GLN473;CONTACT:LYS393;CONTACT:MET214;CONTACT:PHE241;CONTACT:PHE360;CONTACT:PHE364;CONTACT:PHE365;CONTACT:PHE449;CONTACT:SER35;HBOND:ARG477;HBOND:LYS393;HYDROPHOBIC:MET214;HYDROPHOBIC:PHE241;HYDROPHOBIC:PHE360;HYDROPHOBIC:PHE364;HYDROPHOBIC:PHE365;HYDROPHOBIC:PHE449;POLAR:ARG477,1,0.92,1,N#Cc1ccc(-c2cnccc2SC2(C(=O)O)CCC2)c2cc(F)cn12,active,True,True,True
mol_06788,/home/gwj/work/c1-campaign/URAT1_NLRP3_DualTarget_AIDD_Project/docking_export_20260820/01_phase1_benchmark_URAT1_9DKB/poses/gnina_sdf/mol_06788_out.sdf,9,True,True,1,5.638247676361866,0.84,0.8461538461538461,10,0.9090909090909091,False,True,True,True,True,True,0.6164710522,7.0354137421,AROMATIC:PHE241;AROMATIC:PHE360;AROMATIC:PHE364;AROMATIC:PHE365;AROMATIC:PHE449;CONTACT:ARG477;CONTACT:ASP389;CONTACT:GLN473;CONTACT:LYS393;CONTACT:MET214;CONTACT:PHE241;CONTACT:PHE360;CONTACT:PHE364;CONTACT:PHE365;CONTACT:PHE449;HBOND:GLN473;HBOND:LYS393;HYDROPHOBIC:MET214;HYDROPHOBIC:PHE241;HYDROPHOBIC:PHE360;HYDROPHOBIC:PHE364;HYDROPHOBIC:PHE365;HYDROPHOBIC:PHE449;POLAR:ARG477,1,0.8461538461538461,1,N#Cc1ccc(-c2cnccc2SC2(C(=O)O)CCC2)c2cccn12,active,True,True,True
mol_06789,/home/gwj/work/c1-campaign/URAT1_NLRP3_DualTarget_AIDD_Project/docking_export_20260820/01_phase1_benchmark_URAT1_9DKB/poses/gnina_sdf/mol_06789_out.sdf,9,False,False,1,10.114300879942215,0.8846153846153846,0.8,8,0.7272727272727273,False,False,True,True,True,True,0.68083781,7.1271877289,AROMATIC:PHE241;AROMATIC:PHE360;AROMATIC:PHE364;AROMATIC:PHE365;AROMATIC:PHE449;CONTACT:ARG477;CONTACT:GLN473;CONTACT:MET214;CONTACT:PHE241;CONTACT:PHE360;CONTACT:PHE364;CONTACT:PHE365;CONTACT:PHE449;HBOND:GLN473;HYDROPHOBIC:MET214;HYDROPHOBIC:PHE241;HYDROPHOBIC:PHE360;HYDROPHOBIC:PHE364;HYDROPHOBIC:PHE365;HYDROPHOBIC:PHE449;POLAR:ARG477,6,0.9166666666666666,1,N#Cc1ccc(-c2cnccc2SC2(C(=O)O)CCC2)n2c(Cl)ccc12,active,False,True,False
mol_06790,/home/gwj/work/c1-campaign/URAT1_NLRP3_DualTarget_AIDD_Project/docking_export_20260820/01_phase1_benchmark_URAT1_9DKB/poses/gnina_sdf/mol_06790_out.sdf,9,True,True,1,3.0375622248770426,1.0,0.92,10,0.9090909090909091,False,True,True,True,True,True,0.7955267429,7.4148826599,AROMATIC:PHE241;AROMATIC:PHE360;AROMATIC:PHE364;AROMATIC:PHE365;AROMATIC:PHE449;CONTACT:ARG477;CONTACT:GLN473;CONTACT:LYS393;CONTACT:MET214;CONTACT:PHE241;CONTACT:PHE360;CONTACT:PHE364;CONTACT:PHE365;CONTACT:PHE449;CONTACT:SER35;HBOND:ARG477;HBOND:LYS393;HYDROPHOBIC:MET214;HYDROPHOBIC:PHE241;HYDROPHOBIC:PHE360;HYDROPHOBIC:PHE364;HYDROPHOBIC:PHE365;HYDROPHOBIC:PHE449;POLAR:ARG477,1,0.92,1,N#Cc1ccc(-c2cnccc2SC2(C(=O)O)CCC2)n2c(F)ccc12,active,True,True,True
mol_06791,/home/gwj/work/c1-campaign/URAT1_NLRP3_DualTarget_AIDD_Project/docking_export_20260820/01_phase1_benchmark_URAT1_9DKB/poses/gnina_sdf/mol_06791_out.sdf,9,True,True,1,6.483977762145701,1.0,0.72,8,0.7272727272727273,False,True,True,True,True,True,0.7743356824,7.3738684654,AROMATIC:PHE241;AROMATIC:PHE360;AROMATIC:PHE365;AROMATIC:PHE449;CONTACT:ARG477;CONTACT:LYS393;CONTACT:MET214;CONTACT:PHE241;CONTACT:PHE360;CONTACT:PHE365;CONTACT:PHE449;CONTACT:SER35;HBOND:ARG477;HYDROPHOBIC:MET214;HYDROPHOBIC:PHE241;HYDROPHOBIC:PHE360;HYDROPHOBIC:PHE365;HYDROPHOBIC:PHE449;POLAR:ARG477,3,0.92,1,N#Cc1ccc(-c2cnccc2SC2(C(=O)O)CCC2)n2cc(Br)cc12,active,True,True,True
mol_06792,/home/gwj/work/c1-campaign/URAT1_NLRP3_DualTarget_AIDD_Project/docking_export_20260820/01_phase1_benchmark_URAT1_9DKB/poses/gnina_sdf/mol_06792_out.sdf,9,False,False,1,12.450701838049124,1.0,0.9166666666666666,9,0.8181818181818182,False,False,True,True,True,True,0.7637901306,7.4064946175,AROMATIC:PHE241;AROMATIC:PHE360;AROMATIC:PHE364;AROMATIC:PHE365;AROMATIC:PHE449;CONTACT:ARG477;CONTACT:LYS393;CONTACT:MET214;CONTACT:PHE241;CONTACT:PHE360;CONTACT:PHE364;CONTACT:PHE365;CONTACT:PHE449;CONTACT:SER35;HBOND:LYS393;HYDROPHOBIC:MET214;HYDROPHOBIC:PHE241;HYDROPHOBIC:PHE360;HYDROPHOBIC:PHE364;HYDROPHOBIC:PHE365;HYDROPHOBIC:PHE449;POLAR:ARG477,2,0.92,1,N#Cc1ccc(-c2cnccc2SC2(C(=O)O)CCC2)n2cc(C(F)(F)F)cc12,active,False,True,False
mol_06793,/home/gwj/work/c1-campaign/URAT1_NLRP3_DualTarget_AIDD_Project/docking_export_20260820/01_phase1_benchmark_URAT1_9DKB/poses/gnina_sdf/mol_06793_out.sdf,9,True,True,1,6.192015149367769,1.0,0.7916666666666666,9,0.8181818181818182,False,True,True,True,True,True,0.7985260487,7.2119164467,AROMATIC:PHE241;AROMATIC:PHE360;AROMATIC:PHE365;AROMATIC:PHE449;CONTACT:ARG477;CONTACT:GLN473;CONTACT:LYS393;CONTACT:MET214;CONTACT:PHE241;CONTACT:PHE360;CONTACT:PHE365;CONTACT:PHE449;CONTACT:SER35;HYDROPHOBIC:MET214;HYDROPHOBIC:PHE241;HYDROPHOBIC:PHE360;HYDROPHOBIC:PHE365;HYDROPHOBIC:PHE449;POLAR:ARG477,4,0.92,1,N#Cc1ccc(-c2cnccc2SC2(C(=O)O)CCC2)n2cc(Cl)cc12,active,True,True,True
mol_06794,/home/gwj/work/c1-campaign/URAT1_NLRP3_DualTarget_AIDD_Project/docking_export_20260820/01_phase1_benchmark_URAT1_9DKB/poses/gnina_sdf/mol_06794_out.sdf,9,False,False,1,12.468844102802795,1.0,0.8333333333333334,8,0.7272727272727273,False,False,True,True,True,True,0.6804745793,7.0246577263,AROMATIC:PHE241;AROMATIC:PHE360;AROMATIC:PHE364;AROMATIC:PHE365;AROMATIC:PHE449;CONTACT:LYS393;CONTACT:MET214;CONTACT:PHE241;CONTACT:PHE360;CONTACT:PHE364;CONTACT:PHE365;CONTACT:PHE449;CONTACT:SER35;HBOND:LYS393;HYDROPHOBIC:MET214;HYDROPHOBIC:PHE241;HYDROPHOBIC:PHE360;HYDROPHOBIC:PHE364;HYDROPHOBIC:PHE365;HYDROPHOBIC:PHE449,9,0.875,1,N#Cc1ccc(-c2cnccc2SC2(C(=O)O)CCC2)n2ccc(F)c12,active,False,True,False
mol_06795,/home/gwj/work/c1-campaign/URAT1_NLRP3_DualTarget_AIDD_Project/docking_export_20260820/01_phase1_benchmark_URAT1_9DKB/poses/gnina_sdf/mol_06795_out.sdf,9,True,True,1,3.0649875236287563,0.96,0.8,8,0.7272727272727273,False,True,True,True,True,True,0.6820141673,6.723991394,AROMATIC:PHE241;AROMATIC:PHE360;AROMATIC:PHE364;AROMATIC:PHE365;AROMATIC:PHE449;CONTACT:ARG477;CONTACT:GLN473;CONTACT:MET214;CONTACT:PHE241;CONTACT:PHE360;CONTACT:PHE364;CONTACT:PHE365;CONTACT:PHE449;HBOND:ARG477;HYDROPHOBIC:MET214;HYDROPHOBIC:PHE241;HYDROPHOBIC:PHE360;HYDROPHOBIC:PHE364;HYDROPHOBIC:PHE365;HYDROPHOBIC:PHE449;POLAR:ARG477,9,0.8461538461538461,1,N#Cc1ccc(-c2cnccc2SC2(C(=O)O)CCC2)n2cccc12,active,True,True,True
mol_06796,/home/gwj/work/c1-campaign/URAT1_NLRP3_DualTarget_AIDD_Project/docking_export_20260820/01_phase1_benchmark_URAT1_9DKB/poses/gnina_sdf/mol_06796_out.sdf,9,False,False,1,14.475788975043812,1.0,0.8461538461538461,10,0.9090909090909091,False,False,True,True,True,True,0.7696534991,7.1541361809,AROMATIC:PHE241;AROMATIC:PHE360;AROMATIC:PHE364;AROMATIC:PHE365;AROMATIC:PHE449;CONTACT:ARG477;CONTACT:ASP389;CONTACT:LYS393;CONTACT:MET214;CONTACT:PHE241;CONTACT:PHE360;CONTACT:PHE364;CONTACT:PHE365;CONTACT:PHE449;CONTACT:SER35;HBOND:ASP389;HBOND:LYS393;HYDROPHOBIC:MET214;HYDROPHOBIC:PHE241;HYDROPHOBIC:PHE360;HYDROPHOBIC:PHE364;HYDROPHOBIC:PHE365;HYDROPHOBIC:PHE449;POLAR:ARG477,9,0.9166666666666666,1,N#Cc1ccc(-c2cnccc2SC2CC(C(=O)O)C2)c2ccccc12,active,False,True,False
mol_06797,/home/gwj/work/c1-campaign/URAT1_NLRP3_DualTarget_AIDD_Project/docking_export_20260820/01_phase1_benchmark_URAT1_9DKB/poses/gnina_sdf/mol_06797_out.sdf,9,False,False,1,14.762438732472352,1.0,0.8461538461538461,10,0.9090909090909091,False,False,True,True,True,True,0.7962654829,7.3733658791,AROMATIC:PHE241;AROMATIC:PHE360;AROMATIC:PHE364;AROMATIC:PHE365;AROMATIC:PHE449;CONTACT:ARG477;CONTACT:ASP389;CONTACT:LYS393;CONTACT:MET214;CONTACT:PHE241;CONTACT:PHE360;CONTACT:PHE364;CONTACT:PHE365;CONTACT:PHE449;CONTACT:SER35;HBOND:ASP389;HBOND:LYS393;HYDROPHOBIC:MET214;HYDROPHOBIC:PHE241;HYDROPHOBIC:PHE360;HYDROPHOBIC:PHE364;HYDROPHOBIC:PHE365;HYDROPHOBIC:PHE449;POLAR:ARG477,8,0.8846153846153846,1,N#Cc1ccc(-c2cnccc2SCC2CC(C(=O)O)C2)c2ccccc12,active,False,True,False
mol_06798,/home/gwj/work/c1-campaign/URAT1_NLRP3_DualTarget_AIDD_Project/docking_export_20260820/01_phase1_benchmark_URAT1_9DKB/poses/gnina_sdf/mol_06798_out.sdf,9,False,True,1,14.08416388040128,1.0,0.84,9,0.8181818181818182,False,False,True,True,True,True,0.880877614,7.2024178505,AROMATIC:PHE241;AROMATIC:PHE360;AROMATIC:PHE364;AROMATIC:PHE365;AROMATIC:PHE449;CONTACT:ARG477;CONTACT:ASP389;CONTACT:LYS393;CONTACT:MET214;CONTACT:PHE241;CONTACT:PHE360;CONTACT:PHE364;CONTACT:PHE365;CONTACT:PHE449;HBOND:LYS393;HYDROPHOBIC:MET214;HYDROPHOBIC:PHE241;HYDROPHOBIC:PHE360;HYDROPHOBIC:PHE364;HYDROPHOBIC:PHE365;HYDROPHOBIC:PHE449;POLAR:ARG477,8,0.92,1,N#Cc1ccc(-c2cnccc2SCCC(=O)O)c2ccccc12,active,False,True,False
mol_06799,/home/gwj/work/c1-campaign/URAT1_NLRP3_DualTarget_AIDD_Project/docking_export_20260820/01_phase1_benchmark_URAT1_9DKB/poses/gnina_sdf/mol_06799_out.sdf,9,False,True,1,12.970804232968744,1.0,0.84,9,0.8181818181818182,False,False,True,True,True,True,0.8491414785,7.6610183716,AROMATIC:PHE241;AROMATIC:PHE360;AROMATIC:PHE364;AROMATIC:PHE365;AROMATIC:PHE449;CONTACT:ARG477;CONTACT:ASP389;CONTACT:LYS393;CONTACT:MET214;CONTACT:PHE241;CONTACT:PHE360;CONTACT:PHE364;CONTACT:PHE365;CONTACT:PHE449;HBOND:LYS393;HYDROPHOBIC:MET214;HYDROPHOBIC:PHE241;HYDROPHOBIC:PHE360;HYDROPHOBIC:PHE364;HYDROPHOBIC:PHE365;HYDROPHOBIC:PHE449;POLAR:ARG477,4,0.9583333333333334,1,N#Cc1ccc(-c2cnccc2SCCC(F)(F)C(=O)O)c2ccccc12,active,False,True,False
mol_06800,/home/gwj/work/c1-campaign/URAT1_NLRP3_DualTarget_AIDD_Project/docking_export_20260820/01_phase1_benchmark_URAT1_9DKB/poses/gnina_sdf/mol_06800_out.sdf,9,False,False,1,13.915138396005972,1.0,0.8461538461538461,10,0.9090909090909091,False,False,True,True,True,True,0.7667512298,7.1933960915,AROMATIC:PHE241;AROMATIC:PHE360;AROMATIC:PHE364;AROMATIC:PHE365;AROMATIC:PHE449;CONTACT:ARG477;CONTACT:ASP389;CONTACT:LYS393;CONTACT:MET214;CONTACT:PHE241;CONTACT:PHE360;CONTACT:PHE364;CONTACT:PHE365;CONTACT:PHE449;CONTACT:SER35;HBOND:ASP389;HBOND:LYS393;HYDROPHOBIC:MET214;HYDROPHOBIC:PHE241;HYDROPHOBIC:PHE360;HYDROPHOBIC:PHE364;HYDROPHOBIC:PHE365;HYDROPHOBIC:PHE449;POLAR:ARG477,9,0.8846153846153846,1,N#Cc1ccc(-c2cnccc2Sc2ccc(C(=O)O)cc2)c2ccccc12,active,False,True,False
mol_06801,/home/gwj/work/c1-campaign/URAT1_NLRP3_DualTarget_AIDD_Project/docking_export_20260820/01_phase1_benchmark_URAT1_9DKB/poses/gnina_sdf/mol_06801_out.sdf,9,True,False,1,2.820790325422997,0.8928571428571429,0.8076923076923077,9,0.8181818181818182,False,True,True,True,True,True,0.7868216634,7.2782740593,AROMATIC:PHE241;AROMATIC:PHE360;AROMATIC:PHE364;AROMATIC:PHE365;AROMATIC:PHE449;CONTACT:ARG477;CONTACT:GLN473;CONTACT:LYS393;CONTACT:MET214;CONTACT:PHE241;CONTACT:PHE360;CONTACT:PHE364;CONTACT:PHE365;CONTACT:PHE449;HBOND:ARG477;HBOND:GLN473;HYDROPHOBIC:MET214;HYDROPHOBIC:PHE241;HYDROPHOBIC:PHE360;HYDROPHOBIC:PHE364;HYDROPHOBIC:PHE365;HYDROPHOBIC:PHE449;POLAR:ARG477,7,0.92,1,N#Cc1ccc(-c2cnccc2Sc2cccc(C(=O)O)c2)c2ccccc12,active,True,True,True
mol_06802,/home/gwj/work/c1-campaign/URAT1_NLRP3_DualTarget_AIDD_Project/docking_export_20260820/01_phase1_benchmark_URAT1_9DKB/poses/gnina_sdf/mol_06802_out.sdf,9,True,True,1,2.997868686250274,0.7857142857142857,0.68,7,0.6363636363636364,False,True,True,True,True,True,0.6820043325,6.7786064148,AROMATIC:PHE241;AROMATIC:PHE360;AROMATIC:PHE365;AROMATIC:PHE449;CONTACT:ARG477;CONTACT:GLN473;CONTACT:MET214;CONTACT:PHE241;CONTACT:PHE360;CONTACT:PHE365;CONTACT:PHE449;HBOND:ARG477;HYDROPHOBIC:MET214;HYDROPHOBIC:PHE241;HYDROPHOBIC:PHE360;HYDROPHOBIC:PHE365;HYDROPHOBIC:PHE449;POLAR:ARG477,4,0.92,1,N#Cc1ccc(-c2cnccc2Sc2ccccc2C(=O)O)c2ccccc12,active,True,True,True
mol_06831,/home/gwj/work/c1-campaign/URAT1_NLRP3_DualTarget_AIDD_Project/docking_export_20260820/01_phase1_benchmark_URAT1_9DKB/poses/gnina_sdf/mol_06831_out.sdf,9,True,True,1,3.1442802053888217,0.9,0.8518518518518519,11,1.0,False,True,True,True,True,True,0.8114650846,7.8417077065,AROMATIC:PHE241;AROMATIC:PHE360;AROMATIC:PHE364;AROMATIC:PHE365;AROMATIC:PHE449;CONTACT:ARG477;CONTACT:ASP389;CONTACT:GLN473;CONTACT:LYS393;CONTACT:MET214;CONTACT:PHE241;CONTACT:PHE360;CONTACT:PHE364;CONTACT:PHE365;CONTACT:PHE449;CONTACT:SER35;HBOND:ARG477;HBOND:GLN473;HBOND:LYS393;HYDROPHOBIC:MET214;HYDROPHOBIC:PHE241;HYDROPHOBIC:PHE360;HYDROPHOBIC:PHE364;HYDROPHOBIC:PHE365;HYDROPHOBIC:PHE449;POLAR:ARG477,2,0.9166666666666666,1,N#Cc1ccc(Nc2cnccc2SCc2ccccc2C(=O)[O-])c2ccccc12.[Na+],active,True,True,True
mol_06857,/home/gwj/work/c1-campaign/URAT1_NLRP3_DualTarget_AIDD_Project/docking_export_20260820/01_phase1_benchmark_URAT1_9DKB/poses/gnina_sdf/mol_06857_out.sdf,9,True,False,1,3.171003598231955,0.8,0.5769230769230769,7,0.6363636363636364,False,True,True,True,True,True,0.8513841033,5.9772267342,AROMATIC:PHE241;AROMATIC:PHE365;AROMATIC:PHE449;CONTACT:ARG477;CONTACT:GLN473;CONTACT:MET214;CONTACT:PHE241;CONTACT:PHE365;CONTACT:PHE449;CONTACT:SER35;HBOND:ARG477;HBOND:SER35;HYDROPHOBIC:MET214;HYDROPHOBIC:PHE241;HYDROPHOBIC:PHE365;HYDROPHOBIC:PHE449;POLAR:ARG477,7,0.9166666666666666,1,N#Cc1ccc(SC2(C(=O)O)CCC2)c2ccccc12,active,True,True,True
mol_06859,/home/gwj/work/c1-campaign/URAT1_NLRP3_DualTarget_AIDD_Project/docking_export_20260820/01_phase1_benchmark_URAT1_9DKB/poses/gnina_sdf/mol_06859_out.sdf,9,True,True,1,2.974662962421111,0.85,0.6538461538461539,7,0.6363636363636364,False,True,True,True,True,True,0.843405664,6.1445260048,AROMATIC:PHE241;AROMATIC:PHE360;AROMATIC:PHE365;AROMATIC:PHE449;CONTACT:ARG477;CONTACT:GLN473;CONTACT:MET214;CONTACT:PHE241;CONTACT:PHE360;CONTACT:PHE365;CONTACT:PHE449;HBOND:ARG477;HBOND:GLN473;HYDROPHOBIC:MET214;HYDROPHOBIC:PHE241;HYDROPHOBIC:PHE360;HYDROPHOBIC:PHE365;HYDROPHOBIC:PHE449;POLAR:ARG477,2,0.84,1,N#Cc1ccc2nccc(SC3(C(=O)O)CCC3)c2c1,active,True,True,True
mol_08605,/home/gwj/work/c1-campaign/URAT1_NLRP3_DualTarget_AIDD_Project/docking_export_20260820/01_phase1_benchmark_URAT1_9DKB/poses/gnina_sdf/mol_08605_out.sdf,9,True,False,1,2.9545680614939296,0.8571428571428571,0.6538461538461539,7,0.6363636363636364,False,True,True,True,True,True,0.7561733723,6.5368075371,AROMATIC:PHE241;AROMATIC:PHE360;AROMATIC:PHE365;AROMATIC:PHE449;CONTACT:ARG477;CONTACT:GLN473;CONTACT:MET214;CONTACT:PHE241;CONTACT:PHE360;CONTACT:PHE365;CONTACT:PHE449;HBOND:ARG477;HBOND:GLN473;HYDROPHOBIC:MET214;HYDROPHOBIC:PHE241;HYDROPHOBIC:PHE360;HYDROPHOBIC:PHE365;HYDROPHOBIC:PHE449;POLAR:ARG477,2,0.92,1,O=C(O)/C=C/Cc1cccc2c1OC(c1ccc(Br)c3ccccc13)CC2=O,active,True,True,True
mol_08607,/home/gwj/work/c1-campaign/URAT1_NLRP3_DualTarget_AIDD_Project/docking_export_20260820/01_phase1_benchmark_URAT1_9DKB/poses/gnina_sdf/mol_08607_out.sdf,9,True,False,1,2.7845937890471495,0.7857142857142857,0.6538461538461539,7,0.6363636363636364,False,True,True,True,True,True,0.8733823299,6.8332409859,AROMATIC:PHE241;AROMATIC:PHE360;AROMATIC:PHE365;AROMATIC:PHE449;CONTACT:ARG477;CONTACT:GLN473;CONTACT:MET214;CONTACT:PHE241;CONTACT:PHE360;CONTACT:PHE365;CONTACT:PHE449;HBOND:ARG477;HBOND:GLN473;HYDROPHOBIC:MET214;HYDROPHOBIC:PHE241;HYDROPHOBIC:PHE360;HYDROPHOBIC:PHE365;HYDROPHOBIC:PHE449;POLAR:ARG477,6,0.92,1,O=C(O)C/C=C/Cc1c(O)ccc2c1OC(c1csc3ccccc13)CC2=O,active,True,True,True
mol_08608,/home/gwj/work/c1-campaign/URAT1_NLRP3_DualTarget_AIDD_Project/docking_export_20260820/01_phase1_benchmark_URAT1_9DKB/poses/gnina_sdf/mol_08608_out.sdf,9,True,False,1,3.0864161579411067,0.7368421052631579,0.5769230769230769,7,0.6363636363636364,False,True,True,True,True,True,0.8992671371,6.1760482788,AROMATIC:PHE241;AROMATIC:PHE365;AROMATIC:PHE449;CONTACT:ARG477;CONTACT:GLN473;CONTACT:MET214;CONTACT:PHE241;CONTACT:PHE365;CONTACT:PHE449;CONTACT:SER35;HBOND:ARG477;HBOND:GLN473;HYDROPHOBIC:MET214;HYDROPHOBIC:PHE241;HYDROPHOBIC:PHE365;HYDROPHOBIC:PHE449;POLAR:ARG477,6,0.8333333333333334,1,O=C(O)C1(Sc2ccnc3cc(Br)ccc23)CCC1,active,True,True,True
mol_08609,/home/gwj/work/c1-campaign/URAT1_NLRP3_DualTarget_AIDD_Project/docking_export_20260820/01_phase1_benchmark_URAT1_9DKB/poses/gnina_sdf/mol_08609_out.sdf,9,True,False,1,2.834528357593187,0.88,0.6,7,0.6363636363636364,False,True,True,True,True,True,0.7980443835,6.6400990486,AROMATIC:PHE241;AROMATIC:PHE365;AROMATIC:PHE449;CONTACT:ARG477;CONTACT:GLN473;CONTACT:MET214;CONTACT:PHE241;CONTACT:PHE365;CONTACT:PHE449;CONTACT:SER35;HBOND:ARG477;HYDROPHOBIC:MET214;HYDROPHOBIC:PHE241;HYDROPHOBIC:PHE365;HYDROPHOBIC:PHE449;POLAR:ARG477,3,0.9166666666666666,1,O=C(O)C1(Sc2ccnc3ccc(-c4ccc(F)cc4)cc23)CCC1,active,True,True,True
mol_08610,/home/gwj/work/c1-campaign/URAT1_NLRP3_DualTarget_AIDD_Project/docking_export_20260820/01_phase1_benchmark_URAT1_9DKB/poses/gnina_sdf/mol_08610_out.sdf,9,False,False,1,12.377852903472387,0.9642857142857143,0.8333333333333334,8,0.7272727272727273,False,False,True,True,True,True,0.8262928128,7.4055938721,AROMATIC:PHE241;AROMATIC:PHE360;AROMATIC:PHE364;AROMATIC:PHE365;AROMATIC:PHE449;CONTACT:ARG477;CONTACT:GLN473;CONTACT:LYS393;CONTACT:PHE241;CONTACT:PHE360;CONTACT:PHE364;CONTACT:PHE365;CONTACT:PHE449;HBOND:LYS393;HYDROPHOBIC:PHE241;HYDROPHOBIC:PHE360;HYDROPHOBIC:PHE364;HYDROPHOBIC:PHE365;HYDROPHOBIC:PHE449;POLAR:ARG477,1,0.8333333333333334,1,O=C(O)C1(Sc2ccnc3ccc(-c4cccc(C(F)(F)F)c4)cc23)CCC1,active,False,True,False
mol_08611,/home/gwj/work/c1-campaign/URAT1_NLRP3_DualTarget_AIDD_Project/docking_export_20260820/01_phase1_benchmark_URAT1_9DKB/poses/gnina_sdf/mol_08611_out.sdf,9,False,True,1,12.363786106609902,0.96,0.8333333333333334,8,0.7272727272727273,False,False,True,True,True,True,0.7985442877,7.217654705,AROMATIC:PHE241;AROMATIC:PHE360;AROMATIC:PHE364;AROMATIC:PHE365;AROMATIC:PHE449;CONTACT:ARG477;CONTACT:GLN473;CONTACT:LYS393;CONTACT:PHE241;CONTACT:PHE360;CONTACT:PHE364;CONTACT:PHE365;CONTACT:PHE449;HBOND:LYS393;HYDROPHOBIC:PHE241;HYDROPHOBIC:PHE360;HYDROPHOBIC:PHE364;HYDROPHOBIC:PHE365;HYDROPHOBIC:PHE449;POLAR:ARG477,8,0.84,1,O=C(O)C1(Sc2ccnc3ccc(-c4cccc(F)c4)cc23)CCC1,active,False,True,False
mol_08612,/home/gwj/work/c1-campaign/URAT1_NLRP3_DualTarget_AIDD_Project/docking_export_20260820/01_phase1_benchmark_URAT1_9DKB/poses/gnina_sdf/mol_08612_out.sdf,9,False,False,1,11.97809948364096,0.9642857142857143,0.9166666666666666,9,0.8181818181818182,False,False,True,True,True,True,0.807323873,7.4064679146,AROMATIC:PHE241;AROMATIC:PHE360;AROMATIC:PHE364;AROMATIC:PHE365;AROMATIC:PHE449;CONTACT:ARG477;CONTACT:GLN473;CONTACT:LYS393;CONTACT:MET214;CONTACT:PHE241;CONTACT:PHE360;CONTACT:PHE364;CONTACT:PHE365;CONTACT:PHE449;HBOND:LYS393;HYDROPHOBIC:MET214;HYDROPHOBIC:PHE241;HYDROPHOBIC:PHE360;HYDROPHOBIC:PHE364;HYDROPHOBIC:PHE365;HYDROPHOBIC:PHE449;POLAR:ARG477,5,0.9583333333333334,1,O=C(O)C1(Sc2ccnc3ccc(-c4ccccc4C(F)(F)F)cc23)CCC1,active,False,True,False
mol_08613,/home/gwj/work/c1-campaign/URAT1_NLRP3_DualTarget_AIDD_Project/docking_export_20260820/01_phase1_benchmark_URAT1_9DKB/poses/gnina_sdf/mol_08613_out.sdf,9,False,False,1,12.509830535622768,0.96,0.9166666666666666,9,0.8181818181818182,False,False,True,True,True,True,0.7346507311,7.1532721519,AROMATIC:PHE241;AROMATIC:PHE360;AROMATIC:PHE364;AROMATIC:PHE365;AROMATIC:PHE449;CONTACT:ARG477;CONTACT:GLN473;CONTACT:LYS393;CONTACT:MET214;CONTACT:PHE241;CONTACT:PHE360;CONTACT:PHE364;CONTACT:PHE365;CONTACT:PHE449;HBOND:LYS393;HYDROPHOBIC:MET214;HYDROPHOBIC:PHE241;HYDROPHOBIC:PHE360;HYDROPHOBIC:PHE364;HYDROPHOBIC:PHE365;HYDROPHOBIC:PHE449;POLAR:ARG477,1,0.9166666666666666,1,O=C(O)C1(Sc2ccnc3ccc(-c4ccccc4F)cc23)CCC1,active,False,True,False
mol_08614,/home/gwj/work/c1-campaign/URAT1_NLRP3_DualTarget_AIDD_Project/docking_export_20260820/01_phase1_benchmark_URAT1_9DKB/poses/gnina_sdf/mol_08614_out.sdf,9,False,False,1,11.073151913073346,1.0,0.7916666666666666,7,0.6363636363636364,False,False,True,True,True,True,0.8057509065,5.9296994209,AROMATIC:PHE241;AROMATIC:PHE360;AROMATIC:PHE364;AROMATIC:PHE365;AROMATIC:PHE449;CONTACT:LYS393;CONTACT:MET214;CONTACT:PHE241;CONTACT:PHE360;CONTACT:PHE364;CONTACT:PHE365;CONTACT:PHE449;HBOND:LYS393;HYDROPHOBIC:MET214;HYDROPHOBIC:PHE241;HYDROPHOBIC:PHE360;HYDROPHOBIC:PHE364;HYDROPHOBIC:PHE365;HYDROPHOBIC:PHE449,6,0.875,1,O=C(O)C1(Sc2ccnc3ccc(Br)cc23)CC1,active,False,True,False
mol_08615,/home/gwj/work/c1-campaign/URAT1_NLRP3_DualTarget_AIDD_Project/docking_export_20260820/01_phase1_benchmark_URAT1_9DKB/poses/gnina_sdf/mol_08615_out.sdf,9,True,False,1,3.1557100326233996,0.8947368421052632,0.5384615384615384,6,0.5454545454545454,False,True,True,True,True,True,0.8070768118,5.7900180817,AROMATIC:PHE241;AROMATIC:PHE365;AROMATIC:PHE449;CONTACT:ARG477;CONTACT:GLN473;CONTACT:MET214;CONTACT:PHE241;CONTACT:PHE365;CONTACT:PHE449;HBOND:ARG477;HBOND:GLN473;HYDROPHOBIC:MET214;HYDROPHOBIC:PHE241;HYDROPHOBIC:PHE365;HYDROPHOBIC:PHE449;POLAR:ARG477,7,0.875,1,O=C(O)C1(Sc2ccnc3ccc(Br)cc23)CCC1,active,True,True,True
mol_08616,/home/gwj/work/c1-campaign/URAT1_NLRP3_DualTarget_AIDD_Project/docking_export_20260820/01_phase1_benchmark_URAT1_9DKB/poses/gnina_sdf/mol_08616_out.sdf,9,True,True,1,2.9940257463822832,0.85,0.5384615384615384,6,0.5454545454545454,False,True,True,True,True,True,0.8233323693,6.1746668816,AROMATIC:PHE241;AROMATIC:PHE365;AROMATIC:PHE449;CONTACT:ARG477;CONTACT:GLN473;CONTACT:MET214;CONTACT:PHE241;CONTACT:PHE365;CONTACT:PHE449;HBOND:ARG477;HBOND:GLN473;HYDROPHOBIC:MET214;HYDROPHOBIC:PHE241;HYDROPHOBIC:PHE365;HYDROPHOBIC:PHE449;POLAR:ARG477,4,0.8,1,O=C(O)C1(Sc2ccnc3ccc(Br)cc23)CCCC1,active,True,True,True
mol_08617,/home/gwj/work/c1-campaign/URAT1_NLRP3_DualTarget_AIDD_Project/docking_export_20260820/01_phase1_benchmark_URAT1_9DKB/poses/gnina_sdf/mol_08617_out.sdf,9,False,False,1,10.704949465550962,0.8181818181818182,0.84,9,0.8181818181818182,False,False,True,True,True,True,0.7473335862,6.3634428978,AROMATIC:PHE241;AROMATIC:PHE360;AROMATIC:PHE364;AROMATIC:PHE365;AROMATIC:PHE449;CONTACT:ARG477;CONTACT:GLN473;CONTACT:LYS393;CONTACT:MET214;CONTACT:PHE241;CONTACT:PHE360;CONTACT:PHE364;CONTACT:PHE365;CONTACT:PHE449;HBOND:GLN473;HYDROPHOBIC:MET214;HYDROPHOBIC:PHE241;HYDROPHOBIC:PHE360;HYDROPHOBIC:PHE364;HYDROPHOBIC:PHE365;HYDROPHOBIC:PHE449;POLAR:ARG477,2,0.9166666666666666,1,O=C(O)C1(Sc2ccnc3ccc(C(F)(F)F)cc23)CCC1,active,False,True,False
mol_08618,/home/gwj/work/c1-campaign/URAT1_NLRP3_DualTarget_AIDD_Project/docking_export_20260820/01_phase1_benchmark_URAT1_9DKB/poses/gnina_sdf/mol_08618_out.sdf,9,True,False,1,3.1082292997782477,1.0,0.84,9,0.8181818181818182,False,True,True,True,True,True,0.8096207976,6.5597949028,AROMATIC:PHE241;AROMATIC:PHE360;AROMATIC:PHE364;AROMATIC:PHE365;AROMATIC:PHE449;CONTACT:ARG477;CONTACT:GLN473;CONTACT:LYS393;CONTACT:MET214;CONTACT:PHE241;CONTACT:PHE360;CONTACT:PHE364;CONTACT:PHE365;CONTACT:PHE449;HBOND:ARG477;HYDROPHOBIC:MET214;HYDROPHOBIC:PHE241;HYDROPHOBIC:PHE360;HYDROPHOBIC:PHE364;HYDROPHOBIC:PHE365;HYDROPHOBIC:PHE449;POLAR:ARG477,7,0.875,1,O=C(O)C1(Sc2ccnc3ccc(C4CC4)cc23)CCC1,active,True,True,True
mol_08619,/home/gwj/work/c1-campaign/URAT1_NLRP3_DualTarget_AIDD_Project/docking_export_20260820/01_phase1_benchmark_URAT1_9DKB/poses/gnina_sdf/mol_08619_out.sdf,9,False,False,1,11.040828013333055,1.0,0.76,8,0.7272727272727273,False,False,True,True,True,True,0.8462781906,6.3326721191,AROMATIC:PHE241;AROMATIC:PHE360;AROMATIC:PHE364;AROMATIC:PHE365;AROMATIC:PHE449;CONTACT:ASP389;CONTACT:LYS393;CONTACT:MET214;CONTACT:PHE241;CONTACT:PHE360;CONTACT:PHE364;CONTACT:PHE365;CONTACT:PHE449;HBOND:LYS393;HYDROPHOBIC:MET214;HYDROPHOBIC:PHE241;HYDROPHOBIC:PHE360;HYDROPHOBIC:PHE364;HYDROPHOBIC:PHE365;HYDROPHOBIC:PHE449,4,0.875,1,O=C(O)C1(Sc2ccnc3ccc(F)cc23)CCC1,active,False,True,False
mol_08620,/home/gwj/work/c1-campaign/URAT1_NLRP3_DualTarget_AIDD_Project/docking_export_20260820/01_phase1_benchmark_URAT1_9DKB/poses/gnina_sdf/mol_08620_out.sdf,9,True,True,1,3.089835584622577,0.7777777777777778,0.5769230769230769,7,0.6363636363636364,False,True,True,True,True,True,0.784583509,5.6113510132,AROMATIC:PHE241;AROMATIC:PHE365;AROMATIC:PHE449;CONTACT:ARG477;CONTACT:GLN473;CONTACT:MET214;CONTACT:PHE241;CONTACT:PHE365;CONTACT:PHE449;CONTACT:SER35;HBOND:ARG477;HBOND:GLN473;HYDROPHOBIC:MET214;HYDROPHOBIC:PHE241;HYDROPHOBIC:PHE365;HYDROPHOBIC:PHE449;POLAR:ARG477,2,0.8333333333333334,1,O=C(O)C1(Sc2ccnc3ccccc23)CCC1,active,True,True,True
mol_08621,/home/gwj/work/c1-campaign/URAT1_NLRP3_DualTarget_AIDD_Project/docking_export_20260820/01_phase1_benchmark_URAT1_9DKB/poses/gnina_sdf/mol_08621_out.sdf,9,True,False,1,3.9645707611291243,0.88,0.84,9,0.8181818181818182,False,True,True,True,True,True,0.7983167768,7.2638449669,AROMATIC:PHE241;AROMATIC:PHE360;AROMATIC:PHE364;AROMATIC:PHE365;AROMATIC:PHE449;CONTACT:ARG477;CONTACT:GLN473;CONTACT:LYS393;CONTACT:MET214;CONTACT:PHE241;CONTACT:PHE360;CONTACT:PHE364;CONTACT:PHE365;CONTACT:PHE449;HBOND:GLN473;HYDROPHOBIC:MET214;HYDROPHOBIC:PHE241;HYDROPHOBIC:PHE360;HYDROPHOBIC:PHE364;HYDROPHOBIC:PHE365;HYDROPHOBIC:PHE449;POLAR:ARG477,5,0.8461538461538461,1,O=C(O)CC1(CSc2ccncc2-c2ccc(C3(O)CC3)cc2)CC1,active,True,True,True
mol_08622,/home/gwj/work/c1-campaign/URAT1_NLRP3_DualTarget_AIDD_Project/docking_export_20260820/01_phase1_benchmark_URAT1_9DKB/poses/gnina_sdf/mol_08622_out.sdf,9,True,True,1,3.0080020212759155,0.9565217391304348,0.8461538461538461,10,0.9090909090909091,False,True,True,True,True,True,0.9062069654,7.5450949669,AROMATIC:PHE241;AROMATIC:PHE360;AROMATIC:PHE364;AROMATIC:PHE365;AROMATIC:PHE449;CONTACT:ARG477;CONTACT:ASP389;CONTACT:GLN473;CONTACT:LYS393;CONTACT:MET214;CONTACT:PHE241;CONTACT:PHE360;CONTACT:PHE364;CONTACT:PHE365;CONTACT:PHE449;HBOND:ARG477;HBOND:LYS393;HYDROPHOBIC:MET214;HYDROPHOBIC:PHE241;HYDROPHOBIC:PHE360;HYDROPHOBIC:PHE364;HYDROPHOBIC:PHE365;HYDROPHOBIC:PHE449;POLAR:ARG477,7,0.8846153846153846,1,O=C(O)CC1(CSc2ccncc2C2=CC=C(CO)CC2)CC1,active,True,True,True
mol_08623,/home/gwj/work/c1-campaign/URAT1_NLRP3_DualTarget_AIDD_Project/docking_export_20260820/01_phase1_benchmark_URAT1_9DKB/poses/gnina_sdf/mol_08623_out.sdf,9,False,False,1,12.496947468081945,0.9310344827586207,0.92,11,1.0,False,False,True,True,True,True,0.959215939,7.7938761711,AROMATIC:PHE241;AROMATIC:PHE360;AROMATIC:PHE364;AROMATIC:PHE365;AROMATIC:PHE449;CONTACT:ARG477;CONTACT:ASP389;CONTACT:GLN473;CONTACT:LYS393;CONTACT:MET214;CONTACT:PHE241;CONTACT:PHE360;CONTACT:PHE364;CONTACT:PHE365;CONTACT:PHE449;CONTACT:SER35;HBOND:LYS393;HYDROPHOBIC:MET214;HYDROPHOBIC:PHE241;HYDROPHOBIC:PHE360;HYDROPHOBIC:PHE364;HYDROPHOBIC:PHE365;HYDROPHOBIC:PHE449;POLAR:ARG477,1,0.92,1,O=C(O)CCCCN(c1cccc(F)c1)c1ccnc2ccc(C(F)(F)F)cc12,active,False,True,False
mol_08624,/home/gwj/work/c1-campaign/URAT1_NLRP3_DualTarget_AIDD_Project/docking_export_20260820/01_phase1_benchmark_URAT1_9DKB/poses/gnina_sdf/mol_08624_out.sdf,9,True,False,1,2.854562693303473,0.8928571428571429,0.6538461538461539,7,0.6363636363636364,False,True,True,True,True,True,0.9373378754,7.2252011299,AROMATIC:PHE241;AROMATIC:PHE360;AROMATIC:PHE365;AROMATIC:PHE449;CONTACT:ARG477;CONTACT:GLN473;CONTACT:MET214;CONTACT:PHE241;CONTACT:PHE360;CONTACT:PHE365;CONTACT:PHE449;HBOND:ARG477;HBOND:GLN473;HYDROPHOBIC:MET214;HYDROPHOBIC:PHE241;HYDROPHOBIC:PHE360;HYDROPHOBIC:PHE365;HYDROPHOBIC:PHE449;POLAR:ARG477,7,0.9583333333333334,1,O=C(O)CCCN(c1ccc(Cl)cc1)c1ccnc2ccc(C(F)(F)F)cc12,active,True,True,True
mol_08625,/home/gwj/work/c1-campaign/URAT1_NLRP3_DualTarget_AIDD_Project/docking_export_20260820/01_phase1_benchmark_URAT1_9DKB/poses/gnina_sdf/mol_08625_out.sdf,9,False,False,1,12.575243198443518,1.0,0.88,10,0.9090909090909091,False,False,True,True,True,True,0.9347587824,7.4505772591,AROMATIC:PHE241;AROMATIC:PHE360;AROMATIC:PHE364;AROMATIC:PHE365;AROMATIC:PHE449;CONTACT:ARG477;CONTACT:ASP389;CONTACT:LYS393;CONTACT:MET214;CONTACT:PHE241;CONTACT:PHE360;CONTACT:PHE364;CONTACT:PHE365;CONTACT:PHE449;CONTACT:SER35;HBOND:LYS393;HYDROPHOBIC:MET214;HYDROPHOBIC:PHE241;HYDROPHOBIC:PHE360;HYDROPHOBIC:PHE364;HYDROPHOBIC:PHE365;HYDROPHOBIC:PHE449;POLAR:ARG477,7,0.9583333333333334,1,O=C(O)CCCN(c1cccc(Br)c1)c1ccnc2ccc(C(F)(F)F)cc12,active,False,True,False
mol_08626,/home/gwj/work/c1-campaign/URAT1_NLRP3_DualTarget_AIDD_Project/docking_export_20260820/01_phase1_benchmark_URAT1_9DKB/poses/gnina_sdf/mol_08626_out.sdf,9,True,True,1,2.9845687293141663,0.9032258064516129,0.7692307692307693,8,0.7272727272727273,False,True,True,True,True,True,0.9023621678,7.3009953499,AROMATIC:PHE241;AROMATIC:PHE360;AROMATIC:PHE364;AROMATIC:PHE365;AROMATIC:PHE449;CONTACT:ARG477;CONTACT:GLN473;CONTACT:MET214;CONTACT:PHE241;CONTACT:PHE360;CONTACT:PHE364;CONTACT:PHE365;CONTACT:PHE449;HBOND:ARG477;HBOND:GLN473;HYDROPHOBIC:MET214;HYDROPHOBIC:PHE241;HYDROPHOBIC:PHE360;HYDROPHOBIC:PHE364;HYDROPHOBIC:PHE365;HYDROPHOBIC:PHE449;POLAR:ARG477,3,0.7777777777777778,1,O=C(O)CCCN(c1cccc(F)c1)c1ccnc2ccc(-c3ccc(F)cc3)cc12,active,True,True,True
mol_08627,/home/gwj/work/c1-campaign/URAT1_NLRP3_DualTarget_AIDD_Project/docking_export_20260820/01_phase1_benchmark_URAT1_9DKB/poses/gnina_sdf/mol_08627_out.sdf,9,False,False,1,12.291871456373112,0.96,0.84,10,0.9090909090909091,False,False,True,True,True,True,0.9560079575,7.3759942055,AROMATIC:PHE241;AROMATIC:PHE360;AROMATIC:PHE364;AROMATIC:PHE365;AROMATIC:PHE449;CONTACT:ASP389;CONTACT:GLN473;CONTACT:LYS393;CONTACT:MET214;CONTACT:PHE241;CONTACT:PHE360;CONTACT:PHE364;CONTACT:PHE365;CONTACT:PHE449;CONTACT:SER35;HBOND:LYS393;HYDROPHOBIC:MET214;HYDROPHOBIC:PHE241;HYDROPHOBIC:PHE360;HYDROPHOBIC:PHE364;HYDROPHOBIC:PHE365;HYDROPHOBIC:PHE449,7,0.9166666666666666,1,O=C(O)CCCN(c1cccc(F)c1)c1ccnc2ccc(Br)cc12,active,False,True,False
mol_08628,/home/gwj/work/c1-campaign/URAT1_NLRP3_DualTarget_AIDD_Project/docking_export_20260820/01_phase1_benchmark_URAT1_9DKB/poses/gnina_sdf/mol_08628_out.sdf,9,False,False,1,12.366291137604675,0.8571428571428571,0.8461538461538461,10,0.9090909090909091,False,False,True,True,True,True,0.9171250463,7.1899056435,AROMATIC:PHE241;AROMATIC:PHE360;AROMATIC:PHE364;AROMATIC:PHE365;AROMATIC:PHE449;CONTACT:ARG477;CONTACT:ASP389;CONTACT:GLN473;CONTACT:LYS393;CONTACT:MET214;CONTACT:PHE241;CONTACT:PHE360;CONTACT:PHE364;CONTACT:PHE365;CONTACT:PHE449;HBOND:GLN473;HBOND:LYS393;HYDROPHOBIC:MET214;HYDROPHOBIC:PHE241;HYDROPHOBIC:PHE360;HYDROPHOBIC:PHE364;HYDROPHOBIC:PHE365;HYDROPHOBIC:PHE449;POLAR:ARG477,3,0.9583333333333334,1,O=C(O)CCCN(c1cccc(F)c1)c1ccnc2ccc(C(F)(F)F)cc12,active,False,True,False
mol_08629,/home/gwj/work/c1-campaign/URAT1_NLRP3_DualTarget_AIDD_Project/docking_export_20260820/01_phase1_benchmark_URAT1_9DKB/poses/gnina_sdf/mol_08629_out.sdf,9,True,False,1,2.760823109146985,0.8333333333333334,0.6538461538461539,7,0.6363636363636364,False,True,True,True,True,True,0.9331114888,6.6573848724,AROMATIC:PHE241;AROMATIC:PHE360;AROMATIC:PHE365;AROMATIC:PHE449;CONTACT:ARG477;CONTACT:GLN473;CONTACT:MET214;CONTACT:PHE241;CONTACT:PHE360;CONTACT:PHE365;CONTACT:PHE449;HBOND:ARG477;HBOND:GLN473;HYDROPHOBIC:MET214;HYDROPHOBIC:PHE241;HYDROPHOBIC:PHE360;HYDROPHOBIC:PHE365;HYDROPHOBIC:PHE449;POLAR:ARG477,4,0.9166666666666666,1,O=C(O)CCCN(c1cccc(F)c1)c1ccnc2ccccc12,active,True,True,True
mol_08630,/home/gwj/work/c1-campaign/URAT1_NLRP3_DualTarget_AIDD_Project/docking_export_20260820/01_phase1_benchmark_URAT1_9DKB/poses/gnina_sdf/mol_08630_out.sdf,9,True,False,1,2.8536402260971783,0.8928571428571429,0.7692307692307693,8,0.7272727272727273,False,True,True,True,True,True,0.9025489092,7.0976252556,AROMATIC:PHE241;AROMATIC:PHE360;AROMATIC:PHE364;AROMATIC:PHE365;AROMATIC:PHE449;CONTACT:ARG477;CONTACT:GLN473;CONTACT:MET214;CONTACT:PHE241;CONTACT:PHE360;CONTACT:PHE364;CONTACT:PHE365;CONTACT:PHE449;HBOND:ARG477;HBOND:GLN473;HYDROPHOBIC:MET214;HYDROPHOBIC:PHE241;HYDROPHOBIC:PHE360;HYDROPHOBIC:PHE364;HYDROPHOBIC:PHE365;HYDROPHOBIC:PHE449;POLAR:ARG477,2,0.92,1,O=C(O)CCCN(c1ccccc1F)c1ccnc2ccc(C(F)(F)F)cc12,active,True,True,True
mol_08634,/home/gwj/work/c1-campaign/URAT1_NLRP3_DualTarget_AIDD_Project/docking_export_20260820/01_phase1_benchmark_URAT1_9DKB/poses/gnina_sdf/mol_08634_out.sdf,9,False,False,1,12.804319712503267,1.0,0.88,10,0.9090909090909091,False,False,True,True,True,True,0.8283150196,7.0125083923,AROMATIC:PHE241;AROMATIC:PHE360;AROMATIC:PHE364;AROMATIC:PHE365;AROMATIC:PHE449;CONTACT:ARG477;CONTACT:ASP389;CONTACT:GLN473;CONTACT:LYS393;CONTACT:MET214;CONTACT:PHE241;CONTACT:PHE360;CONTACT:PHE364;CONTACT:PHE365;CONTACT:PHE449;HBOND:LYS393;HYDROPHOBIC:MET214;HYDROPHOBIC:PHE241;HYDROPHOBIC:PHE360;HYDROPHOBIC:PHE364;HYDROPHOBIC:PHE365;HYDROPHOBIC:PHE449;POLAR:ARG477,3,0.9583333333333334,1,O=C(O)CCc1cc2c(Cc3c(Cl)cccc3Cl)cccc2s1,active,False,True,False
mol_08635,/home/gwj/work/c1-campaign/URAT1_NLRP3_DualTarget_AIDD_Project/docking_export_20260820/01_phase1_benchmark_URAT1_9DKB/poses/gnina_sdf/mol_08635_out.sdf,9,True,False,1,2.949372302711207,0.9130434782608695,0.7692307692307693,8,0.7272727272727273,False,True,True,True,True,True,0.9255942702,6.8004212379,AROMATIC:PHE241;AROMATIC:PHE360;AROMATIC:PHE364;AROMATIC:PHE365;AROMATIC:PHE449;CONTACT:ARG477;CONTACT:GLN473;CONTACT:MET214;CONTACT:PHE241;CONTACT:PHE360;CONTACT:PHE364;CONTACT:PHE365;CONTACT:PHE449;HBOND:ARG477;HBOND:GLN473;HYDROPHOBIC:MET214;HYDROPHOBIC:PHE241;HYDROPHOBIC:PHE360;HYDROPHOBIC:PHE364;HYDROPHOBIC:PHE365;HYDROPHOBIC:PHE449;POLAR:ARG477,5,0.9166666666666666,1,O=C(O)CCc1nnc(Br)n1Cc1ccc(Br)c2ccccc12,active,True,True,True
mol_08636,/home/gwj/work/c1-campaign/URAT1_NLRP3_DualTarget_AIDD_Project/docking_export_20260820/01_phase1_benchmark_URAT1_9DKB/poses/gnina_sdf/mol_08636_out.sdf,9,True,False,1,3.057449849138979,0.84,0.8076923076923077,9,0.8181818181818182,False,True,True,True,True,True,0.8473483324,6.6781654358,AROMATIC:PHE241;AROMATIC:PHE360;AROMATIC:PHE364;AROMATIC:PHE365;AROMATIC:PHE449;CONTACT:ARG477;CONTACT:GLN473;CONTACT:LYS393;CONTACT:MET214;CONTACT:PHE241;CONTACT:PHE360;CONTACT:PHE364;CONTACT:PHE365;CONTACT:PHE449;HBOND:ARG477;HBOND:GLN473;HYDROPHOBIC:MET214;HYDROPHOBIC:PHE241;HYDROPHOBIC:PHE360;HYDROPHOBIC:PHE364;HYDROPHOBIC:PHE365;HYDROPHOBIC:PHE449;POLAR:ARG477,4,0.9166666666666666,1,O=C(O)CCc1nnc(Br)n1Cc1ccc(C2CC2)c2ccccc12,active,True,True,True
mol_08639,/home/gwj/work/c1-campaign/URAT1_NLRP3_DualTarget_AIDD_Project/docking_export_20260820/01_phase1_benchmark_URAT1_9DKB/poses/gnina_sdf/mol_08639_out.sdf,9,False,False,1,13.073083071334015,0.9565217391304348,0.88,10,0.9090909090909091,False,False,True,True,True,True,0.8948314786,6.9372940063,AROMATIC:PHE241;AROMATIC:PHE360;AROMATIC:PHE364;AROMATIC:PHE365;AROMATIC:PHE449;CONTACT:ARG477;CONTACT:ASP389;CONTACT:GLN473;CONTACT:LYS393;CONTACT:MET214;CONTACT:PHE241;CONTACT:PHE360;CONTACT:PHE364;CONTACT:PHE365;CONTACT:PHE449;HBOND:LYS393;HYDROPHOBIC:MET214;HYDROPHOBIC:PHE241;HYDROPHOBIC:PHE360;HYDROPHOBIC:PHE364;HYDROPHOBIC:PHE365;HYDROPHOBIC:PHE449;POLAR:ARG477,7,0.9583333333333334,1,O=C(O)CSc1nnc(Br)n1Cc1ccc(Br)c2ccccc12,active,False,True,False
mol_08640,/home/gwj/work/c1-campaign/URAT1_NLRP3_DualTarget_AIDD_Project/docking_export_20260820/01_phase1_benchmark_URAT1_9DKB/poses/gnina_sdf/mol_08640_out.sdf,9,False,False,1,14.38720700553099,1.0,0.8076923076923077,9,0.8181818181818182,False,False,True,True,True,True,0.907774508,7.2623419762,AROMATIC:PHE241;AROMATIC:PHE360;AROMATIC:PHE364;AROMATIC:PHE365;AROMATIC:PHE449;CONTACT:ARG477;CONTACT:ASP389;CONTACT:LYS393;CONTACT:MET214;CONTACT:PHE241;CONTACT:PHE360;CONTACT:PHE364;CONTACT:PHE365;CONTACT:PHE449;HBOND:ASP389;HBOND:LYS393;HYDROPHOBIC:MET214;HYDROPHOBIC:PHE241;HYDROPHOBIC:PHE360;HYDROPHOBIC:PHE364;HYDROPHOBIC:PHE365;HYDROPHOBIC:PHE449;POLAR:ARG477,3,0.88,1,O=C(O)CSc1nnc(Br)n1Cc1ccc(C2CC2)c2ccccc12,active,False,True,False
mol_08641,/home/gwj/work/c1-campaign/URAT1_NLRP3_DualTarget_AIDD_Project/docking_export_20260820/01_phase1_benchmark_URAT1_9DKB/poses/gnina_sdf/mol_08641_out.sdf,9,False,False,1,14.205248995001812,1.0,0.84,9,0.8181818181818182,False,False,True,True,True,True,0.8815968037,7.1069145203,AROMATIC:PHE241;AROMATIC:PHE360;AROMATIC:PHE364;AROMATIC:PHE365;AROMATIC:PHE449;CONTACT:ARG477;CONTACT:ASP389;CONTACT:LYS393;CONTACT:MET214;CONTACT:PHE241;CONTACT:PHE360;CONTACT:PHE364;CONTACT:PHE365;CONTACT:PHE449;HBOND:LYS393;HYDROPHOBIC:MET214;HYDROPHOBIC:PHE241;HYDROPHOBIC:PHE360;HYDROPHOBIC:PHE364;HYDROPHOBIC:PHE365;HYDROPHOBIC:PHE449;POLAR:ARG477,8,0.9166666666666666,1,O=C(O)CSc1nnc(Cl)n1Cc1ccc(C2CC2)c2ccccc12,active,False,True,False
mol_08642,/home/gwj/work/c1-campaign/URAT1_NLRP3_DualTarget_AIDD_Project/docking_export_20260820/01_phase1_benchmark_URAT1_9DKB/poses/gnina_sdf/mol_08642_out.sdf,9,False,False,1,14.216044285243344,1.0,0.8076923076923077,9,0.8181818181818182,False,False,True,True,True,True,0.9219584465,7.3922729492,AROMATIC:PHE241;AROMATIC:PHE360;AROMATIC:PHE364;AROMATIC:PHE365;AROMATIC:PHE449;CONTACT:ARG477;CONTACT:ASP389;CONTACT:LYS393;CONTACT:MET214;CONTACT:PHE241;CONTACT:PHE360;CONTACT:PHE364;CONTACT:PHE365;CONTACT:PHE449;HBOND:ASP389;HBOND:LYS393;HYDROPHOBIC:MET214;HYDROPHOBIC:PHE241;HYDROPHOBIC:PHE360;HYDROPHOBIC:PHE364;HYDROPHOBIC:PHE365;HYDROPHOBIC:PHE449;POLAR:ARG477,8,0.9166666666666666,1,O=C(O)CSc1nnc(I)n1Cc1ccc(C2CC2)c2ccccc12,active,False,True,False
mol_08643,/home/gwj/work/c1-campaign/URAT1_NLRP3_DualTarget_AIDD_Project/docking_export_20260820/01_phase1_benchmark_URAT1_9DKB/poses/gnina_sdf/mol_08643_out.sdf,9,False,False,1,13.65091663076146,1.0,0.84,9,0.8181818181818182,False,False,True,True,True,True,0.8749834895,7.1186156273,AROMATIC:PHE241;AROMATIC:PHE360;AROMATIC:PHE364;AROMATIC:PHE365;AROMATIC:PHE449;CONTACT:ARG477;CONTACT:ASP389;CONTACT:LYS393;CONTACT:MET214;CONTACT:PHE241;CONTACT:PHE360;CONTACT:PHE364;CONTACT:PHE365;CONTACT:PHE449;HBOND:LYS393;HYDROPHOBIC:MET214;HYDROPHOBIC:PHE241;HYDROPHOBIC:PHE360;HYDROPHOBIC:PHE364;HYDROPHOBIC:PHE365;HYDROPHOBIC:PHE449;POLAR:ARG477,1,0.84,1,O=C(O)Cc1ccc2c(C3CC3)nn(Cc3c(Cl)cccc3Cl)c2c1,active,False,True,False
mol_08653,/home/gwj/work/c1-campaign/URAT1_NLRP3_DualTarget_AIDD_Project/docking_export_20260820/01_phase1_benchmark_URAT1_9DKB/poses/gnina_sdf/mol_08653_out.sdf,9,True,True,1,3.3059883015521976,0.8518518518518519,0.84,9,0.8181818181818182,False,True,True,True,True,True,0.7618393302,7.100353241,AROMATIC:PHE241;AROMATIC:PHE360;AROMATIC:PHE364;AROMATIC:PHE365;AROMATIC:PHE449;CONTACT:ARG477;CONTACT:GLN473;CONTACT:LYS393;CONTACT:MET214;CONTACT:PHE241;CONTACT:PHE360;CONTACT:PHE364;CONTACT:PHE365;CONTACT:PHE449;HBOND:ARG477;HYDROPHOBIC:MET214;HYDROPHOBIC:PHE241;HYDROPHOBIC:PHE360;HYDROPHOBIC:PHE364;HYDROPHOBIC:PHE365;HYDROPHOBIC:PHE449;POLAR:ARG477,6,0.875,1,O=C(O)c1ccccc1-c1ccccc1-c1nc(-c2ccncc2Cl)no1,active,True,True,True
mol_08654,/home/gwj/work/c1-campaign/URAT1_NLRP3_DualTarget_AIDD_Project/docking_export_20260820/01_phase1_benchmark_URAT1_9DKB/poses/gnina_sdf/mol_08654_out.sdf,9,False,False,1,3.3993901011799053,0.6666666666666666,0.4230769230769231,5,0.45454545454545453,False,True,True,False,False,True,0.6340142488,5.575881958,AROMATIC:PHE365;AROMATIC:PHE449;CONTACT:ARG477;CONTACT:GLN473;CONTACT:MET214;CONTACT:PHE365;CONTACT:PHE449;HBOND:ARG477;HBOND:GLN473;HYDROPHOBIC:MET214;HYDROPHOBIC:PHE365;HYDROPHOBIC:PHE449;POLAR:ARG477,7,0.9583333333333334,1,O=C(O)c1ccccc1-c1ccccc1C(=O)N1CCCc2ccccc21,active,True,True,True
mol_08655,/home/gwj/work/c1-campaign/URAT1_NLRP3_DualTarget_AIDD_Project/docking_export_20260820/01_phase1_benchmark_URAT1_9DKB/poses/gnina_sdf/mol_08655_out.sdf,9,False,False,1,14.189841386358053,1.0,0.76,8,0.7272727272727273,False,False,True,True,True,True,0.9146168232,7.0149283409,AROMATIC:PHE241;AROMATIC:PHE360;AROMATIC:PHE364;AROMATIC:PHE365;AROMATIC:PHE449;CONTACT:ASP389;CONTACT:LYS393;CONTACT:MET214;CONTACT:PHE241;CONTACT:PHE360;CONTACT:PHE364;CONTACT:PHE365;CONTACT:PHE449;HBOND:LYS393;HYDROPHOBIC:MET214;HYDROPHOBIC:PHE241;HYDROPHOBIC:PHE360;HYDROPHOBIC:PHE364;HYDROPHOBIC:PHE365;HYDROPHOBIC:PHE449,3,0.84,1,O=C(O)c1cnc2c(Cl)nn(Cc3c(Cl)cccc3Cl)c2c1,active,False,True,False
mol_08759,/home/gwj/work/c1-campaign/URAT1_NLRP3_DualTarget_AIDD_Project/docking_export_20260820/01_phase1_benchmark_URAT1_9DKB/poses/gnina_sdf/mol_08759_out.sdf,9,True,False,1,2.9847398898396458,0.7916666666666666,0.6923076923076923,8,0.7272727272727273,False,True,True,True,True,True,0.9180216193,6.7715163231,AROMATIC:PHE241;AROMATIC:PHE360;AROMATIC:PHE365;AROMATIC:PHE449;CONTACT:ARG477;CONTACT:GLN473;CONTACT:MET214;CONTACT:PHE241;CONTACT:PHE360;CONTACT:PHE365;CONTACT:PHE449;CONTACT:SER35;HBOND:ARG477;HBOND:GLN473;HYDROPHOBIC:MET214;HYDROPHOBIC:PHE241;HYDROPHOBIC:PHE360;HYDROPHOBIC:PHE365;HYDROPHOBIC:PHE449;POLAR:ARG477,4,0.92,1,O=C([O-])CCCc1nnc(Br)n1Cc1ccc(Br)c2ccccc12.[Na+],active,True,True,True
mol_08765,/home/gwj/work/c1-campaign/URAT1_NLRP3_DualTarget_AIDD_Project/docking_export_20260820/01_phase1_benchmark_URAT1_9DKB/poses/gnina_sdf/mol_08765_out.sdf,9,False,False,1,13.073083071334015,0.9565217391304348,0.88,10,0.9090909090909091,False,False,True,True,True,True,0.8948314786,6.9372940063,AROMATIC:PHE241;AROMATIC:PHE360;AROMATIC:PHE364;AROMATIC:PHE365;AROMATIC:PHE449;CONTACT:ARG477;CONTACT:ASP389;CONTACT:GLN473;CONTACT:LYS393;CONTACT:MET214;CONTACT:PHE241;CONTACT:PHE360;CONTACT:PHE364;CONTACT:PHE365;CONTACT:PHE449;HBOND:LYS393;HYDROPHOBIC:MET214;HYDROPHOBIC:PHE241;HYDROPHOBIC:PHE360;HYDROPHOBIC:PHE364;HYDROPHOBIC:PHE365;HYDROPHOBIC:PHE449;POLAR:ARG477,7,0.9583333333333334,1,O=C([O-])CSc1nnc(Br)n1Cc1ccc(Br)c2ccccc12.[Na+],active,False,True,False
mol_08766,/home/gwj/work/c1-campaign/URAT1_NLRP3_DualTarget_AIDD_Project/docking_export_20260820/01_phase1_benchmark_URAT1_9DKB/poses/gnina_sdf/mol_08766_out.sdf,9,False,True,1,13.664378073662915,1.0,0.64,7,0.6363636363636364,False,False,True,True,True,True,0.7912361026,5.9617295265,AROMATIC:PHE241;AROMATIC:PHE360;AROMATIC:PHE364;AROMATIC:PHE449;CONTACT:ASP389;CONTACT:LYS393;CONTACT:MET214;CONTACT:PHE241;CONTACT:PHE360;CONTACT:PHE364;CONTACT:PHE449;HBOND:LYS393;HYDROPHOBIC:MET214;HYDROPHOBIC:PHE241;HYDROPHOBIC:PHE360;HYDROPHOBIC:PHE364;HYDROPHOBIC:PHE449,8,0.7692307692307693,1,O=C([O-])CSc1nnc(Br)n1Cc1cccs1.[Na+],active,False,True,False
mol_09689,/home/gwj/work/c1-campaign/URAT1_NLRP3_DualTarget_AIDD_Project/docking_export_20260820/01_phase1_benchmark_URAT1_9DKB/poses/gnina_sdf/mol_09689_out.sdf,9,False,False,1,14.31982892844743,1.0,0.76,8,0.7272727272727273,False,False,True,True,True,True,0.9196025729,6.7750778198,AROMATIC:PHE241;AROMATIC:PHE360;AROMATIC:PHE364;AROMATIC:PHE365;AROMATIC:PHE449;CONTACT:ASP389;CONTACT:LYS393;CONTACT:MET214;CONTACT:PHE241;CONTACT:PHE360;CONTACT:PHE364;CONTACT:PHE365;CONTACT:PHE449;HBOND:LYS393;HYDROPHOBIC:MET214;HYDROPHOBIC:PHE241;HYDROPHOBIC:PHE360;HYDROPHOBIC:PHE364;HYDROPHOBIC:PHE365;HYDROPHOBIC:PHE449,5,0.88,1,[C-]#[N+]c1nn(Cc2c(Cl)cccc2Cl)c2cc(C(=O)O)ccc12,active,False,True,False
mol_00367,/home/gwj/work/c1-campaign/URAT1_NLRP3_DualTarget_AIDD_Project/docking_export_20260820/01_phase1_benchmark_URAT1_9DKB/poses/gnina_sdf/mol_00367_out.sdf,9,False,False,1,14.049166646815737,0.7407407407407407,0.68,8,0.7272727272727273,False,False,True,True,True,True,0.6019790173,6.0812129974,AROMATIC:PHE241;AROMATIC:PHE360;AROMATIC:PHE364;AROMATIC:PHE449;CONTACT:ASP389;CONTACT:GLN473;CONTACT:LYS393;CONTACT:MET214;CONTACT:PHE241;CONTACT:PHE360;CONTACT:PHE364;CONTACT:PHE449;HBOND:LYS393;HYDROPHOBIC:MET214;HYDROPHOBIC:PHE241;HYDROPHOBIC:PHE360;HYDROPHOBIC:PHE364;HYDROPHOBIC:PHE449,5,0.88,0,CC(C)(C)c1ccc(Nc2cncc(-c3ccc(C(=O)O)c(O)c3)c2)cc1,true_decoy,False,True,False
mol_00418,/home/gwj/work/c1-campaign/URAT1_NLRP3_DualTarget_AIDD_Project/docking_export_20260820/01_phase1_benchmark_URAT1_9DKB/poses/gnina_sdf/mol_00418_out.sdf,9,False,False,1,12.572887991229374,1.0,0.84,9,0.8181818181818182,False,False,True,True,True,True,0.8513427377,6.1041793823,AROMATIC:PHE241;AROMATIC:PHE360;AROMATIC:PHE364;AROMATIC:PHE365;AROMATIC:PHE449;CONTACT:ARG477;CONTACT:ASP389;CONTACT:LYS393;CONTACT:MET214;CONTACT:PHE241;CONTACT:PHE360;CONTACT:PHE364;CONTACT:PHE365;CONTACT:PHE449;HBOND:LYS393;HYDROPHOBIC:MET214;HYDROPHOBIC:PHE241;HYDROPHOBIC:PHE360;HYDROPHOBIC:PHE364;HYDROPHOBIC:PHE365;HYDROPHOBIC:PHE449;POLAR:ARG477,1,0.84,0,CC(C)(Oc1ccc(C(=O)c2ccc(Cl)cc2)cc1)C(=O)O,true_decoy,False,True,False
mol_00450,/home/gwj/work/c1-campaign/URAT1_NLRP3_DualTarget_AIDD_Project/docking_export_20260820/01_phase1_benchmark_URAT1_9DKB/poses/gnina_sdf/mol_00450_out.sdf,9,False,False,1,10.520779830887063,1.0,0.875,8,0.7272727272727273,False,False,True,True,True,True,0.8042238355,6.5737833977,AROMATIC:PHE241;AROMATIC:PHE360;AROMATIC:PHE364;AROMATIC:PHE365;AROMATIC:PHE449;CONTACT:ARG477;CONTACT:LYS393;CONTACT:MET214;CONTACT:PHE241;CONTACT:PHE360;CONTACT:PHE364;CONTACT:PHE365;CONTACT:PHE449;HBOND:LYS393;HYDROPHOBIC:MET214;HYDROPHOBIC:PHE241;HYDROPHOBIC:PHE360;HYDROPHOBIC:PHE364;HYDROPHOBIC:PHE365;HYDROPHOBIC:PHE449;POLAR:ARG477,1,0.875,0,CC(C)(Sc1ccncc1C(=O)N1CCOc2ccccc21)C(=O)O,true_decoy,False,True,False
mol_00451,/home/gwj/work/c1-campaign/URAT1_NLRP3_DualTarget_AIDD_Project/docking_export_20260820/01_phase1_benchmark_URAT1_9DKB/poses/gnina_sdf/mol_00451_out.sdf,9,False,False,1,12.145459218160505,1.0,0.8333333333333334,8,0.7272727272727273,False,False,True,True,True,True,0.6458770037,6.3889980316,AROMATIC:PHE241;AROMATIC:PHE360;AROMATIC:PHE364;AROMATIC:PHE365;AROMATIC:PHE449;CONTACT:ARG477;CONTACT:LYS393;CONTACT:MET214;CONTACT:PHE241;CONTACT:PHE360;CONTACT:PHE364;CONTACT:PHE365;CONTACT:PHE449;HYDROPHOBIC:MET214;HYDROPHOBIC:PHE241;HYDROPHOBIC:PHE360;HYDROPHOBIC:PHE364;HYDROPHOBIC:PHE365;HYDROPHOBIC:PHE449;POLAR:ARG477,1,0.8333333333333334,0,CC(C)(Sc1ccncc1C(=O)N1CCc2ccccc2C1)C(=O)O,true_decoy,False,True,False
mol_00452,/home/gwj/work/c1-campaign/URAT1_NLRP3_DualTarget_AIDD_Project/docking_export_20260820/01_phase1_benchmark_URAT1_9DKB/poses/gnina_sdf/mol_00452_out.sdf,9,False,False,1,11.956541557657882,1.0,0.9166666666666666,9,0.8181818181818182,False,False,True,True,True,True,0.8045378327,6.9396286011,AROMATIC:PHE241;AROMATIC:PHE360;AROMATIC:PHE364;AROMATIC:PHE365;AROMATIC:PHE449;CONTACT:ARG477;CONTACT:GLN473;CONTACT:LYS393;CONTACT:MET214;CONTACT:PHE241;CONTACT:PHE360;CONTACT:PHE364;CONTACT:PHE365;CONTACT:PHE449;HBOND:LYS393;HYDROPHOBIC:MET214;HYDROPHOBIC:PHE241;HYDROPHOBIC:PHE360;HYDROPHOBIC:PHE364;HYDROPHOBIC:PHE365;HYDROPHOBIC:PHE449;POLAR:ARG477,1,0.9166666666666666,0,CC(C)(Sc1nc2ccccc2n1-c1ccc(Br)cc1F)C(=O)O,true_decoy,False,True,False
mol_00453,/home/gwj/work/c1-campaign/URAT1_NLRP3_DualTarget_AIDD_Project/docking_export_20260820/01_phase1_benchmark_URAT1_9DKB/poses/gnina_sdf/mol_00453_out.sdf,9,True,False,1,3.199163723537755,0.896551724137931,0.8148148148148148,11,1.0,False,True,True,True,True,True,0.8234304786,7.1510925293,AROMATIC:PHE241;AROMATIC:PHE360;AROMATIC:PHE364;AROMATIC:PHE365;AROMATIC:PHE449;CONTACT:ARG477;CONTACT:ASP389;CONTACT:GLN473;CONTACT:LYS393;CONTACT:MET214;CONTACT:PHE241;CONTACT:PHE360;CONTACT:PHE364;CONTACT:PHE365;CONTACT:PHE449;CONTACT:SER35;HBOND:ARG477;HBOND:GLN473;HYDROPHOBIC:MET214;HYDROPHOBIC:PHE241;HYDROPHOBIC:PHE360;HYDROPHOBIC:PHE364;HYDROPHOBIC:PHE365;HYDROPHOBIC:PHE449;POLAR:ARG477,4,0.9583333333333334,0,CC(C)(Sc1nc2ccccc2n1-c1ccc(C2CC2)c2ccccc12)C(=O)O,true_decoy,True,True,True
mol_00454,/home/gwj/work/c1-campaign/URAT1_NLRP3_DualTarget_AIDD_Project/docking_export_20260820/01_phase1_benchmark_URAT1_9DKB/poses/gnina_sdf/mol_00454_out.sdf,9,False,False,1,11.480563466137017,1.0,0.9166666666666666,9,0.8181818181818182,False,False,True,True,True,True,0.8204348683,7.0423927307,AROMATIC:PHE241;AROMATIC:PHE360;AROMATIC:PHE364;AROMATIC:PHE365;AROMATIC:PHE449;CONTACT:ARG477;CONTACT:GLN473;CONTACT:LYS393;CONTACT:MET214;CONTACT:PHE241;CONTACT:PHE360;CONTACT:PHE364;CONTACT:PHE365;CONTACT:PHE449;HBOND:LYS393;HYDROPHOBIC:MET214;HYDROPHOBIC:PHE241;HYDROPHOBIC:PHE360;HYDROPHOBIC:PHE364;HYDROPHOBIC:PHE365;HYDROPHOBIC:PHE449;POLAR:ARG477,1,0.9166666666666666,0,CC(C)(Sc1nc2ccccc2n1-c1ccc(Cl)cc1F)C(=O)O,true_decoy,False,True,False
mol_00455,/home/gwj/work/c1-campaign/URAT1_NLRP3_DualTarget_AIDD_Project/docking_export_20260820/01_phase1_benchmark_URAT1_9DKB/poses/gnina_sdf/mol_00455_out.sdf,9,False,False,1,2.9994342899953583,0.5769230769230769,0.4230769230769231,5,0.45454545454545453,False,True,True,False,False,True,0.6933069825,6.1157155037,AROMATIC:PHE241;AROMATIC:PHE449;CONTACT:ARG477;CONTACT:GLN473;CONTACT:MET214;CONTACT:PHE241;CONTACT:PHE449;HBOND:ARG477;HBOND:GLN473;HYDROPHOBIC:MET214;HYDROPHOBIC:PHE241;HYDROPHOBIC:PHE449;POLAR:ARG477,2,0.9166666666666666,0,CC(C)(Sc1nc2ccccc2n1-c1ccc([N+](=O)[O-])cc1F)C(=O)O,true_decoy,True,True,True
mol_00456,/home/gwj/work/c1-campaign/URAT1_NLRP3_DualTarget_AIDD_Project/docking_export_20260820/01_phase1_benchmark_URAT1_9DKB/poses/gnina_sdf/mol_00456_out.sdf,9,True,False,1,2.9577187459256478,0.8636363636363636,0.5769230769230769,7,0.6363636363636364,False,True,True,True,True,True,0.8505209088,5.74802351,AROMATIC:PHE241;AROMATIC:PHE365;AROMATIC:PHE449;CONTACT:ARG477;CONTACT:GLN473;CONTACT:MET214;CONTACT:PHE241;CONTACT:PHE365;CONTACT:PHE449;CONTACT:SER35;HBOND:ARG477;HBOND:GLN473;HYDROPHOBIC:MET214;HYDROPHOBIC:PHE241;HYDROPHOBIC:PHE365;HYDROPHOBIC:PHE449;POLAR:ARG477,3,0.875,0,CC(C)(Sc1nc2ccccc2n1-c1ccccc1)C(=O)O,true_decoy,True,True,True
mol_00457,/home/gwj/work/c1-campaign/URAT1_NLRP3_DualTarget_AIDD_Project/docking_export_20260820/01_phase1_benchmark_URAT1_9DKB/poses/gnina_sdf/mol_00457_out.sdf,9,False,True,1,11.552041919072137,0.9130434782608695,0.875,9,0.8181818181818182,False,False,True,True,True,True,0.6924289465,6.2161774635,AROMATIC:PHE241;AROMATIC:PHE360;AROMATIC:PHE364;AROMATIC:PHE365;AROMATIC:PHE449;CONTACT:ARG477;CONTACT:GLN473;CONTACT:LYS393;CONTACT:MET214;CONTACT:PHE241;CONTACT:PHE360;CONTACT:PHE364;CONTACT:PHE365;CONTACT:PHE449;HYDROPHOBIC:MET214;HYDROPHOBIC:PHE241;HYDROPHOBIC:PHE360;HYDROPHOBIC:PHE364;HYDROPHOBIC:PHE365;HYDROPHOBIC:PHE449;POLAR:ARG477,5,0.88,0,CC(C)(Sc1nc2ccccc2n1-c1ccccc1F)C(=O)O,true_decoy,False,True,False
mol_00844,/home/gwj/work/c1-campaign/URAT1_NLRP3_DualTarget_AIDD_Project/docking_export_20260820/01_phase1_benchmark_URAT1_9DKB/poses/gnina_sdf/mol_00844_out.sdf,9,False,False,1,12.747868912096642,0.9166666666666666,0.9166666666666666,9,0.8181818181818182,False,False,True,True,True,True,0.7384021282,6.3916945457,AROMATIC:PHE241;AROMATIC:PHE360;AROMATIC:PHE364;AROMATIC:PHE365;AROMATIC:PHE449;CONTACT:ARG477;CONTACT:GLN473;CONTACT:LYS393;CONTACT:MET214;CONTACT:PHE241;CONTACT:PHE360;CONTACT:PHE364;CONTACT:PHE365;CONTACT:PHE449;HBOND:LYS393;HYDROPHOBIC:MET214;HYDROPHOBIC:PHE241;HYDROPHOBIC:PHE360;HYDROPHOBIC:PHE364;HYDROPHOBIC:PHE365;HYDROPHOBIC:PHE449;POLAR:ARG477,1,0.9166666666666666,0,CC(Sc1ccncc1C(=O)N1CCOc2ccccc21)C(=O)O,true_decoy,False,True,False
mol_01396,/home/gwj/work/c1-campaign/URAT1_NLRP3_DualTarget_AIDD_Project/docking_export_20260820/01_phase1_benchmark_URAT1_9DKB/poses/gnina_sdf/mol_01396_out.sdf,9,False,False,1,14.18546520527261,1.0,0.8,9,0.8181818181818182,False,False,True,True,True,True,0.906811595,5.6659507751,AROMATIC:PHE241;AROMATIC:PHE360;AROMATIC:PHE364;AROMATIC:PHE365;AROMATIC:PHE449;CONTACT:ASP389;CONTACT:LYS393;CONTACT:MET214;CONTACT:PHE241;CONTACT:PHE360;CONTACT:PHE364;CONTACT:PHE365;CONTACT:PHE449;CONTACT:SER35;HBOND:LYS393;HYDROPHOBIC:MET214;HYDROPHOBIC:PHE241;HYDROPHOBIC:PHE360;HYDROPHOBIC:PHE364;HYDROPHOBIC:PHE365;HYDROPHOBIC:PHE449,3,0.88,0,CCCN(CCC)S(=O)(=O)c1ccc(C(=O)O)cc1,true_decoy,False,False,False
mol_02007,/home/gwj/work/c1-campaign/URAT1_NLRP3_DualTarget_AIDD_Project/docking_export_20260820/01_phase1_benchmark_URAT1_9DKB/poses/gnina_sdf/mol_02007_out.sdf,9,False,False,1,14.21622068765113,0.96,0.84,9,0.8181818181818182,False,False,True,True,True,True,0.6002949476,6.6666922569,AROMATIC:PHE241;AROMATIC:PHE360;AROMATIC:PHE364;AROMATIC:PHE365;AROMATIC:PHE449;CONTACT:ARG477;CONTACT:ASP389;CONTACT:LYS393;CONTACT:MET214;CONTACT:PHE241;CONTACT:PHE360;CONTACT:PHE364;CONTACT:PHE365;CONTACT:PHE449;HBOND:LYS393;HYDROPHOBIC:MET214;HYDROPHOBIC:PHE241;HYDROPHOBIC:PHE360;HYDROPHOBIC:PHE364;HYDROPHOBIC:PHE365;HYDROPHOBIC:PHE449;POLAR:ARG477,1,0.84,0,CCc1ccc(Nc2cncc(-c3ccc(C(=O)O)c(O)c3)c2)cc1,true_decoy,False,True,False
mol_02135,/home/gwj/work/c1-campaign/URAT1_NLRP3_DualTarget_AIDD_Project/docking_export_20260820/01_phase1_benchmark_URAT1_9DKB/poses/gnina_sdf/mol_02135_out.sdf,9,False,False,1,14.735028964681405,0.9545454545454546,0.8148148148148148,10,0.9090909090909091,False,False,True,True,True,True,0.7200036645,6.0969929695,AROMATIC:PHE241;AROMATIC:PHE360;AROMATIC:PHE364;AROMATIC:PHE365;AROMATIC:PHE449;CONTACT:ARG477;CONTACT:ASP389;CONTACT:GLN473;CONTACT:LYS393;CONTACT:MET214;CONTACT:PHE241;CONTACT:PHE360;CONTACT:PHE364;CONTACT:PHE365;CONTACT:PHE449;HBOND:ARG477;HBOND:ASP389;HBOND:LYS393;HYDROPHOBIC:MET214;HYDROPHOBIC:PHE241;HYDROPHOBIC:PHE360;HYDROPHOBIC:PHE364;HYDROPHOBIC:PHE365;HYDROPHOBIC:PHE449;POLAR:ARG477,1,0.8148148148148148,0,CCn1c(=O)sc2cc(-c3ccc(C(=O)O)c(O)c3)ccc21,true_decoy,False,True,False
mol_02821,/home/gwj/work/c1-campaign/URAT1_NLRP3_DualTarget_AIDD_Project/docking_export_20260820/01_phase1_benchmark_URAT1_9DKB/poses/gnina_sdf/mol_02821_out.sdf,9,False,True,1,9.097894838917398,0.875,0.7692307692307693,9,0.8181818181818182,False,False,True,True,True,True,0.4805756211,7.3721137047,AROMATIC:PHE241;AROMATIC:PHE360;AROMATIC:PHE365;AROMATIC:PHE449;CONTACT:ARG477;CONTACT:GLN473;CONTACT:LYS393;CONTACT:MET214;CONTACT:PHE241;CONTACT:PHE360;CONTACT:PHE365;CONTACT:PHE449;CONTACT:SER35;HBOND:GLN473;HBOND:LYS393;HBOND:SER35;HYDROPHOBIC:MET214;HYDROPHOBIC:PHE241;HYDROPHOBIC:PHE360;HYDROPHOBIC:PHE365;HYDROPHOBIC:PHE449;POLAR:ARG477,6,0.9166666666666666,0,COc1cc(C(=O)[O-])ccc1CSc1ccncc1Oc1ccc(C#N)c2ccccc12.[Na+],true_decoy,False,True,False
mol_03328,/home/gwj/work/c1-campaign/URAT1_NLRP3_DualTarget_AIDD_Project/docking_export_20260820/01_phase1_benchmark_URAT1_9DKB/poses/gnina_sdf/mol_03328_out.sdf,9,False,True,1,7.72023732795825,0.76,0.7307692307692307,9,0.8181818181818182,False,False,True,True,True,True,0.6657131314,6.3303751945,AROMATIC:PHE241;AROMATIC:PHE360;AROMATIC:PHE364;AROMATIC:PHE365;AROMATIC:PHE449;CONTACT:ASP389;CONTACT:GLN473;CONTACT:LYS393;CONTACT:MET214;CONTACT:PHE241;CONTACT:PHE360;CONTACT:PHE364;CONTACT:PHE365;CONTACT:PHE449;HBOND:GLN473;HYDROPHOBIC:MET214;HYDROPHOBIC:PHE241;HYDROPHOBIC:PHE360;HYDROPHOBIC:PHE364;HYDROPHOBIC:PHE365;HYDROPHOBIC:PHE449,7,0.8461538461538461,0,COc1ccc(Nc2cncc(-c3ccc(C(=O)O)c(O)c3)c2)cc1,true_decoy,False,True,False
mol_03384,/home/gwj/work/c1-campaign/URAT1_NLRP3_DualTarget_AIDD_Project/docking_export_20260820/01_phase1_benchmark_URAT1_9DKB/poses/gnina_sdf/mol_03384_out.sdf,9,False,False,1,9.050766065919502,0.90625,0.8846153846153846,11,1.0,False,False,True,True,True,True,0.7892519832,7.6965079308,AROMATIC:PHE241;AROMATIC:PHE360;AROMATIC:PHE364;AROMATIC:PHE365;AROMATIC:PHE449;CONTACT:ARG477;CONTACT:ASP389;CONTACT:GLN473;CONTACT:LYS393;CONTACT:MET214;CONTACT:PHE241;CONTACT:PHE360;CONTACT:PHE364;CONTACT:PHE365;CONTACT:PHE449;CONTACT:SER35;HBOND:GLN473;HBOND:LYS393;HYDROPHOBIC:MET214;HYDROPHOBIC:PHE241;HYDROPHOBIC:PHE360;HYDROPHOBIC:PHE364;HYDROPHOBIC:PHE365;HYDROPHOBIC:PHE449;POLAR:ARG477,8,0.92,0,COc1ccc(Sc2ccncc2Oc2ccc(C#N)c3ccccc23)c(CC(=O)[O-])c1.[Na+],true_decoy,False,True,False
mol_04959,/home/gwj/work/c1-campaign/URAT1_NLRP3_DualTarget_AIDD_Project/docking_export_20260820/01_phase1_benchmark_URAT1_9DKB/poses/gnina_sdf/mol_04959_out.sdf,9,False,False,1,14.336918104669492,1.0,0.8076923076923077,9,0.8181818181818182,False,False,True,True,True,True,0.590955019,6.4726786613,AROMATIC:PHE241;AROMATIC:PHE360;AROMATIC:PHE364;AROMATIC:PHE365;AROMATIC:PHE449;CONTACT:ARG477;CONTACT:ASP389;CONTACT:LYS393;CONTACT:MET214;CONTACT:PHE241;CONTACT:PHE360;CONTACT:PHE364;CONTACT:PHE365;CONTACT:PHE449;HBOND:ASP389;HBOND:LYS393;HYDROPHOBIC:MET214;HYDROPHOBIC:PHE241;HYDROPHOBIC:PHE360;HYDROPHOBIC:PHE364;HYDROPHOBIC:PHE365;HYDROPHOBIC:PHE449;POLAR:ARG477,1,0.8076923076923077,0,Cc1ccc(Nc2cncc(-c3ccc(C(=O)O)c(O)c3)c2)cc1,true_decoy,False,True,False
mol_04960,/home/gwj/work/c1-campaign/URAT1_NLRP3_DualTarget_AIDD_Project/docking_export_20260820/01_phase1_benchmark_URAT1_9DKB/poses/gnina_sdf/mol_04960_out.sdf,9,False,False,1,14.011066695294831,1.0,0.84,9,0.8181818181818182,False,False,True,True,True,True,0.5353689194,6.4857068062,AROMATIC:PHE241;AROMATIC:PHE360;AROMATIC:PHE364;AROMATIC:PHE365;AROMATIC:PHE449;CONTACT:ARG477;CONTACT:ASP389;CONTACT:LYS393;CONTACT:MET214;CONTACT:PHE241;CONTACT:PHE360;CONTACT:PHE364;CONTACT:PHE365;CONTACT:PHE449;HBOND:LYS393;HYDROPHOBIC:MET214;HYDROPHOBIC:PHE241;HYDROPHOBIC:PHE360;HYDROPHOBIC:PHE364;HYDROPHOBIC:PHE365;HYDROPHOBIC:PHE449;POLAR:ARG477,7,0.88,0,Cc1ccc(Nc2cncc(-c3ccc(C(=O)O)c(O)c3)c2)cc1C,true_decoy,False,True,False
mol_04961,/home/gwj/work/c1-campaign/URAT1_NLRP3_DualTarget_AIDD_Project/docking_export_20260820/01_phase1_benchmark_URAT1_9DKB/poses/gnina_sdf/mol_04961_out.sdf,9,False,False,1,14.208790393626055,1.0,0.88,10,0.9090909090909091,False,False,True,True,True,True,0.513599515,6.4814829826,AROMATIC:PHE241;AROMATIC:PHE360;AROMATIC:PHE364;AROMATIC:PHE365;AROMATIC:PHE449;CONTACT:ARG477;CONTACT:ASP389;CONTACT:LYS393;CONTACT:MET214;CONTACT:PHE241;CONTACT:PHE360;CONTACT:PHE364;CONTACT:PHE365;CONTACT:PHE449;CONTACT:SER35;HBOND:LYS393;HYDROPHOBIC:MET214;HYDROPHOBIC:PHE241;HYDROPHOBIC:PHE360;HYDROPHOBIC:PHE364;HYDROPHOBIC:PHE365;HYDROPHOBIC:PHE449;POLAR:ARG477,1,0.88,0,Cc1ccc(Nc2cncc(-c3ccc(C(=O)O)c(O)c3)c2)cc1Cl,true_decoy,False,True,False
mol_04962,/home/gwj/work/c1-campaign/URAT1_NLRP3_DualTarget_AIDD_Project/docking_export_20260820/01_phase1_benchmark_URAT1_9DKB/poses/gnina_sdf/mol_04962_out.sdf,9,False,False,1,14.25978331181789,1.0,0.84,9,0.8181818181818182,False,False,True,True,True,True,0.5504664779,6.4515633583,AROMATIC:PHE241;AROMATIC:PHE360;AROMATIC:PHE364;AROMATIC:PHE365;AROMATIC:PHE449;CONTACT:ARG477;CONTACT:ASP389;CONTACT:LYS393;CONTACT:MET214;CONTACT:PHE241;CONTACT:PHE360;CONTACT:PHE364;CONTACT:PHE365;CONTACT:PHE449;HBOND:LYS393;HYDROPHOBIC:MET214;HYDROPHOBIC:PHE241;HYDROPHOBIC:PHE360;HYDROPHOBIC:PHE364;HYDROPHOBIC:PHE365;HYDROPHOBIC:PHE449;POLAR:ARG477,7,0.88,0,Cc1ccc(Nc2cncc(-c3ccc(C(=O)O)c(O)c3)c2)cc1F,true_decoy,False,True,False
mol_05305,/home/gwj/work/c1-campaign/URAT1_NLRP3_DualTarget_AIDD_Project/docking_export_20260820/01_phase1_benchmark_URAT1_9DKB/poses/gnina_sdf/mol_05305_out.sdf,9,False,False,1,14.239361477959601,1.0,0.84,9,0.8181818181818182,False,False,True,True,True,True,0.6921414137,6.5401997566,AROMATIC:PHE241;AROMATIC:PHE360;AROMATIC:PHE364;AROMATIC:PHE365;AROMATIC:PHE449;CONTACT:ARG477;CONTACT:ASP389;CONTACT:LYS393;CONTACT:MET214;CONTACT:PHE241;CONTACT:PHE360;CONTACT:PHE364;CONTACT:PHE365;CONTACT:PHE449;HBOND:LYS393;HYDROPHOBIC:MET214;HYDROPHOBIC:PHE241;HYDROPHOBIC:PHE360;HYDROPHOBIC:PHE364;HYDROPHOBIC:PHE365;HYDROPHOBIC:PHE449;POLAR:ARG477,7,0.88,0,Cc1cccc(Nc2cncc(-c3ccc(C(=O)O)c(O)c3)c2)c1,true_decoy,False,True,False
mol_05316,/home/gwj/work/c1-campaign/URAT1_NLRP3_DualTarget_AIDD_Project/docking_export_20260820/01_phase1_benchmark_URAT1_9DKB/poses/gnina_sdf/mol_05316_out.sdf,9,False,False,1,13.908859312323203,0.9583333333333334,0.84,9,0.8181818181818182,False,False,True,True,True,True,0.8041425347,6.4556107521,AROMATIC:PHE241;AROMATIC:PHE360;AROMATIC:PHE364;AROMATIC:PHE365;AROMATIC:PHE449;CONTACT:ARG477;CONTACT:ASP389;CONTACT:LYS393;CONTACT:MET214;CONTACT:PHE241;CONTACT:PHE360;CONTACT:PHE364;CONTACT:PHE365;CONTACT:PHE449;HBOND:LYS393;HYDROPHOBIC:MET214;HYDROPHOBIC:PHE241;HYDROPHOBIC:PHE360;HYDROPHOBIC:PHE364;HYDROPHOBIC:PHE365;HYDROPHOBIC:PHE449;POLAR:ARG477,2,0.88,0,Cc1cccc(Oc2cncc(-c3ccc(C(=O)O)c(O)c3)c2)c1,true_decoy,False,True,False
mol_06694,/home/gwj/work/c1-campaign/URAT1_NLRP3_DualTarget_AIDD_Project/docking_export_20260820/01_phase1_benchmark_URAT1_9DKB/poses/gnina_sdf/mol_06694_out.sdf,9,False,False,1,12.126020296041068,0.7391304347826086,0.7307692307692307,8,0.7272727272727273,False,False,True,True,True,True,0.6412754655,5.8648343086,AROMATIC:PHE241;AROMATIC:PHE360;AROMATIC:PHE364;AROMATIC:PHE449;CONTACT:ARG477;CONTACT:GLN473;CONTACT:LYS393;CONTACT:MET214;CONTACT:PHE241;CONTACT:PHE360;CONTACT:PHE364;CONTACT:PHE449;HBOND:ARG477;HBOND:GLN473;HBOND:LYS393;HYDROPHOBIC:MET214;HYDROPHOBIC:PHE241;HYDROPHOBIC:PHE360;HYDROPHOBIC:PHE364;HYDROPHOBIC:PHE449;POLAR:ARG477,4,0.88,0,N#Cc1cc(-n2cnc(C(=O)O)c2)ccc1N1CCCCCC1,true_decoy,False,False,False
mol_06853,/home/gwj/work/c1-campaign/URAT1_NLRP3_DualTarget_AIDD_Project/docking_export_20260820/01_phase1_benchmark_URAT1_9DKB/poses/gnina_sdf/mol_06853_out.sdf,9,True,True,1,3.708130450779736,0.75,0.8076923076923077,9,0.8181818181818182,False,True,True,True,True,True,0.5476909876,7.523311615,AROMATIC:PHE241;AROMATIC:PHE360;AROMATIC:PHE364;AROMATIC:PHE365;AROMATIC:PHE449;CONTACT:ARG477;CONTACT:GLN473;CONTACT:LYS393;CONTACT:MET214;CONTACT:PHE241;CONTACT:PHE360;CONTACT:PHE364;CONTACT:PHE365;CONTACT:PHE449;HBOND:ARG477;HBOND:GLN473;HYDROPHOBIC:MET214;HYDROPHOBIC:PHE241;HYDROPHOBIC:PHE360;HYDROPHOBIC:PHE364;HYDROPHOBIC:PHE365;HYDROPHOBIC:PHE449;POLAR:ARG477,5,0.9166666666666666,0,N#Cc1ccc(Oc2cnccc2SCc2ccc(-c3ccccc3C(=O)[O-])cc2)c2ccccc12.[Na+],true_decoy,True,True,True
mol_06854,/home/gwj/work/c1-campaign/URAT1_NLRP3_DualTarget_AIDD_Project/docking_export_20260820/01_phase1_benchmark_URAT1_9DKB/poses/gnina_sdf/mol_06854_out.sdf,9,False,False,1,14.424337185118763,0.9,0.8214285714285714,11,1.0,False,False,True,True,True,True,0.5938102007,7.152569294,AROMATIC:PHE241;AROMATIC:PHE360;AROMATIC:PHE364;AROMATIC:PHE365;AROMATIC:PHE449;CONTACT:ARG477;CONTACT:ASP389;CONTACT:GLN473;CONTACT:LYS393;CONTACT:MET214;CONTACT:PHE241;CONTACT:PHE360;CONTACT:PHE364;CONTACT:PHE365;CONTACT:PHE449;CONTACT:SER35;HBOND:ARG477;HBOND:ASP389;HBOND:LYS393;HBOND:SER35;HYDROPHOBIC:MET214;HYDROPHOBIC:PHE241;HYDROPHOBIC:PHE360;HYDROPHOBIC:PHE364;HYDROPHOBIC:PHE365;HYDROPHOBIC:PHE449;POLAR:ARG477,3,0.88,0,N#Cc1ccc(Oc2cnccc2SCc2ccc(C(=O)[O-])cc2)c2ccccc12.[Na+],true_decoy,False,False,False
mol_06855,/home/gwj/work/c1-campaign/URAT1_NLRP3_DualTarget_AIDD_Project/docking_export_20260820/01_phase1_benchmark_URAT1_9DKB/poses/gnina_sdf/mol_06855_out.sdf,9,True,True,1,7.31279717823487,0.9696969696969697,0.8333333333333334,8,0.7272727272727273,False,True,True,True,True,True,0.3888932765,7.3128848076,AROMATIC:PHE241;AROMATIC:PHE360;AROMATIC:PHE364;AROMATIC:PHE365;AROMATIC:PHE449;CONTACT:ARG477;CONTACT:MET214;CONTACT:PHE241;CONTACT:PHE360;CONTACT:PHE364;CONTACT:PHE365;CONTACT:PHE449;CONTACT:SER35;HYDROPHOBIC:MET214;HYDROPHOBIC:PHE241;HYDROPHOBIC:PHE360;HYDROPHOBIC:PHE364;HYDROPHOBIC:PHE365;HYDROPHOBIC:PHE449;POLAR:ARG477,4,0.8846153846153846,0,N#Cc1ccc(Oc2cnccc2Sc2cccc([N+](=O)[O-])c2CC(=O)[O-])c2ccccc12.[Na+],true_decoy,True,True,True
mol_08606,/home/gwj/work/c1-campaign/URAT1_NLRP3_DualTarget_AIDD_Project/docking_export_20260820/01_phase1_benchmark_URAT1_9DKB/poses/gnina_sdf/mol_08606_out.sdf,9,True,True,1,4.895581196344309,0.8823529411764706,0.875,9,0.8181818181818182,False,True,True,True,True,True,0.7429635525,7.3540382385,AROMATIC:PHE241;AROMATIC:PHE360;AROMATIC:PHE364;AROMATIC:PHE365;AROMATIC:PHE449;CONTACT:ARG477;CONTACT:GLN473;CONTACT:LYS393;CONTACT:MET214;CONTACT:PHE241;CONTACT:PHE360;CONTACT:PHE364;CONTACT:PHE365;CONTACT:PHE449;HYDROPHOBIC:MET214;HYDROPHOBIC:PHE241;HYDROPHOBIC:PHE360;HYDROPHOBIC:PHE364;HYDROPHOBIC:PHE365;HYDROPHOBIC:PHE449;POLAR:ARG477,2,0.9166666666666666,0,O=C(O)C(Sc1nc2ccccc2n1-c1ccc(C2CC2)c2ccccc12)c1ccc(Cl)cc1,true_decoy,True,True,True
mol_08631,/home/gwj/work/c1-campaign/URAT1_NLRP3_DualTarget_AIDD_Project/docking_export_20260820/01_phase1_benchmark_URAT1_9DKB/poses/gnina_sdf/mol_08631_out.sdf,9,False,False,1,12.240394030422388,0.92,0.88,9,0.8181818181818182,False,False,True,True,True,True,0.6103250384,6.3436646461,AROMATIC:PHE241;AROMATIC:PHE360;AROMATIC:PHE364;AROMATIC:PHE365;AROMATIC:PHE449;CONTACT:ARG477;CONTACT:GLN473;CONTACT:LYS393;CONTACT:MET214;CONTACT:PHE241;CONTACT:PHE360;CONTACT:PHE364;CONTACT:PHE365;CONTACT:PHE449;HBOND:GLN473;HBOND:LYS393;HYDROPHOBIC:MET214;HYDROPHOBIC:PHE241;HYDROPHOBIC:PHE360;HYDROPHOBIC:PHE364;HYDROPHOBIC:PHE365;HYDROPHOBIC:PHE449;POLAR:ARG477,1,0.88,0,O=C(O)CCCSc1ccncc1C(=O)N1CCc2ccccc2C1,true_decoy,False,True,False
mol_08632,/home/gwj/work/c1-campaign/URAT1_NLRP3_DualTarget_AIDD_Project/docking_export_20260820/01_phase1_benchmark_URAT1_9DKB/poses/gnina_sdf/mol_08632_out.sdf,9,False,False,1,14.287986187353344,1.0,0.84,9,0.8181818181818182,False,False,True,True,True,True,0.8027461767,6.8582553864,AROMATIC:PHE241;AROMATIC:PHE360;AROMATIC:PHE364;AROMATIC:PHE365;AROMATIC:PHE449;CONTACT:ARG477;CONTACT:ASP389;CONTACT:LYS393;CONTACT:MET214;CONTACT:PHE241;CONTACT:PHE360;CONTACT:PHE364;CONTACT:PHE365;CONTACT:PHE449;HBOND:LYS393;HYDROPHOBIC:MET214;HYDROPHOBIC:PHE241;HYDROPHOBIC:PHE360;HYDROPHOBIC:PHE364;HYDROPHOBIC:PHE365;HYDROPHOBIC:PHE449;POLAR:ARG477,1,0.84,0,O=C(O)CCSc1ccncc1C(=O)N1CCOc2ccccc21,true_decoy,False,True,False
mol_08633,/home/gwj/work/c1-campaign/URAT1_NLRP3_DualTarget_AIDD_Project/docking_export_20260820/01_phase1_benchmark_URAT1_9DKB/poses/gnina_sdf/mol_08633_out.sdf,9,False,False,1,14.225721081196545,1.0,0.84,9,0.8181818181818182,False,False,True,True,True,True,0.817576468,6.8070483208,AROMATIC:PHE241;AROMATIC:PHE360;AROMATIC:PHE364;AROMATIC:PHE365;AROMATIC:PHE449;CONTACT:ARG477;CONTACT:ASP389;CONTACT:LYS393;CONTACT:MET214;CONTACT:PHE241;CONTACT:PHE360;CONTACT:PHE364;CONTACT:PHE365;CONTACT:PHE449;HBOND:LYS393;HYDROPHOBIC:MET214;HYDROPHOBIC:PHE241;HYDROPHOBIC:PHE360;HYDROPHOBIC:PHE364;HYDROPHOBIC:PHE365;HYDROPHOBIC:PHE449;POLAR:ARG477,1,0.84,0,O=C(O)CCSc1ccncc1C(=O)N1CCc2ccccc2C1,true_decoy,False,True,False
mol_08637,/home/gwj/work/c1-campaign/URAT1_NLRP3_DualTarget_AIDD_Project/docking_export_20260820/01_phase1_benchmark_URAT1_9DKB/poses/gnina_sdf/mol_08637_out.sdf,9,False,False,1,12.918481039193427,1.0,0.875,8,0.7272727272727273,False,False,True,True,True,True,0.9058187008,6.7948918343,AROMATIC:PHE241;AROMATIC:PHE360;AROMATIC:PHE364;AROMATIC:PHE365;AROMATIC:PHE449;CONTACT:ARG477;CONTACT:LYS393;CONTACT:MET214;CONTACT:PHE241;CONTACT:PHE360;CONTACT:PHE364;CONTACT:PHE365;CONTACT:PHE449;HBOND:LYS393;HYDROPHOBIC:MET214;HYDROPHOBIC:PHE241;HYDROPHOBIC:PHE360;HYDROPHOBIC:PHE364;HYDROPHOBIC:PHE365;HYDROPHOBIC:PHE449;POLAR:ARG477,1,0.875,0,O=C(O)CSc1ccncc1C(=O)N1CCOc2ccccc21,true_decoy,False,True,False
mol_08638,/home/gwj/work/c1-campaign/URAT1_NLRP3_DualTarget_AIDD_Project/docking_export_20260820/01_phase1_benchmark_URAT1_9DKB/poses/gnina_sdf/mol_08638_out.sdf,9,False,False,1,12.874657286700874,1.0,0.875,8,0.7272727272727273,False,False,True,True,True,True,0.8505564928,6.6477742195,AROMATIC:PHE241;AROMATIC:PHE360;AROMATIC:PHE364;AROMATIC:PHE365;AROMATIC:PHE449;CONTACT:ARG477;CONTACT:LYS393;CONTACT:MET214;CONTACT:PHE241;CONTACT:PHE360;CONTACT:PHE364;CONTACT:PHE365;CONTACT:PHE449;HBOND:LYS393;HYDROPHOBIC:MET214;HYDROPHOBIC:PHE241;HYDROPHOBIC:PHE360;HYDROPHOBIC:PHE364;HYDROPHOBIC:PHE365;HYDROPHOBIC:PHE449;POLAR:ARG477,1,0.875,0,O=C(O)CSc1ccncc1C(=O)N1CCc2ccccc2C1,true_decoy,False,True,False
mol_08644,/home/gwj/work/c1-campaign/URAT1_NLRP3_DualTarget_AIDD_Project/docking_export_20260820/01_phase1_benchmark_URAT1_9DKB/poses/gnina_sdf/mol_08644_out.sdf,9,False,False,1,14.290945592927004,1.0,0.88,10,0.9090909090909091,False,False,True,True,True,True,0.5870270133,6.6528859138,AROMATIC:PHE241;AROMATIC:PHE360;AROMATIC:PHE364;AROMATIC:PHE365;AROMATIC:PHE449;CONTACT:ARG477;CONTACT:ASP389;CONTACT:LYS393;CONTACT:MET214;CONTACT:PHE241;CONTACT:PHE360;CONTACT:PHE364;CONTACT:PHE365;CONTACT:PHE449;CONTACT:SER35;HBOND:LYS393;HYDROPHOBIC:MET214;HYDROPHOBIC:PHE241;HYDROPHOBIC:PHE360;HYDROPHOBIC:PHE364;HYDROPHOBIC:PHE365;HYDROPHOBIC:PHE449;POLAR:ARG477,1,0.88,0,O=C(O)c1ccc(-c2cncc(Nc3ccc(Cl)c(Cl)c3)c2)cc1O,true_decoy,False,True,False
mol_08645,/home/gwj/work/c1-campaign/URAT1_NLRP3_DualTarget_AIDD_Project/docking_export_20260820/01_phase1_benchmark_URAT1_9DKB/poses/gnina_sdf/mol_08645_out.sdf,9,False,False,1,14.324444925720494,0.9583333333333334,0.8076923076923077,9,0.8181818181818182,False,False,True,True,True,True,0.5811092854,6.5146222115,AROMATIC:PHE241;AROMATIC:PHE360;AROMATIC:PHE364;AROMATIC:PHE365;AROMATIC:PHE449;CONTACT:ARG477;CONTACT:ASP389;CONTACT:LYS393;CONTACT:MET214;CONTACT:PHE241;CONTACT:PHE360;CONTACT:PHE364;CONTACT:PHE365;CONTACT:PHE449;HBOND:ASP389;HBOND:LYS393;HYDROPHOBIC:MET214;HYDROPHOBIC:PHE241;HYDROPHOBIC:PHE360;HYDROPHOBIC:PHE364;HYDROPHOBIC:PHE365;HYDROPHOBIC:PHE449;POLAR:ARG477,1,0.8076923076923077,0,O=C(O)c1ccc(-c2cncc(Nc3ccc(Cl)cc3)c2)cc1O,true_decoy,False,True,False
mol_08646,/home/gwj/work/c1-campaign/URAT1_NLRP3_DualTarget_AIDD_Project/docking_export_20260820/01_phase1_benchmark_URAT1_9DKB/poses/gnina_sdf/mol_08646_out.sdf,9,False,False,1,14.171139757620056,1.0,0.88,10,0.9090909090909091,False,False,True,True,True,True,0.6513002515,6.8067374229,AROMATIC:PHE241;AROMATIC:PHE360;AROMATIC:PHE364;AROMATIC:PHE365;AROMATIC:PHE449;CONTACT:ARG477;CONTACT:ASP389;CONTACT:GLN473;CONTACT:LYS393;CONTACT:MET214;CONTACT:PHE241;CONTACT:PHE360;CONTACT:PHE364;CONTACT:PHE365;CONTACT:PHE449;HBOND:LYS393;HYDROPHOBIC:MET214;HYDROPHOBIC:PHE241;HYDROPHOBIC:PHE360;HYDROPHOBIC:PHE364;HYDROPHOBIC:PHE365;HYDROPHOBIC:PHE449;POLAR:ARG477,4,0.8846153846153846,0,O=C(O)c1ccc(-c2cncc(Nc3ccc(F)c(Cl)c3)c2)cc1O,true_decoy,False,True,False
mol_08647,/home/gwj/work/c1-campaign/URAT1_NLRP3_DualTarget_AIDD_Project/docking_export_20260820/01_phase1_benchmark_URAT1_9DKB/poses/gnina_sdf/mol_08647_out.sdf,9,False,False,1,14.188457433421013,1.0,0.84,9,0.8181818181818182,False,False,True,True,True,True,0.6914311647,6.4389500618,AROMATIC:PHE241;AROMATIC:PHE360;AROMATIC:PHE364;AROMATIC:PHE365;AROMATIC:PHE449;CONTACT:ARG477;CONTACT:ASP389;CONTACT:LYS393;CONTACT:MET214;CONTACT:PHE241;CONTACT:PHE360;CONTACT:PHE364;CONTACT:PHE365;CONTACT:PHE449;HBOND:LYS393;HYDROPHOBIC:MET214;HYDROPHOBIC:PHE241;HYDROPHOBIC:PHE360;HYDROPHOBIC:PHE364;HYDROPHOBIC:PHE365;HYDROPHOBIC:PHE449;POLAR:ARG477,1,0.84,0,O=C(O)c1ccc(-c2cncc(Nc3ccc(F)cc3)c2)cc1O,true_decoy,False,True,False
mol_08648,/home/gwj/work/c1-campaign/URAT1_NLRP3_DualTarget_AIDD_Project/docking_export_20260820/01_phase1_benchmark_URAT1_9DKB/poses/gnina_sdf/mol_08648_out.sdf,9,False,False,1,14.159137845222068,0.9583333333333334,0.84,9,0.8181818181818182,False,False,True,True,True,True,0.7146283984,6.637201786,AROMATIC:PHE241;AROMATIC:PHE360;AROMATIC:PHE364;AROMATIC:PHE365;AROMATIC:PHE449;CONTACT:ARG477;CONTACT:ASP389;CONTACT:LYS393;CONTACT:MET214;CONTACT:PHE241;CONTACT:PHE360;CONTACT:PHE364;CONTACT:PHE365;CONTACT:PHE449;HBOND:LYS393;HYDROPHOBIC:MET214;HYDROPHOBIC:PHE241;HYDROPHOBIC:PHE360;HYDROPHOBIC:PHE364;HYDROPHOBIC:PHE365;HYDROPHOBIC:PHE449;POLAR:ARG477,5,0.88,0,O=C(O)c1ccc(-c2cncc(Nc3cccc(Cl)c3)c2)cc1O,true_decoy,False,True,False
mol_08649,/home/gwj/work/c1-campaign/URAT1_NLRP3_DualTarget_AIDD_Project/docking_export_20260820/01_phase1_benchmark_URAT1_9DKB/poses/gnina_sdf/mol_08649_out.sdf,9,False,False,1,14.132626034817449,0.9565217391304348,0.84,9,0.8181818181818182,False,False,True,True,True,True,0.6649664044,6.1474080086,AROMATIC:PHE241;AROMATIC:PHE360;AROMATIC:PHE364;AROMATIC:PHE365;AROMATIC:PHE449;CONTACT:ARG477;CONTACT:ASP389;CONTACT:LYS393;CONTACT:MET214;CONTACT:PHE241;CONTACT:PHE360;CONTACT:PHE364;CONTACT:PHE365;CONTACT:PHE449;HBOND:LYS393;HYDROPHOBIC:MET214;HYDROPHOBIC:PHE241;HYDROPHOBIC:PHE360;HYDROPHOBIC:PHE364;HYDROPHOBIC:PHE365;HYDROPHOBIC:PHE449;POLAR:ARG477,3,0.88,0,O=C(O)c1ccc(-c2cncc(Nc3ccccc3)c2)cc1O,true_decoy,False,True,False
mol_08650,/home/gwj/work/c1-campaign/URAT1_NLRP3_DualTarget_AIDD_Project/docking_export_20260820/01_phase1_benchmark_URAT1_9DKB/poses/gnina_sdf/mol_08650_out.sdf,9,False,False,1,13.7043116806354,1.0,0.84,9,0.8181818181818182,False,False,True,True,True,True,0.6756895781,6.6679878235,AROMATIC:PHE241;AROMATIC:PHE360;AROMATIC:PHE364;AROMATIC:PHE365;AROMATIC:PHE449;CONTACT:ARG477;CONTACT:ASP389;CONTACT:LYS393;CONTACT:MET214;CONTACT:PHE241;CONTACT:PHE360;CONTACT:PHE364;CONTACT:PHE365;CONTACT:PHE449;HBOND:LYS393;HYDROPHOBIC:MET214;HYDROPHOBIC:PHE241;HYDROPHOBIC:PHE360;HYDROPHOBIC:PHE364;HYDROPHOBIC:PHE365;HYDROPHOBIC:PHE449;POLAR:ARG477,1,0.84,0,O=C(O)c1ccc(-c2cncc(Oc3ccc(Cl)cc3)c2)cc1O,true_decoy,False,True,False
mol_08651,/home/gwj/work/c1-campaign/URAT1_NLRP3_DualTarget_AIDD_Project/docking_export_20260820/01_phase1_benchmark_URAT1_9DKB/poses/gnina_sdf/mol_08651_out.sdf,9,False,False,1,13.941504852059545,0.9583333333333334,0.84,9,0.8181818181818182,False,False,True,True,True,True,0.8278003931,6.6337623596,AROMATIC:PHE241;AROMATIC:PHE360;AROMATIC:PHE364;AROMATIC:PHE365;AROMATIC:PHE449;CONTACT:ARG477;CONTACT:ASP389;CONTACT:LYS393;CONTACT:MET214;CONTACT:PHE241;CONTACT:PHE360;CONTACT:PHE364;CONTACT:PHE365;CONTACT:PHE449;HBOND:LYS393;HYDROPHOBIC:MET214;HYDROPHOBIC:PHE241;HYDROPHOBIC:PHE360;HYDROPHOBIC:PHE364;HYDROPHOBIC:PHE365;HYDROPHOBIC:PHE449;POLAR:ARG477,3,0.88,0,O=C(O)c1ccc(-c2cncc(Oc3cccc(Cl)c3)c2)cc1O,true_decoy,False,True,False
mol_08652,/home/gwj/work/c1-campaign/URAT1_NLRP3_DualTarget_AIDD_Project/docking_export_20260820/01_phase1_benchmark_URAT1_9DKB/poses/gnina_sdf/mol_08652_out.sdf,9,False,False,1,13.959109067916897,0.9565217391304348,0.84,9,0.8181818181818182,False,False,True,True,True,True,0.7212407589,6.2906632423,AROMATIC:PHE241;AROMATIC:PHE360;AROMATIC:PHE364;AROMATIC:PHE365;AROMATIC:PHE449;CONTACT:ARG477;CONTACT:ASP389;CONTACT:LYS393;CONTACT:MET214;CONTACT:PHE241;CONTACT:PHE360;CONTACT:PHE364;CONTACT:PHE365;CONTACT:PHE449;HBOND:LYS393;HYDROPHOBIC:MET214;HYDROPHOBIC:PHE241;HYDROPHOBIC:PHE360;HYDROPHOBIC:PHE364;HYDROPHOBIC:PHE365;HYDROPHOBIC:PHE449;POLAR:ARG477,5,0.9166666666666666,0,O=C(O)c1ccc(-c2cncc(Oc3ccccc3)c2)cc1O,true_decoy,False,True,False
mol_08970,/home/gwj/work/c1-campaign/URAT1_NLRP3_DualTarget_AIDD_Project/docking_export_20260820/01_phase1_benchmark_URAT1_9DKB/poses/gnina_sdf/mol_08970_out.sdf,9,False,False,1,12.580783531243185,1.0,0.875,8,0.7272727272727273,False,False,True,True,True,True,0.7559759021,6.5485138893,AROMATIC:PHE241;AROMATIC:PHE360;AROMATIC:PHE364;AROMATIC:PHE365;AROMATIC:PHE449;CONTACT:ARG477;CONTACT:LYS393;CONTACT:MET214;CONTACT:PHE241;CONTACT:PHE360;CONTACT:PHE364;CONTACT:PHE365;CONTACT:PHE449;HBOND:LYS393;HYDROPHOBIC:MET214;HYDROPHOBIC:PHE241;HYDROPHOBIC:PHE360;HYDROPHOBIC:PHE364;HYDROPHOBIC:PHE365;HYDROPHOBIC:PHE449;POLAR:ARG477,1,0.875,0,O=C(c1cnccc1SC1(C(=O)O)CCC1)N1CCOc2ccccc21,true_decoy,False,True,False
mol_08971,/home/gwj/work/c1-campaign/URAT1_NLRP3_DualTarget_AIDD_Project/docking_export_20260820/01_phase1_benchmark_URAT1_9DKB/poses/gnina_sdf/mol_08971_out.sdf,9,True,False,1,2.9171607120623277,0.9615384615384616,0.8148148148148148,11,1.0,False,True,True,True,True,True,0.7472741604,6.9306087494,AROMATIC:PHE241;AROMATIC:PHE360;AROMATIC:PHE364;AROMATIC:PHE365;AROMATIC:PHE449;CONTACT:ARG477;CONTACT:ASP389;CONTACT:GLN473;CONTACT:LYS393;CONTACT:MET214;CONTACT:PHE241;CONTACT:PHE360;CONTACT:PHE364;CONTACT:PHE365;CONTACT:PHE449;CONTACT:SER35;HBOND:ARG477;HBOND:GLN473;HYDROPHOBIC:MET214;HYDROPHOBIC:PHE241;HYDROPHOBIC:PHE360;HYDROPHOBIC:PHE364;HYDROPHOBIC:PHE365;HYDROPHOBIC:PHE449;POLAR:ARG477,3,0.8333333333333334,0,O=C(c1cnccc1SC1(C(=O)O)CCC1)N1CCc2ccccc2C1,true_decoy,True,True,True
mol_05065,/home/gwj/work/c1-campaign/URAT1_NLRP3_DualTarget_AIDD_Project/docking_export_20260820/01_phase1_benchmark_URAT1_9DKB/poses/gnina_sdf/mol_05065_out.sdf,9,False,True,1,8.157734024225103,0.6857142857142857,0.76,9,0.8181818181818182,False,False,True,True,True,True,0.7653208375,6.9283013344,AROMATIC:PHE241;AROMATIC:PHE360;AROMATIC:PHE364;AROMATIC:PHE449;CONTACT:ARG477;CONTACT:ASP389;CONTACT:GLN473;CONTACT:LYS393;CONTACT:MET214;CONTACT:PHE241;CONTACT:PHE360;CONTACT:PHE364;CONTACT:PHE449;HBOND:LYS393;HYDROPHOBIC:MET214;HYDROPHOBIC:PHE241;HYDROPHOBIC:PHE360;HYDROPHOBIC:PHE364;HYDROPHOBIC:PHE449;POLAR:ARG477,3,0.8846153846153846,0,Cc1ccc2[nH]c(C(=O)N(CC(=O)[O-])Cc3ccc4c(c3)CC(C)(C)O4)c(-c3ccccc3)c2c1,true_decoy,False,True,False
mol_00078,/home/gwj/work/c1-campaign/URAT1_NLRP3_DualTarget_AIDD_Project/docking_export_20260820/01_phase1_benchmark_URAT1_9DKB/poses/gnina_sdf/mol_00078_out.sdf,9,False,False,1,14.457549177160002,1.0,0.8076923076923077,10,0.9090909090909091,False,False,True,True,True,True,0.8754318953,6.9284191132,AROMATIC:PHE241;AROMATIC:PHE360;AROMATIC:PHE364;AROMATIC:PHE365;AROMATIC:PHE449;CONTACT:ARG477;CONTACT:ASP389;CONTACT:GLN473;CONTACT:LYS393;CONTACT:MET214;CONTACT:PHE241;CONTACT:PHE360;CONTACT:PHE364;CONTACT:PHE365;CONTACT:PHE449;HBOND:ASP389;HYDROPHOBIC:MET214;HYDROPHOBIC:PHE241;HYDROPHOBIC:PHE360;HYDROPHOBIC:PHE364;HYDROPHOBIC:PHE365;HYDROPHOBIC:PHE449;POLAR:ARG477,2,0.84,0,C=C1CC[C@H]2[C@@]3(C)C[C@H]3CC[C@]2(C)[C@H]1CC/C(C)=C/C(=O)[O-],true_decoy,False,True,False
mol_08755,/home/gwj/work/c1-campaign/URAT1_NLRP3_DualTarget_AIDD_Project/docking_export_20260820/01_phase1_benchmark_URAT1_9DKB/poses/gnina_sdf/mol_08755_out.sdf,9,True,False,1,7.188095720703785,0.8387096774193549,0.72,8,0.7272727272727273,False,True,True,True,True,True,0.6344991326,6.9365916252,AROMATIC:PHE241;AROMATIC:PHE360;AROMATIC:PHE365;AROMATIC:PHE449;CONTACT:ARG477;CONTACT:GLN473;CONTACT:MET214;CONTACT:PHE241;CONTACT:PHE360;CONTACT:PHE365;CONTACT:PHE449;CONTACT:SER35;HBOND:ARG477;HYDROPHOBIC:MET214;HYDROPHOBIC:PHE241;HYDROPHOBIC:PHE360;HYDROPHOBIC:PHE365;HYDROPHOBIC:PHE449;POLAR:ARG477,2,0.9166666666666666,0,O=C([O-])C1Nc2ccc3ccccc3c2C2C(Cl)C(Sc3ccccc3[N+](=O)[O-])CC12,true_decoy,True,True,True
mol_08772,/home/gwj/work/c1-campaign/URAT1_NLRP3_DualTarget_AIDD_Project/docking_export_20260820/01_phase1_benchmark_URAT1_9DKB/poses/gnina_sdf/mol_08772_out.sdf,9,True,True,1,3.265900972166792,0.6,0.8076923076923077,9,0.8181818181818182,False,True,True,True,True,True,0.7105262876,6.957341671,AROMATIC:PHE241;AROMATIC:PHE360;AROMATIC:PHE364;AROMATIC:PHE365;AROMATIC:PHE449;CONTACT:ARG477;CONTACT:GLN473;CONTACT:LYS393;CONTACT:MET214;CONTACT:PHE241;CONTACT:PHE360;CONTACT:PHE364;CONTACT:PHE365;CONTACT:PHE449;HBOND:ARG477;HBOND:GLN473;HYDROPHOBIC:MET214;HYDROPHOBIC:PHE241;HYDROPHOBIC:PHE360;HYDROPHOBIC:PHE364;HYDROPHOBIC:PHE365;HYDROPHOBIC:PHE449;POLAR:ARG477,5,0.84,0,O=C([O-])c1cc([N+](=O)[O-])cnc1C=Cc1cn(-c2ccccc2)nc1-c1cccs1,true_decoy,True,True,True
mol_05075,/home/gwj/work/c1-campaign/URAT1_NLRP3_DualTarget_AIDD_Project/docking_export_20260820/01_phase1_benchmark_URAT1_9DKB/poses/gnina_sdf/mol_05075_out.sdf,9,True,True,1,2.862667879793252,0.9655172413793104,0.84,9,0.8181818181818182,False,True,True,True,True,True,0.817350924,7.2079291344,AROMATIC:PHE241;AROMATIC:PHE360;AROMATIC:PHE364;AROMATIC:PHE365;AROMATIC:PHE449;CONTACT:ARG477;CONTACT:GLN473;CONTACT:LYS393;CONTACT:MET214;CONTACT:PHE241;CONTACT:PHE360;CONTACT:PHE364;CONTACT:PHE365;CONTACT:PHE449;HBOND:ARG477;HYDROPHOBIC:MET214;HYDROPHOBIC:PHE241;HYDROPHOBIC:PHE360;HYDROPHOBIC:PHE364;HYDROPHOBIC:PHE365;HYDROPHOBIC:PHE449;POLAR:ARG477,7,0.9166666666666666,0,Cc1ccc2[nH]c(SCc3csc(NC(=O)c4ccccc4C(=O)[O-])n3)nc2c1,true_decoy,True,True,True
mol_07676,/home/gwj/work/c1-campaign/URAT1_NLRP3_DualTarget_AIDD_Project/docking_export_20260820/01_phase1_benchmark_URAT1_9DKB/poses/gnina_sdf/mol_07676_out.sdf,9,True,False,1,7.441487072487591,0.6060606060606061,0.5833333333333334,6,0.5454545454545454,False,True,True,True,True,True,0.525886476,6.3370690346,AROMATIC:PHE241;AROMATIC:PHE360;AROMATIC:PHE449;CONTACT:ARG477;CONTACT:GLN473;CONTACT:MET214;CONTACT:PHE241;CONTACT:PHE360;CONTACT:PHE449;HYDROPHOBIC:MET214;HYDROPHOBIC:PHE241;HYDROPHOBIC:PHE360;HYDROPHOBIC:PHE449;POLAR:ARG477,4,0.84,0,O=C(N/N=C(\c1ccc2c(c1)Cc1ccccc1-2)c1ccccc1C(=O)[O-])c1ccccc1,true_decoy,True,True,True
mol_08767,/home/gwj/work/c1-campaign/URAT1_NLRP3_DualTarget_AIDD_Project/docking_export_20260820/01_phase1_benchmark_URAT1_9DKB/poses/gnina_sdf/mol_08767_out.sdf,9,False,False,1,15.086029721898328,0.9333333333333333,0.8461538461538461,10,0.9090909090909091,False,False,True,True,True,True,0.8482909203,7.5474600792,AROMATIC:PHE241;AROMATIC:PHE360;AROMATIC:PHE364;AROMATIC:PHE365;AROMATIC:PHE449;CONTACT:ARG477;CONTACT:ASP389;CONTACT:LYS393;CONTACT:MET214;CONTACT:PHE241;CONTACT:PHE360;CONTACT:PHE364;CONTACT:PHE365;CONTACT:PHE449;CONTACT:SER35;HBOND:ASP389;HBOND:LYS393;HYDROPHOBIC:MET214;HYDROPHOBIC:PHE241;HYDROPHOBIC:PHE360;HYDROPHOBIC:PHE364;HYDROPHOBIC:PHE365;HYDROPHOBIC:PHE449;POLAR:ARG477,3,0.88,0,O=C([O-])Cc1cc(F)c(NC(=O)OCC2c3ccccc3-c3ccccc32)cc1F,true_decoy,False,True,False
mol_04671,/home/gwj/work/c1-campaign/URAT1_NLRP3_DualTarget_AIDD_Project/docking_export_20260820/01_phase1_benchmark_URAT1_9DKB/poses/gnina_sdf/mol_04671_out.sdf,9,True,True,1,2.973266515131117,0.9411764705882353,0.8148148148148148,11,1.0,False,True,True,True,True,True,0.9133874774,7.753194809,AROMATIC:PHE241;AROMATIC:PHE360;AROMATIC:PHE364;AROMATIC:PHE365;AROMATIC:PHE449;CONTACT:ARG477;CONTACT:ASP389;CONTACT:GLN473;CONTACT:LYS393;CONTACT:MET214;CONTACT:PHE241;CONTACT:PHE360;CONTACT:PHE364;CONTACT:PHE365;CONTACT:PHE449;CONTACT:SER35;HBOND:ARG477;HBOND:GLN473;HYDROPHOBIC:MET214;HYDROPHOBIC:PHE241;HYDROPHOBIC:PHE360;HYDROPHOBIC:PHE364;HYDROPHOBIC:PHE365;HYDROPHOBIC:PHE449;POLAR:ARG477,5,0.8461538461538461,0,Cc1ccc(C(=O)/C(=C\Nc2cc(Cl)ccc2C(=O)[O-])c2nnnn2-c2ccc(C)cc2)cc1,true_decoy,True,True,True
mol_04994,/home/gwj/work/c1-campaign/URAT1_NLRP3_DualTarget_AIDD_Project/docking_export_20260820/01_phase1_benchmark_URAT1_9DKB/poses/gnina_sdf/mol_04994_out.sdf,9,False,False,1,14.461624067510535,0.7878787878787878,0.5925925925925926,8,0.7272727272727273,False,False,True,True,True,True,0.5682504177,6.6517891884,AROMATIC:PHE241;AROMATIC:PHE360;AROMATIC:PHE364;AROMATIC:PHE449;CONTACT:ASP389;CONTACT:GLN473;CONTACT:LYS393;CONTACT:MET214;CONTACT:PHE241;CONTACT:PHE360;CONTACT:PHE364;CONTACT:PHE449;HBOND:ASP389;HBOND:MET214;HYDROPHOBIC:MET214;HYDROPHOBIC:PHE241;HYDROPHOBIC:PHE360;HYDROPHOBIC:PHE364;HYDROPHOBIC:PHE449,8,0.8148148148148148,0,Cc1ccc(S(=O)(=O)/N=C2/C=C(Nc3ccc(C(=O)[O-])cc3)C(=O)c3ccccc32)c(C)c1,true_decoy,False,True,False
mol_02941,/home/gwj/work/c1-campaign/URAT1_NLRP3_DualTarget_AIDD_Project/docking_export_20260820/01_phase1_benchmark_URAT1_9DKB/poses/gnina_sdf/mol_02941_out.sdf,9,False,False,1,7.8984638778689105,0.8333333333333334,0.7916666666666666,8,0.7272727272727273,False,False,True,True,True,True,0.7021197677,7.3955154419,AROMATIC:PHE241;AROMATIC:PHE360;AROMATIC:PHE364;AROMATIC:PHE365;AROMATIC:PHE449;CONTACT:GLN473;CONTACT:LYS393;CONTACT:MET214;CONTACT:PHE241;CONTACT:PHE360;CONTACT:PHE364;CONTACT:PHE365;CONTACT:PHE449;HYDROPHOBIC:MET214;HYDROPHOBIC:PHE241;HYDROPHOBIC:PHE360;HYDROPHOBIC:PHE364;HYDROPHOBIC:PHE365;HYDROPHOBIC:PHE449,5,0.88,0,COc1ccc(-c2cc(-c3ccc(Br)cc3)nc(SCC(=O)Nc3ccc(C)cc3)c2C(=O)[O-])cc1,true_decoy,False,True,False
mol_00612,/home/gwj/work/c1-campaign/URAT1_NLRP3_DualTarget_AIDD_Project/docking_export_20260820/01_phase1_benchmark_URAT1_9DKB/poses/gnina_sdf/mol_00612_out.sdf,9,False,False,1,14.412063656187476,1.0,0.8518518518518519,11,1.0,False,False,True,True,True,True,0.8079390526,7.6145005226,AROMATIC:PHE241;AROMATIC:PHE360;AROMATIC:PHE364;AROMATIC:PHE365;AROMATIC:PHE449;CONTACT:ARG477;CONTACT:ASP389;CONTACT:GLN473;CONTACT:LYS393;CONTACT:MET214;CONTACT:PHE241;CONTACT:PHE360;CONTACT:PHE364;CONTACT:PHE365;CONTACT:PHE449;CONTACT:SER35;HBOND:ASP389;HBOND:LYS393;HBOND:SER35;HYDROPHOBIC:MET214;HYDROPHOBIC:PHE241;HYDROPHOBIC:PHE360;HYDROPHOBIC:PHE364;HYDROPHOBIC:PHE365;HYDROPHOBIC:PHE449;POLAR:ARG477,8,0.88,0,CC(C)c1ccc2ncnc(NC3CC4(CCC(C(=O)[O-])CC4)C3)c2c1,true_decoy,False,True,False
mol_07785,/home/gwj/work/c1-campaign/URAT1_NLRP3_DualTarget_AIDD_Project/docking_export_20260820/01_phase1_benchmark_URAT1_9DKB/poses/gnina_sdf/mol_07785_out.sdf,9,False,False,1,14.57969765152899,0.8076923076923077,0.7307692307692307,9,0.8181818181818182,False,False,True,True,True,True,0.5734238029,6.2265944481,AROMATIC:PHE241;AROMATIC:PHE360;AROMATIC:PHE364;AROMATIC:PHE365;AROMATIC:PHE449;CONTACT:ASP389;CONTACT:GLN473;CONTACT:LYS393;CONTACT:MET214;CONTACT:PHE241;CONTACT:PHE360;CONTACT:PHE364;CONTACT:PHE365;CONTACT:PHE449;HBOND:ASP389;HYDROPHOBIC:MET214;HYDROPHOBIC:PHE241;HYDROPHOBIC:PHE360;HYDROPHOBIC:PHE364;HYDROPHOBIC:PHE365;HYDROPHOBIC:PHE449,2,0.8076923076923077,0,O=C(NC1CC2(CCC(C(=O)[O-])CC2)C1)c1csc(C2CCCCC2)c1,true_decoy,False,True,False
mol_02957,/home/gwj/work/c1-campaign/URAT1_NLRP3_DualTarget_AIDD_Project/docking_export_20260820/01_phase1_benchmark_URAT1_9DKB/poses/gnina_sdf/mol_02957_out.sdf,9,False,False,1,8.151028566996933,0.5333333333333333,0.46153846153846156,6,0.5454545454545454,False,False,True,False,True,True,0.537752986,5.9247131348,AROMATIC:PHE365;AROMATIC:PHE449;CONTACT:ARG477;CONTACT:GLN473;CONTACT:MET214;CONTACT:PHE365;CONTACT:PHE449;CONTACT:SER35;HBOND:GLN473;HBOND:SER35;HYDROPHOBIC:MET214;HYDROPHOBIC:PHE365;HYDROPHOBIC:PHE449;POLAR:ARG477,6,0.7692307692307693,0,COc1ccc(-c2cc3nc(C(Cl)=Cc4ccc(C(=O)[O-])cc4)[nH]c(=O)c3s2)cc1,true_decoy,False,True,False
mol_08785,/home/gwj/work/c1-campaign/URAT1_NLRP3_DualTarget_AIDD_Project/docking_export_20260820/01_phase1_benchmark_URAT1_9DKB/poses/gnina_sdf/mol_08785_out.sdf,9,False,False,1,12.864060252501924,0.875,0.88,10,0.9090909090909091,False,False,True,True,True,True,0.7328146696,6.5102572441,AROMATIC:PHE241;AROMATIC:PHE360;AROMATIC:PHE364;AROMATIC:PHE365;AROMATIC:PHE449;CONTACT:ARG477;CONTACT:ASP389;CONTACT:GLN473;CONTACT:LYS393;CONTACT:MET214;CONTACT:PHE241;CONTACT:PHE360;CONTACT:PHE364;CONTACT:PHE365;CONTACT:PHE449;HBOND:LYS393;HYDROPHOBIC:MET214;HYDROPHOBIC:PHE241;HYDROPHOBIC:PHE360;HYDROPHOBIC:PHE364;HYDROPHOBIC:PHE365;HYDROPHOBIC:PHE449;POLAR:ARG477,1,0.88,0,O=C([O-])c1n[nH]c2cc(OCc3ccc4ccccc4c3)ccc12,true_decoy,False,True,False
mol_04008,/home/gwj/work/c1-campaign/URAT1_NLRP3_DualTarget_AIDD_Project/docking_export_20260820/01_phase1_benchmark_URAT1_9DKB/poses/gnina_sdf/mol_04008_out.sdf,9,False,False,1,9.451959754992608,0.6451612903225806,0.6,7,0.6363636363636364,False,False,True,True,True,True,0.6716245413,6.4346809387,AROMATIC:PHE241;AROMATIC:PHE365;AROMATIC:PHE449;CONTACT:ARG477;CONTACT:GLN473;CONTACT:MET214;CONTACT:PHE241;CONTACT:PHE365;CONTACT:PHE449;CONTACT:SER35;HBOND:SER35;HYDROPHOBIC:MET214;HYDROPHOBIC:PHE241;HYDROPHOBIC:PHE365;HYDROPHOBIC:PHE449;POLAR:ARG477,6,0.8,0,Cc1c(C(=O)[O-])oc2c1C(=O)C(=Cc1cccc(NC(=O)c3ccccc3Cl)c1)CC2,true_decoy,False,True,False
mol_08774,/home/gwj/work/c1-campaign/URAT1_NLRP3_DualTarget_AIDD_Project/docking_export_20260820/01_phase1_benchmark_URAT1_9DKB/poses/gnina_sdf/mol_08774_out.sdf,9,True,True,1,3.6741076658149225,0.6206896551724138,0.56,6,0.5454545454545454,False,True,True,True,True,True,0.4259514809,6.2255554199,AROMATIC:PHE360;AROMATIC:PHE365;AROMATIC:PHE449;CONTACT:ARG477;CONTACT:GLN473;CONTACT:MET214;CONTACT:PHE360;CONTACT:PHE365;CONTACT:PHE449;HBOND:ARG477;HYDROPHOBIC:MET214;HYDROPHOBIC:PHE360;HYDROPHOBIC:PHE365;HYDROPHOBIC:PHE449;POLAR:ARG477,3,0.84,0,O=C([O-])c1ccc(-c2c[nH]c3ncc(-c4ccccc4)cc23)cc1C1CCCC1,true_decoy,True,True,True
mol_03873,/home/gwj/work/c1-campaign/URAT1_NLRP3_DualTarget_AIDD_Project/docking_export_20260820/01_phase1_benchmark_URAT1_9DKB/poses/gnina_sdf/mol_03873_out.sdf,9,False,False,1,11.686615700877644,0.88,0.8333333333333334,7,0.6363636363636364,True,False,True,True,True,False,0.496213764,5.8844227791,AROMATIC:PHE241;AROMATIC:PHE360;AROMATIC:PHE364;AROMATIC:PHE365;AROMATIC:PHE449;CLASH:ANY;CONTACT:LYS393;CONTACT:MET214;CONTACT:PHE241;CONTACT:PHE360;CONTACT:PHE364;CONTACT:PHE365;CONTACT:PHE449;HBOND:LYS393;HYDROPHOBIC:MET214;HYDROPHOBIC:PHE241;HYDROPHOBIC:PHE360;HYDROPHOBIC:PHE364;HYDROPHOBIC:PHE365;HYDROPHOBIC:PHE449,1,0.8333333333333334,0,C[NH+]1CCC[C@]2(C(=O)[O-])CCN(C(=O)c3cnc(C4CC4)nc3)C[C@@H]12,true_decoy,False,True,False
mol_06180,/home/gwj/work/c1-campaign/URAT1_NLRP3_DualTarget_AIDD_Project/docking_export_20260820/01_phase1_benchmark_URAT1_9DKB/poses/gnina_sdf/mol_06180_out.sdf,9,False,False,1,10.751084392283405,0.9565217391304348,0.8333333333333334,8,0.7272727272727273,False,False,True,True,True,True,0.4278759956,5.4333953857,AROMATIC:PHE241;AROMATIC:PHE360;AROMATIC:PHE364;AROMATIC:PHE365;AROMATIC:PHE449;CONTACT:ARG477;CONTACT:LYS393;CONTACT:MET214;CONTACT:PHE241;CONTACT:PHE360;CONTACT:PHE364;CONTACT:PHE365;CONTACT:PHE449;HYDROPHOBIC:MET214;HYDROPHOBIC:PHE241;HYDROPHOBIC:PHE360;HYDROPHOBIC:PHE364;HYDROPHOBIC:PHE365;HYDROPHOBIC:PHE449;POLAR:ARG477,1,0.8333333333333334,0,Cc1sc2ccccc2c1C[NH+]1C[C@@]2(C(=O)[O-])C[C@@]2(C(=O)[O-])C1,true_decoy,False,True,False
mol_02500,/home/gwj/work/c1-campaign/URAT1_NLRP3_DualTarget_AIDD_Project/docking_export_20260820/01_phase1_benchmark_URAT1_9DKB/poses/gnina_sdf/mol_02500_out.sdf,9,False,False,1,11.292710539989935,1.0,0.88,10,0.9090909090909091,False,False,True,True,True,True,0.773073256,6.758834362,AROMATIC:PHE241;AROMATIC:PHE360;AROMATIC:PHE364;AROMATIC:PHE365;AROMATIC:PHE449;CONTACT:ARG477;CONTACT:ASP389;CONTACT:LYS393;CONTACT:MET214;CONTACT:PHE241;CONTACT:PHE360;CONTACT:PHE364;CONTACT:PHE365;CONTACT:PHE449;CONTACT:SER35;HBOND:LYS393;HYDROPHOBIC:MET214;HYDROPHOBIC:PHE241;HYDROPHOBIC:PHE360;HYDROPHOBIC:PHE364;HYDROPHOBIC:PHE365;HYDROPHOBIC:PHE449;POLAR:ARG477,1,0.88,0,CN1Cc2ccccc2N(CC(=O)N2C[C@@H](C(=O)[O-])[C@H](C3CC3)C2)C1=O,true_decoy,False,True,False
mol_08756,/home/gwj/work/c1-campaign/URAT1_NLRP3_DualTarget_AIDD_Project/docking_export_20260820/01_phase1_benchmark_URAT1_9DKB/poses/gnina_sdf/mol_08756_out.sdf,9,False,False,1,12.298092026407998,0.9090909090909091,0.9166666666666666,9,0.8181818181818182,False,False,True,True,True,True,0.6124781966,6.3901381493,AROMATIC:PHE241;AROMATIC:PHE360;AROMATIC:PHE364;AROMATIC:PHE365;AROMATIC:PHE449;CONTACT:ARG477;CONTACT:GLN473;CONTACT:LYS393;CONTACT:MET214;CONTACT:PHE241;CONTACT:PHE360;CONTACT:PHE364;CONTACT:PHE365;CONTACT:PHE449;HBOND:LYS393;HYDROPHOBIC:MET214;HYDROPHOBIC:PHE241;HYDROPHOBIC:PHE360;HYDROPHOBIC:PHE364;HYDROPHOBIC:PHE365;HYDROPHOBIC:PHE449;POLAR:ARG477,1,0.9166666666666666,0,O=C([O-])CC(NC(=O)OCC1c2ccccc2-c2ccccc21)c1cccc2ccccc12,true_decoy,False,True,False
