name,qed,mw,clogp,tpsa,hbd,hba,heavy_atoms,lipinski_pass,veber_pass,ghose_pass,oral_absorption_ok
IDREMCINAL,0.2665909553207153,743.9760000000001,3.670900000000005,165.84,4,13,52,False,False,False,False
ZAMZETOCLAX,0.2469271559424276,738.3510000000002,5.1989000000000045,124.02,3,9,51,False,True,False,False
TILPISERTIB,0.2255780460409031,593.1350000000003,6.371780000000006,113.45,2,9,43,False,True,False,False
ALEMCINAL,0.3255624793454773,697.9510000000001,5.196700000000007,125.38000000000002,2,11,49,False,True,False,False
DIVARASIB,0.3001882893766933,622.067,5.089820000000005,100.71,1,8,43,False,True,False,False
TILDIPIROSIN,0.2951974654670822,734.0319999999999,4.183000000000004,132.24,3,11,52,False,True,False,False
SALINOMYCIN,0.1685426951538735,751.0110000000001,6.188000000000006,161.20999999999998,4,10,53,False,False,False,False
CETHROMYCIN,0.2703662615414226,765.945,5.109700000000005,162.82,2,12,55,False,False,False,False
PC-786,0.1854652635480144,715.8510000000003,7.890340000000008,103.87,2,7,52,False,True,False,False
RUTAMYCIN,0.2242145144592109,777.0489999999999,5.636600000000007,180.04999999999998,5,11,55,False,False,False,False
HKI-357,0.1931174708760313,574.056,6.676580000000005,99.51,2,7,41,False,False,False,False
XP-102,0.3084170476283189,569.6820000000004,4.832900000000005,96.25,1,8,40,False,True,False,False
ZIFTOMENIB,0.2331753876252275,717.8880000000001,5.0148000000000055,122.41999999999996,2,11,49,False,True,False,False
MRTX-1133,0.3190441470793393,600.6450000000003,4.705900000000004,86.64,2,8,44,False,True,False,False
BURIXAFOR,0.1455032978491362,566.7320000000002,2.478800000000001,151.89999999999998,6,9,39,False,False,False,False
BAY1067197,0.0955847435005903,716.2889999999996,5.935260000000006,167.25,2,12,49,False,False,False,False
MITEMCINAL FUMARATE,0.3176199700360607,755.987,4.533200000000005,151.68,2,13,53,False,False,False,False
INDINAVIR,0.2628234200956571,613.8030000000003,2.8669000000000016,118.03000000000002,4,7,45,False,False,False,False
SPH-5030,0.2078554302847721,582.64,5.801620000000004,118.8,2,10,43,False,True,False,False
PYROTINIB,0.2047188344423562,583.0919999999999,6.465080000000006,112.4,2,8,42,False,True,False,False
SELAMECTIN,0.1321842798362698,769.9730000000004,6.069800000000008,154.73000000000002,3,12,55,False,False,False,False
TALORASIB,0.3485043998075957,605.1139999999999,4.9842800000000045,94.82,0,8,43,False,True,False,False
ICOMIDOCHOLIC ACID,0.0793508911184264,702.1179999999999,10.614299999999991,106.86,4,4,50,False,False,False,False
KOSN-1724,0.4779953533045598,473.6100000000002,4.573820000000004,109.86,2,7,34,True,True,False,True
OCTOTIAMINE,0.1269470704559894,544.7650000000003,4.092720000000003,135.71,2,11,35,False,False,False,False
H3B-6527,0.2503307385354388,629.549,5.478900000000005,124.19000000000004,3,9,43,False,True,False,False
ZELENIRSTAT,0.4611650615256415,537.5170000000003,4.5062200000000034,92.15,2,7,35,False,True,False,True
ATUMELNANT,0.4450806337705848,613.7249999999998,5.131100000000004,78.01,1,6,44,False,True,False,False
NCX 1000,0.0550018818883947,685.8549999999999,6.55240000000001,154.66,2,10,49,False,False,False,False
PYRONARIDINE,0.2269432247982185,518.0610000000005,6.085800000000006,73.75,2,7,37,False,True,False,False
CARZELESIN,0.1094355225514434,729.2370000000002,9.39602,135.7,4,6,53,False,True,False,False
BMS-852927,0.2473320159044221,609.5220000000002,6.573400000000008,92.42,2,6,40,False,True,False,False
VOLPRISTIN,0.5314391186215335,527.6180000000004,2.5342,139.04000000000002,2,8,38,False,True,False,True
MILVEXIAN,0.2674302716776641,626.4550000000002,5.799300000000004,125.41,1,10,43,False,True,False,False
CHAULMOSULFONE,0.0772836756813054,777.2129999999992,14.139199999999972,92.34,2,4,55,False,False,False,False
IRALUKAST,0.0450986342273546,710.7670000000004,8.9267,134.27,3,8,50,False,False,False,False
SACIBERTINIB,0.2092870098219835,599.0910000000001,5.701480000000005,121.63,2,9,43,False,False,False,False
NELUTROCTIV,0.5615827269654388,543.5140000000002,3.652600000000003,96.44,1,5,37,False,True,False,True
NAVAFENTEROL,0.0955824908877322,742.9240000000002,5.037000000000004,165.82999999999998,5,13,52,False,False,False,False
GSK-3008348 FREE BASE,0.4530334697206116,487.6480000000004,4.755240000000004,83.28,2,6,36,True,True,False,True
TELRATOLIMOD,0.0955446379351377,593.9010000000003,9.095800000000006,95.06,2,6,43,False,False,False,False
APG-2449,0.2388911299278743,640.2499999999999,7.163020000000008,105.68,2,9,44,False,True,False,False
TUXOBERTINIB,0.2489543303588788,561.0420000000001,4.836300000000004,110.73,2,9,40,False,False,False,False
TIVUMECIRNON,0.4772451608060606,543.4210000000003,4.901700000000006,70.31,1,7,36,False,True,False,True
TIVUMECIRNON BESYLATE,0.2290836194248214,701.5990000000004,5.835000000000007,124.68,2,9,46,False,True,False,False
AUMOLERTINIB,0.2567666449803669,525.6570000000004,5.307700000000005,87.55,2,8,39,False,False,False,False
VARLITINIB,0.4005119676234953,466.9540000000002,5.248900000000004,93.55,2,9,32,False,True,True,True
DEPULFAVIRINE,0.409935111960363,573.2270000000003,5.387580000000002,122.28,2,5,33,False,True,False,False
PREDNIMUSTINE,0.2311732296331876,646.6520000000003,5.415400000000006,104.14,2,7,44,False,False,False,False
FULZERASIB,0.3347515652201091,617.081,4.5572200000000045,111.87,1,8,44,False,True,False,False
BN-104,0.4711299439529335,570.673,3.9543000000000017,109.26,1,9,42,False,True,False,False
GLECIRASIB,0.1023579026896383,640.041,5.377800000000005,121.14,1,8,45,False,True,False,False
GARSORASIB,0.2549652192408814,598.6580000000002,4.464500000000002,123.13,1,9,44,False,True,False,False
AMG-650,0.445405999001379,564.6590000000002,3.387220000000002,127.76,3,8,39,False,True,False,False
LAIDLOMYCIN PROPIONATE,0.2233511830913296,754.9550000000003,5.150500000000003,176.50999999999996,3,12,53,False,False,False,False
LECIMIBIDE,0.1008540083243626,590.7840000000002,9.788799999999998,61.02,2,3,42,False,False,False,False
RELICPIXANT,0.5883251806965013,500.9110000000002,2.5900000000000007,116.22999999999998,1,7,33,False,True,False,True
BI 653048,0.393646603004665,515.5290000000001,3.798300000000002,126.14,3,5,35,False,True,False,True
TAS-119,0.4409008198803385,506.3650000000002,4.852320000000003,111.21,3,5,34,False,True,False,True
REMIBRUTINIB,0.4138514692402624,507.5410000000003,4.465320000000002,110.44,2,6,37,False,True,False,True
TILPISERTIB FOSMECARBIL,0.1119944488398401,747.1489999999998,5.969680000000007,197.72000000000003,3,12,52,False,False,False,False
VECABRUTINIB,0.5075186920017714,529.9260000000003,2.6534000000000004,130.47,3,7,36,False,True,False,True
KOS-1584,0.446114429776996,489.6780000000003,5.042320000000006,96.72,2,7,34,False,True,False,True
GSK-923295A,0.2236571533088733,592.1400000000002,4.514100000000005,108.2,3,7,42,False,False,False,False
SNS-314,0.3954760516959297,430.946,5.099800000000001,91.83,3,7,28,False,True,True,True
ENSITRELVIR,0.346442593607517,531.8860000000001,1.7529999999999997,120.68,1,10,37,False,True,False,True
ALRIZOMADLIN,0.3332169270549265,642.5989999999997,6.807000000000007,98.74,3,4,44,False,True,False,False
CRS-3123,0.405072946193456,513.2550000000001,5.030000000000003,66.15,3,5,27,False,True,False,True
DERSALAZINE,0.141063442999158,599.691,7.534420000000008,120.38,2,7,45,False,True,False,False
ABBV-744,0.3513432719394062,491.5630000000002,5.058940000000004,96.35,3,5,36,False,True,False,True
GSK-356278,0.484315875124758,439.5450000000002,3.7562400000000022,103.78,1,10,31,True,True,True,True
PETESICATIB,0.5053140246310187,603.5450000000004,3.3639800000000024,125.16,1,7,41,False,True,False,False
UNECRITINIB,0.4498770573994192,492.3820000000002,5.413900000000004,81.07000000000001,2,6,33,False,True,False,True
SNX 5422,0.4948585084504641,521.5400000000003,3.3701000000000008,142.33,3,8,37,False,False,False,False
MK-6592,0.4711622675631984,529.9790000000003,4.276020000000003,99.27,2,7,37,False,True,False,True
TELOTRISTAT,0.2928755543879992,546.9370000000002,4.510120000000002,142.17000000000002,3,8,38,False,False,False,False
M4344,0.485132021254573,541.5630000000003,0.9963999999999996,134.21999999999997,2,10,39,False,True,False,True
BEFETUPITANT,0.3169534558671247,565.5580000000003,6.871820000000006,45.67,0,4,40,False,True,False,False
PREDNISOLONE STEAGLATE,0.0922665833965905,684.9550000000003,7.913200000000011,127.20000000000005,2,8,49,False,False,False,False
TRANIMILAST,0.1118486779955697,687.5449999999997,6.318100000000006,127.1,1,8,45,False,False,False,False
AZD-5991,0.1886708779963765,672.2760000000002,8.176220000000006,87.1,1,9,46,False,True,False,False
ASK-120067,0.2004710441774734,546.0750000000002,5.901300000000005,94.65,3,8,39,False,False,False,False
VIDUPIPRANT,0.2466133264993982,609.503,6.758400000000004,121.79999999999998,3,5,40,False,True,False,False
TARLOXOTINIB,0.122775583888028,601.8729999999999,4.597300000000002,140.76,2,9,38,False,False,False,False
IMMH-010,0.2159619617508414,621.5720000000001,6.324400000000009,89.91000000000001,2,7,41,False,False,False,False
RO-4987655,0.2586360461402913,565.2860000000001,3.159800000000001,100.13,3,6,32,False,True,False,False
MERIGOLIX,0.1328970340548086,752.6840000000002,6.045200000000006,118.93999999999998,2,9,53,False,False,False,False
ZORACOPAN,0.2298574312237026,615.5320000000002,5.4018600000000045,110.08,1,7,41,False,True,False,False
NARASIN,0.1621515259328489,765.0380000000001,6.434000000000006,161.20999999999998,4,10,54,False,False,False,False
DISERMOLIDE,0.1006334927512308,593.8020000000002,4.296900000000004,159.54,5,8,42,False,False,False,False
SITRAVATINIB,0.1063416869684682,629.6890000000001,6.522200000000005,114.46999999999998,3,8,45,False,False,False,False
LY377604,0.1937769552037513,524.6210000000001,4.957900000000004,122.49,4,6,39,False,False,False,False
MLN-0415,0.5542645895945439,514.0260000000002,3.4232000000000022,99.79,2,6,36,False,True,False,True
ENVONALKIB,0.4492757678495606,506.4090000000002,5.118400000000004,85.53,2,7,34,False,True,False,True
UCB-1184197,0.3547743500993549,549.469,5.576900000000005,93.21,2,7,36,False,True,False,False
BOS-172722,0.4200072730055108,446.5590000000003,4.729020000000003,102.67000000000002,2,9,33,True,True,False,True
TESEVATINIB,0.4405507489417429,491.3940000000004,5.7945000000000055,59.51,1,6,33,False,True,False,False
TIGOLANER,0.4303037086034922,552.8130000000001,5.385080000000004,88.53,1,6,37,False,True,False,False
TAK-285,0.2405020233836149,547.9650000000001,5.916600000000003,101.3,3,7,38,False,True,False,False
AZD3965,0.5490491036381246,515.5140000000004,2.12212,122.45000000000002,2,9,35,False,True,False,True
SUNVOZERTINIB,0.2373212691852154,584.0960000000001,5.257100000000005,114.88,4,9,41,False,True,False,False
FICONALKIB,0.3388978067315994,565.744,4.652900000000003,111.72,3,10,40,False,True,False,False
MIOFLAZINE,0.3444614065890783,575.4870000000004,5.293900000000004,78.67,2,4,39,False,True,False,False
SELETALISIB,0.2780481490600307,482.8530000000001,5.242300000000002,90.53,1,6,34,False,True,False,True
TOCOFENOXATE,0.1423096061869401,599.2960000000003,10.772459999999992,44.760000000000005,0,4,42,False,False,False,False
IDASANUTLIN,0.2653822619310909,616.4920000000003,6.938880000000005,111.45,3,5,42,False,True,False,False
TRIAMCINOLONE BENETONIDE,0.4360722560511276,623.7180000000003,4.035800000000003,128.23,2,8,45,False,True,False,False
HPPH,0.1803504214207296,636.8370000000001,9.42114,120.96,3,5,47,False,False,False,False
PF-4136309,0.4001233408836865,568.6000000000005,3.308100000000003,120.34,3,7,41,False,True,False,False
PF-05150122,0.3342763919406409,541.0580000000001,5.001380000000005,113.14,1,9,36,False,True,False,True
AZD-0424,0.4660805464528759,528.9970000000001,3.4806000000000017,111.17000000000002,1,10,37,False,True,False,True
TMC-647055,0.4694388845369893,606.745,4.156600000000003,110.18,1,7,43,False,True,False,False
ZED-1227,0.2472719137558705,528.6100000000004,1.380700000000002,153.42000000000002,3,9,38,False,False,False,False
4-DEMETHYL-4-CHOLESTERYLOXYCARBONYLPENCLOMEDINE,0.1518087517074626,724.0369999999999,12.14909999999998,57.650000000000006,0,5,45,False,True,False,False
DEFOSBARASERTIB,0.2025399628012995,507.57000000000016,3.499900000000001,128.29000000000002,4,8,37,False,False,False,False
PINOMETOSTAT,0.2534223286690762,562.7190000000003,3.323300000000001,151.23,4,10,41,False,False,False,False
ENT-03,0.1013067338727768,618.9920000000004,5.799700000000006,119.64,6,6,44,False,False,False,False
PIPERAQUINE,0.3283219276191089,535.5230000000003,5.4241000000000055,38.74,0,6,37,False,True,False,True
OLINCIGUAT,0.307458825428698,509.3950000000001,2.5122,144.98000000000002,3,9,36,False,False,False,False
PRALICIGUAT,0.3347230408174785,534.3670000000001,4.589200000000002,101.89,2,8,37,False,True,False,True
BIMATOPROST GRENOD,0.0679388715769309,574.7150000000005,4.466500000000006,148.23,3,8,41,False,False,False,False
MHV-370,0.5207504954509697,532.6930000000004,2.5419400000000003,102.13,2,9,39,False,True,False,True
INT131,0.3007218475117858,514.2170000000001,7.441500000000001,68.29,1,4,31,False,True,False,False
BIETASERPINE,0.2244293654596319,707.8650000000004,4.986300000000005,110.16,0,12,51,False,False,False,False
LADUVIGLUSIB,0.331308710882763,465.34800000000007,4.939600000000002,115.2,3,7,32,True,True,True,True
LODAZECAR,0.4818960442171711,523.8150000000002,3.169600000000001,114.26,4,5,32,False,True,False,True
FORETINIB,0.1496403020296978,632.6639999999998,5.772400000000005,111.25,2,8,46,False,False,False,False
ELSULFAVIRINE SODIUM,0.2945580458576104,628.283,6.739180000000004,127.43,1,6,37,False,True,False,False
BISOCTRIZOLE,0.1688900570375404,658.8910000000001,9.583999999999996,101.88,2,8,49,False,True,False,False
BEXIRESTRANT,0.4315576086121815,477.5260000000002,6.649300000000007,32.7,1,3,35,False,True,False,False
PLOGOSERTIB,0.4772500850343042,616.811,4.022800000000002,106.17,2,9,45,False,True,False,False
FDL169,0.3452114892067123,486.5030000000002,4.713920000000003,90.46,0,7,36,True,True,False,True
LEMUTEPORFIN,0.1427471131327501,790.9140000000003,6.838020000000008,182.79,3,11,58,False,False,False,False
AL-01211,0.1969021598984783,542.4630000000002,5.180300000000004,94.39,3,6,37,False,True,False,True
REZATAPOPT,0.3016762794589155,545.5810000000001,4.489500000000004,70.56,3,6,39,False,True,False,True
PF-06952229,0.4077402678944555,458.92100000000016,3.886100000000004,107.37,4,6,32,True,True,True,True
TARANABANT,0.3810329571116698,515.9630000000002,6.314080000000006,75.00999999999999,1,4,36,False,True,False,False
NAZARTINIB,0.515927271936796,495.0270000000004,4.316820000000003,83.36,1,6,35,True,True,False,True
BMS-986142,0.2954746862253576,572.6120000000001,4.399020000000004,123.11,3,6,42,False,True,False,False
DM-1157,0.3118665191843563,487.05100000000016,5.323800000000005,65.97,2,6,35,False,True,False,True
DEUCRICTIBANT,0.3201430604211338,534.9441017780002,5.126620000000004,91.16,1,7,37,False,True,False,True
PELITINIB,0.4479232477463382,467.9320000000002,5.097580000000004,90.28,2,6,33,False,True,True,True
VS-4718,0.4290621770908041,501.5090000000003,4.792400000000003,87.75000000000001,3,7,36,False,True,False,True
SAFUSIDENIB,0.2665984671499385,535.7860000000002,7.555820000000004,85.33,1,5,35,False,True,False,False
BARIXIBAT,0.0462912592799733,757.9290000000001,4.1487000000000025,217.39,9,11,55,False,False,False,False
CRELOSIDENIB,0.5093837867233625,504.63500000000033,4.297600000000004,90.90000000000002,1,7,37,False,True,False,True
ACODAZOLE,0.5849720818797375,345.406,4.145820000000002,73.91,2,4,26,True,True,True,True
OPNURASIB,0.3094573964938545,526.0440000000002,5.599840000000005,84.63000000000001,1,6,38,False,True,False,False
MITRATAPIDE,0.1527155685709691,717.2960000000002,5.553000000000006,104.70000000000002,0,13,50,False,False,False,False
MILADEMETAN,0.3835329579286709,618.5370000000001,3.961100000000002,135.44,4,6,42,False,True,False,False
LUVOMETINIB,0.2786651643628524,665.4600000000002,4.627600000000003,115.09,2,8,39,False,True,False,False
BMS-903452,0.5154706101008101,513.3780000000003,3.524700000000002,94.39,0,8,33,False,True,False,True
JTK-853,0.2486027655056867,704.6500000000004,5.216100000000004,117.61999999999998,1,9,47,False,True,False,False
TIRILAZAD,0.3868790579281535,624.8739999999999,5.458300000000006,72.88000000000001,0,8,46,False,True,False,False
PF-06273340,0.3422468217949902,479.9280000000002,2.5965,148.91000000000005,3,9,34,True,False,True,False
CI-988,0.1967681630929873,614.7430000000005,4.858500000000003,149.61999999999998,5,5,45,False,False,False,False
CENICRIVIROC,0.0877292512857614,696.9579999999999,8.741700000000005,91.68,1,7,50,False,False,False,False
EDASALONEXENT,0.1579149785543374,490.6880000000003,6.716100000000007,78.43,3,3,36,False,False,False,False
GDC-0917,0.3573135389142411,564.712,4.067600000000003,129.46,3,8,40,False,True,False,False
BOLAZINE,0.2932872862424574,604.9640000000002,9.082600000000005,65.18,2,4,44,False,True,False,False
BAMOCAFTOR POTASSIUM,0.305039957463292,590.6480000000001,5.906300000000005,108.49,0,8,41,False,True,False,False
ZOLASARTAN,0.2413108103269389,555.8200000000002,5.981400000000004,122.72,2,7,35,False,True,False,False
TILDACERFONT,0.59042799897298,419.9820000000001,4.863240000000006,55.55,0,7,28,True,True,True,True
EMILUMENIB,0.3012027456323061,574.6290000000001,4.388200000000003,105.52,2,10,40,False,True,False,False
RONICICLIB,0.6137860935627716,430.45200000000017,3.9551700000000025,108.19,3,7,29,True,True,True,True
CANLITINIB,0.1048847955241747,619.621,6.6951000000000045,136.07999999999998,3,7,45,False,False,False,False
TIPROSTANIDE,0.1096928177596285,583.7910000000005,6.567900000000007,112.93,3,7,41,False,False,False,False
VALOMACICLOVIR STEARATE,0.0887040985380131,618.864,6.039300000000004,168.21000000000004,3,10,44,False,False,False,False
TUBOCURARINE,0.2449408495712499,609.7429999999999,6.701000000000008,80.62,2,7,45,False,True,False,False
PF-03715455,0.1066875488657963,700.2900000000001,7.795800000000009,129.6,4,10,48,False,True,False,False
SAPACITABINE,0.2800539400533609,490.64500000000015,4.053480000000002,137.47000000000003,3,8,35,True,False,False,False
TAK-960,0.5523472355183279,561.6090000000002,3.5526000000000018,102.93,2,8,40,False,True,False,False
BAVTAVIRINE,0.4159623383317382,416.4880000000001,5.647900000000004,111.41,2,6,32,False,True,False,False
BAFREKALANT,0.3464502676900512,531.0600000000002,5.065700000000004,75.86,0,7,38,False,True,False,True
GDC-0134,0.7100492632617053,440.4010000000001,2.5451000000000006,89.63,1,8,31,True,True,True,True
DS-1001B,0.2205015063174214,608.9250000000003,8.299420000000007,111.35,2,6,40,False,True,False,False
PF-5190457,0.3991206041445197,512.6830000000002,4.624040000000004,66.63,0,7,37,False,True,False,True
DELEOBUVIR SODIUM,0.231804689744891,652.5730000000001,5.5144000000000055,117.76000000000002,1,8,44,False,True,False,False
MK-0893,0.1860738341765024,588.4910000000003,7.4995000000000065,93.45,2,5,41,False,True,False,False
RUPINTRIVIR,0.2087387007342162,598.6720000000004,2.824920000000001,156.7,3,8,43,False,False,False,False
RO-6870810,0.4600383164015265,540.1370000000004,3.943360000000004,78.65,1,8,37,False,True,False,True
NURANDOCIGUAT,0.3347383515296535,572.1000000000001,6.458800000000007,64.84,1,6,40,False,True,False,False
SODELGLITAZAR,0.2770874413828541,499.5510000000002,7.119140000000007,59.42,1,5,33,False,True,False,False
SAPITINIB,0.5397024631329128,473.9360000000002,3.763700000000002,88.61000000000001,2,7,33,True,True,True,True
TAS0612,0.4217345874686923,571.6520000000002,4.396400000000003,119.79,3,9,41,False,True,False,False
CINTIRORGON,0.2930383447317851,603.5370000000003,6.570100000000005,93.14,1,5,41,False,True,False,False
SEPETAPROST,0.3846083698116004,482.56400000000025,4.174800000000004,85.22000000000001,2,6,34,True,True,False,True
ABIVERTINIB,0.3300741005415762,487.5390000000002,4.5092000000000025,98.41,3,7,36,True,True,False,True
DASATINIB LAURYLSULFATE,0.0728633950607018,754.4199999999996,7.040240000000008,170.11,4,12,50,False,False,False,False
SYROSINGOPINE,0.1921079424865918,666.7240000000003,4.697800000000004,144.08,1,12,48,False,False,False,False
DPOC-4088,0.5437574873388783,452.8240000000001,2.3461,101.8,2,7,31,True,True,True,True
NICOCORTONIDE,0.4427484657789367,535.6370000000005,4.120600000000004,112.02000000000002,1,8,39,False,True,False,True
LGD-6972,0.1191629641964228,702.9170000000001,8.825960000000002,112.57,3,4,51,False,False,False,False
PPL-100,0.1382800822444921,624.8040000000002,4.119600000000003,151.06,4,7,44,False,False,False,False
BUDIODARONE,0.1224071442130234,703.3550000000001,6.477800000000007,68.97999999999999,0,6,35,False,False,False,False
DAROVASERTIB,0.5270547311102528,472.4750000000002,3.1045000000000016,135.94,3,8,34,True,True,True,True
ZB-716,0.0873077348419105,634.6010000000005,6.65680000000001,83.75,3,4,43,False,False,False,False
LASALOCID,0.2251239585788077,590.7980000000002,5.842220000000006,133.52,4,7,42,False,False,False,False
LY-3200882,0.5570318135791676,435.52800000000025,4.665300000000003,94.32,2,8,32,True,True,True,True
PIFLUTIXOL,0.4656919698519884,451.52900000000017,6.225300000000005,23.47,1,3,31,False,True,False,False
ABAPERIDONE,0.4202246076805094,452.48200000000014,4.214100000000004,88.94000000000001,1,7,33,True,True,True,True
CANERTINIB,0.3429726304570578,485.9470000000004,4.391500000000003,88.61,2,7,34,True,True,False,True
LCL-161,0.5375366960594755,500.6400000000002,3.849700000000003,91.4,2,6,35,False,True,False,True
ETIOPURPURIN,0.2872797164336774,576.7850000000003,8.808740000000002,83.66,2,4,43,False,True,False,False
LUBABEGRON,0.2701988749980629,499.6360000000002,5.824680000000006,87.4,2,7,36,False,False,False,False
LINPERLISIB,0.4050472300928014,588.7060000000002,3.030500000000001,130.01,2,10,41,False,True,False,False
TOCOFIBRATE,0.1372590053792817,627.3500000000003,11.551059999999987,44.760000000000005,0,4,44,False,False,False,False
JNJ-26483327,0.5463685565178233,457.37200000000007,5.139000000000005,59.51000000000001,1,6,29,False,True,True,True
EBOPIPRANT,0.3151058146876258,599.7500000000002,4.330400000000004,118.8,2,7,41,False,False,False,False
BRECANAVIR,0.2515725085832118,703.8360000000002,3.865720000000002,154.98,2,12,48,False,False,False,False
MOSNODENVIR,0.2270727266132796,582.9840000000002,6.176700000000006,106.72,2,7,39,False,True,False,False
LSZ-102,0.2879640492728971,470.4680000000002,7.414800000000006,66.76,2,4,33,False,True,False,False
ZONGERTINIB,0.2915482138057243,535.6120000000002,4.421820000000003,122.98,2,10,40,False,True,False,True
RAFABEGRON,0.4388995485734163,402.87800000000016,3.5389000000000017,94.58,4,4,28,True,True,True,True
ONRADIVIR,0.551329652780698,440.4540000000002,3.871800000000002,116.68,3,6,32,True,True,True,True
LY-2874455,0.4290582972366598,444.3220000000001,4.763900000000003,88.85,2,6,30,True,True,True,True
LAZUVAPAGON,0.6092625924372426,460.57800000000015,3.585440000000002,87.46000000000001,2,5,34,True,True,False,True
RIMONABANT,0.5208402471010894,463.79600000000016,5.938620000000005,50.16,1,4,30,False,True,False,False
APITOLISIB,0.5224751743548602,498.61300000000034,0.9005200000000009,133.82999999999998,2,11,35,False,True,False,True
CAPADENOSON,0.2911979941349315,520.0390000000003,5.514460000000005,128.84,2,9,35,False,True,False,False
EDICOTINIB,0.5833422097424645,461.6100000000002,5.973380000000005,103.69,2,5,34,False,True,False,False
XL-418,0.335214844669246,609.4949999999999,4.783320000000004,93.28000000000002,2,8,39,False,True,False,False
AZD-9574,0.6132665617230264,428.44300000000015,1.5865199999999997,94.22,2,6,31,True,True,True,True
LIRAFUGRATINIB,0.2928781763802622,509.5450000000002,5.428920000000004,120.84,2,8,38,False,True,False,True
ZIRITAXESTAT,0.3503963124800879,588.7130000000002,3.432400000000001,104.24,1,10,42,False,True,False,False
SUVADRONABINOL,0.1642854241259829,513.6750000000004,5.941200000000006,101.93,2,5,37,False,False,False,False
TIAFIBRATE,0.0845251486030473,687.7920000000004,9.682,71.06,0,8,44,False,False,False,False
RIFAXIMIN,0.1148554830122395,785.8910000000003,6.157840000000009,198.38,5,13,57,False,False,False,False
AZACLORZINE,0.7319502252593302,413.9740000000001,4.639400000000004,26.790000000000006,0,4,28,True,True,True,True
BMS-754807,0.3757567880903043,461.5050000000001,3.605100000000001,116.13,3,8,34,True,True,True,True
RLY-2608,0.2325398119056776,608.914,6.303480000000003,112.18,2,6,43,False,True,False,False
MK-3577,0.2068093536320571,521.0320000000002,7.189120000000006,82.19,3,2,37,False,True,False,False
MANIDIPINE 6300,0.1934475153249032,610.7110000000002,4.953000000000005,114.25,1,9,45,False,True,False,False
CYC-065,0.5337135031905841,397.5270000000001,3.6024400000000028,100.78,3,8,29,True,True,True,True
ZELICAPAVIR,0.3802616263311834,549.5130000000001,4.214700000000003,117.77,2,9,40,False,True,False,True
DRAFLAZINE,0.2045863233984322,604.5290000000001,5.266200000000004,104.69,3,5,41,False,False,False,False
MAPRACORAT,0.4623454850958439,462.4870000000002,5.690420000000004,54.38,2,4,33,False,True,False,False
RELENOPRIDE,0.4585550521705081,492.9790000000003,3.738400000000001,119.91,3,6,34,True,True,False,True
GANDOTINIB,0.4433843769217461,469.95200000000006,4.028340000000003,83.37,2,7,33,True,True,True,True
ENCALERET,0.2842341940459221,514.0370000000003,6.202120000000006,78.79,3,4,36,False,False,False,False
VEVORISERTIB,0.2690289884841914,586.7440000000001,5.516700000000005,119.19,2,8,44,False,True,False,False
PADNARSERTIB,0.1918405357512058,610.6360000000003,7.084000000000006,101.46,2,5,45,False,True,False,False
AZAMULIN,0.4319663090905572,478.65900000000033,3.609500000000003,131.18999999999997,3,8,33,True,True,True,True
NICAFENINE,0.3177726542443225,446.8940000000002,4.613600000000004,93.21,2,6,32,True,True,True,True
PF-06815345,0.2958783368608942,598.0390000000002,4.018500000000002,142.18,1,12,42,False,False,False,False
RIFAMYCIN,0.1430874087072338,697.7780000000002,4.754120000000005,201.31,6,12,50,False,False,False,False
MEBOLAZINE,0.2826878441797948,633.0180000000001,9.862799999999998,65.18,2,4,46,False,True,False,False
PILARALISIB,0.2548874964075678,541.0330000000002,4.512000000000002,148.33,4,8,37,False,False,False,False
TAMBICICLIB,0.4060770486563075,519.1150000000004,4.938380000000004,104.12,3,9,35,False,True,False,True
CEFCANEL DALOXATE,0.1714093129313219,661.7400000000002,1.8223400000000007,197.16,2,15,44,False,False,False,False
UPLARAFENIB,0.3974267301580712,494.4950000000003,3.266400000000002,101.49,1,7,34,True,True,False,True
ODANACATIB,0.4654387590840232,525.5680000000002,4.629280000000003,99.06,2,5,36,False,True,False,True
TSN-084,0.2154584953197486,596.5940000000002,6.224300000000005,116.06,2,8,44,False,True,False,False
GSK-256066,0.3788646721447489,518.5950000000003,3.9289200000000033,131.69,2,7,37,False,True,False,True
SIMUROSERTIB,0.7512351920272766,341.43999999999994,2.839920000000001,77.67,2,5,24,True,True,True,True
AZD-9898,0.4686255774177757,457.8360000000002,4.206400000000004,92.62,1,6,31,True,True,True,True
EMPRUMAPIMOD,0.5221572117813974,473.5240000000002,3.3972000000000007,102.48,2,6,34,True,True,True,True
AFIMETORAN,0.480453778650029,444.58300000000014,4.282540000000004,92.31,2,5,33,True,True,False,True
ELINZANETANT,0.322750707711386,668.6540000000005,6.056020000000007,69.14,1,6,47,False,True,False,False
LUT-014,0.2200352088849489,528.498,6.657320000000002,113.53000000000002,3,8,39,False,True,False,False
CE-245677,0.2807461019116374,513.3850000000002,5.784800000000003,124.16,3,7,35,False,True,False,False
FAZAMOREXANT,0.5959550448513331,432.4990000000002,4.448320000000003,68.21000000000001,0,5,32,True,True,True,True
FARGLITAZAR,0.1698206621933434,546.6230000000003,6.610320000000006,101.66,2,6,41,False,False,False,False
SAPRISARTAN,0.2569454069092093,611.44,5.907300000000004,120.22,2,6,38,False,True,False,False
TELAGLENASTAT,0.2368981241904694,571.5850000000003,4.549500000000003,131.88,2,9,40,False,False,False,False
ERIBAXABAN,0.5743547707203923,484.9150000000002,3.8899000000000026,92.67,2,5,34,True,True,False,True
BILB-1941,0.2186275073165628,562.6700000000001,6.2869000000000055,113.32,3,5,42,False,True,False,False
ASALHYDROMORPHONE,0.2856018026364162,609.6310000000001,4.776200000000004,117.67000000000002,0,10,45,False,True,False,False
RODATRISTAT ETHYL,0.3447917974975643,590.0459999999997,5.573200000000005,102.6,2,8,41,False,True,False,False
DSP-2230,0.5731002238085642,419.4070000000002,3.329300000000001,95.06,2,6,30,True,True,True,True
ROCBRUTINIB,0.2086434709935523,761.9279999999998,4.478900000000004,150.08999999999995,3,12,56,False,False,False,False
RUPITASERTIB,0.5871247149075708,449.864,4.259800000000003,84.14,2,5,31,True,True,True,True
FONADELPAR,0.2891650526392747,504.53000000000026,6.650520000000005,85.45,1,6,35,False,True,False,False
AVAGACESTAT,0.4270911649710048,520.8920000000002,3.916400000000003,119.39,1,6,34,False,True,False,True
KETOCONAZOLE,0.4554144970214469,531.4399999999999,4.205800000000003,69.06,0,7,36,False,True,False,True
TOZASERTIB,0.4568163085513307,464.59900000000016,3.5032200000000016,102.07,3,8,33,True,True,False,True
VEMIRCOPAN,0.2549829400431608,602.4930000000002,4.488440000000004,122.97,1,8,40,False,True,False,False
SERALUTINIB,0.361757562176399,469.5450000000002,5.289620000000004,98.26,2,7,35,False,True,False,True
NILOTINIB LAURYLSULFATE,0.0574995747195732,795.9290000000001,10.082539999999996,161.21999999999997,3,10,56,False,False,False,False
ATUZABRUTINIB,0.2561299100779402,539.615,5.666480000000005,122.95,1,8,40,False,True,False,False
BMS-394136,0.5113851606110881,471.3630000000001,5.981600000000004,50.16,1,4,32,False,True,False,False
R-348,0.3945069494749221,483.52500000000015,3.638220000000002,122.31,3,8,34,True,True,False,True
AMCASERTIB,0.228127458109875,539.7050000000002,5.9863400000000055,90.12,3,5,39,False,True,False,False
BEPAFANT,0.5797808343155544,467.9820000000004,3.215220000000002,72.61,0,7,32,True,True,True,True
MGB-BP-3,0.2064080125182857,631.7369999999997,4.648800000000004,122.52,3,8,47,False,True,False,False
CLOFUTRIBEN,0.6715165126530255,424.81000000000006,3.9658000000000015,83.03,1,5,29,True,True,True,True
ANIZATRECTINIB,0.3529437359387257,529.6200000000001,4.321140000000003,97.20000000000002,2,7,39,False,True,False,True
REVAMILAST,0.3646444325055241,440.18900000000014,4.7749000000000015,91.3,1,5,29,True,True,True,True
CAMIZESTRANT,0.4979521676690478,476.5220000000003,4.311900000000003,60.080000000000005,2,5,34,True,True,True,True
TINENGOTINIB,0.5398905646936101,394.8660000000002,3.829220000000002,78.43,2,6,28,True,True,True,True
RILMAZAFONE,0.5047993416914205,475.33600000000007,2.0818000000000003,123.21,2,7,32,True,True,True,True
GLICARAMIDE,0.2788556750112211,598.7700000000001,4.477620000000003,144.31,3,8,42,False,False,False,False
TANDUTINIB,0.3440525359482672,562.7150000000001,5.034500000000005,92.29,1,8,41,False,True,False,False
PLEVITREXED,0.2217128458176591,532.5360000000003,2.06004,170.11,4,9,39,False,False,False,False
MK-5108,0.4685133967446258,461.94600000000025,5.709300000000003,84.34,2,6,31,False,True,False,False
VACTOSERTIB,0.461810835815867,399.4330000000001,4.2410200000000025,83.79,2,6,30,True,True,True,True
LY-3499446,0.4353523177530741,486.9350000000002,4.254900000000003,88.24000000000001,1,7,33,True,True,False,True
MAVELERTINIB,0.5650301203796078,415.43300000000016,0.6778999999999995,115.02000000000002,2,10,30,True,True,True,True
MAX-10181,0.3332917840396983,527.5390000000002,5.547620000000005,88.02000000000001,3,5,38,False,True,False,False
CICORTONIDE,0.3745816757248389,566.0660000000003,4.287480000000004,115.08,1,8,39,False,True,False,False
PARSACLISIB,0.6408846527667189,432.88700000000017,3.120920000000001,107.95000000000002,2,7,30,True,True,True,True
SB-649868,0.4160096904316466,477.56100000000015,5.428520000000004,75.44,1,5,34,False,True,True,True
GSK2256294,0.6215715652259639,447.4650000000001,3.399300000000002,115.62,3,7,32,True,True,True,True
LY-3009120,0.5332094831993508,424.52400000000017,5.047140000000004,91.83,3,5,31,False,True,True,True
PHORBOL MYRISTATE ACETATE,0.120438674863704,616.8360000000001,5.752900000000006,130.36,3,8,44,False,False,False,False
AZD-5122,0.3012115942328037,475.5430000000001,1.5631,127.68,4,8,31,True,True,True,True
DORZAGLIATIN,0.4971993416897859,462.93400000000025,2.047999999999999,116.92000000000002,3,7,32,True,True,True,True
SUZETRIGINE,0.6469701662363415,473.3980000000001,3.545500000000001,103.54,2,5,33,True,True,True,True
FLUMATINIB,0.3247066809196337,562.6000000000001,5.004120000000004,99.17000000000002,2,8,41,False,True,False,False
SAGOPILONE,0.3006955044435261,543.7260000000005,5.456120000000006,109.25,2,8,38,False,True,False,True
TAK-901,0.4136487747626823,504.6560000000004,4.617540000000004,95.16,2,5,36,False,True,False,True
DESOCRIPTINE,0.5173342377560459,563.7430000000003,2.994000000000001,101.14,3,6,41,False,True,False,False
MOBINITINIB,0.49635978843968,456.3810000000002,4.295820000000003,65.87,1,6,31,True,True,True,True
REMINERTANT,0.2824474502206671,587.0760000000002,5.767400000000005,115.57,2,7,42,False,True,False,False
BRIGIMADLIN,0.2905864184452955,591.4700000000001,6.311620000000004,87.46000000000001,2,5,41,False,True,False,False
LEXIPAFANT,0.4563778239234203,458.5840000000002,3.386320000000002,94.39,0,7,32,True,True,True,True
RELACATIB,0.4479073760707015,540.6420000000003,2.8994000000000018,138.68,2,7,38,False,True,False,True
LECUFEXOR,0.1816843323924399,619.8879999999999,8.874799999999997,98.59,1,6,42,False,True,False,False
LINUSTEDASTAT,0.4612491090120671,453.5330000000001,5.691100000000006,74.58,2,4,33,False,True,False,False
DARIZMETINIB,0.4089512483362487,457.4620000000001,3.6808000000000014,117.7,2,6,32,True,True,True,True
VECABRUTINIB SUCCINATE,0.2633235471257987,648.0140000000002,2.5892,205.07,5,9,44,False,False,False,False
BAMIRASTINE,0.260266115622942,527.6690000000001,5.164100000000005,91.99,2,7,39,False,False,False,False
SY-5609,0.45779773040426,490.4700000000002,4.705880000000003,106.49,3,6,34,True,True,False,True
ECASTOLOL,0.2976607547145822,483.5650000000002,3.669400000000002,115.08,3,8,35,True,False,False,False
ICLEPERTIN,0.5660417049221432,512.4280000000001,3.840200000000003,89.71000000000001,0,6,34,False,True,False,True
ZOLIFLODACIN,0.5673001242701506,487.4440000000002,1.2027,143.30999999999997,2,9,35,True,False,False,False
EXARAFENIB,0.4975825176045897,521.5840000000004,4.492520000000003,89.96000000000001,3,6,37,False,True,False,True
ASP-8302,0.3711119275604168,590.1750000000004,4.536800000000004,114.79,2,10,39,False,True,False,False
ATACIGUAT,0.4364808663453808,576.5050000000001,4.1289000000000025,121.88,2,7,35,False,True,False,False
GLIFLUMIDE,0.4347317742818669,500.5960000000002,4.0435000000000025,110.28,2,6,35,False,True,False,True
ELSULFAVIRINE,0.3172776570207247,629.291,5.955080000000003,125.36,2,6,37,False,True,False,False
QUARFLOXIN,0.2727536745222904,604.6860000000003,5.386700000000005,92.59000000000002,1,8,45,False,True,False,False
IMOCITRELVIR,0.2240204294235247,523.5460000000002,1.091720000000001,161.63,3,9,38,False,False,False,False
DAGLUTRIL,0.4158931762201677,534.6530000000002,4.297800000000003,113.01000000000002,2,5,39,False,False,False,False
SAR-405838,0.4072469897071614,562.5130000000001,5.302500000000004,90.46,4,4,38,False,True,False,False
ZEPRUMETOSTAT,0.3810314751752348,548.7280000000004,5.2215400000000045,90.81,2,6,40,False,True,False,True
MAVODELPAR,0.4135269265809023,515.5810000000005,4.791920000000004,68.23,1,5,38,False,True,False,True
ETALOCIB,0.1656928157819406,544.6190000000004,8.051600000000008,85.22000000000001,2,5,40,False,False,False,False
TEGOPRAZAN,0.7432674887496684,387.386,3.7539200000000026,67.45000000000002,1,4,28,True,True,True,True
CALCIMYCIN,0.3451489485558862,523.6300000000003,5.529800000000005,126.68000000000002,3,7,38,False,True,False,False
BEXOTEGRAST,0.3430608103581901,492.6240000000002,3.6095000000000015,111.97,3,8,36,True,False,False,False
ADOMEGLIVANT,0.2663543189299435,555.6370000000003,7.935040000000008,75.63,2,3,40,False,True,False,False
SULUKAST,0.1990133018527621,472.65500000000014,5.729700000000006,111.99,3,6,33,False,False,False,False
TIPELUKAST,0.1353307301772504,530.6830000000004,6.507200000000008,110.13,2,7,37,False,False,False,False
MIVORILANER,0.3372346502807371,588.3570000000003,5.376000000000003,79.79,2,5,37,False,True,False,False
TROPIFEXOR,0.2099713194296701,603.594,7.281200000000005,97.92,1,8,42,False,True,False,False
AZD2207,0.2815073685471072,499.34500000000014,3.666800000000002,89.35000000000001,4,4,33,True,True,False,True
RINTODESTRANT,0.2529452468164677,462.4980000000002,6.483940000000006,83.83,2,5,33,False,True,False,False
EDONENTAN,0.3018338873180229,536.6540000000003,5.808840000000005,118.54,1,7,38,False,True,False,False
TUBULOZOLE,0.3868701201809982,508.4270000000001,5.819000000000004,74.61,1,7,33,False,True,False,False
DIATHYMOSULFONE,0.2045832857380245,570.7150000000003,9.625039999999997,124.04,2,8,41,False,True,False,False
GSK-2256098,0.4890890152302966,414.89700000000016,4.599220000000003,93.1,3,7,29,True,True,True,True
FORMOCORTAL,0.2792267940370511,569.0660000000003,3.962800000000003,108.36,1,8,39,False,True,False,False
MINDEUDESIVIR,0.412221780397888,502.54610177800026,1.7639799999999992,168.13000000000002,1,12,36,False,False,False,False
REMIKIREN,0.2020614029413286,630.8520000000002,3.0962000000000023,161.48,5,7,44,False,False,False,False
CEFETRIZOLE,0.4312611386699644,437.5280000000001,0.9395999999999998,128.28000000000003,3,8,28,True,True,True,True
XL-228,0.4886206808210586,437.55200000000025,3.296000000000001,111.03,3,9,32,True,True,True,True
LERCANIDIPINE,0.1408164426775191,611.7390000000003,6.478400000000008,111.01,1,8,45,False,False,False,False
SEVABERTINIB,0.4703847117053132,484.94000000000045,3.562400000000002,106.73,3,7,34,True,True,False,True
ZELNECIRNON,0.4057904123164915,566.9610000000001,6.319820000000006,81.59,2,6,37,False,True,False,False
TIVIRAPINE,0.6491002912784465,321.8770000000001,4.522590000000004,23.96,1,3,21,True,True,True,True
JHU-75528 C-11,0.5774412934816671,469.3604336000001,4.857080000000004,83.18,1,6,32,True,True,True,True
GAMCEMETINIB,0.4061889573744248,469.9540000000002,4.765500000000004,98.26,2,8,32,True,True,True,True
GSK-2239633,0.3357418009950806,506.99300000000017,3.5397000000000007,122.55,3,8,33,False,True,False,True
JHU-75528,0.5762404129073306,470.3600000000001,4.857080000000004,83.18,1,6,32,True,True,True,True
AFOXOLANER,0.3070670420192105,625.8750000000001,6.502500000000004,79.79,2,4,42,False,True,False,False
LX-7101,0.5433879863663094,451.5310000000002,2.51072,129.47000000000003,3,7,33,True,True,True,True
GSK2816126,0.3265118113996086,526.6850000000003,4.627460000000004,95.05,3,6,39,False,True,False,True
MECLORISONE DIBUTYRATE,0.259811562893642,567.5500000000001,6.113500000000006,86.74000000000001,0,6,38,False,True,False,False
BENTIAMINE,0.3288601991065369,490.58500000000026,4.3778200000000025,115.48,1,8,35,True,True,False,True
ENITOCICLIB,0.6376967379111368,404.44200000000006,4.350570000000003,87.96,2,6,28,True,True,True,True
ALTEMINOSTAT,0.2687109048331977,492.6240000000002,3.8700000000000023,93.94,2,6,36,True,True,False,True
IDH305,0.4797762430893212,490.4610000000001,5.117120000000004,93.13,1,7,35,False,True,False,True
PATUPILONE,0.4486891198616771,507.6930000000003,4.477520000000005,109.25,2,8,35,False,True,False,True
EDAGLITAZONE,0.3954458369251487,464.56800000000015,5.380320000000003,81.43,1,7,32,False,True,True,True
MITOQUINOL CATION,0.0792998057381177,585.745,8.08082000000001,58.92,2,4,42,False,False,False,False
ATIRMOCICLIB,0.5299091896143565,463.9410000000002,3.655800000000002,105.32,3,8,32,True,True,True,True
TEBITOREXANT,0.5432092830045809,458.4150000000001,4.378500000000003,68.21000000000001,0,5,33,True,True,True,True
GS-9667,0.4059389791579047,461.5190000000002,1.7021999999999995,125.55,4,10,32,True,True,True,True
SIREMADLIN,0.340005280531259,555.4220000000001,4.693500000000004,104.37,0,9,38,False,True,False,False
DELEOBUVIR,0.1858824570509216,653.5810000000001,6.849100000000007,114.93000000000002,2,7,44,False,True,False,False
AR-12,0.3349999142928656,460.4590000000001,5.761700000000004,72.94,2,4,34,False,True,False,False
LISAVANBULIN,0.1519746170744052,515.5780000000004,2.6895800000000003,190.77,4,11,38,False,False,False,False
DECERNOTINIB,0.5984099583581054,392.3850000000001,3.279000000000001,95.59,3,5,28,True,True,True,True
SUTIDIAZINE,0.5674990789420269,465.5810000000002,3.865940000000002,87.03000000000002,2,9,34,True,True,False,True
FIRMONERTINIB,0.248214842436385,568.604,4.837300000000004,100.44,2,9,41,False,False,False,False
ORLISTAT,0.0948674729834446,495.7450000000004,6.881900000000007,81.69999999999999,1,5,35,False,False,False,False
CANOCAPAVIR,0.3135493552439556,562.3990000000002,4.710600000000004,96.01,2,5,37,False,True,False,False
OLACAFTOR,0.3971023405176184,539.6730000000002,5.666000000000006,88.6,1,6,38,False,True,False,False
OPIGOLIX,0.0762888250819631,544.5110000000002,3.555070000000001,148.45,5,8,38,False,False,False,False
PLIXORAFENIB,0.3393318588756739,542.5430000000002,4.107000000000003,120.94,2,6,38,False,True,False,True
JTT-251,0.4499525164031221,503.5210000000002,4.088900000000002,110.6,3,6,36,False,True,False,True
BEMFIVASTATIN,0.1340431519552765,588.6760000000003,5.805900000000007,132.01999999999998,5,6,43,False,False,False,False
FRESPACIGUAT,0.2218273357182065,608.9549999999999,5.591900000000004,136.01999999999998,3,7,42,False,True,False,False
MTI-31,0.6170981768263423,474.56500000000034,2.644100000000001,92.71,1,8,35,True,True,False,True
ITACITINIB,0.3752198505083733,553.524,3.6036800000000015,119.62,1,8,40,False,True,False,False
APAFANT,0.6037748998765188,455.9710000000002,3.433020000000002,72.61,0,7,31,True,True,True,True
BOSMOLISIB,0.3750112406089618,478.33900000000017,5.102100000000003,92.67000000000002,2,6,33,False,True,False,True
VERUCERFONT,0.5008647962490185,406.4900000000002,4.584780000000004,90.37,1,8,30,True,True,True,True
TERCONAZOLE,0.4245793739951387,532.472,4.462700000000003,64.88000000000001,0,8,36,False,True,False,True
BIRABRESIB,0.3667496040525896,492.00400000000025,5.533960000000006,92.4,2,7,34,False,True,False,False
ISAVUCONAZOLE,0.4874521724874653,437.4750000000001,4.242980000000002,87.61999999999999,1,7,31,True,True,True,True
TELUDIPINE,0.3108427717943341,498.6200000000003,3.944200000000003,94.17,1,8,36,True,True,False,True
CR-3465 FREE ACID,0.3167076267747203,495.5100000000002,4.926800000000004,101.41,2,5,37,True,True,False,True
NAQUOTINIB,0.4436135841954446,562.7190000000003,2.2634000000000016,120.16,2,9,41,False,True,False,False
BALOVAPTAN,0.6426152250979887,409.9210000000002,4.366300000000003,56.07000000000001,0,6,29,True,True,True,True
PREDNISOLAMATE,0.5474910391757597,473.6100000000003,2.4502999999999995,104.14,2,7,34,True,True,True,True
CROZBACICLIB,0.4677048393710767,488.5860000000004,6.287400000000005,66.30000000000001,1,6,36,False,True,False,False
AMELENODOR,0.3859713389932746,399.45000000000016,6.173760000000005,66.36,0,6,30,False,True,False,False
EPOTHILONE D,0.4322993312617764,491.6940000000004,5.266320000000007,96.72,2,7,34,False,True,False,True
VALNEMULIN,0.2786016510100094,564.8330000000004,4.504200000000004,118.72,3,7,39,False,True,False,False
ELACYTARABINE,0.1538767057372113,507.67200000000014,4.025400000000004,136.9,3,9,36,False,False,False,False
LUMINESPIB,0.4815491122179354,465.5500000000004,4.125100000000003,108.06,3,7,34,True,True,True,True
AVENCIGUAT,0.2658926136835631,582.7010000000001,5.764140000000006,98.94,1,8,43,False,True,False,False
IOPRONIC ACID,0.3067505603342629,673.0230000000001,3.9650000000000025,84.86,2,4,24,False,True,False,False
TRIAMCINOLONE FURETONIDE,0.503170482054674,578.6330000000004,5.029700000000005,112.27,1,8,42,False,True,False,False
BRINDOXIME,0.5305925636850987,497.19100000000026,2.817300000000001,79.71,1,6,27,True,True,False,True
TUNLAMETINIB,0.2791930684998702,491.25700000000006,3.5764000000000014,83.48,3,6,26,True,True,False,True
ACEFLURANOL,0.3760296210980501,492.4710000000003,4.963300000000006,105.20000000000002,0,8,35,True,True,False,True
CEFAZEDONE,0.3927383647237274,548.4550000000002,1.84592,134.48999999999998,2,10,33,False,True,False,True
ELOMOTECAN,0.3945522164318736,522.0450000000003,4.663420000000004,84.66,1,7,37,False,True,False,True
FIRUGLIPEL,0.4313616014822347,467.4970000000001,4.109100000000003,114.55,2,7,34,True,True,True,True
UMIFOXOLANER,0.2957855839059135,643.8650000000001,6.641600000000003,79.79,2,4,43,False,True,False,False
GEMILUKAST,0.1147454492334455,601.6900000000003,7.609940000000008,88.76,2,4,44,False,False,False,False
INCB-9471,0.5239785340867569,559.6770000000002,4.815540000000005,61.8,0,6,40,False,True,False,False
OLRADIPINE,0.3624521455785111,487.3800000000002,2.936300000000002,109.11,2,8,32,True,False,False,False
LOCICORTOLONE DICIBATE,0.215767265528225,633.6969999999998,8.986700000000003,69.67,0,5,43,False,True,False,False
SEDECAMYCIN,0.3415447842179237,501.5760000000004,2.2885,136.07,2,8,36,False,True,False,True
AMELUBANT,0.1498671110174783,538.6440000000003,6.947570000000008,100.87,3,6,40,False,True,False,False
DNL-201,0.889486535263782,339.325,3.0443000000000016,91.45,2,7,24,True,True,True,True
SIMOTINIB,0.5115078939147606,500.9580000000005,4.392200000000003,77.97000000000001,1,8,35,False,True,False,True
MERESTINIB,0.2739083900602237,552.5410000000003,5.745520000000004,106.82999999999998,2,7,41,False,True,False,False
GLICETANILE,0.463803299525126,488.9970000000002,4.319100000000003,110.28,2,6,33,True,True,False,True
PF-03758309,0.3670601932669625,490.6370000000002,4.529620000000004,102.07,3,7,35,True,True,False,True
SC-0191,0.4039379808332474,512.6180000000003,3.030100000000002,104.34,2,10,38,False,True,False,True
SCH-486757,0.5914111838372808,440.374,5.387400000000004,49.25000000000001,1,4,30,False,True,True,True
MK-0773,0.692720494939134,479.60000000000025,4.126900000000003,90.98,2,4,35,True,True,True,True
RANOSIDENIB,0.5836452599204907,453.3090000000001,4.067600000000001,82.96000000000001,3,6,30,True,True,True,True
OCEDURENONE,0.6629271692010512,504.0340000000005,4.5490800000000045,92.82,1,6,36,False,True,False,True
TEGLARINAD,0.034810366754665,637.1540000000003,3.9123800000000015,145.77,2,10,44,False,False,False,False
TENALISIB,0.426831535904031,415.42800000000017,4.828600000000003,96.70000000000002,2,6,31,True,True,True,True
CP-724714,0.3577138134088356,469.5450000000002,4.953340000000003,98.26,2,7,35,True,True,False,True
ILUNOCITINIB,0.7074907886563877,383.4370000000002,1.2381799999999998,120.55999999999996,1,7,27,True,True,True,True
PF-07265807,0.2007144792929645,591.5750000000003,3.9669000000000016,156.16,4,10,43,False,False,False,False
ABLUKAST,0.2872119628271126,498.5720000000003,5.156200000000006,119.36,2,7,36,False,False,False,False
NEFEXTINIB,0.4712281219438646,438.5320000000002,4.679020000000003,76.89,2,8,31,True,True,True,True
RALOXIFENE,0.3186643298109016,473.5940000000001,6.075200000000007,70.0,2,6,34,False,True,False,False
QUINDECAMINE,0.2006617674969593,454.66200000000015,8.044640000000006,49.84,2,4,34,False,False,False,False
IZUMEROGANT,0.3483945226158255,495.8640000000001,5.634400000000005,89.86,1,7,34,False,True,False,False
VISTUSERTIB,0.6323731943230403,462.5540000000002,2.5016,92.71,1,8,34,True,True,False,True
TENIVASTATIN,0.4454130269211328,436.5890000000002,4.105700000000003,104.06000000000002,3,5,31,True,True,True,True
MILREBRUTINIB,0.2710941632984242,578.6480000000001,4.507900000000004,122.29,3,8,43,False,True,False,False
ERBULOZOLE,0.4613833552826886,469.5630000000001,4.520800000000004,83.84,1,8,33,True,True,True,True
BMS-986020,0.302327432979766,482.5360000000001,6.742920000000005,101.66,2,5,36,False,True,False,False
PEXMETINIB,0.2150346805318988,556.6420000000004,6.073320000000007,106.23,3,7,41,False,True,False,False
GOSSYPOL ACETIC ACID,0.0818206821949924,770.7840000000001,7.700440000000007,191.94,0,14,56,False,False,False,False
TMC 310911,0.2005816808941254,756.0039999999997,5.221700000000005,142.56,3,11,52,False,False,False,False
ROXOLONIUM METILSULFATE,0.1594798290254102,693.9880000000004,6.203000000000007,130.03,1,8,48,False,True,False,False
IPN-60090,0.3843855356844797,532.5270000000002,2.45972,136.81,2,9,38,False,False,False,False
TEBIPENEM PIVOXIL,0.3328953538150271,497.6390000000002,1.6656999999999995,108.74,1,10,33,True,True,False,True
ADMILPARANT,0.6578011549645414,445.5200000000002,3.1861200000000016,119.67000000000002,1,8,32,True,True,True,True
BOMEDEMSTAT,0.3990823045963769,519.6250000000001,2.204699999999998,95.39,2,7,38,False,True,False,True
ACOLBIFENE,0.4734471100903155,457.5700000000003,6.026900000000007,62.16000000000001,2,5,34,False,True,False,False
AMINOQUINOL,0.3398845275606497,456.4610000000002,7.6344000000000065,28.16,1,3,31,False,True,False,False
NAVTEMADLIN,0.3791877564002169,568.5630000000002,6.379400000000007,91.75,1,4,37,False,True,False,False
NICOFURATE,0.1268326657163089,680.6260000000002,4.160920000000004,196.2,0,15,50,False,False,False,False
TOLEBRUTINIB,0.4605289465040056,455.5180000000002,3.911200000000002,95.38,1,7,34,True,True,False,True
IOSUMETIC ACID,0.4718239004299688,627.9860000000001,3.759800000000002,69.64,2,3,21,False,True,False,False
PEBEZERTINIB,0.225716330768448,497.4560000000001,5.646700000000003,96.76,3,7,36,False,True,False,False
ONVANSERTIB,0.417211654666804,532.5270000000003,1.9239000000000008,134.66,3,10,38,False,True,False,True
VIPOGLANSTAT,0.2010705458934034,678.5300000000002,7.780800000000005,97.28000000000002,3,6,45,False,True,False,False
ROCILETINIB,0.3406754304899126,555.5610000000005,4.784200000000004,111.72,3,8,40,False,True,False,False
STX-478,0.578888691692804,401.2950000000001,3.816720000000001,106.07,3,5,28,True,True,True,True
TALADEGIB,0.3630505145978445,512.5110000000002,4.929200000000004,67.15,0,6,37,False,True,False,True
MK-0752,0.6547949761508534,442.9110000000002,5.342400000000004,71.44,1,3,29,False,True,True,True
FLOXACILLIN,0.6840735128490479,453.8790000000002,2.6878199999999994,112.74,2,6,30,True,True,True,True
EZOBRESIB,0.346547493216107,495.6270000000003,5.536820000000006,77.99,1,7,37,False,True,False,False
AMG-319,0.4798175504214287,385.4060000000001,4.275300000000002,92.27,2,6,29,True,True,True,True
PELECOPAN,0.4748411062245224,406.41300000000007,4.298700000000003,98.58,2,5,30,True,True,True,True
DENFIVONTINIB,0.324217372520954,521.4190000000001,5.122600000000004,95.17,3,7,34,False,True,False,True
SALAFIBRATE,0.119580886658821,647.5040000000002,6.245700000000007,123.66,0,10,44,False,False,False,False
TAMUZIMOD,0.3535387363500381,546.7199999999999,5.687700000000002,94.55,1,7,35,False,True,False,False
BEMCENTINIB,0.3807176053260039,506.6580000000003,4.882000000000005,97.78,2,8,38,False,True,False,True
FILOREXANT,0.6154304804154628,420.48800000000017,4.305820000000003,68.21000000000001,0,5,31,True,True,True,True
SIREMADLIN SUCCINATE,0.2530935941939899,673.5100000000001,4.629300000000002,178.96999999999997,2,11,46,False,False,False,False
AG-13958,0.3144323989977811,467.5080000000001,5.305220000000004,100.52,3,6,35,False,True,False,True
ANSORNITINIB,0.3480674922542607,540.6240000000005,3.010900000000001,107.11,2,8,40,False,True,False,True
RETASPIMYCIN,0.1623364275998933,587.7140000000002,4.156200000000002,172.6,6,9,42,False,False,False,False
ANCRIVIROC,0.2205387158198951,557.5330000000001,4.846840000000005,72.08,0,5,36,False,True,False,False
VALATEGRAST,0.2326320878140329,604.9620000000002,6.433620000000006,87.74000000000001,2,5,40,False,False,False,False
LANRAPLENIB,0.4786762412204223,443.5150000000003,2.0329,109.73,2,10,33,True,True,True,True
ALTIRATINIB,0.3698654229111989,510.4720000000002,4.997100000000003,109.42,3,5,37,False,True,False,True
PKI-179,0.5588978350185634,488.5520000000004,2.7818000000000005,117.63,2,9,36,True,True,False,True
LEURUBICIN,0.1559533681283084,656.6850000000002,0.5322000000000013,235.17,7,13,47,False,False,False,False
LUVIXASERTIB,0.3308007870582762,498.5870000000003,4.357120000000002,113.67000000000002,3,8,37,True,True,False,True
RITIVIXIBAT,0.3409305725705098,520.7170000000003,5.811200000000005,95.94,2,6,35,False,False,False,False
NANATINOSTAT,0.4451622604362629,394.4100000000001,1.5073,103.27,3,7,29,True,True,True,True
USL-311,0.7988197637192395,422.5770000000002,3.113800000000002,64.6,1,6,31,True,True,True,True
PF-07054894,0.4532815738125451,466.5420000000004,2.60402,129.45,3,9,34,True,True,True,True
CUDC-101,0.1797446456272146,434.4960000000003,4.198000000000002,105.6,3,7,32,True,False,True,False
SQUALAMINE LACTATE,0.0791242094534619,718.0550000000006,5.005000000000007,191.44,7,9,49,False,False,False,False
PF-06291874,0.3739511738415636,503.5210000000002,5.632640000000006,93.45,2,5,36,False,True,False,False
ECRAPROST,0.1308933291961984,480.6860000000003,6.145900000000007,93.06000000000002,2,6,34,False,False,False,False
BEVIRIMAT,0.2413681265929814,584.8380000000002,8.141300000000008,100.9,2,4,42,False,True,False,False
SITOKIREN,0.5941768704085567,444.5360000000003,1.5262200000000006,110.61,2,8,32,True,True,True,True
BGC-20-1531,0.3222952246403844,491.5450000000002,5.448840000000004,109.8,0,7,35,False,True,False,True
R-343,0.4115423264008359,474.3990000000001,3.1514000000000006,126.5,4,8,34,True,True,True,True
BAY-1217389,0.2423879591162536,561.5110000000003,6.040320000000004,89.78,2,7,40,False,True,False,False
ZIDESAMTINIB,0.5070347342449333,419.4640000000001,3.5260000000000025,96.67,1,8,31,True,True,True,True
JNJ-49095397,0.1725446731853701,592.7000000000002,6.834320000000006,119.4,3,7,44,False,True,False,False
CRICTIBANT,0.3207596750458966,533.9380000000001,5.126620000000004,91.16,1,7,37,False,True,False,True
VELSECORAT,0.2865814910533015,606.6260000000002,4.595400000000003,112.94,2,8,44,False,True,False,False
MAZOKALIM,0.4523288147867961,484.51300000000026,1.8088,154.34,2,11,35,False,False,False,False
DS-2248,0.5963416712569108,425.5180000000002,2.10244,120.84,2,9,30,True,True,True,True
RG-1530,0.5447286127028788,356.78800000000007,4.745320000000002,62.3,2,4,25,True,True,True,True
MB07811,0.3226782238151587,514.9860000000003,8.084240000000007,64.99000000000001,1,5,35,False,True,False,False
ANERATRIGINE,0.4175632448774225,487.9850000000001,4.274700000000003,86.36,3,7,31,True,True,False,True
EMRACLIDINE,0.8052665026692657,390.4090000000001,3.480940000000002,49.330000000000005,0,4,28,True,True,True,True
ENOCITABINE,0.1266380907691927,565.7960000000002,5.615200000000007,133.91000000000005,4,8,40,False,False,False,False
NALDEMEDINE,0.3505216634050578,570.6460000000004,3.4798000000000027,141.18,4,9,42,False,False,False,False
FLUAZURON,0.3995581786424737,506.21400000000017,6.439600000000001,80.32000000000001,2,4,33,False,True,False,False
VINTIAMOL,0.3505183122906036,412.5150000000002,3.0693200000000003,109.41,2,7,29,True,True,True,True
ETHYL CARTRIZOATE,0.3491379980851397,700.0050000000001,3.137100000000001,110.79999999999998,2,6,26,False,True,False,False
SAMIXOGREL,0.3755155652022831,485.0050000000001,4.942600000000005,96.36,2,4,33,True,False,False,False
RAD-140,0.672345004819155,393.8340000000002,3.975780000000002,118.76000000000002,2,7,28,True,True,True,True
SUBASUMSTAT,0.2954708809295388,578.1160000000002,2.73752,156.52999999999997,4,10,38,False,False,False,False
CT-2584,0.1859233091338022,533.8020000000005,5.425900000000005,94.08,2,8,38,False,False,False,False
TBAJ-876,0.2135799995385796,657.562,4.810300000000004,117.52000000000002,1,11,43,False,False,False,False
ANACETRAPIB,0.2528140301934272,637.5140000000002,9.763099999999996,38.77,0,3,44,False,True,False,False
LETRAZURIL,0.7431862029402957,391.1890000000001,3.0221800000000014,91.54,1,5,26,True,True,True,True
RESIGRATINIB,0.3624952533460911,523.5440000000003,2.3607000000000005,120.3,2,8,38,False,True,False,True
ZABOFLOXACIN,0.7353345674681037,401.3980000000002,0.9807,109.05,2,8,29,True,True,True,True
GW-695634,0.3548125759223817,574.4420000000001,4.636900000000003,142.43,2,7,38,False,False,False,False
VILZEMETKIB,0.1412857569265725,642.7029999999997,7.114900000000006,110.81,3,7,47,False,False,False,False
ABT-639,0.767326390707164,455.9140000000003,3.3392000000000017,69.72,1,4,30,True,True,True,True
AWZ-1066S,0.7152148086064297,404.3960000000001,3.275800000000001,76.06,1,7,29,True,True,True,True
TAK-915,0.6458201078586381,458.3680000000001,2.9837000000000016,102.02,2,6,32,True,True,True,True
POMOTRELVIR,0.4875492700104885,455.9460000000002,2.6444800000000006,126.88,4,4,32,True,True,True,True
LY2623091,0.409483488763526,527.6000000000003,4.462400000000002,97.87,2,5,39,False,True,False,True
AB-836,0.6954036039163912,400.36000000000007,4.041980000000002,88.99000000000001,2,3,29,True,True,True,True
VERLUKAST,0.2953098657808035,515.1000000000001,6.476600000000006,70.5,1,5,34,False,False,False,False
AZD-3759,0.6223010250054946,459.90900000000033,4.309200000000003,79.82,1,7,32,True,True,True,True
VULOLISIB,0.7663240896225129,423.4450000000001,2.5350999999999995,102.48,2,7,29,True,True,True,True
OTENABANT,0.4028777113691252,510.4290000000002,4.223100000000004,101.96,2,7,35,False,True,False,True
ITRIGLUMIDE,0.3528636077997221,526.6770000000005,6.840140000000007,86.71,2,3,39,False,True,False,False
RG-7603,0.71905127385623,452.5590000000003,2.2670000000000003,91.85,2,7,33,True,True,True,True
PIRAGLIATIN,0.7678753723473537,421.90600000000006,3.015100000000001,106.09,1,6,28,True,True,True,True
MOCACICLIB,0.1401560932387645,609.7100000000002,4.879000000000003,141.39,5,10,45,False,False,False,False
NINGETINIB,0.2663097948450433,556.5940000000002,5.366020000000005,107.61,2,8,41,False,True,False,False
LACIDIPINE,0.3700735420849879,455.5510000000002,4.402500000000004,90.93,1,7,33,True,True,True,True
BAMOCAFTOR,0.3681572611637286,591.6560000000001,5.122200000000005,106.42,1,8,41,False,True,False,False
BERUPIPAM,0.7606959871742053,408.7230000000002,4.362800000000003,32.7,1,3,24,True,True,True,True
JNJ-64264681,0.3873654631942301,518.6430000000003,4.834920000000004,116.32,3,6,37,False,True,False,True
ALOBRESIB,0.4101294989544385,437.50300000000016,4.786340000000003,100.72,2,6,33,True,True,True,True
CENACITINIB,0.4911735571225492,431.4030000000001,2.6568000000000005,113.84,4,8,31,True,True,True,True
MK-8876,0.2491491146772196,614.6300000000001,6.167000000000005,106.67,1,7,44,False,True,False,False
CANDOXATRIL,0.2452098406434789,515.6470000000004,4.070000000000002,111.16,2,6,37,False,False,False,False
ONO-2910,0.3505692091515267,465.5710000000001,5.377000000000005,92.7,2,4,33,False,False,True,False
PF-05186462,0.3319094843285028,531.9000000000002,5.399500000000002,106.96,1,8,34,False,True,False,True
BARASERTIB,0.1014816901944292,587.5490000000003,3.616900000000002,174.82,5,9,41,False,False,False,False
TETRONASIN 5930,0.1751164487338091,602.8090000000004,5.736100000000007,111.52000000000002,2,8,43,False,False,False,False
LY-2940094,0.5995003543416789,480.96800000000025,4.396220000000004,63.41,1,7,32,True,True,False,True
BMS-919373,0.3857306115922914,468.54200000000014,4.013300000000003,123.75,2,7,34,True,True,False,True
ITROCINONIDE,0.3705164090328879,568.6100000000002,4.257800000000004,117.59,1,9,40,False,True,False,False
ALESTRAMUSTINE,0.4079953746176371,511.4900000000003,5.080100000000005,81.86,1,5,34,False,True,False,True
NUVISERTIB,0.6146670120627421,418.46300000000014,5.156700000000003,62.45,2,5,30,False,True,True,True
VERCIRNON SODIUM,0.3183394941442435,443.9320000000001,4.896000000000005,92.25,0,4,30,True,True,True,True
AZD-8165,0.4571559485511307,513.9170000000001,2.3522,131.67000000000002,1,9,36,False,True,False,True
FOSRAVUCONAZOLE,0.2189439200055337,547.4800000000002,4.334080000000003,143.38000000000002,2,9,37,False,False,False,False
MIFANERTINIB,0.4641138959305279,465.86300000000006,4.8236000000000026,79.38000000000001,2,6,32,True,True,True,True
IFEBEMTINIB,0.3862592403919514,588.5619999999999,4.588600000000003,108.92000000000002,2,8,42,False,True,False,False
CORTISUZOL,0.2463877534890471,672.8000000000002,4.841200000000004,156.01999999999998,3,9,48,False,False,False,False
PF-04634817,0.6293139689951421,511.5890000000002,2.8733000000000013,79.82000000000001,1,7,36,False,True,False,True
NEMTABRUTINIB,0.3332127958018185,478.93600000000026,4.586400000000005,109.36,3,7,34,True,True,True,True
REZIVERTINIB,0.3199235613444702,486.5760000000003,4.452400000000003,93.54,2,8,36,True,True,False,True
OPELCONAZOLE,0.1779654839309399,682.7470000000003,6.593720000000007,84.75000000000001,1,8,50,False,True,False,False
PYRITIDIUM BROMIDE,0.1961310771943852,437.5510000000002,3.5026200000000003,110.74,4,5,33,True,True,False,True
IMLUNESTRANT TOSYLATE,0.1011243089269962,698.7349999999999,7.704720000000008,112.35,4,6,49,False,True,False,False
ARRY-382,0.2870257644226436,564.6940000000003,4.191620000000004,92.82,1,9,42,False,True,False,False
BRILANESTRANT,0.2519776493980552,446.9090000000001,6.822300000000004,65.97999999999999,2,2,32,False,True,False,False
COLCHICINE,0.8325220081385356,399.4430000000002,2.871600000000001,83.09,1,6,29,True,True,True,True
EXICORILANT,0.2593501953701768,589.575,3.232400000000002,115.87,0,9,41,False,True,False,False
RAZUPROTAFIB,0.1899003995573113,586.7170000000002,4.453600000000002,146.71999999999997,4,8,39,False,False,False,False
CCT-3833,0.2743022513932172,531.5230000000001,5.515800000000004,126.81999999999998,3,7,39,False,True,False,False
CI-1040,0.451903692468688,478.664,5.0378000000000025,50.36,2,3,25,False,True,True,True
BECLOMETHASONE DIPROPIONATE,0.4149432383701715,521.0500000000003,4.086800000000004,106.97,1,7,36,False,True,False,True
CEVIPABULIN,0.2971804776944913,464.826,4.073900000000003,76.37,2,7,31,True,True,True,True
FUCOXANTHIN,0.0830029381655538,632.8820000000002,8.13600000000001,96.36,2,6,46,False,True,False,False
BODITRECTINIB,0.6349721634958868,438.4820000000002,2.7940000000000005,65.77000000000001,1,6,32,True,True,True,True
TRE-515,0.3311147783855149,502.6660000000005,3.6458200000000014,121.64,2,11,34,False,True,False,True
RISVODETINIB SUCCINATE,0.1362578941275451,692.7770000000002,5.489540000000003,186.91,4,11,51,False,False,False,False
ENVUDEUCITINIB,0.4767851824645668,426.50961066800016,3.570500000000001,111.03,2,8,31,True,True,True,True
NARONAPRIDE,0.2524836133569561,537.1010000000006,2.947700000000002,106.36,2,8,37,False,False,False,False
PRESATOVIR,0.5179805045066918,532.07,2.9674200000000006,125.93,2,8,36,False,True,False,True
H3B-6545 FREE BASE,0.1064237180550365,567.587,5.621300000000005,83.14,2,5,41,False,False,False,False
REBASTINIB,0.2353393087319303,553.5980000000003,6.048000000000005,123.06,3,7,41,False,True,False,False
SITALIDONE,0.5278427214912993,481.0140000000002,4.490500000000004,106.94,3,5,32,True,True,False,True
FOSDAGROCORAT,0.2992798671079129,574.5360000000003,6.279520000000007,108.75,3,4,40,False,True,False,False
PF-232798,0.6040874564892635,509.6700000000004,4.306720000000003,70.47,1,5,37,False,True,False,True
OLVEREMBATINIB,0.3733975785580281,532.5700000000002,4.684620000000004,77.15,2,5,39,False,True,False,True
RESCIMETOL,0.3073290681002908,590.6730000000003,4.259100000000004,119.55000000000004,2,9,43,False,True,False,False
SETIPAFANT,0.4017007040137718,519.0300000000003,5.240420000000004,84.63999999999999,1,7,36,False,True,False,True
AXITIROME,0.3743454508976824,453.4660000000001,4.523740000000003,105.09000000000002,3,6,33,True,True,True,True
RAZAXABAN,0.3162756740163863,528.4700000000003,4.253200000000002,120.03,2,9,38,False,True,False,True
MODIPAFANT,0.2082158360744813,605.0980000000002,6.351220000000005,111.03000000000002,2,8,44,False,True,False,False
ZOTATIFIN,0.5466175711036907,487.5560000000002,2.782080000000001,108.07,2,8,36,True,True,False,True
LANPROSTON,0.3378618084132409,466.9580000000002,3.5772000000000026,105.45000000000002,3,6,32,True,False,True,False
ELISARTAN,0.1901785067993653,553.0190000000002,5.4504000000000055,134.11,1,10,39,False,False,False,False
BIIB-091,0.3777907356119424,542.6480000000003,3.0428000000000006,127.91000000000004,2,11,40,False,True,False,True
GUSACITINIB,0.5249174747282044,460.5420000000003,2.54788,134.06,3,9,34,True,True,False,True
LORECIVIVINT,0.2440281251583337,505.5570000000002,6.353900000000005,112.24,3,5,38,False,True,False,False
AZD-8055,0.6103026509720985,465.55400000000026,2.6429000000000014,93.07,1,9,34,True,True,False,True
PATIDEGIB,0.5178503150711741,504.7810000000004,5.028800000000005,67.43,2,4,35,False,True,False,True
PRS-211375,0.190907040887342,470.6060000000003,5.905100000000005,100.9,2,5,34,False,True,False,False
CX-5461,0.3942175750227799,513.6270000000002,3.2327200000000023,95.73,1,9,37,False,True,False,True
NEMADECTIN,0.2920967419591991,612.8040000000002,5.087400000000006,114.68000000000002,3,8,44,False,True,False,False
SUCCINOBUCOL,0.132119002528418,616.9300000000003,9.9729,83.83,2,6,42,False,True,False,False
BEMOTRIZINOL,0.1123314233695556,627.8260000000004,9.482799999999996,106.82,2,8,46,False,False,False,False
CEFTIZOXIME ALAPIVOXIL,0.1207693790338621,568.634,0.1531000000000019,191.61,3,13,38,False,False,False,False
TEBUQUINE,0.2659911755008863,466.41200000000015,7.545900000000006,57.18000000000001,3,4,32,False,True,False,False
AMOPYROQUINE,0.6525519319206712,353.85300000000024,4.933200000000004,48.39,2,4,25,True,True,True,True
MEPROSCILLARIN,0.4916997126567997,544.6850000000003,3.667900000000002,118.59000000000002,3,8,39,False,True,False,True
FRILUGLANSTAT,0.2843687033797256,516.9070000000002,6.194520000000003,96.11,3,4,36,False,True,False,False
MK-8457,0.4031723050920712,506.5500000000003,5.769420000000004,108.23,3,7,35,False,True,False,False
GEDOCARNIL,0.3914480843314437,424.8840000000001,5.873400000000005,73.44000000000001,1,5,30,False,True,False,False
GEMCITABINE ELAIDATE,0.1511334281650476,527.6530000000001,5.299800000000005,116.67,2,8,37,False,False,False,False
ONO-7684,0.3563244108205722,507.8920000000001,3.3255000000000017,133.19,2,9,36,False,True,False,True
OGLEMILAST,0.349708573345541,516.3090000000002,5.513000000000003,110.53000000000002,2,6,33,False,True,False,False
BMS-986202,0.4934272822507878,439.46530533400016,3.138000000000001,118.13,3,7,32,True,True,True,True
AM-211,0.3928359936084499,500.5170000000002,5.739800000000004,78.87,2,3,36,False,True,False,False
ROVADICITINIB,0.7672130479259269,321.3880000000001,3.0485799999999994,109.2,2,6,24,True,True,True,True
ALLITINIB,0.3456878585027919,448.88500000000016,5.869400000000002,76.14,2,5,32,False,True,False,False
TOVINONTRINE,0.7275918932301185,394.4790000000002,1.9421,88.41,1,7,29,True,True,True,True
PIMILPROST,0.2986519694003982,396.5680000000002,3.722800000000003,75.99000000000001,2,5,28,True,False,True,False
IDRX-42,0.2745133752234499,508.63000000000034,4.668600000000004,85.4,1,9,38,False,True,False,True
AZD1981,0.6582979700988145,388.87600000000015,4.797320000000004,71.33,2,4,26,True,True,True,True
LITRONESIB,0.4612792754426448,511.71400000000034,2.4231000000000016,119.97,3,7,34,False,True,False,True
NAVARIXIN,0.4150516441828568,397.43100000000015,2.898220000000001,111.87999999999998,3,7,29,True,True,True,True
ATX08-001,0.4746703769821624,468.4060000000002,4.949620000000005,81.06,1,5,30,True,True,True,True
REMIMAZOLAM TOSYLATE,0.5722695378751442,439.31300000000016,4.183520000000003,69.37,0,6,28,True,True,True,True
DOVRAMILAST,0.6014735945175185,472.5630000000003,3.1841000000000017,102.01,1,6,33,True,True,True,True
BGC-20-1531 FREE BASE,0.3809442346705429,492.55300000000017,4.664740000000003,107.73,1,7,35,True,True,False,True
XL-888,0.4411840924986151,503.64700000000033,4.221820000000003,117.42000000000002,3,6,37,False,True,False,True
FF-10101,0.2048844816332017,530.6770000000004,3.126380000000001,126.28,3,8,39,False,False,False,False
CENISERTIB,0.5805608630318185,451.5500000000004,2.5074200000000006,99.40999999999998,3,7,33,True,True,True,True
AL-12182,0.2532667804967394,467.0020000000002,4.470100000000004,85.22000000000001,2,6,32,True,False,True,False
LOTIGLIPRON,0.3046670735241036,575.0650000000002,5.595500000000004,98.94,1,8,41,False,True,False,False
CEFATRIZINE,0.2790165573163808,462.5130000000001,0.0410000000000004,174.53,5,9,31,True,False,True,False
DASOLAMPANEL ETIBUTIL,0.5719681883761673,461.9940000000002,4.025100000000002,102.02,2,7,32,True,True,True,True
BATEFENTEROL,0.0798725047050962,740.2570000000002,6.427600000000007,165.25,6,9,53,False,False,False,False
AVL-3288,0.5760650924702503,388.2540000000001,5.381520000000003,67.16,2,4,26,False,True,True,True
KRN-633,0.5829737705294159,416.8650000000002,4.624200000000004,94.6,2,6,29,True,True,True,True
SEGIGRATINIB,0.2931958980477794,555.4660000000002,5.389400000000004,104.4,3,7,38,False,True,False,False
VLX-1005,0.3924384548097951,441.53400000000016,4.423400000000004,100.55,3,7,30,True,True,True,True
FALECALCITRIOL,0.3355016715591355,524.5860000000001,6.789500000000008,60.69,3,3,36,False,True,False,False
CILNIDIPINE,0.2261188375310288,492.5280000000001,4.275800000000004,117.0,1,8,36,True,True,False,True
RISVODETINIB,0.2461756253452226,574.6890000000002,5.553740000000005,112.31000000000002,2,9,43,False,True,False,False
OSI-7904,0.2690253349968643,500.51100000000025,3.27062,152.69,4,6,37,False,False,False,False
PRADOFLOXACIN,0.8257060347999087,396.4220000000002,2.23358,98.36,2,6,29,True,True,True,True
SPEBRUTINIB BESYLATE,0.1058309413603329,581.6260000000003,5.185900000000004,151.76999999999998,4,9,41,False,False,False,False
TIGOZERTINIB,0.4346330969466397,556.7080000000003,4.324300000000004,100.55,1,9,39,False,True,False,False
CIPROCINONIDE,0.5680216410164771,520.5690000000004,3.327700000000002,99.13,1,7,37,False,True,False,True
NAFOXIDINE,0.4581804219689696,425.5720000000003,6.075100000000007,21.700000000000003,0,3,32,False,True,False,False
OSI-632,0.4030120400312485,532.4110000000002,3.859200000000003,109.58,3,6,32,False,True,False,True
PARENT OF BMS-986202,0.5206921376018752,436.4470000000001,3.1380000000000017,118.13,3,7,32,True,True,True,True
ZAVONDEMSTAT,0.5035548844109478,431.5360000000001,5.649300000000005,74.69,2,5,32,False,True,False,False
WNT-974,0.55154014661545,396.4540000000001,3.7936400000000017,93.55,1,6,30,True,True,True,True
SIMMITECAN,0.2679341903523051,598.7000000000003,4.257200000000004,114.2,1,9,44,False,True,False,False
RADOTINIB,0.2875887212140618,530.5140000000001,5.750840000000004,110.51,2,8,39,False,True,False,False
ODM-207,0.5384685689563055,375.42800000000005,4.033660000000002,70.15,0,6,28,True,True,True,True
TRODUSQUEMINE,0.0719934854123589,685.0730000000004,5.532900000000006,145.94,6,8,47,False,False,False,False
ENSARTINIB HYDROCHLORIDE,0.3725423469228782,561.445,4.719400000000002,122.47,3,7,38,False,True,False,False
ELIAPIXANT,0.5580236743687222,478.496,4.586020000000004,86.23,1,7,33,True,True,True,True
EZATIOSTAT HYDROCHLORIDE,0.2994563210277556,529.6590000000003,2.495800000000001,136.82,3,8,37,False,False,False,False
CICLOXOLONE,0.3058443416110109,624.8589999999999,7.85450000000001,117.97,2,5,45,False,True,False,False
THELIATINIB,0.6018286518686119,442.5230000000003,3.531100000000002,82.62,2,6,33,True,True,True,True
SPEBRUTINIB,0.3312196976227222,423.4480000000002,4.252600000000002,97.4,3,7,31,True,True,True,True
SOLIMASTAT,0.3637094614524107,408.49900000000014,1.733700000000001,129.64999999999998,4,6,29,True,True,True,True
PLX-5622,0.4798550589849475,395.41300000000007,4.151020000000003,75.72,2,5,29,True,True,True,True
RX-518,0.2877903814575995,530.5790000000004,4.557400000000004,93.62,3,7,39,False,True,False,True
TIOSPIRONE,0.5035750777720828,440.61300000000017,3.9079000000000033,56.75000000000001,0,6,31,True,True,True,True
UK-500001,0.4535188539447017,499.4890000000002,4.776220000000004,100.55,3,5,36,True,True,False,True
BUPARLISIB,0.8197353914743168,410.4000000000002,1.8128,89.63,1,8,29,True,True,True,True
AMCINAFIDE,0.6649871252562853,496.5750000000003,3.555600000000003,93.06,2,6,36,True,True,False,True
NARMAFOTINIB,0.4125634446789877,527.5910000000002,4.869800000000004,93.37,2,6,38,False,True,False,True
RIMTUZALCAP,0.8824786754200364,378.4270000000002,2.7971200000000005,68.10000000000001,1,7,27,True,True,True,True
AZD-8154,0.4586842257148349,551.6940000000001,4.541720000000004,112.56999999999998,1,8,38,False,True,False,False
PLX-51107,0.3794856062494489,438.4870000000001,5.677640000000005,94.04,1,6,33,False,True,False,False
ICAPAMESPIB,0.3720091576294939,526.4040000000001,3.528700000000001,100.11,2,9,29,False,True,False,True
BAFETINIB,0.2881199265770617,576.6270000000001,5.392620000000004,99.17000000000002,2,8,42,False,True,False,False
GLISAMURIDE,0.5708374760828204,473.5990000000002,3.0367000000000006,120.5,3,5,33,True,True,True,True
VAMOTINIB,0.393599329277026,532.5700000000002,4.456020000000004,65.77000000000001,1,6,39,False,True,False,True
BIMIRALISIB,0.7982218779083055,411.38800000000026,1.2077999999999998,102.52,1,9,29,True,True,True,True
GSK-1521498,0.509944727655558,402.4480000000002,4.673900000000002,53.6,2,3,30,True,True,True,True
ARRY-502,0.3980975667393561,516.3770000000003,5.717500000000006,94.09,2,5,35,False,True,False,False
PF-05180999,0.5127521864434631,414.39500000000015,3.1241200000000013,77.03,0,8,30,True,True,True,True
INIXACICLIB,0.5526860189227732,480.5630000000003,4.976800000000004,66.41,1,7,35,True,True,False,True
RIVASTERAT,0.1105259092775775,626.8309999999999,7.016100000000009,97.36,0,8,45,False,True,False,False
ZAVOLOSOTINE,0.7142842893976532,439.38800000000015,3.116480000000001,95.04,2,5,31,True,True,True,True
MK-0812,0.7144871827822203,469.5480000000002,3.573500000000003,63.690000000000005,1,5,33,True,True,True,True
PF-04620110,0.8154437215834872,396.4470000000002,2.8465000000000016,118.64,2,6,29,True,True,True,True
CEFOXAZOLE,0.4594494953141591,491.9090000000003,2.21872,139.04,2,8,33,True,True,False,True
SETROBUVIR,0.5097788452650995,560.6290000000004,2.9791000000000007,145.24,3,7,38,False,False,False,False
ELGODIPINE,0.4829589284559281,524.5890000000004,4.416000000000004,86.33,1,8,38,False,True,False,True
CRENIGACESTAT,0.5812163281015299,464.4440000000002,2.0920000000000005,111.63,3,5,33,True,True,True,True
APREPITANT,0.4376253118047192,534.4320000000001,4.952100000000003,83.24000000000001,2,5,37,False,True,False,True
SQUALAMINE,0.111078834953058,627.9770000000005,5.553200000000005,133.91,5,7,43,False,False,False,False
RINETERKIB,0.3303717941977815,578.4330000000002,4.423500000000002,113.16,4,6,37,False,True,False,False
POCIREDIR,0.5222667428209685,403.4170000000002,3.7193200000000015,73.57000000000001,1,7,30,True,True,True,True
BRANOSOTINE,0.4079249028993079,471.5400000000003,4.129400000000002,129.86999999999998,3,7,35,True,True,False,True
SAVIPRAZOLE,0.4143398676983306,461.384,4.538900000000002,73.86,1,5,29,True,True,True,True
MOPIDAMOL,0.3544406370113805,421.5020000000002,-1.0078999999999978,142.2,4,11,30,False,False,False,False
CATEQUENTINIB,0.4781660001600009,407.4450000000002,4.834620000000004,82.39,2,5,30,True,True,True,True
EZM-0414,0.8325708526001312,400.4980000000002,2.820520000000001,68.44,2,3,29,True,True,True,True
DESASPIDIN,0.3260452784353085,446.49600000000027,4.234000000000004,141.36,4,8,32,True,False,True,False
AZD-1656,0.4934259075572688,478.5090000000002,2.879220000000001,128.66,1,9,35,True,True,True,True
GLPG-0187,0.2728679501803661,595.7260000000005,3.0827400000000003,158.67,4,10,42,False,False,False,False
EMESTEDASTAT,0.7270781319577891,381.4610000000001,2.583,95.0,2,6,27,True,True,True,True
MRTX-0902,0.7314974154670985,388.47500000000025,3.5230200000000016,86.96000000000001,1,7,29,True,True,True,True
GSK-3186899,0.5383159334399275,491.5400000000004,2.1728999999999994,125.13,3,8,33,True,True,False,True
NILPRAZOLE,0.5109439369500719,447.58300000000025,2.951500000000001,70.47,1,6,33,True,True,False,True
GSK-690693,0.5202565020980735,425.4930000000002,1.5841999999999998,137.14,3,10,31,True,True,True,True
ARQ-736 FREE ACID,0.1503166595204463,630.58,2.4956000000000005,199.44,3,13,43,False,False,False,False
VERDINEXOR,0.3547307456562738,442.323,3.9917000000000016,84.73,2,6,31,True,True,True,True
MK-0941 FREE BASE,0.4974339296959057,460.5120000000001,2.4129000000000005,132.64,2,9,32,True,True,True,True
ABITESARTAN,0.4526520972220416,461.5660000000003,4.697500000000003,112.07,2,5,34,True,True,True,True
NAPORAFENIB,0.5054374600826907,502.4930000000004,3.9308200000000033,96.81,2,7,36,False,True,False,True
CADAZOLID,0.3637438808462311,585.5600000000003,3.0406000000000013,141.77,3,9,42,False,False,False,False
LXE-408,0.4439384388151207,443.4420000000001,4.157960000000002,111.1,1,8,33,True,True,True,True
AVANBULIN,0.2805916437363586,387.4030000000002,2.8769800000000005,135.65,2,9,29,True,True,True,True
TRC-253,0.6347647445271968,502.52200000000016,3.5586800000000025,94.38,1,7,35,False,True,False,True
ESAFOXOLANER,0.3070670420192105,625.8750000000001,6.502500000000004,79.79,2,4,42,False,True,False,False
SONTIGIDOMIDE,0.3503737565793336,513.4720000000002,2.5406000000000004,112.65,2,5,37,False,True,False,True
CEP-1347,0.2118668860706434,615.7770000000002,6.161300000000006,94.72,2,9,43,False,True,False,False
AST-487,0.3733441496106457,529.5670000000001,5.110900000000004,94.65,3,7,38,False,True,False,True
CEP-37440,0.2806578385120574,580.1330000000005,3.8427000000000033,114.88,4,9,41,False,True,False,False
BILIRUBIN,0.2145597338158415,584.6730000000005,4.531240000000002,164.38,6,4,43,False,False,False,False
BELVARAFENIB,0.2958944500506462,478.9400000000002,5.918520000000001,105.82,3,7,33,False,True,False,False
TG100-801,0.1461546351509981,580.0880000000002,7.091020000000006,89.47,1,8,42,False,True,False,False
EBVACICLIB,0.6852759585897815,471.5300000000003,2.041,117.42,2,8,32,True,True,True,True
RG-4733,0.4599983551713029,469.4100000000001,3.8030000000000017,87.30000000000001,3,3,33,True,True,True,True
PALTUSOTINE,0.433952577755095,456.49600000000027,5.351780000000004,86.17,2,5,34,False,True,True,True
RAVUCONAZOLE,0.4874521724874653,437.4750000000001,4.242980000000002,87.61999999999999,1,7,31,True,True,True,True
COFROGLIPTIN,0.6971030669884399,466.4320000000001,2.0729999999999995,90.45,1,7,31,True,True,True,True
ELNADIPINE,0.7381410229810624,408.2850000000001,4.720000000000004,77.25,1,6,27,True,True,True,True
IGERMETOSTAT,0.473534318578448,550.7440000000001,4.631160000000004,86.9,2,6,40,False,True,False,False
PAZINACLONE,0.6274667793802775,480.9520000000004,3.112400000000002,84.86000000000001,0,6,34,True,True,False,True
TAK-593,0.4695478761167668,445.4830000000002,3.4727400000000017,115.43999999999998,2,8,33,True,True,True,True
AZD-5099,0.3742545207406068,548.4490000000003,2.5730200000000005,145.88,4,8,35,False,False,False,False
RAVOXERTINIB,0.4776863763907544,440.8660000000001,3.156600000000002,97.86,2,8,31,True,True,True,True
BMS-791826,0.34114410122201,531.6130000000002,5.7336000000000045,97.31,1,7,38,False,True,False,False
GSK-2018682,0.4080659335982796,440.8870000000003,5.058700000000004,103.27,1,7,31,False,True,True,True
IPATASERTIB,0.6932733327579151,458.0060000000002,3.1010000000000018,81.59,2,6,32,True,True,True,True
CERALASERTIB,0.6821743108640638,412.51900000000006,2.8622700000000005,107.85,2,7,29,True,True,True,True
CAMLIPIXANT,0.6499704624593247,458.4650000000003,2.9572200000000013,85.17000000000002,1,6,33,True,True,True,True
ICOMETASONE ENBUTATE,0.4149432383701715,521.0500000000002,4.086800000000004,106.97,1,7,36,False,True,False,True
MOXILUBANT,0.2551593717722359,455.59900000000033,4.866370000000003,97.87,2,5,33,True,False,False,False
AZD-8797,0.3800740552946205,403.5770000000001,4.340700000000003,96.95,3,8,27,True,True,True,True
MONEPANTEL,0.4558591328346927,473.3980000000001,5.280060000000002,85.91,1,5,32,False,True,True,True
ABT-102,0.6297247321820317,348.45000000000005,4.669400000000003,69.81,3,2,26,True,True,True,True
FALNIDAMOL,0.7091922744684137,387.85000000000014,3.462000000000001,78.86,2,7,27,True,True,True,True
ARQ-621,0.2761228614183069,552.4370000000004,5.273200000000004,93.25,2,6,38,False,True,False,False
"5-(6-BENZOTHIAZOLYLMETHYLENE)-3,5-DIHYDRO-2-(((1S)-1-(METHOXYMETHYL)-3-METHYLBUTYL)AMINO)-4H-IMIDAZOL-4-ONE, (5Z)-",0.7787888070499215,358.4670000000001,2.7737000000000007,75.61,2,6,25,True,True,True,True
SARACATINIB,0.4519605432912184,542.0360000000002,3.9395000000000016,90.44,1,10,38,False,True,False,True
MIZAGLIFLOZIN,0.1587755220245638,564.6800000000002,0.4810200000000029,192.41,7,10,40,False,False,False,False
TOLAFENTRINE,0.5354309585921727,505.64000000000016,4.451720000000004,80.23,1,6,36,False,True,False,True
LY-2584702,0.4762983198479468,445.4240000000002,4.295300000000003,75.52000000000001,1,6,32,True,True,True,True
SOVLEPLENIB,0.550595522397829,482.6100000000004,2.2311,109.34000000000002,2,8,34,True,True,False,True
AMCENESTRANT,0.3088197117731117,554.4890000000003,7.799700000000007,49.77,1,3,38,False,True,False,False
MIRABEGRON,0.4168643398571851,396.516,2.7722000000000007,100.27,4,6,28,True,True,True,True
ELDECALCITOL,0.3206530651367481,490.7250000000003,5.082200000000007,90.15,4,5,35,False,True,False,True
GANSTIGMINE,0.8651762940373856,381.47600000000017,4.160600000000003,54.04,1,5,28,True,True,True,True
BERVASTATIN,0.5384114546479628,466.5490000000003,4.954100000000005,75.99000000000001,2,5,34,True,True,True,True
PM-00104,0.1880115302119667,709.7180000000002,4.717640000000005,130.02999999999997,3,10,51,False,True,False,False
PU-H71,0.3677903739723587,512.3770000000002,3.2811000000000003,100.11,2,9,28,False,True,False,True
TAMNORZATINIB,0.2813668004876017,562.5820000000003,5.361500000000005,121.64,1,9,42,False,True,False,False
BUNAZOSIN,0.8572261348664234,373.45700000000016,2.068,93.81000000000002,1,7,27,True,True,True,True
GW-328267,0.2146450075351181,482.50500000000017,-0.5776999999999989,195.17,5,14,35,False,False,False,False
RUNCACIGUAT,0.4257605562503772,488.333,6.882400000000004,66.4,2,2,32,False,True,False,False
MEVASTATIN,0.695389998340901,390.52000000000015,3.949500000000003,72.83,1,5,28,True,True,True,True
ETORICOXIB,0.7044044148957774,358.8500000000001,4.175920000000004,59.92,0,4,24,True,True,True,True
PX-102,0.2356893358370338,554.8570000000003,8.727500000000001,72.56,1,4,37,False,True,False,False
TASELISIB,0.4886019298975351,460.5420000000003,3.174220000000002,118.67,1,9,34,True,True,True,True
RISELCAFTOR,0.3969782085336359,516.6190000000003,4.764740000000004,94.59,1,6,37,False,True,False,True
EDATREXATE,0.2874213918853943,467.4860000000003,1.3683,207.29999999999995,5,9,34,True,False,True,False
BEMNIFOSBUVIR,0.1914499699916194,581.5420000000004,2.570099999999999,184.97,4,13,40,False,False,False,False
EMBECONAZOLE,0.3956348077936891,542.5830000000003,4.587680000000004,93.19,1,8,38,False,True,False,True
TROGLITAZONE,0.7166041254699328,441.54900000000015,4.374260000000002,84.86,2,6,31,True,True,True,True
BI-2536,0.5703394097150783,521.6660000000004,3.5568000000000017,102.93,2,8,38,False,True,False,True
EVOBRUTINIB,0.5423982723266364,429.52400000000017,4.354600000000003,93.37,2,6,32,True,True,True,True
MOLIBRESIB BESYLATE,0.3178298519729583,582.0820000000002,4.589320000000003,135.76999999999998,2,8,40,False,True,False,False
MONLUNABANT,0.294495748973585,591.0150000000001,4.915270000000003,127.07999999999998,3,5,40,False,True,False,False
NT-0796,0.7338331755994393,409.4860000000004,3.565400000000002,90.41,1,6,30,True,True,True,True
RG6341,0.4941128678287887,426.8640000000001,2.768320000000001,100.86,0,9,30,True,True,True,True
RADIPRODIL,0.6624288767572641,397.4060000000001,3.0923000000000016,95.67,2,5,29,True,True,True,True
ABAFUNGIN,0.6852659700148395,378.50100000000015,4.789640000000004,58.54,2,4,27,True,True,True,True
LANIFIBRANOR,0.4805168891217947,434.92600000000016,4.548700000000003,89.26,1,6,28,True,True,True,True
SELONABANT,0.6663773466059945,440.8930000000001,5.657100000000004,41.57000000000001,1,2,30,False,True,False,False
DORAMAPIMOD,0.3087842866419347,527.6690000000006,5.986420000000005,80.65,2,6,39,False,True,False,False
EMZADIRIB,0.3481318393800015,580.7730000000001,6.004600000000006,135.72,3,8,39,False,True,False,False
BARDOXOLONE,0.4649268356809549,491.6720000000004,6.290580000000007,95.23,1,4,36,False,True,False,False
TAK-715,0.4480056375508333,399.51900000000006,5.995220000000004,54.88,1,4,29,False,True,False,False
DAREXABAN,0.4669609265826364,474.5610000000004,4.047300000000003,94.14,3,6,35,True,True,False,True
DAGROCORAT,0.4565438102563576,494.5570000000002,6.162520000000007,62.22,2,3,36,False,True,False,False
DOCONAZOLE,0.3152430266670078,481.3790000000001,6.204300000000004,45.510000000000005,0,5,33,False,True,False,False
GW-870086,0.5016985454674682,559.6500000000002,4.582180000000005,113.69,1,7,40,False,True,False,False
RABUSERTIB,0.6672332495312252,436.3100000000002,2.86714,97.4,3,6,27,True,True,True,True
FOSDEVIRINE,0.4911935570371393,413.8010000000001,3.6407000000000016,108.97,2,4,28,True,True,True,True
RAMNODIGIN,0.4490123072372918,488.6650000000004,4.514500000000005,85.22000000000001,2,6,35,True,True,False,True
CEFOVECIN,0.3061778017204686,453.5020000000002,-0.0065999999999984,156.44,3,10,30,True,False,True,False
TIOMERGINE,0.7198574838835818,347.48700000000014,4.2249000000000025,31.92,1,3,25,True,True,True,True
AVUTOMETINIB,0.3927578678332285,471.4700000000002,2.6847200000000004,136.31,2,8,33,True,True,True,True
EPROTIROME,0.4845728235541184,487.1440000000001,5.246100000000003,95.86,3,4,26,False,True,False,True
EDECESERTIB,0.5177989614245794,435.4630000000002,2.4307600000000007,139.13,3,8,32,True,True,True,True
ZATONACAFTOR,0.5839088936713885,453.56400000000025,3.8245200000000033,98.25,1,6,32,True,True,True,True
EDELINONTRINE,0.7140720450985972,395.4670000000002,1.4965999999999997,101.82,1,8,29,True,True,True,True
ZUNSEMETINIB,0.406318269104059,513.9320000000001,4.439340000000004,103.02,1,8,36,False,True,False,True
TIGILANOL TIGLATE,0.2103163201804907,562.6560000000003,1.2261999999999995,163.12,4,10,40,False,False,False,False
SITOGLUSIDE,0.2571732771347309,576.8590000000002,5.849000000000006,99.38,4,6,41,False,True,False,False
LOTIGLIPRON TROMETHAMINE,0.1633745265584828,696.201,3.2563,185.65,5,12,49,False,False,False,False
TULMIMETOSTAT,0.4743607091141393,562.1320000000001,4.673840000000004,92.89,2,7,38,False,True,False,False
CT-1578,0.5654571212286086,462.5500000000002,4.557800000000004,81.88000000000001,1,8,34,True,True,True,True
AUT-00206,0.8232458479170741,380.4040000000002,2.836120000000001,93.65,1,6,28,True,True,True,True
POVORCITINIB,0.4917660440532269,507.4670000000001,3.9780200000000026,102.63,2,6,36,False,True,False,True
SAPERCONAZOLE,0.2000191385197966,672.7370000000002,4.548700000000004,104.70000000000002,0,12,49,False,False,False,False
NERIGLIATIN,0.5090603932790663,432.44000000000017,3.376040000000001,123.34,1,8,32,True,True,True,True
AZM-475271,0.5650157210870816,442.94700000000034,4.764600000000004,68.74,1,7,31,True,True,True,True
LAROPROVSTAT,0.6136436802266282,414.4160000000001,3.069000000000001,93.96,2,8,30,True,True,True,True
DILMAPIMOD,0.4126623139815662,456.42400000000015,2.9385200000000005,100.27,3,7,33,True,True,True,True
GSK2798745,0.6272992758216359,460.5380000000002,3.9012800000000025,117.16,1,8,34,True,True,True,True
BMS-741672,0.5541587953870856,542.628,2.8405000000000005,107.53,2,7,37,False,True,False,True
PECAVAPTAN,0.3686474000557419,543.3330000000002,3.624100000000002,110.99,2,9,36,False,True,False,True
IMLUNESTRANT,0.2965182494422091,524.5140000000004,6.388100000000005,54.820000000000014,1,5,38,False,True,False,False
BAY-1161909,0.2604279468821311,559.6230000000002,5.433300000000005,114.69,2,8,40,False,True,False,False
ADOZELESIN,0.3109889977282311,502.53000000000026,5.296820000000004,111.2,3,4,38,False,True,False,True
TALETRECTINIB,0.4754777568922793,405.4770000000001,4.4345000000000026,77.47,2,6,30,True,True,True,True
ACT-774312,0.690533725418577,389.81800000000015,2.6971,84.14,1,6,27,True,True,True,True
METHOSERPIDINE,0.3735666920618681,608.6880000000004,4.171100000000004,117.78000000000004,1,10,44,False,True,False,False
TISOCALCITATE,0.3102028494856081,500.7200000000004,5.658400000000007,86.99000000000001,3,5,36,False,True,False,False
ONO-8539,0.4406786917823421,500.6420000000003,5.068720000000004,96.8,1,6,34,False,True,False,True
ROCEPAFANT,0.3546784624598836,535.0980000000003,5.405320000000004,67.57,1,7,36,False,True,False,True
CEP-11981,0.3907598367442752,477.57200000000034,4.726600000000004,89.66,2,7,36,True,True,False,True
XL-281,0.4135089104322443,462.8930000000002,4.556820000000003,107.55,3,5,33,True,True,True,True
GW493838,0.3907846034592973,489.89500000000015,3.034800000000002,144.24,3,11,34,False,False,False,False
TALETRECTINIB ADIPATE,0.1751407050279317,551.6190000000004,5.150500000000004,152.07,4,8,40,False,False,False,False
AMXT-1501,0.0639657359989364,568.9360000000001,4.896000000000005,134.3,6,6,40,False,False,False,False
RABACFOSADINE,0.1476627984666806,526.5350000000003,1.2324000000000013,184.61,4,12,36,False,False,False,False
BFH-772,0.4474162018075487,439.39300000000014,5.185500000000004,84.34,2,5,32,False,True,True,True
ETIZOLAM,0.6999722373289554,342.855,4.2040200000000025,43.07,0,5,23,True,True,True,True
DEMECOLCINE,0.8717462743954659,371.4330000000001,2.954900000000001,66.02000000000001,1,6,27,True,True,True,True
PUMECITINIB,0.6507661264620094,400.4680000000001,1.0663799999999997,146.57999999999998,2,8,28,True,False,True,False
SULICRINAT,0.6681909748912175,438.67200000000014,2.9886000000000017,123.76,2,5,26,True,True,True,True
FLURALANER,0.4750408528357221,556.2900000000004,5.292320000000003,79.78999999999999,2,4,36,False,True,False,False
CHF4227,0.449235070471231,471.59700000000026,5.811400000000006,51.16000000000001,1,5,35,False,True,False,False
VS-5584,0.7553158782852045,354.41800000000006,1.5914199999999994,107.87,1,9,26,True,True,True,True
LESINURAD,0.6447720583090041,404.28900000000016,4.2371000000000025,68.00999999999999,1,5,24,True,True,True,True
LOMEDEUCITINIB,0.6056657522887609,419.48130533400007,1.1168999999999998,143.04,3,8,29,True,False,True,False
PF-03882845,0.7360321551748457,419.91200000000026,5.255380000000004,76.69,1,4,30,False,True,True,True
PELIGLITAZAR,0.2541247747024565,530.5770000000003,5.926720000000006,111.33,1,7,39,False,False,False,False
FISOGATINIB,0.4590605056363801,503.3860000000003,4.492400000000003,94.6,2,7,34,False,True,False,True
SAR-125844,0.3112245244115032,550.6450000000002,4.145000000000003,109.57,2,10,38,False,True,False,False
ULIXERTINIB,0.436155300094551,433.3390000000001,4.667200000000003,90.04,4,4,29,True,True,True,True
BRIVANIB ALANINATE,0.4221549724446724,441.46300000000025,3.4165400000000004,116.76000000000002,2,8,32,True,True,True,True
CLN-081,0.5177712309188474,396.4540000000002,3.3164000000000007,98.72,2,6,30,True,True,True,True
BEROTERKIB ANHYDROUS,0.3478984078230614,584.0480000000002,3.729700000000002,125.91,3,8,41,False,True,False,False
LEXIBULIN,0.4404555832511024,434.54400000000015,4.950320000000004,101.06,3,6,32,True,True,True,True
XELAGLIFAM,0.3989868154823348,501.55400000000026,5.703300000000005,77.88000000000001,1,5,37,False,True,False,False
EXEPORFINIUM CHLORIDE,0.0989739395882197,694.9240000000002,8.939800000000005,75.82,2,4,52,False,False,False,False
LUFENURON,0.476966189926969,511.152,6.105500000000001,67.43,2,3,32,False,True,False,False
NISTERIME ACETATE,0.2020753326836974,503.0390000000003,6.521300000000007,91.03,0,6,35,False,True,False,False
RALANITEN ACETATE,0.2171657492185763,521.0060000000003,4.435400000000004,97.36,0,8,36,False,False,False,False
CHOLYLSARCOSINE,0.4652328531274995,479.6580000000004,2.9071,118.3,4,5,34,True,True,True,True
IOTRIZOIC ACID,0.1956637770742163,763.1009999999999,2.8499,112.55,2,7,30,False,False,False,False
LINAGLIPTIN,0.442907235449374,472.5530000000002,1.1474199999999997,116.86,1,10,35,True,True,False,True
AZELNIDIPINE,0.209025055467928,582.657,4.694500000000003,137.02999999999997,2,9,43,False,True,False,False
GRAPIPRANT,0.4042010176879242,491.6170000000001,4.138760000000002,105.98,2,6,35,True,True,False,True
PLECONARIL,0.5773593757304345,381.354,4.680260000000004,74.18,0,6,27,True,True,True,True
TEFINOSTAT,0.1296138250306881,495.6200000000004,4.787800000000003,116.76000000000002,4,6,36,True,False,False,False
NEDISERTIB,0.4597488303616771,481.9150000000003,3.806200000000003,93.49,1,8,34,True,True,False,True
OSUGACESTAT,0.4491372697508954,556.5070000000002,4.345400000000002,104.86,2,4,39,False,True,False,False
ILANTIMOD,0.6885338203272664,387.8270000000001,1.3970000000000002,102.04,2,7,27,True,True,True,True
TIANEPTINE,0.6055890008979128,436.96100000000007,4.192600000000003,86.71000000000001,2,4,29,True,True,True,True
TALOTREXIN,0.1181456113313455,573.5700000000003,1.2877000000000007,248.42999999999995,7,11,42,False,False,False,False
BRIMARAFENIB,0.4836040090269536,482.4180000000001,4.224400000000002,101.58,3,5,35,True,True,False,True
CEMDOMESPIB,0.6033152339892158,447.50300000000016,2.4218,97.25,3,6,32,True,True,True,True
AZD-4017,0.6101884644575918,419.5910000000002,4.337300000000003,82.53,2,5,29,True,True,True,True
SURINABANT,0.4281279099043263,522.2740000000002,6.301700000000005,50.16,1,4,31,False,True,False,False
ASERIPIDE,0.4591676398587541,531.6060000000002,4.119800000000004,125.04,3,6,37,False,True,False,True
LEPZACITINIB,0.7942587310845092,355.3980000000002,2.05618,111.11,2,6,26,True,True,True,True
MEVIDALEN HYDROXYBENZOATE,0.2757255260035311,588.5280000000004,5.836600000000008,118.3,4,5,40,False,True,False,False
PKI-166,0.514782457940999,330.3910000000001,4.503600000000002,73.83,3,4,25,True,True,True,True
EDRALBRUTINIB,0.4239258406544358,489.4820000000002,3.841000000000001,106.23999999999998,2,6,36,True,True,False,True
CVN-766,0.599076841372096,446.4370000000001,2.7965,110.51,2,8,32,True,True,True,True
IZENCITINIB,0.5768000623357462,402.5060000000002,3.725900000000001,105.55,3,7,30,True,True,True,True
RSV-604,0.6384251310064116,388.4020000000001,3.7630000000000017,82.59,3,3,29,True,True,True,True
ZANZALINTINIB,0.2803360378992079,528.5400000000002,4.891800000000004,118.65,3,6,39,False,True,False,True
ENMD-2076,0.7136005782754016,375.48,3.1739200000000016,72.97,2,6,28,True,True,True,True
SULINDAC,0.8279102305740682,356.41800000000006,4.365500000000003,60.36,1,2,25,True,True,True,True
SIPAGLADENANT,0.6548695491213278,397.4560000000002,3.9681200000000025,94.32,1,7,28,True,True,True,True
BMS-929075,0.2797115436092967,538.5540000000002,5.922120000000004,97.12,2,5,40,False,True,False,False
PELABRESIB,0.7590481413144149,365.8200000000001,4.070920000000003,81.47999999999999,1,4,26,True,True,True,True
REMOGLIFLOZIN ETABONATE,0.3985311099418314,522.5950000000003,2.5099200000000006,141.73000000000002,3,11,37,False,False,False,False
PF-00610355,0.1198258974041772,617.7680000000003,4.639500000000004,147.99,6,7,44,False,False,False,False
PALUPIPRANT,0.4417308210715834,483.39300000000014,5.358000000000004,93.45,2,5,34,False,True,False,True
POCENBRODIB,0.4824228194581857,525.5770000000005,4.989100000000004,114.12,2,7,38,False,True,False,True
VICASINABIN,0.6693818595808798,358.41000000000014,-0.3383999999999996,123.56,1,11,26,False,True,True,True
POZTINURAD,0.5662400945804512,440.0870000000001,4.947700000000003,70.67,2,4,23,True,True,True,True
CHLOROSERPIDINE,0.3758615055158395,613.1070000000004,4.8159000000000045,108.55,1,9,43,False,True,False,False
ZIRESOVIR,0.6339759792440506,439.54100000000034,1.87172,110.44,2,8,31,True,True,True,True
FLUAZACORT,0.6513266937718791,459.5140000000002,2.6553000000000004,102.26,1,7,33,True,True,True,True
4SC-203,0.14846455343332,642.7860000000003,5.969020000000005,126.0,3,11,46,False,False,False,False
GLOVADALEN,0.5931309278044622,476.40400000000017,4.156800000000004,78.59,2,5,32,True,True,True,True
OLORINAB,0.6185890699300344,357.41400000000016,0.6971,106.98,2,6,26,True,True,True,True
ETAVOPIVAT,0.6608420900717974,457.50800000000027,0.772,109.27,1,7,32,True,True,True,True
EMRICASAN,0.1951308895193856,569.5080000000004,2.5912999999999995,150.9,4,6,40,False,False,False,False
OLEANDRIN,0.3729656552641951,576.7270000000004,3.681000000000003,120.75,2,9,41,False,True,False,False
IKT-001PRO,0.1526796124303814,624.766,6.014320000000006,118.57,2,9,46,False,False,False,False
VX-702,0.6494515417953364,404.323,3.620700000000001,102.31000000000002,2,3,29,True,True,True,True
CEFAPAROLE,0.3247011312533764,493.5920000000002,1.082820000000001,158.73999999999998,4,10,32,True,False,False,False
DANICAMTIV,0.7733449992922921,435.4280000000001,2.749200000000001,110.33,1,7,29,True,True,True,True
SELADELPAR,0.489371901978273,444.4710000000002,5.053420000000005,64.99000000000001,1,5,30,False,False,True,False
JI-101,0.382405715008473,466.3390000000002,5.081900000000004,94.2,3,5,30,False,True,True,True
TEPROSULVOSE,0.0808571380313341,568.7700000000004,3.8932000000000033,159.82,4,9,38,False,False,False,False
MK-8245,0.5827772064426593,467.25500000000017,2.3621,119.4,1,9,29,True,True,True,True
RILAPINE,0.7070669820150316,361.87600000000015,4.354180000000005,30.27,0,3,26,True,True,True,True
VP-14637,0.2193197384475032,510.5180000000002,2.33784,172.61,3,13,38,False,False,False,False
PEROSPIRONE,0.523614311121831,426.5860000000001,3.373700000000002,56.75000000000001,0,6,30,True,True,True,True
TOTROMBOPAG,0.3003480346417325,466.5050000000001,4.046740000000003,131.75,3,8,35,True,True,False,True
FIDRISERTIB,0.4242293371033501,562.7150000000001,4.179800000000004,84.67,0,9,41,False,True,False,False
LEVOTOFISOPAM,0.740889808447194,382.4600000000002,4.441500000000004,61.640000000000015,0,6,28,True,True,True,True
R-406,0.4706880685636287,470.4610000000003,3.633200000000001,128.75,3,10,34,True,True,True,True
XL-999,0.499479267547332,445.5420000000002,4.664620000000004,73.05,3,4,33,True,True,True,True
BMS-813160,0.595925134338097,484.64900000000017,2.2485,116.55,3,8,35,True,True,False,True
MK3207,0.4533644138920071,557.6010000000002,3.7729000000000017,103.43,3,5,41,False,True,False,False
AMG-517,0.461161310118622,430.41100000000006,5.522800000000003,77.0,1,6,30,False,True,True,False
CMS-121,0.6901761068684469,321.37600000000003,4.634400000000004,62.58,2,4,24,True,True,True,True
ENPIROLINE,0.7110573142424417,404.3540000000001,4.961700000000003,45.150000000000006,2,3,28,True,True,True,True
IRPAGRATINIB,0.3716074652018056,570.5970000000001,3.0839000000000008,119.96,2,10,41,False,True,False,False
RITOLUKAST,0.7221785497631078,382.363,4.075300000000001,68.29,1,4,26,True,True,True,True
TAK-020,0.6930199883756707,351.3660000000001,1.4788999999999992,103.97,2,5,26,True,True,True,True
MK-1064,0.4399213544930686,461.90900000000016,4.201200000000003,99.12,1,7,33,True,True,True,True
AGG-523,0.3987683866386758,476.5480000000002,4.593400000000003,95.5,3,3,35,True,True,False,True
FEZOLINETANT,0.7032475119343297,358.40200000000004,2.46112,76.80000000000001,0,7,25,True,True,True,True
ICLAPRIM,0.8492049946494078,354.4100000000001,2.4332000000000003,105.51,2,7,26,True,True,True,True
CEP-32496,0.3103792866850044,517.4640000000002,5.911200000000004,120.63,2,8,37,False,True,False,False
BALINATUNFIB,0.4395923631545948,502.52500000000026,4.552400000000004,99.16,1,7,37,False,True,False,True
ALEGLITAZAR,0.3909853027431884,437.51700000000017,5.128320000000005,81.79,1,6,31,False,True,True,True
LEMILDIPINE,0.4966318511436292,457.3100000000002,3.428200000000002,116.95,2,7,30,True,True,True,True
IZORLISIB,0.7647015137770611,377.4300000000003,-0.3254999999999997,127.43,1,9,26,True,True,True,True
ABT-384,0.6584124624129971,493.5740000000002,2.797400000000001,91.56,2,5,35,True,True,False,True
CILOFEXOR,0.238964338944054,586.8590000000002,6.559200000000004,108.92,2,7,39,False,True,False,False
AZELOPRAZOLE SODIUM,0.5565070972155604,428.53400000000033,3.289540000000001,90.63,0,6,30,True,True,True,True
ISOMETAMIDIUM CHLORIDE,0.0477331085458164,460.5650000000002,5.944470000000004,116.51999999999998,4,4,35,False,True,False,False
LEDOXANTRONE,0.4216820518072468,397.5480000000001,3.5859000000000005,79.34,3,7,28,True,True,True,True
PRAZOCILLIN,0.6678601114741575,469.3500000000002,2.73282,104.53000000000002,2,6,30,True,True,True,True
TIMEGADINE,0.5051360176544677,365.50600000000014,5.021620000000004,62.2,2,4,26,False,True,True,True
BATIMASTAT,0.213478728990312,477.65200000000016,3.0976,107.53000000000002,4,6,32,True,False,True,False
BETAMETHASONE ACIBUTATE,0.5694407911310895,504.5950000000003,3.673400000000002,106.97,1,7,36,False,True,False,True
CLOSANTEL,0.2923567695152282,663.0800000000002,7.124400000000003,73.12,2,3,30,False,True,False,False
SETILEUTON,0.3142375804479159,463.3870000000001,4.754100000000002,101.39,2,7,33,True,True,True,True
APADENOSON,0.3294188496095502,486.52900000000034,-0.1151999999999989,174.70999999999998,4,11,35,False,False,False,False
NACRESERTIB,0.5081212708846746,410.47400000000016,3.105120000000001,103.32,2,6,30,True,True,True,True
TUSPETINIB,0.2859724104930518,501.07800000000026,6.389920000000005,68.87,3,5,36,False,True,False,False
METHYLPREDNISOLONE ACEPONATE,0.6117075536647474,472.5780000000002,3.335300000000002,106.97,1,7,34,True,True,True,True
TEGAVIVINT,0.3511800406598875,588.7520000000002,3.786400000000003,139.93999999999997,2,8,40,False,True,False,False
EPACADOSTAT,0.1363208163665711,438.239,0.4241000000000012,167.76,5,8,25,True,False,True,False
SELONSERTIB,0.465217240721989,445.5020000000002,4.683920000000002,90.52,1,7,33,True,True,True,True
ENOBOSARM,0.8167632554543229,389.3330000000001,3.2172600000000013,106.14,2,5,28,True,True,True,True
CHOLYLSARCOSINE C-11,0.4662023781137368,478.6584336000004,2.9071,118.3,4,5,34,True,True,True,True
GW590735,0.4805976151805703,478.4920000000002,5.309320000000004,88.52,2,5,33,False,True,True,True
GEDATOLISIB,0.4094623914233721,615.7390000000003,3.022000000000001,128.29,2,10,45,False,True,False,False
CITARINOSTAT,0.2125294655095647,467.9570000000001,4.7855000000000025,107.45,3,6,33,True,False,True,False
ETHYL DIRAZEPATE,0.6550487881788798,377.2270000000001,3.7146000000000026,67.75999999999999,1,4,25,True,True,True,True
ALOGLIPTIN,0.8726102829759809,339.39900000000006,0.3944800000000006,97.05,1,7,25,True,True,True,True
ADL-5747,0.8304150320233199,392.49900000000014,3.8205000000000022,61.80000000000001,2,4,29,True,True,True,True
EGANELISIB,0.3386143067114341,528.5760000000004,3.2399000000000013,125.13,2,9,40,False,True,False,True
NIMUCITINIB,0.3348795015224106,480.5190000000002,3.752500000000001,121.17000000000002,5,6,35,True,True,False,True
PF-07059013,0.5792330359216717,365.36800000000005,2.9701000000000004,98.82,2,6,27,True,True,True,True
BMS-777607,0.3526152215095378,512.9000000000002,5.189600000000002,108.47,2,7,36,False,True,False,True
ILACIRNON,0.3970152193556386,495.8700000000002,4.365320000000002,117.7,2,6,33,True,True,False,True
PF-00489791,0.4125260585753494,476.5630000000003,1.4553200000000002,144.22999999999996,2,11,33,False,False,True,False
VALEMETOSTAT TOSYLATE,0.6487506186571385,488.0280000000004,4.491360000000003,83.66,2,5,34,True,True,False,True
AZD-7451,0.5277589145910401,382.403,3.0330000000000004,106.43,2,8,28,True,True,True,True
NIVOCASAN,0.7214605382540481,415.4210000000001,1.8437999999999992,110.11,2,7,30,True,True,True,True
GIVINOSTAT,0.3666741867033796,421.49700000000007,4.549300000000003,90.9,3,5,31,True,True,True,True
FOSTROXACITABINE BRALPAMIDE,0.2768145700685947,589.3800000000003,3.373100000000001,153.22999999999996,2,11,36,False,False,False,False
VB-201,0.0594424596251243,581.7720000000003,6.332200000000006,114.35,1,7,39,False,False,False,False
FRESELESTAT,0.5188013263899751,452.5150000000003,2.1967,146.0,2,9,33,True,False,True,False
PRANIDIPINE,0.3830104123610984,448.47500000000014,4.259200000000003,107.77,1,7,33,True,True,True,True
AMCINAFAL,0.6666323272132848,462.5580000000003,3.199000000000003,93.06,2,6,33,True,True,True,True
PHYTONADIOL SODIUM DIPHOSPHATE,0.128973820329201,610.6650000000001,7.755120000000008,139.18,2,6,41,False,False,False,False
NELADALKIB,0.4488161910918142,452.9210000000002,4.784400000000003,83.78,1,7,32,True,True,True,True
BISBENDAZOLE,0.198312722306171,576.8420000000002,7.842400000000006,59.7,2,8,38,False,True,False,False
MK0686,0.4702725702410411,486.8490000000002,4.321000000000002,84.5,2,4,33,True,True,False,True
AZELOPRAZOLE,0.6013703239871886,429.5420000000004,3.660440000000002,92.32,1,6,30,True,True,True,True
WITHANOLIDE D,0.4737536015641464,470.6060000000003,3.4954000000000027,96.36,2,6,34,True,True,True,True
CAMONSERTIB,0.6799604740226394,410.47800000000007,1.8977,101.32,2,8,30,True,True,True,True
HEPRONICATE,0.1744714703708906,505.57100000000025,4.699200000000005,117.57,0,9,37,False,False,False,False
ANAZOLENE SODIUM,0.1876284524968214,626.6260000000003,4.569900000000004,228.58,2,13,42,False,False,False,False
BROMOXANIDE,0.4247002440838211,475.261,5.939920000000004,92.47,2,4,29,False,True,False,False
MOCETINOSTAT,0.4257191432601945,396.45400000000006,3.9852000000000016,105.82,3,6,30,True,True,True,True
DISOGLUSIDE,0.3771863838887926,576.7710000000002,3.538100000000002,117.84000000000002,4,8,41,False,True,False,False
BALCINRENONE,0.8190331161812817,399.37800000000016,1.7004999999999997,96.97,2,5,29,True,True,True,True
TOSUFLOXACIN,0.6929194450857568,404.34800000000007,2.0386,101.45,2,6,29,True,True,True,True
RADALBUVIR,0.3530528693898637,543.7260000000002,5.402500000000005,96.3,2,6,38,False,True,False,True
ZELASUDIL,0.406183016922853,437.4540000000002,3.974300000000002,100.52,3,6,32,True,True,True,True
CINOBUFOTALIN,0.5179671143311244,458.5510000000002,2.9148000000000005,109.5,2,7,33,True,True,True,True
AZD-7648,0.5752393478277912,380.4120000000003,1.5762199999999995,104.16000000000004,1,10,28,True,True,True,True
MK-8189,0.6696761149514431,382.4930000000001,3.442960000000001,85.71,1,8,27,True,True,True,True
GOLIDOCITINIB,0.3629188580568638,489.5840000000003,2.6850000000000005,116.22999999999998,3,9,36,True,True,False,True
TERBOGREL,0.2724024997245853,405.5020000000001,4.405280000000003,110.4,3,4,30,True,True,True,True
POZDEUTINURAD,0.5616413884085428,444.11140711200005,4.947700000000002,70.67,2,4,23,True,True,True,True
ENRASENTAN,0.412513175538999,506.55100000000033,4.562000000000003,103.68000000000002,2,7,37,False,True,False,True
DAPIVIRINE,0.7216163650237382,329.4070000000001,4.760740000000003,73.63,2,5,25,True,True,True,True
ME-344,0.6410902764558924,348.3980000000001,4.419920000000003,69.92,3,4,26,True,True,True,True
SAFIMALTIB,0.4372194227644161,467.32900000000006,4.398700000000001,92.67,2,5,33,True,True,True,True
DEXTOFISOPAM,0.740889808447194,382.4600000000002,4.441500000000004,61.640000000000015,0,6,28,True,True,True,True
SOTULETINIB,0.6081261003732549,398.4880000000001,3.558600000000002,96.37,3,7,28,True,True,True,True
FENEBRUTINIB,0.3056244262184745,664.8110000000003,3.574200000000001,120.99,2,11,49,False,True,False,False
POTRASERTIB,0.4660037847030175,565.5090000000001,5.200620000000004,80.19999999999999,1,8,39,False,True,False,False
TOBUTEROL,0.3733153100480422,461.55800000000016,5.163340000000004,84.86,2,6,34,False,True,False,True
ONO-2333MS,0.5988714176001848,398.9380000000002,5.455920000000004,51.45,1,5,28,False,True,True,True
CEFTERAM,0.245678628622322,479.5040000000001,-1.190479999999997,190.81,3,13,32,False,False,False,False
ADP-597,0.631721045350604,479.5590000000003,2.723920000000001,132.83999999999995,1,10,33,True,True,True,True
MB-07803,0.2089424068387687,556.6220000000003,3.895100000000002,162.85000000000002,3,10,37,False,False,False,False
INE-963,0.674873729124857,402.5240000000003,2.2748,101.8,2,9,28,True,True,True,True
TEMUTERKIB,0.6138846691016782,453.5720000000004,2.705300000000001,88.41000000000001,1,9,32,True,True,True,True
FLORZOLOTAU,0.5698788069512151,385.46400000000006,4.168800000000003,67.27000000000001,2,6,27,True,True,True,True
PROSCILLARIDIN,0.4391367379374335,530.6580000000004,3.013800000000002,129.59,4,8,38,False,True,False,True
EXISULIND,0.8794895125490501,372.4170000000001,4.031600000000003,71.44,1,3,26,True,True,True,True
PHYTONADIOL DIPHOSPHATE,0.0967923152905784,612.6810000000002,9.019120000000004,133.52,4,4,41,False,False,False,False
CARBOXYAMIDOTRIAZOLE,0.6099446545789011,424.6750000000001,3.1987000000000005,116.89,2,6,27,True,True,True,True
ENVUCITINIB,0.5359689960529398,420.4730000000001,3.570500000000002,111.03,2,8,31,True,True,True,True
SIVIFENE,0.3267601126123261,394.3430000000001,3.7787000000000015,151.13000000000002,3,8,29,True,False,True,False
BERBERINE URSODEOXYCHOLATE,0.286671783632593,727.939,6.239500000000008,121.39,2,8,53,False,True,False,False
ITX-5061 FREE BASE,0.2707912205964713,583.7070000000003,4.049800000000003,123.26999999999998,2,8,41,False,True,False,False
SIRPIGLENASTAT,0.207534241204518,441.4880000000003,1.3013999999999997,153.76,3,5,32,True,False,True,False
MINZASOLMIN,0.5743928863686469,425.60200000000026,3.9075000000000015,64.26,2,5,30,True,True,True,True
MASOFANITEN,0.3676526464270601,535.4530000000003,4.895680000000004,114.2,1,7,35,False,True,False,True
S-3304,0.3768411473739689,464.56800000000015,3.9118200000000014,99.26,3,4,32,True,True,True,True
DENIFANSTAT,0.6017100933257176,439.5630000000002,5.247520000000004,85.66999999999999,1,4,33,False,True,True,True
SALANTEL,0.2574474683542594,638.0260000000001,6.391500000000002,66.4,2,3,28,False,True,False,False
SUDEXANOX,0.4364282946338432,401.48400000000015,4.802670000000004,108.43,2,5,28,True,True,True,True
GSK-3494245,0.7185704215161752,410.45300000000026,2.9997000000000007,75.0,1,6,30,True,True,True,True
PEMRAMETOSTAT,0.575867536222434,452.5590000000003,1.048400000000001,110.69,3,7,33,True,True,True,True
DANUSERTIB,0.5706345117127313,474.56500000000034,2.643700000000001,93.79999999999998,2,6,35,True,True,False,True
PULIGINURAD,0.7616184758396128,336.4160000000001,4.488280000000003,73.98,1,4,24,True,True,True,True
CC-115,0.74325672170828,336.3590000000001,1.4105199999999996,112.58,2,7,25,True,True,True,True
DELOXOLONE,0.2663989889032324,556.7840000000003,7.649300000000009,100.90000000000002,2,4,40,False,True,False,False
AVORALSTAT,0.2030321998676383,513.5540000000003,3.7745700000000015,167.48999999999998,5,6,38,False,False,False,False
AMG-900,0.2602067772473871,503.5910000000002,6.6368200000000055,111.73,2,9,37,False,True,False,False
MARBOFLOXACIN,0.8339087025992016,362.3610000000002,0.5083000000000002,78.25,1,7,26,True,True,True,True
SELVIGALTIN,0.4287404277209471,533.3260000000002,2.2923,113.52,3,9,32,False,True,False,True
BMS-582949,0.5597231731532394,406.4900000000002,3.121740000000001,100.42000000000002,3,6,30,True,True,True,True
LNP-1892,0.352218383644493,451.5660000000002,6.480220000000006,58.56,2,3,34,False,True,False,False
ADRIXETINIB,0.2960062460600172,531.4910000000002,5.239200000000006,109.62,1,9,38,False,True,False,True
AC-480,0.2903374856581191,530.5640000000002,3.8553200000000016,119.63,3,10,39,False,True,False,True
AZD-7295,0.2770523234243066,644.7160000000003,5.710400000000005,108.05,2,6,45,False,False,False,False
WITHAFERIN A,0.4851080764510355,470.6060000000003,3.3529000000000018,96.36,2,6,34,True,True,True,True
CCX354,0.5013207938271402,451.9180000000002,2.8322000000000003,92.17,1,7,32,True,True,True,True
COLURACETAM,0.9312796938799014,341.4110000000002,2.884340000000001,75.44,1,4,25,True,True,True,True
FUMOXICILLIN,0.4578255567800925,443.48100000000017,1.7770999999999997,132.44,3,7,31,True,True,True,True
ILACIRNON SODIUM,0.3914983024215901,494.86200000000014,4.9586200000000025,119.76999999999998,1,6,33,True,True,False,True
OXYCLOZANIDE,0.4520118370141272,401.46000000000015,5.6171000000000015,69.56,3,3,22,False,True,False,False
SEOCALCITOL,0.3886414563124842,454.69500000000033,6.42700000000001,60.69,3,3,33,False,True,False,False
SAROLANER,0.3968481799963044,581.371,4.327000000000004,85.27000000000001,0,6,37,False,True,False,False
TUVUSERTIB,0.5663081312315615,370.3230000000001,1.6374999999999995,116.02,2,8,27,True,True,True,True
LUXABENDAZOLE,0.6878919485668906,365.342,2.648000000000001,110.38,2,6,25,True,True,True,True
PF-06842874,0.7860264082440284,385.4640000000002,2.584320000000001,93.45,2,7,28,True,True,True,True
GLYBURIDE,0.51917970894521,494.0130000000003,3.641700000000003,113.6,3,5,33,True,True,False,True
RAFOXANIDE,0.3086347876867123,626.0150000000001,6.952800000000003,58.56,2,3,27,False,True,False,False
PANOMIFENE,0.3657854378562797,427.46600000000007,5.168700000000005,41.49,2,3,31,False,True,True,True
CARBENOXOLONE,0.3479249636481273,570.7670000000003,6.828300000000008,117.97,2,5,41,False,True,False,False
TOMIVOSERTIB,0.765293658872046,340.3870000000002,1.6328199999999995,114.93,3,7,25,True,True,True,True
CEFMINOX,0.1441363404230533,519.5870000000002,-1.8399999999999967,202.86,4,13,33,False,False,False,False
RODATRISTAT,0.3811065946759006,561.9920000000002,5.094700000000003,113.6,3,7,39,False,True,False,False
TRALONIDE,0.5203896876718855,489.38600000000025,4.859800000000004,52.60000000000001,0,4,32,True,True,False,True
TOLPADOL,0.4261467989526781,450.5420000000002,4.735840000000003,83.98,2,4,34,True,True,False,True
EMZELTRECTINIB,0.7276874657665141,376.342,1.9781,102.54,2,6,27,True,True,True,True
ZAMAPORVINT,0.5084827758710176,439.40100000000007,3.7630200000000023,98.48,1,7,32,True,True,True,True
AC-430,0.5237094076283522,349.3690000000001,3.625720000000001,86.72,3,5,26,True,True,True,True
QUABODEPISTAT,0.6586341707565968,456.84800000000007,3.023100000000001,82.03,3,5,31,True,True,True,True
AZD-8835,0.5438128267051398,469.5500000000002,1.7731,161.96999999999997,2,11,34,False,False,True,False
SGR-1505,0.4399951160816828,481.80100000000016,3.369600000000001,106.13,1,8,33,True,True,False,True
LY-2886721,0.8406613354951707,390.4150000000001,2.5153000000000008,89.6,2,6,27,True,True,True,True
ORISMILAST,0.3452994637018737,510.29800000000034,3.3297000000000008,105.84,0,7,32,False,True,False,True
LUCITANIB,0.4390597198492075,443.5030000000003,4.418600000000003,95.7,2,6,33,True,True,True,True
TIXOCORTOL PIVALATE,0.65623182142092,462.6520000000003,4.095200000000004,91.67,2,6,32,True,True,True,True
PAGOCLONE,0.5143744231422801,407.9010000000001,5.380100000000004,63.16,0,4,29,False,True,True,True
ICOTINIB,0.6727670764195051,391.4270000000003,3.1591000000000014,74.73000000000002,1,7,29,True,True,True,True
LINAPRAZAN GLURATE,0.2824566424448088,480.56500000000034,3.7079800000000023,122.03,3,7,35,True,False,False,False
LIMAPROST,0.2559410450452434,380.5250000000002,3.887200000000002,94.83,3,4,27,True,False,True,False
AMP579,0.3965142122792757,478.0180000000001,2.9983000000000017,112.3,4,8,32,True,True,True,True
C-188-9,0.2782617470411835,471.53400000000016,5.880600000000005,95.86,3,5,34,False,True,False,False
OSI-027,0.4739744643395481,406.44600000000014,3.2218,131.42,3,7,30,True,True,True,True
DS-1971,0.5921916253799604,465.9380000000001,3.9086000000000025,99.0,1,7,31,True,True,True,True
BITHIONOLOXIDE,0.7392180878199183,372.056,4.878100000000002,63.52,2,3,20,True,True,True,True
CEPEROGNASTAT,0.8189837683279749,383.4490000000001,2.5017200000000006,93.38,1,8,26,True,True,True,True
AMDIZALISIB,0.5472502577377297,390.8380000000001,3.466680000000001,117.81,2,8,28,True,True,True,True
IFIDANCITINIB,0.4658458783772715,395.3940000000001,4.162840000000002,105.07,3,7,29,True,True,True,True
PYRINOLINE,0.5186224717303819,416.4840000000001,4.500800000000004,71.79,1,5,32,True,True,True,True
VONAFEXOR,0.5757395697580083,489.7640000000003,4.602100000000003,91.06,1,5,30,True,True,False,True
BUQUINERAN,0.7104056949585367,387.4840000000002,2.7151000000000005,88.61000000000001,2,6,28,True,True,True,True
RTI-336,0.5439156996641192,392.93,6.037320000000006,29.270000000000003,0,3,28,False,True,False,False
HALOPREDONE ACETATE,0.5262370826233467,559.4000000000001,3.4619000000000018,106.97,1,7,35,False,True,False,False
CICLOTIZOLAM,0.459603413187258,461.81600000000014,6.143400000000003,43.07,0,5,27,False,True,False,False
AMINOPTERIN,0.2634194306642418,440.4200000000002,0.2440999999999998,219.32999999999996,6,10,32,False,False,True,False
CADISEGLIATIN,0.4958401190522997,455.6460000000004,5.224200000000005,91.76,2,6,30,False,True,True,True
VOCIPROTAFIB,0.6434047352381,450.9960000000001,2.39172,123.41,3,9,30,True,True,True,True
OBERADILOL,0.4114891227727629,484.0000000000003,3.291780000000001,118.77,4,7,34,True,True,False,True
ELENBECESTAT,0.7621903864086206,437.4470000000001,3.0973000000000006,102.49,2,7,30,True,True,True,True
TOPIXANTRONE,0.3672266768763943,394.47900000000016,1.1981,95.31,3,8,29,True,True,True,True
NEMIRALISIB,0.4068174003071459,440.5510000000002,4.892200000000003,76.97999999999999,2,5,33,True,True,False,True
BRANEBRUTINIB,0.7230635014308044,370.42800000000017,2.1310400000000005,91.22,3,3,27,True,True,True,True
BRANAPLAM,0.6215697085717279,393.49100000000016,3.9273000000000016,95.95,3,6,29,True,True,True,True
ORNOPROSTIL,0.2586109313564554,410.55100000000033,3.3786000000000023,100.9,2,6,29,True,False,True,False
PF-00477736,0.6028646095954698,419.48900000000015,1.9895,126.43,4,7,31,True,True,True,True
SPIROGLUMIDE,0.6949672331835018,441.3550000000004,4.139400000000004,86.71,2,3,29,True,True,True,True
CUDC-305,0.5366482429323984,442.5890000000003,3.595100000000002,90.46,2,9,31,True,True,True,True
BENAFENTRINE,0.8657849866830589,393.4870000000001,3.3009000000000013,63.16,1,5,29,True,True,True,True
LY2624803,0.8827267126044226,379.46000000000015,3.599000000000001,65.37,1,5,28,True,True,True,True
DANUGLIPRON,0.3107281978947619,555.6100000000004,4.887780000000004,113.5,1,8,41,False,True,False,False
DENIBULIN,0.5349999855385894,385.4490000000001,3.1781,122.13,4,6,27,True,True,True,True
BROVANEXINE,0.3202875860296358,568.3060000000003,6.162300000000005,67.87,1,5,32,False,True,False,False
LIRIMILAST,0.4560249485586309,443.2640000000002,3.7996000000000016,128.7,2,6,28,True,True,True,True
ASP-7962,0.7566070434804573,400.4390000000004,0.8601999999999992,126.82,2,8,29,True,True,True,True
CENERIMOD,0.4988589050323651,453.5390000000002,4.067620000000004,110.73000000000002,2,8,33,True,True,True,True
CROLIBULIN,0.6550818498010071,417.2630000000001,2.8488800000000003,129.54,3,7,26,True,True,True,True
ACORAFLOXACIN,0.7734252894744681,419.42800000000017,2.964800000000001,97.79,2,6,30,True,True,True,True
CG-200745,0.1975232799475881,427.5450000000001,3.278700000000001,90.9,3,5,31,True,False,True,False
GLESATINIB,0.1184990827362189,619.7190000000002,6.220500000000005,97.4,3,8,43,False,False,False,False
TIMELOTEM,0.8057155456405762,315.4170000000001,2.858600000000001,18.84,0,4,22,True,True,True,True
OCADUSERTIB,0.5107399152387391,459.50600000000026,1.6716999999999993,120.44,3,6,34,True,True,True,True
TERN-101,0.2747277909639314,540.4470000000001,6.901300000000004,80.73,1,6,37,False,True,False,False
TAFETINIB,0.6186113337539536,424.52000000000015,3.7330200000000016,77.23,3,3,31,True,True,True,True
ALOGABAT,0.6611555298504241,409.4460000000002,2.631240000000001,112.26,1,8,30,True,True,True,True
LOSMAPIMOD,0.8234842482068295,383.4670000000001,3.864220000000002,71.09,2,3,28,True,True,True,True
GLPG-0259,0.4528811224467231,458.5260000000002,2.8981000000000003,117.82,2,9,34,True,True,True,True
CLINAFLOXACIN,0.8712983696767714,365.79200000000014,2.3645,88.56,2,5,25,True,True,True,True
ABEDITEROL,0.2865928761830275,460.521,4.225700000000004,94.58,4,5,33,True,False,True,False
LOTAMILAST,0.3809830632440255,472.5010000000002,4.394600000000003,111.67000000000002,2,8,35,True,True,False,True
PUQUITINIB MESYLATE DIHYDRATE,0.5351361440903852,317.35600000000005,3.219000000000001,91.41,3,6,24,True,True,True,True
TOFISOPAM,0.740889808447194,382.4600000000002,4.441500000000004,61.640000000000015,0,6,28,True,True,True,True
LIDORESTAT,0.5391617542906965,376.359,4.343700000000003,55.12,1,4,26,True,True,True,True
TRICLONIDE,0.4883812705614352,505.8410000000002,5.129100000000005,52.60000000000001,0,4,32,False,True,False,True
AZD-1208,0.7971349438445747,379.4850000000001,3.605000000000002,75.43,2,5,27,True,True,True,True
NEZULCITINIB,0.3524853604875587,527.6730000000003,3.7955000000000014,104.38,3,6,39,False,True,False,True
PRADIGASTAT SODIUM,0.5455141424675931,454.47200000000015,5.319800000000003,77.94,1,5,33,False,True,True,True
LUFURADOM,0.757074903835714,377.41900000000015,3.504500000000002,57.84,1,4,28,True,True,True,True
LAS101057,0.7922754691506544,335.3420000000001,3.0882000000000014,80.66000000000001,1,5,25,True,True,True,True
PREGABALIN NAPROXENCARBIL,0.3698610099636821,459.5390000000002,4.704300000000004,111.16,2,6,33,True,False,True,False
VERCIRNON,0.3605464812493271,444.94000000000017,4.302700000000003,90.18,1,4,30,True,True,True,True
GSK-3179106,0.4957371921173103,467.41900000000015,4.588800000000004,97.22,2,5,33,True,True,True,True
GUMELUTAMIDE,0.6592903020084386,420.90400000000005,3.930380000000002,97.96,2,7,30,True,True,True,True
CP-461 FREE BASE,0.6523486236625079,384.4540000000001,5.254900000000005,41.99,1,2,29,False,True,True,True
E-7820,0.7656841837683048,336.3760000000001,3.020480000000001,109.54,2,4,24,True,True,True,True
ASCORBYL GAMOLENATE,0.1819897037156009,436.5450000000001,4.733000000000003,113.29000000000002,3,7,31,True,False,True,False
ROFLEPONIDE,0.6591289923360497,468.5370000000002,2.9809000000000023,93.06,2,6,33,True,True,True,True
CM-4307,0.4429200497199878,467.84930533400006,5.549700000000002,92.35,3,4,32,False,True,True,False
PAXALISIB,0.6914404462909833,382.4280000000001,0.9674,117.1,1,10,28,True,True,True,True
FLEZURAFENIB,0.4508566860286327,456.4770000000001,5.006500000000004,89.13,2,5,34,False,True,True,True
ELINOGREL,0.3164992103771708,523.9550000000003,3.0851000000000006,142.16,4,8,34,False,False,False,False
AZD-6703,0.705687073802575,417.5130000000003,2.33812,70.47,1,6,31,True,True,True,True
PAVINETANT,0.3998261508225547,459.5710000000001,5.154400000000004,88.16000000000001,2,4,33,False,True,False,True
DAVELIZOMIB,0.4148364901388072,481.2610000000002,0.6347000000000014,134.27,3,7,34,True,True,False,True
DANUGLIPRON TROMETHAMINE,0.1471378682394981,676.7460000000002,2.54858,200.21,5,12,49,False,False,False,False
AFP-464 FREE BASE,0.3236447042055589,448.44500000000033,3.16272,137.37,4,6,32,True,True,True,True
BMS-690514,0.6252632540499533,368.44100000000014,1.3753999999999995,100.94,3,8,27,True,True,True,True
RADEZOLID,0.4978444233156731,438.46300000000014,2.3618999999999994,112.24,3,6,32,True,True,True,True
ATABECESTAT,0.8671619904066763,367.4090000000001,3.135080000000001,104.16,2,6,26,True,True,True,True
ILOMASTAT,0.3298366018319869,388.4680000000002,1.499,123.32,5,4,28,True,True,True,True
SAPANISERTIB,0.5825137647621351,309.333,2.3798000000000004,121.67,2,8,23,True,True,True,True
CAMIBIRSTAT,0.3988284784826122,562.6740000000003,1.8114,144.75,2,11,38,False,False,False,False
JAB-3068,0.6957114215789018,476.5530000000004,2.6124,110.6,2,8,33,True,True,True,True
PF-04991532,0.7750512857245738,396.369,3.755200000000003,97.11,2,5,28,True,True,True,True
VAPENDAVIR,0.6110713069132558,382.4640000000001,4.010420000000003,73.51000000000002,0,7,28,True,True,True,True
FUNOBACTAM,0.5372538070482336,399.38900000000007,-0.9057999999999986,176.48,3,10,27,True,False,False,False
IVARMACITINIB,0.672895327012672,414.4950000000001,2.1967,112.16,2,8,29,True,True,True,True
SEVITERONEL,0.5861475090657895,399.344,4.052600000000003,80.26,2,5,28,True,True,True,True
DAPOLSERTIB,0.5563722826908193,446.143,4.517400000000003,72.99,1,5,23,True,True,True,True
CLOXACEPRIDE,0.5195328063754976,468.3810000000002,4.091100000000003,79.9,2,5,31,True,False,True,False
PETRICHLORAL,0.1677855676898824,725.699,4.793600000000004,117.84000000000002,4,8,33,False,False,False,False
LANOPEPDEN,0.2696244041579124,479.5570000000003,0.9321200000000014,123.16,3,9,34,True,True,True,True
ACUMAPIMOD,0.6556704975985748,385.4270000000001,2.7578000000000005,113.8,2,6,29,True,True,True,True
CAFICRESTAT,0.5389356451894136,421.3600000000001,2.4904,110.86,1,8,29,True,True,True,True
ZILURGISERTIB,0.5771481161695244,502.6590000000004,3.6506000000000016,100.71,3,6,37,False,True,False,True
KIO-100,0.3573270481888814,479.3290000000001,5.8206000000000016,75.63,2,4,32,False,True,False,False
7-ETHYL-10-HYDROXYCAMPTOTHECIN,0.5079598280970853,392.4110000000002,2.3476,101.65000000000002,2,7,29,True,True,True,True
LXR-623,0.3357341186733386,422.7840000000001,6.702000000000003,17.82,0,2,29,False,True,False,False
DARIGABAT,0.4482321270784194,440.5000000000002,4.121500000000003,86.97,0,7,31,True,True,True,True
E-7090,0.2196072334234085,587.6770000000002,4.4653000000000045,127.18,3,9,43,False,False,False,False
RIVOCERANIB,0.6303420649201595,397.4820000000002,4.676380000000004,90.7,2,5,30,True,True,True,True
RG-7602,0.8023470342285559,321.3840000000001,2.845880000000001,77.83,1,5,24,True,True,True,True
LIFIRAFENIB,0.4174884179900899,478.43000000000006,5.295700000000003,89.13000000000001,2,5,35,False,True,True,True
VODOBATINIB,0.3319411478403778,453.9290000000002,4.979640000000003,71.09,2,3,33,True,True,False,True
TOMEGLOVIR,0.5196981528742083,441.55300000000017,3.6636000000000015,98.74,3,5,31,True,True,True,True
ZEGOCRACTIN,0.6561392562718263,421.76200000000006,4.818320000000002,73.34,1,5,29,True,True,True,True
MIGOPROTAFIB,0.4752538708848416,454.5380000000002,3.215200000000001,109.08,2,8,34,True,True,True,True
NERANDOMILAST,0.6701453627504204,448.9800000000003,2.2946,110.12,2,8,30,True,True,True,True
SLV-334,0.3238985904274709,556.6590000000003,4.972500000000004,124.01,3,4,41,False,True,False,False
BMS-794833,0.3817471670894271,468.8470000000001,4.995300000000002,110.1,3,5,33,True,True,True,True
GALICAFTOR,0.3571118205713112,559.4680000000002,5.720600000000004,103.32000000000002,2,6,40,False,True,False,False
CERTOCICLIB,0.690900072253418,365.34400000000016,2.3209999999999997,102.77,2,8,26,True,True,True,True
LEUCOVORIN SODIUM,0.2186543529183808,471.4300000000002,-2.9881999999999964,225.76,5,12,34,False,False,False,False
VORUCICLIB,0.5285972878375598,469.8430000000001,4.323400000000003,94.14,3,6,32,True,True,True,True
CEFCAPENE,0.3347852681086321,453.5020000000002,0.3526000000000017,177.94,4,9,30,True,False,True,False
PF-05089771,0.3364262515664886,500.36400000000015,5.154400000000002,122.99,3,7,31,False,True,False,True
GSK-369796,0.5997410932457807,355.8690000000001,5.225500000000004,57.18000000000001,3,4,25,False,True,True,True
TEGOBUVIR,0.2481885716944662,517.408,6.731900000000005,56.49,0,5,37,False,True,False,False
PCI-27483,0.0912070883958043,596.5780000000002,0.8261700000000006,282.87,9,9,42,False,False,False,False
TACACICLIB,0.3328971518411286,528.6570000000004,4.554300000000003,112.24,3,6,39,False,True,False,True
PRADIGASTAT,0.4350122507052937,455.4800000000001,6.654500000000005,75.11,2,4,33,False,True,False,False
POSELTINIB,0.377487357319337,470.5330000000003,4.635000000000003,95.76,2,8,35,True,True,False,True
OPANIXIL,0.7881675763092558,422.41100000000006,3.0525,104.45,2,5,30,True,True,True,True
ICOVAMENIB,0.277132319227687,566.6660000000003,3.375400000000001,128.37,3,8,42,False,True,False,False
CULMERCICLIB,0.4818652686394648,446.53400000000016,3.841000000000002,83.78999999999999,2,8,33,True,True,True,True
COH-29,0.3087092846826545,420.4460000000001,4.551800000000004,122.91,5,7,30,True,True,True,True
FLUMOXONIDE,0.5986285372956529,496.54700000000025,2.993400000000001,91.29,1,7,35,True,True,False,True
SGI-1776,0.6942142541771245,405.4240000000001,4.048600000000003,54.69,1,6,29,True,True,True,True
PEFCALCITOL,0.3347128977901565,519.5510000000002,4.766400000000005,78.79,3,4,36,False,True,False,True
CHLORHEXIDINE,0.1393980737717831,505.4580000000002,4.175280000000002,167.58,10,4,34,False,False,False,False
TAS-115,0.3077492753777779,518.5700000000003,4.590100000000003,101.58,3,6,37,False,True,False,True
CONTEZOLID,0.7614994849745357,408.3360000000002,2.8221000000000007,87.91,1,7,29,True,True,True,True
DIPROTRIZOATE SODIUM,0.4839174146801817,640.9610000000002,2.560900000000001,98.33,2,4,22,False,True,False,False
ANAZOLENE,0.1101268687306353,629.6500000000003,5.597700000000004,220.09,5,10,42,False,False,False,False
AZD-1480,0.6505657114536998,348.7730000000001,3.00732,104.3,3,7,24,True,True,True,True
AMINOPTERIN SODIUM,0.273513362032023,438.4040000000003,-2.4252999999999982,224.98999999999995,4,12,32,False,False,False,False
ORE-1001,0.536471851928435,428.31600000000014,3.322800000000001,104.45,3,5,28,True,True,True,True
GCC-4401C,0.7772506005000454,419.8940000000001,2.5096000000000016,86.27000000000001,2,7,28,True,True,True,True
ASP-7657,0.3401889322668794,509.5280000000002,5.877400000000004,84.22000000000001,2,4,37,False,True,False,False
PF-03814735,0.5841980653138986,474.4870000000002,4.057700000000002,99.25,3,6,34,True,True,True,True
PIMODIVIR,0.6193547298392771,399.4010000000001,3.599400000000002,103.79,3,5,29,True,True,True,True
PF-05241328,0.6363605820857908,436.92100000000016,3.106520000000001,103.17999999999998,1,7,29,True,True,True,True
ILORASERTIB,0.2625302370700421,488.5480000000002,5.184400000000003,118.09,4,7,35,False,True,False,True
EMAVUSERTIB,0.4241456067469825,491.5080000000003,2.24112,142.88,2,11,36,False,False,False,False
SISAPRONIL,0.5970516480578699,465.1310000000001,5.4908800000000015,67.63,1,4,29,False,True,True,True
STREPTONIGRIN,0.3810449307527983,506.47100000000034,2.31792,197.18,4,11,37,False,False,False,False
ELANZEPINE,0.8872378139197281,312.844,4.648900000000004,15.27,1,2,22,True,True,True,True
CRONIDIPINE,0.2742334019592015,598.0520000000004,4.611300000000004,129.47,1,10,42,False,True,False,False
PICLOXYDINE,0.2471849699843322,475.38800000000026,3.0532800000000018,150.0,8,4,32,False,False,False,False
BUTOBENDINE,0.2100540617526181,620.7400000000002,4.172800000000004,114.46000000000002,0,12,44,False,False,False,False
TANZISERTIB,0.5480926373245354,448.4490000000003,3.6640000000000015,97.12,3,8,32,True,True,True,True
DROCINONIDE,0.6887374114045547,438.5360000000002,2.722700000000002,93.06,2,6,31,True,True,True,True
AVN-944,0.3710832823303815,477.5210000000002,5.473680000000004,138.51,3,7,35,False,True,True,True
IFETROBAN SODIUM,0.5400467711199893,439.5320000000003,2.780800000000001,104.49,1,6,32,True,False,True,False
LINRODOSTAT,0.527640856569167,410.9200000000001,6.575900000000004,41.99,1,2,29,False,True,False,False
UCN-01,0.3557833243272792,482.54000000000025,3.844900000000002,89.68,3,7,36,True,True,False,True
UREDOFOS,0.2978661460917529,500.5390000000002,3.972920000000002,134.86,4,7,32,False,True,False,True
HYPERICIN,0.1233498571031122,504.4500000000004,5.081040000000003,155.52,6,8,38,False,False,False,False
SU-014813,0.5096580614407035,442.4910000000002,1.68624,106.69,4,5,32,True,True,True,True
PEVONEDISTAT,0.5310901734315111,443.5290000000002,2.0628,132.36,3,8,31,True,True,True,True
PARECOXIB,0.7419803073587753,370.43000000000006,3.531920000000002,89.27,1,5,26,True,True,True,True
ZOTICASONE,0.5672304675059114,496.57200000000034,2.857600000000001,100.9,2,7,34,True,True,False,True
BMS-223131,0.6370100116332149,383.75300000000016,4.107700000000003,73.32000000000001,3,3,26,True,True,True,True
MITOPODOZIDE,0.4208159249839539,474.5100000000002,1.485399999999999,127.74000000000002,4,9,34,True,True,True,True
PF-00337210,0.4424234595871976,461.5180000000004,4.152320000000003,86.06,1,7,34,True,True,True,True
CYC-116,0.7313327991439839,368.4660000000002,3.070920000000001,89.19,2,8,26,True,True,True,True
SELODENOSON,0.569927786936005,376.417,-0.0639000000000004,134.42,4,9,27,True,True,True,True
STILBAZIUM IODIDE,0.3786316168601942,450.6500000000002,6.535200000000008,10.36,0,2,34,False,True,False,False
CORMETHASONE ACETATE,0.615543325925443,470.48400000000026,2.7117000000000004,100.90000000000002,2,6,33,True,True,True,True
BI-671800,0.4796487541720144,501.5090000000002,4.097600000000003,98.66,2,6,36,False,True,False,True
VELIFLAPON,0.6576932728311314,361.4410000000002,5.172200000000004,59.42,1,3,27,False,True,True,True
SP-420,0.6515588231285102,355.4120000000001,1.7707000000000002,97.58,2,7,24,True,True,True,True
CLAZURIL,0.7643236694184319,373.19900000000007,2.8830800000000014,91.54,1,5,25,True,True,True,True
PF-04531083,0.7480345092586124,357.8010000000001,2.9786,95.06,2,6,25,True,True,True,True
VAREGACESTAT,0.3752621982688155,574.4970000000003,4.768620000000003,113.65,3,4,40,False,True,False,False
FELCISETRAG,0.6945148458038817,455.6030000000002,3.606500000000002,90.56,2,5,33,True,True,True,True
IMIGLITAZAR,0.2129327727443308,470.5250000000002,6.014720000000005,94.15000000000002,1,6,35,False,False,False,False
TAURODEOXYCHOLIC ACID,0.398161662848806,499.71400000000034,3.3973000000000013,123.93,4,5,34,True,True,False,True
MILCICLIB,0.6183384741740715,460.5860000000002,2.5658000000000003,91.21,2,8,34,True,True,False,True
ALVOCIDIB,0.6095989367593202,401.8460000000001,3.304600000000001,94.14,3,6,28,True,True,True,True
MECLOCYCLINE,0.3249428299467629,476.8690000000002,0.2155,181.62,6,9,33,False,False,True,False
LABUXTINIB,0.5851062666418744,377.3790000000001,3.7704200000000014,85.32000000000001,1,6,28,True,True,True,True
OMIPALISIB,0.351854488430201,505.50600000000014,4.841400000000003,106.96,1,7,36,False,True,False,True
TELATINIB,0.4966028201160005,409.83300000000014,3.953400000000002,102.17,2,7,29,True,True,True,True
APOMINE,0.2542758462136228,562.6650000000002,8.942000000000005,91.29000000000002,1,7,37,False,False,False,False
LUXEPTINIB,0.2816869519665685,495.4360000000002,5.495920000000002,98.91,4,3,36,False,True,False,True
AMEBUCORT,0.5642460025798239,488.6210000000003,3.9494000000000034,106.97,1,7,35,True,True,False,True
UDENAFIL,0.401794674100203,516.6680000000003,2.827500000000001,122.20999999999998,2,8,36,False,False,False,False
TENOFOVIR EXALIDEX,0.0970538103385693,569.7280000000001,6.861100000000008,134.61,2,9,39,False,False,False,False
TAUROLITHOCHOLIC ACID,0.4649636730852002,483.7150000000004,4.426500000000003,103.7,3,4,33,True,True,False,True
ACRIHELLIN,0.3656137582757676,498.6160000000003,4.052900000000004,114.04000000000002,2,7,36,True,True,False,True
SORNIDIPINE,0.3715307999080126,460.4390000000002,1.0729000000000002,146.46,2,10,33,True,False,True,False
SALPROTOSIDE,0.4021376455690885,490.5050000000002,2.397700000000001,140.98000000000002,3,10,35,True,False,False,False
AMBRUTICIN,0.4279587753813115,474.63800000000026,4.431100000000003,96.22,3,5,34,True,True,False,True
TOREFORANT TARTRATE,0.0889976740550683,785.1019999999995,8.958120000000005,139.46,4,10,58,False,False,False,False
AFICAMTEN,0.7901501635942395,337.38300000000004,2.4498000000000006,85.84,1,6,25,True,True,True,True
LUFOTRELVIR,0.1965191592291071,552.5210000000003,1.010400000000001,196.14999999999995,6,7,38,False,False,False,False
VOLASERTIB,0.4039979927426692,618.8270000000002,4.2672000000000025,106.17,2,9,45,False,True,False,False
TAK-243,0.3421739715373892,519.5270000000002,1.7504999999999993,152.07,4,10,34,False,False,False,False
IFETROBAN,0.5099245254177376,440.5400000000003,4.115500000000004,101.66,2,5,32,True,False,True,False
INZOMELID,0.8420801118623154,388.4930000000003,2.9518000000000013,93.09,2,5,27,True,True,True,True
TONAPOFYLLINE,0.686771841763158,416.5220000000003,3.163100000000002,109.98,2,6,30,True,True,True,True
JNJ-41443532,0.5884363563113484,482.5280000000003,2.522500000000001,94.56,3,6,33,True,True,False,True
DEULORLATINIB,0.6617474970647981,409.43930533400015,2.8006800000000007,110.06,1,7,30,True,True,True,True
LORUNDROSTAT,0.6865278654382342,451.5750000000003,1.53252,103.35,2,7,33,True,True,True,True
CERDULATINIB,0.55466520924993,445.5490000000003,1.3651000000000009,133.55,3,8,31,True,True,True,True
FULIMETIBANT,0.4305861616256543,487.4530000000003,5.801500000000004,84.22,2,4,35,False,True,False,False
GANETESPIB,0.5198362406073959,364.4050000000001,3.253900000000002,96.07,3,6,27,True,True,True,True
SUSALIMOD,0.5716210983014928,408.4350000000001,2.9944200000000007,116.59000000000002,3,5,29,True,True,True,True
JNJ-18038683,0.2950639288317729,529.9770000000004,2.6915,161.98000000000002,5,7,37,False,False,False,False
HALOMETASONE,0.6076865053354019,444.9020000000002,2.4102,94.83,3,5,30,True,True,True,True
PSI-697,0.6996452812674512,367.8320000000003,4.761600000000003,70.42,2,3,26,True,True,True,True
VLX-600,0.4474161803598611,317.356,3.0456200000000013,91.74,2,6,24,True,True,True,True
ATUVECICLIB,0.6700796222358171,387.4400000000001,3.6064700000000007,100.85,2,7,27,True,True,True,True
INGENOL DISOXATE,0.4165394967645177,499.6040000000002,2.792700000000001,130.09,3,8,36,True,True,False,True
GW842166X,0.6923406863851137,449.2600000000001,4.702200000000003,76.14,2,5,29,True,True,True,True
ETRUMADENANT,0.4964261316767955,426.48400000000015,2.835100000000001,139.42000000000002,2,9,32,True,True,True,True
BMS-986299,0.5230877857463149,349.39800000000014,2.4518000000000004,116.58,3,5,26,True,True,True,True
AZD-8075,0.787452865381539,405.8530000000002,4.624100000000004,66.84,1,3,28,True,True,True,True
E-7766,0.1157835965364941,746.6119999999996,3.423799999999999,200.78,4,18,48,False,False,False,False
BAY-1082439,0.5841210992537703,494.5520000000002,0.9638200000000005,121.11,2,10,36,True,True,False,True
BAXDROSTAT,0.9068719080035366,363.46100000000007,3.561200000000002,62.3,1,3,27,True,True,True,True
VENGLUSTAT MALATE,0.4296166871435259,523.5830000000002,2.9113,149.29,4,8,36,False,False,False,False
MUVADENANT,0.8017145328076729,430.5300000000004,3.538000000000002,85.81,1,7,30,True,True,True,True
TAURURSODIOL,0.398161662848806,499.71400000000034,3.3973000000000013,123.93,4,5,34,True,True,False,True
ENCLOMIPHENE CITRATE,0.18153489797561,598.0920000000003,5.314100000000005,144.6,4,6,42,False,False,False,False
FASIGLIFAM,0.3393001368722835,524.6350000000003,5.313640000000005,99.13,1,6,37,False,False,False,False
BMS-986310,0.5329463500356173,475.5450000000002,3.782680000000002,128.51999999999998,3,5,35,True,True,True,True
ELCUBRAGISTAT,0.5348070095829457,507.39700000000033,5.053000000000004,36.02,0,4,34,False,True,False,True
PRETAMAZIUM IODIDE,0.2902885504724768,437.6320000000003,7.160100000000007,7.12,0,2,32,False,True,False,False
ALEXIDINE,0.0710315123268097,508.8040000000004,4.256280000000006,167.58,10,4,36,False,False,False,False
FOLITIXORIN CALCIUM,0.3277480619327353,455.43100000000027,-3.1912999999999965,199.64,4,11,33,False,False,False,False
RAZPIPADON,0.7245422404519255,389.3580000000002,3.146140000000001,86.21000000000001,1,6,28,True,True,True,True
LORPIPRAZOLE,0.7796535298059153,405.46800000000025,3.558900000000002,37.190000000000005,0,5,29,True,True,True,True
POSIZOLID,0.627467499532706,465.4090000000003,1.3259000000000003,125.57000000000002,2,8,33,True,True,True,True
CIVOREBRUTINIB,0.5498475658445107,463.9290000000004,3.722480000000002,136.08,2,8,33,True,True,True,True
MOXIRAPRINE,0.8782601360454834,314.3890000000001,1.9017199999999992,70.51,2,6,23,True,True,True,True
SALAZOSULFADIMIDINE,0.5064794749642006,427.4420000000002,3.713440000000002,154.2,3,8,30,True,False,True,False
CRENOLANIB BESYLATE,0.2621555241386817,601.7290000000005,4.849800000000002,132.79999999999998,2,9,43,False,True,False,False
ZETELETINIB,0.3665075626421052,500.47700000000015,5.323100000000004,99.37,1,7,36,False,True,False,True
ONO-7579,0.266262513010169,578.96,5.632800000000003,149.19,3,8,39,False,False,False,False
LANABECESTAT,0.7502082679730778,412.53700000000026,4.236000000000003,72.86,1,5,31,True,True,True,True
VEBICORVIR,0.6136637180457624,467.45000000000016,3.490400000000002,105.23,2,6,31,True,True,True,True
ANTHRAMYCIN,0.4705925863158158,315.32900000000006,0.5844199999999999,115.89,4,5,23,True,True,True,True
DALPICICLIB,0.5707650805041967,446.5550000000004,4.023220000000003,101.79999999999998,2,8,33,True,True,True,True
SALAZOSULFATHIAZOLE,0.534093567807746,404.4290000000001,3.763100000000001,141.31,3,8,27,True,False,True,False
ETIBENDAZOLE,0.7521915315713218,357.3410000000001,3.1282000000000005,85.47,2,5,26,True,True,True,True
SD-0006,0.705379287135802,397.86600000000016,2.885400000000001,95.0,2,5,28,True,True,True,True
SALAZODINE,0.4822121158183954,429.4140000000001,3.105200000000001,163.42999999999995,3,9,30,True,False,True,False
URSULCHOLIC ACID,0.3727868522643116,552.7080000000002,4.132100000000003,164.5,3,7,36,False,False,False,False
LINERIXIBAT,0.2940950419606636,546.6860000000004,3.908100000000002,142.03,4,7,38,False,False,False,False
JT-001,0.8190455225574339,402.47600000000017,2.1534000000000004,102.32,2,6,28,True,True,True,True
VILANTEROL .ALPHA.-PHENYL CINNAMATE,0.0377477336340703,710.6950000000005,7.919900000000007,128.48000000000002,5,7,49,False,False,False,False
SULPROSTONE,0.31659822262141,465.56800000000015,1.7409999999999992,130.0,3,7,32,True,False,True,False
PIKETOPROFEN,0.699558114616983,344.41400000000004,4.363220000000003,59.06,1,3,26,True,True,True,True
AZD-6482,0.6700364833304305,408.45800000000025,2.710820000000001,96.17,2,7,30,True,True,True,True
FAMPRONIL,0.579476907242946,445.6190000000002,5.29318,94.07999999999998,1,5,28,False,True,True,True
EXATECAN,0.4450009608516145,435.4550000000002,2.4731200000000007,107.44,2,7,32,True,True,True,True
TOREFORANT,0.6054540363203006,392.55100000000016,4.479060000000003,69.73,2,5,29,True,True,True,True
ETIPREDNOL DICLOACETATE,0.4798844366569286,485.4040000000003,3.9139000000000026,89.9,1,6,32,True,True,False,True
REPAGLINIDE,0.5166893132340431,452.5950000000003,5.219900000000005,78.87,2,4,33,False,True,False,True
FOSIGOTIFATOR,0.2004233432720759,639.3720000000003,3.869100000000003,152.65,4,7,41,False,False,False,False
TIOCLOMAROL,0.3616956799670457,447.33900000000006,6.122500000000005,70.67,2,5,29,False,True,False,False
FANDOSENTAN,0.5208673161355585,517.4810000000002,5.049400000000004,93.14,1,5,36,False,True,False,True
ASP-4058,0.4148801257271504,442.319,5.628300000000001,76.83,1,5,31,False,True,False,False
OFIRNOFLAST,0.3155855970875169,501.4440000000002,5.380400000000002,123.89,3,7,36,False,True,False,True
FLORZOLOTAU (18F),0.5707763295660511,384.4669380000001,4.168800000000003,67.27000000000001,2,6,27,True,True,True,True
BREZIVAPTAN,0.532526398573465,484.0000000000004,2.753700000000001,81.39000000000001,1,7,34,True,True,False,True
XL-019,0.5366372298871934,444.5390000000002,3.4143000000000017,91.41,3,7,33,True,True,True,True
CANAGLIFLOZIN,0.4859158173268412,444.52400000000017,2.968320000000001,90.15,4,6,31,True,True,True,True
SRA-737,0.723134114409036,379.346,1.90598,107.78,3,8,27,True,True,True,True
ROVAFOVIR ETALAFENAMIDE CITRATE,0.0971262538629825,698.5540000000002,1.6557000000000008,284.84,6,15,48,False,False,False,False
"THIOUREA, N-(5-BROMO-2-PYRIDINYL)-N'-(2-(2-CHLORO-3-ETHOXY-6-FLUOROPHENYL)ETHYL)-",0.6551052866086036,432.7460000000001,4.564400000000003,46.18,2,3,24,True,True,True,True
ONAMETOSTAT,0.3505095629847197,483.37000000000006,2.822,136.1,4,8,31,True,True,False,True
MEDORUBICIN,0.2567033895859338,513.4990000000003,-0.0073000000000001,196.84,6,11,37,False,False,False,False
RICOLINOSTAT,0.2383944544853862,433.51200000000006,4.132100000000001,107.45,3,6,32,True,False,True,False
NERACORVIR,0.7677555224727627,419.4590000000003,1.1345199999999995,115.73000000000002,2,7,29,True,True,True,True
BMS-963272,0.3302019377865309,525.4530000000003,5.117920000000004,92.79,2,5,37,False,True,False,True
CRENOLANIB,0.503802926026981,443.5510000000004,3.916500000000001,78.43,1,7,33,True,True,False,True
ALISERTIB,0.3347159311313273,518.9320000000004,5.746100000000004,105.93,2,7,37,False,True,False,False
CEFTEZOLE,0.404252135209041,440.4920000000001,-0.9444999999999996,156.08999999999995,2,12,28,False,False,False,False
BALOFLOXACIN,0.8169563701737155,389.4270000000002,2.3705000000000007,83.8,2,6,28,True,True,True,True
MRX-4,0.4170321854174956,530.3520000000002,2.880100000000001,142.71999999999997,1,9,36,False,False,False,False
GIROCITINIB,0.7934573125357312,326.3560000000001,3.212180000000002,97.1,1,7,24,True,True,True,True
BMS-986224,0.3416502392230347,498.9230000000003,4.402700000000004,132.85,2,10,35,True,True,False,True
BI-224436,0.440834191251164,442.5150000000002,5.634120000000005,81.54,1,5,33,False,True,False,False
PRADEFOVIR,0.473528892596172,423.79700000000014,3.407300000000002,114.38000000000002,1,9,28,True,True,True,True
GSK-1292263,0.5269442838814542,456.5680000000002,3.953900000000002,98.42,0,8,32,True,True,True,True
CHLORTETRACYCLINE,0.3283008516696476,478.8850000000002,0.4390000000000007,181.62,6,9,33,False,False,True,False
TONABERSAT,0.7823821754275344,391.8260000000001,3.684700000000002,75.63000000000001,2,4,27,True,True,True,True
RIMACALIB,0.5094682311269713,394.4500000000002,4.311370000000003,74.38000000000001,2,4,29,True,True,True,True
INTOPLICINE,0.4719343232575856,348.4500000000001,4.246920000000004,64.18,3,4,26,True,True,True,True
R-1487,0.7404265549201986,388.3740000000002,2.9899000000000013,78.27000000000001,1,7,28,True,True,True,True
PF-06865571,0.6367518786264996,407.4300000000002,2.6433,108.35,1,8,30,True,True,True,True
MIVOBULIN,0.8042813292042631,325.372,3.1670000000000007,101.63,3,6,24,True,True,True,True
DIPROTRIZOATE,0.4255537061178119,641.9690000000002,3.8956000000000017,95.5,3,3,22,False,True,False,False
SC-43,0.4842891657120642,431.8010000000001,6.666780000000003,74.14999999999999,2,3,30,False,True,False,False
OSI-930,0.3803116720815943,443.4500000000001,6.059300000000004,63.25,2,5,31,False,True,False,False
ECENOFLOXACIN,0.851070440712772,372.40000000000015,1.7422000000000002,101.45,2,6,27,True,True,True,True
SR-13668,0.3683125895945058,430.46000000000026,5.317600000000004,93.41,2,5,32,False,True,True,True
ZALUNFIBAN,0.5480300180119311,386.44100000000014,-0.4801999999999997,130.54,3,10,27,True,True,False,True
BMS-986094,0.1349189796146157,658.6490000000003,3.350700000000002,202.39999999999995,4,14,46,False,False,False,False
TERUTROBAN,0.7671257368531635,407.9190000000002,3.501420000000002,83.47,2,3,27,True,True,True,True
PRX-08066,0.7000285588704614,401.8980000000002,4.431980000000003,64.84,1,6,27,True,True,True,True
SX-682,0.2125644778282409,467.20900000000006,2.738700000000001,104.57,3,7,32,True,True,True,True
CTS-1027,0.5439241130017186,425.8900000000002,3.208200000000001,101.93,2,6,28,True,True,True,True
GW468816,0.7909369042476887,368.8200000000001,3.7993000000000015,69.64,2,3,26,True,True,True,True
TETRAHYDROFOLATE,0.2512351155567578,445.43600000000015,-0.2819999999999988,211.56,8,9,32,False,False,True,False
LITOMEGLOVIR,0.3862875389267916,498.6050000000003,3.1732000000000005,130.83,3,7,35,True,True,False,True
ZEMIRCICLIB,0.7727893378110231,429.9520000000003,3.814200000000002,88.91000000000001,2,5,30,True,True,True,True
LINTITRIPT,0.4957458681975341,411.8700000000001,4.755100000000002,84.22,2,5,28,True,True,True,True
PF-07284892,0.6380708674415663,439.9760000000001,3.496100000000001,106.84,2,8,30,True,True,True,True
PEXACERFONT,0.7674947572794435,340.4310000000001,3.330560000000002,77.23,1,7,25,True,True,True,True
POSENACAFTOR,0.3963222166289621,445.5150000000002,6.156940000000006,81.79,1,5,33,False,True,False,False
ASAPIPRANT,0.4711009803718224,501.56100000000026,3.1031000000000013,122.41,1,8,35,False,True,False,True
FLURANTEL,0.2094008558658276,494.3,4.735300000000001,124.84,1,7,34,True,True,False,True
LY-295501,0.8452488526478131,387.2440000000002,3.4387000000000025,84.50000000000001,2,4,24,True,True,True,True
BENCIANOL,0.4119270538241518,454.4780000000001,4.807400000000005,88.38000000000001,3,6,34,True,True,True,True
BMS-984923,0.663726340039552,374.8270000000001,4.657000000000003,51.22,1,3,27,True,True,True,True
ENOLICAM,0.7182575346738088,432.71200000000016,4.732000000000002,83.47,2,4,26,True,True,True,True
MK-6913,0.6210166117399474,401.5100000000002,4.944200000000004,57.010000000000005,0,5,30,True,True,True,True
AG-24322,0.6092386192841651,418.4510000000001,2.95392,73.7,3,6,31,True,True,True,True
FLUTAFURANOL F 18,0.690831748997093,257.254938,3.3812000000000006,58.29,2,4,19,True,True,False,True
TALNETANT,0.4797804646003673,382.4630000000001,5.488500000000004,62.22,2,3,29,False,True,True,True
ALMURTIDE,0.1322627297805193,478.45500000000027,-4.713699999999992,246.84,8,10,33,False,False,False,False
EVODENOSON,0.4018862719597726,499.52800000000025,-0.4736999999999978,177.95,4,11,36,False,False,False,False
GALOCITABINE,0.5793239267862662,439.3960000000002,0.2995999999999998,141.37,3,10,31,True,False,True,False
FLOMOXEF,0.1885085511958729,496.4740000000003,-1.290599999999999,169.0,3,12,32,False,False,False,False
AMBROXOL ACEFYLLINATE,0.315925927198568,616.3109999999999,1.7051999999999992,157.39999999999998,4,10,35,False,False,False,False
ZD-6126,0.5896529324492228,437.3850000000002,2.9743000000000004,123.55,3,6,30,True,True,True,True
HYPERICIN SODIUM,0.1499725158607224,503.4420000000004,4.449040000000003,158.35,5,8,38,False,False,False,False
CLOMOCYCLINE,0.2164129200577784,508.9110000000003,0.0197000000000007,187.86,7,10,35,False,False,False,False
PELITREXOL,0.3149681451545721,463.5160000000003,0.9868200000000008,187.5,6,8,32,False,False,True,False
ODENTEGRAVIR,0.7940910994529917,421.3750000000003,2.082,91.64,2,5,30,True,True,True,True
CEFIVITRIL,0.3056540922213452,453.5310000000001,-0.1887199999999989,154.1,2,11,29,False,False,True,False
LOMECITINIB,0.6355293439543306,416.4630000000001,1.1168999999999991,143.04,3,8,29,True,False,True,False
TILORONE,0.444320976258922,410.5580000000003,4.339200000000004,42.01,0,5,30,True,False,True,False
DELANZOMIB,0.3861315347580508,413.2830000000001,0.7706999999999993,131.78,5,6,30,True,True,True,True
APTO-253,0.3897434431885239,367.38700000000006,5.255120000000003,70.25,2,3,28,False,True,True,True
NRX195183,0.58095414806148,437.8700000000001,5.623300000000005,86.63000000000001,3,3,30,False,True,False,False
TABILAUTIDE,0.0826459253644047,571.7160000000005,1.3139000000000065,231.01,7,7,40,False,False,False,False
PSI-352938,0.7035521222089853,431.3610000000002,2.3813000000000004,132.84,1,11,29,False,True,True,True
TALAMPICILLIN,0.4874050686571073,481.53000000000026,1.6458999999999997,128.03,2,8,34,True,True,False,True
GLYCOCHOLIC ACID,0.4102900871309047,465.6310000000003,2.564899999999999,127.09000000000002,5,5,33,True,True,True,True
IXAZOMIB,0.5500149223256271,361.034,1.2660999999999991,98.66,4,4,23,True,True,True,True
PIRODOMAST,0.7906169923461868,307.35300000000007,2.6915000000000004,58.36000000000001,1,5,23,True,True,True,True
IMD-0354,0.6880907430920817,383.67500000000007,5.335500000000002,49.33,2,2,25,False,True,True,True
MK-7145,0.6242927768514653,466.5340000000004,2.02884,99.54000000000002,2,8,34,True,True,True,True
TRIMEBUTINE 3-THIOCARBAMOYLBENZENESULFONATE,0.1840315441347617,604.7470000000003,4.3038000000000025,137.62,2,9,41,False,False,False,False
NICLOFOLAN,0.6417050904059041,345.0940000000001,3.888000000000001,126.74,2,6,22,True,True,True,True
FENDOSAL,0.5052257842986829,381.4310000000001,5.313700000000004,62.46,2,3,29,False,True,True,True
VAMAGLOXISTAT,0.6905828326071983,371.3430000000001,4.4749000000000025,88.10000000000001,2,4,27,True,True,True,True
GEMLAPODECT,0.5286199536750041,431.4560000000001,1.8545,106.65,1,8,32,True,True,True,True
CLOFEZONE,0.2475313332515595,593.1680000000005,5.964600000000006,82.19000000000001,1,5,42,False,False,False,False
IOWH-032,0.3234379173573088,545.1870000000001,5.689500000000003,97.48,2,6,31,False,True,False,False
NIZUBAGLUSTAT,0.4281638761579606,433.5200000000001,1.9387999999999992,93.39,4,6,31,True,True,True,True
ACOTIAMIDE HYDROCHLORIDE,0.5099698024928728,450.56100000000015,2.966800000000001,113.02,3,8,31,True,True,True,True
GOSSYPOL,0.1312357685384841,518.5620000000004,6.382240000000009,155.52,6,8,38,False,False,False,False
CAPESEROD,0.5876275188609741,456.9300000000003,3.389700000000002,95.75,1,8,32,True,True,True,True
DANIRIXIN,0.5414185890557626,441.91200000000026,3.662820000000001,107.53000000000002,4,5,29,True,True,True,True
PINADOLINE,0.4413462498359426,408.28500000000014,4.602200000000003,70.67,2,3,27,True,True,True,True
NESBUVIR,0.5805035033978855,446.5000000000003,3.234200000000002,99.85,2,5,31,True,True,True,True
PICLIDENOSON,0.3630281277674569,510.292,0.4081999999999988,134.42,4,9,29,False,True,False,True
CIAFTALAN,0.2285774221968687,514.5520000000001,6.869200000000004,108.92,2,6,40,False,True,False,False
BMS-830216,0.2790326150305901,548.9410000000001,5.042900000000005,120.11,2,8,36,False,True,False,True
BROMOFENOFOS,0.4122441459917946,581.7730000000001,5.580700000000003,86.99000000000001,3,3,22,False,True,False,False
DIFAMILAST,0.4688547284370918,446.4500000000001,5.058900000000005,82.82000000000001,1,6,32,False,True,True,True
ETC-159,0.5423691020255023,391.3910000000001,0.5293999999999994,116.7,1,9,29,True,True,True,True
CAVOSONSTAT,0.7511717125374576,299.713,3.9590000000000014,70.42,2,3,21,True,True,True,True
AZD2066,0.5117355247040176,381.823,4.325500000000003,78.86,0,7,27,True,True,True,True
VOTOPLAM,0.5200683964443095,419.4930000000002,2.6563,119.46,2,10,31,True,True,True,True
TEGTOCICLIB,0.6506771406942764,404.47100000000006,2.3126,123.15999999999998,3,7,29,True,True,True,True
EMIDURDAR,0.429607192605241,495.181,5.310800000000001,95.59,3,4,30,False,True,False,True
BI 639667,0.5001004281953505,451.4830000000002,2.777200000000001,106.84,1,7,32,True,True,True,True
MLN-8054,0.3845047685657031,476.8700000000002,5.868000000000003,87.47,2,5,34,False,True,False,False
VIBEGRON,0.5433932096189031,444.53500000000014,2.766000000000001,96.25,3,6,33,True,True,True,True
BERZOSERTIB,0.4221514631014612,463.56300000000016,3.949300000000002,124.0,2,8,33,True,True,True,True
BASMISANIL,0.5947947866690209,445.47200000000026,2.633720000000001,102.6,0,7,31,True,True,True,True
FOVINACICLIB,0.4854960924888177,548.7610000000002,4.405500000000004,80.73,1,9,39,False,True,False,True
QUEMLICLUSTAT,0.159810583911075,580.8300000000002,2.353300000000001,196.49,6,10,37,False,False,False,False
CEFCANEL,0.3989670332432812,478.57700000000017,1.4108200000000002,132.71999999999997,3,9,31,True,True,True,True
LERAMISTAT,0.8092315501483994,404.91900000000015,3.8505800000000026,90.19,2,4,27,True,True,True,True
MAVATREP,0.3869756144529714,422.4500000000001,6.646500000000005,48.91,2,2,31,False,True,False,False
NAMODENOSON,0.2767967405036418,544.7370000000002,1.061599999999999,134.42,4,9,30,False,True,False,True
DEFERITRIN,0.7415115684565626,253.279,1.4345,90.12,3,5,17,True,True,False,True
JTS-653,0.5599444581222944,474.4390000000002,3.8698200000000016,96.81000000000002,2,7,34,True,True,True,True
GRC-6211,0.6647237976749683,377.4190000000001,4.941900000000004,63.25,2,3,28,True,True,True,True
HALOFUGINONE,0.7979774205963522,414.6870000000001,1.8845,84.22,2,6,24,True,True,True,True
MERIMEPODIB,0.4947373090421914,452.4670000000002,4.009300000000002,123.95000000000002,3,7,33,True,True,True,True
MG-S-2525,0.3850061671829589,436.5160000000003,3.023340000000001,128.53,5,7,32,True,True,True,True
TAVAPADON,0.740693743774401,391.34900000000016,3.563540000000001,76.97999999999999,1,5,28,True,True,True,True
BUCLADESINE,0.4477364154219202,469.3910000000003,1.6899999999999993,163.98999999999998,2,11,32,False,False,True,False
AFTOBETIN,0.2086568121618161,452.5510000000003,3.959880000000004,81.02,0,7,33,True,False,True,False
SULFASALAZINE,0.5405882217196541,398.4000000000001,3.701600000000001,141.31,3,7,28,True,False,True,False
IBIPINABANT,0.4255354267327026,487.4120000000002,4.761200000000004,74.13,1,3,32,True,True,False,True
FLORANTYRONE,0.563229709231592,302.32900000000006,4.534700000000003,54.37,1,2,23,True,True,True,True
LY-2880070,0.5972471681801693,381.44000000000017,2.4531199999999984,109.87,3,8,28,True,True,True,True
TP-1287,0.4135316162695355,481.8250000000003,3.070500000000002,140.67000000000002,4,7,32,True,False,False,False
FLUTAFURANOL,0.6916893620321855,258.25199999999995,3.3812000000000006,58.29,2,4,19,True,True,False,True
DROBULINE,0.8139770576722458,283.415,3.5675000000000026,32.26,2,2,21,True,True,True,True
ISPRONICLINE,0.8214978966674342,234.343,2.8800000000000017,34.150000000000006,1,3,17,True,True,False,True
TOSEDOSTAT,0.2818090911435701,406.479,1.8583,124.96000000000002,4,6,29,True,True,True,True
SCH-900776,0.7140984069156686,376.26200000000017,1.9415,86.06,2,7,23,True,True,True,True
KETAZOCINE,0.9079145519121836,285.387,2.966600000000001,40.54,1,3,21,True,True,True,True
REGRELOR DISODIUM,0.3872352807696154,530.4340000000002,0.5339000000000014,184.84,2,12,37,False,False,False,False
MOTUGIVATREP,0.7329387703138266,403.4000000000002,4.359600000000004,58.56,2,3,29,True,True,True,True
ALILUSEM,0.6364509184800733,394.83600000000007,3.2224200000000014,96.27,1,5,26,True,True,True,True
BATOPROTAFIB,0.6819096822823504,421.9580000000003,2.1732000000000005,129.2,3,9,28,True,True,True,True
FEBANTEL,0.4594535446386474,446.4850000000002,3.122200000000001,127.35,3,8,31,True,True,True,True
AMRUBICIN,0.3321078409843014,483.4730000000002,0.6317999999999996,176.61,5,10,35,True,False,False,False
GS-6620,0.1893866609161039,644.6220000000002,1.8111800000000016,215.61,3,15,45,False,False,False,False
CARUMONAM,0.1064246677749918,466.41000000000014,-2.875699999999997,253.9,5,12,30,False,False,False,False
CETOCYCLINE,0.3465303186005653,411.4100000000002,1.2650399999999995,158.14999999999998,5,8,30,True,False,True,False
THIOCOLCHICOSIDE,0.3021615041785592,563.6250000000002,0.7549999999999994,164.01000000000002,5,11,39,False,False,False,False
CHLORSULFAQUINOXALINE,0.717438918418071,334.78800000000007,2.666200000000001,97.97,2,5,22,True,True,True,True
ALOXISTATIN,0.4561046117139158,342.4360000000001,1.0101000000000002,97.03,2,5,24,True,True,True,True
AR-67,0.3377742375139723,478.6210000000002,3.500700000000002,101.65,2,7,34,True,True,False,True
ZELATRIAZIN,0.7213685204998176,392.3370000000001,2.5675,86.11,1,6,28,True,True,True,True
SEPIMOSTAT,0.2430786753806066,373.4160000000001,2.714170000000001,112.59000000000002,4,6,28,True,True,True,True
LINIFANIB,0.4098564168765686,375.40700000000015,4.903620000000003,95.83,4,3,28,True,True,True,True
IMDATIFAN,0.7536410738639249,385.263,4.832280000000003,53.25,1,3,27,True,True,True,True
SABIZABULIN,0.4988325936108331,377.40000000000015,3.8148000000000017,89.23,2,5,28,True,True,True,True
KRN5500,0.0718634681054248,589.6940000000002,0.4188000000000025,214.84,8,11,42,False,False,False,False
SULFACECOLE,0.7950409449455467,339.3730000000001,1.7588199999999998,110.53,2,6,23,True,True,True,True
ELUBRIXIN,0.521337481647953,463.3180000000001,3.0760000000000005,110.77,4,5,29,True,True,True,True
IZUFORANT,0.7490229607377519,334.1810000000001,0.8429999999999997,71.24,1,7,20,True,True,True,True
XIPAMIDE,0.7862751201178846,354.81500000000005,2.5621400000000008,109.49,3,4,23,True,True,True,True
GLPG-1205,0.7650405992430029,378.4280000000001,2.022099999999999,62.580000000000005,0,6,28,True,True,True,True
ROVAFOVIR ETALAFENAMIDE,0.3082324064269289,506.43100000000015,2.904200000000001,152.70999999999998,2,11,35,False,False,False,False
ESFLURBIPROFEN,0.8937504426107861,244.265,3.6808000000000014,37.3,1,1,18,True,True,False,True
EVETIFATOR,0.6788369933531812,457.8360000000002,3.8747000000000025,86.48,1,6,31,True,True,True,True
FOSDESDENOSINE SIPALABENAMIDE,0.1785853820545412,568.5270000000004,2.982100000000001,172.93999999999997,3,12,40,False,False,False,False
TREPROSTINIL PHOSPHATE,0.1678403588024405,550.4780000000003,3.8172000000000055,180.05,5,6,36,False,False,False,False
LY-2334737,0.6173360459559178,389.39900000000006,1.2840999999999998,113.68000000000002,3,7,27,True,True,True,True
VERINURAD,0.690067484555994,348.4270000000001,4.728780000000004,73.98,1,4,25,True,True,True,True
SB-705498,0.7669326479359252,429.24000000000007,4.263300000000003,57.260000000000005,2,3,26,True,True,True,True
THENIUM CLOSYLATE,0.3855433906718865,454.01300000000015,4.647600000000005,66.43,0,5,29,True,True,True,True
EPIGALOCATECHIN GALLATE,0.2115032367203033,458.37500000000017,2.233199999999999,197.37,8,11,33,False,False,True,False
ASN007,0.4822130957597865,473.94000000000017,2.78392,119.98,3,8,33,True,True,True,True
FLURBIPROFEN,0.8937504426107861,244.265,3.6808000000000014,37.3,1,1,18,True,True,False,True
CENTHAQUINE CITRATE,0.3293783927403211,523.5860000000005,2.65942,151.5,4,7,38,False,False,False,False
BIIB-028,0.2161578209749512,465.8340000000002,2.5865400000000003,145.61,3,8,31,True,False,True,False
AMOXYDRAMINE CAMSILATE,0.3198367705974742,503.6610000000002,4.6364000000000045,103.73,1,5,35,False,True,False,True
TOREZOLID PHOSPHATE DISODIUM,0.4784839534822249,448.3070000000001,0.2486999999999994,158.45,0,11,31,False,False,True,False
CEFAZAFLUR,0.423641358501966,470.4800000000001,0.2938000000000003,130.31,2,10,29,True,True,True,True
ESAFLOXACIN,0.866876768897343,320.324,0.7911000000000002,101.45,2,6,23,True,True,True,True
LORNOXICAM,0.8432700407675219,371.82700000000006,2.2959,99.6,2,6,23,True,True,True,True
ORC-13661,0.7436282682607955,390.8960000000002,3.8358000000000017,87.46000000000001,3,4,26,True,True,True,True
REGRELOR,0.310835201080024,532.4500000000002,1.7978999999999998,179.17999999999995,4,10,37,False,False,False,False
BREQUINAR,0.4883408069110823,375.3740000000001,5.853620000000004,50.19,1,2,28,False,True,False,False
METRIFUDIL,0.5065035378679864,371.3970000000001,0.3583199999999998,125.55,4,9,27,True,True,True,True
TARENFLURBIL,0.8937504426107861,244.265,3.6808000000000014,37.3,1,1,18,True,True,False,True
BINODENOSON,0.3483226288476352,391.432,-0.0020000000000002,163.92999999999998,5,11,28,False,False,True,False
AMINOQUINURIDE,0.4201757694836355,372.4320000000001,4.208240000000001,118.95,4,5,28,True,True,True,True
PIROMIDIC ACID,0.9098308936398074,288.307,1.1098,88.32,1,6,21,True,True,True,True
NIKKOMYCIN,0.1777393211410788,495.44500000000016,-3.477199999999997,250.31999999999996,8,12,35,False,False,False,False
DENOTIVIR,0.7030695649325096,371.8490000000001,4.6095200000000025,71.09,2,4,25,True,True,True,True
GAVESTINEL,0.5717894634646971,375.21100000000007,4.824800000000002,82.19,3,2,25,True,True,True,True
TERODILINE,0.8142368841249362,281.44300000000004,4.985200000000004,12.03,1,1,21,True,True,True,True
SLC-391,0.7147925518228279,365.44100000000014,2.4543,107.68,2,8,27,True,True,True,True
TEOPRANITOL,0.3159815178732615,410.38700000000017,-1.843499999999996,144.68,1,12,29,False,False,False,False
IMANIXIL,0.7407413680588583,394.3570000000001,2.6381,113.24,3,5,28,True,True,True,True
TANSHINONE IIA SULFONIC ACID,0.6054533153008279,374.4140000000002,3.494620000000003,101.65,1,5,26,True,True,True,True
ETHYL BISCOUMACETATE,0.3896681148467795,408.36200000000014,3.005600000000002,127.18,2,8,30,True,True,True,True
AMLEXANOX,0.7044218634482015,298.298,2.745,106.42000000000002,2,5,22,True,True,True,True
SCARLET RED,0.3579882549863993,380.45100000000014,7.993040000000006,69.67,1,5,29,False,True,False,False
TRIMETHYLDIPHENYLPROPYLAMINE,0.7731435104738644,253.389,4.158700000000003,3.24,0,1,19,True,True,False,True
PHTHALYLSULFAMETHIZOLE,0.559090253467234,418.4560000000001,2.5978200000000005,138.35,3,7,28,True,True,True,True
PHTHALYLSULFATHIAZOLE,0.5810257107632802,403.4410000000001,2.894400000000001,125.46,3,6,27,True,True,True,True
IBROLIPIM,0.5478252118979811,451.2570000000002,5.339180000000004,88.42,1,5,27,False,True,True,True
ENDIXAPRINE,0.9196193132420848,324.21100000000007,3.411500000000002,49.25,1,4,21,True,True,True,True
PICOPHOSPHORIC ACID,0.4092633232048525,437.2810000000001,3.204800000000003,146.41000000000005,4,5,29,True,False,True,False
BEZUCLASTINIB,0.5331717732905678,331.3790000000001,3.822140000000002,86.46000000000001,3,3,25,True,True,True,True
AMPIROXICAM,0.5292289566712126,447.46900000000016,2.558700000000001,124.13,1,8,31,True,True,True,True
TERAZOSIN,0.8306226664509899,387.44000000000017,1.0567999999999995,103.04,1,8,28,True,True,True,True
OCHROMYCINONE,0.6929239895185078,306.31700000000006,2.9326000000000016,71.44,1,4,23,True,True,True,True
ZINDOTRINE,0.7244924550129292,217.27600000000004,1.42302,46.32000000000001,0,5,16,True,True,False,True
SODIUM TANSHINONE IIA SULFONATE,0.5616123847217248,373.4060000000002,3.152020000000002,104.48,0,6,26,True,True,True,True
TENOFOVIR DISOPROXIL ASPARTATE,0.1143039957359804,652.5510000000002,1.9086000000000016,286.06,4,18,44,False,False,False,False
PIROXICAM,0.8701839218107902,331.35300000000007,1.5809999999999995,99.6,2,5,23,True,True,True,True
DEMIDITRAZ,0.7920749783499234,200.285,3.1783400000000013,28.68,1,1,15,True,True,False,True
TRICLOFENOL PIPERAZINE,0.3552109199305941,481.0340000000002,5.884000000000003,64.52,4,4,26,False,True,False,False
FODIPIR,0.1073569416656007,638.4600000000003,0.1966399999999996,280.84,8,12,42,False,False,False,False
IMCARBOFOS,0.2099490826830251,528.5300000000003,4.630200000000004,128.41000000000005,4,9,32,False,False,False,False
TRICIRIBINE PHOSPHATE,0.3652259943893365,400.28800000000007,-1.7700999999999991,188.78,5,11,27,False,False,False,False
SULFACHLORPYRIDAZINE,0.8326880167775934,284.728,1.513,97.97,2,5,18,True,True,False,True
PROPAZOLAMIDE,0.6885054901589857,236.278,-0.4659999999999999,115.04,2,6,14,True,True,False,True
ANDOLAST,0.5113688896258962,333.315,1.2990999999999997,138.02,3,7,25,True,True,True,True
TAUROSELCHOLIC ACID,0.2139938960250169,594.6730000000003,2.128700000000001,144.16,5,6,36,False,False,False,False
