repurposing_id,chembl_id,name,canonical_smiles,inchi_key,mw,max_phase,atc_code,source_phase,source_atc_l1,source_atc_l2,library_panel,benchmark_ref,mol_type,structure_type,p_active_nlrp3,nlrp3_percentile,nlrp3_pred_active,max_tanimoto_nlrp3_train,scaffold,rank_nlrp3
REP_01278,CHEMBL94657,PATUPILONE,C/C(=C\c1csc(C)n1)[C@@H]1C[C@@H]2O[C@]2(C)CCC[C@H](C)[C@H](O)[C@@H](C)C(=O)C(C)(C)[C@@H](O)CC(=O)O1,QXRSDHAAWVKZLJ-PVYNADRNSA-N,507.69,3.0,,True,False,False,phase_only,,Small molecule,MOL,1.0,98.36321122369446,True,,O=C1CCCCCCC2OC2CC(C=Cc2cscn2)OC(=O)CCC1,1
REP_00951,CHEMBL415049,BARASERTIB,CCN(CCCOc1ccc2c(Nc3cc(CC(=O)Nc4cccc(F)c4)[nH]n3)ncnc2c1)CCOP(=O)(O)O,GBJVVSCPOBPEIT-UHFFFAOYSA-N,587.55,3.0,,True,False,False,phase_only,,Small molecule,MOL,1.0,98.36321122369446,True,,O=C(Cc1cc(Nc2ncnc3ccccc23)n[nH]1)Nc1ccccc1,2
REP_00956,CHEMBL4204869,ELENBECESTAT,C[C@H]1OC[C@]2(c3cc(NC(=O)c4cnc(C(F)F)cn4)ccc3F)N=C(N)SC[C@H]12,AACUJFVOHGRMTR-DPXNYUHVSA-N,437.45,3.0,,True,False,False,phase_only,,Small molecule,MOL,1.0,98.36321122369446,True,,O=C(Nc1cccc(C23COCC2CSC=N3)c1)c1cnccn1,3
REP_00959,CHEMBL4285417,CERALASERTIB,C[C@@H]1COCCN1c1cc(C2([S@](C)(=N)=O)CC2)nc(-c2cc[nH]c3nccc2-3)n1,OHUHVTCQTUDPIJ-JYCIKRDWSA-N,412.52,3.0,,True,False,False,phase_only,,Small molecule,MOL,1.0,98.36321122369446,True,,c1cc2c(-c3nc(C4CC4)cc(N4CCOCC4)n3)cc[nH]c-2n1,4
REP_00963,CHEMBL4292264,MILADEMETAN,CC1(C)CCC2(CC1)N[C@@H](C(=O)N[C@@H]1CC[C@@H](C(N)=O)OC1)[C@H](c1ccnc(Cl)c1F)[C@]21C(=O)Nc2cc(Cl)ccc21,RYAYYVTWKAOAJF-QISPRATLSA-N,618.54,3.0,,True,False,False,phase_only,,Small molecule,MOL,1.0,98.36321122369446,True,,O=C(NC1CCCOC1)C1NC2(CCCCC2)C2(C(=O)Nc3ccccc32)C1c1ccncc1,5
REP_00971,CHEMBL4297262,ICOMIDOCHOLIC ACID,CCCCCCCCCCCCCCCCCCCC(=O)N[C@H]1CC[C@@]2(C)[C@@H](C1)C[C@@H](O)[C@@H]1[C@@H]2C[C@H](O)[C@]2(C)[C@@H]([C@H](C)CCC(=O)O)CC[C@@H]12,SHKXZIQNFMOPBS-OOMQYRRCSA-N,702.12,3.0,,True,False,False,phase_only,,Small molecule,MOL,1.0,98.36321122369446,True,,C1CCC2C(C1)CCC1C3CCCC3CCC21,6
REP_00274,CHEMBL376359,ALOGLIPTIN,Cn1c(=O)cc(N2CCC[C@@H](N)C2)n(Cc2ccccc2C#N)c1=O,ZSBOMTDTBDDKMP-OAHLLOKOSA-N,339.4,4.0,,False,True,True,primary_atc_phase,,Small molecule,MOL,1.0,98.36321122369446,True,,O=c1cc(N2CCCCC2)n(Cc2ccccc2)c(=O)[nH]1,7
REP_00677,CHEMBL2107308,ACOTIAMIDE HYDROCHLORIDE,COc1cc(O)c(C(=O)Nc2nc(C(=O)NCCN(C(C)C)C(C)C)cs2)cc1OC,TWHZNAUBXFZMCA-UHFFFAOYSA-N,450.56,3.0,,True,False,False,phase_only,,Small molecule,MOL,1.0,98.36321122369446,True,,O=C(Nc1nccs1)c1ccccc1,8
REP_00994,CHEMBL4297490,CM-4307,[2H]C([2H])([2H])NC(=O)c1cc(Oc2ccc(NC(=O)Nc3ccc(Cl)c(C(F)(F)F)c3)cc2)ccn1,MLDQJTXFUGDVEO-FIBGUPNXSA-N,467.85,3.0,,True,False,False,phase_only,,Small molecule,MOL,1.0,98.36321122369446,True,,O=C(Nc1ccccc1)Nc1ccc(Oc2ccncc2)cc1,9
REP_00995,CHEMBL4297502,AVORALSTAT,C=Cc1cc(C(=O)Nc2ccc(C(=N)N)cc2)c(-c2ccc(C(=O)NCC3CC3)nc2C(=O)O)cc1OC,TUWMKPVJGGWGNL-UHFFFAOYSA-N,513.55,3.0,,True,False,False,phase_only,,Small molecule,MOL,1.0,98.36321122369446,True,,O=C(NCC1CC1)c1ccc(-c2ccccc2C(=O)Nc2ccccc2)cn1,10
REP_00642,CHEMBL2104956,BEMOTRIZINOL,CCCCC(CC)COc1ccc(-c2nc(-c3ccc(OC)cc3)nc(-c3ccc(OCC(CC)CCCC)cc3O)n2)c(O)c1,XVAMCHGMPYWHNL-UHFFFAOYSA-N,627.83,3.0,,True,False,False,phase_only,,Small molecule,MOL,1.0,98.36321122369446,True,,c1ccc(-c2nc(-c3ccccc3)nc(-c3ccccc3)n2)cc1,11
REP_01000,CHEMBL4297508,DORZAGLIATIN,CC(C)C[C@@H](C(=O)Nc1ccn(C[C@@H](O)CO)n1)N1CC(Oc2ccccc2Cl)=CC1=O,HMUMWSORCUWQJO-QAPCUYQASA-N,462.93,3.0,,True,True,True,primary_atc_phase,,Small molecule,MOL,1.0,98.36321122369446,True,,O=C(CN1CC(Oc2ccccc2)=CC1=O)Nc1cc[nH]n1,12
REP_01191,CHEMBL5314459,FAZAMOREXANT,Cc1ccc(-c2ncccn2)c(C(=O)N2[C@H]3CC[C@@H](COc4ccc(F)cn4)[C@@H]2CC3)c1,PMJPLAGTPPVSRL-JLMWRMLUSA-N,432.5,3.0,,True,False,False,phase_only,,Small molecule,MOL,1.0,98.36321122369446,True,,O=C(c1ccccc1-c1ncccn1)N1C2CCC(COc3ccccn3)C1CC2,13
REP_01027,CHEMBL4297849,BAMOCAFTOR,C[C@@H]1CN(c2nc(-n3ccc(OCCC4(C(F)(F)F)CC4)n3)ccc2C(=O)NS(=O)(=O)c2ccccc2)C(C)(C)C1,IGEOJNMYRZUKIK-IBGZPJMESA-N,591.66,3.0,,True,False,False,phase_only,,Small molecule,MOL,1.0,98.36321122369446,True,,O=C(NS(=O)(=O)c1ccccc1)c1ccc(-n2ccc(OCCC3CC3)n2)nc1N1CCCC1,14
REP_01157,CHEMBL5095183,IMLUNESTRANT,Oc1ccc2c3c(cnc2c1)-c1ccc(C(F)(F)F)cc1O[C@@H]3c1ccc(OCCN2CC(CF)C2)cc1,UVBQMXOKKDCBJN-MUUNZHRXSA-N,524.51,3.0,,True,False,False,phase_only,,Small molecule,MOL,1.0,98.36321122369446,True,,c1ccc2c(c1)OC(c1ccc(OCCN3CCC3)cc1)c1c-2cnc2ccccc12,15
REP_01049,CHEMBL444929,SQUALAMINE,CC(C)[C@@H](CC[C@@H](C)[C@H]1CC[C@H]2[C@@H]3[C@H](O)C[C@H]4C[C@@H](NCCCNCCCCN)CC[C@]4(C)[C@H]3CC[C@]12C)OS(=O)(=O)O,UIRKNQLZZXALBI-MSVGPLKSSA-N,627.98,3.0,,True,False,False,phase_only,,Small molecule,MOL,1.0,98.36321122369446,True,,C1CCC2C(C1)CCC1C3CCCC3CCC21,16
REP_01155,CHEMBL5095105,LORUNDROSTAT,CC(=O)N[C@H]1CC[C@H](NC(=O)CN2CCN(c3nncc(-c4ccc(C)cc4)n3)CC2)CC1,YHGVDZULVMINCJ-MEMLXQNLSA-N,451.58,3.0,,True,False,False,phase_only,,Small molecule,MOL,1.0,98.36321122369446,True,,O=C(CN1CCN(c2nncc(-c3ccccc3)n2)CC1)NC1CCCCC1,17
REP_01052,CHEMBL4475463,AMCENESTRANT,O=C(O)c1ccc2c(c1)CCCC(c1ccc(Cl)cc1Cl)=C2c1ccc(O[C@H]2CCN(CCCF)C2)cc1,KISZAGQTIXIVAR-VWLOTQADSA-N,554.49,3.0,,True,False,False,phase_only,,Small molecule,MOL,1.0,98.36321122369446,True,,c1ccc(C2=C(c3ccc(OC4CCNC4)cc3)c3ccccc3CCC2)cc1,18
REP_01054,CHEMBL4483575,REMIBRUTINIB,C=CC(=O)N(C)CCOc1c(N)ncnc1-c1cc(F)cc(NC(=O)c2ccc(C3CC3)cc2F)c1C,CUABMPOJOBCXJI-UHFFFAOYSA-N,507.54,3.0,,True,False,False,phase_only,,Small molecule,MOL,1.0,98.36321122369446,True,,O=C(Nc1cccc(-c2ccncn2)c1)c1ccc(C2CC2)cc1,19
REP_01061,CHEMBL4583691,NAPORAFENIB,Cc1ccc(NC(=O)c2ccnc(C(F)(F)F)c2)cc1-c1cc(OCCO)nc(N2CCOCC2)c1,UEPXBTCUIIGYCY-UHFFFAOYSA-N,502.49,3.0,,True,False,False,phase_only,,Small molecule,MOL,1.0,98.36321122369446,True,,O=C(Nc1cccc(-c2ccnc(N3CCOCC3)c2)c1)c1ccncc1,20
REP_00600,CHEMBL2035874,EPROTIROME,CC(C)c1cc(Oc2c(Br)cc(NC(=O)CC(=O)O)cc2Br)ccc1O,VPCSYAVXDAUHLT-UHFFFAOYSA-N,487.14,3.0,,True,False,False,phase_only,,Small molecule,MOL,1.0,98.36321122369446,True,,c1ccc(Oc2ccccc2)cc1,21
REP_00580,CHEMBL1922235,DAREXABAN,COc1ccc(C(=O)Nc2cccc(O)c2NC(=O)c2ccc(N3CCCN(C)CC3)cc2)cc1,IJNIQYINMSGIPS-UHFFFAOYSA-N,474.56,3.0,,True,False,False,phase_only,,Small molecule,MOL,1.0,98.36321122369446,True,,O=C(Nc1ccccc1NC(=O)c1ccc(N2CCCNCC2)cc1)c1ccccc1,22
REP_01096,CHEMBL4650333,SERALUTINIB,COc1ccc(-c2cncc(N[C@@H](C)c3cccc(NC(=O)c4cncc(C)c4)c3)n2)cc1OC,JHJNPOSPVGRIAN-SFHVURJKSA-N,469.55,3.0,,True,False,False,phase_only,,Small molecule,MOL,1.0,98.36321122369446,True,,O=C(Nc1cccc(CNc2cncc(-c3ccccc3)n2)c1)c1cccnc1,23
REP_01110,CHEMBL4756476,NEMTABRUTINIB,O=C(c1ccc(Oc2ccccc2)cc1Cl)c1c[nH]c2ncnc(N[C@@H]3CC[C@@H](CO)OC3)c12,JSFCZQSJQXFJDS-QAPCUYQASA-N,478.94,3.0,,True,False,False,phase_only,,Small molecule,MOL,1.0,98.36321122369446,True,,O=C(c1ccc(Oc2ccccc2)cc1)c1c[nH]c2ncnc(NC3CCCOC3)c12,24
REP_01131,CHEMBL488025,EXISULIND,CC1=C(CC(=O)O)c2cc(F)ccc2/C1=C\c1ccc(S(C)(=O)=O)cc1,MVGSNCBCUWPVDA-MFOYZWKCSA-N,372.42,3.0,,True,False,False,phase_only,,Small molecule,MOL,1.0,98.36321122369446,True,,C1=Cc2ccccc2C1=Cc1ccccc1,25
REP_01115,CHEMBL4802157,ELINZANETANT,Cc1cc(F)ccc1-c1cc(N2C[C@H]3COCCN3C[C@H]2CO)ncc1N(C)C(=O)C(C)(C)c1cc(C(F)(F)F)cc(C(F)(F)F)c1,DWRIJNIPBUFCQS-DQEYMECFSA-N,668.65,3.0,,True,False,False,phase_only,,Small molecule,MOL,1.0,98.36321122369446,True,,O=C(Cc1ccccc1)Nc1cnc(N2CCN3CCOCC3C2)cc1-c1ccccc1,26
REP_01022,CHEMBL4297639,LORECIVIVINT,CC(C)CC(=O)Nc1cncc(-c2ccc3[nH]nc(-c4nc5cncc(-c6cccc(F)c6)c5[nH]4)c3c2)c1,AQDWDWAYVBQMAM-UHFFFAOYSA-N,505.56,3.0,,True,False,False,phase_only,,Small molecule,MOL,1.0,98.36321122369446,True,,c1ccc(-c2cncc3nc(-c4n[nH]c5ccc(-c6cccnc6)cc45)[nH]c23)cc1,27
REP_00359,CHEMBL790,CHLORHEXIDINE,N=C(NCCCCCCNC(=N)NC(=N)Nc1ccc(Cl)cc1)NC(=N)Nc1ccc(Cl)cc1,GHXZTYHSJHQHIJ-UHFFFAOYSA-N,505.46,4.0,,False,True,False,primary_atc_phase,,Small molecule,MOL,1.0,98.36321122369446,True,,N=C(NCCCCCCNC(=N)NC(=N)Nc1ccccc1)NC(=N)Nc1ccccc1,28
REP_01122,CHEMBL483158,ALISERTIB,COc1cc(Nc2ncc3c(n2)-c2ccc(Cl)cc2C(c2c(F)cccc2OC)=NC3)ccc1C(=O)O,ZLHFILGSQDJULK-UHFFFAOYSA-N,518.93,3.0,,True,False,False,phase_only,,Small molecule,MOL,1.0,98.36321122369446,True,,c1ccc(Nc2ncc3c(n2)-c2ccccc2C(c2ccccc2)=NC3)cc1,29
REP_01244,CHEMBL6068536,ASK-120067,C=CC(=O)Nc1cc(Nc2ncc(Cl)c(Nc3ccc4ccccc4c3)n2)c(OC)cc1N(C)CCN(C)C,QHPVTCLSVVUPOF-UHFFFAOYSA-N,546.08,3.0,,True,False,False,phase_only,,Small molecule,MOL,1.0,98.36321122369446,True,,c1ccc(Nc2nccc(Nc3ccc4ccccc4c3)n2)cc1,30
REP_01232,CHEMBL592445,GEDATOLISIB,CN(C)C1CCN(C(=O)c2ccc(NC(=O)Nc3ccc(-c4nc(N5CCOCC5)nc(N5CCOCC5)n4)cc3)cc2)CC1,DWZAEMINVBZMHQ-UHFFFAOYSA-N,615.74,3.0,,True,False,False,phase_only,,Small molecule,MOL,1.0,98.36321122369446,True,,O=C(Nc1ccc(C(=O)N2CCCCC2)cc1)Nc1ccc(-c2nc(N3CCOCC3)nc(N3CCOCC3)n2)cc1,31
REP_00173,CHEMBL175247,ORLISTAT,CCCCCCCCCCC[C@@H](C[C@@H]1OC(=O)[C@H]1CCCCCC)OC(=O)[C@H](CC(C)C)NC=O,AHLBNYSZXLDEJQ-FWEHEUNISA-N,495.75,4.0,,False,True,False,primary_atc_phase,,Small molecule,MOL,1.0,98.36321122369446,True,,O=C1CCO1,32
REP_01252,CHEMBL68055,ACOLBIFENE,CC1=C(c2ccc(O)cc2)[C@H](c2ccc(OCCN3CCCCC3)cc2)Oc2cc(O)ccc21,DUYNJNWVGIWJRI-LJAQVGFWSA-N,457.57,3.0,,True,False,False,phase_only,,Small molecule,MOL,1.0,98.36321122369446,True,,C1=C(c2ccccc2)C(c2ccc(OCCN3CCCCC3)cc2)Oc2ccccc21,33
REP_00913,CHEMBL3989689,SQUALAMINE LACTATE,CC(C)[C@@H](CC[C@@H](C)[C@H]1CC[C@H]2[C@@H]3[C@H](O)C[C@H]4C[C@@H](NCCCNCCCCN)CC[C@]4(C)[C@H]3CC[C@]12C)OS(=O)(=O)O.C[C@H](O)C(=O)O,JMNXSNUXDHHTKQ-QVMSTPCGSA-N,718.06,3.0,,True,False,False,phase_only,,Small molecule,MOL,1.0,98.36321122369446,True,,C1CCC2C(C1)CCC1C3CCCC3CCC21,34
REP_00806,CHEMBL3114577,ZALUNFIBAN,NCC(=O)Nc1cncc(-c2nn3c(=O)cc(N4CCNCC4)nc3s2)c1,LTVKZVGAALCRFW-UHFFFAOYSA-N,386.44,3.0,,True,False,False,phase_only,,Small molecule,MOL,1.0,98.36321122369446,True,,O=c1cc(N2CCNCC2)nc2sc(-c3cccnc3)nn12,35
REP_00751,CHEMBL2402737,IDASANUTLIN,COc1cc(C(=O)O)ccc1NC(=O)[C@@H]1N[C@@H](CC(C)(C)C)[C@](C#N)(c2ccc(Cl)cc2F)[C@H]1c1cccc(Cl)c1F,TVTXCJFHQKSQQM-LJQIRTBHSA-N,616.49,3.0,,True,False,False,phase_only,,Small molecule,MOL,1.0,98.36321122369446,True,,O=C(Nc1ccccc1)C1NCC(c2ccccc2)C1c1ccccc1,36
REP_00747,CHEMBL2387080,TASELISIB,Cc1nc(-c2cn3c(n2)-c2ccc(-c4cnn(C(C)(C)C(N)=O)c4)cc2OCC3)n(C(C)C)n1,BEUQXVWXFDOSAQ-UHFFFAOYSA-N,460.54,3.0,,True,False,False,phase_only,,Small molecule,MOL,1.0,98.36321122369446,True,,c1n[nH]c(-c2cn3c(n2)-c2ccc(-c4cn[nH]c4)cc2OCC3)n1,37
REP_00833,CHEMBL3318007,PIMODIVIR,O=C(O)[C@H]1C2CCC(CC2)[C@@H]1Nc1nc(-c2c[nH]c3ncc(F)cc23)ncc1F,JGPXDNKSIXAZEQ-SBBZOCNPSA-N,399.4,3.0,,True,False,False,phase_only,,Small molecule,MOL,1.0,98.36321122369446,True,,c1cnc2[nH]cc(-c3nccc(NC4CC5CCC4CC5)n3)c2c1,38
REP_00873,CHEMBL3647420,PYROTINIB,CCOc1cc2ncc(C#N)c(Nc3ccc(OCc4ccccn4)c(Cl)c3)c2cc1NC(=O)/C=C/[C@H]1CCCN1C,SADXACCFNXBCFY-IYNHSRRRSA-N,583.09,3.0,,True,False,False,phase_only,,Small molecule,MOL,1.0,98.36321122369446,True,,O=C(C=CC1CCCN1)Nc1ccc2nccc(Nc3ccc(OCc4ccccn4)cc3)c2c1,39
REP_01208,CHEMBL5314961,OCEDURENONE,N#Cc1ccc(N2N=C3c4ccc(C(=O)N5CCC(O)CC5)nc4CC[C@@H]3[C@@H]2C2CCCC2)cc1Cl,UXHQLGLGLZKHTC-CUNXSJBXSA-N,504.03,3.0,,True,False,False,phase_only,,Small molecule,MOL,1.0,98.36321122369446,True,,O=C(c1ccc2c(n1)CCC1C2=NN(c2ccccc2)C1C1CCCC1)N1CCCCC1,40
REP_00725,CHEMBL220360,TARANABANT,C[C@H](NC(=O)C(C)(C)Oc1ccc(C(F)(F)F)cn1)[C@@H](Cc1ccc(Cl)cc1)c1cccc(C#N)c1,QLYKJCMUNUWAGO-GAJHUEQPSA-N,515.96,3.0,,True,False,False,phase_only,,Small molecule,MOL,1.0,98.36321122369446,True,,O=C(COc1ccccn1)NCC(Cc1ccccc1)c1ccccc1,41
REP_00730,CHEMBL223360,LINIFANIB,Cc1ccc(F)c(NC(=O)Nc2ccc(-c3cccc4[nH]nc(N)c34)cc2)c1,MPVGZUGXCQEXTM-UHFFFAOYSA-N,375.41,3.0,,True,False,False,phase_only,,Small molecule,MOL,1.0,98.36321122369446,True,,O=C(Nc1ccccc1)Nc1ccc(-c2cccc3[nH]ncc23)cc1,42
REP_00853,CHEMBL3545043,ASAPIPRANT,CC(C)Oc1ccc(S(=O)(=O)N2CCN(c3ccc(-c4ncco4)c(OCC(=O)O)c3)CC2)cc1,ZMZNWNTZRWXTJU-UHFFFAOYSA-N,501.56,3.0,,True,False,False,phase_only,,Small molecule,MOL,1.0,98.36321122369446,True,,O=S(=O)(c1ccccc1)N1CCN(c2ccc(-c3ncco3)cc2)CC1,43
REP_01119,CHEMBL481611,ODANACATIB,CC(C)(F)C[C@H](N[C@@H](c1ccc(-c2ccc(S(C)(=O)=O)cc2)cc1)C(F)(F)F)C(=O)NC1(C#N)CC1,FWIVDMJALNEADT-SFTDATJTSA-N,525.57,3.0,,True,False,False,phase_only,,Small molecule,MOL,0.94844246,96.64848012470772,True,,O=C(CNCc1ccc(-c2ccccc2)cc1)NC1CC1,44
REP_00945,CHEMBL4112929,MILVEXIAN,C[C@@H]1CCC[C@H](n2cnc(-c3cc(Cl)ccc3-n3cc(Cl)nn3)cc2=O)c2cc(ccn2)-c2c(cnn2C(F)F)NC1=O,FSWFYCYPTDLKON-CMJOXMDJSA-N,626.46,3.0,,True,False,False,phase_only,,Small molecule,MOL,0.91666675,95.28448947778644,True,,O=C1CCCCC(n2cnc(-c3ccccc3-n3ccnn3)cc2=O)c2cc(ccn2)-c2[nH]ncc2N1,45
REP_00934,CHEMBL4065122,FENEBRUTINIB,C[C@H]1CN(C2COC2)CCN1c1ccc(Nc2cc(-c3ccnc(N4CCn5c(cc6c5CC(C)(C)C6)C4=O)c3CO)cn(C)c2=O)nc1,WNEODWDFDXWOLU-QHCPKHFHSA-N,664.81,3.0,,True,False,False,phase_only,,Small molecule,MOL,0.91666675,95.28448947778644,True,,O=C1c2cc3c(n2CCN1c1cc(-c2c[nH]c(=O)c(Nc4ccc(N5CCN(C6COC6)CC5)cn4)c2)ccn1)CCC3,46
REP_00260,CHEMBL339427,TUBOCURARINE,COc1cc2c3cc1Oc1cc(ccc1O)C[C@@H]1c4c(cc(OC)c(O)c4Oc4ccc(cc4)C[C@@H]3N(C)CC2)CC[N+]1(C)C,JFJZZMVDLULRGK-URLMMPGGSA-O,609.74,4.0,,False,True,False,primary_atc_phase,,Small molecule,MOL,0.91666675,95.28448947778644,True,,c1cc2cc(c1)Oc1ccc3c(c1)C(Cc1ccc(cc1)Oc1cccc4c1C(C2)[NH2+]CC4)NCC3,47
REP_00920,CHEMBL3989918,INGENOL DISOXATE,CCc1noc(CC)c1C(=O)O[C@H]1C(C)=C[C@]23C(=O)[C@@H](C=C(CO)[C@@H](O)[C@]12O)[C@H]1[C@@H](C[C@H]3C)C1(C)C,GLIUZQUNUNICGS-XUBYYPQFSA-N,499.6,3.0,,True,False,False,phase_only,,Small molecule,MOL,0.91666675,95.28448947778644,True,,O=C(OC1C=CC23CCC4CC4C(C=CCC12)C3=O)c1cnoc1,48
REP_01102,CHEMBL4650365,CAMIZESTRANT,C[C@@H]1Cc2c(ccc3[nH]ncc23)[C@@H](c2ccc(NC3CN(CCCF)C3)cn2)N1CC(F)(F)F,WDHOIABIERMLGY-CMJOXMDJSA-N,476.52,3.0,,True,False,False,phase_only,,Small molecule,MOL,0.91666675,95.28448947778644,True,,c1cc(C2NCCc3c2ccc2[nH]ncc32)ncc1NC1CNC1,49
REP_00918,CHEMBL3989904,CETHROMYCIN,CC[C@H]1OC(=O)[C@H](C)C(=O)[C@H](C)[C@@H](O[C@@H]2O[C@H](C)C[C@H](N(C)C)[C@H]2O)[C@](C)(OCC=Cc2cnc3ccccc3c2)C[C@@H](C)C(=O)[C@H](C)[C@H]2NC(=O)O[C@@]21C,PENDGIOBPJLVBT-AMXFZXBBSA-N,765.95,3.0,,True,False,False,phase_only,,Small molecule,MOL,0.91666675,95.28448947778644,True,,O=C1CCC(OCC=Cc2cnc3ccccc3c2)C(OC2CCCCO2)CC(=O)CC(=O)OCC2OC(=O)NC2C1,50
REP_00142,CHEMBL1524273,PHTHALYLSULFATHIAZOLE,O=C(O)c1ccccc1C(=O)Nc1ccc(S(=O)(=O)Nc2nccs2)cc1,PBMSWVPMRUJMPE-UHFFFAOYSA-N,403.44,4.0,,False,True,False,primary_atc_phase,,Small molecule,MOL,0.91666675,95.28448947778644,True,,O=C(Nc1ccc(S(=O)(=O)Nc2nccs2)cc1)c1ccccc1,51
REP_01078,CHEMBL460291,LACIDIPINE,CCOC(=O)C1=C(C)NC(C)=C(C(=O)OCC)C1c1ccccc1/C=C/C(=O)OC(C)(C)C,GKQPCPXONLDCMU-CCEZHUSRSA-N,455.55,3.0,,True,False,False,phase_only,,Small molecule,MOL,0.91666675,95.28448947778644,True,,C1=CC(c2ccccc2)C=CN1,52
REP_00789,CHEMBL286494,HYPERICIN,Cc1cc(O)c2c(=O)c3c(O)cc(O)c4c5c(O)cc(O)c6c(=O)c7c(O)cc(C)c8c1c2c(c34)c(c78)c65,BTXNYTINYBABQR-UHFFFAOYSA-N,504.45,3.0,,True,False,False,phase_only,,Small molecule,MOL,0.91666675,95.28448947778644,True,,O=c1c2cccc3c4cccc5c(=O)c6cccc7c8cccc1c8c(c23)c(c54)c67,53
REP_00601,CHEMBL2048308,FLUTAFURANOL,CNc1ccc(-c2cc3cc(O)ccc3o2)c(F)n1,MYNQXTDIPMCJCR-UHFFFAOYSA-N,258.25,3.0,,True,False,False,phase_only,,Small molecule,MOL,0.91666675,95.28448947778644,True,,c1cncc(-c2cc3ccccc3o2)c1,54
REP_01056,CHEMBL452076,CILNIDIPINE,COCCOC(=O)C1=C(C)NC(C)=C(C(=O)OC/C=C/c2ccccc2)C1c1cccc([N+](=O)[O-])c1,KJEBULYHNRNJTE-DHZHZOJOSA-N,492.53,3.0,,True,False,False,phase_only,,Small molecule,MOL,0.91666675,95.28448947778644,True,,O=C(OCC=Cc1ccccc1)C1=CNC=CC1c1ccccc1,55
REP_00762,CHEMBL250270,LERCANIDIPINE,COC(=O)C1=C(C)NC(C)=C(C(=O)OC(C)(C)CN(C)CCC(c2ccccc2)c2ccccc2)C1c1cccc([N+](=O)[O-])c1,ZDXUKAKRHYTAKV-UHFFFAOYSA-N,611.74,3.0,,True,False,False,phase_only,,Small molecule,MOL,0.91666675,95.28448947778644,True,,O=C(OCCNCCC(c1ccccc1)c1ccccc1)C1=CNC=CC1c1ccccc1,56
REP_00752,CHEMBL2403318,DELEOBUVIR,Cn1c(C2(NC(=O)c3ccc4c(C5CCCC5)c(-c5ncc(Br)cn5)n(C)c4c3)CCC2)nc2ccc(/C=C/C(=O)O)cc21,BMAIGAHXAJEULY-UKTHLTGXSA-N,653.58,3.0,,True,False,False,phase_only,,Small molecule,MOL,0.91666675,95.28448947778644,True,,O=C(NC1(c2nc3ccccc3[nH]2)CCC1)c1ccc2c(C3CCCC3)c(-c3ncccn3)[nH]c2c1,57
REP_01051,CHEMBL4468815,ZIRESOVIR,Cc1ccc2nc(N3CCS(=O)(=O)c4ccccc4C3)nc(NCC3(N)COC3)c2c1,GAAICKUTDBZCMT-UHFFFAOYSA-N,439.54,3.0,,True,False,False,phase_only,,Small molecule,MOL,0.91666675,95.28448947778644,True,,O=S1(=O)CCN(c2nc(NCC3COC3)c3ccccc3n2)Cc2ccccc21,58
REP_00697,CHEMBL2107786,TERUTROBAN,Cc1ccc2c(c1CCC(=O)O)CC[C@@H](NS(=O)(=O)c1ccc(Cl)cc1)C2,HWEOXFSBSQIWSY-MRXNPFEDSA-N,407.92,3.0,,True,False,False,phase_only,,Small molecule,MOL,0.91666675,95.28448947778644,True,,O=S(=O)(NC1CCc2ccccc2C1)c1ccccc1,59
REP_00826,CHEMBL3287379,CONTEZOLID,O=C1C=CN(c2c(F)cc(N3C[C@H](CNc4ccon4)OC3=O)c(F)c2F)CC1,SULYVXZZUMRQAX-NSHDSACASA-N,408.34,3.0,,True,False,False,phase_only,,Small molecule,MOL,0.91666675,95.28448947778644,True,,O=C1C=CN(c2ccc(N3CC(CNc4ccon4)OC3=O)cc2)CC1,60
REP_00303,CHEMBL4594217,CANAGLIFLOZIN,Cc1ccc([C@@H]2O[C@H](CO)[C@@H](O)[C@H](O)[C@H]2O)cc1Cc1ccc(-c2ccc(F)cc2)s1,XTNGUQKDFGDXSJ-ZXGKGEBGSA-N,444.52,4.0,,False,True,True,primary_atc_phase,,Small molecule,MOL,0.91666675,95.28448947778644,True,,c1ccc(-c2ccc(Cc3cccc(C4CCCCO4)c3)s2)cc1,61
REP_00715,CHEMBL2158614,FLUTAFURANOL F 18,CNc1ccc(-c2cc3cc(O)ccc3o2)c([18F])n1,MYNQXTDIPMCJCR-HUYCHCPVSA-N,257.25,3.0,,True,False,False,phase_only,,Small molecule,MOL,0.91666675,95.28448947778644,True,,c1cncc(-c2cc3ccccc3o2)c1,62
REP_01036,CHEMBL4303404,PELABRESIB,Cc1noc2c1-c1ccccc1C(c1ccc(Cl)cc1)=N[C@H]2CC(N)=O,GCWIQUVXWZWCLE-INIZCTEOSA-N,365.82,3.0,,True,False,False,phase_only,,Small molecule,MOL,0.91666675,95.28448947778644,True,,c1ccc(C2=NCc3oncc3-c3ccccc32)cc1,63
REP_00721,CHEMBL2177390,IPATASERTIB,CC(C)NC[C@@H](C(=O)N1CCN(c2ncnc3c2[C@H](C)C[C@H]3O)CC1)c1ccc(Cl)cc1,GRZXWCHAXNAUHY-NSISKUIASA-N,458.01,3.0,,True,False,False,phase_only,,Small molecule,MOL,0.91666675,95.28448947778644,True,,O=C(Cc1ccccc1)N1CCN(c2ncnc3c2CCC3)CC1,64
REP_00738,CHEMBL2316582,OLVEREMBATINIB,Cc1ccc(C(=O)Nc2ccc(CN3CCN(C)CC3)c(C(F)(F)F)c2)cc1C#Cc1cnc2[nH]ncc2c1,TZKBVRDEOITLRB-UHFFFAOYSA-N,532.57,3.0,,True,False,False,phase_only,,Small molecule,MOL,0.91666675,95.28448947778644,True,,O=C(Nc1ccc(CN2CCNCC2)cc1)c1cccc(C#Cc2cnc3[nH]ncc3c2)c1,65
REP_00819,CHEMBL3186534,RIVOCERANIB,N#CC1(c2ccc(NC(=O)c3cccnc3NCc3ccncc3)cc2)CCCC1,WPEWQEMJFLWMLV-UHFFFAOYSA-N,397.48,3.0,,True,False,False,phase_only,,Small molecule,MOL,0.91666675,95.28448947778644,True,,O=C(Nc1ccc(C2CCCC2)cc1)c1cccnc1NCc1ccncc1,66
REP_01174,CHEMBL51483,GOSSYPOL,Cc1cc2c(C(C)C)c(O)c(O)c(C=O)c2c(O)c1-c1c(C)cc2c(C(C)C)c(O)c(O)c(C=O)c2c1O,QBKSWRVVCFFDOT-UHFFFAOYSA-N,518.56,3.0,,True,False,False,phase_only,,Small molecule,MOL,0.91666675,95.28448947778644,True,,c1ccc2cc(-c3ccc4ccccc4c3)ccc2c1,67
REP_01189,CHEMBL5314430,TINENGOTINIB,Cc1[nH]nc2c1N=C(c1ccccc1Cl)c1cnc(N3CCOCC3)cc1N2,DQFCVOOFMXEPOC-UHFFFAOYSA-N,394.87,3.0,,True,False,False,phase_only,,Small molecule,MOL,0.91666675,95.28448947778644,True,,c1ccc(C2=Nc3c[nH]nc3Nc3cc(N4CCOCC4)ncc32)cc1,68
REP_01190,CHEMBL5314455,BRIGIMADLIN,Cc1c(C(=O)O)ccc2c3n(nc12)[C@@H]1[C@H](C3)N(CC2CC2)[C@@]2(C(=O)Nc3cc(Cl)ccc32)[C@H]1c1cccc(Cl)c1F,AMTXDBGKYPDTTA-SJVQGLCSSA-N,591.47,3.0,,True,False,False,phase_only,,Small molecule,MOL,0.91666675,95.28448947778644,True,,O=C1Nc2ccccc2C12C(c1ccccc1)C1C(Cc3c4ccccc4nn31)N2CC1CC1,69
REP_00472,CHEMBL1275868,AZELNIDIPINE,CC1=C(C(=O)OC(C)C)C(c2cccc([N+](=O)[O-])c2)C(C(=O)OC2CN(C(c3ccccc3)c3ccccc3)C2)=C(N)N1,ZKFQEACEUNWPMT-UHFFFAOYSA-N,582.66,3.0,,True,False,False,phase_only,,Small molecule,MOL,0.91666675,95.28448947778644,True,,O=C(OC1CN(C(c2ccccc2)c2ccccc2)C1)C1=CNC=CC1c1ccccc1,70
REP_01199,CHEMBL5314597,BIMATOPROST GRENOD,CCNC(=O)CCC/C=C/C[C@@H]1[C@@H](/C=C/[C@H](CCc2ccccc2)OC(=O)CCCCCO[N+](=O)[O-])[C@H](O)C[C@@H]1O,NTQMJNDRYSYWNJ-YVRPKJJJSA-N,574.72,3.0,,True,False,False,phase_only,,Small molecule,MOL,0.91666675,95.28448947778644,True,,C(=CC1CCCC1)CCCc1ccccc1,71
REP_01210,CHEMBL538867,PATIDEGIB,CC1=C2C[C@H]3[C@@H](CC[C@@H]4C[C@H](NS(C)(=O)=O)CC[C@@]43C)[C@@H]2CC[C@@]2(C1)O[C@@H]1C[C@H](C)CN[C@H]1[C@H]2C,HZLFFNCLTRVYJG-WWGOJCOQSA-N,504.78,3.0,,True,False,False,phase_only,,Small molecule,MOL,0.91666675,95.28448947778644,True,,C1=C2CC3C4CCCCC4CCC3C2CCC2(C1)CC1NCCCC1O2,72
REP_01145,CHEMBL5077861,OPNURASIB,C=CC(=O)N1CC2(CC(n3nc(-c4ccc5c(cnn5C)c4)c(-c4c(Cl)c(C)cc5[nH]ncc45)c3C)C2)C1,AZUYLZMQTIKGSC-UHFFFAOYSA-N,526.04,3.0,,True,False,False,phase_only,,Small molecule,MOL,0.91666675,95.28448947778644,True,,c1cc(-c2cn(C3CC4(CNC4)C3)nc2-c2ccc3[nH]ncc3c2)c2cn[nH]c2c1,73
REP_01141,CHEMBL503481,PHOSPHATIDYLCHOLINE,CCCCCCCCCCCCCCSCC(=O)OC[C@H](COP(=O)([O-])OCC[N+](C)(C)C)OC(=O)CSCCCCCCCCCCCCCC,ZZWQHNRGJQENEP-KXQOOQHDSA-N,798.19,3.0,,True,False,False,phase_only,,Small molecule,MOL,0.91666675,95.28448947778644,True,,,74
REP_00015,CHEMBL1096,AMLEXANOX,CC(C)c1ccc2oc3nc(N)c(C(=O)O)cc3c(=O)c2c1,SGRYPYWGNKJSDL-UHFFFAOYSA-N,298.3,4.0,,False,True,False,primary_atc_phase,,Small molecule,MOL,0.91666675,95.28448947778644,True,,O=c1c2ccccc2oc2ncccc12,75
REP_00552,CHEMBL1800807,ANACETRAPIB,COc1cc(F)c(C(C)C)cc1-c1ccc(C(F)(F)F)cc1CN1C(=O)O[C@H](c2cc(C(F)(F)F)cc(C(F)(F)F)c2)[C@@H]1C,MZZLGJHLQGUVPN-HAWMADMCSA-N,637.51,3.0,,True,False,False,phase_only,,Small molecule,MOL,0.91666675,95.28448947778644,True,,O=C1OC(c2ccccc2)CN1Cc1ccccc1-c1ccccc1,76
REP_01231,CHEMBL592054,IMIGLITAZAR,Cc1oc(-c2ccccc2)nc1COc1ccc(CO/N=C(\CCC(=O)O)c2ccccc2)cc1,ULVDFHLHKNJICZ-QCWLDUFUSA-N,470.53,3.0,,True,False,False,phase_only,,Small molecule,MOL,0.91666675,95.28448947778644,True,,C(=NOCc1ccc(OCc2coc(-c3ccccc3)n2)cc1)c1ccccc1,77
REP_00799,CHEMBL303933,PIPERAQUINE,Clc1ccc2c(N3CCN(CCCN4CCN(c5ccnc6cc(Cl)ccc56)CC4)CC3)ccnc2c1,UCRHFBCYFMIWHC-UHFFFAOYSA-N,535.52,3.0,,True,False,False,phase_only,,Small molecule,MOL,0.91666675,95.28448947778644,True,,c1ccc2c(N3CCN(CCCN4CCN(c5ccnc6ccccc56)CC4)CC3)ccnc2c1,78
REP_01198,CHEMBL5314576,ICLEPERTIN,C[C@@H](Oc1ccc(S(C)(=O)=O)cc1C(=O)N1C[C@@H]2C[C@]2(c2cc(C(F)(F)F)on2)C1)C(F)(F)F,MYHDQTVHHMSLEF-DDBGAENHSA-N,512.43,3.0,,True,False,False,phase_only,,Small molecule,MOL,0.9166667,90.6858924395947,True,,O=C(c1ccccc1)N1CC2CC2(c2ccon2)C1,79
REP_01197,CHEMBL5314564,SUNVOZERTINIB,C=CC(=O)Nc1cc(Nc2nccc(Nc3cc(Cl)c(F)cc3C(C)(C)O)n2)c(OC)cc1N1CC[C@@H](N(C)C)C1,BTMKEDDEMKKSEF-QGZVFWFLSA-N,584.1,3.0,,True,False,False,phase_only,,Small molecule,MOL,0.9166667,90.6858924395947,True,,c1ccc(Nc2ccnc(Nc3ccc(N4CCCC4)cc3)n2)cc1,80
REP_00231,CHEMBL230158,SELADELPAR,CCO[C@H](COc1ccc(C(F)(F)F)cc1)CSc1ccc(OCC(=O)O)c(C)c1,JWHYSEDOYMYMNM-QGZVFWFLSA-N,444.47,4.0,,False,True,False,primary_atc_phase,,Small molecule,MOL,0.9166667,90.6858924395947,True,,c1ccc(OCCCSc2ccccc2)cc1,81
REP_00921,CHEMBL3989926,SITRAVATINIB,COCCNCc1ccc(-c2cc3nccc(Oc4ccc(NC(=O)C5(C(=O)Nc6ccc(F)cc6)CC5)cc4F)c3s2)nc1,WLAVZAAODLTUSW-UHFFFAOYSA-N,629.69,3.0,,True,False,False,phase_only,,Small molecule,MOL,0.9166667,90.6858924395947,True,,O=C(Nc1ccccc1)C1(C(=O)Nc2ccc(Oc3ccnc4cc(-c5ccccn5)sc34)cc2)CC1,82
REP_00710,CHEMBL213907,THIOCOLCHICOSIDE,COc1c(O[C@@H]2O[C@H](CO)[C@@H](O)[C@H](O)[C@H]2O)cc2c(c1OC)-c1ccc(SC)c(=O)cc1[C@@H](NC(C)=O)CC2,LEQAKWQJCITZNK-AXHKHJLKSA-N,563.63,3.0,,True,True,False,primary_atc_phase,,Small molecule,MOL,0.9166667,90.6858924395947,True,,O=c1cccc2c(c1)CCCc1cc(OC3CCCCO3)ccc1-2,83
REP_00702,CHEMBL2110727,CENICRIVIROC,CCCCOCCOc1ccc(-c2ccc3c(c2)/C=C(/C(=O)Nc2ccc([S@@+]([O-])Cc4cncn4CCC)cc2)CCCN3CC(C)C)cc1,PNDKCRDVVKJPKG-WHERJAGFSA-N,696.96,3.0,,True,False,False,phase_only,,Small molecule,MOL,0.9166667,90.6858924395947,True,,O=C(Nc1ccc([SH+]Cc2cnc[nH]2)cc1)C1=Cc2cc(-c3ccccc3)ccc2NCCC1,84
REP_01194,CHEMBL5314498,ZONGERTINIB,C=CC(=O)NC1CCN(c2ncc3ncnc(Nc4ccc(Oc5ccc6c(c5)ncn6C)c(C)c4)c3n2)CC1,YSGNGFPNTLERCR-UHFFFAOYSA-N,535.61,3.0,,True,False,False,phase_only,,Small molecule,MOL,0.9166667,90.6858924395947,True,,c1nc(Nc2ccc(Oc3ccc4[nH]cnc4c3)cc2)c2nc(N3CCCCC3)ncc2n1,85
REP_00937,CHEMBL4072833,EVOBRUTINIB,C=CC(=O)N1CCC(CNc2ncnc(N)c2-c2ccc(Oc3ccccc3)cc2)CC1,QUIWHXQETADMGN-UHFFFAOYSA-N,429.52,3.0,,True,False,False,phase_only,,Small molecule,MOL,0.9166667,90.6858924395947,True,,c1ccc(Oc2ccc(-c3cncnc3NCC3CCNCC3)cc2)cc1,86
REP_00939,CHEMBL408701,TAUROLITHOCHOLIC ACID,C[C@H](CCC(=O)NCCS(=O)(=O)O)[C@H]1CC[C@H]2[C@@H]3CC[C@@H]4C[C@H](O)CC[C@]4(C)[C@H]3CC[C@]12C,QBYUNVOYXHFVKC-GBURMNQMSA-N,483.72,3.0,,True,False,False,phase_only,,Small molecule,MOL,0.9166667,90.6858924395947,True,,C1CCC2C(C1)CCC1C3CCCC3CCC21,87
REP_00159,CHEMBL1617,RIFAXIMIN,CO[C@H]1/C=C/O[C@@]2(C)Oc3c(C)c(O)c4c(O)c(c5c(nc6cc(C)ccn65)c4c3C2=O)NC(=O)/C(C)=C\C=C\[C@H](C)[C@H](O)[C@@H](C)[C@@H](O)[C@@H](C)[C@H](OC(C)=O)[C@@H]1C,NZCRJKRKKOLAOJ-XRCRFVBUSA-N,785.89,4.0,,False,True,False,primary_atc_phase,,Small molecule,MOL,0.9166667,90.6858924395947,True,,O=C1C=CC=CCCCCCCCCC=COC2Oc3ccc4cc(c5c(nc6ccccn65)c4c3C2=O)N1,88
REP_00943,CHEMBL4110551,SITOKIREN,COC(=O)NCCCn1nc([C@@H](C)N(C(=O)[C@H]2CNCCO2)C2CC2)c2ccc(C)nc21,GRTDDIZIUSADLD-CRAIPNDOSA-N,444.54,3.0,,True,False,False,phase_only,,Small molecule,MOL,0.9166667,90.6858924395947,True,,O=C(C1CNCCO1)N(Cc1n[nH]c2ncccc12)C1CC1,89
REP_00950,CHEMBL414157,TONAPOFYLLINE,CCCn1c(=O)c2[nH]c(C34CCC(CCC(=O)O)(CC3)CC4)nc2n(CCC)c1=O,ZWTVVWUOTJRXKM-UHFFFAOYSA-N,416.52,3.0,,True,False,False,phase_only,,Small molecule,MOL,0.9166667,90.6858924395947,True,,O=c1[nH]c(=O)c2[nH]c(C34CCC(CC3)CC4)nc2[nH]1,90
REP_00150,CHEMBL157101,KETOCONAZOLE,CC(=O)N1CCN(c2ccc(OCC3COC(Cn4ccnc4)(c4ccc(Cl)cc4Cl)O3)cc2)CC1,XMAYWYJOQHXEEK-UHFFFAOYSA-N,531.44,4.0,,False,True,False,primary_atc_phase,,Small molecule,MOL,0.9166667,90.6858924395947,True,,c1ccc(C2(Cn3ccnc3)OCC(COc3ccc(N4CCNCC4)cc3)O2)cc1,91
REP_00266,CHEMBL3608680,FEZOLINETANT,Cc1nsc(-c2nnc3n2CCN(C(=O)c2ccc(F)cc2)[C@@H]3C)n1,PPSNFPASKFYPMN-SECBINFHSA-N,358.4,4.0,,False,True,False,primary_atc_phase,,Small molecule,MOL,0.9166667,90.6858924395947,True,,O=C(c1ccccc1)N1CCn2c(nnc2-c2ncns2)C1,92
REP_00404,CHEMBL1088752,LOSMAPIMOD,Cc1c(F)cc(C(=O)NC2CC2)cc1-c1ccc(C(=O)NCC(C)(C)C)cn1,KKYABQBFGDZVNQ-UHFFFAOYSA-N,383.47,3.0,,True,False,False,phase_only,,Small molecule,MOL,0.9166667,90.6858924395947,True,,O=C(NC1CC1)c1cccc(-c2ccccn2)c1,93
REP_00267,CHEMBL363295,TERODILINE,CC(CC(c1ccccc1)c1ccccc1)NC(C)(C)C,UISARWKNNNHPGI-UHFFFAOYSA-N,281.44,4.0,,False,True,True,primary_atc_phase,,Small molecule,MOL,0.9166667,90.6858924395947,True,,c1ccc(Cc2ccccc2)cc1,94
REP_00961,CHEMBL428690,ALVOCIDIB,CN1CC[C@H](c2c(O)cc(O)c3c(=O)cc(-c4ccccc4Cl)oc23)[C@H](O)C1,BIIVYFLTOXDAOV-YVEFUNNKSA-N,401.85,3.0,,True,False,False,phase_only,,Small molecule,MOL,0.9166667,90.6858924395947,True,,O=c1cc(-c2ccccc2)oc2c(C3CCNCC3)cccc12,95
REP_00962,CHEMBL4288984,WITHANOLIDE D,CC1=C(C)C(=O)O[C@@H]([C@](C)(O)[C@H]2CC[C@H]3[C@@H]4C[C@H]5O[C@]56[C@@H](O)C=CC(=O)[C@]6(C)[C@H]4CC[C@]23C)C1,SASUFNRGCZMRFD-JCUIILOWSA-N,470.61,3.0,,True,False,False,phase_only,,Small molecule,MOL,0.9166667,90.6858924395947,True,,O=C1C=CCC(CC2CCC3C2CCC2C3CC3OC34CC=CC(=O)C24)O1,96
REP_00800,CHEMBL3039505,VERCIRNON SODIUM,CC(C)(C)c1ccc(S(=O)(=O)[N-]c2ccc(Cl)cc2C(=O)c2cc[n+]([O-])cc2)cc1,PSSWJOXNWMJQDM-UHFFFAOYSA-M,443.93,3.0,,True,False,False,phase_only,,Small molecule,MOL,0.9166667,90.6858924395947,True,,O=C(c1cc[nH+]cc1)c1ccccc1[N-]S(=O)(=O)c1ccccc1,97
REP_01188,CHEMBL5314428,ZANZALINTINIB,CNC(=O)c1cc2c(Oc3ccc(NC(=O)C4(C(=O)Nc5ccc(F)cc5)CC4)cc3)ccnc2cc1OC,JSPCKALGNNVYOO-UHFFFAOYSA-N,528.54,3.0,,True,False,False,phase_only,,Small molecule,MOL,0.9166667,90.6858924395947,True,,O=C(Nc1ccccc1)C1(C(=O)Nc2ccc(Oc3ccnc4ccccc34)cc2)CC1,98
REP_01184,CHEMBL5267842,PALTUSOTINE,N#Cc1cccc(-c2ccc3ncc(-c4cc(F)cc(F)c4)c(N4CCC(N)CC4)c3c2)c1O,GHILNKWBALQPDP-UHFFFAOYSA-N,456.5,3.0,,True,False,False,phase_only,,Small molecule,MOL,0.9166667,90.6858924395947,True,,c1ccc(-c2ccc3ncc(-c4ccccc4)c(N4CCCCC4)c3c2)cc1,99
REP_01181,CHEMBL5219660,JT-001,O=C(Nc1c2c(cc3c1CCC3)CCC2)NS(=O)(=O)c1cnn2c1OCCC2,KWSGPJCQWZMUQM-UHFFFAOYSA-N,402.48,3.0,,True,False,False,phase_only,,Small molecule,MOL,0.9166667,90.6858924395947,True,,O=C(Nc1c2c(cc3c1CCC3)CCC2)NS(=O)(=O)c1cnn2c1OCCC2,100
REP_00973,CHEMBL4297289,BOMEDEMSTAT,CN1CCN(C(=O)[C@H](CCCN[C@@H]2C[C@H]2c2ccc(F)cc2)NC(=O)c2ccc(-n3ccnn3)cc2)CC1,KQKBMHGOHXOHTD-KKUQBAQOSA-N,519.63,3.0,,True,False,False,phase_only,,Small molecule,MOL,0.9166667,90.6858924395947,True,,O=C(NC(CCCNC1CC1c1ccccc1)C(=O)N1CCNCC1)c1ccc(-n2ccnn2)cc1,101
REP_01178,CHEMBL519504,ALEGLITAZAR,CO[C@@H](Cc1ccc(OCCc2nc(-c3ccccc3)oc2C)c2ccsc12)C(=O)O,DAYKLWSKQJBGCS-NRFANRHFSA-N,437.52,3.0,,True,False,False,phase_only,,Small molecule,MOL,0.9166667,90.6858924395947,True,,c1ccc(-c2nc(CCOc3cccc4sccc34)co2)cc1,102
REP_00153,CHEMBL15770,SULINDAC,CC1=C(CC(=O)O)c2cc(F)ccc2/C1=C\c1ccc([S+](C)[O-])cc1,MLKXDPUZXIRXEP-MFOYZWKCSA-N,356.42,4.0,,False,True,True,primary_atc_phase,,Small molecule,MOL,0.9166667,90.6858924395947,True,,C1=Cc2ccccc2C1=Cc1ccccc1,103
REP_00035,CHEMBL1200500,BECLOMETHASONE DIPROPIONATE,CCC(=O)OCC(=O)[C@@]1(OC(=O)CC)[C@@H](C)C[C@H]2[C@@H]3CCC4=CC(=O)C=C[C@]4(C)[C@@]3(Cl)[C@@H](O)C[C@@]21C,KUVIULQEHSCUHY-XYWKZLDCSA-N,521.05,4.0,,False,True,False,primary_atc_phase,,Small molecule,MOL,0.9166667,90.6858924395947,True,,O=C1C=CC2C(=C1)CCC1C3CCCC3CCC21,104
REP_00428,CHEMBL1186894,AMRUBICIN,CC(=O)[C@]1(N)Cc2c(O)c3c(c(O)c2[C@@H](O[C@H]2C[C@H](O)[C@H](O)CO2)C1)C(=O)c1ccccc1C3=O,VJZITPJGSQKZMX-XDPRQOKASA-N,483.47,3.0,,True,False,False,phase_only,,Small molecule,MOL,0.9166667,90.6858924395947,True,,O=C1c2ccccc2C(=O)c2cc3c(cc21)CCCC3OC1CCCCO1,105
REP_00019,CHEMBL111,RIMONABANT,Cc1c(C(=O)NN2CCCCC2)nn(-c2ccc(Cl)cc2Cl)c1-c1ccc(Cl)cc1,JZCPYUJPEARBJL-UHFFFAOYSA-N,463.8,4.0,,False,True,False,primary_atc_phase,,Small molecule,MOL,0.9166667,90.6858924395947,True,,O=C(NN1CCCCC1)c1cc(-c2ccccc2)n(-c2ccccc2)n1,106
REP_00210,CHEMBL2105755,NALDEMEDINE,CC(C)(NC(=O)C1=C(O)[C@@H]2Oc3c(O)ccc4c3[C@@]23CCN(CC2CC2)[C@H](C4)[C@]3(O)C1)c1nc(-c2ccccc2)no1,AXQACEQYCPKDMV-RZAWKFBISA-N,570.65,4.0,,False,True,False,primary_atc_phase,,Small molecule,MOL,0.9166667,90.6858924395947,True,,O=C(NCc1nc(-c2ccccc2)no1)C1=CC2Oc3cccc4c3C23CCN(CC2CC2)C(C4)C3C1,107
REP_00216,CHEMBL2107826,VIBEGRON,O=C(Nc1ccc(C[C@@H]2CC[C@H]([C@H](O)c3ccccc3)N2)cc1)[C@@H]1CCc2nccc(=O)n21,DJXRIQMCROIRCZ-XOEOCAAJSA-N,444.54,4.0,,False,True,True,primary_atc_phase,,Small molecule,MOL,0.9166667,90.6858924395947,True,,O=C(Nc1ccc(CC2CCC(Cc3ccccc3)N2)cc1)C1CCc2nccc(=O)n21,108
REP_00821,CHEMBL31965,CANERTINIB,C=CC(=O)Nc1cc2c(Nc3ccc(F)c(Cl)c3)ncnc2cc1OCCCN1CCOCC1,OMZCMEYTWSXEPZ-UHFFFAOYSA-N,485.95,3.0,,True,False,False,phase_only,,Small molecule,MOL,0.9166667,90.6858924395947,True,,c1ccc(Nc2ncnc3cc(OCCCN4CCOCC4)ccc23)cc1,109
REP_00008,CHEMBL107,COLCHICINE,COc1cc2c(c(OC)c1OC)-c1ccc(OC)c(=O)cc1[C@@H](NC(C)=O)CC2,IAKHMKGGTNLKSZ-INIZCTEOSA-N,399.44,4.0,,False,True,True,primary_atc_phase,,Small molecule,MOL,0.9166667,90.6858924395947,True,,O=c1cccc2c(c1)CCCc1ccccc1-2,110
REP_00432,CHEMBL1200667,ENCLOMIPHENE CITRATE,CCN(CC)CCOc1ccc(/C(=C(/Cl)c2ccccc2)c2ccccc2)cc1.O=C(O)CC(O)(CC(=O)O)C(=O)O,PYTMYKVIJXPNBD-BTKVJIOYSA-N,598.09,3.0,,True,False,False,phase_only,,Small molecule,MOL,0.9166667,90.6858924395947,True,,C(=C(c1ccccc1)c1ccccc1)c1ccccc1,111
REP_00729,CHEMBL222645,FLOXACILLIN,Cc1onc(-c2c(F)cccc2Cl)c1C(=O)N[C@@H]1C(=O)N2[C@@H]1SC(C)(C)[C@@H]2C(=O)O,UIOFUWFRIANQPC-JKIFEVAISA-N,453.88,3.0,,True,False,False,phase_only,,Small molecule,MOL,0.9166667,90.6858924395947,True,,O=C(NC1C(=O)N2CCSC12)c1conc1-c1ccccc1,112
REP_00857,CHEMBL3545186,FONADELPAR,Cc1cc2c(CCc3sc(-c4ccc(C(F)(F)F)cc4)nc3C(C)C)noc2cc1OCC(=O)O,WWKYLBGQYALEDL-UHFFFAOYSA-N,504.53,3.0,,True,False,False,phase_only,,Small molecule,MOL,0.9166667,90.6858924395947,True,,c1ccc(-c2ncc(CCc3noc4ccccc34)s2)cc1,113
REP_00858,CHEMBL3545235,SIMOTINIB,COc1cc2ncnc(Nc3ccc(F)c(Cl)c3)c2cc1OCCN1CC2(CC2)C2(C1)OCCO2,OXWUWXCJDBRCCG-UHFFFAOYSA-N,500.96,3.0,,True,False,False,phase_only,,Small molecule,MOL,0.9166667,90.6858924395947,True,,c1ccc(Nc2ncnc3ccc(OCCN4CC5(CC5)C5(C4)OCCO5)cc23)cc1,114
REP_01255,CHEMBL70663,DAPIVIRINE,Cc1cc(C)c(Nc2ccnc(Nc3ccc(C#N)cc3)n2)c(C)c1,ILAYIAGXTHKHNT-UHFFFAOYSA-N,329.41,3.0,,True,True,False,primary_atc_phase,,Small molecule,MOL,0.9166667,90.6858924395947,True,,c1ccc(Nc2ccnc(Nc3ccccc3)n2)cc1,115
REP_00917,CHEMBL3989873,PICLIDENOSON,CNC(=O)[C@H]1O[C@@H](n2cnc3c(NCc4ccc(I)cc4)ncnc32)[C@H](O)[C@@H]1O,JTZRECOPNKCRTE-MOROJQBDSA-N,510.29,3.0,,True,False,False,phase_only,,Small molecule,MOL,0.9166667,90.6858924395947,True,,c1ccc(CNc2ncnc3c2ncn3C2CCCO2)cc1,116
REP_00197,CHEMBL2095212,MIRABEGRON,Nc1nc(CC(=O)Nc2ccc(CCNC[C@H](O)c3ccccc3)cc2)cs1,PBAPPPCECJKMCM-IBGZPJMESA-N,396.52,4.0,,False,True,True,primary_atc_phase,,Small molecule,MOL,0.9166667,90.6858924395947,True,,O=C(Cc1cscn1)Nc1ccc(CCNCCc2ccccc2)cc1,117
REP_00237,CHEMBL237500,LINAGLIPTIN,CC#CCn1c(N2CCC[C@@H](N)C2)nc2c1c(=O)n(Cc1nc(C)c3ccccc3n1)c(=O)n2C,LTXREWYXXSTFRX-QGZVFWFLSA-N,472.55,4.0,,False,True,True,primary_atc_phase,,Small molecule,MOL,0.9166667,90.6858924395947,True,,O=c1[nH]c2nc(N3CCCCC3)[nH]c2c(=O)n1Cc1ncc2ccccc2n1,118
REP_00871,CHEMBL3622820,ITACITINIB,N#CCC1(n2cc(-c3ncnc4[nH]ccc34)cn2)CN(C2CCN(C(=O)c3ccnc(C(F)(F)F)c3F)CC2)C1,KTBSXLIQKWEBRB-UHFFFAOYSA-N,553.52,3.0,,True,False,False,phase_only,,Small molecule,MOL,0.9166667,90.6858924395947,True,,O=C(c1ccncc1)N1CCC(N2CC(n3cc(-c4ncnc5[nH]ccc45)cn3)C2)CC1,119
REP_01205,CHEMBL5314952,REZIVERTINIB,C=CC(=O)Nc1cc(Nc2nccc(-c3cn(C)c4ccccc34)n2)c(OC)cc1OCCN(C)C,BPMZUKYFIDPLEA-UHFFFAOYSA-N,486.58,3.0,,True,False,False,phase_only,,Small molecule,MOL,0.9166667,90.6858924395947,True,,c1ccc(Nc2nccc(-c3c[nH]c4ccccc34)n2)cc1,120
REP_00877,CHEMBL3663929,NAQUOTINIB,C=CC(=O)N1CC[C@@H](Oc2nc(Nc3ccc(N4CCC(N5CCN(C)CC5)CC4)cc3)c(C(N)=O)nc2CC)C1,QKDCLUARMDUUKN-XMMPIXPASA-N,562.72,3.0,,True,False,False,phase_only,,Small molecule,MOL,0.9166667,90.6858924395947,True,,c1cc(N2CCC(N3CCNCC3)CC2)ccc1Nc1cncc(OC2CCNC2)n1,121
REP_00881,CHEMBL3697617,TAVAPADON,Cc1cc(Oc2ncccc2C(F)(F)F)ccc1-c1c(C)c(=O)[nH]c(=O)n1C,AKQXQLUNFKDZBN-UHFFFAOYSA-N,391.35,3.0,,True,False,False,phase_only,,Small molecule,MOL,0.9166667,90.6858924395947,True,,O=c1cc(-c2ccc(Oc3ccccn3)cc2)[nH]c(=O)[nH]1,122
REP_00722,CHEMBL2178578,VERCIRNON,CC(C)(C)c1ccc(S(=O)(=O)Nc2ccc(Cl)cc2C(=O)c2cc[n+]([O-])cc2)cc1,JRWROCIMSDXGOZ-UHFFFAOYSA-N,444.94,3.0,,True,False,False,phase_only,,Small molecule,MOL,0.9166667,90.6858924395947,True,,O=C(c1cc[nH+]cc1)c1ccccc1NS(=O)(=O)c1ccccc1,123
REP_00449,CHEMBL1231160,PEVONEDISTAT,NS(=O)(=O)OC[C@@H]1C[C@@H](n2ccc3c(N[C@H]4CCc5ccccc54)ncnc32)C[C@@H]1O,MPUQHZXIXSTTDU-QXGSTGNESA-N,443.53,3.0,,True,False,False,phase_only,,Small molecule,MOL,0.9166667,90.6858924395947,True,,c1ccc2c(c1)CCC2Nc1ncnc2c1ccn2C1CCCC1,124
REP_00887,CHEMBL3707376,CADAZOLID,O=C(O)c1cn(C2CC2)c2cc(N3CCC(O)(COc4ccc(N5C[C@H](CO)OC5=O)cc4F)CC3)c(F)cc2c1=O,XWFCFMXQTBGXQW-GOSISDBHSA-N,585.56,3.0,,True,False,False,phase_only,,Small molecule,MOL,0.9166667,90.6858924395947,True,,O=C1OCCN1c1ccc(OCC2CCN(c3ccc4c(=O)ccn(C5CC5)c4c3)CC2)cc1,125
REP_00898,CHEMBL3828074,ZIRITAXESTAT,CCc1nc2c(C)cc(N3CCN(CC(=O)N4CC(O)C4)CC3)cn2c1N(C)c1nc(-c2ccc(F)cc2)c(C#N)s1,REQQVBGILUTQNN-UHFFFAOYSA-N,588.71,3.0,,True,False,False,phase_only,,Small molecule,MOL,0.9166667,90.6858924395947,True,,O=C(CN1CCN(c2ccc3ncc(Nc4nc(-c5ccccc5)cs4)n3c2)CC1)N1CCC1,126
REP_00906,CHEMBL3916929,BALCINRENONE,CNC(=O)C[C@H]1COc2cc(F)ccc2N1C(=O)c1ccc2c(c1)NC(=O)CO2,MBKYLPOPYYLTNW-ZDUSSCGKSA-N,399.38,3.0,,True,False,False,phase_only,,Small molecule,MOL,0.9166667,90.6858924395947,True,,O=C1COc2ccc(C(=O)N3CCOc4ccccc43)cc2N1,127
REP_00916,CHEMBL3989862,PEFCALCITOL,C=C1/C(=C\C=C2/CCC[C@]3(C)C([C@H](C)OCC(=O)NCC(F)(F)C(F)(F)F)=CC[C@@H]23)C[C@@H](O)C[C@@H]1O,SVCSMAZYWOQCBW-NVJMFHFGSA-N,519.55,3.0,,True,False,False,phase_only,,Small molecule,MOL,0.9166667,90.6858924395947,True,,C=C1CCCCC1=CC=C1CCCC2C=CCC12,128
REP_00860,CHEMBL3545308,ROCILETINIB,C=CC(=O)Nc1cccc(Nc2nc(Nc3ccc(N4CCN(C(C)=O)CC4)cc3OC)ncc2C(F)(F)F)c1,HUFOZJXAKZVRNJ-UHFFFAOYSA-N,555.56,3.0,,True,False,False,phase_only,,Small molecule,MOL,0.9166667,90.6858924395947,True,,c1ccc(Nc2ccnc(Nc3ccc(N4CCNCC4)cc3)n2)cc1,129
REP_01009,CHEMBL4297598,LINRODOSTAT,C[C@@H](C(=O)Nc1ccc(Cl)cc1)C1CCC(c2ccnc3ccc(F)cc23)CC1,KRTIYQIPSAGSBP-KLAILNCOSA-N,410.92,3.0,,True,False,False,phase_only,,Small molecule,MOL,0.9166667,90.6858924395947,True,,O=C(CC1CCC(c2ccnc3ccccc23)CC1)Nc1ccccc1,130
REP_00635,CHEMBL2104574,ECRAPROST,CCCCC[C@H](O)/C=C/[C@@H]1C(CCCCCCC(=O)OCCCC)=C(OC(=O)CCC)C[C@H]1O,HITYEEHTEOQBAC-OSIGYOHNSA-N,480.69,3.0,,True,False,False,phase_only,,Small molecule,MOL,0.9166667,90.6858924395947,True,,C1=CCCC1,131
REP_00559,CHEMBL1829174,FASIGLIFAM,Cc1cc(OCCCS(C)(=O)=O)cc(C)c1-c1cccc(COc2ccc3c(c2)OC[C@H]3CC(=O)O)c1,BZCALJIHZVNMGJ-HSZRJFAPSA-N,524.64,3.0,,True,False,False,phase_only,,Small molecule,MOL,0.9166667,90.6858924395947,True,,c1ccc(-c2cccc(COc3ccc4c(c3)OCC4)c2)cc1,132
REP_00292,CHEMBL421,SULFASALAZINE,O=C(O)c1cc(/N=N/c2ccc(S(=O)(=O)Nc3ccccn3)cc2)ccc1O,NCEXYHBECQHGNR-QZQOTICOSA-N,398.4,4.0,,False,True,False,primary_atc_phase,,Small molecule,MOL,0.9166667,90.6858924395947,True,,O=S(=O)(Nc1ccccn1)c1ccc(N=Nc2ccccc2)cc1,133
REP_00077,CHEMBL1206690,PARECOXIB,CCC(=O)NS(=O)(=O)c1ccc(-c2c(-c3ccccc3)noc2C)cc1,TZRHLKRLEZJVIJ-UHFFFAOYSA-N,370.43,4.0,,False,True,True,primary_atc_phase,,Small molecule,MOL,0.9166667,90.6858924395947,True,,c1ccc(-c2conc2-c2ccccc2)cc1,134
REP_00080,CHEMBL1213492,GIVINOSTAT,CCN(CC)Cc1ccc2cc(COC(=O)Nc3ccc(C(=O)NO)cc3)ccc2c1,YALNUENQHAQXEA-UHFFFAOYSA-N,421.5,4.0,,False,True,False,primary_atc_phase,,Small molecule,MOL,0.9166667,90.6858924395947,True,,O=C(Nc1ccccc1)OCc1ccc2ccccc2c1,135
REP_01087,CHEMBL4650281,CLN-081,C=CC(=O)N[C@H]1C=C(C)c2c(-c3cnc4ccccc4c3)c3c(N)ncnc3n2C1,MKCYPWYURWOKST-INIZCTEOSA-N,396.45,3.0,,True,False,False,phase_only,,Small molecule,MOL,0.9166667,90.6858924395947,True,,C1=Cc2c(-c3cnc4ccccc4c3)c3cncnc3n2CC1,136
REP_01021,CHEMBL4297633,SEPETAPROST,CC(C)OC(=O)CCC[C@H]1CC[C@@H]2[C@@H](/C=C/[C@@H](O)COc3cc(F)ccc3F)[C@H](O)C[C@@H]2OC1,BKVUSNOUTQMSBE-XCMGCKIWSA-N,482.56,3.0,,True,False,False,phase_only,,Small molecule,MOL,0.9166667,90.6858924395947,True,,C(=CC1CCC2OCCCCC12)CCOc1ccccc1,137
REP_01006,CHEMBL4297583,TEGOPRAZAN,Cc1nc2cc(C(=O)N(C)C)cc(O[C@H]3CCOc4cc(F)cc(F)c43)c2[nH]1,CLIQCDHNPDMGSL-HNNXBMFYSA-N,387.39,3.0,,True,True,False,primary_atc_phase,,Small molecule,MOL,0.9166667,90.6858924395947,True,,c1ccc2c(c1)OCCC2Oc1cccc2nc[nH]c12,138
REP_01143,CHEMBL506981,REMINERTANT,COc1cccc(OC)c1-c1cc(C(=O)NC2(C(=O)O)C3CC4CC(C3)CC2C4)nn1-c1ccnc2cc(Cl)ccc12,DYLJVOXRWLXDIG-UHFFFAOYSA-N,587.08,3.0,,True,False,False,phase_only,,Small molecule,MOL,0.9166667,90.6858924395947,True,,O=C(NC1C2CC3CC(C2)CC1C3)c1cc(-c2ccccc2)n(-c2ccnc3ccccc23)n1,139
REP_01076,CHEMBL4594453,TENOFOVIR DISOPROXIL ASPARTATE,CC(C)OC(=O)OCOP(=O)(CO[C@H](C)Cn1cnc2c(N)ncnc21)OCOC(=O)OC(C)C.N[C@@H](CC(=O)O)C(=O)O,CCIDLBRRXVNEDK-KJTVYDLOSA-N,652.55,3.0,,True,False,False,phase_only,,Small molecule,MOL,0.9166667,90.6858924395947,True,,c1ncc2nc[nH]c2n1,140
REP_00541,CHEMBL1738889,ENOBOSARM,C[C@](O)(COc1ccc(C#N)cc1)C(=O)Nc1ccc(C#N)c(C(F)(F)F)c1,JNGVJMBLXIUVRD-SFHVURJKSA-N,389.33,3.0,,True,False,False,phase_only,,Small molecule,MOL,0.9166667,90.6858924395947,True,,O=C(CCOc1ccccc1)Nc1ccccc1,141
REP_01147,CHEMBL5087506,ADMILPARANT,CCCN(C)C(=O)OCc1c(-c2ccc(O[C@H]3CCC[C@H](C(=O)O)C3)c(C)n2)nnn1C,UEUNDURNLYLSNB-HOTGVXAUSA-N,445.52,3.0,,True,False,False,phase_only,,Small molecule,MOL,0.9166667,90.6858924395947,True,,c1cc(-c2c[nH]nn2)ncc1OC1CCCCC1,142
REP_00620,CHEMBL2103849,UDENAFIL,CCCOc1ccc(S(=O)(=O)NCCC2CCCN2C)cc1-c1nc2c(CCC)nn(C)c2c(=O)[nH]1,IYFNEFQTYQPVOC-UHFFFAOYSA-N,516.67,3.0,,True,True,True,primary_atc_phase,,Small molecule,MOL,0.9166667,90.6858924395947,True,,O=c1[nH]c(-c2cccc(S(=O)(=O)NCCC3CCCN3)c2)nc2cn[nH]c12,143
REP_01028,CHEMBL4297865,ABIVERTINIB,C=CC(=O)Nc1cccc(Oc2nc(Nc3ccc(N4CCN(C)CC4)c(F)c3)nc3[nH]ccc23)c1,UOFYSRZSLXWIQB-UHFFFAOYSA-N,487.54,3.0,,True,False,False,phase_only,,Small molecule,MOL,0.9166667,90.6858924395947,True,,c1ccc(Oc2nc(Nc3ccc(N4CCNCC4)cc3)nc3[nH]ccc23)cc1,144
REP_01032,CHEMBL4301914,MRX-4,CC(=O)OP(=O)(O)N(C[C@H]1CN(c2cc(F)c(N3C=CC(=O)CC3)c(F)c2F)C(=O)O1)c1ccon1,YCRAGJLWFBGKFE-CYBMUJFWSA-N,530.35,3.0,,True,False,False,phase_only,,Small molecule,MOL,0.9166667,90.6858924395947,True,,O=C1C=CN(c2ccc(N3CC(CNc4ccon4)OC3=O)cc2)CC1,145
REP_00302,CHEMBL437765,RIFAMYCIN,CO[C@H]1/C=C/O[C@@]2(C)Oc3c(C)c(O)c4c(O)c(cc(O)c4c3C2=O)NC(=O)/C(C)=C\C=C\[C@H](C)[C@H](O)[C@@H](C)[C@@H](O)[C@@H](C)[C@H](OC(C)=O)[C@@H]1C,HJYYPODYNSCCOU-ODRIEIDWSA-N,697.78,4.0,,False,True,False,primary_atc_phase,,Small molecule,MOL,0.9166667,90.6858924395947,True,,O=C1C=CC=CCCCCCCCCC=COC2Oc3ccc4cc(ccc4c3C2=O)N1,146
REP_00523,CHEMBL1630578,TIRILAZAD,C[C@@H]1C[C@H]2[C@@H]3CCC4=CC(=O)C=C[C@]4(C)C3=CC[C@]2(C)[C@H]1C(=O)CN1CCN(c2cc(N3CCCC3)nc(N3CCCC3)n2)CC1,RBKASMJPSJDQKY-RBFSKHHSSA-N,624.87,3.0,,True,False,False,phase_only,,Small molecule,MOL,0.9166667,90.6858924395947,True,,O=C1C=CC2C(=C1)CCC1C2=CCC2C(C(=O)CN3CCN(c4cc(N5CCCC5)nc(N5CCCC5)n4)CC3)CCC12,147
REP_01165,CHEMBL5095241,TUNLAMETINIB,O=C(NOCCO)c1cc2scnc2c(F)c1Nc1ccc(I)cc1F,UFZJUVFSSINETF-UHFFFAOYSA-N,491.26,3.0,,True,False,False,phase_only,,Small molecule,MOL,0.9166667,90.6858924395947,True,,c1ccc(Nc2ccc3scnc3c2)cc1,148
REP_00568,CHEMBL188185,BUNAZOSIN,CCCC(=O)N1CCCN(c2nc(N)c3cc(OC)c(OC)cc3n2)CC1,RHLJLALHBZGAFM-UHFFFAOYSA-N,373.46,3.0,,True,False,False,phase_only,,Small molecule,MOL,0.9166667,90.6858924395947,True,,c1ccc2nc(N3CCCNCC3)ncc2c1,149
REP_01117,CHEMBL4802214,LUFOTRELVIR,COc1cccc2[nH]c(C(=O)N[C@@H](CC(C)C)C(=O)N[C@@H](C[C@@H]3CCNC3=O)C(=O)COP(=O)(O)O)cc12,FQKALOFOWPDTED-WBAXXEDZSA-N,552.52,3.0,,True,False,False,phase_only,,Small molecule,MOL,0.9166667,90.6858924395947,True,,O=C(CNC(=O)c1cc2ccccc2[nH]1)NCCC1CCNC1=O,150
REP_00656,CHEMBL2105681,SAPACITABINE,CCCCCCCCCCCCCCCC(=O)Nc1ccn([C@@H]2O[C@H](CO)[C@@H](O)[C@@H]2C#N)c(=O)n1,LBGFKUUHOPIEMA-PEARBKPGSA-N,490.65,3.0,,True,False,False,phase_only,,Small molecule,MOL,0.9166667,90.6858924395947,True,,O=c1ncccn1C1CCCO1,151
REP_01116,CHEMBL4802161,DALPICICLIB,CC(=O)c1c(C)c2cnc(Nc3ccc(C4CCNCC4)cn3)nc2n(C2CCCC2)c1=O,SGJLSPUSUBJWHO-UHFFFAOYSA-N,446.56,3.0,,True,False,False,phase_only,,Small molecule,MOL,0.9166667,90.6858924395947,True,,O=c1ccc2cnc(Nc3ccc(C4CCNCC4)cn3)nc2n1C1CCCC1,152
REP_00507,CHEMBL15413,FLOMOXEF,CO[C@@]1(NC(=O)CSC(F)F)C(=O)N2C(C(=O)O)=C(CSc3nnnn3CCO)CO[C@@H]21,UHRBTBZOWWGKMK-DOMZBBRYSA-N,496.47,3.0,,True,False,False,phase_only,,Small molecule,MOL,0.9166667,90.6858924395947,True,,O=C1CC2OCC(CSc3nnn[nH]3)=CN12,153
REP_00655,CHEMBL2105665,ELACYTARABINE,CCCCCCCC/C=C/CCCCCCCC(=O)OC[C@H]1O[C@@H](n2ccc(N)nc2=O)[C@@H](O)[C@@H]1O,FLFGNMFWNBOBGE-FNNZEKJRSA-N,507.67,3.0,,True,False,False,phase_only,,Small molecule,MOL,0.9166667,90.6858924395947,True,,O=c1ncccn1C1CCCO1,154
REP_00320,CHEMBL527,PIROXICAM,CN1C(C(=O)Nc2ccccn2)=C(O)c2ccccc2S1(=O)=O,QYSPLQLAKJAUJT-UHFFFAOYSA-N,331.35,4.0,,False,True,True,primary_atc_phase,,Small molecule,MOL,0.9166667,90.6858924395947,True,,O=C(Nc1ccccn1)C1=Cc2ccccc2S(=O)(=O)N1,155
REP_01169,CHEMBL5095404,BEMNIFOSBUVIR,CNc1nc(N)nc2c1ncn2[C@@H]1O[C@H](COP(=O)(N[C@@H](C)C(=O)OC(C)C)Oc2ccccc2)[C@@H](O)[C@@]1(C)F,OISLSHLAXHALQZ-HEOQURLSSA-N,581.54,3.0,,True,False,False,phase_only,,Small molecule,MOL,0.9166667,90.6858924395947,True,,O=[PH](OCC1CCC(n2cnc3cncnc32)O1)Oc1ccccc1,156
REP_00997,CHEMBL4297505,CENERIMOD,CCc1cc(-c2noc(-c3cc(OC)nc(C4CCCC4)c3)n2)cc(C)c1OC[C@@H](O)CO,KJKKMMMRWISKRF-FQEVSTJZSA-N,453.54,3.0,,True,False,False,phase_only,,Small molecule,MOL,0.9166667,90.6858924395947,True,,c1ccc(-c2noc(-c3ccnc(C4CCCC4)c3)n2)cc1,157
REP_01111,CHEMBL4761468,AUMOLERTINIB,C=CC(=O)Nc1cc(Nc2nccc(-c3cn(C4CC4)c4ccccc34)n2)c(OC)cc1N(C)CCN(C)C,DOEOECWDNSEFDN-UHFFFAOYSA-N,525.66,3.0,,True,False,False,phase_only,,Small molecule,MOL,0.9166667,90.6858924395947,True,,c1ccc(Nc2nccc(-c3cn(C4CC4)c4ccccc34)n2)cc1,158
REP_01168,CHEMBL5095398,IVARMACITINIB,COc1nsc(NC(=O)N2C[C@H]3C[C@H](N(C)c4ncnc5[nH]ccc45)C[C@H]3C2)n1,DNBCBAXDWNDRNO-GDNZZTSVSA-N,414.5,3.0,,True,False,False,phase_only,,Small molecule,MOL,0.9166667,90.6858924395947,True,,O=C(Nc1ncns1)N1CC2CC(Nc3ncnc4[nH]ccc34)CC2C1,159
REP_01003,CHEMBL4297524,RADOTINIB,Cc1cn(-c2cc(NC(=O)c3ccc(C)c(Nc4nccc(-c5cnccn5)n4)c3)cc(C(F)(F)F)c2)cn1,DUPWHXBITIZIKZ-UHFFFAOYSA-N,530.51,3.0,,True,False,False,phase_only,,Small molecule,MOL,0.9166667,90.6858924395947,True,,O=C(Nc1cccc(-n2ccnc2)c1)c1cccc(Nc2nccc(-c3cnccn3)n2)c1,160
REP_01121,CHEMBL482950,PEXACERFONT,CC[C@@H](C)Nc1nc(C)nc2c(-c3ccc(OC)nc3C)c(C)nn12,LBWQSAZEYIZZCE-SNVBAGLBSA-N,340.43,3.0,,True,False,False,phase_only,,Small molecule,MOL,0.9166667,90.6858924395947,True,,c1cncc(-c2cnn3cncnc23)c1,161
REP_00288,CHEMBL408,TROGLITAZONE,Cc1c(C)c2c(c(C)c1O)CCC(C)(COc1ccc(CC3SC(=O)NC3=O)cc1)O2,GXPHKUHSUJUWKP-UHFFFAOYSA-N,441.55,4.0,,False,True,True,primary_atc_phase,,Small molecule,MOL,0.9166667,90.6858924395947,True,,O=C1NC(=O)C(Cc2ccc(OCC3CCc4ccccc4O3)cc2)S1,162
REP_00897,CHEMBL3786673,EDASALONEXENT,CC/C=C\C/C=C\C/C=C\C/C=C\C/C=C\C/C=C\CCC(=O)NCCNC(=O)c1ccccc1O,JQLBBYLGWHUHRW-KUBAVDMBSA-N,490.69,3.0,,True,False,False,phase_only,,Small molecule,MOL,0.9166666,85.89243959469992,True,,c1ccccc1,163
REP_00575,CHEMBL1908376,SEOCALCITOL,C=C1/C(=C\C=C2/CCC[C@]3(C)[C@@H]([C@H](C)/C=C/C=C/C(O)(CC)CC)CC[C@@H]23)C[C@@H](O)C[C@@H]1O,LVLLALCJVJNGQQ-SEODYNFXSA-N,454.7,3.0,,True,False,False,phase_only,,Small molecule,MOL,0.9166666,85.89243959469992,True,,C=C1CCCCC1=CC=C1CCCC2CCCC12,164
REP_01153,CHEMBL5095079,POVORCITINIB,Cc1n[nH]c(C)c1-c1cnn(C2(CC#N)CN(c3cc(F)c(C(=O)N[C@@H](C)C(F)(F)F)cc3F)C2)c1,MSGYSFWCPOBHEV-AWEZNQCLSA-N,507.47,3.0,,True,False,False,phase_only,,Small molecule,MOL,0.9166666,85.89243959469992,True,,c1ccc(N2CC(n3cc(-c4cn[nH]c4)cn3)C2)cc1,165
REP_01151,CHEMBL5095035,CAMLIPIXANT,CNC(=O)c1cc(F)c(-c2nc3cc(C)ccn3c2C[C@H]2CN(C(=O)OC)CCO2)c(F)c1,SEHLMRJSQFAPCJ-HNNXBMFYSA-N,458.47,3.0,,True,False,False,phase_only,,Small molecule,MOL,0.9166666,85.89243959469992,True,,c1ccc(-c2nc3ccccn3c2CC2CNCCO2)cc1,166
REP_00308,CHEMBL472,GLYBURIDE,COc1ccc(Cl)cc1C(=O)NCCc1ccc(S(=O)(=O)NC(=O)NC2CCCCC2)cc1,ZNNLBTZKUZBEKO-UHFFFAOYSA-N,494.01,4.0,,False,True,True,primary_atc_phase,,Small molecule,MOL,0.9166666,85.89243959469992,True,,O=C(NC1CCCCC1)NS(=O)(=O)c1ccc(CCNC(=O)c2ccccc2)cc1,167
REP_01150,CHEMBL5095034,SOVLEPLENIB,CS(=O)(=O)N1CCC(c2ccc(-c3ncc4nccnc4c3NC[C@@H]3CNCCO3)cc2)CC1,BRCHZKBUGSKTND-FQEVSTJZSA-N,482.61,3.0,,True,False,False,phase_only,,Small molecule,MOL,0.9166666,85.89243959469992,True,,c1cnc2c(NCC3CNCCO3)c(-c3ccc(C4CCNCC4)cc3)ncc2n1,168
REP_00720,CHEMBL217092,SARACATINIB,CN1CCN(CCOc2cc(OC3CCOCC3)c3c(Nc4c(Cl)ccc5c4OCO5)ncnc3c2)CC1,OUKYUETWWIPKQR-UHFFFAOYSA-N,542.04,3.0,,True,False,False,phase_only,,Small molecule,MOL,0.9166666,85.89243959469992,True,,c1cc(Nc2ncnc3cc(OCCN4CCNCC4)cc(OC4CCOCC4)c23)c2c(c1)OCO2,169
REP_00092,CHEMBL1272,REPAGLINIDE,CCOc1cc(CC(=O)N[C@@H](CC(C)C)c2ccccc2N2CCCCC2)ccc1C(=O)O,FAEKWTJYAYMJKF-QHCPKHFHSA-N,452.6,4.0,,False,True,True,primary_atc_phase,,Small molecule,MOL,0.9166666,85.89243959469992,True,,O=C(Cc1ccccc1)NCc1ccccc1N1CCCCC1,170
REP_00864,CHEMBL3545413,FLUMATINIB,Cc1ncc(NC(=O)c2ccc(CN3CCN(C)CC3)c(C(F)(F)F)c2)cc1Nc1nccc(-c2cccnc2)n1,BJCJYEYYYGBROF-UHFFFAOYSA-N,562.6,3.0,,True,False,False,phase_only,,Small molecule,MOL,0.9166666,85.89243959469992,True,,O=C(Nc1cncc(Nc2nccc(-c3cccnc3)n2)c1)c1ccc(CN2CCNCC2)cc1,171
REP_00527,CHEMBL1672973,ENCALERET,Cc1cc(-c2ccccc2[C@@H](C)OC[C@H](O)CNC(C)(C)Cc2ccc(Cl)c(F)c2)ccc1C(=O)O,UNFHDRVFEQPUEL-DENIHFKCSA-N,514.04,3.0,,True,False,False,phase_only,,Small molecule,MOL,0.9166666,85.89243959469992,True,,c1ccc(CCNCCCOCc2ccccc2-c2ccccc2)cc1,172
REP_00777,CHEMBL270995,BRIVANIB ALANINATE,Cc1cc2c(F)c(Oc3ncnn4cc(OC[C@@H](C)OC(=O)[C@H](C)N)c(C)c34)ccc2[nH]1,LTEJRLHKIYCEOX-OCCSQVGLSA-N,441.46,3.0,,True,False,False,phase_only,,Small molecule,MOL,0.9166666,85.89243959469992,True,,c1cc2c(Oc3ccc4[nH]ccc4c3)ncnn2c1,173
REP_00598,CHEMBL2017974,BUPARLISIB,Nc1cc(C(F)(F)F)c(-c2cc(N3CCOCC3)nc(N3CCOCC3)n2)cn1,CWHUFRVAEUJCEF-UHFFFAOYSA-N,410.4,3.0,,True,False,False,phase_only,,Small molecule,MOL,0.9166666,85.89243959469992,True,,c1cncc(-c2cc(N3CCOCC3)nc(N3CCOCC3)n2)c1,174
REP_01212,CHEMBL5483011,INDINAVIR,CC(C)(C)NC(=O)[C@@H]1CN(Cc2cccnc2)CCN1C[C@@H](O)C[C@@H](Cc1ccccc1)C(=O)N[C@H]1c2ccccc2C[C@H]1O,CBVCZFGXHXORBI-PXQQMZJSSA-N,613.8,3.0,,True,False,False,phase_only,,Small molecule,MOL,0.9166666,85.89243959469992,True,,O=C(NC1CCc2ccccc21)C(CCCN1CCN(Cc2cccnc2)CC1)Cc1ccccc1,175
REP_00427,CHEMBL1184904,RETASPIMYCIN,C=CCNc1c(O)cc2c(O)c1C[C@@H](C)C[C@H](OC)[C@H](O)[C@@H](C)/C=C(\C)[C@H](OC(N)=O)[C@@H](OC)/C=C\C=C(/C)C(=O)N2,OAKGNIRUXAZDQF-TXHRRWQRSA-N,587.71,3.0,,True,False,False,phase_only,,Small molecule,MOL,0.9166666,85.89243959469992,True,,O=C1C=CC=CCCC=CCCCCCCc2cccc(c2)N1,176
REP_00246,CHEMBL272427,TAURURSODIOL,C[C@H](CCC(=O)NCCS(=O)(=O)O)[C@H]1CC[C@H]2[C@@H]3[C@@H](O)C[C@@H]4C[C@H](O)CC[C@]4(C)[C@H]3CC[C@]12C,BHTRKEVKTKCXOH-LBSADWJPSA-N,499.71,4.0,,False,True,False,primary_atc_phase,,Small molecule,MOL,0.9166666,85.89243959469992,True,,C1CCC2C(C1)CCC1C3CCCC3CCC21,177
REP_00745,CHEMBL2364624,PRADIGASTAT,O=C(O)C[C@H]1CC[C@H](c2ccc(-c3ccc(Nc4ccc(C(F)(F)F)nc4)cn3)cc2)CC1,GXALXAKNHIROPE-QAQDUYKDSA-N,455.48,3.0,,True,False,False,phase_only,,Small molecule,MOL,0.9166666,85.89243959469992,True,,c1cncc(Nc2ccc(-c3ccc(C4CCCCC4)cc3)nc2)c1,178
REP_00315,CHEMBL499915,CARBENOXOLONE,CC1(C)[C@@H](OC(=O)CCC(=O)O)CC[C@]2(C)[C@H]3C(=O)C=C4[C@@H]5C[C@@](C)(C(=O)O)CC[C@]5(C)CC[C@@]4(C)[C@]3(C)CC[C@@H]12,OBZHEBDUNPOCJG-WBXJDKIVSA-N,570.77,4.0,,False,True,False,primary_atc_phase,,Small molecule,MOL,0.9166666,85.89243959469992,True,,O=C1C=C2C3CCCCC3CCC2C2CCC3CCCCC3C12,179
REP_00748,CHEMBL2387408,LINERIXIBAT,CCCC[C@]1(CC)CS(=O)(=O)c2cc(CNC(CC(=O)O)CC(=O)O)c(OC)cc2[C@@H](c2ccccc2)N1,CZGVOBIGEBDYTP-VSGBNLITSA-N,546.69,3.0,,True,False,False,phase_only,,Small molecule,MOL,0.9166666,85.89243959469992,True,,O=S1(=O)CCNC(c2ccccc2)c2ccccc21,180
REP_01101,CHEMBL4650362,OPELCONAZOLE,Cc1cc(N2CCN(c3ccc(C(=O)Nc4ccc(F)cc4)cc3)CC2)ccc1OC[C@@H]1CO[C@@](Cn2cncn2)(c2ccc(F)cc2F)C1,OSAMZQJKSCAOHA-CWRQMEKBSA-N,682.75,3.0,,True,False,False,phase_only,,Small molecule,MOL,0.9166666,85.89243959469992,True,,O=C(Nc1ccccc1)c1ccc(N2CCN(c3ccc(OCC4COC(Cn5cncn5)(c5ccccc5)C4)cc3)CC2)cc1,181
REP_01222,CHEMBL562668,OTENABANT,CCNC1(C(N)=O)CCN(c2ncnc3c2nc(-c2ccccc2Cl)n3-c2ccc(Cl)cc2)CC1,UNAZAADNBYXMIV-UHFFFAOYSA-N,510.43,3.0,,True,False,False,phase_only,,Small molecule,MOL,0.9166666,85.89243959469992,True,,c1ccc(-c2nc3c(N4CCCCC4)ncnc3n2-c2ccccc2)cc1,182
REP_00716,CHEMBL2163631,SABIZABULIN,COc1cc(C(=O)c2cnc(-c3c[nH]c4ccccc34)[nH]2)cc(OC)c1OC,WQGVHOVEXMOLOK-UHFFFAOYSA-N,377.4,3.0,,True,False,False,phase_only,,Small molecule,MOL,0.9166666,85.89243959469992,True,,O=C(c1ccccc1)c1cnc(-c2c[nH]c3ccccc23)[nH]1,183
REP_00947,CHEMBL4113975,BAXDROSTAT,CCC(=O)N[C@@H]1CCCc2c(-c3ccc4c(c3)CCC(=O)N4C)cncc21,VDEUDSRUMNAXJG-LJQANCHMSA-N,363.46,3.0,,True,False,False,phase_only,,Small molecule,MOL,0.9166666,85.89243959469992,True,,O=C1CCc2cc(-c3cncc4c3CCCC4)ccc2N1,184
REP_01193,CHEMBL5314487,SUZETRIGINE,COc1c([C@H]2[C@H](C(=O)Nc3ccnc(C(N)=O)c3)O[C@@](C)(C(F)(F)F)[C@H]2C)ccc(F)c1F,XSQUJFKRXZMOKA-PAFIKIDNSA-N,473.4,3.0,,True,False,False,phase_only,,Small molecule,MOL,0.9166666,85.89243959469992,True,,O=C(Nc1ccncc1)C1OCCC1c1ccccc1,185
REP_00944,CHEMBL411070,GLYCOCHOLIC ACID,C[C@H](CCC(=O)NCC(=O)O)[C@H]1CC[C@H]2[C@@H]3[C@H](O)C[C@@H]4C[C@H](O)CC[C@]4(C)[C@H]3C[C@H](O)[C@]12C,RFDAIACWWDREDC-FRVQLJSFSA-N,465.63,3.0,,True,False,False,phase_only,,Small molecule,MOL,0.9166666,85.89243959469992,True,,C1CCC2C(C1)CCC1C3CCCC3CCC21,186
REP_01016,CHEMBL4297613,CILOFEXOR,O=C(O)c1ccnc(N2CC(O)(c3ccc(OCc4c(-c5c(Cl)cccc5Cl)noc4C4CC4)cc3Cl)C2)c1,KZSKGLFYQAYZCO-UHFFFAOYSA-N,586.86,3.0,,True,False,False,phase_only,,Small molecule,MOL,0.9166666,85.89243959469992,True,,c1ccc(-c2noc(C3CC3)c2COc2ccc(C3CN(c4ccccn4)C3)cc2)cc1,187
REP_00965,CHEMBL4297183,BALOVAPTAN,CN1Cc2cc(Cl)ccc2-n2c(nnc2[C@H]2CC[C@H](Oc3ccccn3)CC2)C1,GMPZPHGHNDMRKL-RZDIXWSQSA-N,409.92,3.0,,True,False,False,phase_only,,Small molecule,MOL,0.9166666,85.89243959469992,True,,c1ccc(OC2CCC(c3nnc4n3-c3ccccc3CNC4)CC2)nc1,188
REP_00970,CHEMBL4297258,FIRMONERTINIB,C=CC(=O)Nc1cc(Nc2nccc(-c3cn(C)c4ccccc34)n2)c(OCC(F)(F)F)nc1N(C)CCN(C)C,GHKOONMJXNWOIW-UHFFFAOYSA-N,568.6,3.0,,True,False,False,phase_only,,Small molecule,MOL,0.9166666,85.89243959469992,True,,c1cncc(Nc2nccc(-c3c[nH]c4ccccc34)n2)c1,189
REP_00940,CHEMBL4091374,LANIFIBRANOR,O=C(O)CCCc1cc2cc(Cl)ccc2n1S(=O)(=O)c1ccc2ncsc2c1,OQDQIFQRNZIEEJ-UHFFFAOYSA-N,434.93,3.0,,True,False,False,phase_only,,Small molecule,MOL,0.9166666,85.89243959469992,True,,O=S(=O)(c1ccc2ncsc2c1)n1ccc2ccccc21,190
REP_00692,CHEMBL2107486,TEBIPENEM PIVOXIL,C[C@@H](O)[C@H]1C(=O)N2C(C(=O)OCOC(=O)C(C)(C)C)=C(SC3CN(C4=NCCS4)C3)[C@H](C)[C@H]12,SNUDIPVBUUXCDG-QHSBEEBCSA-N,497.64,3.0,,True,False,False,phase_only,,Small molecule,MOL,0.9166666,85.89243959469992,True,,O=C1CC2CC(SC3CN(C4=NCCS4)C3)=CN12,191
REP_00623,CHEMBL2103876,MAPRACORAT,Cc1ccc2c(NC[C@](O)(CC(C)(C)c3cc(F)cc4c3OCC4)C(F)(F)F)cccc2n1,VJGFOYBQOIPQFY-XMMPIXPASA-N,462.49,3.0,,True,False,False,phase_only,,Small molecule,MOL,0.9166666,85.89243959469992,True,,c1cc(CCCCNc2cccc3ncccc23)c2c(c1)CCO2,192
REP_00929,CHEMBL3989968,DIFAMILAST,CCOc1ccccc1C(=O)NCc1coc(-c2ccc(OC(F)F)c(OC(C)C)c2)n1,VFBILHPIHUPBPZ-UHFFFAOYSA-N,446.45,3.0,,True,False,False,phase_only,,Small molecule,MOL,0.9166666,85.89243959469992,True,,O=C(NCc1coc(-c2ccccc2)n1)c1ccccc1,193
REP_00690,CHEMBL2107456,LIMAPROST,CCCC[C@H](C)C[C@H](O)/C=C/[C@H]1[C@H](O)CC(=O)[C@@H]1CCCC/C=C/C(=O)O,OJZYRQPMEIEQFC-UAWLTFRCSA-N,380.53,3.0,,True,False,False,phase_only,,Small molecule,MOL,0.9166666,85.89243959469992,True,,O=C1CCCC1,194
REP_00168,CHEMBL1714574,TERCONAZOLE,CC(C)N1CCN(c2ccc(OCC3COC(Cn4cncn4)(c4ccc(Cl)cc4Cl)O3)cc2)CC1,BLSQLHNBWJLIBQ-UHFFFAOYSA-N,532.47,4.0,,False,True,False,primary_atc_phase,,Small molecule,MOL,0.9166666,85.89243959469992,True,,c1ccc(C2(Cn3cncn3)OCC(COc3ccc(N4CCNCC4)cc3)O2)cc1,195
REP_00336,CHEMBL611,TERAZOSIN,COc1cc2nc(N3CCN(C(=O)C4CCCO4)CC3)nc(N)c2cc1OC,VCKUSRYTPJJLNI-UHFFFAOYSA-N,387.44,4.0,,False,True,True,primary_atc_phase,,Small molecule,MOL,0.9166666,85.89243959469992,True,,O=C(C1CCCO1)N1CCN(c2ncc3ccccc3n2)CC1,196
REP_00610,CHEMBL2096895,PRADEFOVIR,Nc1ncnc2c1ncn2CCOC[P@@]1(=O)OCC[C@@H](c2cccc(Cl)c2)O1,GWNHAOBXDGOXRR-HJFSHJIFSA-N,423.8,3.0,,True,False,False,phase_only,,Small molecule,MOL,0.9166666,85.89243959469992,True,,O=P1(COCCn2cnc3cncnc32)OCCC(c2ccccc2)O1,197
REP_00925,CHEMBL3989948,LANABECESTAT,CC#Cc1cncc(-c2ccc3c(c2)[C@@]2(N=C(C)C(N)=N2)[C@]2(CC[C@H](OC)CC2)C3)c1,WKDNQONLGXOZRG-HRNNMHKYSA-N,412.54,3.0,,True,False,False,phase_only,,Small molecule,MOL,0.9166666,85.89243959469992,True,,C1=NC2(N=C1)c1cc(-c3cccnc3)ccc1CC21CCCCC1,198
REP_00905,CHEMBL3916717,SELONSERTIB,Cc1cc(F)c(C(=O)Nc2cccc(-c3nncn3C(C)C)n2)cc1-n1cnc(C2CC2)c1,YIDDLAAKOYYGJG-UHFFFAOYSA-N,445.5,3.0,,True,False,False,phase_only,,Small molecule,MOL,0.9166666,85.89243959469992,True,,O=C(Nc1cccc(-c2nnc[nH]2)n1)c1cccc(-n2cnc(C3CC3)c2)c1,199
REP_00711,CHEMBL2141296,IXAZOMIB,CC(C)C[C@H](NC(=O)CNC(=O)c1cc(Cl)ccc1Cl)B(O)O,MXAYKZJJDUDWDS-LBPRGKRZSA-N,361.03,3.0,,True,False,False,phase_only,,Small molecule,MOL,0.9166666,85.89243959469992,True,,c1ccccc1,200
REP_00659,CHEMBL2105728,CRENOLANIB,CC1(COc2ccc3c(c2)ncn3-c2ccc3cccc(N4CCC(N)CC4)c3n2)COC1,DYNHJHQFHQTFTP-UHFFFAOYSA-N,443.55,3.0,,True,False,False,phase_only,,Small molecule,MOL,0.9166666,85.89243959469992,True,,c1cc(N2CCCCC2)c2nc(-n3cnc4cc(OCC5COC5)ccc43)ccc2c1,201
REP_01040,CHEMBL431733,NAMODENOSON,CNC(=O)[C@H]1O[C@@H](n2cnc3c(NCc4cccc(I)c4)nc(Cl)nc32)[C@H](O)[C@@H]1O,IPSYPUKKXMNCNQ-PFHKOEEOSA-N,544.74,3.0,,True,False,False,phase_only,,Small molecule,MOL,0.91543776,84.3335931410756,True,,c1ccc(CNc2ncnc3c2ncn3C2CCCO2)cc1,202
REP_00325,CHEMBL563,FLURBIPROFEN,CC(C(=O)O)c1ccc(-c2ccccc2)c(F)c1,SYTBZMRGLBWNTM-UHFFFAOYSA-N,244.26,4.0,,False,True,True,primary_atc_phase,,Small molecule,MOL,0.90146345,84.17770849571318,True,,c1ccc(-c2ccccc2)cc1,203
REP_00300,CHEMBL435298,ESFLURBIPROFEN,C[C@H](C(=O)O)c1ccc(-c2ccccc2)c(F)c1,SYTBZMRGLBWNTM-JTQLQIEISA-N,244.26,4.0,,False,True,False,primary_atc_phase,,Small molecule,MOL,0.90146345,84.17770849571318,True,,c1ccc(-c2ccccc2)cc1,204
REP_00572,CHEMBL190083,TARENFLURBIL,C[C@@H](C(=O)O)c1ccc(-c2ccccc2)c(F)c1,SYTBZMRGLBWNTM-SNVBAGLBSA-N,244.26,3.0,,True,False,False,phase_only,,Small molecule,MOL,0.90146345,84.17770849571318,True,,c1ccc(-c2ccccc2)cc1,205
REP_00941,CHEMBL409153,ISAVUCONAZOLE,C[C@@H](c1nc(-c2ccc(C#N)cc2)cs1)[C@](O)(Cn1cncn1)c1cc(F)ccc1F,DDFOUSQFMYRUQK-RCDICMHDSA-N,437.48,3.0,,True,False,False,phase_only,,Small molecule,MOL,0.89867914,84.02182385035074,True,,c1ccc(-c2csc(CC(Cn3cncn3)c3ccccc3)n2)cc1,206
REP_00792,CHEMBL290352,CEP-1347,CCSCc1ccc2c(c1)c1c3c(c4c5cc(CSCC)ccc5n5c4c1n2[C@H]1C[C@](O)(C(=O)OC)[C@]5(C)O1)CNC3=O,SCMLRESZJCKCTC-KMYQRJGFSA-N,615.78,3.0,,True,False,False,phase_only,,Small molecule,MOL,0.894333,83.94388152766953,True,,O=C1NCc2c1c1c3ccccc3n3c1c1c2c2ccccc2n1C1CCC3O1,207
REP_00453,CHEMBL1233528,VOLASERTIB,CC[C@@H]1C(=O)N(C)c2cnc(Nc3ccc(C(=O)N[C@H]4CC[C@H](N5CCN(CC6CC6)CC5)CC4)cc3OC)nc2N1C(C)C,SXNJFOWDRLKDSF-STROYTFGSA-N,618.83,3.0,,True,False,False,phase_only,,Small molecule,MOL,0.85205,83.86593920498831,True,,O=C1CNc2nc(Nc3ccc(C(=O)NC4CCC(N5CCN(CC6CC6)CC5)CC4)cc3)ncc2N1,208
REP_00476,CHEMBL1289110,TIANEPTINE,CN1c2ccccc2C(NCCCCCCC(=O)O)c2ccc(Cl)cc2S1(=O)=O,JICJBGPOMZQUBB-UHFFFAOYSA-N,436.96,3.0,,True,False,False,phase_only,,Small molecule,MOL,0.8432486,83.7879968823071,True,,O=S1(=O)Nc2ccccc2Cc2ccccc21,209
REP_00133,CHEMBL1471,APREPITANT,C[C@@H](O[C@H]1OCCN(Cc2n[nH]c(=O)[nH]2)[C@H]1c1ccc(F)cc1)c1cc(C(F)(F)F)cc(C(F)(F)F)c1,ATALOFNDEOCMKK-OITMNORJSA-N,534.43,4.0,,False,True,False,primary_atc_phase,,Small molecule,MOL,0.81694514,83.71005455962587,True,,O=c1[nH]nc(CN2CCOC(OCc3ccccc3)C2c2ccccc2)[nH]1,210
REP_00850,CHEMBL3544978,ZOLIFLODACIN,C[C@@H]1CN2c3c(cc4c(N5C(=O)OC[C@@H]5C)noc4c3F)CC3(C(=O)NC(=O)NC3=O)[C@H]2[C@H](C)O1,ZSWMIFNWDQEXDT-ZESJGQACSA-N,487.44,3.0,,True,False,False,phase_only,,Small molecule,MOL,0.81684744,83.63211223694465,True,,O=C1NC(=O)C2(Cc3cc4c(N5CCOC5=O)noc4cc3N3CCOCC32)C(=O)N1,211
REP_00862,CHEMBL3545369,EPACADOSTAT,NS(=O)(=O)NCCNc1nonc1/C(=N/O)Nc1ccc(F)c(Br)c1,FBKMWOJEPMPVTQ-UHFFFAOYSA-N,438.24,3.0,,True,False,False,phase_only,,Small molecule,MOL,0.800658,83.55416991426344,True,,N=C(Nc1ccccc1)c1cnon1,212
REP_01281,CHEMBL95431,CARBOXYAMIDOTRIAZOLE,NC(=O)c1nnn(Cc2cc(Cl)c(C(=O)c3ccc(Cl)cc3)c(Cl)c2)c1N,WNRZHQBJSXRYJK-UHFFFAOYSA-N,424.68,3.0,,True,False,False,phase_only,,Small molecule,MOL,0.7740839,83.47622759158223,True,,O=C(c1ccccc1)c1ccc(Cn2ccnn2)cc1,213
REP_00518,CHEMBL1614650,EXATECAN,CC[C@@]1(O)C(=O)OCc2c1cc1n(c2=O)Cc2c-1nc1cc(F)c(C)c3c1c2[C@@H](N)CC3,ZVYVPGLRVWUPMP-FYSMJZIKSA-N,435.46,3.0,,True,False,False,phase_only,,Small molecule,MOL,0.7719185,83.39828526890102,True,,O=C1Cc2cc3n(c(=O)c2CO1)Cc1c-3nc2cccc3c2c1CCC3,214
REP_00794,CHEMBL297453,EPIGALOCATECHIN GALLATE,O=C(O[C@@H]1Cc2c(O)cc(O)cc2O[C@@H]1c1cc(O)c(O)c(O)c1)c1cc(O)c(O)c(O)c1,WMBWREPUVVBILR-WIYYLYMNSA-N,458.38,3.0,,True,False,False,phase_only,,Small molecule,MOL,0.7658788,83.3203429462198,True,,O=C(OC1Cc2ccccc2OC1c1ccccc1)c1ccccc1,215
REP_00624,CHEMBL2103879,GANETESPIB,CC(C)c1cc(-c2n[nH]c(=O)n2-c2ccc3c(ccn3C)c2)c(O)cc1O,RVAQIUULWULRNW-UHFFFAOYSA-N,364.41,3.0,,True,False,False,phase_only,,Small molecule,MOL,0.7618191,83.24240062353859,True,,O=c1[nH]nc(-c2ccccc2)n1-c1ccc2[nH]ccc2c1,216
REP_00588,CHEMBL1950649,APADENOSON,CCNC(=O)[C@H]1O[C@@H](n2cnc3c(N)nc(C#CC[C@H]4CC[C@H](C(=O)OC)CC4)nc32)[C@H](O)[C@@H]1O,FLEVIENZILQUKB-XTWQNQIISA-N,486.53,3.0,,True,False,False,phase_only,,Small molecule,MOL,0.74648094,83.16445830085738,True,,C(#Cc1ncc2ncn(C3CCCO3)c2n1)CC1CCCCC1,217
REP_00287,CHEMBL404520,CHLORTETRACYCLINE,CN(C)[C@@H]1C(O)=C(C(N)=O)C(=O)[C@@]2(O)C(O)=C3C(=O)c4c(O)ccc(Cl)c4[C@@](C)(O)[C@H]3C[C@@H]12,CYDMQBQPVICBEU-XRNKAMNCSA-N,478.89,4.0,,False,True,False,primary_atc_phase,,Small molecule,MOL,0.7426882,83.08651597817615,True,,O=C1C2=CC3C(=O)C=CCC3CC2Cc2ccccc21,218
REP_00977,CHEMBL4297324,REMIMAZOLAM TOSYLATE,COC(=O)CC[C@@H]1N=C(c2ccccn2)c2cc(Br)ccc2-n2c(C)cnc21,CYHWMBVXXDIZNZ-KRWDZBQOSA-N,439.31,3.0,,True,False,False,phase_only,,Small molecule,MOL,0.72710735,83.00857365549493,True,,c1ccc(C2=NCc3nccn3-c3ccccc32)nc1,219
REP_01017,CHEMBL4297615,PARSACLISIB,CCOc1c([C@H](C)n2nc(C)c3c(N)ncnc32)cc(Cl)c(F)c1[C@@H]1CNC(=O)C1,ZQPDJCIXJHUERQ-QWRGUYRKSA-N,432.89,3.0,,True,False,False,phase_only,,Small molecule,MOL,0.7218439,82.93063133281372,True,,O=C1CC(c2cccc(Cn3ncc4cncnc43)c2)CN1,220
REP_00883,CHEMBL3707260,LEUCOVORIN SODIUM,Nc1nc(O)c2c(n1)NCC(CNc1ccc(C(=O)N[C@@H](CCC(=O)[O-])C(=O)[O-])cc1)N2C=O,VVIAGPKUTFNRDU-ABLWVSNPSA-L,471.43,3.0,,True,False,False,phase_only,,Small molecule,MOL,0.71500325,82.8526890101325,True,,c1ccc(NCC2CNc3ncncc3N2)cc1,221
REP_01163,CHEMBL5095229,BEZUCLASTINIB,Cc1[nH]nc(C(=O)Nc2cnc3[nH]c(-c4ccccc4)cc3c2)c1C,NVSHVYGIYPBTEZ-UHFFFAOYSA-N,331.38,3.0,,True,False,False,phase_only,,Small molecule,MOL,0.69360363,82.77474668745128,True,,O=C(Nc1cnc2[nH]c(-c3ccccc3)cc2c1)c1cc[nH]n1,222
REP_00698,CHEMBL2107811,ZABOFLOXACIN,CO/N=C1\CN(c2nc3c(cc2F)c(=O)c(C(=O)O)cn3C2CC2)CC12CNC2,ZNPOCLHDJCAZAH-OEAKJJBVSA-N,401.4,3.0,,True,False,False,phase_only,,Small molecule,MOL,0.6898254,82.69680436477007,True,,N=C1CN(c2ccc3c(=O)ccn(C4CC4)c3n2)CC12CNC2,223
REP_01177,CHEMBL5183847,ENSITRELVIR,Cn1cnc(Cn2c(=O)[nH]/c(=N\c3cc4cn(C)nc4cc3Cl)n(Cc3cc(F)c(F)cc3F)c2=O)n1,QMPBBNUOBOFBFS-UHFFFAOYSA-N,531.89,3.0,,True,False,False,phase_only,,Small molecule,MOL,0.68385565,82.61886204208886,True,,O=c1[nH]c(=Nc2ccc3n[nH]cc3c2)n(Cc2ccccc2)c(=O)n1Cc1nc[nH]n1,224
REP_01026,CHEMBL4297663,AMBROXOL ACEFYLLINATE,Cn1c(=O)c2c(ncn2CC(=O)O)n(C)c1=O.Nc1c(Br)cc(Br)cc1CN[C@H]1CC[C@H](O)CC1,IPUHJDQWESJTGD-PFWPSKEQSA-N,616.31,3.0,,True,False,False,phase_only,,Small molecule,MOL,0.66410124,82.54091971940764,True,,O=c1[nH]c(=O)c2[nH]cnc2[nH]1.c1ccc(CNC2CCCCC2)cc1,225
REP_00608,CHEMBL2087361,ICOTINIB,C#Cc1cccc(Nc2ncnc3cc4c(cc23)OCCOCCOCCO4)c1,QQLKULDARVNMAL-UHFFFAOYSA-N,391.43,3.0,,True,False,False,phase_only,,Small molecule,MOL,0.6559916,82.46297739672642,True,,c1ccc(Nc2ncnc3cc4c(cc23)OCCOCCOCCO4)cc1,226
REP_00845,CHEMBL35228,PYRONARIDINE,COc1ccc2nc3cc(Cl)ccc3c(Nc3cc(CN4CCCC4)c(O)c(CN4CCCC4)c3)c2n1,DJUFPMUQJKWIJB-UHFFFAOYSA-N,518.06,3.0,,True,False,False,phase_only,,Small molecule,MOL,0.64463556,82.3850350740452,True,,c1ccc2c(Nc3cc(CN4CCCC4)cc(CN4CCCC4)c3)c3ncccc3nc2c1,227
REP_00823,CHEMBL3264002,AVUTOMETINIB,CNS(=O)(=O)Nc1nccc(Cc2c(C)c3ccc(Oc4ncccn4)cc3oc2=O)c1F,LMMJFBMMJUMSJS-UHFFFAOYSA-N,471.47,3.0,,True,False,False,phase_only,,Small molecule,MOL,0.6333204,82.30709275136398,True,,O=c1oc2cc(Oc3ncccn3)ccc2cc1Cc1ccncc1,228
REP_00481,CHEMBL134561,ICLAPRIM,COc1cc(Cc2cnc(N)nc2N)c2c(c1OC)OC(C1CC1)C=C2,HWJPWWYTGBZDEG-UHFFFAOYSA-N,354.41,3.0,,True,False,False,phase_only,,Small molecule,MOL,0.62123394,82.22915042868277,True,,C1=CC(C2CC2)Oc2cccc(Cc3cncnc3)c21,229
REP_00362,CHEMBL81,RALOXIFENE,O=C(c1ccc(OCCN2CCCCC2)cc1)c1c(-c2ccc(O)cc2)sc2cc(O)ccc12,GZUITABIAKMVPG-UHFFFAOYSA-N,473.59,4.0,,False,True,False,primary_atc_phase,,Small molecule,MOL,0.60230637,82.15120810600156,True,,O=C(c1ccc(OCCN2CCCCC2)cc1)c1c(-c2ccccc2)sc2ccccc12,230
REP_00807,CHEMBL3125702,NAVTEMADLIN,CC(C)[C@@H](CS(=O)(=O)C(C)C)N1C(=O)[C@@](C)(CC(=O)O)C[C@H](c2cccc(Cl)c2)[C@H]1c1ccc(Cl)cc1,DRLCSJFKKILATL-YWCVFVGNSA-N,568.56,3.0,,True,False,False,phase_only,,Small molecule,MOL,0.5991371,82.07326578332035,True,,O=C1CCC(c2ccccc2)C(c2ccccc2)N1,231
REP_00207,CHEMBL2105720,LESINURAD,O=C(O)CSc1nnc(Br)n1-c1ccc(C2CC2)c2ccccc12,FGQFOYHRJSUHMR-UHFFFAOYSA-N,404.29,4.0,,False,True,True,benchmark_forced,URAT1_POS_01,Small molecule,MOL,0.59704274,81.99532346063913,True,,c1ccc2c(-n3cnnc3)ccc(C3CC3)c2c1,232
REP_01033,CHEMBL4303201,CATEQUENTINIB,COc1cc2c(Oc3ccc4[nH]c(C)cc4c3F)ccnc2cc1OCC1(N)CC1,KSMZEXLVHXZPEF-UHFFFAOYSA-N,407.45,3.0,,True,False,False,phase_only,,Small molecule,MOL,0.59077233,81.91738113795792,True,,c1cc(Oc2ccc3[nH]ccc3c2)c2ccc(OCC3CC3)cc2n1,233
REP_00291,CHEMBL416146,ETORICOXIB,Cc1ccc(-c2ncc(Cl)cc2-c2ccc(S(C)(=O)=O)cc2)cn1,MNJVRJDLRVPLFE-UHFFFAOYSA-N,358.85,4.0,,False,True,True,primary_atc_phase,,Small molecule,MOL,0.588873,81.8394388152767,True,,c1ccc(-c2cccnc2-c2cccnc2)cc1,234
REP_00513,CHEMBL1569487,LORNOXICAM,CN1C(C(=O)Nc2ccccn2)=C(O)c2sc(Cl)cc2S1(=O)=O,WLHQHAUOOXYABV-UHFFFAOYSA-N,371.83,3.0,,True,True,True,primary_atc_phase,,Small molecule,MOL,0.5838793,81.76149649259547,True,,O=C(Nc1ccccn1)C1=Cc2sccc2S(=O)(=O)N1,235
REP_00587,CHEMBL1950554,BINODENOSON,Nc1nc(N/N=C/C2CCCCC2)nc2c1ncn2[C@@H]1O[C@H](CO)[C@@H](O)[C@H]1O,XJFMHMFFBSOEPR-DNZQAUTHSA-N,391.43,3.0,,True,False,False,phase_only,,Small molecule,MOL,0.57978404,81.68355416991426,True,,C(=NNc1ncc2ncn(C3CCCO3)c2n1)C1CCCCC1,236
REP_00992,CHEMBL4297455,CAFICRESTAT,O=C(O)Cc1nn(Cc2nc3cc(C(F)(F)F)ccc3s2)c(=O)c2nccnc12,YRGPAXAVTDMKDK-UHFFFAOYSA-N,421.36,3.0,,True,False,False,phase_only,,Small molecule,MOL,0.57095164,81.60561184723305,True,,O=c1c2nccnc2cnn1Cc1nc2ccccc2s1,237
REP_00400,CHEMBL1085699,MANIDIPINE 6300,COC(=O)C1=C(C)NC(C)=C(C(=O)OCCN2CCN(C(c3ccccc3)c3ccccc3)CC2)C1c1cccc([N+](=O)[O-])c1,ANEBWFXPVPTEET-UHFFFAOYSA-N,610.71,3.0,,True,False,False,phase_only,,Small molecule,MOL,0.570118,81.52766952455183,True,,O=C(OCCN1CCN(C(c2ccccc2)c2ccccc2)CC1)C1=CNC=CC1c1ccccc1,238
REP_01013,CHEMBL4297608,ELDECALCITOL,C=C1/C(=C\C=C2/CCC[C@]3(C)[C@@H]([C@H](C)CCCC(C)(C)O)CC[C@@H]23)C[C@@H](O)[C@@H](OCCCO)[C@@H]1O,FZEXGDDBXLBRTD-AYIMTCTASA-N,490.73,3.0,,True,False,False,phase_only,,Small molecule,MOL,0.5661083,81.44972720187062,True,,C=C1CCCCC1=CC=C1CCCC2CCCC12,239
REP_01274,CHEMBL88712,VELIFLAPON,O=C(O)[C@@H](c1ccc(OCc2ccc3ccccc3n2)cc1)C1CCCC1,ZEYYDOLCHFETHQ-JOCHJYFZSA-N,361.44,3.0,,True,False,False,phase_only,,Small molecule,MOL,0.5591405,81.3717848791894,True,,c1ccc2nc(COc3ccc(CC4CCCC4)cc3)ccc2c1,240
REP_00201,CHEMBL2103855,TELOTRISTAT,Cc1ccn(-c2cc(Cl)ccc2[C@@H](Oc2cc(-c3ccc(C[C@H](N)C(=O)O)cc3)nc(N)n2)C(F)(F)F)n1,NCLGDOBQAWBXRA-PGRDOPGGSA-N,546.94,4.0,,False,True,True,primary_atc_phase,,Small molecule,MOL,0.54245895,81.2938425565082,True,,c1ccc(-c2cc(OCc3ccccc3-n3cccn3)ncn2)cc1,241
REP_01270,CHEMBL83626,SUCCINOBUCOL,CC(C)(Sc1cc(C(C)(C)C)c(O)c(C(C)(C)C)c1)Sc1cc(C(C)(C)C)c(OC(=O)CCC(=O)O)c(C(C)(C)C)c1,RKSMVPNZHBRNNS-UHFFFAOYSA-N,616.93,3.0,,True,False,False,phase_only,,Small molecule,MOL,0.53333664,81.21590023382697,True,,c1ccc(SCSc2ccccc2)cc1,242
REP_00603,CHEMBL2074655,TETRAHYDROFOLATE,Nc1nc(=O)c2c([nH]1)NC[C@@H](CNc1ccc(C(=O)N[C@@H](CCC(=O)O)C(=O)O)cc1)N2,MSTNYGQPCMXVAQ-NEPJUHHUSA-N,445.44,3.0,,True,False,False,phase_only,,Small molecule,MOL,0.5316315,81.13795791114575,True,,O=c1nc[nH]c2c1NC(CNc1ccccc1)CN2,243
REP_00851,CHEMBL3544983,TESEVATINIB,COc1cc2c(Nc3ccc(Cl)c(Cl)c3F)ncnc2cc1OC[C@@H]1C[C@@H]2CN(C)C[C@@H]2C1,HVXKQKFEHMGHSL-QKDCVEJESA-N,491.39,3.0,,True,False,False,phase_only,,Small molecule,MOL,0.5285022,81.06001558846454,True,,c1ccc(Nc2ncnc3cc(OCC4CC5CNCC5C4)ccc23)cc1,244
REP_01125,CHEMBL4847050,AFICAMTEN,CCc1nc(-c2ccc3c(c2)CC[C@H]3NC(=O)c2cnn(C)c2)no1,IOVAZWDIRCRMTM-OAHLLOKOSA-N,337.38,3.0,,True,False,False,phase_only,,Small molecule,MOL,0.5225513,80.98207326578331,True,,O=C(NC1CCc2cc(-c3ncon3)ccc21)c1cn[nH]c1,245
REP_00614,CHEMBL2103811,FOLITIXORIN CALCIUM,Nc1nc(=O)c2c([nH]1)NCC1CN(c3ccc(C(=O)N[C@@H](CCC(=O)[O-])C(=O)[O-])cc3)CN21,QYNUQALWYRSVHF-ABLWVSNPSA-L,455.43,3.0,,True,False,False,phase_only,,Small molecule,MOL,0.5145054,80.9041309431021,True,,O=c1nc[nH]c2c1N1CN(c3ccccc3)CC1CN2,246
REP_01093,CHEMBL4650323,TOLEBRUTINIB,C=CC(=O)N1CCC[C@@H](n2c(=O)n(-c3ccc(Oc4ccccc4)cc3)c3c(N)nccc32)C1,KOEUOFPEZFUWRF-LJQANCHMSA-N,455.52,3.0,,True,False,False,phase_only,,Small molecule,MOL,0.5042851,80.8261886204209,True,,O=c1n(-c2ccc(Oc3ccccc3)cc2)c2cnccc2n1C1CCCNC1,247
REP_00405,CHEMBL1088977,ADEMETIONINE,C[S+](CC[C@H](N)C(=O)[O-])C[C@H]1O[C@@H](n2cnc3c(N)ncnc32)[C@H](O)[C@@H]1O,MEFKEPWMEQBLKI-AIRLBKTGSA-N,398.45,3.0,,True,True,True,primary_atc_phase,,Small molecule,MOL,0.49512517,80.74824629773967,False,,c1ncc2ncn(C3CCCO3)c2n1,248
REP_00682,CHEMBL2107349,LECOZOTAN HYDROCHLORIDE,C[C@H](CN(C(=O)c1ccc(C#N)cc1)c1ccccn1)N1CCN(c2cccc3c2OCCO3)CC1,NRPQELCNMADTOZ-OAQYLSRUSA-N,483.57,3.0,,True,False,False,phase_only,,Small molecule,MOL,0.48789632,80.67030397505846,False,,O=C(c1ccccc1)N(CCN1CCN(c2cccc3c2OCCO3)CC1)c1ccccn1,249
REP_01090,CHEMBL4650316,GIREDESTRANT,C[C@@H]1Cc2c([nH]c3ccccc23)[C@@H](c2c(F)cc(NC3CN(CCCF)C3)cc2F)N1CC(F)(F)CO,GQCXHIKRWBIQMD-AKJBCIBTSA-N,522.56,3.0,,True,False,False,phase_only,,Small molecule,MOL,0.4780188,80.59236165237724,False,,c1ccc2c3c([nH]c2c1)C(c1ccc(NC2CNC2)cc1)NCC3,250
REP_00605,CHEMBL2074972,BENIDIPINE,COC(=O)C1=C(C)NC(C)=C(C(=O)OC2CCCN(Cc3ccccc3)C2)C1c1cccc([N+](=O)[O-])c1,QZVNQOLPLYWLHQ-UHFFFAOYSA-N,505.57,3.0,,True,False,False,phase_only,,Small molecule,MOL,0.46798283,80.51441932969603,False,,O=C(OC1CCCN(Cc2ccccc2)C1)C1=CNC=CC1c1ccccc1,251
REP_00402,CHEMBL108821,SITAFLOXACIN ANHYDROUS,N[C@@H]1CN(c2c(F)cc3c(=O)c(C(=O)O)cn([C@@H]4C[C@@H]4F)c3c2Cl)CC12CC2,PNUZDKCDAWUEGK-CYZMBNFOSA-N,409.82,3.0,,True,False,False,phase_only,,Small molecule,MOL,0.4653002,80.4364770070148,False,,O=c1ccn(C2CC2)c2cc(N3CCC4(CC4)C3)ccc12,252
REP_00219,CHEMBL2110805,EMEPRONIUM,CC[N+](C)(C)C(C)CC(c1ccccc1)c1ccccc1,JEJBJBKVPOWOQK-UHFFFAOYSA-N,282.45,4.0,,False,True,True,primary_atc_phase,,Small molecule,MOL,0.4439709,80.35853468433359,False,,c1ccc(Cc2ccccc2)cc1,253
REP_00829,CHEMBL3301601,VERUBECESTAT,CN1C(N)=N[C@](C)(c2cc(NC(=O)c3ccc(F)cn3)ccc2F)CS1(=O)=O,YHYKUSGACIYRML-KRWDZBQOSA-N,409.42,3.0,,True,False,False,phase_only,,Small molecule,MOL,0.42888469,80.28059236165238,False,,O=C(Nc1cccc(C2CS(=O)(=O)NC=N2)c1)c1ccccn1,254
REP_00049,CHEMBL1200969,DUTASTERIDE,C[C@]12C=CC(=O)N[C@@H]1CC[C@@H]1[C@@H]2CC[C@]2(C)[C@@H](C(=O)Nc3cc(C(F)(F)F)ccc3C(F)(F)F)CC[C@@H]12,JWJOTENAMICLJG-QWBYCMEYSA-N,528.54,4.0,,False,True,True,primary_atc_phase,,Small molecule,MOL,0.42614618,80.20265003897116,False,,O=C1C=CC2C(CCC3C2CCC2C(C(=O)Nc4ccccc4)CCC23)N1,255
REP_00990,CHEMBL4297435,RETAGLIPTIN,COC(=O)c1nc(C(F)(F)F)n2c1CN(C(=O)C[C@H](N)Cc1cc(F)c(F)cc1F)CC2,WIIAMRXFUJLYEF-SNVBAGLBSA-N,464.37,3.0,,True,False,False,phase_only,,Small molecule,MOL,0.42142564,80.12470771628995,False,,O=C(CCCc1ccccc1)N1CCn2cncc2C1,256
REP_00855,CHEMBL3545154,POZIOTINIB,C=CC(=O)N1CCC(Oc2cc3c(Nc4ccc(Cl)c(Cl)c4F)ncnc3cc2OC)CC1,LPFWVDIFUFFKJU-UHFFFAOYSA-N,491.35,3.0,,True,False,False,phase_only,,Small molecule,MOL,0.4172532,80.04676539360874,False,,c1ccc(Nc2ncnc3ccc(OC4CCNCC4)cc23)cc1,257
REP_00695,CHEMBL2107777,SATAVAPTAN,CCOc1ccc2c(c1)[C@]1(CC[C@H](CCN3CCOCC3)CC1)C(=O)N2S(=O)(=O)c1ccc(C(=O)NC(C)(C)C)cc1OC,CDSBFDCCJJDFCV-CKZSCMLPSA-N,627.8,3.0,,True,False,False,phase_only,,Small molecule,MOL,0.41562247,79.96882307092751,False,,O=C1N(S(=O)(=O)c2ccccc2)c2ccccc2C12CCC(CCN1CCOCC1)CC2,258
REP_00904,CHEMBL3904602,LEROCICLIB,CC(C)N1CCN(c2ccc(Nc3ncc4cc5n(c4n3)C3(CCCCC3)CNC5=O)nc2)CC1,YPJRHEKCFKOVRT-UHFFFAOYSA-N,474.61,3.0,,True,False,False,phase_only,,Small molecule,MOL,0.41513848,79.89088074824629,False,,O=C1NCC2(CCCCC2)n2c1cc1cnc(Nc3ccc(N4CCNCC4)cn3)nc12,259
REP_00928,CHEMBL3989966,CONTEZOLID ACEFOSAMIL,CC(=O)OP(=O)([O-])N(C[C@H]1CN(c2cc(F)c(N3C=CC(=O)CC3)c(F)c2F)C(=O)O1)c1ccon1,YCRAGJLWFBGKFE-CYBMUJFWSA-M,529.34,3.0,,True,False,False,phase_only,,Small molecule,MOL,0.40696526,79.81293842556508,False,,O=C1C=CN(c2ccc(N3CC(CNc4ccon4)OC3=O)cc2)CC1,260
REP_01196,CHEMBL5314535,PIMICOTINIB,Cc1nc(NC(=O)N2CCC(C)(C)C2=O)ccc1Oc1ccnc(-c2cnn(C)c2)c1,NXFPMDWYDKHFMM-UHFFFAOYSA-N,420.47,3.0,,True,False,False,phase_only,,Small molecule,MOL,0.40007874,79.73499610288387,False,,O=C1CCCN1C(=O)Nc1ccc(Oc2ccnc(-c3cn[nH]c3)c2)cn1,261
REP_00531,CHEMBL1697756,MARVELON,C#C[C@]1(O)CC[C@H]2[C@@H]3CCC4=CCCC[C@@H]4[C@H]3C(=C)C[C@@]21CC.C#C[C@]1(O)CC[C@H]2[C@@H]3CCc4cc(O)ccc4[C@H]3CC[C@@]21C,MXBCYQUALCBQIJ-RYVPXURESA-N,606.89,3.0,,True,False,False,phase_only,,Small molecule,MOL,0.39361772,79.65705378020265,False,,C=C1CC2CCCC2C2CCC3=CCCCC3C12.c1ccc2c(c1)CCC1C2CCC2CCCC21,262
REP_00999,CHEMBL4297507,DELGOCITINIB,C[C@H]1CN(C(=O)CC#N)[C@]12CCN(c1ncnc3[nH]ccc13)C2,LOWWYYZBZNSPDT-ZBEGNZNMSA-N,310.36,3.0,,True,False,False,phase_only,,Small molecule,MOL,0.38904387,79.57911145752144,False,,c1nc(N2CCC3(CCN3)C2)c2cc[nH]c2n1,263
REP_00454,CHEMBL1234270,ARFOLITIXORIN,Nc1nc2c(c(=O)[nH]1)N1CN(c3ccc(C(=O)N[C@@H](CCC(=O)O)C(=O)O)cc3)C[C@H]1CN2,QYNUQALWYRSVHF-OLZOCXBDSA-N,457.45,3.0,,True,False,False,phase_only,,Small molecule,MOL,0.38534012,79.46219797349961,False,,O=c1[nH]cnc2c1N1CN(c3ccccc3)CC1CN2,264
REP_00425,CHEMBL117348,FOLITIXORIN,Nc1nc(=O)c2c([nH]1)NCC1CN(c3ccc(C(=O)N[C@@H](CCC(=O)O)C(=O)O)cc3)CN21,QYNUQALWYRSVHF-ABLWVSNPSA-N,457.45,3.0,,True,False,False,phase_only,,Small molecule,MOL,0.38534012,79.46219797349961,False,,O=c1nc[nH]c2c1N1CN(c3ccccc3)CC1CN2,265
REP_00667,CHEMBL2106068,ATRASENTAN HYDROCHLORIDE,CCCCN(CCCC)C(=O)CN1C[C@H](c2ccc3c(c2)OCO3)[C@@H](C(=O)O)[C@@H]1c1ccc(OC)cc1,MOTJMGVDPWRKOC-QPVYNBJUSA-N,510.63,3.0,,True,False,False,phase_only,,Small molecule,MOL,0.3383325,79.34528448947779,False,,c1ccc(C2CC(c3ccc4c(c3)OCO4)CN2)cc1,266
REP_00764,CHEMBL25336,BISANTRENE,C(=N\NC1=NCCN1)/c1c2ccccc2c(/C=N/NC2=NCCN2)c2ccccc12,NJSMWLQOCQIOPE-OCHFTUDZSA-N,398.47,3.0,,True,False,False,phase_only,,Small molecule,MOL,0.33333337,79.11145752143413,False,,C(=NNC1=NCCN1)c1c2ccccc2c(C=NNC2=NCCN2)c2ccccc12,267
REP_01039,CHEMBL431701,SILYBIN A,COc1cc([C@H]2Oc3cc([C@H]4Oc5cc(O)cc(O)c5C(=O)[C@@H]4O)ccc3O[C@@H]2CO)ccc1O,SEBFKMXJBCUCAI-HKTJVKLFSA-N,482.44,3.0,,True,False,False,phase_only,,Small molecule,MOL,0.33333337,79.11145752143413,False,,O=C1CC(c2ccc3c(c2)OC(c2ccccc2)CO3)Oc2ccccc21,268
REP_01279,CHEMBL9509,SILIBININ,COc1cc(C2Oc3cc([C@H]4Oc5cc(O)cc(O)c5C(=O)[C@@H]4O)ccc3OC2CO)ccc1O,SEBFKMXJBCUCAI-DBMPWETRSA-N,482.44,3.0,,True,True,False,primary_atc_phase,,Small molecule,MOL,0.33333337,79.11145752143413,False,,O=C1CC(c2ccc3c(c2)OC(c2ccccc2)CO3)Oc2ccccc21,269
REP_00258,CHEMBL333826,DEQUALINIUM,Cc1cc(N)c2ccccc2[n+]1CCCCCCCCCC[n+]1c(C)cc(N)c2ccccc21,PCSWXVJAIHCTMO-UHFFFAOYSA-P,456.68,4.0,,False,True,False,primary_atc_phase,,Small molecule,MOL,0.33333337,79.11145752143413,False,,c1ccc2c(c1)ccc[n+]2CCCCCCCCCC[n+]1cccc2ccccc21,270
REP_00615,CHEMBL2103823,TASISULAM SODIUM,O=C([N-]S(=O)(=O)c1ccc(Br)s1)c1ccc(Cl)cc1Cl,WWONFUQGBVOKOF-UHFFFAOYSA-M,414.11,3.0,,True,False,False,phase_only,,Small molecule,MOL,0.33333337,79.11145752143413,False,,O=C([N-]S(=O)(=O)c1cccs1)c1ccccc1,271
REP_00540,CHEMBL1738699,N6022,Cc1cc(C(N)=O)ccc1-n1c(CCC(=O)O)ccc1-c1ccc(-n2ccnc2)cc1,YVPGZQLRPAGKLA-UHFFFAOYSA-N,414.47,3.0,,True,False,False,phase_only,,Small molecule,MOL,0.33333334,78.48791893998441,False,,c1ccc(-n2cccc2-c2ccc(-n3ccnc3)cc2)cc1,272
REP_00989,CHEMBL4297431,HENAGLIFLOZIN,CCOc1ccc(Cc2cc([C@@]34OC[C@@](CO)(O3)[C@@H](O)[C@H](O)[C@H]4O)ccc2Cl)cc1F,HYTPDMFFHVZBOR-VNXMGFANSA-N,454.88,3.0,,True,False,False,phase_only,,Small molecule,MOL,0.33333334,78.48791893998441,False,,c1ccc(Cc2cccc(C34CCCC(CO3)O4)c2)cc1,273
REP_01067,CHEMBL4594298,ENCEQUIDAR,COc1cc2c(cc1OC)CN(CCc1ccc(-n3nnc(-c4cc(OC)c(OC)cc4NC(=O)c4cc(=O)c5ccccc5o4)n3)cc1)CC2,AHJUHHDDCJQACA-UHFFFAOYSA-N,688.74,3.0,,True,False,False,phase_only,,Small molecule,MOL,0.33333334,78.48791893998441,False,,O=C(Nc1ccccc1-c1nnn(-c2ccc(CCN3CCc4ccccc4C3)cc2)n1)c1cc(=O)c2ccccc2o1,274
REP_01225,CHEMBL57242,AZILSARTAN,CCOc1nc2cccc(C(=O)O)c2n1Cc1ccc(-c2ccccc2-c2noc(=O)[nH]2)cc1,KGSXMPPBFPAXLY-UHFFFAOYSA-N,456.46,3.0,,True,False,False,phase_only,,Small molecule,MOL,0.33333334,78.48791893998441,False,,O=c1[nH]c(-c2ccccc2-c2ccc(Cn3cnc4ccccc43)cc2)no1,275
REP_00684,CHEMBL2107358,OBATOCLAX MESYLATE,COC1=CC(c2cc3ccccc3[nH]2)=N/C1=C\c1[nH]c(C)cc1C,RFTSSZJZXOSICM-GRSHGNNSSA-N,317.39,3.0,,True,False,False,phase_only,,Small molecule,MOL,0.33333334,78.48791893998441,False,,C1=CC(c2cc3ccccc3[nH]2)=NC1=Cc1ccc[nH]1,276
REP_00406,CHEMBL1091644,LINSITINIB,C[C@]1(O)C[C@@H](c2nc(-c3ccc4ccc(-c5ccccc5)nc4c3)c3c(N)nccn32)C1,PKCDDUHJAFVJJB-VLZXCDOPSA-N,421.5,3.0,,True,False,False,phase_only,,Small molecule,MOL,0.33333334,78.48791893998441,False,,c1ccc(-c2ccc3ccc(-c4nc(C5CCC5)n5ccncc45)cc3n2)cc1,277
REP_01253,CHEMBL68117,VOSAROXIN,CN[C@H]1CN(c2ccc3c(=O)c(C(=O)O)cn(-c4nccs4)c3n2)C[C@@H]1OC,XZAFZXJXZHRNAQ-STQMWFEESA-N,401.45,3.0,,True,False,False,phase_only,,Small molecule,MOL,0.33333334,78.48791893998441,False,,O=c1ccn(-c2nccs2)c2nc(N3CCCC3)ccc12,278
REP_00899,CHEMBL3833333,NABIXIMOLS,C=C(C)[C@@H]1CCC(C)=C[C@H]1c1c(O)cc(CCCCC)cc1O.CCCCCc1cc(O)c2c(c1)OC(C)(C)[C@@H]1CCC(C)=C[C@@H]21,SSNHGLKFJISNTR-DYSNNVSPSA-N,628.94,3.0,,True,False,False,phase_only,,Small molecule,MOL,0.33333334,78.48791893998441,False,,C1=CC(c2ccccc2)CCC1.C1=CC2c3ccccc3OCC2CC1,279
REP_01037,CHEMBL4303665,BENFOTIAMINE,C/C(=C(\CCOP(=O)(O)O)SC(=O)c1ccccc1)N(C=O)Cc1cnc(C)nc1N,BTNNPSLJPBRMLZ-LGMDPLHJSA-N,466.46,3.0,,True,True,False,primary_atc_phase,,Small molecule,MOL,0.33333334,78.48791893998441,False,,O=C(SC=CNCc1cncnc1)c1ccccc1,280
REP_00563,CHEMBL186179,MURAGLITAZAR,COc1ccc(OC(=O)N(CC(=O)O)Cc2ccc(OCCc3nc(-c4ccccc4)oc3C)cc2)cc1,IRLWJILLXJGJTD-UHFFFAOYSA-N,516.55,3.0,,True,False,False,phase_only,,Small molecule,MOL,0.33333334,78.48791893998441,False,,O=C(NCc1ccc(OCCc2coc(-c3ccccc3)n2)cc1)Oc1ccccc1,281
REP_00750,CHEMBL240163,PAZUFLOXACIN,C[C@H]1COc2c(C3(N)CC3)c(F)cc3c(=O)c(C(=O)O)cn1c23,XAGMUUZPGZWTRP-ZETCQYMHSA-N,318.3,3.0,,True,False,False,phase_only,,Small molecule,MOL,0.33333334,78.48791893998441,False,,O=c1ccn2c3c(c(C4CC4)ccc13)OCC2,282
REP_00706,CHEMBL2111084,BELOTECAN,CC[C@@]1(O)C(=O)OCc2c1cc1n(c2=O)Cc2c-1nc1ccccc1c2CCNC(C)C,LNHWXBUNXOXMRL-VWLOTQADSA-N,433.51,3.0,,True,False,False,phase_only,,Small molecule,MOL,0.3333333,77.9423226812159,False,,O=C1Cc2cc3n(c(=O)c2CO1)Cc1cc2ccccc2nc1-3,283
REP_00996,CHEMBL4297504,BELORANIB,CO[C@@H]1[C@H](OC(=O)/C=C/c2ccc(OCCN(C)C)cc2)CC[C@]2(CO2)[C@H]1[C@@]1(C)O[C@@H]1CC=C(C)C,ZEZFKUBILQRZCK-MJSCXXSSSA-N,499.65,3.0,,True,False,False,phase_only,,Small molecule,MOL,0.3333333,77.9423226812159,False,,O=C(C=Cc1ccccc1)OC1CCC2(CO2)C(C2CO2)C1,284
REP_01247,CHEMBL61780,TEZOSENTAN,COc1ccccc1Oc1c(NS(=O)(=O)c2ccc(C(C)C)cn2)nc(-c2ccnc(-c3nnn[nH]3)c2)nc1OCCO,TUYWTLTWNJOZNY-UHFFFAOYSA-N,605.64,3.0,,True,False,False,phase_only,,Small molecule,MOL,0.3333333,77.9423226812159,False,,O=S(=O)(Nc1nc(-c2ccnc(-c3nnn[nH]3)c2)ncc1Oc1ccccc1)c1ccccn1,285
REP_01156,CHEMBL5095172,BRILAROXAZINE,O=C1COc2ccc(OCCCCN3CCN(c4cccc(Cl)c4Cl)CC3)cc2N1,PMKMNTBZJOXTJW-UHFFFAOYSA-N,450.37,3.0,,True,False,False,phase_only,,Small molecule,MOL,0.33247256,77.78643803585346,False,,O=C1COc2ccc(OCCCCN3CCN(c4ccccc4)CC3)cc2N1,286
REP_00634,CHEMBL2104523,CINITAPRIDE,CCOc1cc(N)c([N+](=O)[O-])cc1C(=O)NC1CCN(CC2CC=CCC2)CC1,ZDLBNXXKDMLZMF-UHFFFAOYSA-N,402.5,3.0,,True,True,False,primary_atc_phase,,Small molecule,MOL,0.32553506,77.70849571317225,False,,O=C(NC1CCN(CC2CC=CCC2)CC1)c1ccccc1,287
REP_00224,CHEMBL2159122,ELUXADOLINE,COc1ccc(CN(C(=O)[C@@H](N)Cc2c(C)cc(C(N)=O)cc2C)[C@@H](C)c2ncc(-c3ccccc3)[nH]2)cc1C(=O)O,QFNHIDANIVGXPE-FNZWTVRRSA-N,569.66,4.0,,False,True,False,primary_atc_phase,,Small molecule,MOL,0.32457587,77.63055339049104,False,,O=C(CCc1ccccc1)N(Cc1ccccc1)Cc1ncc(-c2ccccc2)[nH]1,288
REP_00786,CHEMBL279785,MARIMASTAT,CNC(=O)[C@@H](NC(=O)[C@H](CC(C)C)[C@H](O)C(=O)NO)C(C)(C)C,OCSMOTCMPXTDND-OUAUKWLOSA-N,331.41,3.0,,True,False,False,phase_only,,Small molecule,MOL,0.32423264,77.55261106780982,False,,,289
REP_01123,CHEMBL48361,DABIGATRAN,Cn1c(CNc2ccc(C(=N)N)cc2)nc2cc(C(=O)N(CCC(=O)O)c3ccccn3)ccc21,YBSJFWOBGCMAKL-UHFFFAOYSA-N,471.52,3.0,,True,False,False,phase_only,,Small molecule,MOL,0.32376888,77.47466874512861,False,,O=C(Nc1ccccn1)c1ccc2[nH]c(CNc3ccccc3)nc2c1,290
REP_00825,CHEMBL3286580,IDALOPIRDINE,Fc1ccc2c(CCNCc3cccc(OCC(F)(F)C(F)F)c3)c[nH]c2c1,YBAWYTYNMZWMMJ-UHFFFAOYSA-N,398.38,3.0,,True,False,False,phase_only,,Small molecule,MOL,0.32173654,77.39672642244739,False,,c1ccc(CNCCc2c[nH]c3ccccc23)cc1,291
REP_00332,CHEMBL599,MELOXICAM,Cc1cnc(NC(=O)C2=C(O)c3ccccc3S(=O)(=O)N2C)s1,ZRVUJXDFFKFLMG-UHFFFAOYSA-N,351.41,4.0,,False,True,True,primary_atc_phase,,Small molecule,MOL,0.32163388,77.31878409976616,False,,O=C(Nc1nccs1)C1=Cc2ccccc2S(=O)(=O)N1,292
REP_00894,CHEMBL3753858,RIDINILAZOLE,c1cc(-c2nc3cc(-c4ccc5[nH]c(-c6ccncc6)nc5c4)ccc3[nH]2)ccn1,UHQFBTAJFNVZIV-UHFFFAOYSA-N,388.43,3.0,,True,False,False,phase_only,,Small molecule,MOL,0.31623548,77.24084177708495,False,,c1cc(-c2nc3cc(-c4ccc5[nH]c(-c6ccncc6)nc5c4)ccc3[nH]2)ccn1,293
REP_00140,CHEMBL1517,OXYTETRACYCLINE,CN(C)[C@@H]1C(O)=C(C(N)=O)C(=O)[C@@]2(O)C(O)=C3C(=O)c4c(O)cccc4[C@@](C)(O)[C@H]3[C@H](O)[C@@H]12,IWVCMVBTMGNXQD-PXOLEDIWSA-N,460.44,4.0,,False,True,False,primary_atc_phase,,Small molecule,MOL,0.31546524,77.16289945440374,False,,O=C1C2=CC3C(=O)C=CCC3CC2Cc2ccccc21,294
REP_00953,CHEMBL41632,TIRATRICOL,O=C(O)Cc1cc(I)c(Oc2ccc(O)c(I)c2)c(I)c1,UOWZUVNAGUAEQC-UHFFFAOYSA-N,621.93,3.0,,True,False,False,phase_only,,Small molecule,MOL,0.314298,77.08495713172252,False,,c1ccc(Oc2ccccc2)cc1,295
REP_00553,CHEMBL1800955,OMECAMTIV MECARBIL,COC(=O)N1CCN(Cc2cccc(NC(=O)Nc3ccc(C)nc3)c2F)CC1,RFUBTTPMWSKEIW-UHFFFAOYSA-N,401.44,3.0,,True,False,False,phase_only,,Small molecule,MOL,0.3125398,77.00701480904131,False,,O=C(Nc1cccnc1)Nc1cccc(CN2CCNCC2)c1,296
REP_00120,CHEMBL1419,SIBUTRAMINE,CC(C)CC(N(C)C)C1(c2ccc(Cl)cc2)CCC1,UNAANXDKBXWMLN-UHFFFAOYSA-N,279.86,4.0,,False,True,False,primary_atc_phase,,Small molecule,MOL,0.3102332,76.9290724863601,False,,c1ccc(C2CCC2)cc1,297
REP_01010,CHEMBL4297600,RELDESEMTIV,NC(=O)c1ccn(-c2cnc(NC[C@]3(c4ncccc4F)C[C@H](F)C3)nc2)c1,MQXWPWOCXGARRK-HJGJAMNPSA-N,384.39,3.0,,True,False,False,phase_only,,Small molecule,MOL,0.3091398,76.85113016367889,False,,c1ccc(C2(CNc3ncc(-n4cccc4)cn3)CCC2)nc1,298
REP_01214,CHEMBL550781,DEXLOXIGLUMIDE,CCCCCN(CCCOC)C(=O)[C@@H](CCC(=O)O)NC(=O)c1ccc(Cl)c(Cl)c1,QNQZBKQEIFTHFZ-GOSISDBHSA-N,461.39,3.0,,True,False,False,phase_only,,Small molecule,MOL,0.30704498,76.77318784099766,False,,c1ccccc1,299
REP_00056,CHEMBL1201196,SERTACONAZOLE,Clc1ccc(C(Cn2ccnc2)OCc2csc3c(Cl)cccc23)c(Cl)c1,JLGKQTAYUIMGRK-UHFFFAOYSA-N,437.78,4.0,,False,True,False,primary_atc_phase,,Small molecule,MOL,0.30668008,76.69524551831644,False,,c1ccc(C(Cn2ccnc2)OCc2csc3ccccc23)cc1,300
REP_00604,CHEMBL2074689,ZOSUQUIDAR TRIHYDROCHLORIDE,O[C@@H](COc1cccc2ncccc12)CN1CCN([C@@H]2c3ccccc3[C@@H]3[C@H](c4ccccc42)C3(F)F)CC1,IHOVFYSQUDPMCN-DBEBIPAYSA-N,527.62,3.0,,True,False,False,phase_only,,Small molecule,MOL,0.30568984,76.61730319563523,False,,c1ccc2c(c1)C1CC1c1ccccc1C2N1CCN(CCCOc2cccc3ncccc23)CC1,301
REP_00125,CHEMBL1434,MINOCYCLINE,CN(C)c1ccc(O)c2c1C[C@H]1C[C@H]3[C@H](N(C)C)C(O)=C(C(N)=O)C(=O)[C@@]3(O)C(O)=C1C2=O,DYKFCLLONBREIL-KVUCHLLUSA-N,457.48,4.0,,False,True,False,primary_atc_phase,,Small molecule,MOL,0.3048457,76.539360872954,False,,O=C1C2=CC3C(=O)C=CCC3CC2Cc2ccccc21,302
REP_00808,CHEMBL3126004,FOSGEMCITABINE PALABENAMIDE,C[C@H](NP(=O)(OC[C@H]1O[C@@H](n2ccc(N)nc2=O)C(F)(F)[C@@H]1O)Oc1ccccc1)C(=O)OCc1ccccc1,NHTKGYOMICWFQZ-KKQYNPQSSA-N,580.48,3.0,,True,False,False,phase_only,,Small molecule,MOL,0.301326,76.4614185502728,False,,O=C(CNP(=O)(OCC1CCC(n2cccnc2=O)O1)Oc1ccccc1)OCc1ccccc1,303
REP_01084,CHEMBL4650214,ZANDELISIB,CN1CCC(c2ccccc2CC(C)(C)Nc2nc(N3CCOCC3)nc(-n3c(C(F)F)nc4ccccc43)n2)CC1,WPFUFWIHMYZXSF-UHFFFAOYSA-N,576.7,3.0,,True,False,False,phase_only,,Small molecule,MOL,0.3005257,76.38347622759159,False,,c1ccc(C2CCNCC2)c(CCNc2nc(N3CCOCC3)nc(-n3cnc4ccccc43)n2)c1,304
REP_01034,CHEMBL4303209,PAEONIFLORIN,C[C@@]12C[C@@]3(O)O[C@@H](O1)[C@]1(COC(=O)c4ccccc4)[C@H]3C[C@@]12O[C@@H]1O[C@H](CO)[C@@H](O)[C@H](O)[C@H]1O,YKRGDOXKVOZESV-WRJNSLSBSA-N,480.47,3.0,,True,False,False,phase_only,,Small molecule,MOL,0.29673362,76.30553390491036,False,,O=C(OCC12C3OC4CC(O3)C1(OC1CCCCO1)CC42)c1ccccc1,305
REP_00522,CHEMBL1628688,ZIBOTENTAN,COc1nc(C)cnc1NS(=O)(=O)c1cccnc1-c1ccc(-c2nnco2)cc1,FJHHZXWJVIEFGJ-UHFFFAOYSA-N,424.44,3.0,,True,False,False,phase_only,,Small molecule,MOL,0.29526338,76.22759158222915,False,,O=S(=O)(Nc1cnccn1)c1cccnc1-c1ccc(-c2nnco2)cc1,306
REP_01025,CHEMBL4297658,IPRAGLIFLOZIN L-PROLINE,O=C(O)[C@@H]1CCCN1.OC[C@H]1O[C@@H](c2ccc(F)c(Cc3cc4ccccc4s3)c2)[C@H](O)[C@@H](O)[C@@H]1O,TUVGWWULBZIUBS-FVYIYGEMSA-N,519.59,3.0,,True,False,False,phase_only,,Small molecule,MOL,0.2935874,76.14964925954794,False,,C1CCNC1.c1cc(Cc2cc3ccccc3s2)cc(C2CCCCO2)c1,307
REP_00678,CHEMBL2107312,ARBACLOFEN PLACARBIL,CC(C)C(=O)O[C@@H](OC(=O)NC[C@H](CC(=O)O)c1ccc(Cl)cc1)C(C)C,JXTAALBWJQJLGN-KSSFIOAISA-N,399.87,3.0,,True,False,False,phase_only,,Small molecule,MOL,0.29061583,76.07170693686672,False,,c1ccccc1,308
REP_00832,CHEMBL3317856,GEPOTIDACIN,O=c1ccc2ncc(=O)n3c2n1C[C@H]3CN1CCC(NCc2cc3c(cn2)OCCC3)CC1,PZFAZQUREQIODZ-LJQANCHMSA-N,448.53,3.0,,True,False,False,phase_only,,Small molecule,MOL,0.28871784,75.9937646141855,False,,O=c1ccc2ncc(=O)n3c2n1CC3CN1CCC(NCc2cc3c(cn2)OCCC3)CC1,309
REP_00187,CHEMBL192,SILDENAFIL,CCCc1nn(C)c2c(=O)[nH]c(-c3cc(S(=O)(=O)N4CCN(C)CC4)ccc3OCC)nc12,BNRNXUUZRGQAQC-UHFFFAOYSA-N,474.59,4.0,,False,True,True,primary_atc_phase,,Small molecule,MOL,0.28785712,75.91582229150428,False,,O=c1[nH]c(-c2cccc(S(=O)(=O)N3CCNCC3)c2)nc2cn[nH]c12,310
REP_00223,CHEMBL2147777,TENELIGLIPTIN,Cc1cc(N2CCN([C@@H]3CN[C@H](C(=O)N4CCSC4)C3)CC2)n(-c2ccccc2)n1,WGRQANOPCQRCME-PMACEKPBSA-N,426.59,4.0,,False,True,True,primary_atc_phase,,Small molecule,MOL,0.28730163,75.83787996882307,False,,O=C(C1CC(N2CCN(c3ccnn3-c3ccccc3)CC2)CN1)N1CCSC1,311
REP_00991,CHEMBL4297445,TRC-150094,Cc1cc(Cc2c(C)nn(CCC(=O)O)c2C)c2c(c1O)CCC2,OFUOCIUIWKDKPA-UHFFFAOYSA-N,328.41,3.0,,True,False,False,phase_only,,Small molecule,MOL,0.2866049,75.75993764614185,False,,c1cc2c(c(Cc3cn[nH]c3)c1)CCC2,312
REP_00273,CHEMBL372795,STREPTOMYCIN,CN[C@@H]1[C@H](O[C@H]2[C@H](O[C@H]3[C@H](O)[C@@H](O)[C@H](N=C(N)N)[C@@H](O)[C@@H]3N=C(N)N)O[C@@H](C)[C@]2(O)C=O)O[C@@H](CO)[C@H](O)[C@H]1O,UCSJYZPVAKXKNQ-HZYVHMACSA-N,581.58,4.0,,False,True,False,primary_atc_phase,,Small molecule,MOL,0.28637823,75.68199532346064,False,,C1CCC(OC2OCCC2OC2CCCCO2)CC1,313
REP_01149,CHEMBL5095033,IBCASERTIB,COc1ccc2c(Oc3ccc4c(C(=O)Nc5ccccc5N)cccc4c3)ccnc2c1,BRKWREZNORONDU-UHFFFAOYSA-N,435.48,3.0,,True,False,False,phase_only,,Small molecule,MOL,0.28453487,75.60405300077943,False,,O=C(Nc1ccccc1)c1cccc2cc(Oc3ccnc4ccccc34)ccc12,314
REP_00957,CHEMBL422648,PRULIFLOXACIN,Cc1oc(=O)oc1CN1CCN(c2cc3c(cc2F)c(=O)c(C(=O)O)c2n3C(C)S2)CC1,PWNMXPDKBYZCOO-UHFFFAOYSA-N,461.47,3.0,,True,False,False,phase_only,,Small molecule,MOL,0.2812253,75.5261106780982,False,,O=c1occ(CN2CCN(c3ccc4c(=O)cc5n(c4c3)CS5)CC2)o1,315
REP_01041,CHEMBL435191,EDOTECARIN,O=C1c2c(c3c4ccc(O)cc4n([C@@H]4O[C@H](CO)[C@@H](O)[C@H](O)[C@H]4O)c3c3[nH]c4cc(O)ccc4c23)C(=O)N1NC(CO)CO,QMVPQBFHUJZJCS-NTKFZFFISA-N,608.56,3.0,,True,False,False,phase_only,,Small molecule,MOL,0.2807227,75.44816835541698,False,,O=C1NC(=O)c2c1c1c3ccccc3[nH]c1c1c2c2ccccc2n1C1CCCCO1,316
REP_00680,CHEMBL2107337,ENZASTAURIN HYDROCHLORIDE,Cn1cc(C2=C(c3cn(C4CCN(Cc5ccccn5)CC4)c4ccccc34)C(=O)NC2=O)c2ccccc21,AXRCEOKUDYDWLF-UHFFFAOYSA-N,515.62,3.0,,True,False,False,phase_only,,Small molecule,MOL,0.2802333,75.37022603273577,False,,O=C1NC(=O)C(c2cn(C3CCN(Cc4ccccn4)CC3)c3ccccc23)=C1c1c[nH]c2ccccc12,317
REP_00688,CHEMBL2107384,VICRIVIROC MALEATE,COC[C@@H](c1ccc(C(F)(F)F)cc1)N1CCN(C2(C)CCN(C(=O)c3c(C)ncnc3C)CC2)C[C@@H]1C,CNPVJJQCETWNEU-CYFREDJKSA-N,533.64,3.0,,True,False,False,phase_only,,Small molecule,MOL,0.2788219,75.29228371005456,False,,O=C(c1cncnc1)N1CCC(N2CCN(Cc3ccccc3)CC2)CC1,318
REP_00108,CHEMBL1370,BUDESONIDE,CCCC1O[C@@H]2C[C@H]3[C@@H]4CCC5=CC(=O)C=C[C@]5(C)[C@H]4[C@@H](O)C[C@]3(C)[C@]2(C(=O)CO)O1,VOVIALXJUBGFJZ-KWVAZRHASA-N,430.54,4.0,,False,True,False,primary_atc_phase,,Small molecule,MOL,0.27853954,75.21434138737334,False,,O=C1C=CC2C(=C1)CCC1C2CCC2C1CC1OCOC12,319
REP_00993,CHEMBL4297477,BREPOCITINIB,Cn1cc(Nc2nccc(N3C[C@H]4CC[C@@H](C3)N4C(=O)[C@@H]3CC3(F)F)n2)cn1,BUWBRTXGQRBBHG-MJBXVCDLSA-N,389.41,3.0,,True,False,False,phase_only,,Small molecule,MOL,0.27705142,75.13639906469213,False,,O=C(C1CC1)N1C2CCC1CN(c1ccnc(Nc3cn[nH]c3)n1)C2,320
REP_00652,CHEMBL2105561,SURICLONE,CN1CCN(C(=O)OC2C3=C(SCCS3)C(=O)N2c2ccc3ccc(Cl)nc3n2)CC1,RMXOUBDDDQUBKD-UHFFFAOYSA-N,478.0,3.0,,True,False,False,phase_only,,Small molecule,MOL,0.2730084,75.05845674201092,False,,O=C(OC1C2=C(SCCS2)C(=O)N1c1ccc2cccnc2n1)N1CCNCC1,321
REP_00450,CHEMBL1231700,CITICOLINE,C[N+](C)(C)CCOP(=O)(O)OP(=O)([O-])OC[C@H]1O[C@@H](n2ccc(N)nc2=O)[C@H](O)[C@@H]1O,RZZPDXZPRHQOCG-OJAKKHQRSA-N,488.33,3.0,,True,False,False,phase_only,,Small molecule,MOL,0.27100056,74.94154325798908,False,,O=c1ncccn1C1CCCO1,322
REP_00468,CHEMBL1256994,CITICOLINE SODIUM,C[N+](C)(C)CCOP(=O)([O-])OP(=O)([O-])OC[C@H]1O[C@@H](n2ccc(N)nc2=O)[C@H](O)[C@@H]1O,RZZPDXZPRHQOCG-OJAKKHQRSA-M,487.32,3.0,,True,False,False,phase_only,,Small molecule,MOL,0.27100056,74.94154325798908,False,,O=c1ncccn1C1CCCO1,323
REP_00863,CHEMBL3545407,TRABODENOSON,O=[N+]([O-])OC[C@H]1O[C@@H](n2cnc3c(NC4CCCC4)ncnc32)[C@H](O)[C@@H]1O,AQLVRTWKJDTWQQ-SDBHATRESA-N,380.36,3.0,,True,False,False,phase_only,,Small molecule,MOL,0.27089548,74.82462977396726,False,,c1nc(NC2CCCC2)c2ncn(C3CCCO3)c2n1,324
REP_01170,CHEMBL5095419,FOSGONIMETON,CCCCCC(=O)N[C@@H](Cc1ccc(OP(=O)(O)O)cc1)C(=O)N[C@H](C(=O)NCCCCCC(N)=O)[C@@H](C)CC,MBYDCPOKVKDSFD-JTJYXVOQSA-N,584.65,3.0,,True,False,False,phase_only,,Small molecule,MOL,0.27008522,74.74668745128605,False,,c1ccccc1,325
REP_00922,CHEMBL3989929,AZELIRAGON,CCCCc1nc(-c2ccc(OCCCN(CC)CC)cc2)cn1-c1ccc(Oc2ccc(Cl)cc2)cc1,KJNNWYBAOPXVJY-UHFFFAOYSA-N,532.13,3.0,,True,False,False,phase_only,,Small molecule,MOL,0.2680425,74.66874512860483,False,,c1ccc(Oc2ccc(-n3cnc(-c4ccccc4)c3)cc2)cc1,326
REP_00923,CHEMBL3989936,VILAPRISAN,C[C@]12C[C@H](c3ccc(S(C)(=O)=O)cc3)C3=C4CCC(=O)C=C4CC[C@H]3[C@@H]1CC[C@@]2(O)C(F)(F)C(F)(F)F,JUFWQQVHQFDUOD-ANRPBIDPSA-N,544.58,3.0,,True,False,False,phase_only,,Small molecule,MOL,0.26654625,74.59080280592362,False,,O=C1C=C2CCC3C(=C2CC1)C(c1ccccc1)CC1CCCC13,327
REP_00408,CHEMBL109480,TANESPIMYCIN,C=CCNC1=C2C[C@@H](C)C[C@H](OC)[C@H](O)[C@@H](C)/C=C(\C)[C@H](OC(N)=O)[C@@H](OC)/C=C\C=C(/C)C(=O)NC(=CC1=O)C2=O,AYUNIORJHRXIBJ-TXHRRWQRSA-N,585.7,3.0,,True,False,False,phase_only,,Small molecule,MOL,0.26377487,74.5128604832424,False,,O=C1C=C2CCCCCCC=CCCC=CC=CC(=O)NC(=C1)C2=O,328
REP_00217,CHEMBL2107830,EMPAGLIFLOZIN,OC[C@H]1O[C@@H](c2ccc(Cl)c(Cc3ccc(O[C@H]4CCOC4)cc3)c2)[C@H](O)[C@@H](O)[C@@H]1O,OBWASQILIWPZMG-QZMOQZSNSA-N,450.92,4.0,,False,True,True,primary_atc_phase,,Small molecule,MOL,0.2600849,74.43491816056118,False,,c1cc(Cc2ccc(OC3CCOC3)cc2)cc(C2CCCCO2)c1,329
REP_01064,CHEMBL4592045,NAVACAPRANT,CCc1cc(F)c2nc(N3CCC(NC4CCOCC4)CC3)c(-c3nc(C)no3)c(C)c2c1,CQOJHAJWCDJEAT-UHFFFAOYSA-N,453.56,3.0,,True,False,False,phase_only,,Small molecule,MOL,0.25738406,74.35697583787997,False,,c1ccc2nc(N3CCC(NC4CCOCC4)CC3)c(-c3ncno3)cc2c1,330
REP_00539,CHEMBL1733174,MOSAPRIDE CITRATE,CCOc1cc(N)c(Cl)cc1C(=O)NCC1CN(Cc2ccc(F)cc2)CCO1.O=C(O)CC(O)(CC(=O)O)C(=O)O,HUZTYZBFZKRPFG-UHFFFAOYSA-N,614.02,3.0,,True,False,False,phase_only,,Small molecule,MOL,0.25665462,74.27903351519876,False,,O=C(NCC1CN(Cc2ccccc2)CCO1)c1ccccc1,331
REP_01120,CHEMBL482035,BICYCLOL,COC(=O)c1cc(OC)c2c(c1-c1c(CO)cc(OC)c3c1OCO3)OCO2,KXMTXZACPVCDMH-UHFFFAOYSA-N,390.34,3.0,,True,False,False,phase_only,,Small molecule,MOL,0.25612703,74.20109119251754,False,,c1cc2c(c(-c3cccc4c3OCO4)c1)OCO2,332
REP_00068,CHEMBL1201349,HEXAFLUORENIUM,C[N+](C)(CCCCCC[N+](C)(C)C1c2ccccc2-c2ccccc21)C1c2ccccc2-c2ccccc21,HDZAQYPYABGTCL-UHFFFAOYSA-N,502.75,4.0,,False,True,False,primary_atc_phase,,Small molecule,MOL,0.2553592,74.12314886983631,False,,c1ccc2c(c1)-c1ccccc1C2[NH2+]CCCCCC[NH2+]C1c2ccccc2-c2ccccc21,333
REP_01135,CHEMBL490672,FILIBUVIR,CCc1cc(CC[C@]2(C3CCCC3)CC(O)=C(Cc3nc4nc(C)cc(C)n4n3)C(=O)O2)cc(CC)n1,SLVAPEZTBDBAPI-GDLZYMKVSA-N,503.65,3.0,,True,False,False,phase_only,,Small molecule,MOL,0.25288275,74.0452065471551,False,,O=C1OC(CCc2ccncc2)(C2CCCC2)CC=C1Cc1nc2ncccn2n1,334
REP_00882,CHEMBL3703921,ENAVOGLIFLOZIN,OC[C@H]1O[C@@H](c2cc(Cc3ccc(C4CC4)cc3)c(Cl)c3c2CCO3)[C@H](O)[C@@H](O)[C@@H]1O,KORCWPOBTZTAFI-YVTYUBGGSA-N,446.93,3.0,,True,True,True,primary_atc_phase,,Small molecule,MOL,0.25,72.36944660950896,False,,c1cc(C2CC2)ccc1Cc1cc2c(c(C3CCCCO3)c1)CCO2,335
REP_00403,CHEMBL1088750,ARRY-797,CC(C)Cn1ncc2cc(Oc3ccc(F)cc3F)c(C(=O)NCCN(C)C)cc21,IFGWYHGYNVGVRB-UHFFFAOYSA-N,416.47,3.0,,True,False,False,phase_only,,Small molecule,MOL,0.25,72.36944660950896,False,,c1ccc(Oc2ccc3[nH]ncc3c2)cc1,336
REP_00842,CHEMBL348475,TARIQUIDAR,COc1cc2c(cc1OC)CN(CCc1ccc(NC(=O)c3cc(OC)c(OC)cc3NC(=O)c3cnc4ccccc4c3)cc1)CC2,LGGHDPFKSSRQNS-UHFFFAOYSA-N,646.74,3.0,,True,False,False,phase_only,,Small molecule,MOL,0.25,72.36944660950896,False,,O=C(Nc1ccccc1C(=O)Nc1ccc(CCN2CCc3ccccc3C2)cc1)c1cnc2ccccc2c1,337
REP_01204,CHEMBL5314931,SUDAPYRIDINE,COc1ncc(-c2ccc(Cl)cc2)cc1[C@@H](c1ccccc1)[C@@](O)(CCN(C)C)c1cccc2ccccc12,MMUCHWPQRGEHDV-ZFEZZJPFSA-N,537.1,3.0,,True,False,False,phase_only,,Small molecule,MOL,0.25,72.36944660950896,False,,c1ccc(-c2cncc(C(Cc3cccc4ccccc34)c3ccccc3)c2)cc1,338
REP_00811,CHEMBL3137331,DEFACTINIB,CNC(=O)c1ccc(Nc2ncc(C(F)(F)F)c(NCc3nccnc3N(C)S(C)(=O)=O)n2)cc1,FWLMVFUGMHIOAA-UHFFFAOYSA-N,510.5,3.0,,True,False,False,phase_only,,Small molecule,MOL,0.25,72.36944660950896,False,,c1ccc(Nc2nccc(NCc3cnccn3)n2)cc1,339
REP_00027,CHEMBL118,CELECOXIB,Cc1ccc(-c2cc(C(F)(F)F)nn2-c2ccc(S(N)(=O)=O)cc2)cc1,RZEKVGVHFLEQIL-UHFFFAOYSA-N,381.38,4.0,,False,True,True,primary_atc_phase,,Small molecule,MOL,0.25,72.36944660950896,False,,c1ccc(-c2ccnn2-c2ccccc2)cc1,340
REP_00726,CHEMBL221886,SISOMICIN,CN[C@@H]1[C@@H](O)[C@@H](O[C@@H]2[C@@H](O)[C@H](O[C@H]3OC(CN)=CC[C@H]3N)[C@@H](N)C[C@H]2N)OC[C@]1(C)O,URWAJWIAIPFPJE-YFMIWBNJSA-N,447.53,3.0,,True,False,False,phase_only,,Small molecule,MOL,0.25,72.36944660950896,False,,C1=COC(OC2CCCC(OC3CCCCO3)C2)CC1,341
REP_00743,CHEMBL2359248,ZEAXANTHIN,CC1=C(/C=C/C(C)=C/C=C/C(C)=C/C=C/C=C(C)/C=C/C=C(C)/C=C/C2=C(C)C[C@@H](O)CC2(C)C)C(C)(C)C[C@H](O)C1,JKQXZKUSFCKOGQ-QAYBQHTQSA-N,568.89,3.0,,True,False,False,phase_only,,Small molecule,MOL,0.25,72.36944660950896,False,,C(=CC=CC=CC=CC=CC1=CCCCC1)C=CC=CC=CC=CC1=CCCCC1,342
REP_00410,CHEMBL109648,CLAZOSENTAN,COc1ccccc1Oc1c(NS(=O)(=O)c2ccc(C)cn2)nc(-c2ccnc(-c3nnn[nH]3)c2)nc1OCCO,LFWCJABOXHSRGC-UHFFFAOYSA-N,577.58,3.0,,True,False,False,phase_only,,Small molecule,MOL,0.25,72.36944660950896,False,,O=S(=O)(Nc1nc(-c2ccnc(-c3nnn[nH]3)c2)ncc1Oc1ccccc1)c1ccccn1,343
REP_00457,CHEMBL1241855,RIGOSERTIB,COc1cc(OC)c(/C=C/S(=O)(=O)Cc2ccc(OC)c(NCC(=O)O)c2)c(OC)c1,OWBFCJROIKNMGD-BQYQJAHWSA-N,451.5,3.0,,True,False,False,phase_only,,Small molecule,MOL,0.25,72.36944660950896,False,,O=S(=O)(C=Cc1ccccc1)Cc1ccccc1,344
REP_00636,CHEMBL2104585,ECABET,CC(C)c1cc2c(cc1S(=O)(=O)O)[C@@]1(C)CCC[C@@](C)(C(=O)O)[C@@H]1CC2,IWCWQNVIUXZOMJ-MISYRCLQSA-N,380.51,3.0,,True,False,False,phase_only,,Small molecule,MOL,0.25,72.36944660950896,False,,c1ccc2c(c1)CCC1CCCCC21,345
REP_01014,CHEMBL4297609,OLOROFIM,Cc1cc(-c2ccccc2)c(C(=O)C(=O)Nc2ccc(N3CCN(c4ncc(F)cn4)CC3)cc2)n1C,SUFPWYYDCOKDLL-UHFFFAOYSA-N,498.56,3.0,,True,False,False,phase_only,,Small molecule,MOL,0.25,72.36944660950896,False,,O=C(Nc1ccc(N2CCN(c3ncccn3)CC2)cc1)C(=O)c1[nH]ccc1-c1ccccc1,346
REP_00618,CHEMBL2103836,IMAGABALIN,CCC[C@@H](C)C[C@H](N)CC(=O)O,JXEHXYFSIOYTAH-SFYZADRCSA-N,173.26,3.0,,True,False,False,phase_only,,Small molecule,MOL,0.25,72.36944660950896,False,,,347
REP_00613,CHEMBL2103798,CEDIRANIB MALEATE,COc1cc2c(Oc3ccc4[nH]c(C)cc4c3F)ncnc2cc1OCCCN1CCCC1,XXJWYDDUDKYVKI-UHFFFAOYSA-N,450.51,3.0,,True,False,False,phase_only,,Small molecule,MOL,0.25,72.36944660950896,False,,c1nc(Oc2ccc3[nH]ccc3c2)c2ccc(OCCCN3CCCC3)cc2n1,348
REP_01042,CHEMBL435224,LAPAQUISTAT ACETATE,COc1cccc([C@H]2O[C@H](CC(=O)N3CCC(CC(=O)O)CC3)C(=O)N(CC(C)(C)COC(C)=O)c3ccc(Cl)cc32)c1OC,CMLUGNQVANVZHY-POURPWNDSA-N,645.15,3.0,,True,False,False,phase_only,,Small molecule,MOL,0.25,72.36944660950896,False,,O=C1Nc2ccccc2C(c2ccccc2)OC1CC(=O)N1CCCCC1,349
REP_01070,CHEMBL4594401,RAFUTROMBOPAG,CC1=NN(c2ccc3c(c2)CCCC3)C(=O)/C1=N\Nc1cccc(-c2ccc(C(=O)O)o2)c1O,BDGGFTDRPHKXFC-QYQHSDTDSA-N,458.47,3.0,,True,False,False,phase_only,,Small molecule,MOL,0.25,72.36944660950896,False,,O=C1C(=NNc2cccc(-c3ccco3)c2)C=NN1c1ccc2c(c1)CCCC2,350
REP_00981,CHEMBL4297380,VALNIVUDINE HYDROCHLORIDE,CCCCCc1ccc(-c2cc3cn([C@H]4C[C@H](O)[C@@H](COC(=O)[C@@H](N)C(C)C)O4)c(=O)nc3o2)cc1,FJRRWJMFUNGZBJ-RBVMOCNTSA-N,497.59,3.0,,True,False,False,phase_only,,Small molecule,MOL,0.25,72.36944660950896,False,,O=c1nc2oc(-c3ccccc3)cc2cn1C1CCCO1,351
REP_00560,CHEMBL184618,FRAMYCETIN,NC[C@@H]1O[C@H](O[C@H]2[C@@H](O)[C@H](O[C@@H]3[C@@H](O)[C@H](N)C[C@H](N)[C@H]3O[C@H]3O[C@H](CN)[C@@H](O)[C@H](O)[C@H]3N)O[C@@H]2CO)[C@H](N)[C@@H](O)[C@@H]1O,PGBHMTALBVVCIT-VCIWKGPPSA-N,614.65,3.0,,True,False,False,phase_only,,Small molecule,MOL,0.25,72.36944660950896,False,,C1CCC(OC2COC(OC3CCCCC3OC3CCCCO3)C2)OC1,352
REP_00757,CHEMBL242948,CARNOSINE,NCCC(=O)N[C@@H](Cc1c[nH]cn1)C(=O)O,CQOVPNPJLQNMDC-ZETCQYMHSA-N,226.24,3.0,,True,False,False,phase_only,,Small molecule,MOL,0.25,72.36944660950896,False,,c1c[nH]cn1,353
REP_01138,CHEMBL498485,ICARITIN,COc1ccc(-c2oc3c(CC=C(C)C)c(O)cc(O)c3c(=O)c2O)cc1,TUUXBSASAQJECY-UHFFFAOYSA-N,368.39,3.0,,True,False,False,phase_only,,Small molecule,MOL,0.25,72.36944660950896,False,,O=c1cc(-c2ccccc2)oc2ccccc12,354
REP_00542,CHEMBL173929,LUTEIN,CC1=C[C@H](O)CC(C)(C)[C@H]1/C=C/C(C)=C/C=C/C(C)=C/C=C/C=C(C)/C=C/C=C(C)/C=C/C1=C(C)C[C@@H](O)CC1(C)C,KBPHJBAIARWVSC-RGZFRNHPSA-N,568.89,3.0,,True,False,False,phase_only,,Small molecule,MOL,0.25,72.36944660950896,False,,C(=CC=CC=CC=CC=CC1C=CCCC1)C=CC=CC=CC=CC1=CCCCC1,355
REP_00924,CHEMBL3989947,OLUMACOSTAT GLASARETIL,CCCCCCCCCCCCCCOc1ccc(C(=O)OCC(=O)N(C)CC(=O)OCC)o1,FYJLDICZGDFWKP-UHFFFAOYSA-N,481.63,3.0,,True,False,False,phase_only,,Small molecule,MOL,0.25,72.36944660950896,False,,c1ccoc1,356
REP_00709,CHEMBL2137148,MOCRAVIMOD,NC(CO)(CO)CCc1ccc(Sc2cccc(OCc3ccccc3)c2)cc1Cl,IINUNQPYJGJCJI-UHFFFAOYSA-N,444.0,3.0,,True,False,False,phase_only,,Small molecule,MOL,0.25,72.36944660950896,False,,c1ccc(COc2cccc(Sc3ccccc3)c2)cc1,357
REP_00525,CHEMBL166,MELARSOPROL,Nc1nc(N)nc(Nc2ccc([As]3SCC(CO)S3)cc2)n1,JCYZMTMYPZHVBF-UHFFFAOYSA-N,398.35,3.0,,True,False,False,phase_only,,Small molecule,MOL,0.25,72.36944660950896,False,,c1ncnc(Nc2ccc([As]3SCCS3)cc2)n1,358
REP_01164,CHEMBL5095240,MUFEMILAST,CCOc1cc([C@@H](CS(C)(=O)=O)N2C(=O)c3csc(NC(C)=O)c3C2=O)ccc1OC,PRSNGWLHNWGOKD-CQSZACIVSA-N,466.54,3.0,,True,False,False,phase_only,,Small molecule,MOL,0.25,72.36944660950896,False,,O=C1c2cscc2C(=O)N1Cc1ccccc1,359
REP_00790,CHEMBL289228,TIPIFARNIB,Cn1cncc1[C@@](N)(c1ccc(Cl)cc1)c1ccc2c(c1)c(-c1cccc(Cl)c1)cc(=O)n2C,PLHJCIYEEKOWNM-HHHXNRCGSA-N,489.41,3.0,,True,False,False,phase_only,,Small molecule,MOL,0.25,72.36944660950896,False,,O=c1cc(-c2ccccc2)c2cc(C(c3ccccc3)c3cnc[nH]3)ccc2[nH]1,360
REP_00888,CHEMBL3707392,ELECLAZINE,O=C1c2cc(-c3ccc(OC(F)(F)F)cc3)ccc2OCCN1Cc1ncccn1,YNUAEEJQYHYLMS-UHFFFAOYSA-N,415.37,3.0,,True,False,False,phase_only,,Small molecule,MOL,0.25,72.36944660950896,False,,O=C1c2cc(-c3ccccc3)ccc2OCCN1Cc1ncccn1,361
REP_00461,CHEMBL1255794,APLAVIROC,CCCCN1C(=O)[C@@H]([C@H](O)C2CCCCC2)NC(=O)C12CCN(Cc1ccc(Oc3ccc(C(=O)O)cc3)cc1)CC2,GWNOTCOIYUNTQP-FQLXRVMXSA-N,577.72,3.0,,True,False,False,phase_only,,Small molecule,MOL,0.25,72.36944660950896,False,,O=C1NC2(CCN(Cc3ccc(Oc4ccccc4)cc3)CC2)C(=O)NC1CC1CCCCC1,362
REP_01136,CHEMBL49429,LIXIVAPTAN,Cc1ccc(F)cc1C(=O)Nc1ccc(C(=O)N2Cc3cccn3Cc3ccccc32)c(Cl)c1,PPHTXRNHTVLQED-UHFFFAOYSA-N,473.94,3.0,,True,False,False,phase_only,,Small molecule,MOL,0.25,72.36944660950896,False,,O=C(Nc1ccc(C(=O)N2Cc3cccn3Cc3ccccc32)cc1)c1ccccc1,363
REP_00271,CHEMBL3707331,ROLAPITANT,C[C@@H](OC[C@@]1(c2ccccc2)CC[C@]2(CCC(=O)N2)CN1)c1cc(C(F)(F)F)cc(C(F)(F)F)c1,FIVSJYGQAIEMOC-ZGNKEGEESA-N,500.48,4.0,,False,True,False,primary_atc_phase,,Small molecule,MOL,0.25,72.36944660950896,False,,O=C1CCC2(CCC(COCc3ccccc3)(c3ccccc3)NC2)N1,364
REP_00192,CHEMBL1963681,AVANAFIL,COc1ccc(CNc2nc(N3CCC[C@H]3CO)ncc2C(=O)NCc2ncccn2)cc1Cl,WEAJZXNPAWBCOA-INIZCTEOSA-N,483.96,4.0,,False,True,True,primary_atc_phase,,Small molecule,MOL,0.25,72.36944660950896,False,,O=C(NCc1ncccn1)c1cnc(N2CCCC2)nc1NCc1ccccc1,365
REP_01261,CHEMBL75094,PRINOMASTAT,CC1(C)SCCN(S(=O)(=O)c2ccc(Oc3ccncc3)cc2)[C@H]1C(=O)NO,YKPYIPVDTNNYCN-INIZCTEOSA-N,423.52,3.0,,True,False,False,phase_only,,Small molecule,MOL,0.25,72.36944660950896,False,,O=S(=O)(c1ccc(Oc2ccncc2)cc1)N1CCSCC1,366
REP_00184,CHEMBL1905872,DOCUSATE SODIUM,CCCCC(CC)COC(=O)CC(C(=O)OCC(CC)CCCC)S(=O)(=O)[O-],HNSDLXPSAYFUHK-UHFFFAOYSA-M,421.58,4.0,,False,True,False,primary_atc_phase,,Small molecule,MOL,0.25,72.36944660950896,False,,,367
REP_00040,CHEMBL1200656,NATAMYCIN,C[C@@H]1C/C=C/C=C/C=C/C=C/[C@H](O[C@@H]2O[C@H](C)[C@@H](O)[C@H](N)[C@@H]2O)C[C@@H]2O[C@](O)(C[C@@H](O)C[C@H]3O[C@@H]3/C=C/C(=O)O1)C[C@H](O)[C@H]2C(=O)O,NCXMLFZGDNKEPB-FFPOYIOWSA-N,665.73,4.0,,False,True,False,primary_atc_phase,,Small molecule,MOL,0.25,72.36944660950896,False,,O=C1C=CC2OC2CCCC2CCCC(CC(OC3CCCCO3)C=CC=CC=CC=CCCO1)O2,368
REP_00350,CHEMBL709,ALFUZOSIN,COc1cc2nc(N(C)CCCNC(=O)C3CCCO3)nc(N)c2cc1OC,WNMJYKCGWZFFKR-UHFFFAOYSA-N,389.46,4.0,,False,True,True,primary_atc_phase,,Small molecule,MOL,0.25,72.36944660950896,False,,O=C(NCCCNc1ncc2ccccc2n1)C1CCCO1,369
REP_00041,CHEMBL1200699,DOXYCYCLINE,C[C@H]1c2cccc(O)c2C(=O)C2=C(O)[C@]3(O)C(=O)C(C(N)=O)=C(O)[C@@H](N(C)C)[C@@H]3[C@@H](O)[C@@H]21,JBIWCJUYHHGXTC-AKNGSSGZSA-N,444.44,4.0,,False,True,False,primary_atc_phase,,Small molecule,MOL,0.25,72.36944660950896,False,,O=C1C2=CC3C(=O)C=CCC3CC2Cc2ccccc21,370
REP_00179,CHEMBL1808388,BEXAGLIFLOZIN,OC[C@H]1O[C@@H](c2ccc(Cl)c(Cc3ccc(OCCOC4CC4)cc3)c2)[C@H](O)[C@@H](O)[C@@H]1O,BTCRKOKVYTVOLU-SJSRKZJXSA-N,464.94,4.0,,False,True,True,primary_atc_phase,,Small molecule,MOL,0.25,72.36944660950896,False,,c1cc(Cc2ccc(OCCOC3CC3)cc2)cc(C2CCCCO2)c1,371
REP_00126,CHEMBL1440,TETRACYCLINE,CN(C)[C@@H]1C(O)=C(C(N)=O)C(=O)[C@@]2(O)C(O)=C3C(=O)c4c(O)cccc4[C@@](C)(O)[C@H]3C[C@@H]12,OFVLGDICTFRJMM-WESIUVDSSA-N,444.44,4.0,,False,True,False,primary_atc_phase,,Small molecule,MOL,0.25,72.36944660950896,False,,O=C1C2=CC3C(=O)C=CCC3CC2Cc2ccccc21,372
REP_00091,CHEMBL1262,OXICONAZOLE,Clc1ccc(CO/N=C(\Cn2ccnc2)c2ccc(Cl)cc2Cl)c(Cl)c1,QRJJEGAJXVEBNE-HKOYGPOVSA-N,429.13,4.0,,False,True,False,primary_atc_phase,,Small molecule,MOL,0.25,72.36944660950896,False,,c1ccc(CON=C(Cn2ccnc2)c2ccccc2)cc1,373
REP_00137,CHEMBL1502,PANTOPRAZOLE,COc1ccnc(C[S+]([O-])c2nc3cc(OC(F)F)ccc3[nH]2)c1OC,IQPSEEYGBUAQFF-UHFFFAOYSA-N,383.38,4.0,,False,True,False,primary_atc_phase,,Small molecule,MOL,0.25,72.36944660950896,False,,c1ccc(C[SH+]c2nc3ccccc3[nH]2)nc1,374
REP_00011,CHEMBL1073,GLIPIZIDE,Cc1cnc(C(=O)NCCc2ccc(S(=O)(=O)NC(=O)NC3CCCCC3)cc2)cn1,ZJJXGWJIGJFDTL-UHFFFAOYSA-N,445.55,4.0,,False,True,True,primary_atc_phase,,Small molecule,MOL,0.25,72.36944660950896,False,,O=C(NC1CCCCC1)NS(=O)(=O)c1ccc(CCNC(=O)c2cnccn2)cc1,375
REP_00256,CHEMBL328190,LASOFOXIFENE,Oc1ccc2c(c1)CC[C@H](c1ccccc1)[C@@H]2c1ccc(OCCN2CCCC2)cc1,GXESHMAMLJKROZ-IAPPQJPRSA-N,413.56,4.0,,False,True,False,primary_atc_phase,,Small molecule,MOL,0.25,72.36944660950896,False,,c1ccc(C2CCc3ccccc3C2c2ccc(OCCN3CCCC3)cc2)cc1,376
REP_00979,CHEMBL4297349,ASPARTYL-ALANYL-DIKETOPIPERAZINE,C[C@@H]1NC(=O)[C@H](CC(=O)O)NC1=O,RVLCUCVJZVRNDC-IMJSIDKUSA-N,186.17,3.0,,True,False,False,phase_only,,Small molecule,MOL,0.0,35.385814497272015,False,,O=C1CNC(=O)CN1,377
REP_00974,CHEMBL4297291,INGAVIRIN,O=C(O)CCCC(=O)NCCc1c[nH]cn1,KZIMLUFVKJLCCH-UHFFFAOYSA-N,225.25,3.0,,True,False,False,phase_only,,Small molecule,MOL,0.0,35.385814497272015,False,,c1c[nH]cn1,378
REP_00975,CHEMBL4297305,NB-001,Nc1ncnc2c1ncn2CCNCCCCCO,CVPTTZZCRDVGSU-UHFFFAOYSA-N,264.33,3.0,,True,False,False,phase_only,,Small molecule,MOL,0.0,35.385814497272015,False,,c1ncc2nc[nH]c2n1,379
REP_00972,CHEMBL4297288,HYDRONIDONE,Cc1ccc(=O)n(-c2ccc(O)cc2)c1,NETTXQJYJRFTFS-UHFFFAOYSA-N,201.23,3.0,,True,False,False,phase_only,,Small molecule,MOL,0.0,35.385814497272015,False,,O=c1ccccn1-c1ccccc1,380
REP_00138,CHEMBL1503,OMEPRAZOLE,COc1ccc2[nH]c([S+]([O-])Cc3ncc(C)c(OC)c3C)nc2c1,SUBDBMMJDZJVOS-UHFFFAOYSA-N,345.42,4.0,,False,True,False,primary_atc_phase,,Small molecule,MOL,0.0,35.385814497272015,False,,c1ccc(C[SH+]c2nc3ccccc3[nH]2)nc1,381
REP_00976,CHEMBL4297310,DORDAVIPRONE,Cc1ccccc1CN1C(=O)C2=C(CCN(Cc3ccccc3)C2)N2CCN=C12,VLULRUCCHYVXOH-UHFFFAOYSA-N,386.5,3.0,,True,False,False,phase_only,,Small molecule,MOL,0.0,35.385814497272015,False,,O=C1C2=C(CCN(Cc3ccccc3)C2)N2CCN=C2N1Cc1ccccc1,382
REP_00136,CHEMBL1495,OXYPHENCYCLIMINE,CN1CCCN=C1COC(=O)C(O)(c1ccccc1)C1CCCCC1,DUDKAZCAISNGQN-UHFFFAOYSA-N,344.46,4.0,,False,True,False,primary_atc_phase,,Small molecule,MOL,0.0,35.385814497272015,False,,O=C(OCC1=NCCCN1)C(c1ccccc1)C1CCCCC1,383
REP_00978,CHEMBL4297344,OBEFAZIMOD,FC(F)(F)Oc1ccc(Nc2ccc3cccc(Cl)c3n2)cc1,OZOGDCZJYVSUBR-UHFFFAOYSA-N,338.72,3.0,,True,False,False,phase_only,,Small molecule,MOL,0.0,35.385814497272015,False,,c1ccc(Nc2ccc3ccccc3n2)cc1,384
REP_00139,CHEMBL1509,DROSPIRENONE,C[C@]12CCC(=O)C=C1[C@@H]1C[C@@H]1[C@H]1[C@@H]3[C@@H]4C[C@@H]4[C@@]4(CCC(=O)O4)[C@@]3(C)CC[C@@H]12,METQSPRSQINEEU-HXCATZOESA-N,366.5,4.0,,False,True,False,primary_atc_phase,,Small molecule,MOL,0.0,35.385814497272015,False,,O=C1C=C2C(CC1)C1CCC3C(C4CC4C34CCC(=O)O4)C1C1CC21,385
REP_00980,CHEMBL4297364,OXITROPIUM,CC[N+]1(C)[C@@H]2CC(OC(=O)[C@H](CO)c3ccccc3)C[C@H]1[C@@H]1O[C@@H]12,NVOYVOBDTVTBDX-AGUVMIOSSA-N,332.42,3.0,,True,False,False,phase_only,,Small molecule,MOL,0.0,35.385814497272015,False,,O=C(Cc1ccccc1)OC1CC2[NH2+]C(C1)C1OC21,386
REP_00135,CHEMBL1493,FLAVOXATE,Cc1c(-c2ccccc2)oc2c(C(=O)OCCN3CCCCC3)cccc2c1=O,SPIUTQOUKAMGCX-UHFFFAOYSA-N,391.47,4.0,,False,True,True,primary_atc_phase,,Small molecule,MOL,0.0,35.385814497272015,False,,O=C(OCCN1CCCCC1)c1cccc2c(=O)cc(-c3ccccc3)oc12,387
REP_00982,CHEMBL4297389,HYZETIMIBE,O=C1[C@H](C/C=C(\CO)c2ccc(F)cc2)[C@@H](c2ccc(O)cc2)N1c1ccc(F)cc1,HEHHPZYUXSFAPV-SMOXZEHUSA-N,421.44,3.0,,True,False,False,phase_only,,Small molecule,MOL,0.0,35.385814497272015,False,,O=C1C(CC=Cc2ccccc2)C(c2ccccc2)N1c1ccccc1,388
REP_00969,CHEMBL4297224,BLARCAMESINE,CN(C)CC1CCOC1(c1ccccc1)c1ccccc1,BOTHKNZTGGXFEQ-UHFFFAOYSA-N,281.4,3.0,,True,False,False,phase_only,,Small molecule,MOL,0.0,35.385814497272015,False,,c1ccc(C2(c3ccccc3)CCCO2)cc1,389
REP_00984,CHEMBL4297407,ALTROPANE I-123,COC(=O)[C@H]1[C@@H](c2ccc(F)cc2)C[C@@H]2CC[C@H]1N2C/C=C/[123I],GTQLIPQFXVKRKJ-HYRAKNMCSA-N,425.27,3.0,,True,False,False,phase_only,,Small molecule,MOL,0.0,35.385814497272015,False,,c1ccc(C2CC3CCC(C2)N3)cc1,390
REP_00985,CHEMBL4297409,BIPHENYL DIMETHYL DICARBOXYLATE,COC(=O)c1ccc(-c2ccc(C(=O)OC)cc2)cc1,BKRIRZXWWALTPU-UHFFFAOYSA-N,270.28,3.0,,True,False,False,phase_only,,Small molecule,MOL,0.0,35.385814497272015,False,,c1ccc(-c2ccccc2)cc1,391
REP_00986,CHEMBL4297411,OCTAHYDROAMINOACRIDINE SUCCINATE,Nc1c2c(nc3c1CCCC3)CCCC2.O=C(O)CCC(=O)O,SXNZJEKZKUJFLV-UHFFFAOYSA-N,320.39,3.0,,True,False,False,phase_only,,Small molecule,MOL,0.0,35.385814497272015,False,,c1c2c(nc3c1CCCC3)CCCC2,392
REP_00987,CHEMBL4297417,BUNTANETAP,CN1CC[C@]2(C)c3cc(OC(=O)Nc4ccccc4)ccc3N(C)[C@H]12,PBHFNBQPZCRWQP-AZUAARDMSA-N,337.42,3.0,,True,False,False,phase_only,,Small molecule,MOL,0.0,35.385814497272015,False,,O=C(Nc1ccccc1)Oc1ccc2c(c1)C1CCNC1N2,393
REP_00988,CHEMBL4297420,RADIUM RA-223,[223Ra],HCWPIIXVSYCSAN-OIOBTWANSA-N,223.02,3.0,,True,False,False,phase_only,,Small molecule,MOL,0.0,35.385814497272015,False,,,394
REP_00134,CHEMBL1479,DANAZOL,C#C[C@]1(O)CC[C@H]2[C@@H]3CCC4=Cc5oncc5C[C@]4(C)[C@H]3CC[C@@]21C,POZRVZJJTULAOH-LHZXLZLDSA-N,337.46,4.0,,False,True,False,primary_atc_phase,,Small molecule,MOL,0.0,35.385814497272015,False,,C1=C2CCC3C4CCCC4CCC3C2Cc2cnoc21,395
REP_00132,CHEMBL1467,ALLOPURINOL,Oc1ncnc2[nH]ncc12,OFCNXPDARWKPPY-UHFFFAOYSA-N,136.11,4.0,,False,True,True,primary_atc_phase,,Small molecule,MOL,0.0,35.385814497272015,False,,c1ncc2cn[nH]c2n1,396
REP_00983,CHEMBL4297404,MK-0767,COc1ccc(CC2OC(=O)NC2=O)cc1C(=O)NCc1ccc(C(F)(F)F)cc1,ORZMUVMQJPGFOM-UHFFFAOYSA-N,422.36,3.0,,True,False,False,phase_only,,Small molecule,MOL,0.0,35.385814497272015,False,,O=C1NC(=O)C(Cc2cccc(C(=O)NCc3ccccc3)c2)O1,397
REP_00158,CHEMBL1601669,ALFACALCIDOL,C=C1/C(=C\C=C2/CCC[C@]3(C)[C@@H]([C@H](C)CCCC(C)C)CC[C@@H]23)C[C@@H](O)C[C@@H]1O,OFHCOWSQAMBJIW-AVJTYSNKSA-N,400.65,4.0,,False,True,False,primary_atc_phase,,Small molecule,MOL,0.0,35.385814497272015,False,,C=C1CCCCC1=CC=C1CCCC2CCCC12,398
REP_00942,CHEMBL4094894,CIPEPOFOL,CC(C)c1cccc([C@H](C)C2CC2)c1O,BMEARIQHWSVDBS-SNVBAGLBSA-N,204.31,3.0,,True,False,False,phase_only,,Small molecule,MOL,0.0,35.385814497272015,False,,c1ccc(CC2CC2)cc1,399
REP_00157,CHEMBL159226,MOXISYLYTE,CC(=O)Oc1cc(C(C)C)c(OCCN(C)C)cc1C,VRYMTAVOXVTQEF-UHFFFAOYSA-N,279.38,4.0,,False,True,True,primary_atc_phase,,Small molecule,MOL,0.0,35.385814497272015,False,,c1ccccc1,400
REP_00156,CHEMBL1589,ACETOHEXAMIDE,CC(=O)c1ccc(S(=O)(=O)NC(=O)NC2CCCCC2)cc1,VGZSUPCWNCWDAN-UHFFFAOYSA-N,324.4,4.0,,False,True,True,primary_atc_phase,,Small molecule,MOL,0.0,35.385814497272015,False,,O=C(NC1CCCCC1)NS(=O)(=O)c1ccccc1,401
REP_00155,CHEMBL1588,THIAMINE,Cc1ncc(C[n+]2csc(CCO)c2C)c(N)n1,JZRWCGZRTZMZEH-UHFFFAOYSA-N,265.36,4.0,,False,True,False,primary_atc_phase,,Small molecule,MOL,0.0,35.385814497272015,False,,c1ncc(C[n+]2ccsc2)cn1,402
REP_00946,CHEMBL4112930,PAMIPARIB,C[C@]12CCCN1CC1=NNC(=O)c3cc(F)cc4[nH]c2c1c34,DENYZIUJOTUUNY-MRXNPFEDSA-N,298.32,3.0,,True,False,False,phase_only,,Small molecule,MOL,0.0,35.385814497272015,False,,O=C1NN=C2CN3CCCC3c3[nH]c4cccc1c4c32,403
REP_00154,CHEMBL15870,INDOPROFEN,CC(C(=O)O)c1ccc(N2Cc3ccccc3C2=O)cc1,RJMIEHBSYVWVIN-UHFFFAOYSA-N,281.31,4.0,,False,True,True,primary_atc_phase,,Small molecule,MOL,0.0,35.385814497272015,False,,O=C1c2ccccc2CN1c1ccccc1,404
REP_00948,CHEMBL4117187,MASUPIRDINE,COc1ccc2c(c1)c(CN1CCN(C)CC1)cn2S(=O)(=O)c1ccccc1Br,GWCYPEHWIZXYFZ-UHFFFAOYSA-N,478.41,3.0,,True,False,False,phase_only,,Small molecule,MOL,0.0,35.385814497272015,False,,O=S(=O)(c1ccccc1)n1cc(CN2CCNCC2)c2ccccc21,405
REP_00949,CHEMBL41286,DIACEREIN,CC(=O)Oc1cccc2c1C(=O)c1c(OC(C)=O)cc(C(=O)O)cc1C2=O,TYNLGDBUJLVSMA-UHFFFAOYSA-N,368.3,3.0,,True,True,True,primary_atc_phase,,Small molecule,MOL,0.0,35.385814497272015,False,,O=C1c2ccccc2C(=O)c2ccccc21,406
REP_00152,CHEMBL1574,PHENTERMINE,CC(C)(N)Cc1ccccc1,DHHVAGZRUROJKS-UHFFFAOYSA-N,149.24,4.0,,False,True,False,primary_atc_phase,,Small molecule,MOL,0.0,35.385814497272015,False,,c1ccccc1,407
REP_00151,CHEMBL1571863,ISOCONAZOLE,Clc1ccc(C(Cn2ccnc2)OCc2c(Cl)cccc2Cl)c(Cl)c1,MPIPASJGOJYODL-UHFFFAOYSA-N,416.14,4.0,,False,True,False,primary_atc_phase,,Small molecule,MOL,0.0,35.385814497272015,False,,c1ccc(COC(Cn2ccnc2)c2ccccc2)cc1,408
REP_00952,CHEMBL415324,TRANILAST,COc1ccc(/C=C/C(=O)Nc2ccccc2C(=O)O)cc1OC,NZHGWWWHIYHZNX-CSKARUKUSA-N,327.34,3.0,,True,False,False,phase_only,,Small molecule,MOL,0.0,35.385814497272015,False,,O=C(C=Cc1ccccc1)Nc1ccccc1,409
REP_00149,CHEMBL1561,MIGLITOL,OCCN1C[C@H](O)[C@@H](O)[C@H](O)[C@H]1CO,IBAQFPQHRJAVAV-ULAWRXDQSA-N,207.23,4.0,,False,True,True,primary_atc_phase,,Small molecule,MOL,0.0,35.385814497272015,False,,C1CCNCC1,410
REP_00966,CHEMBL4297190,SURUFATINIB,Cc1cc2cc(Oc3ccnc(Nc4cccc(CS(=O)(=O)NCCN(C)C)c4)n3)ccc2[nH]1,TTZSNFLLYPYKIL-UHFFFAOYSA-N,480.59,3.0,,True,False,False,phase_only,,Small molecule,MOL,0.0,35.385814497272015,False,,c1ccc(Nc2nccc(Oc3ccc4[nH]ccc4c3)n2)cc1,411
REP_00955,CHEMBL419792,SUMANIROLE,CN[C@@H]1Cc2cccc3[nH]c(=O)n(c23)C1,RKZSNTNMEFVBDT-MRVPVSSYSA-N,203.24,3.0,,True,False,False,phase_only,,Small molecule,MOL,0.0,35.385814497272015,False,,O=c1[nH]c2cccc3c2n1CCC3,412
REP_00148,CHEMBL1551,URSODIOL,C[C@H](CCC(=O)O)[C@H]1CC[C@H]2[C@@H]3[C@@H](O)C[C@@H]4C[C@H](O)CC[C@]4(C)[C@H]3CC[C@]12C,RUDATBOHQWOJDD-UZVSRGJWSA-N,392.58,4.0,,False,True,False,primary_atc_phase,,Small molecule,MOL,0.0,35.385814497272015,False,,C1CCC2C(C1)CCC1C3CCCC3CCC21,413
REP_00147,CHEMBL154,NAPROXEN,COc1ccc2cc([C@H](C)C(=O)O)ccc2c1,CMWTZPSULFXXJA-VIFPVBQESA-N,230.26,4.0,,False,True,True,primary_atc_phase,,Small molecule,MOL,0.0,35.385814497272015,False,,c1ccc2ccccc2c1,414
REP_00958,CHEMBL4227736,TOLUDESVENLAFAXINE,Cc1ccc(C(=O)Oc2ccc(C(CN(C)C)C3(O)CCCCC3)cc2)cc1,QKYBZJLEMOZFFU-UHFFFAOYSA-N,381.52,3.0,,True,False,False,phase_only,,Small molecule,MOL,0.0,35.385814497272015,False,,O=C(Oc1ccc(CC2CCCCC2)cc1)c1ccccc1,415
REP_00146,CHEMBL1536,ERGOCALCIFEROL,C=C1CC[C@H](O)C/C1=C/C=C1\CCC[C@]2(C)[C@@H]([C@H](C)/C=C/[C@H](C)C(C)C)CC[C@@H]12,MECHNRXZTMCUDQ-RKHKHRCZSA-N,396.66,4.0,,False,True,False,primary_atc_phase,,Small molecule,MOL,0.0,35.385814497272015,False,,C=C1CCCCC1=CC=C1CCCC2CCCC12,416
REP_00960,CHEMBL428676,AMONAFIDE,CN(C)CCN1C(=O)c2cccc3cc(N)cc(c23)C1=O,UPALIKSFLSVKIS-UHFFFAOYSA-N,283.33,3.0,,True,False,False,phase_only,,Small molecule,MOL,0.0,35.385814497272015,False,,O=C1NC(=O)c2cccc3cccc1c23,417
REP_00145,CHEMBL1534,RIBOFLAVIN,Cc1cc2nc3c(=O)[nH]c(=O)nc-3n(C[C@H](O)[C@H](O)[C@H](O)CO)c2cc1C,AUNGANRZJHBGPY-SCRDCRAPSA-N,376.37,4.0,,False,True,False,primary_atc_phase,,Small molecule,MOL,0.0,35.385814497272015,False,,O=c1nc2[nH]c3ccccc3nc-2c(=O)[nH]1,418
REP_00144,CHEMBL1533,DESOGESTREL,C#C[C@]1(O)CC[C@H]2[C@@H]3CCC4=CCCC[C@@H]4[C@H]3C(=C)C[C@@]21CC,RPLCPCMSCLEKRS-BPIQYHPVSA-N,310.48,4.0,,False,True,False,primary_atc_phase,,Small molecule,MOL,0.0,35.385814497272015,False,,C=C1CC2CCCC2C2CCC3=CCCCC3C12,419
REP_00143,CHEMBL1531,ETONOGESTREL,C#C[C@]1(O)CC[C@H]2[C@@H]3CCC4=CC(=O)CC[C@@H]4[C@H]3C(=C)C[C@@]21CC,GCKFUYQCUCGESZ-BPIQYHPVSA-N,324.46,4.0,,False,True,False,primary_atc_phase,,Small molecule,MOL,0.0,35.385814497272015,False,,C=C1CC2CCCC2C2CCC3=CC(=O)CCC3C12,420
REP_00964,CHEMBL4296719,DUTOGLIPTIN,O=C(CN[C@@H]1CCNC1)N1CCC[C@H]1B(O)O,DVJAMEIQRSHVKC-BDAKNGLRSA-N,241.1,3.0,,True,False,False,phase_only,,Small molecule,MOL,0.0,35.385814497272015,False,,O=C(CNC1CCNC1)N1CCCC1,421
REP_00141,CHEMBL1520,VARDENAFIL,CCCc1nc(C)c2c(=O)nc(-c3cc(S(=O)(=O)N4CCN(CC)CC4)ccc3OCC)[nH]n12,SECKRCOLJRRGGV-UHFFFAOYSA-N,488.61,4.0,,False,True,True,primary_atc_phase,,Small molecule,MOL,0.0,35.385814497272015,False,,O=c1nc(-c2cccc(S(=O)(=O)N3CCNCC3)c2)[nH]n2cncc12,422
REP_00131,CHEMBL1452696,FEPRAZONE,CC(C)=CCC1C(=O)N(c2ccccc2)N(c2ccccc2)C1=O,RBBWCVQDXDFISW-UHFFFAOYSA-N,320.39,4.0,,False,True,True,primary_atc_phase,,Small molecule,MOL,0.0,35.385814497272015,False,,O=C1CC(=O)N(c2ccccc2)N1c1ccccc1,423
REP_00967,CHEMBL4297210,REPROXALAP,CC(C)(O)c1nc2ccc(Cl)cc2cc1N,GUHFUVLKYSQIOQ-UHFFFAOYSA-N,236.7,3.0,,True,False,False,phase_only,,Small molecule,MOL,0.0,35.385814497272015,False,,c1ccc2ncccc2c1,424
REP_00968,CHEMBL4297221,HYDROMETHYLTHIONINE MESYLATE,CN(C)c1ccc2c(c1)Sc1cc(N(C)C)ccc1N2,QTWZICCBKBYHDM-UHFFFAOYSA-N,285.42,3.0,,True,False,False,phase_only,,Small molecule,MOL,0.0,35.385814497272015,False,,c1ccc2c(c1)Nc1ccccc1S2,425
REP_00954,CHEMBL417675,PALMIDROL,CCCCCCCCCCCCCCCC(=O)NCCO,HXYVTAGFYLMHSO-UHFFFAOYSA-N,299.5,3.0,,True,False,False,phase_only,,Small molecule,MOL,0.0,35.385814497272015,False,,,426
REP_00111,CHEMBL1384,KANAMYCIN,NC[C@H]1O[C@H](O[C@H]2[C@H](O)[C@@H](O[C@H]3O[C@H](CO)[C@@H](O)[C@H](N)[C@H]3O)[C@H](N)C[C@@H]2N)[C@H](O)[C@@H](O)[C@@H]1O,SBUJHOSQTJFQJX-NOAMYHISSA-N,484.5,4.0,,False,True,False,primary_atc_phase,,Small molecule,MOL,0.0,35.385814497272015,False,,C1CCC(OC2CCCC(OC3CCCCO3)C2)OC1,427
REP_01023,CHEMBL4297646,AMPRELOXETINE,Fc1cc(F)c(OCc2ccccc2C2CCNCC2)c(F)c1,TZIALEBTHQWNAO-UHFFFAOYSA-N,321.34,3.0,,True,False,False,phase_only,,Small molecule,MOL,0.0,35.385814497272015,False,,c1ccc(OCc2ccccc2C2CCNCC2)cc1,428
REP_01024,CHEMBL4297657,INDACATEROL ACETATE,CCc1cc2c(cc1CC)CC(NC[C@H](O)c1ccc(O)c3[nH]c(=O)ccc13)C2,QZZUEBNBZAPZLX-QFIPXVFZSA-N,392.5,3.0,,True,False,False,phase_only,,Small molecule,MOL,0.0,35.385814497272015,False,,O=c1ccc2c(CCNC3Cc4ccccc4C3)cccc2[nH]1,429
REP_00110,CHEMBL1382,TOLTERODINE,Cc1ccc(O)c([C@H](CCN(C(C)C)C(C)C)c2ccccc2)c1,OOGJQPCLVADCPB-HXUWFJFHSA-N,325.5,4.0,,False,True,True,primary_atc_phase,,Small molecule,MOL,0.0,35.385814497272015,False,,c1ccc(Cc2ccccc2)cc1,430
REP_00109,CHEMBL1371,CHLORZOXAZONE,O=c1[nH]c2cc(Cl)ccc2o1,TZFWDZFKRBELIQ-UHFFFAOYSA-N,169.57,4.0,,False,True,False,primary_atc_phase,,Small molecule,MOL,0.0,35.385814497272015,False,,O=c1[nH]c2ccccc2o1,431
REP_00107,CHEMBL137,METRONIDAZOLE,Cc1ncc([N+](=O)[O-])n1CCO,VAOCPAMSLUNLGC-UHFFFAOYSA-N,171.16,4.0,,False,True,False,primary_atc_phase,,Small molecule,MOL,0.0,35.385814497272015,False,,c1c[nH]cn1,432
REP_00106,CHEMBL1364,PYRIDOXINE,Cc1ncc(CO)c(CO)c1O,LXNHXLLTXMVWPM-UHFFFAOYSA-N,169.18,4.0,,False,True,False,primary_atc_phase,,Small molecule,MOL,0.0,35.385814497272015,False,,c1ccncc1,433
REP_01029,CHEMBL4298172,SOTICLESTAT,O=C(c1cccnc1-c1ccncc1)N1CCC(O)(Cc2ccccc2)CC1,XKUZMIUSBMCVPP-UHFFFAOYSA-N,373.46,3.0,,True,False,False,phase_only,,Small molecule,MOL,0.0,35.385814497272015,False,,O=C(c1cccnc1-c1ccncc1)N1CCC(Cc2ccccc2)CC1,434
REP_01030,CHEMBL4300465,RADIUM,[Ra],HCWPIIXVSYCSAN-UHFFFAOYSA-N,226.0,3.0,,True,False,False,phase_only,,Small molecule,MOL,0.0,35.385814497272015,False,,,435
REP_01031,CHEMBL4301492,ALTROPANE,COC(=O)[C@H]1[C@@H](c2ccc(F)cc2)C[C@@H]2CC[C@H]1N2C/C=C/I,GTQLIPQFXVKRKJ-UNSMHXHVSA-N,429.27,3.0,,True,False,False,phase_only,,Small molecule,MOL,0.0,35.385814497272015,False,,c1ccc(C2CC3CCC(C2)N3)cc1,436
REP_00105,CHEMBL1356,SODIUM BENZOATE,O=C([O-])c1ccccc1,WPYMKLBDIGXBTP-UHFFFAOYSA-M,121.11,4.0,,False,True,True,primary_atc_phase,,Small molecule,MOL,0.0,35.385814497272015,False,,c1ccccc1,437
REP_00104,CHEMBL1350,TILUDRONIC ACID,O=P(O)(O)C(Sc1ccc(Cl)cc1)P(=O)(O)O,DKJJVAGXPKPDRL-UHFFFAOYSA-N,318.61,4.0,,False,True,False,primary_atc_phase,,Small molecule,MOL,0.0,35.385814497272015,False,,c1ccccc1,438
REP_00103,CHEMBL135,ESTRADIOL,C[C@]12CC[C@@H]3c4ccc(O)cc4CC[C@H]3[C@@H]1CC[C@@H]2O,VOXZDWNPVJITMN-ZBRFXRBCSA-N,272.39,4.0,,False,True,False,primary_atc_phase,,Small molecule,MOL,0.0,35.385814497272015,False,,c1ccc2c(c1)CCC1C2CCC2CCCC21,439
REP_00129,CHEMBL1449676,ORNIDAZOLE,Cc1ncc([N+](=O)[O-])n1CC(O)CCl,IPWKIXLWTCNBKN-UHFFFAOYSA-N,219.63,4.0,,False,True,False,primary_atc_phase,,Small molecule,MOL,0.0,35.385814497272015,False,,c1c[nH]cn1,440
REP_00102,CHEMBL1346,DARIFENACIN,NC(=O)C(c1ccccc1)(c1ccccc1)[C@@H]1CCN(CCc2ccc3c(c2)CCO3)C1,HXGBXQDTNZMWGS-RUZDIDTESA-N,426.56,4.0,,False,True,True,primary_atc_phase,,Small molecule,MOL,0.0,35.385814497272015,False,,c1ccc(C(c2ccccc2)C2CCN(CCc3ccc4c(c3)CCO4)C2)cc1,441
REP_00101,CHEMBL1337,NITISINONE,O=C1CCCC(=O)C1C(=O)c1ccc(C(F)(F)F)cc1[N+](=O)[O-],OUBCNLGXQFSTLU-UHFFFAOYSA-N,329.23,4.0,,False,True,True,primary_atc_phase,,Small molecule,MOL,0.0,35.385814497272015,False,,O=C1CCCC(=O)C1C(=O)c1ccccc1,442
REP_01038,CHEMBL43048,MIDOMAFETAMINE,CNC(C)Cc1ccc2c(c1)OCO2,SHXWCVYOXRDMCX-UHFFFAOYSA-N,193.25,3.0,,True,False,False,phase_only,,Small molecule,MOL,0.0,35.385814497272015,False,,c1ccc2c(c1)OCO2,443
REP_00100,CHEMBL1330792,ACETARSONE,CC(=O)Nc1cc([As](=O)(O)O)ccc1O,ODFJOVXVLFUVNQ-UHFFFAOYSA-N,275.09,4.0,,False,True,False,primary_atc_phase,,Small molecule,MOL,0.0,35.385814497272015,False,,c1ccccc1,444
REP_00099,CHEMBL1314,TIOPRONIN,CC(S)C(=O)NCC(=O)O,YTGJWQPHMWSCST-UHFFFAOYSA-N,163.2,4.0,,False,True,True,primary_atc_phase,,Small molecule,MOL,0.0,35.385814497272015,False,,,445
REP_00098,CHEMBL131,PREDNISOLONE,C[C@]12C=CC(=O)C=C1CC[C@@H]1[C@@H]2[C@@H](O)C[C@@]2(C)[C@H]1CC[C@]2(O)C(=O)CO,OIGNJSKKLXVSLS-VWUMJDOOSA-N,360.45,4.0,,False,True,False,primary_atc_phase,,Small molecule,MOL,0.0,35.385814497272015,False,,O=C1C=CC2C(=C1)CCC1C3CCCC3CCC21,446
REP_00097,CHEMBL130,CHLORAMPHENICOL,O=C(N[C@H](CO)[C@H](O)c1ccc([N+](=O)[O-])cc1)C(Cl)Cl,WIIZWVCIJKGZOK-RKDXNWHRSA-N,323.13,4.0,,False,True,False,primary_atc_phase,,Small molecule,MOL,0.0,35.385814497272015,False,,c1ccccc1,447
REP_01043,CHEMBL435883,BERAPROST SODIUM,CC#CCC(C)[C@H](O)/C=C/[C@@H]1[C@H]2c3cccc(CCCC(=O)[O-])c3O[C@H]2C[C@H]1O,CTPOHARTNNSRSR-APJZLKAGSA-M,397.49,3.0,,True,False,False,phase_only,,Small molecule,MOL,0.0,35.385814497272015,False,,c1ccc2c(c1)OC1CCCC21,448
REP_01044,CHEMBL435966,NIMORAZOLE,O=[N+]([O-])c1cncn1CCN1CCOCC1,MDJFHRLTPRPZLY-UHFFFAOYSA-N,226.24,3.0,,True,False,False,phase_only,,Small molecule,MOL,0.0,35.385814497272015,False,,c1cn(CCN2CCOCC2)cn1,449
REP_01045,CHEMBL438497,NICOTINAMIDE RIBOSIDE,NC(=O)c1ccc[n+]([C@@H]2O[C@H](CO)[C@@H](O)[C@H]2O)c1,JLEBZPBDRKPWTD-TURQNECASA-O,255.25,3.0,,True,False,False,phase_only,,Small molecule,MOL,0.0,35.385814497272015,False,,c1cc[n+](C2CCCO2)cc1,450
REP_01046,CHEMBL440294,PIPAMPERONE,NC(=O)C1(N2CCCCC2)CCN(CCCC(=O)c2ccc(F)cc2)CC1,AXKPFOAXAHJUAG-UHFFFAOYSA-N,375.49,3.0,,True,False,False,phase_only,,Small molecule,MOL,0.0,35.385814497272015,False,,O=C(CCCN1CCC(N2CCCCC2)CC1)c1ccccc1,451
REP_01047,CHEMBL4437054,RILEMATOVIR,CS(=O)(=O)CCCn1c(Cn2c(=O)n(CC(F)(F)F)c3ccncc32)cc2cc(Cl)ccc21,GTQTUABHRCWVLL-UHFFFAOYSA-N,500.93,3.0,,True,False,False,phase_only,,Small molecule,MOL,0.0,35.385814497272015,False,,O=c1[nH]c2ccncc2n1Cc1cc2ccccc2[nH]1,452
REP_01048,CHEMBL444814,L-CITRULLINE,NC(=O)NCCC[C@H](N)C(=O)O,RHGKLRLOHDJJDR-BYPYZUCNSA-N,175.19,3.0,,True,False,False,phase_only,,Small molecule,MOL,0.0,35.385814497272015,False,,,453
REP_00096,CHEMBL1297,FENOPROFEN,CC(C(=O)O)c1cccc(Oc2ccccc2)c1,RDJGLLICXDHJDY-UHFFFAOYSA-N,242.27,4.0,,False,True,True,primary_atc_phase,,Small molecule,MOL,0.0,35.385814497272015,False,,c1ccc(Oc2ccccc2)cc1,454
REP_01035,CHEMBL4303228,PERETINOIN,CC(C)=CCC/C(C)=C/CC/C(C)=C/C=C/C(C)=C/C(=O)O,UUBHZHZSIKRVIV-KCXSXWJSSA-N,302.46,3.0,,True,False,False,phase_only,,Small molecule,MOL,0.0,35.385814497272015,False,,,455
REP_00130,CHEMBL1451,TRIAMCINOLONE,C[C@]12C=CC(=O)C=C1CC[C@H]1[C@@H]3C[C@@H](O)[C@](O)(C(=O)CO)[C@@]3(C)C[C@H](O)[C@@]12F,GFNANZIMVAIWHM-OBYCQNJPSA-N,394.44,4.0,,False,True,False,primary_atc_phase,,Small molecule,MOL,0.0,35.385814497272015,False,,O=C1C=CC2C(=C1)CCC1C3CCCC3CCC21,456
REP_00160,CHEMBL1623992,PIPERIDOLATE,CCN1CCCC(OC(=O)C(c2ccccc2)c2ccccc2)C1,KTHVBAZBLKXIHZ-UHFFFAOYSA-N,323.44,4.0,,False,True,False,primary_atc_phase,,Small molecule,MOL,0.0,35.385814497272015,False,,O=C(OC1CCCNC1)C(c1ccccc1)c1ccccc1,457
REP_00128,CHEMBL144673,HEXETIDINE,CCCCC(CC)CN1CN(CC(CC)CCCC)CC(C)(N)C1,DTOUUUZOYKYHEP-UHFFFAOYSA-N,339.61,4.0,,False,True,False,primary_atc_phase,,Small molecule,MOL,0.0,35.385814497272015,False,,C1CNCNC1,458
REP_00127,CHEMBL1445,FLUOXYMESTERONE,C[C@]1(O)CC[C@H]2[C@@H]3CCC4=CC(=O)CC[C@]4(C)[C@@]3(F)[C@@H](O)C[C@@]21C,YLRFCQOZQXIBAB-RBZZARIASA-N,336.45,4.0,,False,True,False,primary_atc_phase,,Small molecule,MOL,0.0,35.385814497272015,False,,O=C1C=C2CCC3C4CCCC4CCC3C2CC1,459
REP_00124,CHEMBL1431,METFORMIN,CN(C)C(=N)NC(=N)N,XZWYZXLIPXDOLR-UHFFFAOYSA-N,129.17,4.0,,False,True,True,primary_atc_phase,,Small molecule,MOL,0.0,35.385814497272015,False,,,460
REP_00998,CHEMBL4297506,DAPACONAZOLE,FC(F)(F)c1ccc(COC(Cn2ccnc2)c2ccc(Cl)cc2Cl)cc1,FUAHXHWSMYFWGE-UHFFFAOYSA-N,415.24,3.0,,True,False,False,phase_only,,Small molecule,MOL,0.0,35.385814497272015,False,,c1ccc(COC(Cn2ccnc2)c2ccccc2)cc1,461
REP_00123,CHEMBL1430,PENICILLAMINE,CC(C)(S)[C@@H](N)C(=O)O,VVNCNSJFMMFHPL-VKHMYHEASA-N,149.22,4.0,,False,True,True,primary_atc_phase,,Small molecule,MOL,0.0,35.385814497272015,False,,,462
REP_00122,CHEMBL142703,VILDAGLIPTIN,N#C[C@@H]1CCCN1C(=O)CNC12CC3CC(CC(O)(C3)C1)C2,SYOKIDBDQMKNDQ-XWTIBIIYSA-N,303.41,4.0,,False,True,True,primary_atc_phase,,Small molecule,MOL,0.0,35.385814497272015,False,,O=C(CNC12CC3CC(CC(C3)C1)C2)N1CCCC1,463
REP_01001,CHEMBL4297511,FIRIBASTAT,N[C@@H](CCS(=O)(=O)O)CSSC[C@@H](N)CCS(=O)(=O)O,HJPXZXVKLGEMGP-YUMQZZPRSA-N,368.52,3.0,,True,False,False,phase_only,,Small molecule,MOL,0.0,35.385814497272015,False,,,464
REP_01002,CHEMBL4297521,PADSEVONIL,COCc1nn2c(CN3C[C@@H](CC(F)(F)Cl)CC3=O)c(C(F)(F)F)nc2s1,DCXFIOLWWRXEQH-SSDOTTSWSA-N,432.8,3.0,,True,False,False,phase_only,,Small molecule,MOL,0.0,35.385814497272015,False,,O=C1CCCN1Cc1cnc2scnn12,465
REP_00121,CHEMBL1422,SITAGLIPTIN,N[C@@H](CC(=O)N1CCn2c(nnc2C(F)(F)F)C1)Cc1cc(F)c(F)cc1F,MFFMDFFZMYYVKS-SECBINFHSA-N,407.32,4.0,,False,True,True,primary_atc_phase,,Small molecule,MOL,0.0,35.385814497272015,False,,O=C(CCCc1ccccc1)N1CCn2cnnc2C1,466
REP_01004,CHEMBL4297530,SAROGLITAZAR,CCO[C@@H](Cc1ccc(OCCn2c(C)ccc2-c2ccc(SC)cc2)cc1)C(=O)O,MRWFZSLZNUJVQW-DEOSSOPVSA-N,439.58,3.0,,True,False,False,phase_only,,Small molecule,MOL,0.0,35.385814497272015,False,,c1ccc(OCCn2cccc2-c2ccccc2)cc1,467
REP_01005,CHEMBL4297544,2-OCTYL CYANOACRYLATE,C=C(C#N)C(=O)OC(C)CCCCCC,CQVWXNBVRLKXPE-UHFFFAOYSA-N,209.29,3.0,,True,False,False,phase_only,,Small molecule,MOL,0.0,35.385814497272015,False,,,468
REP_00112,CHEMBL1389,LEVONORGESTREL,C#C[C@]1(O)CC[C@H]2[C@@H]3CCC4=CC(=O)CC[C@@H]4[C@H]3CC[C@@]21CC,WWYNJERNGUHSAO-XUDSTZEESA-N,312.45,4.0,,False,True,False,primary_atc_phase,,Small molecule,MOL,0.0,35.385814497272015,False,,O=C1C=C2CCC3C4CCCC4CCC3C2CC1,469
REP_01007,CHEMBL4297591,FOSMANOGEPIX,Nc1c(-c2cc(Cc3ccc(COc4ccccn4)cc3)no2)ccc[n+]1COP(=O)([O-])O,JQONJQKKVAHONF-UHFFFAOYSA-N,468.41,3.0,,True,False,False,phase_only,,Small molecule,MOL,0.0,35.385814497272015,False,,c1ccc(OCc2ccc(Cc3cc(-c4ccc[nH+]c4)on3)cc2)nc1,470
REP_01008,CHEMBL4297594,VERDIPERSTAT,CC(C)OCCn1c(=S)[nH]c(=O)c2[nH]ccc21,FVJCUZCRPIMVLB-UHFFFAOYSA-N,253.33,3.0,,True,False,False,phase_only,,Small molecule,MOL,0.0,35.385814497272015,False,,O=c1[nH]c(=S)[nH]c2cc[nH]c12,471
REP_00118,CHEMBL1414320,SUXIBUZONE,CCCCC1(COC(=O)CCC(=O)O)C(=O)N(c2ccccc2)N(c2ccccc2)C1=O,ONWXNHPOAGOMTG-UHFFFAOYSA-N,438.48,4.0,,False,True,False,primary_atc_phase,,Small molecule,MOL,0.0,35.385814497272015,False,,O=C1CC(=O)N(c2ccccc2)N1c1ccccc1,472
REP_00117,CHEMBL141305,CYCLOFENIL,CC(=O)Oc1ccc(C(=C2CCCCC2)c2ccc(OC(C)=O)cc2)cc1,GVOUFPWUYJWQSK-UHFFFAOYSA-N,364.44,4.0,,False,True,False,primary_atc_phase,,Small molecule,MOL,0.0,35.385814497272015,False,,c1ccc(C(=C2CCCCC2)c2ccccc2)cc1,473
REP_01011,CHEMBL4297605,ROLUPERIDONE,O=C(CN1CCC(CN2Cc3ccccc3C2=O)CC1)c1ccc(F)cc1,RNRYULFRLCBRQS-UHFFFAOYSA-N,366.44,3.0,,True,False,False,phase_only,,Small molecule,MOL,0.0,35.385814497272015,False,,O=C(CN1CCC(CN2Cc3ccccc3C2=O)CC1)c1ccccc1,474
REP_01012,CHEMBL4297606,RECOFLAVONE,COc1ccc(-c2cc(=O)c3c(OC)cc(OCC(=O)O)cc3o2)cc1OC,BCPQOBQIVJZOFL-UHFFFAOYSA-N,386.36,3.0,,True,False,False,phase_only,,Small molecule,MOL,0.0,35.385814497272015,False,,O=c1cc(-c2ccccc2)oc2ccccc12,475
REP_00116,CHEMBL1413,CICLOPIROX,Cc1cc(C2CCCCC2)n(O)c(=O)c1,SCKYRAXSEDYPSA-UHFFFAOYSA-N,207.27,4.0,,False,True,False,primary_atc_phase,,Small molecule,MOL,0.0,35.385814497272015,False,,O=c1cccc(C2CCCCC2)[nH]1,476
REP_00115,CHEMBL1405,ESTRONE,C[C@]12CC[C@@H]3c4ccc(O)cc4CC[C@H]3[C@@H]1CCC2=O,DNXHEGUUPJUMQT-CBZIJGRNSA-N,270.37,4.0,,False,True,False,primary_atc_phase,,Small molecule,MOL,0.0,35.385814497272015,False,,O=C1CCC2C1CCC1c3ccccc3CCC12,477
REP_01015,CHEMBL4297611,VENGLUSTAT,CC(C)(NC(=O)O[C@@H]1CN2CCC1CC2)c1csc(-c2ccc(F)cc2)n1,YFHRCLAKZBDRHN-MRXNPFEDSA-N,389.5,3.0,,True,False,False,phase_only,,Small molecule,MOL,0.0,35.385814497272015,False,,O=C(NCc1csc(-c2ccccc2)n1)OC1CN2CCC1CC2,478
REP_00114,CHEMBL1395,METHYLTESTOSTERONE,C[C@]12CCC(=O)C=C1CC[C@@H]1[C@@H]2CC[C@@]2(C)[C@H]1CC[C@]2(C)O,GCKMFJBGXUYNAG-HLXURNFRSA-N,302.46,4.0,,False,True,False,primary_atc_phase,,Small molecule,MOL,0.0,35.385814497272015,False,,O=C1C=C2CCC3C4CCCC4CCC3C2CC1,479
REP_00113,CHEMBL139,DICLOFENAC,O=C(O)Cc1ccccc1Nc1c(Cl)cccc1Cl,DCOPUUMXTXDBNB-UHFFFAOYSA-N,296.15,4.0,,False,True,True,primary_atc_phase,,Small molecule,MOL,0.0,35.385814497272015,False,,c1ccc(Nc2ccccc2)cc1,480
REP_01018,CHEMBL4297619,ENARODUSTAT,O=C(O)CNC(=O)c1c(O)cc(CCc2ccccc2)n2ncnc12,NALAUGMPMIVAOW-UHFFFAOYSA-N,340.34,3.0,,True,False,False,phase_only,,Small molecule,MOL,0.0,35.385814497272015,False,,c1ccc(CCc2cccc3ncnn23)cc1,481
REP_01019,CHEMBL4297621,EVOCALCET,C[C@@H](N[C@H]1CCN(c2ccc(CC(=O)O)cc2)C1)c1cccc2ccccc12,RZNUIYPHQFXBAN-XLIONFOSSA-N,374.48,3.0,,True,False,False,phase_only,,Small molecule,MOL,0.0,35.385814497272015,False,,c1ccc(N2CCC(NCc3cccc4ccccc34)C2)cc1,482
REP_01020,CHEMBL4297632,OXYCODEGOL,COCCOCCOCCOCCOCCOCCO[C@H]1CCC2(O)[C@H]3Cc4ccc(OC)c5c4[C@@]2(CCN3C)[C@H]1O5,RQHILGKAOIGUHU-BUCMUWKRSA-N,595.73,3.0,,True,False,False,phase_only,,Small molecule,MOL,0.0,35.385814497272015,False,,c1cc2c3c(c1)OC1CCCC4C(C2)NCCC314,483
REP_00119,CHEMBL1418176,METHANDROSTENOLONE,C[C@]12C=CC(=O)C=C1CC[C@@H]1[C@@H]2CC[C@@]2(C)[C@H]1CC[C@]2(C)O,XWALNWXLMVGSFR-HLXURNFRSA-N,300.44,4.0,,False,True,False,primary_atc_phase,,Small molecule,MOL,0.0,35.385814497272015,False,,O=C1C=CC2C(=C1)CCC1C3CCCC3CCC21,484
REP_00854,CHEMBL3545125,MIROGABALIN,CCC1=C[C@@H]2[C@H](C1)C[C@]2(CN)CC(=O)O,FTBQORVNHOIASH-CKYFFXLPSA-N,209.29,3.0,,True,False,False,phase_only,,Small molecule,MOL,0.0,35.385814497272015,False,,C1=CC2CCC2C1,485
REP_00202,CHEMBL2104594,CALCIUM GLUBIONATE,O=C([O-])[C@H](O)[C@@H](O)[C@H](O)[C@H](O)CO.O=C([O-])[C@H](O)[C@@H](O)[C@H](O[C@@H]1O[C@H](CO)[C@H](O)[C@H](O)[C@H]1O)[C@H](O)CO,HQILGJGVYGPNKD-MWZNMBQFSA-L,552.44,4.0,,False,True,False,primary_atc_phase,,Small molecule,MOL,0.0,35.385814497272015,False,,C1CCOCC1,486
REP_00856,CHEMBL3545166,DRINABANT,CS(=O)(=O)N(c1cc(F)cc(F)c1)C1CN(C(c2ccc(Cl)cc2)c2ccc(Cl)cc2)C1,IQQBRKLVEALROM-UHFFFAOYSA-N,497.39,3.0,,True,False,False,phase_only,,Small molecule,MOL,0.0,35.385814497272015,False,,c1ccc(NC2CN(C(c3ccccc3)c3ccccc3)C2)cc1,487
REP_00200,CHEMBL2103846,ULIPRISTAL,CC(=O)[C@@]1(O)CC[C@H]2[C@@H]3CCC4=CC(=O)CCC4=C3[C@@H](c3ccc(N(C)C)cc3)C[C@@]21C,HKDLNTKNLJPAIY-WKWWZUSTSA-N,433.59,4.0,,False,True,False,primary_atc_phase,,Small molecule,MOL,0.0,35.385814497272015,False,,O=C1C=C2CCC3C(=C2CC1)C(c1ccccc1)CC1CCCC13,488
REP_00199,CHEMBL2103774,TIBOLONE,C#C[C@]1(O)CC[C@H]2[C@@H]3[C@H](C)CC4=C(CCC(=O)C4)[C@H]3CC[C@@]21C,WZDGZWOAQTVYBX-XOINTXKNSA-N,312.45,4.0,,False,True,False,primary_atc_phase,,Small molecule,MOL,0.0,35.385814497272015,False,,O=C1CCC2=C(CCC3C2CCC2CCCC23)C1,489
REP_00859,CHEMBL3545254,OLESOXIME,CC(C)CCC[C@@H](C)[C@H]1CC[C@H]2[C@@H]3CCC4=CC(=NO)CC[C@]4(C)[C@H]3CC[C@]12C,QNTASHOAVRSLMD-GYKMGIIDSA-N,399.66,3.0,,True,False,False,phase_only,,Small molecule,MOL,0.0,35.385814497272015,False,,N=C1C=C2CCC3C4CCCC4CCC3C2CC1,490
REP_00198,CHEMBL2103772,RACECADOTRIL,CC(=O)SCC(Cc1ccccc1)C(=O)NCC(=O)OCc1ccccc1,ODUOJXZPIYUATO-UHFFFAOYSA-N,385.49,4.0,,False,True,False,primary_atc_phase,,Small molecule,MOL,0.0,35.385814497272015,False,,O=C(CCc1ccccc1)NCC(=O)OCc1ccccc1,491
REP_00861,CHEMBL3545351,AV-101,Nc1cc(Cl)ccc1C(=O)CC(N)C(=O)O,HQLHZNDJQSRKDT-UHFFFAOYSA-N,242.66,3.0,,True,False,False,phase_only,,Small molecule,MOL,0.0,35.385814497272015,False,,c1ccccc1,492
REP_00196,CHEMBL2079587,STANOZOLOL,C[C@]12Cc3c[nH]nc3C[C@@H]1CC[C@@H]1[C@@H]2CC[C@@]2(C)[C@H]1CC[C@]2(C)O,LKAJKIOFIWVMDJ-IYRCEVNGSA-N,328.5,4.0,,False,True,False,primary_atc_phase,,Small molecule,MOL,0.0,35.385814497272015,False,,c1[nH]nc2c1CC1C(CCC3C4CCCC4CCC13)C2,493
REP_00195,CHEMBL2079130,VONOPRAZAN,CNCc1cc(-c2ccccc2F)n(S(=O)(=O)c2cccnc2)c1,BFDBKMOZYNOTPK-UHFFFAOYSA-N,345.4,4.0,,False,True,False,primary_atc_phase,,Small molecule,MOL,0.0,35.385814497272015,False,,O=S(=O)(c1cccnc1)n1cccc1-c1ccccc1,494
REP_00194,CHEMBL205596,CHOLIC ACID,C[C@H](CCC(=O)O)[C@H]1CC[C@H]2[C@@H]3[C@H](O)C[C@@H]4C[C@H](O)CC[C@]4(C)[C@H]3C[C@H](O)[C@]12C,BHQCQFFYRZLCQQ-OELDTZBJSA-N,408.58,4.0,,False,True,False,primary_atc_phase,,Small molecule,MOL,0.0,35.385814497272015,False,,C1CCC2C(C1)CCC1C3CCCC3CCC21,495
REP_00865,CHEMBL35505,DIHYDRALAZINE,N/N=c1\[nH][nH]/c(=N\N)c2ccccc12,VQKLRVZQQYVIJW-UHFFFAOYSA-N,190.21,3.0,,True,False,False,phase_only,,Small molecule,MOL,0.0,35.385814497272015,False,,N=c1[nH][nH]c(=N)c2ccccc12,496
REP_00866,CHEMBL3585580,LOBEGLITAZONE,COc1ccc(Oc2cc(N(C)CCOc3ccc(CC4SC(=O)NC4=O)cc3)ncn2)cc1,CHHXEZSCHQVSRE-UHFFFAOYSA-N,480.55,3.0,,True,True,True,primary_atc_phase,,Small molecule,MOL,0.0,35.385814497272015,False,,O=C1NC(=O)C(Cc2ccc(OCCNc3cc(Oc4ccccc4)ncn3)cc2)S1,497
REP_00936,CHEMBL4069597,PRITELIVIR,Cc1nc(N(C)C(=O)Cc2ccc(-c3ccccn3)cc2)sc1S(N)(=O)=O,IVZKZONQVYTCKC-UHFFFAOYSA-N,402.5,3.0,,True,False,False,phase_only,,Small molecule,MOL,0.0,35.385814497272015,False,,O=C(Cc1ccc(-c2ccccn2)cc1)Nc1nccs1,498
REP_00868,CHEMBL360216,CYCLO(PROLYLGLYCYL),O=C1NCC(=O)N2CCC[C@@H]12,OWOHLURDBZHNGG-YFKPBYRVSA-N,154.17,3.0,,True,False,False,phase_only,,Small molecule,MOL,0.0,35.385814497272015,False,,O=C1NCC(=O)N2CCCC12,499
REP_00869,CHEMBL360861,NIFEKALANT,Cn1c(NCCN(CCO)CCCc2ccc([N+](=O)[O-])cc2)cc(=O)n(C)c1=O,OEBPANQZQGQPHF-UHFFFAOYSA-N,405.46,3.0,,True,False,False,phase_only,,Small molecule,MOL,0.0,35.385814497272015,False,,O=c1cc(NCCNCCCc2ccccc2)[nH]c(=O)[nH]1,500
REP_00870,CHEMBL3621988,TUCIDINOSTAT,Nc1cc(F)ccc1NC(=O)c1ccc(CNC(=O)/C=C/c2cccnc2)cc1,SZMJVTADHFNAIS-BJMVGYQFSA-N,390.42,3.0,,True,False,False,phase_only,,Small molecule,MOL,0.0,35.385814497272015,False,,O=C(C=Cc1cccnc1)NCc1ccc(C(=O)Nc2ccccc2)cc1,501
REP_00193,CHEMBL2018096,IPRAGLIFLOZIN,OC[C@H]1O[C@@H](c2ccc(F)c(Cc3cc4ccccc4s3)c2)[C@H](O)[C@@H](O)[C@@H]1O,AHFWIQIYAXSLBA-RQXATKFSSA-N,404.46,4.0,,False,True,True,primary_atc_phase,,Small molecule,MOL,0.0,35.385814497272015,False,,c1cc(Cc2cc3ccccc3s2)cc(C2CCCCO2)c1,502
REP_00872,CHEMBL363449,NADIFLOXACIN,CC1CCc2c(N3CCC(O)CC3)c(F)cc3c(=O)c(C(=O)O)cn1c23,JYJTVFIEFKZWCJ-UHFFFAOYSA-N,360.39,3.0,,True,False,False,phase_only,,Small molecule,MOL,0.0,35.385814497272015,False,,O=c1ccn2c3c(c(N4CCCCC4)ccc13)CCC2,503
REP_00874,CHEMBL364804,GW-406381,CCOc1ccc(-c2nn3ncccc3c2-c2ccc(S(C)(=O)=O)cc2)cc1,NXMZBNYLCVTRGB-UHFFFAOYSA-N,393.47,3.0,,True,False,False,phase_only,,Small molecule,MOL,0.0,35.385814497272015,False,,c1ccc(-c2nn3ncccc3c2-c2ccccc2)cc1,504
REP_00875,CHEMBL3652780,TIGULIXOSTAT,CC(C)n1cc(C#N)c2cc(-n3cc(C(=O)O)cn3)ccc21,JLQQRYOWGCIMMZ-UHFFFAOYSA-N,294.31,3.0,,True,False,False,phase_only,,Small molecule,MOL,0.0,35.385814497272015,False,,c1cnn(-c2ccc3[nH]ccc3c2)c1,505
REP_00876,CHEMBL36633,OXIRACETAM,NC(=O)CN1CC(O)CC1=O,IHLAQQPQKRMGSS-UHFFFAOYSA-N,158.16,3.0,,True,False,False,phase_only,,Small molecule,MOL,0.0,35.385814497272015,False,,O=C1CCCN1,506
REP_00191,CHEMBL196,ASCORBIC ACID,O=C1O[C@H]([C@@H](O)CO)C(O)=C1O,CIWBSHSKHKDKBQ-JLAZNSOCSA-N,176.12,4.0,,False,True,False,primary_atc_phase,,Small molecule,MOL,0.0,35.385814497272015,False,,O=C1C=CCO1,507
REP_00878,CHEMBL366460,ISOFLAVONE,O=c1c(-c2ccccc2)coc2ccccc12,GOMNOOKGLZYEJT-UHFFFAOYSA-N,222.24,3.0,,True,False,False,phase_only,,Small molecule,MOL,0.0,35.385814497272015,False,,O=c1c(-c2ccccc2)coc2ccccc12,508
REP_00879,CHEMBL367149,DOCONEXENT,CC/C=C\C/C=C\C/C=C\C/C=C\C/C=C\C/C=C\CCC(=O)O,MBMBGCFOFBJSGT-KUBAVDMBSA-N,328.5,3.0,,True,False,False,phase_only,,Small molecule,MOL,0.0,35.385814497272015,False,,,509
REP_00880,CHEMBL3678958,RUSERONTINIB,CC(C)n1c(Nc2cccnc2)nc2cnc(Nc3ccc(N4CCN(C)CC4)cc3)nc21,WSOHOUHPUOAXIN-UHFFFAOYSA-N,443.56,3.0,,True,False,False,phase_only,,Small molecule,MOL,0.0,35.385814497272015,False,,c1cncc(Nc2nc3cnc(Nc4ccc(N5CCNCC5)cc4)nc3[nH]2)c1,510
REP_00190,CHEMBL19490,ZOMEPIRAC,Cc1cc(CC(=O)O)n(C)c1C(=O)c1ccc(Cl)cc1,ZXVNMYWKKDOREA-UHFFFAOYSA-N,291.73,4.0,,False,True,True,primary_atc_phase,,Small molecule,MOL,0.0,35.385814497272015,False,,O=C(c1ccccc1)c1ccc[nH]1,511
REP_00867,CHEMBL3597971,SELTOREXANT,Cc1cc(C)nc(N2CC3CN(C(=O)c4c(F)cccc4-n4nccn4)CC3C2)n1,SQOCEMCKYDVLMM-UHFFFAOYSA-N,407.45,3.0,,True,False,False,phase_only,,Small molecule,MOL,0.0,35.385814497272015,False,,O=C(c1ccccc1-n1nccn1)N1CC2CN(c3ncccn3)CC2C1,512
REP_00213,CHEMBL2107381,URIDINE TRIACETATE,CC(=O)OC[C@H]1O[C@@H](n2ccc(=O)[nH]c2=O)[C@H](OC(C)=O)[C@@H]1OC(C)=O,AUFUWRKPQLGTGF-FMKGYKFTSA-N,370.31,4.0,,False,True,True,primary_atc_phase,,Small molecule,MOL,0.0,35.385814497272015,False,,O=c1ccn(C2CCCO2)c(=O)[nH]1,513
REP_00827,CHEMBL329091,BESIFOVIR,Nc1ncc2ncn(CC3(OCP(=O)(O)O)CC3)c2n1,KDNSSKPZBDNJDF-UHFFFAOYSA-N,299.23,3.0,,True,False,False,phase_only,,Small molecule,MOL,0.0,35.385814497272015,False,,c1ncc2ncn(CC3CC3)c2n1,514
REP_00828,CHEMBL3301595,DASOTRALINE,N[C@@H]1CC[C@@H](c2ccc(Cl)c(Cl)c2)c2ccccc21,SRPXSILJHWNFMK-MEDUHNTESA-N,292.21,3.0,,True,False,False,phase_only,,Small molecule,MOL,0.0,35.385814497272015,False,,c1ccc(C2CCCc3ccccc32)cc1,515
REP_00212,CHEMBL2106825,MEDROGESTONE,CC(=O)[C@@]1(C)CC[C@H]2[C@@H]3C=C(C)C4=CC(=O)CC[C@]4(C)[C@H]3CC[C@@]21C,HCFSGRMEEXUOSS-JXEXPEPMSA-N,340.51,4.0,,False,True,False,primary_atc_phase,,Small molecule,MOL,0.0,35.385814497272015,False,,O=C1C=C2C=CC3C4CCCC4CCC3C2CC1,516
REP_00830,CHEMBL3301604,RALINEPAG,O=C(O)COC[C@H]1CC[C@H](COC(=O)N(c2ccccc2)c2ccc(Cl)cc2)CC1,NPDKXVKJRHPDQT-IYARVYRRSA-N,431.92,3.0,,True,False,False,phase_only,,Small molecule,MOL,0.0,35.385814497272015,False,,O=C(OCC1CCCCC1)N(c1ccccc1)c1ccccc1,517
REP_00831,CHEMBL3301615,CENTANAFADINE HYDROCHLORIDE,c1ccc2cc([C@]34CNC[C@H]3C4)ccc2c1,HKHCSWPSUSWGLI-CABCVRRESA-N,209.29,3.0,,True,False,False,phase_only,,Small molecule,MOL,0.0,35.385814497272015,False,,c1ccc2cc(C34CNCC3C4)ccc2c1,518
REP_00211,CHEMBL2106119,CALCIUM GLUCONATE,O=C([O-])[C@H](O)[C@@H](O)[C@H](O)[C@H](O)CO.O=C([O-])[C@H](O)[C@@H](O)[C@H](O)[C@H](O)CO,MRTMJFYZDZYYQY-YFRKJXKXSA-L,390.29,4.0,,False,True,False,primary_atc_phase,,Small molecule,MOL,0.0,35.385814497272015,False,,,519
REP_00209,CHEMBL2105745,GLYCEROL PHENYLBUTYRATE,O=C(CCCc1ccccc1)OCC(COC(=O)CCCc1ccccc1)OC(=O)CCCc1ccccc1,ZSDBFLMJVAGKOU-UHFFFAOYSA-N,530.66,4.0,,False,True,True,primary_atc_phase,,Small molecule,MOL,0.0,35.385814497272015,False,,O=C(CCCc1ccccc1)OCC(COC(=O)CCCc1ccccc1)OC(=O)CCCc1ccccc1,520
REP_00834,CHEMBL332750,TETOMILAST,CCOc1ccc(-c2nc(-c3cccc(C(=O)O)n3)cs2)cc1OCC,XDBHURGONHZNJF-UHFFFAOYSA-N,370.43,3.0,,True,False,False,phase_only,,Small molecule,MOL,0.0,35.385814497272015,False,,c1ccc(-c2nc(-c3ccccn3)cs2)cc1,521
REP_00835,CHEMBL3334567,SAVOLITINIB,C[C@@H](c1ccc2nccn2c1)n1nnc2ncc(-c3cnn(C)c3)nc21,XYDNMOZJKOGZLS-NSHDSACASA-N,345.37,3.0,,True,False,False,phase_only,,Small molecule,MOL,0.0,35.385814497272015,False,,c1cn2cc(Cn3nnc4ncc(-c5cn[nH]c5)nc43)ccc2n1,522
REP_00836,CHEMBL333950,MAXACALCITOL,C=C1/C(=C\C=C2/CCC[C@]3(C)[C@@H]([C@H](C)OCCC(C)(C)O)CC[C@@H]23)C[C@@H](O)C[C@@H]1O,DTXXSJZBSTYZKE-ZDQKKZTESA-N,418.62,3.0,,True,False,False,phase_only,,Small molecule,MOL,0.0,35.385814497272015,False,,C=C1CCCCC1=CC=C1CCCC2CCCC12,523
REP_00837,CHEMBL334533,DEXANABINOL,CCCCCCC(C)(C)c1cc(O)c2c(c1)OC(C)(C)[C@H]1CC=C(CO)C[C@H]21,SSQJFGMEZBFMNV-PMACEKPBSA-N,386.58,3.0,,True,False,False,phase_only,,Small molecule,MOL,0.0,35.385814497272015,False,,C1=CCC2c3ccccc3OCC2C1,524
REP_00838,CHEMBL334830,RANIRESTAT,O=C1C[C@@]2(C(=O)N1)C(=O)N(Cc1ccc(Br)cc1F)C(=O)c1cccn12,QCVNMNYRNIMDKV-QGZVFWFLSA-N,420.19,3.0,,True,False,False,phase_only,,Small molecule,MOL,0.0,35.385814497272015,False,,O=C1CC2(C(=O)N1)C(=O)N(Cc1ccccc1)C(=O)c1cccn12,525
REP_00203,CHEMBL2105248,POTASSIUM BITARTRATE,O=C([O-])[C@H](O)[C@@H](O)C(=O)O,FEWJPZIEWOKRBE-JCYAYHJZSA-M,149.08,4.0,,False,True,False,primary_atc_phase,,Small molecule,MOL,0.0,35.385814497272015,False,,,526
REP_00840,CHEMBL33864,"LIPOIC ACID, ALPHA",O=C(O)CCCCC1CCSS1,AGBQKNBQESQNJD-UHFFFAOYSA-N,206.33,3.0,,True,True,True,primary_atc_phase,,Small molecule,MOL,0.0,35.385814497272015,False,,C1CSSC1,527
REP_00841,CHEMBL3426621,RIPASUDIL,C[C@H]1CNCCCN1S(=O)(=O)c1cccc2cncc(F)c12,QSKQVZWVLOIIEV-NSHDSACASA-N,323.39,3.0,,True,False,False,phase_only,,Small molecule,MOL,0.0,35.385814497272015,False,,O=S(=O)(c1cccc2cnccc12)N1CCCNCC1,528
REP_00208,CHEMBL2105722,NOMEGESTROL,CC(=O)[C@@]1(O)CC[C@H]2[C@@H]3C=C(C)C4=CC(=O)CC[C@@H]4[C@H]3CC[C@@]21C,KZUIYQJTUIACIG-YBZCJVABSA-N,328.45,4.0,,False,True,False,primary_atc_phase,,Small molecule,MOL,0.0,35.385814497272015,False,,O=C1C=C2C=CC3C4CCCC4CCC3C2CC1,529
REP_00843,CHEMBL350221,OXITRIPTAN,N[C@@H](Cc1c[nH]c2ccc(O)cc12)C(=O)O,LDCYZAJDBXYCGN-VIFPVBQESA-N,220.23,3.0,,True,False,False,phase_only,,Small molecule,MOL,0.0,35.385814497272015,False,,c1ccc2[nH]ccc2c1,530
REP_00844,CHEMBL350719,ESMETHADONE,CCC(=O)C(C[C@H](C)N(C)C)(c1ccccc1)c1ccccc1,USSIQXCVUWKGNF-KRWDZBQOSA-N,309.45,3.0,,True,False,False,phase_only,,Small molecule,MOL,0.0,35.385814497272015,False,,c1ccc(Cc2ccccc2)cc1,531
REP_00206,CHEMBL2105648,PALOVAROTENE,CC1(C)CCC(C)(C)c2cc(Cn3cccn3)c(/C=C/c3ccc(C(=O)O)cc3)cc21,YTFHCXIPDIHOIA-DHZHZOJOSA-N,414.55,4.0,,False,True,False,primary_atc_phase,,Small molecule,MOL,0.0,35.385814497272015,False,,C(=Cc1cc2c(cc1Cn1cccn1)CCCC2)c1ccccc1,532
REP_00846,CHEMBL3526802,NIBROZETONE,O=C(CBr)N1CC([N+](=O)[O-])([N+](=O)[O-])C1,JODKFOVZURLVTG-UHFFFAOYSA-N,268.02,3.0,,True,False,False,phase_only,,Small molecule,MOL,0.0,35.385814497272015,False,,C1CNC1,533
REP_00847,CHEMBL3544785,N-DESETHYLOXYBUTYNIN,CCNCC#CCOC(=O)C(O)(c1ccccc1)C1CCCCC1,SNIBJKHIKIIGPR-UHFFFAOYSA-N,329.44,3.0,,True,False,False,phase_only,,Small molecule,MOL,0.0,35.385814497272015,False,,c1ccc(CC2CCCCC2)cc1,534
REP_00848,CHEMBL3544913,VIXOTRIGINE,NC(=O)[C@@H]1CC[C@H](c2ccc(OCc3ccccc3F)cc2)N1,JESCETIFNOFKEU-SJORKVTESA-N,314.36,3.0,,True,False,False,phase_only,,Small molecule,MOL,0.0,35.385814497272015,False,,c1ccc(COc2ccc(C3CCCN3)cc2)cc1,535
REP_00849,CHEMBL3544916,GUADECITABINE,Nc1ncn([C@H]2C[C@H](OP(=O)(O)OC[C@H]3O[C@@H](n4cnc5c(=O)[nH]c(N)nc54)C[C@@H]3O)[C@@H](CO)O2)c(=O)n1,GUWXKKAWLCENJA-WGWHJZDNSA-N,557.42,3.0,,True,False,False,phase_only,,Small molecule,MOL,0.0,35.385814497272015,False,,O=c1[nH]cnc2c1ncn2C1CCC(CO[PH](=O)OC2COC(n3cncnc3=O)C2)O1,536
REP_00205,CHEMBL2105527,TETRAZEPAM,CN1C(=O)CN=C(C2=CCCCC2)c2cc(Cl)ccc21,IQWYAQCHYZHJOS-UHFFFAOYSA-N,288.78,4.0,,False,True,False,primary_atc_phase,,Small molecule,MOL,0.0,35.385814497272015,False,,O=C1CN=C(C2=CCCCC2)c2ccccc2N1,537
REP_00204,CHEMBL2105395,OSPEMIFENE,OCCOc1ccc(/C(=C(/CCCl)c2ccccc2)c2ccccc2)cc1,LUMKNAVTFCDUIE-VHXPQNKSSA-N,378.9,4.0,,False,True,False,primary_atc_phase,,Small molecule,MOL,0.0,35.385814497272015,False,,C(=C(c1ccccc1)c1ccccc1)c1ccccc1,538
REP_00852,CHEMBL3544984,TRADIPITANT,O=C(c1ccccc1Cl)c1cccnc1-c1nnn(Cc2cc(C(F)(F)F)cc(C(F)(F)F)c2)c1-c1ccncc1,CAVRKWRKTNINFF-UHFFFAOYSA-N,587.91,3.0,,True,False,False,phase_only,,Small molecule,MOL,0.0,35.385814497272015,False,,O=C(c1ccccc1)c1cccnc1-c1nnn(Cc2ccccc2)c1-c1ccncc1,539
REP_00839,CHEMBL336296,URIDINE TRIPHOSPHATE,O=c1ccn([C@@H]2O[C@H](COP(=O)(O)OP(=O)(O)OP(=O)(O)O)[C@@H](O)[C@H]2O)c(=O)[nH]1,PGAVKCOVUIYSFO-XVFCMESISA-N,484.14,3.0,,True,False,False,phase_only,,Small molecule,MOL,0.0,35.385814497272015,False,,O=c1ccn(C2CCCO2)c(=O)[nH]1,540
REP_00177,CHEMBL17879,MARALIXIBAT CHLORIDE,CCCCC1(CCCC)CS(=O)(=O)c2ccc(N(C)C)cc2[C@@H](c2ccc(OCc3ccc(C[N+]45CCN(CC4)CC5)cc3)cc2)[C@H]1O,STPKWKPURVSAJF-LJEWAXOPSA-N,674.97,4.0,,False,True,False,primary_atc_phase,,Small molecule,MOL,0.0,35.385814497272015,False,,O=S1(=O)CCCC(c2ccc(OCc3ccc(C[N+]45CCN(CC4)CC5)cc3)cc2)c2ccccc21,541
REP_00914,CHEMBL3989702,TENOFOVIR,C[C@H](Cn1cnc2c(N)ncnc21)OCP(=O)(O)O,SGOIRFVFHAKUTI-ZCFIWIBFSA-N,287.22,3.0,,True,False,False,phase_only,,Small molecule,MOL,0.0,35.385814497272015,False,,c1ncc2nc[nH]c2n1,542
REP_00915,CHEMBL3989834,AVOSENTAN,COc1ccccc1Oc1c(NS(=O)(=O)c2ccc(C)cn2)nc(-c2ccncc2)nc1OC,YBWLTKFZAOSWSM-UHFFFAOYSA-N,479.52,3.0,,True,False,False,phase_only,,Small molecule,MOL,0.0,35.385814497272015,False,,O=S(=O)(Nc1nc(-c2ccncc2)ncc1Oc1ccccc1)c1ccccn1,543
REP_00176,CHEMBL1779710,EVOGLIPTIN,CC(C)(C)OC[C@@H]1C(=O)NCCN1C(=O)C[C@H](N)Cc1cc(F)c(F)cc1F,LCDDAGSJHKEABN-MLGOLLRUSA-N,401.43,4.0,,False,True,True,primary_atc_phase,,Small molecule,MOL,0.0,35.385814497272015,False,,O=C1CN(C(=O)CCCc2ccccc2)CCN1,544
REP_00175,CHEMBL1770248,ERTUGLIFLOZIN,CCOc1ccc(Cc2cc([C@]34OC[C@](CO)(O3)[C@@H](O)[C@H](O)[C@H]4O)ccc2Cl)cc1,MCIACXAZCBVDEE-CUUWFGFTSA-N,436.89,4.0,,False,True,True,primary_atc_phase,,Small molecule,MOL,0.0,35.385814497272015,False,,c1ccc(Cc2cccc(C34CCCC(CO3)O4)c2)cc1,545
REP_00174,CHEMBL1753,CLINDAMYCIN,CCC[C@@H]1C[C@@H](C(=O)N[C@@H]([C@H]2O[C@H](SC)[C@H](O)[C@@H](O)[C@H]2O)[C@H](C)Cl)N(C)C1,KDLRVYVGXIQJDK-AWPVFWJPSA-N,424.99,4.0,,False,True,False,primary_atc_phase,,Small molecule,MOL,0.0,35.385814497272015,False,,O=C(NCC1CCCCO1)C1CCCN1,546
REP_00919,CHEMBL3989912,IBERDOMIDE HYDROCHLORIDE,O=C1CC[C@H](N2Cc3c(OCc4ccc(CN5CCOCC5)cc4)cccc3C2=O)C(=O)N1,IXZOHGPZAQLIBH-NRFANRHFSA-N,449.51,3.0,,True,False,False,phase_only,,Small molecule,MOL,0.0,35.385814497272015,False,,O=C1CCC(N2Cc3c(OCc4ccc(CN5CCOCC5)cc4)cccc3C2=O)C(=O)N1,547
REP_00172,CHEMBL175,DEXIBUPROFEN,CC(C)Cc1ccc([C@H](C)C(=O)O)cc1,HEFNNWSXXWATRW-JTQLQIEISA-N,206.28,4.0,,False,True,True,primary_atc_phase,,Small molecule,MOL,0.0,35.385814497272015,False,,c1ccccc1,548
REP_00171,CHEMBL1746,SODIUM PHENYLBUTYRATE,O=C([O-])CCCc1ccccc1,OBKXEAXTFZPCHS-UHFFFAOYSA-M,163.2,4.0,,False,True,True,primary_atc_phase,,Small molecule,MOL,0.0,35.385814497272015,False,,c1ccccc1,549
REP_00170,CHEMBL1734,SOLIFENACIN,O=C(O[C@H]1CN2CCC1CC2)N1CCc2ccccc2[C@@H]1c1ccccc1,FBOUYBDGKBSUES-VXKWHMMOSA-N,362.47,4.0,,False,True,True,primary_atc_phase,,Small molecule,MOL,0.0,35.385814497272015,False,,O=C(OC1CN2CCC1CC2)N1CCc2ccccc2C1c1ccccc1,550
REP_00169,CHEMBL1729,CISAPRIDE,COc1cc(N)c(Cl)cc1C(=O)NC1CCN(CCCOc2ccc(F)cc2)CC1OC,DCSUBABJRXZOMT-UHFFFAOYSA-N,465.95,4.0,,False,True,False,primary_atc_phase,,Small molecule,MOL,0.0,35.385814497272015,False,,O=C(NC1CCN(CCCOc2ccccc2)CC1)c1ccccc1,551
REP_00167,CHEMBL170988,PHENFORMIN,N=C(N)NC(=N)NCCc1ccccc1,ICFJFFQQTFMIBG-UHFFFAOYSA-N,205.27,4.0,,False,True,True,primary_atc_phase,,Small molecule,MOL,0.0,35.385814497272015,False,,c1ccccc1,552
REP_00166,CHEMBL170,QUININE,C=C[C@H]1CN2CC[C@H]1C[C@H]2[C@H](O)c1ccnc2ccc(OC)cc12,LOUPRKONTZGTKE-WZBLMQSHSA-N,324.42,4.0,,False,True,False,primary_atc_phase,,Small molecule,MOL,0.0,35.385814497272015,False,,c1ccc2c(CC3CC4CCN3CC4)ccnc2c1,553
REP_00189,CHEMBL193482,ESTRIOL,C[C@]12CC[C@@H]3c4ccc(O)cc4CC[C@H]3[C@@H]1C[C@@H](O)[C@@H]2O,PROQIPRRNZUXQM-ZXXIGWHRSA-N,288.39,4.0,,False,True,False,primary_atc_phase,,Small molecule,MOL,0.0,35.385814497272015,False,,c1ccc2c(c1)CCC1C2CCC2CCCC21,554
REP_00927,CHEMBL3989959,NACUBACTAM,NCCONC(=O)[C@@H]1CC[C@@H]2CN1C(=O)N2OS(=O)(=O)O,RSBPYSTVZQAADE-RQJHMYQMSA-N,324.31,3.0,,True,False,False,phase_only,,Small molecule,MOL,0.0,35.385814497272015,False,,O=C1NC2CCCN1C2,555
REP_00165,CHEMBL1697841,ISOMETHEPTENE,CNC(C)CCC=C(C)C,XVQUOJBERHHONY-UHFFFAOYSA-N,141.26,4.0,,False,True,False,primary_atc_phase,,Small molecule,MOL,0.0,35.385814497272015,False,,,556
REP_00164,CHEMBL1697768,SODIUM PICOSULFATE,O=S(=O)([O-])Oc1ccc(C(c2ccc(OS(=O)(=O)[O-])cc2)c2ccccn2)cc1,UJIDKYTZIQTXPM-UHFFFAOYSA-L,435.44,4.0,,False,True,False,primary_atc_phase,,Small molecule,MOL,0.0,35.385814497272015,False,,c1ccc(C(c2ccccc2)c2ccccn2)cc1,557
REP_00930,CHEMBL399510,BROMOPRIDE,CCN(CC)CCNC(=O)c1cc(Br)c(N)cc1OC,GIYAQDDTCWHPPL-UHFFFAOYSA-N,344.25,3.0,,True,True,False,primary_atc_phase,,Small molecule,MOL,0.0,35.385814497272015,False,,c1ccccc1,558
REP_00931,CHEMBL404431,OZ277,CC(C)(N)CNC(=O)C[C@H]1CC[C@]2(CC1)OO[C@]1(O2)C2CC3CC(C2)CC1C3,VXYZBLXGCYNIHP-CAGINOIPSA-N,392.54,3.0,,True,False,False,phase_only,,Small molecule,MOL,0.0,35.385814497272015,False,,C1CCC2(CC1)OOC1(O2)C2CC3CC(C2)CC1C3,559
REP_00932,CHEMBL405821,SENICAPOC,NC(=O)C(c1ccccc1)(c1ccc(F)cc1)c1ccc(F)cc1,SCTZUZTYRMOMKT-UHFFFAOYSA-N,323.34,3.0,,True,False,False,phase_only,,Small molecule,MOL,0.0,35.385814497272015,False,,c1ccc(C(c2ccccc2)c2ccccc2)cc1,560
REP_00933,CHEMBL406117,GUSPERIMUS,N=C(N)NCCCCCCC(=O)NC(O)C(=O)NCCCCNCCCN,IDINUJSAMVOPCM-UHFFFAOYSA-N,387.53,3.0,,True,False,False,phase_only,,Small molecule,MOL,0.0,35.385814497272015,False,,,561
REP_00163,CHEMBL1682,SORBITOL,OC[C@@H](O)[C@@H](O)[C@H](O)[C@@H](O)CO,FBPFZTCFMRRESA-JGWLITMVSA-N,182.17,4.0,,False,True,False,primary_atc_phase,,Small molecule,MOL,0.0,35.385814497272015,False,,,562
REP_00935,CHEMBL4068611,RELACORILANT,Cn1cc(S(=O)(=O)N2CCC3=Cc4c(cnn4-c4ccc(F)cc4)C[C@]3(C(=O)c3cc(C(F)(F)F)ccn3)C2)cn1,WANIDIGFXJFFEL-SANMLTNESA-N,586.57,3.0,,True,False,False,phase_only,,Small molecule,MOL,0.0,35.385814497272015,False,,O=C(c1ccccn1)C12Cc3cnn(-c4ccccc4)c3C=C1CCN(S(=O)(=O)c1cn[nH]c1)C2,563
REP_01050,CHEMBL446452,ARUNDINE,c1ccc2c(Cc3c[nH]c4ccccc34)c[nH]c2c1,VFTRKSBEFQDZKX-UHFFFAOYSA-N,246.31,3.0,,True,False,False,phase_only,,Small molecule,MOL,0.0,35.385814497272015,False,,c1ccc2c(Cc3c[nH]c4ccccc34)c[nH]c2c1,564
REP_00162,CHEMBL1661,LACTITOL,OC[C@@H](O)[C@@H](O[C@@H]1O[C@H](CO)[C@H](O)[C@H](O)[C@H]1O)[C@H](O)[C@@H](O)CO,VQHSOMBJVWLPSR-JVCRWLNRSA-N,344.31,4.0,,False,True,False,primary_atc_phase,,Small molecule,MOL,0.0,35.385814497272015,False,,C1CCOCC1,565
REP_00938,CHEMBL407874,6-O-BENZYLGUANINE,Nc1nc(OCc2ccccc2)c2nc[nH]c2n1,KRWMERLEINMZFT-UHFFFAOYSA-N,241.25,3.0,,True,False,False,phase_only,,Small molecule,MOL,0.0,35.385814497272015,False,,c1ccc(COc2ncnc3[nH]cnc23)cc1,566
REP_00161,CHEMBL1651990,FENTICONAZOLE,Clc1ccc(C(Cn2ccnc2)OCc2ccc(Sc3ccccc3)cc2)c(Cl)c1,ZCJYUTQZBAIHBS-UHFFFAOYSA-N,455.41,4.0,,False,True,False,primary_atc_phase,,Small molecule,MOL,0.0,35.385814497272015,False,,c1ccc(Sc2ccc(COC(Cn3ccnc3)c3ccccc3)cc2)cc1,567
REP_00926,CHEMBL3989954,ROSIPTOR,C=C1CC[C@H]2[C@H](CN)[C@@H]([C@@]3(C)CC[C@H](O)C[C@@H]3CO)CC[C@]12C,MDEJTPWQNNMAQF-BVMLLJBZSA-N,321.51,3.0,,True,False,False,phase_only,,Small molecule,MOL,0.0,35.385814497272015,False,,C=C1CCC2CC(C3CCCCC3)CCC12,568
REP_00188,CHEMBL19299,LOXOPROFEN,CC(C(=O)O)c1ccc(CC2CCCC2=O)cc1,YMBXTVYHTMGZDW-UHFFFAOYSA-N,246.31,4.0,,False,True,True,primary_atc_phase,,Small molecule,MOL,0.0,35.385814497272015,False,,O=C1CCCC1Cc1ccccc1,569
REP_00884,CHEMBL3707307,FABOMOTIZOLE,CCOc1ccc2nc(SCCN3CCOCC3)[nH]c2c1,WWNUCVSRRUDYPP-UHFFFAOYSA-N,307.42,3.0,,True,False,False,phase_only,,Small molecule,MOL,0.0,35.385814497272015,False,,c1ccc2[nH]c(SCCN3CCOCC3)nc2c1,570
REP_00885,CHEMBL3707312,ETRIPAMIL,COC(=O)c1cccc(CCN(C)CCC[C@@](C#N)(c2ccc(OC)c(OC)c2)C(C)C)c1,VAZNEHLGJGSQEL-MHZLTWQESA-N,452.6,3.0,,True,False,False,phase_only,,Small molecule,MOL,0.0,35.385814497272015,False,,c1ccc(CCCCNCCc2ccccc2)cc1,571
REP_00886,CHEMBL3707366,ALANYL GLUTAMINE,C[C@H](N)C(=O)N[C@@H](CCC(N)=O)C(=O)O,HJCMDXDYPOUFDY-WHFBIAKZSA-N,217.22,3.0,,True,False,False,phase_only,,Small molecule,MOL,0.0,35.385814497272015,False,,,572
REP_00186,CHEMBL1909324,PINAVERIUM,COc1cc(Br)c(C[N+]2(CCOCCC3CCC4CC3C4(C)C)CCOCC2)cc1OC,DDHUTBKXLWCZCO-UHFFFAOYSA-N,511.52,4.0,,False,True,False,primary_atc_phase,,Small molecule,MOL,0.0,35.385814497272015,False,,c1ccc(C[N+]2(CCOCCC3CCC4CC3C4)CCOCC2)cc1,573
REP_00185,CHEMBL1908315,GEMEPROST,CCCCC(C)(C)[C@H](O)/C=C/[C@H]1[C@H](O)CC(=O)[C@@H]1CCCC/C=C/C(=O)OC,KYBOHGVERHWSSV-VNIVIJDLSA-N,394.55,4.0,,False,True,False,primary_atc_phase,,Small molecule,MOL,0.0,35.385814497272015,False,,O=C1CCCC1,574
REP_00889,CHEMBL3707403,CELIVARONE,CCCCc1oc2ccc(C(=O)OC(C)C)cc2c1C(=O)c1ccc(CCCN(CCCC)CCCC)cc1,ZCENNVQCOZQSGH-UHFFFAOYSA-N,533.75,3.0,,True,False,False,phase_only,,Small molecule,MOL,0.0,35.385814497272015,False,,O=C(c1ccccc1)c1coc2ccccc12,575
REP_00890,CHEMBL370753,OPIPRAMOL,OCCN1CCN(CCCN2c3ccccc3C=Cc3ccccc32)CC1,YNZFUWZUGRBMHL-UHFFFAOYSA-N,363.51,3.0,,True,False,False,phase_only,,Small molecule,MOL,0.0,35.385814497272015,False,,C1=Cc2ccccc2N(CCCN2CCNCC2)c2ccccc21,576
REP_00891,CHEMBL371405,MARIZOMIB,C[C@@]12OC(=O)[C@]1([C@@H](O)[C@@H]1C=CCCC1)NC(=O)[C@@H]2CCCl,NGWSFRIPKNWYAO-SHTIJGAHSA-N,313.78,3.0,,True,False,False,phase_only,,Small molecule,MOL,0.0,35.385814497272015,False,,O=C1CC2OC(=O)C2(CC2C=CCCC2)N1,577
REP_00892,CHEMBL372764,PERIFOSINE,CCCCCCCCCCCCCCCCCCOP(=O)([O-])OC1CC[N+](C)(C)CC1,SZFPYBIJACMNJV-UHFFFAOYSA-N,461.67,3.0,,True,False,False,phase_only,,Small molecule,MOL,0.0,35.385814497272015,False,,C1CC[NH2+]CC1,578
REP_00893,CHEMBL3746329,SHR-4640,O=C(O)C1(Sc2ccnc3ccc(Br)cc23)CCC1,QGBWIYLNOBYNDL-UHFFFAOYSA-N,338.23,3.0,,True,False,False,phase_only,,Small molecule,MOL,0.0,35.385814497272015,False,,c1ccc2c(SC3CCC3)ccnc2c1,579
REP_00895,CHEMBL377300,BRIVANIB,Cc1cc2c(F)c(Oc3ncnn4cc(OC[C@@H](C)O)c(C)c34)ccc2[nH]1,WCWUXEGQKLTGDX-LLVKDONJSA-N,370.38,3.0,,True,False,False,phase_only,,Small molecule,MOL,0.0,35.385814497272015,False,,c1cc2c(Oc3ccc4[nH]ccc4c3)ncnn2c1,580
REP_00896,CHEMBL3785197,OBICETRAPIB,CCOC(=O)N1c2ccc(C(F)(F)F)cc2[C@@H](N(Cc2cc(C(F)(F)F)cc(C(F)(F)F)c2)c2ncc(OCCCC(=O)O)cn2)C[C@H]1CC,NRWORBQAOQVYBJ-GJZUVCINSA-N,722.6,3.0,,True,False,False,phase_only,,Small molecule,MOL,0.0,35.385814497272015,False,,c1ccc(CN(c2ncccn2)C2CCNc3ccccc32)cc1,581
REP_00912,CHEMBL3989686,IFERANSERIN,CN1CCCC[C@H]1CCc1ccccc1NC(=O)/C=C/c1ccccc1,UXIPFQUBOVWAQW-UEBLJOKOSA-N,348.49,3.0,,True,False,False,phase_only,,Small molecule,MOL,0.0,35.385814497272015,False,,O=C(C=Cc1ccccc1)Nc1ccccc1CCC1CCCCN1,582
REP_00182,CHEMBL188952,PIRPROFEN,CC(C(=O)O)c1ccc(N2CC=CC2)c(Cl)c1,PIDSZXPFGCURGN-UHFFFAOYSA-N,251.71,4.0,,False,True,True,primary_atc_phase,,Small molecule,MOL,0.0,35.385814497272015,False,,C1=CCN(c2ccccc2)C1,583
REP_00181,CHEMBL1888176,TROSPIUM,O=C(O[C@H]1C[C@H]2CC[C@@H](C1)[N+]21CCCC1)C(O)(c1ccccc1)c1ccccc1,OYYDSUSKLWTMMQ-JKHIJQBDSA-N,392.52,4.0,,False,True,True,primary_atc_phase,,Small molecule,MOL,0.0,35.385814497272015,False,,O=C(OC1CC2CCC(C1)[N+]21CCCC1)C(c1ccccc1)c1ccccc1,584
REP_00900,CHEMBL3833377,ZINC GLUCONATE,O=C([O-])[C@H](O)[C@@H](O)[C@H](O)[C@H](O)CO.O=C([O-])[C@H](O)[C@@H](O)[C@H](O)[C@H](O)CO.[Zn+2],WHMDKBIGKVEYHS-IYEMJOQQSA-L,455.68,3.0,,True,True,False,primary_atc_phase,,Small molecule,MOL,0.0,35.385814497272015,False,,,585
REP_00901,CHEMBL38380,FASUDIL,O=S(=O)(c1cccc2cnccc12)N1CCCNCC1,NGOGFTYYXHNFQH-UHFFFAOYSA-N,291.38,3.0,,True,False,False,phase_only,,Small molecule,MOL,0.0,35.385814497272015,False,,O=S(=O)(c1cccc2cnccc12)N1CCCNCC1,586
REP_00902,CHEMBL39,SEROTONIN,NCCc1c[nH]c2ccc(O)cc12,QZAYGJVTTNCVMB-UHFFFAOYSA-N,176.22,3.0,,True,False,False,phase_only,,Small molecule,MOL,0.0,35.385814497272015,False,,c1ccc2[nH]ccc2c1,587
REP_00903,CHEMBL3900409,BRENSOCATIB,Cn1c(=O)oc2ccc(-c3ccc(C[C@@H](C#N)NC(=O)[C@@H]4CNCCCO4)cc3)cc21,AEXFXNFMSAAELR-RXVVDRJESA-N,420.47,3.0,,True,False,False,phase_only,,Small molecule,MOL,0.0,35.385814497272015,False,,O=C(NCCc1ccc(-c2ccc3oc(=O)[nH]c3c2)cc1)C1CNCCCO1,588
REP_00180,CHEMBL185073,PANCURONIUM,CC(=O)O[C@H]1C[C@@H]2CC[C@@H]3[C@H](CC[C@@]4(C)[C@H]3C[C@H]([N+]3(C)CCCCC3)[C@@H]4OC(C)=O)[C@@]2(C)C[C@@H]1[N+]1(C)CCCCC1,GVEAYVLWDAFXET-XGHATYIMSA-N,572.88,4.0,,False,True,False,primary_atc_phase,,Small molecule,MOL,0.0,35.385814497272015,False,,C1CC[NH+](C2CCC3CCC4C5CC([NH+]6CCCCC6)CC5CCC4C3C2)CC1,589
REP_00178,CHEMBL1790041,RANITIDINE,CNC(=C[N+](=O)[O-])NCCSCc1ccc(CN(C)C)o1,VMXUWOKSQNHOCA-UHFFFAOYSA-N,314.41,4.0,,False,True,False,primary_atc_phase,,Small molecule,MOL,0.0,35.385814497272015,False,,c1ccoc1,590
REP_00907,CHEMBL3918017,SELETRACETAM,CC[C@@H](C(N)=O)N1C[C@H](C=C(F)F)CC1=O,ANWPENAPCIFDSZ-RQJHMYQMSA-N,232.23,3.0,,True,False,False,phase_only,,Small molecule,MOL,0.0,35.385814497272015,False,,O=C1CCCN1,591
REP_00908,CHEMBL392158,FALLYPRIDE,C=CCN1CCC[C@H]1CNC(=O)c1cc(CCCF)cc(OC)c1OC,OABRYNHZQBZDMG-INIZCTEOSA-N,364.46,3.0,,True,False,False,phase_only,,Small molecule,MOL,0.0,35.385814497272015,False,,O=C(NCC1CCCN1)c1ccccc1,592
REP_00909,CHEMBL3930624,FLUZOPARIB,O=C(c1cc(Cc2n[nH]c(=O)c3ccccc23)ccc1F)N1CCn2nc(C(F)(F)F)nc2C1,XJGXCBHXFWBOTN-UHFFFAOYSA-N,472.4,3.0,,True,False,False,phase_only,,Small molecule,MOL,0.0,35.385814497272015,False,,O=C(c1cccc(Cc2n[nH]c(=O)c3ccccc23)c1)N1CCn2ncnc2C1,593
REP_00910,CHEMBL396416,CARBOCYSTEINE,N[C@@H](CSCC(=O)O)C(=O)O,GBFLZEXEOZUWRN-VKHMYHEASA-N,179.2,3.0,,True,False,False,phase_only,,Small molecule,MOL,0.0,35.385814497272015,False,,,594
REP_00911,CHEMBL3989647,TICARCILLIN MONOSODIUM,CC1(C)S[C@@H]2[C@H](NC(=O)[C@H](C(=O)O)c3ccsc3)C(=O)N2[C@H]1C(=O)[O-],OHKOGUYZJXTSFX-KZFFXBSXSA-M,383.43,3.0,,True,False,False,phase_only,,Small molecule,MOL,0.0,35.385814497272015,False,,O=C(Cc1ccsc1)NC1C(=O)N2CCSC12,595
REP_00183,CHEMBL189171,ACEMETACIN,COc1ccc2c(c1)c(CC(=O)OCC(=O)O)c(C)n2C(=O)c1ccc(Cl)cc1,FSQKKOOTNAMONP-UHFFFAOYSA-N,415.83,4.0,,False,True,True,primary_atc_phase,,Small molecule,MOL,0.0,35.385814497272015,False,,O=C(c1ccccc1)n1ccc2ccccc21,596
REP_01271,CHEMBL83668,TOLNAFTATE,Cc1cccc(N(C)C(=S)Oc2ccc3ccccc3c2)c1,FUSNMLFNXJSCDI-UHFFFAOYSA-N,307.42,3.0,,True,False,False,phase_only,,Small molecule,MOL,0.0,35.385814497272015,False,,S=C(Nc1ccccc1)Oc1ccc2ccccc2c1,597
REP_01269,CHEMBL80830,BUCILLAMINE,CC(C)(S)C(=O)N[C@@H](CS)C(=O)O,VUAFHZCUKUDDBC-BYPYZUCNSA-N,223.32,3.0,,True,True,True,primary_atc_phase,,Small molecule,MOL,0.0,35.385814497272015,False,,,598
REP_01200,CHEMBL5314598,IBUPROFEN TRELAMINE,CCN(CC)CCOC(=O)C(C)c1ccc(CC(C)C)cc1,LMNZWAJFILAFEC-UHFFFAOYSA-N,305.46,3.0,,True,False,False,phase_only,,Small molecule,MOL,0.0,35.385814497272015,False,,c1ccccc1,599
REP_01201,CHEMBL5314606,GILDEURETINOL,[2H]C([2H])([2H])C(/C=C/C=C(C)/C=C/C1=C(C)CCCC1(C)C)=C\CO,FPIPGXGPPPQFEQ-QZNDTXPVSA-N,289.48,3.0,,True,False,False,phase_only,,Small molecule,MOL,0.0,35.385814497272015,False,,C1=CCCCC1,600
REP_01202,CHEMBL531472,HYDROQUINIDINE,CC[C@H]1CN2CC[C@H]1C[C@@H]2[C@@H](O)c1ccnc2ccc(OC)cc12,LJOQGZACKSYWCH-LHHVKLHASA-N,326.44,3.0,,True,False,False,phase_only,,Small molecule,MOL,0.0,35.385814497272015,False,,c1ccc2c(CC3CC4CCN3CC4)ccnc2c1,601
REP_01203,CHEMBL5314921,LEUCOGEN,CCOC(=O)C(c1ccccc1)C1NC(C(=O)O)CS1,XDBMTQVSHNQIFU-UHFFFAOYSA-N,295.36,3.0,,True,False,False,phase_only,,Small molecule,MOL,0.0,35.385814497272015,False,,c1ccc(CC2NCCS2)cc1,602
REP_01268,CHEMBL80386,IVOSPEMIN,CCNCC[C@H](O)CNCCCCNC[C@@H](O)CCNCC,AFXLPCNTPZQBIC-HOTGVXAUSA-N,318.51,3.0,,True,False,False,phase_only,,Small molecule,MOL,0.0,35.385814497272015,False,,,603
REP_01267,CHEMBL77921,MEDETOMIDINE,Cc1cccc(C(C)c2c[nH]cn2)c1C,CUHVIMMYOGQXCV-UHFFFAOYSA-N,200.29,3.0,,True,False,False,phase_only,,Small molecule,MOL,0.0,35.385814497272015,False,,c1ccc(Cc2c[nH]cn2)cc1,604
REP_01206,CHEMBL5314958,CRISUGABALIN,NC[C@@]1(CC(=O)O)[C@@H]2CC[C@H]3C[C@@H]2[C@@H]1C3,WCEFMBSFXJUREW-LIJGXYGRSA-N,209.29,3.0,,True,False,False,phase_only,,Small molecule,MOL,0.0,35.385814497272015,False,,C1CC2CC3CC1CC23,605
REP_01207,CHEMBL5314960,DIOXYDINE,[O-][n+]1c(CO)c(CO)[n+]([O-])c2ccccc21,DOIGHQCAQBRSKI-UHFFFAOYSA-N,222.2,3.0,,True,False,False,phase_only,,Small molecule,MOL,0.0,35.385814497272015,False,,c1ccc2[nH+]cc[nH+]c2c1,606
REP_01266,CHEMBL77305,RUBITECAN,CC[C@@]1(O)C(=O)OCc2c1cc1n(c2=O)Cc2cc3c([N+](=O)[O-])cccc3nc2-1,VHXNKPBCCMUMSW-FQEVSTJZSA-N,393.36,3.0,,True,False,False,phase_only,,Small molecule,MOL,0.0,35.385814497272015,False,,O=C1Cc2cc3n(c(=O)c2CO1)Cc1cc2ccccc2nc1-3,607
REP_01209,CHEMBL53366,IMIDAFENACIN,Cc1nccn1CCC(C(N)=O)(c1ccccc1)c1ccccc1,SQKXYSGRELMAAU-UHFFFAOYSA-N,319.41,3.0,,True,True,True,primary_atc_phase,,Small molecule,MOL,0.0,35.385814497272015,False,,c1ccc(C(CCn2ccnc2)c2ccccc2)cc1,608
REP_01265,CHEMBL77,ARTEMISIN,C[C@@H]1CC[C@H]2[C@@H](C)C(=O)O[C@@H]3O[C@]4(C)CC[C@@H]1C32OO4,BLUAFEHZUWYNDE-XRNKLDBLSA-N,282.34,3.0,,True,False,False,phase_only,,Small molecule,MOL,0.0,35.385814497272015,False,,O=C1CC2CCCC3CCC4OOC32C(O1)O4,609
REP_01053,CHEMBL447955,SERLOPITANT,C[C@@H](O[C@H]1CC[C@@H]2CN(C3=CC(=O)CC3)C[C@H]2[C@@H]1c1ccc(F)cc1)c1cc(C(F)(F)F)cc(C(F)(F)F)c1,FLNYCRJBCNNHRH-OIYLJQICSA-N,555.53,3.0,,True,False,False,phase_only,,Small molecule,MOL,0.0,35.385814497272015,False,,O=C1C=C(N2CC3CCC(OCc4ccccc4)C(c4ccccc4)C3C2)CC1,610
REP_01264,CHEMBL76688,SIVELESTAT,CC(C)(C)C(=O)Oc1ccc(S(=O)(=O)Nc2ccccc2C(=O)NCC(=O)O)cc1,BTGNGJJLZOIYID-UHFFFAOYSA-N,434.47,3.0,,True,False,False,phase_only,,Small molecule,MOL,0.0,35.385814497272015,False,,O=S(=O)(Nc1ccccc1)c1ccccc1,611
REP_01213,CHEMBL549386,FOTEMUSTINE,CCOP(=O)(OCC)C(C)NC(=O)N(CCCl)N=O,YAKWPXVTIGTRJH-UHFFFAOYSA-N,315.69,3.0,,True,False,False,phase_only,,Small molecule,MOL,0.0,35.385814497272015,False,,,612
REP_01263,CHEMBL757,NANDROLONE,C[C@]12CC[C@H]3[C@@H](CCC4=CC(=O)CC[C@@H]43)[C@@H]1CC[C@@H]2O,NPAGDVCDWIYMMC-IZPLOLCNSA-N,274.4,3.0,,True,False,False,phase_only,,Small molecule,MOL,0.0,35.385814497272015,False,,O=C1C=C2CCC3C4CCCC4CCC3C2CC1,613
REP_01215,CHEMBL551978,DROTAVERINE,CCOc1ccc(/C=C2\NCCc3cc(OCC)c(OCC)cc32)cc1OCC,OMFNSKIUKYOYRG-MOSHPQCFSA-N,397.52,3.0,,True,True,False,primary_atc_phase,,Small molecule,MOL,0.0,35.385814497272015,False,,C(=C1NCCc2ccccc21)c1ccccc1,614
REP_01216,CHEMBL55214,NERIDRONIC ACID,NCCCCCC(O)(P(=O)(O)O)P(=O)(O)O,PUUSSSIBPPTKTP-UHFFFAOYSA-N,277.15,3.0,,True,False,False,phase_only,,Small molecule,MOL,0.0,35.385814497272015,False,,,615
REP_01217,CHEMBL553204,ICARIIN,COc1ccc(-c2oc3c(CC=C(C)C)c(O[C@@H]4O[C@H](CO)[C@@H](O)[C@H](O)[C@H]4O)cc(O)c3c(=O)c2O[C@@H]2O[C@@H](C)[C@H](O)[C@@H](O)[C@H]2O)cc1,TZJALUIVHRYQQB-XLRXWWTNSA-N,676.67,3.0,,True,False,False,phase_only,,Small molecule,MOL,0.0,35.385814497272015,False,,O=c1c(OC2CCCCO2)c(-c2ccccc2)oc2cc(OC3CCCCO3)ccc12,616
REP_01218,CHEMBL556262,FAROPENEM,C[C@@H](O)[C@H]1C(=O)N2C(C(=O)O)=C([C@H]3CCCO3)S[C@H]12,HGGAKXAHAYOLDJ-FHZUQPTBSA-N,285.32,3.0,,True,False,False,phase_only,,Small molecule,MOL,0.0,35.385814497272015,False,,O=C1CC2SC(C3CCCO3)=CN12,617
REP_01219,CHEMBL559288,PIRITRAMIDE,N#CC(CCN1CCC(C(N)=O)(N2CCCCC2)CC1)(c1ccccc1)c1ccccc1,IHEHEFLXQFOQJO-UHFFFAOYSA-N,430.6,3.0,,True,False,False,phase_only,,Small molecule,MOL,0.0,35.385814497272015,False,,c1ccc(C(CCN2CCC(N3CCCCC3)CC2)c2ccccc2)cc1,618
REP_00004,CHEMBL1029,MIGLUSTAT,CCCCN1C[C@H](O)[C@@H](O)[C@H](O)[C@H]1CO,UQRORFVVSGFNRO-UTINFBMNSA-N,219.28,4.0,,False,True,True,primary_atc_phase,,Small molecule,MOL,0.0,35.385814497272015,False,,C1CCNCC1,619
REP_00005,CHEMBL103,PROGESTERONE,CC(=O)[C@H]1CC[C@H]2[C@@H]3CCC4=CC(=O)CC[C@]4(C)[C@H]3CC[C@]12C,RJKFOVLPORLFTN-LEKSSAKUSA-N,314.47,4.0,,False,True,False,primary_atc_phase,,Small molecule,MOL,0.0,35.385814497272015,False,,O=C1C=C2CCC3C4CCCC4CCC3C2CC1,620
REP_00006,CHEMBL104,CLOTRIMAZOLE,Clc1ccccc1C(c1ccccc1)(c1ccccc1)n1ccnc1,VNFPBHJOKIVQEB-UHFFFAOYSA-N,344.85,4.0,,False,True,False,primary_atc_phase,,Small molecule,MOL,0.0,35.385814497272015,False,,c1ccc(C(c2ccccc2)(c2ccccc2)n2ccnc2)cc1,621
REP_00007,CHEMBL1042,CHOLECALCIFEROL,C=C1CC[C@H](O)C/C1=C/C=C1\CCC[C@]2(C)[C@@H]([C@H](C)CCCC(C)C)CC[C@@H]12,QYSXJUFSXHHAJI-YRZJJWOYSA-N,384.65,4.0,,False,True,False,primary_atc_phase,,Small molecule,MOL,0.0,35.385814497272015,False,,C=C1CCCCC1=CC=C1CCCC2CCCC12,622
REP_01262,CHEMBL75124,NONIVAMIDE,CCCCCCCCC(=O)NCc1ccc(O)c(OC)c1,RGOVYLWUIBMPGK-UHFFFAOYSA-N,293.41,3.0,,True,False,False,phase_only,,Small molecule,MOL,0.0,35.385814497272015,False,,c1ccccc1,623
REP_01211,CHEMBL53904,ZUCLOPENTHIXOL,OCCN1CCN(CC/C=C2/c3ccccc3Sc3ccc(Cl)cc32)CC1,WFPIAZLQTJBIFN-DVZOWYKESA-N,400.98,3.0,,True,False,False,phase_only,,Small molecule,MOL,0.0,35.385814497272015,False,,C(CCN1CCNCC1)=C1c2ccccc2Sc2ccccc21,624
REP_01167,CHEMBL5095264,AZETUKALNER,Cc1cc(N2CCc3cc(F)ccc3C2)cc(C)c1NC(=O)CC(C)(C)C,FJNPZKZPWVVSON-UHFFFAOYSA-N,368.5,3.0,,True,False,False,phase_only,,Small molecule,MOL,0.0,35.385814497272015,False,,c1ccc(N2CCc3ccccc3C2)cc1,625
REP_00043,CHEMBL1200722,PIPECURONIUM BROMIDE,CC(=O)O[C@H]1C[C@@H]2CC[C@@H]3[C@H](CC[C@@]4(C)[C@H]3C[C@H](N3CC[N+](C)(C)CC3)[C@@H]4OC(C)=O)[C@@]2(C)C[C@@H]1N1CC[N+](C)(C)CC1,OWWLUIWOFHMHOQ-XGHATYIMSA-N,602.91,4.0,,False,True,False,primary_atc_phase,,Small molecule,MOL,0.0,35.385814497272015,False,,C1CN(C2CCC3CCC4C5CC(N6CC[NH2+]CC6)CC5CCC4C3C2)CC[NH2+]1,626
REP_00042,CHEMBL1200714,CHLORMEZANONE,CN1C(=O)CCS(=O)(=O)C1c1ccc(Cl)cc1,WEQAYVWKMWHEJO-UHFFFAOYSA-N,273.74,4.0,,False,True,False,primary_atc_phase,,Small molecule,MOL,0.0,35.385814497272015,False,,O=C1CCS(=O)(=O)C(c2ccccc2)N1,627
REP_01171,CHEMBL51085,EBSELEN,O=c1c2ccccc2[se]n1-c1ccccc1,DYEFUKCXAQOFHX-UHFFFAOYSA-N,274.18,3.0,,True,False,False,phase_only,,Small molecule,MOL,0.0,35.385814497272015,False,,O=c1c2ccccc2[se]n1-c1ccccc1,628
REP_01172,CHEMBL511099,BICIFADINE,Cc1ccc(C23CNCC2C3)cc1,OFYVIGTWSQPCLF-UHFFFAOYSA-N,173.26,3.0,,True,False,False,phase_only,,Small molecule,MOL,0.0,35.385814497272015,False,,c1ccc(C23CNCC2C3)cc1,629
REP_01173,CHEMBL511115,CILOMILAST,COc1ccc([C@]2(C#N)CC[C@@H](C(=O)O)CC2)cc1OC1CCCC1,CFBUZOUXXHZCFB-OYOVHJISSA-N,343.42,3.0,,True,False,False,phase_only,,Small molecule,MOL,0.0,35.385814497272015,False,,c1cc(OC2CCCC2)cc(C2CCCCC2)c1,630
REP_01175,CHEMBL517231,ISLATRAVIR,C#C[C@]1(CO)O[C@@H](n2cnc3c(N)nc(F)nc32)C[C@@H]1O,IKKXOSBHLYMWAE-QRPMWFLTSA-N,293.26,3.0,,True,False,False,phase_only,,Small molecule,MOL,0.0,35.385814497272015,False,,c1ncc2ncn(C3CCCO3)c2n1,631
REP_01176,CHEMBL517427,NILVADIPINE,COC(=O)C1=C(C#N)NC(C)=C(C(=O)OC(C)C)C1c1cccc([N+](=O)[O-])c1,FAIIFDPAEUKBEP-UHFFFAOYSA-N,385.38,3.0,,True,False,False,phase_only,,Small molecule,MOL,0.0,35.385814497272015,False,,C1=CC(c2ccccc2)C=CN1,632
REP_00039,CHEMBL1200648,ROCURONIUM BROMIDE,C=CC[N+]1([C@H]2C[C@H]3[C@@H]4CC[C@H]5C[C@H](O)[C@@H](N6CCOCC6)C[C@]5(C)[C@H]4CC[C@]3(C)[C@H]2OC(C)=O)CCCC1,YXRDKMPIGHSVRX-OOJCLDBCSA-N,529.79,4.0,,False,True,False,primary_atc_phase,,Small molecule,MOL,0.0,35.385814497272015,False,,C1CC[NH+](C2CC3CCC4C5CC(N6CCOCC6)CCC5CCC4C3C2)C1,633
REP_00038,CHEMBL1200624,ETHYNODIOL DIACETATE,C#C[C@]1(OC(C)=O)CC[C@H]2[C@@H]3CCC4=C[C@@H](OC(C)=O)CC[C@@H]4[C@H]3CC[C@@]21C,ONKUMRGIYFNPJW-KIEAKMPYSA-N,384.52,4.0,,False,True,False,primary_atc_phase,,Small molecule,MOL,0.0,35.385814497272015,False,,C1=C2CCC3C4CCCC4CCC3C2CCC1,634
REP_01179,CHEMBL519846,RO-0622,[N-]=[N+]=N[C@]1(CO)O[C@@H](n2ccc(N)nc2=O)[C@@H](F)[C@@H]1O,KTOLOIKYVCHRJW-XZMZPDFPSA-N,286.22,3.0,,True,False,False,phase_only,,Small molecule,MOL,0.0,35.385814497272015,False,,O=c1ncccn1C1CCCO1,635
REP_01180,CHEMBL521078,PORFIROMYCIN,CO[C@@]12[C@H](COC(N)=O)C3=C(C(=O)C(C)=C(N)C3=O)N1C[C@H]1[C@@H]2N1C,HRHKSTOGXBBQCB-VFWICMBZSA-N,348.36,3.0,,True,False,False,phase_only,,Small molecule,MOL,0.0,35.385814497272015,False,,O=C1C=CC(=O)C2=C1CC1C3NC3CN21,636
REP_00037,CHEMBL1200623,ETHYLESTRENOL,CC[C@]1(O)CC[C@H]2[C@@H]3CCC4=CCCC[C@@H]4[C@H]3CC[C@@]21C,AOXRBFRFYPMWLR-XGXHKTLJSA-N,288.48,4.0,,False,True,False,primary_atc_phase,,Small molecule,MOL,0.0,35.385814497272015,False,,C1=C2CCC3C4CCCC4CCC3C2CCC1,637
REP_01272,CHEMBL858,EDETIC ACID,O=C(O)CN(CCN(CC(=O)O)CC(=O)O)CC(=O)O,KCXVZYZYPLLWCC-UHFFFAOYSA-N,292.24,3.0,,True,False,False,phase_only,,Small molecule,MOL,0.0,35.385814497272015,False,,,638
REP_01183,CHEMBL52333,ROLOFYLLINE,CCCn1c(=O)c2nc(C34CC5CC(CC3C5)C4)[nH]c2n(CCC)c1=O,PJBFVWGQFLYWCB-UHFFFAOYSA-N,356.47,3.0,,True,False,False,phase_only,,Small molecule,MOL,0.0,35.385814497272015,False,,O=c1[nH]c(=O)c2nc(C34CC5CC(CC3C5)C4)[nH]c2[nH]1,639
REP_00036,CHEMBL1200585,OXYMETHOLONE,C[C@]12C/C(=C/O)C(=O)C[C@@H]1CC[C@@H]1[C@@H]2CC[C@@]2(C)[C@H]1CC[C@]2(C)O,ICMWWNHDUZJFDW-DHODBPELSA-N,332.48,4.0,,False,True,False,primary_atc_phase,,Small molecule,MOL,0.0,35.385814497272015,False,,C=C1CC2C(CCC3C4CCCC4CCC23)CC1=O,640
REP_01185,CHEMBL52939,SARPOGRELATE,COc1cccc(CCc2ccccc2OCC(CN(C)C)OC(=O)CCC(=O)O)c1,FFYNAVGJSYHHFO-UHFFFAOYSA-N,429.51,3.0,,True,False,False,phase_only,,Small molecule,MOL,0.0,35.385814497272015,False,,c1ccc(CCc2ccccc2)cc1,641
REP_01186,CHEMBL5314404,AJMALINE,CC[C@H]1[C@@H]2C[C@H]3[C@@H]4N(C)c5ccccc5[C@]45C[C@@H]([C@@H]2[C@H]5O)N3[C@@H]1O,CJDRUOGAGYHKKD-OVXZWHIBSA-N,326.44,3.0,,True,False,False,phase_only,,Small molecule,MOL,0.0,35.385814497272015,False,,c1ccc2c(c1)NC1C3CC4CCN3C3CC21CC43,642
REP_01187,CHEMBL5314423,ZASOCITINIB,CNc1cc(Nc2cccn(-c3ccccn3)c2=O)nc2c(C(=O)N[C@@H]3CC[C@H]3OC)cnn12,BWINBHTTZLVXGT-NVXWUHKLSA-N,460.5,3.0,,True,False,False,phase_only,,Small molecule,MOL,0.0,35.385814497272015,False,,O=C(NC1CCC1)c1cnn2ccc(Nc3cccn(-c4ccccn4)c3=O)nc12,643
REP_00003,CHEMBL1020,TOLMETIN,Cc1ccc(C(=O)c2ccc(CC(=O)O)n2C)cc1,UPSPUYADGBWSHF-UHFFFAOYSA-N,257.29,4.0,,False,True,True,primary_atc_phase,,Small molecule,MOL,0.0,35.385814497272015,False,,O=C(c1ccccc1)c1ccc[nH]1,644
REP_01282,CHEMBL95606,CYTIDINE,Nc1ccn([C@@H]2O[C@H](CO)[C@@H](O)[C@H]2O)c(=O)n1,UHDGCWIWMRVCDJ-XVFCMESISA-N,243.22,3.0,,True,False,False,phase_only,,Small molecule,MOL,0.0,35.385814497272015,False,,O=c1ncccn1C1CCCO1,645
REP_01280,CHEMBL954,ENCLOMIPHENE,CCN(CC)CCOc1ccc(/C(=C(/Cl)c2ccccc2)c2ccccc2)cc1,GKIRPKYJQBWNGO-OCEACIFDSA-N,405.97,3.0,,True,False,False,phase_only,,Small molecule,MOL,0.0,35.385814497272015,False,,C(=C(c1ccccc1)c1ccccc1)c1ccccc1,646
REP_01277,CHEMBL93298,AROTINOLOL,CC(C)(C)NCC(O)CSc1nc(-c2ccc(C(N)=O)s2)cs1,BHIAIPWSVYSKJS-UHFFFAOYSA-N,371.55,3.0,,True,False,False,phase_only,,Small molecule,MOL,0.0,35.385814497272015,False,,c1csc(-c2cscn2)c1,647
REP_01192,CHEMBL5314475,PALAZESTRANT,CCCN1CC(Oc2ccc([C@@H]3c4[nH]c5ccccc5c4C[C@@H](C)N3CC(C)(C)F)cc2)C1,LBSFUBLFDCAEKV-XHCCPWGMSA-N,449.61,3.0,,True,False,False,phase_only,,Small molecule,MOL,0.0,35.385814497272015,False,,c1ccc2c3c([nH]c2c1)C(c1ccc(OC2CNC2)cc1)NCC3,648
REP_01276,CHEMBL91829,RUBOXISTAURIN,CN(C)C[C@@H]1CCn2cc(c3ccccc32)C2=C(C(=O)NC2=O)c2cn(c3ccccc23)CCO1,ZCBUQCWBWNUWSU-SFHVURJKSA-N,468.56,3.0,,True,False,False,phase_only,,Small molecule,MOL,0.0,35.385814497272015,False,,O=C1NC(=O)C2=C1c1cn(c3ccccc13)CCCOCCn1cc2c2ccccc21,649
REP_01275,CHEMBL889,PALIFOSFAMIDE,O=P(O)(NCCCl)NCCCl,BKCJZNIZRWYHBN-UHFFFAOYSA-N,221.02,3.0,,True,False,False,phase_only,,Small molecule,MOL,0.0,35.385814497272015,False,,,650
REP_01195,CHEMBL5314533,OPEVESOSTAT,CS(=O)(=O)N1CCC(COc2coc(CN3Cc4ccccc4C3)cc2=O)CC1,LHVKCOBGLZGRQZ-UHFFFAOYSA-N,418.52,3.0,,True,False,False,phase_only,,Small molecule,MOL,0.0,35.385814497272015,False,,O=c1cc(CN2Cc3ccccc3C2)occ1OCC1CCNCC1,651
REP_01273,CHEMBL87563,GABEXATE,CCOC(=O)c1ccc(OC(=O)CCCCCNC(=N)N)cc1,YKGYIDJEEQRWQH-UHFFFAOYSA-N,321.38,3.0,,True,False,False,phase_only,,Small molecule,MOL,0.0,35.385814497272015,False,,c1ccccc1,652
REP_01182,CHEMBL522892,DOVITINIB,CN1CCN(c2ccc3nc(-c4c(N)c5c(F)cccc5[nH]c4=O)[nH]c3c2)CC1,PIQCTGMSNWUMAF-UHFFFAOYSA-N,392.44,3.0,,True,False,False,phase_only,,Small molecule,MOL,0.0,35.385814497272015,False,,O=c1[nH]c2ccccc2cc1-c1nc2ccc(N3CCNCC3)cc2[nH]1,653
REP_01224,CHEMBL572284,OMBRABULIN,COc1ccc(/C=C\c2cc(OC)c(OC)c(OC)c2)cc1NC(=O)[C@@H](N)CO,IXWNTLSTOZFSCM-YVACAVLKSA-N,402.45,3.0,,True,False,False,phase_only,,Small molecule,MOL,0.0,35.385814497272015,False,,C(=Cc1ccccc1)c1ccccc1,654
REP_01256,CHEMBL71263,VADIMEZAN,Cc1ccc2c(=O)c3cccc(CC(=O)O)c3oc2c1C,XGOYIMQSIKSOBS-UHFFFAOYSA-N,282.3,3.0,,True,False,False,phase_only,,Small molecule,MOL,0.0,35.385814497272015,False,,O=c1c2ccccc2oc2ccccc12,655
REP_01226,CHEMBL574,P-TOLUENESULFONAMIDE,Cc1ccc(S(N)(=O)=O)cc1,LMYRWZFENFIFIT-UHFFFAOYSA-N,171.22,3.0,,True,False,False,phase_only,,Small molecule,MOL,0.0,35.385814497272015,False,,c1ccccc1,656
REP_01227,CHEMBL58061,CO-TRIMOXAZOLE,COc1cc(Cc2cnc(N)nc2N)cc(OC)c1OC.Cc1cc(NS(=O)(=O)c2ccc(N)cc2)no1,WZRJTRPJURQBRM-UHFFFAOYSA-N,543.61,3.0,,True,False,False,phase_only,,Small molecule,MOL,0.0,35.385814497272015,False,,O=S(=O)(Nc1ccon1)c1ccccc1.c1ccc(Cc2cncnc2)cc1,657
REP_01228,CHEMBL589390,LATREPIRDINE,Cc1ccc2c(c1)c1c(n2CCc2ccc(C)nc2)CCN(C)C1,JNODQFNWMXFMEV-UHFFFAOYSA-N,319.45,3.0,,True,False,False,phase_only,,Small molecule,MOL,0.0,35.385814497272015,False,,c1cncc(CCn2c3c(c4ccccc42)CNCC3)c1,658
REP_01229,CHEMBL589583,DELAPRIL,CCOC(=O)[C@H](CCc1ccccc1)N[C@@H](C)C(=O)N(CC(=O)O)C1Cc2ccccc2C1,WOUOLAUOZXOLJQ-MBSDFSHPSA-N,452.55,3.0,,True,False,False,phase_only,,Small molecule,MOL,0.0,35.385814497272015,False,,O=C(CNCCCc1ccccc1)NC1Cc2ccccc2C1,659
REP_01230,CHEMBL590799,CAMOSTAT,CN(C)C(=O)COC(=O)Cc1ccc(OC(=O)c2ccc(NC(=N)N)cc2)cc1,XASIMHXSUQUHLV-UHFFFAOYSA-N,398.42,3.0,,True,False,False,phase_only,,Small molecule,MOL,0.0,35.385814497272015,False,,O=C(Oc1ccccc1)c1ccccc1,660
REP_01254,CHEMBL69308,PELUBIPROFEN,CC(C(=O)O)c1ccc(/C=C2\CCCCC2=O)cc1,AUZUGWXLBGZUPP-GXDHUFHOSA-N,258.32,3.0,,True,True,True,primary_atc_phase,,Small molecule,MOL,0.0,35.385814497272015,False,,O=C1CCCCC1=Cc1ccccc1,661
REP_00001,CHEMBL101,PHENYLBUTAZONE,CCCCC1C(=O)N(c2ccccc2)N(c2ccccc2)C1=O,VYMDGNCVAMGZFE-UHFFFAOYSA-N,308.38,4.0,,False,True,True,primary_atc_phase,,Small molecule,MOL,0.0,35.385814497272015,False,,O=C1CC(=O)N(c2ccccc2)N1c1ccccc1,662
REP_01233,CHEMBL592868,ESTROGEN,CC#C[C@]1(O)CC[C@H]2[C@@H]3CCc4cc(O)ccc4[C@H]3CC[C@@]21C,GJUHUIXJLZINMA-MJCUULBUSA-N,310.44,3.0,,True,False,False,phase_only,,Small molecule,MOL,0.0,35.385814497272015,False,,c1ccc2c(c1)CCC1C2CCC2CCCC21,663
REP_01234,CHEMBL592943,TINORIDINE,CCOC(=O)c1c(N)sc2c1CCN(Cc1ccccc1)C2,PFENFDGYVLAFBR-UHFFFAOYSA-N,316.43,3.0,,True,False,False,phase_only,,Small molecule,MOL,0.0,35.385814497272015,False,,c1ccc(CN2CCc3ccsc3C2)cc1,664
REP_01235,CHEMBL595573,MK-0557,O=C1O[C@]2(CC[C@H](C(=O)Nc3ccn(-c4ccccc4F)n3)CC2)c2cnccc21,RMYZIRFUCOMQRH-CAJLXGCNSA-N,406.42,3.0,,True,False,False,phase_only,,Small molecule,MOL,0.0,35.385814497272015,False,,O=C1OC2(CCC(C(=O)Nc3ccn(-c4ccccc4)n3)CC2)c2cnccc21,665
REP_01236,CHEMBL596186,CYTARABINE 5'-PHOSPHATE,Nc1ccn([C@@H]2O[C@H](COP(=O)(O)O)[C@@H](O)[C@@H]2O)c(=O)n1,IERHLVCPSMICTF-CCXZUQQUSA-N,323.2,3.0,,True,False,False,phase_only,,Small molecule,MOL,0.0,35.385814497272015,False,,O=c1ncccn1C1CCCO1,666
REP_00009,CHEMBL1070,NABUMETONE,COc1ccc2cc(CCC(C)=O)ccc2c1,BLXXJMDCKKHMKV-UHFFFAOYSA-N,228.29,4.0,,False,True,True,primary_atc_phase,,Small molecule,MOL,0.0,35.385814497272015,False,,c1ccc2ccccc2c1,667
REP_01238,CHEMBL599552,INDIGO,O=C1/C(=C2\Nc3ccccc3C2=O)Nc2ccccc21,COHYTHOBJLSHDF-BUHFOSPRSA-N,262.27,3.0,,True,False,False,phase_only,,Small molecule,MOL,0.0,35.385814497272015,False,,O=C1C(=C2Nc3ccccc3C2=O)Nc2ccccc21,668
REP_01239,CHEMBL603469,LESTAURTINIB,C[C@]12O[C@H](C[C@]1(O)CO)n1c3ccccc3c3c4c(c5c6ccccc6n2c5c31)CNC4=O,UIARLYUEJFELEN-LROUJFHJSA-N,439.47,3.0,,True,False,False,phase_only,,Small molecule,MOL,0.0,35.385814497272015,False,,O=C1NCc2c1c1c3ccccc3n3c1c1c2c2ccccc2n1C1CCC3O1,669
REP_01240,CHEMBL6067641,GALACTOSE,O=C[C@H](O)[C@@H](O)[C@@H](O)[C@H](O)CO,GZCGUPFRVQAUEE-KCDKBNATSA-N,180.16,3.0,,True,False,False,phase_only,,Small molecule,MOL,0.0,35.385814497272015,False,,,670
REP_01241,CHEMBL6067643,L-FUCOSE,C[C@H](O)[C@@H](O)[C@@H](O)[C@H](O)C=O,PNNNRSAQSRJVSB-KCDKBNATSA-N,164.16,3.0,,True,False,False,phase_only,,Small molecule,MOL,0.0,35.385814497272015,False,,,671
REP_01242,CHEMBL6068421,UPACICALCET,Cc1c(Cl)cc(S(=O)(=O)O)cc1NC(=O)NC[C@H](N)C(=O)O,LHEYGVSDVBEYQF-QMMMGPOBSA-N,351.77,3.0,,True,False,False,phase_only,,Small molecule,MOL,0.0,35.385814497272015,False,,c1ccccc1,672
REP_01243,CHEMBL6068530,ZINC ACEXAMATE,CC(=O)NCCCCCC(=O)[O-].CC(=O)NCCCCCC(=O)[O-].[Zn+2],GEVJDDLLVRRIOL-UHFFFAOYSA-L,409.8,3.0,,True,False,False,phase_only,,Small molecule,MOL,0.0,35.385814497272015,False,,,673
REP_01283,CHEMBL96783,XYLITOL,OC[C@@H](O)[C@H](O)[C@@H](O)CO,HEBKCHPVOIAQTA-SCDXWVJYSA-N,152.15,3.0,,True,False,False,phase_only,,Small molecule,MOL,0.0,35.385814497272015,False,,,674
REP_01245,CHEMBL6068558,EMOXYPINE SUCCINATE,CCc1nc(C)ccc1O.O=C(O)CCC(=O)O,IKMNOGHPKNFPTK-UHFFFAOYSA-N,255.27,3.0,,True,False,False,phase_only,,Small molecule,MOL,0.0,35.385814497272015,False,,c1ccncc1,675
REP_01246,CHEMBL60889,MOSAPRIDE,CCOc1cc(N)c(Cl)cc1C(=O)NCC1CN(Cc2ccc(F)cc2)CCO1,YPELFRMCRYSPKZ-UHFFFAOYSA-N,421.9,3.0,,True,True,False,primary_atc_phase,,Small molecule,MOL,0.0,35.385814497272015,False,,O=C(NCC1CN(Cc2ccccc2)CCO1)c1ccccc1,676
REP_01251,CHEMBL67279,TALABOSTAT,CC(C)[C@H](N)C(=O)N1CCC[C@H]1B(O)O,FKCMADOPPWWGNZ-YUMQZZPRSA-N,214.07,3.0,,True,False,False,phase_only,,Small molecule,MOL,0.0,35.385814497272015,False,,C1CCNC1,677
REP_01248,CHEMBL627,AMITRIPTYLINOXIDE,C[N+](C)([O-])CCC=C1c2ccccc2CCc2ccccc21,ZPMKQFOGINQDAM-UHFFFAOYSA-N,293.41,3.0,,True,False,False,phase_only,,Small molecule,MOL,0.0,35.385814497272015,False,,C=C1c2ccccc2CCc2ccccc21,678
REP_01249,CHEMBL64130,NAPABUCASIN,CC(=O)c1cc2c(o1)C(=O)c1ccccc1C2=O,DPHUWDIXHNQOSY-UHFFFAOYSA-N,240.21,3.0,,True,False,False,phase_only,,Small molecule,MOL,0.0,35.385814497272015,False,,O=C1c2ccccc2C(=O)c2occc21,679
REP_01250,CHEMBL66092,LAQUINIMOD,CCN(C(=O)c1c(O)c2c(Cl)cccc2n(C)c1=O)c1ccccc1,GKWPCEFFIHSJOE-UHFFFAOYSA-N,356.81,3.0,,True,False,False,phase_only,,Small molecule,MOL,0.0,35.385814497272015,False,,O=C(Nc1ccccc1)c1cc2ccccc2[nH]c1=O,680
REP_01237,CHEMBL596802,PRIDOPIDINE,CCCN1CCC(c2cccc(S(C)(=O)=O)c2)CC1,YGKUEOZJFIXDGI-UHFFFAOYSA-N,281.42,3.0,,True,False,False,phase_only,,Small molecule,MOL,0.0,35.385814497272015,False,,c1ccc(C2CCNCC2)cc1,681
REP_00010,CHEMBL1071,OXAPROZIN,O=C(O)CCc1nc(-c2ccccc2)c(-c2ccccc2)o1,OFPXSFXSNFPTHF-UHFFFAOYSA-N,293.32,4.0,,False,True,True,primary_atc_phase,,Small molecule,MOL,0.0,35.385814497272015,False,,c1ccc(-c2ncoc2-c2ccccc2)cc1,682
REP_00002,CHEMBL1018,DIENESTROL,C/C=C(/C(=C/C)c1ccc(O)cc1)c1ccc(O)cc1,NFDFQCUYFHCNBW-SCGPFSFSSA-N,266.34,4.0,,False,True,False,primary_atc_phase,,Small molecule,MOL,0.0,35.385814497272015,False,,C=C(C(=C)c1ccccc1)c1ccccc1,683
REP_00012,CHEMBL1078261,PROPIVERINE,CCCOC(C(=O)OC1CCN(C)CC1)(c1ccccc1)c1ccccc1,QPCVHQBVMYCJOM-UHFFFAOYSA-N,367.49,4.0,,False,True,True,primary_atc_phase,,Small molecule,MOL,0.0,35.385814497272015,False,,O=C(OC1CCNCC1)C(c1ccccc1)c1ccccc1,684
REP_00013,CHEMBL1079,TIZANIDINE,Clc1ccc2nsnc2c1NC1=NCCN1,XFYDIVBRZNQMJC-UHFFFAOYSA-N,253.72,4.0,,False,True,False,primary_atc_phase,,Small molecule,MOL,0.0,35.385814497272015,False,,c1cc(NC2=NCCN2)c2nsnc2c1,685
REP_00014,CHEMBL1089221,BENDAZAC,O=C(O)COc1nn(Cc2ccccc2)c2ccccc12,BYFMCKSPFYVMOU-UHFFFAOYSA-N,282.3,4.0,,False,True,False,primary_atc_phase,,Small molecule,MOL,0.0,35.385814497272015,False,,c1ccc(Cn2ncc3ccccc32)cc1,686
REP_00016,CHEMBL1103,FURAZOLIDONE,O=C1OCCN1/N=C/c1ccc([N+](=O)[O-])o1,PLHJDBGFXBMTGZ-WEVVVXLNSA-N,225.16,4.0,,False,True,False,primary_atc_phase,,Small molecule,MOL,0.0,35.385814497272015,False,,O=C1OCCN1N=Cc1ccco1,687
REP_00017,CHEMBL110458,MIGALASTAT,OC[C@H]1NC[C@H](O)[C@@H](O)[C@H]1O,LXBIFEVIBLOUGU-DPYQTVNSSA-N,163.17,4.0,,False,True,True,primary_atc_phase,,Small molecule,MOL,0.0,35.385814497272015,False,,C1CCNCC1,688
REP_00018,CHEMBL110691,CHLORMADINONE ACETATE,CC(=O)O[C@]1(C(C)=O)CC[C@H]2[C@@H]3C=C(Cl)C4=CC(=O)CC[C@]4(C)[C@H]3CC[C@@]21C,QMBJSIBWORFWQT-DFXBJWIESA-N,404.93,4.0,,False,True,False,primary_atc_phase,,Small molecule,MOL,0.0,35.385814497272015,False,,O=C1C=C2C=CC3C4CCCC4CCC3C2CC1,689
REP_01260,CHEMBL74415,CANNABINOL,CCCCCc1cc(O)c2c(c1)OC(C)(C)c1ccc(C)cc1-2,VBGLYOIFKLUMQG-UHFFFAOYSA-N,310.44,3.0,,True,False,False,phase_only,,Small molecule,MOL,0.0,35.385814497272015,False,,c1ccc2c(c1)COc1ccccc1-2,690
REP_00020,CHEMBL1110,ALOSETRON,Cc1[nH]cnc1CN1CCc2c(c3ccccc3n2C)C1=O,JSWZEAMFRNKZNL-UHFFFAOYSA-N,294.36,4.0,,False,True,False,primary_atc_phase,,Small molecule,MOL,0.0,35.385814497272015,False,,O=C1c2c([nH]c3ccccc23)CCN1Cc1c[nH]cn1,691
REP_00021,CHEMBL1123,DICYCLOMINE,CCN(CC)CCOC(=O)C1(C2CCCCC2)CCCCC1,CURUTKGFNZGFSE-UHFFFAOYSA-N,309.49,4.0,,False,True,False,primary_atc_phase,,Small molecule,MOL,0.0,35.385814497272015,False,,C1CCC(C2CCCCC2)CC1,692
REP_00022,CHEMBL1140,NIACINAMIDE,NC(=O)c1cccnc1,DFPAKSUCGFBDDF-UHFFFAOYSA-N,122.13,4.0,,False,True,False,primary_atc_phase,,Small molecule,MOL,0.0,35.385814497272015,False,,c1ccncc1,693
REP_00023,CHEMBL1149,LEVOCARNITINE,C[N+](C)(C)C[C@H](O)CC(=O)[O-],PHIQHXFUZVPYII-ZCFIWIBFSA-N,161.2,4.0,,False,True,True,primary_atc_phase,,Small molecule,MOL,0.0,35.385814497272015,False,,,694
REP_01223,CHEMBL56900,LERISETRON,c1ccc(Cn2c(N3CCNCC3)nc3ccccc32)cc1,PWWDCRQZITYKDV-UHFFFAOYSA-N,292.39,3.0,,True,False,False,phase_only,,Small molecule,MOL,0.0,35.385814497272015,False,,c1ccc(Cn2c(N3CCNCC3)nc3ccccc32)cc1,695
REP_00025,CHEMBL1164729,FEBUXOSTAT,Cc1nc(-c2ccc(OCC(C)C)c(C#N)c2)sc1C(=O)O,BQSJTQLCZDPROO-UHFFFAOYSA-N,316.38,4.0,,False,True,True,primary_atc_phase,,Small molecule,MOL,0.0,35.385814497272015,False,,c1ccc(-c2nccs2)cc1,696
REP_00026,CHEMBL117287,PRUCALOPRIDE,COCCCN1CCC(NC(=O)c2cc(Cl)c(N)c3c2OCC3)CC1,ZPMNHBXQOOVQJL-UHFFFAOYSA-N,367.88,4.0,,False,True,False,primary_atc_phase,,Small molecule,MOL,0.0,35.385814497272015,False,,O=C(NC1CCNCC1)c1cccc2c1OCC2,697
REP_01259,CHEMBL74355,VOLINANSERIN,COc1cccc([C@H](O)C2CCN(CCc3ccc(F)cc3)CC2)c1OC,HXTGXYRHXAGCFP-OAQYLSRUSA-N,373.47,3.0,,True,False,False,phase_only,,Small molecule,MOL,0.0,35.385814497272015,False,,c1ccc(CCN2CCC(Cc3ccccc3)CC2)cc1,698
REP_00028,CHEMBL1180725,PROPANTHELINE,CC(C)[N+](C)(CCOC(=O)C1c2ccccc2Oc2ccccc21)C(C)C,VVWYOYDLCMFIEM-UHFFFAOYSA-N,368.5,4.0,,False,True,False,primary_atc_phase,,Small molecule,MOL,0.0,35.385814497272015,False,,c1ccc2c(c1)Cc1ccccc1O2,699
REP_00029,CHEMBL1189679,PALONOSETRON,O=C1c2cccc3c2[C@H](CCC3)CN1[C@@H]1CN2CCC1CC2,CPZBLNMUGSZIPR-NVXWUHKLSA-N,296.41,4.0,,False,True,False,primary_atc_phase,,Small molecule,MOL,0.0,35.385814497272015,False,,O=C1c2cccc3c2C(CCC3)CN1C1CN2CCC1CC2,700
REP_00030,CHEMBL119423,TISOPURINE,Sc1ncnc2[nH]ncc12,PYAOPMWCFSVFOT-UHFFFAOYSA-N,152.18,4.0,,False,True,True,primary_atc_phase,,Small molecule,MOL,0.0,35.385814497272015,False,,c1ncc2cn[nH]c2n1,701
REP_00031,CHEMBL1194666,DIETHYLPROPION,CCN(CC)C(C)C(=O)c1ccccc1,XXEPPPIWZFICOJ-UHFFFAOYSA-N,205.3,4.0,,False,True,False,primary_atc_phase,,Small molecule,MOL,0.0,35.385814497272015,False,,c1ccccc1,702
REP_00032,CHEMBL1200395,ORPHENADRINE CITRATE,Cc1ccccc1C(OCCN(C)C)c1ccccc1.O=C(O)CC(O)(CC(=O)O)C(=O)O,MMMNTDFSPSQXJP-UHFFFAOYSA-N,461.51,4.0,,False,True,False,primary_atc_phase,,Small molecule,MOL,0.0,35.385814497272015,False,,c1ccc(Cc2ccccc2)cc1,703
REP_00033,CHEMBL1200436,OXANDROLONE,C[C@]12COC(=O)C[C@@H]1CC[C@@H]1[C@@H]2CC[C@@]2(C)[C@H]1CC[C@]2(C)O,QSLJIVKCVHQPLV-PEMPUTJUSA-N,306.45,4.0,,False,True,False,primary_atc_phase,,Small molecule,MOL,0.0,35.385814497272015,False,,O=C1CC2CCC3C4CCCC4CCC3C2CO1,704
REP_00034,CHEMBL1200438,TIOCONAZOLE,Clc1ccc(C(Cn2ccnc2)OCc2ccsc2Cl)c(Cl)c1,QXHHHPZILQDDPS-UHFFFAOYSA-N,387.72,4.0,,False,True,False,primary_atc_phase,,Small molecule,MOL,0.0,35.385814497272015,False,,c1ccc(C(Cn2ccnc2)OCc2ccsc2)cc1,705
REP_01258,CHEMBL73822,APAZIQUONE,Cn1c(/C=C/CO)c(CO)c2c1C(=O)C=C(N1CC1)C2=O,MXPOCMVWFLDDLZ-NSCUHMNNSA-N,288.3,3.0,,True,False,False,phase_only,,Small molecule,MOL,0.0,35.385814497272015,False,,O=C1C(N2CC2)=CC(=O)c2[nH]ccc21,706
REP_01220,CHEMBL560592,DANEGAPTIDE,NCC(=O)N1C[C@H](NC(=O)c2ccccc2)C[C@H]1C(=O)O,BIZKIHUJGMSVFD-MNOVXSKESA-N,291.31,3.0,,True,False,False,phase_only,,Small molecule,MOL,0.0,35.385814497272015,False,,O=C(NC1CCNC1)c1ccccc1,707
REP_01221,CHEMBL560993,TIMAPIPRANT,Cc1c(Cc2ccc3ccccc3n2)c2cc(F)ccc2n1CC(=O)O,FATGTHLOZSXOBC-UHFFFAOYSA-N,348.38,3.0,,True,False,False,phase_only,,Small molecule,MOL,0.0,35.385814497272015,False,,c1ccc2nc(Cc3c[nH]c4ccccc34)ccc2c1,708
REP_01257,CHEMBL7301,FENRETINIDE,CC1=C(/C=C/C(C)=C/C=C/C(C)=C/C(=O)Nc2ccc(O)cc2)C(C)(C)CCC1,AKJHMTWEGVYYSE-FXILSDISSA-N,391.56,3.0,,True,False,False,phase_only,,Small molecule,MOL,0.0,35.385814497272015,False,,O=C(C=CC=CC=CC=CC1=CCCCC1)Nc1ccccc1,709
REP_00024,CHEMBL1162,NORETHINDRONE,C#C[C@]1(O)CC[C@H]2[C@@H]3CCC4=CC(=O)CC[C@@H]4[C@H]3CC[C@@]21C,VIKNJXKGJWUCNN-XGXHKTLJSA-N,298.43,4.0,,False,True,False,primary_atc_phase,,Small molecule,MOL,0.0,35.385814497272015,False,,O=C1C=C2CCC3C4CCCC4CCC3C2CC1,710
REP_01081,CHEMBL464792,TRANSCROCETIN,CC(/C=C/C=C(\C)C(=O)O)=C\C=C\C=C(C)\C=C\C=C(/C)C(=O)O,PANKHBYNKQNAHN-MQQNZMFNSA-N,328.41,3.0,,True,False,False,phase_only,,Small molecule,MOL,0.0,35.385814497272015,False,,,711
REP_01082,CHEMBL4648616,MEZIGDOMIDE,N#Cc1ccc(N2CCN(Cc3ccc(COc4cccc5c4CN([C@H]4CCC(=O)NC4=O)C5=O)cc3)CC2)c(F)c1,YTINZZFBHWSAGL-NDEPHWFRSA-N,567.62,3.0,,True,False,False,phase_only,,Small molecule,MOL,0.0,35.385814497272015,False,,O=C1CCC(N2Cc3c(OCc4ccc(CN5CCN(c6ccccc6)CC5)cc4)cccc3C2=O)C(=O)N1,712
REP_01083,CHEMBL464982,GAMOLENIC ACID,CCCCC/C=C\C/C=C\C/C=C\CCCCC(=O)O,VZCCETWTMQHEPK-QNEBEIHSSA-N,278.44,3.0,,True,False,False,phase_only,,Small molecule,MOL,0.0,35.385814497272015,False,,,713
REP_00084,CHEMBL1231,OXYBUTYNIN,CCN(CC)CC#CCOC(=O)C(O)(c1ccccc1)C1CCCCC1,XIQVNETUBQGFHX-UHFFFAOYSA-N,357.49,4.0,,False,True,True,primary_atc_phase,,Small molecule,MOL,0.0,35.385814497272015,False,,c1ccc(CC2CCCCC2)cc1,714
REP_01085,CHEMBL4650230,SIMUFILAM,CN1CCC2(CC1)NCC(=O)N2Cc1ccccc1,BSQPTZYKCAULBH-UHFFFAOYSA-N,259.35,3.0,,True,False,False,phase_only,,Small molecule,MOL,0.0,35.385814497272015,False,,O=C1CNC2(CCNCC2)N1Cc1ccccc1,715
REP_01086,CHEMBL4650276,REZVILUTAMIDE,CC1(C)C(=O)N(c2ccc(C#N)c(C(F)(F)F)c2)C(=S)N1c1ccc(OC[C@@H](O)CO)cc1,KRBMOYIWQCZVHA-INIZCTEOSA-N,479.48,3.0,,True,False,False,phase_only,,Small molecule,MOL,0.0,35.385814497272015,False,,O=C1CN(c2ccccc2)C(=S)N1c1ccccc1,716
REP_00083,CHEMBL1220,TINIDAZOLE,CCS(=O)(=O)CCn1c([N+](=O)[O-])cnc1C,HJLSLZFTEKNLFI-UHFFFAOYSA-N,247.28,4.0,,False,True,False,primary_atc_phase,,Small molecule,MOL,0.0,35.385814497272015,False,,c1c[nH]cn1,717
REP_01088,CHEMBL4650301,VALILTRAMIPROSATE,CC(C)[C@H](N)C(=O)NCCCS(=O)(=O)O,NRZRFNYKMSAZBI-ZETCQYMHSA-N,238.31,3.0,,True,False,False,phase_only,,Small molecule,MOL,0.0,35.385814497272015,False,,,718
REP_01089,CHEMBL4650314,DESIDUSTAT,O=C(O)CNC(=O)c1c(O)c2ccccc2n(OCC2CC2)c1=O,IKRKQQLJYBAPQT-UHFFFAOYSA-N,332.31,3.0,,True,False,False,phase_only,,Small molecule,MOL,0.0,35.385814497272015,False,,O=c1ccc2ccccc2n1OCC1CC1,719
REP_00082,CHEMBL122,ROFECOXIB,CS(=O)(=O)c1ccc(C2=C(c3ccccc3)C(=O)OC2)cc1,RZJQGNCSTQAWON-UHFFFAOYSA-N,314.36,4.0,,False,True,True,primary_atc_phase,,Small molecule,MOL,0.0,35.385814497272015,False,,O=C1OCC(c2ccccc2)=C1c1ccccc1,720
REP_01091,CHEMBL4650320,MOLNUPIRAVIR,CC(C)C(=O)OC[C@H]1O[C@@H](n2cc/c(=N\O)[nH]c2=O)[C@H](O)[C@@H]1O,HTNPEHXGEKVIHG-QCNRFFRDSA-N,329.31,3.0,,True,False,False,phase_only,,Small molecule,MOL,0.0,35.385814497272015,False,,N=c1ccn(C2CCCO2)c(=O)[nH]1,721
REP_01092,CHEMBL4650321,ORELABRUTINIB,C=CC(=O)N1CCC(c2ccc(C(N)=O)c(-c3ccc(Oc4ccccc4)cc3)n2)CC1,MZPVEMOYADUARK-UHFFFAOYSA-N,427.5,3.0,,True,False,False,phase_only,,Small molecule,MOL,0.0,35.385814497272015,False,,c1ccc(Oc2ccc(-c3cccc(C4CCNCC4)n3)cc2)cc1,722
REP_00081,CHEMBL1219,RABEPRAZOLE,COCCCOc1ccnc(C[S+]([O-])c2nc3ccccc3[nH]2)c1C,YREYEVIYCVEVJK-UHFFFAOYSA-N,359.45,4.0,,False,True,False,primary_atc_phase,,Small molecule,MOL,0.0,35.385814497272015,False,,c1ccc(C[SH+]c2nc3ccccc3[nH]2)nc1,723
REP_01166,CHEMBL5095248,SEBETRALSTAT,COCc1nn(Cc2ccc(Cn3ccccc3=O)cc2)cc1C(=O)NCc1nccc(OC)c1F,KGMPDQIYDKKXRD-UHFFFAOYSA-N,491.52,3.0,,True,False,False,phase_only,,Small molecule,MOL,0.0,35.385814497272015,False,,O=C(NCc1ccccn1)c1cnn(Cc2ccc(Cn3ccccc3=O)cc2)c1,724
REP_01095,CHEMBL4650327,GOVORESTAT,O=C(O)Cc1nn(Cc2nc3cc(C(F)(F)F)ccc3s2)c(=O)c2cscc12,ORQGHAJIWGGFJK-UHFFFAOYSA-N,425.41,3.0,,True,True,True,primary_atc_phase,,Small molecule,MOL,0.0,35.385814497272015,False,,O=c1c2cscc2cnn1Cc1nc2ccccc2s1,725
REP_00079,CHEMBL1213251,CLOBENZOREX,CC(Cc1ccccc1)NCc1ccccc1Cl,LRXXRIXDSAEIOR-UHFFFAOYSA-N,259.78,4.0,,False,True,False,primary_atc_phase,,Small molecule,MOL,0.0,35.385814497272015,False,,c1ccc(CCNCc2ccccc2)cc1,726
REP_01097,CHEMBL4650337,ULOTARONT,CNC[C@@H]1OCCc2ccsc21,ABDDQTDRAHXHOC-QMMMGPOBSA-N,183.28,3.0,,True,False,False,phase_only,,Small molecule,MOL,0.0,35.385814497272015,False,,c1cc2c(s1)COCC2,727
REP_01098,CHEMBL4650347,ANAPRAZOLE SODIUM,COCCCOc1cccc(C[S+]([O-])c2nc3cc4c(cc3[n-]2)OCC4)c1C,ACVCSPONSPSXSZ-UHFFFAOYSA-N,399.49,3.0,,True,False,False,phase_only,,Small molecule,MOL,0.0,35.385814497272015,False,,c1ccc(C[SH+]c2nc3cc4c(cc3[n-]2)OCC4)cc1,728
REP_01099,CHEMBL4650349,CHIGLITAZAR,O=C(c1ccc(F)cc1)c1ccccc1N[C@@H](Cc1ccc(OCCn2c3ccccc3c3ccccc32)cc1)C(=O)O,QNLWMPLUWMWDMQ-YTTGMZPUSA-N,572.64,3.0,,True,False,False,phase_only,,Small molecule,MOL,0.0,35.385814497272015,False,,O=C(c1ccccc1)c1ccccc1NCCc1ccc(OCCn2c3ccccc3c3ccccc32)cc1,729
REP_01100,CHEMBL4650354,FLORBENGUANE F18,N=C(N)NCc1cccc([18F])c1,HNPHEZIYSZIWHH-RVRFMXCPSA-N,166.19,3.0,,True,False,False,phase_only,,Small molecule,MOL,0.0,35.385814497272015,False,,c1ccccc1,730
REP_00078,CHEMBL121,ROSIGLITAZONE,CN(CCOc1ccc(CC2SC(=O)NC2=O)cc1)c1ccccn1,YASAKCUCGLMORW-UHFFFAOYSA-N,357.44,4.0,,False,True,True,primary_atc_phase,,Small molecule,MOL,0.0,35.385814497272015,False,,O=C1NC(=O)C(Cc2ccc(OCCNc3ccccn3)cc2)S1,731
REP_00076,CHEMBL1201864,DIENOGEST,C[C@]12CCC3=C4CCC(=O)C=C4CC[C@H]3[C@@H]1CC[C@@]2(O)CC#N,AZFLJNIPTRTECV-FUMNGEBKSA-N,311.43,4.0,,False,True,False,primary_atc_phase,,Small molecule,MOL,0.0,35.385814497272015,False,,O=C1C=C2CCC3C(=C2CC1)CCC1CCCC13,732
REP_01103,CHEMBL4651083,ANAPRAZOLE,COCCCOc1cccc(C[S+]([O-])c2nc3cc4c(cc3[nH]2)OCC4)c1C,JYSIFLQJDVIWKM-UHFFFAOYSA-N,400.5,3.0,,True,False,False,phase_only,,Small molecule,MOL,0.0,35.385814497272015,False,,c1ccc(C[SH+]c2nc3cc4c(cc3[nH]2)OCC4)cc1,733
REP_01104,CHEMBL46618,OTAMIXABAN,COC(=O)[C@H](Cc1cccc(C(=N)N)c1)[C@@H](C)NC(=O)c1ccc(-c2cc[n+]([O-])cc2)cc1,PFGVNLZDWRZPJW-OPAMFIHVSA-N,446.51,3.0,,True,False,False,phase_only,,Small molecule,MOL,0.0,35.385814497272015,False,,O=C(NCCCc1ccccc1)c1ccc(-c2cc[nH+]cc2)cc1,734
REP_01105,CHEMBL466659,PENTAERYTHRITOL TETRANITRATE,O=[N+]([O-])OCC(CO[N+](=O)[O-])(CO[N+](=O)[O-])CO[N+](=O)[O-],TZRXHJWUDPFEEY-UHFFFAOYSA-N,316.13,3.0,,True,False,False,phase_only,,Small molecule,MOL,0.0,35.385814497272015,False,,,735
REP_01106,CHEMBL470670,LEVOMENTHOL,CC(C)[C@@H]1CC[C@@H](C)C[C@H]1O,NOOLISFMXDJSKH-KXUCPTDWSA-N,156.27,3.0,,True,False,False,phase_only,,Small molecule,MOL,0.0,35.385814497272015,False,,C1CCCCC1,736
REP_01107,CHEMBL471498,MITIGLINIDE,O=C(O)[C@H](CC(=O)N1C[C@H]2CCCC[C@H]2C1)Cc1ccccc1,WPGGHFDDFPHPOB-BBWFWOEESA-N,315.41,3.0,,True,True,True,primary_atc_phase,,Small molecule,MOL,0.0,35.385814497272015,False,,O=C(CCCc1ccccc1)N1CC2CCCCC2C1,737
REP_01094,CHEMBL4650326,TEREVALEFIM,C(=C\c1cccs1)/c1cc[nH]n1,FOHWAQGURRYJFK-ONEGZZNKSA-N,176.24,3.0,,True,False,False,phase_only,,Small molecule,MOL,0.0,35.385814497272015,False,,C(=Cc1cccs1)c1cc[nH]n1,738
REP_00095,CHEMBL1295,BUTOCONAZOLE,Clc1ccc(CCC(Cn2ccnc2)Sc2c(Cl)cccc2Cl)cc1,SWLMUYACZKCSHZ-UHFFFAOYSA-N,411.79,4.0,,False,True,False,primary_atc_phase,,Small molecule,MOL,0.0,35.385814497272015,False,,c1ccc(CCC(Cn2ccnc2)Sc2ccccc2)cc1,739
REP_00094,CHEMBL1293,BETA CAROTENE,CC1=C(/C=C/C(C)=C/C=C/C(C)=C/C=C/C=C(C)/C=C/C=C(C)/C=C/C2=C(C)CCCC2(C)C)C(C)(C)CCC1,OENHQHLEOONYIE-JLTXGRSLSA-N,536.89,4.0,,False,True,False,primary_atc_phase,,Small molecule,MOL,0.0,35.385814497272015,False,,C(=CC=CC=CC=CC=CC1=CCCCC1)C=CC=CC=CC=CC1=CCCCC1,740
REP_00214,CHEMBL2107430,FLUTRIMAZOLE,Fc1ccc(C(c2ccccc2)(c2ccccc2F)n2ccnc2)cc1,QHMWCHQXCUNUAK-UHFFFAOYSA-N,346.38,4.0,,False,True,False,primary_atc_phase,,Small molecule,MOL,0.0,35.385814497272015,False,,c1ccc(C(c2ccccc2)(c2ccccc2)n2ccnc2)cc1,741
REP_00093,CHEMBL1276308,MIFEPRISTONE,CC#C[C@]1(O)CC[C@H]2[C@@H]3CCC4=CC(=O)CCC4=C3[C@@H](c3ccc(N(C)C)cc3)C[C@@]21C,VKHAHZOOUSRJNA-GCNJZUOMSA-N,429.6,4.0,,False,True,False,primary_atc_phase,,Small molecule,MOL,0.0,35.385814497272015,False,,O=C1C=C2CCC3C(=C2CC1)C(c1ccccc1)CC1CCCC13,742
REP_01055,CHEMBL449317,HESPERIDIN,COc1ccc([C@@H]2CC(=O)c3c(O)cc(O[C@@H]4O[C@H](CO[C@@H]5O[C@@H](C)[C@H](O)[C@@H](O)[C@H]5O)[C@@H](O)[C@H](O)[C@H]4O)cc3O2)cc1O,QUQPHWDTPGMPEX-QJBIFVCTSA-N,610.57,3.0,,True,False,False,phase_only,,Small molecule,MOL,0.0,35.385814497272015,False,,O=C1CC(c2ccccc2)Oc2cc(OC3CCCC(COC4CCCCO4)O3)ccc21,743
REP_01057,CHEMBL4533605,ZIDEBACTAM,O=C(NNC(=O)[C@@H]1CC[C@@H]2CN1C(=O)N2OS(=O)(=O)O)[C@@H]1CCCNC1,YCZPXRQPDCXTIO-BBBLOLIVSA-N,391.41,3.0,,True,False,False,phase_only,,Small molecule,MOL,0.0,35.385814497272015,False,,O=C(NNC(=O)C1CCC2CN1C(=O)N2)C1CCCNC1,744
REP_01058,CHEMBL4541964,ZATOLMILAST,O=C(O)Cc1ccc(Cc2cc(-c3cccc(Cl)c3)nc(C(F)(F)F)c2)cc1,LTSUMTMGJHPGFX-UHFFFAOYSA-N,405.8,3.0,,True,False,False,phase_only,,Small molecule,MOL,0.0,35.385814497272015,False,,c1ccc(Cc2ccnc(-c3ccccc3)c2)cc1,745
REP_01059,CHEMBL455136,ALMOREXANT,CNC(=O)[C@@H](c1ccccc1)N1CCc2cc(OC)c(OC)cc2[C@@H]1CCc1ccc(C(F)(F)F)cc1,DKMACHNQISHMDN-RPLLCQBOSA-N,512.57,3.0,,True,False,False,phase_only,,Small molecule,MOL,0.0,35.385814497272015,False,,c1ccc(CCC2c3ccccc3CCN2Cc2ccccc2)cc1,746
REP_01060,CHEMBL456341,LENABASUM,CCCCCCC(C)(C)c1cc(O)c2c(c1)OC(C)(C)[C@@H]1CC=C(C(=O)O)C[C@@H]21,YCHYFHOSGQABSW-RTBURBONSA-N,400.56,3.0,,True,False,False,phase_only,,Small molecule,MOL,0.0,35.385814497272015,False,,C1=CCC2c3ccccc3OCC2C1,747
REP_00090,CHEMBL12610,BENZYDAMINE,CN(C)CCCOc1nn(Cc2ccccc2)c2ccccc12,CNBGNNVCVSKAQZ-UHFFFAOYSA-N,309.41,4.0,,False,True,True,primary_atc_phase,,Small molecule,MOL,0.0,35.385814497272015,False,,c1ccc(Cn2ncc3ccccc32)cc1,748
REP_01062,CHEMBL458875,CLEVUDINE,Cc1cn([C@H]2O[C@@H](CO)[C@H](O)[C@H]2F)c(=O)[nH]c1=O,GBBJCSTXCAQSSJ-XQXXSGGOSA-N,260.22,3.0,,True,False,False,phase_only,,Small molecule,MOL,0.0,35.385814497272015,False,,O=c1ccn(C2CCCO2)c(=O)[nH]1,749
REP_01063,CHEMBL459016,GENIPIN,COC(=O)C1=CO[C@@H](O)[C@@H]2C(CO)=CC[C@H]12,AZKVWQKMDGGDSV-BCMRRPTOSA-N,226.23,3.0,,True,False,False,phase_only,,Small molecule,MOL,0.0,35.385814497272015,False,,C1=CC2COC=CC2C1,750
REP_00089,CHEMBL1261,CITRIC ACID,O=C(O)CC(O)(CC(=O)O)C(=O)O,KRKNYBCHXYNGOX-UHFFFAOYSA-N,192.12,4.0,,False,True,False,primary_atc_phase,,Small molecule,MOL,0.0,35.385814497272015,False,,,751
REP_01080,CHEMBL463763,TRIPTOLIDE,CC(C)[C@]12O[C@H]1[C@@H]1O[C@]13[C@]1(O[C@H]1C[C@H]1C4=C(CC[C@@]13C)C(=O)OC4)[C@@H]2O,DFBIRQPKNDILPW-CIVMWXNOSA-N,360.41,3.0,,True,False,False,phase_only,,Small molecule,MOL,0.0,35.385814497272015,False,,O=C1OCC2=C1CCC1C2CC2OC23CC2OC2C2OC123,752
REP_01066,CHEMBL4594290,TANIBORBACTAM,NCCNC1CCC(CC(=O)N[C@H]2Cc3cccc(C(=O)O)c3OB2O)CC1,PFZUWUXKQPRWAL-PXCJXSSVSA-N,389.26,3.0,,True,False,False,phase_only,,Small molecule,MOL,0.0,35.385814497272015,False,,O=C(CC1CCCCC1)NC1BOc2ccccc2C1,753
REP_00088,CHEMBL1242,PHENAZOPYRIDINE,Nc1ccc(/N=N/c2ccccc2)c(N)n1,QPFYXYFORQJZEC-FOCLMDBBSA-N,213.24,4.0,,False,True,True,primary_atc_phase,,Small molecule,MOL,0.0,35.385814497272015,False,,c1ccc(N=Nc2cccnc2)cc1,754
REP_01068,CHEMBL4594371,CEFTAROLINE,CCO/N=C(\C(=O)N[C@@H]1C(=O)N2C(C(=O)[O-])=C(Sc3nc(-c4cc[n+](C)cc4)cs3)CS[C@H]12)c1nsc(N)n1,RGFBRLNVZCCMSV-BIRGHMBHSA-N,604.72,3.0,,True,False,False,phase_only,,Small molecule,MOL,0.0,35.385814497272015,False,,N=C(C(=O)NC1C(=O)N2C=C(Sc3nc(-c4cc[nH+]cc4)cs3)CSC12)c1ncsn1,755
REP_01069,CHEMBL4594381,DEURUXOLITINIB,[2H]C1([2H])C([C@@H](CC#N)n2cc(-c3ncnc4[nH]ccc34)cn2)C([2H])([2H])C([2H])([2H])C1([2H])[2H],HFNKQEVNSGCOJV-FBXGHSCESA-N,314.42,3.0,,True,False,False,phase_only,,Small molecule,MOL,0.0,35.385814497272015,False,,c1nc(-c2cnn(CC3CCCC3)c2)c2cc[nH]c2n1,756
REP_00087,CHEMBL1237122,CARBOPROST,CCCCC[C@](C)(O)/C=C/[C@@H]1[C@@H](C/C=C\CCCC(=O)O)[C@@H](O)C[C@H]1O,DLJKPYFALUEJCK-IIELGFQLSA-N,368.51,4.0,,False,True,False,primary_atc_phase,,Small molecule,MOL,0.0,35.385814497272015,False,,C1CCCC1,757
REP_01071,CHEMBL4594417,PRUXELUTAMIDE,CC1(C)C(=O)N(c2ccc(C#N)c(C(F)(F)F)c2F)C(=S)N1c1ccc(CCCc2ncco2)nc1,KCBJGVDOSBKVKP-UHFFFAOYSA-N,517.51,3.0,,True,False,False,phase_only,,Small molecule,MOL,0.0,35.385814497272015,False,,O=C1CN(c2ccc(CCCc3ncco3)nc2)C(=S)N1c1ccccc1,758
REP_01072,CHEMBL4594421,DEUTENZALUTAMIDE,[2H]C([2H])([2H])NC(=O)c1ccc(N2C(=S)N(c3ccc(C#N)c(C(F)(F)F)c3)C(=O)C2(C)C)cc1F,WXCXUHSOUPDCQV-HPRDVNIFSA-N,467.46,3.0,,True,False,False,phase_only,,Small molecule,MOL,0.0,35.385814497272015,False,,O=C1CN(c2ccccc2)C(=S)N1c1ccccc1,759
REP_01073,CHEMBL4594437,CENTHAQUINE,Cc1cccc(N2CCN(CCc3ccc4ccccc4n3)CC2)c1,UJNWGFBJUHIJKK-UHFFFAOYSA-N,331.46,3.0,,True,False,False,phase_only,,Small molecule,MOL,0.0,35.385814497272015,False,,c1ccc(N2CCN(CCc3ccc4ccccc4n3)CC2)cc1,760
REP_01074,CHEMBL4594445,ABEPRAZAN,CNCc1cn(S(=O)(=O)c2cccc(F)c2)c(-c2ccc(F)cc2F)c1OC,OUNXGNDVWVPCOL-UHFFFAOYSA-N,410.42,3.0,,True,True,False,primary_atc_phase,,Small molecule,MOL,0.0,35.385814497272015,False,,O=S(=O)(c1ccccc1)n1cccc1-c1ccccc1,761
REP_01075,CHEMBL4594446,DOTINURAD,O=C(c1cc(Cl)c(O)c(Cl)c1)N1CS(=O)(=O)c2ccccc21,VOFLAIHEELWYGO-UHFFFAOYSA-N,358.2,3.0,,True,False,False,benchmark_forced,URAT1_POS_04,Small molecule,MOL,0.0,35.385814497272015,False,,O=C(c1ccccc1)N1CS(=O)(=O)c2ccccc21,762
REP_00086,CHEMBL1237066,CALCIUM GLUCEPTATE,O=C([O-])C(O)[C@H](O)[C@@H](O)[C@H](O)[C@H](O)CO.O=C([O-])C(O)[C@H](O)[C@@H](O)[C@H](O)[C@H](O)CO,RPLTXWVLGFJQNR-OJUPNBFJSA-L,450.35,4.0,,False,True,False,primary_atc_phase,,Small molecule,MOL,0.0,35.385814497272015,False,,,763
REP_01077,CHEMBL460026,ICOSAPENT,CC/C=C\C/C=C\C/C=C\C/C=C\C/C=C\CCCC(=O)O,JAZBEHYOTPTENJ-JLNKQSITSA-N,302.46,3.0,,True,False,False,phase_only,,Small molecule,MOL,0.0,35.385814497272015,False,,,764
REP_00085,CHEMBL1233,CARISOPRODOL,CCCC(C)(COC(N)=O)COC(=O)NC(C)C,OFZCIYFFPZCNJE-UHFFFAOYSA-N,260.33,4.0,,False,True,False,primary_atc_phase,,Small molecule,MOL,0.0,35.385814497272015,False,,,765
REP_01079,CHEMBL462019,TROFOSFAMIDE,O=P1(N(CCCl)CCCl)OCCCN1CCCl,UMKFEPPTGMDVMI-UHFFFAOYSA-N,323.59,3.0,,True,False,False,phase_only,,Small molecule,MOL,0.0,35.385814497272015,False,,O=[PH]1NCCCO1,766
REP_01065,CHEMBL459324,DIACETYLMORPHINE,CC(=O)Oc1ccc2c3c1O[C@H]1[C@@H](OC(C)=O)C=C[C@H]4[C@@H](C2)N(C)CC[C@@]341,GVGLGOZIDCSQPN-PVHGPHFFSA-N,369.42,3.0,,True,False,False,phase_only,,Small molecule,MOL,0.0,35.385814497272015,False,,C1=CC2C3Cc4cccc5c4C2(CCN3)C(C1)O5,767
REP_00060,CHEMBL1201286,OXYPHENONIUM,CC[N+](C)(CC)CCOC(=O)C(O)(c1ccccc1)C1CCCCC1,GFRUPHOKLBPHTQ-UHFFFAOYSA-N,348.51,4.0,,False,True,False,primary_atc_phase,,Small molecule,MOL,0.0,35.385814497272015,False,,c1ccc(CC2CCCCC2)cc1,768
REP_01139,CHEMBL50,QUERCETIN,O=c1c(O)c(-c2ccc(O)c(O)c2)oc2cc(O)cc(O)c12,REFJWTPEDVJJIY-UHFFFAOYSA-N,302.24,3.0,,True,False,False,phase_only,,Small molecule,MOL,0.0,35.385814497272015,False,,O=c1cc(-c2ccccc2)oc2ccccc12,769
REP_01140,CHEMBL501174,LYCOPENE,CC(C)=CCC/C(C)=C/C=C/C(C)=C/C=C/C(C)=C/C=C/C=C(C)/C=C/C=C(C)/C=C/C=C(\C)CCC=C(C)C,OAIJSZIZWZSQBC-GYZMGTAESA-N,536.89,3.0,,True,False,False,phase_only,,Small molecule,MOL,0.0,35.385814497272015,False,,,770
REP_00059,CHEMBL1201264,METHANTHELINE,CC[N+](C)(CC)CCOC(=O)C1c2ccccc2Oc2ccccc21,GZHFODJQISUKAY-UHFFFAOYSA-N,340.44,4.0,,False,True,False,primary_atc_phase,,Small molecule,MOL,0.0,35.385814497272015,False,,c1ccc2c(c1)Cc1ccccc1O2,771
REP_01142,CHEMBL506871,VELIPARIB,C[C@]1(c2nc3c(C(N)=O)cccc3[nH]2)CCCN1,JNAHVYVRKWKWKQ-CYBMUJFWSA-N,244.3,3.0,,True,False,False,phase_only,,Small molecule,MOL,0.0,35.385814497272015,False,,c1ccc2[nH]c(C3CCCN3)nc2c1,772
REP_00058,CHEMBL1201232,ISOPROPAMIDE,CC(C)[N+](C)(CCC(C(N)=O)(c1ccccc1)c1ccccc1)C(C)C,JTPUMZTWMWIVPA-UHFFFAOYSA-O,353.53,4.0,,False,True,False,primary_atc_phase,,Small molecule,MOL,0.0,35.385814497272015,False,,c1ccc(Cc2ccccc2)cc1,773
REP_01144,CHEMBL507282,DENUFOSOL,Nc1ccn([C@H]2C[C@H](O)[C@@H](COP(=O)(O)OP(=O)(O)OP(=O)(O)OP(=O)(O)OC[C@H]3O[C@@H](n4ccc(=O)[nH]c4=O)[C@H](O)[C@@H]3O)O2)c(=O)n1,FPNPSEMJLALQSA-MIYUEGBISA-N,773.32,3.0,,True,False,False,phase_only,,Small molecule,MOL,0.0,35.385814497272015,False,,O=c1ccn(C2CCC(CO[PH](=O)O[PH](=O)O[PH](=O)O[PH](=O)OCC3CCC(n4cccnc4=O)O3)O2)c(=O)[nH]1,774
REP_00057,CHEMBL1201219,VECURONIUM,CC(=O)O[C@H]1C[C@@H]2CC[C@@H]3[C@H](CC[C@@]4(C)[C@H]3C[C@H]([N+]3(C)CCCCC3)[C@@H]4OC(C)=O)[C@@]2(C)C[C@@H]1N1CCCCC1,BGSZAXLLHYERSY-XQIGCQGXSA-N,557.84,4.0,,False,True,False,primary_atc_phase,,Small molecule,MOL,0.0,35.385814497272015,False,,C1CCN(C2CCC3CCC4C5CC([NH+]6CCCCC6)CC5CCC4C3C2)CC1,775
REP_01146,CHEMBL507974,TETRODOTOXIN,NC1=N[C@H](O)[C@H]2[C@H]3O[C@]4(O)O[C@@H]([C@@H](O)[C@@]2(N1)[C@@H]4O)[C@]3(O)CO,CFMYXEVWODSLAX-QOZOJKKESA-N,319.27,3.0,,True,False,False,phase_only,,Small molecule,MOL,0.0,35.385814497272015,False,,C1=NCC2C3CC4CC2(CC(O4)O3)N1,776
REP_00055,CHEMBL1201139,MEGESTROL ACETATE,CC(=O)O[C@]1(C(C)=O)CC[C@H]2[C@@H]3C=C(C)C4=CC(=O)CC[C@]4(C)[C@H]3CC[C@@]21C,RQZAXGRLVPAYTJ-GQFGMJRRSA-N,384.52,4.0,,False,True,False,primary_atc_phase,,Small molecule,MOL,0.0,35.385814497272015,False,,O=C1C=C2C=CC3C4CCCC4CCC3C2CC1,777
REP_01148,CHEMBL50882,TIRAPAZAMINE,Nc1n[n+]([O-])c2ccccc2[n+]1[O-],ORYDPOVDJJZGHQ-UHFFFAOYSA-N,178.15,3.0,,True,False,False,phase_only,,Small molecule,MOL,0.0,35.385814497272015,False,,c1ccc2[nH+]nc[nH+]c2c1,778
REP_00054,CHEMBL1201134,LUBIPROSTONE,CCCCC(F)(F)[C@@]1(O)CC[C@H]2[C@@H](CC(=O)[C@@H]2CCCCCCC(=O)O)O1,WGFOBBZOWHGYQH-MXHNKVEKSA-N,390.47,4.0,,False,True,False,primary_atc_phase,,Small molecule,MOL,0.0,35.385814497272015,False,,O=C1CC2CCCOC2C1,779
REP_00053,CHEMBL1201117,METHOCARBAMOL,COc1ccccc1OCC(O)COC(N)=O,GNXFOGHNGIVQEH-UHFFFAOYSA-N,241.24,4.0,,False,True,False,primary_atc_phase,,Small molecule,MOL,0.0,35.385814497272015,False,,c1ccccc1,780
REP_01108,CHEMBL473159,PHLOROGLUCINOL,Oc1cc(O)cc(O)c1,QCDYQQDYXPDABM-UHFFFAOYSA-N,126.11,3.0,,True,True,False,primary_atc_phase,,Small molecule,MOL,0.0,35.385814497272015,False,,c1ccccc1,781
REP_01152,CHEMBL5095042,FASEDIENOL,C[C@@]12C=CC[C@H]1[C@@H]1CCC3=C[C@@H](O)CC[C@]3(C)[C@H]1CC2,NYVFCEPOUVGTNP-DYKIIFRCSA-N,272.43,3.0,,True,False,False,phase_only,,Small molecule,MOL,0.0,35.385814497272015,False,,C1=CC2CCC3C4CCCC=C4CCC3C2C1,782
REP_00051,CHEMBL1201027,GLYCOPYRRONIUM BROMIDE,C[N+]1(C)CCC(OC(=O)C(O)(c2ccccc2)C2CCCC2)C1,ANGKOCUUWGHLCE-UHFFFAOYSA-N,318.44,4.0,,False,True,False,primary_atc_phase,,Small molecule,MOL,0.0,35.385814497272015,False,,O=C(OC1CC[NH2+]C1)C(c1ccccc1)C1CCCC1,783
REP_01154,CHEMBL5095095,DALZANEMDOR,C[C@H](CC[C@](C)(O)C(F)(F)F)[C@H]1CC[C@H]2[C@@H]3CC=C4C[C@@](C)(O)CC[C@]4(C)[C@H]3CC[C@]12C,BVBRUQYHUXKZMQ-JNVAYQLDSA-N,456.63,3.0,,True,False,False,phase_only,,Small molecule,MOL,0.0,35.385814497272015,False,,C1=C2CCCCC2C2CCC3CCCC3C2C1,784
REP_00050,CHEMBL1200979,DEXPANTHENOL,CC(C)(CO)[C@@H](O)C(=O)NCCCO,SNPLKNRPJHDVJA-ZETCQYMHSA-N,205.25,4.0,,False,True,False,primary_atc_phase,,Small molecule,MOL,0.0,35.385814497272015,False,,,785
REP_00048,CHEMBL1200950,CLIDINIUM BROMIDE,C[N+]12CCC(CC1)C(OC(=O)C(O)(c1ccccc1)c1ccccc1)C2,HOOSGZJRQIVJSZ-UHFFFAOYSA-N,352.45,4.0,,False,True,False,primary_atc_phase,,Small molecule,MOL,0.0,35.385814497272015,False,,O=C(OC1C[NH+]2CCC1CC2)C(c1ccccc1)c1ccccc1,786
REP_00047,CHEMBL1200853,DYDROGESTERONE,CC(=O)[C@H]1CC[C@H]2[C@@H]3C=CC4=CC(=O)CC[C@@]4(C)[C@@H]3CC[C@]12C,JGMOKGBVKVMRFX-HQZYFCCVSA-N,312.45,4.0,,False,True,False,primary_atc_phase,,Small molecule,MOL,0.0,35.385814497272015,False,,O=C1C=C2C=CC3C4CCCC4CCC3C2CC1,787
REP_01158,CHEMBL5095202,VIMSELTINIB,Cc1nc(-c2cnc(NC(C)C)n(C)c2=O)ccc1Oc1ccnc(-c2cnn(C)c2)c1,TVGAHWWPABTBCX-UHFFFAOYSA-N,431.5,3.0,,True,False,False,phase_only,,Small molecule,MOL,0.0,35.385814497272015,False,,O=c1[nH]cncc1-c1ccc(Oc2ccnc(-c3cn[nH]c3)c2)cn1,788
REP_01159,CHEMBL5095206,25-HYDROXYERGOCALCIFEROL-,C=C1CC[C@H](O)C/C1=C/C=C1\CCC[C@]2(C)[C@@H]([C@H](C)/C=C/[C@H](C)C(C)(C)O)CC[C@@H]12,KJKIIUAXZGLUND-ICCVIKJNSA-N,412.66,3.0,,True,False,False,phase_only,,Small molecule,MOL,0.0,35.385814497272015,False,,C=C1CCCCC1=CC=C1CCCC2CCCC12,789
REP_01160,CHEMBL5095213,FOSGONIMETON SODIUM,CCCCCC(=O)N[C@@H](Cc1ccc(OP(=O)([O-])O)cc1)C(=O)N[C@H](C(=O)NCCCCCC(N)=O)[C@@H](C)CC,MBYDCPOKVKDSFD-JTJYXVOQSA-M,583.64,3.0,,True,False,False,phase_only,,Small molecule,MOL,0.0,35.385814497272015,False,,c1ccccc1,790
REP_01161,CHEMBL5095220,SARUPARIB,CCc1cc2ncc(CN3CCN(c4ccc(C(=O)NC)nc4)CC3)cc2[nH]c1=O,WQAVGRAETZEADU-UHFFFAOYSA-N,406.49,3.0,,True,False,False,phase_only,,Small molecule,MOL,0.0,35.385814497272015,False,,O=c1ccc2ncc(CN3CCN(c4cccnc4)CC3)cc2[nH]1,791
REP_01162,CHEMBL5095226,GOLCADOMIDE,O=C1CC[C@H](N2C(=O)c3cccc(NCc4ccc(CN5CC(N6CCOCC6)C5)cc4F)c3C2=O)C(=O)N1,NZYDBVQXOGPDDU-QHCPKHFHSA-N,535.58,3.0,,True,False,False,phase_only,,Small molecule,MOL,0.0,35.385814497272015,False,,O=C1CCC(N2C(=O)c3cccc(NCc4ccc(CN5CC(N6CCOCC6)C5)cc4)c3C2=O)C(=O)N1,792
REP_00046,CHEMBL1200851,HOMATROPINE METHYLBROMIDE,C[N+]1(C)[C@@H]2CC[C@H]1C[C@@H](OC(=O)C(O)c1ccccc1)C2,WKWOJBUWWZTUQV-SPUOUPEWSA-N,290.38,4.0,,False,True,False,primary_atc_phase,,Small molecule,MOL,0.0,35.385814497272015,False,,O=C(Cc1ccccc1)OC1CC2CCC(C1)[NH2+]2,793
REP_00045,CHEMBL1200848,HYDROXYPROGESTERONE CAPROATE,CCCCCC(=O)O[C@]1(C(C)=O)CC[C@H]2[C@@H]3CCC4=CC(=O)CC[C@]4(C)[C@H]3CC[C@@]21C,DOMWKUIIPQCAJU-LJHIYBGHSA-N,428.61,4.0,,False,True,False,primary_atc_phase,,Small molecule,MOL,0.0,35.385814497272015,False,,O=C1C=C2CCC3C4CCCC4CCC3C2CC1,794
REP_00044,CHEMBL1200761,CHLOROTRIANISENE,COc1ccc(C(Cl)=C(c2ccc(OC)cc2)c2ccc(OC)cc2)cc1,BFPSDSIWYFKGBC-UHFFFAOYSA-N,380.87,4.0,,False,True,False,primary_atc_phase,,Small molecule,MOL,0.0,35.385814497272015,False,,C(=C(c1ccccc1)c1ccccc1)c1ccccc1,795
REP_00052,CHEMBL1201087,CABERGOLINE,C=CCN1C[C@H](C(=O)N(CCCN(C)C)C(=O)NCC)C[C@@H]2c3cccc4[nH]cc(c34)C[C@H]21,KORNTPPJEAJQIU-KJXAQDMKSA-N,451.62,4.0,,False,True,False,primary_atc_phase,,Small molecule,MOL,0.0,35.385814497272015,False,,c1cc2c3c(c[nH]c3c1)CC1NCCCC21,796
REP_01109,CHEMBL475534,NITRENDIPINE,CCOC(=O)C1=C(C)NC(C)=C(C(=O)OC)C1c1cccc([N+](=O)[O-])c1,PVHUJELLJLJGLN-UHFFFAOYSA-N,360.37,3.0,,True,False,False,phase_only,,Small molecule,MOL,0.0,35.385814497272015,False,,C1=CC(c2ccccc2)C=CN1,797
REP_00075,CHEMBL1201863,DEXLANSOPRAZOLE,Cc1c(OCC(F)(F)F)ccnc1C[S@@+]([O-])c1nc2ccccc2[nH]1,MJIHNNLFOKEZEW-RUZDIDTESA-N,369.37,4.0,,False,True,False,primary_atc_phase,,Small molecule,MOL,0.0,35.385814497272015,False,,c1ccc(C[SH+]c2nc3ccccc3[nH]2)nc1,798
REP_00074,CHEMBL1201780,CARGLUMIC ACID,NC(=O)N[C@@H](CCC(=O)O)C(=O)O,LCQLHJZYVOQKHU-VKHMYHEASA-N,190.16,4.0,,False,True,True,primary_atc_phase,,Small molecule,MOL,0.0,35.385814497272015,False,,,799
REP_01112,CHEMBL4779850,ANISODINE HYDROBROMIDE,CN1C2CC(OC(=O)C(O)(CO)c3ccccc3)CC1C1OC12,JEJREKXHLFEVHN-UHFFFAOYSA-N,319.36,3.0,,True,False,False,phase_only,,Small molecule,MOL,0.0,35.385814497272015,False,,O=C(Cc1ccccc1)OC1CC2NC(C1)C1OC21,800
REP_01113,CHEMBL479527,TORCETRAPIB,CCOC(=O)N1c2ccc(C(F)(F)F)cc2[C@@H](N(Cc2cc(C(F)(F)F)cc(C(F)(F)F)c2)C(=O)OC)C[C@H]1CC,CMSGWTNRGKRWGS-NQIIRXRSSA-N,600.48,3.0,,True,False,False,phase_only,,Small molecule,MOL,0.0,35.385814497272015,False,,c1ccc(CNC2CCNc3ccccc32)cc1,801
REP_01114,CHEMBL4802153,SONLICROMANOL,Cc1c(C)c2c(c(C)c1O)CC[C@@](C)(C(=O)N[C@@H]1CCCNC1)O2,LZYWLEPSQNXESC-KUHUBIRLSA-N,332.44,3.0,,True,False,False,phase_only,,Small molecule,MOL,0.0,35.385814497272015,False,,O=C(NC1CCCNC1)C1CCc2ccccc2O1,802
REP_00073,CHEMBL1201774,SAPROPTERIN,C[C@H](O)[C@H](O)[C@H]1CNc2nc(N)[nH]c(=O)c2N1,FNKQXYHWGSIFBK-RPDRRWSUSA-N,241.25,4.0,,False,True,True,primary_atc_phase,,Small molecule,MOL,0.0,35.385814497272015,False,,O=c1[nH]cnc2c1NCCN2,803
REP_00072,CHEMBL1201770,METHYLNALTREXONE BROMIDE,C[N+]1(CC2CC2)CC[C@]23c4c5ccc(O)c4O[C@H]2C(=O)CC[C@@]3(O)[C@H]1C5,JVLBPIPGETUEET-GAAHOAFPSA-O,356.44,4.0,,False,True,False,primary_atc_phase,,Small molecule,MOL,0.0,35.385814497272015,False,,O=C1CCC2C3Cc4cccc5c4C2(CC[NH+]3CC2CC2)C1O5,804
REP_00071,CHEMBL1201764,FESOTERODINE,CC(C)C(=O)Oc1ccc(CO)cc1[C@H](CCN(C(C)C)C(C)C)c1ccccc1,DCCSDBARQIPTGU-HSZRJFAPSA-N,411.59,4.0,,False,True,True,primary_atc_phase,,Small molecule,MOL,0.0,35.385814497272015,False,,c1ccc(Cc2ccccc2)cc1,805
REP_01118,CHEMBL4804173,FLORQUINITAU,Nc1c(F)ccc2cnc(-n3ccc4ccncc43)cc12,KAXAUWZJVWGFDO-UHFFFAOYSA-N,278.29,3.0,,True,False,False,phase_only,,Small molecule,MOL,0.0,35.385814497272015,False,,c1ccc2cc(-n3ccc4ccncc43)ncc2c1,806
REP_00070,CHEMBL1201356,METHYLERGONOVINE,CC[C@@H](CO)NC(=O)[C@@H]1C=C2c3cccc4[nH]cc(c34)C[C@H]2N(C)C1,UNBRKDKAWYKMIV-QWQRMKEZSA-N,339.44,4.0,,False,True,False,primary_atc_phase,,Small molecule,MOL,0.0,35.385814497272015,False,,C1=C2c3cccc4[nH]cc(c34)CC2NCC1,807
REP_00069,CHEMBL1201354,TRIDIHEXETHYL,CC[N+](CC)(CC)CCC(O)(c1ccccc1)C1CCCCC1,NPRHVSBSZMAEIN-UHFFFAOYSA-N,318.53,4.0,,False,True,False,primary_atc_phase,,Small molecule,MOL,0.0,35.385814497272015,False,,c1ccc(CC2CCCCC2)cc1,808
REP_00067,CHEMBL1201346,BALSALAZIDE,O=C(O)CCNC(=O)c1ccc(/N=N/c2ccc(O)c(C(=O)O)c2)cc1,IPOKCKJONYRRHP-FMQUCBEESA-N,357.32,4.0,,False,True,False,primary_atc_phase,,Small molecule,MOL,0.0,35.385814497272015,False,,c1ccc(N=Nc2ccccc2)cc1,809
REP_01137,CHEMBL497939,CYTISINICLINE,O=c1cccc2n1C[C@@H]1CNC[C@H]2C1,ANJTVLIZGCUXLD-DTWKUNHWSA-N,190.25,3.0,,True,False,False,phase_only,,Small molecule,MOL,0.0,35.385814497272015,False,,O=c1cccc2n1CC1CNCC2C1,810
REP_00065,CHEMBL1201325,HEXOCYCLIUM,C[N+]1(C)CCN(CC(O)(c2ccccc2)C2CCCCC2)CC1,ZRYHPQCHHOKSMD-UHFFFAOYSA-N,317.5,4.0,,False,True,False,primary_atc_phase,,Small molecule,MOL,0.0,35.385814497272015,False,,c1ccc(C(CN2CC[NH2+]CC2)C2CCCCC2)cc1,811
REP_01124,CHEMBL484,ADEFOVIR,Nc1ncnc2c1ncn2CCOCP(=O)(O)O,SUPKOOSCJHTBAH-UHFFFAOYSA-N,273.19,3.0,,True,False,False,phase_only,,Small molecule,MOL,0.0,35.385814497272015,False,,c1ncc2nc[nH]c2n1,812
REP_00064,CHEMBL1201321,DIFENOXIN,N#CC(CCN1CCC(C(=O)O)(c2ccccc2)CC1)(c1ccccc1)c1ccccc1,UFIVBRCCIRTJTN-UHFFFAOYSA-N,424.54,4.0,,False,True,False,primary_atc_phase,,Small molecule,MOL,0.0,35.385814497272015,False,,c1ccc(C2CCN(CCC(c3ccccc3)c3ccccc3)CC2)cc1,813
REP_01126,CHEMBL485259,EUCALYPTOL,CC12CCC(CC1)C(C)(C)O2,WEEGYLXZBRQIMU-UHFFFAOYSA-N,154.25,3.0,,True,False,False,phase_only,,Small molecule,MOL,0.0,35.385814497272015,False,,C1CC2CCC1CO2,814
REP_01127,CHEMBL486208,DEXBORNEOL,CC1(C)[C@@H]2CC[C@@]1(C)[C@@H](O)C2,DTGKSKDOIYIVQL-WEDXCCLWSA-N,154.25,3.0,,True,False,False,phase_only,,Small molecule,MOL,0.0,35.385814497272015,False,,C1CC2CCC1C2,815
REP_01128,CHEMBL4863829,OBELDESIVIR,CC(C)C(=O)OC[C@H]1O[C@@](C#N)(c2ccc3c(N)ncnn23)[C@H](O)[C@@H]1O,YIHPGVCWGSURHO-VSBTWAGUSA-N,361.36,3.0,,True,False,False,phase_only,,Small molecule,MOL,0.0,35.385814497272015,False,,c1ncc2ccc(C3CCCO3)n2n1,816
REP_01129,CHEMBL487,DROLOXIFENE,CC/C(=C(/c1ccc(OCCN(C)C)cc1)c1cccc(O)c1)c1ccccc1,ZQZFYGIXNQKOAV-OCEACIFDSA-N,387.52,3.0,,True,False,False,phase_only,,Small molecule,MOL,0.0,35.385814497272015,False,,C(=C(c1ccccc1)c1ccccc1)c1ccccc1,817
REP_01130,CHEMBL48802,SULFORAPHANE,C[S+]([O-])CCCCN=C=S,SUVMJBTUFCVSAD-UHFFFAOYSA-N,177.29,3.0,,True,False,False,phase_only,,Small molecule,MOL,0.0,35.385814497272015,False,,,818
REP_00063,CHEMBL1201320,ESOMEPRAZOLE,COc1ccc2[nH]c([S@@+]([O-])Cc3ncc(C)c(OC)c3C)nc2c1,SUBDBMMJDZJVOS-DEOSSOPVSA-N,345.42,4.0,,False,True,False,primary_atc_phase,,Small molecule,MOL,0.0,35.385814497272015,False,,c1ccc(C[SH+]c2nc3ccccc3[nH]2)nc1,819
REP_01132,CHEMBL488280,PROPATYL NITRATE,CCC(CO[N+](=O)[O-])(CO[N+](=O)[O-])CO[N+](=O)[O-],YZZCJYJBCUJISI-UHFFFAOYSA-N,269.17,3.0,,True,False,False,phase_only,,Small molecule,MOL,0.0,35.385814497272015,False,,,820
REP_01133,CHEMBL489,AFIMOXIFENE,CC/C(=C(\c1ccc(O)cc1)c1ccc(OCCN(C)C)cc1)c1ccccc1,TXUZVZSFRXZGTL-QPLCGJKRSA-N,387.52,3.0,,True,False,False,phase_only,,Small molecule,MOL,0.0,35.385814497272015,False,,C(=C(c1ccccc1)c1ccccc1)c1ccccc1,821
REP_01134,CHEMBL489095,CAMICINAL,C[C@H]1CN(Cc2ccc(CC(=O)N3CCC(Nc4cccc(F)c4)CC3)cc2)CCN1,RZKDEGZIFSJVNA-IBGZPJMESA-N,424.56,3.0,,True,False,False,phase_only,,Small molecule,MOL,0.0,35.385814497272015,False,,O=C(Cc1ccc(CN2CCNCC2)cc1)N1CCC(Nc2ccccc2)CC1,822
REP_00062,CHEMBL1201294,DIPHENOXYLATE,CCOC(=O)C1(c2ccccc2)CCN(CCC(C#N)(c2ccccc2)c2ccccc2)CC1,HYPPXZBJBPSRLK-UHFFFAOYSA-N,452.6,4.0,,False,True,False,primary_atc_phase,,Small molecule,MOL,0.0,35.385814497272015,False,,c1ccc(C2CCN(CCC(c3ccccc3)c3ccccc3)CC2)cc1,823
REP_00061,CHEMBL1201288,DANTROLENE,O=C1CN(/N=C/c2ccc(-c3ccc([N+](=O)[O-])cc3)o2)C(=O)N1,OZOMQRBLCMDCEG-VIZOYTHASA-N,314.26,4.0,,False,True,False,primary_atc_phase,,Small molecule,MOL,0.0,35.385814497272015,False,,O=C1CN(N=Cc2ccc(-c3ccccc3)o2)C(=O)N1,824
REP_00066,CHEMBL1201340,DIPHEMANIL,C[N+]1(C)CCC(=C(c2ccccc2)c2ccccc2)CC1,LCTZPQRFOZKZNK-UHFFFAOYSA-N,278.42,4.0,,False,True,False,primary_atc_phase,,Small molecule,MOL,0.0,35.385814497272015,False,,c1ccc(C(=C2CC[NH2+]CC2)c2ccccc2)cc1,825
REP_00509,CHEMBL1551724,ACADESINE,NC(=O)c1ncn([C@@H]2O[C@H](CO)[C@@H](O)[C@H]2O)c1N,RTRQQBHATOEIAF-UUOKFMHZSA-N,258.23,3.0,,True,False,False,phase_only,,Small molecule,MOL,0.0,35.385814497272015,False,,c1cn(C2CCCO2)cn1,826
REP_00510,CHEMBL1556,INOSINE,O=c1[nH]cnc2c1ncn2[C@@H]1O[C@H](CO)[C@@H](O)[C@H]1O,UGQMRVRMYYASKQ-KQYNXXCUSA-N,268.23,3.0,,True,True,False,primary_atc_phase,,Small molecule,MOL,0.0,35.385814497272015,False,,O=c1[nH]cnc2c1ncn2C1CCCO1,827
REP_00511,CHEMBL1564747,DROMETRIZOLE,Cc1ccc(O)c(-n2nc3ccccc3n2)c1,MCPKSFINULVDNX-UHFFFAOYSA-N,225.25,3.0,,True,False,False,phase_only,,Small molecule,MOL,0.0,35.385814497272015,False,,c1ccc(-n2nc3ccccc3n2)cc1,828
REP_00512,CHEMBL1568,FLUDARABINE,Nc1nc(F)nc2c1ncn2[C@@H]1O[C@H](CO)[C@@H](O)[C@@H]1O,HBUBKKRHXORPQB-FJFJXFQQSA-N,285.24,3.0,,True,False,False,phase_only,,Small molecule,MOL,0.0,35.385814497272015,False,,c1ncc2ncn(C3CCCO3)c2n1,829
REP_00338,CHEMBL632,BETAMETHASONE,C[C@H]1C[C@H]2[C@@H]3CCC4=CC(=O)C=C[C@]4(C)[C@@]3(F)[C@@H](O)C[C@]2(C)[C@@]1(O)C(=O)CO,UREBDLICKHMUKA-DVTGEIKXSA-N,392.47,4.0,,False,True,False,primary_atc_phase,,Small molecule,MOL,0.0,35.385814497272015,False,,O=C1C=CC2C(=C1)CCC1C3CCCC3CCC21,830
REP_00514,CHEMBL1569545,CRIDANIMOD,O=C(O)Cn1c2ccccc2c(=O)c2ccccc21,UOMKBIIXHQIERR-UHFFFAOYSA-N,253.26,3.0,,True,False,False,phase_only,,Small molecule,MOL,0.0,35.385814497272015,False,,O=c1c2ccccc2[nH]c2ccccc12,831
REP_00515,CHEMBL157138,LISURIDE,CCN(CC)C(=O)N[C@H]1C=C2c3cccc4[nH]cc(c34)C[C@H]2N(C)C1,BKRGVLQUQGGVSM-KBXCAEBGSA-N,338.46,3.0,,True,True,False,primary_atc_phase,,Small molecule,MOL,0.0,35.385814497272015,False,,C1=C2c3cccc4[nH]cc(c34)CC2NCC1,832
REP_00516,CHEMBL1575,ESTRAMUSTINE,C[C@]12CC[C@@H]3c4ccc(OC(=O)N(CCCl)CCCl)cc4CC[C@H]3[C@@H]1CC[C@@H]2O,FRPJXPJMRWBBIH-RBRWEJTLSA-N,440.41,3.0,,True,False,False,phase_only,,Small molecule,MOL,0.0,35.385814497272015,False,,c1ccc2c(c1)CCC1C2CCC2CCCC21,833
REP_00517,CHEMBL15768,CAMPHOR,CC12CCC(CC1=O)C2(C)C,DSSYKIVIOFKYAU-UHFFFAOYSA-N,152.24,3.0,,True,False,False,phase_only,,Small molecule,MOL,0.0,35.385814497272015,False,,O=C1CC2CCC1C2,834
REP_00337,CHEMBL622,ETODOLAC,CCc1cccc2c3c([nH]c12)C(CC)(CC(=O)O)OCC3,NNYBQONXHNTVIJ-UHFFFAOYSA-N,287.36,4.0,,False,True,True,primary_atc_phase,,Small molecule,MOL,0.0,35.385814497272015,False,,c1ccc2c3c([nH]c2c1)COCC3,835
REP_00519,CHEMBL1615784,TETROFOSMIN,CCOCCP(CCOCC)CCP(CCOCC)CCOCC,QCWJONLQSHEGEJ-UHFFFAOYSA-N,382.46,3.0,,True,False,False,phase_only,,Small molecule,MOL,0.0,35.385814497272015,False,,,836
REP_00520,CHEMBL1616951,CANRENOATE,C[C@]12CCC(=O)C=C1C=C[C@@H]1[C@@H]2CC[C@@]2(C)[C@H]1CC[C@@]2(O)CCC(=O)O,PBKZPPIHUVSDNM-WNHSNXHDSA-N,358.48,3.0,,True,False,False,phase_only,,Small molecule,MOL,0.0,35.385814497272015,False,,O=C1C=C2C=CC3C4CCCC4CCC3C2CC1,837
REP_00521,CHEMBL1620875,OXOLAMINE,CCN(CC)CCc1nc(-c2ccccc2)no1,IDCHQQSVJAAUQQ-UHFFFAOYSA-N,245.33,3.0,,True,False,False,phase_only,,Small molecule,MOL,0.0,35.385814497272015,False,,c1ccc(-c2ncon2)cc1,838
REP_00215,CHEMBL2107431,LYNESTRENOL,C#C[C@]1(O)CC[C@H]2[C@@H]3CCC4=CCCC[C@@H]4[C@H]3CC[C@@]21C,YNVGQYHLRCDXFQ-XGXHKTLJSA-N,284.44,4.0,,False,True,False,primary_atc_phase,,Small molecule,MOL,0.0,35.385814497272015,False,,C1=C2CCC3C4CCCC4CCC3C2CCC1,839
REP_00334,CHEMBL606,MISOPROSTOL,CCCCC(C)(O)C/C=C/[C@H]1[C@H](O)CC(=O)[C@@H]1CCCCCCC(=O)OC,OJLOPKGSLYJEMD-URPKTTJQSA-N,382.54,4.0,,False,True,False,primary_atc_phase,,Small molecule,MOL,0.0,35.385814497272015,False,,O=C1CCCC1,840
REP_00524,CHEMBL165,RESVERATROL,Oc1ccc(/C=C/c2cc(O)cc(O)c2)cc1,LUKBXSAWLPMMSZ-OWOJBTEDSA-N,228.25,3.0,,True,False,False,phase_only,,Small molecule,MOL,0.0,35.385814497272015,False,,C(=Cc1ccccc1)c1ccccc1,841
REP_00333,CHEMBL6,INDOMETHACIN,COc1ccc2c(c1)c(CC(=O)O)c(C)n2C(=O)c1ccc(Cl)cc1,CGIGDMFJXJATDK-UHFFFAOYSA-N,357.79,4.0,,False,True,True,primary_atc_phase,,Small molecule,MOL,0.0,35.385814497272015,False,,O=C(c1ccccc1)n1ccc2ccccc21,842
REP_00526,CHEMBL166863,POLMACOXIB,CC1(C)OC(c2ccc(S(N)(=O)=O)cc2)=C(c2cccc(F)c2)C1=O,IJWPAFMIFNSIGD-UHFFFAOYSA-N,361.39,3.0,,True,True,True,primary_atc_phase,,Small molecule,MOL,0.0,35.385814497272015,False,,O=C1COC(c2ccccc2)=C1c1ccccc1,843
REP_00331,CHEMBL595,PIOGLITAZONE,CCc1ccc(CCOc2ccc(CC3SC(=O)NC3=O)cc2)nc1,HYAFETHFCAUJAY-UHFFFAOYSA-N,356.45,4.0,,False,True,True,primary_atc_phase,,Small molecule,MOL,0.0,35.385814497272015,False,,O=C1NC(=O)C(Cc2ccc(OCCc3ccccn3)cc2)S1,844
REP_00528,CHEMBL167691,LAROMUSTINE,CNC(=O)N(N(CCCl)S(C)(=O)=O)S(C)(=O)=O,PVCULFYROUOVGJ-UHFFFAOYSA-N,307.78,3.0,,True,False,False,phase_only,,Small molecule,MOL,0.0,35.385814497272015,False,,,845
REP_00529,CHEMBL1697733,ACETYLCARNITINE,CC(=O)O[C@H](CC(=O)[O-])C[N+](C)(C)C,RDHQFKQIGNGIED-MRVPVSSYSA-N,203.24,3.0,,True,False,False,phase_only,,Small molecule,MOL,0.0,35.385814497272015,False,,,846
REP_00530,CHEMBL1697753,ASPIRIN DL-LYSINE,CC(=O)Oc1ccccc1C(=O)O.NCCCCC(N)C(=O)O,JJBCTCGUOQYZHK-UHFFFAOYSA-N,326.35,3.0,,True,False,False,phase_only,,Small molecule,MOL,0.0,35.385814497272015,False,,c1ccccc1,847
REP_00330,CHEMBL571,KETOPROFEN,CC(C(=O)O)c1cccc(C(=O)c2ccccc2)c1,DKYWVDODHFEZIM-UHFFFAOYSA-N,254.28,4.0,,False,True,True,primary_atc_phase,,Small molecule,MOL,0.0,35.385814497272015,False,,O=C(c1ccccc1)c1ccccc1,848
REP_00532,CHEMBL1697766,PERAZINE,CN1CCN(CCCN2c3ccccc3Sc3ccccc32)CC1,WEYVCQFUGFRXOM-UHFFFAOYSA-N,339.51,3.0,,True,False,False,phase_only,,Small molecule,MOL,0.0,35.385814497272015,False,,c1ccc2c(c1)Sc1ccccc1N2CCCN1CCNCC1,849
REP_00533,CHEMBL1697771,REBAMIPIDE,O=C(NC(Cc1cc(=O)[nH]c2ccccc12)C(=O)O)c1ccc(Cl)cc1,ALLWOAVDORUJLA-UHFFFAOYSA-N,370.79,3.0,,True,True,False,primary_atc_phase,,Small molecule,MOL,0.0,35.385814497272015,False,,O=C(NCCc1cc(=O)[nH]c2ccccc12)c1ccccc1,850
REP_00534,CHEMBL1697845,NORETHANDROLONE,CC[C@]1(O)CC[C@H]2[C@@H]3CCC4=CC(=O)CC[C@@H]4[C@H]3CC[C@@]21C,ZDHCJEIGTNNEMY-XGXHKTLJSA-N,302.46,3.0,,True,True,False,primary_atc_phase,,Small molecule,MOL,0.0,35.385814497272015,False,,O=C1C=C2CCC3C4CCCC4CCC3C2CC1,851
REP_00535,CHEMBL171679,ASPARTAME,COC(=O)[C@H](Cc1ccccc1)NC(=O)[C@@H](N)CC(=O)O,IAOZJIPTCAWIRG-QWRGUYRKSA-N,294.31,3.0,,True,False,False,phase_only,,Small molecule,MOL,0.0,35.385814497272015,False,,c1ccccc1,852
REP_00335,CHEMBL609,TRIENTINE,NCCNCCNCCN,VILCJCGEZXAXTO-UHFFFAOYSA-N,146.24,4.0,,False,True,True,primary_atc_phase,,Small molecule,MOL,0.0,35.385814497272015,False,,,853
REP_00480,CHEMBL1332032,TRIFLUSAL,CC(=O)Oc1cc(C(F)(F)F)ccc1C(=O)O,RMWVZGDJPAKBDE-UHFFFAOYSA-N,248.16,3.0,,True,False,False,phase_only,,Small molecule,MOL,0.0,35.385814497272015,False,,c1ccccc1,854
REP_00340,CHEMBL63857,PHENOLPHTHALEIN,O=C1OC(c2ccc(O)cc2)(c2ccc(O)cc2)c2ccccc21,KJFMBFZCATUALV-UHFFFAOYSA-N,318.33,4.0,,False,True,False,primary_atc_phase,,Small molecule,MOL,0.0,35.385814497272015,False,,O=C1OC(c2ccccc2)(c2ccccc2)c2ccccc21,855
REP_00482,CHEMBL1351474,ACESULFAME POTASSIUM,CC1=CC(=O)[N-]S(=O)(=O)O1,YGCFIWIQZPHFLU-UHFFFAOYSA-M,162.15,3.0,,True,False,False,phase_only,,Small molecule,MOL,0.0,35.385814497272015,False,,O=C1C=COS(=O)(=O)[N-]1,856
REP_00483,CHEMBL1366933,ESMIRTAZAPINE,CN1CCN2c3ncccc3Cc3ccccc3[C@H]2C1,RONZAEMNMFQXRA-MRXNPFEDSA-N,265.36,3.0,,True,False,False,phase_only,,Small molecule,MOL,0.0,35.385814497272015,False,,c1ccc2c(c1)Cc1cccnc1N1CCNCC21,857
REP_00484,CHEMBL1371200,CANRENOATE POTASSIUM,C[C@]12CCC(=O)C=C1C=C[C@@H]1[C@@H]2CC[C@@]2(C)[C@H]1CC[C@@]2(O)CCC(=O)[O-],PBKZPPIHUVSDNM-WNHSNXHDSA-M,357.47,3.0,,True,False,False,phase_only,,Small molecule,MOL,0.0,35.385814497272015,False,,O=C1C=C2C=CC3C4CCCC4CCC3C2CC1,858
REP_00485,CHEMBL1371770,PIRIBEDIL,c1cnc(N2CCN(Cc3ccc4c(c3)OCO4)CC2)nc1,OQDPVLVUJFGPGQ-UHFFFAOYSA-N,298.35,3.0,,True,False,False,phase_only,,Small molecule,MOL,0.0,35.385814497272015,False,,c1cnc(N2CCN(Cc3ccc4c(c3)OCO4)CC2)nc1,859
REP_00486,CHEMBL1371937,PANTHENOL,CC(C)(CO)C(O)C(=O)NCCCO,SNPLKNRPJHDVJA-UHFFFAOYSA-N,205.25,3.0,,True,False,False,phase_only,,Small molecule,MOL,0.0,35.385814497272015,False,,,860
REP_00487,CHEMBL1378024,PROTIONAMIDE,CCCc1cc(C(N)=S)ccn1,VRDIULHPQTYCLN-UHFFFAOYSA-N,180.28,3.0,,True,False,False,phase_only,,Small molecule,MOL,0.0,35.385814497272015,False,,c1ccncc1,861
REP_00488,CHEMBL139835,CYPROTERONE ACETATE,CC(=O)O[C@]1(C(C)=O)CC[C@H]2[C@@H]3C=C(Cl)C4=CC(=O)[C@@H]5C[C@@H]5[C@]4(C)[C@H]3CC[C@@]21C,UWFYSQMTEOIJJG-FDTZYFLXSA-N,416.95,3.0,,True,True,False,primary_atc_phase,,Small molecule,MOL,0.0,35.385814497272015,False,,O=C1C=C2C=CC3C4CCCC4CCC3C2C2CC12,862
REP_00489,CHEMBL140,CURCUMIN,COc1cc(/C=C/C(=O)CC(=O)/C=C/c2ccc(O)c(OC)c2)ccc1O,VFLDPWHFBUODDF-FCXRPNKRSA-N,368.39,3.0,,True,False,False,phase_only,,Small molecule,MOL,0.0,35.385814497272015,False,,O=C(C=Cc1ccccc1)CC(=O)C=Cc1ccccc1,863
REP_00490,CHEMBL14053,TRICHLOROACETIC ACID,O=C(O)C(Cl)(Cl)Cl,YNJBWRMUSHSURL-UHFFFAOYSA-N,163.39,3.0,,True,False,False,phase_only,,Small molecule,MOL,0.0,35.385814497272015,False,,,864
REP_00491,CHEMBL1406148,TRICAPRILIN,CCCCCCCC(=O)OCC(COC(=O)CCCCCCC)OC(=O)CCCCCCC,VLPFTAMPNXLGLX-UHFFFAOYSA-N,470.69,3.0,,True,False,False,phase_only,,Small molecule,MOL,0.0,35.385814497272015,False,,,865
REP_00492,CHEMBL1433361,OTILONIUM,CCCCCCCCOc1ccccc1C(=O)Nc1ccc(C(=O)OCC[N+](C)(CC)CC)cc1,NQHNLNLJPDMBFN-UHFFFAOYSA-O,483.67,3.0,,True,False,False,phase_only,,Small molecule,MOL,0.0,35.385814497272015,False,,O=C(Nc1ccccc1)c1ccccc1,866
REP_00508,CHEMBL1543,GLUTATHIONE,N[C@@H](CCC(=O)N[C@@H](CS)C(=O)NCC(=O)O)C(=O)O,RWSXRVCMGQZWBV-WDSKDSINSA-N,307.33,3.0,,True,False,False,phase_only,,Small molecule,MOL,0.0,35.385814497272015,False,,,867
REP_00494,CHEMBL1451116,IODOFORM,IC(I)I,OKJPEAGHQZHRQV-UHFFFAOYSA-N,393.73,3.0,,True,False,False,phase_only,,Small molecule,MOL,0.0,35.385814497272015,False,,,868
REP_00495,CHEMBL1453317,DIETHYLTOLUAMIDE,CCN(CC)C(=O)c1cccc(C)c1,MMOXZBCLCQITDF-UHFFFAOYSA-N,191.27,3.0,,True,False,False,phase_only,,Small molecule,MOL,0.0,35.385814497272015,False,,c1ccccc1,869
REP_00496,CHEMBL1485,ARGININE,N=C(N)NCCC[C@H](N)C(=O)O,ODKSFYDXXFIFQN-BYPYZUCNSA-N,174.2,3.0,,True,False,False,phase_only,,Small molecule,MOL,0.0,35.385814497272015,False,,,870
REP_00497,CHEMBL1499,CORTISONE,C[C@]12CCC(=O)C=C1CC[C@@H]1[C@@H]2C(=O)C[C@@]2(C)[C@H]1CC[C@]2(O)C(=O)CO,MFYSYFVPBJMHGN-ZPOLXVRWSA-N,360.45,3.0,,True,False,False,phase_only,,Small molecule,MOL,0.0,35.385814497272015,False,,O=C1C=C2CCC3C4CCCC4CC(=O)C3C2CC1,871
REP_00498,CHEMBL1512580,XALIPRODEN,FC(F)(F)c1cccc(C2=CCN(CCc3ccc4ccccc4c3)CC2)c1,WJJYZXPHLSLMGE-UHFFFAOYSA-N,381.44,3.0,,True,False,False,phase_only,,Small molecule,MOL,0.0,35.385814497272015,False,,C1=C(c2ccccc2)CCN(CCc2ccc3ccccc3c2)C1,872
REP_00499,CHEMBL1512949,FENOVERINE,O=C(CN1CCN(Cc2ccc3c(c2)OCO3)CC1)N1c2ccccc2Sc2ccccc21,UBAJTZKNDCEGKL-UHFFFAOYSA-N,459.57,3.0,,True,True,False,primary_atc_phase,,Small molecule,MOL,0.0,35.385814497272015,False,,O=C(CN1CCN(Cc2ccc3c(c2)OCO3)CC1)N1c2ccccc2Sc2ccccc21,873
REP_00500,CHEMBL151445,DROPROPIZINE,OCC(O)CN1CCN(c2ccccc2)CC1,PTVWPYVOOKLBCG-UHFFFAOYSA-N,236.32,3.0,,True,False,False,phase_only,,Small molecule,MOL,0.0,35.385814497272015,False,,c1ccc(N2CCNCC2)cc1,874
REP_00501,CHEMBL1516,OLMESARTAN,CCCc1nc(C(C)(C)O)c(C(=O)O)n1Cc1ccc(-c2ccccc2-c2nnn[nH]2)cc1,VTRAEEWXHOVJFV-UHFFFAOYSA-N,446.51,3.0,,True,False,False,phase_only,,Small molecule,MOL,0.0,35.385814497272015,False,,c1ccc(-c2nnn[nH]2)c(-c2ccc(Cn3ccnc3)cc2)c1,875
REP_00502,CHEMBL1520188,CLODRONATE DISODIUM,O=P([O-])(O)C(Cl)(Cl)P(=O)([O-])O,ACSIXWWBWUQEHA-UHFFFAOYSA-L,242.88,3.0,,True,False,False,phase_only,,Small molecule,MOL,0.0,35.385814497272015,False,,,876
REP_00503,CHEMBL15245,YOHIMBINE,COC(=O)[C@@H]1[C@H]2C[C@H]3c4[nH]c5ccccc5c4CCN3C[C@@H]2CC[C@@H]1O,BLGXFZZNTVWLAY-SCYLSFHTSA-N,354.45,3.0,,True,True,True,primary_atc_phase,,Small molecule,MOL,0.0,35.385814497272015,False,,c1ccc2c3c([nH]c2c1)C1CC2CCCCC2CN1CC3,877
REP_00504,CHEMBL1527608,DOXOFYLLINE,Cn1c(=O)c2c(ncn2CC2OCCO2)n(C)c1=O,HWXIGFIVGWUZAO-UHFFFAOYSA-N,266.26,3.0,,True,False,False,phase_only,,Small molecule,MOL,0.0,35.385814497272015,False,,O=c1[nH]c(=O)c2c(ncn2CC2OCCO2)[nH]1,878
REP_00505,CHEMBL1531134,MELPERONE,CC1CCN(CCCC(=O)c2ccc(F)cc2)CC1,DKMFBWQBDIGMHM-UHFFFAOYSA-N,263.36,3.0,,True,False,False,phase_only,,Small molecule,MOL,0.0,35.385814497272015,False,,O=C(CCCN1CCCCC1)c1ccccc1,879
REP_00506,CHEMBL153479,AMBROXOL,Nc1c(Br)cc(Br)cc1CN[C@H]1CC[C@H](O)CC1,JBDGDEWWOUBZPM-XYPYZODXSA-N,378.11,3.0,,True,False,False,phase_only,,Small molecule,MOL,0.0,35.385814497272015,False,,c1ccc(CNC2CCCCC2)cc1,880
REP_00339,CHEMBL635,PREDNISONE,C[C@]12C=CC(=O)C=C1CC[C@@H]1[C@@H]2C(=O)C[C@@]2(C)[C@H]1CC[C@]2(O)C(=O)CO,XOFYZVNMUHMLCC-ZPOLXVRWSA-N,358.43,4.0,,False,True,False,primary_atc_phase,,Small molecule,MOL,0.0,35.385814497272015,False,,O=C1C=CC2C(=C1)CCC1C3CCCC3CC(=O)C21,881
REP_00493,CHEMBL145,CAFFEIC ACID,O=C(O)/C=C/c1ccc(O)c(O)c1,QAIPRVGONGVQAS-DUXPYHPUSA-N,180.16,3.0,,True,False,False,phase_only,,Small molecule,MOL,0.0,35.385814497272015,False,,c1ccccc1,882
REP_00566,CHEMBL1879463,DACTOLISIB,Cn1c(=O)n(-c2ccc(C(C)(C)C#N)cc2)c2c3cc(-c4cnc5ccccc5c4)ccc3ncc21,JOGKUKXHTYWRGZ-UHFFFAOYSA-N,469.55,3.0,,True,False,False,phase_only,,Small molecule,MOL,0.0,35.385814497272015,False,,O=c1[nH]c2cnc3ccc(-c4cnc5ccccc5c4)cc3c2n1-c1ccccc1,883
REP_00567,CHEMBL1880349,2-DEOXY-D-GLUCOSE,OCC1OC(O)CC(O)C1O,PMMURAAUARKVCB-UHFFFAOYSA-N,164.16,3.0,,True,False,False,phase_only,,Small molecule,MOL,0.0,35.385814497272015,False,,C1CCOCC1,884
REP_00318,CHEMBL521,IBUPROFEN,CC(C)Cc1ccc(C(C)C(=O)O)cc1,HEFNNWSXXWATRW-UHFFFAOYSA-N,206.28,4.0,,False,True,True,primary_atc_phase,,Small molecule,MOL,0.0,35.385814497272015,False,,c1ccccc1,885
REP_00569,CHEMBL18901,EFAPROXIRAL,Cc1cc(C)cc(NC(=O)Cc2ccc(OC(C)(C)C(=O)O)cc2)c1,BNFRJXLZYUTIII-UHFFFAOYSA-N,341.41,3.0,,True,False,False,phase_only,,Small molecule,MOL,0.0,35.385814497272015,False,,O=C(Cc1ccccc1)Nc1ccccc1,886
REP_00570,CHEMBL189475,LADARIXIN,C[C@@H](C(=O)NS(C)(=O)=O)c1ccc(OS(=O)(=O)C(F)(F)F)cc1,DDLPYOCJHQSVSZ-SSDOTTSWSA-N,375.35,3.0,,True,False,False,phase_only,,Small molecule,MOL,0.0,35.385814497272015,False,,c1ccccc1,887
REP_00571,CHEMBL190044,TRIMEBUTINE,CCC(COC(=O)c1cc(OC)c(OC)c(OC)c1)(c1ccccc1)N(C)C,LORDFXWUHHSAQU-UHFFFAOYSA-N,387.48,3.0,,True,True,False,primary_atc_phase,,Small molecule,MOL,0.0,35.385814497272015,False,,O=C(OCCc1ccccc1)c1ccccc1,888
REP_00317,CHEMBL517712,ATROPINE,CN1[C@@H]2CC[C@H]1C[C@@H](OC(=O)C(CO)c1ccccc1)C2,RKUNBYITZUJHSG-SPUOUPEWSA-N,289.38,4.0,,False,True,False,primary_atc_phase,,Small molecule,MOL,0.0,35.385814497272015,False,,O=C(Cc1ccccc1)OC1CC2CCC(C1)N2,889
REP_00573,CHEMBL1902981,EPERISONE,CCc1ccc(C(=O)C(C)CN2CCCCC2)cc1,SQUNAWUMZGQQJD-UHFFFAOYSA-N,259.39,3.0,,True,True,False,primary_atc_phase,,Small molecule,MOL,0.0,35.385814497272015,False,,O=C(CCN1CCCCC1)c1ccccc1,890
REP_00574,CHEMBL1908305,SULOPENEM,C[C@@H](O)[C@H]1C(=O)N2C(C(=O)O)=C(S[C@H]3CC[S@@+]([O-])C3)S[C@H]12,FLSUCZWOEMTFAQ-PRBGKLEPSA-N,349.46,3.0,,True,False,False,phase_only,,Small molecule,MOL,0.0,35.385814497272015,False,,O=C1CC2SC(SC3CC[SH+]C3)=CN12,891
REP_00316,CHEMBL509,MECLOFENAMIC ACID,Cc1ccc(Cl)c(Nc2ccccc2C(=O)O)c1Cl,SBDNJUWAMKYJOX-UHFFFAOYSA-N,296.15,4.0,,False,True,True,primary_atc_phase,,Small molecule,MOL,0.0,35.385814497272015,False,,c1ccc(Nc2ccccc2)cc1,892
REP_00576,CHEMBL1908391,MASITINIB,Cc1ccc(NC(=O)c2ccc(CN3CCN(C)CC3)cc2)cc1Nc1nc(-c2cccnc2)cs1,WJEOLQLKVOPQFV-UHFFFAOYSA-N,498.66,3.0,,True,False,False,phase_only,,Small molecule,MOL,0.0,35.385814497272015,False,,O=C(Nc1cccc(Nc2nc(-c3cccnc3)cs2)c1)c1ccc(CN2CCNCC2)cc1,893
REP_00577,CHEMBL191413,REPARIXIN,CC(C)Cc1ccc([C@@H](C)C(=O)NS(C)(=O)=O)cc1,KQDRVXQXKZXMHP-LLVKDONJSA-N,283.39,3.0,,True,False,False,phase_only,,Small molecule,MOL,0.0,35.385814497272015,False,,c1ccccc1,894
REP_00578,CHEMBL1921847,ATICAPRANT,Cc1cc(C)cc([C@@H]2CCCN2Cc2ccc(Oc3ccc(C(N)=O)cc3F)cc2)c1,ZHPMYDSXGRRERG-DEOSSOPVSA-N,418.51,3.0,,True,False,False,phase_only,,Small molecule,MOL,0.0,35.385814497272015,False,,c1ccc(Oc2ccc(CN3CCCC3c3ccccc3)cc2)cc1,895
REP_00536,CHEMBL1716983,ENISAMIUM IODIDE,C[n+]1ccc(C(=O)NCc2ccccc2)cc1,QOEJDHLJOKRPJG-UHFFFAOYSA-O,227.29,3.0,,True,False,False,phase_only,,Small molecule,MOL,0.0,35.385814497272015,False,,O=C(NCc1ccccc1)c1cc[nH+]cc1,896
REP_00314,CHEMBL498,CHLORPROPAMIDE,CCCNC(=O)NS(=O)(=O)c1ccc(Cl)cc1,RKWGIWYCVPQPMF-UHFFFAOYSA-N,276.75,4.0,,False,True,True,primary_atc_phase,,Small molecule,MOL,0.0,35.385814497272015,False,,c1ccccc1,897
REP_00581,CHEMBL19224,PAPAVERINE,COc1ccc(Cc2nccc3cc(OC)c(OC)cc23)cc1OC,XQYZDYMELSJDRZ-UHFFFAOYSA-N,339.39,3.0,,True,True,True,primary_atc_phase,,Small molecule,MOL,0.0,35.385814497272015,False,,c1ccc(Cc2nccc3ccccc23)cc1,898
REP_00582,CHEMBL1922660,FIBOFLAPON,CCOc1ccc(-c2ccc(Cn3c(CC(C)(C)C(=O)O)c(SC(C)(C)C)c4cc(OCc5ccc(C)cn5)ccc43)cc2)cn1,DFQGDHBGRSTTHX-UHFFFAOYSA-N,637.85,3.0,,True,False,False,phase_only,,Small molecule,MOL,0.0,35.385814497272015,False,,c1ccc(COc2ccc3c(ccn3Cc3ccc(-c4cccnc4)cc3)c2)nc1,899
REP_00583,CHEMBL1922673,FIBOFLAPON SODIUM,CCOc1ccc(-c2ccc(Cn3c(CC(C)(C)C(=O)[O-])c(SC(C)(C)C)c4cc(OCc5ccc(C)cn5)ccc43)cc2)cn1,DFQGDHBGRSTTHX-UHFFFAOYSA-M,636.84,3.0,,True,False,False,phase_only,,Small molecule,MOL,0.0,35.385814497272015,False,,c1ccc(COc2ccc3c(ccn3Cc3ccc(-c4cccnc4)cc3)c2)nc1,900
REP_00584,CHEMBL194378,PSILOCYBIN,CN(C)CCc1c[nH]c2cccc(OP(=O)(O)O)c12,QVDSEJDULKLHCG-UHFFFAOYSA-N,284.25,3.0,,True,False,False,phase_only,,Small molecule,MOL,0.0,35.385814497272015,False,,c1ccc2[nH]ccc2c1,901
REP_00585,CHEMBL1949708,RELMAPIRAZIN,Nc1nc(C(=O)N[C@H](CO)C(=O)O)c(N)nc1C(=O)N[C@H](CO)C(=O)O,XHNJXRDGTITISI-QWWZWVQMSA-N,372.29,3.0,,True,False,False,phase_only,,Small molecule,MOL,0.0,35.385814497272015,False,,c1cnccn1,902
REP_00586,CHEMBL1950045,HYDROXYTYROSOL,OCCc1ccc(O)c(O)c1,JUUBCHWRXWPFFH-UHFFFAOYSA-N,154.16,3.0,,True,False,False,phase_only,,Small molecule,MOL,0.0,35.385814497272015,False,,c1ccccc1,903
REP_00313,CHEMBL497,CLIOQUINOL,Oc1c(I)cc(Cl)c2cccnc12,QCDFBFJGMNKBDO-UHFFFAOYSA-N,305.5,4.0,,False,True,False,primary_atc_phase,,Small molecule,MOL,0.0,35.385814497272015,False,,c1ccc2ncccc2c1,904
REP_00312,CHEMBL495,ALPROSTADIL,CCCCC[C@H](O)/C=C/[C@H]1[C@H](O)CC(=O)[C@@H]1CCCCCCC(=O)O,GMVPRGQOIOIIMI-DWKJAMRDSA-N,354.49,4.0,,False,True,True,primary_atc_phase,,Small molecule,MOL,0.0,35.385814497272015,False,,O=C1CCCC1,905
REP_00589,CHEMBL1951143,FIMASARTAN,CCCCc1nc(C)c(CC(=S)N(C)C)c(=O)n1Cc1ccc(-c2ccccc2-c2nnn[nH]2)cc1,AMEROGPZOLAFBN-UHFFFAOYSA-N,501.66,3.0,,True,False,False,phase_only,,Small molecule,MOL,0.0,35.385814497272015,False,,O=c1ccncn1Cc1ccc(-c2ccccc2-c2nnn[nH]2)cc1,906
REP_00590,CHEMBL195560,ISOPHENOXODIOL,Oc1ccc(C2=COc3cc(O)ccc3C2)cc1,QCNUDDPWPNUALZ-UHFFFAOYSA-N,240.26,3.0,,True,False,False,phase_only,,Small molecule,MOL,0.0,35.385814497272015,False,,C1=C(c2ccccc2)Cc2ccccc2O1,907
REP_00591,CHEMBL197194,VIDOFLUDIMUS,COc1cccc(-c2ccc(NC(=O)C3=C(C(=O)O)CCC3)c(F)c2)c1,XPRDUGXOWVXZLL-UHFFFAOYSA-N,355.37,3.0,,True,False,False,phase_only,,Small molecule,MOL,0.0,35.385814497272015,False,,O=C(Nc1ccc(-c2ccccc2)cc1)C1=CCCC1,908
REP_00592,CHEMBL1972860,ELESCLOMOL,CN(NC(=O)CC(=O)NN(C)C(=S)c1ccccc1)C(=S)c1ccccc1,BKJIXTWSNXCKJH-UHFFFAOYSA-N,400.53,3.0,,True,False,False,phase_only,,Small molecule,MOL,0.0,35.385814497272015,False,,O=C(CC(=O)NNC(=S)c1ccccc1)NNC(=S)c1ccccc1,909
REP_00579,CHEMBL1921976,ORTERONEL,CNC(=O)c1ccc2cc([C@@]3(O)CCn4cncc43)ccc2c1,OZPFIJIOIVJZMN-SFHVURJKSA-N,307.35,3.0,,True,False,False,phase_only,,Small molecule,MOL,0.0,35.385814497272015,False,,c1ccc2cc(C3CCn4cncc43)ccc2c1,910
REP_00537,CHEMBL1721515,TETRAXETAN,O=C(O)CN1CCN(CC(=O)O)CCN(CC(=O)O)CCN(CC(=O)O)CC1,WDLRUFUQRNWCPK-UHFFFAOYSA-N,404.42,3.0,,True,False,False,phase_only,,Small molecule,MOL,0.0,35.385814497272015,False,,C1CNCCNCCNCCN1,911
REP_00538,CHEMBL172513,CARNITINE,C[N+](C)(C)CC(O)CC(=O)[O-],PHIQHXFUZVPYII-UHFFFAOYSA-N,161.2,3.0,,True,False,False,phase_only,,Small molecule,MOL,0.0,35.385814497272015,False,,,912
REP_00329,CHEMBL569713,SCOPOLAMINE,CN1[C@@H]2C[C@@H](OC(=O)[C@H](CO)c3ccccc3)C[C@H]1[C@@H]1O[C@@H]12,STECJAGHUSJQJN-FWXGHANASA-N,303.36,4.0,,False,True,False,primary_atc_phase,,Small molecule,MOL,0.0,35.385814497272015,False,,O=C(Cc1ccccc1)OC1CC2NC(C1)C1OC21,913
REP_00328,CHEMBL566315,OBETICHOLIC ACID,CC[C@H]1[C@@H](O)[C@@H]2[C@H](CC[C@]3(C)[C@@H]([C@H](C)CCC(=O)O)CC[C@@H]23)[C@@]2(C)CC[C@@H](O)C[C@@H]12,ZXERDUOLZKYMJM-ZWECCWDJSA-N,420.63,4.0,,False,True,False,primary_atc_phase,,Small molecule,MOL,0.0,35.385814497272015,False,,C1CCC2C(C1)CCC1C3CCCC3CCC21,914
REP_00327,CHEMBL56564,TROPISETRON,CN1[C@@H]2CC[C@H]1C[C@@H](OC(=O)c1c[nH]c3ccccc13)C2,ZNRGQMMCGHDTEI-ITGUQSILSA-N,284.36,4.0,,False,True,False,primary_atc_phase,,Small molecule,MOL,0.0,35.385814497272015,False,,O=C(OC1CC2CCC(C1)N2)c1c[nH]c2ccccc12,915
REP_00326,CHEMBL56367,NIMESULIDE,CS(=O)(=O)Nc1ccc([N+](=O)[O-])cc1Oc1ccccc1,HYWYRSMBCFDLJT-UHFFFAOYSA-N,308.31,4.0,,False,True,True,primary_atc_phase,,Small molecule,MOL,0.0,35.385814497272015,False,,c1ccc(Oc2ccccc2)cc1,916
REP_00543,CHEMBL1742408,OSEMOZOTAN,c1ccc2c(c1)OC[C@H](CNCCCOc1ccc3c(c1)OCO3)O2,MEEQBDCQPIZMLY-HNNXBMFYSA-N,343.38,3.0,,True,False,False,phase_only,,Small molecule,MOL,0.0,35.385814497272015,False,,c1ccc2c(c1)OCC(CNCCCOc1ccc3c(c1)OCO3)O2,917
REP_00544,CHEMBL1742461,LAFUTIDINE,O=C(C[S+]([O-])Cc1ccco1)NC/C=C\COc1cc(CN2CCCCC2)ccn1,KMZQAVXSMUKBPD-DJWKRKHSSA-N,431.56,3.0,,True,True,False,primary_atc_phase,,Small molecule,MOL,0.0,35.385814497272015,False,,O=C(C[SH+]Cc1ccco1)NCC=CCOc1cc(CN2CCCCC2)ccn1,918
REP_00545,CHEMBL1743260,KARENITECIN,CC[C@@]1(O)C(=O)OCc2c1cc1n(c2=O)Cc2cc3c(CC[Si](C)(C)C)cccc3nc2-1,SYXGVIWFCCQOEK-VWLOTQADSA-N,448.6,3.0,,True,False,False,phase_only,,Small molecule,MOL,0.0,35.385814497272015,False,,O=C1Cc2cc3n(c(=O)c2CO1)Cc1cc2ccccc2nc1-3,919
REP_00546,CHEMBL176,BEKANAMYCIN,NC[C@H]1O[C@H](O[C@H]2[C@H](O)[C@@H](O[C@H]3O[C@H](CO)[C@@H](O)[C@H](N)[C@H]3O)[C@H](N)C[C@@H]2N)[C@H](N)[C@@H](O)[C@@H]1O,SKKLOUVUUNMCJE-FQSMHNGLSA-N,483.52,3.0,,True,False,False,phase_only,,Small molecule,MOL,0.0,35.385814497272015,False,,C1CCC(OC2CCCC(OC3CCCCO3)C2)OC1,920
REP_00547,CHEMBL1762621,BARDOXOLONE METHYL,COC(=O)[C@]12CCC(C)(C)C[C@H]1[C@H]1C(=O)C=C3[C@@]4(C)C=C(C#N)C(=O)C(C)(C)[C@@H]4CC[C@@]3(C)[C@]1(C)CC2,WPTTVJLTNAWYAO-KPOXMGGZSA-N,505.7,3.0,,True,False,False,phase_only,,Small molecule,MOL,0.0,35.385814497272015,False,,O=C1C=CC2C3=CC(=O)C4C5CCCCC5CCC4C3CCC2C1,921
REP_00548,CHEMBL1765292,INDOBUFEN,CCC(C(=O)O)c1ccc(N2Cc3ccccc3C2=O)cc1,AYDXAULLCROVIT-UHFFFAOYSA-N,295.34,3.0,,True,False,False,phase_only,,Small molecule,MOL,0.0,35.385814497272015,False,,O=C1c2ccccc2CN1c1ccccc1,922
REP_00549,CHEMBL176687,ACESULFAME,CC1=CC(=O)NS(=O)(=O)O1,YGCFIWIQZPHFLU-UHFFFAOYSA-N,163.15,3.0,,True,False,False,phase_only,,Small molecule,MOL,0.0,35.385814497272015,False,,O=C1C=COS(=O)(=O)N1,923
REP_00565,CHEMBL187927,DIANICLINE,c1cnc2c(c1)O[C@H]1CCN3CC[C@@]1(C2)C3,SUPRUPHAEXPGPF-QWHCGFSZSA-N,216.28,3.0,,True,False,False,phase_only,,Small molecule,MOL,0.0,35.385814497272015,False,,c1cnc2c(c1)OC1CCN3CCC1(C2)C3,924
REP_00551,CHEMBL178459,OLTIPRAZ,Cc1c(-c2cnccn2)ssc1=S,CKNAQFVBEHDJQV-UHFFFAOYSA-N,226.35,3.0,,True,False,False,phase_only,,Small molecule,MOL,0.0,35.385814497272015,False,,S=c1cc(-c2cnccn2)ss1,925
REP_00324,CHEMBL548,DINOPROSTONE,CCCCC[C@H](O)/C=C/[C@H]1[C@H](O)CC(=O)[C@@H]1C/C=C\CCCC(=O)O,XEYBRNLFEZDVAW-ARSRFYASSA-N,352.47,4.0,,False,True,False,primary_atc_phase,,Small molecule,MOL,0.0,35.385814497272015,False,,O=C1CCCC1,926
REP_00323,CHEMBL53418,DANTHRON,O=C1c2cccc(O)c2C(=O)c2c(O)cccc21,QBPFLULOKWLNNW-UHFFFAOYSA-N,240.21,4.0,,False,True,False,primary_atc_phase,,Small molecule,MOL,0.0,35.385814497272015,False,,O=C1c2ccccc2C(=O)c2ccccc21,927
REP_00554,CHEMBL180101,ESREBOXETINE,CCOc1ccccc1O[C@@H](c1ccccc1)[C@@H]1CNCCO1,CBQGYUDMJHNJBX-OALUTQOASA-N,313.4,3.0,,True,False,False,phase_only,,Small molecule,MOL,0.0,35.385814497272015,False,,c1ccc(OC(c2ccccc2)C2CNCCO2)cc1,928
REP_00555,CHEMBL180570,MEDRONIC ACID,O=P(O)(O)CP(=O)(O)O,MBKDYNNUVRNNRF-UHFFFAOYSA-N,176.0,3.0,,True,False,False,phase_only,,Small molecule,MOL,0.0,35.385814497272015,False,,,929
REP_00556,CHEMBL1812161,VATIQUINONE,CC(C)=CCC/C(C)=C/CC/C(C)=C/CC[C@@](C)(O)CCC1=C(C)C(=O)C(C)=C(C)C1=O,LNOVHERIIMJMDG-XZXLULOTSA-N,440.67,3.0,,True,False,False,phase_only,,Small molecule,MOL,0.0,35.385814497272015,False,,O=C1C=CC(=O)C=C1,930
REP_00557,CHEMBL181932,OTERACIL,O=C(O)c1nc(=O)[nH]c(=O)[nH]1,RYYCJUAHISIHTL-UHFFFAOYSA-N,157.09,3.0,,True,False,False,phase_only,,Small molecule,MOL,0.0,35.385814497272015,False,,O=c1nc[nH]c(=O)[nH]1,931
REP_00558,CHEMBL1822916,ECOPIPAM HYDROCHLORIDE,CN1CCc2cc(Cl)c(O)cc2[C@H]2c3ccccc3CC[C@@H]21,DMJWENQHWZZWDF-PKOBYXMFSA-N,313.83,3.0,,True,False,False,phase_only,,Small molecule,MOL,0.0,35.385814497272015,False,,c1ccc2c(c1)CCNC1CCc3ccccc3C21,932
REP_00322,CHEMBL53,APOMORPHINE,CN1CCc2cccc3c2[C@H]1Cc1ccc(O)c(O)c1-3,VMWNQDUVQKEIOC-CYBMUJFWSA-N,267.33,4.0,,False,True,True,primary_atc_phase,,Small molecule,MOL,0.0,35.385814497272015,False,,c1ccc2c(c1)CC1NCCc3cccc-2c31,933
REP_00321,CHEMBL529888,GLIBORNURIDE,Cc1ccc(S(=O)(=O)NC(=O)N[C@H]2[C@H]3CC[C@@](C)([C@H]2O)C3(C)C)cc1,RMTYNAPTNBJHQI-LLDVTBCESA-N,366.48,4.0,,False,True,True,primary_atc_phase,,Small molecule,MOL,0.0,35.385814497272015,False,,O=C(NC1CC2CCC1C2)NS(=O)(=O)c1ccccc1,934
REP_00561,CHEMBL1851943,PRACINOSTAT,CCCCc1nc2cc(/C=C/C(=O)NO)ccc2n1CCN(CC)CC,JHDKZFFAIZKUCU-ZRDIBKRKSA-N,358.49,3.0,,True,False,False,phase_only,,Small molecule,MOL,0.0,35.385814497272015,False,,c1ccc2[nH]cnc2c1,935
REP_00562,CHEMBL186141,ANDROGRAPHOLIDE,C=C1CC[C@@H]2[C@](C)(CO)[C@H](O)CC[C@@]2(C)[C@@H]1C/C=C1/C(=O)OC[C@H]1O,BOJKULTULYSRAS-OTESTREVSA-N,350.46,3.0,,True,False,False,phase_only,,Small molecule,MOL,0.0,35.385814497272015,False,,C=C1CCC2CCCCC2C1CC=C1CCOC1=O,936
REP_00319,CHEMBL524004,MEPENZOLATE,C[N+]1(C)CCCC(OC(=O)C(O)(c2ccccc2)c2ccccc2)C1,GKNPSSNBBWDAGH-UHFFFAOYSA-N,340.44,4.0,,False,True,False,primary_atc_phase,,Small molecule,MOL,0.0,35.385814497272015,False,,O=C(OC1CCC[NH2+]C1)C(c1ccccc1)c1ccccc1,937
REP_00564,CHEMBL1870768,DIMETHINDENE MALEATE,CC(C1=C(CCN(C)C)Cc2ccccc21)c1ccccn1,MVMQESMQSYOVGV-UHFFFAOYSA-N,292.43,3.0,,True,False,False,phase_only,,Small molecule,MOL,0.0,35.385814497272015,False,,C1=C(Cc2ccccn2)c2ccccc2C1,938
REP_00550,CHEMBL1767407,DENUFOSOL TETRASODIUM,Nc1ccn([C@H]2C[C@H](O)[C@@H](COP(=O)([O-])OP(=O)([O-])OP(=O)([O-])OP(=O)([O-])OC[C@H]3O[C@@H](n4ccc(=O)[nH]c4=O)[C@H](O)[C@@H]3O)O2)c(=O)n1,FPNPSEMJLALQSA-MIYUEGBISA-J,769.29,3.0,,True,False,False,phase_only,,Small molecule,MOL,0.0,35.385814497272015,False,,O=c1ccn(C2CCC(CO[PH](=O)O[PH](=O)O[PH](=O)O[PH](=O)OCC3CCC(n4cccnc4=O)O3)O2)c(=O)[nH]1,939
REP_00393,CHEMBL1016,CANDESARTAN,CCOc1nc2cccc(C(=O)O)c2n1Cc1ccc(-c2ccccc2-c2nnn[nH]2)cc1,HTQMVQVXFRQIKW-UHFFFAOYSA-N,440.46,3.0,,True,False,False,phase_only,,Small molecule,MOL,0.0,35.385814497272015,False,,c1ccc(-c2nnn[nH]2)c(-c2ccc(Cn3cnc4ccccc43)cc2)c1,940
REP_00394,CHEMBL102970,PYRIDOXAL,Cc1ncc(CO)c(C=O)c1O,RADKZDMFGJYCBB-UHFFFAOYSA-N,167.16,3.0,,True,False,False,phase_only,,Small molecule,MOL,0.0,35.385814497272015,False,,c1ccncc1,941
REP_00395,CHEMBL10316,IDAZOXAN,c1ccc2c(c1)OCC(C1=NCCN1)O2,HPMRFMKYPGXPEP-UHFFFAOYSA-N,204.23,3.0,,True,False,False,phase_only,,Small molecule,MOL,0.0,35.385814497272015,False,,c1ccc2c(c1)OCC(C1=NCCN1)O2,942
REP_00396,CHEMBL1067,LICARBAZEPINE,NC(=O)N1c2ccccc2CC(O)c2ccccc21,BMPDWHIDQYTSHX-UHFFFAOYSA-N,254.29,3.0,,True,False,False,phase_only,,Small molecule,MOL,0.0,35.385814497272015,False,,c1ccc2c(c1)CCc1ccccc1N2,943
REP_00397,CHEMBL1076211,TOLPERISONE,Cc1ccc(C(=O)C(C)CN2CCCCC2)cc1,FSKFPVLPFLJRQB-UHFFFAOYSA-N,245.37,3.0,,True,True,False,primary_atc_phase,,Small molecule,MOL,0.0,35.385814497272015,False,,O=C(CCN1CCCCC1)c1ccccc1,944
REP_00398,CHEMBL108030,UNDECANOATE,CCCCCCCCCCC(=O)O,ZDPHROOEEOARMN-UHFFFAOYSA-N,186.29,3.0,,True,False,False,phase_only,,Small molecule,MOL,0.0,35.385814497272015,False,,,945
REP_00399,CHEMBL1083390,INTEPIRDINE,O=S(=O)(c1ccccc1)c1cnc2c(N3CCNCC3)cccc2c1,JJZFWROHYSMCMU-UHFFFAOYSA-N,353.45,3.0,,True,False,False,phase_only,,Small molecule,MOL,0.0,35.385814497272015,False,,O=S(=O)(c1ccccc1)c1cnc2c(N3CCNCC3)cccc2c1,946
REP_00363,CHEMBL815,DINOPROST,CCCCC[C@H](O)/C=C/[C@@H]1[C@@H](C/C=C\CCCC(=O)O)[C@@H](O)C[C@H]1O,PXGPLTODNUVGFL-YNNPMVKQSA-N,354.49,4.0,,False,True,False,primary_atc_phase,,Small molecule,MOL,0.0,35.385814497272015,False,,C1CCCC1,947
REP_00401,CHEMBL1086997,LUCERASTAT,CCCCN1C[C@H](O)[C@@H](O)[C@@H](O)[C@H]1CO,UQRORFVVSGFNRO-XFWSIPNHSA-N,219.28,3.0,,True,False,False,phase_only,,Small molecule,MOL,0.0,35.385814497272015,False,,C1CCNCC1,948
REP_00361,CHEMBL808,ECONAZOLE,Clc1ccc(COC(Cn2ccnc2)c2ccc(Cl)cc2Cl)cc1,LEZWWPYKPKIXLL-UHFFFAOYSA-N,381.69,4.0,,False,True,False,primary_atc_phase,,Small molecule,MOL,0.0,35.385814497272015,False,,c1ccc(COC(Cn2ccnc2)c2ccccc2)cc1,949
REP_00360,CHEMBL80,NALOXONE,C=CCN1CC[C@]23c4c5ccc(O)c4O[C@H]2C(=O)CC[C@@]3(O)[C@H]1C5,UZHSEJADLWPNLE-GRGSLBFTSA-N,327.38,4.0,,False,True,False,primary_atc_phase,,Small molecule,MOL,0.0,35.385814497272015,False,,O=C1CCC2C3Cc4cccc5c4C2(CCN3)C1O5,950
REP_00358,CHEMBL783,NATEGLINIDE,CC(C)[C@H]1CC[C@H](C(=O)N[C@H](Cc2ccccc2)C(=O)O)CC1,OELFLUMRDSZNSF-BRWVUGGUSA-N,317.43,4.0,,False,True,True,primary_atc_phase,,Small molecule,MOL,0.0,35.385814497272015,False,,O=C(NCCc1ccccc1)C1CCCCC1,951
REP_00357,CHEMBL782,TOLBUTAMIDE,CCCCNC(=O)NS(=O)(=O)c1ccc(C)cc1,JLRGJRBPOGGCBT-UHFFFAOYSA-N,270.35,4.0,,False,True,True,primary_atc_phase,,Small molecule,MOL,0.0,35.385814497272015,False,,c1ccccc1,952
REP_00479,CHEMBL1330596,RACEMETYROSINE,CC(N)(Cc1ccc(O)cc1)C(=O)O,NHTGHBARYWONDQ-UHFFFAOYSA-N,195.22,3.0,,True,False,False,phase_only,,Small molecule,MOL,0.0,35.385814497272015,False,,c1ccccc1,953
REP_00407,CHEMBL1093458,ENDOXIFEN,CC/C(=C(\c1ccc(O)cc1)c1ccc(OCCNC)cc1)c1ccccc1,MHJBZVSGOZTKRH-IZHYLOQSSA-N,373.5,3.0,,True,False,False,phase_only,,Small molecule,MOL,0.0,35.385814497272015,False,,C(=C(c1ccccc1)c1ccccc1)c1ccccc1,954
REP_00355,CHEMBL770,TOLAZOLINE,c1ccc(CC2=NCCN2)cc1,JIVZKJJQOZQXQB-UHFFFAOYSA-N,160.22,4.0,,False,True,False,primary_atc_phase,,Small molecule,MOL,0.0,35.385814497272015,False,,c1ccc(CC2=NCCN2)cc1,955
REP_00409,CHEMBL1096380,PLINABULIN,CC(C)(C)c1[nH]cnc1/C=c1\[nH]c(=O)/c(=C/c2ccccc2)[nH]c1=O,UNRCMCRRFYFGFX-TYPNBTCFSA-N,336.4,3.0,,True,False,False,phase_only,,Small molecule,MOL,0.0,35.385814497272015,False,,O=c1[nH]c(=Cc2c[nH]cn2)c(=O)[nH]c1=Cc1ccccc1,956
REP_00354,CHEMBL76370,TEGASEROD,CCCCCNC(=N)N/N=C/c1c[nH]c2ccc(OC)cc12,IKBKZGMPCYNSLU-RGVLZGJSSA-N,301.39,4.0,,False,True,False,primary_atc_phase,,Small molecule,MOL,0.0,35.385814497272015,False,,c1ccc2[nH]ccc2c1,957
REP_00411,CHEMBL1096979,BENSERAZIDE,NC(CO)C(=O)NNCc1ccc(O)c(O)c1O,BNQDCRGUHNALGH-UHFFFAOYSA-N,257.25,3.0,,True,False,False,phase_only,,Small molecule,MOL,0.0,35.385814497272015,False,,c1ccccc1,958
REP_00412,CHEMBL1097205,BORNEOL,CC1(C)C2CCC1(C)C(O)C2,DTGKSKDOIYIVQL-UHFFFAOYSA-N,154.25,3.0,,True,False,False,phase_only,,Small molecule,MOL,0.0,35.385814497272015,False,,C1CC2CCC1C2,959
REP_00413,CHEMBL1097235,AZOSEMIDE,NS(=O)(=O)c1cc(-c2nnn[nH]2)c(NCc2cccs2)cc1Cl,HMEDEBAJARCKCT-UHFFFAOYSA-N,370.85,3.0,,True,False,False,phase_only,,Small molecule,MOL,0.0,35.385814497272015,False,,c1csc(CNc2ccccc2-c2nnn[nH]2)c1,960
REP_00414,CHEMBL1097615,NETIVUDINE,CC#Cc1cn([C@@H]2O[C@H](CO)[C@@H](O)[C@@H]2O)c(=O)[nH]c1=O,QLOCVMVCRJOTTM-SDNRWEOFSA-N,282.25,3.0,,True,False,False,phase_only,,Small molecule,MOL,0.0,35.385814497272015,False,,O=c1ccn(C2CCCO2)c(=O)[nH]1,961
REP_00415,CHEMBL110094,MELITRACEN,CN(C)CCC=C1c2ccccc2C(C)(C)c2ccccc21,GWWLWDURRGNSRS-UHFFFAOYSA-N,291.44,3.0,,True,False,False,phase_only,,Small molecule,MOL,0.0,35.385814497272015,False,,C=C1c2ccccc2Cc2ccccc21,962
REP_00416,CHEMBL110739,CORTICOSTERONE,C[C@]12C[C@H](O)[C@H]3[C@@H](CCC4=CC(=O)CC[C@@]43C)[C@@H]1CC[C@@H]2C(=O)CO,OMFXVFTZEKFJBZ-HJTSIMOOSA-N,346.47,3.0,,True,False,False,phase_only,,Small molecule,MOL,0.0,35.385814497272015,False,,O=C1C=C2CCC3C4CCCC4CCC3C2CC1,963
REP_00417,CHEMBL111272,M-FLUOROBENZYLGUANIDINE,N=C(N)NCc1cccc(F)c1,HNPHEZIYSZIWHH-UHFFFAOYSA-N,167.19,3.0,,True,False,False,phase_only,,Small molecule,MOL,0.0,35.385814497272015,False,,c1ccccc1,964
REP_00418,CHEMBL1114,THEOBROMINE,Cn1cnc2c1c(=O)[nH]c(=O)n2C,YAPQBXQYLJRXSA-UHFFFAOYSA-N,180.17,3.0,,True,False,False,phase_only,,Small molecule,MOL,0.0,35.385814497272015,False,,O=c1[nH]c(=O)c2[nH]cnc2[nH]1,965
REP_00419,CHEMBL112302,SODIUM SELENITE,O=[Se]([O-])[O-],MCAHWIHFGHIESP-UHFFFAOYSA-L,126.96,3.0,,True,True,False,primary_atc_phase,,Small molecule,MOL,0.0,35.385814497272015,False,,,966
REP_00356,CHEMBL781,MAZINDOL,OC1(c2ccc(Cl)cc2)c2ccccc2C2=NCCN21,ZPXSCAKFGYXMGA-UHFFFAOYSA-N,284.75,4.0,,False,True,False,primary_atc_phase,,Small molecule,MOL,0.0,35.385814497272015,False,,c1ccc(C2c3ccccc3C3=NCCN32)cc1,967
REP_00364,CHEMBL817,TOLAZAMIDE,Cc1ccc(S(=O)(=O)NC(=O)NN2CCCCCC2)cc1,OUDSBRTVNLOZBN-UHFFFAOYSA-N,311.41,4.0,,False,True,True,primary_atc_phase,,Small molecule,MOL,0.0,35.385814497272015,False,,O=C(NN1CCCCCC1)NS(=O)(=O)c1ccccc1,968
REP_00365,CHEMBL83063,RITODRINE,CC(NCCc1ccc(O)cc1)C(O)c1ccc(O)cc1,IOVGROKTTNBUGK-UHFFFAOYSA-N,287.36,4.0,,False,True,False,primary_atc_phase,,Small molecule,MOL,0.0,35.385814497272015,False,,c1ccc(CCNCCc2ccccc2)cc1,969
REP_00366,CHEMBL832,SULFINPYRAZONE,O=C1C(CC[S+]([O-])c2ccccc2)C(=O)N(c2ccccc2)N1c1ccccc1,MBGGBVCUIVRRBF-UHFFFAOYSA-N,404.49,4.0,,False,True,True,primary_atc_phase,,Small molecule,MOL,0.0,35.385814497272015,False,,O=C1C(CC[SH+]c2ccccc2)C(=O)N(c2ccccc2)N1c1ccccc1,970
REP_00367,CHEMBL834,PAMIDRONIC ACID,NCCC(O)(P(=O)(O)O)P(=O)(O)O,WRUUGTRCQOWXEG-UHFFFAOYSA-N,235.07,4.0,,False,True,False,primary_atc_phase,,Small molecule,MOL,0.0,35.385814497272015,False,,,971
REP_00368,CHEMBL836,TAMSULOSIN,CCOc1ccccc1OCCN[C@H](C)Cc1ccc(OC)c(S(N)(=O)=O)c1,DRHKJLXJIQTDTD-OAHLLOKOSA-N,408.52,4.0,,False,True,True,primary_atc_phase,,Small molecule,MOL,0.0,35.385814497272015,False,,c1ccc(CCNCCOc2ccccc2)cc1,972
REP_00369,CHEMBL841,LOPERAMIDE,CN(C)C(=O)C(CCN1CCC(O)(c2ccc(Cl)cc2)CC1)(c1ccccc1)c1ccccc1,RDOIQAHITMMDAJ-UHFFFAOYSA-N,477.05,4.0,,False,True,False,primary_atc_phase,,Small molecule,MOL,0.0,35.385814497272015,False,,c1ccc(C2CCN(CCC(c3ccccc3)c3ccccc3)CC2)cc1,973
REP_00370,CHEMBL846,CALCITRIOL,C=C1/C(=C\C=C2/CCC[C@]3(C)[C@@H]([C@H](C)CCCC(C)(C)O)CC[C@@H]23)C[C@@H](O)C[C@@H]1O,GMRQFYUYWCNGIN-NKMMMXOESA-N,416.65,4.0,,False,True,False,primary_atc_phase,,Small molecule,MOL,0.0,35.385814497272015,False,,C=C1CCCCC1=CC=C1CCCC2CCCC12,974
REP_00371,CHEMBL857,BIOTIN,O=C(O)CCCC[C@@H]1SC[C@@H]2NC(=O)N[C@@H]21,YBJHBAHKTGYVGT-ZKWXMUAHSA-N,244.32,4.0,,False,True,False,primary_atc_phase,,Small molecule,MOL,0.0,35.385814497272015,False,,O=C1NC2CSCC2N1,975
REP_00372,CHEMBL86,METOCLOPRAMIDE,CCN(CC)CCNC(=O)c1cc(Cl)c(N)cc1OC,TTWJBBZEZQICBI-UHFFFAOYSA-N,299.8,4.0,,False,True,False,primary_atc_phase,,Small molecule,MOL,0.0,35.385814497272015,False,,c1ccccc1,976
REP_00373,CHEMBL865,VALDECOXIB,Cc1onc(-c2ccccc2)c1-c1ccc(S(N)(=O)=O)cc1,LNPDTQAFDNKSHK-UHFFFAOYSA-N,314.37,4.0,,False,True,True,primary_atc_phase,,Small molecule,MOL,0.0,35.385814497272015,False,,c1ccc(-c2conc2-c2ccccc2)cc1,977
REP_00374,CHEMBL870,ALENDRONIC ACID,NCCCC(O)(P(=O)(O)O)P(=O)(O)O,OGSPWJRAVKPPFI-UHFFFAOYSA-N,249.1,4.0,,False,True,False,primary_atc_phase,,Small molecule,MOL,0.0,35.385814497272015,False,,,978
REP_00375,CHEMBL871,ETIDRONIC ACID,CC(O)(P(=O)(O)O)P(=O)(O)O,DBVJJBKOTRCVKF-UHFFFAOYSA-N,206.03,4.0,,False,True,False,primary_atc_phase,,Small molecule,MOL,0.0,35.385814497272015,False,,,979
REP_00376,CHEMBL87493,FENFLURAMINE,CCNC(C)Cc1cccc(C(F)(F)F)c1,DBGIVFWFUFKIQN-UHFFFAOYSA-N,231.26,4.0,,False,True,False,primary_atc_phase,,Small molecule,MOL,0.0,35.385814497272015,False,,c1ccccc1,980
REP_00392,CHEMBL101253,VATALANIB,Clc1ccc(Nc2nnc(Cc3ccncc3)c3ccccc23)cc1,YCOYDOIWSSHVCK-UHFFFAOYSA-N,346.82,3.0,,True,False,False,phase_only,,Small molecule,MOL,0.0,35.385814497272015,False,,c1ccc(Nc2nnc(Cc3ccncc3)c3ccccc23)cc1,981
REP_00378,CHEMBL900,ORPHENADRINE,Cc1ccccc1C(OCCN(C)C)c1ccccc1,QVYRGXJJSLMXQH-UHFFFAOYSA-N,269.39,4.0,,False,True,False,primary_atc_phase,,Small molecule,MOL,0.0,35.385814497272015,False,,c1ccc(Cc2ccccc2)cc1,982
REP_00379,CHEMBL902,FAMOTIDINE,NC(N)=Nc1nc(CSCC/C(N)=N/S(N)(=O)=O)cs1,XUFQPHANEAPEMJ-UHFFFAOYSA-N,337.46,4.0,,False,True,False,primary_atc_phase,,Small molecule,MOL,0.0,35.385814497272015,False,,c1cscn1,983
REP_00380,CHEMBL90593,PRASTERONE,C[C@]12CC[C@H](O)CC1=CC[C@@H]1[C@@H]2CC[C@]2(C)C(=O)CC[C@@H]12,FMGSKLZLMKYGDP-USOAJAOKSA-N,288.43,4.0,,False,True,False,primary_atc_phase,,Small molecule,MOL,0.0,35.385814497272015,False,,O=C1CCC2C1CCC1C3CCCCC3=CCC21,984
REP_00381,CHEMBL91,MICONAZOLE,Clc1ccc(COC(Cn2ccnc2)c2ccc(Cl)cc2Cl)c(Cl)c1,BYBLEWFAAKGYCD-UHFFFAOYSA-N,416.14,4.0,,False,True,False,primary_atc_phase,,Small molecule,MOL,0.0,35.385814497272015,False,,c1ccc(COC(Cn2ccnc2)c2ccccc2)cc1,985
REP_00382,CHEMBL923,RISEDRONIC ACID,O=P(O)(O)C(O)(Cc1cccnc1)P(=O)(O)O,IIDJRNMFWXDHID-UHFFFAOYSA-N,283.11,4.0,,False,True,False,primary_atc_phase,,Small molecule,MOL,0.0,35.385814497272015,False,,c1ccncc1,986
REP_00383,CHEMBL930,GLUTAMINE,NC(=O)CC[C@H](N)C(=O)O,ZDXPYRJPNDTMRX-VKHMYHEASA-N,146.15,4.0,,False,True,True,primary_atc_phase,,Small molecule,MOL,0.0,35.385814497272015,False,,,987
REP_00384,CHEMBL94081,ALCLOFENAC,C=CCOc1ccc(CC(=O)O)cc1Cl,ARHWPKZXBHOEEE-UHFFFAOYSA-N,226.66,4.0,,False,True,True,primary_atc_phase,,Small molecule,MOL,0.0,35.385814497272015,False,,c1ccccc1,988
REP_00385,CHEMBL942,BISACODYL,CC(=O)Oc1ccc(C(c2ccc(OC(C)=O)cc2)c2ccccn2)cc1,KHOITXIGCFIULA-UHFFFAOYSA-N,361.4,4.0,,False,True,False,primary_atc_phase,,Small molecule,MOL,0.0,35.385814497272015,False,,c1ccc(C(c2ccccc2)c2ccccn2)cc1,989
REP_00386,CHEMBL94394,BUFEXAMAC,CCCCOc1ccc(CC(=O)NO)cc1,MXJWRABVEGLYDG-UHFFFAOYSA-N,223.27,4.0,,False,True,True,primary_atc_phase,,Small molecule,MOL,0.0,35.385814497272015,False,,c1ccccc1,990
REP_00387,CHEMBL956,SUPROFEN,CC(C(=O)O)c1ccc(C(=O)c2cccs2)cc1,MDKGKXOCJGEUJW-UHFFFAOYSA-N,260.31,4.0,,False,True,True,primary_atc_phase,,Small molecule,MOL,0.0,35.385814497272015,False,,O=C(c1ccccc1)c1cccs1,991
REP_00388,CHEMBL986,RETINOL,CC1=C(/C=C/C(C)=C/C=C/C(C)=C/CO)C(C)(C)CCC1,FPIPGXGPPPQFEQ-OVSJKPMPSA-N,286.46,4.0,,False,True,False,primary_atc_phase,,Small molecule,MOL,0.0,35.385814497272015,False,,C1=CCCCC1,992
REP_00389,CHEMBL9967,PIRENZEPINE,CN1CCN(CC(=O)N2c3ccccc3C(=O)Nc3cccnc32)CC1,RMHMFHUVIITRHF-UHFFFAOYSA-N,351.41,4.0,,False,True,False,primary_atc_phase,,Small molecule,MOL,0.0,35.385814497272015,False,,O=C1Nc2cccnc2N(C(=O)CN2CCNCC2)c2ccccc21,993
REP_00390,CHEMBL997,IBANDRONIC ACID,CCCCCN(C)CCC(O)(P(=O)(O)O)P(=O)(O)O,MPBVHIBUJCELCL-UHFFFAOYSA-N,319.23,4.0,,False,True,False,primary_atc_phase,,Small molecule,MOL,0.0,35.385814497272015,False,,,994
REP_00391,CHEMBL100259,URIDINE,O=c1ccn([C@@H]2O[C@H](CO)[C@@H](O)[C@H]2O)c(=O)[nH]1,DRTQHJPVMGBUCF-XVFCMESISA-N,244.2,3.0,,True,False,False,phase_only,,Small molecule,MOL,0.0,35.385814497272015,False,,O=c1ccn(C2CCCO2)c(=O)[nH]1,995
REP_00377,CHEMBL897,PROBENECID,CCCN(CCC)S(=O)(=O)c1ccc(C(=O)O)cc1,DBABZHXKTCFAPX-UHFFFAOYSA-N,285.36,4.0,,False,True,True,primary_atc_phase,,Small molecule,MOL,0.0,35.385814497272015,False,,c1ccccc1,996
REP_00451,CHEMBL12318,CLODRONIC ACID,O=P(O)(O)C(Cl)(Cl)P(=O)(O)O,ACSIXWWBWUQEHA-UHFFFAOYSA-N,244.89,3.0,,True,True,False,primary_atc_phase,,Small molecule,MOL,0.0,35.385814497272015,False,,,997
REP_00452,CHEMBL1233511,PHYTIC ACID,O=P(O)(O)O[C@H]1[C@H](OP(=O)(O)O)[C@@H](OP(=O)(O)O)[C@H](OP(=O)(O)O)[C@@H](OP(=O)(O)O)[C@H]1OP(=O)(O)O,IMQLKJBTEOYOSI-GPIVLXJGSA-N,660.03,3.0,,True,False,False,phase_only,,Small molecule,MOL,0.0,35.385814497272015,False,,C1CCCCC1,998
REP_00347,CHEMBL701,BACLOFEN,NCC(CC(=O)O)c1ccc(Cl)cc1,KPYSYYIEGFHWSV-UHFFFAOYSA-N,213.66,4.0,,False,True,False,primary_atc_phase,,Small molecule,MOL,0.0,35.385814497272015,False,,c1ccccc1,999
REP_00346,CHEMBL70,MORPHINE,CN1CC[C@]23c4c5ccc(O)c4O[C@H]2[C@@H](O)C=C[C@H]3[C@H]1C5,BQJCRHHNABKAKU-KBQPJGBKSA-N,285.34,4.0,,False,True,False,primary_atc_phase,,Small molecule,MOL,0.0,35.385814497272015,False,,C1=CC2C3Cc4cccc5c4C2(CCN3)C(C1)O5,1000
REP_00455,CHEMBL123558,AZIMILIDE,CN1CCN(CCCCN2C(=O)CN(/N=C/c3ccc(-c4ccc(Cl)cc4)o3)C2=O)CC1,MREBEPTUUMTTIA-PCLIKHOPSA-N,457.96,3.0,,True,False,False,phase_only,,Small molecule,MOL,0.0,35.385814497272015,False,,O=C1CN(N=Cc2ccc(-c3ccccc3)o2)C(=O)N1CCCCN1CCNCC1,1001
REP_00456,CHEMBL1236183,TAGATOSE,O=C(CO)[C@@H](O)[C@@H](O)[C@H](O)CO,BJHIKXHVCXFQLS-PQLUHFTBSA-N,180.16,3.0,,True,False,False,phase_only,,Small molecule,MOL,0.0,35.385814497272015,False,,,1002
REP_00345,CHEMBL691,ETHINYL ESTRADIOL,C#C[C@]1(O)CC[C@H]2[C@@H]3CCc4cc(O)ccc4[C@H]3CC[C@@]21C,BFPYWIDHMRZLRN-SLHNCBLASA-N,296.41,4.0,,False,True,False,primary_atc_phase,,Small molecule,MOL,0.0,35.385814497272015,False,,c1ccc2c(c1)CCC1C2CCC2CCCC21,1003
REP_00458,CHEMBL1254025,NOLASIBAN,CO/N=C1/C[C@@H](CO)N(C(=O)c2ccc(-c3ccccc3C)cc2)C1,OLUJSZLBWZWGJT-HGBKYHTQSA-N,338.41,3.0,,True,False,False,phase_only,,Small molecule,MOL,0.0,35.385814497272015,False,,N=C1CCN(C(=O)c2ccc(-c3ccccc3)cc2)C1,1004
REP_00459,CHEMBL1254990,NORUCHOLIC ACID,C[C@H](CC(=O)O)[C@H]1CC[C@H]2[C@@H]3[C@@H](O)C[C@@H]4C[C@H](O)CC[C@]4(C)[C@H]3CC[C@]12C,QYYDXDSPYPOWRO-JHMCBHKWSA-N,378.55,3.0,,True,False,False,phase_only,,Small molecule,MOL,0.0,35.385814497272015,False,,C1CCC2C(C1)CCC1C3CCCC3CCC21,1005
REP_00460,CHEMBL1255653,SEPIAPTERIN,C[C@H](O)C(=O)C1=Nc2c(nc(N)[nH]c2=O)NC1,VPVOXUSPXFPWBN-VKHMYHEASA-N,237.22,3.0,,True,False,False,phase_only,,Small molecule,MOL,0.0,35.385814497272015,False,,O=c1[nH]cnc2c1N=CCN2,1006
REP_00344,CHEMBL689,MANNITOL,OC[C@@H](O)[C@@H](O)[C@H](O)[C@H](O)CO,FBPFZTCFMRRESA-KVTDHHQDSA-N,182.17,4.0,,False,True,False,primary_atc_phase,,Small molecule,MOL,0.0,35.385814497272015,False,,,1007
REP_00462,CHEMBL1255871,ASTAXANTHIN,CC1=C(/C=C/C(C)=C/C=C/C(C)=C/C=C/C=C(C)/C=C/C=C(C)/C=C/C2=C(C)C(=O)[C@@H](O)CC2(C)C)C(C)(C)C[C@H](O)C1=O,MQZIGYBFDRPAKN-UWFIBFSHSA-N,596.85,3.0,,True,False,False,phase_only,,Small molecule,MOL,0.0,35.385814497272015,False,,O=C1C=C(C=CC=CC=CC=CC=CC=CC=CC=CC=CC2=CC(=O)CCC2)CCC1,1008
REP_00463,CHEMBL1256175,TILARGININE ACETATE,CNC(=N)NCCC[C@H](N)C(=O)O,NTNWOCRCBQPEKQ-YFKPBYRVSA-N,188.23,3.0,,True,False,False,phase_only,,Small molecule,MOL,0.0,35.385814497272015,False,,,1009
REP_00420,CHEMBL1130,DOXIFLURIDINE,C[C@H]1O[C@@H](n2cc(F)c(=O)[nH]c2=O)[C@H](O)[C@@H]1O,ZWAOHEXOSAUJHY-ZIYNGMLESA-N,246.19,3.0,,True,False,False,phase_only,,Small molecule,MOL,0.0,35.385814497272015,False,,O=c1ccn(C2CCCO2)c(=O)[nH]1,1010
REP_00465,CHEMBL1256772,TIAPRIDE HYDROCHLORIDE,CCN(CC)CCNC(=O)c1cc(S(C)(=O)=O)ccc1OC,JTVPZMFULRWINT-UHFFFAOYSA-N,328.43,3.0,,True,False,False,phase_only,,Small molecule,MOL,0.0,35.385814497272015,False,,c1ccccc1,1011
REP_00466,CHEMBL1256819,ANTAZOLINE HYDROCHLORIDE,c1ccc(CN(CC2=NCCN2)c2ccccc2)cc1,REYFJDPCWQRWAA-UHFFFAOYSA-N,265.36,3.0,,True,False,False,phase_only,,Small molecule,MOL,0.0,35.385814497272015,False,,c1ccc(CN(CC2=NCCN2)c2ccccc2)cc1,1012
REP_00467,CHEMBL1256901,BUTYLSCOPOLAMINE BROMIDE,CCCC[N+]1(C)[C@@H]2C[C@@H](OC(=O)[C@H](CO)c3ccccc3)C[C@H]1[C@@H]1O[C@@H]12,YBCNXCRZPWQOBR-WVHCHWADSA-N,360.47,3.0,,True,False,False,phase_only,,Small molecule,MOL,0.0,35.385814497272015,False,,O=C(Cc1ccccc1)OC1CC2[NH2+]C(C1)C1OC21,1013
REP_00343,CHEMBL686,MEFENAMIC ACID,Cc1cccc(Nc2ccccc2C(=O)O)c1C,HYYBABOKPJLUIN-UHFFFAOYSA-N,241.29,4.0,,False,True,True,primary_atc_phase,,Small molecule,MOL,0.0,35.385814497272015,False,,c1ccc(Nc2ccccc2)cc1,1014
REP_00469,CHEMBL1257030,LONIDAMINE,O=C(O)c1nn(Cc2ccc(Cl)cc2Cl)c2ccccc12,WDRYRZXSPDWGEB-UHFFFAOYSA-N,321.16,3.0,,True,False,False,phase_only,,Small molecule,MOL,0.0,35.385814497272015,False,,c1ccc(Cn2ncc3ccccc32)cc1,1015
REP_00470,CHEMBL1257070,FAROPENEM MEDOXOMIL,Cc1oc(=O)oc1COC(=O)C1=C([C@H]2CCCO2)S[C@@H]2[C@@H]([C@@H](C)O)C(=O)N12,JQBKWZPHJOEQAO-DVPVEWDBSA-N,397.41,3.0,,True,False,False,phase_only,,Small molecule,MOL,0.0,35.385814497272015,False,,O=C(OCc1coc(=O)o1)C1=C(C2CCCO2)SC2CC(=O)N12,1016
REP_00471,CHEMBL1267,LERIGLITAZONE,CC(O)c1ccc(CCOc2ccc(CC3SC(=O)NC3=O)cc2)nc1,OXVFDZYQLGRLCD-UHFFFAOYSA-N,372.45,3.0,,True,True,True,primary_atc_phase,,Small molecule,MOL,0.0,35.385814497272015,False,,O=C1NC(=O)C(Cc2ccc(OCCc3ccccn3)cc2)S1,1017
REP_00342,CHEMBL679,EPINEPHRINE,CNC[C@H](O)c1ccc(O)c(O)c1,UCTWMZQNUQWSLP-VIFPVBQESA-N,183.21,4.0,,False,True,False,primary_atc_phase,,Small molecule,MOL,0.0,35.385814497272015,False,,c1ccccc1,1018
REP_00473,CHEMBL1276310,TEMOCILLIN,CO[C@@]1(NC(=O)C(C(=O)O)c2ccsc2)C(=O)N2[C@@H](C(=O)O)C(C)(C)S[C@@H]21,BVCKFLJARNKCSS-DWPRYXJFSA-N,414.46,3.0,,True,False,False,phase_only,,Small molecule,MOL,0.0,35.385814497272015,False,,O=C(Cc1ccsc1)NC1C(=O)N2CCSC12,1019
REP_00474,CHEMBL1278146,FAMITINIB,CCN(CC)CCN1CCc2[nH]c(/C=C3\C(=O)Nc4ccc(F)cc43)c(C)c2C1=O,GKEYKDOLBLYGRB-LGMDPLHJSA-N,410.49,3.0,,True,False,False,phase_only,,Small molecule,MOL,0.0,35.385814497272015,False,,O=C1Nc2ccccc2C1=Cc1cc2c([nH]1)CCNC2=O,1020
REP_00475,CHEMBL1288810,LEVODROPROPIZINE,OC[C@@H](O)CN1CCN(c2ccccc2)CC1,PTVWPYVOOKLBCG-ZDUSSCGKSA-N,236.32,3.0,,True,False,False,phase_only,,Small molecule,MOL,0.0,35.385814497272015,False,,c1ccc(N2CCNCC2)cc1,1021
REP_00341,CHEMBL669,CYCLOBENZAPRINE,CN(C)CCC=C1c2ccccc2C=Cc2ccccc21,JURKNVYFZMSNLP-UHFFFAOYSA-N,275.4,4.0,,False,True,False,primary_atc_phase,,Small molecule,MOL,0.0,35.385814497272015,False,,C=C1c2ccccc2C=Cc2ccccc21,1022
REP_00477,CHEMBL12948,SEMUSTINE,CC1CCC(NC(=O)N(CCCl)N=O)CC1,FVLVBPDQNARYJU-UHFFFAOYSA-N,247.73,3.0,,True,False,False,phase_only,,Small molecule,MOL,0.0,35.385814497272015,False,,C1CCCCC1,1023
REP_00478,CHEMBL1322218,PROCATEROL HYDROCHLORIDE,CCC(NC(C)C)C(O)c1ccc(O)c2[nH]c(=O)ccc12,FKNXQNWAXFXVNW-UHFFFAOYSA-N,290.36,3.0,,True,False,False,phase_only,,Small molecule,MOL,0.0,35.385814497272015,False,,O=c1ccc2ccccc2[nH]1,1024
REP_00464,CHEMBL1256472,CYTARABINE HYDROCHLORIDE,Nc1ccn([C@@H]2O[C@H](CO)[C@@H](O)[C@@H]2O)c(=O)n1,UHDGCWIWMRVCDJ-CCXZUQQUSA-N,243.22,3.0,,True,False,False,phase_only,,Small molecule,MOL,0.0,35.385814497272015,False,,O=c1ncccn1C1CCCO1,1025
REP_00421,CHEMBL113461,TEDISAMIL,C1CCC2(C1)C1CN(CC3CC3)CC2CN(CC2CC2)C1,CTIRHWCPXYGDGF-UHFFFAOYSA-N,288.48,3.0,,True,False,False,phase_only,,Small molecule,MOL,0.0,35.385814497272015,False,,C1CCC2(C1)C1CN(CC3CC3)CC2CN(CC2CC2)C1,1026
REP_00422,CHEMBL114503,SODIUM SELENATE,O=[Se](=O)([O-])[O-],QYHFIVBSNOWOCQ-UHFFFAOYSA-L,142.96,3.0,,True,True,False,primary_atc_phase,,Small molecule,MOL,0.0,35.385814497272015,False,,,1027
REP_00423,CHEMBL1170047,INIPARIB,NC(=O)c1ccc(I)c([N+](=O)[O-])c1,MDOJTZQKHMAPBK-UHFFFAOYSA-N,292.03,3.0,,True,False,False,phase_only,,Small molecule,MOL,0.0,35.385814497272015,False,,c1ccccc1,1028
REP_00424,CHEMBL1171829,BITOPERTIN,C[C@H](Oc1ccc(S(C)(=O)=O)cc1C(=O)N1CCN(c2ncc(C(F)(F)F)cc2F)CC1)C(F)(F)F,YUUGYIUSCYNSQR-LBPRGKRZSA-N,543.46,3.0,,True,False,False,phase_only,,Small molecule,MOL,0.0,35.385814497272015,False,,O=C(c1ccccc1)N1CCN(c2ccccn2)CC1,1029
REP_00353,CHEMBL75435,DEXKETOPROFEN,C[C@H](C(=O)O)c1cccc(C(=O)c2ccccc2)c1,DKYWVDODHFEZIM-NSHDSACASA-N,254.28,4.0,,False,True,True,primary_atc_phase,,Small molecule,MOL,0.0,35.385814497272015,False,,O=C(c1ccccc1)c1ccccc1,1030
REP_00426,CHEMBL118218,IROFULVEN,CC1=C(CO)C2=C(C)C3(CC3)[C@@](C)(O)C(=O)C2=C1,NICJCIQSJJKZAH-AWEZNQCLSA-N,246.31,3.0,,True,False,False,phase_only,,Small molecule,MOL,0.0,35.385814497272015,False,,O=C1CC2(C=C3C=CC=C13)CC2,1031
REP_00352,CHEMBL717,MEDROXYPROGESTERONE ACETATE,CC(=O)O[C@]1(C(C)=O)CC[C@H]2[C@@H]3C[C@H](C)C4=CC(=O)CC[C@]4(C)[C@H]3CC[C@@]21C,PSGAAPLEWMOORI-PEINSRQWSA-N,386.53,4.0,,False,True,False,primary_atc_phase,,Small molecule,MOL,0.0,35.385814497272015,False,,O=C1C=C2CCC3C4CCCC4CCC3C2CC1,1032
REP_00351,CHEMBL710,FINASTERIDE,CC(C)(C)NC(=O)[C@H]1CC[C@H]2[C@@H]3CC[C@H]4NC(=O)C=C[C@]4(C)[C@H]3CC[C@]12C,DBEPLOCGEIEOCV-WSBQPABSSA-N,372.55,4.0,,False,True,True,primary_atc_phase,,Small molecule,MOL,0.0,35.385814497272015,False,,O=C1C=CC2C(CCC3C4CCCC4CCC23)N1,1033
REP_00429,CHEMBL1190199,ASIMADOLINE,CN(C(=O)C(c1ccccc1)c1ccccc1)[C@H](CN1CC[C@H](O)C1)c1ccccc1,JHLHNYVMZCADTC-LOSJGSFVSA-N,414.55,3.0,,True,False,False,phase_only,,Small molecule,MOL,0.0,35.385814497272015,False,,O=C(NC(CN1CCCC1)c1ccccc1)C(c1ccccc1)c1ccccc1,1034
REP_00430,CHEMBL1193948,AMIBEGRON,CCOC(=O)COc1ccc2c(c1)C[C@@H](NC[C@H](O)c1cccc(Cl)c1)CC2,RDJQCOBTKKAQAH-FPOVZHCZSA-N,403.91,3.0,,True,False,False,phase_only,,Small molecule,MOL,0.0,35.385814497272015,False,,c1ccc(CCNC2CCc3ccccc3C2)cc1,1035
REP_00431,CHEMBL119443,ERGONOVINE,C[C@@H](CO)NC(=O)[C@@H]1C=C2c3cccc4[nH]cc(c34)C[C@H]2N(C)C1,WVVSZNPYNCNODU-XTQGRXLLSA-N,325.41,3.0,,True,True,False,primary_atc_phase,,Small molecule,MOL,0.0,35.385814497272015,False,,C1=C2c3cccc4[nH]cc(c34)CC2NCC1,1036
REP_00433,CHEMBL1201225,IODINE,II,PNDPGZBMCMUPRI-UHFFFAOYSA-N,253.81,3.0,,True,False,False,phase_only,,Small molecule,MOL,0.0,35.385814497272015,False,,,1037
REP_00434,CHEMBL1201362,CLOBETASOL,C[C@H]1C[C@H]2[C@@H]3CCC4=CC(=O)C=C[C@]4(C)[C@@]3(F)[C@@H](O)C[C@]2(C)[C@@]1(O)C(=O)CCl,FCSHDIVRCWTZOX-DVTGEIKXSA-N,410.91,3.0,,True,False,False,phase_only,,Small molecule,MOL,0.0,35.385814497272015,False,,O=C1C=CC2C(=C1)CCC1C3CCCC3CCC21,1038
REP_00348,CHEMBL703,SUXAMETHONIUM,C[N+](C)(C)CCOC(=O)CCC(=O)OCC[N+](C)(C)C,AXOIZCJOOAYSMI-UHFFFAOYSA-N,290.4,4.0,,False,True,False,primary_atc_phase,,Small molecule,MOL,0.0,35.385814497272015,False,,,1039
REP_00436,CHEMBL1201396,FLUTICASONE,C[C@@H]1C[C@H]2[C@@H]3C[C@H](F)C4=CC(=O)C=C[C@]4(C)[C@@]3(F)[C@@H](O)C[C@]2(C)[C@@]1(O)C(=O)SCF,MGNNYOODZCAHBA-GQKYHHCASA-N,444.52,3.0,,True,False,False,phase_only,,Small molecule,MOL,0.0,35.385814497272015,False,,O=C1C=CC2C(=C1)CCC1C3CCCC3CCC21,1040
REP_00437,CHEMBL1201404,MOMETASONE,C[C@@H]1C[C@H]2[C@@H]3CCC4=CC(=O)C=C[C@]4(C)[C@@]3(Cl)[C@@H](O)C[C@]2(C)[C@@]1(O)C(=O)CCl,QLIIKPVHVRXHRI-CXSFZGCWSA-N,427.37,3.0,,True,False,False,phase_only,,Small molecule,MOL,0.0,35.385814497272015,False,,O=C1C=CC2C(=C1)CCC1C3CCCC3CCC21,1041
REP_00438,CHEMBL1204644,FOSFOCREATINE,CN(CC(=O)O)C(=N)NP(=O)(O)O,DRBBFCLWYRJSJZ-UHFFFAOYSA-N,211.11,3.0,,True,False,False,phase_only,,Small molecule,MOL,0.0,35.385814497272015,False,,,1042
REP_00439,CHEMBL1206232,FOSBRETABULIN,COc1ccc(/C=C\c2cc(OC)c(OC)c(OC)c2)cc1OP(=O)(O)O,WDOGQTQEKVLZIJ-WAYWQWQTSA-N,396.33,3.0,,True,False,False,phase_only,,Small molecule,MOL,0.0,35.385814497272015,False,,C(=Cc1ccccc1)c1ccccc1,1043
REP_00440,CHEMBL120643,TOCOTRIENOL,CC(C)=CCC/C(C)=C/CC/C(C)=C/CCC1(C)CCc2cc(O)ccc2O1,GJJVAFUKOBZPCB-ZGRPYONQSA-N,382.59,3.0,,True,False,False,phase_only,,Small molecule,MOL,0.0,35.385814497272015,False,,c1ccc2c(c1)CCCO2,1044
REP_00441,CHEMBL1207745,BERAPROST,CC#CCC(C)[C@H](O)/C=C/[C@@H]1[C@H]2c3cccc(CCCC(=O)O)c3O[C@H]2C[C@H]1O,CTPOHARTNNSRSR-APJZLKAGSA-N,398.5,3.0,,True,False,False,phase_only,,Small molecule,MOL,0.0,35.385814497272015,False,,c1ccc2c(c1)OC1CCCC21,1045
REP_00442,CHEMBL1213456,NEMONOXACIN,COc1c(N2C[C@@H](C)C[C@H](N)C2)ccc2c(=O)c(C(=O)O)cn(C3CC3)c12,AVPQPGFLVZTJOR-RYUDHWBXSA-N,371.44,3.0,,True,False,False,phase_only,,Small molecule,MOL,0.0,35.385814497272015,False,,O=c1ccn(C2CC2)c2cc(N3CCCCC3)ccc12,1046
REP_00443,CHEMBL1213553,CHLORPROGUANIL,CC(C)NC(=N)NC(=N)Nc1ccc(Cl)c(Cl)c1,ISZNZKHCRKXXAU-UHFFFAOYSA-N,288.18,3.0,,True,False,False,phase_only,,Small molecule,MOL,0.0,35.385814497272015,False,,c1ccccc1,1047
REP_00444,CHEMBL1213583,GESTODENE,C#C[C@]1(O)C=C[C@H]2[C@@H]3CCC4=CC(=O)CC[C@@H]4[C@H]3CC[C@@]21CC,SIGSPDASOTUPFS-XUDSTZEESA-N,310.44,3.0,,True,False,False,phase_only,,Small molecule,MOL,0.0,35.385814497272015,False,,O=C1C=C2CCC3C4C=CCC4CCC3C2CC1,1048
REP_00445,CHEMBL1214598,UMIFENOVIR,CCOC(=O)c1c(CSc2ccccc2)n(C)c2cc(Br)c(O)c(CN(C)C)c12,KCFYEAOKVJSACF-UHFFFAOYSA-N,477.42,3.0,,True,False,False,phase_only,,Small molecule,MOL,0.0,35.385814497272015,False,,c1ccc(SCc2cc3ccccc3[nH]2)cc1,1049
REP_00446,CHEMBL1222251,INOSITOL,O[C@H]1[C@H](O)[C@@H](O)[C@H](O)[C@@H](O)[C@H]1O,CDAISMWEOUEBRE-GPIVLXJGSA-N,180.16,3.0,,True,True,False,primary_atc_phase,,Small molecule,MOL,0.0,35.385814497272015,False,,C1CCCCC1,1050
REP_00447,CHEMBL1230191,TRIPHOSPHATE,O=P(O)(O)OP(=O)(O)OP(=O)(O)O,UNXRWKVEANCORM-UHFFFAOYSA-N,257.95,3.0,,True,False,False,phase_only,,Small molecule,MOL,0.0,35.385814497272015,False,,,1051
REP_00448,CHEMBL1230245,RONOPTERIN,C[C@H](O)[C@H](O)[C@H]1CNc2nc(N)nc(N)c2N1,NDSDGUULXHNXGA-RPDRRWSUSA-N,240.27,3.0,,True,False,False,phase_only,,Small molecule,MOL,0.0,35.385814497272015,False,,c1ncc2c(n1)NCCN2,1052
REP_00349,CHEMBL704,MESALAMINE,Nc1ccc(O)c(C(=O)O)c1,KBOPZPXVLCULAV-UHFFFAOYSA-N,153.14,4.0,,False,True,False,primary_atc_phase,,Small molecule,MOL,0.0,35.385814497272015,False,,c1ccccc1,1053
REP_00435,CHEMBL1201389,LOTEPREDNOL,C[C@]12C=CC(=O)C=C1CC[C@@H]1[C@@H]2[C@@H](O)C[C@@]2(C)[C@H]1CC[C@]2(O)C(=O)O,MCKJPJYRCPANCC-XLXYOEISSA-N,346.42,3.0,,True,False,False,phase_only,,Small molecule,MOL,0.0,35.385814497272015,False,,O=C1C=CC2C(=C1)CCC1C3CCCC3CCC21,1054
REP_00740,CHEMBL23393,SODIUM LAURYL SULFATE,CCCCCCCCCCCCOS(=O)(=O)[O-],MOTZDAYCYVMXPC-UHFFFAOYSA-M,265.39,3.0,,True,False,False,phase_only,,Small molecule,MOL,0.0,35.385814497272015,False,,,1055
REP_00741,CHEMBL235191,TACEDINALINE,CC(=O)Nc1ccc(C(=O)Nc2ccccc2N)cc1,VAZAPHZUAVEOMC-UHFFFAOYSA-N,269.3,3.0,,True,False,False,phase_only,,Small molecule,MOL,0.0,35.385814497272015,False,,O=C(Nc1ccccc1)c1ccccc1,1056
REP_00742,CHEMBL2354444,PIRARUBICIN,COc1cccc2c1C(=O)c1c(O)c3c(c(O)c1C2=O)C[C@@](O)(C(=O)CO)C[C@@H]3O[C@H]1C[C@H](N)[C@H](O[C@@H]2CCCCO2)[C@H](C)O1,KMSKQZKKOZQFFG-YXRRJAAWSA-N,627.64,3.0,,True,False,False,phase_only,,Small molecule,MOL,0.0,35.385814497272015,False,,O=C1c2ccccc2C(=O)c2cc3c(cc21)CCCC3OC1CCC(OC2CCCCO2)CO1,1057
REP_00247,CHEMBL282121,MEBEVERINE,CCN(CCCCOC(=O)c1ccc(OC)c(OC)c1)C(C)Cc1ccc(OC)cc1,VYVKHNNGDFVQGA-UHFFFAOYSA-N,429.56,4.0,,False,True,False,primary_atc_phase,,Small molecule,MOL,0.0,35.385814497272015,False,,O=C(OCCCCNCCc1ccccc1)c1ccccc1,1058
REP_00744,CHEMBL2364605,CEBRANOPADOL,CN(C)[C@]1(c2ccccc2)CC[C@]2(CC1)OCCc1c3cc(F)ccc3[nH]c12,CSMVOZKEWSOFER-RQNOJGIXSA-N,378.49,3.0,,True,False,False,phase_only,,Small molecule,MOL,0.0,35.385814497272015,False,,c1ccc(C2CCC3(CC2)OCCc2c3[nH]c3ccccc23)cc1,1059
REP_00245,CHEMBL270190,ALVIMOPAN,C[C@H]1CN(C[C@H](Cc2ccccc2)C(=O)NCC(=O)O)CC[C@@]1(C)c1cccc(O)c1,UPNUIXSCZBYVBB-JVFUWBCBSA-N,424.54,4.0,,False,True,False,primary_atc_phase,,Small molecule,MOL,0.0,35.385814497272015,False,,c1ccc(CCCN2CCC(c3ccccc3)CC2)cc1,1060
REP_00746,CHEMBL2386081,SETIPIPRANT,O=C(O)Cn1c2c(c3cc(F)ccc31)CN(C(=O)c1cccc3ccccc13)CC2,IHAXLPDVOWLUOS-UHFFFAOYSA-N,402.43,3.0,,True,False,False,phase_only,,Small molecule,MOL,0.0,35.385814497272015,False,,O=C(c1cccc2ccccc12)N1CCc2[nH]c3ccccc3c2C1,1061
REP_00244,CHEMBL258918,MESTEROLONE,C[C@H]1CC(=O)C[C@@H]2CC[C@H]3[C@@H]4CC[C@H](O)[C@@]4(C)CC[C@@H]3[C@]21C,UXYRZJKIQKRJCF-TZPFWLJSSA-N,304.47,4.0,,False,True,False,primary_atc_phase,,Small molecule,MOL,0.0,35.385814497272015,False,,O=C1CCC2C(CCC3C4CCCC4CCC23)C1,1062
REP_00243,CHEMBL256997,ATALUREN,O=C(O)c1cccc(-c2noc(-c3ccccc3F)n2)c1,OOUGLTULBSNHNF-UHFFFAOYSA-N,284.25,4.0,,False,True,False,primary_atc_phase,,Small molecule,MOL,0.0,35.385814497272015,False,,c1ccc(-c2noc(-c3ccccc3)n2)cc1,1063
REP_00749,CHEMBL2393130,APABETALONE,COc1cc(OC)c2c(=O)[nH]c(-c3cc(C)c(OCCO)c(C)c3)nc2c1,NETXMUIMUZJUTB-UHFFFAOYSA-N,370.41,3.0,,True,False,False,phase_only,,Small molecule,MOL,0.0,35.385814497272015,False,,O=c1[nH]c(-c2ccccc2)nc2ccccc12,1064
REP_00242,CHEMBL25,ASPIRIN,CC(=O)Oc1ccccc1C(=O)O,BSYNRYMUTXBXSQ-UHFFFAOYSA-N,180.16,4.0,,False,True,False,primary_atc_phase,,Small molecule,MOL,0.0,35.385814497272015,False,,c1ccccc1,1065
REP_00241,CHEMBL248702,DEXFENFLURAMINE,CCN[C@@H](C)Cc1cccc(C(F)(F)F)c1,DBGIVFWFUFKIQN-VIFPVBQESA-N,231.26,4.0,,False,True,False,primary_atc_phase,,Small molecule,MOL,0.0,35.385814497272015,False,,c1ccccc1,1066
REP_00240,CHEMBL24778,SILODOSIN,C[C@H](Cc1cc2c(c(C(N)=O)c1)N(CCCO)CC2)NCCOc1ccccc1OCC(F)(F)F,PNCPYILNMDWPEY-QGZVFWFLSA-N,495.54,4.0,,False,True,True,primary_atc_phase,,Small molecule,MOL,0.0,35.385814497272015,False,,c1ccc(OCCNCCc2ccc3c(c2)CCN3)cc1,1067
REP_00593,CHEMBL1980825,ANTINEOPLASTON A10,O=C1CC[C@H](NC(=O)Cc2ccccc2)C(=O)N1,OQGRFQCUGLKSAV-JTQLQIEISA-N,246.27,3.0,,True,False,False,phase_only,,Small molecule,MOL,0.0,35.385814497272015,False,,O=C1CCC(NC(=O)Cc2ccccc2)C(=O)N1,1068
REP_00754,CHEMBL241694,ETHISTERONE,C#C[C@]1(O)CC[C@H]2[C@@H]3CCC4=CC(=O)CC[C@]4(C)[C@H]3CC[C@@]21C,CHNXZKVNWQUJIB-CEGNMAFCSA-N,312.45,3.0,,True,True,False,primary_atc_phase,,Small molecule,MOL,0.0,35.385814497272015,False,,O=C1C=C2CCC3C4CCCC4CCC3C2CC1,1069
REP_00755,CHEMBL24171,BERGAPTEN,COc1c2ccoc2cc2oc(=O)ccc12,BGEBZHIAGXMEMV-UHFFFAOYSA-N,216.19,3.0,,True,False,False,phase_only,,Small molecule,MOL,0.0,35.385814497272015,False,,O=c1ccc2cc3ccoc3cc2o1,1070
REP_00756,CHEMBL242580,CICLOPIROX OLAMINE,Cc1cc(C2CCCCC2)n(O)c(=O)c1.NCCO,MBRHNTMUYWQHMR-UHFFFAOYSA-N,268.36,3.0,,True,False,False,phase_only,,Small molecule,MOL,0.0,35.385814497272015,False,,O=c1cccc(C2CCCCC2)[nH]1,1071
REP_00239,CHEMBL245807,OXYPHENISATINE,O=C1Nc2ccccc2C1(c1ccc(O)cc1)c1ccc(O)cc1,SJDACOMXKWHBOW-UHFFFAOYSA-N,317.34,4.0,,False,True,False,primary_atc_phase,,Small molecule,MOL,0.0,35.385814497272015,False,,O=C1Nc2ccccc2C1(c1ccccc1)c1ccccc1,1072
REP_00758,CHEMBL244888,NIFUROXAZIDE,O=C(N/N=C/c1ccc([N+](=O)[O-])o1)c1ccc(O)cc1,YCWSUKQGVSGXJO-NTUHNPAUSA-N,275.22,3.0,,True,True,False,primary_atc_phase,,Small molecule,MOL,0.0,35.385814497272015,False,,O=C(NN=Cc1ccco1)c1ccccc1,1073
REP_00759,CHEMBL245019,MIZORIBINE,NC(=O)c1ncn([C@@H]2O[C@H](CO)[C@@H](O)[C@H]2O)c1O,HZQDCMWJEBCWBR-UUOKFMHZSA-N,259.22,3.0,,True,False,False,phase_only,,Small molecule,MOL,0.0,35.385814497272015,False,,c1cn(C2CCCO2)cn1,1074
REP_00760,CHEMBL248095,SINOMENINE,COC1=C[C@@H]2[C@@H]3Cc4ccc(OC)c(O)c4[C@]2(CCN3C)CC1=O,INYYVPJSBIVGPH-QHRIQVFBSA-N,329.4,3.0,,True,False,False,phase_only,,Small molecule,MOL,0.0,35.385814497272015,False,,O=C1C=CC2C3Cc4ccccc4C2(CCN3)C1,1075
REP_00761,CHEMBL248594,RAC-3-N-BUTYLPHTHALIDE,CCCCC1OC(=O)c2ccccc21,HJXMNVQARNZTEE-UHFFFAOYSA-N,190.24,3.0,,True,False,False,phase_only,,Small molecule,MOL,0.0,35.385814497272015,False,,O=C1OCc2ccccc21,1076
REP_00238,CHEMBL240597,CHENODIOL,C[C@H](CCC(=O)O)[C@H]1CC[C@H]2[C@@H]3[C@H](O)C[C@@H]4C[C@H](O)CC[C@]4(C)[C@H]3CC[C@]12C,RUDATBOHQWOJDD-BSWAIDMHSA-N,392.58,4.0,,False,True,False,primary_atc_phase,,Small molecule,MOL,0.0,35.385814497272015,False,,C1CCC2C(C1)CCC1C3CCCC3CCC21,1077
REP_00763,CHEMBL250892,(R)-MELPHALAN,N[C@H](Cc1ccc(N(CCCl)CCCl)cc1)C(=O)O,SGDBTWWWUNNDEQ-GFCCVEGCSA-N,305.2,3.0,,True,False,False,phase_only,,Small molecule,MOL,0.0,35.385814497272015,False,,c1ccccc1,1078
REP_00236,CHEMBL2368925,DOLASETRON,O=C(O[C@@H]1C[C@@H]2C[C@H]3C[C@H](C1)N2CC3=O)c1c[nH]c2ccccc12,UKTAZPQNNNJVKR-KJGYPYNMSA-N,324.38,4.0,,False,True,False,primary_atc_phase,,Small molecule,MOL,0.0,35.385814497272015,False,,O=C(OC1CC2CC3CC(C1)N2CC3=O)c1c[nH]c2ccccc12,1079
REP_00765,CHEMBL253582,SUCROSE,OC[C@H]1O[C@@](CO)(O[C@H]2O[C@H](CO)[C@@H](O)[C@H](O)[C@H]2O)[C@@H](O)[C@@H]1O,CZMRCDWAGMRECN-UGDNZRGBSA-N,342.3,3.0,,True,False,False,phase_only,,Small molecule,MOL,0.0,35.385814497272015,False,,C1CCC(OC2CCCO2)OC1,1080
REP_00766,CHEMBL257704,EPLIVANSERIN,CN(C)CCO/N=C(/C=C/c1ccc(O)cc1)c1ccccc1F,VAIOZOCLKVMIMN-PRJWTAEASA-N,328.39,3.0,,True,False,False,phase_only,,Small molecule,MOL,0.0,35.385814497272015,False,,N=C(C=Cc1ccccc1)c1ccccc1,1081
REP_00753,CHEMBL240624,PRELADENANT,COCCOc1ccc(N2CCN(CCn3ncc4c3nc(N)n3nc(-c5ccco5)nc43)CC2)cc1,DTYWJKSSUANMHD-UHFFFAOYSA-N,503.57,3.0,,True,False,False,phase_only,,Small molecule,MOL,0.0,35.385814497272015,False,,c1ccc(N2CCN(CCn3ncc4c3ncn3nc(-c5ccco5)nc43)CC2)cc1,1082
REP_00261,CHEMBL340978,BENOXAPROFEN,CC(C(=O)O)c1ccc2oc(-c3ccc(Cl)cc3)nc2c1,MITFXPHMIHQXPI-UHFFFAOYSA-N,301.73,4.0,,False,True,True,primary_atc_phase,,Small molecule,MOL,0.0,35.385814497272015,False,,c1ccc(-c2nc3ccccc3o2)cc1,1083
REP_00259,CHEMBL338802,SULFAGUANIDINE,N=C(N)NS(=O)(=O)c1ccc(N)cc1,BRBKOPJOKNSWSG-UHFFFAOYSA-N,214.25,4.0,,False,True,False,primary_atc_phase,,Small molecule,MOL,0.0,35.385814497272015,False,,c1ccccc1,1084
REP_00712,CHEMBL2146087,REBOXETINE MESYLATE,CCOc1ccccc1OC(c1ccccc1)C1CNCCO1,CBQGYUDMJHNJBX-UHFFFAOYSA-N,313.4,3.0,,True,False,False,phase_only,,Small molecule,MOL,0.0,35.385814497272015,False,,c1ccc(OC(c2ccccc2)C2CNCCO2)cc1,1085
REP_00713,CHEMBL2146110,SARIZOTAN HYDROCHLORIDE,Fc1ccc(-c2cncc(CNC[C@H]3CCc4ccccc4O3)c2)cc1,HKFMQJUJWSFOLY-OAQYLSRUSA-N,348.42,3.0,,True,False,False,phase_only,,Small molecule,MOL,0.0,35.385814497272015,False,,c1ccc(-c2cncc(CNCC3CCc4ccccc4O3)c2)cc1,1086
REP_00714,CHEMBL2151572,ENCENICLINE,O=C(N[C@H]1CN2CCC1CC2)c1cc2cccc(Cl)c2s1,SSRDSYXGYPJKRR-ZDUSSCGKSA-N,320.85,3.0,,True,False,False,phase_only,,Small molecule,MOL,0.0,35.385814497272015,False,,O=C(NC1CN2CCC1CC2)c1cc2ccccc2s1,1087
REP_00257,CHEMBL3304486,DIFEMERINE,CN(C)CC(C)(C)OC(=O)C(O)(c1ccccc1)c1ccccc1,WJIZVQNUJVMJAZ-UHFFFAOYSA-N,327.42,4.0,,False,True,False,primary_atc_phase,,Small molecule,MOL,0.0,35.385814497272015,False,,c1ccc(Cc2ccccc2)cc1,1088
REP_00717,CHEMBL2165224,ANISODAMINE,CN1[C@H]2C[C@H](OC(=O)[C@H](CO)c3ccccc3)C[C@@H]1[C@@H](O)C2,WTQYWNWRJNXDEG-RBZJEDDUSA-N,305.37,3.0,,True,False,False,phase_only,,Small molecule,MOL,0.0,35.385814497272015,False,,O=C(Cc1ccccc1)OC1CC2CCC(C1)N2,1089
REP_00718,CHEMBL2165402,INGENOL,CC1=C[C@]23C(=O)[C@@H](C=C(CO)[C@@H](O)[C@]2(O)[C@H]1O)[C@H]1[C@@H](C[C@H]3C)C1(C)C,VEBVPUXQAPLADL-POYOOMFHSA-N,348.44,3.0,,True,False,False,phase_only,,Small molecule,MOL,0.0,35.385814497272015,False,,O=C1C2C=CCC3CC=CC13CCC1CC12,1090
REP_00719,CHEMBL216913,MITOGUAZONE,CC(/C=N/NC(=N)N)=N\NC(=N)N,MXWHMTNPTTVWDM-NXOFHUPFSA-N,184.21,3.0,,True,False,False,phase_only,,Small molecule,MOL,0.0,35.385814497272015,False,,,1091
REP_00255,CHEMBL32800,FENOTEROL,CC(Cc1ccc(O)cc1)NCC(O)c1cc(O)cc(O)c1,LSLYOANBFKQKPT-UHFFFAOYSA-N,303.36,4.0,,False,True,False,primary_atc_phase,,Small molecule,MOL,0.0,35.385814497272015,False,,c1ccc(CCNCCc2ccccc2)cc1,1092
REP_00254,CHEMBL3183075,NIZATIDINE,CNC(=C[N+](=O)[O-])NCCSCc1csc(CN(C)C)n1,SGXXNSQHWDMGGP-UHFFFAOYSA-N,331.47,4.0,,False,True,False,primary_atc_phase,,Small molecule,MOL,0.0,35.385814497272015,False,,c1cscn1,1093
REP_00253,CHEMBL316561,PROGLUMIDE,CCCN(CCC)C(=O)C(CCC(=O)O)NC(=O)c1ccccc1,DGMKFQYCZXERLX-UHFFFAOYSA-N,334.42,4.0,,False,True,False,primary_atc_phase,,Small molecule,MOL,0.0,35.385814497272015,False,,c1ccccc1,1094
REP_00723,CHEMBL218166,BIFEPRUNOX,O=c1[nH]c2cccc(N3CCN(Cc4cccc(-c5ccccc5)c4)CC3)c2o1,CYGODHVAJQTCBG-UHFFFAOYSA-N,385.47,3.0,,True,False,False,phase_only,,Small molecule,MOL,0.0,35.385814497272015,False,,O=c1[nH]c2cccc(N3CCN(Cc4cccc(-c5ccccc5)c4)CC3)c2o1,1095
REP_00739,CHEMBL23261,DARUSENTAN,COc1cc(OC)nc(O[C@H](C(=O)O)C(OC)(c2ccccc2)c2ccccc2)n1,FEJVSJIALLTFRP-LJQANCHMSA-N,410.43,3.0,,True,False,False,phase_only,,Small molecule,MOL,0.0,35.385814497272015,False,,c1ccc(C(COc2ncccn2)c2ccccc2)cc1,1096
REP_00252,CHEMBL3039507,SOTAGLIFLOZIN,CCOc1ccc(Cc2cc([C@@H]3O[C@H](SC)[C@@H](O)[C@H](O)[C@H]3O)ccc2Cl)cc1,QKDRXGFQVGOQKS-CRSSMBPESA-N,424.95,4.0,,False,True,True,primary_atc_phase,,Small molecule,MOL,0.0,35.385814497272015,False,,c1ccc(Cc2cccc(C3CCCCO3)c2)cc1,1097
REP_00251,CHEMBL30,CIMETIDINE,CN/C(=N\CCSCc1nc[nH]c1C)NC#N,AQIXAKUUQRKLND-UHFFFAOYSA-N,252.35,4.0,,False,True,False,primary_atc_phase,,Small molecule,MOL,0.0,35.385814497272015,False,,c1c[nH]cn1,1098
REP_00727,CHEMBL2218892,EXAMETAZIME,C/C(=N\O)C(C)NCC(C)(C)CNC(C)/C(C)=N/O,BPNZYADGDZPRTK-MAEUFBSDSA-N,272.39,3.0,,True,False,False,phase_only,,Small molecule,MOL,0.0,35.385814497272015,False,,,1099
REP_00728,CHEMBL2219422,AFURESERTIB,Cn1ncc(Cl)c1-c1cc(C(=O)N[C@H](CN)Cc2cccc(F)c2)sc1Cl,AFJRDFWMXUECEW-LBPRGKRZSA-N,427.33,3.0,,True,False,False,phase_only,,Small molecule,MOL,0.0,35.385814497272015,False,,O=C(NCCc1ccccc1)c1cc(-c2ccn[nH]2)cs1,1100
REP_00250,CHEMBL296306,LACTULOSE,OC[C@H]1O[C@@H](O[C@@H]2[C@@H](CO)O[C@](O)(CO)[C@H]2O)[C@H](O)[C@@H](O)[C@H]1O,JCQLYHFGKNRPGE-FCVZTGTOSA-N,342.3,4.0,,False,True,False,primary_atc_phase,,Small molecule,MOL,0.0,35.385814497272015,False,,C1CCC(OC2CCOC2)OC1,1101
REP_00249,CHEMBL294199,CAPSAICIN,COc1cc(CNC(=O)CCCC/C=C/C(C)C)ccc1O,YKPUWZUDDOIDPM-SOFGYWHQSA-N,305.42,4.0,,False,True,False,primary_atc_phase,,Small molecule,MOL,0.0,35.385814497272015,False,,c1ccccc1,1102
REP_00731,CHEMBL225157,RESATORVID,CCOC(=O)C1=CCCC[C@H]1S(=O)(=O)Nc1ccc(F)cc1Cl,LEEIJTHMHDMWLJ-CQSZACIVSA-N,361.82,3.0,,True,False,False,phase_only,,Small molecule,MOL,0.0,35.385814497272015,False,,O=S(=O)(Nc1ccccc1)C1C=CCCC1,1103
REP_00732,CHEMBL226267,ARZOXIFENE,COc1ccc(-c2sc3cc(O)ccc3c2Oc2ccc(OCCN3CCCCC3)cc2)cc1,MCGDSOGUHLTADD-UHFFFAOYSA-N,475.61,3.0,,True,False,False,phase_only,,Small molecule,MOL,0.0,35.385814497272015,False,,c1ccc(-c2sc3ccccc3c2Oc2ccc(OCCN3CCCCC3)cc2)cc1,1104
REP_00733,CHEMBL226335,RUTIN,C[C@@H]1O[C@@H](OC[C@H]2O[C@@H](Oc3c(-c4ccc(O)c(O)c4)oc4cc(O)cc(O)c4c3=O)[C@H](O)[C@@H](O)[C@@H]2O)[C@H](O)[C@H](O)[C@H]1O,IKGXIBQEEMLURG-NVPNHPEKSA-N,610.52,3.0,,True,False,False,phase_only,,Small molecule,MOL,0.0,35.385814497272015,False,,O=c1c(OC2CCCC(COC3CCCCO3)O2)c(-c2ccccc2)oc2ccccc12,1105
REP_00734,CHEMBL23013,PROPAMIDINE,N=C(N)c1ccc(OCCCOc2ccc(C(=N)N)cc2)cc1,WTFXJFJYEJZMFO-UHFFFAOYSA-N,312.37,3.0,,True,False,False,phase_only,,Small molecule,MOL,0.0,35.385814497272015,False,,c1ccc(OCCCOc2ccccc2)cc1,1106
REP_00735,CHEMBL2303614,CHONDROITIN SULFATE,CC(=O)N[C@@H]1[C@@H](COC[C@@H]2O[C@H](C(=O)O)[C@@H](CO)[C@H](O)[C@H]2O)[C@@H](CS(=O)(=O)O)[C@@H](CO)O[C@H]1CO,OAEOAAHCJGWJIC-CEVJMMQXSA-N,531.53,3.0,,True,False,False,phase_only,,Small molecule,MOL,0.0,35.385814497272015,False,,C1CCC(COCC2CCOCC2)OC1,1107
REP_00736,CHEMBL2315212,MAGNESIUM VALPROATE,CCCC(CCC)C(=O)[O-].CCCC(CCC)C(=O)[O-],HMMZYAWXHXQDMQ-UHFFFAOYSA-L,286.41,3.0,,True,False,False,phase_only,,Small molecule,MOL,0.0,35.385814497272015,False,,,1108
REP_00737,CHEMBL231616,TRIAPINE,NC(=S)N/N=C/c1ncccc1N,XMYKNCNAZKMVQN-NYYWCZLTSA-N,195.25,3.0,,True,False,False,phase_only,,Small molecule,MOL,0.0,35.385814497272015,False,,c1ccncc1,1109
REP_00248,CHEMBL289469,GRANISETRON,CN1C2CCCC1CC(NC(=O)c1nn(C)c3ccccc13)C2,MFWNKCLOYSRHCJ-UHFFFAOYSA-N,312.42,4.0,,False,True,False,primary_atc_phase,,Small molecule,MOL,0.0,35.385814497272015,False,,O=C(NC1CC2CCCC(C1)N2)c1n[nH]c2ccccc12,1110
REP_00724,CHEMBL219568,GUANINE,Nc1nc2[nH]cnc2c(=O)[nH]1,UYTPUPDQBNUYGX-UHFFFAOYSA-N,151.13,3.0,,True,False,False,phase_only,,Small molecule,MOL,0.0,35.385814497272015,False,,O=c1[nH]cnc2[nH]cnc12,1111
REP_00797,CHEMBL301742,ARBACLOFEN,NC[C@H](CC(=O)O)c1ccc(Cl)cc1,KPYSYYIEGFHWSV-QMMMGPOBSA-N,213.66,3.0,,True,False,False,phase_only,,Small molecule,MOL,0.0,35.385814497272015,False,,c1ccccc1,1112
REP_00798,CHEMBL3039113,THEANINE,CCNC(=O)CC[C@H](N)C(=O)O,DATAGRPVKZEWHA-YFKPBYRVSA-N,174.2,3.0,,True,False,False,phase_only,,Small molecule,MOL,0.0,35.385814497272015,False,,,1113
REP_00228,CHEMBL2219418,NALOXEGOL,C=CCN1CC[C@]23c4c5ccc(O)c4O[C@H]2[C@@H](OCCOCCOCCOCCOCCOCCOCCOC)CC[C@@]3(O)[C@H]1C5,XNKCCCKFOQNXKV-ZRSCBOBOSA-N,651.79,4.0,,False,True,False,primary_atc_phase,,Small molecule,MOL,0.0,35.385814497272015,False,,c1cc2c3c(c1)OC1CCCC4C(C2)NCCC314,1114
REP_00227,CHEMBL2218896,NABILONE,CCCCCCC(C)(C)c1cc(O)c2c(c1)OC(C)(C)C1CCC(=O)CC21,GECBBEABIDMGGL-UHFFFAOYSA-N,372.55,4.0,,False,True,False,primary_atc_phase,,Small molecule,MOL,0.0,35.385814497272015,False,,O=C1CCC2COc3ccccc3C2C1,1115
REP_00801,CHEMBL3039511,BEVENOPRAN,COc1cc(CNCCC2CCOCC2)ccc1Oc1cnc(C(N)=O)cn1,ZGCYVRNZWGUXNQ-UHFFFAOYSA-N,386.45,3.0,,True,False,False,phase_only,,Small molecule,MOL,0.0,35.385814497272015,False,,c1cnc(Oc2ccc(CNCCC3CCOCC3)cc2)cn1,1116
REP_00802,CHEMBL3039528,ZICRONAPINE,CN1CCN([C@@H]2C[C@@H](c3ccccc3)c3ccc(Cl)cc32)CC1(C)C,BYPMJBXPNZMNQD-PZJWPPBQSA-N,354.93,3.0,,True,False,False,phase_only,,Small molecule,MOL,0.0,35.385814497272015,False,,c1ccc(C2CC(N3CCNCC3)c3ccccc32)cc1,1117
REP_00803,CHEMBL3039529,TIRASEMTIV,C#Cc1cnc2nc(O)n(C(CC)CC)c2n1,RSQGZEAXODVTOL-UHFFFAOYSA-N,230.27,3.0,,True,False,False,phase_only,,Small molecule,MOL,0.0,35.385814497272015,False,,c1cnc2[nH]cnc2n1,1118
REP_00804,CHEMBL308148,SAREDUTANT,CC(=O)NC1(c2ccccc2)CCN(CC[C@H](CN(C)C(=O)c2ccccc2)c2ccc(Cl)c(Cl)c2)CC1,PGKXDIMONUAMFR-AREMUKBSSA-N,552.55,3.0,,True,False,False,phase_only,,Small molecule,MOL,0.0,35.385814497272015,False,,O=C(NCC(CCN1CCC(c2ccccc2)CC1)c1ccccc1)c1ccccc1,1119
REP_00805,CHEMBL310671,SACCHARIN,O=C1NS(=O)(=O)c2ccccc21,CVHZOJJKTDOEJC-UHFFFAOYSA-N,183.19,3.0,,True,False,False,phase_only,,Small molecule,MOL,0.0,35.385814497272015,False,,O=C1NS(=O)(=O)c2ccccc21,1120
REP_00226,CHEMBL2218861,QUINAGOLIDE,CCCN1CC(NS(=O)(=O)N(CC)CC)CC2Cc3c(O)cccc3CC21,GDFGTRDCCWFXTG-UHFFFAOYSA-N,395.57,4.0,,False,True,False,primary_atc_phase,,Small molecule,MOL,0.0,35.385814497272015,False,,c1ccc2c(c1)CC1CCCNC1C2,1121
REP_00225,CHEMBL219916,DOMPERIDONE,O=c1[nH]c2ccccc2n1CCCN1CCC(n2c(=O)[nH]c3cc(Cl)ccc32)CC1,FGXWKSZFVQUSTL-UHFFFAOYSA-N,425.92,4.0,,False,True,False,primary_atc_phase,,Small molecule,MOL,0.0,35.385814497272015,False,,O=c1[nH]c2ccccc2n1CCCN1CCC(n2c(=O)[nH]c3ccccc32)CC1,1122
REP_00222,CHEMBL211456,EPHEDRINE,CN[C@@H](C)[C@H](O)c1ccccc1,KWGRBVOPPLSCSI-WPRPVWTQSA-N,165.24,4.0,,False,True,False,primary_atc_phase,,Small molecule,MOL,0.0,35.385814497272015,False,,c1ccccc1,1123
REP_00809,CHEMBL313006,DALCETRAPIB,CCC(CC)CC1(C(=O)Nc2ccccc2SC(=O)C(C)C)CCCCC1,YZQLWPMZQVHJED-UHFFFAOYSA-N,389.61,3.0,,True,False,False,phase_only,,Small molecule,MOL,0.0,35.385814497272015,False,,O=C(Nc1ccccc1)C1CCCCC1,1124
REP_00767,CHEMBL258405,ICILLIN,O=C1NC(c2cccc([N+](=O)[O-])c2)=CCN1c1ccccc1O,RCEFMOGVOYEGJN-UHFFFAOYSA-N,311.3,3.0,,True,False,False,phase_only,,Small molecule,MOL,0.0,35.385814497272015,False,,O=C1NC(c2ccccc2)=CCN1c1ccccc1,1125
REP_00221,CHEMBL2111286,RANITIDINE BISMUTH CITRATE,CNC(=C[N+](=O)[O-])NCCSCc1ccc(CN(C)C)o1.O=C([O-])CC(O)(CC(=O)[O-])C(=O)[O-].[Bi+3],XAUTYMZTJWXZHZ-UHFFFAOYSA-K,712.49,4.0,,False,True,False,primary_atc_phase,,Small molecule,MOL,0.0,35.385814497272015,False,,c1ccoc1,1126
REP_00812,CHEMBL3137332,FEVIPIPRANT,Cc1c(CC(=O)O)c2cccnc2n1Cc1ccc(S(C)(=O)=O)cc1C(F)(F)F,GFPPXZDRVCSVNR-UHFFFAOYSA-N,426.42,3.0,,True,False,False,phase_only,,Small molecule,MOL,0.0,35.385814497272015,False,,c1ccc(Cn2ccc3cccnc32)cc1,1127
REP_00813,CHEMBL3137335,TRANSCROCETINATE SODIUM,CC(/C=C/C=C(\C)C(=O)[O-])=C\C=C\C=C(C)\C=C\C=C(/C)C(=O)[O-],PANKHBYNKQNAHN-MQQNZMFNSA-L,326.39,3.0,,True,False,False,phase_only,,Small molecule,MOL,0.0,35.385814497272015,False,,,1128
REP_00814,CHEMBL313971,ZUCAPSAICIN,COc1cc(CNC(=O)CCCC/C=C\C(C)C)ccc1O,YKPUWZUDDOIDPM-VURMDHGXSA-N,305.42,3.0,,True,True,False,primary_atc_phase,,Small molecule,MOL,0.0,35.385814497272015,False,,c1ccccc1,1129
REP_00815,CHEMBL3181870,PYRIDOXAL PHOSPHATE,Cc1ncc(COP(=O)(O)O)c(C=O)c1O,NGVDGCNFYWLIFO-UHFFFAOYSA-N,247.14,3.0,,True,True,False,primary_atc_phase,,Small molecule,MOL,0.0,35.385814497272015,False,,c1ccncc1,1130
REP_00816,CHEMBL3182314,SIVELESTAT SODIUM,CC(C)(C)C(=O)Oc1ccc(S(=O)(=O)Nc2ccccc2C(=O)NCC(=O)[O-])cc1,BTGNGJJLZOIYID-UHFFFAOYSA-M,433.46,3.0,,True,False,False,phase_only,,Small molecule,MOL,0.0,35.385814497272015,False,,O=S(=O)(Nc1ccccc1)c1ccccc1,1131
REP_00817,CHEMBL3185084,SUCRALOSE,OC[C@H]1O[C@H](O[C@]2(CCl)O[C@H](CCl)[C@@H](O)[C@@H]2O)[C@H](O)[C@@H](O)[C@H]1Cl,BAQAVOSOZGMPRM-QBMZZYIRSA-N,397.63,3.0,,True,False,False,phase_only,,Small molecule,MOL,0.0,35.385814497272015,False,,C1CCC(OC2CCCO2)OC1,1132
REP_00818,CHEMBL3186011,EPRENETAPOPT,COCC1(CO)C(=O)C2CCN1CC2,BGBNULCRKBVAKL-UHFFFAOYSA-N,199.25,3.0,,True,False,False,phase_only,,Small molecule,MOL,0.0,35.385814497272015,False,,O=C1CN2CCC1CC2,1133
REP_00220,CHEMBL2110962,MEFENOREX,CC(Cc1ccccc1)NCCCCl,XXVROGAVTTXONC-UHFFFAOYSA-N,211.74,4.0,,False,True,False,primary_atc_phase,,Small molecule,MOL,0.0,35.385814497272015,False,,c1ccccc1,1134
REP_00820,CHEMBL3186849,CPI 613,O=C(O)CCCCC(CCSCc1ccccc1)SCc1ccccc1,ZYRLHJIMTROTBO-UHFFFAOYSA-N,388.6,3.0,,True,False,False,phase_only,,Small molecule,MOL,0.0,35.385814497272015,False,,c1ccc(CSCCCSCc2ccccc2)cc1,1135
REP_00218,CHEMBL2110588,ELIGLUSTAT,CCCCCCCC(=O)N[C@H](CN1CCCC1)[C@H](O)c1ccc2c(c1)OCCO2,FJZZPCZKBUKGGU-AUSIDOKSSA-N,404.55,4.0,,False,True,True,primary_atc_phase,,Small molecule,MOL,0.0,35.385814497272015,False,,c1cc2c(cc1CCCN1CCCC1)OCCO2,1136
REP_00822,CHEMBL320775,NOLATREXED,Cc1ccc2nc(N)[nH]c(=O)c2c1Sc1ccncc1,XHWRWCSCBDLOLM-UHFFFAOYSA-N,284.34,3.0,,True,False,False,phase_only,,Small molecule,MOL,0.0,35.385814497272015,False,,O=c1[nH]cnc2cccc(Sc3ccncc3)c12,1137
REP_00824,CHEMBL3265032,ENTOSPLETINIB,c1cn2cc(-c3ccc4cn[nH]c4c3)nc(Nc3ccc(N4CCOCC4)cc3)c2n1,XSMSNFMDVXXHGJ-UHFFFAOYSA-N,411.47,3.0,,True,False,False,phase_only,,Small molecule,MOL,0.0,35.385814497272015,False,,c1cn2cc(-c3ccc4cn[nH]c4c3)nc(Nc3ccc(N4CCOCC4)cc3)c2n1,1138
REP_00810,CHEMBL3137314,ESUBERAPROST,CC#CC[C@H](C)[C@H](O)/C=C/[C@@H]1[C@H]2c3cccc(CCCC(=O)O)c3O[C@H]2C[C@H]1O,CTPOHARTNNSRSR-NOQAJONNSA-N,398.5,3.0,,True,False,False,phase_only,,Small molecule,MOL,0.0,35.385814497272015,False,,c1ccc2c(c1)OC1CCCC21,1139
REP_00768,CHEMBL259223,MENATETRENONE,CC(C)=CCC/C(C)=C/CC/C(C)=C/CC/C(C)=C/CC1=C(C)C(=O)c2ccccc2C1=O,DKHGMERMDICWDU-GHDNBGIDSA-N,444.66,3.0,,True,True,False,primary_atc_phase,,Small molecule,MOL,0.0,35.385814497272015,False,,O=C1C=CC(=O)c2ccccc21,1140
REP_00769,CHEMBL260046,EVOFOSFAMIDE,Cn1c(COP(=O)(NCCBr)NCCBr)cnc1[N+](=O)[O-],UGJWRPJDTDGERK-UHFFFAOYSA-N,449.04,3.0,,True,False,False,phase_only,,Small molecule,MOL,0.0,35.385814497272015,False,,c1c[nH]cn1,1141
REP_00770,CHEMBL262075,INDIPLON,CC(=O)N(C)c1cccc(-c2ccnc3c(C(=O)c4cccs4)cnn23)c1,CBIAWPMZSFFRGN-UHFFFAOYSA-N,376.44,3.0,,True,False,False,phase_only,,Small molecule,MOL,0.0,35.385814497272015,False,,O=C(c1cccs1)c1cnn2c(-c3ccccc3)ccnc12,1142
REP_00771,CHEMBL263198,OCTAAMINOACRIDINE,Nc1c2c(nc3c1CCCC3)CCCC2,BMRFESVZYWRROS-UHFFFAOYSA-N,202.3,3.0,,True,False,False,phase_only,,Small molecule,MOL,0.0,35.385814497272015,False,,c1c2c(nc3c1CCCC3)CCCC2,1143
REP_00772,CHEMBL264374,BEZAFIBRATE,CC(C)(Oc1ccc(CCNC(=O)c2ccc(Cl)cc2)cc1)C(=O)O,IIBYAHWJQTYFKB-UHFFFAOYSA-N,361.83,3.0,,True,False,False,phase_only,,Small molecule,MOL,0.0,35.385814497272015,False,,O=C(NCCc1ccccc1)c1ccccc1,1144
REP_00773,CHEMBL266497,SORBINIL,O=C1NC(=O)[C@@]2(CCOc3ccc(F)cc32)N1,LXANPKRCLVQAOG-NSHDSACASA-N,236.2,3.0,,True,False,False,phase_only,,Small molecule,MOL,0.0,35.385814497272015,False,,O=C1NC(=O)C2(CCOc3ccccc32)N1,1145
REP_00774,CHEMBL266510,FLINDOKALNER,COc1ccc(Cl)cc1[C@]1(F)C(=O)Nc2cc(C(F)(F)F)ccc21,ULYONBAOIMCNEH-HNNXBMFYSA-N,359.71,3.0,,True,False,False,phase_only,,Small molecule,MOL,0.0,35.385814497272015,False,,O=C1Nc2ccccc2C1c1ccccc1,1146
REP_00775,CHEMBL267431,ASOPRISNIL,COC[C@]1(OC)CC[C@H]2[C@@H]3CCC4=CC(=O)CCC4=C3[C@@H](c3ccc(/C=N/O)cc3)C[C@@]21C,GJMNAFGEUJBOCE-MEQIQULJSA-N,449.59,3.0,,True,False,False,phase_only,,Small molecule,MOL,0.0,35.385814497272015,False,,O=C1C=C2CCC3C(=C2CC1)C(c1ccccc1)CC1CCCC13,1147
REP_00776,CHEMBL269671,ARTEMISININ,C[C@@H]1CC[C@H]2[C@@H](C)C(=O)O[C@@H]3O[C@@]4(C)CC[C@@H]1[C@]32OO4,BLUAFEHZUWYNDE-NNWCWBAJSA-N,282.34,3.0,,True,False,False,phase_only,,Small molecule,MOL,0.0,35.385814497272015,False,,O=C1CC2CCCC3CCC4OOC32C(O1)O4,1148
REP_00235,CHEMBL2356023,DIHYDROTACHYSTEROL,CC(C)[C@@H](C)/C=C/[C@@H](C)[C@H]1CC[C@H]2/C(=C/C=C3\C[C@@H](O)CC[C@@H]3C)CCC[C@]12C,ILYCWAKSDCYMBB-OPCMSESCSA-N,398.68,4.0,,False,True,False,primary_atc_phase,,Small molecule,MOL,0.0,35.385814497272015,False,,C(C=C1CCCC2CCCC12)=C1CCCCC1,1149
REP_00778,CHEMBL273264,NAFAMOSTAT,N=C(N)Nc1ccc(C(=O)Oc2ccc3cc(C(=N)N)ccc3c2)cc1,MQQNFDZXWVTQEH-UHFFFAOYSA-N,347.38,3.0,,True,False,False,phase_only,,Small molecule,MOL,0.0,35.385814497272015,False,,O=C(Oc1ccc2ccccc2c1)c1ccccc1,1150
REP_00779,CHEMBL273862,HYDROXYCAMPTOTHECIN,CC[C@@]1(O)C(=O)OCc2c1cc1n(c2=O)Cc2cc3cc(O)ccc3nc2-1,HAWSQZCWOQZXHI-FQEVSTJZSA-N,364.36,3.0,,True,False,False,phase_only,,Small molecule,MOL,0.0,35.385814497272015,False,,O=C1Cc2cc3n(c(=O)c2CO1)Cc1cc2ccccc2nc1-3,1151
REP_00780,CHEMBL274654,ORANTINIB,Cc1[nH]c(/C=C2\C(=O)Nc3ccccc32)c(C)c1CCC(=O)O,NHFDRBXTEDBWCZ-ZROIWOOFSA-N,310.35,3.0,,True,False,False,phase_only,,Small molecule,MOL,0.0,35.385814497272015,False,,O=C1Nc2ccccc2C1=Cc1ccc[nH]1,1152
REP_00796,CHEMBL301523,PHENYLALANINE,N[C@@H](Cc1ccccc1)C(=O)O,COLNVLDHVKWLRT-QMMMGPOBSA-N,165.19,3.0,,True,False,False,phase_only,,Small molecule,MOL,0.0,35.385814497272015,False,,c1ccccc1,1153
REP_00782,CHEMBL277474,ANTIPYRINE,Cc1cc(=O)n(-c2ccccc2)n1C,VEQOALNAAJBPNY-UHFFFAOYSA-N,188.23,3.0,,True,False,False,phase_only,,Small molecule,MOL,0.0,35.385814497272015,False,,O=c1cc[nH]n1-c1ccccc1,1154
REP_00783,CHEMBL27759,ENTINOSTAT,Nc1ccccc1NC(=O)c1ccc(CNC(=O)OCc2cccnc2)cc1,INVTYAOGFAGBOE-UHFFFAOYSA-N,376.42,3.0,,True,False,False,phase_only,,Small molecule,MOL,0.0,35.385814497272015,False,,O=C(NCc1ccc(C(=O)Nc2ccccc2)cc1)OCc1cccnc1,1155
REP_00784,CHEMBL278172,BENZOCAINE,CCOC(=O)c1ccc(N)cc1,BLFLLBZGZJTVJG-UHFFFAOYSA-N,165.19,3.0,,True,False,False,phase_only,,Small molecule,MOL,0.0,35.385814497272015,False,,c1ccccc1,1156
REP_00785,CHEMBL279229,URAPIDIL,COc1ccccc1N1CCN(CCCNc2cc(=O)n(C)c(=O)n2C)CC1,ICMGLRUYEQNHPF-UHFFFAOYSA-N,387.48,3.0,,True,False,False,phase_only,,Small molecule,MOL,0.0,35.385814497272015,False,,O=c1cc(NCCCN2CCN(c3ccccc3)CC2)[nH]c(=O)[nH]1,1157
REP_00234,CHEMBL2355051,CLOMIPHENE,CCN(CC)CCOc1ccc(C(=C(Cl)c2ccccc2)c2ccccc2)cc1,GKIRPKYJQBWNGO-UHFFFAOYSA-N,405.97,4.0,,False,True,False,primary_atc_phase,,Small molecule,MOL,0.0,35.385814497272015,False,,C(=C(c1ccccc1)c1ccccc1)c1ccccc1,1158
REP_00787,CHEMBL281594,VANOXERINE,Fc1ccc(C(OCCN2CCN(CCCc3ccccc3)CC2)c2ccc(F)cc2)cc1,NAUWTFJOPJWYOT-UHFFFAOYSA-N,450.57,3.0,,True,False,False,phase_only,,Small molecule,MOL,0.0,35.385814497272015,False,,c1ccc(CCCN2CCN(CCOC(c3ccccc3)c3ccccc3)CC2)cc1,1159
REP_00788,CHEMBL282686,TESAGLITAZAR,CCO[C@@H](Cc1ccc(OCCc2ccc(OS(C)(=O)=O)cc2)cc1)C(=O)O,CXGTZJYQWSUFET-IBGZPJMESA-N,408.47,3.0,,True,False,False,phase_only,,Small molecule,MOL,0.0,35.385814497272015,False,,c1ccc(CCOc2ccccc2)cc1,1160
REP_00233,CHEMBL2338675,FOSDENOPTERIN,Nc1nc(=O)c2c([nH]1)N[C@@H]1O[C@@H]3COP(=O)(O)O[C@@H]3C(O)(O)[C@@H]1N2,CZAKJJUNKNPTTO-AJFJRRQVSA-N,363.22,4.0,,False,True,True,primary_atc_phase,,Small molecule,MOL,0.0,35.385814497272015,False,,O=c1nc[nH]c2c1NC1CC3O[PH](=O)OCC3OC1N2,1161
REP_00232,CHEMBL231068,FLIBANSERIN,O=c1[nH]c2ccccc2n1CCN1CCN(c2cccc(C(F)(F)F)c2)CC1,PPRRDFIXUUSXRA-UHFFFAOYSA-N,390.41,4.0,,False,True,False,primary_atc_phase,,Small molecule,MOL,0.0,35.385814497272015,False,,O=c1[nH]c2ccccc2n1CCN1CCN(c2ccccc2)CC1,1162
REP_00791,CHEMBL290194,ALIZAPRIDE,C=CCN1CCCC1CNC(=O)c1cc2nn[nH]c2cc1OC,KSEYRUGYKHXGFW-UHFFFAOYSA-N,315.38,3.0,,True,True,False,primary_atc_phase,,Small molecule,MOL,0.0,35.385814497272015,False,,O=C(NCC1CCCN1)c1ccc2[nH]nnc2c1,1163
REP_00230,CHEMBL229128,MEPHENESIN,Cc1ccccc1OCC(O)CO,JWDYCNIAQWPBHD-UHFFFAOYSA-N,182.22,4.0,,False,True,False,primary_atc_phase,,Small molecule,MOL,0.0,35.385814497272015,False,,c1ccccc1,1164
REP_00793,CHEMBL296522,RENZAPRIDE,COc1cc(N)c(Cl)cc1C(=O)NC1CCN2CCCC1C2,GZSKEXSLDPEFPT-UHFFFAOYSA-N,323.82,3.0,,True,False,False,phase_only,,Small molecule,MOL,0.0,35.385814497272015,False,,O=C(NC1CCN2CCCC1C2)c1ccccc1,1165
REP_00229,CHEMBL223448,BROXYQUINOLINE,Oc1c(Br)cc(Br)c2cccnc12,ZDASUJMDVPTNTF-UHFFFAOYSA-N,302.95,4.0,,False,True,False,primary_atc_phase,,Small molecule,MOL,0.0,35.385814497272015,False,,c1ccc2ncccc2c1,1166
REP_00795,CHEMBL298359,MITOMYCIN A,COC1=C(C)C(=O)C2=C(C1=O)[C@@H](COC(N)=O)[C@@]1(OC)[C@H]3N[C@H]3CN21,HYFMSAFINFJTFH-NGSRAFSJSA-N,349.34,3.0,,True,False,False,phase_only,,Small molecule,MOL,0.0,35.385814497272015,False,,O=C1C=CC(=O)C2=C1CC1C3NC3CN21,1167
REP_00781,CHEMBL276711,SEMAXANIB,Cc1cc(C)c(/C=C2\C(=O)Nc3ccccc32)[nH]1,WUWDLXZGHZSWQZ-WQLSENKSSA-N,238.29,3.0,,True,False,False,phase_only,,Small molecule,MOL,0.0,35.385814497272015,False,,O=C1Nc2ccccc2C1=Cc1ccc[nH]1,1168
REP_00294,CHEMBL427216,GLICLAZIDE,Cc1ccc(S(=O)(=O)NC(=O)NN2CC3CCCC3C2)cc1,BOVGTQGAOIONJV-UHFFFAOYSA-N,323.42,4.0,,False,True,True,primary_atc_phase,,Small molecule,MOL,0.0,35.385814497272015,False,,O=C(NN1CC2CCCC2C1)NS(=O)(=O)c1ccccc1,1169
REP_00293,CHEMBL425,OLSALAZINE,O=C(O)c1cc(/N=N/c2ccc(O)c(C(=O)O)c2)ccc1O,QQBDLJCYGRGAKP-FOCLMDBBSA-N,302.24,4.0,,False,True,False,primary_atc_phase,,Small molecule,MOL,0.0,35.385814497272015,False,,c1ccc(N=Nc2ccccc2)cc1,1170
REP_00625,CHEMBL2103881,DEXMECAMYLAMINE,CN[C@@]1(C)[C@@H]2CC[C@@H](C2)C1(C)C,IMYZQPCYWPFTAG-NGZCFLSTSA-N,167.3,3.0,,True,False,False,phase_only,,Small molecule,MOL,0.0,35.385814497272015,False,,C1CC2CCC1C2,1171
REP_00626,CHEMBL2103882,TIVANTINIB,O=C1NC(=O)[C@@H](c2cn3c4c(cccc24)CCC3)[C@@H]1c1c[nH]c2ccccc12,UCEQXRCJXIVODC-PMACEKPBSA-N,369.42,3.0,,True,False,False,phase_only,,Small molecule,MOL,0.0,35.385814497272015,False,,O=C1NC(=O)C(c2cn3c4c(cccc24)CCC3)C1c1c[nH]c2ccccc12,1172
REP_00627,CHEMBL2103991,BALAGLITAZONE,Cn1c(COc2ccc(CC3SC(=O)NC3=O)cc2)nc2ccccc2c1=O,IETKPTYAGKZLKY-UHFFFAOYSA-N,395.44,3.0,,True,False,False,phase_only,,Small molecule,MOL,0.0,35.385814497272015,False,,O=C1NC(=O)C(Cc2ccc(OCc3nc4ccccc4c(=O)[nH]3)cc2)S1,1173
REP_00628,CHEMBL2104038,CILEXETIL,CC(C)OC(=O)OC1CCCCC1,VTDCYOLLYVAJSY-UHFFFAOYSA-N,186.25,3.0,,True,False,False,phase_only,,Small molecule,MOL,0.0,35.385814497272015,False,,C1CCCCC1,1174
REP_00629,CHEMBL2104114,CREATINOLFOSFATE,CN(CCOP(=O)(O)O)C(=N)N,FOIPWTMKYXWFGC-UHFFFAOYSA-N,197.13,3.0,,True,False,False,phase_only,,Small molecule,MOL,0.0,35.385814497272015,False,,,1175
REP_00630,CHEMBL2104251,ENBUCRILATE,C=C(C#N)C(=O)OCCCC,JJJFUHOGVZWXNQ-UHFFFAOYSA-N,153.18,3.0,,True,False,False,phase_only,,Small molecule,MOL,0.0,35.385814497272015,False,,,1176
REP_00631,CHEMBL2104318,DIMESNA,O=S(=O)([O-])CCSSCCS(=O)(=O)[O-],BYUKOOOZTSTOOH-UHFFFAOYSA-L,280.37,3.0,,True,False,False,phase_only,,Small molecule,MOL,0.0,35.385814497272015,False,,,1177
REP_00632,CHEMBL2104398,ISOMALT,OCC(O)[C@@H](O)[C@H](O)[C@H](O)CO[C@H]1O[C@H](CO)[C@@H](O)[C@H](O)[C@H]1O,SERLAGPUMNYUCK-BLEZHGCXSA-N,344.31,3.0,,True,False,False,phase_only,,Small molecule,MOL,0.0,35.385814497272015,False,,C1CCOCC1,1178
REP_00633,CHEMBL2104514,ARGININE GLUTAMATE,N=C(N)NCCC[C@H](N)C(=O)O.N[C@@H](CCC(=O)O)C(=O)O,RVEWUBJVAHOGKA-WOYAITHZSA-N,321.33,3.0,,True,True,False,primary_atc_phase,,Small molecule,MOL,0.0,35.385814497272015,False,,,1179
REP_00290,CHEMBL413965,FELBINAC,O=C(O)Cc1ccc(-c2ccccc2)cc1,QRZAKQDHEVVFRX-UHFFFAOYSA-N,212.25,4.0,,False,True,False,primary_atc_phase,,Small molecule,MOL,0.0,35.385814497272015,False,,c1ccc(-c2ccccc2)cc1,1180
REP_00289,CHEMBL411,DIETHYLSTILBESTROL,CC/C(=C(/CC)c1ccc(O)cc1)c1ccc(O)cc1,RGLYKWWBQGJZGM-ISLYRVAYSA-N,268.36,4.0,,False,True,False,primary_atc_phase,,Small molecule,MOL,0.0,35.385814497272015,False,,C(=Cc1ccccc1)c1ccccc1,1181
REP_00262,CHEMBL348000,CINCHOPHEN,O=C(O)c1cc(-c2ccccc2)nc2ccccc12,YTRMTPPVNRALON-UHFFFAOYSA-N,249.27,4.0,,False,True,True,primary_atc_phase,,Small molecule,MOL,0.0,35.385814497272015,False,,c1ccc(-c2ccc3ccccc3n2)cc1,1182
REP_00637,CHEMBL2104612,MITOLACTOL,O[C@H]([C@H](O)[C@@H](O)CBr)[C@H](O)CBr,VFKZTMPDYBFSTM-GUCUJZIJSA-N,307.97,3.0,,True,False,False,phase_only,,Small molecule,MOL,0.0,35.385814497272015,False,,,1183
REP_00638,CHEMBL2104688,TIROPRAMIDE,CCCN(CCC)C(=O)C(Cc1ccc(OCCN(CC)CC)cc1)NC(=O)c1ccccc1,FDBWMYOFXWMGEY-UHFFFAOYSA-N,467.65,3.0,,True,True,False,primary_atc_phase,,Small molecule,MOL,0.0,35.385814497272015,False,,O=C(NCCc1ccccc1)c1ccccc1,1184
REP_00639,CHEMBL2104734,OXOMEMAZINE,CC(CN(C)C)CN1c2ccccc2S(=O)(=O)c2ccccc21,QTQPVLDZQVPLGV-UHFFFAOYSA-N,330.45,3.0,,True,False,False,phase_only,,Small molecule,MOL,0.0,35.385814497272015,False,,O=S1(=O)c2ccccc2Nc2ccccc21,1185
REP_00640,CHEMBL2104753,RIVOGLITAZONE,COc1ccc2nc(COc3ccc(CC4SC(=O)NC4=O)cc3)n(C)c2c1,XMSXOLDPMGMWTH-UHFFFAOYSA-N,397.46,3.0,,True,False,False,phase_only,,Small molecule,MOL,0.0,35.385814497272015,False,,O=C1NC(=O)C(Cc2ccc(OCc3nc4ccccc4[nH]3)cc2)S1,1186
REP_00641,CHEMBL2104765,TRIMEGESTONE,C[C@H](O)C(=O)[C@@]1(C)CC[C@H]2[C@@H]3CCC4=CC(=O)CCC4=C3CC[C@@]21C,JUNDJWOLDSCTFK-MTZCLOFQSA-N,342.48,3.0,,True,False,False,phase_only,,Small molecule,MOL,0.0,35.385814497272015,False,,O=C1C=C2CCC3C(=C2CC1)CCC1CCCC13,1187
REP_00285,CHEMBL400599,BENFLUOREX,CC(Cc1cccc(C(F)(F)F)c1)NCCOC(=O)c1ccccc1,CJAVTWRYCDNHSM-UHFFFAOYSA-N,351.37,4.0,,False,True,True,primary_atc_phase,,Small molecule,MOL,0.0,35.385814497272015,False,,O=C(OCCNCCc1ccccc1)c1ccccc1,1188
REP_00643,CHEMBL2104979,PERFLUBUTANE,FC(F)(F)C(F)(F)C(F)(F)C(F)(F)F,KAVGMUDTWQVPDF-UHFFFAOYSA-N,238.02,3.0,,True,False,False,phase_only,,Small molecule,MOL,0.0,35.385814497272015,False,,,1189
REP_00644,CHEMBL2105006,IODOL,Ic1[nH]c(I)c(I)c1I,VJOVAKSZILJDBB-UHFFFAOYSA-N,570.68,3.0,,True,False,False,phase_only,,Small molecule,MOL,0.0,35.385814497272015,False,,c1cc[nH]c1,1190
REP_00645,CHEMBL2105019,LIFIBROL,CC(C)(C)c1ccc(CCC(O)COc2ccc(C(=O)O)cc2)cc1,LNXBEIZREVRNTF-UHFFFAOYSA-N,342.44,3.0,,True,False,False,phase_only,,Small molecule,MOL,0.0,35.385814497272015,False,,c1ccc(CCCCOc2ccccc2)cc1,1191
REP_00646,CHEMBL2105085,GEFARNATE,CC(C)=CCC/C(C)=C/CC/C(C)=C/CCC(=O)OC/C=C(\C)CCC=C(C)C,ZPACYDRSPFRDHO-ROBAGEODSA-N,400.65,3.0,,True,True,False,primary_atc_phase,,Small molecule,MOL,0.0,35.385814497272015,False,,,1192
REP_00647,CHEMBL2105161,NICOBOXIL,CCCCOCCOC(=O)c1cccnc1,IZJRISIINLJVBU-UHFFFAOYSA-N,223.27,3.0,,True,False,False,phase_only,,Small molecule,MOL,0.0,35.385814497272015,False,,c1ccncc1,1193
REP_00648,CHEMBL2105294,OMEPRAZOLE SODIUM,COc1ccc2[n-]c([S+]([O-])Cc3ncc(C)c(OC)c3C)nc2c1,MZXXONIZWOBROX-UHFFFAOYSA-N,344.42,3.0,,True,False,False,phase_only,,Small molecule,MOL,0.0,35.385814497272015,False,,c1ccc(C[SH+]c2nc3ccccc3[n-]2)nc1,1194
REP_00649,CHEMBL2105348,RANIMUSTINE,CO[C@H]1O[C@H](CNC(=O)N(CCCl)N=O)[C@@H](O)[C@H](O)[C@H]1O,AHHFEZNOXOZZQA-ZEBDFXRSSA-N,327.72,3.0,,True,False,False,phase_only,,Small molecule,MOL,0.0,35.385814497272015,False,,C1CCOCC1,1195
REP_00286,CHEMBL404108,LUMIRACOXIB,Cc1ccc(Nc2c(F)cccc2Cl)c(CC(=O)O)c1,KHPKQFYUPIUARC-UHFFFAOYSA-N,293.73,4.0,,False,True,True,primary_atc_phase,,Small molecule,MOL,0.0,35.385814497272015,False,,c1ccc(Nc2ccccc2)cc1,1196
REP_00594,CHEMBL2003538,CETYLPYRIDINIUM CHLORIDE,CCCCCCCCCCCCCCCC[n+]1ccccc1,NEUSVAOJNUQRTM-UHFFFAOYSA-N,304.54,3.0,,True,False,False,phase_only,,Small molecule,MOL,0.0,35.385814497272015,False,,c1cc[nH+]cc1,1197
REP_00595,CHEMBL2009034,"2,2'-DITHIODIETHANESULFONIC ACID",O=S(=O)(O)CCSSCCS(=O)(=O)O,BYUKOOOZTSTOOH-UHFFFAOYSA-N,282.39,3.0,,True,False,False,phase_only,,Small molecule,MOL,0.0,35.385814497272015,False,,,1198
REP_00596,CHEMBL2013119,RIGOSERTIB SODIUM,COc1cc(OC)c(/C=C/S(=O)(=O)Cc2ccc(OC)c(NCC(=O)[O-])c2)c(OC)c1,OWBFCJROIKNMGD-BQYQJAHWSA-M,450.49,3.0,,True,False,False,phase_only,,Small molecule,MOL,0.0,35.385814497272015,False,,O=S(=O)(C=Cc1ccccc1)Cc1ccccc1,1199
REP_00597,CHEMBL2017179,EVACETRAPIB,Cc1cc(C)c2c(c1)[C@@H](N(Cc1cc(C(F)(F)F)cc(C(F)(F)F)c1)c1nnn(C)n1)CCCN2C[C@H]1CC[C@H](C(=O)O)CC1,IHIUGIVXARLYHP-YBXDKENTSA-N,638.66,3.0,,True,False,False,phase_only,,Small molecule,MOL,0.0,35.385814497272015,False,,c1ccc(CN(c2nn[nH]n2)C2CCCN(CC3CCCCC3)c3ccccc32)cc1,1200
REP_00311,CHEMBL493287,GLUCOSAMINE,N[C@H]1C(O)O[C@H](CO)[C@@H](O)[C@@H]1O,MSWZFWKMSRAUBD-IVMDWMLBSA-N,179.17,4.0,,False,True,True,primary_atc_phase,,Small molecule,MOL,0.0,35.385814497272015,False,,C1CCOCC1,1201
REP_00599,CHEMBL203125,FOSMIDOMYCIN,O=CN(O)CCCP(=O)(O)O,GJXWDTUCERCKIX-UHFFFAOYSA-N,183.1,3.0,,True,False,False,phase_only,,Small molecule,MOL,0.0,35.385814497272015,False,,,1202
REP_00310,CHEMBL480,LANSOPRAZOLE,Cc1c(OCC(F)(F)F)ccnc1C[S+]([O-])c1nc2ccccc2[nH]1,MJIHNNLFOKEZEW-UHFFFAOYSA-N,369.37,4.0,,False,True,False,primary_atc_phase,,Small molecule,MOL,0.0,35.385814497272015,False,,c1ccc(C[SH+]c2nc3ccccc3[nH]2)nc1,1203
REP_00309,CHEMBL476960,VOGLIBOSE,OCC(CO)N[C@H]1C[C@](O)(CO)[C@@H](O)[C@H](O)[C@H]1O,FZNCGRZWXLXZSZ-CIQUZCHMSA-N,267.28,4.0,,False,True,True,primary_atc_phase,,Small molecule,MOL,0.0,35.385814497272015,False,,C1CCCCC1,1204
REP_00602,CHEMBL2051955,LEVOSIMENDAN,C[C@@H]1CC(=O)NN=C1c1ccc(NN=C(C#N)C#N)cc1,WHXMKTBCFHIYNQ-SECBINFHSA-N,280.29,3.0,,True,False,False,phase_only,,Small molecule,MOL,0.0,35.385814497272015,False,,O=C1CCC(c2ccccc2)=NN1,1205
REP_00307,CHEMBL469,KETOROLAC,O=C(c1ccccc1)c1ccc2n1CCC2C(=O)O,OZWKMVRBQXNZKK-UHFFFAOYSA-N,255.27,4.0,,False,True,True,primary_atc_phase,,Small molecule,MOL,0.0,35.385814497272015,False,,O=C(c1ccccc1)c1ccc2n1CCC2,1206
REP_00306,CHEMBL46740,BAZEDOXIFENE,Cc1c(-c2ccc(O)cc2)n(Cc2ccc(OCCN3CCCCCC3)cc2)c2ccc(O)cc12,UCJGJABZCDBEDK-UHFFFAOYSA-N,470.61,4.0,,False,True,False,primary_atc_phase,,Small molecule,MOL,0.0,35.385814497272015,False,,c1ccc(-c2cc3ccccc3n2Cc2ccc(OCCN3CCCCCC3)cc2)cc1,1207
REP_00305,CHEMBL465,DRONABINOL,CCCCCc1cc(O)c2c(c1)OC(C)(C)[C@@H]1CCC(C)=C[C@@H]21,CYQFCXCEBYINGO-IAGOWNOFSA-N,314.47,4.0,,False,True,False,primary_atc_phase,,Small molecule,MOL,0.0,35.385814497272015,False,,C1=CC2c3ccccc3OCC2CC1,1208
REP_00606,CHEMBL20835,ACECLIDINE,CC(=O)OC1CN2CCC1CC2,WRJPSSPFHGNBMG-UHFFFAOYSA-N,169.22,3.0,,True,False,False,phase_only,,Small molecule,MOL,0.0,35.385814497272015,False,,C1CN2CCC1CC2,1209
REP_00622,CHEMBL2103863,ABEXINOSTAT,CN(C)Cc1c(C(=O)NCCOc2ccc(C(=O)NO)cc2)oc2ccccc12,MAUCONCHVWBMHK-UHFFFAOYSA-N,397.43,3.0,,True,False,False,phase_only,,Small molecule,MOL,0.0,35.385814497272015,False,,O=C(NCCOc1ccccc1)c1cc2ccccc2o1,1210
REP_00304,CHEMBL46,ONDANSETRON,Cc1nccn1CC1CCc2c(c3ccccc3n2C)C1=O,FELGMEQIXOGIFQ-UHFFFAOYSA-N,293.37,4.0,,False,True,False,primary_atc_phase,,Small molecule,MOL,0.0,35.385814497272015,False,,O=C1c2c([nH]c3ccccc23)CCC1Cn1ccnc1,1211
REP_00609,CHEMBL2095223,CHLOROQUINE SULPHATE,CCN(CC)CCCC(C)Nc1ccnc2cc(Cl)ccc12,WHTVZRBIWZFKQO-UHFFFAOYSA-N,319.88,3.0,,True,False,False,phase_only,,Small molecule,MOL,0.0,35.385814497272015,False,,c1ccc2ncccc2c1,1212
REP_00301,CHEMBL436,TOLRESTAT,COc1ccc2c(C(=S)N(C)CC(=O)O)cccc2c1C(F)(F)F,LUBHDINQXIHVLS-UHFFFAOYSA-N,357.35,4.0,,False,True,True,primary_atc_phase,,Small molecule,MOL,0.0,35.385814497272015,False,,c1ccc2ccccc2c1,1213
REP_00611,CHEMBL209821,NALUZOTAN,CC(=O)Nc1cccc(N2CCN(CCCCNS(=O)(=O)CC3CCCCC3)CC2)c1,SPWZXWDPAWDKQE-UHFFFAOYSA-N,450.65,3.0,,True,False,False,phase_only,,Small molecule,MOL,0.0,35.385814497272015,False,,O=S(=O)(CC1CCCCC1)NCCCCN1CCN(c2ccccc2)CC1,1214
REP_00612,CHEMBL2103745,SAXAGLIPTIN,N#C[C@@H]1C[C@@H]2C[C@@H]2N1C(=O)[C@@H](N)C12CC3CC(CC(O)(C3)C1)C2,QGJUIPDUBHWZPV-SGTAVMJGSA-N,315.42,3.0,,True,True,True,primary_atc_phase,,Small molecule,MOL,0.0,35.385814497272015,False,,O=C(CC12CC3CC(CC(C3)C1)C2)N1CCC2CC21,1215
REP_00299,CHEMBL4303669,ZOLEDRONIC ACID,O=P(O)(O)C(O)(Cn1ccnc1)P(=O)(O)O,XRASPMIURGNCCH-UHFFFAOYSA-N,272.09,4.0,,False,True,False,primary_atc_phase,,Small molecule,MOL,0.0,35.385814497272015,False,,c1c[nH]cn1,1216
REP_00298,CHEMBL429910,DAPAGLIFLOZIN,CCOc1ccc(Cc2cc([C@@H]3O[C@H](CO)[C@@H](O)[C@H](O)[C@H]3O)ccc2Cl)cc1,JVHXJTBJCFBINQ-ADAARDCZSA-N,408.88,4.0,,False,True,True,primary_atc_phase,,Small molecule,MOL,0.0,35.385814497272015,False,,c1ccc(Cc2cccc(C3CCCCO3)c2)cc1,1217
REP_00297,CHEMBL4297585,TRIHEPTANOIN,CCCCCCC(=O)OCC(COC(=O)CCCCCC)OC(=O)CCCCCC,PJHKBYALYHRYSK-UHFFFAOYSA-N,428.61,4.0,,False,True,True,primary_atc_phase,,Small molecule,MOL,0.0,35.385814497272015,False,,,1218
REP_00616,CHEMBL2103831,NAPROXCINOD,COc1ccc2cc([C@H](C)C(=O)OCCCCO[N+](=O)[O-])ccc2c1,AKFJWRDCWYYTIG-ZDUSSCGKSA-N,347.37,3.0,,True,True,True,primary_atc_phase,,Small molecule,MOL,0.0,35.385814497272015,False,,c1ccc2ccccc2c1,1219
REP_00617,CHEMBL2103832,PARDOPRUNOX,CN1CCN(c2cccc3[nH]c(=O)oc23)CC1,YVPUUUDAZYFFQT-UHFFFAOYSA-N,233.27,3.0,,True,False,False,phase_only,,Small molecule,MOL,0.0,35.385814497272015,False,,O=c1[nH]c2cccc(N3CCNCC3)c2o1,1220
REP_00296,CHEMBL4297528,RISDIPLAM,Cc1cn2nc(-c3cc(=O)n4cc(N5CCNC6(CC6)C5)ccc4n3)cc(C)c2n1,ASKZRYGFUPSJPN-UHFFFAOYSA-N,401.47,4.0,,False,True,False,primary_atc_phase,,Small molecule,MOL,0.0,35.385814497272015,False,,O=c1cc(-c2ccc3nccn3n2)nc2ccc(N3CCNC4(CC4)C3)cn12,1221
REP_00619,CHEMBL2103840,DINACICLIB,CCc1cnn2c(NCc3ccc[n+]([O-])c3)cc(N3CCCC[C@H]3CCO)nc12,PIMQWRZWLQKKBJ-SFHVURJKSA-N,396.5,3.0,,True,False,False,phase_only,,Small molecule,MOL,0.0,35.385814497272015,False,,c1c[nH+]cc(CNc2cc(N3CCCCC3)nc3ccnn23)c1,1222
REP_00295,CHEMBL428880,CROMOLYN,O=C(O)c1cc(=O)c2c(OCC(O)COc3cccc4oc(C(=O)O)cc(=O)c34)cccc2o1,IMZMKUWMOSJXDT-UHFFFAOYSA-N,468.37,4.0,,False,True,False,primary_atc_phase,,Small molecule,MOL,0.0,35.385814497272015,False,,O=c1ccoc2cccc(OCCCOc3cccc4occc(=O)c34)c12,1223
REP_00621,CHEMBL2103857,EDIVOXETINE,COc1ccc(F)cc1C[C@@](O)(C1CCOCC1)[C@@H]1CNCCO1,CPBHSHYQQLFAPW-ZWKOTPCHSA-N,339.41,3.0,,True,False,False,phase_only,,Small molecule,MOL,0.0,35.385814497272015,False,,c1ccc(CC(C2CCOCC2)C2CNCCO2)cc1,1224
REP_00607,CHEMBL2087003,CARISBAMATE,NC(=O)OC[C@@H](O)c1ccccc1Cl,OLBWFRRUHYQABZ-MRVPVSSYSA-N,215.64,3.0,,True,False,False,phase_only,,Small molecule,MOL,0.0,35.385814497272015,False,,c1ccccc1,1225
REP_00277,CHEMBL384467,DEXAMETHASONE,C[C@@H]1C[C@H]2[C@@H]3CCC4=CC(=O)C=C[C@]4(C)[C@@]3(F)[C@@H](O)C[C@]2(C)[C@@]1(O)C(=O)CO,UREBDLICKHMUKA-CXSFZGCWSA-N,392.47,4.0,,False,True,False,primary_atc_phase,,Small molecule,MOL,0.0,35.385814497272015,False,,O=C1C=CC2C(=C1)CCC1C3CCCC3CCC21,1226
REP_00681,CHEMBL2107338,EPRODISATE DISODIUM,O=S(=O)([O-])CCCS(=O)(=O)[O-],MGNVWUDMMXZUDI-UHFFFAOYSA-L,202.21,3.0,,True,False,False,phase_only,,Small molecule,MOL,0.0,35.385814497272015,False,,,1227
REP_00276,CHEMBL3833350,MAGALDRATE,[Al+3].[Al+3].[Al+3].[Al+3].[Al+3],VNSFDXONKZRIIA-UHFFFAOYSA-N,134.91,4.0,,False,True,False,primary_atc_phase,,Small molecule,MOL,0.0,35.385814497272015,False,,,1228
REP_00683,CHEMBL2107357,MOTESANIB DIPHOSPHATE,CC1(C)CNc2cc(NC(=O)c3cccnc3NCc3ccncc3)ccc21,RAHBGWKEPAQNFF-UHFFFAOYSA-N,373.46,3.0,,True,False,False,phase_only,,Small molecule,MOL,0.0,35.385814497272015,False,,O=C(Nc1ccc2c(c1)NCC2)c1cccnc1NCc1ccncc1,1229
REP_00275,CHEMBL376897,METHSCOPOLAMINE,C[N+]1(C)[C@@H]2C[C@@H](OC(=O)[C@H](CO)c3ccccc3)C[C@H]1[C@@H]1O[C@@H]12,LZCOQTDXKCNBEE-IKIFYQGPSA-N,318.39,4.0,,False,True,False,primary_atc_phase,,Small molecule,MOL,0.0,35.385814497272015,False,,O=C(Cc1ccccc1)OC1CC2[NH2+]C(C1)C1OC21,1230
REP_00685,CHEMBL2107359,PAFURAMIDINE MALEATE,CONC(=N)c1ccc(-c2ccc(-c3ccc(C(=N)NOC)cc3)o2)cc1,UKOQVLAXCBRRGH-UHFFFAOYSA-N,364.41,3.0,,True,False,False,phase_only,,Small molecule,MOL,0.0,35.385814497272015,False,,c1ccc(-c2ccc(-c3ccccc3)o2)cc1,1231
REP_00686,CHEMBL2107375,TARIBAVIRIN HYDROCHLORIDE,N=C(N)c1ncn([C@@H]2O[C@H](CO)[C@@H](O)[C@H]2O)n1,NHKZSTHOYNWEEZ-AFCXAGJDSA-N,243.22,3.0,,True,False,False,phase_only,,Small molecule,MOL,0.0,35.385814497272015,False,,c1ncn(C2CCCO2)n1,1232
REP_00687,CHEMBL2107378,TEDISAMIL SESQUIFUMARATE,C1CCC2(C1)[C@H]1CN(CC3CC3)C[C@@H]2CN(CC2CC2)C1.C1CCC2(C1)[C@H]1CN(CC3CC3)C[C@@H]2CN(CC2CC2)C1,NFIBLKSCFQEWDU-WOSZARABSA-N,576.96,3.0,,True,False,False,phase_only,,Small molecule,MOL,0.0,35.385814497272015,False,,C1CCC2(C1)C1CN(CC3CC3)CC2CN(CC2CC2)C1.C1CCC2(C1)C1CN(CC3CC3)CC2CN(CC2CC2)C1,1233
REP_00272,CHEMBL3707395,ELAFIBRANOR,CSc1ccc(C(=O)/C=C/c2cc(C)c(OC(C)(C)C(=O)O)c(C)c2)cc1,AFLFKFHDSCQHOL-IZZDOVSWSA-N,384.5,4.0,,False,True,False,primary_atc_phase,,Small molecule,MOL,0.0,35.385814497272015,False,,O=C(C=Cc1ccccc1)c1ccccc1,1234
REP_00689,CHEMBL2107455,IGURATIMOD,CS(=O)(=O)Nc1cc2occ(NC=O)c(=O)c2cc1Oc1ccccc1,ANMATWQYLIFGOK-UHFFFAOYSA-N,374.37,3.0,,True,False,False,phase_only,,Small molecule,MOL,0.0,35.385814497272015,False,,O=c1ccoc2ccc(Oc3ccccc3)cc12,1235
REP_00691,CHEMBL2107457,ITOPRIDE,COc1ccc(C(=O)NCc2ccc(OCCN(C)C)cc2)cc1OC,QQQIECGTIMUVDS-UHFFFAOYSA-N,358.44,3.0,,True,True,False,primary_atc_phase,,Small molecule,MOL,0.0,35.385814497272015,False,,O=C(NCc1ccccc1)c1ccccc1,1236
REP_00270,CHEMBL3707306,STRONTIUM RANELATE,N#Cc1c(N(CC(=O)[O-])CC(=O)[O-])sc(C(=O)[O-])c1CC(=O)[O-].[Sr+2].[Sr+2],XXUZFRDUEGQHOV-UHFFFAOYSA-J,513.49,4.0,,False,True,False,primary_atc_phase,,Small molecule,MOL,0.0,35.385814497272015,False,,c1ccsc1,1237
REP_00693,CHEMBL2107771,RALFINAMIDE,C[C@H](NCc1ccc(OCc2ccccc2F)cc1)C(N)=O,BHJIBOFHEFDSAU-LBPRGKRZSA-N,302.35,3.0,,True,False,False,phase_only,,Small molecule,MOL,0.0,35.385814497272015,False,,c1ccc(COc2ccccc2)cc1,1238
REP_00650,CHEMBL2105373,PREGNENOLONE SUCCINATE,CC(=O)[C@H]1CC[C@H]2[C@@H]3CC=C4C[C@@H](OC(=O)CCC(=O)O)CC[C@]4(C)[C@H]3CC[C@]12C,OZZAYJQNMKMUSD-DMISRAGPSA-N,416.56,3.0,,True,False,False,phase_only,,Small molecule,MOL,0.0,35.385814497272015,False,,C1=C2CCCCC2C2CCC3CCCC3C2C1,1239
REP_00269,CHEMBL370143,PAROMOMYCIN,NC[C@@H]1O[C@H](O[C@H]2[C@@H](O)[C@H](O[C@@H]3[C@@H](O)[C@H](N)C[C@H](N)[C@H]3O[C@H]3O[C@H](CO)[C@@H](O)[C@H](O)[C@H]3N)O[C@@H]2CO)[C@H](N)[C@@H](O)[C@@H]1O,UOZODPSAJZTQNH-LSWIJEOBSA-N,615.63,4.0,,False,True,False,primary_atc_phase,,Small molecule,MOL,0.0,35.385814497272015,False,,C1CCC(OC2COC(OC3CCCCC3OC3CCCCO3)C2)OC1,1240
REP_00696,CHEMBL2107784,TASQUINIMOD,COc1cccc2c1c(O)c(C(=O)N(C)c1ccc(C(F)(F)F)cc1)c(=O)n2C,ONDYALNGTUAJDX-UHFFFAOYSA-N,406.36,3.0,,True,False,False,phase_only,,Small molecule,MOL,0.0,35.385814497272015,False,,O=C(Nc1ccccc1)c1cc2ccccc2[nH]c1=O,1241
REP_00268,CHEMBL365795,TIAPROFENIC ACID,CC(C(=O)O)c1ccc(C(=O)c2ccccc2)s1,GUHPRPJDBZHYCJ-UHFFFAOYSA-N,260.31,4.0,,False,True,True,primary_atc_phase,,Small molecule,MOL,0.0,35.385814497272015,False,,O=C(c1ccccc1)c1cccs1,1242
REP_00265,CHEMBL360328,LORCASERIN,C[C@H]1CNCCc2ccc(Cl)cc21,XTTZERNUQAFMOF-QMMMGPOBSA-N,195.69,4.0,,False,True,False,primary_atc_phase,,Small molecule,MOL,0.0,35.385814497272015,False,,c1ccc2c(c1)CCNCC2,1243
REP_00699,CHEMBL2107821,EMIXUSTAT,NCC[C@@H](O)c1cccc(OCC2CCCCC2)c1,WJIGGYYSZBWCGC-MRXNPFEDSA-N,263.38,3.0,,True,False,False,phase_only,,Small molecule,MOL,0.0,35.385814497272015,False,,c1ccc(OCC2CCCCC2)cc1,1244
REP_00700,CHEMBL2110587,TASISULAM,O=C(NS(=O)(=O)c1ccc(Br)s1)c1ccc(Cl)cc1Cl,WWONFUQGBVOKOF-UHFFFAOYSA-N,415.12,3.0,,True,False,False,phase_only,,Small molecule,MOL,0.0,35.385814497272015,False,,O=C(NS(=O)(=O)c1cccs1)c1ccccc1,1245
REP_00701,CHEMBL2110675,IODOCHOLESTEROL,CC(C)CCC[C@@H](C)[C@H]1CC[C@H]2[C@@H]3CC=C4C[C@@H](O)CC[C@]4(CI)[C@H]3CC[C@]12C,FIOAEFCJGZJUPW-FTLVODPJSA-N,512.56,3.0,,True,False,False,phase_only,,Small molecule,MOL,0.0,35.385814497272015,False,,C1=C2CCCCC2C2CCC3CCCC3C2C1,1246
REP_00264,CHEMBL360055,GALLAMINE,CC[N+](CC)(CC)CCOc1cccc(OCC[N+](CC)(CC)CC)c1OCC[N+](CC)(CC)CC,OZLPUNFFCJDMJD-UHFFFAOYSA-N,510.83,4.0,,False,True,False,primary_atc_phase,,Small molecule,MOL,0.0,35.385814497272015,False,,c1ccccc1,1247
REP_00703,CHEMBL2110730,POMAGLUMETAD METHIONIL ANHYDROUS,CSCC[C@H](N)C(=O)N[C@@]1(C(=O)O)CS(=O)(=O)[C@H]2[C@H](C(=O)O)[C@H]21,VOYCNOJFAJAILW-CAMHOICYSA-N,366.42,3.0,,True,False,False,phase_only,,Small molecule,MOL,0.0,35.385814497272015,False,,O=S1(=O)CCC2CC21,1248
REP_00704,CHEMBL2110900,DAPOXETINE,CN(C)[C@@H](CCOc1cccc2ccccc12)c1ccccc1,USRHYDPUVLEVMC-FQEVSTJZSA-N,305.42,3.0,,True,True,True,primary_atc_phase,,Small molecule,MOL,0.0,35.385814497272015,False,,c1ccc(CCCOc2cccc3ccccc23)cc1,1249
REP_00705,CHEMBL2111029,OGLUFANIDE,N[C@@H](CCC(=O)O)C(=O)N[C@@H](Cc1c[nH]c2ccccc12)C(=O)O,LLEUXCDZPQOJMY-AAEUAGOBSA-N,333.34,3.0,,True,False,False,phase_only,,Small molecule,MOL,0.0,35.385814497272015,False,,c1ccc2[nH]ccc2c1,1250
REP_00263,CHEMBL3544909,CALCIFEDIOL,C=C1CC[C@H](O)C/C1=C/C=C1\CCC[C@]2(C)[C@@H]([C@H](C)CCCC(C)(C)O)CC[C@@H]12,JWUBBDSIWDLEOM-DTOXIADCSA-N,400.65,4.0,,False,True,False,primary_atc_phase,,Small molecule,MOL,0.0,35.385814497272015,False,,C=C1CCCCC1=CC=C1CCCC2CCCC12,1251
REP_00707,CHEMBL2111090,DISUFENTON,CC(C)(C)[N+]([O-])=Cc1ccc(S(=O)(=O)O)cc1S(=O)(=O)O,OVTCHWSLKGENKP-UHFFFAOYSA-N,337.38,3.0,,True,False,False,phase_only,,Small molecule,MOL,0.0,35.385814497272015,False,,c1ccccc1,1252
REP_00708,CHEMBL2111092,EPRODISATE,O=S(=O)(O)CCCS(=O)(=O)O,MGNVWUDMMXZUDI-UHFFFAOYSA-N,204.22,3.0,,True,False,False,phase_only,,Small molecule,MOL,0.0,35.385814497272015,False,,,1253
REP_00694,CHEMBL2107773,RITOBEGRON,Cc1cc(OCC(=O)O)c(C)cc1CCN[C@@H](C)[C@H](O)c1ccc(O)cc1,VMMYRRFPMAGXNP-BTYIYWSLSA-N,373.45,3.0,,True,False,False,phase_only,,Small molecule,MOL,0.0,35.385814497272015,False,,c1ccc(CCNCCc2ccccc2)cc1,1254
REP_00651,CHEMBL2105394,PROMESTRIENE,CCCOc1ccc2c(c1)CC[C@@H]1[C@@H]2CC[C@]2(C)[C@@H](OC)CC[C@@H]12,IUWKNLFTJBHTSD-AANPDWTMSA-N,328.5,3.0,,True,True,False,primary_atc_phase,,Small molecule,MOL,0.0,35.385814497272015,False,,c1ccc2c(c1)CCC1C2CCC2CCCC21,1255
REP_00284,CHEMBL3989822,POTASSIUM CITRATE,O=C([O-])CC(O)(CC(=O)[O-])C(=O)[O-],KRKNYBCHXYNGOX-UHFFFAOYSA-K,189.1,4.0,,False,True,False,primary_atc_phase,,Small molecule,MOL,0.0,35.385814497272015,False,,,1256
REP_00653,CHEMBL2105659,VARESPLADIB METHYL,CCc1c(C(=O)C(N)=O)c2c(OCC(=O)OC)cccc2n1Cc1ccccc1,VJYDOJXJUCJUHL-UHFFFAOYSA-N,394.43,3.0,,True,False,False,phase_only,,Small molecule,MOL,0.0,35.385814497272015,False,,c1ccc(Cn2ccc3ccccc32)cc1,1257
REP_00654,CHEMBL2105664,TECARFARIN,CC(OC(=O)c1ccc(Cc2c(O)c3ccccc3oc2=O)cc1)(C(F)(F)F)C(F)(F)F,QFLNTQDOVCLQKW-UHFFFAOYSA-N,460.33,3.0,,True,False,False,phase_only,,Small molecule,MOL,0.0,35.385814497272015,False,,O=c1oc2ccccc2cc1Cc1ccccc1,1258
REP_00283,CHEMBL3989676,OXYPHENBUTAZONE,CCCCC1C(=O)N(c2ccccc2)N(c2ccc(O)cc2)C1=O,HFHZKZSRXITVMK-UHFFFAOYSA-N,324.38,4.0,,False,True,True,primary_atc_phase,,Small molecule,MOL,0.0,35.385814497272015,False,,O=C1CC(=O)N(c2ccccc2)N1c1ccccc1,1259
REP_00282,CHEMBL3989480,MAGNESIUM CITRATE,O=C([O-])CC(O)(CC(=O)[O-])C(=O)[O-].O=C([O-])CC(O)(CC(=O)[O-])C(=O)[O-],FZIPCQLKPTZZIM-UHFFFAOYSA-H,378.2,4.0,,False,True,False,primary_atc_phase,,Small molecule,MOL,0.0,35.385814497272015,False,,,1260
REP_00657,CHEMBL2105687,DEXPRAMIPEXOLE DIHYDROCHLORIDE,CCCN[C@@H]1CCc2nc(N)sc2C1,FASDKYOPVNHBLU-SSDOTTSWSA-N,211.33,3.0,,True,False,False,phase_only,,Small molecule,MOL,0.0,35.385814497272015,False,,c1nc2c(s1)CCCC2,1261
REP_00658,CHEMBL2105694,TELAPRISTONE ACETATE,COCC(=O)[C@@]1(OC(C)=O)CC[C@H]2[C@@H]3CCC4=CC(=O)CCC4=C3[C@@H](c3ccc(N(C)C)cc3)C[C@@]21C,JVBGZFRPTRKSBB-MJBQOYBXSA-N,505.66,3.0,,True,False,False,phase_only,,Small molecule,MOL,0.0,35.385814497272015,False,,O=C1C=C2CCC3C(=C2CC1)C(c1ccccc1)CC1CCCC13,1262
REP_00281,CHEMBL39736,BUFORMIN,CCCCNC(=N)NC(=N)N,XSEUMFJMFFMCIU-UHFFFAOYSA-N,157.22,4.0,,False,True,True,primary_atc_phase,,Small molecule,MOL,0.0,35.385814497272015,False,,,1263
REP_00660,CHEMBL2105738,GALETERONE,C[C@]12CC[C@H](O)CC1=CC[C@@H]1[C@@H]2CC[C@]2(C)C(n3cnc4ccccc43)=CC[C@@H]12,PAFKTGFSEFKSQG-PAASFTFBSA-N,388.56,3.0,,True,False,False,phase_only,,Small molecule,MOL,0.0,35.385814497272015,False,,C1=C2CCCCC2C2CCC3C(n4cnc5ccccc54)=CCC3C2C1,1264
REP_00661,CHEMBL2105747,TOZADENANT,COc1ccc(N2CCOCC2)c2sc(NC(=O)N3CCC(C)(O)CC3)nc12,XNBRWUQWSKXMPW-UHFFFAOYSA-N,406.51,3.0,,True,False,False,phase_only,,Small molecule,MOL,0.0,35.385814497272015,False,,O=C(Nc1nc2cccc(N3CCOCC3)c2s1)N1CCCCC1,1265
REP_00662,CHEMBL2105922,ACEXAMIC ACID,CC(=O)NCCCCCC(=O)O,WDSCBUNMANHPFH-UHFFFAOYSA-N,173.21,3.0,,True,False,False,phase_only,,Small molecule,MOL,0.0,35.385814497272015,False,,,1266
REP_00663,CHEMBL2105945,ACENEURAMIC ACID,CC(=O)N[C@@H]([C@@H](O)[C@H](O)[C@H](O)CO)[C@@H](O)CC(=O)C(=O)O,KBGAYAKRZNYFFG-BOHATCBPSA-N,309.27,3.0,,True,True,False,primary_atc_phase,,Small molecule,MOL,0.0,35.385814497272015,False,,,1267
REP_00679,CHEMBL2107334,DISUFENTON SODIUM,CC(C)(C)[N+]([O-])=Cc1ccc(S(=O)(=O)[O-])cc1S(=O)(=O)[O-],OVTCHWSLKGENKP-UHFFFAOYSA-L,335.36,3.0,,True,False,False,phase_only,,Small molecule,MOL,0.0,35.385814497272015,False,,c1ccccc1,1268
REP_00665,CHEMBL2105987,ATAMESTANE,CC1=CC(=O)C=C2CC[C@@H]3[C@H](CC[C@]4(C)C(=O)CC[C@@H]34)[C@@]12C,PEPMWUSGRKINHX-TXTPUJOMSA-N,298.43,3.0,,True,False,False,phase_only,,Small molecule,MOL,0.0,35.385814497272015,False,,O=C1C=CC2C(=C1)CCC1C2CCC2C(=O)CCC21,1269
REP_00666,CHEMBL2106065,CLAMOXYQUIN HYDROCHLORIDE,CCN(CC)CCCNCc1cc(Cl)c2cccnc2c1O,HOFHLRCDGWSLHX-UHFFFAOYSA-N,321.85,3.0,,True,False,False,phase_only,,Small molecule,MOL,0.0,35.385814497272015,False,,c1ccc2ncccc2c1,1270
REP_00280,CHEMBL389621,HYDROCORTISONE,C[C@]12CCC(=O)C=C1CC[C@@H]1[C@@H]2[C@@H](O)C[C@@]2(C)[C@H]1CC[C@]2(O)C(=O)CO,JYGXADMDTFJGBT-VWUMJDOOSA-N,362.47,4.0,,False,True,False,primary_atc_phase,,Small molecule,MOL,0.0,35.385814497272015,False,,O=C1C=C2CCC3C4CCCC4CCC3C2CC1,1271
REP_00668,CHEMBL2106191,CALCIUM DOBESILATE,O=S(=O)([O-])c1cc(O)ccc1O.O=S(=O)([O-])c1cc(O)ccc1O,VQXLZOLCZMEAKL-UHFFFAOYSA-L,378.34,3.0,,True,False,False,phase_only,,Small molecule,MOL,0.0,35.385814497272015,False,,c1ccccc1.c1ccccc1,1272
REP_00669,CHEMBL2106227,ETIFOXINE,CCNC1=Nc2ccc(Cl)cc2C(C)(c2ccccc2)O1,IBYCYJFUEJQSMK-UHFFFAOYSA-N,300.79,3.0,,True,False,False,phase_only,,Small molecule,MOL,0.0,35.385814497272015,False,,C1=Nc2ccccc2C(c2ccccc2)O1,1273
REP_00670,CHEMBL2106370,ILAPRAZOLE,COc1ccnc(C[S+]([O-])c2nc3cc(-n4cccc4)ccc3[nH]2)c1C,HRRXCXABAPSOCP-UHFFFAOYSA-N,366.45,3.0,,True,True,False,primary_atc_phase,,Small molecule,MOL,0.0,35.385814497272015,False,,c1ccc(C[SH+]c2nc3cc(-n4cccc4)ccc3[nH]2)nc1,1274
REP_00671,CHEMBL210651,APRICITABINE,Nc1ccn([C@H]2CO[C@@H](CO)S2)c(=O)n1,RYMCFYKJDVMSIR-RNFRBKRXSA-N,229.26,3.0,,True,False,False,phase_only,,Small molecule,MOL,0.0,35.385814497272015,False,,O=c1ncccn1C1COCS1,1275
REP_00672,CHEMBL2106566,"CALCIUM PHOSPHATE, TRIBASIC",O=P([O-])([O-])[O-].O=P([O-])([O-])[O-],QVLTXCYWHPZMCA-UHFFFAOYSA-H,189.94,3.0,,True,False,False,phase_only,,Small molecule,MOL,0.0,35.385814497272015,False,,,1276
REP_00673,CHEMBL2106613,ANECORTAVE ACETATE,CC(=O)OCC(=O)[C@@]1(O)CC[C@H]2[C@@H]3CCC4=CC(=O)CC[C@]4(C)C3=CC[C@@]21C,YUWPMEXLKGOSBF-GACAOOTBSA-N,386.49,3.0,,True,False,False,phase_only,,Small molecule,MOL,0.0,35.385814497272015,False,,O=C1C=C2CCC3C(=CCC4CCCC43)C2CC1,1277
REP_00674,CHEMBL2106798,NERAMEXANE MESYLATE,CC1(C)CC(C)(C)CC(C)(N)C1,OGZQTTHDGQBLBT-UHFFFAOYSA-N,169.31,3.0,,True,False,False,phase_only,,Small molecule,MOL,0.0,35.385814497272015,False,,C1CCCCC1,1278
REP_00675,CHEMBL2107014,QUINFAMIDE,O=C(Oc1ccc2c(c1)CCCN2C(=O)C(Cl)Cl)c1ccco1,SBJGFIXQRZOVTO-UHFFFAOYSA-N,354.19,3.0,,True,False,False,phase_only,,Small molecule,MOL,0.0,35.385814497272015,False,,O=C(Oc1ccc2c(c1)CCCN2)c1ccco1,1279
REP_00676,CHEMBL2107143,GLUFOSFAMIDE,O=P(NCCCl)(NCCCl)O[C@@H]1O[C@H](CO)[C@@H](O)[C@H](O)[C@H]1O,PSVUJBVBCOISSP-SPFKKGSWSA-N,383.17,3.0,,True,False,False,phase_only,,Small molecule,MOL,0.0,35.385814497272015,False,,C1CCOCC1,1280
REP_00279,CHEMBL388590,BENZBROMARONE,CCc1oc2ccccc2c1C(=O)c1cc(Br)c(O)c(Br)c1,WHQCHUCQKNIQEC-UHFFFAOYSA-N,424.09,4.0,,False,True,True,benchmark_forced,URAT1_POS_02,Small molecule,MOL,0.0,35.385814497272015,False,,O=C(c1ccccc1)c1coc2ccccc12,1281
REP_00278,CHEMBL386630,TESTOSTERONE,C[C@]12CC[C@H]3[C@@H](CCC4=CC(=O)CC[C@@]43C)[C@@H]1CC[C@@H]2O,MUMGGOZAMZWBJJ-DYKIIFRCSA-N,288.43,4.0,,False,True,False,primary_atc_phase,,Small molecule,MOL,0.0,35.385814497272015,False,,O=C1C=C2CCC3C4CCCC4CCC3C2CC1,1282
REP_00664,CHEMBL2105977,CIMETROPIUM BROMIDE,C[N+]1(CC2CC2)[C@@H]2C[C@@H](OC(=O)[C@H](CO)c3ccccc3)C[C@H]1[C@@H]1O[C@@H]12,QVVOZYKELHAIPX-WVHCHWADSA-N,358.46,3.0,,True,True,False,primary_atc_phase,,Small molecule,MOL,0.0,35.385814497272015,False,,O=C(Cc1ccccc1)OC1CC2C3OC3C(C1)[NH+]2CC1CC1,1283
