repurposing_id,chembl_id,name,canonical_smiles,inchi_key,mw,max_phase,atc_code,source_phase,source_atc_l1,source_atc_l2,library_panel,benchmark_ref,mol_type,structure_type,p_active_nlrp3,nlrp3_percentile,nlrp3_pred_active,max_tanimoto_nlrp3_train,scaffold,rank_nlrp3,glide_score_xp,docking_status,pdb_id,nlrp3_glide_score_xp,nlrp3_docking_status,nlrp3_pdb_id,s_u_percentile,s_n_ml_percentile,s_n_dock_percentile,s_n_percentile,pareto_front
REP_06358,CHEMBL4297432,SLV-334,O=C(O)CN1C(=O)[C@@H](NC(=O)C2(C[C@@H](CCc3cccc4ccccc34)C(=O)O)CCCC2)CCc2ccccc21,LOFDNSDPZTVIIO-VPUSJEBWSA-N,556.66,2.0,,True,False,False,phase_only,,Small molecule,MOL,0.9166667,90.38946988820771,True,,O=C1Nc2ccccc2CCC1NC(=O)C1(CCCCc2cccc3ccccc23)CCCC1,891,-15.6112530486063,docked,9DKB,-6.72764129173853,docked,7ALV,99.93108201240524,50.137835975189525,92.1433494141971,92.1433494141971,True
REP_03282,CHEMBL2105063,LANPROSTON,O=C(O)CCC/C=C\C[C@@H]1[C@@H](/C=C/C2(COc3cccc(Cl)c3)OCCO2)[C@H](O)C[C@@H]1O,RWTBSBMVEFAIJX-BOCWSOLPSA-N,466.96,2.0,,True,False,False,phase_only,,Small molecule,MOL,0.9166667,90.38946988820771,True,,C(=CC1(COc2ccccc2)OCCO1)C1CCCC1,742,-14.1588155100215,docked,9DKB,-7.64801135416505,docked,7ALV,99.86216402481047,50.137835975189525,96.82977257064094,96.82977257064094,True
REP_07713,CHEMBL2324748,PF-05150122,CCN1CC(n2nccc2-c2cc(Cl)ccc2Oc2ccc(S(=O)(=O)Nc3cscn3)cc2C#N)C1,OGBDDOBYHJYBFF-UHFFFAOYSA-N,541.06,1.0,,True,False,False,phase_only,,Small molecule,MOL,0.9166666,85.41892054333454,True,,O=S(=O)(Nc1cscn1)c1ccc(Oc2ccccc2-c2ccnn2C2CNC2)cc1,1134,-13.1525334707959,docked,9DKB,-5.02244682202043,docked,7ALV,99.79324603721571,24.017918676774638,62.30186078566506,62.30186078566506,False
REP_05727,CHEMBL3545289,AZD2207,C[C@@H](NC(=O)Cc1c(Cl)ccc(NCC(F)(F)c2cccc[n+]2O)[n+]1O)c1cccc(Cl)c1,GNYWBETUYIZBHL-CQSZACIVSA-P,499.35,2.0,,True,False,False,phase_only,,Small molecule,MOL,0.9166667,90.38946988820771,True,,O=C(Cc1cccc(NCCc2cccc[nH+]2)[nH+]1)NCc1ccccc1,674,-12.9571959915132,docked,9DKB,-6.11980450467747,docked,7ALV,99.72432804962095,50.137835975189525,84.63128876636802,84.63128876636802,False
REP_01801,CHEMBL145347,LASALOCID,CC[C@@H](C(=O)[C@@H](C)[C@@H](O)[C@H](C)CCc1ccc(C)c(O)c1C(=O)O)[C@H]1O[C@](CC)([C@H]2CC[C@](O)(CC)[C@H](C)O2)C[C@@H]1C,BBMULGJBVDDDNI-OWKLGTHSSA-N,590.8,2.0,,True,False,False,phase_only,,Small molecule,MOL,1.0,98.35917778579156,True,,O=C(CCCCCc1ccccc1)CC1CCC(C2CCCCO2)O1,218,-12.9484985115172,docked,9DKB,-8.27416618590422,docked,7ALV,99.65541006202618,91.38525155065473,98.3459682977257,98.3459682977257,True
REP_06771,CHEMBL4871106,RUPITASERTIB,NC(=O)c1cccc2c(N[C@H](CN3CCC3)c3ccc(Cl)c(C(F)(F)F)c3)ncnc12,HXAUJHZZPCBFPN-QGZVFWFLSA-N,449.86,2.0,,True,False,False,phase_only,,Small molecule,MOL,0.878073,83.76006731578315,True,,c1ccc(C(CN2CCC2)Nc2ncnc3ccccc23)cc1,1352,-12.832738135252,docked,9DKB,-1.79896849801001,docked,7ALV,99.58649207443143,15.230875258442452,9.028256374913857,15.230875258442452,False
REP_05773,CHEMBL3597634,GEMILUKAST,Cc1c(F)cccc1CCCCOc1ccc(C#Cc2ccc(F)c3c(CCCC(=O)O)c(C)n(CCCC(=O)O)c23)cc1,SILHYVDKGHXGBL-UHFFFAOYSA-N,601.69,2.0,,True,False,False,phase_only,,Small molecule,MOL,0.68088704,82.46183435509076,True,,C(#Cc1cccc2cc[nH]c12)c1ccc(OCCCCc2ccccc2)cc1,1460,-12.7924423612497,docked,9DKB,-5.91872612995378,docked,7ALV,99.51757408683667,8.33907649896623,81.46106133700896,81.46106133700896,False
REP_08130,CHEMBL5095184,IMMH-010,CC1=C(OCc2cccc(-c3ccccc3)c2Br)C=C(OCc2cccnc2)C(CN[C@@H](CO)C(=O)OC(C)C)C1,PIRPOEMFYJJNFA-ACEFPKFPSA-N,621.57,1.0,,True,False,False,phase_only,,Small molecule,MOL,0.6420898,82.17333814160355,True,,C1=C(OCc2cccc(-c3ccccc3)c2)C=C(OCc2cccnc2)CC1,1484,-12.7089567685307,docked,9DKB,-5.90974173456822,docked,7ALV,99.4486560992419,6.753962784286699,81.32322536181944,81.32322536181944,False
REP_00722,CHEMBL2178578,VERCIRNON,CC(C)(C)c1ccc(S(=O)(=O)Nc2ccc(Cl)cc2C(=O)c2cc[n+]([O-])cc2)cc1,JRWROCIMSDXGOZ-UHFFFAOYSA-N,444.94,3.0,,True,False,False,phase_only,,Small molecule,MOL,0.9166667,90.38946988820771,True,,O=C(c1cc[nH+]cc1)c1ccccc1NS(=O)(=O)c1ccccc1,658,-12.6229979266008,docked,9DKB,-5.99904739457385,docked,7ALV,99.37973811164714,50.137835975189525,82.70158511371469,82.70158511371469,False
REP_05248,CHEMBL277689,SAMIXOGREL,O=C(O)CCC/C=C(\c1ccc(CCNS(=O)(=O)c2ccc(Cl)cc2)cc1)c1cccnc1,LGHLGTHRJNIRCA-ZXKDJJQISA-N,485.01,2.0,,True,False,False,phase_only,,Small molecule,MOL,0.9166667,90.38946988820771,True,,C=C(c1ccc(CCNS(=O)(=O)c2ccccc2)cc1)c1cccnc1,899,-12.387236216519,docked,9DKB,-5.33714068797048,docked,7ALV,99.31082012405238,50.137835975189525,69.95175740868366,69.95175740868366,False
REP_07857,CHEMBL3909517,RINETERKIB,CNC[C@@H](NC(=O)c1ccc(-c2nc([C@H]3CC[C@H](O)[C@@H](F)C3)cnc2N)cc1F)c1cc(F)cc(Br)c1,YFCIFWOJYYFDQP-PTWZRHHISA-N,578.43,1.0,,True,False,False,phase_only,,Small molecule,MOL,1.0,98.35917778579156,True,,O=C(NCc1ccccc1)c1ccc(-c2cncc(C3CCCCC3)n2)cc1,187,-12.2057010325298,docked,9DKB,-4.03436578479808,docked,7ALV,99.24190213645761,91.38525155065473,38.59407305306684,91.38525155065473,False
REP_00794,CHEMBL297453,EPIGALOCATECHIN GALLATE,O=C(O[C@@H]1Cc2c(O)cc(O)cc2O[C@@H]1c1cc(O)c(O)c(O)c1)c1cc(O)c(O)c(O)c1,WMBWREPUVVBILR-WIYYLYMNSA-N,458.38,3.0,,True,False,False,phase_only,,Small molecule,MOL,0.7658788,83.14701286212285,True,,O=C(OC1Cc2ccccc2OC1c1ccccc1)c1ccccc1,1403,-12.1129929374084,docked,9DKB,-10.4513045562936,docked,7ALV,99.17298414886285,11.922811853893867,99.72432804962095,99.72432804962095,True
REP_05498,CHEMBL31601,REMIKIREN,CC(C)(C)S(=O)(=O)C[C@@H](Cc1ccccc1)C(=O)N[C@@H](Cc1c[nH]cn1)C(=O)N[C@@H](CC1CCCCC1)[C@@H](O)[C@@H](O)C1CC1,UXIGZRQVLGFTOU-VQXQMPIVSA-N,630.85,2.0,,True,False,False,phase_only,,Small molecule,MOL,0.9166666,85.41892054333454,True,,O=C(CCc1ccccc1)NC(Cc1c[nH]cn1)C(=O)NC(CCC1CC1)CC1CCCCC1,1238,-12.053407631311,docked,9DKB,-1.93841163303311,docked,7ALV,99.1040661612681,24.017918676774638,9.78635423845624,24.017918676774638,False
REP_07767,CHEMBL3128043,PF-03758309,Cc1nc(Nc2n[nH]c3c2CN(C(=O)N[C@H](CN(C)C)c2ccccc2)C3(C)C)c2sccc2n1,AYCPARAPKDAOEN-LJQANCHMSA-N,490.64,1.0,,True,False,False,phase_only,,Small molecule,MOL,0.9166667,90.38946988820771,True,,O=C(NCc1ccccc1)N1Cc2[nH]nc(Nc3ncnc4ccsc34)c2C1,769,-12.0412178522072,docked,9DKB,-2.29753881128002,docked,7ALV,99.03514817367332,50.137835975189525,12.47415575465196,50.137835975189525,False
REP_07818,CHEMBL3545378,MK-6592,Cc1cc(Nc2cc(N3CC(F)(C4CC4)C3)nc(O[C@H]3CCN(C(=O)c4cc(Cl)ccc4F)C3)n2)n[nH]1,SLUHYAXFRJQTGB-KRWDZBQOSA-N,529.98,1.0,,True,False,False,phase_only,,Small molecule,MOL,1.0,98.35917778579156,True,,O=C(c1ccccc1)N1CCC(Oc2nc(Nc3cc[nH]n3)cc(N3CC(C4CC4)C3)n2)C1,217,-11.9173043226992,docked,9DKB,-2.91130581365737,docked,7ALV,98.96623018607856,91.38525155065473,19.021364576154376,91.38525155065473,False
REP_02002,CHEMBL1628717,DRAFLAZINE,NC(=O)C1CN(CCCCC(c2ccc(F)cc2)c2ccc(F)cc2)CCN1CC(=O)Nc1c(Cl)cc(N)cc1Cl,IWMYIWLIESDFRZ-UHFFFAOYSA-N,604.53,2.0,,True,False,False,phase_only,,Small molecule,MOL,1.0,98.35917778579156,True,,O=C(CN1CCN(CCCCC(c2ccccc2)c2ccccc2)CC1)Nc1ccccc1,154,-11.9101504647435,docked,9DKB,-5.26195889015933,docked,7ALV,98.8973121984838,91.38525155065473,68.50447966919366,91.38525155065473,False
REP_07322,CHEMBL6068062,NACRESERTIB,COc1cc2nn([C@H]3CC[C@](C)(O)CC3)cc2cc1NC(=O)c1cccc(C)[n+]1[O-],XYPANWHZPSKPMX-CIEDQVTBSA-N,410.47,2.0,,True,False,False,phase_only,,Small molecule,MOL,0.9166666,85.41892054333454,True,,O=C(Nc1ccc2nn(C3CCCCC3)cc2c1)c1cccc[nH+]1,1325,-11.8547565385617,docked,9DKB,-4.55168118098889,docked,7ALV,98.82839421088903,24.017918676774638,51.20606478290834,51.20606478290834,False
REP_07997,CHEMBL4472508,CINTIRORGON,CC(C)(C[C@H]1CN(S(=O)(=O)c2cccc(C(F)(F)F)c2)c2cc(-c3cc(F)cc(OC(F)F)c3)ccc2O1)C(=O)O,GULSIMHVQYBADX-FQEVSTJZSA-N,603.54,1.0,,True,False,False,phase_only,,Small molecule,MOL,0.9166667,90.38946988820771,True,,O=S(=O)(c1ccccc1)N1CCOc2ccc(-c3ccccc3)cc21,949,-11.8127881856629,docked,9DKB,-4.76912663241631,docked,7ALV,98.75947622329429,50.137835975189525,56.85733976567884,56.85733976567884,False
REP_07139,CHEMBL5315045,FOSIGOTIFATOR,O=C(COc1ccc(Cl)c(F)c1)NC12CCC(NC(=O)COc3ccc(Cl)c(F)c3)(CC1)[C@@H](OCOP(=O)(O)O)C2,IURMHIZNAHLQRX-ANYOXOOPSA-N,639.37,2.0,,True,False,False,phase_only,,Small molecule,MOL,1.0,98.35917778579156,True,,O=C(COc1ccccc1)NC12CCC(NC(=O)COc3ccccc3)(CC1)CC2,81,-11.7552643564928,docked,9DKB,-10.7444029135105,docked,7ALV,98.69055823569953,91.38525155065473,99.79324603721571,99.79324603721571,True
REP_05789,CHEMBL3639788,TELAGLENASTAT,O=C(Cc1cccc(OC(F)(F)F)c1)Nc1ccc(CCCCc2nnc(NC(=O)Cc3ccccn3)s2)nn1,PRAAPINBUWJLGA-UHFFFAOYSA-N,571.59,2.0,,True,False,False,phase_only,,Small molecule,MOL,0.9166667,90.38946988820771,True,,O=C(Cc1ccccc1)Nc1ccc(CCCCc2nnc(NC(=O)Cc3ccccn3)s2)nn1,608,-11.7427353161574,docked,9DKB,-6.40328062755419,docked,7ALV,98.62164024810475,50.137835975189525,88.28394210889043,88.28394210889043,False
REP_05578,CHEMBL329123,ETALOCIB,CCCc1c(OCCCOc2cc(O)c(-c3ccc(F)cc3)cc2CC)cccc1Oc1ccccc1C(=O)O,YFIZRWPXUYFCSN-UHFFFAOYSA-N,544.62,2.0,,True,False,False,phase_only,,Small molecule,MOL,0.9166667,90.38946988820771,True,,c1ccc(Oc2cccc(OCCCOc3ccc(-c4ccccc4)cc3)c2)cc1,728,-11.728367596239,docked,9DKB,-4.09047506155326,docked,7ALV,98.55272226051,50.137835975189525,39.69676085458305,50.137835975189525,False
REP_00210,CHEMBL2105755,NALDEMEDINE,CC(C)(NC(=O)C1=C(O)[C@@H]2Oc3c(O)ccc4c3[C@@]23CCN(CC2CC2)[C@H](C4)[C@]3(O)C1)c1nc(-c2ccccc2)no1,AXQACEQYCPKDMV-RZAWKFBISA-N,570.65,4.0,,False,True,False,primary_atc_phase,,Small molecule,MOL,0.9166667,90.38946988820771,True,,O=C(NCc1nc(-c2ccccc2)no1)C1=CC2Oc3cccc4c3C23CCN(CC2CC2)C(C4)C3C1,947,-11.6740726287326,docked,9DKB,-1.82928019821462,docked,7ALV,98.48380427291524,50.137835975189525,9.166092350103373,50.137835975189525,False
REP_07008,CHEMBL5314429,TAMNORZATINIB,COc1cc2nccc(Oc3ccc(NC(=O)c4cc5c(n(-c6ccccc6)c4=O)CCCC5=O)nc3)c2cc1OC,WHMMKPWGWNYYFE-UHFFFAOYSA-N,562.58,2.0,,True,False,False,phase_only,,Small molecule,MOL,0.91666675,95.30592619305204,True,,O=C1CCCc2c1cc(C(=O)Nc1ccc(Oc3ccnc4ccccc34)cn1)c(=O)n2-c1ccccc1,333,-11.6533700988889,docked,9DKB,-3.83105845580712,docked,7ALV,98.41488628532046,75.63749138525155,34.321157822191594,75.63749138525155,False
REP_07065,CHEMBL5314505,BEMFIVASTATIN,CC(C)c1c(C(=O)Nc2ccc(CO)cc2)c(-c2ccccc2)c(-c2ccc(F)cc2)n1CC[C@@H](O)C[C@@H](O)CC(=O)O,PMFRPLBQEYHUMG-VSGBNLITSA-N,588.68,2.0,,True,False,False,phase_only,,Small molecule,MOL,0.9166667,90.38946988820771,True,,O=C(Nc1ccccc1)c1c[nH]c(-c2ccccc2)c1-c1ccccc1,723,-11.6457316096897,docked,9DKB,-5.6192713686577,docked,7ALV,98.3459682977257,50.137835975189525,76.36113025499655,76.36113025499655,False
REP_06256,CHEMBL4277900,CROZBACICLIB,CC1=Nc2c(F)cc(-c3nc(Nc4ccc(C5CCN(C)CC5)cn4)ncc3F)cc2C12CCCC2,AEFFENQISAXIKE-UHFFFAOYSA-N,488.59,2.0,,True,False,False,phase_only,,Small molecule,MOL,0.91666675,95.30592619305204,True,,C1=Nc2ccc(-c3ccnc(Nc4ccc(C5CCNCC5)cn4)n3)cc2C12CCCC2,320,-11.6028176789366,docked,9DKB,-0.861832271038262,docked,7ALV,98.27705031013095,75.63749138525155,4.686423156443831,75.63749138525155,False
REP_03254,CHEMBL2105012,IOPRONIC ACID,CCC(COCCOc1c(I)cc(I)c(NC(C)=O)c1I)C(=O)O,YMFIJXDFAPHJIN-UHFFFAOYSA-N,673.02,2.0,,True,False,False,phase_only,,Small molecule,MOL,0.9166667,90.38946988820771,True,,c1ccccc1,746,-11.5981205462429,docked,9DKB,-4.5162816384236,docked,7ALV,98.20813232253617,50.137835975189525,50.24121295658166,50.24121295658166,False
REP_08185,CHEMBL5314603,TREPROSTINIL PHOSPHATE,CCCCC[C@@H](CC[C@@H]1[C@H]2Cc3cccc(OCC(=O)O)c3C[C@H]2C[C@H]1OP(=O)(O)O)OP(=O)(O)O,IERCXWVEMYXPMR-KSSXRGRSSA-N,550.48,1.0,,True,False,False,phase_only,,Small molecule,MOL,0.6472298,82.20940016828946,True,,c1ccc2c(c1)CC1CCCC1C2,1481,-11.5735971082413,docked,9DKB,-7.95084397402886,docked,7ALV,98.13921433494141,6.960716747070986,97.7946243969676,97.7946243969676,False
REP_00303,CHEMBL4594217,CANAGLIFLOZIN,Cc1ccc([C@@H]2O[C@H](CO)[C@@H](O)[C@H](O)[C@H]2O)cc1Cc1ccc(-c2ccc(F)cc2)s1,XTNGUQKDFGDXSJ-ZXGKGEBGSA-N,444.52,4.0,,False,True,True,primary_atc_phase,,Small molecule,MOL,0.91666675,95.30592619305204,True,,c1ccc(-c2ccc(Cc3cccc(C4CCCCO4)c3)s2)cc1,329,-11.5674972834702,docked,9DKB,-7.09682119224537,docked,7ALV,98.07029634734666,75.63749138525155,94.00413507925569,94.00413507925569,False
REP_05827,CHEMBL3689071,NARMAFOTINIB,COc1cc(C2CCN(C)CC2)ccc1Nc1ncc(C(F)(F)F)c(CCc2ccccc2CC(N)=O)n1,AWJVIOYPZZZYAX-UHFFFAOYSA-N,527.59,2.0,,True,False,False,phase_only,,Small molecule,MOL,0.9166666,85.41892054333454,True,,c1ccc(CCc2ccnc(Nc3ccc(C4CCNCC4)cc3)n2)cc1,1116,-11.5449593057224,docked,9DKB,-5.36128892617589,docked,7ALV,98.0013783597519,24.017918676774638,70.70985527222605,70.70985527222605,False
REP_03976,CHEMBL2106360,HEPRONICATE,CCCCCCC(COC(=O)c1cccnc1)(COC(=O)c1cccnc1)COC(=O)c1cccnc1,GUIBJJJLGSYNKE-UHFFFAOYSA-N,505.57,2.0,,True,False,False,phase_only,,Small molecule,MOL,0.9166667,90.38946988820771,True,,O=C(OCC(COC(=O)c1cccnc1)COC(=O)c1cccnc1)c1cccnc1,801,-11.5400270017696,docked,9DKB,-6.21045272696785,docked,7ALV,97.93246037215714,50.137835975189525,85.9407305306685,85.9407305306685,False
REP_04855,CHEMBL2110980,MIOFLAZINE,NC(=O)C1CN(CC(=O)Nc2c(Cl)cccc2Cl)CCN1CCCC(c1ccc(F)cc1)c1ccc(F)cc1,VWXFUOAKGNJSBI-UHFFFAOYSA-N,575.49,2.0,,True,False,False,phase_only,,Small molecule,MOL,0.9166666,85.41892054333454,True,,O=C(CN1CCN(CCCC(c2ccccc2)c2ccccc2)CC1)Nc1ccccc1,1290,-11.4821043722251,docked,9DKB,-4.4032138727068,docked,7ALV,97.86354238456238,24.017918676774638,47.27773949000689,47.27773949000689,False
REP_00961,CHEMBL428690,ALVOCIDIB,CN1CC[C@H](c2c(O)cc(O)c3c(=O)cc(-c4ccccc4Cl)oc23)[C@H](O)C1,BIIVYFLTOXDAOV-YVEFUNNKSA-N,401.85,3.0,,True,False,False,phase_only,,Small molecule,MOL,0.9166667,90.38946988820771,True,,O=c1cc(-c2ccccc2)oc2c(C3CCNCC3)cccc12,883,-11.4817609533879,docked,9DKB,-6.32883861829735,docked,7ALV,97.7946243969676,50.137835975189525,87.45692625775328,87.45692625775328,False
REP_03699,CHEMBL2105631,BUDIODARONE,CC[C@H](C)OC(=O)Cc1oc2ccccc2c1C(=O)c1cc(I)c(OCCN(CC)CC)c(I)c1,ZXOSVKYCXLTVGS-KRWDZBQOSA-N,703.36,2.0,,True,False,False,phase_only,,Small molecule,MOL,0.9166667,90.38946988820771,True,,O=C(c1ccccc1)c1coc2ccccc12,974,-11.478707939026,docked,9DKB,-6.20070827852253,docked,7ALV,97.72570640937285,50.137835975189525,85.80289455547899,85.80289455547899,False
REP_04573,CHEMBL2107622,ASCORBYL GAMOLENATE,CCCCC/C=C\C/C=C\C/C=C\CCCCC(=O)OC[C@H](O)[C@H]1OC(=O)C(O)=C1O,FLRQOWAOMJMSTP-JJTRIOAGSA-N,436.55,2.0,,True,False,False,phase_only,,Small molecule,MOL,0.9166667,90.38946988820771,True,,O=C1C=CCO1,847,-11.449905941302,docked,9DKB,-7.06328311895967,docked,7ALV,97.65678842177809,50.137835975189525,93.86629910406616,93.86629910406616,False
REP_05024,CHEMBL2218915,BERVASTATIN,CCOC(=O)CC(O)CC(O)/C=C/C1=C(c2ccc(F)cc2)c2ccccc2OC12CCCC2,ZADJRRFMOOACHL-BUHFOSPRSA-N,466.55,2.0,,True,False,False,phase_only,,Small molecule,MOL,1.0,98.35917778579156,True,,C1=C(c2ccccc2)c2ccccc2OC12CCCC2,48,-11.4444867757149,docked,9DKB,-5.42463778320098,docked,7ALV,97.58787043418332,91.38525155065473,71.60578911095796,91.38525155065473,False
REP_07258,CHEMBL600325,PROSCILLARIDIN,C[C@@H]1O[C@@H](O[C@@H]2C=C3CC[C@@H]4[C@H](CC[C@]5(C)[C@@H](c6ccc(=O)oc6)CC[C@]45O)[C@@]3(C)CC2)[C@H](O)[C@H](O)[C@H]1O,MYEJFUXQJGHEQK-ALRJYLEOSA-N,530.66,2.0,,True,False,False,phase_only,,Small molecule,MOL,0.9166666,85.41892054333454,True,,O=c1ccc(C2CCC3C2CCC2C4CCC(OC5CCCCO5)C=C4CCC23)co1,1236,-11.4309614257139,docked,9DKB,-6.35139730199079,docked,7ALV,97.51895244658856,24.017918676774638,87.66368022053757,87.66368022053757,False
REP_07069,CHEMBL5314510,CANLITINIB,COc1cc2c(Oc3ccc(NC(=O)C4(C(=O)Nc5ccc(F)cc5)CC4)cc3F)ccnc2cc1OCCCCCC(=O)O,PCKYITPVOLEZKL-UHFFFAOYSA-N,619.62,2.0,,True,False,False,phase_only,,Small molecule,MOL,0.9166667,90.38946988820771,True,,O=C(Nc1ccccc1)C1(C(=O)Nc2ccc(Oc3ccnc4ccccc34)cc2)CC1,774,-11.4065742802492,docked,9DKB,-3.55438989366867,docked,7ALV,97.4500344589938,50.137835975189525,29.08339076498966,50.137835975189525,False
REP_06877,CHEMBL5095102,INIXACICLIB,CC(C)N1CCOc2c(F)cc(-c3nc(Nc4ccc(C5CCN(C)CC5)cn4)ncc3F)cc21,YZSCPLGKKMSBMV-UHFFFAOYSA-N,480.56,2.0,,True,False,False,phase_only,,Small molecule,MOL,0.9166667,90.38946988820771,True,,c1cc(-c2ccc3c(c2)NCCO3)nc(Nc2ccc(C3CCNCC3)cn2)n1,866,-11.3829062189064,docked,9DKB,-0.421469188677437,docked,7ALV,97.38111647139903,50.137835975189525,3.8594073053066835,50.137835975189525,False
REP_05802,CHEMBL3657311,IFEBEMTINIB,COc1cc(C(=O)NC2CCN(C)CC2)c(F)cc1Nc1ncc(C(F)(F)F)c(Oc2cccc3c2C(=O)N(C)C3)n1,ULMMVBPTWVRPSI-UHFFFAOYSA-N,588.56,2.0,,True,False,False,phase_only,,Small molecule,MOL,0.9166667,90.38946988820771,True,,O=C(NC1CCNCC1)c1ccc(Nc2nccc(Oc3cccc4c3C(=O)NC4)n2)cc1,607,-11.3585243212161,docked,9DKB,-2.64646396448532,docked,7ALV,97.31219848380427,50.137835975189525,15.57546519641626,50.137835975189525,False
REP_02391,CHEMBL1951575,VIDUPIPRANT,CC(C)(C)NC(=O)c1ccc(Oc2cc(F)c(CC(=O)O)cc2Cl)c(NS(=O)(=O)c2ccc(C3CC3)cc2Cl)c1,PFWVGKROPKKEDW-UHFFFAOYSA-N,609.5,2.0,,True,False,False,phase_only,,Small molecule,MOL,0.9166667,90.38946988820771,True,,O=S(=O)(Nc1ccccc1Oc1ccccc1)c1ccc(C2CC2)cc1,1089,-11.3491411619704,docked,9DKB,-5.74954778307216,docked,7ALV,97.24328049620951,50.137835975189525,78.842177808408,78.842177808408,False
REP_07034,CHEMBL5314469,MERIGOLIX,O=C(O)CCCN[C@@H](Cn1c(=O)c2c(n(Cc3c(F)cccc3C(F)(F)F)c1=O)COC21CCN(Cc2ccc(C(F)(F)F)o2)CC1)c1ccccc1,LJPSGSMPGVITHK-MHZLTWQESA-N,752.68,2.0,,True,False,False,phase_only,,Small molecule,MOL,0.91666675,95.30592619305204,True,,O=c1c2c(n(Cc3ccccc3)c(=O)n1CCc1ccccc1)COC21CCN(Cc2ccco2)CC1,372,-11.3481054320319,docked,9DKB,-4.34854561880937,docked,7ALV,97.17436250861475,75.63749138525155,45.96829772570641,75.63749138525155,False
REP_08135,CHEMBL5095192,PF-06952229,CC(C)c1cnc(-c2cc(Cl)ccc2F)cc1Nc1ccncc1C(=O)NC(CO)CO,IPBLCOKXDQHSQW-UHFFFAOYSA-N,458.92,1.0,,True,False,False,phase_only,,Small molecule,MOL,0.9166667,90.38946988820771,True,,c1ccc(-c2cc(Nc3ccncc3)ccn2)cc1,1026,-11.338002427711,docked,9DKB,-7.17815447010947,docked,7ALV,97.10544452101999,50.137835975189525,94.55547898001379,94.55547898001379,False
REP_00800,CHEMBL3039505,VERCIRNON SODIUM,CC(C)(C)c1ccc(S(=O)(=O)[N-]c2ccc(Cl)cc2C(=O)c2cc[n+]([O-])cc2)cc1,PSSWJOXNWMJQDM-UHFFFAOYSA-M,443.93,3.0,,True,False,False,phase_only,,Small molecule,MOL,0.9166667,90.38946988820771,True,,O=C(c1cc[nH+]cc1)c1ccccc1[N-]S(=O)(=O)c1ccccc1,689,-11.3317383244287,docked,9DKB,-6.64106516388019,docked,7ALV,97.03652653342523,50.137835975189525,91.17849758787044,91.17849758787044,False
REP_08055,CHEMBL4650286,M4344,Nc1nn2cc(F)cnc2c1C(=O)Nc1cncc(F)c1N1CCC(C(=O)N2CCN(C3COC3)CC2)CC1,QAYHKBLKSXWOEO-UHFFFAOYSA-N,541.56,1.0,,True,False,False,phase_only,,Small molecule,MOL,1.0,98.35917778579156,True,,O=C(Nc1cnccc1N1CCC(C(=O)N2CCN(C3COC3)CC2)CC1)c1cnn2cccnc12,256,-11.3188560286016,docked,9DKB,-3.01071208083479,docked,7ALV,96.96760854583046,91.38525155065473,20.744314266023434,91.38525155065473,False
REP_05610,CHEMBL333325,FOSRAVUCONAZOLE,C[C@@H](c1nc(-c2ccc(C#N)cc2)cs1)[C@@](Cn1cncn1)(OCOP(=O)(O)O)c1ccc(F)cc1F,SYTNEMZCCLUTNX-NPMXOYFQSA-N,547.48,2.0,,True,False,False,phase_only,,Small molecule,MOL,0.9166667,90.38946988820771,True,,c1ccc(-c2csc(CC(Cn3cncn3)c3ccccc3)n2)cc1,696,-11.311407995744,docked,9DKB,-10.8593391446367,docked,7ALV,96.8986905582357,50.137835975189525,99.93108201240524,99.93108201240524,True
REP_06129,CHEMBL3989969,OPIGOLIX,C[C@@H](O)C(=N)NS(=O)(=O)c1cc(C(=O)C(C(=O)c2cc(F)ccc2F)=C2Nc3ccccc3N2)ccc1F,CWNLBPBIFALUQD-GFCCVEGCSA-N,544.51,2.0,,True,False,False,phase_only,,Small molecule,MOL,0.9166666,85.41892054333454,True,,O=C(C(C(=O)c1ccccc1)=C1Nc2ccccc2N1)c1ccccc1,1121,-11.295916346118,docked,9DKB,-6.51911239804258,docked,7ALV,96.82977257064094,24.017918676774638,89.80013783597519,89.80013783597519,False
REP_08014,CHEMBL4580266,KIO-100,O=C(Nc1c(F)c(F)c(-c2cccc(OC(F)(F)F)c2)c(F)c1F)c1ccsc1C(=O)O,VNDUHYWEWRRBFJ-UHFFFAOYSA-N,479.33,1.0,,True,False,False,phase_only,,Small molecule,MOL,0.9166666,85.41892054333454,True,,O=C(Nc1ccc(-c2ccccc2)cc1)c1ccsc1,1308,-11.2918624784029,docked,9DKB,-5.07346770343142,docked,7ALV,96.76085458304617,24.017918676774638,64.16264645072364,64.16264645072364,False
REP_01493,CHEMBL1209734,BMS-986094,COc1nc(N)nc2c1ncn2[C@@H]1O[C@H](COP(=O)(N[C@@H](C)C(=O)OCC(C)(C)C)Oc2cccc3ccccc23)[C@@H](O)[C@@]1(C)O,YFXGICNMLCGLHJ-RSKRLRQZSA-N,658.65,2.0,,True,False,False,phase_only,,Small molecule,MOL,0.9166666,85.41892054333454,True,,O=[PH](OCC1CCC(n2cnc3cncnc32)O1)Oc1cccc2ccccc12,1231,-11.2821395802923,docked,9DKB,-8.19938411628741,docked,7ALV,96.69193659545141,24.017918676774638,98.07029634734666,98.07029634734666,False
REP_02482,CHEMBL204694,BEFETUPITANT,Cc1ccccc1-c1cc(N2CCOCC2)ncc1N(C)C(=O)C(C)(C)c1cc(C(F)(F)F)cc(C(F)(F)F)c1,ZGNPLCMMVKCTHM-UHFFFAOYSA-N,565.56,2.0,,True,False,False,phase_only,,Small molecule,MOL,0.54635966,81.31987017670393,True,,O=C(Cc1ccccc1)Nc1cnc(N2CCOCC2)cc1-c1ccccc1,1555,-11.2692720498754,docked,9DKB,-2.73855763944879,docked,7ALV,96.62301860785665,2.1364576154376294,16.953824948311514,16.953824948311514,False
REP_05280,CHEMBL280481,VERLUKAST,CN(C)C(=O)CCS[C@H](SCCC(=O)O)c1cccc(/C=C/c2ccc3ccc(Cl)cc3n2)c1,AXUZQJFHDNNPFG-LHAVAQOQSA-N,515.1,2.0,,True,False,False,phase_only,,Small molecule,MOL,0.9166666,85.41892054333454,True,,C(=Cc1ccc2ccccc2n1)c1ccccc1,1209,-11.2656211464361,docked,9DKB,-7.52884753033165,docked,7ALV,96.55410062026189,24.017918676774638,96.48518263266712,96.48518263266712,False
REP_00559,CHEMBL1829174,FASIGLIFAM,Cc1cc(OCCCS(C)(=O)=O)cc(C)c1-c1cccc(COc2ccc3c(c2)OC[C@H]3CC(=O)O)c1,BZCALJIHZVNMGJ-HSZRJFAPSA-N,524.64,3.0,,True,False,False,phase_only,,Small molecule,MOL,0.9166667,90.38946988820771,True,,c1ccc(-c2cccc(COc3ccc4c(c3)OCC4)c2)cc1,618,-11.252370765594,docked,9DKB,-3.16608622353396,docked,7ALV,96.48518263266712,50.137835975189525,22.880771881461058,50.137835975189525,False
REP_06426,CHEMBL4297648,SELETALISIB,[O-][n+]1cccc(-c2nc3c(Cl)cccc3cc2[C@@H](Nc2ncnc3cccnc23)C(F)(F)F)c1,LNLJHGXOFYUARS-OAQYLSRUSA-N,482.85,2.0,,True,False,False,phase_only,,Small molecule,MOL,0.91666675,95.30592619305204,True,,c1c[nH+]cc(-c2nc3ccccc3cc2CNc2ncnc3cccnc23)c1,431,-11.2504852790594,docked,9DKB,-5.86183440030691,docked,7ALV,96.41626464507236,75.63749138525155,80.63404548587181,80.63404548587181,False
REP_07920,CHEMBL4297282,GDC-0917,CN[C@@H](C)C(=O)N[C@H](C(=O)N1CCC[C@H]1C(=O)Nc1sc(-c2ncco2)nc1-c1ccccc1)C1CCCCC1,HSHPBORBOJIXSQ-HARLFGEKSA-N,564.71,1.0,,True,False,False,phase_only,,Small molecule,MOL,1.0,98.35917778579156,True,,O=C(Nc1sc(-c2ncco2)nc1-c1ccccc1)C1CCCN1C(=O)CC1CCCCC1,180,-11.2298364953544,docked,9DKB,-3.87031293151011,docked,7ALV,96.3473466574776,91.38525155065473,35.01033769813922,91.38525155065473,False
REP_06866,CHEMBL5095088,ANIZATRECTINIB,COCCN1C[C@@H](NC(=O)Nc2c(C)c(-c3cnc(C)nc3)nn2-c2ccccc2)[C@H](c2cccc(F)c2)C1,BGKSBHPSVMJTFL-IZZNHLLZSA-N,529.62,2.0,,True,False,False,phase_only,,Small molecule,MOL,0.9166667,90.38946988820771,True,,O=C(Nc1cc(-c2cncnc2)nn1-c1ccccc1)NC1CNCC1c1ccccc1,964,-11.2122805429847,docked,9DKB,1.38495447391796,docked,7ALV,96.27842866988284,50.137835975189525,1.2405237767057153,50.137835975189525,False
REP_00725,CHEMBL220360,TARANABANT,C[C@H](NC(=O)C(C)(C)Oc1ccc(C(F)(F)F)cn1)[C@@H](Cc1ccc(Cl)cc1)c1cccc(C#N)c1,QLYKJCMUNUWAGO-GAJHUEQPSA-N,515.96,3.0,,True,False,False,phase_only,,Small molecule,MOL,1.0,98.35917778579156,True,,O=C(COc1ccccn1)NCC(Cc1ccccc1)c1ccccc1,109,-11.1394882377023,docked,9DKB,-4.9969419783447,docked,7ALV,96.20951068228808,91.38525155065473,61.40592694693314,91.38525155065473,False
REP_05594,CHEMBL3301674,IFETROBAN SODIUM,CCCCCNC(=O)c1coc([C@H]2[C@@H](Cc3ccccc3CCC(=O)[O-])[C@@H]3CC[C@H]2O3)n1,BBPRUNPUJIUXSE-DXKRWKNPSA-M,439.53,2.0,,True,False,False,phase_only,,Small molecule,MOL,0.91666675,95.30592619305204,True,,c1ccc(CC2C3CCC(O3)C2c2ncco2)cc1,375,-11.093978894844,docked,9DKB,-6.18308617633833,docked,7ALV,96.14059269469331,75.63749138525155,85.42384562370778,85.42384562370778,False
REP_06643,CHEMBL4650322,RUNCACIGUAT,C[C@H]([C@H](C(=O)Nc1cc([C@@H](CC(=O)O)C2CC2)ccc1Cl)c1ccc(Cl)cc1)C(F)(F)F,NCRMKIWHFXSBGZ-CNBXIYLPSA-N,488.33,2.0,,True,False,False,phase_only,,Small molecule,MOL,0.9166667,90.38946988820771,True,,O=C(Cc1ccccc1)Nc1cccc(CC2CC2)c1,541,-11.0882395695079,docked,9DKB,-3.17794301040742,docked,7ALV,96.07167470709855,50.137835975189525,23.018607856650586,50.137835975189525,False
REP_00860,CHEMBL3545308,ROCILETINIB,C=CC(=O)Nc1cccc(Nc2nc(Nc3ccc(N4CCN(C(C)=O)CC4)cc3OC)ncc2C(F)(F)F)c1,HUFOZJXAKZVRNJ-UHFFFAOYSA-N,555.56,3.0,,True,False,False,phase_only,,Small molecule,MOL,0.9166667,90.38946988820771,True,,c1ccc(Nc2ccnc(Nc3ccc(N4CCNCC4)cc3)n2)cc1,765,-11.0339846362185,docked,9DKB,-3.71722544702976,docked,7ALV,96.0027567195038,50.137835975189525,32.04686423156444,50.137835975189525,False
REP_01000,CHEMBL4297508,DORZAGLIATIN,CC(C)C[C@@H](C(=O)Nc1ccn(C[C@@H](O)CO)n1)N1CC(Oc2ccccc2Cl)=CC1=O,HMUMWSORCUWQJO-QAPCUYQASA-N,462.93,3.0,,True,True,True,primary_atc_phase,,Small molecule,MOL,1.0,98.35917778579156,True,,O=C(CN1CC(Oc2ccccc2)=CC1=O)Nc1cc[nH]n1,90,-10.9963211676305,docked,9DKB,-6.3377070613767,docked,7ALV,95.93383873190902,91.38525155065473,87.5947622329428,91.38525155065473,False
REP_05459,CHEMBL3113165,VLX-1005,COc1cccc(CNc2ccc(S(=O)(=O)Nc3nc4ccccc4s3)cc2)c1O,OWHBVKBNNRYMIN-UHFFFAOYSA-N,441.53,2.0,,True,False,False,phase_only,,Small molecule,MOL,0.91666675,95.30592619305204,True,,O=S(=O)(Nc1nc2ccccc2s1)c1ccc(NCc2ccccc2)cc1,303,-10.9722272301163,docked,9DKB,-6.89332723527029,docked,7ALV,95.86492074431426,75.63749138525155,93.45279117849759,93.45279117849759,False
REP_06618,CHEMBL460289,MITOPODOZIDE,CCNNC(=O)[C@@H]1[C@H](c2cc(OC)c(OC)c(OC)c2)c2cc3c(cc2[C@H](O)[C@H]1CO)OCO3,CPTIBDHUFVHUJK-NZYDNVMFSA-N,474.51,2.0,,True,False,False,phase_only,,Small molecule,MOL,0.79417646,83.36338502223825,True,,c1ccc(C2CCCc3cc4c(cc32)OCO4)cc1,1385,-10.9719006453724,docked,9DKB,-6.30670485908086,docked,7ALV,95.7960027567195,13.02549965541006,87.25017229496899,87.25017229496899,False
REP_03720,CHEMBL2105793,TOCOFENOXATE,Cc1c(C)c2c(c(C)c1OC(=O)COc1ccc(Cl)cc1)CCC(C)(CCCC(C)CCCC(C)CCCC(C)C)O2,BSKVVWMQRIUXTP-UHFFFAOYSA-N,599.3,2.0,,True,False,False,phase_only,,Small molecule,MOL,0.56812775,81.51220098569539,True,,O=C(COc1ccccc1)Oc1ccc2c(c1)CCCO2,1539,-10.962142135484,docked,9DKB,-2.50575803064597,docked,7ALV,95.72708476912474,3.1702274293590627,14.266023432115782,14.266023432115782,False
REP_02379,CHEMBL1933350,MK-3577,CCC[C@H](c1ccc(C(=O)NCCC(=O)O)cc1)[C@H](c1ccc(Cl)cc1)c1c[nH]c2c(F)cc(C)cc12,FYRJJCYFYLLOSC-LXFBAYGMSA-N,521.03,2.0,,True,False,False,phase_only,,Small molecule,MOL,0.9166667,90.38946988820771,True,,c1ccc(CC(c2ccccc2)c2c[nH]c3ccccc23)cc1,1076,-10.929423458642,docked,9DKB,-2.45109646566509,docked,7ALV,95.65816678152999,50.137835975189525,13.852515506547213,50.137835975189525,False
REP_07584,CHEMBL1233182,GW-695634,CCC(=O)NS(=O)(=O)c1ccc(NC(=O)COc2ccc(Cl)cc2C(=O)c2cc(Cl)cc(C#N)c2)c(C)c1,GAQZNFUDILDDDI-UHFFFAOYSA-N,574.44,1.0,,True,False,False,phase_only,,Small molecule,MOL,1.0,98.35917778579156,True,,O=C(COc1ccccc1C(=O)c1ccccc1)Nc1ccccc1,112,-10.9277301426831,docked,9DKB,-7.27046455239375,docked,7ALV,95.58924879393523,91.38525155065473,95.38249483115094,95.38249483115094,False
REP_02492,CHEMBL206031,BRECANAVIR,Cc1nc(COc2ccc(C[C@H](NC(=O)O[C@H]3CO[C@H]4OCC[C@H]43)[C@H](O)CN(CC(C)C)S(=O)(=O)c3ccc4c(c3)OCO4)cc2)cs1,JORVRJNILJXMMG-OLNQLETPSA-N,703.84,2.0,,True,False,False,phase_only,,Small molecule,MOL,0.9166666,85.41892054333454,True,,O=C(NC(CCNS(=O)(=O)c1ccc2c(c1)OCO2)Cc1ccc(OCc2cscn2)cc1)OC1COC2OCCC12,1102,-10.9191489081248,docked,9DKB,-4.34442726706699,docked,7ALV,95.52033080634045,24.017918676774638,45.89937973811165,45.89937973811165,False
REP_07951,CHEMBL4297421,COH-29,O=C(Nc1nc(-c2ccc(O)c(O)c2)c(-c2ccccc2)s1)c1ccc(O)c(O)c1,LGGDLPSXAGQFSG-UHFFFAOYSA-N,420.45,1.0,,True,False,False,phase_only,,Small molecule,MOL,1.0,98.35917778579156,True,,O=C(Nc1nc(-c2ccccc2)c(-c2ccccc2)s1)c1ccccc1,96,-10.9086533976527,docked,9DKB,-7.53056196902767,docked,7ALV,95.4514128187457,91.38525155065473,96.55410062026189,96.55410062026189,False
REP_07792,CHEMBL3358954,BI 653048,CCS(=O)(=O)c1cc2cc(C[C@](O)(CC(C)(C)c3ccc(F)cc3C(N)=O)C(F)(F)F)[nH]c2cn1,AUIFRJWXYUNPPV-QFIPXVFZSA-N,515.53,1.0,,True,False,False,phase_only,,Small molecule,MOL,0.9166667,90.38946988820771,True,,c1ccc(CCCCc2cc3ccncc3[nH]2)cc1,768,-10.9066369336451,docked,9DKB,-5.16993160477498,docked,7ALV,95.38249483115094,50.137835975189525,66.71261199172984,66.71261199172984,False
REP_00476,CHEMBL1289110,TIANEPTINE,CN1c2ccccc2C(NCCCCCCC(=O)O)c2ccc(Cl)cc2S1(=O)=O,JICJBGPOMZQUBB-UHFFFAOYSA-N,436.96,3.0,,True,False,False,phase_only,,Small molecule,MOL,0.8432486,83.60379853347759,True,,O=S1(=O)Nc2ccccc2Cc2ccccc21,1365,-10.9024575451454,docked,9DKB,-4.12288001762253,docked,7ALV,95.31357684355616,14.403859407305305,40.66161268090972,40.66161268090972,False
REP_05035,CHEMBL2220475,TUBULOZOLE,CCOC(=O)Nc1ccc(SCC2COC(Cn3ccnc3)(c3ccc(Cl)cc3Cl)O2)cc1,OGPIBXIQNMQSPY-UHFFFAOYSA-N,508.43,2.0,,True,False,False,phase_only,,Small molecule,MOL,0.9166667,90.38946988820771,True,,c1ccc(SCC2COC(Cn3ccnc3)(c3ccccc3)O2)cc1,988,-10.8661299002402,docked,9DKB,-5.84588950675601,docked,7ALV,95.2446588559614,50.137835975189525,80.289455547898,80.289455547898,False
REP_06085,CHEMBL3989794,DAGLUTRIL,CCOC(=O)[C@H](CCCc1ccccc1)C1(C(=O)N[C@H]2CCc3ccccc3N(CC(=O)O)C2=O)CCCC1,FVWPYVZWVOLAOP-DQEYMECFSA-N,534.65,2.0,,True,False,False,phase_only,,Small molecule,MOL,0.91666675,95.30592619305204,True,,O=C1Nc2ccccc2CCC1NC(=O)C1(CCCCc2ccccc2)CCCC1,388,-10.8470703811867,docked,9DKB,-5.306812428763,docked,7ALV,95.17574086836665,75.63749138525155,69.46933149552032,75.63749138525155,False
REP_01199,CHEMBL5314597,BIMATOPROST GRENOD,CCNC(=O)CCC/C=C/C[C@@H]1[C@@H](/C=C/[C@H](CCc2ccccc2)OC(=O)CCCCCO[N+](=O)[O-])[C@H](O)C[C@@H]1O,NTQMJNDRYSYWNJ-YVRPKJJJSA-N,574.72,3.0,,True,False,False,phase_only,,Small molecule,MOL,0.91666675,95.30592619305204,True,,C(=CC1CCCC1)CCCc1ccccc1,452,-10.8345898779998,docked,9DKB,-5.05308181431398,docked,7ALV,95.10682288077189,75.63749138525155,63.26671261199173,75.63749138525155,False
REP_08027,CHEMBL4594423,TP-1287,CN1CC[C@H](c2c(OP(=O)(O)O)cc(O)c3c(=O)cc(-c4ccccc4Cl)oc23)[C@H](O)C1,YRNFLVUMZIRYKY-BLLLJJGKSA-N,481.83,1.0,,True,False,False,phase_only,,Small molecule,MOL,0.9166667,90.38946988820771,True,,O=c1cc(-c2ccccc2)oc2c(C3CCNCC3)cccc12,980,-10.8194803377828,docked,9DKB,-3.77499069069954,docked,7ALV,95.03790489317711,50.137835975189525,33.01171605789111,50.137835975189525,False
REP_06121,CHEMBL3989916,TIGILANOL TIGLATE,C/C=C(\C)C(=O)O[C@@H]1[C@@H](C)[C@@]2(O)[C@H]([C@@H]3C(C)(C)[C@]13OC(=O)[C@@H](C)CC)[C@@H]1O[C@]1(CO)[C@@H](O)[C@]1(O)C(=O)C(C)=C[C@H]12,YLQZMOUMDYVSQR-FOWZUWBHSA-N,562.66,2.0,,True,False,False,phase_only,,Small molecule,MOL,0.8695384,83.72400528909725,True,,O=C1C=CC2C1CC1OC1C1C3CC3CCC21,1355,-10.8147545641818,docked,9DKB,-2.94476256079403,docked,7ALV,94.96898690558236,15.024121295658166,19.77946243969676,19.77946243969676,False
REP_07757,CHEMBL3040440,VS-4718,CNC(=O)c1ccccc1Nc1cc(Nc2ccc(N3CCOCC3)cc2OC)ncc1C(F)(F)F,IGUBBWJDMLCRIK-UHFFFAOYSA-N,501.51,1.0,,True,False,False,phase_only,,Small molecule,MOL,0.9166667,90.38946988820771,True,,c1ccc(Nc2ccnc(Nc3ccc(N4CCOCC4)cc3)c2)cc1,762,-10.8083981240614,docked,9DKB,-5.14527121443354,docked,7ALV,94.9000689179876,50.137835975189525,66.2301860785665,66.2301860785665,False
REP_03240,CHEMBL2104988,TIPELUKAST,CCCc1c(SCCCOc2ccc(C(C)=O)c(OCCCC(=O)O)c2CCC)ccc(C(C)=O)c1O,KPWYNAGOBXLMSE-UHFFFAOYSA-N,530.68,2.0,,True,False,False,phase_only,,Small molecule,MOL,0.91666675,95.30592619305204,True,,c1ccc(OCCCSc2ccccc2)cc1,486,-10.7605270913902,docked,9DKB,-5.67451804356404,docked,7ALV,94.83115093039282,75.63749138525155,77.32598208132322,77.32598208132322,False
REP_08218,CHEMBL5425361,H3B-6545 FREE BASE,CN(C)C(=O)/C=C/CNCCOc1ccc(/C(=C(/CC(F)(F)F)c2ccccc2)c2ccc3[nH]nc(F)c3c2)cn1,JPFTZIJTXCHJNE-HMOQVRKWSA-N,567.59,1.0,,True,False,False,phase_only,,Small molecule,MOL,0.9166667,90.38946988820771,True,,C(=C(c1cccnc1)c1ccc2[nH]ncc2c1)c1ccccc1,1042,-10.7538059829122,docked,9DKB,-1.0109724769492,docked,7ALV,94.76223294279808,50.137835975189525,5.306685044796689,50.137835975189525,False
REP_05104,CHEMBL2364628,RICOLINOSTAT,O=C(CCCCCCNC(=O)c1cnc(N(c2ccccc2)c2ccccc2)nc1)NO,QGZYDVAGYRLSKP-UHFFFAOYSA-N,433.51,2.0,,True,False,False,phase_only,,Small molecule,MOL,0.91666675,95.30592619305204,True,,c1ccc(N(c2ccccc2)c2ncccn2)cc1,395,-10.7528532075895,docked,9DKB,-4.47277693809471,docked,7ALV,94.6933149552033,75.63749138525155,48.93177119228118,75.63749138525155,False
REP_05679,CHEMBL35084,CANDOXATRIL,COCCOC[C@H](CC1(C(=O)N[C@H]2CC[C@@H](C(=O)O)CC2)CCCC1)C(=O)Oc1ccc2c(c1)CCC2,ZTWZVMIYIIVABD-OEMFJLHTSA-N,515.65,2.0,,True,False,False,phase_only,,Small molecule,MOL,0.9166666,85.41892054333454,True,,O=C(CCC1(C(=O)NC2CCCCC2)CCCC1)Oc1ccc2c(c1)CCC2,1149,-10.7523463661069,docked,9DKB,-4.9611774353834,docked,7ALV,94.62439696760855,24.017918676774638,60.78566505858029,60.78566505858029,False
REP_07702,CHEMBL2181753,AM-211,CCN(Cc1cc(C(F)(F)F)ccc1-c1cc(CC(=O)O)ccc1OC)C(=O)NCc1ccccc1,OPXIRFWNLBDKQB-UHFFFAOYSA-N,500.52,1.0,,True,False,False,phase_only,,Small molecule,MOL,0.9166667,90.38946988820771,True,,O=C(NCc1ccccc1)NCc1ccccc1-c1ccccc1,671,-10.7430680126252,docked,9DKB,-4.05850179085893,docked,7ALV,94.55547898001379,50.137835975189525,38.938662991040665,50.137835975189525,False
REP_05733,CHEMBL3545365,ALTIRATINIB,O=C(Nc1cc(Oc2cc(F)c(NC(=O)C3(C(=O)Nc4ccc(F)cc4)CC3)cc2F)ccn1)C1CC1,GNNDEPIMDAZHRQ-UHFFFAOYSA-N,510.47,2.0,,True,False,False,phase_only,,Small molecule,MOL,1.0,98.35917778579156,True,,O=C(Nc1cc(Oc2ccc(NC(=O)C3(C(=O)Nc4ccccc4)CC3)cc2)ccn1)C1CC1,65,-10.7151819371648,docked,9DKB,-9.50490405635218,docked,7ALV,94.48656099241902,91.38525155065473,99.4486560992419,99.4486560992419,False
REP_08217,CHEMBL5421037,STX-478,Cc1c([C@@H](NC(=O)Nc2cnc(N)nc2)C(F)(F)F)oc2c(F)cc(F)cc12,LGPNQALKGDDVBD-CYBMUJFWSA-N,401.3,1.0,,True,False,False,phase_only,,Small molecule,MOL,1.0,98.35917778579156,True,,O=C(NCc1cc2ccccc2o1)Nc1cncnc1,233,-10.7070385117774,docked,9DKB,-5.13062620853519,docked,7ALV,94.41764300482426,91.38525155065473,65.74776016540316,91.38525155065473,False
REP_06870,CHEMBL5095094,CULMERCICLIB,CC(C)c1c2cc(-c3nc(Nc4ccc(N5CCNCC5)cn4)ncc3F)ccc2nn1C,LLFOBMRPWNABCB-UHFFFAOYSA-N,446.53,2.0,,True,False,False,phase_only,,Small molecule,MOL,0.9166667,90.38946988820771,True,,c1cc(-c2ccc3n[nH]cc3c2)nc(Nc2ccc(N3CCNCC3)cn2)n1,852,-10.7028925220722,docked,9DKB,-3.80120790855644,docked,7ALV,94.3487250172295,50.137835975189525,33.70089593383874,50.137835975189525,False
REP_07874,CHEMBL3961833,AZD-9898,COc1nc(N(CC(C)(C)F)c2cc(Cl)c(F)cc2F)cnc1C(=O)[C@H]1C[C@@H]1C(=O)O,RVMWIVNHZMXEHS-UWVGGRQHSA-N,457.84,1.0,,True,False,False,phase_only,,Small molecule,MOL,0.9166666,85.41892054333454,True,,O=C(c1cnc(Nc2ccccc2)cn1)C1CC1,1211,-10.6959643633616,docked,9DKB,-4.56617105504938,docked,7ALV,94.27980702963474,24.017918676774638,51.481736733287384,51.481736733287384,False
REP_01948,CHEMBL1614646,SUSALIMOD,Cc1cccnc1NS(=O)(=O)c1ccc(C#Cc2ccc(O)c(C(=O)O)c2)cc1,WJLQPSZXCOYTHS-UHFFFAOYSA-N,408.44,2.0,,True,False,False,phase_only,,Small molecule,MOL,0.91666675,95.30592619305204,True,,O=S(=O)(Nc1ccccn1)c1ccc(C#Cc2ccccc2)cc1,468,-10.6904354034284,docked,9DKB,-4.67971345809584,docked,7ALV,94.21088904203997,75.63749138525155,54.85871812543074,75.63749138525155,False
REP_08132,CHEMBL5095188,MAX-10181,Cc1c(C=Cc2cc(CNC(C)(CO)C(=O)O)ccc2C(F)(F)F)cccc1-c1ccc2c(c1)OCCO2,PTGUEPRQUFAZLN-UHFFFAOYSA-N,527.54,1.0,,True,False,False,phase_only,,Small molecule,MOL,0.91666675,95.30592619305204,True,,C(=Cc1cccc(-c2ccc3c(c2)OCCO3)c1)c1ccccc1,469,-10.6834058729705,docked,9DKB,-7.43964336699913,docked,7ALV,94.14197105444521,75.63749138525155,96.14059269469331,96.14059269469331,False
REP_00864,CHEMBL3545413,FLUMATINIB,Cc1ncc(NC(=O)c2ccc(CN3CCN(C)CC3)c(C(F)(F)F)c2)cc1Nc1nccc(-c2cccnc2)n1,BJCJYEYYYGBROF-UHFFFAOYSA-N,562.6,3.0,,True,False,False,phase_only,,Small molecule,MOL,0.9166666,85.41892054333454,True,,O=C(Nc1cncc(Nc2nccc(-c3cccnc3)n2)c1)c1ccc(CN2CCNCC2)cc1,1188,-10.6643802750865,docked,9DKB,-3.50229129946076,docked,7ALV,94.07305306685045,24.017918676774638,27.56719503790489,27.56719503790489,False
REP_02540,CHEMBL2103810,EZATIOSTAT HYDROCHLORIDE,CCOC(=O)[C@@H](N)CCC(=O)N[C@@H](CSCc1ccccc1)C(=O)N[C@@H](C(=O)OCC)c1ccccc1,GWEJFLVSOGNLSS-WPFOTENUSA-N,529.66,2.0,,True,False,False,phase_only,,Small molecule,MOL,0.8855241,83.80815001803101,True,,O=C(CCSCc1ccccc1)NCc1ccccc1,1348,-10.6605688567115,docked,9DKB,-4.28177588575119,docked,7ALV,94.00413507925569,15.506547208821504,44.45210199862164,44.45210199862164,False
REP_07152,CHEMBL5414447,ATUMELNANT,CCOc1ccccc1-c1ccc(N2CCN(C(=O)C3(C(F)(F)F)CCC3)C[C@H]2CC)c(C(=O)N[C@@H]2CN3CCC2CC3)n1,QJRFBKYETDVAJQ-ZEQKJWHPSA-N,613.72,2.0,,True,False,False,phase_only,,Small molecule,MOL,0.9166667,90.38946988820771,True,,O=C(NC1CN2CCC1CC2)c1nc(-c2ccccc2)ccc1N1CCN(C(=O)C2CCC2)CC1,622,-10.6365319078669,docked,9DKB,-3.3891186867622,docked,7ALV,93.93521709166093,50.137835975189525,26.18883528600965,50.137835975189525,False
REP_06750,CHEMBL4802293,TEBITOREXANT,O=C(c1cccc(F)c1-c1ncccn1)N1C[C@H]2C[C@@H](Oc3ccc(C(F)(F)F)cn3)[C@@H]1C2,HUKWIAXQBOHZIX-JEBQAFNWSA-N,458.42,2.0,,True,False,False,phase_only,,Small molecule,MOL,0.9166667,90.38946988820771,True,,O=C(c1ccccc1-c1ncccn1)N1CC2CC(Oc3ccccn3)C1C2,977,-10.6159730442165,docked,9DKB,-5.57533241534679,docked,7ALV,93.86629910406616,50.137835975189525,75.32736044107511,75.32736044107511,False
REP_03992,CHEMBL2106405,DELOXOLONE,CC1(C)[C@@H](OC(=O)CCC(=O)O)CC[C@]2(C)C3=CC[C@@H]4[C@@H]5C[C@@](C)(C(=O)O)CC[C@]5(C)CC[C@@]4(C)[C@]3(C)CC[C@@H]12,VRFVGZRKFFTPCG-KYHPDETOSA-N,556.78,2.0,,True,False,False,phase_only,,Small molecule,MOL,0.9166667,90.38946988820771,True,,C1=C2C3CCCCC3CCC2C2CCC3CCCCC3C2C1,797,-10.6080341412786,docked,9DKB,-4.67240662777695,docked,7ALV,93.7973811164714,50.137835975189525,54.51412818745693,54.51412818745693,False
REP_06377,CHEMBL4297478,VAMOTINIB,Cc1ccc(C(=O)Nc2ccc(CN3CCN(C)CC3)c(C(F)(F)F)c2)cc1C#Cc1nnc2ccccn12,SLIVDYMORZGPLW-UHFFFAOYSA-N,532.57,2.0,,True,False,False,phase_only,,Small molecule,MOL,0.9166667,90.38946988820771,True,,O=C(Nc1ccc(CN2CCNCC2)cc1)c1cccc(C#Cc2nnc3ccccn23)c1,876,-10.6075323848372,docked,9DKB,-4.07418373532776,docked,7ALV,93.72846312887664,50.137835975189525,39.42108890420399,50.137835975189525,False
REP_04973,CHEMBL2159227,CEMDOMESPIB,CO[C@@H]1[C@@H](O)[C@@H](O)[C@H](Oc2ccc(CCNC(C)=O)c(-c3cccc(F)c3)c2)OC1(C)C,PDBWOHBMJQOBHL-WBADGQHESA-N,447.5,2.0,,True,False,False,phase_only,,Small molecule,MOL,0.7290672,82.83447529751172,True,,c1ccc(-c2cccc(OC3CCCCO3)c2)cc1,1429,-10.5786129040402,docked,9DKB,-5.27708145215793,docked,7ALV,93.65954514128188,10.268780151619572,68.986905582357,68.986905582357,False
REP_05029,CHEMBL2219412,AFOXOLANER,O=C(CNC(=O)c1ccc(C2=NOC(c3cc(Cl)cc(C(F)(F)F)c3)(C(F)(F)F)C2)c2ccccc12)NCC(F)(F)F,OXDDDHGGRFRLEE-UHFFFAOYSA-N,625.88,2.0,,True,False,False,phase_only,,Small molecule,MOL,1.0,98.35917778579156,True,,c1ccc(C2CC(c3cccc4ccccc34)=NO2)cc1,47,-10.5765290569949,docked,9DKB,-1.87158134237306,docked,7ALV,93.59062715368711,91.38525155065473,9.235010337698135,91.38525155065473,False
REP_08210,CHEMBL5316169,CR-3465 FREE ACID,O=C(N[C@@H](Cc1ccc(OCc2ccc3ccc(F)cc3n2)cc1)C(=O)O)c1ccc2ccccc2n1,XBKBJNOSNDZQGN-MHZLTWQESA-N,495.51,1.0,,True,False,False,phase_only,,Small molecule,MOL,0.9166667,90.38946988820771,True,,O=C(NCCc1ccc(OCc2ccc3ccccc3n2)cc1)c1ccc2ccccc2n1,507,-10.5681219356305,docked,9DKB,-4.50106730871804,docked,7ALV,93.52170916609235,50.137835975189525,49.75878704341833,50.137835975189525,False
REP_07656,CHEMBL2016893,XL-418,Cc1c(NCCN2CCCC2)cc(C(=O)CCC(F)(F)F)cc1N1CCN(c2ncnc3[nH]nc(Br)c23)CC1,IKBSEBRGSVFUHM-UHFFFAOYSA-N,609.49,1.0,,True,False,False,phase_only,,Small molecule,MOL,0.9166666,85.41892054333454,True,,c1cc(NCCN2CCCC2)cc(N2CCN(c3ncnc4[nH]ncc34)CC2)c1,1221,-10.5597608567101,docked,9DKB,-1.54876180595482,docked,7ALV,93.45279117849759,24.017918676774638,7.374224672639562,24.017918676774638,False
REP_03129,CHEMBL2104791,IOSUMETIC ACID,CCN(C(=O)CCC(=O)O)c1c(I)cc(I)c(NC)c1I,IGSPYLOKMDUVEX-UHFFFAOYSA-N,627.99,2.0,,True,False,False,phase_only,,Small molecule,MOL,0.5345409,81.21168409664622,True,,c1ccccc1,1564,-10.5392321497037,docked,9DKB,-4.47336120091111,docked,7ALV,93.38387319090282,1.6540317022742934,49.00068917987595,49.00068917987595,False
REP_05075,CHEMBL2325014,PF-05089771,Nc1[nH]ncc1-c1cc(Cl)ccc1Oc1cc(F)c(S(=O)(=O)Nc2cscn2)cc1Cl,ZYSCOUXLBXGGIM-UHFFFAOYSA-N,500.36,2.0,,True,False,False,phase_only,,Small molecule,MOL,1.0,98.35917778579156,True,,O=S(=O)(Nc1cscn1)c1ccc(Oc2ccccc2-c2cn[nH]c2)cc1,38,-10.5366717923266,docked,9DKB,-7.4249821842642,docked,7ALV,93.31495520330806,91.38525155065473,96.07167470709855,96.07167470709855,False
REP_05976,CHEMBL3989448,TOLAFENTRINE,COc1cc2c(cc1OC)[C@H]1CN(C)CC[C@H]1N=C2c1ccc(NS(=O)(=O)c2ccc(C)cc2)cc1,FVZJIAUYFDQQKJ-JWQCQUIFSA-N,505.64,2.0,,True,False,False,phase_only,,Small molecule,MOL,0.8460493,83.61581920903954,True,,O=S(=O)(Nc1ccc(C2=NC3CCNCC3c3ccccc32)cc1)c1ccccc1,1364,-10.5105185037435,docked,9DKB,-1.46849754928158,docked,7ALV,93.2460372157133,14.472777394900069,7.029634734665747,14.472777394900069,False
REP_06911,CHEMBL5095236,DIVARASIB,C=CC(=O)N1CCN(c2nc(OC[C@@H]3CCCN3C)nc3c(F)c(-c4nc(N)cc(C)c4C(F)(F)F)c(Cl)cc23)[C@@H](C)C1,ZRBPIAWWRPFDPY-IRXDYDNUSA-N,622.07,2.0,,True,False,False,phase_only,,Small molecule,MOL,1.0,98.35917778579156,True,,c1ccc(-c2ccc3c(N4CCNCC4)nc(OCC4CCCN4)nc3c2)nc1,190,-10.5029414844763,docked,9DKB,-0.352898415574133,docked,7ALV,93.17711922811854,91.38525155065473,3.721571330117157,91.38525155065473,False
REP_05227,CHEMBL274185,LECIMIBIDE,CCCCCCCN(CCCCCSc1nc(-c2ccccc2)c(-c2ccccc2)[nH]1)C(=O)Nc1ccc(F)cc1F,TVXOXGBTADZYCZ-UHFFFAOYSA-N,590.78,2.0,,True,False,False,phase_only,,Small molecule,MOL,0.9166667,90.38946988820771,True,,O=C(NCCCCCSc1nc(-c2ccccc2)c(-c2ccccc2)[nH]1)Nc1ccccc1,900,-10.4932983593663,docked,9DKB,-3.85768758055882,docked,7ALV,93.10820124052378,50.137835975189525,34.80358373535493,50.137835975189525,False
REP_02989,CHEMBL2104600,ETIBENDAZOLE,COC(=O)Nc1nc2ccc(C3(c4ccc(F)cc4)OCCO3)cc2[nH]1,PEVOWKBJMJVUSV-UHFFFAOYSA-N,357.34,2.0,,True,False,False,phase_only,,Small molecule,MOL,0.7350057,82.88255799975958,True,,c1ccc(C2(c3ccc4nc[nH]c4c3)OCCO2)cc1,1425,-10.4823579407009,docked,9DKB,-5.95372638881673,docked,7ALV,93.03928325292901,10.544452101998623,81.9434872501723,81.9434872501723,False
REP_07648,CHEMBL1951865,CMS-121,Oc1ccc(-c2cc(OC3CCCC3)c3ccccc3n2)cc1O,OMHNVUCFPJJLKD-UHFFFAOYSA-N,321.38,1.0,,True,False,False,phase_only,,Small molecule,MOL,0.9166667,90.38946988820771,True,,c1ccc(-c2cc(OC3CCCC3)c3ccccc3n2)cc1,687,-10.4811394303108,docked,9DKB,-5.82091334169825,docked,7ALV,92.97036526533425,50.137835975189525,80.01378359751895,80.01378359751895,False
REP_01021,CHEMBL4297633,SEPETAPROST,CC(C)OC(=O)CCC[C@H]1CC[C@@H]2[C@@H](/C=C/[C@@H](O)COc3cc(F)ccc3F)[C@H](O)C[C@@H]2OC1,BKVUSNOUTQMSBE-XCMGCKIWSA-N,482.56,3.0,,True,False,False,phase_only,,Small molecule,MOL,0.9166667,90.38946988820771,True,,C(=CC1CCC2OCCCCC12)CCOc1ccccc1,924,-10.4705011936471,docked,9DKB,-6.5479957654525,docked,7ALV,92.90144727773949,50.137835975189525,90.144727773949,90.144727773949,False
REP_07016,CHEMBL5314440,SACIBERTINIB,CN(C)C/C=C/C(=O)Nc1cc2c(Nc3ccc(OCc4ccccn4)c(Cl)c3)c(C#N)cnc2cc1O[C@H]1CCOC1,ZGYIXVSQHOKQRZ-COIATFDQSA-N,599.09,2.0,,True,False,False,phase_only,,Small molecule,MOL,1.0,98.35917778579156,True,,c1ccc(COc2ccc(Nc3ccnc4cc(OC5CCOC5)ccc34)cc2)nc1,211,-10.4542720047974,docked,9DKB,-5.67681477255434,docked,7ALV,92.83252929014473,91.38525155065473,77.39490006891798,91.38525155065473,False
REP_00552,CHEMBL1800807,ANACETRAPIB,COc1cc(F)c(C(C)C)cc1-c1ccc(C(F)(F)F)cc1CN1C(=O)O[C@H](c2cc(C(F)(F)F)cc(C(F)(F)F)c2)[C@@H]1C,MZZLGJHLQGUVPN-HAWMADMCSA-N,637.51,3.0,,True,False,False,phase_only,,Small molecule,MOL,0.91666675,95.30592619305204,True,,O=C1OC(c2ccccc2)CN1Cc1ccccc1-c1ccccc1,446,-10.4541098759816,docked,9DKB,-2.71344445016597,docked,7ALV,92.76361130254996,75.63749138525155,16.540317022742933,75.63749138525155,False
REP_06516,CHEMBL4471306,QUEMLICLUSTAT,C[C@H](Nc1cc(Cl)nc2c1cnn2[C@@H]1O[C@H](COP(=O)(O)CP(=O)(O)O)[C@@H](O)[C@H]1O)c1ccccc1F,MFYLCAMJNGIULC-KCVUFLITSA-N,580.83,2.0,,True,False,False,phase_only,,Small molecule,MOL,0.9166666,85.41892054333454,True,,c1ccc(CNc2ccnc3c2cnn3C2CCCO2)cc1,1320,-10.4518897976515,docked,9DKB,-7.90879127381064,docked,7ALV,92.6946933149552,24.017918676774638,97.65678842177809,97.65678842177809,False
REP_06510,CHEMBL4466233,PEMRAMETOSTAT,CC(=O)N1CCC(Nc2cc(C(=O)NC[C@H](O)CN3CCc4ccccc4C3)ncn2)CC1,JLCCNYVTIWRPIZ-NRFANRHFSA-N,452.56,2.0,,True,False,False,phase_only,,Small molecule,MOL,0.91666675,95.30592619305204,True,,O=C(NCCCN1CCc2ccccc2C1)c1cc(NC2CCNCC2)ncn1,291,-10.4445245525984,docked,9DKB,-6.07499816307678,docked,7ALV,92.62577532736044,75.63749138525155,83.87319090282563,83.87319090282563,False
REP_05593,CHEMBL3301673,IFETROBAN,CCCCCNC(=O)c1coc([C@H]2[C@@H](Cc3ccccc3CCC(=O)O)[C@@H]3CC[C@H]2O3)n1,BBPRUNPUJIUXSE-DXKRWKNPSA-N,440.54,2.0,,True,False,False,phase_only,,Small molecule,MOL,1.0,98.35917778579156,True,,c1ccc(CC2C3CCC(O3)C2c2ncco2)cc1,145,-10.4365531093884,docked,9DKB,-6.18308617633833,docked,7ALV,92.55685733976567,91.38525155065473,85.42384562370778,91.38525155065473,False
REP_07664,CHEMBL2062154,CI-988,C[C@](Cc1c[nH]c2ccccc12)(NC(=O)OC1[C@H]2C[C@@H]3C[C@@H](C[C@H]1C3)C2)C(=O)NC[C@H](NC(=O)CCC(=O)O)c1ccccc1,FVQSSYMRZKLFDR-QRCSZXLUSA-N,614.74,1.0,,True,False,False,phase_only,,Small molecule,MOL,0.9166667,90.38946988820771,True,,O=C(NC(Cc1c[nH]c2ccccc12)C(=O)NCCc1ccccc1)OC1C2CC3CC(C2)CC1C3,717,-10.4339818411232,docked,9DKB,-2.73568792049384,docked,7ALV,92.48793935217093,50.137835975189525,16.815988973121986,50.137835975189525,False
REP_02569,CHEMBL2103909,SALAFIBRATE,CC(=O)Oc1ccccc1C(=O)OC(COC(=O)C(C)(C)Oc1ccc(Cl)cc1)COC(=O)C(C)(C)Oc1ccc(Cl)cc1,GVOWJSGFINMTQK-UHFFFAOYSA-N,647.5,2.0,,True,False,False,phase_only,,Small molecule,MOL,0.91666675,95.30592619305204,True,,O=C(COc1ccccc1)OCC(COC(=O)COc1ccccc1)OC(=O)c1ccccc1,424,-10.4130492992919,docked,9DKB,-5.58032950039914,docked,7ALV,92.41902136457615,75.63749138525155,75.46519641626465,75.63749138525155,False
REP_07010,CHEMBL5314433,NELUTROCTIV,CS(=O)(=O)c1cncc(C(=O)N2[C@@H](C(=O)N[C@@H](c3cc(F)c(C(F)(F)F)cc3F)C3CC3)C[C@H]3C[C@H]32)c1,BDIJXTIDFAIBQF-OOCUOIDPSA-N,543.51,2.0,,True,False,False,phase_only,,Small molecule,MOL,0.9166666,85.41892054333454,True,,O=C(NC(c1ccccc1)C1CC1)C1CC2CC2N1C(=O)c1cccnc1,1257,-10.4031518105783,docked,9DKB,-7.17525371431684,docked,7ALV,92.3501033769814,24.017918676774638,94.41764300482426,94.41764300482426,False
REP_06087,CHEMBL3989796,SALPROTOSIDE,CCCO[C@H]1[C@@H]([C@@H](COC(=O)c2ccccc2O)OC(=O)c2ccccc2O)OC(OCC)[C@@H]1O,VKRBJYIBLRSBNI-KOGKCOTNSA-N,490.51,2.0,,True,False,False,phase_only,,Small molecule,MOL,0.6547433,82.25748287053733,True,,O=C(OCC(OC(=O)c1ccccc1)C1CCCO1)c1ccccc1,1477,-10.4000895960672,docked,9DKB,-7.29277821908485,docked,7ALV,92.28118538938664,7.236388697450034,95.4514128187457,95.4514128187457,False
REP_07801,CHEMBL35306,NIKKOMYCIN,C[C@@H]([C@H](N)C(=O)N[C@H](C(=O)O)[C@H]1O[C@@H](n2ccc(=O)[nH]c2=O)[C@H](O)[C@@H]1O)[C@H](O)c1ccc(O)cn1,WWJFFVUVFNBJTN-VHDFTHOZSA-N,495.45,1.0,,True,False,False,phase_only,,Small molecule,MOL,0.9166666,85.41892054333454,True,,O=C(CCCc1ccccn1)NCC1CCC(n2ccc(=O)[nH]c2=O)O1,1281,-10.3972857464981,docked,9DKB,-6.43589337551054,docked,7ALV,92.21226740179188,24.017918676774638,88.62853204686422,88.62853204686422,False
REP_02129,CHEMBL17377,FOSTRIECIN,C[C@@](O)(/C=C/[C@H]1CC=CC(=O)O1)[C@@H](C[C@@H](O)\C=C/C=C\C=C\CO)OP(=O)(O)O,ZMQRJWIYMXZORG-DSWNLJKISA-N,430.39,2.0,,True,False,False,phase_only,,Small molecule,MOL,0.9166667,90.38946988820771,True,,O=C1C=CCCO1,788,-10.3953895084676,docked,9DKB,-9.63432880822478,docked,7ALV,92.1433494141971,50.137835975189525,99.51757408683667,99.51757408683667,False
REP_04411,CHEMBL2107238,URSULCHOLIC ACID,C[C@H](CCC(=O)O)[C@H]1CC[C@H]2[C@@H]3[C@@H](OS(=O)(=O)O)C[C@@H]4C[C@H](OS(=O)(=O)O)CC[C@]4(C)[C@H]3CC[C@]12C,BWXSDJHAJWTEAD-UZVSRGJWSA-N,552.71,2.0,,True,False,False,phase_only,,Small molecule,MOL,1.0,98.35917778579156,True,,C1CCC2C(C1)CCC1C3CCCC3CCC21,142,-10.3889754212598,docked,9DKB,-4.72687401341435,docked,7ALV,92.07443142660235,91.38525155065473,55.54789800137836,91.38525155065473,False
REP_00720,CHEMBL217092,SARACATINIB,CN1CCN(CCOc2cc(OC3CCOCC3)c3c(Nc4c(Cl)ccc5c4OCO5)ncnc3c2)CC1,OUKYUETWWIPKQR-UHFFFAOYSA-N,542.04,3.0,,True,False,False,phase_only,,Small molecule,MOL,0.9166666,85.41892054333454,True,,c1cc(Nc2ncnc3cc(OCCN4CCNCC4)cc(OC4CCOCC4)c23)c2c(c1)OCO2,1132,-10.3853836693868,docked,9DKB,-4.86059126320385,docked,7ALV,92.00551343900759,24.017918676774638,58.85596140592695,58.85596140592695,False
REP_07787,CHEMBL3338866,MK-1064,COc1ccc(CNC(=O)c2cc(-c3cncc(Cl)c3)cnc2-c2ccccn2)nc1OC,CKTWQGHVNRYNCM-UHFFFAOYSA-N,461.91,1.0,,True,False,False,phase_only,,Small molecule,MOL,0.91666675,95.30592619305204,True,,O=C(NCc1ccccn1)c1cc(-c2cccnc2)cnc1-c1ccccn1,316,-10.3837600469142,docked,9DKB,-4.31967613998712,docked,7ALV,91.93659545141281,75.63749138525155,45.34803583735355,75.63749138525155,False
REP_08129,CHEMBL5095180,FDL169,CCOc1ccc2c(-c3cccc(F)c3)nn(CC(=O)N(C)c3ccc4nc(C)oc4c3)c(=O)c2c1,XRPSUWYWZUQALB-UHFFFAOYSA-N,486.5,1.0,,True,False,False,phase_only,,Small molecule,MOL,0.9166667,90.38946988820771,True,,O=C(Cn1nc(-c2ccccc2)c2ccccc2c1=O)Nc1ccc2ncoc2c1,1062,-10.3812906034054,docked,9DKB,-3.15468640055507,docked,7ALV,91.86767746381805,50.137835975189525,22.605099931082016,50.137835975189525,False
REP_03159,CHEMBL2104857,PETRICHLORAL,OC(OCC(COC(O)C(Cl)(Cl)Cl)(COC(O)C(Cl)(Cl)Cl)COC(O)C(Cl)(Cl)Cl)C(Cl)(Cl)Cl,OKACKALPXHBEMA-UHFFFAOYSA-N,725.7,2.0,,True,False,False,phase_only,,Small molecule,MOL,0.9166667,90.38946988820771,True,,,563,-10.3659904273941,docked,9DKB,-6.47793670055003,docked,7ALV,91.7987594762233,50.137835975189525,89.11095796002758,89.11095796002758,False
REP_06383,CHEMBL4297486,RX-518,C=CC(=O)Nc1cccc(-c2cccc3cnc(Nc4ccc(N5CCN(CCO)CC5)c(F)c4F)nc23)c1,IDRGFNPZDVBSSE-UHFFFAOYSA-N,530.58,2.0,,True,False,False,phase_only,,Small molecule,MOL,0.9166667,90.38946988820771,True,,c1ccc(-c2cccc3cnc(Nc4ccc(N5CCNCC5)cc4)nc23)cc1,889,-10.3656185614784,docked,9DKB,-4.30335017235924,docked,7ALV,91.72984148862852,50.137835975189525,44.93452791178497,50.137835975189525,False
REP_01308,CHEMBL107367,FARGLITAZAR,Cc1oc(-c2ccccc2)nc1CCOc1ccc(C[C@H](Nc2ccccc2C(=O)c2ccccc2)C(=O)O)cc1,ZZCHHVUQYRMYLW-HKBQPEDESA-N,546.62,2.0,,True,False,False,phase_only,,Small molecule,MOL,0.9166667,90.38946988820771,True,,O=C(c1ccccc1)c1ccccc1NCCc1ccc(OCCc2coc(-c3ccccc3)n2)cc1,878,-10.3651267989465,docked,9DKB,-5.50516456846349,docked,7ALV,91.66092350103376,50.137835975189525,73.74224672639559,73.74224672639559,False
REP_00207,CHEMBL2105720,LESINURAD,O=C(O)CSc1nnc(Br)n1-c1ccc(C2CC2)c2ccccc12,FGQFOYHRJSUHMR-UHFFFAOYSA-N,404.29,4.0,,False,True,True,benchmark_forced,URAT1_POS_01,Small molecule,MOL,0.59704274,81.82473855030653,True,,c1ccc2c(-n3cnnc3)ccc(C3CC3)c2c1,1513,-10.3404528191144,docked,9DKB,-7.21695086237216,docked,7ALV,91.592005513439,4.893177119228119,95.03790489317711,95.03790489317711,False
REP_04373,CHEMBL2107151,NICAFENINE,O=C(NCCOC(=O)c1ccccc1Nc1ccnc2cc(Cl)ccc12)c1cccnc1,XHMFPDMOPBXSDM-UHFFFAOYSA-N,446.89,2.0,,True,False,False,phase_only,,Small molecule,MOL,0.9166667,90.38946988820771,True,,O=C(NCCOC(=O)c1ccccc1Nc1ccnc2ccccc12)c1cccnc1,579,-10.3373563987227,docked,9DKB,-5.48230956875367,docked,7ALV,91.52308752584425,50.137835975189525,72.77739490006891,72.77739490006891,False
REP_00992,CHEMBL4297455,CAFICRESTAT,O=C(O)Cc1nn(Cc2nc3cc(C(F)(F)F)ccc3s2)c(=O)c2nccnc12,YRGPAXAVTDMKDK-UHFFFAOYSA-N,421.36,3.0,,True,False,False,phase_only,,Small molecule,MOL,0.57095164,81.5482630123813,True,,O=c1c2nccnc2cnn1Cc1nc2ccccc2s1,1536,-10.3359133169494,docked,9DKB,-7.21126283938767,docked,7ALV,91.45416953824949,3.308063404548587,94.96898690558236,94.96898690558236,False
REP_07507,CHEMBL89326,MOXILUBANT,COc1cc(C(=O)N(C(C)C)C(C)C)ccc1OCCCCCOc1ccc(C(=N)N)cc1,VAYJLOGCWOXMAS-UHFFFAOYSA-N,455.6,2.0,,True,False,False,phase_only,,Small molecule,MOL,0.9166666,85.41892054333454,True,,c1ccc(OCCCCCOc2ccccc2)cc1,1115,-10.3293631640983,docked,9DKB,-5.69896722630101,docked,7ALV,91.38525155065473,24.017918676774638,77.80840799448656,77.80840799448656,False
REP_05877,CHEMBL3787344,NAZARTINIB,Cc1cc(C(=O)Nc2nc3cccc(Cl)c3n2[C@@H]2CCCCN(C(=O)/C=C/CN(C)C)C2)ccn1,IOMMMLWIABWRKL-WUTDNEBXSA-N,495.03,2.0,,True,False,False,phase_only,,Small molecule,MOL,0.9166667,90.38946988820771,True,,O=C(Nc1nc2ccccc2n1C1CCCCNC1)c1ccncc1,597,-10.3277796146465,docked,9DKB,-3.00652332464076,docked,7ALV,91.31633356305996,50.137835975189525,20.606478290833905,50.137835975189525,False
REP_06607,CHEMBL4594444,PECAVAPTAN,C[C@H](O)c1nc(Cn2nc(-c3ccc(Cl)cc3)n(C[C@H](O)C(F)(F)F)c2=O)nn1-c1cccc(Cl)c1,AZXOTZCWQDJCLY-SJCJKPOMSA-N,543.33,2.0,,True,False,False,phase_only,,Small molecule,MOL,0.9166667,90.38946988820771,True,,O=c1[nH]c(-c2ccccc2)nn1Cc1ncn(-c2ccccc2)n1,1044,-10.3274886218803,docked,9DKB,-6.44642682059587,docked,7ALV,91.2474155754652,50.137835975189525,88.83528600964851,88.83528600964851,False
REP_00635,CHEMBL2104574,ECRAPROST,CCCCC[C@H](O)/C=C/[C@@H]1C(CCCCCCC(=O)OCCCC)=C(OC(=O)CCC)C[C@H]1O,HITYEEHTEOQBAC-OSIGYOHNSA-N,480.69,3.0,,True,False,False,phase_only,,Small molecule,MOL,0.9166667,90.38946988820771,True,,C1=CCCC1,1070,-10.3219018291578,docked,9DKB,-3.61982755619698,docked,7ALV,91.17849758787044,50.137835975189525,30.461750516884912,50.137835975189525,False
REP_01096,CHEMBL4650333,SERALUTINIB,COc1ccc(-c2cncc(N[C@@H](C)c3cccc(NC(=O)c4cncc(C)c4)c3)n2)cc1OC,JHJNPOSPVGRIAN-SFHVURJKSA-N,469.55,3.0,,True,False,False,phase_only,,Small molecule,MOL,1.0,98.35917778579156,True,,O=C(Nc1cccc(CNc2cncc(-c3ccccc3)n2)c1)c1cccnc1,271,-10.314034906289,docked,9DKB,-5.15542483078035,docked,7ALV,91.10957960027567,91.38525155065473,66.50585802894555,91.38525155065473,False
REP_05807,CHEMBL3661754,DENIFANSTAT,Cc1nc(-c2cc(C(=O)N3CCC(c4ccc(C#N)cc4)CC3)c(C)cc2C2CCC2)n[nH]1,BBGOSBDSLYHMRA-UHFFFAOYSA-N,439.56,2.0,,True,False,False,phase_only,,Small molecule,MOL,0.9166666,85.41892054333454,True,,O=C(c1ccc(C2CCC2)c(-c2nc[nH]n2)c1)N1CCC(c2ccccc2)CC1,1107,-10.3090592633479,docked,9DKB,-4.40001843006457,docked,7ALV,91.0406616126809,24.017918676774638,47.208821502412135,47.208821502412135,False
REP_07993,CHEMBL4456085,BAY-1217389,COc1ccc(Oc2cc(NCCC(F)(F)F)c3ncc(-c4ccc(C(=O)NC5CC5)c(C)c4)n3n2)c(F)c1F,WNEILUNVMHVMPH-UHFFFAOYSA-N,561.51,1.0,,True,False,False,phase_only,,Small molecule,MOL,0.91666675,95.30592619305204,True,,O=C(NC1CC1)c1ccc(-c2cnc3ccc(Oc4ccccc4)nn23)cc1,427,-10.3035300419041,docked,9DKB,-5.03096917970968,docked,7ALV,90.97174362508615,75.63749138525155,62.577532736044105,75.63749138525155,False
REP_06855,CHEMBL5095075,ONRADIVIR,O=C(O)[C@H]1C2CCC(CC2)[C@@H]1Nc1nc(-c2n[nH]c3ncc(F)cc23)nc(C2CC2)c1F,JCHDJLSIYWBAHI-ZWHBIUKWSA-N,440.45,2.0,,True,False,False,phase_only,,Small molecule,MOL,1.0,98.35917778579156,True,,c1cnc2[nH]nc(-c3nc(NC4CC5CCC4CC5)cc(C4CC4)n3)c2c1,130,-10.2883912897426,docked,9DKB,-4.43235915791136,docked,7ALV,90.90282563749139,91.38525155065473,47.96691936595452,91.38525155065473,False
REP_03171,CHEMBL2104876,LEMILDIPINE,COC(=O)C1=C(C)NC(COC(N)=O)=C(C(=O)OC(C)C)C1c1cccc(Cl)c1Cl,WTOVRSWDBLIFHU-UHFFFAOYSA-N,457.31,2.0,,True,False,False,phase_only,,Small molecule,MOL,0.9166666,85.41892054333454,True,,C1=CC(c2ccccc2)C=CN1,1246,-10.2712510560621,docked,9DKB,-2.24952048456764,docked,7ALV,90.83390764989663,24.017918676774638,12.060647829083393,24.017918676774638,False
REP_00656,CHEMBL2105681,SAPACITABINE,CCCCCCCCCCCCCCCC(=O)Nc1ccn([C@@H]2O[C@H](CO)[C@@H](O)[C@@H]2C#N)c(=O)n1,LBGFKUUHOPIEMA-PEARBKPGSA-N,490.65,3.0,,True,False,False,phase_only,,Small molecule,MOL,0.9166667,90.38946988820771,True,,O=c1ncccn1C1CCCO1,573,-10.2631625934304,docked,9DKB,-1.4502401213756,docked,7ALV,90.76498966230187,50.137835975189525,6.9607167470709825,50.137835975189525,False
REP_08267,CHEMBL6068543,AWZ-1066S,C[C@H]1COCCN1c1nc(NCc2cccnc2C(F)(F)F)c2cccnc2n1,IZFVCNUAPFSNCO-LBPRGKRZSA-N,404.4,1.0,,True,False,False,phase_only,,Small molecule,MOL,0.6591116,82.32960692390913,True,,c1cncc(CNc2nc(N3CCOCC3)nc3ncccc23)c1,1471,-10.2604933070943,docked,9DKB,-4.64582535800746,docked,7ALV,90.6960716747071,7.580978635423846,53.61819434872501,53.61819434872501,False
REP_06981,CHEMBL5277528,FOSDESDENOSINE SIPALABENAMIDE,C[C@H](NP(=O)(OC[C@@H]1C[C@@H](O)[C@H](n2cnc3c(N)ncnc32)O1)Oc1ccccc1)C(=O)OCc1ccccc1,UDLWWGQHMQIYCV-LKKHFEEPSA-N,568.53,2.0,,True,False,False,phase_only,,Small molecule,MOL,0.9166666,85.41892054333454,True,,O=C(CNP(=O)(OCC1CCC(n2cnc3cncnc32)O1)Oc1ccccc1)OCc1ccccc1,1140,-10.2568056741628,docked,9DKB,-8.31495877746485,docked,7ALV,90.62715368711234,24.017918676774638,98.41488628532046,98.41488628532046,False
REP_06847,CHEMBL5095066,GARSORASIB,C=CC(=O)N1C[C@H](C)N(c2nc(=O)n(-c3c(C4CC4)ncnc3C3CC3)c3nc(-c4c(N)cccc4F)c(F)cc23)C[C@H]1C,DKFRWZJCNPETGI-SJORKVTESA-N,598.66,2.0,,True,False,False,phase_only,,Small molecule,MOL,0.9166667,90.38946988820771,True,,O=c1nc(N2CCNCC2)c2ccc(-c3ccccc3)nc2n1-c1c(C2CC2)ncnc1C1CC1,937,-10.252841182121,docked,9DKB,-6.47946233282645,docked,7ALV,90.55823569951758,50.137835975189525,89.31771192281187,89.31771192281187,False
REP_02470,CHEMBL2028665,REMOGLIFLOZIN ETABONATE,CCOC(=O)OC[C@H]1O[C@@H](Oc2nn(C(C)C)c(C)c2Cc2ccc(OC(C)C)cc2)[C@H](O)[C@@H](O)[C@@H]1O,UAOCLDQAQNNEAX-ABMICEGHSA-N,522.6,2.0,,True,False,False,phase_only,,Small molecule,MOL,0.9166667,90.38946988820771,True,,c1ccc(Cc2c[nH]nc2OC2CCCCO2)cc1,1040,-10.2364634164489,docked,9DKB,-6.92476051800138,docked,7ALV,90.48931771192281,50.137835975189525,93.65954514128188,93.65954514128188,False
REP_07958,CHEMBL4297454,ABBV-744,CCNC(=O)c1cc2c(-c3cc(C(C)(C)O)ccc3Oc3c(C)cc(F)cc3C)cn(C)c(=O)c2[nH]1,OEDSFMUSNZDJFD-UHFFFAOYSA-N,491.56,1.0,,True,False,False,phase_only,,Small molecule,MOL,0.9166666,85.41892054333454,True,,O=c1[nH]cc(-c2ccccc2Oc2ccccc2)c2cc[nH]c12,1202,-10.2278626864283,docked,9DKB,-3.56514531920286,docked,7ALV,90.42039972432805,24.017918676774638,29.29014472777395,29.29014472777395,False
REP_00092,CHEMBL1272,REPAGLINIDE,CCOc1cc(CC(=O)N[C@@H](CC(C)C)c2ccccc2N2CCCCC2)ccc1C(=O)O,FAEKWTJYAYMJKF-QHCPKHFHSA-N,452.6,4.0,,False,True,True,primary_atc_phase,,Small molecule,MOL,0.9166666,85.41892054333454,True,,O=C(Cc1ccccc1)NCc1ccccc1N1CCCCC1,1300,-10.2194116206846,docked,9DKB,-3.70611266570917,docked,7ALV,90.35148173673329,24.017918676774638,31.77119228118539,31.77119228118539,False
REP_06875,CHEMBL5095100,FULIMETIBANT,O=C(O)c1cc(NC(=O)C2(c3ccc(C(F)(F)F)cc3F)CC2)ccc1-c1cnn(C2CCC2)c1,DFQFSWDEFZCQLH-UHFFFAOYSA-N,487.45,2.0,,True,False,False,phase_only,,Small molecule,MOL,1.0,98.35917778579156,True,,O=C(Nc1ccc(-c2cnn(C3CCC3)c2)cc1)C1(c2ccccc2)CC1,152,-10.2173650187839,docked,9DKB,-6.54782078278597,docked,7ALV,90.28256374913852,91.38525155065473,90.07580978635423,91.38525155065473,False
REP_07948,CHEMBL4297405,TAK-243,NS(=O)(=O)OC[C@H]1C[C@@H](Nc2ccnc3cc(-c4cccc(SC(F)(F)F)c4)nn23)[C@H](O)[C@@H]1O,KJDAGXLMHXUAGV-DGWLBADLSA-N,519.53,1.0,,True,False,False,phase_only,,Small molecule,MOL,0.9166666,85.41892054333454,True,,c1ccc(-c2cc3nccc(NC4CCCC4)n3n2)cc1,1182,-10.2092181981081,docked,9DKB,-10.7751987876872,docked,7ALV,90.21364576154376,24.017918676774638,99.86216402481047,99.86216402481047,False
REP_07301,CHEMBL6068033,SUVADRONABINOL,CCCCCc1cc(OC(=O)[C@@H](NC(=O)CCC(=O)O)C(C)C)c2c(c1)OC(C)(C)[C@@H]1CCC(C)=C[C@@H]21,QAIKRQKSCBZKKS-XJGOYTCSSA-N,513.68,2.0,,True,False,False,phase_only,,Small molecule,MOL,0.9166667,90.38946988820771,True,,C1=CC2c3ccccc3OCC2CC1,590,-10.2070970894502,docked,9DKB,-4.32060649102111,docked,7ALV,90.144727773949,50.137835975189525,45.416953824948315,50.137835975189525,False
REP_00077,CHEMBL1206690,PARECOXIB,CCC(=O)NS(=O)(=O)c1ccc(-c2c(-c3ccccc3)noc2C)cc1,TZRHLKRLEZJVIJ-UHFFFAOYSA-N,370.43,4.0,,False,True,True,primary_atc_phase,,Small molecule,MOL,0.9166667,90.38946988820771,True,,c1ccc(-c2conc2-c2ccccc2)cc1,1036,-10.197289365909,docked,9DKB,-5.66368214613155,docked,7ALV,90.07580978635423,50.137835975189525,77.11922811853894,77.11922811853894,False
REP_05147,CHEMBL252164,LUMINESPIB,CCNC(=O)c1noc(-c2cc(C(C)C)c(O)cc2O)c1-c1ccc(CN2CCOCC2)cc1,NDAZATDQFDPQBD-UHFFFAOYSA-N,465.55,2.0,,True,False,False,phase_only,,Small molecule,MOL,0.9166667,90.38946988820771,True,,c1ccc(-c2oncc2-c2ccc(CN3CCOCC3)cc2)cc1,989,-10.1810332341611,docked,9DKB,-3.58084824484922,docked,7ALV,90.00689179875948,50.137835975189525,29.565816678153002,50.137835975189525,False
REP_02547,CHEMBL2103838,DILMAPIMOD,Cc1cc(F)ccc1-c1nc(NC(CO)CO)nc2c1ccc(=O)n2-c1c(F)cccc1F,ORVNHOYNEHYKJG-UHFFFAOYSA-N,456.42,2.0,,True,False,False,phase_only,,Small molecule,MOL,1.0,98.35917778579156,True,,O=c1ccc2c(-c3ccccc3)ncnc2n1-c1ccccc1,98,-10.1773402519043,docked,9DKB,-5.54239712656968,docked,7ALV,89.93797381116472,91.38525155065473,74.56926257753274,91.38525155065473,False
REP_07714,CHEMBL2324776,PF-05186462,O=S(=O)(Nc1nncs1)c1cc(Cl)c(Oc2ccc(C(F)(F)F)cc2-c2ccnnc2)cc1F,ZAGGUCLXSCVDCK-UHFFFAOYSA-N,531.9,1.0,,True,False,False,phase_only,,Small molecule,MOL,0.9166667,90.38946988820771,True,,O=S(=O)(Nc1nncs1)c1ccc(Oc2ccccc2-c2ccnnc2)cc1,754,-10.1706080411084,docked,9DKB,-4.41082243093595,docked,7ALV,89.86905582356995,50.137835975189525,47.48449345279118,50.137835975189525,False
REP_01027,CHEMBL4297849,BAMOCAFTOR,C[C@@H]1CN(c2nc(-n3ccc(OCCC4(C(F)(F)F)CC4)n3)ccc2C(=O)NS(=O)(=O)c2ccccc2)C(C)(C)C1,IGEOJNMYRZUKIK-IBGZPJMESA-N,591.66,3.0,,True,False,False,phase_only,,Small molecule,MOL,1.0,98.35917778579156,True,,O=C(NS(=O)(=O)c1ccccc1)c1ccc(-n2ccc(OCCC3CC3)n2)nc1N1CCCC1,127,-10.1644675366725,docked,9DKB,-6.24671802948325,docked,7ALV,89.7656788421778,91.38525155065473,86.38869745003446,91.38525155065473,False
REP_07975,CHEMBL4298159,BAMOCAFTOR POTASSIUM,C[C@@H]1CN(c2nc(-n3ccc(OCCC4(C(F)(F)F)CC4)n3)ccc2C(=O)[N-]S(=O)(=O)c2ccccc2)C(C)(C)C1,IGEOJNMYRZUKIK-IBGZPJMESA-M,590.65,1.0,,True,False,False,phase_only,,Small molecule,MOL,1.0,98.35917778579156,True,,O=C([N-]S(=O)(=O)c1ccccc1)c1ccc(-n2ccc(OCCC3CC3)n2)nc1N1CCCC1,133,-10.1644675366725,docked,9DKB,-6.24671802948325,docked,7ALV,89.7656788421778,91.38525155065473,86.38869745003446,91.38525155065473,False
REP_08243,CHEMBL6060997,PF-07265807,CC(C)n1cc(C(=O)Nc2ccc(Oc3ccnc4[nH]nc(N[C@H](C)CO)c34)c(F)c2)c(=O)n(-c2ccc(F)cc2)c1=O,ILVXQVHFMCJXTE-MRXNPFEDSA-N,591.58,1.0,,True,False,False,phase_only,,Small molecule,MOL,0.799171,83.37540569780022,True,,O=C(Nc1ccc(Oc2ccnc3[nH]ncc23)cc1)c1c[nH]c(=O)n(-c2ccccc2)c1=O,1384,-10.1583968710291,docked,9DKB,-4.54360255978516,docked,7ALV,89.66230186078566,13.094417643004824,51.06822880771882,51.06822880771882,False
REP_02521,CHEMBL2103751,PREDNIMUSTINE,C[C@]12C=CC(=O)C=C1CC[C@@H]1[C@@H]2[C@@H](O)C[C@@]2(C)[C@H]1CC[C@]2(O)C(=O)COC(=O)CCCc1ccc(N(CCCl)CCCl)cc1,HFVNWDWLWUCIHC-GUPDPFMOSA-N,646.65,2.0,,True,False,False,phase_only,,Small molecule,MOL,0.91666675,95.30592619305204,True,,O=C1C=CC2C(=C1)CCC1C2CCC2C(C(=O)COC(=O)CCCc3ccccc3)CCC21,498,-10.1534182329153,docked,9DKB,-5.04048344723021,docked,7ALV,89.5933838731909,75.63749138525155,62.71536871123363,75.63749138525155,False
REP_05005,CHEMBL2218859,ERBULOZOLE,CCOC(=O)Nc1ccc(SCC2COC(Cn3ccnc3)(c3ccc(OC)cc3)O2)cc1,KLEPCGBEXOCIGS-UHFFFAOYSA-N,469.56,2.0,,True,False,False,phase_only,,Small molecule,MOL,0.9166667,90.38946988820771,True,,c1ccc(SCC2COC(Cn3ccnc3)(c3ccccc3)O2)cc1,1000,-10.1411096072836,docked,9DKB,-4.11216871458256,docked,7ALV,89.52446588559614,50.137835975189525,40.24810475534114,50.137835975189525,False
REP_05881,CHEMBL3809489,BEMCENTINIB,Nc1nc(Nc2ccc3c(c2)CC[C@@H](N2CCCC2)CC3)nn1-c1cc2c(nn1)-c1ccccc1CCC2,KXMZDGSRSGHMMK-VWLOTQADSA-N,506.66,2.0,,True,False,False,phase_only,,Small molecule,MOL,0.9166666,85.41892054333454,True,,c1ccc2c(c1)CCCc1cc(-n3cnc(Nc4ccc5c(c4)CCC(N4CCCC4)CC5)n3)nnc1-2,1166,-10.1398934439421,docked,9DKB,-3.95099470895628,docked,7ALV,89.45554789800137,24.017918676774638,36.66436940041351,36.66436940041351,False
REP_06506,CHEMBL4461070,SAR-125844,O=C(NCCN1CCOCC1)Nc1nc2ccc(Sc3nnc4ccc(-c5ccc(F)cc5)nn34)cc2s1,ODIUNTQOXRXOIV-UHFFFAOYSA-N,550.65,2.0,,True,False,False,phase_only,,Small molecule,MOL,1.0,98.35917778579156,True,,O=C(NCCN1CCOCC1)Nc1nc2ccc(Sc3nnc4ccc(-c5ccccc5)nn34)cc2s1,56,-10.137527867975,docked,9DKB,-4.7544179931549,docked,7ALV,89.38662991040661,91.38525155065473,56.374913852515505,91.38525155065473,False
REP_05762,CHEMBL3581647,BIRABRESIB,Cc1sc2c(c1C)C(c1ccc(Cl)cc1)=N[C@@H](CC(=O)Nc1ccc(O)cc1)c1nnc(C)n1-2,GNMUEVRJHCWKTO-FQEVSTJZSA-N,492.0,2.0,,True,False,False,phase_only,,Small molecule,MOL,1.0,98.35917778579156,True,,O=C(CC1N=C(c2ccccc2)c2ccsc2-n2cnnc21)Nc1ccccc1,66,-10.1300197921507,docked,9DKB,-4.76175826639852,docked,7ALV,89.31771192281187,91.38525155065473,56.58166781529979,91.38525155065473,False
REP_01404,CHEMBL1178103,SUDEXANOX,CCCCCCc1cc(S(C)(=N)=O)cc2c(=O)c3cc(C(=O)O)ccc3oc12,DIGXMFZQXQUVMR-UHFFFAOYSA-N,401.48,2.0,,True,False,False,phase_only,,Small molecule,MOL,0.9166667,90.38946988820771,True,,O=c1c2ccccc2oc2ccccc12,809,-10.129645707513,docked,9DKB,-4.62995313346956,docked,7ALV,89.2487939352171,50.137835975189525,53.13576843556168,53.13576843556168,False
REP_01566,CHEMBL1236962,OMIPALISIB,COc1ncc(-c2ccc3nccc(-c4ccnnc4)c3c2)cc1NS(=O)(=O)c1ccc(F)cc1F,CGBJSGAELGCMKE-UHFFFAOYSA-N,505.51,2.0,,True,False,False,phase_only,,Small molecule,MOL,0.9166666,85.41892054333454,True,,O=S(=O)(Nc1cncc(-c2ccc3nccc(-c4ccnnc4)c3c2)c1)c1ccccc1,1254,-10.0928530557506,docked,9DKB,-3.91872570499643,docked,7ALV,89.17987594762234,24.017918676774638,36.181943487250166,36.181943487250166,False
REP_05829,CHEMBL3693786,CITARINOSTAT,O=C(CCCCCCNC(=O)c1cnc(N(c2ccccc2)c2ccccc2Cl)nc1)NO,VLIUIBXPEDFJRF-UHFFFAOYSA-N,467.96,2.0,,True,False,False,phase_only,,Small molecule,MOL,1.0,98.35917778579156,True,,c1ccc(N(c2ccccc2)c2ncccn2)cc1,70,-10.0928158832641,docked,9DKB,-4.75916726069659,docked,7ALV,89.11095796002758,91.38525155065473,56.512749827705036,91.38525155065473,False
REP_08051,CHEMBL4650279,TUXOBERTINIB,C=CC(=O)Nc1cc2c(Nc3ccc(OCc4ccccn4)c(Cl)c3)ncnc2cc1OCCN1CCOCC1,HIBPKFXWOPYJPZ-UHFFFAOYSA-N,561.04,1.0,,True,False,False,phase_only,,Small molecule,MOL,1.0,98.35917778579156,True,,c1ccc(COc2ccc(Nc3ncnc4cc(OCCN5CCOCC5)ccc34)cc2)nc1,42,-10.0894398609872,docked,9DKB,-4.39987835075787,docked,7ALV,89.0420399724328,91.38525155065473,47.13990351481737,91.38525155065473,False
REP_08247,CHEMBL6068409,NILOTINIB LAURYLSULFATE,CCCCCCCCCCCCOS(=O)(=O)O.Cc1cn(-c2cc(NC(=O)c3ccc(C)c(Nc4nccc(-c5cccnc5)n4)c3)cc(C(F)(F)F)c2)cn1,HLUJVEHZMWWRNT-UHFFFAOYSA-N,795.93,1.0,,True,False,False,phase_only,,Small molecule,MOL,0.91666675,95.30592619305204,True,,O=C(Nc1cccc(-n2ccnc2)c1)c1cccc(Nc2nccc(-c3cccnc3)n2)c1,501,-10.0840048398987,docked,9DKB,-3.18459969436354,docked,7ALV,88.97312198483804,75.63749138525155,23.15644383184011,75.63749138525155,False
REP_07167,CHEMBL552212,LEXIBULIN,CCC[C@H](Nc1nc(-c2ccc(NC(=O)NCC)c(OC)c2)ncc1C)c1cccnc1,MTJHLONVHHPNSI-IBGZPJMESA-N,434.54,2.0,,True,False,False,phase_only,,Small molecule,MOL,0.9166667,90.38946988820771,True,,c1ccc(-c2nccc(NCc3cccnc3)n2)cc1,625,-10.0754520964872,docked,9DKB,-4.67063257608976,docked,7ALV,88.90420399724329,50.137835975189525,54.445210199862174,54.445210199862174,False
REP_07952,CHEMBL4297423,RO-6870810,Cc1sc2c(c1C)C(c1ccc(Cl)cc1)=N[C@@H](CC(=O)NCCCN1CCN(C)CC1)c1nnc(C)n1-2,PKQXLRYFPSZKDU-QFIPXVFZSA-N,540.14,1.0,,True,False,False,phase_only,,Small molecule,MOL,0.74887484,82.97872340425532,True,,O=C(CC1N=C(c2ccccc2)c2ccsc2-n2cnnc21)NCCCN1CCNCC1,1417,-10.0740007355262,docked,9DKB,0.675617088100422,docked,7ALV,88.83528600964851,11.09579600275672,1.791867677463821,11.09579600275672,False
REP_06435,CHEMBL4298144,ESAFOXOLANER,O=C(CNC(=O)c1ccc(C2=NO[C@@](c3cc(Cl)cc(C(F)(F)F)c3)(C(F)(F)F)C2)c2ccccc12)NCC(F)(F)F,OXDDDHGGRFRLEE-QHCPKHFHSA-N,625.88,2.0,,True,False,False,phase_only,,Small molecule,MOL,1.0,98.35917778579156,True,,c1ccc(C2CC(c3cccc4ccccc34)=NO2)cc1,92,-10.067162967805,docked,9DKB,-1.92144467125453,docked,7ALV,88.76636802205375,91.38525155065473,9.717436250861478,91.38525155065473,False
REP_08241,CHEMBL598797,CUDC-101,C#Cc1cccc(Nc2ncnc3cc(OC)c(OCCCCCCC(=O)NO)cc23)c1,PLIVFNIUGLLCEK-UHFFFAOYSA-N,434.5,1.0,,True,False,False,phase_only,,Small molecule,MOL,0.9166667,90.38946988820771,True,,c1ccc(Nc2ncnc3ccccc23)cc1,510,-10.0641412788658,docked,9DKB,-5.92484351168026,docked,7ALV,88.697450034459,50.137835975189525,81.66781529979325,81.66781529979325,False
REP_08163,CHEMBL517080,WITHAFERIN A,CC1=C(CO)C(=O)O[C@@H]([C@@H](C)[C@H]2CC[C@H]3[C@@H]4C[C@H]5O[C@]56[C@@H](O)C=CC(=O)[C@]6(C)[C@H]4CC[C@]23C)C1,DBRXOUCRJQVYJQ-CKNDUULBSA-N,470.61,1.0,,True,False,False,phase_only,,Small molecule,MOL,0.5515907,81.4040149056377,True,,O=C1C=CCC(CC2CCC3C2CCC2C3CC3OC34CC=CC(=O)C24)O1,1548,-10.0550422720648,docked,9DKB,-3.80464449830489,docked,7ALV,88.62853204686422,2.5499655410062028,33.838731909028255,33.838731909028255,False
REP_05848,CHEMBL3707351,ADOMEGLIVANT,Cc1cc(O[C@@H](CCC(F)(F)F)c2ccc(C(=O)NCCC(=O)O)cc2)cc(C)c1-c1ccc(C(C)(C)C)cc1,FASLTMSUPQDLIB-MHZLTWQESA-N,555.64,2.0,,True,False,False,phase_only,,Small molecule,MOL,0.9166667,90.38946988820771,True,,c1ccc(COc2ccc(-c3ccccc3)cc2)cc1,599,-10.0502586910332,docked,9DKB,-6.02155931103098,docked,7ALV,88.55961405926946,50.137835975189525,82.97725706409373,82.97725706409373,False
REP_01593,CHEMBL1256686,CALCIMYCIN,CNc1ccc2oc(C[C@H]3O[C@@]4(CC[C@H]3C)O[C@H]([C@H](C)C(=O)c3ccc[nH]3)[C@H](C)C[C@H]4C)nc2c1C(=O)O,HIYAVKIYRIFSCZ-CYEMHPAKSA-N,523.63,2.0,,True,False,False,phase_only,,Small molecule,MOL,1.0,98.35917778579156,True,,O=C(CC1CCCC2(CCCC(Cc3nc4ccccc4o3)O2)O1)c1ccc[nH]1,12,-10.0456242164255,docked,9DKB,-5.08135098557344,docked,7ALV,88.4906960716747,91.38525155065473,64.43831840110269,91.38525155065473,False
REP_05785,CHEMBL363648,TAK-715,CCc1nc(-c2cccc(C)c2)c(-c2ccnc(NC(=O)c3ccccc3)c2)s1,HEKAIDKUDLCBRU-UHFFFAOYSA-N,399.52,2.0,,True,False,False,phase_only,,Small molecule,MOL,0.66791046,82.40173097728092,True,,O=C(Nc1cc(-c2scnc2-c2ccccc2)ccn1)c1ccccc1,1465,-10.042748881262,docked,9DKB,-6.64434023927591,docked,7ALV,88.42177808407995,7.994486560992418,91.2474155754652,91.2474155754652,False
REP_07004,CHEMBL5314420,TUSPETINIB,Cc1ccc2c(-c3nc(Nc4cc(CN5C[C@@H](C)N[C@@H](C)C5)cc(C5CC5)c4)ncc3Cl)c[nH]c2c1,FZLSDZZNPXXBBB-KDURUIRLSA-N,501.08,2.0,,True,False,False,phase_only,,Small molecule,MOL,0.9166667,90.38946988820771,True,,c1ccc2c(-c3ccnc(Nc4cc(CN5CCNCC5)cc(C5CC5)c4)n3)c[nH]c2c1,839,-10.0414408404066,docked,9DKB,-3.36233043111717,docked,7ALV,88.35286009648519,50.137835975189525,25.637491385251554,50.137835975189525,False
REP_06560,CHEMBL4574601,LINPERLISIB,COc1ncc(-c2nc(N3CCOCC3)nc3c(CN4CCC(C(C)(C)O)CC4)cc(F)cc23)cc1NS(C)(=O)=O,NVWKNQGHVMMAJW-UHFFFAOYSA-N,588.71,2.0,,True,False,False,phase_only,,Small molecule,MOL,0.9166667,90.38946988820771,True,,c1cncc(-c2nc(N3CCOCC3)nc3c(CN4CCCCC4)cccc23)c1,549,-10.0398302645919,docked,9DKB,-3.15332844682452,docked,7ALV,88.28394210889043,50.137835975189525,22.536181943487254,50.137835975189525,False
REP_06189,CHEMBL4104957,RODATRISTAT,Nc1nc(O[C@H](c2ccc(Cl)cc2-c2ccccc2)C(F)(F)F)cc(N2CCC3(CC2)CN[C@H](C(=O)O)C3)n1,ZNSPHKJFQDEABI-NZQKXSOJSA-N,561.99,2.0,,True,False,False,phase_only,,Small molecule,MOL,0.91666675,95.30592619305204,True,,c1ccc(-c2ccccc2COc2cc(N3CCC4(CCNC4)CC3)ncn2)cc1,380,-10.0387123258563,docked,9DKB,-3.96023161589,docked,7ALV,88.21502412129566,75.63749138525155,36.871123363197796,75.63749138525155,False
REP_04046,CHEMBL2106533,BENTIAMINE,C/C(=C(/CCOC(=O)c1ccccc1)SC(=O)c1ccccc1)N(C=O)Cc1cnc(C)nc1N,AZJUFRDUYTYIHV-PTGBLXJZSA-N,490.59,2.0,,True,False,False,phase_only,,Small molecule,MOL,0.91666675,95.30592619305204,True,,O=C(OCCC(=CNCc1cncnc1)SC(=O)c1ccccc1)c1ccccc1,306,-10.0274271331311,docked,9DKB,-5.44790672458311,docked,7ALV,88.1461061337009,75.63749138525155,72.0882150241213,75.63749138525155,False
REP_05799,CHEMBL3654384,ORISMILAST,O=C(Cc1c(Cl)c[n+]([O-])cc1Cl)c1ccc(OC(F)F)c2c1OC1(CCS(=O)(=O)CC1)O2,ZININGNRPUGNSL-UHFFFAOYSA-N,510.3,2.0,,True,False,False,phase_only,,Small molecule,MOL,0.9166667,90.38946988820771,True,,O=C(Cc1cc[nH+]cc1)c1cccc2c1OC1(CCS(=O)(=O)CC1)O2,605,-10.0218010178682,docked,9DKB,-4.29097636153816,docked,7ALV,88.07718814610614,50.137835975189525,44.72777394900069,50.137835975189525,False
REP_05462,CHEMBL3113974,TRANIMILAST,CS(=O)(=O)Nc1ccc(C(=O)O[C@@H](Cc2c(Cl)c[n+]([O-])cc2Cl)c2ccc(OC(F)F)c(OCC3CC3)c2)cc1OCC1CC1,VCFBPAOSTLMYIV-SANMLTNESA-N,687.54,2.0,,True,False,False,phase_only,,Small molecule,MOL,0.91666675,95.30592619305204,True,,O=C(OC(Cc1cc[nH+]cc1)c1cccc(OCC2CC2)c1)c1cccc(OCC2CC2)c1,302,-10.0144620891066,docked,9DKB,-4.61503642204211,docked,7ALV,88.00827015851137,75.63749138525155,52.44658855961406,75.63749138525155,False
REP_05810,CHEMBL3666807,VELSECORAT,C[C@H](NC(=O)C(C)(F)F)[C@H](Oc1ccc2c(cnn2-c2cccc(C(=O)N[C@@H]3CCOC3)c2)c1)c1ccc2c(c1)OCCO2,ZZWJKLGCDHYVMB-BWGXUDETSA-N,606.63,2.0,,True,False,False,phase_only,,Small molecule,MOL,1.0,98.35917778579156,True,,O=C(NC1CCOC1)c1cccc(-n2ncc3cc(OCc4ccc5c(c4)OCCO5)ccc32)c1,73,-10.0089101611135,docked,9DKB,-6.90534550271948,docked,7ALV,87.9393521709166,91.38525155065473,93.52170916609235,93.52170916609235,False
REP_07085,CHEMBL5314530,MOSNODENVIR,COc1cc(N[C@H](C(=O)c2c[nH]c3ccc(OC(F)(F)F)cc23)c2ccc(Cl)cc2OC)cc(S(C)(=O)=O)c1,QNOPDDHSGQQLCV-DEOSSOPVSA-N,582.98,2.0,,True,False,False,phase_only,,Small molecule,MOL,0.9166666,85.41892054333454,True,,O=C(c1c[nH]c2ccccc12)C(Nc1ccccc1)c1ccccc1,1128,-9.99159399091229,docked,9DKB,-4.55610671916514,docked,7ALV,87.87043418332185,24.017918676774638,51.343900758097874,51.343900758097874,False
REP_06400,CHEMBL4297527,REVAMILAST,O=C(Nc1c(Cl)c[n+]([O-])cc1Cl)c1ccc(OC(F)F)c2oc3ccncc3c12,IXQHNBONEVULTL-UHFFFAOYSA-N,440.19,2.0,,True,False,False,phase_only,,Small molecule,MOL,0.9506564,96.67027286933526,True,,O=C(Nc1cc[nH+]cc1)c1cccc2oc3ccncc3c12,278,-9.97767923959046,docked,9DKB,-4.92115394956859,docked,7ALV,87.80151619572707,82.4948311509304,59.82081323225361,82.4948311509304,False
REP_00920,CHEMBL3989918,INGENOL DISOXATE,CCc1noc(CC)c1C(=O)O[C@H]1C(C)=C[C@]23C(=O)[C@@H](C=C(CO)[C@@H](O)[C@]12O)[C@H]1[C@@H](C[C@H]3C)C1(C)C,GLIUZQUNUNICGS-XUBYYPQFSA-N,499.6,3.0,,True,False,False,phase_only,,Small molecule,MOL,0.91666675,95.30592619305204,True,,O=C(OC1C=CC23CCC4CC4C(C=CCC12)C3=O)c1cnoc1,402,-9.97711668942419,docked,9DKB,-7.18651349971227,docked,7ALV,87.73259820813233,75.63749138525155,94.6933149552033,94.6933149552033,False
REP_04634,CHEMBL2107729,ATACIGUAT,O=C(Nc1ccc(S(=O)(=O)N2CCOCC2)cc1)c1cc(Cl)ccc1NS(=O)(=O)c1ccc(Cl)s1,PQHLRGARXNPFCF-UHFFFAOYSA-N,576.51,2.0,,True,False,False,phase_only,,Small molecule,MOL,0.9166667,90.38946988820771,True,,O=C(Nc1ccc(S(=O)(=O)N2CCOCC2)cc1)c1ccccc1NS(=O)(=O)c1cccs1,918,-9.97533224478481,docked,9DKB,-5.02676585973085,docked,7ALV,87.66368022053757,50.137835975189525,62.43969676085459,62.43969676085459,False
REP_01177,CHEMBL5183847,ENSITRELVIR,Cn1cnc(Cn2c(=O)[nH]/c(=N\c3cc4cn(C)nc4cc3Cl)n(Cc3cc(F)c(F)cc3F)c2=O)n1,QMPBBNUOBOFBFS-UHFFFAOYSA-N,531.89,3.0,,True,False,False,phase_only,,Small molecule,MOL,0.68385565,82.49789638177666,True,,O=c1[nH]c(=Nc2ccc3n[nH]cc3c2)n(Cc2ccccc2)c(=O)n1Cc1nc[nH]n1,1457,-9.97503486550597,docked,9DKB,-4.19151695139336,docked,7ALV,87.5947622329428,8.476912474155755,41.902136457615434,41.902136457615434,False
REP_07298,CHEMBL6068028,PREGABALIN NAPROXENCARBIL,COc1ccc2cc([C@H](C)C(=O)O[C@@H](C)OC(=O)NC[C@H](CC(=O)O)CC(C)C)ccc2c1,MPJMWXDJLRIVPO-KSZLIROESA-N,459.54,2.0,,True,False,False,phase_only,,Small molecule,MOL,1.0,98.35917778579156,True,,c1ccc2ccccc2c1,251,-9.97319640820438,docked,9DKB,-5.69911774801925,docked,7ALV,87.52584424534804,91.38525155065473,77.87732598208133,91.38525155065473,False
REP_01595,CHEMBL1256717,ITRIGLUMIDE,Cc1cc(C)c(NC(=O)C[C@H](CC(=O)O)c2cccc3ccccc23)c(C(=O)N2CCC3(CCCC3)CC2)c1,MFOOVZCXWVAWOV-RUZDIDTESA-N,526.68,2.0,,True,False,False,phase_only,,Small molecule,MOL,0.8840696,83.78410866690707,True,,O=C(CCc1cccc2ccccc12)Nc1ccccc1C(=O)N1CCC2(CCCC2)CC1,1350,-9.97242095696397,docked,9DKB,-3.04252387863339,docked,7ALV,87.45692625775328,15.368711233631979,21.088904203997238,21.088904203997238,False
REP_07012,CHEMBL5314435,PELECOPAN,NCc1nccc(-c2cc(COc3ccccc3CC(=O)O)cc3ccoc23)c1F,AUARNXJEAZFQCQ-UHFFFAOYSA-N,406.41,2.0,,True,False,False,phase_only,,Small molecule,MOL,0.91666675,95.30592619305204,True,,c1ccc(OCc2cc(-c3ccncc3)c3occc3c2)cc1,348,-9.94921410304831,docked,9DKB,-6.95326992785817,docked,7ALV,87.38800827015851,75.63749138525155,93.72846312887664,93.72846312887664,False
REP_00150,CHEMBL157101,KETOCONAZOLE,CC(=O)N1CCN(c2ccc(OCC3COC(Cn4ccnc4)(c4ccc(Cl)cc4Cl)O3)cc2)CC1,XMAYWYJOQHXEEK-UHFFFAOYSA-N,531.44,4.0,,False,True,False,primary_atc_phase,,Small molecule,MOL,0.9166667,90.38946988820771,True,,c1ccc(C2(Cn3ccnc3)OCC(COc3ccc(N4CCNCC4)cc3)O2)cc1,528,-9.94788144150592,docked,9DKB,-3.95346497265447,docked,7ALV,87.31909028256375,50.137835975189525,36.80220537560304,50.137835975189525,False
REP_01498,CHEMBL1213257,AMOPYROQUINE,Oc1ccc(Nc2ccnc3cc(Cl)ccc23)cc1CN1CCCC1,YNWCUCSDUMVJKR-UHFFFAOYSA-N,353.85,2.0,,True,False,False,phase_only,,Small molecule,MOL,0.9166666,85.41892054333454,True,,c1cc(CN2CCCC2)cc(Nc2ccnc3ccccc23)c1,1129,-9.94640179574025,docked,9DKB,-4.17711319779705,docked,7ALV,87.25017229496899,24.017918676774638,41.695382494831144,41.695382494831144,False
REP_05697,CHEMBL3545027,XL-281,COC(=O)Nc1nc2cc(C3(O)c4ccccc4C(=O)N3c3cc(Cl)ccc3C)ccc2[nH]1,MMNNTJYFHUDSKL-UHFFFAOYSA-N,462.89,2.0,,True,False,False,phase_only,,Small molecule,MOL,0.9166666,85.41892054333454,True,,O=C1c2ccccc2C(c2ccc3[nH]cnc3c2)N1c1ccccc1,1158,-9.94289759002305,docked,9DKB,-2.66099392019084,docked,7ALV,87.18125430737422,24.017918676774638,15.782219159200551,24.017918676774638,False
REP_07922,CHEMBL4297295,JTK-853,O=C(NCc1ccc(OC(F)(F)F)c(F)c1)[C@H]1CN(c2nc3nc(C4CC4)ncc3s2)CCN1S(=O)(=O)c1ccc(C(F)(F)F)cc1,JQLOVYLALGSISI-HXUWFJFHSA-N,704.65,1.0,,True,False,False,phase_only,,Small molecule,MOL,0.9166667,90.38946988820771,True,,O=C(NCc1ccccc1)C1CN(c2nc3nc(C4CC4)ncc3s2)CCN1S(=O)(=O)c1ccccc1,815,-9.94257803967212,docked,9DKB,-3.05558870019492,docked,7ALV,87.11233631977946,50.137835975189525,21.226740179186766,50.137835975189525,False
REP_02417,CHEMBL197672,EMRICASAN,C[C@H](NC(=O)C(=O)Nc1ccccc1C(C)(C)C)C(=O)N[C@@H](CC(=O)O)C(=O)COc1c(F)c(F)cc(F)c1F,SCVHJVCATBPIHN-SJCJKPOMSA-N,569.51,2.0,,True,False,False,phase_only,,Small molecule,MOL,0.9166667,90.38946988820771,True,,O=C(CNC(=O)CNC(=O)C(=O)Nc1ccccc1)COc1ccccc1,1095,-9.93055415247655,docked,9DKB,-4.93799253034399,docked,7ALV,87.0434183321847,50.137835975189525,60.09648518263266,60.09648518263266,False
REP_04991,CHEMBL22016,ABLUKAST,CCCc1c(OCCCCCOc2cc3c(cc2C(C)=O)CCC(C(=O)O)O3)ccc(C(C)=O)c1O,FGGYJWZYDAROFF-UHFFFAOYSA-N,498.57,2.0,,True,False,False,phase_only,,Small molecule,MOL,1.0,98.35917778579156,True,,c1ccc(OCCCCCOc2ccc3c(c2)OCCC3)cc1,55,-9.92301978343418,docked,9DKB,-6.20741323756177,docked,7ALV,86.97450034458993,91.38525155065473,85.87181254307374,91.38525155065473,False
REP_08177,CHEMBL5314416,FOSTROXACITABINE BRALPAMIDE,CCC[C@H](C)OC(=O)[C@H](C)NP(=O)(OC[C@H]1OC[C@@H](n2ccc(N)nc2=O)O1)Oc1ccc(Br)cc1,JBYKMODFCUCTGY-LORHTMQKSA-N,589.38,1.0,,True,False,False,phase_only,,Small molecule,MOL,0.91666675,95.30592619305204,True,,O=c1ncccn1C1COC(CO[PH](=O)Oc2ccccc2)O1,283,-9.92268158348814,docked,9DKB,-7.67022456849148,docked,7ALV,86.90558235699517,75.63749138525155,97.03652653342523,97.03652653342523,False
REP_02158,CHEMBL1742420,AMELUBANT,CCOC(=O)NC(=N)c1ccc(OCc2cccc(COc3ccc(C(C)(C)c4ccc(O)cc4)cc3)c2)cc1,SBVYURPQULDJTI-UHFFFAOYSA-N,538.64,2.0,,True,False,False,phase_only,,Small molecule,MOL,0.9166666,85.41892054333454,True,,c1ccc(Cc2ccc(OCc3cccc(COc4ccccc4)c3)cc2)cc1,1200,-9.90708015606139,docked,9DKB,-4.947579095818,docked,7ALV,86.83666436940041,24.017918676774638,60.30323914541695,60.30323914541695,False
REP_06699,CHEMBL4740383,ETRUMADENANT,Cc1c(C#N)cccc1-c1cc(-c2cn(Cc3cccc(C(C)(C)O)n3)nn2)nc(N)n1,BUXIAWLTBSXYSW-UHFFFAOYSA-N,426.48,2.0,,True,False,False,phase_only,,Small molecule,MOL,0.9166667,90.38946988820771,True,,c1ccc(-c2cc(-c3cn(Cc4ccccn4)nn3)ncn2)cc1,1019,-9.90494103051231,docked,9DKB,-4.8255651563046,docked,7ALV,86.76774638180565,50.137835975189525,58.097863542384566,58.097863542384566,False
REP_02976,CHEMBL2104580,BISBENDAZOLE,CC(SC(=S)Nc1ccc(NC(=S)SC(C)c2nc3ccccc3n2C)cc1)c1nc2ccccc2n1C,HYMMMXNCSPCFPW-UHFFFAOYSA-N,576.84,2.0,,True,False,False,phase_only,,Small molecule,MOL,0.9166667,90.38946988820771,True,,S=C(Nc1ccc(NC(=S)SCc2nc3ccccc3[nH]2)cc1)SCc1nc2ccccc2[nH]1,592,-9.89752561902812,docked,9DKB,-4.92341071405122,docked,7ALV,86.69882839421089,50.137835975189525,59.95864920744314,59.95864920744314,False
REP_00917,CHEMBL3989873,PICLIDENOSON,CNC(=O)[C@H]1O[C@@H](n2cnc3c(NCc4ccc(I)cc4)ncnc32)[C@H](O)[C@@H]1O,JTZRECOPNKCRTE-MOROJQBDSA-N,510.29,3.0,,True,False,False,phase_only,,Small molecule,MOL,0.9166667,90.38946988820771,True,,c1ccc(CNc2ncnc3c2ncn3C2CCCO2)cc1,887,-9.89474226690446,docked,9DKB,-6.68580695473019,docked,7ALV,86.62991040661613,50.137835975189525,91.72984148862852,91.72984148862852,False
REP_01474,CHEMBL1201391,TENIVASTATIN,CCC(C)(C)C(=O)O[C@H]1C[C@@H](C)C=C2C=C[C@H](C)[C@H](CC[C@@H](O)C[C@@H](O)CC(=O)O)[C@H]21,XWLXKKNPFMNSFA-HGQWONQESA-N,436.59,2.0,,True,False,False,phase_only,,Small molecule,MOL,0.9166667,90.38946988820771,True,,C1=CC2=CCCCC2CC1,711,-9.89401141077957,docked,9DKB,-4.42139834990665,docked,7ALV,86.56099241902136,50.137835975189525,47.76016540317023,50.137835975189525,False
REP_06398,CHEMBL4297520,OGLEMILAST,CS(=O)(=O)Nc1ccc2oc3c(OC(F)F)ccc(C(=O)Nc4c(Cl)cncc4Cl)c3c2c1,OKFDRAHPFKMAJH-UHFFFAOYSA-N,516.31,2.0,,True,False,False,phase_only,,Small molecule,MOL,1.0,98.35917778579156,True,,O=C(Nc1ccncc1)c1cccc2oc3ccccc3c12,159,-9.88707493923752,docked,9DKB,-6.78992630649017,docked,7ALV,86.4920744314266,91.38525155065473,92.48793935217093,92.48793935217093,False
REP_06369,CHEMBL4297458,EZOBRESIB,Cc1nnn(C)c1-c1cnc2c3ccc(C(C)(C)O)cc3n([C@H](c3ccccc3)C3CCOCC3)c2c1,KGERZPVQIRYWRK-GDLZYMKVSA-N,495.63,2.0,,True,False,False,phase_only,,Small molecule,MOL,0.91666675,95.30592619305204,True,,c1ccc(C(C2CCOCC2)n2c3ccccc3c3ncc(-c4cnn[nH]4)cc32)cc1,356,-9.88567943407355,docked,9DKB,-4.94124811602292,docked,7ALV,86.42315644383184,75.63749138525155,60.16540317022743,75.63749138525155,False
REP_06645,CHEMBL4650325,VEMIRCOPAN,CC(=O)c1nn(CC(=O)N2[C@H](C(=O)Nc3nc(Br)ccc3C)C[C@@]3(C)C[C@@H]23)c2ccc(-c3cnc(C)nc3)cc12,OCXAGXCMZACNEC-CTWZREHQSA-N,602.49,2.0,,True,False,False,phase_only,,Small molecule,MOL,1.0,98.35917778579156,True,,O=C(Nc1ccccn1)C1CC2CC2N1C(=O)Cn1ncc2cc(-c3cncnc3)ccc21,9,-9.87960727021379,docked,9DKB,-1.98428972951485,docked,7ALV,86.35423845623707,91.38525155065473,10.19986216402481,91.38525155065473,False
REP_00655,CHEMBL2105665,ELACYTARABINE,CCCCCCCC/C=C/CCCCCCCC(=O)OC[C@H]1O[C@@H](n2ccc(N)nc2=O)[C@@H](O)[C@@H]1O,FLFGNMFWNBOBGE-FNNZEKJRSA-N,507.67,3.0,,True,False,False,phase_only,,Small molecule,MOL,0.9166667,90.38946988820771,True,,O=c1ncccn1C1CCCO1,572,-9.87587542883388,docked,9DKB,-2.93871597533205,docked,7ALV,86.28532046864231,50.137835975189525,19.710544452101995,50.137835975189525,False
REP_00937,CHEMBL4072833,EVOBRUTINIB,C=CC(=O)N1CCC(CNc2ncnc(N)c2-c2ccc(Oc3ccccc3)cc2)CC1,QUIWHXQETADMGN-UHFFFAOYSA-N,429.52,3.0,,True,False,False,phase_only,,Small molecule,MOL,0.9166667,90.38946988820771,True,,c1ccc(Oc2ccc(-c3cncnc3NCC3CCNCC3)cc2)cc1,886,-9.87126426446566,docked,9DKB,-5.53133773221581,docked,7ALV,86.21640248104755,50.137835975189525,74.22467263955892,74.22467263955892,False
REP_06446,CHEMBL4301163,ELSULFAVIRINE,CCC(=O)NS(=O)(=O)c1ccc(NC(=O)Cc2ccc(Br)c(Oc3cc(Cl)cc(C#N)c3)c2F)c(Cl)c1,ULTDEARCBRNRGR-UHFFFAOYSA-N,629.29,2.0,,True,False,False,phase_only,,Small molecule,MOL,1.0,98.35917778579156,True,,O=C(Cc1cccc(Oc2ccccc2)c1)Nc1ccccc1,83,-9.85603258752359,docked,9DKB,-5.96844552286656,docked,7ALV,86.1474844934528,91.38525155065473,82.01240523776706,91.38525155065473,False
REP_01040,CHEMBL431733,NAMODENOSON,CNC(=O)[C@H]1O[C@@H](n2cnc3c(NCc4cccc(I)c4)nc(Cl)nc32)[C@H](O)[C@@H]1O,IPSYPUKKXMNCNQ-PFHKOEEOSA-N,544.74,3.0,,True,False,False,phase_only,,Small molecule,MOL,0.91543776,84.02452217814641,True,,c1ccc(CNc2ncnc3c2ncn3C2CCCO2)cc1,1330,-9.85517630462053,docked,9DKB,-8.54397048983037,docked,7ALV,86.07856650585803,16.67815299793246,98.82839421088903,98.82839421088903,False
REP_06167,CHEMBL4069704,RODATRISTAT ETHYL,CCOC(=O)[C@@H]1CC2(CCN(c3cc(O[C@H](c4ccc(Cl)cc4-c4ccccc4)C(F)(F)F)nc(N)n3)CC2)CN1,TZSZZENYCISATO-WIOPSUGQSA-N,590.05,2.0,,True,False,False,phase_only,,Small molecule,MOL,0.9166666,85.41892054333454,True,,c1ccc(-c2ccccc2COc2cc(N3CCC4(CCNC4)CC3)ncn2)cc1,1263,-9.85014078323924,docked,9DKB,-3.74549070665109,docked,7ALV,86.00964851826328,24.017918676774638,32.529290144727774,32.529290144727774,False
REP_01208,CHEMBL5314961,OCEDURENONE,N#Cc1ccc(N2N=C3c4ccc(C(=O)N5CCC(O)CC5)nc4CC[C@@H]3[C@@H]2C2CCCC2)cc1Cl,UXHQLGLGLZKHTC-CUNXSJBXSA-N,504.03,3.0,,True,False,False,phase_only,,Small molecule,MOL,1.0,98.35917778579156,True,,O=C(c1ccc2c(n1)CCC1C2=NN(c2ccccc2)C1C1CCCC1)N1CCCCC1,62,-9.84452121975214,docked,9DKB,-4.98824686936723,docked,7ALV,85.9407305306685,91.38525155065473,61.268090971743625,91.38525155065473,False
REP_01484,CHEMBL1206833,IRALUKAST,CCCc1c(OCCCC/C=C\C=C\[C@H](Sc2ccc3c(=O)cc(C(=O)O)oc3c2)[C@H](O)c2cccc(C(F)(F)F)c2)ccc(C(C)=O)c1O,IXJCHVMUTFCRBH-SDUHDBOFSA-N,710.77,2.0,,True,False,False,phase_only,,Small molecule,MOL,0.9166667,90.38946988820771,True,,O=c1ccoc2cc(SC(C=CC=CCCCCOc3ccccc3)Cc3ccccc3)ccc12,679,-9.84350632804261,docked,9DKB,-3.85322524525827,docked,7ALV,85.87181254307374,50.137835975189525,34.6657477601654,50.137835975189525,False
REP_05288,CHEMBL281398,TERBOGREL,CC(C)(C)N/C(=N\C#N)Nc1cccc(/C(=C\CCCC(=O)O)c2cccnc2)c1,XUTLOCQNGLJNSA-RGVLZGJSSA-N,405.5,2.0,,True,False,False,phase_only,,Small molecule,MOL,0.91666675,95.30592619305204,True,,C=C(c1ccccc1)c1cccnc1,301,-9.8398990660029,docked,9DKB,-6.03847202117762,docked,7ALV,85.80289455547899,75.63749138525155,83.3907649896623,83.3907649896623,False
REP_06496,CHEMBL4438269,DEPULFAVIRINE,N#Cc1cc(Cl)cc(Oc2c(Br)ccc(CC(=O)Nc3ccc(S(N)(=O)=O)cc3Cl)c2F)c1,SBUUICLVCQQMFP-UHFFFAOYSA-N,573.23,2.0,,True,False,False,phase_only,,Small molecule,MOL,1.0,98.35917778579156,True,,O=C(Cc1cccc(Oc2ccccc2)c1)Nc1ccccc1,61,-9.83556208590571,docked,9DKB,-5.05497457634491,docked,7ALV,85.73397656788421,91.38525155065473,63.47346657477602,91.38525155065473,False
REP_01122,CHEMBL483158,ALISERTIB,COc1cc(Nc2ncc3c(n2)-c2ccc(Cl)cc2C(c2c(F)cccc2OC)=NC3)ccc1C(=O)O,ZLHFILGSQDJULK-UHFFFAOYSA-N,518.93,3.0,,True,False,False,phase_only,,Small molecule,MOL,1.0,98.35917778579156,True,,c1ccc(Nc2ncc3c(n2)-c2ccccc2C(c2ccccc2)=NC3)cc1,41,-9.83469605540115,docked,9DKB,-3.62995453973049,docked,7ALV,85.66505858028945,91.38525155065473,30.66850447966919,91.38525155065473,False
REP_06302,CHEMBL4297269,OSUGACESTAT,CN1C(=O)[C@@H](NC(=O)[C@H](CCC(F)(F)F)[C@H](CCC(F)(F)F)C(N)=O)N=C(c2ccccc2)c2ccccc21,AYOUDDAETNMCBW-GSHUGGBRSA-N,556.51,2.0,,True,False,False,phase_only,,Small molecule,MOL,0.9166666,85.41892054333454,True,,O=C1CN=C(c2ccccc2)c2ccccc2N1,1278,-9.82914033554683,docked,9DKB,-3.12998809553487,docked,7ALV,85.5961405926947,24.017918676774638,22.329427980702967,24.017918676774638,False
REP_05081,CHEMBL2338397,CRENIGACESTAT,C[C@H](NC(=O)CCC(F)(F)F)C(=O)N[C@@H]1C(=O)N(CCO)c2ncccc2-c2ccccc21,YCBAQKQAINQRFW-UGSOOPFHSA-N,464.44,2.0,,True,False,False,phase_only,,Small molecule,MOL,0.9166666,85.41892054333454,True,,O=C1Cc2ccccc2-c2cccnc2N1,1285,-9.82155365166056,docked,9DKB,-5.22120111762312,docked,7ALV,85.52722260509992,24.017918676774638,67.60854583046175,67.60854583046175,False
REP_03598,CHEMBL2105477,BROVANEXINE,COc1cc(C(=O)Nc2c(Br)cc(Br)cc2CN(C)C2CCCCC2)ccc1OC(C)=O,DQTRREPKGJIABH-UHFFFAOYSA-N,568.31,2.0,,True,False,False,phase_only,,Small molecule,MOL,0.9166667,90.38946988820771,True,,O=C(Nc1ccccc1CNC1CCCCC1)c1ccccc1,856,-9.81846213711677,docked,9DKB,-3.60166841075679,docked,7ALV,85.45830461750516,50.137835975189525,30.18607856650586,50.137835975189525,False
REP_07983,CHEMBL4303449,ARQ-621,C#CC[C@H](c1nc2cc(Cl)ccc2c(=O)n1Nc1ccccc1)N(CCCN)C(=O)c1cccc(Cl)c1F,UPJSUQWHUVLLNW-XMMPIXPASA-N,552.44,1.0,,True,False,False,phase_only,,Small molecule,MOL,0.9166667,90.38946988820771,True,,O=C(NCc1nc2ccccc2c(=O)n1Nc1ccccc1)c1ccccc1,952,-9.81500833879377,docked,9DKB,-5.5355048699869,docked,7ALV,85.3893866299104,50.137835975189525,74.36250861474845,74.36250861474845,False
REP_07288,CHEMBL6068017,ILANTIMOD,C[C@@H](CO)NC(=O)c1cc(-c2ccc(Cl)cc2)nn(-c2cnn(C)c2)c1=O,YAGSZKAJPHGVOV-NSHDSACASA-N,387.83,2.0,,True,False,False,phase_only,,Small molecule,MOL,0.9166667,90.38946988820771,True,,O=c1ccc(-c2ccccc2)nn1-c1cn[nH]c1,1067,-9.8141643489687,docked,9DKB,-0.879584746826388,docked,7ALV,85.32046864231563,50.137835975189525,4.824259131633357,50.137835975189525,False
REP_02233,CHEMBL1801250,NANATINOSTAT,O=C(NO)c1cnc(N2C[C@@H]3[C@H](C2)[C@H]3NCc2ccc3cc(F)ccc3n2)nc1,QRGHOAATPOLDPF-VQFNDLOPSA-N,394.41,2.0,,True,False,False,phase_only,,Small molecule,MOL,0.9166667,90.38946988820771,True,,c1cnc(N2CC3C(C2)C3NCc2ccc3ccccc3n2)nc1,854,-9.80463536258498,docked,9DKB,-5.0816585770106,docked,7ALV,85.25155065472087,50.137835975189525,64.50723638869744,64.50723638869744,False
REP_03804,CHEMBL2106037,TETRONASIN 5930,CO[C@@H](C)[C@H]1C[C@H](C)[C@H]([C@@H](C)/C=C/[C@@H]2CC[C@@H](C)[C@H](/C(=C/[C@H]3CCC[C@@H](C)[C@@H]3[C@H](C)C(=O)C3=C(O)COC3=O)CO)O2)O1,BJUFZCRLMQPLMO-RHKPWOOXSA-N,602.81,2.0,,True,False,False,phase_only,,Small molecule,MOL,0.9166667,90.38946988820771,True,,O=C(CC1CCCCC1C=CC1CCCC(C=CCC2CCCO2)O1)C1=CCOC1=O,934,-9.80370385643274,docked,9DKB,-3.60904966901098,docked,7ALV,85.18263266712613,50.137835975189525,30.25499655410062,50.137835975189525,False
REP_05547,CHEMBL3235279,CAPADENOSON,N#Cc1c(N)nc(SCc2csc(-c3ccc(Cl)cc3)n2)c(C#N)c1-c1ccc(OCCO)cc1,CITWCLNVRIKQAF-UHFFFAOYSA-N,520.04,2.0,,True,False,False,phase_only,,Small molecule,MOL,1.0,98.35917778579156,True,,c1ccc(-c2ccnc(SCc3csc(-c4ccccc4)n3)c2)cc1,169,-9.79529852634061,docked,9DKB,-5.07028337492247,docked,7ALV,85.11371467953136,91.38525155065473,64.09372846312887,91.38525155065473,False
REP_07637,CHEMBL186113,GW-328267,CCn1nnc([C@H]2O[C@@H](n3cnc4c(N)nc(N[C@H](CO)Cc5ccccc5)nc43)[C@H](O)[C@@H]2O)n1,FLBKPDIBGNWXMT-NIQZGXKPSA-N,482.51,1.0,,True,False,False,phase_only,,Small molecule,MOL,0.91666675,95.30592619305204,True,,c1ccc(CCNc2ncc3ncn(C4CCC(c5nn[nH]n5)O4)c3n2)cc1,454,-9.78424731451339,docked,9DKB,-6.10824574824276,docked,7ALV,85.0447966919366,75.63749138525155,84.4934527911785,84.4934527911785,False
REP_07300,CHEMBL6068031,RISELCAFTOR,COc1ccc(C)cc1[C@@]1(C(=O)NS(=O)(=O)c2cccc3nc(C)ccc23)C[C@H](c2ccccc2)CO1,ILQPLXMPYBURHT-PZGXJGMVSA-N,516.62,2.0,,True,False,False,phase_only,,Small molecule,MOL,0.9166667,90.38946988820771,True,,O=C(NS(=O)(=O)c1cccc2ncccc12)C1(c2ccccc2)CC(c2ccccc2)CO1,1078,-9.78237305661525,docked,9DKB,-4.38866019125211,docked,7ALV,84.97587870434184,50.137835975189525,46.795313576843554,50.137835975189525,False
REP_00857,CHEMBL3545186,FONADELPAR,Cc1cc2c(CCc3sc(-c4ccc(C(F)(F)F)cc4)nc3C(C)C)noc2cc1OCC(=O)O,WWKYLBGQYALEDL-UHFFFAOYSA-N,504.53,3.0,,True,False,False,phase_only,,Small molecule,MOL,0.9166667,90.38946988820771,True,,c1ccc(-c2ncc(CCc3noc4ccccc34)s2)cc1,873,-9.78043708994362,docked,9DKB,-6.23983505490451,docked,7ALV,84.90696071674707,50.137835975189525,86.28532046864231,86.28532046864231,False
REP_02257,CHEMBL184999,AL-12182,CC(C)OC(=O)CCC/C=C\CC[C@H]1[C@@H](O)CO[C@@H]1/C=C/[C@@H](O)COc1cccc(Cl)c1,SGNMBLPAWMQIHK-LYTYUWFYSA-N,467.0,2.0,,True,False,False,phase_only,,Small molecule,MOL,0.91666675,95.30592619305204,True,,C(=CC1CCCO1)CCOc1ccccc1,409,-9.778220339476,docked,9DKB,-6.27332195386678,docked,7ALV,84.8380427291523,75.63749138525155,86.76774638180565,86.76774638180565,False
REP_06440,CHEMBL4298169,TROPIFEXOR,O=C(O)c1cc(F)c2nc(N3[C@@H]4CC[C@H]3C[C@@H](OCc3c(-c5ccccc5OC(F)(F)F)noc3C3CC3)C4)sc2c1,VYLOOGHLKSNNEK-PIIMJCKOSA-N,603.59,2.0,,True,False,False,phase_only,,Small molecule,MOL,0.9166666,85.41892054333454,True,,c1ccc(-c2noc(C3CC3)c2COC2CC3CCC(C2)N3c2nc3ccccc3s2)cc1,1305,-9.7767380884495,docked,9DKB,-3.62617273345526,docked,7ALV,84.76912474155755,24.017918676774638,30.599586492074426,30.599586492074426,False
REP_01274,CHEMBL88712,VELIFLAPON,O=C(O)[C@@H](c1ccc(OCc2ccc3ccccc3n2)cc1)C1CCCC1,ZEYYDOLCHFETHQ-JOCHJYFZSA-N,361.44,3.0,,True,False,False,phase_only,,Small molecule,MOL,0.5591405,81.45209760788556,True,,c1ccc2nc(COc3ccc(CC4CCCC4)cc3)ccc2c1,1544,-9.77484752830444,docked,9DKB,-4.96619399802593,docked,7ALV,84.70020675396277,2.8256374913852516,60.85458304617506,60.85458304617506,False
REP_07156,CHEMBL54440,MEVASTATIN,CC[C@H](C)C(=O)O[C@H]1CCC=C2C=C[C@H](C)[C@H](CC[C@@H]3C[C@@H](O)CC(=O)O3)[C@H]21,AJLFOPYRIVGYMJ-INTXDZFKSA-N,390.52,2.0,,True,False,False,phase_only,,Small molecule,MOL,0.9166666,85.41892054333454,True,,O=C1CCCC(CCC2CC=CC3=CCCCC32)O1,1235,-9.77159927280291,docked,9DKB,-4.65136029556077,docked,7ALV,84.63128876636802,24.017918676774638,53.75603032391454,53.75603032391454,False
REP_00080,CHEMBL1213492,GIVINOSTAT,CCN(CC)Cc1ccc2cc(COC(=O)Nc3ccc(C(=O)NO)cc3)ccc2c1,YALNUENQHAQXEA-UHFFFAOYSA-N,421.5,4.0,,False,True,False,primary_atc_phase,,Small molecule,MOL,0.9166667,90.38946988820771,True,,O=C(Nc1ccccc1)OCc1ccc2ccccc2c1,1037,-9.768959769525,docked,9DKB,-6.05371209724183,docked,7ALV,84.56237077877327,50.137835975189525,83.59751895244659,83.59751895244659,False
REP_05635,CHEMBL3392776,C-188-9,COc1ccc(S(=O)(=O)Nc2cc(-c3c(O)ccc4ccccc34)c(O)c3ccccc23)cc1,QDCJDYWGYVPBDO-UHFFFAOYSA-N,471.53,2.0,,True,False,False,phase_only,,Small molecule,MOL,0.9166666,85.41892054333454,True,,O=S(=O)(Nc1cc(-c2cccc3ccccc23)cc2ccccc12)c1ccccc1,1167,-9.76773415393984,docked,9DKB,-6.81673708629336,docked,7ALV,84.4934527911785,24.017918676774638,92.76361130254996,92.76361130254996,False
REP_08049,CHEMBL4650233,MIVORILANER,O=C(CNC(=O)c1sc(C2=NO[C@@](c3cc(Cl)c(F)c(Cl)c3)(C(F)(F)F)C2)c2c1CCC2)NCC(F)F,OFGKIOOXISVXEC-NRFANRHFSA-N,588.36,1.0,,True,False,False,phase_only,,Small molecule,MOL,1.0,98.35917778579156,True,,c1ccc(C2CC(c3scc4c3CCC4)=NO2)cc1,258,-9.76580318430097,docked,9DKB,-3.44150314588548,docked,7ALV,84.42453480358374,91.38525155065473,26.740179186767744,91.38525155065473,False
REP_06841,CHEMBL5095059,DEUCRICTIBANT,[2H][C@@](C)(NC(=O)COC(F)F)c1cc(F)cc(Cl)c1COc1cccc2c(-c3ncnn3C)cc(C)nc12,ZTCLCSCHTACERP-WTDRUJNCSA-N,534.94,2.0,,True,False,False,phase_only,,Small molecule,MOL,0.9166667,90.38946988820771,True,,c1ccc(COc2cccc3c(-c4ncn[nH]4)ccnc23)cc1,938,-9.76258568472472,docked,9DKB,-0.0583879894165952,docked,7ALV,84.35561681598898,50.137835975189525,2.89455547898001,50.137835975189525,False
REP_05813,CHEMBL3670685,PALUPIPRANT,C[C@H](NC(=O)c1c(C(F)F)nn(C)c1Oc1cccc(C(F)(F)F)c1)c1ccc(C(=O)O)cc1,MKLKAQMPKHNQPR-NSHDSACASA-N,483.39,2.0,,True,False,False,phase_only,,Small molecule,MOL,0.9166667,90.38946988820771,True,,O=C(NCc1ccccc1)c1cn[nH]c1Oc1ccccc1,635,-9.76165843818191,docked,9DKB,-5.50229441815217,docked,7ALV,84.28669882839421,50.137835975189525,73.60441075120607,73.60441075120607,False
REP_04009,CHEMBL2106469,BENCIANOL,Oc1cc(O)c2c(c1)O[C@H](c1ccc3c(c1)OC(c1ccccc1)(c1ccccc1)O3)[C@@H](O)C2,NGJOOUAZHCZCOW-WNCULLNHSA-N,454.48,2.0,,True,False,False,phase_only,,Small molecule,MOL,0.9166666,85.41892054333454,True,,c1ccc(C2(c3ccccc3)Oc3ccc(C4CCc5ccccc5O4)cc3O2)cc1,1244,-9.75608019237602,docked,9DKB,-3.53394538183837,docked,7ALV,84.21778084079945,24.017918676774638,28.325292901447273,28.325292901447273,False
REP_06596,CHEMBL4594414,MITOQUINOL CATION,COc1c(O)c(C)c(CCCCCCCCCC[P+](c2ccccc2)(c2ccccc2)c2ccccc2)c(O)c1OC,SIRZPOBKMRMKDI-UHFFFAOYSA-O,585.75,2.0,,True,False,False,phase_only,,Small molecule,MOL,0.8348955,83.59177785791562,True,,c1ccc(CCCCCCCCCC[P+](c2ccccc2)(c2ccccc2)c2ccccc2)cc1,1366,-9.75071570907924,docked,9DKB,-0.243173400066615,docked,7ALV,84.14886285320469,14.334941419710546,3.308063404548589,14.334941419710546,False
REP_05971,CHEMBL3989439,NICOFURATE,COC(=O)c1cc([C@@H](OC(=O)c2cccnc2)[C@H](OC(=O)c2cccnc2)[C@@H](COC(=O)c2cccnc2)OC(=O)c2cccnc2)oc1C,BNYZXONJFQJYPC-IDZRBWSNSA-N,680.63,2.0,,True,False,False,phase_only,,Small molecule,MOL,0.9166666,85.41892054333454,True,,O=C(OCC(OC(=O)c1cccnc1)C(OC(=O)c1cccnc1)C(OC(=O)c1cccnc1)c1ccco1)c1cccnc1,1241,-9.74626969808297,docked,9DKB,-1.97093715777015,docked,7ALV,84.07994486560992,24.017918676774638,10.062026188835283,24.017918676774638,False
REP_03071,CHEMBL2104705,FLURANTEL,CC(=O)Oc1ccc([N+](=O)[O-])c(OC(C)=O)c1C(=O)Nc1cc(C(F)(F)F)cc(C(F)(F)F)c1,YRPPAQRAYJVJOS-UHFFFAOYSA-N,494.3,2.0,,True,False,False,phase_only,,Small molecule,MOL,0.91666675,95.30592619305204,True,,O=C(Nc1ccccc1)c1ccccc1,481,-9.7457562618342,docked,9DKB,-6.17025128651364,docked,7ALV,84.01102687801516,75.63749138525155,85.25155065472087,85.25155065472087,False
REP_06881,CHEMBL5095165,SELONABANT,CC(C)(C)NC(=O)N1CC(O[C@H](c2ccc(Cl)cc2)c2ccccc2C(F)(F)F)C1,BNLYOVHLLDBOFZ-LJQANCHMSA-N,440.89,2.0,,True,False,False,phase_only,,Small molecule,MOL,0.8934403,83.84421204471691,True,,c1ccc(C(OC2CNC2)c2ccccc2)cc1,1345,-9.74425593060307,docked,9DKB,-0.345390105342808,docked,7ALV,83.9421088904204,15.71330117160579,3.652653342522394,15.71330117160579,False
REP_06852,CHEMBL5095072,MINZASOLMIN,CCCC[C@H](Cc1c[nH]c2ccccc12)NC(=O)c1cnc(N2CCN(C)CC2)s1,GDFWCSZNQVAQGR-GOSISDBHSA-N,425.6,2.0,,True,False,False,phase_only,,Small molecule,MOL,0.69200605,82.57002043514845,True,,O=C(NCCc1c[nH]c2ccccc12)c1cnc(N2CCNCC2)s1,1451,-9.73194807224918,docked,9DKB,-1.07005842133299,docked,7ALV,83.87319090282563,8.890420399724327,5.720192970365268,8.890420399724327,False
REP_00315,CHEMBL499915,CARBENOXOLONE,CC1(C)[C@@H](OC(=O)CCC(=O)O)CC[C@]2(C)[C@H]3C(=O)C=C4[C@@H]5C[C@@](C)(C(=O)O)CC[C@]5(C)CC[C@@]4(C)[C@]3(C)CC[C@@H]12,OBZHEBDUNPOCJG-WBXJDKIVSA-N,570.77,4.0,,False,True,False,primary_atc_phase,,Small molecule,MOL,0.9166666,85.41892054333454,True,,O=C1C=C2C3CCCCC3CCC2C2CCC3CCCCC3C12,1212,-9.72841402017332,docked,9DKB,-5.78572749233917,docked,7ALV,83.80427291523087,24.017918676774638,79.53135768435561,79.53135768435561,False
REP_06930,CHEMBL5095506,CRICTIBANT,Cc1cc(-c2ncnn2C)c2cccc(OCc3c(Cl)cc(F)cc3[C@H](C)NC(=O)COC(F)F)c2n1,ZTCLCSCHTACERP-AWEZNQCLSA-N,533.94,2.0,,True,False,False,phase_only,,Small molecule,MOL,0.9166667,90.38946988820771,True,,c1ccc(COc2cccc3c(-c4ncn[nH]4)ccnc23)cc1,833,-9.72307792227127,docked,9DKB,-4.33286170658427,docked,7ALV,83.73535492763611,50.137835975189525,45.623707787732606,50.137835975189525,False
REP_08209,CHEMBL5316167,ARQ-736 FREE ACID,Cn1ccc(S(=O)(=O)N2CCC[C@@H](Nc3nccc(-c4c(-c5cccc(OCOP(=O)(O)O)c5)nc5occn45)n3)C2)n1,GBXJAPBXPROFPY-GOSISDBHSA-N,630.58,1.0,,True,False,False,phase_only,,Small molecule,MOL,0.9166667,90.38946988820771,True,,O=S(=O)(c1cc[nH]n1)N1CCCC(Nc2nccc(-c3c(-c4ccccc4)nc4occn34)n2)C1,508,-9.71068869289477,docked,9DKB,-9.28349400086934,docked,7ALV,83.66643694004135,50.137835975189525,99.24190213645761,99.24190213645761,False
REP_05567,CHEMBL3260771,BGC-20-1531,COc1ccc(-c2ccc(OCc3cc(C(=O)[N-]S(=O)(=O)c4ccccc4C)oc3C)cc2)nc1,IXDVRRPNWPOPGV-UHFFFAOYSA-M,491.55,2.0,,True,False,False,phase_only,,Small molecule,MOL,0.89369,83.85623272027888,True,,O=C([N-]S(=O)(=O)c1ccccc1)c1cc(COc2ccc(-c3ccccn3)cc2)co1,1344,-9.69344315635594,docked,9DKB,-6.66844062408612,docked,7ALV,83.59751895244659,15.782219159200551,91.592005513439,91.592005513439,False
REP_01614,CHEMBL1272307,SB-649868,Cc1nc(C(=O)N2CCCC[C@H]2CNC(=O)c2cccc3occc23)c(-c2ccc(F)cc2)s1,ZJXIUGNEAIHSBI-IBGZPJMESA-N,477.56,2.0,,True,False,False,phase_only,,Small molecule,MOL,0.9166667,90.38946988820771,True,,O=C(NCC1CCCCN1C(=O)c1ncsc1-c1ccccc1)c1cccc2occc12,663,-9.69122491965735,docked,9DKB,-5.48881515512041,docked,7ALV,83.52860096485183,50.137835975189525,72.84631288766367,72.84631288766367,False
REP_07701,CHEMBL2180604,TAK-593,Cc1cc(C(=O)Nc2cc(Oc3ccc4nc(NC(=O)C5CC5)cn4n3)ccc2C)n(C)n1,DZFZXPPHBWCXPQ-UHFFFAOYSA-N,445.48,1.0,,True,False,False,phase_only,,Small molecule,MOL,0.95485795,96.68229354489722,True,,O=C(Nc1cccc(Oc2ccc3nc(NC(=O)C4CC4)cn3n2)c1)c1ccn[nH]1,277,-9.68338055350301,docked,9DKB,-4.26938020022623,docked,7ALV,83.45968297725706,82.56374913852515,44.17643004824259,82.56374913852515,False
REP_08073,CHEMBL4741924,IPN-60090,CNC(=O)c1cn(C[C@H](F)CCc2ccc(NC(=O)Cc3cc(OC4CC(F)(F)C4)cc(C)n3)nn2)nn1,GEHZIZWHNLQFAS-OAHLLOKOSA-N,532.53,1.0,,True,False,False,phase_only,,Small molecule,MOL,1.0,98.35917778579156,True,,O=C(Cc1cc(OC2CCC2)ccn1)Nc1ccc(CCCCn2ccnn2)nn1,273,-9.68022225364994,docked,9DKB,-5.69398998564633,docked,7ALV,83.3907649896623,91.38525155065473,77.60165403170227,91.38525155065473,False
REP_00288,CHEMBL408,TROGLITAZONE,Cc1c(C)c2c(c(C)c1O)CCC(C)(COc1ccc(CC3SC(=O)NC3=O)cc1)O2,GXPHKUHSUJUWKP-UHFFFAOYSA-N,441.55,4.0,,False,True,True,primary_atc_phase,,Small molecule,MOL,0.9166667,90.38946988820771,True,,O=C1NC(=O)C(Cc2ccc(OCC3CCc4ccccc4O3)cc2)S1,939,-9.68004449554711,docked,9DKB,-4.05920854909285,docked,7ALV,83.32184700206754,50.137835975189525,39.007580978635424,50.137835975189525,False
REP_01231,CHEMBL592054,IMIGLITAZAR,Cc1oc(-c2ccccc2)nc1COc1ccc(CO/N=C(\CCC(=O)O)c2ccccc2)cc1,ULVDFHLHKNJICZ-QCWLDUFUSA-N,470.53,3.0,,True,False,False,phase_only,,Small molecule,MOL,0.91666675,95.30592619305204,True,,C(=NOCc1ccc(OCc2coc(-c3ccccc3)n2)cc1)c1ccccc1,478,-9.67508093990923,docked,9DKB,-4.11622104027118,docked,7ALV,83.25292901447277,75.63749138525155,40.45485871812543,75.63749138525155,False
REP_06418,CHEMBL4297636,PLOCABULIN,C/C=C\C[C@@H](C/C=C\NC(=O)[C@@H](NC(=O)\C=C/C=C\C(C)=C\[C@H](C)[C@@H]1CC=C(OC)C(=O)O1)C(C)(C)C)OC(N)=O,IEKGSKLKBICCHQ-BDOJOPHNSA-N,571.72,2.0,,True,False,False,phase_only,,Small molecule,MOL,0.9166667,90.38946988820771,True,,O=C1C=CCCO1,957,-9.67348230447927,docked,9DKB,-2.62024975299154,docked,7ALV,83.18401102687801,50.137835975189525,15.299793246037218,50.137835975189525,False
REP_00197,CHEMBL2095212,MIRABEGRON,Nc1nc(CC(=O)Nc2ccc(CCNC[C@H](O)c3ccccc3)cc2)cs1,PBAPPPCECJKMCM-IBGZPJMESA-N,396.52,4.0,,False,True,True,primary_atc_phase,,Small molecule,MOL,0.9166667,90.38946988820771,True,,O=C(Cc1cscn1)Nc1ccc(CCNCCc2ccccc2)cc1,993,-9.66851663922356,docked,9DKB,-5.07442990675992,docked,7ALV,83.11509303928325,50.137835975189525,64.30048242591316,64.30048242591316,False
REP_04516,CHEMBL2107504,PAZINACLONE,O=C(CC1C2C=CC=CC2C(=O)N1c1ccc2ccc(Cl)nc2n1)N1CCC2(CC1)OCCO2,ODCORAJVSLDYFP-UHFFFAOYSA-N,480.95,2.0,,True,False,False,phase_only,,Small molecule,MOL,0.9166666,85.41892054333454,True,,O=C(CC1C2C=CC=CC2C(=O)N1c1ccc2cccnc2n1)N1CCC2(CC1)OCCO2,1237,-9.66103367260702,docked,9DKB,-6.47863803939816,docked,7ALV,83.0461750516885,24.017918676774638,89.2487939352171,89.2487939352171,False
REP_06741,CHEMBL4802154,TILPISERTIB,Cn1ccc2c([C@H](Nc3cc(Cl)c4ncc(C#N)c(NCC(C)(C)C)c4c3)c3cn(C45CC(C4)C5)nn3)cccc2c1=O,VFGSKBLZRDRHOI-ZAGPDIDGSA-N,593.14,2.0,,True,False,False,phase_only,,Small molecule,MOL,1.0,98.35917778579156,True,,O=c1[nH]ccc2c(C(Nc3ccc4ncccc4c3)c3cn(C45CC(C4)C5)nn3)cccc12,32,-9.66097659083313,docked,9DKB,-2.17257969361972,docked,7ALV,82.97725706409373,91.38525155065473,11.647139903514814,91.38525155065473,False
REP_08102,CHEMBL4858811,TRC-253,N#Cc1ncc(N2C(=O)C3(CCC3)N(c3ccc(OC4CCNCC4)nc3)C2=S)cc1C(F)(F)F,OUEHJEYKNYQVRC-UHFFFAOYSA-N,502.52,1.0,,True,False,False,phase_only,,Small molecule,MOL,0.9166666,85.41892054333454,True,,O=C1N(c2cccnc2)C(=S)N(c2ccc(OC3CCNCC3)nc2)C12CCC2,1162,-9.65858019636654,docked,9DKB,-3.00833032081689,docked,7ALV,82.90833907649898,24.017918676774638,20.67539627842867,24.017918676774638,False
REP_06197,CHEMBL412262,IBIPINABANT,CN/C(=N\S(=O)(=O)c1ccc(Cl)cc1)N1C[C@H](c2ccccc2)C(c2ccc(Cl)cc2)=N1,AXJQVVLKUYCICH-OAQYLSRUSA-N,487.41,2.0,,True,False,False,phase_only,,Small molecule,MOL,0.9166667,90.38946988820771,True,,O=S(=O)(N=CN1CC(c2ccccc2)C(c2ccccc2)=N1)c1ccccc1,796,-9.65443101669219,docked,9DKB,-1.60634769844931,docked,7ALV,82.8394210889042,50.137835975189525,7.925568573397657,50.137835975189525,False
REP_00751,CHEMBL2402737,IDASANUTLIN,COc1cc(C(=O)O)ccc1NC(=O)[C@@H]1N[C@@H](CC(C)(C)C)[C@](C#N)(c2ccc(Cl)cc2F)[C@H]1c1cccc(Cl)c1F,TVTXCJFHQKSQQM-LJQIRTBHSA-N,616.49,3.0,,True,False,False,phase_only,,Small molecule,MOL,1.0,98.35917778579156,True,,O=C(Nc1ccccc1)C1NCC(c2ccccc2)C1c1ccccc1,138,-9.65061773273662,docked,9DKB,-2.70461483250717,docked,7ALV,82.77050310130944,91.38525155065473,16.26464507236389,91.38525155065473,False
REP_03238,CHEMBL2104984,SODELGLITAZAR,Cc1cc(SCc2sc(-c3ccc(C(F)(F)F)cc3F)nc2C)ccc1OC(C)(C)C(=O)O,ZUGQWAYOWCBWGM-UHFFFAOYSA-N,499.55,2.0,,True,False,False,phase_only,,Small molecule,MOL,1.0,98.35917778579156,True,,c1ccc(SCc2cnc(-c3ccccc3)s2)cc1,18,-9.64678815805232,docked,9DKB,-5.47191760580903,docked,7ALV,82.70158511371469,91.38525155065473,72.57064093728462,91.38525155065473,False
REP_05066,CHEMBL2304040,CEFCANEL DALOXATE,Cc1nnc(SCC2=C(C(=O)OCc3oc(=O)oc3C)N3C(=O)[C@@H](NC(=O)[C@H](OC(=O)[C@@H](C)N)c4ccccc4)[C@H]3SC2)s1,AMMYEZPDRKXESR-CEJYENBDSA-N,661.74,2.0,,True,False,False,phase_only,,Small molecule,MOL,0.7701678,83.18307488880875,True,,O=C(Cc1ccccc1)NC1C(=O)N2C(C(=O)OCc3coc(=O)o3)=C(CSc3nncs3)CSC12,1400,-9.64374911786269,docked,9DKB,-5.21345544229775,docked,7ALV,82.63266712611991,12.129565816678154,67.40179186767746,67.40179186767746,False
REP_05165,CHEMBL25892,FRESELESTAT,CC(C)C(NC(=O)Cn1c(-c2ccccc2)ncc(N)c1=O)C(=O)c1nnc(C(C)(C)C)o1,YSIHYROEMJSOAS-UHFFFAOYSA-N,452.52,2.0,,True,False,False,phase_only,,Small molecule,MOL,0.9166667,90.38946988820771,True,,O=C(Cn1c(-c2ccccc2)nccc1=O)NCC(=O)c1nnco1,903,-9.6396266054079,docked,9DKB,-2.84525902814123,docked,7ALV,82.56374913852515,50.137835975189525,17.987594762232938,50.137835975189525,False
REP_08103,CHEMBL4859268,AGG-523,CC(C)(Cc1ccc(F)cc1)NC(=O)[C@H](CCC(=O)O)NC(=O)c1ccc(-c2ccccc2)cc1,JWQMTWCFNZSLNR-DEOSSOPVSA-N,476.55,1.0,,True,False,False,phase_only,,Small molecule,MOL,0.7615863,83.07488880875106,True,,O=C(CNC(=O)c1ccc(-c2ccccc2)cc1)NCCc1ccccc1,1409,-9.63516813189983,docked,9DKB,-3.3467168581808,docked,7ALV,82.4948311509304,11.578221915920055,25.223983459682977,25.223983459682977,False
REP_01578,CHEMBL1242035,TOMEGLOVIR,CN(C)c1cccc2c(S(=O)(=O)Nc3ccc(NC(=O)C(C)(C)CO)cc3)cccc12,OSQAKHSYTKBSPB-UHFFFAOYSA-N,441.55,2.0,,True,False,False,phase_only,,Small molecule,MOL,0.91666675,95.30592619305204,True,,O=S(=O)(Nc1ccccc1)c1cccc2ccccc12,444,-9.63496312752266,docked,9DKB,-5.12407531155909,docked,7ALV,82.42591316333562,75.63749138525155,65.40317022742937,75.63749138525155,False
REP_07079,CHEMBL5314521,IMDATIFAN,N#Cc1cc(F)cc(Oc2ccc3c4c2[C@@H](F)C[C@]4(O)C(F)(F)C3(F)F)c1,ZIEZRTWLAIDXDH-BLLLJJGKSA-N,385.26,2.0,,True,False,False,phase_only,,Small molecule,MOL,0.9166667,90.38946988820771,True,,c1ccc(Oc2ccc3c4c2CCC4CC3)cc1,680,-9.63472027161977,docked,9DKB,-5.50016230296229,docked,7ALV,82.35699517574086,50.137835975189525,73.39765678842178,73.39765678842178,False
REP_08077,CHEMBL4756595,ENITOCICLIB,COc1cc(F)ccc1-c1cc(Nc2cc(CS(C)(=N)=O)ccn2)ncc1F,YZCUMZWULWOUMD-UHFFFAOYSA-N,404.44,1.0,,True,False,False,phase_only,,Small molecule,MOL,0.91666675,95.30592619305204,True,,c1ccc(-c2ccnc(Nc3ccccn3)c2)cc1,309,-9.62820982674754,docked,9DKB,-6.81313907148094,docked,7ALV,82.2880771881461,75.63749138525155,92.62577532736044,92.62577532736044,False
REP_05153,CHEMBL253969,OSI-632,NC(=O)c1c(OCc2c(F)cc(Br)cc2F)nsc1NC(=O)NCCCCN1CCCC1,HXHAJRMTJXHJJZ-UHFFFAOYSA-N,532.41,2.0,,True,False,False,phase_only,,Small molecule,MOL,0.9166667,90.38946988820771,True,,O=C(NCCCCN1CCCC1)Nc1cc(OCc2ccccc2)ns1,905,-9.62390417218553,docked,9DKB,-5.58020915914823,docked,7ALV,82.21915920055135,50.137835975189525,75.39627842866989,75.39627842866989,False
REP_01391,CHEMBL1162175,REGRELOR,CCNC(=O)Nc1ncnc2c1ncn2[C@@H]1O[C@H](COP(=O)(O)O)[C@H]2O[C@H](/C=C/c3ccccc3)O[C@H]21,NXHAXEBZOXCDKD-XIXRRVGJSA-N,532.45,2.0,,True,False,False,phase_only,,Small molecule,MOL,0.9166667,90.38946988820771,True,,C(=CC1OC2COC(n3cnc4cncnc43)C2O1)c1ccccc1,810,-9.62210089066759,docked,9DKB,-7.75350443377898,docked,7ALV,82.15024121295657,50.137835975189525,97.38111647139903,97.38111647139903,False
REP_07335,CHEMBL6068412,PEBEZERTINIB,C=CC(=O)Nc1ccc(F)c(Nc2nc(Nc3cnn(C)c3)ncc2-c2ccc(C(F)(F)F)cc2)c1,XIMJCWSFLXXQMZ-UHFFFAOYSA-N,497.46,2.0,,True,False,False,phase_only,,Small molecule,MOL,0.9166667,90.38946988820771,True,,c1ccc(Nc2nc(Nc3cn[nH]c3)ncc2-c2ccccc2)cc1,636,-9.61805916780833,docked,9DKB,-6.80544545439226,docked,7ALV,82.08132322536181,50.137835975189525,92.55685733976567,92.55685733976567,False
REP_07806,CHEMBL3545011,GS-9667,O[C@@H]1[C@H](O)[C@@H](CSc2ccccc2F)O[C@H]1n1cnc2c(N[C@@H]3CCC[C@H]3O)ncnc21,IZRXENCTXNMAMI-DIJFLQFKSA-N,461.52,1.0,,True,False,False,phase_only,,Small molecule,MOL,0.9166667,90.38946988820771,True,,c1ccc(SCC2CCC(n3cnc4c(NC5CCCC5)ncnc43)O2)cc1,779,-9.61597187624072,docked,9DKB,-8.26345101251929,docked,7ALV,82.01240523776706,50.137835975189525,98.27705031013095,98.27705031013095,False
REP_01812,CHEMBL1472830,SULPROSTONE,CS(=O)(=O)NC(=O)CCC/C=C\C[C@H]1C(=O)C[C@@H](O)[C@@H]1/C=C/[C@@H](O)COc1ccccc1,UQZVCDCIMBLVNR-TWYODKAFSA-N,465.57,2.0,,True,True,False,atc_only,,Small molecule,MOL,0.9166667,90.38946988820771,True,,O=C1CCC(C=CCCOc2ccccc2)C1,836,-9.60759292205628,docked,9DKB,-7.49450717666293,docked,7ALV,81.9434872501723,50.137835975189525,96.27842866988284,96.27842866988284,False
REP_00623,CHEMBL2103876,MAPRACORAT,Cc1ccc2c(NC[C@](O)(CC(C)(C)c3cc(F)cc4c3OCC4)C(F)(F)F)cccc2n1,VJGFOYBQOIPQFY-XMMPIXPASA-N,462.49,3.0,,True,False,False,phase_only,,Small molecule,MOL,0.9166666,85.41892054333454,True,,c1cc(CCCCNc2cccc3ncccc23)c2c(c1)CCO2,1172,-9.60287962498958,docked,9DKB,-4.31146325299127,docked,7ALV,81.87456926257754,24.017918676774638,45.14128187456926,45.14128187456926,False
REP_08159,CHEMBL5095424,SIREMADLIN SUCCINATE,COc1ncc(-c2nc3c(n2C(C)C)[C@H](c2ccc(Cl)cc2)N(c2cc(Cl)cn(C)c2=O)C3=O)c(OC)n1.O=C(O)CCC(=O)O,WOEIHDWLQDGIAG-BDQAORGHSA-N,673.51,1.0,,True,False,False,phase_only,,Small molecule,MOL,0.9166666,85.41892054333454,True,,O=C1c2nc(-c3cncnc3)[nH]c2C(c2ccccc2)N1c1ccc[nH]c1=O,1304,-9.60097494809596,docked,9DKB,0.11719508805705,docked,7ALV,81.80565127498276,24.017918676774638,2.481047553411442,24.017918676774638,False
REP_06134,CHEMBL3990566,PHYTONADIOL DIPHOSPHATE,C/C(=C\Cc1c(C)c(OP(=O)(O)O)c2ccccc2c1OP(=O)(O)O)CCC[C@H](C)CCC[C@H](C)CCCC(C)C,GWPPODHQIFSQLZ-NKFFZRIASA-N,612.68,2.0,,True,False,False,phase_only,,Small molecule,MOL,0.91666675,95.30592619305204,True,,c1ccc2ccccc2c1,387,-9.58989564682311,docked,9DKB,-3.45469742589475,docked,7ALV,81.736733287388,75.63749138525155,26.94693314955203,75.63749138525155,False
REP_03460,CHEMBL2105273,PANOMIFENE,OCCNCCOc1ccc(/C(=C(\c2ccccc2)C(F)(F)F)c2ccccc2)cc1,MHXVDXXARZCVRK-WCWDXBQESA-N,427.47,2.0,,True,False,False,phase_only,,Small molecule,MOL,0.6259771,82.02909003485996,True,,C(=C(c1ccccc1)c1ccccc1)c1ccccc1,1496,-9.58963169083675,docked,9DKB,-4.64710067820999,docked,7ALV,81.66781529979325,5.995864920744314,53.68711233631978,53.68711233631978,False
REP_01314,CHEMBL1076263,SETROBUVIR,CS(=O)(=O)Nc1ccc2c(c1)S(=O)(=O)N=C(C1=C(O)[C@@H]3[C@H]4CC[C@H](C4)[C@@H]3N(Cc3ccc(F)cc3)C1=O)N2,DEKOYVOWOVJMPM-RLHIPHHXSA-N,560.63,2.0,,True,False,False,phase_only,,Small molecule,MOL,0.9166666,85.41892054333454,True,,O=C1C(C2=NS(=O)(=O)c3ccccc3N2)=CC2C3CCC(C3)C2N1Cc1ccccc1,1194,-9.58312260832947,docked,9DKB,-3.33264107001537,docked,7ALV,81.59889731219849,24.017918676774638,24.87939352170917,24.87939352170917,False
REP_05267,CHEMBL279260,RAFABEGRON,C[C@H](Cc1c[nH]c2c(OCC(=O)O)cccc12)NC[C@H](O)c1cccc(Cl)c1,FHEYFIGWYQJVDR-ACJLOTCBSA-N,402.88,2.0,,True,False,False,phase_only,,Small molecule,MOL,0.9166667,90.38946988820771,True,,c1ccc(CCNCCc2c[nH]c3ccccc23)cc1,902,-9.58148574198057,docked,9DKB,-6.50945724471464,docked,7ALV,81.52997932460372,50.137835975189525,89.52446588559614,89.52446588559614,False
REP_02515,CHEMBL2079588,TELATINIB,CNC(=O)c1cc(COc2nnc(Nc3ccc(Cl)cc3)c3ccoc23)ccn1,QFCXANHHBCGMAS-UHFFFAOYSA-N,409.83,2.0,,True,False,False,phase_only,,Small molecule,MOL,0.9166667,90.38946988820771,True,,c1ccc(Nc2nnc(OCc3ccncc3)c3occc23)cc1,1041,-9.5797146559,docked,9DKB,-4.13486155299413,docked,7ALV,81.46106133700896,50.137835975189525,41.075120606478286,50.137835975189525,False
REP_03295,CHEMBL2105080,GEDOCARNIL,COCc1c(C(=O)OC(C)C)ncc2[nH]c3cccc(Oc4ccc(Cl)cc4)c3c12,SLYDYLLJUXFULK-UHFFFAOYSA-N,424.88,2.0,,True,False,False,phase_only,,Small molecule,MOL,0.91666675,95.30592619305204,True,,c1ccc(Oc2cccc3[nH]c4cnccc4c23)cc1,349,-9.57743543207531,docked,9DKB,-4.33950051702586,docked,7ALV,81.3921433494142,75.63749138525155,45.83046175051688,75.63749138525155,False
REP_07076,CHEMBL5314518,GLECIRASIB,C=CC(=O)N1CCN(c2c(C#N)c(=O)n(-c3c(C)ccnc3C(C)C)c3nc(-c4c(N)c(F)c(F)c(F)c4F)c(Cl)cc23)CC1,QRRJEUIQLZNPIO-UHFFFAOYSA-N,640.04,2.0,,True,False,False,phase_only,,Small molecule,MOL,0.91666675,95.30592619305204,True,,O=c1cc(N2CCNCC2)c2ccc(-c3ccccc3)nc2n1-c1cccnc1,413,-9.57233512454593,docked,9DKB,-1.57215667240094,docked,7ALV,81.32322536181944,75.63749138525155,7.580978635423841,75.63749138525155,False
REP_05434,CHEMBL305544,SAPRISARTAN,CCc1nc(C2CC2)c(C(N)=O)n1Cc1ccc2oc(-c3ccccc3NS(=O)(=O)C(F)(F)F)c(Br)c2c1,DUEWVPTZCSAMNB-UHFFFAOYSA-N,611.44,2.0,,True,False,False,phase_only,,Small molecule,MOL,0.9166666,85.41892054333454,True,,c1ccc(-c2cc3cc(Cn4cnc(C5CC5)c4)ccc3o2)cc1,1215,-9.5684885142127,docked,9DKB,-5.01587761919331,docked,7ALV,81.25430737422468,24.017918676774638,61.81943487250172,61.81943487250172,False
REP_07119,CHEMBL5314910,BREZIVAPTAN,CC(C)NC(=O)Cn1c(-c2cccc(Cl)c2)nn(-c2ccc(CCN3CCOCC3)cc2)c1=O,YCLGGNJZGIFVKX-UHFFFAOYSA-N,484.0,2.0,,True,False,False,phase_only,,Small molecule,MOL,0.9166667,90.38946988820771,True,,O=c1[nH]c(-c2ccccc2)nn1-c1ccc(CCN2CCOCC2)cc1,619,-9.56687450482858,docked,9DKB,-5.01749729528226,docked,7ALV,81.18538938662991,50.137835975189525,62.026188835286014,62.026188835286014,False
REP_08052,CHEMBL4650280,ASN007,Cc1cnc(NC2CCOCC2)nc1-n1cnc(C(=O)N[C@H](CN)c2cc(F)cc(Cl)c2)c1,PWHIUQBBGPGFFV-GOSISDBHSA-N,473.94,1.0,,True,False,False,phase_only,,Small molecule,MOL,1.0,98.35917778579156,True,,O=C(NCc1ccccc1)c1cn(-c2ccnc(NC3CCOCC3)n2)cn1,44,-9.56425931264475,docked,9DKB,-3.74303516241376,docked,7ALV,81.11647139903515,91.38525155065473,32.39145416953825,91.38525155065473,False
REP_08156,CHEMBL5095397,IMLUNESTRANT TOSYLATE,Cc1ccc([SH](=O)(O)O)cc1.Oc1ccc2c3c(cnc2c1)-c1ccc(C(F)(F)F)cc1O[C@@H]3c1ccc(OCCN2CC(CF)C2)cc1,HVGGLUMSKULLAV-LNLSOMNWSA-N,698.73,1.0,,True,False,False,phase_only,,Small molecule,MOL,1.0,98.35917778579156,True,,c1ccc2c(c1)OC(c1ccc(OCCN3CCC3)cc1)c1c-2cnc2ccccc12.c1ccccc1,241,-9.55700766676308,docked,9DKB,-5.94093105121686,docked,7ALV,81.04755341144039,91.38525155065473,81.80565127498276,91.38525155065473,False
REP_08260,CHEMBL6068519,ONO-2910,O=C(O)CCc1ccccc1OCCC/C=C/c1cccc(NS(=O)(=O)c2ccccc2)c1,MRQCTVFREAWOSE-XCVCLJGOSA-N,465.57,1.0,,True,False,False,phase_only,,Small molecule,MOL,0.9166667,90.38946988820771,True,,O=S(=O)(Nc1cccc(C=CCCCOc2ccccc2)c1)c1ccccc1,512,-9.556369659571,docked,9DKB,-5.45133453290169,docked,7ALV,80.97863542384562,50.137835975189525,72.22605099931081,72.22605099931081,False
REP_01193,CHEMBL5314487,SUZETRIGINE,COc1c([C@H]2[C@H](C(=O)Nc3ccnc(C(N)=O)c3)O[C@@](C)(C(F)(F)F)[C@H]2C)ccc(F)c1F,XSQUJFKRXZMOKA-PAFIKIDNSA-N,473.4,3.0,,True,False,False,phase_only,,Small molecule,MOL,0.9166666,85.41892054333454,True,,O=C(Nc1ccncc1)C1OCCC1c1ccccc1,1318,-9.55619714589644,docked,9DKB,-4.31148347249498,docked,7ALV,80.90971743625086,24.017918676774638,45.210199862164025,45.210199862164025,False
REP_04768,CHEMBL2110813,ENOLICAM,O=C(Nc1ccc(Cl)c(Cl)c1)C1=C(O)c2cc(Cl)ccc2S(=O)(=O)CC1,ANOGOQXCGBMIJV-UHFFFAOYSA-N,432.71,2.0,,True,False,False,phase_only,,Small molecule,MOL,0.9166667,90.38946988820771,True,,O=C(Nc1ccccc1)C1=Cc2ccccc2S(=O)(=O)CC1,516,-9.55430642995458,docked,9DKB,-3.77172381391923,docked,7ALV,80.8407994486561,50.137835975189525,32.87388008270159,50.137835975189525,False
REP_06514,CHEMBL4469414,LUVIXASERTIB,Cc1cc(-c2cnn3c(NC[C@H]4C[C@@](C)(O)C4)cc(Oc4cccnc4)nc23)ccc1C(=O)NC1CC1,PMQUGSPFUBGJCZ-CHOKWEPUSA-N,498.59,2.0,,True,False,False,phase_only,,Small molecule,MOL,0.9166666,85.41892054333454,True,,O=C(NC1CC1)c1ccc(-c2cnn3c(NCC4CCC4)cc(Oc4cccnc4)nc23)cc1,1315,-9.5520176686309,docked,9DKB,-6.66081753537765,docked,7ALV,80.77188146106134,24.017918676774638,91.52308752584425,91.52308752584425,False
REP_06144,CHEMBL3991932,PEXMETINIB,Cc1ccc(-n2nc(C(C)(C)C)cc2NC(=O)NCc2cc(F)ccc2Oc2ccc3c(cnn3CCO)c2)cc1,LNMRSSIMGCDUTP-UHFFFAOYSA-N,556.64,2.0,,True,False,False,phase_only,,Small molecule,MOL,0.96230507,96.70633489602116,True,,O=C(NCc1ccccc1Oc1ccc2[nH]ncc2c1)Nc1ccnn1-c1ccccc1,275,-9.54743537030773,docked,9DKB,-5.13574337301173,docked,7ALV,80.70296347346657,82.70158511371469,66.02343211578223,82.70158511371469,False
REP_07901,CHEMBL4212531,PF-06273340,CC(C)(CO)n1cc(C(=O)c2cncc(NC(=O)Cc3ccc(Cl)cn3)c2)c2cnc(N)nc21,BPIWZDNVMQQBQX-UHFFFAOYSA-N,479.93,1.0,,True,False,False,phase_only,,Small molecule,MOL,0.9166667,90.38946988820771,True,,O=C(Cc1ccccn1)Nc1cncc(C(=O)c2c[nH]c3ncncc23)c1,920,-9.54612169200682,docked,9DKB,-4.46113837028136,docked,7ALV,80.63404548587181,50.137835975189525,48.725017229496906,50.137835975189525,False
REP_05623,CHEMBL3360203,PILARALISIB,COc1ccc(Cl)c(Nc2nc3ccccc3nc2NS(=O)(=O)c2cccc(NC(=O)C(C)(C)N)c2)c1,QINPEPAQOBZPOF-UHFFFAOYSA-N,541.03,2.0,,True,False,False,phase_only,,Small molecule,MOL,0.9166667,90.38946988820771,True,,O=S(=O)(Nc1nc2ccccc2nc1Nc1ccccc1)c1ccccc1,694,-9.54573777940457,docked,9DKB,-6.3911371105823,docked,7ALV,80.56512749827705,50.137835975189525,88.00827015851137,88.00827015851137,False
REP_03811,CHEMBL2106058,CEFTIZOXIME ALAPIVOXIL,CO/N=C(\C(=O)N[C@@H]1C(=O)N2C(C(=O)OCOC(=O)C(C)(C)C)=CCS[C@H]12)c1csc(NC(=O)[C@H](C)N)n1,VOPANQNVVCPHQR-IVVGYLHBSA-N,568.63,2.0,,True,False,False,phase_only,,Small molecule,MOL,0.61879104,81.95696598148817,True,,N=C(C(=O)NC1C(=O)N2C=CCSC12)c1cscn1,1502,-9.54369621362601,docked,9DKB,-7.22375090211397,docked,7ALV,80.49620951068228,5.651274982770503,95.10682288077189,95.10682288077189,False
REP_06410,CHEMBL4297616,OLINCIGUAT,NC(=O)[C@](O)(CNc1nc(-c2cc(-c3ccon3)n(Cc3ccccc3F)n2)ncc1F)C(F)(F)F,YWQFJNWMWZMXRW-HXUWFJFHSA-N,509.4,2.0,,True,False,False,phase_only,,Small molecule,MOL,0.9166667,90.38946988820771,True,,c1ccc(Cn2nc(-c3ncccn3)cc2-c2ccon2)cc1,897,-9.54363765357874,docked,9DKB,-6.46857461802613,docked,7ALV,80.42729152308753,50.137835975189525,89.0420399724328,89.0420399724328,False
REP_05461,CHEMBL3113734,UK-500001,Cc1ccc(O)c(C(=O)N[C@H]2CC[C@@H](NC(=O)c3cc(F)cnc3Oc3ccc(F)c(F)c3)CC2)c1,OHIUQAZROSYCMC-CALCHBBNSA-N,499.49,2.0,,True,False,False,phase_only,,Small molecule,MOL,1.0,98.35917778579156,True,,O=C(NC1CCC(NC(=O)c2cccnc2Oc2ccccc2)CC1)c1ccccc1,227,-9.54362873890343,docked,9DKB,-4.24697136426628,docked,7ALV,80.35837353549276,91.38525155065473,43.55616815988973,91.38525155065473,False
REP_05714,CHEMBL3545187,VERDINEXOR,O=C(/C=C\n1cnc(-c2cc(C(F)(F)F)cc(C(F)(F)F)c2)n1)NNc1ccccn1,OPAKEJZFFCECPN-XQRVVYSFSA-N,442.32,2.0,,True,False,False,phase_only,,Small molecule,MOL,0.63420486,82.07717273710783,True,,O=C(C=Cn1cnc(-c2ccccc2)n1)NNc1ccccn1,1492,-9.54313454564719,docked,9DKB,-10.0925811670811,docked,7ALV,80.289455547898,6.271536871123364,99.65541006202618,99.65541006202618,False
REP_08019,CHEMBL4594384,UMIFOXOLANER,O=C(CNC(=O)c1ccc(C2=NO[C@@](c3cc(Cl)c(F)c(C(F)(F)F)c3)(C(F)(F)F)C2)c2ccccc12)NCC(F)(F)F,TVYPNAKLSTUPJB-QHCPKHFHSA-N,643.87,1.0,,True,False,False,phase_only,,Small molecule,MOL,1.0,98.35917778579156,True,,c1ccc(C2CC(c3cccc4ccccc34)=NO2)cc1,97,-9.54202225542567,docked,9DKB,-3.68130945979058,docked,7ALV,80.22053756030324,91.38525155065473,31.28876636802206,91.38525155065473,False
REP_05722,CHEMBL3545233,PAVINETANT,CC[C@H](NC(=O)c1c(NS(C)(=O)=O)c(-c2ccccc2)nc2ccccc12)c1ccccc1,QYTBBBAHNIWFOD-NRFANRHFSA-N,459.57,2.0,,True,False,False,phase_only,,Small molecule,MOL,0.91666675,95.30592619305204,True,,O=C(NCc1ccccc1)c1cc(-c2ccccc2)nc2ccccc12,382,-9.5328566778555,docked,9DKB,-4.42821246712079,docked,7ALV,80.15161957270848,75.63749138525155,47.82908339076499,75.63749138525155,False
REP_04102,CHEMBL2106642,ACRIHELLIN,CC(C)=CC(=O)O[C@H]1CC[C@]2(C=O)[C@H]3CC[C@]4(C)[C@@H](c5ccc(=O)oc5)CC[C@]4(O)[C@@H]3CC[C@]2(O)C1,RIOSSPWEPWYRLD-SBQWKNPYSA-N,498.62,2.0,,True,False,False,phase_only,,Small molecule,MOL,0.91666675,95.30592619305204,True,,O=c1ccc(C2CCC3C2CCC2C4CCCCC4CCC23)co1,416,-9.53249271582476,docked,9DKB,-2.89734102100753,docked,7ALV,80.08270158511371,75.63749138525155,18.814610613370085,75.63749138525155,False
REP_00897,CHEMBL3786673,EDASALONEXENT,CC/C=C\C/C=C\C/C=C\C/C=C\C/C=C\C/C=C\CCC(=O)NCCNC(=O)c1ccccc1O,JQLBBYLGWHUHRW-KUBAVDMBSA-N,490.69,3.0,,True,False,False,phase_only,,Small molecule,MOL,0.9166666,85.41892054333454,True,,c1ccccc1,1265,-9.52878970295789,docked,9DKB,-5.70473825584475,docked,7ALV,80.01378359751895,24.017918676774638,78.01516195727085,78.01516195727085,False
REP_05816,CHEMBL3673096,JTT-251,CC(C)(O)CCOc1cc(-c2cnn(C(C)(C)C(N)=O)c2)c2c(c1)[C@@](O)(C(F)(F)F)c1ccccc1-2,KNPYQCPWTWANOG-RUZDIDTESA-N,503.52,2.0,,True,False,False,phase_only,,Small molecule,MOL,0.91666675,95.30592619305204,True,,c1ccc2c(c1)Cc1cccc(-c3cn[nH]c3)c1-2,445,-9.52318401870848,docked,9DKB,-3.90279289317772,docked,7ALV,79.9448656099242,75.63749138525155,35.7684355616816,75.63749138525155,False
REP_07291,CHEMBL6068020,LINUSTEDASTAT,C[C@]12CC[C@@H]3c4cccc(F)c4CC[C@H]3[C@@H]1[C@H](CCC(=O)Nc1ccc(F)cn1)C/C2=N/O,RMMVCLGAUPAFAI-QGKQEXNFSA-N,453.53,2.0,,True,False,False,phase_only,,Small molecule,MOL,0.9166667,90.38946988820771,True,,N=C1CC(CCC(=O)Nc2ccccn2)C2C1CCC1c3ccccc3CCC12,1068,-9.51744913464709,docked,9DKB,-5.75678498266459,docked,7ALV,79.87594762232942,50.137835975189525,78.98001378359751,78.98001378359751,False
REP_03101,CHEMBL2104743,GLIFLUMIDE,COc1ccc(F)cc1[C@H](C)NC(=O)Cc1ccc(S(=O)(=O)Nc2ncc(CC(C)C)cn2)cc1,CKOLETHYECDWSS-KRWDZBQOSA-N,500.6,2.0,,True,False,False,phase_only,,Small molecule,MOL,0.9166667,90.38946988820771,True,,O=C(Cc1ccc(S(=O)(=O)Nc2ncccn2)cc1)NCc1ccccc1,616,-9.51577368199664,docked,9DKB,-4.27759638009967,docked,7ALV,79.80702963473468,50.137835975189525,44.31426602343211,50.137835975189525,False
REP_06495,CHEMBL4438249,AMDIZALISIB,C[C@H](Nc1ncnc(N)c1C#N)c1cc2ncc(Cl)n2nc1-c1ccccc1,WKDBRCUUDXLTIM-NSHDSACASA-N,390.84,2.0,,True,False,False,phase_only,,Small molecule,MOL,0.91666675,95.30592619305204,True,,c1ccc(-c2nn3ccnc3cc2CNc2ccncn2)cc1,449,-9.51456018769173,docked,9DKB,-3.54449699211124,docked,7ALV,79.7381116471399,75.63749138525155,28.669882839421092,75.63749138525155,False
REP_00977,CHEMBL4297324,REMIMAZOLAM TOSYLATE,COC(=O)CC[C@@H]1N=C(c2ccccn2)c2cc(Br)ccc2-n2c(C)cnc21,CYHWMBVXXDIZNZ-KRWDZBQOSA-N,439.31,3.0,,True,False,False,phase_only,,Small molecule,MOL,0.72710735,82.81043394638779,True,,c1ccc(C2=NCc3nccn3-c3ccccc32)nc1,1431,-9.51077083043178,docked,9DKB,-3.52363002800153,docked,7ALV,79.66919365954514,10.130944176430049,28.18745692625775,28.18745692625775,False
REP_05948,CHEMBL3975522,EBOPIPRANT,CC(C)[C@H](N)C(=O)OCC[C@H](NC(=O)[C@@H]1SCCN1S(=O)(=O)c1ccc(-c2ccccc2)cc1)c1ccc(F)cc1,UUIBKACUTXYSAK-YCVJPRETSA-N,599.75,2.0,,True,False,False,phase_only,,Small molecule,MOL,0.9166667,90.38946988820771,True,,O=C(NCc1ccccc1)C1SCCN1S(=O)(=O)c1ccc(-c2ccccc2)cc1,640,-9.5096156968413,docked,9DKB,-5.06253139414872,docked,7ALV,79.60027567195039,50.137835975189525,63.88697450034459,63.88697450034459,False
REP_05650,CHEMBL3422109,AVANBULIN,N#CCCNc1nonc1-c1nc2ccccc2n1CC(=O)c1ccc(N)cc1,LSFOZQQVTWFMNS-UHFFFAOYSA-N,387.4,2.0,,True,False,False,phase_only,,Small molecule,MOL,0.9166667,90.38946988820771,True,,O=C(Cn1c(-c2cnon2)nc2ccccc21)c1ccccc1,665,-9.50891246568538,docked,9DKB,-7.72339952430444,docked,7ALV,79.53135768435561,50.137835975189525,97.17436250861475,97.17436250861475,False
REP_01145,CHEMBL5077861,OPNURASIB,C=CC(=O)N1CC2(CC(n3nc(-c4ccc5c(cnn5C)c4)c(-c4c(Cl)c(C)cc5[nH]ncc45)c3C)C2)C1,AZUYLZMQTIKGSC-UHFFFAOYSA-N,526.04,3.0,,True,False,False,phase_only,,Small molecule,MOL,0.91666675,95.30592619305204,True,,c1cc(-c2cn(C3CC4(CNC4)C3)nc2-c2ccc3[nH]ncc3c2)c2cn[nH]c2c1,281,-9.5076726207412,docked,9DKB,-1.88638126330189,docked,7ALV,79.46243969676085,75.63749138525155,9.372846312887662,75.63749138525155,False
REP_04297,CHEMBL2107020,ORNOPROSTIL,CCCC[C@H](C)C[C@H](O)/C=C/[C@H]1[C@H](O)CC(=O)[C@@H]1CC(=O)CCCCC(=O)OC,BBRBUTFBTUFFBU-LHACABTQSA-N,410.55,2.0,,True,False,False,phase_only,,Small molecule,MOL,0.9166667,90.38946988820771,True,,O=C1CCCC1,583,-9.50566205192409,docked,9DKB,-4.47724676020649,docked,7ALV,79.3935217091661,50.137835975189525,49.13852515506547,50.137835975189525,False
REP_07088,CHEMBL5314536,POZDEUTINURAD,[2H]c1c([2H])c([2H])c2c(C(=O)c3cc(Br)c(O)c(Br)c3)c(C(C)O)oc2c1[2H],ZYHWDBVIUWBPCO-QFFDRWTDSA-N,444.11,2.0,,True,False,False,phase_only,,Small molecule,MOL,0.91666675,95.30592619305204,True,,O=C(c1ccccc1)c1coc2ccccc12,435,-9.50186812726125,docked,9DKB,-4.53845009269242,docked,7ALV,79.32460372157134,75.63749138525155,50.99931082012405,75.63749138525155,False
REP_05047,CHEMBL224006,POZTINURAD,CC(O)c1oc2ccccc2c1C(=O)c1cc(Br)c(O)c(Br)c1,ZYHWDBVIUWBPCO-UHFFFAOYSA-N,440.09,2.0,,True,False,False,phase_only,,Small molecule,MOL,0.9166667,90.38946988820771,True,,O=C(c1ccccc1)c1coc2ccccc12,1016,-9.49966941934289,docked,9DKB,-4.77394516424855,docked,7ALV,79.25568573397656,50.137835975189525,56.99517574086836,56.99517574086836,False
REP_06401,CHEMBL4297582,TEFINOSTAT,O=C(CCCCCCC(=O)Nc1ccc(CN[C@H](C(=O)OC2CCCC2)c2ccccc2)cc1)NO,GLNWREBYRLDPQP-MHZLTWQESA-N,495.62,2.0,,True,False,False,phase_only,,Small molecule,MOL,0.91666675,95.30592619305204,True,,O=C(OC1CCCC1)C(NCc1ccccc1)c1ccccc1,355,-9.49227931149894,docked,9DKB,-3.85745769000959,docked,7ALV,79.1867677463818,75.63749138525155,34.73466574776016,75.63749138525155,False
REP_06094,CHEMBL3989818,DOCONAZOLE,Clc1ccc(C2(Cn3ccnc3)OCC(COc3ccc(-c4ccccc4)cc3)O2)c(Cl)c1,GNZHVEIGGFMLSP-UHFFFAOYSA-N,481.38,2.0,,True,False,False,phase_only,,Small molecule,MOL,0.9166667,90.38946988820771,True,,c1ccc(-c2ccc(OCC3COC(Cn4ccnc4)(c4ccccc4)O3)cc2)cc1,708,-9.4880786669168,docked,9DKB,-6.83659114154628,docked,7ALV,79.11784975878705,50.137835975189525,93.03928325292901,93.03928325292901,False
REP_00428,CHEMBL1186894,AMRUBICIN,CC(=O)[C@]1(N)Cc2c(O)c3c(c(O)c2[C@@H](O[C@H]2C[C@H](O)[C@H](O)CO2)C1)C(=O)c1ccccc1C3=O,VJZITPJGSQKZMX-XDPRQOKASA-N,483.47,3.0,,True,False,False,phase_only,,Small molecule,MOL,0.9166667,90.38946988820771,True,,O=C1c2ccccc2C(=O)c2cc3c(cc21)CCCC3OC1CCCCO1,750,-9.4812791564983,docked,9DKB,-5.89505616956954,docked,7ALV,79.04893177119227,50.137835975189525,80.97863542384562,80.97863542384562,False
REP_06879,CHEMBL5095106,MASOFANITEN,CC(C)(c1ccc(OCc2ccnc(NS(C)(=O)=O)n2)cc1)c1cc(Cl)c(OCCCl)c(C#N)c1,GVCZSODXLFBYSS-UHFFFAOYSA-N,535.45,2.0,,True,False,False,phase_only,,Small molecule,MOL,0.91666675,95.30592619305204,True,,c1ccc(Cc2ccc(OCc3ccncn3)cc2)cc1,400,-9.47225365172042,docked,9DKB,-4.26034283521876,docked,7ALV,78.98001378359751,75.63749138525155,43.900758097863545,75.63749138525155,False
REP_06756,CHEMBL483321,CP-724714,COCC(=O)NC/C=C/c1ccc2ncnc(Nc3ccc(Oc4ccc(C)nc4)c(C)c3)c2c1,LLVZBTWPGQVVLW-SNAWJCMRSA-N,469.55,2.0,,True,False,False,phase_only,,Small molecule,MOL,0.9166667,90.38946988820771,True,,c1cncc(Oc2ccc(Nc3ncnc4ccccc34)cc2)c1,961,-9.47065780810289,docked,9DKB,-5.71541931831932,docked,7ALV,78.91109579600275,50.137835975189525,78.35975189524466,78.35975189524466,False
REP_06714,CHEMBL476186,ERIBAXABAN,CO[C@@H]1C[C@H](C(=O)Nc2ccc(-n3ccccc3=O)cc2F)N(C(=O)Nc2ccc(Cl)cc2)C1,QQBKAVAGLMGMHI-WIYYLYMNSA-N,484.92,2.0,,True,False,False,phase_only,,Small molecule,MOL,0.9166667,90.38946988820771,True,,O=C(Nc1ccc(-n2ccccc2=O)cc1)C1CCCN1C(=O)Nc1ccccc1,1056,-9.46821135586681,docked,9DKB,-2.92776621265678,docked,7ALV,78.842177808408,50.137835975189525,19.50379048931771,50.137835975189525,False
REP_05543,CHEMBL3234035,PRS-211375,CCCCCCC(C)(C)c1cc(O)c([C@H]2CC(=O)[C@H]3C[C@@H]2C3(C)C)c(OC(=O)/C=C/C(=O)O)c1,GSTZHANFXAKPSE-MXTREEOPSA-N,470.61,2.0,,True,False,False,phase_only,,Small molecule,MOL,0.9166666,85.41892054333454,True,,O=C1CC(c2ccccc2)C2CC1C2,1218,-9.46767270092607,docked,9DKB,-5.06354306673022,docked,7ALV,78.77325982081324,24.017918676774638,63.95589248793936,63.95589248793936,False
REP_01056,CHEMBL452076,CILNIDIPINE,COCCOC(=O)C1=C(C)NC(C)=C(C(=O)OC/C=C/c2ccccc2)C1c1cccc([N+](=O)[O-])c1,KJEBULYHNRNJTE-DHZHZOJOSA-N,492.53,3.0,,True,False,False,phase_only,,Small molecule,MOL,0.91666675,95.30592619305204,True,,O=C(OCC=Cc1ccccc1)C1=CNC=CC1c1ccccc1,456,-9.46306025511343,docked,9DKB,-4.6164492609821,docked,7ALV,78.70434183321848,75.63749138525155,52.72226050999311,75.63749138525155,False
REP_05207,CHEMBL270515,DELANZOMIB,CC(C)C[C@H](NC(=O)[C@@H](NC(=O)c1cccc(-c2ccccc2)n1)[C@@H](C)O)B(O)O,SJFBTAPEPRWNKH-CCKFTAQKSA-N,413.28,2.0,,True,False,False,phase_only,,Small molecule,MOL,0.91666675,95.30592619305204,True,,c1ccc(-c2ccccn2)cc1,364,-9.46305551321663,docked,9DKB,-7.38135153956564,docked,7ALV,78.6354238456237,75.63749138525155,95.7960027567195,95.7960027567195,False
REP_07607,CHEMBL1614725,TAK-285,CC(C)(O)CC(=O)NCCn1ccc2ncnc(Nc3ccc(Oc4cccc(C(F)(F)F)c4)c(Cl)c3)c21,ZYQXEVJIFYIBHZ-UHFFFAOYSA-N,547.97,1.0,,True,False,False,phase_only,,Small molecule,MOL,0.9166666,85.41892054333454,True,,c1ccc(Oc2ccc(Nc3ncnc4cc[nH]c34)cc2)cc1,1175,-9.46296369864572,docked,9DKB,-7.95080891094495,docked,7ALV,78.56650585802895,24.017918676774638,97.72570640937285,97.72570640937285,False
REP_06192,CHEMBL4116269,ORC-13661,CN1[C@H]2CC[C@@H]1c1c(sc(NC(=O)Nc3ccc(Cl)cc3)c1C(N)=O)C2,DAHGONXBHYVOPI-NWDGAFQWSA-N,390.9,2.0,,True,False,False,phase_only,,Small molecule,MOL,0.9166666,85.41892054333454,True,,O=C(Nc1ccccc1)Nc1cc2c(s1)CC1CCC2N1,1119,-9.45481280065582,docked,9DKB,-4.44506655846196,docked,7ALV,78.49758787043419,24.017918676774638,48.311509303928325,48.311509303928325,False
REP_05771,CHEMBL3590674,ABT-639,O=C(c1cc(S(=O)(=O)Nc2ccccc2F)c(F)cc1Cl)N1CCN2CCC[C@@H]2C1,AGPIHNZOZNKRGT-CYBMUJFWSA-N,455.91,2.0,,True,False,False,phase_only,,Small molecule,MOL,0.9166667,90.38946988820771,True,,O=C(c1cccc(S(=O)(=O)Nc2ccccc2)c1)N1CCN2CCCC2C1,652,-9.45455883121768,docked,9DKB,-3.3476446988536,docked,7ALV,78.42866988283942,50.137835975189525,25.29290144727774,50.137835975189525,False
REP_01461,CHEMBL1197091,HALOFUGINONE,O=C(CC1NCCCC1O)Cn1cnc2cc(Br)c(Cl)cc2c1=O,LVASCWIMLIKXLA-UHFFFAOYSA-N,414.69,2.0,,True,False,False,phase_only,,Small molecule,MOL,0.9166667,90.38946988820771,True,,O=C(CC1CCCCN1)Cn1cnc2ccccc2c1=O,712,-9.45178165070088,docked,9DKB,-7.6687996670671,docked,7ALV,78.35975189524466,50.137835975189525,96.96760854583046,96.96760854583046,False
REP_08002,CHEMBL4521078,PLX-51107,Cc1noc(C)c1-c1cnc2c(-c3ccc(C(=O)O)cc3)cn([C@@H](C)c3ccccn3)c2c1,AMSUHYUVOVCWTP-INIZCTEOSA-N,438.49,1.0,,True,False,False,phase_only,,Small molecule,MOL,0.9166667,90.38946988820771,True,,c1ccc(-c2cn(Cc3ccccn3)c3cc(-c4cnoc4)cnc23)cc1,950,-9.45103719178712,docked,9DKB,-3.13070829568053,docked,7ALV,78.2908339076499,50.137835975189525,22.39834596829773,50.137835975189525,False
REP_01188,CHEMBL5314428,ZANZALINTINIB,CNC(=O)c1cc2c(Oc3ccc(NC(=O)C4(C(=O)Nc5ccc(F)cc5)CC4)cc3)ccnc2cc1OC,JSPCKALGNNVYOO-UHFFFAOYSA-N,528.54,3.0,,True,False,False,phase_only,,Small molecule,MOL,0.9166667,90.38946988820771,True,,O=C(Nc1ccccc1)C1(C(=O)Nc2ccc(Oc3ccnc4ccccc34)cc2)CC1,971,-9.45074929467909,docked,9DKB,-5.13127479781774,docked,7ALV,78.22191592005514,50.137835975189525,65.81667815299794,65.81667815299794,False
REP_08009,CHEMBL456237,LXR-623,Fc1ccc(-c2c3cccc(C(F)(F)F)c3nn2Cc2ccc(F)cc2Cl)cc1,KYWWJENKIMRJBI-UHFFFAOYSA-N,422.78,1.0,,True,False,False,phase_only,,Small molecule,MOL,0.54924315,81.35593220338984,True,,c1ccc(Cn2nc3ccccc3c2-c2ccccc2)cc1,1552,-9.44621585701404,docked,9DKB,-4.81570947660037,docked,7ALV,78.15299793246038,2.2742935906271535,57.82219159200551,57.82219159200551,False
REP_06181,CHEMBL4088896,LY2623091,C[C@H](CN1CCOCC1)n1/c(=N\C(N)=O)[nH]c2cc(/C=C3\c4ccccc4COc4cc(F)ccc43)ccc21,YPCLDHGBEKZGEB-RUDKWAFVSA-N,527.6,2.0,,True,False,False,phase_only,,Small molecule,MOL,1.0,98.35917778579156,True,,N=c1[nH]c2cc(C=C3c4ccccc4COc4ccccc43)ccc2n1CCN1CCOCC1,196,-9.44605479718101,docked,9DKB,-4.20443418774658,docked,7ALV,78.0840799448656,91.38525155065473,42.17780840799449,91.38525155065473,False
REP_06188,CHEMBL4101487,GALICAFTOR,O=C(O)c1ccc([C@H]2C[C@@H](NC(=O)C3(c4ccc5c(c4)OC(F)(F)O5)CC3)c3ccc(OC(F)F)cc3O2)cc1,QVDYQHXNAQHIKH-TZIWHRDSSA-N,559.47,2.0,,True,False,False,phase_only,,Small molecule,MOL,1.0,98.35917778579156,True,,O=C(NC1CC(c2ccccc2)Oc2ccccc21)C1(c2ccc3c(c2)OCO3)CC1,144,-9.44128399911422,docked,9DKB,-2.58864857681855,docked,7ALV,78.01516195727085,91.38525155065473,14.88628532046864,91.38525155065473,False
REP_03103,CHEMBL2104745,PAGOCLONE,CC(C)CCC(=O)CC1c2ccccc2C(=O)N1c1ccc2ccc(Cl)nc2n1,HIUPRQPBWVEQJJ-UHFFFAOYSA-N,407.9,2.0,,True,False,False,phase_only,,Small molecule,MOL,0.9166666,85.41892054333454,True,,O=C1c2ccccc2CN1c1ccc2cccnc2n1,1157,-9.44035534926847,docked,9DKB,-5.00643497113457,docked,7ALV,77.94624396967609,24.017918676774638,61.54376292212267,61.54376292212267,False
REP_04950,CHEMBL2111180,PICOPHOSPHORIC ACID,O=P(O)(O)Oc1ccc(C(c2ccc(OP(=O)(O)O)cc2)c2ccccn2)cc1,UDOXKBJCUVONJD-UHFFFAOYSA-N,437.28,2.0,,True,False,False,phase_only,,Small molecule,MOL,0.63845503,82.1252554393557,True,,c1ccc(C(c2ccccc2)c2ccccn2)cc1,1488,-9.43112705252937,docked,9DKB,-4.72947700466675,docked,7ALV,77.87732598208133,6.47829083390765,55.82356995175741,55.82356995175741,False
REP_06620,CHEMBL460702,BMS-777607,CCOc1ccn(-c2ccc(F)cc2)c(=O)c1C(=O)Nc1ccc(Oc2ccnc(N)c2Cl)c(F)c1,VNBRGSXVFBYQNN-UHFFFAOYSA-N,512.9,2.0,,True,False,False,phase_only,,Small molecule,MOL,0.9166667,90.38946988820771,True,,O=C(Nc1ccc(Oc2ccncc2)cc1)c1cccn(-c2ccccc2)c1=O,540,-9.42988365493336,docked,9DKB,-5.44182156437155,docked,7ALV,77.80840799448656,50.137835975189525,71.81254307374225,71.81254307374225,False
REP_05846,CHEMBL3707347,VERINURAD,CC(C)(Sc1ccncc1-c1ccc(C#N)c2ccccc12)C(=O)O,YYBOLPLTQDKXPM-UHFFFAOYSA-N,348.43,2.0,,True,False,False,benchmark_forced,URAT1_POS_03,Small molecule,MOL,0.9166667,90.38946988820771,True,,c1cncc(-c2cccc3ccccc23)c1,595,-9.41581009192508,docked,9DKB,-8.15963822048775,docked,7ALV,77.7394900068918,50.137835975189525,97.86354238456238,97.86354238456238,False
REP_05830,CHEMBL3694493,VIPOGLANSTAT,Cn1c(Nc2c(Cl)ccc(CNC(=O)C(C)(C)C)c2Cl)nc2cc(C(=O)N[C@H]3CC[C@H](C(F)(F)F)CC3)c(OCC(F)F)cc21,PFORUFFGGNOLPJ-QAQDUYKDSA-N,678.53,2.0,,True,False,False,phase_only,,Small molecule,MOL,0.91666675,95.30592619305204,True,,O=C(NC1CCCCC1)c1ccc2[nH]c(Nc3ccccc3)nc2c1,447,-9.40982163826777,docked,9DKB,-5.61091063902215,docked,7ALV,77.67057201929704,75.63749138525155,76.15437629221226,76.15437629221226,False
REP_04957,CHEMBL2142592,TALADEGIB,CN(C(=O)c1ccc(F)cc1C(F)(F)F)C1CCN(c2nnc(-c3ccnn3C)c3ccccc23)CC1,SZBGQDXLNMELTB-UHFFFAOYSA-N,512.51,2.0,,True,False,False,phase_only,,Small molecule,MOL,0.9166667,90.38946988820771,True,,O=C(NC1CCN(c2nnc(-c3ccn[nH]3)c3ccccc23)CC1)c1ccccc1,1013,-9.40699648656644,docked,9DKB,-3.76467468212923,docked,7ALV,77.60165403170227,50.137835975189525,32.736044107512065,50.137835975189525,False
REP_00690,CHEMBL2107456,LIMAPROST,CCCC[C@H](C)C[C@H](O)/C=C/[C@H]1[C@H](O)CC(=O)[C@@H]1CCCC/C=C/C(=O)O,OJZYRQPMEIEQFC-UAWLTFRCSA-N,380.53,3.0,,True,False,False,phase_only,,Small molecule,MOL,0.9166666,85.41892054333454,True,,O=C1CCCC1,1225,-9.40410712185753,docked,9DKB,-5.41339956994902,docked,7ALV,77.53273604410751,24.017918676774638,71.33011716057891,71.33011716057891,False
REP_03063,CHEMBL2104694,ACEFLURANOL,CCC(c1cc(F)c(OC(C)=O)c(OC(C)=O)c1)C(C)c1cc(F)c(OC(C)=O)c(OC(C)=O)c1,WSTGQGOLZDAWND-UHFFFAOYSA-N,492.47,2.0,,True,False,False,phase_only,,Small molecule,MOL,0.9166667,90.38946988820771,True,,c1ccc(CCc2ccccc2)cc1,604,-9.39610794387621,docked,9DKB,-5.13803874769708,docked,7ALV,77.46381805651275,50.137835975189525,66.09235010337697,66.09235010337697,False
REP_08033,CHEMBL4594432,LY-3200882,CC(C)(O)c1cc(Nc2cc(Oc3cn(C4CC4)nc3C3CCOCC3)ccn2)ccn1,PNPFMWIDAKQFPY-UHFFFAOYSA-N,435.53,1.0,,True,False,False,phase_only,,Small molecule,MOL,1.0,98.35917778579156,True,,c1cc(Nc2cc(Oc3cn(C4CC4)nc3C3CCOCC3)ccn2)ccn1,53,-9.3960000179444,docked,9DKB,-3.26081518937184,docked,7ALV,77.39490006891798,91.38525155065473,24.05237767057202,91.38525155065473,False
REP_03999,CHEMBL2106432,LOCICORTOLONE DICIBATE,C[C@@H]1C[C@H]2[C@@H]3CCC4=CC(=O)C=C[C@]4(C)[C@@]3(Cl)[C@@H](Cl)C[C@]2(C)[C@H]1C(=O)COC(=O)OC(C1CCCCC1)C1CCCCC1,YHKWQBFYBUXNDL-MCCAODLFSA-N,633.7,2.0,,True,False,False,phase_only,,Small molecule,MOL,0.73960483,82.89457867532155,True,,O=C1C=CC2C(=C1)CCC1C2CCC2C(C(=O)COC(=O)OC(C3CCCCC3)C3CCCCC3)CCC21,1424,-9.39438562433663,docked,9DKB,-4.24976968943787,docked,7ALV,77.32598208132322,10.613370089593383,43.694004135079254,43.694004135079254,False
REP_01372,CHEMBL11417,STREPTONIGRIN,COC1=C(N)C(=O)c2nc(-c3nc(C(=O)O)c(C)c(-c4ccc(OC)c(OC)c4O)c3N)ccc2C1=O,PVYJZLYGTZKPJE-UHFFFAOYSA-N,506.47,2.0,,True,False,False,phase_only,,Small molecule,MOL,1.0,98.35917778579156,True,,O=C1C=CC(=O)c2nc(-c3cc(-c4ccccc4)ccn3)ccc21,150,-9.38888159510464,docked,9DKB,-1.80683835255619,docked,7ALV,77.25706409372847,91.38525155065473,9.09717436250862,91.38525155065473,False
REP_07309,CHEMBL6068044,BOSMOLISIB,C[C@H](Nc1ncnc2[nH]ccc(=O)c12)c1c(Cl)c2cccc(Cl)c2c(=O)n1-c1ccccc1,HIXUFHUKIOTXLJ-ZDUSSCGKSA-N,478.34,2.0,,True,False,False,phase_only,,Small molecule,MOL,0.9166667,90.38946988820771,True,,O=c1cc[nH]c2ncnc(NCc3cc4ccccc4c(=O)n3-c3ccccc3)c12,602,-9.3876238245602,docked,9DKB,-3.35428974463793,docked,7ALV,77.1881461061337,50.137835975189525,25.56857339765679,50.137835975189525,False
REP_07320,CHEMBL6068060,MOCACICLIB,C=C(F)C(=O)Nc1ccc2c(-c3ccccc3CNc3nc(NC[C@H]4CCNC[C@@H]4O)nc4c(C(C)C)cnn34)nccc2c1,PDKSTEKFCWNJFC-LXFBAYGMSA-N,609.71,2.0,,True,False,False,phase_only,,Small molecule,MOL,1.0,98.35917778579156,True,,c1ccc(-c2nccc3ccccc23)c(CNc2nc(NCC3CCNCC3)nc3ccnn23)c1,235,-9.38442153703053,docked,9DKB,-6.5178914148617,docked,7ALV,77.11922811853894,91.38525155065473,89.73121984838043,91.38525155065473,False
REP_05922,CHEMBL3912251,ONO-8539,Cc1cc(C(=O)O)ccc1COc1cc2c(cc1N(CC(C)C)S(=O)(=O)c1nccs1)CCC2,ALLLQQUASFFEKP-UHFFFAOYSA-N,500.64,2.0,,True,False,False,phase_only,,Small molecule,MOL,1.0,98.35917778579156,True,,O=S(=O)(Nc1cc2c(cc1OCc1ccccc1)CCC2)c1nccs1,17,-9.38197491861862,docked,9DKB,-3.54711923682919,docked,7ALV,77.05031013094418,91.38525155065473,28.87663680220538,91.38525155065473,False
REP_01395,CHEMBL1164608,FLUAZURON,O=C(NC(=O)c1c(F)cccc1F)Nc1ccc(Cl)c(Oc2ncc(C(F)(F)F)cc2Cl)c1,YOWNVPAUWYHLQX-UHFFFAOYSA-N,506.21,2.0,,True,False,False,phase_only,,Small molecule,MOL,0.9166666,85.41892054333454,True,,O=C(NC(=O)c1ccccc1)Nc1cccc(Oc2ccccn2)c1,1279,-9.38090182970532,docked,9DKB,-5.55933393989424,docked,7ALV,76.98139214334941,24.017918676774638,74.84493452791179,74.84493452791179,False
REP_01341,CHEMBL1090090,VX-702,NC(=O)c1ccc(N(C(N)=O)c2c(F)cccc2F)nc1-c1ccc(F)cc1F,FYSRKRZDBHOFAY-UHFFFAOYSA-N,404.32,2.0,,True,False,False,phase_only,,Small molecule,MOL,1.0,98.35917778579156,True,,c1ccc(Nc2cccc(-c3ccccc3)n2)cc1,156,-9.3776002366166,docked,9DKB,-3.66953253176664,docked,7ALV,76.91247415575465,91.38525155065473,31.15093039283253,91.38525155065473,False
REP_07832,CHEMBL3639728,PLX-5622,COc1ncc(F)cc1CNc1ccc(Cc2c[nH]c3ncc(C)cc23)c(F)n1,NSMOZFXKTHCPTQ-UHFFFAOYSA-N,395.41,1.0,,True,False,False,phase_only,,Small molecule,MOL,0.9166667,90.38946988820771,True,,c1cncc(CNc2ccc(Cc3c[nH]c4ncccc34)cn2)c1,794,-9.37510462246021,docked,9DKB,-4.69501213655195,docked,7ALV,76.84355616815989,50.137835975189525,55.13439007580978,55.13439007580978,False
REP_00951,CHEMBL415049,BARASERTIB,CCN(CCCOc1ccc2c(Nc3cc(CC(=O)Nc4cccc(F)c4)[nH]n3)ncnc2c1)CCOP(=O)(O)O,GBJVVSCPOBPEIT-UHFFFAOYSA-N,587.55,3.0,,True,False,False,phase_only,,Small molecule,MOL,1.0,98.35917778579156,True,,O=C(Cc1cc(Nc2ncnc3ccccc23)n[nH]1)Nc1ccccc1,87,-9.37375271920039,docked,9DKB,-6.056612922509,docked,7ALV,76.77463818056512,91.38525155065473,83.66643694004135,91.38525155065473,False
REP_03855,CHEMBL2106146,FENDOSAL,O=C(O)c1cc(-n2c(-c3ccccc3)cc3c2CCc2ccccc2-3)ccc1O,HAWWPSYXSLJRBO-UHFFFAOYSA-N,381.43,2.0,,True,False,False,phase_only,,Small molecule,MOL,0.82951313,83.55571583122972,True,,c1ccc(-c2cc3c(n2-c2ccccc2)CCc2ccccc2-3)cc1,1369,-9.37322371838348,docked,9DKB,-6.40352963780645,docked,7ALV,76.70572019297036,14.128187456926259,88.35286009648519,88.35286009648519,False
REP_07969,CHEMBL4297542,GSK-2018682,CC(C)Oc1ncc(-c2nc(-c3cccc4c3ccn4CCCC(=O)O)no2)cc1Cl,NFIGDBFIDKDNIG-UHFFFAOYSA-N,440.89,1.0,,True,False,False,phase_only,,Small molecule,MOL,0.91666675,95.30592619305204,True,,c1cncc(-c2nc(-c3cccc4[nH]ccc34)no2)c1,369,-9.37104688136876,docked,9DKB,-3.82661719903996,docked,7ALV,76.6368022053756,75.63749138525155,34.25223983459683,75.63749138525155,False
REP_02494,CHEMBL206335,RAZAXABAN,CN(C)Cc1nccn1-c1ccc(NC(=O)c2cc(C(F)(F)F)nn2-c2ccc3onc(N)c3c2)c(F)c1,OFJRNBWSFXEHSA-UHFFFAOYSA-N,528.47,2.0,,True,False,False,phase_only,,Small molecule,MOL,1.0,98.35917778579156,True,,O=C(Nc1ccc(-n2ccnc2)cc1)c1ccnn1-c1ccc2oncc2c1,239,-9.36512800393203,docked,9DKB,-4.0929527368497,docked,7ALV,76.56788421778084,91.38525155065473,39.765678842177806,91.38525155065473,False
REP_04376,CHEMBL2107162,PIFLUTIXOL,OCCC1CCN(CC/C=C2/c3ccc(F)cc3Sc3ccc(C(F)(F)F)cc32)CC1,CCUOZZURYIZOKX-UYKKPYKBSA-N,451.53,2.0,,True,False,False,phase_only,,Small molecule,MOL,1.0,98.35917778579156,True,,C(CCN1CCCCC1)=C1c2ccccc2Sc2ccccc21,13,-9.35978107809482,docked,9DKB,-3.50172439102703,docked,7ALV,76.49896623018608,91.38525155065473,27.498277050310126,91.38525155065473,False
REP_08168,CHEMBL5314386,ME-344,Cc1c(O)ccc2c1OC[C@@H](c1ccc(O)cc1)[C@H]2c1ccc(O)cc1,QVCAATSEPLQVBX-FPOVZHCZSA-N,348.4,1.0,,True,False,False,phase_only,,Small molecule,MOL,0.9166666,85.41892054333454,True,,c1ccc(C2COc3ccccc3C2c2ccccc2)cc1,1297,-9.34897750704986,docked,9DKB,-4.23225434230317,docked,7ALV,76.43004824259133,24.017918676774638,43.14266023432116,43.14266023432116,False
REP_05620,CHEMBL3354637,NIZUBAGLUSTAT,OC[C@H]1[C@@H](O)[C@H](O)[C@@H](O)CN1CCCCCOCc1ccc(-c2ccccc2)c(F)c1,IRIRASPSMMWZOM-CJRSTVEYSA-N,433.52,2.0,,True,False,False,phase_only,,Small molecule,MOL,0.71026653,82.69022719076811,True,,c1ccc(-c2ccc(COCCCCCN3CCCCC3)cc2)cc1,1441,-9.34875523589226,docked,9DKB,-3.50825427813337,docked,7ALV,76.36113025499655,9.510682288077188,27.77394900068918,27.77394900068918,False
REP_06893,CHEMBL5095187,LINAPRAZAN GLURATE,Cc1cccc(C)c1CNc1cc(C(=O)NCCOC(=O)CCCC(=O)O)cn2c(C)c(C)nc12,GPHPBXRKAJSSIC-UHFFFAOYSA-N,480.57,2.0,,True,False,False,phase_only,,Small molecule,MOL,0.9166667,90.38946988820771,True,,c1ccc(CNc2cccn3ccnc23)cc1,834,-9.34790267752148,docked,9DKB,-5.06195822140064,docked,7ALV,76.2922122674018,50.137835975189525,63.818056512749834,63.818056512749834,False
REP_07899,CHEMBL4205422,MK-0752,O=C(O)CC[C@H]1CC[C@@](c2cc(F)ccc2F)(S(=O)(=O)c2ccc(Cl)cc2)CC1,XCGJIFAKUZNNOR-QCKZDCLWSA-N,442.91,1.0,,True,False,False,phase_only,,Small molecule,MOL,0.9166667,90.38946988820771,True,,O=S(=O)(c1ccccc1)C1(c2ccccc2)CCCCC1,910,-9.34537450885281,docked,9DKB,0.139269007064979,docked,7ALV,76.22329427980704,50.137835975189525,2.4121295658166786,50.137835975189525,False
REP_07791,CHEMBL3356433,LX-7101,Cc1c[nH]c2ncnc(N3CCC(CN)(C(=O)Nc4cccc(OC(=O)N(C)C)c4)CC3)c12,PWPNYABQEOGNNC-UHFFFAOYSA-N,451.53,1.0,,True,False,False,phase_only,,Small molecule,MOL,1.0,98.35917778579156,True,,O=C(Nc1ccccc1)C1CCN(c2ncnc3[nH]ccc23)CC1,225,-9.34155637878697,docked,9DKB,-5.02082664554417,docked,7ALV,76.15437629221226,91.38525155065473,62.16402481047554,91.38525155065473,False
REP_02450,CHEMBL2007884,AFP-464 FREE BASE,Cc1c(F)c(N)c2c(=O)cc(-c3ccc(NC(=O)[C@@H](N)CCCCN)c(F)c3)oc2c1F,WHWJKUICJXPKFQ-ZDUSSCGKSA-N,448.45,2.0,,True,False,False,phase_only,,Small molecule,MOL,0.91666675,95.30592619305204,True,,O=c1cc(-c2ccccc2)oc2ccccc12,293,-9.33924883642863,docked,9DKB,-2.63294423785756,docked,7ALV,76.0854583046175,75.63749138525155,15.368711233631982,75.63749138525155,False
REP_05952,CHEMBL3982690,ALOBRESIB,Cc1noc(C)c1-c1cc(C(O)(c2ccccn2)c2ccccn2)c2nc(C3CC3)[nH]c2c1,CMSUJGUHYXQSOK-UHFFFAOYSA-N,437.5,2.0,,True,False,False,phase_only,,Small molecule,MOL,1.0,98.35917778579156,True,,c1ccc(C(c2ccccn2)c2cc(-c3cnoc3)cc3[nH]c(C4CC4)nc23)nc1,76,-9.33923304204995,docked,9DKB,-3.61368713711119,docked,7ALV,76.01654031702274,91.38525155065473,30.323914541695384,91.38525155065473,False
REP_01491,CHEMBL1208829,ITX-5061 FREE BASE,COc1c(NC(=O)C(=O)c2ccc(OCCN3CCOCC3)c3ccccc23)cc(C(C)(C)C)cc1NS(C)(=O)=O,UUROSJLZNDSXRF-UHFFFAOYSA-N,583.71,2.0,,True,False,False,phase_only,,Small molecule,MOL,0.9166667,90.38946988820771,True,,O=C(Nc1ccccc1)C(=O)c1ccc(OCCN2CCOCC2)c2ccccc12,555,-9.33717285007883,docked,9DKB,-4.82561141416609,docked,7ALV,75.94762232942797,50.137835975189525,58.16678152997932,58.16678152997932,False
REP_02721,CHEMBL2104172,CEFETRIZOLE,O=C(Cc1cccs1)N[C@@H]1C(=O)N2C(C(=O)O)=C(CSc3nc[nH]n3)CS[C@H]12,UQWYUAURRDNBKR-BXUZGUMPSA-N,437.53,2.0,,True,False,False,phase_only,,Small molecule,MOL,0.91666675,95.30592619305204,True,,O=C(Cc1cccs1)NC1C(=O)N2C=C(CSc3nc[nH]n3)CSC12,315,-9.33441100533922,docked,9DKB,-7.09359465166915,docked,7ALV,75.87870434183321,75.63749138525155,93.93521709166093,93.93521709166093,False
REP_07894,CHEMBL412142,LADUVIGLUSIB,Cc1cnc(-c2cnc(NCCNc3ccc(C#N)cn3)nc2-c2ccc(Cl)cc2Cl)[nH]1,AQGNHMOJWBZFQQ-UHFFFAOYSA-N,465.35,1.0,,True,False,False,phase_only,,Small molecule,MOL,1.0,98.35917778579156,True,,c1ccc(-c2nc(NCCNc3ccccn3)ncc2-c2ncc[nH]2)cc1,88,-9.32438753383214,docked,9DKB,-5.01806698444905,docked,7ALV,75.80978635423845,91.38525155065473,62.09510682288077,91.38525155065473,False
REP_05095,CHEMBL2364610,FLURALANER,Cc1cc(C2=NOC(c3cc(Cl)cc(Cl)c3)(C(F)(F)F)C2)ccc1C(=O)NCC(=O)NCC(F)(F)F,MLBZKOGAMRTSKP-UHFFFAOYSA-N,556.29,2.0,,True,False,False,phase_only,,Small molecule,MOL,1.0,98.35917778579156,True,,c1ccc(C2=NOC(c3ccccc3)C2)cc1,52,-9.31991988712089,docked,9DKB,-4.61224289052554,docked,7ALV,75.74086836664368,91.38525155065473,52.30875258442453,91.38525155065473,False
REP_00432,CHEMBL1200667,ENCLOMIPHENE CITRATE,CCN(CC)CCOc1ccc(/C(=C(/Cl)c2ccccc2)c2ccccc2)cc1.O=C(O)CC(O)(CC(=O)O)C(=O)O,PYTMYKVIJXPNBD-BTKVJIOYSA-N,598.09,3.0,,True,False,False,phase_only,,Small molecule,MOL,0.9166667,90.38946988820771,True,,C(=C(c1ccccc1)c1ccccc1)c1ccccc1,752,-9.31314520869097,docked,9DKB,-1.33685569575432,docked,7ALV,75.67195037904894,50.137835975189525,6.478290833907652,50.137835975189525,False
REP_00851,CHEMBL3544983,TESEVATINIB,COc1cc2c(Nc3ccc(Cl)c(Cl)c3F)ncnc2cc1OC[C@@H]1C[C@@H]2CN(C)C[C@@H]2C1,HVXKQKFEHMGHSL-QKDCVEJESA-N,491.39,3.0,,True,False,False,phase_only,,Small molecule,MOL,0.5285022,81.1155186921505,True,,c1ccc(Nc2ncnc3cc(OCC4CC5CNCC5C4)ccc23)cc1,1572,-9.30683445864197,docked,9DKB,-5.01559844582512,docked,7ALV,75.60303239145418,1.1716057891109581,61.75051688490696,61.75051688490696,False
REP_00575,CHEMBL1908376,SEOCALCITOL,C=C1/C(=C\C=C2/CCC[C@]3(C)[C@@H]([C@H](C)/C=C/C=C/C(O)(CC)CC)CC[C@@H]23)C[C@@H](O)C[C@@H]1O,LVLLALCJVJNGQQ-SEODYNFXSA-N,454.7,3.0,,True,False,False,phase_only,,Small molecule,MOL,0.9166666,85.41892054333454,True,,C=C1CCCCC1=CC=C1CCCC2CCCC12,1110,-9.30361264385067,docked,9DKB,-4.59723985446955,docked,7ALV,75.5341144038594,24.017918676774638,52.03308063404548,52.03308063404548,False
REP_08160,CHEMBL5095497,ZETELETINIB,COc1cc2cc(-c3ccc(CC(=O)Nc4cc(C(C)(C)C(F)(F)F)no4)cn3)cnc2cc1OC,KOLQINCWMXQEOF-UHFFFAOYSA-N,500.48,1.0,,True,False,False,phase_only,,Small molecule,MOL,0.9166667,90.38946988820771,True,,O=C(Cc1ccc(-c2cnc3ccccc3c2)nc1)Nc1ccno1,1084,-9.29922213651811,docked,9DKB,-4.56941425792192,docked,7ALV,75.46519641626465,50.137835975189525,51.55065472088215,51.55065472088215,False
REP_06499,CHEMBL4442620,RONICICLIB,C[C@@H](O)[C@@H](C)Oc1nc(Nc2ccc(S(=N)(=O)C3CC3)cc2)ncc1C(F)(F)F,UELYDGOOJPRWGF-MFOHZAOFSA-N,430.45,2.0,,True,False,False,phase_only,,Small molecule,MOL,0.9166666,85.41892054333454,True,,N=S(=O)(c1ccc(Nc2ncccn2)cc1)C1CC1,1317,-9.29916007905886,docked,9DKB,-5.37922278303017,docked,7ALV,75.39627842866989,24.017918676774638,70.91660923501033,70.91660923501033,False
REP_01036,CHEMBL4303404,PELABRESIB,Cc1noc2c1-c1ccccc1C(c1ccc(Cl)cc1)=N[C@H]2CC(N)=O,GCWIQUVXWZWCLE-INIZCTEOSA-N,365.82,3.0,,True,False,False,phase_only,,Small molecule,MOL,0.91666675,95.30592619305204,True,,c1ccc(C2=NCc3oncc3-c3ccccc32)cc1,457,-9.29470256603363,docked,9DKB,-4.24412895427567,docked,7ALV,75.32736044107511,75.63749138525155,43.418332184700205,75.63749138525155,False
REP_05798,CHEMBL3653256,SIREMADLIN,COc1ncc(-c2nc3c(n2C(C)C)[C@H](c2ccc(Cl)cc2)N(c2cc(Cl)cn(C)c2=O)C3=O)c(OC)n1,AGBSXNCBIWWLHD-FQEVSTJZSA-N,555.42,2.0,,True,False,False,phase_only,,Small molecule,MOL,0.71031964,82.7022478663301,True,,O=C1c2nc(-c3cncnc3)[nH]c2C(c2ccccc2)N1c1ccc[nH]c1=O,1440,-9.29390677925448,docked,9DKB,-0.154491765749625,docked,7ALV,75.25844245348036,9.57960027567195,3.1702274293590627,9.57960027567195,False
REP_03860,CHEMBL2106158,FALECALCITRIOL,C=C1/C(=C\C=C2/CCC[C@]3(C)[C@@H]([C@H](C)CCCC(O)(C(F)(F)F)C(F)(F)F)CC[C@@H]23)C[C@@H](O)C[C@@H]1O,XPYGGHVSFMUHLH-UUSULHAXSA-N,524.59,2.0,,True,False,False,phase_only,,Small molecule,MOL,0.9166667,90.38946988820771,True,,C=C1CCCCC1=CC=C1CCCC2CCCC12,931,-9.29036000574571,docked,9DKB,-4.46822837477495,docked,7ALV,75.1895244658856,50.137835975189525,48.793935217091665,50.137835975189525,False
REP_05415,CHEMBL3039516,GEMCITABINE ELAIDATE,CCCCCCCC/C=C/CCCCCCCC(=O)OC[C@H]1O[C@@H](n2ccc(N)nc2=O)C(F)(F)[C@@H]1O,HESSNRGIEVBPRB-QDDPNBLJSA-N,527.65,2.0,,True,False,False,phase_only,,Small molecule,MOL,0.9166667,90.38946988820771,True,,O=c1ncccn1C1CCCO1,724,-9.28741653754158,docked,9DKB,-3.26697168542925,docked,7ALV,75.12060647829082,50.137835975189525,24.19021364576155,50.137835975189525,False
REP_07286,CHEMBL6068015,GLOVADALEN,C[C@H]1c2cccc(C(C)(C)O)c2C[C@H](CO)N1C(=O)Cc1c(Cl)ccc2c1c(Cl)nn2C,SVTDEVFVOSMAQQ-UONOGXRCSA-N,476.4,2.0,,True,False,False,phase_only,,Small molecule,MOL,0.91666675,95.30592619305204,True,,O=C(Cc1cccc2[nH]ncc12)N1CCc2ccccc2C1,285,-9.28169381709972,docked,9DKB,-7.66203551951111,docked,7ALV,75.05168849069608,75.63749138525155,96.8986905582357,96.8986905582357,False
REP_01151,CHEMBL5095035,CAMLIPIXANT,CNC(=O)c1cc(F)c(-c2nc3cc(C)ccn3c2C[C@H]2CN(C(=O)OC)CCO2)c(F)c1,SEHLMRJSQFAPCJ-HNNXBMFYSA-N,458.47,3.0,,True,False,False,phase_only,,Small molecule,MOL,0.9166666,85.41892054333454,True,,c1ccc(-c2nc3ccccn3c2CC2CNCCO2)cc1,1322,-9.28019065652949,docked,9DKB,-5.12270876871423,docked,7ALV,74.98277050310132,24.017918676774638,65.3342522398346,65.3342522398346,False
REP_08143,CHEMBL5095222,AZD-8075,CC1(C)CCCN1C(=O)c1ccc(-c2cc(F)ccc2OCC(=O)O)cc1Cl,JBWZKSTUPNBNIT-UHFFFAOYSA-N,405.85,1.0,,True,False,False,phase_only,,Small molecule,MOL,0.9166667,90.38946988820771,True,,O=C(c1ccc(-c2ccccc2)cc1)N1CCCC1,1061,-9.27921034188565,docked,9DKB,-6.92022276950228,docked,7ALV,74.91385251550655,50.137835975189525,93.59062715368711,93.59062715368711,False
REP_00237,CHEMBL237500,LINAGLIPTIN,CC#CCn1c(N2CCC[C@@H](N)C2)nc2c1c(=O)n(Cc1nc(C)c3ccccc3n1)c(=O)n2C,LTXREWYXXSTFRX-QGZVFWFLSA-N,472.55,4.0,,False,True,True,primary_atc_phase,,Small molecule,MOL,0.9166667,90.38946988820771,True,,O=c1[nH]c2nc(N3CCCCC3)[nH]c2c(=O)n1Cc1ncc2ccccc2n1,843,-9.26786298167553,docked,9DKB,-2.52115399487878,docked,7ALV,74.84493452791179,50.137835975189525,14.334941419710546,50.137835975189525,False
REP_05271,CHEMBL279786,BATIMASTAT,CNC(=O)[C@H](Cc1ccccc1)NC(=O)[C@H](CC(C)C)[C@H](CSc1cccs1)C(=O)NO,XFILPEOLDIKJHX-QYZOEREBSA-N,477.65,2.0,,True,False,False,phase_only,,Small molecule,MOL,0.91666675,95.30592619305204,True,,O=C(CCCSc1cccs1)NCCc1ccccc1,362,-9.26614303742266,docked,9DKB,-5.75712602100034,docked,7ALV,74.77601654031703,75.63749138525155,79.04893177119227,79.04893177119227,False
REP_05741,CHEMBL35493,ADOZELESIN,Cc1c[nH]c2c1[C@@]13C[C@@H]1CN(C(=O)c1cc4cc(NC(=O)c5cc6ccccc6o5)ccc4[nH]1)C3=CC2=O,BYRVKDUQDLJUBX-JJCDCTGGSA-N,502.53,2.0,,True,False,False,phase_only,,Small molecule,MOL,0.9166666,85.41892054333454,True,,O=C(Nc1ccc2[nH]c(C(=O)N3CC4CC45C3=CC(=O)c3[nH]ccc35)cc2c1)c1cc2ccccc2o1,1106,-9.2626965722933,docked,9DKB,-5.61238607804221,docked,7ALV,74.70709855272226,24.017918676774638,76.22329427980704,76.22329427980704,False
REP_07090,CHEMBL5314538,REZATAPOPT,CNC(=O)c1ccc(NCC#Cc2cc3c(N[C@@H]4CCN(C)C[C@@H]4F)cccc3n2CC(F)(F)F)c(OC)c1,NKRKBSQLUPEVCZ-JTHBVZDNSA-N,545.58,2.0,,True,False,False,phase_only,,Small molecule,MOL,0.9166667,90.38946988820771,True,,C(#Cc1cc2c(NC3CCNCC3)cccc2[nH]1)CNc1ccccc1,682,-9.25895739894061,docked,9DKB,-1.08851098782791,docked,7ALV,74.6381805651275,50.137835975189525,5.926946933149557,50.137835975189525,False
REP_01292,CHEMBL10188,TALNETANT,CC[C@H](NC(=O)c1c(O)c(-c2ccccc2)nc2ccccc12)c1ccccc1,BIAVGWDGIJKWRM-FQEVSTJZSA-N,382.46,2.0,,True,False,False,phase_only,,Small molecule,MOL,0.9166667,90.38946988820771,True,,O=C(NCc1ccccc1)c1cc(-c2ccccc2)nc2ccccc12,862,-9.25637463788622,docked,9DKB,-5.49271238701654,docked,7ALV,74.56926257753274,50.137835975189525,73.1909028256375,73.1909028256375,False
REP_06372,CHEMBL4297467,PADNARSERTIB,Nc1ccc(/C=C/C(=O)NCc2cc3cc(-c4ccc(C(=O)N5CCC(F)(F)CC5)cc4)cc(-c4ccc(F)cc4)c3o2)cn1,MRFOPLWJZULAQD-SWGQDTFXSA-N,610.64,2.0,,True,False,False,phase_only,,Small molecule,MOL,0.9166666,85.41892054333454,True,,O=C(C=Cc1cccnc1)NCc1cc2cc(-c3ccc(C(=O)N4CCCCC4)cc3)cc(-c3ccccc3)c2o1,1142,-9.2533496065009,docked,9DKB,-3.43014579505058,docked,7ALV,74.50034458993797,24.017918676774638,26.67126119917298,26.67126119917298,False
REP_06402,CHEMBL4297584,TENALISIB,CC[C@H](Nc1ncnc2[nH]cnc12)c1oc2ccccc2c(=O)c1-c1cccc(F)c1,HDXDQPRPFRKGKZ-INIZCTEOSA-N,415.43,2.0,,True,False,False,phase_only,,Small molecule,MOL,0.9166667,90.38946988820771,True,,O=c1c(-c2ccccc2)c(CNc2ncnc3[nH]cnc23)oc2ccccc12,896,-9.25092954792602,docked,9DKB,-5.21043687275933,docked,7ALV,74.43142660234321,50.137835975189525,67.19503790489318,67.19503790489318,False
REP_02022,CHEMBL1651649,RAMNODIGIN,C[C@@H]1O[C@@H](O[C@H]2CC[C@@]3(C)[C@H](CC[C@@H]4[C@@H]3CC[C@]3(C)[C@@H](C5=CC(=O)OC5)CC[C@]43O)C2)CC[C@H]1O,LDZRENBZALBYIS-XZUAUHNRSA-N,488.67,2.0,,True,False,False,phase_only,,Small molecule,MOL,0.71561396,82.72628921745402,True,,O=C1C=C(C2CCC3C2CCC2C4CCC(OC5CCCCO5)CC4CCC23)CO1,1438,-9.24036422193118,docked,9DKB,-4.11384362713848,docked,7ALV,74.36250861474845,9.717436250861475,40.317022742935904,40.317022742935904,False
REP_04368,CHEMBL2107137,TIPROSTANIDE,CCCCCC(C)(O)CS[C@H]1[C@H](O)CC(=O)[C@@H]1CCCCCCC(=O)Oc1ccc(NC(=O)c2ccccc2)cc1,DRWKZQHXBXCXEO-ONNUEXRDSA-N,583.79,2.0,,True,False,False,phase_only,,Small molecule,MOL,1.0,98.35917778579156,True,,O=C(CCCCCCC1CCCC1=O)Oc1ccc(NC(=O)c2ccccc2)cc1,11,-9.23729226498765,docked,9DKB,-6.75757813741624,docked,7ALV,74.29359062715368,91.38525155065473,92.21226740179188,92.21226740179188,False
REP_02499,CHEMBL206834,BAFETINIB,Cc1ccc(NC(=O)c2ccc(CN3CC[C@H](N(C)C)C3)c(C(F)(F)F)c2)cc1Nc1nccc(-c2cncnc2)n1,ZGBAJMQHJDFTQJ-DEOSSOPVSA-N,576.63,2.0,,True,False,False,phase_only,,Small molecule,MOL,0.9166666,85.41892054333454,True,,O=C(Nc1cccc(Nc2nccc(-c3cncnc3)n2)c1)c1ccc(CN2CCCC2)cc1,1104,-9.23728761044239,docked,9DKB,-2.93417253844143,docked,7ALV,74.22467263955892,24.017918676774638,19.57270847691247,24.017918676774638,False
REP_05731,CHEMBL3545335,AG-13958,Cc1cc(C(=O)Nc2cc(Nc3ccc4c(/C=C/c5ccccn5)n[nH]c4c3)ccc2F)n(C)n1,JXSVVZKPEDIRTN-DHZHZOJOSA-N,467.51,2.0,,True,False,False,phase_only,,Small molecule,MOL,0.9166667,90.38946988820771,True,,O=C(Nc1cccc(Nc2ccc3c(C=Cc4ccccn4)n[nH]c3c2)c1)c1ccn[nH]1,698,-9.23319568897413,docked,9DKB,-4.62458078139629,docked,7ALV,74.15575465196416,50.137835975189525,52.9290144727774,52.9290144727774,False
REP_03117,CHEMBL2104762,LITOMEGLOVIR,CN(C)c1cccc2c(S(=O)(=O)Nc3ccc(NC(=O)C(C)(C)COC(=O)CN)cc3)cccc12,JGBNAEIGTWFNMF-UHFFFAOYSA-N,498.61,2.0,,True,False,False,phase_only,,Small molecule,MOL,0.7416868,82.9186200264455,True,,O=S(=O)(Nc1ccccc1)c1cccc2ccccc12,1422,-9.23231560519445,docked,9DKB,-4.36278650719872,docked,7ALV,74.0868366643694,10.75120606478291,46.24396967608546,46.24396967608546,False
REP_06458,CHEMBL4303729,PLIXORAFENIB,O=C(c1c(F)ccc(NS(=O)(=O)N2CC[C@@H](F)C2)c1F)c1c[nH]c2ncc(-c3cnc(C4CC4)nc3)cc12,YYACLQUDUDXAPA-MRXNPFEDSA-N,542.54,2.0,,True,False,False,phase_only,,Small molecule,MOL,0.9166667,90.38946988820771,True,,O=C(c1cccc(NS(=O)(=O)N2CCCC2)c1)c1c[nH]c2ncc(-c3cnc(C4CC4)nc3)cc12,966,-9.22754485538793,docked,9DKB,-8.73626668606322,docked,7ALV,74.01791867677463,50.137835975189525,98.96623018607856,98.96623018607856,False
REP_08236,CHEMBL5831360,CCT-3833,CC(C)(C)c1cc(NC(=O)Nc2ccc(Oc3ccnc4[nH]c(=O)cnc34)cc2F)n(-c2cccc(F)c2)n1,AJFKKXIBHCRFJO-UHFFFAOYSA-N,531.52,1.0,,True,False,False,phase_only,,Small molecule,MOL,0.9166666,85.41892054333454,True,,O=C(Nc1ccc(Oc2ccnc3[nH]c(=O)cnc23)cc1)Nc1ccnn1-c1ccccc1,1105,-9.22213013472495,docked,9DKB,-3.91939860967675,docked,7ALV,73.94900068917988,24.017918676774638,36.25086147484493,36.25086147484493,False
REP_02549,CHEMBL2103847,TOSEDOSTAT,CC(C)C[C@@H](C(=O)N[C@H](C(=O)OC1CCCC1)c1ccccc1)[C@H](O)C(=O)NO,FWFGIHPGRQZWIW-SQNIBIBYSA-N,406.48,2.0,,True,False,False,phase_only,,Small molecule,MOL,0.9166667,90.38946988820771,True,,O=C(Cc1ccccc1)OC1CCCC1,943,-9.2180942818591,docked,9DKB,-5.33625636915163,docked,7ALV,73.88008270158511,50.137835975189525,69.8828394210889,69.8828394210889,False
REP_04975,CHEMBL2165191,AZD-6482,Cc1cc([C@@H](C)Nc2ccccc2C(=O)O)c2nc(N3CCOCC3)cc(=O)n2c1,IRTDIKMSKMREGO-OAHLLOKOSA-N,408.46,2.0,,True,False,False,phase_only,,Small molecule,MOL,0.7628887,83.09893015987498,True,,O=c1cc(N2CCOCC2)nc2c(CNc3ccccc3)cccn12,1407,-9.2007888225848,docked,9DKB,-4.02281644071573,docked,7ALV,73.81116471399035,11.71605789110958,38.11164713990352,38.11164713990352,False
REP_07914,CHEMBL4297217,MOLIBRESIB BESYLATE,CCNC(=O)C[C@@H]1N=C(c2ccc(Cl)cc2)c2cc(OC)ccc2-n2c(C)nnc21.O=S(=O)(O)c1ccccc1,UQGMFOYDYUZADE-FERBBOLQSA-N,582.08,1.0,,True,False,False,phase_only,,Small molecule,MOL,0.9166667,90.38946988820771,True,,c1ccc(C2=NCc3nncn3-c3ccccc32)cc1.c1ccccc1,919,-9.19160656403476,docked,9DKB,-4.02318069596991,docked,7ALV,73.74224672639559,50.137835975189525,38.24948311509304,50.137835975189525,False
REP_07838,CHEMBL3692206,TAS-119,Cc1cc(Nc2nc(CC3(C(=O)O)CCN(C(=O)c4cccc(Cl)c4Cl)CC3)ccc2F)n[nH]1,PLAVWQHGBMTMFR-UHFFFAOYSA-N,506.37,1.0,,True,False,False,phase_only,,Small molecule,MOL,1.0,98.35917778579156,True,,O=C(c1ccccc1)N1CCC(Cc2cccc(Nc3cc[nH]n3)n2)CC1,207,-9.18616437069656,docked,9DKB,-6.10733175961634,docked,7ALV,73.67332873880082,91.38525155065473,84.42453480358374,91.38525155065473,False
REP_06916,CHEMBL5095249,LUT-014,Cc1ccc2c(Nc3cccc(OC(F)(F)F)c3)nccc2c1Nc1ncccc1-c1ncnc2[nH]cnc12,FZPYULHBUBXPIG-UHFFFAOYSA-N,528.5,2.0,,True,False,False,phase_only,,Small molecule,MOL,1.0,98.35917778579156,True,,c1ccc(Nc2nccc3c(Nc4ncccc4-c4ncnc5[nH]cnc45)cccc23)cc1,181,-9.17908304878673,docked,9DKB,-5.69935270790134,docked,7ALV,73.60441075120607,91.38525155065473,77.94624396967609,91.38525155065473,False
REP_08117,CHEMBL5084301,AMG-650,Cc1cc(NC(=O)c2ccc(NS(=O)(=O)CCO)cc2N2CCC3(CC2)CC3)nc(N2CCC(F)(F)CC2)n1,KBDGEJDIHZDPHN-UHFFFAOYSA-N,564.66,1.0,,True,False,False,phase_only,,Small molecule,MOL,0.9166667,90.38946988820771,True,,O=C(Nc1ccnc(N2CCCCC2)n1)c1ccccc1N1CCC2(CC1)CC2,533,-9.17840924605304,docked,9DKB,-5.00735260742439,docked,7ALV,73.53549276361132,50.137835975189525,61.61268090971743,61.61268090971743,False
REP_04266,CHEMBL2106966,PIKETOPROFEN,Cc1ccnc(NC(=O)C(C)c2cccc(C(=O)c3ccccc3)c2)c1,ASFKKFRSMGBFRO-UHFFFAOYSA-N,344.41,2.0,,True,True,False,atc_only,,Small molecule,MOL,0.9166667,90.38946988820771,True,,O=C(Cc1cccc(C(=O)c2ccccc2)c1)Nc1ccccn1,631,-9.17277809650298,docked,9DKB,-5.26926614876833,docked,7ALV,73.46657477601654,50.137835975189525,68.71123363197795,68.71123363197795,False
REP_07891,CHEMBL4093031,BMS-929075,CNC(=O)c1c(-c2ccc(F)cc2)oc2ccc(-c3cc(C(=O)NC4(c5ncccn5)CC4)ccc3C)c(F)c12,LZAUGCMVNLZVJV-UHFFFAOYSA-N,538.55,1.0,,True,False,False,phase_only,,Small molecule,MOL,1.0,98.35917778579156,True,,O=C(NC1(c2ncccn2)CC1)c1cccc(-c2ccc3oc(-c4ccccc4)cc3c2)c1,221,-9.17244705683102,docked,9DKB,-5.65532605091214,docked,7ALV,73.39765678842178,91.38525155065473,76.98139214334941,91.38525155065473,False
REP_08001,CHEMBL4519121,MEVIDALEN HYDROXYBENZOATE,C[C@H]1c2cccc(CCC(C)(C)O)c2C[C@H](CO)N1C(=O)Cc1c(Cl)cccc1Cl.O=C(O)c1ccc(O)cc1,QDACLJAXTYXXBL-KPVRICSOSA-N,588.53,1.0,,True,False,False,phase_only,,Small molecule,MOL,0.9166666,85.41892054333454,True,,O=C(Cc1ccccc1)N1CCc2ccccc2C1.c1ccccc1,1161,-9.16469627559673,docked,9DKB,-6.55929079484745,docked,7ALV,73.32873880082703,24.017918676774638,90.28256374913852,90.28256374913852,False
REP_05917,CHEMBL3900554,BMS-986142,Cc1c(-c2c(F)cc(C(N)=O)c3[nH]c4c(c23)CC[C@H](C(C)(C)O)C4)cccc1-n1c(=O)c2cccc(F)c2n(C)c1=O,ZRYMMWAJAFUANM-INIZCTEOSA-N,572.61,2.0,,True,False,False,phase_only,,Small molecule,MOL,0.9166667,90.38946988820771,True,,O=c1[nH]c2ccccc2c(=O)n1-c1cccc(-c2cccc3[nH]c4c(c23)CCCC4)c1,567,-9.16451706753105,docked,9DKB,-3.90562993087804,docked,7ALV,73.25982081323225,50.137835975189525,35.837353549276365,50.137835975189525,False
REP_00721,CHEMBL2177390,IPATASERTIB,CC(C)NC[C@@H](C(=O)N1CCN(c2ncnc3c2[C@H](C)C[C@H]3O)CC1)c1ccc(Cl)cc1,GRZXWCHAXNAUHY-NSISKUIASA-N,458.01,3.0,,True,False,False,phase_only,,Small molecule,MOL,0.91666675,95.30592619305204,True,,O=C(Cc1ccccc1)N1CCN(c2ncnc3c2CCC3)CC1,414,-9.16356627749088,docked,9DKB,-4.3194065013182,docked,7ALV,73.1909028256375,75.63749138525155,45.27911784975879,75.63749138525155,False
REP_07162,CHEMBL5499275,ENVUCITINIB,CCC(=O)c1cnc(NC(=O)C2CC2)cc1Nc1cccc(-c2ncn(C)n2)c1OC,FKCATCQHVCOBCX-UHFFFAOYSA-N,420.47,2.0,,True,False,False,phase_only,,Small molecule,MOL,0.9166666,85.41892054333454,True,,O=C(Nc1cc(Nc2cccc(-c3nc[nH]n3)c2)ccn1)C1CC1,1256,-9.16333895228778,docked,9DKB,-4.97822182340629,docked,7ALV,73.12198483804274,24.017918676774638,61.199172984148866,61.199172984148866,False
REP_07942,CHEMBL4297377,ELSULFAVIRINE SODIUM,CCC(=O)[N-]S(=O)(=O)c1ccc(NC(=O)Cc2ccc(Br)c(Oc3cc(Cl)cc(C#N)c3)c2F)c(Cl)c1,ATNBAHRTAYSLAG-UHFFFAOYSA-M,628.28,1.0,,True,False,False,phase_only,,Small molecule,MOL,0.9166667,90.38946988820771,True,,O=C(Cc1cccc(Oc2ccccc2)c1)Nc1ccccc1,844,-9.14985153023482,docked,9DKB,-5.49217735334181,docked,7ALV,73.05306685044796,50.137835975189525,73.12198483804274,73.12198483804274,False
REP_07053,CHEMBL5314490,TIVUMECIRNON,C[C@H](c1ccc(Cl)cc1Cl)n1nc(C(F)(F)F)c2ncc(N3CC([C@H]4CCCN(CCO)C4)C3)nc21,AKSVALRPYDVQBS-CABCVRRESA-N,543.42,2.0,,True,False,False,phase_only,,Small molecule,MOL,1.0,98.35917778579156,True,,c1ccc(Cn2ncc3ncc(N4CC(C5CCCNC5)C4)nc32)cc1,199,-9.14610176247647,docked,9DKB,-5.07669979126667,docked,7ALV,72.9841488628532,91.38525155065473,64.36940041350793,91.38525155065473,False
REP_07905,CHEMBL4227721,PF-06815345,CCOC(=O)O[C@@H](C)n1nnnc1-c1c(-c2ccc(C(=O)N(c3ncccc3Cl)[C@@H]3CCCNC3)cc2F)cnn1C,QTBYVAZRKWOIDU-FUHWJXTLSA-N,598.04,1.0,,True,False,False,phase_only,,Small molecule,MOL,1.0,98.35917778579156,True,,O=C(c1ccc(-c2cn[nH]c2-c2nnn[nH]2)cc1)N(c1ccccn1)C1CCCNC1,135,-9.14123539700435,docked,9DKB,-5.05933858129988,docked,7ALV,72.91523087525844,91.38525155065473,63.74913852515507,91.38525155065473,False
REP_05999,CHEMBL3989498,ZOTICASONE,C[C@@H]1C[C@H]2[C@@H]3C[C@H](F)C4=CC(=O)C=C[C@]4(C)[C@@]3(F)[C@@H](O)C[C@]2(C)[C@@]1(O)C(=O)S[C@@H]1CCOC1=O,OJRPWVDDBGJONP-PQUGYNIPSA-N,496.57,2.0,,True,False,False,phase_only,,Small molecule,MOL,0.95806694,96.6943142204592,True,,O=C1C=CC2C(=C1)CCC1C2CCC2C(C(=O)SC3CCOC3=O)CCC21,276,-9.13468023117993,docked,9DKB,-5.24627264370013,docked,7ALV,72.84631288766367,82.63266712611991,68.22880771881461,82.63266712611991,False
REP_07023,CHEMBL5314452,ADRIXETINIB,CCCn1cc(OCC(F)(F)F)c(C(=O)Nc2ccc(Oc3ccnc4cc(OC)c(OC)cc34)cn2)n1,BWUUJXXFCSYLFW-UHFFFAOYSA-N,531.49,2.0,,True,False,False,phase_only,,Small molecule,MOL,0.91666675,95.30592619305204,True,,O=C(Nc1ccc(Oc2ccnc3ccccc23)cn1)c1cc[nH]n1,317,-9.13121624596516,docked,9DKB,-5.05430093091145,docked,7ALV,72.77739490006891,75.63749138525155,63.33563059958649,75.63749138525155,False
REP_07005,CHEMBL5314422,BERBERINE URSODEOXYCHOLATE,COc1ccc2cc3[n+](cc2c1OC)CCc1cc2c(cc1-3)OCO2.C[C@H](CCC(=O)[O-])[C@H]1CC[C@H]2[C@@H]3[C@@H](O)C[C@@H]4C[C@H](O)CC[C@]4(C)[C@H]3CC[C@]12C,FHZVFXJRSFLYDY-FUXQPCDDSA-M,727.94,2.0,,True,False,False,phase_only,,Small molecule,MOL,0.9166667,90.38946988820771,True,,C1CCC2C(C1)CCC1C3CCCC3CCC21.c1ccc2c[n+]3c(cc2c1)-c1cc2c(cc1CC3)OCO2,840,-9.12890489403713,docked,9DKB,-3.98561607954319,docked,7ALV,72.70847691247415,50.137835975189525,37.35354927636113,50.137835975189525,False
REP_06701,CHEMBL4742157,GSK-2256098,CONC(=O)c1ccccc1Nc1cc(Nc2cc(C)nn2C(C)C)ncc1Cl,BVAHPPKGOOJSPU-UHFFFAOYSA-N,414.9,2.0,,True,False,False,phase_only,,Small molecule,MOL,0.9166667,90.38946988820771,True,,c1ccc(Nc2ccnc(Nc3ccn[nH]3)c2)cc1,1057,-9.12830783513237,docked,9DKB,-7.1317704625505,docked,7ALV,72.6395589248794,50.137835975189525,94.27980702963474,94.27980702963474,False
REP_04441,CHEMBL2107328,DASOLAMPANEL ETIBUTIL,CCC(CC)COC(=O)[C@@H]1C[C@H]2C[C@@H](Oc3cccc(Cl)c3-c3nnn[nH]3)CC[C@H]2CN1,HPBRMCFZIGUGTK-ZMMAXQRCSA-N,461.99,2.0,,True,False,False,phase_only,,Small molecule,MOL,1.0,98.35917778579156,True,,c1ccc(-c2nnn[nH]2)c(OC2CCC3CNCCC3C2)c1,143,-9.12632944337072,docked,9DKB,-4.02806724917522,docked,7ALV,72.57064093728462,91.38525155065473,38.45623707787733,91.38525155065473,False
REP_00608,CHEMBL2087361,ICOTINIB,C#Cc1cccc(Nc2ncnc3cc4c(cc23)OCCOCCOCCO4)c1,QQLKULDARVNMAL-UHFFFAOYSA-N,391.43,3.0,,True,False,False,phase_only,,Small molecule,MOL,0.6559916,82.26950354609929,True,,c1ccc(Nc2ncnc3cc4c(cc23)OCCOCCOCCO4)cc1,1476,-9.12324707603849,docked,9DKB,-4.41537680554737,docked,7ALV,72.50172294968986,7.305306685044796,47.6223294279807,47.6223294279807,False
REP_06157,CHEMBL404216,TOFISOPAM,CCC1C(C)=NN=C(c2ccc(OC)c(OC)c2)c2cc(OC)c(OC)cc21,RUJBDQSFYCKFAA-UHFFFAOYSA-N,382.46,2.0,,True,False,False,phase_only,,Small molecule,MOL,0.5158615,81.01935328765477,True,,C1=NN=C(c2ccccc2)c2ccccc2C1,1579,-9.10913586979015,docked,9DKB,-3.90660669841598,docked,7ALV,72.39834596829773,0.6202618883528601,35.94073053066851,35.94073053066851,False
REP_04448,CHEMBL2107351,LEVOTOFISOPAM,CC[C@@H]1C(C)=NN=C(c2ccc(OC)c(OC)c2)c2cc(OC)c(OC)cc21,RUJBDQSFYCKFAA-OAHLLOKOSA-N,382.46,2.0,,True,False,False,phase_only,,Small molecule,MOL,0.5158615,81.01935328765477,True,,C1=NN=C(c2ccccc2)c2ccccc2C1,1581,-9.10913586979015,docked,9DKB,-3.90660669841598,docked,7ALV,72.39834596829773,0.6202618883528601,35.94073053066851,35.94073053066851,False
REP_07137,CHEMBL5314968,UNECRITINIB,CC(=O)Nc1ncc(-c2cnn(C3CCNCC3)c2)cc1O[C@H](C)c1c(Cl)ccc(F)c1Cl,HBWSXXBJOQKNBL-CYBMUJFWSA-N,492.38,2.0,,True,False,False,phase_only,,Small molecule,MOL,0.91666675,95.30592619305204,True,,c1ccc(COc2cncc(-c3cnn(C4CCNCC4)c3)c2)cc1,436,-9.10826269808417,docked,9DKB,-4.36880324604011,docked,7ALV,72.29496898690559,75.63749138525155,46.45072363886974,75.63749138525155,False
REP_07000,CHEMBL5314403,ARRY-502,COc1cc(Cl)ccc1CCNC(=O)c1ccc(Oc2cc3c(cc2Cl)[C@@H](C(=O)O)CCO3)cc1,QIDYUNXQPQEJEC-IBGZPJMESA-N,516.38,2.0,,True,False,False,phase_only,,Small molecule,MOL,1.0,98.35917778579156,True,,O=C(NCCc1ccccc1)c1ccc(Oc2ccc3c(c2)OCCC3)cc1,178,-9.1042602376003,docked,9DKB,-4.4960465820649,docked,7ALV,72.22605099931081,91.38525155065473,49.48311509303929,91.38525155065473,False
REP_07642,CHEMBL1911274,BMS-791826,CCN(C)C(=O)c1ccc(-c2ccc3c(n2)Oc2ccccc2[C@H]3C(C)(C)C(=O)Nc2nncs2)cc1F,DZBKAUMYTFPJIS-HSZRJFAPSA-N,531.61,1.0,,True,False,False,phase_only,,Small molecule,MOL,1.0,98.35917778579156,True,,O=C(CC1c2ccccc2Oc2nc(-c3ccccc3)ccc21)Nc1nncs1,116,-9.10107097315888,docked,9DKB,-2.59702811937647,docked,7ALV,72.15713301171606,91.38525155065473,15.09303928325293,91.38525155065473,False
REP_03692,CHEMBL2105606,DESASPIDIN,CCCC(=O)C1=C(O)C(C)(C)C(O)=C(Cc2c(OC)cc(O)c(C(=O)CCC)c2O)C1=O,GAHOBHHMYUYJDT-UHFFFAOYSA-N,446.5,2.0,,True,False,False,phase_only,,Small molecule,MOL,0.9166666,85.41892054333454,True,,O=C1C=CCC=C1Cc1ccccc1,1326,-9.10064799776176,docked,9DKB,-6.64789291015587,docked,7ALV,72.0882150241213,24.017918676774638,91.31633356305996,91.31633356305996,False
REP_05889,CHEMBL3822773,PX-102,O=C(O)c1ccc([C@H]2C[C@@H]2c2ccc(OCc3c(-c4c(Cl)cccc4Cl)noc3C3CC3)cc2Cl)cc1,XBUXXJUEBFDQHD-NHCUHLMSSA-N,554.86,2.0,,True,False,False,phase_only,,Small molecule,MOL,0.9166667,90.38946988820771,True,,c1ccc(-c2noc(C3CC3)c2COc2ccc(C3CC3c3ccccc3)cc2)cc1,596,-9.09570722137983,docked,9DKB,-2.92452032659154,docked,7ALV,72.01929703652654,50.137835975189525,19.29703652653343,50.137835975189525,False
REP_00587,CHEMBL1950554,BINODENOSON,Nc1nc(N/N=C/C2CCCCC2)nc2c1ncn2[C@@H]1O[C@H](CO)[C@@H](O)[C@H]1O,XJFMHMFFBSOEPR-DNZQAUTHSA-N,391.43,3.0,,True,False,False,phase_only,,Small molecule,MOL,0.57978404,81.64442841687702,True,,C(=NNc1ncc2ncn(C3CCCO3)c2n1)C1CCCCC1,1528,-9.08910924003692,docked,9DKB,-8.39383879397215,docked,7ALV,71.95037904893178,3.859407305306685,98.62164024810475,98.62164024810475,False
REP_05730,CHEMBL3545307,MERESTINIB,Cc1ccc(C(=O)Nc2ccc(Oc3cc4cnn(C)c4cc3-c3cn[nH]c3)c(F)c2)c(=O)n1-c1ccc(F)cc1,QHADVLVFMKEIIP-UHFFFAOYSA-N,552.54,2.0,,True,False,False,phase_only,,Small molecule,MOL,0.9166667,90.38946988820771,True,,O=C(Nc1ccc(Oc2cc3cn[nH]c3cc2-c2cn[nH]c2)cc1)c1cccn(-c2ccccc2)c1=O,660,-9.08661145553121,docked,9DKB,-5.35631020476517,docked,7ALV,71.88146106133702,50.137835975189525,70.43418332184702,70.43418332184702,False
REP_03710,CHEMBL2105721,NIVOCASAN,CC(C)[C@@]1(C(=O)N[C@H]2CC(=O)O[C@]2(O)CF)CC(c2nccc3ccccc23)=NO1,VYFGDLGHHBUDTQ-ZLGUVYLKSA-N,415.42,2.0,,True,False,False,phase_only,,Small molecule,MOL,0.9166666,85.41892054333454,True,,O=C1CC(NC(=O)C2CC(c3nccc4ccccc34)=NO2)CO1,1312,-9.08486392600421,docked,9DKB,-4.70659595594632,docked,7ALV,71.81254307374225,24.017918676774638,55.27222605099931,55.27222605099931,False
REP_06986,CHEMBL5314384,R-348,C#CCOc1ccc(Nc2nc(Nc3ccc(C)c(S(=O)(=O)NC(=O)CC)c3)ncc2F)cc1,IGLNXKVGKIFNBQ-UHFFFAOYSA-N,483.53,2.0,,True,False,False,phase_only,,Small molecule,MOL,0.9166666,85.41892054333454,True,,c1ccc(Nc2ccnc(Nc3ccccc3)n2)cc1,1141,-9.08427601957668,docked,9DKB,-4.58670423909765,docked,7ALV,71.74362508614749,24.017918676774638,51.82632667126119,51.82632667126119,False
REP_01924,CHEMBL159682,AXITIROME,CCOC(=O)C(=O)Nc1cc(C)c(Oc2ccc(O)c(C(O)c3ccc(F)cc3)c2)c(C)c1,FUBBWDWIGBTUPQ-UHFFFAOYSA-N,453.47,2.0,,True,False,False,phase_only,,Small molecule,MOL,1.0,98.35917778579156,True,,c1ccc(Cc2cccc(Oc3ccccc3)c2)cc1,43,-9.07933241089669,docked,9DKB,-4.11107622328599,docked,7ALV,71.67470709855273,91.38525155065473,40.17918676774638,91.38525155065473,False
REP_07631,CHEMBL178654,HKI-357,CCOc1cc2ncc(C#N)c(Nc3ccc(OCc4cccc(F)c4)c(Cl)c3)c2cc1NC(=O)/C=C/CN(C)C,NERXPXBELDBEPZ-RMKNXTFCSA-N,574.06,1.0,,True,False,False,phase_only,,Small molecule,MOL,0.9166667,90.38946988820771,True,,c1ccc(COc2ccc(Nc3ccnc4ccccc34)cc2)cc1,667,-9.07729970816873,docked,9DKB,-5.65658171804905,docked,7ALV,71.60578911095796,50.137835975189525,77.05031013094418,77.05031013094418,False
REP_08170,CHEMBL5314388,RG-7602,CCN1CCC(Oc2c(C#N)ncc3[nH]c4ncccc4c23)CC1,XEZLBMHDUXSICI-UHFFFAOYSA-N,321.38,1.0,,True,False,False,phase_only,,Small molecule,MOL,1.0,98.35917778579156,True,,c1cnc2[nH]c3cncc(OC4CCNCC4)c3c2c1,268,-9.0755377104902,docked,9DKB,-3.29165626623954,docked,7ALV,71.5368711233632,91.38525155065473,24.46588559614059,91.38525155065473,False
REP_04566,CHEMBL2107610,SULICRINAT,NS(=O)(=O)c1cc(C(=O)c2ccc(OCC(=O)O)c(Cl)c2Cl)ccc1Cl,REORSPZOQXYWIT-UHFFFAOYSA-N,438.67,2.0,,True,False,False,phase_only,,Small molecule,MOL,0.9166667,90.38946988820771,True,,O=C(c1ccccc1)c1ccccc1,849,-9.06972898407801,docked,9DKB,-7.16969210998012,docked,7ALV,71.46795313576844,50.137835975189525,94.3487250172295,94.3487250172295,False
REP_05934,CHEMBL3945728,ELCUBRAGISTAT,O=C(OC(C(F)(F)F)C(F)(F)F)N1CCN(Cc2ccc(C(F)(F)F)cc2N2CCCC2)CC1,SQZJGTOZFRNWCX-UHFFFAOYSA-N,507.4,2.0,,True,False,False,phase_only,,Small molecule,MOL,0.91666675,95.30592619305204,True,,c1ccc(N2CCCC2)c(CN2CCNCC2)c1,439,-9.06150151213072,docked,9DKB,-4.00710515363965,docked,7ALV,71.39903514817367,75.63749138525155,37.973811164713986,75.63749138525155,False
REP_07727,CHEMBL2419346,CUDC-305,CN(C)c1cc2c(cc1Sc1nc3c(N)nccc3n1CCNCC(C)(C)C)OCO2,RVJIQAYFTOPTKK-UHFFFAOYSA-N,442.59,1.0,,True,False,False,phase_only,,Small molecule,MOL,0.9166666,85.41892054333454,True,,c1cc2[nH]c(Sc3ccc4c(c3)OCO4)nc2cn1,1137,-9.05228860803209,docked,9DKB,-4.23202656961114,docked,7ALV,71.33011716057891,24.017918676774638,43.0737422467264,43.0737422467264,False
REP_01411,CHEMBL1181731,TEGLARINAD,COCCOCCOCCOCCOC(=O)OC[n+]1ccc(N/C(=N/CCCCCCOc2ccc(Cl)cc2)NC#N)cc1,RXXJCNMVVRGOJB-UHFFFAOYSA-O,637.15,2.0,,True,False,False,phase_only,,Small molecule,MOL,0.91666675,95.30592619305204,True,,C(=NCCCCCCOc1ccccc1)Nc1cc[nH+]cc1,311,-9.05111014952771,docked,9DKB,-4.83331475193081,docked,7ALV,71.26119917298415,75.63749138525155,58.37353549276361,75.63749138525155,False
REP_08233,CHEMBL577711,LY-2334737,CCCC(CCC)C(=O)Nc1ccn([C@@H]2O[C@H](CO)[C@@H](O)C2(F)F)c(=O)n1,MEOYFIHNRBNEPI-UXIGCNINSA-N,389.4,1.0,,True,False,False,phase_only,,Small molecule,MOL,0.5504911,81.3679528789518,True,,O=c1ncccn1C1CCCO1,1551,-9.04759815503829,docked,9DKB,-9.71800009066218,docked,7ALV,71.19228118538939,2.3432115782219163,99.58649207443143,99.58649207443143,False
REP_07092,CHEMBL5314540,SONTIGIDOMIDE,O=C1CCC(N2Cc3cc(CNC(=O)C(=O)c4ccc(C5(C(F)(F)F)CC5)cc4)ccc3C2=O)C(=O)N1,SKAIDPMCBUKTDS-UHFFFAOYSA-N,513.47,2.0,,True,False,False,phase_only,,Small molecule,MOL,0.91666675,95.30592619305204,True,,O=C1CCC(N2Cc3cc(CNC(=O)C(=O)c4ccc(C5CC5)cc4)ccc3C2=O)C(=O)N1,420,-9.04646785746242,docked,9DKB,-6.53298520913127,docked,7ALV,71.12336319779462,75.63749138525155,89.93797381116472,89.93797381116472,False
REP_07684,CHEMBL2140408,AMG-900,Cc1csc(-c2nnc(Nc3ccc(Oc4ncccc4-c4ccnc(N)n4)cc3)c3ccccc23)c1,IVUGFMLRJOCGAS-UHFFFAOYSA-N,503.59,1.0,,True,False,False,phase_only,,Small molecule,MOL,1.0,98.35917778579156,True,,c1csc(-c2nnc(Nc3ccc(Oc4ncccc4-c4ccncn4)cc3)c3ccccc23)c1,175,-9.04310498162875,docked,9DKB,-5.01723366496965,docked,7ALV,71.05444521019986,91.38525155065473,61.95727084769125,91.38525155065473,False
REP_06309,CHEMBL4297293,JNJ-18038683,Clc1ccc(-c2nn(Cc3ccccc3)c3c2CCNCC3)cc1.O=C(O)CC(O)(CC(=O)O)C(=O)O,DIQZMBPDLFAJLK-UHFFFAOYSA-N,529.98,2.0,,True,False,False,phase_only,,Small molecule,MOL,0.91666675,95.30592619305204,True,,c1ccc(Cn2nc(-c3ccccc3)c3c2CCNCC3)cc1,370,-9.04161704185729,docked,9DKB,-4.51979665728248,docked,7ALV,70.9855272226051,75.63749138525155,50.31013094417642,75.63749138525155,False
REP_05444,CHEMBL307697,SIVIFENE,O=[N+]([O-])c1ccc(NN=C(c2ccc(O)cc2)c2ccc(O)cc2)c([N+](=O)[O-])c1,YOQPCWIXYUNEET-UHFFFAOYSA-N,394.34,2.0,,True,False,False,phase_only,,Small molecule,MOL,0.9166667,90.38946988820771,True,,c1ccc(NN=C(c2ccccc2)c2ccccc2)cc1,727,-9.0395988418297,docked,9DKB,-5.04255161837679,docked,7ALV,70.91660923501033,50.137835975189525,62.92212267401791,62.92212267401791,False
REP_01178,CHEMBL519504,ALEGLITAZAR,CO[C@@H](Cc1ccc(OCCc2nc(-c3ccccc3)oc2C)c2ccsc12)C(=O)O,DAYKLWSKQJBGCS-NRFANRHFSA-N,437.52,3.0,,True,False,False,phase_only,,Small molecule,MOL,0.9166667,90.38946988820771,True,,c1ccc(-c2nc(CCOc3cccc4sccc34)co2)cc1,1045,-9.0378079733611,docked,9DKB,-5.80191659502117,docked,7ALV,70.84769124741557,50.137835975189525,79.7381116471399,79.7381116471399,False
REP_01415,CHEMBL1182714,CEVIPABULIN,CNCCCOc1cc(F)c(-c2c(Cl)nc3ncnn3c2N[C@@H](C)C(F)(F)F)c(F)c1,ZUZPCOQWSYNWLU-VIFPVBQESA-N,464.83,2.0,,True,False,False,phase_only,,Small molecule,MOL,0.91666675,95.30592619305204,True,,c1ccc(-c2cnc3ncnn3c2)cc1,386,-9.03369905579607,docked,9DKB,-1.59429783831464,docked,7ALV,70.77877325982081,75.63749138525155,7.856650585802893,75.63749138525155,False
REP_00588,CHEMBL1950649,APADENOSON,CCNC(=O)[C@H]1O[C@@H](n2cnc3c(N)nc(C#CC[C@H]4CC[C@H](C(=O)OC)CC4)nc32)[C@H](O)[C@@H]1O,FLEVIENZILQUKB-XTWQNQIISA-N,486.53,3.0,,True,False,False,phase_only,,Small molecule,MOL,0.74648094,82.95468205313139,True,,C(#Cc1ncc2ncn(C3CCCO3)c2n1)CC1CCCCC1,1419,-9.03319655389765,docked,9DKB,-6.0901122823826,docked,7ALV,70.70985527222605,10.957960027567196,84.07994486560992,84.07994486560992,False
REP_06295,CHEMBL4297214,PRALICIGUAT,OC(CNc1nc(-c2cc(-c3ccon3)n(Cc3ccccc3F)n2)ncc1F)(C(F)(F)F)C(F)(F)F,CYSJNTQNMDWAJV-UHFFFAOYSA-N,534.37,2.0,,True,False,False,phase_only,,Small molecule,MOL,1.0,98.35917778579156,True,,c1ccc(Cn2nc(-c3ncccn3)cc2-c2ccon2)cc1,189,-9.03174742104018,docked,9DKB,-3.71216793204441,docked,7ALV,70.64093728463129,91.38525155065473,31.84011026878015,91.38525155065473,False
REP_02443,CHEMBL200102,PU-H71,CC(C)NCCCn1c(Sc2cc3c(cc2I)OCO3)nc2c(N)ncnc21,SUPVGFZUWFMATN-UHFFFAOYSA-N,512.38,2.0,,True,False,False,phase_only,,Small molecule,MOL,0.9166667,90.38946988820771,True,,c1ncc2nc(Sc3ccc4c(c3)OCO4)[nH]c2n1,1083,-9.02481751394748,docked,9DKB,-5.36024641405209,docked,7ALV,70.57201929703652,50.137835975189525,70.57201929703652,70.57201929703652,False
REP_03648,CHEMBL2105547,TOLPADOL,Cc1ccccc1C(=O)NC(c1ccncc1)C(NC(=O)c1ccccc1C)c1ccncc1,XOCZGIFMFBFPGQ-UHFFFAOYSA-N,450.54,2.0,,True,False,False,phase_only,,Small molecule,MOL,0.9166666,85.41892054333454,True,,O=C(NC(c1ccncc1)C(NC(=O)c1ccccc1)c1ccncc1)c1ccccc1,1206,-9.01884721647953,docked,9DKB,-5.49294079531442,docked,7ALV,70.50310130944176,24.017918676774638,73.25982081323225,73.25982081323225,False
REP_02222,CHEMBL1783734,PIRAGLIATIN,CS(=O)(=O)c1ccc([C@@H](C[C@H]2CCC(=O)C2)C(=O)Nc2cnccn2)cc1Cl,XEANIURBPHCHMG-SWLSCSKDSA-N,421.91,2.0,,True,False,False,phase_only,,Small molecule,MOL,1.0,98.35917778579156,True,,O=C1CCC(CC(C(=O)Nc2cnccn2)c2ccccc2)C1,176,-9.01771487248784,docked,9DKB,-3.5064773627279,docked,7ALV,70.43418332184702,91.38525155065473,27.705031013094416,91.38525155065473,False
REP_03464,CHEMBL2105281,OPANIXIL,CCN(C(=O)c1cnc(N2CC(C)(C)NC2=O)nc1N)c1cccc(C(F)(F)F)c1,ZAVGHCJPBOQKEE-UHFFFAOYSA-N,422.41,2.0,,True,False,False,phase_only,,Small molecule,MOL,0.77972746,83.29126096886645,True,,O=C(Nc1ccccc1)c1cnc(N2CCNC2=O)nc1,1391,-8.99194060496819,docked,9DKB,-2.01202674553204,docked,7ALV,70.36526533425224,12.68090971743625,10.337698139214336,12.68090971743625,False
REP_06370,CHEMBL4297460,DOVRAMILAST,CCOc1cc([C@@H](CS(C)(=O)=O)N2Cc3cccc(NC(=O)C4CC4)c3C2=O)ccc1OC,QDZOBXFRIVOQBR-LJQANCHMSA-N,472.56,2.0,,True,False,False,phase_only,,Small molecule,MOL,0.62822354,82.04111071042193,True,,O=C(Nc1cccc2c1C(=O)N(Cc1ccccc1)C2)C1CC1,1495,-8.98951899555701,docked,9DKB,-5.13301217455248,docked,7ALV,70.29634734665748,6.064782908339077,65.8855961405927,65.8855961405927,False
REP_06186,CHEMBL4094440,BMS-919373,NS(=O)(=O)c1cncc(-c2nc(NCc3ccccn3)c3c(-c4ccccc4)cccc3n2)c1,XGKULQQVQWCASY-UHFFFAOYSA-N,468.54,2.0,,True,False,False,phase_only,,Small molecule,MOL,0.9166667,90.38946988820771,True,,c1ccc(-c2cccc3nc(-c4cccnc4)nc(NCc4ccccn4)c23)cc1,701,-8.98402643353259,docked,9DKB,-1.89219739731111,docked,7ALV,70.22742935906273,50.137835975189525,9.441764300482426,50.137835975189525,False
REP_02001,CHEMBL1628698,BGC-20-1531 FREE BASE,COc1ccc(-c2ccc(OCc3cc(C(=O)NS(=O)(=O)c4ccccc4C)oc3C)cc2)nc1,IXDVRRPNWPOPGV-UHFFFAOYSA-N,492.55,2.0,,True,False,False,phase_only,,Small molecule,MOL,0.9166667,90.38946988820771,True,,O=C(NS(=O)(=O)c1ccccc1)c1cc(COc2ccc(-c3ccccn3)cc2)co1,846,-8.98213659497968,docked,9DKB,-5.25198220873381,docked,7ALV,70.15851137146795,50.137835975189525,68.36664369400414,68.36664369400414,False
REP_00738,CHEMBL2316582,OLVEREMBATINIB,Cc1ccc(C(=O)Nc2ccc(CN3CCN(C)CC3)c(C(F)(F)F)c2)cc1C#Cc1cnc2[nH]ncc2c1,TZKBVRDEOITLRB-UHFFFAOYSA-N,532.57,3.0,,True,False,False,phase_only,,Small molecule,MOL,0.91666675,95.30592619305204,True,,O=C(Nc1ccc(CN2CCNCC2)cc1)c1cccc(C#Cc2cnc3[nH]ncc3c2)c1,391,-8.97613887861974,docked,9DKB,-2.39242793168825,docked,7ALV,70.0895933838732,75.63749138525155,13.301171605789108,75.63749138525155,False
REP_00231,CHEMBL230158,SELADELPAR,CCO[C@H](COc1ccc(C(F)(F)F)cc1)CSc1ccc(OCC(=O)O)c(C)c1,JWHYSEDOYMYMNM-QGZVFWFLSA-N,444.47,4.0,,False,True,False,primary_atc_phase,,Small molecule,MOL,0.9166667,90.38946988820771,True,,c1ccc(OCCCSc2ccccc2)cc1,908,-8.97522946313663,docked,9DKB,-6.12382066976158,docked,7ALV,70.02067539627843,50.137835975189525,84.76912474155755,84.76912474155755,False
REP_00541,CHEMBL1738889,ENOBOSARM,C[C@](O)(COc1ccc(C#N)cc1)C(=O)Nc1ccc(C#N)c(C(F)(F)F)c1,JNGVJMBLXIUVRD-SFHVURJKSA-N,389.33,3.0,,True,False,False,phase_only,,Small molecule,MOL,0.9166667,90.38946988820771,True,,O=C(CCOc1ccccc1)Nc1ccccc1,644,-8.97302115938871,docked,9DKB,-5.28071150719976,docked,7ALV,69.95175740868366,50.137835975189525,69.05582356995176,69.05582356995176,False
REP_00943,CHEMBL4110551,SITOKIREN,COC(=O)NCCCn1nc([C@@H](C)N(C(=O)[C@H]2CNCCO2)C2CC2)c2ccc(C)nc21,GRTDDIZIUSADLD-CRAIPNDOSA-N,444.54,3.0,,True,False,False,phase_only,,Small molecule,MOL,0.9166667,90.38946988820771,True,,O=C(C1CNCCO1)N(Cc1n[nH]c2ncccc12)C1CC1,898,-8.97301053251203,docked,9DKB,-2.19632939280883,docked,7ALV,69.8828394210889,50.137835975189525,11.853893866299103,50.137835975189525,False
REP_06216,CHEMBL4175981,OLORINAB,CC(C)(C)[C@@H](CO)NC(=O)c1nn(-c2c[n+]([O-])ccn2)c2c1C[C@@H]1C[C@H]21,ACSQLTBPYZSGBA-GMXVVIOVSA-N,357.41,2.0,,True,False,False,phase_only,,Small molecule,MOL,0.90390337,83.98846015146052,True,,c1c[nH+]cc(-n2ncc3c2C2CC2C3)n1,1333,-8.96665955116845,docked,9DKB,-5.05028069349008,docked,7ALV,69.81392143349414,16.540317022742936,63.128876636802204,63.128876636802204,False
REP_02389,CHEMBL1950651,EVODENOSON,COC(=O)N1CCC(CC#Cc2nc(N)c3ncn([C@@H]4O[C@H](C(=O)NC5CC5)[C@@H](O)[C@H]4O)c3n2)CC1,SQJXTUJMBYVDBB-RQXXJAGISA-N,499.53,2.0,,True,False,False,phase_only,,Small molecule,MOL,0.9166667,90.38946988820771,True,,O=C(NC1CC1)C1CCC(n2cnc3cnc(C#CCC4CCNCC4)nc32)O1,1088,-8.96344928991,docked,9DKB,-5.82329684944333,docked,7ALV,69.74500344589939,50.137835975189525,80.08270158511371,80.08270158511371,False
REP_06457,CHEMBL4303596,AMG-319,C[C@H](Nc1ncnc2[nH]cnc12)c1cc2ccc(F)cc2nc1-c1ccccn1,KWRYMZHCQIOOEB-LBPRGKRZSA-N,385.41,2.0,,True,False,False,phase_only,,Small molecule,MOL,0.91666675,95.30592619305204,True,,c1ccc(-c2nc3ccccc3cc2CNc2ncnc3[nH]cnc23)nc1,432,-8.96109143711477,docked,9DKB,-6.82783703236585,docked,7ALV,69.67608545830461,75.63749138525155,92.90144727773949,92.90144727773949,False
REP_01343,CHEMBL1090771,AVAGACESTAT,NC(=O)[C@@H](CCC(F)(F)F)N(Cc1ccc(-c2ncon2)cc1F)S(=O)(=O)c1ccc(Cl)cc1,XEAOPVUAMONVLA-QGZVFWFLSA-N,520.89,2.0,,True,False,False,phase_only,,Small molecule,MOL,0.9166667,90.38946988820771,True,,O=S(=O)(NCc1ccc(-c2ncon2)cc1)c1ccccc1,894,-8.96046387042828,docked,9DKB,-4.2645377970814,docked,7ALV,69.60716747070985,50.137835975189525,44.10751206064782,50.137835975189525,False
REP_07064,CHEMBL5314504,BAVTAVIRINE,Cc1cc(/C=C/C#N)cc(C)c1-c1cccc2c(N)nc(Nc3ccc(C#N)cc3)nc12,HKETUZQMIFPGNG-SNAWJCMRSA-N,416.49,2.0,,True,False,False,phase_only,,Small molecule,MOL,0.91666675,95.30592619305204,True,,c1ccc(Nc2ncc3cccc(-c4ccccc4)c3n2)cc1,350,-8.94703361341504,docked,9DKB,-2.05989521376844,docked,7ALV,69.5382494831151,75.63749138525155,10.68228807718815,75.63749138525155,False
REP_05831,CHEMBL3695568,JNJ-49095397,COCC(=O)Nc1cc(COc2ccc(NC(=O)Nc3cc(C(C)(C)C)nn3-c3ccc(C)cc3)c3ccccc23)ccn1,RTDCVLCTBQDLBW-UHFFFAOYSA-N,592.7,2.0,,True,False,False,phase_only,,Small molecule,MOL,0.91666675,95.30592619305204,True,,O=C(Nc1ccc(OCc2ccncc2)c2ccccc12)Nc1ccnn1-c1ccccc1,448,-8.93530650581992,docked,9DKB,-3.7945930234092,docked,7ALV,69.46933149552032,75.63749138525155,33.35630599586492,75.63749138525155,False
REP_00711,CHEMBL2141296,IXAZOMIB,CC(C)C[C@H](NC(=O)CNC(=O)c1cc(Cl)ccc1Cl)B(O)O,MXAYKZJJDUDWDS-LBPRGKRZSA-N,361.03,3.0,,True,False,False,phase_only,,Small molecule,MOL,0.9166666,85.41892054333454,True,,c1ccccc1,1214,-8.93486964284024,docked,9DKB,-6.31808302727304,docked,7ALV,69.40041350792556,24.017918676774638,87.38800827015851,87.38800827015851,False
REP_01767,CHEMBL141450,SAVIPRAZOLE,[O-][S+](Cc1cc(OCC(F)(F)C(F)(F)C(F)(F)F)ccn1)c1nc2cscc2[nH]1,ARFGGIRJBPTBPP-UHFFFAOYSA-N,461.38,2.0,,True,False,False,phase_only,,Small molecule,MOL,0.9166667,90.38946988820771,True,,c1ccc(C[SH+]c2nc3cscc3[nH]2)nc1,726,-8.93346276978895,docked,9DKB,-5.7591371451382,docked,7ALV,69.3314955203308,50.137835975189525,79.11784975878705,79.11784975878705,False
REP_01110,CHEMBL4756476,NEMTABRUTINIB,O=C(c1ccc(Oc2ccccc2)cc1Cl)c1c[nH]c2ncnc(N[C@@H]3CC[C@@H](CO)OC3)c12,JSFCZQSJQXFJDS-QAPCUYQASA-N,478.94,3.0,,True,False,False,phase_only,,Small molecule,MOL,1.0,98.35917778579156,True,,O=C(c1ccc(Oc2ccccc2)cc1)c1c[nH]c2ncnc(NC3CCCOC3)c12,35,-8.93231861058116,docked,9DKB,-8.20970506752311,docked,7ALV,69.26257753273603,91.38525155065473,98.13921433494141,98.13921433494141,False
REP_01652,CHEMBL131854,POSIZOLID,O=C([C@@H](O)CO)N1CC=C(c2c(F)cc(N3C[C@H](COc4ccon4)OC3=O)cc2F)CC1,HBUJYEUPIIJJOS-PBHICJAKSA-N,465.41,2.0,,True,False,False,phase_only,,Small molecule,MOL,0.9166667,90.38946988820771,True,,O=C1OC(COc2ccon2)CN1c1ccc(C2=CCNCC2)cc1,647,-8.92935637710066,docked,9DKB,-6.39910493245448,docked,7ALV,69.19365954514129,50.137835975189525,88.1461061337009,88.1461061337009,False
REP_07853,CHEMBL3828009,LY-2874455,C[C@@H](Oc1ccc2[nH]nc(/C=C/c3cnn(CCO)c3)c2c1)c1c(Cl)cncc1Cl,GKJCVYLDJWTWQU-CXLRFSCWSA-N,444.32,1.0,,True,False,False,phase_only,,Small molecule,MOL,0.91666675,95.30592619305204,True,,C(=Cc1n[nH]c2ccc(OCc3ccncc3)cc12)c1cn[nH]c1,360,-8.92925479246789,docked,9DKB,-4.94604639613304,docked,7ALV,69.12474155754651,75.63749138525155,60.234321157822194,75.63749138525155,False
REP_05478,CHEMBL3137304,DAGROCORAT,Cc1ncccc1NC(=O)c1ccc2c(c1)CC[C@@H]1C[C@@](O)(C(F)(F)F)CC[C@@]21Cc1ccccc1,QJJBNCHSWFGXML-KEKPKEOLSA-N,494.56,2.0,,True,False,False,phase_only,,Small molecule,MOL,0.9166667,90.38946988820771,True,,O=C(Nc1cccnc1)c1ccc2c(c1)CCC1CCCCC21Cc1ccccc1,772,-8.92690063385984,docked,9DKB,-3.04804416304335,docked,7ALV,69.05582356995176,50.137835975189525,21.157822191592,50.137835975189525,False
REP_01022,CHEMBL4297639,LORECIVIVINT,CC(C)CC(=O)Nc1cncc(-c2ccc3[nH]nc(-c4nc5cncc(-c6cccc(F)c6)c5[nH]4)c3c2)c1,AQDWDWAYVBQMAM-UHFFFAOYSA-N,505.56,3.0,,True,False,False,phase_only,,Small molecule,MOL,1.0,98.35917778579156,True,,c1ccc(-c2cncc3nc(-c4n[nH]c5ccc(-c6cccnc6)cc45)[nH]c23)cc1,85,-8.92223233977051,docked,9DKB,-4.73014931161549,docked,7ALV,68.986905582357,91.38525155065473,55.89248793935218,91.38525155065473,False
REP_06760,CHEMBL4847260,BEROTERKIB ANHYDROUS,COc1cc(F)cc([C@@H](CO)NC(=O)[C@@H](C)N2Cc3ccc(-c4nc(NC5CCOCC5)ncc4Cl)cc3C2=O)c1,BVRGQPJKSKKGIH-PUAOIOHZSA-N,584.05,2.0,,True,False,False,phase_only,,Small molecule,MOL,0.91666675,95.30592619305204,True,,O=C(CN1Cc2ccc(-c3ccnc(NC4CCOCC4)n3)cc2C1=O)NCc1ccccc1,455,-8.9212617662205,docked,9DKB,-5.7694804725653,docked,7ALV,68.91798759476224,75.63749138525155,79.25568573397656,79.25568573397656,False
REP_05836,CHEMBL3704901,ZUNSEMETINIB,Cc1cnc(-c2ccnc(C(C)(C)O)n2)cc1-n1c(C)cc(OCc2ncc(F)cc2F)c(Cl)c1=O,FQPQMJULRZINPV-UHFFFAOYSA-N,513.93,2.0,,True,False,False,phase_only,,Small molecule,MOL,0.9166667,90.38946988820771,True,,O=c1cc(OCc2ccccn2)ccn1-c1ccnc(-c2ccncn2)c1,600,-8.91807332871042,docked,9DKB,-5.23531747642322,docked,7ALV,68.84906960716748,50.137835975189525,68.09097174362509,68.09097174362509,False
REP_00940,CHEMBL4091374,LANIFIBRANOR,O=C(O)CCCc1cc2cc(Cl)ccc2n1S(=O)(=O)c1ccc2ncsc2c1,OQDQIFQRNZIEEJ-UHFFFAOYSA-N,434.93,3.0,,True,False,False,phase_only,,Small molecule,MOL,0.9166666,85.41892054333454,True,,O=S(=O)(c1ccc2ncsc2c1)n1ccc2ccccc21,1154,-8.91726611799882,docked,9DKB,-1.02943458677616,docked,7ALV,68.78015161957272,24.017918676774638,5.375603032391451,24.017918676774638,False
REP_06839,CHEMBL5095057,BEXIRESTRANT,CC1=C(c2cc(F)cc(F)c2)[C@H](c2ccc(/C=C/CN3CC(CF)C3)cc2)Oc2cc(O)ccc21,DVZLOPUYTKPWHJ-MPWQXXDYSA-N,477.53,2.0,,True,False,False,phase_only,,Small molecule,MOL,1.0,98.35917778579156,True,,C(=Cc1ccc(C2Oc3ccccc3C=C2c2ccccc2)cc1)CN1CCC1,122,-8.91679691467644,docked,9DKB,-0.493856817096862,docked,7ALV,68.71123363197795,91.38525155065473,3.9283252929014467,91.38525155065473,False
REP_07957,CHEMBL4297451,XL-888,CC[C@@H](C)Nc1cc(C(=O)N[C@H]2C[C@H]3CC[C@@H](C2)N3c2ccc(C(=O)C3CC3)cn2)c(C)cc1C(N)=O,LHGWWAFKVCIILM-HLRQEUIKSA-N,503.65,1.0,,True,False,False,phase_only,,Small molecule,MOL,1.0,98.35917778579156,True,,O=C(NC1CC2CCC(C1)N2c1ccc(C(=O)C2CC2)cn1)c1ccccc1,132,-8.91544576564548,docked,9DKB,-3.21126496363461,docked,7ALV,68.64231564438319,91.38525155065473,23.432115782219153,91.38525155065473,False
REP_00871,CHEMBL3622820,ITACITINIB,N#CCC1(n2cc(-c3ncnc4[nH]ccc34)cn2)CN(C2CCN(C(=O)c3ccnc(C(F)(F)F)c3F)CC2)C1,KTBSXLIQKWEBRB-UHFFFAOYSA-N,553.52,3.0,,True,False,False,phase_only,,Small molecule,MOL,0.9166667,90.38946988820771,True,,O=C(c1ccncc1)N1CCC(N2CC(n3cc(-c4ncnc5[nH]ccc45)cn3)C2)CC1,793,-8.91536876975316,docked,9DKB,-4.53464856353041,docked,7ALV,68.57339765678843,50.137835975189525,50.86147484493453,50.86147484493453,False
REP_07732,CHEMBL256563,MONEPANTEL,C[C@](C#N)(COc1cc(C#N)ccc1C(F)(F)F)NC(=O)c1ccc(SC(F)(F)F)cc1,WTERNLDOAPYGJD-SFHVURJKSA-N,473.4,1.0,,True,False,False,phase_only,,Small molecule,MOL,0.84744334,83.62783988460151,True,,O=C(NCCOc1ccccc1)c1ccccc1,1363,-8.90951687879354,docked,9DKB,-4.49618636822016,docked,7ALV,68.50447966919366,14.541695382494831,49.55203308063405,49.55203308063405,False
REP_07154,CHEMBL5416250,OCADUSERTIB,CN1C(=O)[C@@H](NC(=O)c2nnc(Cc3ccccc3)[nH]2)COc2ccc(C#CC(C)(C)O)cc21,SQBZJKIINNRUFC-SFHVURJKSA-N,459.51,2.0,,True,False,False,phase_only,,Small molecule,MOL,0.62175953,82.00504868373602,True,,O=C(NC1COc2ccccc2NC1=O)c1nnc(Cc2ccccc2)[nH]1,1498,-8.90764112533676,docked,9DKB,-6.44273631486222,docked,7ALV,68.4355616815989,5.926946933149552,88.76636802205375,88.76636802205375,False
REP_03237,CHEMBL2104978,PELIGLITAZAR,COc1ccc(OC(=O)N(CC(=O)O)[C@@H](C)c2ccc(OCCc3nc(-c4ccccc4)oc3C)cc2)cc1,CUADMYMMZWFUCY-FQEVSTJZSA-N,530.58,2.0,,True,False,False,phase_only,,Small molecule,MOL,0.9166667,90.38946988820771,True,,O=C(NCc1ccc(OCCc2coc(-c3ccccc3)n2)cc1)Oc1ccccc1,577,-8.90328237371627,docked,9DKB,-6.24810608161544,docked,7ALV,68.36664369400414,50.137835975189525,86.4920744314266,86.4920744314266,False
REP_07056,CHEMBL5314494,ZAVONDEMSTAT,CC(C)c1ccc(N(C)c2ccc3c(c2)OCC[C@H]3CNc2cnccc2C(=O)O)cc1,NDVITLLKZQXKGU-IBGZPJMESA-N,431.54,2.0,,True,False,False,phase_only,,Small molecule,MOL,0.9166667,90.38946988820771,True,,c1ccc(Nc2ccc3c(c2)OCCC3CNc2cccnc2)cc1,690,-8.90266621984726,docked,9DKB,-4.15849348253672,docked,7ALV,68.29772570640938,50.137835975189525,41.48862853204687,50.137835975189525,False
REP_07809,CHEMBL3545085,XL-228,CC(C)c1cc(CNc2nc(Nc3cc(C4CC4)[nH]n3)cc(N3CCN(C)CC3)n2)on1,ALKJNCZNEOTEMP-UHFFFAOYSA-N,437.55,1.0,,True,False,False,phase_only,,Small molecule,MOL,0.91666675,95.30592619305204,True,,c1cc(CNc2nc(Nc3cc(C4CC4)[nH]n3)cc(N3CCNCC3)n2)on1,299,-8.90124385111232,docked,9DKB,-5.90580078462243,docked,7ALV,68.22880771881461,75.63749138525155,81.18538938662991,81.18538938662991,False
REP_06199,CHEMBL412309,AR-67,CC[C@@]1(O)C(=O)OCc2c1cc1n(c2=O)Cc2c-1nc1ccc(O)cc1c2[Si](C)(C)C(C)(C)C,XUSKJHCMMWAAHV-SANMLTNESA-N,478.62,2.0,,True,False,False,phase_only,,Small molecule,MOL,0.59974265,81.84877990143046,True,,O=C1Cc2cc3n(c(=O)c2CO1)Cc1cc2ccccc2nc1-3,1511,-8.89702860463624,docked,9DKB,-4.00419431554622,docked,7ALV,68.15988973121985,5.031013094417643,37.90489317711923,37.90489317711923,False
REP_07608,CHEMBL1614766,RO-4987655,O=C(NOCCO)c1cc(CN2OCCCC2=O)c(F)c(F)c1Nc1ccc(I)cc1F,FIMYFEGKMOCQKT-UHFFFAOYSA-N,565.29,1.0,,True,False,False,phase_only,,Small molecule,MOL,0.9166667,90.38946988820771,True,,O=C1CCCON1Cc1ccc(Nc2ccccc2)cc1,668,-8.89544041164958,docked,9DKB,-5.117543318468,docked,7ALV,68.09097174362509,50.137835975189525,65.19641626464508,65.19641626464508,False
REP_03701,CHEMBL2105653,SETILEUTON,CC[C@](O)(c1nnc(NCc2ccc3c(-c4ccc(F)cc4)cc(=O)oc3c2)o1)C(F)(F)F,MAOIDRRXRLYJNV-NRFANRHFSA-N,463.39,2.0,,True,False,False,phase_only,,Small molecule,MOL,0.9166667,90.38946988820771,True,,O=c1cc(-c2ccccc2)c2ccc(CNc3nnco3)cc2o1,1007,-8.89161222512332,docked,9DKB,-5.89650868690296,docked,7ALV,68.02205375603032,50.137835975189525,81.11647139903515,81.11647139903515,False
REP_05710,CHEMBL3545163,AMP579,CCNC(=O)[C@H]1CC(n2ccc3c(NC(CC)Cc4sccc4Cl)ncnc32)[C@H](O)[C@@H]1O,CKQOOYMMAAPDKH-NXKGBEFYSA-N,478.02,2.0,,True,False,False,phase_only,,Small molecule,MOL,0.9166667,90.38946988820771,True,,c1csc(CCNc2ncnc3c2ccn3C2CCCC2)c1,662,-8.89152032431393,docked,9DKB,-2.35619988629255,docked,7ALV,67.95313576843556,50.137835975189525,12.887663680220541,50.137835975189525,False
REP_07867,CHEMBL3939295,H3B-6527,C=CC(=O)Nc1cc(N2CCN(CC)CC2)ccc1Nc1cc(N(C)C(=O)Nc2c(Cl)c(OC)cc(OC)c2Cl)ncn1,MBWRLLRCTIYXDW-UHFFFAOYSA-N,629.55,1.0,,True,False,False,phase_only,,Small molecule,MOL,0.9166667,90.38946988820771,True,,O=C(Nc1ccccc1)Nc1cc(Nc2ccc(N3CCNCC3)cc2)ncn1,826,-8.89120898266203,docked,9DKB,-3.69836265387478,docked,7ALV,67.8842177808408,50.137835975189525,31.564438318401102,50.137835975189525,False
REP_02548,CHEMBL2103842,VARLITINIB,C[C@@H]1COC(Nc2ccc3ncnc(Nc4ccc(OCc5nccs5)c(Cl)c4)c3c2)=N1,UWXSAYUXVSFDBQ-CYBMUJFWSA-N,466.95,2.0,,True,False,False,phase_only,,Small molecule,MOL,1.0,98.35917778579156,True,,c1csc(COc2ccc(Nc3ncnc4ccc(NC5=NCCO5)cc34)cc2)n1,94,-8.88961904204662,docked,9DKB,-4.77409445947774,docked,7ALV,67.81529979324603,91.38525155065473,57.06409372846313,91.38525155065473,False
REP_08242,CHEMBL602070,BMS-394136,CC1=C(C(=O)N2CCC[C@H]2c2ccc(F)cc2)[C@@H](c2ccc(Cl)c(Cl)c2)n2nccc2N1,LADJRPDOKVCQCG-NZQKXSOJSA-N,471.36,1.0,,True,False,False,phase_only,,Small molecule,MOL,0.9166667,90.38946988820771,True,,O=C(C1=CNc2ccnn2C1c1ccccc1)N1CCCC1c1ccccc1,511,-8.88548212709544,docked,9DKB,-4.19151597048574,docked,7ALV,67.74638180565127,50.137835975189525,41.833218470020675,50.137835975189525,False
REP_05902,CHEMBL383581,EDONENTAN,Cc1onc(NS(=O)(=O)c2ccccc2-c2ccc(-c3ncco3)cc2CN(C)C(=O)CC(C)(C)C)c1C,ORJRYNKVKJAJPY-UHFFFAOYSA-N,536.65,2.0,,True,False,False,phase_only,,Small molecule,MOL,1.0,98.35917778579156,True,,O=S(=O)(Nc1ccon1)c1ccccc1-c1ccc(-c2ncco2)cc1,23,-8.88461380924227,docked,9DKB,-3.59133849416276,docked,7ALV,67.67746381805651,91.38525155065473,29.97932460372157,91.38525155065473,False
REP_06953,CHEMBL5182222,SELVIGALTIN,OC[C@H]1O[C@H](Sc2cncc(Br)c2)[C@H](O)[C@@H](n2cc(-c3cc(F)c(F)c(F)c3)nn2)[C@H]1O,FNCLKJPMEFPXOR-QFACEVIFSA-N,533.33,2.0,,True,False,False,phase_only,,Small molecule,MOL,0.91666675,95.30592619305204,True,,c1ccc(-c2cn(C3CCOC(Sc4cccnc4)C3)nn2)cc1,295,-8.88034582940609,docked,9DKB,-6.61983799850457,docked,7ALV,67.60854583046175,75.63749138525155,91.0406616126809,91.0406616126809,False
REP_07319,CHEMBL6068059,LUVOMETINIB,Cn1c(=O)c(F)c(Nc2ccc(I)cc2F)c2c(=O)n(C3CC3)nc(-c3cccc(NS(=O)(=O)C4CC4)c3)c21,RJFDJJABNSVLRB-UHFFFAOYSA-N,665.46,2.0,,True,False,False,phase_only,,Small molecule,MOL,0.9166667,90.38946988820771,True,,O=c1cc(Nc2ccccc2)c2c(=O)n(C3CC3)nc(-c3cccc(NS(=O)(=O)C4CC4)c3)c2[nH]1,1077,-8.87597583403583,docked,9DKB,-6.51423037185691,docked,7ALV,67.53962784286699,50.137835975189525,89.66230186078566,89.66230186078566,False
REP_07093,CHEMBL5314541,TACACICLIB,CC(C)[C@H](C(=O)Nc1cc(C2CC2)[nH]n1)c1cccc(-c2ccc(NC(=O)/C=C/CN3CCOCC3)nc2)c1,CVAXNGIXLUILFO-KPGJNUASSA-N,528.66,2.0,,True,False,False,phase_only,,Small molecule,MOL,1.0,98.35917778579156,True,,O=C(C=CCN1CCOCC1)Nc1ccc(-c2cccc(CC(=O)Nc3cc(C4CC4)[nH]n3)c2)cn1,103,-8.87545450731287,docked,9DKB,-1.77456392945075,docked,7ALV,67.47070985527223,91.38525155065473,8.89042039972433,91.38525155065473,False
REP_08206,CHEMBL5314969,TSN-084,CC(C)Oc1ccc(C(=O)Nc2ccc(Oc3cc4cnn(C)c4cc3-c3cn[nH]c3)c(F)c2)c(=O)n1-c1ccc(F)cc1,XSDZOIYDMHIIAQ-UHFFFAOYSA-N,596.59,1.0,,True,False,False,phase_only,,Small molecule,MOL,0.9166666,85.41892054333454,True,,O=C(Nc1ccc(Oc2cc3cn[nH]c3cc2-c2cn[nH]c2)cc1)c1cccn(-c2ccccc2)c1=O,1103,-8.87538913551847,docked,9DKB,-4.5045913973436,docked,7ALV,67.40179186767746,24.017918676774638,49.896623018607855,49.896623018607855,False
REP_05878,CHEMBL37935,COLURACETAM,Cc1oc2nc3c(c(NC(=O)CN4CCCC4=O)c2c1C)CCCC3,PSPGQHXMUKWNDI-UHFFFAOYSA-N,341.41,2.0,,True,False,False,phase_only,,Small molecule,MOL,0.9166667,90.38946988820771,True,,O=C(CN1CCCC1=O)Nc1c2c(nc3occc13)CCCC2,598,-8.875305748705,docked,9DKB,-4.38187950025742,docked,7ALV,67.3328738800827,50.137835975189525,46.65747760165403,50.137835975189525,False
REP_00858,CHEMBL3545235,SIMOTINIB,COc1cc2ncnc(Nc3ccc(F)c(Cl)c3)c2cc1OCCN1CC2(CC2)C2(C1)OCCO2,OXWUWXCJDBRCCG-UHFFFAOYSA-N,500.96,3.0,,True,False,False,phase_only,,Small molecule,MOL,0.9166667,90.38946988820771,True,,c1ccc(Nc2ncnc3ccc(OCCN4CC5(CC5)C5(C4)OCCO5)cc23)cc1,874,-8.87469862034508,docked,9DKB,-2.59199352973971,docked,7ALV,67.26395589248794,50.137835975189525,15.024121295658166,50.137835975189525,False
REP_05366,CHEMBL294029,RAVUCONAZOLE,C[C@@H](c1nc(-c2ccc(C#N)cc2)cs1)[C@](O)(Cn1cncn1)c1ccc(F)cc1F,OPAHEYNNJWPQPX-RCDICMHDSA-N,437.48,2.0,,True,False,False,phase_only,,Small molecule,MOL,0.89867914,83.89830508474576,True,,c1ccc(-c2csc(CC(Cn3cncn3)c3ccccc3)n2)cc1,1341,-8.87368894363332,docked,9DKB,-5.53692536206248,docked,7ALV,67.19503790489318,16.023432115782217,74.43142660234321,74.43142660234321,False
REP_03917,CHEMBL2106261,ETHYL BISCOUMACETATE,CCOC(=O)C(c1c(O)c2ccccc2oc1=O)c1c(O)c2ccccc2oc1=O,JCLHQFUTFHUXNN-UHFFFAOYSA-N,408.36,2.0,,True,False,False,phase_only,,Small molecule,MOL,0.9166667,90.38946988820771,True,,O=c1oc2ccccc2cc1Cc1cc2ccccc2oc1=O,882,-8.86746128287547,docked,9DKB,-4.83722313376456,docked,7ALV,67.12611991729842,50.137835975189525,58.44245348035837,58.44245348035837,False
REP_03233,CHEMBL2104968,FOSDEVIRINE,CO[P@](=O)(c1cc(C)cc(/C=C/C#N)c1)c1c(C(N)=O)[nH]c2ccc(Cl)cc12,CGBYTKOSZYQOPV-ASSBYYIWSA-N,413.8,2.0,,True,False,False,phase_only,,Small molecule,MOL,0.54802006,81.34391152782786,True,,O=[PH](c1ccccc1)c1c[nH]c2ccccc12,1553,-8.86737368177966,docked,9DKB,-3.96766278933119,docked,7ALV,67.05720192970365,2.205375603032391,37.008959338387314,37.008959338387314,False
REP_06202,CHEMBL4130229,VODOBATINIB,Cc1ccc(C(=O)NNC(=O)c2c(C)cccc2Cl)cc1C#Cc1cnc2ccccc2c1,ZQOBVMHBVWNVBG-UHFFFAOYSA-N,453.93,2.0,,True,False,False,phase_only,,Small molecule,MOL,0.9166667,90.38946988820771,True,,O=C(NNC(=O)c1cccc(C#Cc2cnc3ccccc3c2)c1)c1ccccc1,702,-8.86641962766957,docked,9DKB,-3.4496613079008,docked,7ALV,66.9882839421089,50.137835975189525,26.87801516195727,50.137835975189525,False
REP_02062,CHEMBL1697782,METHYLPREDNISOLONE ACEPONATE,CCC(=O)O[C@]1(C(=O)COC(C)=O)CC[C@H]2[C@@H]3C[C@H](C)C4=CC(=O)C=C[C@]4(C)[C@H]3[C@@H](O)C[C@@]21C,DALKLAYLIPSCQL-YPYQNWSCSA-N,472.58,2.0,,True,False,False,phase_only,,Small molecule,MOL,0.5159795,81.0433946387787,True,,O=C1C=CC2C(=C1)CCC1C3CCCC3CCC21,1578,-8.86547845068441,docked,9DKB,-3.09603360900584,docked,7ALV,66.91936595451413,0.7580978635423846,21.709166092350106,21.709166092350106,False
REP_04540,CHEMBL2107563,SORNIDIPINE,COC(=O)C1=C(C)NC(C)=C(C(=O)O[C@@H]2CO[C@H]3[C@@H]2OC[C@@H]3O)C1c1ccccc1[N+](=O)[O-],ODVDIRMTZXLSKT-GLKBHTRHSA-N,460.44,2.0,,True,False,False,phase_only,,Small molecule,MOL,0.70203644,82.65416516408222,True,,O=C(OC1COC2CCOC21)C1=CNC=CC1c1ccccc1,1444,-8.85819521505916,docked,9DKB,-4.88233182761194,docked,7ALV,66.85044796691938,9.303928325292901,59.26946933149553,59.26946933149553,False
REP_02522,CHEMBL2103760,AZAMULIN,CC[C@]1(C)C[C@@H](OC(=O)CSc2nnc(N)[nH]2)[C@]2(C)[C@H](C)CC[C@]3(CCC(=O)[C@H]32)[C@@H](C)[C@@H]1O,FMHQJXGMLMSMLC-WBUYAQKGSA-N,478.66,2.0,,True,False,False,phase_only,,Small molecule,MOL,0.9166667,90.38946988820771,True,,O=C(CSc1nnc[nH]1)OC1CCCCC23CCCC1C2C(=O)CC3,1087,-8.85320050110701,docked,9DKB,-2.61023848776893,docked,7ALV,66.7815299793246,50.137835975189525,15.230875258442456,50.137835975189525,False
REP_07649,CHEMBL1952329,SGI-1776,CN1CCC(CNc2ccc3ncc(-c4cccc(OC(F)(F)F)c4)n3n2)CC1,MHXGEROHKGDZGO-UHFFFAOYSA-N,405.42,1.0,,True,False,False,phase_only,,Small molecule,MOL,0.6406622,82.14929679047962,True,,c1ccc(-c2cnc3ccc(NCC4CCNCC4)nn23)cc1,1486,-8.85229505742227,docked,9DKB,-6.29392220476909,docked,7ALV,66.71261199172984,6.616126809097174,87.11233631977946,87.11233631977946,False
REP_07846,CHEMBL3764045,TAS-115,CNC(=O)c1cc2c(Oc3ccc(NC(=S)NC(=O)Cc4ccccc4)cc3F)ccnc2cc1OC,ORRNXRYWGDUDOG-UHFFFAOYSA-N,518.57,1.0,,True,False,False,phase_only,,Small molecule,MOL,0.9166666,85.41892054333454,True,,O=C(Cc1ccccc1)NC(=S)Nc1ccc(Oc2ccnc3ccccc23)cc1,1210,-8.84994122074115,docked,9DKB,-4.84963487708058,docked,7ALV,66.64369400413509,24.017918676774638,58.78704341833219,58.78704341833219,False
REP_00308,CHEMBL472,GLYBURIDE,COc1ccc(Cl)cc1C(=O)NCCc1ccc(S(=O)(=O)NC(=O)NC2CCCCC2)cc1,ZNNLBTZKUZBEKO-UHFFFAOYSA-N,494.01,4.0,,False,True,True,primary_atc_phase,,Small molecule,MOL,0.9166666,85.41892054333454,True,,O=C(NC1CCCCC1)NS(=O)(=O)c1ccc(CCNC(=O)c2ccccc2)cc1,1275,-8.84729787879026,docked,9DKB,-4.19889769463834,docked,7ALV,66.57477601654031,24.017918676774638,42.03997243280496,42.03997243280496,False
REP_06404,CHEMBL4297595,LISAVANBULIN,N#CCCNc1nonc1-c1nc2ccccc2n1CC(=O)c1ccc(NC(=O)[C@@H](N)CCCCN)cc1,NIPZLALJRAHABJ-IBGZPJMESA-N,515.58,2.0,,True,False,False,phase_only,,Small molecule,MOL,1.0,98.35917778579156,True,,O=C(Cn1c(-c2cnon2)nc2ccccc21)c1ccccc1,89,-8.84290032393047,docked,9DKB,-2.67671124951788,docked,7ALV,66.50585802894555,91.38525155065473,15.98897312198484,91.38525155065473,False
REP_01510,CHEMBL121810,GANSTIGMINE,CCc1ccccc1NC(=O)Oc1ccc2c(c1)[C@]1(C)CCN(C)O[C@@H]1N2C,ZOBDWFRKFSPCRB-UNMCSNQZSA-N,381.48,2.0,,True,False,False,phase_only,,Small molecule,MOL,0.9166667,90.38946988820771,True,,O=C(Nc1ccccc1)Oc1ccc2c(c1)C1CCNOC1N2,565,-8.84110674805648,docked,9DKB,-4.61542179224562,docked,7ALV,66.4369400413508,50.137835975189525,52.58442453480359,52.58442453480359,False
REP_07621,CHEMBL168640,PPL-100,COC(=O)N[C@H](C(=O)NCCCC[C@@H](CO)N(CC(C)C)S(=O)(=O)c1ccc(N)cc1)C(c1ccccc1)c1ccccc1,QAHLFXYLXBBCPS-IZEXYCQBSA-N,624.8,1.0,,True,False,False,phase_only,,Small molecule,MOL,0.91666675,95.30592619305204,True,,O=C(CC(c1ccccc1)c1ccccc1)NCCCCCNS(=O)(=O)c1ccccc1,378,-8.83964560293913,docked,9DKB,1.43843576841268,docked,7ALV,66.36802205375602,75.63749138525155,1.1716057891109632,75.63749138525155,False
REP_06137,CHEMBL3990804,EDAGLITAZONE,Cc1oc(-c2ccccc2)nc1CCOc1ccc(CC2SC(=O)NC2=O)c2sccc12,HAAXAFNSRADSMK-UHFFFAOYSA-N,464.57,2.0,,True,False,False,phase_only,,Small molecule,MOL,0.91666675,95.30592619305204,True,,O=C1NC(=O)C(Cc2ccc(OCCc3coc(-c4ccccc4)n3)c3ccsc23)S1,412,-8.83802195785518,docked,9DKB,-5.09511379514011,docked,7ALV,66.29910406616126,75.63749138525155,64.7829083390765,75.63749138525155,False
REP_03478,CHEMBL2105304,PYRINOLINE,OC(C1=CC(=C(c2ccccn2)c2ccccn2)C=C1)(c1ccccn1)c1ccccn1,NCZXKYCNHGRFHE-UHFFFAOYSA-N,416.48,2.0,,True,False,False,phase_only,,Small molecule,MOL,0.9166667,90.38946988820771,True,,C1=CC(=C(c2ccccn2)c2ccccn2)C=C1C(c1ccccn1)c1ccccn1,740,-8.83674438769886,docked,9DKB,-3.79585602684477,docked,7ALV,66.2301860785665,50.137835975189525,33.49414197105445,50.137835975189525,False
REP_01119,CHEMBL481611,ODANACATIB,CC(C)(F)C[C@H](N[C@@H](c1ccc(-c2ccc(S(C)(=O)=O)cc2)cc1)C(F)(F)F)C(=O)NC1(C#N)CC1,FWIVDMJALNEADT-SFTDATJTSA-N,525.57,3.0,,True,False,False,phase_only,,Small molecule,MOL,0.94844246,96.65825219377328,True,,O=C(CNCc1ccc(-c2ccccc2)cc1)NC1CC1,279,-8.83311029575045,docked,9DKB,-3.17836801630158,docked,7ALV,66.16126809097173,82.42591316333562,23.08752584424535,82.42591316333562,False
REP_06509,CHEMBL446373,ELISARTAN,CCCCc1nc(Cl)c(C(=O)OC(C)OC(=O)OCC)n1Cc1ccc(-c2ccccc2-c2nn[nH]n2)cc1,IDAWWPOAHPVPMY-UHFFFAOYSA-N,553.02,2.0,,True,False,False,phase_only,,Small molecule,MOL,0.86409837,83.68794326241135,True,,c1ccc(-c2nn[nH]n2)c(-c2ccc(Cn3ccnc3)cc2)c1,1358,-8.83299728632634,docked,9DKB,-7.23097798805816,docked,7ALV,66.09235010337697,14.886285320468643,95.17574086836665,95.17574086836665,False
REP_01003,CHEMBL4297524,RADOTINIB,Cc1cn(-c2cc(NC(=O)c3ccc(C)c(Nc4nccc(-c5cnccn5)n4)c3)cc(C(F)(F)F)c2)cn1,DUPWHXBITIZIKZ-UHFFFAOYSA-N,530.51,3.0,,True,False,False,phase_only,,Small molecule,MOL,0.9166667,90.38946988820771,True,,O=C(Nc1cccc(-n2ccnc2)c1)c1cccc(Nc2nccc(-c3cnccn3)n2)c1,958,-8.82992073181919,docked,9DKB,-2.45835142160051,docked,7ALV,66.02343211578223,50.137835975189525,13.921433494141965,50.137835975189525,False
REP_08126,CHEMBL5095166,APG-2449,Cc1cc(Nc2ncc(Cl)c(Nc3ccccc3S(=O)(=O)C(C)C)n2)c(OC(C)C)cc1C1=CCN(C2CCOCC2)CC1,YWPHBSHEGTZPNS-UHFFFAOYSA-N,640.25,1.0,,True,False,False,phase_only,,Small molecule,MOL,0.9166667,90.38946988820771,True,,C1=C(c2ccc(Nc3nccc(Nc4ccccc4)n3)cc2)CCN(C2CCOCC2)C1,522,-8.82638491005561,docked,9DKB,-2.18271987928203,docked,7ALV,65.95451412818745,50.137835975189525,11.716057891109577,50.137835975189525,False
REP_05770,CHEMBL3590106,ULIXERTINIB,CC(C)Nc1cc(-c2c[nH]c(C(=O)N[C@H](CO)c3cccc(Cl)c3)c2)c(Cl)cn1,KSERXGMCDHOLSS-LJQANCHMSA-N,433.34,2.0,,True,False,False,phase_only,,Small molecule,MOL,1.0,98.35917778579156,True,,O=C(NCc1ccccc1)c1cc(-c2ccncc2)c[nH]1,114,-8.82390141364978,docked,9DKB,-3.8585643518599,docked,7ALV,65.8855961405927,91.38525155065473,34.87250172294969,91.38525155065473,False
REP_01093,CHEMBL4650323,TOLEBRUTINIB,C=CC(=O)N1CCC[C@@H](n2c(=O)n(-c3ccc(Oc4ccccc4)cc3)c3c(N)nccc32)C1,KOEUOFPEZFUWRF-LJQANCHMSA-N,455.52,3.0,,True,False,False,phase_only,,Small molecule,MOL,0.5042851,80.92318788315903,True,,O=c1n(-c2ccc(Oc3ccccc3)cc2)c2cnccc2n1C1CCCNC1,1588,-8.81178161141807,docked,9DKB,-4.15471729037445,docked,7ALV,65.81667815299794,0.06891798759476223,41.35079255685734,41.35079255685734,False
REP_07099,CHEMBL5314547,UPLARAFENIB,CCCS(=O)(=O)Nc1cc(F)c(F)c(C(=O)c2ccc3ncc(N4CCOCC4)nc3c2)c1F,HAYBWDINAFTFCJ-UHFFFAOYSA-N,494.5,2.0,,True,False,False,phase_only,,Small molecule,MOL,0.91666675,95.30592619305204,True,,O=C(c1ccccc1)c1ccc2ncc(N3CCOCC3)nc2c1,422,-8.80714042120587,docked,9DKB,-2.25774291068327,docked,7ALV,65.74776016540316,75.63749138525155,12.267401791867682,75.63749138525155,False
REP_05378,CHEMBL296373,EDATREXATE,CCC(Cc1cnc2nc(N)nc(N)c2n1)c1ccc(C(=O)N[C@@H](CCC(=O)O)C(=O)O)cc1,FSIRXIHZBIXHKT-MHTVFEQDSA-N,467.49,2.0,,True,False,False,phase_only,,Small molecule,MOL,0.9166667,90.38946988820771,True,,c1ccc(CCc2cnc3ncncc3n2)cc1,782,-8.8051512691577,docked,9DKB,-4.72807672532125,docked,7ALV,65.6788421778084,50.137835975189525,55.75465196416265,55.75465196416265,False
REP_00267,CHEMBL363295,TERODILINE,CC(CC(c1ccccc1)c1ccccc1)NC(C)(C)C,UISARWKNNNHPGI-UHFFFAOYSA-N,281.44,4.0,,False,True,True,primary_atc_phase,,Small molecule,MOL,0.9166667,90.38946988820771,True,,c1ccc(Cc2ccccc2)cc1,867,-8.79713260699485,docked,9DKB,-3.62029804698409,docked,7ALV,65.60992419021365,50.137835975189525,30.530668504479674,50.137835975189525,False
REP_07120,CHEMBL5314911,BMS-986310,CC(C)NC(=O)c1ccc2c(c1)[C@]1(CCO2)C[C@H]1C(=O)Nc1cc(C#N)ccc1CCCC(=O)O,QSRLBYGDVFRMPT-IDISGSTGSA-N,475.55,2.0,,True,False,False,phase_only,,Small molecule,MOL,1.0,98.35917778579156,True,,O=C(Nc1ccccc1)C1CC12CCOc1ccccc12,105,-8.7904927235165,docked,9DKB,-5.65263631193178,docked,7ALV,65.54100620261889,91.38525155065473,76.91247415575465,91.38525155065473,False
REP_08099,CHEMBL482767,SNS-314,O=C(Nc1cccc(Cl)c1)Nc1ncc(CCNc2ncnc3ccsc23)s1,FAYAUAZLLLJJGH-UHFFFAOYSA-N,430.95,1.0,,True,False,False,phase_only,,Small molecule,MOL,1.0,98.35917778579156,True,,O=C(Nc1ccccc1)Nc1ncc(CCNc2ncnc3ccsc23)s1,264,-8.78925369608282,docked,9DKB,-7.49318112726436,docked,7ALV,65.47208821502413,91.38525155065473,96.20951068228808,96.20951068228808,False
REP_05302,CHEMBL283820,SPIROGLUMIDE,O=C(O)CC[C@@H](NC(=O)c1cc(Cl)cc(Cl)c1)C(=O)N1CCC2(CCCC2)CC1,FJCZHMXAGBYXHJ-QGZVFWFLSA-N,441.36,2.0,,True,False,False,phase_only,,Small molecule,MOL,0.78337806,83.31530231999038,True,,O=C(NCC(=O)N1CCC2(CCCC2)CC1)c1ccccc1,1389,-8.78609579759328,docked,9DKB,-5.97360878148284,docked,7ALV,65.40317022742937,12.749827705031013,82.35699517574086,82.35699517574086,False
REP_06374,CHEMBL4297470,NEFEXTINIB,COc1cc(F)ccc1-c1c(C)sc2cnc(Nc3cnn(C4CCNCC4)c3)nc12,AVIOBQFPAGEICQ-UHFFFAOYSA-N,438.53,2.0,,True,False,False,phase_only,,Small molecule,MOL,1.0,98.35917778579156,True,,c1ccc(-c2csc3cnc(Nc4cnn(C5CCNCC5)c4)nc23)cc1,125,-8.78517279817158,docked,9DKB,-1.05328446965351,docked,7ALV,65.3342522398346,91.38525155065473,5.582356995175742,91.38525155065473,False
REP_05429,CHEMBL304639,ZOLASARTAN,CCCCc1nc(Cl)c(C(=O)O)n1Cc1ccc2oc(-c3ccccc3-c3nnn[nH]3)c(Br)c2c1,FIKYECRHLXONOX-UHFFFAOYSA-N,555.82,2.0,,True,False,False,phase_only,,Small molecule,MOL,0.9166667,90.38946988820771,True,,c1ccc(-c2cc3cc(Cn4ccnc4)ccc3o2)c(-c2nnn[nH]2)c1,804,-8.78474183723743,docked,9DKB,-4.66544170901167,docked,7ALV,65.26533425223984,50.137835975189525,54.16953824948312,54.16953824948312,False
REP_06332,CHEMBL4297366,CG-200745,CN(C)CCCNC(=O)/C(=C/CCCCC(=O)NO)COc1cccc2ccccc12,AUGCSOFQTDKPSO-RGVLZGJSSA-N,427.55,2.0,,True,False,False,phase_only,,Small molecule,MOL,0.52839804,81.10349801658853,True,,c1ccc2ccccc2c1,1573,-8.7808293482915,docked,9DKB,-3.90059481061109,docked,7ALV,65.19641626464508,1.1026878015161956,35.56168159889731,35.56168159889731,False
REP_08167,CHEMBL5314383,MLN-0415,C[C@@H]1CN(C(=O)CN2CC(C)(C)OC[C@H]2C(=O)Nc2cc(Cl)cc3c2[nH]c2cnccc23)C[C@H](C)O1,BQBAVNBXWBYXIF-DMPWYTOCSA-N,514.03,1.0,,True,False,False,phase_only,,Small molecule,MOL,1.0,98.35917778579156,True,,O=C(Nc1cccc2c1[nH]c1cnccc12)C1COCCN1CC(=O)N1CCOCC1,267,-8.77908604644867,docked,9DKB,-2.57746458799959,docked,7ALV,65.12749827705031,91.38525155065473,14.748449345279113,91.38525155065473,False
REP_05821,CHEMBL3681419,BASMISANIL,Cc1onc(-c2ccc(F)cc2)c1COc1ccc(C(=O)N2CCS(=O)(=O)CC2)cn1,VCGRFBXVSFAGGA-UHFFFAOYSA-N,445.47,2.0,,True,False,False,phase_only,,Small molecule,MOL,0.9166667,90.38946988820771,True,,O=C(c1ccc(OCc2conc2-c2ccccc2)nc1)N1CCS(=O)(=O)CC1,648,-8.77637949754553,docked,9DKB,-5.05536164040185,docked,7ALV,65.05858028945555,50.137835975189525,63.54238456237078,63.54238456237078,False
REP_02318,CHEMBL189676,SURINABANT,CCc1c(C(=O)NN2CCCCC2)nn(-c2ccc(Cl)cc2Cl)c1-c1ccc(Br)cc1,HMXDWDSNPRNUKI-UHFFFAOYSA-N,522.27,2.0,,True,False,False,phase_only,,Small molecule,MOL,0.9166667,90.38946988820771,True,,O=C(NN1CCCCC1)c1cc(-c2ccccc2)n(-c2ccccc2)n1,591,-8.77361799387761,docked,9DKB,-1.70743582340979,docked,7ALV,64.98966230186079,50.137835975189525,8.407994486560987,50.137835975189525,False
REP_02875,CHEMBL2104373,ALILUSEM,Cc1ccccc1C(=O)N1CC/C(=N\OS(=O)(=O)O)c2ccc(Cl)cc21,QQCSUWGQBREWRO-XDJHFCHBSA-N,394.84,2.0,,True,False,False,phase_only,,Small molecule,MOL,0.9166667,90.38946988820771,True,,N=C1CCN(C(=O)c2ccccc2)c2ccccc21,720,-8.76726374526008,docked,9DKB,-3.97986882409506,docked,7ALV,64.92074431426602,50.137835975189525,37.215713301171604,50.137835975189525,False
REP_00291,CHEMBL416146,ETORICOXIB,Cc1ccc(-c2ncc(Cl)cc2-c2ccc(S(C)(=O)=O)cc2)cn1,MNJVRJDLRVPLFE-UHFFFAOYSA-N,358.85,4.0,,False,True,True,primary_atc_phase,,Small molecule,MOL,0.588873,81.71655247024883,True,,c1ccc(-c2cccnc2-c2cccnc2)cc1,1522,-8.76272346148763,docked,9DKB,-7.37476029110985,docked,7ALV,64.85182632667126,4.272915230875259,95.72708476912474,95.72708476912474,False
REP_00821,CHEMBL31965,CANERTINIB,C=CC(=O)Nc1cc2c(Nc3ccc(F)c(Cl)c3)ncnc2cc1OCCCN1CCOCC1,OMZCMEYTWSXEPZ-UHFFFAOYSA-N,485.95,3.0,,True,False,False,phase_only,,Small molecule,MOL,0.9166667,90.38946988820771,True,,c1ccc(Nc2ncnc3cc(OCCCN4CCOCC4)ccc23)cc1,733,-8.76256368527201,docked,9DKB,-3.81088006678522,docked,7ALV,64.7829083390765,50.137835975189525,33.97656788421778,50.137835975189525,False
REP_03997,CHEMBL2106430,GLICARAMIDE,CCn1nc(C)c2c(OCCC(C)C)c(C(=O)NCCc3ccc(S(=O)(=O)NC(=O)NC4CCCCC4)cc3)cnc21,DIBGLVNSPMMGHO-UHFFFAOYSA-N,598.77,2.0,,True,False,False,phase_only,,Small molecule,MOL,0.9166667,90.38946988820771,True,,O=C(NC1CCCCC1)NS(=O)(=O)c1ccc(CCNC(=O)c2cnc3[nH]ncc3c2)cc1,808,-8.75931704276929,docked,9DKB,-6.50948773059356,docked,7ALV,64.71399035148173,50.137835975189525,89.5933838731909,89.5933838731909,False
REP_07880,CHEMBL4059888,RINTODESTRANT,Cc1cc(F)cc(C)c1C(=O)c1sc2cc(O)ccc2c1Oc1ccc(/C=C/C(=O)O)cc1,KOAITBOFZOEDOC-BJMVGYQFSA-N,462.5,1.0,,True,False,False,phase_only,,Small molecule,MOL,0.9166666,85.41892054333454,True,,O=C(c1ccccc1)c1sc2ccccc2c1Oc1ccccc1,1274,-8.75452515658191,docked,9DKB,-4.73415714947448,docked,7ALV,64.64507236388697,24.017918676774638,55.96140592694694,55.96140592694694,False
REP_01979,CHEMBL1619785,TALAMPICILLIN,CC1(C)S[C@@H]2[C@H](NC(=O)[C@H](N)c3ccccc3)C(=O)N2[C@H]1C(=O)OC1OC(=O)c2ccccc21,SOROUYSPFADXSN-SUWVAFIASA-N,481.53,2.0,,True,False,False,phase_only,,Small molecule,MOL,0.89608186,83.88027407140282,True,,O=C(Cc1ccccc1)NC1C(=O)N2C(C(=O)OC3OC(=O)c4ccccc43)CSC12,1342,-8.75418258520102,docked,9DKB,-3.67202025963195,docked,7ALV,64.57615437629221,15.920055134390076,31.219848380427294,31.219848380427294,False
REP_02505,CHEMBL207433,SB-705498,O=C(Nc1ccccc1Br)N[C@@H]1CCN(c2ccc(C(F)(F)F)cn2)C1,JYILLRHXRVTRSH-GFCCVEGCSA-N,429.24,2.0,,True,False,False,phase_only,,Small molecule,MOL,0.9166667,90.38946988820771,True,,O=C(Nc1ccccc1)NC1CCN(c2ccccn2)C1,503,-8.74695494823666,docked,9DKB,-4.86875964395214,docked,7ALV,64.50723638869744,50.137835975189525,59.131633356306004,59.131633356306004,False
REP_05792,CHEMBL364447,DISERMOLIDE,C=C/C=C\[C@H](C)[C@H](OC(N)=O)[C@@H](C)[C@H](O)[C@@H](C)C/C(C)=C\[C@H](C)[C@@H](O)[C@@H](C)/C=C\[C@@H](O)C[C@@H]1OC(=O)[C@H](C)[C@@H](O)[C@H]1C,AADVCYNFEREWOS-OBRABYBLSA-N,593.8,2.0,,True,False,False,phase_only,,Small molecule,MOL,1.0,98.35917778579156,True,,O=C1CCCCO1,27,-8.74678834795105,docked,9DKB,-3.12012974036123,docked,7ALV,64.43831840110269,91.38525155065473,22.05375603032391,91.38525155065473,False
REP_07665,CHEMBL2063215,SC-43,N#Cc1ccc(Oc2cccc(NC(=O)Nc3ccc(Cl)c(C(F)(F)F)c3)c2)cc1,QIBWSQJZKMUZAK-UHFFFAOYSA-N,431.8,1.0,,True,False,False,phase_only,,Small molecule,MOL,0.91666675,95.30592619305204,True,,O=C(Nc1ccccc1)Nc1cccc(Oc2ccccc2)c1,341,-8.72946362315024,docked,9DKB,-4.91755338906056,docked,7ALV,64.36940041350793,75.63749138525155,59.75189524465885,75.63749138525155,False
REP_06503,CHEMBL4457723,BMS-741672,CC(C)N(C)[C@@H]1CC[C@H](N2CC[C@H](Nc3ncnc4ccc(C(F)(F)F)cc34)C2=O)[C@H](NS(C)(=O)=O)C1,PJTGSIKANITYOO-RCOXNQKVSA-N,542.63,2.0,,True,False,False,phase_only,,Small molecule,MOL,0.91666675,95.30592619305204,True,,O=C1C(Nc2ncnc3ccccc23)CCN1C1CCCCC1,453,-8.72842200097273,docked,9DKB,-4.82114848023645,docked,7ALV,64.30048242591316,75.63749138525155,57.96002756719504,75.63749138525155,False
REP_07089,CHEMBL5314537,RESIGRATINIB,C=CC(=O)N1C[C@@H](n2nc(C#Cc3c(F)cc4c(ncn4C4CC4)c3F)c(C(N)=O)c2NC)C[C@@H]1COC,YXVDEILMUVTDMK-JKSUJKDBSA-N,523.54,2.0,,True,False,False,phase_only,,Small molecule,MOL,0.9166666,85.41892054333454,True,,C(#Cc1ccn(C2CCNC2)n1)c1ccc2c(c1)ncn2C1CC1,1229,-8.72030687855971,docked,9DKB,-3.37068860443779,docked,7ALV,64.2315644383184,24.017918676774638,25.844245348035834,25.844245348035834,False
REP_04666,CHEMBL2107822,FILOREXANT,Cc1ccc(-c2ncccn2)c(C(=O)N2C[C@H](COc3ccc(F)cn3)CC[C@H]2C)c1,NPFDWHQSDBWQLH-QZTJIDSGSA-N,420.49,2.0,,True,False,False,phase_only,,Small molecule,MOL,1.0,98.35917778579156,True,,O=C(c1ccccc1-c1ncccn1)N1CCCC(COc2ccccn2)C1,4,-8.71400404631697,docked,9DKB,-4.58728649507025,docked,7ALV,64.16264645072364,91.38525155065473,51.89524465885596,91.38525155065473,False
REP_07941,CHEMBL4297375,AZELOPRAZOLE SODIUM,Cc1cnc(C[S@@+]([O-])c2nc3ccccc3[n-]2)c(C)c1OCC1COC(C)(C)OC1,CMRLRNSHMNAZNU-SSEXGKCCSA-N,428.53,1.0,,True,False,False,phase_only,,Small molecule,MOL,0.91666675,95.30592619305204,True,,c1ccc2[n-]c([SH+]Cc3cc(OCC4COCOC4)ccn3)nc2c1,368,-8.70220287131965,docked,9DKB,-3.98520598438402,docked,7ALV,64.09372846312887,75.63749138525155,37.28463128876637,75.63749138525155,False
REP_06317,CHEMBL4297315,PCI-27483,N=C(N)c1ccc2nc(-c3cc(CC(=O)N[C@@H](CC(=O)O)C(=O)O)cc(-c4cc(S(N)(=O)=O)ccc4O)c3O)[nH]c2c1,WDJHHCAKBRKCLW-IBGZPJMESA-N,596.58,2.0,,True,False,False,phase_only,,Small molecule,MOL,0.7580373,83.03882678206516,True,,c1ccc(-c2cccc(-c3nc4ccccc4[nH]3)c2)cc1,1412,-8.69463599957108,docked,9DKB,-7.33658251929442,docked,7ALV,64.02481047553412,11.371467953135769,95.65816678152999,95.65816678152999,False
REP_03782,CHEMBL2105986,CICLOTIZOLAM,Clc1ccccc1C1=NCc2nnc(C3CCCCC3)n2-c2sc(Br)cc21,ZOSHXIXUCKESEG-UHFFFAOYSA-N,461.82,2.0,,True,False,False,phase_only,,Small molecule,MOL,0.9166667,90.38946988820771,True,,c1ccc(C2=NCc3nnc(C4CCCCC4)n3-c3sccc32)cc1,933,-8.69185562066091,docked,9DKB,-3.11824751818956,docked,7ALV,63.95589248793936,50.137835975189525,21.984838042729148,50.137835975189525,False
REP_07885,CHEMBL4076124,LSZ-102,CC(F)(F)c1cc(F)ccc1-c1sc2cc(O)ccc2c1Oc1ccc(/C=C/C(=O)O)cc1,SJXNPGGVGZXKKI-NYYWCZLTSA-N,470.47,1.0,,True,False,False,phase_only,,Small molecule,MOL,1.0,98.35917778579156,True,,c1ccc(Oc2c(-c3ccccc3)sc3ccccc23)cc1,131,-8.6906617162907,docked,9DKB,-0.611850530655097,docked,7ALV,63.88697450034459,91.38525155065473,4.203997243280499,91.38525155065473,False
REP_03810,CHEMBL2106056,CRONIDIPINE,COC(=O)C1=C(C)NC(C)=C(C(=O)OCC2COC3(CCN(c4ccc(Cl)cc4)CC3)O2)[C@H]1c1cccc([N+](=O)[O-])c1,CNIJVNPIIHWRRP-WKDCXCOVSA-N,598.05,2.0,,True,False,False,phase_only,,Small molecule,MOL,0.9166667,90.38946988820771,True,,O=C(OCC1COC2(CCN(c3ccccc3)CC2)O1)C1=CNC=CC1c1ccccc1,880,-8.68981625832354,docked,9DKB,-4.32646757204447,docked,7ALV,63.818056512749834,50.137835975189525,45.55478980013784,50.137835975189525,False
REP_03535,CHEMBL2105401,TIOCLOMAROL,O=c1oc2ccccc2c(O)c1C(CC(O)c1ccc(Cl)cc1)c1ccc(Cl)s1,WRGOVNKNTPWHLZ-UHFFFAOYSA-N,447.34,2.0,,True,False,False,phase_only,,Small molecule,MOL,1.0,98.35917778579156,True,,O=c1oc2ccccc2cc1C(CCc1ccccc1)c1cccs1,149,-8.68855363693751,docked,9DKB,-6.21726541230979,docked,7ALV,63.74913852515507,91.38525155065473,86.00964851826328,91.38525155065473,False
REP_05015,CHEMBL2218890,ELGODIPINE,CC1=C(C(=O)OCCN(C)Cc2ccc(F)cc2)C(c2cccc3c2OCO3)C(C(=O)OC(C)C)=C(C)N1,ZGRIPYHIFXGCHR-UHFFFAOYSA-N,524.59,2.0,,True,False,False,phase_only,,Small molecule,MOL,0.9166667,90.38946988820771,True,,O=C(OCCNCc1ccccc1)C1=CNC=CC1c1cccc2c1OCO2,999,-8.68601197870102,docked,9DKB,-4.39467028923236,docked,7ALV,63.6802205375603,50.137835975189525,46.93314955203308,50.137835975189525,False
REP_07908,CHEMBL4249337,ONAMETOSTAT,Nc1nc2cc(CC[C@H]3C[C@@H](n4ccc5c(N)ncnc54)[C@H](O)[C@@H]3O)ccc2cc1Br,DBSMLQTUDJVICQ-CJODITQLSA-N,483.37,1.0,,True,False,False,phase_only,,Small molecule,MOL,0.91666675,95.30592619305204,True,,c1cnc2cc(CCC3CCC(n4ccc5cncnc54)C3)ccc2c1,325,-8.68554651186044,docked,9DKB,-4.1321867639616,docked,7ALV,63.611302549965544,75.63749138525155,41.00620261888353,75.63749138525155,False
REP_08079,CHEMBL476413,JHU-75528 C-11,[11CH3]Oc1ccc(-c2c(C#N)c(C(=O)NN3CCCCC3)nn2-c2ccc(Cl)cc2Cl)cc1,MCNQUWLLXZZZAC-BJUDXGSMSA-N,469.36,1.0,,True,False,False,phase_only,,Small molecule,MOL,0.5507438,81.38598389229475,True,,O=C(NN1CCCCC1)c1cc(-c2ccccc2)n(-c2ccccc2)n1,1549,-8.68333334317163,docked,9DKB,-2.92681550362465,docked,7ALV,63.5079255685734,2.4465885596140593,19.400413507925574,19.400413507925574,False
REP_08162,CHEMBL514215,JHU-75528,COc1ccc(-c2c(C#N)c(C(=O)NN3CCCCC3)nn2-c2ccc(Cl)cc2Cl)cc1,MCNQUWLLXZZZAC-UHFFFAOYSA-N,470.36,1.0,,True,False,False,phase_only,,Small molecule,MOL,0.5507438,81.38598389229475,True,,O=C(NN1CCCCC1)c1cc(-c2ccccc2)n(-c2ccccc2)n1,1550,-8.68333334317163,docked,9DKB,-2.92681550362465,docked,7ALV,63.5079255685734,2.4465885596140593,19.400413507925574,19.400413507925574,False
REP_07205,CHEMBL5750400,OFIRNOFLAST,Nc1ncnc2c1c(-c1ccc(NC(=O)Nc3cc(C4(C(F)(F)F)CC4)on3)c(F)c1)cn2C1CC1,MJUUWYZZPRAKCW-UHFFFAOYSA-N,501.44,2.0,,True,False,False,phase_only,,Small molecule,MOL,1.0,98.35917778579156,True,,O=C(Nc1ccc(-c2cn(C3CC3)c3ncncc23)cc1)Nc1cc(C2CC2)on1,20,-8.68187073050447,docked,9DKB,-6.56747889393011,docked,7ALV,63.40454858718125,91.38525155065473,90.48931771192281,91.38525155065473,False
REP_02375,CHEMBL1922282,LIRIMILAST,CS(=O)(=O)Oc1ccc2c(NC(N)=O)c(C(=O)c3ccc(Cl)cc3Cl)oc2c1,YPFLFUJKZDAXRA-UHFFFAOYSA-N,443.26,2.0,,True,False,False,phase_only,,Small molecule,MOL,1.0,98.35917778579156,True,,O=C(c1ccccc1)c1cc2ccccc2o1,240,-8.68032621015518,docked,9DKB,-4.4576563604512,docked,7ALV,63.33563059958649,91.38525155065473,48.587181254307374,91.38525155065473,False
REP_07235,CHEMBL590985,TALOTREXIN,Nc1nc(N)c2nc(CNc3ccc(C(=O)N[C@@H](CCCNC(=O)c4ccccc4C(=O)O)C(=O)O)cc3)cnc2n1,NYQPLPNEESYGNO-IBGZPJMESA-N,573.57,2.0,,True,False,False,phase_only,,Small molecule,MOL,0.596773,81.81271787474455,True,,O=C(NCCCCNC(=O)c1ccc(NCc2cnc3ncncc3n2)cc1)c1ccccc1,1514,-8.67475822754431,docked,9DKB,-7.87651754446147,docked,7ALV,63.26671261199173,4.824259131633356,97.58787043418332,97.58787043418332,False
REP_07785,CHEMBL3335793,AZD3965,Cc1[nH]nc(C(F)(F)F)c1Cc1sc2c(c1C(=O)N1C[C@](C)(O)CO1)c(=O)n(C)c(=O)n2C(C)C,PRNXOFBDXNTIFG-FQEVSTJZSA-N,515.51,1.0,,True,False,False,phase_only,,Small molecule,MOL,0.57495093,81.60836639019114,True,,O=C(c1c(Cc2cn[nH]c2)sc2[nH]c(=O)[nH]c(=O)c12)N1CCCO1,1531,-8.6676124045404,docked,9DKB,-3.56306612464268,docked,7ALV,63.19779462439696,3.652653342522398,29.221226740179183,29.221226740179183,False
REP_05885,CHEMBL3818875,GSK2256294,CNc1nc(C)nc(N[C@H]2CCC[C@@H](C(=O)NCc3ccc(C#N)cc3C(F)(F)F)C2)n1,LQHDJQIMETZMPH-ZBFHGGJFSA-N,447.47,2.0,,True,False,False,phase_only,,Small molecule,MOL,1.0,98.35917778579156,True,,O=C(NCc1ccccc1)C1CCCC(Nc2ncncn2)C1,25,-8.66498702588929,docked,9DKB,-4.44709333981815,docked,7ALV,63.128876636802204,91.38525155065473,48.44934527911785,91.38525155065473,False
REP_05763,CHEMBL3581693,BRILANESTRANT,CC/C(=C(/c1ccc(/C=C/C(=O)O)cc1)c1ccc2[nH]ncc2c1)c1ccc(F)cc1Cl,BURHGPHDEVGCEZ-KJGLQBJMSA-N,446.91,2.0,,True,False,False,phase_only,,Small molecule,MOL,0.9166667,90.38946988820771,True,,C(=C(c1ccccc1)c1ccc2[nH]ncc2c1)c1ccccc1,651,-8.66151241797728,docked,9DKB,-3.55021689622901,docked,7ALV,63.05995864920744,50.137835975189525,28.94555478980014,50.137835975189525,False
REP_01572,CHEMBL1240967,PF-00610355,CC(C)(Cc1cccc(CC(=O)NCc2cccc(-c3ccc(O)cc3)c2)c1)NC[C@H](O)c1ccc(O)c(NS(C)(=O)=O)c1,YPHDIMUXXABSSO-YTTGMZPUSA-N,617.77,2.0,,True,False,False,phase_only,,Small molecule,MOL,0.9166666,85.41892054333454,True,,O=C(Cc1cccc(CCNCCc2ccccc2)c1)NCc1cccc(-c2ccccc2)c1,1109,-8.65144351517801,docked,9DKB,59.2628141700162,docked,7ALV,62.99104066161267,24.017918676774638,0.0,24.017918676774638,False
REP_08214,CHEMBL5415591,ONO-7684,Nc1ccc(-c2nc([C@H]3CCc4cc(-c5cc(Cl)ccc5-n5cnnn5)cc(=O)n43)c(F)[nH]2)c(F)n1,YVACZLFZCFGMPP-QGZVFWFLSA-N,507.89,1.0,,True,False,False,phase_only,,Small molecule,MOL,1.0,98.35917778579156,True,,O=c1cc(-c2ccccc2-n2cnnn2)cc2n1C(c1c[nH]c(-c3cccnc3)n1)CC2,270,-8.65098943994427,docked,9DKB,-3.54209667116783,docked,7ALV,62.92212267401791,91.38525155065473,28.532046864231564,91.38525155065473,False
REP_06082,CHEMBL3989787,ALMURTIDE,CC(=O)N[C@H]1C(O)O[C@H](CO)[C@@H](O)[C@@H]1OCC(=O)N[C@@H](C)C(=O)N[C@H](CCC(=O)O)C(N)=O,KCUSRWLYTAYGAU-KQSQHPHMSA-N,478.46,2.0,,True,False,False,phase_only,,Small molecule,MOL,0.621001,81.9810073326121,True,,C1CCOCC1,1500,-8.64505050629974,docked,9DKB,-6.13097108138243,docked,7ALV,62.85320468642316,5.789110957960028,84.97587870434184,84.97587870434184,False
REP_00833,CHEMBL3318007,PIMODIVIR,O=C(O)[C@H]1C2CCC(CC2)[C@@H]1Nc1nc(-c2c[nH]c3ncc(F)cc23)ncc1F,JGPXDNKSIXAZEQ-SBBZOCNPSA-N,399.4,3.0,,True,False,False,phase_only,,Small molecule,MOL,1.0,98.35917778579156,True,,c1cnc2[nH]cc(-c3nccc(NC4CC5CCC4CC5)n3)c2c1,166,-8.64504666627772,docked,9DKB,-6.4559664558522,docked,7ALV,62.784286698828396,91.38525155065473,88.90420399724329,91.38525155065473,False
REP_05414,CHEMBL3039513,DECERNOTINIB,CC[C@@](C)(Nc1ccnc(-c2c[nH]c3ncccc23)n1)C(=O)NCC(F)(F)F,ASUGUQWIHMTFJL-QGZVFWFLSA-N,392.39,2.0,,True,False,False,phase_only,,Small molecule,MOL,0.9166666,85.41892054333454,True,,c1cnc(-c2c[nH]c3ncccc23)nc1,1216,-8.64484814158156,docked,9DKB,-5.4354344242632,docked,7ALV,62.71536871123363,24.017918676774638,71.67470709855273,71.67470709855273,False
REP_05218,CHEMBL272980,MOCETINOSTAT,Nc1ccccc1NC(=O)c1ccc(CNc2nccc(-c3cccnc3)n2)cc1,HRNLUBSXIHFDHP-UHFFFAOYSA-N,396.45,2.0,,True,False,False,phase_only,,Small molecule,MOL,0.5766208,81.62038706575309,True,,O=C(Nc1ccccc1)c1ccc(CNc2nccc(-c3cccnc3)n2)cc1,1530,-8.64314325879925,docked,9DKB,-5.79911877299763,docked,7ALV,62.64645072363887,3.7215713301171607,79.66919365954514,79.66919365954514,False
REP_03415,CHEMBL2105217,PIRODOMAST,O=c1c(N2CCCC2)c(O)c2cccnc2n1-c1ccccc1,ULGABHCZIJXUFO-UHFFFAOYSA-N,307.35,2.0,,True,False,False,phase_only,,Small molecule,MOL,0.9166667,90.38946988820771,True,,O=c1c(N2CCCC2)cc2cccnc2n1-c1ccccc1,743,-8.64286683780499,docked,9DKB,-4.6838121942856,docked,7ALV,62.577532736044105,50.137835975189525,54.9276361130255,54.9276361130255,False
REP_07756,CHEMBL30054,DPOC-4088,O=C(Cn1c(Cl)cnc(NCC(F)(F)c2ccccn2)c1=O)NCc1ncccc1F,AATHXZYXWMKUFC-UHFFFAOYSA-N,452.82,1.0,,True,False,False,phase_only,,Small molecule,MOL,0.6803049,82.44981367952879,True,,O=C(Cn1ccnc(NCCc2ccccn2)c1=O)NCc1ccccn1,1461,-8.6348700874811,docked,9DKB,-6.63816025623538,docked,7ALV,62.50861474844934,8.270158511371468,91.10957960027567,91.10957960027567,False
REP_08134,CHEMBL5095191,PF-06842874,CC(=O)c1c(C)c2cnc(N[C@@H]3CCOC[C@H]3O)cc2n(C2CCCC2)c1=O,PITORJXKOJWMTN-SJLPKXTDSA-N,385.46,1.0,,True,False,False,phase_only,,Small molecule,MOL,1.0,98.35917778579156,True,,O=c1ccc2cnc(NC3CCOCC3)cc2n1C1CCCC1,39,-8.63078811485015,docked,9DKB,-3.85865446446532,docked,7ALV,62.43969676085459,91.38525155065473,34.94141971054445,91.38525155065473,False
REP_00449,CHEMBL1231160,PEVONEDISTAT,NS(=O)(=O)OC[C@@H]1C[C@@H](n2ccc3c(N[C@H]4CCc5ccccc54)ncnc32)C[C@@H]1O,MPUQHZXIXSTTDU-QXGSTGNESA-N,443.53,3.0,,True,False,False,phase_only,,Small molecule,MOL,0.9166667,90.38946988820771,True,,c1ccc2c(c1)CCC2Nc1ncnc2c1ccn2C1CCCC1,749,-8.63069901780729,docked,9DKB,-7.7285641392752,docked,7ALV,62.37077877325983,50.137835975189525,97.31219848380427,97.31219848380427,False
REP_02471,CHEMBL2029422,PF-4136309,O=C(NCC(=O)N1CC[C@H](N[C@H]2CC[C@@](O)(c3ccc(-c4ncccn4)cn3)CC2)C1)c1cccc(C(F)(F)F)c1,ZNSVOHSYDRPBGI-LXWOLXCRSA-N,568.6,2.0,,True,False,False,phase_only,,Small molecule,MOL,0.91666675,95.30592619305204,True,,O=C(NCC(=O)N1CCC(NC2CCC(c3ccc(-c4ncccn4)cn3)CC2)C1)c1ccccc1,308,-8.62775493526819,docked,9DKB,-4.25236048864317,docked,7ALV,62.30186078566506,75.63749138525155,43.76292212267402,75.63749138525155,False
REP_02650,CHEMBL2104072,ASERIPIDE,C[C@H](C(=O)O)c1cccc(NC(=O)NCC(=O)N2[C@@H](c3ccccc3F)SC[C@H]2C(=O)OC(C)(C)C)c1,IPIGNHDAVWQEDN-GJULWVSJSA-N,531.61,2.0,,True,False,False,phase_only,,Small molecule,MOL,0.9166667,90.38946988820771,True,,O=C(NCC(=O)N1CCSC1c1ccccc1)Nc1ccccc1,944,-8.62751130721406,docked,9DKB,-4.67329960873849,docked,7ALV,62.2329427980703,50.137835975189525,54.65196416264645,54.65196416264645,False
REP_07565,CHEMBL1090173,SD-0006,O=C(CO)N1CCC(c2n[nH]c(-c3ccc(Cl)cc3)c2-c2ccncn2)CC1,CATQHDWESBRRQA-UHFFFAOYSA-N,397.87,1.0,,True,False,False,phase_only,,Small molecule,MOL,1.0,98.35917778579156,True,,c1ccc(-c2[nH]nc(C3CCNCC3)c2-c2ccncn2)cc1,67,-8.62516592803255,docked,9DKB,-5.78275483742211,docked,7ALV,62.16402481047554,91.38525155065473,79.46243969676085,91.38525155065473,False
REP_07764,CHEMBL3120793,GS-6620,CC(C)OC(=O)[C@H](C)N[P@+]([O-])(OC[C@H]1O[C@@](C#N)(c2ccc3c(N)ncnn23)[C@](C)(O)[C@@H]1OC(=O)C(C)C)Oc1ccccc1,YAAQYJCOIFNMKX-RSTNYOGXSA-N,644.62,1.0,,True,False,False,phase_only,,Small molecule,MOL,0.9166667,90.38946988820771,True,,c1ccc(O[PH2+]OCC2CCC(c3ccc4cncnn34)O2)cc1,759,-8.62511674601458,docked,9DKB,-5.09511278347587,docked,7ALV,62.09510682288077,50.137835975189525,64.71399035148173,64.71399035148173,False
REP_01564,CHEMBL1236924,INT131,O=S(=O)(Nc1cc(Cl)c(Oc2cnc3ccccc3c2)c(Cl)c1)c1ccc(Cl)cc1Cl,NMRWDFUZLLQSBN-UHFFFAOYSA-N,514.22,2.0,,True,False,False,phase_only,,Small molecule,MOL,0.9166666,85.41892054333454,True,,O=S(=O)(Nc1ccc(Oc2cnc3ccccc3c2)cc1)c1ccccc1,1253,-8.62154468427285,docked,9DKB,-8.16096088130602,docked,7ALV,62.026188835286014,24.017918676774638,97.93246037215714,97.93246037215714,False
REP_01964,CHEMBL1615867,AZACLORZINE,O=C(CCN1CCN2CCCC2C1)N1c2ccccc2Sc2ccc(Cl)cc21,ZQTOZLYOIRKCPL-UHFFFAOYSA-N,413.97,2.0,,True,False,False,phase_only,,Small molecule,MOL,0.85981786,83.66390191128743,True,,O=C(CCN1CCN2CCCC2C1)N1c2ccccc2Sc2ccccc21,1360,-8.6205306227255,docked,9DKB,-4.9325895116183,docked,7ALV,61.95727084769125,14.748449345279118,60.0275671950379,60.0275671950379,False
REP_05598,CHEMBL3304244,LY-2940094,Cc1nn(-c2ncccc2CO)cc1CN1CCC2(CC1)OCC(F)(F)c1cc(Cl)sc12,NKQHBJNRBKHUQR-UHFFFAOYSA-N,480.97,2.0,,True,False,False,phase_only,,Small molecule,MOL,0.91666675,95.30592619305204,True,,c1ccc(-n2cc(CN3CCC4(CC3)OCCc3ccsc34)cn2)nc1,376,-8.6153794039569,docked,9DKB,-5.62438341988999,docked,7ALV,61.88835286009648,75.63749138525155,76.49896623018608,76.49896623018608,False
REP_07310,CHEMBL6068046,CENACITINIB,CNc1cc(Nc2cc(F)cc3c2OCCO3)nc2c(NC(=O)N[C@@H]3C[C@@H]3F)cnn12,WMXUGUJEUBVMSQ-WDEREUQCSA-N,431.4,2.0,,True,False,False,phase_only,,Small molecule,MOL,0.9166666,85.41892054333454,True,,O=C(Nc1cnn2ccc(Nc3cccc4c3OCCO4)nc12)NC1CC1,1156,-8.61448257279137,docked,9DKB,-4.04528853847824,docked,7ALV,61.81943487250172,24.017918676774638,38.800827015851134,38.800827015851134,False
REP_07606,CHEMBL1614710,OSI-930,O=C(Nc1ccc(OC(F)(F)F)cc1)c1sccc1NCc1ccnc2ccccc12,FGTCROZDHDSNIO-UHFFFAOYSA-N,443.45,1.0,,True,False,False,phase_only,,Small molecule,MOL,0.9166667,90.38946988820771,True,,O=C(Nc1ccccc1)c1sccc1NCc1ccnc2ccccc12,688,-8.60910353111202,docked,9DKB,-2.43166558311985,docked,7ALV,61.75051688490696,50.137835975189525,13.714679531357687,50.137835975189525,False
REP_06874,CHEMBL5095099,EXARAFENIB,Cc1ccc(NC(=O)N2CC[C@@H](CC(F)(F)F)C2)cc1-c1cc(N[C@H](C)CO)nc(N2CCOCC2)c1,GZMYLSJUNSCMTD-MOPGFXCFSA-N,521.58,2.0,,True,False,False,phase_only,,Small molecule,MOL,1.0,98.35917778579156,True,,O=C(Nc1cccc(-c2ccnc(N3CCOCC3)c2)c1)N1CCCC1,151,-8.60762588284467,docked,9DKB,-5.75094471136529,docked,7ALV,61.6815988973122,91.38525155065473,78.91109579600275,91.38525155065473,False
REP_01352,CHEMBL1095284,CEFATRIZINE,N[C@@H](C(=O)N[C@@H]1C(=O)N2C(C(=O)O)=C(CSc3c[nH]nn3)CS[C@H]12)c1ccc(O)cc1,UOCJDOLVGGIYIQ-PBFPGSCMSA-N,462.51,2.0,,True,False,False,phase_only,,Small molecule,MOL,0.9166666,85.41892054333454,True,,O=C(Cc1ccccc1)NC1C(=O)N2C=C(CSc3c[nH]nn3)CSC12,1262,-8.60345892207666,docked,9DKB,-5.53173117174112,docked,7ALV,61.61268090971743,24.017918676774638,74.29359062715368,74.29359062715368,False
REP_06331,CHEMBL4297363,UCB-1184197,CCOC(=O)[C@H](Cc1ccc(Nc2nccc3ccncc23)cc1)NC1=C(Br)C(=O)C12CCCCC2,QCYAXXZCQKMTMO-QFIPXVFZSA-N,549.47,2.0,,True,False,False,phase_only,,Small molecule,MOL,0.9166666,85.41892054333454,True,,O=C1C=C(NCCc2ccc(Nc3nccc4ccncc34)cc2)C12CCCCC2,1198,-8.60023632989534,docked,9DKB,-7.52871418652126,docked,7ALV,61.54376292212267,24.017918676774638,96.41626464507236,96.41626464507236,False
REP_07345,CHEMBL6068539,ASP-8302,C[C@@H]1CCCN1Cc1sc(NC(=O)c2cnc(N3CCN(CCC(=O)O)[C@@H](C)C3)cn2)nc1-c1cc(Cl)cs1,QEVOTPLHYBIHKJ-SJORKVTESA-N,590.18,2.0,,True,False,False,phase_only,,Small molecule,MOL,1.0,98.35917778579156,True,,O=C(Nc1nc(-c2cccs2)c(CN2CCCC2)s1)c1cnc(N2CCNCC2)cn1,71,-8.59965489786919,docked,9DKB,-3.50145311495369,docked,7ALV,61.47484493452791,91.38525155065473,27.429359062715363,91.38525155065473,False
REP_08147,CHEMBL5095235,EZM-0414,CC(=O)N1CCN([C@H]2CCC[C@@H](NC(=O)c3cc4c(F)ccc(C)c4[nH]3)C2)CC1,PGNLXEBQMQHFNK-SJORKVTESA-N,400.5,1.0,,True,False,False,phase_only,,Small molecule,MOL,0.9166667,90.38946988820771,True,,O=C(NC1CCCC(N2CCNCC2)C1)c1cc2ccccc2[nH]1,1025,-8.59907472002846,docked,9DKB,-6.12247626320068,docked,7ALV,61.40592694693314,50.137835975189525,84.70020675396277,84.70020675396277,False
REP_01061,CHEMBL4583691,NAPORAFENIB,Cc1ccc(NC(=O)c2ccnc(C(F)(F)F)c2)cc1-c1cc(OCCO)nc(N2CCOCC2)c1,UEPXBTCUIIGYCY-UHFFFAOYSA-N,502.49,3.0,,True,False,False,phase_only,,Small molecule,MOL,1.0,98.35917778579156,True,,O=C(Nc1cccc(-c2ccnc(N3CCOCC3)c2)c1)c1ccncc1,272,-8.59838724362855,docked,9DKB,-6.19378800156697,docked,7ALV,61.33700895933838,91.38525155065473,85.66505858028945,91.38525155065473,False
REP_05864,CHEMBL3746388,TERN-101,Cn1cc(C(=O)O)c2ccc(N3CCC(OCc4c(-c5c(Cl)cccc5Cl)noc4C4CC4)CC3)cc21,RPVDFHPBGBMWID-UHFFFAOYSA-N,540.45,2.0,,True,False,False,phase_only,,Small molecule,MOL,0.9166667,90.38946988820771,True,,c1ccc(-c2noc(C3CC3)c2COC2CCN(c3ccc4cc[nH]c4c3)CC2)cc1,609,-8.5982652297226,docked,9DKB,-5.49132532485308,docked,7ALV,61.268090971743625,50.137835975189525,73.05306685044796,73.05306685044796,False
REP_07972,CHEMBL4297675,RALANITEN ACETATE,CC(=O)OC[C@H](COc1ccc(C(C)(C)c2ccc(OC[C@@H](CCl)OC(C)=O)cc2)cc1)OC(C)=O,HGHVYYKTOXUQNT-CLJLJLNGSA-N,521.01,1.0,,True,False,False,phase_only,,Small molecule,MOL,0.9166667,90.38946988820771,True,,c1ccc(Cc2ccccc2)cc1,954,-8.59140091086004,docked,9DKB,-5.06469118631021,docked,7ALV,61.199172984148866,50.137835975189525,64.02481047553412,64.02481047553412,False
REP_02354,CHEMBL1908354,CEFCANEL,Cc1nnc(SCC2=C(C(=O)O)N3C(=O)[C@@H](NC(=O)[C@H](O)c4ccccc4)[C@H]3SC2)s1,VDFFPBOAOLQAJV-SUYBPPKGSA-N,478.58,2.0,,True,False,False,phase_only,,Small molecule,MOL,0.9166667,90.38946988820771,True,,O=C(Cc1ccccc1)NC1C(=O)N2C=C(CSc3nncs3)CSC12,940,-8.59065689041585,docked,9DKB,-5.33940890034249,docked,7ALV,61.1302549965541,50.137835975189525,70.02067539627843,70.02067539627843,False
REP_08213,CHEMBL5409389,NT-0796,CC(C)OC(=O)[C@@H](Cc1ncccn1)OC(=O)Nc1c2c(cc3c1CCC3)CCC2,UMUQEMHROZVOTF-LJQANCHMSA-N,409.49,1.0,,True,False,False,phase_only,,Small molecule,MOL,1.0,98.35917778579156,True,,O=C(Nc1c2c(cc3c1CCC3)CCC2)OCCc1ncccn1,5,-8.58675218217422,docked,9DKB,-6.40958862996077,docked,7ALV,61.061337008959335,91.38525155065473,88.42177808407995,91.38525155065473,False
REP_04977,CHEMBL2165620,PF-04991532,O=C(O)c1ccc(NC(=O)[C@H](CC2CCCC2)n2cnc(C(F)(F)F)c2)nc1,GKMLFBRLRVQVJO-ZDUSSCGKSA-N,396.37,2.0,,True,False,False,phase_only,,Small molecule,MOL,0.9166667,90.38946988820771,True,,O=C(Nc1ccccn1)C(CC1CCCC1)n1ccnc1,1012,-8.58608233299602,docked,9DKB,-5.89531895632094,docked,7ALV,60.992419021364576,50.137835975189525,81.04755341144039,81.04755341144039,False
REP_06212,CHEMBL4167360,IDH305,Cc1cc([C@H](C)Nc2nccc(N3C(=O)OC[C@@H]3[C@@H](C)F)n2)ncc1-c1ccnc(C(F)(F)F)c1,DCGDPJCUIKLTDU-QWQRMKEZSA-N,490.46,2.0,,True,False,False,phase_only,,Small molecule,MOL,1.0,98.35917778579156,True,,O=C1OCCN1c1ccnc(NCc2ccc(-c3ccncc3)cn2)n1,195,-8.57791385020634,docked,9DKB,-5.30848290021182,docked,7ALV,60.92350103376981,91.38525155065473,69.60716747070985,91.38525155065473,False
REP_07026,CHEMBL5314458,EMZELTRECTINIB,NC(=O)c1c(N)nn2ccc(N3C[C@@H](F)C[C@@H]3c3cc(F)ccc3F)nc12,YFTARXQOKASKBW-JOYOIKCWSA-N,376.34,2.0,,True,False,False,phase_only,,Small molecule,MOL,0.9166667,90.38946988820771,True,,c1ccc(C2CCCN2c2ccn3nccc3n2)cc1,735,-8.57757969339209,docked,9DKB,-4.58650572450914,docked,7ALV,60.85458304617506,50.137835975189525,51.75740868366644,51.75740868366644,False
REP_00995,CHEMBL4297502,AVORALSTAT,C=Cc1cc(C(=O)Nc2ccc(C(=N)N)cc2)c(-c2ccc(C(=O)NCC3CC3)nc2C(=O)O)cc1OC,TUWMKPVJGGWGNL-UHFFFAOYSA-N,513.55,3.0,,True,False,False,phase_only,,Small molecule,MOL,1.0,98.35917778579156,True,,O=C(NCC1CC1)c1ccc(-c2ccccc2C(=O)Nc2ccccc2)cn1,63,-8.57470466237905,docked,9DKB,-5.36077515411728,docked,7ALV,60.78566505858029,91.38525155065473,70.64093728463129,91.38525155065473,False
REP_05585,CHEMBL3301608,LANOPEPDEN,Cc1nc(NNC(=O)[C@H](CC2CCCC2)CN(O)C=O)c(F)c(N2CCN3CCOC[C@@H]3C2)n1,SWHNZGMQMGFQGW-MSOLQXFVSA-N,479.56,2.0,,True,False,False,phase_only,,Small molecule,MOL,0.9166666,85.41892054333454,True,,O=C(CCC1CCCC1)NNc1cc(N2CCN3CCOCC3C2)ncn1,1168,-8.56915199065232,docked,9DKB,-4.26085722284864,docked,7ALV,60.716747070985534,24.017918676774638,43.96967608545831,43.96967608545831,False
REP_05440,CHEMBL307177,LY-295501,O=C(Nc1ccc(Cl)c(Cl)c1)NS(=O)(=O)c1ccc2c(c1)CCO2,VAMFSFIPDOODFH-UHFFFAOYSA-N,387.24,2.0,,True,False,False,phase_only,,Small molecule,MOL,0.8995069,83.92835677365068,True,,O=C(Nc1ccccc1)NS(=O)(=O)c1ccc2c(c1)CCO2,1338,-8.56730022678886,docked,9DKB,-7.40708991053309,docked,7ALV,60.64782908339077,16.195727084769125,95.93383873190902,95.93383873190902,False
REP_07007,CHEMBL5314427,VOCIPROTAFIB,Cc1nc(N2CCC3(CC2)CO[C@@H](C)[C@H]3N)c(CO)nc1Sc1ccnc(N)c1Cl,HISJAYUQVHMWTA-BLLLJJGKSA-N,451.0,2.0,,True,False,False,phase_only,,Small molecule,MOL,0.9166667,90.38946988820771,True,,c1cc(Sc2cnc(N3CCC4(CCOC4)CC3)cn2)ccn1,828,-8.56365238014327,docked,9DKB,-4.24530373992114,docked,7ALV,60.57891109579601,50.137835975189525,43.487250172294964,50.137835975189525,False
REP_04688,CHEMBL2110624,TELUDIPINE,CCOC(=O)C1=C(C)NC(CN(C)C)=C(C(=O)OCC)C1c1ccccc1/C=C/C(=O)OC(C)(C)C,DKLVJXTUCNPMDC-FOCLMDBBSA-N,498.62,2.0,,True,False,False,phase_only,,Small molecule,MOL,0.6373103,82.08919341266979,True,,C1=CC(c2ccccc2)C=CN1,1491,-8.56068529071784,docked,9DKB,-3.16131408478586,docked,7ALV,60.50999310820124,6.340454858718125,22.67401791867677,22.67401791867677,False
REP_05693,CHEMBL3544964,RAVOXERTINIB,Cn1nccc1Nc1nccc(-c2ccn([C@H](CO)c3ccc(Cl)c(F)c3)c(=O)c2)n1,RZUOCXOYPYGSKL-GOSISDBHSA-N,440.87,2.0,,True,False,False,phase_only,,Small molecule,MOL,0.9166666,85.41892054333454,True,,O=c1cc(-c2ccnc(Nc3ccn[nH]3)n2)ccn1Cc1ccccc1,1151,-8.55591404155884,docked,9DKB,1.48767365276465,docked,7ALV,60.44107512060648,24.017918676774638,1.0337698139214369,24.017918676774638,False
REP_06586,CHEMBL4594304,DANICAMTIV,Cn1cc(S(=O)(=O)[C@@](C)(F)C2CCN(C(=O)Nc3ccon3)CC2)c(C(F)F)n1,NREKKBAMVWQRES-MRXNPFEDSA-N,435.43,2.0,,True,False,False,phase_only,,Small molecule,MOL,0.9166666,85.41892054333454,True,,O=C(Nc1ccon1)N1CCC(CS(=O)(=O)c2cn[nH]c2)CC1,1299,-8.55172978689285,docked,9DKB,-4.10157581440601,docked,7ALV,60.37215713301172,24.017918676774638,39.9724328049621,39.9724328049621,False
REP_04463,CHEMBL2107409,FUMOXICILLIN,CC1(C)S[C@@H]2[C@H](NC(=O)[C@H](/N=C/c3ccco3)c3ccc(O)cc3)C(=O)N2[C@H]1C(=O)O,BWENFVHXWNVVGN-HANWARPLSA-N,443.48,2.0,,True,False,False,phase_only,,Small molecule,MOL,0.56413853,81.47613895900949,True,,O=C(NC1C(=O)N2CCSC12)C(N=Cc1ccco1)c1ccccc1,1542,-8.55116670839585,docked,9DKB,-5.14686924705258,docked,7ALV,60.30323914541695,2.963473466574776,66.36802205375602,66.36802205375602,False
REP_06709,CHEMBL4753998,ZEGOCRACTIN,Cc1cccc(F)c1C(=O)Nc1cnc(-c2cc3c(cc2Cl)OC(F)(F)O3)cn1,QQMKTHUGOQDEIL-UHFFFAOYSA-N,421.76,2.0,,True,False,False,phase_only,,Small molecule,MOL,0.9166667,90.38946988820771,True,,O=C(Nc1cnc(-c2ccc3c(c2)OCO3)cn1)c1ccccc1,1052,-8.55098259691163,docked,9DKB,-4.76500047529359,docked,7ALV,60.234321157822194,50.137835975189525,56.65058580289455,56.65058580289455,False
REP_06853,CHEMBL5095073,MOTUGIVATREP,O=C(/C=C1\CCOc2cc(C(F)(F)F)ccc21)Nc1cccc2c1C[C@H](O)CC2,MAWBBYZCTDJMDD-HFQYIWAZSA-N,403.4,2.0,,True,False,False,phase_only,,Small molecule,MOL,1.0,98.35917778579156,True,,O=C(C=C1CCOc2ccccc21)Nc1cccc2c1CCCC2,129,-8.55074637982641,docked,9DKB,-6.2651721515781,docked,7ALV,60.16540317022743,91.38525155065473,86.62991040661613,91.38525155065473,False
REP_01165,CHEMBL5095241,TUNLAMETINIB,O=C(NOCCO)c1cc2scnc2c(F)c1Nc1ccc(I)cc1F,UFZJUVFSSINETF-UHFFFAOYSA-N,491.26,3.0,,True,False,False,phase_only,,Small molecule,MOL,0.9166667,90.38946988820771,True,,c1ccc(Nc2ccc3scnc3c2)cc1,1010,-8.54257549434789,docked,9DKB,-4.80458017915841,docked,7ALV,60.09648518263266,50.137835975189525,57.47760165403171,57.47760165403171,False
REP_06088,CHEMBL3989799,PHYTONADIOL SODIUM DIPHOSPHATE,C/C(=C\Cc1c(C)c(OP(=O)([O-])O)c2ccccc2c1OP(=O)([O-])O)CCC[C@H](C)CCC[C@H](C)CCCC(C)C,GWPPODHQIFSQLZ-NKFFZRIASA-L,610.67,2.0,,True,False,False,phase_only,,Small molecule,MOL,0.9166667,90.38946988820771,True,,c1ccc2ccccc2c1,709,-8.54244383213284,docked,9DKB,-3.57477687676516,docked,7ALV,60.0275671950379,50.137835975189525,29.35906271536871,50.137835975189525,False
REP_06994,CHEMBL5314397,ACUMAPIMOD,Cc1ccc(C(=O)NC2CC2)cc1-n1ncc(C(=O)c2cccc(C#N)c2)c1N,VGUSQKZDZHAAEE-UHFFFAOYSA-N,385.43,2.0,,True,False,False,phase_only,,Small molecule,MOL,0.9166667,90.38946988820771,True,,O=C(NC1CC1)c1cccc(-n2cc(C(=O)c3ccccc3)cn2)c1,767,-8.53672898236267,docked,9DKB,-3.78470973631333,docked,7ALV,59.95864920744314,50.137835975189525,33.2184700206754,50.137835975189525,False
REP_05989,CHEMBL3989475,SITALIDONE,CC(C)c1cc(NS(=O)(=O)c2cc(C3(O)CCC(=O)N3C)ccc2Cl)cc(C(C)C)c1O,PGKMOQNZLQCYGZ-UHFFFAOYSA-N,481.01,2.0,,True,False,False,phase_only,,Small molecule,MOL,0.91666675,95.30592619305204,True,,O=C1CCC(c2cccc(S(=O)(=O)Nc3ccccc3)c2)N1,411,-8.53401396920713,docked,9DKB,-3.51879915964256,docked,7ALV,59.88973121984837,75.63749138525155,28.118538938662997,75.63749138525155,False
REP_08136,CHEMBL5095196,SLC-391,Nc1ncc(-c2cnn(C3CCNCC3)c2)cc1-c1nnc(CC2CC2)o1,JYVSYFGHYFXYBE-UHFFFAOYSA-N,365.44,1.0,,True,False,False,phase_only,,Small molecule,MOL,0.9166667,90.38946988820771,True,,c1ncc(-c2nnc(CC3CC3)o2)cc1-c1cnn(C2CCNCC2)c1,530,-8.5329201881387,docked,9DKB,-5.35192827914746,docked,7ALV,59.82081323225361,50.137835975189525,70.22742935906273,70.22742935906273,False
REP_08313,CHEMBL3707363,TRIMETHYLDIPHENYLPROPYLAMINE,CC(CC(c1ccccc1)c1ccccc1)N(C)C,NSHMKXVHJBBKTN-UHFFFAOYSA-N,253.39,-1.0,,False,True,False,atc_only,,Small molecule,MOL,0.67906255,82.43779300396682,True,,c1ccc(Cc2ccccc2)cc1,1462,-8.5219941025612,docked,9DKB,-3.44462043663841,docked,7ALV,59.75189524465885,8.201240523776706,26.809097174362506,26.809097174362506,False
REP_00697,CHEMBL2107786,TERUTROBAN,Cc1ccc2c(c1CCC(=O)O)CC[C@@H](NS(=O)(=O)c1ccc(Cl)cc1)C2,HWEOXFSBSQIWSY-MRXNPFEDSA-N,407.92,3.0,,True,False,False,phase_only,,Small molecule,MOL,0.91666675,95.30592619305204,True,,O=S(=O)(NC1CCc2ccccc2C1)c1ccccc1,482,-8.51843226315981,docked,9DKB,-4.95910159420323,docked,7ALV,59.682977257064096,75.63749138525155,60.64782908339077,75.63749138525155,False
REP_04262,CHEMBL2106962,PIMILPROST,CCCC[C@H](C)C[C@H](O)/C=C/[C@@H]1[C@H]2C[C@H](CCOCC(=O)OC)C[C@H]2C[C@H]1O,SLDLSMFNGFIPNI-RXYUHBJGSA-N,396.57,2.0,,True,False,False,phase_only,,Small molecule,MOL,0.9166666,85.41892054333454,True,,C1CC2CCCC2C1,1180,-8.51140139734245,docked,9DKB,-5.907983077975,docked,7ALV,59.61405926946933,24.017918676774638,81.25430737422468,81.25430737422468,False
REP_05113,CHEMBL2381848,PF-06291874,CCC[C@H](Oc1cc(C)c(-n2cc(C(F)(F)F)cn2)c(C)c1)c1ccc(C(=O)NCCC(=O)O)cc1,IBDYYOQKQCCSDP-QFIPXVFZSA-N,503.52,2.0,,True,False,False,phase_only,,Small molecule,MOL,0.9166666,85.41892054333454,True,,c1ccc(COc2ccc(-n3cccn3)cc2)cc1,1163,-8.5112418143786,docked,9DKB,-2.64171803073667,docked,7ALV,59.54514128187457,24.017918676774638,15.437629221226745,24.017918676774638,False
REP_07928,CHEMBL4297325,SIMMITECAN,C=CCc1c(OC(=O)N2CCC(N3CCCCC3)CC2)ccc2nc3c(cc12)Cn1c-3cc2c(c1=O)COC(=O)[C@]2(O)CC,XPVBLGRILRVSLF-UMSFTDKQSA-N,598.7,1.0,,True,False,False,phase_only,,Small molecule,MOL,0.9166667,90.38946988820771,True,,O=C1Cc2cc3n(c(=O)c2CO1)Cc1cc2cc(OC(=O)N4CCC(N5CCCCC5)CC4)ccc2nc1-3,922,-8.50117333050314,docked,9DKB,-6.59237099577029,docked,7ALV,59.476223294279805,50.137835975189525,90.76498966230187,90.76498966230187,False
REP_07055,CHEMBL5314493,ZATONACAFTOR,CCc1cnc(OC(C)C)c(C2(C(=O)NS(=O)(=O)c3cccc4nc(C)ccc34)CC2)c1,GTTUAFLREAIAHI-UHFFFAOYSA-N,453.56,2.0,,True,False,False,phase_only,,Small molecule,MOL,0.9166666,85.41892054333454,True,,O=C(NS(=O)(=O)c1cccc2ncccc12)C1(c2cccnc2)CC1,1273,-8.50080880776662,docked,9DKB,-4.49863944253697,docked,7ALV,59.407305306685046,24.017918676774638,49.620951068228806,49.620951068228806,False
REP_06190,CHEMBL4114766,ATUZABRUTINIB,CC(C)(C)/C=C(\C#N)C(=O)N1CCC[C@@H](n2nc(-c3ccc(Oc4ccccc4)cc3F)c3c(N)ncnc32)C1,KZMQPYCXSAGLTB-ZWUNQBBJSA-N,539.62,2.0,,True,False,False,phase_only,,Small molecule,MOL,1.0,98.35917778579156,True,,c1ccc(Oc2ccc(-c3nn(C4CCCNC4)c4ncncc34)cc2)cc1,139,-8.49929959167345,docked,9DKB,-3.28850845527758,docked,7ALV,59.33838731909028,91.38525155065473,24.39696760854583,91.38525155065473,False
REP_05618,CHEMBL3349001,AVN-944,CC[C@H](CC#N)OC(=O)N[C@@H](C)c1cccc(NC(=O)Nc2ccc(-c3cnco3)c(OC)c2)c1,GYCPCOJTCINIFZ-OXJNMPFZSA-N,477.52,2.0,,True,False,False,phase_only,,Small molecule,MOL,1.0,98.35917778579156,True,,O=C(Nc1ccccc1)Nc1ccc(-c2cnco2)cc1,141,-8.49607052118823,docked,9DKB,-6.28893192007045,docked,7ALV,59.26946933149553,91.38525155065473,86.97450034458993,91.38525155065473,False
REP_05264,CHEMBL279115,PHORBOL MYRISTATE ACETATE,CCCCCCCCCCCCCC(=O)O[C@@H]1[C@@H](C)[C@@]2(O)[C@@H](C=C(CO)C[C@]3(O)C(=O)C(C)=C[C@@H]23)[C@@H]2C(C)(C)[C@]12OC(C)=O,PHEDXBVPIONUQT-RGYGYFBISA-N,616.84,2.0,,True,False,False,phase_only,,Small molecule,MOL,0.9166667,90.38946988820771,True,,O=C1C=CC2C1CC=CC1C3CC3CCC21,901,-8.49482245197043,docked,9DKB,-4.21027156634257,docked,7ALV,59.20055134390076,50.137835975189525,42.315644383184015,50.137835975189525,False
REP_06445,CHEMBL4300945,AZELOPRAZOLE,Cc1cnc(C[S@@+]([O-])c2nc3ccccc3[nH]2)c(C)c1OCC1COC(C)(C)OC1,DWDKHTXMLSZGDL-SSEXGKCCSA-N,429.54,2.0,,True,False,False,phase_only,,Small molecule,MOL,0.9166667,90.38946988820771,True,,c1ccc2[nH]c([SH+]Cc3cc(OCC4COCOC4)ccn3)nc2c1,955,-8.49003979902765,docked,9DKB,-3.90027849413998,docked,7ALV,59.131633356306004,50.137835975189525,35.49276361130255,50.137835975189525,False
REP_06995,CHEMBL5314398,GRC-6211,O=C(Nc1cccc2cnccc12)N[C@@H]1CC2(CCC2)Oc2ccc(F)cc21,JADKHWDNSKIILG-LJQANCHMSA-N,377.42,2.0,,True,False,False,phase_only,,Small molecule,MOL,0.9166667,90.38946988820771,True,,O=C(Nc1cccc2cnccc12)NC1CC2(CCC2)Oc2ccccc21,827,-8.48241802423322,docked,9DKB,-5.87926854618639,docked,7ALV,59.06271536871124,50.137835975189525,80.8407994486561,80.8407994486561,False
REP_08165,CHEMBL5192659,MRTX-0902,Cc1c(C#N)cccc1[C@@H](C)Nc1nnc(C)c2cnc(N3CCOCC3)cc12,ILPWEAHQRAWJIU-OAHLLOKOSA-N,388.48,1.0,,True,False,False,phase_only,,Small molecule,MOL,0.9166667,90.38946988820771,True,,c1ccc(CNc2nncc3cnc(N4CCOCC4)cc23)cc1,524,-8.48057127590083,docked,9DKB,-4.51385253164366,docked,7ALV,58.99379738111647,50.137835975189525,50.17229496898691,50.17229496898691,False
REP_07697,CHEMBL2178575,GSK-2239633,COc1cccc2c1c(NS(=O)(=O)c1ccc(Cl)s1)nn2Cc1cccc(NC(=O)CO)c1,JVBQEIRQUCWMTR-UHFFFAOYSA-N,506.99,1.0,,True,False,False,phase_only,,Small molecule,MOL,0.9166666,85.41892054333454,True,,O=S(=O)(Nc1nn(Cc2ccccc2)c2ccccc12)c1cccs1,1150,-8.47473456530807,docked,9DKB,-6.14892357807554,docked,7ALV,58.924879393521714,24.017918676774638,85.11371467953136,85.11371467953136,False
REP_07760,CHEMBL3092562,PF-05180999,Cc1nc(-c2cnn(C)c2-c2ccc(C(F)(F)F)cn2)c2c(N3CCC3)ncnn12,CLGCHUKGBICQTE-UHFFFAOYSA-N,414.4,1.0,,True,False,False,phase_only,,Small molecule,MOL,0.9166667,90.38946988820771,True,,c1ccc(-c2[nH]ncc2-c2ncn3ncnc(N4CCC4)c23)nc1,747,-8.47238100441471,docked,9DKB,-4.02401272160219,docked,7ALV,58.85596140592695,50.137835975189525,38.3184011026878,50.137835975189525,False
REP_07825,CHEMBL3600873,MK-5108,O=C(O)[C@]1(Cc2cccc(Nc3nccs3)n2)CC[C@@H](Oc2cccc(Cl)c2F)CC1,LCVIRAZGMYMNNT-VVONHTQRSA-N,461.95,1.0,,True,False,False,phase_only,,Small molecule,MOL,1.0,98.35917778579156,True,,c1ccc(OC2CCC(Cc3cccc(Nc4nccs4)n3)CC2)cc1,184,-8.47101906497202,docked,9DKB,-5.30337568749378,docked,7ALV,58.78704341833219,91.38525155065473,69.40041350792556,91.38525155065473,False
REP_00598,CHEMBL2017974,BUPARLISIB,Nc1cc(C(F)(F)F)c(-c2cc(N3CCOCC3)nc(N3CCOCC3)n2)cn1,CWHUFRVAEUJCEF-UHFFFAOYSA-N,410.4,3.0,,True,False,False,phase_only,,Small molecule,MOL,0.9166666,85.41892054333454,True,,c1cncc(-c2cc(N3CCOCC3)nc(N3CCOCC3)n2)c1,1324,-8.45450383208661,docked,9DKB,-5.35218803073171,docked,7ALV,58.71812543073742,24.017918676774638,70.29634734665748,70.29634734665748,False
REP_07813,CHEMBL3545241,AC-430,Cc1cc(Nc2nc(C(O)c3ccc(F)cc3)nc3ccccc23)n[nH]1,DCRWIATZWHLIPN-UHFFFAOYSA-N,349.37,1.0,,True,False,False,phase_only,,Small molecule,MOL,0.91666675,95.30592619305204,True,,c1ccc(Cc2nc(Nc3cc[nH]n3)c3ccccc3n2)cc1,324,-8.45285691744259,docked,9DKB,-4.67276029230008,docked,7ALV,58.64920744314266,75.63749138525155,54.583046175051685,75.63749138525155,False
REP_07974,CHEMBL4298148,VECABRUTINIB SUCCINATE,NC(=O)[C@H]1CCN(c2ncnc(N)c2F)C[C@@H]1N1CCC[C@@H](Nc2cc(Cl)cc(C(F)(F)F)c2)C1=O.O=C(O)CCC(=O)O,XGMXOWYNGVEUHA-CLUYDPBTSA-N,648.01,1.0,,True,False,False,phase_only,,Small molecule,MOL,0.91666675,95.30592619305204,True,,O=C1C(Nc2ccccc2)CCCN1C1CCCN(c2ccncn2)C1,428,-8.45268056538765,docked,9DKB,-6.56456914556996,docked,7ALV,58.5802894555479,75.63749138525155,90.35148173673329,90.35148173673329,False
REP_05505,CHEMBL318191,TONABERSAT,CC(=O)c1ccc2c(c1)[C@H](NC(=O)c1ccc(F)c(Cl)c1)[C@H](O)C(C)(C)O2,XLIIRNOPGJTBJD-ROUUACIJSA-N,391.83,2.0,,True,False,False,phase_only,,Small molecule,MOL,0.9166666,85.41892054333454,True,,O=C(NC1CCOc2ccccc21)c1ccccc1,1217,-8.44809012836637,docked,9DKB,-4.71593363321247,docked,7ALV,58.51137146795313,24.017918676774638,55.41006202618883,55.41006202618883,False
REP_01281,CHEMBL95431,CARBOXYAMIDOTRIAZOLE,NC(=O)c1nnn(Cc2cc(Cl)c(C(=O)c3ccc(Cl)cc3)c(Cl)c2)c1N,WNRZHQBJSXRYJK-UHFFFAOYSA-N,424.68,3.0,,True,False,False,phase_only,,Small molecule,MOL,0.7740839,83.23115759105661,True,,O=C(c1ccccc1)c1ccc(Cn2ccnn2)cc1,1396,-8.44572133847771,docked,9DKB,-4.09534205259811,docked,7ALV,58.44245348035837,12.33631977946244,39.83459682977257,39.83459682977257,False
REP_01634,CHEMBL1289779,ETIZOLAM,CCc1cc2c(s1)-n1c(C)nnc1CN=C2c1ccccc1Cl,VMZUTJCNQWMAGF-UHFFFAOYSA-N,342.86,2.0,,True,False,False,phase_only,,Small molecule,MOL,0.9166667,90.38946988820771,True,,c1ccc(C2=NCc3nncn3-c3sccc32)cc1,654,-8.44557368887735,docked,9DKB,-3.55097354633144,docked,7ALV,58.37353549276361,50.137835975189525,29.014472777394896,50.137835975189525,False
REP_08194,CHEMBL5314922,MG-S-2525,Cc1cc(CNc2[nH]nc(Nc3ccc(N4CCOCC4)cc3)c2C(N)=O)cc(C)c1O,AWTYZRBONKSIES-UHFFFAOYSA-N,436.52,1.0,,True,False,False,phase_only,,Small molecule,MOL,0.9166667,90.38946988820771,True,,c1ccc(CNc2cc(Nc3ccc(N4CCOCC4)cc3)n[nH]2)cc1,523,-8.44525558715788,docked,9DKB,-4.73855658638206,docked,7ALV,58.30461750516884,50.137835975189525,56.09924190213646,56.09924190213646,False
REP_01016,CHEMBL4297613,CILOFEXOR,O=C(O)c1ccnc(N2CC(O)(c3ccc(OCc4c(-c5c(Cl)cccc5Cl)noc4C4CC4)cc3Cl)C2)c1,KZSKGLFYQAYZCO-UHFFFAOYSA-N,586.86,3.0,,True,False,False,phase_only,,Small molecule,MOL,0.9166666,85.41892054333454,True,,c1ccc(-c2noc(C3CC3)c2COc2ccc(C3CN(c4ccccn4)C3)cc2)cc1,1306,-8.44318338424841,docked,9DKB,-4.52127136952848,docked,7ALV,58.235699517574076,24.017918676774638,50.37904893177119,50.37904893177119,False
REP_07580,CHEMBL1215331,PF-03882845,N#Cc1ccc(N2N=C3c4ccc(C(=O)O)cc4CC[C@@H]3[C@@H]2C2CCCC2)cc1Cl,XNULRSOGWPFPBL-REWPJTCUSA-N,419.91,1.0,,True,False,False,phase_only,,Small molecule,MOL,1.0,98.35917778579156,True,,c1ccc(N2N=C3c4ccccc4CCC3C2C2CCCC2)cc1,69,-8.44257173887544,docked,9DKB,-3.75202840273267,docked,7ALV,58.16678152997932,91.38525155065473,32.6671261199173,91.38525155065473,False
REP_06303,CHEMBL4297270,BMS-986020,Cc1noc(-c2ccc(-c3ccc(C4(C(=O)O)CC4)cc3)cc2)c1NC(=O)O[C@H](C)c1ccccc1,GQBRZBHEPUQRPL-LJQANCHMSA-N,482.54,2.0,,True,False,False,phase_only,,Small molecule,MOL,1.0,98.35917778579156,True,,O=C(Nc1cnoc1-c1ccc(-c2ccc(C3CC3)cc2)cc1)OCc1ccccc1,188,-8.43472324035945,docked,9DKB,-2.80103807479126,docked,7ALV,58.097863542384566,91.38525155065473,17.436250861474846,91.38525155065473,False
REP_02469,CHEMBL2027925,CAPESEROD,Nc1c(Cl)cc(-c2nn(C3CCN(CCc4ccccc4)CC3)c(=O)o2)c2c1OCCO2,MDBNTXARNGRHEV-UHFFFAOYSA-N,456.93,2.0,,True,False,False,phase_only,,Small molecule,MOL,0.5325639,81.16360139439837,True,,O=c1oc(-c2cccc3c2OCCO3)nn1C1CCN(CCc2ccccc2)CC1,1568,-8.42207903094321,docked,9DKB,-3.03534042504768,docked,7ALV,58.0289455547898,1.447277739490007,20.951068228807724,20.951068228807724,False
REP_07133,CHEMBL5314955,FIRUGLIPEL,CC[C@@H](Oc1ccc(C(=O)C2CC2)cc1)c1nc(-c2ccc(C(=O)N[C@H](C)CO)c(F)c2)no1,LRXRIKVDAVVQCP-SPLOXXLWSA-N,467.5,2.0,,True,False,False,phase_only,,Small molecule,MOL,1.0,98.35917778579156,True,,O=C(c1ccc(OCc2nc(-c3ccccc3)no2)cc1)C1CC1,80,-8.42099236125026,docked,9DKB,-5.70959812272367,docked,7ALV,57.96002756719504,91.38525155065473,78.22191592005514,91.38525155065473,False
REP_03952,CHEMBL2106315,DROBULINE,CC(C)NCC(O)CC(c1ccccc1)c1ccccc1,DAIZVBCVNQSHLI-UHFFFAOYSA-N,283.42,2.0,,True,False,False,phase_only,,Small molecule,MOL,0.8143815,83.47157110229595,True,,c1ccc(Cc2ccccc2)cc1,1376,-8.41898776579139,docked,9DKB,-3.98812639005826,docked,7ALV,57.891109579600275,13.645761543762921,37.422467263955895,37.422467263955895,False
REP_07601,CHEMBL147806,GSK-369796,CC(C)(C)NCc1ccc(Nc2ccnc3cc(Cl)ccc23)cc1O,ZVMMVSSEAMUNGI-UHFFFAOYSA-N,355.87,1.0,,True,False,False,phase_only,,Small molecule,MOL,0.77727735,83.24317826661859,True,,c1ccc(Nc2ccnc3ccccc23)cc1,1395,-8.41825134207894,docked,9DKB,-3.87671895373409,docked,7ALV,57.82219159200551,12.405237767057201,35.14817367332874,35.14817367332874,False
REP_05561,CHEMBL325439,BEPAFANT,Cc1nnc2n1-c1sc3c(c1C(c1ccccc1Cl)=NC2)CC(C(=O)N1CCOCC1)C3,FWYVRZOREBYLCY-UHFFFAOYSA-N,467.98,2.0,,True,False,False,phase_only,,Small molecule,MOL,0.9166667,90.38946988820771,True,,O=C(C1Cc2sc3c(c2C1)C(c1ccccc1)=NCc1nncn1-3)N1CCOCC1,730,-8.41589488545331,docked,9DKB,-3.78088337517469,docked,7ALV,57.75327360441075,50.137835975189525,33.080634045485866,50.137835975189525,False
REP_07687,CHEMBL2143592,BMS-794833,Nc1nccc(Oc2ccc(NC(=O)c3c[nH]cc(-c4ccc(F)cc4)c3=O)cc2F)c1Cl,PDYXPCKITKHFOZ-UHFFFAOYSA-N,468.85,1.0,,True,False,False,phase_only,,Small molecule,MOL,1.0,98.35917778579156,True,,O=C(Nc1ccc(Oc2ccncc2)cc1)c1c[nH]cc(-c2ccccc2)c1=O,168,-8.41463982901345,docked,9DKB,-5.19073714560686,docked,7ALV,57.684355616816,91.38525155065473,66.9882839421089,91.38525155065473,False
REP_07084,CHEMBL5314529,MONLUNABANT,CC(=O)NC(=N)/N=C(\NS(=O)(=O)c1ccc(C(F)(F)F)cc1)N1N=C(c2ccc(Cl)cc2)C[C@H]1c1ccccc1,BWTOCEGDOPMUFY-QHCPKHFHSA-N,591.02,2.0,,True,False,False,phase_only,,Small molecule,MOL,0.9166667,90.38946988820771,True,,N=C(NS(=O)(=O)c1ccccc1)N1N=C(c2ccccc2)CC1c1ccccc1,620,-8.41231169183665,docked,9DKB,-4.58828523514326,docked,7ALV,57.61543762922123,50.137835975189525,51.96416264645072,51.96416264645072,False
REP_00819,CHEMBL3186534,RIVOCERANIB,N#CC1(c2ccc(NC(=O)c3cccnc3NCc3ccncc3)cc2)CCCC1,WPEWQEMJFLWMLV-UHFFFAOYSA-N,397.48,3.0,,True,False,False,phase_only,,Small molecule,MOL,0.91666675,95.30592619305204,True,,O=C(Nc1ccc(C2CCCC2)cc1)c1cccnc1NCc1ccncc1,296,-8.4055661704349,docked,9DKB,-4.61506743595072,docked,7ALV,57.54651964162647,75.63749138525155,52.51550654720882,75.63749138525155,False
REP_05955,CHEMBL3984425,EGANELISIB,C[C@H](NC(=O)c1c(N)nn2cccnc12)c1cc2cccc(C#Cc3cnn(C)c3)c2c(=O)n1-c1ccccc1,XUMALORDVCFWKV-IBGZPJMESA-N,528.58,2.0,,True,False,False,phase_only,,Small molecule,MOL,0.5524689,81.41603558119967,True,,O=C(NCc1cc2cccc(C#Cc3cn[nH]c3)c2c(=O)n1-c1ccccc1)c1cnn2cccnc12,1547,-8.40412553487619,docked,9DKB,-2.10870803144732,docked,7ALV,57.47760165403171,2.6188835286009646,10.957960027567193,10.957960027567193,False
REP_07009,CHEMBL5314431,ZAMAPORVINT,Cc1c(-c2ccnc(C(F)(F)F)c2)ncn1CC(=O)Nc1ccc(-c2cnccn2)cn1,QMLOYDPILBUVBV-UHFFFAOYSA-N,439.4,2.0,,True,False,False,phase_only,,Small molecule,MOL,0.91666675,95.30592619305204,True,,O=C(Cn1cnc(-c2ccncc2)c1)Nc1ccc(-c2cnccn2)cn1,334,-8.40320044434791,docked,9DKB,-5.41905917808505,docked,7ALV,57.40868366643694,75.63749138525155,71.46795313576844,75.63749138525155,False
REP_06328,CHEMBL4297345,ADL-5747,CCN(CC)C(=O)c1ccc(C2=CC3(CCNCC3)Oc3ccccc32)c(O)c1,ALGHKWSXJUQNJJ-UHFFFAOYSA-N,392.5,2.0,,True,False,False,phase_only,,Small molecule,MOL,1.0,98.35917778579156,True,,C1=C(c2ccccc2)c2ccccc2OC12CCNCC2,193,-8.3995664569422,docked,9DKB,-2.90435502231814,docked,7ALV,57.339765678842184,91.38525155065473,18.952446588559614,91.38525155065473,False
REP_01303,CHEMBL105442,CI-1040,O=C(NOCC1CC1)c1ccc(F)c(F)c1Nc1ccc(I)cc1Cl,GFMMXOIFOQCCGU-UHFFFAOYSA-N,478.66,2.0,,True,False,False,phase_only,,Small molecule,MOL,0.66596925,82.38971030171895,True,,O=C(NOCC1CC1)c1ccccc1Nc1ccccc1,1466,-8.39498038288496,docked,9DKB,-4.82824071885766,docked,7ALV,57.27084769124742,7.925568573397657,58.30461750516884,58.30461750516884,False
REP_02740,CHEMBL2104195,ELNADIPINE,CC1=C(C(=O)OC(C)C)[C@@H](c2cccc(Cl)c2Cl)C(c2nnco2)=C(C)N1,DOHODEQEZBYMTK-INIZCTEOSA-N,408.29,2.0,,True,False,False,phase_only,,Small molecule,MOL,1.0,98.35917778579156,True,,C1=CC(c2ccccc2)C(c2nnco2)=CN1,174,-8.38874820885481,docked,9DKB,-2.67123499365433,docked,7ALV,57.20192970365265,91.38525155065473,15.851137146795313,91.38525155065473,False
REP_06421,CHEMBL4297640,VECABRUTINIB,NC(=O)[C@H]1CCN(c2ncnc(N)c2F)C[C@@H]1N1CCC[C@@H](Nc2cc(Cl)cc(C(F)(F)F)c2)C1=O,QLRRJMOBVVGXEJ-XHSDSOJGSA-N,529.93,2.0,,True,False,False,phase_only,,Small molecule,MOL,1.0,98.35917778579156,True,,O=C1C(Nc2ccccc2)CCCN1C1CCCN(c2ccncn2)C1,93,-8.3868004865583,docked,9DKB,-7.53570981513112,docked,7ALV,57.133011716057894,91.38525155065473,96.62301860785665,96.62301860785665,False
REP_02380,CHEMBL1938400,PF-03715455,CC(C)(C)c1cc(NC(=O)NCc2ccccc2Sc2ccc3nnc(-c4ccccc4SCCO)n3c2)n(-c2ccc(O)c(Cl)c2)n1,VGEXRDWWPSGZDH-UHFFFAOYSA-N,700.29,2.0,,True,False,False,phase_only,,Small molecule,MOL,1.0,98.35917778579156,True,,O=C(NCc1ccccc1Sc1ccc2nnc(-c3ccccc3)n2c1)Nc1ccnn1-c1ccccc1,238,-8.3837933204054,docked,9DKB,-5.49874620416938,docked,7ALV,57.06409372846313,91.38525155065473,73.32873880082703,91.38525155065473,False
REP_08039,CHEMBL4639024,APOMINE,CC(C)OP(=O)(OC(C)C)C(Cc1cc(C(C)(C)C)c(O)c(C(C)(C)C)c1)P(=O)(OC(C)C)OC(C)C,YLJOVCWVJCDPLN-UHFFFAOYSA-N,562.67,1.0,,True,False,False,phase_only,,Small molecule,MOL,0.7018572,82.64214448852026,True,,c1ccccc1,1445,-8.38282908770421,docked,9DKB,-2.32135704557901,docked,7ALV,56.99517574086836,9.235010337698139,12.749827705031013,12.749827705031013,False
REP_05583,CHEMBL3301600,SPEBRUTINIB BESYLATE,C=CC(=O)Nc1cccc(Nc2nc(Nc3ccc(OCCOC)cc3)ncc2F)c1.O=S(=O)(O)c1ccccc1,ABSXPNGWJFAPRT-UHFFFAOYSA-N,581.63,2.0,,True,False,False,phase_only,,Small molecule,MOL,0.91666675,95.30592619305204,True,,c1ccc(Nc2ccnc(Nc3ccccc3)n2)cc1.c1ccccc1,390,-8.37806282024054,docked,9DKB,-5.09920584754943,docked,7ALV,56.9262577532736,75.63749138525155,64.92074431426602,75.63749138525155,False
REP_02100,CHEMBL1707454,SCARLET RED,Cc1ccccc1/N=N/c1ccc(/N=N/c2c(O)ccc3ccccc23)c(C)c1,RCTGMCJBQGBLKT-PAMTUDGESA-N,380.45,2.0,,True,False,False,phase_only,,Small molecule,MOL,0.9166667,90.38946988820771,True,,c1ccc(N=Nc2ccc(N=Nc3cccc4ccccc34)cc2)cc1,675,-8.37544101880389,docked,9DKB,-3.23931905844219,docked,7ALV,56.85733976567884,50.137835975189525,23.707787732598206,50.137835975189525,False
REP_05929,CHEMBL3931971,RAZUPROTAFIB,COC(=O)N[C@@H](Cc1ccccc1)C(=O)N[C@@H](Cc1ccc(NS(=O)(=O)O)cc1)c1csc(-c2cccs2)n1,KWJDHELCGJFUHW-SFTDATJTSA-N,586.72,2.0,,True,False,False,phase_only,,Small molecule,MOL,0.6706717,82.41375165284289,True,,O=C(CCc1ccccc1)NC(Cc1ccccc1)c1csc(-c2cccs2)n1,1464,-8.37446739697634,docked,9DKB,-3.99450151360561,docked,7ALV,56.78842177808407,8.063404548587181,37.56030323914542,37.56030323914542,False
REP_07913,CHEMBL429317,AVL-3288,Cc1cc(/C(=C/Nc2ccc(Cl)cc2)C(=O)Nc2ccc(Cl)cc2)on1,VMAKIACTLSBBIY-BOPFTXTBSA-N,388.25,1.0,,True,False,False,phase_only,,Small molecule,MOL,0.9166666,85.41892054333454,True,,O=C(Nc1ccccc1)C(=CNc1ccccc1)c1ccno1,1147,-8.37129392642065,docked,9DKB,-4.39413171088533,docked,7ALV,56.71950379048931,24.017918676774638,46.86423156443832,46.86423156443832,False
REP_06905,CHEMBL5095224,ELIAPIXANT,Cc1cnc(-c2cc(O[C@@H]3CCOC3)cc(C(=O)N[C@H](C)c3cnc(C(F)(F)F)nc3)c2)s1,GTQPEQGDLVSFJO-CXAGYDPISA-N,478.5,2.0,,True,False,False,phase_only,,Small molecule,MOL,1.0,98.35917778579156,True,,O=C(NCc1cncnc1)c1cc(OC2CCOC2)cc(-c2nccs2)c1,183,-8.3672869787158,docked,9DKB,-4.61794095173317,docked,7ALV,56.65058580289455,91.38525155065473,52.79117849758788,91.38525155065473,False
REP_06342,CHEMBL4297388,GW-870086,C[C@@H]1C[C@H]2[C@@H]3C[C@H](F)C4=CC(=O)C=C[C@]4(C)[C@@]3(F)[C@@H](O)C[C@]2(C)[C@@]1(OC(=O)C1C(C)(C)C1(C)C)C(=O)OCC#N,WUBKGTSFJSEIEM-NSHBDUGJSA-N,559.65,2.0,,True,False,False,phase_only,,Small molecule,MOL,0.9166666,85.41892054333454,True,,O=C1C=CC2C(=C1)CCC1C2CCC2C(OC(=O)C3CC3)CCC21,1251,-8.36672442302487,docked,9DKB,-2.88716064444071,docked,7ALV,56.58166781529979,24.017918676774638,18.47002067539628,24.017918676774638,False
REP_07837,CHEMBL3685811,MK-8457,Cc1cc(Nc2nccc(C(F)(F)F)n2)cc(-c2cnc([C@@]3(O)CC[C@H](C(=O)O)C(C)(C)C3)s2)c1,LDDBKIFZPGDEND-WAIKUNEKSA-N,506.55,1.0,,True,False,False,phase_only,,Small molecule,MOL,1.0,98.35917778579156,True,,c1cnc(Nc2cccc(-c3cnc(C4CCCCC4)s3)c2)nc1,206,-8.36373597080779,docked,9DKB,-4.40331844267777,docked,7ALV,56.512749827705036,91.38525155065473,47.34665747760165,91.38525155065473,False
REP_03091,CHEMBL2104731,TIOMERGINE,CN1C[C@H](CSc2ccccn2)C=C2c3cccc4[nH]cc(c34)C[C@H]21,VCRAKEDGLIINLR-AUUYWEPGSA-N,347.49,2.0,,True,False,False,phase_only,,Small molecule,MOL,0.8907737,83.83219136915496,True,,C1=C2c3cccc4[nH]cc(c34)CC2NCC1CSc1ccccn1,1346,-8.36363838970567,docked,9DKB,-2.02951131571944,docked,7ALV,56.44383184011027,15.644383184011026,10.406616126809098,15.644383184011026,False
REP_07103,CHEMBL5314555,LIRAFUGRATINIB,C=C(C)C(=O)Nc1ccc(-c2c(-c3ccc(Oc4nccc(C)n4)c(F)c3)c3c(N)ncnc3n2C)cc1,XOQVZSSDIQQUGO-UHFFFAOYSA-N,509.55,2.0,,True,False,False,phase_only,,Small molecule,MOL,0.9166667,90.38946988820771,True,,c1ccc(-c2[nH]c3ncncc3c2-c2ccc(Oc3ncccn3)cc2)cc1,634,-8.36185940670728,docked,9DKB,-2.30477863658381,docked,7ALV,56.374913852515505,50.137835975189525,12.611991729841488,50.137835975189525,False
REP_00905,CHEMBL3916717,SELONSERTIB,Cc1cc(F)c(C(=O)Nc2cccc(-c3nncn3C(C)C)n2)cc1-n1cnc(C2CC2)c1,YIDDLAAKOYYGJG-UHFFFAOYSA-N,445.5,3.0,,True,False,False,phase_only,,Small molecule,MOL,0.9166666,85.41892054333454,True,,O=C(Nc1cccc(-c2nnc[nH]2)n1)c1cccc(-n2cnc(C3CC3)c2)c1,1267,-8.36056926833577,docked,9DKB,-6.38302472347711,docked,7ALV,56.305995864920746,24.017918676774638,87.9393521709166,87.9393521709166,False
REP_07313,CHEMBL6068050,EMESTEDASTAT,O=C(c1csc(-c2cn[nH]c2)c1)N1[C@@H]2CC[C@H]1C[C@](O)(c1ncccn1)C2,MMZFGTAMARVHAF-QWHZDKJVSA-N,381.46,2.0,,True,False,False,phase_only,,Small molecule,MOL,1.0,98.35917778579156,True,,O=C(c1csc(-c2cn[nH]c2)c1)N1C2CCC1CC(c1ncccn1)C2,237,-8.35758510955608,docked,9DKB,-4.1380467435328,docked,7ALV,56.23707787732598,91.38525155065473,41.21295658166781,91.38525155065473,False
REP_05855,CHEMBL3716365,GLPG-1205,O=c1nc(OC[C@@H]2COCCO2)cc2n1CCc1cc(C#CC3CC3)ccc1-2,IRBAWVGZNJIROV-SFHVURJKSA-N,378.43,2.0,,True,False,False,phase_only,,Small molecule,MOL,0.9166667,90.38946988820771,True,,O=c1nc(OCC2COCCO2)cc2n1CCc1cc(C#CC3CC3)ccc1-2,610,-8.35461693755432,docked,9DKB,-5.10068724482572,docked,7ALV,56.168159889731214,50.137835975189525,64.98966230186079,64.98966230186079,False
REP_07835,CHEMBL3659497,AZD-7451,CC(C)Oc1cc(-n2cnc3ccc(N[C@@H](C)c4ncc(F)cn4)nc32)n[nH]1,AYOOGWWGECJQPI-NSHDSACASA-N,382.4,1.0,,True,False,False,phase_only,,Small molecule,MOL,0.91666675,95.30592619305204,True,,c1cnc(CNc2ccc3ncn(-c4cc[nH]n4)c3n2)nc1,327,-8.34011044799538,docked,9DKB,-5.12776274511584,docked,7ALV,56.09924190213646,75.63749138525155,65.60992419021365,75.63749138525155,False
REP_00950,CHEMBL414157,TONAPOFYLLINE,CCCn1c(=O)c2[nH]c(C34CCC(CCC(=O)O)(CC3)CC4)nc2n(CCC)c1=O,ZWTVVWUOTJRXKM-UHFFFAOYSA-N,416.52,3.0,,True,False,False,phase_only,,Small molecule,MOL,0.9166667,90.38946988820771,True,,O=c1[nH]c(=O)c2[nH]c(C34CCC(CC3)CC4)nc2[nH]1,914,-8.33927865802819,docked,9DKB,-5.47899308930825,docked,7ALV,56.030323914541704,50.137835975189525,72.6395589248794,72.6395589248794,False
REP_01153,CHEMBL5095079,POVORCITINIB,Cc1n[nH]c(C)c1-c1cnn(C2(CC#N)CN(c3cc(F)c(C(=O)N[C@@H](C)C(F)(F)F)cc3F)C2)c1,MSGYSFWCPOBHEV-AWEZNQCLSA-N,507.47,3.0,,True,False,False,phase_only,,Small molecule,MOL,0.9166666,85.41892054333454,True,,c1ccc(N2CC(n3cc(-c4cn[nH]c4)cn3)C2)cc1,1323,-8.33637311658873,docked,9DKB,-3.36564402557995,docked,7ALV,55.96140592694694,24.017918676774638,25.706409372846316,25.706409372846316,False
REP_06336,CHEMBL4297376,E-7820,Cc1ccc(NS(=O)(=O)c2cccc(C#N)c2)c2[nH]cc(C#N)c12,LWGUASZLXHYWIV-UHFFFAOYSA-N,336.38,2.0,,True,False,False,phase_only,,Small molecule,MOL,0.9166667,90.38946988820771,True,,O=S(=O)(Nc1cccc2cc[nH]c12)c1ccccc1,859,-8.33571274920326,docked,9DKB,-6.03445320956521,docked,7ALV,55.89248793935218,50.137835975189525,83.18401102687801,83.18401102687801,False
REP_07061,CHEMBL5314500,MINDEUDESIVIR,[2H]c1cc([C@]2(C#N)O[C@H](COC(=O)C(C)C)[C@@H](OC(=O)C(C)C)[C@H]2OC(=O)C(C)C)n2ncnc(N)c12,RVSSLHFYCSUAHY-QXMJNOOVSA-N,502.55,2.0,,True,False,False,phase_only,,Small molecule,MOL,0.6031678,81.89686260367833,True,,c1ncc2ccc(C3CCCO3)n2n1,1507,-8.32875849054477,docked,9DKB,-1.68169424866596,docked,7ALV,55.82356995175741,5.306685044796692,8.270158511371474,8.270158511371474,False
REP_07024,CHEMBL5314454,BODITRECTINIB,O=C(/C=C/c1cnn2ccc(N3CCC[C@@H]3c3cc(F)ccc3F)nc12)N1CCNCC1,BQFYCHBYISNPFW-SQZHUTIHSA-N,438.48,2.0,,True,False,False,phase_only,,Small molecule,MOL,0.9166667,90.38946988820771,True,,O=C(C=Cc1cnn2ccc(N3CCCC3c3ccccc3)nc12)N1CCNCC1,734,-8.32447878777633,docked,9DKB,-3.3493961983224,docked,7ALV,55.75465196416265,50.137835975189525,25.3618194348725,50.137835975189525,False
REP_02396,CHEMBL1957287,TEGOBUVIR,Fc1ccccc1-c1nc2ccn(Cc3ccc(-c4ccc(C(F)(F)F)cc4C(F)(F)F)nn3)cc-2n1,XBEQSQDCBSKCHJ-UHFFFAOYSA-N,517.41,2.0,,True,False,False,phase_only,,Small molecule,MOL,1.0,98.35917778579156,True,,c1ccc(-c2ccc(Cn3ccc4nc(-c5ccccc5)nc-4c3)nn2)cc1,99,-8.32272122373326,docked,9DKB,-6.25661442944176,docked,7ALV,55.68573397656789,91.38525155065473,86.56099241902136,91.38525155065473,False
REP_04689,CHEMBL2110625,CEFOVECIN,CO/N=C(/C(=O)N[C@@H]1C(=O)N2C(C(=O)O)=C([C@@H]3CCCO3)CS[C@H]12)c1csc(N)n1,ZJGQFXVQDVCVOK-MSUXKOGISA-N,453.5,2.0,,True,False,False,phase_only,,Small molecule,MOL,0.83119416,83.56773650679168,True,,N=C(C(=O)NC1C(=O)N2C=C(C3CCCO3)CSC12)c1cscn1,1368,-8.32266341760348,docked,9DKB,-4.96791131935238,docked,7ALV,55.61681598897312,14.197105444521018,60.92350103376981,60.92350103376981,False
REP_02694,CHEMBL2104139,CICORTONIDE,CC(=O)OCC(=O)[C@@]12OC(C)(C)O[C@@H]1C[C@H]1[C@@H]3CC(C#N)=C4C=C(OCCCl)CC[C@]4(C)[C@@]3(F)[C@@H](O)C[C@@]12C,SOESEFMFRCCMQV-QWAPGEGQSA-N,566.07,2.0,,True,False,False,phase_only,,Small molecule,MOL,0.9166667,90.38946988820771,True,,C1=CC2=CCC3C(CCC4C3CC3OCOC34)C2CC1,721,-8.31854211947779,docked,9DKB,-4.69835677705454,docked,7ALV,55.54789800137836,50.137835975189525,55.20330806340454,55.20330806340454,False
REP_02038,CHEMBL1672635,RAD-140,Cc1c(N[C@@H](c2nnc(-c3ccc(C#N)cc3)o2)[C@H](C)O)ccc(C#N)c1Cl,XMBUPPIEVAFYHO-KPZWWZAWSA-N,393.83,2.0,,True,False,False,phase_only,,Small molecule,MOL,0.9166667,90.38946988820771,True,,c1ccc(NCc2nnc(-c3ccccc3)o2)cc1,706,-8.31674722729686,docked,9DKB,-5.22401398899979,docked,7ALV,55.4789800137836,50.137835975189525,67.74638180565127,67.74638180565127,False
REP_04667,CHEMBL2107823,GANDOTINIB,Cc1cc(Nc2cc(CN3CCOCC3)c3nc(C)c(Cc4ccc(Cl)cc4F)n3n2)n[nH]1,SQSZANZGUXWJEA-UHFFFAOYSA-N,469.95,2.0,,True,False,False,phase_only,,Small molecule,MOL,0.9166666,85.41892054333454,True,,c1ccc(Cc2cnc3c(CN4CCOCC4)cc(Nc4cc[nH]n4)nn23)cc1,1289,-8.31540588007853,docked,9DKB,-3.57781352859387,docked,7ALV,55.41006202618883,24.017918676774638,29.496898690558236,29.496898690558236,False
REP_08197,CHEMBL5314932,TRE-515,COc1ccc(-c2nc([C@@H](C)Sc3nc(N)cc(N)n3)c(C)s2)cc1OCCN1CCOCC1,MFVINMPRHHUSBW-OAHLLOKOSA-N,502.67,1.0,,True,False,False,phase_only,,Small molecule,MOL,0.7864624,83.32732299555235,True,,c1cnc(SCc2csc(-c3cccc(OCCN4CCOCC4)c3)n2)nc1,1388,-8.30411683728369,docked,9DKB,-3.847563875579,docked,7ALV,55.34114403859407,12.818745692625773,34.596829772570636,34.596829772570636,False
REP_06515,CHEMBL4470585,GSK2798745,CC(C)(O)c1cnc(N2C[C@@]3(CCC[C@](C)(Cn4cnc5ccc(C#N)cc54)C3)OC2=O)cn1,URCMKDJBULWNAI-DQEYMECFSA-N,460.54,2.0,,True,False,False,phase_only,,Small molecule,MOL,0.91666675,95.30592619305204,True,,O=C1OC2(CCCC(Cn3cnc4ccccc43)C2)CN1c1cnccn1,292,-8.29617440857298,docked,9DKB,-2.98228311280139,docked,7ALV,55.27222605099931,75.63749138525155,20.19297036526534,75.63749138525155,False
REP_07861,CHEMBL3924132,BOS-172722,CCOc1cc(-c2nncn2C)ccc1Nc1ncc2cc(C)nc(NCC(C)(C)C)c2n1,SGWLRDAOCLITOM-UHFFFAOYSA-N,446.56,1.0,,True,False,False,phase_only,,Small molecule,MOL,0.91666675,95.30592619305204,True,,c1cc2cnc(Nc3ccc(-c4nnc[nH]4)cc3)nc2cn1,330,-8.29450646034028,docked,9DKB,-3.16491491040693,docked,7ALV,55.20330806340454,75.63749138525155,22.811853893866296,75.63749138525155,False
REP_06232,CHEMBL4210847,PF-00489791,CCOCCn1nc(C(=O)NS(C)(=O)=O)c2nc(N(C)CC)nc(Nc3cc(C)ccn3)c21,ZUHZNKJIJDAJFD-UHFFFAOYSA-N,476.56,2.0,,True,False,False,phase_only,,Small molecule,MOL,0.9166666,85.41892054333454,True,,c1ccc(Nc2ncnc3cn[nH]c23)nc1,1271,-8.2872456293143,docked,9DKB,-2.89110648501043,docked,7ALV,55.13439007580978,24.017918676774638,18.60785665058581,24.017918676774638,False
REP_00153,CHEMBL15770,SULINDAC,CC1=C(CC(=O)O)c2cc(F)ccc2/C1=C\c1ccc([S+](C)[O-])cc1,MLKXDPUZXIRXEP-MFOYZWKCSA-N,356.42,4.0,,False,True,True,primary_atc_phase,,Small molecule,MOL,0.9166667,90.38946988820771,True,,C1=Cc2ccccc2C1=Cc1ccccc1,529,-8.27502264351993,docked,9DKB,-4.84080434401147,docked,7ALV,55.06547208821502,50.137835975189525,58.51137146795313,58.51137146795313,False
REP_06706,CHEMBL4748352,LXE-408,Cc1nc(C)c(C(=O)Nc2ccc(F)c(-c3nc4ncc(-c5ncccc5C)cn4n3)c2)o1,GNVVPYCWVLCWKV-UHFFFAOYSA-N,443.44,2.0,,True,False,False,phase_only,,Small molecule,MOL,1.0,98.35917778579156,True,,O=C(Nc1cccc(-c2nc3ncc(-c4ccccn4)cn3n2)c1)c1cnco1,37,-8.27386847603224,docked,9DKB,-4.00309765964351,docked,7ALV,54.99655410062025,91.38525155065473,37.83597518952446,91.38525155065473,False
REP_01887,CHEMBL1552183,FOSTRIECIN SODIUM,C[C@@](O)(/C=C/[C@H]1CC=CC(=O)O1)[C@@H](C[C@@H](O)\C=C/C=C\C=C\CO)OP(=O)([O-])O,ZMQRJWIYMXZORG-DSWNLJKISA-M,429.38,2.0,,True,False,False,phase_only,,Small molecule,MOL,0.9166667,90.38946988820771,True,,O=C1C=CCCO1,927,-8.27239097409991,docked,9DKB,-9.36907832599353,docked,7ALV,54.9276361130255,50.137835975189525,99.37973811164714,99.37973811164714,False
REP_06198,CHEMBL412272,TAURODEOXYCHOLIC ACID,C[C@H](CCC(=O)NCCS(=O)(=O)O)[C@H]1CC[C@H]2[C@@H]3CC[C@@H]4C[C@H](O)CC[C@]4(C)[C@H]3C[C@H](O)[C@]12C,AWDRATDZQPNJFN-VAYUFCLWSA-N,499.71,2.0,,True,False,False,phase_only,,Small molecule,MOL,0.9166666,85.41892054333454,True,,C1CCC2C(C1)CCC1C3CCCC3CCC21,1280,-8.26878987890593,docked,9DKB,-3.06754254699866,docked,7ALV,54.85871812543074,24.017918676774638,21.29565816678153,24.017918676774638,False
REP_01169,CHEMBL5095404,BEMNIFOSBUVIR,CNc1nc(N)nc2c1ncn2[C@@H]1O[C@H](COP(=O)(N[C@@H](C)C(=O)OC(C)C)Oc2ccccc2)[C@@H](O)[C@@]1(C)F,OISLSHLAXHALQZ-HEOQURLSSA-N,581.54,3.0,,True,False,False,phase_only,,Small molecule,MOL,0.9166667,90.38946988820771,True,,O=[PH](OCC1CCC(n2cnc3cncnc32)O1)Oc1ccccc1,548,-8.26660875843279,docked,9DKB,-5.22849798396587,docked,7ALV,54.789800137835975,50.137835975189525,67.8842177808408,67.8842177808408,False
REP_01552,CHEMBL1233800,MIVOBULIN,CCOC(=O)Nc1cc2c(c(N)n1)N=C(c1ccccc1)[C@H](C)N2,XXBDOTXPQDVHIP-JTQLQIEISA-N,325.37,2.0,,True,False,False,phase_only,,Small molecule,MOL,0.9166667,90.38946988820771,True,,c1ccc(C2=Nc3cnccc3NC2)cc1,556,-8.26622214613767,docked,9DKB,-3.51716656908579,docked,7ALV,54.72088215024121,50.137835975189525,27.98070296347347,50.137835975189525,False
REP_07194,CHEMBL570015,GSK-256066,COc1cccc(Nc2c(C(N)=O)cnc3c(C)cc(S(=O)(=O)c4cccc(C(=O)N(C)C)c4)cc23)c1,JFHROPTYMMSOLG-UHFFFAOYSA-N,518.6,2.0,,True,False,False,phase_only,,Small molecule,MOL,0.9166667,90.38946988820771,True,,O=S(=O)(c1ccccc1)c1ccc2nccc(Nc3ccccc3)c2c1,585,-8.26512177038309,docked,9DKB,-0.947606245006538,docked,7ALV,54.65196416264645,50.137835975189525,5.031013094417647,50.137835975189525,False
REP_02366,CHEMBL1914489,AZD1981,CC(=O)Nc1cccc2c1c(Sc1ccc(Cl)cc1)c(C)n2CC(=O)O,JWYIGNODXSRKGP-UHFFFAOYSA-N,388.88,2.0,,True,False,False,phase_only,,Small molecule,MOL,0.72052085,82.75033056857795,True,,c1ccc(Sc2c[nH]c3ccccc23)cc1,1436,-8.26503322193481,docked,9DKB,-3.80322909701166,docked,7ALV,54.583046175051685,9.855272226051,33.76981392143349,33.76981392143349,False
REP_07302,CHEMBL6068034,TALORASIB,C=C(F)C(=O)N1CCN(c2nc(OC[C@@H]3CCCN3C)nc3c2CO[C@H](c2cccc4cccc(Cl)c24)C3)C[C@@H]1CC#N,DOUDKPJUSUTSCJ-LXWOLXCRSA-N,605.11,2.0,,True,False,False,phase_only,,Small molecule,MOL,1.0,98.35917778579156,True,,c1ccc2c(C3Cc4nc(OCC5CCCN5)nc(N5CCNCC5)c4CO3)cccc2c1,245,-8.26127621295339,docked,9DKB,-6.72202213047168,docked,7ALV,54.51412818745693,91.38525155065473,92.00551343900759,92.00551343900759,False
REP_06151,CHEMBL402548,DANUSERTIB,CO[C@@H](C(=O)N1Cc2[nH]nc(NC(=O)c3ccc(N4CCN(C)CC4)cc3)c2C1)c1ccccc1,XKFTZKGMDDZMJI-HSZRJFAPSA-N,474.57,2.0,,True,False,False,phase_only,,Small molecule,MOL,0.76558787,83.13499218656088,True,,O=C(Nc1n[nH]c2c1CN(C(=O)Cc1ccccc1)C2)c1ccc(N2CCNCC2)cc1,1404,-8.26074754905884,docked,9DKB,-2.31529612821882,docked,7ALV,54.445210199862174,11.853893866299105,12.68090971743625,12.68090971743625,False
REP_06579,CHEMBL4594257,ROVAFOVIR ETALAFENAMIDE,CCOC(=O)[C@H](C)N[P@](=O)(CO[C@@H]1C=C(F)[C@H](n2cnc3c(N)ncnc32)O1)Oc1ccccc1,OCJRRXHWPBXZSU-BNCZGPJRSA-N,506.43,2.0,,True,False,False,phase_only,,Small molecule,MOL,0.9166667,90.38946988820771,True,,O=[PH](COC1C=CC(n2cnc3cncnc32)O1)Oc1ccccc1,1058,-8.2597109053638,docked,9DKB,-5.97342734178859,docked,7ALV,54.37629221226741,50.137835975189525,82.25361819434872,82.25361819434872,False
REP_06992,CHEMBL5314395,GW493838,CC(C)(C)c1nnc([C@H]2O[C@@H](n3cnc4c(Nc5ccc(Cl)cc5F)ncnc43)[C@H](O)[C@@H]2O)o1,ZQYJPMPXQLNTPQ-QCUYGVNKSA-N,489.9,2.0,,True,False,False,phase_only,,Small molecule,MOL,1.0,98.35917778579156,True,,c1ccc(Nc2ncnc3c2ncn3C2CCC(c3nnco3)O2)cc1,200,-8.2556849218028,docked,9DKB,-7.20353486690069,docked,7ALV,54.30737422467264,91.38525155065473,94.9000689179876,94.9000689179876,False
REP_03718,CHEMBL2105791,TRIAMCINOLONE FURETONIDE,CC1(C)O[C@@H]2C[C@H]3[C@@H]4CCC5=CC(=O)C=C[C@]5(C)[C@@]4(F)[C@@H](O)C[C@]3(C)[C@]2(C(=O)COC(=O)c2cc3ccccc3o2)O1,OSWKQSQWSQSPQH-GNFRAIDCSA-N,578.63,2.0,,True,False,False,phase_only,,Small molecule,MOL,0.91666675,95.30592619305204,True,,O=C1C=CC2C(=C1)CCC1C2CCC2C1CC1OCOC12C(=O)COC(=O)c1cc2ccccc2o1,470,-8.25502830652633,docked,9DKB,-3.64540999522225,docked,7ALV,54.238456237077884,75.63749138525155,30.806340454858717,75.63749138525155,False
REP_03777,CHEMBL2105968,AMCINAFAL,CCC1(CC)O[C@@H]2C[C@H]3[C@@H]4CCC5=CC(=O)C=C[C@]5(C)[C@@]4(F)[C@@H](O)C[C@]3(C)[C@]2(C(=O)CO)O1,NSZFBGIRFCHKOE-LFZVSNMSSA-N,462.56,2.0,,True,False,False,phase_only,,Small molecule,MOL,0.91666675,95.30592619305204,True,,O=C1C=CC2C(=C1)CCC1C2CCC2C1CC1OCOC12,433,-8.25374407174689,docked,9DKB,-3.26484294770892,docked,7ALV,54.16953824948312,75.63749138525155,24.121295658166787,75.63749138525155,False
REP_07989,CHEMBL4439321,ATUVECICLIB,COc1cc(F)ccc1-c1ncnc(Nc2cccc(C[S@](C)(=N)=O)c2)n1,ACWKGTGIJRCOOM-HHHXNRCGSA-N,387.44,1.0,,True,False,False,phase_only,,Small molecule,MOL,0.9166667,90.38946988820771,True,,c1ccc(Nc2ncnc(-c3ccccc3)n2)cc1,951,-8.25292862589247,docked,9DKB,-7.11822583223775,docked,7ALV,54.10062026188835,50.137835975189525,94.21088904203997,94.21088904203997,False
REP_01497,CHEMBL12131,CLOSANTEL,Cc1cc(C(C#N)c2ccc(Cl)cc2)c(Cl)cc1NC(=O)c1cc(I)cc(I)c1O,JMPFSEBWVLAJKM-UHFFFAOYSA-N,663.08,2.0,,True,False,False,phase_only,,Small molecule,MOL,1.0,98.35917778579156,True,,O=C(Nc1ccc(Cc2ccccc2)cc1)c1ccccc1,106,-8.24816603939774,docked,9DKB,-4.6567455130687,docked,7ALV,54.03170227429359,91.38525155065473,53.89386629910406,91.38525155065473,False
REP_07326,CHEMBL6068070,RELICPIXANT,COC(=O)N1CCO[C@@H](Cc2c(-c3c(F)cc(S(N)(=O)=O)cc3F)nc3cc(Cl)ccn23)C1,LCFJBSQSNPDSIX-LBPRGKRZSA-N,500.91,2.0,,True,False,False,phase_only,,Small molecule,MOL,0.9166666,85.41892054333454,True,,c1ccc(-c2nc3ccccn3c2CC2CNCCO2)cc1,1117,-8.24387225781343,docked,9DKB,-4.44556244605202,docked,7ALV,53.96278428669883,24.017918676774638,48.380427291523084,48.380427291523084,False
REP_07704,CHEMBL219046,PSI-697,O=C(O)c1c(O)c(Cc2ccc(Cl)cc2)nc2c3c(ccc12)CCCC3,DIEPFYNZGUUVHD-UHFFFAOYSA-N,367.83,1.0,,True,False,False,phase_only,,Small molecule,MOL,0.9166667,90.38946988820771,True,,c1ccc(Cc2ccc3ccc4c(c3n2)CCCC4)cc1,672,-8.24239030161275,docked,9DKB,-5.5642570650089,docked,7ALV,53.89386629910406,50.137835975189525,74.98277050310132,74.98277050310132,False
REP_03473,CHEMBL2105298,ROCEPAFANT,COc1ccc(NC(=S)N2CCc3c(sc4c3C(c3ccccc3Cl)=NCc3nnc(C)n3-4)C2)cc1,WBGAFGNZNGJVNW-UHFFFAOYSA-N,535.1,2.0,,True,False,False,phase_only,,Small molecule,MOL,0.9166667,90.38946988820771,True,,S=C(Nc1ccccc1)N1CCc2c(sc3c2C(c2ccccc2)=NCc2nncn2-3)C1,741,-8.24235402053117,docked,9DKB,-3.24063300618167,docked,7ALV,53.8249483115093,50.137835975189525,23.77670572019297,50.137835975189525,False
REP_08212,CHEMBL536151,IMD-0354,O=C(Nc1cc(C(F)(F)F)cc(C(F)(F)F)c1)c1cc(Cl)ccc1O,CHILCFMQWMQVAL-UHFFFAOYSA-N,383.68,1.0,,True,False,False,phase_only,,Small molecule,MOL,0.9166667,90.38946988820771,True,,O=C(Nc1ccccc1)c1ccccc1,504,-8.24058594022863,docked,9DKB,-8.74676224124078,docked,7ALV,53.75603032391454,50.137835975189525,99.03514817367332,99.03514817367332,False
REP_06158,CHEMBL404519,BEVIRIMAT,C=C(C)[C@@H]1CC[C@]2(C(=O)O)CC[C@]3(C)[C@H](CC[C@@H]4[C@@]5(C)CC[C@H](OC(=O)CC(C)(C)C(=O)O)C(C)(C)[C@@H]5CC[C@]43C)[C@@H]12,YJEJKUQEXFSVCJ-WRFMNRASSA-N,584.84,2.0,,True,False,False,phase_only,,Small molecule,MOL,0.91666675,95.30592619305204,True,,C1CCC2C(C1)CCC1C2CCC2C3CCCC3CCC21,321,-8.23895500350374,docked,9DKB,-3.1706987066194,docked,7ALV,53.68711233631978,75.63749138525155,22.949689869055824,75.63749138525155,False
REP_07915,CHEMBL4297219,ENSARTINIB HYDROCHLORIDE,C[C@@H]1CN(C(=O)c2ccc(NC(=O)c3cc(O[C@H](C)c4c(Cl)ccc(F)c4Cl)c(N)nn3)cc2)C[C@H](C)N1,GLYMPHUVMRFTFV-QLFBSQMISA-N,561.45,1.0,,True,False,False,phase_only,,Small molecule,MOL,1.0,98.35917778579156,True,,O=C(Nc1ccc(C(=O)N2CCNCC2)cc1)c1cc(OCc2ccccc2)cnn1,134,-8.23401189270545,docked,9DKB,-5.64606605303006,docked,7ALV,53.61819434872501,91.38525155065473,76.77463818056512,91.38525155065473,False
REP_07619,CHEMBL1672627,LAS101057,O=C(Nc1cnc(-c2ccncc2F)c(-c2cccnc2)n1)C1CC1,XUYURJQIMYCWBB-UHFFFAOYSA-N,335.34,1.0,,True,False,False,phase_only,,Small molecule,MOL,0.82681113,83.54369515566775,True,,O=C(Nc1cnc(-c2ccncc2)c(-c2cccnc2)n1)C1CC1,1370,-8.23277205669339,docked,9DKB,-5.05483508909752,docked,7ALV,53.54927636113025,14.059269469331495,63.40454858718125,63.40454858718125,False
REP_01117,CHEMBL4802214,LUFOTRELVIR,COc1cccc2[nH]c(C(=O)N[C@@H](CC(C)C)C(=O)N[C@@H](C[C@@H]3CCNC3=O)C(=O)COP(=O)(O)O)cc12,FQKALOFOWPDTED-WBAXXEDZSA-N,552.52,3.0,,True,False,False,phase_only,,Small molecule,MOL,0.9166667,90.38946988820771,True,,O=C(CNC(=O)c1cc2ccccc2[nH]1)NCCC1CCNC1=O,1051,-8.22348501034365,docked,9DKB,-5.26302966698021,docked,7ALV,53.48035837353549,50.137835975189525,68.64231564438319,68.64231564438319,False
REP_02387,CHEMBL1950289,TANZISERTIB,O[C@H]1CC[C@H](Nc2ncc3nc(Nc4c(F)cc(F)cc4F)n([C@H]4CCOC4)c3n2)CC1,IBGLGMOPHJQDJB-IHRRRGAJSA-N,448.45,2.0,,True,False,False,phase_only,,Small molecule,MOL,0.9166667,90.38946988820771,True,,c1ccc(Nc2nc3cnc(NC4CCCCC4)nc3n2C2CCOC2)cc1,1075,-8.22335153242072,docked,9DKB,-4.6739336627217,docked,7ALV,53.41144038594072,50.137835975189525,54.72088215024121,54.72088215024121,False
REP_06486,CHEMBL440498,CTS-1027,O=C(NO)C1(CS(=O)(=O)c2ccc(Oc3ccc(Cl)cc3)cc2)CCOCC1,ROSNVSQTEGHUKU-UHFFFAOYSA-N,425.89,2.0,,True,False,False,phase_only,,Small molecule,MOL,0.9166667,90.38946988820771,True,,O=S(=O)(CC1CCOCC1)c1ccc(Oc2ccccc2)cc1,986,-8.22303469732237,docked,9DKB,-6.03778129724011,docked,7ALV,53.34252239834597,50.137835975189525,83.32184700206754,83.32184700206754,False
REP_01295,CHEMBL103667,DORAMAPIMOD,Cc1ccc(-n2nc(C(C)(C)C)cc2NC(=O)Nc2ccc(OCCN3CCOCC3)c3ccccc23)cc1,MVCOAUNKQVWQHZ-UHFFFAOYSA-N,527.67,2.0,,True,False,False,phase_only,,Small molecule,MOL,0.9166666,85.41892054333454,True,,O=C(Nc1ccc(OCCN2CCOCC2)c2ccccc12)Nc1ccnn1-c1ccccc1,1269,-8.22070987219395,docked,9DKB,-2.12377348699508,docked,7ALV,53.273604410751204,24.017918676774638,11.09579600275672,24.017918676774638,False
REP_07074,CHEMBL5314516,EMIDURDAR,O=C(Nc1cc(C(F)(F)F)cc(C(F)(F)F)c1)Nc1ccc(Br)cc1-c1nnn[nH]1,AEFYFGMSRKDXHZ-UHFFFAOYSA-N,495.18,2.0,,True,False,False,phase_only,,Small molecule,MOL,1.0,98.35917778579156,True,,O=C(Nc1ccccc1)Nc1ccccc1-c1nnn[nH]1,165,-8.21898317103828,docked,9DKB,-8.76367287228047,docked,7ALV,53.204686423156446,91.38525155065473,99.1040661612681,99.1040661612681,False
REP_01855,CHEMBL151475,ABAPERIDONE,O=c1c(CO)coc2cc(OCCCN3CCC(c4noc5cc(F)ccc45)CC3)ccc12,ICAXEUYZCLRXKY-UHFFFAOYSA-N,452.48,2.0,,True,False,False,phase_only,,Small molecule,MOL,0.91666675,95.30592619305204,True,,O=c1ccoc2cc(OCCCN3CCC(c4noc5ccccc45)CC3)ccc12,365,-8.2158166148591,docked,9DKB,-4.3345093223721,docked,7ALV,53.13576843556168,75.63749138525155,45.761543762922116,75.63749138525155,False
REP_05219,CHEMBL273348,TOSUFLOXACIN,NC1CCN(c2nc3c(cc2F)c(=O)c(C(=O)O)cn3-c2ccc(F)cc2F)C1,WUWFMDMBOJLQIV-UHFFFAOYSA-N,404.35,2.0,,True,False,False,phase_only,,Small molecule,MOL,0.58825654,81.6925111191249,True,,O=c1ccn(-c2ccccc2)c2nc(N3CCCC3)ccc12,1524,-8.21539489381268,docked,9DKB,-4.20841043230985,docked,7ALV,53.06685044796692,4.135079255685734,42.24672639558925,42.24672639558925,False
REP_08183,CHEMBL5314601,DASATINIB LAURYLSULFATE,CCCCCCCCCCCCOS(=O)(=O)O.Cc1nc(Nc2ncc(C(=O)Nc3c(C)cccc3Cl)s2)cc(N2CCN(CCO)CC2)n1,SWMPKFFMQAIAEW-UHFFFAOYSA-N,754.42,1.0,,True,False,False,phase_only,,Small molecule,MOL,0.9166667,90.38946988820771,True,,O=C(Nc1ccccc1)c1cnc(Nc2cc(N3CCNCC3)ncn2)s1,531,-8.21534476287747,docked,9DKB,-5.04514389983945,docked,7ALV,52.997932460372155,50.137835975189525,62.99104066161267,62.99104066161267,False
REP_05930,CHEMBL3934885,FRILUGLANSTAT,COCc1nc2c(C(=O)Nc3cccc(Cl)c3C)cc(NC(=O)c3ccccc3C(F)(F)F)cc2[nH]1,ZPONWJXTHMDOSV-UHFFFAOYSA-N,516.91,2.0,,True,False,False,phase_only,,Small molecule,MOL,0.9166667,90.38946988820771,True,,O=C(Nc1cc(C(=O)Nc2ccccc2)c2nc[nH]c2c1)c1ccccc1,568,-8.21465202215469,docked,9DKB,-4.95266719495274,docked,7ALV,52.9290144727774,50.137835975189525,60.50999310820124,60.50999310820124,False
REP_03680,CHEMBL2105590,UREDOFOS,CCOP(=O)(NC(=S)Nc1ccccc1NC(=O)NS(=O)(=O)c1ccc(C)cc1)OCC,NDXFLHPUUKVXLQ-UHFFFAOYSA-N,500.54,2.0,,True,False,False,phase_only,,Small molecule,MOL,0.9166667,90.38946988820771,True,,O=C(Nc1ccccc1)NS(=O)(=O)c1ccccc1,858,-8.20543215354915,docked,9DKB,-5.98088874747625,docked,7ALV,52.86009648518264,50.137835975189525,82.4948311509304,82.4948311509304,False
REP_00472,CHEMBL1275868,AZELNIDIPINE,CC1=C(C(=O)OC(C)C)C(c2cccc([N+](=O)[O-])c2)C(C(=O)OC2CN(C(c3ccccc3)c3ccccc3)C2)=C(N)N1,ZKFQEACEUNWPMT-UHFFFAOYSA-N,582.66,3.0,,True,False,False,phase_only,,Small molecule,MOL,0.91666675,95.30592619305204,True,,O=C(OC1CN(C(c2ccccc2)c2ccccc2)C1)C1=CNC=CC1c1ccccc1,340,-8.20477462912411,docked,9DKB,0.0723848105343286,docked,7ALV,52.79117849758788,75.63749138525155,2.618883528600968,75.63749138525155,False
REP_04166,CHEMBL2106769,MOPIDAMOL,OCCN(CCO)c1nc(N2CCCCC2)c2nc(N(CCO)CCO)ncc2n1,FOYWNSCCNCUEPU-UHFFFAOYSA-N,421.5,2.0,,True,False,False,phase_only,,Small molecule,MOL,0.9166666,85.41892054333454,True,,c1nc(N2CCCCC2)c2ncncc2n1,1243,-8.20457899692208,docked,9DKB,-6.17843568141091,docked,7ALV,52.72226050999311,24.017918676774638,85.32046864231563,85.32046864231563,False
REP_07716,CHEMBL2331680,RG-7603,CCNC(=O)Nc1ccc(-c2nc3c(c(N4CCOC[C@@H]4C)n2)CCN(C2COC2)C3)cc1,RGJOJUGRHPQXGF-INIZCTEOSA-N,452.56,1.0,,True,False,False,phase_only,,Small molecule,MOL,0.9166667,90.38946988820771,True,,c1ccc(-c2nc3c(c(N4CCOCC4)n2)CCN(C2COC2)C3)cc1,803,-8.19509078168927,docked,9DKB,-2.35930302184604,docked,7ALV,52.65334252239835,50.137835975189525,12.956581667815303,50.137835975189525,False
REP_01952,CHEMBL1614658,CARUMONAM,NC(=O)OC[C@@H]1[C@H](NC(=O)/C(=N\OCC(=O)O)c2csc(N)n2)C(=O)N1S(=O)(=O)O,UIMOJFJSJSIGLV-JNHMLNOCSA-N,466.41,2.0,,True,False,False,phase_only,,Small molecule,MOL,0.75898373,83.05084745762711,True,,N=C(C(=O)NC1CNC1=O)c1cscn1,1411,-8.19387456221292,docked,9DKB,-6.11436828734979,docked,7ALV,52.58442453480359,11.44038594073053,84.56237077877327,84.56237077877327,False
REP_07872,CHEMBL3958101,CVN-766,CCc1nc(C(F)(F)F)cnc1N[C@H]1CCC[C@@H]1NC(=O)c1ncccc1-n1nccn1,UFGCLPDMIZHEED-KBPBESRZSA-N,446.44,1.0,,True,False,False,phase_only,,Small molecule,MOL,0.9166667,90.38946988820771,True,,O=C(NC1CCCC1Nc1cnccn1)c1ncccc1-n1nccn1,825,-8.19196920609481,docked,9DKB,-6.37832705909268,docked,7ALV,52.51550654720882,50.137835975189525,87.87043418332185,87.87043418332185,False
REP_06464,CHEMBL431651,ENRASENTAN,CCCOc1ccc2c(c1)[C@@H](c1ccc(OC)cc1OCCO)[C@H](C(=O)O)[C@H]2c1ccc2c(c1)OCO2,GLCKXJLCYIJMRB-UPRLRBBYSA-N,506.55,2.0,,True,False,False,phase_only,,Small molecule,MOL,1.0,98.35917778579156,True,,c1ccc(C2CC(c3ccc4c(c3)OCO4)c3ccccc32)cc1,84,-8.18619482008987,docked,9DKB,-4.42936278589077,docked,7ALV,52.44658855961406,91.38525155065473,47.89800137835976,91.38525155065473,False
REP_04384,CHEMBL2107178,LUFURADOM,CN1c2cc(F)ccc2C(c2ccccc2)=NCC1CNC(=O)c1ccoc1,QJSCDZOUCFWCKD-UHFFFAOYSA-N,377.42,2.0,,True,False,False,phase_only,,Small molecule,MOL,0.9166667,90.38946988820771,True,,O=C(NCC1CN=C(c2ccccc2)c2ccccc2N1)c1ccoc1,1073,-8.18485125798689,docked,9DKB,-5.0735083437495,docked,7ALV,52.3776705720193,50.137835975189525,64.2315644383184,64.2315644383184,False
REP_07840,CHEMBL3696475,MK-7145,Cc1c([C@@H](O)CN2CCN(C[C@H](O)c3ccc4c(c3C)COC4=O)CC2)ccc2c1COC2=O,OCKGFTQIICXDQW-ZEQRLZLVSA-N,466.53,1.0,,True,False,False,phase_only,,Small molecule,MOL,0.9166667,90.38946988820771,True,,O=C1OCc2cc(CCN3CCN(CCc4ccc5c(c4)COC5=O)CC3)ccc21,761,-8.18364757789838,docked,9DKB,-5.6698713413538,docked,7ALV,52.30875258442453,50.137835975189525,77.25706409372847,77.25706409372847,False
REP_07709,CHEMBL229430,AMG-517,CC(=O)Nc1nc2c(Oc3cc(-c4ccc(C(F)(F)F)cc4)ncn3)cccc2s1,YUTIXVXZQIQWGY-UHFFFAOYSA-N,430.41,1.0,,True,False,False,phase_only,,Small molecule,MOL,0.9166667,90.38946988820771,True,,c1ccc(-c2cc(Oc3cccc4scnc34)ncn2)cc1,753,-8.18292315720143,docked,9DKB,-5.4011043315415,docked,7ALV,52.23983459682977,50.137835975189525,71.12336319779462,71.12336319779462,False
REP_04834,CHEMBL2110939,GLICETANILE,COc1ccc(Cl)cc1NC(=O)Cc1ccc(S(=O)(=O)Nc2ncc(CC(C)C)cn2)cc1,LXOXCADHKCVBOZ-UHFFFAOYSA-N,489.0,2.0,,True,False,False,phase_only,,Small molecule,MOL,0.9166666,85.41892054333454,True,,O=C(Cc1ccc(S(=O)(=O)Nc2ncccn2)cc1)Nc1ccccc1,1101,-8.18133737295931,docked,9DKB,-5.41417062751835,docked,7ALV,52.17091660923501,24.017918676774638,71.39903514817367,71.39903514817367,False
REP_05950,CHEMBL3977543,BELVARAFENIB,Cc1ccc2c(Nc3cccc(Cl)c3F)nccc2c1NC(=O)c1csc2c(N)ncnc12,KVCQTKNUUQOELD-UHFFFAOYSA-N,478.94,2.0,,True,False,False,phase_only,,Small molecule,MOL,1.0,98.35917778579156,True,,O=C(Nc1cccc2c(Nc3ccccc3)nccc12)c1csc2cncnc12,82,-8.17975630147214,docked,9DKB,-4.78934686804895,docked,7ALV,52.10199862164024,91.38525155065473,57.20192970365265,91.38525155065473,False
REP_01900,CHEMBL1566249,AMPIROXICAM,CCOC(=O)OC(C)OC1=C(C(=O)Nc2ccccn2)N(C)S(=O)(=O)c2ccccc21,LSNWBKACGXCGAJ-UHFFFAOYSA-N,447.47,2.0,,True,False,False,phase_only,,Small molecule,MOL,0.9166667,90.38946988820771,True,,O=C(Nc1ccccn1)C1=Cc2ccccc2S(=O)(=O)N1,987,-8.17891817069668,docked,9DKB,-4.75102715418873,docked,7ALV,52.03308063404548,50.137835975189525,56.305995864920746,56.305995864920746,False
REP_07153,CHEMBL5415395,ENVUDEUCITINIB,[2H]C([2H])([2H])CC(=O)c1cnc(NC(=O)C2CC2)cc1Nc1cccc(-c2ncn(C([2H])([2H])[2H])n2)c1OC,FKCATCQHVCOBCX-WFGJKAKNSA-N,426.51,2.0,,True,False,False,phase_only,,Small molecule,MOL,0.9166667,90.38946988820771,True,,O=C(Nc1cc(Nc2cccc(-c3nc[nH]n3)c2)ccn1)C1CC1,623,-8.17401771952393,docked,9DKB,-5.62882799984351,docked,7ALV,51.96416264645072,50.137835975189525,76.56788421778084,76.56788421778084,False
REP_07616,CHEMBL1650595,AR-12,NCC(=O)Nc1ccc(-n2nc(C(F)(F)F)cc2-c2ccc3c(ccc4ccccc43)c2)cc1,YULUCECVQOCQFQ-UHFFFAOYSA-N,460.46,1.0,,True,False,False,phase_only,,Small molecule,MOL,0.9166666,85.41892054333454,True,,c1ccc(-n2nccc2-c2ccc3c(ccc4ccccc43)c2)cc1,1176,-8.16733037576846,docked,9DKB,-4.30576688978338,docked,7ALV,51.89524465885596,24.017918676774638,45.0723638869745,45.0723638869745,False
REP_08109,CHEMBL494089,GSK-690693,CCn1c(-c2nonc2N)nc2c(C#CC(C)(C)O)ncc(OC[C@H]3CCCNC3)c21,KGPGFQWBCSZGEL-ZDUSSCGKSA-N,425.49,1.0,,True,False,False,phase_only,,Small molecule,MOL,0.61811733,81.9449453059262,True,,c1nonc1-c1nc2cncc(OCC3CCCNC3)c2[nH]1,1503,-8.1667001308121,docked,9DKB,-5.85517983347545,docked,7ALV,51.82632667126119,5.582356995175741,80.42729152308753,80.42729152308753,False
REP_06567,CHEMBL4594225,VINTIAMOL,CC(=C(CCO)SC=CC(=O)c1ccccc1)N(C=O)Cc1cnc(C)nc1N,IYLXFMHBICTCPI-UHFFFAOYSA-N,412.52,2.0,,True,False,False,phase_only,,Small molecule,MOL,0.5244077,81.0794566654646,True,,O=C(C=CSC=CNCc1cncnc1)c1ccccc1,1575,-8.16462089139991,docked,9DKB,-5.56104009122619,docked,7ALV,51.75740868366644,0.9648518263266712,74.91385251550655,74.91385251550655,False
REP_07274,CHEMBL6067984,CLOFEZONE,CCCCC1C(=O)N(c2ccccc2)N(c2ccccc2)C1=O.CCN(CC)CCNC(=O)COc1ccc(Cl)cc1,ICBCZMIEENEERJ-UHFFFAOYSA-N,593.17,2.0,,True,True,True,atc_only,,Small molecule,MOL,0.54007494,81.25976679889409,True,,O=C1CC(=O)N(c2ccccc2)N1c1ccccc1.c1ccccc1,1560,-8.16319608183213,docked,9DKB,-4.1580489335271,docked,7ALV,51.688490696071675,1.8607856650585803,41.4197105444521,41.4197105444521,False
REP_05784,CHEMBL363387,LIDORESTAT,O=C(O)Cn1cc(Cc2nc3c(F)c(F)cc(F)c3s2)c2ccccc21,KYHVTMFADJNSGS-UHFFFAOYSA-N,376.36,2.0,,True,False,False,phase_only,,Small molecule,MOL,0.6377597,82.11323476379373,True,,c1ccc2sc(Cc3c[nH]c4ccccc34)nc2c1,1489,-8.16293777161106,docked,9DKB,-7.19373688154164,docked,7ALV,51.619572708476916,6.409372846312887,94.76223294279808,94.76223294279808,False
REP_00970,CHEMBL4297258,FIRMONERTINIB,C=CC(=O)Nc1cc(Nc2nccc(-c3cn(C)c4ccccc34)n2)c(OCC(F)(F)F)nc1N(C)CCN(C)C,GHKOONMJXNWOIW-UHFFFAOYSA-N,568.6,3.0,,True,False,False,phase_only,,Small molecule,MOL,0.9166666,85.41892054333454,True,,c1cncc(Nc2nccc(-c3c[nH]c4ccccc34)n2)c1,1178,-8.16226183736146,docked,9DKB,-6.12964555214304,docked,7ALV,51.55065472088215,24.017918676774638,84.90696071674707,84.90696071674707,False
REP_06500,CHEMBL4444976,CCX354,COc1cc(N2CCN(C(=O)Cn3nc(-c4ncc[nH]4)c4cccnc43)CC2)ccc1Cl,ZIMLRKWQDLVPEK-UHFFFAOYSA-N,451.92,2.0,,True,False,False,phase_only,,Small molecule,MOL,0.9166667,90.38946988820771,True,,O=C(Cn1nc(-c2ncc[nH]2)c2cccnc21)N1CCN(c2ccccc2)CC1,553,-8.16070788227405,docked,9DKB,-4.36804133952425,docked,7ALV,51.481736733287384,50.137835975189525,46.38180565127499,50.137835975189525,False
REP_08010,CHEMBL4563818,GSK-3186899,C[C@H]1CN(c2n[nH]c3nc(N[C@H]4CC[C@H](NS(=O)(=O)CCC(F)(F)F)CC4)ncc23)CCO1,RQWCISVRFNZHMJ-IHRRRGAJSA-N,491.54,1.0,,True,False,False,phase_only,,Small molecule,MOL,0.9166667,90.38946988820771,True,,c1nc(NC2CCCCC2)nc2[nH]nc(N3CCOCC3)c12,948,-8.16000561252261,docked,9DKB,-4.90474693406003,docked,7ALV,51.412818745692626,50.137835975189525,59.407305306685046,59.407305306685046,False
REP_01191,CHEMBL5314459,FAZAMOREXANT,Cc1ccc(-c2ncccn2)c(C(=O)N2[C@H]3CC[C@@H](COc4ccc(F)cn4)[C@@H]2CC3)c1,PMJPLAGTPPVSRL-JLMWRMLUSA-N,432.5,3.0,,True,False,False,phase_only,,Small molecule,MOL,1.0,98.35917778579156,True,,O=C(c1ccccc1-c1ncccn1)N1C2CCC(COc3ccccn3)C1CC2,33,-8.15972821929423,docked,9DKB,-4.49920232564272,docked,7ALV,51.343900758097874,91.38525155065473,49.689869055823564,91.38525155065473,False
REP_06720,CHEMBL4779773,ZELATRIAZIN,C[C@H](NC(=O)Cn1nnc2ccccc2c1=O)c1ccc(OC(F)(F)F)cc1,JZGLECLGVQRPPI-NSHDSACASA-N,392.34,2.0,,True,False,False,phase_only,,Small molecule,MOL,0.9166667,90.38946988820771,True,,O=C(Cn1nnc2ccccc2c1=O)NCc1ccccc1,1063,-8.15670882372948,docked,9DKB,-4.74968015282764,docked,7ALV,51.27498277050311,50.137835975189525,56.23707787732598,56.23707787732598,False
REP_03306,CHEMBL2105093,GLISAMURIDE,CC1CCC(NC(=O)NS(=O)(=O)c2ccc(CCNC(=O)N(C)c3ccccn3)cc2)CC1,UIXYQZIHFQKFOZ-UHFFFAOYSA-N,473.6,2.0,,True,False,False,phase_only,,Small molecule,MOL,0.9166667,90.38946988820771,True,,O=C(NCCc1ccc(S(=O)(=O)NC(=O)NC2CCCCC2)cc1)Nc1ccccn1,732,-8.14990012242635,docked,9DKB,-6.12518374335354,docked,7ALV,51.20606478290834,50.137835975189525,84.8380427291523,84.8380427291523,False
REP_01009,CHEMBL4297598,LINRODOSTAT,C[C@@H](C(=O)Nc1ccc(Cl)cc1)C1CCC(c2ccnc3ccc(F)cc23)CC1,KRTIYQIPSAGSBP-KLAILNCOSA-N,410.92,3.0,,True,False,False,phase_only,,Small molecule,MOL,0.9166667,90.38946988820771,True,,O=C(CC1CCC(c2ccnc3ccccc23)CC1)Nc1ccccc1,1031,-8.14850660561378,docked,9DKB,-5.8569560994562,docked,7ALV,51.13714679531358,50.137835975189525,80.49620951068228,80.49620951068228,False
REP_05924,CHEMBL3916243,ATABECESTAT,C[C@@]1(c2cc(NC(=O)c3ccc(C#N)cn3)ccc2F)C=CSC(N)=N1,VLLFGVHGKLDDLW-SFHVURJKSA-N,367.41,2.0,,True,False,False,phase_only,,Small molecule,MOL,0.9166667,90.38946988820771,True,,O=C(Nc1cccc(C2C=CSC=N2)c1)c1ccccn1,628,-8.14425596801008,docked,9DKB,-5.41951762933782,docked,7ALV,51.06822880771882,50.137835975189525,71.5368711233632,71.5368711233632,False
REP_07897,CHEMBL4169078,SRA-737,N#Cc1cnc(Nc2cc(NC[C@H]3CNCCO3)c(C(F)(F)F)cn2)cn1,YBYYWUUUGCNAHQ-LLVKDONJSA-N,379.35,1.0,,True,False,False,phase_only,,Small molecule,MOL,0.9166667,90.38946988820771,True,,c1cnc(Nc2cc(NCC3CNCCO3)ccn2)cn1,909,-8.14357369125609,docked,9DKB,-5.02627118809701,docked,7ALV,50.99931082012405,50.137835975189525,62.37077877325983,62.37077877325983,False
REP_00959,CHEMBL4285417,CERALASERTIB,C[C@@H]1COCCN1c1cc(C2([S@](C)(=N)=O)CC2)nc(-c2cc[nH]c3nccc2-3)n1,OHUHVTCQTUDPIJ-JYCIKRDWSA-N,412.52,3.0,,True,False,False,phase_only,,Small molecule,MOL,1.0,98.35917778579156,True,,c1cc2c(-c3nc(C4CC4)cc(N4CCOCC4)n3)cc[nH]c-2n1,120,-8.14249979291453,docked,9DKB,-4.86721285961574,docked,7ALV,50.93039283252929,91.38525155065473,58.99379738111647,91.38525155065473,False
REP_06176,CHEMBL4080062,BFH-772,O=C(Nc1cccc(C(F)(F)F)c1)c1cccc2cc(Oc3cc(CO)ncn3)ccc12,JNLSTLQFDDAULK-UHFFFAOYSA-N,439.39,2.0,,True,False,False,phase_only,,Small molecule,MOL,0.91666675,95.30592619305204,True,,O=C(Nc1ccccc1)c1cccc2cc(Oc3ccncn3)ccc12,379,-8.12937078163065,docked,9DKB,-6.8413020409984,docked,7ALV,50.86147484493453,75.63749138525155,93.17711922811854,93.17711922811854,False
REP_06628,CHEMBL4633566,DS-1971,Cn1nccc1[C@H]1CCCC[C@@H]1Oc1cc(F)c(S(=O)(=O)Nc2ccncn2)cc1Cl,OJKONCJPCULNOW-DYVFJYSZSA-N,465.94,2.0,,True,False,False,phase_only,,Small molecule,MOL,0.9166667,90.38946988820771,True,,O=S(=O)(Nc1ccncn1)c1ccc(OC2CCCCC2c2ccn[nH]2)cc1,542,-8.12511398479071,docked,9DKB,-3.70577725316106,docked,7ALV,50.79255685733977,50.137835975189525,31.702274293590627,50.137835975189525,False
REP_07653,CHEMBL1980391,RG-1530,COc1cc2c(cc1F)C(c1ccccc1Cl)=Nc1c(n[nH]c1C)N2,UOVCGJXDGOGOCZ-UHFFFAOYSA-N,356.79,1.0,,True,False,False,phase_only,,Small molecule,MOL,0.9166667,90.38946988820771,True,,c1ccc(C2=Nc3c[nH]nc3Nc3ccccc32)cc1,718,-8.12346671112923,docked,9DKB,-3.51813926547567,docked,7ALV,50.723638869745,50.137835975189525,28.04962095106823,50.137835975189525,False
REP_08230,CHEMBL574738,AST-487,CCN1CCN(Cc2ccc(NC(=O)Nc3ccc(Oc4cc(NC)ncn4)cc3)cc2C(F)(F)F)CC1,ODPGGGTTYSGTGO-UHFFFAOYSA-N,529.57,1.0,,True,False,False,phase_only,,Small molecule,MOL,1.0,98.35917778579156,True,,O=C(Nc1ccc(CN2CCNCC2)cc1)Nc1ccc(Oc2ccncn2)cc1,3,-8.12168175463512,docked,9DKB,-0.985985166268919,docked,7ALV,50.65472088215024,91.38525155065473,5.237767057201925,91.38525155065473,False
REP_00019,CHEMBL111,RIMONABANT,Cc1c(C(=O)NN2CCCCC2)nn(-c2ccc(Cl)cc2Cl)c1-c1ccc(Cl)cc1,JZCPYUJPEARBJL-UHFFFAOYSA-N,463.8,4.0,,False,True,False,primary_atc_phase,,Small molecule,MOL,0.9166667,90.38946988820771,True,,O=C(NN1CCCCC1)c1cc(-c2ccccc2)n(-c2ccccc2)n1,513,-8.11818005985942,docked,9DKB,-3.49167433510318,docked,7ALV,50.58580289455548,50.137835975189525,27.29152308752585,50.137835975189525,False
REP_05566,CHEMBL3260567,VACTOSERTIB,Cc1cccc(-c2[nH]c(CNc3ccccc3F)nc2-c2ccc3ncnn3c2)n1,FJCDSQATIJKQKA-UHFFFAOYSA-N,399.43,2.0,,True,False,False,phase_only,,Small molecule,MOL,0.6629756,82.3416275994711,True,,c1ccc(NCc2nc(-c3ccc4ncnn4c3)c(-c3ccccn3)[nH]2)cc1,1470,-8.11770521462191,docked,9DKB,-5.12100398847724,docked,7ALV,50.51688490696071,7.649896623018608,65.26533425223984,65.26533425223984,False
REP_05760,CHEMBL3580737,MK-0941 FREE BASE,CCS(=O)(=O)c1ccc(Oc2cc(O[C@@H](C)CO)cc(C(=O)Nc3ccn(C)n3)c2)cn1,KJSGTWFWVTYPFZ-AWEZNQCLSA-N,460.51,2.0,,True,False,False,phase_only,,Small molecule,MOL,0.9166666,85.41892054333454,True,,O=C(Nc1cc[nH]n1)c1cccc(Oc2cccnc2)c1,1112,-8.1151293060248,docked,9DKB,-5.93074371812748,docked,7ALV,50.44796691936595,24.017918676774638,81.736733287388,81.736733287388,False
REP_01116,CHEMBL4802161,DALPICICLIB,CC(=O)c1c(C)c2cnc(Nc3ccc(C4CCNCC4)cn3)nc2n(C2CCCC2)c1=O,SGJLSPUSUBJWHO-UHFFFAOYSA-N,446.56,3.0,,True,False,False,phase_only,,Small molecule,MOL,0.9166667,90.38946988820771,True,,O=c1ccc2cnc(Nc3ccc(C4CCNCC4)cn3)nc2n1C1CCCC1,1020,-8.11388228847479,docked,9DKB,-3.72490879945102,docked,7ALV,50.37904893177119,50.137835975189525,32.18470020675396,50.137835975189525,False
REP_01198,CHEMBL5314576,ICLEPERTIN,C[C@@H](Oc1ccc(S(C)(=O)=O)cc1C(=O)N1C[C@@H]2C[C@]2(c2cc(C(F)(F)F)on2)C1)C(F)(F)F,MYHDQTVHHMSLEF-DDBGAENHSA-N,512.43,3.0,,True,False,False,phase_only,,Small molecule,MOL,0.9166667,90.38946988820771,True,,O=C(c1ccccc1)N1CC2CC2(c2ccon2)C1,985,-8.1132159585896,docked,9DKB,2.13737916129921,docked,7ALV,50.31013094417642,50.137835975189525,0.8270158511371473,50.137835975189525,False
REP_07650,CHEMBL1963502,PKI-166,C[C@@H](Nc1ncnc2[nH]c(-c3ccc(O)cc3)cc12)c1ccccc1,XRYJULCDUUATMC-CYBMUJFWSA-N,330.39,1.0,,True,False,False,phase_only,,Small molecule,MOL,0.9166667,90.38946988820771,True,,c1ccc(CNc2ncnc3[nH]c(-c4ccccc4)cc23)cc1,643,-8.11264170700473,docked,9DKB,-5.83393540708586,docked,7ALV,50.24121295658166,50.137835975189525,80.22053756030324,80.22053756030324,False
REP_00729,CHEMBL222645,FLOXACILLIN,Cc1onc(-c2c(F)cccc2Cl)c1C(=O)N[C@@H]1C(=O)N2[C@@H]1SC(C)(C)[C@@H]2C(=O)O,UIOFUWFRIANQPC-JKIFEVAISA-N,453.88,3.0,,True,False,False,phase_only,,Small molecule,MOL,0.9166667,90.38946988820771,True,,O=C(NC1C(=O)N2CCSC12)c1conc1-c1ccccc1,681,-8.10773686025609,docked,9DKB,-5.2219188513299,docked,7ALV,50.17229496898691,50.137835975189525,67.67746381805651,67.67746381805651,False
REP_06119,CHEMBL3989910,CAVOSONSTAT,O=C(O)c1ccc(-c2ccc3cc(O)ccc3n2)c(Cl)c1,BXSZILNGNMDGSL-UHFFFAOYSA-N,299.71,2.0,,True,False,False,phase_only,,Small molecule,MOL,1.0,98.35917778579156,True,,c1ccc(-c2ccc3ccccc3n2)cc1,140,-8.10586391792003,docked,9DKB,-5.18034421375843,docked,7ALV,50.103376981392145,91.38525155065473,66.7815299793246,91.38525155065473,False
REP_07030,CHEMBL5314463,FULZERASIB,C=CC(=O)N1CCN2c3c(c(=O)n(-c4c(C)ccnc4C(C)C)c4nc(-c5c(O)cccc5F)c(Cl)cc34)N(C)C(=O)[C@H]2C1,PYKBFRQMXJWLGG-OAQYLSRUSA-N,617.08,2.0,,True,False,False,phase_only,,Small molecule,MOL,0.9166666,85.41892054333454,True,,O=C1Nc2c(c3ccc(-c4ccccc4)nc3n(-c3cccnc3)c2=O)N2CCNCC12,1266,-8.10207501574409,docked,9DKB,-2.72042010818525,docked,7ALV,50.03445899379738,24.017918676774638,16.6092350103377,24.017918676774638,False
REP_06432,CHEMBL4297674,BRANEBRUTINIB,CC#CC(=O)N[C@H]1CCCN(c2c(F)cc(C(N)=O)c3[nH]c(C)c(C)c23)C1,VJPPLCNBDLZIFG-ZDUSSCGKSA-N,370.43,2.0,,True,False,False,phase_only,,Small molecule,MOL,1.0,98.35917778579156,True,,c1cc(N2CCCCC2)c2cc[nH]c2c1,91,-8.09611597763484,docked,9DKB,-5.53720065408819,docked,7ALV,49.96554100620262,91.38525155065473,74.50034458993797,91.38525155065473,False
REP_06274,CHEMBL4297083,AMOXYDRAMINE CAMSILATE,CC1(C)C2CCC1(CS(=O)(=O)O)C(=O)C2.C[N+](C)([O-])CCOC(c1ccccc1)c1ccccc1,RYJTVDSLFJIKMP-UHFFFAOYSA-N,503.66,2.0,,True,False,False,phase_only,,Small molecule,MOL,0.9166667,90.38946988820771,True,,O=C1CC2CCC1C2.c1ccc(Cc2ccccc2)cc1,764,-8.08974888097818,docked,9DKB,-5.6801523093484,docked,7ALV,49.896623018607855,50.137835975189525,77.46381805651275,77.46381805651275,False
REP_00201,CHEMBL2103855,TELOTRISTAT,Cc1ccn(-c2cc(Cl)ccc2[C@@H](Oc2cc(-c3ccc(C[C@H](N)C(=O)O)cc3)nc(N)n2)C(F)(F)F)n1,NCLGDOBQAWBXRA-PGRDOPGGSA-N,546.94,4.0,,False,True,True,primary_atc_phase,,Small molecule,MOL,0.54245895,81.28380815001803,True,,c1ccc(-c2cc(OCc3ccccc3-n3cccn3)ncn2)cc1,1558,-8.08965746590052,docked,9DKB,-1.68508858617544,docked,7ALV,49.82770503101309,1.9986216402481045,8.339076498966225,8.339076498966225,False
REP_04407,CHEMBL2107228,SOLIMASTAT,CO[C@H](C(=O)NO)[C@@H](CC(C)C)C(=O)N[C@H](C(=O)Nc1ccccn1)C(C)(C)C,WORSVFBVUCBRIP-VNQPRFMTSA-N,408.5,2.0,,True,False,False,phase_only,,Small molecule,MOL,0.9166667,90.38946988820771,True,,c1ccncc1,704,-8.08700429384455,docked,9DKB,-5.13514591486809,docked,7ALV,49.75878704341833,50.137835975189525,65.95451412818745,65.95451412818745,False
REP_00292,CHEMBL421,SULFASALAZINE,O=C(O)c1cc(/N=N/c2ccc(S(=O)(=O)Nc3ccccn3)cc2)ccc1O,NCEXYHBECQHGNR-QZQOTICOSA-N,398.4,4.0,,False,True,False,primary_atc_phase,,Small molecule,MOL,0.9166667,90.38946988820771,True,,O=S(=O)(Nc1ccccn1)c1ccc(N=Nc2ccccc2)cc1,823,-8.0854827003979,docked,9DKB,-3.08388477532562,docked,7ALV,49.689869055823564,50.137835975189525,21.50241212956582,50.137835975189525,False
REP_00730,CHEMBL223360,LINIFANIB,Cc1ccc(F)c(NC(=O)Nc2ccc(-c3cccc4[nH]nc(N)c34)cc2)c1,MPVGZUGXCQEXTM-UHFFFAOYSA-N,375.41,3.0,,True,False,False,phase_only,,Small molecule,MOL,1.0,98.35917778579156,True,,O=C(Nc1ccccc1)Nc1ccc(-c2cccc3[nH]ncc23)cc1,110,-8.07669908569037,docked,9DKB,-6.71830446660207,docked,7ALV,49.620951068228806,91.38525155065473,91.86767746381805,91.86767746381805,False
REP_06729,CHEMBL4795907,DARIZMETINIB,CCCS(=O)(=O)Nc1c(F)ccc(C(=O)c2n[nH]c3ncc(-c4ccncc4)cc23)c1F,WBNMARNYIFMNEP-UHFFFAOYSA-N,457.46,2.0,,True,False,False,phase_only,,Small molecule,MOL,0.91666675,95.30592619305204,True,,O=C(c1ccccc1)c1n[nH]c2ncc(-c3ccncc3)cc12,476,-8.07669609287654,docked,9DKB,-6.26930132313214,docked,7ALV,49.55203308063405,75.63749138525155,86.69882839421089,86.69882839421089,False
REP_03867,CHEMBL2106169,BRINDOXIME,CC(O/N=C1\c2ncncc2-c2cc(Br)cc(Br)c21)C(=O)NCCN(C)C,KIGNRDGJGXIHCH-ULJHMMPZSA-N,497.19,2.0,,True,False,False,phase_only,,Small molecule,MOL,0.9166666,85.41892054333454,True,,N=C1c2ccccc2-c2cncnc21,1205,-8.07616559910016,docked,9DKB,-4.37980390228256,docked,7ALV,49.48311509303929,24.017918676774638,46.519641626464505,46.519641626464505,False
REP_05921,CHEMBL3911164,VAREGACESTAT,Cc1cccc2c1NC(=O)[C@@H](NC(=O)[C@H](CCC(F)(F)F)[C@H](CCC(F)(F)F)C(N)=O)N=C2c1cccc(F)c1,SRJNRAQUSAVENA-GSHUGGBRSA-N,574.5,2.0,,True,False,False,phase_only,,Small molecule,MOL,1.0,98.35917778579156,True,,O=C1CN=C(c2ccccc2)c2ccccc2N1,16,-8.07087433839406,docked,9DKB,0.186971417114109,docked,7ALV,49.41419710544452,91.38525155065473,2.274293590627152,91.38525155065473,False
REP_07877,CHEMBL398338,ABT-102,CC(C)(C)c1ccc2c(c1)CC[C@H]2NC(=O)Nc1cccc2[nH]ncc12,TYOYXJNGINZFET-GOSISDBHSA-N,348.45,1.0,,True,False,False,phase_only,,Small molecule,MOL,0.9166667,90.38946988820771,True,,O=C(Nc1cccc2[nH]ncc12)NC1CCc2ccccc21,780,-8.06640815419779,docked,9DKB,-4.68721299644452,docked,7ALV,49.34527911784976,50.137835975189525,54.99655410062025,54.99655410062025,False
REP_02552,CHEMBL2103852,CROLIBULIN,COc1cc([C@H]2C(C#N)=C(N)Oc3c2ccc(N)c3N)cc(Br)c1OC,JXONINOYTKKXQQ-CQSZACIVSA-N,417.26,2.0,,True,False,False,phase_only,,Small molecule,MOL,0.5393789,81.24774612333213,True,,C1=CC(c2ccccc2)c2ccccc2O1,1561,-8.0634449404833,docked,9DKB,-3.99317088450359,docked,7ALV,49.276361130255,1.7918676774638183,37.49138525155066,37.49138525155066,False
REP_01006,CHEMBL4297583,TEGOPRAZAN,Cc1nc2cc(C(=O)N(C)C)cc(O[C@H]3CCOc4cc(F)cc(F)c43)c2[nH]1,CLIQCDHNPDMGSL-HNNXBMFYSA-N,387.39,3.0,,True,True,False,primary_atc_phase,,Small molecule,MOL,0.9166667,90.38946988820771,True,,c1ccc2c(c1)OCCC2Oc1cccc2nc[nH]c12,1030,-8.05286620285534,docked,9DKB,-4.28864174341197,docked,7ALV,49.20744314266023,50.137835975189525,44.58993797381117,50.137835975189525,False
REP_06583,CHEMBL4594274,POSENACAFTOR,Cc1c(-c2cc(C(=O)O)c3c(O[C@H](C)C4CCOCC4)ccc(C)c3n2)oc2ccccc12,QUDOHCFOJCNKPK-QGZVFWFLSA-N,445.52,2.0,,True,False,False,phase_only,,Small molecule,MOL,0.9166667,90.38946988820771,True,,c1ccc2oc(-c3ccc4c(OCC5CCOCC5)cccc4n3)cc2c1,1048,-8.05274341921742,docked,9DKB,-6.61663457978001,docked,7ALV,49.13852515506547,50.137835975189525,90.97174362508615,90.97174362508615,False
REP_06436,CHEMBL4298152,TIGOLANER,Cn1nc(C(F)(F)C(F)(F)F)c(C(F)(F)F)c1-n1cc(-c2ccc(Cl)c(C(=O)NC3(C#N)CC3)c2)cn1,TVAJZOVLQZNNCJ-UHFFFAOYSA-N,552.81,2.0,,True,False,False,phase_only,,Small molecule,MOL,0.9166667,90.38946988820771,True,,O=C(NC1CC1)c1cccc(-c2cnn(-c3ccn[nH]3)c2)c1,967,-8.05132824844147,docked,9DKB,-4.97499403224757,docked,7ALV,49.06960716747071,50.137835975189525,61.1302549965541,61.1302549965541,False
REP_00173,CHEMBL175247,ORLISTAT,CCCCCCCCCCC[C@@H](C[C@@H]1OC(=O)[C@H]1CCCCCC)OC(=O)[C@H](CC(C)C)NC=O,AHLBNYSZXLDEJQ-FWEHEUNISA-N,495.75,4.0,,False,True,False,primary_atc_phase,,Small molecule,MOL,1.0,98.35917778579156,True,,O=C1CCO1,257,-8.04969673371306,docked,9DKB,-2.93606707237523,docked,7ALV,49.00068917987595,91.38525155065473,19.641626464507233,91.38525155065473,False
REP_01375,CHEMBL114395,PINADOLINE,O=C(CCCCCl)NNC(=O)N1Cc2ccccc2Oc2ccc(Cl)cc21,OUNSOXPSCMCFHX-UHFFFAOYSA-N,408.29,2.0,,True,False,False,phase_only,,Small molecule,MOL,0.7492673,82.99074407981728,True,,c1ccc2c(c1)CNc1ccccc1O2,1416,-8.04933216717683,docked,9DKB,-5.01217738628828,docked,7ALV,48.93177119228118,11.164713990351482,61.6815988973122,61.6815988973122,False
REP_03817,CHEMBL2106071,CLOMOCYCLINE,CN(C)[C@@H]1C(O)=C(C(=O)NCO)C(=O)[C@@]2(O)C(O)=C3C(=O)c4c(O)ccc(Cl)c4[C@@](C)(O)[C@H]3C[C@@H]12,GJGDLRSSCNAKGL-KMVLDZISSA-N,508.91,2.0,,True,False,False,phase_only,,Small molecule,MOL,0.9166666,85.41892054333454,True,,O=C1C2=CC3C(=O)C=CCC3CC2Cc2ccccc21,1143,-8.0409618929773,docked,9DKB,-4.78236417329903,docked,7ALV,48.86285320468642,24.017918676774638,57.133011716057894,57.133011716057894,False
REP_07943,CHEMBL4297384,GSK-356278,CCn1ncc2c(NC3CCOCC3)c(-c3nnc(Cc4sc(C)nc4C)o3)cnc21,AWDJJMXJUOHGLC-UHFFFAOYSA-N,439.55,1.0,,True,False,False,phase_only,,Small molecule,MOL,1.0,98.35917778579156,True,,c1ncc(Cc2nnc(-c3cnc4[nH]ncc4c3NC3CCOCC3)o2)s1,155,-8.03477575132351,docked,9DKB,-2.87760662651875,docked,7ALV,48.793935217091665,91.38525155065473,18.194348725017228,91.38525155065473,False
REP_01356,CHEMBL1096842,PRANIDIPINE,COC(=O)C1=C(C)NC(C)=C(C(=O)OC/C=C/c2ccccc2)C1c1cccc([N+](=O)[O-])c1,XTFPDGZNWTZCMF-DHZHZOJOSA-N,448.48,2.0,,True,False,False,phase_only,,Small molecule,MOL,0.9166666,85.41892054333454,True,,O=C(OCC=Cc1ccccc1)C1=CNC=CC1c1ccccc1,1272,-8.03117445881654,docked,9DKB,-4.95169886797739,docked,7ALV,48.725017229496906,24.017918676774638,60.44107512060648,60.44107512060648,False
REP_04681,CHEMBL2110610,FANDOSENTAN,CCc1cc(C2=C(C(=O)O)N(c3ccccc3C(F)(F)F)S(=O)(=O)c3ccccc32)cc2c1OCO2,YMGQBWRXNCAABF-UHFFFAOYSA-N,517.48,2.0,,True,False,False,phase_only,,Small molecule,MOL,0.9166667,90.38946988820771,True,,O=S1(=O)c2ccccc2C(c2ccc3c(c2)OCO3)=CN1c1ccccc1,519,-8.03108425721731,docked,9DKB,-2.80755107737191,docked,7ALV,48.65609924190214,50.137835975189525,17.57408683666437,50.137835975189525,False
REP_07863,CHEMBL3931672,MK-8876,CNC(=O)c1c(-c2ccc(F)cc2)oc2cc(N(C)S(C)(=O)=O)c(-c3ccc4c(n3)-c3cc5c(F)cccc5n3CO4)cc12,GOHCXBUFLQKEIO-UHFFFAOYSA-N,614.63,1.0,,True,False,False,phase_only,,Small molecule,MOL,0.91666675,95.30592619305204,True,,c1ccc(-c2cc3cc(-c4ccc5c(n4)-c4cc6ccccc6n4CO5)ccc3o2)cc1,331,-8.02803703596361,docked,9DKB,-4.39830174226993,docked,7ALV,48.587181254307374,75.63749138525155,47.07098552722261,75.63749138525155,False
REP_00887,CHEMBL3707376,CADAZOLID,O=C(O)c1cn(C2CC2)c2cc(N3CCC(O)(COc4ccc(N5C[C@H](CO)OC5=O)cc4F)CC3)c(F)cc2c1=O,XWFCFMXQTBGXQW-GOSISDBHSA-N,585.56,3.0,,True,False,False,phase_only,,Small molecule,MOL,0.9166667,90.38946988820771,True,,O=C1OCCN1c1ccc(OCC2CCN(c3ccc4c(=O)ccn(C5CC5)c4c3)CC2)cc1,841,-8.0261369058811,docked,9DKB,-4.07781496608664,docked,7ALV,48.518263266712616,50.137835975189525,39.49000689179876,50.137835975189525,False
REP_07937,CHEMBL4297359,BIIB-028,COc1c(C)cnc(Cn2cc(C#CCCOP(=O)(O)O)c3c(Cl)nc(N)nc32)c1C,BMZGPNGECPQAGB-UHFFFAOYSA-N,465.83,1.0,,True,False,False,phase_only,,Small molecule,MOL,0.9166667,90.38946988820771,True,,c1ccc(Cn2ccc3cncnc32)nc1,812,-8.02594417964401,docked,9DKB,-5.59250179852974,docked,7ALV,48.44934527911785,50.137835975189525,75.80978635423845,75.80978635423845,False
REP_07020,CHEMBL5314447,VULOLISIB,C[C@H](Nc1ccc2c(c1)OCCn1cc(N3C(=O)SC[C@H]3C(F)F)nc1-2)C(N)=O,KEEKMOIRJUWKNK-CABZTGNLSA-N,423.45,2.0,,True,False,False,phase_only,,Small molecule,MOL,1.0,98.35917778579156,True,,O=C1SCCN1c1cn2c(n1)-c1ccccc1OCC2,201,-8.01968375887526,docked,9DKB,-6.10357315520295,docked,7ALV,48.380427291523084,91.38525155065473,84.35561681598898,91.38525155065473,False
REP_02239,CHEMBL1819077,ONO-2333MS,CCC(CC)Nc1c2c(nc3c(-c4ccc(OC)cc4Cl)c(C)nn13)CCC2,LDIOUQIXNSSOGU-UHFFFAOYSA-N,398.94,2.0,,True,False,False,phase_only,,Small molecule,MOL,1.0,98.35917778579156,True,,c1ccc(-c2cnn3cc4c(nc23)CCC4)cc1,160,-8.01959901569889,docked,9DKB,-4.71205166531279,docked,7ALV,48.311509303928325,91.38525155065473,55.34114403859407,91.38525155065473,False
REP_07190,CHEMBL564829,MILCICLIB,CNC(=O)c1nn(C)c2c1C(C)(C)Cc1cnc(Nc3ccc(N4CCN(C)CC4)cc3)nc1-2,RXZMYLDMFYNEIM-UHFFFAOYSA-N,460.59,2.0,,True,False,False,phase_only,,Small molecule,MOL,0.9166667,90.38946988820771,True,,c1cc(N2CCNCC2)ccc1Nc1ncc2c(n1)-c1[nH]ncc1CC2,584,-8.01870147620142,docked,9DKB,-2.16625117301791,docked,7ALV,48.24259131633356,50.137835975189525,11.57822191592005,50.137835975189525,False
REP_06350,CHEMBL4297400,MB-07803,CCOC(=O)C(C)(C)NP(=O)(NC(C)(C)C(=O)OCC)c1ccc(-c2nc(N)sc2C(=O)C(C)(C)C)o1,CTKZZUXRWBCFEI-UHFFFAOYSA-N,556.62,2.0,,True,False,False,phase_only,,Small molecule,MOL,0.9166666,85.41892054333454,True,,c1coc(-c2cscn2)c1,1250,-8.01506903358994,docked,9DKB,-2.5439185628682,docked,7ALV,48.1736733287388,24.017918676774638,14.403859407305308,24.017918676774638,False
REP_07166,CHEMBL551813,BI-671800,CN(C)c1nc(Cc2ccc(NC(=O)c3ccc(C(F)(F)F)cc3)cc2)nc(N(C)C)c1CC(=O)O,XEOSTBFUCNZKGS-UHFFFAOYSA-N,501.51,2.0,,True,False,False,phase_only,,Small molecule,MOL,0.9166667,90.38946988820771,True,,O=C(Nc1ccc(Cc2ncccn2)cc1)c1ccccc1,624,-8.00891123176851,docked,9DKB,-5.26006808898917,docked,7ALV,48.104755341144035,50.137835975189525,68.4355616815989,68.4355616815989,False
REP_08043,CHEMBL4650218,DANUGLIPRON TROMETHAMINE,N#Cc1ccc(COc2cccc(C3CCN(Cc4nc5ccc(C(=O)O)cc5n4C[C@@H]4CCO4)CC3)n2)c(F)c1.NC(CO)(CO)CO,JEJPAGACGZQFHN-JIDHJSLPSA-N,676.75,1.0,,True,False,False,phase_only,,Small molecule,MOL,0.9166667,90.38946988820771,True,,c1ccc(COc2cccc(C3CCN(Cc4nc5ccccc5n4CC4CCO4)CC3)n2)cc1,997,-8.00485208205105,docked,9DKB,-4.22221387695711,docked,7ALV,48.03583735354927,50.137835975189525,42.79807029634735,50.137835975189525,False
REP_07086,CHEMBL5314532,NERANDOMILAST,[O-][S+]1CCc2nc(N3CCC(c4ncc(Cl)cn4)CC3)nc(NC3(CO)CCC3)c21,UHYCLWAANUGUMN-UHFFFAOYSA-N,448.98,2.0,,True,False,False,phase_only,,Small molecule,MOL,0.9166667,90.38946988820771,True,,c1cnc(C2CCN(c3nc4c(c(NC5CCC5)n3)[SH+]CC4)CC2)nc1,621,-8.00414438023092,docked,9DKB,-5.16775806753139,docked,7ALV,47.96691936595452,50.137835975189525,66.64369400413509,66.64369400413509,False
REP_07869,CHEMBL3945199,BMS-852927,CC(C)(O)c1cn(-c2ccc(-c3cc(F)c(CO)c(S(C)(=O)=O)c3)cc2F)c(C(C)(C)c2c(Cl)cccc2Cl)n1,HNAJDMYOTDNOBK-UHFFFAOYSA-N,609.52,1.0,,True,False,False,phase_only,,Small molecule,MOL,0.9166666,85.41892054333454,True,,c1ccc(Cc2nccn2-c2ccc(-c3ccccc3)cc2)cc1,1199,-7.9994082800311,docked,9DKB,-2.55514361007072,docked,7ALV,47.89800137835976,24.017918676774638,14.541695382494835,24.017918676774638,False
REP_05737,CHEMBL3545396,BMS-690514,COc1cccc(Nc2ncnn3ccc(CN4CC[C@@H](N)[C@H](O)C4)c23)c1,CSGQVNMSRKWUSH-IAGOWNOFSA-N,368.44,2.0,,True,False,False,phase_only,,Small molecule,MOL,0.73389435,82.85851664863564,True,,c1ccc(Nc2ncnn3ccc(CN4CCCCC4)c23)cc1,1427,-7.98220123194323,docked,9DKB,-4.66732344446373,docked,7ALV,47.82908339076499,10.406616126809096,54.30737422467264,54.30737422467264,False
REP_00997,CHEMBL4297505,CENERIMOD,CCc1cc(-c2noc(-c3cc(OC)nc(C4CCCC4)c3)n2)cc(C)c1OC[C@@H](O)CO,KJKKMMMRWISKRF-FQEVSTJZSA-N,453.54,3.0,,True,False,False,phase_only,,Small molecule,MOL,0.9166667,90.38946988820771,True,,c1ccc(-c2noc(-c3ccnc(C4CCCC4)c3)n2)cc1,1032,-7.97815774349361,docked,9DKB,-6.07651896272026,docked,7ALV,47.76016540317023,50.137835975189525,84.01102687801516,84.01102687801516,False
REP_04378,CHEMBL2107164,THENIUM CLOSYLATE,C[N+](C)(CCOc1ccccc1)Cc1cccs1.O=S(=O)([O-])c1ccc(Cl)cc1,QMAHSUSUOMSSBK-UHFFFAOYSA-M,454.01,2.0,,True,False,False,phase_only,,Small molecule,MOL,0.9166667,90.38946988820771,True,,c1ccc(OCC[NH2+]Cc2cccs2)cc1.c1ccccc1,580,-7.97765370746624,docked,9DKB,-4.09846198369367,docked,7ALV,47.69124741557547,50.137835975189525,39.90351481736734,50.137835975189525,False
REP_07033,CHEMBL5314467,IZUMEROGANT,CC(C)(O)CCn1ncc(-c2onc(-c3c(F)cccc3Cl)c2-c2ncccn2)c1C(F)(F)F,MRJLIFZIFUEXQG-UHFFFAOYSA-N,495.86,2.0,,True,False,False,phase_only,,Small molecule,MOL,0.91666675,95.30592619305204,True,,c1ccc(-c2noc(-c3cn[nH]c3)c2-c2ncccn2)cc1,313,-7.97708345574794,docked,9DKB,-6.18973140160099,docked,7ALV,47.6223294279807,75.63749138525155,85.5961405926947,85.5961405926947,False
REP_01610,CHEMBL1270562,SALAZOSULFATHIAZOLE,O=C(O)c1cc(/N=N/c2ccc(S(=O)(=O)Nc3nccs3)cc2)ccc1O,FESOWBQMOCAPBN-VHEBQXMUSA-N,404.43,2.0,,True,False,False,phase_only,,Small molecule,MOL,0.9166666,85.41892054333454,True,,O=S(=O)(Nc1nccs1)c1ccc(N=Nc2ccccc2)cc1,1111,-7.97647791256654,docked,9DKB,-3.5761943846406,docked,7ALV,47.55341144038594,24.017918676774638,29.427980702963474,29.427980702963474,False
REP_06128,CHEMBL3989967,LOTAMILAST,CNc1nc(-c2cccc(NC(=O)c3ccc(C(=O)OC)cc3)c2)c2cc(OC)c(OC)cc2n1,BBTFKAOFCSOZMB-UHFFFAOYSA-N,472.5,2.0,,True,False,False,phase_only,,Small molecule,MOL,0.91666675,95.30592619305204,True,,O=C(Nc1cccc(-c2ncnc3ccccc23)c1)c1ccccc1,383,-7.96933707884683,docked,9DKB,-1.16448482537398,docked,7ALV,47.48449345279118,75.63749138525155,6.271536871123362,75.63749138525155,False
REP_08097,CHEMBL4803710,PARENT OF BMS-986202,CNC(=O)c1cnc(NC(=O)C2CC2)cc1Nc1cccc(-c2ncc(F)cn2)c1OC,BBRMAVGRWHNAIG-UHFFFAOYSA-N,436.45,1.0,,True,False,False,phase_only,,Small molecule,MOL,1.0,98.35917778579156,True,,O=C(Nc1cc(Nc2cccc(-c3ncccn3)c2)ccn1)C1CC1,263,-7.96735374199343,docked,9DKB,-4.81511004140614,docked,7ALV,47.41557546519641,91.38525155065473,57.75327360441075,91.38525155065473,False
REP_07803,CHEMBL3544932,TAK-901,CCS(=O)(=O)c1cccc(-c2cc(C(=O)NC3CCN(C)CC3)c(C)c3[nH]c4ncc(C)cc4c23)c1,WKDACQVEJIVHMZ-UHFFFAOYSA-N,504.66,1.0,,True,False,False,phase_only,,Small molecule,MOL,1.0,98.35917778579156,True,,O=C(NC1CCNCC1)c1cc(-c2ccccc2)c2c(c1)[nH]c1ncccc12,223,-7.96578901150146,docked,9DKB,-2.99397822141889,docked,7ALV,47.34665747760165,91.38525155065473,20.39972432804962,91.38525155065473,False
REP_02747,CHEMBL2104203,DENOTIVIR,Cc1nsc(NC(=O)c2ccccc2)c1C(=O)Nc1ccc(Cl)cc1,ZPBLNADJHWHOEP-UHFFFAOYSA-N,371.85,2.0,,True,False,False,phase_only,,Small molecule,MOL,0.9166667,90.38946988820771,True,,O=C(Nc1sncc1C(=O)Nc1ccccc1)c1ccccc1,722,-7.96310537562979,docked,9DKB,-4.12953499389566,docked,7ALV,47.27773949000689,50.137835975189525,40.93728463128876,50.137835975189525,False
REP_06845,CHEMBL5095063,ENVONALKIB,COc1cc(N2CCNC[C@@H]2C)ncc1-c1cnc(N)c(O[C@H](C)c2c(Cl)ccc(F)c2Cl)c1,BVGDAZBTIVRTGO-UONOGXRCSA-N,506.41,2.0,,True,False,False,phase_only,,Small molecule,MOL,0.9166667,90.38946988820771,True,,c1ccc(COc2cncc(-c3ccc(N4CCNCC4)nc3)c2)cc1,936,-7.96084177511445,docked,9DKB,-1.56463225297188,docked,7ALV,47.208821502412135,50.137835975189525,7.443142660234326,50.137835975189525,False
REP_02404,CHEMBL1967878,CENISERTIB,Cc1cc(Nc2ncc(F)c(NC3C4C=CC(C4)C3C(N)=O)n2)ccc1N1CCN(C)CC1,KSOVGRCOLZZTPF-UHFFFAOYSA-N,451.55,2.0,,True,False,False,phase_only,,Small molecule,MOL,0.9166667,90.38946988820771,True,,C1=CC2CC1CC2Nc1ccnc(Nc2ccc(N3CCNCC3)cc2)n1,1096,-7.96076504367479,docked,9DKB,-3.6528868932357,docked,7ALV,47.13990351481737,50.137835975189525,30.94417643004824,50.137835975189525,False
REP_08193,CHEMBL5314920,JNJ-64264681,C=CC(=O)N[C@H]1CCC[C@H]1NC(=O)c1sc2nccc3c2c1NC(=O)N3c1cnc(CC(C)C)cc1C,OPLNLPWGEZNZFL-ZWKOTPCHSA-N,518.64,1.0,,True,False,False,phase_only,,Small molecule,MOL,0.9166667,90.38946988820771,True,,O=C(NC1CCCC1)c1sc2nccc3c2c1NC(=O)N3c1cccnc1,538,-7.95902854444615,docked,9DKB,-3.83253106539051,docked,7ALV,47.07098552722261,50.137835975189525,34.45899379738112,50.137835975189525,False
REP_07988,CHEMBL4439259,AZD-7648,Cc1cc2ncnn2cc1Nc1ncc2c(n1)n(C1CCOCC1)c(=O)n2C,XISVSTPEXYIKJL-UHFFFAOYSA-N,380.41,1.0,,True,False,False,phase_only,,Small molecule,MOL,0.7772795,83.25519894218056,True,,O=c1[nH]c2cnc(Nc3ccc4ncnn4c3)nc2n1C1CCOCC1,1394,-7.95812652889959,docked,9DKB,-5.5804694811348,docked,7ALV,47.002067539627845,12.474155754651964,75.5341144038594,75.5341144038594,False
REP_05141,CHEMBL249973,LINTITRIPT,O=C(O)Cn1c(C(=O)Nc2nc(-c3ccccc3Cl)cs2)cc2ccccc21,ILNRQFBVVQUOLP-UHFFFAOYSA-N,411.87,2.0,,True,False,False,phase_only,,Small molecule,MOL,0.9166666,85.41892054333454,True,,O=C(Nc1nc(-c2ccccc2)cs1)c1cc2ccccc2[nH]1,1164,-7.95541982142306,docked,9DKB,-6.00640200182605,docked,7ALV,46.93314955203308,24.017918676774638,82.90833907649898,82.90833907649898,False
REP_01933,CHEMBL1603949,BITHIONOLOXIDE,[O-][S+](c1cc(Cl)cc(Cl)c1O)c1cc(Cl)cc(Cl)c1O,RPAJWWXZIQJVJF-UHFFFAOYSA-N,372.06,2.0,,True,False,False,phase_only,,Small molecule,MOL,0.9166667,90.38946988820771,True,,c1ccc([SH+]c2ccccc2)cc1,1015,-7.95436018332682,docked,9DKB,-7.7285018046773,docked,7ALV,46.86423156443832,50.137835975189525,97.24328049620951,97.24328049620951,False
REP_05205,CHEMBL26984,BUQUINERAN,CCCCNC(=O)NC1CCN(c2ncnc3cc(OC)c(OC)cc23)CC1,CPZHDDGPHQRMEJ-UHFFFAOYSA-N,387.48,2.0,,True,False,False,phase_only,,Small molecule,MOL,0.91666675,95.30592619305204,True,,c1ccc2c(N3CCCCC3)ncnc2c1,363,-7.95209156246954,docked,9DKB,-5.88761532305477,docked,7ALV,46.795313576843554,75.63749138525155,80.90971743625086,80.90971743625086,False
REP_05956,CHEMBL3984441,NINGETINIB,Cc1c(C(=O)Nc2ccc(Oc3ccnc4cc(OCC(C)(C)O)ccc34)c(F)c2)c(=O)n(-c2ccccc2)n1C,VQYYQSZNRVQLIS-UHFFFAOYSA-N,556.59,2.0,,True,False,False,phase_only,,Small molecule,MOL,0.9166667,90.38946988820771,True,,O=C(Nc1ccc(Oc2ccnc3ccccc23)cc1)c1c[nH]n(-c2ccccc2)c1=O,615,-7.94770551304934,docked,9DKB,-6.23369066659533,docked,7ALV,46.726395589248796,50.137835975189525,86.21640248104755,86.21640248104755,False
REP_08263,CHEMBL6068524,SGR-1505,C[C@@]1(C(F)(F)F)CN(C(=O)Nc2cnc(-n3nccn3)c(Cl)c2)c2cnc3cc(F)nn3c21,DEMHKALZEXJNJH-QGZVFWFLSA-N,481.8,1.0,,True,False,False,phase_only,,Small molecule,MOL,0.9166667,90.38946988820771,True,,O=C(Nc1ccc(-n2nccn2)nc1)N1CCc2c1cnc1ccnn21,1039,-7.94714884933965,docked,9DKB,-3.32283106563845,docked,7ALV,46.65747760165403,50.137835975189525,24.810475534114406,50.137835975189525,False
REP_02736,CHEMBL2104190,CLAZURIL,N#CC(c1ccc(Cl)cc1)c1ccc(-n2ncc(=O)[nH]c2=O)cc1Cl,QUUTUGLQZLNABV-UHFFFAOYSA-N,373.2,2.0,,True,False,False,phase_only,,Small molecule,MOL,0.6025728,81.88484192811636,True,,O=c1cnn(-c2ccc(Cc3ccccc3)cc2)c(=O)[nH]1,1508,-7.94556322557703,docked,9DKB,-5.50218829253905,docked,7ALV,46.588559614059264,5.237767057201929,73.53549276361132,73.53549276361132,False
REP_05535,CHEMBL3219124,AZD-1656,COC[C@H](C)Oc1cc(Oc2cnc(C(=O)N3CCC3)cn2)cc(C(=O)Nc2cnc(C)cn2)c1,FJEJHJINOKKDCW-INIZCTEOSA-N,478.51,2.0,,True,False,False,phase_only,,Small molecule,MOL,1.0,98.35917778579156,True,,O=C(Nc1cnccn1)c1cccc(Oc2cnc(C(=O)N3CCC3)cn2)c1,170,-7.945035889971,docked,9DKB,-4.41012914759064,docked,7ALV,46.519641626464505,91.38525155065473,47.41557546519641,91.38525155065473,False
REP_00507,CHEMBL15413,FLOMOXEF,CO[C@@]1(NC(=O)CSC(F)F)C(=O)N2C(C(=O)O)=C(CSc3nnnn3CCO)CO[C@@H]21,UHRBTBZOWWGKMK-DOMZBBRYSA-N,496.47,3.0,,True,False,False,phase_only,,Small molecule,MOL,0.9166667,90.38946988820771,True,,O=C1CC2OCC(CSc3nnn[nH]3)=CN12,594,-7.94473559375367,docked,9DKB,-5.73499255497949,docked,7ALV,46.45072363886974,50.137835975189525,78.77325982081324,78.77325982081324,False
REP_05258,CHEMBL278570,SULUKAST,CCCCCCCCC/C=C\C=C\[C@@H](SCCC(=O)O)[C@@H](O)c1cccc(-c2nnn[nH]2)c1,YPHOSUPSOWQQCB-AFOLHBCXSA-N,472.66,2.0,,True,False,False,phase_only,,Small molecule,MOL,0.91666675,95.30592619305204,True,,c1ccc(-c2nnn[nH]2)cc1,366,-7.94320602478085,docked,9DKB,-6.47856984639977,docked,7ALV,46.38180565127499,75.63749138525155,89.17987594762234,89.17987594762234,False
REP_06656,CHEMBL4650343,IZENCITINIB,Cc1cc(Nc2cc3ncccc3c(N[C@@H]3C[C@H]4CC[C@@H](C3)N4CCC#N)n2)n[nH]1,DADAEARVGOQWHV-OSYLJGHBSA-N,402.51,2.0,,True,False,False,phase_only,,Small molecule,MOL,0.91666675,95.30592619305204,True,,c1cnc2cc(Nc3cc[nH]n3)nc(NC3CC4CCC(C3)N4)c2c1,495,-7.94011592658617,docked,9DKB,-5.92444462299561,docked,7ALV,46.31288766368022,75.63749138525155,81.59889731219849,81.59889731219849,False
REP_00527,CHEMBL1672973,ENCALERET,Cc1cc(-c2ccccc2[C@@H](C)OC[C@H](O)CNC(C)(C)Cc2ccc(Cl)c(F)c2)ccc1C(=O)O,UNFHDRVFEQPUEL-DENIHFKCSA-N,514.04,3.0,,True,False,False,phase_only,,Small molecule,MOL,0.9166666,85.41892054333454,True,,c1ccc(CCNCCCOCc2ccccc2-c2ccccc2)cc1,1113,-7.93816099816784,docked,9DKB,-3.28578710823034,docked,7ALV,46.24396967608546,24.017918676774638,24.328049620951063,24.328049620951063,False
REP_05651,CHEMBL34234,IBROLIPIM,CCOP(=O)(Cc1ccc(C(=O)Nc2ccc(Br)cc2C#N)cc1)OCC,KPRTURMJVWXURQ-UHFFFAOYSA-N,451.26,2.0,,True,False,False,phase_only,,Small molecule,MOL,0.6568936,82.28152422166126,True,,O=C(Nc1ccccc1)c1ccccc1,1475,-7.931620679851,docked,9DKB,-5.76421369177983,docked,7ALV,46.1750516884907,7.374224672639559,79.1867677463818,79.1867677463818,False
REP_05278,CHEMBL280164,APAFANT,Cc1nnc2n1-c1sc(CCC(=O)N3CCOCC3)cc1C(c1ccccc1Cl)=NC2,JGPJQFOROWSRRS-UHFFFAOYSA-N,455.97,2.0,,True,False,False,phase_only,,Small molecule,MOL,0.91666675,95.30592619305204,True,,O=C(CCc1cc2c(s1)-n1cnnc1CN=C2c1ccccc1)N1CCOCC1,361,-7.93147548629618,docked,9DKB,-3.99482054041624,docked,7ALV,46.10613370089594,75.63749138525155,37.629221226740185,75.63749138525155,False
REP_01244,CHEMBL6068536,ASK-120067,C=CC(=O)Nc1cc(Nc2ncc(Cl)c(Nc3ccc4ccccc4c3)n2)c(OC)cc1N(C)CCN(C)C,QHPVTCLSVVUPOF-UHFFFAOYSA-N,546.08,3.0,,True,False,False,phase_only,,Small molecule,MOL,1.0,98.35917778579156,True,,c1ccc(Nc2nccc(Nc3ccc4ccccc4c3)n2)cc1,57,-7.92409275242555,docked,9DKB,-3.50994429054055,docked,7ALV,46.03721571330117,91.38525155065473,27.842866988283944,91.38525155065473,False
REP_00427,CHEMBL1184904,RETASPIMYCIN,C=CCNc1c(O)cc2c(O)c1C[C@@H](C)C[C@H](OC)[C@H](O)[C@@H](C)/C=C(\C)[C@H](OC(N)=O)[C@@H](OC)/C=C\C=C(/C)C(=O)N2,OAKGNIRUXAZDQF-TXHRRWQRSA-N,587.71,3.0,,True,False,False,phase_only,,Small molecule,MOL,0.9166666,85.41892054333454,True,,O=C1C=CC=CCCC=CCCCCCCc2cccc(c2)N1,1219,-7.92286659436337,docked,9DKB,-3.82277334277398,docked,7ALV,45.96829772570641,24.017918676774638,34.045485871812545,34.045485871812545,False
REP_07910,CHEMBL4279521,PF-05241328,Cc1nn(-c2cnc(OCC(C)C)c(Cl)c2)c2ccc(C(=O)NS(C)(=O)=O)cc12,RVTSXVZXEGFIPW-UHFFFAOYSA-N,436.92,1.0,,True,False,False,phase_only,,Small molecule,MOL,0.9166667,90.38946988820771,True,,c1cncc(-n2ncc3ccccc32)c1,816,-7.91814761492692,docked,9DKB,-5.46735559501526,docked,7ALV,45.89937973811165,50.137835975189525,72.36388697450035,72.36388697450035,False
REP_06367,CHEMBL4297453,PM-00104,COc1c(C)cc2c(c1O)[C@@H]1[C@@H]3Cc4c(OC(C)=O)c(C)c5c(c4[C@H](CNC(=O)/C=C/c4cccc(C(F)(F)F)c4)N3[C@@H](O)[C@H](C2)N1C)OCO5,VPAHZSUNBOYNQY-DLVGLDQCSA-N,709.72,2.0,,True,False,False,phase_only,,Small molecule,MOL,0.9166667,90.38946988820771,True,,O=C(C=Cc1ccccc1)NCC1c2c(ccc3c2OCO3)CC2C3NC(Cc4ccccc43)CN12,863,-7.90898635971839,docked,9DKB,-2.76645366319835,docked,7ALV,45.83046175051688,50.137835975189525,17.091660923501028,50.137835975189525,False
REP_07035,CHEMBL5314470,MIFANERTINIB,CN(C)C/C=C/C(=O)Nc1cc2c(Nc3ccc(F)c(Cl)c3)ncnc2cc1OC(F)F,QPACRWFSFWQNOZ-ONEGZZNKSA-N,465.86,2.0,,True,False,False,phase_only,,Small molecule,MOL,0.91666675,95.30592619305204,True,,c1ccc(Nc2ncnc3ccccc23)cc1,373,-7.90448876051871,docked,9DKB,-2.96111685442053,docked,7ALV,45.761543762922116,75.63749138525155,20.055134390075814,75.63749138525155,False
REP_06501,CHEMBL4446357,EBVACICLIB,C[C@@]1(O)CCC[C@H]1n1c(=O)c(C(F)F)cc2cnc(NC3CCN(S(C)(=O)=O)CC3)nc21,QIEKHLDZKRQLLN-FOIQADDNSA-N,471.53,2.0,,True,False,False,phase_only,,Small molecule,MOL,0.9166667,90.38946988820771,True,,O=c1ccc2cnc(NC3CCNCC3)nc2n1C1CCCC1,982,-7.90227281094219,docked,9DKB,-3.60073716645761,docked,7ALV,45.69262577532736,50.137835975189525,30.117160578911097,50.137835975189525,False
REP_07343,CHEMBL6068534,AL-01211,O=C(N[C@H](CN1CCCC1)[C@H](O)c1ccc(OC2CC2)c(Cl)c1)/C(=N/O)c1ccc2cc(Cl)ccc2c1,KKPICUXVKQINHS-CBVQJHSZSA-N,542.46,2.0,,True,False,False,phase_only,,Small molecule,MOL,0.91666675,95.30592619305204,True,,N=C(C(=O)NC(Cc1ccc(OC2CC2)cc1)CN1CCCC1)c1ccc2ccccc2c1,443,-7.89827821085446,docked,9DKB,-5.4120347412074,docked,7ALV,45.623707787732606,75.63749138525155,71.26119917298415,75.63749138525155,False
REP_05105,CHEMBL2364634,SISAPRONIL,N#Cc1nn(-c2c(Cl)cc(C(F)(F)F)cc2Cl)c(N)c1C1(C(F)(F)F)CC1(F)F,VBAVKJPWXSLDSG-UHFFFAOYSA-N,465.13,2.0,,True,False,False,phase_only,,Small molecule,MOL,0.9166666,85.41892054333454,True,,c1ccc(-n2cc(C3CC3)cn2)cc1,1146,-7.89652405010167,docked,9DKB,-5.00299347719678,docked,7ALV,45.55478980013784,24.017918676774638,61.47484493452791,61.47484493452791,False
REP_07311,CHEMBL6068047,DEULORLATINIB,[2H]C([2H])([2H])n1nc2c(c1C#N)-c1cnc(N)c(c1)O[C@H](C)c1cc(F)ccc1C(=O)N(C)C2,IIXWYSCJSQVBQM-LMUHODJSSA-N,409.44,2.0,,True,False,False,phase_only,,Small molecule,MOL,1.0,98.35917778579156,True,,O=C1NCc2n[nH]cc2-c2cncc(c2)OCc2ccccc21,236,-7.89107936478906,docked,9DKB,-3.70042761380448,docked,7ALV,45.485871812543074,91.38525155065473,31.633356305995864,91.38525155065473,False
REP_06582,CHEMBL4594270,VENGLUSTAT MALATE,CC(C)(NC(=O)O[C@@H]1CN2CCC1CC2)c1csc(-c2ccc(F)cc2)n1.O=C(O)CC(O)C(=O)O,SQXUKOJKIWCALK-PKLMIRHRSA-N,523.58,2.0,,True,False,False,phase_only,,Small molecule,MOL,0.9166667,90.38946988820771,True,,O=C(NCc1csc(-c2ccccc2)n1)OC1CN2CCC1CC2,1047,-7.88745595058583,docked,9DKB,-6.10335003434084,docked,7ALV,45.416953824948315,50.137835975189525,84.21778084079945,84.21778084079945,False
REP_06434,CHEMBL4298141,ASALHYDROMORPHONE,CC(=O)Oc1ccccc1C(=O)OC1=CC[C@H]2[C@H]3Cc4ccc(OC(=O)c5ccccc5OC(C)=O)c5c4[C@@]2(CCN3C)[C@H]1O5,XPLFWDWDCNJVCV-ATPTVOOISA-N,609.63,2.0,,True,False,False,phase_only,,Small molecule,MOL,0.9166666,85.41892054333454,True,,O=C(OC1=CCC2C3Cc4ccc(OC(=O)c5ccccc5)c5c4C2(CCN3)C1O5)c1ccccc1,1177,-7.88580843808042,docked,9DKB,-2.18627777494342,docked,7ALV,45.34803583735355,24.017918676774638,11.78497587870434,24.017918676774638,False
REP_07017,CHEMBL5314441,SIPAGLADENANT,Cc1ccc(C(=O)Nc2nc(-c3ccco3)c(C(=O)C3CCOCC3)s2)cn1,KMFLQPJJHQNKKF-UHFFFAOYSA-N,397.46,2.0,,True,False,False,phase_only,,Small molecule,MOL,1.0,98.35917778579156,True,,O=C(Nc1nc(-c2ccco2)c(C(=O)C2CCOCC2)s1)c1cccnc1,212,-7.88047034775298,docked,9DKB,-3.72807605078304,docked,7ALV,45.27911784975879,91.38525155065473,32.25361819434872,91.38525155065473,False
REP_08122,CHEMBL5095026,DSP-2230,C[C@@H](NCc1nc2ccc(Oc3cc(F)c(F)c(F)c3)nc2n1C1CCC1)C(N)=O,HHXCJIMPEJSJTG-SNVBAGLBSA-N,419.41,1.0,,True,False,False,phase_only,,Small molecule,MOL,0.9166667,90.38946988820771,True,,c1ccc(Oc2ccc3ncn(C4CCC4)c3n2)cc1,534,-7.87787035227974,docked,9DKB,-7.40174644290624,docked,7ALV,45.210199862164025,50.137835975189525,95.86492074431426,95.86492074431426,False
REP_02462,CHEMBL2012520,LY377604,CC(C)(Cc1ccc(Oc2ccc(C(N)=O)cn2)cc1)NC[C@H](O)COc1cccc2[nH]c3ccccc3c12,RBSGUQYXRDKPAE-QFIPXVFZSA-N,524.62,2.0,,True,False,False,phase_only,,Small molecule,MOL,0.9166667,90.38946988820771,True,,c1ccc(Oc2ccc(CCNCCCOc3cccc4[nH]c5ccccc5c34)cc2)nc1,1098,-7.87235372145071,docked,9DKB,-6.68372866009721,docked,7ALV,45.14128187456926,50.137835975189525,91.66092350103376,91.66092350103376,False
REP_05067,CHEMBL2304041,SAGOPILONE,C=CC[C@H]1C(=O)C(C)(C)[C@@H](O)CC(=O)O[C@H](c2ccc3sc(C)nc3c2)C[C@@H]2O[C@]2(C)CCC[C@H](C)[C@@H]1O,BFZKMNSQCNVFGM-UCEYFQQTSA-N,543.73,2.0,,True,False,False,phase_only,,Small molecule,MOL,1.0,98.35917778579156,True,,O=C1CCCCCCC2OC2CC(c2ccc3scnc3c2)OC(=O)CCC1,49,-7.87180479563882,docked,9DKB,-2.30073659753217,docked,7ALV,45.0723638869745,91.38525155065473,12.543073742246724,91.38525155065473,False
REP_06321,CHEMBL4297322,PRX-08066,N#Cc1cc(CN2CCC(Nc3ncnc4sc(Cl)cc34)CC2)ccc1F,IENZFHBNCRQMNP-UHFFFAOYSA-N,401.9,2.0,,True,False,False,phase_only,,Small molecule,MOL,0.9166667,90.38946988820771,True,,c1ccc(CN2CCC(Nc3ncnc4sccc34)CC2)cc1,860,-7.86911835068918,docked,9DKB,-3.34403863139441,docked,7ALV,45.003445899379734,50.137835975189525,25.08614748449345,50.137835975189525,False
REP_06623,CHEMBL462018,TRICIRIBINE PHOSPHATE,CN1N=C(N)c2cn([C@@H]3O[C@H](COP(=O)(O)O)[C@@H](O)[C@H]3O)c3ncnc1c23,URLYINUFLXOMHP-HTVVRFAVSA-N,400.29,2.0,,True,False,False,phase_only,,Small molecule,MOL,0.6898315,82.54597908402452,True,,C1=NNc2ncnc3c2c1cn3C1CCCO1,1453,-7.86591416403447,docked,9DKB,-8.37634350031105,docked,7ALV,44.93452791178497,8.752584424534804,98.55272226051,98.55272226051,False
REP_04992,CHEMBL2204263,JNJ-41443532,O=C(CNC(=O)c1cccc(C(F)(F)F)c1)NC1CN([C@H]2CC[C@@](O)(c3cncs3)CC2)C1,CFKBNYUHQSQBSX-CYWCHRQTSA-N,482.53,2.0,,True,False,False,phase_only,,Small molecule,MOL,0.91666675,95.30592619305204,True,,O=C(CNC(=O)c1ccccc1)NC1CN(C2CCC(c3cncs3)CC2)C1,462,-7.86067145568014,docked,9DKB,-5.82050724169912,docked,7ALV,44.86560992419021,75.63749138525155,79.9448656099242,79.9448656099242,False
REP_07295,CHEMBL6068025,ODENTEGRAVIR,O=C(NCc1c(F)cc(F)cc1F)c1cn2c(c(O)c1=O)C(=O)N1CCCC[C@H]2C1,XMSYHEQGNQFEEZ-NSHDSACASA-N,421.38,2.0,,True,False,False,phase_only,,Small molecule,MOL,1.0,98.35917778579156,True,,O=C(NCc1ccccc1)c1cn2c(cc1=O)C(=O)N1CCCCC2C1,249,-7.85825129878279,docked,9DKB,-4.10657385619917,docked,7ALV,44.79669193659546,91.38525155065473,40.110268780151614,91.38525155065473,False
REP_08131,CHEMBL5095185,JAB-3068,CC(=O)N1CC(F)(F)c2c(Sc3ncc(N4CCC5(CC4)COC[C@H]5N)nc3N)cccc21,HGYTYZKWKUXRKA-MRXNPFEDSA-N,476.55,1.0,,True,False,False,phase_only,,Small molecule,MOL,0.9166667,90.38946988820771,True,,c1cc2c(c(Sc3cnc(N4CCC5(CCOC5)CC4)cn3)c1)CCN2,532,-7.85539786400668,docked,9DKB,-4.21652082234779,docked,7ALV,44.72777394900069,50.137835975189525,42.52239834596829,50.137835975189525,False
REP_05643,CHEMBL3410450,PRESATOVIR,Cc1cn2nc([C@@H]3CCCCN3C(=O)c3cc(Cl)ccc3NS(C)(=O)=O)cc2nc1N1CC[C@H](N)C1,GOFXWTVKPWJNGD-UWJYYQICSA-N,532.07,2.0,,True,False,False,phase_only,,Small molecule,MOL,1.0,98.35917778579156,True,,O=C(c1ccccc1)N1CCCCC1c1cc2nc(N3CCCC3)ccn2n1,146,-7.8531847778354,docked,9DKB,-2.90163773519692,docked,7ALV,44.65885596140593,91.38525155065473,18.88352860096485,91.38525155065473,False
REP_03986,CHEMBL2106378,ANAZOLENE SODIUM,O=S(=O)([O-])c1cc(O)c2c(/N=N/c3ccc(Nc4ccccc4)c4c(S(=O)(=O)[O-])cccc34)cc(S(=O)(=O)[O-])cc2c1,QFVHZQCOUORWEI-ZQHSETAFSA-K,626.63,2.0,,True,False,False,phase_only,,Small molecule,MOL,0.91666675,95.30592619305204,True,,c1ccc(Nc2ccc(N=Nc3cccc4ccccc34)c3ccccc23)cc1,371,-7.84834138389591,docked,9DKB,-5.28604351754356,docked,7ALV,44.58993797381117,75.63749138525155,69.26257753273603,75.63749138525155,False
REP_06562,CHEMBL458336,MEDORUBICIN,C[C@@H]1O[C@@H](O[C@H]2C[C@](O)(C(=O)CO)Cc3c(O)c4c(c(O)c32)C(=O)c2ccccc2C4=O)C[C@H](N)[C@@H]1O,XVXGYZFARCOVHS-BINOZUKVSA-N,513.5,2.0,,True,False,False,phase_only,,Small molecule,MOL,0.9166667,90.38946988820771,True,,O=C1c2ccccc2C(=O)c2cc3c(cc21)CCCC3OC1CCCCO1,551,-7.84559858097431,docked,9DKB,-7.23418551451608,docked,7ALV,44.5210199862164,50.137835975189525,95.2446588559614,95.2446588559614,False
REP_07946,CHEMBL4297393,KOSN-1724,C/C1=C/C[C@@H](/C(C)=C/c2cc(C)on2)OC(=O)C[C@H](O)C(C)(C)C(=O)[C@H](C)[C@@H](O)[C@@H](C)/C=C\C1,JAYGOFBXDFAXBW-CYEKYUJNSA-N,473.61,1.0,,True,False,False,phase_only,,Small molecule,MOL,1.0,98.35917778579156,True,,O=C1CCCC=CCC=CCC(C=Cc2ccon2)OC(=O)CCC1,102,-7.84404676418598,docked,9DKB,-3.20944733363703,docked,7ALV,44.45210199862164,91.38525155065473,23.3631977946244,91.38525155065473,False
REP_06923,CHEMBL5095259,ALOGABAT,Cc1ccc(-c2noc(C)c2COc2ccc(C(=O)NC3CCOCC3)nn2)cn1,ACZCJTHHWMBFKC-UHFFFAOYSA-N,409.45,2.0,,True,False,False,phase_only,,Small molecule,MOL,0.9166667,90.38946988820771,True,,O=C(NC1CCOCC1)c1ccc(OCc2conc2-c2cccnc2)nn1,822,-7.84385423468154,docked,9DKB,-4.04555446497073,docked,7ALV,44.38318401102688,50.137835975189525,38.8697450034459,50.137835975189525,False
REP_04580,CHEMBL2107634,IOTRIZOIC ACID,COCCOCCOCCOCCOCC(=O)Nc1c(I)cc(I)c(C(=O)O)c1I,DTUIYHKGHZRDJB-UHFFFAOYSA-N,763.1,2.0,,True,False,False,phase_only,,Small molecule,MOL,0.9166667,90.38946988820771,True,,c1ccccc1,930,-7.84315569826152,docked,9DKB,-5.14723956059714,docked,7ALV,44.31426602343211,50.137835975189525,66.4369400413508,66.4369400413508,False
REP_05961,CHEMBL398891,"THIOUREA, N-(5-BROMO-2-PYRIDINYL)-N'-(2-(2-CHLORO-3-ETHOXY-6-FLUOROPHENYL)ETHYL)-",CCOc1ccc(F)c(CCNC(=S)Nc2ccc(Br)cn2)c1Cl,DTHZUSMREBJMBT-UHFFFAOYSA-N,432.75,2.0,,True,False,False,phase_only,,Small molecule,MOL,0.7062657,82.66618583964419,True,,S=C(NCCc1ccccc1)Nc1ccccn1,1443,-7.84185473093915,docked,9DKB,-4.08660850545739,docked,7ALV,44.24534803583735,9.372846312887665,39.55892487939352,39.55892487939352,False
REP_00925,CHEMBL3989948,LANABECESTAT,CC#Cc1cncc(-c2ccc3c(c2)[C@@]2(N=C(C)C(N)=N2)[C@]2(CC[C@H](OC)CC2)C3)c1,WKDNQONLGXOZRG-HRNNMHKYSA-N,412.54,3.0,,True,False,False,phase_only,,Small molecule,MOL,0.9166666,85.41892054333454,True,,C1=NC2(N=C1)c1cc(-c3cccnc3)ccc1CC21CCCCC1,1152,-7.83828254085964,docked,9DKB,-3.02433643953793,docked,7ALV,44.17643004824259,24.017918676774638,20.813232253618196,24.017918676774638,False
REP_00603,CHEMBL2074655,TETRAHYDROFOLATE,Nc1nc(=O)c2c([nH]1)NC[C@@H](CNc1ccc(C(=O)N[C@@H](CCC(=O)O)C(=O)O)cc1)N2,MSTNYGQPCMXVAQ-NEPJUHHUSA-N,445.44,3.0,,True,False,False,phase_only,,Small molecule,MOL,0.5316315,81.12753936771246,True,,O=c1nc[nH]c2c1NC(CNc1ccccc1)CN2,1571,-7.83445801856436,docked,9DKB,-5.52773559948125,docked,7ALV,44.10751206064782,1.2405237767057202,74.15575465196416,74.15575465196416,False
REP_01327,CHEMBL1080983,FEBANTEL,COCC(=O)Nc1cc(Sc2ccccc2)ccc1N=C(NC(=O)OC)NC(=O)OC,HMCCXLBXIJMERM-UHFFFAOYSA-N,446.49,2.0,,True,False,False,phase_only,,Small molecule,MOL,0.91666675,95.30592619305204,True,,c1ccc(Sc2ccccc2)cc1,354,-7.8319045864609,docked,9DKB,-6.59006195574985,docked,7ALV,44.03859407305307,75.63749138525155,90.6960716747071,90.6960716747071,False
REP_00320,CHEMBL527,PIROXICAM,CN1C(C(=O)Nc2ccccn2)=C(O)c2ccccc2S1(=O)=O,QYSPLQLAKJAUJT-UHFFFAOYSA-N,331.35,4.0,,False,True,True,primary_atc_phase,,Small molecule,MOL,0.9166667,90.38946988820771,True,,O=C(Nc1ccccn1)C1=Cc2ccccc2S(=O)(=O)N1,781,-7.83087335193853,docked,9DKB,-6.14255888189895,docked,7ALV,43.96967608545831,50.137835975189525,85.0447966919366,85.0447966919366,False
REP_07724,CHEMBL2392545,TAK-960,COc1cc(C(=O)NC2CCN(C)CC2)c(F)cc1Nc1ncc2c(n1)N(C1CCCC1)CC(F)(F)C(=O)N2C,GWRSATNRNFYMDI-UHFFFAOYSA-N,561.61,1.0,,True,False,False,phase_only,,Small molecule,MOL,0.9166666,85.41892054333454,True,,O=C1CCN(C2CCCC2)c2nc(Nc3ccc(C(=O)NC4CCNCC4)cc3)ncc2N1,1135,-7.83059500251689,docked,9DKB,1.61029101534769,docked,7ALV,43.900758097863545,24.017918676774638,0.9648518263266737,24.017918676774638,False
REP_07149,CHEMBL5404296,LAROPROVSTAT,O=c1ccccn1-c1ccc(N[C@H]2CC[C@H](Nc3ncc(OC(F)F)cn3)C2)nc1,NCHUWRLOTSAFFN-KBPBESRZSA-N,414.42,2.0,,True,False,False,phase_only,,Small molecule,MOL,0.9166667,90.38946988820771,True,,O=c1ccccn1-c1ccc(NC2CCC(Nc3ncccn3)C2)nc1,559,-7.82590201513945,docked,9DKB,-5.30691110413526,docked,7ALV,43.831840110268786,50.137835975189525,69.5382494831151,69.5382494831151,False
REP_07015,CHEMBL5314438,PULIGINURAD,CC(C)(Cc1cc2c(-c3ccc(C#N)cc3)cncc2s1)C(=O)O,QWCZAFGDQBUAFT-UHFFFAOYSA-N,336.42,2.0,,True,False,False,phase_only,,Small molecule,MOL,0.5188651,81.05541531434066,True,,c1ccc(-c2cncc3sccc23)cc1,1577,-7.82002849133283,docked,9DKB,-5.87379992242879,docked,7ALV,43.76292212267402,0.8270158511371467,80.77188146106134,80.77188146106134,False
REP_05605,CHEMBL331382,METRIFUDIL,Cc1ccccc1CNc1ncnc2c1ncn2[C@@H]1O[C@H](CO)[C@@H](O)[C@H]1O,OOEMZCZWZXHBKW-SCFUHWHPSA-N,371.4,2.0,,True,False,False,phase_only,,Small molecule,MOL,0.9166667,90.38946988820771,True,,c1ccc(CNc2ncnc3c2ncn3C2CCCO2)cc1,695,-7.81926839102596,docked,9DKB,-9.30342556492229,docked,7ALV,43.694004135079254,50.137835975189525,99.31082012405238,99.31082012405238,False
REP_07293,CHEMBL6068023,NELADALKIB,CCn1nc(Cl)c2c1-c1cnc(N)c(c1)O[C@H](C)c1cc(F)ccc1-c1nn(C)cc1C2,FWZSCAQEBTVTOM-GFCCVEGCSA-N,452.92,2.0,,True,False,False,phase_only,,Small molecule,MOL,1.0,98.35917778579156,True,,c1ccc2c(c1)COc1cncc(c1)-c1[nH]ncc1Cc1c[nH]nc1-2,244,-7.81062348345764,docked,9DKB,-1.58770050142665,docked,7ALV,43.625086147484495,91.38525155065473,7.718814610613367,91.38525155065473,False
REP_01026,CHEMBL4297663,AMBROXOL ACEFYLLINATE,Cn1c(=O)c2c(ncn2CC(=O)O)n(C)c1=O.Nc1c(Br)cc(Br)cc1CN[C@H]1CC[C@H](O)CC1,IPUHJDQWESJTGD-PFWPSKEQSA-N,616.31,3.0,,True,False,False,phase_only,,Small molecule,MOL,0.66410124,82.36566895059502,True,,O=c1[nH]c(=O)c2[nH]cnc2[nH]1.c1ccc(CNC2CCCCC2)cc1,1468,-7.80375850506845,docked,9DKB,-3.9979155442725,docked,7ALV,43.55616815988973,7.787732598208132,37.698139214334944,37.698139214334944,False
REP_01078,CHEMBL460291,LACIDIPINE,CCOC(=O)C1=C(C)NC(C)=C(C(=O)OCC)C1c1ccccc1/C=C/C(=O)OC(C)(C)C,GKQPCPXONLDCMU-CCEZHUSRSA-N,455.55,3.0,,True,False,False,phase_only,,Small molecule,MOL,0.91666675,95.30592619305204,True,,C1=CC(c2ccccc2)C=CN1,474,-7.80227490140541,docked,9DKB,-2.8542664907084,docked,7ALV,43.487250172294964,75.63749138525155,18.125430737422466,75.63749138525155,False
REP_01181,CHEMBL5219660,JT-001,O=C(Nc1c2c(cc3c1CCC3)CCC2)NS(=O)(=O)c1cnn2c1OCCC2,KWSGPJCQWZMUQM-UHFFFAOYSA-N,402.48,3.0,,True,False,False,phase_only,,Small molecule,MOL,0.9166667,90.38946988820771,True,,O=C(Nc1c2c(cc3c1CCC3)CCC2)NS(=O)(=O)c1cnn2c1OCCC2,1049,-7.8000122168974,docked,9DKB,-8.43653824597473,docked,7ALV,43.418332184700205,50.137835975189525,98.75947622329429,98.75947622329429,False
REP_05416,CHEMBL3039517,RABUSERTIB,Cc1cnc(NC(=O)Nc2cc(Br)c(C)cc2OC[C@@H]2CNCCO2)cn1,SYYBDNPGDKKJDU-ZDUSSCGKSA-N,436.31,2.0,,True,False,False,phase_only,,Small molecule,MOL,1.0,98.35917778579156,True,,O=C(Nc1cnccn1)Nc1ccccc1OCC1CNCCO1,163,-7.79945309047724,docked,9DKB,-5.7156138120886,docked,7ALV,43.34941419710544,91.38525155065473,78.42866988283942,91.38525155065473,False
REP_06518,CHEMBL4475481,ZELICAPAVIR,O=C1Nc2ccccc2C(c2ccccc2)=N[C@@H]1Nc1nnc(-c2ncc(C(F)(F)F)cc2N2CCOCC2)o1,VGGNPZNYTJXPEW-HSZRJFAPSA-N,549.51,2.0,,True,False,False,phase_only,,Small molecule,MOL,0.9166666,85.41892054333454,True,,O=C1Nc2ccccc2C(c2ccccc2)=NC1Nc1nnc(-c2ncccc2N2CCOCC2)o1,1311,-7.79872501344006,docked,9DKB,-2.05919930680221,docked,7ALV,43.28049620951068,24.017918676774638,10.613370089593388,24.017918676774638,False
REP_07821,CHEMBL3577124,LY-3009120,CNc1ncc2cc(-c3cc(NC(=O)NCCC(C)(C)C)c(F)cc3C)c(C)nc2n1,HHCBMISMPSAZBF-UHFFFAOYSA-N,424.52,1.0,,True,False,False,phase_only,,Small molecule,MOL,1.0,98.35917778579156,True,,c1ccc(-c2cnc3ncncc3c2)cc1,220,-7.7919673631715,docked,9DKB,-5.03060218888936,docked,7ALV,43.21157822191593,91.38525155065473,62.50861474844934,91.38525155065473,False
REP_00481,CHEMBL134561,ICLAPRIM,COc1cc(Cc2cnc(N)nc2N)c2c(c1OC)OC(C1CC1)C=C2,HWJPWWYTGBZDEG-UHFFFAOYSA-N,354.41,3.0,,True,False,False,phase_only,,Small molecule,MOL,0.62123394,81.99302800817406,True,,C1=CC(C2CC2)Oc2cccc(Cc3cncnc3)c21,1499,-7.79019557065623,docked,9DKB,-5.72725400894324,docked,7ALV,43.14266023432116,5.85802894555479,78.6354238456237,78.6354238456237,False
REP_08127,CHEMBL5095170,BMS-986299,CCN(Cc1nc2c(N)nc3cc(-c4cc[nH]n4)ccc3c2[nH]1)C(C)=O,UHNRLQRZRNKOKU-UHFFFAOYSA-N,349.4,1.0,,True,False,False,phase_only,,Small molecule,MOL,1.0,98.35917778579156,True,,c1cc(-c2ccc3c(c2)ncc2nc[nH]c23)n[nH]1,7,-7.78900290596722,docked,9DKB,-7.71874274451042,docked,7ALV,43.0737422467264,91.38525155065473,97.10544452101999,97.10544452101999,False
REP_07635,CHEMBL1835919,PF-04620110,Nc1ncnc2c1C(=O)N(c1ccc([C@H]3CC[C@H](CC(=O)O)CC3)cc1)CCO2,GEVVQZHMFVFGLN-HDJSIYSDSA-N,396.45,1.0,,True,False,False,phase_only,,Small molecule,MOL,1.0,98.35917778579156,True,,O=C1c2cncnc2OCCN1c1ccc(C2CCCCC2)cc1,162,-7.7889501305116,docked,9DKB,-4.38234592599275,docked,7ALV,43.00482425913164,91.38525155065473,46.726395589248796,91.38525155065473,False
REP_06007,CHEMBL3989526,AMCINAFIDE,C[C@@]1(c2ccccc2)O[C@@H]2C[C@H]3[C@@H]4CCC5=CC(=O)C=C[C@]5(C)[C@@]4(F)[C@@H](O)C[C@]3(C)[C@]2(C(=O)CO)O1,HCKFPALGXKOOBK-NRYMJLQJSA-N,496.58,2.0,,True,False,False,phase_only,,Small molecule,MOL,0.91666675,95.30592619305204,True,,O=C1C=CC2C(=C1)CCC1C2CCC2C1CC1OC(c3ccccc3)OC12,419,-7.78757583512864,docked,9DKB,-4.11398441872177,docked,7ALV,42.93590627153687,75.63749138525155,40.38594073053067,75.63749138525155,False
REP_08248,CHEMBL6068415,TIVUMECIRNON BESYLATE,C[C@H](c1ccc(Cl)cc1Cl)n1nc(C(F)(F)F)c2ncc(N3CC([C@H]4CCCN(CCO)C4)C3)nc21.O=S(=O)(O)c1ccccc1,JOCBOZXZYGPMEU-LIOBNPLQSA-N,701.6,1.0,,True,False,False,phase_only,,Small molecule,MOL,0.9166666,85.41892054333454,True,,c1ccc(Cn2ncc3ncc(N4CC(C5CCCNC5)C4)nc32)cc1.c1ccccc1,1099,-7.77789037655717,docked,9DKB,-3.12604981553643,docked,7ALV,42.866988283942106,24.017918676774638,22.122674017918676,24.017918676774638,False
REP_01535,CHEMBL1231124,AZD-1480,Cc1cc(Nc2nc(N[C@@H](C)c3ncc(F)cn3)ncc2Cl)[nH]n1,PDOQBOJDRPLBQU-QMMMGPOBSA-N,348.77,2.0,,True,False,False,phase_only,,Small molecule,MOL,0.91666675,95.30592619305204,True,,c1cnc(CNc2nccc(Nc3ccn[nH]3)n2)nc1,484,-7.77632707831014,docked,9DKB,-4.23489516171641,docked,7ALV,42.79807029634735,75.63749138525155,43.28049620951068,75.63749138525155,False
REP_05706,CHEMBL3545097,SAPANISERTIB,CC(C)n1nc(-c2ccc3oc(N)nc3c2)c2c(N)ncnc21,GYLDXIAOMVERTK-UHFFFAOYSA-N,309.33,2.0,,True,False,False,phase_only,,Small molecule,MOL,0.9166667,90.38946988820771,True,,c1ncc2c(-c3ccc4ocnc4c3)n[nH]c2n1,666,-7.77360478980304,docked,9DKB,-4.79362630547666,docked,7ALV,42.72915230875258,50.137835975189525,57.339765678842184,57.339765678842184,False
REP_01163,CHEMBL5095229,BEZUCLASTINIB,Cc1[nH]nc(C(=O)Nc2cnc3[nH]c(-c4ccccc4)cc3c2)c1C,NVSHVYGIYPBTEZ-UHFFFAOYSA-N,331.38,3.0,,True,False,False,phase_only,,Small molecule,MOL,0.69360363,82.61810313739633,True,,O=C(Nc1cnc2[nH]c(-c3ccccc3)cc2c1)c1cc[nH]n1,1447,-7.76822033495953,docked,9DKB,-6.72049179232691,docked,7ALV,42.660234321157816,9.097174362508614,91.93659545141281,91.93659545141281,False
REP_07001,CHEMBL5314410,THELIATINIB,C#Cc1cccc(Nc2ncnc3cc(OC)c(NC(=O)N4C[C@H]5CCN(C)[C@H]5C4)cc23)c1,FSXCKIBROURMFT-VGSWGCGISA-N,442.52,2.0,,True,False,False,phase_only,,Small molecule,MOL,0.7347278,82.87053732419763,True,,O=C(Nc1ccc2ncnc(Nc3ccccc3)c2c1)N1CC2CCNC2C1,1426,-7.7650553629478,docked,9DKB,-1.94865448295275,docked,7ALV,42.59131633356306,10.475534114403859,9.855272226051003,10.475534114403859,False
REP_05947,CHEMBL3975308,NUVISERTIB,CC(C)(O)[C@H]1CC[C@H](Nc2ccc3ncc(-c4cccc(C(F)(F)F)c4)n3n2)CC1,XRNVABDYQLHODA-JCNLHEQBSA-N,418.46,2.0,,True,False,False,phase_only,,Small molecule,MOL,0.9166666,85.41892054333454,True,,c1ccc(-c2cnc3ccc(NC4CCCCC4)nn23)cc1,1240,-7.75881671845742,docked,9DKB,-5.78972695276367,docked,7ALV,42.52239834596829,24.017918676774638,79.60027567195039,79.60027567195039,False
REP_05800,CHEMBL3655762,CYC-065,CC[C@H](Nc1nc(NCc2cnc(C)cc2C)c2ncn(C(C)C)c2n1)[C@@H](C)O,DLPIYBKBHMZCJI-WBVHZDCISA-N,397.53,2.0,,True,False,False,phase_only,,Small molecule,MOL,0.9166667,90.38946988820771,True,,c1cncc(CNc2ncnc3[nH]cnc23)c1,606,-7.75332969166139,docked,9DKB,-4.81085222489048,docked,7ALV,42.45348035837354,50.137835975189525,57.61543762922123,57.61543762922123,False
REP_03717,CHEMBL2105781,TIAFIBRATE,CC(C)(Oc1ccc(Cl)cc1)C(=O)OCCSCCCCCCCCCCSCCOC(=O)C(C)(C)Oc1ccc(Cl)cc1,RSLQBRWTDJTEHT-UHFFFAOYSA-N,687.79,2.0,,True,False,False,phase_only,,Small molecule,MOL,0.50821894,80.95924990984493,True,,O=C(COc1ccccc1)OCCSCCCCCCCCCCSCCOC(=O)COc1ccccc1,1585,-7.7524122158899,docked,9DKB,-3.35006009408868,docked,7ALV,42.38456237077878,0.2756719503790489,25.430737422467264,25.430737422467264,False
REP_05723,CHEMBL3545274,MK-6913,CC(C)(C)n1nnc2c3c(ccc21)C1=CC(=O)CC[C@@]1(CCOc1ccccc1)C3,LYLIIGQPIKTONH-RUZDIDTESA-N,401.51,2.0,,True,False,False,phase_only,,Small molecule,MOL,0.9166667,90.38946988820771,True,,O=C1C=C2c3ccc4[nH]nnc4c3CC2(CCOc2ccccc2)CC1,661,-7.75188680208497,docked,9DKB,-2.88505351755953,docked,7ALV,42.315644383184015,50.137835975189525,18.40110268780152,50.137835975189525,False
REP_04395,CHEMBL2107197,RILMAZAFONE,CN(C)C(=O)c1nc(CNC(=O)CN)n(-c2ccc(Cl)cc2C(=O)c2ccccc2Cl)n1,KYHFRCPLIGODFH-UHFFFAOYSA-N,475.34,2.0,,True,False,False,phase_only,,Small molecule,MOL,0.91666675,95.30592619305204,True,,O=C(c1ccccc1)c1ccccc1-n1cncn1,381,-7.74787847304312,docked,9DKB,-5.50743584444178,docked,7ALV,42.24672639558925,75.63749138525155,73.81116471399035,75.63749138525155,False
REP_05711,CHEMBL3545164,AZD2066,C[C@@H](Oc1nnc(-c2ccncc2)n1C)c1cc(-c2cccc(Cl)c2)on1,SXWHYTICXCLKDG-GFCCVEGCSA-N,381.82,2.0,,True,False,False,phase_only,,Small molecule,MOL,0.9166667,90.38946988820771,True,,c1ccc(-c2cc(COc3nnc(-c4ccncc4)[nH]3)no2)cc1,673,-7.74720232154399,docked,9DKB,-3.34454842615232,docked,7ALV,42.17780840799449,50.137835975189525,25.15506547208821,50.137835975189525,False
REP_02684,CHEMBL2104123,CORMETHASONE ACETATE,CC(=O)OCC(=O)[C@@]1(O)[C@H](C)C[C@H]2[C@@H]3CC(F)(F)C4=CC(=O)C=C[C@]4(C)[C@@]3(F)[C@@H](O)C[C@@]21C,YXKFATPOEMHNMJ-KJEYTGHBSA-N,470.48,2.0,,True,False,False,phase_only,,Small molecule,MOL,0.91666675,95.30592619305204,True,,O=C1C=CC2C(=C1)CCC1C3CCCC3CCC21,425,-7.74291078388675,docked,9DKB,-4.2798184679746,docked,7ALV,42.108890420399725,75.63749138525155,44.38318401102688,75.63749138525155,False
REP_06420,CHEMBL4297638,PETESICATIB,Cn1cc(-c2ccc(S(=O)(=O)[C@@H]3C[C@@H](C(=O)NC4(C#N)CC4)N(C(=O)C4(C(F)(F)F)CC4)C3)c(C(F)(F)F)c2)cn1,KXAAIORSMACJSI-AEFFLSMTSA-N,603.55,2.0,,True,False,False,phase_only,,Small molecule,MOL,0.9166667,90.38946988820771,True,,O=C(NC1CC1)C1CC(S(=O)(=O)c2ccc(-c3cn[nH]c3)cc2)CN1C(=O)C1CC1,970,-7.74070750961786,docked,9DKB,-0.322404844450399,docked,7ALV,42.03997243280496,50.137835975189525,3.5837353549276307,50.137835975189525,False
REP_01147,CHEMBL5087506,ADMILPARANT,CCCN(C)C(=O)OCc1c(-c2ccc(O[C@H]3CCC[C@H](C(=O)O)C3)c(C)n2)nnn1C,UEUNDURNLYLSNB-HOTGVXAUSA-N,445.52,3.0,,True,False,False,phase_only,,Small molecule,MOL,0.9166667,90.38946988820771,True,,c1cc(-c2c[nH]nn2)ncc1OC1CCCCC1,539,-7.7403943845605,docked,9DKB,-4.01907687848913,docked,7ALV,41.9710544452102,50.137835975189525,38.04272915230875,50.137835975189525,False
REP_03317,CHEMBL2105104,LODAZECAR,C[C@@H]1N=C(c2ccccc2Cl)c2c(ccc(NC(=O)NC(C)(CO)CO)c2Br)N(C)C1=O,DEYVHVVHCGGWLZ-LBPRGKRZSA-N,523.82,2.0,,True,False,False,phase_only,,Small molecule,MOL,0.9166667,90.38946988820771,True,,O=C1CN=C(c2ccccc2)c2ccccc2N1,731,-7.73269283149367,docked,9DKB,-5.35358014415329,docked,7ALV,41.902136457615434,50.137835975189525,70.36526533425224,70.36526533425224,False
REP_06939,CHEMBL513909,BI-2536,CC[C@@H]1C(=O)N(C)c2cnc(Nc3ccc(C(=O)NC4CCN(C)CC4)cc3OC)nc2N1C1CCCC1,XQVVPGYIWAGRNI-JOCHJYFZSA-N,521.67,2.0,,True,False,False,phase_only,,Small molecule,MOL,0.9166667,90.38946988820771,True,,O=C1CN(C2CCCC2)c2nc(Nc3ccc(C(=O)NC4CCNCC4)cc3)ncc2N1,830,-7.73207261312545,docked,9DKB,-2.64454066782178,docked,7ALV,41.833218470020675,50.137835975189525,15.506547208821498,50.137835975189525,False
REP_08016,CHEMBL4594289,ROVAFOVIR ETALAFENAMIDE CITRATE,CCOC(=O)[C@H](C)N[P@](=O)(CO[C@@H]1C=C(F)[C@H](n2cnc3c(N)ncnc32)O1)Oc1ccccc1.O=C(O)CC(O)(CC(=O)O)C(=O)O,UQNIBOGIUNYYCZ-PDIMESFMSA-N,698.55,1.0,,True,False,False,phase_only,,Small molecule,MOL,0.9166667,90.38946988820771,True,,O=[PH](COC1C=CC(n2cnc3cncnc32)O1)Oc1ccccc1,962,-7.73144451025988,docked,9DKB,-5.97342734178859,docked,7ALV,41.76430048242591,50.137835975189525,82.25361819434872,82.25361819434872,False
REP_08175,CHEMBL5314408,AZD-0424,CC(=O)N1CCN(CCOc2cc(OC(C)C)c3c(Nc4c(Cl)cnc5c4OCO5)ncnc3c2)CC1,MVWATCATLSSVBH-UHFFFAOYSA-N,529.0,1.0,,True,False,False,phase_only,,Small molecule,MOL,0.9166667,90.38946988820771,True,,c1cc(Nc2ncnc3cc(OCCN4CCNCC4)ccc23)c2c(n1)OCO2,535,-7.73101136758188,docked,9DKB,-3.58591863479793,docked,7ALV,41.695382494831144,50.137835975189525,29.77257064093728,50.137835975189525,False
REP_05043,CHEMBL222460,BMS-223131,O=c1[nH]c2ccc(C(F)(F)F)cc2c(-c2cc(Cl)ccc2O)c1CCO,QESHSZWKJULSAR-UHFFFAOYSA-N,383.75,2.0,,True,False,False,phase_only,,Small molecule,MOL,0.9166667,90.38946988820771,True,,O=c1cc(-c2ccccc2)c2ccccc2[nH]1,1018,-7.72631405662995,docked,9DKB,-2.15614285050601,docked,7ALV,41.62646450723639,50.137835975189525,11.509303928325288,50.137835975189525,False
REP_08151,CHEMBL5095252,LY-3499446,C=CC(=O)N1CCN(c2ncnc3c(F)c(-c4ccc(F)c5sc(N)nc45)c(Cl)cc23)CC1,YNBBKDMAVRSYRE-UHFFFAOYSA-N,486.94,1.0,,True,False,False,phase_only,,Small molecule,MOL,1.0,98.35917778579156,True,,c1cc(-c2ccc3c(N4CCNCC4)ncnc3c2)c2ncsc2c1,274,-7.72581473760541,docked,9DKB,-5.34525222889139,docked,7ALV,41.55754651964163,91.38525155065473,70.15851137146795,91.38525155065473,False
REP_02435,CHEMBL1989587,FORMOCORTAL,CC(=O)OCC(=O)[C@@]12OC(C)(C)O[C@@H]1C[C@H]1[C@@H]3CC(C=O)=C4C=C(OCCCl)CC[C@]4(C)[C@@]3(F)[C@@H](O)C[C@@]12C,QNXUUBBKHBYRFW-QWAPGEGQSA-N,569.07,2.0,,True,False,False,phase_only,,Small molecule,MOL,0.9166667,90.38946988820771,True,,C1=CC2=CCC3C(CCC4C3CC3OCOC34)C2CC1,1091,-7.72537762040113,docked,9DKB,-3.12667668025519,docked,7ALV,41.48862853204687,50.137835975189525,22.19159200551344,50.137835975189525,False
REP_07172,CHEMBL5569567,MUVADENANT,COc1ncc(C2=CCOCC2)c2sc(NC(=O)N3CC[C@@]4(CCCOC4)C3)nc12,CSSAKLQGJYJMNW-NRFANRHFSA-N,430.53,2.0,,True,False,False,phase_only,,Small molecule,MOL,0.72187984,82.77437191970188,True,,O=C(Nc1nc2cncc(C3=CCOCC3)c2s1)N1CCC2(CCCOC2)C1,1434,-7.71816807337856,docked,9DKB,-5.83120798098288,docked,7ALV,41.4197105444521,9.993108201240524,80.15161957270848,80.15161957270848,False
REP_04581,CHEMBL2107636,CEFAZEDONE,Cc1nnc(SCC2=C(C(=O)O)N3C(=O)[C@@H](NC(=O)Cn4cc(Cl)c(=O)c(Cl)c4)[C@H]3SC2)s1,VTLCNEGVSVJLDN-MLGOLLRUSA-N,548.46,2.0,,True,False,False,phase_only,,Small molecule,MOL,0.9166667,90.38946988820771,True,,O=C(Cn1ccc(=O)cc1)NC1C(=O)N2C=C(CSc3nncs3)CSC12,915,-7.71812644032822,docked,9DKB,-4.72533708853681,docked,7ALV,41.35079255685734,50.137835975189525,55.4789800137836,55.4789800137836,False
REP_06180,CHEMBL4084907,BIMIRALISIB,Nc1cc(C(F)(F)F)c(-c2nc(N3CCOCC3)nc(N3CCOCC3)n2)cn1,ADGGYDAFIHSYFI-UHFFFAOYSA-N,411.39,2.0,,True,False,False,phase_only,,Small molecule,MOL,0.9166666,85.41892054333454,True,,c1cncc(-c2nc(N3CCOCC3)nc(N3CCOCC3)n2)c1,1120,-7.70766574366265,docked,9DKB,-4.94759885079192,docked,7ALV,41.28187456926258,24.017918676774638,60.37215713301172,60.37215713301172,False
REP_08123,CHEMBL5095038,ZIFTOMENIB,CNc1nc(NC2CCN(Cc3ccc4c(cc(C#N)n4C[C@H](C)N4CCN(S(C)(=O)=O)CC4)c3C)CC2)c2cc(CC(F)(F)F)sc2n1,BGGALFIXXQOTPY-NRFANRHFSA-N,717.89,1.0,,True,False,False,phase_only,,Small molecule,MOL,0.9166666,85.41892054333454,True,,c1nc(NC2CCN(Cc3ccc4c(ccn4CCN4CCNCC4)c3)CC2)c2ccsc2n1,1292,-7.70576003993867,docked,9DKB,-3.64176790457182,docked,7ALV,41.21295658166781,24.017918676774638,30.737422467263954,30.737422467263954,False
REP_04990,CHEMBL219586,GW590735,Cc1nc(-c2ccc(C(F)(F)F)cc2)sc1C(=O)NCc1ccc(OC(C)(C)C(=O)O)cc1,ILUPZUOBHCUBKB-UHFFFAOYSA-N,478.49,2.0,,True,False,False,phase_only,,Small molecule,MOL,0.61791027,81.93292463036423,True,,O=C(NCc1ccccc1)c1cnc(-c2ccccc2)s1,1504,-7.70449409485895,docked,9DKB,-5.69419669636499,docked,7ALV,41.14403859407305,5.5134390075809785,77.67057201929704,77.67057201929704,False
REP_07072,CHEMBL5314513,CLOFUTRIBEN,Cn1c(-c2ccc(C(N)=O)cc2F)nnc1C(C)(C)Oc1c(F)cc(Cl)cc1F,CMQOKZCYVZFZLZ-UHFFFAOYSA-N,424.81,2.0,,True,False,False,phase_only,,Small molecule,MOL,0.9166667,90.38946988820771,True,,c1ccc(OCc2nnc(-c3ccccc3)[nH]2)cc1,737,-7.7041910295436,docked,9DKB,-5.05211823455036,docked,7ALV,41.075120606478286,50.137835975189525,63.19779462439696,63.19779462439696,False
REP_00362,CHEMBL81,RALOXIFENE,O=C(c1ccc(OCCN2CCCCC2)cc1)c1c(-c2ccc(O)cc2)sc2cc(O)ccc12,GZUITABIAKMVPG-UHFFFAOYSA-N,473.59,4.0,,False,True,False,primary_atc_phase,,Small molecule,MOL,0.60230637,81.86080057699243,True,,O=C(c1ccc(OCCN2CCCCC2)cc1)c1c(-c2ccccc2)sc2ccccc12,1510,-7.70180208996299,docked,9DKB,-3.79465938186148,docked,7ALV,41.00620261888353,5.0999310820124055,33.42522398345969,33.42522398345969,False
REP_07971,CHEMBL4297629,NEDISERTIB,COc1ccc([C@@H](O)c2cc(-c3ncnc4cc(N5CCOCC5)ccc34)c(F)cc2Cl)nn1,MOWXJLUYGFNTAL-DEOSSOPVSA-N,481.92,1.0,,True,False,False,phase_only,,Small molecule,MOL,0.9166666,85.41892054333454,True,,c1cc(Cc2cccnn2)cc(-c2ncnc3cc(N4CCOCC4)ccc23)c1,1201,-7.7005261347529,docked,9DKB,-6.42851614401945,docked,7ALV,40.93728463128876,24.017918676774638,88.55961405926946,88.55961405926946,False
REP_07754,CHEMBL297792,S-3304,Cc1ccc(C#Cc2ccc(S(=O)(=O)N[C@H](Cc3c[nH]c4ccccc34)C(=O)O)s2)cc1,YWCLDDLVLSQGSZ-JOCHJYFZSA-N,464.57,1.0,,True,False,False,phase_only,,Small molecule,MOL,0.9166667,90.38946988820771,True,,O=S(=O)(NCCc1c[nH]c2ccccc12)c1ccc(C#Cc2ccccc2)s1,748,-7.69500325900307,docked,9DKB,-4.6582506000862,docked,7ALV,40.86836664369401,50.137835975189525,53.96278428669883,53.96278428669883,False
REP_05524,CHEMBL3188386,WNT-974,Cc1cc(-c2ncc(CC(=O)Nc3ccc(-c4cnccn4)cn3)cc2C)ccn1,XXYGTCZJJLTAGH-UHFFFAOYSA-N,396.45,2.0,,True,False,False,phase_only,,Small molecule,MOL,0.91666675,95.30592619305204,True,,O=C(Cc1ccc(-c2ccncc2)nc1)Nc1ccc(-c2cnccn2)cn1,343,-7.68157267291596,docked,9DKB,-2.26870802708563,docked,7ALV,40.799448656099244,75.63749138525155,12.336319779462436,75.63749138525155,False
REP_05099,CHEMBL2364618,MAVATREP,CC(C)(O)c1ccccc1-c1ccc2[nH]c(/C=C/c3ccc(C(F)(F)F)cc3)nc2c1,ORDHXXHTBUZRCN-NTEUORMPSA-N,422.45,2.0,,True,False,False,phase_only,,Small molecule,MOL,0.6903846,82.5579997595865,True,,C(=Cc1nc2cc(-c3ccccc3)ccc2[nH]1)c1ccccc1,1452,-7.67946556459537,docked,9DKB,-5.18478202833201,docked,7ALV,40.730530668504485,8.821502412129565,66.85044796691938,66.85044796691938,False
REP_03940,CHEMBL2106296,ICOMETASONE ENBUTATE,CCCC(=O)O[C@]1(C(=O)COC(C)=O)[C@H](C)C[C@H]2[C@@H]3CCC4=CC(=O)C=C[C@]4(C)[C@@]3(Cl)[C@@H](O)C[C@@]21C,OVTRPNSKIPQZEC-NJLPOHDGSA-N,521.05,2.0,,True,False,False,phase_only,,Small molecule,MOL,0.9166667,90.38946988820771,True,,O=C1C=CC2C(=C1)CCC1C3CCCC3CCC21,881,-7.67784912950382,docked,9DKB,-2.73443289843508,docked,7ALV,40.66161268090972,50.137835975189525,16.747070985527223,50.137835975189525,False
REP_07338,CHEMBL6068505,ACT-774312,CN(c1ncc(Cl)cn1)[C@H]1CCc2c(c3nc(F)ccc3n2CC(=O)O)C1,IKOFSSXNZQZRTE-NSHDSACASA-N,389.82,2.0,,True,False,False,phase_only,,Small molecule,MOL,0.7413202,82.90659935088351,True,,c1cnc(NC2CCc3[nH]c4cccnc4c3C2)nc1,1423,-7.6771985676554,docked,9DKB,-3.68904168323447,docked,7ALV,40.592694693314954,10.682288077188145,31.426602343211574,31.426602343211574,False
REP_03582,CHEMBL2105460,SEDECAMYCIN,CC(=O)O[C@@H]1/C=C/C(C)=C/C[C@H](O)/C=C/C(C)=C/[C@@H](NC(=O)C(C)=O)[C@]2(C)C(=O)O[C@H](C1)[C@@H](C)C2=O,LSNBAGMWJRMBEO-VGBMZARNSA-N,501.58,2.0,,True,False,False,phase_only,,Small molecule,MOL,0.9166666,85.41892054333454,True,,O=C1CC2CCC=CC=CCCC=CC=CCC1C(=O)O2,1261,-7.67240850603951,docked,9DKB,-4.21677817450116,docked,7ALV,40.523776705720195,24.017918676774638,42.59131633356306,42.59131633356306,False
REP_00845,CHEMBL35228,PYRONARIDINE,COc1ccc2nc3cc(Cl)ccc3c(Nc3cc(CN4CCCC4)c(O)c(CN4CCCC4)c3)c2n1,DJUFPMUQJKWIJB-UHFFFAOYSA-N,518.06,3.0,,True,False,False,phase_only,,Small molecule,MOL,0.64463556,82.18535881716552,True,,c1ccc2c(Nc3cc(CN4CCCC4)cc(CN4CCCC4)c3)c3ncccc3nc2c1,1483,-7.66396294636436,docked,9DKB,-3.39585479800929,docked,7ALV,40.45485871812543,6.822880771881461,26.4645072363887,26.4645072363887,False
REP_05019,CHEMBL2218904,LORPIPRAZOLE,FC(F)(F)c1cccc(N2CCN(CCc3nnc4n3CC3CCCC43)CC2)c1,BNRMWKUVWLKDQJ-UHFFFAOYSA-N,405.47,2.0,,True,False,False,phase_only,,Small molecule,MOL,0.54063183,81.27178747445608,True,,c1ccc(N2CCN(CCc3nnc4n3CC3CCCC43)CC2)cc1,1559,-7.66092123770403,docked,9DKB,-4.41573616255752,docked,7ALV,40.38594073053067,1.9297036526533424,47.69124741557547,47.69124741557547,False
REP_07059,CHEMBL5314497,ZIDESAMTINIB,CCn1ncc2c1-c1cnc(N)c(c1)O[C@H](C)c1cc(F)ccc1-c1nn(C)nc1C2,DTWUUAFTYSMNQX-GFCCVEGCSA-N,419.46,2.0,,True,False,False,phase_only,,Small molecule,MOL,1.0,98.35917778579156,True,,c1ccc2c(c1)COc1cncc(c1)-c1[nH]ncc1Cc1n[nH]nc1-2,172,-7.65916800457982,docked,9DKB,-3.25677259864395,docked,7ALV,40.317022742935904,91.38525155065473,23.98345968297726,91.38525155065473,False
REP_07916,CHEMBL4297261,APTO-253,Cc1[nH]c2ccc(F)cc2c1-c1nc2c3cccnc3c3ncccc3c2[nH]1,NIRXBXIPHUTNNI-UHFFFAOYSA-N,367.39,1.0,,True,False,False,phase_only,,Small molecule,MOL,0.9166667,90.38946988820771,True,,c1ccc2c(-c3nc4c5cccnc5c5ncccc5c4[nH]3)c[nH]c2c1,907,-7.65726236602959,docked,9DKB,-5.26226060724189,docked,7ALV,40.24810475534114,50.137835975189525,68.57339765678843,68.57339765678843,False
REP_07220,CHEMBL582912,CEFCAPENE,CC/C=C(\C(=O)N[C@@H]1C(=O)N2C(C(=O)O)=C(COC(N)=O)CS[C@H]12)c1csc(N)n1,HJJRIJDTIPFROI-NVKITGPLSA-N,453.5,2.0,,True,False,False,phase_only,,Small molecule,MOL,0.9166667,90.38946988820771,True,,C=C(C(=O)NC1C(=O)N2C=CCSC12)c1cscn1,561,-7.6567235177631,docked,9DKB,-5.21112116780407,docked,7ALV,40.17918676774638,50.137835975189525,67.26395589248794,67.26395589248794,False
REP_00929,CHEMBL3989968,DIFAMILAST,CCOc1ccccc1C(=O)NCc1coc(-c2ccc(OC(F)F)c(OC(C)C)c2)n1,VFBILHPIHUPBPZ-UHFFFAOYSA-N,446.45,3.0,,True,False,False,phase_only,,Small molecule,MOL,0.9166666,85.41892054333454,True,,O=C(NCc1coc(-c2ccccc2)n1)c1ccccc1,1153,-7.65458984340337,docked,9DKB,-6.7780511920258,docked,7ALV,40.110268780151614,24.017918676774638,92.3501033769814,92.3501033769814,False
REP_03763,CHEMBL2105934,CIPROCINONIDE,CC1(C)O[C@@H]2C[C@H]3[C@@H]4C[C@H](F)C5=CC(=O)C=C[C@]5(C)[C@@]4(F)[C@@H](O)C[C@]3(C)[C@]2(C(=O)COC(=O)C2CC2)O1,TZBDXWBBMOEVPI-XBQQDWOSSA-N,520.57,2.0,,True,False,False,phase_only,,Small molecule,MOL,0.5062526,80.94722923428297,True,,O=C1C=CC2C(=C1)CCC1C2CCC2C1CC1OCOC12C(=O)COC(=O)C1CC1,1586,-7.65296580799235,docked,9DKB,-2.9472051173155,docked,7ALV,40.04135079255686,0.20675396278428668,19.848380427291524,19.848380427291524,False
REP_03142,CHEMBL2104819,LETRAZURIL,N#CC(c1ccc(F)cc1)c1c(Cl)cc(-n2ncc(=O)[nH]c2=O)cc1Cl,XQKYUBTUOHHNDV-UHFFFAOYSA-N,391.19,2.0,,True,False,False,phase_only,,Small molecule,MOL,0.7727863,83.21913691549466,True,,O=c1cnn(-c2ccc(Cc3ccccc3)cc2)c(=O)[nH]1,1397,-7.64877161980765,docked,9DKB,-4.03374801319365,docked,7ALV,39.9724328049621,12.267401791867677,38.525155065472084,38.525155065472084,False
REP_04118,CHEMBL2106670,ALESTRAMUSTINE,C[C@H](N)C(=O)O[C@H]1CC[C@H]2[C@@H]3CCc4cc(OC(=O)N(CCCl)CCCl)ccc4[C@H]3CC[C@]12C,NRUFLTXGIPFVSH-KBVRNWHJSA-N,511.49,2.0,,True,False,False,phase_only,,Small molecule,MOL,0.9166667,90.38946988820771,True,,c1ccc2c(c1)CCC1C2CCC2CCCC21,630,-7.64828443804784,docked,9DKB,-3.37770024445584,docked,7ALV,39.90351481736734,50.137835975189525,25.98208132322536,50.137835975189525,False
REP_03574,CHEMBL2105450,OXYCLOZANIDE,O=C(Nc1cc(Cl)cc(Cl)c1O)c1c(O)c(Cl)cc(Cl)c1Cl,JYWIYHUXVMAGLG-UHFFFAOYSA-N,401.46,2.0,,True,False,False,phase_only,,Small molecule,MOL,0.9166666,85.41892054333454,True,,O=C(Nc1ccccc1)c1ccccc1,1249,-7.6469261163206,docked,9DKB,-8.92698827215925,docked,7ALV,39.83459682977257,24.017918676774638,99.17298414886285,99.17298414886285,False
REP_00274,CHEMBL376359,ALOGLIPTIN,Cn1c(=O)cc(N2CCC[C@@H](N)C2)n(Cc2ccccc2C#N)c1=O,ZSBOMTDTBDDKMP-OAHLLOKOSA-N,339.4,4.0,,False,True,True,primary_atc_phase,,Small molecule,MOL,1.0,98.35917778579156,True,,O=c1cc(N2CCCCC2)n(Cc2ccccc2)c(=O)[nH]1,95,-7.64511790277332,docked,9DKB,-6.32969540473524,docked,7ALV,39.765678842177806,91.38525155065473,87.52584424534804,91.38525155065473,False
REP_04451,CHEMBL2107371,SELODENOSON,CCNC(=O)[C@H]1O[C@@H](n2cnc3c(NC4CCCC4)ncnc32)[C@H](O)[C@@H]1O,GWVQGVCXFNYGFP-PFHKOEEOSA-N,376.42,2.0,,True,False,False,phase_only,,Small molecule,MOL,0.75173545,83.00276475537926,True,,c1nc(NC2CCCC2)c2ncn(C3CCCO3)c2n1,1415,-7.63948485234198,docked,9DKB,-6.81402586977396,docked,7ALV,39.69676085458305,11.233631977946244,92.6946933149552,92.6946933149552,False
REP_05589,CHEMBL3301625,SPEBRUTINIB,C=CC(=O)Nc1cccc(Nc2nc(Nc3ccc(OCCOC)cc3)ncc2F)c1,KXBDTLQSDKGAEB-UHFFFAOYSA-N,423.45,2.0,,True,False,False,phase_only,,Small molecule,MOL,0.9166666,85.41892054333454,True,,c1ccc(Nc2ccnc(Nc3ccccc3)n2)cc1,1174,-7.63793394930533,docked,9DKB,-5.50177006595549,docked,7ALV,39.62784286698828,24.017918676774638,73.46657477601654,73.46657477601654,False
REP_07645,CHEMBL1938870,MK-8245,O=C(O)Cn1nnc(-c2cc(N3CCC(Oc4cc(F)ccc4Br)CC3)no2)n1,UJEAABFSXKCSGI-UHFFFAOYSA-N,467.26,1.0,,True,False,False,phase_only,,Small molecule,MOL,0.9166667,90.38946988820771,True,,c1ccc(OC2CCN(c3cc(-c4nn[nH]n4)on3)CC2)cc1,685,-7.63634903908512,docked,9DKB,-4.61182790883718,docked,7ALV,39.55892487939352,50.137835975189525,52.23983459682977,52.23983459682977,False
REP_08125,CHEMBL5095044,SUBASUMSTAT,Cc1sc(C(=O)c2cncnc2N[C@@H]2CC[C@H](COS(N)(=O)=O)[C@H]2O)cc1[C@@H]1NCCc2ccc(Cl)cc21,IAKPXYFFBURVCV-JWDANJKUSA-N,578.12,1.0,,True,False,False,phase_only,,Small molecule,MOL,0.9166667,90.38946988820771,True,,O=C(c1cc(C2NCCc3ccccc32)cs1)c1cncnc1NC1CCCC1,521,-7.6318217727411,docked,9DKB,-4.12581999199657,docked,7ALV,39.49000689179876,50.137835975189525,40.799448656099244,50.137835975189525,False
REP_08064,CHEMBL4650350,INZOMELID,CC(C)n1ccc(S(=O)(=O)NC(=O)Nc2c3c(cc4c2CCC4)CCC3)n1,MTOUOUSKXWSTAX-UHFFFAOYSA-N,388.49,1.0,,True,False,False,phase_only,,Small molecule,MOL,0.9166667,90.38946988820771,True,,O=C(Nc1c2c(cc3c1CCC3)CCC2)NS(=O)(=O)c1cc[nH]n1,995,-7.62587574092472,docked,9DKB,-8.57982765088715,docked,7ALV,39.42108890420399,50.137835975189525,98.8973121984838,98.8973121984838,False
REP_07104,CHEMBL5314557,EMRACLIDINE,Cc1cc(C)c2c(n1)CN(C(=O)CC1CN(c3ccnc(C(F)(F)F)c3)C1)C2,DTCZNKWBDTXEBS-UHFFFAOYSA-N,390.41,2.0,,True,False,False,phase_only,,Small molecule,MOL,0.91666675,95.30592619305204,True,,O=C(CC1CN(c2ccncc2)C1)N1Cc2cccnc2C1,437,-7.61984441563147,docked,9DKB,-4.95964355269861,docked,7ALV,39.35217091660923,75.63749138525155,60.716747070985534,75.63749138525155,False
REP_01490,CHEMBL1208640,FODIPIR,Cc1ncc(COP(=O)(O)O)c(CN(CCN(CC(=O)O)Cc2c(COP(=O)(O)O)cnc(C)c2O)CC(=O)O)c1O,SQKUFYLUXROIFM-UHFFFAOYSA-N,638.46,2.0,,True,False,False,phase_only,,Small molecule,MOL,0.8990451,83.91633609808872,True,,c1cc(CNCCNCc2ccncc2)ccn1,1339,-7.61812094056374,docked,9DKB,-1.77735695345836,docked,7ALV,39.28325292901448,16.126809097174363,8.959338387319093,16.126809097174363,False
REP_05941,CHEMBL3962292,LABUXTINIB,Cc1ccc(-c2noc([C@H]3C[C@@H]3F)n2)cc1NC(=O)c1cnc2ccccn12,RHNJOZCVGSBEAG-KBPBESRZSA-N,377.38,2.0,,True,False,False,phase_only,,Small molecule,MOL,0.76359254,83.11095083543695,True,,O=C(Nc1cccc(-c2noc(C3CC3)n2)c1)c1cnc2ccccn12,1406,-7.61260444656191,docked,9DKB,-6.0337674312937,docked,7ALV,39.214334941419715,11.784975878704342,83.11509303928325,83.11509303928325,False
REP_08084,CHEMBL4788406,VLX-600,C/C(=N\Nc1nnc2c(n1)[nH]c1c(C)cccc12)c1ccccn1,UQOSBPRTQFFUOA-SRZZPIQSSA-N,317.36,1.0,,True,False,False,phase_only,,Small molecule,MOL,0.9166667,90.38946988820771,True,,C(=NNc1nnc2c(n1)[nH]c1ccccc12)c1ccccn1,527,-7.61175477317265,docked,9DKB,-7.18012893087153,docked,7ALV,39.14541695382495,50.137835975189525,94.62439696760855,94.62439696760855,False
REP_05170,CHEMBL261244,REGRELOR DISODIUM,CCNC(=O)Nc1ncnc2c1ncn2[C@@H]1O[C@H](COP(=O)([O-])[O-])[C@H]2O[C@H](/C=C/c3ccccc3)O[C@H]21,NXHAXEBZOXCDKD-XIXRRVGJSA-L,530.43,2.0,,True,False,False,phase_only,,Small molecule,MOL,0.9166667,90.38946988820771,True,,C(=CC1OC2COC(n3cnc4cncnc43)C2O1)c1ccccc1,904,-7.60993904465032,docked,9DKB,-1.67931533752012,docked,7ALV,39.07649896623019,50.137835975189525,8.20124052377671,50.137835975189525,False
REP_08095,CHEMBL4802241,ILUNOCITINIB,N#CCC1(n2cc(-c3ncnc4[nH]ccc34)cn2)CN(S(=O)(=O)C2CC2)C1,RVOUEXFKIYNODQ-UHFFFAOYSA-N,383.44,1.0,,True,False,False,phase_only,,Small molecule,MOL,0.82054317,83.50763312898185,True,,O=S(=O)(C1CC1)N1CC(n2cc(-c3ncnc4[nH]ccc34)cn2)C1,1373,-7.60891856151212,docked,9DKB,-3.08859464319461,docked,7ALV,39.007580978635424,13.852515506547208,21.57133011716058,21.57133011716058,False
REP_02297,CHEMBL188427,ACODAZOLE,CC(=O)N(C)c1ccc(Nc2cc(C)nc3ccc4nc[nH]c4c23)cc1,XJXLRNPVSQADMZ-UHFFFAOYSA-N,345.41,2.0,,True,False,False,phase_only,,Small molecule,MOL,0.871927,83.7360259646592,True,,c1ccc(Nc2ccnc3ccc4nc[nH]c4c23)cc1,1354,-7.60361897919676,docked,9DKB,-7.32331242733907,docked,7ALV,38.938662991040665,15.09303928325293,95.52033080634045,95.52033080634045,False
REP_00916,CHEMBL3989862,PEFCALCITOL,C=C1/C(=C\C=C2/CCC[C@]3(C)C([C@H](C)OCC(=O)NCC(F)(F)C(F)(F)F)=CC[C@@H]23)C[C@@H](O)C[C@@H]1O,SVCSMAZYWOQCBW-NVJMFHFGSA-N,519.55,3.0,,True,False,False,phase_only,,Small molecule,MOL,0.9166667,90.38946988820771,True,,C=C1CCCCC1=CC=C1CCCC2C=CCC12,885,-7.60159685953544,docked,9DKB,-5.18964990900431,docked,7ALV,38.8697450034459,50.137835975189525,66.91936595451413,66.91936595451413,False
REP_02472,CHEMBL2029988,CEP-32496,COc1cc2ncnc(Oc3cccc(NC(=O)Nc4cc(C(C)(C)C(F)(F)F)on4)c3)c2cc1OC,DKNUPRMJNUQNHR-UHFFFAOYSA-N,517.46,2.0,,True,False,False,phase_only,,Small molecule,MOL,1.0,98.35917778579156,True,,O=C(Nc1cccc(Oc2ncnc3ccccc23)c1)Nc1ccon1,232,-7.59599261099665,docked,9DKB,-3.47341880065615,docked,7ALV,38.800827015851134,91.38525155065473,27.222605099931087,91.38525155065473,False
REP_04971,CHEMBL2153191,AZD-4017,CCCSc1nc(N2CCC[C@@H](CC(=O)O)C2)ccc1C(=O)NC1CCCCC1,NCDZABJPWMBMIQ-INIZCTEOSA-N,419.59,2.0,,True,False,False,phase_only,,Small molecule,MOL,1.0,98.35917778579156,True,,O=C(NC1CCCCC1)c1ccc(N2CCCCC2)nc1,46,-7.59396117966278,docked,9DKB,-5.58869697880043,docked,7ALV,38.731909028256375,91.38525155065473,75.74086836664368,91.38525155065473,False
REP_04442,CHEMBL2107331,DEXTOFISOPAM,CC[C@H]1C(C)=NN=C(c2ccc(OC)c(OC)c2)c2cc(OC)c(OC)cc21,RUJBDQSFYCKFAA-HNNXBMFYSA-N,382.46,2.0,,True,False,False,phase_only,,Small molecule,MOL,0.5158615,81.01935328765477,True,,C1=NN=C(c2ccccc2)c2ccccc2C1,1580,-7.593114660603,docked,9DKB,-3.78269933377605,docked,7ALV,38.66299104066161,0.6202618883528601,33.14955203308063,33.14955203308063,False
REP_07225,CHEMBL5856622,LEPZACITINIB,CCOC(=O)c1cnc2[nH]ccc2c1N[C@@H]1CCCN(C(=O)CC#N)C1,QQOPOYMFJLUSBI-GFCCVEGCSA-N,355.4,2.0,,True,False,False,phase_only,,Small molecule,MOL,0.6456265,82.19737949272749,True,,c1cc(NC2CCCNC2)c2cc[nH]c2n1,1482,-7.59174128795701,docked,9DKB,-7.1073369119713,docked,7ALV,38.59407305306684,6.891798759476224,94.07305306685045,94.07305306685045,False
REP_01525,CHEMBL1230065,BMS-582949,CCCNC(=O)c1cn2ncnc(Nc3cc(C(=O)NC4CC4)ccc3C)c2c1C,GDTQLZHHDRRBEB-UHFFFAOYSA-N,406.49,2.0,,True,False,False,phase_only,,Small molecule,MOL,0.9166667,90.38946988820771,True,,O=C(NC1CC1)c1cccc(Nc2ncnn3cccc23)c1,569,-7.58853040214261,docked,9DKB,-5.02220978345072,docked,7ALV,38.525155065472084,50.137835975189525,62.2329427980703,62.2329427980703,False
REP_00325,CHEMBL563,FLURBIPROFEN,CC(C(=O)O)c1ccc(-c2ccccc2)c(F)c1,SYTBZMRGLBWNTM-UHFFFAOYSA-N,244.26,4.0,,False,True,True,primary_atc_phase,,Small molecule,MOL,0.90146345,83.9523981247746,True,,c1ccc(-c2ccccc2)cc1,1335,-7.5883624537561,docked,9DKB,-5.10475507934278,docked,7ALV,38.421778084079946,16.33356305995865,65.09303928325293,65.09303928325293,False
REP_00300,CHEMBL435298,ESFLURBIPROFEN,C[C@H](C(=O)O)c1ccc(-c2ccccc2)c(F)c1,SYTBZMRGLBWNTM-JTQLQIEISA-N,244.26,4.0,,False,True,False,primary_atc_phase,,Small molecule,MOL,0.90146345,83.9523981247746,True,,c1ccc(-c2ccccc2)cc1,1336,-7.5883624537561,docked,9DKB,-5.10475507934278,docked,7ALV,38.421778084079946,16.33356305995865,65.09303928325293,65.09303928325293,False
REP_07268,CHEMBL6067682,POCIREDIR,Cc1ncccc1-c1cc2c(n3cnnc13)NCc1c(F)ccc3c1[C@H](CO3)CO2,JQBUTSBIFNKJMW-CYBMUJFWSA-N,403.42,2.0,,True,False,False,phase_only,,Small molecule,MOL,0.9166667,90.38946988820771,True,,c1cncc(-c2cc3c(n4cnnc24)NCc2cccc4c2C(CO4)CO3)c1,1069,-7.5859376901794,docked,9DKB,-4.07386859370292,docked,7ALV,38.3184011026878,50.137835975189525,39.35217091660923,50.137835975189525,False
REP_06552,CHEMBL455461,RADEZOLID,CC(=O)NC[C@H]1CN(c2ccc(-c3ccc(CNCc4cnn[nH]4)cc3)c(F)c2)C(=O)O1,BTTNOGHPGJANSW-IBGZPJMESA-N,438.46,2.0,,True,False,False,phase_only,,Small molecule,MOL,1.0,98.35917778579156,True,,O=C1OCCN1c1ccc(-c2ccc(CNCc3cnn[nH]3)cc2)cc1,254,-7.58219533052947,docked,9DKB,-7.87016508015041,docked,7ALV,38.24948311509304,91.38525155065473,97.51895244658856,97.51895244658856,False
REP_01194,CHEMBL5314498,ZONGERTINIB,C=CC(=O)NC1CCN(c2ncc3ncnc(Nc4ccc(Oc5ccc6c(c5)ncn6C)c(C)c4)c3n2)CC1,YSGNGFPNTLERCR-UHFFFAOYSA-N,535.61,3.0,,True,False,False,phase_only,,Small molecule,MOL,0.9166667,90.38946988820771,True,,c1nc(Nc2ccc(Oc3ccc4[nH]cnc4c3)cc2)c2nc(N3CCCCC3)ncc2n1,972,-7.58072522582699,docked,9DKB,-3.80518783745558,docked,7ALV,38.18056512749828,50.137835975189525,33.90764989662301,50.137835975189525,False
REP_00962,CHEMBL4288984,WITHANOLIDE D,CC1=C(C)C(=O)O[C@@H]([C@](C)(O)[C@H]2CC[C@H]3[C@@H]4C[C@H]5O[C@]56[C@@H](O)C=CC(=O)[C@]6(C)[C@H]4CC[C@]23C)C1,SASUFNRGCZMRFD-JCUIILOWSA-N,470.61,3.0,,True,False,False,phase_only,,Small molecule,MOL,0.9166667,90.38946988820771,True,,O=C1C=CCC(CC2CCC3C2CCC2C3CC3OC34CC=CC(=O)C24)O1,913,-7.57929539975572,docked,9DKB,-4.91371807229017,docked,7ALV,38.11164713990352,50.137835975189525,59.682977257064096,59.682977257064096,False
REP_06338,CHEMBL4297381,TRIMEBUTINE 3-THIOCARBAMOYLBENZENESULFONATE,CCC(COC(=O)c1cc(OC)c(OC)c(OC)c1)(c1ccccc1)N(C)C.NC(=S)c1cccc(S(=O)(=O)O)c1,ACKBGPXURGPUEW-UHFFFAOYSA-N,604.75,2.0,,True,False,False,phase_only,,Small molecule,MOL,0.91666675,95.30592619305204,True,,O=C(OCCc1ccccc1)c1ccccc1.c1ccccc1,323,-7.57514820490017,docked,9DKB,-4.52830426740975,docked,7ALV,38.04272915230875,75.63749138525155,50.65472088215024,75.63749138525155,False
REP_06745,CHEMBL4802162,LAZUVAPAGON,Cc1ccn(-c2ccc(C(=O)N3CC[C@@](C)(C(=O)N[C@@H](C)CO)Cc4ccccc43)c(C)c2)n1,BKHSWGKGWGWMSM-CCLHPLFOSA-N,460.58,2.0,,True,False,False,phase_only,,Small molecule,MOL,0.91666675,95.30592619305204,True,,O=C(c1ccc(-n2cccn2)cc1)N1CCCCc2ccccc21,475,-7.57369180202002,docked,9DKB,-5.63202154789247,docked,7ALV,37.973811164713986,75.63749138525155,76.6368022053756,76.6368022053756,False
REP_06963,CHEMBL5201870,TEGTOCICLIB,COCc1cc(C(=O)Nc2cc([C@H]3CC[C@@H](OC(=O)NC(C)C)C3)[nH]n2)n(C)n1,MTNBRBDFNSGQKB-GXTWGEPZSA-N,404.47,2.0,,True,False,False,phase_only,,Small molecule,MOL,0.9166667,90.38946988820771,True,,O=C(Nc1cc(C2CCCC2)[nH]n1)c1ccn[nH]1,791,-7.57100587744118,docked,9DKB,-6.82103891583916,docked,7ALV,37.90489317711923,50.137835975189525,92.83252929014473,92.83252929014473,False
REP_05425,CHEMBL304087,MERIMEPODIB,COc1cc(NC(=O)Nc2cccc(CNC(=O)O[C@H]3CCOC3)c2)ccc1-c1cnco1,JBPUGFODGPKTDW-SFHVURJKSA-N,452.47,2.0,,True,False,False,phase_only,,Small molecule,MOL,1.0,98.35917778579156,True,,O=C(Nc1ccc(-c2cnco2)cc1)Nc1cccc(CNC(=O)OC2CCOC2)c1,171,-7.56666350541991,docked,9DKB,-4.47746272051085,docked,7ALV,37.83597518952446,91.38525155065473,49.20744314266023,91.38525155065473,False
REP_06951,CHEMBL517199,XIPAMIDE,Cc1cccc(C)c1NC(=O)c1cc(S(N)(=O)=O)c(Cl)cc1O,MTZBBNMLMNBNJL-UHFFFAOYSA-N,354.82,2.0,,True,False,False,phase_only,,Small molecule,MOL,0.5950856,81.8006971991826,True,,O=C(Nc1ccccc1)c1ccccc1,1515,-7.56137644240721,docked,9DKB,-7.5007993553724,docked,7ALV,37.7670572019297,4.755341144038594,96.3473466574776,96.3473466574776,False
REP_05078,CHEMBL232943,MK0686,COC(=O)c1c(Cl)cccc1-c1ccc([C@@H](C)NC(=O)C2(NC(=O)C(F)(F)F)CC2)c(F)c1,WZZIQHIQMWJNLU-LLVKDONJSA-N,486.85,2.0,,True,False,False,phase_only,,Small molecule,MOL,0.9166666,85.41892054333454,True,,O=C(NCc1ccc(-c2ccccc2)cc1)C1CC1,1145,-7.56048612232351,docked,9DKB,-6.43600782540107,docked,7ALV,37.698139214334944,24.017918676774638,88.697450034459,88.697450034459,False
REP_08032,CHEMBL4594431,MTI-31,CNC(=O)c1cccc(-c2ccc3c(N4C5CCC4COC5)nc(N4CCOC[C@@H]4C)nc3n2)c1,LVPBYQVQBZLDAU-DZIBYMRMSA-N,474.57,1.0,,True,False,False,phase_only,,Small molecule,MOL,0.9166667,90.38946988820771,True,,c1ccc(-c2ccc3c(N4C5CCC4COC5)nc(N4CCOCC4)nc3n2)cc1,994,-7.55696630581016,docked,9DKB,-5.92031939123269,docked,7ALV,37.629221226740185,50.137835975189525,81.52997932460372,81.52997932460372,False
REP_02125,CHEMBL17344,RITOLUKAST,O=S(=O)(Nc1cccc(OCc2ccc3ccccc3n2)c1)C(F)(F)F,GOHUJGMYCZDYDF-UHFFFAOYSA-N,382.36,2.0,,True,False,False,phase_only,,Small molecule,MOL,0.79040194,83.35136434667628,True,,c1ccc(OCc2ccc3ccccc3n2)cc1,1386,-7.55539262559234,docked,9DKB,-5.54605669804279,docked,7ALV,37.56030323914542,12.9565816678153,74.70709855272226,74.70709855272226,False
REP_05776,CHEMBL3601411,TEGAVIVINT,C[C@@H]1C[C@H](C)CN(S(=O)(=O)c2ccc3c(c2)C(=NO)c2cc(S(=O)(=O)N4C[C@H](C)C[C@H](C)C4)ccc2C3=NO)C1,GAPRVZKWPDRAJA-FGYAAKKASA-N,588.75,2.0,,True,False,False,phase_only,,Small molecule,MOL,1.0,98.35917778579156,True,,N=C1c2ccc(S(=O)(=O)N3CCCCC3)cc2C(=N)c2cc(S(=O)(=O)N3CCCCC3)ccc21,28,-7.55101398755445,docked,9DKB,-3.74617907564837,docked,7ALV,37.49138525155066,91.38525155065473,32.59820813232254,91.38525155065473,False
REP_08128,CHEMBL5095177,DS-2248,CNC(=O)CC1=Cc2nn(Cc3ncc(C)c(OC)c3C)c3nc(N)nc(c23)SC1,GRBFSGXSMHPNMC-UHFFFAOYSA-N,425.52,1.0,,True,False,False,phase_only,,Small molecule,MOL,0.91666675,95.30592619305204,True,,C1=Cc2nn(Cc3ccccn3)c3ncnc(c23)SC1,374,-7.5501911170617,docked,9DKB,-4.15919320511155,docked,7ALV,37.422467263955895,75.63749138525155,41.55754651964163,75.63749138525155,False
REP_03241,CHEMBL2104989,TISOCALCITATE,C=C1/C(=C\C=C2/CCC[C@]3(C)[C@@H]([C@H](C)/C=C/[C@@H](O)C(C)(C)C(=O)OC(C)C)CC[C@@H]23)C[C@@H](O)C[C@@H]1O,AUMBXYDXKLLKEK-BGMQPCSBSA-N,500.72,2.0,,True,False,False,phase_only,,Small molecule,MOL,0.6656261,82.377689626157,True,,C=C1CCCCC1=CC=C1CCCC2CCCC12,1467,-7.549383713543,docked,9DKB,-1.33382635166652,docked,7ALV,37.35354927636113,7.856650585802895,6.4093728463128885,7.856650585802895,False
REP_06892,CHEMBL5095181,CAMIBIRSTAT,COC[C@H](NC(=O)c1ccn(S(C)(=O)=O)c1)C(=O)Nc1nc(-c2cccc(N3C[C@@H](C)O[C@@H](C)C3)n2)cs1,JBLQNFBXKOAIHG-FCEWJHQRSA-N,562.67,2.0,,True,False,False,phase_only,,Small molecule,MOL,0.80163646,83.41146772448612,True,,O=C(CNC(=O)c1cc[nH]c1)Nc1nc(-c2cccc(N3CCOCC3)n2)cs1,1381,-7.54296189269907,docked,9DKB,-4.68960768899023,docked,7ALV,37.28463128876637,13.301171605789111,55.06547208821502,55.06547208821502,False
REP_08069,CHEMBL4650367,SIRPIGLENASTAT,CC(=O)N[C@@H](Cc1c[nH]c2ccccc12)C(=O)N[C@@H](CCC(=O)C=[N+]=[N-])C(=O)OC(C)C,LQNMCWOJACNQQM-PMACEKPBSA-N,441.49,1.0,,True,False,False,phase_only,,Small molecule,MOL,0.6947248,82.63012381295829,True,,c1ccc2[nH]ccc2c1,1446,-7.54157991729131,docked,9DKB,-4.77369644336909,docked,7ALV,37.215713301171604,9.166092350103378,56.9262577532736,56.9262577532736,False
REP_00266,CHEMBL3608680,FEZOLINETANT,Cc1nsc(-c2nnc3n2CCN(C(=O)c2ccc(F)cc2)[C@@H]3C)n1,PPSNFPASKFYPMN-SECBINFHSA-N,358.4,4.0,,False,True,False,primary_atc_phase,,Small molecule,MOL,0.9166667,90.38946988820771,True,,O=C(c1ccccc1)N1CCn2c(nnc2-c2ncns2)C1,818,-7.53341923309326,docked,9DKB,-2.65072505434672,docked,7ALV,37.14679531357684,50.137835975189525,15.644383184011023,50.137835975189525,False
REP_05080,CHEMBL2336325,VISTUSERTIB,CNC(=O)c1cccc(-c2ccc3c(N4CCOC[C@@H]4C)nc(N4CCOC[C@@H]4C)nc3n2)c1,JUSFANSTBFGBAF-IRXDYDNUSA-N,462.55,2.0,,True,False,False,phase_only,,Small molecule,MOL,0.91666675,95.30592619305204,True,,c1ccc(-c2ccc3c(N4CCOCC4)nc(N4CCOCC4)nc3n2)cc1,466,-7.53101217907284,docked,9DKB,-5.97307611947648,docked,7ALV,37.07787732598208,75.63749138525155,82.15024121295657,82.15024121295657,False
REP_07073,CHEMBL5314515,DAVELIZOMIB,CC(C)C[C@H](NC(=O)CNC(=O)[C@@H]1CCN1c1ccc(F)cc1F)B1OC(=O)[C@H](CC(=O)O)O1,BMSAGHWUHGTMIV-ULQDDVLXSA-N,481.26,2.0,,True,False,False,phase_only,,Small molecule,MOL,1.0,98.35917778579156,True,,O=C(CNC(=O)C1CCN1c1ccccc1)NCB1OCC(=O)O1,164,-7.52430253406468,docked,9DKB,-5.57024674174627,docked,7ALV,37.008959338387314,91.38525155065473,75.1895244658856,91.38525155065473,False
REP_06635,CHEMBL4650282,DS-1001B,CC(C)(C)N.Cc1cn(C(=O)c2c(-c3c(Cl)cc(Cl)cc3Cl)noc2C(C)(C)F)c2cccc(/C=C/C(=O)O)c12,UPPAAWQBZQBNIE-USRGLUTNSA-N,608.93,2.0,,True,False,False,phase_only,,Small molecule,MOL,1.0,98.35917778579156,True,,O=C(c1conc1-c1ccccc1)n1ccc2ccccc21,259,-7.52175066344149,docked,9DKB,-3.94751319823419,docked,7ALV,36.940041350792555,91.38525155065473,36.4920744314266,91.38525155065473,False
REP_07354,CHEMBL6068560,SC-0191,CN1CCN(c2ccc(Nc3ncc4c(=O)n5n(c4n3)-c3cccc(n3)[C@](C)(O)CC/C=C\C5)cc2)CC1,KSZKLDQYICQTLL-WHQCRVIKSA-N,512.62,2.0,,True,False,False,phase_only,,Small molecule,MOL,0.7228926,82.78639259526386,True,,O=c1c2cnc(Nc3ccc(N4CCNCC4)cc3)nc2n2n1CC=CCCCc1cccc-2n1,1433,-7.51911054444146,docked,9DKB,-1.39890734181123,docked,7ALV,36.871123363197796,10.062026188835286,6.685044796691941,10.062026188835286,False
REP_08261,CHEMBL6068520,PF-07054894,Cc1cn(C)nc1[C@H](Nc1c(Nc2ccnc(C(=O)N(C)C)c2O)c(=O)c1=O)C1(C)CCCC1,WZBSYWCLIMRAHO-QFIPXVFZSA-N,466.54,1.0,,True,False,False,phase_only,,Small molecule,MOL,0.91666675,95.30592619305204,True,,O=c1c(Nc2ccncc2)c(NC(c2cc[nH]n2)C2CCCC2)c1=O,497,-7.5085156290529,docked,9DKB,-4.28312268138636,docked,7ALV,36.80220537560304,75.63749138525155,44.5210199862164,75.63749138525155,False
REP_06508,CHEMBL4462530,ZEMIRCICLIB,CC(=O)N[C@@H]1CCC[C@H](C(=O)Nc2cc(-c3cnn4c3CC(C)(C)C4)c(Cl)cn2)C1,AVIWDYSJSPOOAR-LSDHHAIUSA-N,429.95,2.0,,True,False,False,phase_only,,Small molecule,MOL,1.0,98.35917778579156,True,,O=C(Nc1cc(-c2cnn3c2CCC3)ccn1)C1CCCCC1,253,-7.50681892090568,docked,9DKB,-5.0168230475119,docked,7ALV,36.73328738800827,91.38525155065473,61.88835286009648,91.38525155065473,False
REP_01485,CHEMBL1207366,GW468816,O=C(O)C1C/C(=C2/CCN(c3ccccc3)C2=O)c2ccc(Cl)cc2N1,XDKRVNKVAKCFGW-FOCLMDBBSA-N,368.82,2.0,,True,False,False,phase_only,,Small molecule,MOL,1.0,98.35917778579156,True,,O=C1C(=C2CCNc3ccccc32)CCN1c1ccccc1,107,-7.49974471765568,docked,9DKB,-6.03288562266509,docked,7ALV,36.66436940041351,91.38525155065473,83.0461750516885,91.38525155065473,False
REP_05866,CHEMBL376180,AMINOPTERIN,Nc1nc(N)c2nc(CNc3ccc(C(=O)N[C@@H](CCC(=O)O)C(=O)O)cc3)cnc2n1,TVZGACDUOSZQKY-LBPRGKRZSA-N,440.42,2.0,,True,False,False,phase_only,,Small molecule,MOL,0.6878562,82.50991705733863,True,,c1ccc(NCc2cnc3ncncc3n2)cc1,1456,-7.49807192302102,docked,9DKB,-4.61082638871397,docked,7ALV,36.59545141281875,8.545830461750517,52.136457615437635,52.136457615437635,False
REP_05906,CHEMBL38434,BREQUINAR,Cc1c(-c2ccc(-c3ccccc3F)cc2)nc2ccc(F)cc2c1C(=O)O,PHEZJEYUWHETKO-UHFFFAOYSA-N,375.37,2.0,,True,False,False,phase_only,,Small molecule,MOL,0.69343215,82.60608246183435,True,,c1ccc(-c2ccc(-c3ccc4ccccc4n3)cc2)cc1,1448,-7.49746522614908,docked,9DKB,-5.20414538803368,docked,7ALV,36.52653342522398,9.028256374913852,67.12611991729842,67.12611991729842,False
REP_05795,CHEMBL3647536,DARIGABAT,CCn1cnc2c(-c3ccc(F)c(-c4ccc(S(=O)(=O)CC)cc4OC)c3)cnnc21,PTTQXDBPTFOCMT-UHFFFAOYSA-N,440.5,2.0,,True,False,False,phase_only,,Small molecule,MOL,0.9166667,90.38946988820771,True,,c1ccc(-c2cccc(-c3cnnc4[nH]cnc34)c2)cc1,650,-7.49174608897634,docked,9DKB,-5.45008952226201,docked,7ALV,36.45761543762922,50.137835975189525,72.15713301171606,72.15713301171606,False
REP_01455,CHEMBL1195136,SNX 5422,CC1(C)CC(=O)c2c(C(F)(F)F)nn(-c3ccc(C(N)=O)c(N[C@H]4CC[C@H](OC(=O)CN)CC4)c3)c2C1,AVDSOVJPJZVBTC-CTYIDZIISA-N,521.54,2.0,,True,False,False,phase_only,,Small molecule,MOL,0.9166667,90.38946988820771,True,,O=C1CCCc2c1cnn2-c1cccc(NC2CCCCC2)c1,713,-7.48959072018526,docked,9DKB,-5.61462756635472,docked,7ALV,36.388697450034456,50.137835975189525,76.2922122674018,76.2922122674018,False
REP_05094,CHEMBL2364601,AFTOBETIN,COCCOCCOCCOC(=O)/C(C#N)=C/c1ccc2cc(N3CCCCC3)ccc2c1,NRZNTGUFHSJBTD-HKOYGPOVSA-N,452.55,2.0,,True,False,False,phase_only,,Small molecule,MOL,0.9026752,83.97643947589854,True,,c1ccc2cc(N3CCCCC3)ccc2c1,1334,-7.48272399878479,docked,9DKB,-5.60432996479999,docked,7ALV,36.3197794624397,16.471399035148174,75.94762232942797,75.94762232942797,False
REP_01197,CHEMBL5314564,SUNVOZERTINIB,C=CC(=O)Nc1cc(Nc2nccc(Nc3cc(Cl)c(F)cc3C(C)(C)O)n2)c(OC)cc1N1CC[C@@H](N(C)C)C1,BTMKEDDEMKKSEF-QGZVFWFLSA-N,584.1,3.0,,True,False,False,phase_only,,Small molecule,MOL,0.9166667,90.38946988820771,True,,c1ccc(Nc2ccnc(Nc3ccc(N4CCCC4)cc3)n2)cc1,984,-7.47661223115799,docked,9DKB,-4.22191252553827,docked,7ALV,36.25086147484493,50.137835975189525,42.660234321157816,50.137835975189525,False
REP_07057,CHEMBL5314495,ZELASUDIL,Cn1nc(-c2ccc(C(=O)NCC(F)F)cc2)nc1Nc1ccc2[nH]ncc2c1C1CC1,HSZPZEGJQCFGDE-UHFFFAOYSA-N,437.45,2.0,,True,False,False,phase_only,,Small molecule,MOL,0.9166667,90.38946988820771,True,,c1ccc(-c2n[nH]c(Nc3ccc4[nH]ncc4c3C3CC3)n2)cc1,775,-7.47631407357716,docked,9DKB,-4.84399085074196,docked,7ALV,36.181943487250166,50.137835975189525,58.5802894555479,58.5802894555479,False
REP_00246,CHEMBL272427,TAURURSODIOL,C[C@H](CCC(=O)NCCS(=O)(=O)O)[C@H]1CC[C@H]2[C@@H]3[C@@H](O)C[C@@H]4C[C@H](O)CC[C@]4(C)[C@H]3CC[C@]12C,BHTRKEVKTKCXOH-LBSADWJPSA-N,499.71,4.0,,False,True,False,primary_atc_phase,,Small molecule,MOL,0.9166666,85.41892054333454,True,,C1CCC2C(C1)CCC1C3CCCC3CCC21,1203,-7.47528457435819,docked,9DKB,-3.82365158579624,docked,7ALV,36.11302549965541,24.017918676774638,34.114403859407304,34.114403859407304,False
REP_02143,CHEMBL1742401,ABITESARTAN,CCCCC(=O)N(Cc1ccc(-c2ccccc2-c2nnn[nH]2)cc1)CC1(C(=O)O)CCCC1,ZUMPSVPHCDJCMD-UHFFFAOYSA-N,461.57,2.0,,True,False,False,phase_only,,Small molecule,MOL,0.9166667,90.38946988820771,True,,c1ccc(-c2nnn[nH]2)c(-c2ccc(CNCC3CCCC3)cc2)c1,802,-7.46679365685058,docked,9DKB,-4.61543276516996,docked,7ALV,36.044107512060656,50.137835975189525,52.65334252239835,52.65334252239835,False
REP_02399,CHEMBL19611,ILOMASTAT,CNC(=O)[C@H](Cc1c[nH]c2ccccc12)NC(=O)[C@@H](CC(=O)NO)CC(C)C,NITYDPDXAAFEIT-DYVFJYSZSA-N,388.47,2.0,,True,False,False,phase_only,,Small molecule,MOL,0.9166667,90.38946988820771,True,,c1ccc2[nH]ccc2c1,946,-7.46042860951329,docked,9DKB,-7.75604379258742,docked,7ALV,35.97518952446589,50.137835975189525,97.4500344589938,97.4500344589938,False
REP_08222,CHEMBL5499497,LNP-1892,Cc1ccc([C@@H]2C[C@H](CN[C@H](C)c3cccc4ccccc34)Oc3ccccc32)cc1C(=O)O,KEZDVJDKMYHVIV-XCIGCYOISA-N,451.57,1.0,,True,False,False,phase_only,,Small molecule,MOL,0.9166667,90.38946988820771,True,,c1ccc(C2CC(CNCc3cccc4ccccc34)Oc3ccccc32)cc1,506,-7.45907471584409,docked,9DKB,-5.29971620979551,docked,7ALV,35.906271536871124,50.137835975189525,69.3314955203308,69.3314955203308,False
REP_03722,CHEMBL2105798,TRIAMCINOLONE BENETONIDE,CC(CNC(=O)c1ccccc1)C(=O)OCC(=O)[C@@]12OC(C)(C)O[C@@H]1C[C@H]1[C@@H]3CCC4=CC(=O)C=C[C@]4(C)[C@@]3(F)[C@@H](O)C[C@@]12C,GUYPYYARYIIWJZ-CYEPYHPTSA-N,623.72,2.0,,True,False,False,phase_only,,Small molecule,MOL,0.9166666,85.41892054333454,True,,O=C1C=CC2C(=C1)CCC1C2CCC2C1CC1OCOC12C(=O)COC(=O)CCNC(=O)c1ccccc1,1284,-7.45835084692623,docked,9DKB,-4.07230492465872,docked,7ALV,35.837353549276365,24.017918676774638,39.214334941419715,39.214334941419715,False
REP_07046,CHEMBL5314482,RITIVIXIBAT,CCCCC1(CCCC)CN(c2ccccc2)c2cc(SC)c(OCCC(=O)O)cc2S(=O)(=O)N1,XHOVXESPVIUTMC-UHFFFAOYSA-N,520.72,2.0,,True,False,False,phase_only,,Small molecule,MOL,0.8262256,83.53167448010578,True,,O=S1(=O)NCCN(c2ccccc2)c2ccccc21,1371,-7.45796613911361,docked,9DKB,-2.55484763140078,docked,7ALV,35.7684355616816,13.990351481736733,14.47277739490007,14.47277739490007,False
REP_04430,CHEMBL2107292,KETAZOCINE,C[C@H]1[C@H]2C(=O)c3ccc(O)cc3[C@]1(C)CCN2CC1CC1,HQBZLVPZOGIAIQ-SDDDUWNISA-N,285.39,2.0,,True,False,False,phase_only,,Small molecule,MOL,0.91666675,95.30592619305204,True,,O=C1c2ccccc2C2CCN(CC3CC3)C1C2,406,-7.45499252384456,docked,9DKB,-3.77326573219882,docked,7ALV,35.69951757408683,75.63749138525155,32.94279807029634,75.63749138525155,False
REP_08269,CHEMBL6068545,BN-104,O=C([C@H]1NC[C@@H]2CCC[C@@H]21)N1CCC2(CC1)CN(c1ncnnc1Oc1ccc(F)cc1-c1cncnc1C1CC1)C2,XDXAYPYOHXUEAM-CLHVYKLBSA-N,570.67,1.0,,True,False,False,phase_only,,Small molecule,MOL,0.91666675,95.30592619305204,True,,O=C(C1NCC2CCCC21)N1CCC2(CC1)CN(c1ncnnc1Oc1ccccc1-c1cncnc1C1CC1)C2,290,-7.44909984916317,docked,9DKB,-5.39271951352793,docked,7ALV,35.630599586492075,75.63749138525155,70.9855272226051,75.63749138525155,False
REP_00601,CHEMBL2048308,FLUTAFURANOL,CNc1ccc(-c2cc3cc(O)ccc3o2)c(F)n1,MYNQXTDIPMCJCR-UHFFFAOYSA-N,258.25,3.0,,True,False,False,phase_only,,Small molecule,MOL,0.91666675,95.30592619305204,True,,c1cncc(-c2cc3ccccc3o2)c1,286,-7.44850945263785,docked,9DKB,-6.22447080634065,docked,7ALV,35.56168159889731,75.63749138525155,86.07856650585803,86.07856650585803,False
REP_06536,CHEMBL4518483,DANUGLIPRON,N#Cc1ccc(COc2cccc(C3CCN(Cc4nc5ccc(C(=O)O)cc5n4C[C@@H]4CCO4)CC3)n2)c(F)c1,HYBAKUMPISVZQP-DEOSSOPVSA-N,555.61,2.0,,True,False,False,phase_only,,Small molecule,MOL,0.9166666,85.41892054333454,True,,c1ccc(COc2cccc(C3CCN(Cc4nc5ccccc5n4CC4CCO4)CC3)n2)cc1,1319,-7.44831097371027,docked,9DKB,-4.17082758427832,docked,7ALV,35.49276361130255,24.017918676774638,41.62646450723639,41.62646450723639,False
REP_00715,CHEMBL2158614,FLUTAFURANOL F 18,CNc1ccc(-c2cc3cc(O)ccc3o2)c([18F])n1,MYNQXTDIPMCJCR-HUYCHCPVSA-N,257.25,3.0,,True,False,False,phase_only,,Small molecule,MOL,0.91666675,95.30592619305204,True,,c1cncc(-c2cc3ccccc3o2)c1,405,-7.44776369952414,docked,9DKB,-6.61301193178965,docked,7ALV,35.423845623707784,75.63749138525155,90.90282563749139,90.90282563749139,False
REP_00572,CHEMBL190083,TARENFLURBIL,C[C@@H](C(=O)O)c1ccc(-c2ccccc2)c(F)c1,SYTBZMRGLBWNTM-SNVBAGLBSA-N,244.26,3.0,,True,False,False,phase_only,,Small molecule,MOL,0.90146345,83.9523981247746,True,,c1ccc(-c2ccccc2)cc1,1337,-7.43705155170552,docked,9DKB,-5.14060072744383,docked,7ALV,35.35492763611302,16.33356305995865,66.16126809097173,66.16126809097173,False
REP_00015,CHEMBL1096,AMLEXANOX,CC(C)c1ccc2oc3nc(N)c(C(=O)O)cc3c(=O)c2c1,SGRYPYWGNKJSDL-UHFFFAOYSA-N,298.3,4.0,,False,True,False,primary_atc_phase,,Small molecule,MOL,0.91666675,95.30592619305204,True,,O=c1c2ccccc2oc2ncccc12,496,-7.43633644325579,docked,9DKB,-6.30204868469368,docked,7ALV,35.28600964851827,75.63749138525155,87.18125430737422,87.18125430737422,False
REP_05054,CHEMBL225411,GW842166X,O=C(NCC1CCOCC1)c1cnc(Nc2ccc(Cl)cc2Cl)nc1C(F)(F)F,TWQYWUXBZHPIIV-UHFFFAOYSA-N,449.26,2.0,,True,False,False,phase_only,,Small molecule,MOL,0.9166667,90.38946988820771,True,,O=C(NCC1CCOCC1)c1cnc(Nc2ccccc2)nc1,1001,-7.43535241110851,docked,9DKB,-6.83858785159612,docked,7ALV,35.21709166092351,50.137835975189525,93.10820124052378,93.10820124052378,False
REP_04229,CHEMBL2106877,PRAZOCILLIN,Cc1cnn(-c2c(Cl)cccc2Cl)c1C(=O)N[C@@H]1C(=O)N2[C@@H]1SC(C)(C)[C@@H]2C(=O)O,XRCKXULNIUSXFZ-HYSWKAIVSA-N,469.35,2.0,,True,False,False,phase_only,,Small molecule,MOL,0.9166666,85.41892054333454,True,,O=C(NC1C(=O)N2CCSC12)c1ccnn1-c1ccccc1,1248,-7.4314581562121,docked,9DKB,-3.27518483778842,docked,7ALV,35.14817367332874,24.017918676774638,24.2591316333563,24.2591316333563,False
REP_01300,CHEMBL10445,CLOXACEPRIDE,CCN(CC)CCNC(=O)c1cc(Cl)c(NC(=O)COc2ccc(Cl)cc2)cc1OC,VZNJZQAFQDEJOO-UHFFFAOYSA-N,468.38,2.0,,True,False,False,phase_only,,Small molecule,MOL,0.9166667,90.38946988820771,True,,O=C(COc1ccccc1)Nc1ccccc1,892,-7.42979698822482,docked,9DKB,-1.90946305234406,docked,7ALV,35.079255685733976,50.137835975189525,9.57960027567195,50.137835975189525,False
REP_06209,CHEMBL4163691,POSELTINIB,C=CC(=O)Nc1cccc(Oc2nc(Nc3ccc(N4CCN(C)CC4)cc3)nc3ccoc23)c1,LZMJNVRJMFMYQS-UHFFFAOYSA-N,470.53,2.0,,True,False,False,phase_only,,Small molecule,MOL,0.9166667,90.38946988820771,True,,c1ccc(Oc2nc(Nc3ccc(N4CCNCC4)cc3)nc3ccoc23)cc1,795,-7.42774830528688,docked,9DKB,-5.0417766771393,docked,7ALV,35.01033769813922,50.137835975189525,62.784286698828396,62.784286698828396,False
REP_07882,CHEMBL406381,KRN-633,CCCNC(=O)Nc1ccc(Oc2ncnc3cc(OC)c(OC)cc23)cc1Cl,VPBYZLCHOKSGRX-UHFFFAOYSA-N,416.87,1.0,,True,False,False,phase_only,,Small molecule,MOL,1.0,98.35917778579156,True,,c1ccc(Oc2ncnc3ccccc23)cc1,222,-7.42736459791984,docked,9DKB,-2.65671189063263,docked,7ALV,34.94141971054445,91.38525155065473,15.713301171605787,91.38525155065473,False
REP_06379,CHEMBL4297480,SX-682,O=C(Nc1ccc(F)cc1)c1cnc(SCc2cc(OC(F)(F)F)ccc2B(O)O)nc1,SDUDZBCEHIZMFZ-UHFFFAOYSA-N,467.21,2.0,,True,False,False,phase_only,,Small molecule,MOL,0.9166667,90.38946988820771,True,,O=C(Nc1ccccc1)c1cnc(SCc2ccccc2)nc1,877,-7.42364020023945,docked,9DKB,-6.85229548884523,docked,7ALV,34.87250172294969,50.137835975189525,93.2460372157133,93.2460372157133,False
REP_00945,CHEMBL4112929,MILVEXIAN,C[C@@H]1CCC[C@H](n2cnc(-c3cc(Cl)ccc3-n3cc(Cl)nn3)cc2=O)c2cc(ccn2)-c2c(cnn2C(F)F)NC1=O,FSWFYCYPTDLKON-CMJOXMDJSA-N,626.46,3.0,,True,False,False,phase_only,,Small molecule,MOL,0.91666675,95.30592619305204,True,,O=C1CCCCC(n2cnc(-c3ccccc3-n3ccnn3)cc2=O)c2cc(ccn2)-c2[nH]ncc2N1,403,-7.41752064987555,docked,9DKB,-4.2496328289131,docked,7ALV,34.80358373535493,75.63749138525155,43.625086147484495,75.63749138525155,False
REP_05518,CHEMBL3187503,GSK-1292263,CC(C)c1noc(N2CCC(COc3ccc(-c4ccc(S(C)(=O)=O)cc4)nc3)CC2)n1,AYJRTVVIBJSSKN-UHFFFAOYSA-N,456.57,2.0,,True,False,False,phase_only,,Small molecule,MOL,0.9166667,90.38946988820771,True,,c1ccc(-c2ccc(OCC3CCN(c4ncno4)CC3)cn2)cc1,773,-7.41486594293638,docked,9DKB,-4.24026351041675,docked,7ALV,34.73466574776016,50.137835975189525,43.34941419710544,50.137835975189525,False
REP_00873,CHEMBL3647420,PYROTINIB,CCOc1cc2ncc(C#N)c(Nc3ccc(OCc4ccccn4)c(Cl)c3)c2cc1NC(=O)/C=C/[C@H]1CCCN1C,SADXACCFNXBCFY-IYNHSRRRSA-N,583.09,3.0,,True,False,False,phase_only,,Small molecule,MOL,1.0,98.35917778579156,True,,O=C(C=CC1CCCN1)Nc1ccc2nccc(Nc3ccc(OCc4ccccn4)cc3)c2c1,179,-7.40846713054404,docked,9DKB,-4.8203526296639,docked,7ALV,34.6657477601654,91.38525155065473,57.891109579600275,91.38525155065473,False
REP_08085,CHEMBL4789639,BMS-986202,[2H]C([2H])([2H])NC(=O)c1cnc(NC(=O)C2CC2)cc1Nc1cccc(-c2ncc(F)cn2)c1OC,BBRMAVGRWHNAIG-FIBGUPNXSA-N,439.47,1.0,,True,False,False,phase_only,,Small molecule,MOL,1.0,98.35917778579156,True,,O=C(Nc1cc(Nc2cccc(-c3ncccn3)c2)ccn1)C1CC1,265,-7.40572058174499,docked,9DKB,-4.38048142989471,docked,7ALV,34.596829772570636,91.38525155065473,46.588559614059264,91.38525155065473,False
REP_07858,CHEMBL3910075,CE-245677,COc1ccc(C(=O)c2cn(C(C)C)c3ncnc(N)c23)cc1NC(=O)Nc1ccc(Cl)cc1Cl,VFCRSIORGUNNGT-UHFFFAOYSA-N,513.39,1.0,,True,False,False,phase_only,,Small molecule,MOL,0.91666675,95.30592619305204,True,,O=C(Nc1ccccc1)Nc1cccc(C(=O)c2c[nH]c3ncncc23)c1,328,-7.40438484055388,docked,9DKB,-5.14664866960538,docked,7ALV,34.52791178497587,75.63749138525155,66.29910406616126,75.63749138525155,False
REP_08067,CHEMBL4650361,TALETRECTINIB ADIPATE,C[C@@H](N)COc1ccc(-c2cnc3ccc(N[C@H](C)c4cccc(F)c4)nn23)cc1.O=C(O)CCCCC(=O)O,DORJQZDOULKINH-QNBGGDODSA-N,551.62,1.0,,True,False,False,phase_only,,Small molecule,MOL,0.9166666,85.41892054333454,True,,c1ccc(CNc2ccc3ncc(-c4ccccc4)n3n2)cc1,1286,-7.40095952356631,docked,9DKB,-2.37038307507941,docked,7ALV,34.45899379738112,24.017918676774638,13.025499655410066,24.017918676774638,False
REP_06838,CHEMBL5095055,BAFREKALANT,COc1ccc(Cl)c(C(=O)N2C3CCC2CN(Cc2c(-c4ccc(C(C)C)cc4)nc4ncccn24)C3)n1,VDKJCAWGDJJKNL-UHFFFAOYSA-N,531.06,2.0,,True,False,False,phase_only,,Small molecule,MOL,0.9166666,85.41892054333454,True,,O=C(c1ccccn1)N1C2CCC1CN(Cc1c(-c3ccccc3)nc3ncccn13)C2,1196,-7.40052392213787,docked,9DKB,-4.86765468727891,docked,7ALV,34.39007580978636,24.017918676774638,59.06271536871124,59.06271536871124,False
REP_07325,CHEMBL6068069,RANOSIDENIB,C[C@@H](Nc1nc(N[C@H](C)C(F)(F)F)nc(C2=C(F)[C@H](O)C(F)(F)CC2)n1)C(F)(F)F,CECMHVJGNAFHKN-KCRUCZTKSA-N,453.31,2.0,,True,False,False,phase_only,,Small molecule,MOL,0.9166667,90.38946988820771,True,,C1=C(c2ncncn2)CCCC1,587,-7.38613781934107,docked,9DKB,-4.12036126141071,docked,7ALV,34.321157822191594,50.137835975189525,40.592694693314954,50.137835975189525,False
REP_01345,CHEMBL1092665,SP-420,COCCOCCOc1ccc(C2=N[C@@](C)(C(=O)O)CS2)c(O)c1,YASYAEVZKXPYIZ-MRXNPFEDSA-N,355.41,2.0,,True,False,False,phase_only,,Small molecule,MOL,0.91666675,95.30592619305204,True,,c1ccc(C2=NCCS2)cc1,408,-7.38229623069294,docked,9DKB,-5.70847425262517,docked,7ALV,34.25223983459683,75.63749138525155,78.15299793246038,78.15299793246038,False
REP_00807,CHEMBL3125702,NAVTEMADLIN,CC(C)[C@@H](CS(=O)(=O)C(C)C)N1C(=O)[C@@](C)(CC(=O)O)C[C@H](c2cccc(Cl)c2)[C@H]1c1ccc(Cl)cc1,DRLCSJFKKILATL-YWCVFVGNSA-N,568.56,3.0,,True,False,False,phase_only,,Small molecule,MOL,0.5991371,81.83675922586849,True,,O=C1CCC(c2ccccc2)C(c2ccccc2)N1,1512,-7.37892347308337,docked,9DKB,-1.96643311646206,docked,7ALV,34.18332184700207,4.962095106822881,9.993108201240519,9.993108201240519,False
REP_05252,CHEMBL278255,CLINAFLOXACIN,NC1CCN(c2c(F)cc3c(=O)c(C(=O)O)cn(C4CC4)c3c2Cl)C1,QGPKADBNRMWEQR-UHFFFAOYSA-N,365.79,2.0,,True,False,False,phase_only,,Small molecule,MOL,0.91666675,95.30592619305204,True,,O=c1ccn(C2CC2)c2cc(N3CCCC3)ccc12,358,-7.37835928547471,docked,9DKB,-3.91383618011036,docked,7ALV,34.114403859407304,75.63749138525155,36.044107512060656,75.63749138525155,False
REP_04623,CHEMBL2107707,CEFOXAZOLE,CC(=O)OCC1=C(C(=O)O)N2C(=O)[C@@H](NC(=O)c3c(-c4ccccc4Cl)noc3C)[C@H]2SC1,OCLRGULJISNUQS-OXQOHEQNSA-N,491.91,2.0,,True,False,False,phase_only,,Small molecule,MOL,0.91666675,95.30592619305204,True,,O=C(NC1C(=O)N2C=CCSC12)c1conc1-c1ccccc1,397,-7.37555240909997,docked,9DKB,-6.82856501723374,docked,7ALV,34.045485871812545,75.63749138525155,92.97036526533425,92.97036526533425,False
REP_04357,CHEMBL2107116,NICLOFOLAN,O=[N+]([O-])c1cc(Cl)cc(-c2cc(Cl)cc([N+](=O)[O-])c2O)c1O,XULACPAEUUWKFX-UHFFFAOYSA-N,345.09,2.0,,True,False,False,phase_only,,Small molecule,MOL,0.65711296,82.29354489722323,True,,c1ccc(-c2ccccc2)cc1,1474,-7.36586665054273,docked,9DKB,-5.6955704860877,docked,7ALV,33.97656788421778,7.443142660234321,77.7394900068918,77.7394900068918,False
REP_04568,CHEMBL2107614,ETIPREDNOL DICLOACETATE,CCOC(=O)[C@@]1(OC(=O)C(Cl)Cl)CC[C@H]2[C@@H]3CCC4=CC(=O)C=C[C@]4(C)[C@H]3[C@@H](O)C[C@@]21C,QAIOVDNCIZSSSF-RFAJLIJZSA-N,485.4,2.0,,True,False,False,phase_only,,Small molecule,MOL,0.9166667,90.38946988820771,True,,O=C1C=CC2C(=C1)CCC1C3CCCC3CCC21,850,-7.36258849656608,docked,9DKB,-2.77450080184247,docked,7ALV,33.90764989662301,50.137835975189525,17.298414886285318,50.137835975189525,False
REP_06039,CHEMBL3989639,ROFLEPONIDE,CCC[C@@H]1O[C@@H]2C[C@H]3[C@@H]4C[C@H](F)C5=CC(=O)CC[C@]5(C)[C@@]4(F)[C@@H](O)C[C@]3(C)[C@]2(C(=O)CO)O1,IXTCZMJQGGONPY-XJAYAHQCSA-N,468.54,2.0,,True,False,False,phase_only,,Small molecule,MOL,0.9166666,85.41892054333454,True,,O=C1C=C2CCC3C(CCC4C3CC3OCOC34)C2CC1,1130,-7.35456996473087,docked,9DKB,-4.52659570934,docked,7ALV,33.838731909028255,24.017918676774638,50.51688490696071,50.51688490696071,False
REP_07259,CHEMBL6017042,ZORACOPAN,CC(=O)c1cn(CC(=O)N2[C@H](C(=O)Nc3nc(Br)ccc3C)C[C@@]3(C)C[C@@H]23)c2c(C)cc(-c3cnc(C)nc3)cc12,UXNFPLOWFUTNEC-NTWBYJAHSA-N,615.53,2.0,,True,False,False,phase_only,,Small molecule,MOL,1.0,98.35917778579156,True,,O=C(Nc1ccccn1)C1CC2CC2N1C(=O)Cn1ccc2cc(-c3cncnc3)ccc21,30,-7.34804018829131,docked,9DKB,-5.87108340379163,docked,7ALV,33.76981392143349,91.38525155065473,80.70296347346657,91.38525155065473,False
REP_00947,CHEMBL4113975,BAXDROSTAT,CCC(=O)N[C@@H]1CCCc2c(-c3ccc4c(c3)CCC(=O)N4C)cncc21,VDEUDSRUMNAXJG-LJQANCHMSA-N,363.46,3.0,,True,False,False,phase_only,,Small molecule,MOL,0.9166666,85.41892054333454,True,,O=C1CCc2cc(-c3cncc4c3CCCC4)ccc2N1,1260,-7.34451573101503,docked,9DKB,-4.64380420731051,docked,7ALV,33.70089593383874,24.017918676774638,53.54927636113025,53.54927636113025,False
REP_06165,CHEMBL4068108,CP-461 FREE BASE,CC1=C(CC(=O)NCc2ccccc2)c2cc(F)ccc2/C1=C\c1ccncc1,NVCAMOJXQVJSOM-XKZIYDEJSA-N,384.45,2.0,,True,False,False,phase_only,,Small molecule,MOL,0.9166667,90.38946988820771,True,,O=C(CC1=CC(=Cc2ccncc2)c2ccccc21)NCc1ccccc1,777,-7.33817462207712,docked,9DKB,-6.037078788685,docked,7ALV,33.63197794624397,50.137835975189525,83.25292901447277,83.25292901447277,False
REP_06636,CHEMBL4650285,TEMUTERKIB,Cn1nccc1Nc1nccc(-c2cc3c(s2)C(C)(C)N(CCN2CCOCC2)C3=O)n1,JNPRPMBJODOFEC-UHFFFAOYSA-N,453.57,2.0,,True,False,False,phase_only,,Small molecule,MOL,0.7869114,83.33934367111432,True,,O=C1c2cc(-c3ccnc(Nc4ccn[nH]4)n3)sc2CN1CCN1CCOCC1,1387,-7.33665991893793,docked,9DKB,-3.2565030476612,docked,7ALV,33.56305995864921,12.887663680220538,23.914541695382496,23.914541695382496,False
REP_02378,CHEMBL1933349,MK-0893,COc1ccc2cc(-c3cc(-c4cc(Cl)cc(Cl)c4)nn3[C@@H](C)c3ccc(C(=O)NCCC(=O)O)cc3)ccc2c1,DNTVJEMGHBIUMW-IBGZPJMESA-N,588.49,2.0,,True,False,False,phase_only,,Small molecule,MOL,0.9166666,85.41892054333454,True,,c1ccc(Cn2nc(-c3ccccc3)cc2-c2ccc3ccccc3c2)cc1,1100,-7.33152913976426,docked,9DKB,-4.11779463972228,docked,7ALV,33.49414197105445,24.017918676774638,40.523776705720195,40.523776705720195,False
REP_07855,CHEMBL3894518,AZD-8835,CCn1nc(C2CCN(C(=O)CCO)CC2)nc1-c1cnc(N)c(-c2nnc(C(C)(C)C)o2)n1,ZGRDYKFVDCFJCZ-UHFFFAOYSA-N,469.55,1.0,,True,False,False,phase_only,,Small molecule,MOL,0.9166667,90.38946988820771,True,,c1nnc(-c2cncc(-c3nc(C4CCNCC4)n[nH]3)n2)o1,813,-7.32625897991418,docked,9DKB,-4.76832382141548,docked,7ALV,33.42522398345969,50.137835975189525,56.78842177808407,56.78842177808407,False
REP_05783,CHEMBL3623290,AZD-3759,COc1cc2ncnc(Nc3cccc(Cl)c3F)c2cc1OC(=O)N1CCN(C)C[C@H]1C,MXDSJQHFFDGFDK-CYBMUJFWSA-N,459.91,2.0,,True,False,False,phase_only,,Small molecule,MOL,0.5938286,81.77665584805867,True,,O=C(Oc1ccc2ncnc(Nc3ccccc3)c2c1)N1CCNCC1,1517,-7.32282932247779,docked,9DKB,-5.57122166746078,docked,7ALV,33.35630599586492,4.617505168849069,75.25844245348036,75.25844245348036,False
REP_07080,CHEMBL5314522,IRPAGRATINIB,C=CC(=O)N[C@H]1CCOC[C@H]1Nc1ncc2cc(-c3c(F)c(OC)cc(OC)c3F)nc(N3CC(C)(OC)C3)c2n1,PGRHEHZIRYNZDV-FUHWJXTLSA-N,570.6,2.0,,True,False,False,phase_only,,Small molecule,MOL,0.91666675,95.30592619305204,True,,c1ccc(-c2cc3cnc(NC4CCCOC4)nc3c(N3CCC3)n2)cc1,410,-7.32105304979122,docked,9DKB,-4.90324532499014,docked,7ALV,33.287388008270156,75.63749138525155,59.33838731909028,75.63749138525155,False
REP_07121,CHEMBL5314923,MIZAGLIFLOZIN,Cc1cc(OCCCNCC(C)(C)C(N)=O)ccc1Cc1c(O[C@@H]2O[C@H](CO)[C@@H](O)[C@H](O)[C@H]2O)n[nH]c1C(C)C,LREHMKLEOJAVMQ-TXKDOCKMSA-N,564.68,2.0,,True,False,False,phase_only,,Small molecule,MOL,0.9166667,90.38946988820771,True,,c1ccc(Cc2c[nH]nc2OC2CCCCO2)cc1,632,-7.31733332016368,docked,9DKB,-6.29068182450411,docked,7ALV,33.2184700206754,50.137835975189525,87.0434183321847,87.0434183321847,False
REP_01205,CHEMBL5314952,REZIVERTINIB,C=CC(=O)Nc1cc(Nc2nccc(-c3cn(C)c4ccccc34)n2)c(OC)cc1OCCN(C)C,BPMZUKYFIDPLEA-UHFFFAOYSA-N,486.58,3.0,,True,False,False,phase_only,,Small molecule,MOL,0.9166667,90.38946988820771,True,,c1ccc(Nc2nccc(-c3c[nH]c4ccccc34)n2)cc1,983,-7.31324963224615,docked,9DKB,-5.4706211395915,docked,7ALV,33.14955203308063,50.137835975189525,72.4328049620951,72.4328049620951,False
REP_06667,CHEMBL4650989,TALETRECTINIB,C[C@@H](N)COc1ccc(-c2cnc3ccc(N[C@H](C)c4cccc(F)c4)nn23)cc1,HEVHTYMYEMEBPX-HZPDHXFCSA-N,405.48,2.0,,True,False,False,phase_only,,Small molecule,MOL,0.9166667,90.38946988820771,True,,c1ccc(CNc2ccc3ncc(-c4ccccc4)n3n2)cc1,543,-7.30916078784218,docked,9DKB,-1.53463821804477,docked,7ALV,33.080634045485866,50.137835975189525,7.305306685044799,50.137835975189525,False
REP_01344,CHEMBL1092581,NESBUVIR,CNC(=O)c1c(-c2ccc(F)cc2)oc2cc(N(CCO)S(C)(=O)=O)c(C3CC3)cc12,WTDWVLJJJOTABN-UHFFFAOYSA-N,446.5,2.0,,True,False,False,phase_only,,Small molecule,MOL,0.9166666,85.41892054333454,True,,c1ccc(-c2cc3cc(C4CC4)ccc3o2)cc1,1252,-7.30417063550485,docked,9DKB,-5.37321885310591,docked,7ALV,33.01171605789111,24.017918676774638,70.84769124741557,70.84769124741557,False
REP_07042,CHEMBL5314478,PUMECITINIB,CC(C)S(=O)(=O)N1CC(CC#N)(n2cc(-c3ncnc4[nH]ccc34)c(N)n2)C1,OUXYFMCMGWQWQF-UHFFFAOYSA-N,400.47,2.0,,True,False,False,phase_only,,Small molecule,MOL,0.9166667,90.38946988820771,True,,c1nc(-c2cnn(C3CNC3)c2)c2cc[nH]c2n1,806,-7.30277424150361,docked,9DKB,-4.82811360727607,docked,7ALV,32.94279807029634,50.137835975189525,58.235699517574076,58.235699517574076,False
REP_07356,CHEMBL6068562,SPH-5030,CCOc1cc2ncnc(Nc3ccc(Oc4ccn5ncnc5c4)c(C)c3)c2cc1NC(=O)/C(F)=C/[C@H]1CCCN1C,HTAMCULFUCGZAM-FKYOTISTSA-N,582.64,2.0,,True,False,False,phase_only,,Small molecule,MOL,1.0,98.35917778579156,True,,O=C(C=CC1CCCN1)Nc1ccc2ncnc(Nc3ccc(Oc4ccn5ncnc5c4)cc3)c2c1,77,-7.30033907769196,docked,9DKB,-3.08376267119784,docked,7ALV,32.87388008270159,91.38525155065473,21.433494141971053,91.38525155065473,False
REP_04969,CHEMBL215152,DEFOSBARASERTIB,CCN(CCO)CCCOc1ccc2c(Nc3cc(CC(=O)Nc4cccc(F)c4)[nH]n3)ncnc2c1,QYZOGCMHVIGURT-UHFFFAOYSA-N,507.57,2.0,,True,False,False,phase_only,,Small molecule,MOL,1.0,98.35917778579156,True,,O=C(Cc1cc(Nc2ncnc3ccccc23)n[nH]1)Nc1ccccc1,45,-7.29781873628396,docked,9DKB,-2.06075271029566,docked,7ALV,32.80496209510682,91.38525155065473,10.751206064782902,91.38525155065473,False
REP_06713,CHEMBL4760665,PF-06865571,CCOc1cccnc1Oc1cncc(-c2ncc(C(=O)N[C@H]3CCOC3)cn2)c1,UKBQFBRPXKGJPY-INIZCTEOSA-N,407.43,2.0,,True,False,False,phase_only,,Small molecule,MOL,0.9166667,90.38946988820771,True,,O=C(NC1CCOC1)c1cnc(-c2cncc(Oc3ccccn3)c2)nc1,1055,-7.29568223883326,docked,9DKB,-6.65548421627908,docked,7ALV,32.736044107512065,50.137835975189525,91.38525155065473,91.38525155065473,False
REP_00692,CHEMBL2107486,TEBIPENEM PIVOXIL,C[C@@H](O)[C@H]1C(=O)N2C(C(=O)OCOC(=O)C(C)(C)C)=C(SC3CN(C4=NCCS4)C3)[C@H](C)[C@H]12,SNUDIPVBUUXCDG-QHSBEEBCSA-N,497.64,3.0,,True,False,False,phase_only,,Small molecule,MOL,0.9166666,85.41892054333454,True,,O=C1CC2CC(SC3CN(C4=NCCS4)C3)=CN12,1234,-7.28102580612599,docked,9DKB,-7.05116535837362,docked,7ALV,32.6671261199173,24.017918676774638,93.7973811164714,93.7973811164714,False
REP_08046,CHEMBL4650227,CENTHAQUINE CITRATE,Cc1cccc(N2CCN(CCc3ccc4ccccc4n3)CC2)c1.O=C(O)CC(O)(CC(=O)O)C(=O)O,XEOUTMUAFOIGQK-UHFFFAOYSA-N,523.59,1.0,,True,False,False,phase_only,,Small molecule,MOL,0.75899726,83.06286813318908,True,,c1ccc(N2CCN(CCc3ccc4ccccc4n3)CC2)cc1,1410,-7.27942054846921,docked,9DKB,-4.52595637106312,docked,7ALV,32.59820813232254,11.509303928325293,50.44796691936595,50.44796691936595,False
REP_00716,CHEMBL2163631,SABIZABULIN,COc1cc(C(=O)c2cnc(-c3c[nH]c4ccccc34)[nH]2)cc(OC)c1OC,WQGVHOVEXMOLOK-UHFFFAOYSA-N,377.4,3.0,,True,False,False,phase_only,,Small molecule,MOL,0.9166666,85.41892054333454,True,,O=C(c1ccccc1)c1cnc(-c2c[nH]c3ccccc23)[nH]1,1131,-7.27828401534671,docked,9DKB,-5.33425865470188,docked,7ALV,32.529290144727774,24.017918676774638,69.74500344589939,69.74500344589939,False
REP_07171,CHEMBL5569312,EVETIFATOR,O=C(COc1ccc(Cl)cc1)NC12CC(c3nnc([C@H]4C[C@@H](OC(F)(F)F)C4)o3)(C1)C2,IKPNRMYDOSNVAU-QEJBIBHGSA-N,457.84,2.0,,True,False,False,phase_only,,Small molecule,MOL,0.9166667,90.38946988820771,True,,O=C(COc1ccccc1)NC12CC(c3nnc(C4CCC4)o3)(C1)C2,558,-7.27282847553371,docked,9DKB,-3.58797438564023,docked,7ALV,32.46037215713301,50.137835975189525,29.84148862853204,50.137835975189525,False
REP_06300,CHEMBL4297256,ABT-384,CC(C)(C(=O)NC1C2CC3CC1CC(C(N)=O)(C3)C2)N1CCN(c2ccc(C(F)(F)F)cn2)CC1,CLHMYBJIOZXCEX-UHFFFAOYSA-N,493.57,2.0,,True,False,False,phase_only,,Small molecule,MOL,0.9166666,85.41892054333454,True,,O=C(CN1CCN(c2ccccn2)CC1)NC1C2CC3CC(C2)CC1C3,1277,-7.27111720342965,docked,9DKB,-5.28436240798062,docked,7ALV,32.39145416953825,24.017918676774638,69.19365954514129,69.19365954514129,False
REP_07285,CHEMBL6068014,GIROCITINIB,C[C@@H](O)c1nc2cnc3ccoc3c2n1[C@H]1CCC[C@H](CC#N)O1,MYIVZHLQTAFSND-JTNHKYCSSA-N,326.36,2.0,,True,False,False,phase_only,,Small molecule,MOL,0.9166667,90.38946988820771,True,,c1cc2ncc3ncn(C4CCCCO4)c3c2o1,1082,-7.2676025833843,docked,9DKB,-5.58316556881857,docked,7ALV,32.322536181943484,50.137835975189525,75.60303239145418,75.60303239145418,False
REP_06644,CHEMBL4650324,VEBICORVIR,O=C(NCc1cnc(C(F)(F)F)s1)c1ccc2c(c1)NC(=O)c1ccccc1S2(=O)=O,LBJVBJYMZKEREY-UHFFFAOYSA-N,467.45,2.0,,True,False,False,phase_only,,Small molecule,MOL,0.91666675,95.30592619305204,True,,O=C(NCc1cncs1)c1ccc2c(c1)NC(=O)c1ccccc1S2(=O)=O,494,-7.26679148404965,docked,9DKB,-4.02577093111992,docked,7ALV,32.25361819434872,75.63749138525155,38.38731909028257,75.63749138525155,False
REP_07155,CHEMBL5417170,MHV-370,Cc1cc(N2CCc3c(c(C)nn3CC34CCC(NC(=O)[C@@H]5COCCN5)(CC3)CC4)C2)c2cnn(C)c2n1,OXDQXRVWDYGAHX-SAVAPUMLSA-N,532.69,2.0,,True,False,False,phase_only,,Small molecule,MOL,1.0,98.35917778579156,True,,O=C(NC12CCC(Cn3ncc4c3CCN(c3ccnc5[nH]ncc35)C4)(CC1)CC2)C1COCCN1,22,-7.26675368521932,docked,9DKB,-4.50324015094377,docked,7ALV,32.18470020675396,91.38525155065473,49.82770503101309,91.38525155065473,False
REP_06242,CHEMBL4227505,SOTULETINIB,CNC(=O)c1cc(Oc2ccc3nc(N[C@@H]4CCCC[C@H]4O)sc3c2)ccn1,ADZBMFGQQWPHMJ-RHSMWYFYSA-N,398.49,2.0,,True,False,False,phase_only,,Small molecule,MOL,1.0,98.35917778579156,True,,c1cc(Oc2ccc3nc(NC4CCCCC4)sc3c2)ccn1,203,-7.26487576321167,docked,9DKB,-7.54355504029573,docked,7ALV,32.11578221915921,91.38525155065473,96.69193659545141,96.69193659545141,False
REP_00826,CHEMBL3287379,CONTEZOLID,O=C1C=CN(c2c(F)cc(N3C[C@H](CNc4ccon4)OC3=O)c(F)c2F)CC1,SULYVXZZUMRQAX-NSHDSACASA-N,408.34,3.0,,True,False,False,phase_only,,Small molecule,MOL,0.91666675,95.30592619305204,True,,O=C1C=CN(c2ccc(N3CC(CNc4ccon4)OC3=O)cc2)CC1,347,-7.2645139271232,docked,9DKB,-5.69029351833235,docked,7ALV,32.04686423156444,75.63749138525155,77.53273604410751,77.53273604410751,False
REP_07647,CHEMBL1951032,ADP-597,COc1c(Nc2ccc(S(C)(=O)=O)nc2C)ncnc1OC1CCN(C(=O)OC(C)C)CC1,WPDCHTSXOPUOII-UHFFFAOYSA-N,479.56,1.0,,True,False,False,phase_only,,Small molecule,MOL,0.9166667,90.38946988820771,True,,c1cncc(Nc2cc(OC3CCNCC3)ncn2)c1,686,-7.26419414597708,docked,9DKB,-3.54491319487652,docked,7ALV,31.97794624396968,50.137835975189525,28.738800827015854,50.137835975189525,False
REP_00400,CHEMBL1085699,MANIDIPINE 6300,COC(=O)C1=C(C)NC(C)=C(C(=O)OCCN2CCN(C(c3ccccc3)c3ccccc3)CC2)C1c1cccc([N+](=O)[O-])c1,ANEBWFXPVPTEET-UHFFFAOYSA-N,610.71,3.0,,True,False,False,phase_only,,Small molecule,MOL,0.570118,81.53624233681933,True,,O=C(OCCN1CCN(C(c2ccccc2)c2ccccc2)CC1)C1=CNC=CC1c1ccccc1,1537,-7.26363375150796,docked,9DKB,0.104260920337141,docked,7ALV,31.909028256374917,3.239145416953825,2.549965541006205,3.239145416953825,False
REP_06973,CHEMBL522783,AMBRUTICIN,CC[C@H]1O[C@@H](/C(C)=C/[C@H](C)/C=C/[C@H]2[C@@H](C)[C@@H]2/C=C/[C@@H]2O[C@H](CC(=O)O)C[C@H](O)[C@H]2O)CC=C1C,TYIXBSJXUFTELJ-LQJOTGEPSA-N,474.64,2.0,,True,False,False,phase_only,,Small molecule,MOL,0.9166666,85.41892054333454,True,,C(=CC1CC=CCO1)CC=CC1CC1C=CC1CCCCO1,1233,-7.25811942638495,docked,9DKB,-5.50934055750839,docked,7ALV,31.84011026878015,24.017918676774638,73.88008270158511,73.88008270158511,False
REP_07582,CHEMBL1230122,R-1487,Cn1c(=O)c(Oc2ccc(F)cc2F)cc2cnc(NC3CCOCC3)nc21,KKKRKRMVJRHDMG-UHFFFAOYSA-N,388.37,1.0,,True,False,False,phase_only,,Small molecule,MOL,0.58981574,81.72857314581078,True,,O=c1[nH]c2nc(NC3CCOCC3)ncc2cc1Oc1ccccc1,1521,-7.25789153074672,docked,9DKB,-4.91151324521889,docked,7ALV,31.77119228118539,4.34183321847002,59.61405926946933,59.61405926946933,False
REP_01115,CHEMBL4802157,ELINZANETANT,Cc1cc(F)ccc1-c1cc(N2C[C@H]3COCCN3C[C@H]2CO)ncc1N(C)C(=O)C(C)(C)c1cc(C(F)(F)F)cc(C(F)(F)F)c1,DWRIJNIPBUFCQS-DQEYMECFSA-N,668.65,3.0,,True,False,False,phase_only,,Small molecule,MOL,1.0,98.35917778579156,True,,O=C(Cc1ccccc1)Nc1cnc(N2CCN3CCOCC3C2)cc1-c1ccccc1,36,-7.25713919403559,docked,9DKB,-5.04183595294211,docked,7ALV,31.702274293590627,91.38525155065473,62.85320468642316,91.38525155065473,False
REP_07063,CHEMBL5314503,AVENCIGUAT,CCOc1c(C(=O)O)cnn1-c1cccc(-c2cccc(C)c2OCc2ccc3c(c2C)CCN(C2CCOCC2)C3)n1,KWNFFNFBUMFTHK-UHFFFAOYSA-N,582.7,2.0,,True,False,False,phase_only,,Small molecule,MOL,1.0,98.35917778579156,True,,c1cc(-c2ccccc2OCc2ccc3c(c2)CCN(C2CCOCC2)C3)nc(-n2cccn2)c1,167,-7.25168333675697,docked,9DKB,-1.67469090956849,docked,7ALV,31.633356305995864,91.38525155065473,8.132322536181945,91.38525155065473,False
REP_02931,CHEMBL2104513,NILPRAZOLE,CC(C)NC(=O)CN1CCN(Cc2nc3ccccc3n2CCC(=O)c2ccccc2)CC1,GPFJNGJUUKBSLS-UHFFFAOYSA-N,447.58,2.0,,True,False,False,phase_only,,Small molecule,MOL,0.9166667,90.38946988820771,True,,O=C(CCn1c(CN2CCNCC2)nc2ccccc21)c1ccccc1,655,-7.24877698269714,docked,9DKB,-4.21293663117277,docked,7ALV,31.564438318401102,50.137835975189525,42.45348035837354,50.137835975189525,False
REP_01255,CHEMBL70663,DAPIVIRINE,Cc1cc(C)c(Nc2ccnc(Nc3ccc(C#N)cc3)n2)c(C)c1,ILAYIAGXTHKHNT-UHFFFAOYSA-N,329.41,3.0,,True,True,False,primary_atc_phase,,Small molecule,MOL,0.9166667,90.38946988820771,True,,c1ccc(Nc2ccnc(Nc3ccccc3)n2)cc1,890,-7.23791075307662,docked,9DKB,-5.27216367220802,docked,7ALV,31.495520330806336,50.137835975189525,68.91798759476224,68.91798759476224,False
REP_02073,CHEMBL1697829,CEFTEZOLE,O=C(Cn1cnnn1)N[C@@H]1C(=O)N2C(C(=O)O)=C(CSc3nncs3)CS[C@H]12,DZMVCVMFETWNIU-LDYMZIIASA-N,440.49,2.0,,True,False,False,phase_only,,Small molecule,MOL,0.9166667,90.38946988820771,True,,O=C(Cn1cnnn1)NC1C(=O)N2C=C(CSc3nncs3)CSC12,581,-7.23297064581227,docked,9DKB,-3.68905475085888,docked,7ALV,31.426602343211574,50.137835975189525,31.495520330806336,50.137835975189525,False
REP_07977,CHEMBL429844,ORE-1001,CC(C)C[C@H](N[C@@H](Cc1cncn1Cc1cc(Cl)cc(Cl)c1)C(=O)O)C(=O)O,NTCCRGGIJNDEAB-IRXDYDNUSA-N,428.32,1.0,,True,False,False,phase_only,,Small molecule,MOL,0.91666675,95.30592619305204,True,,c1ccc(Cn2ccnc2)cc1,367,-7.23202510107389,docked,9DKB,-4.43262876172173,docked,7ALV,31.35768435561681,75.63749138525155,48.03583735354927,75.63749138525155,False
REP_01143,CHEMBL506981,REMINERTANT,COc1cccc(OC)c1-c1cc(C(=O)NC2(C(=O)O)C3CC4CC(C3)CC2C4)nn1-c1ccnc2cc(Cl)ccc12,DYLJVOXRWLXDIG-UHFFFAOYSA-N,587.08,3.0,,True,False,False,phase_only,,Small molecule,MOL,0.9166667,90.38946988820771,True,,O=C(NC1C2CC3CC(C2)CC1C3)c1cc(-c2ccccc2)n(-c2ccnc3ccccc23)n1,544,-7.23199940504545,docked,9DKB,-3.95225239778768,docked,7ALV,31.28876636802206,50.137835975189525,36.73328738800827,50.137835975189525,False
REP_05588,CHEMBL3301614,TOREFORANT TARTRATE,Cc1cc(C)c2nc(-c3cnc(NCCCC4CCN(C)CC4)nc3C)[nH]c2c1.Cc1cc(C)c2nc(-c3cnc(NCCCC4CCN(C)CC4)nc3C)[nH]c2c1,CURFSCGLRVHMET-UHFFFAOYSA-N,785.1,2.0,,True,False,False,phase_only,,Small molecule,MOL,0.9166666,85.41892054333454,True,,c1ccc2[nH]c(-c3cnc(NCCCC4CCNCC4)nc3)nc2c1.c1ccc2[nH]c(-c3cnc(NCCCC4CCNCC4)nc3)nc2c1,1173,-7.22793329648069,docked,9DKB,-4.50489712773719,docked,7ALV,31.219848380427294,24.017918676774638,50.03445899379738,50.03445899379738,False
REP_05477,CHEMBL3137302,SAROLANER,CS(=O)(=O)CC(=O)N1CC2(C1)OCc1cc(C3=NO[C@@](c4cc(Cl)c(F)c(Cl)c4)(C(F)(F)F)C3)ccc12,FLEFKKUZMDEUIP-QFIPXVFZSA-N,581.37,2.0,,True,False,False,phase_only,,Small molecule,MOL,0.9166667,90.38946988820771,True,,c1ccc(C2CC(c3ccc4c(c3)COC43CNC3)=NO2)cc1,771,-7.22656538883048,docked,9DKB,-3.42199212012298,docked,7ALV,31.15093039283253,50.137835975189525,26.533425223983464,50.137835975189525,False
REP_07933,CHEMBL4297350,ASP-4058,C[C@H](Oc1ccc(-c2nc(-c3ccc4[nH]cnc4c3)no2)cc1C(F)(F)F)C(F)(F)F,NJNXCJPSMWKXHO-VIFPVBQESA-N,442.32,1.0,,True,False,False,phase_only,,Small molecule,MOL,0.9166667,90.38946988820771,True,,c1ccc(-c2nc(-c3ccc4[nH]cnc4c3)no2)cc1,811,-7.21871741861064,docked,9DKB,-4.99474929220445,docked,7ALV,31.08201240523777,50.137835975189525,61.33700895933838,61.33700895933838,False
REP_00853,CHEMBL3545043,ASAPIPRANT,CC(C)Oc1ccc(S(=O)(=O)N2CCN(c3ccc(-c4ncco4)c(OCC(=O)O)c3)CC2)cc1,ZMZNWNTZRWXTJU-UHFFFAOYSA-N,501.56,3.0,,True,False,False,phase_only,,Small molecule,MOL,1.0,98.35917778579156,True,,O=S(=O)(c1ccccc1)N1CCN(c2ccc(-c3ncco3)cc2)CC1,191,-7.2159999002483,docked,9DKB,-5.52572231026168,docked,7ALV,31.013094417643007,91.38525155065473,74.0868366643694,91.38525155065473,False
REP_06327,CHEMBL4297333,VB-201,CCCCCCCCCCCCCCCCOC[C@H](COP(=O)([O-])OCC[N+](C)(C)C)OCCCCC(=O)O,JGGNOCUEWOGWPL-MUUNZHRXSA-N,581.77,2.0,,True,False,False,phase_only,,Small molecule,MOL,0.9166666,85.41892054333454,True,,,1197,-7.20600362171948,docked,9DKB,-6.00383371469773,docked,7ALV,30.94417643004824,24.017918676774638,82.8394210889042,82.8394210889042,False
REP_07854,CHEMBL3892052,ONO-7579,CS(=O)(=O)c1ccc(C(F)(F)F)cc1NC(=O)Nc1cnc(Oc2ccc(-c3cc(Cl)cnc3N)cc2)nc1,GYPOVJZOMXEUDO-UHFFFAOYSA-N,578.96,1.0,,True,False,False,phase_only,,Small molecule,MOL,1.0,98.35917778579156,True,,O=C(Nc1ccccc1)Nc1cnc(Oc2ccc(-c3cccnc3)cc2)nc1,186,-7.2043194022266,docked,9DKB,-2.42256068834906,docked,7ALV,30.87525844245348,91.38525155065473,13.57684355616816,91.38525155065473,False
REP_05575,CHEMBL3287218,PF-5190457,Cc1cc(-c2ccc3c(c2)CC[C@H]3N2CC3(CCN(C(=O)Cc4cn5cc(C)sc5n4)CC3)C2)ncn1,ZIUDADZJCKGWKR-AREMUKBSSA-N,512.68,2.0,,True,False,False,phase_only,,Small molecule,MOL,0.9166667,90.38946988820771,True,,O=C(Cc1cn2ccsc2n1)N1CCC2(CC1)CN(C1CCc3cc(-c4ccncn4)ccc31)C2,697,-7.20395573517089,docked,9DKB,-0.739301643924758,docked,7ALV,30.806340454858717,50.137835975189525,4.3418332184700255,50.137835975189525,False
REP_00008,CHEMBL107,COLCHICINE,COc1cc2c(c(OC)c1OC)-c1ccc(OC)c(=O)cc1[C@@H](NC(C)=O)CC2,IAKHMKGGTNLKSZ-INIZCTEOSA-N,399.44,4.0,,False,True,True,primary_atc_phase,,Small molecule,MOL,0.9166667,90.38946988820771,True,,O=c1cccc2c(c1)CCCc1ccccc1-2,1038,-7.19057461011561,docked,9DKB,-3.46669676950796,docked,7ALV,30.737422467263954,50.137835975189525,27.15368711233632,50.137835975189525,False
REP_07206,CHEMBL575448,BMS-754807,C[C@@]1(C(=O)Nc2ccc(F)nc2)CCCN1c1nc(Nc2cc(C3CC3)n[nH]2)c2cccn2n1,LQVXSNNAFNGRAH-QHCPKHFHSA-N,461.51,2.0,,True,False,False,phase_only,,Small molecule,MOL,0.9166667,90.38946988820771,True,,O=C(Nc1cccnc1)C1CCCN1c1nc(Nc2cc(C3CC3)n[nH]2)c2cccn2n1,571,-7.18283973092769,docked,9DKB,-4.07300358939942,docked,7ALV,30.66850447966919,50.137835975189525,39.28325292901448,50.137835975189525,False
REP_02896,CHEMBL2104454,DROCINONIDE,CC1(C)O[C@@H]2C[C@H]3[C@@H]4CC[C@H]5CC(=O)CC[C@]5(C)[C@@]4(F)[C@@H](O)C[C@]3(C)[C@]2(C(=O)CO)O1,GZBONOYGBJSTHF-QLRNAMTQSA-N,438.54,2.0,,True,False,False,phase_only,,Small molecule,MOL,0.5151019,80.99531193653084,True,,O=C1CCC2C(CCC3C2CCC2C3CC3OCOC32)C1,1582,-7.17304830705724,docked,9DKB,-2.75382763633583,docked,7ALV,30.599586492074426,0.4824259131633356,17.022742935906276,17.022742935906276,False
REP_08133,CHEMBL5095190,ODM-207,COc1cc2c(cc1-c1c(C)noc1C)cc(C)c(=O)n2Cc1ccccn1,YVGWSVHZXWFLIT-UHFFFAOYSA-N,375.43,1.0,,True,False,False,phase_only,,Small molecule,MOL,0.5717424,81.56028368794325,True,,O=c1ccc2cc(-c3cnoc3)ccc2n1Cc1ccccn1,1535,-7.16653700059581,docked,9DKB,-2.40874307876449,docked,7ALV,30.530668504479674,3.3769813921433496,13.439007580978634,13.439007580978634,False
REP_03995,CHEMBL2106423,MECLORISONE DIBUTYRATE,CCCC(=O)OCC(=O)[C@@]1(OC(=O)CCC)[C@H](C)C[C@H]2[C@@H]3CCC4=CC(=O)C=C[C@]4(C)[C@@]3(Cl)[C@@H](Cl)C[C@@]21C,HUXCOHMTWUSXGY-GAPIFECDSA-N,567.55,2.0,,True,False,False,phase_only,,Small molecule,MOL,0.57485044,81.59634571462917,True,,O=C1C=CC2C(=C1)CCC1C3CCCC3CCC21,1532,-7.16302889280379,docked,9DKB,-4.63471296446946,docked,7ALV,30.461750516884912,3.5837353549276365,53.273604410751204,53.273604410751204,False
REP_02386,CHEMBL1947204,ALLITINIB,C=CC(=O)Nc1ccc2ncnc(Nc3ccc(OCc4cccc(F)c4)c(Cl)c3)c2c1,MVZGYPSXNDCANY-UHFFFAOYSA-N,448.89,2.0,,True,False,False,phase_only,,Small molecule,MOL,0.9166667,90.38946988820771,True,,c1ccc(COc2ccc(Nc3ncnc4ccccc34)cc2)cc1,1090,-7.15942488870427,docked,9DKB,-4.19825941673838,docked,7ALV,30.392832529290146,50.137835975189525,41.9710544452102,50.137835975189525,False
REP_03025,CHEMBL2104643,AMINOPTERIN SODIUM,Nc1nc(N)c2nc(CNc3ccc(C(=O)N[C@@H](CCC(=O)[O-])C(=O)[O-])cc3)cnc2n1,TVZGACDUOSZQKY-LBPRGKRZSA-L,438.4,2.0,,True,False,False,phase_only,,Small molecule,MOL,0.7460674,82.94266137756942,True,,c1ccc(NCc2cnc3ncncc3n2)cc1,1420,-7.15721541726043,docked,9DKB,-4.61082638871397,docked,7ALV,30.323914541695384,10.889042039972432,52.136457615437635,52.136457615437635,False
REP_07141,CHEMBL5316168,LOMECITINIB,CNC(=O)c1nnc(NC(=O)[C@@H]2CC23CC3)cc1Nc1ncccc1S(C)(=O)=O,VWIVBQZLVAGLMH-JTQLQIEISA-N,416.46,2.0,,True,False,False,phase_only,,Small molecule,MOL,0.9166667,90.38946988820771,True,,O=C(Nc1cc(Nc2ccccn2)cnn1)C1CC12CC2,560,-7.15429771595773,docked,9DKB,-4.00169613897005,docked,7ALV,30.25499655410062,50.137835975189525,37.7670572019297,50.137835975189525,False
REP_04356,CHEMBL2107112,TIXOCORTOL PIVALATE,CC(C)(C)C(=O)SCC(=O)[C@@]1(O)CC[C@H]2[C@@H]3CCC4=CC(=O)CC[C@]4(C)[C@H]3[C@@H](O)C[C@@]21C,BISFDZNIUZIKJD-XDANTLIUSA-N,462.65,2.0,,True,True,False,atc_only,,Small molecule,MOL,0.5888498,81.70453179468686,True,,O=C1C=C2CCC3C4CCCC4CCC3C2CC1,1523,-7.15352124705093,docked,9DKB,-5.12438128616627,docked,7ALV,30.18607856650586,4.203997243280496,65.47208821502413,65.47208821502413,False
REP_01494,CHEMBL1210954,BALOFLOXACIN,CNC1CCCN(c2c(F)cc3c(=O)c(C(=O)O)cn(C4CC4)c3c2OC)C1,MGQLHRYJBWGORO-UHFFFAOYSA-N,389.43,2.0,,True,False,False,phase_only,,Small molecule,MOL,0.9166666,85.41892054333454,True,,O=c1ccn(C2CC2)c2cc(N3CCCCC3)ccc12,1220,-7.14141503158652,docked,9DKB,-3.72155974503952,docked,7ALV,30.117160578911097,24.017918676774638,32.11578221915921,32.11578221915921,False
REP_05331,CHEMBL287542,RAFOXANIDE,O=C(Nc1ccc(Oc2ccc(Cl)cc2)c(Cl)c1)c1cc(I)cc(I)c1O,NEMNPWINWMHUMR-UHFFFAOYSA-N,626.02,2.0,,True,False,False,phase_only,,Small molecule,MOL,0.9166667,90.38946988820771,True,,O=C(Nc1ccc(Oc2ccccc2)cc1)c1ccccc1,783,-7.12579646654984,docked,9DKB,-6.65558482184293,docked,7ALV,30.04824259131633,50.137835975189525,91.45416953824949,91.45416953824949,False
REP_07249,CHEMBL5944803,FRESPACIGUAT,C[C@@]1(c2ccc(CCC(=O)O)cc2)C(=O)Nc2nc(-c3nn(CCC(F)(F)C(F)(F)F)c4cc(Cl)ccc34)nc(N)c21,BAFUFNSAYGCZIC-VWLOTQADSA-N,608.95,2.0,,True,False,False,phase_only,,Small molecule,MOL,0.5274919,81.09147734102656,True,,O=C1Nc2nc(-c3n[nH]c4ccccc34)ncc2C1c1ccccc1,1574,-7.12496393574033,docked,9DKB,-0.934881303839864,docked,7ALV,29.97932460372157,1.0337698139214335,4.89317711922812,4.89317711922812,False
REP_00336,CHEMBL611,TERAZOSIN,COc1cc2nc(N3CCN(C(=O)C4CCCO4)CC3)nc(N)c2cc1OC,VCKUSRYTPJJLNI-UHFFFAOYSA-N,387.44,4.0,,False,True,True,primary_atc_phase,,Small molecule,MOL,0.9166666,85.41892054333454,True,,O=C(C1CCCO1)N1CCN(c2ncc3ccccc3n2)CC1,1169,-7.11901045222819,docked,9DKB,-3.46584923917372,docked,7ALV,29.910406616126807,24.017918676774638,27.08476912474156,27.08476912474156,False
REP_06865,CHEMBL5095087,AMELENODOR,Cc1cccc(Oc2cc(Oc3cccc(C)n3)cc(Oc3cccc(C)n3)c2)n1,OPUQKVNCXCWRLR-UHFFFAOYSA-N,399.45,2.0,,True,False,False,phase_only,,Small molecule,MOL,0.9166667,90.38946988820771,True,,c1ccc(Oc2cc(Oc3ccccn3)cc(Oc3ccccn3)c2)nc1,963,-7.10332884130187,docked,9DKB,-0.499045442677245,docked,7ALV,29.84148862853204,50.137835975189525,3.99724328049621,50.137835975189525,False
REP_05539,CHEMBL3221237,MK-0773,CN1C(=O)C(F)=C[C@]2(C)[C@H]3CC[C@]4(C)[C@@H](C(=O)NCc5nc6cccnc6[nH]5)CC[C@H]4[C@@H]3CC[C@@H]12,GBEUKTWTUSPHEE-JWJWXJQQSA-N,479.6,2.0,,True,False,False,phase_only,,Small molecule,MOL,0.9166667,90.38946988820771,True,,O=C1C=CC2C(CCC3C2CCC2C(C(=O)NCc4nc5cccnc5[nH]4)CCC23)N1,715,-7.09965604709081,docked,9DKB,-3.97444110169243,docked,7ALV,29.77257064093728,50.137835975189525,37.14679531357684,50.137835975189525,False
REP_06952,CHEMBL5173264,INE-963,COc1nc(C(C)C)ccc1-c1cnc2sc(N3CCC(O)(CN)CC3)nn12,JYHSRMKXBAPFST-UHFFFAOYSA-N,402.52,2.0,,True,False,False,phase_only,,Small molecule,MOL,1.0,98.35917778579156,True,,c1cncc(-c2cnc3sc(N4CCCCC4)nn23)c1,228,-7.09913415584075,docked,9DKB,-5.81756177426431,docked,7ALV,29.703652653342527,91.38525155065473,79.87594762232942,91.38525155065473,False
REP_02064,CHEMBL1697784,BETAMETHASONE ACIBUTATE,CC(=O)OCC(=O)[C@@]1(OC(=O)C(C)C)[C@@H](C)C[C@H]2[C@@H]3CCC4=CC(=O)C=C[C@]4(C)[C@@]3(F)[C@@H](O)C[C@@]21C,KGNVBESWWSSQAN-QEVRMTOFSA-N,504.6,2.0,,True,False,False,phase_only,,Small molecule,MOL,0.9166666,85.41892054333454,True,,O=C1C=CC2C(=C1)CCC1C3CCCC3CCC21,1255,-7.08561067068034,docked,9DKB,-4.10554979118114,docked,7ALV,29.634734665747764,24.017918676774638,40.04135079255686,40.04135079255686,False
REP_06924,CHEMBL5095260,CAMONSERTIB,C[C@@H]1COCCN1c1cc([C@]2(O)C[C@H]3CC[C@@H](C2)O3)c2cnn(-c3cc[nH]n3)c2n1,YIHHYCIYAIVQKX-MBIULKOWSA-N,410.48,2.0,,True,False,False,phase_only,,Small molecule,MOL,0.9166666,85.41892054333454,True,,c1cc(-n2ncc3c(C4CC5CCC(C4)O5)cc(N4CCOCC4)nc32)n[nH]1,1191,-7.08537879211598,docked,9DKB,-3.56072081606136,docked,7ALV,29.565816678153002,24.017918676774638,29.15230875258442,29.15230875258442,False
REP_08142,CHEMBL5095219,AZD-5122,C[C@@H](Nc1cc(NS(=O)(=O)N2CCC2)nc(SCc2cccc(F)c2F)n1)[C@@H](O)CO,QVKPEMXUBULFBM-RISCZKNCSA-N,475.54,1.0,,True,False,False,phase_only,,Small molecule,MOL,0.9166667,90.38946988820771,True,,O=S(=O)(Nc1ccnc(SCc2ccccc2)n1)N1CCC1,1060,-7.0828435573367,docked,9DKB,-7.41271372175448,docked,7ALV,29.496898690558236,50.137835975189525,96.0027567195038,96.0027567195038,False
REP_05377,CHEMBL29609,PLECONARIL,Cc1cc(CCCOc2c(C)cc(-c3noc(C(F)(F)F)n3)cc2C)on1,KQOXLKOJHVFTRN-UHFFFAOYSA-N,381.35,2.0,,True,False,False,phase_only,,Small molecule,MOL,0.9166667,90.38946988820771,True,,c1cc(CCCOc2ccc(-c3ncon3)cc2)on1,786,-7.08016930341216,docked,9DKB,-4.21161210460377,docked,7ALV,29.427980702963474,50.137835975189525,42.38456237077878,50.137835975189525,False
REP_03638,CHEMBL2105536,SULFACECOLE,CCOCC(=O)Nc1ccc(S(=O)(=O)Nc2cc(C)on2)cc1,HZSKRKPZUQECIE-UHFFFAOYSA-N,339.37,2.0,,True,False,False,phase_only,,Small molecule,MOL,0.9166666,85.41892054333454,True,,O=S(=O)(Nc1ccon1)c1ccccc1,1207,-7.07385424802975,docked,9DKB,-6.0031993611278,docked,7ALV,29.35906271536871,24.017918676774638,82.77050310130944,82.77050310130944,False
REP_05541,CHEMBL322832,LEXIPAFANT,CCOC(=O)[C@H](CC(C)C)N(C)S(=O)(=O)c1ccc(Cn2c(C)nc3cnccc32)cc1,AQRXDPFOYJSPMP-QFIPXVFZSA-N,458.58,2.0,,True,False,False,phase_only,,Small molecule,MOL,0.5623345,81.46411828344753,True,,c1ccc(Cn2cnc3cnccc32)cc1,1543,-7.07143157426128,docked,9DKB,-4.2041888257677,docked,7ALV,29.29014472777395,2.894555478980014,42.108890420399725,42.108890420399725,False
REP_08201,CHEMBL5314954,ALTEMINOSTAT,CN1CCN(C(=O)N(CCCCCCC(=O)NO)c2ccc(-c3ccc4cnn(C)c4c3)cc2)CC1,YEQGPOVCXMZUBT-UHFFFAOYSA-N,492.62,1.0,,True,False,False,phase_only,,Small molecule,MOL,0.9166667,90.38946988820771,True,,O=C(Nc1ccc(-c2ccc3cn[nH]c3c2)cc1)N1CCNCC1,1094,-7.06855107915095,docked,9DKB,-4.64174024220777,docked,7ALV,29.221226740179183,50.137835975189525,53.48035837353549,53.48035837353549,False
REP_01814,CHEMBL1473252,SODIUM TANSHINONE IIA SULFONATE,Cc1c(S(=O)(=O)[O-])oc2c1C(=O)C(=O)c1c-2ccc2c1CCCC2(C)C,UJCACMLMPLLRGW-UHFFFAOYSA-M,373.41,2.0,,True,False,False,phase_only,,Small molecule,MOL,1.0,98.35917778579156,True,,O=C1C(=O)c2c(ccc3c2CCCC3)-c2occc21,226,-7.06539423512568,docked,9DKB,-5.27132879844295,docked,7ALV,29.15230875258442,91.38525155065473,68.81461061337009,91.38525155065473,False
REP_06649,CHEMBL4650332,ETAVOPIVAT,O=C([C@H](CO)c1ccccc1)N1CC2=C(C1)CN(S(=O)(=O)c1cnc3c(c1)OCCO3)C2,KZFFYEPYCVDOGE-LJQANCHMSA-N,457.51,2.0,,True,False,False,phase_only,,Small molecule,MOL,0.9166667,90.38946988820771,True,,O=C(Cc1ccccc1)N1CC2=C(C1)CN(S(=O)(=O)c1cnc3c(c1)OCCO3)C2,546,-7.06353292769713,docked,9DKB,-3.12994547159448,docked,7ALV,29.08339076498966,50.137835975189525,22.2605099931082,50.137835975189525,False
REP_02364,CHEMBL1910936,MK3207,O=C(CN1C(=O)C2(CCCC2)NC[C@H]1c1cc(F)cc(F)c1)Nc1ccc2c(c1)C[C@@]1(C2)C(=O)Nc2ncccc21,AZAANWYREOQRFB-SETSBSEESA-N,557.6,2.0,,True,False,False,phase_only,,Small molecule,MOL,1.0,98.35917778579156,True,,O=C(CN1C(=O)C2(CCCC2)NCC1c1ccccc1)Nc1ccc2c(c1)CC1(C2)C(=O)Nc2ncccc21,216,-7.06313835255372,docked,9DKB,0.312721982644954,docked,7ALV,29.014472777394896,91.38525155065473,2.205375603032389,91.38525155065473,False
REP_06896,CHEMBL5095198,TILDACERFONT,CCC(CC)c1cc(C)nc2c(-c3nc(N4CCOCC4)sc3Cl)c(C)nn12,CLKXPWDYEYIPFS-UHFFFAOYSA-N,419.98,2.0,,True,False,False,phase_only,,Small molecule,MOL,0.9166667,90.38946988820771,True,,c1cnc2c(-c3csc(N4CCOCC4)n3)cnn2c1,819,-7.06235364915729,docked,9DKB,-6.27440595326875,docked,7ALV,28.94555478980014,50.137835975189525,86.90558235699517,86.90558235699517,False
REP_00921,CHEMBL3989926,SITRAVATINIB,COCCNCc1ccc(-c2cc3nccc(Oc4ccc(NC(=O)C5(C(=O)Nc6ccc(F)cc6)CC5)cc4F)c3s2)nc1,WLAVZAAODLTUSW-UHFFFAOYSA-N,629.69,3.0,,True,False,False,phase_only,,Small molecule,MOL,0.9166667,90.38946988820771,True,,O=C(Nc1ccccc1)C1(C(=O)Nc2ccc(Oc3ccnc4cc(-c5ccccn5)sc34)cc2)CC1,888,-7.05909807479072,docked,9DKB,-3.94704272958931,docked,7ALV,28.87663680220538,50.137835975189525,36.388697450034456,50.137835975189525,False
REP_07902,CHEMBL4212692,XP-102,CCCS(=O)(=O)Nc1ccc(F)c(-n2cc(-c3cncnc3)c3nc(N(C)C4CCN(CC)CC4)ccc32)c1F,AEJACXAFHXBVHF-UHFFFAOYSA-N,569.68,1.0,,True,False,False,phase_only,,Small molecule,MOL,0.9166667,90.38946988820771,True,,c1ccc(-n2cc(-c3cncnc3)c3nc(NC4CCNCC4)ccc32)cc1,921,-7.05833404504507,docked,9DKB,-5.60936307146273,docked,7ALV,28.807718814610617,50.137835975189525,76.0854583046175,76.0854583046175,False
REP_02709,CHEMBL2104159,BROMOXANIDE,Cc1c([N+](=O)[O-])cc(C(C)(C)C)c(O)c1C(=O)Nc1ccc(Br)cc1C(F)(F)F,WRPRKPMHLLGGIZ-UHFFFAOYSA-N,475.26,2.0,,True,False,False,phase_only,,Small molecule,MOL,0.9166666,85.41892054333454,True,,O=C(Nc1ccccc1)c1ccccc1,1228,-7.04634116357352,docked,9DKB,-5.98892685245364,docked,7ALV,28.738800827015854,24.017918676774638,82.56374913852515,82.56374913852515,False
REP_01568,CHEMBL1237124,MECLOCYCLINE,C=C1c2c(Cl)ccc(O)c2C(=O)C2=C(O)[C@]3(O)C(=O)C(C(N)=O)=C(O)[C@@H](N(C)C)[C@@H]3[C@@H](O)[C@H]12,GGQJXCQBBONZFX-IWVLMIASSA-N,476.87,2.0,,True,False,False,phase_only,,Small molecule,MOL,0.9166667,90.38946988820771,True,,C=C1c2ccccc2C(=O)C2=CC3C(=O)C=CCC3CC12,566,-7.04266418076798,docked,9DKB,-5.71974773227025,docked,7ALV,28.669882839421092,50.137835975189525,78.49758787043419,78.49758787043419,False
REP_06344,CHEMBL4297392,IOWH-032,O=C(NCc1ccc(Oc2ccccc2)cc1)c1nc(-c2cc(Br)c(O)c(Br)c2)no1,DSFNLJXHXBIKDS-UHFFFAOYSA-N,545.19,2.0,,True,False,False,phase_only,,Small molecule,MOL,0.9166667,90.38946988820771,True,,O=C(NCc1ccc(Oc2ccccc2)cc1)c1nc(-c2ccccc2)no1,893,-7.04064435602755,docked,9DKB,-3.33533890090124,docked,7ALV,28.600964851826326,50.137835975189525,24.948311509303934,50.137835975189525,False
REP_07962,CHEMBL4297465,GCC-4401C,O=C(NC[C@H]1CN(c2ccc(N3CCNC=N3)cc2)C(=O)O1)c1ccc(Cl)s1,ZFDKSINSDZTWFU-AWEZNQCLSA-N,419.89,1.0,,True,False,False,phase_only,,Small molecule,MOL,0.9166667,90.38946988820771,True,,O=C(NCC1CN(c2ccc(N3CCNC=N3)cc2)C(=O)O1)c1cccs1,912,-7.0400863565356,docked,9DKB,-4.08814075765853,docked,7ALV,28.532046864231564,50.137835975189525,39.62784286698828,50.137835975189525,False
REP_07344,CHEMBL6068538,ASP-7962,NC(=O)C1CCN(c2ncccc2NC(=O)c2coc(N3CCOCC3)n2)CC1,YAINOXAKUDEPBZ-UHFFFAOYSA-N,400.44,2.0,,True,False,False,phase_only,,Small molecule,MOL,0.9166667,90.38946988820771,True,,O=C(Nc1cccnc1N1CCCCC1)c1coc(N2CCOCC2)n1,637,-7.03138254701163,docked,9DKB,-6.78797505711716,docked,7ALV,28.4631288766368,50.137835975189525,92.41902136457615,92.41902136457615,False
REP_01184,CHEMBL5267842,PALTUSOTINE,N#Cc1cccc(-c2ccc3ncc(-c4cc(F)cc(F)c4)c(N4CCC(N)CC4)c3c2)c1O,GHILNKWBALQPDP-UHFFFAOYSA-N,456.5,3.0,,True,False,False,phase_only,,Small molecule,MOL,0.9166667,90.38946988820771,True,,c1ccc(-c2ccc3ncc(-c4ccccc4)c(N4CCCCC4)c3c2)cc1,1050,-7.03002648999034,docked,9DKB,-2.42646797522079,docked,7ALV,28.394210889042036,50.137835975189525,13.645761543762925,50.137835975189525,False
REP_05883,CHEMBL3813842,PAXALISIB,CC1(C)OCCn2c1nc1c(N3CCOCC3)nc(-c3cnc(N)nc3)nc12,LGWACEZVCMBSKW-UHFFFAOYSA-N,382.43,2.0,,True,False,False,phase_only,,Small molecule,MOL,0.9166666,85.41892054333454,True,,c1ncc(-c2nc(N3CCOCC3)c3nc4n(c3n2)CCOC4)cn1,1155,-7.01949415198745,docked,9DKB,-0.814609540193543,docked,7ALV,28.325292901447273,24.017918676774638,4.548587181254304,24.017918676774638,False
REP_06921,CHEMBL5095257,BEXOTEGRAST,COCCN(CCCCC1=CC=C2CCCN=C2N1)CC[C@H](Nc1ncnc2ccccc12)C(=O)O,CWOFQJBATWQSHL-DEOSSOPVSA-N,492.62,2.0,,True,False,False,phase_only,,Small molecule,MOL,0.9166667,90.38946988820771,True,,C1=C(CCCCNCCCNc2ncnc3ccccc23)NC2=NCCCC2=C1,821,-7.0188905777515,docked,9DKB,-3.65085714835443,docked,7ALV,28.25637491385251,50.137835975189525,30.87525844245348,50.137835975189525,False
REP_04638,CHEMBL2107746,ELOMOTECAN,CC[C@@]1(O)CC(=O)OCc2c1cc1n(c2=O)Cc2c-1nc1cc(Cl)c(C)cc1c2CN1CCC(C)CC1,KAQREZSTQZWNAG-GDLZYMKVSA-N,522.05,2.0,,True,False,False,phase_only,,Small molecule,MOL,0.9166667,90.38946988820771,True,,O=C1CCc2cc3n(c(=O)c2CO1)Cc1c-3nc2ccccc2c1CN1CCCCC1,925,-7.01641968625976,docked,9DKB,-3.87257301732458,docked,7ALV,28.18745692625775,50.137835975189525,35.079255685733976,50.137835975189525,False
REP_07142,CHEMBL532998,BROMOFENOFOS,O=P(O)(O)Oc1c(Br)cc(Br)cc1-c1cc(Br)cc(Br)c1O,MMYHZEDBTMXYAF-UHFFFAOYSA-N,581.77,2.0,,True,False,False,phase_only,,Small molecule,MOL,0.91666675,95.30592619305204,True,,c1ccc(-c2ccccc2)cc1,483,-7.01371538958921,docked,9DKB,-7.10752269047216,docked,7ALV,28.118538938662997,75.63749138525155,94.14197105444521,94.14197105444521,False
REP_07842,CHEMBL3732012,GDC-0134,Nc1ncc(-c2cc(N3C[C@@H]4C[C@H]3CO4)nc(N3CCC(F)(F)C3)n2)cc1OC(F)F,SKMKJBYBPYBDMN-RYUDHWBXSA-N,440.4,1.0,,True,False,False,phase_only,,Small molecule,MOL,0.9166667,90.38946988820771,True,,c1cncc(-c2cc(N3CC4CC3CO4)nc(N3CCCC3)n2)c1,871,-7.01237970722886,docked,9DKB,-3.37502746347321,docked,7ALV,28.04962095106823,50.137835975189525,25.913163335630596,50.137835975189525,False
REP_02647,CHEMBL2104067,CEFAPAROLE,Cc1nnc(SCC2=C(C(=O)O)N3C(=O)[C@@H](NC(=O)[C@H](N)c4ccc(O)cc4)[C@H]3SC2)s1,SBUCDZYLTRYMFG-PBFPGSCMSA-N,493.59,2.0,,True,False,False,phase_only,,Small molecule,MOL,0.9166667,90.38946988820771,True,,O=C(Cc1ccccc1)NC1C(=O)N2C=C(CSc3nncs3)CSC12,941,-7.00683770452005,docked,9DKB,-5.21184137346949,docked,7ALV,27.98070296347347,50.137835975189525,67.3328738800827,67.3328738800827,False
REP_07122,CHEMBL5314924,MK-8189,Cc1ccc([C@H]2C[C@@H]2COc2cc(NCc3nnc(C)s3)nc(C)n2)nc1,WQKPZDLZRFTMTI-CABCVRRESA-N,382.49,2.0,,True,False,False,phase_only,,Small molecule,MOL,0.9166667,90.38946988820771,True,,c1ccc(C2CC2COc2cc(NCc3nncs3)ncn2)nc1,633,-6.99884356152266,docked,9DKB,-4.4474014664318,docked,7ALV,27.911784975878707,50.137835975189525,48.518263266712616,50.137835975189525,False
REP_01054,CHEMBL4483575,REMIBRUTINIB,C=CC(=O)N(C)CCOc1c(N)ncnc1-c1cc(F)cc(NC(=O)c2ccc(C3CC3)cc2F)c1C,CUABMPOJOBCXJI-UHFFFAOYSA-N,507.54,3.0,,True,False,False,phase_only,,Small molecule,MOL,1.0,98.35917778579156,True,,O=C(Nc1cccc(-c2ccncn2)c1)c1ccc(C2CC2)cc1,60,-6.99349072248905,docked,9DKB,-4.76569563509933,docked,7ALV,27.842866988283944,91.38525155065473,56.71950379048931,91.38525155065473,False
REP_04635,CHEMBL2107732,BAMIRASTINE,CC(C)(C(=O)O)c1cn2nc(NCCCN3CCC(OC(c4ccccc4)c4ccccc4)CC3)ccc2n1,WTBRUSNNZKWTMI-UHFFFAOYSA-N,527.67,2.0,,True,False,False,phase_only,,Small molecule,MOL,0.9166667,90.38946988820771,True,,c1ccc(C(OC2CCN(CCCNc3ccc4nccn4n3)CC2)c2ccccc2)cc1,928,-6.99035871630001,docked,9DKB,-2.76755079090947,docked,7ALV,27.77394900068918,50.137835975189525,17.16057891109579,50.137835975189525,False
REP_07729,CHEMBL245030,SR-13668,CCOC(=O)c1ccc2[nH]c3c(OC)c4[nH]c5ccc(C(=O)OCC)cc5c4cc3c2c1,BMTPVPNVQOYGAP-UHFFFAOYSA-N,430.46,1.0,,True,False,False,phase_only,,Small molecule,MOL,0.9166666,85.41892054333454,True,,c1ccc2c(c1)[nH]c1cc3[nH]c4ccccc4c3cc12,1138,-6.9877399068303,docked,9DKB,-3.97285390426922,docked,7ALV,27.705031013094416,24.017918676774638,37.07787732598208,37.07787732598208,False
REP_06178,CHEMBL4081588,ZED-1227,CCC(CC)CNC(=O)Cn1cccc(NC(=O)[C@H](CC/C=C/C(=O)OC)NC(=O)c2cncn2C)c1=O,VHGWUSABWIEXKQ-BEBFYNPSSA-N,528.61,2.0,,True,False,False,phase_only,,Small molecule,MOL,0.75710475,83.02680610650319,True,,O=C(CNC(=O)c1cnc[nH]1)Nc1ccc[nH]c1=O,1413,-6.97998727258103,docked,9DKB,-4.50739711587014,docked,7ALV,27.636113025499654,11.302549965541006,50.103376981392145,50.103376981392145,False
REP_06647,CHEMBL4650330,RIMTUZALCAP,Cc1ccn(-c2nc(NC3CCC(F)(F)CC3)cc(N3CCOCC3)n2)n1,OVLIDRAJVMUEMC-UHFFFAOYSA-N,378.43,2.0,,True,False,False,phase_only,,Small molecule,MOL,0.9166667,90.38946988820771,True,,c1cnn(-c2nc(NC3CCCCC3)cc(N3CCOCC3)n2)c1,545,-6.97924812248968,docked,9DKB,-2.83151895861992,docked,7ALV,27.56719503790489,50.137835975189525,17.711922811853896,50.137835975189525,False
REP_06723,CHEMBL4783351,EMAVUSERTIB,Cc1cc(-c2nc(C(=O)Nc3cc4oc(N5CCOCC5)nc4nc3N3CC[C@@H](O)C3)co2)ccn1,SJHNWSAWWOAWJH-MRXNPFEDSA-N,491.51,2.0,,True,False,False,phase_only,,Small molecule,MOL,0.9166667,90.38946988820771,True,,O=C(Nc1cc2oc(N3CCOCC3)nc2nc1N1CCCC1)c1coc(-c2ccncc2)n1,1065,-6.97723843943589,docked,9DKB,-3.8908723980587,docked,7ALV,27.498277050310126,50.137835975189525,35.28600964851827,50.137835975189525,False
REP_04335,CHEMBL2107078,SETIPAFANT,COc1ccc(NC(=O)N2CCc3c(sc4c3C(c3ccccc3Cl)=NCc3nnc(C)n3-4)C2)cc1,DDJKTQDAEYPACV-UHFFFAOYSA-N,519.03,2.0,,True,False,False,phase_only,,Small molecule,MOL,0.76772624,83.17105421324679,True,,O=C(Nc1ccccc1)N1CCc2c(sc3c2C(c2ccccc2)=NCc2nncn2-3)C1,1401,-6.96827273618923,docked,9DKB,-2.67504872416138,docked,7ALV,27.429359062715363,12.06064782908339,15.920055134390076,15.920055134390076,False
REP_00862,CHEMBL3545369,EPACADOSTAT,NS(=O)(=O)NCCNc1nonc1/C(=N/O)Nc1ccc(F)c(Br)c1,FBKMWOJEPMPVTQ-UHFFFAOYSA-N,438.24,3.0,,True,False,False,phase_only,,Small molecule,MOL,0.800658,83.39944704892415,True,,N=C(Nc1ccccc1)c1cnon1,1382,-6.96742170579371,docked,9DKB,-7.33117426659346,docked,7ALV,27.36044107512061,13.232253618194347,95.58924879393523,95.58924879393523,False
REP_07658,CHEMBL2031465,AZD-6703,Cc1ccc(C(=O)NC2CC2)cc1-n1cnc2ccc(N3CCN(C)CC3)cc2c1=O,ZMAZXHICVRYLQN-UHFFFAOYSA-N,417.51,1.0,,True,False,False,phase_only,,Small molecule,MOL,0.9166667,90.38946988820771,True,,O=C(NC1CC1)c1cccc(-n2cnc3ccc(N4CCNCC4)cc3c2=O)c1,716,-6.96290814651611,docked,9DKB,-1.87686870522338,docked,7ALV,27.29152308752585,50.137835975189525,9.303928325292897,50.137835975189525,False
REP_00965,CHEMBL4297183,BALOVAPTAN,CN1Cc2cc(Cl)ccc2-n2c(nnc2[C@H]2CC[C@H](Oc3ccccn3)CC2)C1,GMPZPHGHNDMRKL-RZDIXWSQSA-N,409.92,3.0,,True,False,False,phase_only,,Small molecule,MOL,0.9166666,85.41892054333454,True,,c1ccc(OC2CCC(c3nnc4n3-c3ccccc3CNC4)CC2)nc1,1328,-6.96180344579818,docked,9DKB,-3.87994674311606,docked,7ALV,27.222605099931087,24.017918676774638,35.21709166092351,35.21709166092351,False
REP_07126,CHEMBL5314935,VONAFEXOR,O=C(O)c1cc2c(Cl)c(N3CCN(S(=O)(=O)c4c(Cl)cccc4Cl)CC3)ccc2o1,XLGQSYUNOIJBNR-UHFFFAOYSA-N,489.76,2.0,,True,False,False,phase_only,,Small molecule,MOL,0.63163894,82.05313138598389,True,,O=S(=O)(c1ccccc1)N1CCN(c2ccc3occc3c2)CC1,1494,-6.96117936851284,docked,9DKB,-0.982715399179061,docked,7ALV,27.15368711233632,6.133700895933838,5.1688490696071625,6.133700895933838,False
REP_05088,CHEMBL2349310,AZD-8797,CC(C)C[C@H](CO)Nc1nc(S[C@@H](C)c2ccccc2)nc2nc(N)sc12,ZMQSLMZOWVGBSM-GXTWGEPZSA-N,403.58,2.0,,True,False,False,phase_only,,Small molecule,MOL,1.0,98.35917778579156,True,,c1ccc(CSc2ncc3scnc3n2)cc1,101,-6.95454248559545,docked,9DKB,-4.7273131678789,docked,7ALV,27.08476912474156,91.38525155065473,55.68573397656789,91.38525155065473,False
REP_06130,CHEMBL3989970,MAVELERTINIB,C=CC(=O)N[C@@H]1CN(c2nc(Nc3cn(C)nc3OC)c3ncn(C)c3n2)C[C@H]1F,JYIUNVOCEFIUIU-GHMZBOCLSA-N,415.43,2.0,,True,False,False,phase_only,,Small molecule,MOL,0.9166667,90.38946988820771,True,,c1nc2c(Nc3cn[nH]c3)nc(N3CCCC3)nc2[nH]1,710,-6.95444630156868,docked,9DKB,-2.85115533993081,docked,7ALV,27.015851137146797,50.137835975189525,18.056512749827704,50.137835975189525,False
REP_05621,CHEMBL3357685,ZELENIRSTAT,Cc1c(NS(=O)(=O)c2c(Cl)cc(-c3ccnc(N4CCNCC4)c3)cc2Cl)c(CC(C)C)nn1C,WKTSLVQYGBHNRV-UHFFFAOYSA-N,537.52,2.0,,True,False,False,phase_only,,Small molecule,MOL,0.9166667,90.38946988820771,True,,O=S(=O)(Nc1cn[nH]c1)c1ccc(-c2ccnc(N3CCNCC3)c2)cc1,693,-6.9493795878308,docked,9DKB,-2.55895727821367,docked,7ALV,26.94693314955203,50.137835975189525,14.610613370089599,50.137835975189525,False
REP_01310,CHEMBL107430,NRX195183,CC1(C)CCC(C)(C)c2c1cc(C(=O)Nc1cc(F)c(C(=O)O)c(F)c1)c(O)c2Cl,PNAWUIKCVQSLFG-UHFFFAOYSA-N,437.87,2.0,,True,False,False,phase_only,,Small molecule,MOL,0.9166666,85.41892054333454,True,,O=C(Nc1ccccc1)c1ccc2c(c1)CCCC2,1193,-6.94247837527457,docked,9DKB,-0.833382215660324,docked,7ALV,26.87801516195727,24.017918676774638,4.617505168849068,24.017918676774638,False
REP_07984,CHEMBL4303470,GSK-923295A,CC(C)Oc1ccc(C(=O)N[C@H](CNC(=O)CN(C)C)Cc2ccc(-c3cn4cccc([C@H](C)O)c4n3)cc2)cc1Cl,WHMXDBPHBVLYRC-OFVILXPXSA-N,592.14,1.0,,True,False,False,phase_only,,Small molecule,MOL,0.9166667,90.38946988820771,True,,O=C(NCCc1ccc(-c2cn3ccccc3n2)cc1)c1ccccc1,953,-6.94111990984541,docked,9DKB,-8.37545926262675,docked,7ALV,26.809097174362506,50.137835975189525,98.48380427291524,98.48380427291524,False
REP_07058,CHEMBL5314496,ZELNECIRNON,Cc1nc(N2CC([C@H]3CCCN([C@H]4C[C@](C)(C(=O)O)C4)C3)C2)nc(N[C@H](C)c2ccc(Cl)cc2Cl)c1Cl,ANPSFQZLPNWKHR-BPZFHHOVSA-N,566.96,2.0,,True,False,False,phase_only,,Small molecule,MOL,0.9166667,90.38946988820771,True,,c1ccc(CNc2ccnc(N3CC(C4CCCN(C5CCC5)C4)C3)n2)cc1,776,-6.94017087371054,docked,9DKB,-5.47151276115037,docked,7ALV,26.740179186767744,50.137835975189525,72.50172294968986,72.50172294968986,False
REP_02045,CHEMBL1684984,IZORLISIB,CS(=O)(=O)N1CCc2c(-c3cnc(N)nc3)nc(N3CCOCC3)nc21,JEGHXKRHKHPBJD-UHFFFAOYSA-N,377.43,2.0,,True,False,False,phase_only,,Small molecule,MOL,0.651237,82.23344151941339,True,,c1ncc(-c2nc(N3CCOCC3)nc3c2CCN3)cn1,1479,-6.92771329643285,docked,9DKB,-2.59188318663456,docked,7ALV,26.67126119917298,7.098552722260509,14.955203308063403,14.955203308063403,False
REP_05677,CHEMBL35057,TIOSPIRONE,O=C1CC2(CCCC2)CC(=O)N1CCCCN1CCN(c2nsc3ccccc23)CC1,ZFZPJDFBJFHYIV-UHFFFAOYSA-N,440.61,2.0,,True,False,False,phase_only,,Small molecule,MOL,0.9166666,85.41892054333454,True,,O=C1CC2(CCCC2)CC(=O)N1CCCCN1CCN(c2nsc3ccccc23)CC1,1159,-6.92648029541383,docked,9DKB,-4.87057803539753,docked,7ALV,26.602343211578216,24.017918676774638,59.20055134390076,59.20055134390076,False
REP_07031,CHEMBL5314465,GEMLAPODECT,Cn1ncc(C(=O)N2CCOCC2)c1C(=O)Nc1ccn2nc(-c3ccccc3)nc2c1,MMCSMWHWVGGCGL-UHFFFAOYSA-N,431.46,2.0,,True,False,False,phase_only,,Small molecule,MOL,0.7178614,82.73830989301598,True,,O=C(Nc1ccn2nc(-c3ccccc3)nc2c1)c1[nH]ncc1C(=O)N1CCOCC1,1437,-6.92358863101454,docked,9DKB,-5.48098754999863,docked,7ALV,26.533425223983464,9.786354238456237,72.70847691247415,72.70847691247415,False
REP_07248,CHEMBL5940975,RG6341,Cc1nc2ncn(C)c2c(=O)n1Cc1nc([C@@H]2CO[C@@H](c3ccc(Cl)cc3)C2)no1,FIBJEOLUMVIRIT-DZGCQCFKSA-N,426.86,2.0,,True,False,False,phase_only,,Small molecule,MOL,0.9166667,90.38946988820771,True,,O=c1c2[nH]cnc2ncn1Cc1nc(C2COC(c3ccccc3)C2)no1,613,-6.9217351736225,docked,9DKB,-5.44703663778678,docked,7ALV,26.4645072363887,50.137835975189525,72.01929703652654,72.01929703652654,False
REP_01189,CHEMBL5314430,TINENGOTINIB,Cc1[nH]nc2c1N=C(c1ccccc1Cl)c1cnc(N3CCOCC3)cc1N2,DQFCVOOFMXEPOC-UHFFFAOYSA-N,394.87,3.0,,True,False,False,phase_only,,Small molecule,MOL,0.91666675,95.30592619305204,True,,c1ccc(C2=Nc3c[nH]nc3Nc3cc(N4CCOCC4)ncc32)cc1,451,-6.91996832654845,docked,9DKB,-3.38983127753903,docked,7ALV,26.39558924879394,75.63749138525155,26.25775327360441,75.63749138525155,False
REP_05708,CHEMBL3545155,JI-101,COc1ccc(Br)cc1NC(=O)Nc1cccc2c1ccn2Cc1ccnc(N)c1,ZXBFYBLSJMEBEP-UHFFFAOYSA-N,466.34,2.0,,True,False,False,phase_only,,Small molecule,MOL,0.6636441,82.35364827503305,True,,O=C(Nc1ccccc1)Nc1cccc2c1ccn2Cc1ccncc1,1469,-6.91628670318218,docked,9DKB,-5.56447534297451,docked,7ALV,26.326671261199174,7.71881461061337,75.05168849069608,75.05168849069608,False
REP_07786,CHEMBL3338194,BMS-903452,CS(=O)(=O)c1ccc(-n2cc(Cl)c(OC3CCN(c4ncc(Cl)cn4)CC3)cc2=O)c(F)c1,OGIAVRWXUPYGGC-UHFFFAOYSA-N,513.38,1.0,,True,False,False,phase_only,,Small molecule,MOL,0.9166667,90.38946988820771,True,,O=c1cc(OC2CCN(c3ncccn3)CC2)ccn1-c1ccccc1,756,-6.91095231306274,docked,9DKB,-4.91010808320225,docked,7ALV,26.25775327360441,50.137835975189525,59.54514128187457,59.54514128187457,False
REP_03119,CHEMBL2104764,LUXABENDAZOLE,COC(=O)Nc1nc2cc(OS(=O)(=O)c3ccc(F)cc3)ccc2[nH]1,ZVIDWFUBDDXAJA-UHFFFAOYSA-N,365.34,2.0,,True,False,False,phase_only,,Small molecule,MOL,0.85881174,83.65188123572544,True,,O=S(=O)(Oc1ccc2[nH]cnc2c1)c1ccccc1,1361,-6.89671439194687,docked,9DKB,-5.48895886015221,docked,7ALV,26.18883528600965,14.679531357684356,72.91523087525844,72.91523087525844,False
REP_01702,CHEMBL1364906,LUFENURON,O=C(NC(=O)c1c(F)cccc1F)Nc1cc(Cl)c(OC(F)(F)C(F)C(F)(F)F)cc1Cl,PWPJGUXAGUPAHP-UHFFFAOYSA-N,511.15,2.0,,True,False,False,phase_only,,Small molecule,MOL,0.9166666,85.41892054333454,True,,O=C(NC(=O)c1ccccc1)Nc1ccccc1,1223,-6.89593312192987,docked,9DKB,-6.10343090039319,docked,7ALV,26.119917298414887,24.017918676774638,84.28669882839421,84.28669882839421,False
REP_08100,CHEMBL482967,CYC-116,Cc1nc(N)sc1-c1ccnc(Nc2ccc(N3CCOCC3)cc2)n1,GPSZYOIFQZPWEJ-UHFFFAOYSA-N,368.47,1.0,,True,False,False,phase_only,,Small molecule,MOL,0.91666675,95.30592619305204,True,,c1cc(-c2cncs2)nc(Nc2ccc(N3CCOCC3)cc2)n1,459,-6.89222175049466,docked,9DKB,-3.89541278686427,docked,7ALV,26.05099931082012,75.63749138525155,35.35492763611302,75.63749138525155,False
REP_08003,CHEMBL4526356,ZB-716,C[C@]12CC[C@@H]3c4ccc(B(O)O)cc4C[C@@H](CCCCCCCCC[S+]([O-])CCCC(F)(F)C(F)(F)F)[C@H]3[C@@H]1CC[C@@H]2O,FIAYIYKWRBIBQG-GDWZZRAASA-N,634.6,1.0,,True,False,False,phase_only,,Small molecule,MOL,0.604398,81.9088832792403,True,,c1ccc2c(c1)CCC1C2CCC2CCCC21,1506,-6.88964569554135,docked,9DKB,-5.34098870325732,docked,7ALV,25.98208132322536,5.375603032391455,70.0895933838732,70.0895933838732,False
REP_05932,CHEMBL39373,ANTHRAMYCIN,Cc1ccc2c(c1O)NC(O)C1CC(/C=C/C(N)=O)=CN1C2=O,VGQOVCHZGQWAOI-HWKANZROSA-N,315.33,2.0,,True,False,False,phase_only,,Small molecule,MOL,0.91666675,95.30592619305204,True,,O=C1c2ccccc2NCC2CC=CN12,441,-6.88661261411625,docked,9DKB,-5.44403141160062,docked,7ALV,25.913163335630596,75.63749138525155,71.88146106133702,75.63749138525155,False
REP_01632,CHEMBL1287935,VERUCERFONT,CC[C@H](Nc1cc(C)nc2c(-c3ccc(OC)cc3C)c(C)nn12)c1nc(C)no1,VKHVAUKFLBBZFJ-SFHVURJKSA-N,406.49,2.0,,True,False,False,phase_only,,Small molecule,MOL,1.0,98.35917778579156,True,,c1ccc(-c2cnn3c(NCc4ncno4)ccnc23)cc1,111,-6.87563933729838,docked,9DKB,-3.89587563810757,docked,7ALV,25.844245348035834,91.38525155065473,35.423845623707784,91.38525155065473,False
REP_04497,CHEMBL2107470,TIMELOTEM,CN1CCN2c3cc(F)ccc3C(c3cccs3)=NCC2C1,ICHHTOMWWAMJQP-UHFFFAOYSA-N,315.42,2.0,,True,False,False,phase_only,,Small molecule,MOL,0.9166667,90.38946988820771,True,,c1csc(C2=NCC3CNCCN3c3ccccc32)c1,703,-6.86650194882237,docked,9DKB,-4.29003572906412,docked,7ALV,25.775327360441082,50.137835975189525,44.65885596140593,50.137835975189525,False
REP_00404,CHEMBL1088752,LOSMAPIMOD,Cc1c(F)cc(C(=O)NC2CC2)cc1-c1ccc(C(=O)NCC(C)(C)C)cn1,KKYABQBFGDZVNQ-UHFFFAOYSA-N,383.47,3.0,,True,False,False,phase_only,,Small molecule,MOL,0.9166667,90.38946988820771,True,,O=C(NC1CC1)c1cccc(-c2ccccn2)c1,757,-6.85812865855277,docked,9DKB,-5.25146349273133,docked,7ALV,25.706409372846316,50.137835975189525,68.29772570640938,68.29772570640938,False
REP_01813,CHEMBL1472975,PEROSPIRONE,O=C1[C@H]2CCCC[C@H]2C(=O)N1CCCCN1CCN(c2nsc3ccccc23)CC1,FBVFZWUMDDXLLG-HDICACEKSA-N,426.59,2.0,,True,False,False,phase_only,,Small molecule,MOL,0.9166667,90.38946988820771,True,,O=C1C2CCCCC2C(=O)N1CCCCN1CCN(c2nsc3ccccc23)CC1,837,-6.85667372137479,docked,9DKB,-4.06085493512945,docked,7ALV,25.637491385251554,50.137835975189525,39.07649896623019,50.137835975189525,False
REP_05568,CHEMBL3264610,SEVITERONEL,CC(C)[C@](O)(c1ccc2cc(OC(F)F)c(OC(F)F)cc2c1)c1c[nH]nn1,ZBRAJOQFSNYJMF-SFHVURJKSA-N,399.34,2.0,,True,False,False,phase_only,,Small molecule,MOL,0.9166667,90.38946988820771,True,,c1ccc2cc(Cc3c[nH]nn3)ccc2c1,729,-6.85251968465408,docked,9DKB,-4.25868576198764,docked,7ALV,25.56857339765679,50.137835975189525,43.831840110268786,50.137835975189525,False
REP_03040,CHEMBL2104661,AMEBUCORT,CCCC(=O)O[C@]1(C(=O)COC(C)=O)CC[C@H]2[C@@H]3C[C@H](C)C4=CC(=O)CC[C@]4(C)[C@H]3[C@@H](O)C[C@@]21C,QRRVOCXLQYLNEC-PPJDWOAVSA-N,488.62,2.0,,True,False,False,phase_only,,Small molecule,MOL,0.9166667,90.38946988820771,True,,O=C1C=C2CCC3C4CCCC4CCC3C2CC1,656,-6.84635700132893,docked,9DKB,-3.22347367290856,docked,7ALV,25.499655410062026,50.137835975189525,23.56995175740868,50.137835975189525,False
REP_00287,CHEMBL404520,CHLORTETRACYCLINE,CN(C)[C@@H]1C(O)=C(C(N)=O)C(=O)[C@@]2(O)C(O)=C3C(=O)c4c(O)ccc(Cl)c4[C@@](C)(O)[C@H]3C[C@@H]12,CYDMQBQPVICBEU-XRNKAMNCSA-N,478.89,4.0,,False,True,False,primary_atc_phase,,Small molecule,MOL,0.7426882,82.93064070200745,True,,O=C1C2=CC3C(=O)C=CCC3CC2Cc2ccccc21,1421,-6.84023501946048,docked,9DKB,-4.47344516148144,docked,7ALV,25.430737422467264,10.82012405237767,49.06960716747071,49.06960716747071,False
REP_04449,CHEMBL2107361,PELITREXOL,Cc1cc(C(=O)N[C@@H](CCC(=O)O)C(=O)O)sc1CC[C@@H]1CNc2nc(N)[nH]c(=O)c2C1,QXOPTIPQEVJERB-JQWIXIFHSA-N,463.52,2.0,,True,False,False,phase_only,,Small molecule,MOL,0.9166667,90.38946988820771,True,,O=c1[nH]cnc2c1CC(CCc1cccs1)CN2,705,-6.83626165923552,docked,9DKB,-3.8007199406425,docked,7ALV,25.3618194348725,50.137835975189525,33.63197794624397,50.137835975189525,False
REP_08164,CHEMBL517341,CINOBUFOTALIN,CC(=O)O[C@H]1[C@H]2O[C@]23[C@@H]2CC[C@]4(O)C[C@@H](O)CC[C@]4(C)[C@H]2CC[C@]3(C)[C@H]1c1ccc(=O)oc1,KBKUJJFDSHBPPA-ZNCGZLKOSA-N,458.55,1.0,,True,False,False,phase_only,,Small molecule,MOL,0.9166667,90.38946988820771,True,,O=c1ccc(C2CC3OC34C2CCC2C3CCCCC3CCC24)co1,1086,-6.83037848033888,docked,9DKB,-3.1156983957114,docked,7ALV,25.29290144727774,50.137835975189525,21.915920055134386,50.137835975189525,False
REP_04309,CHEMBL2107040,SALAZOSULFADIMIDINE,Cc1cc(C)nc(NS(=O)(=O)c2ccc(/N=N/c3ccc(O)c(C(=O)O)c3)cc2)n1,DFPJEJKMDZFZHC-GHVJWSGMSA-N,427.44,2.0,,True,False,False,phase_only,,Small molecule,MOL,0.9166667,90.38946988820771,True,,O=S(=O)(Nc1ncccn1)c1ccc(N=Nc2ccccc2)cc1,582,-6.83002241278344,docked,9DKB,-6.56478130158798,docked,7ALV,25.223983459682977,50.137835975189525,90.42039972432805,90.42039972432805,False
REP_00762,CHEMBL250270,LERCANIDIPINE,COC(=O)C1=C(C)NC(C)=C(C(=O)OC(C)(C)CN(C)CCC(c2ccccc2)c2ccccc2)C1c1cccc([N+](=O)[O-])c1,ZDXUKAKRHYTAKV-UHFFFAOYSA-N,611.74,3.0,,True,False,False,phase_only,,Small molecule,MOL,0.91666675,95.30592619305204,True,,O=C(OCCNCCC(c1ccccc1)c1ccccc1)C1=CNC=CC1c1ccccc1,438,-6.8248794569405,docked,9DKB,-0.255627873595471,docked,7ALV,25.15506547208821,75.63749138525155,3.4458993797381154,75.63749138525155,False
REP_00973,CHEMBL4297289,BOMEDEMSTAT,CN1CCN(C(=O)[C@H](CCCN[C@@H]2C[C@H]2c2ccc(F)cc2)NC(=O)c2ccc(-n3ccnn3)cc2)CC1,KQKBMHGOHXOHTD-KKUQBAQOSA-N,519.63,3.0,,True,False,False,phase_only,,Small molecule,MOL,0.9166667,90.38946988820771,True,,O=C(NC(CCCNC1CC1c1ccccc1)C(=O)N1CCNCC1)c1ccc(-n2ccnn2)cc1,981,-6.81912634688075,docked,9DKB,-4.6141498412302,docked,7ALV,25.08614748449345,50.137835975189525,52.3776705720193,52.3776705720193,False
REP_07614,CHEMBL1645462,AC-480,Cc1c(NC(=O)OC[C@@H]2COCCN2)cn2ncnc(Nc3ccc4c(cnn4Cc4cccc(F)c4)c3)c12,LUJZZYWHBDHDQX-QFIPXVFZSA-N,530.56,1.0,,True,False,False,phase_only,,Small molecule,MOL,0.91666675,95.30592619305204,True,,O=C(Nc1cc2c(Nc3ccc4c(cnn4Cc4ccccc4)c3)ncnn2c1)OCC1COCCN1,377,-6.80302834075088,docked,9DKB,-5.09180128507879,docked,7ALV,25.017229496898686,75.63749138525155,64.64507236388697,75.63749138525155,False
REP_07592,CHEMBL1258517,PKI-179,O=C(Nc1ccncc1)Nc1ccc(-c2nc(N3CCOCC3)nc(N3C4CCC3COC4)n2)cc1,WXUUCRLKXQMWRY-UHFFFAOYSA-N,488.55,1.0,,True,False,False,phase_only,,Small molecule,MOL,1.0,98.35917778579156,True,,O=C(Nc1ccncc1)Nc1ccc(-c2nc(N3CCOCC3)nc(N3C4CCC3COC4)n2)cc1,117,-6.80139606385032,docked,9DKB,-2.94724784171024,docked,7ALV,24.948311509303934,91.38525155065473,19.917298414886286,91.38525155065473,False
REP_07118,CHEMBL5314631,LOTIGLIPRON,C[C@]1(c2ccc(Cl)cn2)Oc2cccc(C3CCN(Cc4nc5ccc(C(=O)O)cc5n4C[C@@H]4CCO4)CC3)c2O1,SVPYZAJTWFQTSM-UGDMGKLASA-N,575.07,2.0,,True,False,False,phase_only,,Small molecule,MOL,0.91666675,95.30592619305204,True,,c1ccc(C2Oc3cccc(C4CCN(Cc5nc6ccccc6n5CC5CCO5)CC4)c3O2)nc1,421,-6.79661836335019,docked,9DKB,-2.88269954945654,docked,7ALV,24.87939352170917,75.63749138525155,18.332184700206756,75.63749138525155,False
REP_02091,CHEMBL169896,OSI-7904,Cc1nc2ccc3ccc(CNc4ccc5c(c4)CN([C@@H](CCC(=O)O)C(=O)O)C5=O)cc3c2c(=O)[nH]1,BRVFNEZMTRVUGW-QFIPXVFZSA-N,500.51,2.0,,True,False,False,phase_only,,Small molecule,MOL,0.9166667,90.38946988820771,True,,O=C1NCc2cc(NCc3ccc4ccc5nc[nH]c(=O)c5c4c3)ccc21,676,-6.79233149833644,docked,9DKB,-4.35243412708871,docked,7ALV,24.810475534114406,50.137835975189525,46.03721571330117,50.137835975189525,False
REP_07117,CHEMBL5314629,EMZADIRIB,CC(C)OC(=O)Nc1ccc(-c2cnc([C@H]3CC[C@H](NC(=O)OC(C)C)CC3)s2)c(S(=O)(=O)NC(C)(C)C)c1,OVXFEICGTUUFPE-WGSAOQKQSA-N,580.77,2.0,,True,False,False,phase_only,,Small molecule,MOL,1.0,98.35917778579156,True,,c1ccc(-c2cnc(C3CCCCC3)s2)cc1,104,-6.79159255300961,docked,9DKB,-4.67738302537385,docked,7ALV,24.741557546519644,91.38525155065473,54.789800137835975,91.38525155065473,False
REP_06263,CHEMBL4291684,TAMBICICLIB,COC[C@@H](C)N[C@H]1CC[C@H](Nc2cc(-c3csc(NCC4(C#N)CCOCC4)n3)c(Cl)cn2)CC1,PGVNLOUNSPQGJP-GUDVDZBRSA-N,519.12,2.0,,True,False,False,phase_only,,Small molecule,MOL,1.0,98.35917778579156,True,,c1cc(-c2csc(NCC3CCOCC3)n2)cc(NC2CCCCC2)n1,198,-6.79094921550854,docked,9DKB,-2.40272763785549,docked,7ALV,24.67263955892488,91.38525155065473,13.370089593383872,91.38525155065473,False
REP_07304,CHEMBL6068036,VILZEMETKIB,COc1cc2c(Oc3ccc(NC(=O)C4(C(=O)Nc5ccc(F)cc5)CC4)cc3F)ccnc2cc1OCC1(NC2CCCC2)CC1,IXDALXNUFGTEMF-UHFFFAOYSA-N,642.7,2.0,,True,False,False,phase_only,,Small molecule,MOL,1.0,98.35917778579156,True,,O=C(Nc1ccccc1)C1(C(=O)Nc2ccc(Oc3ccnc4cc(OCC5(NC6CCCC6)CC5)ccc34)cc2)CC1,246,-6.78961787904941,docked,9DKB,-2.89265719123652,docked,7ALV,24.603721571330116,91.38525155065473,18.67677463818056,91.38525155065473,False
REP_08200,CHEMBL5314948,AUT-00206,Cc1ccc(Oc2ncc(N3C(=O)NC(C)(C)C3=O)cn2)c2c1OCC21CC1,JYHHQTRVJFMEGR-UHFFFAOYSA-N,380.4,1.0,,True,False,False,phase_only,,Small molecule,MOL,0.91666675,95.30592619305204,True,,O=C1CNC(=O)N1c1cnc(Oc2cccc3c2C2(CC2)CO3)nc1,294,-6.78312542950323,docked,9DKB,-4.13617908795682,docked,7ALV,24.534803583735354,75.63749138525155,41.14403859407305,75.63749138525155,False
REP_05482,CHEMBL3137316,FOSDAGROCORAT,Cc1ncccc1NC(=O)c1ccc2c(c1)CC[C@@H]1C[C@@](OP(=O)(O)O)(C(F)(F)F)CC[C@@]21Cc1ccccc1,BVXLAHSJXXSWFF-KEKPKEOLSA-N,574.54,2.0,,True,False,False,phase_only,,Small molecule,MOL,0.91666675,95.30592619305204,True,,O=C(Nc1cccnc1)c1ccc2c(c1)CCC1CCCCC21Cc1ccccc1,298,-6.77923884041365,docked,9DKB,-4.8101784553266,docked,7ALV,24.46588559614059,75.63749138525155,57.54651964162647,75.63749138525155,False
REP_07912,CHEMBL4289017,PF-03814735,CC(=O)NCC(=O)N1[C@@H]2CC[C@H]1c1ccc(Nc3ncc(C(F)(F)F)c(NC4CCC4)n3)cc12,RYYNGWLOYLRZLK-RBUKOAKNSA-N,474.49,1.0,,True,False,False,phase_only,,Small molecule,MOL,0.9166667,90.38946988820771,True,,c1cc(NC2CCC2)nc(Nc2ccc3c(c2)C2CCC3N2)n1,911,-6.77903198312864,docked,9DKB,-6.09013063364028,docked,7ALV,24.39696760854583,50.137835975189525,84.14886285320469,84.14886285320469,False
REP_01033,CHEMBL4303201,CATEQUENTINIB,COc1cc2c(Oc3ccc4[nH]c(C)cc4c3F)ccnc2cc1OCC1(N)CC1,KSMZEXLVHXZPEF-UHFFFAOYSA-N,407.45,3.0,,True,False,False,phase_only,,Small molecule,MOL,0.59077233,81.75261449693473,True,,c1cc(Oc2ccc3[nH]ccc3c2)c2ccc(OCC3CC3)cc2n1,1519,-6.77871621108239,docked,9DKB,-3.71675434464683,docked,7ALV,24.328049620951063,4.479669193659546,31.97794624396968,31.97794624396968,False
REP_07028,CHEMBL5314461,FICONALKIB,COc1cc(N2CCC(N(C)C)CC2)ccc1Nc1nc2c(c(Nc3ccccc3S(=O)(=O)C(C)C)n1)CCN2,LDTJJGGYLQQRSP-UHFFFAOYSA-N,565.74,2.0,,True,False,False,phase_only,,Small molecule,MOL,0.80700815,83.43550907561004,True,,c1ccc(Nc2nc(Nc3ccc(N4CCCCC4)cc3)nc3c2CCN3)cc1,1379,-6.77433587441191,docked,9DKB,-0.136234959886737,docked,7ALV,24.2591316333563,13.439007580978634,3.1013094417642995,13.439007580978634,False
REP_07735,CHEMBL259084,MLN-8054,O=C(O)c1ccc(Nc2ncc3c(n2)-c2ccc(Cl)cc2C(c2c(F)cccc2F)=NC3)cc1,HHFBDROWDBDFBR-UHFFFAOYSA-N,476.87,1.0,,True,False,False,phase_only,,Small molecule,MOL,1.0,98.35917778579156,True,,c1ccc(Nc2ncc3c(n2)-c2ccccc2C(c2ccccc2)=NC3)cc1,213,-6.75186039777033,docked,9DKB,-2.13662957727712,docked,7ALV,24.19021364576155,91.38525155065473,11.164713990351483,91.38525155065473,False
REP_00168,CHEMBL1714574,TERCONAZOLE,CC(C)N1CCN(c2ccc(OCC3COC(Cn4cncn4)(c4ccc(Cl)cc4Cl)O3)cc2)CC1,BLSQLHNBWJLIBQ-UHFFFAOYSA-N,532.47,4.0,,False,True,False,primary_atc_phase,,Small molecule,MOL,0.9166666,85.41892054333454,True,,c1ccc(C2(Cn3cncn3)OCC(COc3ccc(N4CCNCC4)cc3)O2)cc1,1294,-6.74867210508861,docked,9DKB,-4.12475665114461,docked,7ALV,24.121295658166787,24.017918676774638,40.730530668504485,40.730530668504485,False
REP_07794,CHEMBL3393066,VS-5584,Cc1nc2c(-c3cnc(N)nc3)nc(N3CCOCC3)nc2n1C(C)C,QYBGBLQCOOISAR-UHFFFAOYSA-N,354.42,1.0,,True,False,False,phase_only,,Small molecule,MOL,0.9166667,90.38946988820771,True,,c1ncc(-c2nc(N3CCOCC3)nc3[nH]cnc23)cn1,770,-6.73892159660557,docked,9DKB,-3.38633396451452,docked,7ALV,24.05237767057202,50.137835975189525,26.119917298414887,50.137835975189525,False
REP_05769,CHEMBL3589904,PF-04531083,COc1ccc(Cl)c(-c2ccc(NC(=O)c3ccnn3C)nc2N)c1,ZRJGMDIPCQOGNI-UHFFFAOYSA-N,357.8,2.0,,True,False,False,phase_only,,Small molecule,MOL,1.0,98.35917778579156,True,,O=C(Nc1ccc(-c2ccccc2)cn1)c1ccn[nH]1,113,-6.73210058966267,docked,9DKB,-6.03856214028704,docked,7ALV,23.98345968297726,91.38525155065473,83.45968297725706,91.38525155065473,False
REP_04976,CHEMBL2165615,NERIGLIATIN,Cc1cnc(NC(=O)c2cc(Oc3cnc(C(=O)N(C)C)nc3)c3cc(C)oc3c2)cn1,MASKQITXHVYVFL-UHFFFAOYSA-N,432.44,2.0,,True,False,False,phase_only,,Small molecule,MOL,0.9166667,90.38946988820771,True,,O=C(Nc1cnccn1)c1cc(Oc2cncnc2)c2ccoc2c1,1011,-6.72928725559769,docked,9DKB,-5.65008252885258,docked,7ALV,23.914541695382496,50.137835975189525,76.84355616815989,76.84355616815989,False
REP_02808,CHEMBL2104278,ETHYL CARTRIZOATE,CCOC(=O)COC(=O)c1c(I)c(NC(C)=O)c(I)c(NC(C)=O)c1I,BZHSRUIDLJDTTJ-UHFFFAOYSA-N,700.01,2.0,,True,False,False,phase_only,,Small molecule,MOL,0.9166666,85.41892054333454,True,,c1ccccc1,1226,-6.72823510192786,docked,9DKB,-4.39755173877365,docked,7ALV,23.845623707787734,24.017918676774638,47.002067539627845,47.002067539627845,False
REP_01157,CHEMBL5095183,IMLUNESTRANT,Oc1ccc2c3c(cnc2c1)-c1ccc(C(F)(F)F)cc1O[C@@H]3c1ccc(OCCN2CC(CF)C2)cc1,UVBQMXOKKDCBJN-MUUNZHRXSA-N,524.51,3.0,,True,False,False,phase_only,,Small molecule,MOL,1.0,98.35917778579156,True,,c1ccc2c(c1)OC(c1ccc(OCCN3CCC3)cc1)c1c-2cnc2ccccc12,255,-6.7270489545662,docked,9DKB,-4.78967203541812,docked,7ALV,23.77670572019297,91.38525155065473,57.27084769124742,91.38525155065473,False
REP_03686,CHEMBL2105600,VOLPRISTIN,CC1=C\[C@@H](O)CC(=O)Cc2nc(co2)C(=O)N2CCC[C@@H]2C(=O)O[C@H](C(C)C)[C@H](C)/C=C/C(=O)NC\C=C\1,JOOMGSFOCRDAHL-WPZKFCHQSA-N,527.62,2.0,,True,False,False,phase_only,,Small molecule,MOL,0.9166667,90.38946988820771,True,,O=C1CCC=CC=CCNC(=O)C=CCCOC(=O)C2CCCN2C(=O)c2coc(n2)C1,975,-6.72371426010876,docked,9DKB,-0.0929159938234465,docked,7ALV,23.707787732598206,50.137835975189525,2.963473466574773,50.137835975189525,False
REP_07632,CHEMBL1801204,AZD-8055,COc1ccc(-c2ccc3c(N4CCOC[C@@H]4C)nc(N4CCOC[C@@H]4C)nc3n2)cc1CO,KVLFRAWTRWDEDF-IRXDYDNUSA-N,465.55,1.0,,True,False,False,phase_only,,Small molecule,MOL,0.65895694,82.31758624834715,True,,c1ccc(-c2ccc3c(N4CCOCC4)nc(N4CCOCC4)nc3n2)cc1,1472,-6.71811615183931,docked,9DKB,-6.86526329317974,docked,7ALV,23.638869745003444,7.512060647829083,93.31495520330806,93.31495520330806,False
REP_06954,CHEMBL5187755,ATIRMOCICLIB,CC(C)n1c(C(C)(C)O)nc2c(F)cc(-c3nc(N[C@@H]4CCOC[C@H]4O)ncc3Cl)cc21,QYJLBHRAPDJOSO-NVXWUHKLSA-N,463.94,2.0,,True,False,False,phase_only,,Small molecule,MOL,1.0,98.35917778579156,True,,c1cc(-c2ccc3nc[nH]c3c2)nc(NC2CCOCC2)n1,229,-6.7159804460606,docked,9DKB,-7.27036226186869,docked,7ALV,23.56995175740868,91.38525155065473,95.31357684355616,95.31357684355616,False
REP_01521,CHEMBL122858,ENDIXAPRINE,OC1CCN(c2ccc(-c3ccc(Cl)cc3Cl)nn2)CC1,COWWILCLLRVLSC-UHFFFAOYSA-N,324.21,2.0,,True,False,False,phase_only,,Small molecule,MOL,1.0,98.35917778579156,True,,c1ccc(-c2ccc(N3CCCCC3)nn2)cc1,26,-6.71443315592322,docked,9DKB,-4.74826800777292,docked,7ALV,23.501033769813915,91.38525155065473,56.168159889731214,91.38525155065473,False
REP_00614,CHEMBL2103811,FOLITIXORIN CALCIUM,Nc1nc(=O)c2c([nH]1)NCC1CN(c3ccc(C(=O)N[C@@H](CCC(=O)[O-])C(=O)[O-])cc3)CN21,QYNUQALWYRSVHF-ABLWVSNPSA-L,455.43,3.0,,True,False,False,phase_only,,Small molecule,MOL,0.5145054,80.98329126096887,True,,O=c1nc[nH]c2c1N1CN(c3ccccc3)CC1CN2,1583,-6.7114539841026,docked,9DKB,-2.37892512816762,docked,7ALV,23.432115782219153,0.41350792556857335,13.163335630599581,13.163335630599581,False
REP_00956,CHEMBL4204869,ELENBECESTAT,C[C@H]1OC[C@]2(c3cc(NC(=O)c4cnc(C(F)F)cn4)ccc3F)N=C(N)SC[C@H]12,AACUJFVOHGRMTR-DPXNYUHVSA-N,437.45,3.0,,True,False,False,phase_only,,Small molecule,MOL,1.0,98.35917778579156,True,,O=C(Nc1cccc(C23COCC2CSC=N3)c1)c1cnccn1,119,-6.70627849064555,docked,9DKB,-5.81457608734676,docked,7ALV,23.3631977946244,91.38525155065473,79.80702963473468,91.38525155065473,False
REP_08145,CHEMBL5095231,TULMIMETOSTAT,COC1CN([C@H]2CC[C@H]([C@@]3(C)Oc4c(Cl)cc(C(=O)NCc5c(SC)cc(C)[nH]c5=O)c(C)c4O3)CC2)C1,CAAWBLRXQXMGHV-JAGNJQOISA-N,562.13,1.0,,True,False,False,phase_only,,Small molecule,MOL,0.9166667,90.38946988820771,True,,O=C(NCc1ccc[nH]c1=O)c1ccc2c(c1)OC(C1CCC(N3CCC3)CC1)O2,1024,-6.70554164602356,docked,9DKB,-2.14093675205051,docked,7ALV,23.29427980702964,50.137835975189525,11.233631977946246,50.137835975189525,False
REP_07765,CHEMBL3122113,DNL-201,CNc1nc(Nc2cn(C(C)(C)C#N)nc2C)ncc1C(F)(F)F,ZPPUMAMZIMPJGP-UHFFFAOYSA-N,339.32,1.0,,True,False,False,phase_only,,Small molecule,MOL,0.9166667,90.38946988820771,True,,c1cnc(Nc2cn[nH]c2)nc1,760,-6.69374944088068,docked,9DKB,-5.50265996166601,docked,7ALV,23.225361819434877,50.137835975189525,73.67332873880082,73.67332873880082,False
REP_07850,CHEMBL3786896,AZD-8165,CCC(=O)O[C@@H](C(=O)N1N=CC[C@H]1C(=O)NCc1cc(Cl)ccc1-n1cnnn1)c1ccc(F)cc1,YUHNXUAATAMVKD-PZJWPPBQSA-N,513.92,1.0,,True,False,False,phase_only,,Small molecule,MOL,0.9166667,90.38946988820771,True,,O=C(NCc1ccccc1-n1cnnn1)C1CC=NN1C(=O)Cc1ccccc1,868,-6.69178923798223,docked,9DKB,-7.17779164184253,docked,7ALV,23.15644383184011,50.137835975189525,94.48656099241902,94.48656099241902,False
REP_07101,CHEMBL5314549,VAMAGLOXISTAT,O=C(O)c1nn[nH]c1Oc1ccc(-c2ccc(C3CC(F)(F)C3)cc2)cc1,DIQJDWGODFNEHC-UHFFFAOYSA-N,371.34,2.0,,True,False,False,phase_only,,Small molecule,MOL,0.9166666,85.41892054333454,True,,c1cc(-c2ccc(C3CCC3)cc2)ccc1Oc1cnn[nH]1,1125,-6.68838918020647,docked,9DKB,-5.6234388242441,docked,7ALV,23.08752584424535,24.017918676774638,76.43004824259133,76.43004824259133,False
REP_07381,CHEMBL63440,ALOXISTATIN,CCOC(=O)[C@H]1O[C@@H]1C(=O)N[C@@H](CC(C)C)C(=O)NCCC(C)C,SRVFFFJZQVENJC-IHRRRGAJSA-N,342.44,2.0,,True,False,False,phase_only,,Small molecule,MOL,0.91666675,95.30592619305204,True,,C1CO1,288,-6.68351216707651,docked,9DKB,-4.04055835461403,docked,7ALV,23.018607856650586,75.63749138525155,38.66299104066161,75.63749138525155,False
REP_02474,CHEMBL203665,RELACATIB,CC(C)C[C@H](NC(=O)c1cc2ccccc2o1)C(=O)N[C@H]1CC[C@@H](C)N(S(=O)(=O)c2ccccn2)CC1=O,BWYBBMQLUKXECQ-GIVPXCGWSA-N,540.64,2.0,,True,False,False,phase_only,,Small molecule,MOL,1.0,98.35917778579156,True,,O=C(CNC(=O)c1cc2ccccc2o1)NC1CCCN(S(=O)(=O)c2ccccn2)CC1=O,234,-6.67491588429228,docked,9DKB,-1.08167436188486,docked,7ALV,22.949689869055824,91.38525155065473,5.78911095796003,91.38525155065473,False
REP_06691,CHEMBL471897,MB07811,Cc1cc(OCP2(=O)OCC[C@@H](c3cccc(Cl)c3)O2)cc(C)c1Cc1ccc(O)c(C(C)C)c1,LGGPZDRLTDGYSQ-GYKKGXIBSA-N,514.99,2.0,,True,False,False,phase_only,,Small molecule,MOL,0.92553633,96.64623151821132,True,,O=P1(COc2ccc(Cc3ccccc3)cc2)OCCC(c2ccccc2)O1,280,-6.66985495568924,docked,9DKB,-2.50473534285934,docked,7ALV,22.880771881461058,82.35699517574086,14.197105444521018,82.35699517574086,False
REP_05869,CHEMBL37683,ESAFLOXACIN,CCn1cc(C(=O)O)c(=O)c2cc(F)c(N3CCC(N)C3)nc21,BQDVLIDLHOSQHC-UHFFFAOYSA-N,320.32,2.0,,True,False,False,phase_only,,Small molecule,MOL,0.7288359,82.82245462194975,True,,O=c1cc[nH]c2nc(N3CCCC3)ccc12,1430,-6.66836573777305,docked,9DKB,-6.41037305241333,docked,7ALV,22.811853893866296,10.199862164024811,88.4906960716747,88.4906960716747,False
REP_03898,CHEMBL2106231,ETHYL DIRAZEPATE,CCOC(=O)C1N=C(c2ccccc2Cl)c2cc(Cl)ccc2NC1=O,XFVPZJMXRNBHLQ-UHFFFAOYSA-N,377.23,2.0,,True,False,False,phase_only,,Small molecule,MOL,0.60235965,81.87282125255439,True,,O=C1CN=C(c2ccccc2)c2ccccc2N1,1509,-6.65786219667454,docked,9DKB,-1.57018878658362,docked,7ALV,22.742935906271533,5.168849069607168,7.512060647829088,7.512060647829088,False
REP_00941,CHEMBL409153,ISAVUCONAZOLE,C[C@@H](c1nc(-c2ccc(C#N)cc2)cs1)[C@](O)(Cn1cncn1)c1cc(F)ccc1F,DDFOUSQFMYRUQK-RCDICMHDSA-N,437.48,3.0,,True,False,False,phase_only,,Small molecule,MOL,0.89867914,83.89830508474576,True,,c1ccc(-c2csc(CC(Cn3cncn3)c3ccccc3)n2)cc1,1340,-6.62954803566168,docked,9DKB,-4.22338787887362,docked,7ALV,22.67401791867677,16.023432115782217,42.866988283942106,42.866988283942106,False
REP_02331,CHEMBL1905073,CHLORSULFAQUINOXALINE,Nc1ccc(S(=O)(=O)Nc2cnc3c(Cl)cccc3n2)cc1,CTSNHMQGVWXIEG-UHFFFAOYSA-N,334.79,2.0,,True,False,False,phase_only,,Small molecule,MOL,0.67833793,82.42577232840486,True,,O=S(=O)(Nc1cnc2ccccc2n1)c1ccccc1,1463,-6.61453219235748,docked,9DKB,-5.77064554620401,docked,7ALV,22.605099931082016,8.132322536181944,79.32460372157134,79.32460372157134,False
REP_08149,CHEMBL5095239,GSK-3494245,O=C(Nc1ccc(F)c(-c2ccn3c(N4CCOCC4)cnc3n2)c1)N1CCCC1,SAJUCKZZYFFICP-UHFFFAOYSA-N,410.45,1.0,,True,False,False,phase_only,,Small molecule,MOL,0.9166667,90.38946988820771,True,,O=C(Nc1cccc(-c2ccn3c(N4CCOCC4)cnc3n2)c1)N1CCCC1,1059,-6.61330063542563,docked,9DKB,-4.32514926527118,docked,7ALV,22.536181943487254,50.137835975189525,45.485871812543074,50.137835975189525,False
REP_06524,CHEMBL44793,GAVESTINEL,O=C(/C=C/c1c(C(=O)O)[nH]c2cc(Cl)cc(Cl)c12)Nc1ccccc1,WZBNEZWCNKUOSM-VOTSOKGWSA-N,375.21,2.0,,True,False,False,phase_only,,Small molecule,MOL,0.91666675,95.30592619305204,True,,O=C(C=Cc1c[nH]c2ccccc12)Nc1ccccc1,282,-6.61153148507019,docked,9DKB,-6.39210725951261,docked,7ALV,22.46726395589249,75.63749138525155,88.07718814610614,88.07718814610614,False
REP_05115,CHEMBL2386889,SCH-900776,Cn1cc(-c2cnn3c(N)c(Br)c([C@@H]4CCCNC4)nc23)cn1,GMIZZEXBPRLVIV-SECBINFHSA-N,376.26,2.0,,True,False,False,phase_only,,Small molecule,MOL,0.9166667,90.38946988820771,True,,c1n[nH]cc1-c1cnn2ccc(C3CCCNC3)nc12,992,-6.60064662098374,docked,9DKB,-5.40606800986256,docked,7ALV,22.39834596829773,50.137835975189525,71.19228118538939,71.19228118538939,False
REP_01915,CHEMBL1587228,HALOMETASONE,C[C@@H]1C[C@H]2[C@@H]3C[C@H](F)C4=CC(=O)C(Cl)=C[C@]4(C)[C@@]3(F)[C@@H](O)C[C@]2(C)[C@@]1(O)C(=O)CO,GGXMRPUKBWXVHE-MIHLVHIWSA-N,444.9,2.0,,True,False,False,phase_only,,Small molecule,MOL,0.9166667,90.38946988820771,True,,O=C1C=CC2C(=C1)CCC1C3CCCC3CCC21,1002,-6.58738791400008,docked,9DKB,-3.54168996003291,docked,7ALV,22.329427980702967,50.137835975189525,28.4631288766368,50.137835975189525,False
REP_02559,CHEMBL2103864,NAVARIXIN,CC[C@@H](Nc1c(Nc2cccc(C(=O)N(C)C)c2O)c(=O)c1=O)c1ccc(C)o1,RXIUEIPPLAFSDF-CYBMUJFWSA-N,397.43,2.0,,True,False,False,phase_only,,Small molecule,MOL,0.9166667,90.38946988820771,True,,O=c1c(NCc2ccco2)c(Nc2ccccc2)c1=O,942,-6.56801300704685,docked,9DKB,-6.31731405080003,docked,7ALV,22.2605099931082,50.137835975189525,87.31909028256375,87.31909028256375,False
REP_04995,CHEMBL2207503,MOBINITINIB,Cc1nn(C)cc1-c1nc2c(N3CCN(Cc4ccc(Cl)cc4)CC3)c(Cl)cnc2[nH]1,AKJBLKUZXRMECW-UHFFFAOYSA-N,456.38,2.0,,True,False,False,phase_only,,Small molecule,MOL,0.9166666,85.41892054333454,True,,c1ccc(CN2CCN(c3ccnc4[nH]c(-c5cn[nH]c5)nc34)CC2)cc1,1114,-6.56784034854692,docked,9DKB,-3.39025356477671,docked,7ALV,22.19159200551344,24.017918676774638,26.326671261199174,26.326671261199174,False
REP_05633,CHEMBL339049,TEBUQUINE,CC(C)(C)NCc1cc(Nc2ccnc3cc(Cl)ccc23)cc(-c2ccc(Cl)cc2)c1O,BCHMRNALCJISMZ-UHFFFAOYSA-N,466.41,2.0,,True,False,False,phase_only,,Small molecule,MOL,0.9166667,90.38946988820771,True,,c1ccc(-c2cccc(Nc3ccnc4ccccc34)c2)cc1,692,-6.56181523802349,docked,9DKB,-4.02302455070506,docked,7ALV,22.122674017918676,50.137835975189525,38.18056512749828,50.137835975189525,False
REP_07115,CHEMBL5314608,LOMEDEUCITINIB,[2H]C([2H])([2H])NC(=O)c1nnc(NC(=O)[C@@H]2CC23CC3)cc1Nc1ncccc1S(C)(=O)=O,VWIVBQZLVAGLMH-ASGODXDTSA-N,419.48,2.0,,True,False,False,phase_only,,Small molecule,MOL,0.9166666,85.41892054333454,True,,O=C(Nc1cc(Nc2ccccn2)cnn1)C1CC12CC2,1124,-6.56126571022346,docked,9DKB,-5.12767890550451,docked,7ALV,22.05375603032391,24.017918676774638,65.54100620261889,65.54100620261889,False
REP_05161,CHEMBL257662,ZD-6126,COc1cc2c(c(OC)c1OC)-c1ccc(OP(=O)(O)O)cc1[C@@H](NC(C)=O)CC2,UGBMEXLBFDAOGL-INIZCTEOSA-N,437.39,2.0,,True,False,False,phase_only,,Small molecule,MOL,1.0,98.35917778579156,True,,c1ccc2c(c1)CCCc1ccccc1-2,157,-6.55043518861811,docked,9DKB,-4.44192516693644,docked,7ALV,21.984838042729148,91.38525155065473,48.24259131633356,91.38525155065473,False
REP_07624,CHEMBL1738697,PF-00337210,CNC(=O)c1c(C)oc2cc(Oc3ccnc4cc(OCCN5CCOCC5)ccc34)ccc12,LGXVKMDGSIWEHL-UHFFFAOYSA-N,461.52,1.0,,True,False,False,phase_only,,Small molecule,MOL,0.9166667,90.38946988820771,True,,c1cc(Oc2ccc3ccoc3c2)c2ccc(OCCN3CCOCC3)cc2n1,670,-6.54406944151408,docked,9DKB,-5.39710182918794,docked,7ALV,21.915920055134386,50.137835975189525,71.05444521019986,71.05444521019986,False
REP_01131,CHEMBL488025,EXISULIND,CC1=C(CC(=O)O)c2cc(F)ccc2/C1=C\c1ccc(S(C)(=O)=O)cc1,MVGSNCBCUWPVDA-MFOYZWKCSA-N,372.42,3.0,,True,False,False,phase_only,,Small molecule,MOL,1.0,98.35917778579156,True,,C1=Cc2ccccc2C1=Cc1ccccc1,262,-6.54033987010049,docked,9DKB,-4.35788734298724,docked,7ALV,21.847002067539623,91.38525155065473,46.10613370089594,91.38525155065473,False
REP_05419,CHEMBL3039530,ABEDITEROL,O=c1ccc2c([C@@H](O)CNCCCCCCOCC(F)(F)c3ccccc3)ccc(O)c2[nH]1,SFYAXIFVXBKRPK-QFIPXVFZSA-N,460.52,2.0,,True,False,False,phase_only,,Small molecule,MOL,0.91666675,95.30592619305204,True,,O=c1ccc2c(CCNCCCCCCOCCc3ccccc3)cccc2[nH]1,346,-6.53988264357107,docked,9DKB,-2.8789357902293,docked,7ALV,21.778084079944872,75.63749138525155,18.26326671261199,75.63749138525155,False
REP_06340,CHEMBL4297383,GSK-1521498,Fc1cc(-c2cccc(-c3nc[nH]n3)c2)cc(F)c1CNC1Cc2ccccc2C1,WIEDUMBCZQRGSY-UHFFFAOYSA-N,402.45,2.0,,True,False,False,phase_only,,Small molecule,MOL,0.91666675,95.30592619305204,True,,c1cc(-c2ccc(CNC3Cc4ccccc4C3)cc2)cc(-c2nc[nH]n2)c1,357,-6.53807903915246,docked,9DKB,-5.72059835874228,docked,7ALV,21.709166092350106,75.63749138525155,78.56650585802895,78.56650585802895,False
REP_05767,CHEMBL3586573,CC-115,CCN1C(=O)CNc2ncc(-c3ccc(-c4nc[nH]n4)nc3C)nc21,GMYLVKUGJMYTFB-UHFFFAOYSA-N,336.36,2.0,,True,False,False,phase_only,,Small molecule,MOL,1.0,98.35917778579156,True,,O=C1CNc2ncc(-c3ccc(-c4nc[nH]n4)nc3)nc2N1,29,-6.53372047072335,docked,9DKB,-4.66605800907542,docked,7ALV,21.640248104755344,91.38525155065473,54.238456237077884,91.38525155065473,False
REP_01278,CHEMBL94657,PATUPILONE,C/C(=C\c1csc(C)n1)[C@@H]1C[C@@H]2O[C@]2(C)CCC[C@H](C)[C@H](O)[C@@H](C)C(=O)C(C)(C)[C@@H](O)CC(=O)O1,QXRSDHAAWVKZLJ-PVYNADRNSA-N,507.69,3.0,,True,False,False,phase_only,,Small molecule,MOL,1.0,98.35917778579156,True,,O=C1CCCCCCC2OC2CC(C=Cc2cscn2)OC(=O)CCC1,118,-6.52449407174475,docked,9DKB,0.148724473051896,docked,7ALV,21.57133011716058,91.38525155065473,2.3432115782219154,91.38525155065473,False
REP_02196,CHEMBL1742472,ECASTOLOL,CCCC(=O)Nc1ccc(OCC(O)CNCCc2ccc(OC)c(OC)c2)c(-c2ccno2)c1,CGUIWXDBHIFQJV-UHFFFAOYSA-N,483.57,2.0,,True,False,False,phase_only,,Small molecule,MOL,0.9166667,90.38946988820771,True,,c1ccc(CCNCCCOc2ccccc2-c2ccno2)cc1,976,-6.51087300791129,docked,9DKB,-8.24507363506279,docked,7ALV,21.50241212956582,50.137835975189525,98.20813232253617,98.20813232253617,False
REP_06668,CHEMBL4651002,SAFUSIDENIB,Cc1cn(C(=O)c2c(-c3c(Cl)cc(Cl)cc3Cl)noc2C(C)(C)F)c2cccc(/C=C/C(=O)O)c12,BOOMBLZEOHXPPX-BQYQJAHWSA-N,535.79,2.0,,True,False,False,phase_only,,Small molecule,MOL,0.9166666,85.41892054333454,True,,O=C(c1conc1-c1ccccc1)n1ccc2ccccc21,1296,-6.50625186203546,docked,9DKB,-3.94751319823419,docked,7ALV,21.433494141971053,24.017918676774638,36.4920744314266,36.4920744314266,False
REP_00710,CHEMBL213907,THIOCOLCHICOSIDE,COc1c(O[C@@H]2O[C@H](CO)[C@@H](O)[C@H](O)[C@H]2O)cc2c(c1OC)-c1ccc(SC)c(=O)cc1[C@@H](NC(C)=O)CC2,LEQAKWQJCITZNK-AXHKHJLKSA-N,563.63,3.0,,True,True,False,primary_atc_phase,,Small molecule,MOL,0.9166667,90.38946988820771,True,,O=c1cccc2c(c1)CCCc1cc(OC3CCCCO3)ccc1-2,707,-6.50503597117754,docked,9DKB,-6.07548797862465,docked,7ALV,21.36457615437629,50.137835975189525,83.9421088904204,83.9421088904204,False
REP_01076,CHEMBL4594453,TENOFOVIR DISOPROXIL ASPARTATE,CC(C)OC(=O)OCOP(=O)(CO[C@H](C)Cn1cnc2c(N)ncnc21)OCOC(=O)OC(C)C.N[C@@H](CC(=O)O)C(=O)O,CCIDLBRRXVNEDK-KJTVYDLOSA-N,652.55,3.0,,True,False,False,phase_only,,Small molecule,MOL,0.9166667,90.38946988820771,True,,c1ncc2nc[nH]c2n1,1028,-6.49705290695552,docked,9DKB,-2.34669191496731,docked,7ALV,21.29565816678153,50.137835975189525,12.818745692625777,50.137835975189525,False
REP_00898,CHEMBL3828074,ZIRITAXESTAT,CCc1nc2c(C)cc(N3CCN(CC(=O)N4CC(O)C4)CC3)cn2c1N(C)c1nc(-c2ccc(F)cc2)c(C#N)s1,REQQVBGILUTQNN-UHFFFAOYSA-N,588.71,3.0,,True,False,False,phase_only,,Small molecule,MOL,0.9166667,90.38946988820771,True,,O=C(CN1CCN(c2ccc3ncc(Nc4nc(-c5ccccc5)cs4)n3c2)CC1)N1CCC1,790,-6.49647188065446,docked,9DKB,-6.48210291333245,docked,7ALV,21.226740179186766,50.137835975189525,89.38662991040661,89.38662991040661,False
REP_07032,CHEMBL5314466,GUMELUTAMIDE,CC(C)(O)c1ccc(Nc2ncnc3c2CCN(c2ccc(C#N)c(Cl)c2)C3)nc1,TYOPGJVWUJIKHX-UHFFFAOYSA-N,420.9,2.0,,True,False,False,phase_only,,Small molecule,MOL,0.9166667,90.38946988820771,True,,c1ccc(N2CCc3c(ncnc3Nc3ccccn3)C2)cc1,807,-6.48804607196515,docked,9DKB,-4.66899295132841,docked,7ALV,21.157822191592,50.137835975189525,54.37629221226741,54.37629221226741,False
REP_07474,CHEMBL837,7-ETHYL-10-HYDROXYCAMPTOTHECIN,CCc1c2c(nc3ccc(O)cc13)-c1cc3c(c(=O)n1C2)COC(=O)[C@]3(O)CC,FJHBVJOVLFPMQE-QFIPXVFZSA-N,392.41,2.0,,True,False,False,phase_only,,Small molecule,MOL,0.9166667,90.38946988820771,True,,O=C1Cc2cc3n(c(=O)c2CO1)Cc1cc2ccccc2nc1-3,593,-6.48176359404524,docked,9DKB,-5.9138118004243,docked,7ALV,21.088904203997238,50.137835975189525,81.3921433494142,81.3921433494142,False
REP_07830,CHEMBL3633802,ETC-159,Cn1c(=O)c2c(ncn2CC(=O)Nc2ccc(-c3ccccc3)nn2)n(C)c1=O,QTRXIFVSTWXRJJ-UHFFFAOYSA-N,391.39,1.0,,True,False,False,phase_only,,Small molecule,MOL,0.9166667,90.38946988820771,True,,O=C(Cn1cnc2[nH]c(=O)[nH]c(=O)c21)Nc1ccc(-c2ccccc2)nn1,872,-6.47938695201489,docked,9DKB,-6.59330098414341,docked,7ALV,21.019986216402486,50.137835975189525,90.83390764989663,90.83390764989663,False
REP_06334,CHEMBL4297370,CRS-3123,O=c1cc(NCCCN[C@@H]2CCOc3c(Br)cc(Br)cc32)[nH]c2ccsc12,NNTYBKTXMKBRFA-CQSZACIVSA-N,513.26,2.0,,True,False,False,phase_only,,Small molecule,MOL,1.0,98.35917778579156,True,,O=c1cc(NCCCNC2CCOc3ccccc32)[nH]c2ccsc12,192,-6.4599019602118,docked,9DKB,-3.78539905360168,docked,7ALV,20.951068228807724,91.38525155065473,33.287388008270156,91.38525155065473,False
REP_06925,CHEMBL5095262,CADISEGLIATIN,CCCO[C@H]1CC[C@H](N(C(=O)Nc2ncc(SCC(=O)O)s2)C2CCCCC2)CC1,HPGJSAAUJGAMLV-QAQDUYKDSA-N,455.65,2.0,,True,False,False,phase_only,,Small molecule,MOL,1.0,98.35917778579156,True,,O=C(Nc1nccs1)N(C1CCCCC1)C1CCCCC1,177,-6.4589650624509,docked,9DKB,-4.29775542556667,docked,7ALV,20.882150241212962,91.38525155065473,44.79669193659546,91.38525155065473,False
REP_04999,CHEMBL2216859,NEMIRALISIB,CC(C)N1CCN(Cc2cnc(-c3cc(-c4cccc5[nH]ccc45)cc4[nH]ncc34)o2)CC1,MCIDWGZGWVSZMK-UHFFFAOYSA-N,440.55,2.0,,True,False,False,phase_only,,Small molecule,MOL,0.9166666,85.41892054333454,True,,c1cc(-c2cc(-c3ncc(CN4CCNCC4)o3)c3cn[nH]c3c2)c2cc[nH]c2c1,1165,-6.45484236818379,docked,9DKB,-1.72177321729864,docked,7ALV,20.813232253618196,24.017918676774638,8.545830461750514,24.017918676774638,False
REP_04980,CHEMBL2178573,ILACIRNON,Cc1cnc(C(=O)c2ncnc3[nH]ccc23)c(NS(=O)(=O)c2ccc(Cl)c(C(F)(F)F)c2)c1,LUUMLYXKTPBTQR-UHFFFAOYSA-N,495.87,2.0,,True,False,False,phase_only,,Small molecule,MOL,1.0,98.35917778579156,True,,O=C(c1ncccc1NS(=O)(=O)c1ccccc1)c1ncnc2[nH]ccc12,8,-6.45218905890295,docked,9DKB,-6.57233275870163,docked,7ALV,20.744314266023434,91.38525155065473,90.55823569951758,91.38525155065473,False
REP_00939,CHEMBL408701,TAUROLITHOCHOLIC ACID,C[C@H](CCC(=O)NCCS(=O)(=O)O)[C@H]1CC[C@H]2[C@@H]3CC[C@@H]4C[C@H](O)CC[C@]4(C)[C@H]3CC[C@]12C,QBYUNVOYXHFVKC-GBURMNQMSA-N,483.72,3.0,,True,False,False,phase_only,,Small molecule,MOL,0.9166667,90.38946988820771,True,,C1CCC2C(C1)CCC1C3CCCC3CCC21,884,-6.45043099090573,docked,9DKB,-4.12673869419964,docked,7ALV,20.67539627842867,50.137835975189525,40.86836664369401,50.137835975189525,False
REP_07269,CHEMBL6067963,TILPISERTIB FOSMECARBIL,Cn1ccc2c([C@@H](c3cn(C45CC(C4)C5)nn3)N(C(=O)OCOP(=O)(O)O)c3cc(Cl)c4ncc(C#N)c(NCC(C)(C)C)c4c3)cccc2c1=O,FPQIBCPWXJSFOQ-ILNPBIMBSA-N,747.15,2.0,,True,False,False,phase_only,,Small molecule,MOL,1.0,98.35917778579156,True,,O=c1[nH]ccc2c(C(Nc3ccc4ncccc4c3)c3cn(C45CC(C4)C5)nn3)cccc12,14,-6.4458584864137,docked,9DKB,-8.16174163877604,docked,7ALV,20.606478290833905,91.38525155065473,98.0013783597519,98.0013783597519,False
REP_07107,CHEMBL5314566,VICASINABIN,Cn1nnnc1Cn1nnc2c(N3CC[C@H](O)C3)nc(C(C)(C)C)nc21,MAYZWDRUFKUGGP-VIFPVBQESA-N,358.41,2.0,,True,False,False,phase_only,,Small molecule,MOL,0.74849206,82.96670272869335,True,,c1nc(N2CCCC2)c2nnn(Cc3nnn[nH]3)c2n1,1418,-6.44513828158913,docked,9DKB,-2.89533122308694,docked,7ALV,20.537560303239143,11.026878015161957,18.745692625775323,18.745692625775323,False
REP_03164,CHEMBL2104863,IMANIXIL,CC1(C)CN(c2ncc(C(=O)Nc3cccc(C(F)(F)F)c3)c(N)n2)C(=O)N1,FUSNOPLQVRUIIM-UHFFFAOYSA-N,394.36,2.0,,True,False,False,phase_only,,Small molecule,MOL,0.91666675,95.30592619305204,True,,O=C(Nc1ccccc1)c1cnc(N2CCNC2=O)nc1,485,-6.44448043164631,docked,9DKB,-3.60043824449519,docked,7ALV,20.46864231564438,75.63749138525155,30.04824259131633,75.63749138525155,False
REP_02493,CHEMBL2062774,VAPENDAVIR,CCOc1noc2cc(OCCC3CCN(c4ccc(C)nn4)CC3)ccc12,DKSVBVKHUICELN-UHFFFAOYSA-N,382.46,2.0,,True,False,False,phase_only,,Small molecule,MOL,0.76687175,83.15903353768482,True,,c1cnnc(N2CCC(CCOc3ccc4cnoc4c3)CC2)c1,1402,-6.44304220656406,docked,9DKB,-3.52861219848969,docked,7ALV,20.39972432804962,11.991729841488628,28.25637491385251,28.25637491385251,False
REP_06071,CHEMBL3989734,CEFIVITRIL,Cn1nnnc1SCC1=C(C(=O)O)N2C(=O)[C@@H](NC(=O)CS/C=C\C#N)[C@H]2SC1,JXHWKLWIYBATLL-GMIKGCRTSA-N,453.53,2.0,,True,False,False,phase_only,,Small molecule,MOL,0.91666675,95.30592619305204,True,,O=C1CC2SCC(CSc3nnn[nH]3)=CN12,418,-6.4382794445862,docked,9DKB,-4.22584905000858,docked,7ALV,20.330806340454856,75.63749138525155,42.93590627153687,75.63749138525155,False
REP_07994,CHEMBL4456123,BI 639667,CS(=O)(=O)c1cc(C2(NC(=O)c3cncc4c3cnn4-c3ccc(F)cc3)CC2)ccn1,PXQATVYJKMMHAU-UHFFFAOYSA-N,451.48,1.0,,True,False,False,phase_only,,Small molecule,MOL,0.9132062,84.01250150258444,True,,O=C(NC1(c2ccncc2)CC1)c1cncc2c1cnn2-c1ccccc1,1331,-6.42700390245769,docked,9DKB,-6.54553801221563,docked,7ALV,20.26188835286009,16.6092350103377,90.00689179875948,90.00689179875948,False
REP_07775,CHEMBL3259907,BI-224436,Cc1nc2ccccc2c(-c2ccc3c4c(ccnc24)CCO3)c1[C@H](OC(C)(C)C)C(=O)O,MIXIIJCBELCMCZ-VWLOTQADSA-N,442.52,1.0,,True,False,False,phase_only,,Small molecule,MOL,1.0,98.35917778579156,True,,c1ccc2c(-c3ccc4c5c(ccnc35)CCO4)ccnc2c1,208,-6.42233574146541,docked,9DKB,-4.56551468207455,docked,7ALV,20.19297036526534,91.38525155065473,51.412818745692626,91.38525155065473,False
REP_00523,CHEMBL1630578,TIRILAZAD,C[C@@H]1C[C@H]2[C@@H]3CCC4=CC(=O)C=C[C@]4(C)C3=CC[C@]2(C)[C@H]1C(=O)CN1CCN(c2cc(N3CCCC3)nc(N3CCCC3)n2)CC1,RBKASMJPSJDQKY-RBFSKHHSSA-N,624.87,3.0,,True,False,False,phase_only,,Small molecule,MOL,0.9166667,90.38946988820771,True,,O=C1C=CC2C(=C1)CCC1C2=CCC2C(C(=O)CN3CCN(c4cc(N5CCCC5)nc(N5CCCC5)n4)CC3)CCC12,1079,-6.41959339808516,docked,9DKB,-4.06577046125005,docked,7ALV,20.124052377670576,50.137835975189525,39.14541695382495,50.137835975189525,False
REP_00747,CHEMBL2387080,TASELISIB,Cc1nc(-c2cn3c(n2)-c2ccc(-c4cnn(C(C)(C)C(N)=O)c4)cc2OCC3)n(C(C)C)n1,BEUQXVWXFDOSAQ-UHFFFAOYSA-N,460.54,3.0,,True,False,False,phase_only,,Small molecule,MOL,1.0,98.35917778579156,True,,c1n[nH]c(-c2cn3c(n2)-c2ccc(-c4cn[nH]c4)cc2OCC3)n1,137,-6.41424733505516,docked,9DKB,-5.35887485209728,docked,7ALV,20.055134390075814,91.38525155065473,70.50310130944176,91.38525155065473,False
REP_04687,CHEMBL2110623,CEFAZAFLUR,Cn1nnnc1SCC1=C(C(=O)O)N2C(=O)[C@@H](NC(=O)CSC(F)(F)F)[C@H]2SC1,HGXLJRWXCXSEJO-GMSGAONNSA-N,470.48,2.0,,True,False,False,phase_only,,Small molecule,MOL,0.9166667,90.38946988820771,True,,O=C1CC2SCC(CSc3nnn[nH]3)=CN12,518,-6.41316555109179,docked,9DKB,-4.53032568357274,docked,7ALV,19.98621640248105,50.137835975189525,50.723638869745,50.723638869745,False
REP_07814,CHEMBL3545328,XL-019,O=C(Nc1ccc(-c2ccnc(Nc3ccc(N4CCOCC4)cc3)n2)cc1)C1CCCN1,ISOCDPQFIXDIMS-UHFFFAOYSA-N,444.54,1.0,,True,False,False,phase_only,,Small molecule,MOL,0.9166667,90.38946988820771,True,,O=C(Nc1ccc(-c2ccnc(Nc3ccc(N4CCOCC4)cc3)n2)cc1)C1CCCN1,869,-6.40699339646689,docked,9DKB,-1.95679858264085,docked,7ALV,19.917298414886286,50.137835975189525,9.924190213645756,50.137835975189525,False
REP_06876,CHEMBL5095101,FUNOBACTAM,NC1=N[C@H](c2nnc([C@@H]3CC4(CC4)[C@@H]4CN3C(=O)N4OS(=O)(=O)O)o2)CN1,GRRBXZJDEZJMHA-FXQIFTODSA-N,399.39,2.0,,True,False,False,phase_only,,Small molecule,MOL,0.9166666,85.41892054333454,True,,O=C1NC2CN1C(c1nnc(C3CNC=N3)o1)CC21CC1,1268,-6.39420997934213,docked,9DKB,-4.49149447934598,docked,7ALV,19.848380427291524,24.017918676774638,49.34527911784976,49.34527911784976,False
REP_07781,CHEMBL3314565,AZD-5099,COC[C@H](C)NC(=O)c1nc(N2CC[C@@H](NC(=O)c3[nH]c(C)c(Cl)c3Cl)[C@@H](OC)C2)sc1C(=O)O,KGZHRAVDXGQUQM-WCQGTBRESA-N,548.45,1.0,,True,False,False,phase_only,,Small molecule,MOL,0.9166667,90.38946988820771,True,,O=C(NC1CCN(c2nccs2)CC1)c1ccc[nH]1,755,-6.3855790854337,docked,9DKB,-3.96668943575937,docked,7ALV,19.77946243969676,50.137835975189525,36.940041350792555,50.137835975189525,False
REP_00823,CHEMBL3264002,AVUTOMETINIB,CNS(=O)(=O)Nc1nccc(Cc2c(C)c3ccc(Oc4ncccn4)cc3oc2=O)c1F,LMMJFBMMJUMSJS-UHFFFAOYSA-N,471.47,3.0,,True,False,False,phase_only,,Small molecule,MOL,0.6333204,82.06515206154586,True,,O=c1oc2cc(Oc3ncccn3)ccc2cc1Cc1ccncc1,1493,-6.38299279366758,docked,9DKB,-5.64470789521243,docked,7ALV,19.710544452101995,6.202618883528601,76.70572019297036,76.70572019297036,False
REP_03620,CHEMBL2105513,TOBUTEROL,Cc1ccc(C(=O)Oc2cc(OC(=O)c3ccc(C)cc3)cc(C(O)CNC(C)(C)C)c2)cc1,GYJSIOWQEUTITA-UHFFFAOYSA-N,461.56,2.0,,True,False,False,phase_only,,Small molecule,MOL,0.8804437,83.77208799134512,True,,O=C(Oc1cccc(OC(=O)c2ccccc2)c1)c1ccccc1,1351,-6.38042166131321,docked,9DKB,-5.54747494483428,docked,7ALV,19.641626464507233,15.299793246037217,74.77601654031703,74.77601654031703,False
REP_00142,CHEMBL1524273,PHTHALYLSULFATHIAZOLE,O=C(O)c1ccccc1C(=O)Nc1ccc(S(=O)(=O)Nc2nccs2)cc1,PBMSWVPMRUJMPE-UHFFFAOYSA-N,403.44,4.0,,False,True,False,primary_atc_phase,,Small molecule,MOL,0.91666675,95.30592619305204,True,,O=C(Nc1ccc(S(=O)(=O)Nc2nccs2)cc1)c1ccccc1,461,-6.38019255182123,docked,9DKB,-4.97167994406048,docked,7ALV,19.57270847691247,75.63749138525155,61.061337008959335,75.63749138525155,False
REP_06534,CHEMBL4514636,FISOGATINIB,C=CC(=O)N[C@H]1CCOC[C@H]1Nc1ncc2cc(-c3c(Cl)c(OC)cc(OC)c3Cl)ccc2n1,MGZKYOAQVGSSGC-DLBZAZTESA-N,503.39,2.0,,True,False,False,phase_only,,Small molecule,MOL,1.0,98.35917778579156,True,,c1ccc(-c2ccc3nc(NC4CCCOC4)ncc3c2)cc1,261,-6.37920670102283,docked,9DKB,-3.35225952691984,docked,7ALV,19.50379048931771,91.38525155065473,25.499655410062026,91.38525155065473,False
REP_01087,CHEMBL4650281,CLN-081,C=CC(=O)N[C@H]1C=C(C)c2c(-c3cnc4ccccc4c3)c3c(N)ncnc3n2C1,MKCYPWYURWOKST-INIZCTEOSA-N,396.45,3.0,,True,False,False,phase_only,,Small molecule,MOL,0.9166667,90.38946988820771,True,,C1=Cc2c(-c3cnc4ccccc4c3)c3cncnc3n2CC1,1033,-6.37878942743936,docked,9DKB,-4.64126207573546,docked,7ALV,19.434872501722957,50.137835975189525,53.41144038594072,53.41144038594072,False
REP_03769,CHEMBL2105953,CEFTERAM,CO/N=C(\C(=O)N[C@@H]1C(=O)N2C(C(=O)O)=C(Cn3nnc(C)n3)CS[C@H]12)c1csc(N)n1,XSPUSVIQHBDITA-RKYNPMAHSA-N,479.5,2.0,,True,False,False,phase_only,,Small molecule,MOL,0.68899655,82.52193773290058,True,,N=C(C(=O)NC1C(=O)N2C=C(Cn3ncnn3)CSC12)c1cscn1,1455,-6.37779878907656,docked,9DKB,-3.30938356863489,docked,7ALV,19.36595451412819,8.61474844934528,24.603721571330116,24.603721571330116,False
REP_00777,CHEMBL270995,BRIVANIB ALANINATE,Cc1cc2c(F)c(Oc3ncnn4cc(OC[C@@H](C)OC(=O)[C@H](C)N)c(C)c34)ccc2[nH]1,LTEJRLHKIYCEOX-OCCSQVGLSA-N,441.46,3.0,,True,False,False,phase_only,,Small molecule,MOL,0.9166666,85.41892054333454,True,,c1cc2c(Oc3ccc4[nH]ccc4c3)ncnn2c1,1118,-6.36485547129952,docked,9DKB,-5.23170231991381,docked,7ALV,19.29703652653343,24.017918676774638,68.02205375603032,68.02205375603032,False
REP_07071,CHEMBL5314512,CIVOREBRUTINIB,N#CN1C[C@H](n2nc(-c3ccc(Oc4ccc(Cl)cn4)cc3)c(C(N)=O)c2N)CCC12CC2,OSEITUBGGJDFBK-MRXNPFEDSA-N,463.93,2.0,,True,False,False,phase_only,,Small molecule,MOL,1.0,98.35917778579156,True,,c1ccc(Oc2ccc(-c3ccn(C4CCC5(CC5)NC4)n3)cc2)nc1,161,-6.36216978511235,docked,9DKB,-4.23336400173307,docked,7ALV,19.228118538938666,91.38525155065473,43.21157822191593,91.38525155065473,False
REP_07208,CHEMBL578004,AMINOQUINOL,CCN(CC)CCCC(C)Nc1cc(/C=C/c2ccccc2Cl)nc2cc(Cl)ccc12,CMLVHSVFSYNMGM-WYMLVPIESA-N,456.46,2.0,,True,False,False,phase_only,,Small molecule,MOL,0.9166667,90.38946988820771,True,,C(=Cc1ccc2ccccc2n1)c1ccccc1,611,-6.35360170891003,docked,9DKB,-0.696134851678635,docked,7ALV,19.1592005513439,50.137835975189525,4.272915230875263,50.137835975189525,False
REP_06183,CHEMBL4089731,EXICORILANT,Cn1ncc(S(=O)(=O)N2CC[C@H]3Cc4c(cnn4-c4ccc(F)cc4)C[C@]3(C(=O)c3cc(C(F)(F)F)ccn3)C2)n1,HWJYJKAURRIWJM-GKVSMKOHSA-N,589.58,2.0,,True,False,False,phase_only,,Small molecule,MOL,0.6391392,82.13727611491765,True,,O=C(c1ccccn1)C12Cc3cnn(-c4ccccc4)c3CC1CCN(S(=O)(=O)c1cn[nH]n1)C2,1487,-6.33556642518147,docked,9DKB,-5.46174027962526,docked,7ALV,19.09028256374914,6.547208821502412,72.29496898690559,72.29496898690559,False
REP_02867,CHEMBL2104361,FLUMOXONIDE,COC(OC)C(=O)[C@@]12OC(C)(C)O[C@@H]1C[C@H]1[C@@H]3C[C@H](F)C4=CC(=O)C=C[C@]4(C)[C@@]3(F)[C@@H](O)C[C@@]12C,IUIYEHXOIMMQJY-NGXOUOCZSA-N,496.55,2.0,,True,False,False,phase_only,,Small molecule,MOL,0.91666675,95.30592619305204,True,,O=C1C=CC2C(=C1)CCC1C2CCC2C1CC1OCOC12,338,-6.33422460551829,docked,9DKB,-2.88892981087053,docked,7ALV,19.021364576154376,75.63749138525155,18.538938662991043,75.63749138525155,False
REP_02132,CHEMBL1738758,ONVANSERTIB,CN1CCN(c2ccc(OC(F)(F)F)c(Nc3ncc4c(n3)-c3c(c(C(N)=O)nn3CCO)CC4)c2)CC1,QHLVBNKYJGBCQJ-UHFFFAOYSA-N,532.53,2.0,,True,False,False,phase_only,,Small molecule,MOL,0.86763376,83.71198461353528,True,,c1cc(Nc2ncc3c(n2)-c2[nH]ncc2CC3)cc(N2CCNCC2)c1,1356,-6.32682533294593,docked,9DKB,-1.57837170008859,docked,7ALV,18.952446588559614,14.955203308063405,7.649896623018604,14.955203308063405,False
REP_00610,CHEMBL2096895,PRADEFOVIR,Nc1ncnc2c1ncn2CCOC[P@@]1(=O)OCC[C@@H](c2cccc(Cl)c2)O1,GWNHAOBXDGOXRR-HJFSHJIFSA-N,423.8,3.0,,True,False,False,phase_only,,Small molecule,MOL,0.9166666,85.41892054333454,True,,O=P1(COCCn2cnc3cncnc32)OCCC(c2ccccc2)O1,1288,-6.32542533713081,docked,9DKB,-4.66081693263129,docked,7ALV,18.88352860096485,24.017918676774638,54.10062026188835,54.10062026188835,False
REP_06831,CHEMBL5095029,PF-04634817,CO[C@@H]1COCC[C@@H]1N[C@@H]1CC[C@@](C(=O)N2C[C@@H]3C[C@H]2CN3c2cc(C(F)(F)F)ncn2)(C(C)C)C1,MCRWZBYTLVCCJJ-DKALBXGISA-N,511.59,2.0,,True,False,False,phase_only,,Small molecule,MOL,0.9166666,85.41892054333454,True,,O=C(C1CCC(NC2CCOCC2)C1)N1CC2CC1CN2c1ccncn1,1195,-6.32292114586581,docked,9DKB,-2.56307882225795,docked,7ALV,18.814610613370085,24.017918676774638,14.679531357684361,24.017918676774638,False
REP_00580,CHEMBL1922235,DAREXABAN,COc1ccc(C(=O)Nc2cccc(O)c2NC(=O)c2ccc(N3CCCN(C)CC3)cc2)cc1,IJNIQYINMSGIPS-UHFFFAOYSA-N,474.56,3.0,,True,False,False,phase_only,,Small molecule,MOL,1.0,98.35917778579156,True,,O=C(Nc1ccccc1NC(=O)c1ccc(N2CCCNCC2)cc1)c1ccccc1,243,-6.30698863405885,docked,9DKB,-4.63685178011309,docked,7ALV,18.745692625775323,91.38525155065473,53.34252239834597,91.38525155065473,False
REP_06470,CHEMBL432481,DEFERITRIN,C[C@]1(C(=O)O)CSC(c2ccc(O)cc2O)=N1,OEUUFNIKLCFNLN-LLVKDONJSA-N,253.28,2.0,,True,False,False,phase_only,,Small molecule,MOL,0.91666675,95.30592619305204,True,,c1ccc(C2=NCCS2)cc1,434,-6.29489699387046,docked,9DKB,-5.99083526759788,docked,7ALV,18.67677463818056,75.63749138525155,82.63266712611991,82.63266712611991,False
REP_02545,CHEMBL2103828,ELINOGREL,CNc1cc2[nH]c(=O)n(-c3ccc(NC(=O)NS(=O)(=O)c4ccc(Cl)s4)cc3)c(=O)c2cc1F,LGSDFTPAICUONK-UHFFFAOYSA-N,523.96,2.0,,True,False,False,phase_only,,Small molecule,MOL,0.9166666,85.41892054333454,True,,O=C(Nc1ccc(-n2c(=O)[nH]c3ccccc3c2=O)cc1)NS(=O)(=O)c1cccs1,1183,-6.28598708667298,docked,9DKB,-6.72486296454657,docked,7ALV,18.60785665058581,24.017918676774638,92.07443142660235,92.07443142660235,False
REP_00944,CHEMBL411070,GLYCOCHOLIC ACID,C[C@H](CCC(=O)NCC(=O)O)[C@H]1CC[C@H]2[C@@H]3[C@H](O)C[C@@H]4C[C@H](O)CC[C@]4(C)[C@H]3C[C@H](O)[C@]12C,RFDAIACWWDREDC-FRVQLJSFSA-N,465.63,3.0,,True,False,False,phase_only,,Small molecule,MOL,0.9166666,85.41892054333454,True,,C1CCC2C(C1)CCC1C3CCCC3CCC21,1259,-6.28338723364506,docked,9DKB,-5.71473295399491,docked,7ALV,18.538938662991043,24.017918676774638,78.2908339076499,78.2908339076499,False
REP_06872,CHEMBL5095097,EDECESERTIB,C[C@H](C#N)Nc1cc(-c2ccc3cc(C#N)cnn23)ncc1C(=O)NC[C@@H](F)C(C)(C)O,HORBHQPSWJRDSV-ZUOKHONESA-N,435.46,2.0,,True,False,False,phase_only,,Small molecule,MOL,0.9166667,90.38946988820771,True,,c1ccc(-c2ccc3cccnn23)nc1,853,-6.28017309279983,docked,9DKB,-4.36717360789697,docked,7ALV,18.47002067539628,50.137835975189525,46.31288766368022,50.137835975189525,False
REP_07833,CHEMBL3644672,BAY-1082439,COc1c(OC[C@H](O)CN2CCOCC2)ccc2c1N=C(NC(=O)c1cccnc1C)N1CCN=C21,JGNRMIWLBBNSMU-QGZVFWFLSA-N,494.55,1.0,,True,False,False,phase_only,,Small molecule,MOL,1.0,98.35917778579156,True,,O=C(NC1=Nc2cc(OCCCN3CCOCC3)ccc2C2=NCCN12)c1cccnc1,185,-6.27285841005542,docked,9DKB,-4.7269583582578,docked,7ALV,18.40110268780152,91.38525155065473,55.61681598897312,91.38525155065473,False
REP_02550,CHEMBL2103848,DEMIDITRAZ,Cc1cccc([C@H](C)c2ncc[nH]2)c1C,FXJRDUKXWHFPND-NSHDSACASA-N,200.28,2.0,,True,False,False,phase_only,,Small molecule,MOL,0.91666675,95.30592619305204,True,,c1ccc(Cc2ncc[nH]2)cc1,426,-6.26118135803017,docked,9DKB,-4.3335897853915,docked,7ALV,18.332184700206756,75.63749138525155,45.69262577532736,75.63749138525155,False
REP_02298,CHEMBL188462,ISPRONICLINE,CN[C@@H](C)C/C=C/c1cncc(OC(C)C)c1,RPCVIAXDAUMJJP-PZBABLGHSA-N,234.34,2.0,,True,False,False,phase_only,,Small molecule,MOL,0.9166667,90.38946988820771,True,,c1ccncc1,578,-6.25838750069374,docked,9DKB,-3.79953167376775,docked,7ALV,18.26326671261199,50.137835975189525,33.56305995864921,50.137835975189525,False
REP_04978,CHEMBL2170582,R-343,CNC(=O)COc1cccc(Nc2ncc(F)c(Nc3ccc4c(c3)NC(=O)C(F)(F)O4)n2)c1,MOXXQFNQDDSJHT-UHFFFAOYSA-N,474.4,2.0,,True,False,False,phase_only,,Small molecule,MOL,1.0,98.35917778579156,True,,O=C1COc2ccc(Nc3ccnc(Nc4ccccc4)n3)cc2N1,40,-6.25675371096359,docked,9DKB,-2.77343844231698,docked,7ALV,18.194348725017228,91.38525155065473,17.229496898690556,91.38525155065473,False
REP_05466,CHEMBL3120215,OSI-027,COc1cccc2cc(-c3nc([C@H]4CC[C@H](C(=O)O)CC4)n4ncnc(N)c34)[nH]c12,JROFGZPOBKIAEW-HAQNSBGRSA-N,406.45,2.0,,True,False,False,phase_only,,Small molecule,MOL,0.9166666,85.41892054333454,True,,c1ccc2[nH]c(-c3nc(C4CCCCC4)n4ncncc34)cc2c1,1282,-6.25212412320446,docked,9DKB,-5.03922799404298,docked,7ALV,18.125430737422466,24.017918676774638,62.64645072363887,62.64645072363887,False
REP_06859,CHEMBL5095080,QUABODEPISTAT,O=C1CCc2c(OC[C@]3(O)CCN(c4c(F)cc(Cl)cc4F)C[C@H]3O)ccc(F)c2N1,XZISSTDXPBUCJA-DYESRHJHSA-N,456.85,2.0,,True,False,False,phase_only,,Small molecule,MOL,0.5321703,81.1515807188364,True,,O=C1CCc2c(cccc2OCC2CCN(c3ccccc3)CC2)N1,1569,-6.2280111845797,docked,9DKB,-1.71486505143205,docked,7ALV,18.056512749827704,1.3783597518952446,8.476912474155752,8.476912474155752,False
REP_04261,CHEMBL2106961,PREDNISOLAMATE,CCN(CC)CC(=O)OCC(=O)[C@@]1(O)CC[C@H]2[C@@H]3CCC4=CC(=O)C=C[C@]4(C)[C@H]3[C@@H](O)C[C@@]21C,ILZSJEITWDWIRX-FOMYWIRZSA-N,473.61,2.0,,True,False,False,phase_only,,Small molecule,MOL,0.6500663,82.22142084385142,True,,O=C1C=CC2C(=C1)CCC1C3CCCC3CCC21,1480,-6.22336968489127,docked,9DKB,-3.54506809268182,docked,7ALV,17.987594762232938,7.0296347346657475,28.807718814610617,28.807718814610617,False
REP_01377,CHEMBL114586,SEPIMOSTAT,N=C(N)c1ccc2cc(OC(=O)c3ccc(NC4=NCCN4)cc3)ccc2c1,QMRJOIUGPCVZPH-UHFFFAOYSA-N,373.42,2.0,,True,False,False,phase_only,,Small molecule,MOL,0.83262885,83.57975718235366,True,,O=C(Oc1ccc2ccccc2c1)c1ccc(NC2=NCCN2)cc1,1367,-6.21628871843272,docked,9DKB,-0.414585151285747,docked,7ALV,17.918676774638175,14.266023432115782,3.7904893177119203,14.266023432115782,False
REP_01174,CHEMBL51483,GOSSYPOL,Cc1cc2c(C(C)C)c(O)c(O)c(C=O)c2c(O)c1-c1c(C)cc2c(C(C)C)c(O)c(O)c(C=O)c2c1O,QBKSWRVVCFFDOT-UHFFFAOYSA-N,518.56,3.0,,True,False,False,phase_only,,Small molecule,MOL,0.91666675,95.30592619305204,True,,c1ccc2cc(-c3ccc4ccccc4c3)ccc2c1,310,-6.21103221448232,docked,9DKB,-8.40918122239789,docked,7ALV,17.849758787043424,75.63749138525155,98.69055823569953,98.69055823569953,False
REP_06765,CHEMBL485980,BUCLADESINE,CCCC(=O)Nc1ncnc2c1ncn2[C@@H]1O[C@@H]2COP(=O)(O)O[C@H]2[C@H]1OC(=O)CCC,CJGYSWNGNKCJSB-YVLZZHOMSA-N,469.39,2.0,,True,False,False,phase_only,,Small molecule,MOL,0.9166667,90.38946988820771,True,,O=[PH]1OCC2OC(n3cnc4cncnc43)CC2O1,960,-6.20548827217793,docked,9DKB,-6.46042133719749,docked,7ALV,17.78084079944866,50.137835975189525,88.97312198483804,88.97312198483804,False
REP_07036,CHEMBL5314471,MIGOPROTAFIB,N[C@@H]1c2ccccc2OC12CCN(c1cnc3c(N4CCCc5ncccc54)nnc-3[nH]1)CC2,RGCGBFIARQENML-JOCHJYFZSA-N,454.54,2.0,,True,False,False,phase_only,,Small molecule,MOL,0.91666675,95.30592619305204,True,,c1ccc2c(c1)CC1(CCN(c3cnc4c(N5CCCc6ncccc65)nnc-4[nH]3)CC1)O2,312,-6.19493371436334,docked,9DKB,-4.45862172969135,docked,7ALV,17.711922811853896,75.63749138525155,48.65609924190214,75.63749138525155,False
REP_05907,CHEMBL38458,LEDOXANTRONE,CCN(CC)CCn1nc2c3c(c(NCCN)ccc31)Sc1cc(O)ccc1-2,HPCHDLLMIWHKBW-UHFFFAOYSA-N,397.55,2.0,,True,False,False,phase_only,,Small molecule,MOL,1.0,98.35917778579156,True,,c1ccc2c(c1)Sc1cccc3[nH]nc-2c13,24,-6.18972162532205,docked,9DKB,-2.99082035534342,docked,7ALV,17.643004824259133,91.38525155065473,20.330806340454856,91.38525155065473,False
REP_04405,CHEMBL2107225,TRICLONIDE,CC1(C)O[C@@H]2C[C@H]3[C@@H]4C[C@H](F)C5=CC(=O)C=C[C@]5(C)[C@@]4(Cl)[C@@H](Cl)C[C@]3(C)[C@]2(C(=O)CCl)O1,VSVSLEMVVAYTQW-VSXGLTOVSA-N,505.84,2.0,,True,False,False,phase_only,,Small molecule,MOL,0.6197926,81.96898665705012,True,,O=C1C=CC2C(=C1)CCC1C2CCC2C1CC1OCOC12,1501,-6.18302085985414,docked,9DKB,-2.50122107048237,docked,7ALV,17.57408683666437,5.720192970365265,14.128187456926256,14.128187456926256,False
REP_05129,CHEMBL2431768,LCL-161,CN[C@@H](C)C(=O)N[C@H](C(=O)N1CCC[C@H]1c1nc(C(=O)c2ccc(F)cc2)cs1)C1CCCCC1,UFPFGVNKHCLJJO-SSKFGXFMSA-N,500.64,2.0,,True,False,False,phase_only,,Small molecule,MOL,0.9166667,90.38946988820771,True,,O=C(c1ccccc1)c1csc(C2CCCN2C(=O)CC2CCCCC2)n1,991,-6.1716763103941,docked,9DKB,-6.19950785855052,docked,7ALV,17.50516884906961,50.137835975189525,85.73397656788421,85.73397656788421,False
REP_05599,CHEMBL3305901,MK-0812,CO[C@@H]1COCC[C@@H]1N[C@@H]1CC[C@@](C(=O)N2CCc3ncc(C(F)(F)F)cc3C2)(C(C)C)C1,MTMDXAIUENDNDL-RJSMDTJLSA-N,469.55,2.0,,True,False,False,phase_only,,Small molecule,MOL,0.88580173,83.82017069359297,True,,O=C(C1CCC(NC2CCOCC2)C1)N1CCc2ncccc2C1,1347,-6.16429348276366,docked,9DKB,-5.23069917323432,docked,7ALV,17.436250861474846,15.575465196416264,67.95313576843556,67.95313576843556,False
REP_01111,CHEMBL4761468,AUMOLERTINIB,C=CC(=O)Nc1cc(Nc2nccc(-c3cn(C4CC4)c4ccccc34)n2)c(OC)cc1N(C)CCN(C)C,DOEOECWDNSEFDN-UHFFFAOYSA-N,525.66,3.0,,True,False,False,phase_only,,Small molecule,MOL,0.9166667,90.38946988820771,True,,c1ccc(Nc2nccc(-c3cn(C4CC4)c4ccccc34)n2)cc1,1034,-6.1532608932432,docked,9DKB,-5.21829221806617,docked,7ALV,17.36733287388008,50.137835975189525,67.53962784286699,67.53962784286699,False
REP_06708,CHEMBL475251,R-406,COc1cc(Nc2ncc(F)c(Nc3ccc4c(n3)NC(=O)C(C)(C)O4)n2)cc(OC)c1OC,NHHQJBCNYHBUSI-UHFFFAOYSA-N,470.46,2.0,,True,False,False,phase_only,,Small molecule,MOL,0.9166667,90.38946988820771,True,,O=C1COc2ccc(Nc3ccnc(Nc4ccccc4)n3)nc2N1,1066,-6.1437887330453,docked,9DKB,-2.99987243801587,docked,7ALV,17.298414886285318,50.137835975189525,20.46864231564438,50.137835975189525,False
REP_07911,CHEMBL4285883,OLEANDRIN,CO[C@H]1C[C@H](O[C@H]2CC[C@@]3(C)[C@H](CC[C@@H]4[C@@H]3CC[C@]3(C)[C@@H](C5=CC(=O)OC5)[C@@H](OC(C)=O)C[C@]43O)C2)O[C@@H](C)[C@@H]1O,JLPDBLFIVFSOCC-XYXFTTADSA-N,576.73,1.0,,True,False,False,phase_only,,Small molecule,MOL,0.9166667,90.38946988820771,True,,O=C1C=C(C2CCC3C2CCC2C4CCC(OC5CCCCO5)CC4CCC23)CO1,817,-6.12874281179127,docked,9DKB,-2.91133790068865,docked,7ALV,17.229496898690556,50.137835975189525,19.09028256374914,50.137835975189525,False
REP_06869,CHEMBL5095093,CANOCAPAVIR,O=C1CO[C@H](c2cn(-c3ccc(Br)cc3)nc2-c2ccc(F)cc2)N1CCc1ccc2[nH]c(=O)[nH]c2c1,YGPZZDKSASSELG-AREMUKBSSA-N,562.4,2.0,,True,False,False,phase_only,,Small molecule,MOL,0.5904751,81.74059382137277,True,,O=C1COC(c2cn(-c3ccccc3)nc2-c2ccccc2)N1CCc1ccc2[nH]c(=O)[nH]c2c1,1520,-6.11272749135931,docked,9DKB,-1.04070399079498,docked,7ALV,17.16057891109579,4.410751206064782,5.513439007580978,5.513439007580978,False
REP_06918,CHEMBL5095251,CEPEROGNASTAT,CC(=O)Nc1nc(F)c(CN2CC[C@H](OCc3noc(C)n3)C[C@@H]2C)s1,FRVXHWNHGWUTQO-CABZTGNLSA-N,383.45,2.0,,True,False,False,phase_only,,Small molecule,MOL,0.9166667,90.38946988820771,True,,c1nc(COC2CCN(Cc3cncs3)CC2)no1,820,-6.10867601783486,docked,9DKB,-4.54580752692262,docked,7ALV,17.091660923501028,50.137835975189525,51.13714679531358,51.13714679531358,False
REP_05098,CHEMBL2364615,LUBABEGRON,CC(C)(Cc1ccc(Oc2ncccc2C#N)cc1)NC[C@H](O)COc1ccccc1-c1cccs1,WIKLBKJBYSBYLL-QHCPKHFHSA-N,499.64,2.0,,True,False,False,phase_only,,Small molecule,MOL,0.91666675,95.30592619305204,True,,c1ccc(Oc2ccc(CCNCCCOc3ccccc3-c3cccs3)cc2)nc1,396,-6.09656366114939,docked,9DKB,-2.95417261661309,docked,7ALV,17.022742935906276,75.63749138525155,19.98621640248105,75.63749138525155,False
REP_04424,CHEMBL2107273,FLUAZACORT,CC(=O)OCC(=O)[C@@]12N=C(C)O[C@@H]1C[C@H]1[C@@H]3CCC4=CC(=O)C=C[C@]4(C)[C@@]3(F)[C@@H](O)C[C@@]12C,BYZCJOHDXLROEC-RBWIMXSLSA-N,459.51,2.0,,True,False,False,phase_only,,Small molecule,MOL,0.9166667,90.38946988820771,True,,O=C1C=CC2C(=C1)CCC1C2CCC2C1CC1OC=NC12,691,-6.09534906749757,docked,9DKB,-2.92060896193861,docked,7ALV,16.953824948311514,50.137835975189525,19.228118538938666,50.137835975189525,False
REP_01791,CHEMBL1443577,SULFACHLORPYRIDAZINE,Nc1ccc(S(=O)(=O)Nc2ccc(Cl)nn2)cc1,XOXHILFPRYWFOD-UHFFFAOYSA-N,284.73,2.0,,True,False,False,phase_only,,Small molecule,MOL,0.57475764,81.5843250390672,True,,O=S(=O)(Nc1cccnn1)c1ccccc1,1533,-6.08777558051887,docked,9DKB,-6.36323776597628,docked,7ALV,16.88490696071675,3.5148173673328738,87.73259820813233,87.73259820813233,False
REP_07779,CHEMBL3287735,GSK2816126,CC[C@H](C)n1cc(C)c2c(C(=O)NCc3c(C)cc(C)[nH]c3=O)cc(-c3ccc(N4CCNCC4)nc3)cc21,FKSFKBQGSFSOSM-QFIPXVFZSA-N,526.69,1.0,,True,False,False,phase_only,,Small molecule,MOL,0.9166667,90.38946988820771,True,,O=C(NCc1ccc[nH]c1=O)c1cc(-c2ccc(N3CCNCC3)nc2)cc2[nH]ccc12,758,-6.07539697248911,docked,9DKB,3.60858297078604,docked,7ALV,16.815988973121986,50.137835975189525,0.4135079255685681,50.137835975189525,False
REP_01984,CHEMBL1621346,TANSHINONE IIA SULFONIC ACID,Cc1c(S(=O)(=O)O)oc2c1C(=O)C(=O)c1c-2ccc2c1CCCC2(C)C,UJCACMLMPLLRGW-UHFFFAOYSA-N,374.41,2.0,,True,False,False,phase_only,,Small molecule,MOL,1.0,98.35917778579156,True,,O=C1C(=O)c2c(ccc3c2CCCC3)-c2occc21,6,-6.07249935872975,docked,9DKB,-5.27132879844295,docked,7ALV,16.747070985527223,91.38525155065473,68.81461061337009,91.38525155065473,False
REP_08190,CHEMBL5314917,IDRX-42,Cn1cc(-c2ccc(CNc3cc(-c4cnc5cc(OCCCN6CCCC6)ccn45)ncn3)cc2)cn1,LVMAULGVWBINFP-UHFFFAOYSA-N,508.63,1.0,,True,False,False,phase_only,,Small molecule,MOL,0.9166667,90.38946988820771,True,,c1nc(NCc2ccc(-c3cn[nH]c3)cc2)cc(-c2cnc3cc(OCCCN4CCCC4)ccn23)n1,536,-6.06529612970614,docked,9DKB,-4.90883971600892,docked,7ALV,16.67815299793246,50.137835975189525,59.476223294279805,59.476223294279805,False
REP_08179,CHEMBL5314419,TOREZOLID PHOSPHATE DISODIUM,Cn1nnc(-c2ccc(-c3ccc(N4C[C@H](COP(=O)([O-])[O-])OC4=O)cc3F)cn2)n1,QCGUSIANLFXSGE-GFCCVEGCSA-L,448.31,1.0,,True,False,False,phase_only,,Small molecule,MOL,1.0,98.35917778579156,True,,O=C1OCCN1c1ccc(-c2ccc(-c3nn[nH]n3)nc2)cc1,231,-6.04803561839234,docked,9DKB,-4.73792626112821,docked,7ALV,16.6092350103377,91.38525155065473,56.030323914541704,91.38525155065473,False
REP_07257,CHEMBL6000618,CRELOSIDENIB,C=CC(=O)N1CCN([C@@H](CC2CC2)c2ccc([C@H](C)Nc3ncc4c(n3)N(CC)C(=O)OC4)cc2)CC1,AFGYODUJVVOZAX-CYFREDJKSA-N,504.64,2.0,,True,False,False,phase_only,,Small molecule,MOL,0.9166667,90.38946988820771,True,,O=C1Nc2nc(NCc3ccc(C(CC4CC4)N4CCNCC4)cc3)ncc2CO1,562,-6.03542589823774,docked,9DKB,-3.5416692079518,docked,7ALV,16.540317022742933,50.137835975189525,28.394210889042036,50.137835975189525,False
REP_05729,CHEMBL3545303,TOTROMBOPAG,CC1=NN(c2ccc(C)c(C)c2)C(=O)/C1=N\Nc1cccc(-c2cccc(-c3nnn[nH]3)c2)c1O,IIBBJCNVTRCTDV-QYQHSDTDSA-N,466.51,2.0,,True,False,False,phase_only,,Small molecule,MOL,0.9166667,90.38946988820771,True,,O=C1C(=NNc2cccc(-c3cccc(-c4nnn[nH]4)c3)c2)C=NN1c1ccccc1,659,-6.03411465437739,docked,9DKB,-5.33470035579515,docked,7ALV,16.47139903514817,50.137835975189525,69.81392143349414,69.81392143349414,False
REP_07907,CHEMBL4241824,GSK-3008348 FREE BASE,Cc1cc(C)n(-c2cccc([C@H](CC(=O)O)CN3CC[C@@H](CCc4ccc5c(n4)NCCC5)C3)c2)n1,ZMXBIIQMSGOIRZ-RCZVLFRGSA-N,487.65,1.0,,True,False,False,phase_only,,Small molecule,MOL,0.5725967,81.57230436350524,True,,c1cc(CCN2CCC(CCc3ccc4c(n3)NCCC4)C2)cc(-n2cccn2)c1,1534,-6.03396878787109,docked,9DKB,-5.58639114375054,docked,7ALV,16.402481047553408,3.445899379738112,75.67195037904894,75.67195037904894,False
REP_01168,CHEMBL5095398,IVARMACITINIB,COc1nsc(NC(=O)N2C[C@H]3C[C@H](N(C)c4ncnc5[nH]ccc45)C[C@H]3C2)n1,DNBCBAXDWNDRNO-GDNZZTSVSA-N,414.5,3.0,,True,False,False,phase_only,,Small molecule,MOL,0.9166667,90.38946988820771,True,,O=C(Nc1ncns1)N1CC2CC(Nc3ncnc4[nH]ccc34)CC2C1,547,-6.03390042790219,docked,9DKB,-3.42573430475242,docked,7ALV,16.333563059958646,50.137835975189525,26.602343211578216,50.137835975189525,False
REP_06022,CHEMBL3989596,LEURUBICIN,COc1cccc2c1C(=O)c1c(O)c3c(c(O)c1C2=O)C[C@@](O)(C(=O)CO)C[C@@H]3O[C@H]1C[C@H](NC(=O)[C@@H](N)CC(C)C)[C@H](O)[C@H](C)O1,HROXIDVVXKDCBD-ZUWKMVCBSA-N,656.69,2.0,,True,False,False,phase_only,,Small molecule,MOL,0.9166666,85.41892054333454,True,,O=C1c2ccccc2C(=O)c2cc3c(cc21)CCCC3OC1CCCCO1,1126,-6.03354192699541,docked,9DKB,-6.53054948923018,docked,7ALV,16.26464507236389,24.017918676774638,89.86905582356995,89.86905582356995,False
REP_01876,CHEMBL153774,TOPIXANTRONE,CN(C)CCNc1ccc2c3c(nn2CCNCCO)-c2cnccc2C(=O)c13,ZHAKYGFJVGCOAE-UHFFFAOYSA-N,394.48,2.0,,True,False,False,phase_only,,Small molecule,MOL,0.5053183,80.935208558721,True,,O=C1c2ccncc2-c2n[nH]c3cccc1c23,1587,-6.01951970122033,docked,9DKB,-3.50339326690588,docked,7ALV,16.19572708476913,0.13783597518952445,27.636113025499654,27.636113025499654,False
REP_08262,CHEMBL6068523,RLY-2608,N#Cc1c(-c2cc(NC(=O)c3cc(F)cc(C(F)(F)F)c3)c3c(c2)C(=O)N[C@H]3c2cc(F)ccc2Cl)ccc2ncnn12,VYWRYBZVVSPTQN-SANMLTNESA-N,608.91,1.0,,True,False,False,phase_only,,Small molecule,MOL,1.0,98.35917778579156,True,,O=C(Nc1cc(-c2ccc3ncnn3c2)cc2c1C(c1ccccc1)NC2=O)c1ccccc1,1,-5.9915759603106,docked,9DKB,-0.515996522514334,docked,7ALV,16.126809097174366,91.38525155065473,4.066161268090973,91.38525155065473,False
REP_07551,CHEMBL96172,EPOTHILONE D,C/C1=C/C[C@@H](/C(C)=C/c2csc(C)n2)OC(=O)C[C@H](O)C(C)(C)C(=O)[C@H](C)[C@@H](O)[C@@H](C)CCC1,XOZIUKBZLSUILX-GIQCAXHBSA-N,491.69,2.0,,True,False,False,phase_only,,Small molecule,MOL,1.0,98.35917778579156,True,,O=C1CCCCCCC=CCC(C=Cc2cscn2)OC(=O)CCC1,68,-5.97869544363988,docked,9DKB,-3.66763049110329,docked,7ALV,16.057891109579604,91.38525155065473,31.013094417643007,91.38525155065473,False
REP_06878,CHEMBL5095103,IZUFORANT,CNC1CN(c2nc3ncc(Br)cc3n3cnnc23)C1,MMVBKZHQTLDYKG-UHFFFAOYSA-N,334.18,2.0,,True,False,False,phase_only,,Small molecule,MOL,0.9166667,90.38946988820771,True,,c1cnc2nc(N3CCC3)c3nncn3c2c1,851,-5.96770111074343,docked,9DKB,-3.61458367949039,docked,7ALV,15.98897312198484,50.137835975189525,30.392832529290146,50.137835975189525,False
REP_00881,CHEMBL3697617,TAVAPADON,Cc1cc(Oc2ncccc2C(F)(F)F)ccc1-c1c(C)c(=O)[nH]c(=O)n1C,AKQXQLUNFKDZBN-UHFFFAOYSA-N,391.35,3.0,,True,False,False,phase_only,,Small molecule,MOL,0.9166667,90.38946988820771,True,,O=c1cc(-c2ccc(Oc3ccccn3)cc2)[nH]c(=O)[nH]1,792,-5.95970367771303,docked,9DKB,-3.37849583943069,docked,7ALV,15.920055134390076,50.137835975189525,26.05099931082012,50.137835975189525,False
REP_05292,CHEMBL28211,NAFOXIDINE,COc1ccc2c(c1)CCC(c1ccccc1)=C2c1ccc(OCCN2CCCC2)cc1,JEYWNNAZDLFBFF-UHFFFAOYSA-N,425.57,2.0,,True,False,False,phase_only,,Small molecule,MOL,0.9166667,90.38946988820771,True,,c1ccc(C2=C(c3ccc(OCCN4CCCC4)cc3)c3ccccc3CC2)cc1,785,-5.95828766731676,docked,9DKB,-1.98244992704579,docked,7ALV,15.851137146795313,50.137835975189525,10.130944176430045,50.137835975189525,False
REP_01013,CHEMBL4297608,ELDECALCITOL,C=C1/C(=C\C=C2/CCC[C@]3(C)[C@@H]([C@H](C)CCCC(C)(C)O)CC[C@@H]23)C[C@@H](O)[C@@H](OCCCO)[C@@H]1O,FZEXGDDBXLBRTD-AYIMTCTASA-N,490.73,3.0,,True,False,False,phase_only,,Small molecule,MOL,0.5661083,81.48815963457146,True,,C=C1CCCCC1=CC=C1CCCC2CCCC12,1541,-5.95582873188304,docked,9DKB,-5.94910604581635,docked,7ALV,15.782219159200551,3.0323914541695385,81.87456926257754,81.87456926257754,False
REP_01252,CHEMBL68055,ACOLBIFENE,CC1=C(c2ccc(O)cc2)[C@H](c2ccc(OCCN3CCCCC3)cc2)Oc2cc(O)ccc21,DUYNJNWVGIWJRI-LJAQVGFWSA-N,457.57,3.0,,True,False,False,phase_only,,Small molecule,MOL,1.0,98.35917778579156,True,,C1=C(c2ccccc2)C(c2ccc(OCCN3CCCCC3)cc2)Oc2ccccc21,124,-5.94630969353288,docked,9DKB,-5.77443590208527,docked,7ALV,15.713301171605787,91.38525155065473,79.3935217091661,91.38525155065473,False
REP_01028,CHEMBL4297865,ABIVERTINIB,C=CC(=O)Nc1cccc(Oc2nc(Nc3ccc(N4CCN(C)CC4)c(F)c3)nc3[nH]ccc23)c1,UOFYSRZSLXWIQB-UHFFFAOYSA-N,487.54,3.0,,True,False,False,phase_only,,Small molecule,MOL,0.9166667,90.38946988820771,True,,c1ccc(Oc2nc(Nc3ccc(N4CCNCC4)cc3)nc3[nH]ccc23)cc1,1027,-5.94361465997787,docked,9DKB,-3.25575700969232,docked,7ALV,15.644383184011023,50.137835975189525,23.845623707787734,50.137835975189525,False
REP_01891,CHEMBL1555467,ANAZOLENE,O=S(=O)(O)c1cc(O)c2c(/N=N/c3ccc(Nc4ccccc4)c4c(S(=O)(=O)O)cccc34)cc(S(=O)(=O)O)cc2c1,QFVHZQCOUORWEI-ZQHSETAFSA-N,629.65,2.0,,True,False,False,phase_only,,Small molecule,MOL,0.9166666,85.41892054333454,True,,c1ccc(Nc2ccc(N=Nc3cccc4ccccc34)c3ccccc23)cc1,1144,-5.94349722929425,docked,9DKB,-5.05763410517723,docked,7ALV,15.57546519641626,24.017918676774638,63.6802205375603,63.6802205375603,False
REP_02047,CHEMBL1688852,VALNEMULIN,C=C[C@]1(C)C[C@@H](OC(=O)CSC(C)(C)CNC(=O)[C@H](N)C(C)C)[C@]2(C)[C@H](C)CC[C@]3(CCC(=O)[C@H]32)[C@@H](C)[C@@H]1O,LLYYNOVSVPBRGV-MVNKZKPCSA-N,564.83,2.0,,True,False,False,phase_only,,Small molecule,MOL,0.9166666,85.41892054333454,True,,O=C1CCC23CCCCCC(CCC2)C13,1245,-5.93636234274797,docked,9DKB,-2.71291207696351,docked,7ALV,15.506547208821498,24.017918676774638,16.47139903514817,24.017918676774638,False
REP_01458,CHEMBL119549,ANDOLAST,O=C(Nc1ccc(-c2nnn[nH]2)cc1)c1ccc(-c2nnn[nH]2)cc1,VXEBMQZDPONDFB-UHFFFAOYSA-N,333.31,2.0,,True,False,False,phase_only,,Small molecule,MOL,0.9166667,90.38946988820771,True,,O=C(Nc1ccc(-c2nnn[nH]2)cc1)c1ccc(-c2nnn[nH]2)cc1,699,-5.93396760593462,docked,9DKB,-2.28801420312301,docked,7ALV,15.437629221226745,50.137835975189525,12.405237767057198,50.137835975189525,False
REP_00906,CHEMBL3916929,BALCINRENONE,CNC(=O)C[C@H]1COc2cc(F)ccc2N1C(=O)c1ccc2c(c1)NC(=O)CO2,MBKYLPOPYYLTNW-ZDUSSCGKSA-N,399.38,3.0,,True,False,False,phase_only,,Small molecule,MOL,0.9166667,90.38946988820771,True,,O=C1COc2ccc(C(=O)N3CCOc4ccccc43)cc2N1,865,-5.93269233562839,docked,9DKB,-2.06089907628955,docked,7ALV,15.368711233631982,50.137835975189525,10.820124052377667,50.137835975189525,False
REP_01598,CHEMBL1256815,PRADOFLOXACIN,N#Cc1c(N2C[C@@H]3CCCN[C@@H]3C2)c(F)cc2c(=O)c(C(=O)O)cn(C3CC3)c12,LZLXHGFNOWILIY-APPDUMDISA-N,396.42,2.0,,True,False,False,phase_only,,Small molecule,MOL,0.9166667,90.38946988820771,True,,O=c1ccn(C2CC2)c2cc(N3CC4CCCNC4C3)ccc12,1072,-5.92789681791502,docked,9DKB,-2.44262045824036,docked,7ALV,15.299793246037218,50.137835975189525,13.783597518952451,50.137835975189525,False
REP_06584,CHEMBL4594275,GUSACITINIB,N#CCC1CCN(c2nc(Nc3ccc(N4CCC(O)CC4)cc3)c3c(=O)[nH]ncc3n2)CC1,NLFLXLJXEIUQDL-UHFFFAOYSA-N,460.54,2.0,,True,False,False,phase_only,,Small molecule,MOL,0.9166666,85.41892054333454,True,,O=c1[nH]ncc2nc(N3CCCCC3)nc(Nc3ccc(N4CCCCC4)cc3)c12,1123,-5.92561536854528,docked,9DKB,-2.81705100034443,docked,7ALV,15.230875258442456,24.017918676774638,17.643004824259133,24.017918676774638,False
REP_04651,CHEMBL2107772,RIMACALIB,C[C@@H](c1ccc(-c2ccccc2)c(F)c1)c1cc(NC(=N)N2CCOCC2)on1,MYTIJGWONQOOLC-HNNXBMFYSA-N,394.45,2.0,,True,False,False,phase_only,,Small molecule,MOL,1.0,98.35917778579156,True,,N=C(Nc1cc(Cc2ccc(-c3ccccc3)cc2)no1)N1CCOCC1,136,-5.92414067782359,docked,9DKB,-6.75859040811887,docked,7ALV,15.161957270847692,91.38525155065473,92.28118538938664,92.28118538938664,False
REP_05724,CHEMBL3545278,ATX08-001,CCCCCS(=O)(=O)NC(=O)c1ccc2nc(C)n(Cc3ccc(Cl)cc3Cl)c2c1,UYGZODVVDUIDDQ-UHFFFAOYSA-N,468.41,2.0,,True,False,False,phase_only,,Small molecule,MOL,0.5835973,81.656449092439,True,,c1ccc(Cn2cnc3ccccc32)cc1,1527,-5.91645201156336,docked,9DKB,-7.5686851876178,docked,7ALV,15.09303928325293,3.9283252929014476,96.76085458304617,96.76085458304617,False
REP_07494,CHEMBL87223,AMINOQUINURIDE,Cc1cc(N)c2cc(NC(=O)Nc3ccc4nc(C)cc(N)c4c3)ccc2n1,HOUSDILKOJMENG-UHFFFAOYSA-N,372.43,2.0,,True,False,False,phase_only,,Small molecule,MOL,1.0,98.35917778579156,True,,O=C(Nc1ccc2ncccc2c1)Nc1ccc2ncccc2c1,74,-5.91283317355161,docked,9DKB,-4.43691107912203,docked,7ALV,15.024121295658166,91.38525155065473,48.1736733287388,91.38525155065473,False
REP_06357,CHEMBL4297427,SCH-486757,O[C@]1(c2ncccn2)C[C@H]2CC[C@@H](C1)N2C(c1ccccc1Cl)c1ccccc1Cl,MQWMHMZNBGQNMT-XHNJZIHCSA-N,440.37,2.0,,True,False,False,phase_only,,Small molecule,MOL,0.9166666,85.41892054333454,True,,c1ccc(C(c2ccccc2)N2C3CCC2CC(c2ncccn2)C3)cc1,1258,-5.9115847541051,docked,9DKB,-3.90115040703509,docked,7ALV,14.955203308063403,24.017918676774638,35.630599586492075,35.630599586492075,False
REP_01850,CHEMBL150980,MOXIRAPRINE,Cc1cc(-c2ccc(O)cc2)nnc1NCCN1CCOCC1,ADRHYFBXMFKHDO-UHFFFAOYSA-N,314.39,2.0,,True,False,False,phase_only,,Small molecule,MOL,0.86399627,83.67592258684938,True,,c1ccc(-c2ccc(NCCN3CCOCC3)nn2)cc1,1359,-5.90901710668672,docked,9DKB,-6.71445459182022,docked,7ALV,14.88628532046864,14.817367332873879,91.7987594762233,91.7987594762233,False
REP_04910,CHEMBL2111088,DENIBULIN,COC(=O)Nc1nc2cc(Sc3ccc(NC(=O)[C@H](C)N)cc3)ccc2[nH]1,GAOHLWCIAJNSEE-JTQLQIEISA-N,385.45,2.0,,True,False,False,phase_only,,Small molecule,MOL,0.91666675,95.30592619305204,True,,c1ccc(Sc2ccc3[nH]cnc3c2)cc1,467,-5.89639688307086,docked,9DKB,-2.8381939834192,docked,7ALV,14.817367332873877,75.63749138525155,17.78084079944866,75.63749138525155,False
REP_04194,CHEMBL2106813,GALOCITABINE,COc1cc(C(=O)Nc2nc(=O)n([C@@H]3O[C@H](C)[C@@H](O)[C@H]3O)cc2F)cc(OC)c1OC,TVYPSLDUBVTDIS-FUOMVGGVSA-N,439.4,2.0,,True,False,False,phase_only,,Small molecule,MOL,0.9166666,85.41892054333454,True,,O=C(Nc1ccn(C2CCCO2)c(=O)n1)c1ccccc1,1242,-5.88784583585635,docked,9DKB,-6.54827388762716,docked,7ALV,14.748449345279113,24.017918676774638,90.21364576154376,90.21364576154376,False
REP_04001,CHEMBL2106447,NICOCORTONIDE,C/C=C/C1O[C@]2(C(=O)COC(=O)c3cccnc3)CC[C@@]3(O1)[C@@H]1CCC4=CC(=O)CC[C@]4(C)[C@H]1[C@@H](O)C[C@]23C,NAXHODQTSUXYNT-VOHINOEZSA-N,535.64,2.0,,True,False,False,phase_only,,Small molecule,MOL,0.9166667,90.38946988820771,True,,O=C1C=C2CCC3C(CCC4C5(C(=O)COC(=O)c6cccnc6)CCC34OCO5)C2CC1,787,-5.87335725888018,docked,9DKB,-3.93130669672643,docked,7ALV,14.679531357684361,50.137835975189525,36.3197794624397,50.137835975189525,False
REP_06230,CHEMBL4209157,LIFIRAFENIB,O=C1CCc2c(Oc3ccc4c(c3)[C@@H]3[C@H](O4)[C@H]3c3nc4cc(C(F)(F)F)ccc4[nH]3)ccnc2N1,NGFFVZQXSRKHBM-FKBYEOEOSA-N,478.43,2.0,,True,False,False,phase_only,,Small molecule,MOL,0.9166666,85.41892054333454,True,,O=C1CCc2c(Oc3ccc4c(c3)C3C(O4)C3c3nc4ccccc4[nH]3)ccnc2N1,1270,-5.8679671881095,docked,9DKB,-2.98812896671834,docked,7ALV,14.610613370089599,24.017918676774638,20.26188835286009,24.017918676774638,False
REP_08007,CHEMBL4545915,PUQUITINIB MESYLATE DIHYDRATE,c1cnc2ccc(Nc3nc(NC4CC4)c4nc[nH]c4n3)cc2c1,QUTFBURLXCODBH-UHFFFAOYSA-N,317.36,1.0,,True,False,False,phase_only,,Small molecule,MOL,0.91666675,95.30592619305204,True,,c1cnc2ccc(Nc3nc(NC4CC4)c4nc[nH]c4n3)cc2c1,429,-5.85947362328338,docked,9DKB,-5.28119399324239,docked,7ALV,14.541695382494835,75.63749138525155,69.12474155754651,75.63749138525155,False
REP_05719,CHEMBL3545224,BURIXAFOR,Nc1cc(N2CCN(CCP(=O)(O)O)CC2)nc(NCC2CCC(CNCCCNC3CCCCC3)CC2)n1,QLVSJMZJSABWRX-UHFFFAOYSA-N,566.73,2.0,,True,False,False,phase_only,,Small molecule,MOL,0.9166667,90.38946988820771,True,,c1cc(N2CCNCC2)nc(NCC2CCC(CNCCCNC3CCCCC3)CC2)n1,683,-5.85434730149569,docked,9DKB,-5.09112958304592,docked,7ALV,14.47277739490007,50.137835975189525,64.57615437629221,64.57615437629221,False
REP_00748,CHEMBL2387408,LINERIXIBAT,CCCC[C@]1(CC)CS(=O)(=O)c2cc(CNC(CC(=O)O)CC(=O)O)c(OC)cc2[C@@H](c2ccccc2)N1,CZGVOBIGEBDYTP-VSGBNLITSA-N,546.69,3.0,,True,False,False,phase_only,,Small molecule,MOL,0.9166666,85.41892054333454,True,,O=S1(=O)CCNC(c2ccccc2)c2ccccc21,1224,-5.85080310324851,docked,9DKB,-2.58407720987353,docked,7ALV,14.403859407305308,24.017918676774638,14.817367332873877,24.017918676774638,False
REP_05953,CHEMBL3982723,DAROVASERTIB,CC1(N)CCN(c2cccnc2NC(=O)c2nc(-c3ncccc3C(F)(F)F)cnc2N)CC1,XXJXHXJWQSCNPX-UHFFFAOYSA-N,472.48,2.0,,True,False,False,phase_only,,Small molecule,MOL,0.9166667,90.38946988820771,True,,O=C(Nc1ncccc1N1CCCCC1)c1cncc(-c2ccccn2)n1,642,-5.84757119761225,docked,9DKB,-5.44644688144012,docked,7ALV,14.334941419710546,50.137835975189525,71.95037904893178,71.95037904893178,False
REP_01222,CHEMBL562668,OTENABANT,CCNC1(C(N)=O)CCN(c2ncnc3c2nc(-c2ccccc2Cl)n3-c2ccc(Cl)cc2)CC1,UNAZAADNBYXMIV-UHFFFAOYSA-N,510.43,3.0,,True,False,False,phase_only,,Small molecule,MOL,0.9166666,85.41892054333454,True,,c1ccc(-c2nc3c(N4CCCCC4)ncnc3n2-c2ccccc2)cc1,1329,-5.83758349934235,docked,9DKB,-4.18942082184174,docked,7ALV,14.266023432115782,24.017918676774638,41.76430048242591,41.76430048242591,False
REP_06311,CHEMBL4297296,KOS-1584,C/C1=C/C[C@@H](/C(C)=C/c2csc(C)n2)OC(=O)C[C@H](O)C(C)(C)C(=O)[C@H](C)[C@@H](O)[C@@H](C)/C=C/C1,XAYAKDZVINDZGB-BMVMHAJPSA-N,489.68,2.0,,True,False,False,phase_only,,Small molecule,MOL,1.0,98.35917778579156,True,,O=C1CCCC=CCC=CCC(C=Cc2cscn2)OC(=O)CCC1,153,-5.83756183084502,docked,9DKB,-1.52464548428017,docked,7ALV,14.197105444521018,91.38525155065473,7.167470709855273,91.38525155065473,False
REP_05125,CHEMBL2408045,SAPITINIB,CNC(=O)CN1CCC(Oc2cc3c(Nc4cccc(Cl)c4F)ncnc3cc2OC)CC1,DFJSJLGUIXFDJP-UHFFFAOYSA-N,473.94,2.0,,True,False,False,phase_only,,Small molecule,MOL,0.9166667,90.38946988820771,True,,c1ccc(Nc2ncnc3ccc(OC4CCNCC4)cc23)cc1,990,-5.83446036948847,docked,9DKB,-0.768383159405884,docked,7ALV,14.128187456926256,50.137835975189525,4.410751206064778,50.137835975189525,False
REP_05046,CHEMBL223402,RSV-604,O=C(Nc1ccccc1F)N[C@H]1N=C(c2ccccc2)c2ccccc2NC1=O,MTPVBMVUENFFLL-HXUWFJFHSA-N,388.4,2.0,,True,False,False,phase_only,,Small molecule,MOL,0.91666675,95.30592619305204,True,,O=C(Nc1ccccc1)NC1N=C(c2ccccc2)c2ccccc2NC1=O,464,-5.82891535025272,docked,9DKB,-1.75592644962056,docked,7ALV,14.059269469331493,75.63749138525155,8.752584424534804,75.63749138525155,False
REP_03703,CHEMBL2105661,LITRONESIB,CCNCCS(=O)(=O)NC[C@@]1(c2ccccc2)SC(NC(=O)C(C)(C)C)=NN1C(=O)C(C)(C)C,YVAFBXLHPINSIK-QHCPKHFHSA-N,511.71,2.0,,True,False,False,phase_only,,Small molecule,MOL,0.9166666,85.41892054333454,True,,C1=NNC(c2ccccc2)S1,1313,-5.8267153606948,docked,9DKB,-4.49384012922486,docked,7ALV,13.99035148173673,24.017918676774638,49.41419710544452,49.41419710544452,False
REP_04505,CHEMBL2107483,TEOPRANITOL,Cn1c(=O)c2c(ncn2CCCN[C@H]2CO[C@H]3[C@@H]2OC[C@@H]3O[N+](=O)[O-])n(C)c1=O,XTEGRRHNMFDROI-YRRQLQLVSA-N,410.39,2.0,,True,False,False,phase_only,,Small molecule,MOL,0.5360284,81.2237047722082,True,,O=c1[nH]c(=O)c2c(ncn2CCCNC2COC3CCOC23)[nH]1,1563,-5.82239006715028,docked,9DKB,-2.25226681829696,docked,7ALV,13.921433494141965,1.722949689869056,12.19848380427292,12.19848380427292,False
REP_04960,CHEMBL2146086,CRENOLANIB BESYLATE,CC1(COc2ccc3c(c2)ncn3-c2ccc3cccc(N4CCC(N)CC4)c3n2)COC1.O=S(=O)(O)c1ccccc1,ARQUTWAXTHJROR-UHFFFAOYSA-N,601.73,2.0,,True,False,False,phase_only,,Small molecule,MOL,0.9166667,90.38946988820771,True,,c1cc(N2CCCCC2)c2nc(-n3cnc4cc(OCC5COC5)ccc43)ccc2c1.c1ccccc1,1014,-5.82193470724035,docked,9DKB,-5.97703388222257,docked,7ALV,13.852515506547213,50.137835975189525,82.42591316333562,82.42591316333562,False
REP_07333,CHEMBL6068392,ICOVAMENIB,C=CC(=O)N[C@@H]1CCCN(Cc2ccnc(C(=O)Nc3ccc(-c4cc5c(N6CCOCC6)ncnc5[nH]4)cc3)c2)C1,CPRLHPSXWZTPMC-XMMPIXPASA-N,566.67,2.0,,True,False,False,phase_only,,Small molecule,MOL,0.9166667,90.38946988820771,True,,O=C(Nc1ccc(-c2cc3c(N4CCOCC4)ncnc3[nH]2)cc1)c1cc(CN2CCCCC2)ccn1,638,-5.81529590962698,docked,9DKB,-5.54475421199,docked,7ALV,13.783597518952451,50.137835975189525,74.6381805651275,74.6381805651275,False
REP_02842,CHEMBL2104323,IMCARBOFOS,CCOP(=O)(NC(=S)Nc1ccc(NC(=S)NP(=O)(OCC)OCC)c(OC)c1)OCC,ZEFLNAWBWJVMFX-UHFFFAOYSA-N,528.53,2.0,,True,False,False,phase_only,,Small molecule,MOL,0.91666675,95.30592619305204,True,,c1ccccc1,339,-5.81400959042661,docked,9DKB,-4.80204950254121,docked,7ALV,13.714679531357687,75.63749138525155,57.40868366643694,75.63749138525155,False
REP_06748,CHEMBL4802251,EMPRUMAPIMOD,CN(C)CC[C@H](NC(=O)c1cc2c(cnn2C(C)(C)C)cc1Oc1ccc(F)cc1F)C(N)=O,GHTYIKRPXXXLDM-SFHVURJKSA-N,473.52,2.0,,True,False,False,phase_only,,Small molecule,MOL,0.9166667,90.38946988820771,True,,c1ccc(Oc2ccc3[nH]ncc3c2)cc1,1029,-5.81144206399926,docked,9DKB,-6.4876764957756,docked,7ALV,13.645761543762925,50.137835975189525,89.45554789800137,89.45554789800137,False
REP_07859,CHEMBL3912712,BMS-963272,Cc1ccc(C2=C(c3nnn[nH]3)C(=O)N[C@@](c3ccc(OCCCC(F)(F)F)cc3)(C(F)(F)F)C2)cc1,AEMPUAWUDAMJBV-QFIPXVFZSA-N,525.45,1.0,,True,False,False,phase_only,,Small molecule,MOL,0.9166667,90.38946988820771,True,,O=C1NC(c2ccccc2)CC(c2ccccc2)=C1c1nnn[nH]1,814,-5.8095908086952,docked,9DKB,-3.30834989677387,docked,7ALV,13.57684355616816,50.137835975189525,24.534803583735354,50.137835975189525,False
REP_08047,CHEMBL4650229,ILACIRNON SODIUM,Cc1cnc(C(=O)c2ncnc3[nH]ccc23)c([N-]S(=O)(=O)c2ccc(Cl)c(C(F)(F)F)c2)c1,RARHAIRFPSMQHZ-UHFFFAOYSA-M,494.86,1.0,,True,False,False,phase_only,,Small molecule,MOL,0.9166667,90.38946988820771,True,,O=C(c1ncccc1[N-]S(=O)(=O)c1ccccc1)c1ncnc2[nH]ccc12,1004,-5.80817956189413,docked,9DKB,-6.40121502380404,docked,7ALV,13.507925568573398,50.137835975189525,88.21502412129566,88.21502412129566,False
REP_08251,CHEMBL6068424,CERTOCICLIB,FC(F)Oc1cc(Nc2cnc3cnn(CC4CCOCC4)c3n2)n[nH]1,IFJSYTKOMJJYNP-UHFFFAOYSA-N,365.34,1.0,,True,False,False,phase_only,,Small molecule,MOL,0.91666675,95.30592619305204,True,,c1cc(Nc2cnc3cnn(CC4CCOCC4)c3n2)n[nH]1,502,-5.7954552867025,docked,9DKB,-4.62018443132616,docked,7ALV,13.439007580978634,75.63749138525155,52.86009648518264,75.63749138525155,False
REP_07329,CHEMBL6068074,SEVABERTINIB,COc1c(Cl)cccc1Nc1c(-c2ccncc2OC[C@@H]2COCCO2)[nH]c2c1C(=O)NCC2,VYQVHWNNPKOJEA-AWEZNQCLSA-N,484.94,2.0,,True,False,False,phase_only,,Small molecule,MOL,0.9166667,90.38946988820771,True,,O=C1NCCc2[nH]c(-c3ccncc3OCC3COCCO3)c(Nc3ccccc3)c21,589,-5.78139317006321,docked,9DKB,-1.42255547567699,docked,7ALV,13.370089593383872,50.137835975189525,6.822880771881456,50.137835975189525,False
REP_05586,CHEMBL3301609,TOREFORANT,Cc1cc(C)c2nc(-c3cnc(NCCCC4CCN(C)CC4)nc3C)[nH]c2c1,FCRFVPZAXGJLPW-UHFFFAOYSA-N,392.55,2.0,,True,False,False,phase_only,,Small molecule,MOL,0.9166667,90.38946988820771,True,,c1ccc2[nH]c(-c3cnc(NCCCC4CCNCC4)nc3)nc2c1,684,-5.77886487672516,docked,9DKB,-4.86364688842245,docked,7ALV,13.301171605789108,50.137835975189525,58.924879393521714,58.924879393521714,False
REP_01662,CHEMBL1327821,ENPIROLINE,OC(c1cc(-c2ccc(C(F)(F)F)cc2)nc(C(F)(F)F)c1)C1CCCCN1,OCVRKDMRZFCUEE-UHFFFAOYSA-N,404.35,2.0,,True,False,False,phase_only,,Small molecule,MOL,0.9166667,90.38946988820771,True,,c1ccc(-c2cc(CC3CCCCN3)ccn2)cc1,646,-5.7538679050856,docked,9DKB,-4.62931830197478,docked,7ALV,13.232253618194346,50.137835975189525,53.06685044796692,53.06685044796692,False
REP_03145,CHEMBL2104828,SALANTEL,O=C(c1ccc(Cl)cc1)c1ccc(NC(=O)c2cc(I)cc(I)c2O)cc1Cl,IYOGQJKSVBNXBF-UHFFFAOYSA-N,638.03,2.0,,True,False,False,phase_only,,Small molecule,MOL,0.91666675,95.30592619305204,True,,O=C(Nc1ccc(C(=O)c2ccccc2)cc1)c1ccccc1,289,-5.74963536116156,docked,9DKB,-6.07121110199655,docked,7ALV,13.163335630599581,75.63749138525155,83.80427291523087,83.80427291523087,False
REP_07038,CHEMBL5314473,NIMUCITINIB,NC(=O)c1cnc(Nc2cccc(NC(=O)[C@H]3CCCNC3)c2)cc1NCc1cc(F)cc(F)c1,FDQSOYXLRVBMGA-INIZCTEOSA-N,480.52,2.0,,True,False,False,phase_only,,Small molecule,MOL,0.91666675,95.30592619305204,True,,O=C(Nc1cccc(Nc2cc(NCc3ccccc3)ccn2)c1)C1CCCNC1,314,-5.74886164161225,docked,9DKB,-2.41659849566708,docked,7ALV,13.09441764300483,75.63749138525155,13.507925568573398,75.63749138525155,False
REP_00799,CHEMBL303933,PIPERAQUINE,Clc1ccc2c(N3CCN(CCCN4CCN(c5ccnc6cc(Cl)ccc56)CC4)CC3)ccnc2c1,UCRHFBCYFMIWHC-UHFFFAOYSA-N,535.52,3.0,,True,False,False,phase_only,,Small molecule,MOL,0.91666675,95.30592619305204,True,,c1ccc2c(N3CCN(CCCN4CCN(c5ccnc6ccccc56)CC4)CC3)ccnc2c1,351,-5.73987294092356,docked,9DKB,-1.42357682718998,docked,7ALV,13.025499655410066,75.63749138525155,6.89179875947622,75.63749138525155,False
REP_07294,CHEMBL6068024,NURANDOCIGUAT,CC(C)CN1CCN(c2ccc(-c3ccc(Cl)cc3N3CCC[C@@H](n4ncc(C(=O)O)c4C(F)F)C3)cc2)CC1,KNGOFJLMZYHAGD-XMMPIXPASA-N,572.1,2.0,,True,False,False,phase_only,,Small molecule,MOL,1.0,98.35917778579156,True,,c1ccc(N2CCCC(n3cccn3)C2)c(-c2ccc(N3CCNCC3)cc2)c1,248,-5.73523914967491,docked,9DKB,-5.09904758818212,docked,7ALV,12.956581667815303,91.38525155065473,64.85182632667126,91.38525155065473,False
REP_06013,CHEMBL3989547,ABAFUNGIN,Cc1ccc(Oc2ccccc2-c2csc(N=C3NCCCN3)n2)c(C)c1,TYBHXIFFPVFXQW-UHFFFAOYSA-N,378.5,2.0,,True,False,False,phase_only,,Small molecule,MOL,0.91666675,95.30592619305204,True,,c1ccc(Oc2ccccc2-c2csc(N=C3NCCCN3)n2)cc1,417,-5.72366317477939,docked,9DKB,-5.972541177546,docked,7ALV,12.887663680220541,75.63749138525155,82.08132322536181,82.08132322536181,False
REP_01052,CHEMBL4475463,AMCENESTRANT,O=C(O)c1ccc2c(c1)CCCC(c1ccc(Cl)cc1Cl)=C2c1ccc(O[C@H]2CCN(CCCF)C2)cc1,KISZAGQTIXIVAR-VWLOTQADSA-N,554.49,3.0,,True,False,False,phase_only,,Small molecule,MOL,1.0,98.35917778579156,True,,c1ccc(C2=C(c3ccc(OC4CCNC4)cc3)c3ccccc3CCC2)cc1,59,-5.70658216322787,docked,9DKB,-2.71259562780933,docked,7ALV,12.818745692625777,91.38525155065473,16.402481047553408,91.38525155065473,False
REP_07308,CHEMBL6068043,BALINATUNFIB,CN1C(=O)c2cccc(OC(F)F)c2[C@H]2C[C@@H]1c1nc3ccc(-c4cnc(C5(N)CCC5)nc4)cc3n12,UROFXMLQPAUCGV-WOJBJXKFSA-N,502.53,2.0,,True,False,False,phase_only,,Small molecule,MOL,0.9166667,90.38946988820771,True,,O=C1NC2CC(c3ccccc31)n1c2nc2ccc(-c3cnc(C4CCC4)nc3)cc21,601,-5.70281789618896,docked,9DKB,-3.31620099295591,docked,7ALV,12.749827705031013,50.137835975189525,24.67263955892488,50.137835975189525,False
REP_03174,CHEMBL2104881,OLRADIPINE,CCOC(=O)C1=C(COCCOCCN)NC(C)=C(C(=O)OC)C1c1cccc(Cl)c1Cl,VLTBMBOHGZAWIT-UHFFFAOYSA-N,487.38,2.0,,True,False,False,phase_only,,Small molecule,MOL,0.9166667,90.38946988820771,True,,C1=CC(c2ccccc2)C=CN1,575,-5.66903899508239,docked,9DKB,-3.33704489540931,docked,7ALV,12.68090971743625,50.137835975189525,25.017229496898686,50.137835975189525,False
REP_02246,CHEMBL1823518,RABACFOSADINE,CCOC(=O)[C@H](C)NP(=O)(COCCn1cnc2c(NC3CC3)nc(N)nc21)N[C@@H](C)C(=O)OCC,ANSPEDQTHURSFQ-KBPBESRZSA-N,526.54,2.0,,True,False,False,phase_only,,Small molecule,MOL,0.9166667,90.38946988820771,True,,c1nc(NC2CC2)c2nc[nH]c2n1,745,-5.66179598456478,docked,9DKB,-5.59903367212212,docked,7ALV,12.611991729841488,50.137835975189525,75.87870434183321,75.87870434183321,False
REP_06551,CHEMBL4553146,TBAJ-876,COc1cc([C@](O)(CCN(C)C)[C@@H](c2cc3cc(Br)ccc3nc2OC)c2cc(OC)nc(OC)c2OC)cc(OC)n1,HHDDKDPLFXIPBX-DLFZDVPBSA-N,657.56,2.0,,True,False,False,phase_only,,Small molecule,MOL,0.9166667,90.38946988820771,True,,c1ccc2ncc(C(Cc3ccncc3)c3ccncc3)cc2c1,1008,-5.65818767693534,docked,9DKB,-5.12812705620253,docked,7ALV,12.543073742246724,50.137835975189525,65.6788421778084,65.6788421778084,False
REP_06561,CHEMBL4577523,GOLIDOCITINIB,COc1nn(C)cc1Nc1nccc(-c2c[nH]c3c(NC(=O)[C@@H](C)N4CCN(C)CC4)cccc23)n1,CVCVOSPZEVINRM-MRXNPFEDSA-N,489.58,2.0,,True,False,False,phase_only,,Small molecule,MOL,0.9166667,90.38946988820771,True,,O=C(CN1CCNCC1)Nc1cccc2c(-c3ccnc(Nc4cn[nH]c4)n3)c[nH]c12,550,-5.63007927243499,docked,9DKB,-5.22517629921757,docked,7ALV,12.47415575465196,50.137835975189525,67.81529979324603,67.81529979324603,False
REP_03350,CHEMBL2105140,OCTOTIAMINE,COC(=O)CCCCC(CCSS/C(CCO)=C(/C)N(C=O)Cc1cnc(C)nc1N)SC(C)=O,VJTXQHYNRDGLON-PGMHBOJBSA-N,544.77,2.0,,True,False,False,phase_only,,Small molecule,MOL,0.9166666,85.41892054333454,True,,c1cncnc1,1127,-5.6156590501507,docked,9DKB,-3.5835184034886,docked,7ALV,12.405237767057198,24.017918676774638,29.703652653342527,29.703652653342527,False
REP_05918,CHEMBL3905910,VORUCICLIB,CN1CC[C@@H](c2c(O)cc(O)c3c(=O)cc(-c4ccc(C(F)(F)F)cc4Cl)oc23)[C@@H]1CO,MRPGRAKIAJJGMM-OCCSQVGLSA-N,469.84,2.0,,True,False,False,phase_only,,Small molecule,MOL,1.0,98.35917778579156,True,,O=c1cc(-c2ccccc2)oc2c(C3CCNC3)cccc12,15,-5.61362419946522,docked,9DKB,-6.27389316440504,docked,7ALV,12.336319779462436,91.38525155065473,86.83666436940041,91.38525155065473,False
REP_03528,CHEMBL2105390,PYRITIDIUM BROMIDE,Cc1cc(Nc2ccc3c(c2)c(-c2ccc(N)cc2)[n+](C)c2cc(N)ccc32)nc(N)[n+]1C,ATUKMAKBUDAKLO-UHFFFAOYSA-P,437.55,2.0,,True,False,False,phase_only,,Small molecule,MOL,0.9166667,90.38946988820771,True,,c1ccc(-c2[nH+]c3ccccc3c3ccc(Nc4cc[nH+]cn4)cc23)cc1,739,-5.61261534634671,docked,9DKB,-2.09547682806306,docked,7ALV,12.267401791867682,50.137835975189525,10.88904203997243,50.137835975189525,False
REP_06258,CHEMBL4284447,SUTIDIAZINE,Cc1nc(Nc2ncc(N3CCN(C)[C@H](C)C3)c(Nc3cc(C)n(C)n3)n2)cc(C2CC2)c1F,HKPQFVAUXAZCDY-OAHLLOKOSA-N,465.58,2.0,,True,False,False,phase_only,,Small molecule,MOL,0.91666675,95.30592619305204,True,,c1cc(C2CC2)cc(Nc2ncc(N3CCNCC3)c(Nc3cc[nH]n3)n2)n1,326,-5.58351699274149,docked,9DKB,-4.53661283845088,docked,7ALV,12.19848380427292,75.63749138525155,50.93039283252929,75.63749138525155,False
REP_04658,CHEMBL2107792,VALATEGRAST,CCN(CC)CCOC(=O)[C@H](Cc1ccc(NC(=O)c2c(Cl)cccc2Cl)cc1)NC(=O)c1c(C)cccc1Cl,VZVNFRFMDNFPOM-VWLOTQADSA-N,604.96,2.0,,True,False,False,phase_only,,Small molecule,MOL,0.91666675,95.30592619305204,True,,O=C(NCCc1ccc(NC(=O)c2ccccc2)cc1)c1ccccc1,393,-5.57968945143934,docked,9DKB,-5.43944680860054,docked,7ALV,12.129565816678156,75.63749138525155,71.74362508614749,75.63749138525155,False
REP_07589,CHEMBL1254709,DM-1157,Clc1ccc2c(NCCCN3CCC(NC(c4ccccn4)c4ccccn4)CC3)ccnc2c1,QRCZXFIANKOFOR-UHFFFAOYSA-N,487.05,1.0,,True,False,False,phase_only,,Small molecule,MOL,0.9166667,90.38946988820771,True,,c1ccc(C(NC2CCN(CCCNc3ccnc4ccccc34)CC2)c2ccccn2)nc1,669,-5.56950112850474,docked,9DKB,-2.84265401532947,docked,7ALV,12.060647829083393,50.137835975189525,17.918676774638175,50.137835975189525,False
REP_06038,CHEMBL3989637,TABILAUTIDE,CCCCCCCCCCCC(=O)N[C@@H](C)C(=O)N[C@H](CCC(=O)N[C@@H](CCC[C@H](N)C(N)=O)C(=O)O)C(=O)O,TUNXCNXMSJZNPO-XSDIEEQYSA-N,571.72,2.0,,True,False,False,phase_only,,Small molecule,MOL,0.7302268,82.84649597307369,True,,,1428,-5.56054767693245,docked,9DKB,-4.14038014468335,docked,7ALV,11.99172984148863,10.337698139214336,41.28187456926258,41.28187456926258,False
REP_06990,CHEMBL5314393,LY2624803,CC(C)(CN1CCN(C2=Nc3ccccc3Oc3ccccc32)CC1)C(=O)O,UEFWDVMEDFCHGW-UHFFFAOYSA-N,379.46,2.0,,True,False,False,phase_only,,Small molecule,MOL,0.9166667,90.38946988820771,True,,c1ccc2c(c1)N=C(N1CCNCC1)c1ccccc1O2,766,-5.55850919568865,docked,9DKB,-4.26391783648611,docked,7ALV,11.922811853893867,50.137835975189525,44.03859407305307,50.137835975189525,False
REP_07306,CHEMBL6068038,ZAVOLOSOTINE,C[C@H](NC(=O)c1cnc(C#N)c(-c2cc(F)cc(F)c2)c1N1CC[C@H](N)C1)C(F)(F)F,HQIIZMSUOLJYSO-HZMBPMFUSA-N,439.39,2.0,,True,False,False,phase_only,,Small molecule,MOL,1.0,98.35917778579156,True,,c1ccc(-c2cnccc2N2CCCC2)cc1,242,-5.54809652951537,docked,9DKB,-3.03039947596721,docked,7ALV,11.853893866299103,91.38525155065473,20.882150241212962,91.38525155065473,False
REP_04038,CHEMBL2106520,HALOPREDONE ACETATE,CC(=O)OCC(=O)[C@@]1(OC(C)=O)CC[C@H]2[C@@H]3C[C@@H](F)C4=CC(=O)C(Br)=C[C@]4(C)[C@@]3(F)[C@@H](O)C[C@@]21C,YCISZOVUHXIOFY-HKXOFBAYSA-N,559.4,2.0,,True,False,False,phase_only,,Small molecule,MOL,0.5429232,81.29582882558,True,,O=C1C=CC2C(=C1)CCC1C3CCCC3CCC21,1557,-5.52447785936699,docked,9DKB,-2.78584757471386,docked,7ALV,11.78497587870434,2.067539627842867,17.36733287388008,17.36733287388008,False
REP_06191,CHEMBL4116008,CERDULATINIB,CCS(=O)(=O)N1CCN(c2ccc(Nc3ncc(C(N)=O)c(NC4CC4)n3)cc2)CC1,BGLPECHZZQDNCD-UHFFFAOYSA-N,445.55,2.0,,True,False,False,phase_only,,Small molecule,MOL,0.91666675,95.30592619305204,True,,c1cc(NC2CC2)nc(Nc2ccc(N3CCNCC3)cc2)n1,389,-5.52222869978942,docked,9DKB,-4.55408997689965,docked,7ALV,11.716057891109577,75.63749138525155,51.27498277050311,75.63749138525155,False
REP_07452,CHEMBL78535,ANCRIVIROC,CCO/N=C(\c1ccc(Br)cc1)C1CCN(C2(C)CCN(C(=O)c3c(C)cc[n+]([O-])c3C)CC2)CC1,ZGDKVKUWTCGYOA-URGPHPNLSA-N,557.53,2.0,,True,False,False,phase_only,,Small molecule,MOL,0.91666675,95.30592619305204,True,,N=C(c1ccccc1)C1CCN(C2CCN(C(=O)c3ccc[nH+]c3)CC2)CC1,287,-5.51301481370635,docked,9DKB,-1.08634823182765,docked,7ALV,11.647139903514814,75.63749138525155,5.8580289455547945,75.63749138525155,False
REP_05166,CHEMBL258940,FALNIDAMOL,CN1CCC(Nc2ncc3ncnc(Nc4ccc(F)c(Cl)c4)c3n2)CC1,FTFRZXFNZVCRSK-UHFFFAOYSA-N,387.85,2.0,,True,False,False,phase_only,,Small molecule,MOL,0.91666675,95.30592619305204,True,,c1ccc(Nc2ncnc3cnc(NC4CCNCC4)nc23)cc1,359,-5.51262315160069,docked,9DKB,-4.82391276284697,docked,7ALV,11.57822191592005,75.63749138525155,58.0289455547898,75.63749138525155,False
REP_06917,CHEMBL5095250,LY-2880070,COc1nc(C)ccc1-c1cc(Nc2cncc(O[C@@H]3CCCNC3)n2)n[nH]1,LAEFIEWPUJMANC-CYBMUJFWSA-N,381.44,2.0,,True,False,False,phase_only,,Small molecule,MOL,1.0,98.35917778579156,True,,c1cncc(-c2cc(Nc3cncc(OC4CCCNC4)n3)n[nH]2)c1,182,-5.51076274193264,docked,9DKB,-5.24386034402331,docked,7ALV,11.509303928325288,91.38525155065473,68.15988973121985,91.38525155065473,False
REP_00659,CHEMBL2105728,CRENOLANIB,CC1(COc2ccc3c(c2)ncn3-c2ccc3cccc(N4CCC(N)CC4)c3n2)COC1,DYNHJHQFHQTFTP-UHFFFAOYSA-N,443.55,3.0,,True,False,False,phase_only,,Small molecule,MOL,0.9166666,85.41892054333454,True,,c1cc(N2CCCCC2)c2nc(-n3cnc4cc(OCC5COC5)ccc43)ccc2c1,1239,-5.51030182260714,docked,9DKB,-5.51134130519929,docked,7ALV,11.440385940730536,24.017918676774638,73.94900068917988,73.94900068917988,False
REP_04640,CHEMBL2107750,FAMPRONIL,Cc1nn(-c2c(Cl)cc(C(F)(F)F)cc2Cl)c(Cl)c1-c1nc(C#N)c(C#N)[nH]1,CELMHGAYYAJMKD-UHFFFAOYSA-N,445.62,2.0,,True,False,False,phase_only,,Small molecule,MOL,0.9166667,90.38946988820771,True,,c1ccc(-n2cc(-c3ncc[nH]3)cn2)cc1,926,-5.48701089414441,docked,9DKB,-5.0560124794055,docked,7ALV,11.371467953135772,50.137835975189525,63.611302549965544,63.611302549965544,False
REP_01155,CHEMBL5095105,LORUNDROSTAT,CC(=O)N[C@H]1CC[C@H](NC(=O)CN2CCN(c3nncc(-c4ccc(C)cc4)n3)CC2)CC1,YHGVDZULVMINCJ-MEMLXQNLSA-N,451.58,3.0,,True,False,False,phase_only,,Small molecule,MOL,1.0,98.35917778579156,True,,O=C(CN1CCN(c2nncc(-c3ccccc3)n2)CC1)NC1CCCCC1,260,-5.48478888391085,docked,9DKB,-4.62581885335825,docked,7ALV,11.302549965541008,91.38525155065473,52.997932460372155,91.38525155065473,False
REP_00513,CHEMBL1569487,LORNOXICAM,CN1C(C(=O)Nc2ccccn2)=C(O)c2sc(Cl)cc2S1(=O)=O,WLHQHAUOOXYABV-UHFFFAOYSA-N,371.83,3.0,,True,True,True,primary_atc_phase,,Small molecule,MOL,0.5838793,81.66846976800096,True,,O=C(Nc1ccccn1)C1=Cc2sccc2S(=O)(=O)N1,1526,-5.45113519203027,docked,9DKB,-4.29859573140082,docked,7ALV,11.233631977946246,3.997243280496209,44.86560992419021,44.86560992419021,False
REP_05490,CHEMBL3142543,BUTOBENDINE,CC[C@@H](COC(=O)c1cc(OC)c(OC)c(OC)c1)N(C)CCN(C)[C@@H](CC)COC(=O)c1cc(OC)c(OC)c(OC)c1,ZKSIPEYIAHUPNM-ZEQRLZLVSA-N,620.74,2.0,,True,False,False,phase_only,,Small molecule,MOL,0.9166666,85.41892054333454,True,,O=C(OCCNCCNCCOC(=O)c1ccccc1)c1ccccc1,1227,-5.4449008907608,docked,9DKB,-3.84320240264351,docked,7ALV,11.164713990351483,24.017918676774638,34.52791178497587,34.52791178497587,False
REP_03789,CHEMBL2106005,BERUPIPAM,CN1CCc2cc(Cl)c(O)cc2[C@@H](c2cc(Br)cc3c2OCC3)C1,DIKLCFJDIZFAOM-INIZCTEOSA-N,408.72,2.0,,True,False,False,phase_only,,Small molecule,MOL,0.9166667,90.38946988820771,True,,c1ccc2c(c1)CCNCC2c1cccc2c1OCC2,932,-5.42437026150913,docked,9DKB,-2.97553450648411,docked,7ALV,11.09579600275672,50.137835975189525,20.124052377670576,50.137835975189525,False
REP_01212,CHEMBL5483011,INDINAVIR,CC(C)(C)NC(=O)[C@@H]1CN(Cc2cccnc2)CCN1C[C@@H](O)C[C@@H](Cc1ccccc1)C(=O)N[C@H]1c2ccccc2C[C@H]1O,CBVCZFGXHXORBI-PXQQMZJSSA-N,613.8,3.0,,True,False,False,phase_only,,Small molecule,MOL,0.9166666,85.41892054333454,True,,O=C(NC1CCc2ccccc21)C(CCCN1CCN(Cc2cccnc2)CC1)Cc1ccccc1,1327,-5.40591740175679,docked,9DKB,-6.06563586673469,docked,7ALV,11.026878015161955,24.017918676774638,83.73535492763611,83.73535492763611,False
REP_06427,CHEMBL4297649,OLACAFTOR,CC(C)COc1cc(F)cc(-c2ccc(C(=O)NS(=O)(=O)c3ccccc3)c(N3C[C@@H](C)CC3(C)C)n2)c1,NHOUNZMCSIHKHJ-FQEVSTJZSA-N,539.67,2.0,,True,False,False,phase_only,,Small molecule,MOL,0.9166667,90.38946988820771,True,,O=C(NS(=O)(=O)c1ccccc1)c1ccc(-c2ccccc2)nc1N1CCCC1,956,-5.4008670563122,docked,9DKB,-5.19359913207433,docked,7ALV,10.957960027567193,50.137835975189525,67.05720192970365,67.05720192970365,False
REP_08144,CHEMBL5095223,AZD-9574,CNC(=O)c1ccc(N2CCN(Cc3ccc4nc(C)c(=O)[nH]c4c3F)CC2)c(F)n1,WXRCLFFPZXJCLS-UHFFFAOYSA-N,428.44,1.0,,True,False,False,phase_only,,Small molecule,MOL,0.56645995,81.50018031013343,True,,O=c1cnc2ccc(CN3CCN(c4cccnc4)CC3)cc2[nH]1,1540,-5.39534929383704,docked,9DKB,-2.48110145201482,docked,7ALV,10.88904203997243,3.1013094417643003,14.059269469331493,14.059269469331493,False
REP_07216,CHEMBL5800160,BRIMARAFENIB,O=C1CCc2c(Oc3ccc4c(c3)[C@H]3[C@H](NC(=O)Nc5cc(F)c(F)cc5F)[C@H]3O4)ccnc2N1,USMWOBMHNWNPAP-FKBYEOEOSA-N,482.42,2.0,,True,False,False,phase_only,,Small molecule,MOL,1.0,98.35917778579156,True,,O=C1CCc2c(Oc3ccc4c(c3)C3C(NC(=O)Nc5ccccc5)C3O4)ccnc2N1,19,-5.39288753349307,docked,9DKB,-3.11016642106717,docked,7ALV,10.820124052377667,91.38525155065473,21.847002067539623,91.38525155065473,False
REP_04981,CHEMBL2178579,ELUBRIXIN,O=C(Nc1ccc(Cl)c(S(=O)(=O)N2CCNCC2)c1O)Nc1cccc(F)c1Cl,YQYFEGTYCUQBEI-UHFFFAOYSA-N,463.32,2.0,,True,False,False,phase_only,,Small molecule,MOL,0.91666675,95.30592619305204,True,,O=C(Nc1ccccc1)Nc1cccc(S(=O)(=O)N2CCNCC2)c1,491,-5.38388421430925,docked,9DKB,-6.23214665246215,docked,7ALV,10.751206064782902,75.63749138525155,86.1474844934528,86.1474844934528,False
REP_07230,CHEMBL5878583,BRANOSOTINE,COc1cc(C#N)cc2nc(-c3c(N)ncc(-c4cc(C)cc(F)c4)c3N3CCC(N)CC3)[nH]c12,GWXXLUISNRRCDH-UHFFFAOYSA-N,471.54,2.0,,True,False,False,phase_only,,Small molecule,MOL,0.9166667,90.38946988820771,True,,c1ccc(-c2cncc(-c3nc4ccccc4[nH]3)c2N2CCCCC2)cc1,614,-5.38295175353033,docked,9DKB,-3.54385911926442,docked,7ALV,10.68228807718815,50.137835975189525,28.600964851826326,50.137835975189525,False
REP_07782,CHEMBL3319236,GLPG-0187,COc1ccc(S(=O)(=O)N[C@@H](CNc2nc(C)nc(N3CCC(c4ccc5c(n4)NCCC5)CC3)c2C)C(=O)O)cc1,CXHCNOMGODVIKB-VWLOTQADSA-N,595.73,1.0,,True,False,False,phase_only,,Small molecule,MOL,0.69326144,82.59406178627239,True,,O=S(=O)(NCCNc1cc(N2CCC(c3ccc4c(n3)NCCC4)CC2)ncn1)c1ccccc1,1449,-5.37699362583543,docked,9DKB,-1.4050628403707,docked,7ALV,10.613370089593388,8.959338387319091,6.753962784286694,8.959338387319091,False
REP_00792,CHEMBL290352,CEP-1347,CCSCc1ccc2c(c1)c1c3c(c4c5cc(CSCC)ccc5n5c4c1n2[C@H]1C[C@](O)(C(=O)OC)[C@]5(C)O1)CNC3=O,SCMLRESZJCKCTC-KMYQRJGFSA-N,615.78,3.0,,True,False,False,phase_only,,Small molecule,MOL,0.894333,83.86825339584084,True,,O=C1NCc2c1c1c3ccccc3n3c1c1c2c2ccccc2n1C1CCC3O1,1343,-5.37667170788878,docked,9DKB,-1.18338563562943,docked,7ALV,10.544452101998624,15.851137146795313,6.340454858718125,15.851137146795313,False
REP_03985,CHEMBL2106377,DIPROTRIZOATE SODIUM,CCC(=O)Nc1c(I)c(NC(=O)CC)c(I)c(C(=O)[O-])c1I,OIXRDAZPDINJPT-UHFFFAOYSA-M,640.96,2.0,,True,False,False,phase_only,,Small molecule,MOL,0.9166667,90.38946988820771,True,,c1ccccc1,800,-5.37423341283286,docked,9DKB,-3.31698629086838,docked,7ALV,10.475534114403862,50.137835975189525,24.741557546519644,50.137835975189525,False
REP_03737,CHEMBL2105870,ROXOLONIUM METILSULFATE,CC1(C)[C@@H](O)CC[C@]2(C)[C@H]3C(=O)C=C4[C@@H]5C[C@@](C)(C(=O)OCC6CCC[N+]6(C)C)CC[C@]5(C)CC[C@@]4(C)[C@]3(C)CC[C@@H]12.COS(=O)(=O)[O-],OFXFYMRNHDKBQX-WKUMGRCGSA-M,693.99,2.0,,True,False,False,phase_only,,Small molecule,MOL,0.8728193,83.74804664022119,True,,O=C(OCC1CCC[NH2+]1)C1CCC2CCC3C(=CC(=O)C4C5CCCCC5CCC34)C2C1,1353,-5.36771728081537,docked,9DKB,-2.25060960262581,docked,7ALV,10.406616126809098,15.161957270847692,12.129565816678156,15.161957270847692,False
REP_05037,CHEMBL2220486,LUCITANIB,CNC(=O)c1cccc2cc(Oc3ccnc4cc(OCC5(N)CC5)c(OC)cc34)ccc12,CUDVHEFYRIWYQD-UHFFFAOYSA-N,443.5,2.0,,True,False,False,phase_only,,Small molecule,MOL,0.9166667,90.38946988820771,True,,c1ccc2cc(Oc3ccnc4cc(OCC5CC5)ccc34)ccc2c1,1017,-5.35308833905438,docked,9DKB,-5.36495760810257,docked,7ALV,10.337698139214336,50.137835975189525,70.77877325982081,70.77877325982081,False
REP_01606,CHEMBL126648,PLEVITREXED,C#CCN(Cc1cc2c(O)nc(C)nc2cc1C)c1ccc(C(=O)N[C@@H](CCc2nnn[nH]2)C(=O)O)c(F)c1,IEJSCSAMMLUINT-NRFANRHFSA-N,532.54,2.0,,True,False,False,phase_only,,Small molecule,MOL,0.9166667,90.38946988820771,True,,O=C(NCCCc1nnn[nH]1)c1ccc(NCc2ccc3ncncc3c2)cc1,645,-5.34808791686958,docked,9DKB,-0.970751783549386,docked,7ALV,10.268780151619572,50.137835975189525,5.09993108201241,50.137835975189525,False
REP_08211,CHEMBL5316215,LOTIGLIPRON TROMETHAMINE,C[C@]1(c2ccc(Cl)cn2)Oc2cccc(C3CCN(Cc4nc5ccc(C(=O)O)cc5n4C[C@@H]4CCO4)CC3)c2O1.NC(CO)(CO)CO,UEEOYBOWXLQOLU-ZKXIHYOGSA-N,696.2,1.0,,True,False,False,phase_only,,Small molecule,MOL,0.9166667,90.38946988820771,True,,c1ccc(C2Oc3cccc(C4CCN(Cc5nc6ccccc6n5CC5CCO5)CC4)c3O2)nc1,1093,-5.34382968688288,docked,9DKB,-2.05783648496292,docked,7ALV,10.19986216402481,50.137835975189525,10.544452101998624,50.137835975189525,False
REP_00216,CHEMBL2107826,VIBEGRON,O=C(Nc1ccc(C[C@@H]2CC[C@H]([C@H](O)c3ccccc3)N2)cc1)[C@@H]1CCc2nccc(=O)n21,DJXRIQMCROIRCZ-XOEOCAAJSA-N,444.54,4.0,,False,True,True,primary_atc_phase,,Small molecule,MOL,0.9166667,90.38946988820771,True,,O=C(Nc1ccc(CC2CCC(Cc3ccccc3)N2)cc1)C1CCc2nccc(=O)n21,998,-5.33607823402583,docked,9DKB,-4.81396952405598,docked,7ALV,10.130944176430045,50.137835975189525,57.684355616816,57.684355616816,False
REP_01125,CHEMBL4847050,AFICAMTEN,CCc1nc(-c2ccc3c(c2)CC[C@H]3NC(=O)c2cnn(C)c2)no1,IOVAZWDIRCRMTM-OAHLLOKOSA-N,337.38,3.0,,True,False,False,phase_only,,Small molecule,MOL,0.5225513,81.06743598990263,True,,O=C(NC1CCc2cc(-c3ncon3)ccc21)c1cn[nH]c1,1576,-5.33054037919108,docked,9DKB,-4.50460352878903,docked,7ALV,10.062026188835283,0.8959338387319091,49.96554100620262,49.96554100620262,False
REP_03153,CHEMBL2104850,RILAPINE,CN1CCN(C2=Cc3cc(Cl)ccc3/C(=C/C#N)c3ccccc32)CC1,UJCYUJOQBXHJFH-ZBKNUEDVSA-N,361.88,2.0,,True,False,False,phase_only,,Small molecule,MOL,0.9166666,85.41892054333454,True,,C=C1c2ccccc2C=C(N2CCNCC2)c2ccccc21,1247,-5.32073450172387,docked,9DKB,-3.83142195162353,docked,7ALV,9.993108201240519,24.017918676774638,34.39007580978636,34.39007580978636,False
REP_01270,CHEMBL83626,SUCCINOBUCOL,CC(C)(Sc1cc(C(C)(C)C)c(O)c(C(C)(C)C)c1)Sc1cc(C(C)(C)C)c(OC(=O)CCC(=O)O)c(C(C)(C)C)c1,RKSMVPNZHBRNNS-UHFFFAOYSA-N,616.93,3.0,,True,False,False,phase_only,,Small molecule,MOL,0.53333664,81.17562206996033,True,,c1ccc(SCSc2ccccc2)cc1,1567,-5.29677693828818,docked,9DKB,2.4348270991387,docked,7ALV,9.924190213645756,1.5161957270847692,0.6891798759476209,1.5161957270847692,False
REP_07361,CHEMBL607707,PELITINIB,CCOc1cc2ncc(C#N)c(Nc3ccc(F)c(Cl)c3)c2cc1NC(=O)/C=C/CN(C)C,WVUNYSQLFKLYNI-AATRIKPKSA-N,467.93,2.0,,True,False,False,phase_only,,Small molecule,MOL,1.0,98.35917778579156,True,,c1ccc(Nc2ccnc3ccccc23)cc1,78,-5.2896214075847,docked,9DKB,-3.16326995713741,docked,7ALV,9.855272226051003,91.38525155065473,22.742935906271533,91.38525155065473,False
REP_00035,CHEMBL1200500,BECLOMETHASONE DIPROPIONATE,CCC(=O)OCC(=O)[C@@]1(OC(=O)CC)[C@@H](C)C[C@H]2[C@@H]3CCC4=CC(=O)C=C[C@]4(C)[C@@]3(Cl)[C@@H](O)C[C@@]21C,KUVIULQEHSCUHY-XYWKZLDCSA-N,521.05,4.0,,False,True,False,primary_atc_phase,,Small molecule,MOL,0.9166667,90.38946988820771,True,,O=C1C=CC2C(=C1)CCC1C3CCCC3CCC21,509,-5.28276822006003,docked,9DKB,-1.91765690960199,docked,7ALV,9.78635423845624,50.137835975189525,9.648518263266714,50.137835975189525,False
REP_01622,CHEMBL1276342,CEFMINOX,CO[C@@]1(NC(=O)CSC[C@@H](N)C(=O)O)C(=O)N2C(C(=O)O)=C(CSc3nnnn3C)CS[C@@H]21,JSDXOWVAHXDYCU-VXSYNFHWSA-N,519.59,2.0,,True,False,False,phase_only,,Small molecule,MOL,0.70688486,82.67820651520616,True,,O=C1CC2SCC(CSc3nnn[nH]3)=CN12,1442,-5.282518514155,docked,9DKB,-5.0495135496218,docked,7ALV,9.717436250861478,9.441764300482426,63.05995864920744,63.05995864920744,False
REP_06425,CHEMBL4297644,SIMUROSERTIB,Cc1n[nH]cc1-c1cc2nc([C@@H]3CC4CCN3CC4)[nH]c(=O)c2s1,XGVXKJKTISMIOW-ZDUSSCGKSA-N,341.44,2.0,,True,False,False,phase_only,,Small molecule,MOL,0.9166666,85.41892054333454,True,,O=c1[nH]c(C2CC3CCN2CC3)nc2cc(-c3cn[nH]c3)sc12,1307,-5.27321009849722,docked,9DKB,-2.70447460836461,docked,7ALV,9.648518263266714,24.017918676774638,16.19572708476913,24.017918676774638,False
REP_06459,CHEMBL4303782,ZOTATIFIN,COc1cc2c(c(OC)n1)[C@]1(O)[C@H](O)[C@H](CN(C)C)[C@@H](c3ccccc3)[C@]1(c1ccc(C#N)cc1)O2,QYCXWOACFWMQFO-WZWZCULESA-N,487.56,2.0,,True,False,False,phase_only,,Small molecule,MOL,0.9166666,85.41892054333454,True,,c1ccc(C2CCC3c4cnccc4OC23c2ccccc2)cc1,1316,-5.27205671626922,docked,9DKB,-2.37039200164678,docked,7ALV,9.57960027567195,24.017918676774638,13.09441764300483,24.017918676774638,False
REP_07871,CHEMBL3951811,CEP-37440,CNC(=O)c1ccccc1Nc1nc(Nc2ccc3c(c2OC)CCC[C@H](N2CCN(CCO)CC2)C3)ncc1Cl,BCSHRERPHLTPEE-NRFANRHFSA-N,580.13,1.0,,True,False,False,phase_only,,Small molecule,MOL,0.9166667,90.38946988820771,True,,c1ccc(Nc2ccnc(Nc3ccc4c(c3)CCCC(N3CCNCC3)C4)n2)cc1,824,-5.26571971800145,docked,9DKB,-5.56485584284729,docked,7ALV,9.510682288077188,50.137835975189525,75.12060647829082,75.12060647829082,False
REP_05420,CHEMBL3039531,DANIRIXIN,Cc1c(F)cccc1NC(=O)Nc1ccc(Cl)c(S(=O)(=O)[C@H]2CCCNC2)c1O,NGYNBSHYFOFVLS-LBPRGKRZSA-N,441.91,2.0,,True,False,False,phase_only,,Small molecule,MOL,1.0,98.35917778579156,True,,O=C(Nc1ccccc1)Nc1cccc(S(=O)(=O)C2CCCNC2)c1,215,-5.25414868180274,docked,9DKB,-4.58398649424859,docked,7ALV,9.441764300482426,91.38525155065473,51.688490696071675,91.38525155065473,False
REP_07807,CHEMBL3545076,LY-2584702,Cn1cc(-c2ccc(F)c(C(F)(F)F)c2)nc1C1CCN(c2ncnc3[nH]ncc23)CC1,FYXRSVDHGLUMHB-UHFFFAOYSA-N,445.42,1.0,,True,False,False,phase_only,,Small molecule,MOL,0.9166666,85.41892054333454,True,,c1ccc(-c2c[nH]c(C3CCN(c4ncnc5[nH]ncc45)CC3)n2)cc1,1276,-5.22847429296892,docked,9DKB,-1.15910589562448,docked,7ALV,9.372846312887662,24.017918676774638,6.202618883528599,24.017918676774638,False
REP_03607,CHEMBL2105494,ZINDOTRINE,Cc1cc(N2CCCCC2)nn2cnnc12,YYHWOTFWBVRTQD-UHFFFAOYSA-N,217.28,2.0,,True,False,False,phase_only,,Small molecule,MOL,0.9166667,90.38946988820771,True,,c1cc2nncn2nc1N1CCCCC1,855,-5.22775780635229,docked,9DKB,-3.4581163789483,docked,7ALV,9.303928325292897,50.137835975189525,27.015851137146797,50.137835975189525,False
REP_02374,CHEMBL1922094,APITOLISIB,Cc1c(CN2CCN(C(=O)[C@H](C)O)CC2)sc2c(N3CCOCC3)nc(-c3cnc(N)nc3)nc12,YOVVNQKCSKSHKT-HNNXBMFYSA-N,498.61,2.0,,True,False,False,phase_only,,Small molecule,MOL,0.9166666,85.41892054333454,True,,c1ncc(-c2nc(N3CCOCC3)c3sc(CN4CCNCC4)cc3n2)cn1,1287,-5.22310636811856,docked,9DKB,-5.21592262288554,docked,7ALV,9.235010337698135,24.017918676774638,67.47070985527223,67.47070985527223,False
REP_01102,CHEMBL4650365,CAMIZESTRANT,C[C@@H]1Cc2c(ccc3[nH]ncc23)[C@@H](c2ccc(NC3CN(CCCF)C3)cn2)N1CC(F)(F)F,WDHOIABIERMLGY-CMJOXMDJSA-N,476.52,3.0,,True,False,False,phase_only,,Small molecule,MOL,0.91666675,95.30592619305204,True,,c1cc(C2NCCc3c2ccc2[nH]ncc32)ncc1NC1CNC1,490,-5.22193626928064,docked,9DKB,-3.39281047757111,docked,7ALV,9.166092350103373,75.63749138525155,26.39558924879394,75.63749138525155,False
REP_01121,CHEMBL482950,PEXACERFONT,CC[C@@H](C)Nc1nc(C)nc2c(-c3ccc(OC)nc3C)c(C)nn12,LBWQSAZEYIZZCE-SNVBAGLBSA-N,340.43,3.0,,True,False,False,phase_only,,Small molecule,MOL,0.9166667,90.38946988820771,True,,c1cncc(-c2cnn3cncnc23)c1,1022,-5.21750497672838,docked,9DKB,-6.87902874879285,docked,7ALV,9.09717436250862,50.137835975189525,93.38387319090282,93.38387319090282,False
REP_08050,CHEMBL4650277,TAS0612,CC(C)(C)NCCNc1ccc(C2=NN=C(C(F)(F)F)C2)nc1C1CCN(c2ncnc3c2C(C)(C)C(=O)N3)CC1,UVKWCPOZHXNKAZ-UHFFFAOYSA-N,571.65,1.0,,True,False,False,phase_only,,Small molecule,MOL,0.9166667,90.38946988820771,True,,O=C1Cc2c(ncnc2N2CCC(c3cccc(C4=NN=CC4)n3)CC2)N1,1005,-5.21448910155362,docked,9DKB,1.09194068185495,docked,7ALV,9.028256374913857,50.137835975189525,1.447277739490005,50.137835975189525,False
REP_02018,CHEMBL1649931,PF-232798,CC(=O)N[C@@H](CCN1[C@@H]2CC[C@H]1C[C@@H](n1c(C)nc3c1CCN(C(=O)C(C)C)C3)C2)c1cccc(F)c1,QETUKYDWZIRTEI-QUMGSSFMSA-N,509.67,2.0,,True,False,False,phase_only,,Small molecule,MOL,0.9166667,90.38946988820771,True,,c1ccc(CCCN2C3CCC2CC(n2cnc4c2CCNC4)C3)cc1,916,-5.20581642553375,docked,9DKB,-1.03699832577168,docked,7ALV,8.959338387319093,50.137835975189525,5.444521019986215,50.137835975189525,False
REP_06278,CHEMBL4297090,DESOCRIPTINE,CC[C@H](C)[C@H]1CN2CCC[C@H]2[C@]2(O)O[C@](NC(=O)[C@@H]3C[C@@H]4c5cccc6[nH]cc(c56)C[C@H]4N(C)C3)(C(C)C)C(=O)N12,OPAVODIYXVLOOM-MXBMDEFOSA-N,563.74,2.0,,True,False,False,phase_only,,Small molecule,MOL,0.9166667,90.38946988820771,True,,O=C(NC1OC2C3CCCN3CCN2C1=O)C1CNC2Cc3c[nH]c4cccc(c34)C2C1,864,-5.17781436367068,docked,9DKB,-1.35272799971992,docked,7ALV,8.89042039972433,50.137835975189525,6.547208821502415,50.137835975189525,False
REP_06652,CHEMBL4650338,EDRALBRUTINIB,CC#CC(=O)N1CC[C@@H](n2cc(-c3ccc(Oc4c(F)cccc4F)cc3)c3c(N)n[nH]c(=O)c32)C1,DNPOFZXZJJDQLB-MRXNPFEDSA-N,489.48,2.0,,True,False,False,phase_only,,Small molecule,MOL,0.9166667,90.38946988820771,True,,O=c1[nH]ncc2c(-c3ccc(Oc4ccccc4)cc3)cn(C3CCNC3)c12,1035,-5.14509609637862,docked,9DKB,-0.528665348895858,docked,7ALV,8.821502412129567,50.137835975189525,4.135079255685737,50.137835975189525,False
REP_07049,CHEMBL5314485,ROVADICITINIB,N#CC[C@H](C1CCCC1)n1cc(-c2ncnc3[nH]ccc23)c(N)n1,ZGENDZDSLYKCSI-CQSZACIVSA-N,321.39,2.0,,True,False,False,phase_only,,Small molecule,MOL,1.0,98.35917778579156,True,,c1nc(-c2cnn(CC3CCCC3)c2)c2cc[nH]c2n1,173,-5.10878275555004,docked,9DKB,-4.96998429606976,docked,7ALV,8.752584424534804,91.38525155065473,60.992419021364576,91.38525155065473,False
REP_04792,CHEMBL2110863,DIPROTRIZOATE,CCC(=O)Nc1c(I)c(NC(=O)CC)c(I)c(C(=O)O)c1I,OIXRDAZPDINJPT-UHFFFAOYSA-N,641.97,2.0,,True,False,False,phase_only,,Small molecule,MOL,0.9166667,90.38946988820771,True,,c1ccccc1,514,-5.09896596486432,docked,9DKB,-3.0741121910223,docked,7ALV,8.68366643694004,50.137835975189525,21.36457615437629,50.137835975189525,False
REP_00568,CHEMBL188185,BUNAZOSIN,CCCC(=O)N1CCCN(c2nc(N)c3cc(OC)c(OC)cc3n2)CC1,RHLJLALHBZGAFM-UHFFFAOYSA-N,373.46,3.0,,True,False,False,phase_only,,Small molecule,MOL,0.9166667,90.38946988820771,True,,c1ccc2nc(N3CCCNCC3)ncc2c1,617,-5.09113183684544,docked,9DKB,-2.70425959635419,docked,7ALV,8.614748449345278,50.137835975189525,16.126809097174366,50.137835975189525,False
REP_06710,CHEMBL4756129,TMC 310911,CC(C)CN(C[C@@H](O)[C@H](Cc1ccccc1)NC(=O)O[C@H]1CO[C@H]2OCC[C@H]21)S(=O)(=O)c1ccc2nc(NC3CCN(C4CCCC4)CC3)sc2c1,JQUNFHFWXCXPRK-AMMMHQJVSA-N,756.0,2.0,,True,False,False,phase_only,,Small molecule,MOL,0.9166667,90.38946988820771,True,,O=C(NC(CCNS(=O)(=O)c1ccc2nc(NC3CCN(C4CCCC4)CC3)sc2c1)Cc1ccccc1)OC1COC2OCCC12,1053,-5.0868404228873,docked,9DKB,-3.82641279596294,docked,7ALV,8.545830461750514,50.137835975189525,34.18332184700207,50.137835975189525,False
REP_07790,CHEMBL3355009,GSK-3179106,CCOc1cc(=O)[nH]cc1-c1ccc(CC(=O)Nc2cc(C(C)(C)C(F)(F)F)on2)c(F)c1,IDXKJSSOUXWLDB-UHFFFAOYSA-N,467.42,1.0,,True,False,False,phase_only,,Small molecule,MOL,1.0,98.35917778579156,True,,O=C(Cc1ccc(-c2ccc(=O)[nH]c2)cc1)Nc1ccon1,224,-5.08358955171258,docked,9DKB,-1.73761414973887,docked,7ALV,8.476912474155752,91.38525155065473,8.68366643694004,91.38525155065473,False
REP_05242,CHEMBL276368,TIMEGADINE,Cc1cc(/N=C(\Nc2nccs2)NC2CCCCC2)c2ccccc2n1,SQVNITZYWXMWOG-UHFFFAOYSA-N,365.51,2.0,,True,False,False,phase_only,,Small molecule,MOL,0.9166666,85.41892054333454,True,,c1ccc2c(N=C(Nc3nccs3)NC3CCCCC3)ccnc2c1,1208,-5.05314928576034,docked,9DKB,-3.58907868539631,docked,7ALV,8.407994486560987,24.017918676774638,29.910406616126807,29.910406616126807,False
REP_01334,CHEMBL1084173,VILANTEROL .ALPHA.-PHENYL CINNAMATE,O=C(O)/C(=C/c1ccccc1)c1ccccc1.OCc1cc([C@@H](O)CNCCCCCCOCCOCc2c(Cl)cccc2Cl)ccc1O,KAMFDHLRBHTIMJ-AZDLLSQWSA-N,710.7,2.0,,True,False,False,phase_only,,Small molecule,MOL,1.0,98.35917778579156,True,,C(=Cc1ccccc1)c1ccccc1.c1ccc(CCNCCCCCCOCCOCc2ccccc2)cc1,158,-5.0398180741257,docked,9DKB,-4.52763205243936,docked,7ALV,8.339076498966225,91.38525155065473,50.58580289455548,91.38525155065473,False
REP_08101,CHEMBL4858364,MRTX-1133,C#Cc1c(F)ccc2cc(O)cc(-c3ncc4c(N5CC6CCC(C5)N6)nc(OC[C@@]56CCCN5C[C@H](F)C6)nc4c3F)c12,SCLLZBIBSFTLIN-IFMUVJFISA-N,600.65,1.0,,True,False,False,phase_only,,Small molecule,MOL,0.91666675,95.30592619305204,True,,c1ccc2c(-c3cc4nc(OCC56CCCN5CCC6)nc(N5CC6CCC(C5)N6)c4cn3)cccc2c1,460,-5.01986069992759,docked,9DKB,-0.266331026023661,docked,7ALV,8.270158511371474,75.63749138525155,3.5148173673328786,75.63749138525155,False
REP_01032,CHEMBL4301914,MRX-4,CC(=O)OP(=O)(O)N(C[C@H]1CN(c2cc(F)c(N3C=CC(=O)CC3)c(F)c2F)C(=O)O1)c1ccon1,YCRAGJLWFBGKFE-CYBMUJFWSA-N,530.35,3.0,,True,False,False,phase_only,,Small molecule,MOL,0.9166667,90.38946988820771,True,,O=C1C=CN(c2ccc(N3CC(CNc4ccon4)OC3=O)cc2)CC1,973,-5.01927343828373,docked,9DKB,-3.74544742826761,docked,7ALV,8.20124052377671,50.137835975189525,32.46037215713301,50.137835975189525,False
REP_06430,CHEMBL4297661,TARLOXOTINIB,Cn1cnc([N+](=O)[O-])c1C[N+](C)(C)C/C=C/C(=O)Nc1cc2c(Nc3ccc(Cl)c(Br)c3)ncnc2cn1,MUJMYVFVAWFUJL-SNAWJCMRSA-O,601.87,2.0,,True,False,False,phase_only,,Small molecule,MOL,0.9166666,85.41892054333454,True,,O=C(C=CC[NH2+]Cc1cnc[nH]1)Nc1cc2c(Nc3ccccc3)ncnc2cn1,1187,-5.01715819010526,docked,9DKB,-3.90165813465249,docked,7ALV,8.132322536181945,24.017918676774638,35.69951757408683,35.69951757408683,False
REP_06696,CHEMBL47298,TILORONE,CCN(CC)CCOc1ccc2c(c1)C(=O)c1cc(OCCN(CC)CC)ccc1-2,MPMFCABZENCRHV-UHFFFAOYSA-N,410.56,2.0,,True,False,False,phase_only,,Small molecule,MOL,0.5911168,81.7646351724967,True,,O=C1c2ccccc2-c2ccccc21,1518,-5.00751156783807,docked,9DKB,-1.59118939502133,docked,7ALV,8.063404548587183,4.548587181254307,7.78773259820813,7.78773259820813,False
REP_01585,CHEMBL125375,QUINDECAMINE,Cc1cc(NCCCCCCCCCCNc2cc(C)nc3ccccc23)c2ccccc2n1,GZIJBIYIMDKOSA-UHFFFAOYSA-N,454.66,2.0,,True,False,False,phase_only,,Small molecule,MOL,0.9166666,85.41892054333454,True,,c1ccc2c(NCCCCCCCCCCNc3ccnc4ccccc34)ccnc2c1,1108,-4.99940286702081,docked,9DKB,-1.51325017884195,docked,7ALV,7.99448656099242,24.017918676774638,7.098552722260509,24.017918676774638,False
REP_00994,CHEMBL4297490,CM-4307,[2H]C([2H])([2H])NC(=O)c1cc(Oc2ccc(NC(=O)Nc3ccc(Cl)c(C(F)(F)F)c3)cc2)ccn1,MLDQJTXFUGDVEO-FIBGUPNXSA-N,467.85,3.0,,True,False,False,phase_only,,Small molecule,MOL,1.0,98.35917778579156,True,,O=C(Nc1ccccc1)Nc1ccc(Oc2ccncc2)cc1,126,-4.98058018575079,docked,9DKB,-6.04924436527672,docked,7ALV,7.925568573397657,91.38525155065473,83.52860096485183,91.38525155065473,False
REP_07081,CHEMBL5314525,LERAMISTAT,C[C@]1(O)CC[C@H](NS(=O)(=O)c2ccc(-c3ccc(Cl)c(C#N)c3)cc2)CC1,NHBCGHQTPAFLAV-IRJFHVNHSA-N,404.92,2.0,,True,False,False,phase_only,,Small molecule,MOL,0.9166666,85.41892054333454,True,,O=S(=O)(NC1CCCCC1)c1ccc(-c2ccccc2)cc1,1230,-4.93332703426191,docked,9DKB,-4.35874081065876,docked,7ALV,7.856650585802893,24.017918676774638,46.1750516884907,46.1750516884907,False
REP_07881,CHEMBL4060569,TAK-915,COC[C@@H](NC(=O)N1CC(=O)Nc2cc(OC)cnc21)c1ccc(OC(F)(F)F)c(F)c1,AWJSRXUQLSPAOI-CQSZACIVSA-N,458.37,1.0,,True,False,False,phase_only,,Small molecule,MOL,0.7774514,83.26721961774251,True,,O=C1CN(C(=O)NCc2ccccc2)c2ncccc2N1,1393,-4.92530381514382,docked,9DKB,1.84054769240155,docked,7ALV,7.78773259820813,12.543073742246728,0.8959338387319105,12.543073742246728,False
REP_01633,CHEMBL1288786,PROPAZOLAMIDE,CCC(=O)Nc1nnc(S(N)(=O)=O)s1,PCBBBQKRWNGNDW-UHFFFAOYSA-N,236.28,2.0,,True,False,False,phase_only,,Small molecule,MOL,0.9166667,90.38946988820771,True,,c1nncs1,653,-4.922013742573,docked,9DKB,-5.66724437577756,docked,7ALV,7.718814610613367,50.137835975189525,77.1881461061337,77.1881461061337,False
REP_03736,CHEMBL2105863,ITROCINONIDE,CCC[C@@H]1O[C@@H]2C[C@H]3[C@@H]4C[C@H](F)C5=CC(=O)C=C[C@]5(C)[C@@]4(F)[C@@H](O)C[C@]3(C)[C@]2(C(=O)O[C@H](C)OC(=O)OCC)O1,GCELVROFGZYBHY-JUVXQCODSA-N,568.61,2.0,,True,False,False,phase_only,,Small molecule,MOL,0.9166667,90.38946988820771,True,,O=C1C=CC2C(=C1)CCC1C2CCC2C1CC1OCOC12,1021,-4.91380034062355,docked,9DKB,-2.15310965254788,docked,7ALV,7.649896623018604,50.137835975189525,11.440385940730536,50.137835975189525,False
REP_06512,CHEMBL4467168,DAPOLSERTIB,CC(C)n1c(C2CCNCC2)nc2c([N+](=O)[O-])c(Br)c(Br)cc21,UOUBCIJIWDLRGM-UHFFFAOYSA-N,446.14,2.0,,True,False,False,phase_only,,Small molecule,MOL,0.552688,81.42805625676162,True,,c1ccc2[nH]c(C3CCNCC3)nc2c1,1546,-4.90380270707865,docked,9DKB,-0.944086186707491,docked,7ALV,7.580978635423841,2.6878015161957274,4.962095106822884,4.962095106822884,False
REP_01051,CHEMBL4468815,ZIRESOVIR,Cc1ccc2nc(N3CCS(=O)(=O)c4ccccc4C3)nc(NCC3(N)COC3)c2c1,GAAICKUTDBZCMT-UHFFFAOYSA-N,439.54,3.0,,True,False,False,phase_only,,Small molecule,MOL,0.91666675,95.30592619305204,True,,O=S1(=O)CCN(c2nc(NCC3COC3)c3ccccc3n2)Cc2ccccc21,458,-4.90249407088641,docked,9DKB,-4.2756673225685,docked,7ALV,7.512060647829088,75.63749138525155,44.24534803583735,75.63749138525155,False
REP_06632,CHEMBL4646510,COFROGLIPTIN,CS(=O)(=O)n1cc2c(n1)CN([C@@H]1C[C@H](N)[C@@H](c3cc(F)ccc3F)O[C@@H]1C(F)(F)F)C2,GUBOXFWNNXSQNH-SVGFKBNWSA-N,466.43,2.0,,True,False,False,phase_only,,Small molecule,MOL,0.8037581,83.42348840004809,True,,c1ccc(C2CCC(N3Cc4c[nH]nc4C3)CO2)cc1,1380,-4.89159133106868,docked,9DKB,-2.04575933894464,docked,7ALV,7.443142660234326,13.370089593383874,10.475534114403862,13.370089593383874,False
REP_04246,CHEMBL2106914,PHTHALYLSULFAMETHIZOLE,Cc1nnc(NS(=O)(=O)c2ccc(NC(=O)c3ccccc3C(=O)O)cc2)s1,IVOLPXGGYPYZOM-UHFFFAOYSA-N,418.46,2.0,,True,False,False,phase_only,,Small molecule,MOL,0.77823114,83.27924029330448,True,,O=C(Nc1ccc(S(=O)(=O)Nc2nncs2)cc1)c1ccccc1,1392,-4.87850100584198,docked,9DKB,-4.30440813793037,docked,7ALV,7.374224672639562,12.611991729841488,45.003445899379734,45.003445899379734,False
REP_00883,CHEMBL3707260,LEUCOVORIN SODIUM,Nc1nc(O)c2c(n1)NCC(CNc1ccc(C(=O)N[C@@H](CCC(=O)[O-])C(=O)[O-])cc1)N2C=O,VVIAGPKUTFNRDU-ABLWVSNPSA-L,471.43,3.0,,True,False,False,phase_only,,Small molecule,MOL,0.71500325,82.71426854189205,True,,c1ccc(NCC2CNc3ncncc3N2)cc1,1439,-4.86589892396293,docked,9DKB,-2.70586077974365,docked,7ALV,7.305306685044799,9.648518263266713,16.333563059958646,16.333563059958646,False
REP_07725,CHEMBL2396989,LY-2886721,NC1=N[C@@]2(c3cc(NC(=O)c4ccc(F)cn4)ccc3F)COC[C@H]2CS1,NIDRNVHMMDAAIK-YPMLDQLKSA-N,390.42,1.0,,True,False,False,phase_only,,Small molecule,MOL,0.9166666,85.41892054333454,True,,O=C(Nc1cccc(C23COCC2CSC=N3)c1)c1ccccn1,1136,-4.86015032291914,docked,9DKB,-5.49006874065606,docked,7ALV,7.236388697450035,24.017918676774638,72.9841488628532,72.9841488628532,False
REP_06664,CHEMBL4650521,BATOPROTAFIB,C[C@@H]1OCC2(CCN(c3cnc(Sc4ccnc(N)c4Cl)c(N)n3)CC2)[C@@H]1N,UCJZOKGUEJUNIO-IINYFYTJSA-N,421.96,2.0,,True,False,False,phase_only,,Small molecule,MOL,0.53202367,81.13956004327443,True,,c1cc(Sc2cnc(N3CCC4(CCOC4)CC3)cn2)ccn1,1570,-4.85291653889538,docked,9DKB,-3.18771354792402,docked,7ALV,7.167470709855273,1.3094417643004823,23.225361819434877,23.225361819434877,False
REP_02353,CHEMBL1908351,INTOPLICINE,Cc1cnc(NCCCN(C)C)c2c1[nH]c1ccc3cc(O)ccc3c12,QROONAIPJKQFMC-UHFFFAOYSA-N,348.45,2.0,,True,False,False,phase_only,,Small molecule,MOL,0.9166666,85.41892054333454,True,,c1ccc2c(c1)ccc1[nH]c3ccncc3c12,1185,-4.82592534052866,docked,9DKB,-3.94934265382428,docked,7ALV,7.098552722260509,24.017918676774638,36.59545141281875,36.59545141281875,False
REP_03084,CHEMBL2104722,PICLOXYDINE,N=C(NC(=N)N1CCN(C(=N)NC(=N)Nc2ccc(Cl)cc2)CC1)Nc1ccc(Cl)cc1,YNCLPFSAZFGQCD-UHFFFAOYSA-N,475.39,2.0,,True,False,False,phase_only,,Small molecule,MOL,0.91666675,95.30592619305204,True,,N=C(NC(=N)N1CCN(C(=N)NC(=N)Nc2ccccc2)CC1)Nc1ccccc1,480,-4.79628730031026,docked,9DKB,-4.47235548627904,docked,7ALV,7.029634734665747,75.63749138525155,48.86285320468642,75.63749138525155,False
REP_05121,CHEMBL2402904,FELCISETRAG,COC(=O)N1CCC(CN2CCC(CNC(=O)c3cccc4[nH]c(C(C)C)nc34)CC2)CC1,MZOITCJKGUIQEI-UHFFFAOYSA-N,455.6,2.0,,True,False,False,phase_only,,Small molecule,MOL,0.9166666,85.41892054333454,True,,O=C(NCC1CCN(CC2CCNCC2)CC1)c1cccc2[nH]cnc12,1310,-4.78837976540479,docked,9DKB,-4.43343512180736,docked,7ALV,6.9607167470709825,24.017918676774638,48.104755341144035,48.104755341144035,False
REP_03678,CHEMBL2105588,ELANZEPINE,CN(C)CC/C=C1\c2ccccc2CNc2cc(Cl)ccc21,YXZWPKTWLHVLEY-CAOOACKPSA-N,312.84,2.0,,True,False,False,phase_only,,Small molecule,MOL,0.9166667,90.38946988820771,True,,C=C1c2ccccc2CNc2ccccc21,857,-4.7857648009051,docked,9DKB,-3.91593082061582,docked,7ALV,6.89179875947622,50.137835975189525,36.11302549965541,50.137835975189525,False
REP_07062,CHEMBL5314502,ANERATRIGINE,CNCCN(C)c1cc(F)ccc1Nc1cc(F)c(S(=O)(=O)Nc2cscn2)cc1Cl,QQPQCLIQRLPULJ-UHFFFAOYSA-N,487.99,2.0,,True,False,False,phase_only,,Small molecule,MOL,0.9166667,90.38946988820771,True,,O=S(=O)(Nc1cscn1)c1ccc(Nc2ccccc2)cc1,738,-4.77267117869371,docked,9DKB,-6.18526746434819,docked,7ALV,6.822880771881456,50.137835975189525,85.52722260509992,85.52722260509992,False
REP_07573,CHEMBL1186581,RTI-336,Cc1ccc(-c2cc([C@@H]3C4CCC(C[C@@H]3c3ccc(Cl)cc3)N4C)on2)cc1,AUXUFNHAVGIVDC-DXTSEPBQSA-N,392.93,1.0,,True,False,False,phase_only,,Small molecule,MOL,0.9166667,90.38946988820771,True,,c1ccc(-c2cc(C3C4CCC(CC3c3ccccc3)N4)on2)cc1,657,-4.77092989338862,docked,9DKB,-3.36817431285577,docked,7ALV,6.753962784286694,50.137835975189525,25.775327360441082,50.137835975189525,False
REP_05460,CHEMBL311350,PIROMIDIC ACID,CCn1cc(C(=O)O)c(=O)c2cnc(N3CCCC3)nc21,RCIMBBZXSXFZBV-UHFFFAOYSA-N,288.31,2.0,,True,False,False,phase_only,,Small molecule,MOL,0.91666675,95.30592619305204,True,,O=c1cc[nH]c2nc(N3CCCC3)ncc12,344,-4.7584380083391,docked,9DKB,-5.73196628409363,docked,7ALV,6.685044796691941,75.63749138525155,78.70434183321848,78.70434183321848,False
REP_06251,CHEMBL426161,AZM-475271,COc1ccc(Cl)c(Nc2ncnc3cc(OCC4CCN(C)CC4)c(OC)cc23)c1,WPOXAFXHRJYEIC-UHFFFAOYSA-N,442.95,2.0,,True,False,False,phase_only,,Small molecule,MOL,0.91666675,95.30592619305204,True,,c1ccc(Nc2ncnc3cc(OCC4CCNCC4)ccc23)cc1,319,-4.75804615830281,docked,9DKB,-3.76599222259439,docked,7ALV,6.616126809097178,75.63749138525155,32.80496209510682,75.63749138525155,False
REP_02554,CHEMBL2103858,NARONAPRIDE,COc1cc(N)c(Cl)cc1C(=O)N[C@@H]1CCN(CCCCCC(=O)O[C@H]2CN3CCC2CC3)C[C@@H]1OC,VGDDOIZXGFJDRC-VJTSUQJLSA-N,537.1,2.0,,True,False,False,phase_only,,Small molecule,MOL,0.9166667,90.38946988820771,True,,O=C(CCCCCN1CCC(NC(=O)c2ccccc2)CC1)OC1CN2CCC1CC2,979,-4.75762654133663,docked,9DKB,-3.68746837234545,docked,7ALV,6.547208821502415,50.137835975189525,31.35768435561681,50.137835975189525,False
REP_07075,CHEMBL5314517,EMILUMENIB,COc1cc(-c2ccc(CN[C@H]3C[C@@H](O)[C@@H](N(C)c4ncnc5sc(CC(F)(F)F)cc45)C3)cc2)nnc1OC,FFHYBSANKGPTCW-VOQZNFBZSA-N,574.63,2.0,,True,False,False,phase_only,,Small molecule,MOL,0.91666675,95.30592619305204,True,,c1cnnc(-c2ccc(CNC3CCC(Nc4ncnc5sccc45)C3)cc2)c1,345,-4.75210367993783,docked,9DKB,-4.48908620554914,docked,7ALV,6.478290833907652,75.63749138525155,49.276361130255,75.63749138525155,False
REP_00624,CHEMBL2103879,GANETESPIB,CC(C)c1cc(-c2n[nH]c(=O)n2-c2ccc3c(ccn3C)c2)c(O)cc1O,RVAQIUULWULRNW-UHFFFAOYSA-N,364.41,3.0,,True,False,False,phase_only,,Small molecule,MOL,0.7618191,83.08690948431303,True,,O=c1[nH]nc(-c2ccccc2)n1-c1ccc2[nH]ccc2c1,1408,-4.70181674810177,docked,9DKB,-0.221751122864148,docked,7ALV,6.4093728463128885,11.647139903514818,3.239145416953826,11.647139903514818,False
REP_07109,CHEMBL5314579,ZILURGISERTIB,Nc1ncc(-c2ccc([C@@]34C[C@@H]3CN(C3CCOCC3)C4)cc2)cc1C(=O)NC12CCC(O)(CC1)CC2,KPRPFTOLWQQUAV-OCVAFRRMSA-N,502.66,2.0,,True,False,False,phase_only,,Small molecule,MOL,1.0,98.35917778579156,True,,O=C(NC12CCC(CC1)CC2)c1cncc(-c2ccc(C34CC3CN(C3CCOCC3)C4)cc2)c1,79,-4.69911026131636,docked,9DKB,0.766984777245677,docked,7ALV,6.340454858718125,91.38525155065473,1.7229496898690577,91.38525155065473,False
REP_08191,CHEMBL5314918,IKT-001PRO,CCC(C)OC(=O)OC[N+]1(C)CCN(Cc2ccc(C(=O)Nc3ccc(C)c(Nc4nccc(-c5cccnc5)n4)c3)cc2)CC1,LDGNUHRHJMYMRG-UHFFFAOYSA-O,624.77,1.0,,True,False,False,phase_only,,Small molecule,MOL,0.9166667,90.38946988820771,True,,O=C(Nc1cccc(Nc2nccc(-c3cccnc3)n2)c1)c1ccc(CN2CC[NH2+]CC2)cc1,537,-4.68798513273249,docked,9DKB,-2.7359024219613,docked,7ALV,6.271536871123362,50.137835975189525,16.88490696071675,50.137835975189525,False
REP_04386,CHEMBL2107182,ISOMETAMIDIUM CHLORIDE,CC[n+]1c(-c2ccccc2)c2cc(N/N=N/c3cccc(C(=N)N)c3)ccc2c2ccc(N)cc21,UGKOYGZYLRKTJH-UHFFFAOYSA-O,460.57,2.0,,True,False,False,phase_only,,Small molecule,MOL,0.9166667,90.38946988820771,True,,c1ccc(N=NNc2ccc3c(c2)c(-c2ccccc2)[nH+]c2ccccc23)cc1,1074,-4.68252695714247,docked,9DKB,0.518771095187258,docked,7ALV,6.202618883528599,50.137835975189525,1.9986216402480994,50.137835975189525,False
REP_07820,CHEMBL3545423,AZD-1208,NC1CCCN(c2c(/C=C3/SC(=O)NC3=O)cccc2-c2ccccc2)C1,MCUJKPPARUPFJM-LDADJPATSA-N,379.49,1.0,,True,False,False,phase_only,,Small molecule,MOL,1.0,98.35917778579156,True,,O=C1NC(=O)C(=Cc2cccc(-c3ccccc3)c2N2CCCCC2)S1,194,-4.66219562740753,docked,9DKB,-4.92264976775952,docked,7ALV,6.133700895933836,91.38525155065473,59.88973121984837,91.38525155065473,False
REP_06356,CHEMBL4297422,RG-4733,CC(C)(C(=O)NCC(F)(F)C(F)(F)F)C(=O)N[C@@H]1C(=O)Nc2ccccc2-c2ccccc21,OJPLJFIFUQPSJR-INIZCTEOSA-N,469.41,2.0,,True,False,False,phase_only,,Small molecule,MOL,0.81000704,83.45955042673398,True,,O=C1Cc2ccccc2-c2ccccc2N1,1377,-4.65498635334666,docked,9DKB,-5.51831578802186,docked,7ALV,6.0647829083390725,13.57684355616816,74.01791867677463,74.01791867677463,False
REP_07125,CHEMBL5314933,TUVUSERTIB,Cn1cncc1-c1c(F)cncc1NC(=O)c1c(N)nn2cc(F)cnc12,RBQPCTBFIPVIJN-UHFFFAOYSA-N,370.32,2.0,,True,False,False,phase_only,,Small molecule,MOL,0.91666675,95.30592619305204,True,,O=C(Nc1cnccc1-c1cnc[nH]1)c1cnn2cccnc12,392,-4.62395547505858,docked,9DKB,-4.41286882124755,docked,7ALV,5.995864920744309,75.63749138525155,47.55341144038594,75.63749138525155,False
REP_05832,CHEMBL3697578,RAZPIPADON,Cc1cc(Oc2ncccc2OC(F)F)ccc1-c1c(C)c(=O)[nH]c(=O)n1C,ZXIPVZWZRQCIRW-UHFFFAOYSA-N,389.36,2.0,,True,False,False,phase_only,,Small molecule,MOL,0.91666675,95.30592619305204,True,,O=c1cc(-c2ccc(Oc3ccccn3)cc2)[nH]c(=O)[nH]1,487,-4.59335783669548,docked,9DKB,-3.23171526484255,docked,7ALV,5.926946933149557,75.63749138525155,23.638869745003444,75.63749138525155,False
REP_00600,CHEMBL2035874,EPROTIROME,CC(C)c1cc(Oc2c(Br)cc(NC(=O)CC(=O)O)cc2Br)ccc1O,VPCSYAVXDAUHLT-UHFFFAOYSA-N,487.14,3.0,,True,False,False,phase_only,,Small molecule,MOL,1.0,98.35917778579156,True,,c1ccc(Oc2ccccc2)cc1,252,-4.54780703742513,docked,9DKB,-4.63221870587987,docked,7ALV,5.8580289455547945,91.38525155065473,53.204686423156446,91.38525155065473,False
REP_05694,CHEMBL3544975,RELENOPRIDE,COc1cc(N)c(Cl)cc1C(=O)NCC1CCN(CC[C@H](OC(N)=O)c2ccc(F)cc2)CC1,KGMMSPVVHZGPHL-NRFANRHFSA-N,492.98,2.0,,True,False,False,phase_only,,Small molecule,MOL,0.8238565,83.51965380454381,True,,O=C(NCC1CCN(CCCc2ccccc2)CC1)c1ccccc1,1372,-4.51933041621433,docked,9DKB,-5.32128438643283,docked,7ALV,5.78911095796003,13.921433494141972,69.67608545830461,69.67608545830461,False
REP_08013,CHEMBL4571075,BMS-984923,O=C1N[C@H](c2cncc(C#Cc3ccccc3)c2)[C@@H](c2ccccc2Cl)O1,IAYVUQJOKDFLAL-NHCUHLMSSA-N,374.83,1.0,,True,False,False,phase_only,,Small molecule,MOL,0.577137,81.63240774131506,True,,O=C1NC(c2cncc(C#Cc3ccccc3)c2)C(c2ccccc2)O1,1529,-4.49451374475851,docked,9DKB,-4.04403656334859,docked,7ALV,5.720192970365268,3.790489317711923,38.731909028256375,38.731909028256375,False
REP_06884,CHEMBL5095169,TIGOZERTINIB,CO[C@@H]1CCN(c2nccc(Nc3cc4c(C(C)C)ccc(N5C[C@H](CS(C)(=O)=O)[C@H]5C)c4cn3)n2)C[C@@H]1F,LIMFPAAAIVQRRD-BCGVJQADSA-N,556.71,2.0,,True,False,False,phase_only,,Small molecule,MOL,0.6408075,82.1613174660416,True,,c1cc(N2CCC2)c2cnc(Nc3ccnc(N4CCCCC4)n3)cc2c1,1485,-4.49221543426448,docked,9DKB,-5.60701320332377,docked,7ALV,5.651274982770504,6.685044796691937,76.01654031702274,76.01654031702274,False
REP_03644,CHEMBL2105543,TRALONIDE,CC1(C)O[C@@H]2C[C@H]3[C@@H]4C[C@H](F)C5=CC(=O)C=C[C@]5(C)[C@@]4(Cl)[C@@H](Cl)C[C@]3(C)[C@]2(C(=O)CF)O1,OGZHZYVCWDUIJV-VSXGLTOVSA-N,489.39,2.0,,True,False,False,phase_only,,Small molecule,MOL,0.5112642,80.9712705854069,True,,O=C1C=CC2C(=C1)CCC1C2CCC2C1CC1OCOC12,1584,-4.42426179152533,docked,9DKB,-1.99755160158756,docked,7ALV,5.582356995175742,0.34458993797381116,10.268780151619572,10.268780151619572,False
REP_07816,CHEMBL3545355,CHF4227,COc1ccc(C2=C(Cc3ccc(OCCN4CCCCC4)cc3)c3ccc(O)cc3OC2)cc1,ZUDXUNPSRMREOJ-UHFFFAOYSA-N,471.6,1.0,,True,False,False,phase_only,,Small molecule,MOL,0.9166667,90.38946988820771,True,,c1ccc(C2=C(Cc3ccc(OCCN4CCCCC4)cc3)c3ccccc3OC2)cc1,870,-4.3965057767931,docked,9DKB,-3.0027106868459,docked,7ALV,5.513439007580978,50.137835975189525,20.537560303239143,50.137835975189525,False
REP_08187,CHEMBL5314907,AB-836,C[C@H](c1c[nH]c(=O)c2cc(F)c(F)cc12)N(C)C(=O)Nc1ccc(F)c(C#N)c1,WKCMLORRPISTPL-SNVBAGLBSA-N,400.36,1.0,,True,False,False,phase_only,,Small molecule,MOL,0.9166667,90.38946988820771,True,,O=C(NCc1c[nH]c(=O)c2ccccc12)Nc1ccccc1,526,-4.32968784915956,docked,9DKB,-1.1163866417377,docked,7ALV,5.444521019986215,50.137835975189525,6.0647829083390725,50.137835975189525,False
REP_07037,CHEMBL5314472,NERACORVIR,Cc1cc2n(c1)S(=O)(=O)c1ccc(C(=O)NCC[C@H]3COCCO3)cc1NC2=O,OXJNOWPZKFUKNS-AWEZNQCLSA-N,419.46,2.0,,True,False,False,phase_only,,Small molecule,MOL,0.6162274,81.92090395480226,True,,O=C(NCCC1COCCO1)c1ccc2c(c1)NC(=O)c1cccn1S2(=O)=O,1505,-4.28879708975119,docked,9DKB,-3.2137626074761,docked,7ALV,5.375603032391451,5.444521019986216,23.501033769813915,23.501033769813915,False
REP_07762,CHEMBL3109738,JNJ-26483327,COc1cc2ncnc3c2cc1OCCCCCN(C)Cc1ccc(Br)cc1N3,JXDYOSVKVSQGJM-UHFFFAOYSA-N,457.37,1.0,,True,False,False,phase_only,,Small molecule,MOL,0.5950035,81.78867652362062,True,,c1ccc2c(c1)CNCCCCCOc1ccc3ncnc(c3c1)N2,1516,-4.28166972587485,docked,9DKB,-0.0555115284560381,docked,7ALV,5.306685044796689,4.686423156443833,2.8256374913852467,4.686423156443833,False
REP_06822,CHEMBL5083772,BIIB-091,Cn1cc(Nc2nccc(-c3ccc4c(c3)CN(C3COC3)CC[C@H]4NC(=O)c3cn(C(C)(C)C)nn3)n2)cn1,JSAQBOQCZJHWMA-XMMPIXPASA-N,542.65,2.0,,True,False,False,phase_only,,Small molecule,MOL,0.9166667,90.38946988820771,True,,O=C(NC1CCN(C2COC2)Cc2cc(-c3ccnc(Nc4cn[nH]c4)n3)ccc21)c1c[nH]nn1,935,-4.26112873714138,docked,9DKB,-1.76586127578916,docked,7ALV,5.237767057201925,50.137835975189525,8.821502412129567,50.137835975189525,False
REP_02461,CHEMBL2010872,CEP-11981,CC(C)Cn1c2ccc(Nc3ncccn3)cc2c2c3c(c4c(c21)CCc1nn(C)cc1-4)C(=O)NC3,AEULIVPVIDOLIN-UHFFFAOYSA-N,477.57,2.0,,True,False,False,phase_only,,Small molecule,MOL,0.9166667,90.38946988820771,True,,O=C1NCc2c1c1c(c3[nH]c4ccc(Nc5ncccn5)cc4c23)CCc2n[nH]cc2-1,1097,-4.25909040610904,docked,9DKB,2.38637033802121,docked,7ALV,5.1688490696071625,50.137835975189525,0.7580978635423841,50.137835975189525,False
REP_08053,CHEMBL4650283,FF-10101,CCCNc1nc(Nc2ccc(C#N)cc2)ncc1C#CCCCNC(=O)[C@H](C)N(C)C(=O)/C=C/CN(C)C,HJFSVYUFOXAVAA-YUAYGMJFSA-N,530.68,1.0,,True,False,False,phase_only,,Small molecule,MOL,0.91666675,95.30592619305204,True,,c1ccc(Nc2ncccn2)cc1,465,-4.25242211052115,docked,9DKB,-5.1577684981709,docked,7ALV,5.09993108201241,75.63749138525155,66.57477601654031,75.63749138525155,False
REP_06598,CHEMBL4594419,BMS-813160,CC(=O)N[C@@H]1C[C@H](NC(C)(C)C)CC[C@@H]1N1CC[C@H](Nc2ncnc3cc(C(C)(C)C)nn23)C1=O,CMVHFGNTABZQJU-HCXYKTFWSA-N,484.65,2.0,,True,False,False,phase_only,,Small molecule,MOL,0.9166667,90.38946988820771,True,,O=C1C(Nc2ncnc3ccnn23)CCN1C1CCCCC1,554,-4.18363036290705,docked,9DKB,-2.20751047761812,docked,7ALV,5.031013094417647,50.137835975189525,11.922811853893867,50.137835975189525,False
REP_07227,CHEMBL58711,TIVIRAPINE,CC(C)=CCN1Cc2c(Cl)ccc3[nH]c(=S)n(c23)C[C@@H]1C,ZNFFMCYSMBXZQU-NSHDSACASA-N,321.88,2.0,,True,False,False,phase_only,,Small molecule,MOL,0.9166667,90.38946988820771,True,,S=c1[nH]c2cccc3c2n1CCNC3,586,-4.1775718356403,docked,9DKB,-4.84683831192769,docked,7ALV,4.962095106822884,50.137835975189525,58.71812543073742,58.71812543073742,False
REP_07819,CHEMBL3545420,AG-24322,CCNCc1cncc(-c2ccc3c(c2)/C(=C2/N=c4cc(F)cc(F)c4=N2)NN3)c1C,RBOKLZGCVRXGEP-XTQSDGFTSA-N,418.45,1.0,,True,False,False,phase_only,,Small molecule,MOL,0.91666675,95.30592619305204,True,,c1cncc(-c2ccc3c(c2)C(=C2N=c4ccccc4=N2)NN3)c1,304,-4.16682930243382,docked,9DKB,-1.64427735092678,docked,7ALV,4.89317711922812,75.63749138525155,8.063404548587183,75.63749138525155,False
REP_00850,CHEMBL3544978,ZOLIFLODACIN,C[C@@H]1CN2c3c(cc4c(N5C(=O)OC[C@@H]5C)noc4c3F)CC3(C(=O)NC(=O)NC3=O)[C@H]2[C@H](C)O1,ZSWMIFNWDQEXDT-ZESJGQACSA-N,487.44,3.0,,True,False,False,phase_only,,Small molecule,MOL,0.81684744,83.48359177785791,True,,O=C1NC(=O)C2(Cc3cc4c(N5CCOC5=O)noc4cc3N3CCOCC32)C(=O)N1,1375,-4.14325380039095,docked,9DKB,0.0161199103321499,docked,7ALV,4.824259131633357,13.714679531357685,2.6878015161957314,13.714679531357685,False
REP_08060,CHEMBL4650317,ICAPAMESPIB,CC(C)(C)CNCCn1c(Sc2cc3c(cc2I)OCO3)nc2c(N)ncnc21,UYODNJZBUUEXPC-UHFFFAOYSA-N,526.4,1.0,,True,False,False,phase_only,,Small molecule,MOL,0.9166667,90.38946988820771,True,,c1ncc2nc(Sc3ccc4c(c3)OCO4)[nH]c2n1,1006,-4.12237440441516,docked,9DKB,-2.47725387273765,docked,7ALV,4.755341144038594,50.137835975189525,13.99035148173673,50.137835975189525,False
REP_03386,CHEMBL2105183,OBERADILOL,CC1CC(=O)NN=C1c1ccc(NCC(C)(C)NCC(O)COc2cc(Cl)ccc2C#N)cc1,SHAJOALCPZUGLR-UHFFFAOYSA-N,484.0,2.0,,True,False,False,phase_only,,Small molecule,MOL,0.9166667,90.38946988820771,True,,O=C1CCC(c2ccc(NCCNCCCOc3ccccc3)cc2)=NN1,744,-4.1133866009989,docked,9DKB,-3.19647871759773,docked,7ALV,4.686423156443831,50.137835975189525,23.29427980702964,50.137835975189525,False
REP_00620,CHEMBL2103849,UDENAFIL,CCCOc1ccc(S(=O)(=O)NCCC2CCCN2C)cc1-c1nc2c(CCC)nn(C)c2c(=O)[nH]1,IYFNEFQTYQPVOC-UHFFFAOYSA-N,516.67,3.0,,True,True,True,primary_atc_phase,,Small molecule,MOL,0.9166667,90.38946988820771,True,,O=c1[nH]c(-c2cccc(S(=O)(=O)NCCC3CCCN3)c2)nc2cn[nH]c12,1071,-4.11247570798923,docked,9DKB,-5.85388890028134,docked,7ALV,4.617505168849068,50.137835975189525,80.35837353549276,80.35837353549276,False
REP_04974,CHEMBL2160007,PSI-352938,CCOc1nc(N)nc2c1ncn2[C@@H]1O[C@@H]2COP(=O)(OC(C)C)O[C@H]2[C@@]1(C)F,PVRFQJIRERYGTQ-UYISCHNFSA-N,431.36,2.0,,True,False,False,phase_only,,Small molecule,MOL,0.91666675,95.30592619305204,True,,O=[PH]1OCC2OC(n3cnc4cncnc43)CC2O1,493,-4.10751355852248,docked,9DKB,-3.10521955052642,docked,7ALV,4.548587181254304,75.63749138525155,21.778084079944872,75.63749138525155,False
REP_03372,CHEMBL2105166,MAZOKALIM,CCOC(=O)CCCn1nnnc1-c1ccc2c(c1)[C@@H](Oc1ccc(=O)[nH]n1)[C@](C)(O)C(C)(C)O2,NMOVZVDTGJSEMC-OFNKIYASSA-N,484.51,2.0,,True,False,False,phase_only,,Small molecule,MOL,0.9166666,85.41892054333454,True,,O=c1ccc(OC2CCOc3ccc(-c4nnn[nH]4)cc32)n[nH]1,1122,-4.10603571417129,docked,9DKB,-5.85701544132525,docked,7ALV,4.479669193659541,24.017918676774638,80.56512749827705,80.56512749827705,False
REP_08161,CHEMBL5095508,CHOLYLSARCOSINE,C[C@H](CCC(=O)N(C)CC(=O)O)[C@H]1CC[C@H]2[C@@H]3[C@H](O)C[C@@H]4C[C@H](O)CC[C@]4(C)[C@H]3C[C@H](O)[C@]12C,DRRMEMPJCIGHMB-ZNLOGFMMSA-N,479.66,1.0,,True,False,False,phase_only,,Small molecule,MOL,0.9166667,90.38946988820771,True,,C1CCC2C(C1)CCC1C3CCCC3CCC21,1085,-4.10053905586518,docked,9DKB,-4.65189160914394,docked,7ALV,4.410751206064778,50.137835975189525,53.8249483115093,53.8249483115093,False
REP_08137,CHEMBL5095205,CHOLYLSARCOSINE C-11,C[C@H](CCC(=O)N([11CH3])CC(=O)O)[C@H]1CC[C@H]2[C@@H]3[C@H](O)C[C@@H]4C[C@H](O)CC[C@]4(C)[C@H]3C[C@H](O)[C@]12C,DRRMEMPJCIGHMB-AWKXEPQSSA-N,478.66,1.0,,True,False,False,phase_only,,Small molecule,MOL,0.9166667,90.38946988820771,True,,C1CCC2C(C1)CCC1C3CCCC3CCC21,520,-4.09587953171998,docked,9DKB,-3.74043131309295,docked,7ALV,4.3418332184700255,50.137835975189525,32.322536181943484,50.137835975189525,False
REP_08225,CHEMBL5543051,PF-07284892,Nc1nccc(Sc2cnc(N3CCC4(CC3)Cc3ccccc3[C@H]4N)nn2)c1Cl,HZCJDRDHKWNUGN-GOSISDBHSA-N,439.98,1.0,,True,False,False,phase_only,,Small molecule,MOL,0.91666675,95.30592619305204,True,,c1ccc2c(c1)CC1(CCN(c3ncc(Sc4ccncc4)nn3)CC1)C2,500,-4.09491960861963,docked,9DKB,-4.57392800359225,docked,7ALV,4.272915230875263,75.63749138525155,51.619572708476916,75.63749138525155,False
REP_05411,CHEMBL3039498,GRAPIPRANT,CCc1nc2c(C)nc(C)cc2n1-c1ccc(CCNC(=O)NS(=O)(=O)c2ccc(C)cc2)cc1,HZVLFTCYCLXTGV-UHFFFAOYSA-N,491.62,2.0,,True,False,False,phase_only,,Small molecule,MOL,0.7997963,83.38742637336219,True,,O=C(NCCc1ccc(-n2cnc3cnccc32)cc1)NS(=O)(=O)c1ccccc1,1383,-4.0898614911862,docked,9DKB,-7.20113734212434,docked,7ALV,4.203997243280499,13.163335630599587,94.83115093039282,94.83115093039282,False
REP_07947,CHEMBL4297402,VP-14637,Cc1nnnn1N=Cc1ccc(O)c(C(c2ccc(O)cc2)c2cc(C=Nn3nnnc3C)ccc2O)c1,BLUJRJMLDHEMRX-UHFFFAOYSA-N,510.52,1.0,,True,False,False,phase_only,,Small molecule,MOL,0.6542447,82.24546219497536,True,,C(=Nn1cnnn1)c1cccc(C(c2ccccc2)c2cccc(C=Nn3cnnn3)c2)c1,1478,-4.08355167226445,docked,9DKB,-2.80336653187547,docked,7ALV,4.135079255685737,7.167470709855273,17.50516884906961,17.50516884906961,False
REP_06722,CHEMBL478120,MARBOFLOXACIN,CN1CCN(c2c(F)cc3c(=O)c(C(=O)O)cn4c3c2OCN4C)CC1,BPFYOAJNDMUVBL-UHFFFAOYSA-N,362.36,2.0,,True,False,False,phase_only,,Small molecule,MOL,0.9166667,90.38946988820771,True,,O=c1ccn2c3c(c(N4CCNCC4)ccc13)OCN2,1064,-4.04864100574189,docked,9DKB,-3.58111107708406,docked,7ALV,4.066161268090973,50.137835975189525,29.634734665747764,50.137835975189525,False
REP_07956,CHEMBL4297449,USL-311,CC(C)N1CCC(N2CCCN(c3cccc(C(=O)Nc4ccncc4)n3)CC2)CC1,XNUNVQKARNSSEO-UHFFFAOYSA-N,422.58,1.0,,True,False,False,phase_only,,Small molecule,MOL,1.0,98.35917778579156,True,,O=C(Nc1ccncc1)c1cccc(N2CCCN(C3CCNCC3)CC2)n1,147,-4.0486371897952,docked,9DKB,-2.14977897427936,docked,7ALV,3.99724328049621,91.38525155065473,11.371467953135772,91.38525155065473,False
REP_05473,CHEMBL312862,DEMECOLCINE,CN[C@H]1CCc2cc(OC)c(OC)c(OC)c2-c2ccc(OC)c(=O)cc21,NNJPGOLRFBJNIW-HNNXBMFYSA-N,371.43,2.0,,True,False,False,phase_only,,Small molecule,MOL,0.9166666,85.41892054333454,True,,O=c1cccc2c(c1)CCCc1ccccc1-2,1283,-4.04410613914977,docked,9DKB,-3.51369236036215,docked,7ALV,3.9283252929014467,24.017918676774638,27.911784975878707,27.911784975878707,False
REP_08266,CHEMBL6068537,ASP-7657,O=C(NC[C@H]1CC[C@H](C(=O)O)CC1)c1cc(C(F)(F)F)cc2ccn(Cc3ccc4ccccc4n3)c12,HBDTYYZZYCVTIJ-UAPYVXQJSA-N,509.53,1.0,,True,False,False,phase_only,,Small molecule,MOL,0.91666675,95.30592619305204,True,,O=C(NCC1CCCCC1)c1cccc2ccn(Cc3ccc4ccccc4n3)c12,499,-4.01061947435074,docked,9DKB,-3.03816292136937,docked,7ALV,3.8594073053066835,75.63749138525155,21.019986216402486,75.63749138525155,False
REP_07200,CHEMBL572878,TOZASERTIB,Cc1cc(Nc2cc(N3CCN(C)CC3)nc(Sc3ccc(NC(=O)C4CC4)cc3)n2)n[nH]1,GCIKSSRWRFVXBI-UHFFFAOYSA-N,464.6,2.0,,True,False,False,phase_only,,Small molecule,MOL,1.0,98.35917778579156,True,,O=C(Nc1ccc(Sc2nc(Nc3cc[nH]n3)cc(N3CCNCC3)n2)cc1)C1CC1,10,-3.96186849497304,docked,9DKB,-1.36962703651726,docked,7ALV,3.7904893177119203,91.38525155065473,6.616126809097178,91.38525155065473,False
REP_07247,CHEMBL5939817,ZEPRUMETOSTAT,CCc1c(N(CC)C2CCOCC2)cc2oc(CN3CCCCC3)cc2c1C(=O)NCc1c(C)cc(C)[nH]c1=O,YLZVNQZYAYVUCW-UHFFFAOYSA-N,548.73,2.0,,True,False,False,phase_only,,Small molecule,MOL,0.9166667,90.38946988820771,True,,O=C(NCc1ccc[nH]c1=O)c1cc(NC2CCOCC2)cc2oc(CN3CCCCC3)cc12,612,-3.90382889002025,docked,9DKB,0.772625572307503,docked,7ALV,3.721571330117157,50.137835975189525,1.6540317022742945,50.137835975189525,False
REP_05470,CHEMBL3121539,RADALBUVIR,CC1=CC[C@H](C(=O)N(c2cc(C#CC(C)(C)C)sc2C(=O)O)[C@H]2CC[C@](O)(CO[C@H]3CCOC3)CC2)CC1,MUICUPWICXUNRS-GDCCIXDYSA-N,543.73,2.0,,True,False,False,phase_only,,Small molecule,MOL,0.9166667,90.38946988820771,True,,O=C(C1CC=CCC1)N(c1ccsc1)C1CCC(COC2CCOC2)CC1,835,-3.84073208099723,docked,9DKB,-2.12251038873937,docked,7ALV,3.652653342522394,50.137835975189525,11.026878015161955,50.137835975189525,False
REP_01456,CHEMBL1195210,ALEXIDINE,CCCCC(CC)CNC(=N)NC(=N)NCCCCCCNC(=N)NC(=N)NCC(CC)CCCC,LFVVNPBBFUSSHL-UHFFFAOYSA-N,508.8,2.0,,True,False,False,phase_only,,Small molecule,MOL,0.9166667,90.38946988820771,True,,,714,-3.82467598339737,docked,9DKB,-0.87214016806015,docked,7ALV,3.5837353549276307,50.137835975189525,4.755341144038594,50.137835975189525,False
REP_05959,CHEMBL3986824,LANRAPLENIB,Nc1cncc(-c2cn3ccnc3c(Nc3ccc(N4CCN(C5COC5)CC4)cc3)n2)n1,XCIGZBVOUQVIPI-UHFFFAOYSA-N,443.52,2.0,,True,False,False,phase_only,,Small molecule,MOL,0.9166667,90.38946988820771,True,,c1cnc(-c2cn3ccnc3c(Nc3ccc(N4CCN(C5COC5)CC4)cc3)n2)cn1,639,-3.78369878885144,docked,9DKB,-4.22203312641197,docked,7ALV,3.5148173673328786,50.137835975189525,42.72915230875258,50.137835975189525,False
REP_05645,CHEMBL3414626,PINOMETOSTAT,CC(C)N(C[C@H]1O[C@@H](n2cnc3c(N)ncnc32)[C@H](O)[C@@H]1O)[C@H]1C[C@@H](CCc2nc3cc(C(C)(C)C)ccc3[nH]2)C1,LXFOLMYKSYSZQS-LURJZOHASA-N,562.72,2.0,,True,False,False,phase_only,,Small molecule,MOL,0.91666675,95.30592619305204,True,,c1ccc2[nH]c(CCC3CC(NCC4CCC(n5cnc6cncnc65)O4)C3)nc2c1,407,-3.78140578275705,docked,9DKB,-5.7070105194207,docked,7ALV,3.4458993797381154,75.63749138525155,78.0840799448656,78.0840799448656,False
REP_06755,CHEMBL482968,ENMD-2076,Cc1cc(Nc2cc(N3CCN(C)CC3)nc(/C=C/c3ccccc3)n2)n[nH]1,BLQYVHBZHAISJM-CMDGGOBGSA-N,375.48,2.0,,True,False,False,phase_only,,Small molecule,MOL,0.9166667,90.38946988820771,True,,C(=Cc1nc(Nc2cc[nH]n2)cc(N2CCNCC2)n1)c1ccccc1,978,-3.7551304524222,docked,9DKB,-2.92036064591824,docked,7ALV,3.3769813921433522,50.137835975189525,19.1592005513439,50.137835975189525,False
REP_02114,CHEMBL1721885,SU-014813,Cc1[nH]c(/C=C2\C(=O)Nc3ccc(F)cc32)c(C)c1C(=O)NC[C@H](O)CN1CCOCC1,CTNPALGJUAXMMC-PMFHANACSA-N,442.49,2.0,,True,False,False,phase_only,,Small molecule,MOL,0.9166667,90.38946988820771,True,,O=C1Nc2ccccc2C1=Cc1cc(C(=O)NCCCN2CCOCC2)c[nH]1,629,-3.72483666072884,docked,9DKB,-1.15530012707977,docked,7ALV,3.308063404548589,50.137835975189525,6.133700895933836,50.137835975189525,False
REP_04574,CHEMBL2107625,BENAFENTRINE,COc1cc2c(cc1OC)[C@@H]1CN(C)CC[C@@H]1N=C2c1ccc(NC(C)=O)cc1,DCDXHGMCXGHXBM-PMACEKPBSA-N,393.49,2.0,,True,False,False,phase_only,,Small molecule,MOL,0.9166667,90.38946988820771,True,,c1ccc(C2=NC3CCNCC3c3ccccc32)cc1,848,-3.70400828182121,docked,9DKB,-6.16002633784973,docked,7ALV,3.239145416953826,50.137835975189525,85.18263266712613,85.18263266712613,False
REP_00518,CHEMBL1614650,EXATECAN,CC[C@@]1(O)C(=O)OCc2c1cc1n(c2=O)Cc2c-1nc1cc(F)c(C)c3c1c2[C@@H](N)CC3,ZVYVPGLRVWUPMP-FYSMJZIKSA-N,435.46,3.0,,True,False,False,phase_only,,Small molecule,MOL,0.7719185,83.20711623993269,True,,O=C1Cc2cc3n(c(=O)c2CO1)Cc1c-3nc2cccc3c2c1CCC3,1398,-3.70065263136013,docked,9DKB,-4.84635274921457,docked,7ALV,3.1702274293590627,12.198483804272914,58.64920744314266,58.64920744314266,False
REP_06913,CHEMBL5095244,SAFIMALTIB,O=C(Nc1ccnc(C(F)(F)F)c1)c1cnn(-c2cccc3c(=O)[nH]ccc23)c1C(F)(F)F,APWRZPQBPCAXFP-UHFFFAOYSA-N,467.33,2.0,,True,False,False,phase_only,,Small molecule,MOL,0.91666675,95.30592619305204,True,,O=C(Nc1ccncc1)c1cnn(-c2cccc3c(=O)[nH]ccc23)c1,332,-3.68833933952415,docked,9DKB,-1.64243101362893,docked,7ALV,3.1013094417642995,75.63749138525155,7.99448656099242,75.63749138525155,False
REP_07040,CHEMBL5314476,POCENBRODIB,COC(=O)N1c2ccc3c(nc([C@H](O)c4cc(F)ccc4OC)n3[C@@H]3CCC[C@@H](C(=O)O)C3)c2CC[C@@H]1C,NOUKMOKAEKAWKS-FSEQIFNCSA-N,525.58,2.0,,True,False,False,phase_only,,Small molecule,MOL,0.9166667,90.38946988820771,True,,c1ccc(Cc2nc3c4c(ccc3n2C2CCCCC2)NCCC4)cc1,805,-3.67225102345511,docked,9DKB,-4.95371740669569,docked,7ALV,3.0323914541695363,50.137835975189525,60.57891109579601,60.57891109579601,False
REP_00806,CHEMBL3114577,ZALUNFIBAN,NCC(=O)Nc1cncc(-c2nn3c(=O)cc(N4CCNCC4)nc3s2)c1,LTVKZVGAALCRFW-UHFFFAOYSA-N,386.44,3.0,,True,False,False,phase_only,,Small molecule,MOL,1.0,98.35917778579156,True,,O=c1cc(N2CCNCC2)nc2sc(-c3cccnc3)nn12,230,-3.66242317288211,docked,9DKB,-1.06100059999411,docked,7ALV,2.963473466574773,91.38525155065473,5.651274982770504,91.38525155065473,False
REP_05791,CHEMBL3644252,ARRY-382,Cc1cccc(Cn2nc(C3CC3)c3c(NC(=O)c4cnc5cc(OCCN6CCN(C)CC6)ccn45)cccc32)n1,JUPOTOIJLKDAPF-UHFFFAOYSA-N,564.69,2.0,,True,False,False,phase_only,,Small molecule,MOL,0.91666675,95.30592619305204,True,,O=C(Nc1cccc2c1c(C1CC1)nn2Cc1ccccn1)c1cnc2cc(OCCN3CCNCC3)ccn12,479,-3.65936816556575,docked,9DKB,-6.36772880290945,docked,7ALV,2.89455547898001,75.63749138525155,87.80151619572707,87.80151619572707,False
REP_02242,CHEMBL182066,RADIPRODIL,O=C(Nc1ccc2nc(O)oc2c1)C(=O)N1CCC(Cc2ccc(F)cc2)CC1,GKGRZLGAQZPEHO-UHFFFAOYSA-N,397.41,2.0,,True,False,False,phase_only,,Small molecule,MOL,1.0,98.35917778579156,True,,O=C(Nc1ccc2ncoc2c1)C(=O)N1CCC(Cc2ccccc2)CC1,148,-3.6561385957564,docked,9DKB,0.525548122978538,docked,7ALV,2.8256374913852467,91.38525155065473,1.9297036526533473,91.38525155065473,False
REP_07078,CHEMBL5314520,IGERMETOSTAT,CCN(c1cc(O[C@H]2C[C@H](N3CCCCC3)C2)cc(C(=O)NCc2c(C)cc(C)[nH]c2=O)c1C)C1CCOCC1,YGNGDDWFJFOIGX-DIVCQZSQSA-N,550.74,2.0,,True,False,False,phase_only,,Small molecule,MOL,0.91666675,95.30592619305204,True,,O=C(NCc1ccc[nH]c1=O)c1cc(NC2CCOCC2)cc(OC2CC(N3CCCCC3)C2)c1,415,-3.51991502190147,docked,9DKB,-1.0998733999705,docked,7ALV,2.7567195037904946,75.63749138525155,5.995864920744309,75.63749138525155,False
REP_03553,CHEMBL2105427,SALAZODINE,COc1ccc(NS(=O)(=O)c2ccc(/N=N/c3ccc(O)c(C(=O)O)c3)cc2)nn1,YFUATOCFMCWUEH-FMQUCBEESA-N,429.41,2.0,,True,False,False,phase_only,,Small molecule,MOL,0.9166666,85.41892054333454,True,,O=S(=O)(Nc1cccnn1)c1ccc(N=Nc2ccccc2)cc1,1192,-3.49758056723048,docked,9DKB,-2.72087278330277,docked,7ALV,2.6878015161957314,24.017918676774638,16.67815299793246,24.017918676774638,False
REP_07282,CHEMBL6068010,FLEZURAFENIB,O=C1CCc2c(Oc3ccc4c(c3)C[C@@H](c3ncc(-c5ccc(F)cc5)[nH]3)CO4)ccnc2N1,TWJSMWXWCWQPRO-QGZVFWFLSA-N,456.48,2.0,,True,False,False,phase_only,,Small molecule,MOL,0.91666675,95.30592619305204,True,,O=C1CCc2c(Oc3ccc4c(c3)CC(c3ncc(-c5ccccc5)[nH]3)CO4)ccnc2N1,489,-3.44871939230784,docked,9DKB,-1.52554693650282,docked,7ALV,2.618883528600968,75.63749138525155,7.236388697450035,75.63749138525155,False
REP_00698,CHEMBL2107811,ZABOFLOXACIN,CO/N=C1\CN(c2nc3c(cc2F)c(=O)c(C(=O)O)cn3C2CC2)CC12CNC2,ZNPOCLHDJCAZAH-OEAKJJBVSA-N,401.4,3.0,,True,False,False,phase_only,,Small molecule,MOL,0.6898254,82.53395840846255,True,,N=C1CN(c2ccc3c(=O)ccn(C4CC4)c3n2)CC12CNC2,1454,-3.40074550192232,docked,9DKB,-2.59995711276886,docked,7ALV,2.549965541006205,8.68366643694004,15.161957270847692,15.161957270847692,False
REP_05847,CHEMBL3707349,AMCASERTIB,CCN(CC)CCNC(=O)c1c(C)[nH]c(/C=C2\C(=O)Nc3ccc(-c4csc(-c5ccccc5)n4)cc32)c1C,QDWKGEFGLQMDAM-ULJHMMPZSA-N,539.71,2.0,,True,False,False,phase_only,,Small molecule,MOL,0.9166666,85.41892054333454,True,,O=C1Nc2ccc(-c3csc(-c4ccccc4)n3)cc2C1=Cc1ccc[nH]1,1171,-3.38566146992286,docked,9DKB,1.47750222787892,docked,7ALV,2.481047553411442,24.017918676774638,1.1026878015162,24.017918676774638,False
REP_07112,CHEMBL5314585,GAMCEMETINIB,CCOCc1cnc(Cl)nc1Oc1ccc2c(ccc3sc4c(c32)NC[C@@H](C)NC4=O)n1,PYOQIOLRFIRRSO-LLVKDONJSA-N,469.95,2.0,,True,False,False,phase_only,,Small molecule,MOL,0.9166666,85.41892054333454,True,,O=C1NCCNc2c1sc1ccc3nc(Oc4ccncn4)ccc3c21,1133,-3.37598004678605,docked,9DKB,-2.14389409848042,docked,7ALV,2.4121295658166786,24.017918676774638,11.302549965541008,24.017918676774638,False
REP_02046,CHEMBL1688243,INCB-9471,CCO[C@@H]1Cc2cc(C(F)(F)F)ccc2[C@H]1N1CCN(C2(C)CCN(C(=O)c3c(C)ncnc3C)CC2)C[C@@H]1C,ZMCJFJZOSKEMOM-DNKZPPIMSA-N,559.68,2.0,,True,False,False,phase_only,,Small molecule,MOL,0.8092966,83.44752975117201,True,,O=C(c1cncnc1)N1CCC(N2CCN(C3CCc4ccccc43)CC2)CC1,1378,-3.37487619159093,docked,9DKB,-3.71359837135307,docked,7ALV,2.3432115782219154,13.507925568573398,31.909028256374917,31.909028256374917,False
REP_08056,CHEMBL4650304,PF-07059013,C[C@H](Oc1cc2cc(F)ccc2nc1N)c1[nH]c(=O)ccc1-n1cccn1,CLEFVPILGAPOTG-NSHDSACASA-N,365.37,1.0,,True,False,False,phase_only,,Small molecule,MOL,0.9166667,90.38946988820771,True,,O=c1ccc(-n2cccn2)c(COc2cnc3ccccc3c2)[nH]1,1003,-3.34915346798454,docked,9DKB,-4.66041919320677,docked,7ALV,2.274293590627152,50.137835975189525,54.03170227429359,54.03170227429359,False
REP_06980,CHEMBL5269917,SEGIGRATINIB,COc1cc(OC)c(Cl)c(-c2ccc3c(NC(=O)c4ccc(N5CCNC(C)(C)C5)cc4)n[nH]c3n2)c1Cl,QNXOYMFBIACDSL-UHFFFAOYSA-N,555.47,2.0,,True,False,False,phase_only,,Small molecule,MOL,0.9166666,85.41892054333454,True,,O=C(Nc1n[nH]c2nc(-c3ccccc3)ccc12)c1ccc(N2CCNCC2)cc1,1139,-3.32291379375767,docked,9DKB,-2.6992721638618,docked,7ALV,2.205375603032389,24.017918676774638,16.057891109579604,24.017918676774638,False
REP_06605,CHEMBL4594441,IFIDANCITINIB,COc1cc(Nc2ncc(C)c(Nc3ccc4oc(=O)[nH]c4c3)n2)cc(C)c1F,OYFMQDVLFYKOPZ-UHFFFAOYSA-N,395.39,2.0,,True,False,False,phase_only,,Small molecule,MOL,0.9166667,90.38946988820771,True,,O=c1[nH]c2cc(Nc3ccnc(Nc4ccccc4)n3)ccc2o1,1043,-3.31284952718013,docked,9DKB,-3.66849338461371,docked,7ALV,2.136457615437626,50.137835975189525,31.08201240523777,50.137835975189525,False
REP_00677,CHEMBL2107308,ACOTIAMIDE HYDROCHLORIDE,COc1cc(O)c(C(=O)Nc2nc(C(=O)NCCN(C(C)C)C(C)C)cs2)cc1OC,TWHZNAUBXFZMCA-UHFFFAOYSA-N,450.56,3.0,,True,False,False,phase_only,,Small molecule,MOL,1.0,98.35917778579156,True,,O=C(Nc1nccs1)c1ccccc1,21,-3.27226937505118,docked,9DKB,-1.73031813854137,docked,7ALV,2.0675396278428626,91.38525155065473,8.614748449345278,91.38525155065473,False
REP_06170,CHEMBL4073443,TOMIVOSERTIB,Cc1cc(Nc2cc(N)ncn2)c(=O)n2c1C(=O)NC21CCCCC1,HKTBYUWLRDZAJK-UHFFFAOYSA-N,340.39,2.0,,True,False,False,phase_only,,Small molecule,MOL,0.9166667,90.38946988820771,True,,O=C1NC2(CCCCC2)n2c1ccc(Nc1ccncn1)c2=O,778,-3.07321588750754,docked,9DKB,-0.254235855483786,docked,7ALV,1.9986216402480994,50.137835975189525,3.3769813921433522,50.137835975189525,False
REP_04624,CHEMBL2107709,TRICLOFENOL PIPERAZINE,C1CNCCN1.Oc1cc(Cl)c(Cl)cc1Cl.Oc1cc(Cl)c(Cl)cc1Cl,BNVFYGMONODIGW-UHFFFAOYSA-N,481.03,2.0,,True,False,False,phase_only,,Small molecule,MOL,0.9166667,90.38946988820771,True,,C1CNCCN1.c1ccccc1.c1ccccc1,929,-3.05694811753534,docked,9DKB,-2.84213133551838,docked,7ALV,1.9297036526533473,50.137835975189525,17.849758787043424,50.137835975189525,False
REP_04582,CHEMBL2107637,ECENOFLOXACIN,C[C@@]12C[C@H](N)[C@@H]1CN(c1nc3c(cc1F)c(=O)c(C(=O)O)cn3C1CC1)C2,WNVIWAUAXKEKKF-PJFSTRORSA-N,372.4,2.0,,True,False,False,phase_only,,Small molecule,MOL,0.9166666,85.41892054333454,True,,O=c1ccn(C2CC2)c2nc(N3CC4CCC4C3)ccc12,1148,-3.02267582113525,docked,9DKB,-3.49793307877181,docked,7ALV,1.8607856650585841,24.017918676774638,27.36044107512061,27.36044107512061,False
REP_01601,CHEMBL1257096,ACORAFLOXACIN,COc1c(N2CCC/C(=C(\F)CN)C2)c(F)cc2c(=O)c(C(=O)O)cn(C3CC3)c12,VMKVDAAFMQKZJS-LFIBNONCSA-N,419.43,2.0,,True,False,False,phase_only,,Small molecule,MOL,0.9166666,85.41892054333454,True,,C=C1CCCN(c2ccc3c(=O)ccn(C4CC4)c3c2)C1,1179,-2.96624434564185,docked,9DKB,-4.53412018028113,docked,7ALV,1.791867677463821,24.017918676774638,50.79255685733977,50.79255685733977,False
REP_08219,CHEMBL5426285,"5-(6-BENZOTHIAZOLYLMETHYLENE)-3,5-DIHYDRO-2-(((1S)-1-(METHOXYMETHYL)-3-METHYLBUTYL)AMINO)-4H-IMIDAZOL-4-ONE, (5Z)-",COC[C@@H](CC(C)C)NC1=N/C(=C\c2ccc3ncsc3c2)C(=O)N1,CHQYAWLKOUOTQO-QVYJARAXSA-N,358.47,1.0,,True,False,False,phase_only,,Small molecule,MOL,0.9166666,85.41892054333454,True,,O=C1NC=NC1=Cc1ccc2ncsc2c1,1301,-2.85563857317469,docked,9DKB,-0.788663430668421,docked,7ALV,1.7229496898690577,24.017918676774638,4.479669193659541,24.017918676774638,False
REP_07981,CHEMBL4303309,CX-5461,Cc1cnc(CNC(=O)c2c(=O)c3ccc(N4CCCN(C)CC4)nc3n3c2sc2ccccc23)cn1,XGPBJCHFROADCK-UHFFFAOYSA-N,513.63,1.0,,True,False,False,phase_only,,Small molecule,MOL,0.9166666,85.41892054333454,True,,O=C(NCc1cnccn1)c1c(=O)c2ccc(N3CCCNCC3)nc2n2c1sc1ccccc12,1160,-2.73248292776755,docked,9DKB,-3.13421478249601,docked,7ALV,1.6540317022742945,24.017918676774638,22.46726395589249,24.017918676774638,False
REP_04799,CHEMBL2110884,CETOCYCLINE,CC(=O)C1=C(O)[C@H](N)[C@@H]2Cc3c(c(O)c4c(O)c(C)ccc4c3C)C(=O)[C@]2(O)C1=O,IRCLZBUBOWPFCH-ONJZCGHCSA-N,411.41,2.0,,True,False,False,phase_only,,Small molecule,MOL,0.5344539,81.19966342108427,True,,O=C1C=CCC2Cc3cc4ccccc4cc3C(=O)C12,1565,-2.67129267015688,docked,9DKB,-6.57300421037988,docked,7ALV,1.5851137146795313,1.5851137146795313,90.62715368711234,90.62715368711234,False
REP_00359,CHEMBL790,CHLORHEXIDINE,N=C(NCCCCCCNC(=N)NC(=N)Nc1ccc(Cl)cc1)NC(=N)Nc1ccc(Cl)cc1,GHXZTYHSJHQHIJ-UHFFFAOYSA-N,505.46,4.0,,False,True,False,primary_atc_phase,,Small molecule,MOL,1.0,98.35917778579156,True,,N=C(NCCCCCCNC(=N)NC(=N)Nc1ccccc1)NC(=N)Nc1ccccc1,219,-2.66953067040528,docked,9DKB,-4.23039398249821,docked,7ALV,1.5161957270847681,91.38525155065473,43.00482425913164,91.38525155065473,False
REP_07204,CHEMBL574737,UCN-01,CN[C@@H]1C[C@H]2O[C@@](C)([C@@H]1OC)n1c3ccccc3c3c4c(c5c6ccccc6n2c5c31)C(=O)N[C@H]4O,PBCZSGKMGDDXIJ-KRUBCLEUSA-N,482.54,2.0,,True,False,False,phase_only,,Small molecule,MOL,0.55645365,81.4400769323236,True,,O=C1NCc2c1c1c3ccccc3n3c1c1c2c2ccccc2n1C1CCCC3O1,1545,-2.54413607160788,docked,9DKB,0.550826482549047,docked,7ALV,1.447277739490005,2.7567195037904892,1.8607856650585841,2.7567195037904892,False
REP_08026,CHEMBL4594420,LUXEPTINIB,Cc1c[nH]c(-c2ccc(-c3ccc(NC(=O)Nc4c(F)cc(F)cc4F)cc3F)c3c2C(=O)NC3)n1,MWHHJYUHCZWSLS-UHFFFAOYSA-N,495.44,1.0,,True,False,False,phase_only,,Small molecule,MOL,1.0,98.35917778579156,True,,O=C(Nc1ccccc1)Nc1ccc(-c2ccc(-c3ncc[nH]3)c3c2CNC3=O)cc1,54,-2.42626344376061,docked,9DKB,-1.9037646894238,docked,7ALV,1.3783597518952417,91.38525155065473,9.510682288077188,91.38525155065473,False
REP_06308,CHEMBL4297290,TOVINONTRINE,C[C@@H]1CN(Cc2ncccn2)C[C@H]1c1cn2c(C3CCOCC3)ncc2c(=O)[nH]1,GWGNPYYVGANHRJ-GDBMZVCRSA-N,394.48,2.0,,True,False,False,phase_only,,Small molecule,MOL,0.9166667,90.38946988820771,True,,O=c1[nH]c(C2CCN(Cc3ncccn3)C2)cn2c(C3CCOCC3)ncc12,861,-2.41923501972408,docked,9DKB,-0.0290481620321694,docked,7ALV,1.3094417643004785,50.137835975189525,2.7567195037904946,50.137835975189525,False
REP_08118,CHEMBL5090754,SY-5609,CC1(C)CC[C@H](Nc2ncc(C(F)(F)F)c(-c3c[nH]c4c(P(C)(C)=O)c(C#N)ccc34)n2)CN1,JDJOUBVVSQDIRC-AWEZNQCLSA-N,490.47,1.0,,True,False,False,phase_only,,Small molecule,MOL,1.0,98.35917778579156,True,,c1ccc2c(-c3ccnc(NC4CCCNC4)n3)c[nH]c2c1,269,-2.28843609813045,docked,9DKB,-4.7582537117633,docked,7ALV,1.2405237767057153,91.38525155065473,56.44383184011027,91.38525155065473,False
REP_06594,CHEMBL4594405,VALEMETOSTAT TOSYLATE,Cc1cc(C)c(CNC(=O)c2cc(Cl)c3c(c2C)O[C@@](C)([C@H]2CC[C@H](N(C)C)CC2)O3)c(=O)[nH]1,SSDRNUPMYCFXGM-UYPAYLBCSA-N,488.03,2.0,,True,False,False,phase_only,,Small molecule,MOL,0.9166667,90.38946988820771,True,,O=C(NCc1ccc[nH]c1=O)c1ccc2c(c1)OC(C1CCCCC1)O2,1046,-2.0800423203579,docked,9DKB,-0.129868414153788,docked,7ALV,1.1716057891109632,50.137835975189525,3.0323914541695363,50.137835975189525,False
REP_08106,CHEMBL4873876,BMS-986224,CCOCc1nc(O)c(-c2nnc(Cc3ccc(Cl)cn3)o2)c(O)c1-c1c(OC)cccc1OC,AGZKELPIAJYRDT-UHFFFAOYSA-N,498.92,1.0,,True,False,False,phase_only,,Small molecule,MOL,1.0,98.35917778579156,True,,c1ccc(-c2cncc(-c3nnc(Cc4ccccn4)o3)c2)cc1,50,-1.81829726282172,docked,9DKB,-2.21555389384739,docked,7ALV,1.1026878015162,91.38525155065473,11.99172984148863,91.38525155065473,False
REP_06548,CHEMBL4544478,DENFIVONTINIB,CN1CCC(Nc2nc(Nc3ccc(Oc4ccccc4)cc3)c3c(=O)[nH]cc(Br)c3n2)CC1,SXWMIXPJPNCXQQ-UHFFFAOYSA-N,521.42,2.0,,True,False,False,phase_only,,Small molecule,MOL,0.9166667,90.38946988820771,True,,O=c1[nH]ccc2nc(NC3CCNCC3)nc(Nc3ccc(Oc4ccccc4)cc3)c12,552,-1.7989136439795,docked,9DKB,0.859042982058192,docked,7ALV,1.0337698139214369,50.137835975189525,1.5851137146795313,50.137835975189525,False
REP_00133,CHEMBL1471,APREPITANT,C[C@@H](O[C@H]1OCCN(Cc2n[nH]c(=O)[nH]2)[C@H]1c1ccc(F)cc1)c1cc(C(F)(F)F)cc(C(F)(F)F)c1,ATALOFNDEOCMKK-OITMNORJSA-N,534.43,4.0,,False,True,False,primary_atc_phase,,Small molecule,MOL,0.81694514,83.49561245341988,True,,O=c1[nH]nc(CN2CCOC(OCc3ccccc3)C2c2ccccc2)[nH]1,1374,-1.44228099201377,docked,9DKB,0.497727304565878,docked,7ALV,0.9648518263266737,13.783597518952448,2.0675396278428626,13.783597518952448,False
REP_06988,CHEMBL5314391,XL-999,CCN1CCC(Nc2ccc3c(c2)/C(=C(\c2cccc(F)c2)c2nc(C)c[nH]2)C(=O)N3)CC1,DMQYDVBIPXAAJA-VHXPQNKSSA-N,445.54,2.0,,True,False,False,phase_only,,Small molecule,MOL,1.0,98.35917778579156,True,,O=C1Nc2ccc(NC3CCNCC3)cc2C1=C(c1ccccc1)c1ncc[nH]1,209,-1.11103766541773,docked,9DKB,1.22932475739867,docked,7ALV,0.8959338387319105,91.38525155065473,1.3783597518952417,91.38525155065473,False
REP_00453,CHEMBL1233528,VOLASERTIB,CC[C@@H]1C(=O)N(C)c2cnc(Nc3ccc(C(=O)N[C@H]4CC[C@H](N5CCN(CC6CC6)CC5)CC4)cc3OC)nc2N1C(C)C,SXNJFOWDRLKDSF-STROYTFGSA-N,618.83,3.0,,True,False,False,phase_only,,Small molecule,MOL,0.85205,83.63986056016348,True,,O=C1CNc2nc(Nc3ccc(C(=O)NC4CCC(N5CCN(CC6CC6)CC5)CC4)cc3)ncc2N1,1362,-1.025409829718,docked,9DKB,-3.09119110861321,docked,7ALV,0.8270158511371473,14.610613370089592,21.640248104755344,21.640248104755344,False
REP_06867,CHEMBL5095090,ANSORNITINIB,COC(=O)c1ccc2c(n1)NC(=O)/C2=C(\Nc1ccc(N(C)C(=O)CN2CCN(C)CC2)cc1)c1ccccc1,OABALTWKAJWHEA-RQZHXJHFSA-N,540.62,2.0,,True,False,False,phase_only,,Small molecule,MOL,0.9166667,90.38946988820771,True,,O=C(CN1CCNCC1)Nc1ccc(NC(=C2C(=O)Nc3ncccc32)c2ccccc2)cc1,965,-1.01981947534524,docked,9DKB,1.28227378394349,docked,7ALV,0.7580978635423841,50.137835975189525,1.3094417643004785,50.137835975189525,False
REP_07700,CHEMBL2180602,TAFETINIB,CCN(CC)CCNC(=O)c1c(C)[nH]c2c1CCC/C2=C1/C(=O)Nc2ccc(F)cc21,KGSRYTUWXUESJK-FXBPSFAMSA-N,424.52,1.0,,True,False,False,phase_only,,Small molecule,MOL,0.58477443,81.68049044356293,True,,O=C1Nc2ccccc2C1=C1CCCc2cc[nH]c21,1525,-0.742310097526759,docked,9DKB,2.84058960179832,docked,7ALV,0.6891798759476209,4.066161268090972,0.5513439007580945,4.066161268090972,False
REP_07108,CHEMBL5314568,POMOTRELVIR,N#C[C@H](C[C@@H]1CCCNC1=O)NC(=O)[C@H](CC1CC1)NC(=O)c1cc2cccc(Cl)c2[nH]1,BNMFQWUHWYJTRI-BQFCYCMXSA-N,455.95,2.0,,True,False,False,phase_only,,Small molecule,MOL,0.68289113,82.48587570621469,True,,O=C(NC(CC1CC1)C(=O)NCCC1CCCNC1=O)c1cc2ccccc2[nH]1,1458,-0.697034694455294,docked,9DKB,1.06408575877433,docked,7ALV,0.6202618883528577,8.407994486560993,1.5161957270847681,8.407994486560993,False
REP_04983,CHEMBL2179105,EDELINONTRINE,C[C@@H]1CN(Cc2ncccn2)C[C@H]1c1nc2c(cnn2C2CCOCC2)c(=O)[nH]1,IWXUVYOOUMLUTQ-CZUORRHYSA-N,395.47,2.0,,True,False,False,phase_only,,Small molecule,MOL,0.91666675,95.30592619305204,True,,O=c1[nH]c(C2CCN(Cc3ncccn3)C2)nc2c1cnn2C1CCOCC1,492,-0.585393853762818,docked,9DKB,0.385350297524202,docked,7ALV,0.5513439007580945,75.63749138525155,2.136457615437626,75.63749138525155,False
REP_07810,CHEMBL3545137,PF-00477736,Cn1cc(C2=Nc3cc(NC(=O)C(N)C4CCCCC4)cc4c3C2=CNNC4=O)cn1,YFNWWNRZJGMDBR-UHFFFAOYSA-N,419.49,1.0,,True,False,False,phase_only,,Small molecule,MOL,0.91666675,95.30592619305204,True,,O=C(CC1CCCCC1)Nc1cc2c3c(c1)C(=O)NNC=C3C(c1cn[nH]c1)=N2,300,-0.282460889768574,docked,9DKB,-2.38794685197102,docked,7ALV,0.4824259131633313,75.63749138525155,13.232253618194346,75.63749138525155,False
REP_08116,CHEMBL5073622,TAK-020,C=CC(=O)N1CC[C@H](Oc2nc(-c3n[nH]c(=O)[nH]3)cc3ccccc23)C1,HIMUHMBGRATXMK-LBPRGKRZSA-N,351.37,1.0,,True,False,False,phase_only,,Small molecule,MOL,0.9166666,85.41892054333454,True,,O=c1[nH]nc(-c2cc3ccccc3c(OC3CCNC3)n2)[nH]1,1291,-0.0438597071820741,docked,9DKB,3.00733985841692,docked,7ALV,0.4135079255685681,24.017918676774638,0.4824259131633313,24.017918676774638,False
REP_07051,CHEMBL5314488,TAMUZIMOD,O=C1CC[C@@H](Oc2cc(Cl)c(-c3noc(-c4cn5cc(C(F)(F)F)cc(Cl)c5n4)n3)cc2Cl)CN1,HNRWGYDMTRPLCQ-SNVBAGLBSA-N,546.72,2.0,,True,False,False,phase_only,,Small molecule,MOL,0.91666675,95.30592619305204,True,,O=C1CCC(Oc2ccc(-c3noc(-c4cn5ccccc5n4)n3)cc2)CN1,337,0.57235643533529,docked,9DKB,2.55842044735684,docked,7ALV,0.344589937973816,75.63749138525155,0.6202618883528577,75.63749138525155,False
REP_02466,CHEMBL20210,RUPINTRIVIR,CCOC(=O)/C=C/[C@H](C[C@@H]1CCNC1=O)NC(=O)[C@@H](CC(=O)[C@@H](NC(=O)c1cc(C)on1)C(C)C)Cc1ccc(F)cc1,CAYJBRBGZBCZKO-BHGBQCOSSA-N,598.67,2.0,,True,False,False,phase_only,,Small molecule,MOL,0.88426197,83.79612934246904,True,,O=C(CNC(=O)c1ccon1)CC(Cc1ccccc1)C(=O)NCCC1CCNC1=O,1349,1.52318733914171,docked,9DKB,8.52930891342939,docked,7ALV,0.2756719503790528,15.43762922122674,0.0689179875947632,15.43762922122674,False
REP_01761,CHEMBL141157,IMOCITRELVIR,C#CC[C@@H](C(=O)N[C@H](/C=C/C(=O)OCC)C[C@@H]1CCNC1=O)n1cccc(NC(=O)c2cc(C)on2)c1=O,QCUZOJBYWQPLIN-BNMFZAHFSA-N,523.55,2.0,,True,False,False,phase_only,,Small molecule,MOL,0.9166667,90.38946988820771,True,,O=C(Cn1cccc(NC(=O)c2ccon2)c1=O)NCCC1CCNC1=O,838,2.48497553925455,docked,9DKB,8.04918627314517,docked,7ALV,0.2067539627842896,50.137835975189525,0.2067539627842896,50.137835975189525,False
REP_01017,CHEMBL4297615,PARSACLISIB,CCOc1c([C@H](C)n2nc(C)c3c(N)ncnc32)cc(Cl)c(F)c1[C@@H]1CNC(=O)C1,ZQPDJCIXJHUERQ-QWRGUYRKSA-N,432.89,3.0,,True,False,False,phase_only,,Small molecule,MOL,0.7218439,82.76235124413992,True,,O=C1CC(c2cccc(Cn3ncc4cncnc43)c2)CN1,1435,3.7477276205794,docked,9DKB,8.21445834267,docked,7ALV,0.1378359751895264,9.924190213645762,0.1378359751895264,9.924190213645762,False
REP_08112,CHEMBL501680,BILIRUBIN,C=CC1=C(C)/C(=C/c2[nH]c(Cc3[nH]c(/C=C4\NC(=O)C(C)=C4C=C)c(C)c3CCC(=O)O)c(CCC(=O)O)c2C)NC1=O,BPYKTIZUTYGOLE-IFADSCNNSA-N,584.67,1.0,,True,False,False,phase_only,,Small molecule,MOL,0.91666675,95.30592619305204,True,,O=C1C=CC(=Cc2ccc(Cc3ccc(C=C4C=CC(=O)N4)[nH]3)[nH]2)N1,423,5.22764894423962,docked,9DKB,5.24364211277639,docked,7ALV,0.0689179875947632,75.63749138525155,0.2756719503790528,75.63749138525155,False
REP_00963,CHEMBL4292264,MILADEMETAN,CC1(C)CCC2(CC1)N[C@@H](C(=O)N[C@@H]1CC[C@@H](C(N)=O)OC1)[C@H](c1ccnc(Cl)c1F)[C@]21C(=O)Nc2cc(Cl)ccc21,RYAYYVTWKAOAJF-QISPRATLSA-N,618.54,3.0,,True,False,False,phase_only,,Small molecule,MOL,1.0,98.35917778579156,True,,O=C(NC1CCCOC1)C1NC2(CCCCC2)C2(C(=O)Nc3ccccc32)C1c1ccncc1,86,8.51507966851873,docked,9DKB,3.8595796681019,docked,7ALV,0.0,91.38525155065473,0.344589937973816,91.38525155065473,False
