ligand_id,seed,urat1_sdf,nlrp3_sdf,urat1_sha256,nlrp3_sha256,urat1_nposes,nlrp3_nposes,urat1_a2_pass,nlrp3_structural_pass
REP_01593,42,data/campaigns/c1/07_clinical_dock/acid_dual/urat1_9dkb/seed42/REP_01593_out.sdf,data/campaigns/c1/07_clinical_dock/acid_dual/nlrp3_7alv/seed42/REP_01593_out.sdf,5c315253ab1fd3d81ac1f5b723eba44273a3538321a18089d7da2b55812be69a,59e509a7f820eecb9e7df656dd785ac1dc56d39287e3014fec2a03ed321c50d4,9,9,True,False
REP_05922,42,data/campaigns/c1/07_clinical_dock/acid_dual/urat1_9dkb/seed42/REP_05922_out.sdf,data/campaigns/c1/07_clinical_dock/acid_dual/nlrp3_7alv/seed42/REP_05922_out.sdf,ae09297bd9982382d2f073ec6bae21120348288cf897fbc125db6b54d1867c6e,6c9c8020958c6a900e5d73fe636d6d2a71a1e0cb7010101f9eb780921fecfb47,9,9,True,False
REP_03238,42,data/campaigns/c1/07_clinical_dock/acid_dual/urat1_9dkb/seed42/REP_03238_out.sdf,data/campaigns/c1/07_clinical_dock/acid_dual/nlrp3_7alv/seed42/REP_03238_out.sdf,f4203b4f9307f18cbfc1aceaa0f220a7f865c9067100be175ff5909c6da4a190,d10dbfb85648ada9cc76b0af72a398ef52b952bb742807ead5b03c3f97aca4b9,9,9,True,False
REP_01122,42,data/campaigns/c1/07_clinical_dock/acid_dual/urat1_9dkb/seed42/REP_01122_out.sdf,data/campaigns/c1/07_clinical_dock/acid_dual/nlrp3_7alv/seed42/REP_01122_out.sdf,b0be67020473aed5ebd78a5db6877f8113f3ff24caae161bdd06a280e01fb515,5fd6bf74567fe0da0d572762dda03e07d617dcee69302d69e214f4ceaeae3f56,9,9,True,False
REP_04971,42,data/campaigns/c1/07_clinical_dock/acid_dual/urat1_9dkb/seed42/REP_04971_out.sdf,data/campaigns/c1/07_clinical_dock/acid_dual/nlrp3_7alv/seed42/REP_04971_out.sdf,00f7861a5fcad5d8488d950e9ee0c98c7d16e11187ab6af3547348847aca3c06,98a3bf4cca1552874c125421c6f2c833b8c07d861f3582b7160d0be438d002f6,9,9,True,False
REP_07580,42,data/campaigns/c1/07_clinical_dock/acid_dual/urat1_9dkb/seed42/REP_07580_out.sdf,data/campaigns/c1/07_clinical_dock/acid_dual/nlrp3_7alv/seed42/REP_07580_out.sdf,444e1ee880562f0f6f68fc6799ad5a0c26b7c0998808adf3b386ddfea5c28a62,50f5e28b5ffc076e6ae4985fa84dfdd7b7576913d5189273c0cdb5ddc1db7a5d,9,9,True,True
REP_06464,42,data/campaigns/c1/07_clinical_dock/acid_dual/urat1_9dkb/seed42/REP_06464_out.sdf,data/campaigns/c1/07_clinical_dock/acid_dual/nlrp3_7alv/seed42/REP_06464_out.sdf,365a77485faf8ba7b7f1b457e094411a3e4b10f2e45e8378d7f6cca275897654,7bad37ba6455bdaf7cd7d7f3a50a34644103fbf676336085616b20b241c975fc,9,9,True,False
REP_07120,42,data/campaigns/c1/07_clinical_dock/acid_dual/urat1_9dkb/seed42/REP_07120_out.sdf,data/campaigns/c1/07_clinical_dock/acid_dual/nlrp3_7alv/seed42/REP_07120_out.sdf,dbeab82394cf6d33e0dcec48d2604f64def7b63cafa7144604a4c8b86c580619,8a76894065a40d34a0d00faa4f3a7789e64aa27bf0ae967aee7cf83d7915402b,9,9,True,False
REP_01485,42,data/campaigns/c1/07_clinical_dock/acid_dual/urat1_9dkb/seed42/REP_01485_out.sdf,data/campaigns/c1/07_clinical_dock/acid_dual/nlrp3_7alv/seed42/REP_01485_out.sdf,1be7b7ffaf6fcd0cc02dccc5fc70244265b180f59acd06656055469795ca4b1b,4ac9e3c7b63d0d12676ffe6c81f2aa36e3ad92ef30295411a4a75f0f762d30a2,9,9,True,True
REP_06855,42,data/campaigns/c1/07_clinical_dock/acid_dual/urat1_9dkb/seed42/REP_06855_out.sdf,data/campaigns/c1/07_clinical_dock/acid_dual/nlrp3_7alv/seed42/REP_06855_out.sdf,13a881086bce9e1d5e7b9fa7970e10d12d05a03da775835b98f2d335c939475d,da156a107cf59cc85249808a950a610b31d48d93c30433d58b16b28d4b41968e,9,9,True,False
REP_07885,42,data/campaigns/c1/07_clinical_dock/acid_dual/urat1_9dkb/seed42/REP_07885_out.sdf,data/campaigns/c1/07_clinical_dock/acid_dual/nlrp3_7alv/seed42/REP_07885_out.sdf,74b9b418054c892bb4aaace49a94b14b94d1c0ab05992bd83f6641d4f00d342f,302cd58fc27e017b6762ff23dcd5e47631496628821e9e5e9e7a14ba8df10a94,9,9,True,False
REP_06119,42,data/campaigns/c1/07_clinical_dock/acid_dual/urat1_9dkb/seed42/REP_06119_out.sdf,data/campaigns/c1/07_clinical_dock/acid_dual/nlrp3_7alv/seed42/REP_06119_out.sdf,df12081ff1af01b94c131477721dbd7ca9d9165003cd9da226c61059d4a4ac45,fa4851611dd8d74a2dc821dcaae982446123218fff792e4b26055747ce608bc2,9,9,True,True
REP_04441,42,data/campaigns/c1/07_clinical_dock/acid_dual/urat1_9dkb/seed42/REP_04441_out.sdf,data/campaigns/c1/07_clinical_dock/acid_dual/nlrp3_7alv/seed42/REP_04441_out.sdf,fa8041533517bed4cbeda2de2b35f0585f9ee1ebcb4a88bdf1a469f82315e0cd,779f0a0362bad7984d2edca9abaeeea354e6719c5fcaf9a5e1a36a52f88780f6,9,9,False,False
REP_06875,42,data/campaigns/c1/07_clinical_dock/acid_dual/urat1_9dkb/seed42/REP_06875_out.sdf,data/campaigns/c1/07_clinical_dock/acid_dual/nlrp3_7alv/seed42/REP_06875_out.sdf,ac93fb4aaa3e33d75a2d43b7f9851a7729519832cf63f2806ee17bfeae2d67fd,6818305a8c7290ae69b1f58e7961fc55ed17075fb2f2dc5a4907aa02552cb66c,9,9,True,True
REP_07635,42,data/campaigns/c1/07_clinical_dock/acid_dual/urat1_9dkb/seed42/REP_07635_out.sdf,data/campaigns/c1/07_clinical_dock/acid_dual/nlrp3_7alv/seed42/REP_07635_out.sdf,3addbb830afad035d3b0347022c4ecf84db3f898626e42efce92d92c2f8321ad,1896021f65728a3baac21ce928a4084c4be6de75375c8fbac56968785e0f8f68,9,9,True,False
REP_07073,42,data/campaigns/c1/07_clinical_dock/acid_dual/urat1_9dkb/seed42/REP_07073_out.sdf,data/campaigns/c1/07_clinical_dock/acid_dual/nlrp3_7alv/seed42/REP_07073_out.sdf,3de742ff2487197f206e2c3b92ad909ed9a04ce76539fa8eb0391418fa354503,4c155f682d784c916780ef0d870199ef72fa8093a3016e511af175ddd51529a6,9,9,False,False
REP_07074,42,data/campaigns/c1/07_clinical_dock/acid_dual/urat1_9dkb/seed42/REP_07074_out.sdf,data/campaigns/c1/07_clinical_dock/acid_dual/nlrp3_7alv/seed42/REP_07074_out.sdf,8eabcf34c9f131bab3800d695df2bf66f2b3b53962425fec4699f623b60a6b43,0a65cbd8b96e50f8e86e79fb633c4a96d16153b0f0ddf8fb1ee175fa76e4be25,9,9,False,True
REP_00833,42,data/campaigns/c1/07_clinical_dock/acid_dual/urat1_9dkb/seed42/REP_00833_out.sdf,data/campaigns/c1/07_clinical_dock/acid_dual/nlrp3_7alv/seed42/REP_00833_out.sdf,369c4f8f22f07574a332a11055a454bd66b44a93ba81b10ef4280eb8814675e2,232a5ccad4bacce4ccd397cd00c3ead5fce92d4f8aaf0aba241d5cbbe1ac29c9,9,9,True,False
REP_06925,42,data/campaigns/c1/07_clinical_dock/acid_dual/urat1_9dkb/seed42/REP_06925_out.sdf,data/campaigns/c1/07_clinical_dock/acid_dual/nlrp3_7alv/seed42/REP_06925_out.sdf,eaf28ac79389ef337e01cc251276ba2cc6b526334c2f9d7feb38abee7761e4de,8940c47c46c5b89679330d7e756967423a03f82e8b2ebd5a111b8c6c360462ef,9,9,True,False
REP_07000,42,data/campaigns/c1/07_clinical_dock/acid_dual/urat1_9dkb/seed42/REP_07000_out.sdf,data/campaigns/c1/07_clinical_dock/acid_dual/nlrp3_7alv/seed42/REP_07000_out.sdf,ca1b9bb0b2b4d6dd480ad35f75c8bdf8daaf0facfac9fc8db3eb11d35b5bb6af,a07e06d2d287a4c8d59e3da471f8bcb9075afc4ed9a602cc4a254232b98e290b,9,9,True,False
REP_07825,42,data/campaigns/c1/07_clinical_dock/acid_dual/urat1_9dkb/seed42/REP_07825_out.sdf,data/campaigns/c1/07_clinical_dock/acid_dual/nlrp3_7alv/seed42/REP_07825_out.sdf,79a3f411bba4b31a93ddc66769ed1193937bfa26f182af5ba689643ef6e3b009,a0268a7498efff5a8d8afa2a5ac83eaa79a35a22a9a7c0ca7df7f98f123ec6e5,9,9,True,True
REP_06303,42,data/campaigns/c1/07_clinical_dock/acid_dual/urat1_9dkb/seed42/REP_06303_out.sdf,data/campaigns/c1/07_clinical_dock/acid_dual/nlrp3_7alv/seed42/REP_06303_out.sdf,8d9d2c63b334939c593742f7f288989621b77d82c2755628610559bbc426ee67,31259bc38ec4b04ce620c3bcd012c45a3414288f047dd025fe8c0240aa54facc,9,9,True,False
REP_00853,42,data/campaigns/c1/07_clinical_dock/acid_dual/urat1_9dkb/seed42/REP_00853_out.sdf,data/campaigns/c1/07_clinical_dock/acid_dual/nlrp3_7alv/seed42/REP_00853_out.sdf,9cfa610c711b509d670b7b44f34367425262967b063074325fdbba1b8e247796,8fae1cada54742a9328554639155d38c61da1c0c197e92a81e3aa55ef9632a48,9,9,True,False
REP_07021,42,data/campaigns/c1/07_clinical_dock/acid_dual/urat1_9dkb/seed42/REP_07021_out.sdf,data/campaigns/c1/07_clinical_dock/acid_dual/nlrp3_7alv/seed42/REP_07021_out.sdf,985563522ac97c9b58986bc2168fb8730b8ac099ba12434ada10197394a4a839,722ce120d6f8af4b919338dc480d51e0e4a7ec5a011367a5636a949bb8adb58b,9,9,True,False
REP_07837,42,data/campaigns/c1/07_clinical_dock/acid_dual/urat1_9dkb/seed42/REP_07837_out.sdf,data/campaigns/c1/07_clinical_dock/acid_dual/nlrp3_7alv/seed42/REP_07837_out.sdf,0c63a3b60f0b6e88e677be9a7f1906c4464b4ee049a81e67ffb55698c1607863,2edcb1590ec47d8e433f70bfa404b216aa5b9afb1deed330f7cd0d689b11417d,9,9,True,False
REP_07838,42,data/campaigns/c1/07_clinical_dock/acid_dual/urat1_9dkb/seed42/REP_07838_out.sdf,data/campaigns/c1/07_clinical_dock/acid_dual/nlrp3_7alv/seed42/REP_07838_out.sdf,a24310de2af5ee8d4322c00fc660747a5f2d2bff8276d4e7ffe9829ff448f731,8aacac57486f929423ab1cf746cb56d476ef98cd541dbe0ba1388e877bb6a6d1,9,9,True,True
REP_07775,42,data/campaigns/c1/07_clinical_dock/acid_dual/urat1_9dkb/seed42/REP_07775_out.sdf,data/campaigns/c1/07_clinical_dock/acid_dual/nlrp3_7alv/seed42/REP_07775_out.sdf,a4edf1f50fdda1863e23ebaa784db4822089c4296e30b3248127c2edb139cd56,661265937499638b29dd72676a5f250b9cc977b2b791b3ceea3032cb908a9358,9,9,True,False
REP_07735,42,data/campaigns/c1/07_clinical_dock/acid_dual/urat1_9dkb/seed42/REP_07735_out.sdf,data/campaigns/c1/07_clinical_dock/acid_dual/nlrp3_7alv/seed42/REP_07735_out.sdf,9cc0a060064884bf22b8567bf29d3dcbfda53c38aeaded564cc9bdcb37a61e00,b4b9fd7303614ef34951ee809ad40d59ce055deaa77a4c8431dbd9d9eb8cbd2e,9,9,True,False
REP_00600,42,data/campaigns/c1/07_clinical_dock/acid_dual/urat1_9dkb/seed42/REP_00600_out.sdf,data/campaigns/c1/07_clinical_dock/acid_dual/nlrp3_7alv/seed42/REP_00600_out.sdf,5a51ba97551a00f2276c25fe88dbca7588e084e47f5b4e3e9d11f21a085c87fb,77c03fb0b9213c6b3645549f59a0ca77bc5b18a6c33d8241d92f85c5e9bd5c71,9,9,False,False
REP_01131,42,data/campaigns/c1/07_clinical_dock/acid_dual/urat1_9dkb/seed42/REP_01131_out.sdf,data/campaigns/c1/07_clinical_dock/acid_dual/nlrp3_7alv/seed42/REP_01131_out.sdf,858ae2b2679c56b7f711197bbadb5b1e042e900742eeacd96cb2ab7096b9465f,72d7b4dbe5b816dbd40ea66dd44f48b3871cf4cf5d1f0982615d1d7c7a0d5f68,9,9,True,False
REP_06524,42,data/campaigns/c1/07_clinical_dock/acid_dual/urat1_9dkb/seed42/REP_06524_out.sdf,data/campaigns/c1/07_clinical_dock/acid_dual/nlrp3_7alv/seed42/REP_06524_out.sdf,816086cef9bfe2271c4098914f25dc39a614203a9f83f7aa410287d4f16e7a0b,10321fcf466f6f21d4179718646d1d8953337271ece65930729f8fadc808ad0c,9,9,True,True
REP_05288,42,data/campaigns/c1/07_clinical_dock/acid_dual/urat1_9dkb/seed42/REP_05288_out.sdf,data/campaigns/c1/07_clinical_dock/acid_dual/nlrp3_7alv/seed42/REP_05288_out.sdf,a667ba527b92bce850e6e188fdb206c6f4654e5e8441ac6a9866dcd65b729913,1dfe6931867dc526b4adafe61db1bb290c0d3bf03acb0f0eb1bc82dd450feef6,9,9,True,True
REP_02721,42,data/campaigns/c1/07_clinical_dock/acid_dual/urat1_9dkb/seed42/REP_02721_out.sdf,data/campaigns/c1/07_clinical_dock/acid_dual/nlrp3_7alv/seed42/REP_02721_out.sdf,01b095c0a1359144a238795d8556ba15f25ca5c83c5e8d6c6358d0f296fa9b30,bb1b9b803ecc7422ea3a5dcbd103648f86c54e851bf051d1dc8c4a7e1ff71824,9,9,True,True
REP_05460,42,data/campaigns/c1/07_clinical_dock/acid_dual/urat1_9dkb/seed42/REP_05460_out.sdf,data/campaigns/c1/07_clinical_dock/acid_dual/nlrp3_7alv/seed42/REP_05460_out.sdf,9b3c6b0e91e85623b585fe3a2dc7e6496d4141bb5460494e68b10c21bdfb4ec3,b9b660deba086948eb5d7354dbfd7efa08a876c18cd9951a0c628165d2f74e26,9,9,True,True
REP_07012,42,data/campaigns/c1/07_clinical_dock/acid_dual/urat1_9dkb/seed42/REP_07012_out.sdf,data/campaigns/c1/07_clinical_dock/acid_dual/nlrp3_7alv/seed42/REP_07012_out.sdf,9fa9964f9519519bddf834a31d92efcc99efc96dfaff177686fc8c3f1143ca44,1fb7a9ef8d0e59edda6782d8fc0d2323902d74d742fcdbc2cbfa4e1ba59d7ca1,9,9,True,False
REP_05252,42,data/campaigns/c1/07_clinical_dock/acid_dual/urat1_9dkb/seed42/REP_05252_out.sdf,data/campaigns/c1/07_clinical_dock/acid_dual/nlrp3_7alv/seed42/REP_05252_out.sdf,2f43927f6011fe77d99f8f2392ff1e20ee412c95a18ee4168510a59fb536f967,7909c1c63d5d90e3fe459f801c162a46745ed479e2e1e5d855b6c597b7466ee2,9,9,True,False
REP_07977,42,data/campaigns/c1/07_clinical_dock/acid_dual/urat1_9dkb/seed42/REP_07977_out.sdf,data/campaigns/c1/07_clinical_dock/acid_dual/nlrp3_7alv/seed42/REP_07977_out.sdf,1853480ed42c0c600a687a5e8fa5154209d0b3d1640b905dc641e934b84a3d3a,3707d6cba1700174c1a61071e6047c7b3effd9a87fa54a2288078030ec48e8e3,9,9,True,True
REP_07969,42,data/campaigns/c1/07_clinical_dock/acid_dual/urat1_9dkb/seed42/REP_07969_out.sdf,data/campaigns/c1/07_clinical_dock/acid_dual/nlrp3_7alv/seed42/REP_07969_out.sdf,70e409afe6093a188676bb6473c21a559660aa6c2f2841dd88943ae5a4d0c317,41c5a16e63da1cc7a89c9cc5e791129b5a373e1de4c087abd05c98c1a77f3b54,9,9,True,True
REP_05102,42,data/campaigns/c1/07_clinical_dock/acid_dual/urat1_9dkb/seed42/REP_05102_out.sdf,data/campaigns/c1/07_clinical_dock/acid_dual/nlrp3_7alv/seed42/REP_05102_out.sdf,fc899caea6756e9268d1af9a406b4ef372b0b4b43987ede325bba0dc7ff4bbe3,64c6442d9ed5c58865fde60ae277c19dc5107e6294b16d9d334387922d37c42a,9,9,True,False
REP_04623,42,data/campaigns/c1/07_clinical_dock/acid_dual/urat1_9dkb/seed42/REP_04623_out.sdf,data/campaigns/c1/07_clinical_dock/acid_dual/nlrp3_7alv/seed42/REP_04623_out.sdf,75c4df9779e347bb06a5a533cfadb3f570ee5987b93c59c2a504ad8a1ee14fa4,701a19e2c213e35e167d8124f500dff57bd68e633c3e10e47858fe4f6dc8a83d,9,9,True,True
REP_01345,42,data/campaigns/c1/07_clinical_dock/acid_dual/urat1_9dkb/seed42/REP_01345_out.sdf,data/campaigns/c1/07_clinical_dock/acid_dual/nlrp3_7alv/seed42/REP_01345_out.sdf,ef3ee385a8790d1b3d437512bfd4d7f115d56556d2b1a98304c3b83c9622a2e5,17cf76b4a4659a7a695cc7a7a856c05528b89f91a4a2bb3e0db2c10e5f62186f,9,9,True,True
REP_06470,42,data/campaigns/c1/07_clinical_dock/acid_dual/urat1_9dkb/seed42/REP_06470_out.sdf,data/campaigns/c1/07_clinical_dock/acid_dual/nlrp3_7alv/seed42/REP_06470_out.sdf,172d4fd9ac39a8d95b229309be7cfd3e4daa05769d3bfad419dd45d6897dd9f0,4eeb8e64d734c583f163277aa6b63dea49e4b7a075802c38d26cbf406ccf2178,9,9,True,True
REP_00142,42,data/campaigns/c1/07_clinical_dock/acid_dual/urat1_9dkb/seed42/REP_00142_out.sdf,data/campaigns/c1/07_clinical_dock/acid_dual/nlrp3_7alv/seed42/REP_00142_out.sdf,c309af03302b9c4874621b2cec35a39acadf9fda22d1798b84c6677c67107e8c,59eedf52da6c3791176c7238b9d79956de098cf7e101011f2aaa1c02d54956a9,9,9,True,False
REP_01948,42,data/campaigns/c1/07_clinical_dock/acid_dual/urat1_9dkb/seed42/REP_01948_out.sdf,data/campaigns/c1/07_clinical_dock/acid_dual/nlrp3_7alv/seed42/REP_01948_out.sdf,907e2d0a21ca6f521a19f2ae129bbd33c413e04d753130efdaaa7a287612ca4d,53eeb34c97e78a25c84132d9e5202814c3be7d6363bcf0ae16076ae6d5893eda,9,9,False,False
REP_08132,42,data/campaigns/c1/07_clinical_dock/acid_dual/urat1_9dkb/seed42/REP_08132_out.sdf,data/campaigns/c1/07_clinical_dock/acid_dual/nlrp3_7alv/seed42/REP_08132_out.sdf,dd9a6fa03c3ce8e613f813ea02621dd63c75070fe1e5bce09bbc1fd0e9b6daa9,2587df340322833ccc50ff391777c67bbb7179c63004e7df3b8c359a1e9bc7f2,9,9,True,False
REP_00697,42,data/campaigns/c1/07_clinical_dock/acid_dual/urat1_9dkb/seed42/REP_00697_out.sdf,data/campaigns/c1/07_clinical_dock/acid_dual/nlrp3_7alv/seed42/REP_00697_out.sdf,3b2a21e72f864e28dec44766fc2e8a2a058774439c4150aa377dca8f26cf41e1,efc4349338015b21c7758e368dbe0ffa3faec759d161556806ec2a8bfad6e6ec,9,9,True,True
REP_00015,42,data/campaigns/c1/07_clinical_dock/acid_dual/urat1_9dkb/seed42/REP_00015_out.sdf,data/campaigns/c1/07_clinical_dock/acid_dual/nlrp3_7alv/seed42/REP_00015_out.sdf,b405ce7c6ab406b022b0f05f2b7ba4e17afe8994a7d9474b33f5cbc9c100c1cf,d0699a547e40d0c1817505a21f383475055578b0b712c66d914d3242065d6742,9,9,True,True
REP_08266,42,data/campaigns/c1/07_clinical_dock/acid_dual/urat1_9dkb/seed42/REP_08266_out.sdf,data/campaigns/c1/07_clinical_dock/acid_dual/nlrp3_7alv/seed42/REP_08266_out.sdf,b7511bf88db4d40ab74d530d53d31a4b1bca479ae2611605d2ffbe617d8844c3,1417b3247d29c63fbc1a16df18a03d0c1daa298a01d5563f9d1ad823dbed3528,9,9,True,True
REP_08222,42,data/campaigns/c1/07_clinical_dock/acid_dual/urat1_9dkb/seed42/REP_08222_out.sdf,data/campaigns/c1/07_clinical_dock/acid_dual/nlrp3_7alv/seed42/REP_08222_out.sdf,da5f38b81eb5b1be3e42b87f89e3353af3928c09a5aba80f717b46c811457a1f,2f1680222b670931a7ce516655a9c664db1c5f37b918a0befafce08aec121293,9,9,True,False
REP_08210,42,data/campaigns/c1/07_clinical_dock/acid_dual/urat1_9dkb/seed42/REP_08210_out.sdf,data/campaigns/c1/07_clinical_dock/acid_dual/nlrp3_7alv/seed42/REP_08210_out.sdf,73491366a19433f941d7b66b79a86dfc5459011cc1953bbbc44e4f8f3207414f,3ad05d8090d234076b74ea66cdac7438f04479e782df37fa144103decf173c82,9,9,True,True
REP_04687,42,data/campaigns/c1/07_clinical_dock/acid_dual/urat1_9dkb/seed42/REP_04687_out.sdf,data/campaigns/c1/07_clinical_dock/acid_dual/nlrp3_7alv/seed42/REP_04687_out.sdf,215916bef2e596f1a7f00ba6bdd41f07df42bc31016e29fed753c8607767736d,3d5eadf0413e7fa6c20559acdb9e6430104decc6301781ea8a60ceb4f7dc92e7,9,9,True,True
REP_04681,42,data/campaigns/c1/07_clinical_dock/acid_dual/urat1_9dkb/seed42/REP_04681_out.sdf,data/campaigns/c1/07_clinical_dock/acid_dual/nlrp3_7alv/seed42/REP_04681_out.sdf,23f2e42392f42ced82f6788e229a1a9c0a18a8390c39b2dee08cf6759f236add,98f933fd794d377faf533b58cd3951a4c72a8f18129ab842f11e131536089f10,9,9,True,False
REP_08137,42,data/campaigns/c1/07_clinical_dock/acid_dual/urat1_9dkb/seed42/REP_08137_out.sdf,data/campaigns/c1/07_clinical_dock/acid_dual/nlrp3_7alv/seed42/REP_08137_out.sdf,a5e0a8bcd79a222bc0b8fc1df38f5f790022d134d39a84e9481d6a5fdef29bff,d4a0eeefb3bb072432893d35d803da5e3c3e2f84144d61f6ae02684625414ace,9,9,True,False
REP_00153,42,data/campaigns/c1/07_clinical_dock/acid_dual/urat1_9dkb/seed42/REP_00153_out.sdf,data/campaigns/c1/07_clinical_dock/acid_dual/nlrp3_7alv/seed42/REP_00153_out.sdf,885ad35a0d61d683986d57dfa0c8b1fc4d79af758e179485d8859dbd56679de2,22895f0475d02e820525d4d3fb3dc6acca0f6a417b7f603a813dba89a48755c2,9,9,True,False
REP_01147,42,data/campaigns/c1/07_clinical_dock/acid_dual/urat1_9dkb/seed42/REP_01147_out.sdf,data/campaigns/c1/07_clinical_dock/acid_dual/nlrp3_7alv/seed42/REP_01147_out.sdf,577be6c2a1b5e1bd57f2246a83c14626443661c5a6bdab4962ebfebd67d3b729,316b0aa31e75abcecb0b6405aaff1ed66cae3e9ad5f43f413748f31964011fa6,9,9,True,True
REP_06643,42,data/campaigns/c1/07_clinical_dock/acid_dual/urat1_9dkb/seed42/REP_06643_out.sdf,data/campaigns/c1/07_clinical_dock/acid_dual/nlrp3_7alv/seed42/REP_06643_out.sdf,bbb702d4301c99a92457df5b6955e8348646014f67faeca74803844cc990381d,f8d7cca7bfeb0600bf1ffdcc11cf2cad8a5c0175d474d49ffbcaaa8e03f0ce03,9,9,True,True
REP_05846,42,data/campaigns/c1/07_clinical_dock/acid_dual/urat1_9dkb/seed42/REP_05846_out.sdf,data/campaigns/c1/07_clinical_dock/acid_dual/nlrp3_7alv/seed42/REP_05846_out.sdf,e02792bf813d23d27d1cf3db802f926e3720529cc6f821ce540aeab1d4386f44,29d2beabf195bb4e6bceee011e275127665c340963c1f9f64e1b5f5b7d4aa184,9,9,True,True
REP_05864,42,data/campaigns/c1/07_clinical_dock/acid_dual/urat1_9dkb/seed42/REP_05864_out.sdf,data/campaigns/c1/07_clinical_dock/acid_dual/nlrp3_7alv/seed42/REP_05864_out.sdf,e1161481c489212905a557ccddfdb713abf623fdb9e60129f3cd7115f5d51ae6,2bc6b5b9e8e9ac08cfccbdae990d6c677cfe7804f9f7263eee28a645a7d9c3e8,9,9,True,False
REP_07166,42,data/campaigns/c1/07_clinical_dock/acid_dual/urat1_9dkb/seed42/REP_07166_out.sdf,data/campaigns/c1/07_clinical_dock/acid_dual/nlrp3_7alv/seed42/REP_07166_out.sdf,35284236c1108ac489673b7ebcd44f7156524864984b63346c2a44fada1ab1bf,c8c86497477fd4e6aff58e2967e9b1094c2fd7f9fe139195fd35693a31b89fa5,9,9,True,False
REP_05813,42,data/campaigns/c1/07_clinical_dock/acid_dual/urat1_9dkb/seed42/REP_05813_out.sdf,data/campaigns/c1/07_clinical_dock/acid_dual/nlrp3_7alv/seed42/REP_05813_out.sdf,67f87538ba45339980d05d56a9b174075a57a0af982604c08c7e760a3cae1386,1182c910cfd6f1d0d8bef98e5f7929b571a29afa7d5fada156dd0e0602122898,9,9,False,False
REP_05763,42,data/campaigns/c1/07_clinical_dock/acid_dual/urat1_9dkb/seed42/REP_05763_out.sdf,data/campaigns/c1/07_clinical_dock/acid_dual/nlrp3_7alv/seed42/REP_05763_out.sdf,c5c5fe2f1546ed01c3d56c45bea9af8422b2cb8c7194687093c39b1f5527dda2,a8098bc291fb42316429a4106f4909c2ae54ca90f43fe329e06f7ed01561ab9d,9,9,False,False
REP_05729,42,data/campaigns/c1/07_clinical_dock/acid_dual/urat1_9dkb/seed42/REP_05729_out.sdf,data/campaigns/c1/07_clinical_dock/acid_dual/nlrp3_7alv/seed42/REP_05729_out.sdf,1111b6a648dca4888ffe6991f9089d6bf71ba3ae1377315baa839b79abfe11d0,6234de281e87d9399ae6af1d4f7ec59da66f2cef781347db782d93664676779f,9,9,False,True
REP_07702,42,data/campaigns/c1/07_clinical_dock/acid_dual/urat1_9dkb/seed42/REP_07702_out.sdf,data/campaigns/c1/07_clinical_dock/acid_dual/nlrp3_7alv/seed42/REP_07702_out.sdf,763da8eebaf0d55a7791206e37a8aad6f370e4b117176270b2aafc9c4ca4d28d,fa069a72c86dc43d02aa8fa0f34c0c5728453008f76beda0e826cd317358a6c5,9,9,True,False
REP_07704,42,data/campaigns/c1/07_clinical_dock/acid_dual/urat1_9dkb/seed42/REP_07704_out.sdf,data/campaigns/c1/07_clinical_dock/acid_dual/nlrp3_7alv/seed42/REP_07704_out.sdf,a52329bf2de9d4ff9d90c9d0e10d930b41be6fb630ae9ef16709b1e0c2ab9cca,744a34f3cae82f675985f94ebfe9b71d555efd359bfa371769c1ade630f5547b,9,9,True,True
REP_00729,42,data/campaigns/c1/07_clinical_dock/acid_dual/urat1_9dkb/seed42/REP_00729_out.sdf,data/campaigns/c1/07_clinical_dock/acid_dual/nlrp3_7alv/seed42/REP_00729_out.sdf,f09cae7c803844ac901e577e94c0fe215c1fc98bc93718de7463abed5a77cc1c,72634aa797256342c5c828c10c7a5baaf012f052ca393102b53c346a86d3bd12,9,9,True,True
REP_07645,42,data/campaigns/c1/07_clinical_dock/acid_dual/urat1_9dkb/seed42/REP_07645_out.sdf,data/campaigns/c1/07_clinical_dock/acid_dual/nlrp3_7alv/seed42/REP_07645_out.sdf,3e9999e033523af2c45ad4a1d952e9cc03ecf110f40ccb7dcb0a5a0b389fe5c2,f0951b346e55733649dc683c01d9c4f0308464b8e827c87af12487e6fe458565,9,9,True,False
REP_07056,42,data/campaigns/c1/07_clinical_dock/acid_dual/urat1_9dkb/seed42/REP_07056_out.sdf,data/campaigns/c1/07_clinical_dock/acid_dual/nlrp3_7alv/seed42/REP_07056_out.sdf,0565a16b2aef65ec216d8c07816749beacc916e188198f9f746816f22b0dd810,7aff7dfed5d74b2970db0c36f7f88608897ee5aa949241094761b0e607c48af6,9,9,True,False
REP_01458,42,data/campaigns/c1/07_clinical_dock/acid_dual/urat1_9dkb/seed42/REP_01458_out.sdf,data/campaigns/c1/07_clinical_dock/acid_dual/nlrp3_7alv/seed42/REP_01458_out.sdf,283017f1861151365282577f9778023326d593c8688f806058a4da415b338d40,05d3b7454b620764b85834c164ee1a78c79d6cc54bb532e73e485c92493a200c,9,9,False,False
REP_01474,42,data/campaigns/c1/07_clinical_dock/acid_dual/urat1_9dkb/seed42/REP_01474_out.sdf,data/campaigns/c1/07_clinical_dock/acid_dual/nlrp3_7alv/seed42/REP_01474_out.sdf,8a0536f79ff17fd22d71434a04738582c5118af4721e5353f1a7e93f075dee69,400a95da97d88689b87f296b2cd47f510586601d1f54af4fd64962ede5820bca,9,9,True,True
REP_03306,42,data/campaigns/c1/07_clinical_dock/acid_dual/urat1_9dkb/seed42/REP_03306_out.sdf,data/campaigns/c1/07_clinical_dock/acid_dual/nlrp3_7alv/seed42/REP_03306_out.sdf,23f2093320dd168332d7c4fadadc8a474fd8e4a090052ce70b26574a15e6d9d2,df484cde0117530dfafe9ad27154f89f03e02208e2e15573d87829d92d51bd44,9,9,False,True
REP_07754,42,data/campaigns/c1/07_clinical_dock/acid_dual/urat1_9dkb/seed42/REP_07754_out.sdf,data/campaigns/c1/07_clinical_dock/acid_dual/nlrp3_7alv/seed42/REP_07754_out.sdf,bdd66c095deac9851d337ad2b9c688457cae33faa2c5d88b090d582044bfa4fd,e1b0d6af28439bcd59d2a7168112a857c5d5c2867e6b332114423cc077369958,9,9,True,False
REP_06990,42,data/campaigns/c1/07_clinical_dock/acid_dual/urat1_9dkb/seed42/REP_06990_out.sdf,data/campaigns/c1/07_clinical_dock/acid_dual/nlrp3_7alv/seed42/REP_06990_out.sdf,9e87c747f56cf636a31be0bebe9205163b1e648b3a186635aea389698ead3594,4b5fa59a1d6dc313e00ca60e8d91feb6b8311c997765228d312a45ac0b0d142c,9,9,True,False
REP_02143,42,data/campaigns/c1/07_clinical_dock/acid_dual/urat1_9dkb/seed42/REP_02143_out.sdf,data/campaigns/c1/07_clinical_dock/acid_dual/nlrp3_7alv/seed42/REP_02143_out.sdf,c967a264230ba5e42eb4eff9f618242a7902b9209dbc66852011ad5430801630,8eab3627275a2cdf7d1882f9e80ff333df7f289eac523ea08c2cec286271e076,9,9,True,True
REP_07040,42,data/campaigns/c1/07_clinical_dock/acid_dual/urat1_9dkb/seed42/REP_07040_out.sdf,data/campaigns/c1/07_clinical_dock/acid_dual/nlrp3_7alv/seed42/REP_07040_out.sdf,aaffc622d11096aba39f0a62d674f9098f0e34dcd65f5662533956449a95f08e,84750e7d0705ca9e812c16bfd27aaa54cb8fd62ceebb493d2cdf8de6e2e97033,9,9,True,True
REP_01404,42,data/campaigns/c1/07_clinical_dock/acid_dual/urat1_9dkb/seed42/REP_01404_out.sdf,data/campaigns/c1/07_clinical_dock/acid_dual/nlrp3_7alv/seed42/REP_01404_out.sdf,631b08ce0933f0e90457289a09c3ac8b1f98b3d83ac0cf77ac7b02a224f2a559,4762db7e7b6ccd1293a800d56e0fa3d6011b695e79e3e2ce962f87e2472676e9,9,9,True,False
REP_07859,42,data/campaigns/c1/07_clinical_dock/acid_dual/urat1_9dkb/seed42/REP_07859_out.sdf,data/campaigns/c1/07_clinical_dock/acid_dual/nlrp3_7alv/seed42/REP_07859_out.sdf,1c970c5d8651adb39cb12d9684c93a12df3478eb5a91bbc441fbd079124a6404,7b091ffd4f6dd6d60f936d77d2ad50eb2b9f4260da8418b546d73eed0338fbfd,9,9,False,True
REP_07910,42,data/campaigns/c1/07_clinical_dock/acid_dual/urat1_9dkb/seed42/REP_07910_out.sdf,data/campaigns/c1/07_clinical_dock/acid_dual/nlrp3_7alv/seed42/REP_07910_out.sdf,b382f57917d58516c22896b43ced9312fc2e652462ec7e49c16250c0bf71ebb9,45e0710b334b1043c81b5a1d5703ff7948c9f7bc972bc3d49158f8e0ef67bae8,9,9,False,True
REP_05470,42,data/campaigns/c1/07_clinical_dock/acid_dual/urat1_9dkb/seed42/REP_05470_out.sdf,data/campaigns/c1/07_clinical_dock/acid_dual/nlrp3_7alv/seed42/REP_05470_out.sdf,727935568d5356179d95ec9ac37106c6e9ce86ce3b96cfea8d8e0ca76fcfe9e2,c43c8977457ca308f4a1d748fb26ffb062821316d0702956402c6056f8334f50,9,9,True,True
REP_02001,42,data/campaigns/c1/07_clinical_dock/acid_dual/urat1_9dkb/seed42/REP_02001_out.sdf,data/campaigns/c1/07_clinical_dock/acid_dual/nlrp3_7alv/seed42/REP_02001_out.sdf,dca957090ce7357d74b095c5f66d61aad613e4fd7046885002002b932c6c0e46,ae845553a3f1126374bb6245e286b79ccd0b81e0b5d5d2228c186f0d80f17a9c,9,9,False,False
REP_04566,42,data/campaigns/c1/07_clinical_dock/acid_dual/urat1_9dkb/seed42/REP_04566_out.sdf,data/campaigns/c1/07_clinical_dock/acid_dual/nlrp3_7alv/seed42/REP_04566_out.sdf,bd7dfe47c0c8045642fe576e41662c043258710566a61391f080ad3997379665,42ccd680c8ded31bda67777fe7f8ef3f76369d1de5828bdee83adbe3f93dea8b,9,9,True,True
REP_03680,42,data/campaigns/c1/07_clinical_dock/acid_dual/urat1_9dkb/seed42/REP_03680_out.sdf,data/campaigns/c1/07_clinical_dock/acid_dual/nlrp3_7alv/seed42/REP_03680_out.sdf,bf7b63259f212066b795b94416ebaf135547105bd2ba7cbf232ed03532fa8a1f,0e612b9e08a6aff248e89b1a3b38bacfc71b7d62f37b28869d332a80a8ce7297,9,9,False,False
REP_00857,42,data/campaigns/c1/07_clinical_dock/acid_dual/urat1_9dkb/seed42/REP_00857_out.sdf,data/campaigns/c1/07_clinical_dock/acid_dual/nlrp3_7alv/seed42/REP_00857_out.sdf,fd644346681a631adb8796bc89743076b1541eadd41688a4dec2958699479550,0dd1777088ff4611d5cfe2815d838f6c2aa608ecd1e8cabbf4b36dbac05c2776,9,9,True,False
REP_01346,42,data/campaigns/c1/07_clinical_dock/acid_dual/urat1_9dkb/seed42/REP_01346_out.sdf,data/campaigns/c1/07_clinical_dock/acid_dual/nlrp3_7alv/seed42/REP_01346_out.sdf,2a04043d03129132cf4fb3348d17e13e2ef3c95c980b6bf18bca66bf7f280236,53d12bd14af42b40be997d12bc5212d0e4025437ea7f36286b6ab129d2d131b1,9,9,True,False
REP_05267,42,data/campaigns/c1/07_clinical_dock/acid_dual/urat1_9dkb/seed42/REP_05267_out.sdf,data/campaigns/c1/07_clinical_dock/acid_dual/nlrp3_7alv/seed42/REP_05267_out.sdf,24563e48fd2d5c357fe45540096190d9781d09977e1bc151f0f3b840d03e24ce,668e2d03a1ecd66eccc57df88c2c5727e06af7eee020e7d004af0894e2321af5,9,9,False,True
REP_07899,42,data/campaigns/c1/07_clinical_dock/acid_dual/urat1_9dkb/seed42/REP_07899_out.sdf,data/campaigns/c1/07_clinical_dock/acid_dual/nlrp3_7alv/seed42/REP_07899_out.sdf,35a02ddfd65625ceb3573ef6edfb83772e36b6a0b03e70c04ea2540079108ad8,035b0ff3f72f846d80245fc4149b4a9dd75c5142f2604a476abeed5eedeb6e20,9,9,True,False
REP_00950,42,data/campaigns/c1/07_clinical_dock/acid_dual/urat1_9dkb/seed42/REP_00950_out.sdf,data/campaigns/c1/07_clinical_dock/acid_dual/nlrp3_7alv/seed42/REP_00950_out.sdf,4e18756832950beb3080f8500083d5c6ca8d3894848407e4472d400a01ad312a,1b10cc74b4084d1d7cddd74ea4184b9b095e544c43d74190c1c040ee75f7dae9,9,9,True,True
REP_04581,42,data/campaigns/c1/07_clinical_dock/acid_dual/urat1_9dkb/seed42/REP_04581_out.sdf,data/campaigns/c1/07_clinical_dock/acid_dual/nlrp3_7alv/seed42/REP_04581_out.sdf,3e944313461ca191d5c1c39700e10b18ccf0f7e7e88720ab772064b2efae0021,e3170ddc226a2df1857c0a358e204026625c14d52b6cbd1b4c918a6575bfb7a5,9,9,True,True
REP_02354,42,data/campaigns/c1/07_clinical_dock/acid_dual/urat1_9dkb/seed42/REP_02354_out.sdf,data/campaigns/c1/07_clinical_dock/acid_dual/nlrp3_7alv/seed42/REP_02354_out.sdf,6b2999345794f49d76c38d1f9ae79e49cd3f35aeb713ccd5c0266db5a86c31ee,81809cdaacfb1e3a051614e0c3d6250cd05a2008d78d8e651dba7ce5d4674138,9,9,True,False
REP_02650,42,data/campaigns/c1/07_clinical_dock/acid_dual/urat1_9dkb/seed42/REP_02650_out.sdf,data/campaigns/c1/07_clinical_dock/acid_dual/nlrp3_7alv/seed42/REP_02650_out.sdf,4acd595776f4effbc0136951ffb13b0939d338d384f8207d0ae6aa920770c227,550a4662633f9627b7bc29ef88c3e59d6480e5c8224fd9f28773d89aae90cad7,9,9,True,True
REP_08002,42,data/campaigns/c1/07_clinical_dock/acid_dual/urat1_9dkb/seed42/REP_08002_out.sdf,data/campaigns/c1/07_clinical_dock/acid_dual/nlrp3_7alv/seed42/REP_08002_out.sdf,f57293a7a2f4a42cd58d8cc7497bed29802db0ef59b58e32dad61b9a6dae759d,b4dab3acf7364da48da5d327625bb5958ce21ee0914c8a5fbd456076d147c5e7,9,9,True,False
REP_06427,42,data/campaigns/c1/07_clinical_dock/acid_dual/urat1_9dkb/seed42/REP_06427_out.sdf,data/campaigns/c1/07_clinical_dock/acid_dual/nlrp3_7alv/seed42/REP_06427_out.sdf,a63a854308893c53101f428fb311be1d8725cd8b929f368e92914d7ce8e20b10,e9cbb4a0470b2b5eeba56ca7e5718c6a38af7489ecbe984624207fcff84b4608,9,9,False,True
REP_08064,42,data/campaigns/c1/07_clinical_dock/acid_dual/urat1_9dkb/seed42/REP_08064_out.sdf,data/campaigns/c1/07_clinical_dock/acid_dual/nlrp3_7alv/seed42/REP_08064_out.sdf,6b3a3e37083544b3508c11782f53712cd434c1996d4f02a3bdd358a0d6d462c4,2250f58d450f8da4841704681c4b977f1c11488a7e8df8285652925b0276d231,9,9,False,True
REP_04977,42,data/campaigns/c1/07_clinical_dock/acid_dual/urat1_9dkb/seed42/REP_04977_out.sdf,data/campaigns/c1/07_clinical_dock/acid_dual/nlrp3_7alv/seed42/REP_04977_out.sdf,7cd58d78535d97b8565474a30559c89e2debb84c352a7babe94aadd8fed0d8fa,7efe6466fe77646cc0936afdb3add1a0904ad405d5e03df655e5429e4dda9c25,9,9,False,False
REP_00077,42,data/campaigns/c1/07_clinical_dock/acid_dual/urat1_9dkb/seed42/REP_00077_out.sdf,data/campaigns/c1/07_clinical_dock/acid_dual/nlrp3_7alv/seed42/REP_00077_out.sdf,8c73abf3e35f797f5faf1853320ceeb223a4b2ecc6a9d269b08275b8f0424b60,433fd0793eeaef54cd8febcd3ba82e67235c5ed37d0a1824c40e3e730e1256a7,9,9,False,True
REP_01178,42,data/campaigns/c1/07_clinical_dock/acid_dual/urat1_9dkb/seed42/REP_01178_out.sdf,data/campaigns/c1/07_clinical_dock/acid_dual/nlrp3_7alv/seed42/REP_01178_out.sdf,bd194a521ccc9b2a3575d990d314af2acbc4082f1bccb1fa91061bf6fb922b8f,1898ba12fc672585a03cd66acb585ee36ad895fb02ebf4e995d2852987571db4,9,9,True,True
REP_06583,42,data/campaigns/c1/07_clinical_dock/acid_dual/urat1_9dkb/seed42/REP_06583_out.sdf,data/campaigns/c1/07_clinical_dock/acid_dual/nlrp3_7alv/seed42/REP_06583_out.sdf,10c8e03432dc98acd465303276639706b12fb809fd34436ba773c5bd1c723e10,5c30593a004aeafca48f1bb0e6953cd5951761a8213b6b9769b1b9613ba6ee87,9,9,True,True
REP_01181,42,data/campaigns/c1/07_clinical_dock/acid_dual/urat1_9dkb/seed42/REP_01181_out.sdf,data/campaigns/c1/07_clinical_dock/acid_dual/nlrp3_7alv/seed42/REP_01181_out.sdf,37809f777017670d50b39dd163d0b1409c66932bf457a9c87a13e81e2de25425,9e2233b010e5c9b7fa1cb3b4e1e76e4e606793a1c89a93b90d0d54193ab24145,9,9,False,True
REP_08143,42,data/campaigns/c1/07_clinical_dock/acid_dual/urat1_9dkb/seed42/REP_08143_out.sdf,data/campaigns/c1/07_clinical_dock/acid_dual/nlrp3_7alv/seed42/REP_08143_out.sdf,e08cb749eda69a8a8cf2b532c6f76e3f9c37beab2adef91378f647feb08d49e0,94b2fc054040984877497e003783ce5f11f4f97c42cbd5eac918d4f65b87b857,9,9,True,True
REP_06722,42,data/campaigns/c1/07_clinical_dock/acid_dual/urat1_9dkb/seed42/REP_06722_out.sdf,data/campaigns/c1/07_clinical_dock/acid_dual/nlrp3_7alv/seed42/REP_06722_out.sdf,0e215140e7d5a4bdfe1e2327ef9e3a52e6475e36b2774b2bfa0643021876b7c8,abade0ea5f58739a48ce8a8f05e2e87937806868cbd9f03c60cf6e0f67dc30b1,9,9,True,True
REP_01598,42,data/campaigns/c1/07_clinical_dock/acid_dual/urat1_9dkb/seed42/REP_01598_out.sdf,data/campaigns/c1/07_clinical_dock/acid_dual/nlrp3_7alv/seed42/REP_01598_out.sdf,e07af124b4cbf601177bfcbac8e19f9055d6c89d5933d00591b60f9296e7f265,2432554141a0f760e38a0f695b5b980bf5de5de7a0dffaa9af0c90d4dd2b1fec,9,9,True,True
REP_02379,42,data/campaigns/c1/07_clinical_dock/acid_dual/urat1_9dkb/seed42/REP_02379_out.sdf,data/campaigns/c1/07_clinical_dock/acid_dual/nlrp3_7alv/seed42/REP_02379_out.sdf,187103764b229cc2a51291b254f309ce6fade8feb5215d43654c10e8cbae1d4a,4349b1fd2ef9c3584b100254b3c2a0e4f61eecd9bf57b425fa4368ad80262178,9,9,True,False
REP_07300,42,data/campaigns/c1/07_clinical_dock/acid_dual/urat1_9dkb/seed42/REP_07300_out.sdf,data/campaigns/c1/07_clinical_dock/acid_dual/nlrp3_7alv/seed42/REP_07300_out.sdf,5029b790c4170606b77ea57711f31d3d9526d66ebc050ffb034f5feddd438b2a,c54fc1b7440e118f70ec461672f1882c080a9b22792a7f94a9741b2da333d744,9,9,False,True
REP_08161,42,data/campaigns/c1/07_clinical_dock/acid_dual/urat1_9dkb/seed42/REP_08161_out.sdf,data/campaigns/c1/07_clinical_dock/acid_dual/nlrp3_7alv/seed42/REP_08161_out.sdf,d0ebb399c6d1e801bde3a9b5bd24366720fb0752e329a8d049e040e6a0bdac2e,15370da97e080aa3ab9b713fdaeb2022b730ce22c6c29d75e36c8c7e6e09d326,9,9,True,True
REP_07101,42,data/campaigns/c1/07_clinical_dock/acid_dual/urat1_9dkb/seed42/REP_07101_out.sdf,data/campaigns/c1/07_clinical_dock/acid_dual/nlrp3_7alv/seed42/REP_07101_out.sdf,1cebdd79162da26cde5135f1fb039fcbbb074637158f5924acdc9f18254ef00c,1ac186f63c8ebcd2e9ca77bbe33dce4e495a2872296c6e959698aa3382f14c59,9,9,False,True
REP_06986,42,data/campaigns/c1/07_clinical_dock/acid_dual/urat1_9dkb/seed42/REP_06986_out.sdf,data/campaigns/c1/07_clinical_dock/acid_dual/nlrp3_7alv/seed42/REP_06986_out.sdf,72a2f08c44665e6d9832bd21ca22d85888f6811db916236d13dd127316d2776b,3c787c1bc742c7c6e5df7d93a69175524108b9717da44e47bc950cff0c9ffcd4,9,9,False,False
REP_04582,42,data/campaigns/c1/07_clinical_dock/acid_dual/urat1_9dkb/seed42/REP_04582_out.sdf,data/campaigns/c1/07_clinical_dock/acid_dual/nlrp3_7alv/seed42/REP_04582_out.sdf,aa81de15c625ece00ebea7e13ff0856a00f192f4475b7ce21d18582c1ae394b4,98a3a3381fa0219fcb8febd11cf2c9b665df19a7c97e76cbabc102a7da27f410,9,9,True,False
REP_00940,42,data/campaigns/c1/07_clinical_dock/acid_dual/urat1_9dkb/seed42/REP_00940_out.sdf,data/campaigns/c1/07_clinical_dock/acid_dual/nlrp3_7alv/seed42/REP_00940_out.sdf,0183cee2fd11f0eea7032fc5ac9400e2c72cb5f89e00212b13c4cccebceeeba0,12fff88e5c1347a3cbfe9dbfe27ada916dacae546d128e84996959824db9637f,9,9,True,True
REP_05113,42,data/campaigns/c1/07_clinical_dock/acid_dual/urat1_9dkb/seed42/REP_05113_out.sdf,data/campaigns/c1/07_clinical_dock/acid_dual/nlrp3_7alv/seed42/REP_05113_out.sdf,e79007a336b9956bd9005488f24e577c4c09bc80f2d713755b3bb960218d7e9e,074e4006b3d65a2d09e753044c378c3db3b83b8e4f60bc1ff4773648c184cf65,9,9,True,False
REP_05141,42,data/campaigns/c1/07_clinical_dock/acid_dual/urat1_9dkb/seed42/REP_05141_out.sdf,data/campaigns/c1/07_clinical_dock/acid_dual/nlrp3_7alv/seed42/REP_05141_out.sdf,d91ff62efc8ae7a9bfc73f25e003c787fbc11bdb25123068cd8b662e4a10d2fd,c4c56e28ab1c36805e7a618ccc405a4f110e120081f1564649037c80dd845d3f,9,9,True,True
REP_01601,42,data/campaigns/c1/07_clinical_dock/acid_dual/urat1_9dkb/seed42/REP_01601_out.sdf,data/campaigns/c1/07_clinical_dock/acid_dual/nlrp3_7alv/seed42/REP_01601_out.sdf,ab8d1da4459d8eb1aa14d998a0dc3f60a24579015c93d8b92a8fc9ed3b2ee701,87e67bf0a90a8dc7a4b79f02bd3814f2029d081ad3f0219a6d4041e7381aff5c,9,9,True,False
REP_01310,42,data/campaigns/c1/07_clinical_dock/acid_dual/urat1_9dkb/seed42/REP_01310_out.sdf,data/campaigns/c1/07_clinical_dock/acid_dual/nlrp3_7alv/seed42/REP_01310_out.sdf,f1ef7aeaf7b14c4ae930ec9f03bb3145a27e7c5b65fe3ac7a3f996a68f051ade,ef4a76e6ffc040924e906ffc063e641796f714b43f9761b4fe5f3814546b2974,9,9,True,False
REP_07874,42,data/campaigns/c1/07_clinical_dock/acid_dual/urat1_9dkb/seed42/REP_07874_out.sdf,data/campaigns/c1/07_clinical_dock/acid_dual/nlrp3_7alv/seed42/REP_07874_out.sdf,b054bdf35e713c819f330b9ea05c6a51cc7143b7b2d0619ef376c77b7b6c9cd1,cea9aa1d34f2943d4683a0f02af01df662aa62c46c02e9b25d13e3d1b325ef05,9,9,True,False
REP_00745,42,data/campaigns/c1/07_clinical_dock/acid_dual/urat1_9dkb/seed42/REP_00745_out.sdf,data/campaigns/c1/07_clinical_dock/acid_dual/nlrp3_7alv/seed42/REP_00745_out.sdf,ac3975a8147faf673037b484e8604b36c901f82967dee5a298159f5e77b92fbf,702884b76a0be445e42895ace3b82a0cde9c9838b1958e4abb774be70d89560f,9,9,True,False
REP_05543,42,data/campaigns/c1/07_clinical_dock/acid_dual/urat1_9dkb/seed42/REP_05543_out.sdf,data/campaigns/c1/07_clinical_dock/acid_dual/nlrp3_7alv/seed42/REP_05543_out.sdf,49eafaa07fffb11f02f0e351fe5677d0722b870545d530d6b4f3c0dbaa098086,76935357e0a33aad7abb9c77b8390c8d08a0ff6e48d352404340f8f6b0b96d12,9,9,True,True
REP_01494,42,data/campaigns/c1/07_clinical_dock/acid_dual/urat1_9dkb/seed42/REP_01494_out.sdf,data/campaigns/c1/07_clinical_dock/acid_dual/nlrp3_7alv/seed42/REP_01494_out.sdf,4af0ec327ae89feb764a81df20e0945369e46b8e1a6c0b318d3fedf80511166c,76797edcaddd2944f7fa29c24fe6b514fb513d2a542624b4d5478c2f5cabca85,9,9,True,False
REP_03974,42,data/campaigns/c1/07_clinical_dock/acid_dual/urat1_9dkb/seed42/REP_03974_out.sdf,data/campaigns/c1/07_clinical_dock/acid_dual/nlrp3_7alv/seed42/REP_03974_out.sdf,4ace8ebb668a09fd39566dca1f03c89233aa0fe5e0b806de3fd77c10b5b26750,0854a7e6cee77f480877dad85136148bd4a2a868c6cc13d7c7d1c7968b881d2d,9,9,True,True
REP_06973,42,data/campaigns/c1/07_clinical_dock/acid_dual/urat1_9dkb/seed42/REP_06973_out.sdf,data/campaigns/c1/07_clinical_dock/acid_dual/nlrp3_7alv/seed42/REP_06973_out.sdf,dd228e12651dc40a12e2dc4d75ed8e62c50f14599fa540bbac89df59443eef45,ab2dad61fcb847084fcda366d5c1dd81874588f376ddf508afbc5837669312b7,9,9,True,False
REP_04229,42,data/campaigns/c1/07_clinical_dock/acid_dual/urat1_9dkb/seed42/REP_04229_out.sdf,data/campaigns/c1/07_clinical_dock/acid_dual/nlrp3_7alv/seed42/REP_04229_out.sdf,b4a58ec719f9cd85cb89b710f8cd90afa5907b3d824b6feed222726610b4a5eb,1434a62dd52046b793e077705df92f97358c359a946925a0c692035fcdbe7932,9,9,True,False
REP_00944,42,data/campaigns/c1/07_clinical_dock/acid_dual/urat1_9dkb/seed42/REP_00944_out.sdf,data/campaigns/c1/07_clinical_dock/acid_dual/nlrp3_7alv/seed42/REP_00944_out.sdf,b4459201c758c8f33b19b615922f7fc1be47e336031b6fc739fd2e4dbec15ce7,004ab390407b0455852bb2b89079047cbb1fb036e58817880428db8bb7322b2b,9,9,True,True
REP_07055,42,data/campaigns/c1/07_clinical_dock/acid_dual/urat1_9dkb/seed42/REP_07055_out.sdf,data/campaigns/c1/07_clinical_dock/acid_dual/nlrp3_7alv/seed42/REP_07055_out.sdf,2abf7a12addc2766dccbb8af0b2e6276a2b124626d7fd2b5b5f53fd9302cf861,ece9892d190d8d87ff0f01d4f315a99595c1100c6d82e8d62e66a90674289c7a,9,9,False,True
REP_07880,42,data/campaigns/c1/07_clinical_dock/acid_dual/urat1_9dkb/seed42/REP_07880_out.sdf,data/campaigns/c1/07_clinical_dock/acid_dual/nlrp3_7alv/seed42/REP_07880_out.sdf,044aa0f1e3f69931edd8d250803d0c18849a7aa7f89463f92bd2d6a747bc1cd7,e8f471ce25b6ef20cbd072647c5b78b0671299c0597bc9187f2c5bb2cb43d837,9,9,True,False
REP_00308,42,data/campaigns/c1/07_clinical_dock/acid_dual/urat1_9dkb/seed42/REP_00308_out.sdf,data/campaigns/c1/07_clinical_dock/acid_dual/nlrp3_7alv/seed42/REP_00308_out.sdf,6386c8fc8ec449f68aedf9717060540ab776eeb5b15beed10dac3b2cddd26776,8d209e5981268e8fc68b2c68504d49bdf18ff8d38367035e523ec22bf612e552,9,9,False,False
REP_05466,42,data/campaigns/c1/07_clinical_dock/acid_dual/urat1_9dkb/seed42/REP_05466_out.sdf,data/campaigns/c1/07_clinical_dock/acid_dual/nlrp3_7alv/seed42/REP_05466_out.sdf,8aa7f107ebb5c62d5e2b63536de1cf0a6c862c7de5e60d26129caf13dc90ca3c,0670bab5c8300bd4c34fb3d35b1532c9e06c6d2d3bbac8041ff5812fd33fcf3e,9,9,True,False
REP_06668,42,data/campaigns/c1/07_clinical_dock/acid_dual/urat1_9dkb/seed42/REP_06668_out.sdf,data/campaigns/c1/07_clinical_dock/acid_dual/nlrp3_7alv/seed42/REP_06668_out.sdf,9fc8f5474d7c9bfaf94aa56bfecf59bb1177ba0cd0c8cd807e69e24dee269e19,fa703ecbd9ce3ce04e0cad9b3f07c1c07ff1905a1192c018d5b75bae548aace0,9,9,False,False
REP_00092,42,data/campaigns/c1/07_clinical_dock/acid_dual/urat1_9dkb/seed42/REP_00092_out.sdf,data/campaigns/c1/07_clinical_dock/acid_dual/nlrp3_7alv/seed42/REP_00092_out.sdf,162a080e791bb3de0cd10a79b4f3a45ada9d2a6b558b0436ee822ffe67d8c14b,1212cac96014899ac395794d0d5951f8715ab5f5e827ee8dd758029fef8994f7,9,9,True,False
REP_08014,42,data/campaigns/c1/07_clinical_dock/acid_dual/urat1_9dkb/seed42/REP_08014_out.sdf,data/campaigns/c1/07_clinical_dock/acid_dual/nlrp3_7alv/seed42/REP_08014_out.sdf,78adc6cbdb2bb7d1886a1873cfe119b9926dad7ede24d9f3cff8ebba72bbcdcc,5cd1f67277aee8371cc6b5475d499096ae48323318d171296cafd4eb046aa33e,9,9,True,True
REP_00325,42,data/campaigns/c1/07_clinical_dock/acid_dual/urat1_9dkb/seed42/REP_00325_out.sdf,data/campaigns/c1/07_clinical_dock/acid_dual/nlrp3_7alv/seed42/REP_00325_out.sdf,4d4426b00a0d3d980d0a6993c137dcf16b597fd2a007f90320a8281572590577,b61ee71780b81ab03e727c0d4879d1ff45be0905ad2a67de23ae99ca0c3922ed,9,9,False,True
REP_00300,42,data/campaigns/c1/07_clinical_dock/acid_dual/urat1_9dkb/seed42/REP_00300_out.sdf,data/campaigns/c1/07_clinical_dock/acid_dual/nlrp3_7alv/seed42/REP_00300_out.sdf,67849cfe7e8b38bd797732bf8fe15da6a26ceadb83ed34b7f657cc5bde57ff93,31c7dca15e4394dc872795571118040d8bbb90ad3639e8dbd672454e9a3d854c,9,9,False,True
REP_00572,42,data/campaigns/c1/07_clinical_dock/acid_dual/urat1_9dkb/seed42/REP_00572_out.sdf,data/campaigns/c1/07_clinical_dock/acid_dual/nlrp3_7alv/seed42/REP_00572_out.sdf,a39b0f7bbf87140142c1ec99a40c9f86086ee710d99d2054e27117bb0f729e37,c1c2ce9cc56b1e2784b41ebec8f73cd76b8ae35da371a888ee80a3bd889698f4,9,9,False,True
REP_05440,42,data/campaigns/c1/07_clinical_dock/acid_dual/urat1_9dkb/seed42/REP_05440_out.sdf,data/campaigns/c1/07_clinical_dock/acid_dual/nlrp3_7alv/seed42/REP_05440_out.sdf,eb7171435542272bd9d3e8952800f1c8f2022aa96735eb2845abc11813a4f510,5857bd6bca8f8c68809b88e42fa54766e0504d07ab5d007e72f62e2a2ae8070e,9,9,False,True
REP_05567,42,data/campaigns/c1/07_clinical_dock/acid_dual/urat1_9dkb/seed42/REP_05567_out.sdf,data/campaigns/c1/07_clinical_dock/acid_dual/nlrp3_7alv/seed42/REP_05567_out.sdf,64de1f27d3782e7a97676ee29e210e1d1de6f542f7584e78c6d9fdd85d088de5,6c53ddf642d88e3d38c349fc8f77de4b264eb9c699dad12b9826753c193795d4,9,9,False,False
REP_01595,42,data/campaigns/c1/07_clinical_dock/acid_dual/urat1_9dkb/seed42/REP_01595_out.sdf,data/campaigns/c1/07_clinical_dock/acid_dual/nlrp3_7alv/seed42/REP_01595_out.sdf,2ef141a80f8be1ebbde1e588971f88aa6dcb4475bb71f9b55f97502dbc199f4c,2fc608c9c833898141b61d2253cdddac9d002e98fa4207e7f898ef27712c1ab1,9,9,True,False
REP_00476,42,data/campaigns/c1/07_clinical_dock/acid_dual/urat1_9dkb/seed42/REP_00476_out.sdf,data/campaigns/c1/07_clinical_dock/acid_dual/nlrp3_7alv/seed42/REP_00476_out.sdf,ced58a563fa8053df4f30649cf1dfffe33081fed565f64298e92fe754665082a,2b905f1358831b12574a1d73bbfdae50b670eeab1cb19994dadd5dbbf8d2afa0,9,9,False,False
REP_03855,42,data/campaigns/c1/07_clinical_dock/acid_dual/urat1_9dkb/seed42/REP_03855_out.sdf,data/campaigns/c1/07_clinical_dock/acid_dual/nlrp3_7alv/seed42/REP_03855_out.sdf,bba77fe0a1f67b85ef0fa132d70627d73e6a92c1a6a5dd50330b4a1154b0ccf6,53b7fe2a6364863a422f5ab080a6105646b5a26d009fb3d0959b48c3d1c8c887,9,9,True,True
REP_05411,42,data/campaigns/c1/07_clinical_dock/acid_dual/urat1_9dkb/seed42/REP_05411_out.sdf,data/campaigns/c1/07_clinical_dock/acid_dual/nlrp3_7alv/seed42/REP_05411_out.sdf,3ea7842a2377de5ed4e82d06d71ffd96d97426663abe7da96dc30caf7cd6c5b5,a737bfa3a10c6d9acbf36aa05c26ca6798a3ef513c590c9b096cd2c23b62ebe7,9,9,False,False
REP_05302,42,data/campaigns/c1/07_clinical_dock/acid_dual/urat1_9dkb/seed42/REP_05302_out.sdf,data/campaigns/c1/07_clinical_dock/acid_dual/nlrp3_7alv/seed42/REP_05302_out.sdf,96815231f31135d31cc09250d508d7fa16c9c0b29d4343e4d4142883435d916a,e9f83d56d468bdc8ec9d8c499ac9f75dfa8385e1b7bdd51299b559b29bd4ad57,9,9,True,True
REP_04246,42,data/campaigns/c1/07_clinical_dock/acid_dual/urat1_9dkb/seed42/REP_04246_out.sdf,data/campaigns/c1/07_clinical_dock/acid_dual/nlrp3_7alv/seed42/REP_04246_out.sdf,d643095166d920fc91a46116041276e342b4a404b7c2e6d1a5e435851b0c39dd,9d296891d7174c517fc7f362d29858c1d3f425eed3efa7b3e60a2db56a18cb7a,9,9,True,False
REP_04975,42,data/campaigns/c1/07_clinical_dock/acid_dual/urat1_9dkb/seed42/REP_04975_out.sdf,data/campaigns/c1/07_clinical_dock/acid_dual/nlrp3_7alv/seed42/REP_04975_out.sdf,019ba13e3823b7c567aba9c4e554c0d9399f90866613bf090c76915207a773a2,9d216828648e34062ded025d06a495c480d1a71d5d19aa78d939d71754906eb2,9,9,True,False
REP_08103,42,data/campaigns/c1/07_clinical_dock/acid_dual/urat1_9dkb/seed42/REP_08103_out.sdf,data/campaigns/c1/07_clinical_dock/acid_dual/nlrp3_7alv/seed42/REP_08103_out.sdf,6abf0c8e4bf120914e0afac4da6cd518cc51ebbcec4300d85b602dba9df8255e,9387db5eba1e3a9fbcd0e30f3ec676d9818f036ebfb11fd46a27eb71276b2ea7,9,9,True,True
REP_07338,42,data/campaigns/c1/07_clinical_dock/acid_dual/urat1_9dkb/seed42/REP_07338_out.sdf,data/campaigns/c1/07_clinical_dock/acid_dual/nlrp3_7alv/seed42/REP_07338_out.sdf,cf14bbafcfc0c040bd9bb6cc69171a0f616d310cea66cb17e36ec5fffbffcf91,2f0564b59bde083daac2cb49578f5baecd6aebbeb551187c7a75e706196b1973,9,9,True,True
REP_05869,42,data/campaigns/c1/07_clinical_dock/acid_dual/urat1_9dkb/seed42/REP_05869_out.sdf,data/campaigns/c1/07_clinical_dock/acid_dual/nlrp3_7alv/seed42/REP_05869_out.sdf,210fd5d31b2fcf6904e7416253b05ff5042e66500f236cd7cfb8ffc3f6269211,2c0f098e6f45f1f0c6a88404099381cee3452f4e26430bc22ef0787c3dbaad22,9,9,True,False
REP_02366,42,data/campaigns/c1/07_clinical_dock/acid_dual/urat1_9dkb/seed42/REP_02366_out.sdf,data/campaigns/c1/07_clinical_dock/acid_dual/nlrp3_7alv/seed42/REP_02366_out.sdf,6156f603ae66c496e81c94ec3fa36ea72eace698519994b3e0ddc2f18ca1df59,ccd2e44c323a981ce7ea74d57a28a67584cb8a5472a1763b774d5898793128f1,9,9,True,False
REP_05906,42,data/campaigns/c1/07_clinical_dock/acid_dual/urat1_9dkb/seed42/REP_05906_out.sdf,data/campaigns/c1/07_clinical_dock/acid_dual/nlrp3_7alv/seed42/REP_05906_out.sdf,4fa7ecad7df339c3135392d818358af0d2a248a9d99cf4dbc025a291fbcc618b,691b8f4d6d9a20ae3b87d29c559b2ebebcc2b58d2e4a7b0fdaeb1e91bff4121e,9,9,True,False
REP_00698,42,data/campaigns/c1/07_clinical_dock/acid_dual/urat1_9dkb/seed42/REP_00698_out.sdf,data/campaigns/c1/07_clinical_dock/acid_dual/nlrp3_7alv/seed42/REP_00698_out.sdf,fec4b14475842085e7d4576aa5d089bd2aa1a0c8157fbfa8b00604468c9fbbae,3fc6d240d7298de61099ea7222b9a1391036381f13cf8365b9d21ace7c569cd9,9,9,True,True
REP_05784,42,data/campaigns/c1/07_clinical_dock/acid_dual/urat1_9dkb/seed42/REP_05784_out.sdf,data/campaigns/c1/07_clinical_dock/acid_dual/nlrp3_7alv/seed42/REP_05784_out.sdf,355e75fa3afb6bba33b99ffea33604f600c548663984c678f0e89b1a3d7984b4,d5cf89f1accd61dd11aee0e8c728b8fbc4d1e29035add47e8bbfcfc7e82b59e2,9,9,False,True
REP_07105,42,data/campaigns/c1/07_clinical_dock/acid_dual/urat1_9dkb/seed42/REP_07105_out.sdf,data/campaigns/c1/07_clinical_dock/acid_dual/nlrp3_7alv/seed42/REP_07105_out.sdf,98da10ae133e89cd828adace1d58dccc2f9f9a064cae9070799e8e19b695a1eb,083ca5b031bea4016be79eb4f4199ab2619cbb542c15b42225cb16072c049b66,9,9,True,False
REP_07126,42,data/campaigns/c1/07_clinical_dock/acid_dual/urat1_9dkb/seed42/REP_07126_out.sdf,data/campaigns/c1/07_clinical_dock/acid_dual/nlrp3_7alv/seed42/REP_07126_out.sdf,4d718c37f32d25affe679450d4c48746f041b748193b894d2787da5b47a6bedc,9410e0941dcfe9a91160473ac15787502514eeaa9f769eb23cbbeff5dfff1da0,9,9,True,True
REP_04990,42,data/campaigns/c1/07_clinical_dock/acid_dual/urat1_9dkb/seed42/REP_04990_out.sdf,data/campaigns/c1/07_clinical_dock/acid_dual/nlrp3_7alv/seed42/REP_04990_out.sdf,81b3fd4acb3093e07594cec53e851902c6fb9bcb45f76ab7a086156cb7a98eee,64392c6591930e2fdcbc4db8d1cb54cc5eef10bd09a4cb73744a877c486d93b4,9,9,True,True
REP_00207,42,data/campaigns/c1/07_clinical_dock/acid_dual/urat1_9dkb/seed42/REP_00207_out.sdf,data/campaigns/c1/07_clinical_dock/acid_dual/nlrp3_7alv/seed42/REP_00207_out.sdf,989dc1b067725a94b548090b94183dee835600517dad8946104b735a1448ed39,94f49a5f53af24253c6dbc7e08ffe5480dd53d6397f6dcbd22bc1906f53d3161,9,9,True,True
REP_05219,42,data/campaigns/c1/07_clinical_dock/acid_dual/urat1_9dkb/seed42/REP_05219_out.sdf,data/campaigns/c1/07_clinical_dock/acid_dual/nlrp3_7alv/seed42/REP_05219_out.sdf,1de5dc74a14605cfe150e0cf2add20c8d5f1a7350212e3f65ae997df0c0cc00c,06c381af00aa99d1b3834c41937b2ec3a2892f399b026ea58221db9022a3c2d8,9,9,True,False
REP_05724,42,data/campaigns/c1/07_clinical_dock/acid_dual/urat1_9dkb/seed42/REP_05724_out.sdf,data/campaigns/c1/07_clinical_dock/acid_dual/nlrp3_7alv/seed42/REP_05724_out.sdf,59b8ccde0e52dfc8381722a10e779735bab91c0cb8ff2b2565e1a57e4d71626d,06866945d64fd61d06a47afc16c8681ae7982656f4b6b61d845758f2acba9cdd,9,9,False,False
REP_07907,42,data/campaigns/c1/07_clinical_dock/acid_dual/urat1_9dkb/seed42/REP_07907_out.sdf,data/campaigns/c1/07_clinical_dock/acid_dual/nlrp3_7alv/seed42/REP_07907_out.sdf,018a5576da7431cb844c8f5f1f9a99af96a63841fd6f0cff8577c5594133dc64,72bb9df4ed6fb2c722832c072d1535ba70dbd36b9bec905a1ceefc0593f639d5,9,9,True,True
REP_00992,42,data/campaigns/c1/07_clinical_dock/acid_dual/urat1_9dkb/seed42/REP_00992_out.sdf,data/campaigns/c1/07_clinical_dock/acid_dual/nlrp3_7alv/seed42/REP_00992_out.sdf,ad78f9f7acaa8bcfa80264212fec1552c2aa6dae2f157384f948ced9d8405f3b,74b007188d02a5ccea11bf695cdf809f0b4cdf6a51f228ae3c2111e68ecf2955,9,9,True,True
REP_04463,42,data/campaigns/c1/07_clinical_dock/acid_dual/urat1_9dkb/seed42/REP_04463_out.sdf,data/campaigns/c1/07_clinical_dock/acid_dual/nlrp3_7alv/seed42/REP_04463_out.sdf,7c5af468fede50869b036d1b2f3909cc4b5b221aac771ee92933146686e66a93,371572e3c40788f15c8c40c60a6028b250338cfb674cf4129ecb3ad82ece9a97,9,9,True,False
REP_01274,42,data/campaigns/c1/07_clinical_dock/acid_dual/urat1_9dkb/seed42/REP_01274_out.sdf,data/campaigns/c1/07_clinical_dock/acid_dual/nlrp3_7alv/seed42/REP_01274_out.sdf,9b6ab98b02627ba96032c8c7d7d4d109ab7ba4c1865b9c7d0a86672ea1ea29dc,abb22189a449ff410225ee231907c208907bc7a2eae78bf060643369cb7c7944,9,9,True,False
REP_07015,42,data/campaigns/c1/07_clinical_dock/acid_dual/urat1_9dkb/seed42/REP_07015_out.sdf,data/campaigns/c1/07_clinical_dock/acid_dual/nlrp3_7alv/seed42/REP_07015_out.sdf,8543bfb0e193479a52a873cc61d29dcfa893643316d786a3280881882b4a4c69,e607ff6acee494ecfa1dc23a111f1a68a3e270667796101f794cfd976d76b7d4,9,9,True,True
REP_01593,43,data/campaigns/c1/07_clinical_dock/acid_dual_a2/urat1_9dkb/seed43/REP_01593_out.sdf,data/campaigns/c1/07_clinical_dock/acid_dual_a2/nlrp3_7alv/seed43/REP_01593_out.sdf,25b0c2dc6273814513d281facf486d93f43debfa68f06e6aec15bdc1fc1fa1af,77790455bea5db5bb679aad3cf3ffbe6c3530c7b76b61d71af6eadfefa78284b,9,9,True,False
REP_05922,43,data/campaigns/c1/07_clinical_dock/acid_dual_a2/urat1_9dkb/seed43/REP_05922_out.sdf,data/campaigns/c1/07_clinical_dock/acid_dual_a2/nlrp3_7alv/seed43/REP_05922_out.sdf,3044eb4e5e143e9ee8f0d99ba21767b64a9c0d7f24557be70fe99743a7c10120,6c8cbe8e5ff8812b37c53cf85e3be7501c34ef97d1580bfbcdad3d2460387d87,9,9,True,False
REP_03238,43,data/campaigns/c1/07_clinical_dock/acid_dual_a2/urat1_9dkb/seed43/REP_03238_out.sdf,data/campaigns/c1/07_clinical_dock/acid_dual_a2/nlrp3_7alv/seed43/REP_03238_out.sdf,9706f387c6e49056d5c786bbbb14e5f61676d00a7bfbf13e56df940e4d548935,af0e53ac2c754c974c3cdbb2d2e893045d68c653e12fa0296b21c7259a13ccdd,9,9,True,True
REP_01122,43,data/campaigns/c1/07_clinical_dock/acid_dual_a2/urat1_9dkb/seed43/REP_01122_out.sdf,data/campaigns/c1/07_clinical_dock/acid_dual_a2/nlrp3_7alv/seed43/REP_01122_out.sdf,7e779c3cf7debb81c7b438a14db72ada2e3e21acc23adf761ccac9d0e8ad8c80,e8aa6a02148422c34e9b557cd8e22c32ec27c7afa2e304c422e9b1266d830c89,9,9,True,False
REP_04971,43,data/campaigns/c1/07_clinical_dock/acid_dual_a2/urat1_9dkb/seed43/REP_04971_out.sdf,data/campaigns/c1/07_clinical_dock/acid_dual_a2/nlrp3_7alv/seed43/REP_04971_out.sdf,f86ff6c48cb066e3f4812f14040b46628529b00e29c5e129c0a62cc9c03f8b6d,2e8504257e6983efe5a0c2ff8aaf2f9d6c9c9954ca2c553597059d2fab96b079,9,9,True,False
REP_07580,43,data/campaigns/c1/07_clinical_dock/acid_dual_a2/urat1_9dkb/seed43/REP_07580_out.sdf,data/campaigns/c1/07_clinical_dock/acid_dual_a2/nlrp3_7alv/seed43/REP_07580_out.sdf,bb26f417c6b36ffffe48fb546f110c71c17a3137ed95e0c65cfc762818d2f652,e0b846a307bf09c3b296dae731005ef7cd18f80bf4c3f684d17022f58ab6c17a,9,9,True,True
REP_06464,43,data/campaigns/c1/07_clinical_dock/acid_dual_a2/urat1_9dkb/seed43/REP_06464_out.sdf,data/campaigns/c1/07_clinical_dock/acid_dual_a2/nlrp3_7alv/seed43/REP_06464_out.sdf,d0568cc7521887b3e42eb798fbc2cd3ebadfdf057b40db9a1711e1c87b492398,05291345af50d802a3b7e50a8212102f1ceecf5c2d30363d61f4a7e3489750e4,9,9,True,False
REP_07120,43,data/campaigns/c1/07_clinical_dock/acid_dual_a2/urat1_9dkb/seed43/REP_07120_out.sdf,data/campaigns/c1/07_clinical_dock/acid_dual_a2/nlrp3_7alv/seed43/REP_07120_out.sdf,e7a4192ee0b88ae8551e318737fe174f6a78328df9c5069146d64c00c34edd36,d62e67d34eb7943bf1092ab96ae4c5b3a715961cbeeb7d3e68a90e091690cd4f,9,9,True,False
REP_01485,43,data/campaigns/c1/07_clinical_dock/acid_dual_a2/urat1_9dkb/seed43/REP_01485_out.sdf,data/campaigns/c1/07_clinical_dock/acid_dual_a2/nlrp3_7alv/seed43/REP_01485_out.sdf,9ab7b0580663de2cb77f6626dfc3931157ff09d9bbf0bb1f23cc235c468e5199,d7312b4b4e3d429b08fe8b76e53d33f9e4fb5df36226796a50c9008e6db3b369,9,9,True,True
REP_06855,43,data/campaigns/c1/07_clinical_dock/acid_dual_a2/urat1_9dkb/seed43/REP_06855_out.sdf,data/campaigns/c1/07_clinical_dock/acid_dual_a2/nlrp3_7alv/seed43/REP_06855_out.sdf,70d6bd7c1aa9b6b779d15c4d809dc2d6abc5e0e96f1d7963365bc32a40926302,36ea7ca403a10abf29c95c92b408e2a6bfeae1313d6f88b8ea83e35a245faff3,9,9,True,False
REP_07885,43,data/campaigns/c1/07_clinical_dock/acid_dual_a2/urat1_9dkb/seed43/REP_07885_out.sdf,data/campaigns/c1/07_clinical_dock/acid_dual_a2/nlrp3_7alv/seed43/REP_07885_out.sdf,84b0492e19be52ccd04c3940c753112254b59341cc06111f16a92cf1d2129c4d,7a3129f43d91c718e9f7acd286bf25334872830eee2bf4ae68f58886fda714f3,9,9,True,False
REP_06119,43,data/campaigns/c1/07_clinical_dock/acid_dual_a2/urat1_9dkb/seed43/REP_06119_out.sdf,data/campaigns/c1/07_clinical_dock/acid_dual_a2/nlrp3_7alv/seed43/REP_06119_out.sdf,ec721892467724c2504c91e898f10d0aebde8ed7b7a00a5d98f5a306f3a6a7a0,36b26e4710256e38d4341fec7cb072d4ca7f00cbf8f5a668518ac1a6e16f093a,9,9,True,True
REP_04441,43,data/campaigns/c1/07_clinical_dock/acid_dual_a2/urat1_9dkb/seed43/REP_04441_out.sdf,data/campaigns/c1/07_clinical_dock/acid_dual_a2/nlrp3_7alv/seed43/REP_04441_out.sdf,994a95742776e13661c6989c9061726c37aec393b23262d9a27a0f8412811ad0,449deb5fbd517b3a43aa5b04be3a09eff8e22cff972b0dd84cd3992878dc8f6c,9,9,False,False
REP_06875,43,data/campaigns/c1/07_clinical_dock/acid_dual_a2/urat1_9dkb/seed43/REP_06875_out.sdf,data/campaigns/c1/07_clinical_dock/acid_dual_a2/nlrp3_7alv/seed43/REP_06875_out.sdf,97694b0bb4ecc30f8623916816bfa030b02e704faa6dda8f0fa34adab1e99c20,f2fa1cfd900e78754e2c412b48e50fc7ea54b10b6cabeb33210ad31966a662c7,9,9,True,True
REP_07635,43,data/campaigns/c1/07_clinical_dock/acid_dual_a2/urat1_9dkb/seed43/REP_07635_out.sdf,data/campaigns/c1/07_clinical_dock/acid_dual_a2/nlrp3_7alv/seed43/REP_07635_out.sdf,01bd9af1beda09d4c9182c98537c5471b2b571b7dbb92b26ff76b903ce383692,2d2886ae7407804952b1d93b62ebaaa46e4731df0c4df3117835969b4f0337f8,9,9,True,False
REP_07073,43,data/campaigns/c1/07_clinical_dock/acid_dual_a2/urat1_9dkb/seed43/REP_07073_out.sdf,data/campaigns/c1/07_clinical_dock/acid_dual_a2/nlrp3_7alv/seed43/REP_07073_out.sdf,44f074e6788bd85a227cbb36e5d34d18fd5ba6bdec42cbc733c2700d4989b04d,f7f54d98569b551a25a006af471465a1942cdc0bcb20c8593d7c4c03aed45487,9,9,True,False
REP_07074,43,data/campaigns/c1/07_clinical_dock/acid_dual_a2/urat1_9dkb/seed43/REP_07074_out.sdf,data/campaigns/c1/07_clinical_dock/acid_dual_a2/nlrp3_7alv/seed43/REP_07074_out.sdf,474645c8077e03a2d2c978c1054444917f2c448b43816bb1fcecf683c84b5a87,5c5986465590c5e105899ff57fe0e0b70932d86e4caede764bb8f6055eb1d2de,9,9,False,True
REP_00833,43,data/campaigns/c1/07_clinical_dock/acid_dual_a2/urat1_9dkb/seed43/REP_00833_out.sdf,data/campaigns/c1/07_clinical_dock/acid_dual_a2/nlrp3_7alv/seed43/REP_00833_out.sdf,9d681fb1a24631e38f7a66ab22d1bec15a79a12d0d82d6846e85e655b325d3c1,9db53efd8390282d45d47dc6ded9eda0bc1cca07df8631bdefed3b5469c5f809,9,9,True,False
REP_06925,43,data/campaigns/c1/07_clinical_dock/acid_dual_a2/urat1_9dkb/seed43/REP_06925_out.sdf,data/campaigns/c1/07_clinical_dock/acid_dual_a2/nlrp3_7alv/seed43/REP_06925_out.sdf,48eadaf94682abf523cbaf968860ed54fe1f268fa8c8fed0379caf9787c38499,8cdc84a450d6783978f94bc3d0c693eb17221257d4fda78c5115b506f9160520,9,9,True,False
REP_07000,43,data/campaigns/c1/07_clinical_dock/acid_dual_a2/urat1_9dkb/seed43/REP_07000_out.sdf,data/campaigns/c1/07_clinical_dock/acid_dual_a2/nlrp3_7alv/seed43/REP_07000_out.sdf,18ee2f1ca784a1f3afa9301bd4402e52611b53f4f4fb9667a4fe7a63bcd7d159,1fa589daab23657ad0b3039249c77a82d6833848727e830b7b80924200f62206,9,9,True,False
REP_07825,43,data/campaigns/c1/07_clinical_dock/acid_dual_a2/urat1_9dkb/seed43/REP_07825_out.sdf,data/campaigns/c1/07_clinical_dock/acid_dual_a2/nlrp3_7alv/seed43/REP_07825_out.sdf,4cc6432073c591577b684e01deb1a1cb64ed729ae30a6e3a4e1577915b2ec394,098ef264136c00b55638c1e2ba145b1a52c99691bd31b84a3815f42b8defe51b,9,9,True,True
REP_06303,43,data/campaigns/c1/07_clinical_dock/acid_dual_a2/urat1_9dkb/seed43/REP_06303_out.sdf,data/campaigns/c1/07_clinical_dock/acid_dual_a2/nlrp3_7alv/seed43/REP_06303_out.sdf,4c9ec555a0129a17aaa2ccd343440206ea51caa32fa49bb6099c4fe32d933d16,d6dd62e27848c241b9b3359ef8bbf08cb9b463cc028008aaa57eff32c28ced27,9,9,True,False
REP_00853,43,data/campaigns/c1/07_clinical_dock/acid_dual_a2/urat1_9dkb/seed43/REP_00853_out.sdf,data/campaigns/c1/07_clinical_dock/acid_dual_a2/nlrp3_7alv/seed43/REP_00853_out.sdf,5c3bd1040d1c63e2b1f3a5e84bdacf88bfdf1b84d38b84d6e445f4c9b82c055f,b7228c4062cb2cc5a18c40b75123427df6e8a3a5ae38cfc31d4db15a3d803e40,9,9,True,False
REP_07021,43,data/campaigns/c1/07_clinical_dock/acid_dual_a2/urat1_9dkb/seed43/REP_07021_out.sdf,data/campaigns/c1/07_clinical_dock/acid_dual_a2/nlrp3_7alv/seed43/REP_07021_out.sdf,16e0e6276ce96963c7a5c869f27ac83b7bc49c72cc0420c185b203a290176d8a,69c5d983c4037b5af75f370f61229b3b140c8b037c294c019792998973d451bd,9,9,True,False
REP_07837,43,data/campaigns/c1/07_clinical_dock/acid_dual_a2/urat1_9dkb/seed43/REP_07837_out.sdf,data/campaigns/c5/02_nlrp3_panel/background/seed43/REP_07837_out.sdf,ea1677153faca5e61713fde926dad81c21144d08167de8c87408a0e209cff434,9cd51b9b7beb2a009620838708bae0a030e94b4ec20ad85e69c616420216c1e9,9,9,True,False
REP_07838,43,data/campaigns/c1/07_clinical_dock/acid_dual_a2/urat1_9dkb/seed43/REP_07838_out.sdf,data/campaigns/c1/07_clinical_dock/acid_dual_a2/nlrp3_7alv/seed43/REP_07838_out.sdf,20d7ff2e23dfd2f279440f898d537b19181da8f27c36857133bd13fbe68c796c,d195616fd6913bb639a9fea4f9d5dac97d69b9fc0cdd69ca6323ff428de9c653,9,9,True,True
REP_07775,43,data/campaigns/c1/07_clinical_dock/acid_dual_a2/urat1_9dkb/seed43/REP_07775_out.sdf,data/campaigns/c1/07_clinical_dock/acid_dual_a2/nlrp3_7alv/seed43/REP_07775_out.sdf,9a3b076809d108d705344f05fc9f7063e974ac14776d4c2e9f22c7a0c34e2476,2e79dda90140ace7e69adf612aa13006db17ec0f1a5f562262ae044ecfbc9aa4,9,9,True,False
REP_07735,43,data/campaigns/c1/07_clinical_dock/acid_dual_a2/urat1_9dkb/seed43/REP_07735_out.sdf,data/campaigns/c1/07_clinical_dock/acid_dual_a2/nlrp3_7alv/seed43/REP_07735_out.sdf,b2b6492402595c07a28181063491150c0fff13fd4b7f563ae9b58f4fc7aea87f,91365947d39518750ca42a08ee2f72bc1c2a1df2072f3610837c5b4f818ff57d,9,9,True,False
REP_00600,43,data/campaigns/c1/07_clinical_dock/acid_dual_a2/urat1_9dkb/seed43/REP_00600_out.sdf,data/campaigns/c1/07_clinical_dock/acid_dual_a2/nlrp3_7alv/seed43/REP_00600_out.sdf,c03ec852c3a5932f2abb51250caa2f1f221899f5919a441232cfd9ef17f11316,002d6dc3ba925afdab0cf10c70332b029e4676bde79ae5726cddca6e977b5660,9,9,True,False
REP_01131,43,data/campaigns/c1/07_clinical_dock/acid_dual_a2/urat1_9dkb/seed43/REP_01131_out.sdf,data/campaigns/c1/07_clinical_dock/acid_dual_a2/nlrp3_7alv/seed43/REP_01131_out.sdf,b77a3ec6df35c6a904d167880eec99c14e9ccc9b324a68ee52b5cc5d24a74e7d,d8957af12755903c947101178af2fd1f4eaf9838b9cd39fa6e46a4c05a2b19ce,9,9,True,False
REP_06524,43,data/campaigns/c1/07_clinical_dock/acid_dual_a2/urat1_9dkb/seed43/REP_06524_out.sdf,data/campaigns/c1/07_clinical_dock/acid_dual_a2/nlrp3_7alv/seed43/REP_06524_out.sdf,c69cde3a75447c501588cbd49712dadd0271f2389080da7cd151f523f22310ff,fe8a126c9673c79b9332c9f832763fbaaee58a650bbe3e060f96ad843bcae96c,9,9,True,True
REP_05288,43,data/campaigns/c1/07_clinical_dock/acid_dual_a2/urat1_9dkb/seed43/REP_05288_out.sdf,data/campaigns/c1/07_clinical_dock/acid_dual_a2/nlrp3_7alv/seed43/REP_05288_out.sdf,3bed90325401dc88153721d2d6a7376a3da0f50f3a4de7f0fb15980d8d434434,21807102b241951bfa1983044306ec0616ae1d593b928fc7d45f53193a3b2559,9,9,True,True
REP_02721,43,data/campaigns/c1/07_clinical_dock/acid_dual_a2/urat1_9dkb/seed43/REP_02721_out.sdf,data/campaigns/c1/07_clinical_dock/acid_dual_a2/nlrp3_7alv/seed43/REP_02721_out.sdf,9203e0e290f25ad448b57ec037a96ddeacf958bd00be7c29a5056e28c22cce43,1cccc0cef37752d23bf83604592b2b31b411ce714c5747be5630a9670dbbcff5,9,9,True,True
REP_05460,43,data/campaigns/c1/07_clinical_dock/acid_dual_a2/urat1_9dkb/seed43/REP_05460_out.sdf,data/campaigns/c1/07_clinical_dock/acid_dual_a2/nlrp3_7alv/seed43/REP_05460_out.sdf,8c76acc992f438e0963981b01d863cff0ac22c91479d1ac61d5028f5b041c20a,6996a606f624fae511330c87c19f0452dcdce457f1eef0efdeb8546d6b915ec3,9,9,True,True
REP_07012,43,data/campaigns/c1/07_clinical_dock/acid_dual_a2/urat1_9dkb/seed43/REP_07012_out.sdf,data/campaigns/c1/07_clinical_dock/acid_dual_a2/nlrp3_7alv/seed43/REP_07012_out.sdf,7545a3c549d9610f7ae53a08d7a8af07a5bbd3b2276450af2681b75b5e70e6ad,75ba64e7c25c716227191249b97d79ece610c94f0dbe9c7f349d66e11199b838,9,9,True,False
REP_05252,43,data/campaigns/c1/07_clinical_dock/acid_dual_a2/urat1_9dkb/seed43/REP_05252_out.sdf,data/campaigns/c1/07_clinical_dock/acid_dual_a2/nlrp3_7alv/seed43/REP_05252_out.sdf,45616e3811bcce180ca27b0c9bd66c850df03659729fa51e585d984d8e6a9a0e,f713c4cf48daf3a616b6f864b07ec2aa9407dabfbaa1b70299d8f4610132df5e,9,9,True,False
REP_07977,43,data/campaigns/c1/07_clinical_dock/acid_dual_a2/urat1_9dkb/seed43/REP_07977_out.sdf,data/campaigns/c1/07_clinical_dock/acid_dual_a2/nlrp3_7alv/seed43/REP_07977_out.sdf,e2594e3ca013e48754791d2bbddd6aa9761562a6f087dbce89eba78496714ade,6ac18f7c1ff47982c67d96fdf428d80249a5598f84993359b6513ac6e294ea5a,9,9,True,False
REP_07969,43,data/campaigns/c1/07_clinical_dock/acid_dual_a2/urat1_9dkb/seed43/REP_07969_out.sdf,data/campaigns/c1/07_clinical_dock/acid_dual_a2/nlrp3_7alv/seed43/REP_07969_out.sdf,2c8c81ba159c033f086fb0290428f23cf002427c2ef7cd6d1dfd5197434f2d8b,1f2068b5bf0d9bd51992f261ea984278a36b43f13d310c41996c9f6ad766ae16,9,9,True,True
REP_05102,43,data/campaigns/c1/07_clinical_dock/acid_dual_a2/urat1_9dkb/seed43/REP_05102_out.sdf,data/campaigns/c1/07_clinical_dock/acid_dual_a2/nlrp3_7alv/seed43/REP_05102_out.sdf,ef363bb5db03c3d20d7fbc460dfd788410fea1af4506ae01fb2fc5cf94a1815b,f48c8d57fa2e1a2a02053da149c9adcd6f5a14905fc6b6424a802a4ad30d75ac,9,9,False,False
REP_04623,43,data/campaigns/c1/07_clinical_dock/acid_dual_a2/urat1_9dkb/seed43/REP_04623_out.sdf,data/campaigns/c1/07_clinical_dock/acid_dual_a2/nlrp3_7alv/seed43/REP_04623_out.sdf,b87fb1f40a2f4a678319edd2711bd8eb1f73ff73c26e721b90c647347cb3d2e4,bf2fd5947490a1a1d56c6b8d4307bb47441b6229caaea3ddc061b652089e0279,9,9,True,False
REP_01345,43,data/campaigns/c1/07_clinical_dock/acid_dual_a2/urat1_9dkb/seed43/REP_01345_out.sdf,data/campaigns/c1/07_clinical_dock/acid_dual_a2/nlrp3_7alv/seed43/REP_01345_out.sdf,f9769ee076ab0619597f760a8d73514b039fb9c41267d997a38e0ed82197e417,89625ea2de833b337cb355b63d73b1fadf5c03c647f49c6968f0fef6647d2eec,9,9,True,True
REP_06470,43,data/campaigns/c1/07_clinical_dock/acid_dual_a2/urat1_9dkb/seed43/REP_06470_out.sdf,data/campaigns/c1/07_clinical_dock/acid_dual_a2/nlrp3_7alv/seed43/REP_06470_out.sdf,7157024f1417c44b601f637b42db4ef8bcf8a19319ffe43f74466d59e2786656,47e54d00802ecbb0e695dedbea0390d73ce114145b094914bdc03743b43f7941,9,9,True,True
REP_00142,43,data/campaigns/c1/07_clinical_dock/acid_dual_a2/urat1_9dkb/seed43/REP_00142_out.sdf,data/campaigns/c1/07_clinical_dock/acid_dual_a2/nlrp3_7alv/seed43/REP_00142_out.sdf,e56ce6ecc7236b37c370cabcf7fa228f9e6fd7e8196b47bb66fd72a8a9a5dddf,2585dd2b902dfd36308177d0a72344d777cf2e66af24226968f8d2670aacac1f,9,9,True,False
REP_01948,43,data/campaigns/c1/07_clinical_dock/acid_dual_a2/urat1_9dkb/seed43/REP_01948_out.sdf,data/campaigns/c1/07_clinical_dock/acid_dual_a2/nlrp3_7alv/seed43/REP_01948_out.sdf,01dd330a56e79174f3f9a835d443d90382bfbfa089172b9f9627bfe096aaf1cb,1b63276a888184b86f3bfd6fc7d66222bad5b1b9a4403502110398b015f40964,9,9,True,False
REP_08132,43,data/campaigns/c1/07_clinical_dock/acid_dual_a2/urat1_9dkb/seed43/REP_08132_out.sdf,data/campaigns/c1/07_clinical_dock/acid_dual_a2/nlrp3_7alv/seed43/REP_08132_out.sdf,415a202d69508e486792879f3194777f6657005ea671a56d0fd3c21162ccfff5,9c667c12f690b960f5129d772356993ca3530bc3c99482c6beef13c5f863fbcb,9,9,True,False
REP_00697,43,data/campaigns/c1/07_clinical_dock/acid_dual_a2/urat1_9dkb/seed43/REP_00697_out.sdf,data/campaigns/c1/07_clinical_dock/acid_dual_a2/nlrp3_7alv/seed43/REP_00697_out.sdf,548428352092cc5adf6e0450cd9820cba938a152eb18e45d68f4941977ffe3f8,f4db4afe025895e0dfea363192a7dc1cbce778ede1b39caa3be3dd9a7e0bdd6b,9,9,True,True
REP_00015,43,data/campaigns/c1/07_clinical_dock/acid_dual_a2/urat1_9dkb/seed43/REP_00015_out.sdf,data/campaigns/c1/07_clinical_dock/acid_dual_a2/nlrp3_7alv/seed43/REP_00015_out.sdf,b740fb905ff9196173adfd869da197aa967574e07bd14fa8c1eb4ecdb7fae4ed,531515bc2f1d85f6fd6e9e463df9e5b631f1d7547e2eda8be443b39610acdcda,9,9,True,True
REP_08266,43,data/campaigns/c1/07_clinical_dock/acid_dual_a2/urat1_9dkb/seed43/REP_08266_out.sdf,data/campaigns/c1/07_clinical_dock/acid_dual_a2/nlrp3_7alv/seed43/REP_08266_out.sdf,9db274f828e0243eefa41bd6ae2375ef60aea10f882611c15648484565315553,3d7dd18e3ffcac555d8aad69e4bf13b5ee5f70429567c4d6d3bbab4443a413c1,9,9,True,True
REP_08222,43,data/campaigns/c1/07_clinical_dock/acid_dual_a2/urat1_9dkb/seed43/REP_08222_out.sdf,data/campaigns/c1/07_clinical_dock/acid_dual_a2/nlrp3_7alv/seed43/REP_08222_out.sdf,c0bdf54b69c5071be6c10f8558a43381aca9d57369e0ff3323acd8a84fc43629,04791a679fe7dab3e293c7a4952cb0b5836c3e382b516792f7f6b3ad26ebd6ad,9,9,True,False
REP_08210,43,data/campaigns/c1/07_clinical_dock/acid_dual_a2/urat1_9dkb/seed43/REP_08210_out.sdf,data/campaigns/c1/07_clinical_dock/acid_dual_a2/nlrp3_7alv/seed43/REP_08210_out.sdf,2555bfd3f2710f7f4bb9a34f42d22bb7529abef0a25ca81c593675b74f853dde,db708ce00d9a092636bb8685dfd55d8d6e1ee5d8615a025db9bd9ee859d455d5,9,9,True,True
REP_04687,43,data/campaigns/c1/07_clinical_dock/acid_dual_a2/urat1_9dkb/seed43/REP_04687_out.sdf,data/campaigns/c1/07_clinical_dock/acid_dual_a2/nlrp3_7alv/seed43/REP_04687_out.sdf,fb0b389936a5da735ebbed6c0b09aac01f0db38c34b892d737e8414f86ce43f6,5722b7f9c7c9938773359461e1f3d1a872005678fbb6304c4d2d01b9217d1f6a,9,9,True,True
REP_04681,43,data/campaigns/c1/07_clinical_dock/acid_dual_a2/urat1_9dkb/seed43/REP_04681_out.sdf,data/campaigns/c1/07_clinical_dock/acid_dual_a2/nlrp3_7alv/seed43/REP_04681_out.sdf,10fa52ae9afea3de0b75fc1d3954587656691258a4fda67e58195ba7dbf7f202,4cbd4a0af22a544374789c365ba47f7d458bb542a963948a1148df850dba20fc,9,9,True,False
REP_08137,43,data/campaigns/c1/07_clinical_dock/acid_dual_a2/urat1_9dkb/seed43/REP_08137_out.sdf,data/campaigns/c1/07_clinical_dock/acid_dual_a2/nlrp3_7alv/seed43/REP_08137_out.sdf,2f73c0ae1204eb3045afcb1a4f6655def3a576fcb37ea600aa7fa4a051c26c61,bb253205de2fab381c78741e7039a9302852249a5f74287799b43e84e4a2acb9,9,9,True,False
REP_00153,43,data/campaigns/c1/07_clinical_dock/acid_dual_a2/urat1_9dkb/seed43/REP_00153_out.sdf,data/campaigns/c1/07_clinical_dock/acid_dual_a2/nlrp3_7alv/seed43/REP_00153_out.sdf,719786e072977bf85c844fd5d6c74d1a204140c4081cf069e3dcf9a87769161f,1333902a281cee3704da10d2669dd0031885c226ec8e3fc8f905acb63e381fb8,9,9,True,False
REP_01147,43,data/campaigns/c1/07_clinical_dock/acid_dual_a2/urat1_9dkb/seed43/REP_01147_out.sdf,data/campaigns/c1/07_clinical_dock/acid_dual_a2/nlrp3_7alv/seed43/REP_01147_out.sdf,021a774b7a03c2f9be46ef0cc7132d7912423588e19674b78d308a711222ced1,da55ffdea19fe209e87485531f4225136afff16ea3eebaad1d5aad3c1e2c5cfc,9,9,True,True
REP_06643,43,data/campaigns/c1/07_clinical_dock/acid_dual_a2/urat1_9dkb/seed43/REP_06643_out.sdf,data/campaigns/c1/07_clinical_dock/acid_dual_a2/nlrp3_7alv/seed43/REP_06643_out.sdf,84f614338a4debc48cee9e474ad12c11c3c838e5bc845647c159948dc1aa310a,c3efe8033529db70b7f08fce2097f79d70668ca8ad444a933d54f62bc8c7a29d,9,9,True,True
REP_05846,43,data/campaigns/c1/07_clinical_dock/acid_dual_a2/urat1_9dkb/seed43/REP_05846_out.sdf,data/campaigns/c1/07_clinical_dock/acid_dual_a2/nlrp3_7alv/seed43/REP_05846_out.sdf,b37b54c70bec492de5ecd15f5df1a64b9bbfd234110b4358c5ebe32b6bdff6d8,02373dec32d1fc7a29b514a16d073079b8ed4849b5c02bd2444c3e08c74d807d,9,9,True,True
REP_05864,43,data/campaigns/c1/07_clinical_dock/acid_dual_a2/urat1_9dkb/seed43/REP_05864_out.sdf,data/campaigns/c1/07_clinical_dock/acid_dual_a2/nlrp3_7alv/seed43/REP_05864_out.sdf,32ae6c42d7ce4924a3c6fb002b3ae271832c8176884b872f09ecf75ec306c5a5,cde2788dd66cdf31d645d8c547b3c6757297c3354400aa4a36fd1cd99d7c67c5,9,9,True,False
REP_07166,43,data/campaigns/c1/07_clinical_dock/acid_dual_a2/urat1_9dkb/seed43/REP_07166_out.sdf,data/campaigns/c1/07_clinical_dock/acid_dual_a2/nlrp3_7alv/seed43/REP_07166_out.sdf,3e91d792918ca1ebb78ab9370448a73f34297af58eea676253eb948c5a492d58,9ff37511f69301c3c21d3d63ac7a146751ebfd51e9d26ba3efa997146a5041dd,9,9,True,False
REP_05813,43,data/campaigns/c1/07_clinical_dock/acid_dual_a2/urat1_9dkb/seed43/REP_05813_out.sdf,data/campaigns/c1/07_clinical_dock/acid_dual_a2/nlrp3_7alv/seed43/REP_05813_out.sdf,3b97609dce8bf665aa8d4fd246f47fa3ab548f0eee75184c95bccceb89439e6f,4f02276eaab040df6166ac9efea5100845361bebccc8f0d914c5968042c8d2c7,9,9,False,False
REP_05763,43,data/campaigns/c1/07_clinical_dock/acid_dual_a2/urat1_9dkb/seed43/REP_05763_out.sdf,data/campaigns/c1/07_clinical_dock/acid_dual_a2/nlrp3_7alv/seed43/REP_05763_out.sdf,f87129221246de926fcb68870f6c17de7b6fe83cdf6f1814e7fd6447be358816,ae9b7cd38c17f4db650f10d230a33b52b0fba4f3407ca416a9b409c630e7d946,9,9,True,False
REP_05729,43,data/campaigns/c1/07_clinical_dock/acid_dual_a2/urat1_9dkb/seed43/REP_05729_out.sdf,data/campaigns/c1/07_clinical_dock/acid_dual_a2/nlrp3_7alv/seed43/REP_05729_out.sdf,3fc5ef58ddb7f71316f95a7fb0647a3a032ddf381884c78f4112899cca7cbfdc,48c9071502b7e47477cdbf75857e7ca791409d57ff9d6f64efa08902251fdea8,9,9,False,True
REP_07702,43,data/campaigns/c1/07_clinical_dock/acid_dual_a2/urat1_9dkb/seed43/REP_07702_out.sdf,data/campaigns/c1/07_clinical_dock/acid_dual_a2/nlrp3_7alv/seed43/REP_07702_out.sdf,9ce4228785be3e15568e16737a2194548348116268cfea7246d5682a2ad02b37,7e4a341ebf95eecc9319df16f61ff4cbec4d11afa415b0b3adb6706147a572db,9,9,True,True
REP_07704,43,data/campaigns/c1/07_clinical_dock/acid_dual_a2/urat1_9dkb/seed43/REP_07704_out.sdf,data/campaigns/c1/07_clinical_dock/acid_dual_a2/nlrp3_7alv/seed43/REP_07704_out.sdf,40757baab11927591f88f12f92530a23a014f95e8b36b91ed676c36788efcf99,48a13c6a1eda603be38057f5b17f0625c7d8eb907ace5dfff15977251f451a3f,9,9,True,True
REP_00729,43,data/campaigns/c1/07_clinical_dock/acid_dual_a2/urat1_9dkb/seed43/REP_00729_out.sdf,data/campaigns/c1/07_clinical_dock/acid_dual_a2/nlrp3_7alv/seed43/REP_00729_out.sdf,05f7f1380e8df1537ea8294c17ad16cdf2bb6cb8d04a465219559432e6c8ea1c,86ad844b444e41f97228f6c3f61ef1ff05a5ec572325bf4cf83b2c38c7acacf0,9,9,True,False
REP_07645,43,data/campaigns/c1/07_clinical_dock/acid_dual_a2/urat1_9dkb/seed43/REP_07645_out.sdf,data/campaigns/c1/07_clinical_dock/acid_dual_a2/nlrp3_7alv/seed43/REP_07645_out.sdf,355c2c6a82320d59cfcb65394e7071f37eac9939e6b2f42a4797a60a304e86c7,8b93652a877631f5439f417c8dd2397c51f18a43955acd8d3102f811e7ab99d1,9,9,True,False
REP_07056,43,data/campaigns/c1/07_clinical_dock/acid_dual_a2/urat1_9dkb/seed43/REP_07056_out.sdf,data/campaigns/c1/07_clinical_dock/acid_dual_a2/nlrp3_7alv/seed43/REP_07056_out.sdf,85d0a556a17e732b6ddb3f8a3e6f98a949c18ff08dd0da030fb62fadb74e8ec4,6b5a7c882ccc4c52c0a542acaca22dfe35afe92bd11023847b2ed5b374b1a6d9,9,9,True,True
REP_01458,43,data/campaigns/c1/07_clinical_dock/acid_dual_a2/urat1_9dkb/seed43/REP_01458_out.sdf,data/campaigns/c1/07_clinical_dock/acid_dual_a2/nlrp3_7alv/seed43/REP_01458_out.sdf,97bc5cecededd9873bb3a3efd68ba70a40b8c5a0f5c18399b259f929697f7910,62bdd08d0ba9900296dfbc0f5dd66784050ba903ed422b4a2ee8f43729adf667,9,9,False,False
REP_01474,43,data/campaigns/c1/07_clinical_dock/acid_dual_a2/urat1_9dkb/seed43/REP_01474_out.sdf,data/campaigns/c1/07_clinical_dock/acid_dual_a2/nlrp3_7alv/seed43/REP_01474_out.sdf,989e4731b5cad853548baf38af310c8045744abeaf052a8d17ada80ddbd47257,f9284cb6bf310cd6151eb37957bb2def6194863d5d5b6da5ad29f320903065c6,9,9,True,True
REP_03306,43,data/campaigns/c1/07_clinical_dock/acid_dual_a2/urat1_9dkb/seed43/REP_03306_out.sdf,data/campaigns/c1/07_clinical_dock/acid_dual_a2/nlrp3_7alv/seed43/REP_03306_out.sdf,4799cb63825659860ca1ca6e7b2cf5dee215d75c0f50ad3a5302f602b6bfee54,5a8ed78bf05613abdadf7fb39bf27a98d77b81a965f694ddea5206510ca89317,9,9,False,False
REP_07754,43,data/campaigns/c1/07_clinical_dock/acid_dual_a2/urat1_9dkb/seed43/REP_07754_out.sdf,data/campaigns/c1/07_clinical_dock/acid_dual_a2/nlrp3_7alv/seed43/REP_07754_out.sdf,b2433697a9387dedc605eb91372c763d610df7b179e8650d4667b0316227f0c1,3c7b10d5ebdaf8c293e7a4075102fff0a1b507dadcd20310688788bce1a0bc44,9,9,True,False
REP_06990,43,data/campaigns/c1/07_clinical_dock/acid_dual_a2/urat1_9dkb/seed43/REP_06990_out.sdf,data/campaigns/c1/07_clinical_dock/acid_dual_a2/nlrp3_7alv/seed43/REP_06990_out.sdf,bb61adbfc1382f278e9e6344f0c77bf54d8dbc652f4424a1e5a2062f6f9caf29,bdeedf0e298c2cee29d8eea00f7c627fa09c466493954d378fe6f7b9d37c1ae2,9,9,True,False
REP_02143,43,data/campaigns/c1/07_clinical_dock/acid_dual_a2/urat1_9dkb/seed43/REP_02143_out.sdf,data/campaigns/c1/07_clinical_dock/acid_dual_a2/nlrp3_7alv/seed43/REP_02143_out.sdf,e5532823423e7284c798a4285f16b67a57f1a5a511697f9bf708f43a381d4ecf,af3a51929a8ccf2b9aea5f5ed85862d6c62cd2ddaf492f0fff452fc2de981790,9,9,True,True
REP_07040,43,data/campaigns/c1/07_clinical_dock/acid_dual_a2/urat1_9dkb/seed43/REP_07040_out.sdf,data/campaigns/c1/07_clinical_dock/acid_dual_a2/nlrp3_7alv/seed43/REP_07040_out.sdf,7be84ac16f6755c50d6d0073ae4e16e40ab78c59aeafe0b94c50cc8729566abe,5573550d8b307e9655c9ac4f58b7f0c8c074cc0aa2166c9a90ef20bbf3436224,9,9,True,True
REP_01404,43,data/campaigns/c1/07_clinical_dock/acid_dual_a2/urat1_9dkb/seed43/REP_01404_out.sdf,data/campaigns/c1/07_clinical_dock/acid_dual_a2/nlrp3_7alv/seed43/REP_01404_out.sdf,abeee157fb24d83ed13c7b1b0bcbc06a0a8bd4226a39720f515def4d48f73d0a,84cc7994b9677867c8603d265e69588a5ca6d91d21e87e073f252eae5a3a4227,9,9,True,False
REP_07859,43,data/campaigns/c1/07_clinical_dock/acid_dual_a2/urat1_9dkb/seed43/REP_07859_out.sdf,data/campaigns/c1/07_clinical_dock/acid_dual_a2/nlrp3_7alv/seed43/REP_07859_out.sdf,89edd1d71bf53cee73827bc2c08cda5a3379e962544525b0330f5b4afb48f4ea,6c40108489fcaa049eb352df278367849cf79986b84d63167c0cbef87d4cecc4,9,9,False,False
REP_07910,43,data/campaigns/c1/07_clinical_dock/acid_dual_a2/urat1_9dkb/seed43/REP_07910_out.sdf,data/campaigns/c1/07_clinical_dock/acid_dual_a2/nlrp3_7alv/seed43/REP_07910_out.sdf,5408dbf8956387543f6c54e92b8ad6728e6c3e3c612f0aed5a3ba9623dad6842,82ba7e9b6b78b4ee34b666072303cb3d03ee9aafc57f2694c7cd6d01e21bbd7f,9,9,False,True
REP_05470,43,data/campaigns/c1/07_clinical_dock/acid_dual_a2/urat1_9dkb/seed43/REP_05470_out.sdf,data/campaigns/c1/07_clinical_dock/acid_dual_a2/nlrp3_7alv/seed43/REP_05470_out.sdf,d2fc5e0f5013f076c1eafce599f1c1c803f4fa64336500f1e523b665c99858bd,e33f0ffaa72f9b13232b1f84bd6d452908a4e8642e4928cdfb5d937697235689,9,9,True,True
REP_02001,43,data/campaigns/c1/07_clinical_dock/acid_dual_a2/urat1_9dkb/seed43/REP_02001_out.sdf,data/campaigns/c1/07_clinical_dock/acid_dual_a2/nlrp3_7alv/seed43/REP_02001_out.sdf,8fed4b59542ff30967dabed926365e9afa5e7ec2b300c731e0e45d4e6585cd76,145beb40e4ae2fb353cc117796fa233f9f120f4e3fa50ca58d0e7aec59c0068b,9,9,False,False
REP_04566,43,data/campaigns/c1/07_clinical_dock/acid_dual_a2/urat1_9dkb/seed43/REP_04566_out.sdf,data/campaigns/c1/07_clinical_dock/acid_dual_a2/nlrp3_7alv/seed43/REP_04566_out.sdf,3f404b7411bee1d656d1025ce448dcb046253671f0615da4baa899e50089380b,c4917e9b20a35205f1bc275453a57fc5cf3ae57ff31b2ac3eb23cdda7f441db3,9,9,False,True
REP_03680,43,data/campaigns/c1/07_clinical_dock/acid_dual_a2/urat1_9dkb/seed43/REP_03680_out.sdf,data/campaigns/c1/07_clinical_dock/acid_dual_a2/nlrp3_7alv/seed43/REP_03680_out.sdf,057d2285236588b02fa349071bc9355ab7483a0c1a1d1e8b3aada6ab593e7522,316e51373b10a51456038f92eecc9c0453c829f0a1e921cc7ee91c82ff934483,9,9,False,False
REP_00857,43,data/campaigns/c1/07_clinical_dock/acid_dual_a2/urat1_9dkb/seed43/REP_00857_out.sdf,data/campaigns/c1/07_clinical_dock/acid_dual_a2/nlrp3_7alv/seed43/REP_00857_out.sdf,152894fb9774456857d960a6900500e5eb4afe006c9fc123ad3997a3e14a1634,c368988b1f2c7cd09b533d1328df399ab703f02ceabe737efd8522e78431b546,9,9,False,False
REP_01346,43,data/campaigns/c1/07_clinical_dock/acid_dual_a2/urat1_9dkb/seed43/REP_01346_out.sdf,data/campaigns/c1/07_clinical_dock/acid_dual_a2/nlrp3_7alv/seed43/REP_01346_out.sdf,64a3f9f09cf59b0a95dd40fca9d1b5b7e6c63bbe7812b2264b626c77f49aa55b,8653a8491c853786ab0a11505f36ed883ca1a5c6db6ee48bad70ae55da3a38b8,9,9,True,False
REP_05267,43,data/campaigns/c1/07_clinical_dock/acid_dual_a2/urat1_9dkb/seed43/REP_05267_out.sdf,data/campaigns/c1/07_clinical_dock/acid_dual_a2/nlrp3_7alv/seed43/REP_05267_out.sdf,a0de9290090484cdac7a5f1a7afb21e55bf0f6f360bb73d6953ab5b686cb7a7b,a888176d9a1af95b8d5a64b02a3e088659a4678d6ffa80885c6c4bc14fb91c45,9,9,False,True
REP_07899,43,data/campaigns/c1/07_clinical_dock/acid_dual_a2/urat1_9dkb/seed43/REP_07899_out.sdf,data/campaigns/c1/07_clinical_dock/acid_dual_a2/nlrp3_7alv/seed43/REP_07899_out.sdf,2bd06d356f63a7d23f63bc9b6af988ed35b9acb569926d571aa25a7d7da5a301,375b71bae2624a8f804ac601cb73cc62ca04991e2f0b5abfe6cf4d67ef6eab71,9,9,True,False
REP_00950,43,data/campaigns/c1/07_clinical_dock/acid_dual_a2/urat1_9dkb/seed43/REP_00950_out.sdf,data/campaigns/c1/07_clinical_dock/acid_dual_a2/nlrp3_7alv/seed43/REP_00950_out.sdf,918632678db69f1e15f1936b613f44636ba9f567ab223ad344a2fae0fbf2dfb4,b4430e9b83664d3398e6745d63f70b704662cb8117e967ddb3956e62ed1a72e0,9,9,True,True
REP_04581,43,data/campaigns/c1/07_clinical_dock/acid_dual_a2/urat1_9dkb/seed43/REP_04581_out.sdf,data/campaigns/c1/07_clinical_dock/acid_dual_a2/nlrp3_7alv/seed43/REP_04581_out.sdf,aa6c19a6dc8268e436c6943439786a3eaf4350c78c58f29124b748d6c512ccde,e421c78779ab0c1f749666422efc621cdf70e5147dc15fd092f731ce2bf29698,9,9,True,True
REP_02354,43,data/campaigns/c1/07_clinical_dock/acid_dual_a2/urat1_9dkb/seed43/REP_02354_out.sdf,data/campaigns/c1/07_clinical_dock/acid_dual_a2/nlrp3_7alv/seed43/REP_02354_out.sdf,bb6d7a1b3b0da49cb273191cfd5e020df0eabe74376851417a794f5daae2ed6d,bb5df8029fd3098dfcfc99c1548597f7c41a384c6c9165eb603a917a7cfd157c,9,9,True,True
REP_02650,43,data/campaigns/c1/07_clinical_dock/acid_dual_a2/urat1_9dkb/seed43/REP_02650_out.sdf,data/campaigns/c1/07_clinical_dock/acid_dual_a2/nlrp3_7alv/seed43/REP_02650_out.sdf,33441618648709c23abccea3d2383d7c68578fe4877df043cd87e4d7fd5cb3c7,6038c51c5791d9e7ed32b3298c373b1784787f4736e7efb49902e4efb0df3001,9,9,True,True
REP_08002,43,data/campaigns/c1/07_clinical_dock/acid_dual_a2/urat1_9dkb/seed43/REP_08002_out.sdf,data/campaigns/c1/07_clinical_dock/acid_dual_a2/nlrp3_7alv/seed43/REP_08002_out.sdf,0b30856b51c17bbc0946d8815c2cc58c52246f4543b42c1b2c79553481a2ccf0,19a1acd93ea33708c8d097294bfbae57f022af8fc3087f27f34d7e56564dae41,9,9,True,False
REP_06427,43,data/campaigns/c1/07_clinical_dock/acid_dual_a2/urat1_9dkb/seed43/REP_06427_out.sdf,data/campaigns/c1/07_clinical_dock/acid_dual_a2/nlrp3_7alv/seed43/REP_06427_out.sdf,2c540b4419b631a79a1eaabdb2a2ef6fc71359eab4497a5d10ad0ca9ea1ed1d8,3dbca9f33068109df56ec1333989264ca254c3329119172a02435860030007b5,9,9,False,False
REP_08064,43,data/campaigns/c1/07_clinical_dock/acid_dual_a2/urat1_9dkb/seed43/REP_08064_out.sdf,data/campaigns/c1/07_clinical_dock/acid_dual_a2/nlrp3_7alv/seed43/REP_08064_out.sdf,18f0dcfa23c6248df16f872d123090ffa7e17b929d472c8e6af3967ca83942d6,e110145ffa6d9448851ad1feaf178ea104a80c3bcb264cae43fa0875b9517c57,9,9,False,True
REP_04977,43,data/campaigns/c1/07_clinical_dock/acid_dual_a2/urat1_9dkb/seed43/REP_04977_out.sdf,data/campaigns/c1/07_clinical_dock/acid_dual_a2/nlrp3_7alv/seed43/REP_04977_out.sdf,e1eb3cd9a2e9db3200c214cdad248477ea3cb9700e5bf5dfaf846a82c306adb7,b33adf8eb3098c5d5d66ba9949582c98a527620158211701d8c3e1f2f800e5e1,9,9,False,False
REP_00077,43,data/campaigns/c1/07_clinical_dock/acid_dual_a2/urat1_9dkb/seed43/REP_00077_out.sdf,data/campaigns/c1/07_clinical_dock/acid_dual_a2/nlrp3_7alv/seed43/REP_00077_out.sdf,53479230b87f5274a16b43c1673c9964b2663e785954ec96d16fe04601234e18,3fe6cf1401ea846fffe84d3e1e69ee98f3615df188a15cb315cb8f747d305386,9,9,False,True
REP_01178,43,data/campaigns/c1/07_clinical_dock/acid_dual_a2/urat1_9dkb/seed43/REP_01178_out.sdf,data/campaigns/c1/07_clinical_dock/acid_dual_a2/nlrp3_7alv/seed43/REP_01178_out.sdf,dfdd64d69844ec716e41cc3fdb5e6b44c8197ccdd8f0b14da22c2b93cda0d28c,8a19527d94dcd4f8d7beac7801293c25bc4550777e2802c23c95d227663b9be1,9,9,True,True
REP_06583,43,data/campaigns/c1/07_clinical_dock/acid_dual_a2/urat1_9dkb/seed43/REP_06583_out.sdf,data/campaigns/c1/07_clinical_dock/acid_dual_a2/nlrp3_7alv/seed43/REP_06583_out.sdf,eb37b029549993517d19d995228024922950dd6811e6f842a2f4f88217d5b169,5043325236f98e8812958b1175554eb10d7459d39cbd77c94974195e91bf9113,9,9,True,True
REP_01181,43,data/campaigns/c1/07_clinical_dock/acid_dual_a2/urat1_9dkb/seed43/REP_01181_out.sdf,data/campaigns/c1/07_clinical_dock/acid_dual_a2/nlrp3_7alv/seed43/REP_01181_out.sdf,8f7f2385cc6e3eb069627e26108398f65745214cd11f829bafa91875020c98e5,3153e302edf6742eec31ed0faea9cd88006b527dc5db67c6d0b4d1b7c9fe90ec,9,9,False,True
REP_08143,43,data/campaigns/c1/07_clinical_dock/acid_dual_a2/urat1_9dkb/seed43/REP_08143_out.sdf,data/campaigns/c1/07_clinical_dock/acid_dual_a2/nlrp3_7alv/seed43/REP_08143_out.sdf,713f451f28c1b7148d02c06aee9dc17f04c90f65ae0ca47266f6b7ff75dd4a72,b6c5ac24e2f3c81dd694ed070d76790900d60ff4623ba607bfb9195b08985d75,9,9,True,True
REP_06722,43,data/campaigns/c1/07_clinical_dock/acid_dual_a2/urat1_9dkb/seed43/REP_06722_out.sdf,data/campaigns/c1/07_clinical_dock/acid_dual_a2/nlrp3_7alv/seed43/REP_06722_out.sdf,345de86e8785c8a4a4d8198c9bb8ca734cafdb627518fee111aaad881e73be38,9bd0eec576f80d0a2fbd28a4ad648ef85ddae5ecf445baa08bc43406223f59e7,9,9,True,False
REP_01598,43,data/campaigns/c1/07_clinical_dock/acid_dual_a2/urat1_9dkb/seed43/REP_01598_out.sdf,data/campaigns/c1/07_clinical_dock/acid_dual_a2/nlrp3_7alv/seed43/REP_01598_out.sdf,a7d536b515707dfea475728a002b3a7dfbfcb923d505c64a701b10eb468a0e08,db76853ec749237975d5a7b896d3d432678b02af2a9761656eb6d110790284e0,9,9,True,True
REP_02379,43,data/campaigns/c1/07_clinical_dock/acid_dual_a2/urat1_9dkb/seed43/REP_02379_out.sdf,data/campaigns/c1/07_clinical_dock/acid_dual_a2/nlrp3_7alv/seed43/REP_02379_out.sdf,e2b84eb712f567b6af3ff355970fd64f8ec1fe98a1f3a4ac908d9ffdf33e7cdc,f1095fe7f4fe4657eebbca62dcc7a832866c25e6f5bd0298b0d586b790beefaf,9,9,True,False
REP_07300,43,data/campaigns/c1/07_clinical_dock/acid_dual_a2/urat1_9dkb/seed43/REP_07300_out.sdf,data/campaigns/c1/07_clinical_dock/acid_dual_a2/nlrp3_7alv/seed43/REP_07300_out.sdf,39616a7376691fdd80d95a2d664bfea673a935996037cbbda9d9b5607aac58ac,b6bf59438447541cf8b7378dc875f218452446e76634dc4663738e1138ff1a90,9,9,False,True
REP_08161,43,data/campaigns/c1/07_clinical_dock/acid_dual_a2/urat1_9dkb/seed43/REP_08161_out.sdf,data/campaigns/c1/07_clinical_dock/acid_dual_a2/nlrp3_7alv/seed43/REP_08161_out.sdf,2327e23d9b6d1632e52c65c3b99c36e5bcc6d65279e88bfc1c3242bd46e63055,d13c634ecc9c9f67858a35891857ea7d03c86054347792e15022545bb67fc9ed,9,9,True,True
REP_07101,43,data/campaigns/c1/07_clinical_dock/acid_dual_a2/urat1_9dkb/seed43/REP_07101_out.sdf,data/campaigns/c1/07_clinical_dock/acid_dual_a2/nlrp3_7alv/seed43/REP_07101_out.sdf,fd2b1aa8eb714a69ff3fc7f1018c12f8a9d2216f13914afdf86cc0c66565cb07,b88ac2d9a0dce34bea918393ee1b8c265be28abd10427c8661f5cd8d71f92317,9,9,False,True
REP_06986,43,data/campaigns/c1/07_clinical_dock/acid_dual_a2/urat1_9dkb/seed43/REP_06986_out.sdf,data/campaigns/c1/07_clinical_dock/acid_dual_a2/nlrp3_7alv/seed43/REP_06986_out.sdf,167bf908463047bdb6d558d26a9c732c8a261c42381d958882f77871678d3bd4,2ebac2e86ea4c22be217fe5967a12ec11ad425c862b1892ecdb8d889159b62f6,9,9,False,False
REP_04582,43,data/campaigns/c1/07_clinical_dock/acid_dual_a2/urat1_9dkb/seed43/REP_04582_out.sdf,data/campaigns/c1/07_clinical_dock/acid_dual_a2/nlrp3_7alv/seed43/REP_04582_out.sdf,8354d20d365705673e7f933e0e3a54ecbcc233bba9974841bdf0893ad3f42eb6,53384aaac88378d5b8597797a2b468fc56f79f36c6e40248b4b9963fb8db7a4a,9,9,True,False
REP_00940,43,data/campaigns/c1/07_clinical_dock/acid_dual_a2/urat1_9dkb/seed43/REP_00940_out.sdf,data/campaigns/c1/07_clinical_dock/acid_dual_a2/nlrp3_7alv/seed43/REP_00940_out.sdf,9f64a00deb5093101ab0aeed42b84daf447b2f43b3b7ff30ebce1ef5ca4cb8be,427bc68b8cb9d899ba794414d50eb6667de125104900d6dd93c0401d4f9bff7d,9,9,True,True
REP_05113,43,data/campaigns/c1/07_clinical_dock/acid_dual_a2/urat1_9dkb/seed43/REP_05113_out.sdf,data/campaigns/c1/07_clinical_dock/acid_dual_a2/nlrp3_7alv/seed43/REP_05113_out.sdf,67a6acec9f52eefbc8e9c951a40dfcc791ca8dbe1fca32b446e2760692f62221,c3bde27dfc569cf63503049d0edb067483a1a8d12785a119d85563c9e2663614,9,9,True,True
REP_05141,43,data/campaigns/c1/07_clinical_dock/acid_dual_a2/urat1_9dkb/seed43/REP_05141_out.sdf,data/campaigns/c1/07_clinical_dock/acid_dual_a2/nlrp3_7alv/seed43/REP_05141_out.sdf,6b9092d5c2a365a9f286d1aa1e441bf83535da44bc4cf52603b71986013e5008,7fc1c3aae61785ad3e5810ff1d70aabb13464a3c87b2cdda6d888ee97d03c1ba,9,9,True,True
REP_01601,43,data/campaigns/c1/07_clinical_dock/acid_dual_a2/urat1_9dkb/seed43/REP_01601_out.sdf,data/campaigns/c1/07_clinical_dock/acid_dual_a2/nlrp3_7alv/seed43/REP_01601_out.sdf,c2550aadd6775a8244e014203a1df10be5ccfefdf7ad79b184c687c004704bd6,e27defba155f9bc3ee56701aa8a2020c446ac751aea47900d2c17ac80d6916c5,9,9,True,False
REP_01310,43,data/campaigns/c1/07_clinical_dock/acid_dual_a2/urat1_9dkb/seed43/REP_01310_out.sdf,data/campaigns/c1/07_clinical_dock/acid_dual_a2/nlrp3_7alv/seed43/REP_01310_out.sdf,374360d3f64faca2131caa0b3eff99163156f3e304bdb0bb406e6b67a8bbdf0a,6adc8b3dae2f2684068d258d601533de5e7970ecb18cb0b3e23d04d4a6b668fe,9,9,True,False
REP_07874,43,data/campaigns/c1/07_clinical_dock/acid_dual_a2/urat1_9dkb/seed43/REP_07874_out.sdf,data/campaigns/c1/07_clinical_dock/acid_dual_a2/nlrp3_7alv/seed43/REP_07874_out.sdf,699eb9c12189104ed6e8a14550963290c9000f2a66d174f9010c78cd18d234e6,30f10078b68d790f05c95495c2005cbfc28e28bd9b10b79a21c93910e7d468d4,9,9,True,False
REP_00745,43,data/campaigns/c1/07_clinical_dock/acid_dual_a2/urat1_9dkb/seed43/REP_00745_out.sdf,data/campaigns/c1/07_clinical_dock/acid_dual_a2/nlrp3_7alv/seed43/REP_00745_out.sdf,d7620718c6f2c530b954b5c6a9bb3f698549684afc29c345d9973876c319f399,4cbe1672c229726694a7071744f9c6affbb69c723308120ec904047d64a46b8d,9,9,False,False
REP_05543,43,data/campaigns/c1/07_clinical_dock/acid_dual_a2/urat1_9dkb/seed43/REP_05543_out.sdf,data/campaigns/c1/07_clinical_dock/acid_dual_a2/nlrp3_7alv/seed43/REP_05543_out.sdf,df8d0ca874e7d3f989f580b7985ea4d3daaed6d32a7f02154d01783abacf8f02,2fb8115f8dd03e86e820a7ef3965b1829a8c528c73a51c8222db4f96a8fde069,9,9,True,True
REP_01494,43,data/campaigns/c1/07_clinical_dock/acid_dual_a2/urat1_9dkb/seed43/REP_01494_out.sdf,data/campaigns/c1/07_clinical_dock/acid_dual_a2/nlrp3_7alv/seed43/REP_01494_out.sdf,e0a17f60cc288bea83f21fb915774e963274da91917f58facb1ddf05d35b3b25,cabb0e208ddafb99a668236dfcfcb0d38908aa1b97a3ff6a65baf4a158622ef7,9,9,True,False
REP_03974,43,data/campaigns/c1/07_clinical_dock/acid_dual_a2/urat1_9dkb/seed43/REP_03974_out.sdf,data/campaigns/c1/07_clinical_dock/acid_dual_a2/nlrp3_7alv/seed43/REP_03974_out.sdf,b0a4b6e844cb3d7b4a7161dfeb13e8b486c2c209d8916d35a7a5ee53e9104233,b2d141e6e9782181e85af3741d7f487b73644e18bbec6f1bf436fcaa347d4bac,9,9,True,True
REP_06973,43,data/campaigns/c1/07_clinical_dock/acid_dual_a2/urat1_9dkb/seed43/REP_06973_out.sdf,data/campaigns/c1/07_clinical_dock/acid_dual_a2/nlrp3_7alv/seed43/REP_06973_out.sdf,fe111d2a7cf47aa0f3e1a82a9938cbb4db715850488c6be8e1d6bb9d8da8b744,2fff5928ce733e7cb8023221dd95c8516a886f43a1fa3c395ea99246b56b78bd,9,9,True,True
REP_04229,43,data/campaigns/c1/07_clinical_dock/acid_dual_a2/urat1_9dkb/seed43/REP_04229_out.sdf,data/campaigns/c1/07_clinical_dock/acid_dual_a2/nlrp3_7alv/seed43/REP_04229_out.sdf,58787b29bb9248e1e4852c54d80ac72af03e5d9cafc3817180eff87ef594fecc,2eef69c0e3171c2ab5cc18ff9efe5770bbca4ad8082fc5a4c6622d3900a04482,9,9,True,False
REP_00944,43,data/campaigns/c1/07_clinical_dock/acid_dual_a2/urat1_9dkb/seed43/REP_00944_out.sdf,data/campaigns/c1/07_clinical_dock/acid_dual_a2/nlrp3_7alv/seed43/REP_00944_out.sdf,64de693386ccf864918fbaf3ee4af07a8f3cefcd52a51d485e23526b2f7327b0,3ce2c6191e09b315520aa267fdccd93756f6590d0eaff4bc2909c5f4db16cbef,9,9,True,True
REP_07055,43,data/campaigns/c1/07_clinical_dock/acid_dual_a2/urat1_9dkb/seed43/REP_07055_out.sdf,data/campaigns/c1/07_clinical_dock/acid_dual_a2/nlrp3_7alv/seed43/REP_07055_out.sdf,111cf67215a75b655646b9c1c8732431f3284c57b9cf4a915545f822ea61bbe3,00dc1451944a5beca8eff15858516752901c711218576e971ba6173ed5610b9d,9,9,False,True
REP_07880,43,data/campaigns/c1/07_clinical_dock/acid_dual_a2/urat1_9dkb/seed43/REP_07880_out.sdf,data/campaigns/c1/07_clinical_dock/acid_dual_a2/nlrp3_7alv/seed43/REP_07880_out.sdf,ca2f5dd4954559a03db739e0318a3c0739a5606305a40615ca883e82497b1624,a9851e9702f695bc00df5ad49985f21cd3bcc3aee2b56b6c2315c42895e8cfea,9,9,True,False
REP_00308,43,data/campaigns/c1/07_clinical_dock/acid_dual_a2/urat1_9dkb/seed43/REP_00308_out.sdf,data/campaigns/c1/07_clinical_dock/acid_dual_a2/nlrp3_7alv/seed43/REP_00308_out.sdf,2268b58610f7e0f2c19a903fbf4ccc8523083127af8970209610661963e0d770,304649da03fc5dba66f5ba3e9823fa22027d21a3583d8e999b53006e27214547,9,9,False,False
REP_05466,43,data/campaigns/c1/07_clinical_dock/acid_dual_a2/urat1_9dkb/seed43/REP_05466_out.sdf,data/campaigns/c1/07_clinical_dock/acid_dual_a2/nlrp3_7alv/seed43/REP_05466_out.sdf,ff3a8a374b39f738556d1184821081daa608e6cf354983099e0ae00dbcab59cc,2c2811dda8fcac95943a5b32d0159b59ef6e19861a0f976ec3a5c3df2de19b00,9,9,True,False
REP_06668,43,data/campaigns/c1/07_clinical_dock/acid_dual_a2/urat1_9dkb/seed43/REP_06668_out.sdf,data/campaigns/c1/07_clinical_dock/acid_dual_a2/nlrp3_7alv/seed43/REP_06668_out.sdf,e6a122268b8a46d4cb8b4ac456bf1785557d1e76739506d6fc67004070d0196f,e71876371bf9bdb7152898791cdbb247fd6680de220ae0b09d6ca75effd8daff,9,9,False,False
REP_00092,43,data/campaigns/c1/07_clinical_dock/acid_dual_a2/urat1_9dkb/seed43/REP_00092_out.sdf,data/campaigns/c1/07_clinical_dock/acid_dual_a2/nlrp3_7alv/seed43/REP_00092_out.sdf,874ca48543014e05f45171942c7c1b4266789197a5d6a56bbc975a9665207e3d,50839e83201a1d15858528e56178130a6288ae6e42c569aeed6ae62cc7a35c63,9,9,True,False
REP_08014,43,data/campaigns/c1/07_clinical_dock/acid_dual_a2/urat1_9dkb/seed43/REP_08014_out.sdf,data/campaigns/c1/07_clinical_dock/acid_dual_a2/nlrp3_7alv/seed43/REP_08014_out.sdf,708e76a1daa2b1c7c3ba993788653a77f1a6f5dfd309e825840e4181b4095427,5a4063de820a8da110046bae7ff10c7882a13c086dbd6d797188e8ec7f7cfe3d,9,9,True,True
REP_00325,43,data/campaigns/c1/07_clinical_dock/acid_dual_a2/urat1_9dkb/seed43/REP_00325_out.sdf,data/campaigns/c1/07_clinical_dock/acid_dual_a2/nlrp3_7alv/seed43/REP_00325_out.sdf,cbd4cd7f22617eddbcaccefd168feaa6ce162e6b30a211dbf011e78e4c127650,5d26f2e1628a268edcfdebc14b25a3add6a2d4aa31bdf10454fc6968d980b7c7,9,9,False,True
REP_00300,43,data/campaigns/c1/07_clinical_dock/acid_dual_a2/urat1_9dkb/seed43/REP_00300_out.sdf,data/campaigns/c1/07_clinical_dock/acid_dual_a2/nlrp3_7alv/seed43/REP_00300_out.sdf,4a1fc251e8a1206476beb038c0e9a8100fdae7ae2ef6c812378d02e7486a742a,5c8677ac1a20d57edece83b9d4c797a87f40cfd7c660845130e6e5dcd2c21fc3,9,9,False,True
REP_00572,43,data/campaigns/c1/07_clinical_dock/acid_dual_a2/urat1_9dkb/seed43/REP_00572_out.sdf,data/campaigns/c1/07_clinical_dock/acid_dual_a2/nlrp3_7alv/seed43/REP_00572_out.sdf,a2da84cab6fb29303f513115266f727781626ff571370898c87ca075663d9614,080e9129d3e0e4a74e73b2683bfef349a3b2c73cd40eee7f6fab3052c4b8367d,9,9,False,True
REP_05440,43,data/campaigns/c1/07_clinical_dock/acid_dual_a2/urat1_9dkb/seed43/REP_05440_out.sdf,data/campaigns/c1/07_clinical_dock/acid_dual_a2/nlrp3_7alv/seed43/REP_05440_out.sdf,3b843ad475d5c73f0b09f1c176a5dcbfeead6d63c59f1198fc56a5f52c499dfe,8e3f02ca82aeaad7b6c963cd3e287f4f7ecea0d1449ca5b7044571febc58c456,9,9,False,True
REP_05567,43,data/campaigns/c1/07_clinical_dock/acid_dual_a2/urat1_9dkb/seed43/REP_05567_out.sdf,data/campaigns/c1/07_clinical_dock/acid_dual_a2/nlrp3_7alv/seed43/REP_05567_out.sdf,ee53cbf83bae8b2919de25d2d8fa1b2adf5ecaa8f12fd2927e48166f26debea3,3ffcd5a5dccb29983de600837c9426f89e193f1412c24922b06d5d262772bb7c,9,9,False,False
REP_01595,43,data/campaigns/c1/07_clinical_dock/acid_dual_a2/urat1_9dkb/seed43/REP_01595_out.sdf,data/campaigns/c1/07_clinical_dock/acid_dual_a2/nlrp3_7alv/seed43/REP_01595_out.sdf,3b03adfee540aa6578ca283df2fcd6d75ddcc48c2d63b076363d57ebf73c6dbd,cf62a93fc7082b80f911878a16374c9a8b361ac85017aa51dce41d667ad56358,9,9,True,False
REP_00476,43,data/campaigns/c1/07_clinical_dock/acid_dual_a2/urat1_9dkb/seed43/REP_00476_out.sdf,data/campaigns/c1/07_clinical_dock/acid_dual_a2/nlrp3_7alv/seed43/REP_00476_out.sdf,da218f8586eb65d2519964ce685cce7be77144d8d0bf5ebc968c2ab6daa38146,801232702ffee346d540ddbfe5b0de046116142ebb732bbd5a8dd6c8c5bcd33f,9,9,False,False
REP_03855,43,data/campaigns/c1/07_clinical_dock/acid_dual_a2/urat1_9dkb/seed43/REP_03855_out.sdf,data/campaigns/c1/07_clinical_dock/acid_dual_a2/nlrp3_7alv/seed43/REP_03855_out.sdf,c1749e683901ee439175ca5e5c5ba61adab5fb87c0cff85e7ec2b707383e394f,c581ce1d9aba05af60a99d14ba4121b241e8c0e0bf5bb24d5d52bd49967e31e2,9,9,True,False
REP_05411,43,data/campaigns/c1/07_clinical_dock/acid_dual_a2/urat1_9dkb/seed43/REP_05411_out.sdf,data/campaigns/c1/07_clinical_dock/acid_dual_a2/nlrp3_7alv/seed43/REP_05411_out.sdf,17a3d4c400b3cb6d886a194073ad854b12e786e1f518beda1d6b7d8e8eb0ceeb,ad27cfe46890b126718c25b1ee751474644c46a723e5283be9fa9b48fa3eeacb,9,9,False,True
REP_05302,43,data/campaigns/c1/07_clinical_dock/acid_dual_a2/urat1_9dkb/seed43/REP_05302_out.sdf,data/campaigns/c1/07_clinical_dock/acid_dual_a2/nlrp3_7alv/seed43/REP_05302_out.sdf,c584a7735660893c10756d4b24667bb48a3c03eb2c95faabbe5b68c76dda9db5,27dd1c2188894440f808724349705d7a5357aa08e664e6e56794c8868c8ec4b8,9,9,True,True
REP_04246,43,data/campaigns/c1/07_clinical_dock/acid_dual_a2/urat1_9dkb/seed43/REP_04246_out.sdf,data/campaigns/c1/07_clinical_dock/acid_dual_a2/nlrp3_7alv/seed43/REP_04246_out.sdf,7aa023a23c8285c7eba0853b19d38beb60d0db021d6bac40d8ed427b89a2cc33,f1ff69f79ca86c16cb220113310e13bd0f0fed7d2f9c0e4e0758e561eed037f9,9,9,True,False
REP_04975,43,data/campaigns/c1/07_clinical_dock/acid_dual_a2/urat1_9dkb/seed43/REP_04975_out.sdf,data/campaigns/c1/07_clinical_dock/acid_dual_a2/nlrp3_7alv/seed43/REP_04975_out.sdf,431d3d52d648b47ffbb587525c25883804c76ebe0646bdb9275e2e0c38318ddc,e53d084ebda8fb89ce7de0a751b5213d02aaba2aee79cfa15d0664db08f063a4,9,9,True,False
REP_08103,43,data/campaigns/c1/07_clinical_dock/acid_dual_a2/urat1_9dkb/seed43/REP_08103_out.sdf,data/campaigns/c1/07_clinical_dock/acid_dual_a2/nlrp3_7alv/seed43/REP_08103_out.sdf,c626bcb8b40d360cfc911008a4c315b53e8702174ffa2469691d49b7ebe78ac6,9a7dd851c0669dcca1967672b04ebff16b14a1dc4c1d741e20a62666485593e3,9,9,True,True
REP_07338,43,data/campaigns/c1/07_clinical_dock/acid_dual_a2/urat1_9dkb/seed43/REP_07338_out.sdf,data/campaigns/c1/07_clinical_dock/acid_dual_a2/nlrp3_7alv/seed43/REP_07338_out.sdf,86e866666241f9cd8fc498d8b2a7edbc4668349c47bf204b6a40316631b1f20e,ba072e9123812408c6c51788c49bd0f2c265cdb47862ff55c644fd421bd1e1ce,9,9,True,True
REP_05869,43,data/campaigns/c1/07_clinical_dock/acid_dual_a2/urat1_9dkb/seed43/REP_05869_out.sdf,data/campaigns/c1/07_clinical_dock/acid_dual_a2/nlrp3_7alv/seed43/REP_05869_out.sdf,3d2b706be426109a0989a14421e98cc8b0ab924c5e4bd49d7499644c6c801d2a,3da9de6bf3a88534849694c9543de9d10bcbb5556b7b8939f7ba9035cf6af63a,9,9,True,False
REP_02366,43,data/campaigns/c1/07_clinical_dock/acid_dual_a2/urat1_9dkb/seed43/REP_02366_out.sdf,data/campaigns/c1/07_clinical_dock/acid_dual_a2/nlrp3_7alv/seed43/REP_02366_out.sdf,300092cf4642423dac25ba87b156e8627f552481ec1a1af74a53095dbfa006fe,f38af5103e683f8e9918429d395e6e99b8b78d416f48f9946cfd989637e33727,9,9,True,True
REP_05906,43,data/campaigns/c1/07_clinical_dock/acid_dual_a2/urat1_9dkb/seed43/REP_05906_out.sdf,data/campaigns/c1/07_clinical_dock/acid_dual_a2/nlrp3_7alv/seed43/REP_05906_out.sdf,28fd6d4b003579cadc64e2433032d1afe5f0111ab36a9df2486f7ed791c60e1a,2bcebb3b113c95566fa6f2c372d554c04adf423e7ddac5de33250c70e2217bd5,9,9,True,True
REP_00698,43,data/campaigns/c1/07_clinical_dock/acid_dual_a2/urat1_9dkb/seed43/REP_00698_out.sdf,data/campaigns/c1/07_clinical_dock/acid_dual_a2/nlrp3_7alv/seed43/REP_00698_out.sdf,635f2c7c3f76dddc8900ec4728104a6463d4993e792df56a0b304104ef25ba2b,7c1ff2b1032e832545ab4f3fe96ee91388af03f91f14a0fb2079787ff9bd0a01,9,9,True,False
REP_05784,43,data/campaigns/c1/07_clinical_dock/acid_dual_a2/urat1_9dkb/seed43/REP_05784_out.sdf,data/campaigns/c1/07_clinical_dock/acid_dual_a2/nlrp3_7alv/seed43/REP_05784_out.sdf,366244407e21b68680824de541888d624411a309cb3aeb5c34e0f07bbd77a076,e08a1b9efe8976aecc5f9c4825133b7f9574b80958972049e0be6e5b0808b07c,9,9,True,True
REP_07105,43,data/campaigns/c1/07_clinical_dock/acid_dual_a2/urat1_9dkb/seed43/REP_07105_out.sdf,data/campaigns/c1/07_clinical_dock/acid_dual_a2/nlrp3_7alv/seed43/REP_07105_out.sdf,c6e9e9c98910445992aac59110042011cc4ab26cc2a0bf2f302521dc1ea6b625,578ae1eb4e86be5ad8a6c70929be8b458c80b447db604a5f04de2f1bc3edf187,9,9,True,False
REP_07126,43,data/campaigns/c1/07_clinical_dock/acid_dual_a2/urat1_9dkb/seed43/REP_07126_out.sdf,data/campaigns/c1/07_clinical_dock/acid_dual_a2/nlrp3_7alv/seed43/REP_07126_out.sdf,7fd73e9ede5974ffe3ee2e1f62bf321798deda172ba5c430cf0dc4b37c8560b0,55721553c54c4328b7da964f188817a0c50e384f8bb48ca4124149cbc89a0cee,9,9,False,True
REP_04990,43,data/campaigns/c1/07_clinical_dock/acid_dual_a2/urat1_9dkb/seed43/REP_04990_out.sdf,data/campaigns/c1/07_clinical_dock/acid_dual_a2/nlrp3_7alv/seed43/REP_04990_out.sdf,aa4ced9290e7e6352eb7e6cb23eb70b8c71a94a415e0d09361be795f2552214c,1a67a4db36077112d0388500b93b0b3a944b730a13e88a0836d6fb4d3b5c2be0,9,9,False,False
REP_00207,43,data/campaigns/c1/07_clinical_dock/acid_dual_a2/urat1_9dkb/seed43/REP_00207_out.sdf,data/campaigns/c1/07_clinical_dock/acid_dual_a2/nlrp3_7alv/seed43/REP_00207_out.sdf,c94727019a11f3eca57fa51396dad783deae5b1d9866adde7a8aab1401638f72,604ca2c97b5a1f5e46f079c849e09fa237681214304a7cffee296abc13f4516b,9,9,True,True
REP_05219,43,data/campaigns/c1/07_clinical_dock/acid_dual_a2/urat1_9dkb/seed43/REP_05219_out.sdf,data/campaigns/c1/07_clinical_dock/acid_dual_a2/nlrp3_7alv/seed43/REP_05219_out.sdf,ba8a811c7599d560aacea096533bbdff1cf7fa7d7c35629abd61d9c5464eeb2b,71af7b633380650c3abeab76dd3a13f0d1dd48097f7f97505783c4f04c42f986,9,9,True,False
REP_05724,43,data/campaigns/c1/07_clinical_dock/acid_dual_a2/urat1_9dkb/seed43/REP_05724_out.sdf,data/campaigns/c1/07_clinical_dock/acid_dual_a2/nlrp3_7alv/seed43/REP_05724_out.sdf,83d5bf1b340005a864fbe36a6314d90259713eb00c0751de8a248db34f8ff03e,85c2fcc8cdc14656f64734136b7c7fd250e1fd569edf63818dcdbc45683cfdbd,9,9,False,False
REP_07907,43,data/campaigns/c1/07_clinical_dock/acid_dual_a2/urat1_9dkb/seed43/REP_07907_out.sdf,data/campaigns/c1/07_clinical_dock/acid_dual_a2/nlrp3_7alv/seed43/REP_07907_out.sdf,b5563918cc3d2b2dc329311a0a1ba0eec3e362ca112df15cbddeb76e61f5cf14,8b6d56bb9a5ec8a2d6bfc43980790471874200b12deebd59f2857628e1327b42,9,9,True,True
REP_00992,43,data/campaigns/c1/07_clinical_dock/acid_dual_a2/urat1_9dkb/seed43/REP_00992_out.sdf,data/campaigns/c1/07_clinical_dock/acid_dual_a2/nlrp3_7alv/seed43/REP_00992_out.sdf,d7dcb308d1ea797213571cf401937c3e4b7486f90e28832d10757fd1b719de5d,210abae0447f63cfb675560e755c9a92c4848f942985c6208ed02c7b0272f93c,9,9,True,True
REP_04463,43,data/campaigns/c1/07_clinical_dock/acid_dual_a2/urat1_9dkb/seed43/REP_04463_out.sdf,data/campaigns/c1/07_clinical_dock/acid_dual_a2/nlrp3_7alv/seed43/REP_04463_out.sdf,beb48cc1d33a2500cb701061c0accf07c8f1f563cf15b4f11aef660d27ff0877,6445de35b7f4a5481a083aa7f8cf5b5648fcc740a15ce1c6e301805a5da42032,9,9,True,False
REP_01274,43,data/campaigns/c1/07_clinical_dock/acid_dual_a2/urat1_9dkb/seed43/REP_01274_out.sdf,data/campaigns/c1/07_clinical_dock/acid_dual_a2/nlrp3_7alv/seed43/REP_01274_out.sdf,01b27e404138f2cfc406b4cdf6693a2e2849ce74a38390eb258dd6db1b7cd9d9,5456895626847fe6bc48c0b942980c91cd60816f11eed0bc5e2bf65476a3142c,9,9,True,True
REP_07015,43,data/campaigns/c1/07_clinical_dock/acid_dual_a2/urat1_9dkb/seed43/REP_07015_out.sdf,data/campaigns/c1/07_clinical_dock/acid_dual_a2/nlrp3_7alv/seed43/REP_07015_out.sdf,16fcbc41f1326a992857ed0d74b0153f73b79473ec6708f9919cd178af8ccf54,55680e58cbf6ab9287e7ab3d489d98058fe05939c29387f47794553527a208ba,9,9,True,True
REP_01593,44,data/campaigns/c1/07_clinical_dock/acid_dual_a2/urat1_9dkb/seed44/REP_01593_out.sdf,data/campaigns/c1/07_clinical_dock/acid_dual_a2/nlrp3_7alv/seed44/REP_01593_out.sdf,4e16aa3a92ff3c457a49e7723d48e5638a4bc0dc27071bfa3374e6f9d14ba38a,07261255581f41d477610d694a51cdafdf2258bb2ccf8b39e0f52dba937a5151,9,9,True,False
REP_05922,44,data/campaigns/c1/07_clinical_dock/acid_dual_a2/urat1_9dkb/seed44/REP_05922_out.sdf,data/campaigns/c1/07_clinical_dock/acid_dual_a2/nlrp3_7alv/seed44/REP_05922_out.sdf,4202718b54e36936fd4a1e7c1ef5602f51f9fd6971da355695964a54c3790ed5,d32d0322edc0c89aa29bc12e4ac5e35acf202dc1568d697a394a9af28e826666,9,9,False,False
REP_03238,44,data/campaigns/c1/07_clinical_dock/acid_dual_a2/urat1_9dkb/seed44/REP_03238_out.sdf,data/campaigns/c1/07_clinical_dock/acid_dual_a2/nlrp3_7alv/seed44/REP_03238_out.sdf,c4690537bbc0850a88de26140df6d33807264e7cefd8a82b3d33a797275c3419,7d2e5b14b36d441898f862db9c14ec055d10fee5a9d94912896d72c5dce4e584,9,9,True,True
REP_01122,44,data/campaigns/c1/07_clinical_dock/acid_dual_a2/urat1_9dkb/seed44/REP_01122_out.sdf,data/campaigns/c1/07_clinical_dock/acid_dual_a2/nlrp3_7alv/seed44/REP_01122_out.sdf,7423f5b048026297157795565393f82cdd4f43784b6ac1bd1f1e4f8d6fe1e596,94c9ca75c2f9fa449fe51094746661ea7c778bb2578e40915fcb755494500020,9,9,True,False
REP_04971,44,data/campaigns/c1/07_clinical_dock/acid_dual_a2/urat1_9dkb/seed44/REP_04971_out.sdf,data/campaigns/c1/07_clinical_dock/acid_dual_a2/nlrp3_7alv/seed44/REP_04971_out.sdf,3d578d942711163ae73f3b5f89c5754cbe8b166cbd1abf09772258062b7f73bd,58787c7cded624e443e3079b2ab8c48a365210231b5155b9c8a76e1277d7d108,9,9,True,False
REP_07580,44,data/campaigns/c1/07_clinical_dock/acid_dual_a2/urat1_9dkb/seed44/REP_07580_out.sdf,data/campaigns/c1/07_clinical_dock/acid_dual_a2/nlrp3_7alv/seed44/REP_07580_out.sdf,4b62bf6317342057214c4b2ea1ab48f07a83c23ca693e2c73662978952ebb6f6,d0aa7c674294217c3c65f46f2ce95ed7fec520923ca052ca12b9849fcf62422c,9,9,True,True
REP_06464,44,data/campaigns/c1/07_clinical_dock/acid_dual_a2/urat1_9dkb/seed44/REP_06464_out.sdf,data/campaigns/c1/07_clinical_dock/acid_dual_a2/nlrp3_7alv/seed44/REP_06464_out.sdf,da5953e0111aa5442e4ffada770050981db8bcd11e0f73a1fcfaee5c4c076a2e,89e761ab9cd9b75527eb7793cd485a5225ab15b775c7a7aa4682e9024e668d9a,9,9,True,False
REP_07120,44,data/campaigns/c1/07_clinical_dock/acid_dual_a2/urat1_9dkb/seed44/REP_07120_out.sdf,data/campaigns/c1/07_clinical_dock/acid_dual_a2/nlrp3_7alv/seed44/REP_07120_out.sdf,3d6dd8ff8fdc35e826f975a3a3d42df25cd97527656864ce9a125a02cdb6d9c6,d5b768b0e9fcb79503db4d9669309815bbf5fec780e9a4bc7e73189017f7b7c7,9,9,True,False
REP_01485,44,data/campaigns/c1/07_clinical_dock/acid_dual_a2/urat1_9dkb/seed44/REP_01485_out.sdf,data/campaigns/c1/07_clinical_dock/acid_dual_a2/nlrp3_7alv/seed44/REP_01485_out.sdf,53d50d074bef358cfee7be743e082d9a12406ffacc277b6eb742c0ac72b7ffe4,27d1922e0548074bc7e64c9193302767ec9e7f405722ef1da9f1c8dc790e71de,9,9,True,True
REP_06855,44,data/campaigns/c1/07_clinical_dock/acid_dual_a2/urat1_9dkb/seed44/REP_06855_out.sdf,data/campaigns/c1/07_clinical_dock/acid_dual_a2/nlrp3_7alv/seed44/REP_06855_out.sdf,fca2e923763567a0fa22855a6947676ca889696701c3be44305966431ab9194c,c0d4537603e90e2b98eb6e5a5d3e01ffdf75ca376e4ed490e84e06877507af9f,9,9,True,False
REP_07885,44,data/campaigns/c1/07_clinical_dock/acid_dual_a2/urat1_9dkb/seed44/REP_07885_out.sdf,data/campaigns/c1/07_clinical_dock/acid_dual_a2/nlrp3_7alv/seed44/REP_07885_out.sdf,f72e97031b57c082fa1563680fdb8c5d72325eba361697749d339f2db4bf97cf,0a1f0490dc515bb47edcb0025e9e1c12ec8ad526de161519494e80e5f9bc2037,9,9,True,False
REP_06119,44,data/campaigns/c1/07_clinical_dock/acid_dual_a2/urat1_9dkb/seed44/REP_06119_out.sdf,data/campaigns/c1/07_clinical_dock/acid_dual_a2/nlrp3_7alv/seed44/REP_06119_out.sdf,298486fedbdbc4d743da4aeb0bd82f3f485934d0f2c061732bb84ebc4e778f5f,3ed0c58062d9c95a89d1bc210a6a178c82edfd2cc07910855f885f319c728752,9,9,True,True
REP_04441,44,data/campaigns/c1/07_clinical_dock/acid_dual_a2/urat1_9dkb/seed44/REP_04441_out.sdf,data/campaigns/c1/07_clinical_dock/acid_dual_a2/nlrp3_7alv/seed44/REP_04441_out.sdf,633eec03b4690395f9be0620c5a14eaf9e7ef3620aa41d4bf7ea9a398410391c,1ec6403dc6aa3662998fdc95bca1fb2149ee499dcb5214049390a4fdaa67e194,9,9,False,False
REP_06875,44,data/campaigns/c1/07_clinical_dock/acid_dual_a2/urat1_9dkb/seed44/REP_06875_out.sdf,data/campaigns/c1/07_clinical_dock/acid_dual_a2/nlrp3_7alv/seed44/REP_06875_out.sdf,ad56d26106a1ef0bcf011a1e4224a9b3c92d9c7f18c0cc04da4447b5e4aab4be,faa7e874840e8c4dd3a31d7bd757efba300f23a6e24538c21f31c9b607804fb2,9,9,True,True
REP_07635,44,data/campaigns/c1/07_clinical_dock/acid_dual_a2/urat1_9dkb/seed44/REP_07635_out.sdf,data/campaigns/c1/07_clinical_dock/acid_dual_a2/nlrp3_7alv/seed44/REP_07635_out.sdf,e29961103185ba4bddc7b18d2391414235bb7f420480d024a031287f9b749807,544882b1f2fb2a51aaa6a904e4de538a389b3581e6cf20df2c23f709b70b3367,9,9,True,False
REP_07073,44,data/campaigns/c1/07_clinical_dock/acid_dual_a2/urat1_9dkb/seed44/REP_07073_out.sdf,data/campaigns/c1/07_clinical_dock/acid_dual_a2/nlrp3_7alv/seed44/REP_07073_out.sdf,5883f959ba18d076e2c430df8456398ede9d1795adee922a4098485c559ab14e,5194c7ce7545fc56877f88237d79f6336b30ad16ee532b3156df0bbd6d74e63b,9,9,False,True
REP_07074,44,data/campaigns/c1/07_clinical_dock/acid_dual_a2/urat1_9dkb/seed44/REP_07074_out.sdf,data/campaigns/c1/07_clinical_dock/acid_dual_a2/nlrp3_7alv/seed44/REP_07074_out.sdf,096b5fe09b88136d665282d4b5d9fc4dd04f34f13cbdc08a9b1b25cb841c7993,ccad5ac23480a9624b603601b84a0c5bbe198de5458f6d7c25ee7f54b3e56b90,9,9,False,False
REP_00833,44,data/campaigns/c1/07_clinical_dock/acid_dual_a2/urat1_9dkb/seed44/REP_00833_out.sdf,data/campaigns/c1/07_clinical_dock/acid_dual_a2/nlrp3_7alv/seed44/REP_00833_out.sdf,b82ed2d44dbe8caeabc314ef77cb4a6360fd1d751dc84109b72abec8e520cdad,7bef169111c625142da8408a309fa3ea7ec4ba9d30aea04f8bb5af32acea9ef1,9,9,True,False
REP_06925,44,data/campaigns/c1/07_clinical_dock/acid_dual_a2/urat1_9dkb/seed44/REP_06925_out.sdf,data/campaigns/c1/07_clinical_dock/acid_dual_a2/nlrp3_7alv/seed44/REP_06925_out.sdf,da577efb5837484af2294944f15687317d8872d19bf542ef226b51190b0475a4,ac4b888e52f0a11998fad569280d3860139365836dc6ef5a5d41e40c4118aa57,9,9,True,False
REP_07000,44,data/campaigns/c1/07_clinical_dock/acid_dual_a2/urat1_9dkb/seed44/REP_07000_out.sdf,data/campaigns/c1/07_clinical_dock/acid_dual_a2/nlrp3_7alv/seed44/REP_07000_out.sdf,1198ad2ce3d46cb0791a643fcbe5f0f06fed786c4eb719dba60f558922373870,3bd77d82e834c6e5d9111ef24e589d8d5b4cf47b149127e89d33dd60040d8002,9,9,True,True
REP_07825,44,data/campaigns/c1/07_clinical_dock/acid_dual_a2/urat1_9dkb/seed44/REP_07825_out.sdf,data/campaigns/c1/07_clinical_dock/acid_dual_a2/nlrp3_7alv/seed44/REP_07825_out.sdf,d32cef062c989917f145f07d265d677dd027f0e75c341eac0581e7d721ccfe85,f9a9fde5e78393a244950aa35a53ca5b861166e53d0991e1bfc3c723d25af9cb,9,9,True,True
REP_06303,44,data/campaigns/c1/07_clinical_dock/acid_dual_a2/urat1_9dkb/seed44/REP_06303_out.sdf,data/campaigns/c1/07_clinical_dock/acid_dual_a2/nlrp3_7alv/seed44/REP_06303_out.sdf,06abf1cba43624605515d3e3b8b3aba84e27a02d34c1957b93f83227253ab18d,afb6fbb96f6e070730e298b8d22fe395e9318af40cdf01ba79fc7a3304ec56de,9,9,True,False
REP_00853,44,data/campaigns/c1/07_clinical_dock/acid_dual_a2/urat1_9dkb/seed44/REP_00853_out.sdf,data/campaigns/c1/07_clinical_dock/acid_dual_a2/nlrp3_7alv/seed44/REP_00853_out.sdf,50377c4852211982635b2a40cbf2a538f922da6ccef56bae70e2a4bda4709c0d,a0b4a208fd2f8748cb144c1eaa4daa1eb27beb554a1460d8e6ac4c33daa92e33,9,9,True,False
REP_07021,44,data/campaigns/c1/07_clinical_dock/acid_dual_a2/urat1_9dkb/seed44/REP_07021_out.sdf,data/campaigns/c1/07_clinical_dock/acid_dual_a2/nlrp3_7alv/seed44/REP_07021_out.sdf,155ad53ccdf0dc0abc00677cc109fefc4c02f9c486894a8d97e64d3366541749,0c3c1d801649aa0f53cb721ca442a3498e0551ff253e8829a78050f6b2de1f74,9,9,True,False
REP_07837,44,data/campaigns/c1/07_clinical_dock/acid_dual_a2/urat1_9dkb/seed44/REP_07837_out.sdf,data/campaigns/c5/02_nlrp3_panel/background/seed44/REP_07837_out.sdf,b5aa2d292321438cba2c921c24f826324dda1e7fabbb2c96a66656420b85edd6,e6eba03466b77cc0d8a38271e2b87d92aa9fb8e38f1c140ed57333d762ce9a8b,9,9,True,False
REP_07838,44,data/campaigns/c1/07_clinical_dock/acid_dual_a2/urat1_9dkb/seed44/REP_07838_out.sdf,data/campaigns/c1/07_clinical_dock/acid_dual_a2/nlrp3_7alv/seed44/REP_07838_out.sdf,8ad5f4aaa5d98021b2f30e50e301ea583a316e845d3c4656091bfbe949bbfc05,97ebebd186d7f43da7d47b81af6665dced82a0cbc2c383432101830b1dcbdd0c,9,9,True,False
REP_07775,44,data/campaigns/c1/07_clinical_dock/acid_dual_a2/urat1_9dkb/seed44/REP_07775_out.sdf,data/campaigns/c1/07_clinical_dock/acid_dual_a2/nlrp3_7alv/seed44/REP_07775_out.sdf,5b5f4170d1d34b38a0e1cc442a7e233b4ecafd40d08dcab0a37af87490065e30,51866231b7a31e303399b6f6cd428fdccf4fb20fd09b231fa73931be9e8503dd,9,9,True,False
REP_07735,44,data/campaigns/c1/07_clinical_dock/acid_dual_a2/urat1_9dkb/seed44/REP_07735_out.sdf,data/campaigns/c1/07_clinical_dock/acid_dual_a2/nlrp3_7alv/seed44/REP_07735_out.sdf,e9e791f50c2fabd7ea2b3f281c4a42cf8085cbd0ed24aa8a427f7d5ba8100bf2,9783de7c395df8602f4df851a913daaf4f2744e0ed87932833946d724b1ca14a,9,9,True,False
REP_00600,44,data/campaigns/c1/07_clinical_dock/acid_dual_a2/urat1_9dkb/seed44/REP_00600_out.sdf,data/campaigns/c1/07_clinical_dock/acid_dual_a2/nlrp3_7alv/seed44/REP_00600_out.sdf,1d503f6002d051cd91c0427eabbe06fb75d84e3a8b6892bb3167a8f3b66d534f,935d0974413cd2f712b4f3f22c59b74b88a59b14cb1925f1357ee42b662727a2,9,9,True,False
REP_01131,44,data/campaigns/c1/07_clinical_dock/acid_dual_a2/urat1_9dkb/seed44/REP_01131_out.sdf,data/campaigns/c1/07_clinical_dock/acid_dual_a2/nlrp3_7alv/seed44/REP_01131_out.sdf,157211c22df430bfd83ccdbfe116bfe8e0875b55d744deb80cf0382bed08e851,bcf0f33419247afff3fc7d21c5a397d9526d21750836cd390db3be7cee4609df,9,9,True,False
REP_06524,44,data/campaigns/c1/07_clinical_dock/acid_dual_a2/urat1_9dkb/seed44/REP_06524_out.sdf,data/campaigns/c1/07_clinical_dock/acid_dual_a2/nlrp3_7alv/seed44/REP_06524_out.sdf,007e4eeb94f9146cb56be2e0679f10f92c276e98365ffcb9428b6971cbc95bba,6d002846ae0dbbb6776cac678a7ddae7481ffcf0e203913bf753af8b6c10c9de,9,9,True,True
REP_05288,44,data/campaigns/c1/07_clinical_dock/acid_dual_a2/urat1_9dkb/seed44/REP_05288_out.sdf,data/campaigns/c1/07_clinical_dock/acid_dual_a2/nlrp3_7alv/seed44/REP_05288_out.sdf,9ecfa4e4a9b80d8fe7876cd49dd5fa7903f84ffded7d92414ca10c5b6c4aee06,151161959484dad7fd4e607e6b306f58c30d3b9e23bf47206ff25a968542bdb3,9,9,True,False
REP_02721,44,data/campaigns/c1/07_clinical_dock/acid_dual_a2/urat1_9dkb/seed44/REP_02721_out.sdf,data/campaigns/c1/07_clinical_dock/acid_dual_a2/nlrp3_7alv/seed44/REP_02721_out.sdf,72881d82db18abb3e9097d9667b8d21776ae902e8c444b608e20b55f4177aa40,c334968cb813756164bee6f52e5880d69e63ce711f3f734fd26043fc4a18287b,9,9,True,True
REP_05460,44,data/campaigns/c1/07_clinical_dock/acid_dual_a2/urat1_9dkb/seed44/REP_05460_out.sdf,data/campaigns/c1/07_clinical_dock/acid_dual_a2/nlrp3_7alv/seed44/REP_05460_out.sdf,8657c1076c6cc93f0c7515dcf0d1210ea0ff3ee7004187a115e785dcb6a5fc25,0b2482f18cb744ba35764337bc5c93d3b0d11aef4b0b9c4bbc33032e649ae4fe,9,9,True,True
REP_07012,44,data/campaigns/c1/07_clinical_dock/acid_dual_a2/urat1_9dkb/seed44/REP_07012_out.sdf,data/campaigns/c1/07_clinical_dock/acid_dual_a2/nlrp3_7alv/seed44/REP_07012_out.sdf,cf0e67c2c35e20f8a4abaa7d97227687faba760ab4f4c31025258b139654afa0,30dd1e1b685cffa822a6970ea100e0d6d68e8568757016b9aded3da464713ed2,9,9,True,False
REP_05252,44,data/campaigns/c1/07_clinical_dock/acid_dual_a2/urat1_9dkb/seed44/REP_05252_out.sdf,data/campaigns/c1/07_clinical_dock/acid_dual_a2/nlrp3_7alv/seed44/REP_05252_out.sdf,0031dd84ba0f7e3acbff2c510511b43385ea63522c58c32c2ec36c645aa7fc5b,c90d0cb0922ee52ac848db5943b22dc93d4ed28c8d406c789c2fb0feffcdcc51,9,9,True,True
REP_07977,44,data/campaigns/c1/07_clinical_dock/acid_dual_a2/urat1_9dkb/seed44/REP_07977_out.sdf,data/campaigns/c1/07_clinical_dock/acid_dual_a2/nlrp3_7alv/seed44/REP_07977_out.sdf,10ad161a6f5ea57c23ce8703377cff5827b8203a25ebfc48a2f88b88c24f99df,5c66876507a044f37a36a2f343cd392a2d21444d896a95b90e783465e382a5b9,9,9,True,True
REP_07969,44,data/campaigns/c1/07_clinical_dock/acid_dual_a2/urat1_9dkb/seed44/REP_07969_out.sdf,data/campaigns/c1/07_clinical_dock/acid_dual_a2/nlrp3_7alv/seed44/REP_07969_out.sdf,0150b66a2499ed48e8b22aff8ed78cd1aaf30e0075bdd96aa427b85ee64d3775,ef2485fcd6908a260193d4ffea1ceb0b2c1bf719e28630875978af628511c051,9,9,False,True
REP_05102,44,data/campaigns/c1/07_clinical_dock/acid_dual_a2/urat1_9dkb/seed44/REP_05102_out.sdf,data/campaigns/c1/07_clinical_dock/acid_dual_a2/nlrp3_7alv/seed44/REP_05102_out.sdf,82708c9e8f4d4bcaef62d164fde30f01d35b41ca4fc64115f5d378d0981c6f19,d8d8f7e513060adf7bddeec41f0eab0662a9c93eb74e14bd24d8b5d143dc8a05,9,9,True,False
REP_04623,44,data/campaigns/c1/07_clinical_dock/acid_dual_a2/urat1_9dkb/seed44/REP_04623_out.sdf,data/campaigns/c1/07_clinical_dock/acid_dual_a2/nlrp3_7alv/seed44/REP_04623_out.sdf,0386b768f3144de71a8961b38215505a49a2cef8c6f828660e344caf44480a86,fc29d73649637181215cc19a3e71239bb188726a753d3d231df07210df597274,9,9,True,True
REP_01345,44,data/campaigns/c1/07_clinical_dock/acid_dual_a2/urat1_9dkb/seed44/REP_01345_out.sdf,data/campaigns/c1/07_clinical_dock/acid_dual_a2/nlrp3_7alv/seed44/REP_01345_out.sdf,4fddc6d0da910094d26f0d2acb366b5925406b6efe6f0c730d45f5426c528cc8,952236fc07e2dd566baf396cd9039db0cc601c1bf9507b9e511229a6723d9a20,9,9,True,True
REP_06470,44,data/campaigns/c1/07_clinical_dock/acid_dual_a2/urat1_9dkb/seed44/REP_06470_out.sdf,data/campaigns/c1/07_clinical_dock/acid_dual_a2/nlrp3_7alv/seed44/REP_06470_out.sdf,76ee6a00e8748c23bf078872d9b7315cafcfdf52e1dfb073335d9d0c9a55f0d1,891635a9ed8b2e92359b5045c3709a3f0ec9ad0d155cc6718ee629bb76d0a16c,9,9,True,False
REP_00142,44,data/campaigns/c1/07_clinical_dock/acid_dual_a2/urat1_9dkb/seed44/REP_00142_out.sdf,data/campaigns/c1/07_clinical_dock/acid_dual_a2/nlrp3_7alv/seed44/REP_00142_out.sdf,f8a3356b4a44e89f4e5bb097d78f45d858d0940b5ab08e340d43133f4809fe41,768d62472dc7834015b0aa0c25d943c6f9cecaaee7256a5af605a4c66544ac72,9,9,True,False
REP_01948,44,data/campaigns/c1/07_clinical_dock/acid_dual_a2/urat1_9dkb/seed44/REP_01948_out.sdf,data/campaigns/c1/07_clinical_dock/acid_dual_a2/nlrp3_7alv/seed44/REP_01948_out.sdf,a52dd27f84e6b6b58d05f1245d4ece9ccc9dd27d67687d8f09c6634932a81182,e5b4e64dea132b17838fad1bfee222215bcd24875477667227be34ab431b6f4e,9,9,True,False
REP_08132,44,data/campaigns/c1/07_clinical_dock/acid_dual_a2/urat1_9dkb/seed44/REP_08132_out.sdf,data/campaigns/c1/07_clinical_dock/acid_dual_a2/nlrp3_7alv/seed44/REP_08132_out.sdf,89c29a028e2b842208dcee4e34efee65448b55fa8eb4435008bd4fdfb910b759,bfc22aaab9a2f222c597b273b356f7163fc623b2b73a1f41e60beac70b0a35bb,9,9,True,False
REP_00697,44,data/campaigns/c1/07_clinical_dock/acid_dual_a2/urat1_9dkb/seed44/REP_00697_out.sdf,data/campaigns/c1/07_clinical_dock/acid_dual_a2/nlrp3_7alv/seed44/REP_00697_out.sdf,ebabaadbc27bc22018d9b2d82313f1a4fffbf6f49d60946e663ca8a788e0e67f,269a7242b4f3c2f3281d8477c5b4ac9d33624c01037ce1a4c8f2981bb626e782,9,9,True,True
REP_00015,44,data/campaigns/c1/07_clinical_dock/acid_dual_a2/urat1_9dkb/seed44/REP_00015_out.sdf,data/campaigns/c1/07_clinical_dock/acid_dual_a2/nlrp3_7alv/seed44/REP_00015_out.sdf,32aee3a46009e01983d9b4255fa27be7891de1cafe7a69511225cd05a58d82d2,e16ab9bd1195a2273248c892ff3f5427961c34b495015c22cfdd567ff24511bb,9,9,True,True
REP_08266,44,data/campaigns/c1/07_clinical_dock/acid_dual_a2/urat1_9dkb/seed44/REP_08266_out.sdf,data/campaigns/c1/07_clinical_dock/acid_dual_a2/nlrp3_7alv/seed44/REP_08266_out.sdf,5065c3c61c94ddac4f2c5d5a84c660c9cc2ad407ade7a3d978f21f9fe06c7b06,d5a3396ea38383df8dad7c3f6cb679e994c6385cff304863bc3e95370b2b8d08,9,9,True,True
REP_08222,44,data/campaigns/c1/07_clinical_dock/acid_dual_a2/urat1_9dkb/seed44/REP_08222_out.sdf,data/campaigns/c1/07_clinical_dock/acid_dual_a2/nlrp3_7alv/seed44/REP_08222_out.sdf,8592887947b39328e64e0a9d3aadd3271baa4a943a81d9b640a2414d5b9f983a,1b06b4b4f6da94feaedbfb6a156c175bef888758d28eeae9c92f1734fbd0350f,9,9,True,False
REP_08210,44,data/campaigns/c1/07_clinical_dock/acid_dual_a2/urat1_9dkb/seed44/REP_08210_out.sdf,data/campaigns/c1/07_clinical_dock/acid_dual_a2/nlrp3_7alv/seed44/REP_08210_out.sdf,83ff3b6cb149e56cb00df83e0c0700267942b41a8a91f9621dc2e978ed1b9d54,ab6b6ba1e0a63e9a72bd4e78dd20c5a041d124b32ab745b03c9ba5952c1c9280,9,9,True,True
REP_04687,44,data/campaigns/c1/07_clinical_dock/acid_dual_a2/urat1_9dkb/seed44/REP_04687_out.sdf,data/campaigns/c1/07_clinical_dock/acid_dual_a2/nlrp3_7alv/seed44/REP_04687_out.sdf,2fca6e89f26e80db142fe2e128429712abb2ed2931b61f95c9f0cc29c5c1d052,a89351e236a4e283209df3ced5717ca2973ec86bf0b47b10c307224f5ac2b036,9,9,True,True
REP_04681,44,data/campaigns/c1/07_clinical_dock/acid_dual_a2/urat1_9dkb/seed44/REP_04681_out.sdf,data/campaigns/c1/07_clinical_dock/acid_dual_a2/nlrp3_7alv/seed44/REP_04681_out.sdf,66b2a997ae5d6cfd6d25ffb6e0196663da17782ec2a021bc97501e6c135a67ea,513e09e4e48ca3483ff5a53a31e665dcbb079d38cfc0929d3be14859f6366214,9,9,True,False
REP_08137,44,data/campaigns/c1/07_clinical_dock/acid_dual_a2/urat1_9dkb/seed44/REP_08137_out.sdf,data/campaigns/c1/07_clinical_dock/acid_dual_a2/nlrp3_7alv/seed44/REP_08137_out.sdf,24b77f444504a0dfc381fabce7046bd1fc3bc4f368060d030946f789a042c469,677ddb073600250335e2ee4a8624a60b1afb6fa853705b2261ea4ed74c1eb2b1,9,9,True,True
REP_00153,44,data/campaigns/c1/07_clinical_dock/acid_dual_a2/urat1_9dkb/seed44/REP_00153_out.sdf,data/campaigns/c1/07_clinical_dock/acid_dual_a2/nlrp3_7alv/seed44/REP_00153_out.sdf,b3e2a0c655e342e083c375d22ad109dc134ed614cc631c14f7d174dc85897dc1,3d21e9c15513c694457ccdbd1827853fed70521581649b0d2248ee32ae00179a,9,9,True,False
REP_01147,44,data/campaigns/c1/07_clinical_dock/acid_dual_a2/urat1_9dkb/seed44/REP_01147_out.sdf,data/campaigns/c1/07_clinical_dock/acid_dual_a2/nlrp3_7alv/seed44/REP_01147_out.sdf,dc5c2febc62f461f6995d43e74b6f1f789f5a9f7111cb1e4660beae3160c874b,1d5119733754af3718606b28af4c7394bdbe754f55645954b0be04314c82feae,9,9,True,False
REP_06643,44,data/campaigns/c1/07_clinical_dock/acid_dual_a2/urat1_9dkb/seed44/REP_06643_out.sdf,data/campaigns/c1/07_clinical_dock/acid_dual_a2/nlrp3_7alv/seed44/REP_06643_out.sdf,b3dcf20fdc3e6d684a5315f1b9f1075be62a595f329310051ac63d1936a548cb,624c9fd518bdc02de9e3a7302dd2b816a88cfee1262e7c127131e344809684c5,9,9,True,True
REP_05846,44,data/campaigns/c1/07_clinical_dock/acid_dual_a2/urat1_9dkb/seed44/REP_05846_out.sdf,data/campaigns/c1/07_clinical_dock/acid_dual_a2/nlrp3_7alv/seed44/REP_05846_out.sdf,f63986daa914467d30346e5c1c4df18aa090b4332d813398a7c562942eb05953,84ff5bc91503c67ff5a1cc89e12ea7625ce68540aede9568150714941d78d3f5,9,9,True,True
REP_05864,44,data/campaigns/c1/07_clinical_dock/acid_dual_a2/urat1_9dkb/seed44/REP_05864_out.sdf,data/campaigns/c1/07_clinical_dock/acid_dual_a2/nlrp3_7alv/seed44/REP_05864_out.sdf,696a0e6ee895b2cb81363c611f5f234d5ec390770a5860aad75e16a45bfb3718,e09c11806a5ed699af14861789d22c97bbe4dcc85ce1794042b33e654d19ae1c,9,9,True,False
REP_07166,44,data/campaigns/c1/07_clinical_dock/acid_dual_a2/urat1_9dkb/seed44/REP_07166_out.sdf,data/campaigns/c1/07_clinical_dock/acid_dual_a2/nlrp3_7alv/seed44/REP_07166_out.sdf,7c5343db35b7c51cd11288470f549dfcb9d6045350d9b36af64900a347208bb8,e295356ed07bb008adf08bbdf29f5d7345b47e7daff821007a21e7f20f3b830b,9,9,True,False
REP_05813,44,data/campaigns/c1/07_clinical_dock/acid_dual_a2/urat1_9dkb/seed44/REP_05813_out.sdf,data/campaigns/c1/07_clinical_dock/acid_dual_a2/nlrp3_7alv/seed44/REP_05813_out.sdf,4c3cc36a8e7d44d4d7feb1fedb102a19dea2d48fa4e90065d516745d354a2549,359ade5cb4ab12e008fd18cca1a436902bd3ba0d677402911c55f3efd5ffdb00,9,9,False,False
REP_05763,44,data/campaigns/c1/07_clinical_dock/acid_dual_a2/urat1_9dkb/seed44/REP_05763_out.sdf,data/campaigns/c1/07_clinical_dock/acid_dual_a2/nlrp3_7alv/seed44/REP_05763_out.sdf,606acb8bcc27248f663a78ab5dd94b7fb3de4c56539dd2d8f008004c17e749c5,3f31ed575729c71de49c5c6e5d8e86079c9ed1021d7ee234954ba1547cd48a55,9,9,True,False
REP_05729,44,data/campaigns/c1/07_clinical_dock/acid_dual_a2/urat1_9dkb/seed44/REP_05729_out.sdf,data/campaigns/c1/07_clinical_dock/acid_dual_a2/nlrp3_7alv/seed44/REP_05729_out.sdf,727737265c6c701e0d7f095784fbc97dceb6625e7b1acb59eee143e2bc114a4f,9cbf6938a12228b5ab66ba9c1e99204ca235ccc9cbc19e0e87dccf205d514743,9,9,False,True
REP_07702,44,data/campaigns/c1/07_clinical_dock/acid_dual_a2/urat1_9dkb/seed44/REP_07702_out.sdf,data/campaigns/c1/07_clinical_dock/acid_dual_a2/nlrp3_7alv/seed44/REP_07702_out.sdf,6a002e929130f118040fc3920adbe99b7cb4355de6df6a8071c776ef6887fa9c,c25ae3dbba41ff3197eeb6fb06500a0704f82974b34deeae62c48315cc11beb4,9,9,True,False
REP_07704,44,data/campaigns/c1/07_clinical_dock/acid_dual_a2/urat1_9dkb/seed44/REP_07704_out.sdf,data/campaigns/c1/07_clinical_dock/acid_dual_a2/nlrp3_7alv/seed44/REP_07704_out.sdf,4c92dd7a2c212738116ccee26c65cf5bfcb1e76cb83bfbccacdc9c8b83a8f2e7,0c88a2ab8554b807ff46fd0546842b252156ba4779fd179e11dbbc55a9775f31,9,9,True,True
REP_00729,44,data/campaigns/c1/07_clinical_dock/acid_dual_a2/urat1_9dkb/seed44/REP_00729_out.sdf,data/campaigns/c1/07_clinical_dock/acid_dual_a2/nlrp3_7alv/seed44/REP_00729_out.sdf,d92bfc14756754734073aa021d04bf1c4caafe4eaafe12b00636d7bf290c3f49,3b65d3affefee25ac90f53dd321c4d5f9bc2574c4e6aaf810a2579b9b48c5455,9,9,True,False
REP_07645,44,data/campaigns/c1/07_clinical_dock/acid_dual_a2/urat1_9dkb/seed44/REP_07645_out.sdf,data/campaigns/c1/07_clinical_dock/acid_dual_a2/nlrp3_7alv/seed44/REP_07645_out.sdf,08826c2887dc38f6f95b85eeb77e1732ff13c548cc02c6a2feabd59fdebb1cd0,94335dd82b698881cb14edb6e9956eccc6b29965b9cbb314817e1d58337f33c7,9,9,True,True
REP_07056,44,data/campaigns/c1/07_clinical_dock/acid_dual_a2/urat1_9dkb/seed44/REP_07056_out.sdf,data/campaigns/c1/07_clinical_dock/acid_dual_a2/nlrp3_7alv/seed44/REP_07056_out.sdf,71123e2a4483261df4d57b1f4097815b4a9d58b0659facba8d3fc819fb56041b,8a08b28c4dc2dbf616e253a66bcb259b5313e8a3c44600bffb1a07d8fc837369,9,9,True,False
REP_01458,44,data/campaigns/c1/07_clinical_dock/acid_dual_a2/urat1_9dkb/seed44/REP_01458_out.sdf,data/campaigns/c1/07_clinical_dock/acid_dual_a2/nlrp3_7alv/seed44/REP_01458_out.sdf,1e4ec510ba490ec4b83722ce125e694e33a339cc3f25c6e2c33074901b0cac01,8a27ef234c1436d9b6e6e375ca7872856a3f2c5f15db84371de32db0e22b846d,9,9,False,False
REP_01474,44,data/campaigns/c1/07_clinical_dock/acid_dual_a2/urat1_9dkb/seed44/REP_01474_out.sdf,data/campaigns/c1/07_clinical_dock/acid_dual_a2/nlrp3_7alv/seed44/REP_01474_out.sdf,1f22dde6122708ba71da3ef20f03d5066ebf8776eec01a424df42e4c511019a3,285ef6cb249f2e778d269b13f7c35b7e4cafa2cfff3ea9dbaf6de2ad9bf98561,9,9,False,True
REP_03306,44,data/campaigns/c1/07_clinical_dock/acid_dual_a2/urat1_9dkb/seed44/REP_03306_out.sdf,data/campaigns/c1/07_clinical_dock/acid_dual_a2/nlrp3_7alv/seed44/REP_03306_out.sdf,0da1c92f5bed3367ea9844ba47d715b78e8b15e7d6035ac48ecc29c0f3e62714,5273f7d09be79e438d5d01e8ed7cbd90f80e64aff25b57f0ca1e775e313f02df,9,9,False,True
REP_07754,44,data/campaigns/c1/07_clinical_dock/acid_dual_a2/urat1_9dkb/seed44/REP_07754_out.sdf,data/campaigns/c1/07_clinical_dock/acid_dual_a2/nlrp3_7alv/seed44/REP_07754_out.sdf,1c4b4e7ecbb1f4c7dba11d563a2d4236b4a090577ffd7e0dc9276b81290b2093,7360aece0e12df350de15f4f58e44978db7a967a7b9d3a03600f3a06c4884058,9,9,True,False
REP_06990,44,data/campaigns/c1/07_clinical_dock/acid_dual_a2/urat1_9dkb/seed44/REP_06990_out.sdf,data/campaigns/c1/07_clinical_dock/acid_dual_a2/nlrp3_7alv/seed44/REP_06990_out.sdf,0b7c0ee2ecbcbd426398ae8ed2d3f2582bd5e6045e6d88ad682421b918e79db5,7a00b6552fccf7458b78e9edbf5dd51bae78abb9124b97146cddcf5d08a6a9b7,9,9,True,False
REP_02143,44,data/campaigns/c1/07_clinical_dock/acid_dual_a2/urat1_9dkb/seed44/REP_02143_out.sdf,data/campaigns/c1/07_clinical_dock/acid_dual_a2/nlrp3_7alv/seed44/REP_02143_out.sdf,63d0313d98fa0a8818d5531f26bd3dd36a5a6e6d6640a6139f4e03fe74c60b8e,8ad8d3882115d36065a7d9817c54e00bd5526914b97b959fa504fa0d74a1b031,9,9,True,True
REP_07040,44,data/campaigns/c1/07_clinical_dock/acid_dual_a2/urat1_9dkb/seed44/REP_07040_out.sdf,data/campaigns/c1/07_clinical_dock/acid_dual_a2/nlrp3_7alv/seed44/REP_07040_out.sdf,51ed8be0f50ed9be77365b35a85713dbca223d5970629bf1da28da568dc93afe,fbf5a86236022a9dbe9147ab15052311b77c3c0a25ea8b76b40cbbcf3eb63c5c,9,9,True,True
REP_01404,44,data/campaigns/c1/07_clinical_dock/acid_dual_a2/urat1_9dkb/seed44/REP_01404_out.sdf,data/campaigns/c1/07_clinical_dock/acid_dual_a2/nlrp3_7alv/seed44/REP_01404_out.sdf,608cbd54c23ef0e815aa7847ac73d4dbf4052211e8021214a32c45052f7de216,411a8b6119426d25ae154cb18e17585b0e546ff78d677b45d6d1d9ccb39f9cb5,9,9,True,True
REP_07859,44,data/campaigns/c1/07_clinical_dock/acid_dual_a2/urat1_9dkb/seed44/REP_07859_out.sdf,data/campaigns/c1/07_clinical_dock/acid_dual_a2/nlrp3_7alv/seed44/REP_07859_out.sdf,15115397826698a064ba708bb916953439718e3fd14c62bd5284047a144e5e57,3fbfb69e126452a9c277bf4f0d4b381244c92e7f3560eddc8e8584ee55de1e31,9,9,False,False
REP_07910,44,data/campaigns/c1/07_clinical_dock/acid_dual_a2/urat1_9dkb/seed44/REP_07910_out.sdf,data/campaigns/c1/07_clinical_dock/acid_dual_a2/nlrp3_7alv/seed44/REP_07910_out.sdf,44f20eacd83159554c6daaeaf511594699db1541529353da2deb36eb2d059fdd,4403fa0b17b976ccc6e90b717fda737f7ee58a0fce5f588085e1803076df2d38,9,9,False,True
REP_05470,44,data/campaigns/c1/07_clinical_dock/acid_dual_a2/urat1_9dkb/seed44/REP_05470_out.sdf,data/campaigns/c1/07_clinical_dock/acid_dual_a2/nlrp3_7alv/seed44/REP_05470_out.sdf,9509b89ec35d566d1eb665dd883a5a655b2ca21d9ec4f9eacc6bd484168e0f72,2a232cfa639ec8c523f726cf01eb1d12169952901dfebc92751f9b23b0cc2560,9,9,True,True
REP_02001,44,data/campaigns/c1/07_clinical_dock/acid_dual_a2/urat1_9dkb/seed44/REP_02001_out.sdf,data/campaigns/c1/07_clinical_dock/acid_dual_a2/nlrp3_7alv/seed44/REP_02001_out.sdf,9ebb124818956d4d4472109f64e58b95c03b8947244cff9c08dd3604c51dfc22,1fe8892321e5d5ceb2d8ff12c0cc0a5c0a7c6a92c4fd5d4652b5e2548d4cafd3,9,9,False,True
REP_04566,44,data/campaigns/c1/07_clinical_dock/acid_dual_a2/urat1_9dkb/seed44/REP_04566_out.sdf,data/campaigns/c1/07_clinical_dock/acid_dual_a2/nlrp3_7alv/seed44/REP_04566_out.sdf,ae0113bff6a5e0da511b0f418e98bdf6a89783ff5257dbe870ef400e08cc4852,6b581b9e19d3b7b509ef3fb3ebbb0f3976a5c4fe60303ce1a0e48b592c0694de,9,9,False,True
REP_03680,44,data/campaigns/c1/07_clinical_dock/acid_dual_a2/urat1_9dkb/seed44/REP_03680_out.sdf,data/campaigns/c1/07_clinical_dock/acid_dual_a2/nlrp3_7alv/seed44/REP_03680_out.sdf,c5b4b13848fef37e73da6de46f4eb570d07886c920829a1e0ba4441af209e8dc,7c846a8a2f4ad40c9d30b769e77fd15f7dd0ba89c6c225b486796b7127a0e5ae,9,9,False,False
REP_00857,44,data/campaigns/c1/07_clinical_dock/acid_dual_a2/urat1_9dkb/seed44/REP_00857_out.sdf,data/campaigns/c1/07_clinical_dock/acid_dual_a2/nlrp3_7alv/seed44/REP_00857_out.sdf,d207d67c5f774764eb9bb9de3b4aeeff5b89c0c7bf40530db3d29024b73c6b13,26cf9a9ce1322525184c428ea2495fb6ababf367dbb2a9956d0ee35a1ac051eb,9,9,True,False
REP_01346,44,data/campaigns/c1/07_clinical_dock/acid_dual_a2/urat1_9dkb/seed44/REP_01346_out.sdf,data/campaigns/c1/07_clinical_dock/acid_dual_a2/nlrp3_7alv/seed44/REP_01346_out.sdf,e8bedc1e8480abad2de7a3b28915233824746e697b919036641511eeefa7a467,ae4f857a984b140ccf4e7b567a5f603de2f7502312154bd687a6dbf2da4838e7,9,9,True,False
REP_05267,44,data/campaigns/c1/07_clinical_dock/acid_dual_a2/urat1_9dkb/seed44/REP_05267_out.sdf,data/campaigns/c1/07_clinical_dock/acid_dual_a2/nlrp3_7alv/seed44/REP_05267_out.sdf,6a21f723b41bb585413c21823ce248dda427a2cac3893945d5bbc7a175261f2c,d87fe34ca0eaffdc0b3c9534064e2edc7cb0eaab56eb1828e02e7722cafad7ab,9,9,False,True
REP_07899,44,data/campaigns/c1/07_clinical_dock/acid_dual_a2/urat1_9dkb/seed44/REP_07899_out.sdf,data/campaigns/c1/07_clinical_dock/acid_dual_a2/nlrp3_7alv/seed44/REP_07899_out.sdf,26cdff790ca51e72bd9963a4cc50e9e39861e39a6fc985837470cc5e54c729af,7a0c975a633df271c9a4f1fe545da4e4bd6b7ed745e66665bb2b9cce7f7743d8,9,9,True,False
REP_00950,44,data/campaigns/c1/07_clinical_dock/acid_dual_a2/urat1_9dkb/seed44/REP_00950_out.sdf,data/campaigns/c1/07_clinical_dock/acid_dual_a2/nlrp3_7alv/seed44/REP_00950_out.sdf,574bf45e47655325d8aab627312a6a264f0bd2379bbe2111534eae0cd6187808,db09b7a8967d1f2aac644a56f8ccb7dd6cc8f3c210d850b54dbdb41508bbd5b0,9,9,True,False
REP_04581,44,data/campaigns/c1/07_clinical_dock/acid_dual_a2/urat1_9dkb/seed44/REP_04581_out.sdf,data/campaigns/c1/07_clinical_dock/acid_dual_a2/nlrp3_7alv/seed44/REP_04581_out.sdf,0dc134743ce6fbb4b36b821e6b8dc6b70d37ba6009f4c6d9280a975c779aebc1,013426eb154ce29c3171f1e4e062b987af625f77deba4da4a2d2cb41dd547b9b,9,9,True,True
REP_02354,44,data/campaigns/c1/07_clinical_dock/acid_dual_a2/urat1_9dkb/seed44/REP_02354_out.sdf,data/campaigns/c1/07_clinical_dock/acid_dual_a2/nlrp3_7alv/seed44/REP_02354_out.sdf,5af320342954ef8a3b6359c5b0c06ec2b6bacd6aa7adc76436874d22d6bdce4c,b5b96085ee137951f5d7cea65550c0f0ea37b3740dc9636a7a56d6a9b32810ca,9,9,True,False
REP_02650,44,data/campaigns/c1/07_clinical_dock/acid_dual_a2/urat1_9dkb/seed44/REP_02650_out.sdf,data/campaigns/c1/07_clinical_dock/acid_dual_a2/nlrp3_7alv/seed44/REP_02650_out.sdf,e8d803e0d86abbbd9a23267a1cb0cc2132fad2a2f70a8440aaf39d46622f90fa,9e191993aa10611dd1829dcbfb62b4e84c091d5914c6d2c802298ee7e9853def,9,9,True,True
REP_08002,44,data/campaigns/c1/07_clinical_dock/acid_dual_a2/urat1_9dkb/seed44/REP_08002_out.sdf,data/campaigns/c1/07_clinical_dock/acid_dual_a2/nlrp3_7alv/seed44/REP_08002_out.sdf,274a7c03634e6662843281a1052acc21f4b434798de50c047109db6b611ff464,2e0d19d92996a0eb2852cd1f6b2a92675986faf8c29f72f67f3bd2775ad4bccc,9,9,True,False
REP_06427,44,data/campaigns/c1/07_clinical_dock/acid_dual_a2/urat1_9dkb/seed44/REP_06427_out.sdf,data/campaigns/c1/07_clinical_dock/acid_dual_a2/nlrp3_7alv/seed44/REP_06427_out.sdf,f1ab720b8eee8a46cbade67fe274d5353f5e3112eb795259a6a55714f602c98d,26499da888c2456fee230fd3b6859269b09092f7e29703b8877726a19591a5d3,9,9,False,False
REP_08064,44,data/campaigns/c1/07_clinical_dock/acid_dual_a2/urat1_9dkb/seed44/REP_08064_out.sdf,data/campaigns/c1/07_clinical_dock/acid_dual_a2/nlrp3_7alv/seed44/REP_08064_out.sdf,ef9a477820efd683cf545f2d6d034c7e498fa957c1383b613bc9b52901494ea4,8cd350ec56c66652531ec537f45f568a6fd5113744cd0c928d198d527c7b6e9f,9,9,False,True
REP_04977,44,data/campaigns/c1/07_clinical_dock/acid_dual_a2/urat1_9dkb/seed44/REP_04977_out.sdf,data/campaigns/c1/07_clinical_dock/acid_dual_a2/nlrp3_7alv/seed44/REP_04977_out.sdf,5f98451d7e65225dde6020cda0ede7b58c5852d6d46925f87bc78aa7f4cf40a4,a7986409c1f19daaa2729b88df7958736d41dc6ee7f15278344e3c06f5fda444,9,9,False,False
REP_00077,44,data/campaigns/c1/07_clinical_dock/acid_dual_a2/urat1_9dkb/seed44/REP_00077_out.sdf,data/campaigns/c1/07_clinical_dock/acid_dual_a2/nlrp3_7alv/seed44/REP_00077_out.sdf,1106a017a039458f6cc42077c422f2c78dc0cc321f8bb85e7828c4ca8640dfe5,b19080e4aa3046660553424d3a7fbb2df110cc91af0cb912ab394c39a5e53523,9,9,False,True
REP_01178,44,data/campaigns/c1/07_clinical_dock/acid_dual_a2/urat1_9dkb/seed44/REP_01178_out.sdf,data/campaigns/c1/07_clinical_dock/acid_dual_a2/nlrp3_7alv/seed44/REP_01178_out.sdf,4a650c2f35271deb05ce0b98cb19c62095e4b150512c8c08702fad934cbd708d,7a56ee7d8a931ace01c93132aff27359c861b398c695db1441a86a553261bdb3,9,9,True,True
REP_06583,44,data/campaigns/c1/07_clinical_dock/acid_dual_a2/urat1_9dkb/seed44/REP_06583_out.sdf,data/campaigns/c1/07_clinical_dock/acid_dual_a2/nlrp3_7alv/seed44/REP_06583_out.sdf,7ff77336475108ba585a1a1102c52a986f91d30466522aaaa8cafcda059667c9,5920a0ffa3533ecff005995e38324cbdf8cb6f6a10af786fcd4f4e5e9a6a62b3,9,9,True,True
REP_01181,44,data/campaigns/c1/07_clinical_dock/acid_dual_a2/urat1_9dkb/seed44/REP_01181_out.sdf,data/campaigns/c1/07_clinical_dock/acid_dual_a2/nlrp3_7alv/seed44/REP_01181_out.sdf,bdf7a8fc045632ef4cc97a3bbb30a5493bff34c6d2f4172b781c16cf57fee8be,d5a1f57becef1b317629f71f7dcf53f2030c0538e5c385a651ab8d3931f5376d,9,9,False,True
REP_08143,44,data/campaigns/c1/07_clinical_dock/acid_dual_a2/urat1_9dkb/seed44/REP_08143_out.sdf,data/campaigns/c1/07_clinical_dock/acid_dual_a2/nlrp3_7alv/seed44/REP_08143_out.sdf,ccaa6427e911f625118a90bda8cd34bae6363db82d937a6b123874e065556759,02927fc79bee99952fb6633a97aae166661853b6f8a5aea8f7d114c3f7b5d301,9,9,True,True
REP_06722,44,data/campaigns/c1/07_clinical_dock/acid_dual_a2/urat1_9dkb/seed44/REP_06722_out.sdf,data/campaigns/c1/07_clinical_dock/acid_dual_a2/nlrp3_7alv/seed44/REP_06722_out.sdf,4ececb7e458afa4edb0a34e1d52af8aae9bc44caeaa0084173cb4464aa88eef6,87f8a848779c8b091fc4974ddd6ab7189cbfb6a43f10686a214db000548cfd86,9,9,True,False
REP_01598,44,data/campaigns/c1/07_clinical_dock/acid_dual_a2/urat1_9dkb/seed44/REP_01598_out.sdf,data/campaigns/c1/07_clinical_dock/acid_dual_a2/nlrp3_7alv/seed44/REP_01598_out.sdf,faa37df796c1f5d3588caccce2d617e128e582769390f515cfff00da3f3b5083,688a739ad749df70eb3c4571dfcb52aac8ef953933f1287e705a97b80980fadf,9,9,True,False
REP_02379,44,data/campaigns/c1/07_clinical_dock/acid_dual_a2/urat1_9dkb/seed44/REP_02379_out.sdf,data/campaigns/c1/07_clinical_dock/acid_dual_a2/nlrp3_7alv/seed44/REP_02379_out.sdf,273b3273951fb941f7a4851aab44f205bef660747b170dfa0501ba046d748176,4ddd886afe851ebafa0f72a2a8a47dae76df5bff3028ea09616157503df26593,9,9,True,False
REP_07300,44,data/campaigns/c1/07_clinical_dock/acid_dual_a2/urat1_9dkb/seed44/REP_07300_out.sdf,data/campaigns/c1/07_clinical_dock/acid_dual_a2/nlrp3_7alv/seed44/REP_07300_out.sdf,5eb74b57c4102b7d5d33eaf30eeec9f47289a5f584315987f907fab64427b20a,59f00f8f904e9c6a4e6b2a95a30c5d14f0da7fe86fdf7e339d6016e501fba97b,9,9,False,True
REP_08161,44,data/campaigns/c1/07_clinical_dock/acid_dual_a2/urat1_9dkb/seed44/REP_08161_out.sdf,data/campaigns/c1/07_clinical_dock/acid_dual_a2/nlrp3_7alv/seed44/REP_08161_out.sdf,7b33a4808e51a1f139d6d936205b9803d4ef79f4dd9b3982933bf8ee117c198f,56f0b711b292023f573a1abaa72209ed0b96e0d48c8f32c1e956ffd71c4aee81,9,9,False,True
REP_07101,44,data/campaigns/c1/07_clinical_dock/acid_dual_a2/urat1_9dkb/seed44/REP_07101_out.sdf,data/campaigns/c1/07_clinical_dock/acid_dual_a2/nlrp3_7alv/seed44/REP_07101_out.sdf,975dd33b71bfce6a96cb588b0bde35c065075842fb2a332aba4f564010eba502,06f755010e6d5dc94899db1b2af534205edd61f5237d8cfba6faf66d6f10c613,9,9,False,True
REP_06986,44,data/campaigns/c1/07_clinical_dock/acid_dual_a2/urat1_9dkb/seed44/REP_06986_out.sdf,data/campaigns/c1/07_clinical_dock/acid_dual_a2/nlrp3_7alv/seed44/REP_06986_out.sdf,f4192dccefcf6a98fc92cf46b158456d193d7d4a60b9a877b998aef531528d47,bb9e98415029ae460c619f6fb9190fcdd794039661eaff8d6f69277d594bd125,9,9,False,False
REP_04582,44,data/campaigns/c1/07_clinical_dock/acid_dual_a2/urat1_9dkb/seed44/REP_04582_out.sdf,data/campaigns/c1/07_clinical_dock/acid_dual_a2/nlrp3_7alv/seed44/REP_04582_out.sdf,a9ffe6d97fed2552a7894837eb48e689b5d829d8210e13e02d365e2d872a1475,4b5d094cdee99021f63e41efa8e7507ccb7af67ebdeeec4114df0b9077a07702,9,9,True,False
REP_00940,44,data/campaigns/c1/07_clinical_dock/acid_dual_a2/urat1_9dkb/seed44/REP_00940_out.sdf,data/campaigns/c1/07_clinical_dock/acid_dual_a2/nlrp3_7alv/seed44/REP_00940_out.sdf,4a0a3e427e85c75e07189833206b383a94d4adbf9947f10cfef5dbf6ac0c8e0c,9df1a4e9739cdbb56a7c7c1de9b1ab7379661cd0d32433cadccd7a0c8e3efec9,9,9,True,True
REP_05113,44,data/campaigns/c1/07_clinical_dock/acid_dual_a2/urat1_9dkb/seed44/REP_05113_out.sdf,data/campaigns/c1/07_clinical_dock/acid_dual_a2/nlrp3_7alv/seed44/REP_05113_out.sdf,c3d7979b53cd7e4bf067218f5b1e5d7fc1814dd9f9b9c1afa02404aa2e45a9d9,9314e60e2d2d01fc08a0a6fbcb60598b7ecf54e8952cab41ed7e46ecae632bbd,9,9,True,False
REP_05141,44,data/campaigns/c1/07_clinical_dock/acid_dual_a2/urat1_9dkb/seed44/REP_05141_out.sdf,data/campaigns/c1/07_clinical_dock/acid_dual_a2/nlrp3_7alv/seed44/REP_05141_out.sdf,25c8b69df527c2407235dead70a04d58a006924b09e4dd23b709aa522176229d,79d3f802c71c8b8490f2e33f39d6048182997e215552a587198119ce54e2d20f,9,9,True,True
REP_01601,44,data/campaigns/c1/07_clinical_dock/acid_dual_a2/urat1_9dkb/seed44/REP_01601_out.sdf,data/campaigns/c1/07_clinical_dock/acid_dual_a2/nlrp3_7alv/seed44/REP_01601_out.sdf,d483b02b6192bf5d8556e6241a45a834f10f74cfb383ecd3b409560f97d6485b,d8747167ece08c47ec1035cf4e74fb743ff74dd87f5fd10786f5f27b50b2a439,9,9,True,False
REP_01310,44,data/campaigns/c1/07_clinical_dock/acid_dual_a2/urat1_9dkb/seed44/REP_01310_out.sdf,data/campaigns/c1/07_clinical_dock/acid_dual_a2/nlrp3_7alv/seed44/REP_01310_out.sdf,df529201d6b39a48144f1d750fa9fa8d9d809a7baaa05925890c4dfe2a2a2e0e,02ed3c604097b5fb61dfc4c6a81b2c3078ad7d0a92dde7116e4a504f21fd9b37,9,9,True,False
REP_07874,44,data/campaigns/c1/07_clinical_dock/acid_dual_a2/urat1_9dkb/seed44/REP_07874_out.sdf,data/campaigns/c1/07_clinical_dock/acid_dual_a2/nlrp3_7alv/seed44/REP_07874_out.sdf,43467f52f745457c18d492dbd25dc007a396be57d18de3f3106ebc4b0ecc5613,6342af4246f27d99f1ad780691e18a67dde39b368700bde37114090143b4b386,9,9,True,True
REP_00745,44,data/campaigns/c1/07_clinical_dock/acid_dual_a2/urat1_9dkb/seed44/REP_00745_out.sdf,data/campaigns/c1/07_clinical_dock/acid_dual_a2/nlrp3_7alv/seed44/REP_00745_out.sdf,ac51aa930c7c9dd86c17ae56ef85db03395338091f4627a4fccd34b4ace36e75,9867cecb3f547ad5f928ffa5797094ebbdd9088bb02a08e7b517816aa9af1f0b,9,9,True,False
REP_05543,44,data/campaigns/c1/07_clinical_dock/acid_dual_a2/urat1_9dkb/seed44/REP_05543_out.sdf,data/campaigns/c1/07_clinical_dock/acid_dual_a2/nlrp3_7alv/seed44/REP_05543_out.sdf,94bd8bab300b8fc72b6d8d3dc00079920a4e17e137a38ac9b90aa96486156730,f5473324d26b438a1b78f7ac365e37c8127db47dc663c4951fb8c395e1ba9d33,9,9,True,True
REP_01494,44,data/campaigns/c1/07_clinical_dock/acid_dual_a2/urat1_9dkb/seed44/REP_01494_out.sdf,data/campaigns/c1/07_clinical_dock/acid_dual_a2/nlrp3_7alv/seed44/REP_01494_out.sdf,8f5b6a5cc7406ce8112d07976d8472a1bc889fcc7731c982ce47232344b5fdba,22725e4055458af25d3edba8727629324d9d87d181c146a771c955dc198b98ff,9,9,True,False
REP_03974,44,data/campaigns/c1/07_clinical_dock/acid_dual_a2/urat1_9dkb/seed44/REP_03974_out.sdf,data/campaigns/c1/07_clinical_dock/acid_dual_a2/nlrp3_7alv/seed44/REP_03974_out.sdf,fcb33bccb6bf67d31ae5c9c859a961b27f7591dad6f67589e740def6f2bf0d39,862d85480d07dcb83256768167ede95eac202f3a140def5b1e81da65e079f17e,9,9,True,True
REP_06973,44,data/campaigns/c1/07_clinical_dock/acid_dual_a2/urat1_9dkb/seed44/REP_06973_out.sdf,data/campaigns/c1/07_clinical_dock/acid_dual_a2/nlrp3_7alv/seed44/REP_06973_out.sdf,b259214ce36e7a49df258d3151959a9e1d999818c45ee39cd4a1be6ab785285f,fca84fcc0e57fbf8a1d9def756acdd7a19628b26416c20ca55987d14ec4baffb,9,9,True,True
REP_04229,44,data/campaigns/c1/07_clinical_dock/acid_dual_a2/urat1_9dkb/seed44/REP_04229_out.sdf,data/campaigns/c1/07_clinical_dock/acid_dual_a2/nlrp3_7alv/seed44/REP_04229_out.sdf,cac75a8af361310f80f361e154e0ece689aa15166b8366c3710bb9da711c7c35,35e68f57058f0dd52ca22fc28e0b6dfb35780e6033c36bcf1080926d64cb58b6,9,9,True,False
REP_00944,44,data/campaigns/c1/07_clinical_dock/acid_dual_a2/urat1_9dkb/seed44/REP_00944_out.sdf,data/campaigns/c1/07_clinical_dock/acid_dual_a2/nlrp3_7alv/seed44/REP_00944_out.sdf,2ae198d281db15806cdf68943f7a923ae1c3904ec9d206d9030eaf6f8444b6f6,c6218b2c0219be5a13ea2b82a286b5192ff6fa5531a90f26e9c38cb18ca60752,9,9,True,True
REP_07055,44,data/campaigns/c1/07_clinical_dock/acid_dual_a2/urat1_9dkb/seed44/REP_07055_out.sdf,data/campaigns/c1/07_clinical_dock/acid_dual_a2/nlrp3_7alv/seed44/REP_07055_out.sdf,a4bbaf23abedede04db04783ec5ad426f5ee2aa7aabc7413ac19420b9e9a3a5b,462e8273075ba056d20a1e7328c4430a2a7f3f3846df7148372ce4219d9aadb5,9,9,False,True
REP_07880,44,data/campaigns/c1/07_clinical_dock/acid_dual_a2/urat1_9dkb/seed44/REP_07880_out.sdf,data/campaigns/c1/07_clinical_dock/acid_dual_a2/nlrp3_7alv/seed44/REP_07880_out.sdf,76a3a1771535b87f5ab992b8a24fcc4274b029d56fcc48a3e856b4ef8a1f4aaa,efbe900184111c62124894cb0541bf092b884c001dbeb7ae15fee9acb7e4f425,9,9,True,False
REP_00308,44,data/campaigns/c1/07_clinical_dock/acid_dual_a2/urat1_9dkb/seed44/REP_00308_out.sdf,data/campaigns/c1/07_clinical_dock/acid_dual_a2/nlrp3_7alv/seed44/REP_00308_out.sdf,9b56983256c60e972e16ffdfa872010e61972e54cbeb76989f2af86b5d47aa0f,1b1bc87be342e624953c490ce7fc0764b96620f9a3d2b2229e368b9b6d7428eb,9,9,False,False
REP_05466,44,data/campaigns/c1/07_clinical_dock/acid_dual_a2/urat1_9dkb/seed44/REP_05466_out.sdf,data/campaigns/c1/07_clinical_dock/acid_dual_a2/nlrp3_7alv/seed44/REP_05466_out.sdf,e1a23fa3096606ae4f606a00d76f15cda77a5107b3e41489b91382e2c9147e11,536d2b3ac20af66ce91918029d14fc3925b0df7273e80b28e22f668d7b266795,9,9,True,False
REP_06668,44,data/campaigns/c1/07_clinical_dock/acid_dual_a2/urat1_9dkb/seed44/REP_06668_out.sdf,data/campaigns/c1/07_clinical_dock/acid_dual_a2/nlrp3_7alv/seed44/REP_06668_out.sdf,e9ed685d3b583811666fbd515089c646fd5219a387fea61521506de5a17b50bc,2dbe59bc6f03ca6cf9e5bbf4c74e6202d9faa0876072e8070cacf3f66937b7bc,9,9,False,False
REP_00092,44,data/campaigns/c1/07_clinical_dock/acid_dual_a2/urat1_9dkb/seed44/REP_00092_out.sdf,data/campaigns/c1/07_clinical_dock/acid_dual_a2/nlrp3_7alv/seed44/REP_00092_out.sdf,fa7bc70ead917e149f25159b689882760e105ab3e522dd2be1959fa3550c9c5d,d98fcdfac5dcc191422a3d1d9ae365f8fa1515545db4aed7c172ef1a7f8e2155,9,9,True,False
REP_08014,44,data/campaigns/c1/07_clinical_dock/acid_dual_a2/urat1_9dkb/seed44/REP_08014_out.sdf,data/campaigns/c1/07_clinical_dock/acid_dual_a2/nlrp3_7alv/seed44/REP_08014_out.sdf,59bc931d2efb4c68563ace838df129d96cc1f6e2796e238d62aa450508d2c797,7d8e2b2d2b5c0c114d8d44ded24f07b77d9dad9387f5f0e3468670a1411f1898,9,9,True,True
REP_00325,44,data/campaigns/c1/07_clinical_dock/acid_dual_a2/urat1_9dkb/seed44/REP_00325_out.sdf,data/campaigns/c1/07_clinical_dock/acid_dual_a2/nlrp3_7alv/seed44/REP_00325_out.sdf,deefd779932a8c2e5b5cef6a61b7fe4120fb567368f1ed7005bed1e6608d930c,c74a3ceb5b72954625a6e71a338794af93fcd248bfc782b25af1b51a4d3200ea,9,9,True,True
REP_00300,44,data/campaigns/c1/07_clinical_dock/acid_dual_a2/urat1_9dkb/seed44/REP_00300_out.sdf,data/campaigns/c1/07_clinical_dock/acid_dual_a2/nlrp3_7alv/seed44/REP_00300_out.sdf,21c7a4942d20a88f04968d012e266bade04edd7f817c3aa0975a8068223e7786,077a4067f79cf49f57994f09c9ff2f39ec42da306e413a7b5cae504d4f87a43c,9,9,False,True
REP_00572,44,data/campaigns/c1/07_clinical_dock/acid_dual_a2/urat1_9dkb/seed44/REP_00572_out.sdf,data/campaigns/c1/07_clinical_dock/acid_dual_a2/nlrp3_7alv/seed44/REP_00572_out.sdf,a24b01d504556dd1bfd88c9c1315fed3c9d2c024b96b7c6bbf9f0bc566f9d1fd,effc8876076f02af3441fba71b46386d0b3d3b3f46f7b0c700c8bc35f0be6f94,9,9,False,True
REP_05440,44,data/campaigns/c1/07_clinical_dock/acid_dual_a2/urat1_9dkb/seed44/REP_05440_out.sdf,data/campaigns/c1/07_clinical_dock/acid_dual_a2/nlrp3_7alv/seed44/REP_05440_out.sdf,071ce78091f620bfb39b3f74615f9476e68bae2fd67109409d16ca7b726f2df2,fae32e2b961c71ba4d14329c5c6fc773af9a9439b898fe31c53822901d6f6795,9,9,False,True
REP_05567,44,data/campaigns/c1/07_clinical_dock/acid_dual_a2/urat1_9dkb/seed44/REP_05567_out.sdf,data/campaigns/c1/07_clinical_dock/acid_dual_a2/nlrp3_7alv/seed44/REP_05567_out.sdf,465327a53a55358919a6d916af96499949a32bceba5447ed6a7beb5166f7cb57,7fff7de8f458e47e851e215c300cb0de2a355384a2e697215c0c64d6a4ceb58e,9,9,False,True
REP_01595,44,data/campaigns/c1/07_clinical_dock/acid_dual_a2/urat1_9dkb/seed44/REP_01595_out.sdf,data/campaigns/c1/07_clinical_dock/acid_dual_a2/nlrp3_7alv/seed44/REP_01595_out.sdf,ad0f8c320a2b523d17979838d79d41fb8f70e2650a5ff6a5c9b204d1224c6807,eab4c7ce2f77682275ba7eb7cf43b0b12bd89702396a49d4745a02a8934e55e1,9,9,True,True
REP_00476,44,data/campaigns/c1/07_clinical_dock/acid_dual_a2/urat1_9dkb/seed44/REP_00476_out.sdf,data/campaigns/c1/07_clinical_dock/acid_dual_a2/nlrp3_7alv/seed44/REP_00476_out.sdf,aa784570c05a4bec63288bb04a4c9cfac86e502fa2d5daf32119ef1bdb4f36e0,f95ff56c6c4ff573cd36ffadff0b088175e2f6f487cf420227400650e1d9a6da,9,9,True,False
REP_03855,44,data/campaigns/c1/07_clinical_dock/acid_dual_a2/urat1_9dkb/seed44/REP_03855_out.sdf,data/campaigns/c1/07_clinical_dock/acid_dual_a2/nlrp3_7alv/seed44/REP_03855_out.sdf,72ea883fa1c26c43cdaaf15899934dcd897148d8a28d80e731e62306adcc7d69,49dceb3facc7aabe1fc5158b4acf53aa613bff18479f83062f7e2b6b54b976d5,9,9,True,False
REP_05411,44,data/campaigns/c1/07_clinical_dock/acid_dual_a2/urat1_9dkb/seed44/REP_05411_out.sdf,data/campaigns/c1/07_clinical_dock/acid_dual_a2/nlrp3_7alv/seed44/REP_05411_out.sdf,a7b1d7321ef32e5ab4270007643f9c164e13ebc10036ae844b61af3c0eb4d97b,d921e280fbac03a942f5dd6a9d14668957f0d7af2d09aa50e0f504865e13f7de,9,9,False,True
REP_05302,44,data/campaigns/c1/07_clinical_dock/acid_dual_a2/urat1_9dkb/seed44/REP_05302_out.sdf,data/campaigns/c1/07_clinical_dock/acid_dual_a2/nlrp3_7alv/seed44/REP_05302_out.sdf,d7a80aa804943d9079aef04bc1bd5474862a6ca12bf473b6bbdd44412b7ffcfc,9c84a9047c1a2aadc217b5f10b6bb6008f608bef72074683318344dabe46c5b6,9,9,True,True
REP_04246,44,data/campaigns/c1/07_clinical_dock/acid_dual_a2/urat1_9dkb/seed44/REP_04246_out.sdf,data/campaigns/c1/07_clinical_dock/acid_dual_a2/nlrp3_7alv/seed44/REP_04246_out.sdf,388f1443dc11e34db1490fab9ff0ea1ace6663be7b0c75293c4ff1851290640d,02d7976073bd1bf9ccef55f697c993dcf0e7ad2fc5a079fe7527dc5194b7548a,9,9,True,False
REP_04975,44,data/campaigns/c1/07_clinical_dock/acid_dual_a2/urat1_9dkb/seed44/REP_04975_out.sdf,data/campaigns/c1/07_clinical_dock/acid_dual_a2/nlrp3_7alv/seed44/REP_04975_out.sdf,1f7d3cc3f6ae0385add4a2b9f79698701dbbee74427d42235f392e79a9917ca7,9683531bb2c6be3fcf7d488a312a1699e5bc621c59a882d1e2ed6952a3810daa,9,9,True,False
REP_08103,44,data/campaigns/c1/07_clinical_dock/acid_dual_a2/urat1_9dkb/seed44/REP_08103_out.sdf,data/campaigns/c1/07_clinical_dock/acid_dual_a2/nlrp3_7alv/seed44/REP_08103_out.sdf,ceb68d6cd4eec5f0f309888f64bf455dde205fd6dc4bebe554c22291d789d64d,93bbf1c2710e880db1e16a714801ca4e098d8b89b21595219cfb973f2e66469a,9,9,True,True
REP_07338,44,data/campaigns/c1/07_clinical_dock/acid_dual_a2/urat1_9dkb/seed44/REP_07338_out.sdf,data/campaigns/c1/07_clinical_dock/acid_dual_a2/nlrp3_7alv/seed44/REP_07338_out.sdf,3bab16650b9d2362fa9a363a5bf1128abff462aeef9b2d803724191e82bafc9a,2b0251303486ccb6aa8bda6a4b7d150158e57035a2d6cc79e029d6a7281b4c09,9,9,True,True
REP_05869,44,data/campaigns/c1/07_clinical_dock/acid_dual_a2/urat1_9dkb/seed44/REP_05869_out.sdf,data/campaigns/c1/07_clinical_dock/acid_dual_a2/nlrp3_7alv/seed44/REP_05869_out.sdf,006a9da0d2dd8b0fa88b06861059f3d40c6d17d2d07341b5872202c84c5f952c,b58b20429905ed2b8d0e767573ab1857a92d32960b9f515977383eb33f0be6f0,9,9,True,False
REP_02366,44,data/campaigns/c1/07_clinical_dock/acid_dual_a2/urat1_9dkb/seed44/REP_02366_out.sdf,data/campaigns/c1/07_clinical_dock/acid_dual_a2/nlrp3_7alv/seed44/REP_02366_out.sdf,5a11c946adf9d4ce29ef8e593fdee7025e65987f4e8590daf12cf4769fd7d668,0aa3586a80bf93d0bfaf1db8fbd9c86f8ea46b6616b702e9de6f0f0f12dedec4,9,9,True,True
REP_05906,44,data/campaigns/c1/07_clinical_dock/acid_dual_a2/urat1_9dkb/seed44/REP_05906_out.sdf,data/campaigns/c1/07_clinical_dock/acid_dual_a2/nlrp3_7alv/seed44/REP_05906_out.sdf,b2edd03ec90d620cfd551154a732f833e7297ea97867ac3914702cfcd55fc56a,41dabb07b84891449f8e0933bf101f957ce79800521063d332f2f32594a108f8,9,9,True,False
REP_00698,44,data/campaigns/c1/07_clinical_dock/acid_dual_a2/urat1_9dkb/seed44/REP_00698_out.sdf,data/campaigns/c1/07_clinical_dock/acid_dual_a2/nlrp3_7alv/seed44/REP_00698_out.sdf,1acbf277f70fc2349765bed024c97ab121cf3c50d5a4f2dae8b22540c0a2d6af,73861bd7b5acb47c9036ce378c958ed2baa8ad76f3e495e3200be8df2490a87c,9,9,True,False
REP_05784,44,data/campaigns/c1/07_clinical_dock/acid_dual_a2/urat1_9dkb/seed44/REP_05784_out.sdf,data/campaigns/c1/07_clinical_dock/acid_dual_a2/nlrp3_7alv/seed44/REP_05784_out.sdf,cab5550692a9bf0ba302a6d536464e059ff136326c252f66a96e99893f284de3,721d3b0a2d65630cdaf5c2639f54775873960e0b15f6932963b07ea4269e4ecb,9,9,True,True
REP_07105,44,data/campaigns/c1/07_clinical_dock/acid_dual_a2/urat1_9dkb/seed44/REP_07105_out.sdf,data/campaigns/c1/07_clinical_dock/acid_dual_a2/nlrp3_7alv/seed44/REP_07105_out.sdf,7b0c1052c1ffcfb226138dd1c2def08773e7cd26ef591e4be691df8fd6ae4f39,27604224e57c4342ea369198ce14e5487620e3aa686ddca3df1b8922a77b7883,9,9,True,False
REP_07126,44,data/campaigns/c1/07_clinical_dock/acid_dual_a2/urat1_9dkb/seed44/REP_07126_out.sdf,data/campaigns/c1/07_clinical_dock/acid_dual_a2/nlrp3_7alv/seed44/REP_07126_out.sdf,aad79cfea508ba89191380ee80df37e83f0ab607150d8635e8e8f4e85443d0d8,7587ae33587ac17ceb6043a5ee11b60cdca42acdc678f7a6b3924ac69aa254a6,9,9,False,True
REP_04990,44,data/campaigns/c1/07_clinical_dock/acid_dual_a2/urat1_9dkb/seed44/REP_04990_out.sdf,data/campaigns/c1/07_clinical_dock/acid_dual_a2/nlrp3_7alv/seed44/REP_04990_out.sdf,ad9e5af8c3748336923c6be7a1ca168bb6ccf5a7e6fa81171d8a6d421ac08288,ce57177445514dbfb5dabec33210b71a27d139c7dd33c225cf42cf1840d07055,9,9,True,True
REP_00207,44,data/campaigns/c1/07_clinical_dock/acid_dual_a2/urat1_9dkb/seed44/REP_00207_out.sdf,data/campaigns/c1/07_clinical_dock/acid_dual_a2/nlrp3_7alv/seed44/REP_00207_out.sdf,4106db0640684c98bb7e66a5fa7a2673cfdbddefb488513480a4eebc07b3ea5a,5ef351cd0bf68b02a1839e8348e97d8fbe0fcd7f7c3fc88c40eb77816add85a8,9,9,True,True
REP_05219,44,data/campaigns/c1/07_clinical_dock/acid_dual_a2/urat1_9dkb/seed44/REP_05219_out.sdf,data/campaigns/c1/07_clinical_dock/acid_dual_a2/nlrp3_7alv/seed44/REP_05219_out.sdf,d259f7c0d23809a6bcc15d9a967a1ab6a01663d755ff2d6c3cce60ea377e0793,7994a9ff0680e700458eeb9012b50aa530ab9d393f0e85237fc9bb93bf12bd3e,9,9,True,False
REP_05724,44,data/campaigns/c1/07_clinical_dock/acid_dual_a2/urat1_9dkb/seed44/REP_05724_out.sdf,data/campaigns/c1/07_clinical_dock/acid_dual_a2/nlrp3_7alv/seed44/REP_05724_out.sdf,9f279a8fd46311e53e50eaab155b70cf1af51f81b9339176a1c6319396d80221,32a9c5c6ed5697f153d0f520c8c6348ab6533ea64b0ec4e8fe8dd97044253bd2,9,9,False,False
REP_07907,44,data/campaigns/c1/07_clinical_dock/acid_dual_a2/urat1_9dkb/seed44/REP_07907_out.sdf,data/campaigns/c1/07_clinical_dock/acid_dual_a2/nlrp3_7alv/seed44/REP_07907_out.sdf,d2c15fd6afdc375aa23543be1aa4fb04c227cfe590a60416868ca42e98303ab8,24f0d944f29329139f4b9ed3e6b40ad93b2a29d97ae2c6c1101808a04f0ec673,9,9,True,True
REP_00992,44,data/campaigns/c1/07_clinical_dock/acid_dual_a2/urat1_9dkb/seed44/REP_00992_out.sdf,data/campaigns/c1/07_clinical_dock/acid_dual_a2/nlrp3_7alv/seed44/REP_00992_out.sdf,a83dfb8acf4c74b720569f1b4c04fa5a761065602ae0fc336853725fd8cfe514,d8718e8e0a4ae7768a71f6876fd9a66902e782b2d1d485aebc6a8f80f86dcbce,9,9,True,True
REP_04463,44,data/campaigns/c1/07_clinical_dock/acid_dual_a2/urat1_9dkb/seed44/REP_04463_out.sdf,data/campaigns/c1/07_clinical_dock/acid_dual_a2/nlrp3_7alv/seed44/REP_04463_out.sdf,1659da39d47ffee9ee2bdac05d69a6254fe19c947bc0f7392b1e603bca38a743,a9719b2303e797aeca5f762e2a4d8580645b6174698d1c3d485fe3eb206d5d4c,9,9,True,False
REP_01274,44,data/campaigns/c1/07_clinical_dock/acid_dual_a2/urat1_9dkb/seed44/REP_01274_out.sdf,data/campaigns/c1/07_clinical_dock/acid_dual_a2/nlrp3_7alv/seed44/REP_01274_out.sdf,d082eecc0a6d477187c25bfc0563a2a19186f6fe7cbe41de3fde566920f7c0a3,9d3c6222f60de4361ec4c39a99aa9c1150ebe425b42fe9750d2046f680e6e85d,9,9,True,False
REP_07015,44,data/campaigns/c1/07_clinical_dock/acid_dual_a2/urat1_9dkb/seed44/REP_07015_out.sdf,data/campaigns/c1/07_clinical_dock/acid_dual_a2/nlrp3_7alv/seed44/REP_07015_out.sdf,9bc4479fbe0d829365001fb5b4a644d35a28d5734bbe05d642aa45274f395fc3,6dbb21e277028a258cab201e911a42b00dc35c0537eb8ad24492ee872554b6de,9,9,True,True
