ligand_id,target,seed,pose_selection_rule,pose_selection_status,n_poses,n_geometry_pass_modes,sdf,selected_mode,CNNscore,CNNaffinity,C1_P2star,C1_VS,acid_arg477_min_A,has_carboxylate_oxy_in_pose,pass_arg_A1,centroid_to_crystal_lig_A,pass_pocket_centroid,keep_urat1_acid,label,canonical_smiles,set_role,error
mol_00024,urat1_9dkb,42,a1,a1_cnnscore_top1,9,5,/home/gwj/work/c1-campaign/URAT1_NLRP3_DualTarget_AIDD_Project/docking_export_20260820/01_phase1_benchmark_URAT1_9DKB/poses/gnina_sdf/mol_00024_out.sdf,1.0,0.7259992957,6.7667756081,6.7667756081,4.9126743256405385,3.4132623587998627,True,True,0.799508197840128,True,True,1,C/C(=C\C(=O)O)Sc1ccc2ccccc2c1-c1ccc(C#N)cc1,active,
mol_00024,urat1_9dkb,42,a2,a2_geometry_then_cnnscore,9,5,/home/gwj/work/c1-campaign/URAT1_NLRP3_DualTarget_AIDD_Project/docking_export_20260820/01_phase1_benchmark_URAT1_9DKB/poses/gnina_sdf/mol_00024_out.sdf,1.0,0.7259992957,6.7667756081,6.7667756081,4.9126743256405385,3.4132623587998627,True,True,0.799508197840128,True,True,1,C/C(=C\C(=O)O)Sc1ccc2ccccc2c1-c1ccc(C#N)cc1,active,
mol_00025,urat1_9dkb,42,a1,a1_cnnscore_top1,9,6,/home/gwj/work/c1-campaign/URAT1_NLRP3_DualTarget_AIDD_Project/docking_export_20260820/01_phase1_benchmark_URAT1_9DKB/poses/gnina_sdf/mol_00025_out.sdf,1.0,0.5761833787,6.5154175758,6.5154175758,3.7540753124658073,2.843619415463324,True,True,1.2176263729163945,True,True,1,C/C(=C\C(=O)O)c1ccc2cncc(-c3ccc([N+](=O)[O-])cc3)c2c1,active,
mol_00025,urat1_9dkb,42,a2,a2_geometry_then_cnnscore,9,6,/home/gwj/work/c1-campaign/URAT1_NLRP3_DualTarget_AIDD_Project/docking_export_20260820/01_phase1_benchmark_URAT1_9DKB/poses/gnina_sdf/mol_00025_out.sdf,1.0,0.5761833787,6.5154175758,6.5154175758,3.7540753124658073,2.843619415463324,True,True,1.2176263729163945,True,True,1,C/C(=C\C(=O)O)c1ccc2cncc(-c3ccc([N+](=O)[O-])cc3)c2c1,active,
mol_00026,urat1_9dkb,42,a1,a1_cnnscore_top1,9,4,/home/gwj/work/c1-campaign/URAT1_NLRP3_DualTarget_AIDD_Project/docking_export_20260820/01_phase1_benchmark_URAT1_9DKB/poses/gnina_sdf/mol_00026_out.sdf,1.0,0.7440925241,6.8156781197,6.8156781197,5.071495135540715,3.16465123986831,True,True,1.338344859275816,True,True,1,C/C(=C\Cc1c(O)ccc2c1OC(c1ccc(Br)c3ccccc13)CC2=O)C(=O)O,active,
mol_00026,urat1_9dkb,42,a2,a2_geometry_then_cnnscore,9,4,/home/gwj/work/c1-campaign/URAT1_NLRP3_DualTarget_AIDD_Project/docking_export_20260820/01_phase1_benchmark_URAT1_9DKB/poses/gnina_sdf/mol_00026_out.sdf,1.0,0.7440925241,6.8156781197,6.8156781197,5.071495135540715,3.16465123986831,True,True,1.338344859275816,True,True,1,C/C(=C\Cc1c(O)ccc2c1OC(c1ccc(Br)c3ccccc13)CC2=O)C(=O)O,active,
mol_00027,urat1_9dkb,42,a1,a1_cnnscore_top1,9,4,/home/gwj/work/c1-campaign/URAT1_NLRP3_DualTarget_AIDD_Project/docking_export_20260820/01_phase1_benchmark_URAT1_9DKB/poses/gnina_sdf/mol_00027_out.sdf,1.0,0.5793101192,6.1624073982,6.1624073982,3.5699449644102037,11.924059282811365,True,False,0.6587327585412492,True,False,1,C/C(=C\Cc1c(O)ccc2c1OC(c1ccc(Br)cc1)CC2=O)C(=O)O,active,
mol_00027,urat1_9dkb,42,a2,a2_geometry_then_cnnscore,9,4,/home/gwj/work/c1-campaign/URAT1_NLRP3_DualTarget_AIDD_Project/docking_export_20260820/01_phase1_benchmark_URAT1_9DKB/poses/gnina_sdf/mol_00027_out.sdf,5.0,0.4800169468,6.1412472725,6.1412472725,2.9479027652892777,2.8803179511991353,True,True,1.5889294911918281,True,True,1,C/C(=C\Cc1c(O)ccc2c1OC(c1ccc(Br)cc1)CC2=O)C(=O)O,active,
mol_00028,urat1_9dkb,42,a1,a1_cnnscore_top1,9,5,/home/gwj/work/c1-campaign/URAT1_NLRP3_DualTarget_AIDD_Project/docking_export_20260820/01_phase1_benchmark_URAT1_9DKB/poses/gnina_sdf/mol_00028_out.sdf,1.0,0.670917213,5.7942385674,5.7942385674,3.8874543910971204,3.086829049364408,True,True,1.3314491653963827,True,True,1,C/C(=C\Cc1c(O)ccc2c1OC(c1cccs1)CC2=O)C(=O)O,active,
mol_00028,urat1_9dkb,42,a2,a2_geometry_then_cnnscore,9,5,/home/gwj/work/c1-campaign/URAT1_NLRP3_DualTarget_AIDD_Project/docking_export_20260820/01_phase1_benchmark_URAT1_9DKB/poses/gnina_sdf/mol_00028_out.sdf,1.0,0.670917213,5.7942385674,5.7942385674,3.8874543910971204,3.086829049364408,True,True,1.3314491653963827,True,True,1,C/C(=C\Cc1c(O)ccc2c1OC(c1cccs1)CC2=O)C(=O)O,active,
mol_00029,urat1_9dkb,42,a1,a1_cnnscore_top1,9,4,/home/gwj/work/c1-campaign/URAT1_NLRP3_DualTarget_AIDD_Project/docking_export_20260820/01_phase1_benchmark_URAT1_9DKB/poses/gnina_sdf/mol_00029_out.sdf,1.0,0.6392946839,5.9385104179,5.9385104179,3.7964581404482374,3.1442041552672673,True,True,1.1641168938671056,True,True,1,C/C(=C\Cc1c(O)ccc2c1OC(c1ccsc1)CC2=O)C(=O)O,active,
mol_00029,urat1_9dkb,42,a2,a2_geometry_then_cnnscore,9,4,/home/gwj/work/c1-campaign/URAT1_NLRP3_DualTarget_AIDD_Project/docking_export_20260820/01_phase1_benchmark_URAT1_9DKB/poses/gnina_sdf/mol_00029_out.sdf,1.0,0.6392946839,5.9385104179,5.9385104179,3.7964581404482374,3.1442041552672673,True,True,1.1641168938671056,True,True,1,C/C(=C\Cc1c(O)ccc2c1OC(c1ccsc1)CC2=O)C(=O)O,active,
mol_00030,urat1_9dkb,42,a1,a1_cnnscore_top1,9,6,/home/gwj/work/c1-campaign/URAT1_NLRP3_DualTarget_AIDD_Project/docking_export_20260820/01_phase1_benchmark_URAT1_9DKB/poses/gnina_sdf/mol_00030_out.sdf,1.0,0.7563765645,6.5908694267,6.5908694267,4.985179174035431,3.1597702258233906,True,True,1.1223023428325163,True,True,1,C/C(=C\Cc1c(O)ccc2c1OC(c1csc3ccccc13)CC2=O)C(=O)O,active,
mol_00030,urat1_9dkb,42,a2,a2_geometry_then_cnnscore,9,6,/home/gwj/work/c1-campaign/URAT1_NLRP3_DualTarget_AIDD_Project/docking_export_20260820/01_phase1_benchmark_URAT1_9DKB/poses/gnina_sdf/mol_00030_out.sdf,1.0,0.7563765645,6.5908694267,6.5908694267,4.985179174035431,3.1597702258233906,True,True,1.1223023428325163,True,True,1,C/C(=C\Cc1c(O)ccc2c1OC(c1csc3ccccc13)CC2=O)C(=O)O,active,
mol_00031,urat1_9dkb,42,a1,a1_cnnscore_top1,9,5,/home/gwj/work/c1-campaign/URAT1_NLRP3_DualTarget_AIDD_Project/docking_export_20260820/01_phase1_benchmark_URAT1_9DKB/poses/gnina_sdf/mol_00031_out.sdf,1.0,0.6427295804,6.0171742439,6.0171742439,3.8674158769755342,3.0943026031724887,True,True,1.8507860896247912,True,True,1,C/C(=C\Cc1cccc2c1OC(c1cc(Br)cs1)CC2=O)C(=O)O,active,
mol_00031,urat1_9dkb,42,a2,a2_geometry_then_cnnscore,9,5,/home/gwj/work/c1-campaign/URAT1_NLRP3_DualTarget_AIDD_Project/docking_export_20260820/01_phase1_benchmark_URAT1_9DKB/poses/gnina_sdf/mol_00031_out.sdf,1.0,0.6427295804,6.0171742439,6.0171742439,3.8674158769755342,3.0943026031724887,True,True,1.8507860896247912,True,True,1,C/C(=C\Cc1cccc2c1OC(c1cc(Br)cs1)CC2=O)C(=O)O,active,
mol_00032,urat1_9dkb,42,a1,a1_cnnscore_top1,9,6,/home/gwj/work/c1-campaign/URAT1_NLRP3_DualTarget_AIDD_Project/docking_export_20260820/01_phase1_benchmark_URAT1_9DKB/poses/gnina_sdf/mol_00032_out.sdf,1.0,0.7175181508,6.6758880615,6.6758880615,4.7900708568352774,3.155183419391016,True,True,1.5807941234798937,True,True,1,C/C(=C\Cc1cccc2c1OC(c1ccc(Br)c3ccccc13)CC2=O)C(=O)O,active,
mol_00032,urat1_9dkb,42,a2,a2_geometry_then_cnnscore,9,6,/home/gwj/work/c1-campaign/URAT1_NLRP3_DualTarget_AIDD_Project/docking_export_20260820/01_phase1_benchmark_URAT1_9DKB/poses/gnina_sdf/mol_00032_out.sdf,1.0,0.7175181508,6.6758880615,6.6758880615,4.7900708568352774,3.155183419391016,True,True,1.5807941234798937,True,True,1,C/C(=C\Cc1cccc2c1OC(c1ccc(Br)c3ccccc13)CC2=O)C(=O)O,active,
mol_00033,urat1_9dkb,42,a1,a1_cnnscore_top1,9,3,/home/gwj/work/c1-campaign/URAT1_NLRP3_DualTarget_AIDD_Project/docking_export_20260820/01_phase1_benchmark_URAT1_9DKB/poses/gnina_sdf/mol_00033_out.sdf,1.0,0.6646162868,6.1865134239,6.1865134239,4.111657580030772,13.032589073933075,True,False,1.4954924648868424,True,False,1,C/C(=C\Cc1cccc2c1OC(c1cccs1)CC2=O)C(=O)O,active,
mol_00033,urat1_9dkb,42,a2,a2_geometry_then_cnnscore,9,3,/home/gwj/work/c1-campaign/URAT1_NLRP3_DualTarget_AIDD_Project/docking_export_20260820/01_phase1_benchmark_URAT1_9DKB/poses/gnina_sdf/mol_00033_out.sdf,2.0,0.6546318531,5.605802536,5.605802536,3.6697369022543596,2.8689311040873657,True,True,1.5384951675916512,True,True,1,C/C(=C\Cc1cccc2c1OC(c1cccs1)CC2=O)C(=O)O,active,
mol_00034,urat1_9dkb,42,a1,a1_cnnscore_top1,9,3,/home/gwj/work/c1-campaign/URAT1_NLRP3_DualTarget_AIDD_Project/docking_export_20260820/01_phase1_benchmark_URAT1_9DKB/poses/gnina_sdf/mol_00034_out.sdf,1.0,0.8058066964,6.4330234528,6.4330234528,5.183773376364489,3.1130566618678737,True,True,1.2430806055031782,True,True,1,C/C(=C\Cc1cccc2c1OC(c1csc3ccccc13)CC2=O)C(=O)O,active,
mol_00034,urat1_9dkb,42,a2,a2_geometry_then_cnnscore,9,3,/home/gwj/work/c1-campaign/URAT1_NLRP3_DualTarget_AIDD_Project/docking_export_20260820/01_phase1_benchmark_URAT1_9DKB/poses/gnina_sdf/mol_00034_out.sdf,1.0,0.8058066964,6.4330234528,6.4330234528,5.183773376364489,3.1130566618678737,True,True,1.2430806055031782,True,True,1,C/C(=C\Cc1cccc2c1OC(c1csc3ccccc13)CC2=O)C(=O)O,active,
mol_00308,urat1_9dkb,42,a1,a1_cnnscore_top1,9,7,/home/gwj/work/c1-campaign/URAT1_NLRP3_DualTarget_AIDD_Project/docking_export_20260820/01_phase1_benchmark_URAT1_9DKB/poses/gnina_sdf/mol_00308_out.sdf,1.0,0.7692221999,6.4843792915,6.4843792915,4.987928503593633,2.904580680580245,True,True,4.042451947176138,True,True,1,CC(C)(C(=O)O)c1ccc2cncc(-c3ccc(C#N)c4ccccc34)c2c1,active,
mol_00308,urat1_9dkb,42,a2,a2_geometry_then_cnnscore,9,7,/home/gwj/work/c1-campaign/URAT1_NLRP3_DualTarget_AIDD_Project/docking_export_20260820/01_phase1_benchmark_URAT1_9DKB/poses/gnina_sdf/mol_00308_out.sdf,1.0,0.7692221999,6.4843792915,6.4843792915,4.987928503593633,2.904580680580245,True,True,4.042451947176138,True,True,1,CC(C)(C(=O)O)c1ccc2cncc(-c3ccc(C#N)c4ccccc34)c2c1,active,
mol_00316,urat1_9dkb,42,a1,a1_cnnscore_top1,9,9,/home/gwj/work/c1-campaign/URAT1_NLRP3_DualTarget_AIDD_Project/docking_export_20260820/01_phase1_benchmark_URAT1_9DKB/poses/gnina_sdf/mol_00316_out.sdf,1.0,0.7750063539,7.3237991333,7.3237991333,5.675990862994812,6.015593944075678,True,True,0.7872029416591391,True,True,1,CC(C)(C)C(Sc1ccc2cnsc2c1-c1ccc(C#N)cc1)C(=O)O,active,
mol_00316,urat1_9dkb,42,a2,a2_geometry_then_cnnscore,9,9,/home/gwj/work/c1-campaign/URAT1_NLRP3_DualTarget_AIDD_Project/docking_export_20260820/01_phase1_benchmark_URAT1_9DKB/poses/gnina_sdf/mol_00316_out.sdf,1.0,0.7750063539,7.3237991333,7.3237991333,5.675990862994812,6.015593944075678,True,True,0.7872029416591391,True,True,1,CC(C)(C)C(Sc1ccc2cnsc2c1-c1ccc(C#N)cc1)C(=O)O,active,
mol_00406,urat1_9dkb,42,a1,a1_cnnscore_top1,9,4,/home/gwj/work/c1-campaign/URAT1_NLRP3_DualTarget_AIDD_Project/docking_export_20260820/01_phase1_benchmark_URAT1_9DKB/poses/gnina_sdf/mol_00406_out.sdf,1.0,0.8534052968,7.080599308,7.080599308,6.042620953965614,2.9524794292255447,True,True,0.4647270530422778,True,True,1,CC(C)(Cc1cc2c(-c3ccc(C#N)c4ccccc34)cccc2s1)C(=O)O,active,
mol_00406,urat1_9dkb,42,a2,a2_geometry_then_cnnscore,9,4,/home/gwj/work/c1-campaign/URAT1_NLRP3_DualTarget_AIDD_Project/docking_export_20260820/01_phase1_benchmark_URAT1_9DKB/poses/gnina_sdf/mol_00406_out.sdf,1.0,0.8534052968,7.080599308,7.080599308,6.042620953965614,2.9524794292255447,True,True,0.4647270530422778,True,True,1,CC(C)(Cc1cc2c(-c3ccc(C#N)c4ccccc34)cccc2s1)C(=O)O,active,
mol_00407,urat1_9dkb,42,a1,a1_cnnscore_top1,9,5,/home/gwj/work/c1-campaign/URAT1_NLRP3_DualTarget_AIDD_Project/docking_export_20260820/01_phase1_benchmark_URAT1_9DKB/poses/gnina_sdf/mol_00407_out.sdf,1.0,0.8171699047,7.2079634666,7.2079634666,5.890130819082603,3.13345415476276,True,True,0.4087268748407933,True,True,1,CC(C)(Cc1cc2c(-c3ccc(C#N)c4ccccc34)cncc2s1)C(=O)O,active,
mol_00407,urat1_9dkb,42,a2,a2_geometry_then_cnnscore,9,5,/home/gwj/work/c1-campaign/URAT1_NLRP3_DualTarget_AIDD_Project/docking_export_20260820/01_phase1_benchmark_URAT1_9DKB/poses/gnina_sdf/mol_00407_out.sdf,1.0,0.8171699047,7.2079634666,7.2079634666,5.890130819082603,3.13345415476276,True,True,0.4087268748407933,True,True,1,CC(C)(Cc1cc2c(-c3ccc(C#N)c4ccccc34)cncc2s1)C(=O)O,active,
mol_00408,urat1_9dkb,42,a1,a1_cnnscore_top1,9,7,/home/gwj/work/c1-campaign/URAT1_NLRP3_DualTarget_AIDD_Project/docking_export_20260820/01_phase1_benchmark_URAT1_9DKB/poses/gnina_sdf/mol_00408_out.sdf,1.0,0.8005779386,7.4396348,7.4396348,5.956007492120824,14.510189048044829,True,False,1.9508261328225762,True,False,1,CC(C)(Cc1cc2c(-c3ccc(C#N)cc3)cncc2s1)C(=O)O,active,
mol_00408,urat1_9dkb,42,a2,a2_geometry_then_cnnscore,9,7,/home/gwj/work/c1-campaign/URAT1_NLRP3_DualTarget_AIDD_Project/docking_export_20260820/01_phase1_benchmark_URAT1_9DKB/poses/gnina_sdf/mol_00408_out.sdf,2.0,0.6437488794,6.8449649811,6.8449649811,4.406438536115368,3.1746214356990667,True,True,1.0803389645699444,True,True,1,CC(C)(Cc1cc2c(-c3ccc(C#N)cc3)cncc2s1)C(=O)O,active,
mol_00409,urat1_9dkb,42,a1,a1_cnnscore_top1,9,4,/home/gwj/work/c1-campaign/URAT1_NLRP3_DualTarget_AIDD_Project/docking_export_20260820/01_phase1_benchmark_URAT1_9DKB/poses/gnina_sdf/mol_00409_out.sdf,1.0,0.8315517306,8.1579751968,8.1579751968,6.783778393090916,14.986044359336445,True,False,1.662575429941498,True,False,1,CC(C)(Cc1cc2cncc(-c3ccc(C#N)c4ccccc34)c2s1)C(=O)O,active,
mol_00409,urat1_9dkb,42,a2,a2_geometry_then_cnnscore,9,4,/home/gwj/work/c1-campaign/URAT1_NLRP3_DualTarget_AIDD_Project/docking_export_20260820/01_phase1_benchmark_URAT1_9DKB/poses/gnina_sdf/mol_00409_out.sdf,3.0,0.7213858962,6.5427823067,6.5427823067,4.719870877960283,2.844045266869004,True,True,4.418762667992051,True,True,1,CC(C)(Cc1cc2cncc(-c3ccc(C#N)c4ccccc34)c2s1)C(=O)O,active,
mol_00410,urat1_9dkb,42,a1,a1_cnnscore_top1,9,5,/home/gwj/work/c1-campaign/URAT1_NLRP3_DualTarget_AIDD_Project/docking_export_20260820/01_phase1_benchmark_URAT1_9DKB/poses/gnina_sdf/mol_00410_out.sdf,1.0,0.8148912191,7.3893928528,7.3893928528,6.021551350227019,14.764792830581806,True,False,1.5338983454814787,True,False,1,CC(C)(Cc1cc2cncc(-c3ccc(C#N)cc3)c2s1)C(=O)O,active,
mol_00410,urat1_9dkb,42,a2,a2_geometry_then_cnnscore,9,5,/home/gwj/work/c1-campaign/URAT1_NLRP3_DualTarget_AIDD_Project/docking_export_20260820/01_phase1_benchmark_URAT1_9DKB/poses/gnina_sdf/mol_00410_out.sdf,4.0,0.6627107859,6.0619754791,6.0619754791,4.01733653386089,2.871019085620991,True,True,4.148026822884349,True,True,1,CC(C)(Cc1cc2cncc(-c3ccc(C#N)cc3)c2s1)C(=O)O,active,
mol_00411,urat1_9dkb,42,a1,a1_cnnscore_top1,9,6,/home/gwj/work/c1-campaign/URAT1_NLRP3_DualTarget_AIDD_Project/docking_export_20260820/01_phase1_benchmark_URAT1_9DKB/poses/gnina_sdf/mol_00411_out.sdf,1.0,0.7573321462,7.465482235,7.465482235,5.653849683450522,14.606982826716814,True,False,1.5743159802473314,True,False,1,CC(C)(Cc1ccc2cncc(-c3ccc(C#N)c4ccccc34)c2c1)C(=O)O,active,
mol_00411,urat1_9dkb,42,a2,a2_geometry_then_cnnscore,9,6,/home/gwj/work/c1-campaign/URAT1_NLRP3_DualTarget_AIDD_Project/docking_export_20260820/01_phase1_benchmark_URAT1_9DKB/poses/gnina_sdf/mol_00411_out.sdf,2.0,0.7257275581,7.0211086273,7.0211086273,5.0954120192452725,2.817354404401398,True,True,1.1558274488376334,True,True,1,CC(C)(Cc1ccc2cncc(-c3ccc(C#N)c4ccccc34)c2c1)C(=O)O,active,
mol_00412,urat1_9dkb,42,a1,a1_cnnscore_top1,9,7,/home/gwj/work/c1-campaign/URAT1_NLRP3_DualTarget_AIDD_Project/docking_export_20260820/01_phase1_benchmark_URAT1_9DKB/poses/gnina_sdf/mol_00412_out.sdf,1.0,0.7109882832,6.7026743889,6.7026743889,4.76552295661262,2.936536740788372,True,True,1.554545778976479,True,True,1,CC(C)(Cc1ccc2cncc(-c3ccc(C#N)cc3)c2c1)C(=O)O,active,
mol_00412,urat1_9dkb,42,a2,a2_geometry_then_cnnscore,9,7,/home/gwj/work/c1-campaign/URAT1_NLRP3_DualTarget_AIDD_Project/docking_export_20260820/01_phase1_benchmark_URAT1_9DKB/poses/gnina_sdf/mol_00412_out.sdf,1.0,0.7109882832,6.7026743889,6.7026743889,4.76552295661262,2.936536740788372,True,True,1.554545778976479,True,True,1,CC(C)(Cc1ccc2cncc(-c3ccc(C#N)cc3)c2c1)C(=O)O,active,
mol_00424,urat1_9dkb,42,a1,a1_cnnscore_top1,9,5,/home/gwj/work/c1-campaign/URAT1_NLRP3_DualTarget_AIDD_Project/docking_export_20260820/01_phase1_benchmark_URAT1_9DKB/poses/gnina_sdf/mol_00424_out.sdf,1.0,0.5478156209,6.3743824959,6.3743824959,3.4919863048455504,3.0803938270941913,True,True,1.0410884833584257,True,True,1,CC(C)(Oc1ccc2cncc(-c3ccc(C#N)cc3)c2c1)C(=O)O,active,
mol_00424,urat1_9dkb,42,a2,a2_geometry_then_cnnscore,9,5,/home/gwj/work/c1-campaign/URAT1_NLRP3_DualTarget_AIDD_Project/docking_export_20260820/01_phase1_benchmark_URAT1_9DKB/poses/gnina_sdf/mol_00424_out.sdf,1.0,0.5478156209,6.3743824959,6.3743824959,3.4919863048455504,3.0803938270941913,True,True,1.0410884833584257,True,True,1,CC(C)(Oc1ccc2cncc(-c3ccc(C#N)cc3)c2c1)C(=O)O,active,
mol_00425,urat1_9dkb,42,a1,a1_cnnscore_top1,9,6,/home/gwj/work/c1-campaign/URAT1_NLRP3_DualTarget_AIDD_Project/docking_export_20260820/01_phase1_benchmark_URAT1_9DKB/poses/gnina_sdf/mol_00425_out.sdf,1.0,0.7631704211,7.2407989502,7.2407989502,5.525963583924572,2.859887321206898,True,True,1.2217117543316853,True,True,1,CC(C)(Sc1cc(F)c2cncc(-c3ccc(C#N)c4ccccc34)c2c1)C(=O)O,active,
mol_00425,urat1_9dkb,42,a2,a2_geometry_then_cnnscore,9,6,/home/gwj/work/c1-campaign/URAT1_NLRP3_DualTarget_AIDD_Project/docking_export_20260820/01_phase1_benchmark_URAT1_9DKB/poses/gnina_sdf/mol_00425_out.sdf,1.0,0.7631704211,7.2407989502,7.2407989502,5.525963583924572,2.859887321206898,True,True,1.2217117543316853,True,True,1,CC(C)(Sc1cc(F)c2cncc(-c3ccc(C#N)c4ccccc34)c2c1)C(=O)O,active,
mol_00426,urat1_9dkb,42,a1,a1_cnnscore_top1,9,4,/home/gwj/work/c1-campaign/URAT1_NLRP3_DualTarget_AIDD_Project/docking_export_20260820/01_phase1_benchmark_URAT1_9DKB/poses/gnina_sdf/mol_00426_out.sdf,1.0,0.698833406,6.4030098915,6.4030098915,4.474637211128635,3.1995398481656565,True,True,3.4412749169974783,True,True,1,CC(C)(Sc1ccc2ccccc2c1-c1ccc(C#N)c2ccccc12)C(=O)O,active,
mol_00426,urat1_9dkb,42,a2,a2_geometry_then_cnnscore,9,4,/home/gwj/work/c1-campaign/URAT1_NLRP3_DualTarget_AIDD_Project/docking_export_20260820/01_phase1_benchmark_URAT1_9DKB/poses/gnina_sdf/mol_00426_out.sdf,1.0,0.698833406,6.4030098915,6.4030098915,4.474637211128635,3.1995398481656565,True,True,3.4412749169974783,True,True,1,CC(C)(Sc1ccc2ccccc2c1-c1ccc(C#N)c2ccccc12)C(=O)O,active,
mol_00427,urat1_9dkb,42,a1,a1_cnnscore_top1,9,9,/home/gwj/work/c1-campaign/URAT1_NLRP3_DualTarget_AIDD_Project/docking_export_20260820/01_phase1_benchmark_URAT1_9DKB/poses/gnina_sdf/mol_00427_out.sdf,1.0,0.7801622152,7.2491016388,7.2491016388,5.655475192736158,2.8526918059965696,True,True,1.3438027825992593,True,True,1,CC(C)(Sc1ccc2cncc(-c3ccc(C#N)c(Cl)c3)c2c1)C(=O)O,active,
mol_00427,urat1_9dkb,42,a2,a2_geometry_then_cnnscore,9,9,/home/gwj/work/c1-campaign/URAT1_NLRP3_DualTarget_AIDD_Project/docking_export_20260820/01_phase1_benchmark_URAT1_9DKB/poses/gnina_sdf/mol_00427_out.sdf,1.0,0.7801622152,7.2491016388,7.2491016388,5.655475192736158,2.8526918059965696,True,True,1.3438027825992593,True,True,1,CC(C)(Sc1ccc2cncc(-c3ccc(C#N)c(Cl)c3)c2c1)C(=O)O,active,
mol_00428,urat1_9dkb,42,a1,a1_cnnscore_top1,9,6,/home/gwj/work/c1-campaign/URAT1_NLRP3_DualTarget_AIDD_Project/docking_export_20260820/01_phase1_benchmark_URAT1_9DKB/poses/gnina_sdf/mol_00428_out.sdf,1.0,0.8517932296,7.0138983727,7.0138983727,5.974391146968317,2.874409718533517,True,True,1.1303310729511857,True,True,1,CC(C)(Sc1ccc2cncc(-c3ccc(C#N)c4c3OCCO4)c2c1)C(=O)O,active,
mol_00428,urat1_9dkb,42,a2,a2_geometry_then_cnnscore,9,6,/home/gwj/work/c1-campaign/URAT1_NLRP3_DualTarget_AIDD_Project/docking_export_20260820/01_phase1_benchmark_URAT1_9DKB/poses/gnina_sdf/mol_00428_out.sdf,1.0,0.8517932296,7.0138983727,7.0138983727,5.974391146968317,2.874409718533517,True,True,1.1303310729511857,True,True,1,CC(C)(Sc1ccc2cncc(-c3ccc(C#N)c4c3OCCO4)c2c1)C(=O)O,active,
mol_00429,urat1_9dkb,42,a1,a1_cnnscore_top1,9,7,/home/gwj/work/c1-campaign/URAT1_NLRP3_DualTarget_AIDD_Project/docking_export_20260820/01_phase1_benchmark_URAT1_9DKB/poses/gnina_sdf/mol_00429_out.sdf,1.0,0.8599778414,7.339202404,7.339202404,6.311551440989611,2.8531146874950415,True,True,1.1368007813376972,True,True,1,CC(C)(Sc1ccc2cncc(-c3ccc(C#N)c4ccc(F)cc34)c2c1)C(=O)O,active,
mol_00429,urat1_9dkb,42,a2,a2_geometry_then_cnnscore,9,7,/home/gwj/work/c1-campaign/URAT1_NLRP3_DualTarget_AIDD_Project/docking_export_20260820/01_phase1_benchmark_URAT1_9DKB/poses/gnina_sdf/mol_00429_out.sdf,1.0,0.8599778414,7.339202404,7.339202404,6.311551440989611,2.8531146874950415,True,True,1.1368007813376972,True,True,1,CC(C)(Sc1ccc2cncc(-c3ccc(C#N)c4ccc(F)cc34)c2c1)C(=O)O,active,
mol_00430,urat1_9dkb,42,a1,a1_cnnscore_top1,9,6,/home/gwj/work/c1-campaign/URAT1_NLRP3_DualTarget_AIDD_Project/docking_export_20260820/01_phase1_benchmark_URAT1_9DKB/poses/gnina_sdf/mol_00430_out.sdf,1.0,0.8153572083,7.1336407661,7.1336407661,5.81646542006237,2.8467278935648155,True,True,1.152147291465309,True,True,1,CC(C)(Sc1ccc2cncc(-c3ccc(C#N)c4ccccc34)c2c1)C(=O)O,active,
mol_00430,urat1_9dkb,42,a2,a2_geometry_then_cnnscore,9,6,/home/gwj/work/c1-campaign/URAT1_NLRP3_DualTarget_AIDD_Project/docking_export_20260820/01_phase1_benchmark_URAT1_9DKB/poses/gnina_sdf/mol_00430_out.sdf,1.0,0.8153572083,7.1336407661,7.1336407661,5.81646542006237,2.8467278935648155,True,True,1.152147291465309,True,True,1,CC(C)(Sc1ccc2cncc(-c3ccc(C#N)c4ccccc34)c2c1)C(=O)O,active,
mol_00431,urat1_9dkb,42,a1,a1_cnnscore_top1,9,9,/home/gwj/work/c1-campaign/URAT1_NLRP3_DualTarget_AIDD_Project/docking_export_20260820/01_phase1_benchmark_URAT1_9DKB/poses/gnina_sdf/mol_00431_out.sdf,1.0,0.6379350424,6.6597290039,6.6597290039,4.248474504475456,2.8391020023944153,True,True,1.3427672744181067,True,True,1,CC(C)(Sc1ccc2cncc(-c3ccc(C#N)cc3)c2c1)C(=O)O,active,
mol_00431,urat1_9dkb,42,a2,a2_geometry_then_cnnscore,9,9,/home/gwj/work/c1-campaign/URAT1_NLRP3_DualTarget_AIDD_Project/docking_export_20260820/01_phase1_benchmark_URAT1_9DKB/poses/gnina_sdf/mol_00431_out.sdf,1.0,0.6379350424,6.6597290039,6.6597290039,4.248474504475456,2.8391020023944153,True,True,1.3427672744181067,True,True,1,CC(C)(Sc1ccc2cncc(-c3ccc(C#N)cc3)c2c1)C(=O)O,active,
mol_00432,urat1_9dkb,42,a1,a1_cnnscore_top1,9,9,/home/gwj/work/c1-campaign/URAT1_NLRP3_DualTarget_AIDD_Project/docking_export_20260820/01_phase1_benchmark_URAT1_9DKB/poses/gnina_sdf/mol_00432_out.sdf,1.0,0.6572726369,7.0298647881,7.0298647881,4.620537766324947,3.0020329661747582,True,True,1.7041698981675304,True,True,1,CC(C)(Sc1ccc2cncc(-c3ccc(C#N)cc3Cl)c2c1)C(=O)O,active,
mol_00432,urat1_9dkb,42,a2,a2_geometry_then_cnnscore,9,9,/home/gwj/work/c1-campaign/URAT1_NLRP3_DualTarget_AIDD_Project/docking_export_20260820/01_phase1_benchmark_URAT1_9DKB/poses/gnina_sdf/mol_00432_out.sdf,1.0,0.6572726369,7.0298647881,7.0298647881,4.620537766324947,3.0020329661747582,True,True,1.7041698981675304,True,True,1,CC(C)(Sc1ccc2cncc(-c3ccc(C#N)cc3Cl)c2c1)C(=O)O,active,
mol_00433,urat1_9dkb,42,a1,a1_cnnscore_top1,9,9,/home/gwj/work/c1-campaign/URAT1_NLRP3_DualTarget_AIDD_Project/docking_export_20260820/01_phase1_benchmark_URAT1_9DKB/poses/gnina_sdf/mol_00433_out.sdf,1.0,0.6540133953,7.0580844879,7.0580844879,4.616081800245741,2.847031900067153,True,True,1.3549037873768621,True,True,1,CC(C)(Sc1ccc2cncc(-c3ccc(C#N)cc3F)c2c1)C(=O)O,active,
mol_00433,urat1_9dkb,42,a2,a2_geometry_then_cnnscore,9,9,/home/gwj/work/c1-campaign/URAT1_NLRP3_DualTarget_AIDD_Project/docking_export_20260820/01_phase1_benchmark_URAT1_9DKB/poses/gnina_sdf/mol_00433_out.sdf,1.0,0.6540133953,7.0580844879,7.0580844879,4.616081800245741,2.847031900067153,True,True,1.3549037873768621,True,True,1,CC(C)(Sc1ccc2cncc(-c3ccc(C#N)cc3F)c2c1)C(=O)O,active,
mol_00434,urat1_9dkb,42,a1,a1_cnnscore_top1,9,5,/home/gwj/work/c1-campaign/URAT1_NLRP3_DualTarget_AIDD_Project/docking_export_20260820/01_phase1_benchmark_URAT1_9DKB/poses/gnina_sdf/mol_00434_out.sdf,1.0,0.7826035619,7.6950364113,7.6950364113,6.022162904433574,14.411601633406326,True,False,1.673079757749439,True,False,1,CC(C)(Sc1ccc2cncc(-c3cccc4c(C#N)cccc34)c2c1)C(=O)O,active,
mol_00434,urat1_9dkb,42,a2,a2_geometry_then_cnnscore,9,5,/home/gwj/work/c1-campaign/URAT1_NLRP3_DualTarget_AIDD_Project/docking_export_20260820/01_phase1_benchmark_URAT1_9DKB/poses/gnina_sdf/mol_00434_out.sdf,2.0,0.7354975343,6.5609855652,6.5609855652,4.825588705782492,2.9858456524073627,True,True,4.327103870385275,True,True,1,CC(C)(Sc1ccc2cncc(-c3cccc4c(C#N)cccc34)c2c1)C(=O)O,active,
mol_00435,urat1_9dkb,42,a1,a1_cnnscore_top1,9,6,/home/gwj/work/c1-campaign/URAT1_NLRP3_DualTarget_AIDD_Project/docking_export_20260820/01_phase1_benchmark_URAT1_9DKB/poses/gnina_sdf/mol_00435_out.sdf,1.0,0.7835322022,7.8333358765,7.8333358765,6.137670909886312,14.457005981184338,True,False,1.3771165993346726,True,False,1,CC(C)(Sc1ccc2cnnc(-c3ccc(C#N)c4ccccc34)c2c1)C(=O)O,active,
mol_00435,urat1_9dkb,42,a2,a2_geometry_then_cnnscore,9,6,/home/gwj/work/c1-campaign/URAT1_NLRP3_DualTarget_AIDD_Project/docking_export_20260820/01_phase1_benchmark_URAT1_9DKB/poses/gnina_sdf/mol_00435_out.sdf,2.0,0.7481459379,7.0461363792,7.0461363792,5.271538309987894,2.8343007956107935,True,True,1.1381479759280664,True,True,1,CC(C)(Sc1ccc2cnnc(-c3ccc(C#N)c4ccccc34)c2c1)C(=O)O,active,
mol_00436,urat1_9dkb,42,a1,a1_cnnscore_top1,9,9,/home/gwj/work/c1-campaign/URAT1_NLRP3_DualTarget_AIDD_Project/docking_export_20260820/01_phase1_benchmark_URAT1_9DKB/poses/gnina_sdf/mol_00436_out.sdf,1.0,0.6138153672,6.5924811363,6.5924811363,4.046566229437057,3.1864426152058645,True,True,3.1409207385958644,True,True,1,CC(C)(Sc1ccc2cnsc2c1-c1ccc(C#N)c(F)c1)C(=O)O,active,
mol_00436,urat1_9dkb,42,a2,a2_geometry_then_cnnscore,9,9,/home/gwj/work/c1-campaign/URAT1_NLRP3_DualTarget_AIDD_Project/docking_export_20260820/01_phase1_benchmark_URAT1_9DKB/poses/gnina_sdf/mol_00436_out.sdf,1.0,0.6138153672,6.5924811363,6.5924811363,4.046566229437057,3.1864426152058645,True,True,3.1409207385958644,True,True,1,CC(C)(Sc1ccc2cnsc2c1-c1ccc(C#N)c(F)c1)C(=O)O,active,
mol_00437,urat1_9dkb,42,a1,a1_cnnscore_top1,9,4,/home/gwj/work/c1-campaign/URAT1_NLRP3_DualTarget_AIDD_Project/docking_export_20260820/01_phase1_benchmark_URAT1_9DKB/poses/gnina_sdf/mol_00437_out.sdf,1.0,0.8444833159,7.0857491493,7.0857491493,5.983796937236468,12.170643858892594,True,False,1.1133812749782563,True,False,1,CC(C)(Sc1ccc2cnsc2c1-c1ccc(C(F)(F)F)cc1)C(=O)O,active,
mol_00437,urat1_9dkb,42,a2,a2_geometry_then_cnnscore,9,4,/home/gwj/work/c1-campaign/URAT1_NLRP3_DualTarget_AIDD_Project/docking_export_20260820/01_phase1_benchmark_URAT1_9DKB/poses/gnina_sdf/mol_00437_out.sdf,5.0,0.5267856717,6.8464756012,6.8464756012,3.6066252483558032,3.5420589760759116,True,True,1.0597276116592644,True,True,1,CC(C)(Sc1ccc2cnsc2c1-c1ccc(C(F)(F)F)cc1)C(=O)O,active,
mol_00438,urat1_9dkb,42,a1,a1_cnnscore_top1,9,3,/home/gwj/work/c1-campaign/URAT1_NLRP3_DualTarget_AIDD_Project/docking_export_20260820/01_phase1_benchmark_URAT1_9DKB/poses/gnina_sdf/mol_00438_out.sdf,1.0,0.7379199862,6.6197032928,6.6197032928,4.88481136247107,10.805175445590875,True,False,1.1727114733202018,True,False,1,CC(C)(Sc1ccc2cnsc2c1-c1ccc(Cl)cc1)C(=O)O,active,
mol_00438,urat1_9dkb,42,a2,a2_geometry_then_cnnscore,9,3,/home/gwj/work/c1-campaign/URAT1_NLRP3_DualTarget_AIDD_Project/docking_export_20260820/01_phase1_benchmark_URAT1_9DKB/poses/gnina_sdf/mol_00438_out.sdf,7.0,0.5567506552,6.6231026649,6.6231026649,3.6874167481399414,3.554403788260411,True,True,0.9000331301577046,True,True,1,CC(C)(Sc1ccc2cnsc2c1-c1ccc(Cl)cc1)C(=O)O,active,
mol_00439,urat1_9dkb,42,a1,a1_cnnscore_top1,9,7,/home/gwj/work/c1-campaign/URAT1_NLRP3_DualTarget_AIDD_Project/docking_export_20260820/01_phase1_benchmark_URAT1_9DKB/poses/gnina_sdf/mol_00439_out.sdf,1.0,0.7475396991,6.8603110313,6.8603110313,5.1283548440704125,3.219712566363644,True,True,0.988509167962999,True,True,1,CC(C)(Sc1ccc2cnsc2c1-c1ccc([N+](=O)[O-])cc1)C(=O)O,active,
mol_00439,urat1_9dkb,42,a2,a2_geometry_then_cnnscore,9,7,/home/gwj/work/c1-campaign/URAT1_NLRP3_DualTarget_AIDD_Project/docking_export_20260820/01_phase1_benchmark_URAT1_9DKB/poses/gnina_sdf/mol_00439_out.sdf,1.0,0.7475396991,6.8603110313,6.8603110313,5.1283548440704125,3.219712566363644,True,True,0.988509167962999,True,True,1,CC(C)(Sc1ccc2cnsc2c1-c1ccc([N+](=O)[O-])cc1)C(=O)O,active,
mol_00440,urat1_9dkb,42,a1,a1_cnnscore_top1,9,6,/home/gwj/work/c1-campaign/URAT1_NLRP3_DualTarget_AIDD_Project/docking_export_20260820/01_phase1_benchmark_URAT1_9DKB/poses/gnina_sdf/mol_00440_out.sdf,1.0,0.8794360757,6.9314956665,6.9314956665,6.095807347678316,3.0074241669574873,True,True,0.7980261019275273,True,True,1,CC(C)(Sc1ccc2cnsc2c1-c1cccc(C#N)c1)C(=O)O,active,
mol_00440,urat1_9dkb,42,a2,a2_geometry_then_cnnscore,9,6,/home/gwj/work/c1-campaign/URAT1_NLRP3_DualTarget_AIDD_Project/docking_export_20260820/01_phase1_benchmark_URAT1_9DKB/poses/gnina_sdf/mol_00440_out.sdf,1.0,0.8794360757,6.9314956665,6.9314956665,6.095807347678316,3.0074241669574873,True,True,0.7980261019275273,True,True,1,CC(C)(Sc1ccc2cnsc2c1-c1cccc(C#N)c1)C(=O)O,active,
mol_00441,urat1_9dkb,42,a1,a1_cnnscore_top1,9,7,/home/gwj/work/c1-campaign/URAT1_NLRP3_DualTarget_AIDD_Project/docking_export_20260820/01_phase1_benchmark_URAT1_9DKB/poses/gnina_sdf/mol_00441_out.sdf,1.0,0.5795547962,6.9936938286,6.9936938286,4.053228801519471,5.383866526020114,True,True,1.1925997124265222,True,True,1,CC(C)(Sc1ccc2ncsc2c1-c1ccc(C#N)cc1)C(=O)O,active,
mol_00441,urat1_9dkb,42,a2,a2_geometry_then_cnnscore,9,7,/home/gwj/work/c1-campaign/URAT1_NLRP3_DualTarget_AIDD_Project/docking_export_20260820/01_phase1_benchmark_URAT1_9DKB/poses/gnina_sdf/mol_00441_out.sdf,1.0,0.5795547962,6.9936938286,6.9936938286,4.053228801519471,5.383866526020114,True,True,1.1925997124265222,True,True,1,CC(C)(Sc1ccc2ncsc2c1-c1ccc(C#N)cc1)C(=O)O,active,
mol_00442,urat1_9dkb,42,a1,a1_cnnscore_top1,9,4,/home/gwj/work/c1-campaign/URAT1_NLRP3_DualTarget_AIDD_Project/docking_export_20260820/01_phase1_benchmark_URAT1_9DKB/poses/gnina_sdf/mol_00442_out.sdf,1.0,0.7258704901,7.1053290367,7.1053290367,5.15754867019119,12.433664205695756,True,False,0.6945665304251857,True,False,1,CC(C)(Sc1ccncc1-c1ccc(C#N)c2c(Cl)ccn12)C(=O)O,active,
mol_00442,urat1_9dkb,42,a2,a2_geometry_then_cnnscore,9,4,/home/gwj/work/c1-campaign/URAT1_NLRP3_DualTarget_AIDD_Project/docking_export_20260820/01_phase1_benchmark_URAT1_9DKB/poses/gnina_sdf/mol_00442_out.sdf,3.0,0.6038643122,6.2663092613,6.2663092613,3.784000532107415,3.037288412383654,True,True,4.817645924124374,True,True,1,CC(C)(Sc1ccncc1-c1ccc(C#N)c2c(Cl)ccn12)C(=O)O,active,
mol_00443,urat1_9dkb,42,a1,a1_cnnscore_top1,9,6,/home/gwj/work/c1-campaign/URAT1_NLRP3_DualTarget_AIDD_Project/docking_export_20260820/01_phase1_benchmark_URAT1_9DKB/poses/gnina_sdf/mol_00443_out.sdf,1.0,0.8091855645,6.2118096352,6.2118096352,5.026506686225851,2.9716145258091635,True,True,4.742284329683625,True,True,1,CC(C)(Sc1ccncc1-c1ccc(C#N)c2cc(Cl)cn12)C(=O)O,active,
mol_00443,urat1_9dkb,42,a2,a2_geometry_then_cnnscore,9,6,/home/gwj/work/c1-campaign/URAT1_NLRP3_DualTarget_AIDD_Project/docking_export_20260820/01_phase1_benchmark_URAT1_9DKB/poses/gnina_sdf/mol_00443_out.sdf,1.0,0.8091855645,6.2118096352,6.2118096352,5.026506686225851,2.9716145258091635,True,True,4.742284329683625,True,True,1,CC(C)(Sc1ccncc1-c1ccc(C#N)c2cc(Cl)cn12)C(=O)O,active,
mol_00444,urat1_9dkb,42,a1,a1_cnnscore_top1,9,6,/home/gwj/work/c1-campaign/URAT1_NLRP3_DualTarget_AIDD_Project/docking_export_20260820/01_phase1_benchmark_URAT1_9DKB/poses/gnina_sdf/mol_00444_out.sdf,1.0,0.6991505623,7.2122378349,7.2122378349,5.042440137711669,3.261891957131619,True,True,0.9230737699621934,True,True,1,CC(C)(Sc1ccncc1-c1ccc(C#N)c2ccc(Cl)n12)C(=O)O,active,
mol_00444,urat1_9dkb,42,a2,a2_geometry_then_cnnscore,9,6,/home/gwj/work/c1-campaign/URAT1_NLRP3_DualTarget_AIDD_Project/docking_export_20260820/01_phase1_benchmark_URAT1_9DKB/poses/gnina_sdf/mol_00444_out.sdf,1.0,0.6991505623,7.2122378349,7.2122378349,5.042440137711669,3.261891957131619,True,True,0.9230737699621934,True,True,1,CC(C)(Sc1ccncc1-c1ccc(C#N)c2ccc(Cl)n12)C(=O)O,active,
mol_00445,urat1_9dkb,42,a1,a1_cnnscore_top1,9,5,/home/gwj/work/c1-campaign/URAT1_NLRP3_DualTarget_AIDD_Project/docking_export_20260820/01_phase1_benchmark_URAT1_9DKB/poses/gnina_sdf/mol_00445_out.sdf,1.0,0.7074896097,6.8366737366,6.8366737366,4.836875633553374,12.28331546855326,True,False,0.8077195811353971,True,False,1,CC(C)(Sc1ccncc1-c1ccc(C#N)c2ccccc12)C(=O)O,active,
mol_00445,urat1_9dkb,42,a2,a2_geometry_then_cnnscore,9,5,/home/gwj/work/c1-campaign/URAT1_NLRP3_DualTarget_AIDD_Project/docking_export_20260820/01_phase1_benchmark_URAT1_9DKB/poses/gnina_sdf/mol_00445_out.sdf,2.0,0.6901763678,6.6383194923,6.6383194923,4.581611235491554,2.887396467407955,True,True,1.7448051466576187,True,True,1,CC(C)(Sc1ccncc1-c1ccc(C#N)c2ccccc12)C(=O)O,active,
mol_00446,urat1_9dkb,42,a1,a1_cnnscore_top1,9,5,/home/gwj/work/c1-campaign/URAT1_NLRP3_DualTarget_AIDD_Project/docking_export_20260820/01_phase1_benchmark_URAT1_9DKB/poses/gnina_sdf/mol_00446_out.sdf,1.0,0.7074896097,6.8366737366,6.8366737366,4.836875633553374,12.28331546855326,True,False,0.8077195811353971,True,False,1,CC(C)(Sc1ccncc1-c1ccc(C#N)c2ccccc12)C(=O)[O-].[Na+],active,
mol_00446,urat1_9dkb,42,a2,a2_geometry_then_cnnscore,9,5,/home/gwj/work/c1-campaign/URAT1_NLRP3_DualTarget_AIDD_Project/docking_export_20260820/01_phase1_benchmark_URAT1_9DKB/poses/gnina_sdf/mol_00446_out.sdf,2.0,0.6901763678,6.6383194923,6.6383194923,4.581611235491554,2.887396467407955,True,True,1.7448051466576187,True,True,1,CC(C)(Sc1ccncc1-c1ccc(C#N)c2ccccc12)C(=O)[O-].[Na+],active,
mol_00447,urat1_9dkb,42,a1,a1_cnnscore_top1,9,6,/home/gwj/work/c1-campaign/URAT1_NLRP3_DualTarget_AIDD_Project/docking_export_20260820/01_phase1_benchmark_URAT1_9DKB/poses/gnina_sdf/mol_00447_out.sdf,1.0,0.6844235063,6.9791016579,6.9791016579,4.776661227524062,3.0627148789921534,True,True,0.9700561606558746,True,True,1,CC(C)(Sc1ccncc1-c1ccc(C#N)c2cccn12)C(=O)O,active,
mol_00447,urat1_9dkb,42,a2,a2_geometry_then_cnnscore,9,6,/home/gwj/work/c1-campaign/URAT1_NLRP3_DualTarget_AIDD_Project/docking_export_20260820/01_phase1_benchmark_URAT1_9DKB/poses/gnina_sdf/mol_00447_out.sdf,1.0,0.6844235063,6.9791016579,6.9791016579,4.776661227524062,3.0627148789921534,True,True,0.9700561606558746,True,True,1,CC(C)(Sc1ccncc1-c1ccc(C#N)c2cccn12)C(=O)O,active,
mol_00448,urat1_9dkb,42,a1,a1_cnnscore_top1,9,8,/home/gwj/work/c1-campaign/URAT1_NLRP3_DualTarget_AIDD_Project/docking_export_20260820/01_phase1_benchmark_URAT1_9DKB/poses/gnina_sdf/mol_00448_out.sdf,1.0,0.8105174899,6.7458572388,6.7458572388,5.467635276415922,3.054953218954414,True,True,1.2016231615916406,True,True,1,CC(C)(Sc1ccncc1-c1ccc(C2(O)CC2)cc1)C(=O)O,active,
mol_00448,urat1_9dkb,42,a2,a2_geometry_then_cnnscore,9,8,/home/gwj/work/c1-campaign/URAT1_NLRP3_DualTarget_AIDD_Project/docking_export_20260820/01_phase1_benchmark_URAT1_9DKB/poses/gnina_sdf/mol_00448_out.sdf,1.0,0.8105174899,6.7458572388,6.7458572388,5.467635276415922,3.054953218954414,True,True,1.2016231615916406,True,True,1,CC(C)(Sc1ccncc1-c1ccc(C2(O)CC2)cc1)C(=O)O,active,
mol_00449,urat1_9dkb,42,a1,a1_cnnscore_top1,9,9,/home/gwj/work/c1-campaign/URAT1_NLRP3_DualTarget_AIDD_Project/docking_export_20260820/01_phase1_benchmark_URAT1_9DKB/poses/gnina_sdf/mol_00449_out.sdf,1.0,0.7037559152,5.7734856606,5.7734856606,4.06312468496963,3.037411769912012,True,True,4.968931758494262,True,True,1,CC(C)(Sc1ccncc1-c1ccc(C2(O)COC2)cc1)C(=O)O,active,
mol_00449,urat1_9dkb,42,a2,a2_geometry_then_cnnscore,9,9,/home/gwj/work/c1-campaign/URAT1_NLRP3_DualTarget_AIDD_Project/docking_export_20260820/01_phase1_benchmark_URAT1_9DKB/poses/gnina_sdf/mol_00449_out.sdf,1.0,0.7037559152,5.7734856606,5.7734856606,4.06312468496963,3.037411769912012,True,True,4.968931758494262,True,True,1,CC(C)(Sc1ccncc1-c1ccc(C2(O)COC2)cc1)C(=O)O,active,
mol_00458,urat1_9dkb,42,a1,a1_cnnscore_top1,9,8,/home/gwj/work/c1-campaign/URAT1_NLRP3_DualTarget_AIDD_Project/docking_export_20260820/01_phase1_benchmark_URAT1_9DKB/poses/gnina_sdf/mol_00458_out.sdf,1.0,0.7448509932,6.9062047005,6.9062047005,5.144093430409934,3.015976540028124,True,True,0.6366322413896052,True,True,1,CC(C)(Sc1nnc(Cl)n1Cc1ccc(C2CC2)c2ccccc12)C(=O)O,active,
mol_00458,urat1_9dkb,42,a2,a2_geometry_then_cnnscore,9,8,/home/gwj/work/c1-campaign/URAT1_NLRP3_DualTarget_AIDD_Project/docking_export_20260820/01_phase1_benchmark_URAT1_9DKB/poses/gnina_sdf/mol_00458_out.sdf,1.0,0.7448509932,6.9062047005,6.9062047005,5.144093430409934,3.015976540028124,True,True,0.6366322413896052,True,True,1,CC(C)(Sc1nnc(Cl)n1Cc1ccc(C2CC2)c2ccccc12)C(=O)O,active,
mol_00607,urat1_9dkb,42,a1,a1_cnnscore_top1,9,4,/home/gwj/work/c1-campaign/URAT1_NLRP3_DualTarget_AIDD_Project/docking_export_20260820/01_phase1_benchmark_URAT1_9DKB/poses/gnina_sdf/mol_00607_out.sdf,1.0,0.7739340663,7.2630696297,7.2630696297,5.621137012333756,7.166687867488012,True,True,0.3807295869191368,True,True,1,CC(C)c1ccc(Cn2c(Br)nnc2CC(C)(C)C(=O)O)c2ccccc12,active,
mol_00607,urat1_9dkb,42,a2,a2_geometry_then_cnnscore,9,4,/home/gwj/work/c1-campaign/URAT1_NLRP3_DualTarget_AIDD_Project/docking_export_20260820/01_phase1_benchmark_URAT1_9DKB/poses/gnina_sdf/mol_00607_out.sdf,1.0,0.7739340663,7.2630696297,7.2630696297,5.621137012333756,7.166687867488012,True,True,0.3807295869191368,True,True,1,CC(C)c1ccc(Cn2c(Br)nnc2CC(C)(C)C(=O)O)c2ccccc12,active,
mol_00608,urat1_9dkb,42,a1,a1_cnnscore_top1,9,4,/home/gwj/work/c1-campaign/URAT1_NLRP3_DualTarget_AIDD_Project/docking_export_20260820/01_phase1_benchmark_URAT1_9DKB/poses/gnina_sdf/mol_00608_out.sdf,1.0,0.8736083508,7.1077828407,7.1077828407,6.209418445308466,12.95428852619857,True,False,0.5681021144854965,True,False,1,CC(C)c1ccc(Cn2c(Br)nnc2CCC(=O)O)c2ccccc12,active,
mol_00608,urat1_9dkb,42,a2,a2_geometry_then_cnnscore,9,4,/home/gwj/work/c1-campaign/URAT1_NLRP3_DualTarget_AIDD_Project/docking_export_20260820/01_phase1_benchmark_URAT1_9DKB/poses/gnina_sdf/mol_00608_out.sdf,2.0,0.8183557987,6.6790499687,6.6790499687,5.4658392716926985,2.9145896366384036,True,True,1.5665337952461247,True,True,1,CC(C)c1ccc(Cn2c(Br)nnc2CCC(=O)O)c2ccccc12,active,
mol_00609,urat1_9dkb,42,a1,a1_cnnscore_top1,9,4,/home/gwj/work/c1-campaign/URAT1_NLRP3_DualTarget_AIDD_Project/docking_export_20260820/01_phase1_benchmark_URAT1_9DKB/poses/gnina_sdf/mol_00609_out.sdf,1.0,0.9130290151,7.2814679146,7.2814679146,6.6481914785494896,13.216069172034466,True,False,0.7245780828925328,True,False,1,CC(C)c1ccc(Cn2c(Br)nnc2SCC(=O)O)c2ccccc12,active,
mol_00609,urat1_9dkb,42,a2,a2_geometry_then_cnnscore,9,4,/home/gwj/work/c1-campaign/URAT1_NLRP3_DualTarget_AIDD_Project/docking_export_20260820/01_phase1_benchmark_URAT1_9DKB/poses/gnina_sdf/mol_00609_out.sdf,4.0,0.7087498903,6.6596493721,6.6596493721,4.720025761912339,3.304878062803523,True,True,2.6327118385508057,True,True,1,CC(C)c1ccc(Cn2c(Br)nnc2SCC(=O)O)c2ccccc12,active,
mol_00701,urat1_9dkb,42,a1,a1_cnnscore_top1,9,3,/home/gwj/work/c1-campaign/URAT1_NLRP3_DualTarget_AIDD_Project/docking_export_20260820/01_phase1_benchmark_URAT1_9DKB/poses/gnina_sdf/mol_00701_out.sdf,1.0,0.8467232585,7.6409478188,7.6409478188,6.469768235162803,14.584247004559408,True,False,1.6891264330757814,True,False,1,CC(CC(=O)O)c1cc2cncc(-c3ccc(C#N)c4ccccc34)c2s1,active,
mol_00701,urat1_9dkb,42,a2,a2_geometry_then_cnnscore,9,3,/home/gwj/work/c1-campaign/URAT1_NLRP3_DualTarget_AIDD_Project/docking_export_20260820/01_phase1_benchmark_URAT1_9DKB/poses/gnina_sdf/mol_00701_out.sdf,4.0,0.638779521,7.0355782509,7.0355782509,4.49418330506792,2.8324033275647675,True,True,1.3353809380292576,True,True,1,CC(CC(=O)O)c1cc2cncc(-c3ccc(C#N)c4ccccc34)c2s1,active,
mol_00702,urat1_9dkb,42,a1,a1_cnnscore_top1,9,7,/home/gwj/work/c1-campaign/URAT1_NLRP3_DualTarget_AIDD_Project/docking_export_20260820/01_phase1_benchmark_URAT1_9DKB/poses/gnina_sdf/mol_00702_out.sdf,1.0,0.75581038,6.9917550087,6.9917550087,5.284441009992451,3.176659915697618,True,True,0.619735632263789,True,True,1,CC(CC(=O)O)c1ccc2cncc(-c3ccc(C#N)c4ccccc34)c2c1,active,
mol_00702,urat1_9dkb,42,a2,a2_geometry_then_cnnscore,9,7,/home/gwj/work/c1-campaign/URAT1_NLRP3_DualTarget_AIDD_Project/docking_export_20260820/01_phase1_benchmark_URAT1_9DKB/poses/gnina_sdf/mol_00702_out.sdf,1.0,0.75581038,6.9917550087,6.9917550087,5.284441009992451,3.176659915697618,True,True,0.619735632263789,True,True,1,CC(CC(=O)O)c1ccc2cncc(-c3ccc(C#N)c4ccccc34)c2c1,active,
mol_00726,urat1_9dkb,42,a1,a1_cnnscore_top1,9,5,/home/gwj/work/c1-campaign/URAT1_NLRP3_DualTarget_AIDD_Project/docking_export_20260820/01_phase1_benchmark_URAT1_9DKB/poses/gnina_sdf/mol_00726_out.sdf,1.0,0.8425045013,7.448425293,7.448425293,6.275331836949271,14.380102721816694,True,False,1.442410480829559,True,False,1,CC(Cc1ccc2cncc(-c3ccc(C#N)c4ccccc34)c2c1)C(=O)O,active,
mol_00726,urat1_9dkb,42,a2,a2_geometry_then_cnnscore,9,5,/home/gwj/work/c1-campaign/URAT1_NLRP3_DualTarget_AIDD_Project/docking_export_20260820/01_phase1_benchmark_URAT1_9DKB/poses/gnina_sdf/mol_00726_out.sdf,3.0,0.739525497,6.518928051,6.518928051,4.8209135068230164,2.94653536208204,True,True,4.163870883307978,True,True,1,CC(Cc1ccc2cncc(-c3ccc(C#N)c4ccccc34)c2c1)C(=O)O,active,
mol_00729,urat1_9dkb,42,a1,a1_cnnscore_top1,9,9,/home/gwj/work/c1-campaign/URAT1_NLRP3_DualTarget_AIDD_Project/docking_export_20260820/01_phase1_benchmark_URAT1_9DKB/poses/gnina_sdf/mol_00729_out.sdf,1.0,0.7584412098,6.8071265221,6.8071265221,5.1628052746831905,2.9481487360714964,True,True,4.1344860787314195,True,True,1,CC(Cl)(CC(=O)O)c1cc2c(-c3ccc(C#N)c4ccccc34)cncc2s1,active,
mol_00729,urat1_9dkb,42,a2,a2_geometry_then_cnnscore,9,9,/home/gwj/work/c1-campaign/URAT1_NLRP3_DualTarget_AIDD_Project/docking_export_20260820/01_phase1_benchmark_URAT1_9DKB/poses/gnina_sdf/mol_00729_out.sdf,1.0,0.7584412098,6.8071265221,6.8071265221,5.1628052746831905,2.9481487360714964,True,True,4.1344860787314195,True,True,1,CC(Cl)(CC(=O)O)c1cc2c(-c3ccc(C#N)c4ccccc34)cncc2s1,active,
mol_00757,urat1_9dkb,42,a1,a1_cnnscore_top1,9,0,/home/gwj/work/c1-campaign/URAT1_NLRP3_DualTarget_AIDD_Project/docking_export_20260820/01_phase1_benchmark_URAT1_9DKB/poses/gnina_sdf/mol_00757_out.sdf,1.0,0.9620144963,7.7579512596,7.7579512596,7.463261573324045,14.672359828602895,True,False,1.6759584770043976,True,False,1,CC(NC(=O)Cc1c(Cl)cccc1Cl)c1ccc(CCC(=O)O)cn1,active,
mol_00757,urat1_9dkb,42,a2,a2_no_geometry_pass,9,0,/home/gwj/work/c1-campaign/URAT1_NLRP3_DualTarget_AIDD_Project/docking_export_20260820/01_phase1_benchmark_URAT1_9DKB/poses/gnina_sdf/mol_00757_out.sdf,,,,,,,False,False,,False,False,1,CC(NC(=O)Cc1c(Cl)cccc1Cl)c1ccc(CCC(=O)O)cn1,active,a2_no_geometry_pass
mol_00813,urat1_9dkb,42,a1,a1_cnnscore_top1,9,8,/home/gwj/work/c1-campaign/URAT1_NLRP3_DualTarget_AIDD_Project/docking_export_20260820/01_phase1_benchmark_URAT1_9DKB/poses/gnina_sdf/mol_00813_out.sdf,1.0,0.46964252,6.7201151848,6.7201151848,3.1560518300797376,2.872455985737642,True,True,1.131846807637612,True,True,1,CC(O)(CC(=O)O)c1cc2c(-c3ccc(C#N)c4ccccc34)cncc2s1,active,
mol_00813,urat1_9dkb,42,a2,a2_geometry_then_cnnscore,9,8,/home/gwj/work/c1-campaign/URAT1_NLRP3_DualTarget_AIDD_Project/docking_export_20260820/01_phase1_benchmark_URAT1_9DKB/poses/gnina_sdf/mol_00813_out.sdf,1.0,0.46964252,6.7201151848,6.7201151848,3.1560518300797376,2.872455985737642,True,True,1.131846807637612,True,True,1,CC(O)(CC(=O)O)c1cc2c(-c3ccc(C#N)c4ccccc34)cncc2s1,active,
mol_00843,urat1_9dkb,42,a1,a1_cnnscore_top1,9,5,/home/gwj/work/c1-campaign/URAT1_NLRP3_DualTarget_AIDD_Project/docking_export_20260820/01_phase1_benchmark_URAT1_9DKB/poses/gnina_sdf/mol_00843_out.sdf,1.0,0.8217212558,7.591152668,7.591152668,6.237811503318481,14.507757584823368,True,False,1.3969808608758105,True,False,1,CC(Sc1ccc2cncc(-c3ccc(C#N)c4ccccc34)c2c1)C(=O)O,active,
mol_00843,urat1_9dkb,42,a2,a2_geometry_then_cnnscore,9,5,/home/gwj/work/c1-campaign/URAT1_NLRP3_DualTarget_AIDD_Project/docking_export_20260820/01_phase1_benchmark_URAT1_9DKB/poses/gnina_sdf/mol_00843_out.sdf,3.0,0.7313786745,6.941221714,6.941221714,5.076661536595939,3.0331206454738924,True,True,0.9749040413307399,True,True,1,CC(Sc1ccc2cncc(-c3ccc(C#N)c4ccccc34)c2c1)C(=O)O,active,
mol_01262,urat1_9dkb,42,a1,a1_cnnscore_top1,9,9,/home/gwj/work/c1-campaign/URAT1_NLRP3_DualTarget_AIDD_Project/docking_export_20260820/01_phase1_benchmark_URAT1_9DKB/poses/gnina_sdf/mol_01262_out.sdf,1.0,0.8552601337,7.0218482018,7.0218482018,6.005506831892572,2.9728334363028055,True,True,3.165369588988355,True,True,1,CCC(CC)(Sc1ccc2cnsc2c1-c1ccc(C#N)cc1)C(=O)O,active,
mol_01262,urat1_9dkb,42,a2,a2_geometry_then_cnnscore,9,9,/home/gwj/work/c1-campaign/URAT1_NLRP3_DualTarget_AIDD_Project/docking_export_20260820/01_phase1_benchmark_URAT1_9DKB/poses/gnina_sdf/mol_01262_out.sdf,1.0,0.8552601337,7.0218482018,7.0218482018,6.005506831892572,2.9728334363028055,True,True,3.165369588988355,True,True,1,CCC(CC)(Sc1ccc2cnsc2c1-c1ccc(C#N)cc1)C(=O)O,active,
mol_01440,urat1_9dkb,42,a1,a1_cnnscore_top1,9,5,/home/gwj/work/c1-campaign/URAT1_NLRP3_DualTarget_AIDD_Project/docking_export_20260820/01_phase1_benchmark_URAT1_9DKB/poses/gnina_sdf/mol_01440_out.sdf,1.0,0.8918394446,6.9394078255,6.9394078255,6.1888376209468134,3.062426577079025,True,True,1.064387097047454,True,True,1,CCCc1ccc(Cn2c(Br)nnc2CC(C)(C)C(=O)O)c2ccccc12,active,
mol_01440,urat1_9dkb,42,a2,a2_geometry_then_cnnscore,9,5,/home/gwj/work/c1-campaign/URAT1_NLRP3_DualTarget_AIDD_Project/docking_export_20260820/01_phase1_benchmark_URAT1_9DKB/poses/gnina_sdf/mol_01440_out.sdf,1.0,0.8918394446,6.9394078255,6.9394078255,6.1888376209468134,3.062426577079025,True,True,1.064387097047454,True,True,1,CCCc1ccc(Cn2c(Br)nnc2CC(C)(C)C(=O)O)c2ccccc12,active,
mol_01441,urat1_9dkb,42,a1,a1_cnnscore_top1,9,4,/home/gwj/work/c1-campaign/URAT1_NLRP3_DualTarget_AIDD_Project/docking_export_20260820/01_phase1_benchmark_URAT1_9DKB/poses/gnina_sdf/mol_01441_out.sdf,1.0,0.9064847827,6.799993515,6.799993515,6.164090643806184,3.0787028729645125,True,True,1.1492283059631212,True,True,1,CCCc1ccc(Cn2c(Br)nnc2CCC(=O)O)c2ccccc12,active,
mol_01441,urat1_9dkb,42,a2,a2_geometry_then_cnnscore,9,4,/home/gwj/work/c1-campaign/URAT1_NLRP3_DualTarget_AIDD_Project/docking_export_20260820/01_phase1_benchmark_URAT1_9DKB/poses/gnina_sdf/mol_01441_out.sdf,1.0,0.9064847827,6.799993515,6.799993515,6.164090643806184,3.0787028729645125,True,True,1.1492283059631212,True,True,1,CCCc1ccc(Cn2c(Br)nnc2CCC(=O)O)c2ccccc12,active,
mol_01442,urat1_9dkb,42,a1,a1_cnnscore_top1,9,8,/home/gwj/work/c1-campaign/URAT1_NLRP3_DualTarget_AIDD_Project/docking_export_20260820/01_phase1_benchmark_URAT1_9DKB/poses/gnina_sdf/mol_01442_out.sdf,1.0,0.8797950149,7.0001831055,7.0001831055,6.1587261996061,3.2226664518686867,True,True,1.0417371268688136,True,True,1,CCCc1ccc(Cn2c(Br)nnc2SC(C)(C)C(=O)O)c2ccccc12,active,
mol_01442,urat1_9dkb,42,a2,a2_geometry_then_cnnscore,9,8,/home/gwj/work/c1-campaign/URAT1_NLRP3_DualTarget_AIDD_Project/docking_export_20260820/01_phase1_benchmark_URAT1_9DKB/poses/gnina_sdf/mol_01442_out.sdf,1.0,0.8797950149,7.0001831055,7.0001831055,6.1587261996061,3.2226664518686867,True,True,1.0417371268688136,True,True,1,CCCc1ccc(Cn2c(Br)nnc2SC(C)(C)C(=O)O)c2ccccc12,active,
mol_01443,urat1_9dkb,42,a1,a1_cnnscore_top1,9,4,/home/gwj/work/c1-campaign/URAT1_NLRP3_DualTarget_AIDD_Project/docking_export_20260820/01_phase1_benchmark_URAT1_9DKB/poses/gnina_sdf/mol_01443_out.sdf,1.0,0.8776392341,6.7323355675,6.7323355675,5.908561831164889,3.035900441384728,True,True,1.0808886091373517,True,True,1,CCCc1ccc(Cn2c(Br)nnc2SCC(=O)O)c2ccccc12,active,
mol_01443,urat1_9dkb,42,a2,a2_geometry_then_cnnscore,9,4,/home/gwj/work/c1-campaign/URAT1_NLRP3_DualTarget_AIDD_Project/docking_export_20260820/01_phase1_benchmark_URAT1_9DKB/poses/gnina_sdf/mol_01443_out.sdf,1.0,0.8776392341,6.7323355675,6.7323355675,5.908561831164889,3.035900441384728,True,True,1.0808886091373517,True,True,1,CCCc1ccc(Cn2c(Br)nnc2SCC(=O)O)c2ccccc12,active,
mol_01444,urat1_9dkb,42,a1,a1_cnnscore_top1,9,4,/home/gwj/work/c1-campaign/URAT1_NLRP3_DualTarget_AIDD_Project/docking_export_20260820/01_phase1_benchmark_URAT1_9DKB/poses/gnina_sdf/mol_01444_out.sdf,1.0,0.8776392341,6.7323355675,6.7323355675,5.908561831164889,3.035900441384728,True,True,1.0808886091373517,True,True,1,CCCc1ccc(Cn2c(Br)nnc2SCC(=O)[O-])c2ccccc12.[Na+],active,
mol_01444,urat1_9dkb,42,a2,a2_geometry_then_cnnscore,9,4,/home/gwj/work/c1-campaign/URAT1_NLRP3_DualTarget_AIDD_Project/docking_export_20260820/01_phase1_benchmark_URAT1_9DKB/poses/gnina_sdf/mol_01444_out.sdf,1.0,0.8776392341,6.7323355675,6.7323355675,5.908561831164889,3.035900441384728,True,True,1.0808886091373517,True,True,1,CCCc1ccc(Cn2c(Br)nnc2SCC(=O)[O-])c2ccccc12.[Na+],active,
mol_02042,urat1_9dkb,42,a1,a1_cnnscore_top1,9,4,/home/gwj/work/c1-campaign/URAT1_NLRP3_DualTarget_AIDD_Project/docking_export_20260820/01_phase1_benchmark_URAT1_9DKB/poses/gnina_sdf/mol_02042_out.sdf,1.0,0.8647286296,6.4710364342,6.4710364342,5.595690467837437,14.283878431994577,True,False,2.215892675481708,True,False,1,CCc1cn(Cc2c(C)cccc2C)c2cc(C(=O)O)ccc12,active,
mol_02042,urat1_9dkb,42,a2,a2_geometry_then_cnnscore,9,4,/home/gwj/work/c1-campaign/URAT1_NLRP3_DualTarget_AIDD_Project/docking_export_20260820/01_phase1_benchmark_URAT1_9DKB/poses/gnina_sdf/mol_02042_out.sdf,5.0,0.6352360845,5.9874444008,5.9874444008,3.803440737325641,3.1578364127991185,True,True,1.4633051833015776,True,True,1,CCc1cn(Cc2c(C)cccc2C)c2cc(C(=O)O)ccc12,active,
mol_02071,urat1_9dkb,42,a1,a1_cnnscore_top1,9,3,/home/gwj/work/c1-campaign/URAT1_NLRP3_DualTarget_AIDD_Project/docking_export_20260820/01_phase1_benchmark_URAT1_9DKB/poses/gnina_sdf/mol_02071_out.sdf,1.0,0.888997972,6.5948433876,6.5948433876,5.8628023972340095,14.398694284205074,True,False,2.3347073558171143,True,False,1,CCc1nn(Cc2c(C)cccc2C)c2cc(C(=O)O)ccc12,active,
mol_02071,urat1_9dkb,42,a2,a2_geometry_then_cnnscore,9,3,/home/gwj/work/c1-campaign/URAT1_NLRP3_DualTarget_AIDD_Project/docking_export_20260820/01_phase1_benchmark_URAT1_9DKB/poses/gnina_sdf/mol_02071_out.sdf,6.0,0.6716821194,6.3458271027,6.3458271027,4.262378597687498,4.238838705353141,True,True,1.7696274669027097,True,True,1,CCc1nn(Cc2c(C)cccc2C)c2cc(C(=O)O)ccc12,active,
mol_02072,urat1_9dkb,42,a1,a1_cnnscore_top1,9,2,/home/gwj/work/c1-campaign/URAT1_NLRP3_DualTarget_AIDD_Project/docking_export_20260820/01_phase1_benchmark_URAT1_9DKB/poses/gnina_sdf/mol_02072_out.sdf,1.0,0.8864884377,6.8147215843,6.8147215843,6.0411718906265754,14.17189769967311,True,False,1.177112376610723,True,False,1,CCc1nn(Cc2c(C)cccc2C)c2cc(CC(=O)O)ccc12,active,
mol_02072,urat1_9dkb,42,a2,a2_geometry_then_cnnscore,9,2,/home/gwj/work/c1-campaign/URAT1_NLRP3_DualTarget_AIDD_Project/docking_export_20260820/01_phase1_benchmark_URAT1_9DKB/poses/gnina_sdf/mol_02072_out.sdf,8.0,0.6890214086,6.3738555908,6.3738555908,4.391722957386001,2.9207215444132952,True,True,1.624659204980048,True,True,1,CCc1nn(Cc2c(C)cccc2C)c2cc(CC(=O)O)ccc12,active,
mol_02073,urat1_9dkb,42,a1,a1_cnnscore_top1,9,3,/home/gwj/work/c1-campaign/URAT1_NLRP3_DualTarget_AIDD_Project/docking_export_20260820/01_phase1_benchmark_URAT1_9DKB/poses/gnina_sdf/mol_02073_out.sdf,1.0,0.9095560312,6.9346041679,6.9346041679,6.307411044898102,14.334095719646916,True,False,2.3521632389462086,True,False,1,CCc1nn(Cc2c(C)cccc2Cl)c2cc(C(=O)O)cnc12,active,
mol_02073,urat1_9dkb,42,a2,a2_geometry_then_cnnscore,9,3,/home/gwj/work/c1-campaign/URAT1_NLRP3_DualTarget_AIDD_Project/docking_export_20260820/01_phase1_benchmark_URAT1_9DKB/poses/gnina_sdf/mol_02073_out.sdf,5.0,0.7700685263,6.3655686378,6.3655686378,4.901924059972145,3.0063681394666233,True,True,1.4381097083876393,True,True,1,CCc1nn(Cc2c(C)cccc2Cl)c2cc(C(=O)O)cnc12,active,
mol_02076,urat1_9dkb,42,a1,a1_cnnscore_top1,9,2,/home/gwj/work/c1-campaign/URAT1_NLRP3_DualTarget_AIDD_Project/docking_export_20260820/01_phase1_benchmark_URAT1_9DKB/poses/gnina_sdf/mol_02076_out.sdf,1.0,0.732719779,6.9850139618,6.9850139618,5.11805788640201,2.924406245718936,True,True,1.7841821776504445,True,True,1,CCc1nn(Cc2c(Cl)cccc2Cl)c2cc(/C=C/C(=O)O)ccc12,active,
mol_02076,urat1_9dkb,42,a2,a2_geometry_then_cnnscore,9,2,/home/gwj/work/c1-campaign/URAT1_NLRP3_DualTarget_AIDD_Project/docking_export_20260820/01_phase1_benchmark_URAT1_9DKB/poses/gnina_sdf/mol_02076_out.sdf,1.0,0.732719779,6.9850139618,6.9850139618,5.11805788640201,2.924406245718936,True,True,1.7841821776504445,True,True,1,CCc1nn(Cc2c(Cl)cccc2Cl)c2cc(/C=C/C(=O)O)ccc12,active,
mol_02077,urat1_9dkb,42,a1,a1_cnnscore_top1,9,4,/home/gwj/work/c1-campaign/URAT1_NLRP3_DualTarget_AIDD_Project/docking_export_20260820/01_phase1_benchmark_URAT1_9DKB/poses/gnina_sdf/mol_02077_out.sdf,1.0,0.9397543073,7.0251026154,7.0251026154,6.601870442046645,14.391088310131376,True,False,2.3816626056957455,True,False,1,CCc1nn(Cc2c(Cl)cccc2Cl)c2cc(C(=O)O)ccc12,active,
mol_02077,urat1_9dkb,42,a2,a2_geometry_then_cnnscore,9,4,/home/gwj/work/c1-campaign/URAT1_NLRP3_DualTarget_AIDD_Project/docking_export_20260820/01_phase1_benchmark_URAT1_9DKB/poses/gnina_sdf/mol_02077_out.sdf,5.0,0.7771821618,6.4887137413,6.4887137413,5.0429125727649,3.0794767883522045,True,True,1.4114912595863671,True,True,1,CCc1nn(Cc2c(Cl)cccc2Cl)c2cc(C(=O)O)ccc12,active,
mol_02078,urat1_9dkb,42,a1,a1_cnnscore_top1,9,2,/home/gwj/work/c1-campaign/URAT1_NLRP3_DualTarget_AIDD_Project/docking_export_20260820/01_phase1_benchmark_URAT1_9DKB/poses/gnina_sdf/mol_02078_out.sdf,1.0,0.9378822446,7.2026996613,7.2026996613,6.755284125519704,14.280077116738545,True,False,2.3570853424082845,True,False,1,CCc1nn(Cc2c(Cl)cccc2Cl)c2cc(C(=O)O)cnc12,active,
mol_02078,urat1_9dkb,42,a2,a2_geometry_then_cnnscore,9,2,/home/gwj/work/c1-campaign/URAT1_NLRP3_DualTarget_AIDD_Project/docking_export_20260820/01_phase1_benchmark_URAT1_9DKB/poses/gnina_sdf/mol_02078_out.sdf,6.0,0.7842481136,6.5032062531,6.5032062531,5.1001272363454,2.9668615758070054,True,True,1.4500171284172736,True,True,1,CCc1nn(Cc2c(Cl)cccc2Cl)c2cc(C(=O)O)cnc12,active,
mol_02079,urat1_9dkb,42,a1,a1_cnnscore_top1,9,2,/home/gwj/work/c1-campaign/URAT1_NLRP3_DualTarget_AIDD_Project/docking_export_20260820/01_phase1_benchmark_URAT1_9DKB/poses/gnina_sdf/mol_02079_out.sdf,1.0,0.912098527,7.1444430351,7.1444430351,6.51643596855012,13.691820420236303,True,False,1.0191896304138233,True,False,1,CCc1nn(Cc2c(Cl)cccc2Cl)c2cc(CC(=O)O)ccc12,active,
mol_02079,urat1_9dkb,42,a2,a2_geometry_then_cnnscore,9,2,/home/gwj/work/c1-campaign/URAT1_NLRP3_DualTarget_AIDD_Project/docking_export_20260820/01_phase1_benchmark_URAT1_9DKB/poses/gnina_sdf/mol_02079_out.sdf,8.0,0.7438408136,6.7894420624,6.7894420624,5.050264107585678,2.937703916326494,True,True,0.84131434670122,True,True,1,CCc1nn(Cc2c(Cl)cccc2Cl)c2cc(CC(=O)O)ccc12,active,
mol_02080,urat1_9dkb,42,a1,a1_cnnscore_top1,9,0,/home/gwj/work/c1-campaign/URAT1_NLRP3_DualTarget_AIDD_Project/docking_export_20260820/01_phase1_benchmark_URAT1_9DKB/poses/gnina_sdf/mol_02080_out.sdf,1.0,0.8681024909,7.2931771278,7.2931771278,6.331225231218088,14.18217368565199,True,False,1.1675311815759954,True,False,1,CCc1nn(Cc2c(Cl)cccc2Cl)c2cc(CCC(=O)O)ccc12,active,
mol_02080,urat1_9dkb,42,a2,a2_no_geometry_pass,9,0,/home/gwj/work/c1-campaign/URAT1_NLRP3_DualTarget_AIDD_Project/docking_export_20260820/01_phase1_benchmark_URAT1_9DKB/poses/gnina_sdf/mol_02080_out.sdf,,,,,,,False,False,,False,False,1,CCc1nn(Cc2c(Cl)cccc2Cl)c2cc(CCC(=O)O)ccc12,active,a2_no_geometry_pass
mol_02556,urat1_9dkb,42,a1,a1_cnnscore_top1,9,8,/home/gwj/work/c1-campaign/URAT1_NLRP3_DualTarget_AIDD_Project/docking_export_20260820/01_phase1_benchmark_URAT1_9DKB/poses/gnina_sdf/mol_02556_out.sdf,1.0,0.9541202188,6.7281060219,6.7281060219,6.4194219897248255,2.7920153831954395,True,True,0.9804530895008765,True,True,1,COC(=O)COc1ccc2nccc(SC3(C(=O)O)CCC3)c2c1,active,
mol_02556,urat1_9dkb,42,a2,a2_geometry_then_cnnscore,9,8,/home/gwj/work/c1-campaign/URAT1_NLRP3_DualTarget_AIDD_Project/docking_export_20260820/01_phase1_benchmark_URAT1_9DKB/poses/gnina_sdf/mol_02556_out.sdf,1.0,0.9541202188,6.7281060219,6.7281060219,6.4194219897248255,2.7920153831954395,True,True,0.9804530895008765,True,True,1,COC(=O)COc1ccc2nccc(SC3(C(=O)O)CCC3)c2c1,active,
mol_02661,urat1_9dkb,42,a1,a1_cnnscore_top1,9,8,/home/gwj/work/c1-campaign/URAT1_NLRP3_DualTarget_AIDD_Project/docking_export_20260820/01_phase1_benchmark_URAT1_9DKB/poses/gnina_sdf/mol_02661_out.sdf,1.0,0.7062987685,6.6292214394,6.6292214394,4.682210938762017,6.526033217813092,True,True,0.605782269620219,True,True,1,COCC(C)(Sc1ccncc1-c1ccc(C#N)c2cccn12)C(=O)O,active,
mol_02661,urat1_9dkb,42,a2,a2_geometry_then_cnnscore,9,8,/home/gwj/work/c1-campaign/URAT1_NLRP3_DualTarget_AIDD_Project/docking_export_20260820/01_phase1_benchmark_URAT1_9DKB/poses/gnina_sdf/mol_02661_out.sdf,1.0,0.7062987685,6.6292214394,6.6292214394,4.682210938762017,6.526033217813092,True,True,0.605782269620219,True,True,1,COCC(C)(Sc1ccncc1-c1ccc(C#N)c2cccn12)C(=O)O,active,
mol_02701,urat1_9dkb,42,a1,a1_cnnscore_top1,9,7,/home/gwj/work/c1-campaign/URAT1_NLRP3_DualTarget_AIDD_Project/docking_export_20260820/01_phase1_benchmark_URAT1_9DKB/poses/gnina_sdf/mol_02701_out.sdf,1.0,0.9642421603,6.9076461792,6.9076461792,6.660643674419849,3.0581187861167165,True,True,1.1818068213609991,True,True,1,COCCOc1ccc2nccc(SC3(C(=O)O)CCC3)c2c1,active,
mol_02701,urat1_9dkb,42,a2,a2_geometry_then_cnnscore,9,7,/home/gwj/work/c1-campaign/URAT1_NLRP3_DualTarget_AIDD_Project/docking_export_20260820/01_phase1_benchmark_URAT1_9DKB/poses/gnina_sdf/mol_02701_out.sdf,1.0,0.9642421603,6.9076461792,6.9076461792,6.660643674419849,3.0581187861167165,True,True,1.1818068213609991,True,True,1,COCCOc1ccc2nccc(SC3(C(=O)O)CCC3)c2c1,active,
mol_02733,urat1_9dkb,42,a1,a1_cnnscore_top1,9,6,/home/gwj/work/c1-campaign/URAT1_NLRP3_DualTarget_AIDD_Project/docking_export_20260820/01_phase1_benchmark_URAT1_9DKB/poses/gnina_sdf/mol_02733_out.sdf,1.0,0.8813472986,6.5221400261,6.5221400261,5.748270493094169,3.0500874528445787,True,True,1.1856449686290846,True,True,1,COCc1ccc2nccc(SC3(C(=O)O)CCC3)c2c1,active,
mol_02733,urat1_9dkb,42,a2,a2_geometry_then_cnnscore,9,6,/home/gwj/work/c1-campaign/URAT1_NLRP3_DualTarget_AIDD_Project/docking_export_20260820/01_phase1_benchmark_URAT1_9DKB/poses/gnina_sdf/mol_02733_out.sdf,1.0,0.8813472986,6.5221400261,6.5221400261,5.748270493094169,3.0500874528445787,True,True,1.1856449686290846,True,True,1,COCc1ccc2nccc(SC3(C(=O)O)CCC3)c2c1,active,
mol_02820,urat1_9dkb,42,a1,a1_cnnscore_top1,9,4,/home/gwj/work/c1-campaign/URAT1_NLRP3_DualTarget_AIDD_Project/docking_export_20260820/01_phase1_benchmark_URAT1_9DKB/poses/gnina_sdf/mol_02820_out.sdf,1.0,0.6462734938,7.519297123,7.519297123,4.859522422601499,14.44346149716195,True,False,0.776734639183361,True,False,1,COc1cc(C(=O)[O-])ccc1CSc1ccncc1N(C)c1ccc(C#N)c2ccccc12.[Na+],active,
mol_02820,urat1_9dkb,42,a2,a2_geometry_then_cnnscore,9,4,/home/gwj/work/c1-campaign/URAT1_NLRP3_DualTarget_AIDD_Project/docking_export_20260820/01_phase1_benchmark_URAT1_9DKB/poses/gnina_sdf/mol_02820_out.sdf,4.0,0.3364076912,7.072332859,7.072332859,2.3791871684940853,5.995893399652789,True,True,1.660382103930465,True,True,1,COc1cc(C(=O)[O-])ccc1CSc1ccncc1N(C)c1ccc(C#N)c2ccccc12.[Na+],active,
mol_03488,urat1_9dkb,42,a1,a1_cnnscore_top1,9,8,/home/gwj/work/c1-campaign/URAT1_NLRP3_DualTarget_AIDD_Project/docking_export_20260820/01_phase1_benchmark_URAT1_9DKB/poses/gnina_sdf/mol_03488_out.sdf,1.0,0.8632797599,6.1159882545,6.1159882545,5.27980887189598,3.0460913659967463,True,True,1.4125528786346062,True,True,1,COc1ccc2nccc(SC3(C(=O)O)CCC3)c2c1,active,
mol_03488,urat1_9dkb,42,a2,a2_geometry_then_cnnscore,9,8,/home/gwj/work/c1-campaign/URAT1_NLRP3_DualTarget_AIDD_Project/docking_export_20260820/01_phase1_benchmark_URAT1_9DKB/poses/gnina_sdf/mol_03488_out.sdf,1.0,0.8632797599,6.1159882545,6.1159882545,5.27980887189598,3.0460913659967463,True,True,1.4125528786346062,True,True,1,COc1ccc2nccc(SC3(C(=O)O)CCC3)c2c1,active,
mol_03579,urat1_9dkb,42,a1,a1_cnnscore_top1,9,4,/home/gwj/work/c1-campaign/URAT1_NLRP3_DualTarget_AIDD_Project/docking_export_20260820/01_phase1_benchmark_URAT1_9DKB/poses/gnina_sdf/mol_03579_out.sdf,1.0,0.9000795484,7.1577205658,7.1577205658,6.442517894438657,12.394443544588837,True,False,0.5684326979396775,True,False,1,COc1cccc(N(CCCC(=O)O)c2ccnc3ccc(C(F)(F)F)cc23)c1,active,
mol_03579,urat1_9dkb,42,a2,a2_geometry_then_cnnscore,9,4,/home/gwj/work/c1-campaign/URAT1_NLRP3_DualTarget_AIDD_Project/docking_export_20260820/01_phase1_benchmark_URAT1_9DKB/poses/gnina_sdf/mol_03579_out.sdf,3.0,0.8925899863,7.0421085358,7.0421085358,6.285715561492835,3.149006003487447,True,True,1.0140941674870663,True,True,1,COc1cccc(N(CCCC(=O)O)c2ccnc3ccc(C(F)(F)F)cc23)c1,active,
mol_03752,urat1_9dkb,42,a1,a1_cnnscore_top1,9,5,/home/gwj/work/c1-campaign/URAT1_NLRP3_DualTarget_AIDD_Project/docking_export_20260820/01_phase1_benchmark_URAT1_9DKB/poses/gnina_sdf/mol_03752_out.sdf,1.0,0.7259382606,7.5021820068,7.5021820068,5.44612095672101,2.9651390608199026,True,True,0.3207619950268365,True,True,1,CS(=O)(=O)c1cc2c(C#N)ccc(-c3cnccc3SC3(C(=O)O)CCC3)n2c1,active,
mol_03752,urat1_9dkb,42,a2,a2_geometry_then_cnnscore,9,5,/home/gwj/work/c1-campaign/URAT1_NLRP3_DualTarget_AIDD_Project/docking_export_20260820/01_phase1_benchmark_URAT1_9DKB/poses/gnina_sdf/mol_03752_out.sdf,1.0,0.7259382606,7.5021820068,7.5021820068,5.44612095672101,2.9651390608199026,True,True,0.3207619950268365,True,True,1,CS(=O)(=O)c1cc2c(C#N)ccc(-c3cnccc3SC3(C(=O)O)CCC3)n2c1,active,
mol_03803,urat1_9dkb,42,a1,a1_cnnscore_top1,9,6,/home/gwj/work/c1-campaign/URAT1_NLRP3_DualTarget_AIDD_Project/docking_export_20260820/01_phase1_benchmark_URAT1_9DKB/poses/gnina_sdf/mol_03803_out.sdf,1.0,0.7771440148,7.7372202873,7.7372202873,6.012934437464331,14.822679779985796,True,False,1.567970005126711,True,False,1,C[C@@H](CC(=O)O)c1cc2c(-c3ccc(C#N)c4ccccc34)cncc2s1,active,
mol_03803,urat1_9dkb,42,a2,a2_geometry_then_cnnscore,9,6,/home/gwj/work/c1-campaign/URAT1_NLRP3_DualTarget_AIDD_Project/docking_export_20260820/01_phase1_benchmark_URAT1_9DKB/poses/gnina_sdf/mol_03803_out.sdf,3.0,0.5302278399,6.0337600708,6.0337600708,3.199267568815155,2.7603605181207715,True,True,4.639187071088778,True,True,1,C[C@@H](CC(=O)O)c1cc2c(-c3ccc(C#N)c4ccccc34)cncc2s1,active,
mol_03804,urat1_9dkb,42,a1,a1_cnnscore_top1,9,5,/home/gwj/work/c1-campaign/URAT1_NLRP3_DualTarget_AIDD_Project/docking_export_20260820/01_phase1_benchmark_URAT1_9DKB/poses/gnina_sdf/mol_03804_out.sdf,1.0,0.835044086,7.798866272,7.798866272,6.512397157938468,13.951459167054884,True,False,1.5781837259178848,True,False,1,C[C@@H](CC(=O)O)c1cc2cncc(-c3ccc(C#N)c4ccccc34)c2s1,active,
mol_03804,urat1_9dkb,42,a2,a2_geometry_then_cnnscore,9,5,/home/gwj/work/c1-campaign/URAT1_NLRP3_DualTarget_AIDD_Project/docking_export_20260820/01_phase1_benchmark_URAT1_9DKB/poses/gnina_sdf/mol_03804_out.sdf,3.0,0.5206614733,6.8240590096,6.8240590096,3.553024617824475,2.918630360288885,True,True,1.4884455678060053,True,True,1,C[C@@H](CC(=O)O)c1cc2cncc(-c3ccc(C#N)c4ccccc34)c2s1,active,
mol_03805,urat1_9dkb,42,a1,a1_cnnscore_top1,9,5,/home/gwj/work/c1-campaign/URAT1_NLRP3_DualTarget_AIDD_Project/docking_export_20260820/01_phase1_benchmark_URAT1_9DKB/poses/gnina_sdf/mol_03805_out.sdf,1.0,0.9150804281,8.10505867,8.10505867,7.416780557519217,14.516574920414241,True,False,1.6776978623847212,True,False,1,C[C@@H](Cc1cc2cncc(-c3ccc(C#N)c4ccccc34)c2s1)C(=O)O,active,
mol_03805,urat1_9dkb,42,a2,a2_geometry_then_cnnscore,9,5,/home/gwj/work/c1-campaign/URAT1_NLRP3_DualTarget_AIDD_Project/docking_export_20260820/01_phase1_benchmark_URAT1_9DKB/poses/gnina_sdf/mol_03805_out.sdf,2.0,0.6558786035,7.1527018547,7.1527018547,4.691304103712496,2.881452595480267,True,True,1.5451480496745944,True,True,1,C[C@@H](Cc1cc2cncc(-c3ccc(C#N)c4ccccc34)c2s1)C(=O)O,active,
mol_03820,urat1_9dkb,42,a1,a1_cnnscore_top1,9,6,/home/gwj/work/c1-campaign/URAT1_NLRP3_DualTarget_AIDD_Project/docking_export_20260820/01_phase1_benchmark_URAT1_9DKB/poses/gnina_sdf/mol_03820_out.sdf,1.0,0.7368405461,7.1913032532,7.1913032532,5.298843816258595,2.7950453413137946,True,True,1.08573006271794,True,True,1,C[C@H](CC(=O)O)c1cc2c(-c3ccc(C#N)c4ccccc34)cncc2s1,active,
mol_03820,urat1_9dkb,42,a2,a2_geometry_then_cnnscore,9,6,/home/gwj/work/c1-campaign/URAT1_NLRP3_DualTarget_AIDD_Project/docking_export_20260820/01_phase1_benchmark_URAT1_9DKB/poses/gnina_sdf/mol_03820_out.sdf,1.0,0.7368405461,7.1913032532,7.1913032532,5.298843816258595,2.7950453413137946,True,True,1.08573006271794,True,True,1,C[C@H](CC(=O)O)c1cc2c(-c3ccc(C#N)c4ccccc34)cncc2s1,active,
mol_03821,urat1_9dkb,42,a1,a1_cnnscore_top1,9,3,/home/gwj/work/c1-campaign/URAT1_NLRP3_DualTarget_AIDD_Project/docking_export_20260820/01_phase1_benchmark_URAT1_9DKB/poses/gnina_sdf/mol_03821_out.sdf,1.0,0.8467232585,7.6409478188,7.6409478188,6.469768235162803,14.584247004559408,True,False,1.6891264330757814,True,False,1,C[C@H](CC(=O)O)c1cc2cncc(-c3ccc(C#N)c4ccccc34)c2s1,active,
mol_03821,urat1_9dkb,42,a2,a2_geometry_then_cnnscore,9,3,/home/gwj/work/c1-campaign/URAT1_NLRP3_DualTarget_AIDD_Project/docking_export_20260820/01_phase1_benchmark_URAT1_9DKB/poses/gnina_sdf/mol_03821_out.sdf,4.0,0.638779521,7.0355782509,7.0355782509,4.49418330506792,2.8324033275647675,True,True,1.3353809380292576,True,True,1,C[C@H](CC(=O)O)c1cc2cncc(-c3ccc(C#N)c4ccccc34)c2s1,active,
mol_03822,urat1_9dkb,42,a1,a1_cnnscore_top1,9,5,/home/gwj/work/c1-campaign/URAT1_NLRP3_DualTarget_AIDD_Project/docking_export_20260820/01_phase1_benchmark_URAT1_9DKB/poses/gnina_sdf/mol_03822_out.sdf,1.0,0.7482755184,6.866625309,6.866625309,5.138127612750535,2.9986591703626506,True,True,0.5077970031132216,True,True,1,C[C@H](CC(=O)O)c1cc2cncc(-c3ccc(C#N)cc3)c2s1,active,
mol_03822,urat1_9dkb,42,a2,a2_geometry_then_cnnscore,9,5,/home/gwj/work/c1-campaign/URAT1_NLRP3_DualTarget_AIDD_Project/docking_export_20260820/01_phase1_benchmark_URAT1_9DKB/poses/gnina_sdf/mol_03822_out.sdf,1.0,0.7482755184,6.866625309,6.866625309,5.138127612750535,2.9986591703626506,True,True,0.5077970031132216,True,True,1,C[C@H](CC(=O)O)c1cc2cncc(-c3ccc(C#N)cc3)c2s1,active,
mol_03824,urat1_9dkb,42,a1,a1_cnnscore_top1,9,4,/home/gwj/work/c1-campaign/URAT1_NLRP3_DualTarget_AIDD_Project/docking_export_20260820/01_phase1_benchmark_URAT1_9DKB/poses/gnina_sdf/mol_03824_out.sdf,1.0,0.8549787402,7.873606205,7.873606205,6.7317659139818025,14.23397817969382,True,False,1.6709827400667954,True,False,1,C[C@H](Cc1cc2cncc(-c3ccc(C#N)c4ccccc34)c2s1)C(=O)O,active,
mol_03824,urat1_9dkb,42,a2,a2_geometry_then_cnnscore,9,4,/home/gwj/work/c1-campaign/URAT1_NLRP3_DualTarget_AIDD_Project/docking_export_20260820/01_phase1_benchmark_URAT1_9DKB/poses/gnina_sdf/mol_03824_out.sdf,3.0,0.6361555457,6.4648189545,6.4648189545,4.112630429851651,2.946283550509013,True,True,4.132184399804368,True,True,1,C[C@H](Cc1cc2cncc(-c3ccc(C#N)c4ccccc34)c2s1)C(=O)O,active,
mol_04234,urat1_9dkb,42,a1,a1_cnnscore_top1,9,3,/home/gwj/work/c1-campaign/URAT1_NLRP3_DualTarget_AIDD_Project/docking_export_20260820/01_phase1_benchmark_URAT1_9DKB/poses/gnina_sdf/mol_04234_out.sdf,1.0,0.8089253902,6.8754143715,6.8754143715,5.561697253252325,13.699558735959343,True,False,1.46095611218091,True,False,1,Cc1cc(C)c(Cn2nc(C)c3ccc(CC(=O)O)cc32)c(C)c1,active,
mol_04234,urat1_9dkb,42,a2,a2_geometry_then_cnnscore,9,3,/home/gwj/work/c1-campaign/URAT1_NLRP3_DualTarget_AIDD_Project/docking_export_20260820/01_phase1_benchmark_URAT1_9DKB/poses/gnina_sdf/mol_04234_out.sdf,5.0,0.6764215231,6.4770989418,6.4770989418,4.381249131481754,2.879163449684647,True,True,0.9478537277731673,True,True,1,Cc1cc(C)c(Cn2nc(C)c3ccc(CC(=O)O)cc32)c(C)c1,active,
mol_04484,urat1_9dkb,42,a1,a1_cnnscore_top1,9,2,/home/gwj/work/c1-campaign/URAT1_NLRP3_DualTarget_AIDD_Project/docking_export_20260820/01_phase1_benchmark_URAT1_9DKB/poses/gnina_sdf/mol_04484_out.sdf,1.0,0.7560647726,5.4384422302,5.4384422302,4.1118145880744,12.273993766089335,True,False,2.7102933591030007,True,False,1,Cc1cc2c(-c3ccc(C(=O)O)c(O)c3)cc(C#N)cc2o1,active,
mol_04484,urat1_9dkb,42,a2,a2_geometry_then_cnnscore,9,2,/home/gwj/work/c1-campaign/URAT1_NLRP3_DualTarget_AIDD_Project/docking_export_20260820/01_phase1_benchmark_URAT1_9DKB/poses/gnina_sdf/mol_04484_out.sdf,5.0,0.5985757113,6.1347846985,6.1347846985,3.6721331145769933,4.271301343852948,True,True,1.4762249754590921,True,True,1,Cc1cc2c(-c3ccc(C(=O)O)c(O)c3)cc(C#N)cc2o1,active,
mol_04487,urat1_9dkb,42,a1,a1_cnnscore_top1,9,7,/home/gwj/work/c1-campaign/URAT1_NLRP3_DualTarget_AIDD_Project/docking_export_20260820/01_phase1_benchmark_URAT1_9DKB/poses/gnina_sdf/mol_04487_out.sdf,1.0,0.7562844157,7.0156245232,7.0156245232,5.305807493298903,6.077128608973148,True,True,0.24193670354357766,True,True,1,Cc1cc2c(C#N)ccc(-c3cnccc3SC3(C(=O)O)CCC3)n2c1,active,
mol_04487,urat1_9dkb,42,a2,a2_geometry_then_cnnscore,9,7,/home/gwj/work/c1-campaign/URAT1_NLRP3_DualTarget_AIDD_Project/docking_export_20260820/01_phase1_benchmark_URAT1_9DKB/poses/gnina_sdf/mol_04487_out.sdf,1.0,0.7562844157,7.0156245232,7.0156245232,5.305807493298903,6.077128608973148,True,True,0.24193670354357766,True,True,1,Cc1cc2c(C#N)ccc(-c3cnccc3SC3(C(=O)O)CCC3)n2c1,active,
mol_04508,urat1_9dkb,42,a1,a1_cnnscore_top1,9,0,/home/gwj/work/c1-campaign/URAT1_NLRP3_DualTarget_AIDD_Project/docking_export_20260820/01_phase1_benchmark_URAT1_9DKB/poses/gnina_sdf/mol_04508_out.sdf,1.0,0.7785355449,6.1271395683,6.1271395683,4.770195942484791,14.484706690161165,True,False,1.8032069033270641,True,False,1,Cc1cc2cc(C#N)cc(-c3ccc(C(=O)O)c(O)c3)c2o1,active,
mol_04508,urat1_9dkb,42,a2,a2_no_geometry_pass,9,0,/home/gwj/work/c1-campaign/URAT1_NLRP3_DualTarget_AIDD_Project/docking_export_20260820/01_phase1_benchmark_URAT1_9DKB/poses/gnina_sdf/mol_04508_out.sdf,,,,,,,False,False,,False,False,1,Cc1cc2cc(C#N)cc(-c3ccc(C(=O)O)c(O)c3)c2o1,active,a2_no_geometry_pass
mol_04755,urat1_9dkb,42,a1,a1_cnnscore_top1,9,2,/home/gwj/work/c1-campaign/URAT1_NLRP3_DualTarget_AIDD_Project/docking_export_20260820/01_phase1_benchmark_URAT1_9DKB/poses/gnina_sdf/mol_04755_out.sdf,1.0,0.8789770603,6.6764435768,6.6764435768,5.868440748394481,14.123367836320059,True,False,1.408328813301038,True,False,1,Cc1ccc(C)c(Cn2cc(C)c3ccc(CC(=O)O)cc32)c1,active,
mol_04755,urat1_9dkb,42,a2,a2_geometry_then_cnnscore,9,2,/home/gwj/work/c1-campaign/URAT1_NLRP3_DualTarget_AIDD_Project/docking_export_20260820/01_phase1_benchmark_URAT1_9DKB/poses/gnina_sdf/mol_04755_out.sdf,6.0,0.7524722815,6.2264995575,6.2264995575,4.685268327790766,2.887571010382244,True,True,0.7762622721138548,True,True,1,Cc1ccc(C)c(Cn2cc(C)c3ccc(CC(=O)O)cc32)c1,active,
mol_04811,urat1_9dkb,42,a1,a1_cnnscore_top1,9,2,/home/gwj/work/c1-campaign/URAT1_NLRP3_DualTarget_AIDD_Project/docking_export_20260820/01_phase1_benchmark_URAT1_9DKB/poses/gnina_sdf/mol_04811_out.sdf,1.0,0.8598561883,6.2039065361,6.2039065361,5.334467426700402,14.138419611116358,True,False,1.8567259707008175,True,False,1,Cc1ccc(CC(=O)O)cc1OCc1c(C)cccc1C,active,
mol_04811,urat1_9dkb,42,a2,a2_geometry_then_cnnscore,9,2,/home/gwj/work/c1-campaign/URAT1_NLRP3_DualTarget_AIDD_Project/docking_export_20260820/01_phase1_benchmark_URAT1_9DKB/poses/gnina_sdf/mol_04811_out.sdf,7.0,0.5047534108,5.5422706604,5.5422706604,2.7974800194136686,2.9535532634438755,True,True,1.0713059543183625,True,True,1,Cc1ccc(CC(=O)O)cc1OCc1c(C)cccc1C,active,
mol_05163,urat1_9dkb,42,a1,a1_cnnscore_top1,9,6,/home/gwj/work/c1-campaign/URAT1_NLRP3_DualTarget_AIDD_Project/docking_export_20260820/01_phase1_benchmark_URAT1_9DKB/poses/gnina_sdf/mol_05163_out.sdf,1.0,0.8632615805,5.9289703369,5.9289703369,5.1182523037699115,3.0455860930205154,True,True,2.5933895323096157,True,True,1,Cc1ccc2nccc(SC3(C(=O)O)CCC3)c2c1,active,
mol_05163,urat1_9dkb,42,a2,a2_geometry_then_cnnscore,9,6,/home/gwj/work/c1-campaign/URAT1_NLRP3_DualTarget_AIDD_Project/docking_export_20260820/01_phase1_benchmark_URAT1_9DKB/poses/gnina_sdf/mol_05163_out.sdf,1.0,0.8632615805,5.9289703369,5.9289703369,5.1182523037699115,3.0455860930205154,True,True,2.5933895323096157,True,True,1,Cc1ccc2nccc(SC3(C(=O)O)CCC3)c2c1,active,
mol_05216,urat1_9dkb,42,a1,a1_cnnscore_top1,9,0,/home/gwj/work/c1-campaign/URAT1_NLRP3_DualTarget_AIDD_Project/docking_export_20260820/01_phase1_benchmark_URAT1_9DKB/poses/gnina_sdf/mol_05216_out.sdf,1.0,0.8752331138,6.6987571716,6.6987571716,5.862974097889548,14.255635427787835,True,False,1.2916424882212965,True,False,1,Cc1cccc(C)c1CN1CC(C)(C)c2ccc(CC(=O)O)cc21,active,
mol_05216,urat1_9dkb,42,a2,a2_no_geometry_pass,9,0,/home/gwj/work/c1-campaign/URAT1_NLRP3_DualTarget_AIDD_Project/docking_export_20260820/01_phase1_benchmark_URAT1_9DKB/poses/gnina_sdf/mol_05216_out.sdf,,,,,,,False,False,,False,False,1,Cc1cccc(C)c1CN1CC(C)(C)c2ccc(CC(=O)O)cc21,active,a2_no_geometry_pass
mol_05217,urat1_9dkb,42,a1,a1_cnnscore_top1,9,0,/home/gwj/work/c1-campaign/URAT1_NLRP3_DualTarget_AIDD_Project/docking_export_20260820/01_phase1_benchmark_URAT1_9DKB/poses/gnina_sdf/mol_05217_out.sdf,1.0,0.8588380814,6.4782357216,6.4782357216,5.563755537995888,14.245636790961646,True,False,1.3794871569024687,True,False,1,Cc1cccc(C)c1CN1CC(C)c2ccc(CC(=O)O)cc21,active,
mol_05217,urat1_9dkb,42,a2,a2_no_geometry_pass,9,0,/home/gwj/work/c1-campaign/URAT1_NLRP3_DualTarget_AIDD_Project/docking_export_20260820/01_phase1_benchmark_URAT1_9DKB/poses/gnina_sdf/mol_05217_out.sdf,,,,,,,False,False,,False,False,1,Cc1cccc(C)c1CN1CC(C)c2ccc(CC(=O)O)cc21,active,a2_no_geometry_pass
mol_05218,urat1_9dkb,42,a1,a1_cnnscore_top1,9,0,/home/gwj/work/c1-campaign/URAT1_NLRP3_DualTarget_AIDD_Project/docking_export_20260820/01_phase1_benchmark_URAT1_9DKB/poses/gnina_sdf/mol_05218_out.sdf,1.0,0.8457375765,6.2509860992,6.2509860992,5.286693834272597,13.707810830690653,True,False,1.3514203661026838,True,False,1,Cc1cccc(C)c1CN1CCc2ccc(CC(=O)O)cc21,active,
mol_05218,urat1_9dkb,42,a2,a2_no_geometry_pass,9,0,/home/gwj/work/c1-campaign/URAT1_NLRP3_DualTarget_AIDD_Project/docking_export_20260820/01_phase1_benchmark_URAT1_9DKB/poses/gnina_sdf/mol_05218_out.sdf,,,,,,,False,False,,False,False,1,Cc1cccc(C)c1CN1CCc2ccc(CC(=O)O)cc21,active,a2_no_geometry_pass
mol_05222,urat1_9dkb,42,a1,a1_cnnscore_top1,9,3,/home/gwj/work/c1-campaign/URAT1_NLRP3_DualTarget_AIDD_Project/docking_export_20260820/01_phase1_benchmark_URAT1_9DKB/poses/gnina_sdf/mol_05222_out.sdf,1.0,0.9066600204,6.8741745949,6.8741745949,6.232539278445197,4.999760229250995,True,True,1.950519943891254,True,True,1,Cc1cccc(C)c1Cn1c(=O)n(C(C)C)c2ccc(C(=O)O)cc21,active,
mol_05222,urat1_9dkb,42,a2,a2_geometry_then_cnnscore,9,3,/home/gwj/work/c1-campaign/URAT1_NLRP3_DualTarget_AIDD_Project/docking_export_20260820/01_phase1_benchmark_URAT1_9DKB/poses/gnina_sdf/mol_05222_out.sdf,1.0,0.9066600204,6.8741745949,6.8741745949,6.232539278445197,4.999760229250995,True,True,1.950519943891254,True,True,1,Cc1cccc(C)c1Cn1c(=O)n(C(C)C)c2ccc(C(=O)O)cc21,active,
mol_05223,urat1_9dkb,42,a1,a1_cnnscore_top1,9,1,/home/gwj/work/c1-campaign/URAT1_NLRP3_DualTarget_AIDD_Project/docking_export_20260820/01_phase1_benchmark_URAT1_9DKB/poses/gnina_sdf/mol_05223_out.sdf,1.0,0.8855085373,6.8322806358,6.8322806358,6.050042832230372,14.452575476364059,True,False,2.1404504275531413,True,False,1,Cc1cccc(C)c1Cn1cc(C(C)C)c2ccc(C(=O)O)cc21,active,
mol_05223,urat1_9dkb,42,a2,a2_geometry_then_cnnscore,9,1,/home/gwj/work/c1-campaign/URAT1_NLRP3_DualTarget_AIDD_Project/docking_export_20260820/01_phase1_benchmark_URAT1_9DKB/poses/gnina_sdf/mol_05223_out.sdf,6.0,0.6466143131,6.1743140221,6.1743140221,3.9923998202638895,3.182106863384687,True,True,1.4321704760910239,True,True,1,Cc1cccc(C)c1Cn1cc(C(C)C)c2ccc(C(=O)O)cc21,active,
mol_05224,urat1_9dkb,42,a1,a1_cnnscore_top1,9,4,/home/gwj/work/c1-campaign/URAT1_NLRP3_DualTarget_AIDD_Project/docking_export_20260820/01_phase1_benchmark_URAT1_9DKB/poses/gnina_sdf/mol_05224_out.sdf,1.0,0.8360959888,6.2440237999,6.2440237999,5.220603253068124,14.280996187241277,True,False,2.3837223877341303,True,False,1,Cc1cccc(C)c1Cn1cc(C)c2ccc(C(=O)O)cc21,active,
mol_05224,urat1_9dkb,42,a2,a2_geometry_then_cnnscore,9,4,/home/gwj/work/c1-campaign/URAT1_NLRP3_DualTarget_AIDD_Project/docking_export_20260820/01_phase1_benchmark_URAT1_9DKB/poses/gnina_sdf/mol_05224_out.sdf,2.0,0.6230725646,5.767390728,5.767390728,3.593502931945221,3.144458676783642,True,True,1.5192610224287113,True,True,1,Cc1cccc(C)c1Cn1cc(C)c2ccc(C(=O)O)cc21,active,
mol_05225,urat1_9dkb,42,a1,a1_cnnscore_top1,9,3,/home/gwj/work/c1-campaign/URAT1_NLRP3_DualTarget_AIDD_Project/docking_export_20260820/01_phase1_benchmark_URAT1_9DKB/poses/gnina_sdf/mol_05225_out.sdf,1.0,0.7822569013,6.5953922272,6.5953922272,5.159291086507578,14.266129289334222,True,False,1.3676438372924165,True,False,1,Cc1cccc(C)c1Cn1cc(C)c2ccc(CC(=O)O)cc21,active,
mol_05225,urat1_9dkb,42,a2,a2_geometry_then_cnnscore,9,3,/home/gwj/work/c1-campaign/URAT1_NLRP3_DualTarget_AIDD_Project/docking_export_20260820/01_phase1_benchmark_URAT1_9DKB/poses/gnina_sdf/mol_05225_out.sdf,2.0,0.7780964971,6.1613945961,6.1613945961,4.7941595524762795,2.8886431555316703,True,True,1.620199494679144,True,True,1,Cc1cccc(C)c1Cn1cc(C)c2ccc(CC(=O)O)cc21,active,
mol_05226,urat1_9dkb,42,a1,a1_cnnscore_top1,9,4,/home/gwj/work/c1-campaign/URAT1_NLRP3_DualTarget_AIDD_Project/docking_export_20260820/01_phase1_benchmark_URAT1_9DKB/poses/gnina_sdf/mol_05226_out.sdf,1.0,0.757165134,6.3412528038,6.3412528038,4.801375528917102,2.924898025572851,True,True,1.641776230220453,True,True,1,Cc1cccc(C)c1Cn1cc(Cl)c2ccc(CC(=O)O)cc21,active,
mol_05226,urat1_9dkb,42,a2,a2_geometry_then_cnnscore,9,4,/home/gwj/work/c1-campaign/URAT1_NLRP3_DualTarget_AIDD_Project/docking_export_20260820/01_phase1_benchmark_URAT1_9DKB/poses/gnina_sdf/mol_05226_out.sdf,1.0,0.757165134,6.3412528038,6.3412528038,4.801375528917102,2.924898025572851,True,True,1.641776230220453,True,True,1,Cc1cccc(C)c1Cn1cc(Cl)c2ccc(CC(=O)O)cc21,active,
mol_05227,urat1_9dkb,42,a1,a1_cnnscore_top1,9,1,/home/gwj/work/c1-campaign/URAT1_NLRP3_DualTarget_AIDD_Project/docking_export_20260820/01_phase1_benchmark_URAT1_9DKB/poses/gnina_sdf/mol_05227_out.sdf,1.0,0.9065073729,6.9320321083,6.9320321083,6.283938215353481,13.671369830415674,True,False,0.9307129082820825,True,False,1,Cc1cccc(C)c1Cn1nc(C(C)C)c2ccc(CC(=O)O)cc21,active,
mol_05227,urat1_9dkb,42,a2,a2_geometry_then_cnnscore,9,1,/home/gwj/work/c1-campaign/URAT1_NLRP3_DualTarget_AIDD_Project/docking_export_20260820/01_phase1_benchmark_URAT1_9DKB/poses/gnina_sdf/mol_05227_out.sdf,7.0,0.7242252827,6.5688643456,6.5688643456,4.75733763771011,4.849151138085916,True,True,1.9648324376170663,True,True,1,Cc1cccc(C)c1Cn1nc(C(C)C)c2ccc(CC(=O)O)cc21,active,
mol_05228,urat1_9dkb,42,a1,a1_cnnscore_top1,9,4,/home/gwj/work/c1-campaign/URAT1_NLRP3_DualTarget_AIDD_Project/docking_export_20260820/01_phase1_benchmark_URAT1_9DKB/poses/gnina_sdf/mol_05228_out.sdf,1.0,0.8522347808,6.3284721375,6.3284721375,5.39334406490122,14.255723938825403,True,False,2.4051548710696973,True,False,1,Cc1cccc(C)c1Cn1nc(C)c2ccc(C(=O)O)cc21,active,
mol_05228,urat1_9dkb,42,a2,a2_geometry_then_cnnscore,9,4,/home/gwj/work/c1-campaign/URAT1_NLRP3_DualTarget_AIDD_Project/docking_export_20260820/01_phase1_benchmark_URAT1_9DKB/poses/gnina_sdf/mol_05228_out.sdf,3.0,0.6508972049,5.7368469238,5.7368469238,3.7340976276405833,3.1027328373548455,True,True,1.589385708550702,True,True,1,Cc1cccc(C)c1Cn1nc(C)c2ccc(C(=O)O)cc21,active,
mol_05229,urat1_9dkb,42,a1,a1_cnnscore_top1,9,2,/home/gwj/work/c1-campaign/URAT1_NLRP3_DualTarget_AIDD_Project/docking_export_20260820/01_phase1_benchmark_URAT1_9DKB/poses/gnina_sdf/mol_05229_out.sdf,1.0,0.8479264975,6.5239272118,6.5239272118,5.531810750646515,13.615365855165253,True,False,1.1893690960220997,True,False,1,Cc1cccc(C)c1Cn1nc(C)c2ccc(CC(=O)O)cc21,active,
mol_05229,urat1_9dkb,42,a2,a2_geometry_then_cnnscore,9,2,/home/gwj/work/c1-campaign/URAT1_NLRP3_DualTarget_AIDD_Project/docking_export_20260820/01_phase1_benchmark_URAT1_9DKB/poses/gnina_sdf/mol_05229_out.sdf,6.0,0.6590182185,6.2187690735,6.2187690735,4.098282116080865,2.8982392689355394,True,True,1.5814661957944907,True,True,1,Cc1cccc(C)c1Cn1nc(C)c2ccc(CC(=O)O)cc21,active,
mol_05230,urat1_9dkb,42,a1,a1_cnnscore_top1,9,2,/home/gwj/work/c1-campaign/URAT1_NLRP3_DualTarget_AIDD_Project/docking_export_20260820/01_phase1_benchmark_URAT1_9DKB/poses/gnina_sdf/mol_05230_out.sdf,1.0,0.8349704146,6.764193058,6.764193058,5.647901082072702,14.06773382460729,True,False,1.3280544095161948,True,False,1,Cc1cccc(C)c1Cn1nc(C)c2ccc(CCC(=O)O)cc21,active,
mol_05230,urat1_9dkb,42,a2,a2_geometry_then_cnnscore,9,2,/home/gwj/work/c1-campaign/URAT1_NLRP3_DualTarget_AIDD_Project/docking_export_20260820/01_phase1_benchmark_URAT1_9DKB/poses/gnina_sdf/mol_05230_out.sdf,6.0,0.7525716424,6.4410338402,6.4410338402,4.847339415873293,2.7580574939620077,True,True,0.9204009831733114,True,True,1,Cc1cccc(C)c1Cn1nc(C)c2ccc(CCC(=O)O)cc21,active,
mol_05231,urat1_9dkb,42,a1,a1_cnnscore_top1,9,2,/home/gwj/work/c1-campaign/URAT1_NLRP3_DualTarget_AIDD_Project/docking_export_20260820/01_phase1_benchmark_URAT1_9DKB/poses/gnina_sdf/mol_05231_out.sdf,1.0,0.8363804817,6.3902072906,6.3902072906,5.34464465187488,14.21015512265788,True,False,2.373130224396306,True,False,1,Cc1cccc(C)c1Cn1nc(Cl)c2ccc(C(=O)O)cc21,active,
mol_05231,urat1_9dkb,42,a2,a2_geometry_then_cnnscore,9,2,/home/gwj/work/c1-campaign/URAT1_NLRP3_DualTarget_AIDD_Project/docking_export_20260820/01_phase1_benchmark_URAT1_9DKB/poses/gnina_sdf/mol_05231_out.sdf,3.0,0.5813769102,5.751721859,5.751721859,3.34391828271522,3.077360706839546,True,True,1.5870117650904743,True,True,1,Cc1cccc(C)c1Cn1nc(Cl)c2ccc(C(=O)O)cc21,active,
mol_05266,urat1_9dkb,42,a1,a1_cnnscore_top1,9,1,/home/gwj/work/c1-campaign/URAT1_NLRP3_DualTarget_AIDD_Project/docking_export_20260820/01_phase1_benchmark_URAT1_9DKB/poses/gnina_sdf/mol_05266_out.sdf,1.0,0.90136832,6.8182291985,6.8182291985,6.145735798026892,13.706659432917993,True,False,1.190381177834031,True,False,1,Cc1cccc(Cl)c1Cn1nc(C)c2ccc(CC(=O)O)cc21,active,
mol_05266,urat1_9dkb,42,a2,a2_geometry_then_cnnscore,9,1,/home/gwj/work/c1-campaign/URAT1_NLRP3_DualTarget_AIDD_Project/docking_export_20260820/01_phase1_benchmark_URAT1_9DKB/poses/gnina_sdf/mol_05266_out.sdf,7.0,0.7256788015,6.3819403648,6.3819403648,4.631238835172537,2.915251464282282,True,True,1.5780339191209667,True,True,1,Cc1cccc(Cl)c1Cn1nc(C)c2ccc(CC(=O)O)cc21,active,
mol_05269,urat1_9dkb,42,a1,a1_cnnscore_top1,9,2,/home/gwj/work/c1-campaign/URAT1_NLRP3_DualTarget_AIDD_Project/docking_export_20260820/01_phase1_benchmark_URAT1_9DKB/poses/gnina_sdf/mol_05269_out.sdf,1.0,0.8914229274,6.8602957726,6.8602957726,6.115424940440936,14.173556745573773,True,False,2.4075914538442165,True,False,1,Cc1cccc(Cl)c1Cn1nc(Cl)c2ncc(C(=O)O)cc21,active,
mol_05269,urat1_9dkb,42,a2,a2_geometry_then_cnnscore,9,2,/home/gwj/work/c1-campaign/URAT1_NLRP3_DualTarget_AIDD_Project/docking_export_20260820/01_phase1_benchmark_URAT1_9DKB/poses/gnina_sdf/mol_05269_out.sdf,5.0,0.7098583579,6.1493000984,6.1493000984,4.365132070084533,3.010221800798076,True,True,1.5711729116535305,True,True,1,Cc1cccc(Cl)c1Cn1nc(Cl)c2ncc(C(=O)O)cc21,active,
mol_05482,urat1_9dkb,42,a1,a1_cnnscore_top1,9,4,/home/gwj/work/c1-campaign/URAT1_NLRP3_DualTarget_AIDD_Project/docking_export_20260820/01_phase1_benchmark_URAT1_9DKB/poses/gnina_sdf/mol_05482_out.sdf,1.0,0.7954800129,6.8837685585,6.8837685585,5.4759003017161945,14.280152737628544,True,False,2.3968908484781317,True,False,1,Cc1cn(Cc2c(Cl)cccc2Cl)c2cc(CC(=O)O)ccc12,active,
mol_05482,urat1_9dkb,42,a2,a2_geometry_then_cnnscore,9,4,/home/gwj/work/c1-campaign/URAT1_NLRP3_DualTarget_AIDD_Project/docking_export_20260820/01_phase1_benchmark_URAT1_9DKB/poses/gnina_sdf/mol_05482_out.sdf,3.0,0.7760272026,6.4081139565,6.4081139565,4.972870747604714,2.9218181154890495,True,True,1.633634584980212,True,True,1,Cc1cn(Cc2c(Cl)cccc2Cl)c2cc(CC(=O)O)ccc12,active,
mol_05483,urat1_9dkb,42,a1,a1_cnnscore_top1,9,4,/home/gwj/work/c1-campaign/URAT1_NLRP3_DualTarget_AIDD_Project/docking_export_20260820/01_phase1_benchmark_URAT1_9DKB/poses/gnina_sdf/mol_05483_out.sdf,1.0,0.8890891671,7.0894412994,7.0894412994,6.303145460087888,11.806810510463862,True,False,1.3981672518450463,True,False,1,Cc1cn(Cc2c(Cl)cccc2Cl)c2cc(CCC(=O)O)ccc12,active,
mol_05483,urat1_9dkb,42,a2,a2_geometry_then_cnnscore,9,4,/home/gwj/work/c1-campaign/URAT1_NLRP3_DualTarget_AIDD_Project/docking_export_20260820/01_phase1_benchmark_URAT1_9DKB/poses/gnina_sdf/mol_05483_out.sdf,2.0,0.8829125166,6.843208313,6.843208313,6.04195427324887,2.852369418571168,True,True,1.6072502974531306,True,True,1,Cc1cn(Cc2c(Cl)cccc2Cl)c2cc(CCC(=O)O)ccc12,active,
mol_05484,urat1_9dkb,42,a1,a1_cnnscore_top1,9,3,/home/gwj/work/c1-campaign/URAT1_NLRP3_DualTarget_AIDD_Project/docking_export_20260820/01_phase1_benchmark_URAT1_9DKB/poses/gnina_sdf/mol_05484_out.sdf,1.0,0.8516904712,6.6865773201,6.6865773201,5.694894188471202,13.634794335815993,True,False,1.1726560846919223,True,False,1,Cc1cn(Cc2c(F)cccc2Cl)c2cc(CC(=O)O)ccc12,active,
mol_05484,urat1_9dkb,42,a2,a2_geometry_then_cnnscore,9,3,/home/gwj/work/c1-campaign/URAT1_NLRP3_DualTarget_AIDD_Project/docking_export_20260820/01_phase1_benchmark_URAT1_9DKB/poses/gnina_sdf/mol_05484_out.sdf,4.0,0.7966630459,6.4966483116,6.4966483116,5.175639632060348,2.8735734304172498,True,True,1.5419150824992298,True,True,1,Cc1cn(Cc2c(F)cccc2Cl)c2cc(CC(=O)O)ccc12,active,
mol_05485,urat1_9dkb,42,a1,a1_cnnscore_top1,9,7,/home/gwj/work/c1-campaign/URAT1_NLRP3_DualTarget_AIDD_Project/docking_export_20260820/01_phase1_benchmark_URAT1_9DKB/poses/gnina_sdf/mol_05485_out.sdf,1.0,0.9352703691,7.0362257957,7.0362257957,6.58077349701528,2.801663263134949,True,True,0.7951125766130389,True,True,1,Cc1cn(Cc2cc3c(cc2Cl)OCO3)c2cc(CC(=O)O)ccc12,active,
mol_05485,urat1_9dkb,42,a2,a2_geometry_then_cnnscore,9,7,/home/gwj/work/c1-campaign/URAT1_NLRP3_DualTarget_AIDD_Project/docking_export_20260820/01_phase1_benchmark_URAT1_9DKB/poses/gnina_sdf/mol_05485_out.sdf,1.0,0.9352703691,7.0362257957,7.0362257957,6.58077349701528,2.801663263134949,True,True,0.7951125766130389,True,True,1,Cc1cn(Cc2cc3c(cc2Cl)OCO3)c2cc(CC(=O)O)ccc12,active,
mol_05486,urat1_9dkb,42,a1,a1_cnnscore_top1,9,0,/home/gwj/work/c1-campaign/URAT1_NLRP3_DualTarget_AIDD_Project/docking_export_20260820/01_phase1_benchmark_URAT1_9DKB/poses/gnina_sdf/mol_05486_out.sdf,1.0,0.8814563155,6.8742079735,6.8742079735,6.059314032302032,13.908355378692331,True,False,1.3399029034514562,True,False,1,Cc1cn(Cc2cccc(Cl)c2Cl)c2cc(CC(=O)O)ccc12,active,
mol_05486,urat1_9dkb,42,a2,a2_no_geometry_pass,9,0,/home/gwj/work/c1-campaign/URAT1_NLRP3_DualTarget_AIDD_Project/docking_export_20260820/01_phase1_benchmark_URAT1_9DKB/poses/gnina_sdf/mol_05486_out.sdf,,,,,,,False,False,,False,False,1,Cc1cn(Cc2cccc(Cl)c2Cl)c2cc(CC(=O)O)ccc12,active,a2_no_geometry_pass
mol_05488,urat1_9dkb,42,a1,a1_cnnscore_top1,9,3,/home/gwj/work/c1-campaign/URAT1_NLRP3_DualTarget_AIDD_Project/docking_export_20260820/01_phase1_benchmark_URAT1_9DKB/poses/gnina_sdf/mol_05488_out.sdf,1.0,0.8650287986,6.5506854057,6.5506854057,5.6665315264992255,14.099711628611407,True,False,1.458382564303625,True,False,1,Cc1cn(Cc2ccccc2Cl)c2cc(CC(=O)O)ccc12,active,
mol_05488,urat1_9dkb,42,a2,a2_geometry_then_cnnscore,9,3,/home/gwj/work/c1-campaign/URAT1_NLRP3_DualTarget_AIDD_Project/docking_export_20260820/01_phase1_benchmark_URAT1_9DKB/poses/gnina_sdf/mol_05488_out.sdf,5.0,0.7320597768,6.235604763,6.235604763,4.564835431014798,2.9001062152962573,True,True,1.1510192484388126,True,True,1,Cc1cn(Cc2ccccc2Cl)c2cc(CC(=O)O)ccc12,active,
mol_05920,urat1_9dkb,42,a1,a1_cnnscore_top1,9,2,/home/gwj/work/c1-campaign/URAT1_NLRP3_DualTarget_AIDD_Project/docking_export_20260820/01_phase1_benchmark_URAT1_9DKB/poses/gnina_sdf/mol_05920_out.sdf,1.0,0.8172524571,6.6060767174,6.6060767174,5.398832429086252,13.624040951934926,True,False,1.1230513235047135,True,False,1,Cc1nn(Cc2c(Cl)cccc2C#N)c2cc(CC(=O)O)ccc12,active,
mol_05920,urat1_9dkb,42,a2,a2_geometry_then_cnnscore,9,2,/home/gwj/work/c1-campaign/URAT1_NLRP3_DualTarget_AIDD_Project/docking_export_20260820/01_phase1_benchmark_URAT1_9DKB/poses/gnina_sdf/mol_05920_out.sdf,4.0,0.6429417729,6.3610291481,6.3610291481,4.089771357947991,2.8945746993297563,True,True,1.7265281171991227,True,True,1,Cc1nn(Cc2c(Cl)cccc2C#N)c2cc(CC(=O)O)ccc12,active,
mol_05921,urat1_9dkb,42,a1,a1_cnnscore_top1,9,4,/home/gwj/work/c1-campaign/URAT1_NLRP3_DualTarget_AIDD_Project/docking_export_20260820/01_phase1_benchmark_URAT1_9DKB/poses/gnina_sdf/mol_05921_out.sdf,1.0,0.8587834835,7.040667057,7.040667057,6.046408581374154,13.702553564208392,True,False,1.2919861027808635,True,False,1,Cc1nn(Cc2c(Cl)cccc2C#N)c2cc(CCC(=O)O)ccc12,active,
mol_05921,urat1_9dkb,42,a2,a2_geometry_then_cnnscore,9,4,/home/gwj/work/c1-campaign/URAT1_NLRP3_DualTarget_AIDD_Project/docking_export_20260820/01_phase1_benchmark_URAT1_9DKB/poses/gnina_sdf/mol_05921_out.sdf,4.0,0.8016241193,6.9406142235,6.9406142235,5.563763764314241,2.881548739827244,True,True,1.5540809311187473,True,True,1,Cc1nn(Cc2c(Cl)cccc2C#N)c2cc(CCC(=O)O)ccc12,active,
mol_05923,urat1_9dkb,42,a1,a1_cnnscore_top1,9,3,/home/gwj/work/c1-campaign/URAT1_NLRP3_DualTarget_AIDD_Project/docking_export_20260820/01_phase1_benchmark_URAT1_9DKB/poses/gnina_sdf/mol_05923_out.sdf,1.0,0.8416927457,6.9879479408,6.9879479408,5.881705089100612,2.7720812920980427,True,True,0.5542469166234725,True,True,1,Cc1nn(Cc2c(Cl)cccc2C2CC2)c2cc(CCC(=O)O)ccc12,active,
mol_05923,urat1_9dkb,42,a2,a2_geometry_then_cnnscore,9,3,/home/gwj/work/c1-campaign/URAT1_NLRP3_DualTarget_AIDD_Project/docking_export_20260820/01_phase1_benchmark_URAT1_9DKB/poses/gnina_sdf/mol_05923_out.sdf,1.0,0.8416927457,6.9879479408,6.9879479408,5.881705089100612,2.7720812920980427,True,True,0.5542469166234725,True,True,1,Cc1nn(Cc2c(Cl)cccc2C2CC2)c2cc(CCC(=O)O)ccc12,active,
mol_05926,urat1_9dkb,42,a1,a1_cnnscore_top1,9,2,/home/gwj/work/c1-campaign/URAT1_NLRP3_DualTarget_AIDD_Project/docking_export_20260820/01_phase1_benchmark_URAT1_9DKB/poses/gnina_sdf/mol_05926_out.sdf,1.0,0.8724719286,7.0085930824,7.0085930824,6.114800723374147,12.38925722107665,True,False,1.3401576024038726,True,False,1,Cc1nn(Cc2c(Cl)cccc2Cl)c2cc(C(=O)CCC(=O)O)ccc12,active,
mol_05926,urat1_9dkb,42,a2,a2_geometry_then_cnnscore,9,2,/home/gwj/work/c1-campaign/URAT1_NLRP3_DualTarget_AIDD_Project/docking_export_20260820/01_phase1_benchmark_URAT1_9DKB/poses/gnina_sdf/mol_05926_out.sdf,5.0,0.694144249,6.7914147377,6.7914147377,4.714221482748299,2.8444850588463333,True,True,1.662780003233339,True,True,1,Cc1nn(Cc2c(Cl)cccc2Cl)c2cc(C(=O)CCC(=O)O)ccc12,active,
mol_05927,urat1_9dkb,42,a1,a1_cnnscore_top1,9,4,/home/gwj/work/c1-campaign/URAT1_NLRP3_DualTarget_AIDD_Project/docking_export_20260820/01_phase1_benchmark_URAT1_9DKB/poses/gnina_sdf/mol_05927_out.sdf,1.0,0.8584977388,6.7197470665,6.7197470665,5.768887661898184,13.429744541874202,True,False,2.4130324144464224,True,False,1,Cc1nn(Cc2c(Cl)cccc2Cl)c2cc(C(=O)O)ccc12,active,
mol_05927,urat1_9dkb,42,a2,a2_geometry_then_cnnscore,9,4,/home/gwj/work/c1-campaign/URAT1_NLRP3_DualTarget_AIDD_Project/docking_export_20260820/01_phase1_benchmark_URAT1_9DKB/poses/gnina_sdf/mol_05927_out.sdf,3.0,0.7930904031,6.2983932495,6.2983932495,4.995195241128274,3.108623742108393,True,True,1.5373677783011805,True,True,1,Cc1nn(Cc2c(Cl)cccc2Cl)c2cc(C(=O)O)ccc12,active,
mol_05928,urat1_9dkb,42,a1,a1_cnnscore_top1,9,2,/home/gwj/work/c1-campaign/URAT1_NLRP3_DualTarget_AIDD_Project/docking_export_20260820/01_phase1_benchmark_URAT1_9DKB/poses/gnina_sdf/mol_05928_out.sdf,1.0,0.9200856686,6.9537787437,6.9537787437,6.398072164693683,14.17147294073555,True,False,2.403360854024391,True,False,1,Cc1nn(Cc2c(Cl)cccc2Cl)c2cc(C(=O)O)cnc12,active,
mol_05928,urat1_9dkb,42,a2,a2_geometry_then_cnnscore,9,2,/home/gwj/work/c1-campaign/URAT1_NLRP3_DualTarget_AIDD_Project/docking_export_20260820/01_phase1_benchmark_URAT1_9DKB/poses/gnina_sdf/mol_05928_out.sdf,6.0,0.7794351578,6.2560386658,6.2560386658,4.876176484680724,2.9919471669800535,True,True,1.5705766792182374,True,True,1,Cc1nn(Cc2c(Cl)cccc2Cl)c2cc(C(=O)O)cnc12,active,
mol_05929,urat1_9dkb,42,a1,a1_cnnscore_top1,9,6,/home/gwj/work/c1-campaign/URAT1_NLRP3_DualTarget_AIDD_Project/docking_export_20260820/01_phase1_benchmark_URAT1_9DKB/poses/gnina_sdf/mol_05929_out.sdf,1.0,0.7790365815,6.9881339073,6.9881339073,5.44401195020723,3.122143444814791,True,True,1.3445133469604813,True,True,1,Cc1nn(Cc2c(Cl)cccc2Cl)c2cc(C(C)(C)C(=O)O)ccc12,active,
mol_05929,urat1_9dkb,42,a2,a2_geometry_then_cnnscore,9,6,/home/gwj/work/c1-campaign/URAT1_NLRP3_DualTarget_AIDD_Project/docking_export_20260820/01_phase1_benchmark_URAT1_9DKB/poses/gnina_sdf/mol_05929_out.sdf,1.0,0.7790365815,6.9881339073,6.9881339073,5.44401195020723,3.122143444814791,True,True,1.3445133469604813,True,True,1,Cc1nn(Cc2c(Cl)cccc2Cl)c2cc(C(C)(C)C(=O)O)ccc12,active,
mol_05930,urat1_9dkb,42,a1,a1_cnnscore_top1,9,1,/home/gwj/work/c1-campaign/URAT1_NLRP3_DualTarget_AIDD_Project/docking_export_20260820/01_phase1_benchmark_URAT1_9DKB/poses/gnina_sdf/mol_05930_out.sdf,1.0,0.9034490585,7.3398933411,7.3398933411,6.631219728507214,14.244414929718944,True,False,1.687629479096416,True,False,1,Cc1nn(Cc2c(Cl)cccc2Cl)c2cc(C(C)C(=O)O)ccc12,active,
mol_05930,urat1_9dkb,42,a2,a2_geometry_then_cnnscore,9,1,/home/gwj/work/c1-campaign/URAT1_NLRP3_DualTarget_AIDD_Project/docking_export_20260820/01_phase1_benchmark_URAT1_9DKB/poses/gnina_sdf/mol_05930_out.sdf,8.0,0.7249119282,6.7627949715,6.7627949715,4.90243074281133,3.1182138268566435,True,True,1.4238228412922107,True,True,1,Cc1nn(Cc2c(Cl)cccc2Cl)c2cc(C(C)C(=O)O)ccc12,active,
mol_05931,urat1_9dkb,42,a1,a1_cnnscore_top1,9,2,/home/gwj/work/c1-campaign/URAT1_NLRP3_DualTarget_AIDD_Project/docking_export_20260820/01_phase1_benchmark_URAT1_9DKB/poses/gnina_sdf/mol_05931_out.sdf,1.0,0.8321698904,6.9616341591,6.9616341591,5.793262335183143,2.959669025414826,True,True,1.533951506609513,True,True,1,Cc1nn(Cc2c(Cl)cccc2Cl)c2cc(C(F)(F)C(=O)O)ccc12,active,
mol_05931,urat1_9dkb,42,a2,a2_geometry_then_cnnscore,9,2,/home/gwj/work/c1-campaign/URAT1_NLRP3_DualTarget_AIDD_Project/docking_export_20260820/01_phase1_benchmark_URAT1_9DKB/poses/gnina_sdf/mol_05931_out.sdf,1.0,0.8321698904,6.9616341591,6.9616341591,5.793262335183143,2.959669025414826,True,True,1.533951506609513,True,True,1,Cc1nn(Cc2c(Cl)cccc2Cl)c2cc(C(F)(F)C(=O)O)ccc12,active,
mol_05932,urat1_9dkb,42,a1,a1_cnnscore_top1,9,3,/home/gwj/work/c1-campaign/URAT1_NLRP3_DualTarget_AIDD_Project/docking_export_20260820/01_phase1_benchmark_URAT1_9DKB/poses/gnina_sdf/mol_05932_out.sdf,1.0,0.8470137119,6.6367096901,6.6367096901,5.6213841094143,3.197578349313736,True,True,1.658207228229768,True,True,1,Cc1nn(Cc2c(Cl)cccc2Cl)c2cc(C(O)C(=O)O)ccc12,active,
mol_05932,urat1_9dkb,42,a2,a2_geometry_then_cnnscore,9,3,/home/gwj/work/c1-campaign/URAT1_NLRP3_DualTarget_AIDD_Project/docking_export_20260820/01_phase1_benchmark_URAT1_9DKB/poses/gnina_sdf/mol_05932_out.sdf,1.0,0.8470137119,6.6367096901,6.6367096901,5.6213841094143,3.197578349313736,True,True,1.658207228229768,True,True,1,Cc1nn(Cc2c(Cl)cccc2Cl)c2cc(C(O)C(=O)O)ccc12,active,
mol_05933,urat1_9dkb,42,a1,a1_cnnscore_top1,9,2,/home/gwj/work/c1-campaign/URAT1_NLRP3_DualTarget_AIDD_Project/docking_export_20260820/01_phase1_benchmark_URAT1_9DKB/poses/gnina_sdf/mol_05933_out.sdf,1.0,0.8990330696,6.9339880943,6.9339880943,6.233884600988383,13.627964401920044,True,False,1.184903762644864,True,False,1,Cc1nn(Cc2c(Cl)cccc2Cl)c2cc(CC(=O)O)ccc12,active,
mol_05933,urat1_9dkb,42,a2,a2_geometry_then_cnnscore,9,2,/home/gwj/work/c1-campaign/URAT1_NLRP3_DualTarget_AIDD_Project/docking_export_20260820/01_phase1_benchmark_URAT1_9DKB/poses/gnina_sdf/mol_05933_out.sdf,6.0,0.7221066356,6.575761795,6.575761795,4.748401226294467,2.9298836939373474,True,True,1.5694965915384902,True,True,1,Cc1nn(Cc2c(Cl)cccc2Cl)c2cc(CC(=O)O)ccc12,active,
mol_05934,urat1_9dkb,42,a1,a1_cnnscore_top1,9,1,/home/gwj/work/c1-campaign/URAT1_NLRP3_DualTarget_AIDD_Project/docking_export_20260820/01_phase1_benchmark_URAT1_9DKB/poses/gnina_sdf/mol_05934_out.sdf,1.0,0.8409985304,7.0810933113,7.0810933113,5.95518906842857,13.941244740337922,True,False,1.292075959850771,True,False,1,Cc1nn(Cc2c(Cl)cccc2Cl)c2cc(CCC(=O)O)ccc12,active,
mol_05934,urat1_9dkb,42,a2,a2_geometry_then_cnnscore,9,1,/home/gwj/work/c1-campaign/URAT1_NLRP3_DualTarget_AIDD_Project/docking_export_20260820/01_phase1_benchmark_URAT1_9DKB/poses/gnina_sdf/mol_05934_out.sdf,6.0,0.8033765554,6.9635543823,6.9635543823,5.594356332992748,3.053719617122701,True,True,1.7739136533813415,True,True,1,Cc1nn(Cc2c(Cl)cccc2Cl)c2cc(CCC(=O)O)ccc12,active,
mol_05936,urat1_9dkb,42,a1,a1_cnnscore_top1,9,5,/home/gwj/work/c1-campaign/URAT1_NLRP3_DualTarget_AIDD_Project/docking_export_20260820/01_phase1_benchmark_URAT1_9DKB/poses/gnina_sdf/mol_05936_out.sdf,1.0,0.8951647282,7.1710057259,7.1710057259,6.419231391545917,12.67753650556763,True,False,1.4007433493961523,True,False,1,Cc1nn(Cc2c(Cl)cccc2Cl)c2cc(CCCC(=O)O)ccc12,active,
mol_05936,urat1_9dkb,42,a2,a2_geometry_then_cnnscore,9,5,/home/gwj/work/c1-campaign/URAT1_NLRP3_DualTarget_AIDD_Project/docking_export_20260820/01_phase1_benchmark_URAT1_9DKB/poses/gnina_sdf/mol_05936_out.sdf,3.0,0.8350675702,7.0089092255,7.0089092255,5.852912796690649,3.071207676143043,True,True,1.5887504686959424,True,True,1,Cc1nn(Cc2c(Cl)cccc2Cl)c2cc(CCCC(=O)O)ccc12,active,
mol_05942,urat1_9dkb,42,a1,a1_cnnscore_top1,9,3,/home/gwj/work/c1-campaign/URAT1_NLRP3_DualTarget_AIDD_Project/docking_export_20260820/01_phase1_benchmark_URAT1_9DKB/poses/gnina_sdf/mol_05942_out.sdf,1.0,0.9202874899,7.2716317177,7.2716317177,6.691991700959358,13.976016665702712,True,False,1.2076275842635782,True,False,1,Cc1nn(Cc2c(Cl)cccc2Cl)c2cc(OCC(=O)O)ccc12,active,
mol_05942,urat1_9dkb,42,a2,a2_geometry_then_cnnscore,9,3,/home/gwj/work/c1-campaign/URAT1_NLRP3_DualTarget_AIDD_Project/docking_export_20260820/01_phase1_benchmark_URAT1_9DKB/poses/gnina_sdf/mol_05942_out.sdf,6.0,0.7095532417,6.6157202721,6.6157202721,4.694205765248961,2.859445719016184,True,True,1.3072546864689925,True,True,1,Cc1nn(Cc2c(Cl)cccc2Cl)c2cc(OCC(=O)O)ccc12,active,
mol_05943,urat1_9dkb,42,a1,a1_cnnscore_top1,9,4,/home/gwj/work/c1-campaign/URAT1_NLRP3_DualTarget_AIDD_Project/docking_export_20260820/01_phase1_benchmark_URAT1_9DKB/poses/gnina_sdf/mol_05943_out.sdf,1.0,0.8689902425,7.4201869965,7.4201869965,6.448070097483882,2.889165652917798,True,True,1.4348697472484588,True,True,1,Cc1nn(Cc2c(Cl)cccc2Cl)c2cc(SC(C)(C)C(=O)O)ccc12,active,
mol_05943,urat1_9dkb,42,a2,a2_geometry_then_cnnscore,9,4,/home/gwj/work/c1-campaign/URAT1_NLRP3_DualTarget_AIDD_Project/docking_export_20260820/01_phase1_benchmark_URAT1_9DKB/poses/gnina_sdf/mol_05943_out.sdf,1.0,0.8689902425,7.4201869965,7.4201869965,6.448070097483882,2.889165652917798,True,True,1.4348697472484588,True,True,1,Cc1nn(Cc2c(Cl)cccc2Cl)c2cc(SC(C)(C)C(=O)O)ccc12,active,
mol_05945,urat1_9dkb,42,a1,a1_cnnscore_top1,9,0,/home/gwj/work/c1-campaign/URAT1_NLRP3_DualTarget_AIDD_Project/docking_export_20260820/01_phase1_benchmark_URAT1_9DKB/poses/gnina_sdf/mol_05945_out.sdf,1.0,0.8822846413,6.7814068794,6.7814068794,5.9831311361007815,13.640720138247833,True,False,1.1797529817304817,True,False,1,Cc1nn(Cc2c(F)cccc2Cl)c2cc(CC(=O)O)ccc12,active,
mol_05945,urat1_9dkb,42,a2,a2_no_geometry_pass,9,0,/home/gwj/work/c1-campaign/URAT1_NLRP3_DualTarget_AIDD_Project/docking_export_20260820/01_phase1_benchmark_URAT1_9DKB/poses/gnina_sdf/mol_05945_out.sdf,,,,,,,False,False,,False,False,1,Cc1nn(Cc2c(F)cccc2Cl)c2cc(CC(=O)O)ccc12,active,a2_no_geometry_pass
mol_05948,urat1_9dkb,42,a1,a1_cnnscore_top1,9,2,/home/gwj/work/c1-campaign/URAT1_NLRP3_DualTarget_AIDD_Project/docking_export_20260820/01_phase1_benchmark_URAT1_9DKB/poses/gnina_sdf/mol_05948_out.sdf,1.0,0.7836347222,6.7462673187,6.7462673187,5.286609316176413,11.170402670450152,True,False,0.8508961250597229,True,False,1,Cc1nn(Cc2cccc(Cl)c2Cl)c2cc(C(=O)O)ccc12,active,
mol_05948,urat1_9dkb,42,a2,a2_geometry_then_cnnscore,9,2,/home/gwj/work/c1-campaign/URAT1_NLRP3_DualTarget_AIDD_Project/docking_export_20260820/01_phase1_benchmark_URAT1_9DKB/poses/gnina_sdf/mol_05948_out.sdf,3.0,0.7045177221,6.3769302368,6.3769302368,4.492660364420949,3.171337279445369,True,True,1.5052291021982114,True,True,1,Cc1nn(Cc2cccc(Cl)c2Cl)c2cc(C(=O)O)ccc12,active,
mol_05949,urat1_9dkb,42,a1,a1_cnnscore_top1,9,0,/home/gwj/work/c1-campaign/URAT1_NLRP3_DualTarget_AIDD_Project/docking_export_20260820/01_phase1_benchmark_URAT1_9DKB/poses/gnina_sdf/mol_05949_out.sdf,1.0,0.9058297276,7.1036987305,7.1036987305,6.434741486001281,13.922021126618064,True,False,1.3838177411853987,True,False,1,Cc1nn(Cc2cccc(Cl)c2Cl)c2cc(CC(=O)O)ccc12,active,
mol_05949,urat1_9dkb,42,a2,a2_no_geometry_pass,9,0,/home/gwj/work/c1-campaign/URAT1_NLRP3_DualTarget_AIDD_Project/docking_export_20260820/01_phase1_benchmark_URAT1_9DKB/poses/gnina_sdf/mol_05949_out.sdf,,,,,,,False,False,,False,False,1,Cc1nn(Cc2cccc(Cl)c2Cl)c2cc(CC(=O)O)ccc12,active,a2_no_geometry_pass
mol_05950,urat1_9dkb,42,a1,a1_cnnscore_top1,9,1,/home/gwj/work/c1-campaign/URAT1_NLRP3_DualTarget_AIDD_Project/docking_export_20260820/01_phase1_benchmark_URAT1_9DKB/poses/gnina_sdf/mol_05950_out.sdf,1.0,0.8689555526,6.5899672508,6.5899672508,5.726388634034817,13.690984926585811,True,False,1.0448191704572043,True,False,1,Cc1nn(Cc2cccc3ccccc23)c2cc(CC(=O)O)ccc12,active,
mol_05950,urat1_9dkb,42,a2,a2_geometry_then_cnnscore,9,1,/home/gwj/work/c1-campaign/URAT1_NLRP3_DualTarget_AIDD_Project/docking_export_20260820/01_phase1_benchmark_URAT1_9DKB/poses/gnina_sdf/mol_05950_out.sdf,9.0,0.6641646624,6.5256056786,6.5256056786,4.334076692482892,2.85859471244176,True,True,1.4927660098837334,True,True,1,Cc1nn(Cc2cccc3ccccc23)c2cc(CC(=O)O)ccc12,active,
mol_05951,urat1_9dkb,42,a1,a1_cnnscore_top1,9,2,/home/gwj/work/c1-campaign/URAT1_NLRP3_DualTarget_AIDD_Project/docking_export_20260820/01_phase1_benchmark_URAT1_9DKB/poses/gnina_sdf/mol_05951_out.sdf,1.0,0.8918090463,6.7275080681,6.7275080681,5.999652554187817,13.7349942122303,True,False,1.0600094009068388,True,False,1,Cc1nn(Cc2cccc3cccnc23)c2cc(CC(=O)O)ccc12,active,
mol_05951,urat1_9dkb,42,a2,a2_geometry_then_cnnscore,9,2,/home/gwj/work/c1-campaign/URAT1_NLRP3_DualTarget_AIDD_Project/docking_export_20260820/01_phase1_benchmark_URAT1_9DKB/poses/gnina_sdf/mol_05951_out.sdf,8.0,0.621987462,6.2315554619,6.2315554619,3.8759493660594186,2.92106959177626,True,True,1.100261373676984,True,True,1,Cc1nn(Cc2cccc3cccnc23)c2cc(CC(=O)O)ccc12,active,
mol_05957,urat1_9dkb,42,a1,a1_cnnscore_top1,9,3,/home/gwj/work/c1-campaign/URAT1_NLRP3_DualTarget_AIDD_Project/docking_export_20260820/01_phase1_benchmark_URAT1_9DKB/poses/gnina_sdf/mol_05957_out.sdf,1.0,0.9126291871,7.244246006,7.244246006,6.611310343608201,13.517900679469427,True,False,1.1922814706872864,True,False,1,Cc1nn(Cc2csc3ccc(Cl)cc23)c2cc(CC(=O)O)ccc12,active,
mol_05957,urat1_9dkb,42,a2,a2_geometry_then_cnnscore,9,3,/home/gwj/work/c1-campaign/URAT1_NLRP3_DualTarget_AIDD_Project/docking_export_20260820/01_phase1_benchmark_URAT1_9DKB/poses/gnina_sdf/mol_05957_out.sdf,2.0,0.8629507422,6.9186301231,6.9186301231,5.970436999736422,3.1312480163666296,True,True,1.242444275734025,True,True,1,Cc1nn(Cc2csc3ccc(Cl)cc23)c2cc(CC(=O)O)ccc12,active,
mol_05958,urat1_9dkb,42,a1,a1_cnnscore_top1,9,3,/home/gwj/work/c1-campaign/URAT1_NLRP3_DualTarget_AIDD_Project/docking_export_20260820/01_phase1_benchmark_URAT1_9DKB/poses/gnina_sdf/mol_05958_out.sdf,1.0,0.8907086849,7.3398404121,7.3398404121,6.537659600837465,13.864115437343987,True,False,1.2560715222921315,True,False,1,Cc1nn(Cc2csc3ccc(Cl)cc23)c2cc(CCC(=O)O)ccc12,active,
mol_05958,urat1_9dkb,42,a2,a2_geometry_then_cnnscore,9,3,/home/gwj/work/c1-campaign/URAT1_NLRP3_DualTarget_AIDD_Project/docking_export_20260820/01_phase1_benchmark_URAT1_9DKB/poses/gnina_sdf/mol_05958_out.sdf,3.0,0.8500138521,6.9936423302,6.9936423302,5.944692857302923,2.9220024965766225,True,True,1.4206928367095861,True,True,1,Cc1nn(Cc2csc3ccc(Cl)cc23)c2cc(CCC(=O)O)ccc12,active,
mol_06282,urat1_9dkb,42,a1,a1_cnnscore_top1,9,0,/home/gwj/work/c1-campaign/URAT1_NLRP3_DualTarget_AIDD_Project/docking_export_20260820/01_phase1_benchmark_URAT1_9DKB/poses/gnina_sdf/mol_06282_out.sdf,1.0,0.7881826162,6.7570252419,6.7570252419,5.325769832890179,14.117986570683511,True,False,1.3788336894854831,True,False,1,Cn1c(C(F)(F)F)cc2c(-c3ccc(C(=O)O)c(O)c3)cc(C#N)cc21,active,
mol_06282,urat1_9dkb,42,a2,a2_no_geometry_pass,9,0,/home/gwj/work/c1-campaign/URAT1_NLRP3_DualTarget_AIDD_Project/docking_export_20260820/01_phase1_benchmark_URAT1_9DKB/poses/gnina_sdf/mol_06282_out.sdf,,,,,,,False,False,,False,False,1,Cn1c(C(F)(F)F)cc2c(-c3ccc(C(=O)O)c(O)c3)cc(C#N)cc21,active,a2_no_geometry_pass
mol_06643,urat1_9dkb,42,a1,a1_cnnscore_top1,9,8,/home/gwj/work/c1-campaign/URAT1_NLRP3_DualTarget_AIDD_Project/docking_export_20260820/01_phase1_benchmark_URAT1_9DKB/poses/gnina_sdf/mol_06643_out.sdf,1.0,0.939913094,7.1936435699,7.1936435699,6.761399784917915,3.027000305583061,True,True,1.3451325366155427,True,True,1,N#CCOc1ccc2nccc(SC3(C(=O)O)CCC3)c2c1,active,
mol_06643,urat1_9dkb,42,a2,a2_geometry_then_cnnscore,9,8,/home/gwj/work/c1-campaign/URAT1_NLRP3_DualTarget_AIDD_Project/docking_export_20260820/01_phase1_benchmark_URAT1_9DKB/poses/gnina_sdf/mol_06643_out.sdf,1.0,0.939913094,7.1936435699,7.1936435699,6.761399784917915,3.027000305583061,True,True,1.3451325366155427,True,True,1,N#CCOc1ccc2nccc(SC3(C(=O)O)CCC3)c2c1,active,
mol_06678,urat1_9dkb,42,a1,a1_cnnscore_top1,9,3,/home/gwj/work/c1-campaign/URAT1_NLRP3_DualTarget_AIDD_Project/docking_export_20260820/01_phase1_benchmark_URAT1_9DKB/poses/gnina_sdf/mol_06678_out.sdf,1.0,0.8195260167,6.6495509148,6.6495509148,5.449479974049885,14.571826988747842,True,False,1.615825074487195,True,False,1,N#Cc1cc(-c2ccc(C(=O)O)c(O)c2)c2cc(C(F)(F)F)oc2c1,active,
mol_06678,urat1_9dkb,42,a2,a2_geometry_then_cnnscore,9,3,/home/gwj/work/c1-campaign/URAT1_NLRP3_DualTarget_AIDD_Project/docking_export_20260820/01_phase1_benchmark_URAT1_9DKB/poses/gnina_sdf/mol_06678_out.sdf,6.0,0.4777497947,6.2061076164,6.2061076164,2.964966639621206,4.800342809633481,True,True,1.6995283630953322,True,True,1,N#Cc1cc(-c2ccc(C(=O)O)c(O)c2)c2cc(C(F)(F)F)oc2c1,active,
mol_06679,urat1_9dkb,42,a1,a1_cnnscore_top1,9,2,/home/gwj/work/c1-campaign/URAT1_NLRP3_DualTarget_AIDD_Project/docking_export_20260820/01_phase1_benchmark_URAT1_9DKB/poses/gnina_sdf/mol_06679_out.sdf,1.0,0.8014631271,6.2640490532,6.2640490532,5.020404342485466,14.511065595951244,True,False,1.7839414478027278,True,False,1,N#Cc1cc(-c2ccc(C(=O)O)c(O)c2)c2cc(Cl)oc2c1,active,
mol_06679,urat1_9dkb,42,a2,a2_geometry_then_cnnscore,9,2,/home/gwj/work/c1-campaign/URAT1_NLRP3_DualTarget_AIDD_Project/docking_export_20260820/01_phase1_benchmark_URAT1_9DKB/poses/gnina_sdf/mol_06679_out.sdf,7.0,0.4570188522,6.0599150658,6.0599150658,2.7694954278014037,4.222854220784799,True,True,1.4320810976917988,True,True,1,N#Cc1cc(-c2ccc(C(=O)O)c(O)c2)c2cc(Cl)oc2c1,active,
mol_06680,urat1_9dkb,42,a1,a1_cnnscore_top1,9,2,/home/gwj/work/c1-campaign/URAT1_NLRP3_DualTarget_AIDD_Project/docking_export_20260820/01_phase1_benchmark_URAT1_9DKB/poses/gnina_sdf/mol_06680_out.sdf,1.0,0.813182652,6.447368145,6.447368145,5.242887926571421,14.538801097064354,True,False,1.836133742000715,True,False,1,N#Cc1cc(-c2ccc(C(=O)O)c(O)c2)c2cc(Cl)sc2c1,active,
mol_06680,urat1_9dkb,42,a2,a2_geometry_then_cnnscore,9,2,/home/gwj/work/c1-campaign/URAT1_NLRP3_DualTarget_AIDD_Project/docking_export_20260820/01_phase1_benchmark_URAT1_9DKB/poses/gnina_sdf/mol_06680_out.sdf,7.0,0.3928046525,5.3762054443,5.3762054443,2.1117985113168696,7.1403867577323785,True,True,4.751141966702625,True,True,1,N#Cc1cc(-c2ccc(C(=O)O)c(O)c2)c2cc(Cl)sc2c1,active,
mol_06681,urat1_9dkb,42,a1,a1_cnnscore_top1,9,1,/home/gwj/work/c1-campaign/URAT1_NLRP3_DualTarget_AIDD_Project/docking_export_20260820/01_phase1_benchmark_URAT1_9DKB/poses/gnina_sdf/mol_06681_out.sdf,1.0,0.6851943731,5.9428687096,5.9428687096,4.072020199889978,14.366681721956533,True,False,1.7214644515595536,True,False,1,N#Cc1cc(-c2ccc(C(=O)O)c(O)c2)c2cc(F)oc2c1,active,
mol_06681,urat1_9dkb,42,a2,a2_geometry_then_cnnscore,9,1,/home/gwj/work/c1-campaign/URAT1_NLRP3_DualTarget_AIDD_Project/docking_export_20260820/01_phase1_benchmark_URAT1_9DKB/poses/gnina_sdf/mol_06681_out.sdf,8.0,0.333766371,4.8054084778,4.8054084778,1.6038837488079403,5.724317154910258,True,True,3.9327635446280818,True,True,1,N#Cc1cc(-c2ccc(C(=O)O)c(O)c2)c2cc(F)oc2c1,active,
mol_06682,urat1_9dkb,42,a1,a1_cnnscore_top1,9,1,/home/gwj/work/c1-campaign/URAT1_NLRP3_DualTarget_AIDD_Project/docking_export_20260820/01_phase1_benchmark_URAT1_9DKB/poses/gnina_sdf/mol_06682_out.sdf,1.0,0.7856774926,5.6866970062,5.6866970062,4.467909845007143,12.446149649188692,True,False,2.7132512415908363,True,False,1,N#Cc1cc(-c2ccc(C(=O)O)c(O)c2)c2cc(F)sc2c1,active,
mol_06682,urat1_9dkb,42,a2,a2_geometry_then_cnnscore,9,1,/home/gwj/work/c1-campaign/URAT1_NLRP3_DualTarget_AIDD_Project/docking_export_20260820/01_phase1_benchmark_URAT1_9DKB/poses/gnina_sdf/mol_06682_out.sdf,9.0,0.3296997249,5.7875962257,5.7875962257,1.9081688834455681,5.673752390614166,True,True,2.145471542965484,True,True,1,N#Cc1cc(-c2ccc(C(=O)O)c(O)c2)c2cc(F)sc2c1,active,
mol_06683,urat1_9dkb,42,a1,a1_cnnscore_top1,9,1,/home/gwj/work/c1-campaign/URAT1_NLRP3_DualTarget_AIDD_Project/docking_export_20260820/01_phase1_benchmark_URAT1_9DKB/poses/gnina_sdf/mol_06683_out.sdf,1.0,0.7533329129,6.1548047066,6.1548047066,4.636616957953608,13.674577411752074,True,False,1.7318100135657406,True,False,1,N#Cc1cc(-c2ccc(C(=O)O)c(O)c2)c2ccccc2c1,active,
mol_06683,urat1_9dkb,42,a2,a2_geometry_then_cnnscore,9,1,/home/gwj/work/c1-campaign/URAT1_NLRP3_DualTarget_AIDD_Project/docking_export_20260820/01_phase1_benchmark_URAT1_9DKB/poses/gnina_sdf/mol_06683_out.sdf,6.0,0.4003015459,5.5235099792,5.5235099792,2.211069583467837,3.1445187103911496,True,True,1.0921921478561392,True,True,1,N#Cc1cc(-c2ccc(C(=O)O)c(O)c2)c2ccccc2c1,active,
mol_06684,urat1_9dkb,42,a1,a1_cnnscore_top1,9,3,/home/gwj/work/c1-campaign/URAT1_NLRP3_DualTarget_AIDD_Project/docking_export_20260820/01_phase1_benchmark_URAT1_9DKB/poses/gnina_sdf/mol_06684_out.sdf,1.0,0.6728627086,6.0294175148,6.0294175148,4.0569702002886086,13.733700003276605,True,False,1.9271915200100795,True,False,1,N#Cc1cc(-c2ccc(C(=O)O)c(O)c2)c2ccoc2c1,active,
mol_06684,urat1_9dkb,42,a2,a2_geometry_then_cnnscore,9,3,/home/gwj/work/c1-campaign/URAT1_NLRP3_DualTarget_AIDD_Project/docking_export_20260820/01_phase1_benchmark_URAT1_9DKB/poses/gnina_sdf/mol_06684_out.sdf,5.0,0.4496703148,5.2599034309,5.2599034309,2.365222431590403,6.26286959548097,True,True,3.0781516722237203,True,True,1,N#Cc1cc(-c2ccc(C(=O)O)c(O)c2)c2ccoc2c1,active,
mol_06685,urat1_9dkb,42,a1,a1_cnnscore_top1,9,0,/home/gwj/work/c1-campaign/URAT1_NLRP3_DualTarget_AIDD_Project/docking_export_20260820/01_phase1_benchmark_URAT1_9DKB/poses/gnina_sdf/mol_06685_out.sdf,1.0,0.7076696754,6.3715043068,6.3715043068,4.508920384602859,13.65736095810607,True,False,1.810592279632305,True,False,1,N#Cc1cc(-c2ccc(C(=O)O)c(O)c2)c2ccsc2c1,active,
mol_06685,urat1_9dkb,42,a2,a2_no_geometry_pass,9,0,/home/gwj/work/c1-campaign/URAT1_NLRP3_DualTarget_AIDD_Project/docking_export_20260820/01_phase1_benchmark_URAT1_9DKB/poses/gnina_sdf/mol_06685_out.sdf,,,,,,,False,False,,False,False,1,N#Cc1cc(-c2ccc(C(=O)O)c(O)c2)c2ccsc2c1,active,a2_no_geometry_pass
mol_06686,urat1_9dkb,42,a1,a1_cnnscore_top1,9,4,/home/gwj/work/c1-campaign/URAT1_NLRP3_DualTarget_AIDD_Project/docking_export_20260820/01_phase1_benchmark_URAT1_9DKB/poses/gnina_sdf/mol_06686_out.sdf,1.0,0.6216449738,6.0870251656,6.0870251656,3.783968599589352,13.63419329113387,True,False,1.8401134458004265,True,False,1,N#Cc1cc(-c2ccc(C(=O)O)c(O)c2)c2nccn2c1,active,
mol_06686,urat1_9dkb,42,a2,a2_geometry_then_cnnscore,9,4,/home/gwj/work/c1-campaign/URAT1_NLRP3_DualTarget_AIDD_Project/docking_export_20260820/01_phase1_benchmark_URAT1_9DKB/poses/gnina_sdf/mol_06686_out.sdf,3.0,0.4952760935,5.5841212273,5.5841212273,2.7656817470875694,3.043420925537569,True,True,1.2217782512693924,True,True,1,N#Cc1cc(-c2ccc(C(=O)O)c(O)c2)c2nccn2c1,active,
mol_06687,urat1_9dkb,42,a1,a1_cnnscore_top1,9,3,/home/gwj/work/c1-campaign/URAT1_NLRP3_DualTarget_AIDD_Project/docking_export_20260820/01_phase1_benchmark_URAT1_9DKB/poses/gnina_sdf/mol_06687_out.sdf,1.0,0.6933906078,6.0194683075,6.0194683075,4.173842788370262,13.639166096576423,True,False,1.834287855751644,True,False,1,N#Cc1cc(-c2ccc(C(=O)O)c(O)c2)c2ncoc2c1,active,
mol_06687,urat1_9dkb,42,a2,a2_geometry_then_cnnscore,9,3,/home/gwj/work/c1-campaign/URAT1_NLRP3_DualTarget_AIDD_Project/docking_export_20260820/01_phase1_benchmark_URAT1_9DKB/poses/gnina_sdf/mol_06687_out.sdf,5.0,0.4071026444,5.7608132362,5.7608132362,2.345242302351542,5.005373030054807,True,True,0.9563345495486668,True,True,1,N#Cc1cc(-c2ccc(C(=O)O)c(O)c2)c2ncoc2c1,active,
mol_06688,urat1_9dkb,42,a1,a1_cnnscore_top1,9,4,/home/gwj/work/c1-campaign/URAT1_NLRP3_DualTarget_AIDD_Project/docking_export_20260820/01_phase1_benchmark_URAT1_9DKB/poses/gnina_sdf/mol_06688_out.sdf,1.0,0.7517302036,6.4945425987,6.4945425987,4.882143830009624,14.162394201899616,True,False,1.7714207745333086,True,False,1,N#Cc1cc(-c2ccc(C(=O)O)c(O)c2)c2oc(C(F)(F)F)cc2c1,active,
mol_06688,urat1_9dkb,42,a2,a2_geometry_then_cnnscore,9,4,/home/gwj/work/c1-campaign/URAT1_NLRP3_DualTarget_AIDD_Project/docking_export_20260820/01_phase1_benchmark_URAT1_9DKB/poses/gnina_sdf/mol_06688_out.sdf,5.0,0.5173832774,6.174282074,6.174282074,3.1944702950381894,4.48918156126481,True,True,1.715616186507208,True,True,1,N#Cc1cc(-c2ccc(C(=O)O)c(O)c2)c2oc(C(F)(F)F)cc2c1,active,
mol_06689,urat1_9dkb,42,a1,a1_cnnscore_top1,9,2,/home/gwj/work/c1-campaign/URAT1_NLRP3_DualTarget_AIDD_Project/docking_export_20260820/01_phase1_benchmark_URAT1_9DKB/poses/gnina_sdf/mol_06689_out.sdf,1.0,0.780975163,6.2453575134,6.2453575134,4.87746910202084,14.495985632236254,True,False,1.8068794616140822,True,False,1,N#Cc1cc(-c2ccc(C(=O)O)c(O)c2)c2oc(Cl)cc2c1,active,
mol_06689,urat1_9dkb,42,a2,a2_geometry_then_cnnscore,9,2,/home/gwj/work/c1-campaign/URAT1_NLRP3_DualTarget_AIDD_Project/docking_export_20260820/01_phase1_benchmark_URAT1_9DKB/poses/gnina_sdf/mol_06689_out.sdf,6.0,0.4342248142,5.3617186546,5.3617186546,2.3281912865863585,6.21142664610957,True,True,4.009173570868561,True,True,1,N#Cc1cc(-c2ccc(C(=O)O)c(O)c2)c2oc(Cl)cc2c1,active,
mol_06690,urat1_9dkb,42,a1,a1_cnnscore_top1,9,1,/home/gwj/work/c1-campaign/URAT1_NLRP3_DualTarget_AIDD_Project/docking_export_20260820/01_phase1_benchmark_URAT1_9DKB/poses/gnina_sdf/mol_06690_out.sdf,1.0,0.7271729708,5.9440598488,5.9440598488,4.322359658864895,14.50836452154411,True,False,1.8378241264720514,True,False,1,N#Cc1cc(-c2ccc(C(=O)O)c(O)c2)c2oc(F)cc2c1,active,
mol_06690,urat1_9dkb,42,a2,a2_geometry_then_cnnscore,9,1,/home/gwj/work/c1-campaign/URAT1_NLRP3_DualTarget_AIDD_Project/docking_export_20260820/01_phase1_benchmark_URAT1_9DKB/poses/gnina_sdf/mol_06690_out.sdf,6.0,0.3465863466,5.2170023918,5.2170023918,1.8081417991774238,5.090234817766265,True,True,2.3421654688232905,True,True,1,N#Cc1cc(-c2ccc(C(=O)O)c(O)c2)c2oc(F)cc2c1,active,
mol_06691,urat1_9dkb,42,a1,a1_cnnscore_top1,9,1,/home/gwj/work/c1-campaign/URAT1_NLRP3_DualTarget_AIDD_Project/docking_export_20260820/01_phase1_benchmark_URAT1_9DKB/poses/gnina_sdf/mol_06691_out.sdf,1.0,0.6841420531,6.0318489075,6.0318489075,4.126641495566042,13.621012906902328,True,False,1.8880439825422892,True,False,1,N#Cc1cc(-c2ccc(C(=O)O)c(O)c2)c2occc2c1,active,
mol_06691,urat1_9dkb,42,a2,a2_geometry_then_cnnscore,9,1,/home/gwj/work/c1-campaign/URAT1_NLRP3_DualTarget_AIDD_Project/docking_export_20260820/01_phase1_benchmark_URAT1_9DKB/poses/gnina_sdf/mol_06691_out.sdf,5.0,0.4036863744,5.5019187927,5.5019187927,2.221049649668288,2.9787870249482418,True,True,1.1929111799719667,True,True,1,N#Cc1cc(-c2ccc(C(=O)O)c(O)c2)c2occc2c1,active,
mol_06692,urat1_9dkb,42,a1,a1_cnnscore_top1,9,2,/home/gwj/work/c1-campaign/URAT1_NLRP3_DualTarget_AIDD_Project/docking_export_20260820/01_phase1_benchmark_URAT1_9DKB/poses/gnina_sdf/mol_06692_out.sdf,1.0,0.7257044315,6.248816967,6.248816967,4.534794164584289,13.6394620238483,True,False,1.8643695126676916,True,False,1,N#Cc1cc(-c2ccc(C(=O)O)c(O)c2)c2sccc2c1,active,
mol_06692,urat1_9dkb,42,a2,a2_geometry_then_cnnscore,9,2,/home/gwj/work/c1-campaign/URAT1_NLRP3_DualTarget_AIDD_Project/docking_export_20260820/01_phase1_benchmark_URAT1_9DKB/poses/gnina_sdf/mol_06692_out.sdf,5.0,0.4528881609,5.7580599785,5.7580599785,2.607757194014759,6.096677000629116,True,True,2.4673536640717506,True,True,1,N#Cc1cc(-c2ccc(C(=O)O)c(O)c2)c2sccc2c1,active,
mol_06693,urat1_9dkb,42,a1,a1_cnnscore_top1,9,2,/home/gwj/work/c1-campaign/URAT1_NLRP3_DualTarget_AIDD_Project/docking_export_20260820/01_phase1_benchmark_URAT1_9DKB/poses/gnina_sdf/mol_06693_out.sdf,1.0,0.5758168697,5.7094230652,5.7094230652,3.287582117196443,13.440216872134169,True,False,1.7757946900112749,True,False,1,N#Cc1cc(-c2ccc(C(=O)O)cc2)c2occc2c1,active,
mol_06693,urat1_9dkb,42,a2,a2_geometry_then_cnnscore,9,2,/home/gwj/work/c1-campaign/URAT1_NLRP3_DualTarget_AIDD_Project/docking_export_20260820/01_phase1_benchmark_URAT1_9DKB/poses/gnina_sdf/mol_06693_out.sdf,8.0,0.4150681794,5.3438148499,5.3438148499,2.2180475007986775,5.62354897284623,True,True,3.1566364058964,True,True,1,N#Cc1cc(-c2ccc(C(=O)O)cc2)c2occc2c1,active,
mol_06764,urat1_9dkb,42,a1,a1_cnnscore_top1,9,5,/home/gwj/work/c1-campaign/URAT1_NLRP3_DualTarget_AIDD_Project/docking_export_20260820/01_phase1_benchmark_URAT1_9DKB/poses/gnina_sdf/mol_06764_out.sdf,1.0,0.7073720694,7.1095490456,7.1095490456,5.029096420886867,10.781027618460119,True,False,1.6835007668823891,True,False,1,N#Cc1cc2c(C#N)ccc(-c3cnccc3SC3(C(=O)O)CCC3)n2c1,active,
mol_06764,urat1_9dkb,42,a2,a2_geometry_then_cnnscore,9,5,/home/gwj/work/c1-campaign/URAT1_NLRP3_DualTarget_AIDD_Project/docking_export_20260820/01_phase1_benchmark_URAT1_9DKB/poses/gnina_sdf/mol_06764_out.sdf,3.0,0.6488841176,6.9196410179,6.9196410179,4.490045156008807,3.047726104819776,True,True,1.6143947758289905,True,True,1,N#Cc1cc2c(C#N)ccc(-c3cnccc3SC3(C(=O)O)CCC3)n2c1,active,
mol_06766,urat1_9dkb,42,a1,a1_cnnscore_top1,9,1,/home/gwj/work/c1-campaign/URAT1_NLRP3_DualTarget_AIDD_Project/docking_export_20260820/01_phase1_benchmark_URAT1_9DKB/poses/gnina_sdf/mol_06766_out.sdf,1.0,0.7965360284,6.4635162354,6.4635162354,5.148423551644436,13.725451950664498,True,False,1.9268794782230023,True,False,1,N#Cc1cc2c(c(-c3ccc(C(=O)O)c(O)c3)c1)CCC2,active,
mol_06766,urat1_9dkb,42,a2,a2_geometry_then_cnnscore,9,1,/home/gwj/work/c1-campaign/URAT1_NLRP3_DualTarget_AIDD_Project/docking_export_20260820/01_phase1_benchmark_URAT1_9DKB/poses/gnina_sdf/mol_06766_out.sdf,8.0,0.3369680643,5.7344594002,5.7344594002,1.9323296838923327,7.320429283860332,True,True,2.3061868059522688,True,True,1,N#Cc1cc2c(c(-c3ccc(C(=O)O)c(O)c3)c1)CCC2,active,
mol_06767,urat1_9dkb,42,a1,a1_cnnscore_top1,9,2,/home/gwj/work/c1-campaign/URAT1_NLRP3_DualTarget_AIDD_Project/docking_export_20260820/01_phase1_benchmark_URAT1_9DKB/poses/gnina_sdf/mol_06767_out.sdf,1.0,0.7264620066,5.7860717773,5.7860717773,4.203361313668987,14.499912472149617,True,False,1.9365437497765785,True,False,1,N#Cc1cc2c(c(-c3ccc(C(=O)O)c(O)c3)c1)OCC2,active,
mol_06767,urat1_9dkb,42,a2,a2_geometry_then_cnnscore,9,2,/home/gwj/work/c1-campaign/URAT1_NLRP3_DualTarget_AIDD_Project/docking_export_20260820/01_phase1_benchmark_URAT1_9DKB/poses/gnina_sdf/mol_06767_out.sdf,7.0,0.3038792908,5.4309310913,5.4309310913,1.650347488407914,7.27043768902533,True,True,2.268328255761741,True,True,1,N#Cc1cc2c(c(-c3ccc(C(=O)O)c(O)c3)c1)OCC2,active,
mol_06768,urat1_9dkb,42,a1,a1_cnnscore_top1,9,3,/home/gwj/work/c1-campaign/URAT1_NLRP3_DualTarget_AIDD_Project/docking_export_20260820/01_phase1_benchmark_URAT1_9DKB/poses/gnina_sdf/mol_06768_out.sdf,1.0,0.6352351904,5.7923092842,5.7923092842,3.6794786910044746,13.651250426975535,True,False,1.891371751760833,True,False,1,N#Cc1cc2c(c(-c3ccc(C(=O)O)c(O)c3)c1)OCO2,active,
mol_06768,urat1_9dkb,42,a2,a2_geometry_then_cnnscore,9,3,/home/gwj/work/c1-campaign/URAT1_NLRP3_DualTarget_AIDD_Project/docking_export_20260820/01_phase1_benchmark_URAT1_9DKB/poses/gnina_sdf/mol_06768_out.sdf,3.0,0.5253546238,4.9677014351,4.9677014351,2.6098049185876806,6.301141168074238,True,True,3.098610308435091,True,True,1,N#Cc1cc2c(c(-c3ccc(C(=O)O)c(O)c3)c1)OCO2,active,
mol_06773,urat1_9dkb,42,a1,a1_cnnscore_top1,9,6,/home/gwj/work/c1-campaign/URAT1_NLRP3_DualTarget_AIDD_Project/docking_export_20260820/01_phase1_benchmark_URAT1_9DKB/poses/gnina_sdf/mol_06773_out.sdf,1.0,0.6784366369,6.5371074677,6.5371074677,4.435013205440264,2.9532079828552518,True,True,3.555879201464545,True,True,1,N#Cc1ccc(-c2c(SC3(C(=O)O)CCC3)ccc3cnsc23)cc1,active,
mol_06773,urat1_9dkb,42,a2,a2_geometry_then_cnnscore,9,6,/home/gwj/work/c1-campaign/URAT1_NLRP3_DualTarget_AIDD_Project/docking_export_20260820/01_phase1_benchmark_URAT1_9DKB/poses/gnina_sdf/mol_06773_out.sdf,1.0,0.6784366369,6.5371074677,6.5371074677,4.435013205440264,2.9532079828552518,True,True,3.555879201464545,True,True,1,N#Cc1ccc(-c2c(SC3(C(=O)O)CCC3)ccc3cnsc23)cc1,active,
mol_06774,urat1_9dkb,42,a1,a1_cnnscore_top1,9,9,/home/gwj/work/c1-campaign/URAT1_NLRP3_DualTarget_AIDD_Project/docking_export_20260820/01_phase1_benchmark_URAT1_9DKB/poses/gnina_sdf/mol_06774_out.sdf,1.0,0.8362267613,7.379553318,7.379553318,6.170979970951809,3.2221092610276285,True,True,0.6657860392054115,True,True,1,N#Cc1ccc(-c2c(SC3(C(=O)O)CCCC3)ccc3cnsc23)cc1,active,
mol_06774,urat1_9dkb,42,a2,a2_geometry_then_cnnscore,9,9,/home/gwj/work/c1-campaign/URAT1_NLRP3_DualTarget_AIDD_Project/docking_export_20260820/01_phase1_benchmark_URAT1_9DKB/poses/gnina_sdf/mol_06774_out.sdf,1.0,0.8362267613,7.379553318,7.379553318,6.170979970951809,3.2221092610276285,True,True,0.6657860392054115,True,True,1,N#Cc1ccc(-c2c(SC3(C(=O)O)CCCC3)ccc3cnsc23)cc1,active,
mol_06775,urat1_9dkb,42,a1,a1_cnnscore_top1,9,9,/home/gwj/work/c1-campaign/URAT1_NLRP3_DualTarget_AIDD_Project/docking_export_20260820/01_phase1_benchmark_URAT1_9DKB/poses/gnina_sdf/mol_06775_out.sdf,1.0,0.9018136263,7.7619929314,7.7619929314,6.999870992780801,3.3220830347840504,True,True,0.35430152342465343,True,True,1,N#Cc1ccc(-c2c(SC3(C(=O)O)CCCCC3)ccc3cnsc23)cc1,active,
mol_06775,urat1_9dkb,42,a2,a2_geometry_then_cnnscore,9,9,/home/gwj/work/c1-campaign/URAT1_NLRP3_DualTarget_AIDD_Project/docking_export_20260820/01_phase1_benchmark_URAT1_9DKB/poses/gnina_sdf/mol_06775_out.sdf,1.0,0.9018136263,7.7619929314,7.7619929314,6.999870992780801,3.3220830347840504,True,True,0.35430152342465343,True,True,1,N#Cc1ccc(-c2c(SC3(C(=O)O)CCCCC3)ccc3cnsc23)cc1,active,
mol_06776,urat1_9dkb,42,a1,a1_cnnscore_top1,9,3,/home/gwj/work/c1-campaign/URAT1_NLRP3_DualTarget_AIDD_Project/docking_export_20260820/01_phase1_benchmark_URAT1_9DKB/poses/gnina_sdf/mol_06776_out.sdf,1.0,0.938359201,7.9292354584,7.9292354584,7.440471049285093,14.579934673036085,True,False,1.5878258788448563,True,False,1,N#Cc1ccc(-c2cncc3cc(CCC(=O)O)sc23)c2ccccc12,active,
mol_06776,urat1_9dkb,42,a2,a2_geometry_then_cnnscore,9,3,/home/gwj/work/c1-campaign/URAT1_NLRP3_DualTarget_AIDD_Project/docking_export_20260820/01_phase1_benchmark_URAT1_9DKB/poses/gnina_sdf/mol_06776_out.sdf,3.0,0.5799005032,6.9353427887,6.9353427887,4.021808773031621,2.800875702347383,True,True,1.5254179096993719,True,True,1,N#Cc1ccc(-c2cncc3cc(CCC(=O)O)sc23)c2ccccc12,active,
mol_06777,urat1_9dkb,42,a1,a1_cnnscore_top1,9,5,/home/gwj/work/c1-campaign/URAT1_NLRP3_DualTarget_AIDD_Project/docking_export_20260820/01_phase1_benchmark_URAT1_9DKB/poses/gnina_sdf/mol_06777_out.sdf,1.0,0.4276592433,6.7449932098,6.7449932098,2.884558692166706,4.618201808063401,True,True,0.48352855775818726,True,True,1,N#Cc1ccc(-c2cncc3ccc(/C=C/C(=O)O)cc23)c2ccccc12,active,
mol_06777,urat1_9dkb,42,a2,a2_geometry_then_cnnscore,9,5,/home/gwj/work/c1-campaign/URAT1_NLRP3_DualTarget_AIDD_Project/docking_export_20260820/01_phase1_benchmark_URAT1_9DKB/poses/gnina_sdf/mol_06777_out.sdf,1.0,0.4276592433,6.7449932098,6.7449932098,2.884558692166706,4.618201808063401,True,True,0.48352855775818726,True,True,1,N#Cc1ccc(-c2cncc3ccc(/C=C/C(=O)O)cc23)c2ccccc12,active,
mol_06778,urat1_9dkb,42,a1,a1_cnnscore_top1,9,6,/home/gwj/work/c1-campaign/URAT1_NLRP3_DualTarget_AIDD_Project/docking_export_20260820/01_phase1_benchmark_URAT1_9DKB/poses/gnina_sdf/mol_06778_out.sdf,1.0,0.6058667302,6.6425795555,6.6425795555,4.024517955384155,2.916730498349137,True,True,1.073764312729185,True,True,1,N#Cc1ccc(-c2cncc3ccc(CC(=O)O)cc23)c2ccccc12,active,
mol_06778,urat1_9dkb,42,a2,a2_geometry_then_cnnscore,9,6,/home/gwj/work/c1-campaign/URAT1_NLRP3_DualTarget_AIDD_Project/docking_export_20260820/01_phase1_benchmark_URAT1_9DKB/poses/gnina_sdf/mol_06778_out.sdf,1.0,0.6058667302,6.6425795555,6.6425795555,4.024517955384155,2.916730498349137,True,True,1.073764312729185,True,True,1,N#Cc1ccc(-c2cncc3ccc(CC(=O)O)cc23)c2ccccc12,active,
mol_06779,urat1_9dkb,42,a1,a1_cnnscore_top1,9,6,/home/gwj/work/c1-campaign/URAT1_NLRP3_DualTarget_AIDD_Project/docking_export_20260820/01_phase1_benchmark_URAT1_9DKB/poses/gnina_sdf/mol_06779_out.sdf,1.0,0.7861620188,6.5703558922,6.5703558922,5.165364252446428,3.016026609630628,True,True,1.201164140481616,True,True,1,N#Cc1ccc(-c2cncc3ccc(CCC(=O)O)cc23)cc1,active,
mol_06779,urat1_9dkb,42,a2,a2_geometry_then_cnnscore,9,6,/home/gwj/work/c1-campaign/URAT1_NLRP3_DualTarget_AIDD_Project/docking_export_20260820/01_phase1_benchmark_URAT1_9DKB/poses/gnina_sdf/mol_06779_out.sdf,1.0,0.7861620188,6.5703558922,6.5703558922,5.165364252446428,3.016026609630628,True,True,1.201164140481616,True,True,1,N#Cc1ccc(-c2cncc3ccc(CCC(=O)O)cc23)cc1,active,
mol_06780,urat1_9dkb,42,a1,a1_cnnscore_top1,9,8,/home/gwj/work/c1-campaign/URAT1_NLRP3_DualTarget_AIDD_Project/docking_export_20260820/01_phase1_benchmark_URAT1_9DKB/poses/gnina_sdf/mol_06780_out.sdf,1.0,0.7102954388,7.1989502907,7.1989502907,5.113381555632144,2.8624609516987247,True,True,1.1817593595121032,True,True,1,N#Cc1ccc(-c2cncc3ccc(SC4(C(=O)O)CCC4)cc23)c2ccccc12,active,
mol_06780,urat1_9dkb,42,a2,a2_geometry_then_cnnscore,9,8,/home/gwj/work/c1-campaign/URAT1_NLRP3_DualTarget_AIDD_Project/docking_export_20260820/01_phase1_benchmark_URAT1_9DKB/poses/gnina_sdf/mol_06780_out.sdf,1.0,0.7102954388,7.1989502907,7.1989502907,5.113381555632144,2.8624609516987247,True,True,1.1817593595121032,True,True,1,N#Cc1ccc(-c2cncc3ccc(SC4(C(=O)O)CCC4)cc23)c2ccccc12,active,
mol_06781,urat1_9dkb,42,a1,a1_cnnscore_top1,9,5,/home/gwj/work/c1-campaign/URAT1_NLRP3_DualTarget_AIDD_Project/docking_export_20260820/01_phase1_benchmark_URAT1_9DKB/poses/gnina_sdf/mol_06781_out.sdf,1.0,0.9044983387,7.7195162773,7.7195162773,6.982289648385459,14.615115839773553,True,False,1.3816083844451932,True,False,1,N#Cc1ccc(-c2cncc3sc(CCC(=O)O)cc23)c2ccccc12,active,
mol_06781,urat1_9dkb,42,a2,a2_geometry_then_cnnscore,9,5,/home/gwj/work/c1-campaign/URAT1_NLRP3_DualTarget_AIDD_Project/docking_export_20260820/01_phase1_benchmark_URAT1_9DKB/poses/gnina_sdf/mol_06781_out.sdf,2.0,0.6696701646,6.0156764984,6.0156764984,4.028519070863879,2.743063444399345,True,True,4.952730515847236,True,True,1,N#Cc1ccc(-c2cncc3sc(CCC(=O)O)cc23)c2ccccc12,active,
mol_06786,urat1_9dkb,42,a1,a1_cnnscore_top1,9,8,/home/gwj/work/c1-campaign/URAT1_NLRP3_DualTarget_AIDD_Project/docking_export_20260820/01_phase1_benchmark_URAT1_9DKB/poses/gnina_sdf/mol_06786_out.sdf,1.0,0.7781632543,7.5666947365,7.5666947365,5.888123800449521,3.012756412324097,True,True,0.9785787757941425,True,True,1,N#Cc1ccc(-c2cnccc2SC2(C(=O)O)CCC2)c2cc(Cl)cn12,active,
mol_06786,urat1_9dkb,42,a2,a2_geometry_then_cnnscore,9,8,/home/gwj/work/c1-campaign/URAT1_NLRP3_DualTarget_AIDD_Project/docking_export_20260820/01_phase1_benchmark_URAT1_9DKB/poses/gnina_sdf/mol_06786_out.sdf,1.0,0.7781632543,7.5666947365,7.5666947365,5.888123800449521,3.012756412324097,True,True,0.9785787757941425,True,True,1,N#Cc1ccc(-c2cnccc2SC2(C(=O)O)CCC2)c2cc(Cl)cn12,active,
mol_06787,urat1_9dkb,42,a1,a1_cnnscore_top1,9,7,/home/gwj/work/c1-campaign/URAT1_NLRP3_DualTarget_AIDD_Project/docking_export_20260820/01_phase1_benchmark_URAT1_9DKB/poses/gnina_sdf/mol_06787_out.sdf,1.0,0.7550962567,7.387650013,7.387650013,5.578386870626007,2.9826815351290836,True,True,0.9688777931977276,True,True,1,N#Cc1ccc(-c2cnccc2SC2(C(=O)O)CCC2)c2cc(F)cn12,active,
mol_06787,urat1_9dkb,42,a2,a2_geometry_then_cnnscore,9,7,/home/gwj/work/c1-campaign/URAT1_NLRP3_DualTarget_AIDD_Project/docking_export_20260820/01_phase1_benchmark_URAT1_9DKB/poses/gnina_sdf/mol_06787_out.sdf,1.0,0.7550962567,7.387650013,7.387650013,5.578386870626007,2.9826815351290836,True,True,0.9688777931977276,True,True,1,N#Cc1ccc(-c2cnccc2SC2(C(=O)O)CCC2)c2cc(F)cn12,active,
mol_06788,urat1_9dkb,42,a1,a1_cnnscore_top1,9,7,/home/gwj/work/c1-campaign/URAT1_NLRP3_DualTarget_AIDD_Project/docking_export_20260820/01_phase1_benchmark_URAT1_9DKB/poses/gnina_sdf/mol_06788_out.sdf,1.0,0.6164710522,7.0354137421,7.0354137421,4.337128912254727,5.638247676361866,True,True,0.899582583819985,True,True,1,N#Cc1ccc(-c2cnccc2SC2(C(=O)O)CCC2)c2cccn12,active,
mol_06788,urat1_9dkb,42,a2,a2_geometry_then_cnnscore,9,7,/home/gwj/work/c1-campaign/URAT1_NLRP3_DualTarget_AIDD_Project/docking_export_20260820/01_phase1_benchmark_URAT1_9DKB/poses/gnina_sdf/mol_06788_out.sdf,1.0,0.6164710522,7.0354137421,7.0354137421,4.337128912254727,5.638247676361866,True,True,0.899582583819985,True,True,1,N#Cc1ccc(-c2cnccc2SC2(C(=O)O)CCC2)c2cccn12,active,
mol_06789,urat1_9dkb,42,a1,a1_cnnscore_top1,9,6,/home/gwj/work/c1-campaign/URAT1_NLRP3_DualTarget_AIDD_Project/docking_export_20260820/01_phase1_benchmark_URAT1_9DKB/poses/gnina_sdf/mol_06789_out.sdf,1.0,0.68083781,7.1271877289,7.1271877289,4.852458884803149,10.114300879942215,True,False,1.8030702701157295,True,False,1,N#Cc1ccc(-c2cnccc2SC2(C(=O)O)CCC2)n2c(Cl)ccc12,active,
mol_06789,urat1_9dkb,42,a2,a2_geometry_then_cnnscore,9,6,/home/gwj/work/c1-campaign/URAT1_NLRP3_DualTarget_AIDD_Project/docking_export_20260820/01_phase1_benchmark_URAT1_9DKB/poses/gnina_sdf/mol_06789_out.sdf,2.0,0.6388290524,6.3991456032,6.3991456032,4.087960121861882,2.9881489554571985,True,True,4.51636084622392,True,True,1,N#Cc1ccc(-c2cnccc2SC2(C(=O)O)CCC2)n2c(Cl)ccc12,active,
mol_06790,urat1_9dkb,42,a1,a1_cnnscore_top1,9,6,/home/gwj/work/c1-campaign/URAT1_NLRP3_DualTarget_AIDD_Project/docking_export_20260820/01_phase1_benchmark_URAT1_9DKB/poses/gnina_sdf/mol_06790_out.sdf,1.0,0.7955267429,7.4148826599,7.4148826599,5.898737451415935,3.0375622248770426,True,True,1.0393885540180554,True,True,1,N#Cc1ccc(-c2cnccc2SC2(C(=O)O)CCC2)n2c(F)ccc12,active,
mol_06790,urat1_9dkb,42,a2,a2_geometry_then_cnnscore,9,6,/home/gwj/work/c1-campaign/URAT1_NLRP3_DualTarget_AIDD_Project/docking_export_20260820/01_phase1_benchmark_URAT1_9DKB/poses/gnina_sdf/mol_06790_out.sdf,1.0,0.7955267429,7.4148826599,7.4148826599,5.898737451415935,3.0375622248770426,True,True,1.0393885540180554,True,True,1,N#Cc1ccc(-c2cnccc2SC2(C(=O)O)CCC2)n2c(F)ccc12,active,
mol_06791,urat1_9dkb,42,a1,a1_cnnscore_top1,9,6,/home/gwj/work/c1-campaign/URAT1_NLRP3_DualTarget_AIDD_Project/docking_export_20260820/01_phase1_benchmark_URAT1_9DKB/poses/gnina_sdf/mol_06791_out.sdf,1.0,0.7743356824,7.3738684654,7.3738684654,5.709849470083349,6.483977762145701,True,True,0.4217708324076663,True,True,1,N#Cc1ccc(-c2cnccc2SC2(C(=O)O)CCC2)n2cc(Br)cc12,active,
mol_06791,urat1_9dkb,42,a2,a2_geometry_then_cnnscore,9,6,/home/gwj/work/c1-campaign/URAT1_NLRP3_DualTarget_AIDD_Project/docking_export_20260820/01_phase1_benchmark_URAT1_9DKB/poses/gnina_sdf/mol_06791_out.sdf,1.0,0.7743356824,7.3738684654,7.3738684654,5.709849470083349,6.483977762145701,True,True,0.4217708324076663,True,True,1,N#Cc1ccc(-c2cnccc2SC2(C(=O)O)CCC2)n2cc(Br)cc12,active,
mol_06792,urat1_9dkb,42,a1,a1_cnnscore_top1,9,5,/home/gwj/work/c1-campaign/URAT1_NLRP3_DualTarget_AIDD_Project/docking_export_20260820/01_phase1_benchmark_URAT1_9DKB/poses/gnina_sdf/mol_06792_out.sdf,1.0,0.7637901306,7.4064946175,7.4064946175,5.657007491188522,12.450701838049124,True,False,0.5768970523372486,True,False,1,N#Cc1ccc(-c2cnccc2SC2(C(=O)O)CCC2)n2cc(C(F)(F)F)cc12,active,
mol_06792,urat1_9dkb,42,a2,a2_geometry_then_cnnscore,9,5,/home/gwj/work/c1-campaign/URAT1_NLRP3_DualTarget_AIDD_Project/docking_export_20260820/01_phase1_benchmark_URAT1_9DKB/poses/gnina_sdf/mol_06792_out.sdf,3.0,0.6249281764,7.5282020569,7.5282020569,4.704585582989246,2.851850930536163,True,True,0.4932880934035491,True,True,1,N#Cc1ccc(-c2cnccc2SC2(C(=O)O)CCC2)n2cc(C(F)(F)F)cc12,active,
mol_06793,urat1_9dkb,42,a1,a1_cnnscore_top1,9,7,/home/gwj/work/c1-campaign/URAT1_NLRP3_DualTarget_AIDD_Project/docking_export_20260820/01_phase1_benchmark_URAT1_9DKB/poses/gnina_sdf/mol_06793_out.sdf,1.0,0.7985260487,7.2119164467,7.2119164467,5.7589031437378955,6.192015149367769,True,True,0.31218341611411926,True,True,1,N#Cc1ccc(-c2cnccc2SC2(C(=O)O)CCC2)n2cc(Cl)cc12,active,
mol_06793,urat1_9dkb,42,a2,a2_geometry_then_cnnscore,9,7,/home/gwj/work/c1-campaign/URAT1_NLRP3_DualTarget_AIDD_Project/docking_export_20260820/01_phase1_benchmark_URAT1_9DKB/poses/gnina_sdf/mol_06793_out.sdf,1.0,0.7985260487,7.2119164467,7.2119164467,5.7589031437378955,6.192015149367769,True,True,0.31218341611411926,True,True,1,N#Cc1ccc(-c2cnccc2SC2(C(=O)O)CCC2)n2cc(Cl)cc12,active,
mol_06794,urat1_9dkb,42,a1,a1_cnnscore_top1,9,6,/home/gwj/work/c1-campaign/URAT1_NLRP3_DualTarget_AIDD_Project/docking_export_20260820/01_phase1_benchmark_URAT1_9DKB/poses/gnina_sdf/mol_06794_out.sdf,1.0,0.6804745793,7.0246577263,7.0246577263,4.780101011030487,12.468844102802795,True,False,0.6690611449275159,True,False,1,N#Cc1ccc(-c2cnccc2SC2(C(=O)O)CCC2)n2ccc(F)c12,active,
mol_06794,urat1_9dkb,42,a2,a2_geometry_then_cnnscore,9,6,/home/gwj/work/c1-campaign/URAT1_NLRP3_DualTarget_AIDD_Project/docking_export_20260820/01_phase1_benchmark_URAT1_9DKB/poses/gnina_sdf/mol_06794_out.sdf,2.0,0.6413180828,6.3832230568,6.3832230568,4.093676372871732,3.028076004660387,True,True,4.71434714137486,True,True,1,N#Cc1ccc(-c2cnccc2SC2(C(=O)O)CCC2)n2ccc(F)c12,active,
mol_06795,urat1_9dkb,42,a1,a1_cnnscore_top1,9,7,/home/gwj/work/c1-campaign/URAT1_NLRP3_DualTarget_AIDD_Project/docking_export_20260820/01_phase1_benchmark_URAT1_9DKB/poses/gnina_sdf/mol_06795_out.sdf,1.0,0.6820141673,6.723991394,6.723991394,4.585857391511276,3.0649875236287563,True,True,1.6592863696807152,True,True,1,N#Cc1ccc(-c2cnccc2SC2(C(=O)O)CCC2)n2cccc12,active,
mol_06795,urat1_9dkb,42,a2,a2_geometry_then_cnnscore,9,7,/home/gwj/work/c1-campaign/URAT1_NLRP3_DualTarget_AIDD_Project/docking_export_20260820/01_phase1_benchmark_URAT1_9DKB/poses/gnina_sdf/mol_06795_out.sdf,1.0,0.6820141673,6.723991394,6.723991394,4.585857391511276,3.0649875236287563,True,True,1.6592863696807152,True,True,1,N#Cc1ccc(-c2cnccc2SC2(C(=O)O)CCC2)n2cccc12,active,
mol_06796,urat1_9dkb,42,a1,a1_cnnscore_top1,9,2,/home/gwj/work/c1-campaign/URAT1_NLRP3_DualTarget_AIDD_Project/docking_export_20260820/01_phase1_benchmark_URAT1_9DKB/poses/gnina_sdf/mol_06796_out.sdf,1.0,0.7696534991,7.1541361809,7.1541361809,5.506205944667596,14.475788975043812,True,False,1.137133938500046,True,False,1,N#Cc1ccc(-c2cnccc2SC2CC(C(=O)O)C2)c2ccccc12,active,
mol_06796,urat1_9dkb,42,a2,a2_geometry_then_cnnscore,9,2,/home/gwj/work/c1-campaign/URAT1_NLRP3_DualTarget_AIDD_Project/docking_export_20260820/01_phase1_benchmark_URAT1_9DKB/poses/gnina_sdf/mol_06796_out.sdf,4.0,0.5679204464,6.5147480965,6.5147480965,3.69985864714783,2.9766872610336494,True,True,0.6857085151810085,True,True,1,N#Cc1ccc(-c2cnccc2SC2CC(C(=O)O)C2)c2ccccc12,active,
mol_06797,urat1_9dkb,42,a1,a1_cnnscore_top1,9,4,/home/gwj/work/c1-campaign/URAT1_NLRP3_DualTarget_AIDD_Project/docking_export_20260820/01_phase1_benchmark_URAT1_9DKB/poses/gnina_sdf/mol_06797_out.sdf,1.0,0.7962654829,7.3733658791,7.3733658791,5.871156742319944,14.762438732472352,True,False,1.3787835109459956,True,False,1,N#Cc1ccc(-c2cnccc2SCC2CC(C(=O)O)C2)c2ccccc12,active,
mol_06797,urat1_9dkb,42,a2,a2_geometry_then_cnnscore,9,4,/home/gwj/work/c1-campaign/URAT1_NLRP3_DualTarget_AIDD_Project/docking_export_20260820/01_phase1_benchmark_URAT1_9DKB/poses/gnina_sdf/mol_06797_out.sdf,2.0,0.6985208988,7.0746340752,7.0746340752,4.94177975288981,3.012171172094976,True,True,1.4279297980899934,True,True,1,N#Cc1ccc(-c2cnccc2SCC2CC(C(=O)O)C2)c2ccccc12,active,
mol_06798,urat1_9dkb,42,a1,a1_cnnscore_top1,9,5,/home/gwj/work/c1-campaign/URAT1_NLRP3_DualTarget_AIDD_Project/docking_export_20260820/01_phase1_benchmark_URAT1_9DKB/poses/gnina_sdf/mol_06798_out.sdf,1.0,0.880877614,7.2024178505,7.2024178505,6.344448651179448,14.08416388040128,True,False,1.3500483899827977,True,False,1,N#Cc1ccc(-c2cnccc2SCCC(=O)O)c2ccccc12,active,
mol_06798,urat1_9dkb,42,a2,a2_geometry_then_cnnscore,9,5,/home/gwj/work/c1-campaign/URAT1_NLRP3_DualTarget_AIDD_Project/docking_export_20260820/01_phase1_benchmark_URAT1_9DKB/poses/gnina_sdf/mol_06798_out.sdf,3.0,0.6976113319,6.673725605,6.673725605,4.6556666080391835,3.046250242511274,True,True,2.0792439874776143,True,True,1,N#Cc1ccc(-c2cnccc2SCCC(=O)O)c2ccccc12,active,
mol_06799,urat1_9dkb,42,a1,a1_cnnscore_top1,9,6,/home/gwj/work/c1-campaign/URAT1_NLRP3_DualTarget_AIDD_Project/docking_export_20260820/01_phase1_benchmark_URAT1_9DKB/poses/gnina_sdf/mol_06799_out.sdf,1.0,0.8491414785,7.6610183716,7.6610183716,6.505288466876086,12.970804232968744,True,False,1.5473765836429942,True,False,1,N#Cc1ccc(-c2cnccc2SCCC(F)(F)C(=O)O)c2ccccc12,active,
mol_06799,urat1_9dkb,42,a2,a2_geometry_then_cnnscore,9,6,/home/gwj/work/c1-campaign/URAT1_NLRP3_DualTarget_AIDD_Project/docking_export_20260820/01_phase1_benchmark_URAT1_9DKB/poses/gnina_sdf/mol_06799_out.sdf,2.0,0.7604748011,6.9072170258,6.9072170258,5.252764493849789,2.937342155759173,True,True,2.2065175074058843,True,True,1,N#Cc1ccc(-c2cnccc2SCCC(F)(F)C(=O)O)c2ccccc12,active,
mol_06800,urat1_9dkb,42,a1,a1_cnnscore_top1,9,1,/home/gwj/work/c1-campaign/URAT1_NLRP3_DualTarget_AIDD_Project/docking_export_20260820/01_phase1_benchmark_URAT1_9DKB/poses/gnina_sdf/mol_06800_out.sdf,1.0,0.7667512298,7.1933960915,7.1933960915,5.5155452995961385,13.915138396005972,True,False,1.2708639896101792,True,False,1,N#Cc1ccc(-c2cnccc2Sc2ccc(C(=O)O)cc2)c2ccccc12,active,
mol_06800,urat1_9dkb,42,a2,a2_geometry_then_cnnscore,9,1,/home/gwj/work/c1-campaign/URAT1_NLRP3_DualTarget_AIDD_Project/docking_export_20260820/01_phase1_benchmark_URAT1_9DKB/poses/gnina_sdf/mol_06800_out.sdf,8.0,0.3281243742,6.6338324547,6.6338324547,2.1767221227460873,7.059446512298244,True,True,1.174987750576001,True,True,1,N#Cc1ccc(-c2cnccc2Sc2ccc(C(=O)O)cc2)c2ccccc12,active,
mol_06801,urat1_9dkb,42,a1,a1_cnnscore_top1,9,4,/home/gwj/work/c1-campaign/URAT1_NLRP3_DualTarget_AIDD_Project/docking_export_20260820/01_phase1_benchmark_URAT1_9DKB/poses/gnina_sdf/mol_06801_out.sdf,1.0,0.7868216634,7.2782740593,7.2782740593,5.726703702019496,2.820790325422997,True,True,1.4556875686857078,True,True,1,N#Cc1ccc(-c2cnccc2Sc2cccc(C(=O)O)c2)c2ccccc12,active,
mol_06801,urat1_9dkb,42,a2,a2_geometry_then_cnnscore,9,4,/home/gwj/work/c1-campaign/URAT1_NLRP3_DualTarget_AIDD_Project/docking_export_20260820/01_phase1_benchmark_URAT1_9DKB/poses/gnina_sdf/mol_06801_out.sdf,1.0,0.7868216634,7.2782740593,7.2782740593,5.726703702019496,2.820790325422997,True,True,1.4556875686857078,True,True,1,N#Cc1ccc(-c2cnccc2Sc2cccc(C(=O)O)c2)c2ccccc12,active,
mol_06802,urat1_9dkb,42,a1,a1_cnnscore_top1,9,7,/home/gwj/work/c1-campaign/URAT1_NLRP3_DualTarget_AIDD_Project/docking_export_20260820/01_phase1_benchmark_URAT1_9DKB/poses/gnina_sdf/mol_06802_out.sdf,1.0,0.6820043325,6.7786064148,6.7786064148,4.623038943205892,2.997868686250274,True,True,2.2253176329943165,True,True,1,N#Cc1ccc(-c2cnccc2Sc2ccccc2C(=O)O)c2ccccc12,active,
mol_06802,urat1_9dkb,42,a2,a2_geometry_then_cnnscore,9,7,/home/gwj/work/c1-campaign/URAT1_NLRP3_DualTarget_AIDD_Project/docking_export_20260820/01_phase1_benchmark_URAT1_9DKB/poses/gnina_sdf/mol_06802_out.sdf,1.0,0.6820043325,6.7786064148,6.7786064148,4.623038943205892,2.997868686250274,True,True,2.2253176329943165,True,True,1,N#Cc1ccc(-c2cnccc2Sc2ccccc2C(=O)O)c2ccccc12,active,
mol_06831,urat1_9dkb,42,a1,a1_cnnscore_top1,9,9,/home/gwj/work/c1-campaign/URAT1_NLRP3_DualTarget_AIDD_Project/docking_export_20260820/01_phase1_benchmark_URAT1_9DKB/poses/gnina_sdf/mol_06831_out.sdf,1.0,0.8114650846,7.8417077065,7.8417077065,6.363272007463495,3.1442802053888217,True,True,0.790131282744979,True,True,1,N#Cc1ccc(Nc2cnccc2SCc2ccccc2C(=O)[O-])c2ccccc12.[Na+],active,
mol_06831,urat1_9dkb,42,a2,a2_geometry_then_cnnscore,9,9,/home/gwj/work/c1-campaign/URAT1_NLRP3_DualTarget_AIDD_Project/docking_export_20260820/01_phase1_benchmark_URAT1_9DKB/poses/gnina_sdf/mol_06831_out.sdf,1.0,0.8114650846,7.8417077065,7.8417077065,6.363272007463495,3.1442802053888217,True,True,0.790131282744979,True,True,1,N#Cc1ccc(Nc2cnccc2SCc2ccccc2C(=O)[O-])c2ccccc12.[Na+],active,
mol_06857,urat1_9dkb,42,a1,a1_cnnscore_top1,9,5,/home/gwj/work/c1-campaign/URAT1_NLRP3_DualTarget_AIDD_Project/docking_export_20260820/01_phase1_benchmark_URAT1_9DKB/poses/gnina_sdf/mol_06857_out.sdf,1.0,0.8513841033,5.9772267342,5.9772267342,5.088915823317655,3.171003598231955,True,True,2.4837896265731167,True,True,1,N#Cc1ccc(SC2(C(=O)O)CCC2)c2ccccc12,active,
mol_06857,urat1_9dkb,42,a2,a2_geometry_then_cnnscore,9,5,/home/gwj/work/c1-campaign/URAT1_NLRP3_DualTarget_AIDD_Project/docking_export_20260820/01_phase1_benchmark_URAT1_9DKB/poses/gnina_sdf/mol_06857_out.sdf,1.0,0.8513841033,5.9772267342,5.9772267342,5.088915823317655,3.171003598231955,True,True,2.4837896265731167,True,True,1,N#Cc1ccc(SC2(C(=O)O)CCC2)c2ccccc12,active,
mol_06859,urat1_9dkb,42,a1,a1_cnnscore_top1,9,7,/home/gwj/work/c1-campaign/URAT1_NLRP3_DualTarget_AIDD_Project/docking_export_20260820/01_phase1_benchmark_URAT1_9DKB/poses/gnina_sdf/mol_06859_out.sdf,1.0,0.843405664,6.1445260048,6.1445260048,5.182328035043612,2.974662962421111,True,True,2.3492170080487607,True,True,1,N#Cc1ccc2nccc(SC3(C(=O)O)CCC3)c2c1,active,
mol_06859,urat1_9dkb,42,a2,a2_geometry_then_cnnscore,9,7,/home/gwj/work/c1-campaign/URAT1_NLRP3_DualTarget_AIDD_Project/docking_export_20260820/01_phase1_benchmark_URAT1_9DKB/poses/gnina_sdf/mol_06859_out.sdf,1.0,0.843405664,6.1445260048,6.1445260048,5.182328035043612,2.974662962421111,True,True,2.3492170080487607,True,True,1,N#Cc1ccc2nccc(SC3(C(=O)O)CCC3)c2c1,active,
mol_08605,urat1_9dkb,42,a1,a1_cnnscore_top1,9,6,/home/gwj/work/c1-campaign/URAT1_NLRP3_DualTarget_AIDD_Project/docking_export_20260820/01_phase1_benchmark_URAT1_9DKB/poses/gnina_sdf/mol_08605_out.sdf,1.0,0.7561733723,6.5368075371,6.5368075371,4.9429597994049645,2.9545680614939296,True,True,1.4584567856959667,True,True,1,O=C(O)/C=C/Cc1cccc2c1OC(c1ccc(Br)c3ccccc13)CC2=O,active,
mol_08605,urat1_9dkb,42,a2,a2_geometry_then_cnnscore,9,6,/home/gwj/work/c1-campaign/URAT1_NLRP3_DualTarget_AIDD_Project/docking_export_20260820/01_phase1_benchmark_URAT1_9DKB/poses/gnina_sdf/mol_08605_out.sdf,1.0,0.7561733723,6.5368075371,6.5368075371,4.9429597994049645,2.9545680614939296,True,True,1.4584567856959667,True,True,1,O=C(O)/C=C/Cc1cccc2c1OC(c1ccc(Br)c3ccccc13)CC2=O,active,
mol_08607,urat1_9dkb,42,a1,a1_cnnscore_top1,9,4,/home/gwj/work/c1-campaign/URAT1_NLRP3_DualTarget_AIDD_Project/docking_export_20260820/01_phase1_benchmark_URAT1_9DKB/poses/gnina_sdf/mol_08607_out.sdf,1.0,0.8733823299,6.8332409859,6.8332409859,5.968031933033514,2.7845937890471495,True,True,1.3572163642086668,True,True,1,O=C(O)C/C=C/Cc1c(O)ccc2c1OC(c1csc3ccccc13)CC2=O,active,
mol_08607,urat1_9dkb,42,a2,a2_geometry_then_cnnscore,9,4,/home/gwj/work/c1-campaign/URAT1_NLRP3_DualTarget_AIDD_Project/docking_export_20260820/01_phase1_benchmark_URAT1_9DKB/poses/gnina_sdf/mol_08607_out.sdf,1.0,0.8733823299,6.8332409859,6.8332409859,5.968031933033514,2.7845937890471495,True,True,1.3572163642086668,True,True,1,O=C(O)C/C=C/Cc1c(O)ccc2c1OC(c1csc3ccccc13)CC2=O,active,
mol_08608,urat1_9dkb,42,a1,a1_cnnscore_top1,9,6,/home/gwj/work/c1-campaign/URAT1_NLRP3_DualTarget_AIDD_Project/docking_export_20260820/01_phase1_benchmark_URAT1_9DKB/poses/gnina_sdf/mol_08608_out.sdf,1.0,0.8992671371,6.1760482788,6.1760482788,5.553917254267858,3.0864161579411067,True,True,2.7623585124110788,True,True,1,O=C(O)C1(Sc2ccnc3cc(Br)ccc23)CCC1,active,
mol_08608,urat1_9dkb,42,a2,a2_geometry_then_cnnscore,9,6,/home/gwj/work/c1-campaign/URAT1_NLRP3_DualTarget_AIDD_Project/docking_export_20260820/01_phase1_benchmark_URAT1_9DKB/poses/gnina_sdf/mol_08608_out.sdf,1.0,0.8992671371,6.1760482788,6.1760482788,5.553917254267858,3.0864161579411067,True,True,2.7623585124110788,True,True,1,O=C(O)C1(Sc2ccnc3cc(Br)ccc23)CCC1,active,
mol_08609,urat1_9dkb,42,a1,a1_cnnscore_top1,9,5,/home/gwj/work/c1-campaign/URAT1_NLRP3_DualTarget_AIDD_Project/docking_export_20260820/01_phase1_benchmark_URAT1_9DKB/poses/gnina_sdf/mol_08609_out.sdf,1.0,0.7980443835,6.6400990486,6.6400990486,5.299093751618923,2.834528357593187,True,True,1.4163218462012617,True,True,1,O=C(O)C1(Sc2ccnc3ccc(-c4ccc(F)cc4)cc23)CCC1,active,
mol_08609,urat1_9dkb,42,a2,a2_geometry_then_cnnscore,9,5,/home/gwj/work/c1-campaign/URAT1_NLRP3_DualTarget_AIDD_Project/docking_export_20260820/01_phase1_benchmark_URAT1_9DKB/poses/gnina_sdf/mol_08609_out.sdf,1.0,0.7980443835,6.6400990486,6.6400990486,5.299093751618923,2.834528357593187,True,True,1.4163218462012617,True,True,1,O=C(O)C1(Sc2ccnc3ccc(-c4ccc(F)cc4)cc23)CCC1,active,
mol_08610,urat1_9dkb,42,a1,a1_cnnscore_top1,9,5,/home/gwj/work/c1-campaign/URAT1_NLRP3_DualTarget_AIDD_Project/docking_export_20260820/01_phase1_benchmark_URAT1_9DKB/poses/gnina_sdf/mol_08610_out.sdf,1.0,0.8262928128,7.4055938721,7.4055938721,6.119188991031952,12.377852903472387,True,False,1.0041717759227362,True,False,1,O=C(O)C1(Sc2ccnc3ccc(-c4cccc(C(F)(F)F)c4)cc23)CCC1,active,
mol_08610,urat1_9dkb,42,a2,a2_geometry_then_cnnscore,9,5,/home/gwj/work/c1-campaign/URAT1_NLRP3_DualTarget_AIDD_Project/docking_export_20260820/01_phase1_benchmark_URAT1_9DKB/poses/gnina_sdf/mol_08610_out.sdf,3.0,0.6280525327,6.7022171021,6.7022171021,4.209344425679159,2.8758102040990083,True,True,1.1880231348289827,True,True,1,O=C(O)C1(Sc2ccnc3ccc(-c4cccc(C(F)(F)F)c4)cc23)CCC1,active,
mol_08611,urat1_9dkb,42,a1,a1_cnnscore_top1,9,7,/home/gwj/work/c1-campaign/URAT1_NLRP3_DualTarget_AIDD_Project/docking_export_20260820/01_phase1_benchmark_URAT1_9DKB/poses/gnina_sdf/mol_08611_out.sdf,1.0,0.7985442877,7.217654705,7.217654705,5.763616935268779,12.363786106609902,True,False,1.0644638481202044,True,False,1,O=C(O)C1(Sc2ccnc3ccc(-c4cccc(F)c4)cc23)CCC1,active,
mol_08611,urat1_9dkb,42,a2,a2_geometry_then_cnnscore,9,7,/home/gwj/work/c1-campaign/URAT1_NLRP3_DualTarget_AIDD_Project/docking_export_20260820/01_phase1_benchmark_URAT1_9DKB/poses/gnina_sdf/mol_08611_out.sdf,2.0,0.6294276714,6.526450634,6.526450634,4.107928625065673,4.789251010335539,True,True,1.0598852680777315,True,True,1,O=C(O)C1(Sc2ccnc3ccc(-c4cccc(F)c4)cc23)CCC1,active,
mol_08612,urat1_9dkb,42,a1,a1_cnnscore_top1,9,2,/home/gwj/work/c1-campaign/URAT1_NLRP3_DualTarget_AIDD_Project/docking_export_20260820/01_phase1_benchmark_URAT1_9DKB/poses/gnina_sdf/mol_08612_out.sdf,1.0,0.807323873,7.4064679146,7.4064679146,5.979418362065105,11.97809948364096,True,False,1.1389581129504025,True,False,1,O=C(O)C1(Sc2ccnc3ccc(-c4ccccc4C(F)(F)F)cc23)CCC1,active,
mol_08612,urat1_9dkb,42,a2,a2_geometry_then_cnnscore,9,2,/home/gwj/work/c1-campaign/URAT1_NLRP3_DualTarget_AIDD_Project/docking_export_20260820/01_phase1_benchmark_URAT1_9DKB/poses/gnina_sdf/mol_08612_out.sdf,6.0,0.5929893255,6.5952033997,6.5952033997,3.91088521552341,2.957467918676372,True,True,3.0627456611109896,True,True,1,O=C(O)C1(Sc2ccnc3ccc(-c4ccccc4C(F)(F)F)cc23)CCC1,active,
mol_08613,urat1_9dkb,42,a1,a1_cnnscore_top1,9,5,/home/gwj/work/c1-campaign/URAT1_NLRP3_DualTarget_AIDD_Project/docking_export_20260820/01_phase1_benchmark_URAT1_9DKB/poses/gnina_sdf/mol_08613_out.sdf,1.0,0.7346507311,7.1532721519,7.1532721519,5.255156616150606,12.509830535622768,True,False,1.1720050490529164,True,False,1,O=C(O)C1(Sc2ccnc3ccc(-c4ccccc4F)cc23)CCC1,active,
mol_08613,urat1_9dkb,42,a2,a2_geometry_then_cnnscore,9,5,/home/gwj/work/c1-campaign/URAT1_NLRP3_DualTarget_AIDD_Project/docking_export_20260820/01_phase1_benchmark_URAT1_9DKB/poses/gnina_sdf/mol_08613_out.sdf,2.0,0.7021611929,6.7417054176,6.7417054176,4.733763918202409,2.9706888999018313,True,True,1.3588103546029648,True,True,1,O=C(O)C1(Sc2ccnc3ccc(-c4ccccc4F)cc23)CCC1,active,
mol_08614,urat1_9dkb,42,a1,a1_cnnscore_top1,9,4,/home/gwj/work/c1-campaign/URAT1_NLRP3_DualTarget_AIDD_Project/docking_export_20260820/01_phase1_benchmark_URAT1_9DKB/poses/gnina_sdf/mol_08614_out.sdf,1.0,0.8057509065,5.9296994209,5.9296994209,4.7778606836627,11.073151913073346,True,False,1.7680451327134559,True,False,1,O=C(O)C1(Sc2ccnc3ccc(Br)cc23)CC1,active,
mol_08614,urat1_9dkb,42,a2,a2_geometry_then_cnnscore,9,4,/home/gwj/work/c1-campaign/URAT1_NLRP3_DualTarget_AIDD_Project/docking_export_20260820/01_phase1_benchmark_URAT1_9DKB/poses/gnina_sdf/mol_08614_out.sdf,4.0,0.7072739005,5.7911038399,5.7911038399,4.095896601046601,3.150986754970567,True,True,2.8966039153396816,True,True,1,O=C(O)C1(Sc2ccnc3ccc(Br)cc23)CC1,active,
mol_08615,urat1_9dkb,42,a1,a1_cnnscore_top1,9,6,/home/gwj/work/c1-campaign/URAT1_NLRP3_DualTarget_AIDD_Project/docking_export_20260820/01_phase1_benchmark_URAT1_9DKB/poses/gnina_sdf/mol_08615_out.sdf,1.0,0.8070768118,5.7900180817,5.7900180817,4.672989333642788,3.1557100326233996,True,True,2.385993162526973,True,True,1,O=C(O)C1(Sc2ccnc3ccc(Br)cc23)CCC1,active,
mol_08615,urat1_9dkb,42,a2,a2_geometry_then_cnnscore,9,6,/home/gwj/work/c1-campaign/URAT1_NLRP3_DualTarget_AIDD_Project/docking_export_20260820/01_phase1_benchmark_URAT1_9DKB/poses/gnina_sdf/mol_08615_out.sdf,1.0,0.8070768118,5.7900180817,5.7900180817,4.672989333642788,3.1557100326233996,True,True,2.385993162526973,True,True,1,O=C(O)C1(Sc2ccnc3ccc(Br)cc23)CCC1,active,
mol_08616,urat1_9dkb,42,a1,a1_cnnscore_top1,9,8,/home/gwj/work/c1-campaign/URAT1_NLRP3_DualTarget_AIDD_Project/docking_export_20260820/01_phase1_benchmark_URAT1_9DKB/poses/gnina_sdf/mol_08616_out.sdf,1.0,0.8233323693,6.1746668816,6.1746668816,5.0838031132659705,2.9940257463822832,True,True,2.481839416782886,True,True,1,O=C(O)C1(Sc2ccnc3ccc(Br)cc23)CCCC1,active,
mol_08616,urat1_9dkb,42,a2,a2_geometry_then_cnnscore,9,8,/home/gwj/work/c1-campaign/URAT1_NLRP3_DualTarget_AIDD_Project/docking_export_20260820/01_phase1_benchmark_URAT1_9DKB/poses/gnina_sdf/mol_08616_out.sdf,1.0,0.8233323693,6.1746668816,6.1746668816,5.0838031132659705,2.9940257463822832,True,True,2.481839416782886,True,True,1,O=C(O)C1(Sc2ccnc3ccc(Br)cc23)CCCC1,active,
mol_08617,urat1_9dkb,42,a1,a1_cnnscore_top1,9,4,/home/gwj/work/c1-campaign/URAT1_NLRP3_DualTarget_AIDD_Project/docking_export_20260820/01_phase1_benchmark_URAT1_9DKB/poses/gnina_sdf/mol_08617_out.sdf,1.0,0.7473335862,6.3634428978,6.3634428978,4.755614601391794,10.704949465550962,True,False,1.5503757137665772,True,False,1,O=C(O)C1(Sc2ccnc3ccc(C(F)(F)F)cc23)CCC1,active,
mol_08617,urat1_9dkb,42,a2,a2_geometry_then_cnnscore,9,4,/home/gwj/work/c1-campaign/URAT1_NLRP3_DualTarget_AIDD_Project/docking_export_20260820/01_phase1_benchmark_URAT1_9DKB/poses/gnina_sdf/mol_08617_out.sdf,4.0,0.6214420795,5.7323832512,5.7323832512,3.5623441681166987,3.1447027172691437,True,True,1.6365895858022967,True,True,1,O=C(O)C1(Sc2ccnc3ccc(C(F)(F)F)cc23)CCC1,active,
mol_08618,urat1_9dkb,42,a1,a1_cnnscore_top1,9,6,/home/gwj/work/c1-campaign/URAT1_NLRP3_DualTarget_AIDD_Project/docking_export_20260820/01_phase1_benchmark_URAT1_9DKB/poses/gnina_sdf/mol_08618_out.sdf,1.0,0.8096207976,6.5597949028,6.5597949028,5.310946381297351,3.1082292997782477,True,True,1.1947346079045513,True,True,1,O=C(O)C1(Sc2ccnc3ccc(C4CC4)cc23)CCC1,active,
mol_08618,urat1_9dkb,42,a2,a2_geometry_then_cnnscore,9,6,/home/gwj/work/c1-campaign/URAT1_NLRP3_DualTarget_AIDD_Project/docking_export_20260820/01_phase1_benchmark_URAT1_9DKB/poses/gnina_sdf/mol_08618_out.sdf,1.0,0.8096207976,6.5597949028,6.5597949028,5.310946381297351,3.1082292997782477,True,True,1.1947346079045513,True,True,1,O=C(O)C1(Sc2ccnc3ccc(C4CC4)cc23)CCC1,active,
mol_08619,urat1_9dkb,42,a1,a1_cnnscore_top1,9,5,/home/gwj/work/c1-campaign/URAT1_NLRP3_DualTarget_AIDD_Project/docking_export_20260820/01_phase1_benchmark_URAT1_9DKB/poses/gnina_sdf/mol_08619_out.sdf,1.0,0.8462781906,6.3326721191,6.3326721191,5.3592023026150155,11.040828013333055,True,False,2.2001528807023814,True,False,1,O=C(O)C1(Sc2ccnc3ccc(F)cc23)CCC1,active,
mol_08619,urat1_9dkb,42,a2,a2_geometry_then_cnnscore,9,5,/home/gwj/work/c1-campaign/URAT1_NLRP3_DualTarget_AIDD_Project/docking_export_20260820/01_phase1_benchmark_URAT1_9DKB/poses/gnina_sdf/mol_08619_out.sdf,3.0,0.738951683,5.8127632141,5.8127632141,4.295351159939685,3.0502120090249414,True,True,2.479349631945606,True,True,1,O=C(O)C1(Sc2ccnc3ccc(F)cc23)CCC1,active,
mol_08620,urat1_9dkb,42,a1,a1_cnnscore_top1,9,9,/home/gwj/work/c1-campaign/URAT1_NLRP3_DualTarget_AIDD_Project/docking_export_20260820/01_phase1_benchmark_URAT1_9DKB/poses/gnina_sdf/mol_08620_out.sdf,1.0,0.784583509,5.6113510132,5.6113510132,4.402573468167161,3.089835584622577,True,True,2.7231630727155993,True,True,1,O=C(O)C1(Sc2ccnc3ccccc23)CCC1,active,
mol_08620,urat1_9dkb,42,a2,a2_geometry_then_cnnscore,9,9,/home/gwj/work/c1-campaign/URAT1_NLRP3_DualTarget_AIDD_Project/docking_export_20260820/01_phase1_benchmark_URAT1_9DKB/poses/gnina_sdf/mol_08620_out.sdf,1.0,0.784583509,5.6113510132,5.6113510132,4.402573468167161,3.089835584622577,True,True,2.7231630727155993,True,True,1,O=C(O)C1(Sc2ccnc3ccccc23)CCC1,active,
mol_08621,urat1_9dkb,42,a1,a1_cnnscore_top1,9,7,/home/gwj/work/c1-campaign/URAT1_NLRP3_DualTarget_AIDD_Project/docking_export_20260820/01_phase1_benchmark_URAT1_9DKB/poses/gnina_sdf/mol_08621_out.sdf,1.0,0.7983167768,7.2638449669,7.2638449669,5.7988493011505104,3.9645707611291243,True,True,1.4030436075124437,True,True,1,O=C(O)CC1(CSc2ccncc2-c2ccc(C3(O)CC3)cc2)CC1,active,
mol_08621,urat1_9dkb,42,a2,a2_geometry_then_cnnscore,9,7,/home/gwj/work/c1-campaign/URAT1_NLRP3_DualTarget_AIDD_Project/docking_export_20260820/01_phase1_benchmark_URAT1_9DKB/poses/gnina_sdf/mol_08621_out.sdf,1.0,0.7983167768,7.2638449669,7.2638449669,5.7988493011505104,3.9645707611291243,True,True,1.4030436075124437,True,True,1,O=C(O)CC1(CSc2ccncc2-c2ccc(C3(O)CC3)cc2)CC1,active,
mol_08622,urat1_9dkb,42,a1,a1_cnnscore_top1,9,9,/home/gwj/work/c1-campaign/URAT1_NLRP3_DualTarget_AIDD_Project/docking_export_20260820/01_phase1_benchmark_URAT1_9DKB/poses/gnina_sdf/mol_08622_out.sdf,1.0,0.9062069654,7.5450949669,7.5450949669,6.837417613609262,3.0080020212759155,True,True,1.071449450062551,True,True,1,O=C(O)CC1(CSc2ccncc2C2=CC=C(CO)CC2)CC1,active,
mol_08622,urat1_9dkb,42,a2,a2_geometry_then_cnnscore,9,9,/home/gwj/work/c1-campaign/URAT1_NLRP3_DualTarget_AIDD_Project/docking_export_20260820/01_phase1_benchmark_URAT1_9DKB/poses/gnina_sdf/mol_08622_out.sdf,1.0,0.9062069654,7.5450949669,7.5450949669,6.837417613609262,3.0080020212759155,True,True,1.071449450062551,True,True,1,O=C(O)CC1(CSc2ccncc2C2=CC=C(CO)CC2)CC1,active,
mol_08623,urat1_9dkb,42,a1,a1_cnnscore_top1,9,1,/home/gwj/work/c1-campaign/URAT1_NLRP3_DualTarget_AIDD_Project/docking_export_20260820/01_phase1_benchmark_URAT1_9DKB/poses/gnina_sdf/mol_08623_out.sdf,1.0,0.959215939,7.7938761711,7.7938761711,7.476010249911411,12.496947468081945,True,False,1.1288246181237065,True,False,1,O=C(O)CCCCN(c1cccc(F)c1)c1ccnc2ccc(C(F)(F)F)cc12,active,
mol_08623,urat1_9dkb,42,a2,a2_geometry_then_cnnscore,9,1,/home/gwj/work/c1-campaign/URAT1_NLRP3_DualTarget_AIDD_Project/docking_export_20260820/01_phase1_benchmark_URAT1_9DKB/poses/gnina_sdf/mol_08623_out.sdf,8.0,0.8520945907,7.2351436615,7.2351436615,6.165026776901542,3.008812116101624,True,True,1.0656920385703812,True,True,1,O=C(O)CCCCN(c1cccc(F)c1)c1ccnc2ccc(C(F)(F)F)cc12,active,
mol_08624,urat1_9dkb,42,a1,a1_cnnscore_top1,9,2,/home/gwj/work/c1-campaign/URAT1_NLRP3_DualTarget_AIDD_Project/docking_export_20260820/01_phase1_benchmark_URAT1_9DKB/poses/gnina_sdf/mol_08624_out.sdf,1.0,0.9373378754,7.2252011299,7.2252011299,6.772454676438146,2.854562693303473,True,True,1.2401831190661314,True,True,1,O=C(O)CCCN(c1ccc(Cl)cc1)c1ccnc2ccc(C(F)(F)F)cc12,active,
mol_08624,urat1_9dkb,42,a2,a2_geometry_then_cnnscore,9,2,/home/gwj/work/c1-campaign/URAT1_NLRP3_DualTarget_AIDD_Project/docking_export_20260820/01_phase1_benchmark_URAT1_9DKB/poses/gnina_sdf/mol_08624_out.sdf,1.0,0.9373378754,7.2252011299,7.2252011299,6.772454676438146,2.854562693303473,True,True,1.2401831190661314,True,True,1,O=C(O)CCCN(c1ccc(Cl)cc1)c1ccnc2ccc(C(F)(F)F)cc12,active,
mol_08625,urat1_9dkb,42,a1,a1_cnnscore_top1,9,3,/home/gwj/work/c1-campaign/URAT1_NLRP3_DualTarget_AIDD_Project/docking_export_20260820/01_phase1_benchmark_URAT1_9DKB/poses/gnina_sdf/mol_08625_out.sdf,1.0,0.9347587824,7.4505772591,7.4505772591,6.964492526893445,12.575243198443518,True,False,0.738372344143205,True,False,1,O=C(O)CCCN(c1cccc(Br)c1)c1ccnc2ccc(C(F)(F)F)cc12,active,
mol_08625,urat1_9dkb,42,a2,a2_geometry_then_cnnscore,9,3,/home/gwj/work/c1-campaign/URAT1_NLRP3_DualTarget_AIDD_Project/docking_export_20260820/01_phase1_benchmark_URAT1_9DKB/poses/gnina_sdf/mol_08625_out.sdf,2.0,0.927524209,7.220770359,7.220770359,6.6974393156021215,3.0342879296467573,True,True,1.4013515246050987,True,True,1,O=C(O)CCCN(c1cccc(Br)c1)c1ccnc2ccc(C(F)(F)F)cc12,active,
mol_08626,urat1_9dkb,42,a1,a1_cnnscore_top1,9,8,/home/gwj/work/c1-campaign/URAT1_NLRP3_DualTarget_AIDD_Project/docking_export_20260820/01_phase1_benchmark_URAT1_9DKB/poses/gnina_sdf/mol_08626_out.sdf,1.0,0.9023621678,7.3009953499,7.3009953499,6.588141991033484,2.9845687293141663,True,True,1.3738372383851873,True,True,1,O=C(O)CCCN(c1cccc(F)c1)c1ccnc2ccc(-c3ccc(F)cc3)cc12,active,
mol_08626,urat1_9dkb,42,a2,a2_geometry_then_cnnscore,9,8,/home/gwj/work/c1-campaign/URAT1_NLRP3_DualTarget_AIDD_Project/docking_export_20260820/01_phase1_benchmark_URAT1_9DKB/poses/gnina_sdf/mol_08626_out.sdf,1.0,0.9023621678,7.3009953499,7.3009953499,6.588141991033484,2.9845687293141663,True,True,1.3738372383851873,True,True,1,O=C(O)CCCN(c1cccc(F)c1)c1ccnc2ccc(-c3ccc(F)cc3)cc12,active,
mol_08627,urat1_9dkb,42,a1,a1_cnnscore_top1,9,4,/home/gwj/work/c1-campaign/URAT1_NLRP3_DualTarget_AIDD_Project/docking_export_20260820/01_phase1_benchmark_URAT1_9DKB/poses/gnina_sdf/mol_08627_out.sdf,1.0,0.9560079575,7.3759942055,7.3759942055,7.05150915493189,12.291871456373112,True,False,0.6560913256716194,True,False,1,O=C(O)CCCN(c1cccc(F)c1)c1ccnc2ccc(Br)cc12,active,
mol_08627,urat1_9dkb,42,a2,a2_geometry_then_cnnscore,9,4,/home/gwj/work/c1-campaign/URAT1_NLRP3_DualTarget_AIDD_Project/docking_export_20260820/01_phase1_benchmark_URAT1_9DKB/poses/gnina_sdf/mol_08627_out.sdf,3.0,0.9476535916,7.0669741631,7.0669741631,6.697043447406119,2.8707006305081677,True,True,1.2487402135411838,True,True,1,O=C(O)CCCN(c1cccc(F)c1)c1ccnc2ccc(Br)cc12,active,
mol_08628,urat1_9dkb,42,a1,a1_cnnscore_top1,9,3,/home/gwj/work/c1-campaign/URAT1_NLRP3_DualTarget_AIDD_Project/docking_export_20260820/01_phase1_benchmark_URAT1_9DKB/poses/gnina_sdf/mol_08628_out.sdf,1.0,0.9171250463,7.1899056435,7.1899056435,6.594042546187569,12.366291137604675,True,False,0.7930223196793493,True,False,1,O=C(O)CCCN(c1cccc(F)c1)c1ccnc2ccc(C(F)(F)F)cc12,active,
mol_08628,urat1_9dkb,42,a2,a2_geometry_then_cnnscore,9,3,/home/gwj/work/c1-campaign/URAT1_NLRP3_DualTarget_AIDD_Project/docking_export_20260820/01_phase1_benchmark_URAT1_9DKB/poses/gnina_sdf/mol_08628_out.sdf,5.0,0.8738483787,7.0278258324,7.0278258324,6.141254209428717,3.0716294519358947,True,True,1.1630317836580122,True,True,1,O=C(O)CCCN(c1cccc(F)c1)c1ccnc2ccc(C(F)(F)F)cc12,active,
mol_08629,urat1_9dkb,42,a1,a1_cnnscore_top1,9,3,/home/gwj/work/c1-campaign/URAT1_NLRP3_DualTarget_AIDD_Project/docking_export_20260820/01_phase1_benchmark_URAT1_9DKB/poses/gnina_sdf/mol_08629_out.sdf,1.0,0.9331114888,6.6573848724,6.6573848724,6.212082309799762,2.760823109146985,True,True,1.2948657609062562,True,True,1,O=C(O)CCCN(c1cccc(F)c1)c1ccnc2ccccc12,active,
mol_08629,urat1_9dkb,42,a2,a2_geometry_then_cnnscore,9,3,/home/gwj/work/c1-campaign/URAT1_NLRP3_DualTarget_AIDD_Project/docking_export_20260820/01_phase1_benchmark_URAT1_9DKB/poses/gnina_sdf/mol_08629_out.sdf,1.0,0.9331114888,6.6573848724,6.6573848724,6.212082309799762,2.760823109146985,True,True,1.2948657609062562,True,True,1,O=C(O)CCCN(c1cccc(F)c1)c1ccnc2ccccc12,active,
mol_08630,urat1_9dkb,42,a1,a1_cnnscore_top1,9,3,/home/gwj/work/c1-campaign/URAT1_NLRP3_DualTarget_AIDD_Project/docking_export_20260820/01_phase1_benchmark_URAT1_9DKB/poses/gnina_sdf/mol_08630_out.sdf,1.0,0.9025489092,7.0976252556,7.0976252556,6.40595393235215,2.8536402260971783,True,True,1.4073429373415458,True,True,1,O=C(O)CCCN(c1ccccc1F)c1ccnc2ccc(C(F)(F)F)cc12,active,
mol_08630,urat1_9dkb,42,a2,a2_geometry_then_cnnscore,9,3,/home/gwj/work/c1-campaign/URAT1_NLRP3_DualTarget_AIDD_Project/docking_export_20260820/01_phase1_benchmark_URAT1_9DKB/poses/gnina_sdf/mol_08630_out.sdf,1.0,0.9025489092,7.0976252556,7.0976252556,6.40595393235215,2.8536402260971783,True,True,1.4073429373415458,True,True,1,O=C(O)CCCN(c1ccccc1F)c1ccnc2ccc(C(F)(F)F)cc12,active,
mol_08634,urat1_9dkb,42,a1,a1_cnnscore_top1,9,1,/home/gwj/work/c1-campaign/URAT1_NLRP3_DualTarget_AIDD_Project/docking_export_20260820/01_phase1_benchmark_URAT1_9DKB/poses/gnina_sdf/mol_08634_out.sdf,1.0,0.8283150196,7.0125083923,7.0125083923,5.808566026413139,12.804319712503267,True,False,1.356873072309106,True,False,1,O=C(O)CCc1cc2c(Cc3c(Cl)cccc3Cl)cccc2s1,active,
mol_08634,urat1_9dkb,42,a2,a2_geometry_then_cnnscore,9,1,/home/gwj/work/c1-campaign/URAT1_NLRP3_DualTarget_AIDD_Project/docking_export_20260820/01_phase1_benchmark_URAT1_9DKB/poses/gnina_sdf/mol_08634_out.sdf,8.0,0.7144078612,6.5913567543,6.5913567543,4.7089170812456365,2.963390026641788,True,True,1.3193520667664518,True,True,1,O=C(O)CCc1cc2c(Cc3c(Cl)cccc3Cl)cccc2s1,active,
mol_08635,urat1_9dkb,42,a1,a1_cnnscore_top1,9,2,/home/gwj/work/c1-campaign/URAT1_NLRP3_DualTarget_AIDD_Project/docking_export_20260820/01_phase1_benchmark_URAT1_9DKB/poses/gnina_sdf/mol_08635_out.sdf,1.0,0.9255942702,6.8004212379,6.8004212379,6.294430932746631,2.949372302711207,True,True,1.8021143946370877,True,True,1,O=C(O)CCc1nnc(Br)n1Cc1ccc(Br)c2ccccc12,active,
mol_08635,urat1_9dkb,42,a2,a2_geometry_then_cnnscore,9,2,/home/gwj/work/c1-campaign/URAT1_NLRP3_DualTarget_AIDD_Project/docking_export_20260820/01_phase1_benchmark_URAT1_9DKB/poses/gnina_sdf/mol_08635_out.sdf,1.0,0.9255942702,6.8004212379,6.8004212379,6.294430932746631,2.949372302711207,True,True,1.8021143946370877,True,True,1,O=C(O)CCc1nnc(Br)n1Cc1ccc(Br)c2ccccc12,active,
mol_08636,urat1_9dkb,42,a1,a1_cnnscore_top1,9,4,/home/gwj/work/c1-campaign/URAT1_NLRP3_DualTarget_AIDD_Project/docking_export_20260820/01_phase1_benchmark_URAT1_9DKB/poses/gnina_sdf/mol_08636_out.sdf,1.0,0.8473483324,6.6781654358,6.6781654358,5.65873234551645,3.057449849138979,True,True,1.16296536171184,True,True,1,O=C(O)CCc1nnc(Br)n1Cc1ccc(C2CC2)c2ccccc12,active,
mol_08636,urat1_9dkb,42,a2,a2_geometry_then_cnnscore,9,4,/home/gwj/work/c1-campaign/URAT1_NLRP3_DualTarget_AIDD_Project/docking_export_20260820/01_phase1_benchmark_URAT1_9DKB/poses/gnina_sdf/mol_08636_out.sdf,1.0,0.8473483324,6.6781654358,6.6781654358,5.65873234551645,3.057449849138979,True,True,1.16296536171184,True,True,1,O=C(O)CCc1nnc(Br)n1Cc1ccc(C2CC2)c2ccccc12,active,
mol_08639,urat1_9dkb,42,a1,a1_cnnscore_top1,9,3,/home/gwj/work/c1-campaign/URAT1_NLRP3_DualTarget_AIDD_Project/docking_export_20260820/01_phase1_benchmark_URAT1_9DKB/poses/gnina_sdf/mol_08639_out.sdf,1.0,0.8948314786,6.9372940063,6.9372940063,6.207709053140347,13.073083071334015,True,False,0.8008203639607466,True,False,1,O=C(O)CSc1nnc(Br)n1Cc1ccc(Br)c2ccccc12,active,
mol_08639,urat1_9dkb,42,a2,a2_geometry_then_cnnscore,9,3,/home/gwj/work/c1-campaign/URAT1_NLRP3_DualTarget_AIDD_Project/docking_export_20260820/01_phase1_benchmark_URAT1_9DKB/poses/gnina_sdf/mol_08639_out.sdf,2.0,0.8713320494,5.8273410797,5.8273410797,5.077549045527809,3.0053407993104426,True,True,1.8662960166418028,True,True,1,O=C(O)CSc1nnc(Br)n1Cc1ccc(Br)c2ccccc12,active,
mol_08640,urat1_9dkb,42,a1,a1_cnnscore_top1,9,5,/home/gwj/work/c1-campaign/URAT1_NLRP3_DualTarget_AIDD_Project/docking_export_20260820/01_phase1_benchmark_URAT1_9DKB/poses/gnina_sdf/mol_08640_out.sdf,1.0,0.907774508,7.2623419762,7.2623419762,6.592568914372703,14.38720700553099,True,False,1.3572504426750274,True,False,1,O=C(O)CSc1nnc(Br)n1Cc1ccc(C2CC2)c2ccccc12,active,
mol_08640,urat1_9dkb,42,a2,a2_geometry_then_cnnscore,9,5,/home/gwj/work/c1-campaign/URAT1_NLRP3_DualTarget_AIDD_Project/docking_export_20260820/01_phase1_benchmark_URAT1_9DKB/poses/gnina_sdf/mol_08640_out.sdf,2.0,0.8668625355,6.7299880981,6.7299880981,5.8339745466037884,3.0371580828136095,True,True,1.1368787776622897,True,True,1,O=C(O)CSc1nnc(Br)n1Cc1ccc(C2CC2)c2ccccc12,active,
mol_08641,urat1_9dkb,42,a1,a1_cnnscore_top1,9,4,/home/gwj/work/c1-campaign/URAT1_NLRP3_DualTarget_AIDD_Project/docking_export_20260820/01_phase1_benchmark_URAT1_9DKB/poses/gnina_sdf/mol_08641_out.sdf,1.0,0.8815968037,7.1069145203,7.1069145203,6.2654331252655995,14.205248995001812,True,False,1.2905537028331124,True,False,1,O=C(O)CSc1nnc(Cl)n1Cc1ccc(C2CC2)c2ccccc12,active,
mol_08641,urat1_9dkb,42,a2,a2_geometry_then_cnnscore,9,4,/home/gwj/work/c1-campaign/URAT1_NLRP3_DualTarget_AIDD_Project/docking_export_20260820/01_phase1_benchmark_URAT1_9DKB/poses/gnina_sdf/mol_08641_out.sdf,2.0,0.8453668356,6.6348309517,6.6348309517,5.608866046379565,2.790410803089747,True,True,1.114579616485754,True,True,1,O=C(O)CSc1nnc(Cl)n1Cc1ccc(C2CC2)c2ccccc12,active,
mol_08642,urat1_9dkb,42,a1,a1_cnnscore_top1,9,4,/home/gwj/work/c1-campaign/URAT1_NLRP3_DualTarget_AIDD_Project/docking_export_20260820/01_phase1_benchmark_URAT1_9DKB/poses/gnina_sdf/mol_08642_out.sdf,1.0,0.9219584465,7.3922729492,7.3922729492,6.815368484348405,14.216044285243344,True,False,1.428594999876528,True,False,1,O=C(O)CSc1nnc(I)n1Cc1ccc(C2CC2)c2ccccc12,active,
mol_08642,urat1_9dkb,42,a2,a2_geometry_then_cnnscore,9,4,/home/gwj/work/c1-campaign/URAT1_NLRP3_DualTarget_AIDD_Project/docking_export_20260820/01_phase1_benchmark_URAT1_9DKB/poses/gnina_sdf/mol_08642_out.sdf,2.0,0.8809921741,6.8160171509,6.8160171509,6.004857768474278,3.002302018451837,True,True,0.8072933256457651,True,True,1,O=C(O)CSc1nnc(I)n1Cc1ccc(C2CC2)c2ccccc12,active,
mol_08643,urat1_9dkb,42,a1,a1_cnnscore_top1,9,2,/home/gwj/work/c1-campaign/URAT1_NLRP3_DualTarget_AIDD_Project/docking_export_20260820/01_phase1_benchmark_URAT1_9DKB/poses/gnina_sdf/mol_08643_out.sdf,1.0,0.8749834895,7.1186156273,7.1186156273,6.228671141984186,13.65091663076146,True,False,0.8809001080456628,True,False,1,O=C(O)Cc1ccc2c(C3CC3)nn(Cc3c(Cl)cccc3Cl)c2c1,active,
mol_08643,urat1_9dkb,42,a2,a2_geometry_then_cnnscore,9,2,/home/gwj/work/c1-campaign/URAT1_NLRP3_DualTarget_AIDD_Project/docking_export_20260820/01_phase1_benchmark_URAT1_9DKB/poses/gnina_sdf/mol_08643_out.sdf,7.0,0.7195330262,6.8368554115,6.8368554115,4.919343263928441,2.9505703482547294,True,True,0.8398874737996448,True,True,1,O=C(O)Cc1ccc2c(C3CC3)nn(Cc3c(Cl)cccc3Cl)c2c1,active,
mol_08653,urat1_9dkb,42,a1,a1_cnnscore_top1,9,9,/home/gwj/work/c1-campaign/URAT1_NLRP3_DualTarget_AIDD_Project/docking_export_20260820/01_phase1_benchmark_URAT1_9DKB/poses/gnina_sdf/mol_08653_out.sdf,1.0,0.7618393302,7.100353241,7.100353241,5.40932835730684,3.3059883015521976,True,True,1.20166235934757,True,True,1,O=C(O)c1ccccc1-c1ccccc1-c1nc(-c2ccncc2Cl)no1,active,
mol_08653,urat1_9dkb,42,a2,a2_geometry_then_cnnscore,9,9,/home/gwj/work/c1-campaign/URAT1_NLRP3_DualTarget_AIDD_Project/docking_export_20260820/01_phase1_benchmark_URAT1_9DKB/poses/gnina_sdf/mol_08653_out.sdf,1.0,0.7618393302,7.100353241,7.100353241,5.40932835730684,3.3059883015521976,True,True,1.20166235934757,True,True,1,O=C(O)c1ccccc1-c1ccccc1-c1nc(-c2ccncc2Cl)no1,active,
mol_08654,urat1_9dkb,42,a1,a1_cnnscore_top1,9,6,/home/gwj/work/c1-campaign/URAT1_NLRP3_DualTarget_AIDD_Project/docking_export_20260820/01_phase1_benchmark_URAT1_9DKB/poses/gnina_sdf/mol_08654_out.sdf,1.0,0.6340142488,5.575881958,5.575881958,3.5351886109988433,3.3993901011799053,True,True,3.8090837006523217,True,True,1,O=C(O)c1ccccc1-c1ccccc1C(=O)N1CCCc2ccccc21,active,
mol_08654,urat1_9dkb,42,a2,a2_geometry_then_cnnscore,9,6,/home/gwj/work/c1-campaign/URAT1_NLRP3_DualTarget_AIDD_Project/docking_export_20260820/01_phase1_benchmark_URAT1_9DKB/poses/gnina_sdf/mol_08654_out.sdf,1.0,0.6340142488,5.575881958,5.575881958,3.5351886109988433,3.3993901011799053,True,True,3.8090837006523217,True,True,1,O=C(O)c1ccccc1-c1ccccc1C(=O)N1CCCc2ccccc21,active,
mol_08655,urat1_9dkb,42,a1,a1_cnnscore_top1,9,3,/home/gwj/work/c1-campaign/URAT1_NLRP3_DualTarget_AIDD_Project/docking_export_20260820/01_phase1_benchmark_URAT1_9DKB/poses/gnina_sdf/mol_08655_out.sdf,1.0,0.9146168232,7.0149283409,7.0149283409,6.415971474129605,14.189841386358053,True,False,2.4042254806454566,True,False,1,O=C(O)c1cnc2c(Cl)nn(Cc3c(Cl)cccc3Cl)c2c1,active,
mol_08655,urat1_9dkb,42,a2,a2_geometry_then_cnnscore,9,3,/home/gwj/work/c1-campaign/URAT1_NLRP3_DualTarget_AIDD_Project/docking_export_20260820/01_phase1_benchmark_URAT1_9DKB/poses/gnina_sdf/mol_08655_out.sdf,6.0,0.721485436,6.309902668,6.309902668,4.552502877539544,3.0143755174164966,True,True,1.556139145533851,True,True,1,O=C(O)c1cnc2c(Cl)nn(Cc3c(Cl)cccc3Cl)c2c1,active,
mol_08759,urat1_9dkb,42,a1,a1_cnnscore_top1,9,1,/home/gwj/work/c1-campaign/URAT1_NLRP3_DualTarget_AIDD_Project/docking_export_20260820/01_phase1_benchmark_URAT1_9DKB/poses/gnina_sdf/mol_08759_out.sdf,1.0,0.9180216193,6.7715163231,6.7715163231,6.216398380048644,2.9847398898396458,True,True,1.5171603430170448,True,True,1,O=C([O-])CCCc1nnc(Br)n1Cc1ccc(Br)c2ccccc12.[Na+],active,
mol_08759,urat1_9dkb,42,a2,a2_geometry_then_cnnscore,9,1,/home/gwj/work/c1-campaign/URAT1_NLRP3_DualTarget_AIDD_Project/docking_export_20260820/01_phase1_benchmark_URAT1_9DKB/poses/gnina_sdf/mol_08759_out.sdf,1.0,0.9180216193,6.7715163231,6.7715163231,6.216398380048644,2.9847398898396458,True,True,1.5171603430170448,True,True,1,O=C([O-])CCCc1nnc(Br)n1Cc1ccc(Br)c2ccccc12.[Na+],active,
mol_08765,urat1_9dkb,42,a1,a1_cnnscore_top1,9,3,/home/gwj/work/c1-campaign/URAT1_NLRP3_DualTarget_AIDD_Project/docking_export_20260820/01_phase1_benchmark_URAT1_9DKB/poses/gnina_sdf/mol_08765_out.sdf,1.0,0.8948314786,6.9372940063,6.9372940063,6.207709053140347,13.073083071334015,True,False,0.8008203639607466,True,False,1,O=C([O-])CSc1nnc(Br)n1Cc1ccc(Br)c2ccccc12.[Na+],active,
mol_08765,urat1_9dkb,42,a2,a2_geometry_then_cnnscore,9,3,/home/gwj/work/c1-campaign/URAT1_NLRP3_DualTarget_AIDD_Project/docking_export_20260820/01_phase1_benchmark_URAT1_9DKB/poses/gnina_sdf/mol_08765_out.sdf,2.0,0.8713320494,5.8273410797,5.8273410797,5.077549045527809,3.0053407993104426,True,True,1.8662960166418028,True,True,1,O=C([O-])CSc1nnc(Br)n1Cc1ccc(Br)c2ccccc12.[Na+],active,
mol_08766,urat1_9dkb,42,a1,a1_cnnscore_top1,9,3,/home/gwj/work/c1-campaign/URAT1_NLRP3_DualTarget_AIDD_Project/docking_export_20260820/01_phase1_benchmark_URAT1_9DKB/poses/gnina_sdf/mol_08766_out.sdf,1.0,0.7912361026,5.9617295265,5.9617295265,4.717135635303204,13.664378073662915,True,False,2.1912329095680185,True,False,1,O=C([O-])CSc1nnc(Br)n1Cc1cccs1.[Na+],active,
mol_08766,urat1_9dkb,42,a2,a2_geometry_then_cnnscore,9,3,/home/gwj/work/c1-campaign/URAT1_NLRP3_DualTarget_AIDD_Project/docking_export_20260820/01_phase1_benchmark_URAT1_9DKB/poses/gnina_sdf/mol_08766_out.sdf,2.0,0.7606108189,5.0321726799,5.0321726799,3.827524982904947,2.997509936597368,True,True,2.223726008784761,True,True,1,O=C([O-])CSc1nnc(Br)n1Cc1cccs1.[Na+],active,
mol_09689,urat1_9dkb,42,a1,a1_cnnscore_top1,9,2,/home/gwj/work/c1-campaign/URAT1_NLRP3_DualTarget_AIDD_Project/docking_export_20260820/01_phase1_benchmark_URAT1_9DKB/poses/gnina_sdf/mol_09689_out.sdf,1.0,0.9196025729,6.7750778198,6.7750778198,6.230378994685803,14.31982892844743,True,False,2.306878915051352,True,False,1,[C-]#[N+]c1nn(Cc2c(Cl)cccc2Cl)c2cc(C(=O)O)ccc12,active,
mol_09689,urat1_9dkb,42,a2,a2_geometry_then_cnnscore,9,2,/home/gwj/work/c1-campaign/URAT1_NLRP3_DualTarget_AIDD_Project/docking_export_20260820/01_phase1_benchmark_URAT1_9DKB/poses/gnina_sdf/mol_09689_out.sdf,4.0,0.7263629436,6.7538318634,6.7538318634,4.905733192878698,5.17640033807277,True,True,1.9766841854164487,True,True,1,[C-]#[N+]c1nn(Cc2c(Cl)cccc2Cl)c2cc(C(=O)O)ccc12,active,
mol_00367,urat1_9dkb,42,a1,a1_cnnscore_top1,9,3,/home/gwj/work/c1-campaign/URAT1_NLRP3_DualTarget_AIDD_Project/docking_export_20260820/01_phase1_benchmark_URAT1_9DKB/poses/gnina_sdf/mol_00367_out.sdf,1.0,0.6019790173,6.0812129974,6.0812129974,3.6607626241668396,14.049166646815737,True,False,3.589647645833252,True,False,0,CC(C)(C)c1ccc(Nc2cncc(-c3ccc(C(=O)O)c(O)c3)c2)cc1,true_decoy,
mol_00367,urat1_9dkb,42,a2,a2_geometry_then_cnnscore,9,3,/home/gwj/work/c1-campaign/URAT1_NLRP3_DualTarget_AIDD_Project/docking_export_20260820/01_phase1_benchmark_URAT1_9DKB/poses/gnina_sdf/mol_00367_out.sdf,6.0,0.3805883527,6.1055526733,6.1055526733,2.3237022342543283,5.9507678807024496,True,True,3.056749858735059,True,True,0,CC(C)(C)c1ccc(Nc2cncc(-c3ccc(C(=O)O)c(O)c3)c2)cc1,true_decoy,
mol_00418,urat1_9dkb,42,a1,a1_cnnscore_top1,9,2,/home/gwj/work/c1-campaign/URAT1_NLRP3_DualTarget_AIDD_Project/docking_export_20260820/01_phase1_benchmark_URAT1_9DKB/poses/gnina_sdf/mol_00418_out.sdf,1.0,0.8513427377,6.1041793823,6.1041793823,5.196748786739177,12.572887991229374,True,False,1.969273720051286,True,False,0,CC(C)(Oc1ccc(C(=O)c2ccc(Cl)cc2)cc1)C(=O)O,true_decoy,
mol_00418,urat1_9dkb,42,a2,a2_geometry_then_cnnscore,9,2,/home/gwj/work/c1-campaign/URAT1_NLRP3_DualTarget_AIDD_Project/docking_export_20260820/01_phase1_benchmark_URAT1_9DKB/poses/gnina_sdf/mol_00418_out.sdf,6.0,0.6116293669,5.2541689873,5.2541689873,3.213604051287913,5.737546006787213,True,True,3.9812893274877332,True,True,0,CC(C)(Oc1ccc(C(=O)c2ccc(Cl)cc2)cc1)C(=O)O,true_decoy,
mol_00450,urat1_9dkb,42,a1,a1_cnnscore_top1,9,7,/home/gwj/work/c1-campaign/URAT1_NLRP3_DualTarget_AIDD_Project/docking_export_20260820/01_phase1_benchmark_URAT1_9DKB/poses/gnina_sdf/mol_00450_out.sdf,1.0,0.8042238355,6.5737833977,6.5737833977,5.286793297844516,10.520779830887063,True,False,0.5615666041473155,True,False,0,CC(C)(Sc1ccncc1C(=O)N1CCOc2ccccc21)C(=O)O,true_decoy,
mol_00450,urat1_9dkb,42,a2,a2_geometry_then_cnnscore,9,7,/home/gwj/work/c1-campaign/URAT1_NLRP3_DualTarget_AIDD_Project/docking_export_20260820/01_phase1_benchmark_URAT1_9DKB/poses/gnina_sdf/mol_00450_out.sdf,3.0,0.4806881845,5.3822569847,5.3822569847,2.587187338487887,3.1559902693132567,True,True,4.980359726416583,True,True,0,CC(C)(Sc1ccncc1C(=O)N1CCOc2ccccc21)C(=O)O,true_decoy,
mol_00451,urat1_9dkb,42,a1,a1_cnnscore_top1,9,4,/home/gwj/work/c1-campaign/URAT1_NLRP3_DualTarget_AIDD_Project/docking_export_20260820/01_phase1_benchmark_URAT1_9DKB/poses/gnina_sdf/mol_00451_out.sdf,1.0,0.6458770037,6.3889980316,6.3889980316,4.126506905295006,12.145459218160505,True,False,1.3145393210125733,True,False,0,CC(C)(Sc1ccncc1C(=O)N1CCc2ccccc2C1)C(=O)O,true_decoy,
mol_00451,urat1_9dkb,42,a2,a2_geometry_then_cnnscore,9,4,/home/gwj/work/c1-campaign/URAT1_NLRP3_DualTarget_AIDD_Project/docking_export_20260820/01_phase1_benchmark_URAT1_9DKB/poses/gnina_sdf/mol_00451_out.sdf,2.0,0.6295653582,6.6457095146,6.6457095146,4.183908491052297,3.8501479581958877,True,True,1.571564979099982,True,True,0,CC(C)(Sc1ccncc1C(=O)N1CCc2ccccc2C1)C(=O)O,true_decoy,
mol_00452,urat1_9dkb,42,a1,a1_cnnscore_top1,9,4,/home/gwj/work/c1-campaign/URAT1_NLRP3_DualTarget_AIDD_Project/docking_export_20260820/01_phase1_benchmark_URAT1_9DKB/poses/gnina_sdf/mol_00452_out.sdf,1.0,0.8045378327,6.9396286011,6.9396286011,5.583193754471927,11.956541557657882,True,False,1.0029639633633518,True,False,0,CC(C)(Sc1nc2ccccc2n1-c1ccc(Br)cc1F)C(=O)O,true_decoy,
mol_00452,urat1_9dkb,42,a2,a2_geometry_then_cnnscore,9,4,/home/gwj/work/c1-campaign/URAT1_NLRP3_DualTarget_AIDD_Project/docking_export_20260820/01_phase1_benchmark_URAT1_9DKB/poses/gnina_sdf/mol_00452_out.sdf,2.0,0.7859169841,6.5954437256,6.5954437256,5.18347124162482,3.204378250144625,True,True,0.946642496243689,True,True,0,CC(C)(Sc1nc2ccccc2n1-c1ccc(Br)cc1F)C(=O)O,true_decoy,
mol_00453,urat1_9dkb,42,a1,a1_cnnscore_top1,9,6,/home/gwj/work/c1-campaign/URAT1_NLRP3_DualTarget_AIDD_Project/docking_export_20260820/01_phase1_benchmark_URAT1_9DKB/poses/gnina_sdf/mol_00453_out.sdf,1.0,0.8234304786,7.1510925293,7.1510925293,5.888427543914383,3.199163723537755,True,True,0.5637920600311646,True,True,0,CC(C)(Sc1nc2ccccc2n1-c1ccc(C2CC2)c2ccccc12)C(=O)O,true_decoy,
mol_00453,urat1_9dkb,42,a2,a2_geometry_then_cnnscore,9,6,/home/gwj/work/c1-campaign/URAT1_NLRP3_DualTarget_AIDD_Project/docking_export_20260820/01_phase1_benchmark_URAT1_9DKB/poses/gnina_sdf/mol_00453_out.sdf,1.0,0.8234304786,7.1510925293,7.1510925293,5.888427543914383,3.199163723537755,True,True,0.5637920600311646,True,True,0,CC(C)(Sc1nc2ccccc2n1-c1ccc(C2CC2)c2ccccc12)C(=O)O,true_decoy,
mol_00454,urat1_9dkb,42,a1,a1_cnnscore_top1,9,3,/home/gwj/work/c1-campaign/URAT1_NLRP3_DualTarget_AIDD_Project/docking_export_20260820/01_phase1_benchmark_URAT1_9DKB/poses/gnina_sdf/mol_00454_out.sdf,1.0,0.8204348683,7.0423927307,7.0423927307,5.777824552528732,11.480563466137017,True,False,0.6508533748247943,True,False,0,CC(C)(Sc1nc2ccccc2n1-c1ccc(Cl)cc1F)C(=O)O,true_decoy,
mol_00454,urat1_9dkb,42,a2,a2_geometry_then_cnnscore,9,3,/home/gwj/work/c1-campaign/URAT1_NLRP3_DualTarget_AIDD_Project/docking_export_20260820/01_phase1_benchmark_URAT1_9DKB/poses/gnina_sdf/mol_00454_out.sdf,4.0,0.6318080425,6.3847022057,6.3847022057,4.033906202528749,5.914945387744496,True,True,0.6250821179803027,True,True,0,CC(C)(Sc1nc2ccccc2n1-c1ccc(Cl)cc1F)C(=O)O,true_decoy,
mol_00455,urat1_9dkb,42,a1,a1_cnnscore_top1,9,6,/home/gwj/work/c1-campaign/URAT1_NLRP3_DualTarget_AIDD_Project/docking_export_20260820/01_phase1_benchmark_URAT1_9DKB/poses/gnina_sdf/mol_00455_out.sdf,1.0,0.6933069825,6.1157155037,6.1157155037,4.240068261698714,2.9994342899953583,True,True,4.301822626407185,True,True,0,CC(C)(Sc1nc2ccccc2n1-c1ccc([N+](=O)[O-])cc1F)C(=O)O,true_decoy,
mol_00455,urat1_9dkb,42,a2,a2_geometry_then_cnnscore,9,6,/home/gwj/work/c1-campaign/URAT1_NLRP3_DualTarget_AIDD_Project/docking_export_20260820/01_phase1_benchmark_URAT1_9DKB/poses/gnina_sdf/mol_00455_out.sdf,1.0,0.6933069825,6.1157155037,6.1157155037,4.240068261698714,2.9994342899953583,True,True,4.301822626407185,True,True,0,CC(C)(Sc1nc2ccccc2n1-c1ccc([N+](=O)[O-])cc1F)C(=O)O,true_decoy,
mol_00456,urat1_9dkb,42,a1,a1_cnnscore_top1,9,6,/home/gwj/work/c1-campaign/URAT1_NLRP3_DualTarget_AIDD_Project/docking_export_20260820/01_phase1_benchmark_URAT1_9DKB/poses/gnina_sdf/mol_00456_out.sdf,1.0,0.8505209088,5.74802351,5.74802351,4.888814179528966,2.9577187459256478,True,True,1.1798976299975752,True,True,0,CC(C)(Sc1nc2ccccc2n1-c1ccccc1)C(=O)O,true_decoy,
mol_00456,urat1_9dkb,42,a2,a2_geometry_then_cnnscore,9,6,/home/gwj/work/c1-campaign/URAT1_NLRP3_DualTarget_AIDD_Project/docking_export_20260820/01_phase1_benchmark_URAT1_9DKB/poses/gnina_sdf/mol_00456_out.sdf,1.0,0.8505209088,5.74802351,5.74802351,4.888814179528966,2.9577187459256478,True,True,1.1798976299975752,True,True,0,CC(C)(Sc1nc2ccccc2n1-c1ccccc1)C(=O)O,true_decoy,
mol_00457,urat1_9dkb,42,a1,a1_cnnscore_top1,9,6,/home/gwj/work/c1-campaign/URAT1_NLRP3_DualTarget_AIDD_Project/docking_export_20260820/01_phase1_benchmark_URAT1_9DKB/poses/gnina_sdf/mol_00457_out.sdf,1.0,0.6924289465,6.2161774635,6.2161774635,4.304261212308347,11.552041919072137,True,False,1.361084252791903,True,False,0,CC(C)(Sc1nc2ccccc2n1-c1ccccc1F)C(=O)O,true_decoy,
mol_00457,urat1_9dkb,42,a2,a2_geometry_then_cnnscore,9,6,/home/gwj/work/c1-campaign/URAT1_NLRP3_DualTarget_AIDD_Project/docking_export_20260820/01_phase1_benchmark_URAT1_9DKB/poses/gnina_sdf/mol_00457_out.sdf,2.0,0.6281532049,5.8060379028,5.8060379028,3.647081316414695,3.215836589442929,True,True,0.8241272194916308,True,True,0,CC(C)(Sc1nc2ccccc2n1-c1ccccc1F)C(=O)O,true_decoy,
mol_00844,urat1_9dkb,42,a1,a1_cnnscore_top1,9,5,/home/gwj/work/c1-campaign/URAT1_NLRP3_DualTarget_AIDD_Project/docking_export_20260820/01_phase1_benchmark_URAT1_9DKB/poses/gnina_sdf/mol_00844_out.sdf,1.0,0.7384021282,6.3916945457,6.3916945457,4.719640855349212,12.747868912096642,True,False,0.5783246991730474,True,False,0,CC(Sc1ccncc1C(=O)N1CCOc2ccccc21)C(=O)O,true_decoy,
mol_00844,urat1_9dkb,42,a2,a2_geometry_then_cnnscore,9,5,/home/gwj/work/c1-campaign/URAT1_NLRP3_DualTarget_AIDD_Project/docking_export_20260820/01_phase1_benchmark_URAT1_9DKB/poses/gnina_sdf/mol_00844_out.sdf,5.0,0.4517392814,6.1406078339,6.1406078339,2.7739537702451966,4.946639362233704,True,True,2.446212997395857,True,True,0,CC(Sc1ccncc1C(=O)N1CCOc2ccccc21)C(=O)O,true_decoy,
mol_01396,urat1_9dkb,42,a1,a1_cnnscore_top1,9,0,/home/gwj/work/c1-campaign/URAT1_NLRP3_DualTarget_AIDD_Project/docking_export_20260820/01_phase1_benchmark_URAT1_9DKB/poses/gnina_sdf/mol_01396_out.sdf,1.0,0.906811595,5.6659507751,5.6659507751,5.137949859559917,14.18546520527261,True,False,2.198302098485407,True,False,0,CCCN(CCC)S(=O)(=O)c1ccc(C(=O)O)cc1,true_decoy,
mol_01396,urat1_9dkb,42,a2,a2_no_geometry_pass,9,0,/home/gwj/work/c1-campaign/URAT1_NLRP3_DualTarget_AIDD_Project/docking_export_20260820/01_phase1_benchmark_URAT1_9DKB/poses/gnina_sdf/mol_01396_out.sdf,,,,,,,False,False,,False,False,0,CCCN(CCC)S(=O)(=O)c1ccc(C(=O)O)cc1,true_decoy,a2_no_geometry_pass
mol_02007,urat1_9dkb,42,a1,a1_cnnscore_top1,9,6,/home/gwj/work/c1-campaign/URAT1_NLRP3_DualTarget_AIDD_Project/docking_export_20260820/01_phase1_benchmark_URAT1_9DKB/poses/gnina_sdf/mol_02007_out.sdf,1.0,0.6002949476,6.6666922569,6.6666922569,4.001981679021111,14.21622068765113,True,False,1.173435146218803,True,False,0,CCc1ccc(Nc2cncc(-c3ccc(C(=O)O)c(O)c3)c2)cc1,true_decoy,
mol_02007,urat1_9dkb,42,a2,a2_geometry_then_cnnscore,9,6,/home/gwj/work/c1-campaign/URAT1_NLRP3_DualTarget_AIDD_Project/docking_export_20260820/01_phase1_benchmark_URAT1_9DKB/poses/gnina_sdf/mol_02007_out.sdf,2.0,0.5468776822,6.1118655205,6.1118655205,3.3424428497691365,7.638122898330447,True,True,3.4205756538676693,True,True,0,CCc1ccc(Nc2cncc(-c3ccc(C(=O)O)c(O)c3)c2)cc1,true_decoy,
mol_02135,urat1_9dkb,42,a1,a1_cnnscore_top1,9,4,/home/gwj/work/c1-campaign/URAT1_NLRP3_DualTarget_AIDD_Project/docking_export_20260820/01_phase1_benchmark_URAT1_9DKB/poses/gnina_sdf/mol_02135_out.sdf,1.0,0.7200036645,6.0969929695,6.0969929695,4.3898572804707365,14.735028964681405,True,False,1.5170570618899113,True,False,0,CCn1c(=O)sc2cc(-c3ccc(C(=O)O)c(O)c3)ccc21,true_decoy,
mol_02135,urat1_9dkb,42,a2,a2_geometry_then_cnnscore,9,4,/home/gwj/work/c1-campaign/URAT1_NLRP3_DualTarget_AIDD_Project/docking_export_20260820/01_phase1_benchmark_URAT1_9DKB/poses/gnina_sdf/mol_02135_out.sdf,3.0,0.4841402471,5.9200329781,5.9200329781,2.8661262288574827,3.7164020961139186,True,True,1.6693955075849836,True,True,0,CCn1c(=O)sc2cc(-c3ccc(C(=O)O)c(O)c3)ccc21,true_decoy,
mol_02821,urat1_9dkb,42,a1,a1_cnnscore_top1,9,4,/home/gwj/work/c1-campaign/URAT1_NLRP3_DualTarget_AIDD_Project/docking_export_20260820/01_phase1_benchmark_URAT1_9DKB/poses/gnina_sdf/mol_02821_out.sdf,1.0,0.4805756211,7.3721137047,7.3721137047,3.5428581224560247,9.097894838917398,True,False,1.0590168356387164,True,False,0,COc1cc(C(=O)[O-])ccc1CSc1ccncc1Oc1ccc(C#N)c2ccccc12.[Na+],true_decoy,
mol_02821,urat1_9dkb,42,a2,a2_geometry_then_cnnscore,9,4,/home/gwj/work/c1-campaign/URAT1_NLRP3_DualTarget_AIDD_Project/docking_export_20260820/01_phase1_benchmark_URAT1_9DKB/poses/gnina_sdf/mol_02821_out.sdf,4.0,0.3247765899,7.1169166565,7.1169166565,2.31140792230058,5.539675425510047,True,True,1.299637771861468,True,True,0,COc1cc(C(=O)[O-])ccc1CSc1ccncc1Oc1ccc(C#N)c2ccccc12.[Na+],true_decoy,
mol_03328,urat1_9dkb,42,a1,a1_cnnscore_top1,9,5,/home/gwj/work/c1-campaign/URAT1_NLRP3_DualTarget_AIDD_Project/docking_export_20260820/01_phase1_benchmark_URAT1_9DKB/poses/gnina_sdf/mol_03328_out.sdf,1.0,0.6657131314,6.3303751945,6.3303751945,4.21421389366748,7.72023732795825,True,False,3.453304616690924,True,False,0,COc1ccc(Nc2cncc(-c3ccc(C(=O)O)c(O)c3)c2)cc1,true_decoy,
mol_03328,urat1_9dkb,42,a2,a2_geometry_then_cnnscore,9,5,/home/gwj/work/c1-campaign/URAT1_NLRP3_DualTarget_AIDD_Project/docking_export_20260820/01_phase1_benchmark_URAT1_9DKB/poses/gnina_sdf/mol_03328_out.sdf,4.0,0.4733169973,5.7598986626,5.7598986626,2.726257939734118,5.938679886978245,True,True,3.8396571905373937,True,True,0,COc1ccc(Nc2cncc(-c3ccc(C(=O)O)c(O)c3)c2)cc1,true_decoy,
mol_03384,urat1_9dkb,42,a1,a1_cnnscore_top1,9,4,/home/gwj/work/c1-campaign/URAT1_NLRP3_DualTarget_AIDD_Project/docking_export_20260820/01_phase1_benchmark_URAT1_9DKB/poses/gnina_sdf/mol_03384_out.sdf,1.0,0.7892519832,7.6965079308,7.6965079308,6.074484148098429,9.050766065919502,True,False,0.7061876943840316,True,False,0,COc1ccc(Sc2ccncc2Oc2ccc(C#N)c3ccccc23)c(CC(=O)[O-])c1.[Na+],true_decoy,
mol_03384,urat1_9dkb,42,a2,a2_geometry_then_cnnscore,9,4,/home/gwj/work/c1-campaign/URAT1_NLRP3_DualTarget_AIDD_Project/docking_export_20260820/01_phase1_benchmark_URAT1_9DKB/poses/gnina_sdf/mol_03384_out.sdf,3.0,0.7115356326,7.2763996124,7.2763996124,5.177417601259428,2.946386480080308,True,True,1.8373376848667098,True,True,0,COc1ccc(Sc2ccncc2Oc2ccc(C#N)c3ccccc23)c(CC(=O)[O-])c1.[Na+],true_decoy,
mol_04959,urat1_9dkb,42,a1,a1_cnnscore_top1,9,4,/home/gwj/work/c1-campaign/URAT1_NLRP3_DualTarget_AIDD_Project/docking_export_20260820/01_phase1_benchmark_URAT1_9DKB/poses/gnina_sdf/mol_04959_out.sdf,1.0,0.590955019,6.4726786613,6.4726786613,3.825061941269436,14.336918104669492,True,False,1.3146988026611814,True,False,0,Cc1ccc(Nc2cncc(-c3ccc(C(=O)O)c(O)c3)c2)cc1,true_decoy,
mol_04959,urat1_9dkb,42,a2,a2_geometry_then_cnnscore,9,4,/home/gwj/work/c1-campaign/URAT1_NLRP3_DualTarget_AIDD_Project/docking_export_20260820/01_phase1_benchmark_URAT1_9DKB/poses/gnina_sdf/mol_04959_out.sdf,5.0,0.4461621046,6.1559386253,6.1559386253,2.7465465328522787,5.710832714237034,True,True,2.7647270521359792,True,True,0,Cc1ccc(Nc2cncc(-c3ccc(C(=O)O)c(O)c3)c2)cc1,true_decoy,
mol_04960,urat1_9dkb,42,a1,a1_cnnscore_top1,9,5,/home/gwj/work/c1-campaign/URAT1_NLRP3_DualTarget_AIDD_Project/docking_export_20260820/01_phase1_benchmark_URAT1_9DKB/poses/gnina_sdf/mol_04960_out.sdf,1.0,0.5353689194,6.4857068062,6.4857068062,3.472245844380519,14.011066695294831,True,False,1.0578175996936248,True,False,0,Cc1ccc(Nc2cncc(-c3ccc(C(=O)O)c(O)c3)c2)cc1C,true_decoy,
mol_04960,urat1_9dkb,42,a2,a2_geometry_then_cnnscore,9,5,/home/gwj/work/c1-campaign/URAT1_NLRP3_DualTarget_AIDD_Project/docking_export_20260820/01_phase1_benchmark_URAT1_9DKB/poses/gnina_sdf/mol_04960_out.sdf,3.0,0.4914411902,6.2644076347,6.2644076347,3.078587943894935,5.483893125326204,True,True,3.1124604844288153,True,True,0,Cc1ccc(Nc2cncc(-c3ccc(C(=O)O)c(O)c3)c2)cc1C,true_decoy,
mol_04961,urat1_9dkb,42,a1,a1_cnnscore_top1,9,5,/home/gwj/work/c1-campaign/URAT1_NLRP3_DualTarget_AIDD_Project/docking_export_20260820/01_phase1_benchmark_URAT1_9DKB/poses/gnina_sdf/mol_04961_out.sdf,1.0,0.513599515,6.4814829826,6.4814829826,3.3288865163441135,14.208790393626055,True,False,1.1269513622608434,True,False,0,Cc1ccc(Nc2cncc(-c3ccc(C(=O)O)c(O)c3)c2)cc1Cl,true_decoy,
mol_04961,urat1_9dkb,42,a2,a2_geometry_then_cnnscore,9,5,/home/gwj/work/c1-campaign/URAT1_NLRP3_DualTarget_AIDD_Project/docking_export_20260820/01_phase1_benchmark_URAT1_9DKB/poses/gnina_sdf/mol_04961_out.sdf,2.0,0.4891250432,6.3928990364,6.3928990364,3.1269270173523886,5.503767577759799,True,True,3.5761588730733815,True,True,0,Cc1ccc(Nc2cncc(-c3ccc(C(=O)O)c(O)c3)c2)cc1Cl,true_decoy,
mol_04962,urat1_9dkb,42,a1,a1_cnnscore_top1,9,2,/home/gwj/work/c1-campaign/URAT1_NLRP3_DualTarget_AIDD_Project/docking_export_20260820/01_phase1_benchmark_URAT1_9DKB/poses/gnina_sdf/mol_04962_out.sdf,1.0,0.5504664779,6.4515633583,6.4515633583,3.5513693587920967,14.25978331181789,True,False,1.1450986418390177,True,False,0,Cc1ccc(Nc2cncc(-c3ccc(C(=O)O)c(O)c3)c2)cc1F,true_decoy,
mol_04962,urat1_9dkb,42,a2,a2_geometry_then_cnnscore,9,2,/home/gwj/work/c1-campaign/URAT1_NLRP3_DualTarget_AIDD_Project/docking_export_20260820/01_phase1_benchmark_URAT1_9DKB/poses/gnina_sdf/mol_04962_out.sdf,3.0,0.4909906089,6.3157610893,6.3157610893,3.100979382902334,5.289403659203932,True,True,2.949511460307533,True,True,0,Cc1ccc(Nc2cncc(-c3ccc(C(=O)O)c(O)c3)c2)cc1F,true_decoy,
mol_05305,urat1_9dkb,42,a1,a1_cnnscore_top1,9,3,/home/gwj/work/c1-campaign/URAT1_NLRP3_DualTarget_AIDD_Project/docking_export_20260820/01_phase1_benchmark_URAT1_9DKB/poses/gnina_sdf/mol_05305_out.sdf,1.0,0.6921414137,6.5401997566,6.5401997566,4.52674310541352,14.239361477959601,True,False,1.3795585719677153,True,False,0,Cc1cccc(Nc2cncc(-c3ccc(C(=O)O)c(O)c3)c2)c1,true_decoy,
mol_05305,urat1_9dkb,42,a2,a2_geometry_then_cnnscore,9,3,/home/gwj/work/c1-campaign/URAT1_NLRP3_DualTarget_AIDD_Project/docking_export_20260820/01_phase1_benchmark_URAT1_9DKB/poses/gnina_sdf/mol_05305_out.sdf,3.0,0.5152592063,6.1039142609,6.1039142609,3.145098017394585,7.040397973836423,True,True,3.765711507501027,True,True,0,Cc1cccc(Nc2cncc(-c3ccc(C(=O)O)c(O)c3)c2)c1,true_decoy,
mol_05316,urat1_9dkb,42,a1,a1_cnnscore_top1,9,2,/home/gwj/work/c1-campaign/URAT1_NLRP3_DualTarget_AIDD_Project/docking_export_20260820/01_phase1_benchmark_URAT1_9DKB/poses/gnina_sdf/mol_05316_out.sdf,1.0,0.8041425347,6.4556107521,6.4556107521,5.1912311932302675,13.908859312323203,True,False,1.4073945610114251,True,False,0,Cc1cccc(Oc2cncc(-c3ccc(C(=O)O)c(O)c3)c2)c1,true_decoy,
mol_05316,urat1_9dkb,42,a2,a2_geometry_then_cnnscore,9,2,/home/gwj/work/c1-campaign/URAT1_NLRP3_DualTarget_AIDD_Project/docking_export_20260820/01_phase1_benchmark_URAT1_9DKB/poses/gnina_sdf/mol_05316_out.sdf,3.0,0.6351219416,6.1206841469,6.1206841469,3.887380799299468,2.716414543106406,True,True,1.5693594223252125,True,True,0,Cc1cccc(Oc2cncc(-c3ccc(C(=O)O)c(O)c3)c2)c1,true_decoy,
mol_06694,urat1_9dkb,42,a1,a1_cnnscore_top1,9,0,/home/gwj/work/c1-campaign/URAT1_NLRP3_DualTarget_AIDD_Project/docking_export_20260820/01_phase1_benchmark_URAT1_9DKB/poses/gnina_sdf/mol_06694_out.sdf,1.0,0.6412754655,5.8648343086,5.8648343086,3.7609743513278358,12.126020296041068,True,False,3.2790402741118143,True,False,0,N#Cc1cc(-n2cnc(C(=O)O)c2)ccc1N1CCCCCC1,true_decoy,
mol_06694,urat1_9dkb,42,a2,a2_no_geometry_pass,9,0,/home/gwj/work/c1-campaign/URAT1_NLRP3_DualTarget_AIDD_Project/docking_export_20260820/01_phase1_benchmark_URAT1_9DKB/poses/gnina_sdf/mol_06694_out.sdf,,,,,,,False,False,,False,False,0,N#Cc1cc(-n2cnc(C(=O)O)c2)ccc1N1CCCCCC1,true_decoy,a2_no_geometry_pass
mol_06853,urat1_9dkb,42,a1,a1_cnnscore_top1,9,9,/home/gwj/work/c1-campaign/URAT1_NLRP3_DualTarget_AIDD_Project/docking_export_20260820/01_phase1_benchmark_URAT1_9DKB/poses/gnina_sdf/mol_06853_out.sdf,1.0,0.5476909876,7.523311615,7.523311615,4.120449968441901,3.708130450779736,True,True,2.491601276147085,True,True,0,N#Cc1ccc(Oc2cnccc2SCc2ccc(-c3ccccc3C(=O)[O-])cc2)c2ccccc12.[Na+],true_decoy,
mol_06853,urat1_9dkb,42,a2,a2_geometry_then_cnnscore,9,9,/home/gwj/work/c1-campaign/URAT1_NLRP3_DualTarget_AIDD_Project/docking_export_20260820/01_phase1_benchmark_URAT1_9DKB/poses/gnina_sdf/mol_06853_out.sdf,1.0,0.5476909876,7.523311615,7.523311615,4.120449968441901,3.708130450779736,True,True,2.491601276147085,True,True,0,N#Cc1ccc(Oc2cnccc2SCc2ccc(-c3ccccc3C(=O)[O-])cc2)c2ccccc12.[Na+],true_decoy,
mol_06854,urat1_9dkb,42,a1,a1_cnnscore_top1,9,0,/home/gwj/work/c1-campaign/URAT1_NLRP3_DualTarget_AIDD_Project/docking_export_20260820/01_phase1_benchmark_URAT1_9DKB/poses/gnina_sdf/mol_06854_out.sdf,1.0,0.5938102007,7.152569294,7.152569294,4.247268607990797,14.424337185118763,True,False,1.5712769955057397,True,False,0,N#Cc1ccc(Oc2cnccc2SCc2ccc(C(=O)[O-])cc2)c2ccccc12.[Na+],true_decoy,
mol_06854,urat1_9dkb,42,a2,a2_no_geometry_pass,9,0,/home/gwj/work/c1-campaign/URAT1_NLRP3_DualTarget_AIDD_Project/docking_export_20260820/01_phase1_benchmark_URAT1_9DKB/poses/gnina_sdf/mol_06854_out.sdf,,,,,,,False,False,,False,False,0,N#Cc1ccc(Oc2cnccc2SCc2ccc(C(=O)[O-])cc2)c2ccccc12.[Na+],true_decoy,a2_no_geometry_pass
mol_06855,urat1_9dkb,42,a1,a1_cnnscore_top1,9,8,/home/gwj/work/c1-campaign/URAT1_NLRP3_DualTarget_AIDD_Project/docking_export_20260820/01_phase1_benchmark_URAT1_9DKB/poses/gnina_sdf/mol_06855_out.sdf,1.0,0.3888932765,7.3128848076,7.3128848076,2.843931733494636,7.31279717823487,True,True,0.5812058995750892,True,True,0,N#Cc1ccc(Oc2cnccc2Sc2cccc([N+](=O)[O-])c2CC(=O)[O-])c2ccccc12.[Na+],true_decoy,
mol_06855,urat1_9dkb,42,a2,a2_geometry_then_cnnscore,9,8,/home/gwj/work/c1-campaign/URAT1_NLRP3_DualTarget_AIDD_Project/docking_export_20260820/01_phase1_benchmark_URAT1_9DKB/poses/gnina_sdf/mol_06855_out.sdf,1.0,0.3888932765,7.3128848076,7.3128848076,2.843931733494636,7.31279717823487,True,True,0.5812058995750892,True,True,0,N#Cc1ccc(Oc2cnccc2Sc2cccc([N+](=O)[O-])c2CC(=O)[O-])c2ccccc12.[Na+],true_decoy,
mol_08606,urat1_9dkb,42,a1,a1_cnnscore_top1,9,6,/home/gwj/work/c1-campaign/URAT1_NLRP3_DualTarget_AIDD_Project/docking_export_20260820/01_phase1_benchmark_URAT1_9DKB/poses/gnina_sdf/mol_08606_out.sdf,1.0,0.7429635525,7.3540382385,7.3540382385,5.463782374896803,4.895581196344309,True,True,1.0968984689201076,True,True,0,O=C(O)C(Sc1nc2ccccc2n1-c1ccc(C2CC2)c2ccccc12)c1ccc(Cl)cc1,true_decoy,
mol_08606,urat1_9dkb,42,a2,a2_geometry_then_cnnscore,9,6,/home/gwj/work/c1-campaign/URAT1_NLRP3_DualTarget_AIDD_Project/docking_export_20260820/01_phase1_benchmark_URAT1_9DKB/poses/gnina_sdf/mol_08606_out.sdf,1.0,0.7429635525,7.3540382385,7.3540382385,5.463782374896803,4.895581196344309,True,True,1.0968984689201076,True,True,0,O=C(O)C(Sc1nc2ccccc2n1-c1ccc(C2CC2)c2ccccc12)c1ccc(Cl)cc1,true_decoy,
mol_08631,urat1_9dkb,42,a1,a1_cnnscore_top1,9,3,/home/gwj/work/c1-campaign/URAT1_NLRP3_DualTarget_AIDD_Project/docking_export_20260820/01_phase1_benchmark_URAT1_9DKB/poses/gnina_sdf/mol_08631_out.sdf,1.0,0.6103250384,6.3436646461,6.3436646461,3.8716973687277045,12.240394030422388,True,False,1.4351511344227315,True,False,0,O=C(O)CCCSc1ccncc1C(=O)N1CCc2ccccc2C1,true_decoy,
mol_08631,urat1_9dkb,42,a2,a2_geometry_then_cnnscore,9,3,/home/gwj/work/c1-campaign/URAT1_NLRP3_DualTarget_AIDD_Project/docking_export_20260820/01_phase1_benchmark_URAT1_9DKB/poses/gnina_sdf/mol_08631_out.sdf,3.0,0.5892549753,6.098760128,6.098760128,3.5937247485852652,3.005925508059042,True,True,1.220896321277756,True,True,0,O=C(O)CCCSc1ccncc1C(=O)N1CCc2ccccc2C1,true_decoy,
mol_08632,urat1_9dkb,42,a1,a1_cnnscore_top1,9,4,/home/gwj/work/c1-campaign/URAT1_NLRP3_DualTarget_AIDD_Project/docking_export_20260820/01_phase1_benchmark_URAT1_9DKB/poses/gnina_sdf/mol_08632_out.sdf,1.0,0.8027461767,6.8582553864,6.8582553864,5.505438290264781,14.287986187353344,True,False,1.3385122088717094,True,False,0,O=C(O)CCSc1ccncc1C(=O)N1CCOc2ccccc21,true_decoy,
mol_08632,urat1_9dkb,42,a2,a2_geometry_then_cnnscore,9,4,/home/gwj/work/c1-campaign/URAT1_NLRP3_DualTarget_AIDD_Project/docking_export_20260820/01_phase1_benchmark_URAT1_9DKB/poses/gnina_sdf/mol_08632_out.sdf,2.0,0.7645431161,6.4292778969,6.4292778969,4.915460157568781,3.175673426220007,True,True,1.3880632078272366,True,True,0,O=C(O)CCSc1ccncc1C(=O)N1CCOc2ccccc21,true_decoy,
mol_08633,urat1_9dkb,42,a1,a1_cnnscore_top1,9,5,/home/gwj/work/c1-campaign/URAT1_NLRP3_DualTarget_AIDD_Project/docking_export_20260820/01_phase1_benchmark_URAT1_9DKB/poses/gnina_sdf/mol_08633_out.sdf,1.0,0.817576468,6.8070483208,6.8070483208,5.565282523624995,14.225721081196545,True,False,1.2620858901564302,True,False,0,O=C(O)CCSc1ccncc1C(=O)N1CCc2ccccc2C1,true_decoy,
mol_08633,urat1_9dkb,42,a2,a2_geometry_then_cnnscore,9,5,/home/gwj/work/c1-campaign/URAT1_NLRP3_DualTarget_AIDD_Project/docking_export_20260820/01_phase1_benchmark_URAT1_9DKB/poses/gnina_sdf/mol_08633_out.sdf,2.0,0.7997947335,6.1198687553,6.1198687553,4.8946388002001395,2.7890203692336093,True,True,1.4733480927392835,True,True,0,O=C(O)CCSc1ccncc1C(=O)N1CCc2ccccc2C1,true_decoy,
mol_08637,urat1_9dkb,42,a1,a1_cnnscore_top1,9,3,/home/gwj/work/c1-campaign/URAT1_NLRP3_DualTarget_AIDD_Project/docking_export_20260820/01_phase1_benchmark_URAT1_9DKB/poses/gnina_sdf/mol_08637_out.sdf,1.0,0.9058187008,6.7948918343,6.7948918343,6.154940093422155,12.918481039193427,True,False,0.9783684332202621,True,False,0,O=C(O)CSc1ccncc1C(=O)N1CCOc2ccccc21,true_decoy,
mol_08637,urat1_9dkb,42,a2,a2_geometry_then_cnnscore,9,3,/home/gwj/work/c1-campaign/URAT1_NLRP3_DualTarget_AIDD_Project/docking_export_20260820/01_phase1_benchmark_URAT1_9DKB/poses/gnina_sdf/mol_08637_out.sdf,4.0,0.767816782,5.9925041199,5.9925041199,4.601145229463361,2.752715335809351,True,True,1.3722299826810704,True,True,0,O=C(O)CSc1ccncc1C(=O)N1CCOc2ccccc21,true_decoy,
mol_08638,urat1_9dkb,42,a1,a1_cnnscore_top1,9,4,/home/gwj/work/c1-campaign/URAT1_NLRP3_DualTarget_AIDD_Project/docking_export_20260820/01_phase1_benchmark_URAT1_9DKB/poses/gnina_sdf/mol_08638_out.sdf,1.0,0.8505564928,6.6477742195,6.6477742195,5.654307525064177,12.874657286700874,True,False,0.9504156358542063,True,False,0,O=C(O)CSc1ccncc1C(=O)N1CCc2ccccc2C1,true_decoy,
mol_08638,urat1_9dkb,42,a2,a2_geometry_then_cnnscore,9,4,/home/gwj/work/c1-campaign/URAT1_NLRP3_DualTarget_AIDD_Project/docking_export_20260820/01_phase1_benchmark_URAT1_9DKB/poses/gnina_sdf/mol_08638_out.sdf,4.0,0.5795711875,6.195333004,6.195333004,3.5906365060862226,5.816165030327111,True,True,2.3304586404184304,True,True,0,O=C(O)CSc1ccncc1C(=O)N1CCc2ccccc2C1,true_decoy,
mol_08644,urat1_9dkb,42,a1,a1_cnnscore_top1,9,6,/home/gwj/work/c1-campaign/URAT1_NLRP3_DualTarget_AIDD_Project/docking_export_20260820/01_phase1_benchmark_URAT1_9DKB/poses/gnina_sdf/mol_08644_out.sdf,1.0,0.5870270133,6.6528859138,6.6528859138,3.905423747803655,14.290945592927004,True,False,1.1463430206205871,True,False,0,O=C(O)c1ccc(-c2cncc(Nc3ccc(Cl)c(Cl)c3)c2)cc1O,true_decoy,
mol_08644,urat1_9dkb,42,a2,a2_geometry_then_cnnscore,9,6,/home/gwj/work/c1-campaign/URAT1_NLRP3_DualTarget_AIDD_Project/docking_export_20260820/01_phase1_benchmark_URAT1_9DKB/poses/gnina_sdf/mol_08644_out.sdf,2.0,0.5440391898,6.5914096832,6.5914096832,3.5859851836880026,5.597633475853882,True,True,3.6720245746563625,True,True,0,O=C(O)c1ccc(-c2cncc(Nc3ccc(Cl)c(Cl)c3)c2)cc1O,true_decoy,
mol_08645,urat1_9dkb,42,a1,a1_cnnscore_top1,9,6,/home/gwj/work/c1-campaign/URAT1_NLRP3_DualTarget_AIDD_Project/docking_export_20260820/01_phase1_benchmark_URAT1_9DKB/poses/gnina_sdf/mol_08645_out.sdf,1.0,0.5811092854,6.5146222115,6.5146222115,3.7857074579757324,14.324444925720494,True,False,1.3332327141786926,True,False,0,O=C(O)c1ccc(-c2cncc(Nc3ccc(Cl)cc3)c2)cc1O,true_decoy,
mol_08645,urat1_9dkb,42,a2,a2_geometry_then_cnnscore,9,6,/home/gwj/work/c1-campaign/URAT1_NLRP3_DualTarget_AIDD_Project/docking_export_20260820/01_phase1_benchmark_URAT1_9DKB/poses/gnina_sdf/mol_08645_out.sdf,2.0,0.4583780766,6.0171132088,6.0171132088,2.758112779334198,5.594793934543072,True,True,3.833222464207379,True,True,0,O=C(O)c1ccc(-c2cncc(Nc3ccc(Cl)cc3)c2)cc1O,true_decoy,
mol_08646,urat1_9dkb,42,a1,a1_cnnscore_top1,9,5,/home/gwj/work/c1-campaign/URAT1_NLRP3_DualTarget_AIDD_Project/docking_export_20260820/01_phase1_benchmark_URAT1_9DKB/poses/gnina_sdf/mol_08646_out.sdf,1.0,0.6513002515,6.8067374229,6.8067374229,4.433229795429233,14.171139757620056,True,False,1.1622019477699377,True,False,0,O=C(O)c1ccc(-c2cncc(Nc3ccc(F)c(Cl)c3)c2)cc1O,true_decoy,
mol_08646,urat1_9dkb,42,a2,a2_geometry_then_cnnscore,9,5,/home/gwj/work/c1-campaign/URAT1_NLRP3_DualTarget_AIDD_Project/docking_export_20260820/01_phase1_benchmark_URAT1_9DKB/poses/gnina_sdf/mol_08646_out.sdf,3.0,0.5048086643,6.412332058,6.412332058,3.2370007812470503,5.759940455421394,True,True,3.424252175334471,True,True,0,O=C(O)c1ccc(-c2cncc(Nc3ccc(F)c(Cl)c3)c2)cc1O,true_decoy,
mol_08647,urat1_9dkb,42,a1,a1_cnnscore_top1,9,3,/home/gwj/work/c1-campaign/URAT1_NLRP3_DualTarget_AIDD_Project/docking_export_20260820/01_phase1_benchmark_URAT1_9DKB/poses/gnina_sdf/mol_08647_out.sdf,1.0,0.6914311647,6.4389500618,6.4389500618,4.452090740675511,14.188457433421013,True,False,1.2215858106342976,True,False,0,O=C(O)c1ccc(-c2cncc(Nc3ccc(F)cc3)c2)cc1O,true_decoy,
mol_08647,urat1_9dkb,42,a2,a2_geometry_then_cnnscore,9,3,/home/gwj/work/c1-campaign/URAT1_NLRP3_DualTarget_AIDD_Project/docking_export_20260820/01_phase1_benchmark_URAT1_9DKB/poses/gnina_sdf/mol_08647_out.sdf,2.0,0.4653559029,6.1856803894,6.1856803894,2.8785428826600605,5.1997386136228,True,True,2.803823608349152,True,True,0,O=C(O)c1ccc(-c2cncc(Nc3ccc(F)cc3)c2)cc1O,true_decoy,
mol_08648,urat1_9dkb,42,a1,a1_cnnscore_top1,9,4,/home/gwj/work/c1-campaign/URAT1_NLRP3_DualTarget_AIDD_Project/docking_export_20260820/01_phase1_benchmark_URAT1_9DKB/poses/gnina_sdf/mol_08648_out.sdf,1.0,0.7146283984,6.637201786,6.637201786,4.7431328821868,14.159137845222068,True,False,1.3419613579053338,True,False,0,O=C(O)c1ccc(-c2cncc(Nc3cccc(Cl)c3)c2)cc1O,true_decoy,
mol_08648,urat1_9dkb,42,a2,a2_geometry_then_cnnscore,9,4,/home/gwj/work/c1-campaign/URAT1_NLRP3_DualTarget_AIDD_Project/docking_export_20260820/01_phase1_benchmark_URAT1_9DKB/poses/gnina_sdf/mol_08648_out.sdf,2.0,0.6273782253,6.2950973511,6.2950973511,3.9494070042238487,5.385020650842482,True,True,2.9823813364357243,True,True,0,O=C(O)c1ccc(-c2cncc(Nc3cccc(Cl)c3)c2)cc1O,true_decoy,
mol_08649,urat1_9dkb,42,a1,a1_cnnscore_top1,9,2,/home/gwj/work/c1-campaign/URAT1_NLRP3_DualTarget_AIDD_Project/docking_export_20260820/01_phase1_benchmark_URAT1_9DKB/poses/gnina_sdf/mol_08649_out.sdf,1.0,0.6649664044,6.1474080086,6.1474080086,4.087819799858506,14.132626034817449,True,False,1.2782191807471306,True,False,0,O=C(O)c1ccc(-c2cncc(Nc3ccccc3)c2)cc1O,true_decoy,
mol_08649,urat1_9dkb,42,a2,a2_geometry_then_cnnscore,9,2,/home/gwj/work/c1-campaign/URAT1_NLRP3_DualTarget_AIDD_Project/docking_export_20260820/01_phase1_benchmark_URAT1_9DKB/poses/gnina_sdf/mol_08649_out.sdf,8.0,0.3583615422,5.4791679382,5.4791679382,1.963523072306146,5.821225411371724,True,True,3.5739610311185044,True,True,0,O=C(O)c1ccc(-c2cncc(Nc3ccccc3)c2)cc1O,true_decoy,
mol_08650,urat1_9dkb,42,a1,a1_cnnscore_top1,9,5,/home/gwj/work/c1-campaign/URAT1_NLRP3_DualTarget_AIDD_Project/docking_export_20260820/01_phase1_benchmark_URAT1_9DKB/poses/gnina_sdf/mol_08650_out.sdf,1.0,0.6756895781,6.6679878235,6.6679878235,4.505489879236652,13.7043116806354,True,False,1.2842001526971896,True,False,0,O=C(O)c1ccc(-c2cncc(Oc3ccc(Cl)cc3)c2)cc1O,true_decoy,
mol_08650,urat1_9dkb,42,a2,a2_geometry_then_cnnscore,9,5,/home/gwj/work/c1-campaign/URAT1_NLRP3_DualTarget_AIDD_Project/docking_export_20260820/01_phase1_benchmark_URAT1_9DKB/poses/gnina_sdf/mol_08650_out.sdf,5.0,0.3761438131,5.8540744781,5.8540744781,2.2019738963639264,5.381210415882289,True,True,3.35993878035643,True,True,0,O=C(O)c1ccc(-c2cncc(Oc3ccc(Cl)cc3)c2)cc1O,true_decoy,
mol_08651,urat1_9dkb,42,a1,a1_cnnscore_top1,9,2,/home/gwj/work/c1-campaign/URAT1_NLRP3_DualTarget_AIDD_Project/docking_export_20260820/01_phase1_benchmark_URAT1_9DKB/poses/gnina_sdf/mol_08651_out.sdf,1.0,0.8278003931,6.6337623596,6.6337623596,5.491431089008864,13.941504852059545,True,False,1.4506194086133781,True,False,0,O=C(O)c1ccc(-c2cncc(Oc3cccc(Cl)c3)c2)cc1O,true_decoy,
mol_08651,urat1_9dkb,42,a2,a2_geometry_then_cnnscore,9,2,/home/gwj/work/c1-campaign/URAT1_NLRP3_DualTarget_AIDD_Project/docking_export_20260820/01_phase1_benchmark_URAT1_9DKB/poses/gnina_sdf/mol_08651_out.sdf,6.0,0.492885232,6.1403355598,6.1403355598,3.0264807169498726,2.584931854034073,True,True,1.4296172299792125,True,True,0,O=C(O)c1ccc(-c2cncc(Oc3cccc(Cl)c3)c2)cc1O,true_decoy,
mol_08652,urat1_9dkb,42,a1,a1_cnnscore_top1,9,1,/home/gwj/work/c1-campaign/URAT1_NLRP3_DualTarget_AIDD_Project/docking_export_20260820/01_phase1_benchmark_URAT1_9DKB/poses/gnina_sdf/mol_08652_out.sdf,1.0,0.7212407589,6.2906632423,6.2906632423,4.537082730860786,13.959109067916897,True,False,1.6516048929682412,True,False,0,O=C(O)c1ccc(-c2cncc(Oc3ccccc3)c2)cc1O,true_decoy,
mol_08652,urat1_9dkb,42,a2,a2_geometry_then_cnnscore,9,1,/home/gwj/work/c1-campaign/URAT1_NLRP3_DualTarget_AIDD_Project/docking_export_20260820/01_phase1_benchmark_URAT1_9DKB/poses/gnina_sdf/mol_08652_out.sdf,8.0,0.2827270329,5.3416218758,5.3416218758,1.5102209038186662,4.176700590178802,True,True,2.585104559588381,True,True,0,O=C(O)c1ccc(-c2cncc(Oc3ccccc3)c2)cc1O,true_decoy,
mol_08970,urat1_9dkb,42,a1,a1_cnnscore_top1,9,4,/home/gwj/work/c1-campaign/URAT1_NLRP3_DualTarget_AIDD_Project/docking_export_20260820/01_phase1_benchmark_URAT1_9DKB/poses/gnina_sdf/mol_08970_out.sdf,1.0,0.7559759021,6.5485138893,6.5485138893,4.950518694877947,12.580783531243185,True,False,0.6323300950791754,True,False,0,O=C(c1cnccc1SC1(C(=O)O)CCC1)N1CCOc2ccccc21,true_decoy,
mol_08970,urat1_9dkb,42,a2,a2_geometry_then_cnnscore,9,4,/home/gwj/work/c1-campaign/URAT1_NLRP3_DualTarget_AIDD_Project/docking_export_20260820/01_phase1_benchmark_URAT1_9DKB/poses/gnina_sdf/mol_08970_out.sdf,4.0,0.6693380475,5.5900912285,5.5900912285,3.741660748231067,2.985563286885744,True,True,5.086947611498574,True,True,0,O=C(c1cnccc1SC1(C(=O)O)CCC1)N1CCOc2ccccc21,true_decoy,
mol_08971,urat1_9dkb,42,a1,a1_cnnscore_top1,9,8,/home/gwj/work/c1-campaign/URAT1_NLRP3_DualTarget_AIDD_Project/docking_export_20260820/01_phase1_benchmark_URAT1_9DKB/poses/gnina_sdf/mol_08971_out.sdf,1.0,0.7472741604,6.9306087494,6.9306087494,5.17906483426878,2.9171607120623277,True,True,1.1954446445780358,True,True,0,O=C(c1cnccc1SC1(C(=O)O)CCC1)N1CCc2ccccc2C1,true_decoy,
mol_08971,urat1_9dkb,42,a2,a2_geometry_then_cnnscore,9,8,/home/gwj/work/c1-campaign/URAT1_NLRP3_DualTarget_AIDD_Project/docking_export_20260820/01_phase1_benchmark_URAT1_9DKB/poses/gnina_sdf/mol_08971_out.sdf,1.0,0.7472741604,6.9306087494,6.9306087494,5.17906483426878,2.9171607120623277,True,True,1.1954446445780358,True,True,0,O=C(c1cnccc1SC1(C(=O)O)CCC1)N1CCc2ccccc2C1,true_decoy,
mol_05065,urat1_9dkb,42,a1,a1_cnnscore_top1,9,4,/home/gwj/work/c1-campaign/URAT1_NLRP3_DualTarget_AIDD_Project/docking_export_20260820/01_phase1_benchmark_URAT1_9DKB/poses/gnina_sdf/mol_05065_out.sdf,1.0,0.7653208375,6.9283013344,6.9283013344,5.302373379695376,8.157734024225103,True,False,2.997059405223416,True,False,0,Cc1ccc2[nH]c(C(=O)N(CC(=O)[O-])Cc3ccc4c(c3)CC(C)(C)O4)c(-c3ccccc3)c2c1,true_decoy,
mol_05065,urat1_9dkb,42,a2,a2_geometry_then_cnnscore,9,4,/home/gwj/work/c1-campaign/URAT1_NLRP3_DualTarget_AIDD_Project/docking_export_20260820/01_phase1_benchmark_URAT1_9DKB/poses/gnina_sdf/mol_05065_out.sdf,2.0,0.6499559879,7.4760894775,7.4760894775,4.859129121977308,5.130458050700725,True,True,1.0592824006505541,True,True,0,Cc1ccc2[nH]c(C(=O)N(CC(=O)[O-])Cc3ccc4c(c3)CC(C)(C)O4)c(-c3ccccc3)c2c1,true_decoy,
mol_00078,urat1_9dkb,42,a1,a1_cnnscore_top1,9,1,/home/gwj/work/c1-campaign/URAT1_NLRP3_DualTarget_AIDD_Project/docking_export_20260820/01_phase1_benchmark_URAT1_9DKB/poses/gnina_sdf/mol_00078_out.sdf,1.0,0.8754318953,6.9284191132,6.9284191132,6.065359075701421,14.457549177160002,True,False,1.6113843834394823,True,False,0,C=C1CC[C@H]2[C@@]3(C)C[C@H]3CC[C@]2(C)[C@H]1CC/C(C)=C/C(=O)[O-],true_decoy,
mol_00078,urat1_9dkb,42,a2,a2_geometry_then_cnnscore,9,1,/home/gwj/work/c1-campaign/URAT1_NLRP3_DualTarget_AIDD_Project/docking_export_20260820/01_phase1_benchmark_URAT1_9DKB/poses/gnina_sdf/mol_00078_out.sdf,7.0,0.4656307995,5.843641758,5.843641758,2.7209795837691257,3.4571482959225235,True,True,1.9109837096032267,True,True,0,C=C1CC[C@H]2[C@@]3(C)C[C@H]3CC[C@]2(C)[C@H]1CC/C(C)=C/C(=O)[O-],true_decoy,
mol_08755,urat1_9dkb,42,a1,a1_cnnscore_top1,9,3,/home/gwj/work/c1-campaign/URAT1_NLRP3_DualTarget_AIDD_Project/docking_export_20260820/01_phase1_benchmark_URAT1_9DKB/poses/gnina_sdf/mol_08755_out.sdf,1.0,0.6344991326,6.9365916252,6.9365916252,4.401261369389824,7.188095720703785,True,True,1.8951943273364267,True,True,0,O=C([O-])C1Nc2ccc3ccccc3c2C2C(Cl)C(Sc3ccccc3[N+](=O)[O-])CC12,true_decoy,
mol_08755,urat1_9dkb,42,a2,a2_geometry_then_cnnscore,9,3,/home/gwj/work/c1-campaign/URAT1_NLRP3_DualTarget_AIDD_Project/docking_export_20260820/01_phase1_benchmark_URAT1_9DKB/poses/gnina_sdf/mol_08755_out.sdf,1.0,0.6344991326,6.9365916252,6.9365916252,4.401261369389824,7.188095720703785,True,True,1.8951943273364267,True,True,0,O=C([O-])C1Nc2ccc3ccccc3c2C2C(Cl)C(Sc3ccccc3[N+](=O)[O-])CC12,true_decoy,
mol_08772,urat1_9dkb,42,a1,a1_cnnscore_top1,9,9,/home/gwj/work/c1-campaign/URAT1_NLRP3_DualTarget_AIDD_Project/docking_export_20260820/01_phase1_benchmark_URAT1_9DKB/poses/gnina_sdf/mol_08772_out.sdf,1.0,0.7105262876,6.957341671,6.957341671,4.943374149060411,3.265900972166792,True,True,3.896018701595687,True,True,0,O=C([O-])c1cc([N+](=O)[O-])cnc1C=Cc1cn(-c2ccccc2)nc1-c1cccs1,true_decoy,
mol_08772,urat1_9dkb,42,a2,a2_geometry_then_cnnscore,9,9,/home/gwj/work/c1-campaign/URAT1_NLRP3_DualTarget_AIDD_Project/docking_export_20260820/01_phase1_benchmark_URAT1_9DKB/poses/gnina_sdf/mol_08772_out.sdf,1.0,0.7105262876,6.957341671,6.957341671,4.943374149060411,3.265900972166792,True,True,3.896018701595687,True,True,0,O=C([O-])c1cc([N+](=O)[O-])cnc1C=Cc1cn(-c2ccccc2)nc1-c1cccs1,true_decoy,
mol_05075,urat1_9dkb,42,a1,a1_cnnscore_top1,9,8,/home/gwj/work/c1-campaign/URAT1_NLRP3_DualTarget_AIDD_Project/docking_export_20260820/01_phase1_benchmark_URAT1_9DKB/poses/gnina_sdf/mol_05075_out.sdf,1.0,0.817350924,7.2079291344,7.2079291344,5.89140753812836,2.862667879793252,True,True,1.200721862632323,True,True,0,Cc1ccc2[nH]c(SCc3csc(NC(=O)c4ccccc4C(=O)[O-])n3)nc2c1,true_decoy,
mol_05075,urat1_9dkb,42,a2,a2_geometry_then_cnnscore,9,8,/home/gwj/work/c1-campaign/URAT1_NLRP3_DualTarget_AIDD_Project/docking_export_20260820/01_phase1_benchmark_URAT1_9DKB/poses/gnina_sdf/mol_05075_out.sdf,1.0,0.817350924,7.2079291344,7.2079291344,5.89140753812836,2.862667879793252,True,True,1.200721862632323,True,True,0,Cc1ccc2[nH]c(SCc3csc(NC(=O)c4ccccc4C(=O)[O-])n3)nc2c1,true_decoy,
mol_07676,urat1_9dkb,42,a1,a1_cnnscore_top1,9,6,/home/gwj/work/c1-campaign/URAT1_NLRP3_DualTarget_AIDD_Project/docking_export_20260820/01_phase1_benchmark_URAT1_9DKB/poses/gnina_sdf/mol_07676_out.sdf,1.0,0.525886476,6.3370690346,6.3370690346,3.3325789027745163,7.441487072487591,True,True,4.349307574711808,True,True,0,O=C(N/N=C(\c1ccc2c(c1)Cc1ccccc1-2)c1ccccc1C(=O)[O-])c1ccccc1,true_decoy,
mol_07676,urat1_9dkb,42,a2,a2_geometry_then_cnnscore,9,6,/home/gwj/work/c1-campaign/URAT1_NLRP3_DualTarget_AIDD_Project/docking_export_20260820/01_phase1_benchmark_URAT1_9DKB/poses/gnina_sdf/mol_07676_out.sdf,1.0,0.525886476,6.3370690346,6.3370690346,3.3325789027745163,7.441487072487591,True,True,4.349307574711808,True,True,0,O=C(N/N=C(\c1ccc2c(c1)Cc1ccccc1-2)c1ccccc1C(=O)[O-])c1ccccc1,true_decoy,
mol_08767,urat1_9dkb,42,a1,a1_cnnscore_top1,9,3,/home/gwj/work/c1-campaign/URAT1_NLRP3_DualTarget_AIDD_Project/docking_export_20260820/01_phase1_benchmark_URAT1_9DKB/poses/gnina_sdf/mol_08767_out.sdf,1.0,0.8482909203,7.5474600792,7.5474600792,6.402441856512079,15.086029721898328,True,False,1.6470189223985607,True,False,0,O=C([O-])Cc1cc(F)c(NC(=O)OCC2c3ccccc3-c3ccccc32)cc1F,true_decoy,
mol_08767,urat1_9dkb,42,a2,a2_geometry_then_cnnscore,9,3,/home/gwj/work/c1-campaign/URAT1_NLRP3_DualTarget_AIDD_Project/docking_export_20260820/01_phase1_benchmark_URAT1_9DKB/poses/gnina_sdf/mol_08767_out.sdf,2.0,0.5628414154,6.3474507332,6.3474507332,3.5726081548560553,5.665018024684477,True,True,2.5552148793888,True,True,0,O=C([O-])Cc1cc(F)c(NC(=O)OCC2c3ccccc3-c3ccccc32)cc1F,true_decoy,
mol_04671,urat1_9dkb,42,a1,a1_cnnscore_top1,9,9,/home/gwj/work/c1-campaign/URAT1_NLRP3_DualTarget_AIDD_Project/docking_export_20260820/01_phase1_benchmark_URAT1_9DKB/poses/gnina_sdf/mol_04671_out.sdf,1.0,0.9133874774,7.753194809,7.753194809,7.081671048383285,2.973266515131117,True,True,0.6164601168826327,True,True,0,Cc1ccc(C(=O)/C(=C\Nc2cc(Cl)ccc2C(=O)[O-])c2nnnn2-c2ccc(C)cc2)cc1,true_decoy,
mol_04671,urat1_9dkb,42,a2,a2_geometry_then_cnnscore,9,9,/home/gwj/work/c1-campaign/URAT1_NLRP3_DualTarget_AIDD_Project/docking_export_20260820/01_phase1_benchmark_URAT1_9DKB/poses/gnina_sdf/mol_04671_out.sdf,1.0,0.9133874774,7.753194809,7.753194809,7.081671048383285,2.973266515131117,True,True,0.6164601168826327,True,True,0,Cc1ccc(C(=O)/C(=C\Nc2cc(Cl)ccc2C(=O)[O-])c2nnnn2-c2ccc(C)cc2)cc1,true_decoy,
mol_04994,urat1_9dkb,42,a1,a1_cnnscore_top1,9,1,/home/gwj/work/c1-campaign/URAT1_NLRP3_DualTarget_AIDD_Project/docking_export_20260820/01_phase1_benchmark_URAT1_9DKB/poses/gnina_sdf/mol_04994_out.sdf,1.0,0.5682504177,6.6517891884,6.6517891884,3.7798819847606437,14.461624067510535,True,False,3.0265691773356984,True,False,0,Cc1ccc(S(=O)(=O)/N=C2/C=C(Nc3ccc(C(=O)[O-])cc3)C(=O)c3ccccc32)c(C)c1,true_decoy,
mol_04994,urat1_9dkb,42,a2,a2_geometry_then_cnnscore,9,1,/home/gwj/work/c1-campaign/URAT1_NLRP3_DualTarget_AIDD_Project/docking_export_20260820/01_phase1_benchmark_URAT1_9DKB/poses/gnina_sdf/mol_04994_out.sdf,3.0,0.538982749,5.9765849113,5.9765849113,3.221276165124395,5.354906637841598,True,True,3.6566898984204914,True,True,0,Cc1ccc(S(=O)(=O)/N=C2/C=C(Nc3ccc(C(=O)[O-])cc3)C(=O)c3ccccc32)c(C)c1,true_decoy,
mol_02941,urat1_9dkb,42,a1,a1_cnnscore_top1,9,4,/home/gwj/work/c1-campaign/URAT1_NLRP3_DualTarget_AIDD_Project/docking_export_20260820/01_phase1_benchmark_URAT1_9DKB/poses/gnina_sdf/mol_02941_out.sdf,1.0,0.7021197677,7.3955154419,7.3955154419,5.192537584088591,7.8984638778689105,True,False,3.044578591616964,True,False,0,COc1ccc(-c2cc(-c3ccc(Br)cc3)nc(SCC(=O)Nc3ccc(C)cc3)c2C(=O)[O-])cc1,true_decoy,
mol_02941,urat1_9dkb,42,a2,a2_geometry_then_cnnscore,9,4,/home/gwj/work/c1-campaign/URAT1_NLRP3_DualTarget_AIDD_Project/docking_export_20260820/01_phase1_benchmark_URAT1_9DKB/poses/gnina_sdf/mol_02941_out.sdf,3.0,0.6512572765,7.2829170227,7.2829170227,4.743052705179091,6.218861209256886,True,True,1.7280443779912331,True,True,0,COc1ccc(-c2cc(-c3ccc(Br)cc3)nc(SCC(=O)Nc3ccc(C)cc3)c2C(=O)[O-])cc1,true_decoy,
mol_00612,urat1_9dkb,42,a1,a1_cnnscore_top1,9,4,/home/gwj/work/c1-campaign/URAT1_NLRP3_DualTarget_AIDD_Project/docking_export_20260820/01_phase1_benchmark_URAT1_9DKB/poses/gnina_sdf/mol_00612_out.sdf,1.0,0.8079390526,7.6145005226,7.6145005226,6.152052338251649,14.412063656187476,True,False,1.7520925025595726,True,False,0,CC(C)c1ccc2ncnc(NC3CC4(CCC(C(=O)[O-])CC4)C3)c2c1,true_decoy,
mol_00612,urat1_9dkb,42,a2,a2_geometry_then_cnnscore,9,4,/home/gwj/work/c1-campaign/URAT1_NLRP3_DualTarget_AIDD_Project/docking_export_20260820/01_phase1_benchmark_URAT1_9DKB/poses/gnina_sdf/mol_00612_out.sdf,3.0,0.477688998,7.1639194489,7.1639194489,3.422125503297753,3.262360813889226,True,True,1.8179521073467115,True,True,0,CC(C)c1ccc2ncnc(NC3CC4(CCC(C(=O)[O-])CC4)C3)c2c1,true_decoy,
mol_07785,urat1_9dkb,42,a1,a1_cnnscore_top1,9,3,/home/gwj/work/c1-campaign/URAT1_NLRP3_DualTarget_AIDD_Project/docking_export_20260820/01_phase1_benchmark_URAT1_9DKB/poses/gnina_sdf/mol_07785_out.sdf,1.0,0.5734238029,6.2265944481,6.2265944481,3.5704774675455284,14.57969765152899,True,False,2.5948490961424486,True,False,0,O=C(NC1CC2(CCC(C(=O)[O-])CC2)C1)c1csc(C2CCCCC2)c1,true_decoy,
mol_07785,urat1_9dkb,42,a2,a2_geometry_then_cnnscore,9,3,/home/gwj/work/c1-campaign/URAT1_NLRP3_DualTarget_AIDD_Project/docking_export_20260820/01_phase1_benchmark_URAT1_9DKB/poses/gnina_sdf/mol_07785_out.sdf,6.0,0.4150935411,6.0645632744,6.0645632744,2.5173610447957073,7.327258918586135,True,True,3.9420685630121914,True,True,0,O=C(NC1CC2(CCC(C(=O)[O-])CC2)C1)c1csc(C2CCCCC2)c1,true_decoy,
mol_02957,urat1_9dkb,42,a1,a1_cnnscore_top1,9,2,/home/gwj/work/c1-campaign/URAT1_NLRP3_DualTarget_AIDD_Project/docking_export_20260820/01_phase1_benchmark_URAT1_9DKB/poses/gnina_sdf/mol_02957_out.sdf,1.0,0.537752986,5.9247131348,5.9247131348,3.1860321794321207,8.151028566996933,True,False,3.69336483699184,True,False,0,COc1ccc(-c2cc3nc(C(Cl)=Cc4ccc(C(=O)[O-])cc4)[nH]c(=O)c3s2)cc1,true_decoy,
mol_02957,urat1_9dkb,42,a2,a2_geometry_then_cnnscore,9,2,/home/gwj/work/c1-campaign/URAT1_NLRP3_DualTarget_AIDD_Project/docking_export_20260820/01_phase1_benchmark_URAT1_9DKB/poses/gnina_sdf/mol_02957_out.sdf,4.0,0.4711978436,5.9699692726,5.9699692726,2.8130366476073805,6.943419990177752,True,True,5.134258093160421,True,True,0,COc1ccc(-c2cc3nc(C(Cl)=Cc4ccc(C(=O)[O-])cc4)[nH]c(=O)c3s2)cc1,true_decoy,
mol_08785,urat1_9dkb,42,a1,a1_cnnscore_top1,9,1,/home/gwj/work/c1-campaign/URAT1_NLRP3_DualTarget_AIDD_Project/docking_export_20260820/01_phase1_benchmark_URAT1_9DKB/poses/gnina_sdf/mol_08785_out.sdf,1.0,0.7328146696,6.5102572441,6.5102572441,4.770812011346147,12.864060252501924,True,False,1.186438199426747,True,False,0,O=C([O-])c1n[nH]c2cc(OCc3ccc4ccccc4c3)ccc12,true_decoy,
mol_08785,urat1_9dkb,42,a2,a2_geometry_then_cnnscore,9,1,/home/gwj/work/c1-campaign/URAT1_NLRP3_DualTarget_AIDD_Project/docking_export_20260820/01_phase1_benchmark_URAT1_9DKB/poses/gnina_sdf/mol_08785_out.sdf,8.0,0.4540827572,5.3015837669,5.3015837669,2.4073577744007144,3.6484433680680786,True,True,2.663054458640962,True,True,0,O=C([O-])c1n[nH]c2cc(OCc3ccc4ccccc4c3)ccc12,true_decoy,
mol_04008,urat1_9dkb,42,a1,a1_cnnscore_top1,9,4,/home/gwj/work/c1-campaign/URAT1_NLRP3_DualTarget_AIDD_Project/docking_export_20260820/01_phase1_benchmark_URAT1_9DKB/poses/gnina_sdf/mol_04008_out.sdf,1.0,0.6716245413,6.4346809387,6.4346809387,4.321689633866241,9.451959754992608,True,False,3.2020611391766804,True,False,0,Cc1c(C(=O)[O-])oc2c1C(=O)C(=Cc1cccc(NC(=O)c3ccccc3Cl)c1)CC2,true_decoy,
mol_04008,urat1_9dkb,42,a2,a2_geometry_then_cnnscore,9,4,/home/gwj/work/c1-campaign/URAT1_NLRP3_DualTarget_AIDD_Project/docking_export_20260820/01_phase1_benchmark_URAT1_9DKB/poses/gnina_sdf/mol_04008_out.sdf,3.0,0.5621981621,6.3644943237,6.3644943237,3.578107011480022,7.299244893137915,True,True,3.426364181884731,True,True,0,Cc1c(C(=O)[O-])oc2c1C(=O)C(=Cc1cccc(NC(=O)c3ccccc3Cl)c1)CC2,true_decoy,
mol_08774,urat1_9dkb,42,a1,a1_cnnscore_top1,9,8,/home/gwj/work/c1-campaign/URAT1_NLRP3_DualTarget_AIDD_Project/docking_export_20260820/01_phase1_benchmark_URAT1_9DKB/poses/gnina_sdf/mol_08774_out.sdf,1.0,0.4259514809,6.2255554199,6.2255554199,2.6517845505314264,3.6741076658149225,True,True,4.3812223805368715,True,True,0,O=C([O-])c1ccc(-c2c[nH]c3ncc(-c4ccccc4)cc23)cc1C1CCCC1,true_decoy,
mol_08774,urat1_9dkb,42,a2,a2_geometry_then_cnnscore,9,8,/home/gwj/work/c1-campaign/URAT1_NLRP3_DualTarget_AIDD_Project/docking_export_20260820/01_phase1_benchmark_URAT1_9DKB/poses/gnina_sdf/mol_08774_out.sdf,1.0,0.4259514809,6.2255554199,6.2255554199,2.6517845505314264,3.6741076658149225,True,True,4.3812223805368715,True,True,0,O=C([O-])c1ccc(-c2c[nH]c3ncc(-c4ccccc4)cc23)cc1C1CCCC1,true_decoy,
mol_03873,urat1_9dkb,42,a1,a1_cnnscore_top1,9,3,/home/gwj/work/c1-campaign/URAT1_NLRP3_DualTarget_AIDD_Project/docking_export_20260820/01_phase1_benchmark_URAT1_9DKB/poses/gnina_sdf/mol_03873_out.sdf,1.0,0.496213764,5.8844227791,5.8844227791,2.9199315761845517,11.686615700877644,True,False,2.9293044915638595,True,False,0,C[NH+]1CCC[C@]2(C(=O)[O-])CCN(C(=O)c3cnc(C4CC4)nc3)C[C@@H]12,true_decoy,
mol_03873,urat1_9dkb,42,a2,a2_geometry_then_cnnscore,9,3,/home/gwj/work/c1-campaign/URAT1_NLRP3_DualTarget_AIDD_Project/docking_export_20260820/01_phase1_benchmark_URAT1_9DKB/poses/gnina_sdf/mol_03873_out.sdf,3.0,0.2609716654,5.466178894,5.466178894,1.4265178093415098,7.4698355095677895,True,True,4.104046691468339,True,True,0,C[NH+]1CCC[C@]2(C(=O)[O-])CCN(C(=O)c3cnc(C4CC4)nc3)C[C@@H]12,true_decoy,
mol_06180,urat1_9dkb,42,a1,a1_cnnscore_top1,9,7,/home/gwj/work/c1-campaign/URAT1_NLRP3_DualTarget_AIDD_Project/docking_export_20260820/01_phase1_benchmark_URAT1_9DKB/poses/gnina_sdf/mol_06180_out.sdf,1.0,0.4278759956,5.4333953857,5.4333953857,2.3248194601448335,10.751084392283405,True,False,1.3228289481231956,True,False,0,Cc1sc2ccccc2c1C[NH+]1C[C@@]2(C(=O)[O-])C[C@@]2(C(=O)[O-])C1,true_decoy,
mol_06180,urat1_9dkb,42,a2,a2_geometry_then_cnnscore,9,7,/home/gwj/work/c1-campaign/URAT1_NLRP3_DualTarget_AIDD_Project/docking_export_20260820/01_phase1_benchmark_URAT1_9DKB/poses/gnina_sdf/mol_06180_out.sdf,2.0,0.3827322721,5.2306418419,5.2306418419,2.0019354366917157,3.3424210940574173,True,True,2.517688634521833,True,True,0,Cc1sc2ccccc2c1C[NH+]1C[C@@]2(C(=O)[O-])C[C@@]2(C(=O)[O-])C1,true_decoy,
mol_02500,urat1_9dkb,42,a1,a1_cnnscore_top1,9,3,/home/gwj/work/c1-campaign/URAT1_NLRP3_DualTarget_AIDD_Project/docking_export_20260820/01_phase1_benchmark_URAT1_9DKB/poses/gnina_sdf/mol_02500_out.sdf,1.0,0.773073256,6.758834362,6.758834362,5.225074086996022,11.292710539989935,True,False,1.6142835429631581,True,False,0,CN1Cc2ccccc2N(CC(=O)N2C[C@@H](C(=O)[O-])[C@H](C3CC3)C2)C1=O,true_decoy,
mol_02500,urat1_9dkb,42,a2,a2_geometry_then_cnnscore,9,3,/home/gwj/work/c1-campaign/URAT1_NLRP3_DualTarget_AIDD_Project/docking_export_20260820/01_phase1_benchmark_URAT1_9DKB/poses/gnina_sdf/mol_02500_out.sdf,4.0,0.6821498275,6.1431846619,6.1431846619,4.190572357415731,3.1644973708315702,True,True,1.596808797034204,True,True,0,CN1Cc2ccccc2N(CC(=O)N2C[C@@H](C(=O)[O-])[C@H](C3CC3)C2)C1=O,true_decoy,
mol_08756,urat1_9dkb,42,a1,a1_cnnscore_top1,9,6,/home/gwj/work/c1-campaign/URAT1_NLRP3_DualTarget_AIDD_Project/docking_export_20260820/01_phase1_benchmark_URAT1_9DKB/poses/gnina_sdf/mol_08756_out.sdf,1.0,0.6124781966,6.3901381493,6.3901381493,3.913820289708126,12.298092026407998,True,False,1.6171829073962274,True,False,0,O=C([O-])CC(NC(=O)OCC1c2ccccc2-c2ccccc21)c1cccc2ccccc12,true_decoy,
mol_08756,urat1_9dkb,42,a2,a2_geometry_then_cnnscore,9,6,/home/gwj/work/c1-campaign/URAT1_NLRP3_DualTarget_AIDD_Project/docking_export_20260820/01_phase1_benchmark_URAT1_9DKB/poses/gnina_sdf/mol_08756_out.sdf,2.0,0.4827071428,6.3564343452,6.3564343452,3.068296261167281,3.292147399494733,True,True,0.827938742735781,True,True,0,O=C([O-])CC(NC(=O)OCC1c2ccccc2-c2ccccc21)c1cccc2ccccc12,true_decoy,
