"Molecule ChEMBL ID","Molecule Name","Molecule Max Phase","Molecular Weight","#RO5 Violations","AlogP","Compound Key","Smiles","Standard Type","Standard Relation","Standard Value","Standard Units","pChEMBL Value","Data Validity Comment","Comment","Uo Units","Ligand Efficiency BEI","Ligand Efficiency LE","Ligand Efficiency LLE","Ligand Efficiency SEI","Potential Duplicate","Assay ChEMBL ID","Assay Description","Assay Type","BAO Format ID","BAO Label","Assay Organism","Assay Tissue ChEMBL ID","Assay Tissue Name","Assay Cell Type","Assay Subcellular Fraction","Assay Parameters","Assay Variant Accession","Assay Variant Mutation","Target ChEMBL ID","Target Name","Target Organism","Target Type","Document ChEMBL ID","Source ID","Source Description","Document Journal","Document Year","Cell ChEMBL ID","Properties","Action Type","Standard Text Value","Value"
"CHEMBL1431","METFORMIN","4.0","129.17","0","-1.03","Metformin","CN(C)C(=N)NC(=N)N","IC50","'='","1700000.0","nM","","Outside typical range","inhibitor [IC50=1700uM]","UO_0000065","","","","","0","CHEMBL2075996","TP_TRANSPORTER: inhibition of Cimetidine uptake (Cimetidine: 1 uM) in Xenopus laevis oocytes","F","BAO_0000219","cell-based format","Xenopus laevis","None","None","Oocyte","None","","","","CHEMBL1743122","Solute carrier family 22 member 2","Homo sapiens","SINGLE PROTEIN","CHEMBL2073978","18","TP-search Transporter Database","Pharm Res","2002","CHEMBL3308859","","INHIBITOR","","1700.0"
"CHEMBL660","AMANTADINE","4.0","151.25","0","1.91","amantadine","NC12CC3CC(CC(C3)C1)C2","IC50","'='","23000.0","nM","4.64","","inhibitor [IC50=23uM]","UO_0000065","","","","","0","CHEMBL2077810","TP_TRANSPORTER: inhibition of Dopamine uptake (Dopamine: 200 uM) in Xenopus laevis oocytes","F","BAO_0000219","cell-based format","Xenopus laevis","None","None","Oocyte","None","","","","CHEMBL1743122","Solute carrier family 22 member 2","Homo sapiens","SINGLE PROTEIN","CHEMBL2074348","18","TP-search Transporter Database","Mol Pharmacol","1998","CHEMBL3308859","","INHIBITOR","","23.0"
"CHEMBL4062501","","None","191.28","0","1.89","5","CC(C)(C)c1ccc(N=C(N)N)cc1","IC50","'='","8300.0","nM","5.08","","","UO_0000065","26.56","0.50","3.19","7.89","0","CHEMBL4046326","Inhibition of human OCT2 expressed in HEK293 cells assessed as decrease in uptake of substrate [3H]MPP+ after 1 min by liquid scintillation counting method","B","BAO_0000219","cell-based format","Homo sapiens","None","None","HEK293","None","","","","CHEMBL1743122","Solute carrier family 22 member 2","Homo sapiens","SINGLE PROTEIN","CHEMBL4043181","1","Scientific Literature","Bioorg Med Chem Lett","2017","CHEMBL3307715","","","","8.3"
"CHEMBL5280198","","None","662.64","3","0.12","19","CC(C)=CCc1c(O)cc(O)c2c(=O)c(O[C@@H]3O[C@@H](C)[C@H](O)[C@@H](O)[C@H]3O[C@@H]3O[C@H](CO)[C@@H](O)[C@H](O)[C@H]3O)c(-c3ccc(O)cc3)oc12","IC50","'='","56540.0","nM","4.25","","","UO_0000065","6.41","0.12","4.13","1.70","0","CHEMBL5229529","Inhibition of OCT2(unknown origin)-mediated ASP+ uptake in HEK293 cells expressing OCT2 using ASP+ as substrate incubated for 5 mins","B","BAO_0000219","cell-based format","Homo sapiens","None","None","HEK293","None","","","","CHEMBL1743122","Solute carrier family 22 member 2","Homo sapiens","SINGLE PROTEIN","CHEMBL5226370","1","Scientific Literature","J Nat Prod","2023","None","TIME = 0.08333 hr","INHIBITOR","","56.54"
"CHEMBL4861111","","None","584.57","2","0.51","47, BP","C[C@@]12C[C@@]3(O)O[C@@H](O1)[C@]1(COC(=O)c4ccccc4)[C@H]3C[C@@]12O[C@@H]1O[C@H](COC(=O)c2ccccc2)[C@@H](O)[C@H](O)[C@H]1O","IC50","'='","4124120.0","nM","","Outside typical range","","UO_0000065","","","","","0","CHEMBL5229529","Inhibition of OCT2(unknown origin)-mediated ASP+ uptake in HEK293 cells expressing OCT2 using ASP+ as substrate incubated for 5 mins","B","BAO_0000219","cell-based format","Homo sapiens","None","None","HEK293","None","","","","CHEMBL1743122","Solute carrier family 22 member 2","Homo sapiens","SINGLE PROTEIN","CHEMBL5226370","1","Scientific Literature","J Nat Prod","2023","None","TIME = 0.08333 hr","INHIBITOR","","4124.12"
"CHEMBL2074647","METIPRENALINE","2.0","225.29","0","1.43","o-Methylisoprenaline","COc1cc(C(O)CNC(C)C)ccc1O","IC50","'>'","100000.0","nM","","","inhibitor [IC50>100uM]","UO_0000065","","","","","0","CHEMBL2078482","TP_TRANSPORTER: inhibition of MPP+ uptake (MPP+: 0.25 uM) in OCT2-expressing HEK293 cells","F","BAO_0000219","cell-based format","None","None","None","HEK293","None","","","","CHEMBL1743122","Solute carrier family 22 member 2","Homo sapiens","SINGLE PROTEIN","CHEMBL2074233","18","TP-search Transporter Database","Br J Pharmacol","2002","CHEMBL3307715","","INHIBITOR","","100.0"
"CHEMBL9324","TETRYLAMMONIUM","2.0","130.25","0","1.88","Tetraethylammonium","CC[N+](CC)(CC)CC","IC50","'='","156000.0","nM","","Outside typical range","inhibitor [IC50=156uM]","UO_0000065","","","","","0","CHEMBL2076312","TP_TRANSPORTER: inhibition of MPP+ uptake (MPP+: 1 uM) in Xenopus laevis oocytes","F","BAO_0000219","cell-based format","Xenopus laevis","None","None","Oocyte","None","","","","CHEMBL1743122","Solute carrier family 22 member 2","Homo sapiens","SINGLE PROTEIN","CHEMBL2073978","18","TP-search Transporter Database","Pharm Res","2002","CHEMBL3308859","","INHIBITOR","","156.0"
"CHEMBL5761245","","None","431.40","0","1.50","BDBM335482","O=C(NCc1ccc(F)cc1F)c1cn2c(c(O)c1=O)C(=O)N1[C@@H]3CC[C@@H](C3)O[C@@H]1C2","IC50","'='","250.0","nM","6.60","","658604","UO_0000065","15.30","0.29","5.10","6.55","0","CHEMBL5732501","Inhibition Assay: Test compounds were serially diluted in DMSO and then spiked (2 μL) into in 0.4 mL KHB buffer containing wild-type or OCT2-transfected cells and incubated for 10 minutes. Assay was initiated with the addition of 0.1 mL of 100 μM 14C-TEA in KHB buffer (20 μM final concentration after mixing). The concentration of TEA is based on the Km. After 10 minutes of incubation, the assay mixture was quenched with addition of 0.5 mL of ice-cold IX PBS buffer. Samples were then centrifuged at 1000 rpm for 5 min and supernatants were removed. Wash steps were repeated four times with ice-cold PBS.","B","BAO_0000019","assay format","Homo sapiens","None","None","None","None","","","","CHEMBL1743122","Solute carrier family 22 member 2","Homo sapiens","SINGLE PROTEIN","CHEMBL5726334","37","BindingDB Patent Bioactivity Data","","2017","None","","","","250.0"
"CHEMBL5830493","","None","445.42","0","1.74","BDBM335488","CC1C[C@H]2C[C@@H]1O[C@@H]1Cn3cc(C(=O)NCc4ccc(F)cc4F)c(=O)c(O)c3C(=O)N21","IC50","'='","204.0","nM","6.69","","658610","UO_0000065","15.02","0.29","4.95","6.63","0","CHEMBL5732501","Inhibition Assay: Test compounds were serially diluted in DMSO and then spiked (2 μL) into in 0.4 mL KHB buffer containing wild-type or OCT2-transfected cells and incubated for 10 minutes. Assay was initiated with the addition of 0.1 mL of 100 μM 14C-TEA in KHB buffer (20 μM final concentration after mixing). The concentration of TEA is based on the Km. After 10 minutes of incubation, the assay mixture was quenched with addition of 0.5 mL of ice-cold IX PBS buffer. Samples were then centrifuged at 1000 rpm for 5 min and supernatants were removed. Wash steps were repeated four times with ice-cold PBS.","B","BAO_0000019","assay format","Homo sapiens","None","None","None","None","","","","CHEMBL1743122","Solute carrier family 22 member 2","Homo sapiens","SINGLE PROTEIN","CHEMBL5726334","37","BindingDB Patent Bioactivity Data","","2017","None","","","","204.0"
"CHEMBL6028654","","None","463.41","0","1.94","BDBM335490","COc1c2n(cc(C(=O)NCc3c(F)cc(F)cc3F)c1=O)C[C@H]1O[C@@H]3CC[C@@H](C3)N1C2=O","IC50","'='","487.0","nM","6.31","","658612","UO_0000065","13.62","0.26","4.37","7.02","0","CHEMBL5732501","Inhibition Assay: Test compounds were serially diluted in DMSO and then spiked (2 μL) into in 0.4 mL KHB buffer containing wild-type or OCT2-transfected cells and incubated for 10 minutes. Assay was initiated with the addition of 0.1 mL of 100 μM 14C-TEA in KHB buffer (20 μM final concentration after mixing). The concentration of TEA is based on the Km. After 10 minutes of incubation, the assay mixture was quenched with addition of 0.5 mL of ice-cold IX PBS buffer. Samples were then centrifuged at 1000 rpm for 5 min and supernatants were removed. Wash steps were repeated four times with ice-cold PBS.","B","BAO_0000019","assay format","Homo sapiens","None","None","None","None","","","","CHEMBL1743122","Solute carrier family 22 member 2","Homo sapiens","SINGLE PROTEIN","CHEMBL5726334","37","BindingDB Patent Bioactivity Data","","2017","None","","","","487.0"
"CHEMBL5981712","","None","451.38","0","1.86","BDBM335498","O=C(NCc1c(F)cc(F)cc1F)c1cn2c(c(O)c1=O)C(=O)N1[C@H](C2)[C@@H]2C[C@@H](F)[C@H]1C2","IC50","'='","10000.0","nM","5.00","","658620","UO_0000065","11.08","0.21","3.14","5.46","0","CHEMBL5732501","Inhibition Assay: Test compounds were serially diluted in DMSO and then spiked (2 μL) into in 0.4 mL KHB buffer containing wild-type or OCT2-transfected cells and incubated for 10 minutes. Assay was initiated with the addition of 0.1 mL of 100 μM 14C-TEA in KHB buffer (20 μM final concentration after mixing). The concentration of TEA is based on the Km. After 10 minutes of incubation, the assay mixture was quenched with addition of 0.5 mL of ice-cold IX PBS buffer. Samples were then centrifuged at 1000 rpm for 5 min and supernatants were removed. Wash steps were repeated four times with ice-cold PBS.","B","BAO_0000019","assay format","Homo sapiens","None","None","None","None","","","","CHEMBL1743122","Solute carrier family 22 member 2","Homo sapiens","SINGLE PROTEIN","CHEMBL5726334","37","BindingDB Patent Bioactivity Data","","2017","None","","","","10000.0"
"CHEMBL5792941","","None","433.39","0","1.91","BDBM330052","O=C(NCc1c(F)cc(F)cc1F)c1cn2c(c(O)c1=O)C(=O)N1[C@H]3CC[C@H](C3)[C@H]1C2","IC50","'='","476.0","nM","6.32","","658616","UO_0000065","14.59","0.28","4.41","6.90","0","CHEMBL5732501","Inhibition Assay: Test compounds were serially diluted in DMSO and then spiked (2 μL) into in 0.4 mL KHB buffer containing wild-type or OCT2-transfected cells and incubated for 10 minutes. Assay was initiated with the addition of 0.1 mL of 100 μM 14C-TEA in KHB buffer (20 μM final concentration after mixing). The concentration of TEA is based on the Km. After 10 minutes of incubation, the assay mixture was quenched with addition of 0.5 mL of ice-cold IX PBS buffer. Samples were then centrifuged at 1000 rpm for 5 min and supernatants were removed. Wash steps were repeated four times with ice-cold PBS.","B","BAO_0000019","assay format","Homo sapiens","None","None","None","None","","","","CHEMBL1743122","Solute carrier family 22 member 2","Homo sapiens","SINGLE PROTEIN","CHEMBL5726334","37","BindingDB Patent Bioactivity Data","","2017","None","","","","476.0"
"CHEMBL110739","CORTICOSTERONE","3.0","346.47","0","2.67","Corticosterone","C[C@]12C[C@H](O)[C@H]3[C@@H](CCC4=CC(=O)CC[C@@]43C)[C@@H]1CC[C@@H]2C(=O)CO","IC50","'='","34200.0","nM","4.47","","inhibitor [IC50=34.2uM]","UO_0000065","","","","","0","CHEMBL2078482","TP_TRANSPORTER: inhibition of MPP+ uptake (MPP+: 0.25 uM) in OCT2-expressing HEK293 cells","F","BAO_0000219","cell-based format","None","None","None","HEK293","None","","","","CHEMBL1743122","Solute carrier family 22 member 2","Homo sapiens","SINGLE PROTEIN","CHEMBL2074233","18","TP-search Transporter Database","Br J Pharmacol","2002","CHEMBL3307715","","INHIBITOR","","34.2"
"CHEMBL902","FAMOTIDINE","4.0","337.46","0","-0.77","famotidine","NC(N)=Nc1nc(CSCC/C(N)=N/S(N)(=O)=O)cs1","IC50","'='","36100.0","nM","4.44","","","UO_0000065","13.16","0.30","5.21","2.53","0","CHEMBL2320303","Inhibition of human OCT2-mediated ASP+ uptake expressed in HEK293 cells after 3 mins by fluorescence assay","B","BAO_0000219","cell-based format","Homo sapiens","None","None","HEK293","None","","","","CHEMBL1743122","Solute carrier family 22 member 2","Homo sapiens","SINGLE PROTEIN","CHEMBL2311273","1","Scientific Literature","J Med Chem","2013","CHEMBL3307715","","","","36.1"
"CHEMBL1112","ARIPIPRAZOLE","4.0","448.39","0","4.86","aripiprazole","O=C1CCc2ccc(OCCCCN3CCN(c4cccc(Cl)c4Cl)CC3)cc2N1","IC50","'='","239000.0","nM","","Outside typical range","","UO_0000065","","","","","0","CHEMBL2320303","Inhibition of human OCT2-mediated ASP+ uptake expressed in HEK293 cells after 3 mins by fluorescence assay","B","BAO_0000219","cell-based format","Homo sapiens","None","None","HEK293","None","","","","CHEMBL1743122","Solute carrier family 22 member 2","Homo sapiens","SINGLE PROTEIN","CHEMBL2311273","1","Scientific Literature","J Med Chem","2013","CHEMBL3307715","","","","239.0"
"CHEMBL603","ZAFIRLUKAST","4.0","575.69","2","5.70","zafirlukast","COc1cc(C(=O)NS(=O)(=O)c2ccccc2C)ccc1Cc1cn(C)c2ccc(NC(=O)OC3CCCC3)cc12","IC50","'='","9700.0","nM","5.01","","","UO_0000065","8.71","0.17","-0.69","4.33","0","CHEMBL2320303","Inhibition of human OCT2-mediated ASP+ uptake expressed in HEK293 cells after 3 mins by fluorescence assay","B","BAO_0000219","cell-based format","Homo sapiens","None","None","HEK293","None","","","","CHEMBL1743122","Solute carrier family 22 member 2","Homo sapiens","SINGLE PROTEIN","CHEMBL2311273","1","Scientific Literature","J Med Chem","2013","CHEMBL3307715","","","","9.7"
"CHEMBL219916","DOMPERIDONE","4.0","425.92","0","3.35","domperidone","O=c1[nH]c2ccccc2n1CCCN1CCC(n2c(=O)[nH]c3cc(Cl)ccc32)CC1","IC50","'='","7900.0","nM","5.10","","","UO_0000065","11.98","0.23","1.75","6.47","0","CHEMBL2320303","Inhibition of human OCT2-mediated ASP+ uptake expressed in HEK293 cells after 3 mins by fluorescence assay","B","BAO_0000219","cell-based format","Homo sapiens","None","None","HEK293","None","","","","CHEMBL1743122","Solute carrier family 22 member 2","Homo sapiens","SINGLE PROTEIN","CHEMBL2311273","1","Scientific Literature","J Med Chem","2013","CHEMBL3307715","","","","7.9"
"CHEMBL900","ORPHENADRINE","4.0","269.39","0","3.66","orphenadrine","Cc1ccccc1C(OCCN(C)C)c1ccccc1","IC50","'='","2500.0","nM","5.60","","","UO_0000065","","","","","0","CHEMBL2154120","Inhibition of human OCT2 expressed in HEK-293-Flp-In cells incubated for 3 mins by ASP+ substrate uptake assay","A","BAO_0000219","cell-based format","Homo sapiens","None","None","None","None","","","","CHEMBL1743122","Solute carrier family 22 member 2","Homo sapiens","SINGLE PROTEIN","CHEMBL2150997","1","Scientific Literature","J Med Chem","2011","None","","","","2.5"
"CHEMBL30","CIMETIDINE","4.0","252.35","0","0.60","cimetidine","CN/C(=N\CCSCc1nc[nH]c1C)NC#N","IC50","'='","23000.0","nM","4.64","","","UO_0000065","","","","","0","CHEMBL2154120","Inhibition of human OCT2 expressed in HEK-293-Flp-In cells incubated for 3 mins by ASP+ substrate uptake assay","A","BAO_0000219","cell-based format","Homo sapiens","None","None","None","None","","","","CHEMBL1743122","Solute carrier family 22 member 2","Homo sapiens","SINGLE PROTEIN","CHEMBL2150997","1","Scientific Literature","J Med Chem","2011","None","","","","23.0"
"CHEMBL135","ESTRADIOL","4.0","272.39","0","3.61","beta-Estradiol","C[C@]12CC[C@@H]3c4ccc(O)cc4CC[C@H]3[C@@H]1CC[C@@H]2O","IC50","'>'","30000.0","nM","","","inhibitor [IC50>30uM]","UO_0000065","","","","","0","CHEMBL2078482","TP_TRANSPORTER: inhibition of MPP+ uptake (MPP+: 0.25 uM) in OCT2-expressing HEK293 cells","F","BAO_0000219","cell-based format","None","None","None","HEK293","None","","","","CHEMBL1743122","Solute carrier family 22 member 2","Homo sapiens","SINGLE PROTEIN","CHEMBL2074233","18","TP-search Transporter Database","Br J Pharmacol","2002","CHEMBL3307715","","INHIBITOR","","30.0"
"CHEMBL5827479","","None","445.42","0","1.84","BDBM330041","C[C@@H]1CCO[C@H]2Cn3cc(C(=O)NC4(c5ccc(F)cc5F)CC4)c(=O)c(O)c3C(=O)N12","IC50","'='","2230.0","nM","5.65","","647106","UO_0000065","12.69","0.24","3.81","5.60","0","CHEMBL5732363","Inhibition Assay: The dose dependent inhibition of OCT2 mediated uptake of a model substrate 14C-Tetraethylammonium (TEA) by test compounds was studied in wild-type and OCT2-transfected MDCKII cells at 7 concentrations from 0.014 μM to 10 μM.MDCKII cells were maintained in minimal essential medium (MEM) with 1% Pen/Strep, 10% fetal bovine serum, and 0.25 mg/mL hygromycin B in an incubator set at 37° C., 90% humidity and 5% CO2. 24 hours prior to assay, media containing 5 mM sodium butyrate were added to MDCKII cells in flasks, and cells were grown to 80-90% confluence. On assay day, cells were trypsinized and resuspended in Krebs-Henseleit Buffer (KHB), pH 7.4 at 5×106 million cells/mL. Cells were preincubated for 15 min in assay plate before addition of test compound or substrate.","B","BAO_0000219","cell-based format","Homo sapiens","None","None","None","None","","","","CHEMBL1743122","Solute carrier family 22 member 2","Homo sapiens","SINGLE PROTEIN","CHEMBL5726266","37","BindingDB Patent Bioactivity Data","","2017","None","","","","2230.0"
"CHEMBL103","PROGESTERONE","4.0","314.47","0","4.72","Progesterone","CC(=O)[C@H]1CC[C@H]2[C@@H]3CCC4=CC(=O)CC[C@]4(C)[C@H]3CC[C@]12C","IC50","'='","26700.0","nM","4.57","","inhibitor [IC50=26.7uM]","UO_0000065","","","","","0","CHEMBL2078482","TP_TRANSPORTER: inhibition of MPP+ uptake (MPP+: 0.25 uM) in OCT2-expressing HEK293 cells","F","BAO_0000219","cell-based format","None","None","None","HEK293","None","","","","CHEMBL1743122","Solute carrier family 22 member 2","Homo sapiens","SINGLE PROTEIN","CHEMBL2074233","18","TP-search Transporter Database","Br J Pharmacol","2002","CHEMBL3307715","","INHIBITOR","","26.7"
"CHEMBL1423","PIMOZIDE","4.0","461.56","1","5.86","pimozide","O=c1[nH]c2ccccc2n1C1CCN(CCCC(c2ccc(F)cc2)c2ccc(F)cc2)CC1","IC50","'='","34200.0","nM","4.47","","","UO_0000065","9.68","0.18","-1.39","10.88","0","CHEMBL2320303","Inhibition of human OCT2-mediated ASP+ uptake expressed in HEK293 cells after 3 mins by fluorescence assay","B","BAO_0000219","cell-based format","Homo sapiens","None","None","HEK293","None","","","","CHEMBL1743122","Solute carrier family 22 member 2","Homo sapiens","SINGLE PROTEIN","CHEMBL2311273","1","Scientific Literature","J Med Chem","2013","CHEMBL3307715","","","","34.2"
"CHEMBL5883252","","None","415.40","0","1.77","BDBM330050","O=C(NCc1ccc(F)cc1F)c1cn2c(c(O)c1=O)C(=O)N1[C@H]3CC[C@H](C3)[C@@H]1C2","IC50","'='","6200.0","nM","5.21","","658614","UO_0000065","12.54","0.24","3.44","5.68","0","CHEMBL5732501","Inhibition Assay: Test compounds were serially diluted in DMSO and then spiked (2 μL) into in 0.4 mL KHB buffer containing wild-type or OCT2-transfected cells and incubated for 10 minutes. Assay was initiated with the addition of 0.1 mL of 100 μM 14C-TEA in KHB buffer (20 μM final concentration after mixing). The concentration of TEA is based on the Km. After 10 minutes of incubation, the assay mixture was quenched with addition of 0.5 mL of ice-cold IX PBS buffer. Samples were then centrifuged at 1000 rpm for 5 min and supernatants were removed. Wash steps were repeated four times with ice-cold PBS.","B","BAO_0000019","assay format","Homo sapiens","None","None","None","None","","","","CHEMBL1743122","Solute carrier family 22 member 2","Homo sapiens","SINGLE PROTEIN","CHEMBL5726334","37","BindingDB Patent Bioactivity Data","","2017","None","","","","6200.0"
"CHEMBL1209651","TETRAMETHYLAMMONIUM","None","109.60","0","0.32","Tetramethylammonium","C[N+](C)(C)C.[Cl-]","IC50","'='","150000.0","nM","","Outside typical range","inhibitor [IC50=150uM]","UO_0000065","","","","","0","CHEMBL2076312","TP_TRANSPORTER: inhibition of MPP+ uptake (MPP+: 1 uM) in Xenopus laevis oocytes","F","BAO_0000219","cell-based format","Xenopus laevis","None","None","Oocyte","None","","","","CHEMBL1743122","Solute carrier family 22 member 2","Homo sapiens","SINGLE PROTEIN","CHEMBL2073978","18","TP-search Transporter Database","Pharm Res","2002","CHEMBL3308859","","INHIBITOR","","150.0"
"CHEMBL46","ONDANSETRON","4.0","293.37","0","3.13","ondansetron","Cc1nccn1CC1CCc2c(c3ccccc3n2C)C1=O","IC50","'='","1700.0","nM","5.77","","","UO_0000065","19.67","0.36","2.64","14.49","0","CHEMBL2320303","Inhibition of human OCT2-mediated ASP+ uptake expressed in HEK293 cells after 3 mins by fluorescence assay","B","BAO_0000219","cell-based format","Homo sapiens","None","None","HEK293","None","","","","CHEMBL1743122","Solute carrier family 22 member 2","Homo sapiens","SINGLE PROTEIN","CHEMBL2311273","1","Scientific Literature","J Med Chem","2013","CHEMBL3307715","","","","1.7"
"CHEMBL290106","BITHIONOL","4.0","356.06","1","5.86","bithionol","Oc1c(Cl)cc(Cl)cc1Sc1cc(Cl)cc(Cl)c1O","IC50","'='","1900.0","nM","5.72","","","UO_0000065","16.07","0.41","-0.14","14.14","0","CHEMBL2320303","Inhibition of human OCT2-mediated ASP+ uptake expressed in HEK293 cells after 3 mins by fluorescence assay","B","BAO_0000219","cell-based format","Homo sapiens","None","None","HEK293","None","","","","CHEMBL1743122","Solute carrier family 22 member 2","Homo sapiens","SINGLE PROTEIN","CHEMBL2311273","1","Scientific Literature","J Med Chem","2013","CHEMBL3307715","","","","1.9"
"CHEMBL339427","TUBOCURARINE","4.0","609.74","2","6.70","tubocurarine","COc1cc2c3cc1Oc1cc(ccc1O)C[C@@H]1c4c(cc(OC)c(O)c4Oc4ccc(cc4)C[C@@H]3N(C)CC2)CC[N+]1(C)C","IC50","'='","78800.0","nM","4.10","","","UO_0000065","6.73","0.12","-2.60","5.09","0","CHEMBL2320303","Inhibition of human OCT2-mediated ASP+ uptake expressed in HEK293 cells after 3 mins by fluorescence assay","B","BAO_0000219","cell-based format","Homo sapiens","None","None","HEK293","None","","","","CHEMBL1743122","Solute carrier family 22 member 2","Homo sapiens","SINGLE PROTEIN","CHEMBL2311273","1","Scientific Literature","J Med Chem","2013","CHEMBL3307715","","","","78.8"
"CHEMBL1732","DIHYDROERGOTAMINE","4.0","583.69","1","2.08","dihydroergotamine","CN1C[C@H](C(=O)N[C@]2(C)O[C@@]3(O)[C@@H]4CCCN4C(=O)[C@H](Cc4ccccc4)N3C2=O)C[C@@H]2c3cccc4[nH]cc(c34)C[C@H]21","IC50","'='","49900.0","nM","4.30","","","UO_0000065","7.37","0.14","2.22","3.64","0","CHEMBL2320303","Inhibition of human OCT2-mediated ASP+ uptake expressed in HEK293 cells after 3 mins by fluorescence assay","B","BAO_0000219","cell-based format","Homo sapiens","None","None","HEK293","None","","","","CHEMBL1743122","Solute carrier family 22 member 2","Homo sapiens","SINGLE PROTEIN","CHEMBL2311273","1","Scientific Literature","J Med Chem","2013","CHEMBL3307715","","","","49.9"
"CHEMBL360861","NIFEKALANT","3.0","405.46","0","0.33","nifekalant","Cn1c(NCCN(CCO)CCCc2ccc([N+](=O)[O-])cc2)cc(=O)n(C)c1=O","IC50","'='","10300.0","nM","4.99","","","UO_0000065","12.30","0.23","4.66","4.07","0","CHEMBL2320303","Inhibition of human OCT2-mediated ASP+ uptake expressed in HEK293 cells after 3 mins by fluorescence assay","B","BAO_0000219","cell-based format","Homo sapiens","None","None","HEK293","None","","","","CHEMBL1743122","Solute carrier family 22 member 2","Homo sapiens","SINGLE PROTEIN","CHEMBL2311273","1","Scientific Literature","J Med Chem","2013","CHEMBL3307715","","","","10.3"
"CHEMBL58","MITOXANTRONE","4.0","444.49","1","-0.14","mitoxantrone","O=C1c2c(O)ccc(O)c2C(=O)c2c(NCCNCCO)ccc(NCCNCCO)c21","IC50","'='","73300.0","nM","4.13","","","UO_0000065","9.30","0.18","4.27","2.53","0","CHEMBL2320303","Inhibition of human OCT2-mediated ASP+ uptake expressed in HEK293 cells after 3 mins by fluorescence assay","B","BAO_0000219","cell-based format","Homo sapiens","None","None","HEK293","None","","","","CHEMBL1743122","Solute carrier family 22 member 2","Homo sapiens","SINGLE PROTEIN","CHEMBL2311273","1","Scientific Literature","J Med Chem","2013","CHEMBL3307715","","","","73.3"
"CHEMBL163","RITONAVIR","4.0","720.96","2","5.91","ritonavir","CC(C)c1nc(CN(C)C(=O)N[C@H](C(=O)N[C@@H](Cc2ccccc2)C[C@H](O)[C@H](Cc2ccccc2)NC(=O)OCc2cncs2)C(C)C)cs1","IC50","'='","24800.0","nM","4.61","","","UO_0000065","6.39","0.13","-1.30","3.16","0","CHEMBL2320303","Inhibition of human OCT2-mediated ASP+ uptake expressed in HEK293 cells after 3 mins by fluorescence assay","B","BAO_0000219","cell-based format","Homo sapiens","None","None","HEK293","None","","","","CHEMBL1743122","Solute carrier family 22 member 2","Homo sapiens","SINGLE PROTEIN","CHEMBL2311273","1","Scientific Literature","J Med Chem","2013","CHEMBL3307715","","","","24.8"
"CHEMBL256907","MARAVIROC","4.0","513.68","2","5.95","maraviroc","Cc1nnc(C(C)C)n1[C@H]1C[C@H]2CC[C@@H](C1)N2CC[C@H](NC(=O)C1CCC(F)(F)CC1)c1ccccc1","IC50","'='","255000.0","nM","","Outside typical range","","UO_0000065","","","","","0","CHEMBL2320303","Inhibition of human OCT2-mediated ASP+ uptake expressed in HEK293 cells after 3 mins by fluorescence assay","B","BAO_0000219","cell-based format","Homo sapiens","None","None","HEK293","None","","","","CHEMBL1743122","Solute carrier family 22 member 2","Homo sapiens","SINGLE PROTEIN","CHEMBL2311273","1","Scientific Literature","J Med Chem","2013","CHEMBL3307715","","","","255.0"
"CHEMBL723","CARVEDILOL","4.0","406.48","0","3.74","carvedilol","COc1ccccc1OCCNCC(O)COc1cccc2[nH]c3ccccc3c12","IC50","'='","7500.0","nM","5.12","","","UO_0000065","12.61","0.23","1.38","6.77","0","CHEMBL2320303","Inhibition of human OCT2-mediated ASP+ uptake expressed in HEK293 cells after 3 mins by fluorescence assay","B","BAO_0000219","cell-based format","Homo sapiens","None","None","HEK293","None","","","","CHEMBL1743122","Solute carrier family 22 member 2","Homo sapiens","SINGLE PROTEIN","CHEMBL2311273","1","Scientific Literature","J Med Chem","2013","CHEMBL3307715","","","","7.5"
"CHEMBL481","IRINOTECAN","4.0","586.69","1","4.09","irinotecan","CCc1c2c(nc3ccc(OC(=O)N4CCC(N5CCCCC5)CC4)cc13)-c1cc3c(c(=O)n1C2)COC(=O)[C@]3(O)CC","IC50","'='","2700.0","nM","5.57","","","UO_0000065","9.49","0.18","1.48","4.88","0","CHEMBL2320303","Inhibition of human OCT2-mediated ASP+ uptake expressed in HEK293 cells after 3 mins by fluorescence assay","B","BAO_0000219","cell-based format","Homo sapiens","None","None","HEK293","None","","","","CHEMBL1743122","Solute carrier family 22 member 2","Homo sapiens","SINGLE PROTEIN","CHEMBL2311273","1","Scientific Literature","J Med Chem","2013","CHEMBL3307715","","","","2.7"
"CHEMBL959","RIMANTADINE","4.0","179.31","0","2.55","rimantadine","CC(N)C12CC3CC(CC(C3)C1)C2","IC50","'='","4400.0","nM","5.36","","","UO_0000065","29.87","0.56","2.81","20.59","0","CHEMBL2320303","Inhibition of human OCT2-mediated ASP+ uptake expressed in HEK293 cells after 3 mins by fluorescence assay","B","BAO_0000219","cell-based format","Homo sapiens","None","None","HEK293","None","","","","CHEMBL1743122","Solute carrier family 22 member 2","Homo sapiens","SINGLE PROTEIN","CHEMBL2311273","1","Scientific Literature","J Med Chem","2013","CHEMBL3307715","","","","4.4"
"CHEMBL590799","CAMOSTAT","3.0","398.42","0","1.39","camostat","CN(C)C(=O)COC(=O)Cc1ccc(OC(=O)c2ccc(NC(=N)N)cc2)cc1","IC50","'='","16500.0","nM","4.78","","","UO_0000065","12.00","0.23","3.39","3.55","0","CHEMBL2320303","Inhibition of human OCT2-mediated ASP+ uptake expressed in HEK293 cells after 3 mins by fluorescence assay","B","BAO_0000219","cell-based format","Homo sapiens","None","None","HEK293","None","","","","CHEMBL1743122","Solute carrier family 22 member 2","Homo sapiens","SINGLE PROTEIN","CHEMBL2311273","1","Scientific Literature","J Med Chem","2013","CHEMBL3307715","","","","16.5"
"CHEMBL272259","","None","225.29","0","2.58","6","N=C(N)Nc1ccc(Cc2ccccc2)cc1","IC50","'='","96200.0","nM","4.02","","","UO_0000065","17.83","0.32","1.44","6.49","0","CHEMBL4046326","Inhibition of human OCT2 expressed in HEK293 cells assessed as decrease in uptake of substrate [3H]MPP+ after 1 min by liquid scintillation counting method","B","BAO_0000219","cell-based format","Homo sapiens","None","None","HEK293","None","","","","CHEMBL1743122","Solute carrier family 22 member 2","Homo sapiens","SINGLE PROTEIN","CHEMBL4043181","1","Scientific Literature","Bioorg Med Chem Lett","2017","CHEMBL3307715","","","","96.2"
"CHEMBL932","DIPYRIDAMOLE","4.0","504.64","2","-0.02","dipyridamole","OCCN(CCO)c1nc(N2CCCCC2)c2nc(N(CCO)CCO)nc(N3CCCCC3)c2n1","IC50","'='","2600.0","nM","5.58","","","UO_0000065","","","","","0","CHEMBL2154120","Inhibition of human OCT2 expressed in HEK-293-Flp-In cells incubated for 3 mins by ASP+ substrate uptake assay","A","BAO_0000219","cell-based format","Homo sapiens","None","None","None","None","","","","CHEMBL1743122","Solute carrier family 22 member 2","Homo sapiens","SINGLE PROTEIN","CHEMBL2150997","1","Scientific Literature","J Med Chem","2011","None","","","","2.6"
"CHEMBL46","ONDANSETRON","4.0","293.37","0","3.13","ondansetron","Cc1nccn1CC1CCc2c(c3ccccc3n2C)C1=O","IC50","'='","890.0","nM","6.05","","","UO_0000065","","","","","0","CHEMBL2154120","Inhibition of human OCT2 expressed in HEK-293-Flp-In cells incubated for 3 mins by ASP+ substrate uptake assay","A","BAO_0000219","cell-based format","Homo sapiens","None","None","None","None","","","","CHEMBL1743122","Solute carrier family 22 member 2","Homo sapiens","SINGLE PROTEIN","CHEMBL2150997","1","Scientific Literature","J Med Chem","2011","None","","","","0.89"
"CHEMBL170988","PHENFORMIN","4.0","205.26","0","0.24","Phenformin","N=C(N)NC(=N)NCCc1ccccc1","IC50","'='","65000.0","nM","4.19","","inhibitor [IC50=65uM]","UO_0000065","","","","","0","CHEMBL2075996","TP_TRANSPORTER: inhibition of Cimetidine uptake (Cimetidine: 1 uM) in Xenopus laevis oocytes","F","BAO_0000219","cell-based format","Xenopus laevis","None","None","Oocyte","None","","","","CHEMBL1743122","Solute carrier family 22 member 2","Homo sapiens","SINGLE PROTEIN","CHEMBL2073978","18","TP-search Transporter Database","Pharm Res","2002","CHEMBL3308859","","INHIBITOR","","65.0"
"CHEMBL2074900","","None","257.76","0","3.93","SKF550","CN(CCCl)C1c2ccccc2-c2ccccc21","IC50","'='","100.0","nM","7.00","","inhibitor [IC50=0.1uM]","UO_0000065","","","","","0","CHEMBL2078482","TP_TRANSPORTER: inhibition of MPP+ uptake (MPP+: 0.25 uM) in OCT2-expressing HEK293 cells","F","BAO_0000219","cell-based format","None","None","None","HEK293","None","","","","CHEMBL1743122","Solute carrier family 22 member 2","Homo sapiens","SINGLE PROTEIN","CHEMBL2074233","18","TP-search Transporter Database","Br J Pharmacol","2002","CHEMBL3307715","","INHIBITOR","","0.1"
"CHEMBL5843001","","None","429.42","0","2.01","BDBM330061","C[C@H]1C[C@@H]2C[C@H]1N1C(=O)c3c(O)c(=O)c(C(=O)NCc4ccc(F)cc4F)cn3C[C@@H]21","IC50","'='","450.0","nM","6.35","","647126","UO_0000065","14.78","0.28","4.34","6.93","0","CHEMBL5732363","Inhibition Assay: The dose dependent inhibition of OCT2 mediated uptake of a model substrate 14C-Tetraethylammonium (TEA) by test compounds was studied in wild-type and OCT2-transfected MDCKII cells at 7 concentrations from 0.014 μM to 10 μM.MDCKII cells were maintained in minimal essential medium (MEM) with 1% Pen/Strep, 10% fetal bovine serum, and 0.25 mg/mL hygromycin B in an incubator set at 37° C., 90% humidity and 5% CO2. 24 hours prior to assay, media containing 5 mM sodium butyrate were added to MDCKII cells in flasks, and cells were grown to 80-90% confluence. On assay day, cells were trypsinized and resuspended in Krebs-Henseleit Buffer (KHB), pH 7.4 at 5×106 million cells/mL. Cells were preincubated for 15 min in assay plate before addition of test compound or substrate.","B","BAO_0000219","cell-based format","Homo sapiens","None","None","None","None","","","","CHEMBL1743122","Solute carrier family 22 member 2","Homo sapiens","SINGLE PROTEIN","CHEMBL5726266","37","BindingDB Patent Bioactivity Data","","2017","None","","","","450.0"
"CHEMBL1502","PANTOPRAZOLE","4.0","383.38","0","2.88","pantoprazole","COc1ccnc(C[S+]([O-])c2nc3cc(OC(F)F)ccc3[nH]2)c1OC","IC50","'='","1500.0","nM","5.82","","","UO_0000065","15.19","0.31","2.94","6.31","0","CHEMBL2320303","Inhibition of human OCT2-mediated ASP+ uptake expressed in HEK293 cells after 3 mins by fluorescence assay","B","BAO_0000219","cell-based format","Homo sapiens","None","None","HEK293","None","","","","CHEMBL1743122","Solute carrier family 22 member 2","Homo sapiens","SINGLE PROTEIN","CHEMBL2311273","1","Scientific Literature","J Med Chem","2013","CHEMBL3307715","","","","1.5"
"CHEMBL5483011","INDINAVIR","3.0","631.82","1","2.87","indinavir","CC(C)(C)NC(=O)[C@@H]1CN(Cc2cccnc2)CCN1C[C@@H](O)C[C@@H](Cc1ccccc1)C(=O)N[C@H]1c2ccccc2C[C@H]1O.O","IC50","'='","142000.0","nM","","Outside typical range","","UO_0000065","","","","","0","CHEMBL2320303","Inhibition of human OCT2-mediated ASP+ uptake expressed in HEK293 cells after 3 mins by fluorescence assay","B","BAO_0000219","cell-based format","Homo sapiens","None","None","HEK293","None","","","","CHEMBL1743122","Solute carrier family 22 member 2","Homo sapiens","SINGLE PROTEIN","CHEMBL2311273","1","Scientific Literature","J Med Chem","2013","CHEMBL3307715","","","","142.0"
"CHEMBL43415","","None","149.20","0","1.30","4","Cc1ccc(NC(=N)N)cc1","IC50","'='","9300.0","nM","5.03","","","UO_0000065","33.72","0.62","3.73","8.13","0","CHEMBL4046326","Inhibition of human OCT2 expressed in HEK293 cells assessed as decrease in uptake of substrate [3H]MPP+ after 1 min by liquid scintillation counting method","B","BAO_0000219","cell-based format","Homo sapiens","None","None","HEK293","None","","","","CHEMBL1743122","Solute carrier family 22 member 2","Homo sapiens","SINGLE PROTEIN","CHEMBL4043181","1","Scientific Literature","Bioorg Med Chem Lett","2017","CHEMBL3307715","","","","9.3"
"CHEMBL4100146","","None","261.07","0","1.20","9","NC(N)=Nc1ccc(I)cc1","IC50","'='","4400.0","nM","5.36","","","UO_0000065","20.52","0.67","4.16","8.32","0","CHEMBL4046326","Inhibition of human OCT2 expressed in HEK293 cells assessed as decrease in uptake of substrate [3H]MPP+ after 1 min by liquid scintillation counting method","B","BAO_0000219","cell-based format","Homo sapiens","None","None","HEK293","None","","","","CHEMBL1743122","Solute carrier family 22 member 2","Homo sapiens","SINGLE PROTEIN","CHEMBL4043181","1","Scientific Literature","Bioorg Med Chem Lett","2017","CHEMBL3307715","","","","4.4"
"CHEMBL1236196","TETRABUTHYLAMMONIUM","None","242.47","1","5.00","Tetrabuthylammonium","CCCC[N+](CCCC)(CCCC)CCCC","IC50","'='","120000.0","nM","","Outside typical range","inhibitor [IC50=120uM]","UO_0000065","","","","","0","CHEMBL2076312","TP_TRANSPORTER: inhibition of MPP+ uptake (MPP+: 1 uM) in Xenopus laevis oocytes","F","BAO_0000219","cell-based format","Xenopus laevis","None","None","Oocyte","None","","","","CHEMBL1743122","Solute carrier family 22 member 2","Homo sapiens","SINGLE PROTEIN","CHEMBL2073978","18","TP-search Transporter Database","Pharm Res","2002","CHEMBL3308859","","INHIBITOR","","120.0"
"CHEMBL1160766","","None","153.16","0","1.13","7","N=C(N)Nc1ccc(F)cc1","IC50","'='","48300.0","nM","4.32","","","UO_0000065","28.18","0.54","3.19","6.97","0","CHEMBL4046326","Inhibition of human OCT2 expressed in HEK293 cells assessed as decrease in uptake of substrate [3H]MPP+ after 1 min by liquid scintillation counting method","B","BAO_0000219","cell-based format","Homo sapiens","None","None","HEK293","None","","","","CHEMBL1743122","Solute carrier family 22 member 2","Homo sapiens","SINGLE PROTEIN","CHEMBL4043181","1","Scientific Literature","Bioorg Med Chem Lett","2017","CHEMBL3307715","","","","48.3"
"CHEMBL1160763","","None","214.07","0","1.75","8","N=C(N)Nc1ccc(Br)cc1","IC50","'='","11300.0","nM","4.95","","","UO_0000065","23.11","0.61","3.20","7.99","0","CHEMBL4046326","Inhibition of human OCT2 expressed in HEK293 cells assessed as decrease in uptake of substrate [3H]MPP+ after 1 min by liquid scintillation counting method","B","BAO_0000219","cell-based format","Homo sapiens","None","None","HEK293","None","","","","CHEMBL1743122","Solute carrier family 22 member 2","Homo sapiens","SINGLE PROTEIN","CHEMBL4043181","1","Scientific Literature","Bioorg Med Chem Lett","2017","CHEMBL3307715","","","","11.3"
"CHEMBL14047","PHENYLGUANIDINE","None","135.17","0","0.99","2","N=C(N)Nc1ccccc1","IC50","'='","89000.0","nM","4.05","","","UO_0000065","29.97","0.55","3.06","6.54","0","CHEMBL4046326","Inhibition of human OCT2 expressed in HEK293 cells assessed as decrease in uptake of substrate [3H]MPP+ after 1 min by liquid scintillation counting method","B","BAO_0000219","cell-based format","Homo sapiens","None","None","HEK293","None","","","","CHEMBL1743122","Solute carrier family 22 member 2","Homo sapiens","SINGLE PROTEIN","CHEMBL4043181","1","Scientific Literature","Bioorg Med Chem Lett","2017","CHEMBL3307715","","","","89.0"
"CHEMBL1197556","","None","327.45","1","5.04","Decynium-22","CCN1/C(=C/c2ccc3ccccc3[n+]2CC)C=Cc2ccccc21","IC50","'='","1130.0","nM","5.95","","inhibitor [IC50=1.13uM]","UO_0000065","","","","","0","CHEMBL2078482","TP_TRANSPORTER: inhibition of MPP+ uptake (MPP+: 0.25 uM) in OCT2-expressing HEK293 cells","F","BAO_0000219","cell-based format","None","None","None","HEK293","None","","","","CHEMBL1743122","Solute carrier family 22 member 2","Homo sapiens","SINGLE PROTEIN","CHEMBL2074233","18","TP-search Transporter Database","Br J Pharmacol","2002","CHEMBL3307715","","INHIBITOR","","1.13"
"CHEMBL2","PRAZOSIN","4.0","383.41","0","1.78","prazosin","COc1cc2nc(N3CCN(C(=O)c4ccco4)CC3)nc(N)c2cc1OC","IC50","'='","13600.0","nM","4.87","","","UO_0000065","12.69","0.24","3.09","4.55","0","CHEMBL2320303","Inhibition of human OCT2-mediated ASP+ uptake expressed in HEK293 cells after 3 mins by fluorescence assay","B","BAO_0000219","cell-based format","Homo sapiens","None","None","HEK293","None","","","","CHEMBL1743122","Solute carrier family 22 member 2","Homo sapiens","SINGLE PROTEIN","CHEMBL2311273","1","Scientific Literature","J Med Chem","2013","CHEMBL3307715","","","","13.6"
"CHEMBL790","CHLORHEXIDINE","4.0","505.46","2","4.18","chlorhexidine","N=C(NCCCCCCNC(=N)NC(=N)Nc1ccc(Cl)cc1)NC(=N)Nc1ccc(Cl)cc1","IC50","'='","400.0","nM","6.40","","","UO_0000065","12.66","0.26","2.22","3.82","0","CHEMBL2320303","Inhibition of human OCT2-mediated ASP+ uptake expressed in HEK293 cells after 3 mins by fluorescence assay","B","BAO_0000219","cell-based format","Homo sapiens","None","None","HEK293","None","","","","CHEMBL1743122","Solute carrier family 22 member 2","Homo sapiens","SINGLE PROTEIN","CHEMBL2311273","1","Scientific Literature","J Med Chem","2013","CHEMBL3307715","","","","0.4"
"CHEMBL55","PENTAMIDINE","4.0","340.43","0","2.88","2","N=C(N)c1ccc(OCCCCCOc2ccc(C(=N)N)cc2)cc1","IC50","'='","1200.0","nM","5.92","","","UO_0000065","17.39","0.32","3.04","5.01","0","CHEMBL2320303","Inhibition of human OCT2-mediated ASP+ uptake expressed in HEK293 cells after 3 mins by fluorescence assay","B","BAO_0000219","cell-based format","Homo sapiens","None","None","HEK293","None","","","","CHEMBL1743122","Solute carrier family 22 member 2","Homo sapiens","SINGLE PROTEIN","CHEMBL2311273","1","Scientific Literature","J Med Chem","2013","CHEMBL3307715","","","","1.2"
"CHEMBL85","RISPERIDONE","4.0","410.49","0","3.59","Risperidone","Cc1nc2n(c(=O)c1CCN1CCC(c3noc4cc(F)ccc34)CC1)CCCC2","IC50","'='","11000.0","nM","4.96","","","UO_0000065","12.08","0.23","1.37","7.73","0","CHEMBL2320303","Inhibition of human OCT2-mediated ASP+ uptake expressed in HEK293 cells after 3 mins by fluorescence assay","B","BAO_0000219","cell-based format","Homo sapiens","None","None","HEK293","None","","","","CHEMBL1743122","Solute carrier family 22 member 2","Homo sapiens","SINGLE PROTEIN","CHEMBL2311273","1","Scientific Literature","J Med Chem","2013","CHEMBL3307715","","","","11.0"
"CHEMBL28","APIGENIN","None","270.24","0","2.58","1","O=c1cc(-c2ccc(O)cc2)oc2cc(O)cc(O)c12","IC50","'='","30860.0","nM","4.51","","","UO_0000065","16.69","0.31","1.93","4.96","0","CHEMBL5229529","Inhibition of OCT2(unknown origin)-mediated ASP+ uptake in HEK293 cells expressing OCT2 using ASP+ as substrate incubated for 5 mins","B","BAO_0000219","cell-based format","Homo sapiens","None","None","HEK293","None","","","","CHEMBL1743122","Solute carrier family 22 member 2","Homo sapiens","SINGLE PROTEIN","CHEMBL5226370","1","Scientific Literature","J Nat Prod","2023","None","TIME = 0.08333 hr","INHIBITOR","","30.86"
"CHEMBL364713","NOSCAPINE","4.0","413.43","0","2.88","noscapine","COc1ccc2c(c1OC)C(=O)O[C@@H]2[C@H]1c2c(cc3c(c2OC)OCO3)CCN1C","IC50","'='","2600.0","nM","5.58","","","UO_0000065","13.51","0.25","2.71","7.38","0","CHEMBL2320303","Inhibition of human OCT2-mediated ASP+ uptake expressed in HEK293 cells after 3 mins by fluorescence assay","B","BAO_0000219","cell-based format","Homo sapiens","None","None","HEK293","None","","","","CHEMBL1743122","Solute carrier family 22 member 2","Homo sapiens","SINGLE PROTEIN","CHEMBL2311273","1","Scientific Literature","J Med Chem","2013","CHEMBL3307715","","","","2.6"
"CHEMBL84","TOPOTECAN","4.0","421.45","0","1.85","topotecan","CC[C@@]1(O)C(=O)OCc2c1cc1n(c2=O)Cc2cc3c(CN(C)C)c(O)ccc3nc2-1","IC50","'='","61000.0","nM","4.21","","","UO_0000065","10.00","0.19","2.36","4.02","0","CHEMBL2320303","Inhibition of human OCT2-mediated ASP+ uptake expressed in HEK293 cells after 3 mins by fluorescence assay","B","BAO_0000219","cell-based format","Homo sapiens","None","None","HEK293","None","","","","CHEMBL1743122","Solute carrier family 22 member 2","Homo sapiens","SINGLE PROTEIN","CHEMBL2311273","1","Scientific Literature","J Med Chem","2013","CHEMBL3307715","","","","61.0"
"CHEMBL49","BUSPIRONE","4.0","385.51","0","2.09","buspirone","O=C1CC2(CCCC2)CC(=O)N1CCCCN1CCN(c2ncccn2)CC1","IC50","'='","12000.0","nM","4.92","","","UO_0000065","12.76","0.24","2.83","7.07","0","CHEMBL2320303","Inhibition of human OCT2-mediated ASP+ uptake expressed in HEK293 cells after 3 mins by fluorescence assay","B","BAO_0000219","cell-based format","Homo sapiens","None","None","HEK293","None","","","","CHEMBL1743122","Solute carrier family 22 member 2","Homo sapiens","SINGLE PROTEIN","CHEMBL2311273","1","Scientific Literature","J Med Chem","2013","CHEMBL3307715","","","","12.0"
"CHEMBL1200629","VECURONIUM BROMIDE","4.0","637.74","2","5.97","vecuronium bromide","CC(=O)O[C@H]1C[C@@H]2CC[C@@H]3[C@H](CC[C@@]4(C)[C@H]3C[C@H]([N+]3(C)CCCCC3)[C@@H]4OC(C)=O)[C@@]2(C)C[C@@H]1N1CCCCC1.[Br-]","IC50","'='","3500.0","nM","5.46","","","UO_0000065","9.78","0.19","-0.51","9.77","0","CHEMBL2320303","Inhibition of human OCT2-mediated ASP+ uptake expressed in HEK293 cells after 3 mins by fluorescence assay","B","BAO_0000219","cell-based format","Homo sapiens","None","None","HEK293","None","","","","CHEMBL1743122","Solute carrier family 22 member 2","Homo sapiens","SINGLE PROTEIN","CHEMBL2311273","1","Scientific Literature","J Med Chem","2013","CHEMBL3307715","","","","3.5"
"CHEMBL87563","GABEXATE","3.0","321.38","0","1.81","gabexate","CCOC(=O)c1ccc(OC(=O)CCCCCNC(=N)N)cc1","IC50","'='","900.0","nM","6.05","","","UO_0000065","18.81","0.36","4.24","5.28","0","CHEMBL2320303","Inhibition of human OCT2-mediated ASP+ uptake expressed in HEK293 cells after 3 mins by fluorescence assay","B","BAO_0000219","cell-based format","Homo sapiens","None","None","HEK293","None","","","","CHEMBL1743122","Solute carrier family 22 member 2","Homo sapiens","SINGLE PROTEIN","CHEMBL2311273","1","Scientific Literature","J Med Chem","2013","CHEMBL3307715","","","","0.9"
"CHEMBL1106","EPINASTINE","4.0","249.32","0","2.47","epinastine","NC1=NCC2c3ccccc3Cc3ccccc3N12","IC50","'='","4300.0","nM","5.37","","","UO_0000065","21.52","0.39","2.90","12.89","0","CHEMBL2320303","Inhibition of human OCT2-mediated ASP+ uptake expressed in HEK293 cells after 3 mins by fluorescence assay","B","BAO_0000219","cell-based format","Homo sapiens","None","None","HEK293","None","","","","CHEMBL1743122","Solute carrier family 22 member 2","Homo sapiens","SINGLE PROTEIN","CHEMBL2311273","1","Scientific Literature","J Med Chem","2013","CHEMBL3307715","","","","4.3"
"CHEMBL454575","","None","478.49","0","1.07","Glu-CA4","COc1ccc(/C=C\c2cc(OC)c(OC)c(OC)c2)cc1O[C@@H]1O[C@H](CO)[C@@H](O)[C@H](O)[C@H]1O","IC50","'>'","200000.0","nM","","Outside typical range","","UO_0000065","","","","","0","CHEMBL4257834","Inhibition of human OCT2 expressed in HEK293 cells assessed as Asp+ uptake after 10 mins by fluorescence assay","B","BAO_0000219","cell-based format","Homo sapiens","None","None","HEK293","None","","","","CHEMBL1743122","Solute carrier family 22 member 2","Homo sapiens","SINGLE PROTEIN","CHEMBL4257448","1","Scientific Literature","Medchemcomm","2017","None","","","","200.0"
"CHEMBL941","IMATINIB","4.0","493.62","0","4.59","1","Cc1ccc(NC(=O)c2ccc(CN3CCN(C)CC3)cc2)cc1Nc1nccc(-c2cccnc2)n1","IC50","'='","4200.0","nM","5.38","","","UO_0000065","10.89","0.20","0.79","6.23","0","CHEMBL2320303","Inhibition of human OCT2-mediated ASP+ uptake expressed in HEK293 cells after 3 mins by fluorescence assay","B","BAO_0000219","cell-based format","Homo sapiens","None","None","HEK293","None","","","","CHEMBL1743122","Solute carrier family 22 member 2","Homo sapiens","SINGLE PROTEIN","CHEMBL2311273","1","Scientific Literature","J Med Chem","2013","CHEMBL3307715","","","","4.2"
"CHEMBL691","ETHINYL ESTRADIOL","4.0","296.41","0","3.61","ethinyl estradiol","C#C[C@]1(O)CC[C@H]2[C@@H]3CCc4cc(O)ccc4[C@H]3CC[C@@]21C","IC50","'='","2200.0","nM","5.66","","","UO_0000065","19.09","0.35","2.05","13.98","0","CHEMBL2320303","Inhibition of human OCT2-mediated ASP+ uptake expressed in HEK293 cells after 3 mins by fluorescence assay","B","BAO_0000219","cell-based format","Homo sapiens","None","None","HEK293","None","","","","CHEMBL1743122","Solute carrier family 22 member 2","Homo sapiens","SINGLE PROTEIN","CHEMBL2311273","1","Scientific Literature","J Med Chem","2013","CHEMBL3307715","","","","2.2"
"CHEMBL5819083","","None","431.40","0","1.50","BDBM330039","O=C(NCc1ccc(F)cc1F)c1cn2c(c(O)c1=O)C(=O)N1[C@H]3CC[C@H](C3)O[C@@H]1C2","IC50","'='","240.0","nM","6.62","","647104","UO_0000065","15.34","0.29","5.12","6.56","0","CHEMBL5732363","Inhibition Assay: The dose dependent inhibition of OCT2 mediated uptake of a model substrate 14C-Tetraethylammonium (TEA) by test compounds was studied in wild-type and OCT2-transfected MDCKII cells at 7 concentrations from 0.014 μM to 10 μM.MDCKII cells were maintained in minimal essential medium (MEM) with 1% Pen/Strep, 10% fetal bovine serum, and 0.25 mg/mL hygromycin B in an incubator set at 37° C., 90% humidity and 5% CO2. 24 hours prior to assay, media containing 5 mM sodium butyrate were added to MDCKII cells in flasks, and cells were grown to 80-90% confluence. On assay day, cells were trypsinized and resuspended in Krebs-Henseleit Buffer (KHB), pH 7.4 at 5×106 million cells/mL. Cells were preincubated for 15 min in assay plate before addition of test compound or substrate.","B","BAO_0000219","cell-based format","Homo sapiens","None","None","None","None","","","","CHEMBL1743122","Solute carrier family 22 member 2","Homo sapiens","SINGLE PROTEIN","CHEMBL5726266","37","BindingDB Patent Bioactivity Data","","2017","None","","","","240.0"
"CHEMBL1229211","DOLUTEGRAVIR","4.0","419.38","0","1.35","[14C]DTG","C[C@@H]1CCO[C@H]2Cn3cc(C(=O)NCc4ccc(F)cc4F)c(=O)c(O)c3C(=O)N12","IC50","'='","1900.0","nM","5.72","","","UO_0000065","","","","","0","CHEMBL3537112","Inhibition of human OCT2 expressed in MDCK2 cells using [14C]metformin as substrate by liquid scintillation counting analysis","A","BAO_0000219","cell-based format","Homo sapiens","None","None","MDCK-II","None","","","","CHEMBL1743122","Solute carrier family 22 member 2","Homo sapiens","SINGLE PROTEIN","CHEMBL3526034","1","Scientific Literature","Drug Metab Dispos","2013","CHEMBL3308862","","","","1.9"
"CHEMBL67","COMBRETASTATIN A4","-1.0","316.35","0","3.60","SID486760","COc1ccc(/C=C\c2cc(OC)c(OC)c(OC)c2)cc1O","IC50","'='","61940.0","nM","4.21","","","UO_0000065","13.30","0.25","0.61","7.36","0","CHEMBL4257834","Inhibition of human OCT2 expressed in HEK293 cells assessed as Asp+ uptake after 10 mins by fluorescence assay","B","BAO_0000219","cell-based format","Homo sapiens","None","None","HEK293","None","","","","CHEMBL1743122","Solute carrier family 22 member 2","Homo sapiens","SINGLE PROTEIN","CHEMBL4257448","1","Scientific Literature","Medchemcomm","2017","None","","","","61.94"
"CHEMBL151","LUTEOLIN","2.0","286.24","0","2.28","5","O=c1cc(-c2ccc(O)c(O)c2)oc2cc(O)cc(O)c12","IC50","'='","41030.0","nM","4.39","","","UO_0000065","15.33","0.29","2.11","3.95","0","CHEMBL5229529","Inhibition of OCT2(unknown origin)-mediated ASP+ uptake in HEK293 cells expressing OCT2 using ASP+ as substrate incubated for 5 mins","B","BAO_0000219","cell-based format","Homo sapiens","None","None","HEK293","None","","","","CHEMBL1743122","Solute carrier family 22 member 2","Homo sapiens","SINGLE PROTEIN","CHEMBL5226370","1","Scientific Literature","J Nat Prod","2023","None","TIME = 0.08333 hr","INHIBITOR","","41.03"
"CHEMBL5998444","","None","499.39","0","2.60","BDBM330044","O=C(N[C@@H](c1ccc(F)cc1F)C(F)(F)F)c1cn2c(c(O)c1=O)C(=O)N1C(C2)O[C@H]2CC[C@@H]1C2","IC50","'='","10000.0","nM","5.00","","658608","UO_0000065","10.01","0.20","2.40","4.96","0","CHEMBL5732501","Inhibition Assay: Test compounds were serially diluted in DMSO and then spiked (2 μL) into in 0.4 mL KHB buffer containing wild-type or OCT2-transfected cells and incubated for 10 minutes. Assay was initiated with the addition of 0.1 mL of 100 μM 14C-TEA in KHB buffer (20 μM final concentration after mixing). The concentration of TEA is based on the Km. After 10 minutes of incubation, the assay mixture was quenched with addition of 0.5 mL of ice-cold IX PBS buffer. Samples were then centrifuged at 1000 rpm for 5 min and supernatants were removed. Wash steps were repeated four times with ice-cold PBS.","B","BAO_0000019","assay format","Homo sapiens","None","None","None","None","","","","CHEMBL1743122","Solute carrier family 22 member 2","Homo sapiens","SINGLE PROTEIN","CHEMBL5726334","37","BindingDB Patent Bioactivity Data","","2017","None","","","","10000.0"
"CHEMBL5819083","","None","431.40","0","1.50","BDBM330039","O=C(NCc1ccc(F)cc1F)c1cn2c(c(O)c1=O)C(=O)N1[C@H]3CC[C@H](C3)O[C@@H]1C2","IC50","'='","240.0","nM","6.62","","658603","UO_0000065","15.34","0.29","5.12","6.56","1","CHEMBL5732501","Inhibition Assay: Test compounds were serially diluted in DMSO and then spiked (2 μL) into in 0.4 mL KHB buffer containing wild-type or OCT2-transfected cells and incubated for 10 minutes. Assay was initiated with the addition of 0.1 mL of 100 μM 14C-TEA in KHB buffer (20 μM final concentration after mixing). The concentration of TEA is based on the Km. After 10 minutes of incubation, the assay mixture was quenched with addition of 0.5 mL of ice-cold IX PBS buffer. Samples were then centrifuged at 1000 rpm for 5 min and supernatants were removed. Wash steps were repeated four times with ice-cold PBS.","B","BAO_0000019","assay format","Homo sapiens","None","None","None","None","","","","CHEMBL1743122","Solute carrier family 22 member 2","Homo sapiens","SINGLE PROTEIN","CHEMBL5726334","37","BindingDB Patent Bioactivity Data","","2017","None","","","","240.0"
"CHEMBL356036","TETRAMETHYLKAEMPFEROL","None","342.35","0","3.49","10","COc1ccc(-c2oc3cc(OC)cc(OC)c3c(=O)c2OC)cc1","IC50","'='","39470.0","nM","4.40","","","UO_0000065","12.86","0.24","0.91","6.56","0","CHEMBL5229529","Inhibition of OCT2(unknown origin)-mediated ASP+ uptake in HEK293 cells expressing OCT2 using ASP+ as substrate incubated for 5 mins","B","BAO_0000219","cell-based format","Homo sapiens","None","None","HEK293","None","","","","CHEMBL1743122","Solute carrier family 22 member 2","Homo sapiens","SINGLE PROTEIN","CHEMBL5226370","1","Scientific Literature","J Nat Prod","2023","None","TIME = 0.08333 hr","INHIBITOR","","39.47"
"CHEMBL3613729","","None","780.99","3","1.68","49","C[C@H]1O[C@@H](O[C@H]2CC[C@@]3(C)[C@@H](CC[C@]4(C)[C@@H]3C=CC3=C5CC(C)(C)CC[C@]5(CO)[C@@H](O)C[C@]34C)[C@]2(C)CO)[C@H](O)[C@@H](O[C@@H]2O[C@H](CO)[C@@H](O)[C@H](O)[C@H]2O)[C@H]1O","IC50","'='","69480.0","nM","4.16","","","UO_0000065","5.32","0.10","2.48","1.90","0","CHEMBL5229529","Inhibition of OCT2(unknown origin)-mediated ASP+ uptake in HEK293 cells expressing OCT2 using ASP+ as substrate incubated for 5 mins","B","BAO_0000219","cell-based format","Homo sapiens","None","None","HEK293","None","","","","CHEMBL1743122","Solute carrier family 22 member 2","Homo sapiens","SINGLE PROTEIN","CHEMBL5226370","1","Scientific Literature","J Nat Prod","2023","None","TIME = 0.08333 hr","INHIBITOR","","69.48"
"CHEMBL4567446","CLESACOSTAT","2.0","502.57","1","4.28","12, PF-05221304","COc1cc(C(=O)N2CCC3(CC2)CC(=O)c2c(cnn2C(C)C)C3)cc(-c2ccc(C(=O)O)cc2)n1","IC50","'>'","30000.0","nM","","","","UO_0000065","","","","","0","CHEMBL4669889","Inhibition of human SLC22A2 expressed in HEK293 cells in presence of para-aminohippuric acid/metformin","B","BAO_0000219","cell-based format","Homo sapiens","None","None","HEK293","None","","","","CHEMBL1743122","Solute carrier family 22 member 2","Homo sapiens","SINGLE PROTEIN","CHEMBL4665761","1","Scientific Literature","J Med Chem","2020","None","","","","30.0"
"CHEMBL5998444","","None","499.39","0","2.60","BDBM330044","O=C(N[C@@H](c1ccc(F)cc1F)C(F)(F)F)c1cn2c(c(O)c1=O)C(=O)N1C(C2)O[C@H]2CC[C@@H]1C2","IC50","'='","10000.0","nM","5.00","","647109","UO_0000065","10.01","0.20","2.40","4.96","1","CHEMBL5732363","Inhibition Assay: The dose dependent inhibition of OCT2 mediated uptake of a model substrate 14C-Tetraethylammonium (TEA) by test compounds was studied in wild-type and OCT2-transfected MDCKII cells at 7 concentrations from 0.014 μM to 10 μM.MDCKII cells were maintained in minimal essential medium (MEM) with 1% Pen/Strep, 10% fetal bovine serum, and 0.25 mg/mL hygromycin B in an incubator set at 37° C., 90% humidity and 5% CO2. 24 hours prior to assay, media containing 5 mM sodium butyrate were added to MDCKII cells in flasks, and cells were grown to 80-90% confluence. On assay day, cells were trypsinized and resuspended in Krebs-Henseleit Buffer (KHB), pH 7.4 at 5×106 million cells/mL. Cells were preincubated for 15 min in assay plate before addition of test compound or substrate.","B","BAO_0000219","cell-based format","Homo sapiens","None","None","None","None","","","","CHEMBL1743122","Solute carrier family 22 member 2","Homo sapiens","SINGLE PROTEIN","CHEMBL5726266","37","BindingDB Patent Bioactivity Data","","2017","None","","","","10000.0"
"CHEMBL5777750","","None","415.40","0","1.77","BDBM330051","O=C(NCc1ccc(F)cc1F)c1cn2c(c(O)c1=O)C(=O)N1[C@@H]3CC[C@@H](C3)[C@H]1C2","IC50","'='","4909.0","nM","5.31","","647116","UO_0000065","12.78","0.24","3.54","5.79","0","CHEMBL5732363","Inhibition Assay: The dose dependent inhibition of OCT2 mediated uptake of a model substrate 14C-Tetraethylammonium (TEA) by test compounds was studied in wild-type and OCT2-transfected MDCKII cells at 7 concentrations from 0.014 μM to 10 μM.MDCKII cells were maintained in minimal essential medium (MEM) with 1% Pen/Strep, 10% fetal bovine serum, and 0.25 mg/mL hygromycin B in an incubator set at 37° C., 90% humidity and 5% CO2. 24 hours prior to assay, media containing 5 mM sodium butyrate were added to MDCKII cells in flasks, and cells were grown to 80-90% confluence. On assay day, cells were trypsinized and resuspended in Krebs-Henseleit Buffer (KHB), pH 7.4 at 5×106 million cells/mL. Cells were preincubated for 15 min in assay plate before addition of test compound or substrate.","B","BAO_0000219","cell-based format","Homo sapiens","None","None","None","None","","","","CHEMBL1743122","Solute carrier family 22 member 2","Homo sapiens","SINGLE PROTEIN","CHEMBL5726266","37","BindingDB Patent Bioactivity Data","","2017","None","","","","4909.0"
"CHEMBL5792941","","None","433.39","0","1.91","BDBM330058","O=C(NCc1c(F)cc(F)cc1F)c1cn2c(c(O)c1=O)C(=O)N1[C@H]3CC[C@H](C3)[C@H]1C2","IC50","'='","1357.0","nM","5.87","","647123","UO_0000065","13.54","0.26","3.96","6.40","0","CHEMBL5732363","Inhibition Assay: The dose dependent inhibition of OCT2 mediated uptake of a model substrate 14C-Tetraethylammonium (TEA) by test compounds was studied in wild-type and OCT2-transfected MDCKII cells at 7 concentrations from 0.014 μM to 10 μM.MDCKII cells were maintained in minimal essential medium (MEM) with 1% Pen/Strep, 10% fetal bovine serum, and 0.25 mg/mL hygromycin B in an incubator set at 37° C., 90% humidity and 5% CO2. 24 hours prior to assay, media containing 5 mM sodium butyrate were added to MDCKII cells in flasks, and cells were grown to 80-90% confluence. On assay day, cells were trypsinized and resuspended in Krebs-Henseleit Buffer (KHB), pH 7.4 at 5×106 million cells/mL. Cells were preincubated for 15 min in assay plate before addition of test compound or substrate.","B","BAO_0000219","cell-based format","Homo sapiens","None","None","None","None","","","","CHEMBL1743122","Solute carrier family 22 member 2","Homo sapiens","SINGLE PROTEIN","CHEMBL5726266","37","BindingDB Patent Bioactivity Data","","2017","None","","","","1357.0"
"CHEMBL2","PRAZOSIN","4.0","383.41","0","1.78","Prazosin","COc1cc2nc(N3CCN(C(=O)c4ccco4)CC3)nc(N)c2cc1OC","IC50","'>'","100000.0","nM","","","inhibitor [IC50>100uM]","UO_0000065","","","","","0","CHEMBL2078482","TP_TRANSPORTER: inhibition of MPP+ uptake (MPP+: 0.25 uM) in OCT2-expressing HEK293 cells","F","BAO_0000219","cell-based format","None","None","None","HEK293","None","","","","CHEMBL1743122","Solute carrier family 22 member 2","Homo sapiens","SINGLE PROTEIN","CHEMBL2074233","18","TP-search Transporter Database","Br J Pharmacol","2002","CHEMBL3307715","","INHIBITOR","","100.0"
"CHEMBL48361","DABIGATRAN","3.0","471.52","0","2.99","Dabigatran","Cn1c(CNc2ccc(C(=N)N)cc2)nc2cc(C(=O)N(CCC(=O)O)c3ccccn3)ccc21","IC50","'='","4700.0","nM","5.33","","","UO_0000065","11.30","0.21","2.34","3.55","0","CHEMBL2320303","Inhibition of human OCT2-mediated ASP+ uptake expressed in HEK293 cells after 3 mins by fluorescence assay","B","BAO_0000219","cell-based format","Homo sapiens","None","None","HEK293","None","","","","CHEMBL1743122","Solute carrier family 22 member 2","Homo sapiens","SINGLE PROTEIN","CHEMBL2311273","1","Scientific Literature","J Med Chem","2013","CHEMBL3307715","","","","4.7"
"CHEMBL289469","GRANISETRON","4.0","312.42","0","2.32","granisetron","CN1C2CCCC1CC(NC(=O)c1nn(C)c3ccccc13)C2","IC50","'='","4300.0","nM","5.37","","","UO_0000065","17.18","0.32","3.05","10.70","0","CHEMBL2320303","Inhibition of human OCT2-mediated ASP+ uptake expressed in HEK293 cells after 3 mins by fluorescence assay","B","BAO_0000219","cell-based format","Homo sapiens","None","None","HEK293","None","","","","CHEMBL1743122","Solute carrier family 22 member 2","Homo sapiens","SINGLE PROTEIN","CHEMBL2311273","1","Scientific Literature","J Med Chem","2013","CHEMBL3307715","","","","4.3"
"CHEMBL11","IMIPRAMINE","4.0","280.42","0","3.88","imipramine","CN(C)CCCN1c2ccccc2CCc2ccccc21","IC50","'='","600.0","nM","6.22","","","UO_0000065","","","","","0","CHEMBL2154120","Inhibition of human OCT2 expressed in HEK-293-Flp-In cells incubated for 3 mins by ASP+ substrate uptake assay","A","BAO_0000219","cell-based format","Homo sapiens","None","None","None","None","","","","CHEMBL1743122","Solute carrier family 22 member 2","Homo sapiens","SINGLE PROTEIN","CHEMBL2150997","1","Scientific Literature","J Med Chem","2011","None","","","","0.6"
"CHEMBL95","TACRINE","4.0","198.27","0","2.70","tacrine","Nc1c2c(nc3ccccc13)CCCC2","IC50","'='","680.0","nM","6.17","","","UO_0000065","","","","","0","CHEMBL2154120","Inhibition of human OCT2 expressed in HEK-293-Flp-In cells incubated for 3 mins by ASP+ substrate uptake assay","A","BAO_0000219","cell-based format","Homo sapiens","None","None","None","None","","","","CHEMBL1743122","Solute carrier family 22 member 2","Homo sapiens","SINGLE PROTEIN","CHEMBL2150997","1","Scientific Literature","J Med Chem","2011","None","","","","0.68"
"CHEMBL97453","WEDELOLACTONE","None","314.25","0","2.82","101","COc1cc(O)c2c(c1)oc(=O)c1c3cc(O)c(O)cc3oc21","IC50","'='","17330.0","nM","4.76","","","UO_0000065","15.15","0.28","1.94","4.20","0","CHEMBL5229529","Inhibition of OCT2(unknown origin)-mediated ASP+ uptake in HEK293 cells expressing OCT2 using ASP+ as substrate incubated for 5 mins","B","BAO_0000219","cell-based format","Homo sapiens","None","None","HEK293","None","","","","CHEMBL1743122","Solute carrier family 22 member 2","Homo sapiens","SINGLE PROTEIN","CHEMBL5226370","1","Scientific Literature","J Nat Prod","2023","None","TIME = 0.08333 hr","INHIBITOR","","17.33"
"CHEMBL2074857","TETRAPROPYLAMMONIUM","None","186.36","0","3.44","Tetrapropylammonium","CCC[N+](CCC)(CCC)CCC","IC50","'='","128000.0","nM","","Outside typical range","inhibitor [IC50=128uM]","UO_0000065","","","","","0","CHEMBL2076312","TP_TRANSPORTER: inhibition of MPP+ uptake (MPP+: 1 uM) in Xenopus laevis oocytes","F","BAO_0000219","cell-based format","Xenopus laevis","None","None","Oocyte","None","","","","CHEMBL1743122","Solute carrier family 22 member 2","Homo sapiens","SINGLE PROTEIN","CHEMBL2073978","18","TP-search Transporter Database","Pharm Res","2002","CHEMBL3308859","","INHIBITOR","","128.0"
"CHEMBL753","PHENOXYBENZAMINE","4.0","303.83","0","4.19","Phenoxybenzamine","CC(COc1ccccc1)N(CCCl)Cc1ccccc1","IC50","'='","4900.0","nM","5.31","","inhibitor [IC50=4.9uM]","UO_0000065","","","","","0","CHEMBL2078482","TP_TRANSPORTER: inhibition of MPP+ uptake (MPP+: 0.25 uM) in OCT2-expressing HEK293 cells","F","BAO_0000219","cell-based format","None","None","None","HEK293","None","","","","CHEMBL1743122","Solute carrier family 22 member 2","Homo sapiens","SINGLE PROTEIN","CHEMBL2074233","18","TP-search Transporter Database","Br J Pharmacol","2002","CHEMBL3307715","","INHIBITOR","","4.9"
"CHEMBL5769471","","None","459.45","0","2.14","BDBM335483","COc1c2n(cc(C(=O)NC3(c4ccc(F)cc4F)CC3)c1=O)C[C@@H]1OCC[C@@H](C)N1C2=O","IC50","'='","2230.0","nM","5.65","","658605","UO_0000065","12.30","0.23","3.51","6.29","0","CHEMBL5732501","Inhibition Assay: Test compounds were serially diluted in DMSO and then spiked (2 μL) into in 0.4 mL KHB buffer containing wild-type or OCT2-transfected cells and incubated for 10 minutes. Assay was initiated with the addition of 0.1 mL of 100 μM 14C-TEA in KHB buffer (20 μM final concentration after mixing). The concentration of TEA is based on the Km. After 10 minutes of incubation, the assay mixture was quenched with addition of 0.5 mL of ice-cold IX PBS buffer. Samples were then centrifuged at 1000 rpm for 5 min and supernatants were removed. Wash steps were repeated four times with ice-cold PBS.","B","BAO_0000019","assay format","Homo sapiens","None","None","None","None","","","","CHEMBL1743122","Solute carrier family 22 member 2","Homo sapiens","SINGLE PROTEIN","CHEMBL5726334","37","BindingDB Patent Bioactivity Data","","2017","None","","","","2230.0"
"CHEMBL5841931","","None","445.42","0","1.74","BDBM335487","CC1C[C@@H]2C[C@H]1O[C@H]1Cn3cc(C(=O)NCc4ccc(F)cc4F)c(=O)c(O)c3C(=O)N21","IC50","'='","358.0","nM","6.45","","658609","UO_0000065","14.47","0.28","4.71","6.39","0","CHEMBL5732501","Inhibition Assay: Test compounds were serially diluted in DMSO and then spiked (2 μL) into in 0.4 mL KHB buffer containing wild-type or OCT2-transfected cells and incubated for 10 minutes. Assay was initiated with the addition of 0.1 mL of 100 μM 14C-TEA in KHB buffer (20 μM final concentration after mixing). The concentration of TEA is based on the Km. After 10 minutes of incubation, the assay mixture was quenched with addition of 0.5 mL of ice-cold IX PBS buffer. Samples were then centrifuged at 1000 rpm for 5 min and supernatants were removed. Wash steps were repeated four times with ice-cold PBS.","B","BAO_0000019","assay format","Homo sapiens","None","None","None","None","","","","CHEMBL1743122","Solute carrier family 22 member 2","Homo sapiens","SINGLE PROTEIN","CHEMBL5726334","37","BindingDB Patent Bioactivity Data","","2017","None","","","","358.0"
"CHEMBL6056512","","None","463.41","0","1.94","BDBM335491","COc1c2n(cc(C(=O)NCc3c(F)cc(F)cc3F)c1=O)C[C@@H]1O[C@H]3CC[C@H](C3)N1C2=O","IC50","'='","137.0","nM","6.86","","658613","UO_0000065","14.81","0.28","4.92","7.64","0","CHEMBL5732501","Inhibition Assay: Test compounds were serially diluted in DMSO and then spiked (2 μL) into in 0.4 mL KHB buffer containing wild-type or OCT2-transfected cells and incubated for 10 minutes. Assay was initiated with the addition of 0.1 mL of 100 μM 14C-TEA in KHB buffer (20 μM final concentration after mixing). The concentration of TEA is based on the Km. After 10 minutes of incubation, the assay mixture was quenched with addition of 0.5 mL of ice-cold IX PBS buffer. Samples were then centrifuged at 1000 rpm for 5 min and supernatants were removed. Wash steps were repeated four times with ice-cold PBS.","B","BAO_0000019","assay format","Homo sapiens","None","None","None","None","","","","CHEMBL1743122","Solute carrier family 22 member 2","Homo sapiens","SINGLE PROTEIN","CHEMBL5726334","37","BindingDB Patent Bioactivity Data","","2017","None","","","","137.0"
"CHEMBL41040","","None","169.62","0","1.65","3","N=C(N)Nc1ccc(Cl)cc1","IC50","'='","18900.0","nM","4.72","","","UO_0000065","27.85","0.59","3.07","7.63","0","CHEMBL4046326","Inhibition of human OCT2 expressed in HEK293 cells assessed as decrease in uptake of substrate [3H]MPP+ after 1 min by liquid scintillation counting method","B","BAO_0000219","cell-based format","Homo sapiens","None","None","HEK293","None","","","","CHEMBL1743122","Solute carrier family 22 member 2","Homo sapiens","SINGLE PROTEIN","CHEMBL4043181","1","Scientific Literature","Bioorg Med Chem Lett","2017","CHEMBL3307715","","","","18.9"
"CHEMBL6047421","","None","429.42","0","2.16","BDBM335503","O=C(NCc1ccc(F)cc1F)c1cn2c(c(O)c1=O)C(=O)N1[C@H]3CC[C@H](CC3)[C@H]1C2","IC50","'='","450.0","nM","6.35","","658625","UO_0000065","14.78","0.28","4.19","6.93","0","CHEMBL5732501","Inhibition Assay: Test compounds were serially diluted in DMSO and then spiked (2 μL) into in 0.4 mL KHB buffer containing wild-type or OCT2-transfected cells and incubated for 10 minutes. Assay was initiated with the addition of 0.1 mL of 100 μM 14C-TEA in KHB buffer (20 μM final concentration after mixing). The concentration of TEA is based on the Km. After 10 minutes of incubation, the assay mixture was quenched with addition of 0.5 mL of ice-cold IX PBS buffer. Samples were then centrifuged at 1000 rpm for 5 min and supernatants were removed. Wash steps were repeated four times with ice-cold PBS.","B","BAO_0000019","assay format","Homo sapiens","None","None","None","None","","","","CHEMBL1743122","Solute carrier family 22 member 2","Homo sapiens","SINGLE PROTEIN","CHEMBL5726334","37","BindingDB Patent Bioactivity Data","","2017","None","","","","450.0"
"CHEMBL6049097","","None","445.42","0","1.74","BDBM330045","CC1C[C@@H]2C[C@H]1OC1Cn3cc(C(=O)NCc4ccc(F)cc4F)c(=O)c(O)c3C(=O)N12","IC50","'='","204.0","nM","6.69","","647111","UO_0000065","15.02","0.29","4.95","6.63","0","CHEMBL5732363","Inhibition Assay: The dose dependent inhibition of OCT2 mediated uptake of a model substrate 14C-Tetraethylammonium (TEA) by test compounds was studied in wild-type and OCT2-transfected MDCKII cells at 7 concentrations from 0.014 μM to 10 μM.MDCKII cells were maintained in minimal essential medium (MEM) with 1% Pen/Strep, 10% fetal bovine serum, and 0.25 mg/mL hygromycin B in an incubator set at 37° C., 90% humidity and 5% CO2. 24 hours prior to assay, media containing 5 mM sodium butyrate were added to MDCKII cells in flasks, and cells were grown to 80-90% confluence. On assay day, cells were trypsinized and resuspended in Krebs-Henseleit Buffer (KHB), pH 7.4 at 5×106 million cells/mL. Cells were preincubated for 15 min in assay plate before addition of test compound or substrate.","B","BAO_0000219","cell-based format","Homo sapiens","None","None","None","None","","","","CHEMBL1743122","Solute carrier family 22 member 2","Homo sapiens","SINGLE PROTEIN","CHEMBL5726266","37","BindingDB Patent Bioactivity Data","","2017","None","","","","204.0"
"CHEMBL5991232","","None","445.42","0","2.06","BDBM330042","C[C@@H](NC(=O)c1cn2c(c(O)c1=O)C(=O)N1[C@@H]3CC[C@@H](C3)O[C@H]1C2)c1ccc(F)cc1F","IC50","'='","10000.0","nM","5.00","","647107","UO_0000065","11.23","0.21","2.94","4.96","0","CHEMBL5732363","Inhibition Assay: The dose dependent inhibition of OCT2 mediated uptake of a model substrate 14C-Tetraethylammonium (TEA) by test compounds was studied in wild-type and OCT2-transfected MDCKII cells at 7 concentrations from 0.014 μM to 10 μM.MDCKII cells were maintained in minimal essential medium (MEM) with 1% Pen/Strep, 10% fetal bovine serum, and 0.25 mg/mL hygromycin B in an incubator set at 37° C., 90% humidity and 5% CO2. 24 hours prior to assay, media containing 5 mM sodium butyrate were added to MDCKII cells in flasks, and cells were grown to 80-90% confluence. On assay day, cells were trypsinized and resuspended in Krebs-Henseleit Buffer (KHB), pH 7.4 at 5×106 million cells/mL. Cells were preincubated for 15 min in assay plate before addition of test compound or substrate.","B","BAO_0000219","cell-based format","Homo sapiens","None","None","None","None","","","","CHEMBL1743122","Solute carrier family 22 member 2","Homo sapiens","SINGLE PROTEIN","CHEMBL5726266","37","BindingDB Patent Bioactivity Data","","2017","None","","","","10000.0"
"CHEMBL5960223","","None","451.38","0","1.86","BDBM330056","O=C(NCc1c(F)cc(F)cc1F)c1cn2c(c(O)c1=O)C(=O)N1[C@@H]3C[C@@H](C[C@H]3F)[C@@H]1C2","IC50","'='","10000.0","nM","5.00","","647121","UO_0000065","11.08","0.21","3.14","5.46","0","CHEMBL5732363","Inhibition Assay: The dose dependent inhibition of OCT2 mediated uptake of a model substrate 14C-Tetraethylammonium (TEA) by test compounds was studied in wild-type and OCT2-transfected MDCKII cells at 7 concentrations from 0.014 μM to 10 μM.MDCKII cells were maintained in minimal essential medium (MEM) with 1% Pen/Strep, 10% fetal bovine serum, and 0.25 mg/mL hygromycin B in an incubator set at 37° C., 90% humidity and 5% CO2. 24 hours prior to assay, media containing 5 mM sodium butyrate were added to MDCKII cells in flasks, and cells were grown to 80-90% confluence. On assay day, cells were trypsinized and resuspended in Krebs-Henseleit Buffer (KHB), pH 7.4 at 5×106 million cells/mL. Cells were preincubated for 15 min in assay plate before addition of test compound or substrate.","B","BAO_0000219","cell-based format","Homo sapiens","None","None","None","None","","","","CHEMBL1743122","Solute carrier family 22 member 2","Homo sapiens","SINGLE PROTEIN","CHEMBL5726266","37","BindingDB Patent Bioactivity Data","","2017","None","","","","10000.0"
"CHEMBL13823","","None","169.62","0","1.65","1","N=C(N)Nc1cccc(Cl)c1","IC50","'='","60500.0","nM","4.22","","","UO_0000065","24.87","0.52","2.57","6.81","0","CHEMBL4046326","Inhibition of human OCT2 expressed in HEK293 cells assessed as decrease in uptake of substrate [3H]MPP+ after 1 min by liquid scintillation counting method","B","BAO_0000219","cell-based format","Homo sapiens","None","None","HEK293","None","","","","CHEMBL1743122","Solute carrier family 22 member 2","Homo sapiens","SINGLE PROTEIN","CHEMBL4043181","1","Scientific Literature","Bioorg Med Chem Lett","2017","CHEMBL3307715","","","","60.5"
"CHEMBL1790041","RANITIDINE","4.0","314.41","0","1.46","Ranitidine","CNC(=C[N+](=O)[O-])NCCSCc1ccc(CN(C)C)o1","IC50","'='","1617000.0","nM","","Outside typical range","","UO_0000065","","","","","0","CHEMBL5229529","Inhibition of OCT2(unknown origin)-mediated ASP+ uptake in HEK293 cells expressing OCT2 using ASP+ as substrate incubated for 5 mins","B","BAO_0000219","cell-based format","Homo sapiens","None","None","HEK293","None","","","","CHEMBL1743122","Solute carrier family 22 member 2","Homo sapiens","SINGLE PROTEIN","CHEMBL5226370","1","Scientific Literature","J Nat Prod","2023","None","TIME = 0.08333 hr","INHIBITOR","","1617.0"
"CHEMBL5882513","","None","445.42","0","2.06","BDBM330043","C[C@H](NC(=O)c1cn2c(c(O)c1=O)C(=O)N1[C@@H]3CC[C@@H](C3)O[C@H]1C2)c1ccc(F)cc1F","IC50","'='","610.0","nM","6.21","","658607","UO_0000065","13.95","0.27","4.15","6.16","0","CHEMBL5732501","Inhibition Assay: Test compounds were serially diluted in DMSO and then spiked (2 μL) into in 0.4 mL KHB buffer containing wild-type or OCT2-transfected cells and incubated for 10 minutes. Assay was initiated with the addition of 0.1 mL of 100 μM 14C-TEA in KHB buffer (20 μM final concentration after mixing). The concentration of TEA is based on the Km. After 10 minutes of incubation, the assay mixture was quenched with addition of 0.5 mL of ice-cold IX PBS buffer. Samples were then centrifuged at 1000 rpm for 5 min and supernatants were removed. Wash steps were repeated four times with ice-cold PBS.","B","BAO_0000019","assay format","Homo sapiens","None","None","None","None","","","","CHEMBL1743122","Solute carrier family 22 member 2","Homo sapiens","SINGLE PROTEIN","CHEMBL5726334","37","BindingDB Patent Bioactivity Data","","2017","None","","","","610.0"
"CHEMBL5870848","","None","449.39","0","1.63","BDBM330054","O=C(NCc1cc(F)c(F)cc1F)c1cn2c(c(O)c1=O)C(=O)N1[C@H]3CC[C@H](C3)O[C@@H]1C2","IC50","'='","94.0","nM","7.03","","658618","UO_0000065","15.64","0.30","5.40","6.97","1","CHEMBL5732501","Inhibition Assay: Test compounds were serially diluted in DMSO and then spiked (2 μL) into in 0.4 mL KHB buffer containing wild-type or OCT2-transfected cells and incubated for 10 minutes. Assay was initiated with the addition of 0.1 mL of 100 μM 14C-TEA in KHB buffer (20 μM final concentration after mixing). The concentration of TEA is based on the Km. After 10 minutes of incubation, the assay mixture was quenched with addition of 0.5 mL of ice-cold IX PBS buffer. Samples were then centrifuged at 1000 rpm for 5 min and supernatants were removed. Wash steps were repeated four times with ice-cold PBS.","B","BAO_0000019","assay format","Homo sapiens","None","None","None","None","","","","CHEMBL1743122","Solute carrier family 22 member 2","Homo sapiens","SINGLE PROTEIN","CHEMBL5726334","37","BindingDB Patent Bioactivity Data","","2017","None","","","","94.0"
"CHEMBL5758649","","None","469.37","0","2.15","BDBM330059","O=C(NCc1c(F)cc(F)cc1F)c1cn2c(c(O)c1=O)C(=O)N1[C@@H](C2)[C@H]2C[C@@H]1C(F)(F)C2","IC50","'='","3726.0","nM","5.43","","658623","UO_0000065","11.57","0.22","3.28","5.92","1","CHEMBL5732501","Inhibition Assay: Test compounds were serially diluted in DMSO and then spiked (2 μL) into in 0.4 mL KHB buffer containing wild-type or OCT2-transfected cells and incubated for 10 minutes. Assay was initiated with the addition of 0.1 mL of 100 μM 14C-TEA in KHB buffer (20 μM final concentration after mixing). The concentration of TEA is based on the Km. After 10 minutes of incubation, the assay mixture was quenched with addition of 0.5 mL of ice-cold IX PBS buffer. Samples were then centrifuged at 1000 rpm for 5 min and supernatants were removed. Wash steps were repeated four times with ice-cold PBS.","B","BAO_0000019","assay format","Homo sapiens","None","None","None","None","","","","CHEMBL1743122","Solute carrier family 22 member 2","Homo sapiens","SINGLE PROTEIN","CHEMBL5726334","37","BindingDB Patent Bioactivity Data","","2017","None","","","","3726.0"
"CHEMBL5916318","","None","447.41","0","2.15","BDBM330060","C[C@H]1C[C@@H]2C[C@H]1N1C(=O)c3c(O)c(=O)c(C(=O)NCc4c(F)cc(F)cc4F)cn3C[C@@H]21","IC50","'='","1506.0","nM","5.82","","658624","UO_0000065","13.01","0.25","3.67","6.35","0","CHEMBL5732501","Inhibition Assay: Test compounds were serially diluted in DMSO and then spiked (2 μL) into in 0.4 mL KHB buffer containing wild-type or OCT2-transfected cells and incubated for 10 minutes. Assay was initiated with the addition of 0.1 mL of 100 μM 14C-TEA in KHB buffer (20 μM final concentration after mixing). The concentration of TEA is based on the Km. After 10 minutes of incubation, the assay mixture was quenched with addition of 0.5 mL of ice-cold IX PBS buffer. Samples were then centrifuged at 1000 rpm for 5 min and supernatants were removed. Wash steps were repeated four times with ice-cold PBS.","B","BAO_0000019","assay format","Homo sapiens","None","None","None","None","","","","CHEMBL1743122","Solute carrier family 22 member 2","Homo sapiens","SINGLE PROTEIN","CHEMBL5726334","37","BindingDB Patent Bioactivity Data","","2017","None","","","","1506.0"
"CHEMBL5932213","","None","433.39","0","1.91","BDBM330047","O=C(NCc1c(F)cc(F)cc1F)c1cn2c(c(O)c1=O)C(=O)N1[C@H]3CC[C@H](C3)[C@@H]1C2","IC50","'='","2823.0","nM","5.55","","647112","UO_0000065","12.80","0.24","3.64","6.06","1","CHEMBL5732363","Inhibition Assay: The dose dependent inhibition of OCT2 mediated uptake of a model substrate 14C-Tetraethylammonium (TEA) by test compounds was studied in wild-type and OCT2-transfected MDCKII cells at 7 concentrations from 0.014 μM to 10 μM.MDCKII cells were maintained in minimal essential medium (MEM) with 1% Pen/Strep, 10% fetal bovine serum, and 0.25 mg/mL hygromycin B in an incubator set at 37° C., 90% humidity and 5% CO2. 24 hours prior to assay, media containing 5 mM sodium butyrate were added to MDCKII cells in flasks, and cells were grown to 80-90% confluence. On assay day, cells were trypsinized and resuspended in Krebs-Henseleit Buffer (KHB), pH 7.4 at 5×106 million cells/mL. Cells were preincubated for 15 min in assay plate before addition of test compound or substrate.","B","BAO_0000219","cell-based format","Homo sapiens","None","None","None","None","","","","CHEMBL1743122","Solute carrier family 22 member 2","Homo sapiens","SINGLE PROTEIN","CHEMBL5726266","37","BindingDB Patent Bioactivity Data","","2017","None","","","","2823.0"
"CHEMBL3989866","BICTEGRAVIR","4.0","449.39","0","1.63","BDBM330048","O=C(NCc1c(F)cc(F)cc1F)c1cn2c(c(O)c1=O)C(=O)N1[C@H]3CC[C@H](C3)O[C@@H]1C2","IC50","'='","487.0","nM","6.31","","647113","UO_0000065","14.05","0.27","4.68","6.26","0","CHEMBL5732363","Inhibition Assay: The dose dependent inhibition of OCT2 mediated uptake of a model substrate 14C-Tetraethylammonium (TEA) by test compounds was studied in wild-type and OCT2-transfected MDCKII cells at 7 concentrations from 0.014 μM to 10 μM.MDCKII cells were maintained in minimal essential medium (MEM) with 1% Pen/Strep, 10% fetal bovine serum, and 0.25 mg/mL hygromycin B in an incubator set at 37° C., 90% humidity and 5% CO2. 24 hours prior to assay, media containing 5 mM sodium butyrate were added to MDCKII cells in flasks, and cells were grown to 80-90% confluence. On assay day, cells were trypsinized and resuspended in Krebs-Henseleit Buffer (KHB), pH 7.4 at 5×106 million cells/mL. Cells were preincubated for 15 min in assay plate before addition of test compound or substrate.","B","BAO_0000219","cell-based format","Homo sapiens","None","None","None","None","","","","CHEMBL1743122","Solute carrier family 22 member 2","Homo sapiens","SINGLE PROTEIN","CHEMBL5726266","37","BindingDB Patent Bioactivity Data","","2017","None","","","","487.0"
"CHEMBL6000266","","None","449.39","0","1.63","BDBM330049","O=C(NCc1c(F)cc(F)cc1F)c1cn2c(c(O)c1=O)C(=O)N1C3CCC(C3)O[C@H]1C2","IC50","'='","137.0","nM","6.86","","647114","UO_0000065","15.27","0.29","5.23","6.80","0","CHEMBL5732363","Inhibition Assay: The dose dependent inhibition of OCT2 mediated uptake of a model substrate 14C-Tetraethylammonium (TEA) by test compounds was studied in wild-type and OCT2-transfected MDCKII cells at 7 concentrations from 0.014 μM to 10 μM.MDCKII cells were maintained in minimal essential medium (MEM) with 1% Pen/Strep, 10% fetal bovine serum, and 0.25 mg/mL hygromycin B in an incubator set at 37° C., 90% humidity and 5% CO2. 24 hours prior to assay, media containing 5 mM sodium butyrate were added to MDCKII cells in flasks, and cells were grown to 80-90% confluence. On assay day, cells were trypsinized and resuspended in Krebs-Henseleit Buffer (KHB), pH 7.4 at 5×106 million cells/mL. Cells were preincubated for 15 min in assay plate before addition of test compound or substrate.","B","BAO_0000219","cell-based format","Homo sapiens","None","None","None","None","","","","CHEMBL1743122","Solute carrier family 22 member 2","Homo sapiens","SINGLE PROTEIN","CHEMBL5726266","37","BindingDB Patent Bioactivity Data","","2017","None","","","","137.0"
"CHEMBL6146403","","None","430.46","0","3.94","32","COc1cccc(NC(=O)Cn2nc(C(=O)Nc3cccc(OC)c3)c3ccccc32)c1","IC50","'='","20800.0","nM","4.68","","","UO_0000065","10.88","0.20","0.74","4.96","0","CHEMBL6109880","Inhibition of OCT2 (unknown origin) expressed in HEK293 cells assessed as inhibition of ASP+ uptake incubated for 5 mins by fluorescence based analysis","B","BAO_0000219","cell-based format","Homo sapiens","None","None","HEK293","None","","","","CHEMBL1743122","Solute carrier family 22 member 2","Homo sapiens","SINGLE PROTEIN","CHEMBL6109064","1","Scientific Literature","Eur J Med Chem","2025","None","TIME = 0.08333 hr","INHIBITOR","","20.8"
"CHEMBL6049097","","None","445.42","0","1.74","BDBM330045","CC1C[C@@H]2C[C@H]1OC1Cn3cc(C(=O)NCc4ccc(F)cc4F)c(=O)c(O)c3C(=O)N12","IC50","'='","358.0","nM","6.45","","647110","UO_0000065","14.47","0.28","4.71","6.39","0","CHEMBL5732363","Inhibition Assay: The dose dependent inhibition of OCT2 mediated uptake of a model substrate 14C-Tetraethylammonium (TEA) by test compounds was studied in wild-type and OCT2-transfected MDCKII cells at 7 concentrations from 0.014 μM to 10 μM.MDCKII cells were maintained in minimal essential medium (MEM) with 1% Pen/Strep, 10% fetal bovine serum, and 0.25 mg/mL hygromycin B in an incubator set at 37° C., 90% humidity and 5% CO2. 24 hours prior to assay, media containing 5 mM sodium butyrate were added to MDCKII cells in flasks, and cells were grown to 80-90% confluence. On assay day, cells were trypsinized and resuspended in Krebs-Henseleit Buffer (KHB), pH 7.4 at 5×106 million cells/mL. Cells were preincubated for 15 min in assay plate before addition of test compound or substrate.","B","BAO_0000219","cell-based format","Homo sapiens","None","None","None","None","","","","CHEMBL1743122","Solute carrier family 22 member 2","Homo sapiens","SINGLE PROTEIN","CHEMBL5726266","37","BindingDB Patent Bioactivity Data","","2017","None","","","","358.0"
"CHEMBL5817410","","None","469.37","0","2.15","BDBM330057","O=C(NCc1c(F)cc(F)cc1F)c1cn2c(c(O)c1=O)C(=O)N1[C@H](C2)[C@H]2C[C@@H]1C(F)(F)C2","IC50","'='","10000.0","nM","5.00","","658621","UO_0000065","10.65","0.21","2.85","5.46","0","CHEMBL5732501","Inhibition Assay: Test compounds were serially diluted in DMSO and then spiked (2 μL) into in 0.4 mL KHB buffer containing wild-type or OCT2-transfected cells and incubated for 10 minutes. Assay was initiated with the addition of 0.1 mL of 100 μM 14C-TEA in KHB buffer (20 μM final concentration after mixing). The concentration of TEA is based on the Km. After 10 minutes of incubation, the assay mixture was quenched with addition of 0.5 mL of ice-cold IX PBS buffer. Samples were then centrifuged at 1000 rpm for 5 min and supernatants were removed. Wash steps were repeated four times with ice-cold PBS.","B","BAO_0000019","assay format","Homo sapiens","None","None","None","None","","","","CHEMBL1743122","Solute carrier family 22 member 2","Homo sapiens","SINGLE PROTEIN","CHEMBL5726334","37","BindingDB Patent Bioactivity Data","","2017","None","","","","10000.0"
"CHEMBL5882513","","None","445.42","0","2.06","BDBM330043","C[C@H](NC(=O)c1cn2c(c(O)c1=O)C(=O)N1[C@@H]3CC[C@@H](C3)O[C@H]1C2)c1ccc(F)cc1F","IC50","'='","610.0","nM","6.21","","647108","UO_0000065","13.95","0.27","4.15","6.16","1","CHEMBL5732363","Inhibition Assay: The dose dependent inhibition of OCT2 mediated uptake of a model substrate 14C-Tetraethylammonium (TEA) by test compounds was studied in wild-type and OCT2-transfected MDCKII cells at 7 concentrations from 0.014 μM to 10 μM.MDCKII cells were maintained in minimal essential medium (MEM) with 1% Pen/Strep, 10% fetal bovine serum, and 0.25 mg/mL hygromycin B in an incubator set at 37° C., 90% humidity and 5% CO2. 24 hours prior to assay, media containing 5 mM sodium butyrate were added to MDCKII cells in flasks, and cells were grown to 80-90% confluence. On assay day, cells were trypsinized and resuspended in Krebs-Henseleit Buffer (KHB), pH 7.4 at 5×106 million cells/mL. Cells were preincubated for 15 min in assay plate before addition of test compound or substrate.","B","BAO_0000219","cell-based format","Homo sapiens","None","None","None","None","","","","CHEMBL1743122","Solute carrier family 22 member 2","Homo sapiens","SINGLE PROTEIN","CHEMBL5726266","37","BindingDB Patent Bioactivity Data","","2017","None","","","","610.0"
"CHEMBL5266163","","None","855.03","3","0.85","62","C[C@@H]1CC[C@@]2(OC1)O[C@H]1C[C@H]3[C@@H]4CC=C5C[C@@H](O)C[C@@H](O[C@@H]6O[C@H](C)[C@H](O)[C@H](O[C@@H]7OC[C@@H](O)[C@H](O)[C@H]7O)[C@H]6O[C@@H]6O[C@@H](C)[C@H](O)[C@@H](O)[C@H]6O)[C@]5(C)[C@H]4CC[C@]3(C)[C@H]1[C@@H]2C","IC50","'='","19100.0","nM","4.72","","","UO_0000065","5.52","0.11","3.87","2.00","0","CHEMBL5229529","Inhibition of OCT2(unknown origin)-mediated ASP+ uptake in HEK293 cells expressing OCT2 using ASP+ as substrate incubated for 5 mins","B","BAO_0000219","cell-based format","Homo sapiens","None","None","HEK293","None","","","","CHEMBL1743122","Solute carrier family 22 member 2","Homo sapiens","SINGLE PROTEIN","CHEMBL5226370","1","Scientific Literature","J Nat Prod","2023","None","TIME = 0.08333 hr","INHIBITOR","","19.1"
"CHEMBL5285127","","None","538.50","2","-0.10","145","C/C=C1\C2CC(=O)OC[C@@H](c3ccc(O)c(O)c3)OC[C@H]3O[C@@H](O[C@@H]1OC=C2C(=O)OC)[C@H](O)[C@@H](O)[C@@H]3O","IC50","'='","1267220.0","nM","","Outside typical range","","UO_0000065","","","","","0","CHEMBL5229529","Inhibition of OCT2(unknown origin)-mediated ASP+ uptake in HEK293 cells expressing OCT2 using ASP+ as substrate incubated for 5 mins","B","BAO_0000219","cell-based format","Homo sapiens","None","None","HEK293","None","","","","CHEMBL1743122","Solute carrier family 22 member 2","Homo sapiens","SINGLE PROTEIN","CHEMBL5226370","1","Scientific Literature","J Nat Prod","2023","None","TIME = 0.08333 hr","INHIBITOR","","1267.22"
"CHEMBL660","AMANTADINE","4.0","151.25","0","1.91","Amantadine","NC12CC3CC(CC(C3)C1)C2","IC50","'='","45900.0","nM","4.34","","","UO_0000065","28.68","0.54","2.43","16.67","0","CHEMBL5229529","Inhibition of OCT2(unknown origin)-mediated ASP+ uptake in HEK293 cells expressing OCT2 using ASP+ as substrate incubated for 5 mins","B","BAO_0000219","cell-based format","Homo sapiens","None","None","HEK293","None","","","","CHEMBL1743122","Solute carrier family 22 member 2","Homo sapiens","SINGLE PROTEIN","CHEMBL5226370","1","Scientific Literature","J Nat Prod","2023","None","TIME = 0.08333 hr","INHIBITOR","","45.9"
"CHEMBL5995971","","None","447.85","0","2.01","BDBM335495","O=C(NCc1ccc(F)cc1Cl)c1cn2c(c(O)c1=O)C(=O)N1[C@H]3CC[C@H](C3)O[C@@H]1C2","IC50","'='","42.0","nM","7.38","","658617","UO_0000065","16.47","0.32","5.37","7.31","0","CHEMBL5732501","Inhibition Assay: Test compounds were serially diluted in DMSO and then spiked (2 μL) into in 0.4 mL KHB buffer containing wild-type or OCT2-transfected cells and incubated for 10 minutes. Assay was initiated with the addition of 0.1 mL of 100 μM 14C-TEA in KHB buffer (20 μM final concentration after mixing). The concentration of TEA is based on the Km. After 10 minutes of incubation, the assay mixture was quenched with addition of 0.5 mL of ice-cold IX PBS buffer. Samples were then centrifuged at 1000 rpm for 5 min and supernatants were removed. Wash steps were repeated four times with ice-cold PBS.","B","BAO_0000019","assay format","Homo sapiens","None","None","None","None","","","","CHEMBL1743122","Solute carrier family 22 member 2","Homo sapiens","SINGLE PROTEIN","CHEMBL5726334","37","BindingDB Patent Bioactivity Data","","2017","None","","","","42.0"
"CHEMBL5883252","","None","415.40","0","1.77","BDBM330050","O=C(NCc1ccc(F)cc1F)c1cn2c(c(O)c1=O)C(=O)N1[C@H]3CC[C@H](C3)[C@@H]1C2","IC50","'='","6200.0","nM","5.21","","647115","UO_0000065","12.54","0.24","3.44","5.68","1","CHEMBL5732363","Inhibition Assay: The dose dependent inhibition of OCT2 mediated uptake of a model substrate 14C-Tetraethylammonium (TEA) by test compounds was studied in wild-type and OCT2-transfected MDCKII cells at 7 concentrations from 0.014 μM to 10 μM.MDCKII cells were maintained in minimal essential medium (MEM) with 1% Pen/Strep, 10% fetal bovine serum, and 0.25 mg/mL hygromycin B in an incubator set at 37° C., 90% humidity and 5% CO2. 24 hours prior to assay, media containing 5 mM sodium butyrate were added to MDCKII cells in flasks, and cells were grown to 80-90% confluence. On assay day, cells were trypsinized and resuspended in Krebs-Henseleit Buffer (KHB), pH 7.4 at 5×106 million cells/mL. Cells were preincubated for 15 min in assay plate before addition of test compound or substrate.","B","BAO_0000219","cell-based format","Homo sapiens","None","None","None","None","","","","CHEMBL1743122","Solute carrier family 22 member 2","Homo sapiens","SINGLE PROTEIN","CHEMBL5726266","37","BindingDB Patent Bioactivity Data","","2017","None","","","","6200.0"
"CHEMBL5792941","","None","433.39","0","1.91","BDBM330052","O=C(NCc1c(F)cc(F)cc1F)c1cn2c(c(O)c1=O)C(=O)N1[C@H]3CC[C@H](C3)[C@H]1C2","IC50","'='","476.0","nM","6.32","","647117","UO_0000065","14.59","0.28","4.41","6.90","1","CHEMBL5732363","Inhibition Assay: The dose dependent inhibition of OCT2 mediated uptake of a model substrate 14C-Tetraethylammonium (TEA) by test compounds was studied in wild-type and OCT2-transfected MDCKII cells at 7 concentrations from 0.014 μM to 10 μM.MDCKII cells were maintained in minimal essential medium (MEM) with 1% Pen/Strep, 10% fetal bovine serum, and 0.25 mg/mL hygromycin B in an incubator set at 37° C., 90% humidity and 5% CO2. 24 hours prior to assay, media containing 5 mM sodium butyrate were added to MDCKII cells in flasks, and cells were grown to 80-90% confluence. On assay day, cells were trypsinized and resuspended in Krebs-Henseleit Buffer (KHB), pH 7.4 at 5×106 million cells/mL. Cells were preincubated for 15 min in assay plate before addition of test compound or substrate.","B","BAO_0000219","cell-based format","Homo sapiens","None","None","None","None","","","","CHEMBL1743122","Solute carrier family 22 member 2","Homo sapiens","SINGLE PROTEIN","CHEMBL5726266","37","BindingDB Patent Bioactivity Data","","2017","None","","","","476.0"
"CHEMBL5916318","","None","447.41","0","2.15","BDBM330060","C[C@H]1C[C@@H]2C[C@H]1N1C(=O)c3c(O)c(=O)c(C(=O)NCc4c(F)cc(F)cc4F)cn3C[C@@H]21","IC50","'='","1506.0","nM","5.82","","647125","UO_0000065","13.01","0.25","3.67","6.35","1","CHEMBL5732363","Inhibition Assay: The dose dependent inhibition of OCT2 mediated uptake of a model substrate 14C-Tetraethylammonium (TEA) by test compounds was studied in wild-type and OCT2-transfected MDCKII cells at 7 concentrations from 0.014 μM to 10 μM.MDCKII cells were maintained in minimal essential medium (MEM) with 1% Pen/Strep, 10% fetal bovine serum, and 0.25 mg/mL hygromycin B in an incubator set at 37° C., 90% humidity and 5% CO2. 24 hours prior to assay, media containing 5 mM sodium butyrate were added to MDCKII cells in flasks, and cells were grown to 80-90% confluence. On assay day, cells were trypsinized and resuspended in Krebs-Henseleit Buffer (KHB), pH 7.4 at 5×106 million cells/mL. Cells were preincubated for 15 min in assay plate before addition of test compound or substrate.","B","BAO_0000219","cell-based format","Homo sapiens","None","None","None","None","","","","CHEMBL1743122","Solute carrier family 22 member 2","Homo sapiens","SINGLE PROTEIN","CHEMBL5726266","37","BindingDB Patent Bioactivity Data","","2017","None","","","","1506.0"
"CHEMBL5817410","","None","469.37","0","2.15","BDBM330057","O=C(NCc1c(F)cc(F)cc1F)c1cn2c(c(O)c1=O)C(=O)N1[C@H](C2)[C@H]2C[C@@H]1C(F)(F)C2","IC50","'='","10000.0","nM","5.00","","647122","UO_0000065","10.65","0.21","2.85","5.46","1","CHEMBL5732363","Inhibition Assay: The dose dependent inhibition of OCT2 mediated uptake of a model substrate 14C-Tetraethylammonium (TEA) by test compounds was studied in wild-type and OCT2-transfected MDCKII cells at 7 concentrations from 0.014 μM to 10 μM.MDCKII cells were maintained in minimal essential medium (MEM) with 1% Pen/Strep, 10% fetal bovine serum, and 0.25 mg/mL hygromycin B in an incubator set at 37° C., 90% humidity and 5% CO2. 24 hours prior to assay, media containing 5 mM sodium butyrate were added to MDCKII cells in flasks, and cells were grown to 80-90% confluence. On assay day, cells were trypsinized and resuspended in Krebs-Henseleit Buffer (KHB), pH 7.4 at 5×106 million cells/mL. Cells were preincubated for 15 min in assay plate before addition of test compound or substrate.","B","BAO_0000219","cell-based format","Homo sapiens","None","None","None","None","","","","CHEMBL1743122","Solute carrier family 22 member 2","Homo sapiens","SINGLE PROTEIN","CHEMBL5726266","37","BindingDB Patent Bioactivity Data","","2017","None","","","","10000.0"
"CHEMBL5758649","","None","469.37","0","2.15","BDBM330059","O=C(NCc1c(F)cc(F)cc1F)c1cn2c(c(O)c1=O)C(=O)N1[C@@H](C2)[C@H]2C[C@@H]1C(F)(F)C2","IC50","'='","3726.0","nM","5.43","","647124","UO_0000065","11.57","0.22","3.28","5.92","0","CHEMBL5732363","Inhibition Assay: The dose dependent inhibition of OCT2 mediated uptake of a model substrate 14C-Tetraethylammonium (TEA) by test compounds was studied in wild-type and OCT2-transfected MDCKII cells at 7 concentrations from 0.014 μM to 10 μM.MDCKII cells were maintained in minimal essential medium (MEM) with 1% Pen/Strep, 10% fetal bovine serum, and 0.25 mg/mL hygromycin B in an incubator set at 37° C., 90% humidity and 5% CO2. 24 hours prior to assay, media containing 5 mM sodium butyrate were added to MDCKII cells in flasks, and cells were grown to 80-90% confluence. On assay day, cells were trypsinized and resuspended in Krebs-Henseleit Buffer (KHB), pH 7.4 at 5×106 million cells/mL. Cells were preincubated for 15 min in assay plate before addition of test compound or substrate.","B","BAO_0000219","cell-based format","Homo sapiens","None","None","None","None","","","","CHEMBL1743122","Solute carrier family 22 member 2","Homo sapiens","SINGLE PROTEIN","CHEMBL5726266","37","BindingDB Patent Bioactivity Data","","2017","None","","","","3726.0"
"CHEMBL5991232","","None","445.42","0","2.06","BDBM330042","C[C@@H](NC(=O)c1cn2c(c(O)c1=O)C(=O)N1[C@@H]3CC[C@@H](C3)O[C@H]1C2)c1ccc(F)cc1F","IC50","'='","10000.0","nM","5.00","","658606","UO_0000065","11.23","0.21","2.94","4.96","1","CHEMBL5732501","Inhibition Assay: Test compounds were serially diluted in DMSO and then spiked (2 μL) into in 0.4 mL KHB buffer containing wild-type or OCT2-transfected cells and incubated for 10 minutes. Assay was initiated with the addition of 0.1 mL of 100 μM 14C-TEA in KHB buffer (20 μM final concentration after mixing). The concentration of TEA is based on the Km. After 10 minutes of incubation, the assay mixture was quenched with addition of 0.5 mL of ice-cold IX PBS buffer. Samples were then centrifuged at 1000 rpm for 5 min and supernatants were removed. Wash steps were repeated four times with ice-cold PBS.","B","BAO_0000019","assay format","Homo sapiens","None","None","None","None","","","","CHEMBL1743122","Solute carrier family 22 member 2","Homo sapiens","SINGLE PROTEIN","CHEMBL5726334","37","BindingDB Patent Bioactivity Data","","2017","None","","","","10000.0"
"CHEMBL5866580","","None","415.40","0","1.77","BDBM335493","O=C(NCc1ccc(F)cc1F)c1cn2c(c(O)c1=O)C(=O)N1[C@@H]3CC[C@@H](C3)[C@@H]1C2","IC50","'='","4909.0","nM","5.31","","658615","UO_0000065","12.78","0.24","3.54","5.79","0","CHEMBL5732501","Inhibition Assay: Test compounds were serially diluted in DMSO and then spiked (2 μL) into in 0.4 mL KHB buffer containing wild-type or OCT2-transfected cells and incubated for 10 minutes. Assay was initiated with the addition of 0.1 mL of 100 μM 14C-TEA in KHB buffer (20 μM final concentration after mixing). The concentration of TEA is based on the Km. After 10 minutes of incubation, the assay mixture was quenched with addition of 0.5 mL of ice-cold IX PBS buffer. Samples were then centrifuged at 1000 rpm for 5 min and supernatants were removed. Wash steps were repeated four times with ice-cold PBS.","B","BAO_0000019","assay format","Homo sapiens","None","None","None","None","","","","CHEMBL1743122","Solute carrier family 22 member 2","Homo sapiens","SINGLE PROTEIN","CHEMBL5726334","37","BindingDB Patent Bioactivity Data","","2017","None","","","","4909.0"
"CHEMBL517","DISOPYRAMIDE","4.0","339.48","0","3.36","disopyramide","CC(C)N(CCC(C(N)=O)(c1ccccc1)c1ccccn1)C(C)C","IC50","'='","2900.0","nM","5.54","","","UO_0000065","","","","","0","CHEMBL2154120","Inhibition of human OCT2 expressed in HEK-293-Flp-In cells incubated for 3 mins by ASP+ substrate uptake assay","A","BAO_0000219","cell-based format","Homo sapiens","None","None","None","None","","","","CHEMBL1743122","Solute carrier family 22 member 2","Homo sapiens","SINGLE PROTEIN","CHEMBL2150997","1","Scientific Literature","J Med Chem","2011","None","","","","2.9"
"CHEMBL5870848","","None","449.39","0","1.63","BDBM330054","O=C(NCc1cc(F)c(F)cc1F)c1cn2c(c(O)c1=O)C(=O)N1[C@H]3CC[C@H](C3)O[C@@H]1C2","IC50","'='","94.0","nM","7.03","","647119","UO_0000065","15.64","0.30","5.40","6.97","0","CHEMBL5732363","Inhibition Assay: The dose dependent inhibition of OCT2 mediated uptake of a model substrate 14C-Tetraethylammonium (TEA) by test compounds was studied in wild-type and OCT2-transfected MDCKII cells at 7 concentrations from 0.014 μM to 10 μM.MDCKII cells were maintained in minimal essential medium (MEM) with 1% Pen/Strep, 10% fetal bovine serum, and 0.25 mg/mL hygromycin B in an incubator set at 37° C., 90% humidity and 5% CO2. 24 hours prior to assay, media containing 5 mM sodium butyrate were added to MDCKII cells in flasks, and cells were grown to 80-90% confluence. On assay day, cells were trypsinized and resuspended in Krebs-Henseleit Buffer (KHB), pH 7.4 at 5×106 million cells/mL. Cells were preincubated for 15 min in assay plate before addition of test compound or substrate.","B","BAO_0000219","cell-based format","Homo sapiens","None","None","None","None","","","","CHEMBL1743122","Solute carrier family 22 member 2","Homo sapiens","SINGLE PROTEIN","CHEMBL5726266","37","BindingDB Patent Bioactivity Data","","2017","None","","","","94.0"
"CHEMBL5266270","","None","422.48","1","5.30","6","CC(C)=CCc1cc(-c2cc(=O)c3c(O)cc(O)c(CC=C(C)C)c3o2)cc(O)c1O","IC50","'='","33130.0","nM","4.48","","","UO_0000065","10.60","0.20","-0.82","4.03","0","CHEMBL5229529","Inhibition of OCT2(unknown origin)-mediated ASP+ uptake in HEK293 cells expressing OCT2 using ASP+ as substrate incubated for 5 mins","B","BAO_0000219","cell-based format","Homo sapiens","None","None","HEK293","None","","","","CHEMBL1743122","Solute carrier family 22 member 2","Homo sapiens","SINGLE PROTEIN","CHEMBL5226370","1","Scientific Literature","J Nat Prod","2023","None","TIME = 0.08333 hr","INHIBITOR","","33.13"
"CHEMBL6161092","","None","418.88","1","5.14","20","CC(C(=O)Nc1ccccc1)n1nc(C(=O)Nc2ccc(Cl)cc2)c2ccccc21","IC50","","","","","","","","","","","","0","CHEMBL6109880","Inhibition of OCT2 (unknown origin) expressed in HEK293 cells assessed as inhibition of ASP+ uptake incubated for 5 mins by fluorescence based analysis","B","BAO_0000219","cell-based format","Homo sapiens","None","None","HEK293","None","","","","CHEMBL1743122","Solute carrier family 22 member 2","Homo sapiens","SINGLE PROTEIN","CHEMBL6109064","1","Scientific Literature","Eur J Med Chem","2025","None","TIME = 0.08333 hr","","Not active",""
"CHEMBL5864617","","None","431.85","0","2.28","BDBM330053","O=C(NCc1ccc(Cl)cc1F)c1cn2c(c(O)c1=O)C(=O)N1[C@H]3CC[C@H](C3)[C@H]1C2","IC50","'='","42.0","nM","7.38","","647118","UO_0000065","17.08","0.34","5.10","8.05","0","CHEMBL5732363","Inhibition Assay: The dose dependent inhibition of OCT2 mediated uptake of a model substrate 14C-Tetraethylammonium (TEA) by test compounds was studied in wild-type and OCT2-transfected MDCKII cells at 7 concentrations from 0.014 μM to 10 μM.MDCKII cells were maintained in minimal essential medium (MEM) with 1% Pen/Strep, 10% fetal bovine serum, and 0.25 mg/mL hygromycin B in an incubator set at 37° C., 90% humidity and 5% CO2. 24 hours prior to assay, media containing 5 mM sodium butyrate were added to MDCKII cells in flasks, and cells were grown to 80-90% confluence. On assay day, cells were trypsinized and resuspended in Krebs-Henseleit Buffer (KHB), pH 7.4 at 5×106 million cells/mL. Cells were preincubated for 15 min in assay plate before addition of test compound or substrate.","B","BAO_0000219","cell-based format","Homo sapiens","None","None","None","None","","","","CHEMBL1743122","Solute carrier family 22 member 2","Homo sapiens","SINGLE PROTEIN","CHEMBL5726266","37","BindingDB Patent Bioactivity Data","","2017","None","","","","42.0"
"CHEMBL6003192","","None","447.41","0","2.47","BDBM330055","C[C@@H](NC(=O)c1cn2c(c(O)c1=O)C(=O)N1[C@H]3CC[C@H](C3)[C@@H]1C2)c1c(F)cc(F)cc1F","IC50","'='","3830.0","nM","5.42","","658619","UO_0000065","12.11","0.23","2.95","5.91","0","CHEMBL5732501","Inhibition Assay: Test compounds were serially diluted in DMSO and then spiked (2 μL) into in 0.4 mL KHB buffer containing wild-type or OCT2-transfected cells and incubated for 10 minutes. Assay was initiated with the addition of 0.1 mL of 100 μM 14C-TEA in KHB buffer (20 μM final concentration after mixing). The concentration of TEA is based on the Km. After 10 minutes of incubation, the assay mixture was quenched with addition of 0.5 mL of ice-cold IX PBS buffer. Samples were then centrifuged at 1000 rpm for 5 min and supernatants were removed. Wash steps were repeated four times with ice-cold PBS.","B","BAO_0000019","assay format","Homo sapiens","None","None","None","None","","","","CHEMBL1743122","Solute carrier family 22 member 2","Homo sapiens","SINGLE PROTEIN","CHEMBL5726334","37","BindingDB Patent Bioactivity Data","","2017","None","","","","3830.0"
"CHEMBL6013817","","None","419.36","0","1.52","BDBM335500","O=C(NCc1c(F)cc(F)cc1F)c1cn2c(c(O)c1=O)C(=O)N1C3CC(C3)[C@H]1C2","IC50","'='","1357.0","nM","5.87","","658622","UO_0000065","13.99","0.27","4.35","6.40","0","CHEMBL5732501","Inhibition Assay: Test compounds were serially diluted in DMSO and then spiked (2 μL) into in 0.4 mL KHB buffer containing wild-type or OCT2-transfected cells and incubated for 10 minutes. Assay was initiated with the addition of 0.1 mL of 100 μM 14C-TEA in KHB buffer (20 μM final concentration after mixing). The concentration of TEA is based on the Km. After 10 minutes of incubation, the assay mixture was quenched with addition of 0.5 mL of ice-cold IX PBS buffer. Samples were then centrifuged at 1000 rpm for 5 min and supernatants were removed. Wash steps were repeated four times with ice-cold PBS.","B","BAO_0000019","assay format","Homo sapiens","None","None","None","None","","","","CHEMBL1743122","Solute carrier family 22 member 2","Homo sapiens","SINGLE PROTEIN","CHEMBL5726334","37","BindingDB Patent Bioactivity Data","","2017","None","","","","1357.0"
"CHEMBL5932213","","None","433.39","0","1.91","BDBM330047","O=C(NCc1c(F)cc(F)cc1F)c1cn2c(c(O)c1=O)C(=O)N1[C@H]3CC[C@H](C3)[C@@H]1C2","IC50","'='","2823.0","nM","5.55","","658611","UO_0000065","12.80","0.24","3.64","6.06","0","CHEMBL5732501","Inhibition Assay: Test compounds were serially diluted in DMSO and then spiked (2 μL) into in 0.4 mL KHB buffer containing wild-type or OCT2-transfected cells and incubated for 10 minutes. Assay was initiated with the addition of 0.1 mL of 100 μM 14C-TEA in KHB buffer (20 μM final concentration after mixing). The concentration of TEA is based on the Km. After 10 minutes of incubation, the assay mixture was quenched with addition of 0.5 mL of ice-cold IX PBS buffer. Samples were then centrifuged at 1000 rpm for 5 min and supernatants were removed. Wash steps were repeated four times with ice-cold PBS.","B","BAO_0000019","assay format","Homo sapiens","None","None","None","None","","","","CHEMBL1743122","Solute carrier family 22 member 2","Homo sapiens","SINGLE PROTEIN","CHEMBL5726334","37","BindingDB Patent Bioactivity Data","","2017","None","","","","2823.0"
"CHEMBL6066002","","None","431.40","0","1.50","BDBM330040","O=C(NCc1ccc(F)cc1F)c1cn2c(c(O)c1=O)C(=O)N1[C@@H]3CC[C@@H](C3)O[C@H]1C2","IC50","'='","250.0","nM","6.60","","647105","UO_0000065","15.30","0.29","5.10","6.55","0","CHEMBL5732363","Inhibition Assay: The dose dependent inhibition of OCT2 mediated uptake of a model substrate 14C-Tetraethylammonium (TEA) by test compounds was studied in wild-type and OCT2-transfected MDCKII cells at 7 concentrations from 0.014 μM to 10 μM.MDCKII cells were maintained in minimal essential medium (MEM) with 1% Pen/Strep, 10% fetal bovine serum, and 0.25 mg/mL hygromycin B in an incubator set at 37° C., 90% humidity and 5% CO2. 24 hours prior to assay, media containing 5 mM sodium butyrate were added to MDCKII cells in flasks, and cells were grown to 80-90% confluence. On assay day, cells were trypsinized and resuspended in Krebs-Henseleit Buffer (KHB), pH 7.4 at 5×106 million cells/mL. Cells were preincubated for 15 min in assay plate before addition of test compound or substrate.","B","BAO_0000219","cell-based format","Homo sapiens","None","None","None","None","","","","CHEMBL1743122","Solute carrier family 22 member 2","Homo sapiens","SINGLE PROTEIN","CHEMBL5726266","37","BindingDB Patent Bioactivity Data","","2017","None","","","","250.0"
"CHEMBL6003192","","None","447.41","0","2.47","BDBM330055","C[C@@H](NC(=O)c1cn2c(c(O)c1=O)C(=O)N1[C@H]3CC[C@H](C3)[C@@H]1C2)c1c(F)cc(F)cc1F","IC50","'='","3830.0","nM","5.42","","647120","UO_0000065","12.11","0.23","2.95","5.91","1","CHEMBL5732363","Inhibition Assay: The dose dependent inhibition of OCT2 mediated uptake of a model substrate 14C-Tetraethylammonium (TEA) by test compounds was studied in wild-type and OCT2-transfected MDCKII cells at 7 concentrations from 0.014 μM to 10 μM.MDCKII cells were maintained in minimal essential medium (MEM) with 1% Pen/Strep, 10% fetal bovine serum, and 0.25 mg/mL hygromycin B in an incubator set at 37° C., 90% humidity and 5% CO2. 24 hours prior to assay, media containing 5 mM sodium butyrate were added to MDCKII cells in flasks, and cells were grown to 80-90% confluence. On assay day, cells were trypsinized and resuspended in Krebs-Henseleit Buffer (KHB), pH 7.4 at 5×106 million cells/mL. Cells were preincubated for 15 min in assay plate before addition of test compound or substrate.","B","BAO_0000219","cell-based format","Homo sapiens","None","None","None","None","","","","CHEMBL1743122","Solute carrier family 22 member 2","Homo sapiens","SINGLE PROTEIN","CHEMBL5726266","37","BindingDB Patent Bioactivity Data","","2017","None","","","","3830.0"
"CHEMBL5932213","","None","433.39","0","1.91","BDBM330047","O=C(NCc1c(F)cc(F)cc1F)c1cn2c(c(O)c1=O)C(=O)N1[C@H]3CC[C@H](C3)[C@@H]1C2","IC50","'='","2823.0","nM","5.55","","1242615","UO_0000065","12.80","0.24","3.64","6.06","1","CHEMBL5738940","OCT2 Inhibition Assay: The dose dependent inhibition of OCT2 mediated uptake of a model substrate 14C-Tetraethylammonium (TEA) by test compounds was studied in wild-type and OCT2-transfected MDCKII cells at 7 concentrations from 0.014 μM to 10 μM.MDCKII cells were maintained in minimal essential medium (MEM) with 1% Pen/Strep, 10% fetal bovine serum, and 0.25 mg/mL hygromycin B in an incubator set at 37° C., 90% humidity and 5% CO2. 24 hours prior to assay, media containing 5 mM sodium butyrate were added to MDCKII cells in flasks, and cells were grown to 80-90% confluence. On assay day, cells were trypsinized and resuspended in Krebs-Henseleit Buffer (KHB), pH 7.4 at 5×10 million cells/mL. Cells were preincubated for 15 min in assay plate before addition of test compound or substrate.","B","BAO_0000219","cell-based format","Homo sapiens","None","None","None","None","","","","CHEMBL1743122","Solute carrier family 22 member 2","Homo sapiens","SINGLE PROTEIN","CHEMBL5729543","37","BindingDB Patent Bioactivity Data","","2023","None","","","","2823.0"
"CHEMBL6163420","","None","440.29","0","4.63","53","O=C(Cn1nc(C(=O)Nc2ccccn2)c2ccccc21)Nc1cc(Cl)ccc1Cl","IC50","'='","50300.0","nM","4.30","","","UO_0000065","9.76","0.20","-0.33","4.83","0","CHEMBL6109880","Inhibition of OCT2 (unknown origin) expressed in HEK293 cells assessed as inhibition of ASP+ uptake incubated for 5 mins by fluorescence based analysis","B","BAO_0000219","cell-based format","Homo sapiens","None","None","HEK293","None","","","","CHEMBL1743122","Solute carrier family 22 member 2","Homo sapiens","SINGLE PROTEIN","CHEMBL6109064","1","Scientific Literature","Eur J Med Chem","2025","None","TIME = 0.08333 hr","INHIBITOR","","50.3"
"CHEMBL5960223","","None","451.38","0","1.86","BDBM330056","O=C(NCc1c(F)cc(F)cc1F)c1cn2c(c(O)c1=O)C(=O)N1[C@@H]3C[C@@H](C[C@H]3F)[C@@H]1C2","IC50","'='","10000.0","nM","5.00","","1242624","UO_0000065","11.08","0.21","3.14","5.46","1","CHEMBL5738940","OCT2 Inhibition Assay: The dose dependent inhibition of OCT2 mediated uptake of a model substrate 14C-Tetraethylammonium (TEA) by test compounds was studied in wild-type and OCT2-transfected MDCKII cells at 7 concentrations from 0.014 μM to 10 μM.MDCKII cells were maintained in minimal essential medium (MEM) with 1% Pen/Strep, 10% fetal bovine serum, and 0.25 mg/mL hygromycin B in an incubator set at 37° C., 90% humidity and 5% CO2. 24 hours prior to assay, media containing 5 mM sodium butyrate were added to MDCKII cells in flasks, and cells were grown to 80-90% confluence. On assay day, cells were trypsinized and resuspended in Krebs-Henseleit Buffer (KHB), pH 7.4 at 5×10 million cells/mL. Cells were preincubated for 15 min in assay plate before addition of test compound or substrate.","B","BAO_0000219","cell-based format","Homo sapiens","None","None","None","None","","","","CHEMBL1743122","Solute carrier family 22 member 2","Homo sapiens","SINGLE PROTEIN","CHEMBL5729543","37","BindingDB Patent Bioactivity Data","","2023","None","","","","10000.0"
"CHEMBL5823398","","None","429.42","0","2.16","BDBM589189","O=C(NCc1ccc(F)cc1F)c1cn2c(c(O)c1=O)C(=O)N1C3CCC(CC3)C1C2","IC50","'='","450.0","nM","6.35","","1242629","UO_0000065","14.78","0.28","4.19","6.93","0","CHEMBL5738940","OCT2 Inhibition Assay: The dose dependent inhibition of OCT2 mediated uptake of a model substrate 14C-Tetraethylammonium (TEA) by test compounds was studied in wild-type and OCT2-transfected MDCKII cells at 7 concentrations from 0.014 μM to 10 μM.MDCKII cells were maintained in minimal essential medium (MEM) with 1% Pen/Strep, 10% fetal bovine serum, and 0.25 mg/mL hygromycin B in an incubator set at 37° C., 90% humidity and 5% CO2. 24 hours prior to assay, media containing 5 mM sodium butyrate were added to MDCKII cells in flasks, and cells were grown to 80-90% confluence. On assay day, cells were trypsinized and resuspended in Krebs-Henseleit Buffer (KHB), pH 7.4 at 5×10 million cells/mL. Cells were preincubated for 15 min in assay plate before addition of test compound or substrate.","B","BAO_0000219","cell-based format","Homo sapiens","None","None","None","None","","","","CHEMBL1743122","Solute carrier family 22 member 2","Homo sapiens","SINGLE PROTEIN","CHEMBL5729543","37","BindingDB Patent Bioactivity Data","","2023","None","","","","450.0"
"CHEMBL5827479","","None","445.42","0","1.84","BDBM330041","C[C@@H]1CCO[C@H]2Cn3cc(C(=O)NC4(c5ccc(F)cc5F)CC4)c(=O)c(O)c3C(=O)N12","IC50","'='","2230.0","nM","5.65","","1242609","UO_0000065","12.69","0.24","3.81","5.60","1","CHEMBL5738940","OCT2 Inhibition Assay: The dose dependent inhibition of OCT2 mediated uptake of a model substrate 14C-Tetraethylammonium (TEA) by test compounds was studied in wild-type and OCT2-transfected MDCKII cells at 7 concentrations from 0.014 μM to 10 μM.MDCKII cells were maintained in minimal essential medium (MEM) with 1% Pen/Strep, 10% fetal bovine serum, and 0.25 mg/mL hygromycin B in an incubator set at 37° C., 90% humidity and 5% CO2. 24 hours prior to assay, media containing 5 mM sodium butyrate were added to MDCKII cells in flasks, and cells were grown to 80-90% confluence. On assay day, cells were trypsinized and resuspended in Krebs-Henseleit Buffer (KHB), pH 7.4 at 5×10 million cells/mL. Cells were preincubated for 15 min in assay plate before addition of test compound or substrate.","B","BAO_0000219","cell-based format","Homo sapiens","None","None","None","None","","","","CHEMBL1743122","Solute carrier family 22 member 2","Homo sapiens","SINGLE PROTEIN","CHEMBL5729543","37","BindingDB Patent Bioactivity Data","","2023","None","","","","2230.0"
"CHEMBL5995971","","None","447.85","0","2.01","BDBM335495","O=C(NCc1ccc(F)cc1Cl)c1cn2c(c(O)c1=O)C(=O)N1[C@H]3CC[C@H](C3)O[C@@H]1C2","IC50","'='","42.0","nM","7.38","","1242621","UO_0000065","16.47","0.32","5.37","7.31","1","CHEMBL5738940","OCT2 Inhibition Assay: The dose dependent inhibition of OCT2 mediated uptake of a model substrate 14C-Tetraethylammonium (TEA) by test compounds was studied in wild-type and OCT2-transfected MDCKII cells at 7 concentrations from 0.014 μM to 10 μM.MDCKII cells were maintained in minimal essential medium (MEM) with 1% Pen/Strep, 10% fetal bovine serum, and 0.25 mg/mL hygromycin B in an incubator set at 37° C., 90% humidity and 5% CO2. 24 hours prior to assay, media containing 5 mM sodium butyrate were added to MDCKII cells in flasks, and cells were grown to 80-90% confluence. On assay day, cells were trypsinized and resuspended in Krebs-Henseleit Buffer (KHB), pH 7.4 at 5×10 million cells/mL. Cells were preincubated for 15 min in assay plate before addition of test compound or substrate.","B","BAO_0000219","cell-based format","Homo sapiens","None","None","None","None","","","","CHEMBL1743122","Solute carrier family 22 member 2","Homo sapiens","SINGLE PROTEIN","CHEMBL5729543","37","BindingDB Patent Bioactivity Data","","2023","None","","","","42.0"
"CHEMBL5870848","","None","449.39","0","1.63","BDBM330054","O=C(NCc1cc(F)c(F)cc1F)c1cn2c(c(O)c1=O)C(=O)N1[C@H]3CC[C@H](C3)O[C@@H]1C2","IC50","'='","94.0","nM","7.03","","1242622","UO_0000065","15.64","0.30","5.40","6.97","1","CHEMBL5738940","OCT2 Inhibition Assay: The dose dependent inhibition of OCT2 mediated uptake of a model substrate 14C-Tetraethylammonium (TEA) by test compounds was studied in wild-type and OCT2-transfected MDCKII cells at 7 concentrations from 0.014 μM to 10 μM.MDCKII cells were maintained in minimal essential medium (MEM) with 1% Pen/Strep, 10% fetal bovine serum, and 0.25 mg/mL hygromycin B in an incubator set at 37° C., 90% humidity and 5% CO2. 24 hours prior to assay, media containing 5 mM sodium butyrate were added to MDCKII cells in flasks, and cells were grown to 80-90% confluence. On assay day, cells were trypsinized and resuspended in Krebs-Henseleit Buffer (KHB), pH 7.4 at 5×10 million cells/mL. Cells were preincubated for 15 min in assay plate before addition of test compound or substrate.","B","BAO_0000219","cell-based format","Homo sapiens","None","None","None","None","","","","CHEMBL1743122","Solute carrier family 22 member 2","Homo sapiens","SINGLE PROTEIN","CHEMBL5729543","37","BindingDB Patent Bioactivity Data","","2023","None","","","","94.0"
"CHEMBL5817410","","None","469.37","0","2.15","BDBM330057","O=C(NCc1c(F)cc(F)cc1F)c1cn2c(c(O)c1=O)C(=O)N1[C@H](C2)[C@H]2C[C@@H]1C(F)(F)C2","IC50","'='","10000.0","nM","5.00","","1242625","UO_0000065","10.65","0.21","2.85","5.46","1","CHEMBL5738940","OCT2 Inhibition Assay: The dose dependent inhibition of OCT2 mediated uptake of a model substrate 14C-Tetraethylammonium (TEA) by test compounds was studied in wild-type and OCT2-transfected MDCKII cells at 7 concentrations from 0.014 μM to 10 μM.MDCKII cells were maintained in minimal essential medium (MEM) with 1% Pen/Strep, 10% fetal bovine serum, and 0.25 mg/mL hygromycin B in an incubator set at 37° C., 90% humidity and 5% CO2. 24 hours prior to assay, media containing 5 mM sodium butyrate were added to MDCKII cells in flasks, and cells were grown to 80-90% confluence. On assay day, cells were trypsinized and resuspended in Krebs-Henseleit Buffer (KHB), pH 7.4 at 5×10 million cells/mL. Cells were preincubated for 15 min in assay plate before addition of test compound or substrate.","B","BAO_0000219","cell-based format","Homo sapiens","None","None","None","None","","","","CHEMBL1743122","Solute carrier family 22 member 2","Homo sapiens","SINGLE PROTEIN","CHEMBL5729543","37","BindingDB Patent Bioactivity Data","","2023","None","","","","10000.0"
"CHEMBL3989866","BICTEGRAVIR","4.0","449.39","0","1.63","BDBM330048","O=C(NCc1c(F)cc(F)cc1F)c1cn2c(c(O)c1=O)C(=O)N1[C@H]3CC[C@H](C3)O[C@@H]1C2","IC50","'='","487.0","nM","6.31","","1242616","UO_0000065","14.05","0.27","4.68","6.26","1","CHEMBL5738940","OCT2 Inhibition Assay: The dose dependent inhibition of OCT2 mediated uptake of a model substrate 14C-Tetraethylammonium (TEA) by test compounds was studied in wild-type and OCT2-transfected MDCKII cells at 7 concentrations from 0.014 μM to 10 μM.MDCKII cells were maintained in minimal essential medium (MEM) with 1% Pen/Strep, 10% fetal bovine serum, and 0.25 mg/mL hygromycin B in an incubator set at 37° C., 90% humidity and 5% CO2. 24 hours prior to assay, media containing 5 mM sodium butyrate were added to MDCKII cells in flasks, and cells were grown to 80-90% confluence. On assay day, cells were trypsinized and resuspended in Krebs-Henseleit Buffer (KHB), pH 7.4 at 5×10 million cells/mL. Cells were preincubated for 15 min in assay plate before addition of test compound or substrate.","B","BAO_0000219","cell-based format","Homo sapiens","None","None","None","None","","","","CHEMBL1743122","Solute carrier family 22 member 2","Homo sapiens","SINGLE PROTEIN","CHEMBL5729543","37","BindingDB Patent Bioactivity Data","","2023","None","","","","487.0"
"CHEMBL5916318","","None","447.41","0","2.15","BDBM330060","C[C@H]1C[C@@H]2C[C@H]1N1C(=O)c3c(O)c(=O)c(C(=O)NCc4c(F)cc(F)cc4F)cn3C[C@@H]21","IC50","'='","1506.0","nM","5.82","","1242628","UO_0000065","13.01","0.25","3.67","6.35","1","CHEMBL5738940","OCT2 Inhibition Assay: The dose dependent inhibition of OCT2 mediated uptake of a model substrate 14C-Tetraethylammonium (TEA) by test compounds was studied in wild-type and OCT2-transfected MDCKII cells at 7 concentrations from 0.014 μM to 10 μM.MDCKII cells were maintained in minimal essential medium (MEM) with 1% Pen/Strep, 10% fetal bovine serum, and 0.25 mg/mL hygromycin B in an incubator set at 37° C., 90% humidity and 5% CO2. 24 hours prior to assay, media containing 5 mM sodium butyrate were added to MDCKII cells in flasks, and cells were grown to 80-90% confluence. On assay day, cells were trypsinized and resuspended in Krebs-Henseleit Buffer (KHB), pH 7.4 at 5×10 million cells/mL. Cells were preincubated for 15 min in assay plate before addition of test compound or substrate.","B","BAO_0000219","cell-based format","Homo sapiens","None","None","None","None","","","","CHEMBL1743122","Solute carrier family 22 member 2","Homo sapiens","SINGLE PROTEIN","CHEMBL5729543","37","BindingDB Patent Bioactivity Data","","2023","None","","","","1506.0"
"CHEMBL5841931","","None","445.42","0","1.74","BDBM335487","CC1C[C@@H]2C[C@H]1O[C@H]1Cn3cc(C(=O)NCc4ccc(F)cc4F)c(=O)c(O)c3C(=O)N21","IC50","'='","358.0","nM","6.45","","1242613","UO_0000065","14.47","0.28","4.71","6.39","1","CHEMBL5738940","OCT2 Inhibition Assay: The dose dependent inhibition of OCT2 mediated uptake of a model substrate 14C-Tetraethylammonium (TEA) by test compounds was studied in wild-type and OCT2-transfected MDCKII cells at 7 concentrations from 0.014 μM to 10 μM.MDCKII cells were maintained in minimal essential medium (MEM) with 1% Pen/Strep, 10% fetal bovine serum, and 0.25 mg/mL hygromycin B in an incubator set at 37° C., 90% humidity and 5% CO2. 24 hours prior to assay, media containing 5 mM sodium butyrate were added to MDCKII cells in flasks, and cells were grown to 80-90% confluence. On assay day, cells were trypsinized and resuspended in Krebs-Henseleit Buffer (KHB), pH 7.4 at 5×10 million cells/mL. Cells were preincubated for 15 min in assay plate before addition of test compound or substrate.","B","BAO_0000219","cell-based format","Homo sapiens","None","None","None","None","","","","CHEMBL1743122","Solute carrier family 22 member 2","Homo sapiens","SINGLE PROTEIN","CHEMBL5729543","37","BindingDB Patent Bioactivity Data","","2023","None","","","","358.0"
"CHEMBL6066002","","None","431.40","0","1.50","BDBM330040","O=C(NCc1ccc(F)cc1F)c1cn2c(c(O)c1=O)C(=O)N1[C@@H]3CC[C@@H](C3)O[C@H]1C2","IC50","'='","250.0","nM","6.60","","1242608","UO_0000065","15.30","0.29","5.10","6.55","1","CHEMBL5738940","OCT2 Inhibition Assay: The dose dependent inhibition of OCT2 mediated uptake of a model substrate 14C-Tetraethylammonium (TEA) by test compounds was studied in wild-type and OCT2-transfected MDCKII cells at 7 concentrations from 0.014 μM to 10 μM.MDCKII cells were maintained in minimal essential medium (MEM) with 1% Pen/Strep, 10% fetal bovine serum, and 0.25 mg/mL hygromycin B in an incubator set at 37° C., 90% humidity and 5% CO2. 24 hours prior to assay, media containing 5 mM sodium butyrate were added to MDCKII cells in flasks, and cells were grown to 80-90% confluence. On assay day, cells were trypsinized and resuspended in Krebs-Henseleit Buffer (KHB), pH 7.4 at 5×10 million cells/mL. Cells were preincubated for 15 min in assay plate before addition of test compound or substrate.","B","BAO_0000219","cell-based format","Homo sapiens","None","None","None","None","","","","CHEMBL1743122","Solute carrier family 22 member 2","Homo sapiens","SINGLE PROTEIN","CHEMBL5729543","37","BindingDB Patent Bioactivity Data","","2023","None","","","","250.0"
"CHEMBL6003192","","None","447.41","0","2.47","BDBM330055","C[C@@H](NC(=O)c1cn2c(c(O)c1=O)C(=O)N1[C@H]3CC[C@H](C3)[C@@H]1C2)c1c(F)cc(F)cc1F","IC50","'='","3830.0","nM","5.42","","1242623","UO_0000065","12.11","0.23","2.95","5.91","1","CHEMBL5738940","OCT2 Inhibition Assay: The dose dependent inhibition of OCT2 mediated uptake of a model substrate 14C-Tetraethylammonium (TEA) by test compounds was studied in wild-type and OCT2-transfected MDCKII cells at 7 concentrations from 0.014 μM to 10 μM.MDCKII cells were maintained in minimal essential medium (MEM) with 1% Pen/Strep, 10% fetal bovine serum, and 0.25 mg/mL hygromycin B in an incubator set at 37° C., 90% humidity and 5% CO2. 24 hours prior to assay, media containing 5 mM sodium butyrate were added to MDCKII cells in flasks, and cells were grown to 80-90% confluence. On assay day, cells were trypsinized and resuspended in Krebs-Henseleit Buffer (KHB), pH 7.4 at 5×10 million cells/mL. Cells were preincubated for 15 min in assay plate before addition of test compound or substrate.","B","BAO_0000219","cell-based format","Homo sapiens","None","None","None","None","","","","CHEMBL1743122","Solute carrier family 22 member 2","Homo sapiens","SINGLE PROTEIN","CHEMBL5729543","37","BindingDB Patent Bioactivity Data","","2023","None","","","","3830.0"
"CHEMBL5991232","","None","445.42","0","2.06","BDBM330042","C[C@@H](NC(=O)c1cn2c(c(O)c1=O)C(=O)N1[C@@H]3CC[C@@H](C3)O[C@H]1C2)c1ccc(F)cc1F","IC50","'='","10000.0","nM","5.00","","1242610","UO_0000065","11.23","0.21","2.94","4.96","1","CHEMBL5738940","OCT2 Inhibition Assay: The dose dependent inhibition of OCT2 mediated uptake of a model substrate 14C-Tetraethylammonium (TEA) by test compounds was studied in wild-type and OCT2-transfected MDCKII cells at 7 concentrations from 0.014 μM to 10 μM.MDCKII cells were maintained in minimal essential medium (MEM) with 1% Pen/Strep, 10% fetal bovine serum, and 0.25 mg/mL hygromycin B in an incubator set at 37° C., 90% humidity and 5% CO2. 24 hours prior to assay, media containing 5 mM sodium butyrate were added to MDCKII cells in flasks, and cells were grown to 80-90% confluence. On assay day, cells were trypsinized and resuspended in Krebs-Henseleit Buffer (KHB), pH 7.4 at 5×10 million cells/mL. Cells were preincubated for 15 min in assay plate before addition of test compound or substrate.","B","BAO_0000219","cell-based format","Homo sapiens","None","None","None","None","","","","CHEMBL1743122","Solute carrier family 22 member 2","Homo sapiens","SINGLE PROTEIN","CHEMBL5729543","37","BindingDB Patent Bioactivity Data","","2023","None","","","","10000.0"
"CHEMBL6161464","","None","384.44","0","4.49","15","CC(C(=O)Nc1ccccc1)n1nc(C(=O)Nc2ccccc2)c2ccccc21","IC50","'='","43900.0","nM","4.36","","","UO_0000065","11.33","0.21","-0.13","5.73","0","CHEMBL6109880","Inhibition of OCT2 (unknown origin) expressed in HEK293 cells assessed as inhibition of ASP+ uptake incubated for 5 mins by fluorescence based analysis","B","BAO_0000219","cell-based format","Homo sapiens","None","None","HEK293","None","","","","CHEMBL1743122","Solute carrier family 22 member 2","Homo sapiens","SINGLE PROTEIN","CHEMBL6109064","1","Scientific Literature","Eur J Med Chem","2025","None","TIME = 0.08333 hr","INHIBITOR","","43.9"
"CHEMBL6161472","","None","474.37","1","5.05","68","CS(=O)(=O)c1ccc(-c2nn(CC(=O)Nc3ccc(Cl)c(Cl)c3)c3ccccc23)cc1","IC50","'='","56800.0","nM","4.25","","","UO_0000065","8.95","0.19","-0.80","5.24","0","CHEMBL6109880","Inhibition of OCT2 (unknown origin) expressed in HEK293 cells assessed as inhibition of ASP+ uptake incubated for 5 mins by fluorescence based analysis","B","BAO_0000219","cell-based format","Homo sapiens","None","None","HEK293","None","","","","CHEMBL1743122","Solute carrier family 22 member 2","Homo sapiens","SINGLE PROTEIN","CHEMBL6109064","1","Scientific Literature","Eur J Med Chem","2025","None","TIME = 0.08333 hr","INHIBITOR","","56.8"
"CHEMBL5998444","","None","499.39","0","2.60","BDBM330044","O=C(N[C@@H](c1ccc(F)cc1F)C(F)(F)F)c1cn2c(c(O)c1=O)C(=O)N1C(C2)O[C@H]2CC[C@@H]1C2","IC50","'='","10000.0","nM","5.00","","1242612","UO_0000065","10.01","0.20","2.40","4.96","1","CHEMBL5738940","OCT2 Inhibition Assay: The dose dependent inhibition of OCT2 mediated uptake of a model substrate 14C-Tetraethylammonium (TEA) by test compounds was studied in wild-type and OCT2-transfected MDCKII cells at 7 concentrations from 0.014 μM to 10 μM.MDCKII cells were maintained in minimal essential medium (MEM) with 1% Pen/Strep, 10% fetal bovine serum, and 0.25 mg/mL hygromycin B in an incubator set at 37° C., 90% humidity and 5% CO2. 24 hours prior to assay, media containing 5 mM sodium butyrate were added to MDCKII cells in flasks, and cells were grown to 80-90% confluence. On assay day, cells were trypsinized and resuspended in Krebs-Henseleit Buffer (KHB), pH 7.4 at 5×10 million cells/mL. Cells were preincubated for 15 min in assay plate before addition of test compound or substrate.","B","BAO_0000219","cell-based format","Homo sapiens","None","None","None","None","","","","CHEMBL1743122","Solute carrier family 22 member 2","Homo sapiens","SINGLE PROTEIN","CHEMBL5729543","37","BindingDB Patent Bioactivity Data","","2023","None","","","","10000.0"
"CHEMBL6172851","","None","414.47","0","4.50","18","COc1ccc(NC(=O)C(C)n2nc(C(=O)Nc3ccccc3)c3ccccc32)cc1","IC50","'='","118000.0","nM","","Outside typical range","","UO_0000065","","","","","0","CHEMBL6109880","Inhibition of OCT2 (unknown origin) expressed in HEK293 cells assessed as inhibition of ASP+ uptake incubated for 5 mins by fluorescence based analysis","B","BAO_0000219","cell-based format","Homo sapiens","None","None","HEK293","None","","","","CHEMBL1743122","Solute carrier family 22 member 2","Homo sapiens","SINGLE PROTEIN","CHEMBL6109064","1","Scientific Literature","Eur J Med Chem","2025","None","TIME = 0.08333 hr","INHIBITOR","","118.0"
"CHEMBL5882513","","None","445.42","0","2.06","BDBM330043","C[C@H](NC(=O)c1cn2c(c(O)c1=O)C(=O)N1[C@@H]3CC[C@@H](C3)O[C@H]1C2)c1ccc(F)cc1F","IC50","'='","610.0","nM","6.21","","1242611","UO_0000065","13.95","0.27","4.15","6.16","1","CHEMBL5738940","OCT2 Inhibition Assay: The dose dependent inhibition of OCT2 mediated uptake of a model substrate 14C-Tetraethylammonium (TEA) by test compounds was studied in wild-type and OCT2-transfected MDCKII cells at 7 concentrations from 0.014 μM to 10 μM.MDCKII cells were maintained in minimal essential medium (MEM) with 1% Pen/Strep, 10% fetal bovine serum, and 0.25 mg/mL hygromycin B in an incubator set at 37° C., 90% humidity and 5% CO2. 24 hours prior to assay, media containing 5 mM sodium butyrate were added to MDCKII cells in flasks, and cells were grown to 80-90% confluence. On assay day, cells were trypsinized and resuspended in Krebs-Henseleit Buffer (KHB), pH 7.4 at 5×10 million cells/mL. Cells were preincubated for 15 min in assay plate before addition of test compound or substrate.","B","BAO_0000219","cell-based format","Homo sapiens","None","None","None","None","","","","CHEMBL1743122","Solute carrier family 22 member 2","Homo sapiens","SINGLE PROTEIN","CHEMBL5729543","37","BindingDB Patent Bioactivity Data","","2023","None","","","","610.0"
"CHEMBL5883252","","None","415.40","0","1.77","BDBM330050","O=C(NCc1ccc(F)cc1F)c1cn2c(c(O)c1=O)C(=O)N1[C@H]3CC[C@H](C3)[C@@H]1C2","IC50","'='","6200.0","nM","5.21","","1242618","UO_0000065","12.54","0.24","3.44","5.68","1","CHEMBL5738940","OCT2 Inhibition Assay: The dose dependent inhibition of OCT2 mediated uptake of a model substrate 14C-Tetraethylammonium (TEA) by test compounds was studied in wild-type and OCT2-transfected MDCKII cells at 7 concentrations from 0.014 μM to 10 μM.MDCKII cells were maintained in minimal essential medium (MEM) with 1% Pen/Strep, 10% fetal bovine serum, and 0.25 mg/mL hygromycin B in an incubator set at 37° C., 90% humidity and 5% CO2. 24 hours prior to assay, media containing 5 mM sodium butyrate were added to MDCKII cells in flasks, and cells were grown to 80-90% confluence. On assay day, cells were trypsinized and resuspended in Krebs-Henseleit Buffer (KHB), pH 7.4 at 5×10 million cells/mL. Cells were preincubated for 15 min in assay plate before addition of test compound or substrate.","B","BAO_0000219","cell-based format","Homo sapiens","None","None","None","None","","","","CHEMBL1743122","Solute carrier family 22 member 2","Homo sapiens","SINGLE PROTEIN","CHEMBL5729543","37","BindingDB Patent Bioactivity Data","","2023","None","","","","6200.0"
"CHEMBL5866580","","None","415.40","0","1.77","BDBM335493","O=C(NCc1ccc(F)cc1F)c1cn2c(c(O)c1=O)C(=O)N1[C@@H]3CC[C@@H](C3)[C@@H]1C2","IC50","'='","4909.0","nM","5.31","","1242619","UO_0000065","12.78","0.24","3.54","5.79","1","CHEMBL5738940","OCT2 Inhibition Assay: The dose dependent inhibition of OCT2 mediated uptake of a model substrate 14C-Tetraethylammonium (TEA) by test compounds was studied in wild-type and OCT2-transfected MDCKII cells at 7 concentrations from 0.014 μM to 10 μM.MDCKII cells were maintained in minimal essential medium (MEM) with 1% Pen/Strep, 10% fetal bovine serum, and 0.25 mg/mL hygromycin B in an incubator set at 37° C., 90% humidity and 5% CO2. 24 hours prior to assay, media containing 5 mM sodium butyrate were added to MDCKII cells in flasks, and cells were grown to 80-90% confluence. On assay day, cells were trypsinized and resuspended in Krebs-Henseleit Buffer (KHB), pH 7.4 at 5×10 million cells/mL. Cells were preincubated for 15 min in assay plate before addition of test compound or substrate.","B","BAO_0000219","cell-based format","Homo sapiens","None","None","None","None","","","","CHEMBL1743122","Solute carrier family 22 member 2","Homo sapiens","SINGLE PROTEIN","CHEMBL5729543","37","BindingDB Patent Bioactivity Data","","2023","None","","","","4909.0"
"CHEMBL5977043","","None","419.36","0","1.52","BDBM589186","O=C(NCc1c(F)cc(F)cc1F)c1cn2c(c(O)c1=O)C(=O)N1C3CC(C3)C1C2","IC50","'='","1357.0","nM","5.87","","1242626","UO_0000065","13.99","0.27","4.35","6.40","0","CHEMBL5738940","OCT2 Inhibition Assay: The dose dependent inhibition of OCT2 mediated uptake of a model substrate 14C-Tetraethylammonium (TEA) by test compounds was studied in wild-type and OCT2-transfected MDCKII cells at 7 concentrations from 0.014 μM to 10 μM.MDCKII cells were maintained in minimal essential medium (MEM) with 1% Pen/Strep, 10% fetal bovine serum, and 0.25 mg/mL hygromycin B in an incubator set at 37° C., 90% humidity and 5% CO2. 24 hours prior to assay, media containing 5 mM sodium butyrate were added to MDCKII cells in flasks, and cells were grown to 80-90% confluence. On assay day, cells were trypsinized and resuspended in Krebs-Henseleit Buffer (KHB), pH 7.4 at 5×10 million cells/mL. Cells were preincubated for 15 min in assay plate before addition of test compound or substrate.","B","BAO_0000219","cell-based format","Homo sapiens","None","None","None","None","","","","CHEMBL1743122","Solute carrier family 22 member 2","Homo sapiens","SINGLE PROTEIN","CHEMBL5729543","37","BindingDB Patent Bioactivity Data","","2023","None","","","","1357.0"
"CHEMBL5819083","","None","431.40","0","1.50","BDBM330039","O=C(NCc1ccc(F)cc1F)c1cn2c(c(O)c1=O)C(=O)N1[C@H]3CC[C@H](C3)O[C@@H]1C2","IC50","'='","240.0","nM","6.62","","1242607","UO_0000065","15.34","0.29","5.12","6.56","1","CHEMBL5738940","OCT2 Inhibition Assay: The dose dependent inhibition of OCT2 mediated uptake of a model substrate 14C-Tetraethylammonium (TEA) by test compounds was studied in wild-type and OCT2-transfected MDCKII cells at 7 concentrations from 0.014 μM to 10 μM.MDCKII cells were maintained in minimal essential medium (MEM) with 1% Pen/Strep, 10% fetal bovine serum, and 0.25 mg/mL hygromycin B in an incubator set at 37° C., 90% humidity and 5% CO2. 24 hours prior to assay, media containing 5 mM sodium butyrate were added to MDCKII cells in flasks, and cells were grown to 80-90% confluence. On assay day, cells were trypsinized and resuspended in Krebs-Henseleit Buffer (KHB), pH 7.4 at 5×10 million cells/mL. Cells were preincubated for 15 min in assay plate before addition of test compound or substrate.","B","BAO_0000219","cell-based format","Homo sapiens","None","None","None","None","","","","CHEMBL1743122","Solute carrier family 22 member 2","Homo sapiens","SINGLE PROTEIN","CHEMBL5729543","37","BindingDB Patent Bioactivity Data","","2023","None","","","","240.0"
"CHEMBL5962549","","None","449.39","0","1.63","BDBM589177","O=C(NCc1c(F)cc(F)cc1F)c1cn2c(c(O)c1=O)C(=O)N1[C@@H]3CC[C@@H](C3)O[C@H]1C2","IC50","'='","137.0","nM","6.86","","1242617","UO_0000065","15.27","0.29","5.23","6.80","0","CHEMBL5738940","OCT2 Inhibition Assay: The dose dependent inhibition of OCT2 mediated uptake of a model substrate 14C-Tetraethylammonium (TEA) by test compounds was studied in wild-type and OCT2-transfected MDCKII cells at 7 concentrations from 0.014 μM to 10 μM.MDCKII cells were maintained in minimal essential medium (MEM) with 1% Pen/Strep, 10% fetal bovine serum, and 0.25 mg/mL hygromycin B in an incubator set at 37° C., 90% humidity and 5% CO2. 24 hours prior to assay, media containing 5 mM sodium butyrate were added to MDCKII cells in flasks, and cells were grown to 80-90% confluence. On assay day, cells were trypsinized and resuspended in Krebs-Henseleit Buffer (KHB), pH 7.4 at 5×10 million cells/mL. Cells were preincubated for 15 min in assay plate before addition of test compound or substrate.","B","BAO_0000219","cell-based format","Homo sapiens","None","None","None","None","","","","CHEMBL1743122","Solute carrier family 22 member 2","Homo sapiens","SINGLE PROTEIN","CHEMBL5729543","37","BindingDB Patent Bioactivity Data","","2023","None","","","","137.0"
"CHEMBL5792941","","None","433.39","0","1.91","BDBM330052","O=C(NCc1c(F)cc(F)cc1F)c1cn2c(c(O)c1=O)C(=O)N1[C@H]3CC[C@H](C3)[C@H]1C2","IC50","'='","476.0","nM","6.32","","1242620","UO_0000065","14.59","0.28","4.41","6.90","1","CHEMBL5738940","OCT2 Inhibition Assay: The dose dependent inhibition of OCT2 mediated uptake of a model substrate 14C-Tetraethylammonium (TEA) by test compounds was studied in wild-type and OCT2-transfected MDCKII cells at 7 concentrations from 0.014 μM to 10 μM.MDCKII cells were maintained in minimal essential medium (MEM) with 1% Pen/Strep, 10% fetal bovine serum, and 0.25 mg/mL hygromycin B in an incubator set at 37° C., 90% humidity and 5% CO2. 24 hours prior to assay, media containing 5 mM sodium butyrate were added to MDCKII cells in flasks, and cells were grown to 80-90% confluence. On assay day, cells were trypsinized and resuspended in Krebs-Henseleit Buffer (KHB), pH 7.4 at 5×10 million cells/mL. Cells were preincubated for 15 min in assay plate before addition of test compound or substrate.","B","BAO_0000219","cell-based format","Homo sapiens","None","None","None","None","","","","CHEMBL1743122","Solute carrier family 22 member 2","Homo sapiens","SINGLE PROTEIN","CHEMBL5729543","37","BindingDB Patent Bioactivity Data","","2023","None","","","","476.0"
"CHEMBL6150561","","None","398.47","0","4.80","16","Cc1ccccc1NC(=O)C(C)n1nc(C(=O)Nc2ccccc2)c2ccccc21","IC50","'='","51300.0","nM","4.29","","","UO_0000065","10.77","0.20","-0.51","5.64","0","CHEMBL6109880","Inhibition of OCT2 (unknown origin) expressed in HEK293 cells assessed as inhibition of ASP+ uptake incubated for 5 mins by fluorescence based analysis","B","BAO_0000219","cell-based format","Homo sapiens","None","None","HEK293","None","","","","CHEMBL1743122","Solute carrier family 22 member 2","Homo sapiens","SINGLE PROTEIN","CHEMBL6109064","1","Scientific Literature","Eur J Med Chem","2025","None","TIME = 0.08333 hr","INHIBITOR","","51.3"
"CHEMBL6143249","","None","356.30","0","4.83","6, PF-07328948","COc1c(F)c(F)cc(-c2c(C(=O)O)sc3cc(F)ccc23)c1F","IC50","'>'","80000.0","nM","","","","UO_0000065","","","","","0","CHEMBL6123653","Inhibition of human OCT2 expressed in HEK293 cells using [14C]metformin as substrate preincubated for 30 mins followed by substrate addition and measured after 1 to 4 mins","B","BAO_0000219","cell-based format","Homo sapiens","None","None","HEK293","None","","","","CHEMBL1743122","Solute carrier family 22 member 2","Homo sapiens","SINGLE PROTEIN","CHEMBL6120980","1","Scientific Literature","J Med Chem","2025","None","TIME_Lower = 31.0 min | TIME_Upper = 34.0 min","","","80.0"
"CHEMBL5830493","","None","445.42","0","1.74","BDBM335488","CC1C[C@H]2C[C@@H]1O[C@@H]1Cn3cc(C(=O)NCc4ccc(F)cc4F)c(=O)c(O)c3C(=O)N21","IC50","'='","204.0","nM","6.69","","1242614","UO_0000065","15.02","0.29","4.95","6.63","1","CHEMBL5738940","OCT2 Inhibition Assay: The dose dependent inhibition of OCT2 mediated uptake of a model substrate 14C-Tetraethylammonium (TEA) by test compounds was studied in wild-type and OCT2-transfected MDCKII cells at 7 concentrations from 0.014 μM to 10 μM.MDCKII cells were maintained in minimal essential medium (MEM) with 1% Pen/Strep, 10% fetal bovine serum, and 0.25 mg/mL hygromycin B in an incubator set at 37° C., 90% humidity and 5% CO2. 24 hours prior to assay, media containing 5 mM sodium butyrate were added to MDCKII cells in flasks, and cells were grown to 80-90% confluence. On assay day, cells were trypsinized and resuspended in Krebs-Henseleit Buffer (KHB), pH 7.4 at 5×10 million cells/mL. Cells were preincubated for 15 min in assay plate before addition of test compound or substrate.","B","BAO_0000219","cell-based format","Homo sapiens","None","None","None","None","","","","CHEMBL1743122","Solute carrier family 22 member 2","Homo sapiens","SINGLE PROTEIN","CHEMBL5729543","37","BindingDB Patent Bioactivity Data","","2023","None","","","","204.0"
"CHEMBL5758649","","None","469.37","0","2.15","BDBM330059","O=C(NCc1c(F)cc(F)cc1F)c1cn2c(c(O)c1=O)C(=O)N1[C@@H](C2)[C@H]2C[C@@H]1C(F)(F)C2","IC50","'='","3726.0","nM","5.43","","1242627","UO_0000065","11.57","0.22","3.28","5.92","1","CHEMBL5738940","OCT2 Inhibition Assay: The dose dependent inhibition of OCT2 mediated uptake of a model substrate 14C-Tetraethylammonium (TEA) by test compounds was studied in wild-type and OCT2-transfected MDCKII cells at 7 concentrations from 0.014 μM to 10 μM.MDCKII cells were maintained in minimal essential medium (MEM) with 1% Pen/Strep, 10% fetal bovine serum, and 0.25 mg/mL hygromycin B in an incubator set at 37° C., 90% humidity and 5% CO2. 24 hours prior to assay, media containing 5 mM sodium butyrate were added to MDCKII cells in flasks, and cells were grown to 80-90% confluence. On assay day, cells were trypsinized and resuspended in Krebs-Henseleit Buffer (KHB), pH 7.4 at 5×10 million cells/mL. Cells were preincubated for 15 min in assay plate before addition of test compound or substrate.","B","BAO_0000219","cell-based format","Homo sapiens","None","None","None","None","","","","CHEMBL1743122","Solute carrier family 22 member 2","Homo sapiens","SINGLE PROTEIN","CHEMBL5729543","37","BindingDB Patent Bioactivity Data","","2023","None","","","","3726.0"
"CHEMBL6151074","","None","402.43","0","4.63","19","CC(C(=O)Nc1ccc(F)cc1)n1nc(C(=O)Nc2ccccc2)c2ccccc21","IC50","'='","66000.0","nM","4.18","","","UO_0000065","10.39","0.19","-0.45","5.50","0","CHEMBL6109880","Inhibition of OCT2 (unknown origin) expressed in HEK293 cells assessed as inhibition of ASP+ uptake incubated for 5 mins by fluorescence based analysis","B","BAO_0000219","cell-based format","Homo sapiens","None","None","HEK293","None","","","","CHEMBL1743122","Solute carrier family 22 member 2","Homo sapiens","SINGLE PROTEIN","CHEMBL6109064","1","Scientific Literature","Eur J Med Chem","2025","None","TIME = 0.08333 hr","INHIBITOR","","66.0"
"CHEMBL6171119","","None","405.85","0","3.98","57","O=C(Cn1nc(C(=O)Nc2cccnc2)c2ccccc21)Nc1ccc(Cl)cc1","IC50","'='","60100.0","nM","4.22","","","UO_0000065","10.40","0.20","0.24","4.75","0","CHEMBL6109880","Inhibition of OCT2 (unknown origin) expressed in HEK293 cells assessed as inhibition of ASP+ uptake incubated for 5 mins by fluorescence based analysis","B","BAO_0000219","cell-based format","Homo sapiens","None","None","HEK293","None","","","","CHEMBL1743122","Solute carrier family 22 member 2","Homo sapiens","SINGLE PROTEIN","CHEMBL6109064","1","Scientific Literature","Eur J Med Chem","2025","None","TIME = 0.08333 hr","INHIBITOR","","60.1"
"CHEMBL6162249","","None","430.46","0","3.94","31","COc1cccc(NC(=O)c2nn(CC(=O)Nc3ccccc3OC)c3ccccc23)c1","IC50","'='","11800.0","nM","4.93","","","UO_0000065","11.45","0.21","0.99","5.22","0","CHEMBL6109880","Inhibition of OCT2 (unknown origin) expressed in HEK293 cells assessed as inhibition of ASP+ uptake incubated for 5 mins by fluorescence based analysis","B","BAO_0000219","cell-based format","Homo sapiens","None","None","HEK293","None","","","","CHEMBL1743122","Solute carrier family 22 member 2","Homo sapiens","SINGLE PROTEIN","CHEMBL6109064","1","Scientific Literature","Eur J Med Chem","2025","None","TIME = 0.08333 hr","INHIBITOR","","11.8"
